Slot,Action,Dataset,Server
1,ADD,4,5
1,ADD,4,8
1,REMOVE,0,4
1,REMOVE,0,8
1,REMOVE,1,5
1,REMOVE,1,7
2,ADD,2,3
2,ADD,5,7
2,REMOVE,2,5
2,REMOVE,2,8
2,REMOVE,3,5
2,REMOVE,3,6
2,REMOVE,3,8
2,REMOVE,4,5
2,REMOVE,4,7
2,REMOVE,4,8
2,REMOVE,4,9
2,REMOVE,5,0
2,REMOVE,5,1
2,REMOVE,5,8
2,REMOVE,6,8
2,REMOVE,7,0
2,REMOVE,7,3
2,REMOVE,7,5
2,REMOVE,7,6
2,REMOVE,8,3
2,REMOVE,8,4
2,REMOVE,8,5
2,REMOVE,8,8
2,REMOVE,9,0
2,REMOVE,9,7
2,REMOVE,9,8
3,ADD,2,9
3,ADD,4,3
3,ADD,4,9
3,REMOVE,2,7
3,REMOVE,5,7
3,REMOVE,5,9
3,REMOVE,7,4
4,ADD,2,1
4,ADD,4,1
4,REMOVE,2,3
4,REMOVE,4,3
5,ADD,2,4
5,ADD,2,8
5,ADD,5,4
5,ADD,5,8
5,ADD,6,3
5,ADD,6,9
5,REMOVE,2,1
5,REMOVE,2,9
5,REMOVE,4,1
5,REMOVE,4,9
6,ADD,4,7
6,ADD,4,9
6,REMOVE,5,4
6,REMOVE,5,8
6,REMOVE,6,3
6,REMOVE,6,9
7,ADD,4,4
7,ADD,4,8
7,REMOVE,2,4
7,REMOVE,2,8
7,REMOVE,4,7
7,REMOVE,4,9
8,ADD,6,5
8,ADD,6,8
8,REMOVE,4,4
8,REMOVE,4,8
9,ADD,4,7
9,ADD,4,8
9,REMOVE,6,5
9,REMOVE,6,8
10,ADD,3,7
10,ADD,3,8
10,ADD,4,3
10,ADD,4,9
10,REMOVE,4,7
10,REMOVE,4,8
11,ADD,4,8
11,ADD,5,6
11,ADD,5,9
11,REMOVE,3,7
11,REMOVE,3,8
11,REMOVE,4,3
12,ADD,4,3
12,REMOVE,4,8
12,REMOVE,5,6
12,REMOVE,5,9
13,ADD,3,7
13,ADD,3,8
13,ADD,4,0
13,ADD,4,7
13,ADD,5,7
13,ADD,5,8
13,REMOVE,4,3
13,REMOVE,4,9
14,ADD,2,2
14,ADD,2,7
14,ADD,4,5
14,ADD,4,8
14,REMOVE,3,7
14,REMOVE,3,8
14,REMOVE,4,0
14,REMOVE,4,7
14,REMOVE,5,7
14,REMOVE,5,8
15,ADD,2,6
15,ADD,2,9
15,ADD,4,9
15,ADD,5,1
15,ADD,5,9
15,REMOVE,2,2
15,REMOVE,2,7
15,REMOVE,4,5
16,ADD,2,2
16,ADD,2,7
16,ADD,4,5
16,REMOVE,2,6
16,REMOVE,2,9
16,REMOVE,4,9
16,REMOVE,5,1
16,REMOVE,5,9
17,ADD,4,3
17,ADD,4,9
17,REMOVE,2,2
17,REMOVE,2,7
17,REMOVE,4,5
17,REMOVE,4,8
18,ADD,4,4
18,ADD,4,8
18,REMOVE,4,3
18,REMOVE,4,9
19,ADD,5,2
19,ADD,5,9
19,REMOVE,4,4
19,REMOVE,4,8
20,ADD,4,0
20,ADD,4,7
20,ADD,6,7
20,ADD,6,9
20,REMOVE,5,2
20,REMOVE,5,9
21,ADD,2,7
21,ADD,2,9
21,ADD,4,4
21,ADD,4,8
21,REMOVE,4,0
21,REMOVE,4,7
21,REMOVE,6,7
21,REMOVE,6,9
22,ADD,4,2
22,ADD,4,7
22,REMOVE,2,7
22,REMOVE,2,9
22,REMOVE,4,4
22,REMOVE,4,8
23,ADD,4,9
23,REMOVE,4,2
24,ADD,5,7
24,ADD,5,9
24,ADD,6,3
24,ADD,6,9
24,REMOVE,4,7
24,REMOVE,4,9
25,ADD,4,2
25,ADD,4,9
25,ADD,5,8
25,ADD,6,1
25,REMOVE,5,7
25,REMOVE,6,3
26,ADD,4,5
26,ADD,4,8
26,REMOVE,4,2
26,REMOVE,5,8
26,REMOVE,5,9
26,REMOVE,6,1
26,REMOVE,6,9
27,ADD,4,6
27,ADD,4,7
27,ADD,5,4
27,ADD,5,8
27,REMOVE,4,5
27,REMOVE,4,8
27,REMOVE,4,9
28,ADD,4,9
28,ADD,6,2
28,ADD,6,9
28,REMOVE,4,6
28,REMOVE,5,4
28,REMOVE,5,8
29,ADD,2,0
29,ADD,2,1
29,ADD,2,7
29,ADD,4,3
29,ADD,5,5
29,ADD,5,8
29,ADD,6,6
29,REMOVE,4,7
29,REMOVE,6,2
30,ADD,4,4
30,ADD,4,8
30,ADD,6,8
30,REMOVE,2,0
30,REMOVE,2,1
30,REMOVE,2,7
30,REMOVE,4,3
31,ADD,4,0
31,ADD,4,5
31,ADD,6,7
31,REMOVE,4,4
31,REMOVE,4,8
31,REMOVE,4,9
31,REMOVE,5,5
31,REMOVE,5,8
31,REMOVE,6,6
31,REMOVE,6,9
32,ADD,3,6
32,ADD,3,9
32,ADD,4,6
32,ADD,4,8
32,ADD,5,1
32,ADD,5,9
32,REMOVE,4,0
32,REMOVE,4,5
32,REMOVE,6,7
32,REMOVE,6,8
33,ADD,4,7
33,ADD,5,7
33,ADD,6,1
33,ADD,6,5
33,ADD,6,7
33,REMOVE,3,6
33,REMOVE,3,9
33,REMOVE,4,6
33,REMOVE,5,1
34,ADD,4,4
34,REMOVE,4,7
34,REMOVE,5,7
34,REMOVE,5,9
34,REMOVE,6,1
34,REMOVE,6,5
34,REMOVE,6,7
35,ADD,4,1
35,ADD,4,9
35,ADD,6,2
35,ADD,6,7
35,REMOVE,4,4
35,REMOVE,4,8
36,ADD,3,7
36,ADD,3,8
36,ADD,4,2
36,ADD,4,7
36,ADD,5,3
36,ADD,5,9
36,ADD,6,1
36,ADD,6,5
36,REMOVE,4,1
36,REMOVE,4,9
36,REMOVE,6,2
37,ADD,4,1
37,ADD,4,9
37,ADD,6,9
37,REMOVE,3,7
37,REMOVE,3,8
37,REMOVE,4,2
37,REMOVE,4,7
37,REMOVE,5,3
37,REMOVE,5,9
37,REMOVE,6,1
38,ADD,4,6
38,REMOVE,4,1
38,REMOVE,6,5
39,ADD,4,7
39,ADD,6,4
39,ADD,6,8
39,REMOVE,4,6
39,REMOVE,6,7
39,REMOVE,6,9
40,ADD,2,2
40,ADD,2,7
40,ADD,4,6
40,ADD,4,8
40,REMOVE,4,7
40,REMOVE,4,9
40,REMOVE,6,4
40,REMOVE,6,8
41,ADD,2,1
41,ADD,2,9
41,ADD,4,7
41,ADD,5,4
41,ADD,5,8
41,ADD,6,6
41,ADD,6,9
41,REMOVE,2,2
41,REMOVE,2,7
41,REMOVE,4,6
42,ADD,4,0
42,ADD,4,2
42,ADD,6,2
42,REMOVE,2,1
42,REMOVE,2,9
42,REMOVE,4,8
42,REMOVE,6,6
43,ADD,4,6
43,ADD,4,9
43,ADD,6,7
43,REMOVE,4,0
43,REMOVE,4,2
43,REMOVE,4,7
43,REMOVE,5,4
43,REMOVE,5,8
43,REMOVE,6,2
44,ADD,4,2
44,REMOVE,4,6
44,REMOVE,6,7
44,REMOVE,6,9
45,ADD,4,8
45,REMOVE,4,9
46,ADD,4,7
46,ADD,6,2
46,ADD,6,9
47,ADD,3,4
47,ADD,3,8
47,ADD,5,1
47,ADD,5,9
47,ADD,6,5
47,ADD,6,8
47,REMOVE,4,2
47,REMOVE,6,2
48,ADD,4,6
48,REMOVE,3,4
48,REMOVE,3,8
48,REMOVE,4,7
48,REMOVE,5,1
48,REMOVE,5,9
48,REMOVE,6,5
48,REMOVE,6,8
48,REMOVE,6,9
49,ADD,4,2
49,ADD,4,7
49,REMOVE,4,6
49,REMOVE,4,8
50,ADD,4,9
50,ADD,6,2
50,ADD,6,9
50,REMOVE,4,2
51,ADD,4,5
51,ADD,5,6
51,ADD,5,9
51,REMOVE,6,2
51,REMOVE,6,9
52,ADD,1,5
52,ADD,1,7
52,ADD,1,9
52,ADD,4,2
52,ADD,4,8
52,REMOVE,4,5
52,REMOVE,4,9
53,ADD,4,5
53,ADD,5,5
53,ADD,5,7
53,ADD,6,1
53,ADD,6,9
53,REMOVE,1,5
53,REMOVE,1,7
53,REMOVE,1,9
53,REMOVE,4,2
53,REMOVE,4,7
53,REMOVE,5,6
54,ADD,4,2
54,ADD,4,9
54,REMOVE,4,5
54,REMOVE,4,8
54,REMOVE,5,5
54,REMOVE,5,7
54,REMOVE,5,9
54,REMOVE,6,1
54,REMOVE,6,9
55,ADD,3,7
55,ADD,3,9
55,ADD,4,7
55,ADD,4,8
55,ADD,6,1
55,ADD,6,9
55,REMOVE,4,2
56,ADD,1,1
56,ADD,1,9
56,ADD,3,4
56,ADD,3,8
56,ADD,6,2
56,REMOVE,3,7
56,REMOVE,3,9
56,REMOVE,4,8
56,REMOVE,6,1
57,ADD,2,1
57,ADD,2,9
57,ADD,5,7
57,ADD,5,9
57,ADD,6,8
57,REMOVE,1,1
57,REMOVE,1,9
57,REMOVE,3,4
57,REMOVE,3,8
58,ADD,2,6
58,ADD,2,7
58,ADD,4,2
58,ADD,5,1
58,ADD,6,0
58,ADD,6,7
58,REMOVE,2,9
58,REMOVE,4,7
58,REMOVE,5,7
58,REMOVE,6,2
58,REMOVE,6,8
58,REMOVE,6,9
59,ADD,3,2
59,ADD,3,9
59,ADD,4,3
59,ADD,4,8
59,ADD,5,4
59,ADD,5,8
59,REMOVE,2,1
59,REMOVE,2,6
59,REMOVE,2,7
59,REMOVE,4,2
59,REMOVE,4,9
59,REMOVE,5,1
59,REMOVE,5,9
59,REMOVE,6,0
59,REMOVE,6,7
60,ADD,3,1
60,ADD,4,1
60,ADD,4,9
60,ADD,5,5
60,REMOVE,3,2
60,REMOVE,4,3
60,REMOVE,4,8
60,REMOVE,5,4
61,ADD,3,7
61,ADD,5,2
61,ADD,5,9
61,REMOVE,3,1
61,REMOVE,4,1
61,REMOVE,4,9
61,REMOVE,5,5
61,REMOVE,5,8
62,ADD,4,4
62,ADD,4,8
62,REMOVE,3,7
62,REMOVE,3,9
62,REMOVE,5,2
62,REMOVE,5,9
63,ADD,2,4
63,ADD,2,8
63,ADD,3,8
63,ADD,3,9
63,ADD,5,2
63,ADD,5,9
63,REMOVE,4,4
63,REMOVE,4,8
64,ADD,4,4
64,ADD,4,8
64,ADD,6,7
64,ADD,6,9
64,REMOVE,3,8
64,REMOVE,3,9
65,ADD,0,3
65,ADD,0,9
65,ADD,2,2
65,ADD,2,6
65,ADD,4,6
65,REMOVE,2,4
65,REMOVE,4,4
65,REMOVE,5,2
65,REMOVE,5,9
65,REMOVE,6,7
65,REMOVE,6,9
66,ADD,0,0
66,ADD,0,2
66,ADD,0,7
66,ADD,1,2
66,ADD,1,9
66,ADD,2,7
66,REMOVE,0,3
66,REMOVE,0,9
66,REMOVE,2,6
66,REMOVE,2,8
66,REMOVE,4,6
66,REMOVE,4,8
67,ADD,0,1
67,ADD,1,7
67,ADD,1,8
67,ADD,2,4
67,REMOVE,0,2
67,REMOVE,1,9
67,REMOVE,2,2
68,ADD,1,6
68,ADD,2,9
68,ADD,4,7
68,ADD,4,9
68,REMOVE,0,0
68,REMOVE,0,1
68,REMOVE,0,7
68,REMOVE,1,2
68,REMOVE,1,8
68,REMOVE,2,4
69,ADD,1,2
69,ADD,1,9
69,ADD,2,8
69,REMOVE,1,6
69,REMOVE,2,9
69,REMOVE,4,7
69,REMOVE,4,9
70,ADD,2,1
70,ADD,2,3
70,ADD,2,5
70,ADD,3,0
70,ADD,3,7
70,ADD,4,1
70,ADD,4,3
70,ADD,5,0
70,ADD,5,2
70,REMOVE,1,9
70,REMOVE,2,7
70,REMOVE,2,8
71,ADD,2,0
71,ADD,2,7
71,ADD,3,4
71,ADD,3,8
71,REMOVE,1,2
71,REMOVE,1,7
71,REMOVE,2,1
71,REMOVE,2,3
71,REMOVE,2,5
71,REMOVE,3,0
71,REMOVE,3,7
71,REMOVE,4,1
71,REMOVE,4,3
71,REMOVE,5,0
71,REMOVE,5,2
72,ADD,2,9
72,ADD,3,7
72,ADD,3,9
72,ADD,4,2
72,ADD,4,7
72,ADD,6,4
72,ADD,6,8
72,REMOVE,2,0
72,REMOVE,3,4
72,REMOVE,3,8
73,ADD,4,9
73,REMOVE,2,7
73,REMOVE,2,9
73,REMOVE,3,7
73,REMOVE,3,9
73,REMOVE,4,7
73,REMOVE,6,4
73,REMOVE,6,8
74,ADD,5,1
74,ADD,5,9
74,REMOVE,4,2
74,REMOVE,4,9
75,ADD,4,4
75,ADD,4,8
75,ADD,5,2
75,ADD,5,7
75,REMOVE,5,1
75,REMOVE,5,9
76,REMOVE,5,2
76,REMOVE,5,7
77,ADD,3,1
77,ADD,3,9
77,ADD,4,2
77,ADD,4,3
77,ADD,4,7
77,ADD,6,4
77,ADD,6,8
77,REMOVE,4,4
77,REMOVE,4,8
78,ADD,1,4
78,ADD,1,8
78,ADD,4,9
78,ADD,6,3
78,ADD,6,9
78,REMOVE,3,1
78,REMOVE,3,9
78,REMOVE,4,2
78,REMOVE,4,7
78,REMOVE,6,4
78,REMOVE,6,8
79,ADD,1,2
79,ADD,1,7
79,ADD,2,7
79,ADD,2,8
79,ADD,3,8
79,ADD,3,9
79,ADD,4,1
79,ADD,6,1
79,REMOVE,1,4
79,REMOVE,4,9
79,REMOVE,6,9
80,ADD,1,9
80,ADD,2,2
80,ADD,3,4
80,ADD,4,6
80,ADD,4,8
80,REMOVE,1,2
80,REMOVE,1,8
80,REMOVE,2,7
80,REMOVE,3,9
80,REMOVE,4,1
80,REMOVE,4,3
80,REMOVE,6,1
80,REMOVE,6,3
81,ADD,1,5
81,ADD,1,8
81,ADD,2,9
81,ADD,4,3
81,ADD,4,9
81,ADD,5,3
81,ADD,5,9
81,REMOVE,1,9
81,REMOVE,2,8
81,REMOVE,3,4
81,REMOVE,3,8
81,REMOVE,4,6
81,REMOVE,4,8
82,ADD,1,6
82,ADD,2,6
82,ADD,2,8
82,ADD,5,1
82,REMOVE,1,8
82,REMOVE,2,2
82,REMOVE,2,9
82,REMOVE,4,3
82,REMOVE,4,9
82,REMOVE,5,3
83,ADD,1,2
83,ADD,1,8
83,ADD,4,1
83,ADD,4,9
83,ADD,6,5
83,ADD,6,7
83,ADD,6,9
83,REMOVE,1,5
83,REMOVE,1,6
83,REMOVE,1,7
83,REMOVE,2,6
83,REMOVE,2,8
83,REMOVE,5,1
83,REMOVE,5,9
84,ADD,4,4
84,ADD,4,8
84,REMOVE,1,2
84,REMOVE,1,8
84,REMOVE,4,1
84,REMOVE,4,9
84,REMOVE,6,5
84,REMOVE,6,7
84,REMOVE,6,9
85,ADD,2,2
85,ADD,2,7
85,ADD,4,6
85,ADD,4,9
85,ADD,6,2
85,ADD,6,5
85,REMOVE,4,4
85,REMOVE,4,8
86,ADD,2,8
86,ADD,2,9
86,ADD,4,2
86,ADD,4,7
86,ADD,5,4
86,ADD,5,8
86,REMOVE,2,2
86,REMOVE,2,7
86,REMOVE,4,6
86,REMOVE,4,9
86,REMOVE,6,2
86,REMOVE,6,5
87,ADD,2,4
87,ADD,3,3
87,ADD,3,9
87,ADD,5,7
87,REMOVE,2,9
87,REMOVE,4,2
87,REMOVE,4,7
87,REMOVE,5,4
88,ADD,3,7
88,ADD,4,2
88,ADD,4,8
88,ADD,6,3
88,ADD,6,9
88,REMOVE,2,4
88,REMOVE,2,8
88,REMOVE,3,3
88,REMOVE,5,7
88,REMOVE,5,8
89,ADD,1,2
89,ADD,1,8
89,ADD,4,7
89,ADD,6,7
89,REMOVE,3,7
89,REMOVE,3,9
89,REMOVE,4,2
89,REMOVE,6,3
90,ADD,1,5
90,ADD,2,5
90,ADD,2,6
90,ADD,2,7
90,ADD,3,7
90,ADD,3,9
90,REMOVE,1,2
90,REMOVE,4,7
90,REMOVE,4,8
90,REMOVE,6,7
90,REMOVE,6,9
91,ADD,1,2
91,ADD,1,7
91,ADD,3,3
91,ADD,3,8
91,ADD,4,4
91,ADD,4,8
91,ADD,5,6
91,ADD,5,9
91,REMOVE,1,5
91,REMOVE,2,5
91,REMOVE,2,6
91,REMOVE,2,7
91,REMOVE,3,7
91,REMOVE,3,9
92,ADD,1,1
92,ADD,2,7
92,ADD,2,9
92,ADD,4,0
92,ADD,4,7
92,ADD,5,7
92,ADD,6,6
92,ADD,6,9
92,REMOVE,1,7
92,REMOVE,3,3
92,REMOVE,3,8
92,REMOVE,4,4
92,REMOVE,4,8
92,REMOVE,5,6
93,ADD,1,5
93,ADD,2,1
93,ADD,2,5
93,ADD,3,5
93,ADD,3,8
93,ADD,6,1
93,REMOVE,1,1
93,REMOVE,1,8
93,REMOVE,2,9
93,REMOVE,4,0
93,REMOVE,4,7
93,REMOVE,5,7
93,REMOVE,5,9
93,REMOVE,6,6
94,ADD,1,7
94,ADD,1,9
94,ADD,2,9
94,ADD,4,2
94,ADD,4,9
94,ADD,5,7
94,ADD,5,8
94,REMOVE,1,5
94,REMOVE,2,1
94,REMOVE,2,5
94,REMOVE,3,5
95,ADD,1,1
95,ADD,2,2
95,ADD,4,4
95,ADD,4,8
95,REMOVE,1,2
95,REMOVE,1,7
95,REMOVE,2,9
95,REMOVE,3,8
95,REMOVE,4,2
95,REMOVE,4,9
95,REMOVE,5,7
95,REMOVE,5,8
95,REMOVE,6,1
95,REMOVE,6,9
96,ADD,1,3
96,ADD,1,6
96,ADD,1,8
96,ADD,2,3
96,ADD,2,9
96,ADD,4,2
96,ADD,5,0
96,ADD,5,1
96,ADD,5,7
96,ADD,7,1
96,ADD,7,9
96,REMOVE,1,1
96,REMOVE,1,9
96,REMOVE,2,2
96,REMOVE,2,7
96,REMOVE,4,8
97,ADD,1,9
97,ADD,2,7
97,ADD,4,0
97,ADD,4,6
97,ADD,6,2
97,ADD,6,9
97,REMOVE,1,6
97,REMOVE,1,8
97,REMOVE,2,3
97,REMOVE,4,4
97,REMOVE,5,0
97,REMOVE,5,1
97,REMOVE,5,7
97,REMOVE,7,1
97,REMOVE,7,9
98,ADD,6,8
98,REMOVE,1,3
98,REMOVE,1,9
98,REMOVE,4,0
98,REMOVE,4,2
98,REMOVE,4,6
98,REMOVE,6,9
99,ADD,2,4
99,ADD,2,8
99,ADD,3,5
99,ADD,3,8
99,ADD,4,7
99,ADD,4,9
99,ADD,5,7
99,ADD,5,9
99,ADD,6,7
99,REMOVE,2,7
99,REMOVE,2,9
99,REMOVE,6,2
100,ADD,2,2
100,ADD,4,2
100,REMOVE,2,4
100,REMOVE,3,5
100,REMOVE,3,8
100,REMOVE,4,7
100,REMOVE,5,7
100,REMOVE,5,9
100,REMOVE,6,7
100,REMOVE,6,8
101,ADD,4,1
101,ADD,5,7
101,ADD,5,9
101,ADD,6,2
101,ADD,6,9
101,REMOVE,2,2
101,REMOVE,2,8
101,REMOVE,4,2
102,ADD,2,7
102,ADD,2,8
102,ADD,4,0
102,ADD,4,7
102,ADD,5,2
102,REMOVE,4,1
102,REMOVE,4,9
102,REMOVE,5,7
102,REMOVE,6,2
102,REMOVE,6,9
103,ADD,2,5
103,ADD,2,6
103,REMOVE,2,8
103,REMOVE,4,0
103,REMOVE,4,7
103,REMOVE,5,2
103,REMOVE,5,9
104,ADD,2,8
104,REMOVE,2,6
104,REMOVE,2,7
105,ADD,1,3
105,ADD,1,8
105,ADD,2,2
105,ADD,2,3
105,ADD,2,7
105,ADD,4,7
105,ADD,4,9
105,ADD,5,2
105,ADD,5,9
105,REMOVE,2,5
105,REMOVE,2,8
106,ADD,1,6
106,ADD,1,7
106,ADD,2,8
106,ADD,5,0
106,ADD,6,1
106,ADD,6,3
106,REMOVE,1,3
106,REMOVE,1,8
106,REMOVE,2,3
106,REMOVE,2,7
106,REMOVE,5,9
107,ADD,1,2
107,ADD,1,3
107,ADD,2,5
107,ADD,4,2
107,ADD,4,5
107,REMOVE,1,6
107,REMOVE,2,2
107,REMOVE,4,7
107,REMOVE,5,0
107,REMOVE,5,2
107,REMOVE,6,1
107,REMOVE,6,3
108,ADD,1,8
108,ADD,2,3
108,ADD,4,3
108,ADD,5,2
108,ADD,5,4
108,REMOVE,1,2
108,REMOVE,2,5
108,REMOVE,4,2
108,REMOVE,4,5
109,ADD,1,2
109,ADD,2,2
109,ADD,2,7
109,ADD,4,4
109,ADD,4,8
109,ADD,5,3
109,ADD,5,9
109,REMOVE,1,3
109,REMOVE,1,8
109,REMOVE,2,3
109,REMOVE,2,8
109,REMOVE,4,3
109,REMOVE,4,9
109,REMOVE,5,2
109,REMOVE,5,4
110,ADD,1,1
110,ADD,1,9
110,ADD,4,2
110,ADD,4,9
110,ADD,5,7
110,ADD,5,8
110,REMOVE,1,2
110,REMOVE,1,7
110,REMOVE,2,2
110,REMOVE,2,7
110,REMOVE,4,4
110,REMOVE,4,8
110,REMOVE,5,3
110,REMOVE,5,9
111,ADD,1,2
111,ADD,1,7
111,ADD,2,8
111,ADD,2,9
111,ADD,4,7
111,ADD,4,8
111,ADD,5,1
111,ADD,5,9
111,REMOVE,1,1
111,REMOVE,1,9
111,REMOVE,4,2
111,REMOVE,4,9
111,REMOVE,5,7
111,REMOVE,5,8
112,ADD,1,8
112,ADD,2,7
112,ADD,4,4
112,ADD,5,5
112,ADD,5,8
112,ADD,6,2
112,ADD,6,9
112,REMOVE,1,7
112,REMOVE,2,9
112,REMOVE,4,7
112,REMOVE,5,1
112,REMOVE,5,9
113,ADD,1,7
113,ADD,2,3
113,ADD,2,9
113,ADD,3,4
113,ADD,3,8
113,ADD,5,6
113,ADD,5,9
113,REMOVE,1,8
113,REMOVE,2,7
113,REMOVE,2,8
113,REMOVE,4,4
113,REMOVE,4,8
113,REMOVE,5,5
113,REMOVE,5,8
113,REMOVE,6,2
113,REMOVE,6,9
114,ADD,1,8
114,ADD,1,9
114,ADD,2,7
114,ADD,5,4
114,ADD,5,8
114,REMOVE,1,7
114,REMOVE,2,3
114,REMOVE,3,4
114,REMOVE,3,8
114,REMOVE,5,6
114,REMOVE,5,9
115,ADD,1,5
115,ADD,1,7
115,ADD,2,6
115,ADD,4,2
115,ADD,4,5
115,ADD,4,9
115,ADD,5,6
115,REMOVE,1,2
115,REMOVE,1,9
115,REMOVE,2,7
115,REMOVE,5,4
116,ADD,1,0
116,ADD,1,1
116,ADD,2,5
116,ADD,2,7
116,ADD,3,5
116,ADD,3,8
116,ADD,4,7
116,REMOVE,1,5
116,REMOVE,1,8
116,REMOVE,2,6
116,REMOVE,4,2
116,REMOVE,4,5
116,REMOVE,5,6
116,REMOVE,5,8
117,ADD,1,2
117,ADD,2,2
117,ADD,4,1
117,ADD,4,8
117,ADD,6,0
117,ADD,6,1
117,ADD,6,7
117,REMOVE,1,0
117,REMOVE,1,1
117,REMOVE,2,5
117,REMOVE,2,7
117,REMOVE,3,5
117,REMOVE,3,8
117,REMOVE,4,7
117,REMOVE,4,9
118,ADD,1,4
118,ADD,1,8
118,ADD,4,2
118,ADD,4,5
118,ADD,4,9
118,ADD,6,5
118,ADD,6,8
118,REMOVE,1,2
118,REMOVE,1,7
118,REMOVE,2,2
118,REMOVE,2,9
118,REMOVE,4,1
118,REMOVE,4,8
118,REMOVE,6,0
118,REMOVE,6,1
118,REMOVE,6,7
119,ADD,1,2
119,ADD,1,7
119,ADD,2,2
119,ADD,2,8
119,ADD,4,7
119,ADD,5,5
119,ADD,5,8
119,REMOVE,1,4
119,REMOVE,1,8
119,REMOVE,4,2
119,REMOVE,4,5
119,REMOVE,6,5
119,REMOVE,6,8
120,ADD,1,1
120,ADD,1,8
120,ADD,2,5
120,ADD,2,7
120,ADD,4,8
120,ADD,6,0
120,ADD,6,7
120,ADD,9,5
120,REMOVE,1,2
120,REMOVE,2,2
120,REMOVE,4,9
120,REMOVE,5,5
120,REMOVE,5,8
121,ADD,1,2
121,ADD,2,1
121,ADD,4,9
121,REMOVE,1,1
121,REMOVE,1,7
121,REMOVE,2,8
121,REMOVE,4,8
121,REMOVE,6,0
121,REMOVE,6,7
121,REMOVE,9,5
122,ADD,1,0
122,ADD,1,1
122,ADD,2,8
122,ADD,2,9
122,ADD,4,2
122,ADD,5,4
122,ADD,5,8
122,REMOVE,1,2
122,REMOVE,2,1
122,REMOVE,2,5
122,REMOVE,2,7
122,REMOVE,4,9
123,ADD,1,9
123,ADD,2,1
123,ADD,2,7
123,REMOVE,1,0
123,REMOVE,1,1
123,REMOVE,2,8
123,REMOVE,2,9
123,REMOVE,4,2
123,REMOVE,4,7
123,REMOVE,5,4
123,REMOVE,5,8
124,ADD,1,3
124,ADD,4,2
124,ADD,4,9
124,REMOVE,1,8
124,REMOVE,2,1
124,REMOVE,2,7
125,ADD,1,4
125,ADD,1,8
125,ADD,2,7
125,ADD,2,8
125,ADD,6,0
125,ADD,6,5
125,REMOVE,1,9
125,REMOVE,4,2
125,REMOVE,4,9
126,ADD,1,7
126,ADD,1,9
126,ADD,2,2
126,ADD,2,9
126,ADD,3,4
126,ADD,3,8
126,ADD,4,7
126,ADD,4,9
126,REMOVE,1,3
126,REMOVE,1,4
126,REMOVE,1,8
126,REMOVE,2,7
126,REMOVE,2,8
126,REMOVE,6,0
126,REMOVE,6,5
127,ADD,1,6
127,ADD,4,4
127,ADD,4,8
127,REMOVE,1,7
127,REMOVE,3,4
127,REMOVE,3,8
127,REMOVE,4,7
127,REMOVE,4,9
128,ADD,4,7
128,REMOVE,1,6
128,REMOVE,1,9
128,REMOVE,4,4
129,ADD,2,6
129,ADD,4,2
129,ADD,4,3
129,ADD,5,1
129,ADD,5,7
129,REMOVE,2,2
129,REMOVE,4,7
129,REMOVE,4,8
130,ADD,2,7
130,ADD,2,8
130,ADD,4,1
130,ADD,4,9
130,ADD,5,0
130,REMOVE,2,6
130,REMOVE,2,9
130,REMOVE,4,2
130,REMOVE,4,3
130,REMOVE,5,1
131,ADD,1,3
131,ADD,1,9
131,ADD,2,6
131,ADD,2,9
131,REMOVE,2,7
131,REMOVE,2,8
131,REMOVE,4,1
131,REMOVE,4,9
131,REMOVE,5,0
131,REMOVE,5,7
132,ADD,1,8
132,ADD,5,1
132,ADD,5,5
132,ADD,5,7
132,REMOVE,1,9
132,REMOVE,2,6
132,REMOVE,2,9
133,ADD,1,9
133,ADD,5,2
133,ADD,6,5
133,ADD,6,8
133,REMOVE,1,8
133,REMOVE,5,1
133,REMOVE,5,5
134,ADD,1,2
134,ADD,1,7
134,ADD,2,2
134,ADD,2,9
134,ADD,6,3
134,ADD,6,9
134,REMOVE,1,3
134,REMOVE,1,9
134,REMOVE,5,2
134,REMOVE,5,7
134,REMOVE,6,5
134,REMOVE,6,8
135,ADD,0,2
135,ADD,0,3
135,ADD,1,4
135,ADD,2,1
135,ADD,3,2
135,ADD,3,4
135,ADD,4,2
135,ADD,4,4
135,ADD,5,0
135,ADD,5,2
135,ADD,6,1
135,ADD,6,7
135,REMOVE,1,7
135,REMOVE,2,2
135,REMOVE,6,3
135,REMOVE,6,9
136,ADD,1,3
136,ADD,1,7
136,ADD,2,4
136,ADD,2,8
136,ADD,4,0
136,ADD,4,7
136,ADD,5,6
136,ADD,5,7
136,ADD,5,9
136,REMOVE,0,2
136,REMOVE,0,3
136,REMOVE,1,4
136,REMOVE,2,1
136,REMOVE,2,9
136,REMOVE,3,2
136,REMOVE,3,4
136,REMOVE,4,2
136,REMOVE,4,4
136,REMOVE,5,0
136,REMOVE,5,2
136,REMOVE,6,1
136,REMOVE,6,7
137,ADD,1,8
137,ADD,2,2
137,ADD,2,9
137,ADD,4,1
137,ADD,4,9
137,REMOVE,1,2
137,REMOVE,1,3
137,REMOVE,2,4
137,REMOVE,2,8
137,REMOVE,4,0
137,REMOVE,4,7
137,REMOVE,5,6
138,ADD,1,9
138,ADD,3,7
138,ADD,3,9
138,ADD,4,0
138,ADD,4,7
138,ADD,5,4
138,ADD,5,8
138,REMOVE,1,8
138,REMOVE,2,2
138,REMOVE,2,9
138,REMOVE,4,1
138,REMOVE,4,9
138,REMOVE,5,7
138,REMOVE,5,9
139,ADD,1,2
139,ADD,4,5
139,ADD,4,8
139,ADD,6,1
139,ADD,6,9
139,REMOVE,1,9
139,REMOVE,3,7
139,REMOVE,3,9
139,REMOVE,4,0
139,REMOVE,4,7
139,REMOVE,5,4
139,REMOVE,5,8
140,ADD,2,7
140,ADD,2,9
140,ADD,7,7
140,ADD,7,8
140,REMOVE,1,2
140,REMOVE,1,7
140,REMOVE,4,5
140,REMOVE,4,8
140,REMOVE,6,1
140,REMOVE,6,9
141,ADD,1,2
141,ADD,1,5
141,ADD,2,4
141,ADD,2,8
141,REMOVE,2,7
141,REMOVE,2,9
141,REMOVE,7,7
141,REMOVE,7,8
142,ADD,1,7
142,ADD,1,9
142,ADD,2,3
142,ADD,2,9
142,ADD,3,7
142,ADD,3,9
142,ADD,5,0
142,ADD,5,7
142,REMOVE,1,2
142,REMOVE,1,5
142,REMOVE,2,4
142,REMOVE,2,8
143,ADD,1,8
143,ADD,4,7
143,ADD,4,8
143,REMOVE,1,9
143,REMOVE,2,3
143,REMOVE,2,9
143,REMOVE,3,7
143,REMOVE,3,9
143,REMOVE,5,0
143,REMOVE,5,7
144,ADD,1,3
144,ADD,1,9
144,ADD,2,5
144,ADD,2,8
144,ADD,6,3
144,ADD,6,9
144,REMOVE,1,7
144,REMOVE,1,8
144,REMOVE,4,7
144,REMOVE,4,8
145,ADD,2,2
145,ADD,2,7
145,ADD,4,4
145,ADD,4,8
145,REMOVE,1,3
145,REMOVE,1,9
145,REMOVE,2,5
145,REMOVE,2,8
145,REMOVE,6,3
145,REMOVE,6,9
146,ADD,4,1
146,ADD,4,9
146,REMOVE,2,2
146,REMOVE,2,7
146,REMOVE,4,4
146,REMOVE,4,8
147,ADD,1,4
147,ADD,1,8
147,ADD,2,2
147,ADD,2,5
147,ADD,2,9
147,ADD,4,4
147,ADD,4,8
147,ADD,5,2
147,ADD,5,9
147,REMOVE,4,1
147,REMOVE,4,9
148,ADD,1,1
148,ADD,1,5
148,ADD,1,7
148,ADD,5,1
148,ADD,6,0
148,ADD,6,7
148,REMOVE,1,4
148,REMOVE,1,8
148,REMOVE,2,2
148,REMOVE,2,5
148,REMOVE,2,9
148,REMOVE,4,4
148,REMOVE,4,8
148,REMOVE,5,2
149,ADD,2,5
149,ADD,2,7
149,ADD,2,9
149,ADD,4,7
149,ADD,4,9
149,ADD,5,2
149,ADD,5,7
149,REMOVE,1,1
149,REMOVE,1,5
149,REMOVE,1,7
149,REMOVE,5,1
149,REMOVE,5,9
149,REMOVE,6,0
149,REMOVE,6,7
150,ADD,1,6
150,ADD,1,8
150,ADD,2,4
150,ADD,2,8
150,ADD,4,1
150,REMOVE,2,5
150,REMOVE,2,7
150,REMOVE,2,9
150,REMOVE,4,7
150,REMOVE,5,2
150,REMOVE,5,7
151,ADD,1,2
151,ADD,2,5
151,ADD,4,3
151,ADD,5,0
151,ADD,5,2
151,ADD,6,2
151,ADD,6,4
151,REMOVE,1,6
151,REMOVE,2,4
151,REMOVE,4,1
152,ADD,1,3
152,ADD,1,9
152,ADD,2,1
152,ADD,2,9
152,ADD,3,5
152,ADD,3,8
152,ADD,4,0
152,ADD,4,2
152,ADD,5,7
152,ADD,5,8
152,REMOVE,1,2
152,REMOVE,1,8
152,REMOVE,2,5
152,REMOVE,2,8
152,REMOVE,4,3
152,REMOVE,4,9
152,REMOVE,5,0
152,REMOVE,5,2
153,ADD,1,5
153,ADD,1,7
153,ADD,4,7
153,REMOVE,1,3
153,REMOVE,2,1
153,REMOVE,2,9
153,REMOVE,3,5
153,REMOVE,3,8
153,REMOVE,4,0
153,REMOVE,5,7
153,REMOVE,5,8
153,REMOVE,6,2
153,REMOVE,6,4
154,ADD,1,6
154,ADD,2,2
154,ADD,2,8
154,ADD,3,2
154,ADD,3,9
154,ADD,5,5
154,ADD,5,8
154,ADD,6,0
154,ADD,6,2
154,ADD,6,6
154,REMOVE,1,5
154,REMOVE,1,9
154,REMOVE,4,2
154,REMOVE,4,7
155,ADD,1,2
155,ADD,2,1
155,ADD,2,5
155,ADD,2,7
155,ADD,4,2
155,ADD,4,5
155,REMOVE,1,6
155,REMOVE,2,2
155,REMOVE,2,8
155,REMOVE,3,2
155,REMOVE,3,9
155,REMOVE,5,5
155,REMOVE,5,8
155,REMOVE,6,0
155,REMOVE,6,2
155,REMOVE,6,6
156,ADD,1,8
156,ADD,4,6
156,ADD,4,9
156,REMOVE,1,2
156,REMOVE,2,1
156,REMOVE,2,5
156,REMOVE,2,7
156,REMOVE,4,2
156,REMOVE,4,5
157,ADD,4,1
157,REMOVE,1,7
157,REMOVE,1,8
157,REMOVE,4,6
158,ADD,1,0
158,ADD,1,7
158,ADD,2,0
158,ADD,2,7
158,ADD,4,2
158,REMOVE,4,1
159,ADD,2,2
159,ADD,2,9
159,ADD,4,7
159,REMOVE,1,0
159,REMOVE,1,7
159,REMOVE,2,0
159,REMOVE,2,7
159,REMOVE,4,2
160,ADD,1,2
160,ADD,1,8
160,ADD,2,7
160,ADD,4,2
160,ADD,4,5
160,REMOVE,2,2
160,REMOVE,4,7
160,REMOVE,4,9
161,ADD,1,1
161,ADD,1,7
161,ADD,4,0
161,ADD,6,1
161,ADD,6,9
161,REMOVE,1,2
161,REMOVE,4,2
162,ADD,1,9
162,ADD,2,8
162,ADD,4,2
162,ADD,4,7
162,REMOVE,1,1
162,REMOVE,1,8
162,REMOVE,2,7
162,REMOVE,4,0
162,REMOVE,4,5
162,REMOVE,6,1
162,REMOVE,6,9
163,ADD,5,3
163,ADD,5,9
163,REMOVE,2,8
163,REMOVE,2,9
163,REMOVE,4,2
163,REMOVE,4,7
164,ADD,1,1
164,ADD,2,4
164,ADD,2,8
164,ADD,4,0
164,ADD,4,7
164,ADD,5,2
164,ADD,5,7
164,REMOVE,1,7
164,REMOVE,5,3
164,REMOVE,5,9
165,ADD,2,7
165,ADD,3,1
165,ADD,3,7
165,ADD,5,9
165,ADD,6,1
165,ADD,6,6
165,REMOVE,2,8
165,REMOVE,4,0
165,REMOVE,4,7
165,REMOVE,5,2
166,ADD,2,2
166,ADD,2,9
166,ADD,4,7
166,ADD,4,9
166,ADD,5,8
166,REMOVE,1,1
166,REMOVE,1,9
166,REMOVE,2,4
166,REMOVE,2,7
166,REMOVE,3,1
166,REMOVE,3,7
166,REMOVE,5,9
166,REMOVE,6,1
166,REMOVE,6,6
167,ADD,0,7
167,ADD,0,8
167,ADD,1,7
167,ADD,1,9
167,REMOVE,4,7
167,REMOVE,4,9
167,REMOVE,5,7
167,REMOVE,5,8
168,ADD,1,4
168,ADD,1,8
168,ADD,4,7
168,ADD,4,8
168,ADD,5,6
168,ADD,5,9
168,ADD,6,7
168,ADD,6,9
168,REMOVE,0,7
168,REMOVE,0,8
168,REMOVE,1,7
168,REMOVE,1,9
169,ADD,1,2
169,ADD,1,7
169,ADD,2,4
169,ADD,2,8
169,ADD,3,0
169,ADD,3,5
169,ADD,4,2
169,ADD,4,4
169,ADD,5,1
169,ADD,5,7
169,ADD,6,0
169,ADD,6,2
169,REMOVE,1,4
169,REMOVE,1,8
169,REMOVE,2,2
169,REMOVE,2,9
169,REMOVE,4,7
169,REMOVE,4,8
169,REMOVE,5,6
169,REMOVE,5,9
169,REMOVE,6,7
169,REMOVE,6,9
170,ADD,1,8
170,ADD,2,0
170,ADD,2,1
170,ADD,2,7
170,ADD,3,8
170,ADD,4,5
170,ADD,4,8
170,ADD,6,3
170,ADD,6,9
170,REMOVE,1,2
170,REMOVE,2,4
170,REMOVE,2,8
170,REMOVE,3,0
170,REMOVE,4,2
170,REMOVE,4,4
170,REMOVE,5,1
170,REMOVE,5,7
170,REMOVE,6,0
170,REMOVE,6,2
171,ADD,2,2
171,ADD,4,4
171,ADD,5,2
171,ADD,5,4
171,ADD,7,6
171,ADD,7,8
171,REMOVE,2,0
171,REMOVE,2,1
171,REMOVE,3,5
171,REMOVE,3,8
171,REMOVE,4,5
171,REMOVE,6,3
171,REMOVE,6,9
172,ADD,0,4
172,ADD,0,8
172,ADD,2,6
172,ADD,2,9
172,ADD,4,7
172,ADD,4,9
172,ADD,6,7
172,ADD,6,9
172,REMOVE,2,2
172,REMOVE,2,7
172,REMOVE,4,4
172,REMOVE,4,8
172,REMOVE,5,2
172,REMOVE,5,4
172,REMOVE,7,6
172,REMOVE,7,8
173,ADD,3,7
173,ADD,3,8
173,ADD,4,6
173,ADD,5,8
173,ADD,5,9
173,REMOVE,0,4
173,REMOVE,0,8
173,REMOVE,1,7
173,REMOVE,1,8
173,REMOVE,2,6
173,REMOVE,2,9
173,REMOVE,4,7
173,REMOVE,6,7
173,REMOVE,6,9
174,ADD,1,3
174,ADD,1,9
174,ADD,4,7
174,ADD,6,1
174,ADD,6,9
174,REMOVE,3,7
174,REMOVE,3,8
174,REMOVE,4,6
175,ADD,0,1
175,ADD,0,6
175,ADD,1,6
175,ADD,1,7
175,ADD,2,1
175,ADD,2,9
175,ADD,4,8
175,ADD,5,2
175,ADD,5,7
175,ADD,6,3
175,REMOVE,1,3
175,REMOVE,1,9
175,REMOVE,4,9
175,REMOVE,5,8
175,REMOVE,5,9
175,REMOVE,6,1
176,ADD,1,9
176,ADD,2,7
176,ADD,6,0
176,ADD,6,7
176,REMOVE,0,1
176,REMOVE,0,6
176,REMOVE,1,6
176,REMOVE,2,1
176,REMOVE,5,2
176,REMOVE,5,7
176,REMOVE,6,3
176,REMOVE,6,9
177,ADD,1,2
177,ADD,1,5
177,REMOVE,1,7
177,REMOVE,1,9
177,REMOVE,2,7
177,REMOVE,2,9
177,REMOVE,6,0
177,REMOVE,6,7
178,ADD,1,9
178,ADD,4,2
178,ADD,4,5
178,ADD,5,7
178,ADD,5,9
178,REMOVE,1,5
178,REMOVE,4,7
178,REMOVE,4,8
179,ADD,1,6
179,ADD,1,8
179,ADD,4,9
179,ADD,5,6
179,ADD,5,8
179,REMOVE,1,2
179,REMOVE,1,9
179,REMOVE,4,5
179,REMOVE,5,7
179,REMOVE,5,9
180,ADD,4,1
180,ADD,4,8
180,REMOVE,1,6
180,REMOVE,1,8
180,REMOVE,4,2
180,REMOVE,4,9
180,REMOVE,5,6
180,REMOVE,5,8
181,ADD,1,1
181,ADD,1,5
181,ADD,1,7
181,ADD,2,3
181,ADD,2,9
181,ADD,5,2
181,ADD,5,9
181,REMOVE,4,1
181,REMOVE,4,8
182,ADD,2,7
182,ADD,4,2
182,ADD,4,5
182,ADD,5,7
182,ADD,5,8
182,ADD,6,1
182,ADD,6,9
182,REMOVE,1,1
182,REMOVE,1,5
182,REMOVE,1,7
182,REMOVE,2,3
182,REMOVE,5,2
183,ADD,2,4
183,ADD,2,8
183,ADD,3,2
183,ADD,3,9
183,ADD,4,7
183,ADD,4,9
183,ADD,6,4
183,ADD,6,8
183,REMOVE,2,7
183,REMOVE,2,9
183,REMOVE,4,2
183,REMOVE,4,5
183,REMOVE,5,9
183,REMOVE,6,1
183,REMOVE,6,9
184,ADD,0,3
184,ADD,0,9
184,ADD,2,2
184,ADD,2,5
184,ADD,4,1
184,ADD,5,4
184,REMOVE,2,4
184,REMOVE,2,8
184,REMOVE,3,2
184,REMOVE,3,9
184,REMOVE,4,7
184,REMOVE,5,7
184,REMOVE,6,4
184,REMOVE,6,8
185,ADD,1,7
185,ADD,1,9
185,ADD,5,7
185,ADD,5,9
185,ADD,6,8
185,ADD,6,9
185,ADD,7,4
185,ADD,7,8
185,REMOVE,0,3
185,REMOVE,0,9
185,REMOVE,2,2
185,REMOVE,2,5
185,REMOVE,4,1
185,REMOVE,4,9
185,REMOVE,5,4
185,REMOVE,5,8
186,ADD,0,7
186,ADD,0,9
186,ADD,4,1
186,ADD,4,9
186,ADD,5,0
186,ADD,6,6
186,ADD,6,7
186,REMOVE,1,7
186,REMOVE,1,9
186,REMOVE,5,9
186,REMOVE,6,8
186,REMOVE,6,9
186,REMOVE,7,4
186,REMOVE,7,8
187,ADD,4,0
187,ADD,4,7
187,REMOVE,0,7
187,REMOVE,0,9
187,REMOVE,4,1
187,REMOVE,4,9
187,REMOVE,5,0
187,REMOVE,5,7
187,REMOVE,6,6
187,REMOVE,6,7
188,ADD,4,5
188,ADD,4,6
188,REMOVE,4,0
189,ADD,0,4
189,ADD,0,8
189,ADD,4,1
189,ADD,4,9
189,REMOVE,4,5
189,REMOVE,4,6
189,REMOVE,4,7
190,ADD,0,2
190,ADD,0,3
190,ADD,1,5
190,ADD,1,8
190,ADD,3,0
190,ADD,3,2
190,ADD,4,2
190,ADD,4,3
190,ADD,5,7
190,ADD,5,9
190,ADD,6,2
190,ADD,6,7
190,REMOVE,0,4
190,REMOVE,0,8
190,REMOVE,4,1
190,REMOVE,4,9
191,ADD,1,9
191,ADD,2,1
191,ADD,2,9
191,ADD,4,9
191,ADD,5,0
191,ADD,6,4
191,REMOVE,0,2
191,REMOVE,0,3
191,REMOVE,1,5
191,REMOVE,3,0
191,REMOVE,3,2
191,REMOVE,4,3
191,REMOVE,5,9
191,REMOVE,6,2
192,ADD,1,5
192,ADD,1,7
192,ADD,2,7
192,ADD,2,8
192,ADD,3,4
192,ADD,3,7
192,ADD,4,8
192,ADD,5,4
192,ADD,5,8
192,REMOVE,1,8
192,REMOVE,2,1
192,REMOVE,2,9
192,REMOVE,5,0
192,REMOVE,5,7
192,REMOVE,6,4
192,REMOVE,6,7
193,ADD,1,3
193,ADD,2,5
193,ADD,3,2
193,ADD,3,9
193,ADD,4,7
193,ADD,5,3
193,ADD,5,9
193,REMOVE,1,5
193,REMOVE,1,7
193,REMOVE,2,7
193,REMOVE,3,4
193,REMOVE,3,7
193,REMOVE,4,2
193,REMOVE,4,9
193,REMOVE,5,4
193,REMOVE,5,8
194,ADD,1,1
194,ADD,2,1
194,ADD,2,9
194,ADD,4,6
194,ADD,4,9
194,ADD,5,7
194,ADD,5,8
194,REMOVE,1,3
194,REMOVE,2,5
194,REMOVE,2,8
194,REMOVE,3,2
194,REMOVE,3,9
194,REMOVE,4,7
194,REMOVE,4,8
194,REMOVE,5,3
194,REMOVE,5,9
195,ADD,0,2
195,ADD,0,8
195,ADD,1,0
195,ADD,1,7
195,ADD,2,7
195,ADD,6,7
195,ADD,6,8
195,REMOVE,1,1
195,REMOVE,1,9
195,REMOVE,2,1
195,REMOVE,5,7
195,REMOVE,5,8
196,ADD,1,1
196,ADD,2,0
196,ADD,2,2
196,ADD,4,7
196,ADD,4,8
196,ADD,5,2
196,ADD,5,8
196,ADD,6,2
196,REMOVE,0,2
196,REMOVE,0,8
196,REMOVE,2,7
196,REMOVE,2,9
196,REMOVE,4,6
196,REMOVE,6,7
197,ADD,0,0
197,ADD,0,2
197,ADD,2,7
197,ADD,4,2
197,ADD,4,5
197,ADD,5,7
197,ADD,6,1
197,REMOVE,1,0
197,REMOVE,1,1
197,REMOVE,1,7
197,REMOVE,2,0
197,REMOVE,4,7
197,REMOVE,4,8
197,REMOVE,4,9
197,REMOVE,5,2
197,REMOVE,6,2
198,ADD,2,3
198,ADD,2,9
198,ADD,4,3
198,ADD,4,9
198,ADD,5,4
198,REMOVE,0,0
198,REMOVE,0,2
198,REMOVE,2,2
198,REMOVE,2,7
198,REMOVE,4,2
198,REMOVE,4,5
198,REMOVE,5,7
198,REMOVE,6,1
198,REMOVE,6,8
199,ADD,1,7
199,ADD,1,8
199,ADD,3,2
199,ADD,3,8
199,ADD,4,2
199,REMOVE,2,3
199,REMOVE,2,9
199,REMOVE,4,9
199,REMOVE,5,4
199,REMOVE,5,8
200,ADD,1,2
200,ADD,2,2
200,ADD,2,9
200,ADD,3,5
200,ADD,4,9
200,REMOVE,1,8
200,REMOVE,3,2
200,REMOVE,4,2
201,ADD,1,3
201,ADD,2,7
201,ADD,2,8
201,ADD,4,0
201,ADD,4,5
201,REMOVE,2,2
201,REMOVE,2,9
201,REMOVE,3,5
201,REMOVE,3,8
201,REMOVE,4,3
201,REMOVE,4,9
202,ADD,1,4
202,ADD,1,8
202,ADD,2,0
202,ADD,2,2
202,ADD,2,4
202,ADD,3,3
202,ADD,3,9
202,ADD,4,2
202,ADD,4,9
202,ADD,6,2
202,ADD,6,9
202,REMOVE,1,2
202,REMOVE,1,3
202,REMOVE,1,7
202,REMOVE,2,7
202,REMOVE,2,8
202,REMOVE,4,0
203,ADD,2,6
203,ADD,2,7
203,ADD,4,8
203,ADD,5,3
203,ADD,5,8
203,REMOVE,1,4
203,REMOVE,1,8
203,REMOVE,2,0
203,REMOVE,2,2
203,REMOVE,2,4
203,REMOVE,3,3
203,REMOVE,3,9
203,REMOVE,4,5
203,REMOVE,4,9
203,REMOVE,6,2
203,REMOVE,6,9
204,ADD,1,1
204,ADD,1,5
204,ADD,1,7
204,ADD,2,5
204,ADD,2,8
204,ADD,2,9
204,ADD,4,7
204,ADD,5,0
204,ADD,5,2
204,ADD,6,1
204,ADD,6,3
204,REMOVE,2,6
204,REMOVE,2,7
204,REMOVE,4,2
204,REMOVE,5,3
204,REMOVE,5,8
205,ADD,1,3
205,ADD,1,4
205,ADD,2,2
205,ADD,2,7
205,ADD,4,2
205,ADD,4,9
205,REMOVE,1,1
205,REMOVE,1,5
205,REMOVE,2,5
205,REMOVE,2,8
205,REMOVE,2,9
205,REMOVE,4,7
205,REMOVE,4,8
205,REMOVE,5,0
205,REMOVE,5,2
205,REMOVE,6,1
205,REMOVE,6,3
206,ADD,8,2
206,ADD,8,9
206,REMOVE,1,3
206,REMOVE,1,4
206,REMOVE,1,7
206,REMOVE,2,2
206,REMOVE,2,7
207,ADD,2,4
207,ADD,2,8
207,ADD,4,7
207,ADD,4,8
207,ADD,5,7
207,ADD,5,9
207,REMOVE,4,2
207,REMOVE,4,9
207,REMOVE,8,2
207,REMOVE,8,9
208,ADD,4,2
208,ADD,4,3
208,ADD,4,4
208,ADD,6,3
208,ADD,6,9
208,REMOVE,2,4
208,REMOVE,2,8
208,REMOVE,4,7
208,REMOVE,4,8
209,ADD,2,2
209,ADD,2,8
209,ADD,4,8
209,ADD,4,9
209,ADD,6,1
209,REMOVE,4,2
209,REMOVE,4,3
209,REMOVE,4,4
209,REMOVE,6,3
210,ADD,4,2
210,ADD,4,7
210,ADD,5,3
210,ADD,5,5
210,ADD,6,2
210,ADD,6,7
210,ADD,7,3
210,ADD,7,9
210,REMOVE,2,2
210,REMOVE,2,8
210,REMOVE,4,8
210,REMOVE,5,7
210,REMOVE,5,9
210,REMOVE,6,1
210,REMOVE,6,9
211,ADD,2,7
211,ADD,2,9
211,ADD,5,1
211,ADD,5,9
211,ADD,6,3
211,ADD,6,9
211,REMOVE,5,3
211,REMOVE,5,5
211,REMOVE,6,2
211,REMOVE,6,7
211,REMOVE,7,3
211,REMOVE,7,9
212,ADD,7,7
212,ADD,7,8
212,REMOVE,2,7
212,REMOVE,2,9
212,REMOVE,4,2
212,REMOVE,5,1
212,REMOVE,5,9
212,REMOVE,6,3
212,REMOVE,6,9
213,ADD,4,1
213,ADD,5,1
213,ADD,5,9
213,ADD,6,4
213,ADD,6,8
213,REMOVE,4,7
213,REMOVE,7,7
213,REMOVE,7,8
214,ADD,2,6
214,ADD,2,9
214,ADD,5,5
214,ADD,5,8
214,ADD,6,3
214,ADD,6,9
214,ADD,7,5
214,ADD,7,8
214,REMOVE,4,1
214,REMOVE,4,9
214,REMOVE,5,1
214,REMOVE,5,9
214,REMOVE,6,4
214,REMOVE,6,8
215,ADD,4,4
215,ADD,4,8
215,ADD,5,0
215,ADD,5,7
215,ADD,5,9
215,ADD,6,4
215,ADD,6,8
215,REMOVE,2,6
215,REMOVE,2,9
215,REMOVE,5,5
215,REMOVE,5,8
215,REMOVE,6,3
215,REMOVE,6,9
215,REMOVE,7,5
215,REMOVE,7,8
216,ADD,3,2
216,ADD,3,4
216,ADD,4,2
216,ADD,5,2
216,ADD,6,0
216,ADD,6,7
216,ADD,7,2
216,ADD,7,7
216,REMOVE,4,8
216,REMOVE,5,7
216,REMOVE,5,9
216,REMOVE,6,4
216,REMOVE,6,8
217,ADD,1,7
217,ADD,1,8
217,ADD,5,7
217,ADD,6,2
217,ADD,6,8
217,ADD,6,9
217,ADD,7,1
217,REMOVE,3,2
217,REMOVE,3,4
217,REMOVE,4,2
217,REMOVE,4,4
217,REMOVE,5,0
217,REMOVE,6,0
217,REMOVE,6,7
217,REMOVE,7,2
218,ADD,2,4
218,ADD,2,8
218,ADD,4,5
218,ADD,4,7
218,ADD,5,5
218,ADD,5,8
218,ADD,6,0
218,ADD,6,7
218,ADD,7,5
218,REMOVE,1,7
218,REMOVE,1,8
218,REMOVE,5,2
218,REMOVE,5,7
218,REMOVE,6,2
218,REMOVE,6,8
218,REMOVE,6,9
218,REMOVE,7,1
219,ADD,1,2
219,ADD,1,8
219,ADD,2,7
219,ADD,2,9
219,ADD,4,9
219,ADD,7,2
219,REMOVE,2,4
219,REMOVE,2,8
219,REMOVE,4,5
219,REMOVE,5,5
219,REMOVE,5,8
219,REMOVE,6,0
219,REMOVE,6,7
219,REMOVE,7,5
220,ADD,1,7
220,ADD,2,2
220,ADD,5,7
220,ADD,5,9
220,ADD,6,7
220,ADD,6,9
220,REMOVE,1,2
220,REMOVE,2,7
220,REMOVE,4,7
220,REMOVE,4,9
220,REMOVE,7,2
220,REMOVE,7,7
221,ADD,1,1
221,ADD,2,1
221,ADD,2,7
221,ADD,5,0
221,ADD,7,2
221,ADD,7,7
221,REMOVE,1,8
221,REMOVE,2,2
221,REMOVE,2,9
221,REMOVE,5,9
221,REMOVE,6,7
221,REMOVE,6,9
222,ADD,2,2
222,ADD,2,8
222,ADD,4,4
222,ADD,4,8
222,ADD,5,6
222,ADD,5,8
222,REMOVE,1,1
222,REMOVE,1,7
222,REMOVE,2,1
222,REMOVE,2,7
222,REMOVE,5,0
222,REMOVE,5,7
223,ADD,2,0
223,ADD,2,7
223,ADD,4,1
223,ADD,5,7
223,ADD,5,9
223,ADD,6,1
223,ADD,6,6
223,REMOVE,2,2
223,REMOVE,4,4
223,REMOVE,5,6
223,REMOVE,5,8
224,ADD,2,6
224,ADD,2,9
224,ADD,4,4
224,ADD,4,7
224,ADD,7,4
224,ADD,7,8
224,REMOVE,2,0
224,REMOVE,2,7
224,REMOVE,2,8
224,REMOVE,4,1
224,REMOVE,4,8
224,REMOVE,6,1
224,REMOVE,6,6
224,REMOVE,7,2
224,REMOVE,7,7
225,ADD,5,8
225,ADD,7,7
225,ADD,7,9
225,REMOVE,2,6
225,REMOVE,2,9
225,REMOVE,4,4
225,REMOVE,4,7
225,REMOVE,5,9
225,REMOVE,7,4
225,REMOVE,7,8
226,ADD,1,6
226,ADD,1,9
226,ADD,6,0
226,ADD,6,1
226,ADD,6,7
226,REMOVE,5,7
226,REMOVE,5,8
227,ADD,1,7
227,ADD,1,8
227,ADD,4,3
227,ADD,4,9
227,ADD,5,4
227,ADD,5,8
227,ADD,6,9
227,REMOVE,1,6
227,REMOVE,1,9
227,REMOVE,6,0
227,REMOVE,6,7
227,REMOVE,7,7
227,REMOVE,7,9
228,ADD,0,2
228,ADD,0,3
228,ADD,1,3
228,ADD,1,9
228,ADD,5,2
228,ADD,7,7
228,ADD,7,9
228,REMOVE,1,7
228,REMOVE,1,8
228,REMOVE,5,8
228,REMOVE,6,1
228,REMOVE,6,9
229,ADD,1,7
229,ADD,1,8
229,ADD,2,6
229,ADD,2,9
229,ADD,4,6
229,ADD,6,3
229,ADD,6,9
229,REMOVE,0,2
229,REMOVE,0,3
229,REMOVE,1,3
229,REMOVE,1,9
229,REMOVE,4,3
229,REMOVE,5,2
229,REMOVE,5,4
229,REMOVE,7,7
229,REMOVE,7,9
230,ADD,1,1
230,ADD,1,6
230,ADD,2,5
230,ADD,2,7
230,ADD,2,8
230,ADD,4,3
230,ADD,4,7
230,ADD,5,5
230,ADD,5,8
230,ADD,6,0
230,ADD,6,2
230,ADD,7,2
230,ADD,7,4
230,REMOVE,1,7
230,REMOVE,1,8
230,REMOVE,2,6
230,REMOVE,2,9
230,REMOVE,4,6
230,REMOVE,4,9
230,REMOVE,6,3
230,REMOVE,6,9
231,ADD,1,7
231,ADD,1,8
231,ADD,2,6
231,ADD,4,8
231,REMOVE,1,1
231,REMOVE,1,6
231,REMOVE,2,5
231,REMOVE,2,7
231,REMOVE,4,3
231,REMOVE,5,5
231,REMOVE,5,8
231,REMOVE,6,0
231,REMOVE,6,2
231,REMOVE,7,2
231,REMOVE,7,4
232,ADD,2,2
232,ADD,2,5
232,ADD,4,5
232,ADD,4,9
232,ADD,5,3
232,ADD,5,9
232,ADD,7,7
232,ADD,7,8
232,REMOVE,1,7
232,REMOVE,1,8
232,REMOVE,2,6
232,REMOVE,2,8
232,REMOVE,4,7
233,ADD,4,2
233,ADD,4,7
233,ADD,5,7
233,ADD,7,9
233,REMOVE,2,2
233,REMOVE,2,5
233,REMOVE,4,5
233,REMOVE,4,8
233,REMOVE,4,9
233,REMOVE,5,3
233,REMOVE,7,8
234,ADD,0,4
234,ADD,0,8
234,ADD,4,3
234,ADD,4,9
234,ADD,5,3
234,ADD,7,8
234,REMOVE,4,2
234,REMOVE,4,7
234,REMOVE,5,7
234,REMOVE,7,9
235,ADD,4,4
235,ADD,4,8
235,REMOVE,0,4
235,REMOVE,0,8
235,REMOVE,4,3
235,REMOVE,4,9
235,REMOVE,5,3
235,REMOVE,5,9
235,REMOVE,7,7
235,REMOVE,7,8
236,ADD,5,7
236,ADD,5,8
236,ADD,7,2
236,ADD,7,7
237,ADD,1,7
237,ADD,1,8
237,ADD,4,7
237,ADD,4,9
237,ADD,5,6
237,ADD,7,0
237,REMOVE,4,4
237,REMOVE,4,8
237,REMOVE,5,8
237,REMOVE,7,2
238,ADD,2,2
238,ADD,2,8
238,ADD,3,2
238,ADD,3,7
238,ADD,4,5
238,ADD,4,8
238,ADD,5,8
238,ADD,6,0
238,ADD,6,5
238,ADD,7,2
238,ADD,7,4
238,REMOVE,1,7
238,REMOVE,1,8
238,REMOVE,4,7
238,REMOVE,4,9
238,REMOVE,5,6
238,REMOVE,7,0
238,REMOVE,7,7
239,ADD,4,4
239,ADD,7,3
239,ADD,7,9
239,ADD,8,3
239,ADD,8,9
239,REMOVE,2,2
239,REMOVE,2,8
239,REMOVE,3,2
239,REMOVE,3,7
239,REMOVE,4,5
239,REMOVE,6,0
239,REMOVE,6,5
239,REMOVE,7,2
239,REMOVE,7,4
240,ADD,3,2
240,ADD,3,9
240,ADD,6,6
240,ADD,6,9
240,ADD,7,6
240,REMOVE,4,4
240,REMOVE,4,8
240,REMOVE,5,7
240,REMOVE,5,8
240,REMOVE,7,3
240,REMOVE,8,3
240,REMOVE,8,9
241,ADD,1,7
241,ADD,1,9
241,ADD,4,2
241,ADD,4,5
241,ADD,5,5
241,ADD,5,8
241,REMOVE,3,2
241,REMOVE,3,9
241,REMOVE,6,6
241,REMOVE,6,9
241,REMOVE,7,6
241,REMOVE,7,9
242,ADD,4,7
242,ADD,5,7
242,ADD,7,1
242,ADD,7,9
242,REMOVE,1,7
242,REMOVE,1,9
242,REMOVE,4,5
242,REMOVE,5,5
243,ADD,4,6
243,ADD,4,9
243,ADD,5,6
243,ADD,5,9
243,ADD,6,3
243,ADD,6,9
243,ADD,7,3
243,ADD,7,8
243,REMOVE,4,2
243,REMOVE,4,7
243,REMOVE,5,7
243,REMOVE,5,8
243,REMOVE,7,1
243,REMOVE,7,9
244,ADD,5,0
244,ADD,5,7
244,ADD,6,1
244,ADD,7,7
244,ADD,7,9
244,REMOVE,4,6
244,REMOVE,4,9
244,REMOVE,5,6
244,REMOVE,5,9
244,REMOVE,6,3
244,REMOVE,7,3
244,REMOVE,7,8
245,ADD,4,2
245,ADD,4,9
245,ADD,5,4
245,ADD,5,8
245,ADD,6,4
245,ADD,6,8
245,REMOVE,5,0
245,REMOVE,5,7
245,REMOVE,6,1
245,REMOVE,6,9
246,ADD,5,3
246,ADD,5,9
246,ADD,6,7
246,ADD,6,9
246,ADD,7,8
246,REMOVE,4,2
246,REMOVE,4,9
246,REMOVE,5,4
246,REMOVE,5,8
246,REMOVE,6,4
246,REMOVE,6,8
246,REMOVE,7,9
247,ADD,2,2
247,ADD,2,7
247,ADD,4,7
247,ADD,4,9
247,ADD,5,4
247,ADD,5,8
247,ADD,6,2
247,ADD,6,6
247,ADD,6,8
247,ADD,7,3
247,ADD,7,9
247,REMOVE,5,3
247,REMOVE,5,9
247,REMOVE,6,7
247,REMOVE,6,9
247,REMOVE,7,7
247,REMOVE,7,8
248,ADD,2,5
248,ADD,2,8
248,ADD,3,0
248,ADD,3,2
248,ADD,4,2
248,ADD,5,1
248,ADD,5,3
248,ADD,6,0
248,ADD,7,7
248,REMOVE,2,2
248,REMOVE,2,7
248,REMOVE,5,4
248,REMOVE,5,8
248,REMOVE,6,6
248,REMOVE,6,8
248,REMOVE,7,3
249,ADD,2,7
249,ADD,2,9
249,ADD,4,8
249,ADD,5,2
249,ADD,5,5
249,ADD,6,3
249,ADD,6,8
249,ADD,7,0
249,ADD,7,2
249,REMOVE,2,5
249,REMOVE,2,8
249,REMOVE,3,0
249,REMOVE,3,2
249,REMOVE,4,2
249,REMOVE,4,9
249,REMOVE,5,1
249,REMOVE,5,3
249,REMOVE,6,0
249,REMOVE,6,2
249,REMOVE,7,7
249,REMOVE,7,9
250,ADD,2,3
250,ADD,2,8
250,ADD,5,4
250,ADD,5,8
250,ADD,6,2
250,ADD,6,9
250,ADD,7,1
250,ADD,7,3
250,REMOVE,2,7
250,REMOVE,2,9
250,REMOVE,5,2
250,REMOVE,5,5
250,REMOVE,6,3
250,REMOVE,6,8
250,REMOVE,7,0
250,REMOVE,7,2
251,ADD,1,4
251,ADD,1,8
251,ADD,2,7
251,ADD,6,4
251,ADD,6,8
251,ADD,7,5
251,ADD,7,8
251,REMOVE,2,3
251,REMOVE,4,7
251,REMOVE,4,8
251,REMOVE,5,4
251,REMOVE,5,8
251,REMOVE,6,2
251,REMOVE,6,9
251,REMOVE,7,1
251,REMOVE,7,3
252,ADD,1,2
252,ADD,1,5
252,ADD,1,6
252,ADD,2,4
252,ADD,4,7
252,ADD,4,8
252,ADD,5,2
252,ADD,5,7
252,ADD,5,9
252,ADD,6,1
252,ADD,6,9
252,ADD,7,4
252,ADD,7,7
252,REMOVE,1,4
252,REMOVE,1,8
252,REMOVE,2,7
252,REMOVE,6,4
252,REMOVE,6,8
252,REMOVE,7,5
252,REMOVE,7,8
253,ADD,1,1
253,ADD,1,8
253,ADD,2,2
253,ADD,2,7
253,ADD,3,7
253,ADD,3,8
253,ADD,4,0
253,ADD,4,2
253,ADD,5,3
253,REMOVE,1,2
253,REMOVE,1,5
253,REMOVE,1,6
253,REMOVE,2,4
253,REMOVE,2,8
253,REMOVE,4,7
253,REMOVE,4,8
253,REMOVE,5,2
253,REMOVE,5,7
253,REMOVE,6,1
253,REMOVE,6,9
253,REMOVE,7,4
253,REMOVE,7,7
254,ADD,1,2
254,ADD,3,1
254,ADD,3,9
254,ADD,4,5
254,ADD,4,8
254,ADD,5,8
254,ADD,7,4
254,ADD,7,7
254,REMOVE,1,1
254,REMOVE,3,7
254,REMOVE,3,8
254,REMOVE,4,0
254,REMOVE,4,2
254,REMOVE,5,9
255,ADD,2,8
255,ADD,4,4
255,ADD,4,7
255,ADD,5,4
255,ADD,6,7
255,ADD,6,9
255,ADD,7,2
255,ADD,7,3
255,REMOVE,1,2
255,REMOVE,1,8
255,REMOVE,2,7
255,REMOVE,3,1
255,REMOVE,3,9
255,REMOVE,4,5
255,REMOVE,4,8
255,REMOVE,5,3
255,REMOVE,7,4
255,REMOVE,7,7
256,ADD,2,7
256,ADD,2,9
256,ADD,4,9
256,REMOVE,2,2
256,REMOVE,2,8
256,REMOVE,4,4
256,REMOVE,5,4
256,REMOVE,5,8
256,REMOVE,6,7
256,REMOVE,6,9
256,REMOVE,7,2
256,REMOVE,7,3
257,ADD,4,5
257,ADD,4,8
257,ADD,6,1
257,ADD,6,9
257,REMOVE,4,7
257,REMOVE,4,9
258,ADD,2,0
258,ADD,2,5
258,ADD,3,4
258,ADD,3,8
258,ADD,4,4
258,ADD,4,9
258,ADD,5,2
258,ADD,5,7
258,ADD,7,6
258,ADD,7,7
258,REMOVE,2,7
258,REMOVE,2,9
258,REMOVE,4,5
258,REMOVE,4,8
258,REMOVE,6,1
258,REMOVE,6,9
259,ADD,4,2
259,ADD,5,5
259,ADD,5,8
259,ADD,5,9
259,ADD,6,2
259,ADD,6,8
259,ADD,7,2
259,ADD,7,8
259,REMOVE,2,0
259,REMOVE,2,5
259,REMOVE,3,4
259,REMOVE,3,8
259,REMOVE,4,4
259,REMOVE,5,2
259,REMOVE,5,7
259,REMOVE,7,6
259,REMOVE,7,7
260,ADD,1,7
260,ADD,1,9
260,ADD,7,7
260,REMOVE,4,2
260,REMOVE,4,9
260,REMOVE,5,5
260,REMOVE,5,8
260,REMOVE,5,9
260,REMOVE,6,2
260,REMOVE,6,8
260,REMOVE,7,8
261,ADD,0,7
261,ADD,0,8
261,ADD,1,5
261,ADD,1,6
261,ADD,2,5
261,ADD,2,8
261,ADD,4,2
261,ADD,4,7
261,ADD,5,2
261,ADD,5,8
261,ADD,7,6
261,ADD,7,8
261,REMOVE,1,9
261,REMOVE,7,2
261,REMOVE,7,7
262,ADD,0,4
262,ADD,1,2
262,ADD,2,0
262,ADD,5,4
262,ADD,7,7
262,REMOVE,0,8
262,REMOVE,1,5
262,REMOVE,1,6
262,REMOVE,2,8
262,REMOVE,4,2
262,REMOVE,4,7
262,REMOVE,5,8
262,REMOVE,7,6
263,ADD,0,5
263,ADD,0,6
263,ADD,0,8
263,ADD,1,5
263,ADD,6,7
263,ADD,6,9
263,ADD,7,0
263,REMOVE,0,4
263,REMOVE,0,7
263,REMOVE,1,7
263,REMOVE,2,0
263,REMOVE,2,5
263,REMOVE,5,2
263,REMOVE,5,4
263,REMOVE,7,8
264,ADD,0,2
264,ADD,1,7
264,ADD,2,4
264,ADD,2,6
264,ADD,5,7
264,ADD,5,9
264,ADD,6,1
264,ADD,6,3
264,REMOVE,0,5
264,REMOVE,0,6
264,REMOVE,1,5
264,REMOVE,6,7
264,REMOVE,6,9
264,REMOVE,7,0
264,REMOVE,7,7
265,ADD,0,7
265,ADD,4,1
265,ADD,4,6
265,ADD,5,1
265,ADD,5,6
265,ADD,6,9
265,ADD,7,3
265,ADD,7,7
265,REMOVE,0,2
265,REMOVE,2,4
265,REMOVE,2,6
265,REMOVE,5,7
265,REMOVE,5,9
265,REMOVE,6,3
266,ADD,0,2
266,ADD,1,5
266,ADD,1,6
266,ADD,1,8
266,ADD,2,7
266,ADD,2,9
266,ADD,4,7
266,ADD,4,8
266,ADD,6,6
266,ADD,7,2
266,ADD,7,5
266,REMOVE,0,8
266,REMOVE,1,2
266,REMOVE,1,7
266,REMOVE,4,1
266,REMOVE,4,6
266,REMOVE,5,1
266,REMOVE,5,6
266,REMOVE,6,1
266,REMOVE,7,3
266,REMOVE,7,7
267,ADD,0,1
267,ADD,1,2
267,ADD,1,9
267,ADD,4,2
267,ADD,4,9
267,ADD,5,4
267,ADD,5,8
267,ADD,7,7
267,REMOVE,0,2
267,REMOVE,1,5
267,REMOVE,1,6
267,REMOVE,1,8
267,REMOVE,2,7
267,REMOVE,2,9
267,REMOVE,4,7
267,REMOVE,4,8
267,REMOVE,6,6
267,REMOVE,6,9
267,REMOVE,7,2
268,ADD,0,8
268,ADD,4,7
268,ADD,4,8
268,ADD,6,7
268,ADD,6,8
268,REMOVE,0,1
268,REMOVE,1,2
268,REMOVE,1,9
268,REMOVE,4,2
268,REMOVE,4,9
268,REMOVE,5,4
268,REMOVE,5,8
268,REMOVE,7,5
268,REMOVE,7,7
269,ADD,0,2
269,ADD,0,9
269,ADD,2,3
269,ADD,2,9
269,ADD,4,0
269,ADD,4,2
269,ADD,5,1
269,ADD,5,3
269,ADD,6,0
269,ADD,7,1
269,ADD,7,9
269,REMOVE,0,8
269,REMOVE,4,7
269,REMOVE,4,8
269,REMOVE,6,8
270,ADD,0,4
270,ADD,1,2
270,ADD,1,4
270,ADD,2,0
270,ADD,2,2
270,ADD,4,5
270,ADD,5,6
270,ADD,6,1
270,ADD,6,3
270,ADD,7,7
270,REMOVE,0,2
270,REMOVE,0,7
270,REMOVE,2,3
270,REMOVE,2,9
270,REMOVE,4,2
270,REMOVE,5,3
270,REMOVE,6,0
270,REMOVE,6,7
270,REMOVE,7,1
271,ADD,0,2
271,ADD,0,3
271,ADD,2,7
271,ADD,2,8
271,ADD,5,7
271,ADD,5,9
271,ADD,7,6
271,REMOVE,0,4
271,REMOVE,0,9
271,REMOVE,1,2
271,REMOVE,1,4
271,REMOVE,2,0
271,REMOVE,2,2
271,REMOVE,4,0
271,REMOVE,4,5
271,REMOVE,5,1
271,REMOVE,5,6
271,REMOVE,6,1
271,REMOVE,6,3
271,REMOVE,7,7
272,ADD,0,1
272,ADD,0,5
272,ADD,0,7
272,ADD,7,7
272,ADD,7,8
272,REMOVE,0,2
272,REMOVE,0,3
272,REMOVE,2,7
272,REMOVE,2,8
272,REMOVE,5,7
272,REMOVE,5,9
272,REMOVE,7,6
272,REMOVE,7,9
273,ADD,0,6
273,ADD,3,0
273,ADD,3,2
273,ADD,5,6
273,ADD,5,8
273,ADD,7,2
273,REMOVE,0,1
273,REMOVE,7,8
274,ADD,0,3
274,ADD,0,8
274,ADD,4,2
274,ADD,4,7
274,ADD,6,2
274,ADD,6,8
274,ADD,7,3
274,REMOVE,0,5
274,REMOVE,0,6
274,REMOVE,3,0
274,REMOVE,3,2
274,REMOVE,5,6
274,REMOVE,5,8
274,REMOVE,7,2
275,ADD,0,0
275,ADD,0,6
275,ADD,4,8
275,ADD,4,9
275,ADD,7,0
275,REMOVE,0,3
275,REMOVE,0,8
275,REMOVE,4,2
275,REMOVE,4,7
275,REMOVE,6,2
275,REMOVE,6,8
275,REMOVE,7,3
276,ADD,0,1
276,ADD,0,8
276,ADD,5,7
276,ADD,5,8
276,ADD,7,1
276,ADD,7,9
276,REMOVE,0,6
276,REMOVE,0,7
276,REMOVE,4,8
276,REMOVE,4,9
276,REMOVE,7,0
276,REMOVE,7,7
277,ADD,0,4
277,ADD,4,4
277,ADD,4,8
277,ADD,5,9
277,ADD,7,7
277,REMOVE,0,0
277,REMOVE,0,1
277,REMOVE,5,7
277,REMOVE,7,1
278,ADD,0,7
278,ADD,0,9
278,ADD,5,2
278,ADD,5,7
278,ADD,7,8
278,REMOVE,0,4
278,REMOVE,0,8
278,REMOVE,5,8
278,REMOVE,5,9
278,REMOVE,7,9
279,ADD,0,5
279,ADD,0,6
279,ADD,4,3
279,ADD,4,5
279,ADD,5,4
279,ADD,5,8
279,ADD,6,1
279,ADD,6,3
279,ADD,7,9
279,REMOVE,0,9
279,REMOVE,4,4
279,REMOVE,4,8
279,REMOVE,5,2
279,REMOVE,5,7
279,REMOVE,7,8
280,ADD,0,2
280,ADD,1,2
280,ADD,1,4
280,ADD,2,2
280,ADD,2,7
280,ADD,4,8
280,ADD,5,2
280,ADD,7,8
280,REMOVE,0,5
280,REMOVE,0,6
280,REMOVE,4,5
280,REMOVE,5,8
280,REMOVE,6,1
280,REMOVE,6,3
280,REMOVE,7,9
281,ADD,0,3
281,ADD,0,9
281,ADD,1,3
281,ADD,1,7
281,ADD,1,8
281,ADD,2,1
281,ADD,2,9
281,ADD,4,7
281,ADD,5,6
281,ADD,5,7
281,ADD,7,2
281,REMOVE,0,2
281,REMOVE,0,7
281,REMOVE,1,2
281,REMOVE,1,4
281,REMOVE,2,2
281,REMOVE,2,7
281,REMOVE,4,3
281,REMOVE,5,2
281,REMOVE,5,4
281,REMOVE,7,7
282,ADD,0,0
282,ADD,0,6
282,ADD,0,7
282,ADD,1,9
282,ADD,2,6
282,ADD,2,7
282,ADD,4,1
282,ADD,4,2
282,ADD,5,9
282,ADD,6,4
282,ADD,6,8
282,ADD,7,7
282,ADD,7,9
282,REMOVE,0,3
282,REMOVE,0,9
282,REMOVE,1,7
282,REMOVE,1,8
282,REMOVE,2,1
282,REMOVE,4,8
282,REMOVE,5,6
282,REMOVE,7,2
282,REMOVE,7,8
283,ADD,0,4
283,ADD,4,4
283,ADD,4,8
283,ADD,6,5
283,ADD,7,2
283,REMOVE,0,0
283,REMOVE,0,6
283,REMOVE,1,3
283,REMOVE,1,9
283,REMOVE,2,6
283,REMOVE,2,7
283,REMOVE,2,9
283,REMOVE,4,1
283,REMOVE,4,2
283,REMOVE,4,7
283,REMOVE,5,7
283,REMOVE,5,9
283,REMOVE,6,4
283,REMOVE,7,9
284,ADD,0,1
284,ADD,2,2
284,ADD,2,7
284,ADD,4,3
284,ADD,4,5
284,ADD,4,7
284,ADD,5,2
284,ADD,5,7
284,ADD,6,7
284,REMOVE,0,4
284,REMOVE,4,4
284,REMOVE,4,8
284,REMOVE,6,5
285,ADD,0,9
285,ADD,5,4
285,REMOVE,0,1
285,REMOVE,2,2
285,REMOVE,2,7
285,REMOVE,4,3
285,REMOVE,4,5
285,REMOVE,4,7
285,REMOVE,5,2
285,REMOVE,6,7
285,REMOVE,6,8
285,REMOVE,7,2
285,REMOVE,7,7
286,ADD,0,1
286,ADD,0,8
286,ADD,2,7
286,ADD,2,8
286,ADD,2,9
286,ADD,5,8
286,ADD,5,9
286,ADD,7,5
286,ADD,7,7
286,ADD,7,8
286,REMOVE,0,9
286,REMOVE,5,4
286,REMOVE,5,7
287,ADD,0,2
287,ADD,0,3
287,ADD,1,7
287,ADD,1,8
287,ADD,2,1
287,ADD,4,6
287,ADD,4,8
287,ADD,5,2
287,ADD,5,4
287,ADD,6,1
287,ADD,6,9
287,ADD,7,3
287,REMOVE,0,1
287,REMOVE,0,7
287,REMOVE,0,8
287,REMOVE,2,8
287,REMOVE,2,9
287,REMOVE,5,8
287,REMOVE,5,9
287,REMOVE,7,5
288,ADD,0,1
288,ADD,0,9
288,ADD,4,3
288,ADD,4,9
288,ADD,5,0
288,ADD,6,8
288,ADD,7,4
288,REMOVE,0,2
288,REMOVE,0,3
288,REMOVE,1,7
288,REMOVE,1,8
288,REMOVE,2,1
288,REMOVE,2,7
288,REMOVE,4,8
288,REMOVE,5,4
288,REMOVE,6,9
288,REMOVE,7,3
288,REMOVE,7,8
289,ADD,0,7
289,ADD,0,8
289,ADD,4,2
289,ADD,5,3
289,ADD,5,9
289,ADD,6,2
289,ADD,6,7
289,ADD,7,5
289,ADD,7,6
289,REMOVE,0,1
289,REMOVE,0,9
289,REMOVE,4,3
289,REMOVE,4,6
289,REMOVE,5,0
289,REMOVE,5,2
289,REMOVE,6,1
289,REMOVE,6,8
289,REMOVE,7,4
290,ADD,0,2
290,ADD,1,2
290,ADD,1,7
290,ADD,4,0
290,ADD,4,7
290,ADD,5,4
290,ADD,5,8
290,ADD,6,1
290,ADD,6,8
290,REMOVE,0,8
290,REMOVE,4,2
290,REMOVE,4,9
290,REMOVE,5,3
290,REMOVE,5,9
290,REMOVE,6,2
290,REMOVE,6,7
290,REMOVE,7,5
290,REMOVE,7,6
290,REMOVE,7,7
291,ADD,0,8
291,ADD,1,8
291,ADD,2,0
291,ADD,2,5
291,ADD,4,2
291,ADD,4,9
291,ADD,5,7
291,ADD,7,3
291,ADD,7,5
291,ADD,7,6
291,REMOVE,0,7
291,REMOVE,1,2
291,REMOVE,4,0
291,REMOVE,4,7
291,REMOVE,5,4
291,REMOVE,6,1
291,REMOVE,6,8
292,ADD,0,5
292,ADD,6,4
292,ADD,6,8
292,ADD,7,7
292,ADD,8,4
292,ADD,8,8
292,REMOVE,0,2
292,REMOVE,1,7
292,REMOVE,1,8
292,REMOVE,2,0
292,REMOVE,2,5
292,REMOVE,4,2
292,REMOVE,4,9
292,REMOVE,5,7
292,REMOVE,5,8
292,REMOVE,7,3
292,REMOVE,7,5
293,ADD,0,2
293,ADD,0,3
293,ADD,1,7
293,ADD,1,9
293,ADD,4,5
293,ADD,4,8
293,ADD,5,0
293,ADD,5,2
293,ADD,8,1
293,ADD,8,3
293,REMOVE,0,5
293,REMOVE,0,8
293,REMOVE,6,4
293,REMOVE,6,8
293,REMOVE,7,6
293,REMOVE,7,7
293,REMOVE,8,4
293,REMOVE,8,8
294,ADD,0,4
294,ADD,4,1
294,ADD,4,3
294,ADD,5,8
294,ADD,6,0
294,ADD,6,2
294,ADD,7,4
294,ADD,7,6
294,REMOVE,0,3
294,REMOVE,4,5
294,REMOVE,4,8
294,REMOVE,5,0
294,REMOVE,8,1
294,REMOVE,8,3
295,ADD,0,7
295,ADD,0,8
295,ADD,2,2
295,ADD,2,4
295,ADD,5,7
295,ADD,6,5
295,ADD,7,1
295,ADD,7,5
295,ADD,7,7
295,REMOVE,0,2
295,REMOVE,0,4
295,REMOVE,1,7
295,REMOVE,1,9
295,REMOVE,4,1
295,REMOVE,4,3
295,REMOVE,5,8
295,REMOVE,6,2
295,REMOVE,7,4
295,REMOVE,7,6
296,ADD,0,2
296,ADD,1,3
296,ADD,1,9
296,ADD,3,1
296,ADD,3,3
296,ADD,4,6
296,ADD,4,9
296,ADD,5,8
296,ADD,6,1
296,ADD,6,3
296,ADD,7,3
296,ADD,7,9
296,REMOVE,0,8
296,REMOVE,2,2
296,REMOVE,2,4
296,REMOVE,5,2
296,REMOVE,6,0
296,REMOVE,6,5
296,REMOVE,7,1
296,REMOVE,7,5
296,REMOVE,7,7
297,ADD,0,1
297,ADD,0,3
297,ADD,1,5
297,ADD,3,6
297,ADD,3,9
297,ADD,4,2
297,ADD,4,5
297,ADD,4,7
297,ADD,5,1
297,ADD,5,9
297,ADD,6,7
297,ADD,7,6
297,ADD,7,8
297,REMOVE,0,2
297,REMOVE,0,7
297,REMOVE,3,1
297,REMOVE,3,3
297,REMOVE,4,6
297,REMOVE,4,9
297,REMOVE,5,7
297,REMOVE,5,8
297,REMOVE,6,1
297,REMOVE,7,3
297,REMOVE,7,9
298,ADD,1,2
298,ADD,1,7
298,ADD,7,7
298,REMOVE,0,1
298,REMOVE,0,3
298,REMOVE,1,3
298,REMOVE,1,5
298,REMOVE,1,9
298,REMOVE,3,6
298,REMOVE,3,9
298,REMOVE,4,2
298,REMOVE,4,5
298,REMOVE,4,7
298,REMOVE,6,3
298,REMOVE,6,7
298,REMOVE,7,6
299,ADD,1,9
299,ADD,4,6
299,ADD,4,9
299,ADD,6,2
299,ADD,6,9
299,ADD,7,9
299,REMOVE,1,2
299,REMOVE,5,1
299,REMOVE,5,9
299,REMOVE,7,8
300,ADD,0,4
300,ADD,0,7
300,ADD,1,1
300,ADD,1,2
300,ADD,4,5
300,ADD,4,7
300,ADD,5,1
300,ADD,5,6
300,ADD,7,2
300,ADD,7,8
300,REMOVE,1,9
300,REMOVE,4,9
300,REMOVE,6,2
300,REMOVE,6,9
300,REMOVE,7,7
300,REMOVE,7,9
301,ADD,0,2
301,ADD,0,8
301,ADD,1,6
301,ADD,1,9
301,ADD,2,2
301,ADD,2,8
301,ADD,4,4
301,ADD,5,0
301,ADD,5,7
301,ADD,6,0
301,ADD,6,5
301,ADD,7,7
301,REMOVE,0,4
301,REMOVE,1,1
301,REMOVE,1,2
301,REMOVE,4,5
301,REMOVE,4,6
301,REMOVE,5,1
301,REMOVE,5,6
301,REMOVE,7,8
302,ADD,2,1
302,ADD,2,9
302,ADD,4,6
302,ADD,5,4
302,ADD,5,8
302,ADD,7,5
302,ADD,7,6
302,REMOVE,1,6
302,REMOVE,2,2
302,REMOVE,2,8
302,REMOVE,4,4
302,REMOVE,5,0
302,REMOVE,5,7
302,REMOVE,6,0
302,REMOVE,6,5
302,REMOVE,7,2
303,ADD,0,1
303,ADD,2,4
303,ADD,2,8
303,ADD,4,2
303,ADD,6,2
303,ADD,6,4
303,ADD,7,4
303,ADD,7,8
303,REMOVE,0,2
303,REMOVE,0,8
303,REMOVE,1,7
303,REMOVE,1,9
303,REMOVE,2,1
303,REMOVE,2,9
303,REMOVE,4,6
303,REMOVE,5,4
303,REMOVE,5,8
303,REMOVE,7,5
303,REMOVE,7,6
303,REMOVE,7,7
304,ADD,0,2
304,ADD,0,5
304,ADD,0,6
304,ADD,1,7
304,ADD,1,9
304,ADD,3,0
304,ADD,3,2
304,ADD,4,0
304,ADD,5,4
304,ADD,5,8
304,ADD,6,9
304,ADD,7,7
304,ADD,7,9
304,REMOVE,0,1
304,REMOVE,0,7
304,REMOVE,2,4
304,REMOVE,2,8
304,REMOVE,4,7
304,REMOVE,6,4
304,REMOVE,7,4
304,REMOVE,7,8
305,ADD,0,9
305,ADD,2,6
305,ADD,2,9
305,ADD,4,9
305,ADD,6,7
305,REMOVE,0,2
305,REMOVE,0,5
305,REMOVE,3,0
306,ADD,0,0
306,ADD,0,5
306,ADD,2,2
306,ADD,2,7
306,ADD,4,1
306,ADD,4,3
306,ADD,7,4
306,ADD,7,8
306,REMOVE,0,6
306,REMOVE,0,9
306,REMOVE,1,7
306,REMOVE,1,9
306,REMOVE,2,6
306,REMOVE,2,9
306,REMOVE,3,2
306,REMOVE,4,0
306,REMOVE,4,2
306,REMOVE,4,9
306,REMOVE,5,4
306,REMOVE,5,8
306,REMOVE,6,7
306,REMOVE,7,7
306,REMOVE,7,9
307,ADD,0,7
307,ADD,0,9
307,ADD,2,6
307,ADD,4,2
307,ADD,4,9
307,ADD,5,2
307,ADD,5,6
307,ADD,5,8
307,ADD,7,0
307,ADD,7,5
307,ADD,8,4
307,ADD,8,7
307,REMOVE,0,0
307,REMOVE,0,5
307,REMOVE,2,2
307,REMOVE,4,1
307,REMOVE,4,3
307,REMOVE,6,2
307,REMOVE,6,9
307,REMOVE,7,4
307,REMOVE,7,8
308,ADD,0,2
308,ADD,1,6
308,ADD,1,8
308,ADD,2,3
308,ADD,4,5
308,ADD,4,8
308,ADD,5,7
308,ADD,6,1
308,ADD,6,9
308,ADD,7,2
308,ADD,7,4
308,REMOVE,0,9
308,REMOVE,2,6
308,REMOVE,4,2
308,REMOVE,4,9
308,REMOVE,5,2
308,REMOVE,5,6
308,REMOVE,7,0
308,REMOVE,7,5
308,REMOVE,8,4
308,REMOVE,8,7
309,ADD,0,9
309,ADD,1,2
309,ADD,1,4
309,ADD,2,2
309,ADD,4,1
309,ADD,4,6
309,ADD,5,2
309,ADD,5,4
309,ADD,6,0
309,ADD,6,5
309,ADD,7,0
309,ADD,7,6
309,REMOVE,0,7
309,REMOVE,1,6
309,REMOVE,1,8
309,REMOVE,2,3
309,REMOVE,4,5
309,REMOVE,4,8
309,REMOVE,5,7
309,REMOVE,5,8
309,REMOVE,6,1
309,REMOVE,6,9
309,REMOVE,7,4
310,ADD,0,6
310,ADD,1,9
310,ADD,2,5
310,ADD,2,9
310,ADD,4,9
310,ADD,5,7
310,REMOVE,1,4
310,REMOVE,2,2
310,REMOVE,4,1
310,REMOVE,5,4
311,ADD,0,7
311,ADD,1,7
311,ADD,2,8
311,ADD,4,8
311,ADD,6,4
311,ADD,6,8
311,REMOVE,0,2
311,REMOVE,0,6
311,REMOVE,1,2
311,REMOVE,2,5
312,ADD,3,6
312,ADD,3,9
312,ADD,6,7
312,ADD,6,9
312,ADD,7,9
312,REMOVE,0,7
312,REMOVE,0,9
312,REMOVE,1,7
312,REMOVE,1,9
313,ADD,1,6
313,ADD,1,9
313,ADD,5,8
313,REMOVE,2,7
313,REMOVE,2,8
313,REMOVE,2,9
313,REMOVE,3,6
314,ADD,1,2
314,ADD,2,0
314,ADD,2,6
314,ADD,2,7
314,ADD,3,1
314,ADD,4,7
314,REMOVE,1,6
314,REMOVE,4,6
314,REMOVE,4,8
314,REMOVE,5,2
315,ADD,1,7
315,ADD,5,5
315,REMOVE,1,9
315,REMOVE,2,0
315,REMOVE,3,1
316,ADD,1,6
316,ADD,1,9
316,ADD,2,5
316,ADD,4,8
316,REMOVE,1,2
316,REMOVE,2,6
316,REMOVE,3,9
316,REMOVE,4,9
317,ADD,2,9
317,ADD,4,2
317,REMOVE,1,6
317,REMOVE,2,5
317,REMOVE,4,8
318,ADD,1,8
318,ADD,2,3
318,ADD,4,8
318,ADD,5,9
318,REMOVE,1,7
318,REMOVE,2,7
318,REMOVE,4,7
318,REMOVE,5,5
319,ADD,1,7
319,ADD,4,9
319,REMOVE,1,9
319,REMOVE,2,3
319,REMOVE,2,9
319,REMOVE,5,7
320,ADD,1,2
320,ADD,1,3
320,ADD,2,7
320,ADD,2,9
320,REMOVE,1,8
320,REMOVE,4,9
321,ADD,1,9
321,ADD,2,8
321,ADD,4,0
321,ADD,4,6
321,REMOVE,1,3
321,REMOVE,2,9
321,REMOVE,4,8
321,REMOVE,5,8
322,ADD,1,8
322,ADD,2,9
322,REMOVE,2,7
322,REMOVE,4,0
322,REMOVE,4,2
322,REMOVE,4,6
323,ADD,1,5
323,ADD,2,2
323,ADD,4,4
323,ADD,4,8
323,REMOVE,1,2
323,REMOVE,1,8
323,REMOVE,1,9
323,REMOVE,5,9
324,ADD,1,9
324,ADD,2,7
324,ADD,4,2
324,ADD,4,5
324,ADD,5,3
324,ADD,5,9
324,REMOVE,1,5
324,REMOVE,2,2
324,REMOVE,2,9
324,REMOVE,4,8
325,ADD,1,8
325,ADD,4,9
325,REMOVE,1,7
325,REMOVE,4,2
325,REMOVE,4,5
326,ADD,2,9
326,ADD,4,8
326,REMOVE,1,8
326,REMOVE,1,9
326,REMOVE,2,7
326,REMOVE,4,4
327,ADD,1,6
327,ADD,1,9
327,ADD,2,7
327,REMOVE,2,9
327,REMOVE,4,8
327,REMOVE,4,9
327,REMOVE,5,3
328,ADD,0,1
328,ADD,0,9
328,ADD,1,8
328,ADD,2,2
328,ADD,5,8
328,REMOVE,1,6
328,REMOVE,2,8
328,REMOVE,6,0
328,REMOVE,6,5
329,ADD,1,0
329,ADD,1,2
329,ADD,2,9
329,ADD,4,2
329,ADD,4,9
329,ADD,5,2
329,REMOVE,0,1
329,REMOVE,0,9
329,REMOVE,2,7
329,REMOVE,6,4
330,ADD,4,8
330,ADD,6,5
330,REMOVE,1,0
330,REMOVE,1,2
330,REMOVE,1,8
330,REMOVE,1,9
331,ADD,1,6
331,ADD,1,9
331,ADD,2,7
331,ADD,5,7
331,REMOVE,4,2
331,REMOVE,4,8
331,REMOVE,4,9
331,REMOVE,5,2
332,ADD,1,8
332,ADD,2,5
332,ADD,4,5
332,ADD,4,8
332,REMOVE,1,9
332,REMOVE,2,2
332,REMOVE,2,9
333,ADD,4,7
333,REMOVE,1,6
333,REMOVE,1,8
334,ADD,1,7
334,ADD,1,9
334,ADD,2,8
334,ADD,4,2
334,REMOVE,2,7
334,REMOVE,4,5
334,REMOVE,4,8
334,REMOVE,5,7
335,ADD,1,5
335,ADD,4,3
335,ADD,5,7
335,REMOVE,1,9
335,REMOVE,2,5
335,REMOVE,2,8
335,REMOVE,4,7
336,ADD,0,7
336,ADD,0,8
336,ADD,1,9
336,ADD,2,0
336,ADD,2,1
336,ADD,2,7
336,ADD,4,9
336,REMOVE,1,5
336,REMOVE,4,2
336,REMOVE,5,8
337,ADD,2,9
337,REMOVE,2,0
337,REMOVE,2,7
338,ADD,1,8
338,REMOVE,0,7
338,REMOVE,0,8
338,REMOVE,1,7
338,REMOVE,2,1
339,ADD,1,1
339,ADD,2,4
339,ADD,2,7
339,ADD,3,6
339,ADD,3,9
339,ADD,4,8
339,ADD,5,8
339,REMOVE,1,8
339,REMOVE,4,3
339,REMOVE,5,9
339,REMOVE,6,5
340,ADD,1,3
340,ADD,1,5
340,ADD,5,9
340,REMOVE,1,9
340,REMOVE,2,4
340,REMOVE,2,7
340,REMOVE,2,9
341,ADD,3,8
341,ADD,4,7
341,REMOVE,1,1
341,REMOVE,1,3
341,REMOVE,1,5
341,REMOVE,3,6
342,ADD,0,7
342,ADD,0,9
342,ADD,4,3
342,ADD,5,5
342,ADD,6,5
342,REMOVE,3,8
342,REMOVE,3,9
342,REMOVE,4,7
342,REMOVE,4,9
343,ADD,0,0
343,ADD,0,6
343,ADD,1,1
343,ADD,1,7
343,ADD,4,7
343,REMOVE,0,9
343,REMOVE,4,3
343,REMOVE,5,5
343,REMOVE,5,7
344,ADD,0,3
344,ADD,1,9
344,ADD,2,7
344,ADD,2,8
344,ADD,4,9
344,REMOVE,0,6
344,REMOVE,4,7
344,REMOVE,5,8
344,REMOVE,5,9
345,ADD,0,8
345,ADD,1,8
345,ADD,2,2
345,ADD,3,1
345,ADD,3,9
345,ADD,4,7
345,REMOVE,1,1
345,REMOVE,1,7
345,REMOVE,2,8
345,REMOVE,4,9
346,ADD,0,2
346,ADD,1,7
346,ADD,5,1
346,ADD,5,9
346,REMOVE,0,3
346,REMOVE,0,8
346,REMOVE,1,9
346,REMOVE,3,1
347,ADD,0,8
347,ADD,4,5
347,REMOVE,0,0
347,REMOVE,0,2
347,REMOVE,1,7
347,REMOVE,1,8
348,ADD,0,9
348,ADD,1,7
348,ADD,1,9
348,REMOVE,0,8
348,REMOVE,3,9
348,REMOVE,4,5
349,ADD,0,8
349,ADD,1,5
349,ADD,1,8
349,ADD,2,8
349,ADD,4,5
349,ADD,5,8
349,REMOVE,0,9
349,REMOVE,1,7
349,REMOVE,2,2
349,REMOVE,6,5
350,ADD,1,7
350,ADD,3,2
350,ADD,3,8
350,ADD,5,0
350,ADD,5,7
350,REMOVE,1,5
350,REMOVE,1,9
350,REMOVE,2,7
350,REMOVE,2,8
351,ADD,3,9
351,REMOVE,0,7
351,REMOVE,0,8
351,REMOVE,1,7
351,REMOVE,1,8
352,REMOVE,3,2
352,REMOVE,3,8
352,REMOVE,3,9
352,REMOVE,4,5
353,REMOVE,4,7
353,REMOVE,4,8
353,REMOVE,5,0
353,REMOVE,5,1
354,ADD,0,4
354,ADD,0,6
354,ADD,1,1
354,ADD,1,4
354,ADD,1,8
354,ADD,2,2
354,ADD,2,9
354,ADD,4,3
354,ADD,4,9
354,ADD,5,0
354,ADD,5,1
354,REMOVE,5,8
354,REMOVE,5,9
354,REMOVE,6,7
354,REMOVE,6,8
355,REMOVE,0,4
355,REMOVE,0,6
355,REMOVE,1,1
355,REMOVE,1,4
356,ADD,1,6
356,ADD,1,9
356,ADD,3,0
356,ADD,3,7
356,ADD,4,7
356,REMOVE,2,2
356,REMOVE,2,9
356,REMOVE,4,3
356,REMOVE,5,0
357,ADD,1,7
357,ADD,4,8
357,REMOVE,1,6
357,REMOVE,1,9
357,REMOVE,3,0
357,REMOVE,3,7
358,ADD,1,0
358,ADD,5,8
358,ADD,6,1
358,ADD,8,4
358,ADD,8,7
358,REMOVE,1,7
358,REMOVE,4,9
358,REMOVE,5,1
359,ADD,1,3
359,ADD,1,7
359,ADD,2,2
359,ADD,2,9
359,REMOVE,1,0
359,REMOVE,4,7
359,REMOVE,4,8
359,REMOVE,5,7
360,ADD,1,5
360,ADD,4,7
360,ADD,4,9
360,ADD,5,3
360,ADD,5,9
360,REMOVE,1,3
360,REMOVE,1,7
360,REMOVE,2,2
360,REMOVE,2,9
361,ADD,1,9
361,ADD,4,8
361,REMOVE,1,5
361,REMOVE,4,7
361,REMOVE,5,3
361,REMOVE,5,8
362,ADD,1,7
362,ADD,4,7
362,ADD,5,7
362,ADD,5,8
362,REMOVE,1,8
362,REMOVE,5,9
362,REMOVE,6,1
362,REMOVE,6,9
363,ADD,0,2
363,ADD,0,9
363,ADD,1,8
363,ADD,5,9
363,REMOVE,1,7
363,REMOVE,4,9
363,REMOVE,5,8
364,ADD,0,7
364,REMOVE,0,2
364,REMOVE,4,7
364,REMOVE,4,8
365,ADD,1,7
365,ADD,4,2
365,ADD,4,9
365,REMOVE,0,7
365,REMOVE,0,9
365,REMOVE,1,9
365,REMOVE,5,7
366,ADD,1,9
366,REMOVE,1,8
366,REMOVE,4,2
366,REMOVE,4,9
366,REMOVE,5,9
367,ADD,1,8
367,ADD,5,4
367,ADD,5,8
367,ADD,6,0
367,ADD,6,7
367,ADD,7,8
367,REMOVE,1,7
367,REMOVE,7,0
367,REMOVE,7,9
367,REMOVE,8,4
368,ADD,1,7
368,ADD,4,2
368,ADD,4,9
368,ADD,7,7
368,REMOVE,1,8
368,REMOVE,5,4
368,REMOVE,5,8
368,REMOVE,6,0
369,REMOVE,4,2
369,REMOVE,4,9
369,REMOVE,6,7
370,ADD,1,5
370,ADD,1,8
370,REMOVE,1,9
370,REMOVE,7,2
370,REMOVE,7,6
370,REMOVE,7,7
371,ADD,2,2
371,ADD,2,9
371,ADD,3,6
371,ADD,3,9
371,ADD,4,7
371,ADD,4,9
371,ADD,8,9
371,REMOVE,1,5
371,REMOVE,1,7
371,REMOVE,1,8
371,REMOVE,7,8
372,ADD,2,8
372,ADD,4,8
372,ADD,7,3
372,ADD,7,7
372,ADD,7,8
372,REMOVE,2,2
372,REMOVE,3,6
372,REMOVE,3,9
372,REMOVE,4,7
373,ADD,2,7
373,ADD,3,2
373,ADD,3,4
373,ADD,4,0
373,ADD,4,7
373,ADD,5,1
373,ADD,5,3
373,REMOVE,2,9
373,REMOVE,4,9
373,REMOVE,7,3
374,ADD,1,2
374,ADD,1,9
374,ADD,2,5
374,ADD,6,1
374,ADD,6,9
374,ADD,7,9
374,REMOVE,3,2
374,REMOVE,3,4
374,REMOVE,4,0
374,REMOVE,4,7
375,ADD,3,3
375,ADD,3,9
375,ADD,4,9
375,REMOVE,1,2
375,REMOVE,1,9
375,REMOVE,2,5
375,REMOVE,2,7
376,ADD,1,0
376,ADD,1,2
376,ADD,1,8
376,ADD,1,9
376,ADD,4,7
376,ADD,7,5
376,REMOVE,2,8
376,REMOVE,3,3
376,REMOVE,3,9
376,REMOVE,4,9
377,ADD,4,2
377,REMOVE,1,0
377,REMOVE,1,2
377,REMOVE,4,8
378,ADD,0,7
378,ADD,0,9
378,ADD,1,7
378,ADD,4,9
378,ADD,5,9
378,ADD,6,8
378,REMOVE,1,9
378,REMOVE,4,2
378,REMOVE,5,3
378,REMOVE,6,1
379,ADD,4,8
379,ADD,5,0
379,ADD,5,7
379,ADD,6,0
379,ADD,6,7
379,REMOVE,0,7
379,REMOVE,0,9
379,REMOVE,4,9
379,REMOVE,5,9
380,ADD,1,9
380,ADD,4,3
380,REMOVE,1,8
380,REMOVE,4,8
380,REMOVE,5,0
380,REMOVE,5,1
381,ADD,4,8
381,REMOVE,1,7
381,REMOVE,1,9
381,REMOVE,5,7
381,REMOVE,6,0
382,ADD,1,6
382,ADD,1,9
382,ADD,4,2
382,ADD,5,7
382,ADD,5,8
382,REMOVE,4,3
382,REMOVE,4,7
382,REMOVE,6,7
382,REMOVE,6,8
383,ADD,1,7
383,ADD,2,7
383,ADD,2,9
383,ADD,4,5
383,ADD,4,7
383,ADD,5,9
383,REMOVE,4,2
383,REMOVE,5,8
383,REMOVE,6,9
384,ADD,1,8
384,ADD,6,2
384,ADD,6,9
384,REMOVE,1,6
384,REMOVE,1,7
384,REMOVE,2,7
384,REMOVE,2,9
385,ADD,1,3
385,ADD,4,9
385,REMOVE,1,9
385,REMOVE,4,7
385,REMOVE,5,7
385,REMOVE,5,9
386,ADD,4,7
386,ADD,5,1
386,ADD,5,4
386,ADD,5,8
386,REMOVE,1,3
386,REMOVE,1,8
386,REMOVE,4,8
386,REMOVE,4,9
387,ADD,1,4
387,ADD,1,6
387,ADD,1,9
387,ADD,2,0
387,ADD,2,2
387,ADD,2,3
387,ADD,2,4
387,ADD,4,2
387,ADD,5,9
387,ADD,6,8
387,REMOVE,4,5
387,REMOVE,5,1
387,REMOVE,5,4
387,REMOVE,6,9
388,ADD,2,9
388,ADD,3,2
388,ADD,3,9
388,REMOVE,1,4
388,REMOVE,1,6
388,REMOVE,1,9
388,REMOVE,2,0
389,ADD,4,9
389,ADD,5,7
389,REMOVE,2,2
389,REMOVE,2,3
389,REMOVE,2,4
389,REMOVE,2,9
390,ADD,6,9
390,REMOVE,3,2
390,REMOVE,3,9
390,REMOVE,4,9
391,ADD,4,6
391,REMOVE,4,2
391,REMOVE,5,7
391,REMOVE,6,8
392,ADD,5,6
392,REMOVE,4,6
392,REMOVE,4,7
392,REMOVE,5,9
392,REMOVE,6,2
393,ADD,4,7
393,ADD,4,9
393,ADD,5,9
393,REMOVE,5,6
393,REMOVE,6,9
393,REMOVE,7,7
394,ADD,0,2
394,ADD,0,9
394,ADD,4,2
394,ADD,4,8
394,ADD,6,0
394,ADD,6,7
394,ADD,7,7
394,REMOVE,5,8
394,REMOVE,5,9
394,REMOVE,7,9
394,REMOVE,8,7
395,ADD,5,5
395,ADD,5,8
395,ADD,6,8
395,REMOVE,0,2
395,REMOVE,0,9
395,REMOVE,4,2
395,REMOVE,4,7
396,ADD,4,2
396,ADD,5,9
396,ADD,6,9
396,ADD,7,9
396,ADD,8,0
396,REMOVE,4,9
396,REMOVE,5,5
396,REMOVE,6,0
396,REMOVE,6,8
397,ADD,3,2
397,ADD,3,9
397,ADD,4,9
397,ADD,6,2
397,REMOVE,4,2
397,REMOVE,5,8
397,REMOVE,5,9
397,REMOVE,7,5
398,ADD,2,6
398,ADD,2,9
398,ADD,4,5
398,ADD,5,7
398,ADD,5,9
398,ADD,6,8
398,REMOVE,3,2
398,REMOVE,3,9
398,REMOVE,6,2
399,ADD,4,7
399,ADD,6,5
399,REMOVE,2,6
399,REMOVE,2,9
399,REMOVE,4,8
399,REMOVE,4,9
400,ADD,4,3
400,ADD,5,8
400,REMOVE,5,7
400,REMOVE,6,5
400,REMOVE,6,7
400,REMOVE,6,8
401,ADD,4,9
401,ADD,5,2
401,ADD,6,4
401,ADD,6,8
401,REMOVE,4,5
401,REMOVE,4,7
401,REMOVE,5,9
401,REMOVE,6,9
402,ADD,4,0
402,ADD,5,7
402,ADD,6,7
402,ADD,7,2
402,ADD,8,7
402,REMOVE,5,8
402,REMOVE,6,8
402,REMOVE,7,9
402,REMOVE,8,0
403,ADD,4,2
403,ADD,4,8
403,ADD,5,9
403,ADD,6,9
403,REMOVE,4,0
403,REMOVE,4,3
403,REMOVE,5,7
404,ADD,2,2
404,ADD,2,9
404,ADD,3,4
404,ADD,3,8
404,REMOVE,4,9
404,REMOVE,5,2
404,REMOVE,5,9
405,ADD,8,5
405,REMOVE,2,2
405,REMOVE,2,9
405,REMOVE,3,4
405,REMOVE,3,8
406,ADD,1,5
406,ADD,1,8
406,ADD,4,9
406,ADD,5,7
406,ADD,5,9
406,REMOVE,4,2
406,REMOVE,6,4
406,REMOVE,6,7
406,REMOVE,6,9
407,ADD,1,9
407,ADD,4,0
407,ADD,4,2
407,ADD,5,8
407,ADD,6,0
407,ADD,6,1
407,ADD,6,7
407,ADD,8,2
407,REMOVE,1,5
407,REMOVE,4,8
407,REMOVE,4,9
407,REMOVE,5,7
408,ADD,1,0
408,ADD,1,2
408,ADD,1,7
408,ADD,4,1
408,ADD,4,7
408,ADD,5,7
408,ADD,6,8
408,REMOVE,1,8
408,REMOVE,4,2
408,REMOVE,5,9
408,REMOVE,6,0
409,ADD,0,0
409,ADD,0,4
409,ADD,0,5
409,ADD,0,7
409,ADD,0,9
409,ADD,3,2
409,ADD,3,4
409,ADD,4,2
409,ADD,5,2
409,ADD,6,2
409,REMOVE,1,0
409,REMOVE,4,1
409,REMOVE,5,7
409,REMOVE,6,1
410,ADD,0,3
410,ADD,1,8
410,ADD,2,1
410,ADD,2,9
410,ADD,5,9
410,REMOVE,0,0
410,REMOVE,0,9
410,REMOVE,3,2
410,REMOVE,3,4
411,ADD,3,7
411,ADD,3,9
411,ADD,4,9
411,ADD,5,7
411,REMOVE,0,3
411,REMOVE,0,4
411,REMOVE,0,5
411,REMOVE,0,7
412,ADD,1,6
412,ADD,3,4
412,ADD,3,8
412,ADD,4,3
412,ADD,7,4
412,REMOVE,1,2
412,REMOVE,1,7
412,REMOVE,1,8
412,REMOVE,2,1
412,REMOVE,2,9
412,REMOVE,3,7
412,REMOVE,3,9
412,REMOVE,4,0
412,REMOVE,4,9
412,REMOVE,5,2
412,REMOVE,5,7
412,REMOVE,5,8
412,REMOVE,5,9
412,REMOVE,6,2
412,REMOVE,6,7
412,REMOVE,6,8
412,REMOVE,7,2
412,REMOVE,7,7
412,REMOVE,8,2
412,REMOVE,8,5
412,REMOVE,8,7
412,REMOVE,8,9
413,ADD,1,1
413,ADD,4,1
413,ADD,4,9
413,ADD,7,7
413,ADD,7,9
413,ADD,8,7
413,ADD,8,8
413,REMOVE,1,6
413,REMOVE,3,4
413,REMOVE,3,8
413,REMOVE,4,2
413,REMOVE,4,3
413,REMOVE,4,7
413,REMOVE,7,4
413,REMOVE,7,8
414,ADD,1,2
414,ADD,1,7
414,ADD,4,4
414,ADD,5,2
414,ADD,5,9
414,ADD,7,2
414,ADD,7,8
414,ADD,8,6
414,REMOVE,1,1
414,REMOVE,1,9
414,REMOVE,4,1
414,REMOVE,7,7
414,REMOVE,7,9
414,REMOVE,8,8
415,ADD,4,5
415,ADD,4,6
415,ADD,4,7
415,ADD,5,1
415,ADD,6,1
415,ADD,6,8
415,ADD,7,3
415,ADD,7,9
415,ADD,8,1
415,ADD,8,9
415,REMOVE,1,2
415,REMOVE,1,7
415,REMOVE,4,4
415,REMOVE,4,9
415,REMOVE,5,2
415,REMOVE,7,2
415,REMOVE,7,8
415,REMOVE,8,6
415,REMOVE,8,7
416,ADD,4,0
416,ADD,4,2
416,ADD,5,6
416,ADD,5,8
416,ADD,6,3
416,ADD,7,2
416,ADD,7,7
416,ADD,8,8
416,REMOVE,4,5
416,REMOVE,4,6
416,REMOVE,4,7
416,REMOVE,5,1
416,REMOVE,5,9
416,REMOVE,6,8
416,REMOVE,7,3
416,REMOVE,7,9
416,REMOVE,8,9
417,ADD,1,1
417,ADD,1,6
417,ADD,4,7
417,ADD,4,9
417,ADD,5,2
417,ADD,5,7
417,ADD,7,0
417,ADD,8,2
417,ADD,8,4
417,ADD,8,7
417,REMOVE,4,0
417,REMOVE,5,6
417,REMOVE,5,8
417,REMOVE,6,1
417,REMOVE,6,3
417,REMOVE,7,7
417,REMOVE,8,1
417,REMOVE,8,8
418,ADD,7,7
418,REMOVE,1,1
418,REMOVE,1,6
418,REMOVE,4,2
418,REMOVE,4,7
418,REMOVE,4,9
418,REMOVE,5,2
418,REMOVE,5,7
418,REMOVE,7,2
418,REMOVE,8,2
418,REMOVE,8,4
418,REMOVE,8,7
419,ADD,0,6
419,ADD,0,8
419,ADD,1,0
419,ADD,1,2
419,ADD,1,7
419,ADD,2,2
419,ADD,2,9
419,ADD,4,0
419,ADD,4,2
419,ADD,5,2
419,ADD,5,7
419,ADD,6,3
419,ADD,6,9
419,ADD,7,5
419,ADD,7,9
419,ADD,8,5
419,ADD,8,6
419,ADD,8,7
419,REMOVE,7,0
420,ADD,4,8
420,ADD,7,2
420,ADD,8,2
420,REMOVE,0,6
420,REMOVE,0,8
420,REMOVE,1,0
420,REMOVE,1,2
420,REMOVE,1,7
420,REMOVE,2,2
420,REMOVE,2,9
420,REMOVE,4,0
420,REMOVE,5,2
420,REMOVE,5,7
420,REMOVE,6,3
420,REMOVE,6,9
420,REMOVE,7,5
420,REMOVE,7,9
420,REMOVE,8,5
420,REMOVE,8,6
421,ADD,1,6
421,ADD,1,8
421,ADD,2,0
421,ADD,2,6
421,ADD,2,7
421,ADD,4,7
421,ADD,4,9
421,ADD,5,4
421,ADD,5,9
421,ADD,7,1
421,ADD,7,5
421,ADD,7,8
421,ADD,8,3
421,ADD,8,9
421,REMOVE,4,2
421,REMOVE,7,2
421,REMOVE,7,7
421,REMOVE,8,2
421,REMOVE,8,7
422,ADD,2,1
422,ADD,2,5
422,ADD,4,2
422,ADD,4,4
422,ADD,5,1
422,ADD,5,8
422,ADD,7,3
422,ADD,7,9
422,ADD,8,4
422,ADD,8,6
422,REMOVE,1,6
422,REMOVE,1,8
422,REMOVE,2,0
422,REMOVE,2,6
422,REMOVE,4,7
422,REMOVE,4,8
422,REMOVE,4,9
422,REMOVE,5,4
422,REMOVE,5,9
422,REMOVE,7,1
422,REMOVE,7,8
422,REMOVE,8,3
422,REMOVE,8,9
423,ADD,2,9
423,ADD,4,1
423,ADD,4,3
423,ADD,5,2
423,ADD,5,7
423,ADD,7,6
423,ADD,7,8
423,ADD,8,2
423,ADD,8,7
423,REMOVE,2,1
423,REMOVE,2,5
423,REMOVE,4,2
423,REMOVE,4,4
423,REMOVE,5,1
423,REMOVE,5,8
423,REMOVE,7,3
423,REMOVE,7,9
423,REMOVE,8,4
423,REMOVE,8,6
424,ADD,3,3
424,ADD,3,9
424,ADD,4,2
424,ADD,4,7
424,ADD,7,1
424,ADD,7,7
424,ADD,8,4
424,ADD,8,8
424,REMOVE,2,7
424,REMOVE,2,9
424,REMOVE,4,1
424,REMOVE,4,3
424,REMOVE,5,2
424,REMOVE,5,7
424,REMOVE,7,5
424,REMOVE,7,8
424,REMOVE,8,2
424,REMOVE,8,7
425,ADD,4,0
425,ADD,4,6
425,ADD,4,9
425,ADD,5,0
425,ADD,5,5
425,ADD,7,9
425,ADD,8,2
425,ADD,8,7
425,REMOVE,3,3
425,REMOVE,3,9
425,REMOVE,4,7
425,REMOVE,7,1
425,REMOVE,7,6
425,REMOVE,8,4
426,ADD,5,1
426,ADD,5,9
426,ADD,7,5
426,ADD,7,8
426,ADD,8,5
426,REMOVE,4,0
426,REMOVE,4,2
426,REMOVE,5,0
426,REMOVE,5,5
426,REMOVE,7,7
426,REMOVE,7,9
426,REMOVE,8,7
426,REMOVE,8,8
427,ADD,3,2
427,ADD,3,9
427,ADD,4,5
427,ADD,4,7
427,ADD,7,7
427,ADD,8,7
427,ADD,8,8
427,REMOVE,4,6
427,REMOVE,5,1
427,REMOVE,5,9
427,REMOVE,7,5
427,REMOVE,8,2
427,REMOVE,8,5
428,ADD,5,4
428,ADD,5,8
428,ADD,7,1
428,ADD,7,9
428,ADD,8,2
428,REMOVE,3,2
428,REMOVE,3,9
428,REMOVE,4,5
428,REMOVE,4,7
428,REMOVE,4,9
428,REMOVE,7,7
428,REMOVE,7,8
428,REMOVE,8,7
429,ADD,1,2
429,ADD,1,9
429,ADD,7,4
429,ADD,7,8
429,ADD,8,4
429,REMOVE,5,4
429,REMOVE,5,8
429,REMOVE,7,1
429,REMOVE,7,9
429,REMOVE,8,2
430,ADD,4,5
430,ADD,4,8
430,ADD,5,3
430,ADD,5,8
430,ADD,7,2
430,ADD,7,9
430,ADD,8,6
430,ADD,8,7
430,REMOVE,1,2
430,REMOVE,1,9
430,REMOVE,7,4
430,REMOVE,7,8
430,REMOVE,8,4
430,REMOVE,8,8
431,ADD,1,4
431,ADD,1,8
431,ADD,7,0
431,ADD,8,8
431,REMOVE,4,5
431,REMOVE,4,8
431,REMOVE,5,3
431,REMOVE,5,8
431,REMOVE,8,7
432,ADD,5,4
432,ADD,5,8
432,ADD,7,7
432,ADD,8,0
432,ADD,8,7
432,REMOVE,1,4
432,REMOVE,1,8
432,REMOVE,7,0
432,REMOVE,7,9
432,REMOVE,8,6
432,REMOVE,8,8
433,ADD,7,9
433,ADD,8,2
433,ADD,8,9
433,REMOVE,5,4
433,REMOVE,5,8
433,REMOVE,7,7
433,REMOVE,8,0
433,REMOVE,8,7
434,ADD,2,7
434,ADD,2,9
434,ADD,4,7
434,ADD,4,8
434,ADD,5,7
434,ADD,5,9
434,ADD,8,3
434,REMOVE,7,2
434,REMOVE,7,9
434,REMOVE,8,2
435,ADD,1,3
435,ADD,1,9
435,ADD,5,3
435,ADD,7,5
435,ADD,7,7
435,ADD,7,9
435,ADD,8,7
435,REMOVE,2,7
435,REMOVE,2,9
435,REMOVE,4,7
435,REMOVE,4,8
435,REMOVE,5,7
435,REMOVE,8,9
436,ADD,3,2
436,ADD,3,9
436,ADD,4,2
436,ADD,4,9
436,ADD,5,7
436,ADD,5,8
436,ADD,7,0
436,ADD,8,6
436,ADD,8,9
436,REMOVE,1,3
436,REMOVE,1,9
436,REMOVE,5,3
436,REMOVE,5,9
436,REMOVE,7,5
436,REMOVE,7,9
436,REMOVE,8,3
436,REMOVE,8,7
437,ADD,4,7
437,ADD,8,4
437,ADD,8,8
437,REMOVE,3,2
437,REMOVE,3,9
437,REMOVE,4,2
437,REMOVE,5,7
437,REMOVE,5,8
437,REMOVE,7,0
437,REMOVE,7,7
437,REMOVE,8,6
437,REMOVE,8,9
438,ADD,1,2
438,ADD,1,3
438,ADD,4,0
438,ADD,5,7
438,ADD,5,9
438,ADD,7,8
438,ADD,7,9
438,ADD,8,2
438,ADD,8,3
438,ADD,8,7
438,REMOVE,4,9
438,REMOVE,8,4
438,REMOVE,8,8
439,ADD,4,2
439,ADD,7,4
439,REMOVE,1,2
439,REMOVE,1,3
439,REMOVE,4,0
439,REMOVE,5,7
439,REMOVE,5,9
439,REMOVE,7,9
439,REMOVE,8,3
440,ADD,0,1
440,ADD,0,9
440,ADD,4,4
440,ADD,4,8
440,ADD,8,3
440,ADD,8,6
440,REMOVE,4,2
440,REMOVE,4,7
440,REMOVE,7,4
440,REMOVE,7,8
440,REMOVE,8,2
441,ADD,1,0
441,ADD,1,2
441,ADD,4,6
441,ADD,5,2
441,ADD,5,5
441,ADD,6,5
441,ADD,6,8
441,ADD,7,7
441,ADD,7,8
441,ADD,8,0
441,REMOVE,0,1
441,REMOVE,0,9
441,REMOVE,4,8
441,REMOVE,8,3
441,REMOVE,8,6
442,ADD,1,4
442,ADD,1,8
442,ADD,4,7
442,ADD,4,9
442,ADD,6,7
442,ADD,7,1
442,ADD,7,2
442,ADD,8,6
442,ADD,8,9
442,REMOVE,1,0
442,REMOVE,1,2
442,REMOVE,4,4
442,REMOVE,4,6
442,REMOVE,5,2
442,REMOVE,5,5
442,REMOVE,6,5
442,REMOVE,7,7
442,REMOVE,8,0
442,REMOVE,8,7
443,ADD,4,0
443,ADD,4,2
443,ADD,5,6
443,ADD,5,9
443,ADD,6,1
443,ADD,6,9
443,ADD,7,3
443,ADD,7,7
443,ADD,8,2
443,ADD,8,7
443,REMOVE,1,4
443,REMOVE,1,8
443,REMOVE,4,7
443,REMOVE,4,9
443,REMOVE,6,7
443,REMOVE,6,8
443,REMOVE,7,2
443,REMOVE,7,8
443,REMOVE,8,6
443,REMOVE,8,9
444,ADD,0,4
444,ADD,0,6
444,ADD,4,1
444,ADD,4,6
444,ADD,5,7
444,ADD,5,8
444,ADD,8,8
444,REMOVE,4,0
444,REMOVE,4,2
444,REMOVE,5,6
444,REMOVE,5,9
444,REMOVE,6,1
444,REMOVE,6,9
444,REMOVE,7,7
444,REMOVE,8,7
445,ADD,4,2
445,ADD,4,7
445,ADD,5,6
445,ADD,5,9
445,ADD,7,5
445,ADD,7,7
445,ADD,8,1
445,ADD,8,7
445,REMOVE,0,4
445,REMOVE,0,6
445,REMOVE,4,1
445,REMOVE,4,6
445,REMOVE,5,7
445,REMOVE,5,8
445,REMOVE,7,3
445,REMOVE,8,8
446,ADD,0,2
446,ADD,0,3
446,ADD,2,4
446,ADD,2,8
446,ADD,4,5
446,ADD,4,8
446,ADD,5,2
446,ADD,5,3
446,REMOVE,4,2
446,REMOVE,4,7
446,REMOVE,5,6
446,REMOVE,5,9
446,REMOVE,7,1
446,REMOVE,7,5
446,REMOVE,7,7
446,REMOVE,8,1
447,ADD,1,2
447,ADD,1,8
447,ADD,2,7
447,ADD,4,1
447,ADD,5,8
447,ADD,6,1
447,ADD,6,3
447,ADD,7,7
447,ADD,7,8
447,ADD,8,3
447,ADD,8,6
447,REMOVE,0,2
447,REMOVE,0,3
447,REMOVE,2,4
447,REMOVE,4,5
447,REMOVE,5,3
447,REMOVE,8,2
448,ADD,1,7
448,ADD,2,3
448,ADD,2,9
448,ADD,4,7
448,ADD,4,9
448,ADD,5,7
448,ADD,7,5
448,ADD,8,4
448,REMOVE,1,2
448,REMOVE,2,7
448,REMOVE,2,8
448,REMOVE,4,1
448,REMOVE,4,8
448,REMOVE,5,8
448,REMOVE,6,1
448,REMOVE,6,3
448,REMOVE,8,3
448,REMOVE,8,6
449,ADD,0,7
449,ADD,0,9
449,ADD,2,1
449,ADD,2,6
449,ADD,5,4
449,ADD,5,8
449,ADD,6,7
449,ADD,6,9
449,ADD,8,1
449,ADD,8,3
449,ADD,8,5
449,REMOVE,1,7
449,REMOVE,1,8
449,REMOVE,2,3
449,REMOVE,2,9
449,REMOVE,4,7
449,REMOVE,4,9
449,REMOVE,5,2
449,REMOVE,5,7
449,REMOVE,7,5
449,REMOVE,7,7
449,REMOVE,7,8
449,REMOVE,8,4
449,REMOVE,8,7
450,ADD,4,5
450,ADD,4,7
450,ADD,5,2
450,ADD,5,7
450,ADD,7,7
450,ADD,7,8
450,ADD,8,0
450,ADD,8,2
450,REMOVE,0,7
450,REMOVE,0,9
450,REMOVE,2,1
450,REMOVE,2,6
450,REMOVE,5,4
450,REMOVE,5,8
450,REMOVE,6,7
450,REMOVE,6,9
450,REMOVE,8,1
450,REMOVE,8,3
450,REMOVE,8,5
451,ADD,1,2
451,ADD,1,3
451,ADD,2,4
451,ADD,2,8
451,ADD,4,2
451,ADD,4,8
451,ADD,8,7
451,ADD,8,8
451,REMOVE,4,5
451,REMOVE,8,0
452,ADD,2,2
452,ADD,5,4
452,ADD,7,0
452,ADD,7,5
452,ADD,8,9
452,REMOVE,1,2
452,REMOVE,1,3
452,REMOVE,2,4
452,REMOVE,4,7
452,REMOVE,5,7
452,REMOVE,7,7
452,REMOVE,7,8
452,REMOVE,8,7
453,ADD,4,5
453,ADD,5,8
453,ADD,8,7
453,REMOVE,2,2
453,REMOVE,2,8
453,REMOVE,4,2
453,REMOVE,5,4
453,REMOVE,7,0
453,REMOVE,7,5
453,REMOVE,8,8
453,REMOVE,8,9
454,ADD,0,4
454,ADD,0,8
454,ADD,4,1
454,ADD,4,9
454,ADD,5,4
454,ADD,7,3
454,ADD,7,9
454,ADD,8,5
454,ADD,8,6
454,REMOVE,4,5
454,REMOVE,4,8
454,REMOVE,5,2
454,REMOVE,8,2
455,ADD,0,7
455,ADD,0,9
455,ADD,5,2
455,ADD,5,7
455,ADD,6,2
455,ADD,6,4
455,ADD,7,0
455,ADD,7,5
455,ADD,8,8
455,REMOVE,0,4
455,REMOVE,0,8
455,REMOVE,4,1
455,REMOVE,4,9
455,REMOVE,5,4
455,REMOVE,5,8
455,REMOVE,7,3
455,REMOVE,7,9
455,REMOVE,8,5
455,REMOVE,8,6
456,ADD,7,2
456,ADD,7,9
456,REMOVE,0,7
456,REMOVE,0,9
456,REMOVE,5,2
456,REMOVE,5,7
456,REMOVE,6,2
456,REMOVE,6,4
456,REMOVE,7,0
456,REMOVE,7,5
456,REMOVE,8,7
456,REMOVE,8,8
457,ADD,5,0
457,ADD,5,7
457,ADD,7,0
457,ADD,7,7
457,ADD,8,0
457,ADD,8,2
457,ADD,8,6
457,REMOVE,7,2
457,REMOVE,7,9
458,ADD,2,0
458,ADD,2,1
458,ADD,2,8
458,ADD,4,1
458,ADD,4,9
458,ADD,5,2
458,ADD,7,3
458,ADD,7,5
458,ADD,8,1
458,ADD,8,7
458,REMOVE,5,0
458,REMOVE,7,0
458,REMOVE,8,2
458,REMOVE,8,6
459,ADD,7,4
459,ADD,7,8
459,ADD,8,2
459,ADD,8,3
459,REMOVE,2,0
459,REMOVE,2,1
459,REMOVE,2,8
459,REMOVE,4,1
459,REMOVE,4,9
459,REMOVE,5,2
459,REMOVE,5,7
459,REMOVE,7,3
459,REMOVE,7,5
459,REMOVE,7,7
459,REMOVE,8,0
459,REMOVE,8,1
460,ADD,1,3
460,ADD,1,9
460,ADD,2,2
460,ADD,2,7
460,ADD,7,7
460,ADD,7,9
460,REMOVE,7,4
460,REMOVE,7,8
460,REMOVE,8,3
461,ADD,1,1
461,ADD,7,3
461,ADD,8,1
461,REMOVE,1,3
461,REMOVE,7,7
462,ADD,0,2
462,ADD,0,5
462,ADD,5,1
462,ADD,5,9
462,ADD,8,8
462,REMOVE,1,1
462,REMOVE,1,9
462,REMOVE,2,2
462,REMOVE,2,7
462,REMOVE,8,1
462,REMOVE,8,2
463,ADD,0,7
463,ADD,4,2
463,ADD,4,9
463,ADD,5,0
463,ADD,5,2
463,ADD,7,7
463,ADD,8,6
463,REMOVE,0,5
463,REMOVE,5,1
463,REMOVE,5,9
463,REMOVE,7,3
463,REMOVE,8,8
464,ADD,4,7
464,ADD,5,5
464,ADD,5,8
464,ADD,8,8
464,REMOVE,0,2
464,REMOVE,0,7
464,REMOVE,4,2
464,REMOVE,5,0
464,REMOVE,5,2
464,REMOVE,7,7
464,REMOVE,7,9
464,REMOVE,8,6
465,ADD,0,2
465,ADD,0,7
465,ADD,1,0
465,ADD,1,5
465,ADD,5,1
465,ADD,5,3
465,ADD,7,2
465,ADD,7,9
465,ADD,8,0
465,ADD,8,3
465,REMOVE,5,5
465,REMOVE,5,8
465,REMOVE,8,8
466,ADD,0,3
466,ADD,0,6
466,ADD,5,2
466,ADD,5,9
466,ADD,7,7
466,ADD,8,9
466,REMOVE,0,2
466,REMOVE,1,0
466,REMOVE,1,5
466,REMOVE,4,7
466,REMOVE,4,9
466,REMOVE,5,1
466,REMOVE,5,3
466,REMOVE,7,9
466,REMOVE,8,0
466,REMOVE,8,3
467,ADD,0,2
467,ADD,0,9
467,ADD,5,1
467,ADD,5,3
467,ADD,7,4
467,ADD,7,8
467,ADD,8,8
467,REMOVE,0,3
467,REMOVE,0,6
467,REMOVE,0,7
467,REMOVE,5,2
467,REMOVE,5,9
467,REMOVE,7,2
467,REMOVE,7,7
467,REMOVE,8,9
468,ADD,0,4
468,ADD,0,6
468,ADD,1,1
468,ADD,1,9
468,ADD,2,0
468,ADD,2,7
468,ADD,2,9
468,ADD,4,2
468,ADD,4,7
468,ADD,4,8
468,ADD,6,1
468,ADD,6,6
468,REMOVE,0,2
468,REMOVE,0,9
468,REMOVE,7,4
468,REMOVE,7,8
469,ADD,2,8
469,ADD,4,9
469,ADD,7,6
469,ADD,7,8
469,ADD,8,9
469,REMOVE,0,4
469,REMOVE,0,6
469,REMOVE,1,1
469,REMOVE,1,9
469,REMOVE,2,0
469,REMOVE,2,7
469,REMOVE,4,2
469,REMOVE,4,8
469,REMOVE,5,1
469,REMOVE,5,3
469,REMOVE,6,1
469,REMOVE,6,6
469,REMOVE,8,8
470,ADD,2,3
470,ADD,5,6
470,ADD,5,9
470,ADD,6,5
470,ADD,6,8
470,ADD,7,1
470,ADD,7,9
470,REMOVE,2,8
470,REMOVE,4,7
470,REMOVE,4,9
470,REMOVE,7,6
470,REMOVE,7,8
471,ADD,0,1
471,ADD,0,9
471,ADD,4,3
471,ADD,4,9
471,ADD,5,3
471,ADD,8,8
471,REMOVE,2,3
471,REMOVE,2,9
471,REMOVE,5,6
471,REMOVE,6,5
471,REMOVE,6,8
471,REMOVE,7,1
471,REMOVE,7,9
471,REMOVE,8,9
472,ADD,0,8
472,ADD,4,2
472,ADD,5,2
472,ADD,5,4
472,ADD,7,0
472,ADD,7,2
472,ADD,8,3
472,REMOVE,4,9
472,REMOVE,5,3
472,REMOVE,5,9
472,REMOVE,8,8
473,ADD,0,2
473,ADD,0,7
473,ADD,4,8
473,ADD,5,9
473,ADD,7,1
473,ADD,7,9
473,ADD,8,0
473,ADD,8,6
473,ADD,8,8
473,REMOVE,0,1
473,REMOVE,0,8
473,REMOVE,0,9
473,REMOVE,4,3
473,REMOVE,5,4
473,REMOVE,7,0
473,REMOVE,7,2
473,REMOVE,8,3
473,REMOVE,8,7
474,ADD,0,3
474,ADD,0,8
474,ADD,0,9
474,ADD,1,5
474,ADD,1,8
474,ADD,2,5
474,ADD,2,7
474,ADD,2,8
474,ADD,4,7
474,ADD,5,7
474,ADD,5,8
474,ADD,7,7
474,ADD,8,2
474,ADD,8,7
474,REMOVE,0,2
474,REMOVE,0,7
474,REMOVE,4,2
474,REMOVE,5,2
474,REMOVE,5,9
474,REMOVE,7,1
474,REMOVE,8,0
474,REMOVE,8,6
475,ADD,0,2
475,ADD,0,7
475,ADD,1,2
475,ADD,1,7
475,ADD,1,9
475,ADD,4,9
475,ADD,5,0
475,ADD,7,1
475,ADD,7,8
475,ADD,8,3
475,REMOVE,0,3
475,REMOVE,0,8
475,REMOVE,1,5
475,REMOVE,1,8
475,REMOVE,2,5
475,REMOVE,2,7
475,REMOVE,2,8
475,REMOVE,4,7
475,REMOVE,5,7
475,REMOVE,7,7
475,REMOVE,7,9
475,REMOVE,8,2
476,ADD,2,0
476,ADD,2,2
476,ADD,4,6
476,ADD,7,6
476,ADD,7,9
476,ADD,8,1
476,REMOVE,0,2
476,REMOVE,1,2
476,REMOVE,1,7
476,REMOVE,1,9
476,REMOVE,4,8
476,REMOVE,5,0
476,REMOVE,5,8
476,REMOVE,7,1
476,REMOVE,7,8
476,REMOVE,8,3
476,REMOVE,8,7
477,ADD,1,2
477,ADD,1,9
477,ADD,2,7
477,ADD,2,9
477,ADD,4,3
477,ADD,5,1
477,ADD,5,9
477,ADD,7,1
477,REMOVE,0,7
477,REMOVE,0,9
477,REMOVE,2,0
477,REMOVE,2,2
477,REMOVE,4,6
477,REMOVE,7,6
477,REMOVE,8,1
477,REMOVE,8,8
478,ADD,0,7
478,ADD,0,9
478,ADD,4,2
478,ADD,4,7
478,ADD,7,3
478,ADD,7,8
478,ADD,8,1
478,ADD,8,9
478,REMOVE,1,2
478,REMOVE,1,9
478,REMOVE,2,7
478,REMOVE,2,9
478,REMOVE,4,3
478,REMOVE,4,9
478,REMOVE,5,1
478,REMOVE,5,9
478,REMOVE,7,1
478,REMOVE,7,9
479,ADD,1,0
479,ADD,1,2
479,ADD,2,2
479,ADD,2,9
479,ADD,4,8
479,ADD,7,2
479,ADD,7,7
479,ADD,8,3
479,ADD,8,5
479,ADD,8,7
479,REMOVE,0,7
479,REMOVE,0,9
479,REMOVE,4,7
479,REMOVE,7,3
479,REMOVE,7,8
479,REMOVE,8,1
479,REMOVE,8,9
480,ADD,1,1
480,ADD,1,7
480,ADD,2,1
480,ADD,2,6
480,ADD,4,7
480,ADD,5,1
480,ADD,5,8
480,ADD,7,0
480,ADD,8,8
480,ADD,8,9
480,REMOVE,1,0
480,REMOVE,1,2
480,REMOVE,2,2
480,REMOVE,2,9
480,REMOVE,4,8
480,REMOVE,7,2
480,REMOVE,8,3
480,REMOVE,8,5
481,ADD,0,3
481,ADD,0,9
481,ADD,1,3
481,ADD,1,5
481,ADD,2,3
481,ADD,2,5
481,ADD,4,3
481,ADD,5,0
481,ADD,5,2
481,ADD,8,3
481,REMOVE,1,1
481,REMOVE,1,7
481,REMOVE,2,1
481,REMOVE,2,6
481,REMOVE,4,2
481,REMOVE,5,1
481,REMOVE,5,8
481,REMOVE,7,0
481,REMOVE,7,7
481,REMOVE,8,9
482,ADD,0,2
482,ADD,0,7
482,ADD,1,0
482,ADD,1,1
482,ADD,1,7
482,ADD,2,0
482,ADD,4,4
482,ADD,4,8
482,ADD,8,0
482,ADD,8,2
482,REMOVE,0,3
482,REMOVE,0,9
482,REMOVE,1,3
482,REMOVE,1,5
482,REMOVE,2,3
482,REMOVE,4,3
482,REMOVE,4,7
482,REMOVE,8,3
482,REMOVE,8,7
482,REMOVE,8,8
483,ADD,1,5
483,ADD,1,8
483,ADD,4,7
483,ADD,4,9
483,ADD,7,2
483,ADD,7,8
483,REMOVE,1,0
483,REMOVE,1,1
483,REMOVE,1,7
483,REMOVE,2,0
483,REMOVE,2,5
483,REMOVE,4,4
483,REMOVE,4,8
483,REMOVE,5,0
483,REMOVE,5,2
483,REMOVE,8,0
483,REMOVE,8,2
484,ADD,0,4
484,ADD,0,8
484,ADD,4,0
484,ADD,7,7
484,ADD,7,9
484,ADD,8,5
484,ADD,8,8
484,REMOVE,0,2
484,REMOVE,0,7
484,REMOVE,1,5
484,REMOVE,1,8
484,REMOVE,4,9
484,REMOVE,7,2
484,REMOVE,7,8
485,ADD,4,4
485,ADD,4,8
485,ADD,5,3
485,ADD,5,9
485,ADD,7,8
485,ADD,8,7
485,ADD,8,9
485,REMOVE,0,4
485,REMOVE,0,8
485,REMOVE,4,0
485,REMOVE,4,7
485,REMOVE,7,7
485,REMOVE,8,5
486,ADD,0,3
486,ADD,0,9
486,ADD,1,1
486,ADD,1,9
486,ADD,4,3
486,ADD,5,2
486,ADD,5,8
486,ADD,7,1
486,ADD,8,2
486,REMOVE,4,4
486,REMOVE,5,3
486,REMOVE,5,9
486,REMOVE,7,8
486,REMOVE,8,8
486,REMOVE,8,9
487,ADD,0,4
487,ADD,0,8
487,ADD,4,0
487,ADD,4,7
487,ADD,6,7
487,ADD,6,9
487,ADD,8,3
487,REMOVE,0,3
487,REMOVE,0,9
487,REMOVE,1,1
487,REMOVE,1,9
487,REMOVE,4,3
487,REMOVE,4,8
487,REMOVE,5,8
488,ADD,0,5
488,ADD,0,7
488,ADD,0,9
488,ADD,1,2
488,ADD,1,6
488,ADD,1,8
488,ADD,4,5
488,ADD,4,9
488,ADD,5,7
488,ADD,5,9
488,ADD,6,0
488,ADD,6,5
488,ADD,7,0
488,ADD,7,2
488,REMOVE,0,4
488,REMOVE,0,8
488,REMOVE,4,0
488,REMOVE,5,2
488,REMOVE,6,7
488,REMOVE,6,9
488,REMOVE,7,1
488,REMOVE,7,9
488,REMOVE,8,3
489,ADD,4,8
489,ADD,6,3
489,ADD,6,9
489,ADD,7,7
489,ADD,7,9
489,ADD,8,8
489,REMOVE,0,5
489,REMOVE,0,7
489,REMOVE,0,9
489,REMOVE,1,2
489,REMOVE,1,6
489,REMOVE,1,8
489,REMOVE,4,7
489,REMOVE,4,9
489,REMOVE,5,7
489,REMOVE,5,9
489,REMOVE,6,0
489,REMOVE,6,5
489,REMOVE,7,0
489,REMOVE,7,2
490,ADD,7,4
490,ADD,7,8
490,REMOVE,4,5
490,REMOVE,4,8
490,REMOVE,6,3
490,REMOVE,6,9
490,REMOVE,7,7
490,REMOVE,7,9
491,ADD,4,7
491,ADD,4,9
491,ADD,6,5
491,ADD,6,8
491,ADD,7,2
491,ADD,8,3
491,REMOVE,7,4
491,REMOVE,8,2
491,REMOVE,8,8
492,ADD,6,0
492,ADD,6,7
492,ADD,7,4
492,ADD,8,8
492,REMOVE,4,7
492,REMOVE,4,9
492,REMOVE,6,5
492,REMOVE,6,8
492,REMOVE,7,2
492,REMOVE,8,3
493,ADD,4,2
493,ADD,4,7
493,ADD,8,0
493,ADD,8,1
493,REMOVE,6,0
493,REMOVE,6,7
493,REMOVE,7,4
493,REMOVE,7,8
493,REMOVE,8,8
494,ADD,0,1
494,ADD,0,9
494,ADD,1,2
494,ADD,1,7
494,ADD,2,2
494,ADD,2,4
494,ADD,4,3
494,ADD,4,8
494,ADD,8,5
494,ADD,8,6
494,REMOVE,4,2
494,REMOVE,8,0
494,REMOVE,8,1
495,ADD,0,2
495,ADD,1,4
495,ADD,1,8
495,ADD,3,4
495,ADD,3,6
495,ADD,4,0
495,ADD,4,2
495,ADD,5,2
495,ADD,5,3
495,ADD,8,2
495,ADD,8,9
495,REMOVE,0,1
495,REMOVE,1,2
495,REMOVE,1,7
495,REMOVE,2,2
495,REMOVE,2,4
495,REMOVE,4,3
495,REMOVE,4,7
495,REMOVE,4,8
495,REMOVE,8,5
495,REMOVE,8,6
496,ADD,0,3
496,ADD,1,7
496,ADD,2,2
496,ADD,2,4
496,ADD,7,2
496,ADD,7,8
496,ADD,7,9
496,ADD,8,8
496,REMOVE,0,2
496,REMOVE,1,4
496,REMOVE,3,4
496,REMOVE,3,6
496,REMOVE,4,0
496,REMOVE,4,2
496,REMOVE,5,2
496,REMOVE,5,3
496,REMOVE,8,7
496,REMOVE,8,9
497,ADD,0,2
497,ADD,0,8
497,ADD,1,4
497,ADD,1,5
497,ADD,5,6
497,ADD,5,8
497,ADD,5,9
497,ADD,6,1
497,ADD,6,8
497,ADD,8,0
497,REMOVE,0,3
497,REMOVE,0,9
497,REMOVE,1,7
497,REMOVE,2,2
497,REMOVE,2,4
497,REMOVE,7,2
497,REMOVE,7,8
497,REMOVE,7,9
498,ADD,1,6
498,ADD,1,7
498,ADD,4,1
498,ADD,4,3
498,ADD,5,1
498,ADD,6,4
498,ADD,6,9
498,ADD,7,0
498,ADD,7,7
498,ADD,8,1
498,ADD,8,7
498,REMOVE,0,2
498,REMOVE,0,8
498,REMOVE,1,4
498,REMOVE,1,5
498,REMOVE,1,8
498,REMOVE,5,6
498,REMOVE,5,8
498,REMOVE,6,1
498,REMOVE,6,8
498,REMOVE,8,0
498,REMOVE,8,2
498,REMOVE,8,8
499,ADD,4,2
499,ADD,4,9
499,ADD,5,2
499,ADD,5,5
499,ADD,8,9
499,REMOVE,1,6
499,REMOVE,1,7
499,REMOVE,4,1
499,REMOVE,4,3
499,REMOVE,5,1
499,REMOVE,6,4
499,REMOVE,6,9
499,REMOVE,7,0
499,REMOVE,7,7
499,REMOVE,8,1
500,ADD,1,3
500,ADD,1,4
500,ADD,1,7
500,ADD,2,7
500,ADD,2,8
500,ADD,3,2
500,ADD,3,4
500,ADD,4,0
500,ADD,4,1
500,ADD,4,3
500,ADD,5,7
500,ADD,7,7
500,ADD,7,9
500,ADD,8,8
500,REMOVE,4,2
500,REMOVE,4,9
500,REMOVE,5,2
500,REMOVE,5,5
500,REMOVE,8,9
501,ADD,0,2
501,ADD,0,3
501,ADD,1,0
501,ADD,1,2
501,ADD,2,2
501,ADD,4,9
501,ADD,7,0
501,ADD,7,8
501,ADD,8,1
501,ADD,8,2
501,REMOVE,1,3
501,REMOVE,1,4
501,REMOVE,1,7
501,REMOVE,2,7
501,REMOVE,3,2
501,REMOVE,3,4
501,REMOVE,4,0
501,REMOVE,4,3
501,REMOVE,5,7
501,REMOVE,5,9
501,REMOVE,7,7
501,REMOVE,8,8
502,ADD,1,3
502,ADD,2,9
502,ADD,4,5
502,ADD,4,7
502,ADD,4,8
502,ADD,5,5
502,ADD,5,6
502,ADD,5,8
502,ADD,6,0
502,ADD,6,5
502,ADD,7,2
502,ADD,8,5
502,ADD,8,6
502,REMOVE,0,2
502,REMOVE,0,3
502,REMOVE,1,0
502,REMOVE,2,8
502,REMOVE,4,1
502,REMOVE,4,9
502,REMOVE,7,8
502,REMOVE,7,9
502,REMOVE,8,1
502,REMOVE,8,2
503,ADD,1,7
503,ADD,1,8
503,ADD,2,3
503,ADD,4,6
503,ADD,5,0
503,ADD,5,7
503,ADD,8,2
503,REMOVE,1,2
503,REMOVE,1,3
503,REMOVE,2,9
503,REMOVE,4,5
503,REMOVE,4,8
503,REMOVE,5,5
503,REMOVE,5,6
503,REMOVE,5,8
503,REMOVE,6,0
503,REMOVE,6,5
503,REMOVE,7,0
503,REMOVE,7,2
503,REMOVE,8,5
503,REMOVE,8,6
504,ADD,1,5
504,ADD,1,6
504,ADD,2,7
504,ADD,2,8
504,ADD,4,9
504,ADD,6,4
504,ADD,6,8
504,ADD,7,1
504,ADD,7,8
504,ADD,8,0
504,ADD,8,1
504,REMOVE,1,7
504,REMOVE,2,3
504,REMOVE,4,7
504,REMOVE,5,0
504,REMOVE,5,7
504,REMOVE,8,2
505,ADD,1,7
505,ADD,1,9
505,ADD,2,4
505,ADD,8,2
505,ADD,8,8
505,REMOVE,1,5
505,REMOVE,1,6
505,REMOVE,1,8
505,REMOVE,2,2
505,REMOVE,2,7
505,REMOVE,6,4
505,REMOVE,6,8
505,REMOVE,7,1
505,REMOVE,7,8
505,REMOVE,8,0
505,REMOVE,8,1
506,ADD,2,6
506,ADD,3,4
506,ADD,3,8
506,ADD,4,2
506,ADD,4,4
506,ADD,5,1
506,ADD,5,9
506,ADD,6,6
506,ADD,6,9
506,ADD,7,0
506,ADD,7,2
506,REMOVE,1,7
506,REMOVE,1,9
506,REMOVE,2,8
506,REMOVE,4,6
506,REMOVE,4,9
506,REMOVE,8,2
506,REMOVE,8,7
506,REMOVE,8,8
507,ADD,2,0
507,ADD,2,5
507,ADD,4,6
507,ADD,4,7
507,ADD,5,7
507,ADD,6,2
507,ADD,6,8
507,ADD,8,3
507,ADD,8,6
507,ADD,8,7
507,REMOVE,2,4
507,REMOVE,2,6
507,REMOVE,3,4
507,REMOVE,3,8
507,REMOVE,4,2
507,REMOVE,4,4
507,REMOVE,5,9
507,REMOVE,6,6
507,REMOVE,6,9
508,ADD,2,7
508,ADD,2,8
508,ADD,3,4
508,ADD,3,6
508,ADD,4,2
508,ADD,5,2
508,ADD,5,3
508,ADD,7,7
508,ADD,8,2
508,REMOVE,2,5
508,REMOVE,4,6
508,REMOVE,5,1
508,REMOVE,5,7
508,REMOVE,6,2
508,REMOVE,6,8
508,REMOVE,7,0
508,REMOVE,8,6
509,ADD,2,3
509,ADD,2,5
509,ADD,3,7
509,ADD,3,8
509,ADD,5,7
509,ADD,6,1
509,ADD,6,9
509,ADD,7,4
509,ADD,8,8
509,REMOVE,2,0
509,REMOVE,2,8
509,REMOVE,3,4
509,REMOVE,3,6
509,REMOVE,5,3
509,REMOVE,7,7
509,REMOVE,8,3
510,ADD,2,2
510,ADD,3,9
510,ADD,4,8
510,ADD,5,3
510,ADD,7,0
510,REMOVE,2,5
510,REMOVE,2,7
510,REMOVE,3,8
510,REMOVE,4,2
510,REMOVE,5,2
510,REMOVE,6,1
510,REMOVE,6,9
510,REMOVE,7,4
511,ADD,0,7
511,ADD,0,9
511,ADD,2,0
511,ADD,3,8
511,ADD,4,9
511,ADD,5,0
511,ADD,5,2
511,ADD,6,7
511,ADD,6,8
511,ADD,8,5
511,ADD,8,9
511,REMOVE,2,3
511,REMOVE,3,9
511,REMOVE,4,7
511,REMOVE,5,3
511,REMOVE,5,7
511,REMOVE,7,0
511,REMOVE,7,2
511,REMOVE,8,2
511,REMOVE,8,7
512,ADD,2,7
512,ADD,3,0
512,ADD,4,1
512,ADD,4,5
512,ADD,4,7
512,ADD,5,9
512,ADD,6,0
512,ADD,7,2
512,ADD,7,5
512,ADD,8,0
512,ADD,8,1
512,ADD,8,7
512,REMOVE,0,7
512,REMOVE,0,9
512,REMOVE,2,0
512,REMOVE,3,8
512,REMOVE,4,8
512,REMOVE,4,9
512,REMOVE,5,0
512,REMOVE,6,8
512,REMOVE,8,5
512,REMOVE,8,8
512,REMOVE,8,9
513,ADD,3,2
513,ADD,3,8
513,ADD,4,3
513,ADD,4,8
513,ADD,5,7
513,ADD,7,0
513,ADD,8,5
513,ADD,8,6
513,REMOVE,2,2
513,REMOVE,2,7
513,REMOVE,3,0
513,REMOVE,3,7
513,REMOVE,4,1
513,REMOVE,4,5
513,REMOVE,4,7
513,REMOVE,5,9
513,REMOVE,6,0
513,REMOVE,6,7
513,REMOVE,7,5
513,REMOVE,8,0
513,REMOVE,8,1
514,ADD,2,0
514,ADD,2,5
514,ADD,3,9
514,ADD,4,0
514,ADD,4,5
514,ADD,5,6
514,ADD,5,9
514,ADD,7,7
514,ADD,7,9
514,ADD,8,2
514,ADD,8,8
514,REMOVE,3,8
514,REMOVE,4,3
514,REMOVE,4,8
514,REMOVE,5,2
514,REMOVE,5,7
514,REMOVE,7,0
514,REMOVE,7,2
514,REMOVE,8,5
514,REMOVE,8,6
515,ADD,0,5
515,ADD,0,8
515,ADD,2,2
515,ADD,2,7
515,ADD,4,7
515,ADD,4,8
515,ADD,5,7
515,ADD,6,1
515,ADD,6,3
515,ADD,7,0
515,ADD,7,6
515,ADD,7,8
515,ADD,8,3
515,REMOVE,2,0
515,REMOVE,2,5
515,REMOVE,3,2
515,REMOVE,3,9
515,REMOVE,4,0
515,REMOVE,4,5
515,REMOVE,5,6
515,REMOVE,7,7
515,REMOVE,7,9
515,REMOVE,8,8
516,ADD,0,2
516,ADD,0,3
516,ADD,2,8
516,ADD,3,0
516,ADD,3,2
516,ADD,4,4
516,ADD,4,6
516,ADD,5,0
516,ADD,5,2
516,ADD,7,1
516,ADD,8,8
516,REMOVE,0,5
516,REMOVE,0,8
516,REMOVE,2,2
516,REMOVE,4,7
516,REMOVE,4,8
516,REMOVE,5,7
516,REMOVE,5,9
516,REMOVE,6,1
516,REMOVE,6,3
516,REMOVE,7,0
516,REMOVE,7,6
516,REMOVE,8,3
516,REMOVE,8,7
517,ADD,2,1
517,ADD,2,9
517,ADD,4,1
517,ADD,4,7
517,ADD,5,3
517,ADD,5,9
517,ADD,6,0
517,ADD,6,2
517,ADD,7,0
517,ADD,7,7
517,ADD,8,7
517,REMOVE,0,2
517,REMOVE,0,3
517,REMOVE,2,7
517,REMOVE,2,8
517,REMOVE,3,0
517,REMOVE,3,2
517,REMOVE,4,4
517,REMOVE,4,6
517,REMOVE,5,0
517,REMOVE,5,2
517,REMOVE,7,1
517,REMOVE,7,8
517,REMOVE,8,8
518,ADD,2,7
518,ADD,4,6
518,ADD,4,8
518,ADD,5,0
518,ADD,5,7
518,ADD,6,7
518,ADD,8,8
518,REMOVE,2,1
518,REMOVE,4,1
518,REMOVE,4,7
518,REMOVE,5,3
518,REMOVE,5,9
518,REMOVE,6,2
518,REMOVE,7,0
518,REMOVE,7,7
518,REMOVE,8,2
519,ADD,3,4
519,ADD,3,8
519,ADD,4,4
519,ADD,7,4
519,ADD,7,8
519,ADD,8,9
519,REMOVE,2,7
519,REMOVE,2,9
519,REMOVE,4,6
519,REMOVE,5,0
519,REMOVE,5,7
519,REMOVE,6,0
519,REMOVE,6,7
519,REMOVE,8,8
520,ADD,0,0
520,ADD,0,5
520,ADD,3,2
520,ADD,3,3
520,ADD,5,5
520,ADD,5,6
520,ADD,5,8
520,ADD,6,2
520,ADD,6,5
520,ADD,7,2
520,ADD,7,3
520,ADD,8,0
520,ADD,8,2
520,ADD,8,6
520,REMOVE,3,4
520,REMOVE,3,8
520,REMOVE,4,4
520,REMOVE,4,8
520,REMOVE,7,4
520,REMOVE,7,8
520,REMOVE,8,7
520,REMOVE,8,9
521,ADD,1,4
521,ADD,1,8
521,ADD,2,1
521,ADD,2,9
521,ADD,3,5
521,ADD,3,6
521,ADD,3,8
521,ADD,4,0
521,ADD,4,2
521,ADD,5,2
521,ADD,5,9
521,ADD,6,4
521,ADD,6,7
521,ADD,7,6
521,ADD,7,8
521,ADD,8,3
521,ADD,8,7
521,REMOVE,0,0
521,REMOVE,0,5
521,REMOVE,3,2
521,REMOVE,3,3
521,REMOVE,5,5
521,REMOVE,5,6
521,REMOVE,5,8
521,REMOVE,6,2
521,REMOVE,6,5
521,REMOVE,7,2
521,REMOVE,7,3
521,REMOVE,8,0
521,REMOVE,8,6
522,ADD,1,2
522,ADD,1,7
522,ADD,2,2
522,ADD,2,7
522,ADD,3,1
522,ADD,3,3
522,ADD,4,7
522,ADD,4,9
522,ADD,5,5
522,ADD,7,3
522,ADD,7,5
522,ADD,8,5
522,ADD,8,6
522,REMOVE,1,4
522,REMOVE,1,8
522,REMOVE,2,1
522,REMOVE,2,9
522,REMOVE,3,5
522,REMOVE,3,6
522,REMOVE,3,8
522,REMOVE,4,0
522,REMOVE,4,2
522,REMOVE,6,4
522,REMOVE,6,7
522,REMOVE,7,6
522,REMOVE,7,8
522,REMOVE,8,2
522,REMOVE,8,3
523,ADD,0,7
523,ADD,0,9
523,ADD,1,8
523,ADD,2,1
523,ADD,2,3
523,ADD,3,2
523,ADD,3,7
523,ADD,4,3
523,ADD,4,5
523,ADD,5,4
523,ADD,5,8
523,ADD,6,0
523,ADD,6,2
523,ADD,7,6
523,ADD,7,8
523,ADD,8,0
523,REMOVE,1,7
523,REMOVE,2,2
523,REMOVE,2,7
523,REMOVE,3,1
523,REMOVE,3,3
523,REMOVE,4,9
523,REMOVE,5,2
523,REMOVE,5,5
523,REMOVE,5,9
523,REMOVE,7,3
523,REMOVE,7,5
523,REMOVE,8,5
524,ADD,2,9
524,ADD,3,8
524,ADD,4,0
524,ADD,5,3
524,ADD,5,9
524,ADD,7,0
524,ADD,7,2
524,ADD,8,4
524,ADD,8,8
524,REMOVE,0,7
524,REMOVE,0,9
524,REMOVE,1,2
524,REMOVE,1,8
524,REMOVE,2,1
524,REMOVE,3,7
524,REMOVE,4,3
524,REMOVE,4,5
524,REMOVE,5,4
524,REMOVE,5,8
524,REMOVE,6,0
524,REMOVE,6,2
524,REMOVE,7,6
524,REMOVE,7,8
524,REMOVE,8,0
524,REMOVE,8,6
524,REMOVE,8,7
525,ADD,1,2
525,ADD,1,3
525,ADD,2,2
525,ADD,2,7
525,ADD,3,5
525,ADD,4,8
525,ADD,4,9
525,ADD,5,1
525,ADD,7,1
525,ADD,7,7
525,ADD,8,7
525,ADD,8,9
525,REMOVE,2,3
525,REMOVE,3,2
525,REMOVE,4,0
525,REMOVE,4,7
525,REMOVE,5,9
525,REMOVE,7,0
525,REMOVE,8,4
525,REMOVE,8,8
526,ADD,3,9
526,ADD,4,1
526,ADD,5,2
526,ADD,5,8
526,ADD,7,9
526,REMOVE,1,2
526,REMOVE,1,3
526,REMOVE,2,2
526,REMOVE,2,7
526,REMOVE,2,9
526,REMOVE,3,5
526,REMOVE,4,8
526,REMOVE,5,1
526,REMOVE,5,3
526,REMOVE,7,1
526,REMOVE,7,2
526,REMOVE,8,7
526,REMOVE,8,9
527,ADD,4,6
527,ADD,5,0
527,ADD,5,7
527,ADD,8,2
527,ADD,8,7
527,REMOVE,3,8
527,REMOVE,3,9
527,REMOVE,4,1
527,REMOVE,5,2
527,REMOVE,5,8
527,REMOVE,7,7
527,REMOVE,7,9
528,ADD,1,2
528,ADD,1,8
528,ADD,2,0
528,ADD,2,6
528,ADD,2,8
528,ADD,3,6
528,ADD,3,7
528,ADD,4,1
528,ADD,4,8
528,ADD,5,9
528,ADD,7,7
528,ADD,7,9
528,ADD,8,0
528,REMOVE,4,6
528,REMOVE,4,9
528,REMOVE,5,0
528,REMOVE,8,7
529,ADD,1,1
529,ADD,1,7
529,ADD,2,5
529,ADD,2,7
529,ADD,3,5
529,ADD,3,8
529,ADD,4,4
529,ADD,5,3
529,ADD,6,1
529,ADD,6,3
529,ADD,7,0
529,ADD,7,5
529,ADD,8,6
529,ADD,8,9
529,REMOVE,1,2
529,REMOVE,1,8
529,REMOVE,2,0
529,REMOVE,2,8
529,REMOVE,3,6
529,REMOVE,3,7
529,REMOVE,4,1
529,REMOVE,5,7
529,REMOVE,7,7
529,REMOVE,7,9
529,REMOVE,8,0
529,REMOVE,8,2
530,ADD,1,2
530,ADD,1,5
530,ADD,2,2
530,ADD,3,7
530,ADD,3,9
530,ADD,4,1
530,ADD,4,3
530,ADD,7,7
530,ADD,7,8
530,ADD,8,0
530,ADD,8,2
530,REMOVE,1,1
530,REMOVE,1,7
530,REMOVE,2,5
530,REMOVE,2,6
530,REMOVE,3,5
530,REMOVE,3,8
530,REMOVE,4,4
530,REMOVE,4,8
530,REMOVE,5,9
530,REMOVE,6,1
530,REMOVE,6,3
530,REMOVE,7,0
530,REMOVE,7,5
530,REMOVE,8,6
530,REMOVE,8,9
531,ADD,0,2
531,ADD,0,7
531,ADD,1,3
531,ADD,1,9
531,ADD,2,6
531,ADD,2,9
531,ADD,3,3
531,ADD,4,2
531,ADD,4,7
531,ADD,5,7
531,ADD,6,3
531,ADD,6,9
531,ADD,7,3
531,ADD,8,7
531,REMOVE,1,2
531,REMOVE,1,5
531,REMOVE,2,2
531,REMOVE,2,7
531,REMOVE,3,7
531,REMOVE,4,1
531,REMOVE,4,3
531,REMOVE,7,7
531,REMOVE,8,0
532,ADD,1,4
532,ADD,1,6
532,ADD,2,5
532,ADD,2,7
532,ADD,2,8
532,ADD,3,2
532,ADD,3,8
532,ADD,4,9
532,ADD,5,0
532,ADD,5,2
532,ADD,8,1
532,REMOVE,0,2
532,REMOVE,0,7
532,REMOVE,1,3
532,REMOVE,1,9
532,REMOVE,2,6
532,REMOVE,2,9
532,REMOVE,3,9
532,REMOVE,4,2
532,REMOVE,5,3
532,REMOVE,5,7
532,REMOVE,6,3
532,REMOVE,6,9
532,REMOVE,7,3
532,REMOVE,7,8
532,REMOVE,8,2
533,ADD,2,9
533,ADD,7,4
533,ADD,7,8
533,ADD,8,6
533,ADD,8,8
533,REMOVE,1,4
533,REMOVE,1,6
533,REMOVE,2,5
533,REMOVE,2,8
533,REMOVE,3,2
533,REMOVE,3,3
533,REMOVE,3,8
533,REMOVE,4,7
533,REMOVE,4,9
533,REMOVE,5,0
533,REMOVE,5,2
533,REMOVE,8,1
533,REMOVE,8,7
534,ADD,4,4
534,ADD,4,8
534,ADD,5,1
534,ADD,5,6
534,ADD,8,3
534,ADD,8,7
534,REMOVE,2,7
534,REMOVE,2,9
534,REMOVE,7,4
534,REMOVE,7,8
534,REMOVE,8,6
534,REMOVE,8,8
535,ADD,3,7
535,ADD,3,8
535,ADD,4,5
535,ADD,5,2
535,ADD,5,9
535,ADD,7,5
535,ADD,7,8
535,ADD,8,0
535,ADD,8,6
535,REMOVE,4,4
535,REMOVE,5,1
535,REMOVE,5,6
535,REMOVE,8,3
536,ADD,1,2
536,ADD,1,8
536,ADD,3,4
536,ADD,4,0
536,ADD,5,4
536,ADD,5,8
536,ADD,6,4
536,ADD,6,7
536,ADD,7,2
536,ADD,7,7
536,ADD,8,9
536,REMOVE,3,8
536,REMOVE,4,8
536,REMOVE,5,2
536,REMOVE,5,9
536,REMOVE,7,5
536,REMOVE,7,8
536,REMOVE,8,0
536,REMOVE,8,6
537,ADD,1,3
537,ADD,3,8
537,ADD,4,4
537,ADD,4,7
537,ADD,7,9
537,ADD,8,0
537,ADD,8,8
537,REMOVE,1,8
537,REMOVE,3,4
537,REMOVE,4,0
537,REMOVE,4,5
537,REMOVE,5,4
537,REMOVE,5,8
537,REMOVE,6,4
537,REMOVE,6,7
537,REMOVE,7,2
537,REMOVE,8,9
538,ADD,0,6
538,ADD,0,8
538,ADD,1,9
538,ADD,4,1
538,ADD,5,3
538,ADD,5,7
538,ADD,5,8
538,REMOVE,1,3
538,REMOVE,3,7
538,REMOVE,3,8
538,REMOVE,4,4
538,REMOVE,8,0
539,ADD,0,2
539,ADD,0,7
539,ADD,3,2
539,ADD,3,4
539,ADD,5,9
539,ADD,8,1
539,REMOVE,0,6
539,REMOVE,0,8
539,REMOVE,4,1
539,REMOVE,4,7
539,REMOVE,5,3
539,REMOVE,5,8
539,REMOVE,7,7
539,REMOVE,7,9
539,REMOVE,8,7
540,ADD,3,1
540,ADD,3,6
540,ADD,4,0
540,ADD,4,2
540,ADD,5,2
540,ADD,5,8
540,ADD,6,5
540,ADD,6,8
540,ADD,8,2
540,ADD,8,7
540,REMOVE,0,2
540,REMOVE,0,7
540,REMOVE,1,2
540,REMOVE,1,9
540,REMOVE,3,2
540,REMOVE,3,4
540,REMOVE,5,7
540,REMOVE,5,9
540,REMOVE,8,1
540,REMOVE,8,8
541,ADD,0,4
541,ADD,0,6
541,ADD,1,1
541,ADD,1,9
541,ADD,3,2
541,ADD,3,7
541,ADD,5,0
541,ADD,5,7
541,ADD,8,4
541,ADD,8,8
541,REMOVE,3,1
541,REMOVE,3,6
541,REMOVE,4,0
541,REMOVE,4,2
541,REMOVE,5,2
541,REMOVE,5,8
541,REMOVE,6,5
541,REMOVE,6,8
541,REMOVE,8,2
541,REMOVE,8,7
542,ADD,0,9
542,ADD,4,2
542,ADD,4,4
542,ADD,5,9
542,ADD,7,5
542,ADD,7,7
542,ADD,7,8
542,ADD,8,1
542,ADD,8,5
542,ADD,8,7
542,REMOVE,0,6
542,REMOVE,1,1
542,REMOVE,1,9
542,REMOVE,3,2
542,REMOVE,3,7
542,REMOVE,5,0
542,REMOVE,8,4
542,REMOVE,8,8
543,ADD,2,2
543,ADD,2,8
543,ADD,2,9
543,ADD,3,4
543,ADD,3,8
543,ADD,4,7
543,ADD,5,2
543,ADD,5,5
543,ADD,7,9
543,ADD,8,8
543,ADD,8,9
543,REMOVE,0,4
543,REMOVE,0,9
543,REMOVE,4,4
543,REMOVE,5,7
543,REMOVE,5,9
543,REMOVE,7,5
543,REMOVE,7,8
543,REMOVE,8,1
543,REMOVE,8,7
544,ADD,0,7
544,ADD,0,8
544,ADD,1,2
544,ADD,1,7
544,ADD,2,7
544,ADD,4,6
544,ADD,5,6
544,ADD,5,8
544,ADD,7,2
544,ADD,7,8
544,ADD,8,6
544,REMOVE,2,2
544,REMOVE,2,9
544,REMOVE,3,4
544,REMOVE,3,8
544,REMOVE,4,2
544,REMOVE,5,2
544,REMOVE,7,7
544,REMOVE,7,9
544,REMOVE,8,5
544,REMOVE,8,9
545,ADD,0,2
545,ADD,1,5
545,ADD,1,6
545,ADD,1,8
545,ADD,4,4
545,ADD,4,8
545,ADD,5,1
545,ADD,6,2
545,ADD,6,9
545,ADD,7,0
545,ADD,7,7
545,ADD,8,7
545,ADD,8,9
545,REMOVE,0,8
545,REMOVE,1,2
545,REMOVE,1,7
545,REMOVE,4,6
545,REMOVE,4,7
545,REMOVE,5,5
545,REMOVE,5,6
545,REMOVE,7,2
545,REMOVE,7,8
545,REMOVE,8,6
545,REMOVE,8,8
546,ADD,3,4
546,ADD,3,8
546,ADD,5,4
546,ADD,8,8
546,REMOVE,0,2
546,REMOVE,0,7
546,REMOVE,1,5
546,REMOVE,1,6
546,REMOVE,1,8
546,REMOVE,2,7
546,REMOVE,2,8
546,REMOVE,5,1
546,REMOVE,6,2
546,REMOVE,6,9
546,REMOVE,7,0
546,REMOVE,7,7
546,REMOVE,8,9
547,ADD,1,7
547,ADD,1,9
547,ADD,4,5
547,ADD,7,2
547,ADD,7,9
547,REMOVE,4,4
547,REMOVE,5,4
547,REMOVE,5,8
547,REMOVE,8,7
547,REMOVE,8,8
548,ADD,3,2
548,ADD,3,7
548,ADD,4,3
548,ADD,4,9
548,ADD,5,4
548,ADD,5,8
548,ADD,8,0
548,ADD,8,7
548,REMOVE,1,7
548,REMOVE,1,9
548,REMOVE,3,4
548,REMOVE,3,8
548,REMOVE,4,5
548,REMOVE,4,8
549,ADD,1,2
549,ADD,1,3
549,ADD,3,1
549,ADD,3,3
549,ADD,4,2
549,ADD,4,7
549,ADD,5,7
549,ADD,7,6
549,ADD,7,7
549,ADD,8,2
549,ADD,8,4
549,REMOVE,3,2
549,REMOVE,3,7
549,REMOVE,4,3
549,REMOVE,4,9
549,REMOVE,5,4
549,REMOVE,7,2
549,REMOVE,7,9
549,REMOVE,8,0
549,REMOVE,8,7
550,ADD,0,7
550,ADD,0,9
550,ADD,1,8
550,ADD,3,2
550,ADD,3,8
550,ADD,5,2
550,ADD,7,1
550,ADD,8,1
550,ADD,8,3
550,REMOVE,1,3
550,REMOVE,3,1
550,REMOVE,5,7
550,REMOVE,7,7
550,REMOVE,8,2
550,REMOVE,8,4
551,ADD,1,6
551,ADD,1,9
551,ADD,2,7
551,ADD,2,9
551,ADD,3,4
551,ADD,3,6
551,ADD,5,5
551,ADD,5,7
551,ADD,5,9
551,ADD,7,4
551,ADD,7,8
551,ADD,8,8
551,REMOVE,0,7
551,REMOVE,0,9
551,REMOVE,1,2
551,REMOVE,1,8
551,REMOVE,3,2
551,REMOVE,3,3
551,REMOVE,3,8
551,REMOVE,5,2
551,REMOVE,5,8
551,REMOVE,7,1
551,REMOVE,7,6
551,REMOVE,8,1
552,ADD,1,2
552,ADD,3,2
552,ADD,3,9
552,ADD,4,9
552,ADD,7,2
552,ADD,8,6
552,ADD,8,7
552,REMOVE,1,6
552,REMOVE,2,7
552,REMOVE,2,9
552,REMOVE,3,4
552,REMOVE,3,6
552,REMOVE,4,7
552,REMOVE,7,8
552,REMOVE,8,3
552,REMOVE,8,8
553,ADD,0,2
553,ADD,0,9
553,ADD,5,1
553,ADD,7,7
553,ADD,8,0
553,REMOVE,1,2
553,REMOVE,1,9
553,REMOVE,3,2
553,REMOVE,3,9
553,REMOVE,4,2
553,REMOVE,4,9
553,REMOVE,5,5
553,REMOVE,5,9
553,REMOVE,7,4
554,ADD,3,3
554,ADD,3,9
554,ADD,5,3
554,ADD,5,9
554,ADD,7,6
554,ADD,7,9
554,REMOVE,0,2
554,REMOVE,0,9
554,REMOVE,5,1
554,REMOVE,5,7
554,REMOVE,7,2
554,REMOVE,7,7
554,REMOVE,8,0
554,REMOVE,8,6
554,REMOVE,8,7
555,ADD,4,7
555,ADD,4,8
555,ADD,5,7
555,ADD,5,8
555,ADD,7,2
555,ADD,8,0
555,ADD,8,1
555,ADD,8,8
555,REMOVE,3,3
555,REMOVE,3,9
555,REMOVE,5,3
555,REMOVE,5,9
555,REMOVE,7,6
556,ADD,2,2
556,ADD,2,9
556,ADD,3,2
556,ADD,3,4
556,ADD,4,1
556,ADD,4,5
556,ADD,5,2
556,ADD,7,1
556,ADD,7,7
556,ADD,8,5
556,ADD,8,6
556,REMOVE,4,8
556,REMOVE,5,8
556,REMOVE,7,9
556,REMOVE,8,0
556,REMOVE,8,1
557,ADD,1,0
557,ADD,1,6
557,ADD,1,7
557,ADD,4,2
557,ADD,4,4
557,ADD,5,0
557,ADD,7,3
557,ADD,8,7
557,REMOVE,2,2
557,REMOVE,2,9
557,REMOVE,4,1
557,REMOVE,4,5
557,REMOVE,4,7
557,REMOVE,5,7
557,REMOVE,7,2
557,REMOVE,7,7
557,REMOVE,8,5
557,REMOVE,8,6
558,ADD,1,4
558,ADD,3,7
558,ADD,3,9
558,ADD,4,7
558,ADD,5,3
558,ADD,5,9
558,ADD,8,2
558,ADD,8,3
558,ADD,8,6
558,REMOVE,1,0
558,REMOVE,1,7
558,REMOVE,3,2
558,REMOVE,3,4
558,REMOVE,4,4
558,REMOVE,5,0
558,REMOVE,5,2
558,REMOVE,8,7
558,REMOVE,8,8
559,ADD,1,7
559,ADD,1,9
559,ADD,4,8
559,ADD,6,5
559,ADD,6,8
559,ADD,8,7
559,ADD,8,8
559,REMOVE,1,4
559,REMOVE,1,6
559,REMOVE,3,7
559,REMOVE,3,9
559,REMOVE,4,7
559,REMOVE,5,3
559,REMOVE,5,9
559,REMOVE,7,1
559,REMOVE,7,3
559,REMOVE,8,2
559,REMOVE,8,3
559,REMOVE,8,6
560,ADD,0,6
560,ADD,0,7
560,ADD,3,0
560,ADD,3,1
560,ADD,3,7
560,ADD,4,3
560,ADD,4,7
560,ADD,5,2
560,ADD,5,9
560,ADD,6,2
560,ADD,6,7
560,ADD,6,9
560,ADD,7,2
560,ADD,7,9
560,ADD,8,1
560,REMOVE,1,7
560,REMOVE,1,9
560,REMOVE,4,2
560,REMOVE,6,5
560,REMOVE,6,8
560,REMOVE,8,7
561,ADD,0,4
561,ADD,0,8
561,ADD,3,9
561,ADD,5,5
561,ADD,7,3
561,ADD,7,8
561,ADD,8,2
561,REMOVE,0,6
561,REMOVE,0,7
561,REMOVE,3,0
561,REMOVE,3,7
561,REMOVE,4,3
561,REMOVE,4,7
561,REMOVE,4,8
561,REMOVE,6,2
561,REMOVE,6,7
561,REMOVE,6,9
561,REMOVE,7,2
561,REMOVE,7,9
561,REMOVE,8,1
562,ADD,0,7
562,ADD,1,1
562,ADD,1,6
562,ADD,4,2
562,ADD,4,9
562,ADD,7,1
562,REMOVE,0,4
562,REMOVE,3,1
562,REMOVE,3,9
562,REMOVE,5,5
562,REMOVE,7,8
563,ADD,3,7
563,ADD,3,9
563,ADD,4,4
563,ADD,4,7
563,ADD,5,7
563,ADD,5,8
563,ADD,6,1
563,ADD,6,3
563,ADD,8,1
563,REMOVE,1,1
563,REMOVE,1,6
563,REMOVE,4,2
563,REMOVE,4,9
563,REMOVE,5,2
563,REMOVE,5,9
563,REMOVE,7,1
563,REMOVE,7,3
564,ADD,0,2
564,ADD,1,1
564,ADD,1,9
564,ADD,4,2
564,ADD,4,5
564,ADD,4,6
564,ADD,5,2
564,ADD,5,5
564,ADD,5,9
564,ADD,7,4
564,ADD,7,7
564,ADD,8,9
564,REMOVE,3,7
564,REMOVE,3,9
564,REMOVE,4,4
564,REMOVE,4,7
564,REMOVE,5,7
564,REMOVE,5,8
564,REMOVE,6,1
564,REMOVE,6,3
564,REMOVE,8,1
564,REMOVE,8,8
565,ADD,3,2
565,ADD,3,7
565,ADD,4,7
565,ADD,5,7
565,ADD,5,8
565,ADD,6,2
565,ADD,6,4
565,ADD,7,2
565,ADD,7,5
565,ADD,8,7
565,REMOVE,1,1
565,REMOVE,1,9
565,REMOVE,4,5
565,REMOVE,4,6
565,REMOVE,5,2
565,REMOVE,5,5
565,REMOVE,5,9
565,REMOVE,7,4
565,REMOVE,7,7
565,REMOVE,8,2
566,ADD,1,2
566,ADD,1,7
566,ADD,1,8
566,ADD,3,3
566,ADD,5,9
566,ADD,7,4
566,ADD,7,7
566,ADD,8,8
566,REMOVE,0,2
566,REMOVE,3,2
566,REMOVE,6,2
566,REMOVE,6,4
566,REMOVE,7,2
567,ADD,0,0
567,ADD,0,6
567,ADD,2,7
567,ADD,2,8
567,ADD,3,2
567,ADD,3,4
567,ADD,4,4
567,ADD,7,9
567,ADD,8,1
567,ADD,8,5
567,REMOVE,0,8
567,REMOVE,1,2
567,REMOVE,1,7
567,REMOVE,1,8
567,REMOVE,3,3
567,REMOVE,3,7
567,REMOVE,4,7
567,REMOVE,5,7
567,REMOVE,5,8
567,REMOVE,5,9
567,REMOVE,7,4
567,REMOVE,7,5
567,REMOVE,8,7
567,REMOVE,8,9
568,ADD,0,2
568,ADD,0,8
568,ADD,1,5
568,ADD,1,8
568,ADD,4,1
568,ADD,4,7
568,ADD,4,8
568,ADD,8,7
568,ADD,8,9
568,REMOVE,0,0
568,REMOVE,0,6
568,REMOVE,0,7
568,REMOVE,2,7
568,REMOVE,2,8
568,REMOVE,3,2
568,REMOVE,3,4
568,REMOVE,4,2
568,REMOVE,4,4
568,REMOVE,7,7
568,REMOVE,7,9
568,REMOVE,8,1
568,REMOVE,8,5
568,REMOVE,8,8
569,ADD,0,7
569,ADD,0,9
569,ADD,6,6
569,ADD,6,9
569,ADD,7,7
569,ADD,7,8
569,ADD,8,2
569,REMOVE,0,2
569,REMOVE,0,8
569,REMOVE,1,5
569,REMOVE,1,8
569,REMOVE,4,1
569,REMOVE,4,7
569,REMOVE,4,8
569,REMOVE,8,9
570,ADD,3,0
570,ADD,3,7
570,ADD,3,8
570,ADD,4,2
570,ADD,4,7
570,ADD,4,9
570,ADD,5,1
570,ADD,5,9
570,ADD,7,2
570,ADD,7,4
570,ADD,8,4
570,REMOVE,6,6
570,REMOVE,6,9
570,REMOVE,7,7
570,REMOVE,7,8
570,REMOVE,8,2
571,ADD,0,1
571,ADD,0,2
571,ADD,0,8
571,ADD,1,7
571,ADD,1,9
571,ADD,2,7
571,ADD,2,8
571,ADD,3,2
571,ADD,4,1
571,ADD,5,0
571,ADD,5,6
571,ADD,5,7
571,ADD,6,1
571,ADD,6,8
571,ADD,8,5
571,ADD,8,9
571,REMOVE,0,7
571,REMOVE,0,9
571,REMOVE,3,7
571,REMOVE,3,8
571,REMOVE,4,2
571,REMOVE,4,9
571,REMOVE,5,1
571,REMOVE,5,9
571,REMOVE,7,2
571,REMOVE,7,4
571,REMOVE,8,4
572,ADD,0,0
572,ADD,0,7
572,ADD,1,2
572,ADD,2,5
572,ADD,2,6
572,ADD,3,3
572,ADD,3,9
572,ADD,4,9
572,ADD,7,6
572,ADD,7,8
572,ADD,8,3
572,REMOVE,0,1
572,REMOVE,0,2
572,REMOVE,1,9
572,REMOVE,2,8
572,REMOVE,3,0
572,REMOVE,3,2
572,REMOVE,4,1
572,REMOVE,5,0
572,REMOVE,5,6
572,REMOVE,5,7
572,REMOVE,6,1
572,REMOVE,6,8
572,REMOVE,8,5
572,REMOVE,8,7
573,ADD,1,0
573,ADD,2,8
573,ADD,3,1
573,ADD,4,2
573,ADD,4,8
573,ADD,5,2
573,ADD,5,9
573,ADD,7,1
573,ADD,7,9
573,ADD,8,7
573,REMOVE,0,8
573,REMOVE,1,7
573,REMOVE,2,7
573,REMOVE,3,9
573,REMOVE,4,7
573,REMOVE,4,9
573,REMOVE,7,6
573,REMOVE,7,8
573,REMOVE,8,3
574,ADD,0,2
574,ADD,0,3
574,ADD,4,1
574,ADD,4,3
574,ADD,7,3
574,ADD,8,3
574,ADD,8,8
574,REMOVE,0,0
574,REMOVE,0,7
574,REMOVE,1,0
574,REMOVE,1,2
574,REMOVE,2,5
574,REMOVE,3,1
574,REMOVE,3,3
574,REMOVE,4,2
574,REMOVE,4,8
574,REMOVE,5,2
574,REMOVE,5,9
574,REMOVE,7,9
574,REMOVE,8,7
574,REMOVE,8,9
575,ADD,0,6
575,ADD,0,8
575,ADD,2,1
575,ADD,2,7
575,ADD,4,9
575,ADD,6,1
575,ADD,6,9
575,ADD,8,4
575,REMOVE,0,2
575,REMOVE,0,3
575,REMOVE,2,6
575,REMOVE,2,8
575,REMOVE,4,3
575,REMOVE,7,1
575,REMOVE,7,3
575,REMOVE,8,3
576,ADD,3,2
576,ADD,3,8
576,ADD,4,4
576,ADD,4,8
576,ADD,5,0
576,ADD,5,7
576,ADD,7,6
576,ADD,7,9
576,REMOVE,0,6
576,REMOVE,0,8
576,REMOVE,2,1
576,REMOVE,2,7
576,REMOVE,4,1
576,REMOVE,4,9
576,REMOVE,6,1
576,REMOVE,6,9
576,REMOVE,8,4
576,REMOVE,8,8
577,ADD,0,2
577,ADD,0,7
577,ADD,0,8
577,ADD,2,1
577,ADD,2,5
577,ADD,2,8
577,ADD,4,1
577,ADD,4,5
577,ADD,4,7
577,ADD,6,2
577,ADD,6,5
577,ADD,7,3
577,ADD,8,2
577,ADD,8,7
577,REMOVE,3,2
577,REMOVE,3,8
577,REMOVE,4,4
577,REMOVE,4,8
577,REMOVE,5,0
577,REMOVE,5,7
577,REMOVE,7,6
578,ADD,2,0
578,ADD,2,6
578,ADD,2,7
578,ADD,3,5
578,ADD,3,7
578,ADD,3,8
578,ADD,4,8
578,ADD,5,3
578,ADD,5,9
578,ADD,6,1
578,ADD,6,3
578,ADD,7,4
578,ADD,7,6
578,ADD,8,5
578,ADD,8,6
578,REMOVE,2,1
578,REMOVE,2,5
578,REMOVE,2,8
578,REMOVE,4,1
578,REMOVE,4,5
578,REMOVE,6,2
578,REMOVE,6,5
578,REMOVE,7,3
578,REMOVE,7,9
578,REMOVE,8,7
579,ADD,2,2
579,ADD,3,2
579,ADD,5,2
579,ADD,5,7
579,ADD,6,4
579,ADD,6,7
579,ADD,8,7
579,ADD,8,8
579,REMOVE,2,0
579,REMOVE,2,6
579,REMOVE,3,5
579,REMOVE,3,8
579,REMOVE,5,3
579,REMOVE,5,9
579,REMOVE,6,1
579,REMOVE,6,3
579,REMOVE,7,4
579,REMOVE,7,6
579,REMOVE,8,2
579,REMOVE,8,5
579,REMOVE,8,6
580,ADD,0,1
580,ADD,2,5
580,ADD,2,8
580,ADD,5,5
580,ADD,5,8
580,ADD,6,5
580,ADD,6,8
580,ADD,7,2
580,ADD,7,8
580,ADD,8,0
580,ADD,8,5
580,REMOVE,0,8
580,REMOVE,2,2
580,REMOVE,3,2
580,REMOVE,3,7
580,REMOVE,4,7
580,REMOVE,4,8
580,REMOVE,5,2
580,REMOVE,6,4
580,REMOVE,6,7
580,REMOVE,8,7
580,REMOVE,8,8
581,ADD,0,5
581,ADD,0,8
581,ADD,1,8
581,ADD,1,9
581,ADD,3,5
581,ADD,3,8
581,ADD,4,1
581,ADD,4,6
581,ADD,5,6
581,ADD,8,7
581,ADD,8,8
581,REMOVE,0,1
581,REMOVE,0,2
581,REMOVE,2,5
581,REMOVE,2,7
581,REMOVE,2,8
581,REMOVE,5,5
581,REMOVE,5,8
581,REMOVE,6,5
581,REMOVE,6,8
581,REMOVE,7,2
581,REMOVE,7,8
581,REMOVE,8,0
581,REMOVE,8,5
582,ADD,0,4
582,ADD,2,1
582,ADD,2,9
582,ADD,3,4
582,ADD,4,3
582,ADD,4,7
582,ADD,5,0
582,ADD,5,2
582,ADD,8,4
582,REMOVE,0,5
582,REMOVE,0,7
582,REMOVE,1,8
582,REMOVE,1,9
582,REMOVE,3,5
582,REMOVE,4,1
582,REMOVE,4,6
582,REMOVE,5,6
582,REMOVE,5,7
582,REMOVE,8,8
583,ADD,0,7
583,ADD,0,9
583,ADD,4,8
583,ADD,5,7
583,ADD,8,9
583,REMOVE,0,4
583,REMOVE,0,8
583,REMOVE,2,1
583,REMOVE,2,9
583,REMOVE,3,4
583,REMOVE,3,8
583,REMOVE,4,3
583,REMOVE,5,2
583,REMOVE,8,4
584,ADD,0,1
584,ADD,0,2
584,ADD,0,8
584,ADD,3,4
584,ADD,3,8
584,ADD,4,3
584,ADD,5,2
584,ADD,5,4
584,ADD,6,1
584,ADD,6,6
584,ADD,7,7
584,ADD,7,9
584,ADD,8,2
584,REMOVE,0,7
584,REMOVE,0,9
584,REMOVE,4,8
584,REMOVE,5,0
584,REMOVE,8,9
585,ADD,0,3
585,ADD,0,9
585,ADD,3,1
585,ADD,3,2
585,ADD,3,7
585,ADD,4,2
585,ADD,4,8
585,ADD,5,1
585,ADD,5,9
585,ADD,6,2
585,ADD,6,8
585,ADD,6,9
585,ADD,7,8
585,ADD,8,0
585,ADD,8,8
585,REMOVE,0,1
585,REMOVE,0,2
585,REMOVE,0,8
585,REMOVE,3,4
585,REMOVE,3,8
585,REMOVE,4,3
585,REMOVE,5,2
585,REMOVE,5,4
585,REMOVE,5,7
585,REMOVE,6,1
585,REMOVE,6,6
585,REMOVE,8,7
586,ADD,1,5
586,ADD,1,8
586,ADD,2,3
586,ADD,2,9
586,ADD,3,3
586,ADD,5,3
586,ADD,5,4
586,ADD,5,7
586,ADD,6,5
586,ADD,6,6
586,ADD,6,7
586,ADD,8,7
586,REMOVE,0,3
586,REMOVE,0,9
586,REMOVE,3,1
586,REMOVE,3,7
586,REMOVE,4,2
586,REMOVE,5,1
586,REMOVE,5,9
586,REMOVE,6,2
586,REMOVE,6,8
586,REMOVE,6,9
586,REMOVE,7,7
586,REMOVE,7,8
586,REMOVE,7,9
586,REMOVE,8,0
586,REMOVE,8,2
587,ADD,3,4
587,ADD,3,8
587,ADD,4,9
587,ADD,5,2
587,ADD,6,8
587,ADD,7,1
587,ADD,7,9
587,ADD,8,4
587,REMOVE,1,5
587,REMOVE,1,8
587,REMOVE,2,3
587,REMOVE,2,9
587,REMOVE,3,2
587,REMOVE,3,3
587,REMOVE,5,3
587,REMOVE,5,4
587,REMOVE,6,5
587,REMOVE,6,6
587,REMOVE,8,7
588,ADD,3,6
588,ADD,3,7
588,ADD,4,3
588,ADD,5,4
588,ADD,6,9
588,ADD,7,6
588,ADD,7,7
588,ADD,8,1
588,ADD,8,3
588,REMOVE,3,4
588,REMOVE,3,8
588,REMOVE,4,9
588,REMOVE,5,7
588,REMOVE,7,1
588,REMOVE,8,4
588,REMOVE,8,8
589,ADD,2,1
589,ADD,2,6
589,ADD,3,2
589,ADD,3,4
589,ADD,4,2
589,ADD,5,6
589,ADD,5,7
589,ADD,6,1
589,ADD,8,6
589,REMOVE,3,6
589,REMOVE,3,7
589,REMOVE,4,3
589,REMOVE,4,8
589,REMOVE,5,2
589,REMOVE,5,4
589,REMOVE,6,7
589,REMOVE,6,9
589,REMOVE,7,6
589,REMOVE,7,7
589,REMOVE,7,9
589,REMOVE,8,3
590,ADD,1,1
590,ADD,1,9
590,ADD,4,6
590,ADD,4,9
590,ADD,5,2
590,ADD,5,9
590,ADD,6,2
590,ADD,7,2
590,ADD,7,7
590,ADD,8,2
590,ADD,8,4
590,REMOVE,2,1
590,REMOVE,2,6
590,REMOVE,3,2
590,REMOVE,3,4
590,REMOVE,4,2
590,REMOVE,4,7
590,REMOVE,5,6
590,REMOVE,5,7
590,REMOVE,6,1
590,REMOVE,8,1
590,REMOVE,8,6
591,ADD,3,5
591,ADD,3,8
591,ADD,3,9
591,ADD,4,5
591,ADD,4,7
591,ADD,5,0
591,ADD,5,1
591,ADD,5,7
591,ADD,6,1
591,ADD,8,7
591,ADD,8,8
591,ADD,8,9
591,REMOVE,1,1
591,REMOVE,1,9
591,REMOVE,4,9
591,REMOVE,5,2
591,REMOVE,5,9
591,REMOVE,6,2
591,REMOVE,8,2
591,REMOVE,8,4
592,ADD,2,7
592,ADD,2,9
592,ADD,3,2
592,ADD,3,6
592,ADD,3,7
592,ADD,4,3
592,ADD,4,8
592,ADD,5,2
592,ADD,5,8
592,ADD,6,6
592,ADD,6,7
592,ADD,8,6
592,REMOVE,3,5
592,REMOVE,3,8
592,REMOVE,3,9
592,REMOVE,4,5
592,REMOVE,4,6
592,REMOVE,5,0
592,REMOVE,5,1
592,REMOVE,6,1
592,REMOVE,8,8
592,REMOVE,8,9
593,ADD,2,8
593,ADD,3,1
593,ADD,3,5
593,ADD,5,0
593,ADD,5,6
593,ADD,7,5
593,ADD,7,6
593,ADD,8,9
593,REMOVE,2,9
593,REMOVE,3,2
593,REMOVE,3,6
593,REMOVE,4,3
593,REMOVE,5,2
593,REMOVE,5,7
593,REMOVE,6,6
593,REMOVE,6,7
593,REMOVE,6,8
593,REMOVE,7,2
593,REMOVE,8,6
594,ADD,2,2
594,ADD,2,9
594,ADD,3,8
594,ADD,4,2
594,ADD,4,3
594,ADD,5,4
594,ADD,5,7
594,ADD,5,9
594,ADD,7,2
594,ADD,7,4
594,REMOVE,2,7
594,REMOVE,2,8
594,REMOVE,3,1
594,REMOVE,3,5
594,REMOVE,4,7
594,REMOVE,4,8
594,REMOVE,5,0
594,REMOVE,5,6
594,REMOVE,5,8
594,REMOVE,7,5
594,REMOVE,7,6
594,REMOVE,7,7
594,REMOVE,8,7
594,REMOVE,8,9
595,ADD,0,0
595,ADD,0,2
595,ADD,2,7
595,ADD,3,0
595,ADD,4,7
595,ADD,5,2
595,ADD,5,5
595,ADD,7,7
595,ADD,7,8
595,ADD,8,5
595,ADD,8,6
595,ADD,8,7
595,REMOVE,2,2
595,REMOVE,3,8
595,REMOVE,5,4
595,REMOVE,5,7
595,REMOVE,5,9
595,REMOVE,7,4
596,ADD,2,6
596,ADD,2,8
596,ADD,4,0
596,ADD,5,7
596,ADD,5,8
596,ADD,7,4
596,REMOVE,0,0
596,REMOVE,0,2
596,REMOVE,2,7
596,REMOVE,2,9
596,REMOVE,3,0
596,REMOVE,3,7
596,REMOVE,4,2
596,REMOVE,4,3
596,REMOVE,5,2
596,REMOVE,5,5
596,REMOVE,7,2
596,REMOVE,7,7
596,REMOVE,8,5
596,REMOVE,8,6
596,REMOVE,8,7
597,ADD,1,1
597,ADD,1,6
597,ADD,3,2
597,ADD,3,4
597,ADD,5,2
597,ADD,7,1
597,ADD,7,6
597,ADD,8,3
597,ADD,8,7
597,ADD,8,8
597,REMOVE,2,6
597,REMOVE,2,8
597,REMOVE,5,8
597,REMOVE,7,4
597,REMOVE,7,8
598,ADD,0,0
598,ADD,0,6
598,ADD,0,8
598,ADD,2,2
598,ADD,2,8
598,ADD,3,1
598,ADD,3,6
598,ADD,4,4
598,ADD,4,8
598,ADD,5,8
598,ADD,7,2
598,ADD,7,3
598,ADD,7,7
598,ADD,8,2
598,REMOVE,1,1
598,REMOVE,1,6
598,REMOVE,3,2
598,REMOVE,3,4
598,REMOVE,4,0
598,REMOVE,4,7
598,REMOVE,7,1
598,REMOVE,7,6
598,REMOVE,8,3
598,REMOVE,8,8
599,ADD,0,2
599,ADD,0,7
599,ADD,2,7
599,ADD,3,2
599,ADD,3,7
599,ADD,4,7
599,ADD,5,1
599,ADD,5,3
599,ADD,7,8
599,ADD,8,8
599,REMOVE,0,0
599,REMOVE,0,6
599,REMOVE,2,8
599,REMOVE,3,1
599,REMOVE,3,6
599,REMOVE,4,4
599,REMOVE,5,2
599,REMOVE,5,7
599,REMOVE,5,8
599,REMOVE,7,2
599,REMOVE,7,3
599,REMOVE,8,2
600,ADD,2,3
600,ADD,4,0
600,ADD,5,7
600,ADD,7,1
600,ADD,8,6
600,REMOVE,2,2
600,REMOVE,3,2
600,REMOVE,3,7
600,REMOVE,4,8
600,REMOVE,5,3
600,REMOVE,7,7
600,REMOVE,8,8
601,ADD,0,9
601,ADD,2,5
601,ADD,2,8
601,ADD,3,4
601,ADD,3,8
601,ADD,4,8
601,ADD,5,2
601,ADD,5,8
601,ADD,7,3
601,REMOVE,0,2
601,REMOVE,2,3
601,REMOVE,4,0
601,REMOVE,5,1
601,REMOVE,5,7
601,REMOVE,7,1
601,REMOVE,8,6
601,REMOVE,8,7
602,ADD,0,2
602,ADD,2,6
602,ADD,3,7
602,ADD,4,0
602,ADD,4,2
602,ADD,5,3
602,ADD,5,9
602,ADD,7,1
602,ADD,8,6
602,ADD,8,7
602,REMOVE,0,8
602,REMOVE,0,9
602,REMOVE,2,8
602,REMOVE,3,8
602,REMOVE,4,7
602,REMOVE,4,8
602,REMOVE,5,2
602,REMOVE,5,8
602,REMOVE,7,8
603,ADD,0,0
603,ADD,0,1
603,ADD,2,0
603,ADD,2,2
603,ADD,3,9
603,ADD,5,1
603,ADD,5,7
603,ADD,7,5
603,ADD,7,7
603,ADD,7,8
603,ADD,8,4
603,ADD,8,8
603,REMOVE,0,2
603,REMOVE,2,5
603,REMOVE,2,6
603,REMOVE,3,4
603,REMOVE,4,0
603,REMOVE,4,2
603,REMOVE,5,3
603,REMOVE,5,9
603,REMOVE,7,1
603,REMOVE,7,3
603,REMOVE,8,6
603,REMOVE,8,7
604,ADD,0,2
604,ADD,0,4
604,ADD,3,1
604,ADD,3,8
604,ADD,4,2
604,ADD,4,7
604,ADD,5,6
604,ADD,7,2
604,ADD,7,4
604,ADD,8,3
604,ADD,8,5
604,REMOVE,0,0
604,REMOVE,0,1
604,REMOVE,0,7
604,REMOVE,2,2
604,REMOVE,3,7
604,REMOVE,3,9
604,REMOVE,5,1
604,REMOVE,7,5
604,REMOVE,7,7
604,REMOVE,7,8
604,REMOVE,8,4
604,REMOVE,8,8
605,ADD,3,2
605,ADD,3,7
605,ADD,4,9
605,ADD,5,3
605,ADD,5,5
605,ADD,7,6
605,ADD,7,8
605,ADD,8,1
605,ADD,8,7
605,REMOVE,0,2
605,REMOVE,0,4
605,REMOVE,2,0
605,REMOVE,2,7
605,REMOVE,3,1
605,REMOVE,3,8
605,REMOVE,4,2
605,REMOVE,5,6
605,REMOVE,5,7
605,REMOVE,7,4
605,REMOVE,8,3
605,REMOVE,8,5
606,ADD,0,1
606,ADD,0,9
606,ADD,1,0
606,ADD,1,2
606,ADD,2,3
606,ADD,2,9
606,ADD,3,9
606,ADD,4,2
606,ADD,5,2
606,ADD,5,6
606,ADD,5,7
606,ADD,6,4
606,ADD,6,8
606,ADD,7,7
606,ADD,8,4
606,REMOVE,3,2
606,REMOVE,4,9
606,REMOVE,5,3
606,REMOVE,5,5
606,REMOVE,7,6
606,REMOVE,8,1
607,ADD,1,7
607,ADD,1,8
607,ADD,3,2
607,ADD,4,0
607,ADD,4,6
607,ADD,5,8
607,ADD,7,3
607,ADD,8,2
607,ADD,8,9
607,REMOVE,0,1
607,REMOVE,0,9
607,REMOVE,1,0
607,REMOVE,2,3
607,REMOVE,2,9
607,REMOVE,3,7
607,REMOVE,4,7
607,REMOVE,5,2
607,REMOVE,5,6
607,REMOVE,6,4
607,REMOVE,6,8
607,REMOVE,7,7
607,REMOVE,7,8
607,REMOVE,8,4
607,REMOVE,8,7
608,ADD,0,7
608,ADD,0,8
608,ADD,0,9
608,ADD,1,4
608,ADD,3,7
608,ADD,4,3
608,ADD,4,7
608,ADD,4,8
608,ADD,5,1
608,ADD,5,6
608,ADD,7,0
608,ADD,7,5
608,ADD,8,4
608,ADD,8,7
608,REMOVE,1,2
608,REMOVE,1,8
608,REMOVE,3,9
608,REMOVE,4,0
608,REMOVE,4,2
608,REMOVE,4,6
608,REMOVE,5,8
608,REMOVE,7,2
608,REMOVE,7,3
608,REMOVE,8,2
609,ADD,0,5
609,ADD,1,5
609,ADD,1,6
609,ADD,3,8
609,ADD,4,2
609,ADD,5,8
609,ADD,7,2
609,ADD,8,2
609,REMOVE,0,9
609,REMOVE,1,4
609,REMOVE,3,7
609,REMOVE,4,3
609,REMOVE,4,8
609,REMOVE,5,1
609,REMOVE,5,6
609,REMOVE,7,5
609,REMOVE,8,4
609,REMOVE,8,9
610,ADD,0,9
610,ADD,3,1
610,ADD,3,3
610,ADD,4,3
610,ADD,4,9
610,ADD,5,0
610,ADD,5,6
610,REMOVE,0,5
610,REMOVE,3,2
610,REMOVE,3,8
610,REMOVE,4,2
610,REMOVE,4,7
610,REMOVE,5,7
610,REMOVE,7,0
610,REMOVE,7,2
610,REMOVE,8,2
610,REMOVE,8,7
611,ADD,0,2
611,ADD,4,7
611,ADD,5,9
611,ADD,7,2
611,ADD,7,7
611,REMOVE,0,8
611,REMOVE,0,9
611,REMOVE,1,5
611,REMOVE,1,6
611,REMOVE,1,7
611,REMOVE,3,1
611,REMOVE,3,3
611,REMOVE,4,3
611,REMOVE,5,0
611,REMOVE,5,8
612,ADD,4,8
612,ADD,5,0
612,ADD,5,5
612,ADD,7,1
612,ADD,8,7
612,ADD,8,8
612,REMOVE,4,9
612,REMOVE,5,6
612,REMOVE,5,9
613,ADD,0,9
613,ADD,1,3
613,ADD,1,5
613,ADD,4,2
613,ADD,5,6
613,ADD,5,8
613,ADD,7,9
613,ADD,8,0
613,REMOVE,4,8
613,REMOVE,5,0
613,REMOVE,5,5
613,REMOVE,7,2
613,REMOVE,7,7
613,REMOVE,8,8
614,ADD,0,8
614,ADD,4,3
614,ADD,4,8
614,ADD,5,1
614,ADD,5,2
614,ADD,5,7
614,ADD,7,8
614,REMOVE,0,7
614,REMOVE,0,9
614,REMOVE,1,3
614,REMOVE,1,5
614,REMOVE,4,2
614,REMOVE,4,7
614,REMOVE,5,6
614,REMOVE,5,8
614,REMOVE,7,9
615,ADD,0,4
615,ADD,0,7
615,ADD,1,4
615,ADD,1,8
615,ADD,2,3
615,ADD,2,9
615,ADD,3,2
615,ADD,3,8
615,ADD,4,2
615,ADD,4,7
615,ADD,5,8
615,ADD,5,9
615,ADD,7,2
615,ADD,7,9
615,ADD,8,2
615,REMOVE,0,2
615,REMOVE,0,8
615,REMOVE,4,3
615,REMOVE,5,1
615,REMOVE,5,2
615,REMOVE,7,1
615,REMOVE,7,8
615,REMOVE,8,0
616,ADD,1,2
616,ADD,1,7
616,ADD,1,9
616,ADD,3,1
616,ADD,3,3
616,ADD,5,0
616,ADD,5,2
616,ADD,7,4
616,ADD,7,8
616,REMOVE,0,4
616,REMOVE,0,7
616,REMOVE,1,4
616,REMOVE,1,8
616,REMOVE,2,3
616,REMOVE,2,9
616,REMOVE,3,2
616,REMOVE,3,8
616,REMOVE,5,7
616,REMOVE,5,8
616,REMOVE,5,9
616,REMOVE,7,2
616,REMOVE,7,9
616,REMOVE,8,2
616,REMOVE,8,7
617,ADD,1,1
617,ADD,4,4
617,ADD,5,7
617,ADD,5,9
617,REMOVE,1,2
617,REMOVE,1,7
617,REMOVE,3,1
617,REMOVE,3,3
617,REMOVE,4,8
617,REMOVE,5,0
617,REMOVE,5,2
617,REMOVE,7,4
617,REMOVE,7,8
618,ADD,4,9
618,ADD,7,0
618,ADD,7,2
618,ADD,7,4
618,ADD,8,2
618,ADD,8,7
618,REMOVE,1,1
618,REMOVE,1,9
618,REMOVE,4,2
618,REMOVE,4,4
618,REMOVE,5,7
618,REMOVE,5,9
619,ADD,0,2
619,ADD,0,7
619,ADD,0,8
619,ADD,1,5
619,ADD,1,6
619,ADD,1,7
619,ADD,2,0
619,ADD,2,7
619,ADD,2,8
619,ADD,4,2
619,ADD,4,3
619,ADD,5,7
619,ADD,5,8
619,ADD,8,0
619,REMOVE,4,9
619,REMOVE,7,4
619,REMOVE,8,2
620,ADD,1,2
620,ADD,1,8
620,ADD,2,6
620,ADD,4,9
620,ADD,5,2
620,ADD,7,1
620,ADD,7,7
620,ADD,8,4
620,ADD,8,5
620,REMOVE,1,5
620,REMOVE,1,6
620,REMOVE,2,0
620,REMOVE,2,7
620,REMOVE,4,2
620,REMOVE,4,3
620,REMOVE,5,7
620,REMOVE,7,2
620,REMOVE,8,0
621,ADD,0,4
621,ADD,0,6
621,ADD,1,1
621,ADD,4,8
621,ADD,8,8
621,ADD,8,9
621,REMOVE,0,2
621,REMOVE,0,7
621,REMOVE,0,8
621,REMOVE,1,7
621,REMOVE,2,6
621,REMOVE,2,8
621,REMOVE,7,0
621,REMOVE,7,1
621,REMOVE,7,7
621,REMOVE,8,4
621,REMOVE,8,5
621,REMOVE,8,7
622,ADD,3,7
622,ADD,3,9
622,ADD,4,3
622,ADD,5,7
622,ADD,8,7
622,REMOVE,0,4
622,REMOVE,0,6
622,REMOVE,1,1
622,REMOVE,1,2
622,REMOVE,1,8
622,REMOVE,4,7
622,REMOVE,4,8
622,REMOVE,5,8
622,REMOVE,8,9
623,ADD,4,1
623,ADD,4,7
623,ADD,4,8
623,ADD,5,1
623,ADD,5,8
623,ADD,6,0
623,ADD,6,2
623,ADD,7,3
623,ADD,7,8
623,ADD,8,3
623,REMOVE,3,7
623,REMOVE,3,9
623,REMOVE,4,3
623,REMOVE,4,9
623,REMOVE,5,2
623,REMOVE,5,7
623,REMOVE,8,8
624,ADD,0,2
624,ADD,0,8
624,ADD,3,2
624,ADD,3,4
624,ADD,4,5
624,ADD,4,6
624,ADD,5,3
624,ADD,7,1
624,ADD,8,0
624,ADD,8,5
624,REMOVE,4,1
624,REMOVE,4,7
624,REMOVE,5,8
624,REMOVE,6,0
624,REMOVE,6,2
624,REMOVE,7,8
624,REMOVE,8,3
624,REMOVE,8,7
625,ADD,4,2
625,ADD,4,7
625,ADD,5,2
625,ADD,5,7
625,ADD,7,9
625,REMOVE,0,2
625,REMOVE,0,8
625,REMOVE,3,2
625,REMOVE,3,4
625,REMOVE,4,5
625,REMOVE,4,6
625,REMOVE,4,8
625,REMOVE,5,1
625,REMOVE,5,3
625,REMOVE,7,1
625,REMOVE,8,0
625,REMOVE,8,5
626,ADD,0,2
626,ADD,0,7
626,ADD,2,7
626,ADD,2,9
626,ADD,4,5
626,ADD,4,6
626,ADD,5,8
626,ADD,7,2
626,ADD,7,7
626,ADD,8,3
626,ADD,8,8
626,REMOVE,4,7
626,REMOVE,5,7
626,REMOVE,7,3
626,REMOVE,7,9
627,ADD,2,3
627,ADD,3,2
627,ADD,3,9
627,ADD,4,7
627,ADD,4,9
627,ADD,5,5
627,ADD,5,7
627,ADD,7,8
627,ADD,8,2
627,ADD,8,7
627,REMOVE,2,7
627,REMOVE,4,2
627,REMOVE,4,5
627,REMOVE,4,6
627,REMOVE,5,2
627,REMOVE,7,7
627,REMOVE,8,3
627,REMOVE,8,8
628,ADD,4,1
628,ADD,4,2
628,ADD,5,1
628,ADD,5,3
628,ADD,7,7
628,ADD,8,3
628,ADD,8,5
628,REMOVE,2,3
628,REMOVE,2,9
628,REMOVE,3,2
628,REMOVE,3,9
628,REMOVE,4,9
628,REMOVE,5,5
628,REMOVE,5,7
628,REMOVE,5,8
628,REMOVE,7,2
628,REMOVE,8,2
628,REMOVE,8,7
629,ADD,0,3
629,ADD,0,8
629,ADD,4,5
629,ADD,4,6
629,ADD,4,9
629,ADD,5,0
629,ADD,5,2
629,ADD,7,3
629,ADD,7,9
629,ADD,8,8
629,ADD,8,9
629,REMOVE,0,2
629,REMOVE,4,1
629,REMOVE,4,7
629,REMOVE,5,1
629,REMOVE,5,3
629,REMOVE,7,7
629,REMOVE,7,8
629,REMOVE,8,3
629,REMOVE,8,5
630,ADD,3,2
630,ADD,3,7
630,ADD,3,9
630,ADD,4,8
630,ADD,5,8
630,ADD,5,9
630,ADD,8,7
630,REMOVE,0,3
630,REMOVE,0,7
630,REMOVE,0,8
630,REMOVE,4,5
630,REMOVE,4,6
630,REMOVE,4,9
630,REMOVE,5,0
630,REMOVE,5,2
630,REMOVE,7,3
630,REMOVE,7,9
630,REMOVE,8,8
631,ADD,3,8
631,ADD,4,7
631,ADD,5,2
631,ADD,7,2
631,ADD,7,9
631,ADD,8,4
631,ADD,8,5
631,REMOVE,3,2
631,REMOVE,3,9
631,REMOVE,4,8
631,REMOVE,5,9
631,REMOVE,8,9
632,ADD,4,9
632,ADD,5,6
632,ADD,7,1
632,ADD,8,3
632,ADD,8,9
632,REMOVE,3,7
632,REMOVE,3,8
632,REMOVE,4,2
632,REMOVE,5,2
632,REMOVE,7,2
632,REMOVE,8,4
632,REMOVE,8,5
632,REMOVE,8,7
633,ADD,0,2
633,ADD,0,3
633,ADD,0,7
633,ADD,2,4
633,ADD,2,8
633,ADD,3,5
633,ADD,3,6
633,ADD,3,7
633,ADD,4,1
633,ADD,4,5
633,ADD,5,2
633,ADD,5,7
633,ADD,5,9
633,ADD,7,0
633,ADD,7,7
633,REMOVE,4,9
633,REMOVE,5,6
633,REMOVE,5,8
633,REMOVE,7,1
633,REMOVE,7,9
633,REMOVE,8,3
633,REMOVE,8,9
634,ADD,0,8
634,ADD,3,2
634,ADD,3,8
634,ADD,4,2
634,ADD,5,8
634,ADD,7,6
634,REMOVE,0,2
634,REMOVE,0,3
634,REMOVE,2,4
634,REMOVE,2,8
634,REMOVE,3,5
634,REMOVE,3,6
634,REMOVE,4,1
634,REMOVE,4,7
634,REMOVE,5,2
634,REMOVE,7,0
635,ADD,0,2
635,ADD,0,5
635,ADD,3,6
635,ADD,3,9
635,ADD,4,3
635,ADD,4,7
635,ADD,4,8
635,ADD,5,2
635,ADD,7,2
635,ADD,7,8
635,ADD,7,9
635,ADD,8,6
635,ADD,8,9
635,REMOVE,0,8
635,REMOVE,3,2
635,REMOVE,3,7
635,REMOVE,3,8
635,REMOVE,4,5
635,REMOVE,5,8
635,REMOVE,5,9
635,REMOVE,7,6
635,REMOVE,7,7
636,ADD,0,8
636,ADD,3,5
636,ADD,3,8
636,ADD,4,9
636,ADD,5,6
636,ADD,5,8
636,ADD,7,1
636,ADD,7,3
636,ADD,8,3
636,ADD,8,7
636,ADD,8,8
636,REMOVE,0,2
636,REMOVE,3,6
636,REMOVE,3,9
636,REMOVE,4,2
636,REMOVE,4,3
636,REMOVE,4,7
636,REMOVE,5,2
636,REMOVE,5,7
636,REMOVE,7,2
636,REMOVE,7,8
636,REMOVE,7,9
636,REMOVE,8,6
636,REMOVE,8,9
637,ADD,0,3
637,ADD,0,9
637,ADD,3,0
637,ADD,3,1
637,ADD,3,7
637,ADD,4,2
637,ADD,4,7
637,ADD,5,2
637,ADD,6,2
637,ADD,6,4
637,ADD,8,4
637,REMOVE,0,5
637,REMOVE,0,7
637,REMOVE,0,8
637,REMOVE,3,5
637,REMOVE,3,8
637,REMOVE,4,8
637,REMOVE,4,9
637,REMOVE,5,6
637,REMOVE,7,1
637,REMOVE,7,3
637,REMOVE,8,3
637,REMOVE,8,7
638,ADD,1,0
638,ADD,1,2
638,ADD,3,4
638,ADD,3,8
638,ADD,4,0
638,ADD,4,1
638,ADD,4,3
638,ADD,7,5
638,ADD,7,6
638,ADD,7,7
638,ADD,8,2
638,ADD,8,7
638,REMOVE,0,3
638,REMOVE,0,9
638,REMOVE,3,0
638,REMOVE,3,1
638,REMOVE,3,7
638,REMOVE,4,2
638,REMOVE,4,7
638,REMOVE,5,2
638,REMOVE,5,8
638,REMOVE,6,2
638,REMOVE,6,4
638,REMOVE,8,4
638,REMOVE,8,8
639,ADD,3,1
639,ADD,3,6
639,ADD,4,2
639,ADD,4,7
639,ADD,5,0
639,ADD,5,7
639,ADD,5,8
639,ADD,7,0
639,ADD,7,1
639,ADD,8,1
639,ADD,8,3
639,ADD,8,8
639,REMOVE,1,0
639,REMOVE,1,2
639,REMOVE,3,4
639,REMOVE,3,8
639,REMOVE,4,0
639,REMOVE,4,1
639,REMOVE,4,3
639,REMOVE,7,5
639,REMOVE,7,6
639,REMOVE,8,2
639,REMOVE,8,7
640,ADD,0,3
640,ADD,0,7
640,ADD,2,1
640,ADD,2,6
640,ADD,3,9
640,ADD,4,9
640,ADD,5,4
640,ADD,7,9
640,ADD,8,2
640,ADD,8,5
640,ADD,8,9
640,REMOVE,3,6
640,REMOVE,5,0
640,REMOVE,5,7
640,REMOVE,7,0
640,REMOVE,7,1
640,REMOVE,8,3
640,REMOVE,8,8
641,ADD,0,0
641,ADD,0,2
641,ADD,3,7
641,ADD,4,3
641,ADD,5,7
641,ADD,7,2
641,ADD,7,8
641,ADD,8,6
641,ADD,8,8
641,REMOVE,0,3
641,REMOVE,2,1
641,REMOVE,2,6
641,REMOVE,3,9
641,REMOVE,4,9
641,REMOVE,5,4
641,REMOVE,7,7
641,REMOVE,7,9
641,REMOVE,8,1
641,REMOVE,8,2
641,REMOVE,8,5
641,REMOVE,8,9
642,ADD,0,6
642,ADD,1,2
642,ADD,1,5
642,ADD,3,8
642,ADD,4,5
642,ADD,4,8
642,ADD,7,9
642,ADD,8,7
642,REMOVE,0,2
642,REMOVE,3,1
642,REMOVE,4,2
642,REMOVE,4,3
642,REMOVE,7,2
642,REMOVE,8,6
643,ADD,0,9
643,ADD,1,7
643,ADD,4,2
643,ADD,4,6
643,ADD,5,2
643,ADD,6,1
643,ADD,6,8
643,ADD,7,4
643,ADD,8,2
643,ADD,8,5
643,REMOVE,0,0
643,REMOVE,0,6
643,REMOVE,1,2
643,REMOVE,3,7
643,REMOVE,3,8
643,REMOVE,4,7
643,REMOVE,4,8
643,REMOVE,5,8
643,REMOVE,7,9
643,REMOVE,8,7
643,REMOVE,8,8
644,ADD,1,1
644,ADD,2,1
644,ADD,2,3
644,ADD,3,4
644,ADD,3,7
644,ADD,4,4
644,ADD,4,8
644,ADD,7,7
644,ADD,8,1
644,ADD,8,3
644,REMOVE,0,7
644,REMOVE,0,9
644,REMOVE,1,5
644,REMOVE,4,2
644,REMOVE,4,5
644,REMOVE,4,6
644,REMOVE,5,2
644,REMOVE,5,7
644,REMOVE,6,1
644,REMOVE,6,8
644,REMOVE,7,4
644,REMOVE,8,2
644,REMOVE,8,5
645,ADD,1,2
645,ADD,3,2
645,ADD,3,9
645,ADD,4,2
645,ADD,4,7
645,ADD,5,4
645,ADD,5,8
645,ADD,7,1
645,ADD,8,2
645,ADD,8,4
645,REMOVE,1,1
645,REMOVE,2,1
645,REMOVE,2,3
645,REMOVE,3,4
645,REMOVE,3,7
645,REMOVE,4,4
645,REMOVE,4,8
645,REMOVE,7,8
645,REMOVE,8,1
645,REMOVE,8,3
646,ADD,4,8
646,ADD,5,2
646,ADD,5,9
646,ADD,7,4
646,ADD,7,8
646,ADD,8,7
646,ADD,8,8
646,REMOVE,1,2
646,REMOVE,1,7
646,REMOVE,3,2
646,REMOVE,3,9
646,REMOVE,4,2
646,REMOVE,5,4
646,REMOVE,5,8
646,REMOVE,7,1
646,REMOVE,7,7
646,REMOVE,8,2
646,REMOVE,8,4
647,ADD,0,6
647,ADD,0,7
647,ADD,1,2
647,ADD,1,3
647,ADD,1,7
647,ADD,2,7
647,ADD,2,9
647,ADD,4,2
647,ADD,4,5
647,ADD,5,4
647,ADD,5,8
647,ADD,7,6
647,ADD,7,9
647,REMOVE,4,8
647,REMOVE,5,2
647,REMOVE,5,9
647,REMOVE,7,4
647,REMOVE,7,8
647,REMOVE,8,7
647,REMOVE,8,8
648,ADD,0,0
648,ADD,0,2
648,ADD,0,4
648,ADD,4,1
648,ADD,4,3
648,ADD,5,2
648,ADD,5,7
648,ADD,7,7
648,ADD,8,8
648,ADD,8,9
648,REMOVE,0,6
648,REMOVE,0,7
648,REMOVE,1,7
648,REMOVE,2,7
648,REMOVE,4,2
648,REMOVE,4,5
648,REMOVE,5,4
648,REMOVE,5,8
648,REMOVE,7,6
649,ADD,0,3
649,ADD,0,7
649,ADD,1,7
649,ADD,1,8
649,ADD,2,7
649,ADD,3,4
649,ADD,3,7
649,ADD,4,8
649,ADD,5,6
649,ADD,5,8
649,ADD,8,0
649,ADD,8,7
649,REMOVE,0,0
649,REMOVE,0,4
649,REMOVE,1,2
649,REMOVE,1,3
649,REMOVE,4,1
649,REMOVE,4,7
649,REMOVE,5,2
649,REMOVE,5,7
649,REMOVE,7,7
649,REMOVE,7,9
649,REMOVE,8,8
649,REMOVE,8,9
650,ADD,0,0
650,ADD,0,1
650,ADD,1,5
650,ADD,1,6
650,ADD,3,1
650,ADD,4,9
650,ADD,5,0
650,ADD,5,2
650,ADD,7,7
650,ADD,7,9
650,ADD,8,4
650,ADD,8,8
650,REMOVE,0,2
650,REMOVE,0,3
650,REMOVE,1,8
650,REMOVE,2,7
650,REMOVE,2,9
650,REMOVE,3,4
650,REMOVE,4,8
650,REMOVE,5,6
650,REMOVE,5,8
650,REMOVE,8,0
650,REMOVE,8,7
651,ADD,0,2
651,ADD,1,9
651,ADD,3,0
651,ADD,3,5
651,ADD,4,5
651,ADD,4,6
651,ADD,4,8
651,ADD,5,7
651,ADD,7,4
651,ADD,7,8
651,ADD,8,7
651,REMOVE,0,0
651,REMOVE,0,1
651,REMOVE,1,5
651,REMOVE,1,6
651,REMOVE,3,1
651,REMOVE,3,7
651,REMOVE,4,3
651,REMOVE,4,9
651,REMOVE,5,0
651,REMOVE,7,7
651,REMOVE,7,9
651,REMOVE,8,4
652,ADD,0,8
652,ADD,1,8
652,ADD,3,2
652,ADD,3,4
652,ADD,4,3
652,ADD,4,9
652,ADD,7,1
652,ADD,7,3
652,ADD,8,0
652,REMOVE,0,7
652,REMOVE,1,9
652,REMOVE,3,0
652,REMOVE,3,5
652,REMOVE,4,5
652,REMOVE,4,6
652,REMOVE,4,8
652,REMOVE,7,4
652,REMOVE,7,8
652,REMOVE,8,8
653,ADD,0,4
653,ADD,1,6
653,ADD,3,7
653,ADD,3,9
653,ADD,4,7
653,ADD,4,8
653,ADD,5,5
653,ADD,5,6
653,ADD,7,8
653,ADD,7,9
653,ADD,8,2
653,REMOVE,0,2
653,REMOVE,1,8
653,REMOVE,3,2
653,REMOVE,3,4
653,REMOVE,4,9
653,REMOVE,5,2
653,REMOVE,7,1
653,REMOVE,7,3
653,REMOVE,8,7
654,ADD,0,2
654,ADD,0,7
654,ADD,1,3
654,ADD,1,8
654,ADD,3,3
654,ADD,3,8
654,ADD,4,9
654,ADD,7,0
654,ADD,7,2
654,ADD,8,1
654,ADD,8,9
654,REMOVE,0,4
654,REMOVE,1,6
654,REMOVE,3,7
654,REMOVE,3,9
654,REMOVE,4,3
654,REMOVE,4,8
654,REMOVE,5,5
654,REMOVE,5,6
654,REMOVE,5,7
654,REMOVE,7,8
654,REMOVE,7,9
654,REMOVE,8,0
654,REMOVE,8,2
655,ADD,0,6
655,ADD,1,1
655,ADD,3,7
655,ADD,4,8
655,ADD,5,1
655,ADD,5,7
655,ADD,5,8
655,ADD,8,0
655,ADD,8,2
655,REMOVE,0,2
655,REMOVE,0,8
655,REMOVE,1,3
655,REMOVE,1,7
655,REMOVE,3,8
655,REMOVE,4,9
655,REMOVE,7,0
655,REMOVE,7,2
655,REMOVE,8,1
655,REMOVE,8,9
656,ADD,0,2
656,ADD,0,9
656,ADD,1,7
656,ADD,2,7
656,ADD,2,9
656,ADD,3,4
656,ADD,3,8
656,ADD,4,2
656,ADD,5,3
656,ADD,7,4
656,ADD,7,8
656,REMOVE,0,6
656,REMOVE,1,1
656,REMOVE,3,3
656,REMOVE,3,7
656,REMOVE,4,8
656,REMOVE,5,1
657,ADD,1,2
657,ADD,2,2
657,ADD,2,3
657,ADD,3,2
657,ADD,4,0
657,ADD,5,9
657,ADD,7,2
657,ADD,8,7
657,REMOVE,0,9
657,REMOVE,2,7
657,REMOVE,2,9
657,REMOVE,3,4
657,REMOVE,4,2
657,REMOVE,5,3
657,REMOVE,5,8
657,REMOVE,7,4
657,REMOVE,8,0
658,ADD,0,8
658,ADD,1,3
658,ADD,1,9
658,ADD,3,5
658,ADD,3,7
658,ADD,4,2
658,ADD,5,2
658,REMOVE,1,2
658,REMOVE,1,7
658,REMOVE,1,8
658,REMOVE,2,2
658,REMOVE,2,3
658,REMOVE,3,2
658,REMOVE,3,8
658,REMOVE,4,0
658,REMOVE,5,9
658,REMOVE,7,2
658,REMOVE,7,8
659,ADD,0,4
659,ADD,0,6
659,ADD,1,1
659,ADD,4,6
659,ADD,4,9
659,ADD,5,5
659,ADD,5,8
659,ADD,5,9
659,ADD,7,0
659,ADD,7,2
659,REMOVE,0,2
659,REMOVE,0,7
659,REMOVE,0,8
659,REMOVE,1,3
659,REMOVE,3,5
659,REMOVE,3,7
659,REMOVE,4,2
659,REMOVE,4,7
659,REMOVE,5,2
659,REMOVE,5,7
659,REMOVE,8,2
659,REMOVE,8,7
660,ADD,0,2
660,ADD,0,7
660,ADD,1,2
660,ADD,1,4
660,ADD,1,5
660,ADD,3,4
660,ADD,3,6
660,ADD,4,2
660,ADD,4,7
660,ADD,4,8
660,ADD,5,3
660,ADD,7,7
660,ADD,8,2
660,ADD,8,8
660,REMOVE,0,4
660,REMOVE,0,6
660,REMOVE,1,1
660,REMOVE,1,9
660,REMOVE,4,6
660,REMOVE,4,9
660,REMOVE,5,5
660,REMOVE,5,8
660,REMOVE,7,0
661,ADD,0,3
661,ADD,0,8
661,ADD,1,1
661,ADD,1,3
661,ADD,1,8
661,ADD,3,2
661,ADD,3,9
661,ADD,4,5
661,ADD,5,6
661,ADD,5,7
661,REMOVE,0,7
661,REMOVE,1,2
661,REMOVE,1,4
661,REMOVE,1,5
661,REMOVE,3,4
661,REMOVE,3,6
661,REMOVE,4,7
661,REMOVE,4,8
661,REMOVE,5,3
661,REMOVE,8,2
661,REMOVE,8,8
662,ADD,0,6
662,ADD,1,2
662,ADD,1,7
662,ADD,2,0
662,ADD,2,6
662,ADD,2,7
662,ADD,3,1
662,ADD,4,6
662,ADD,4,7
662,ADD,5,5
662,ADD,7,3
662,ADD,7,9
662,ADD,8,7
662,ADD,8,9
662,REMOVE,0,2
662,REMOVE,1,1
662,REMOVE,1,8
662,REMOVE,3,2
662,REMOVE,4,2
662,REMOVE,5,9
662,REMOVE,7,2
662,REMOVE,7,7
663,ADD,0,0
663,ADD,0,1
663,ADD,1,5
663,ADD,1,8
663,ADD,2,8
663,ADD,2,9
663,ADD,5,2
663,ADD,7,2
663,ADD,7,7
663,ADD,8,2
663,ADD,8,8
663,REMOVE,0,3
663,REMOVE,0,6
663,REMOVE,1,2
663,REMOVE,1,3
663,REMOVE,2,6
663,REMOVE,3,1
663,REMOVE,3,9
663,REMOVE,4,5
663,REMOVE,5,5
663,REMOVE,5,6
663,REMOVE,7,3
663,REMOVE,7,9
663,REMOVE,8,7
663,REMOVE,8,9
664,ADD,0,9
664,ADD,2,2
664,ADD,4,3
664,ADD,4,8
664,ADD,5,3
664,ADD,5,5
664,ADD,5,9
664,ADD,6,5
664,ADD,6,6
664,ADD,6,7
664,ADD,7,0
664,ADD,7,6
664,ADD,8,7
664,ADD,8,9
664,REMOVE,0,0
664,REMOVE,0,8
664,REMOVE,1,5
664,REMOVE,2,0
664,REMOVE,2,7
664,REMOVE,2,9
664,REMOVE,4,6
664,REMOVE,5,2
664,REMOVE,5,7
664,REMOVE,7,7
664,REMOVE,8,2
664,REMOVE,8,8
665,ADD,0,0
665,ADD,0,2
665,ADD,0,7
665,ADD,1,2
665,ADD,2,5
665,ADD,2,6
665,ADD,2,7
665,ADD,3,1
665,ADD,3,9
665,ADD,4,1
665,ADD,6,2
665,ADD,6,8
665,ADD,6,9
665,REMOVE,0,1
665,REMOVE,0,9
665,REMOVE,1,8
665,REMOVE,2,2
665,REMOVE,2,8
665,REMOVE,4,3
665,REMOVE,4,8
665,REMOVE,5,3
665,REMOVE,5,5
665,REMOVE,5,9
665,REMOVE,6,5
665,REMOVE,6,6
665,REMOVE,6,7
665,REMOVE,7,0
665,REMOVE,7,2
665,REMOVE,7,6
665,REMOVE,8,7
665,REMOVE,8,9
666,ADD,0,4
666,ADD,0,8
666,ADD,1,4
666,ADD,1,8
666,ADD,2,2
666,ADD,4,6
666,ADD,4,9
666,ADD,5,2
666,ADD,5,8
666,ADD,6,4
666,ADD,8,0
666,ADD,8,2
666,REMOVE,0,0
666,REMOVE,0,2
666,REMOVE,0,7
666,REMOVE,1,2
666,REMOVE,1,7
666,REMOVE,2,5
666,REMOVE,2,6
666,REMOVE,3,1
666,REMOVE,3,9
666,REMOVE,4,1
666,REMOVE,4,7
666,REMOVE,6,2
666,REMOVE,6,8
667,ADD,0,2
667,ADD,0,7
667,ADD,1,5
667,ADD,1,7
667,ADD,2,8
667,ADD,4,2
667,ADD,4,7
667,ADD,5,7
667,ADD,6,0
667,ADD,6,6
667,ADD,6,8
667,ADD,7,2
667,ADD,7,3
667,ADD,8,3
667,ADD,8,5
667,ADD,8,9
667,REMOVE,0,4
667,REMOVE,0,8
667,REMOVE,1,8
667,REMOVE,2,7
667,REMOVE,4,6
667,REMOVE,4,9
667,REMOVE,5,8
667,REMOVE,6,4
667,REMOVE,6,9
667,REMOVE,8,0
667,REMOVE,8,2
668,ADD,0,3
668,ADD,1,8
668,ADD,1,9
668,ADD,2,4
668,ADD,2,7
668,ADD,2,9
668,ADD,3,1
668,ADD,3,7
668,ADD,3,9
668,ADD,4,1
668,ADD,4,8
668,ADD,4,9
668,ADD,5,9
668,ADD,6,3
668,ADD,6,9
668,ADD,7,7
668,ADD,7,8
668,ADD,8,1
668,ADD,8,6
668,ADD,8,7
668,REMOVE,1,4
668,REMOVE,1,7
668,REMOVE,2,2
668,REMOVE,2,8
668,REMOVE,4,2
668,REMOVE,4,7
668,REMOVE,5,2
668,REMOVE,6,0
668,REMOVE,6,6
668,REMOVE,6,8
668,REMOVE,7,2
668,REMOVE,7,3
668,REMOVE,8,3
668,REMOVE,8,5
668,REMOVE,8,9
669,ADD,1,3
669,ADD,3,5
669,ADD,4,7
669,ADD,6,0
669,ADD,6,1
669,ADD,6,7
669,ADD,7,5
669,ADD,7,6
669,ADD,8,2
669,ADD,8,3
669,REMOVE,0,7
669,REMOVE,1,5
669,REMOVE,1,9
669,REMOVE,3,9
669,REMOVE,4,1
669,REMOVE,4,9
669,REMOVE,5,7
669,REMOVE,5,9
669,REMOVE,6,3
669,REMOVE,6,9
669,REMOVE,7,8
669,REMOVE,8,1
669,REMOVE,8,6
669,REMOVE,8,7
670,ADD,0,7
670,ADD,1,2
670,ADD,1,7
670,ADD,2,6
670,ADD,2,8
670,ADD,4,2
670,ADD,5,3
670,ADD,5,8
670,ADD,7,2
670,ADD,7,8
670,ADD,8,8
670,ADD,8,9
670,REMOVE,0,3
670,REMOVE,1,3
670,REMOVE,1,8
670,REMOVE,2,4
670,REMOVE,2,7
670,REMOVE,2,9
670,REMOVE,3,1
670,REMOVE,3,5
670,REMOVE,3,7
670,REMOVE,4,8
670,REMOVE,6,0
670,REMOVE,7,5
670,REMOVE,7,6
670,REMOVE,7,7
670,REMOVE,8,2
670,REMOVE,8,3
671,ADD,0,3
671,ADD,0,5
671,ADD,1,4
671,ADD,1,8
671,ADD,2,1
671,ADD,2,7
671,ADD,3,3
671,ADD,3,9
671,ADD,4,9
671,ADD,5,5
671,ADD,6,6
671,ADD,6,9
671,ADD,7,7
671,ADD,8,1
671,ADD,8,3
671,REMOVE,0,2
671,REMOVE,1,2
671,REMOVE,1,7
671,REMOVE,2,6
671,REMOVE,5,8
671,REMOVE,6,1
671,REMOVE,7,2
671,REMOVE,8,8
671,REMOVE,8,9
672,ADD,0,2
672,ADD,1,6
672,ADD,1,7
672,ADD,2,0
672,ADD,2,6
672,ADD,3,1
672,ADD,4,1
672,ADD,5,1
672,ADD,7,0
672,ADD,8,2
672,ADD,8,4
672,REMOVE,0,3
672,REMOVE,0,5
672,REMOVE,1,4
672,REMOVE,1,8
672,REMOVE,2,1
672,REMOVE,2,8
672,REMOVE,3,9
672,REMOVE,4,2
672,REMOVE,4,7
672,REMOVE,5,5
672,REMOVE,6,9
672,REMOVE,7,8
672,REMOVE,8,1
672,REMOVE,8,3
673,ADD,0,9
673,ADD,1,8
673,ADD,2,5
673,ADD,3,2
673,ADD,3,7
673,ADD,4,5
673,ADD,4,6
673,ADD,4,7
673,ADD,7,6
673,ADD,7,8
673,REMOVE,0,2
673,REMOVE,1,6
673,REMOVE,2,0
673,REMOVE,3,1
673,REMOVE,3,3
673,REMOVE,4,1
673,REMOVE,4,9
673,REMOVE,6,6
673,REMOVE,6,7
673,REMOVE,7,0
673,REMOVE,7,7
673,REMOVE,8,2
673,REMOVE,8,4
674,ADD,0,2
674,ADD,0,8
674,ADD,1,2
674,ADD,4,8
674,ADD,4,9
674,ADD,5,0
674,ADD,5,7
674,ADD,6,3
674,ADD,6,9
674,ADD,7,2
674,ADD,7,3
674,ADD,7,7
674,ADD,8,7
674,ADD,8,9
674,REMOVE,0,7
674,REMOVE,1,7
674,REMOVE,2,5
674,REMOVE,2,6
674,REMOVE,2,7
674,REMOVE,3,2
674,REMOVE,3,7
674,REMOVE,4,5
674,REMOVE,4,6
674,REMOVE,4,7
674,REMOVE,5,3
674,REMOVE,7,6
674,REMOVE,7,8
675,ADD,0,7
675,ADD,1,0
675,ADD,1,6
675,ADD,1,7
675,ADD,2,2
675,ADD,2,7
675,ADD,2,8
675,ADD,4,0
675,ADD,4,7
675,ADD,5,2
675,ADD,5,6
675,ADD,5,8
675,ADD,6,7
675,ADD,6,8
675,ADD,7,8
675,ADD,8,2
675,REMOVE,0,2
675,REMOVE,0,9
675,REMOVE,1,2
675,REMOVE,1,8
675,REMOVE,4,8
675,REMOVE,5,0
675,REMOVE,5,1
675,REMOVE,5,7
675,REMOVE,6,9
675,REMOVE,7,2
675,REMOVE,7,3
675,REMOVE,8,9
676,ADD,0,2
676,ADD,1,8
676,ADD,2,1
676,ADD,3,1
676,ADD,3,9
676,ADD,4,8
676,ADD,5,7
676,ADD,5,9
676,ADD,6,2
676,ADD,8,8
676,REMOVE,1,0
676,REMOVE,1,7
676,REMOVE,2,8
676,REMOVE,4,0
676,REMOVE,4,9
676,REMOVE,5,2
676,REMOVE,5,6
676,REMOVE,5,8
676,REMOVE,6,3
676,REMOVE,6,8
676,REMOVE,7,7
676,REMOVE,7,8
676,REMOVE,8,2
677,ADD,0,9
677,ADD,1,5
677,ADD,1,7
677,ADD,2,5
677,ADD,2,8
677,ADD,2,9
677,ADD,3,5
677,ADD,3,8
677,ADD,4,1
677,ADD,5,5
677,ADD,5,6
677,ADD,5,8
677,ADD,7,6
677,ADD,7,8
677,ADD,7,9
677,REMOVE,0,7
677,REMOVE,1,8
677,REMOVE,2,1
677,REMOVE,2,2
677,REMOVE,2,7
677,REMOVE,3,1
677,REMOVE,3,9
677,REMOVE,4,7
677,REMOVE,5,7
677,REMOVE,5,9
677,REMOVE,8,7
677,REMOVE,8,8
678,ADD,0,5
678,ADD,1,2
678,ADD,1,8
678,ADD,2,7
678,ADD,3,1
678,ADD,3,7
678,ADD,4,5
678,ADD,4,6
678,ADD,4,7
678,ADD,5,2
678,ADD,5,3
678,ADD,5,7
678,ADD,6,0
678,ADD,7,0
678,ADD,7,7
678,ADD,8,6
678,ADD,8,8
678,REMOVE,0,8
678,REMOVE,0,9
678,REMOVE,1,5
678,REMOVE,1,6
678,REMOVE,1,7
678,REMOVE,2,9
678,REMOVE,3,5
678,REMOVE,3,8
678,REMOVE,4,1
678,REMOVE,4,8
678,REMOVE,5,5
678,REMOVE,5,6
678,REMOVE,5,8
678,REMOVE,6,7
678,REMOVE,7,8
678,REMOVE,7,9
679,ADD,0,8
679,ADD,1,7
679,ADD,2,2
679,ADD,3,2
679,ADD,3,3
679,ADD,5,8
679,ADD,6,7
679,ADD,6,8
679,ADD,7,1
679,ADD,8,7
679,REMOVE,0,5
679,REMOVE,1,8
679,REMOVE,2,5
679,REMOVE,2,8
679,REMOVE,3,1
679,REMOVE,3,7
679,REMOVE,5,2
679,REMOVE,5,3
679,REMOVE,6,0
679,REMOVE,6,2
679,REMOVE,7,6
679,REMOVE,8,6
680,ADD,0,7
680,ADD,1,6
680,ADD,3,5
680,ADD,4,2
680,ADD,5,9
680,ADD,6,3
680,ADD,7,4
680,ADD,7,6
680,ADD,8,6
680,ADD,8,9
680,REMOVE,0,2
680,REMOVE,1,2
680,REMOVE,2,2
680,REMOVE,2,7
680,REMOVE,3,3
680,REMOVE,4,5
680,REMOVE,4,6
680,REMOVE,5,8
680,REMOVE,6,7
680,REMOVE,7,0
680,REMOVE,7,1
680,REMOVE,7,7
680,REMOVE,8,7
680,REMOVE,8,8
681,ADD,0,1
681,ADD,3,4
681,ADD,3,8
681,ADD,5,0
681,ADD,5,2
681,ADD,6,9
681,ADD,7,1
681,ADD,7,9
681,ADD,8,0
681,ADD,8,1
681,ADD,8,7
681,REMOVE,0,8
681,REMOVE,1,6
681,REMOVE,1,7
681,REMOVE,3,2
681,REMOVE,3,5
681,REMOVE,4,2
681,REMOVE,4,7
681,REMOVE,5,7
681,REMOVE,5,9
681,REMOVE,6,8
681,REMOVE,7,4
681,REMOVE,7,6
681,REMOVE,8,6
681,REMOVE,8,9
682,ADD,0,2
682,ADD,0,3
682,ADD,1,7
682,ADD,1,8
682,ADD,2,2
682,ADD,2,9
682,ADD,4,3
682,ADD,4,9
682,ADD,5,3
682,ADD,5,5
682,ADD,5,7
682,ADD,6,0
682,ADD,6,7
682,ADD,6,8
682,ADD,7,7
682,ADD,7,8
682,ADD,8,2
682,ADD,8,3
682,REMOVE,0,1
682,REMOVE,3,4
682,REMOVE,3,8
682,REMOVE,5,0
682,REMOVE,5,2
682,REMOVE,6,3
682,REMOVE,6,9
682,REMOVE,7,1
682,REMOVE,7,9
682,REMOVE,8,0
682,REMOVE,8,1
682,REMOVE,8,7
683,ADD,0,1
683,ADD,1,5
683,ADD,2,7
683,ADD,2,8
683,ADD,3,7
683,ADD,3,8
683,ADD,3,9
683,ADD,4,2
683,ADD,4,7
683,ADD,5,1
683,ADD,5,8
683,ADD,5,9
683,ADD,6,1
683,ADD,6,5
683,ADD,7,2
683,ADD,7,9
683,ADD,8,7
683,ADD,8,8
683,REMOVE,0,2
683,REMOVE,0,3
683,REMOVE,2,2
683,REMOVE,2,9
683,REMOVE,4,3
683,REMOVE,4,9
683,REMOVE,5,3
683,REMOVE,5,5
683,REMOVE,5,7
683,REMOVE,6,0
683,REMOVE,6,8
683,REMOVE,7,8
683,REMOVE,8,2
683,REMOVE,8,3
684,ADD,0,9
684,ADD,1,6
684,ADD,2,5
684,ADD,3,1
684,ADD,3,5
684,ADD,4,0
684,ADD,4,6
684,ADD,5,2
684,ADD,6,0
684,ADD,6,2
684,ADD,7,1
684,ADD,7,3
684,ADD,8,9
684,REMOVE,0,1
684,REMOVE,1,5
684,REMOVE,1,8
684,REMOVE,3,8
684,REMOVE,3,9
684,REMOVE,4,2
684,REMOVE,5,1
684,REMOVE,5,9
684,REMOVE,6,1
684,REMOVE,6,5
684,REMOVE,7,2
684,REMOVE,7,7
684,REMOVE,7,9
684,REMOVE,8,8
685,ADD,0,2
685,ADD,0,3
685,ADD,1,5
685,ADD,2,2
685,ADD,3,2
685,ADD,3,8
685,ADD,4,8
685,ADD,4,9
685,ADD,5,7
685,ADD,7,9
685,REMOVE,0,7
685,REMOVE,0,9
685,REMOVE,1,6
685,REMOVE,2,7
685,REMOVE,2,8
685,REMOVE,3,1
685,REMOVE,3,5
685,REMOVE,3,7
685,REMOVE,4,0
685,REMOVE,4,6
685,REMOVE,4,7
685,REMOVE,6,0
685,REMOVE,6,2
685,REMOVE,6,7
685,REMOVE,7,3
686,ADD,0,7
686,ADD,0,9
686,ADD,1,9
686,ADD,2,0
686,ADD,2,6
686,ADD,2,7
686,ADD,3,3
686,ADD,4,7
686,ADD,5,3
686,ADD,6,3
686,ADD,6,9
686,ADD,7,2
686,ADD,7,7
686,ADD,8,1
686,REMOVE,0,2
686,REMOVE,0,3
686,REMOVE,1,5
686,REMOVE,2,2
686,REMOVE,2,5
686,REMOVE,3,2
686,REMOVE,4,8
686,REMOVE,5,7
686,REMOVE,7,1
686,REMOVE,7,9
686,REMOVE,8,7
687,ADD,0,8
687,ADD,1,1
687,ADD,2,4
687,ADD,2,8
687,ADD,4,2
687,ADD,5,5
687,ADD,7,1
687,ADD,7,3
687,ADD,8,8
687,REMOVE,0,9
687,REMOVE,1,7
687,REMOVE,2,0
687,REMOVE,2,6
687,REMOVE,2,7
687,REMOVE,3,3
687,REMOVE,3,8
687,REMOVE,4,9
687,REMOVE,5,3
687,REMOVE,5,8
687,REMOVE,6,3
687,REMOVE,6,9
687,REMOVE,7,2
687,REMOVE,7,7
687,REMOVE,8,9
688,ADD,0,0
688,ADD,0,1
688,ADD,0,3
688,ADD,1,3
688,ADD,3,1
688,ADD,3,9
688,ADD,4,8
688,ADD,5,7
688,ADD,6,1
688,ADD,6,3
688,ADD,7,5
688,ADD,7,6
688,ADD,7,8
688,REMOVE,0,7
688,REMOVE,0,8
688,REMOVE,1,1
688,REMOVE,2,4
688,REMOVE,2,8
688,REMOVE,4,2
688,REMOVE,5,5
688,REMOVE,7,1
688,REMOVE,7,3
688,REMOVE,8,1
688,REMOVE,8,8
689,ADD,0,5
689,ADD,0,6
689,ADD,0,7
689,ADD,1,7
689,ADD,2,2
689,ADD,2,8
689,ADD,3,2
689,ADD,3,7
689,ADD,4,6
689,ADD,5,8
689,ADD,6,9
689,ADD,7,7
689,ADD,8,7
689,ADD,8,8
689,REMOVE,0,0
689,REMOVE,0,1
689,REMOVE,0,3
689,REMOVE,1,9
689,REMOVE,3,1
689,REMOVE,3,9
689,REMOVE,4,7
689,REMOVE,5,7
689,REMOVE,6,3
689,REMOVE,7,5
689,REMOVE,7,6
690,ADD,0,2
690,ADD,1,2
690,ADD,3,8
690,ADD,4,2
690,ADD,4,3
690,ADD,5,0
690,ADD,5,5
690,ADD,6,7
690,ADD,6,8
690,ADD,7,2
690,ADD,7,4
690,REMOVE,0,5
690,REMOVE,0,6
690,REMOVE,1,3
690,REMOVE,2,2
690,REMOVE,2,8
690,REMOVE,3,2
690,REMOVE,4,6
690,REMOVE,4,8
690,REMOVE,5,2
690,REMOVE,5,8
690,REMOVE,6,1
690,REMOVE,6,9
690,REMOVE,7,8
691,ADD,0,0
691,ADD,0,6
691,ADD,3,6
691,ADD,3,9
691,ADD,4,9
691,ADD,5,6
691,ADD,5,8
691,ADD,6,1
691,ADD,7,1
691,ADD,7,8
691,REMOVE,0,2
691,REMOVE,1,2
691,REMOVE,1,7
691,REMOVE,3,7
691,REMOVE,3,8
691,REMOVE,4,2
691,REMOVE,5,0
691,REMOVE,5,5
691,REMOVE,7,2
691,REMOVE,7,4
691,REMOVE,7,7
691,REMOVE,8,7
691,REMOVE,8,8
692,ADD,0,2
692,ADD,4,0
692,ADD,4,1
692,ADD,4,2
692,ADD,5,7
692,REMOVE,0,0
692,REMOVE,0,6
692,REMOVE,3,6
692,REMOVE,3,9
692,REMOVE,4,3
692,REMOVE,4,9
692,REMOVE,5,6
692,REMOVE,6,7
692,REMOVE,7,1
692,REMOVE,7,8
693,ADD,0,5
693,ADD,0,8
693,ADD,1,7
693,ADD,1,8
693,ADD,3,1
693,ADD,3,9
693,ADD,4,5
693,ADD,4,6
693,ADD,4,8
693,ADD,5,0
693,ADD,5,2
693,ADD,6,0
693,ADD,6,6
693,ADD,6,7
693,ADD,7,7
693,ADD,7,8
693,ADD,8,1
693,ADD,8,6
693,REMOVE,0,2
693,REMOVE,0,7
693,REMOVE,4,0
693,REMOVE,4,1
693,REMOVE,4,2
693,REMOVE,5,7
693,REMOVE,5,8
693,REMOVE,6,1
693,REMOVE,6,8
694,ADD,0,7
694,ADD,3,0
694,ADD,3,7
694,ADD,4,2
694,ADD,6,2
694,ADD,8,0
694,ADD,8,7
694,REMOVE,0,5
694,REMOVE,1,7
694,REMOVE,1,8
694,REMOVE,3,9
694,REMOVE,4,5
694,REMOVE,5,0
694,REMOVE,5,2
694,REMOVE,6,6
694,REMOVE,6,7
694,REMOVE,7,7
694,REMOVE,7,8
694,REMOVE,8,1
694,REMOVE,8,6
695,ADD,0,5
695,ADD,3,5
695,ADD,5,1
695,ADD,5,7
695,ADD,7,0
695,ADD,7,1
695,ADD,7,7
695,ADD,8,2
695,REMOVE,0,7
695,REMOVE,3,0
695,REMOVE,3,1
695,REMOVE,4,6
695,REMOVE,6,0
695,REMOVE,6,2
695,REMOVE,8,0
696,ADD,0,7
696,ADD,0,9
696,ADD,1,4
696,ADD,1,8
696,ADD,2,2
696,ADD,2,7
696,ADD,3,2
696,ADD,3,9
696,ADD,4,7
696,ADD,5,0
696,ADD,5,5
696,ADD,6,1
696,ADD,6,2
696,ADD,6,7
696,ADD,7,6
696,ADD,8,0
696,ADD,8,5
696,REMOVE,3,5
696,REMOVE,3,7
696,REMOVE,4,2
696,REMOVE,5,1
696,REMOVE,5,7
696,REMOVE,7,0
696,REMOVE,7,1
696,REMOVE,8,2
696,REMOVE,8,7
697,ADD,0,2
697,ADD,1,7
697,ADD,2,9
697,ADD,3,1
697,ADD,3,6
697,ADD,4,1
697,ADD,4,2
697,ADD,5,1
697,ADD,5,2
697,ADD,5,7
697,ADD,6,5
697,ADD,6,8
697,ADD,7,2
697,ADD,7,5
697,ADD,8,7
697,REMOVE,0,5
697,REMOVE,0,8
697,REMOVE,1,4
697,REMOVE,3,2
697,REMOVE,3,9
697,REMOVE,4,8
697,REMOVE,5,0
697,REMOVE,5,5
697,REMOVE,6,1
697,REMOVE,6,2
697,REMOVE,7,6
697,REMOVE,7,7
697,REMOVE,8,5
698,ADD,0,0
698,ADD,0,6
698,ADD,0,8
698,ADD,1,2
698,ADD,1,3
698,ADD,2,4
698,ADD,3,7
698,ADD,3,8
698,ADD,4,3
698,ADD,4,8
698,ADD,5,3
698,ADD,7,1
698,ADD,7,8
698,ADD,8,5
698,REMOVE,0,2
698,REMOVE,0,7
698,REMOVE,0,9
698,REMOVE,1,8
698,REMOVE,2,2
698,REMOVE,2,9
698,REMOVE,3,1
698,REMOVE,3,6
698,REMOVE,4,2
698,REMOVE,4,7
698,REMOVE,5,1
698,REMOVE,5,7
698,REMOVE,6,5
698,REMOVE,7,2
698,REMOVE,7,5
698,REMOVE,8,0
699,ADD,0,1
699,ADD,0,9
699,ADD,1,8
699,ADD,2,8
699,ADD,3,4
699,ADD,5,7
699,ADD,6,0
699,ADD,6,5
699,ADD,7,2
699,ADD,7,4
699,ADD,8,2
699,REMOVE,0,0
699,REMOVE,0,6
699,REMOVE,0,8
699,REMOVE,1,3
699,REMOVE,2,4
699,REMOVE,3,8
699,REMOVE,4,1
699,REMOVE,5,3
699,REMOVE,6,7
699,REMOVE,6,8
699,REMOVE,7,1
699,REMOVE,7,8
699,REMOVE,8,5
700,ADD,0,2
700,ADD,0,7
700,ADD,0,8
700,ADD,2,3
700,ADD,2,6
700,ADD,3,1
700,ADD,3,3
700,ADD,4,2
700,ADD,5,9
700,ADD,6,4
700,ADD,6,7
700,ADD,7,1
700,ADD,7,9
700,ADD,8,3
700,ADD,8,9
700,REMOVE,0,1
700,REMOVE,0,9
700,REMOVE,1,2
700,REMOVE,1,7
700,REMOVE,1,8
700,REMOVE,2,7
700,REMOVE,3,4
700,REMOVE,3,7
700,REMOVE,4,8
700,REMOVE,5,2
700,REMOVE,6,0
700,REMOVE,6,5
700,REMOVE,7,2
700,REMOVE,7,4
700,REMOVE,8,2
700,REMOVE,8,7
701,ADD,1,7
701,ADD,1,8
701,ADD,2,2
701,ADD,2,7
701,ADD,3,6
701,ADD,3,7
701,ADD,4,4
701,ADD,4,8
701,ADD,5,4
701,ADD,5,8
701,ADD,6,0
701,ADD,6,2
701,ADD,8,2
701,ADD,8,7
701,REMOVE,0,8
701,REMOVE,2,3
701,REMOVE,2,6
701,REMOVE,2,8
701,REMOVE,3,1
701,REMOVE,3,3
701,REMOVE,4,2
701,REMOVE,4,3
701,REMOVE,5,7
701,REMOVE,5,9
701,REMOVE,6,4
701,REMOVE,6,7
701,REMOVE,7,1
701,REMOVE,7,9
701,REMOVE,8,3
701,REMOVE,8,9
702,ADD,0,9
702,ADD,1,5
702,ADD,4,2
702,ADD,4,7
702,ADD,6,7
702,ADD,6,9
702,REMOVE,0,2
702,REMOVE,1,7
702,REMOVE,2,2
702,REMOVE,2,7
702,REMOVE,3,6
702,REMOVE,3,7
702,REMOVE,4,4
702,REMOVE,4,8
702,REMOVE,5,4
702,REMOVE,5,8
702,REMOVE,6,0
702,REMOVE,6,2
702,REMOVE,8,2
702,REMOVE,8,7
703,ADD,0,8
703,ADD,1,7
703,ADD,1,9
703,ADD,2,1
703,ADD,2,7
703,ADD,3,0
703,ADD,3,1
703,ADD,3,7
703,ADD,4,8
703,ADD,5,2
703,ADD,5,3
703,ADD,6,2
703,ADD,7,1
703,ADD,7,2
703,ADD,7,8
703,ADD,8,0
703,ADD,8,2
703,REMOVE,1,5
703,REMOVE,1,8
703,REMOVE,4,7
703,REMOVE,6,9
704,ADD,0,0
704,ADD,0,1
704,ADD,1,2
704,ADD,2,2
704,ADD,3,9
704,ADD,4,7
704,ADD,5,6
704,ADD,5,7
704,ADD,5,8
704,ADD,6,5
704,ADD,6,6
704,ADD,7,6
704,ADD,7,9
704,ADD,8,5
704,ADD,8,7
704,ADD,8,9
704,REMOVE,0,8
704,REMOVE,0,9
704,REMOVE,1,9
704,REMOVE,2,1
704,REMOVE,3,0
704,REMOVE,3,1
704,REMOVE,5,2
704,REMOVE,5,3
704,REMOVE,6,2
704,REMOVE,7,1
704,REMOVE,7,2
704,REMOVE,7,8
704,REMOVE,8,0
704,REMOVE,8,2
705,ADD,0,5
705,ADD,0,8
705,ADD,1,8
705,ADD,2,8
705,ADD,4,9
705,ADD,6,3
705,ADD,7,2
705,ADD,7,7
705,ADD,8,0
705,ADD,8,2
705,REMOVE,0,0
705,REMOVE,0,1
705,REMOVE,1,7
705,REMOVE,3,7
705,REMOVE,3,9
705,REMOVE,4,2
705,REMOVE,4,8
705,REMOVE,5,6
705,REMOVE,5,7
705,REMOVE,5,8
705,REMOVE,6,7
705,REMOVE,7,6
705,REMOVE,7,9
705,REMOVE,8,5
705,REMOVE,8,7
705,REMOVE,8,9
706,ADD,0,1
706,ADD,1,1
706,ADD,1,5
706,ADD,1,7
706,ADD,2,9
706,ADD,4,8
706,ADD,5,7
706,ADD,5,9
706,ADD,6,7
706,ADD,6,8
706,ADD,7,1
706,ADD,7,3
706,ADD,8,3
706,ADD,8,8
706,ADD,8,9
706,REMOVE,0,5
706,REMOVE,0,8
706,REMOVE,1,2
706,REMOVE,1,8
706,REMOVE,2,7
706,REMOVE,2,8
706,REMOVE,4,9
706,REMOVE,6,3
706,REMOVE,6,6
706,REMOVE,7,2
706,REMOVE,7,7
706,REMOVE,8,0
706,REMOVE,8,2
707,ADD,0,8
707,ADD,1,2
707,ADD,1,4
707,ADD,2,7
707,ADD,2,8
707,ADD,4,2
707,ADD,5,4
707,ADD,7,7
707,ADD,7,8
707,ADD,8,2
707,ADD,8,5
707,REMOVE,0,1
707,REMOVE,1,1
707,REMOVE,1,5
707,REMOVE,1,7
707,REMOVE,2,2
707,REMOVE,2,9
707,REMOVE,4,7
707,REMOVE,5,9
707,REMOVE,6,5
707,REMOVE,7,1
707,REMOVE,7,3
707,REMOVE,8,3
707,REMOVE,8,8
708,ADD,0,2
708,ADD,1,7
708,ADD,2,1
708,ADD,3,2
708,ADD,3,9
708,ADD,5,2
708,ADD,5,9
708,ADD,7,2
708,REMOVE,0,8
708,REMOVE,1,2
708,REMOVE,2,7
708,REMOVE,5,4
708,REMOVE,7,8
708,REMOVE,8,2
708,REMOVE,8,5
708,REMOVE,8,9
709,ADD,0,3
709,ADD,0,8
709,ADD,0,9
709,ADD,3,0
709,ADD,4,7
709,ADD,5,1
709,ADD,5,3
709,ADD,7,0
709,ADD,7,5
709,REMOVE,0,2
709,REMOVE,0,7
709,REMOVE,1,4
709,REMOVE,1,7
709,REMOVE,2,1
709,REMOVE,2,8
709,REMOVE,3,9
709,REMOVE,4,2
709,REMOVE,5,2
709,REMOVE,5,7
709,REMOVE,5,9
709,REMOVE,7,2
709,REMOVE,7,7
710,ADD,0,4
710,ADD,1,2
710,ADD,1,7
710,ADD,4,2
710,ADD,5,6
710,ADD,5,8
710,ADD,6,2
710,ADD,6,3
710,ADD,7,7
710,ADD,7,8
710,ADD,8,0
710,ADD,8,2
710,ADD,8,8
710,REMOVE,0,3
710,REMOVE,0,9
710,REMOVE,3,0
710,REMOVE,3,2
710,REMOVE,5,1
710,REMOVE,5,3
710,REMOVE,6,7
710,REMOVE,6,8
710,REMOVE,7,5
711,ADD,0,0
711,ADD,0,1
711,ADD,0,7
711,ADD,1,8
711,ADD,1,9
711,ADD,2,1
711,ADD,2,8
711,ADD,3,7
711,ADD,3,8
711,ADD,5,4
711,ADD,5,7
711,ADD,6,0
711,ADD,6,6
711,ADD,7,1
711,ADD,8,7
711,REMOVE,0,4
711,REMOVE,0,8
711,REMOVE,1,2
711,REMOVE,1,7
711,REMOVE,4,2
711,REMOVE,5,6
711,REMOVE,5,8
711,REMOVE,6,3
711,REMOVE,7,8
711,REMOVE,8,0
711,REMOVE,8,8
712,ADD,0,9
712,ADD,3,9
712,ADD,4,2
712,ADD,5,2
712,ADD,6,7
712,ADD,6,9
712,ADD,7,6
712,ADD,8,5
712,REMOVE,0,0
712,REMOVE,0,7
712,REMOVE,1,8
712,REMOVE,1,9
712,REMOVE,2,1
712,REMOVE,2,8
712,REMOVE,3,8
712,REMOVE,4,8
712,REMOVE,5,4
712,REMOVE,6,0
712,REMOVE,6,2
712,REMOVE,6,6
712,REMOVE,7,0
712,REMOVE,7,7
712,REMOVE,8,7
713,ADD,0,0
713,ADD,0,2
713,ADD,4,1
713,ADD,4,8
713,ADD,6,2
713,ADD,7,3
713,ADD,7,7
713,REMOVE,0,1
713,REMOVE,0,9
713,REMOVE,3,7
713,REMOVE,3,9
713,REMOVE,4,2
713,REMOVE,4,7
713,REMOVE,6,9
713,REMOVE,7,1
713,REMOVE,7,6
713,REMOVE,8,2
713,REMOVE,8,5
714,ADD,2,2
714,ADD,2,8
714,ADD,3,1
714,ADD,3,8
714,ADD,4,3
714,ADD,4,9
714,ADD,5,4
714,ADD,6,4
714,ADD,7,2
714,ADD,7,9
714,ADD,8,2
714,ADD,8,4
714,REMOVE,0,0
714,REMOVE,0,2
714,REMOVE,4,1
714,REMOVE,4,8
714,REMOVE,5,2
714,REMOVE,6,7
714,REMOVE,7,3
714,REMOVE,7,7
715,ADD,0,6
715,ADD,0,7
715,ADD,2,3
715,ADD,2,9
715,ADD,3,9
715,ADD,4,7
715,ADD,4,8
715,ADD,5,2
715,ADD,5,3
715,ADD,6,0
715,ADD,6,5
715,ADD,7,4
715,ADD,7,7
715,REMOVE,2,2
715,REMOVE,2,8
715,REMOVE,3,8
715,REMOVE,4,3
715,REMOVE,4,9
715,REMOVE,5,4
715,REMOVE,5,7
715,REMOVE,6,2
715,REMOVE,6,4
715,REMOVE,7,2
715,REMOVE,7,9
715,REMOVE,8,2
715,REMOVE,8,4
716,ADD,0,1
716,ADD,2,1
716,ADD,2,8
716,ADD,3,7
716,ADD,3,8
716,ADD,4,2
716,ADD,4,4
716,ADD,5,1
716,ADD,5,9
716,ADD,6,2
716,ADD,6,7
716,ADD,7,2
716,REMOVE,0,7
716,REMOVE,2,3
716,REMOVE,2,9
716,REMOVE,3,1
716,REMOVE,3,9
716,REMOVE,4,7
716,REMOVE,4,8
716,REMOVE,5,2
716,REMOVE,5,3
716,REMOVE,6,0
716,REMOVE,6,5
716,REMOVE,7,4
717,ADD,0,2
717,ADD,0,8
717,ADD,3,6
717,ADD,4,3
717,ADD,5,7
717,ADD,6,8
717,ADD,7,4
717,ADD,8,2
717,ADD,8,9
717,REMOVE,0,1
717,REMOVE,0,6
717,REMOVE,2,1
717,REMOVE,2,8
717,REMOVE,3,7
717,REMOVE,4,4
717,REMOVE,5,1
717,REMOVE,6,2
717,REMOVE,7,7
718,ADD,0,3
718,ADD,0,7
718,ADD,3,2
718,ADD,3,7
718,ADD,4,5
718,ADD,5,6
718,ADD,6,1
718,ADD,6,9
718,ADD,8,7
718,ADD,8,8
718,REMOVE,0,8
718,REMOVE,3,6
718,REMOVE,3,8
718,REMOVE,4,3
718,REMOVE,5,9
718,REMOVE,6,7
718,REMOVE,8,2
718,REMOVE,8,9
719,ADD,1,4
719,ADD,1,8
719,ADD,3,8
719,ADD,4,7
719,ADD,4,9
719,ADD,5,8
719,ADD,6,7
719,REMOVE,0,3
719,REMOVE,3,2
719,REMOVE,4,2
719,REMOVE,4,5
719,REMOVE,5,7
719,REMOVE,6,1
719,REMOVE,6,9
719,REMOVE,7,2
719,REMOVE,7,4
719,REMOVE,8,7
719,REMOVE,8,8
720,ADD,3,6
720,ADD,3,9
720,ADD,4,6
720,ADD,7,7
720,ADD,7,8
720,REMOVE,0,2
720,REMOVE,0,7
720,REMOVE,3,7
720,REMOVE,3,8
720,REMOVE,4,9
720,REMOVE,5,6
720,REMOVE,5,8
720,REMOVE,6,7
720,REMOVE,6,8
721,ADD,0,7
721,ADD,0,8
721,ADD,4,5
721,ADD,4,8
721,ADD,5,2
721,ADD,5,7
721,ADD,6,4
721,ADD,6,7
721,ADD,7,2
721,ADD,8,2
721,ADD,8,8
721,REMOVE,1,4
721,REMOVE,1,8
721,REMOVE,3,6
721,REMOVE,3,9
721,REMOVE,4,6
721,REMOVE,7,7
722,ADD,0,3
722,ADD,0,9
722,ADD,3,2
722,ADD,3,5
722,ADD,3,7
722,ADD,4,4
722,ADD,5,1
722,ADD,5,5
722,ADD,6,8
722,ADD,8,5
722,ADD,8,7
722,REMOVE,0,7
722,REMOVE,0,8
722,REMOVE,4,5
722,REMOVE,4,7
722,REMOVE,5,2
722,REMOVE,6,4
722,REMOVE,7,2
722,REMOVE,7,8
722,REMOVE,8,2
722,REMOVE,8,8
723,ADD,3,1
723,ADD,3,6
723,ADD,4,7
723,ADD,5,6
723,ADD,6,2
723,ADD,7,3
723,ADD,7,8
723,ADD,8,0
723,REMOVE,0,3
723,REMOVE,0,9
723,REMOVE,3,2
723,REMOVE,3,5
723,REMOVE,3,7
723,REMOVE,4,4
723,REMOVE,5,5
723,REMOVE,5,7
723,REMOVE,6,7
723,REMOVE,8,7
724,ADD,0,7
724,ADD,0,8
724,ADD,1,2
724,ADD,1,7
724,ADD,4,2
724,ADD,4,9
724,ADD,5,2
724,ADD,5,7
724,ADD,6,3
724,ADD,7,2
724,ADD,7,7
724,ADD,8,7
724,ADD,8,8
724,REMOVE,3,1
724,REMOVE,3,6
724,REMOVE,4,7
724,REMOVE,5,1
724,REMOVE,5,6
724,REMOVE,6,8
724,REMOVE,7,3
724,REMOVE,7,8
724,REMOVE,8,0
724,REMOVE,8,5
725,ADD,0,2
725,ADD,0,5
725,ADD,1,5
725,ADD,3,3
725,ADD,3,8
725,ADD,3,9
725,ADD,4,3
725,ADD,4,7
725,ADD,5,8
725,ADD,6,7
725,ADD,8,5
725,REMOVE,0,7
725,REMOVE,0,8
725,REMOVE,1,2
725,REMOVE,4,2
725,REMOVE,4,9
725,REMOVE,5,7
726,ADD,0,3
726,ADD,0,9
726,ADD,1,1
726,ADD,1,9
726,ADD,5,7
726,ADD,5,9
726,ADD,7,6
726,ADD,7,9
726,ADD,8,6
726,ADD,8,9
726,REMOVE,0,2
726,REMOVE,0,5
726,REMOVE,1,5
726,REMOVE,1,7
726,REMOVE,3,3
726,REMOVE,3,8
726,REMOVE,3,9
726,REMOVE,4,3
726,REMOVE,4,7
726,REMOVE,4,8
726,REMOVE,5,2
726,REMOVE,5,8
726,REMOVE,6,2
726,REMOVE,6,3
726,REMOVE,6,7
726,REMOVE,7,2
726,REMOVE,7,7
726,REMOVE,8,5
726,REMOVE,8,7
726,REMOVE,8,8
727,ADD,0,2
727,ADD,1,7
727,ADD,1,8
727,ADD,3,2
727,ADD,3,7
727,ADD,4,5
727,ADD,4,7
727,ADD,4,8
727,ADD,5,2
727,ADD,5,6
727,ADD,6,4
727,ADD,6,7
727,ADD,7,2
727,ADD,7,8
727,ADD,8,2
727,ADD,8,7
727,REMOVE,0,9
727,REMOVE,1,1
727,REMOVE,1,9
727,REMOVE,5,9
727,REMOVE,7,6
727,REMOVE,7,9
727,REMOVE,8,6
727,REMOVE,8,9
728,ADD,1,5
728,ADD,3,3
728,ADD,3,6
728,ADD,4,2
728,ADD,4,9
728,ADD,5,1
728,ADD,5,4
728,ADD,6,8
728,ADD,7,7
728,ADD,8,1
728,ADD,8,6
728,REMOVE,0,2
728,REMOVE,0,3
728,REMOVE,3,2
728,REMOVE,4,5
728,REMOVE,4,8
728,REMOVE,5,2
728,REMOVE,5,6
728,REMOVE,6,4
728,REMOVE,7,8
728,REMOVE,8,2
728,REMOVE,8,7
729,ADD,1,1
729,ADD,3,4
729,ADD,3,8
729,ADD,4,0
729,ADD,4,6
729,ADD,5,3
729,ADD,5,8
729,ADD,5,9
729,ADD,6,9
729,ADD,7,6
729,ADD,7,8
729,ADD,8,5
729,ADD,8,7
729,ADD,8,8
729,REMOVE,1,5
729,REMOVE,1,8
729,REMOVE,3,3
729,REMOVE,3,6
729,REMOVE,3,7
729,REMOVE,4,2
729,REMOVE,4,9
729,REMOVE,5,1
729,REMOVE,5,4
729,REMOVE,5,7
729,REMOVE,6,8
729,REMOVE,7,2
729,REMOVE,7,7
729,REMOVE,8,1
729,REMOVE,8,6
730,ADD,1,5
730,ADD,1,6
730,ADD,3,0
730,ADD,3,7
730,ADD,4,5
730,ADD,5,5
730,ADD,5,6
730,ADD,5,7
730,ADD,6,0
730,ADD,6,2
730,ADD,7,7
730,ADD,8,0
730,ADD,8,2
730,REMOVE,1,1
730,REMOVE,3,4
730,REMOVE,3,8
730,REMOVE,4,0
730,REMOVE,5,3
730,REMOVE,5,8
730,REMOVE,5,9
730,REMOVE,6,9
730,REMOVE,7,6
730,REMOVE,8,5
730,REMOVE,8,7
730,REMOVE,8,8
731,ADD,0,7
731,ADD,0,8
731,ADD,1,9
731,ADD,3,2
731,ADD,3,8
731,ADD,4,2
731,ADD,4,3
731,ADD,5,2
731,ADD,6,1
731,ADD,6,5
731,ADD,7,5
731,ADD,8,4
731,ADD,8,7
731,ADD,8,9
731,REMOVE,1,5
731,REMOVE,1,6
731,REMOVE,3,0
731,REMOVE,3,7
731,REMOVE,4,5
731,REMOVE,4,6
731,REMOVE,5,5
731,REMOVE,5,6
731,REMOVE,6,0
731,REMOVE,6,2
731,REMOVE,7,8
731,REMOVE,8,0
731,REMOVE,8,2
732,ADD,0,2
732,ADD,0,9
732,ADD,1,3
732,ADD,1,8
732,ADD,3,1
732,ADD,3,5
732,ADD,3,7
732,ADD,4,8
732,ADD,5,3
732,ADD,6,2
732,ADD,6,8
732,ADD,7,1
732,ADD,7,6
732,ADD,8,8
732,REMOVE,0,8
732,REMOVE,1,9
732,REMOVE,3,2
732,REMOVE,3,8
732,REMOVE,4,3
732,REMOVE,5,7
732,REMOVE,6,1
732,REMOVE,6,5
732,REMOVE,6,7
732,REMOVE,7,5
732,REMOVE,7,7
732,REMOVE,8,4
732,REMOVE,8,9
733,ADD,0,6
733,ADD,3,0
733,ADD,4,3
733,ADD,5,7
733,ADD,5,8
733,ADD,6,1
733,ADD,6,3
733,ADD,7,2
733,ADD,7,7
733,ADD,8,0
733,ADD,8,6
733,REMOVE,0,9
733,REMOVE,1,3
733,REMOVE,3,1
733,REMOVE,3,5
733,REMOVE,4,2
733,REMOVE,5,3
733,REMOVE,6,2
733,REMOVE,6,8
733,REMOVE,7,6
733,REMOVE,8,8
734,ADD,0,9
734,ADD,1,3
734,ADD,5,1
734,ADD,6,2
734,ADD,6,7
734,ADD,6,8
734,ADD,7,6
734,ADD,7,8
734,ADD,8,1
734,REMOVE,0,2
734,REMOVE,0,6
734,REMOVE,1,8
734,REMOVE,3,0
734,REMOVE,3,7
734,REMOVE,5,2
734,REMOVE,6,1
734,REMOVE,6,3
734,REMOVE,7,1
734,REMOVE,7,7
734,REMOVE,8,0
734,REMOVE,8,6
735,ADD,0,3
735,ADD,0,8
735,ADD,1,0
735,ADD,5,9
735,ADD,6,9
735,ADD,7,0
735,ADD,7,5
735,ADD,8,2
735,ADD,8,8
735,REMOVE,0,7
735,REMOVE,1,3
735,REMOVE,4,3
735,REMOVE,5,1
735,REMOVE,5,8
735,REMOVE,6,2
735,REMOVE,6,8
735,REMOVE,7,2
735,REMOVE,7,6
735,REMOVE,7,8
735,REMOVE,8,1
735,REMOVE,8,7
736,ADD,0,0
736,ADD,0,6
736,ADD,4,2
736,ADD,5,3
736,ADD,5,8
736,ADD,6,0
736,ADD,7,7
736,REMOVE,0,3
736,REMOVE,0,9
736,REMOVE,1,0
736,REMOVE,1,7
736,REMOVE,4,7
736,REMOVE,5,9
736,REMOVE,6,9
736,REMOVE,7,5
736,REMOVE,8,2
736,REMOVE,8,8
737,ADD,0,2
737,ADD,0,7
737,ADD,4,7
737,ADD,5,2
737,ADD,6,2
737,ADD,7,3
737,ADD,7,8
737,ADD,7,9
737,ADD,8,2
737,ADD,8,7
737,ADD,8,8
737,REMOVE,0,0
737,REMOVE,0,6
737,REMOVE,0,8
737,REMOVE,4,2
737,REMOVE,5,7
737,REMOVE,5,8
737,REMOVE,6,7
737,REMOVE,7,0
737,REMOVE,7,7
738,ADD,0,9
738,ADD,1,3
738,ADD,1,9
738,ADD,2,4
738,ADD,2,8
738,ADD,4,2
738,ADD,4,9
738,ADD,5,7
738,ADD,6,7
738,ADD,6,8
738,ADD,7,6
738,ADD,7,7
738,REMOVE,4,8
738,REMOVE,5,3
738,REMOVE,6,0
738,REMOVE,6,2
738,REMOVE,7,3
738,REMOVE,7,8
738,REMOVE,7,9
738,REMOVE,8,2
738,REMOVE,8,7
738,REMOVE,8,8
739,ADD,0,0
739,ADD,0,1
739,ADD,2,3
739,ADD,2,9
739,ADD,4,5
739,ADD,4,6
739,ADD,5,3
739,ADD,5,5
739,ADD,6,3
739,ADD,7,2
739,ADD,7,4
739,ADD,8,7
739,ADD,8,9
739,REMOVE,0,2
739,REMOVE,0,9
739,REMOVE,1,3
739,REMOVE,1,9
739,REMOVE,2,4
739,REMOVE,2,8
739,REMOVE,4,2
739,REMOVE,4,9
739,REMOVE,5,2
739,REMOVE,5,7
739,REMOVE,7,6
739,REMOVE,7,7
740,ADD,0,2
740,ADD,0,5
740,ADD,0,8
740,ADD,2,7
740,ADD,2,8
740,ADD,3,5
740,ADD,3,7
740,ADD,3,8
740,ADD,4,2
740,ADD,4,8
740,ADD,5,2
740,ADD,5,8
740,ADD,6,2
740,ADD,7,7
740,ADD,8,2
740,REMOVE,0,0
740,REMOVE,0,1
740,REMOVE,0,7
740,REMOVE,2,3
740,REMOVE,2,9
740,REMOVE,4,5
740,REMOVE,4,6
740,REMOVE,4,7
740,REMOVE,5,3
740,REMOVE,5,5
740,REMOVE,6,3
740,REMOVE,6,8
740,REMOVE,7,4
740,REMOVE,8,9
741,ADD,0,0
741,ADD,0,6
741,ADD,0,7
741,ADD,2,3
741,ADD,3,9
741,ADD,4,0
741,ADD,4,1
741,ADD,4,7
741,ADD,5,7
741,ADD,6,8
741,ADD,7,5
741,ADD,7,8
741,ADD,8,8
741,REMOVE,0,2
741,REMOVE,0,5
741,REMOVE,0,8
741,REMOVE,3,5
741,REMOVE,3,8
741,REMOVE,4,2
741,REMOVE,4,8
741,REMOVE,5,8
741,REMOVE,6,2
741,REMOVE,7,7
741,REMOVE,8,7
742,ADD,0,2
742,ADD,2,9
742,ADD,3,2
742,ADD,3,8
742,ADD,4,2
742,ADD,4,8
742,ADD,5,0
742,ADD,5,6
742,ADD,5,8
742,ADD,6,0
742,ADD,6,1
742,ADD,7,7
742,ADD,8,0
742,ADD,8,7
742,REMOVE,0,0
742,REMOVE,0,6
742,REMOVE,2,3
742,REMOVE,2,8
742,REMOVE,3,7
742,REMOVE,3,9
742,REMOVE,4,0
742,REMOVE,4,1
742,REMOVE,5,2
742,REMOVE,5,7
742,REMOVE,6,8
742,REMOVE,7,2
742,REMOVE,7,5
742,REMOVE,8,2
742,REMOVE,8,8
743,ADD,2,2
743,ADD,2,8
743,ADD,3,4
743,ADD,5,5
743,ADD,6,2
743,ADD,6,4
743,ADD,7,4
743,ADD,8,2
743,ADD,8,9
743,REMOVE,2,9
743,REMOVE,3,2
743,REMOVE,4,8
743,REMOVE,5,0
743,REMOVE,5,6
743,REMOVE,6,1
743,REMOVE,6,7
743,REMOVE,7,7
743,REMOVE,8,0
743,REMOVE,8,7
744,ADD,0,1
744,ADD,0,8
744,ADD,3,6
744,ADD,4,5
744,ADD,4,6
744,ADD,5,7
744,ADD,6,8
744,ADD,7,9
744,ADD,8,1
744,REMOVE,0,2
744,REMOVE,0,7
744,REMOVE,3,4
744,REMOVE,4,2
744,REMOVE,5,5
744,REMOVE,6,0
744,REMOVE,6,2
744,REMOVE,7,4
744,REMOVE,8,2
745,ADD,0,7
745,ADD,0,9
745,ADD,2,0
745,ADD,3,2
745,ADD,3,7
745,ADD,5,2
745,ADD,5,5
745,ADD,6,2
745,ADD,6,7
745,ADD,7,1
745,ADD,7,3
745,ADD,8,0
745,ADD,8,5
745,REMOVE,0,1
745,REMOVE,2,7
745,REMOVE,2,8
745,REMOVE,3,6
745,REMOVE,3,8
745,REMOVE,5,7
745,REMOVE,6,4
745,REMOVE,7,8
745,REMOVE,7,9
745,REMOVE,8,1
745,REMOVE,8,9
746,ADD,0,2
746,ADD,2,5
746,ADD,2,6
746,ADD,2,7
746,ADD,4,2
746,ADD,4,9
746,ADD,5,7
746,ADD,6,6
746,ADD,7,0
746,ADD,7,7
746,ADD,7,8
746,ADD,8,2
746,ADD,8,3
746,ADD,8,7
746,REMOVE,0,8
746,REMOVE,0,9
746,REMOVE,2,0
746,REMOVE,2,2
746,REMOVE,4,5
746,REMOVE,4,6
746,REMOVE,5,8
746,REMOVE,6,2
746,REMOVE,6,8
746,REMOVE,7,1
746,REMOVE,7,3
746,REMOVE,8,0
746,REMOVE,8,5
747,ADD,0,8
747,ADD,2,2
747,ADD,2,8
747,ADD,3,3
747,ADD,3,8
747,ADD,5,0
747,ADD,5,6
747,ADD,7,1
747,ADD,7,3
747,ADD,8,6
747,REMOVE,0,7
747,REMOVE,2,5
747,REMOVE,2,6
747,REMOVE,3,2
747,REMOVE,3,7
747,REMOVE,4,9
747,REMOVE,5,2
747,REMOVE,5,5
747,REMOVE,7,0
747,REMOVE,7,7
747,REMOVE,7,8
747,REMOVE,8,2
748,ADD,0,3
748,ADD,0,7
748,ADD,1,4
748,ADD,1,8
748,ADD,2,6
748,ADD,3,5
748,ADD,4,3
748,ADD,4,8
748,ADD,5,2
748,ADD,5,8
748,ADD,5,9
748,ADD,6,2
748,ADD,6,9
748,ADD,7,2
748,ADD,7,4
748,ADD,8,1
748,ADD,8,8
748,REMOVE,0,8
748,REMOVE,2,7
748,REMOVE,3,3
748,REMOVE,4,7
748,REMOVE,5,0
748,REMOVE,5,6
748,REMOVE,5,7
748,REMOVE,6,6
748,REMOVE,7,1
748,REMOVE,7,3
748,REMOVE,8,3
748,REMOVE,8,6
748,REMOVE,8,7
749,ADD,0,1
749,ADD,0,4
749,ADD,1,2
749,ADD,2,7
749,ADD,3,0
749,ADD,3,6
749,ADD,3,7
749,ADD,4,9
749,ADD,5,7
749,ADD,6,5
749,ADD,7,5
749,ADD,7,7
749,ADD,7,8
749,ADD,8,7
749,REMOVE,0,2
749,REMOVE,0,3
749,REMOVE,1,4
749,REMOVE,2,6
749,REMOVE,3,5
749,REMOVE,3,8
749,REMOVE,4,8
749,REMOVE,5,8
749,REMOVE,5,9
749,REMOVE,6,9
749,REMOVE,7,2
749,REMOVE,7,4
749,REMOVE,8,1
750,ADD,0,3
750,ADD,0,5
750,ADD,2,4
750,ADD,3,2
750,ADD,3,8
750,ADD,4,7
750,ADD,5,8
750,ADD,5,9
750,ADD,6,8
750,ADD,7,2
750,ADD,8,1
750,REMOVE,0,4
750,REMOVE,0,7
750,REMOVE,1,2
750,REMOVE,1,8
750,REMOVE,2,8
750,REMOVE,3,0
750,REMOVE,3,7
750,REMOVE,4,2
750,REMOVE,4,3
750,REMOVE,5,2
750,REMOVE,6,5
750,REMOVE,6,7
750,REMOVE,7,5
750,REMOVE,7,8
750,REMOVE,8,7
751,ADD,0,2
751,ADD,0,7
751,ADD,0,9
751,ADD,2,8
751,ADD,3,7
751,ADD,3,9
751,ADD,4,3
751,ADD,4,5
751,ADD,5,2
751,ADD,6,1
751,ADD,6,3
751,ADD,7,4
751,ADD,8,2
751,ADD,8,7
751,REMOVE,0,1
751,REMOVE,0,3
751,REMOVE,0,5
751,REMOVE,2,4
751,REMOVE,3,2
751,REMOVE,3,6
751,REMOVE,3,8
751,REMOVE,4,9
751,REMOVE,5,9
751,REMOVE,6,2
751,REMOVE,7,7
751,REMOVE,8,1
751,REMOVE,8,8
752,ADD,0,8
752,ADD,3,1
752,ADD,4,0
752,ADD,4,9
752,ADD,5,1
752,ADD,5,9
752,ADD,6,7
752,ADD,6,9
752,ADD,7,8
752,ADD,7,9
752,ADD,8,5
752,REMOVE,0,9
752,REMOVE,2,8
752,REMOVE,3,9
752,REMOVE,4,3
752,REMOVE,4,5
752,REMOVE,5,2
752,REMOVE,5,7
752,REMOVE,5,8
752,REMOVE,6,1
752,REMOVE,6,3
752,REMOVE,6,8
752,REMOVE,7,4
753,ADD,1,4
753,ADD,1,8
753,ADD,2,3
753,ADD,3,3
753,ADD,3,5
753,ADD,3,6
753,ADD,4,8
753,ADD,5,2
753,ADD,5,8
753,ADD,6,1
753,ADD,6,6
753,ADD,7,6
753,ADD,7,7
753,ADD,8,9
753,REMOVE,3,1
753,REMOVE,3,7
753,REMOVE,4,0
753,REMOVE,4,9
753,REMOVE,5,1
753,REMOVE,5,9
753,REMOVE,6,9
753,REMOVE,7,2
753,REMOVE,7,8
753,REMOVE,8,2
753,REMOVE,8,5
754,ADD,2,8
754,ADD,2,9
754,ADD,4,0
754,ADD,4,2
754,ADD,5,9
754,ADD,6,2
754,ADD,6,3
754,ADD,7,2
754,ADD,7,5
754,ADD,8,2
754,ADD,8,6
754,ADD,8,8
754,REMOVE,0,8
754,REMOVE,1,4
754,REMOVE,1,8
754,REMOVE,2,3
754,REMOVE,2,7
754,REMOVE,3,3
754,REMOVE,3,5
754,REMOVE,3,6
754,REMOVE,4,8
754,REMOVE,5,8
754,REMOVE,6,1
754,REMOVE,6,6
754,REMOVE,7,6
754,REMOVE,7,9
754,REMOVE,8,7
754,REMOVE,8,9
755,ADD,0,5
755,ADD,0,6
755,ADD,2,7
755,ADD,3,0
755,ADD,3,6
755,ADD,3,7
755,ADD,4,6
755,ADD,5,1
755,ADD,7,3
755,ADD,8,7
755,REMOVE,0,2
755,REMOVE,2,2
755,REMOVE,2,9
755,REMOVE,4,0
755,REMOVE,4,2
755,REMOVE,5,2
755,REMOVE,6,3
755,REMOVE,7,5
755,REMOVE,8,2
755,REMOVE,8,6
756,ADD,2,2
756,ADD,3,2
756,ADD,3,4
756,ADD,4,2
756,ADD,4,3
756,ADD,5,7
756,ADD,5,8
756,ADD,7,1
756,ADD,7,8
756,ADD,8,4
756,ADD,8,5
756,REMOVE,3,0
756,REMOVE,3,6
756,REMOVE,4,6
756,REMOVE,5,9
756,REMOVE,7,3
756,REMOVE,7,7
756,REMOVE,8,8
757,ADD,0,2
757,ADD,0,8
757,ADD,3,5
757,ADD,3,9
757,ADD,4,8
757,ADD,5,0
757,ADD,7,6
757,ADD,8,2
757,REMOVE,0,5
757,REMOVE,0,6
757,REMOVE,2,2
757,REMOVE,3,2
757,REMOVE,3,4
757,REMOVE,4,3
757,REMOVE,4,7
757,REMOVE,5,8
757,REMOVE,6,2
757,REMOVE,6,7
757,REMOVE,7,1
757,REMOVE,7,2
757,REMOVE,8,4
757,REMOVE,8,7
758,ADD,0,3
758,ADD,2,1
758,ADD,2,2
758,ADD,4,0
758,ADD,4,6
758,ADD,4,7
758,ADD,5,2
758,ADD,8,1
758,ADD,8,3
758,REMOVE,2,7
758,REMOVE,3,5
758,REMOVE,3,7
758,REMOVE,3,9
758,REMOVE,4,2
758,REMOVE,4,8
758,REMOVE,5,0
758,REMOVE,7,6
758,REMOVE,7,8
758,REMOVE,8,2
758,REMOVE,8,5
759,ADD,2,4
759,ADD,2,5
759,ADD,3,2
759,ADD,3,7
759,ADD,4,5
759,ADD,4,8
759,ADD,5,9
759,ADD,6,2
759,ADD,6,7
759,ADD,7,6
759,ADD,7,7
759,ADD,8,7
759,ADD,8,9
759,REMOVE,0,3
759,REMOVE,0,7
759,REMOVE,2,1
759,REMOVE,2,2
759,REMOVE,4,0
759,REMOVE,4,6
759,REMOVE,5,1
759,REMOVE,5,7
759,REMOVE,8,1
759,REMOVE,8,3
760,ADD,0,3
760,ADD,0,7
760,ADD,2,2
760,ADD,2,7
760,ADD,3,8
760,ADD,4,2
760,ADD,5,0
760,ADD,6,0
760,ADD,6,1
760,ADD,7,2
760,ADD,7,8
760,ADD,8,2
760,REMOVE,0,2
760,REMOVE,2,4
760,REMOVE,2,5
760,REMOVE,3,2
760,REMOVE,4,5
760,REMOVE,5,9
760,REMOVE,6,2
760,REMOVE,7,6
760,REMOVE,8,9
761,ADD,0,5
761,ADD,2,3
761,ADD,2,4
761,ADD,3,2
761,ADD,5,7
761,ADD,6,5
761,ADD,6,6
761,ADD,7,3
761,ADD,7,6
761,ADD,8,6
761,REMOVE,0,8
761,REMOVE,2,2
761,REMOVE,2,7
761,REMOVE,3,8
761,REMOVE,4,8
761,REMOVE,5,0
761,REMOVE,6,0
761,REMOVE,6,1
761,REMOVE,7,2
761,REMOVE,7,8
761,REMOVE,8,2
762,ADD,0,0
762,ADD,0,1
762,ADD,0,2
762,ADD,1,7
762,ADD,1,9
762,ADD,2,7
762,ADD,3,6
762,ADD,3,9
762,ADD,5,1
762,ADD,5,5
762,ADD,6,4
762,ADD,6,8
762,ADD,7,9
762,ADD,8,3
762,REMOVE,0,3
762,REMOVE,0,5
762,REMOVE,0,7
762,REMOVE,2,3
762,REMOVE,2,4
762,REMOVE,3,7
762,REMOVE,5,2
762,REMOVE,6,5
762,REMOVE,6,6
762,REMOVE,6,7
762,REMOVE,7,6
762,REMOVE,7,7
762,REMOVE,8,6
763,ADD,0,5
763,ADD,0,6
763,ADD,0,7
763,ADD,2,2
763,ADD,3,7
763,ADD,4,3
763,ADD,4,8
763,ADD,5,4
763,ADD,5,8
763,ADD,7,2
763,ADD,7,7
763,ADD,7,8
763,ADD,8,8
763,REMOVE,0,0
763,REMOVE,0,1
763,REMOVE,0,2
763,REMOVE,1,7
763,REMOVE,1,9
763,REMOVE,3,2
763,REMOVE,3,6
763,REMOVE,4,2
763,REMOVE,5,1
763,REMOVE,5,5
763,REMOVE,5,7
763,REMOVE,6,4
763,REMOVE,6,8
763,REMOVE,7,3
763,REMOVE,7,9
763,REMOVE,8,3
764,ADD,0,1
764,ADD,0,8
764,ADD,3,2
764,ADD,4,2
764,ADD,4,5
764,ADD,5,6
764,ADD,6,0
764,ADD,6,2
764,REMOVE,0,6
764,REMOVE,0,7
764,REMOVE,2,8
764,REMOVE,3,9
764,REMOVE,4,3
764,REMOVE,4,7
764,REMOVE,4,8
764,REMOVE,5,8
764,REMOVE,7,7
765,ADD,2,3
765,ADD,3,1
765,ADD,3,9
765,ADD,4,7
765,ADD,5,1
765,ADD,5,9
765,ADD,6,6
765,ADD,6,8
765,ADD,7,0
765,ADD,7,6
765,ADD,8,0
765,ADD,8,2
765,REMOVE,0,1
765,REMOVE,0,5
765,REMOVE,0,8
765,REMOVE,2,7
765,REMOVE,3,2
765,REMOVE,3,7
765,REMOVE,4,5
765,REMOVE,5,4
765,REMOVE,5,6
765,REMOVE,6,0
765,REMOVE,6,2
765,REMOVE,7,2
765,REMOVE,8,7
765,REMOVE,8,8
766,ADD,0,5
766,ADD,0,7
766,ADD,0,9
766,ADD,2,6
766,ADD,2,7
766,ADD,3,0
766,ADD,3,2
766,ADD,4,8
766,ADD,5,6
766,ADD,5,7
766,ADD,6,5
766,ADD,6,7
766,ADD,7,2
766,ADD,7,7
766,ADD,8,7
766,ADD,8,8
766,ADD,8,9
766,REMOVE,2,2
766,REMOVE,2,3
766,REMOVE,3,1
766,REMOVE,3,9
766,REMOVE,5,1
766,REMOVE,5,9
766,REMOVE,6,6
766,REMOVE,7,0
766,REMOVE,7,6
766,REMOVE,7,8
766,REMOVE,8,0
766,REMOVE,8,2
767,ADD,0,2
767,ADD,0,8
767,ADD,1,6
767,ADD,1,7
767,ADD,2,3
767,ADD,2,8
767,ADD,4,5
767,ADD,4,6
767,ADD,5,4
767,ADD,6,9
767,ADD,7,3
767,ADD,8,1
767,ADD,8,2
767,REMOVE,0,5
767,REMOVE,0,9
767,REMOVE,2,7
767,REMOVE,3,0
767,REMOVE,3,2
767,REMOVE,4,2
767,REMOVE,4,7
767,REMOVE,5,7
767,REMOVE,6,7
767,REMOVE,7,7
767,REMOVE,8,7
767,REMOVE,8,9
768,ADD,0,3
768,ADD,4,4
768,ADD,4,7
768,ADD,6,2
768,ADD,7,0
768,ADD,7,6
768,ADD,7,7
768,REMOVE,0,7
768,REMOVE,0,8
768,REMOVE,1,6
768,REMOVE,1,7
768,REMOVE,2,3
768,REMOVE,2,6
768,REMOVE,2,8
768,REMOVE,4,6
768,REMOVE,4,8
768,REMOVE,5,4
768,REMOVE,5,6
768,REMOVE,6,5
768,REMOVE,6,9
768,REMOVE,7,2
768,REMOVE,7,3
768,REMOVE,8,1
769,ADD,0,6
769,ADD,0,7
769,ADD,4,8
769,ADD,5,1
769,ADD,5,3
769,ADD,7,2
769,ADD,7,8
769,ADD,8,1
769,REMOVE,0,2
769,REMOVE,0,3
769,REMOVE,4,4
769,REMOVE,6,2
769,REMOVE,6,8
769,REMOVE,7,0
769,REMOVE,7,6
769,REMOVE,8,2
770,ADD,0,3
770,ADD,0,5
770,ADD,3,4
770,ADD,3,7
770,ADD,4,0
770,ADD,4,6
770,ADD,5,2
770,ADD,5,7
770,ADD,8,2
770,ADD,8,7
770,REMOVE,0,6
770,REMOVE,4,5
770,REMOVE,4,8
770,REMOVE,5,1
770,REMOVE,5,3
770,REMOVE,8,1
770,REMOVE,8,8
771,ADD,0,9
771,ADD,5,9
771,ADD,7,4
771,ADD,8,6
771,ADD,8,9
771,REMOVE,0,3
771,REMOVE,0,5
771,REMOVE,3,4
771,REMOVE,3,7
771,REMOVE,4,0
771,REMOVE,5,7
771,REMOVE,7,2
771,REMOVE,7,7
771,REMOVE,8,2
771,REMOVE,8,7
772,ADD,4,0
772,ADD,4,8
772,ADD,5,5
772,ADD,5,7
772,ADD,7,2
772,ADD,7,7
772,ADD,8,7
772,ADD,8,8
772,REMOVE,0,7
772,REMOVE,0,9
772,REMOVE,4,6
772,REMOVE,5,2
772,REMOVE,7,4
772,REMOVE,8,6
772,REMOVE,8,9
773,ADD,2,1
773,ADD,2,6
773,ADD,3,1
773,ADD,3,9
773,ADD,4,1
773,ADD,4,2
773,ADD,7,3
773,ADD,8,0
773,ADD,8,2
773,REMOVE,4,0
773,REMOVE,4,8
773,REMOVE,5,5
773,REMOVE,7,8
773,REMOVE,8,7
773,REMOVE,8,8
774,ADD,1,1
774,ADD,1,9
774,ADD,2,7
774,ADD,4,8
774,ADD,4,9
774,ADD,5,2
774,ADD,7,8
774,ADD,8,7
774,REMOVE,2,1
774,REMOVE,3,1
774,REMOVE,3,9
774,REMOVE,4,1
774,REMOVE,4,7
774,REMOVE,5,9
774,REMOVE,7,3
774,REMOVE,8,0
775,ADD,2,4
775,ADD,2,8
775,ADD,3,2
775,ADD,3,4
775,ADD,4,3
775,ADD,4,7
775,ADD,5,4
775,ADD,5,8
775,ADD,6,2
775,ADD,6,5
775,ADD,7,1
775,ADD,7,5
775,ADD,8,5
775,ADD,8,9
775,REMOVE,1,1
775,REMOVE,1,9
775,REMOVE,2,6
775,REMOVE,2,7
775,REMOVE,4,8
775,REMOVE,4,9
775,REMOVE,5,2
775,REMOVE,5,7
775,REMOVE,7,2
775,REMOVE,7,7
775,REMOVE,8,2
776,ADD,0,1
776,ADD,0,6
776,ADD,2,7
776,ADD,4,0
776,ADD,4,8
776,ADD,5,2
776,ADD,5,7
776,ADD,6,3
776,ADD,6,6
776,ADD,7,2
776,ADD,7,7
776,REMOVE,2,4
776,REMOVE,3,2
776,REMOVE,3,4
776,REMOVE,4,2
776,REMOVE,4,3
776,REMOVE,5,4
776,REMOVE,5,8
776,REMOVE,6,5
776,REMOVE,7,1
776,REMOVE,7,5
776,REMOVE,7,8
776,REMOVE,8,5
777,ADD,1,2
777,ADD,1,5
777,ADD,2,2
777,ADD,3,2
777,ADD,3,7
777,ADD,4,2
777,ADD,4,9
777,ADD,6,5
777,ADD,6,7
777,ADD,7,5
777,ADD,7,6
777,ADD,7,8
777,ADD,8,6
777,ADD,8,8
777,REMOVE,0,1
777,REMOVE,0,6
777,REMOVE,2,8
777,REMOVE,4,0
777,REMOVE,4,7
777,REMOVE,4,8
777,REMOVE,5,2
777,REMOVE,5,7
777,REMOVE,6,2
777,REMOVE,6,3
777,REMOVE,7,2
777,REMOVE,7,7
777,REMOVE,8,7
777,REMOVE,8,9
778,ADD,2,6
778,ADD,4,4
778,ADD,4,6
778,ADD,5,6
778,ADD,5,8
778,ADD,6,2
778,ADD,7,7
778,ADD,8,1
778,ADD,8,7
778,REMOVE,1,2
778,REMOVE,1,5
778,REMOVE,2,2
778,REMOVE,4,2
778,REMOVE,4,9
778,REMOVE,6,7
778,REMOVE,7,5
778,REMOVE,7,6
778,REMOVE,8,6
778,REMOVE,8,8
779,ADD,2,2
779,ADD,3,8
779,ADD,4,2
779,ADD,4,3
779,ADD,4,7
779,ADD,5,9
779,ADD,6,1
779,ADD,6,7
779,ADD,7,2
779,ADD,7,9
779,ADD,8,2
779,ADD,8,9
779,REMOVE,3,2
779,REMOVE,4,4
779,REMOVE,4,6
779,REMOVE,5,6
779,REMOVE,6,2
779,REMOVE,6,5
779,REMOVE,7,7
779,REMOVE,8,1
780,ADD,0,4
780,ADD,0,8
780,ADD,2,4
780,ADD,2,8
780,ADD,3,9
780,ADD,4,8
780,ADD,4,9
780,ADD,5,0
780,ADD,5,1
780,ADD,5,7
780,ADD,6,3
780,ADD,6,8
780,ADD,7,3
780,ADD,7,4
780,ADD,7,7
780,ADD,8,3
780,ADD,8,8
780,REMOVE,2,2
780,REMOVE,2,6
780,REMOVE,2,7
780,REMOVE,3,8
780,REMOVE,4,2
780,REMOVE,4,3
780,REMOVE,5,8
780,REMOVE,5,9
780,REMOVE,6,1
780,REMOVE,6,6
780,REMOVE,7,2
780,REMOVE,7,8
780,REMOVE,7,9
780,REMOVE,8,2
780,REMOVE,8,7
780,REMOVE,8,9
781,ADD,1,7
781,ADD,1,9
781,ADD,2,3
781,ADD,2,7
781,ADD,3,2
781,ADD,3,3
781,ADD,4,0
781,ADD,5,5
781,ADD,6,2
781,ADD,6,4
781,ADD,7,2
781,ADD,7,9
781,REMOVE,0,8
781,REMOVE,2,4
781,REMOVE,3,9
781,REMOVE,4,9
781,REMOVE,5,1
781,REMOVE,5,7
781,REMOVE,6,3
781,REMOVE,6,8
781,REMOVE,7,4
782,ADD,1,4
782,ADD,1,8
782,ADD,2,6
782,ADD,3,6
782,ADD,4,2
782,ADD,5,3
782,ADD,5,9
782,ADD,6,5
782,ADD,7,0
782,ADD,7,6
782,ADD,8,2
782,ADD,8,7
782,REMOVE,0,4
782,REMOVE,1,7
782,REMOVE,1,9
782,REMOVE,2,3
782,REMOVE,2,8
782,REMOVE,3,2
782,REMOVE,3,3
782,REMOVE,4,0
782,REMOVE,4,8
782,REMOVE,5,0
782,REMOVE,5,5
782,REMOVE,6,4
782,REMOVE,6,7
782,REMOVE,7,2
782,REMOVE,7,3
782,REMOVE,7,9
782,REMOVE,8,3
782,REMOVE,8,8
783,ADD,0,7
783,ADD,0,8
783,ADD,2,9
783,ADD,3,8
783,ADD,3,9
783,ADD,4,1
783,ADD,4,3
783,ADD,4,8
783,ADD,5,2
783,ADD,5,4
783,ADD,6,7
783,ADD,6,9
783,ADD,7,5
783,ADD,7,8
783,ADD,8,8
783,REMOVE,1,4
783,REMOVE,1,8
783,REMOVE,2,6
783,REMOVE,3,6
783,REMOVE,4,2
783,REMOVE,4,7
783,REMOVE,5,3
783,REMOVE,5,9
783,REMOVE,6,2
783,REMOVE,6,5
783,REMOVE,7,0
783,REMOVE,7,6
783,REMOVE,8,2
784,ADD,0,2
784,ADD,0,9
784,ADD,1,2
784,ADD,1,3
784,ADD,2,2
784,ADD,2,8
784,ADD,3,6
784,ADD,4,0
784,ADD,4,6
784,ADD,4,7
784,ADD,5,8
784,ADD,5,9
784,ADD,7,9
784,ADD,8,0
784,REMOVE,0,7
784,REMOVE,0,8
784,REMOVE,2,7
784,REMOVE,2,9
784,REMOVE,3,7
784,REMOVE,3,9
784,REMOVE,4,1
784,REMOVE,4,3
784,REMOVE,4,8
784,REMOVE,5,2
784,REMOVE,5,4
784,REMOVE,7,5
784,REMOVE,7,7
785,ADD,0,3
785,ADD,0,8
785,ADD,1,6
785,ADD,1,9
785,ADD,2,7
785,ADD,3,3
785,ADD,3,9
785,ADD,4,2
785,ADD,4,5
785,ADD,5,2
785,ADD,6,1
785,ADD,6,2
785,ADD,6,5
785,ADD,7,2
785,ADD,7,7
785,ADD,8,2
785,REMOVE,0,9
785,REMOVE,1,2
785,REMOVE,1,3
785,REMOVE,2,8
785,REMOVE,3,6
785,REMOVE,3,8
785,REMOVE,4,0
785,REMOVE,4,6
785,REMOVE,4,7
785,REMOVE,5,9
785,REMOVE,6,7
785,REMOVE,6,9
785,REMOVE,7,9
785,REMOVE,8,0
785,REMOVE,8,7
786,ADD,0,6
786,ADD,2,1
786,ADD,2,8
786,ADD,3,7
786,ADD,4,6
786,ADD,4,7
786,ADD,5,7
786,ADD,6,0
786,ADD,6,8
786,ADD,8,1
786,ADD,8,6
786,REMOVE,0,2
786,REMOVE,0,3
786,REMOVE,1,6
786,REMOVE,1,9
786,REMOVE,2,2
786,REMOVE,2,7
786,REMOVE,3,9
786,REMOVE,4,2
786,REMOVE,6,1
786,REMOVE,6,2
786,REMOVE,6,5
786,REMOVE,7,8
786,REMOVE,8,2
786,REMOVE,8,8
787,ADD,0,3
787,ADD,0,7
787,ADD,2,9
787,ADD,3,8
787,ADD,5,4
787,ADD,5,6
787,ADD,6,2
787,ADD,6,7
787,ADD,7,5
787,ADD,7,6
787,ADD,8,7
787,ADD,8,8
787,REMOVE,0,6
787,REMOVE,3,3
787,REMOVE,5,2
787,REMOVE,5,7
787,REMOVE,5,8
787,REMOVE,6,0
787,REMOVE,7,2
787,REMOVE,8,1
787,REMOVE,8,6
788,ADD,0,4
788,ADD,3,9
788,ADD,4,8
788,ADD,5,1
788,ADD,5,3
788,ADD,6,5
788,ADD,6,6
788,ADD,7,3
788,ADD,7,9
788,ADD,8,0
788,REMOVE,0,3
788,REMOVE,0,7
788,REMOVE,2,1
788,REMOVE,2,8
788,REMOVE,2,9
788,REMOVE,3,8
788,REMOVE,4,5
788,REMOVE,4,6
788,REMOVE,5,4
788,REMOVE,5,6
788,REMOVE,6,2
788,REMOVE,6,8
788,REMOVE,7,6
788,REMOVE,8,8
789,ADD,0,5
789,ADD,0,6
789,ADD,0,7
789,ADD,2,7
789,ADD,2,8
789,ADD,5,7
789,ADD,5,9
789,ADD,7,6
789,ADD,8,8
789,ADD,8,9
789,REMOVE,0,4
789,REMOVE,0,8
789,REMOVE,5,1
789,REMOVE,5,3
789,REMOVE,7,3
789,REMOVE,7,9
789,REMOVE,8,0
790,ADD,0,2
790,ADD,2,2
790,ADD,4,2
790,ADD,5,6
790,ADD,6,1
790,ADD,6,8
790,ADD,7,2
790,ADD,7,8
790,ADD,8,5
790,REMOVE,0,5
790,REMOVE,0,6
790,REMOVE,2,8
790,REMOVE,4,8
790,REMOVE,5,9
790,REMOVE,6,6
790,REMOVE,6,7
790,REMOVE,7,5
790,REMOVE,7,6
790,REMOVE,8,7
790,REMOVE,8,9
791,ADD,0,8
791,ADD,2,9
791,ADD,3,3
791,ADD,3,6
791,ADD,3,8
791,ADD,4,3
791,ADD,4,8
791,ADD,5,2
791,ADD,5,8
791,ADD,6,2
791,ADD,6,7
791,ADD,7,5
791,ADD,8,7
791,REMOVE,2,2
791,REMOVE,3,7
791,REMOVE,3,9
791,REMOVE,4,2
791,REMOVE,5,6
791,REMOVE,5,7
791,REMOVE,6,1
791,REMOVE,6,5
791,REMOVE,6,8
791,REMOVE,7,2
791,REMOVE,8,5
792,ADD,0,6
792,ADD,2,0
792,ADD,2,6
792,ADD,3,7
792,ADD,4,9
792,ADD,6,1
792,ADD,6,8
792,ADD,7,0
792,ADD,7,6
792,ADD,8,0
792,REMOVE,0,2
792,REMOVE,0,8
792,REMOVE,2,9
792,REMOVE,3,3
792,REMOVE,3,6
792,REMOVE,4,3
792,REMOVE,4,8
792,REMOVE,5,2
792,REMOVE,5,8
792,REMOVE,6,7
792,REMOVE,7,5
792,REMOVE,7,8
792,REMOVE,8,8
793,ADD,2,2
793,ADD,2,5
793,ADD,3,0
793,ADD,4,1
793,ADD,5,2
793,ADD,5,4
793,ADD,6,5
793,ADD,6,7
793,ADD,7,2
793,ADD,7,3
793,REMOVE,0,6
793,REMOVE,0,7
793,REMOVE,2,0
793,REMOVE,2,6
793,REMOVE,2,7
793,REMOVE,4,9
793,REMOVE,6,2
793,REMOVE,7,0
793,REMOVE,7,6
793,REMOVE,8,0
793,REMOVE,8,7
794,ADD,0,6
794,ADD,0,9
794,ADD,2,4
794,ADD,2,9
794,ADD,3,9
794,ADD,4,4
794,ADD,4,8
794,ADD,5,5
794,ADD,6,3
794,ADD,7,8
794,ADD,8,7
794,ADD,8,8
794,REMOVE,2,2
794,REMOVE,2,5
794,REMOVE,4,1
794,REMOVE,4,7
794,REMOVE,5,4
794,REMOVE,6,1
794,REMOVE,6,5
794,REMOVE,7,3
795,ADD,0,2
795,ADD,0,7
795,ADD,0,8
795,ADD,2,2
795,ADD,2,7
795,ADD,3,2
795,ADD,4,2
795,ADD,4,7
795,ADD,5,4
795,ADD,5,8
795,ADD,6,2
795,ADD,6,9
795,ADD,8,2
795,REMOVE,0,6
795,REMOVE,0,9
795,REMOVE,2,4
795,REMOVE,2,9
795,REMOVE,3,0
795,REMOVE,3,9
795,REMOVE,4,4
795,REMOVE,4,8
795,REMOVE,5,2
795,REMOVE,5,5
795,REMOVE,6,3
795,REMOVE,6,7
795,REMOVE,7,2
795,REMOVE,8,8
796,ADD,0,9
796,ADD,1,2
796,ADD,1,3
796,ADD,1,4
796,ADD,3,9
796,ADD,4,5
796,ADD,4,6
796,ADD,5,2
796,ADD,5,5
796,ADD,6,7
796,ADD,7,0
796,ADD,7,6
796,ADD,8,0
796,ADD,8,5
796,REMOVE,0,8
796,REMOVE,2,2
796,REMOVE,2,7
796,REMOVE,3,7
796,REMOVE,4,7
796,REMOVE,5,4
796,REMOVE,5,8
796,REMOVE,6,8
796,REMOVE,6,9
796,REMOVE,7,8
796,REMOVE,8,2
796,REMOVE,8,7
797,ADD,0,1
797,ADD,1,1
797,ADD,1,6
797,ADD,3,7
797,ADD,4,7
797,ADD,4,9
797,ADD,5,3
797,ADD,5,8
797,ADD,6,4
797,ADD,6,8
797,ADD,8,3
797,ADD,8,9
797,REMOVE,0,2
797,REMOVE,0,9
797,REMOVE,1,2
797,REMOVE,1,3
797,REMOVE,1,4
797,REMOVE,3,8
797,REMOVE,4,2
797,REMOVE,4,5
797,REMOVE,4,6
797,REMOVE,5,2
797,REMOVE,5,5
797,REMOVE,6,2
797,REMOVE,6,7
797,REMOVE,7,0
797,REMOVE,8,0
797,REMOVE,8,5
798,ADD,0,2
798,ADD,1,7
798,ADD,2,2
798,ADD,2,3
798,ADD,2,7
798,ADD,3,5
798,ADD,4,2
798,ADD,4,8
798,ADD,6,3
798,ADD,6,9
798,ADD,7,2
798,ADD,7,3
798,ADD,8,2
798,ADD,8,4
798,REMOVE,0,1
798,REMOVE,1,1
798,REMOVE,3,9
798,REMOVE,4,7
798,REMOVE,4,9
798,REMOVE,5,3
798,REMOVE,5,8
798,REMOVE,6,4
798,REMOVE,7,6
798,REMOVE,8,3
798,REMOVE,8,9
799,ADD,1,9
799,ADD,2,5
799,ADD,2,8
799,ADD,3,6
799,ADD,3,9
799,ADD,4,7
799,ADD,4,9
799,ADD,5,6
799,ADD,5,8
799,ADD,6,2
799,ADD,7,6
799,ADD,8,1
799,ADD,8,8
799,REMOVE,1,6
799,REMOVE,2,2
799,REMOVE,2,3
799,REMOVE,2,7
799,REMOVE,3,2
799,REMOVE,3,5
799,REMOVE,4,2
799,REMOVE,4,8
799,REMOVE,6,3
799,REMOVE,6,9
799,REMOVE,7,2
799,REMOVE,7,3
799,REMOVE,8,2
799,REMOVE,8,4
800,ADD,3,2
800,ADD,4,2
800,ADD,5,7
800,ADD,6,7
800,ADD,7,2
800,ADD,8,7
800,ADD,8,9
800,REMOVE,0,2
800,REMOVE,0,7
800,REMOVE,1,7
800,REMOVE,1,9
800,REMOVE,2,5
800,REMOVE,2,8
800,REMOVE,3,6
800,REMOVE,3,9
800,REMOVE,4,7
800,REMOVE,5,8
800,REMOVE,6,2
800,REMOVE,7,6
800,REMOVE,8,1
800,REMOVE,8,8
801,ADD,0,3
801,ADD,0,5
801,ADD,0,9
801,ADD,2,0
801,ADD,2,5
801,ADD,3,8
801,ADD,4,0
801,ADD,4,1
801,ADD,4,8
801,ADD,5,2
801,ADD,7,8
801,ADD,8,3
801,REMOVE,3,2
801,REMOVE,4,2
801,REMOVE,4,9
801,REMOVE,5,6
801,REMOVE,6,7
801,REMOVE,6,8
801,REMOVE,8,7
802,ADD,0,4
802,ADD,0,8
802,ADD,1,2
802,ADD,1,7
802,ADD,1,9
802,ADD,2,6
802,ADD,2,8
802,ADD,4,2
802,ADD,4,7
802,ADD,7,5
802,ADD,7,6
802,ADD,8,2
802,ADD,8,7
802,REMOVE,0,3
802,REMOVE,0,5
802,REMOVE,0,9
802,REMOVE,2,0
802,REMOVE,2,5
802,REMOVE,4,0
802,REMOVE,4,1
802,REMOVE,4,8
802,REMOVE,7,2
802,REMOVE,7,8
802,REMOVE,8,3
802,REMOVE,8,9
803,ADD,2,2
803,ADD,2,9
803,ADD,3,9
803,ADD,4,8
803,ADD,5,0
803,ADD,6,7
803,ADD,6,8
803,ADD,7,3
803,ADD,7,4
803,ADD,8,0
803,REMOVE,0,4
803,REMOVE,0,8
803,REMOVE,1,9
803,REMOVE,2,6
803,REMOVE,3,7
803,REMOVE,5,7
803,REMOVE,7,5
803,REMOVE,7,6
803,REMOVE,8,2
804,ADD,2,7
804,ADD,3,2
804,ADD,3,4
804,ADD,3,5
804,ADD,5,1
804,ADD,5,9
804,ADD,6,9
804,ADD,7,9
804,ADD,8,2
804,REMOVE,1,2
804,REMOVE,2,2
804,REMOVE,2,9
804,REMOVE,3,8
804,REMOVE,3,9
804,REMOVE,4,8
804,REMOVE,5,0
804,REMOVE,5,2
804,REMOVE,6,7
804,REMOVE,7,4
804,REMOVE,7,7
804,REMOVE,8,0
805,ADD,2,4
805,ADD,3,8
805,ADD,4,5
805,ADD,4,6
805,ADD,5,6
805,ADD,7,2
805,ADD,7,7
805,ADD,7,8
805,ADD,8,6
805,ADD,8,9
805,REMOVE,1,7
805,REMOVE,2,7
805,REMOVE,3,4
805,REMOVE,3,5
805,REMOVE,4,2
805,REMOVE,5,9
805,REMOVE,6,8
805,REMOVE,6,9
805,REMOVE,7,3
805,REMOVE,7,9
805,REMOVE,8,2
805,REMOVE,8,7
806,ADD,2,1
806,ADD,2,3
806,ADD,3,7
806,ADD,4,3
806,ADD,4,9
806,ADD,5,5
806,ADD,5,7
806,ADD,7,5
806,ADD,8,1
806,ADD,8,8
806,REMOVE,2,4
806,REMOVE,2,8
806,REMOVE,3,2
806,REMOVE,4,5
806,REMOVE,4,6
806,REMOVE,4,7
806,REMOVE,5,1
806,REMOVE,5,6
806,REMOVE,7,2
806,REMOVE,7,7
806,REMOVE,8,6
806,REMOVE,8,9
807,ADD,2,2
807,ADD,2,9
807,ADD,3,0
807,ADD,4,1
807,ADD,5,2
807,ADD,7,7
807,ADD,8,2
807,ADD,8,7
807,REMOVE,2,1
807,REMOVE,2,3
807,REMOVE,3,8
807,REMOVE,4,3
807,REMOVE,5,5
807,REMOVE,7,5
807,REMOVE,8,1
807,REMOVE,8,8
808,ADD,1,6
808,ADD,1,7
808,ADD,2,0
808,ADD,3,5
808,ADD,4,2
808,ADD,4,5
808,ADD,4,6
808,ADD,5,3
808,ADD,5,5
808,ADD,5,9
808,ADD,7,3
808,ADD,7,4
808,ADD,8,5
808,ADD,8,6
808,REMOVE,3,7
808,REMOVE,4,1
808,REMOVE,4,9
808,REMOVE,5,2
808,REMOVE,5,7
808,REMOVE,7,8
808,REMOVE,8,7
809,ADD,1,2
809,ADD,1,3
809,ADD,2,6
809,ADD,2,7
809,ADD,3,2
809,ADD,3,7
809,ADD,4,7
809,ADD,4,8
809,ADD,5,7
809,ADD,6,6
809,ADD,6,8
809,ADD,7,1
809,ADD,7,2
809,ADD,7,8
809,ADD,8,4
809,ADD,8,7
809,REMOVE,1,6
809,REMOVE,1,7
809,REMOVE,2,2
809,REMOVE,2,9
809,REMOVE,3,0
809,REMOVE,3,5
809,REMOVE,4,2
809,REMOVE,4,5
809,REMOVE,4,6
809,REMOVE,5,3
809,REMOVE,5,5
809,REMOVE,7,3
809,REMOVE,7,4
809,REMOVE,7,7
809,REMOVE,8,2
809,REMOVE,8,5
809,REMOVE,8,6
810,ADD,1,8
810,ADD,2,4
810,ADD,2,8
810,ADD,3,6
810,ADD,3,8
810,ADD,5,2
810,ADD,5,8
810,ADD,6,5
810,ADD,6,7
810,ADD,7,6
810,ADD,8,2
810,REMOVE,1,3
810,REMOVE,2,0
810,REMOVE,2,6
810,REMOVE,2,7
810,REMOVE,3,7
810,REMOVE,5,7
810,REMOVE,6,6
810,REMOVE,7,2
810,REMOVE,7,8
810,REMOVE,8,7
811,ADD,2,1
811,ADD,2,5
811,ADD,3,7
811,ADD,4,2
811,ADD,4,9
811,ADD,5,1
811,ADD,5,6
811,ADD,6,1
811,ADD,6,6
811,ADD,7,0
811,ADD,7,7
811,ADD,8,0
811,ADD,8,6
811,ADD,8,7
811,REMOVE,2,4
811,REMOVE,3,2
811,REMOVE,3,6
811,REMOVE,4,7
811,REMOVE,5,2
811,REMOVE,5,8
811,REMOVE,5,9
811,REMOVE,6,5
811,REMOVE,6,7
811,REMOVE,6,8
811,REMOVE,7,1
811,REMOVE,8,2
811,REMOVE,8,4
812,ADD,1,1
812,ADD,1,9
812,ADD,2,0
812,ADD,2,7
812,ADD,3,2
812,ADD,4,5
812,ADD,5,8
812,ADD,6,2
812,ADD,6,7
812,ADD,7,2
812,ADD,8,3
812,REMOVE,1,2
812,REMOVE,2,1
812,REMOVE,2,5
812,REMOVE,2,8
812,REMOVE,3,8
812,REMOVE,4,2
812,REMOVE,4,9
812,REMOVE,5,6
812,REMOVE,6,1
812,REMOVE,6,6
812,REMOVE,7,0
812,REMOVE,7,6
812,REMOVE,8,0
812,REMOVE,8,6
813,ADD,1,2
813,ADD,1,7
813,ADD,2,1
813,ADD,2,9
813,ADD,5,2
813,ADD,5,7
813,ADD,6,8
813,ADD,7,0
813,ADD,7,1
813,ADD,8,2
813,REMOVE,1,1
813,REMOVE,1,8
813,REMOVE,1,9
813,REMOVE,2,0
813,REMOVE,2,7
813,REMOVE,5,1
813,REMOVE,5,8
813,REMOVE,6,2
813,REMOVE,7,7
813,REMOVE,8,3
814,ADD,4,3
814,ADD,4,7
814,ADD,5,6
814,ADD,5,8
814,ADD,6,9
814,ADD,7,8
814,ADD,8,0
814,REMOVE,1,2
814,REMOVE,1,7
814,REMOVE,2,1
814,REMOVE,2,9
814,REMOVE,3,2
814,REMOVE,3,7
814,REMOVE,4,5
814,REMOVE,5,2
814,REMOVE,5,7
814,REMOVE,6,8
814,REMOVE,7,0
814,REMOVE,8,2
815,ADD,2,2
815,ADD,2,7
815,ADD,3,4
815,ADD,3,8
815,ADD,4,2
815,ADD,4,4
815,ADD,5,2
815,ADD,5,4
815,ADD,6,0
815,ADD,6,5
815,ADD,7,0
815,ADD,7,6
815,ADD,7,7
815,ADD,8,8
815,REMOVE,4,3
815,REMOVE,4,7
815,REMOVE,4,8
815,REMOVE,5,6
815,REMOVE,5,8
815,REMOVE,6,7
815,REMOVE,6,9
815,REMOVE,7,1
815,REMOVE,7,2
815,REMOVE,7,8
815,REMOVE,8,0
816,ADD,2,9
816,ADD,4,0
816,ADD,4,6
816,ADD,4,8
816,ADD,5,3
816,ADD,5,5
816,ADD,6,1
816,ADD,6,2
816,ADD,6,3
816,ADD,7,8
816,ADD,8,2
816,ADD,8,5
816,REMOVE,2,2
816,REMOVE,4,2
816,REMOVE,4,4
816,REMOVE,5,2
816,REMOVE,5,4
816,REMOVE,6,0
816,REMOVE,6,5
816,REMOVE,7,0
816,REMOVE,7,6
816,REMOVE,8,7
816,REMOVE,8,8
817,ADD,0,7
817,ADD,0,8
817,ADD,1,1
817,ADD,1,9
817,ADD,2,2
817,ADD,4,7
817,ADD,5,2
817,ADD,5,7
817,ADD,6,7
817,ADD,6,8
817,ADD,7,2
817,ADD,8,7
817,REMOVE,2,9
817,REMOVE,3,4
817,REMOVE,3,8
817,REMOVE,4,0
817,REMOVE,4,8
817,REMOVE,5,3
817,REMOVE,5,5
817,REMOVE,6,1
817,REMOVE,6,3
817,REMOVE,8,5
818,ADD,0,2
818,ADD,0,6
818,ADD,2,8
818,ADD,3,3
818,ADD,3,8
818,ADD,3,9
818,ADD,4,1
818,ADD,4,8
818,ADD,5,9
818,ADD,6,9
818,ADD,7,3
818,ADD,8,0
818,ADD,8,6
818,REMOVE,0,7
818,REMOVE,1,1
818,REMOVE,1,9
818,REMOVE,2,2
818,REMOVE,4,6
818,REMOVE,4,7
818,REMOVE,5,7
818,REMOVE,6,2
818,REMOVE,6,8
818,REMOVE,7,7
818,REMOVE,8,2
819,ADD,0,7
819,ADD,4,2
819,ADD,4,7
819,ADD,5,5
819,ADD,5,7
819,ADD,5,8
819,ADD,7,7
819,ADD,8,4
819,ADD,8,8
819,REMOVE,0,2
819,REMOVE,0,8
819,REMOVE,3,3
819,REMOVE,4,1
819,REMOVE,4,8
819,REMOVE,5,2
819,REMOVE,5,9
819,REMOVE,6,7
819,REMOVE,6,9
819,REMOVE,7,3
819,REMOVE,8,0
819,REMOVE,8,6
819,REMOVE,8,7
820,ADD,1,3
820,ADD,1,9
820,ADD,2,9
820,ADD,3,4
820,ADD,3,6
820,ADD,4,8
820,ADD,5,1
820,ADD,5,2
820,ADD,6,1
820,ADD,6,8
820,ADD,7,5
820,ADD,7,6
820,ADD,8,7
820,ADD,8,9
820,REMOVE,0,6
820,REMOVE,0,7
820,REMOVE,2,7
820,REMOVE,3,8
820,REMOVE,3,9
820,REMOVE,4,2
820,REMOVE,5,5
820,REMOVE,5,8
820,REMOVE,7,2
820,REMOVE,7,7
820,REMOVE,8,4
820,REMOVE,8,8
821,ADD,3,8
821,ADD,4,3
821,ADD,4,4
821,ADD,5,9
821,ADD,6,2
821,ADD,6,7
821,ADD,7,7
821,ADD,8,4
821,REMOVE,1,3
821,REMOVE,1,9
821,REMOVE,2,8
821,REMOVE,2,9
821,REMOVE,3,6
821,REMOVE,4,8
821,REMOVE,5,1
821,REMOVE,5,2
821,REMOVE,6,1
821,REMOVE,6,8
821,REMOVE,7,8
821,REMOVE,8,9
822,ADD,0,3
822,ADD,0,6
822,ADD,0,7
822,ADD,1,1
822,ADD,1,5
822,ADD,1,7
822,ADD,2,1
822,ADD,2,3
822,ADD,3,3
822,ADD,3,9
822,ADD,4,8
822,ADD,5,6
822,ADD,6,4
822,ADD,7,8
822,ADD,8,2
822,REMOVE,3,4
822,REMOVE,3,8
822,REMOVE,4,3
822,REMOVE,4,4
822,REMOVE,5,9
822,REMOVE,6,7
822,REMOVE,7,6
822,REMOVE,7,7
822,REMOVE,8,4
823,ADD,0,8
823,ADD,1,2
823,ADD,1,3
823,ADD,1,9
823,ADD,2,4
823,ADD,2,8
823,ADD,3,2
823,ADD,3,7
823,ADD,4,2
823,ADD,5,8
823,ADD,6,7
823,ADD,7,2
823,ADD,7,7
823,ADD,8,6
823,ADD,8,9
823,REMOVE,0,3
823,REMOVE,0,6
823,REMOVE,1,1
823,REMOVE,1,5
823,REMOVE,1,7
823,REMOVE,2,1
823,REMOVE,2,3
823,REMOVE,3,3
823,REMOVE,4,8
823,REMOVE,5,6
823,REMOVE,6,4
823,REMOVE,7,5
823,REMOVE,7,8
823,REMOVE,8,2
823,REMOVE,8,7
824,ADD,0,2
824,ADD,0,9
824,ADD,1,7
824,ADD,1,8
824,ADD,4,5
824,ADD,4,9
824,ADD,6,9
824,ADD,7,5
824,ADD,7,6
824,ADD,8,2
824,ADD,8,7
824,REMOVE,0,8
824,REMOVE,1,3
824,REMOVE,1,9
824,REMOVE,2,4
824,REMOVE,2,8
824,REMOVE,3,2
824,REMOVE,4,2
824,REMOVE,5,7
824,REMOVE,5,8
824,REMOVE,7,2
824,REMOVE,8,9
825,ADD,4,4
825,ADD,5,2
825,ADD,5,7
825,ADD,7,2
825,ADD,7,8
825,ADD,8,3
825,ADD,8,9
825,REMOVE,1,2
825,REMOVE,4,5
825,REMOVE,4,9
825,REMOVE,6,2
825,REMOVE,6,7
825,REMOVE,6,9
825,REMOVE,7,5
825,REMOVE,7,6
825,REMOVE,8,2
825,REMOVE,8,6
825,REMOVE,8,7
826,ADD,0,3
826,ADD,1,1
826,ADD,1,9
826,ADD,2,2
826,ADD,2,7
826,ADD,3,5
826,ADD,3,8
826,ADD,4,2
826,ADD,5,9
826,ADD,6,7
826,ADD,6,8
826,ADD,7,0
826,ADD,7,1
826,ADD,8,2
826,ADD,8,8
826,REMOVE,0,7
826,REMOVE,0,9
826,REMOVE,1,7
826,REMOVE,1,8
826,REMOVE,3,9
826,REMOVE,4,4
826,REMOVE,5,2
826,REMOVE,7,2
826,REMOVE,7,7
826,REMOVE,8,3
826,REMOVE,8,9
827,ADD,0,8
827,ADD,0,9
827,ADD,2,8
827,ADD,3,2
827,ADD,3,4
827,ADD,4,3
827,ADD,4,9
827,ADD,5,8
827,ADD,6,5
827,ADD,7,3
827,REMOVE,0,2
827,REMOVE,0,3
827,REMOVE,1,1
827,REMOVE,1,9
827,REMOVE,2,2
827,REMOVE,3,5
827,REMOVE,3,7
827,REMOVE,3,8
827,REMOVE,4,2
827,REMOVE,4,7
827,REMOVE,5,9
827,REMOVE,6,7
827,REMOVE,7,0
827,REMOVE,7,1
827,REMOVE,8,2
827,REMOVE,8,8
828,ADD,0,7
828,ADD,2,2
828,ADD,2,9
828,ADD,3,5
828,ADD,3,7
828,ADD,4,2
828,ADD,4,5
828,ADD,6,2
828,ADD,6,7
828,ADD,7,2
828,ADD,7,7
828,ADD,8,7
828,ADD,8,9
828,REMOVE,2,7
828,REMOVE,2,8
828,REMOVE,3,2
828,REMOVE,4,3
828,REMOVE,4,9
828,REMOVE,5,7
828,REMOVE,5,8
828,REMOVE,6,5
828,REMOVE,6,8
828,REMOVE,7,8
829,ADD,0,2
829,ADD,3,2
829,ADD,4,6
829,ADD,4,7
829,ADD,4,9
829,ADD,5,2
829,ADD,5,7
829,ADD,6,8
829,ADD,7,6
829,ADD,7,8
829,ADD,8,0
829,ADD,8,6
829,ADD,8,8
829,REMOVE,0,9
829,REMOVE,2,2
829,REMOVE,2,9
829,REMOVE,3,7
829,REMOVE,4,2
829,REMOVE,4,5
829,REMOVE,7,3
829,REMOVE,7,7
829,REMOVE,8,7
829,REMOVE,8,9
830,ADD,0,1
830,ADD,1,1
830,ADD,1,9
830,ADD,3,9
830,ADD,4,2
830,ADD,5,8
830,ADD,5,9
830,ADD,6,5
830,ADD,7,3
830,ADD,7,7
830,ADD,8,7
830,REMOVE,0,8
830,REMOVE,3,4
830,REMOVE,3,5
830,REMOVE,4,6
830,REMOVE,4,9
830,REMOVE,5,2
830,REMOVE,5,7
830,REMOVE,6,2
830,REMOVE,7,2
830,REMOVE,7,6
830,REMOVE,8,0
830,REMOVE,8,6
831,ADD,0,5
831,ADD,0,8
831,ADD,3,7
831,ADD,3,8
831,ADD,4,8
831,ADD,5,1
831,ADD,5,6
831,ADD,6,9
831,ADD,7,2
831,ADD,8,1
831,ADD,8,4
831,REMOVE,0,1
831,REMOVE,0,2
831,REMOVE,1,1
831,REMOVE,1,9
831,REMOVE,3,2
831,REMOVE,3,9
831,REMOVE,4,2
831,REMOVE,5,8
831,REMOVE,5,9
831,REMOVE,6,5
831,REMOVE,6,8
831,REMOVE,7,3
831,REMOVE,7,8
831,REMOVE,8,8
832,ADD,0,2
832,ADD,3,9
832,ADD,4,6
832,ADD,5,7
832,ADD,5,8
832,ADD,6,0
832,ADD,6,8
832,ADD,7,3
832,ADD,8,2
832,REMOVE,0,5
832,REMOVE,0,8
832,REMOVE,3,8
832,REMOVE,4,7
832,REMOVE,5,1
832,REMOVE,5,6
832,REMOVE,6,9
832,REMOVE,8,1
832,REMOVE,8,4
833,ADD,0,8
833,ADD,2,2
833,ADD,2,9
833,ADD,3,2
833,ADD,3,8
833,ADD,4,2
833,ADD,4,4
833,ADD,5,2
833,ADD,6,2
833,ADD,7,8
833,ADD,8,0
833,ADD,8,1
833,REMOVE,3,7
833,REMOVE,4,6
833,REMOVE,4,8
833,REMOVE,5,8
833,REMOVE,6,0
833,REMOVE,6,8
833,REMOVE,7,7
833,REMOVE,8,2
834,ADD,2,1
834,ADD,3,3
834,ADD,4,3
834,ADD,4,9
834,ADD,5,4
834,ADD,5,6
834,ADD,6,4
834,ADD,7,7
834,ADD,8,2
834,REMOVE,0,8
834,REMOVE,2,2
834,REMOVE,3,2
834,REMOVE,3,8
834,REMOVE,4,2
834,REMOVE,4,4
834,REMOVE,5,2
834,REMOVE,5,7
834,REMOVE,6,7
834,REMOVE,7,2
834,REMOVE,7,3
834,REMOVE,8,0
834,REMOVE,8,1
835,ADD,3,2
835,ADD,3,4
835,ADD,4,1
835,ADD,4,2
835,ADD,4,7
835,ADD,5,8
835,ADD,6,3
835,ADD,7,2
835,ADD,8,5
835,REMOVE,2,1
835,REMOVE,2,9
835,REMOVE,3,3
835,REMOVE,3,9
835,REMOVE,4,3
835,REMOVE,4,9
835,REMOVE,5,6
835,REMOVE,6,4
835,REMOVE,7,8
835,REMOVE,8,7
836,ADD,0,8
836,ADD,2,2
836,ADD,2,5
836,ADD,3,7
836,ADD,4,9
836,ADD,5,3
836,ADD,5,9
836,ADD,6,0
836,ADD,6,7
836,ADD,6,9
836,ADD,7,8
836,ADD,8,1
836,ADD,8,6
836,REMOVE,0,2
836,REMOVE,3,4
836,REMOVE,4,1
836,REMOVE,4,2
836,REMOVE,5,4
836,REMOVE,5,8
836,REMOVE,6,2
836,REMOVE,6,3
836,REMOVE,7,2
836,REMOVE,8,2
836,REMOVE,8,5
837,ADD,0,2
837,ADD,2,1
837,ADD,2,7
837,ADD,4,4
837,ADD,5,1
837,ADD,5,6
837,ADD,6,2
837,ADD,7,2
837,ADD,8,2
837,ADD,8,8
837,REMOVE,2,2
837,REMOVE,2,5
837,REMOVE,4,9
837,REMOVE,5,3
837,REMOVE,5,9
837,REMOVE,6,0
837,REMOVE,6,9
837,REMOVE,8,1
837,REMOVE,8,6
838,ADD,3,0
838,ADD,3,1
838,ADD,8,7
838,ADD,8,9
838,REMOVE,3,2
838,REMOVE,4,4
838,REMOVE,4,7
838,REMOVE,5,1
838,REMOVE,5,6
838,REMOVE,7,2
838,REMOVE,8,2
838,REMOVE,8,8
839,ADD,0,3
839,ADD,2,5
839,ADD,2,9
839,ADD,3,3
839,ADD,3,8
839,ADD,4,0
839,ADD,4,2
839,ADD,5,1
839,ADD,5,9
839,ADD,6,0
839,ADD,6,6
839,ADD,7,0
839,ADD,7,6
839,ADD,8,2
839,ADD,8,4
839,REMOVE,0,8
839,REMOVE,2,1
839,REMOVE,3,0
839,REMOVE,3,1
839,REMOVE,6,2
839,REMOVE,7,8
839,REMOVE,8,7
839,REMOVE,8,9
840,ADD,0,8
840,ADD,3,1
840,ADD,4,3
840,ADD,5,4
840,ADD,5,6
840,ADD,7,2
840,ADD,8,6
840,ADD,8,8
840,REMOVE,0,7
840,REMOVE,2,5
840,REMOVE,2,7
840,REMOVE,2,9
840,REMOVE,3,3
840,REMOVE,4,0
840,REMOVE,5,1
840,REMOVE,5,9
840,REMOVE,6,0
840,REMOVE,6,6
840,REMOVE,6,7
840,REMOVE,7,0
840,REMOVE,7,6
840,REMOVE,8,2
840,REMOVE,8,4
841,ADD,0,6
841,ADD,0,9
841,ADD,3,2
841,ADD,3,5
841,ADD,4,4
841,ADD,4,8
841,ADD,5,2
841,ADD,5,3
841,ADD,6,7
841,ADD,6,8
841,ADD,8,1
841,ADD,8,7
841,REMOVE,0,2
841,REMOVE,0,3
841,REMOVE,0,8
841,REMOVE,3,1
841,REMOVE,3,7
841,REMOVE,3,8
841,REMOVE,4,2
841,REMOVE,4,3
841,REMOVE,5,4
841,REMOVE,5,6
841,REMOVE,8,6
841,REMOVE,8,8
842,ADD,0,2
842,ADD,0,7
842,ADD,2,3
842,ADD,2,5
842,ADD,2,9
842,ADD,3,6
842,ADD,3,8
842,ADD,5,9
842,ADD,6,2
842,ADD,6,3
842,ADD,7,8
842,ADD,8,2
842,REMOVE,0,6
842,REMOVE,0,9
842,REMOVE,3,2
842,REMOVE,4,4
842,REMOVE,4,8
842,REMOVE,5,2
842,REMOVE,6,7
842,REMOVE,6,8
842,REMOVE,7,2
842,REMOVE,8,1
843,ADD,0,5
843,ADD,0,6
843,ADD,3,7
843,ADD,4,3
843,ADD,4,9
843,ADD,6,7
843,ADD,6,9
843,ADD,7,3
843,ADD,8,3
843,ADD,8,8
843,REMOVE,0,2
843,REMOVE,2,5
843,REMOVE,3,8
843,REMOVE,5,3
843,REMOVE,5,9
843,REMOVE,6,2
843,REMOVE,6,3
843,REMOVE,7,8
843,REMOVE,8,2
843,REMOVE,8,7
844,ADD,0,8
844,ADD,3,2
844,ADD,3,8
844,ADD,4,0
844,ADD,4,7
844,ADD,5,6
844,ADD,5,7
844,ADD,6,0
844,ADD,6,6
844,ADD,7,2
844,ADD,7,8
844,ADD,8,2
844,ADD,8,4
844,REMOVE,0,6
844,REMOVE,3,5
844,REMOVE,3,6
844,REMOVE,3,7
844,REMOVE,4,3
844,REMOVE,4,9
844,REMOVE,6,9
844,REMOVE,7,3
844,REMOVE,8,3
844,REMOVE,8,8
845,ADD,0,0
845,ADD,0,1
845,ADD,2,8
845,ADD,3,0
845,ADD,3,7
845,ADD,4,1
845,ADD,6,9
845,ADD,7,0
845,ADD,7,1
845,ADD,8,8
845,REMOVE,0,5
845,REMOVE,0,8
845,REMOVE,2,9
845,REMOVE,3,8
845,REMOVE,4,0
845,REMOVE,5,6
845,REMOVE,5,7
845,REMOVE,6,0
845,REMOVE,6,6
845,REMOVE,7,2
845,REMOVE,7,8
845,REMOVE,8,4
846,ADD,2,2
846,ADD,2,9
846,ADD,3,5
846,ADD,4,2
846,ADD,4,8
846,ADD,6,2
846,ADD,7,2
846,REMOVE,0,0
846,REMOVE,0,1
846,REMOVE,0,7
846,REMOVE,2,3
846,REMOVE,3,0
846,REMOVE,4,1
846,REMOVE,4,7
846,REMOVE,6,9
846,REMOVE,7,0
846,REMOVE,7,1
847,ADD,0,2
847,ADD,0,7
847,ADD,3,8
847,ADD,3,9
847,ADD,4,4
847,ADD,5,2
847,ADD,5,7
847,ADD,6,8
847,ADD,7,5
847,ADD,7,8
847,REMOVE,2,8
847,REMOVE,3,2
847,REMOVE,3,7
847,REMOVE,4,2
847,REMOVE,6,2
847,REMOVE,7,7
848,ADD,3,2
848,ADD,3,4
848,ADD,6,0
848,ADD,6,2
848,ADD,6,6
848,ADD,7,9
848,ADD,8,6
848,REMOVE,0,2
848,REMOVE,0,7
848,REMOVE,2,2
848,REMOVE,2,9
848,REMOVE,3,5
848,REMOVE,3,8
848,REMOVE,3,9
848,REMOVE,5,2
848,REMOVE,5,7
848,REMOVE,6,7
848,REMOVE,6,8
848,REMOVE,7,2
848,REMOVE,7,5
848,REMOVE,8,2
849,ADD,0,2
849,ADD,0,4
849,ADD,0,5
849,ADD,3,7
849,ADD,4,1
849,ADD,4,5
849,ADD,4,7
849,ADD,5,1
849,ADD,5,3
849,ADD,6,7
849,ADD,7,2
849,ADD,7,5
849,ADD,8,7
849,REMOVE,3,4
849,REMOVE,4,4
849,REMOVE,4,8
849,REMOVE,6,2
849,REMOVE,6,6
849,REMOVE,7,8
849,REMOVE,7,9
849,REMOVE,8,6
850,ADD,0,7
850,ADD,0,8
850,ADD,4,2
850,ADD,4,8
850,ADD,5,2
850,ADD,6,2
850,ADD,6,3
850,ADD,7,7
850,ADD,8,0
850,ADD,8,2
850,REMOVE,0,4
850,REMOVE,0,5
850,REMOVE,4,1
850,REMOVE,4,5
850,REMOVE,5,1
850,REMOVE,6,0
850,REMOVE,6,7
850,REMOVE,7,5
850,REMOVE,8,7
850,REMOVE,8,8
851,ADD,1,4
851,ADD,1,8
851,ADD,2,4
851,ADD,2,8
851,ADD,3,5
851,ADD,3,6
851,ADD,3,8
851,ADD,4,9
851,ADD,5,4
851,ADD,6,7
851,ADD,7,0
851,ADD,7,3
851,ADD,7,8
851,ADD,8,3
851,ADD,8,9
851,REMOVE,0,8
851,REMOVE,3,2
851,REMOVE,3,7
851,REMOVE,4,2
851,REMOVE,4,8
851,REMOVE,5,3
851,REMOVE,6,3
851,REMOVE,7,2
851,REMOVE,8,0
852,ADD,0,8
852,ADD,2,3
852,ADD,2,5
852,ADD,2,9
852,ADD,3,2
852,ADD,3,7
852,ADD,4,2
852,ADD,6,4
852,ADD,7,2
852,ADD,8,7
852,ADD,8,8
852,REMOVE,0,2
852,REMOVE,1,4
852,REMOVE,1,8
852,REMOVE,2,4
852,REMOVE,2,8
852,REMOVE,3,5
852,REMOVE,3,6
852,REMOVE,4,9
852,REMOVE,5,2
852,REMOVE,5,4
852,REMOVE,6,7
852,REMOVE,7,0
852,REMOVE,7,8
852,REMOVE,8,2
852,REMOVE,8,3
852,REMOVE,8,9
853,ADD,0,5
853,ADD,0,6
853,ADD,2,7
853,ADD,3,5
853,ADD,3,6
853,ADD,5,4
853,ADD,5,8
853,ADD,6,7
853,ADD,7,1
853,ADD,7,5
853,ADD,8,0
853,ADD,8,2
853,REMOVE,0,7
853,REMOVE,2,3
853,REMOVE,2,5
853,REMOVE,3,2
853,REMOVE,3,8
853,REMOVE,6,4
853,REMOVE,7,2
853,REMOVE,7,3
853,REMOVE,8,7
853,REMOVE,8,8
854,ADD,0,4
854,ADD,0,9
854,ADD,2,3
854,ADD,3,9
854,ADD,5,0
854,ADD,5,2
854,ADD,6,1
854,ADD,6,9
854,ADD,7,6
854,ADD,7,8
854,ADD,8,5
854,REMOVE,0,5
854,REMOVE,0,6
854,REMOVE,0,8
854,REMOVE,2,7
854,REMOVE,3,5
854,REMOVE,5,4
854,REMOVE,5,8
854,REMOVE,6,2
854,REMOVE,6,7
854,REMOVE,7,1
854,REMOVE,7,7
854,REMOVE,8,2
855,ADD,0,2
855,ADD,0,7
855,ADD,3,3
855,ADD,4,4
855,ADD,4,6
855,ADD,6,2
855,ADD,6,8
855,ADD,7,3
855,ADD,7,9
855,REMOVE,0,4
855,REMOVE,0,9
855,REMOVE,2,3
855,REMOVE,2,9
855,REMOVE,3,6
855,REMOVE,3,7
855,REMOVE,4,2
855,REMOVE,4,7
855,REMOVE,5,0
855,REMOVE,5,2
855,REMOVE,6,1
855,REMOVE,6,9
855,REMOVE,7,5
855,REMOVE,7,6
855,REMOVE,7,8
855,REMOVE,8,0
855,REMOVE,8,5
856,ADD,0,8
856,ADD,2,3
856,ADD,2,9
856,ADD,3,8
856,ADD,4,1
856,ADD,4,9
856,ADD,5,7
856,ADD,5,9
856,ADD,6,0
856,ADD,6,7
856,ADD,7,5
856,ADD,7,7
856,REMOVE,0,7
856,REMOVE,3,9
856,REMOVE,4,4
856,REMOVE,4,6
856,REMOVE,6,2
856,REMOVE,6,8
856,REMOVE,7,3
857,ADD,0,1
857,ADD,0,6
857,ADD,2,2
857,ADD,2,7
857,ADD,3,1
857,ADD,3,2
857,ADD,4,2
857,ADD,4,7
857,ADD,4,8
857,ADD,5,1
857,ADD,6,1
857,ADD,6,8
857,ADD,7,2
857,ADD,7,3
857,ADD,8,5
857,ADD,8,7
857,ADD,8,8
857,REMOVE,0,2
857,REMOVE,0,8
857,REMOVE,2,3
857,REMOVE,2,9
857,REMOVE,3,3
857,REMOVE,4,1
857,REMOVE,4,9
857,REMOVE,5,9
857,REMOVE,6,0
857,REMOVE,6,7
857,REMOVE,7,5
857,REMOVE,7,9
858,ADD,0,7
858,ADD,0,8
858,ADD,2,4
858,ADD,2,8
858,ADD,3,7
858,ADD,4,6
858,ADD,4,9
858,ADD,5,3
858,ADD,5,9
858,ADD,6,0
858,ADD,6,5
858,ADD,8,0
858,ADD,8,1
858,ADD,8,2
858,ADD,8,9
858,REMOVE,0,1
858,REMOVE,0,6
858,REMOVE,2,2
858,REMOVE,2,7
858,REMOVE,3,1
858,REMOVE,4,2
858,REMOVE,4,7
858,REMOVE,4,8
858,REMOVE,5,1
858,REMOVE,5,7
858,REMOVE,6,1
858,REMOVE,6,8
858,REMOVE,8,5
858,REMOVE,8,7
858,REMOVE,8,8
859,ADD,0,4
859,ADD,1,5
859,ADD,1,8
859,ADD,2,7
859,ADD,4,1
859,ADD,5,0
859,ADD,5,5
859,ADD,6,2
859,ADD,6,7
859,ADD,7,5
859,ADD,7,8
859,ADD,8,6
859,ADD,8,8
859,REMOVE,0,8
859,REMOVE,2,4
859,REMOVE,4,6
859,REMOVE,5,3
859,REMOVE,5,9
859,REMOVE,6,0
859,REMOVE,6,5
859,REMOVE,7,2
859,REMOVE,7,3
859,REMOVE,8,0
859,REMOVE,8,1
859,REMOVE,8,2
859,REMOVE,8,9
860,ADD,0,1
860,ADD,0,8
860,ADD,0,9
860,ADD,3,9
860,ADD,5,1
860,ADD,5,3
860,ADD,6,3
860,ADD,6,9
860,ADD,7,9
860,ADD,8,1
860,REMOVE,0,4
860,REMOVE,0,7
860,REMOVE,1,5
860,REMOVE,1,8
860,REMOVE,3,8
860,REMOVE,4,1
860,REMOVE,4,9
860,REMOVE,5,0
860,REMOVE,5,5
860,REMOVE,6,2
860,REMOVE,6,7
860,REMOVE,7,5
860,REMOVE,7,8
860,REMOVE,8,8
861,ADD,1,1
861,ADD,1,9
861,ADD,2,1
861,ADD,3,1
861,ADD,3,5
861,ADD,3,8
861,ADD,5,5
861,ADD,5,6
861,ADD,5,7
861,ADD,6,2
861,ADD,6,5
861,ADD,6,6
861,ADD,7,2
861,ADD,7,8
861,ADD,8,2
861,ADD,8,4
861,REMOVE,0,1
861,REMOVE,0,8
861,REMOVE,0,9
861,REMOVE,3,2
861,REMOVE,3,7
861,REMOVE,3,9
861,REMOVE,5,1
861,REMOVE,5,3
861,REMOVE,6,3
861,REMOVE,6,9
861,REMOVE,7,9
861,REMOVE,8,1
861,REMOVE,8,6
862,ADD,3,9
862,ADD,4,2
862,ADD,4,8
862,ADD,5,3
862,ADD,7,1
862,ADD,8,0
862,REMOVE,1,1
862,REMOVE,1,9
862,REMOVE,2,7
862,REMOVE,3,5
862,REMOVE,3,8
862,REMOVE,5,6
862,REMOVE,5,7
862,REMOVE,6,2
862,REMOVE,6,5
862,REMOVE,6,6
862,REMOVE,7,7
862,REMOVE,8,4
863,ADD,0,0
863,ADD,0,5
863,ADD,3,7
863,ADD,4,5
863,ADD,4,7
863,ADD,5,2
863,ADD,5,9
863,ADD,6,4
863,ADD,6,8
863,ADD,7,7
863,ADD,7,9
863,ADD,8,7
863,REMOVE,2,1
863,REMOVE,2,8
863,REMOVE,3,1
863,REMOVE,4,2
863,REMOVE,5,3
863,REMOVE,5,5
863,REMOVE,7,1
863,REMOVE,7,2
863,REMOVE,8,0
864,ADD,0,2
864,ADD,0,7
864,ADD,1,7
864,ADD,1,9
864,ADD,2,7
864,ADD,2,9
864,ADD,3,0
864,ADD,3,6
864,ADD,3,8
864,ADD,4,1
864,ADD,4,6
864,ADD,6,3
864,ADD,6,9
864,ADD,7,2
864,ADD,8,6
864,REMOVE,0,0
864,REMOVE,0,5
864,REMOVE,3,7
864,REMOVE,3,9
864,REMOVE,4,5
864,REMOVE,4,8
864,REMOVE,5,2
864,REMOVE,5,9
864,REMOVE,6,4
864,REMOVE,7,9
864,REMOVE,8,2
865,ADD,0,0
865,ADD,0,6
865,ADD,1,2
865,ADD,2,3
865,ADD,2,8
865,ADD,3,4
865,ADD,4,3
865,ADD,4,8
865,ADD,5,7
865,ADD,5,8
865,ADD,6,5
865,ADD,6,7
865,ADD,8,2
865,ADD,8,8
865,REMOVE,0,2
865,REMOVE,1,9
865,REMOVE,2,9
865,REMOVE,3,0
865,REMOVE,3,6
865,REMOVE,4,1
865,REMOVE,4,6
865,REMOVE,6,3
865,REMOVE,6,9
865,REMOVE,8,6
865,REMOVE,8,7
866,ADD,0,5
866,ADD,1,8
866,ADD,2,2
866,ADD,3,6
866,ADD,3,9
866,ADD,4,5
866,ADD,4,6
866,ADD,5,4
866,ADD,5,9
866,ADD,6,0
866,ADD,6,9
866,ADD,7,5
866,ADD,7,6
866,ADD,8,5
866,ADD,8,7
866,REMOVE,0,0
866,REMOVE,2,3
866,REMOVE,3,4
866,REMOVE,3,8
866,REMOVE,4,3
866,REMOVE,4,8
866,REMOVE,5,7
866,REMOVE,5,8
866,REMOVE,6,8
866,REMOVE,7,2
866,REMOVE,7,8
866,REMOVE,8,2
866,REMOVE,8,8
867,ADD,2,4
867,ADD,3,2
867,ADD,3,7
867,ADD,4,2
867,ADD,5,3
867,ADD,5,7
867,ADD,6,2
867,ADD,6,3
867,ADD,7,2
867,ADD,7,8
867,ADD,8,8
867,REMOVE,1,8
867,REMOVE,2,2
867,REMOVE,2,7
867,REMOVE,3,6
867,REMOVE,3,9
867,REMOVE,4,5
867,REMOVE,4,6
867,REMOVE,5,9
867,REMOVE,6,0
867,REMOVE,6,5
867,REMOVE,6,9
867,REMOVE,7,5
867,REMOVE,7,6
868,ADD,0,8
868,ADD,1,3
868,ADD,1,8
868,ADD,2,5
868,ADD,2,7
868,ADD,4,0
868,ADD,5,2
868,ADD,6,4
868,ADD,8,6
868,ADD,8,9
868,REMOVE,0,6
868,REMOVE,1,2
868,REMOVE,2,4
868,REMOVE,5,3
868,REMOVE,5,4
868,REMOVE,6,2
868,REMOVE,7,8
868,REMOVE,8,5
868,REMOVE,8,7
869,ADD,0,2
869,ADD,1,0
869,ADD,1,2
869,ADD,1,6
869,ADD,2,6
869,ADD,3,8
869,ADD,4,3
869,ADD,4,9
869,ADD,5,5
869,ADD,5,8
869,ADD,6,0
869,ADD,6,1
869,ADD,6,8
869,ADD,7,3
869,ADD,7,6
869,ADD,7,8
869,ADD,8,7
869,REMOVE,0,5
869,REMOVE,0,8
869,REMOVE,1,3
869,REMOVE,1,7
869,REMOVE,1,8
869,REMOVE,2,7
869,REMOVE,3,2
869,REMOVE,4,0
869,REMOVE,4,2
869,REMOVE,4,7
869,REMOVE,5,2
869,REMOVE,5,7
869,REMOVE,6,3
869,REMOVE,6,4
869,REMOVE,6,7
869,REMOVE,7,2
869,REMOVE,7,7
869,REMOVE,8,8
869,REMOVE,8,9
870,ADD,1,9
870,ADD,2,3
870,ADD,2,7
870,ADD,3,6
870,ADD,4,1
870,ADD,4,8
870,ADD,6,2
870,ADD,6,7
870,ADD,6,9
870,ADD,7,2
870,ADD,7,7
870,ADD,8,3
870,ADD,8,5
870,REMOVE,1,0
870,REMOVE,1,2
870,REMOVE,2,5
870,REMOVE,2,6
870,REMOVE,3,8
870,REMOVE,4,3
870,REMOVE,5,5
870,REMOVE,5,8
870,REMOVE,6,0
870,REMOVE,6,1
870,REMOVE,6,8
870,REMOVE,7,3
870,REMOVE,7,6
870,REMOVE,7,8
870,REMOVE,8,6
871,ADD,0,8
871,ADD,1,2
871,ADD,1,7
871,ADD,3,0
871,ADD,3,1
871,ADD,4,2
871,ADD,4,7
871,ADD,5,4
871,ADD,5,6
871,ADD,6,3
871,ADD,7,0
871,ADD,7,6
871,ADD,8,0
871,ADD,8,1
871,REMOVE,1,6
871,REMOVE,1,9
871,REMOVE,2,3
871,REMOVE,2,7
871,REMOVE,2,8
871,REMOVE,3,6
871,REMOVE,4,1
871,REMOVE,4,9
871,REMOVE,6,9
871,REMOVE,7,2
871,REMOVE,8,3
871,REMOVE,8,5
872,ADD,0,5
872,ADD,0,6
872,ADD,1,8
872,ADD,2,2
872,ADD,2,7
872,ADD,2,8
872,ADD,3,2
872,ADD,5,1
872,ADD,5,2
872,ADD,5,5
872,ADD,6,8
872,ADD,7,8
872,ADD,8,2
872,REMOVE,0,2
872,REMOVE,0,8
872,REMOVE,3,0
872,REMOVE,3,1
872,REMOVE,4,2
872,REMOVE,5,4
872,REMOVE,6,7
872,REMOVE,7,6
872,REMOVE,8,0
872,REMOVE,8,1
873,ADD,0,2
873,ADD,0,3
873,ADD,1,5
873,ADD,1,9
873,ADD,2,0
873,ADD,2,6
873,ADD,3,6
873,ADD,3,9
873,ADD,4,2
873,ADD,5,7
873,ADD,6,0
873,ADD,6,6
873,ADD,6,7
873,ADD,7,9
873,ADD,8,8
873,ADD,8,9
873,REMOVE,0,5
873,REMOVE,0,6
873,REMOVE,1,2
873,REMOVE,1,8
873,REMOVE,2,2
873,REMOVE,2,8
873,REMOVE,3,2
873,REMOVE,3,7
873,REMOVE,4,8
873,REMOVE,5,1
873,REMOVE,5,5
873,REMOVE,5,6
873,REMOVE,6,2
873,REMOVE,6,3
873,REMOVE,6,8
873,REMOVE,7,0
873,REMOVE,7,8
873,REMOVE,8,2
873,REMOVE,8,7
874,ADD,0,5
874,ADD,0,6
874,ADD,1,0
874,ADD,1,6
874,ADD,2,9
874,ADD,3,4
874,ADD,3,8
874,ADD,4,3
874,ADD,4,6
874,ADD,4,8
874,ADD,6,1
874,ADD,6,2
874,ADD,7,2
874,ADD,7,8
874,REMOVE,0,2
874,REMOVE,0,3
874,REMOVE,1,5
874,REMOVE,1,9
874,REMOVE,2,0
874,REMOVE,3,6
874,REMOVE,3,9
874,REMOVE,4,2
874,REMOVE,4,7
874,REMOVE,6,0
874,REMOVE,6,6
874,REMOVE,7,9
874,REMOVE,8,8
874,REMOVE,8,9
875,ADD,0,2
875,ADD,1,2
875,ADD,1,3
875,ADD,2,2
875,ADD,2,4
875,ADD,2,5
875,ADD,3,7
875,ADD,4,2
875,ADD,4,5
875,ADD,5,9
875,ADD,7,3
875,ADD,8,7
875,ADD,8,8
875,REMOVE,0,6
875,REMOVE,0,7
875,REMOVE,1,0
875,REMOVE,1,6
875,REMOVE,2,6
875,REMOVE,2,7
875,REMOVE,2,9
875,REMOVE,3,4
875,REMOVE,4,3
875,REMOVE,4,6
875,REMOVE,4,8
875,REMOVE,5,2
875,REMOVE,6,1
875,REMOVE,7,7
876,ADD,0,8
876,ADD,1,4
876,ADD,1,9
876,ADD,2,6
876,ADD,2,8
876,ADD,3,6
876,ADD,3,9
876,ADD,4,7
876,ADD,4,9
876,ADD,5,3
876,ADD,6,5
876,ADD,6,8
876,ADD,7,1
876,ADD,7,5
876,REMOVE,0,5
876,REMOVE,1,2
876,REMOVE,1,3
876,REMOVE,1,7
876,REMOVE,2,2
876,REMOVE,2,4
876,REMOVE,3,7
876,REMOVE,3,8
876,REMOVE,4,2
876,REMOVE,4,5
876,REMOVE,5,7
876,REMOVE,6,2
876,REMOVE,7,2
876,REMOVE,7,3
877,ADD,0,4
877,ADD,0,6
877,ADD,1,0
877,ADD,1,2
877,ADD,1,6
877,ADD,2,7
877,ADD,3,4
877,ADD,3,7
877,ADD,4,2
877,ADD,4,8
877,ADD,5,7
877,ADD,5,8
877,ADD,6,2
877,ADD,6,4
877,ADD,7,0
877,ADD,8,1
877,REMOVE,0,2
877,REMOVE,0,8
877,REMOVE,1,4
877,REMOVE,1,9
877,REMOVE,2,8
877,REMOVE,3,6
877,REMOVE,3,9
877,REMOVE,4,7
877,REMOVE,4,9
877,REMOVE,5,3
877,REMOVE,5,9
877,REMOVE,6,5
877,REMOVE,6,7
877,REMOVE,6,8
877,REMOVE,7,1
877,REMOVE,7,8
877,REMOVE,8,7
878,ADD,0,2
878,ADD,0,7
878,ADD,0,8
878,ADD,2,0
878,ADD,3,8
878,ADD,4,9
878,ADD,5,3
878,ADD,6,7
878,ADD,6,8
878,ADD,7,7
878,ADD,7,8
878,ADD,8,5
878,ADD,8,7
878,REMOVE,0,4
878,REMOVE,0,6
878,REMOVE,1,0
878,REMOVE,1,2
878,REMOVE,1,6
878,REMOVE,2,5
878,REMOVE,3,7
878,REMOVE,5,7
878,REMOVE,6,2
878,REMOVE,6,4
878,REMOVE,7,0
878,REMOVE,8,1
879,ADD,1,6
879,ADD,1,7
879,ADD,2,8
879,ADD,3,2
879,ADD,4,5
879,ADD,4,6
879,ADD,4,7
879,ADD,5,2
879,ADD,8,9
879,REMOVE,0,8
879,REMOVE,2,0
879,REMOVE,2,6
879,REMOVE,3,8
879,REMOVE,4,2
879,REMOVE,4,8
879,REMOVE,4,9
879,REMOVE,5,8
879,REMOVE,8,5
879,REMOVE,8,8
880,ADD,1,2
880,ADD,1,3
880,ADD,2,5
880,ADD,2,9
880,ADD,3,7
880,ADD,3,8
880,ADD,4,0
880,ADD,5,4
880,ADD,7,2
880,ADD,8,0
880,ADD,8,8
880,REMOVE,1,6
880,REMOVE,2,7
880,REMOVE,3,2
880,REMOVE,3,4
880,REMOVE,4,5
880,REMOVE,5,3
880,REMOVE,7,5
880,REMOVE,8,9
881,ADD,0,0
881,ADD,0,1
881,ADD,0,8
881,ADD,1,0
881,ADD,1,1
881,ADD,2,2
881,ADD,2,7
881,ADD,3,1
881,ADD,3,9
881,ADD,4,3
881,ADD,4,8
881,ADD,5,7
881,ADD,5,8
881,ADD,6,2
881,ADD,7,3
881,ADD,8,2
881,ADD,8,5
881,ADD,8,6
881,REMOVE,0,2
881,REMOVE,0,7
881,REMOVE,1,2
881,REMOVE,1,7
881,REMOVE,2,5
881,REMOVE,2,9
881,REMOVE,3,7
881,REMOVE,3,8
881,REMOVE,4,0
881,REMOVE,4,6
881,REMOVE,5,2
881,REMOVE,5,4
881,REMOVE,7,7
881,REMOVE,7,8
881,REMOVE,8,0
881,REMOVE,8,7
881,REMOVE,8,8
882,ADD,0,3
882,ADD,0,4
882,ADD,0,7
882,ADD,1,5
882,ADD,1,7
882,ADD,1,8
882,ADD,3,0
882,ADD,3,5
882,ADD,4,2
882,ADD,4,9
882,ADD,5,6
882,ADD,5,9
882,ADD,7,5
882,ADD,7,6
882,ADD,7,7
882,ADD,8,7
882,ADD,8,9
882,REMOVE,0,1
882,REMOVE,0,8
882,REMOVE,1,0
882,REMOVE,1,1
882,REMOVE,1,3
882,REMOVE,2,8
882,REMOVE,3,1
882,REMOVE,3,9
882,REMOVE,4,3
882,REMOVE,4,7
882,REMOVE,5,7
882,REMOVE,5,8
882,REMOVE,7,2
882,REMOVE,7,3
882,REMOVE,8,2
882,REMOVE,8,5
882,REMOVE,8,6
883,ADD,0,2
883,ADD,2,5
883,ADD,2,6
883,ADD,3,4
883,ADD,3,7
883,ADD,4,0
883,ADD,4,1
883,ADD,5,7
883,ADD,7,8
883,REMOVE,0,3
883,REMOVE,0,4
883,REMOVE,2,2
883,REMOVE,3,0
883,REMOVE,3,5
883,REMOVE,4,2
883,REMOVE,4,9
883,REMOVE,5,6
883,REMOVE,7,5
883,REMOVE,7,6
883,REMOVE,8,7
883,REMOVE,8,9
884,ADD,0,8
884,ADD,1,6
884,ADD,2,2
884,ADD,3,8
884,ADD,4,2
884,ADD,4,7
884,ADD,5,3
884,ADD,6,6
884,ADD,7,0
884,ADD,7,6
884,ADD,8,2
884,ADD,8,8
884,REMOVE,0,0
884,REMOVE,1,5
884,REMOVE,1,8
884,REMOVE,2,6
884,REMOVE,3,4
884,REMOVE,4,0
884,REMOVE,4,1
884,REMOVE,4,8
884,REMOVE,5,7
884,REMOVE,6,2
884,REMOVE,6,8
884,REMOVE,7,8
885,ADD,1,9
885,ADD,2,8
885,ADD,5,2
885,ADD,5,7
885,ADD,6,9
885,ADD,7,4
885,ADD,7,9
885,ADD,8,0
885,ADD,8,4
885,REMOVE,1,6
885,REMOVE,2,5
885,REMOVE,5,3
885,REMOVE,5,9
885,REMOVE,7,0
885,REMOVE,7,6
885,REMOVE,8,8
886,ADD,0,9
886,ADD,3,2
886,ADD,4,3
886,ADD,4,8
886,ADD,5,8
886,ADD,6,0
886,ADD,6,8
886,ADD,7,5
886,ADD,7,8
886,ADD,8,3
886,ADD,8,7
886,REMOVE,0,2
886,REMOVE,3,7
886,REMOVE,4,2
886,REMOVE,5,2
886,REMOVE,6,6
886,REMOVE,6,9
886,REMOVE,7,4
886,REMOVE,7,9
886,REMOVE,8,0
886,REMOVE,8,4
887,ADD,0,2
887,ADD,1,6
887,ADD,2,0
887,ADD,2,6
887,ADD,3,7
887,ADD,4,2
887,ADD,4,5
887,ADD,4,6
887,ADD,5,2
887,ADD,6,2
887,ADD,7,3
887,REMOVE,0,8
887,REMOVE,2,2
887,REMOVE,2,8
887,REMOVE,3,2
887,REMOVE,4,3
887,REMOVE,4,7
887,REMOVE,4,8
887,REMOVE,5,8
887,REMOVE,6,0
887,REMOVE,6,8
887,REMOVE,7,5
887,REMOVE,8,3
888,ADD,0,8
888,ADD,1,2
888,ADD,2,3
888,ADD,2,9
888,ADD,3,9
888,ADD,4,0
888,ADD,5,8
888,ADD,6,3
888,ADD,7,2
888,ADD,8,3
888,ADD,8,8
888,REMOVE,0,9
888,REMOVE,1,6
888,REMOVE,1,7
888,REMOVE,2,0
888,REMOVE,2,6
888,REMOVE,2,7
888,REMOVE,3,7
888,REMOVE,4,2
888,REMOVE,4,6
888,REMOVE,5,7
888,REMOVE,7,3
888,REMOVE,8,2
888,REMOVE,8,7
889,ADD,0,0
889,ADD,0,6
889,ADD,1,5
889,ADD,1,7
889,ADD,1,8
889,ADD,2,6
889,ADD,2,8
889,ADD,3,3
889,ADD,3,7
889,ADD,4,2
889,ADD,4,6
889,ADD,6,9
889,ADD,7,5
889,ADD,7,6
889,ADD,8,6
889,ADD,8,7
889,REMOVE,0,2
889,REMOVE,0,8
889,REMOVE,1,2
889,REMOVE,1,9
889,REMOVE,2,9
889,REMOVE,3,9
889,REMOVE,4,0
889,REMOVE,5,2
889,REMOVE,5,8
889,REMOVE,6,3
889,REMOVE,7,2
889,REMOVE,7,8
889,REMOVE,8,3
889,REMOVE,8,8
890,ADD,0,2
890,ADD,0,8
890,ADD,1,2
890,ADD,1,4
890,ADD,2,5
890,ADD,2,9
890,ADD,4,0
890,ADD,4,7
890,ADD,5,4
890,ADD,5,8
890,ADD,6,8
890,ADD,7,0
890,ADD,8,3
890,ADD,8,9
890,REMOVE,0,0
890,REMOVE,0,6
890,REMOVE,0,7
890,REMOVE,1,5
890,REMOVE,1,7
890,REMOVE,1,8
890,REMOVE,2,3
890,REMOVE,2,6
890,REMOVE,3,3
890,REMOVE,4,2
890,REMOVE,4,5
890,REMOVE,6,2
890,REMOVE,6,9
890,REMOVE,7,6
890,REMOVE,7,7
890,REMOVE,8,6
890,REMOVE,8,7
891,ADD,0,7
891,ADD,1,3
891,ADD,1,7
891,ADD,2,0
891,ADD,3,1
891,ADD,3,6
891,ADD,4,2
891,ADD,4,8
891,ADD,5,2
891,ADD,6,2
891,ADD,7,7
891,ADD,7,8
891,REMOVE,1,4
891,REMOVE,2,8
891,REMOVE,2,9
891,REMOVE,3,7
891,REMOVE,3,8
891,REMOVE,4,0
891,REMOVE,4,6
891,REMOVE,4,7
891,REMOVE,5,8
891,REMOVE,6,7
891,REMOVE,7,0
891,REMOVE,7,5
891,REMOVE,8,3
891,REMOVE,8,9
892,ADD,2,4
892,ADD,2,8
892,ADD,3,7
892,ADD,3,8
892,ADD,4,0
892,ADD,4,3
892,ADD,4,7
892,ADD,5,0
892,ADD,5,5
892,ADD,6,6
892,ADD,6,7
892,ADD,7,0
892,ADD,7,6
892,ADD,8,2
892,ADD,8,7
892,ADD,8,8
892,REMOVE,1,3
892,REMOVE,2,0
892,REMOVE,2,5
892,REMOVE,3,1
892,REMOVE,3,6
892,REMOVE,4,2
892,REMOVE,4,8
892,REMOVE,5,2
892,REMOVE,5,4
892,REMOVE,6,8
892,REMOVE,7,8
893,ADD,0,9
893,ADD,1,8
893,ADD,2,1
893,ADD,2,2
893,ADD,2,7
893,ADD,3,2
893,ADD,3,4
893,ADD,4,5
893,ADD,4,8
893,ADD,5,6
893,ADD,5,7
893,ADD,6,0
893,ADD,6,1
893,ADD,7,2
893,ADD,7,8
893,ADD,7,9
893,ADD,8,1
893,ADD,8,6
893,REMOVE,0,8
893,REMOVE,1,2
893,REMOVE,2,4
893,REMOVE,2,8
893,REMOVE,3,7
893,REMOVE,3,8
893,REMOVE,4,0
893,REMOVE,4,3
893,REMOVE,5,0
893,REMOVE,6,2
893,REMOVE,6,6
893,REMOVE,7,0
893,REMOVE,7,6
893,REMOVE,7,7
893,REMOVE,8,2
893,REMOVE,8,7
893,REMOVE,8,8
894,ADD,0,8
894,ADD,1,5
894,ADD,3,1
894,ADD,5,0
894,ADD,6,8
894,ADD,8,0
894,ADD,8,3
894,REMOVE,1,8
894,REMOVE,2,1
895,ADD,1,6
895,ADD,2,8
895,ADD,8,7
895,REMOVE,0,9
895,REMOVE,3,1
896,ADD,0,0
896,ADD,0,4
896,ADD,2,3
896,ADD,3,9
896,REMOVE,0,7
896,REMOVE,0,8
896,REMOVE,2,8
897,ADD,0,1
897,ADD,0,7
897,ADD,0,8
897,ADD,1,3
897,ADD,2,0
897,ADD,3,5
897,ADD,3,8
897,ADD,4,6
897,REMOVE,0,2
897,REMOVE,1,5
897,REMOVE,1,6
897,REMOVE,2,2
898,ADD,0,5
898,ADD,1,9
898,ADD,2,1
898,ADD,2,2
898,ADD,7,7
898,REMOVE,0,0
898,REMOVE,1,3
898,REMOVE,2,3
898,REMOVE,3,5
899,ADD,1,8
899,ADD,2,6
899,REMOVE,0,4
899,REMOVE,2,1
899,REMOVE,2,7
900,ADD,0,2
900,ADD,2,9
900,ADD,3,7
900,REMOVE,0,8
900,REMOVE,3,8
900,REMOVE,3,9
901,ADD,0,8
901,REMOVE,0,7
901,REMOVE,1,7
901,REMOVE,2,0
902,ADD,0,9
902,ADD,1,0
902,ADD,1,7
902,ADD,2,7
902,ADD,3,9
902,REMOVE,0,1
902,REMOVE,1,9
902,REMOVE,2,2
902,REMOVE,2,6
903,ADD,1,9
903,ADD,2,2
903,ADD,2,5
903,REMOVE,0,5
903,REMOVE,1,0
903,REMOVE,1,8
904,ADD,1,8
904,ADD,2,8
904,REMOVE,1,9
904,REMOVE,2,2
904,REMOVE,2,5
905,ADD,1,2
905,ADD,2,5
905,REMOVE,0,9
905,REMOVE,1,8
905,REMOVE,2,8
906,ADD,0,9
906,ADD,2,2
906,ADD,3,8
906,ADD,4,9
906,REMOVE,2,9
906,REMOVE,3,9
906,REMOVE,4,5
907,ADD,0,7
907,ADD,1,3
907,ADD,1,5
907,ADD,4,5
907,REMOVE,0,8
907,REMOVE,1,2
907,REMOVE,2,5
907,REMOVE,3,4
908,ADD,1,8
908,ADD,2,3
908,ADD,3,9
908,REMOVE,1,3
908,REMOVE,3,7
908,REMOVE,4,5
908,REMOVE,4,7
909,ADD,0,3
909,ADD,1,0
909,ADD,1,6
909,ADD,2,9
909,ADD,4,5
909,REMOVE,0,9
909,REMOVE,1,5
909,REMOVE,1,8
909,REMOVE,2,3
910,ADD,0,9
910,ADD,1,8
910,REMOVE,0,2
910,REMOVE,0,3
910,REMOVE,1,0
910,REMOVE,1,6
911,ADD,0,2
911,ADD,2,8
911,ADD,3,7
911,REMOVE,0,9
911,REMOVE,2,7
911,REMOVE,3,2
912,ADD,0,9
912,ADD,3,5
912,REMOVE,1,7
912,REMOVE,1,8
912,REMOVE,3,9
913,ADD,0,0
913,ADD,0,4
913,ADD,1,0
913,ADD,1,2
913,ADD,1,4
913,ADD,3,2
913,ADD,4,7
913,REMOVE,0,7
913,REMOVE,3,7
913,REMOVE,4,5
914,ADD,0,8
914,ADD,1,1
914,ADD,1,8
914,ADD,2,7
914,ADD,3,9
914,ADD,4,5
914,REMOVE,0,0
914,REMOVE,1,0
914,REMOVE,1,2
914,REMOVE,2,8
915,ADD,0,7
915,ADD,1,7
915,REMOVE,0,2
915,REMOVE,1,8
915,REMOVE,4,5
916,ADD,0,5
916,ADD,1,8
916,ADD,4,5
916,REMOVE,0,8
916,REMOVE,1,1
916,REMOVE,1,7
917,ADD,1,7
917,REMOVE,0,9
917,REMOVE,1,4
918,ADD,0,8
918,REMOVE,0,5
918,REMOVE,0,7
918,REMOVE,1,7
918,REMOVE,1,8
919,ADD,0,9
919,ADD,1,1
919,ADD,1,2
919,ADD,1,8
919,REMOVE,0,4
919,REMOVE,2,2
919,REMOVE,2,7
919,REMOVE,2,9
920,ADD,0,0
920,ADD,0,2
920,ADD,0,7
920,ADD,1,7
920,REMOVE,0,8
920,REMOVE,1,1
920,REMOVE,1,8
920,REMOVE,5,5
921,ADD,1,6
921,ADD,2,1
921,ADD,2,2
921,ADD,2,7
921,ADD,5,8
921,ADD,9,6
921,ADD,9,8
921,REMOVE,1,2
921,REMOVE,4,5
922,ADD,1,5
922,ADD,1,9
922,ADD,2,3
922,ADD,2,6
922,ADD,4,5
922,REMOVE,1,6
922,REMOVE,2,1
922,REMOVE,2,7
923,ADD,1,2
923,ADD,2,0
923,ADD,2,7
923,REMOVE,1,5
923,REMOVE,1,9
923,REMOVE,2,3
924,ADD,0,8
924,ADD,1,3
924,ADD,2,8
924,REMOVE,0,0
924,REMOVE,0,7
924,REMOVE,2,0
924,REMOVE,2,6
925,ADD,0,7
925,ADD,1,8
925,ADD,2,9
925,REMOVE,0,8
925,REMOVE,1,2
925,REMOVE,1,3
925,REMOVE,2,7
926,ADD,1,9
926,ADD,2,7
926,ADD,3,7
926,REMOVE,2,2
926,REMOVE,2,8
926,REMOVE,3,2
927,ADD,0,8
927,ADD,2,1
927,ADD,3,6
927,REMOVE,2,7
927,REMOVE,3,8
927,REMOVE,3,9
928,ADD,2,2
928,ADD,2,8
928,ADD,3,9
928,REMOVE,1,8
928,REMOVE,2,1
928,REMOVE,3,5
929,ADD,1,2
929,ADD,2,7
929,ADD,3,5
929,ADD,9,5
929,REMOVE,0,8
929,REMOVE,1,9
929,REMOVE,2,2
930,ADD,0,0
930,ADD,1,6
930,ADD,2,5
930,REMOVE,1,2
930,REMOVE,2,9
931,ADD,0,3
931,ADD,1,5
931,ADD,3,8
931,REMOVE,0,0
931,REMOVE,0,7
931,REMOVE,1,6
932,ADD,0,8
932,ADD,1,8
932,REMOVE,0,3
932,REMOVE,0,9
932,REMOVE,1,5
932,REMOVE,2,5
933,ADD,0,9
933,ADD,1,9
933,ADD,9,9
933,REMOVE,3,6
933,REMOVE,4,5
934,ADD,1,5
934,ADD,2,6
934,REMOVE,1,9
934,REMOVE,2,7
935,ADD,2,5
935,ADD,3,2
935,ADD,4,5
935,REMOVE,1,5
935,REMOVE,3,8
936,ADD,0,7
936,ADD,1,2
936,ADD,3,8
936,ADD,5,9
936,REMOVE,0,9
936,REMOVE,1,8
936,REMOVE,3,5
936,REMOVE,3,7
937,ADD,1,1
937,ADD,2,2
937,ADD,3,7
937,REMOVE,1,2
937,REMOVE,2,6
937,REMOVE,3,8
938,ADD,0,9
938,ADD,1,8
938,REMOVE,0,7
938,REMOVE,2,2
938,REMOVE,2,5
938,REMOVE,2,8
939,ADD,1,9
939,REMOVE,0,8
939,REMOVE,1,1
939,REMOVE,1,7
940,ADD,0,0
940,ADD,1,0
940,ADD,1,7
940,REMOVE,0,9
940,REMOVE,1,8
940,REMOVE,1,9
940,REMOVE,3,9
941,ADD,1,6
941,REMOVE,0,0
941,REMOVE,0,2
941,REMOVE,3,2
941,REMOVE,3,7
942,ADD,0,5
942,ADD,0,6
942,ADD,0,7
942,ADD,3,2
942,ADD,3,7
942,ADD,3,8
942,REMOVE,1,0
943,ADD,0,8
943,ADD,0,9
943,ADD,1,8
943,ADD,3,9
943,REMOVE,0,7
943,REMOVE,1,6
943,REMOVE,3,7
944,ADD,0,7
944,ADD,1,2
944,REMOVE,0,5
944,REMOVE,0,6
944,REMOVE,0,9
944,REMOVE,1,8
945,ADD,0,2
945,ADD,1,8
945,ADD,4,2
945,REMOVE,3,9
945,REMOVE,4,6
945,REMOVE,4,7
946,ADD,0,9
946,ADD,3,9
946,REMOVE,0,8
946,REMOVE,1,8
946,REMOVE,3,8
947,ADD,0,8
947,ADD,1,3
947,ADD,2,7
947,ADD,2,8
947,ADD,4,7
947,REMOVE,0,7
947,REMOVE,0,9
947,REMOVE,4,2
947,REMOVE,4,9
948,ADD,0,9
948,ADD,1,9
948,ADD,3,8
948,ADD,4,6
948,REMOVE,1,3
948,REMOVE,2,7
948,REMOVE,2,8
948,REMOVE,4,7
949,ADD,0,7
949,ADD,1,8
949,ADD,3,0
949,ADD,3,3
949,ADD,4,9
949,REMOVE,0,8
949,REMOVE,1,7
949,REMOVE,3,8
949,REMOVE,4,5
950,ADD,1,7
950,ADD,3,8
950,ADD,4,2
950,REMOVE,1,8
950,REMOVE,3,0
950,REMOVE,3,3
950,REMOVE,4,6
951,ADD,1,8
951,ADD,2,4
951,ADD,2,8
951,ADD,3,5
951,ADD,3,7
951,REMOVE,1,7
951,REMOVE,3,2
951,REMOVE,3,9
952,ADD,4,7
952,REMOVE,0,9
952,REMOVE,2,4
952,REMOVE,2,8
953,ADD,0,8
953,ADD,2,7
953,ADD,2,8
953,REMOVE,0,7
953,REMOVE,4,2
954,ADD,0,9
954,ADD,1,7
954,REMOVE,2,7
954,REMOVE,2,8
954,REMOVE,3,5
955,ADD,1,0
955,ADD,1,6
955,ADD,2,6
955,ADD,2,8
955,ADD,3,5
955,REMOVE,0,9
955,REMOVE,1,7
955,REMOVE,1,8
956,ADD,0,7
956,ADD,1,8
956,REMOVE,1,6
956,REMOVE,2,6
956,REMOVE,2,8
956,REMOVE,3,5
957,ADD,0,9
957,ADD,1,5
957,ADD,4,5
957,REMOVE,0,8
957,REMOVE,1,0
957,REMOVE,1,2
957,REMOVE,3,7
958,ADD,0,8
958,ADD,1,7
958,ADD,2,7
958,ADD,2,9
958,REMOVE,3,8
958,REMOVE,4,5
958,REMOVE,5,0
959,ADD,0,5
959,ADD,1,2
959,ADD,5,5
959,REMOVE,0,2
959,REMOVE,0,9
959,REMOVE,1,5
959,REMOVE,1,9
960,ADD,0,9
960,ADD,2,8
960,ADD,3,1
960,ADD,3,9
960,ADD,4,2
960,REMOVE,1,2
960,REMOVE,2,9
960,REMOVE,4,8
961,ADD,1,2
961,REMOVE,0,5
961,REMOVE,0,8
961,REMOVE,1,7
962,ADD,0,8
962,ADD,1,9
962,REMOVE,2,7
962,REMOVE,2,8
962,REMOVE,3,1
962,REMOVE,3,9
963,ADD,0,0
963,ADD,1,7
963,ADD,2,2
963,ADD,2,3
963,ADD,3,2
963,ADD,3,5
963,ADD,4,8
963,REMOVE,1,2
963,REMOVE,4,7
963,REMOVE,5,7
964,ADD,0,2
964,ADD,2,9
964,ADD,3,8
964,REMOVE,0,0
964,REMOVE,0,7
964,REMOVE,2,3
965,ADD,0,7
965,ADD,1,5
965,ADD,2,8
965,ADD,3,9
965,ADD,5,7
965,REMOVE,0,9
965,REMOVE,1,9
965,REMOVE,2,2
965,REMOVE,3,8
966,ADD,0,3
966,ADD,2,6
966,ADD,3,8
966,ADD,4,0
966,REMOVE,0,7
966,REMOVE,2,9
966,REMOVE,3,9
967,ADD,0,9
967,ADD,1,6
967,ADD,2,9
967,ADD,3,9
967,REMOVE,0,2
967,REMOVE,0,8
967,REMOVE,1,7
967,REMOVE,2,6
968,ADD,0,6
968,ADD,0,8
968,ADD,1,7
968,ADD,2,7
968,REMOVE,0,3
968,REMOVE,1,5
968,REMOVE,1,6
968,REMOVE,2,9
969,ADD,0,2
969,ADD,0,7
969,ADD,1,2
969,ADD,2,2
969,ADD,2,6
969,ADD,9,7
969,REMOVE,0,6
969,REMOVE,0,9
969,REMOVE,1,7
969,REMOVE,2,8
970,ADD,0,9
970,ADD,1,9
970,ADD,2,3
970,REMOVE,0,7
970,REMOVE,2,6
970,REMOVE,3,9
970,REMOVE,4,0
971,ADD,0,7
971,ADD,1,7
971,ADD,2,8
971,ADD,4,7
971,REMOVE,1,8
971,REMOVE,1,9
971,REMOVE,2,2
971,REMOVE,4,9
972,ADD,1,9
972,ADD,3,9
972,REMOVE,0,9
972,REMOVE,2,3
972,REMOVE,2,7
973,ADD,0,3
973,ADD,1,8
973,REMOVE,0,8
973,REMOVE,1,7
973,REMOVE,2,8
974,ADD,3,7
974,REMOVE,3,2
974,REMOVE,3,5
975,ADD,0,0
975,ADD,0,9
975,ADD,2,2
975,ADD,2,9
975,REMOVE,0,2
975,REMOVE,0,7
975,REMOVE,3,7
976,REMOVE,0,0
976,REMOVE,0,3
976,REMOVE,0,9
976,REMOVE,1,2
977,ADD,0,1
977,ADD,0,9
977,ADD,1,0
977,ADD,1,2
977,ADD,3,2
977,ADD,3,7
977,ADD,4,9
977,REMOVE,2,2
977,REMOVE,2,9
977,REMOVE,3,8
977,REMOVE,4,7
978,ADD,1,1
978,ADD,2,2
978,ADD,2,5
978,REMOVE,0,1
978,REMOVE,0,9
978,REMOVE,1,8
979,ADD,1,8
979,ADD,2,6
979,ADD,2,9
979,REMOVE,1,0
979,REMOVE,1,1
979,REMOVE,1,9
979,REMOVE,2,5
980,ADD,1,9
980,ADD,2,8
980,REMOVE,2,6
980,REMOVE,2,9
981,REMOVE,1,9
981,REMOVE,2,2
981,REMOVE,2,8
981,REMOVE,3,2
982,ADD,0,2
982,ADD,0,9
982,ADD,1,7
982,ADD,2,1
982,ADD,2,9
982,REMOVE,1,8
982,REMOVE,3,7
982,REMOVE,3,9
983,ADD,1,8
983,ADD,4,7
983,REMOVE,0,2
983,REMOVE,0,9
983,REMOVE,1,7
983,REMOVE,2,1
984,ADD,1,7
984,ADD,2,4
984,ADD,2,5
984,ADD,2,8
984,ADD,3,3
984,ADD,3,9
984,ADD,4,3
984,REMOVE,2,9
984,REMOVE,4,8
984,REMOVE,4,9
985,ADD,1,9
985,ADD,3,8
985,ADD,4,9
985,REMOVE,1,7
985,REMOVE,2,4
985,REMOVE,2,5
985,REMOVE,2,8
986,ADD,2,2
986,ADD,2,9
986,ADD,3,2
986,ADD,3,7
986,REMOVE,3,3
986,REMOVE,3,8
986,REMOVE,3,9
987,ADD,0,7
987,ADD,0,9
987,ADD,1,3
987,REMOVE,1,8
987,REMOVE,2,2
987,REMOVE,2,9
988,ADD,1,7
988,REMOVE,0,7
988,REMOVE,0,9
988,REMOVE,1,3
988,REMOVE,3,2
989,ADD,2,2
989,ADD,2,5
989,ADD,2,9
989,ADD,3,9
989,ADD,4,8
989,REMOVE,1,9
989,REMOVE,4,3
989,REMOVE,4,7
989,REMOVE,5,5
990,ADD,0,1
990,ADD,0,3
990,ADD,0,5
990,ADD,2,8
990,ADD,5,5
990,REMOVE,2,2
990,REMOVE,2,9
990,REMOVE,3,7
990,REMOVE,3,9
991,ADD,0,4
991,ADD,0,7
991,ADD,1,6
991,REMOVE,0,1
991,REMOVE,1,2
992,ADD,0,9
992,ADD,1,2
992,ADD,2,7
992,ADD,3,2
992,ADD,3,8
992,REMOVE,0,3
992,REMOVE,0,5
992,REMOVE,1,6
992,REMOVE,2,5
993,ADD,0,5
993,ADD,0,6
993,ADD,1,9
993,ADD,2,2
993,ADD,3,9
993,ADD,4,0
993,REMOVE,0,9
993,REMOVE,1,2
993,REMOVE,4,8
993,REMOVE,5,5
994,ADD,0,9
994,ADD,1,2
994,ADD,1,8
994,ADD,2,9
994,ADD,3,7
994,ADD,4,8
994,REMOVE,0,4
994,REMOVE,0,5
994,REMOVE,0,6
994,REMOVE,2,7
995,ADD,5,5
995,REMOVE,1,2
995,REMOVE,1,8
996,ADD,0,8
996,REMOVE,0,9
996,REMOVE,2,2
996,REMOVE,2,8
997,ADD,0,9
997,ADD,1,5
997,ADD,1,8
997,ADD,2,4
997,ADD,2,8
997,REMOVE,0,7
997,REMOVE,1,9
997,REMOVE,2,9
998,ADD,0,7
998,ADD,1,9
998,ADD,2,2
998,ADD,2,3
998,ADD,2,9
998,REMOVE,0,9
998,REMOVE,1,7
998,REMOVE,2,4
998,REMOVE,2,8
999,ADD,0,5
999,ADD,1,7
999,ADD,2,8
999,REMOVE,1,9
999,REMOVE,2,2
999,REMOVE,3,8
1000,REMOVE,2,3
1000,REMOVE,2,8
1000,REMOVE,2,9
1001,ADD,2,2
1001,ADD,2,9
1001,REMOVE,0,5
1001,REMOVE,0,7
1001,REMOVE,0,8
1002,ADD,1,3
1002,ADD,2,8
1002,REMOVE,1,8
1002,REMOVE,2,9
1002,REMOVE,4,0
1003,ADD,1,1
1003,ADD,2,9
1003,REMOVE,1,3
1003,REMOVE,2,2
1003,REMOVE,3,9
1004,ADD,0,4
1004,ADD,0,8
1004,ADD,1,2
1004,ADD,3,9
1004,REMOVE,1,5
1004,REMOVE,2,8
1004,REMOVE,2,9
1005,ADD,0,2
1005,ADD,0,9
1005,ADD,2,4
1005,ADD,2,8
1005,ADD,4,7
1005,REMOVE,0,4
1005,REMOVE,4,2
1005,REMOVE,5,5
1006,ADD,0,5
1006,ADD,1,8
1006,ADD,2,9
1006,ADD,4,5
1006,ADD,5,5
1006,REMOVE,0,2
1006,REMOVE,1,7
1006,REMOVE,3,7
1007,ADD,0,7
1007,ADD,2,5
1007,ADD,3,8
1007,REMOVE,0,9
1007,REMOVE,1,1
1007,REMOVE,2,4
1007,REMOVE,2,9
1008,ADD,0,9
1008,ADD,1,9
1008,ADD,2,9
1008,REMOVE,0,5
1008,REMOVE,2,5
1009,ADD,0,5
1009,ADD,1,7
1009,REMOVE,1,2
1009,REMOVE,1,8
1010,ADD,1,5
1010,ADD,1,8
1010,REMOVE,0,5
1010,REMOVE,0,9
1010,REMOVE,2,8
1011,ADD,0,2
1011,ADD,2,0
1011,ADD,2,7
1011,ADD,4,2
1011,REMOVE,1,5
1011,REMOVE,2,9
1011,REMOVE,4,5
1011,REMOVE,4,7
1012,ADD,0,9
1012,ADD,1,4
1012,ADD,2,8
1012,REMOVE,0,7
1012,REMOVE,1,8
1012,REMOVE,2,0
1013,ADD,0,7
1013,ADD,1,2
1013,ADD,3,7
1013,ADD,4,7
1013,REMOVE,1,4
1013,REMOVE,2,7
1013,REMOVE,2,8
1013,REMOVE,3,2
1014,ADD,1,8
1014,ADD,2,7
1014,ADD,2,9
1014,REMOVE,1,9
1014,REMOVE,4,2
1015,ADD,3,5
1015,ADD,4,5
1015,REMOVE,0,7
1015,REMOVE,1,8
1015,REMOVE,2,7
1016,ADD,1,8
1016,ADD,2,8
1016,REMOVE,1,7
1016,REMOVE,3,8
1017,ADD,0,7
1017,ADD,1,9
1017,ADD,3,8
1017,REMOVE,0,9
1017,REMOVE,3,5
1017,REMOVE,3,9
1018,ADD,0,9
1018,ADD,2,7
1018,ADD,3,2
1018,REMOVE,0,7
1018,REMOVE,2,9
1018,REMOVE,4,5
1019,ADD,0,7
1019,ADD,1,7
1019,ADD,3,9
1019,ADD,4,5
1019,REMOVE,1,9
1019,REMOVE,2,7
1019,REMOVE,2,8
1019,REMOVE,3,7
1020,ADD,2,7
1020,ADD,2,9
1020,ADD,3,7
1020,REMOVE,0,7
1020,REMOVE,4,9
1021,ADD,1,9
1021,ADD,2,8
1021,ADD,4,9
1021,REMOVE,1,7
1021,REMOVE,2,9
1021,REMOVE,3,7
1022,REMOVE,2,7
1022,REMOVE,2,8
1023,ADD,2,6
1023,ADD,2,9
1023,REMOVE,0,2
1024,ADD,0,2
1024,REMOVE,2,6
1024,REMOVE,2,9
1025,ADD,1,7
1025,ADD,2,2
1025,ADD,2,9
1025,REMOVE,1,8
1025,REMOVE,4,5
1026,ADD,0,0
1026,ADD,0,7
1026,ADD,2,7
1026,ADD,3,0
1026,ADD,3,1
1026,REMOVE,0,8
1026,REMOVE,2,9
1026,REMOVE,3,8
1027,ADD,0,6
1027,ADD,1,8
1027,ADD,3,8
1027,REMOVE,0,0
1027,REMOVE,0,2
1027,REMOVE,0,9
1027,REMOVE,1,7
1028,ADD,0,2
1028,ADD,1,1
1028,ADD,1,5
1028,ADD,2,8
1028,ADD,4,5
1028,REMOVE,0,6
1028,REMOVE,1,8
1028,REMOVE,1,9
1028,REMOVE,2,2
1029,ADD,0,8
1029,ADD,1,7
1029,REMOVE,1,1
1029,REMOVE,1,5
1029,REMOVE,2,7
1029,REMOVE,2,8
1030,ADD,0,9
1030,ADD,1,3
1030,REMOVE,0,7
1030,REMOVE,0,8
1030,REMOVE,3,0
1030,REMOVE,3,1
1031,ADD,0,8
1031,ADD,1,9
1031,ADD,2,7
1031,ADD,2,8
1031,ADD,3,7
1031,REMOVE,1,3
1031,REMOVE,3,8
1031,REMOVE,3,9
1031,REMOVE,4,5
1032,ADD,0,0
1032,ADD,2,2
1032,ADD,3,8
1032,ADD,4,5
1032,ADD,5,0
1032,REMOVE,2,8
1032,REMOVE,5,7
1032,REMOVE,5,8
1033,ADD,0,7
1033,ADD,1,8
1033,ADD,2,5
1033,ADD,5,8
1033,REMOVE,0,2
1033,REMOVE,0,9
1033,REMOVE,1,7
1033,REMOVE,2,7
1034,ADD,0,5
1034,ADD,1,0
1034,ADD,2,1
1034,ADD,2,9
1034,REMOVE,0,0
1034,REMOVE,1,8
1034,REMOVE,1,9
1034,REMOVE,2,2
1035,ADD,0,1
1035,ADD,0,2
1035,ADD,1,1
1035,ADD,1,8
1035,ADD,2,8
1035,REMOVE,0,8
1035,REMOVE,1,0
1035,REMOVE,2,1
1035,REMOVE,2,5
1036,ADD,2,2
1036,REMOVE,0,5
1036,REMOVE,3,8
1036,REMOVE,4,5
1037,ADD,0,0
1037,ADD,0,6
1037,ADD,1,9
1037,ADD,2,7
1037,ADD,4,5
1037,REMOVE,0,7
1037,REMOVE,1,1
1037,REMOVE,1,8
1037,REMOVE,2,8
1038,ADD,0,9
1038,ADD,1,7
1038,ADD,3,8
1038,REMOVE,0,0
1038,REMOVE,0,2
1038,REMOVE,2,2
1039,ADD,0,2
1039,ADD,0,3
1039,ADD,0,7
1039,REMOVE,0,1
1039,REMOVE,0,9
1040,ADD,1,8
1040,ADD,2,8
1040,ADD,3,9
1040,REMOVE,1,9
1040,REMOVE,2,9
1040,REMOVE,3,7
1040,REMOVE,4,5
1041,ADD,3,0
1041,ADD,3,6
1041,ADD,4,5
1041,REMOVE,1,8
1041,REMOVE,3,8
1042,ADD,1,9
1042,REMOVE,0,6
1042,REMOVE,3,0
1043,ADD,1,8
1043,ADD,2,9
1043,ADD,3,8
1043,REMOVE,1,7
1043,REMOVE,2,7
1044,REMOVE,0,3
1044,REMOVE,1,9
1044,REMOVE,2,8
1045,ADD,0,9
1045,ADD,1,7
1045,ADD,2,8
1045,ADD,3,7
1045,ADD,4,6
1045,REMOVE,3,6
1045,REMOVE,3,8
1045,REMOVE,4,5
1045,REMOVE,4,7
1046,ADD,0,0
1046,ADD,0,4
1046,ADD,2,0
1046,ADD,2,7
1046,ADD,3,8
1046,ADD,4,0
1046,ADD,4,7
1046,REMOVE,0,7
1046,REMOVE,2,8
1046,REMOVE,2,9
1047,ADD,0,3
1047,ADD,2,9
1047,REMOVE,0,0
1047,REMOVE,2,0
1048,ADD,0,8
1048,ADD,2,2
1048,ADD,2,8
1048,REMOVE,0,3
1048,REMOVE,0,4
1048,REMOVE,2,9
1049,ADD,0,7
1049,ADD,1,9
1049,REMOVE,0,9
1049,REMOVE,1,7
1049,REMOVE,3,9
1050,ADD,1,3
1050,ADD,1,4
1050,REMOVE,0,8
1050,REMOVE,1,2
1050,REMOVE,1,9
1051,ADD,0,8
1051,ADD,1,9
1051,ADD,2,9
1051,REMOVE,1,4
1051,REMOVE,1,8
1051,REMOVE,2,7
1051,REMOVE,3,8
1052,ADD,0,5
1052,ADD,1,2
1052,ADD,1,8
1052,ADD,3,9
1052,REMOVE,0,2
1052,REMOVE,1,3
1052,REMOVE,3,7
1053,ADD,0,9
1053,ADD,2,7
1053,ADD,3,0
1053,ADD,3,8
1053,ADD,4,5
1053,REMOVE,0,5
1053,REMOVE,2,8
1053,REMOVE,4,0
1054,ADD,2,0
1054,ADD,2,4
1054,REMOVE,2,7
1054,REMOVE,3,0
1055,ADD,1,7
1055,ADD,2,7
1055,REMOVE,0,9
1055,REMOVE,1,8
1055,REMOVE,2,0
1055,REMOVE,2,2
1056,ADD,0,9
1056,ADD,1,8
1056,ADD,2,8
1056,REMOVE,0,8
1056,REMOVE,1,2
1056,REMOVE,1,9
1056,REMOVE,2,4
1057,ADD,1,2
1057,ADD,1,4
1057,ADD,2,5
1057,REMOVE,1,8
1057,REMOVE,2,9
1057,REMOVE,3,2
1058,ADD,0,8
1058,ADD,1,3
1058,ADD,2,9
1058,REMOVE,0,7
1058,REMOVE,2,5
1058,REMOVE,2,7
1058,REMOVE,3,8
1059,ADD,0,7
1059,ADD,1,9
1059,ADD,2,2
1059,REMOVE,0,9
1059,REMOVE,1,3
1059,REMOVE,1,4
1059,REMOVE,3,9
1060,ADD,1,8
1060,ADD,3,2
1060,ADD,3,9
1060,REMOVE,0,7
1060,REMOVE,0,8
1060,REMOVE,1,2
1060,REMOVE,2,8
1061,ADD,1,2
1061,ADD,2,7
1061,ADD,3,8
1061,REMOVE,1,8
1061,REMOVE,1,9
1061,REMOVE,3,9
1062,ADD,1,8
1062,ADD,2,8
1062,REMOVE,2,9
1062,REMOVE,3,2
1062,REMOVE,3,8
1063,ADD,0,2
1063,ADD,0,9
1063,ADD,1,9
1063,ADD,2,9
1063,REMOVE,1,7
1063,REMOVE,2,7
1063,REMOVE,4,6
1064,ADD,2,7
1064,REMOVE,0,2
1064,REMOVE,0,9
1064,REMOVE,2,9
1065,ADD,1,6
1065,ADD,2,9
1065,REMOVE,1,2
1065,REMOVE,1,9
1065,REMOVE,2,2
1065,REMOVE,4,5
1066,ADD,0,2
1066,ADD,0,9
1066,ADD,1,2
1066,ADD,1,9
1066,REMOVE,1,6
1066,REMOVE,2,7
1066,REMOVE,2,8
1066,REMOVE,2,9
1067,ADD,2,5
1067,ADD,2,7
1067,ADD,2,8
1067,ADD,3,2
1067,ADD,3,7
1067,ADD,4,5
1067,REMOVE,0,2
1067,REMOVE,0,9
1068,ADD,2,2
1068,ADD,3,3
1068,REMOVE,2,8
1068,REMOVE,4,8
1069,ADD,0,7
1069,ADD,0,9
1069,ADD,1,7
1069,ADD,2,9
1069,ADD,3,0
1069,ADD,4,3
1069,REMOVE,2,5
1069,REMOVE,3,3
1070,ADD,2,8
1070,ADD,4,8
1070,REMOVE,1,7
1070,REMOVE,1,9
1071,ADD,1,7
1071,ADD,3,9
1071,REMOVE,1,8
1071,REMOVE,2,9
1072,ADD,0,8
1072,ADD,1,0
1072,ADD,1,8
1072,REMOVE,0,7
1072,REMOVE,1,2
1072,REMOVE,2,2
1072,REMOVE,2,7
1073,ADD,1,2
1073,REMOVE,0,8
1073,REMOVE,0,9
1073,REMOVE,1,0
1073,REMOVE,1,8
1074,ADD,1,3
1074,ADD,2,5
1074,REMOVE,3,0
1074,REMOVE,3,2
1074,REMOVE,3,7
1074,REMOVE,3,9
1075,ADD,1,9
1075,ADD,3,2
1075,ADD,3,9
1075,REMOVE,2,5
1075,REMOVE,2,8
1075,REMOVE,4,3
1076,ADD,2,2
1076,ADD,2,9
1076,ADD,3,8
1076,ADD,4,2
1076,REMOVE,1,9
1076,REMOVE,3,9
1076,REMOVE,4,5
1076,REMOVE,4,7
1077,ADD,1,8
1077,ADD,2,8
1077,ADD,3,3
1077,REMOVE,1,7
1077,REMOVE,3,8
1077,REMOVE,5,0
1078,ADD,0,1
1078,ADD,0,2
1078,ADD,0,7
1078,ADD,4,7
1078,REMOVE,2,2
1078,REMOVE,2,8
1078,REMOVE,2,9
1079,ADD,0,9
1079,ADD,1,7
1079,ADD,3,8
1079,REMOVE,0,1
1079,REMOVE,3,2
1079,REMOVE,4,8
1079,REMOVE,5,5
1080,ADD,0,8
1080,ADD,4,8
1080,REMOVE,1,3
1080,REMOVE,1,7
1080,REMOVE,3,3
1080,REMOVE,3,8
1081,ADD,0,5
1081,ADD,1,5
1081,ADD,1,7
1081,REMOVE,0,2
1081,REMOVE,1,8
1081,REMOVE,6,0
1081,REMOVE,6,1
1082,ADD,0,0
1082,ADD,0,1
1082,ADD,1,8
1082,ADD,2,3
1082,ADD,2,7
1082,ADD,2,8
1082,ADD,5,0
1082,ADD,5,7
1082,REMOVE,0,7
1082,REMOVE,0,8
1082,REMOVE,1,2
1083,ADD,0,4
1083,ADD,0,7
1083,ADD,1,2
1083,REMOVE,0,5
1083,REMOVE,0,9
1083,REMOVE,1,5
1083,REMOVE,2,3
1084,ADD,0,8
1084,ADD,1,5
1084,ADD,3,0
1084,ADD,3,2
1084,ADD,3,3
1084,ADD,3,4
1084,ADD,3,9
1084,ADD,6,9
1084,REMOVE,1,2
1084,REMOVE,2,7
1085,ADD,2,9
1085,ADD,6,5
1085,REMOVE,0,0
1085,REMOVE,0,8
1085,REMOVE,1,5
1086,ADD,0,5
1086,ADD,0,8
1086,ADD,1,2
1086,REMOVE,0,4
1086,REMOVE,0,7
1086,REMOVE,3,0
1087,ADD,0,2
1087,REMOVE,2,8
1087,REMOVE,2,9
1087,REMOVE,3,2
1087,REMOVE,3,3
1088,ADD,1,9
1088,ADD,2,2
1088,ADD,2,7
1088,ADD,3,7
1088,REMOVE,1,7
1088,REMOVE,4,8
1088,REMOVE,5,0
1089,ADD,3,8
1089,ADD,4,8
1089,ADD,5,5
1089,REMOVE,2,2
1089,REMOVE,2,7
1089,REMOVE,3,7
1090,ADD,1,7
1090,ADD,2,0
1090,ADD,2,2
1090,ADD,2,4
1090,ADD,3,2
1090,REMOVE,0,5
1090,REMOVE,1,8
1090,REMOVE,4,8
1090,REMOVE,5,6
1091,ADD,1,8
1091,ADD,4,8
1091,REMOVE,1,7
1091,REMOVE,2,0
1091,REMOVE,3,2
1091,REMOVE,3,4
1092,REMOVE,2,2
1092,REMOVE,2,4
1092,REMOVE,3,8
1093,ADD,1,7
1093,REMOVE,1,9
1093,REMOVE,3,9
1093,REMOVE,4,7
1094,ADD,1,9
1094,ADD,2,7
1094,ADD,2,9
1094,REMOVE,1,7
1094,REMOVE,6,5
1095,ADD,2,8
1095,ADD,4,7
1095,ADD,6,2
1095,REMOVE,2,7
1095,REMOVE,5,5
1095,REMOVE,6,8
1096,ADD,3,0
1096,ADD,3,1
1096,ADD,3,2
1096,ADD,3,6
1096,ADD,6,8
1097,ADD,0,7
1097,ADD,1,7
1097,ADD,2,1
1097,ADD,3,3
1097,ADD,5,5
1097,REMOVE,1,9
1097,REMOVE,3,6
1097,REMOVE,4,7
1098,ADD,1,3
1098,ADD,2,2
1098,ADD,3,8
1098,REMOVE,0,1
1098,REMOVE,1,8
1098,REMOVE,2,9
1099,ADD,4,7
1099,REMOVE,1,3
1099,REMOVE,2,1
1100,ADD,1,3
1100,ADD,2,7
1100,REMOVE,3,0
1101,ADD,0,9
1101,ADD,1,9
1101,ADD,3,7
1101,REMOVE,0,7
1101,REMOVE,2,8
1101,REMOVE,3,8
1102,ADD,0,0
1102,ADD,1,8
1102,ADD,2,9
1102,ADD,3,8
1102,REMOVE,1,3
1102,REMOVE,1,9
1102,REMOVE,3,3
1103,ADD,1,9
1103,ADD,2,8
1103,REMOVE,1,7
1103,REMOVE,2,7
1103,REMOVE,3,1
1104,ADD,2,7
1104,REMOVE,0,0
1104,REMOVE,2,8
1105,ADD,0,0
1105,ADD,0,4
1105,ADD,1,7
1105,ADD,2,8
1105,REMOVE,0,8
1105,REMOVE,1,9
1105,REMOVE,2,2
1105,REMOVE,2,9
1106,ADD,0,8
1106,ADD,2,2
1106,ADD,5,2
1106,REMOVE,5,8
1106,REMOVE,6,9
1107,ADD,2,6
1107,REMOVE,2,2
1107,REMOVE,2,8
1108,ADD,2,9
1108,REMOVE,0,0
1108,REMOVE,0,8
1108,REMOVE,1,8
1108,REMOVE,2,6
1109,ADD,0,8
1109,ADD,1,8
1109,ADD,2,8
1109,REMOVE,2,7
1109,REMOVE,3,8
1109,REMOVE,4,7
1110,ADD,0,0
1110,ADD,2,7
1110,ADD,3,8
1110,ADD,5,6
1110,REMOVE,2,9
1110,REMOVE,5,2
1110,REMOVE,5,5
1111,ADD,2,2
1111,ADD,4,7
1111,ADD,5,2
1111,ADD,5,8
1111,REMOVE,3,7
1111,REMOVE,5,6
1112,REMOVE,2,8
1112,REMOVE,3,2
1112,REMOVE,3,8
1113,ADD,1,5
1113,ADD,3,7
1113,ADD,3,8
1113,REMOVE,0,0
1113,REMOVE,1,2
1113,REMOVE,2,2
1114,ADD,0,0
1114,ADD,1,2
1114,ADD,1,6
1114,ADD,2,5
1114,ADD,2,8
1114,ADD,3,1
1114,ADD,3,2
1114,ADD,4,5
1114,REMOVE,1,5
1114,REMOVE,1,8
1114,REMOVE,3,8
1114,REMOVE,4,2
1115,ADD,1,0
1115,ADD,1,1
1115,ADD,2,2
1115,ADD,3,8
1115,REMOVE,0,0
1115,REMOVE,1,7
1115,REMOVE,2,7
1116,ADD,1,8
1116,ADD,2,9
1116,REMOVE,1,6
1116,REMOVE,2,5
1116,REMOVE,2,8
1116,REMOVE,4,5
1117,ADD,0,0
1117,ADD,2,7
1117,ADD,4,5
1117,REMOVE,0,8
1117,REMOVE,1,0
1117,REMOVE,2,2
1117,REMOVE,3,1
1118,ADD,1,0
1118,ADD,1,6
1118,ADD,2,1
1118,ADD,2,2
1118,REMOVE,1,8
1118,REMOVE,2,9
1118,REMOVE,4,9
1119,ADD,0,8
1119,ADD,4,2
1119,REMOVE,2,1
1119,REMOVE,4,5
1119,REMOVE,5,2
1120,ADD,1,9
1120,ADD,2,8
1120,ADD,3,3
1120,ADD,5,5
1120,REMOVE,0,4
1120,REMOVE,1,6
1120,REMOVE,3,8
1121,ADD,2,9
1121,ADD,3,9
1121,REMOVE,2,7
1121,REMOVE,3,3
1122,ADD,1,8
1122,ADD,3,8
1122,REMOVE,0,0
1122,REMOVE,1,0
1122,REMOVE,2,8
1123,ADD,1,7
1123,REMOVE,1,1
1123,REMOVE,2,2
1123,REMOVE,2,9
1124,ADD,2,1
1124,ADD,2,9
1124,REMOVE,1,7
1125,ADD,0,0
1125,ADD,0,7
1125,ADD,1,0
1125,ADD,2,2
1125,ADD,2,7
1125,REMOVE,0,8
1125,REMOVE,2,9
1126,ADD,2,8
1126,REMOVE,2,7
1127,ADD,0,8
1127,ADD,2,9
1127,REMOVE,0,0
1127,REMOVE,0,7
1127,REMOVE,2,1
1129,ADD,0,7
1129,ADD,2,7
1129,REMOVE,0,8
1129,REMOVE,1,0
1129,REMOVE,2,2
1130,REMOVE,0,9
1130,REMOVE,2,7
1131,ADD,0,9
1131,ADD,1,0
1131,ADD,1,7
1131,ADD,2,0
1131,ADD,2,2
1131,ADD,3,5
1131,REMOVE,1,8
1131,REMOVE,2,9
1131,REMOVE,3,2
1131,REMOVE,3,7
1132,ADD,2,9
1132,ADD,3,7
1132,REMOVE,1,0
1132,REMOVE,1,9
1132,REMOVE,2,0
1133,ADD,0,8
1133,ADD,1,9
1133,ADD,2,7
1133,ADD,3,1
1133,REMOVE,2,8
1133,REMOVE,3,8
1133,REMOVE,3,9
1134,ADD,0,5
1134,ADD,1,3
1134,ADD,3,2
1134,REMOVE,0,2
1134,REMOVE,1,9
1134,REMOVE,3,1
1135,ADD,0,2
1135,ADD,3,9
1135,ADD,5,2
1135,REMOVE,0,8
1135,REMOVE,5,8
1136,REMOVE,0,5
1137,ADD,0,3
1137,ADD,2,8
1137,REMOVE,0,7
1137,REMOVE,0,9
1137,REMOVE,1,3
1137,REMOVE,2,7
1138,ADD,0,7
1138,ADD,1,8
1138,REMOVE,3,5
1139,ADD,0,8
1139,ADD,2,5
1139,ADD,3,8
1139,REMOVE,0,7
1139,REMOVE,2,2
1140,ADD,0,9
1140,ADD,2,7
1140,REMOVE,0,3
1140,REMOVE,2,5
1140,REMOVE,3,7
1141,ADD,0,0
1141,ADD,0,4
1141,ADD,1,3
1141,ADD,2,2
1141,REMOVE,0,8
1141,REMOVE,1,8
1141,REMOVE,2,7
1141,REMOVE,2,9
1142,ADD,0,8
1142,ADD,1,8
1142,ADD,2,7
1142,ADD,3,0
1142,REMOVE,1,3
1142,REMOVE,5,5
1143,ADD,1,9
1143,REMOVE,0,0
1143,REMOVE,0,4
1143,REMOVE,1,8
1144,ADD,1,8
1144,REMOVE,1,7
1144,REMOVE,2,8
1145,ADD,1,5
1145,ADD,2,8
1145,REMOVE,1,9
1145,REMOVE,2,2
1146,ADD,0,7
1146,ADD,1,9
1146,ADD,2,2
1146,ADD,3,5
1146,REMOVE,0,9
1146,REMOVE,2,8
1146,REMOVE,3,0
1146,REMOVE,3,2
1147,ADD,0,3
1147,ADD,1,7
1147,ADD,2,8
1147,ADD,3,7
1147,ADD,5,0
1147,REMOVE,0,7
1147,REMOVE,1,5
1147,REMOVE,4,8
1148,ADD,0,9
1148,ADD,2,9
1148,ADD,4,3
1148,REMOVE,0,3
1148,REMOVE,2,2
1148,REMOVE,2,8
1149,ADD,0,7
1149,ADD,2,1
1149,ADD,2,5
1149,ADD,4,9
1149,REMOVE,0,9
1149,REMOVE,1,8
1149,REMOVE,2,9
1150,ADD,0,5
1150,ADD,1,8
1150,ADD,2,9
1150,REMOVE,0,2
1150,REMOVE,1,7
1150,REMOVE,2,1
1150,REMOVE,2,5
1151,ADD,0,6
1151,ADD,1,7
1151,ADD,2,8
1151,REMOVE,0,8
1151,REMOVE,1,9
1152,ADD,0,8
1152,ADD,1,6
1152,REMOVE,1,2
1152,REMOVE,1,7
1152,REMOVE,2,9
1153,ADD,0,2
1153,ADD,1,0
1153,ADD,1,3
1153,ADD,1,7
1153,ADD,2,2
1153,REMOVE,0,5
1153,REMOVE,0,6
1153,REMOVE,1,8
1153,REMOVE,2,7
1154,ADD,0,9
1154,ADD,1,8
1154,ADD,2,9
1154,REMOVE,0,7
1154,REMOVE,1,0
1154,REMOVE,1,6
1154,REMOVE,2,8
1155,ADD,1,2
1155,ADD,2,0
1155,ADD,2,1
1155,REMOVE,1,8
1155,REMOVE,3,9
1156,ADD,1,9
1156,ADD,2,8
1156,ADD,3,9
1156,REMOVE,3,5
1156,REMOVE,4,2
1156,REMOVE,4,3
1157,ADD,3,2
1157,REMOVE,3,7
1157,REMOVE,4,7
1158,ADD,0,7
1158,ADD,1,8
1158,ADD,3,5
1158,ADD,3,6
1158,ADD,4,0
1158,REMOVE,0,2
1158,REMOVE,0,9
1158,REMOVE,1,2
1158,REMOVE,3,8
1159,ADD,0,6
1159,ADD,1,2
1159,ADD,4,7
1159,ADD,4,8
1159,REMOVE,0,7
1159,REMOVE,1,7
1159,REMOVE,1,9
1159,REMOVE,2,0
1160,ADD,0,2
1160,ADD,0,7
1160,ADD,1,7
1160,ADD,3,7
1160,REMOVE,3,5
1160,REMOVE,4,0
1160,REMOVE,4,7
1161,ADD,1,9
1161,ADD,2,7
1161,ADD,3,8
1161,REMOVE,1,3
1161,REMOVE,1,8
1161,REMOVE,3,6
1162,ADD,0,5
1162,REMOVE,0,7
1162,REMOVE,3,7
1163,ADD,0,7
1163,ADD,1,8
1163,ADD,3,7
1163,ADD,4,0
1163,ADD,4,7
1163,REMOVE,0,5
1163,REMOVE,0,6
1163,REMOVE,1,7
1163,REMOVE,2,7
1164,ADD,0,9
1164,ADD,1,7
1164,ADD,2,7
1164,REMOVE,0,7
1164,REMOVE,1,9
1164,REMOVE,3,9
1164,REMOVE,5,0
1165,ADD,1,9
1165,ADD,5,8
1165,REMOVE,0,9
1165,REMOVE,1,7
1165,REMOVE,1,8
1166,ADD,0,5
1166,ADD,1,7
1166,REMOVE,1,9
1166,REMOVE,2,1
1166,REMOVE,2,2
1166,REMOVE,2,7
1167,ADD,0,9
1167,ADD,1,8
1167,ADD,2,2
1167,ADD,2,7
1167,ADD,4,2
1167,ADD,5,5
1167,REMOVE,4,7
1167,REMOVE,5,2
1167,REMOVE,6,2
1168,REMOVE,4,0
1168,REMOVE,5,5
1169,ADD,3,9
1169,REMOVE,0,5
1169,REMOVE,3,7
1170,ADD,0,7
1170,ADD,1,9
1170,ADD,3,7
1170,ADD,4,7
1170,REMOVE,0,8
1170,REMOVE,0,9
1170,REMOVE,1,7
1170,REMOVE,3,8
1171,ADD,0,8
1171,ADD,1,7
1171,ADD,3,8
1171,ADD,5,3
1171,REMOVE,1,8
1171,REMOVE,2,8
1171,REMOVE,3,7
1172,ADD,0,9
1172,ADD,1,8
1172,ADD,2,8
1172,REMOVE,0,8
1172,REMOVE,1,7
1172,REMOVE,4,7
1173,REMOVE,0,9
1173,REMOVE,1,2
1174,ADD,0,3
1174,ADD,1,2
1174,ADD,1,7
1174,REMOVE,1,9
1174,REMOVE,2,2
1174,REMOVE,2,9
1175,ADD,0,8
1175,ADD,1,5
1175,ADD,1,6
1175,ADD,2,9
1175,REMOVE,0,7
1175,REMOVE,1,2
1175,REMOVE,1,8
1175,REMOVE,2,8
1176,ADD,0,9
1176,ADD,1,3
1176,ADD,2,8
1176,ADD,3,7
1176,REMOVE,0,2
1176,REMOVE,0,3
1176,REMOVE,1,5
1176,REMOVE,1,6
1177,ADD,0,0
1177,ADD,0,2
1177,ADD,1,0
1177,ADD,1,4
1177,ADD,2,2
1177,ADD,5,2
1177,REMOVE,2,7
1177,REMOVE,3,9
1177,REMOVE,5,8
1178,ADD,1,9
1178,ADD,2,7
1178,ADD,4,7
1178,REMOVE,0,0
1178,REMOVE,1,0
1178,REMOVE,1,3
1179,ADD,1,8
1179,REMOVE,1,4
1179,REMOVE,1,7
1179,REMOVE,2,2
1180,ADD,0,7
1180,ADD,1,0
1180,ADD,1,7
1180,ADD,2,5
1180,ADD,3,3
1180,ADD,5,8
1180,ADD,6,5
1180,REMOVE,3,8
1180,REMOVE,4,8
1180,REMOVE,5,3
1181,ADD,1,2
1181,ADD,4,8
1181,REMOVE,0,9
1181,REMOVE,1,0
1181,REMOVE,1,7
1182,ADD,1,7
1182,ADD,2,2
1182,ADD,3,8
1182,ADD,6,9
1182,REMOVE,1,9
1182,REMOVE,2,8
1182,REMOVE,3,3
1183,ADD,1,9
1183,REMOVE,1,2
1183,REMOVE,1,8
1184,ADD,0,9
1184,ADD,1,1
1184,REMOVE,0,8
1184,REMOVE,1,9
1185,ADD,0,8
1185,ADD,1,0
1185,ADD,1,2
1185,ADD,1,4
1185,REMOVE,0,2
1185,REMOVE,1,1
1185,REMOVE,1,7
1185,REMOVE,2,5
1186,ADD,0,5
1186,ADD,1,9
1186,REMOVE,0,9
1186,REMOVE,1,0
1186,REMOVE,2,2
1186,REMOVE,2,7
1187,ADD,0,9
1187,ADD,1,8
1187,ADD,2,4
1187,ADD,2,6
1187,REMOVE,1,4
1187,REMOVE,1,9
1187,REMOVE,5,2
1188,ADD,1,9
1188,ADD,2,5
1188,ADD,2,7
1188,ADD,5,2
1188,REMOVE,0,5
1188,REMOVE,2,6
1188,REMOVE,5,7
1189,ADD,0,5
1189,ADD,1,7
1189,ADD,2,8
1189,ADD,3,9
1189,REMOVE,2,7
1189,REMOVE,3,8
1189,REMOVE,4,9
1190,ADD,2,7
1190,ADD,3,8
1190,REMOVE,0,9
1190,REMOVE,1,9
1191,ADD,3,3
1191,REMOVE,3,8
1191,REMOVE,3,9
1192,ADD,0,9
1192,REMOVE,0,5
1192,REMOVE,0,8
1192,REMOVE,2,5
1193,ADD,0,5
1193,ADD,0,8
1193,ADD,5,7
1193,REMOVE,0,9
1193,REMOVE,2,4
1193,REMOVE,2,7
1194,ADD,0,2
1194,ADD,2,2
1194,ADD,2,7
1194,REMOVE,0,5
1194,REMOVE,2,8
1195,ADD,1,1
1195,ADD,2,3
1195,ADD,3,9
1195,REMOVE,1,7
1195,REMOVE,2,9
1196,ADD,2,9
1196,REMOVE,3,2
1196,REMOVE,3,9
1196,REMOVE,5,2
1197,ADD,0,3
1197,ADD,1,5
1197,ADD,2,8
1197,ADD,3,8
1197,ADD,4,9
1197,REMOVE,0,8
1197,REMOVE,1,2
1197,REMOVE,2,3
1197,REMOVE,4,7
1198,ADD,0,0
1198,ADD,0,4
1198,ADD,1,2
1198,ADD,3,9
1198,ADD,5,5
1198,REMOVE,0,2
1198,REMOVE,3,3
1199,ADD,0,9
1199,ADD,1,9
1199,ADD,2,5
1199,ADD,3,5
1199,REMOVE,0,0
1199,REMOVE,0,3
1199,REMOVE,1,1
1199,REMOVE,2,2
1200,ADD,0,5
1200,REMOVE,2,5
1200,REMOVE,3,5
1201,ADD,0,3
1201,ADD,2,2
1201,ADD,3,2
1201,ADD,4,7
1201,REMOVE,2,8
1201,REMOVE,3,8
1202,ADD,1,7
1202,ADD,2,8
1202,ADD,3,8
1202,REMOVE,0,4
1202,REMOVE,0,5
1202,REMOVE,1,9
1203,ADD,0,0
1203,ADD,0,6
1203,REMOVE,0,3
1203,REMOVE,0,9
1203,REMOVE,3,7
1204,REMOVE,1,5
1204,REMOVE,2,7
1205,ADD,0,2
1205,REMOVE,0,6
1206,ADD,0,9
1206,ADD,1,9
1206,ADD,2,0
1206,ADD,2,7
1206,REMOVE,0,0
1206,REMOVE,1,8
1206,REMOVE,2,8
1207,ADD,1,8
1207,ADD,2,8
1207,ADD,3,7
1207,REMOVE,0,9
1207,REMOVE,1,7
1207,REMOVE,2,2
1208,ADD,0,8
1208,ADD,2,2
1208,REMOVE,1,9
1208,REMOVE,2,0
1208,REMOVE,2,7
1209,ADD,1,7
1209,ADD,2,7
1209,REMOVE,2,9
1209,REMOVE,3,7
1210,ADD,1,9
1210,ADD,2,9
1210,ADD,4,5
1210,REMOVE,1,8
1210,REMOVE,2,8
1210,REMOVE,4,2
1211,ADD,1,8
1211,ADD,2,8
1211,ADD,3,7
1211,REMOVE,2,9
1211,REMOVE,3,8
1212,ADD,3,8
1212,REMOVE,0,8
1212,REMOVE,1,8
1213,ADD,0,6
1213,ADD,0,9
1213,ADD,1,5
1213,REMOVE,0,2
1213,REMOVE,1,7
1213,REMOVE,1,9
1213,REMOVE,2,2
1214,ADD,0,2
1214,ADD,0,5
1214,ADD,1,6
1214,ADD,1,7
1214,ADD,2,2
1214,REMOVE,0,6
1214,REMOVE,0,7
1214,REMOVE,1,2
1214,REMOVE,2,8
1215,ADD,0,8
1215,ADD,1,0
1215,ADD,2,8
1215,REMOVE,0,5
1215,REMOVE,1,5
1215,REMOVE,2,7
1216,ADD,1,8
1216,ADD,2,9
1216,ADD,3,5
1216,REMOVE,1,6
1216,REMOVE,2,2
1216,REMOVE,3,2
1217,REMOVE,2,8
1217,REMOVE,2,9
1218,ADD,2,7
1218,ADD,2,8
1218,REMOVE,3,9
1218,REMOVE,4,5
1219,ADD,3,9
1219,ADD,4,5
1219,REMOVE,2,7
1219,REMOVE,2,8
1220,ADD,0,7
1220,ADD,1,9
1220,ADD,2,1
1220,ADD,2,7
1220,ADD,2,8
1220,REMOVE,0,8
1220,REMOVE,1,0
1221,ADD,1,5
1221,ADD,2,5
1221,REMOVE,2,1
1221,REMOVE,3,9
1222,ADD,0,8
1222,ADD,2,2
1222,ADD,3,2
1222,REMOVE,0,7
1222,REMOVE,2,5
1222,REMOVE,2,8
1222,REMOVE,3,8
1223,ADD,0,7
1223,ADD,2,0
1223,ADD,2,4
1223,ADD,3,9
1223,ADD,5,2
1223,REMOVE,2,7
1223,REMOVE,5,5
1223,REMOVE,5,8
1224,REMOVE,0,9
1224,REMOVE,1,9
1225,ADD,1,2
1225,ADD,2,1
1225,ADD,2,9
1225,REMOVE,1,5
1225,REMOVE,2,0
1225,REMOVE,2,2
1225,REMOVE,2,4
1226,ADD,0,9
1226,ADD,2,8
1226,REMOVE,0,7
1226,REMOVE,1,7
1226,REMOVE,2,1
1227,ADD,1,3
1227,REMOVE,1,2
1227,REMOVE,2,8
1227,REMOVE,2,9
1228,ADD,1,7
1228,ADD,3,8
1228,REMOVE,3,5
1228,REMOVE,3,7
1229,ADD,2,4
1229,ADD,2,8
1229,ADD,5,8
1229,REMOVE,5,7
1230,ADD,1,5
1230,ADD,2,0
1230,ADD,2,7
1230,REMOVE,2,4
1231,ADD,1,1
1231,ADD,1,2
1231,ADD,3,7
1231,REMOVE,1,3
1231,REMOVE,1,8
1231,REMOVE,2,0
1232,ADD,0,7
1232,ADD,1,9
1232,ADD,2,5
1232,REMOVE,0,9
1232,REMOVE,1,5
1232,REMOVE,1,7
1233,ADD,1,7
1233,ADD,2,9
1233,ADD,5,7
1233,REMOVE,1,9
1233,REMOVE,2,5
1233,REMOVE,2,7
1234,ADD,1,8
1234,REMOVE,0,7
1234,REMOVE,1,2
1234,REMOVE,1,7
1235,ADD,0,9
1235,ADD,1,9
1235,ADD,2,7
1235,ADD,3,0
1235,REMOVE,2,9
1235,REMOVE,3,8
1235,REMOVE,3,9
1236,ADD,0,0
1236,ADD,0,1
1236,ADD,1,0
1236,ADD,1,2
1236,ADD,3,9
1236,REMOVE,0,8
1236,REMOVE,0,9
1236,REMOVE,1,1
1237,ADD,0,8
1237,ADD,3,8
1237,REMOVE,3,0
1237,REMOVE,3,7
1238,ADD,2,9
1238,REMOVE,0,0
1238,REMOVE,2,7
1238,REMOVE,5,9
1239,ADD,0,5
1239,ADD,2,5
1239,ADD,3,7
1239,ADD,4,2
1239,ADD,7,0
1239,REMOVE,4,5
1239,REMOVE,7,7
1240,ADD,2,2
1240,REMOVE,2,8
1240,REMOVE,6,5
1241,ADD,0,7
1241,ADD,2,8
1241,REMOVE,0,5
1241,REMOVE,1,0
1241,REMOVE,2,5
1242,ADD,1,0
1242,ADD,1,7
1242,ADD,2,7
1242,ADD,6,5
1242,REMOVE,1,8
1242,REMOVE,2,8
1242,REMOVE,3,9
1242,REMOVE,7,0
1243,ADD,0,9
1243,ADD,1,8
1243,ADD,7,7
1243,REMOVE,0,1
1243,REMOVE,0,8
1243,REMOVE,1,0
1243,REMOVE,1,7
1244,ADD,0,8
1244,ADD,1,7
1244,ADD,2,8
1244,REMOVE,1,9
1244,REMOVE,2,7
1244,REMOVE,4,7
1245,ADD,4,7
1245,REMOVE,0,7
1245,REMOVE,6,9
1246,ADD,2,7
1246,REMOVE,4,8
1247,ADD,0,7
1247,ADD,4,8
1247,ADD,5,9
1247,ADD,6,9
1247,REMOVE,5,7
1247,REMOVE,6,5
1248,ADD,1,9
1248,ADD,5,7
1248,REMOVE,0,9
1248,REMOVE,1,8
1248,REMOVE,2,9
1249,ADD,3,5
1249,ADD,3,6
1249,ADD,6,5
1249,REMOVE,3,2
1249,REMOVE,3,8
1250,ADD,1,8
1250,ADD,3,8
1250,REMOVE,3,6
1250,REMOVE,6,5
1251,ADD,0,9
1251,ADD,3,9
1251,ADD,6,5
1251,REMOVE,0,8
1251,REMOVE,1,7
1252,ADD,0,8
1252,ADD,1,7
1252,REMOVE,1,9
1252,REMOVE,3,9
1252,REMOVE,4,9
1253,REMOVE,1,7
1254,ADD,1,7
1254,ADD,2,3
1254,ADD,3,6
1254,REMOVE,0,9
1254,REMOVE,2,8
1254,REMOVE,3,8
1255,ADD,0,9
1255,ADD,1,5
1255,ADD,2,9
1255,ADD,3,2
1255,REMOVE,0,8
1255,REMOVE,1,2
1255,REMOVE,3,5
1256,ADD,0,3
1256,ADD,2,8
1256,REMOVE,0,9
1256,REMOVE,1,5
1256,REMOVE,2,3
1257,ADD,0,9
1257,ADD,1,3
1257,ADD,3,0
1257,ADD,5,0
1257,ADD,7,0
1257,REMOVE,5,8
1257,REMOVE,7,8
1258,REMOVE,1,3
1258,REMOVE,2,9
1258,REMOVE,5,0
1259,ADD,1,5
1259,ADD,3,9
1259,ADD,5,8
1259,REMOVE,3,7
1259,REMOVE,7,0
1259,REMOVE,8,0
1260,ADD,0,0
1260,ADD,8,8
1260,REMOVE,0,3
1261,ADD,0,8
1261,ADD,1,1
1261,ADD,1,2
1261,ADD,4,9
1261,REMOVE,0,7
1261,REMOVE,1,8
1261,REMOVE,4,8
1262,ADD,2,9
1262,ADD,3,8
1262,ADD,7,8
1262,ADD,8,5
1262,REMOVE,2,8
1262,REMOVE,3,0
1262,REMOVE,3,6
1263,ADD,2,8
1263,ADD,3,7
1263,ADD,4,5
1263,ADD,4,8
1263,REMOVE,4,7
1264,ADD,1,8
1264,REMOVE,1,7
1265,REMOVE,0,0
1265,REMOVE,7,9
1266,ADD,7,9
1266,REMOVE,7,7
1267,ADD,0,7
1268,ADD,1,7
1268,REMOVE,1,2
1268,REMOVE,2,9
1268,REMOVE,3,9
1269,REMOVE,0,2
1269,REMOVE,0,9
1269,REMOVE,1,8
1270,ADD,0,2
1270,ADD,1,2
1270,ADD,3,9
1270,ADD,7,7
1270,REMOVE,1,1
1270,REMOVE,3,2
1270,REMOVE,5,7
1271,ADD,1,8
1271,ADD,2,9
1271,ADD,5,7
1271,REMOVE,1,5
1271,REMOVE,2,7
1272,ADD,1,9
1272,ADD,2,7
1272,ADD,3,5
1272,REMOVE,1,7
1272,REMOVE,6,9
1273,ADD,1,0
1273,ADD,1,6
1273,ADD,6,9
1273,REMOVE,1,8
1273,REMOVE,5,9
1274,REMOVE,1,0
1274,REMOVE,6,9
1274,REMOVE,7,8
1275,ADD,1,8
1275,ADD,3,2
1275,ADD,7,8
1275,REMOVE,1,6
1275,REMOVE,2,8
1275,REMOVE,3,8
1276,ADD,0,9
1276,ADD,5,5
1276,ADD,6,9
1276,REMOVE,0,2
1276,REMOVE,5,2
1277,ADD,0,2
1277,ADD,2,8
1277,ADD,4,7
1277,REMOVE,0,7
1277,REMOVE,4,2
1277,REMOVE,4,9
1278,ADD,0,7
1278,ADD,5,9
1278,REMOVE,3,5
1278,REMOVE,6,9
1279,ADD,1,0
1279,ADD,1,3
1279,ADD,4,9
1279,ADD,6,9
1279,REMOVE,0,7
1279,REMOVE,1,8
1279,REMOVE,2,9
1280,ADD,0,7
1280,ADD,1,8
1280,ADD,3,8
1280,REMOVE,1,0
1280,REMOVE,1,3
1280,REMOVE,3,7
1281,REMOVE,0,7
1281,REMOVE,4,5
1282,ADD,1,0
1282,ADD,1,7
1282,ADD,3,7
1282,ADD,4,2
1282,REMOVE,1,8
1282,REMOVE,3,8
1282,REMOVE,4,8
1283,ADD,0,7
1283,REMOVE,0,8
1283,REMOVE,5,5
1284,ADD,0,8
1284,ADD,1,8
1284,ADD,2,9
1284,ADD,3,5
1284,ADD,4,0
1284,ADD,5,3
1284,REMOVE,0,7
1284,REMOVE,1,0
1284,REMOVE,1,7
1284,REMOVE,2,7
1285,ADD,0,0
1285,ADD,0,7
1285,ADD,4,8
1285,ADD,5,5
1285,REMOVE,0,8
1285,REMOVE,4,0
1285,REMOVE,5,3
1286,ADD,1,7
1286,REMOVE,1,2
1286,REMOVE,3,5
1286,REMOVE,4,8
1287,ADD,0,8
1287,ADD,1,5
1287,ADD,2,7
1287,ADD,3,8
1287,REMOVE,0,0
1287,REMOVE,0,9
1287,REMOVE,1,7
1287,REMOVE,1,9
1288,ADD,0,9
1288,ADD,4,8
1288,REMOVE,0,7
1288,REMOVE,1,5
1288,REMOVE,1,8
1288,REMOVE,2,7
1289,ADD,0,7
1289,ADD,2,7
1289,ADD,5,2
1289,REMOVE,3,8
1289,REMOVE,4,9
1289,REMOVE,5,7
1289,REMOVE,6,9
1290,ADD,0,3
1290,REMOVE,0,7
1290,REMOVE,0,8
1290,REMOVE,0,9
1290,REMOVE,2,2
1291,ADD,0,4
1291,ADD,2,5
1291,ADD,4,9
1291,ADD,6,1
1291,REMOVE,4,7
1291,REMOVE,7,9
1292,ADD,0,7
1292,ADD,2,2
1292,ADD,3,8
1292,ADD,6,2
1292,REMOVE,2,7
1292,REMOVE,6,5
1292,REMOVE,6,8
1293,ADD,1,0
1293,ADD,1,6
1293,ADD,1,7
1293,ADD,4,7
1293,ADD,6,8
1293,REMOVE,0,4
1293,REMOVE,3,8
1294,ADD,1,3
1294,ADD,3,8
1294,REMOVE,1,6
1294,REMOVE,4,8
1295,ADD,0,8
1295,ADD,1,8
1295,ADD,4,8
1295,REMOVE,0,2
1295,REMOVE,0,3
1295,REMOVE,3,7
1295,REMOVE,5,5
1296,ADD,0,9
1296,ADD,1,2
1296,REMOVE,0,8
1296,REMOVE,1,0
1296,REMOVE,1,8
1297,ADD,0,2
1297,ADD,1,8
1297,ADD,5,7
1297,REMOVE,1,7
1297,REMOVE,5,8
1298,ADD,1,9
1298,ADD,3,7
1298,REMOVE,1,3
1298,REMOVE,2,5
1299,ADD,0,8
1299,ADD,2,7
1299,ADD,5,8
1299,REMOVE,4,7
1299,REMOVE,5,7
1299,REMOVE,6,1
1300,ADD,5,7
1300,REMOVE,0,8
1300,REMOVE,1,2
1300,REMOVE,1,8
1300,REMOVE,1,9
1301,ADD,4,7
1301,REMOVE,2,9
1301,REMOVE,5,9
1302,ADD,0,8
1302,REMOVE,0,7
1302,REMOVE,3,7
1303,REMOVE,4,7
1304,ADD,1,1
1304,ADD,1,9
1304,ADD,3,7
1304,REMOVE,0,8
1304,REMOVE,3,8
1305,ADD,0,5
1305,ADD,0,7
1305,ADD,2,9
1305,ADD,3,8
1305,ADD,4,7
1305,REMOVE,2,8
1305,REMOVE,3,9
1305,REMOVE,4,9
1306,REMOVE,0,5
1306,REMOVE,1,1
1306,REMOVE,1,9
1307,ADD,0,8
1307,ADD,1,2
1307,ADD,1,6
1307,ADD,1,9
1307,ADD,2,8
1308,ADD,2,5
1308,REMOVE,1,2
1308,REMOVE,2,2
1309,REMOVE,0,9
1309,REMOVE,1,6
1309,REMOVE,1,9
1310,ADD,1,7
1310,ADD,1,9
1310,ADD,3,1
1310,REMOVE,3,8
1311,REMOVE,1,7
1311,REMOVE,1,9
1311,REMOVE,2,9
1312,ADD,0,3
1312,ADD,2,9
1312,ADD,3,8
1312,ADD,5,3
1312,REMOVE,0,8
1312,REMOVE,2,5
1312,REMOVE,3,7
1312,REMOVE,5,8
1313,ADD,0,8
1313,ADD,1,2
1313,ADD,1,8
1313,ADD,2,0
1313,ADD,3,7
1313,ADD,5,8
1313,REMOVE,0,3
1313,REMOVE,2,9
1313,REMOVE,3,8
1313,REMOVE,5,3
1314,ADD,1,7
1314,ADD,3,8
1314,ADD,7,9
1314,REMOVE,1,2
1314,REMOVE,7,7
1315,ADD,1,9
1315,ADD,2,9
1315,ADD,5,9
1315,ADD,7,7
1315,REMOVE,1,7
1315,REMOVE,5,8
1315,REMOVE,7,8
1315,REMOVE,7,9
1316,ADD,5,8
1316,REMOVE,1,8
1316,REMOVE,1,9
1316,REMOVE,3,7
1317,ADD,1,2
1317,ADD,1,8
1317,ADD,3,7
1317,REMOVE,5,9
1317,REMOVE,8,1
1318,ADD,1,9
1318,ADD,2,5
1318,ADD,7,8
1318,REMOVE,1,8
1318,REMOVE,2,0
1318,REMOVE,2,9
1318,REMOVE,3,7
1319,ADD,2,9
1319,REMOVE,1,2
1319,REMOVE,1,9
1320,ADD,3,0
1320,ADD,3,6
1320,REMOVE,2,9
1320,REMOVE,3,8
1321,ADD,1,5
1321,ADD,1,8
1321,ADD,2,1
1321,ADD,3,8
1321,REMOVE,2,5
1321,REMOVE,3,0
1322,ADD,1,7
1322,ADD,2,5
1322,REMOVE,1,5
1322,REMOVE,3,6
1323,ADD,1,9
1323,ADD,5,9
1323,REMOVE,1,7
1323,REMOVE,5,7
1324,ADD,1,2
1324,REMOVE,8,3
1324,REMOVE,8,8
1325,ADD,2,2
1325,ADD,3,7
1325,REMOVE,2,7
1325,REMOVE,3,8
1326,ADD,2,9
1326,ADD,3,8
1326,ADD,5,0
1326,REMOVE,2,1
1326,REMOVE,3,7
1327,ADD,0,3
1327,ADD,1,7
1327,ADD,4,9
1327,ADD,8,8
1327,REMOVE,0,8
1327,REMOVE,1,8
1327,REMOVE,4,7
1328,ADD,3,7
1328,ADD,4,7
1328,REMOVE,5,0
1329,ADD,1,8
1329,ADD,2,7
1329,REMOVE,1,7
1329,REMOVE,2,5
1329,REMOVE,2,8
1329,REMOVE,3,1
1330,ADD,0,9
1330,ADD,1,5
1330,ADD,1,7
1330,ADD,2,8
1330,ADD,4,0
1330,ADD,5,5
1330,REMOVE,1,8
1330,REMOVE,2,7
1330,REMOVE,4,7
1331,ADD,0,8
1331,ADD,1,8
1331,ADD,2,0
1331,ADD,2,1
1331,REMOVE,0,3
1331,REMOVE,0,9
1331,REMOVE,1,7
1331,REMOVE,2,8
1332,ADD,0,5
1332,ADD,0,6
1332,ADD,1,7
1332,ADD,2,8
1332,REMOVE,0,2
1332,REMOVE,0,8
1332,REMOVE,1,2
1332,REMOVE,1,5
1333,ADD,0,9
1333,ADD,1,2
1333,REMOVE,0,5
1333,REMOVE,1,8
1333,REMOVE,2,0
1333,REMOVE,2,9
1334,ADD,0,2
1334,ADD,1,8
1334,REMOVE,0,9
1334,REMOVE,1,2
1335,ADD,0,8
1335,ADD,1,2
1335,ADD,2,7
1335,ADD,5,7
1335,REMOVE,1,7
1335,REMOVE,1,9
1335,REMOVE,5,5
1336,ADD,0,3
1336,ADD,1,9
1336,ADD,3,9
1336,REMOVE,0,6
1336,REMOVE,0,8
1336,REMOVE,3,8
1337,ADD,0,8
1337,ADD,3,8
1337,REMOVE,0,2
1337,REMOVE,3,2
1338,ADD,0,0
1338,ADD,3,5
1338,REMOVE,3,9
1338,REMOVE,5,7
1339,ADD,2,9
1339,ADD,3,9
1339,ADD,5,7
1339,REMOVE,2,1
1339,REMOVE,2,7
1340,ADD,1,7
1340,ADD,2,7
1340,REMOVE,1,9
1340,REMOVE,3,5
1340,REMOVE,4,0
1340,REMOVE,5,7
1341,ADD,1,3
1341,ADD,2,5
1341,ADD,3,5
1341,ADD,4,7
1341,ADD,5,7
1341,REMOVE,0,3
1341,REMOVE,1,8
1341,REMOVE,2,2
1341,REMOVE,5,9
1342,ADD,0,1
1342,ADD,0,2
1342,ADD,1,9
1342,ADD,2,2
1342,ADD,3,2
1342,REMOVE,0,8
1342,REMOVE,2,5
1342,REMOVE,2,9
1342,REMOVE,3,8
1343,ADD,1,8
1343,REMOVE,0,1
1343,REMOVE,1,3
1343,REMOVE,1,7
1344,ADD,0,9
1344,ADD,1,7
1344,ADD,2,9
1344,ADD,3,8
1344,REMOVE,0,0
1344,REMOVE,1,9
1344,REMOVE,2,7
1344,REMOVE,3,7
1345,ADD,0,8
1345,ADD,2,7
1345,REMOVE,0,7
1345,REMOVE,1,8
1345,REMOVE,2,8
1346,ADD,0,7
1346,ADD,1,3
1346,ADD,3,7
1346,ADD,6,9
1346,REMOVE,0,8
1346,REMOVE,3,5
1346,REMOVE,4,9
1346,REMOVE,6,8
1347,ADD,0,8
1347,ADD,1,9
1347,ADD,2,8
1347,REMOVE,1,3
1347,REMOVE,2,9
1347,REMOVE,3,7
1348,ADD,1,8
1348,ADD,3,7
1348,ADD,4,3
1348,REMOVE,0,9
1348,REMOVE,3,9
1348,REMOVE,4,8
1349,ADD,4,9
1349,ADD,6,0
1349,REMOVE,1,8
1350,ADD,3,5
1350,ADD,6,8
1350,REMOVE,3,2
1350,REMOVE,6,7
1351,ADD,1,0
1351,ADD,1,1
1351,ADD,2,9
1351,ADD,3,6
1351,REMOVE,1,7
1351,REMOVE,2,7
1351,REMOVE,3,8
1352,ADD,1,8
1352,ADD,2,7
1352,ADD,3,8
1352,REMOVE,1,9
1352,REMOVE,2,9
1352,REMOVE,4,9
1353,ADD,1,7
1353,ADD,2,9
1353,REMOVE,1,0
1353,REMOVE,1,2
1353,REMOVE,2,8
1354,ADD,1,2
1354,ADD,2,0
1354,ADD,2,6
1354,ADD,3,9
1354,ADD,4,8
1354,REMOVE,1,8
1354,REMOVE,2,7
1354,REMOVE,3,6
1354,REMOVE,4,3
1355,ADD,1,8
1355,ADD,7,9
1355,REMOVE,7,7
1355,REMOVE,8,8
1356,ADD,0,5
1356,ADD,2,7
1356,ADD,8,8
1356,REMOVE,0,2
1356,REMOVE,2,9
1357,ADD,7,7
1357,REMOVE,1,1
1357,REMOVE,3,5
1357,REMOVE,7,8
1358,REMOVE,2,0
1359,ADD,1,9
1359,ADD,2,3
1359,ADD,3,2
1359,REMOVE,1,7
1359,REMOVE,2,6
1359,REMOVE,3,8
1360,ADD,0,2
1360,ADD,3,8
1360,ADD,7,5
1360,REMOVE,0,5
1360,REMOVE,0,8
1361,ADD,0,8
1361,REMOVE,3,9
1361,REMOVE,8,6
1361,REMOVE,9,5
1362,ADD,1,0
1362,ADD,2,8
1362,ADD,3,3
1362,REMOVE,2,3
1362,REMOVE,3,8
1363,ADD,0,9
1363,ADD,2,9
1363,ADD,3,8
1363,REMOVE,0,7
1363,REMOVE,2,7
1363,REMOVE,3,3
1364,ADD,1,7
1364,ADD,2,7
1364,ADD,8,9
1364,REMOVE,1,2
1364,REMOVE,1,9
1365,ADD,1,9
1365,REMOVE,7,5
1366,ADD,0,7
1366,ADD,5,9
1366,REMOVE,5,7
1366,REMOVE,8,5
1367,ADD,0,5
1367,ADD,7,8
1367,ADD,9,5
1367,REMOVE,0,2
1367,REMOVE,1,0
1367,REMOVE,1,9
1368,ADD,0,2
1368,ADD,1,9
1368,ADD,5,7
1368,ADD,8,5
1368,REMOVE,0,5
1368,REMOVE,0,9
1368,REMOVE,2,7
1369,ADD,1,2
1369,ADD,2,7
1369,REMOVE,1,9
1369,REMOVE,9,5
1370,ADD,0,5
1370,ADD,9,5
1370,REMOVE,0,2
1370,REMOVE,5,9
1371,ADD,0,9
1371,ADD,2,0
1371,ADD,2,6
1371,ADD,5,5
1371,REMOVE,2,7
1371,REMOVE,2,8
1371,REMOVE,5,2
1372,ADD,2,1
1372,ADD,3,3
1372,ADD,5,1
1372,REMOVE,2,9
1372,REMOVE,3,2
1373,ADD,0,2
1373,ADD,2,8
1373,REMOVE,0,7
1373,REMOVE,2,0
1373,REMOVE,2,6
1374,ADD,3,2
1374,REMOVE,0,9
1374,REMOVE,3,8
1375,ADD,0,1
1375,ADD,2,7
1375,ADD,3,4
1375,ADD,5,3
1375,REMOVE,0,5
1375,REMOVE,5,8
1376,ADD,5,2
1376,REMOVE,5,5
1376,REMOVE,7,7
1377,ADD,0,7
1377,REMOVE,8,9
1378,ADD,1,9
1378,ADD,5,8
1378,REMOVE,1,7
1378,REMOVE,5,3
1378,REMOVE,7,8
1379,ADD,7,8
1380,ADD,7,7
1380,ADD,8,9
1381,ADD,0,5
1381,ADD,1,7
1381,ADD,2,5
1381,REMOVE,0,2
1381,REMOVE,1,8
1381,REMOVE,1,9
1381,REMOVE,2,2
1382,ADD,0,2
1382,ADD,1,8
1382,REMOVE,0,1
1382,REMOVE,0,8
1382,REMOVE,5,7
1383,ADD,0,6
1383,ADD,4,9
1383,ADD,5,0
1383,ADD,5,7
1383,REMOVE,4,7
1383,REMOVE,5,8
1384,ADD,2,2
1384,ADD,4,7
1384,REMOVE,0,5
1384,REMOVE,2,5
1384,REMOVE,2,8
1385,ADD,0,8
1385,ADD,1,9
1385,ADD,2,8
1385,REMOVE,1,7
1385,REMOVE,2,1
1385,REMOVE,6,0
1386,ADD,6,7
1386,REMOVE,0,6
1386,REMOVE,5,0
1387,ADD,0,9
1387,ADD,1,7
1387,ADD,3,8
1387,ADD,5,8
1387,REMOVE,0,8
1387,REMOVE,1,9
1387,REMOVE,3,3
1388,ADD,0,8
1388,ADD,1,5
1388,ADD,2,9
1388,REMOVE,1,2
1388,REMOVE,2,8
1388,REMOVE,3,4
1389,ADD,1,4
1389,ADD,1,9
1389,ADD,2,8
1389,REMOVE,0,8
1389,REMOVE,1,5
1389,REMOVE,1,8
1390,ADD,0,3
1390,ADD,1,2
1390,ADD,1,8
1390,ADD,2,3
1390,REMOVE,0,9
1390,REMOVE,2,8
1390,REMOVE,2,9
1390,REMOVE,5,7
1391,ADD,0,9
1391,ADD,2,9
1391,REMOVE,1,7
1391,REMOVE,1,8
1392,ADD,0,1
1392,ADD,1,8
1392,REMOVE,0,3
1392,REMOVE,0,9
1393,ADD,5,7
1393,REMOVE,0,1
1393,REMOVE,0,2
1393,REMOVE,0,7
1394,ADD,0,7
1394,ADD,0,8
1394,ADD,1,0
1394,ADD,2,8
1394,ADD,3,9
1394,REMOVE,1,8
1394,REMOVE,2,7
1394,REMOVE,2,9
1394,REMOVE,3,7
1395,ADD,1,8
1395,ADD,2,7
1395,ADD,3,7
1395,REMOVE,0,7
1395,REMOVE,0,8
1395,REMOVE,1,0
1395,REMOVE,2,8
1396,ADD,1,7
1396,REMOVE,1,8
1396,REMOVE,1,9
1397,ADD,1,9
1397,ADD,2,9
1397,ADD,5,5
1397,REMOVE,1,4
1397,REMOVE,5,1
1397,REMOVE,5,2
1398,ADD,0,6
1398,ADD,0,7
1398,REMOVE,2,9
1399,ADD,0,8
1399,REMOVE,0,6
1399,REMOVE,3,9
1399,REMOVE,4,9
1400,ADD,1,3
1400,ADD,2,9
1400,REMOVE,0,7
1400,REMOVE,0,8
1400,REMOVE,1,9
1400,REMOVE,2,3
1401,ADD,0,7
1401,ADD,0,9
1401,ADD,1,0
1401,ADD,2,3
1401,REMOVE,1,3
1401,REMOVE,1,7
1401,REMOVE,2,9
1402,ADD,0,2
1402,ADD,1,7
1402,ADD,3,9
1402,ADD,5,6
1402,REMOVE,1,0
1402,REMOVE,2,3
1402,REMOVE,3,7
1403,REMOVE,0,2
1404,ADD,0,1
1404,ADD,1,3
1404,ADD,2,8
1404,ADD,3,7
1404,ADD,5,1
1404,REMOVE,1,7
1404,REMOVE,3,8
1404,REMOVE,5,5
1405,ADD,0,5
1405,ADD,1,7
1405,ADD,2,9
1405,ADD,4,3
1405,ADD,5,5
1405,REMOVE,1,3
1405,REMOVE,2,2
1405,REMOVE,4,8
1406,ADD,0,8
1406,ADD,1,8
1406,ADD,2,3
1406,ADD,3,0
1406,ADD,4,1
1406,REMOVE,0,1
1406,REMOVE,1,2
1406,REMOVE,2,9
1407,ADD,0,1
1407,ADD,1,5
1407,REMOVE,0,8
1407,REMOVE,0,9
1408,ADD,0,2
1408,ADD,1,9
1408,ADD,2,2
1408,REMOVE,1,5
1408,REMOVE,1,8
1408,REMOVE,2,3
1408,REMOVE,2,8
1409,ADD,1,8
1409,ADD,2,8
1409,ADD,3,8
1409,REMOVE,0,5
1409,REMOVE,1,9
1409,REMOVE,3,0
1410,ADD,1,5
1410,REMOVE,0,1
1410,REMOVE,3,2
1411,ADD,0,8
1411,ADD,1,9
1411,ADD,3,2
1411,REMOVE,0,2
1411,REMOVE,3,8
1412,ADD,0,2
1412,REMOVE,1,5
1412,REMOVE,1,8
1413,ADD,1,5
1413,ADD,2,9
1413,ADD,3,8
1413,REMOVE,2,8
1413,REMOVE,3,7
1414,ADD,0,9
1414,REMOVE,0,7
1414,REMOVE,0,8
1415,ADD,0,7
1415,ADD,1,6
1415,ADD,2,8
1415,REMOVE,0,2
1415,REMOVE,1,5
1415,REMOVE,2,9
1416,ADD,1,8
1416,ADD,2,9
1416,REMOVE,1,6
1416,REMOVE,1,9
1416,REMOVE,2,7
1417,ADD,0,0
1417,ADD,0,1
1417,ADD,0,8
1417,ADD,1,6
1417,ADD,2,7
1417,ADD,3,7
1417,REMOVE,0,7
1417,REMOVE,0,9
1417,REMOVE,1,8
1417,REMOVE,2,8
1418,ADD,0,7
1418,ADD,1,2
1418,ADD,1,5
1418,ADD,2,8
1418,REMOVE,1,6
1418,REMOVE,2,2
1419,ADD,0,2
1419,ADD,1,9
1419,ADD,2,5
1419,REMOVE,0,0
1419,REMOVE,0,7
1419,REMOVE,1,5
1419,REMOVE,1,7
1420,ADD,0,9
1420,REMOVE,0,1
1420,REMOVE,1,2
1420,REMOVE,1,9
1421,ADD,0,7
1421,ADD,1,1
1421,ADD,1,4
1421,ADD,1,7
1421,ADD,3,5
1421,REMOVE,0,2
1421,REMOVE,0,9
1421,REMOVE,3,2
1422,ADD,0,6
1422,ADD,1,9
1422,REMOVE,0,8
1422,REMOVE,1,1
1422,REMOVE,2,5
1422,REMOVE,2,7
1423,ADD,0,9
1423,ADD,1,2
1423,ADD,1,5
1423,ADD,2,0
1423,ADD,2,7
1423,REMOVE,0,6
1423,REMOVE,1,7
1423,REMOVE,1,9
1423,REMOVE,2,9
1424,ADD,0,2
1424,ADD,1,7
1424,REMOVE,0,9
1424,REMOVE,1,2
1424,REMOVE,1,5
1424,REMOVE,2,0
1425,ADD,0,9
1425,ADD,1,9
1425,ADD,2,9
1425,ADD,3,6
1425,ADD,4,9
1425,REMOVE,1,4
1425,REMOVE,3,7
1425,REMOVE,3,9
1425,REMOVE,4,1
1426,ADD,0,8
1426,ADD,1,8
1426,ADD,2,5
1426,REMOVE,0,7
1426,REMOVE,2,9
1426,REMOVE,4,3
1427,ADD,0,0
1427,ADD,0,1
1427,ADD,2,9
1427,ADD,4,4
1427,ADD,4,5
1427,REMOVE,0,8
1427,REMOVE,4,7
1428,ADD,0,8
1428,ADD,4,8
1428,REMOVE,1,7
1428,REMOVE,1,8
1428,REMOVE,1,9
1428,REMOVE,2,7
1429,ADD,1,7
1429,ADD,1,8
1429,ADD,2,7
1429,REMOVE,0,0
1429,REMOVE,0,1
1429,REMOVE,0,9
1430,ADD,0,9
1430,ADD,1,9
1430,ADD,3,9
1430,REMOVE,1,8
1430,REMOVE,2,5
1430,REMOVE,2,7
1431,ADD,0,7
1431,ADD,1,8
1431,ADD,2,0
1431,ADD,2,7
1431,REMOVE,0,2
1431,REMOVE,0,9
1431,REMOVE,1,7
1431,REMOVE,2,9
1432,REMOVE,3,5
1433,ADD,0,9
1433,ADD,2,9
1433,ADD,3,7
1433,REMOVE,2,0
1433,REMOVE,3,6
1433,REMOVE,3,9
1434,ADD,0,3
1434,ADD,1,2
1434,ADD,2,6
1434,ADD,3,5
1434,REMOVE,0,7
1434,REMOVE,0,8
1434,REMOVE,2,8
1434,REMOVE,2,9
1435,ADD,0,2
1435,ADD,0,7
1435,ADD,2,9
1435,REMOVE,0,3
1435,REMOVE,1,2
1435,REMOVE,2,6
1436,ADD,0,8
1436,ADD,2,1
1436,ADD,2,2
1436,REMOVE,0,2
1436,REMOVE,0,9
1436,REMOVE,2,9
1437,ADD,0,5
1437,ADD,1,7
1437,ADD,2,8
1437,ADD,3,9
1437,REMOVE,0,7
1437,REMOVE,1,8
1437,REMOVE,2,1
1438,ADD,0,7
1438,ADD,1,0
1438,ADD,1,1
1438,ADD,2,9
1438,REMOVE,0,5
1438,REMOVE,1,9
1438,REMOVE,2,2
1438,REMOVE,2,8
1439,ADD,0,9
1439,ADD,1,9
1439,ADD,3,2
1439,REMOVE,0,8
1439,REMOVE,1,0
1439,REMOVE,1,1
1439,REMOVE,3,7
1440,ADD,0,8
1440,ADD,1,2
1440,ADD,2,2
1440,ADD,2,8
1440,REMOVE,0,9
1440,REMOVE,1,9
1440,REMOVE,2,7
1440,REMOVE,2,9
1441,ADD,1,8
1441,ADD,2,7
1441,REMOVE,1,2
1441,REMOVE,3,2
1441,REMOVE,3,5
1442,ADD,0,2
1442,ADD,1,2
1442,ADD,3,0
1442,ADD,3,2
1442,REMOVE,0,8
1442,REMOVE,1,8
1442,REMOVE,2,7
1443,ADD,0,8
1443,ADD,1,8
1443,ADD,2,3
1443,ADD,2,4
1443,REMOVE,0,2
1443,REMOVE,1,7
1443,REMOVE,2,8
1443,REMOVE,3,0
1444,ADD,0,9
1444,ADD,2,7
1444,REMOVE,0,7
1444,REMOVE,1,2
1444,REMOVE,1,8
1444,REMOVE,2,3
1445,ADD,1,3
1445,ADD,1,9
1445,REMOVE,2,2
1445,REMOVE,2,4
1445,REMOVE,2,7
1446,ADD,0,5
1446,ADD,1,0
1446,ADD,1,5
1446,ADD,2,0
1446,ADD,2,7
1446,ADD,3,7
1446,REMOVE,1,3
1446,REMOVE,1,9
1446,REMOVE,3,2
1447,ADD,0,2
1447,ADD,1,2
1447,ADD,1,4
1447,ADD,2,6
1447,ADD,3,5
1447,REMOVE,0,9
1447,REMOVE,1,5
1447,REMOVE,2,0
1447,REMOVE,3,7
1448,ADD,0,9
1448,ADD,2,3
1448,ADD,2,8
1448,ADD,3,7
1448,REMOVE,1,0
1448,REMOVE,1,2
1448,REMOVE,1,4
1448,REMOVE,2,6
1449,ADD,1,1
1449,ADD,1,2
1449,ADD,1,8
1449,ADD,2,9
1449,REMOVE,0,5
1449,REMOVE,2,3
1449,REMOVE,3,5
1450,ADD,1,9
1450,ADD,3,5
1450,REMOVE,1,8
1450,REMOVE,3,8
1451,ADD,1,8
1451,ADD,3,8
1451,REMOVE,0,2
1451,REMOVE,1,1
1451,REMOVE,1,9
