Slot,Action,Dataset,Server
1,ADD,4,5
1,ADD,8,7
2,ADD,4,2
2,ADD,9,2
3,ADD,9,5
4,ADD,8,0
5,ADD,6,3
5,ADD,7,2
6,ADD,3,2
6,REMOVE,9,7
7,ADD,1,9
7,ADD,2,0
8,ADD,1,0
8,REMOVE,8,3
9,ADD,6,6
9,REMOVE,4,7
9,REMOVE,5,9
10,ADD,4,6
10,REMOVE,9,5
11,ADD,1,8
11,ADD,4,0
11,REMOVE,6,3
12,ADD,8,1
13,ADD,7,9
13,REMOVE,1,0
13,REMOVE,9,0
14,ADD,0,2
14,ADD,2,4
14,ADD,9,1
14,REMOVE,5,1
15,ADD,3,0
15,ADD,5,5
15,ADD,5,9
15,ADD,6,7
15,REMOVE,1,8
16,ADD,5,3
17,ADD,6,5
18,ADD,5,7
18,ADD,9,5
18,REMOVE,1,9
18,REMOVE,7,9
19,ADD,3,4
19,REMOVE,0,4
20,ADD,1,1
21,ADD,7,9
22,ADD,1,2
22,REMOVE,7,9
22,REMOVE,8,5
23,ADD,6,3
23,REMOVE,2,0
23,REMOVE,5,7
23,REMOVE,8,7
24,ADD,0,9
25,ADD,7,9
25,REMOVE,6,3
25,REMOVE,8,1
26,ADD,7,1
27,ADD,2,2
27,REMOVE,0,2
27,REMOVE,1,5
27,REMOVE,6,5
27,REMOVE,8,8
28,ADD,9,4
29,ADD,1,0
29,REMOVE,2,5
29,REMOVE,4,5
29,REMOVE,6,6
30,ADD,8,2
30,REMOVE,1,2
30,REMOVE,6,7
31,ADD,2,5
31,REMOVE,2,2
31,REMOVE,3,6
31,REMOVE,5,3
32,ADD,1,2
32,ADD,2,6
32,ADD,2,9
32,ADD,7,7
32,REMOVE,0,8
32,REMOVE,4,6
32,REMOVE,5,9
32,REMOVE,7,6
32,REMOVE,9,1
33,ADD,6,2
33,ADD,8,8
33,REMOVE,4,0
33,REMOVE,8,2
34,ADD,8,2
34,REMOVE,1,0
34,REMOVE,7,2
34,REMOVE,7,3
34,REMOVE,7,7
35,ADD,0,7
35,REMOVE,3,5
36,ADD,5,2
36,ADD,7,7
36,REMOVE,2,6
37,ADD,1,8
37,ADD,9,0
38,ADD,6,7
39,ADD,9,9
40,ADD,8,5
41,ADD,3,9
42,ADD,1,9
43,ADD,4,3
43,REMOVE,7,4
43,REMOVE,7,7
44,ADD,5,4
44,REMOVE,4,2
44,REMOVE,8,5
45,ADD,4,4
45,ADD,7,3
45,REMOVE,5,5
46,ADD,4,0
46,ADD,9,3
46,REMOVE,8,4
47,ADD,1,4
48,ADD,1,5
48,REMOVE,9,9
49,ADD,1,0
49,REMOVE,1,2
49,REMOVE,8,2
49,REMOVE,9,2
50,ADD,5,5
50,REMOVE,1,1
50,REMOVE,1,8
51,ADD,9,2
51,REMOVE,1,9
51,REMOVE,7,3
52,ADD,0,3
52,ADD,7,8
52,REMOVE,4,9
53,ADD,0,6
53,REMOVE,3,0
53,REMOVE,4,3
53,REMOVE,7,1
54,ADD,1,1
54,ADD,2,1
54,ADD,8,5
54,REMOVE,0,3
54,REMOVE,2,4
54,REMOVE,3,8
54,REMOVE,5,0
54,REMOVE,9,0
54,REMOVE,9,2
55,ADD,4,1
55,ADD,5,3
55,REMOVE,1,5
55,REMOVE,2,5
55,REMOVE,6,8
56,REMOVE,6,2
57,ADD,1,5
57,ADD,4,5
57,REMOVE,1,0
57,REMOVE,1,7
57,REMOVE,2,1
57,REMOVE,7,9
57,REMOVE,8,8
57,REMOVE,9,4
57,REMOVE,9,5
57,REMOVE,9,8
58,ADD,2,3
58,ADD,8,8
58,REMOVE,0,6
58,REMOVE,2,9
58,REMOVE,5,5
59,ADD,7,3
59,REMOVE,8,5
60,ADD,6,2
60,REMOVE,6,7
60,REMOVE,7,3
60,REMOVE,8,0
61,ADD,8,9
61,REMOVE,1,4
61,REMOVE,1,5
61,REMOVE,2,8
61,REMOVE,7,0
62,ADD,9,2
62,ADD,9,4
62,REMOVE,0,9
62,REMOVE,3,4
62,REMOVE,5,2
63,ADD,8,4
64,ADD,6,4
64,REMOVE,7,5
64,REMOVE,8,4
65,ADD,5,1
66,ADD,0,5
66,ADD,1,2
66,ADD,7,0
67,ADD,6,8
67,REMOVE,4,1
68,ADD,4,1
68,ADD,6,0
69,ADD,0,6
70,ADD,0,1
71,ADD,4,9
72,ADD,5,2
72,REMOVE,6,8
73,ADD,0,2
73,REMOVE,0,6
73,REMOVE,5,2
73,REMOVE,5,3
73,REMOVE,9,3
74,ADD,0,4
74,REMOVE,4,9
74,REMOVE,6,0
75,ADD,1,3
75,ADD,4,6
75,REMOVE,1,2
75,REMOVE,4,0
75,REMOVE,6,4
75,REMOVE,7,0
75,REMOVE,8,8
76,ADD,7,0
76,REMOVE,2,7
76,REMOVE,3,2
76,REMOVE,4,1
76,REMOVE,4,5
76,REMOVE,5,1
76,REMOVE,5,4
76,REMOVE,5,8
76,REMOVE,7,8
77,ADD,3,2
78,ADD,1,4
78,ADD,2,9
78,ADD,4,3
78,REMOVE,2,3
78,REMOVE,3,9
78,REMOVE,8,9
79,ADD,2,4
79,ADD,3,6
79,ADD,6,1
79,ADD,7,4
80,ADD,2,5
80,ADD,3,3
80,ADD,6,3
81,ADD,1,0
81,ADD,5,1
82,ADD,2,1
82,REMOVE,0,7
82,REMOVE,3,3
82,REMOVE,4,6
82,REMOVE,6,1
82,REMOVE,6,2
83,ADD,6,0
83,ADD,9,9
83,REMOVE,2,9
84,ADD,8,8
84,REMOVE,2,4
84,REMOVE,3,2
84,REMOVE,5,1
84,REMOVE,9,4
85,ADD,2,4
85,ADD,9,0
85,REMOVE,1,3
86,ADD,2,2
86,ADD,4,0
86,ADD,5,4
86,REMOVE,0,2
86,REMOVE,7,0
86,REMOVE,9,0
87,ADD,3,0
87,ADD,3,3
87,REMOVE,1,1
88,ADD,7,9
89,ADD,4,6
89,REMOVE,3,0
89,REMOVE,3,6
89,REMOVE,7,4
90,ADD,6,6
90,REMOVE,2,5
91,ADD,0,3
91,ADD,1,3
92,ADD,8,0
93,ADD,6,2
93,REMOVE,0,3
93,REMOVE,2,4
93,REMOVE,6,6
94,ADD,5,1
94,REMOVE,2,1
94,REMOVE,4,4
94,REMOVE,6,2
95,ADD,1,2
96,ADD,2,3
96,ADD,5,0
96,REMOVE,1,3
97,ADD,1,3
97,ADD,7,1
97,REMOVE,0,4
97,REMOVE,4,3
97,REMOVE,8,0
98,ADD,5,8
98,REMOVE,4,6
98,REMOVE,7,1
98,REMOVE,9,2
99,ADD,4,6
99,ADD,6,8
99,ADD,7,5
100,ADD,3,1
101,ADD,3,9
102,ADD,1,5
102,REMOVE,1,0
102,REMOVE,1,2
102,REMOVE,1,3
102,REMOVE,4,6
102,REMOVE,6,0
103,ADD,3,8
103,ADD,5,3
103,ADD,9,8
103,REMOVE,0,1
103,REMOVE,1,4
103,REMOVE,1,5
103,REMOVE,5,1
104,ADD,4,4
104,REMOVE,2,3
104,REMOVE,6,3
105,ADD,1,1
105,ADD,1,5
105,ADD,2,1
105,ADD,4,9
105,ADD,6,5
105,ADD,8,4
105,REMOVE,0,5
105,REMOVE,6,8
105,REMOVE,8,8
105,REMOVE,9,8
106,ADD,0,3
106,ADD,1,4
106,REMOVE,2,1
106,REMOVE,3,1
106,REMOVE,3,9
106,REMOVE,7,5
106,REMOVE,8,4
106,REMOVE,9,9
107,ADD,8,1
108,ADD,2,1
108,ADD,6,3
108,REMOVE,5,4
109,ADD,8,9
109,REMOVE,5,0
110,ADD,4,6
110,ADD,6,1
110,REMOVE,3,3
110,REMOVE,6,5
111,ADD,0,4
111,REMOVE,1,1
111,REMOVE,6,3
111,REMOVE,8,1
112,ADD,6,2
112,ADD,7,2
112,REMOVE,2,2
112,REMOVE,5,3
112,REMOVE,7,9
112,REMOVE,8,9
113,ADD,1,9
114,ADD,5,1
114,REMOVE,0,4
114,REMOVE,1,9
114,REMOVE,6,2
114,REMOVE,7,2
115,ADD,1,1
115,ADD,8,8
115,REMOVE,3,8
116,ADD,1,3
116,ADD,2,0
116,ADD,3,5
116,REMOVE,5,8
117,ADD,2,5
117,ADD,6,0
117,ADD,8,6
117,REMOVE,0,3
117,REMOVE,1,1
117,REMOVE,4,4
117,REMOVE,4,9
118,ADD,2,9
118,REMOVE,2,1
118,REMOVE,5,1
118,REMOVE,6,1
119,ADD,5,5
119,ADD,8,0
119,REMOVE,2,9
120,ADD,7,8
120,REMOVE,3,5
120,REMOVE,8,0
121,ADD,0,3
121,ADD,2,1
121,REMOVE,4,6
122,ADD,5,4
122,ADD,8,0
122,REMOVE,1,3
122,REMOVE,7,8
123,ADD,1,2
123,ADD,1,8
123,REMOVE,2,0
123,REMOVE,2,5
123,REMOVE,4,0
123,REMOVE,5,4
123,REMOVE,5,5
123,REMOVE,8,6
124,ADD,3,5
124,ADD,4,2
124,REMOVE,1,4
124,REMOVE,8,8
125,ADD,5,3
125,ADD,7,2
125,REMOVE,0,3
125,REMOVE,1,2
125,REMOVE,3,5
125,REMOVE,8,0
126,ADD,2,2
126,ADD,3,4
126,ADD,4,6
126,ADD,7,4
126,REMOVE,6,0
127,ADD,9,5
127,REMOVE,1,5
127,REMOVE,3,4
127,REMOVE,4,6
127,REMOVE,5,3
127,REMOVE,7,4
128,ADD,0,5
129,ADD,0,7
129,ADD,4,1
129,ADD,5,1
130,ADD,5,0
130,ADD,6,1
130,REMOVE,4,2
131,ADD,1,3
131,ADD,7,5
131,REMOVE,5,0
131,REMOVE,5,1
131,REMOVE,7,2
132,ADD,4,9
132,ADD,5,0
132,ADD,5,1
132,REMOVE,1,3
133,ADD,1,3
133,ADD,4,7
133,ADD,5,4
133,ADD,6,5
133,ADD,7,9
133,REMOVE,0,7
133,REMOVE,4,9
134,ADD,1,0
134,ADD,8,9
134,REMOVE,0,5
134,REMOVE,4,1
134,REMOVE,5,0
134,REMOVE,5,1
134,REMOVE,5,4
134,REMOVE,6,1
134,REMOVE,7,5
135,ADD,0,2
135,ADD,3,2
135,ADD,5,0
135,REMOVE,1,0
135,REMOVE,1,3
135,REMOVE,2,2
135,REMOVE,8,9
135,REMOVE,9,5
136,ADD,0,9
136,ADD,1,3
136,ADD,2,4
136,ADD,5,1
136,ADD,5,4
137,ADD,4,5
137,REMOVE,0,2
137,REMOVE,1,3
137,REMOVE,7,9
138,ADD,1,9
138,ADD,2,8
138,ADD,4,4
138,REMOVE,5,1
139,ADD,1,0
139,ADD,2,5
139,ADD,6,1
139,REMOVE,0,9
139,REMOVE,5,0
139,REMOVE,5,4
140,ADD,0,3
140,ADD,7,8
141,ADD,1,5
142,ADD,0,4
142,ADD,5,0
142,REMOVE,0,3
142,REMOVE,1,5
142,REMOVE,1,8
142,REMOVE,2,4
142,REMOVE,2,5
142,REMOVE,2,8
142,REMOVE,4,4
142,REMOVE,4,5
142,REMOVE,6,1
143,ADD,1,8
143,ADD,3,3
143,REMOVE,2,1
143,REMOVE,3,2
143,REMOVE,6,5
143,REMOVE,7,8
144,ADD,2,2
144,ADD,6,3
144,ADD,7,5
145,ADD,1,5
145,ADD,7,0
145,ADD,8,0
145,REMOVE,1,9
145,REMOVE,3,3
145,REMOVE,6,3
146,ADD,8,9
146,REMOVE,1,0
147,ADD,1,6
147,REMOVE,0,4
147,REMOVE,1,5
147,REMOVE,8,9
148,ADD,1,0
148,ADD,1,3
148,ADD,5,1
148,ADD,6,0
148,REMOVE,7,0
149,ADD,2,6
149,ADD,5,6
149,REMOVE,1,8
149,REMOVE,6,0
149,REMOVE,7,5
150,ADD,6,7
150,REMOVE,1,3
151,ADD,7,5
151,REMOVE,8,0
152,ADD,3,5
152,ADD,3,9
154,ADD,2,9
154,ADD,6,5
154,REMOVE,7,5
155,ADD,2,1
155,ADD,4,9
155,REMOVE,3,5
155,REMOVE,3,9
155,REMOVE,5,0
155,REMOVE,6,5
156,ADD,5,2
156,REMOVE,4,9
157,ADD,2,8
157,REMOVE,2,1
157,REMOVE,2,2
157,REMOVE,2,6
157,REMOVE,2,9
157,REMOVE,5,6
158,ADD,1,8
158,ADD,2,0
158,REMOVE,1,6
158,REMOVE,5,2
159,ADD,3,6
159,ADD,4,1
159,REMOVE,1,8
159,REMOVE,2,8
159,REMOVE,5,1
160,ADD,0,4
160,ADD,1,8
160,ADD,4,5
160,REMOVE,3,6
160,REMOVE,6,7
161,ADD,1,3
161,ADD,2,3
161,ADD,3,0
161,ADD,6,1
161,REMOVE,0,4
161,REMOVE,4,1
162,ADD,9,6
162,REMOVE,1,8
162,REMOVE,4,5
163,ADD,5,9
163,REMOVE,1,0
163,REMOVE,4,7
164,ADD,1,6
164,ADD,2,4
164,ADD,3,3
164,ADD,4,0
164,ADD,5,0
166,ADD,5,4
166,REMOVE,1,3
166,REMOVE,1,6
166,REMOVE,2,3
166,REMOVE,2,4
166,REMOVE,3,0
166,REMOVE,3,3
166,REMOVE,6,1
166,REMOVE,9,6
167,ADD,0,8
167,ADD,1,2
167,ADD,8,8
167,REMOVE,4,0
168,ADD,0,0
168,ADD,4,4
168,ADD,6,9
168,REMOVE,0,8
168,REMOVE,5,0
168,REMOVE,5,9
169,ADD,1,7
169,ADD,2,4
169,ADD,3,5
169,ADD,5,3
169,REMOVE,0,0
170,ADD,2,1
170,ADD,4,8
170,REMOVE,1,2
171,ADD,2,6
171,ADD,7,8
171,REMOVE,4,4
171,REMOVE,5,3
172,ADD,0,4
172,ADD,4,9
172,REMOVE,2,0
172,REMOVE,2,1
172,REMOVE,2,6
172,REMOVE,3,5
172,REMOVE,5,4
172,REMOVE,7,8
172,REMOVE,8,8
173,ADD,3,8
173,ADD,5,2
173,ADD,5,6
173,ADD,6,7
173,REMOVE,0,4
173,REMOVE,1,7
173,REMOVE,4,9
173,REMOVE,6,9
174,ADD,0,7
174,ADD,1,1
174,ADD,1,2
174,ADD,3,4
174,ADD,4,9
175,ADD,2,9
175,ADD,8,8
176,ADD,7,1
177,ADD,0,2
177,REMOVE,2,9
177,REMOVE,4,9
178,ADD,4,0
178,ADD,8,0
178,REMOVE,0,7
178,REMOVE,1,1
178,REMOVE,2,4
178,REMOVE,3,8
178,REMOVE,6,7
178,REMOVE,7,1
178,REMOVE,8,8
179,ADD,1,9
179,REMOVE,0,2
180,ADD,4,9
180,REMOVE,1,2
180,REMOVE,4,0
180,REMOVE,5,2
181,ADD,1,0
181,ADD,2,2
181,ADD,5,2
181,ADD,7,2
181,REMOVE,3,4
181,REMOVE,4,8
181,REMOVE,4,9
181,REMOVE,8,0
182,ADD,0,0
182,ADD,4,3
182,ADD,4,8
182,ADD,6,1
182,REMOVE,1,9
182,REMOVE,7,2
183,ADD,3,2
183,ADD,6,4
183,ADD,9,3
183,REMOVE,1,0
183,REMOVE,4,3
184,ADD,0,3
184,ADD,2,8
185,ADD,1,7
185,ADD,2,5
185,ADD,7,4
185,REMOVE,0,0
185,REMOVE,0,3
185,REMOVE,2,2
185,REMOVE,2,8
185,REMOVE,3,2
185,REMOVE,4,8
185,REMOVE,9,3
186,ADD,0,9
186,ADD,4,1
186,ADD,8,8
186,REMOVE,1,7
186,REMOVE,7,4
187,ADD,1,2
187,ADD,4,0
187,REMOVE,2,5
187,REMOVE,5,6
187,REMOVE,6,4
187,REMOVE,8,8
188,ADD,6,0
188,REMOVE,1,2
188,REMOVE,5,2
189,ADD,0,4
189,ADD,1,7
189,REMOVE,4,0
190,ADD,1,5
190,ADD,3,2
190,ADD,4,2
190,ADD,5,9
190,ADD,6,4
190,ADD,9,2
191,ADD,2,1
191,ADD,8,9
192,ADD,2,2
192,ADD,3,6
192,ADD,5,6
192,REMOVE,0,9
192,REMOVE,1,5
192,REMOVE,6,0
192,REMOVE,6,4
192,REMOVE,8,9
192,REMOVE,9,2
193,ADD,8,3
193,REMOVE,0,4
193,REMOVE,2,1
193,REMOVE,3,6
193,REMOVE,4,1
193,REMOVE,6,1
194,ADD,1,5
194,ADD,2,1
194,ADD,4,1
194,REMOVE,3,2
194,REMOVE,4,2
194,REMOVE,5,9
194,REMOVE,8,3
195,ADD,0,5
195,ADD,6,4
195,ADD,9,0
195,REMOVE,1,7
195,REMOVE,2,2
195,REMOVE,5,6
196,ADD,1,1
196,ADD,2,0
196,ADD,5,8
196,ADD,6,5
196,ADD,8,9
196,REMOVE,0,5
196,REMOVE,9,0
197,ADD,0,0
197,ADD,0,8
197,ADD,4,0
197,ADD,6,1
197,REMOVE,1,1
197,REMOVE,1,5
197,REMOVE,2,1
197,REMOVE,8,9
198,ADD,2,3
198,ADD,3,4
198,ADD,7,6
198,REMOVE,0,0
198,REMOVE,0,8
198,REMOVE,4,0
198,REMOVE,6,1
199,ADD,0,9
199,ADD,1,4
199,ADD,3,5
199,ADD,4,5
199,REMOVE,2,0
199,REMOVE,2,3
199,REMOVE,5,8
199,REMOVE,6,4
199,REMOVE,6,5
199,REMOVE,7,6
200,ADD,1,9
200,ADD,2,2
200,REMOVE,4,1
201,ADD,1,0
201,ADD,5,5
201,REMOVE,0,9
201,REMOVE,3,4
201,REMOVE,3,5
202,ADD,3,3
202,ADD,4,9
202,ADD,6,2
202,ADD,9,8
202,REMOVE,1,0
202,REMOVE,5,5
203,ADD,2,1
203,ADD,4,4
203,ADD,5,5
203,ADD,5,7
203,ADD,7,1
203,REMOVE,1,4
203,REMOVE,1,9
203,REMOVE,3,3
203,REMOVE,6,2
203,REMOVE,9,8
204,ADD,1,0
204,ADD,1,1
204,ADD,2,5
204,ADD,6,1
204,REMOVE,4,5
204,REMOVE,5,5
204,REMOVE,7,1
205,ADD,1,4
205,ADD,7,6
205,REMOVE,2,5
205,REMOVE,4,4
205,REMOVE,5,7
206,ADD,8,2
206,ADD,9,5
206,REMOVE,1,0
207,ADD,4,4
207,ADD,5,7
207,ADD,8,0
207,REMOVE,1,1
207,REMOVE,1,4
207,REMOVE,6,1
207,REMOVE,7,6
208,ADD,4,5
208,ADD,5,1
208,ADD,6,3
208,ADD,7,6
208,REMOVE,2,2
208,REMOVE,8,2
208,REMOVE,9,5
209,ADD,2,5
209,REMOVE,4,4
209,REMOVE,4,5
209,REMOVE,5,7
209,REMOVE,7,6
209,REMOVE,8,0
210,ADD,4,4
210,ADD,6,4
210,ADD,7,1
210,ADD,7,4
210,REMOVE,2,1
210,REMOVE,2,5
211,ADD,2,9
211,ADD,4,0
211,ADD,5,3
211,REMOVE,6,4
211,REMOVE,7,1
211,REMOVE,7,4
212,ADD,7,4
212,ADD,9,0
212,REMOVE,2,9
212,REMOVE,5,1
212,REMOVE,6,3
213,ADD,1,4
213,ADD,6,4
213,REMOVE,4,0
213,REMOVE,4,4
213,REMOVE,7,4
213,REMOVE,9,0
214,ADD,2,6
214,ADD,6,0
214,ADD,6,3
214,ADD,7,5
214,REMOVE,1,4
214,REMOVE,4,9
215,ADD,0,4
215,ADD,4,2
215,ADD,5,2
215,REMOVE,2,6
215,REMOVE,6,0
215,REMOVE,7,5
216,ADD,0,3
216,ADD,3,4
216,ADD,6,0
216,ADD,7,0
216,ADD,7,3
216,ADD,7,4
216,REMOVE,0,4
216,REMOVE,5,3
217,ADD,1,8
217,ADD,5,3
217,REMOVE,0,3
217,REMOVE,3,4
217,REMOVE,4,2
217,REMOVE,6,0
217,REMOVE,7,0
218,ADD,2,4
218,ADD,4,3
218,ADD,4,8
218,ADD,6,0
218,ADD,6,8
219,ADD,9,6
219,REMOVE,4,3
219,REMOVE,5,2
219,REMOVE,5,3
219,REMOVE,6,0
219,REMOVE,6,3
219,REMOVE,6,4
219,REMOVE,6,8
220,ADD,5,9
220,ADD,6,7
220,REMOVE,4,8
220,REMOVE,7,3
220,REMOVE,7,4
220,REMOVE,9,6
221,ADD,1,9
221,ADD,2,3
221,ADD,7,0
222,ADD,4,4
222,ADD,5,4
222,ADD,7,3
222,ADD,7,8
222,REMOVE,1,8
223,ADD,2,0
223,ADD,4,3
223,ADD,4,7
223,REMOVE,1,9
223,REMOVE,5,4
223,REMOVE,7,0
224,ADD,4,6
224,REMOVE,2,0
224,REMOVE,2,3
224,REMOVE,4,3
224,REMOVE,4,7
224,REMOVE,6,7
224,REMOVE,7,3
225,ADD,5,4
225,ADD,7,4
225,ADD,7,9
225,REMOVE,2,4
225,REMOVE,4,6
226,ADD,1,8
226,ADD,6,0
226,ADD,6,3
226,ADD,6,6
226,REMOVE,5,4
226,REMOVE,5,9
226,REMOVE,7,4
226,REMOVE,7,9
227,ADD,4,1
227,ADD,5,4
227,ADD,8,9
227,REMOVE,6,0
227,REMOVE,6,3
227,REMOVE,7,8
228,ADD,0,2
228,ADD,7,2
228,REMOVE,6,6
228,REMOVE,8,9
229,ADD,2,6
229,ADD,6,3
229,ADD,7,4
229,REMOVE,4,1
230,ADD,2,2
230,ADD,4,3
230,ADD,5,5
230,ADD,9,1
230,REMOVE,0,2
230,REMOVE,7,4
231,ADD,3,7
231,REMOVE,2,2
231,REMOVE,4,3
231,REMOVE,5,5
231,REMOVE,6,3
231,REMOVE,7,2
231,REMOVE,9,1
232,ADD,2,0
232,ADD,4,5
232,ADD,5,3
232,ADD,7,1
232,ADD,7,2
232,ADD,9,7
233,ADD,4,9
233,ADD,9,9
233,REMOVE,2,0
233,REMOVE,3,7
233,REMOVE,9,7
234,ADD,0,4
234,REMOVE,1,8
234,REMOVE,2,6
234,REMOVE,4,4
234,REMOVE,4,5
234,REMOVE,9,9
235,ADD,4,4
235,ADD,6,9
235,REMOVE,5,4
235,REMOVE,7,2
236,ADD,4,3
236,ADD,5,4
236,ADD,7,2
236,REMOVE,0,4
237,ADD,1,2
237,ADD,5,9
237,REMOVE,4,3
237,REMOVE,4,4
237,REMOVE,5,3
237,REMOVE,6,9
237,REMOVE,7,1
238,ADD,2,8
238,ADD,3,4
238,ADD,4,5
238,ADD,6,5
238,ADD,7,0
238,REMOVE,1,2
238,REMOVE,5,9
239,ADD,1,1
239,ADD,4,4
239,ADD,8,3
239,REMOVE,2,8
239,REMOVE,3,4
239,REMOVE,6,5
239,REMOVE,7,0
240,ADD,3,2
240,ADD,6,6
240,ADD,7,6
240,ADD,8,9
240,REMOVE,4,9
240,REMOVE,5,4
241,ADD,5,5
241,REMOVE,4,4
241,REMOVE,6,6
241,REMOVE,7,2
241,REMOVE,8,3
242,ADD,4,6
242,ADD,7,3
242,REMOVE,1,1
242,REMOVE,3,2
243,ADD,2,9
243,ADD,5,6
243,ADD,6,3
243,REMOVE,4,5
243,REMOVE,7,6
243,REMOVE,8,9
244,ADD,3,9
244,ADD,6,6
244,REMOVE,2,9
244,REMOVE,4,6
244,REMOVE,5,6
245,ADD,4,2
245,ADD,5,4
245,ADD,7,9
245,REMOVE,3,9
246,ADD,2,0
246,ADD,7,8
246,REMOVE,4,2
246,REMOVE,5,4
246,REMOVE,6,6
247,ADD,2,3
247,ADD,2,4
247,ADD,4,9
247,ADD,5,4
247,ADD,6,6
247,REMOVE,7,3
247,REMOVE,7,8
248,ADD,3,2
248,ADD,4,0
248,ADD,4,8
248,ADD,6,0
248,ADD,6,4
248,REMOVE,2,3
248,REMOVE,5,4
249,ADD,2,3
249,ADD,5,9
249,ADD,7,0
249,REMOVE,3,2
249,REMOVE,6,3
250,ADD,0,2
250,ADD,5,4
250,REMOVE,2,0
250,REMOVE,2,4
250,REMOVE,4,0
250,REMOVE,4,9
250,REMOVE,6,0
250,REMOVE,6,6
250,REMOVE,7,0
251,ADD,1,4
251,ADD,2,0
251,ADD,2,6
251,ADD,7,5
251,REMOVE,0,2
251,REMOVE,4,8
251,REMOVE,5,4
251,REMOVE,5,5
251,REMOVE,5,9
252,ADD,1,0
252,ADD,1,9
252,ADD,2,8
252,ADD,4,4
252,ADD,5,0
252,ADD,5,4
252,ADD,6,9
252,ADD,7,4
252,REMOVE,2,0
253,ADD,3,1
253,ADD,4,0
253,ADD,5,1
253,ADD,6,1
253,REMOVE,1,0
253,REMOVE,2,6
253,REMOVE,6,4
253,REMOVE,6,9
253,REMOVE,7,4
253,REMOVE,7,5
253,REMOVE,7,9
254,ADD,0,4
254,ADD,7,4
254,REMOVE,5,4
255,ADD,0,3
255,ADD,5,4
255,ADD,7,3
255,REMOVE,0,4
255,REMOVE,1,4
255,REMOVE,1,9
255,REMOVE,2,3
255,REMOVE,3,1
255,REMOVE,4,0
256,ADD,2,2
256,ADD,4,9
256,REMOVE,0,3
256,REMOVE,5,0
256,REMOVE,5,1
256,REMOVE,5,4
256,REMOVE,6,1
256,REMOVE,7,3
256,REMOVE,7,4
257,ADD,4,5
257,ADD,6,1
257,ADD,9,4
258,ADD,3,4
258,ADD,5,2
258,ADD,7,4
258,ADD,7,9
258,ADD,8,1
258,REMOVE,2,2
258,REMOVE,4,5
258,REMOVE,4,9
258,REMOVE,6,1
258,REMOVE,9,4
259,ADD,5,1
259,ADD,6,4
259,ADD,6,5
259,ADD,7,5
259,ADD,9,9
259,REMOVE,2,8
259,REMOVE,3,4
259,REMOVE,8,1
260,ADD,1,7
260,ADD,9,2
260,REMOVE,4,4
260,REMOVE,5,1
260,REMOVE,5,2
260,REMOVE,6,4
260,REMOVE,6,5
260,REMOVE,7,9
260,REMOVE,9,9
261,ADD,0,1
261,ADD,0,2
261,ADD,2,5
261,ADD,4,4
261,ADD,4,9
261,ADD,5,5
261,ADD,7,1
261,REMOVE,9,2
262,ADD,5,4
262,ADD,6,4
262,REMOVE,4,4
262,REMOVE,4,9
262,REMOVE,7,4
262,REMOVE,7,5
263,ADD,0,4
263,ADD,6,9
263,ADD,7,0
263,ADD,7,4
263,REMOVE,2,5
263,REMOVE,5,4
263,REMOVE,5,5
264,ADD,1,3
264,ADD,2,4
264,ADD,5,7
264,REMOVE,0,1
264,REMOVE,0,2
264,REMOVE,6,4
264,REMOVE,7,0
264,REMOVE,7,1
264,REMOVE,7,4
265,ADD,0,1
265,ADD,4,6
265,ADD,6,7
265,ADD,7,2
265,REMOVE,1,3
265,REMOVE,2,4
266,ADD,0,0
266,ADD,1,5
266,ADD,2,7
266,ADD,4,9
266,REMOVE,5,7
266,REMOVE,6,9
267,ADD,3,9
267,ADD,5,4
267,REMOVE,0,0
267,REMOVE,1,5
268,ADD,8,4
268,REMOVE,2,7
268,REMOVE,3,9
268,REMOVE,4,9
268,REMOVE,7,2
269,ADD,0,0
269,ADD,2,1
269,ADD,2,2
269,ADD,4,2
269,ADD,5,1
269,ADD,7,5
269,ADD,7,9
269,REMOVE,1,7
269,REMOVE,5,4
269,REMOVE,8,4
270,ADD,1,3
270,ADD,1,4
270,REMOVE,0,0
270,REMOVE,0,1
270,REMOVE,2,1
270,REMOVE,4,6
270,REMOVE,7,5
271,ADD,0,3
271,ADD,2,6
271,ADD,8,8
271,REMOVE,1,4
272,ADD,0,0
272,ADD,3,1
272,ADD,7,8
272,REMOVE,1,3
272,REMOVE,2,2
272,REMOVE,2,6
272,REMOVE,4,2
272,REMOVE,5,1
272,REMOVE,6,7
272,REMOVE,8,8
273,ADD,3,2
273,ADD,5,4
273,ADD,9,2
274,ADD,1,1
274,ADD,4,2
274,ADD,6,4
274,ADD,6,5
274,REMOVE,0,0
274,REMOVE,3,1
274,REMOVE,3,2
274,REMOVE,7,8
274,REMOVE,9,2
275,ADD,0,0
275,ADD,4,3
275,ADD,4,6
275,ADD,6,9
275,ADD,7,0
275,REMOVE,1,1
275,REMOVE,5,4
275,REMOVE,6,4
275,REMOVE,6,5
276,ADD,5,4
276,ADD,9,5
276,REMOVE,4,2
276,REMOVE,4,3
276,REMOVE,4,6
276,REMOVE,6,9
276,REMOVE,7,0
277,ADD,4,2
277,ADD,5,1
277,REMOVE,0,0
278,ADD,8,3
278,REMOVE,0,4
279,ADD,0,0
279,ADD,0,4
279,ADD,6,7
279,REMOVE,5,1
279,REMOVE,8,3
279,REMOVE,9,5
280,ADD,1,4
280,ADD,2,0
280,ADD,2,9
280,ADD,3,7
280,ADD,4,1
280,ADD,7,4
280,REMOVE,0,0
280,REMOVE,0,4
280,REMOVE,6,7
281,ADD,1,1
281,ADD,1,5
281,ADD,6,5
281,ADD,7,5
281,REMOVE,2,0
281,REMOVE,3,7
281,REMOVE,4,1
282,ADD,0,0
282,ADD,0,6
282,ADD,2,6
282,ADD,4,1
282,ADD,5,9
282,REMOVE,1,4
282,REMOVE,7,4
282,REMOVE,7,5
283,ADD,7,4
283,ADD,8,3
283,REMOVE,5,4
284,ADD,2,0
284,ADD,5,0
284,ADD,6,2
284,ADD,7,0
284,REMOVE,0,0
284,REMOVE,1,1
284,REMOVE,8,3
285,ADD,5,4
285,REMOVE,0,6
285,REMOVE,2,0
285,REMOVE,2,6
285,REMOVE,2,9
285,REMOVE,6,2
285,REMOVE,7,4
286,ADD,0,4
286,ADD,2,4
286,ADD,2,5
286,ADD,7,4
286,REMOVE,1,5
286,REMOVE,4,2
286,REMOVE,5,0
286,REMOVE,5,4
286,REMOVE,6,5
287,ADD,1,2
287,ADD,1,6
287,ADD,2,1
287,ADD,4,0
287,ADD,4,4
287,ADD,5,4
287,ADD,6,3
287,ADD,6,6
287,ADD,9,6
287,REMOVE,0,4
287,REMOVE,7,0
288,REMOVE,1,2
288,REMOVE,1,6
288,REMOVE,2,1
288,REMOVE,2,4
288,REMOVE,2,5
288,REMOVE,4,0
288,REMOVE,4,4
288,REMOVE,5,9
288,REMOVE,6,3
288,REMOVE,7,9
288,REMOVE,9,6
289,ADD,0,2
289,ADD,4,2
289,ADD,5,1
289,ADD,6,0
289,ADD,6,3
289,ADD,7,0
289,ADD,7,1
290,ADD,1,4
290,ADD,1,9
290,REMOVE,0,3
290,REMOVE,4,1
290,REMOVE,5,1
290,REMOVE,6,0
290,REMOVE,6,3
290,REMOVE,7,0
290,REMOVE,7,1
290,REMOVE,7,4
291,ADD,2,5
291,ADD,6,4
291,ADD,7,1
291,ADD,7,5
291,REMOVE,1,9
291,REMOVE,6,6
292,ADD,1,9
292,ADD,7,4
292,ADD,8,4
292,REMOVE,2,5
292,REMOVE,4,2
292,REMOVE,5,4
293,ADD,3,9
293,ADD,4,5
293,ADD,5,2
293,ADD,8,1
293,REMOVE,6,4
293,REMOVE,7,1
294,ADD,4,1
294,ADD,6,2
294,ADD,9,5
294,REMOVE,1,4
294,REMOVE,3,9
294,REMOVE,7,5
294,REMOVE,8,1
294,REMOVE,8,4
295,ADD,0,1
295,ADD,2,1
295,ADD,2,6
295,ADD,7,0
295,REMOVE,1,9
295,REMOVE,4,1
295,REMOVE,4,5
295,REMOVE,9,5
296,ADD,1,3
296,ADD,3,1
296,ADD,4,6
296,ADD,5,1
296,ADD,6,1
296,ADD,7,3
296,REMOVE,2,6
297,ADD,4,5
297,ADD,8,7
297,REMOVE,0,2
297,REMOVE,2,1
297,REMOVE,5,2
297,REMOVE,6,1
297,REMOVE,7,0
297,REMOVE,7,3
298,ADD,1,4
298,ADD,2,5
298,REMOVE,0,1
298,REMOVE,3,1
298,REMOVE,4,5
298,REMOVE,4,6
298,REMOVE,6,2
299,ADD,2,8
299,ADD,4,6
299,ADD,6,2
299,ADD,7,9
299,REMOVE,2,5
299,REMOVE,5,1
299,REMOVE,8,7
300,ADD,0,4
300,ADD,1,2
300,ADD,4,0
300,ADD,5,6
300,ADD,7,5
300,REMOVE,2,8
300,REMOVE,6,2
301,ADD,0,0
301,ADD,0,1
301,ADD,2,2
301,ADD,6,5
301,ADD,6,9
301,REMOVE,1,4
301,REMOVE,7,5
302,ADD,1,0
302,ADD,2,1
302,ADD,7,0
302,REMOVE,1,3
302,REMOVE,4,0
302,REMOVE,6,5
302,REMOVE,6,9
303,ADD,4,0
303,ADD,6,4
303,REMOVE,0,0
303,REMOVE,0,4
303,REMOVE,1,0
303,REMOVE,1,2
303,REMOVE,2,1
303,REMOVE,5,6
303,REMOVE,7,0
303,REMOVE,7,9
304,ADD,0,0
304,ADD,0,4
304,ADD,1,1
304,ADD,2,8
304,ADD,3,0
304,ADD,5,4
304,ADD,7,9
304,REMOVE,2,2
304,REMOVE,4,6
305,ADD,4,3
305,ADD,5,5
305,ADD,6,0
305,ADD,6,9
305,REMOVE,0,0
305,REMOVE,0,4
305,REMOVE,3,0
305,REMOVE,7,4
305,REMOVE,7,9
306,ADD,0,5
306,ADD,2,0
306,ADD,2,9
306,ADD,7,7
306,REMOVE,1,1
306,REMOVE,4,0
306,REMOVE,5,4
306,REMOVE,5,5
306,REMOVE,6,0
306,REMOVE,6,4
307,ADD,5,2
307,ADD,5,6
307,ADD,7,5
307,ADD,8,4
307,REMOVE,0,5
307,REMOVE,2,0
307,REMOVE,6,9
308,ADD,0,0
308,ADD,0,4
308,ADD,1,8
308,ADD,6,1
308,REMOVE,2,8
308,REMOVE,5,6
308,REMOVE,7,5
308,REMOVE,8,4
309,ADD,2,0
309,ADD,2,4
309,ADD,4,6
309,ADD,6,5
309,ADD,7,8
309,REMOVE,0,4
310,ADD,1,9
310,ADD,6,9
310,REMOVE,2,4
310,REMOVE,4,3
310,REMOVE,6,1
310,REMOVE,7,7
311,ADD,2,1
311,ADD,2,4
311,ADD,4,2
311,ADD,6,4
311,ADD,7,9
311,REMOVE,0,0
311,REMOVE,1,8
311,REMOVE,5,2
312,ADD,3,6
312,ADD,5,0
312,ADD,7,1
313,ADD,1,1
313,ADD,5,3
313,ADD,5,4
313,ADD,7,0
313,REMOVE,0,1
313,REMOVE,2,0
313,REMOVE,2,1
313,REMOVE,2,4
313,REMOVE,2,9
313,REMOVE,3,6
313,REMOVE,4,6
313,REMOVE,6,4
313,REMOVE,6,9
314,ADD,2,0
314,ADD,2,1
314,ADD,3,7
314,ADD,4,1
314,ADD,6,4
314,REMOVE,1,1
314,REMOVE,5,0
314,REMOVE,5,3
314,REMOVE,7,1
314,REMOVE,7,8
315,ADD,1,0
315,ADD,2,4
315,ADD,4,0
315,ADD,5,0
315,ADD,7,8
315,REMOVE,3,7
315,REMOVE,4,1
315,REMOVE,6,4
316,ADD,1,3
316,ADD,1,4
316,ADD,6,1
316,REMOVE,2,1
316,REMOVE,2,4
316,REMOVE,4,0
316,REMOVE,5,0
316,REMOVE,7,0
316,REMOVE,7,9
317,ADD,5,3
317,ADD,7,3
317,REMOVE,1,0
317,REMOVE,1,3
317,REMOVE,6,1
318,ADD,2,1
318,ADD,3,6
318,REMOVE,1,9
318,REMOVE,5,4
318,REMOVE,6,5
318,REMOVE,7,3
319,ADD,4,6
319,ADD,5,5
319,REMOVE,2,0
319,REMOVE,2,1
319,REMOVE,3,6
319,REMOVE,5,3
320,ADD,0,2
320,ADD,1,1
320,ADD,2,2
320,ADD,5,7
320,REMOVE,4,6
320,REMOVE,5,5
320,REMOVE,7,8
321,ADD,1,0
321,ADD,6,8
321,ADD,7,0
321,ADD,7,4
321,REMOVE,5,7
322,ADD,1,2
322,ADD,2,6
322,ADD,7,3
322,REMOVE,0,2
322,REMOVE,6,8
323,ADD,0,0
323,ADD,6,5
323,REMOVE,1,0
323,REMOVE,7,0
324,ADD,5,3
324,REMOVE,0,0
324,REMOVE,1,2
324,REMOVE,1,4
324,REMOVE,2,6
325,ADD,1,2
325,ADD,4,6
325,ADD,6,4
325,ADD,7,0
325,ADD,7,9
325,REMOVE,5,3
326,ADD,5,1
326,REMOVE,1,1
326,REMOVE,1,2
326,REMOVE,4,6
326,REMOVE,6,4
326,REMOVE,6,5
326,REMOVE,7,3
326,REMOVE,7,9
327,ADD,1,1
327,ADD,5,2
327,REMOVE,4,2
327,REMOVE,5,1
327,REMOVE,7,0
328,ADD,0,1
328,ADD,1,2
328,ADD,6,4
328,ADD,7,5
328,ADD,9,1
329,ADD,2,0
329,ADD,4,2
329,REMOVE,0,1
330,ADD,0,0
330,ADD,6,0
330,ADD,6,3
330,ADD,7,1
330,REMOVE,1,1
330,REMOVE,1,2
330,REMOVE,2,0
330,REMOVE,5,2
330,REMOVE,9,1
331,ADD,1,6
331,ADD,2,1
331,ADD,3,2
331,ADD,5,8
331,REMOVE,0,0
331,REMOVE,4,2
331,REMOVE,6,3
331,REMOVE,6,4
331,REMOVE,7,1
331,REMOVE,7,5
332,ADD,4,5
332,ADD,8,8
332,REMOVE,2,1
332,REMOVE,3,2
332,REMOVE,6,0
333,ADD,2,0
333,ADD,4,1
333,ADD,6,5
333,ADD,7,0
333,REMOVE,1,6
333,REMOVE,8,8
334,ADD,1,3
334,ADD,9,4
334,REMOVE,2,2
334,REMOVE,5,8
334,REMOVE,7,4
335,ADD,1,0
335,ADD,5,2
335,ADD,7,8
335,ADD,8,2
335,REMOVE,2,0
335,REMOVE,4,1
335,REMOVE,6,5
335,REMOVE,9,4
336,ADD,0,8
336,ADD,2,0
336,ADD,2,1
336,ADD,4,1
336,ADD,5,1
336,ADD,7,1
336,REMOVE,8,2
337,ADD,0,2
337,REMOVE,1,0
337,REMOVE,2,0
337,REMOVE,4,5
337,REMOVE,5,1
337,REMOVE,5,2
337,REMOVE,7,0
338,ADD,2,3
338,REMOVE,0,2
338,REMOVE,0,8
338,REMOVE,4,1
339,ADD,1,6
339,ADD,2,4
339,ADD,3,6
339,ADD,4,2
339,ADD,4,6
339,ADD,5,4
339,REMOVE,7,1
340,ADD,5,9
340,ADD,6,0
340,ADD,7,0
340,ADD,7,3
340,REMOVE,1,6
340,REMOVE,2,1
340,REMOVE,2,3
340,REMOVE,2,4
340,REMOVE,3,6
340,REMOVE,4,2
340,REMOVE,4,6
341,ADD,0,1
341,ADD,3,7
341,ADD,4,1
341,ADD,6,4
341,REMOVE,1,3
341,REMOVE,7,0
341,REMOVE,7,3
342,ADD,1,8
342,ADD,4,5
342,ADD,5,5
342,REMOVE,6,4
343,ADD,0,0
343,ADD,0,4
343,ADD,1,3
343,ADD,4,4
343,ADD,6,9
343,ADD,7,9
343,REMOVE,3,7
343,REMOVE,5,4
343,REMOVE,5,5
343,REMOVE,6,0
344,ADD,2,8
344,ADD,6,8
344,ADD,8,6
344,REMOVE,0,4
344,REMOVE,1,8
344,REMOVE,4,4
344,REMOVE,4,5
344,REMOVE,5,9
344,REMOVE,7,8
344,REMOVE,7,9
345,ADD,0,4
345,ADD,2,0
345,ADD,2,3
345,ADD,3,1
345,ADD,4,4
345,ADD,7,7
345,REMOVE,6,8
345,REMOVE,6,9
346,ADD,1,8
346,ADD,5,1
346,REMOVE,2,0
346,REMOVE,3,1
346,REMOVE,4,1
346,REMOVE,4,4
346,REMOVE,8,6
347,ADD,4,5
347,ADD,6,1
347,ADD,8,9
347,REMOVE,0,0
347,REMOVE,0,1
347,REMOVE,1,3
347,REMOVE,1,8
347,REMOVE,2,8
348,ADD,0,9
348,ADD,1,9
348,ADD,2,4
348,ADD,6,4
348,ADD,9,6
348,REMOVE,4,5
348,REMOVE,5,1
348,REMOVE,8,9
349,ADD,1,5
349,ADD,4,0
349,ADD,4,8
349,ADD,5,1
349,ADD,5,2
349,ADD,7,2
349,REMOVE,2,3
349,REMOVE,6,1
349,REMOVE,6,4
349,REMOVE,9,6
350,ADD,1,4
350,ADD,3,2
350,ADD,5,3
350,REMOVE,0,9
350,REMOVE,2,4
350,REMOVE,4,8
350,REMOVE,7,2
351,ADD,2,1
351,ADD,3,6
351,REMOVE,0,4
351,REMOVE,1,4
351,REMOVE,1,5
351,REMOVE,1,9
351,REMOVE,4,0
351,REMOVE,5,1
351,REMOVE,5,2
352,ADD,7,5
352,ADD,8,3
352,REMOVE,2,1
352,REMOVE,3,2
352,REMOVE,3,6
352,REMOVE,5,3
353,ADD,2,2
353,ADD,6,1
353,REMOVE,7,5
353,REMOVE,8,3
354,ADD,0,4
354,ADD,1,1
354,ADD,1,4
354,ADD,4,3
354,ADD,5,1
354,ADD,5,2
354,ADD,8,7
354,REMOVE,6,1
355,ADD,7,3
355,REMOVE,0,4
355,REMOVE,1,1
355,REMOVE,1,4
355,REMOVE,2,2
355,REMOVE,5,1
355,REMOVE,5,2
355,REMOVE,8,7
356,ADD,1,2
356,ADD,1,6
356,ADD,3,0
356,ADD,4,6
356,ADD,5,3
357,ADD,7,8
357,REMOVE,1,2
357,REMOVE,3,0
357,REMOVE,4,3
357,REMOVE,5,3
357,REMOVE,7,3
358,ADD,1,2
358,ADD,4,4
358,ADD,5,2
358,ADD,6,3
358,ADD,8,4
358,REMOVE,7,8
359,ADD,2,2
359,REMOVE,4,4
359,REMOVE,4,6
359,REMOVE,5,2
359,REMOVE,6,3
359,REMOVE,7,7
359,REMOVE,8,4
360,ADD,4,1
360,ADD,5,3
360,ADD,6,2
360,ADD,7,1
360,REMOVE,1,6
360,REMOVE,2,2
361,ADD,4,2
361,ADD,8,9
361,REMOVE,5,3
361,REMOVE,6,2
362,ADD,4,8
362,ADD,5,7
362,REMOVE,4,1
362,REMOVE,8,9
363,ADD,0,2
363,ADD,1,1
363,ADD,4,5
363,ADD,7,4
363,REMOVE,4,8
364,ADD,1,9
364,REMOVE,1,1
364,REMOVE,4,2
364,REMOVE,4,5
364,REMOVE,5,7
364,REMOVE,7,4
365,ADD,4,2
365,ADD,5,2
365,ADD,7,2
365,REMOVE,0,2
365,REMOVE,1,9
366,ADD,4,0
366,ADD,8,4
366,REMOVE,4,2
366,REMOVE,5,2
366,REMOVE,7,2
367,ADD,1,6
367,ADD,5,4
367,ADD,6,0
367,ADD,6,9
367,ADD,7,5
367,REMOVE,4,0
367,REMOVE,8,4
368,ADD,4,2
368,ADD,7,4
368,REMOVE,1,6
368,REMOVE,5,4
368,REMOVE,6,0
368,REMOVE,6,9
369,ADD,5,8
369,REMOVE,4,2
369,REMOVE,7,1
370,ADD,1,6
370,ADD,9,1
370,REMOVE,5,8
370,REMOVE,7,4
370,REMOVE,7,5
371,ADD,0,3
371,ADD,2,3
371,ADD,2,8
371,ADD,3,6
371,ADD,4,7
371,ADD,8,2
371,REMOVE,1,2
371,REMOVE,1,6
371,REMOVE,9,1
372,ADD,0,0
372,ADD,7,3
372,ADD,7,8
372,REMOVE,0,3
372,REMOVE,2,3
372,REMOVE,8,2
373,ADD,1,1
373,ADD,3,2
373,ADD,5,3
373,REMOVE,0,0
373,REMOVE,7,3
374,ADD,1,2
374,ADD,2,2
374,ADD,6,1
374,ADD,7,3
374,REMOVE,3,6
374,REMOVE,4,7
375,ADD,4,6
375,REMOVE,1,1
375,REMOVE,1,2
375,REMOVE,2,2
375,REMOVE,2,8
375,REMOVE,5,3
375,REMOVE,6,1
375,REMOVE,7,3
376,ADD,1,0
376,ADD,1,8
376,ADD,1,9
376,ADD,4,8
376,ADD,5,3
376,ADD,6,2
376,REMOVE,3,2
377,ADD,4,0
377,REMOVE,1,0
377,REMOVE,1,8
377,REMOVE,5,3
377,REMOVE,6,2
378,ADD,0,9
378,ADD,1,4
378,ADD,4,3
378,ADD,5,1
378,ADD,6,7
378,ADD,7,0
378,REMOVE,4,0
378,REMOVE,4,8
379,ADD,0,1
379,ADD,5,0
379,REMOVE,0,9
379,REMOVE,1,9
379,REMOVE,4,3
379,REMOVE,7,8
380,ADD,4,2
380,ADD,7,2
380,REMOVE,0,1
380,REMOVE,5,0
380,REMOVE,5,1
380,REMOVE,6,7
381,ADD,4,7
381,REMOVE,1,4
381,REMOVE,7,0
382,ADD,1,6
382,ADD,2,1
382,ADD,5,8
382,REMOVE,4,7
383,ADD,1,2
383,ADD,5,3
383,ADD,9,9
384,ADD,0,0
384,ADD,6,2
384,ADD,7,1
384,REMOVE,1,2
384,REMOVE,2,1
384,REMOVE,4,6
384,REMOVE,5,3
384,REMOVE,5,8
384,REMOVE,9,9
385,ADD,1,5
385,ADD,4,1
385,REMOVE,0,0
385,REMOVE,6,2
385,REMOVE,7,1
386,ADD,4,6
386,ADD,5,1
386,ADD,5,4
386,ADD,6,2
386,REMOVE,1,5
386,REMOVE,1,6
386,REMOVE,4,1
387,ADD,1,1
387,ADD,1,4
387,ADD,2,0
387,ADD,2,3
387,ADD,2,4
387,ADD,9,7
387,REMOVE,4,6
387,REMOVE,5,1
388,ADD,3,2
388,ADD,5,2
388,REMOVE,1,1
388,REMOVE,1,4
388,REMOVE,2,0
388,REMOVE,2,3
388,REMOVE,6,2
388,REMOVE,9,7
389,ADD,3,9
389,ADD,4,1
389,REMOVE,2,4
389,REMOVE,3,2
389,REMOVE,5,2
389,REMOVE,7,2
390,ADD,6,4
390,ADD,6,9
390,REMOVE,3,9
390,REMOVE,4,1
391,ADD,4,6
391,ADD,7,4
391,ADD,7,5
391,REMOVE,6,4
392,ADD,0,4
392,ADD,5,1
392,REMOVE,4,2
392,REMOVE,4,6
392,REMOVE,6,9
392,REMOVE,7,4
392,REMOVE,7,5
393,ADD,1,3
393,ADD,4,1
393,ADD,7,5
394,ADD,4,2
394,ADD,5,2
394,ADD,6,0
394,ADD,7,1
394,ADD,7,4
394,REMOVE,1,3
394,REMOVE,5,1
394,REMOVE,5,4
395,ADD,6,4
395,ADD,9,2
395,REMOVE,0,4
395,REMOVE,4,2
395,REMOVE,7,1
396,ADD,2,3
396,ADD,4,2
396,ADD,6,1
396,ADD,7,1
396,ADD,8,7
396,REMOVE,9,2
397,ADD,3,2
397,ADD,7,0
397,ADD,8,9
397,REMOVE,2,3
397,REMOVE,4,2
397,REMOVE,5,2
397,REMOVE,7,1
397,REMOVE,7,5
397,REMOVE,8,7
398,ADD,2,4
398,ADD,4,5
398,ADD,5,7
398,ADD,7,3
398,REMOVE,3,2
398,REMOVE,6,0
398,REMOVE,7,0
398,REMOVE,8,9
399,ADD,6,0
400,ADD,2,7
400,REMOVE,2,4
400,REMOVE,6,0
400,REMOVE,6,1
400,REMOVE,6,4
400,REMOVE,7,3
400,REMOVE,7,4
401,ADD,5,5
401,ADD,6,7
401,ADD,7,1
401,ADD,7,2
401,REMOVE,2,7
401,REMOVE,4,5
402,ADD,4,3
402,ADD,8,1
402,ADD,8,2
402,REMOVE,5,5
402,REMOVE,7,1
403,ADD,0,4
403,ADD,4,4
403,REMOVE,8,1
403,REMOVE,8,2
404,ADD,1,8
404,ADD,2,2
404,ADD,3,4
404,REMOVE,0,4
404,REMOVE,4,1
404,REMOVE,4,3
404,REMOVE,5,7
405,ADD,7,1
405,ADD,8,0
405,REMOVE,1,8
405,REMOVE,2,2
405,REMOVE,3,4
406,ADD,1,5
406,ADD,5,7
406,ADD,8,1
406,REMOVE,6,7
406,REMOVE,7,1
407,ADD,1,9
407,ADD,4,0
407,ADD,6,0
407,ADD,6,1
407,ADD,7,1
407,ADD,8,4
408,ADD,1,4
408,ADD,4,1
408,ADD,8,5
409,ADD,0,1
409,ADD,0,4
409,ADD,0,5
409,ADD,3,4
409,REMOVE,1,5
409,REMOVE,7,1
409,REMOVE,8,5
410,ADD,1,5
410,ADD,2,1
410,ADD,7,1
410,ADD,9,8
410,REMOVE,3,4
410,REMOVE,4,0
410,REMOVE,4,1
410,REMOVE,6,0
410,REMOVE,8,0
411,ADD,3,7
411,ADD,4,1
411,ADD,5,5
411,REMOVE,0,1
411,REMOVE,0,4
411,REMOVE,0,5
411,REMOVE,1,9
411,REMOVE,2,1
411,REMOVE,6,1
411,REMOVE,9,8
412,REMOVE,1,5
412,REMOVE,5,7
412,REMOVE,7,1
412,REMOVE,8,1
412,REMOVE,8,4
413,ADD,1,1
413,ADD,4,3
413,ADD,8,8
413,REMOVE,3,7
413,REMOVE,4,4
413,REMOVE,5,5
414,ADD,1,0
414,ADD,5,2
414,ADD,8,4
414,ADD,8,9
415,ADD,1,8
415,ADD,4,0
415,ADD,5,1
415,ADD,6,8
415,REMOVE,1,0
415,REMOVE,1,1
415,REMOVE,1,4
415,REMOVE,8,4
415,REMOVE,8,8
416,ADD,0,7
416,REMOVE,1,8
416,REMOVE,4,0
416,REMOVE,4,1
417,ADD,1,1
417,ADD,2,3
417,ADD,4,4
417,ADD,8,2
417,REMOVE,0,7
417,REMOVE,5,1
417,REMOVE,6,8
418,ADD,7,4
418,REMOVE,1,1
418,REMOVE,2,3
418,REMOVE,4,3
418,REMOVE,4,4
418,REMOVE,5,2
418,REMOVE,8,2
418,REMOVE,8,9
419,ADD,0,8
419,ADD,1,5
419,ADD,1,6
419,ADD,2,9
419,ADD,4,2
419,ADD,4,6
419,ADD,5,0
419,ADD,5,3
419,ADD,5,4
419,ADD,6,1
419,ADD,6,2
419,ADD,7,0
419,ADD,7,1
419,ADD,8,0
419,ADD,8,9
420,ADD,1,9
420,ADD,8,4
420,REMOVE,0,8
420,REMOVE,1,5
420,REMOVE,1,6
420,REMOVE,2,9
420,REMOVE,4,6
420,REMOVE,5,0
420,REMOVE,5,3
420,REMOVE,5,4
420,REMOVE,6,1
420,REMOVE,6,2
420,REMOVE,7,0
420,REMOVE,7,1
420,REMOVE,7,4
421,ADD,1,8
421,ADD,2,0
421,ADD,2,1
421,ADD,4,1
421,ADD,5,2
421,ADD,5,6
421,ADD,7,1
421,REMOVE,8,0
421,REMOVE,8,4
422,ADD,1,0
422,ADD,8,4
422,REMOVE,1,8
422,REMOVE,1,9
422,REMOVE,4,1
422,REMOVE,5,2
422,REMOVE,7,1
423,ADD,1,2
423,ADD,4,1
423,ADD,5,2
423,ADD,7,6
423,REMOVE,1,0
424,ADD,0,5
424,ADD,1,9
424,ADD,3,3
424,REMOVE,1,2
424,REMOVE,2,0
424,REMOVE,2,1
424,REMOVE,4,1
424,REMOVE,5,2
424,REMOVE,5,6
424,REMOVE,8,9
425,ADD,0,6
425,ADD,4,6
425,ADD,5,0
425,ADD,8,0
425,ADD,8,9
425,REMOVE,0,5
425,REMOVE,1,9
425,REMOVE,3,3
425,REMOVE,7,6
426,ADD,4,4
426,ADD,5,1
426,REMOVE,0,6
426,REMOVE,4,2
426,REMOVE,8,4
427,ADD,0,0
427,ADD,3,2
427,ADD,4,0
427,ADD,5,5
427,ADD,8,8
427,REMOVE,5,0
427,REMOVE,5,1
428,ADD,5,4
428,ADD,7,1
428,ADD,9,2
428,REMOVE,0,0
428,REMOVE,3,2
428,REMOVE,4,0
428,REMOVE,4,4
428,REMOVE,4,6
428,REMOVE,8,0
428,REMOVE,8,9
429,ADD,0,6
429,ADD,1,2
429,REMOVE,5,4
429,REMOVE,5,5
429,REMOVE,7,1
429,REMOVE,9,2
430,ADD,4,5
430,ADD,5,1
430,ADD,5,5
430,ADD,7,1
430,ADD,8,9
430,REMOVE,0,6
430,REMOVE,1,2
431,ADD,1,6
431,REMOVE,4,5
431,REMOVE,5,1
431,REMOVE,5,5
431,REMOVE,7,1
431,REMOVE,8,9
432,ADD,5,4
432,ADD,8,0
432,REMOVE,1,6
433,ADD,6,6
433,REMOVE,5,4
433,REMOVE,8,8
434,ADD,0,6
434,ADD,2,9
434,ADD,4,2
434,ADD,5,9
434,ADD,8,3
434,REMOVE,6,6
435,ADD,0,8
435,ADD,1,3
435,ADD,7,1
435,REMOVE,0,6
435,REMOVE,2,9
435,REMOVE,4,2
435,REMOVE,8,0
436,ADD,3,2
436,ADD,4,2
436,ADD,5,8
436,ADD,8,6
437,ADD,8,4
437,REMOVE,7,1
437,REMOVE,7,2
438,ADD,6,4
438,ADD,7,2
438,ADD,7,6
438,REMOVE,0,8
438,REMOVE,3,2
438,REMOVE,5,8
438,REMOVE,8,3
439,ADD,3,7
439,ADD,8,0
439,REMOVE,1,3
439,REMOVE,5,9
439,REMOVE,6,4
439,REMOVE,7,2
440,ADD,0,1
440,ADD,5,1
440,ADD,8,3
440,REMOVE,7,6
441,ADD,1,0
441,ADD,4,6
441,ADD,5,0
441,ADD,6,5
441,ADD,7,1
441,ADD,7,4
441,REMOVE,8,6
442,ADD,1,4
442,ADD,7,5
442,ADD,9,1
442,REMOVE,0,1
442,REMOVE,3,7
442,REMOVE,4,2
442,REMOVE,5,0
442,REMOVE,5,1
442,REMOVE,8,0
442,REMOVE,8,3
443,ADD,0,9
443,ADD,4,2
443,ADD,5,6
443,ADD,6,1
443,ADD,8,0
443,REMOVE,1,0
443,REMOVE,1,4
443,REMOVE,7,4
443,REMOVE,9,1
444,ADD,0,4
444,ADD,4,8
444,ADD,5,8
444,REMOVE,4,2
444,REMOVE,5,6
444,REMOVE,6,1
444,REMOVE,6,5
444,REMOVE,7,1
445,ADD,4,0
445,ADD,7,1
445,ADD,8,1
445,REMOVE,0,4
445,REMOVE,0,9
446,ADD,0,9
446,ADD,2,4
446,REMOVE,4,6
446,REMOVE,4,8
446,REMOVE,7,1
446,REMOVE,7,5
446,REMOVE,8,0
447,ADD,1,2
447,ADD,2,1
447,ADD,4,8
447,ADD,6,1
447,ADD,7,8
447,REMOVE,0,9
448,ADD,1,6
448,ADD,4,3
448,ADD,5,9
448,ADD,7,0
448,ADD,8,7
448,REMOVE,6,1
448,REMOVE,8,1
449,ADD,0,9
449,ADD,6,7
449,ADD,8,5
449,ADD,9,0
449,REMOVE,1,2
449,REMOVE,1,6
449,REMOVE,2,4
449,REMOVE,4,0
449,REMOVE,4,3
449,REMOVE,4,8
449,REMOVE,5,9
449,REMOVE,7,0
449,REMOVE,7,8
450,ADD,4,0
450,ADD,4,3
450,ADD,4,8
450,ADD,5,3
450,ADD,7,2
450,ADD,7,7
450,REMOVE,0,9
450,REMOVE,2,1
450,REMOVE,6,7
450,REMOVE,8,4
450,REMOVE,8,7
450,REMOVE,9,0
451,ADD,1,2
451,ADD,2,4
451,ADD,8,7
451,REMOVE,7,2
452,ADD,3,1
452,ADD,7,5
452,REMOVE,1,2
452,REMOVE,4,0
452,REMOVE,4,3
452,REMOVE,5,3
453,REMOVE,2,4
453,REMOVE,3,1
453,REMOVE,7,5
453,REMOVE,8,5
454,ADD,0,4
454,ADD,6,0
455,ADD,0,1
455,ADD,2,7
455,ADD,5,0
455,ADD,7,5
455,REMOVE,4,8
456,ADD,8,9
456,REMOVE,0,1
456,REMOVE,0,4
456,REMOVE,2,7
456,REMOVE,5,0
456,REMOVE,5,8
456,REMOVE,6,0
456,REMOVE,7,7
456,REMOVE,8,7
457,ADD,3,4
457,ADD,5,0
457,ADD,8,4
457,ADD,8,5
458,ADD,1,3
458,ADD,2,1
458,ADD,2,5
458,ADD,4,1
458,ADD,5,3
458,ADD,5,4
458,ADD,7,1
458,REMOVE,3,4
458,REMOVE,8,4
459,ADD,6,3
459,ADD,7,4
459,REMOVE,1,3
459,REMOVE,2,1
459,REMOVE,2,5
459,REMOVE,4,1
459,REMOVE,5,0
459,REMOVE,5,3
459,REMOVE,5,4
460,ADD,1,3
460,ADD,2,0
460,ADD,2,8
460,ADD,8,4
460,REMOVE,6,3
460,REMOVE,7,4
461,ADD,8,3
461,REMOVE,2,0
462,ADD,0,2
462,ADD,5,1
462,ADD,7,9
462,REMOVE,1,3
462,REMOVE,2,8
462,REMOVE,7,5
462,REMOVE,8,3
462,REMOVE,8,4
462,REMOVE,8,5
463,ADD,1,3
463,ADD,4,2
463,ADD,5,2
463,ADD,8,4
463,REMOVE,7,1
464,ADD,2,3
464,REMOVE,5,1
464,REMOVE,7,9
464,REMOVE,8,9
465,ADD,1,0
465,ADD,7,2
465,ADD,8,0
465,ADD,8,3
465,REMOVE,2,3
466,ADD,0,1
466,ADD,7,7
466,REMOVE,1,0
466,REMOVE,1,3
466,REMOVE,4,2
466,REMOVE,8,0
467,ADD,5,1
467,ADD,5,5
467,REMOVE,0,1
467,REMOVE,7,2
467,REMOVE,8,3
468,ADD,1,1
468,ADD,2,0
468,ADD,2,6
468,ADD,4,0
468,ADD,4,1
468,ADD,6,6
468,ADD,7,2
468,REMOVE,5,2
468,REMOVE,5,5
468,REMOVE,7,7
469,ADD,7,1
469,ADD,8,1
470,ADD,2,3
470,ADD,6,1
470,ADD,6,5
470,REMOVE,1,1
470,REMOVE,4,0
470,REMOVE,7,2
471,ADD,0,1
471,ADD,8,8
471,REMOVE,2,0
471,REMOVE,2,3
471,REMOVE,2,6
471,REMOVE,6,1
471,REMOVE,6,5
471,REMOVE,6,6
471,REMOVE,7,1
471,REMOVE,8,4
472,ADD,1,6
472,ADD,4,2
472,ADD,5,2
472,ADD,7,0
472,REMOVE,8,8
473,ADD,7,1
473,ADD,8,2
473,REMOVE,0,1
473,REMOVE,1,6
473,REMOVE,4,1
473,REMOVE,5,1
474,ADD,0,6
474,ADD,1,5
474,ADD,2,3
474,ADD,2,6
474,ADD,5,1
475,ADD,1,1
475,ADD,1,4
475,ADD,4,6
475,ADD,7,7
475,REMOVE,2,3
475,REMOVE,2,6
475,REMOVE,5,1
475,REMOVE,7,0
476,ADD,2,2
476,REMOVE,1,1
476,REMOVE,1,4
476,REMOVE,1,5
476,REMOVE,4,2
476,REMOVE,5,2
476,REMOVE,7,7
476,REMOVE,8,2
477,ADD,1,2
477,ADD,4,3
477,ADD,5,1
477,ADD,9,2
477,REMOVE,0,2
477,REMOVE,0,6
477,REMOVE,8,1
478,ADD,0,7
478,ADD,4,2
478,ADD,7,5
478,ADD,8,1
478,REMOVE,1,2
478,REMOVE,2,2
478,REMOVE,5,1
478,REMOVE,9,2
479,ADD,1,2
479,ADD,2,2
479,ADD,3,7
479,ADD,7,4
479,ADD,8,2
479,REMOVE,0,7
479,REMOVE,4,3
479,REMOVE,4,6
480,ADD,2,1
480,ADD,3,5
480,ADD,5,1
480,REMOVE,7,4
481,ADD,0,1
481,ADD,0,2
481,ADD,5,0
481,ADD,8,5
482,ADD,1,6
482,ADD,3,9
482,REMOVE,0,1
482,REMOVE,2,1
482,REMOVE,3,5
482,REMOVE,3,7
482,REMOVE,5,1
482,REMOVE,7,1
482,REMOVE,7,5
482,REMOVE,8,1
482,REMOVE,8,5
483,ADD,4,1
483,ADD,7,4
483,ADD,7,5
483,REMOVE,1,6
483,REMOVE,2,2
483,REMOVE,3,9
483,REMOVE,5,0
483,REMOVE,8,2
484,ADD,8,2
484,REMOVE,1,2
484,REMOVE,4,1
485,ADD,1,2
485,ADD,4,8
485,ADD,5,1
485,ADD,5,2
485,REMOVE,0,2
485,REMOVE,7,5
486,ADD,0,3
486,ADD,1,1
486,ADD,7,9
486,ADD,9,8
486,REMOVE,4,2
486,REMOVE,5,1
487,ADD,0,4
487,ADD,4,0
487,ADD,6,7
487,ADD,8,1
487,ADD,9,6
487,REMOVE,1,1
487,REMOVE,1,2
487,REMOVE,5,2
487,REMOVE,7,4
487,REMOVE,9,8
488,ADD,1,1
488,ADD,1,4
488,ADD,1,5
488,ADD,5,2
488,ADD,5,6
488,ADD,6,5
488,REMOVE,8,1
488,REMOVE,9,6
489,ADD,5,7
489,ADD,8,1
489,REMOVE,0,3
489,REMOVE,0,4
489,REMOVE,1,1
489,REMOVE,1,4
489,REMOVE,1,5
489,REMOVE,4,0
489,REMOVE,5,2
489,REMOVE,5,6
489,REMOVE,6,5
490,ADD,4,5
490,ADD,7,4
490,REMOVE,4,8
490,REMOVE,5,7
490,REMOVE,6,7
491,ADD,4,7
491,ADD,6,5
491,ADD,7,5
492,ADD,3,1
492,REMOVE,4,5
492,REMOVE,4,7
492,REMOVE,7,5
492,REMOVE,7,9
492,REMOVE,8,1
493,ADD,4,0
493,ADD,4,4
493,ADD,7,5
493,ADD,8,6
493,REMOVE,3,1
493,REMOVE,6,5
493,REMOVE,7,4
494,ADD,0,1
494,ADD,1,0
494,ADD,1,8
494,ADD,2,2
494,ADD,4,3
494,ADD,8,3
494,REMOVE,7,5
495,ADD,0,2
495,ADD,3,4
495,ADD,5,3
495,ADD,7,4
495,REMOVE,1,0
495,REMOVE,2,2
495,REMOVE,4,3
495,REMOVE,4,4
495,REMOVE,8,3
496,ADD,2,4
496,ADD,3,1
496,ADD,7,5
496,REMOVE,3,4
496,REMOVE,4,0
496,REMOVE,5,3
496,REMOVE,8,6
497,ADD,0,0
497,ADD,5,8
497,ADD,5,9
497,ADD,6,7
497,REMOVE,0,1
497,REMOVE,2,4
497,REMOVE,3,1
497,REMOVE,7,4
497,REMOVE,7,5
498,ADD,1,9
498,ADD,4,1
498,ADD,7,7
498,ADD,8,6
498,REMOVE,0,0
498,REMOVE,0,2
498,REMOVE,5,9
499,ADD,0,9
499,ADD,4,2
499,ADD,5,9
499,REMOVE,1,8
499,REMOVE,1,9
499,REMOVE,6,7
499,REMOVE,7,7
499,REMOVE,8,6
500,ADD,1,3
500,ADD,1,4
500,ADD,2,8
500,ADD,3,4
500,ADD,4,8
500,ADD,7,3
500,REMOVE,0,9
500,REMOVE,5,8
501,ADD,0,3
501,ADD,1,0
501,ADD,2,0
501,ADD,7,6
501,ADD,8,6
501,REMOVE,3,4
501,REMOVE,4,2
501,REMOVE,4,8
501,REMOVE,5,9
502,ADD,4,5
502,ADD,4,6
502,ADD,5,2
502,ADD,5,6
502,ADD,6,5
502,ADD,7,0
502,REMOVE,0,3
502,REMOVE,1,3
502,REMOVE,1,4
502,REMOVE,2,8
503,ADD,1,1
503,ADD,1,4
503,ADD,2,3
503,ADD,9,3
503,REMOVE,4,5
503,REMOVE,4,6
503,REMOVE,5,6
503,REMOVE,6,5
503,REMOVE,7,0
503,REMOVE,7,3
503,REMOVE,7,6
503,REMOVE,8,6
504,ADD,2,4
504,ADD,6,1
504,ADD,7,8
504,ADD,8,1
504,REMOVE,5,2
504,REMOVE,9,3
505,REMOVE,1,0
505,REMOVE,1,1
505,REMOVE,2,0
505,REMOVE,2,3
505,REMOVE,6,1
505,REMOVE,7,8
505,REMOVE,8,1
506,ADD,2,9
506,ADD,3,4
506,ADD,4,4
506,ADD,5,1
506,ADD,6,6
506,ADD,7,2
506,REMOVE,1,4
506,REMOVE,8,2
507,ADD,2,0
507,ADD,6,2
507,ADD,8,4
507,ADD,8,9
507,ADD,9,1
507,REMOVE,3,4
508,ADD,3,4
508,ADD,4,0
508,ADD,5,2
508,REMOVE,9,1
509,ADD,3,9
509,ADD,8,5
509,REMOVE,2,4
509,REMOVE,4,4
509,REMOVE,5,1
509,REMOVE,6,2
510,ADD,1,0
510,ADD,4,4
510,ADD,5,1
510,REMOVE,3,9
510,REMOVE,6,6
511,ADD,0,7
511,ADD,1,8
511,ADD,3,1
511,ADD,6,8
511,REMOVE,1,0
511,REMOVE,2,9
511,REMOVE,4,4
511,REMOVE,5,1
511,REMOVE,7,2
511,REMOVE,8,4
512,ADD,2,4
512,ADD,2,5
512,ADD,7,0
512,REMOVE,0,7
512,REMOVE,1,8
512,REMOVE,3,1
513,ADD,0,5
513,REMOVE,2,0
513,REMOVE,2,4
513,REMOVE,2,5
513,REMOVE,6,8
514,ADD,2,5
514,ADD,5,6
514,ADD,7,9
514,ADD,9,9
514,REMOVE,4,1
515,ADD,2,3
515,ADD,4,1
515,ADD,4,4
515,ADD,6,1
515,ADD,7,4
515,REMOVE,3,4
515,REMOVE,5,6
515,REMOVE,9,9
516,ADD,3,2
516,ADD,8,7
516,REMOVE,4,1
516,REMOVE,6,1
516,REMOVE,7,0
516,REMOVE,7,9
517,ADD,4,3
517,ADD,6,2
517,ADD,7,2
517,REMOVE,0,5
517,REMOVE,2,5
517,REMOVE,3,2
517,REMOVE,8,5
517,REMOVE,8,9
518,REMOVE,4,0
518,REMOVE,4,3
518,REMOVE,7,2
518,REMOVE,7,4
519,ADD,1,7
519,ADD,3,2
519,ADD,7,4
519,REMOVE,2,3
519,REMOVE,5,2
519,REMOVE,6,2
520,ADD,0,0
520,ADD,5,1
520,ADD,5,4
520,ADD,5,5
520,ADD,6,5
520,ADD,7,3
520,ADD,8,5
520,REMOVE,1,7
520,REMOVE,4,4
521,ADD,1,4
521,ADD,2,3
521,ADD,2,6
521,ADD,3,6
521,ADD,4,2
521,ADD,6,4
521,REMOVE,0,0
521,REMOVE,5,5
521,REMOVE,7,3
522,ADD,0,9
522,ADD,1,3
522,ADD,5,5
522,ADD,7,3
522,REMOVE,3,6
522,REMOVE,6,4
522,REMOVE,6,5
522,REMOVE,8,5
523,ADD,4,1
523,ADD,6,3
523,REMOVE,2,6
523,REMOVE,5,1
523,REMOVE,5,5
523,REMOVE,7,3
524,ADD,1,2
524,ADD,5,1
524,REMOVE,0,9
524,REMOVE,1,3
524,REMOVE,1,4
524,REMOVE,4,1
524,REMOVE,6,3
525,ADD,2,0
525,ADD,2,4
525,ADD,3,3
525,ADD,4,6
525,ADD,7,3
525,REMOVE,5,4
526,ADD,3,6
526,ADD,5,5
526,ADD,9,2
526,REMOVE,1,2
526,REMOVE,2,0
526,REMOVE,2,3
526,REMOVE,2,4
526,REMOVE,7,4
526,REMOVE,8,7
527,ADD,6,5
527,ADD,8,0
527,ADD,8,4
527,REMOVE,3,2
527,REMOVE,3,3
527,REMOVE,3,6
527,REMOVE,4,2
527,REMOVE,5,1
527,REMOVE,7,3
527,REMOVE,9,2
528,ADD,1,8
528,ADD,2,1
528,ADD,2,2
528,ADD,3,1
528,ADD,3,4
528,ADD,5,9
528,ADD,7,1
528,REMOVE,6,5
528,REMOVE,8,4
529,ADD,3,0
529,ADD,4,2
529,ADD,6,1
529,ADD,7,5
529,ADD,8,9
529,REMOVE,5,5
530,ADD,1,0
530,ADD,4,9
530,ADD,7,4
530,REMOVE,2,1
530,REMOVE,3,0
530,REMOVE,3,4
530,REMOVE,4,2
530,REMOVE,5,9
530,REMOVE,6,1
530,REMOVE,8,9
531,ADD,0,0
531,ADD,0,4
531,ADD,0,9
531,ADD,1,3
531,ADD,2,0
531,ADD,2,1
531,ADD,4,0
531,ADD,5,1
531,ADD,6,3
531,ADD,8,8
531,ADD,8,9
531,REMOVE,7,4
532,ADD,3,4
532,ADD,3,5
532,ADD,5,2
532,REMOVE,0,0
532,REMOVE,0,4
532,REMOVE,0,9
532,REMOVE,1,0
532,REMOVE,1,3
532,REMOVE,2,0
532,REMOVE,4,9
532,REMOVE,6,3
532,REMOVE,7,1
532,REMOVE,7,5
532,REMOVE,8,0
532,REMOVE,8,8
533,ADD,6,7
533,ADD,7,4
533,ADD,8,4
533,REMOVE,1,8
533,REMOVE,2,1
533,REMOVE,3,1
533,REMOVE,3,4
533,REMOVE,3,5
533,REMOVE,4,0
533,REMOVE,4,6
533,REMOVE,5,1
533,REMOVE,5,2
534,ADD,4,4
534,ADD,5,6
534,ADD,7,0
534,ADD,7,9
534,REMOVE,7,4
534,REMOVE,8,4
535,ADD,3,1
535,ADD,3,4
535,ADD,4,5
535,ADD,5,2
535,ADD,8,0
535,ADD,8,6
535,REMOVE,2,2
535,REMOVE,6,7
535,REMOVE,7,9
536,ADD,1,4
536,ADD,1,5
536,ADD,6,4
536,ADD,8,3
536,REMOVE,3,1
536,REMOVE,4,5
536,REMOVE,5,6
536,REMOVE,8,0
536,REMOVE,8,6
537,ADD,3,1
537,ADD,8,0
537,REMOVE,1,4
537,REMOVE,5,2
537,REMOVE,6,4
538,ADD,0,1
538,ADD,1,4
538,ADD,4,1
538,ADD,5,1
538,ADD,5,2
538,ADD,7,1
538,ADD,8,4
538,REMOVE,3,1
538,REMOVE,3,4
539,ADD,0,2
539,ADD,3,4
539,ADD,6,4
539,REMOVE,1,4
539,REMOVE,4,1
539,REMOVE,4,4
539,REMOVE,5,1
539,REMOVE,7,0
539,REMOVE,7,1
539,REMOVE,8,0
539,REMOVE,8,3
539,REMOVE,8,9
540,ADD,4,0
540,ADD,5,3
540,ADD,6,5
540,ADD,8,3
540,REMOVE,0,1
540,REMOVE,0,2
540,REMOVE,1,5
541,ADD,0,4
541,ADD,1,1
541,ADD,3,0
541,ADD,3,9
541,ADD,9,1
541,REMOVE,4,0
541,REMOVE,5,3
541,REMOVE,6,4
541,REMOVE,6,5
541,REMOVE,8,3
542,ADD,4,7
542,ADD,4,9
542,ADD,5,6
542,ADD,7,0
542,ADD,7,1
542,ADD,7,4
542,ADD,8,0
542,REMOVE,1,1
542,REMOVE,3,0
542,REMOVE,3,4
542,REMOVE,3,9
542,REMOVE,9,1
543,ADD,2,1
543,ADD,2,2
543,ADD,3,4
543,ADD,8,1
543,REMOVE,0,4
543,REMOVE,4,9
543,REMOVE,5,6
543,REMOVE,7,0
543,REMOVE,7,4
544,ADD,0,1
544,ADD,0,2
544,ADD,1,0
544,ADD,1,4
544,ADD,1,9
544,ADD,2,8
544,ADD,5,6
544,ADD,7,5
544,REMOVE,2,1
544,REMOVE,3,4
544,REMOVE,8,0
544,REMOVE,8,1
545,ADD,6,3
545,ADD,8,9
545,REMOVE,0,1
545,REMOVE,2,2
545,REMOVE,5,2
545,REMOVE,7,5
546,ADD,3,4
546,ADD,7,2
546,REMOVE,0,2
546,REMOVE,1,0
546,REMOVE,1,4
546,REMOVE,1,9
546,REMOVE,2,8
546,REMOVE,6,3
546,REMOVE,7,1
546,REMOVE,8,9
547,ADD,1,9
547,ADD,4,5
547,REMOVE,5,6
547,REMOVE,8,4
548,ADD,3,9
548,ADD,4,0
548,ADD,5,4
548,ADD,8,0
548,REMOVE,1,9
548,REMOVE,4,5
549,ADD,1,2
549,ADD,6,1
549,ADD,8,4
550,ADD,0,9
550,ADD,3,5
550,ADD,4,9
550,ADD,5,5
550,ADD,7,6
550,ADD,8,1
550,REMOVE,4,0
550,REMOVE,6,1
551,ADD,1,6
551,ADD,2,9
551,ADD,5,1
551,ADD,6,1
551,REMOVE,0,9
551,REMOVE,1,2
551,REMOVE,3,5
551,REMOVE,3,9
551,REMOVE,4,9
551,REMOVE,7,6
551,REMOVE,8,4
552,ADD,0,4
552,ADD,8,4
552,REMOVE,2,9
552,REMOVE,5,4
552,REMOVE,6,1
553,REMOVE,1,6
553,REMOVE,3,4
553,REMOVE,4,7
553,REMOVE,5,5
554,ADD,2,7
554,ADD,3,3
554,ADD,7,6
554,REMOVE,0,4
554,REMOVE,8,0
554,REMOVE,8,1
554,REMOVE,8,4
555,ADD,4,8
555,ADD,5,4
555,ADD,6,8
555,ADD,8,8
555,REMOVE,2,7
555,REMOVE,3,3
555,REMOVE,7,6
556,ADD,2,2
556,ADD,3,2
556,ADD,4,0
556,ADD,5,0
556,ADD,7,6
556,REMOVE,6,8
557,ADD,1,1
557,ADD,1,2
557,REMOVE,2,2
557,REMOVE,4,0
557,REMOVE,5,1
557,REMOVE,5,4
558,ADD,5,3
558,ADD,8,3
558,ADD,8,6
558,REMOVE,1,2
558,REMOVE,7,6
559,ADD,0,6
559,ADD,6,5
559,REMOVE,3,2
559,REMOVE,5,0
559,REMOVE,5,3
559,REMOVE,7,2
559,REMOVE,8,3
559,REMOVE,8,6
560,ADD,1,7
560,ADD,3,0
560,ADD,3,1
560,ADD,4,0
560,ADD,4,3
560,ADD,5,2
560,ADD,6,1
560,ADD,6,4
560,ADD,7,2
560,REMOVE,1,1
561,ADD,0,2
561,ADD,7,1
561,REMOVE,1,7
561,REMOVE,3,0
561,REMOVE,4,0
561,REMOVE,4,3
561,REMOVE,4,8
561,REMOVE,6,1
561,REMOVE,6,4
562,ADD,1,6
562,ADD,4,9
562,REMOVE,3,1
562,REMOVE,6,5
562,REMOVE,7,2
563,ADD,2,0
563,ADD,3,7
563,ADD,4,4
563,ADD,5,1
563,ADD,6,1
563,REMOVE,1,6
563,REMOVE,7,1
564,ADD,0,3
564,ADD,1,1
564,ADD,4,5
564,ADD,7,4
564,ADD,8,9
564,REMOVE,2,0
564,REMOVE,3,7
564,REMOVE,5,1
564,REMOVE,6,1
565,ADD,1,8
565,ADD,3,0
565,ADD,3,4
565,ADD,6,4
565,ADD,7,5
565,REMOVE,0,3
565,REMOVE,0,6
565,REMOVE,1,1
565,REMOVE,4,9
565,REMOVE,8,8
566,ADD,0,0
566,ADD,0,1
566,ADD,1,9
566,ADD,3,3
566,ADD,4,9
566,ADD,5,1
566,ADD,8,8
566,REMOVE,6,4
567,ADD,2,1
567,ADD,2,2
567,ADD,6,1
567,ADD,7,9
567,REMOVE,1,9
567,REMOVE,3,0
567,REMOVE,3,3
567,REMOVE,8,9
568,ADD,8,9
568,REMOVE,0,0
568,REMOVE,0,1
568,REMOVE,2,1
568,REMOVE,2,2
568,REMOVE,3,4
568,REMOVE,4,5
568,REMOVE,5,1
568,REMOVE,5,2
568,REMOVE,6,1
568,REMOVE,7,4
568,REMOVE,7,5
568,REMOVE,7,9
569,ADD,0,1
569,ADD,6,6
569,ADD,7,8
569,ADD,8,0
569,REMOVE,1,8
569,REMOVE,4,4
569,REMOVE,4,9
570,ADD,3,1
570,ADD,3,5
570,ADD,4,1
570,ADD,4,2
570,ADD,5,6
570,REMOVE,6,6
570,REMOVE,8,0
570,REMOVE,8,9
571,ADD,1,2
571,ADD,2,3
571,ADD,2,8
571,ADD,5,2
571,ADD,6,8
571,ADD,8,0
571,REMOVE,3,1
571,REMOVE,4,1
571,REMOVE,7,8
572,ADD,2,0
572,ADD,7,1
572,ADD,7,4
572,ADD,8,2
572,REMOVE,5,2
572,REMOVE,5,6
572,REMOVE,6,8
573,ADD,3,1
573,ADD,5,7
573,ADD,7,3
573,REMOVE,0,1
573,REMOVE,2,0
573,REMOVE,2,3
573,REMOVE,7,4
573,REMOVE,8,0
574,ADD,4,1
574,REMOVE,1,2
574,REMOVE,3,1
574,REMOVE,3,5
574,REMOVE,5,7
574,REMOVE,7,3
574,REMOVE,8,2
575,ADD,0,1
575,ADD,2,3
575,ADD,6,1
575,REMOVE,4,2
575,REMOVE,7,1
576,ADD,3,2
576,ADD,4,4
576,ADD,5,0
576,ADD,7,6
576,ADD,8,5
576,REMOVE,0,1
576,REMOVE,0,2
576,REMOVE,2,3
576,REMOVE,2,8
576,REMOVE,6,1
576,REMOVE,8,8
577,ADD,0,0
577,ADD,0,1
577,ADD,0,4
577,ADD,2,5
577,ADD,2,6
577,ADD,4,2
577,ADD,5,7
577,ADD,6,0
577,ADD,7,3
577,ADD,8,4
577,REMOVE,3,2
577,REMOVE,4,1
577,REMOVE,5,0
578,ADD,3,0
578,ADD,3,1
578,ADD,3,4
578,ADD,6,8
578,ADD,8,9
578,REMOVE,4,4
578,REMOVE,7,3
579,ADD,4,1
579,REMOVE,8,4
580,ADD,7,5
580,ADD,9,3
580,REMOVE,3,0
580,REMOVE,3,1
580,REMOVE,3,4
580,REMOVE,4,1
580,REMOVE,4,2
580,REMOVE,6,8
580,REMOVE,8,9
581,ADD,1,3
581,ADD,3,2
581,ADD,4,1
581,ADD,8,6
581,REMOVE,0,4
581,REMOVE,2,5
581,REMOVE,2,6
581,REMOVE,6,0
581,REMOVE,7,5
581,REMOVE,7,6
581,REMOVE,9,3
582,ADD,0,4
582,ADD,2,1
582,ADD,9,6
582,REMOVE,1,3
582,REMOVE,8,5
583,ADD,4,2
583,ADD,7,7
583,ADD,8,2
583,REMOVE,0,0
583,REMOVE,0,4
583,REMOVE,2,1
583,REMOVE,3,2
583,REMOVE,9,6
584,ADD,0,2
584,ADD,3,4
584,ADD,6,6
584,REMOVE,8,6
585,ADD,3,0
585,ADD,3,1
585,ADD,6,2
586,ADD,1,5
586,ADD,2,3
586,ADD,2,6
586,REMOVE,0,1
586,REMOVE,0,2
586,REMOVE,3,4
586,REMOVE,7,7
587,ADD,3,4
587,ADD,6,3
587,ADD,7,6
587,REMOVE,1,5
587,REMOVE,2,3
587,REMOVE,2,6
588,ADD,0,4
588,ADD,7,3
588,ADD,8,1
588,REMOVE,3,0
588,REMOVE,6,3
589,ADD,2,6
589,ADD,9,3
589,REMOVE,0,4
589,REMOVE,3,1
589,REMOVE,4,1
589,REMOVE,6,6
589,REMOVE,7,3
589,REMOVE,7,6
589,REMOVE,8,2
590,ADD,1,8
590,ADD,7,6
590,ADD,8,4
590,ADD,8,5
590,REMOVE,2,6
590,REMOVE,3,4
590,REMOVE,9,3
591,ADD,3,3
591,ADD,3,6
591,ADD,4,6
591,ADD,6,1
591,ADD,7,3
591,REMOVE,1,8
591,REMOVE,8,5
592,ADD,2,9
592,ADD,3,0
593,ADD,2,4
593,ADD,5,5
593,ADD,7,0
593,REMOVE,3,3
593,REMOVE,6,1
593,REMOVE,6,2
594,ADD,9,3
594,REMOVE,2,4
594,REMOVE,4,6
594,REMOVE,5,5
594,REMOVE,7,3
594,REMOVE,8,1
594,REMOVE,8,4
595,ADD,0,0
595,ADD,7,3
595,ADD,8,0
595,ADD,8,1
595,ADD,8,4
595,REMOVE,3,6
595,REMOVE,9,3
596,ADD,2,4
596,ADD,9,5
596,REMOVE,0,0
596,REMOVE,3,0
596,REMOVE,7,0
596,REMOVE,7,3
596,REMOVE,8,0
596,REMOVE,8,1
596,REMOVE,8,4
597,ADD,1,1
597,ADD,3,4
597,ADD,8,4
597,ADD,8,5
597,REMOVE,2,4
597,REMOVE,2,9
597,REMOVE,9,5
598,ADD,0,1
598,ADD,0,2
598,ADD,2,4
598,ADD,2,5
598,ADD,3,1
598,ADD,4,6
598,ADD,5,5
598,ADD,7,2
598,ADD,8,9
598,REMOVE,1,1
599,ADD,2,9
599,ADD,3,0
599,ADD,8,2
599,REMOVE,0,1
599,REMOVE,4,2
599,REMOVE,5,7
599,REMOVE,7,6
599,REMOVE,8,4
600,ADD,0,1
600,ADD,4,2
600,ADD,5,1
600,ADD,7,1
600,REMOVE,2,4
600,REMOVE,2,5
600,REMOVE,3,0
600,REMOVE,3,1
600,REMOVE,8,5
601,ADD,2,4
601,ADD,2,5
601,ADD,8,1
601,REMOVE,5,1
601,REMOVE,8,2
601,REMOVE,8,9
602,ADD,7,8
602,ADD,8,4
602,REMOVE,0,1
602,REMOVE,4,6
602,REMOVE,7,2
603,ADD,0,1
603,ADD,1,4
603,ADD,5,6
603,REMOVE,4,2
603,REMOVE,8,1
604,ADD,4,3
604,ADD,4,4
604,ADD,8,5
604,REMOVE,0,1
604,REMOVE,1,4
604,REMOVE,2,5
604,REMOVE,2,9
604,REMOVE,5,5
604,REMOVE,7,1
605,ADD,3,0
605,ADD,3,9
605,ADD,5,2
605,ADD,8,1
605,REMOVE,0,2
605,REMOVE,2,4
606,ADD,0,9
606,ADD,1,2
606,ADD,2,3
606,ADD,4,0
606,ADD,6,4
606,ADD,7,9
607,ADD,1,1
607,ADD,9,3
607,REMOVE,0,9
607,REMOVE,2,3
607,REMOVE,3,0
607,REMOVE,3,9
607,REMOVE,4,3
607,REMOVE,6,4
607,REMOVE,7,9
607,REMOVE,8,4
607,REMOVE,8,5
608,ADD,0,1
608,ADD,0,2
608,ADD,3,9
608,ADD,4,1
608,ADD,7,0
608,ADD,8,4
608,REMOVE,9,3
609,ADD,3,5
609,REMOVE,4,0
609,REMOVE,4,1
609,REMOVE,7,8
610,ADD,4,1
610,ADD,5,4
610,REMOVE,3,4
610,REMOVE,3,9
610,REMOVE,7,0
610,REMOVE,8,1
610,REMOVE,8,4
611,ADD,7,0
611,ADD,7,3
611,REMOVE,4,4
611,REMOVE,5,2
612,ADD,1,5
612,ADD,4,2
612,ADD,5,0
612,ADD,7,4
612,ADD,8,1
612,ADD,8,2
612,REMOVE,0,1
612,REMOVE,1,1
612,REMOVE,1,2
612,REMOVE,3,5
613,ADD,0,1
613,ADD,5,7
613,REMOVE,4,1
613,REMOVE,5,0
613,REMOVE,5,4
613,REMOVE,7,0
613,REMOVE,8,2
614,ADD,8,8
614,REMOVE,0,1
614,REMOVE,1,5
614,REMOVE,5,6
614,REMOVE,7,3
615,ADD,0,6
615,ADD,1,2
615,ADD,2,3
615,ADD,3,2
615,ADD,4,1
615,ADD,9,0
616,ADD,0,8
616,ADD,1,3
616,REMOVE,0,2
616,REMOVE,0,6
616,REMOVE,2,3
616,REMOVE,4,1
616,REMOVE,8,1
616,REMOVE,8,8
616,REMOVE,9,0
617,ADD,1,6
617,ADD,4,6
617,REMOVE,3,2
617,REMOVE,7,4
618,ADD,3,8
618,ADD,7,0
618,ADD,7,4
618,ADD,8,3
618,ADD,8,4
618,REMOVE,0,8
618,REMOVE,1,2
618,REMOVE,1,3
618,REMOVE,1,6
618,REMOVE,4,2
618,REMOVE,5,7
619,ADD,0,0
619,ADD,0,3
619,ADD,0,4
619,ADD,1,0
619,ADD,1,1
619,ADD,1,4
619,ADD,2,0
619,ADD,2,1
619,ADD,4,2
619,ADD,5,4
619,ADD,8,0
619,REMOVE,3,8
619,REMOVE,7,4
620,ADD,2,4
620,ADD,5,5
620,ADD,7,7
620,REMOVE,0,0
620,REMOVE,8,3
621,ADD,3,3
621,ADD,8,1
621,REMOVE,0,3
621,REMOVE,1,1
621,REMOVE,2,0
621,REMOVE,2,1
621,REMOVE,2,4
621,REMOVE,5,5
621,REMOVE,7,0
621,REMOVE,7,7
622,ADD,5,0
622,REMOVE,0,4
622,REMOVE,1,0
622,REMOVE,1,4
622,REMOVE,4,6
622,REMOVE,8,0
623,ADD,4,1
623,ADD,5,1
623,ADD,6,2
623,ADD,7,1
623,ADD,7,5
623,ADD,9,5
623,REMOVE,3,3
623,REMOVE,8,4
624,ADD,0,8
624,ADD,3,4
624,ADD,8,5
624,REMOVE,5,0
624,REMOVE,5,4
624,REMOVE,6,2
624,REMOVE,7,5
624,REMOVE,9,5
625,ADD,5,4
625,REMOVE,0,8
625,REMOVE,3,4
625,REMOVE,4,1
625,REMOVE,8,1
625,REMOVE,8,5
626,ADD,0,4
626,ADD,0,5
626,ADD,2,9
626,ADD,5,5
626,ADD,7,0
626,ADD,7,4
626,ADD,8,8
627,ADD,3,9
627,ADD,4,1
627,ADD,8,0
627,ADD,8,9
627,REMOVE,5,4
627,REMOVE,7,1
628,ADD,7,1
628,REMOVE,0,5
628,REMOVE,2,9
628,REMOVE,5,5
628,REMOVE,8,8
629,ADD,0,1
629,ADD,0,5
629,ADD,5,2
629,REMOVE,3,9
629,REMOVE,7,0
629,REMOVE,7,4
629,REMOVE,8,0
630,ADD,3,1
630,ADD,3,2
630,ADD,7,0
630,REMOVE,0,1
630,REMOVE,0,4
630,REMOVE,0,5
630,REMOVE,4,1
630,REMOVE,7,1
631,ADD,2,5
631,ADD,7,9
631,ADD,8,0
631,ADD,8,4
631,REMOVE,5,1
632,ADD,0,7
632,ADD,5,1
632,REMOVE,2,5
632,REMOVE,3,1
632,REMOVE,3,2
632,REMOVE,7,0
632,REMOVE,8,0
632,REMOVE,8,4
633,ADD,2,4
633,ADD,3,1
633,ADD,3,2
633,ADD,4,1
633,ADD,7,6
633,REMOVE,8,9
634,REMOVE,2,4
634,REMOVE,4,1
634,REMOVE,7,9
635,ADD,0,5
635,ADD,4,1
635,ADD,7,5
635,ADD,8,9
635,REMOVE,3,2
635,REMOVE,5,1
636,ADD,3,5
636,ADD,4,5
636,ADD,5,1
636,ADD,8,4
636,REMOVE,7,5
637,ADD,5,7
637,ADD,6,4
637,REMOVE,0,5
637,REMOVE,4,1
637,REMOVE,4,5
637,REMOVE,5,1
637,REMOVE,7,6
637,REMOVE,8,9
638,ADD,1,2
638,ADD,3,4
638,ADD,4,1
638,ADD,7,1
638,ADD,7,2
638,ADD,8,0
638,ADD,9,0
638,REMOVE,0,7
638,REMOVE,5,2
638,REMOVE,5,7
638,REMOVE,6,4
639,ADD,5,1
639,ADD,5,4
639,ADD,5,5
639,REMOVE,1,2
639,REMOVE,3,4
639,REMOVE,3,5
639,REMOVE,4,1
639,REMOVE,9,0
640,ADD,0,1
640,ADD,0,2
640,ADD,2,6
640,ADD,4,6
640,ADD,8,1
640,REMOVE,5,1
640,REMOVE,5,5
640,REMOVE,7,2
641,ADD,1,4
641,ADD,5,1
641,ADD,7,2
641,REMOVE,0,1
641,REMOVE,2,6
641,REMOVE,8,0
641,REMOVE,8,1
642,ADD,0,6
642,ADD,1,0
642,ADD,3,4
642,REMOVE,5,1
643,ADD,2,3
643,ADD,5,3
643,ADD,6,7
643,ADD,8,3
643,REMOVE,1,4
643,REMOVE,3,1
643,REMOVE,3,4
643,REMOVE,4,6
643,REMOVE,7,1
644,ADD,1,1
644,ADD,3,4
644,ADD,7,1
644,REMOVE,0,2
644,REMOVE,0,6
644,REMOVE,5,4
644,REMOVE,6,7
644,REMOVE,8,4
645,ADD,1,4
645,ADD,5,4
645,ADD,8,4
645,REMOVE,2,3
645,REMOVE,7,2
646,ADD,3,5
646,ADD,4,1
646,ADD,7,4
646,REMOVE,1,0
646,REMOVE,1,1
646,REMOVE,1,4
646,REMOVE,3,4
646,REMOVE,5,4
646,REMOVE,8,3
647,ADD,0,1
647,ADD,0,4
647,ADD,1,1
647,ADD,1,4
647,ADD,1,5
647,ADD,2,9
647,ADD,5,4
647,ADD,8,3
647,REMOVE,3,5
647,REMOVE,4,1
647,REMOVE,7,4
647,REMOVE,8,4
648,ADD,0,0
648,ADD,4,1
648,ADD,5,7
648,ADD,7,2
648,REMOVE,1,4
648,REMOVE,2,9
649,ADD,1,4
649,ADD,2,7
649,ADD,3,2
649,REMOVE,0,0
649,REMOVE,5,3
649,REMOVE,5,4
649,REMOVE,7,1
649,REMOVE,7,2
650,ADD,0,0
650,ADD,3,6
650,ADD,7,1
650,ADD,7,2
650,ADD,8,4
650,ADD,9,9
650,REMOVE,2,7
650,REMOVE,4,2
651,ADD,4,2
651,REMOVE,1,1
651,REMOVE,1,5
651,REMOVE,3,6
651,REMOVE,7,1
651,REMOVE,8,3
651,REMOVE,9,9
652,ADD,1,1
652,ADD,8,0
652,REMOVE,0,0
652,REMOVE,0,1
653,ADD,7,6
653,REMOVE,1,1
653,REMOVE,8,0
654,ADD,0,0
654,ADD,0,1
654,ADD,1,1
654,ADD,1,5
654,ADD,3,1
654,ADD,4,5
654,ADD,8,3
654,REMOVE,5,7
654,REMOVE,7,6
655,ADD,4,3
655,ADD,5,1
655,ADD,5,4
655,REMOVE,0,0
655,REMOVE,1,4
655,REMOVE,1,5
655,REMOVE,3,1
655,REMOVE,4,5
655,REMOVE,7,2
655,REMOVE,8,3
656,ADD,1,2
656,ADD,2,1
656,ADD,7,3
656,ADD,7,4
656,REMOVE,4,1
656,REMOVE,4,3
657,ADD,0,0
657,ADD,1,4
657,ADD,8,9
657,REMOVE,5,4
658,ADD,2,6
658,ADD,5,2
658,ADD,8,0
658,REMOVE,1,1
658,REMOVE,1,4
658,REMOVE,2,1
658,REMOVE,7,3
658,REMOVE,7,4
659,ADD,7,2
659,REMOVE,0,0
659,REMOVE,0,1
659,REMOVE,2,6
659,REMOVE,3,2
659,REMOVE,8,0
659,REMOVE,8,4
659,REMOVE,8,9
660,ADD,0,0
660,ADD,3,4
660,ADD,4,6
660,ADD,7,6
660,ADD,8,4
660,ADD,8,5
660,REMOVE,5,1
661,ADD,0,1
661,ADD,1,6
661,ADD,5,1
661,REMOVE,4,6
661,REMOVE,7,6
661,REMOVE,8,4
661,REMOVE,8,5
662,ADD,2,0
662,ADD,2,8
662,ADD,2,9
662,ADD,3,1
662,ADD,4,6
662,ADD,7,1
662,ADD,8,2
662,ADD,8,6
663,REMOVE,0,1
663,REMOVE,2,0
663,REMOVE,3,1
663,REMOVE,3,4
663,REMOVE,4,2
663,REMOVE,5,1
663,REMOVE,7,1
663,REMOVE,8,6
664,ADD,0,3
664,ADD,4,3
664,ADD,6,0
664,ADD,6,3
664,REMOVE,2,9
665,ADD,2,0
665,ADD,2,9
665,ADD,3,9
665,ADD,6,4
665,ADD,9,3
665,REMOVE,1,2
665,REMOVE,4,3
665,REMOVE,5,2
665,REMOVE,7,2
666,ADD,5,4
666,ADD,5,5
666,ADD,7,7
666,REMOVE,0,0
666,REMOVE,0,3
666,REMOVE,3,9
666,REMOVE,6,0
666,REMOVE,6,3
666,REMOVE,9,3
667,ADD,0,3
667,ADD,1,0
667,ADD,4,0
667,ADD,6,1
667,ADD,6,5
667,REMOVE,2,0
667,REMOVE,2,9
668,ADD,0,0
668,ADD,2,9
668,ADD,3,1
668,ADD,3,2
668,ADD,5,1
668,ADD,6,3
668,ADD,8,1
668,REMOVE,6,1
668,REMOVE,6,4
668,REMOVE,6,5
669,ADD,3,6
669,ADD,6,0
669,ADD,6,8
669,REMOVE,0,0
669,REMOVE,0,4
669,REMOVE,4,0
669,REMOVE,5,1
669,REMOVE,5,4
669,REMOVE,5,5
669,REMOVE,8,1
670,ADD,0,0
670,ADD,0,8
670,ADD,2,1
670,ADD,4,3
670,ADD,5,1
670,ADD,5,5
670,ADD,7,5
670,ADD,8,9
670,REMOVE,2,9
670,REMOVE,3,1
670,REMOVE,3,2
670,REMOVE,3,6
670,REMOVE,6,0
670,REMOVE,8,2
671,ADD,3,3
671,ADD,4,0
671,REMOVE,0,8
671,REMOVE,1,0
671,REMOVE,5,1
671,REMOVE,7,5
672,ADD,0,4
672,ADD,2,0
672,ADD,8,4
672,REMOVE,4,0
672,REMOVE,6,3
673,ADD,1,2
673,ADD,4,0
673,ADD,5,1
673,REMOVE,0,0
673,REMOVE,2,0
673,REMOVE,6,8
673,REMOVE,8,4
673,REMOVE,8,9
674,ADD,5,3
674,ADD,6,1
674,ADD,6,2
674,ADD,7,5
674,ADD,8,7
674,REMOVE,1,6
674,REMOVE,2,1
674,REMOVE,2,8
674,REMOVE,3,3
674,REMOVE,4,0
674,REMOVE,4,6
675,ADD,1,1
675,ADD,2,5
675,ADD,2,7
675,ADD,4,0
675,ADD,4,6
675,ADD,5,4
675,REMOVE,6,1
675,REMOVE,7,5
676,ADD,0,0
676,ADD,3,1
676,REMOVE,2,5
676,REMOVE,4,3
676,REMOVE,5,3
676,REMOVE,5,4
676,REMOVE,7,7
677,ADD,1,7
677,ADD,2,5
677,ADD,3,5
677,ADD,5,4
677,ADD,7,8
677,ADD,7,9
677,REMOVE,0,0
677,REMOVE,4,0
677,REMOVE,8,7
678,ADD,0,0
678,ADD,4,0
678,ADD,8,1
678,ADD,8,4
678,REMOVE,1,1
678,REMOVE,1,7
678,REMOVE,3,5
678,REMOVE,5,5
679,ADD,3,2
679,ADD,7,0
679,ADD,8,0
679,REMOVE,0,0
679,REMOVE,0,3
679,REMOVE,2,5
679,REMOVE,5,4
679,REMOVE,8,1
680,ADD,0,1
680,ADD,1,6
680,ADD,4,3
680,ADD,5,3
680,ADD,6,1
680,ADD,8,9
680,REMOVE,1,2
680,REMOVE,2,7
680,REMOVE,3,1
680,REMOVE,7,0
680,REMOVE,7,9
681,REMOVE,0,4
681,REMOVE,1,6
681,REMOVE,4,0
681,REMOVE,4,3
681,REMOVE,4,6
681,REMOVE,5,1
681,REMOVE,6,1
681,REMOVE,8,4
682,ADD,0,0
682,ADD,0,4
682,ADD,1,2
682,ADD,1,6
682,ADD,2,2
682,ADD,4,1
682,ADD,4,2
682,ADD,5,0
682,ADD,6,1
682,ADD,6,5
682,REMOVE,3,2
682,REMOVE,8,0
683,ADD,2,1
683,ADD,3,2
683,ADD,3,6
683,ADD,5,8
683,ADD,7,0
683,ADD,8,8
683,REMOVE,0,0
683,REMOVE,0,4
683,REMOVE,4,1
683,REMOVE,6,2
684,ADD,0,2
684,ADD,3,5
684,ADD,4,1
684,ADD,6,4
684,ADD,7,3
684,REMOVE,1,2
684,REMOVE,5,0
684,REMOVE,5,3
684,REMOVE,8,8
685,ADD,1,0
685,ADD,1,3
685,ADD,4,3
685,ADD,4,5
685,ADD,5,9
685,REMOVE,0,1
685,REMOVE,2,1
685,REMOVE,3,5
685,REMOVE,3,6
685,REMOVE,4,1
685,REMOVE,4,2
685,REMOVE,6,1
685,REMOVE,6,4
685,REMOVE,6,5
685,REMOVE,7,0
686,ADD,0,6
686,ADD,2,6
686,ADD,3,1
686,ADD,6,1
686,ADD,6,2
686,REMOVE,1,0
686,REMOVE,1,6
686,REMOVE,4,5
687,ADD,1,9
687,ADD,4,0
687,ADD,4,8
687,REMOVE,2,6
687,REMOVE,3,1
687,REMOVE,3,2
687,REMOVE,6,1
687,REMOVE,6,2
687,REMOVE,7,8
688,ADD,3,1
688,ADD,5,0
688,ADD,6,1
688,ADD,7,4
688,REMOVE,1,3
688,REMOVE,2,2
688,REMOVE,4,0
688,REMOVE,4,3
688,REMOVE,8,9
689,ADD,2,4
689,ADD,2,5
689,ADD,3,2
689,ADD,7,8
689,ADD,8,1
689,ADD,8,2
689,REMOVE,5,0
689,REMOVE,5,9
689,REMOVE,7,3
689,REMOVE,7,4
690,ADD,1,4
690,ADD,4,9
690,ADD,6,2
690,ADD,7,9
690,REMOVE,0,6
690,REMOVE,2,4
690,REMOVE,2,5
690,REMOVE,8,1
691,ADD,0,1
691,ADD,1,2
691,REMOVE,1,4
691,REMOVE,1,9
691,REMOVE,3,2
691,REMOVE,4,8
691,REMOVE,7,8
691,REMOVE,8,2
692,ADD,4,0
692,ADD,9,8
692,REMOVE,0,1
692,REMOVE,1,2
692,REMOVE,3,1
692,REMOVE,6,2
692,REMOVE,7,9
693,ADD,1,1
693,ADD,1,4
693,ADD,3,1
693,ADD,4,4
693,ADD,6,2
693,ADD,7,8
693,ADD,8,2
693,ADD,8,6
693,REMOVE,9,8
694,ADD,0,1
694,ADD,3,0
694,REMOVE,1,1
694,REMOVE,1,4
694,REMOVE,7,8
694,REMOVE,8,2
695,ADD,7,0
695,ADD,7,1
695,ADD,8,2
695,REMOVE,0,1
695,REMOVE,4,9
695,REMOVE,6,1
695,REMOVE,6,2
696,ADD,0,1
696,ADD,1,4
696,ADD,2,0
696,ADD,2,4
696,ADD,4,1
696,ADD,5,0
696,ADD,6,1
696,ADD,6,2
696,ADD,7,4
696,REMOVE,3,1
696,REMOVE,8,6
697,ADD,1,1
697,ADD,2,1
697,ADD,3,6
697,REMOVE,7,4
698,ADD,1,5
698,ADD,5,3
699,ADD,4,8
699,ADD,7,4
699,REMOVE,0,2
699,REMOVE,1,4
699,REMOVE,2,0
699,REMOVE,4,4
699,REMOVE,6,1
700,ADD,0,0
700,ADD,2,5
700,ADD,4,2
700,ADD,6,6
700,REMOVE,1,1
700,REMOVE,1,5
700,REMOVE,3,0
700,REMOVE,4,0
700,REMOVE,5,0
700,REMOVE,5,3
700,REMOVE,7,0
700,REMOVE,7,4
701,ADD,1,7
701,REMOVE,0,1
701,REMOVE,2,1
701,REMOVE,4,1
701,REMOVE,4,2
701,REMOVE,6,6
701,REMOVE,7,1
702,ADD,0,9
702,ADD,1,5
702,ADD,4,9
702,ADD,8,4
702,REMOVE,2,4
702,REMOVE,2,5
702,REMOVE,3,6
702,REMOVE,5,8
702,REMOVE,8,2
703,ADD,0,4
703,ADD,2,1
703,ADD,3,0
703,ADD,3,6
703,ADD,5,2
703,ADD,7,5
703,ADD,7,6
703,ADD,8,0
703,REMOVE,1,5
703,REMOVE,4,9
704,ADD,2,0
704,ADD,2,4
704,ADD,4,0
704,ADD,4,9
704,ADD,5,1
704,ADD,6,7
704,ADD,8,9
704,REMOVE,6,2
704,REMOVE,7,5
705,ADD,1,5
705,ADD,6,5
705,ADD,7,0
705,ADD,7,3
705,REMOVE,0,0
705,REMOVE,3,0
705,REMOVE,3,6
705,REMOVE,4,0
705,REMOVE,4,8
705,REMOVE,5,1
705,REMOVE,5,2
705,REMOVE,8,0
705,REMOVE,8,9
706,ADD,4,8
706,ADD,5,1
706,ADD,8,1
706,ADD,8,2
706,REMOVE,1,5
706,REMOVE,2,0
706,REMOVE,2,1
706,REMOVE,6,5
706,REMOVE,7,0
706,REMOVE,7,6
707,ADD,2,1
707,ADD,5,4
707,ADD,7,4
707,REMOVE,4,9
707,REMOVE,8,1
707,REMOVE,8,4
708,ADD,0,0
708,ADD,3,2
708,ADD,5,0
708,REMOVE,2,4
708,REMOVE,8,2
709,ADD,8,8
709,REMOVE,0,4
709,REMOVE,1,7
709,REMOVE,2,1
709,REMOVE,5,0
709,REMOVE,5,4
709,REMOVE,7,4
710,ADD,0,4
710,ADD,1,4
710,ADD,1,9
710,ADD,4,0
710,ADD,4,4
710,ADD,4,9
710,ADD,5,4
710,ADD,6,5
710,ADD,7,4
710,ADD,8,0
710,REMOVE,3,2
711,ADD,2,1
711,ADD,3,2
711,ADD,7,5
711,ADD,8,9
711,REMOVE,0,4
711,REMOVE,1,4
711,REMOVE,4,0
711,REMOVE,4,8
711,REMOVE,5,1
712,ADD,3,6
712,ADD,4,0
712,ADD,5,3
712,REMOVE,0,0
712,REMOVE,1,9
712,REMOVE,2,1
712,REMOVE,6,5
712,REMOVE,7,5
712,REMOVE,8,8
713,ADD,0,0
713,ADD,5,0
713,ADD,7,9
713,REMOVE,3,2
713,REMOVE,3,6
713,REMOVE,4,0
713,REMOVE,7,4
713,REMOVE,8,0
713,REMOVE,8,9
714,ADD,2,2
714,ADD,3,8
714,ADD,8,4
714,REMOVE,0,0
714,REMOVE,0,9
714,REMOVE,4,4
714,REMOVE,5,0
714,REMOVE,5,3
714,REMOVE,7,9
715,ADD,0,4
715,ADD,0,9
715,ADD,2,7
715,ADD,3,9
715,ADD,4,4
715,ADD,5,3
715,ADD,6,5
715,ADD,7,4
715,REMOVE,8,4
716,ADD,1,8
716,ADD,7,0
716,REMOVE,0,4
716,REMOVE,2,2
716,REMOVE,3,9
716,REMOVE,4,9
716,REMOVE,5,4
716,REMOVE,6,5
717,ADD,0,8
717,ADD,4,5
717,ADD,4,9
717,ADD,5,6
717,ADD,8,2
717,REMOVE,1,8
717,REMOVE,2,7
718,ADD,0,0
718,ADD,3,3
718,ADD,8,1
719,ADD,0,1
719,ADD,1,4
719,REMOVE,3,3
719,REMOVE,4,4
719,REMOVE,4,5
719,REMOVE,5,3
719,REMOVE,7,0
719,REMOVE,7,3
719,REMOVE,7,4
719,REMOVE,8,1
719,REMOVE,8,2
720,ADD,2,3
720,ADD,4,4
720,ADD,7,2
720,REMOVE,0,0
720,REMOVE,0,1
720,REMOVE,0,8
720,REMOVE,0,9
720,REMOVE,5,6
720,REMOVE,6,7
721,ADD,0,1
721,ADD,0,2
721,ADD,1,1
721,ADD,4,0
721,ADD,5,0
721,ADD,5,3
721,ADD,6,2
721,ADD,6,6
721,ADD,8,4
721,REMOVE,1,4
721,REMOVE,2,3
721,REMOVE,3,8
722,ADD,3,2
722,ADD,5,6
722,ADD,7,8
722,ADD,8,3
722,REMOVE,1,1
722,REMOVE,4,0
722,REMOVE,4,9
722,REMOVE,7,2
723,ADD,2,1
723,ADD,3,1
723,ADD,4,1
723,REMOVE,0,1
723,REMOVE,0,2
723,REMOVE,5,0
723,REMOVE,5,3
723,REMOVE,6,6
723,REMOVE,8,4
724,ADD,0,1
724,ADD,0,2
724,ADD,1,2
724,ADD,4,5
724,ADD,5,2
724,ADD,7,0
724,ADD,8,4
724,REMOVE,2,1
724,REMOVE,3,1
724,REMOVE,3,2
725,ADD,3,5
725,ADD,3,6
725,ADD,4,8
725,ADD,6,1
725,ADD,8,0
725,REMOVE,0,1
725,REMOVE,5,6
726,ADD,1,1
726,ADD,5,1
726,REMOVE,3,5
726,REMOVE,3,6
726,REMOVE,4,1
726,REMOVE,4,4
726,REMOVE,4,5
726,REMOVE,4,8
726,REMOVE,6,1
726,REMOVE,6,2
726,REMOVE,7,0
726,REMOVE,8,0
726,REMOVE,8,3
727,ADD,3,0
727,ADD,3,9
727,ADD,4,0
727,ADD,4,3
727,ADD,4,6
727,ADD,6,4
727,ADD,8,3
727,REMOVE,1,2
728,ADD,1,0
728,ADD,1,4
728,ADD,3,4
728,ADD,6,1
728,ADD,7,9
728,REMOVE,0,2
728,REMOVE,8,3
729,ADD,8,5
729,REMOVE,1,0
729,REMOVE,1,4
729,REMOVE,3,0
729,REMOVE,3,9
729,REMOVE,4,3
729,REMOVE,7,9
730,ADD,1,0
730,ADD,3,0
730,ADD,6,0
730,REMOVE,8,5
731,ADD,0,1
731,ADD,0,4
731,ADD,2,5
731,ADD,4,3
731,ADD,7,0
731,ADD,7,3
731,ADD,8,1
731,REMOVE,5,1
731,REMOVE,6,4
732,ADD,0,0
732,ADD,1,4
732,ADD,3,1
732,ADD,6,4
732,ADD,8,9
732,REMOVE,7,3
732,REMOVE,8,1
733,ADD,5,1
733,ADD,7,9
733,ADD,8,0
733,REMOVE,0,4
733,REMOVE,1,0
733,REMOVE,2,5
733,REMOVE,3,1
733,REMOVE,3,4
733,REMOVE,4,3
733,REMOVE,6,0
733,REMOVE,6,4
734,ADD,6,2
734,REMOVE,3,0
734,REMOVE,5,1
734,REMOVE,7,0
734,REMOVE,7,9
734,REMOVE,8,0
734,REMOVE,8,4
735,ADD,1,0
735,ADD,5,6
735,REMOVE,6,2
736,ADD,0,4
736,ADD,6,2
736,REMOVE,1,0
736,REMOVE,1,1
736,REMOVE,1,4
736,REMOVE,8,9
737,ADD,7,1
737,ADD,8,0
737,ADD,8,6
737,REMOVE,0,4
737,REMOVE,5,6
737,REMOVE,6,1
738,ADD,0,4
738,ADD,1,3
738,ADD,2,8
738,ADD,4,3
738,ADD,6,1
738,REMOVE,7,8
738,REMOVE,8,0
738,REMOVE,8,6
739,ADD,2,3
739,ADD,7,4
739,ADD,8,7
739,REMOVE,0,1
739,REMOVE,1,3
739,REMOVE,4,3
740,ADD,0,3
740,ADD,3,1
740,ADD,3,5
740,REMOVE,2,3
740,REMOVE,4,0
740,REMOVE,6,1
741,ADD,2,3
741,ADD,4,0
741,ADD,6,1
741,ADD,7,0
742,ADD,3,6
742,ADD,4,3
742,ADD,5,6
742,REMOVE,0,0
742,REMOVE,7,0
743,REMOVE,3,1
743,REMOVE,3,5
743,REMOVE,4,0
743,REMOVE,5,6
743,REMOVE,6,1
743,REMOVE,7,1
744,ADD,5,1
744,REMOVE,0,3
745,ADD,0,1
745,ADD,3,5
745,ADD,4,0
745,ADD,7,3
745,ADD,8,5
745,REMOVE,2,3
745,REMOVE,5,1
746,ADD,0,0
746,ADD,2,0
746,ADD,2,3
746,ADD,6,1
746,REMOVE,4,3
747,ADD,5,1
747,REMOVE,0,1
747,REMOVE,7,4
747,REMOVE,8,5
748,ADD,0,3
748,ADD,0,6
748,ADD,1,4
748,ADD,1,5
748,ADD,7,4
748,REMOVE,2,0
748,REMOVE,3,6
749,ADD,2,0
749,ADD,3,4
749,ADD,4,3
749,ADD,7,0
749,REMOVE,0,0
749,REMOVE,0,6
749,REMOVE,5,1
749,REMOVE,6,1
750,ADD,3,9
750,ADD,5,1
750,REMOVE,0,4
750,REMOVE,1,4
750,REMOVE,1,5
750,REMOVE,2,0
750,REMOVE,4,0
750,REMOVE,7,3
750,REMOVE,7,4
751,ADD,0,8
751,ADD,2,0
751,ADD,4,0
751,ADD,6,1
751,ADD,7,4
751,ADD,8,8
751,REMOVE,3,4
751,REMOVE,3,5
752,ADD,7,1
752,REMOVE,2,0
752,REMOVE,4,3
752,REMOVE,5,2
753,ADD,1,4
753,ADD,2,0
753,ADD,3,5
753,ADD,5,2
753,REMOVE,8,8
754,ADD,0,0
754,ADD,8,5
754,REMOVE,1,4
754,REMOVE,2,0
754,REMOVE,3,5
754,REMOVE,3,9
754,REMOVE,5,1
754,REMOVE,6,1
755,ADD,3,1
755,ADD,3,2
755,ADD,5,1
755,REMOVE,0,3
755,REMOVE,2,3
755,REMOVE,4,0
755,REMOVE,8,5
756,ADD,0,9
756,ADD,2,9
756,ADD,4,2
756,REMOVE,7,1
757,ADD,7,7
757,ADD,8,5
757,REMOVE,0,0
757,REMOVE,2,9
757,REMOVE,4,6
757,REMOVE,6,2
757,REMOVE,7,0
757,REMOVE,7,4
758,ADD,0,0
758,ADD,4,6
758,REMOVE,3,1
758,REMOVE,3,2
758,REMOVE,8,5
759,ADD,3,3
759,ADD,3,4
759,ADD,6,4
759,ADD,6,9
759,REMOVE,0,0
759,REMOVE,0,9
759,REMOVE,5,1
760,ADD,0,3
760,ADD,2,0
760,ADD,2,3
760,ADD,6,0
760,REMOVE,3,3
761,ADD,0,0
761,ADD,8,4
761,REMOVE,2,0
761,REMOVE,4,6
762,ADD,1,7
762,ADD,3,9
762,ADD,5,1
762,ADD,7,9
762,REMOVE,0,8
762,REMOVE,2,3
762,REMOVE,6,0
762,REMOVE,6,9
762,REMOVE,8,4
763,ADD,0,4
763,ADD,2,0
763,ADD,2,3
763,ADD,4,1
763,REMOVE,1,7
763,REMOVE,3,4
763,REMOVE,5,1
763,REMOVE,6,4
763,REMOVE,7,9
764,ADD,3,0
764,ADD,6,2
764,REMOVE,0,0
764,REMOVE,2,0
764,REMOVE,2,3
764,REMOVE,4,1
765,ADD,2,3
765,ADD,5,1
765,ADD,6,1
765,ADD,6,5
765,ADD,7,5
765,REMOVE,0,3
765,REMOVE,0,4
765,REMOVE,3,0
766,ADD,0,0
766,ADD,0,6
766,ADD,4,1
766,REMOVE,5,2
766,REMOVE,6,2
766,REMOVE,7,5
767,ADD,1,4
767,ADD,1,9
767,ADD,3,7
767,ADD,5,4
767,ADD,7,5
767,ADD,8,5
767,REMOVE,3,9
767,REMOVE,6,5
768,ADD,0,3
768,ADD,6,2
768,REMOVE,1,4
768,REMOVE,1,9
768,REMOVE,2,3
768,REMOVE,2,8
768,REMOVE,3,7
768,REMOVE,5,1
768,REMOVE,5,4
768,REMOVE,7,5
769,ADD,5,3
769,ADD,7,5
769,REMOVE,0,0
769,REMOVE,0,3
769,REMOVE,6,1
769,REMOVE,6,2
769,REMOVE,8,5
770,ADD,0,0
770,ADD,3,4
770,ADD,5,0
770,ADD,5,6
771,REMOVE,0,6
771,REMOVE,3,4
771,REMOVE,5,0
771,REMOVE,5,6
771,REMOVE,7,5
772,ADD,5,0
772,ADD,7,5
772,REMOVE,0,0
773,ADD,2,6
773,ADD,3,1
773,REMOVE,5,3
774,ADD,1,1
774,ADD,5,8
774,ADD,5,9
774,ADD,7,0
774,REMOVE,3,1
775,ADD,3,4
775,ADD,6,2
775,REMOVE,1,1
775,REMOVE,5,0
775,REMOVE,5,9
775,REMOVE,7,5
776,ADD,0,1
776,ADD,5,9
776,REMOVE,3,4
776,REMOVE,7,0
777,ADD,1,2
777,ADD,2,0
777,ADD,3,0
777,ADD,3,9
777,ADD,6,1
777,ADD,7,5
777,REMOVE,0,1
777,REMOVE,4,1
777,REMOVE,5,8
777,REMOVE,5,9
778,ADD,4,6
778,ADD,5,1
778,ADD,5,4
778,REMOVE,2,0
778,REMOVE,3,9
778,REMOVE,6,1
778,REMOVE,7,5
779,ADD,2,3
779,ADD,3,4
779,ADD,6,1
779,ADD,7,5
779,REMOVE,1,2
779,REMOVE,4,6
779,REMOVE,5,4
780,ADD,0,2
780,ADD,4,1
780,ADD,5,2
780,ADD,8,5
780,REMOVE,2,3
780,REMOVE,3,0
780,REMOVE,7,5
781,ADD,1,9
781,ADD,2,3
781,ADD,3,3
781,ADD,7,5
781,REMOVE,0,2
781,REMOVE,5,1
782,ADD,1,4
782,REMOVE,2,3
782,REMOVE,4,1
782,REMOVE,6,1
782,REMOVE,7,5
782,REMOVE,8,5
783,ADD,0,1
783,ADD,0,2
783,ADD,4,1
783,ADD,6,6
783,ADD,7,5
783,REMOVE,1,4
783,REMOVE,1,9
784,ADD,1,2
784,ADD,2,2
784,ADD,5,1
784,ADD,6,0
784,ADD,8,5
784,REMOVE,0,1
784,REMOVE,3,3
784,REMOVE,7,5
785,ADD,0,1
785,ADD,1,6
785,ADD,3,1
785,ADD,7,5
785,REMOVE,2,6
785,REMOVE,4,1
785,REMOVE,5,1
785,REMOVE,6,0
785,REMOVE,6,6
786,ADD,4,1
786,ADD,5,6
786,ADD,9,4
786,REMOVE,0,2
786,REMOVE,1,2
786,REMOVE,1,6
786,REMOVE,7,5
786,REMOVE,8,5
787,ADD,0,2
787,ADD,2,6
787,ADD,4,5
787,ADD,5,0
787,ADD,6,6
787,REMOVE,3,1
787,REMOVE,5,2
787,REMOVE,9,4
788,ADD,0,9
788,ADD,3,1
788,ADD,5,3
788,ADD,7,5
788,REMOVE,0,1
788,REMOVE,2,2
788,REMOVE,2,6
788,REMOVE,4,5
789,ADD,2,8
789,REMOVE,5,0
789,REMOVE,5,6
789,REMOVE,7,5
790,ADD,2,3
790,ADD,5,4
790,ADD,7,5
790,ADD,8,4
790,ADD,8,5
790,REMOVE,0,9
790,REMOVE,4,1
791,ADD,0,6
791,ADD,3,5
791,ADD,4,1
791,REMOVE,2,3
791,REMOVE,6,6
791,REMOVE,8,4
791,REMOVE,8,5
792,ADD,2,0
792,ADD,5,5
792,ADD,6,6
792,REMOVE,0,2
792,REMOVE,3,1
792,REMOVE,3,5
792,REMOVE,5,3
792,REMOVE,5,4
792,REMOVE,7,5
793,ADD,3,5
793,ADD,7,5
793,REMOVE,0,6
793,REMOVE,2,8
793,REMOVE,4,2
793,REMOVE,8,7
794,ADD,0,1
794,ADD,2,6
794,ADD,3,1
794,ADD,4,2
794,ADD,8,2
794,REMOVE,7,5
795,ADD,0,0
795,ADD,0,4
795,ADD,5,4
795,REMOVE,2,6
795,REMOVE,3,4
795,REMOVE,4,1
796,ADD,0,5
796,ADD,1,3
796,ADD,1,4
796,ADD,3,4
796,REMOVE,0,4
796,REMOVE,2,0
796,REMOVE,5,4
796,REMOVE,6,6
797,ADD,5,1
797,ADD,8,1
797,REMOVE,0,0
797,REMOVE,0,5
797,REMOVE,3,5
798,ADD,0,0
798,ADD,0,4
798,ADD,2,3
798,ADD,2,8
798,ADD,3,0
798,ADD,6,1
798,REMOVE,5,1
798,REMOVE,5,5
798,REMOVE,8,1
799,ADD,4,1
799,ADD,5,1
799,ADD,5,4
799,ADD,8,1
799,REMOVE,0,1
799,REMOVE,1,4
799,REMOVE,2,3
799,REMOVE,3,0
799,REMOVE,6,1
800,ADD,3,0
800,ADD,6,1
800,REMOVE,0,0
800,REMOVE,0,4
800,REMOVE,1,3
800,REMOVE,2,8
800,REMOVE,4,1
800,REMOVE,8,1
801,ADD,0,5
801,ADD,0,9
801,ADD,2,5
801,ADD,4,6
801,ADD,5,0
801,ADD,7,5
801,ADD,8,1
801,REMOVE,3,0
801,REMOVE,3,1
801,REMOVE,6,1
801,REMOVE,6,2
802,ADD,0,4
802,ADD,1,1
802,ADD,1,4
802,ADD,2,1
802,ADD,2,4
802,ADD,3,1
802,REMOVE,4,6
802,REMOVE,5,1
802,REMOVE,5,4
802,REMOVE,7,5
802,REMOVE,8,1
803,ADD,6,2
803,ADD,6,6
803,REMOVE,0,4
803,REMOVE,0,5
803,REMOVE,0,9
804,ADD,3,0
804,ADD,5,1
804,REMOVE,1,1
804,REMOVE,1,4
804,REMOVE,2,5
805,ADD,4,1
805,ADD,7,5
805,REMOVE,2,1
805,REMOVE,3,1
805,REMOVE,6,2
805,REMOVE,6,6
806,ADD,2,1
806,ADD,3,1
806,ADD,8,1
806,REMOVE,4,1
806,REMOVE,7,7
807,ADD,4,1
807,ADD,5,4
807,ADD,7,1
807,ADD,7,4
807,REMOVE,2,1
807,REMOVE,3,1
807,REMOVE,3,4
807,REMOVE,8,1
808,ADD,1,1
808,ADD,1,4
808,ADD,2,0
808,REMOVE,4,1
808,REMOVE,5,4
808,REMOVE,7,5
809,ADD,1,5
809,ADD,2,1
809,ADD,3,3
809,ADD,3,4
809,ADD,4,1
809,ADD,6,4
809,ADD,7,5
809,REMOVE,5,0
810,ADD,5,2
810,ADD,6,5
810,REMOVE,1,1
810,REMOVE,1,5
810,REMOVE,2,0
810,REMOVE,2,1
810,REMOVE,3,0
810,REMOVE,7,4
810,REMOVE,7,5
811,ADD,2,1
811,ADD,2,5
811,ADD,7,0
811,ADD,8,1
811,REMOVE,3,3
811,REMOVE,5,2
811,REMOVE,6,5
812,ADD,1,9
812,ADD,6,3
812,ADD,7,3
812,ADD,7,4
812,REMOVE,2,4
812,REMOVE,4,1
812,REMOVE,8,2
813,ADD,1,0
813,ADD,3,9
813,ADD,5,2
813,ADD,6,0
813,ADD,8,0
813,REMOVE,2,5
813,REMOVE,6,3
813,REMOVE,7,1
813,REMOVE,7,3
814,ADD,4,1
814,ADD,6,1
814,ADD,7,1
814,REMOVE,1,0
814,REMOVE,1,4
814,REMOVE,1,9
814,REMOVE,2,1
814,REMOVE,3,4
814,REMOVE,3,9
814,REMOVE,8,1
815,ADD,2,0
815,ADD,2,4
815,ADD,3,4
815,ADD,8,1
815,REMOVE,4,1
815,REMOVE,6,4
816,ADD,2,1
816,ADD,4,1
816,REMOVE,5,1
816,REMOVE,7,0
817,ADD,0,1
817,ADD,0,4
817,ADD,1,8
817,ADD,7,0
817,ADD,8,4
817,REMOVE,3,4
817,REMOVE,4,1
818,ADD,0,5
818,ADD,3,5
818,ADD,3,9
818,ADD,4,1
818,REMOVE,1,8
818,REMOVE,2,0
818,REMOVE,2,1
819,ADD,2,1
819,ADD,4,0
819,ADD,5,1
819,REMOVE,0,5
819,REMOVE,3,9
819,REMOVE,4,1
819,REMOVE,6,0
819,REMOVE,6,1
819,REMOVE,8,0
819,REMOVE,8,1
820,ADD,1,3
820,ADD,3,4
820,ADD,6,8
820,ADD,6,9
820,ADD,8,3
820,REMOVE,0,1
820,REMOVE,0,4
820,REMOVE,4,0
821,ADD,4,6
821,ADD,6,0
821,REMOVE,1,3
821,REMOVE,2,1
821,REMOVE,2,4
821,REMOVE,3,5
821,REMOVE,5,1
821,REMOVE,8,3
822,ADD,0,1
822,ADD,0,4
822,ADD,1,0
822,ADD,1,6
822,ADD,2,3
822,ADD,3,3
822,ADD,4,3
822,ADD,8,9
822,REMOVE,6,0
822,REMOVE,6,9
822,REMOVE,7,1
822,REMOVE,7,4
823,ADD,1,3
823,ADD,2,4
823,ADD,5,1
823,ADD,6,0
823,ADD,6,3
823,ADD,7,4
823,REMOVE,4,2
824,ADD,0,0
824,ADD,4,0
824,ADD,7,9
824,ADD,8,0
824,REMOVE,1,0
824,REMOVE,2,3
824,REMOVE,2,4
824,REMOVE,3,4
824,REMOVE,5,1
824,REMOVE,5,2
825,ADD,5,4
825,ADD,5,9
825,ADD,8,6
825,REMOVE,0,4
825,REMOVE,1,3
825,REMOVE,4,0
825,REMOVE,4,3
825,REMOVE,6,0
825,REMOVE,6,3
825,REMOVE,6,8
825,REMOVE,7,9
825,REMOVE,8,0
825,REMOVE,8,4
826,ADD,2,2
826,ADD,3,4
826,ADD,4,3
826,ADD,4,4
826,ADD,6,2
826,ADD,6,6
826,ADD,7,1
826,REMOVE,5,4
827,ADD,2,1
827,ADD,3,1
827,ADD,5,4
827,REMOVE,1,6
827,REMOVE,3,3
827,REMOVE,4,4
827,REMOVE,4,6
827,REMOVE,6,6
827,REMOVE,7,4
827,REMOVE,8,6
827,REMOVE,8,9
828,ADD,0,4
828,ADD,3,0
828,ADD,7,4
828,ADD,8,9
828,REMOVE,2,1
828,REMOVE,5,4
828,REMOVE,5,9
829,ADD,3,8
829,ADD,4,4
829,ADD,5,0
829,ADD,5,4
829,ADD,6,6
829,ADD,8,5
829,REMOVE,2,2
829,REMOVE,3,1
830,ADD,1,1
830,ADD,5,1
830,ADD,6,5
830,ADD,8,4
830,REMOVE,3,4
830,REMOVE,3,8
830,REMOVE,4,3
830,REMOVE,7,4
831,ADD,3,4
831,ADD,4,1
831,ADD,7,4
831,REMOVE,1,1
831,REMOVE,5,0
831,REMOVE,5,1
831,REMOVE,6,5
831,REMOVE,8,5
832,ADD,3,9
832,ADD,8,0
832,REMOVE,0,0
832,REMOVE,4,1
832,REMOVE,7,4
833,ADD,0,0
833,ADD,2,2
833,ADD,5,0
833,ADD,7,4
833,REMOVE,3,9
833,REMOVE,6,6
833,REMOVE,8,4
834,ADD,2,1
834,ADD,3,3
834,ADD,4,3
834,ADD,8,4
834,REMOVE,0,0
834,REMOVE,5,0
834,REMOVE,7,0
835,ADD,0,0
835,ADD,4,0
835,ADD,7,0
835,REMOVE,2,1
835,REMOVE,2,2
835,REMOVE,3,0
835,REMOVE,3,3
835,REMOVE,8,9
836,ADD,2,0
836,ADD,2,3
836,ADD,2,4
836,ADD,3,0
836,ADD,5,3
836,ADD,6,1
836,ADD,8,1
836,REMOVE,0,0
836,REMOVE,0,1
836,REMOVE,4,0
836,REMOVE,7,0
836,REMOVE,7,1
837,ADD,0,0
837,ADD,0,1
837,ADD,3,3
837,ADD,7,1
837,ADD,7,5
837,REMOVE,2,0
837,REMOVE,2,4
837,REMOVE,4,3
837,REMOVE,5,3
837,REMOVE,6,1
837,REMOVE,8,1
838,ADD,8,9
838,REMOVE,4,4
838,REMOVE,5,4
838,REMOVE,7,5
839,ADD,1,8
839,ADD,2,0
839,ADD,4,2
839,ADD,5,1
839,ADD,6,1
839,REMOVE,3,0
839,REMOVE,8,0
839,REMOVE,8,9
840,ADD,5,4
840,ADD,7,0
840,ADD,8,1
840,ADD,9,6
840,REMOVE,0,0
840,REMOVE,1,8
840,REMOVE,2,0
840,REMOVE,2,3
840,REMOVE,6,1
840,REMOVE,6,2
841,ADD,3,0
841,ADD,5,5
841,ADD,6,1
841,ADD,6,4
841,REMOVE,0,4
841,REMOVE,8,4
841,REMOVE,9,6
842,ADD,0,0
842,ADD,2,5
842,ADD,2,9
842,ADD,8,0
842,ADD,8,4
842,REMOVE,3,0
842,REMOVE,4,2
842,REMOVE,5,4
842,REMOVE,5,5
842,REMOVE,7,0
843,ADD,3,0
843,ADD,4,2
843,REMOVE,2,5
843,REMOVE,5,1
843,REMOVE,6,4
843,REMOVE,8,4
844,ADD,0,4
844,ADD,5,1
844,ADD,5,4
844,ADD,6,0
844,ADD,6,4
844,ADD,7,0
844,ADD,8,4
844,REMOVE,3,3
845,ADD,2,5
845,ADD,3,9
845,REMOVE,0,4
845,REMOVE,5,1
845,REMOVE,5,4
845,REMOVE,6,4
845,REMOVE,7,4
845,REMOVE,8,0
845,REMOVE,8,1
846,ADD,8,5
846,REMOVE,0,0
846,REMOVE,0,1
847,ADD,0,3
847,ADD,0,4
847,ADD,5,7
847,ADD,7,4
847,REMOVE,2,5
847,REMOVE,3,4
847,REMOVE,8,5
848,ADD,3,4
848,ADD,6,4
848,REMOVE,0,3
848,REMOVE,0,4
848,REMOVE,2,9
848,REMOVE,5,7
848,REMOVE,7,0
848,REMOVE,7,1
849,ADD,0,3
849,ADD,0,4
849,ADD,4,1
849,ADD,5,1
849,ADD,7,0
849,REMOVE,3,4
849,REMOVE,3,9
849,REMOVE,6,0
849,REMOVE,6,1
850,ADD,5,2
850,ADD,7,9
851,ADD,1,4
851,ADD,2,2
851,ADD,3,4
851,ADD,4,5
851,ADD,6,3
851,ADD,8,1
851,ADD,8,5
851,REMOVE,4,2
851,REMOVE,5,1
851,REMOVE,7,4
852,ADD,3,1
852,ADD,7,8
852,REMOVE,1,4
852,REMOVE,5,2
852,REMOVE,6,3
852,REMOVE,8,1
852,REMOVE,8,5
853,ADD,4,4
853,ADD,5,2
853,ADD,6,3
853,REMOVE,7,8
854,ADD,7,4
854,ADD,8,5
854,REMOVE,0,3
854,REMOVE,3,0
854,REMOVE,4,1
854,REMOVE,4,4
854,REMOVE,6,4
855,ADD,4,4
855,ADD,6,4
855,REMOVE,2,2
855,REMOVE,3,4
855,REMOVE,5,2
855,REMOVE,7,0
855,REMOVE,7,4
855,REMOVE,8,4
855,REMOVE,8,5
856,ADD,2,3
856,ADD,3,5
856,ADD,4,1
856,ADD,5,9
856,ADD,7,0
856,ADD,7,8
856,ADD,8,1
856,REMOVE,6,3
857,ADD,0,1
857,ADD,2,0
857,ADD,2,4
857,ADD,3,4
857,ADD,7,4
857,ADD,8,4
857,ADD,8,5
857,REMOVE,4,4
858,ADD,0,6
858,ADD,6,5
858,REMOVE,2,0
858,REMOVE,2,3
858,REMOVE,4,5
858,REMOVE,7,8
858,REMOVE,8,4
859,ADD,1,5
859,ADD,2,1
859,ADD,5,5
859,ADD,6,3
859,ADD,8,4
859,REMOVE,0,1
859,REMOVE,0,6
859,REMOVE,6,4
859,REMOVE,7,4
860,ADD,0,6
860,REMOVE,1,5
860,REMOVE,4,1
860,REMOVE,5,9
860,REMOVE,6,5
860,REMOVE,7,0
860,REMOVE,8,1
860,REMOVE,8,5
861,ADD,1,9
861,ADD,5,1
861,ADD,5,4
861,ADD,6,8
861,ADD,7,4
861,ADD,7,5
861,REMOVE,0,4
861,REMOVE,0,6
861,REMOVE,3,4
862,ADD,4,8
862,REMOVE,1,9
862,REMOVE,2,4
862,REMOVE,3,5
862,REMOVE,5,1
862,REMOVE,5,4
862,REMOVE,6,3
862,REMOVE,6,8
862,REMOVE,7,9
863,ADD,0,5
863,ADD,3,2
863,ADD,4,0
863,ADD,6,4
863,ADD,7,1
863,ADD,8,0
863,REMOVE,2,1
864,ADD,0,4
864,ADD,1,2
864,ADD,1,6
864,ADD,2,2
864,ADD,4,3
864,ADD,6,3
864,ADD,8,9
864,REMOVE,5,5
865,ADD,0,9
865,ADD,2,6
865,ADD,5,1
865,ADD,5,2
865,ADD,6,0
865,ADD,6,9
865,REMOVE,1,6
865,REMOVE,3,1
865,REMOVE,4,0
865,REMOVE,8,0
865,REMOVE,8,9
866,ADD,1,1
866,ADD,3,1
866,ADD,4,0
866,ADD,8,0
866,ADD,8,3
866,REMOVE,6,9
867,REMOVE,1,1
867,REMOVE,2,2
867,REMOVE,3,1
867,REMOVE,4,0
867,REMOVE,7,1
867,REMOVE,8,0
868,ADD,1,1
868,ADD,2,0
868,ADD,2,3
868,ADD,4,0
868,REMOVE,5,1
868,REMOVE,6,0
869,ADD,3,1
869,REMOVE,0,4
869,REMOVE,1,1
869,REMOVE,2,0
869,REMOVE,4,0
869,REMOVE,4,8
870,ADD,0,4
870,ADD,1,6
870,ADD,4,8
870,ADD,7,9
870,ADD,8,0
870,REMOVE,5,2
871,ADD,4,0
871,ADD,5,4
871,ADD,6,0
871,REMOVE,1,6
871,REMOVE,2,3
871,REMOVE,2,6
871,REMOVE,8,4
872,ADD,2,0
872,ADD,2,1
872,ADD,2,4
872,ADD,5,3
872,ADD,8,4
872,REMOVE,3,1
872,REMOVE,4,0
872,REMOVE,4,3
872,REMOVE,6,0
872,REMOVE,7,4
873,ADD,1,1
873,ADD,3,6
873,ADD,4,9
873,ADD,6,0
873,REMOVE,0,5
873,REMOVE,7,5
873,REMOVE,8,0
874,ADD,0,0
874,ADD,5,0
874,ADD,7,0
874,ADD,7,4
874,REMOVE,3,2
874,REMOVE,8,3
875,ADD,3,2
875,ADD,7,7
875,REMOVE,0,4
875,REMOVE,0,9
875,REMOVE,5,0
875,REMOVE,5,4
876,ADD,0,8
876,REMOVE,2,1
876,REMOVE,3,2
876,REMOVE,4,8
876,REMOVE,6,3
876,REMOVE,7,4
876,REMOVE,7,9
877,ADD,2,1
877,ADD,3,2
877,ADD,4,4
877,ADD,5,4
877,ADD,8,1
877,ADD,8,5
877,REMOVE,0,0
877,REMOVE,1,1
877,REMOVE,6,0
877,REMOVE,7,7
878,ADD,0,0
878,ADD,0,9
878,ADD,4,5
878,ADD,6,1
878,ADD,7,1
878,ADD,7,4
878,REMOVE,1,2
878,REMOVE,3,2
878,REMOVE,5,4
879,ADD,1,4
879,ADD,1,9
879,ADD,3,2
879,REMOVE,2,0
879,REMOVE,8,1
879,REMOVE,8,5
880,ADD,1,0
880,ADD,2,5
880,ADD,5,4
880,ADD,8,0
880,ADD,8,1
880,REMOVE,0,0
881,ADD,6,5
881,REMOVE,0,9
881,REMOVE,1,4
881,REMOVE,3,2
881,REMOVE,7,4
882,ADD,0,0
882,ADD,0,3
882,ADD,1,4
882,ADD,3,0
882,ADD,7,4
882,REMOVE,2,5
882,REMOVE,5,4
882,REMOVE,6,1
882,REMOVE,8,0
882,REMOVE,8,4
883,ADD,2,0
883,ADD,6,9
883,REMOVE,4,4
883,REMOVE,7,0
883,REMOVE,7,4
883,REMOVE,8,1
884,ADD,7,0
884,ADD,8,2
884,REMOVE,0,0
884,REMOVE,1,0
884,REMOVE,2,1
884,REMOVE,6,5
885,ADD,0,0
885,ADD,2,1
885,ADD,4,4
885,ADD,5,0
885,ADD,5,4
885,ADD,7,4
885,REMOVE,1,4
886,ADD,6,0
886,ADD,8,1
886,REMOVE,5,0
886,REMOVE,5,3
887,ADD,1,4
887,REMOVE,2,0
887,REMOVE,3,0
887,REMOVE,6,0
887,REMOVE,8,1
888,ADD,3,2
888,ADD,6,5
888,ADD,8,1
888,ADD,8,4
888,REMOVE,4,9
889,ADD,1,5
889,ADD,2,5
889,ADD,4,9
889,REMOVE,0,3
889,REMOVE,5,4
889,REMOVE,6,5
889,REMOVE,7,0
889,REMOVE,8,1
889,REMOVE,8,2
890,ADD,5,8
890,ADD,7,5
890,ADD,8,1
890,REMOVE,0,0
890,REMOVE,1,5
890,REMOVE,1,9
890,REMOVE,2,4
890,REMOVE,3,2
890,REMOVE,4,4
891,ADD,0,0
891,ADD,1,0
891,ADD,1,1
891,ADD,5,0
891,ADD,6,5
891,REMOVE,2,1
891,REMOVE,4,9
891,REMOVE,7,4
891,REMOVE,8,1
891,REMOVE,8,4
892,ADD,0,9
892,ADD,2,4
892,ADD,3,2
892,ADD,4,1
892,ADD,7,4
892,ADD,8,0
892,ADD,8,3
892,ADD,8,8
892,REMOVE,1,0
892,REMOVE,5,0
892,REMOVE,6,5
893,ADD,2,1
893,ADD,4,0
893,ADD,4,4
893,ADD,5,0
893,ADD,5,3
893,ADD,6,0
893,REMOVE,0,9
893,REMOVE,3,6
893,REMOVE,8,0
893,REMOVE,8,3
894,ADD,0,3
894,ADD,3,6
894,ADD,8,3
894,REMOVE,2,1
894,REMOVE,4,0
894,REMOVE,4,1
894,REMOVE,5,0
894,REMOVE,5,8
894,REMOVE,6,9
894,REMOVE,7,5
895,ADD,1,0
895,ADD,4,1
895,ADD,6,9
895,ADD,8,0
896,ADD,0,9
896,ADD,2,1
896,ADD,7,5
896,REMOVE,0,3
896,REMOVE,3,2
896,REMOVE,4,5
896,REMOVE,8,0
896,REMOVE,8,3
896,REMOVE,8,8
897,ADD,3,0
897,ADD,4,0
897,ADD,8,0
897,ADD,8,3
897,ADD,8,8
897,ADD,9,2
897,REMOVE,1,0
897,REMOVE,2,1
897,REMOVE,2,4
897,REMOVE,6,4
897,REMOVE,7,5
898,ADD,2,4
898,ADD,2,9
898,ADD,5,6
898,ADD,7,0
898,REMOVE,0,0
898,REMOVE,1,1
898,REMOVE,8,3
898,REMOVE,8,8
898,REMOVE,9,2
899,ADD,0,0
899,ADD,1,1
899,ADD,6,4
899,ADD,8,1
899,ADD,8,4
899,REMOVE,4,0
899,REMOVE,5,6
899,REMOVE,7,0
900,ADD,3,7
900,ADD,4,5
900,ADD,7,0
900,REMOVE,2,4
900,REMOVE,6,0
900,REMOVE,6,4
900,REMOVE,8,0
901,ADD,2,4
901,ADD,6,4
901,ADD,6,5
901,ADD,8,0
901,REMOVE,1,1
901,REMOVE,3,0
901,REMOVE,3,6
901,REMOVE,7,0
902,ADD,1,0
902,ADD,1,1
902,ADD,5,4
902,ADD,7,0
902,REMOVE,0,0
902,REMOVE,0,9
902,REMOVE,2,4
902,REMOVE,2,5
902,REMOVE,4,5
902,REMOVE,6,4
902,REMOVE,6,5
903,ADD,0,3
903,ADD,2,4
903,ADD,2,5
903,ADD,4,5
903,REMOVE,1,0
903,REMOVE,1,4
903,REMOVE,5,4
903,REMOVE,7,0
903,REMOVE,7,1
903,REMOVE,8,1
904,ADD,1,4
904,ADD,7,5
904,REMOVE,0,3
904,REMOVE,2,5
904,REMOVE,4,4
904,REMOVE,4,5
904,REMOVE,8,4
905,ADD,1,0
905,ADD,2,0
905,ADD,4,5
905,ADD,5,5
905,ADD,6,0
905,ADD,6,4
905,ADD,8,6
906,ADD,3,5
906,ADD,4,4
906,ADD,5,4
906,ADD,5,9
906,ADD,7,9
906,REMOVE,6,0
907,ADD,0,0
907,ADD,0,9
907,ADD,4,8
907,ADD,6,0
907,REMOVE,1,4
907,REMOVE,2,0
907,REMOVE,2,4
907,REMOVE,5,3
907,REMOVE,5,5
907,REMOVE,5,9
908,ADD,1,4
908,ADD,2,4
908,ADD,2,5
908,ADD,5,1
908,ADD,8,3
908,REMOVE,4,1
908,REMOVE,4,4
908,REMOVE,4,5
909,ADD,4,3
909,REMOVE,2,5
909,REMOVE,5,1
909,REMOVE,6,4
909,REMOVE,7,5
909,REMOVE,7,9
909,REMOVE,8,0
909,REMOVE,8,3
910,ADD,5,3
910,ADD,6,4
910,ADD,7,0
910,ADD,7,1
910,REMOVE,0,0
910,REMOVE,0,8
910,REMOVE,1,0
910,REMOVE,1,1
910,REMOVE,3,5
910,REMOVE,4,8
910,REMOVE,8,6
911,ADD,0,0
911,ADD,8,0
911,ADD,8,3
911,ADD,8,6
911,REMOVE,5,3
911,REMOVE,6,4
911,REMOVE,7,4
912,ADD,0,4
912,ADD,6,4
912,ADD,7,4
912,REMOVE,1,4
912,REMOVE,4,3
912,REMOVE,8,0
912,REMOVE,8,6
913,ADD,1,0
913,ADD,1,4
913,ADD,3,5
913,ADD,4,3
913,ADD,8,0
913,ADD,8,4
913,REMOVE,0,9
913,REMOVE,2,4
913,REMOVE,5,4
913,REMOVE,6,0
913,REMOVE,7,4
914,ADD,0,1
914,ADD,1,1
914,ADD,2,0
914,ADD,3,8
914,ADD,4,0
914,ADD,4,4
914,ADD,5,4
914,ADD,5,9
914,ADD,6,0
914,ADD,7,4
914,REMOVE,8,0
915,ADD,2,4
915,REMOVE,0,0
915,REMOVE,1,0
915,REMOVE,3,8
915,REMOVE,4,0
915,REMOVE,7,1
915,REMOVE,8,3
916,ADD,0,0
916,ADD,2,3
916,ADD,4,0
916,ADD,7,3
916,ADD,8,3
916,REMOVE,1,1
916,REMOVE,2,9
916,REMOVE,5,4
917,ADD,1,1
917,ADD,5,5
917,REMOVE,0,1
917,REMOVE,3,5
917,REMOVE,6,4
918,ADD,6,4
918,REMOVE,0,0
918,REMOVE,1,1
918,REMOVE,1,4
918,REMOVE,2,3
918,REMOVE,5,5
918,REMOVE,5,9
918,REMOVE,7,0
918,REMOVE,8,4
919,ADD,0,1
919,ADD,1,1
919,ADD,1,2
919,ADD,5,4
919,ADD,8,4
919,REMOVE,2,0
919,REMOVE,2,4
919,REMOVE,4,0
919,REMOVE,4,3
920,ADD,0,0
920,ADD,3,5
920,ADD,4,5
920,ADD,4,9
920,ADD,5,0
920,ADD,5,1
920,ADD,7,0
920,ADD,8,0
920,REMOVE,1,1
921,ADD,2,0
921,ADD,2,1
921,ADD,2,4
921,ADD,9,8
921,REMOVE,0,4
921,REMOVE,4,5
921,REMOVE,5,1
921,REMOVE,5,4
921,REMOVE,7,0
921,REMOVE,8,3
922,ADD,0,4
922,ADD,1,1
922,ADD,4,0
922,ADD,5,8
922,ADD,7,0
922,ADD,8,1
922,REMOVE,3,5
922,REMOVE,9,8
923,ADD,5,4
923,REMOVE,1,1
923,REMOVE,5,0
923,REMOVE,8,0
924,ADD,1,1
924,ADD,8,0
924,REMOVE,0,0
924,REMOVE,2,4
924,REMOVE,4,4
924,REMOVE,5,4
924,REMOVE,6,4
925,ADD,0,0
925,ADD,3,5
925,ADD,6,8
925,REMOVE,1,2
925,REMOVE,4,0
925,REMOVE,8,0
925,REMOVE,8,1
926,ADD,1,5
926,ADD,4,4
926,ADD,9,1
926,REMOVE,2,0
926,REMOVE,3,5
926,REMOVE,6,0
926,REMOVE,6,9
926,REMOVE,7,0
926,REMOVE,7,3
927,ADD,1,4
927,ADD,5,0
927,ADD,6,0
927,ADD,6,3
927,ADD,7,0
927,ADD,7,3
927,ADD,8,3
927,REMOVE,4,4
927,REMOVE,9,1
928,ADD,2,0
928,ADD,4,4
928,ADD,4,5
928,ADD,9,4
928,REMOVE,1,4
928,REMOVE,1,5
928,REMOVE,5,0
928,REMOVE,7,0
928,REMOVE,7,4
928,REMOVE,8,4
929,ADD,1,4
929,ADD,7,0
929,ADD,7,6
929,ADD,8,6
929,ADD,9,5
929,REMOVE,0,4
929,REMOVE,2,0
929,REMOVE,4,4
930,ADD,0,4
930,ADD,2,0
930,ADD,2,4
930,ADD,9,1
930,REMOVE,6,3
930,REMOVE,7,3
931,ADD,1,0
931,ADD,3,5
931,ADD,5,0
931,ADD,7,3
931,REMOVE,0,4
931,REMOVE,2,4
931,REMOVE,8,6
931,REMOVE,9,1
931,REMOVE,9,4
931,REMOVE,9,5
932,ADD,2,4
932,ADD,4,4
932,ADD,6,9
932,ADD,8,4
932,REMOVE,0,1
932,REMOVE,1,0
932,REMOVE,1,4
932,REMOVE,5,0
932,REMOVE,7,3
933,ADD,0,1
933,ADD,1,2
933,ADD,9,9
933,REMOVE,2,0
933,REMOVE,2,1
933,REMOVE,4,5
933,REMOVE,6,0
933,REMOVE,6,9
933,REMOVE,7,0
933,REMOVE,8,3
933,REMOVE,8,4
934,ADD,0,4
934,ADD,2,1
934,ADD,6,0
934,ADD,7,2
934,ADD,8,1
934,ADD,8,2
934,ADD,9,4
934,ADD,9,5
935,ADD,2,5
935,ADD,4,5
935,ADD,5,9
935,ADD,6,9
935,REMOVE,0,1
935,REMOVE,1,1
935,REMOVE,9,4
935,REMOVE,9,5
935,REMOVE,9,9
936,ADD,0,1
936,ADD,9,5
936,REMOVE,3,5
936,REMOVE,4,4
936,REMOVE,4,5
936,REMOVE,6,0
936,REMOVE,6,8
937,ADD,1,1
937,ADD,4,4
937,ADD,4,5
937,ADD,5,0
937,ADD,5,3
937,ADD,6,0
937,REMOVE,2,1
937,REMOVE,7,2
937,REMOVE,8,1
937,REMOVE,9,5
938,ADD,6,4
938,ADD,9,1
938,REMOVE,0,0
938,REMOVE,2,4
938,REMOVE,2,5
938,REMOVE,4,4
938,REMOVE,5,0
938,REMOVE,5,3
938,REMOVE,5,8
938,REMOVE,5,9
939,ADD,5,1
939,ADD,5,4
939,REMOVE,0,1
939,REMOVE,1,1
939,REMOVE,6,0
939,REMOVE,6,4
939,REMOVE,6,9
939,REMOVE,9,1
940,ADD,0,0
940,ADD,7,2
940,REMOVE,4,5
940,REMOVE,5,1
940,REMOVE,8,2
941,ADD,1,6
941,ADD,4,0
941,ADD,4,4
941,ADD,6,4
941,ADD,6,9
941,ADD,8,0
941,ADD,8,8
941,ADD,8,9
941,REMOVE,0,0
941,REMOVE,0,4
941,REMOVE,3,7
942,ADD,0,0
942,ADD,0,1
942,ADD,0,4
942,ADD,3,1
942,ADD,3,2
942,ADD,5,0
942,ADD,5,1
942,ADD,6,5
942,REMOVE,1,2
942,REMOVE,4,9
942,REMOVE,8,0
942,REMOVE,8,9
943,ADD,1,2
943,ADD,4,1
943,ADD,8,0
943,REMOVE,5,0
943,REMOVE,6,9
944,ADD,5,5
944,ADD,6,1
944,ADD,8,3
944,REMOVE,0,0
944,REMOVE,1,6
944,REMOVE,4,4
945,ADD,0,5
945,ADD,4,4
945,REMOVE,3,1
945,REMOVE,5,5
945,REMOVE,6,1
945,REMOVE,6,5
945,REMOVE,8,0
945,REMOVE,8,3
946,ADD,6,3
946,REMOVE,0,5
946,REMOVE,4,1
946,REMOVE,5,1
946,REMOVE,7,6
947,ADD,1,1
947,ADD,2,8
947,ADD,5,1
947,ADD,7,6
947,ADD,8,2
947,REMOVE,0,1
947,REMOVE,6,4
948,ADD,0,1
948,ADD,3,1
948,ADD,4,1
948,REMOVE,2,8
948,REMOVE,5,1
949,ADD,0,0
949,ADD,5,0
949,ADD,6,6
949,REMOVE,4,0
950,ADD,4,5
950,ADD,5,9
950,ADD,9,9
950,REMOVE,0,0
950,REMOVE,6,6
950,REMOVE,7,6
950,REMOVE,8,8
951,ADD,0,0
951,ADD,2,4
951,REMOVE,4,5
951,REMOVE,5,4
951,REMOVE,9,9
952,ADD,4,5
952,ADD,5,4
952,ADD,6,8
952,ADD,8,1
952,REMOVE,0,0
952,REMOVE,2,4
953,ADD,0,5
953,ADD,2,8
953,REMOVE,1,1
953,REMOVE,4,4
953,REMOVE,4,5
953,REMOVE,6,3
953,REMOVE,6,8
953,REMOVE,8,1
953,REMOVE,8,2
954,ADD,0,8
954,ADD,4,2
954,ADD,8,2
954,REMOVE,0,5
954,REMOVE,2,8
954,REMOVE,3,1
954,REMOVE,5,4
954,REMOVE,5,9
955,ADD,1,1
955,ADD,2,4
955,ADD,3,1
955,ADD,5,1
955,ADD,5,4
955,ADD,6,2
955,ADD,8,6
955,REMOVE,0,1
955,REMOVE,0,4
956,ADD,0,0
956,ADD,0,3
956,REMOVE,2,4
956,REMOVE,3,1
956,REMOVE,3,2
956,REMOVE,5,1
956,REMOVE,8,6
957,REMOVE,0,0
957,REMOVE,1,1
957,REMOVE,8,2
958,ADD,0,0
958,ADD,2,9
958,ADD,5,1
958,ADD,6,6
958,ADD,7,6
958,ADD,8,1
958,ADD,8,5
959,ADD,1,1
959,ADD,8,2
959,REMOVE,0,0
959,REMOVE,5,1
959,REMOVE,5,4
959,REMOVE,6,6
959,REMOVE,7,6
959,REMOVE,8,5
960,ADD,0,0
960,ADD,2,4
960,ADD,3,1
960,ADD,7,1
960,REMOVE,1,1
960,REMOVE,4,1
960,REMOVE,8,1
960,REMOVE,8,2
961,ADD,4,1
961,ADD,5,9
961,ADD,6,1
961,REMOVE,0,3
961,REMOVE,0,8
961,REMOVE,2,4
961,REMOVE,2,9
961,REMOVE,3,1
962,ADD,0,1
962,ADD,0,4
962,ADD,1,6
962,ADD,5,4
962,ADD,8,1
962,ADD,8,4
962,REMOVE,6,1
962,REMOVE,7,1
963,ADD,2,3
963,ADD,3,5
963,ADD,6,1
963,ADD,7,1
963,REMOVE,1,6
964,ADD,3,4
964,REMOVE,0,0
964,REMOVE,4,1
964,REMOVE,5,0
964,REMOVE,7,1
964,REMOVE,8,1
965,ADD,0,0
965,ADD,1,1
965,ADD,4,1
965,ADD,5,0
965,ADD,7,6
965,ADD,8,5
966,ADD,2,4
966,ADD,8,1
966,REMOVE,0,0
966,REMOVE,5,4
966,REMOVE,7,6
967,REMOVE,2,3
967,REMOVE,3,5
967,REMOVE,5,9
967,REMOVE,6,2
967,REMOVE,8,1
968,ADD,5,9
968,ADD,8,1
968,REMOVE,1,1
968,REMOVE,3,4
969,ADD,0,0
969,ADD,2,0
969,ADD,2,1
969,ADD,3,1
969,ADD,3,5
969,ADD,5,4
969,ADD,6,2
969,ADD,7,1
969,ADD,9,0
970,ADD,1,6
970,ADD,3,4
970,REMOVE,2,4
970,REMOVE,5,0
970,REMOVE,5,9
970,REMOVE,6,1
970,REMOVE,7,1
970,REMOVE,8,5
970,REMOVE,9,0
971,ADD,5,5
971,ADD,5,9
971,ADD,7,1
971,ADD,8,0
971,REMOVE,0,4
971,REMOVE,1,6
971,REMOVE,3,1
971,REMOVE,6,2
972,ADD,0,4
972,ADD,1,1
972,ADD,3,1
972,ADD,6,4
972,ADD,6,9
972,REMOVE,2,0
972,REMOVE,2,1
972,REMOVE,5,4
972,REMOVE,8,4
973,ADD,6,5
973,ADD,8,4
973,REMOVE,0,4
973,REMOVE,3,4
973,REMOVE,5,5
974,ADD,3,4
974,ADD,5,4
974,REMOVE,6,5
974,REMOVE,6,9
974,REMOVE,8,4
975,ADD,2,2
975,ADD,8,4
975,REMOVE,3,1
975,REMOVE,3,4
975,REMOVE,3,5
975,REMOVE,4,1
975,REMOVE,5,4
975,REMOVE,5,9
975,REMOVE,7,1
976,ADD,5,6
976,ADD,6,0
976,ADD,6,1
976,REMOVE,0,0
976,REMOVE,0,1
976,REMOVE,1,1
976,REMOVE,1,2
976,REMOVE,2,2
976,REMOVE,8,0
977,ADD,0,1
977,ADD,1,0
977,ADD,1,1
977,ADD,1,4
977,ADD,3,0
977,ADD,3,1
977,ADD,3,4
977,ADD,4,1
977,ADD,5,2
977,ADD,7,1
977,ADD,8,5
978,ADD,2,0
978,ADD,2,8
978,ADD,7,0
978,REMOVE,0,1
978,REMOVE,1,4
978,REMOVE,4,1
978,REMOVE,6,0
978,REMOVE,6,1
978,REMOVE,7,1
979,ADD,1,4
979,ADD,4,1
979,ADD,6,0
979,ADD,6,1
979,ADD,7,1
979,REMOVE,2,0
979,REMOVE,3,0
980,ADD,3,0
980,REMOVE,1,0
980,REMOVE,5,6
980,REMOVE,7,2
980,REMOVE,8,5
981,ADD,1,5
981,ADD,6,5
981,ADD,7,4
981,REMOVE,2,8
981,REMOVE,3,0
981,REMOVE,3,1
981,REMOVE,3,4
981,REMOVE,5,2
981,REMOVE,6,0
981,REMOVE,6,4
982,ADD,0,2
982,ADD,2,3
982,ADD,6,4
982,ADD,9,2
982,REMOVE,1,1
982,REMOVE,7,0
982,REMOVE,7,1
982,REMOVE,7,4
983,ADD,7,2
983,REMOVE,0,2
983,REMOVE,2,3
983,REMOVE,6,1
983,REMOVE,9,2
984,ADD,2,4
984,ADD,2,5
984,ADD,3,3
984,ADD,5,1
984,ADD,5,2
984,ADD,6,1
984,ADD,8,5
985,ADD,1,1
985,REMOVE,2,4
985,REMOVE,2,5
985,REMOVE,6,4
985,REMOVE,8,1
986,ADD,2,2
986,ADD,3,0
986,ADD,3,4
986,ADD,6,4
986,ADD,8,9
986,REMOVE,1,5
987,ADD,0,7
987,ADD,1,8
987,ADD,7,6
987,REMOVE,1,4
987,REMOVE,2,2
987,REMOVE,3,3
987,REMOVE,3,4
987,REMOVE,5,2
987,REMOVE,8,9
988,ADD,1,0
988,ADD,5,0
988,ADD,8,9
988,REMOVE,0,7
988,REMOVE,3,0
988,REMOVE,4,1
988,REMOVE,6,4
988,REMOVE,7,2
989,ADD,2,0
989,ADD,2,9
989,ADD,3,2
989,ADD,6,4
989,ADD,9,0
989,REMOVE,5,1
990,ADD,0,1
990,ADD,0,5
990,ADD,2,8
990,ADD,4,1
990,ADD,7,5
990,REMOVE,1,0
990,REMOVE,1,1
990,REMOVE,3,2
990,REMOVE,6,1
990,REMOVE,6,5
990,REMOVE,9,0
991,ADD,0,4
991,ADD,1,9
991,ADD,6,0
991,ADD,6,1
991,REMOVE,2,8
991,REMOVE,2,9
991,REMOVE,8,5
992,ADD,2,4
992,ADD,3,4
992,ADD,5,4
992,ADD,5,9
992,ADD,9,3
992,ADD,9,4
992,REMOVE,0,5
992,REMOVE,6,4
992,REMOVE,8,9
993,ADD,0,0
993,ADD,2,9
993,ADD,3,9
993,ADD,6,4
993,ADD,8,0
993,ADD,8,1
993,REMOVE,1,8
993,REMOVE,4,1
993,REMOVE,5,0
993,REMOVE,5,9
993,REMOVE,9,4
994,ADD,1,4
994,ADD,1,5
994,ADD,3,0
994,ADD,4,1
994,REMOVE,0,4
994,REMOVE,2,0
994,REMOVE,2,4
994,REMOVE,7,6
994,REMOVE,9,3
995,ADD,2,4
995,ADD,5,0
995,ADD,5,1
995,ADD,7,7
995,REMOVE,0,0
995,REMOVE,1,4
995,REMOVE,1,5
995,REMOVE,3,0
995,REMOVE,4,2
995,REMOVE,6,1
995,REMOVE,6,4
995,REMOVE,8,0
996,ADD,0,4
996,ADD,3,0
996,ADD,4,4
996,ADD,6,1
996,ADD,8,0
996,REMOVE,2,4
996,REMOVE,2,9
996,REMOVE,5,4
996,REMOVE,7,5
997,ADD,1,4
997,ADD,1,5
997,ADD,2,4
997,ADD,6,4
997,REMOVE,4,1
998,ADD,2,1
998,ADD,2,5
998,ADD,4,3
998,ADD,5,4
998,ADD,7,5
998,REMOVE,0,1
998,REMOVE,1,4
998,REMOVE,6,4
998,REMOVE,8,4
999,ADD,0,0
999,ADD,1,4
999,ADD,4,0
999,ADD,8,4
999,REMOVE,2,1
999,REMOVE,3,0
1000,ADD,0,1
1000,REMOVE,1,9
1000,REMOVE,2,4
1000,REMOVE,2,5
1000,REMOVE,3,9
1000,REMOVE,4,0
1000,REMOVE,5,4
1000,REMOVE,6,1
1000,REMOVE,8,1
1001,ADD,2,2
1001,ADD,3,9
1001,ADD,6,8
1001,ADD,8,1
1001,REMOVE,0,0
1001,REMOVE,0,1
1001,REMOVE,0,4
1001,REMOVE,4,3
1001,REMOVE,4,4
1001,REMOVE,7,5
1002,ADD,1,1
1002,REMOVE,3,4
1002,REMOVE,6,0
1002,REMOVE,8,0
1002,REMOVE,8,4
1003,ADD,2,1
1003,ADD,3,4
1003,ADD,4,2
1003,ADD,5,4
1003,ADD,6,9
1003,ADD,8,4
1003,REMOVE,1,1
1004,ADD,0,4
1004,ADD,1,1
1004,ADD,4,1
1004,ADD,7,5
1004,ADD,8,0
1004,REMOVE,2,1
1004,REMOVE,2,2
1004,REMOVE,5,4
1004,REMOVE,6,8
1005,ADD,0,1
1005,ADD,2,4
1005,ADD,3,0
1005,ADD,5,4
1005,REMOVE,4,1
1005,REMOVE,6,9
1005,REMOVE,7,5
1006,ADD,0,5
1006,ADD,2,1
1006,ADD,7,5
1006,REMOVE,3,0
1006,REMOVE,3,9
1006,REMOVE,8,4
1007,ADD,2,5
1007,ADD,3,3
1007,ADD,4,1
1007,ADD,6,1
1007,ADD,6,2
1007,ADD,8,4
1007,REMOVE,1,1
1007,REMOVE,1,5
1007,REMOVE,7,7
1008,ADD,1,1
1008,ADD,7,4
1008,REMOVE,0,5
1008,REMOVE,2,1
1008,REMOVE,2,5
1008,REMOVE,5,1
1008,REMOVE,5,4
1008,REMOVE,6,2
1008,REMOVE,8,0
1009,ADD,0,0
1009,ADD,5,1
1009,ADD,5,4
1009,ADD,6,4
1009,ADD,7,9
1009,ADD,8,5
1009,ADD,9,3
1009,ADD,9,4
1009,REMOVE,1,4
1010,ADD,1,0
1010,ADD,1,4
1010,REMOVE,0,4
1010,REMOVE,2,4
1010,REMOVE,3,3
1010,REMOVE,3,4
1010,REMOVE,5,1
1010,REMOVE,5,4
1010,REMOVE,6,1
1010,REMOVE,6,4
1010,REMOVE,7,5
1010,REMOVE,8,4
1010,REMOVE,9,3
1010,REMOVE,9,4
1011,ADD,2,0
1011,ADD,3,2
1011,ADD,5,8
1011,ADD,7,0
1011,ADD,8,4
1011,REMOVE,1,0
1011,REMOVE,4,1
1012,ADD,0,4
1012,ADD,2,8
1012,ADD,6,4
1012,REMOVE,5,0
1012,REMOVE,8,1
1012,REMOVE,8,5
1013,ADD,1,0
1013,ADD,3,6
1013,ADD,4,1
1013,ADD,5,3
1013,ADD,6,1
1013,ADD,8,0
1013,ADD,8,9
1013,REMOVE,0,4
1013,REMOVE,2,0
1013,REMOVE,2,8
1013,REMOVE,7,9
1014,ADD,2,2
1014,ADD,5,0
1014,ADD,6,5
1014,REMOVE,3,2
1014,REMOVE,4,2
1014,REMOVE,8,0
1015,ADD,0,4
1015,ADD,3,0
1015,ADD,4,4
1015,ADD,4,5
1015,ADD,9,2
1015,REMOVE,5,8
1015,REMOVE,6,4
1016,ADD,6,4
1016,ADD,8,5
1016,REMOVE,0,0
1016,REMOVE,0,1
1016,REMOVE,1,1
1016,REMOVE,1,4
1016,REMOVE,4,1
1016,REMOVE,4,5
1016,REMOVE,5,0
1016,REMOVE,7,0
1016,REMOVE,9,2
1017,ADD,0,0
1017,ADD,1,1
1017,ADD,7,1
1017,REMOVE,6,1
1017,REMOVE,6,5
1017,REMOVE,8,5
1017,REMOVE,8,9
1018,ADD,0,1
1018,ADD,1,4
1018,ADD,3,3
1018,ADD,4,1
1018,ADD,5,0
1018,ADD,5,6
1018,ADD,8,5
1018,ADD,9,1
1018,REMOVE,7,4
1019,ADD,3,1
1019,ADD,4,0
1019,ADD,7,0
1019,ADD,7,4
1019,ADD,8,1
1019,REMOVE,3,0
1019,REMOVE,5,0
1020,ADD,3,0
1020,ADD,6,1
1020,ADD,6,5
1020,REMOVE,5,3
1021,ADD,5,2
1021,REMOVE,1,0
1021,REMOVE,3,0
1021,REMOVE,3,1
1021,REMOVE,6,5
1021,REMOVE,7,4
1021,REMOVE,8,1
1021,REMOVE,9,1
1022,ADD,1,5
1022,ADD,7,4
1022,ADD,8,9
1022,REMOVE,0,4
1022,REMOVE,2,2
1022,REMOVE,5,6
1023,ADD,2,6
1023,ADD,5,8
1023,REMOVE,0,0
1023,REMOVE,1,1
1023,REMOVE,1,4
1023,REMOVE,4,1
1023,REMOVE,4,4
1023,REMOVE,6,4
1023,REMOVE,7,0
1023,REMOVE,7,4
1024,ADD,0,2
1024,ADD,1,4
1024,ADD,4,1
1024,ADD,4,4
1024,ADD,6,5
1024,ADD,7,5
1024,ADD,9,5
1025,ADD,1,1
1025,ADD,2,2
1025,ADD,7,4
1025,REMOVE,0,1
1025,REMOVE,4,0
1025,REMOVE,5,8
1025,REMOVE,6,1
1025,REMOVE,8,5
1025,REMOVE,9,5
1026,ADD,0,1
1026,ADD,3,0
1026,ADD,5,1
1026,ADD,6,1
1026,ADD,8,5
1026,REMOVE,2,6
1026,REMOVE,7,1
1026,REMOVE,7,5
1027,ADD,6,4
1027,ADD,7,1
1027,ADD,7,5
1027,ADD,9,8
1027,REMOVE,1,1
1027,REMOVE,3,0
1027,REMOVE,8,4
1028,ADD,4,0
1028,ADD,8,4
1028,REMOVE,0,1
1028,REMOVE,6,1
1028,REMOVE,6,5
1028,REMOVE,7,5
1028,REMOVE,9,8
1029,ADD,0,6
1029,ADD,1,9
1029,ADD,3,0
1029,ADD,6,3
1029,ADD,7,5
1030,REMOVE,0,6
1030,REMOVE,2,2
1030,REMOVE,3,0
1030,REMOVE,4,4
1030,REMOVE,5,2
1030,REMOVE,6,4
1030,REMOVE,7,5
1030,REMOVE,8,5
1030,REMOVE,8,9
1031,ADD,0,1
1031,ADD,2,8
1031,ADD,3,0
1031,ADD,4,4
1031,ADD,5,2
1031,ADD,8,5
1031,REMOVE,1,5
1031,REMOVE,6,3
1031,REMOVE,7,4
1032,ADD,1,0
1032,ADD,2,0
1032,ADD,2,3
1032,ADD,6,2
1032,ADD,7,2
1032,ADD,8,1
1032,ADD,9,2
1033,ADD,6,1
1033,REMOVE,2,0
1033,REMOVE,2,3
1033,REMOVE,8,4
1033,REMOVE,9,2
1034,ADD,8,4
1034,ADD,9,2
1034,ADD,9,6
1034,REMOVE,1,4
1034,REMOVE,1,9
1034,REMOVE,3,3
1034,REMOVE,3,6
1034,REMOVE,4,1
1034,REMOVE,5,2
1034,REMOVE,6,1
1035,ADD,1,1
1035,ADD,1,4
1035,ADD,3,8
1035,ADD,4,3
1035,ADD,5,2
1035,REMOVE,8,5
1035,REMOVE,9,2
1035,REMOVE,9,6
1036,ADD,2,3
1036,ADD,3,9
1036,ADD,9,5
1036,REMOVE,1,0
1036,REMOVE,4,0
1036,REMOVE,7,1
1037,ADD,2,0
1037,ADD,4,0
1037,ADD,7,1
1037,ADD,9,6
1037,REMOVE,3,0
1038,ADD,1,0
1038,ADD,3,7
1038,ADD,8,0
1038,REMOVE,0,2
1038,REMOVE,2,0
1038,REMOVE,2,8
1038,REMOVE,4,0
1038,REMOVE,4,3
1038,REMOVE,5,1
1038,REMOVE,7,1
1038,REMOVE,9,5
1038,REMOVE,9,6
1039,ADD,0,2
1039,ADD,2,6
1039,ADD,4,0
1039,ADD,4,8
1039,ADD,4,9
1039,ADD,5,6
1039,ADD,6,6
1039,ADD,7,6
1039,REMOVE,3,8
1039,REMOVE,3,9
1039,REMOVE,8,4
1040,ADD,8,4
1040,REMOVE,2,3
1040,REMOVE,4,0
1041,ADD,3,5
1041,ADD,4,0
1041,REMOVE,1,0
1041,REMOVE,1,1
1041,REMOVE,5,6
1041,REMOVE,6,6
1041,REMOVE,7,6
1041,REMOVE,8,1
1042,ADD,1,0
1042,ADD,1,1
1042,ADD,5,6
1042,ADD,7,1
1042,ADD,8,1
1042,ADD,9,4
1042,REMOVE,4,0
1042,REMOVE,4,4
1042,REMOVE,4,8
1043,ADD,2,2
1043,ADD,4,5
1043,ADD,6,6
1043,REMOVE,0,1
1043,REMOVE,1,0
1043,REMOVE,5,6
1043,REMOVE,7,2
1043,REMOVE,9,4
1044,ADD,1,5
1044,ADD,4,4
1044,ADD,7,2
1044,REMOVE,2,2
1044,REMOVE,2,6
1044,REMOVE,6,2
1044,REMOVE,8,1
1044,REMOVE,8,4
1045,ADD,0,6
1045,ADD,2,1
1045,ADD,2,2
1045,ADD,8,1
1045,ADD,8,4
1045,REMOVE,3,5
1045,REMOVE,4,5
1045,REMOVE,4,9
1046,ADD,0,7
1046,ADD,3,5
1046,ADD,4,0
1046,ADD,4,9
1046,ADD,5,1
1046,ADD,6,2
1046,REMOVE,2,1
1048,ADD,2,6
1048,REMOVE,0,6
1048,REMOVE,4,0
1048,REMOVE,6,2
1048,REMOVE,8,0
1049,ADD,4,5
1049,ADD,6,2
1049,REMOVE,0,2
1049,REMOVE,3,5
1049,REMOVE,5,1
1049,REMOVE,7,1
1050,ADD,3,5
1050,ADD,5,1
1050,ADD,8,5
1050,REMOVE,1,4
1050,REMOVE,6,6
1051,ADD,0,5
1051,ADD,9,7
1051,REMOVE,3,5
1051,REMOVE,4,5
1051,REMOVE,4,9
1051,REMOVE,5,1
1052,ADD,1,4
1052,ADD,4,0
1052,ADD,4,1
1052,ADD,7,1
1052,REMOVE,0,7
1052,REMOVE,8,1
1052,REMOVE,9,7
1053,ADD,0,4
1053,ADD,3,5
1053,ADD,5,1
1053,ADD,8,1
1054,REMOVE,1,4
1054,REMOVE,3,7
1054,REMOVE,5,1
1054,REMOVE,8,1
1055,ADD,0,1
1055,ADD,1,4
1055,ADD,3,7
1055,ADD,5,6
1055,ADD,8,1
1055,REMOVE,4,4
1056,ADD,4,4
1056,REMOVE,0,1
1056,REMOVE,1,1
1056,REMOVE,1,5
1056,REMOVE,2,2
1056,REMOVE,3,5
1056,REMOVE,3,7
1056,REMOVE,5,2
1056,REMOVE,7,1
1056,REMOVE,8,4
1056,REMOVE,8,5
1057,ADD,1,0
1057,ADD,1,9
1057,ADD,2,2
1057,ADD,5,2
1057,ADD,6,6
1057,ADD,7,1
1057,ADD,8,2
1057,REMOVE,4,4
1058,ADD,4,4
1058,ADD,9,1
1058,REMOVE,0,4
1058,REMOVE,2,6
1059,ADD,0,4
1059,ADD,2,1
1059,ADD,9,4
1059,REMOVE,1,0
1059,REMOVE,1,4
1059,REMOVE,5,6
1059,REMOVE,8,1
1060,ADD,1,8
1060,ADD,3,3
1060,ADD,5,1
1060,ADD,8,1
1060,REMOVE,0,4
1060,REMOVE,0,5
1060,REMOVE,2,1
1060,REMOVE,4,0
1060,REMOVE,6,6
1060,REMOVE,7,1
1060,REMOVE,9,1
1060,REMOVE,9,4
1061,ADD,1,0
1061,ADD,2,1
1061,ADD,3,8
1061,ADD,4,0
1061,ADD,6,1
1061,ADD,7,1
1061,REMOVE,5,1
1062,ADD,5,1
1062,ADD,6,9
1062,REMOVE,1,0
1062,REMOVE,3,3
1062,REMOVE,3,8
1062,REMOVE,4,4
1063,ADD,0,2
1063,ADD,4,4
1063,REMOVE,6,9
1064,ADD,9,7
1065,REMOVE,0,2
1065,REMOVE,1,9
1065,REMOVE,4,0
1065,REMOVE,8,1
1065,REMOVE,9,7
1066,ADD,0,2
1066,ADD,1,3
1066,ADD,8,1
1066,REMOVE,2,1
1066,REMOVE,2,2
1066,REMOVE,4,1
1066,REMOVE,6,2
1066,REMOVE,7,1
1067,ADD,2,2
1067,ADD,3,2
1067,ADD,4,1
1067,ADD,4,5
1067,ADD,6,2
1067,ADD,7,1
1067,REMOVE,0,2
1067,REMOVE,1,3
1068,ADD,1,9
1068,ADD,3,1
1068,REMOVE,4,4
1068,REMOVE,8,1
1069,ADD,0,9
1069,ADD,1,0
1069,ADD,2,6
1069,REMOVE,3,1
1070,ADD,4,4
1070,ADD,8,1
1070,REMOVE,1,0
1070,REMOVE,1,9
1070,REMOVE,2,6
1070,REMOVE,5,1
1070,REMOVE,6,1
1071,ADD,1,0
1071,ADD,2,1
1071,ADD,3,1
1071,ADD,5,0
1071,ADD,6,1
1071,ADD,9,1
1071,REMOVE,4,4
1072,ADD,4,4
1072,REMOVE,2,1
1072,REMOVE,2,2
1072,REMOVE,3,1
1072,REMOVE,5,0
1072,REMOVE,6,1
1072,REMOVE,7,1
1072,REMOVE,8,1
1072,REMOVE,9,1
1073,ADD,1,3
1073,ADD,7,1
1073,ADD,8,6
1073,ADD,9,8
1073,REMOVE,0,9
1073,REMOVE,4,1
1074,ADD,2,5
1074,ADD,4,9
1074,ADD,5,1
1074,ADD,6,1
1074,REMOVE,3,2
1074,REMOVE,9,8
1075,ADD,3,2
1075,ADD,9,0
1075,ADD,9,8
1075,REMOVE,2,5
1075,REMOVE,5,1
1075,REMOVE,6,1
1076,ADD,2,2
1076,ADD,5,6
1076,ADD,9,9
1076,REMOVE,4,5
1076,REMOVE,7,1
1077,ADD,2,1
1077,ADD,4,5
1077,ADD,7,1
1077,REMOVE,1,0
1077,REMOVE,5,2
1077,REMOVE,5,6
1077,REMOVE,9,0
1078,ADD,0,1
1078,ADD,0,2
1078,ADD,5,3
1078,ADD,5,4
1078,ADD,6,6
1078,ADD,9,0
1078,REMOVE,2,1
1078,REMOVE,2,2
1079,ADD,1,0
1079,REMOVE,4,4
1079,REMOVE,5,3
1079,REMOVE,5,4
1079,REMOVE,6,2
1079,REMOVE,7,2
1079,REMOVE,9,0
1080,ADD,3,6
1080,ADD,4,4
1080,ADD,5,4
1080,ADD,5,9
1080,ADD,6,5
1080,ADD,7,2
1080,ADD,9,0
1080,REMOVE,1,0
1080,REMOVE,1,3
1080,REMOVE,3,2
1080,REMOVE,8,2
1081,ADD,1,0
1081,ADD,1,3
1081,ADD,8,3
1081,REMOVE,3,6
1081,REMOVE,6,6
1082,ADD,2,3
1082,ADD,2,8
1082,ADD,5,0
1082,ADD,6,1
1082,ADD,6,4
1082,ADD,8,0
1083,REMOVE,2,3
1084,ADD,3,1
1084,ADD,3,2
1084,REMOVE,1,0
1084,REMOVE,2,8
1084,REMOVE,4,5
1084,REMOVE,5,9
1084,REMOVE,6,5
1084,REMOVE,7,1
1084,REMOVE,7,2
1084,REMOVE,9,0
1085,ADD,2,2
1085,ADD,4,5
1085,ADD,6,0
1085,ADD,7,1
1085,ADD,9,0
1085,REMOVE,1,3
1085,REMOVE,8,0
1086,ADD,1,9
1086,ADD,7,4
1086,ADD,8,0
1086,REMOVE,3,1
1086,REMOVE,4,5
1086,REMOVE,5,0
1086,REMOVE,6,0
1086,REMOVE,9,9
1087,ADD,1,0
1087,ADD,4,5
1087,ADD,7,0
1087,ADD,9,9
1087,REMOVE,0,1
1087,REMOVE,2,2
1087,REMOVE,3,2
1087,REMOVE,6,1
1087,REMOVE,8,0
1087,REMOVE,8,6
1088,ADD,0,1
1088,ADD,2,2
1088,ADD,3,1
1088,ADD,3,4
1088,ADD,5,1
1088,ADD,6,1
1088,ADD,8,0
1088,ADD,8,4
1088,REMOVE,1,0
1088,REMOVE,7,0
1088,REMOVE,7,4
1089,ADD,5,0
1089,ADD,6,5
1089,ADD,7,2
1089,REMOVE,2,2
1089,REMOVE,4,4
1090,ADD,1,0
1090,ADD,2,2
1090,ADD,3,5
1090,ADD,4,4
1091,REMOVE,3,4
1091,REMOVE,3,5
1092,ADD,0,8
1092,REMOVE,1,0
1092,REMOVE,2,2
1092,REMOVE,3,1
1092,REMOVE,4,9
1092,REMOVE,6,5
1093,ADD,1,0
1093,ADD,4,1
1093,ADD,6,5
1093,REMOVE,0,8
1093,REMOVE,5,0
1093,REMOVE,5,1
1094,ADD,2,9
1094,ADD,5,5
1094,ADD,5,9
1094,REMOVE,1,0
1094,REMOVE,1,9
1094,REMOVE,4,5
1094,REMOVE,6,4
1094,REMOVE,6,5
1094,REMOVE,8,4
1095,ADD,1,3
1095,ADD,4,0
1095,ADD,6,0
1095,ADD,6,4
1095,ADD,8,4
1095,REMOVE,5,5
1096,ADD,3,1
1096,ADD,3,2
1096,REMOVE,1,8
1096,REMOVE,6,4
1096,REMOVE,8,0
1097,ADD,1,0
1097,ADD,1,6
1097,ADD,2,8
1097,ADD,5,0
1097,ADD,8,0
1097,REMOVE,4,0
1098,ADD,4,5
1098,REMOVE,0,1
1098,REMOVE,1,3
1098,REMOVE,2,9
1099,ADD,0,1
1099,ADD,6,4
1099,REMOVE,4,4
1099,REMOVE,5,0
1100,ADD,2,0
1100,REMOVE,6,4
1100,REMOVE,8,0
1101,ADD,1,3
1101,ADD,2,3
1101,ADD,4,4
1101,ADD,6,4
1101,ADD,8,0
1102,ADD,5,0
1102,REMOVE,1,3
1102,REMOVE,2,0
1103,REMOVE,3,1
1103,REMOVE,3,2
1103,REMOVE,4,4
1104,ADD,2,0
1104,ADD,4,4
1104,REMOVE,5,0
1104,REMOVE,6,0
1105,ADD,3,7
1105,REMOVE,0,1
1105,REMOVE,2,0
1105,REMOVE,2,3
1105,REMOVE,4,5
1105,REMOVE,5,4
1105,REMOVE,6,4
1105,REMOVE,7,1
1106,ADD,0,1
1106,ADD,1,3
1106,ADD,2,0
1106,ADD,2,3
1106,ADD,3,5
1106,ADD,4,0
1106,ADD,5,0
1106,ADD,5,4
1106,ADD,6,0
1106,ADD,6,4
1106,ADD,7,1
1106,ADD,8,8
1107,REMOVE,2,0
1107,REMOVE,2,3
1107,REMOVE,8,8
1108,REMOVE,1,0
1108,REMOVE,3,5
1108,REMOVE,4,0
1108,REMOVE,5,0
1108,REMOVE,5,9
1108,REMOVE,6,4
1108,REMOVE,8,0
1108,REMOVE,8,3
1108,REMOVE,8,4
1109,ADD,4,5
1109,ADD,8,4
1109,ADD,8,5
1109,REMOVE,7,1
1109,REMOVE,9,0
1110,ADD,1,0
1110,ADD,3,5
1110,ADD,5,1
1110,ADD,7,1
1110,ADD,8,1
1110,REMOVE,6,0
1111,ADD,2,0
1111,ADD,2,3
1111,ADD,5,5
1111,ADD,6,0
1111,ADD,6,4
1111,ADD,9,0
1111,REMOVE,3,5
1111,REMOVE,8,4
1112,ADD,2,6
1112,ADD,8,4
1112,REMOVE,1,3
1112,REMOVE,3,7
1112,REMOVE,5,5
1113,ADD,1,3
1113,ADD,3,1
1113,ADD,3,2
1113,ADD,5,5
1113,REMOVE,2,0
1113,REMOVE,2,3
1113,REMOVE,2,6
1113,REMOVE,2,8
1113,REMOVE,6,0
1114,ADD,2,0
1114,ADD,2,3
1114,ADD,2,4
1114,ADD,6,0
1114,REMOVE,0,1
1115,ADD,0,1
1115,REMOVE,2,3
1115,REMOVE,4,5
1115,REMOVE,5,5
1115,REMOVE,7,1
1116,ADD,2,3
1116,ADD,5,0
1116,REMOVE,4,1
1116,REMOVE,6,4
1117,ADD,4,0
1117,ADD,4,3
1117,ADD,6,4
1117,ADD,7,1
1117,REMOVE,0,1
1117,REMOVE,1,0
1117,REMOVE,2,0
1117,REMOVE,2,4
1117,REMOVE,8,4
1117,REMOVE,8,5
1118,ADD,0,6
1118,ADD,1,0
1118,ADD,2,0
1118,ADD,2,4
1118,ADD,8,2
1118,REMOVE,4,0
1119,ADD,4,0
1119,REMOVE,1,3
1119,REMOVE,5,0
1120,ADD,5,0
1120,REMOVE,2,3
1120,REMOVE,4,0
1120,REMOVE,6,4
1120,REMOVE,7,1
1121,ADD,2,1
1121,ADD,7,1
1121,REMOVE,9,0
1122,ADD,6,4
1122,ADD,9,0
1122,REMOVE,1,0
1122,REMOVE,2,1
1122,REMOVE,2,4
1122,REMOVE,7,1
1123,ADD,1,2
1123,ADD,4,0
1123,REMOVE,2,0
1123,REMOVE,6,0
1123,REMOVE,6,1
1123,REMOVE,6,4
1124,ADD,2,1
1124,ADD,6,4
1124,ADD,6,9
1124,REMOVE,4,0
1124,REMOVE,5,0
1124,REMOVE,5,1
1124,REMOVE,8,1
1124,REMOVE,8,2
1125,ADD,2,0
1125,ADD,4,0
1125,ADD,5,0
1125,ADD,5,1
1125,ADD,6,5
1125,ADD,7,1
1125,ADD,8,0
1125,ADD,8,1
1125,ADD,8,4
1126,REMOVE,4,0
1127,REMOVE,5,1
1127,REMOVE,5,4
1127,REMOVE,6,5
1128,ADD,5,1
1128,REMOVE,1,6
1128,REMOVE,6,4
1128,REMOVE,7,1
1129,ADD,1,1
1129,ADD,2,4
1129,ADD,5,4
1129,ADD,6,5
1129,ADD,7,1
1129,REMOVE,0,6
1129,REMOVE,4,4
1129,REMOVE,8,4
1130,ADD,4,0
1130,ADD,8,4
1130,REMOVE,2,0
1130,REMOVE,2,1
1130,REMOVE,5,0
1130,REMOVE,6,5
1130,REMOVE,6,9
1130,REMOVE,7,1
1131,ADD,0,1
1131,ADD,2,0
1131,ADD,4,4
1131,ADD,5,5
1131,ADD,6,1
1131,ADD,6,4
1131,ADD,7,1
1131,REMOVE,8,4
1132,ADD,1,4
1132,ADD,2,1
1132,ADD,6,5
1132,ADD,8,4
1132,REMOVE,1,1
1132,REMOVE,3,1
1132,REMOVE,4,0
1133,ADD,1,1
1133,ADD,3,1
1133,REMOVE,5,1
1133,REMOVE,5,5
1133,REMOVE,6,1
1134,ADD,4,0
1134,ADD,5,5
1135,ADD,5,9
1135,ADD,6,9
1135,REMOVE,0,1
1135,REMOVE,1,4
1135,REMOVE,4,0
1136,ADD,0,6
1136,ADD,4,0
1136,REMOVE,2,1
1136,REMOVE,5,4
1136,REMOVE,6,4
1137,ADD,2,3
1137,ADD,5,4
1137,ADD,6,4
1138,ADD,0,1
1138,REMOVE,2,0
1138,REMOVE,5,4
1138,REMOVE,6,5
1138,REMOVE,8,0
1139,ADD,5,4
1139,ADD,6,5
1139,ADD,8,5
1139,REMOVE,0,1
1139,REMOVE,0,6
1139,REMOVE,3,1
1139,REMOVE,4,4
1139,REMOVE,7,1
1140,ADD,0,1
1140,ADD,1,0
1140,ADD,3,1
1140,ADD,4,4
1140,ADD,7,1
1140,REMOVE,1,1
1140,REMOVE,5,4
1141,ADD,1,1
1141,ADD,5,4
1142,REMOVE,1,2
1142,REMOVE,5,5
1143,ADD,1,4
1143,REMOVE,6,5
1143,REMOVE,8,1
1144,ADD,2,0
1144,ADD,8,1
1144,REMOVE,1,0
1144,REMOVE,1,1
1144,REMOVE,3,1
1144,REMOVE,4,0
1144,REMOVE,4,4
1144,REMOVE,5,9
1145,ADD,1,0
1145,ADD,1,3
1145,ADD,4,0
1145,ADD,4,4
1145,ADD,5,1
1145,REMOVE,2,0
1146,ADD,5,0
1146,ADD,6,0
1146,REMOVE,1,0
1146,REMOVE,9,0
1147,ADD,1,0
1147,ADD,2,0
1147,ADD,3,6
1147,REMOVE,4,0
1147,REMOVE,5,4
1147,REMOVE,8,5
1148,ADD,4,0
1148,ADD,5,4
1148,ADD,8,5
1148,ADD,9,0
1148,REMOVE,2,0
1148,REMOVE,2,4
1148,REMOVE,6,0
1149,ADD,2,0
1149,ADD,2,6
1149,ADD,6,0
1149,REMOVE,0,1
1149,REMOVE,1,0
1149,REMOVE,5,0
1149,REMOVE,8,1
1150,ADD,0,6
1150,ADD,8,1
1150,REMOVE,2,0
1150,REMOVE,2,3
1150,REMOVE,3,2
1150,REMOVE,4,0
1150,REMOVE,5,1
1150,REMOVE,6,0
1150,REMOVE,9,0
1151,ADD,1,0
1151,ADD,3,0
1151,ADD,3,3
1151,ADD,4,0
1151,ADD,5,0
1151,ADD,5,1
1151,ADD,9,0
1151,REMOVE,6,9
1152,ADD,6,9
1152,REMOVE,1,0
1152,REMOVE,3,0
1152,REMOVE,3,3
1152,REMOVE,3,6
1152,REMOVE,5,0
1152,REMOVE,9,0
1153,ADD,1,0
1153,ADD,2,2
1153,ADD,3,0
1153,ADD,3,1
1153,ADD,3,4
1153,ADD,5,0
1153,ADD,6,0
1153,ADD,9,0
1153,REMOVE,4,3
1154,REMOVE,1,0
1154,REMOVE,2,2
1154,REMOVE,3,0
1154,REMOVE,4,0
1154,REMOVE,4,4
1154,REMOVE,6,0
1154,REMOVE,6,9
1154,REMOVE,8,1
1155,ADD,2,2
1155,ADD,3,0
1155,ADD,6,5
1155,ADD,8,9
1155,REMOVE,5,0
1155,REMOVE,5,1
1156,ADD,5,3
1156,REMOVE,3,0
1156,REMOVE,8,5
1156,REMOVE,9,0
1157,ADD,3,5
1157,ADD,8,5
1157,ADD,9,0
1157,REMOVE,0,6
1157,REMOVE,7,2
1158,ADD,0,1
1158,ADD,4,7
1158,ADD,7,4
1158,ADD,7,5
1158,REMOVE,8,4
1158,REMOVE,8,5
1159,ADD,6,1
1159,ADD,8,4
1159,ADD,8,5
1159,REMOVE,3,1
1159,REMOVE,3,5
1159,REMOVE,7,1
1159,REMOVE,9,9
1160,ADD,1,0
1160,ADD,3,0
1160,ADD,3,1
1160,ADD,5,0
1160,ADD,7,1
1160,ADD,9,3
1160,REMOVE,4,7
1160,REMOVE,6,5
1161,ADD,6,0
1161,REMOVE,5,0
1161,REMOVE,5,4
1162,ADD,0,5
1162,ADD,4,2
1162,ADD,5,4
1162,REMOVE,1,0
1162,REMOVE,3,0
1162,REMOVE,6,4
1162,REMOVE,7,5
1162,REMOVE,8,9
1163,ADD,3,0
1163,ADD,4,1
1163,ADD,7,0
1163,ADD,8,1
1163,REMOVE,0,1
1163,REMOVE,0,5
1163,REMOVE,9,0
1164,ADD,0,1
1164,ADD,1,0
1164,ADD,9,0
1164,REMOVE,5,3
1165,ADD,3,7
1165,ADD,5,1
1165,ADD,5,5
1165,REMOVE,0,1
1165,REMOVE,1,0
1165,REMOVE,1,3
1165,REMOVE,6,0
1165,REMOVE,6,1
1165,REMOVE,7,0
1165,REMOVE,8,5
1165,REMOVE,9,0
1166,ADD,1,0
1166,ADD,7,5
1166,ADD,8,5
1166,ADD,9,0
1166,REMOVE,2,2
1166,REMOVE,2,6
1166,REMOVE,3,0
1166,REMOVE,3,1
1166,REMOVE,3,4
1166,REMOVE,3,7
1166,REMOVE,5,1
1166,REMOVE,5,5
1167,ADD,0,1
1167,ADD,1,3
1167,ADD,2,1
1167,ADD,2,2
1167,ADD,3,1
1167,ADD,3,5
1167,ADD,5,1
1167,ADD,5,5
1167,REMOVE,7,4
1167,REMOVE,7,5
1167,REMOVE,9,3
1168,ADD,3,4
1168,ADD,7,2
1168,ADD,9,9
1168,REMOVE,5,5
1168,REMOVE,8,5
1169,ADD,8,0
1170,REMOVE,0,1
1170,REMOVE,1,0
1170,REMOVE,8,4
1170,REMOVE,9,9
1171,ADD,0,1
1171,ADD,1,0
1171,ADD,5,5
1171,ADD,8,4
1171,ADD,9,3
1171,REMOVE,3,1
1171,REMOVE,3,5
1171,REMOVE,7,1
1172,ADD,3,5
1172,ADD,3,9
1172,ADD,7,6
1172,REMOVE,1,0
1172,REMOVE,5,4
1172,REMOVE,8,0
1173,REMOVE,0,1
1173,REMOVE,1,4
1173,REMOVE,2,2
1173,REMOVE,3,4
1173,REMOVE,4,1
1173,REMOVE,9,0
1174,ADD,0,1
1174,ADD,1,0
1174,ADD,1,4
1174,ADD,2,4
1174,ADD,3,4
1174,ADD,4,1
1174,ADD,8,5
1174,ADD,9,0
1174,REMOVE,5,1
1174,REMOVE,5,5
1175,ADD,5,8
1175,REMOVE,1,4
1175,REMOVE,2,4
1175,REMOVE,3,5
1175,REMOVE,8,1
1175,REMOVE,8,5
1176,ADD,2,2
1176,ADD,3,0
1176,ADD,8,0
1176,REMOVE,0,2
1176,REMOVE,1,0
1176,REMOVE,4,1
1176,REMOVE,7,6
1176,REMOVE,9,0
1177,ADD,0,0
1177,ADD,0,4
1177,ADD,1,0
1177,ADD,1,4
1177,ADD,4,1
1177,ADD,5,0
1177,ADD,5,3
1177,ADD,7,1
1177,ADD,8,9
1178,REMOVE,0,0
1178,REMOVE,8,0
1178,REMOVE,8,4
1179,ADD,0,5
1179,ADD,8,4
1179,ADD,9,0
1179,REMOVE,1,0
1179,REMOVE,1,3
1179,REMOVE,2,2
1179,REMOVE,3,0
1179,REMOVE,3,4
1179,REMOVE,5,0
1180,ADD,1,0
1180,ADD,1,1
1180,ADD,2,0
1180,ADD,2,4
1180,ADD,3,4
1180,ADD,3,5
1180,ADD,6,3
1180,ADD,8,0
1181,ADD,6,0
1181,ADD,6,4
1181,REMOVE,0,5
1181,REMOVE,1,0
1182,ADD,0,5
1182,ADD,1,5
1182,REMOVE,6,0
1183,REMOVE,1,4
1183,REMOVE,1,5
1183,REMOVE,3,5
1183,REMOVE,6,3
1183,REMOVE,6,4
1184,ADD,3,0
1184,ADD,6,4
1184,REMOVE,5,8
1184,REMOVE,8,0
1185,ADD,1,0
1185,ADD,1,4
1185,ADD,5,0
1185,ADD,6,1
1185,REMOVE,0,5
1185,REMOVE,7,1
1185,REMOVE,8,4
1185,REMOVE,8,9
1186,ADD,0,5
1186,ADD,8,0
1186,ADD,8,3
1186,ADD,8,4
1186,REMOVE,1,0
1186,REMOVE,2,0
1186,REMOVE,2,1
1186,REMOVE,2,4
1186,REMOVE,4,1
1186,REMOVE,6,1
1186,REMOVE,6,4
1187,ADD,1,5
1187,ADD,2,4
1187,ADD,2,9
1187,ADD,4,6
1187,ADD,5,4
1187,ADD,6,4
1187,ADD,7,6
1188,ADD,2,0
1188,ADD,6,1
1188,ADD,6,5
1188,REMOVE,0,5
1188,REMOVE,1,5
1188,REMOVE,3,0
1188,REMOVE,5,0
1188,REMOVE,8,0
1188,REMOVE,9,0
1189,ADD,0,0
1189,ADD,1,0
1189,ADD,3,0
1189,ADD,8,0
1189,ADD,9,2
1189,REMOVE,6,4
1190,ADD,6,4
1190,REMOVE,4,6
1190,REMOVE,5,3
1190,REMOVE,8,0
1190,REMOVE,9,3
1191,ADD,5,5
1191,REMOVE,1,4
1191,REMOVE,6,4
1191,REMOVE,6,5
1191,REMOVE,9,8
1192,ADD,1,4
1192,ADD,4,1
1192,ADD,6,2
1192,ADD,9,1
1192,REMOVE,0,0
1192,REMOVE,0,4
1192,REMOVE,2,0
1192,REMOVE,8,3
1193,ADD,0,4
1193,ADD,0,5
1193,ADD,8,0
1193,ADD,8,3
1193,REMOVE,2,4
1193,REMOVE,2,9
1193,REMOVE,3,0
1193,REMOVE,6,1
1193,REMOVE,7,2
1194,ADD,2,0
1194,ADD,2,1
1194,ADD,2,4
1194,ADD,3,5
1194,ADD,5,1
1194,ADD,7,2
1195,ADD,6,1
1195,REMOVE,3,4
1195,REMOVE,3,5
1195,REMOVE,5,4
1195,REMOVE,7,2
1196,ADD,5,4
1196,ADD,7,0
1196,ADD,7,3
1196,REMOVE,1,4
1197,ADD,3,4
1197,REMOVE,4,1
1197,REMOVE,5,5
1197,REMOVE,6,1
1197,REMOVE,7,0
1197,REMOVE,8,0
1198,ADD,1,4
1198,ADD,4,1
1198,ADD,5,0
1198,REMOVE,7,6
1198,REMOVE,9,1
1199,ADD,3,0
1199,ADD,9,1
1199,REMOVE,0,5
1199,REMOVE,1,4
1199,REMOVE,2,1
1199,REMOVE,4,1
1199,REMOVE,5,4
1199,REMOVE,8,4
1200,ADD,0,0
1200,ADD,2,3
1200,ADD,4,1
1200,ADD,7,6
1200,ADD,8,4
1200,REMOVE,3,0
1201,ADD,1,4
1201,ADD,3,0
1201,ADD,6,3
1201,ADD,6,6
1201,ADD,7,0
1201,ADD,8,0
1201,REMOVE,5,0
1202,ADD,5,0
1202,ADD,5,4
1202,REMOVE,0,0
1202,REMOVE,6,3
1202,REMOVE,7,0
1203,ADD,0,0
1203,REMOVE,5,0
1203,REMOVE,5,1
1204,REMOVE,1,0
1204,REMOVE,1,1
1204,REMOVE,2,0
1204,REMOVE,3,0
1204,REMOVE,8,0
1205,ADD,1,1
1205,ADD,1,5
1205,ADD,3,5
1205,REMOVE,0,1
1205,REMOVE,6,6
1205,REMOVE,7,3
1205,REMOVE,9,1
1206,ADD,0,1
1206,ADD,2,0
1206,ADD,5,1
1206,ADD,7,2
1206,ADD,9,1
1206,REMOVE,1,1
1206,REMOVE,3,5
1207,ADD,1,1
1207,ADD,3,0
1207,ADD,5,0
1207,ADD,6,1
1207,ADD,8,0
1207,REMOVE,7,2
1208,ADD,7,0
1208,ADD,7,3
1208,REMOVE,1,4
1208,REMOVE,2,0
1208,REMOVE,3,0
1208,REMOVE,5,0
1209,ADD,1,4
1209,ADD,2,0
1209,ADD,5,0
1209,REMOVE,6,1
1210,ADD,3,5
1210,ADD,6,6
1210,REMOVE,0,4
1210,REMOVE,1,4
1210,REMOVE,5,0
1210,REMOVE,7,0
1210,REMOVE,7,6
1211,ADD,0,4
1211,ADD,1,4
1211,ADD,7,8
1211,REMOVE,2,0
1211,REMOVE,3,4
1211,REMOVE,6,2
1211,REMOVE,6,6
1211,REMOVE,8,0
1212,ADD,3,4
1212,ADD,5,0
1212,ADD,6,2
1212,ADD,8,0
1213,ADD,6,1
1213,REMOVE,0,0
1213,REMOVE,1,1
1213,REMOVE,1,4
1213,REMOVE,2,3
1213,REMOVE,2,4
1213,REMOVE,3,4
1213,REMOVE,5,4
1213,REMOVE,8,0
1214,ADD,0,5
1214,ADD,1,1
1214,ADD,1,4
1214,ADD,2,3
1214,ADD,2,4
1214,ADD,3,4
1214,ADD,7,0
1214,REMOVE,5,0
1214,REMOVE,8,3
1215,ADD,5,2
1215,ADD,8,0
1215,ADD,8,3
1215,REMOVE,0,5
1215,REMOVE,2,3
1215,REMOVE,7,0
1216,ADD,0,5
1216,REMOVE,3,4
1216,REMOVE,6,1
1216,REMOVE,7,3
1216,REMOVE,8,0
1217,ADD,3,4
1217,ADD,7,9
1217,ADD,8,0
1217,REMOVE,0,5
1217,REMOVE,1,4
1217,REMOVE,2,4
1218,ADD,2,8
1218,REMOVE,3,9
1219,ADD,1,4
1219,ADD,3,1
1219,REMOVE,2,8
1219,REMOVE,5,2
1219,REMOVE,9,1
1220,ADD,2,3
1220,ADD,2,4
1220,ADD,5,2
1220,ADD,6,1
1220,ADD,9,6
1220,REMOVE,1,5
1220,REMOVE,4,1
1220,REMOVE,7,8
1220,REMOVE,8,0
1221,ADD,0,0
1221,ADD,1,0
1221,ADD,2,0
1221,ADD,4,1
1221,ADD,8,0
1221,REMOVE,6,2
1222,ADD,6,4
1222,ADD,6,5
1222,ADD,7,4
1222,REMOVE,2,4
1223,ADD,2,4
1223,REMOVE,3,4
1224,ADD,7,0
1224,REMOVE,2,0
1224,REMOVE,2,3
1224,REMOVE,6,1
1224,REMOVE,9,6
1225,ADD,2,1
1225,ADD,3,4
1225,ADD,9,1
1225,REMOVE,0,4
1225,REMOVE,8,0
1226,REMOVE,1,0
1226,REMOVE,1,1
1226,REMOVE,2,4
1226,REMOVE,6,5
1226,REMOVE,7,0
1226,REMOVE,7,4
1227,ADD,0,4
1227,ADD,1,5
1227,ADD,6,1
1227,ADD,7,5
1227,REMOVE,2,1
1227,REMOVE,3,5
1227,REMOVE,5,1
1227,REMOVE,8,3
1228,ADD,1,1
1228,ADD,5,1
1228,ADD,8,1
1228,REMOVE,0,4
1229,ADD,0,4
1229,ADD,2,2
1229,ADD,6,0
1229,ADD,7,4
1229,ADD,8,0
1230,ADD,2,1
1230,ADD,3,5
1230,REMOVE,5,1
1231,ADD,5,1
1231,REMOVE,0,0
1231,REMOVE,3,4
1231,REMOVE,6,1
1231,REMOVE,7,5
1232,ADD,0,5
1232,ADD,3,4
1232,ADD,6,9
1232,REMOVE,1,5
1232,REMOVE,2,1
1233,ADD,2,6
1233,REMOVE,3,1
1233,REMOVE,5,1
1233,REMOVE,7,4
1233,REMOVE,8,4
1233,REMOVE,9,1
1234,ADD,3,1
1234,ADD,7,0
1234,ADD,8,4
1234,ADD,9,6
1234,REMOVE,0,1
1234,REMOVE,1,4
1234,REMOVE,6,0
1234,REMOVE,6,4
1235,ADD,0,1
1235,ADD,1,2
1235,ADD,6,0
1235,REMOVE,3,1
1235,REMOVE,7,0
1235,REMOVE,8,4
1236,ADD,5,1
1236,ADD,6,4
1236,ADD,7,5
1236,REMOVE,0,1
1236,REMOVE,1,1
1236,REMOVE,2,6
1236,REMOVE,3,5
1236,REMOVE,8,0
1237,ADD,0,1
1237,ADD,1,1
1237,ADD,2,1
1237,ADD,3,1
1237,ADD,3,5
1237,ADD,7,4
1237,ADD,8,0
1237,ADD,8,4
1239,REMOVE,7,9
1240,REMOVE,2,1
1240,REMOVE,6,0
1241,ADD,2,1
1241,ADD,7,9
1241,REMOVE,3,5
1241,REMOVE,6,4
1242,ADD,3,5
1242,ADD,6,0
1242,ADD,6,4
1244,REMOVE,2,1
1244,REMOVE,6,0
1244,REMOVE,6,9
1245,ADD,6,1
1245,ADD,6,5
1246,ADD,2,1
1246,REMOVE,9,6
1247,ADD,9,1
1247,REMOVE,3,1
1247,REMOVE,5,1
1247,REMOVE,6,5
1247,REMOVE,7,9
1248,ADD,3,1
1248,ADD,5,6
1248,ADD,7,9
1248,REMOVE,0,1
1248,REMOVE,8,0
1249,ADD,0,1
1249,ADD,6,0
1249,ADD,8,5
1250,REMOVE,6,0
1250,REMOVE,7,5
1250,REMOVE,8,1
1251,ADD,6,0
1251,ADD,7,0
1251,ADD,8,1
1252,REMOVE,7,0
1252,REMOVE,8,4
1253,ADD,7,5
1253,REMOVE,1,1
1253,REMOVE,6,4
1254,ADD,1,1
1254,ADD,6,4
1254,REMOVE,5,6
1254,REMOVE,8,5
1255,ADD,0,8
1255,ADD,5,1
1255,ADD,8,0
1255,REMOVE,4,1
1255,REMOVE,7,4
1255,REMOVE,7,9
1256,ADD,7,1
1256,ADD,7,4
1256,ADD,8,4
1256,REMOVE,0,1
1256,REMOVE,0,4
1256,REMOVE,1,1
1256,REMOVE,6,0
1257,ADD,0,9
1257,ADD,1,1
1257,ADD,4,1
1257,ADD,6,5
1257,REMOVE,7,4
1257,REMOVE,8,0
1258,ADD,7,4
1258,ADD,8,0
1258,REMOVE,0,9
1259,REMOVE,7,5
1259,REMOVE,8,0
1260,ADD,8,5
1261,ADD,0,9
1261,ADD,1,6
1261,ADD,7,0
1261,REMOVE,6,5
1261,REMOVE,8,5
1261,REMOVE,9,1
1262,ADD,0,4
1262,ADD,6,0
1262,ADD,8,0
1262,ADD,9,1
1262,REMOVE,1,1
1262,REMOVE,3,5
1262,REMOVE,7,4
1263,ADD,3,0
1263,ADD,7,4
1263,REMOVE,0,4
1263,REMOVE,0,8
1263,REMOVE,8,0
1263,REMOVE,8,4
1264,ADD,0,4
1264,ADD,8,2
1264,REMOVE,6,0
1265,ADD,6,5
1267,REMOVE,7,0
1269,REMOVE,0,5
1269,REMOVE,5,1
1269,REMOVE,8,1
1270,ADD,0,0
1270,ADD,5,1
1270,ADD,7,0
1270,REMOVE,1,6
1270,REMOVE,3,0
1270,REMOVE,3,4
1270,REMOVE,6,1
1271,ADD,1,6
1271,ADD,3,2
1271,ADD,4,6
1271,ADD,6,1
1271,ADD,8,1
1271,REMOVE,7,0
1272,ADD,7,0
1272,REMOVE,0,4
1272,REMOVE,4,1
1273,ADD,0,4
1273,ADD,7,5
1274,REMOVE,7,0
1274,REMOVE,7,1
1275,ADD,7,1
1276,REMOVE,0,0
1276,REMOVE,8,1
1277,ADD,0,5
1277,ADD,8,1
1277,REMOVE,5,1
1277,REMOVE,6,4
1277,REMOVE,7,1
1278,ADD,5,1
1278,ADD,6,4
1278,ADD,7,1
1279,REMOVE,7,4
1280,ADD,7,4
1280,REMOVE,1,6
1280,REMOVE,6,1
1281,ADD,1,1
1281,ADD,6,1
1281,REMOVE,0,5
1281,REMOVE,7,4
1282,ADD,0,5
1282,ADD,7,4
1282,REMOVE,5,1
1283,ADD,5,1
1283,REMOVE,0,4
1283,REMOVE,0,5
1283,REMOVE,6,1
1284,ADD,0,5
1284,ADD,6,9
1284,REMOVE,7,4
1285,ADD,0,4
1285,ADD,7,4
1286,REMOVE,1,1
1286,REMOVE,6,4
1287,ADD,6,4
1287,REMOVE,0,9
1288,ADD,0,1
1289,REMOVE,1,2
1289,REMOVE,7,4
1290,ADD,7,4
1290,REMOVE,0,1
1290,REMOVE,0,4
1290,REMOVE,3,1
1290,REMOVE,6,5
1291,ADD,0,7
1291,ADD,3,1
1291,ADD,6,5
1291,REMOVE,7,5
1291,REMOVE,8,2
1292,ADD,7,0
1292,ADD,8,2
1293,ADD,1,7
1293,REMOVE,7,4
1294,ADD,1,5
1294,ADD,7,4
1294,REMOVE,0,5
1295,REMOVE,7,4
1297,ADD,7,4
1297,REMOVE,1,5
1297,REMOVE,8,1
1298,ADD,1,5
1298,REMOVE,5,1
1299,ADD,0,5
1299,ADD,5,1
1299,ADD,8,1
1299,REMOVE,1,5
1299,REMOVE,3,1
1299,REMOVE,7,0
1300,ADD,3,6
1300,ADD,7,0
1300,REMOVE,0,5
1300,REMOVE,1,7
1300,REMOVE,9,1
1301,ADD,9,1
1301,REMOVE,8,1
1302,ADD,8,1
1302,REMOVE,7,0
1303,ADD,0,5
1303,REMOVE,6,5
1303,REMOVE,7,1
1304,ADD,1,1
1304,ADD,6,0
1304,ADD,7,0
1304,ADD,7,1
1304,REMOVE,0,5
1305,ADD,0,5
1305,REMOVE,7,1
1305,REMOVE,8,1
1306,ADD,7,1
1306,ADD,8,1
1306,REMOVE,0,5
1306,REMOVE,1,1
1307,ADD,0,5
1307,ADD,1,2
1307,ADD,1,6
1307,REMOVE,3,6
1307,REMOVE,8,1
1308,ADD,8,1
1309,ADD,3,1
1309,REMOVE,1,2
1309,REMOVE,1,6
1310,ADD,1,7
1310,REMOVE,7,1
1311,REMOVE,0,5
1311,REMOVE,1,7
1311,REMOVE,7,0
1311,REMOVE,8,1
1312,ADD,0,5
1312,ADD,7,1
1312,ADD,7,5
1312,REMOVE,9,1
1313,ADD,1,2
1313,ADD,8,1
1313,ADD,9,1
1314,REMOVE,7,5
1315,ADD,7,0
1316,REMOVE,0,5
1316,REMOVE,1,2
1316,REMOVE,5,1
1316,REMOVE,7,1
1316,REMOVE,8,1
1317,ADD,0,5
1317,ADD,1,5
1317,ADD,8,6
1317,REMOVE,2,1
1317,REMOVE,7,0
1318,ADD,1,7
1318,ADD,2,1
1318,ADD,5,6
1318,ADD,7,5
1318,REMOVE,0,5
1319,ADD,0,5
1319,REMOVE,1,5
1319,REMOVE,1,7
1319,REMOVE,2,1
1319,REMOVE,7,4
1319,REMOVE,9,1
1320,ADD,2,1
1320,ADD,7,1
1320,ADD,7,4
1320,ADD,9,6
1321,ADD,1,5
1321,REMOVE,8,6
1321,REMOVE,9,6
1322,ADD,1,4
1322,ADD,8,1
1322,ADD,9,1
1323,ADD,1,1
1323,REMOVE,0,5
1324,REMOVE,6,0
1324,REMOVE,7,5
1325,ADD,0,5
1325,REMOVE,1,5
1325,REMOVE,6,4
1326,ADD,6,0
1326,ADD,6,4
1326,REMOVE,0,5
1327,ADD,0,5
1327,ADD,1,0
1327,ADD,7,5
1328,REMOVE,7,4
1328,REMOVE,8,1
1329,ADD,7,4
1329,ADD,8,1
1329,REMOVE,0,5
1329,REMOVE,2,1
1329,REMOVE,3,1
1330,ADD,2,1
1330,ADD,3,1
1331,ADD,0,5
1332,REMOVE,0,5
1332,REMOVE,1,0
1332,REMOVE,1,4
1332,REMOVE,4,6
1332,REMOVE,7,4
1332,REMOVE,8,1
1333,ADD,1,0
1333,ADD,1,4
1333,ADD,8,1
1333,REMOVE,3,1
1334,ADD,4,6
1334,ADD,7,4
1334,REMOVE,1,0
1334,REMOVE,9,1
1335,ADD,0,5
1335,ADD,1,5
1335,ADD,3,1
1335,ADD,9,1
1336,ADD,5,1
1336,REMOVE,1,5
1336,REMOVE,8,1
1337,ADD,1,5
1337,ADD,8,6
1337,REMOVE,5,6
1337,REMOVE,6,0
1337,REMOVE,7,5
1338,ADD,6,0
1338,REMOVE,0,5
1339,REMOVE,1,4
1339,REMOVE,7,1
1340,ADD,1,4
1340,ADD,7,0
1340,ADD,7,9
1341,ADD,0,5
1342,ADD,4,9
1342,REMOVE,5,1
1343,ADD,5,1
1343,REMOVE,4,9
1343,REMOVE,8,6
1344,ADD,8,6
1344,REMOVE,0,5
1345,REMOVE,4,6
1346,ADD,4,1
1346,REMOVE,7,9
1347,ADD,0,5
1347,REMOVE,1,5
1348,ADD,1,5
1348,REMOVE,7,0
1349,ADD,7,1
1350,ADD,7,0
1350,REMOVE,1,5
1351,ADD,1,0
1351,REMOVE,7,4
1352,ADD,7,4
1352,REMOVE,8,6
1353,REMOVE,1,0
1354,ADD,1,0
1354,ADD,8,6
1354,REMOVE,7,0
1355,ADD,7,5
1356,ADD,2,0
1356,REMOVE,7,4
1356,REMOVE,7,5
1357,ADD,7,0
1357,ADD,7,4
1357,REMOVE,2,0
1358,REMOVE,7,0
1359,REMOVE,0,5
1359,REMOVE,1,4
1359,REMOVE,7,1
1359,REMOVE,9,1
1360,ADD,1,4
1360,ADD,7,0
1360,ADD,7,3
1360,ADD,9,1
1360,REMOVE,6,0
1361,ADD,0,5
1361,ADD,6,0
1361,REMOVE,1,0
1361,REMOVE,3,1
1361,REMOVE,7,3
1361,REMOVE,8,6
1361,REMOVE,9,1
1361,REMOVE,9,2
1362,ADD,1,0
1362,ADD,3,1
1362,ADD,7,9
1362,ADD,8,1
1362,ADD,9,2
1362,ADD,9,6
1363,REMOVE,0,5
1363,REMOVE,7,0
1363,REMOVE,9,6
1364,ADD,9,1
1365,ADD,7,0
1366,REMOVE,7,0
1366,REMOVE,8,2
1366,REMOVE,9,2
1367,ADD,7,0
1367,ADD,8,2
1367,ADD,9,4
1367,ADD,9,5
1368,REMOVE,1,0
1369,ADD,0,5
1369,ADD,1,0
1370,REMOVE,0,5
1370,REMOVE,9,4
1371,ADD,0,5
1371,ADD,7,6
1371,ADD,9,4
1371,REMOVE,7,4
1373,REMOVE,7,9
1373,REMOVE,8,1
1374,ADD,8,1
1374,REMOVE,4,1
1375,ADD,4,1
1375,ADD,7,3
1375,REMOVE,9,5
1376,ADD,9,0
1376,REMOVE,0,5
1376,REMOVE,7,0
1376,REMOVE,8,1
1377,ADD,0,5
1377,ADD,8,1
1377,REMOVE,1,4
1377,REMOVE,9,4
1378,ADD,1,4
1378,ADD,9,4
1378,REMOVE,0,5
1378,REMOVE,7,6
1379,ADD,0,5
1379,ADD,1,9
1379,ADD,7,4
1379,REMOVE,1,0
1379,REMOVE,8,1
1380,ADD,1,5
1380,ADD,7,0
1380,ADD,8,1
1381,REMOVE,1,1
1381,REMOVE,1,4
1381,REMOVE,1,9
1381,REMOVE,3,1
1381,REMOVE,6,0
1381,REMOVE,8,1
1381,REMOVE,9,4
1382,ADD,1,4
1382,ADD,1,9
1382,ADD,3,1
1382,ADD,6,0
1382,ADD,8,1
1382,ADD,9,4
1384,ADD,7,7
1384,REMOVE,0,5
1384,REMOVE,7,0
1384,REMOVE,7,4
1385,ADD,0,5
1385,REMOVE,1,5
1385,REMOVE,7,3
1385,REMOVE,9,0
1386,ADD,1,5
1386,ADD,7,5
1386,ADD,9,0
1387,REMOVE,0,5
1387,REMOVE,3,1
1387,REMOVE,9,0
1387,REMOVE,9,4
1388,ADD,0,5
1388,ADD,3,6
1388,REMOVE,1,9
1388,REMOVE,5,1
1388,REMOVE,8,1
1389,ADD,1,9
1389,ADD,5,1
1389,ADD,8,1
1389,ADD,9,2
1389,REMOVE,0,5
1389,REMOVE,3,6
1389,REMOVE,7,5
1390,ADD,0,5
1391,ADD,3,6
1391,REMOVE,0,5
1391,REMOVE,1,5
1392,ADD,7,5
1392,REMOVE,5,2
1392,REMOVE,8,1
1393,ADD,5,2
1393,REMOVE,0,7
1393,REMOVE,6,0
1393,REMOVE,7,5
1393,REMOVE,9,1
1394,ADD,0,8
1394,ADD,1,0
1394,ADD,6,5
1394,ADD,8,1
1394,ADD,9,6
1395,ADD,7,5
1395,REMOVE,0,8
1395,REMOVE,1,0
1395,REMOVE,2,1
1395,REMOVE,3,6
1396,ADD,1,0
1396,ADD,2,1
1396,ADD,3,6
1396,REMOVE,7,7
1397,ADD,7,6
1398,ADD,0,1
1398,ADD,0,4
1399,REMOVE,0,1
1399,REMOVE,6,5
1399,REMOVE,8,2
1399,REMOVE,9,6
1400,ADD,8,0
1400,ADD,8,4
1400,ADD,9,1
1400,REMOVE,0,4
1400,REMOVE,7,5
1401,ADD,0,1
1401,ADD,6,0
1402,ADD,0,2
1402,REMOVE,1,0
1402,REMOVE,2,1
1402,REMOVE,6,0
1402,REMOVE,9,2
1403,ADD,1,0
1403,ADD,6,0
1403,ADD,9,2
1403,REMOVE,0,2
1404,ADD,2,1
1404,ADD,7,2
1404,REMOVE,1,4
1404,REMOVE,6,0
1404,REMOVE,8,4
1405,ADD,0,0
1405,ADD,1,8
1405,ADD,8,4
1406,ADD,0,4
1406,ADD,6,0
1406,REMOVE,1,0
1406,REMOVE,5,1
1406,REMOVE,7,6
1406,REMOVE,8,4
1407,ADD,1,0
1407,ADD,5,1
1407,ADD,8,4
1407,REMOVE,0,4
1407,REMOVE,9,1
1408,ADD,0,4
1408,ADD,9,1
1408,REMOVE,1,0
1408,REMOVE,1,8
1408,REMOVE,2,1
1408,REMOVE,5,1
1408,REMOVE,6,4
1408,REMOVE,8,0
1409,ADD,1,4
1409,ADD,2,1
1409,ADD,5,1
1409,ADD,6,4
1409,ADD,7,1
1409,ADD,8,0
1409,REMOVE,4,1
1409,REMOVE,9,1
1410,ADD,1,0
1410,ADD,4,6
1410,REMOVE,0,0
1410,REMOVE,3,2
1410,REMOVE,6,0
1410,REMOVE,7,1
1410,REMOVE,8,4
1411,ADD,3,0
1411,ADD,6,0
1411,ADD,7,1
1411,ADD,8,4
1411,ADD,9,1
1411,REMOVE,0,1
1412,ADD,0,1
1412,ADD,0,5
1412,ADD,3,3
1413,REMOVE,0,4
1413,REMOVE,1,4
1413,REMOVE,3,0
1413,REMOVE,3,6
1413,REMOVE,4,6
1413,REMOVE,5,1
1413,REMOVE,6,4
1413,REMOVE,7,1
1413,REMOVE,8,0
1413,REMOVE,8,1
1413,REMOVE,9,1
1414,ADD,3,6
1414,ADD,4,6
1414,ADD,5,1
1414,REMOVE,0,1
1414,REMOVE,6,0
1414,REMOVE,6,9
1414,REMOVE,9,2
1415,ADD,0,7
1415,ADD,1,4
1415,ADD,6,7
1415,ADD,8,3
1415,ADD,9,3
1415,ADD,9,4
1415,REMOVE,2,1
1415,REMOVE,4,6
1416,ADD,2,6
1416,ADD,4,6
1416,REMOVE,0,5
1416,REMOVE,1,0
1416,REMOVE,1,9
1416,REMOVE,3,3
1416,REMOVE,5,2
1417,ADD,0,5
1417,ADD,1,9
1417,ADD,3,2
1417,ADD,5,2
1417,ADD,8,0
1417,REMOVE,7,2
1418,ADD,1,5
1418,ADD,7,0
1418,ADD,7,4
1418,ADD,7,9
1418,ADD,9,0
1418,REMOVE,2,6
1418,REMOVE,3,6
1418,REMOVE,8,0
1419,ADD,2,1
1419,ADD,6,5
1419,ADD,8,0
1419,REMOVE,0,5
1419,REMOVE,1,4
1419,REMOVE,1,5
1419,REMOVE,7,0
1419,REMOVE,7,9
1419,REMOVE,9,0
1419,REMOVE,9,4
1420,ADD,9,4
1420,REMOVE,1,9
1420,REMOVE,2,1
1420,REMOVE,5,1
1420,REMOVE,8,0
1421,ADD,1,1
1421,ADD,1,4
1421,ADD,2,1
1421,ADD,3,1
1421,ADD,5,6
1421,ADD,7,3
1422,REMOVE,5,6
1422,REMOVE,6,5
1423,ADD,1,5
1423,ADD,9,0
1424,ADD,5,1
1425,ADD,8,0
1425,REMOVE,1,1
1425,REMOVE,1,5
1426,ADD,1,1
1426,REMOVE,6,7
1426,REMOVE,9,0
1427,ADD,0,5
1427,REMOVE,2,1
1427,REMOVE,8,0
1427,REMOVE,8,3
1428,REMOVE,0,5
1428,REMOVE,1,1
1428,REMOVE,1,4
1428,REMOVE,3,1
1428,REMOVE,5,1
1428,REMOVE,7,4
1428,REMOVE,8,4
1428,REMOVE,9,4
1429,ADD,0,5
1429,ADD,1,2
1429,ADD,3,1
1429,ADD,6,7
1429,ADD,7,0
1429,ADD,7,6
1429,ADD,8,3
1429,ADD,8,8
1429,ADD,9,6
1430,ADD,2,6
1430,ADD,9,0
1430,REMOVE,0,5
1430,REMOVE,7,3
1430,REMOVE,7,6
1431,ADD,1,1
1431,ADD,5,1
1431,REMOVE,8,8
1431,REMOVE,9,0
1431,REMOVE,9,3
1432,ADD,7,4
1432,ADD,8,0
1432,ADD,8,4
1432,ADD,9,2
1432,REMOVE,1,2
1432,REMOVE,2,6
1432,REMOVE,3,1
1432,REMOVE,5,1
1433,ADD,1,2
1433,ADD,2,1
1433,ADD,3,1
1433,REMOVE,7,0
1433,REMOVE,8,4
1433,REMOVE,9,2
1434,ADD,5,1
1434,ADD,7,8
1435,ADD,6,5
1435,ADD,9,0
1435,ADD,9,3
1435,REMOVE,1,2
1435,REMOVE,2,1
1435,REMOVE,3,2
1435,REMOVE,4,2
1435,REMOVE,5,2
1435,REMOVE,7,4
1435,REMOVE,8,0
1436,ADD,1,2
1436,ADD,2,6
1436,ADD,3,2
1436,ADD,4,5
1436,ADD,8,4
1436,REMOVE,6,5
1436,REMOVE,9,3
1436,REMOVE,9,6
1437,ADD,0,5
1437,ADD,5,5
1437,ADD,9,1
1437,REMOVE,1,1
1437,REMOVE,2,6
1437,REMOVE,8,4
1438,ADD,1,6
1438,ADD,2,6
1438,ADD,5,4
1438,ADD,8,0
1438,ADD,9,4
1438,REMOVE,0,5
1439,ADD,7,3
1439,ADD,8,4
1439,REMOVE,1,6
1439,REMOVE,2,6
1439,REMOVE,3,1
1439,REMOVE,5,4
1439,REMOVE,9,0
1440,ADD,3,1
1440,ADD,5,4
1440,ADD,9,5
1440,REMOVE,7,3
1441,ADD,2,1
1441,ADD,6,4
1441,REMOVE,3,1
1441,REMOVE,5,4
1441,REMOVE,8,0
1441,REMOVE,8,3
1441,REMOVE,9,1
1441,REMOVE,9,5
1442,ADD,8,9
1442,ADD,9,0
1442,REMOVE,2,1
1442,REMOVE,5,5
1442,REMOVE,6,7
1442,REMOVE,7,8
1443,ADD,6,0
1443,ADD,6,3
1443,ADD,9,9
1443,REMOVE,4,6
1443,REMOVE,5,1
1443,REMOVE,8,4
1444,ADD,5,2
1444,ADD,8,5
1444,REMOVE,1,2
1444,REMOVE,6,0
1444,REMOVE,6,3
1444,REMOVE,6,4
1444,REMOVE,9,0
1444,REMOVE,9,4
1444,REMOVE,9,9
1445,ADD,1,3
1445,ADD,6,8
1445,ADD,9,7
1445,REMOVE,2,2
1445,REMOVE,3,2
1445,REMOVE,5,2
1446,ADD,0,5
1446,ADD,1,0
1446,ADD,2,0
1446,ADD,3,4
1446,ADD,4,4
1446,ADD,5,2
1446,ADD,7,1
1446,ADD,7,2
1446,ADD,8,4
1447,ADD,1,4
1447,ADD,2,1
1447,ADD,2,4
1447,ADD,3,8
1447,ADD,4,1
1447,ADD,5,6
1447,ADD,6,0
1447,ADD,6,9
1447,REMOVE,0,5
1447,REMOVE,7,1
1447,REMOVE,8,4
1447,REMOVE,8,5
1447,REMOVE,9,7
1448,ADD,0,5
1448,ADD,7,6
1448,ADD,8,4
1448,ADD,8,5
1448,ADD,9,2
1448,REMOVE,1,0
1448,REMOVE,1,3
1448,REMOVE,1,4
1448,REMOVE,3,4
1448,REMOVE,4,5
1449,ADD,1,1
1449,ADD,1,2
1449,ADD,4,5
1449,ADD,9,1
1449,REMOVE,0,5
1449,REMOVE,2,0
1449,REMOVE,6,0
1449,REMOVE,6,9
1449,REMOVE,7,2
1450,ADD,3,0
1450,ADD,3,9
1450,ADD,6,0
1450,ADD,6,3
1450,REMOVE,4,1
1450,REMOVE,8,4
1451,ADD,4,1
1451,ADD,8,4
1451,REMOVE,1,1
1451,REMOVE,3,0
1451,REMOVE,6,0
1451,REMOVE,6,8
