slot,timestamp,action_count,adds,removes,actions,placement_before,placement_after,demand,attachment_points,total_requests,demand_pairs,covered_pairs_after,uncovered_pairs_after,coverage_ratio_after,objective,R_nominal,B_nominal,R_wc,B_wc,Op_cost,solve_time,status
1,0,2,2,0,"ADD:4,5;ADD:8,7",0:4|8;1:5|7;2:5|7|8;3:5|6|8;4:7|9;5:0|1|8|9;6:8;7:0|3|4|5|6;8:3|4|5|8;9:0|7|8,0:4|8;1:5|7;2:5|7|8;3:5|6|8;4:5|7|9;5:0|1|8|9;6:8;7:0|3|4|5|6;8:3|4|5|7|8;9:0|7|8,2@0=1;2@2=1;4@5=1;4@7=1;4@8=1;5@9=1,"0,2,5,7,8,9",6,6,6,0,1.0,-0.15096455678840662,0.0,0.049035443211593394,0.0,0.0,0.2,0.0017452239990234375,Feasible
2,1,2,2,0,"ADD:4,2;ADD:9,2",0:4|8;1:5|7;2:5|7|8;3:5|6|8;4:5|7|9;5:0|1|8|9;6:8;7:0|3|4|5|6;8:3|4|5|7|8;9:0|7|8,0:4|8;1:5|7;2:5|7|8;3:5|6|8;4:2|5|7|9;5:0|1|8|9;6:8;7:0|3|4|5|6;8:3|4|5|7|8;9:0|2|7|8,2@1=1;2@2=1;2@3=2;5@7=1,"1,2,3,7",5,4,4,0,1.0,-0.2,0.0,0.0,0.0,0.0,0.2,0.0022890567779541016,Feasible
3,2,1,1,0,"ADD:9,5",0:4|8;1:5|7;2:5|7|8;3:5|6|8;4:2|5|7|9;5:0|1|8|9;6:8;7:0|3|4|5|6;8:3|4|5|7|8;9:0|2|7|8,0:4|8;1:5|7;2:5|7|8;3:5|6|8;4:2|5|7|9;5:0|1|8|9;6:8;7:0|3|4|5|6;8:3|4|5|7|8;9:0|2|5|7|8,2@3=1;4@3=1,3,2,2,2,0,1.0,-0.1,0.0,0.0,0.0,0.0,0.1,0.0009961128234863281,Feasible
4,3,1,1,0,"ADD:8,0",0:4|8;1:5|7;2:5|7|8;3:5|6|8;4:2|5|7|9;5:0|1|8|9;6:8;7:0|3|4|5|6;8:3|4|5|7|8;9:0|2|5|7|8,0:4|8;1:5|7;2:5|7|8;3:5|6|8;4:2|5|7|9;5:0|1|8|9;6:8;7:0|3|4|5|6;8:0|3|4|5|7|8;9:0|2|5|7|8,2@1=1;4@1=2,1,3,2,2,0,1.0,-0.1,0.0,0.0,0.0,0.0,0.1,0.0009362697601318359,Feasible
5,4,2,2,0,"ADD:6,3;ADD:7,2",0:4|8;1:5|7;2:5|7|8;3:5|6|8;4:2|5|7|9;5:0|1|8|9;6:8;7:0|3|4|5|6;8:0|3|4|5|7|8;9:0|2|5|7|8,0:4|8;1:5|7;2:5|7|8;3:5|6|8;4:2|5|7|9;5:0|1|8|9;6:3|8;7:0|2|3|4|5|6;8:0|3|4|5|7|8;9:0|2|5|7|8,2@4=1;2@6=1;2@7=1;5@4=1;6@3=1,"4,6,7,3",5,5,5,0,1.0,-0.16160908965939821,0.0,0.038390910340601804,0.0,0.0,0.2,0.00115203857421875,Feasible
6,5,2,1,1,"ADD:3,2;REMOVE:9,7",0:4|8;1:5|7;2:5|7|8;3:5|6|8;4:2|5|7|9;5:0|1|8|9;6:3|8;7:0|2|3|4|5|6;8:0|3|4|5|7|8;9:0|2|5|7|8,0:4|8;1:5|7;2:5|7|8;3:2|5|6|8;4:2|5|7|9;5:0|1|8|9;6:3|8;7:0|2|3|4|5|6;8:0|3|4|5|7|8;9:0|2|5|8,2@4=1;4@7=1,"4,7",2,2,2,0,1.0,-0.01543618911441201,0.02702702702702703,0.057536783858560966,0.0,0.0,0.1,0.001767873764038086,Feasible
7,6,2,2,0,"ADD:1,9;ADD:2,0",0:4|8;1:5|7;2:5|7|8;3:2|5|6|8;4:2|5|7|9;5:0|1|8|9;6:3|8;7:0|2|3|4|5|6;8:0|3|4|5|7|8;9:0|2|5|8,0:4|8;1:5|7|9;2:0|5|7|8;3:2|5|6|8;4:2|5|7|9;5:0|1|8|9;6:3|8;7:0|2|3|4|5|6;8:0|3|4|5|7|8;9:0|2|5|8,4@4=1,4,1,1,1,0,1.0,-0.2,0.0,0.0,0.0,0.0,0.2,0.0016832351684570312,Feasible
8,7,2,1,1,"ADD:1,0;REMOVE:8,3",0:4|8;1:5|7|9;2:0|5|7|8;3:2|5|6|8;4:2|5|7|9;5:0|1|8|9;6:3|8;7:0|2|3|4|5|6;8:0|3|4|5|7|8;9:0|2|5|8,0:4|8;1:0|5|7|9;2:0|5|7|8;3:2|5|6|8;4:2|5|7|9;5:0|1|8|9;6:3|8;7:0|2|3|4|5|6;8:0|4|5|7|8;9:0|2|5|8,6@5=1,5,1,1,1,0,1.0,-0.07435897435897437,0.02564102564102564,0.0,0.0,0.0,0.1,0.0019888877868652344,Feasible
9,8,3,1,2,"ADD:6,6;REMOVE:4,7;REMOVE:5,9",0:4|8;1:0|5|7|9;2:0|5|7|8;3:2|5|6|8;4:2|5|7|9;5:0|1|8|9;6:3|8;7:0|2|3|4|5|6;8:0|4|5|7|8;9:0|2|5|8,0:4|8;1:0|5|7|9;2:0|5|7|8;3:2|5|6|8;4:2|5|9;5:0|1|8;6:3|6|8;7:0|2|3|4|5|6;8:0|4|5|7|8;9:0|2|5|8,4@1=1;4@2=1;4@8=1,"1,2,8",3,3,3,0,1.0,-0.01682916914342332,0.05128205128205128,0.031888779574525405,0.0,0.0,0.1,0.0030531883239746094,Feasible
10,9,2,1,1,"ADD:4,6;REMOVE:9,5",0:4|8;1:0|5|7|9;2:0|5|7|8;3:2|5|6|8;4:2|5|9;5:0|1|8;6:3|6|8;7:0|2|3|4|5|6;8:0|4|5|7|8;9:0|2|5|8,0:4|8;1:0|5|7|9;2:0|5|7|8;3:2|5|6|8;4:2|5|6|9;5:0|1|8;6:3|6|8;7:0|2|3|4|5|6;8:0|4|5|7|8;9:0|2|8,3@8=1;4@3=1,"8,3",2,2,2,0,1.0,-0.02241587806968763,0.02631578947368421,0.051268332456628166,0.0,0.0,0.1,0.001789093017578125,Feasible
11,10,3,2,1,"ADD:1,8;ADD:4,0;REMOVE:6,3",0:4|8;1:0|5|7|9;2:0|5|7|8;3:2|5|6|8;4:2|5|6|9;5:0|1|8;6:3|6|8;7:0|2|3|4|5|6;8:0|4|5|7|8;9:0|2|8,0:4|8;1:0|5|7|8|9;2:0|5|7|8;3:2|5|6|8;4:0|2|5|6|9;5:0|1|8;6:6|8;7:0|2|3|4|5|6;8:0|4|5|7|8;9:0|2|8,4@1=1;4@2=1;5@6=1,"1,2,6",3,3,3,0,1.0,-0.1369469111727865,0.02631578947368421,0.036737299353529304,0.0,0.0,0.2,0.0027163028717041016,Feasible
12,11,1,1,0,"ADD:8,1",0:4|8;1:0|5|7|8|9;2:0|5|7|8;3:2|5|6|8;4:0|2|5|6|9;5:0|1|8;6:6|8;7:0|2|3|4|5|6;8:0|4|5|7|8;9:0|2|8,0:4|8;1:0|5|7|8|9;2:0|5|7|8;3:2|5|6|8;4:0|2|5|6|9;5:0|1|8;6:6|8;7:0|2|3|4|5|6;8:0|1|4|5|7|8;9:0|2|8,4@3=1,3,1,1,1,0,1.0,-0.1,0.0,0.0,0.0,0.0,0.1,0.0010199546813964844,Feasible
13,12,3,1,2,"ADD:7,9;REMOVE:1,0;REMOVE:9,0",0:4|8;1:0|5|7|8|9;2:0|5|7|8;3:2|5|6|8;4:0|2|5|6|9;5:0|1|8;6:6|8;7:0|2|3|4|5|6;8:0|1|4|5|7|8;9:0|2|8,0:4|8;1:5|7|8|9;2:0|5|7|8;3:2|5|6|8;4:0|2|5|6|9;5:0|1|8;6:6|8;7:0|2|3|4|5|6|9;8:0|1|4|5|7|8;9:2|8,3@6=1;3@8=1;4@0=1;5@8=1,"6,8,0",4,4,4,0,1.0,0.052905744604542476,0.05,0.10290574460454247,0.0,0.0,0.1,0.002969026565551758,Feasible
14,13,4,3,1,"ADD:0,2;ADD:2,4;ADD:9,1;REMOVE:5,1",0:4|8;1:5|7|8|9;2:0|5|7|8;3:2|5|6|8;4:0|2|5|6|9;5:0|1|8;6:6|8;7:0|2|3|4|5|6|9;8:0|1|4|5|7|8;9:2|8,0:2|4|8;1:5|7|8|9;2:0|4|5|7|8;3:2|5|6|8;4:0|2|5|6|9;5:0|8;6:6|8;7:0|2|3|4|5|6|9;8:0|1|4|5|7|8;9:1|2|8,2@4=1;2@9=1;4@5=1,"4,9,5",3,3,3,0,1.0,-0.21783914403187699,0.02564102564102564,0.05651983032709743,0.0,0.0,0.30000000000000004,0.004333019256591797,Feasible
15,14,5,4,1,"ADD:3,0;ADD:5,5;ADD:5,9;ADD:6,7;REMOVE:1,8",0:2|4|8;1:5|7|8|9;2:0|4|5|7|8;3:2|5|6|8;4:0|2|5|6|9;5:0|8;6:6|8;7:0|2|3|4|5|6|9;8:0|1|4|5|7|8;9:1|2|8,0:2|4|8;1:5|7|9;2:0|4|5|7|8;3:0|2|5|6|8;4:0|2|5|6|9;5:0|5|8|9;6:6|7|8;7:0|2|3|4|5|6|9;8:0|1|4|5|7|8;9:1|2|8,2@6=1;4@6=1;4@2=2;5@1=1,"6,2,1",5,4,4,0,1.0,-0.3095759869595758,0.024390243902439025,0.0660337691379852,0.0,0.0,0.4,0.005042076110839844,Feasible
16,15,1,1,0,"ADD:5,3",0:2|4|8;1:5|7|9;2:0|4|5|7|8;3:0|2|5|6|8;4:0|2|5|6|9;5:0|5|8|9;6:6|7|8;7:0|2|3|4|5|6|9;8:0|1|4|5|7|8;9:1|2|8,0:2|4|8;1:5|7|9;2:0|4|5|7|8;3:0|2|5|6|8;4:0|2|5|6|9;5:0|3|5|8|9;6:6|7|8;7:0|2|3|4|5|6|9;8:0|1|4|5|7|8;9:1|2|8,2@0=1;2@2=1;4@5=1,"0,2,5",3,3,3,0,1.0,-0.03240818148781101,0.0,0.067591818512189,0.0,0.0,0.1,0.0012819766998291016,Feasible
17,16,1,1,0,"ADD:6,5",0:2|4|8;1:5|7|9;2:0|4|5|7|8;3:0|2|5|6|8;4:0|2|5|6|9;5:0|3|5|8|9;6:6|7|8;7:0|2|3|4|5|6|9;8:0|1|4|5|7|8;9:1|2|8,0:2|4|8;1:5|7|9;2:0|4|5|7|8;3:0|2|5|6|8;4:0|2|5|6|9;5:0|3|5|8|9;6:5|6|7|8;7:0|2|3|4|5|6|9;8:0|1|4|5|7|8;9:1|2|8,4@2=1;4@3=1,"2,3",2,2,2,0,1.0,-0.0409257275960473,0.0,0.05907427240395271,0.0,0.0,0.1,0.0010662078857421875,Feasible
18,17,4,2,2,"ADD:5,7;ADD:9,5;REMOVE:1,9;REMOVE:7,9",0:2|4|8;1:5|7|9;2:0|4|5|7|8;3:0|2|5|6|8;4:0|2|5|6|9;5:0|3|5|8|9;6:5|6|7|8;7:0|2|3|4|5|6|9;8:0|1|4|5|7|8;9:1|2|8,0:2|4|8;1:5|7;2:0|4|5|7|8;3:0|2|5|6|8;4:0|2|5|6|9;5:0|3|5|7|8|9;6:5|6|7|8;7:0|2|3|4|5|6;8:0|1|4|5|7|8;9:1|2|5|8,4@4=1,4,1,1,1,0,1.0,-0.1565217391304348,0.043478260869565216,0.0,0.0,0.0,0.2,0.005980968475341797,Feasible
19,18,2,1,1,"ADD:3,4;REMOVE:0,4",0:2|4|8;1:5|7;2:0|4|5|7|8;3:0|2|5|6|8;4:0|2|5|6|9;5:0|3|5|7|8|9;6:5|6|7|8;7:0|2|3|4|5|6;8:0|1|4|5|7|8;9:1|2|5|8,0:2|8;1:5|7;2:0|4|5|7|8;3:0|2|4|5|6|8;4:0|2|5|6|9;5:0|3|5|7|8|9;6:5|6|7|8;7:0|2|3|4|5|6;8:0|1|4|5|7|8;9:1|2|5|8,5@2=1,2,1,1,1,0,1.0,-0.0782608695652174,0.021739130434782608,0.0,0.0,0.0,0.1,0.0017828941345214844,Feasible
20,19,1,1,0,"ADD:1,1",0:2|8;1:5|7;2:0|4|5|7|8;3:0|2|4|5|6|8;4:0|2|5|6|9;5:0|3|5|7|8|9;6:5|6|7|8;7:0|2|3|4|5|6;8:0|1|4|5|7|8;9:1|2|5|8,0:2|8;1:1|5|7;2:0|4|5|7|8;3:0|2|4|5|6|8;4:0|2|5|6|9;5:0|3|5|7|8|9;6:5|6|7|8;7:0|2|3|4|5|6;8:0|1|4|5|7|8;9:1|2|5|8,4@0=1;6@2=1;6@7=2,"0,2,7",4,3,3,0,1.0,-0.025456092931552474,0.0,0.07454390706844753,0.0,0.0,0.1,0.001107931137084961,Feasible
21,20,1,1,0,"ADD:7,9",0:2|8;1:1|5|7;2:0|4|5|7|8;3:0|2|4|5|6|8;4:0|2|5|6|9;5:0|3|5|7|8|9;6:5|6|7|8;7:0|2|3|4|5|6;8:0|1|4|5|7|8;9:1|2|5|8,0:2|8;1:1|5|7;2:0|4|5|7|8;3:0|2|4|5|6|8;4:0|2|5|6|9;5:0|3|5|7|8|9;6:5|6|7|8;7:0|2|3|4|5|6|9;8:0|1|4|5|7|8;9:1|2|5|8,2@9=1;4@4=1,"9,4",2,2,2,0,1.0,-0.1,0.0,0.0,0.0,0.0,0.1,0.0011181831359863281,Feasible
22,21,3,1,2,"ADD:1,2;REMOVE:7,9;REMOVE:8,5",0:2|8;1:1|5|7;2:0|4|5|7|8;3:0|2|4|5|6|8;4:0|2|5|6|9;5:0|3|5|7|8|9;6:5|6|7|8;7:0|2|3|4|5|6|9;8:0|1|4|5|7|8;9:1|2|5|8,0:2|8;1:1|2|5|7;2:0|4|5|7|8;3:0|2|4|5|6|8;4:0|2|5|6|9;5:0|3|5|7|8|9;6:5|6|7|8;7:0|2|3|4|5|6;8:0|1|4|7|8;9:1|2|5|8,4@0=1;4@2=1;4@4=1,"0,2,4",3,3,3,0,1.0,0.003522954565140901,0.041666666666666664,0.06185628789847424,0.0,0.0,0.1,0.002830982208251953,Feasible
23,22,4,1,3,"ADD:6,3;REMOVE:2,0;REMOVE:5,7;REMOVE:8,7",0:2|8;1:1|2|5|7;2:0|4|5|7|8;3:0|2|4|5|6|8;4:0|2|5|6|9;5:0|3|5|7|8|9;6:5|6|7|8;7:0|2|3|4|5|6;8:0|1|4|7|8;9:1|2|5|8,0:2|8;1:1|2|5|7;2:4|5|7|8;3:0|2|4|5|6|8;4:0|2|5|6|9;5:0|3|5|8|9;6:3|5|6|7|8;7:0|2|3|4|5|6;8:0|1|4|8;9:1|2|5|8,4@1=1;4@2=2;4@7=1,"1,2,7",4,3,3,0,1.0,0.016219918333871347,0.06382978723404255,0.0523901310998288,0.0,0.0,0.1,0.00347900390625,Feasible
24,23,1,1,0,"ADD:0,9",0:2|8;1:1|2|5|7;2:4|5|7|8;3:0|2|4|5|6|8;4:0|2|5|6|9;5:0|3|5|8|9;6:3|5|6|7|8;7:0|2|3|4|5|6;8:0|1|4|8;9:1|2|5|8,0:2|8|9;1:1|2|5|7;2:4|5|7|8;3:0|2|4|5|6|8;4:0|2|5|6|9;5:0|3|5|8|9;6:3|5|6|7|8;7:0|2|3|4|5|6;8:0|1|4|8;9:1|2|5|8,5@9=1;6@3=1,"9,3",2,2,2,0,1.0,-0.0011918062796539286,0.0,0.09880819372034608,0.0,0.0,0.1,0.0009889602661132812,Feasible
25,24,3,1,2,"ADD:7,9;REMOVE:6,3;REMOVE:8,1",0:2|8|9;1:1|2|5|7;2:4|5|7|8;3:0|2|4|5|6|8;4:0|2|5|6|9;5:0|3|5|8|9;6:3|5|6|7|8;7:0|2|3|4|5|6;8:0|1|4|8;9:1|2|5|8,0:2|8|9;1:1|2|5|7;2:4|5|7|8;3:0|2|4|5|6|8;4:0|2|5|6|9;5:0|3|5|8|9;6:5|6|7|8;7:0|2|3|4|5|6|9;8:0|4|8;9:1|2|5|8,4@2=1;5@2=1;5@6=1;6@1=1,"2,6,1",4,4,4,0,1.0,-0.030713380849251154,0.043478260869565216,0.02580835828118363,0.0,0.0,0.1,0.0028221607208251953,Feasible
26,25,1,1,0,"ADD:7,1",0:2|8|9;1:1|2|5|7;2:4|5|7|8;3:0|2|4|5|6|8;4:0|2|5|6|9;5:0|3|5|8|9;6:5|6|7|8;7:0|2|3|4|5|6|9;8:0|4|8;9:1|2|5|8,0:2|8|9;1:1|2|5|7;2:4|5|7|8;3:0|2|4|5|6|8;4:0|2|5|6|9;5:0|3|5|8|9;6:5|6|7|8;7:0|1|2|3|4|5|6|9;8:0|4|8;9:1|2|5|8,4@5=2;4@6=2,"5,6",4,2,2,0,1.0,0.01300916088225805,0.0,0.11300916088225806,0.0,0.0,0.1,0.0010361671447753906,Feasible
27,26,5,1,4,"ADD:2,2;REMOVE:0,2;REMOVE:1,5;REMOVE:6,5;REMOVE:8,8",0:2|8|9;1:1|2|5|7;2:4|5|7|8;3:0|2|4|5|6|8;4:0|2|5|6|9;5:0|3|5|8|9;6:5|6|7|8;7:0|1|2|3|4|5|6|9;8:0|4|8;9:1|2|5|8,0:8|9;1:1|2|7;2:2|4|5|7|8;3:0|2|4|5|6|8;4:0|2|5|6|9;5:0|3|5|8|9;6:6|7|8;7:0|1|2|3|4|5|6|9;8:0|4;9:1|2|5|8,4@1=2;4@4=1;4@7=1;4@9=1;5@4=1,"1,4,7,9",6,5,5,0,1.0,0.005176926229465875,0.08695652173913043,0.018220404490335452,0.0,0.0,0.1,0.007700920104980469,Feasible
28,27,1,1,0,"ADD:9,4",0:8|9;1:1|2|7;2:2|4|5|7|8;3:0|2|4|5|6|8;4:0|2|5|6|9;5:0|3|5|8|9;6:6|7|8;7:0|1|2|3|4|5|6|9;8:0|4;9:1|2|5|8,0:8|9;1:1|2|7;2:2|4|5|7|8;3:0|2|4|5|6|8;4:0|2|5|6|9;5:0|3|5|8|9;6:6|7|8;7:0|1|2|3|4|5|6|9;8:0|4;9:1|2|4|5|8,4@7=1;6@2=1,"7,2",2,2,2,0,1.0,-0.1,0.0,0.0,0.0,0.0,0.1,0.0015010833740234375,Feasible
29,28,4,1,3,"ADD:1,0;REMOVE:2,5;REMOVE:4,5;REMOVE:6,6",0:8|9;1:1|2|7;2:2|4|5|7|8;3:0|2|4|5|6|8;4:0|2|5|6|9;5:0|3|5|8|9;6:6|7|8;7:0|1|2|3|4|5|6|9;8:0|4;9:1|2|4|5|8,0:8|9;1:0|1|2|7;2:2|4|7|8;3:0|2|4|5|6|8;4:0|2|6|9;5:0|3|5|8|9;6:7|8;7:0|1|2|3|4|5|6|9;8:0|4;9:1|2|4|5|8,2@0=1;2@1=1;2@2=1;2@3=1;2@6=1;4@3=1;5@5=1;6@1=2;6@6=1,"0,1,2,3,6,5",10,9,9,0,1.0,-0.011999522465109574,0.06818181818181818,0.01981865935307225,0.0,0.0,0.1,0.005244731903076172,Feasible
30,29,3,1,2,"ADD:8,2;REMOVE:1,2;REMOVE:6,7",0:8|9;1:0|1|2|7;2:2|4|7|8;3:0|2|4|5|6|8;4:0|2|6|9;5:0|3|5|8|9;6:7|8;7:0|1|2|3|4|5|6|9;8:0|4;9:1|2|4|5|8,0:8|9;1:0|1|7;2:2|4|7|8;3:0|2|4|5|6|8;4:0|2|6|9;5:0|3|5|8|9;6:8;7:0|1|2|3|4|5|6|9;8:0|2|4;9:1|2|4|5|8,4@4=1;4@6=1;4@8=1;6@4=1,"4,6,8",4,4,4,0,1.0,-0.03065482271059844,0.047619047619047616,0.021726129670353957,0.0,0.0,0.1,0.0032091140747070312,Feasible
31,30,4,1,3,"ADD:2,5;REMOVE:2,2;REMOVE:3,6;REMOVE:5,3",0:8|9;1:0|1|7;2:2|4|7|8;3:0|2|4|5|6|8;4:0|2|6|9;5:0|3|5|8|9;6:8;7:0|1|2|3|4|5|6|9;8:0|2|4;9:1|2|4|5|8,0:8|9;1:0|1|7;2:4|5|7|8;3:0|2|4|5|8;4:0|2|6|9;5:0|5|8|9;6:8;7:0|1|2|3|4|5|6|9;8:0|2|4;9:1|2|4|5|8,4@0=1;4@2=2;4@5=1;6@2=1;6@1=1;6@8=1,"0,2,5,1,8",7,6,6,0,1.0,0.028114301513938678,0.07317073170731707,0.054943569806621614,0.0,0.0,0.1,0.0042150020599365234,Feasible
32,31,9,4,5,"ADD:1,2;ADD:2,6;ADD:2,9;ADD:7,7;REMOVE:0,8;REMOVE:4,6;REMOVE:5,9;REMOVE:7,6;REMOVE:9,1",0:8|9;1:0|1|7;2:4|5|7|8;3:0|2|4|5|8;4:0|2|6|9;5:0|5|8|9;6:8;7:0|1|2|3|4|5|6|9;8:0|2|4;9:1|2|4|5|8,0:9;1:0|1|2|7;2:4|5|6|7|8|9;3:0|2|4|5|8;4:0|2|9;5:0|5|8;6:8;7:0|1|2|3|4|5|7|9;8:0|2|4;9:2|4|5|8,3@6=1;4@6=1;4@4=1;5@1=1,"6,4,1",4,4,4,0,1.0,-0.27179487179487183,0.1282051282051282,0.0,0.0,0.0,0.4,0.00771784782409668,Feasible
33,32,4,2,2,"ADD:6,2;ADD:8,8;REMOVE:4,0;REMOVE:8,2",0:9;1:0|1|2|7;2:4|5|6|7|8|9;3:0|2|4|5|8;4:0|2|9;5:0|5|8;6:8;7:0|1|2|3|4|5|7|9;8:0|2|4;9:2|4|5|8,0:9;1:0|1|2|7;2:4|5|6|7|8|9;3:0|2|4|5|8;4:2|9;5:0|5|8;6:2|8;7:0|1|2|3|4|5|7|9;8:0|4|8;9:2|4|5|8,4@4=1;4@7=1;4@8=1;5@7=1;5@1=1;6@1=1;6@0=1;6@2=1,"4,7,8,1,0,2",8,8,8,0,1.0,-0.13623752453558896,0.05263157894736842,0.011130896517042643,0.0,0.0,0.2,0.0041310787200927734,Feasible
34,33,5,1,4,"ADD:8,2;REMOVE:1,0;REMOVE:7,2;REMOVE:7,3;REMOVE:7,7",0:9;1:0|1|2|7;2:4|5|6|7|8|9;3:0|2|4|5|8;4:2|9;5:0|5|8;6:2|8;7:0|1|2|3|4|5|7|9;8:0|4|8;9:2|4|5|8,0:9;1:1|2|7;2:4|5|6|7|8|9;3:0|2|4|5|8;4:2|9;5:0|5|8;6:2|8;7:0|1|4|5|9;8:0|2|4|8;9:2|4|5|8,4@4=1,4,1,1,1,0,1.0,0.005263157894736831,0.10526315789473684,0.0,0.0,0.0,0.1,0.003964900970458984,Feasible
35,34,2,1,1,"ADD:0,7;REMOVE:3,5",0:9;1:1|2|7;2:4|5|6|7|8|9;3:0|2|4|5|8;4:2|9;5:0|5|8;6:2|8;7:0|1|4|5|9;8:0|2|4|8;9:2|4|5|8,0:7|9;1:1|2|7;2:4|5|6|7|8|9;3:0|2|4|8;4:2|9;5:0|5|8;6:2|8;7:0|1|4|5|9;8:0|2|4|8;9:2|4|5|8,4@3=1;4@6=1;6@4=1;6@9=1,"3,6,4,9",4,4,4,0,1.0,-0.07142857142857144,0.02857142857142857,0.0,0.0,0.0,0.1,0.002165079116821289,Feasible
36,35,3,2,1,"ADD:5,2;ADD:7,7;REMOVE:2,6",0:7|9;1:1|2|7;2:4|5|6|7|8|9;3:0|2|4|8;4:2|9;5:0|5|8;6:2|8;7:0|1|4|5|9;8:0|2|4|8;9:2|4|5|8,0:7|9;1:1|2|7;2:4|5|7|8|9;3:0|2|4|8;4:2|9;5:0|2|5|8;6:2|8;7:0|1|4|5|7|9;8:0|2|4|8;9:2|4|5|8,3@8=1;4@4=1;4@7=1;4@9=1;5@3=2;6@0=2;6@2=1;6@6=1,"8,4,7,9,3,0,2,6",10,8,8,0,1.0,-0.1426686282575933,0.02857142857142857,0.028759943170978155,0.0,0.0,0.2,0.003312826156616211,Feasible
37,36,2,2,0,"ADD:1,8;ADD:9,0",0:7|9;1:1|2|7;2:4|5|7|8|9;3:0|2|4|8;4:2|9;5:0|2|5|8;6:2|8;7:0|1|4|5|7|9;8:0|2|4|8;9:2|4|5|8,0:7|9;1:1|2|7|8;2:4|5|7|8|9;3:0|2|4|8;4:2|9;5:0|2|5|8;6:2|8;7:0|1|4|5|7|9;8:0|2|4|8;9:0|2|4|5|8,4@1=1;6@0=1;6@6=1,"1,0,6",3,3,3,0,1.0,-0.2,0.0,0.0,0.0,0.0,0.2,0.0018818378448486328,Feasible
38,37,1,1,0,"ADD:6,7",0:7|9;1:1|2|7|8;2:4|5|7|8|9;3:0|2|4|8;4:2|9;5:0|2|5|8;6:2|8;7:0|1|4|5|7|9;8:0|2|4|8;9:0|2|4|5|8,0:7|9;1:1|2|7|8;2:4|5|7|8|9;3:0|2|4|8;4:2|9;5:0|2|5|8;6:2|7|8;7:0|1|4|5|7|9;8:0|2|4|8;9:0|2|4|5|8,4@6=1;6@3=1;6@9=1,"6,3,9",3,3,3,0,1.0,-0.1,0.0,0.0,0.0,0.0,0.1,0.0010869503021240234,Feasible
39,38,1,1,0,"ADD:9,9",0:7|9;1:1|2|7|8;2:4|5|7|8|9;3:0|2|4|8;4:2|9;5:0|2|5|8;6:2|7|8;7:0|1|4|5|7|9;8:0|2|4|8;9:0|2|4|5|8,0:7|9;1:1|2|7|8;2:4|5|7|8|9;3:0|2|4|8;4:2|9;5:0|2|5|8;6:2|7|8;7:0|1|4|5|7|9;8:0|2|4|8;9:0|2|4|5|8|9,4@3=1;4@7=1;6@4=1,"3,7,4",3,3,3,0,1.0,-0.1,0.0,0.0,0.0,0.0,0.1,0.0010831356048583984,Feasible
40,39,1,1,0,"ADD:8,5",0:7|9;1:1|2|7|8;2:4|5|7|8|9;3:0|2|4|8;4:2|9;5:0|2|5|8;6:2|7|8;7:0|1|4|5|7|9;8:0|2|4|8;9:0|2|4|5|8|9,0:7|9;1:1|2|7|8;2:4|5|7|8|9;3:0|2|4|8;4:2|9;5:0|2|5|8;6:2|7|8;7:0|1|4|5|7|9;8:0|2|4|5|8;9:0|2|4|5|8|9,2@0=1;2@2=2;2@4=1;2@8=1;4@4=1;4@1=1,"0,2,4,8,1",7,6,6,0,1.0,-0.07002390618508755,0.0,0.029976093814912452,0.0,0.0,0.1,0.0011761188507080078,Feasible
41,40,1,1,0,"ADD:3,9",0:7|9;1:1|2|7|8;2:4|5|7|8|9;3:0|2|4|8;4:2|9;5:0|2|5|8;6:2|7|8;7:0|1|4|5|7|9;8:0|2|4|5|8;9:0|2|4|5|8|9,0:7|9;1:1|2|7|8;2:4|5|7|8|9;3:0|2|4|8|9;4:2|9;5:0|2|5|8;6:2|7|8;7:0|1|4|5|7|9;8:0|2|4|5|8;9:0|2|4|5|8|9,2@1=3;4@8=1;5@4=1;6@6=1,"1,8,4,6",6,4,4,0,1.0,-0.1,0.0,0.0,0.0,0.0,0.1,0.0011000633239746094,Feasible
42,41,1,1,0,"ADD:1,9",0:7|9;1:1|2|7|8;2:4|5|7|8|9;3:0|2|4|8|9;4:2|9;5:0|2|5|8;6:2|7|8;7:0|1|4|5|7|9;8:0|2|4|5|8;9:0|2|4|5|8|9,0:7|9;1:1|2|7|8|9;2:4|5|7|8|9;3:0|2|4|8|9;4:2|9;5:0|2|5|8;6:2|7|8;7:0|1|4|5|7|9;8:0|2|4|5|8;9:0|2|4|5|8|9,4@0=1;4@4=1;4@5=1;4@9=1;5@4=1;6@2=1,"0,4,5,9,2",6,6,6,0,1.0,-0.066536708163674,0.0,0.033463291836326,0.0,0.0,0.1,0.0011432170867919922,Feasible
43,42,3,1,2,"ADD:4,3;REMOVE:7,4;REMOVE:7,7",0:7|9;1:1|2|7|8|9;2:4|5|7|8|9;3:0|2|4|8|9;4:2|9;5:0|2|5|8;6:2|7|8;7:0|1|4|5|7|9;8:0|2|4|5|8;9:0|2|4|5|8|9,0:7|9;1:1|2|7|8|9;2:4|5|7|8|9;3:0|2|4|8|9;4:2|3|9;5:0|2|5|8;6:2|7|8;7:0|1|5|9;8:0|2|4|5|8;9:0|2|4|5|8|9,4@6=1;6@9=1,"6,9",2,2,2,0,1.0,-0.05348837209302326,0.046511627906976744,0.0,0.0,0.0,0.1,0.002418041229248047,Feasible
44,43,3,1,2,"ADD:5,4;REMOVE:4,2;REMOVE:8,5",0:7|9;1:1|2|7|8|9;2:4|5|7|8|9;3:0|2|4|8|9;4:2|3|9;5:0|2|5|8;6:2|7|8;7:0|1|5|9;8:0|2|4|5|8;9:0|2|4|5|8|9,0:7|9;1:1|2|7|8|9;2:4|5|7|8|9;3:0|2|4|8|9;4:3|9;5:0|2|4|5|8;6:2|7|8;7:0|1|5|9;8:0|2|4|8;9:0|2|4|5|8|9,4@2=1,2,1,1,1,0,1.0,-0.05238095238095239,0.047619047619047616,0.0,0.0,0.0,0.1,0.002468109130859375,Feasible
45,44,3,2,1,"ADD:4,4;ADD:7,3;REMOVE:5,5",0:7|9;1:1|2|7|8|9;2:4|5|7|8|9;3:0|2|4|8|9;4:3|9;5:0|2|4|5|8;6:2|7|8;7:0|1|5|9;8:0|2|4|8;9:0|2|4|5|8|9,0:7|9;1:1|2|7|8|9;2:4|5|7|8|9;3:0|2|4|8|9;4:3|4|9;5:0|2|4|8;6:2|7|8;7:0|1|3|5|9;8:0|2|4|8;9:0|2|4|5|8|9,4@2=1;4@4=1;4@5=1;4@8=2,"2,4,5,8",5,4,4,0,1.0,-0.1568696583775657,0.024390243902439025,0.018740097719995286,0.0,0.0,0.2,0.0019021034240722656,Feasible
46,45,3,2,1,"ADD:4,0;ADD:9,3;REMOVE:8,4",0:7|9;1:1|2|7|8|9;2:4|5|7|8|9;3:0|2|4|8|9;4:3|4|9;5:0|2|4|8;6:2|7|8;7:0|1|3|5|9;8:0|2|4|8;9:0|2|4|5|8|9,0:7|9;1:1|2|7|8|9;2:4|5|7|8|9;3:0|2|4|8|9;4:0|3|4|9;5:0|2|4|8;6:2|7|8;7:0|1|3|5|9;8:0|2|8;9:0|2|3|4|5|8|9,4@0=1;4@1=1;4@4=1;4@9=2;6@2=1,"0,1,4,9,2",6,5,5,0,1.0,-0.08971131976233736,0.023809523809523808,0.08647915642813885,0.0,0.0,0.2,0.0020368099212646484,Feasible
47,46,1,1,0,"ADD:1,4",0:7|9;1:1|2|7|8|9;2:4|5|7|8|9;3:0|2|4|8|9;4:0|3|4|9;5:0|2|4|8;6:2|7|8;7:0|1|3|5|9;8:0|2|8;9:0|2|3|4|5|8|9,0:7|9;1:1|2|4|7|8|9;2:4|5|7|8|9;3:0|2|4|8|9;4:0|3|4|9;5:0|2|4|8;6:2|7|8;7:0|1|3|5|9;8:0|2|8;9:0|2|3|4|5|8|9,3@4=1;4@2=1;4@8=1;5@1=1;6@5=1;6@6=1,"4,2,8,1,5,6",6,6,6,0,1.0,-0.08591463367911753,0.0,0.014085366320882472,0.0,0.0,0.1,0.0012941360473632812,Feasible
48,47,2,1,1,"ADD:1,5;REMOVE:9,9",0:7|9;1:1|2|4|7|8|9;2:4|5|7|8|9;3:0|2|4|8|9;4:0|3|4|9;5:0|2|4|8;6:2|7|8;7:0|1|3|5|9;8:0|2|8;9:0|2|3|4|5|8|9,0:7|9;1:1|2|4|5|7|8|9;2:4|5|7|8|9;3:0|2|4|8|9;4:0|3|4|9;5:0|2|4|8;6:2|7|8;7:0|1|3|5|9;8:0|2|8;9:0|2|3|4|5|8,4@1=1;4@4=1,"1,4",2,2,2,0,1.0,-0.03722114976847428,0.022727272727272728,0.040051577504253,0.0,0.0,0.1,0.0017919540405273438,Feasible
49,48,4,1,3,"ADD:1,0;REMOVE:1,2;REMOVE:8,2;REMOVE:9,2",0:7|9;1:1|2|4|5|7|8|9;2:4|5|7|8|9;3:0|2|4|8|9;4:0|3|4|9;5:0|2|4|8;6:2|7|8;7:0|1|3|5|9;8:0|2|8;9:0|2|3|4|5|8,0:7|9;1:0|1|4|5|7|8|9;2:4|5|7|8|9;3:0|2|4|8|9;4:0|3|4|9;5:0|2|4|8;6:2|7|8;7:0|1|3|5|9;8:0|8;9:0|3|4|5|8,4@4=1;4@9=1,"4,9",2,2,2,0,1.0,0.06335275449869979,0.06818181818181818,0.0951709363168816,0.0,0.0,0.1,0.0030782222747802734,Feasible
50,49,3,1,2,"ADD:5,5;REMOVE:1,1;REMOVE:1,8",0:7|9;1:0|1|4|5|7|8|9;2:4|5|7|8|9;3:0|2|4|8|9;4:0|3|4|9;5:0|2|4|8;6:2|7|8;7:0|1|3|5|9;8:0|8;9:0|3|4|5|8,0:7|9;1:0|4|5|7|9;2:4|5|7|8|9;3:0|2|4|8|9;4:0|3|4|9;5:0|2|4|5|8;6:2|7|8;7:0|1|3|5|9;8:0|8;9:0|3|4|5|8,4@1=1;4@2=1;4@7=1;6@2=1,"1,2,7",4,4,4,0,1.0,-0.027346914852268478,0.047619047619047616,0.025034037528683918,0.0,0.0,0.1,0.002706766128540039,Feasible
51,50,3,1,2,"ADD:9,2;REMOVE:1,9;REMOVE:7,3",0:7|9;1:0|4|5|7|9;2:4|5|7|8|9;3:0|2|4|8|9;4:0|3|4|9;5:0|2|4|5|8;6:2|7|8;7:0|1|3|5|9;8:0|8;9:0|3|4|5|8,0:7|9;1:0|4|5|7;2:4|5|7|8|9;3:0|2|4|8|9;4:0|3|4|9;5:0|2|4|5|8;6:2|7|8;7:0|1|5|9;8:0|8;9:0|2|3|4|5|8,4@0=1;4@1=1;4@7=1;5@6=1,"0,1,7,6",4,4,4,0,1.0,-0.02488006940984014,0.04878048780487805,0.02633944278528181,0.0,0.0,0.1,0.002960681915283203,Feasible
52,51,3,2,1,"ADD:0,3;ADD:7,8;REMOVE:4,9",0:7|9;1:0|4|5|7;2:4|5|7|8|9;3:0|2|4|8|9;4:0|3|4|9;5:0|2|4|5|8;6:2|7|8;7:0|1|5|9;8:0|8;9:0|2|3|4|5|8,0:3|7|9;1:0|4|5|7;2:4|5|7|8|9;3:0|2|4|8|9;4:0|3|4;5:0|2|4|5|8;6:2|7|8;7:0|1|5|8|9;8:0|8;9:0|2|3|4|5|8,1@0=1;1@1=1;4@0=1;4@2=1;4@3=1;4@4=1;4@5=1;4@7=1;4@8=1;5@1=1;5@6=1,"0,1,2,3,4,5,7,8,6",11,11,11,0,1.0,-0.13817048337668236,0.025,0.03682951662331766,0.0,0.0,0.2,0.0035440921783447266,Feasible
53,52,4,1,3,"ADD:0,6;REMOVE:3,0;REMOVE:4,3;REMOVE:7,1",0:3|7|9;1:0|4|5|7;2:4|5|7|8|9;3:0|2|4|8|9;4:0|3|4;5:0|2|4|5|8;6:2|7|8;7:0|1|5|8|9;8:0|8;9:0|2|3|4|5|8,0:3|6|7|9;1:0|4|5|7;2:4|5|7|8|9;3:2|4|8|9;4:0|4;5:0|2|4|5|8;6:2|7|8;7:0|5|8|9;8:0|8;9:0|2|3|4|5|8,4@5=1;5@0=1;5@1=1;6@1=1,"5,0,1",4,4,4,0,1.0,-0.0017622167037273095,0.07317073170731707,0.025067051588955624,0.0,0.0,0.1,0.0036039352416992188,Feasible
54,53,9,3,6,"ADD:1,1;ADD:2,1;ADD:8,5;REMOVE:0,3;REMOVE:2,4;REMOVE:3,8;REMOVE:5,0;REMOVE:9,0;REMOVE:9,2",0:3|6|7|9;1:0|4|5|7;2:4|5|7|8|9;3:2|4|8|9;4:0|4;5:0|2|4|5|8;6:2|7|8;7:0|5|8|9;8:0|8;9:0|2|3|4|5|8,0:6|7|9;1:0|1|4|5|7;2:1|5|7|8|9;3:2|4|9;4:0|4;5:2|4|5|8;6:2|7|8;7:0|5|8|9;8:0|5|8;9:3|4|5|8,4@2=1,2,1,1,1,0,1.0,-0.1461538461538462,0.15384615384615385,0.0,0.0,0.0,0.30000000000000004,0.006317138671875,Feasible
55,54,5,2,3,"ADD:4,1;ADD:5,3;REMOVE:1,5;REMOVE:2,5;REMOVE:6,8",0:6|7|9;1:0|1|4|5|7;2:1|5|7|8|9;3:2|4|9;4:0|4;5:2|4|5|8;6:2|7|8;7:0|5|8|9;8:0|5|8;9:3|4|5|8,0:6|7|9;1:0|1|4|7;2:1|7|8|9;3:2|4|9;4:0|1|4;5:2|3|4|5|8;6:2|7;7:0|5|8|9;8:0|5|8;9:3|4|5|8,3@9=1;4@1=1;4@2=1;4@3=1;4@4=1;4@6=1;4@7=1;6@1=1,"9,1,2,3,4,6,7",8,8,8,0,1.0,-0.07381759238815785,0.08333333333333333,0.042849074278508835,0.0,0.0,0.2,0.00428009033203125,Feasible
56,55,1,0,1,"REMOVE:6,2",0:6|7|9;1:0|1|4|7;2:1|7|8|9;3:2|4|9;4:0|1|4;5:2|3|4|5|8;6:2|7;7:0|5|8|9;8:0|5|8;9:3|4|5|8,0:6|7|9;1:0|1|4|7;2:1|7|8|9;3:2|4|9;4:0|1|4;5:2|3|4|5|8;6:7;7:0|5|8|9;8:0|5|8;9:3|4|5|8,1@1=1;3@4=1;4@7=1;6@2=1,"1,4,7,2",4,4,4,0,1.0,0.069477270441377,0.02857142857142857,0.04090584186994843,0.0,0.0,0.0,0.002755880355834961,Feasible
57,56,10,2,8,"ADD:1,5;ADD:4,5;REMOVE:1,0;REMOVE:1,7;REMOVE:2,1;REMOVE:7,9;REMOVE:8,8;REMOVE:9,4;REMOVE:9,5;REMOVE:9,8",0:6|7|9;1:0|1|4|7;2:1|7|8|9;3:2|4|9;4:0|1|4;5:2|3|4|5|8;6:7;7:0|5|8|9;8:0|5|8;9:3|4|5|8,0:6|7|9;1:1|4|5;2:7|8|9;3:2|4|9;4:0|1|4|5;5:2|3|4|5|8;6:7;7:0|5|8;8:0|5;9:3,2@1=1;4@7=1;5@9=1;6@4=1,"1,7,9,4",4,4,4,0,1.0,0.03529411764705881,0.23529411764705882,0.0,0.0,0.0,0.2,0.008556127548217773,Feasible
58,57,5,2,3,"ADD:2,3;ADD:8,8;REMOVE:0,6;REMOVE:2,9;REMOVE:5,5",0:6|7|9;1:1|4|5;2:7|8|9;3:2|4|9;4:0|1|4|5;5:2|3|4|5|8;6:7;7:0|5|8;8:0|5;9:3,0:7|9;1:1|4|5;2:3|7|8;3:2|4|9;4:0|1|4|5;5:2|3|4|8;6:7;7:0|5|8;8:0|5|8;9:3,2@1=1;2@3=1;2@4=2;2@6=2;4@2=1;5@1=1;6@0=1,"1,3,4,6,2,0",9,7,7,0,1.0,-0.0828137703055038,0.10714285714285714,0.010043372551639075,0.0,0.0,0.2,0.004953861236572266,Feasible
59,58,2,1,1,"ADD:7,3;REMOVE:8,5",0:7|9;1:1|4|5;2:3|7|8;3:2|4|9;4:0|1|4|5;5:2|3|4|8;6:7;7:0|5|8;8:0|5|8;9:3,0:7|9;1:1|4|5;2:3|7|8;3:2|4|9;4:0|1|4|5;5:2|3|4|8;6:7;7:0|3|5|8;8:0|8;9:3,3@2=1;4@1=1;4@5=1;4@7=1;5@4=1,"2,1,5,7,4",5,5,5,0,1.0,0.018173227686652763,0.037037037037037035,0.08113619064961573,0.0,0.0,0.1,0.002040863037109375,Feasible
60,59,4,1,3,"ADD:6,2;REMOVE:6,7;REMOVE:7,3;REMOVE:8,0",0:7|9;1:1|4|5;2:3|7|8;3:2|4|9;4:0|1|4|5;5:2|3|4|8;6:7;7:0|3|5|8;8:0|8;9:3,0:7|9;1:1|4|5;2:3|7|8;3:2|4|9;4:0|1|4|5;5:2|3|4|8;6:2;7:0|5|8;8:8;9:3,3@1=1;4@1=1;5@2=1;5@5=1,"1,2,5",4,4,4,0,1.0,0.061877964929859613,0.1111111111111111,0.0507668538187485,0.0,0.0,0.1,0.003528118133544922,Feasible
61,60,5,1,4,"ADD:8,9;REMOVE:1,4;REMOVE:1,5;REMOVE:2,8;REMOVE:7,0",0:7|9;1:1|4|5;2:3|7|8;3:2|4|9;4:0|1|4|5;5:2|3|4|8;6:2;7:0|5|8;8:8;9:3,0:7|9;1:1;2:3|7;3:2|4|9;4:0|1|4|5;5:2|3|4|8;6:2;7:5|8;8:8|9;9:3,3@9=1;5@2=1,"9,2",2,2,2,0,1.0,0.14738302003223638,0.16,0.08738302003223639,0.0,0.0,0.1,0.0038678646087646484,Feasible
62,61,5,2,3,"ADD:9,2;ADD:9,4;REMOVE:0,9;REMOVE:3,4;REMOVE:5,2",0:7|9;1:1;2:3|7;3:2|4|9;4:0|1|4|5;5:2|3|4|8;6:2;7:5|8;8:8|9;9:3,0:7;1:1;2:3|7;3:2|9;4:0|1|4|5;5:3|4|8;6:2;7:5|8;8:8|9;9:2|3|4,4@2=1;4@4=1,"2,4",2,2,2,0,1.0,-0.016498476916655236,0.13636363636363635,0.047137886719708436,0.0,0.0,0.2,0.003917217254638672,Feasible
63,62,1,1,0,"ADD:8,4",0:7;1:1;2:3|7;3:2|9;4:0|1|4|5;5:3|4|8;6:2;7:5|8;8:8|9;9:2|3|4,0:7;1:1;2:3|7;3:2|9;4:0|1|4|5;5:3|4|8;6:2;7:5|8;8:4|8|9;9:2|3|4,2@4=1;3@1=1;3@2=1;5@2=1,"4,1,2",4,4,4,0,1.0,-0.07498901934253518,0.0,0.02501098065746482,0.0,0.0,0.1,0.0012500286102294922,Feasible
64,63,3,1,2,"ADD:6,4;REMOVE:7,5;REMOVE:8,4",0:7;1:1;2:3|7;3:2|9;4:0|1|4|5;5:3|4|8;6:2;7:5|8;8:4|8|9;9:2|3|4,0:7;1:1;2:3|7;3:2|9;4:0|1|4|5;5:3|4|8;6:2|4;7:8;8:8|9;9:2|3|4,2@2=1;2@4=2;4@4=1;5@2=1;6@2=1;6@9=1,"2,4,9",7,6,6,0,1.0,0.01780011026708217,0.09090909090909091,0.02689101935799127,0.0,0.0,0.1,0.002675771713256836,Feasible
65,64,1,1,0,"ADD:5,1",0:7;1:1;2:3|7;3:2|9;4:0|1|4|5;5:3|4|8;6:2|4;7:8;8:8|9;9:2|3|4,0:7;1:1;2:3|7;3:2|9;4:0|1|4|5;5:1|3|4|8;6:2|4;7:8;8:8|9;9:2|3|4,0@1=2;0@2=1;0@7=1;0@9=1;2@2=1;2@7=1;2@9=2;2@4=2;2@5=1;4@1=1;4@4=1,"1,2,7,9,4,5",14,11,11,0,1.0,-0.07001559091789517,0.0,0.029984409082104844,0.0,0.0,0.1,0.001280069351196289,Feasible
66,65,3,3,0,"ADD:0,5;ADD:1,2;ADD:7,0",0:7;1:1;2:3|7;3:2|9;4:0|1|4|5;5:1|3|4|8;6:2|4;7:8;8:8|9;9:2|3|4,0:5|7;1:1|2;2:3|7;3:2|9;4:0|1|4|5;5:1|3|4|8;6:2|4;7:0|8;8:8|9;9:2|3|4,0@0=1;0@2=2;0@4=4;0@5=1;0@8=1;0@9=2;1@2=1;2@4=1;2@3=1,"0,2,4,5,8,9,3",14,9,9,0,1.0,-0.2770479199676027,0.0,0.022952080032397335,0.0,0.0,0.30000000000000004,0.0013110637664794922,Feasible
67,66,2,1,1,"ADD:6,8;REMOVE:4,1",0:5|7;1:1|2;2:3|7;3:2|9;4:0|1|4|5;5:1|3|4|8;6:2|4;7:0|8;8:8|9;9:2|3|4,0:5|7;1:1|2;2:3|7;3:2|9;4:0|4|5;5:1|3|4|8;6:2|4|8;7:0|8;8:8|9;9:2|3|4,0@0=1;0@1=1;0@2=1;0@3=1;0@6=1;1@0=1;1@1=1;1@6=2;1@4=1;1@5=2;1@9=1;2@2=2;2@6=2;2@4=2,"0,1,2,3,6,4,5,9",19,14,14,0,1.0,-0.053823874583936816,0.04,0.0061761254160631876,0.0,0.0,0.1,0.0025060176849365234,Feasible
68,67,2,2,0,"ADD:4,1;ADD:6,0",0:5|7;1:1|2;2:3|7;3:2|9;4:0|4|5;5:1|3|4|8;6:2|4|8;7:0|8;8:8|9;9:2|3|4,0:5|7;1:1|2;2:3|7;3:2|9;4:0|1|4|5;5:1|3|4|8;6:0|2|4|8;7:0|8;8:8|9;9:2|3|4,1@1=1;1@4=2;1@6=1;2@2=2;2@7=1;4@1=1;4@9=1,"1,4,6,2,7,9",9,7,7,0,1.0,-0.16392961690582894,0.0,0.036070383094171064,0.0,0.0,0.2,0.0012059211730957031,Feasible
69,68,1,1,0,"ADD:0,6",0:5|7;1:1|2;2:3|7;3:2|9;4:0|1|4|5;5:1|3|4|8;6:0|2|4|8;7:0|8;8:8|9;9:2|3|4,0:5|6|7;1:1|2;2:3|7;3:2|9;4:0|1|4|5;5:1|3|4|8;6:0|2|4|8;7:0|8;8:8|9;9:2|3|4,1@0=1;1@1=1;1@3=1;1@4=1;1@9=1;2@7=1;2@8=1,"0,1,3,4,9,7,8",7,7,7,0,1.0,-0.06814832535080032,0.0,0.031851674649199684,0.0,0.0,0.1,0.001245260238647461,Feasible
70,69,1,1,0,"ADD:0,1",0:5|6|7;1:1|2;2:3|7;3:2|9;4:0|1|4|5;5:1|3|4|8;6:0|2|4|8;7:0|8;8:8|9;9:2|3|4,0:1|5|6|7;1:1|2;2:3|7;3:2|9;4:0|1|4|5;5:1|3|4|8;6:0|2|4|8;7:0|8;8:8|9;9:2|3|4,1@0=1;1@2=1;1@9=1;2@1=1;2@3=1;2@5=2;3@7=1;4@1=1;5@2=1,"0,2,9,1,3,5,7",10,9,9,0,1.0,-0.07375476463206455,0.0,0.026245235367935448,0.0,0.0,0.1,0.0012862682342529297,Feasible
71,70,1,1,0,"ADD:4,9",0:1|5|6|7;1:1|2;2:3|7;3:2|9;4:0|1|4|5;5:1|3|4|8;6:0|2|4|8;7:0|8;8:8|9;9:2|3|4,0:1|5|6|7;1:1|2;2:3|7;3:2|9;4:0|1|4|5|9;5:1|3|4|8;6:0|2|4|8;7:0|8;8:8|9;9:2|3|4,2@0=1;3@4=1,"0,4",2,2,2,0,1.0,-0.1,0.0,0.0,0.0,0.0,0.1,0.0009429454803466797,Feasible
72,71,2,1,1,"ADD:5,2;REMOVE:6,8",0:1|5|6|7;1:1|2;2:3|7;3:2|9;4:0|1|4|5|9;5:1|3|4|8;6:0|2|4|8;7:0|8;8:8|9;9:2|3|4,0:1|5|6|7;1:1|2;2:3|7;3:2|9;4:0|1|4|5|9;5:1|2|3|4|8;6:0|2|4;7:0|8;8:8|9;9:2|3|4,2@1=1;2@2=1;2@3=1;2@6=1;2@7=1;3@2=1;3@7=1;4@4=1;4@9=1;6@4=1,"1,2,3,6,7,4,9",10,10,10,0,1.0,-0.005145989862783085,0.03333333333333333,0.061520676803883595,0.0,0.0,0.1,0.0024111270904541016,Feasible
73,72,5,1,4,"ADD:0,2;REMOVE:0,6;REMOVE:5,2;REMOVE:5,3;REMOVE:9,3",0:1|5|6|7;1:1|2;2:3|7;3:2|9;4:0|1|4|5|9;5:1|2|3|4|8;6:0|2|4;7:0|8;8:8|9;9:2|3|4,0:1|2|5|7;1:1|2;2:3|7;3:2|9;4:0|1|4|5|9;5:1|4|8;6:0|2|4;7:0|8;8:8|9;9:2|4,4@2=2,2,2,1,1,0,1.0,0.033333333333333326,0.13333333333333333,0.0,0.0,0.0,0.1,0.003759145736694336,Feasible
74,73,3,1,2,"ADD:0,4;REMOVE:4,9;REMOVE:6,0",0:1|2|5|7;1:1|2;2:3|7;3:2|9;4:0|1|4|5|9;5:1|4|8;6:0|2|4;7:0|8;8:8|9;9:2|4,0:1|2|4|5|7;1:1|2;2:3|7;3:2|9;4:0|1|4|5;5:1|4|8;6:2|4;7:0|8;8:8|9;9:2|4,5@1=1;5@9=1,"1,9",2,2,2,0,1.0,0.03256077761103374,0.07407407407407407,0.058486703536959686,0.0,0.0,0.1,0.002498149871826172,Feasible
75,74,7,2,5,"ADD:1,3;ADD:4,6;REMOVE:1,2;REMOVE:4,0;REMOVE:6,4;REMOVE:7,0;REMOVE:8,8",0:1|2|4|5|7;1:1|2;2:3|7;3:2|9;4:0|1|4|5;5:1|4|8;6:2|4;7:0|8;8:8|9;9:2|4,0:1|2|4|5|7;1:1|3;2:3|7;3:2|9;4:1|4|5|6;5:1|4|8;6:2;7:8;8:9;9:2|4,4@4=1;5@4=1;5@9=1,"4,9",3,3,3,0,1.0,0.058419299337745756,0.19230769230769232,0.06611160703005346,0.0,0.0,0.2,0.00550389289855957,Feasible
76,75,9,1,8,"ADD:7,0;REMOVE:2,7;REMOVE:3,2;REMOVE:4,1;REMOVE:4,5;REMOVE:5,1;REMOVE:5,4;REMOVE:5,8;REMOVE:7,8",0:1|2|4|5|7;1:1|3;2:3|7;3:2|9;4:1|4|5|6;5:1|4|8;6:2;7:8;8:9;9:2|4,0:1|2|4|5|7;1:1|3;2:3;3:9;4:4|6;5:-;6:2;7:0;8:9;9:2|4,4@4=1,4,1,1,1,0,1.0,0.3302236616421579,0.34782608695652173,0.08239757468563612,0.0,0.0,0.1,0.0069179534912109375,Feasible
77,76,1,1,0,"ADD:3,2",0:1|2|4|5|7;1:1|3;2:3;3:9;4:4|6;5:-;6:2;7:0;8:9;9:2|4,0:1|2|4|5|7;1:1|3;2:3;3:2|9;4:4|6;5:-;6:2;7:0;8:9;9:2|4,3@1=1;4@1=1;4@2=1;4@4=1;4@8=1;4@9=1;6@4=1,"1,2,4,8,9",7,7,7,0,1.0,-0.08839365122431497,0.0,0.01160634877568503,0.0,0.0,0.1,0.0011818408966064453,Feasible
78,77,6,3,3,"ADD:1,4;ADD:2,9;ADD:4,3;REMOVE:2,3;REMOVE:3,9;REMOVE:8,9",0:1|2|4|5|7;1:1|3;2:3;3:2|9;4:4|6;5:-;6:2;7:0;8:9;9:2|4,0:1|2|4|5|7;1:1|3|4;2:9;3:2;4:3|4|6;5:-;6:2;7:0;8:-;9:2|4,1@4=1;4@3=1;6@3=1,"4,3",3,3,3,0,1.0,-0.06341817348915363,0.17647058823529413,0.060111238275552294,0.0,0.0,0.30000000000000004,0.003407001495361328,Feasible
79,78,4,4,0,"ADD:2,4;ADD:3,6;ADD:6,1;ADD:7,4",0:1|2|4|5|7;1:1|3|4;2:9;3:2;4:3|4|6;5:-;6:2;7:0;8:-;9:2|4,0:1|2|4|5|7;1:1|3|4;2:4|9;3:2|6;4:3|4|6;5:-;6:1|2;7:0|4;8:-;9:2|4,1@2=1;1@3=1;1@4=1;1@6=1;1@8=1;2@2=1;2@4=1;2@1=1;3@2=1;3@6=1;4@1=1;6@1=1,"2,3,4,6,8,1",12,12,12,0,1.0,-0.351017830586051,0.0,0.048982169413948985,0.0,0.0,0.4,0.0014307498931884766,Feasible
80,79,3,3,0,"ADD:2,5;ADD:3,3;ADD:6,3",0:1|2|4|5|7;1:1|3|4;2:4|9;3:2|6;4:3|4|6;5:-;6:1|2;7:0|4;8:-;9:2|4,0:1|2|4|5|7;1:1|3|4;2:4|5|9;3:2|3|6;4:3|4|6;5:-;6:1|2|3;7:0|4;8:-;9:2|4,1@1=1;1@2=1;1@6=1;2@2=2;2@5=1;2@8=1;3@4=1;4@1=1;4@8=1;4@4=1,"1,2,6,5,8,4",11,10,10,0,1.0,-0.27448220169011744,0.0,0.025517798309882576,0.0,0.0,0.30000000000000004,0.002254962921142578,Feasible
81,80,2,2,0,"ADD:1,0;ADD:5,1",0:1|2|4|5|7;1:1|3|4;2:4|5|9;3:2|3|6;4:3|4|6;5:-;6:1|2|3;7:0|4;8:-;9:2|4,0:1|2|4|5|7;1:0|1|3|4;2:4|5|9;3:2|3|6;4:3|4|6;5:1;6:1|2|3;7:0|4;8:-;9:2|4,1@0=1;1@1=2;1@4=1;1@5=2;1@6=1;1@8=2;2@2=1;4@3=1;5@3=2,"0,1,4,5,6,8,2,3",13,9,9,0,1.0,-0.1626758909150087,0.0,0.03732410908499131,0.0,0.0,0.2,0.00131988525390625,Feasible
82,81,6,1,5,"ADD:2,1;REMOVE:0,7;REMOVE:3,3;REMOVE:4,6;REMOVE:6,1;REMOVE:6,2",0:1|2|4|5|7;1:0|1|3|4;2:4|5|9;3:2|3|6;4:3|4|6;5:1;6:1|2|3;7:0|4;8:-;9:2|4,0:1|2|4|5;1:0|1|3|4;2:1|4|5|9;3:2|6;4:3|4;5:1;6:3;7:0|4;8:-;9:2|4,1@0=1;1@1=1;1@4=2;1@7=1;1@8=1;2@1=1;2@4=1;2@8=1;2@6=1;5@1=1,"0,1,4,7,8,6",11,10,10,0,1.0,0.1526673849632376,0.19230769230769232,0.06035969265554527,0.0,0.0,0.1,0.006047964096069336,Feasible
83,82,3,2,1,"ADD:6,0;ADD:9,9;REMOVE:2,9",0:1|2|4|5;1:0|1|3|4;2:1|4|5|9;3:2|6;4:3|4;5:1;6:3;7:0|4;8:-;9:2|4,0:1|2|4|5;1:0|1|3|4;2:1|4|5;3:2|6;4:3|4;5:1;6:0|3;7:0|4;8:-;9:2|4|9,1@2=2;1@4=1;1@5=1;1@7=1;4@1=1;6@1=1;6@0=1,"2,4,5,7,1,0",8,7,7,0,1.0,-0.1292443991398512,0.045454545454545456,0.025301055405603356,0.0,0.0,0.2,0.0021309852600097656,Feasible
84,83,5,1,4,"ADD:8,8;REMOVE:2,4;REMOVE:3,2;REMOVE:5,1;REMOVE:9,4",0:1|2|4|5;1:0|1|3|4;2:1|4|5;3:2|6;4:3|4;5:1;6:0|3;7:0|4;8:-;9:2|4|9,0:1|2|4|5;1:0|1|3|4;2:1|5;3:6;4:3|4;5:-;6:0|3;7:0|4;8:8;9:2|9,4@4=1,4,1,1,1,0,1.0,0.19130995078884092,0.17391304347826086,0.11739690731058006,0.0,0.0,0.1,0.003822803497314453,Feasible
85,84,3,2,1,"ADD:2,4;ADD:9,0;REMOVE:1,3",0:1|2|4|5;1:0|1|3|4;2:1|5;3:6;4:3|4;5:-;6:0|3;7:0|4;8:8;9:2|9,0:1|2|4|5;1:0|1|4;2:1|4|5;3:6;4:3|4;5:-;6:0|3;7:0|4;8:8;9:0|2|9,2@3=1;2@4=1;4@6=1;6@3=1;6@5=1,"3,4,6,5",5,5,5,0,1.0,-0.11407484941430959,0.05,0.03592515058569042,0.0,0.0,0.2,0.001995086669921875,Feasible
86,85,6,3,3,"ADD:2,2;ADD:4,0;ADD:5,4;REMOVE:0,2;REMOVE:7,0;REMOVE:9,0",0:1|2|4|5;1:0|1|4;2:1|4|5;3:6;4:3|4;5:-;6:0|3;7:0|4;8:8;9:0|2|9,0:1|4|5;1:0|1|4;2:1|2|4|5;3:6;4:0|3|4;5:4;6:0|3;7:4;8:8;9:2|9,2@1=1;2@2=1;4@2=1;4@0=1;5@4=1,"1,2,0,4",5,5,5,0,1.0,-0.07808962643508155,0.14285714285714285,0.07905323070777565,0.0,0.0,0.30000000000000004,0.0035369396209716797,Feasible
87,86,3,2,1,"ADD:3,0;ADD:3,3;REMOVE:1,1",0:1|4|5;1:0|1|4;2:1|2|4|5;3:6;4:0|3|4;5:4;6:0|3;7:4;8:8;9:2|9,0:1|4|5;1:0|4;2:1|2|4|5;3:0|3|6;4:0|3|4;5:4;6:0|3;7:4;8:8;9:2|9,2@2=1;2@4=2;3@3=1;5@4=1;5@8=1,"2,4,3,8",6,5,5,0,1.0,-0.06625893533892002,0.047619047619047616,0.08612201704203236,0.0,0.0,0.2,0.002048969268798828,Feasible
88,87,1,1,0,"ADD:7,9",0:1|4|5;1:0|4;2:1|2|4|5;3:0|3|6;4:0|3|4;5:4;6:0|3;7:4;8:8;9:2|9,0:1|4|5;1:0|4;2:1|2|4|5;3:0|3|6;4:0|3|4;5:4;6:0|3;7:4|9;8:8;9:2|9,3@9=1;4@4=1;4@5=1;6@3=1,"9,4,5,3",4,4,4,0,1.0,-0.053843084452561155,0.0,0.04615691554743885,0.0,0.0,0.1,0.0011620521545410156,Feasible
89,88,4,1,3,"ADD:4,6;REMOVE:3,0;REMOVE:3,6;REMOVE:7,4",0:1|4|5;1:0|4;2:1|2|4|5;3:0|3|6;4:0|3|4;5:4;6:0|3;7:4|9;8:8;9:2|9,0:1|4|5;1:0|4;2:1|2|4|5;3:3;4:0|3|4|6;5:4;6:0|3;7:9;8:8;9:2|9,1@5=1;1@8=1;4@8=1;4@4=1;6@9=1,"5,8,4,9",5,5,5,0,1.0,0.05250107168949952,0.13043478260869565,0.02206628908080387,0.0,0.0,0.1,0.00350189208984375,Feasible
90,89,2,1,1,"ADD:6,6;REMOVE:2,5",0:1|4|5;1:0|4;2:1|2|4|5;3:3;4:0|3|4|6;5:4;6:0|3;7:9;8:8;9:2|9,0:1|4|5;1:0|4;2:1|2|4;3:3;4:0|3|4|6;5:4;6:0|3|6;7:9;8:8;9:2|9,1@5=1;2@0=1;2@1=1;2@2=2;2@4=1;2@7=2;3@7=1,"5,0,1,2,4,7",9,7,7,0,1.0,-0.013019968964058298,0.047619047619047616,0.03936098341689409,0.0,0.0,0.1,0.002276897430419922,Feasible
91,90,2,2,0,"ADD:0,3;ADD:1,3",0:1|4|5;1:0|4;2:1|2|4;3:3;4:0|3|4|6;5:4;6:0|3|6;7:9;8:8;9:2|9,0:1|3|4|5;1:0|3|4;2:1|2|4;3:3;4:0|3|4|6;5:4;6:0|3|6;7:9;8:8;9:2|9,1@0=1;1@2=1;1@3=1;1@4=2;1@5=1;3@5=1;3@7=1;4@4=1;5@6=1,"0,2,3,4,5,7,6",10,9,9,0,1.0,-0.15241540976179505,0.0,0.047584590238204966,0.0,0.0,0.2,0.001363992691040039,Feasible
92,91,1,1,0,"ADD:8,0",0:1|3|4|5;1:0|3|4;2:1|2|4;3:3;4:0|3|4|6;5:4;6:0|3|6;7:9;8:8;9:2|9,0:1|3|4|5;1:0|3|4;2:1|2|4;3:3;4:0|3|4|6;5:4;6:0|3|6;7:9;8:0|8;9:2|9,1@1=2;1@2=1;1@4=1;1@5=2;1@6=1;2@9=2;4@0=1;5@7=1;6@6=1,"1,2,4,5,6,9,0,7",12,9,9,0,1.0,-0.07379434443266997,0.0,0.026205655567330035,0.0,0.0,0.1,0.0014159679412841797,Feasible
93,92,4,1,3,"ADD:6,2;REMOVE:0,3;REMOVE:2,4;REMOVE:6,6",0:1|3|4|5;1:0|3|4;2:1|2|4;3:3;4:0|3|4|6;5:4;6:0|3|6;7:9;8:0|8;9:2|9,0:1|4|5;1:0|3|4;2:1|2;3:3;4:0|3|4|6;5:4;6:0|2|3;7:9;8:0|8;9:2|9,1@0=1;1@2=1;1@5=1;1@8=1;2@0=1;2@2=1;2@1=1;3@5=1;6@1=1,"0,2,5,8,1",9,9,9,0,1.0,0.05721305604248755,0.125,0.03221305604248755,0.0,0.0,0.1,0.00376129150390625,Feasible
94,93,4,1,3,"ADD:5,1;REMOVE:2,1;REMOVE:4,4;REMOVE:6,2",0:1|4|5;1:0|3|4;2:1|2;3:3;4:0|3|4|6;5:4;6:0|2|3;7:9;8:0|8;9:2|9,0:1|4|5;1:0|3|4;2:2;3:3;4:0|3|6;5:1|4;6:0|3;7:9;8:0|8;9:2|9,1@0=1;1@1=1;1@2=2;1@9=1;2@2=1;4@2=1;5@8=1,"0,1,2,9,8",8,7,7,0,1.0,0.06186996753058349,0.13636363636363635,0.025506331166947137,0.0,0.0,0.1,0.0038492679595947266,Feasible
95,94,1,1,0,"ADD:1,2",0:1|4|5;1:0|3|4;2:2;3:3;4:0|3|6;5:1|4;6:0|3;7:9;8:0|8;9:2|9,0:1|4|5;1:0|2|3|4;2:2;3:3;4:0|3|6;5:1|4;6:0|3;7:9;8:0|8;9:2|9,1@3=1;1@6=2;2@0=1;2@4=1;4@4=1,"3,6,0,4",6,5,5,0,1.0,-0.08076439780035603,0.0,0.01923560219964397,0.0,0.0,0.1,0.0011432170867919922,Feasible
96,95,3,2,1,"ADD:2,3;ADD:5,0;REMOVE:1,3",0:1|4|5;1:0|2|3|4;2:2;3:3;4:0|3|6;5:1|4;6:0|3;7:9;8:0|8;9:2|9,0:1|4|5;1:0|2|4;2:2|3;3:3;4:0|3|6;5:0|1|4;6:0|3;7:9;8:0|8;9:2|9,1@2=1;1@4=1;1@5=1;1@6=1;1@8=1;2@3=1;4@2=1;4@4=1;5@6=1;5@0=1;7@9=1,"2,4,5,6,8,3,0,9",11,11,11,0,1.0,-0.10603257207954087,0.047619047619047616,0.04634838030141152,0.0,0.0,0.2,0.002424001693725586,Feasible
97,96,5,2,3,"ADD:1,3;ADD:7,1;REMOVE:0,4;REMOVE:4,3;REMOVE:8,0",0:1|4|5;1:0|2|4;2:2|3;3:3;4:0|3|6;5:0|1|4;6:0|3;7:9;8:0|8;9:2|9,0:1|5;1:0|2|3|4;2:2|3;3:3;4:0|6;5:0|1|4;6:0|3;7:1|9;8:8;9:2|9,1@1=1;1@2=1;1@9=1;2@9=1;4@9=1;4@4=1;4@5=1;6@2=1,"1,2,9,4,5",8,8,8,0,1.0,-0.05028929541099758,0.13636363636363635,0.013347068225366068,0.0,0.0,0.2,0.00472712516784668,Feasible
98,97,4,1,3,"ADD:5,8;REMOVE:4,6;REMOVE:7,1;REMOVE:9,2",0:1|5;1:0|2|3|4;2:2|3;3:3;4:0|6;5:0|1|4;6:0|3;7:1|9;8:8;9:2|9,0:1|5;1:0|2|3|4;2:2|3;3:3;4:0;5:0|1|4|8;6:0|3;7:9;8:8;9:9,2@1=1;2@9=1;6@2=1;6@5=1;6@7=1,"1,9,2,5,7",5,5,5,0,1.0,0.042857142857142844,0.14285714285714285,0.0,0.0,0.0,0.1,0.0036988258361816406,Feasible
99,98,3,3,0,"ADD:4,6;ADD:6,8;ADD:7,5",0:1|5;1:0|2|3|4;2:2|3;3:3;4:0;5:0|1|4|8;6:0|3;7:9;8:8;9:9,0:1|5;1:0|2|3|4;2:2|3;3:3;4:0|6;5:0|1|4|8;6:0|3|8;7:5|9;8:8;9:9,2@4=1;3@5=1;4@6=1;4@9=1;5@7=1;6@8=1,"4,5,6,9,7,8",6,6,6,0,1.0,-0.26819837343010555,0.0,0.0318016265698945,0.0,0.0,0.30000000000000004,0.0012989044189453125,Feasible
100,99,1,1,0,"ADD:3,1",0:1|5;1:0|2|3|4;2:2|3;3:3;4:0|6;5:0|1|4|8;6:0|3|8;7:5|9;8:8;9:9,0:1|5;1:0|2|3|4;2:2|3;3:1|3;4:0|6;5:0|1|4|8;6:0|3|8;7:5|9;8:8;9:9,2@4=2;2@5=1;4@2=1,"4,5,2",4,3,3,0,1.0,-0.1,0.0,0.0,0.0,0.0,0.1,0.001004934310913086,Feasible
101,100,1,1,0,"ADD:3,9",0:1|5;1:0|2|3|4;2:2|3;3:1|3;4:0|6;5:0|1|4|8;6:0|3|8;7:5|9;8:8;9:9,0:1|5;1:0|2|3|4;2:2|3;3:1|3|9;4:0|6;5:0|1|4|8;6:0|3|8;7:5|9;8:8;9:9,4@1=1;5@2=1;5@7=2;6@2=1,"1,2,7",5,4,4,0,1.0,-0.1,0.0,0.0,0.0,0.0,0.1,0.001100778579711914,Feasible
102,101,6,1,5,"ADD:1,5;REMOVE:1,0;REMOVE:1,2;REMOVE:1,3;REMOVE:4,6;REMOVE:6,0",0:1|5;1:0|2|3|4;2:2|3;3:1|3|9;4:0|6;5:0|1|4|8;6:0|3|8;7:5|9;8:8;9:9,0:1|5;1:4|5;2:2|3;3:1|3|9;4:0;5:0|1|4|8;6:3|8;7:5|9;8:8;9:9,2@4=1;2@8=1;4@0=1;5@2=1,"4,8,0,2",4,4,4,0,1.0,0.1284813173921808,0.20833333333333334,0.020147984058847455,0.0,0.0,0.1,0.005197048187255859,Feasible
103,102,7,3,4,"ADD:3,8;ADD:5,3;ADD:9,8;REMOVE:0,1;REMOVE:1,4;REMOVE:1,5;REMOVE:5,1",0:1|5;1:4|5;2:2|3;3:1|3|9;4:0;5:0|1|4|8;6:3|8;7:5|9;8:8;9:9,0:5;1:-;2:2|3;3:1|3|8|9;4:0;5:0|3|4|8;6:3|8;7:5|9;8:8;9:8|9,2@0=1;2@1=1;2@3=1;2@7=1,"0,1,3,7",4,4,4,0,1.0,-0.07194849208641393,0.2,0.028051507913586106,0.0,0.0,0.30000000000000004,0.0061380863189697266,Feasible
104,103,3,1,2,"ADD:4,4;REMOVE:2,3;REMOVE:6,3",0:5;1:-;2:2|3;3:1|3|8|9;4:0;5:0|3|4|8;6:3|8;7:5|9;8:8;9:8|9,0:5;1:-;2:2;3:1|3|8|9;4:0|4;5:0|3|4|8;6:8;7:5|9;8:8;9:8|9,2@5=1,5,1,1,1,0,1.0,0.005263157894736831,0.10526315789473684,0.0,0.0,0.0,0.1,0.0023088455200195312,Feasible
105,104,10,6,4,"ADD:1,1;ADD:1,5;ADD:2,1;ADD:4,9;ADD:6,5;ADD:8,4;REMOVE:0,5;REMOVE:6,8;REMOVE:8,8;REMOVE:9,8",0:5;1:-;2:2;3:1|3|8|9;4:0|4;5:0|3|4|8;6:8;7:5|9;8:8;9:8|9,0:-;1:1|5;2:1|2;3:1|3|8|9;4:0|4|9;5:0|3|4|8;6:5;7:5|9;8:4;9:9,1@1=1;1@5=1;2@1=1;2@5=2;2@0=1;2@4=2;2@7=1;2@9=1;4@7=1;4@9=1;5@2=1,"1,5,0,4,7,9,2",13,11,11,0,1.0,-0.3499602416919098,0.2222222222222222,0.027817536085867962,0.0,0.0,0.6,0.006334066390991211,Feasible
106,105,8,2,6,"ADD:0,3;ADD:1,4;REMOVE:2,1;REMOVE:3,1;REMOVE:3,9;REMOVE:7,5;REMOVE:8,4;REMOVE:9,9",0:-;1:1|5;2:1|2;3:1|3|8|9;4:0|4|9;5:0|3|4|8;6:5;7:5|9;8:4;9:9,0:3;1:1|4|5;2:2;3:3|8;4:0|4|9;5:0|3|4|8;6:5;7:9;8:-;9:-,1@1=1;1@4=1;1@6=1;1@9=1;2@2=1;2@7=1;2@8=1;4@9=1;4@2=2;4@7=2;5@2=3;6@3=1,"1,4,6,9,2,7,8,3",16,12,12,0,1.0,0.12410849832511195,0.3,0.02410849832511195,0.0,0.0,0.2,0.007411956787109375,Feasible
107,106,1,1,0,"ADD:8,1",0:3;1:1|4|5;2:2;3:3|8;4:0|4|9;5:0|3|4|8;6:5;7:9;8:-;9:-,0:3;1:1|4|5;2:2;3:3|8;4:0|4|9;5:0|3|4|8;6:5;7:9;8:1;9:-,1@1=2;1@2=1;1@3=1;1@4=1;1@8=1;2@5=1;4@5=1;4@9=1,"1,2,3,4,8,5,9",9,8,8,0,1.0,-0.053320408848161326,0.0,0.04667959115183868,0.0,0.0,0.1,0.0012679100036621094,Feasible
108,107,3,2,1,"ADD:2,1;ADD:6,3;REMOVE:5,4",0:3;1:1|4|5;2:2;3:3|8;4:0|4|9;5:0|3|4|8;6:5;7:9;8:1;9:-,0:3;1:1|4|5;2:1|2;3:3|8;4:0|4|9;5:0|3|8;6:3|5;7:9;8:1;9:-,1@1=1;1@2=2;1@4=2;1@5=1;1@8=1;2@1=2;2@2=2;2@5=1;4@1=1;4@2=1;5@4=1,"1,2,4,5,8",15,11,11,0,1.0,-0.09104793276727607,0.058823529411764705,0.050128537820959225,0.0,0.0,0.2,0.002145051956176758,Feasible
109,108,2,1,1,"ADD:8,9;REMOVE:5,0",0:3;1:1|4|5;2:1|2;3:3|8;4:0|4|9;5:0|3|8;6:3|5;7:9;8:1;9:-,0:3;1:1|4|5;2:1|2;3:3|8;4:0|4|9;5:3|8;6:3|5;7:9;8:1|9;9:-,1@0=1;1@4=1;1@8=1;2@0=1;2@4=3;2@2=1;4@4=1;5@3=1,"0,4,8,2,3",10,8,8,0,1.0,-0.007993160897356702,0.05555555555555555,0.03645128354708775,0.0,0.0,0.1,0.002151966094970703,Feasible
110,109,4,2,2,"ADD:4,6;ADD:6,1;REMOVE:3,3;REMOVE:6,5",0:3;1:1|4|5;2:1|2;3:3|8;4:0|4|9;5:3|8;6:3|5;7:9;8:1|9;9:-,0:3;1:1|4|5;2:1|2;3:8;4:0|4|6|9;5:3|8;6:1|3;7:9;8:1|9;9:-,1@1=1;4@2=1;5@6=2;5@8=1,"1,2,6,8",5,4,4,0,1.0,-0.046289233339706914,0.1111111111111111,0.042599655549182,0.0,0.0,0.2,0.003734111785888672,Feasible
111,110,4,1,3,"ADD:0,4;REMOVE:1,1;REMOVE:6,3;REMOVE:8,1",0:3;1:1|4|5;2:1|2;3:8;4:0|4|6|9;5:3|8;6:1|3;7:9;8:1|9;9:-,0:3|4;1:4|5;2:1|2;3:8;4:0|4|6|9;5:3|8;6:1;7:9;8:9;9:-,1@0=1;1@3=1;2@1=1;2@2=1;4@4=2;4@7=1;5@1=1,"0,3,1,2,4,7",8,7,7,0,1.0,0.1172985022316981,0.16666666666666666,0.05063183556503146,0.0,0.0,0.1,0.005960941314697266,Feasible
112,111,6,2,4,"ADD:6,2;ADD:7,2;REMOVE:2,2;REMOVE:5,3;REMOVE:7,9;REMOVE:8,9",0:3|4;1:4|5;2:1|2;3:8;4:0|4|6|9;5:3|8;6:1;7:9;8:9;9:-,0:3|4;1:4|5;2:1;3:8;4:0|4|6|9;5:8;6:1|2;7:2;8:-;9:-,1@4=1;1@5=1;2@8=1;4@4=1;5@5=1;6@2=1,"4,5,8,2",6,6,6,0,1.0,0.11328630092896985,0.25,0.06328630092896988,0.0,0.0,0.2,0.004405021667480469,Feasible
113,112,1,1,0,"ADD:1,9",0:3|4;1:4|5;2:1;3:8;4:0|4|6|9;5:8;6:1|2;7:2;8:-;9:-,0:3|4;1:4|5|9;2:1;3:8;4:0|4|6|9;5:8;6:1|2;7:2;8:-;9:-,1@0=1;1@2=4;1@8=1;1@9=1;2@3=2;3@4=1;5@6=2,"0,2,8,9,3,4,6",12,7,7,0,1.0,-0.09078654108022759,0.0,0.009213458919772422,0.0,0.0,0.1,0.0009837150573730469,Feasible
114,113,5,1,4,"ADD:5,1;REMOVE:0,4;REMOVE:1,9;REMOVE:6,2;REMOVE:7,2",0:3|4;1:4|5|9;2:1;3:8;4:0|4|6|9;5:8;6:1|2;7:2;8:-;9:-,0:3;1:4|5;2:1;3:8;4:0|4|6|9;5:1|8;6:1;7:-;8:-;9:-,1@2=1;1@3=1;1@4=1;1@5=1;1@6=1;1@8=1;2@9=1;5@2=1;5@4=1,"2,3,4,5,6,8,9",9,9,9,0,1.0,0.18964667058661275,0.26666666666666666,0.0229800039199461,0.0,0.0,0.1,0.00522923469543457,Feasible
115,114,3,2,1,"ADD:1,1;ADD:8,8;REMOVE:3,8",0:3;1:4|5;2:1;3:8;4:0|4|6|9;5:1|8;6:1;7:-;8:-;9:-,0:3;1:1|4|5;2:1;3:-;4:0|4|6|9;5:1|8;6:1;7:-;8:8;9:-,1@0=1;1@1=1;1@4=1;1@5=1;1@6=1;2@1=1;2@6=1;4@5=1;4@9=1;5@1=1;5@4=1;5@8=1,"0,1,4,5,6,9,8",12,12,12,0,1.0,-0.06307491734168152,0.08333333333333333,0.053591749324985144,0.0,0.0,0.2,0.0022580623626708984,Feasible
116,115,4,3,1,"ADD:1,3;ADD:2,0;ADD:3,5;REMOVE:5,8",0:3;1:1|4|5;2:1;3:-;4:0|4|6|9;5:1|8;6:1;7:-;8:8;9:-,0:3;1:1|3|4|5;2:0|1;3:5;4:0|4|6|9;5:1;6:1;7:-;8:8;9:-,1@0=2;1@1=1;1@2=1;1@3=2;1@9=1;2@0=1;2@1=2;3@5=1;4@1=1;4@9=1,"0,1,2,3,9,5",13,10,10,0,1.0,-0.1620620775580578,0.07692307692307693,0.06101484551886532,0.0,0.0,0.30000000000000004,0.0024662017822265625,Feasible
117,116,7,3,4,"ADD:2,5;ADD:6,0;ADD:8,6;REMOVE:0,3;REMOVE:1,1;REMOVE:4,4;REMOVE:4,9",0:3;1:1|3|4|5;2:0|1;3:5;4:0|4|6|9;5:1;6:1;7:-;8:8;9:-,0:-;1:3|4|5;2:0|1|5;3:5;4:0|6;5:1;6:0|1;7:-;8:6|8;9:-,1@0=1;1@2=2;1@4=1;2@2=1;4@7=1;4@8=1;6@0=1;6@1=1,"0,2,4,7,8,1",9,8,8,0,1.0,-0.0022090257890183262,0.26666666666666666,0.03112430754431503,0.0,0.0,0.30000000000000004,0.005774259567260742,Feasible
118,117,4,1,3,"ADD:2,9;REMOVE:2,1;REMOVE:5,1;REMOVE:6,1",0:-;1:3|4|5;2:0|1|5;3:5;4:0|6;5:1;6:0|1;7:-;8:6|8;9:-,0:-;1:3|4|5;2:0|5|9;3:5;4:0|6;5:-;6:0;7:-;8:6|8;9:-,1@2=2;1@4=1;4@5=1;4@9=1;6@2=1;6@5=1,"2,4,5,9",7,6,6,0,1.0,0.12767630962457344,0.21428571428571427,0.013390595338859172,0.0,0.0,0.1,0.003679037094116211,Feasible
119,118,3,2,1,"ADD:5,5;ADD:8,0;REMOVE:2,9",0:-;1:3|4|5;2:0|5|9;3:5;4:0|6;5:-;6:0;7:-;8:6|8;9:-,0:-;1:3|4|5;2:0|5;3:5;4:0|6;5:5;6:0;7:-;8:0|6|8;9:-,1@0=1;1@4=2;2@2=1;2@5=1;2@8=1;4@9=1;5@5=1,"0,4,2,5,8,9",8,7,7,0,1.0,-0.07065077923078875,0.08333333333333333,0.04601588743587793,0.0,0.0,0.2,0.0021660327911376953,Feasible
120,119,3,1,2,"ADD:7,8;REMOVE:3,5;REMOVE:8,0",0:-;1:3|4|5;2:0|5;3:5;4:0|6;5:5;6:0;7:-;8:0|6|8;9:-,0:-;1:3|4|5;2:0|5;3:-;4:0|6;5:5;6:0;7:8;8:6|8;9:-,1@3=1;1@4=1;1@6=1;1@7=1;2@3=1;2@7=1;2@5=1;2@8=1;4@6=2;4@8=1;6@0=1,"3,4,6,7,5,8,0",12,11,11,0,1.0,0.10444863754215691,0.15384615384615385,0.05060248369600307,0.0,0.0,0.1,0.0035970211029052734,Feasible
121,120,3,2,1,"ADD:0,3;ADD:2,1;REMOVE:4,6",0:-;1:3|4|5;2:0|5;3:-;4:0|6;5:5;6:0;7:8;8:6|8;9:-,0:3;1:3|4|5;2:0|1|5;3:-;4:0;5:5;6:0;7:8;8:6|8;9:-,1@2=1;1@4=1;1@5=1;2@2=1;2@0=1;2@1=1;4@7=2,"2,4,5,0,1,7",8,7,7,0,1.0,-0.0643589097960468,0.08333333333333333,0.05230775687061989,0.0,0.0,0.2,0.002382993698120117,Feasible
122,121,4,2,2,"ADD:5,4;ADD:8,0;REMOVE:1,3;REMOVE:7,8",0:3;1:3|4|5;2:0|1|5;3:-;4:0;5:5;6:0;7:8;8:6|8;9:-,0:3;1:4|5;2:0|1|5;3:-;4:0;5:4|5;6:0;7:-;8:0|6|8;9:-,1@5=1;1@6=1;1@8=2;2@6=1;2@2=1;4@2=1;4@0=1;5@2=1;5@4=1,"5,6,8,2,0,4",10,9,9,0,1.0,-0.015730377094364145,0.15384615384615385,0.030423469059481997,0.0,0.0,0.2,0.0032110214233398438,Feasible
123,122,8,2,6,"ADD:1,2;ADD:1,8;REMOVE:2,0;REMOVE:2,5;REMOVE:4,0;REMOVE:5,4;REMOVE:5,5;REMOVE:8,6",0:3;1:4|5;2:0|1|5;3:-;4:0;5:4|5;6:0;7:-;8:0|6|8;9:-,0:3;1:2|4|5|8;2:1;3:-;4:-;5:-;6:0;7:-;8:0|8;9:-,1@1=1;1@2=2;2@3=1;2@6=1;2@7=1,"1,2,3,6,7",6,5,5,0,1.0,0.28893429634379764,0.46153846153846156,0.027395834805336076,0.0,0.0,0.2,0.008894920349121094,Feasible
124,123,4,2,2,"ADD:3,5;ADD:4,2;REMOVE:1,4;REMOVE:8,8",0:3;1:2|4|5|8;2:1;3:-;4:-;5:-;6:0;7:-;8:0|8;9:-,0:3;1:2|5|8;2:1;3:5;4:2;5:-;6:0;7:-;8:0;9:-,1@2=1;1@3=1;4@2=1,"2,3",3,3,3,0,1.0,0.08480233181822983,0.2222222222222222,0.06258010959600761,0.0,0.0,0.2,0.0026390552520751953,Feasible
125,124,6,2,4,"ADD:5,3;ADD:7,2;REMOVE:0,3;REMOVE:1,2;REMOVE:3,5;REMOVE:8,0",0:3;1:2|5|8;2:1;3:5;4:2;5:-;6:0;7:-;8:0;9:-,0:-;1:5|8;2:1;3:-;4:2;5:3;6:0;7:2;8:-;9:-,1@1=1;1@4=1;1@5=1;1@6=1;1@8=1;2@6=2;2@8=1;6@5=1;6@0=1,"1,4,5,6,8,0",10,9,9,0,1.0,0.27551252361380035,0.4444444444444444,0.031068079169355965,0.0,0.0,0.2,0.005717039108276367,Feasible
126,125,5,4,1,"ADD:2,2;ADD:3,4;ADD:4,6;ADD:7,4;REMOVE:6,0",0:-;1:5|8;2:1;3:-;4:2;5:3;6:0;7:2;8:-;9:-,0:-;1:5|8;2:1|2;3:4;4:2|6;5:3;6:-;7:2|4;8:-;9:-,1@1=1;1@2=1;1@7=1;2@2=1;3@4=1;4@6=1;4@9=1,"1,2,7,4,6,9",7,7,7,0,1.0,-0.21855204908433823,0.14285714285714285,0.03859080805851894,0.0,0.0,0.4,0.003112316131591797,Feasible
127,126,6,1,5,"ADD:9,5;REMOVE:1,5;REMOVE:3,4;REMOVE:4,6;REMOVE:5,3;REMOVE:7,4",0:-;1:5|8;2:1|2;3:4;4:2|6;5:3;6:-;7:2|4;8:-;9:-,0:-;1:8;2:1|2;3:-;4:2;5:-;6:-;7:2;8:-;9:5,1@1=2;1@6=1;2@2=2;4@4=1,"1,6,2,4",6,4,4,0,1.0,0.4271638730177164,0.5,0.027163873017716375,0.0,0.0,0.1,0.00521397590637207,Feasible
128,127,1,1,0,"ADD:0,5",0:-;1:8;2:1|2;3:-;4:2;5:-;6:-;7:2;8:-;9:5,0:5;1:8;2:1|2;3:-;4:2;5:-;6:-;7:2;8:-;9:5,2@2=1;4@8=1,"2,8",2,2,2,0,1.0,-0.057600181685700455,0.0,0.04239981831429955,0.0,0.0,0.1,0.0009710788726806641,Feasible
129,128,3,3,0,"ADD:0,7;ADD:4,1;ADD:5,1",0:5;1:8;2:1|2;3:-;4:2;5:-;6:-;7:2;8:-;9:5,0:5|7;1:8;2:1|2;3:-;4:1|2;5:1;6:-;7:2;8:-;9:5,2@1=1;2@6=1;4@2=1;4@5=1;4@9=1;5@1=1;5@3=1;5@8=1,"1,6,2,5,9,3,8",8,8,8,0,1.0,-0.26760566681549003,0.0,0.032394333184509995,0.0,0.0,0.30000000000000004,0.002268075942993164,Feasible
130,129,3,2,1,"ADD:5,0;ADD:6,1;REMOVE:4,2",0:5|7;1:8;2:1|2;3:-;4:1|2;5:1;6:-;7:2;8:-;9:5,0:5|7;1:8;2:1|2;3:-;4:1;5:0|1;6:1;7:2;8:-;9:5,2@4=1;2@8=1;4@1=1;5@0=1,"4,8,1,0",4,4,4,0,1.0,-0.05654199790620423,0.1,0.04345800209379576,0.0,0.0,0.2,0.0019290447235107422,Feasible
131,130,5,2,3,"ADD:1,3;ADD:7,5;REMOVE:5,0;REMOVE:5,1;REMOVE:7,2",0:5|7;1:8;2:1|2;3:-;4:1;5:0|1;6:1;7:2;8:-;9:5,0:5|7;1:3|8;2:1|2;3:-;4:1;5:-;6:1;7:5;8:-;9:5,1@2=1;1@3=1;2@6=1,"2,3,6",3,3,3,0,1.0,0.11257293195128093,0.2727272727272727,0.039845659224008255,0.0,0.0,0.2,0.0032041072845458984,Feasible
132,131,4,3,1,"ADD:4,9;ADD:5,0;ADD:5,1;REMOVE:1,3",0:5|7;1:3|8;2:1|2;3:-;4:1;5:-;6:1;7:5;8:-;9:5,0:5|7;1:8;2:1|2;3:-;4:1|9;5:0|1;6:1;7:5;8:-;9:5,1@5=1;1@7=1;5@0=1;5@1=1;5@2=1,"5,7,0,1,2",5,5,5,0,1.0,-0.15568730398286185,0.1,0.04431269601713818,0.0,0.0,0.30000000000000004,0.002110004425048828,Feasible
133,132,7,5,2,"ADD:1,3;ADD:4,7;ADD:5,4;ADD:6,5;ADD:7,9;REMOVE:0,7;REMOVE:4,9",0:5|7;1:8;2:1|2;3:-;4:1|9;5:0|1;6:1;7:5;8:-;9:5,0:5;1:3|8;2:1|2;3:-;4:1|7;5:0|1|4;6:1|5;7:5|9;8:-;9:5,1@2=1;1@3=1;5@4=1;5@9=1;6@5=1,"2,3,4,9,5",5,5,5,0,1.0,-0.27518120306505206,0.16666666666666666,0.05815213026828129,0.0,0.0,0.5,0.0035979747772216797,Feasible
134,133,9,2,7,"ADD:1,0;ADD:8,9;REMOVE:0,5;REMOVE:4,1;REMOVE:5,0;REMOVE:5,1;REMOVE:5,4;REMOVE:6,1;REMOVE:7,5",0:5;1:3|8;2:1|2;3:-;4:1|7;5:0|1|4;6:1|5;7:5|9;8:-;9:5,0:-;1:0|3|8;2:1|2;3:-;4:7;5:-;6:5;7:9;8:9;9:5,1@0=1;1@4=1;2@2=1;6@3=1,"0,4,2,3",4,4,4,0,1.0,0.3143818825837286,0.4666666666666667,0.04771521591706197,0.0,0.0,0.2,0.006759166717529297,Feasible
135,134,8,3,5,"ADD:0,2;ADD:3,2;ADD:5,0;REMOVE:1,0;REMOVE:1,3;REMOVE:2,2;REMOVE:8,9;REMOVE:9,5",0:-;1:0|3|8;2:1|2;3:-;4:7;5:-;6:5;7:9;8:9;9:5,0:2;1:8;2:1;3:2;4:7;5:0;6:5;7:9;8:-;9:-,0@2=1;1@2=1;1@4=1;2@1=2;3@2=1;3@4=1;4@4=1;5@0=1;6@3=1;6@8=1,"2,4,1,0,3,8",11,10,10,0,1.0,0.24440543826429972,0.5,0.04440543826429979,0.0,0.0,0.30000000000000004,0.005941152572631836,Feasible
136,135,5,5,0,"ADD:0,9;ADD:1,3;ADD:2,4;ADD:5,1;ADD:5,4",0:2;1:8;2:1;3:2;4:7;5:0;6:5;7:9;8:-;9:-,0:2|9;1:3|8;2:1|4;3:2;4:7;5:0|1|4;6:5;7:9;8:-;9:-,1@1=1;1@2=1;1@3=1;1@8=1;2@4=1;4@0=1;4@7=1;5@1=1;5@3=1;5@4=1,"1,2,3,8,4,0,7",10,10,10,0,1.0,-0.4386268229254961,0.0,0.06137317707450388,0.0,0.0,0.5,0.0014138221740722656,Feasible
137,136,4,1,3,"ADD:4,5;REMOVE:0,2;REMOVE:1,3;REMOVE:7,9",0:2|9;1:3|8;2:1|4;3:2;4:7;5:0|1|4;6:5;7:9;8:-;9:-,0:9;1:8;2:1|4;3:2;4:5|7;5:0|1|4;6:5;7:-;8:-;9:-,1@8=1;2@2=1;4@1=1;5@9=1,"8,2,1,9",4,4,4,0,1.0,0.15107607001724252,0.23076923076923078,0.020306839248011743,0.0,0.0,0.1,0.0035288333892822266,Feasible
138,137,4,3,1,"ADD:1,9;ADD:2,8;ADD:4,4;REMOVE:5,1",0:9;1:8;2:1|4;3:2;4:5|7;5:0|1|4;6:5;7:-;8:-;9:-,0:9;1:8|9;2:1|4|8;3:2;4:4|5|7;5:0|4;6:5;7:-;8:-;9:-,1@6=1;1@9=1;3@7=1;4@0=1;5@4=1,"6,9,7,0,4",5,5,5,0,1.0,-0.1656447622801395,0.09090909090909091,0.04344614681076963,0.0,0.0,0.30000000000000004,0.002814054489135742,Feasible
139,138,6,3,3,"ADD:1,0;ADD:2,5;ADD:6,1;REMOVE:0,9;REMOVE:5,0;REMOVE:5,4",0:9;1:8|9;2:1|4|8;3:2;4:4|5|7;5:0|4;6:5;7:-;8:-;9:-,0:-;1:0|8|9;2:1|4|5|8;3:2;4:4|5|7;5:-;6:1|5;7:-;8:-;9:-,1@0=1;1@2=1;1@4=1;4@5=1;6@1=1,"0,2,4,5,1",5,5,5,0,1.0,-0.01598339005656202,0.23076923076923078,0.05324737917420723,0.0,0.0,0.30000000000000004,0.0036308765411376953,Feasible
140,139,2,2,0,"ADD:0,3;ADD:7,8",0:-;1:0|8|9;2:1|4|5|8;3:2;4:4|5|7;5:-;6:1|5;7:-;8:-;9:-,0:3;1:0|8|9;2:1|4|5|8;3:2;4:4|5|7;5:-;6:1|5;7:8;8:-;9:-,2@7=1;7@8=1,"7,8",2,2,2,0,1.0,-0.14734580847037193,0.0,0.05265419152962807,0.0,0.0,0.2,0.0009620189666748047,Feasible
141,140,1,1,0,"ADD:1,5",0:3;1:0|8|9;2:1|4|5|8;3:2;4:4|5|7;5:-;6:1|5;7:8;8:-;9:-,0:3;1:0|5|8|9;2:1|4|5|8;3:2;4:4|5|7;5:-;6:1|5;7:8;8:-;9:-,1@2=1;1@3=1;1@8=1;2@4=1,"2,3,8,4",4,4,4,0,1.0,-0.05178985378480415,0.0,0.048210146215195857,0.0,0.0,0.1,0.0010669231414794922,Feasible
142,141,11,2,9,"ADD:0,4;ADD:5,0;REMOVE:0,3;REMOVE:1,5;REMOVE:1,8;REMOVE:2,4;REMOVE:2,5;REMOVE:2,8;REMOVE:4,4;REMOVE:4,5;REMOVE:6,1",0:3;1:0|5|8|9;2:1|4|5|8;3:2;4:4|5|7;5:-;6:1|5;7:8;8:-;9:-,0:4;1:0|9;2:1;3:2;4:7;5:0;6:5;7:8;8:-;9:-,1@2=1;1@9=1;2@3=1;3@7=1;5@0=1,"2,9,3,7,0",5,5,5,0,1.0,0.4038194959647006,0.5625,0.04131949596470065,0.0,0.0,0.2,0.01064300537109375,Feasible
143,142,6,2,4,"ADD:1,8;ADD:3,3;REMOVE:2,1;REMOVE:3,2;REMOVE:6,5;REMOVE:7,8",0:4;1:0|9;2:1;3:2;4:7;5:0;6:5;7:8;8:-;9:-,0:4;1:0|8|9;2:-;3:3;4:7;5:0;6:-;7:-;8:-;9:-,1@6=1;1@8=1;4@8=1,"6,8",3,3,3,0,1.0,0.2830677459760248,0.4444444444444444,0.03862330153158037,0.0,0.0,0.2,0.0038728713989257812,Feasible
144,143,3,3,0,"ADD:2,2;ADD:6,3;ADD:7,5",0:4;1:0|8|9;2:-;3:3;4:7;5:0;6:-;7:-;8:-;9:-,0:4;1:0|8|9;2:2;3:3;4:7;5:0;6:3;7:5;8:-;9:-,1@3=1;2@2=1;2@5=1;6@3=1;6@2=1,"3,2,5",5,5,5,0,1.0,-0.25918620498749323,0.0,0.04081379501250682,0.0,0.0,0.30000000000000004,0.0010721683502197266,Feasible
145,144,6,3,3,"ADD:1,5;ADD:7,0;ADD:8,0;REMOVE:1,9;REMOVE:3,3;REMOVE:6,3",0:4;1:0|8|9;2:2;3:3;4:7;5:0;6:3;7:5;8:-;9:-,0:4;1:0|5|8;2:2;3:-;4:7;5:0;6:-;7:0|5;8:0;9:-,2@0=1;2@8=1;4@4=1,"0,8,4",3,3,3,0,1.0,-5.551115123125783e-17,0.3,0.0,0.0,0.0,0.30000000000000004,0.005022287368774414,Feasible
146,145,2,1,1,"ADD:8,9;REMOVE:1,0",0:4;1:0|5|8;2:2;3:-;4:7;5:0;6:-;7:0|5;8:0;9:-,0:4;1:5|8;2:2;3:-;4:7;5:0;6:-;7:0|5;8:0|9;9:-,4@1=1,1,1,1,1,0,1.0,0.0,0.1,0.0,0.0,0.0,0.1,0.0016667842864990234,Feasible
147,146,4,1,3,"ADD:1,6;REMOVE:0,4;REMOVE:1,5;REMOVE:8,9",0:4;1:5|8;2:2;3:-;4:7;5:0;6:-;7:0|5;8:0|9;9:-,0:-;1:6|8;2:2;3:-;4:7;5:0;6:-;7:0|5;8:0;9:-,1@4=1;2@5=1;2@9=1;4@4=1;5@2=1,"4,5,9,2",5,5,5,0,1.0,0.19999999999999998,0.3,0.0,0.0,0.0,0.1,0.003573894500732422,Feasible
148,147,5,4,1,"ADD:1,0;ADD:1,3;ADD:5,1;ADD:6,0;REMOVE:7,0",0:-;1:6|8;2:2;3:-;4:7;5:0;6:-;7:0|5;8:0;9:-,0:-;1:0|3|6|8;2:2;3:-;4:7;5:0|1;6:0;7:5;8:0;9:-,1@0=1;1@2=1;1@6=2;5@1=1;6@0=1,"0,2,6,1",6,5,5,0,1.0,-0.1931336743275652,0.125,0.08186632567243482,0.0,0.0,0.4,0.0037031173706054688,Feasible
149,148,5,2,3,"ADD:2,6;ADD:5,6;REMOVE:1,8;REMOVE:6,0;REMOVE:7,5",0:-;1:0|3|6|8;2:2;3:-;4:7;5:0|1;6:0;7:5;8:0;9:-,0:-;1:0|3|6;2:2|6;3:-;4:7;5:0|1|6;6:-;7:-;8:0;9:-,2@0=1;2@6=1;4@7=1;5@2=1;5@4=1;5@9=1,"0,6,7,2,4,9",6,6,6,0,1.0,0.10575287961489743,0.2727272727272727,0.03302560688762476,0.0,0.0,0.2,0.003941059112548828,Feasible
150,149,2,1,1,"ADD:6,7;REMOVE:1,3",0:-;1:0|3|6;2:2|6;3:-;4:7;5:0|1|6;6:-;7:-;8:0;9:-,0:-;1:0|6;2:2|6;3:-;4:7;5:0|1|6;6:7;7:-;8:0;9:-,1@4=1;1@6=1;2@4=1;4@1=1,"4,6,1",4,4,4,0,1.0,0.022121279398639643,0.1,0.022121279398639636,0.0,0.0,0.1,0.0019059181213378906,Feasible
151,150,2,1,1,"ADD:7,5;REMOVE:8,0",0:-;1:0|6;2:2|6;3:-;4:7;5:0|1|6;6:7;7:-;8:0;9:-,0:-;1:0|6;2:2|6;3:-;4:7;5:0|1|6;6:7;7:5;8:-;9:-,1@2=1;1@8=1;2@5=1;4@1=1;4@7=1;4@9=1;5@2=1;6@4=1,"2,8,5,1,7,9,4",8,8,8,0,1.0,0.013694993111697765,0.1,0.013694993111697768,0.0,0.0,0.1,0.002213001251220703,Feasible
152,151,2,2,0,"ADD:3,5;ADD:3,9",0:-;1:0|6;2:2|6;3:-;4:7;5:0|1|6;6:7;7:5;8:-;9:-,0:-;1:0|6;2:2|6;3:5|9;4:7;5:0|1|6;6:7;7:5;8:-;9:-,1@1=1;1@2=1;2@1=1;3@5=2;4@2=1;5@8=1;6@4=1,"1,2,5,8,4",8,7,7,0,1.0,-0.17814543331171967,0.0,0.021854566688280327,0.0,0.0,0.2,0.0011649131774902344,Feasible
153,152,0,0,0,-,0:-;1:0|6;2:2|6;3:5|9;4:7;5:0|1|6;6:7;7:5;8:-;9:-,0:-;1:0|6;2:2|6;3:5|9;4:7;5:0|1|6;6:7;7:5;8:-;9:-,1@0=1;1@1=1;4@3=1;4@4=1,"0,1,3,4",4,4,4,0,1.0,0.025340403032753513,0.0,0.025340403032753513,0.0,0.0,0.0,0.0018513202667236328,Feasible
154,153,3,2,1,"ADD:2,9;ADD:6,5;REMOVE:7,5",0:-;1:0|6;2:2|6;3:5|9;4:7;5:0|1|6;6:7;7:5;8:-;9:-,0:-;1:0|6;2:2|6|9;3:5|9;4:7;5:0|1|6;6:5|7;7:-;8:-;9:-,1@4=1;1@6=1;1@7=1;1@8=1;1@9=1;2@4=2;2@8=1;3@9=1;5@5=1;6@4=2;6@5=1;6@0=1,"4,6,7,8,9,5,0",14,12,12,0,1.0,-0.09751914226039839,0.08333333333333333,0.019147524406268296,0.0,0.0,0.2,0.002298116683959961,Feasible
155,154,6,2,4,"ADD:2,1;ADD:4,9;REMOVE:3,5;REMOVE:3,9;REMOVE:5,0;REMOVE:6,5",0:-;1:0|6;2:2|6|9;3:5|9;4:7;5:0|1|6;6:5|7;7:-;8:-;9:-,0:-;1:0|6;2:1|2|6|9;3:-;4:7|9;5:1|6;6:7;7:-;8:-;9:-,1@0=1;1@8=1;1@9=1;2@0=1;2@1=1;2@2=1;4@0=1;4@2=1;4@3=1,"0,8,9,1,2,3",9,9,9,0,1.0,0.14182950653202325,0.3076923076923077,0.034137198839715555,0.0,0.0,0.2,0.0056247711181640625,Feasible
156,155,2,1,1,"ADD:5,2;REMOVE:4,9",0:-;1:0|6;2:1|2|6|9;3:-;4:7|9;5:1|6;6:7;7:-;8:-;9:-,0:-;1:0|6;2:1|2|6|9;3:-;4:7;5:1|2|6;6:7;7:-;8:-;9:-,1@1=2;1@2=1;1@7=1;1@8=1;4@6=1,"1,2,7,8,6",6,5,5,0,1.0,-0.009090909090909094,0.09090909090909091,0.0,0.0,0.0,0.1,0.0019729137420654297,Feasible
157,156,6,1,5,"ADD:2,8;REMOVE:2,1;REMOVE:2,2;REMOVE:2,6;REMOVE:2,9;REMOVE:5,6",0:-;1:0|6;2:1|2|6|9;3:-;4:7;5:1|2|6;6:7;7:-;8:-;9:-,0:-;1:0|6;2:8;3:-;4:7;5:1|2;6:7;7:-;8:-;9:-,4@1=2,1,2,1,1,0,1.0,0.3545454545454545,0.45454545454545453,0.0,0.0,0.0,0.1,0.004514217376708984,Feasible
158,157,4,2,2,"ADD:1,8;ADD:2,0;REMOVE:1,6;REMOVE:5,2",0:-;1:0|6;2:8;3:-;4:7;5:1|2;6:7;7:-;8:-;9:-,0:-;1:0|8;2:0|8;3:-;4:7;5:1;6:7;7:-;8:-;9:-,1@0=2;2@0=1;4@2=1,"0,2",4,3,3,0,1.0,0.15094120499668867,0.2857142857142857,0.06522691928240297,0.0,0.0,0.2,0.0024890899658203125,Feasible
159,158,5,2,3,"ADD:3,6;ADD:4,1;REMOVE:1,8;REMOVE:2,8;REMOVE:5,1",0:-;1:0|8;2:0|8;3:-;4:7;5:1;6:7;7:-;8:-;9:-,0:-;1:0;2:0;3:6;4:1|7;5:-;6:7;7:-;8:-;9:-,2@2=1;4@7=1,"2,7",2,2,2,0,1.0,0.26985313304205716,0.42857142857142855,0.04128170447062863,0.0,0.0,0.2,0.003988027572631836,Feasible
160,159,5,3,2,"ADD:0,4;ADD:1,8;ADD:4,5;REMOVE:3,6;REMOVE:6,7",0:-;1:0;2:0;3:6;4:1|7;5:-;6:7;7:-;8:-;9:-,0:4;1:0|8;2:0;3:-;4:1|5|7;5:-;6:-;7:-;8:-;9:-,1@2=1;1@5=1;1@8=1;2@7=1;4@5=1;4@3=1,"2,5,8,7,3",6,6,6,0,1.0,0.0696529852001907,0.3333333333333333,0.03631965186685741,0.0,0.0,0.30000000000000004,0.0046460628509521484,Feasible
161,160,6,4,2,"ADD:1,3;ADD:2,3;ADD:3,0;ADD:6,1;REMOVE:0,4;REMOVE:4,1",0:4;1:0|8;2:0;3:-;4:1|5|7;5:-;6:-;7:-;8:-;9:-,0:-;1:0|3|8;2:0|3;3:0;4:5|7;5:-;6:1;7:-;8:-;9:-,1@3=1;1@4=1;1@6=1;1@8=1;2@3=1;2@7=2;4@0=1;4@5=1;6@1=1,"3,4,6,8,7,0,5,1",10,9,9,0,1.0,-0.06157819694205002,0.2857142857142857,0.05270751734366433,0.0,0.0,0.4,0.0035648345947265625,Feasible
162,161,3,1,2,"ADD:9,6;REMOVE:1,8;REMOVE:4,5",0:-;1:0|3|8;2:0|3;3:0;4:5|7;5:-;6:1;7:-;8:-;9:-,0:-;1:0|3;2:0|3;3:0;4:7;5:-;6:1;7:-;8:-;9:6,1@9=2;2@1=1;2@2=1;4@9=1;4@4=2,"9,1,2,4",7,5,5,0,1.0,0.1222222222222222,0.2222222222222222,0.0,0.0,0.0,0.1,0.0028297901153564453,Feasible
163,162,3,1,2,"ADD:5,9;REMOVE:1,0;REMOVE:4,7",0:-;1:0|3;2:0|3;3:0;4:7;5:-;6:1;7:-;8:-;9:6,0:-;1:3;2:0|3;3:0;4:-;5:9;6:1;7:-;8:-;9:6,1@9=1;5@3=1,"9,3",2,2,2,0,1.0,0.15,0.25,0.0,0.0,0.0,0.1,0.002599000930786133,Feasible
164,163,5,5,0,"ADD:1,6;ADD:2,4;ADD:3,3;ADD:4,0;ADD:5,0",0:-;1:3;2:0|3;3:0;4:-;5:9;6:1;7:-;8:-;9:6,0:-;1:3|6;2:0|3|4;3:0|3;4:0;5:0|9;6:1;7:-;8:-;9:6,1@1=1;1@3=1;1@6=1;1@9=1;2@4=1;4@0=1;5@0=1;5@2=1,"1,3,6,9,4,0,2",8,8,8,0,1.0,-0.4369178539685633,0.0,0.06308214603143672,0.0,0.0,0.5,0.0014328956604003906,Feasible
165,164,0,0,0,-,0:-;1:3|6;2:0|3|4;3:0|3;4:0;5:0|9;6:1;7:-;8:-;9:6,0:-;1:3|6;2:0|3|4;3:0|3;4:0;5:0|9;6:1;7:-;8:-;9:6,1@1=1;1@7=1;1@9=1;2@7=1;3@7=1;5@9=1;5@3=1;6@6=1,"1,7,9,3,6",8,8,8,0,1.0,0.01358694830222952,0.0,0.01358694830222952,0.0,0.0,0.0,0.0009310245513916016,Feasible
166,165,9,1,8,"ADD:5,4;REMOVE:1,3;REMOVE:1,6;REMOVE:2,3;REMOVE:2,4;REMOVE:3,0;REMOVE:3,3;REMOVE:6,1;REMOVE:9,6",0:-;1:3|6;2:0|3|4;3:0|3;4:0;5:0|9;6:1;7:-;8:-;9:6,0:-;1:-;2:0;3:-;4:0;5:0|4|9;6:-;7:-;8:-;9:-,2@2=2;4@7=1;5@4=1;5@8=1,"2,7,4,8",5,4,4,0,1.0,0.5834931393471884,0.6666666666666666,0.016826472680521752,0.0,0.0,0.1,0.009173870086669922,Feasible
167,166,4,3,1,"ADD:0,8;ADD:1,2;ADD:8,8;REMOVE:4,0",0:-;1:-;2:0;3:-;4:0;5:0|4|9;6:-;7:-;8:-;9:-,0:8;1:2;2:0;3:-;4:-;5:0|4|9;6:-;7:-;8:8;9:-,0@8=1;1@2=1;1@9=1;2@2=1,"8,2,9",4,4,4,0,1.0,-0.04709510619730661,0.2,0.052904893802693406,0.0,0.0,0.30000000000000004,0.0018341541290283203,Feasible
168,167,6,3,3,"ADD:0,0;ADD:4,4;ADD:6,9;REMOVE:0,8;REMOVE:5,0;REMOVE:5,9",0:8;1:2;2:0;3:-;4:-;5:0|4|9;6:-;7:-;8:8;9:-,0:0;1:2;2:0;3:-;4:4;5:4;6:9;7:-;8:8;9:-,1@4=1;2@2=1;4@4=1;4@7=2;5@6=1;6@9=1,"4,2,7,6,9",7,6,6,0,1.0,0.15484807364889708,0.42857142857142855,0.026276645077468595,0.0,0.0,0.30000000000000004,0.003843069076538086,Feasible
169,168,5,4,1,"ADD:1,7;ADD:2,4;ADD:3,5;ADD:5,3;REMOVE:0,0",0:0;1:2;2:0;3:-;4:4;5:4;6:9;7:-;8:8;9:-,0:-;1:2|7;2:0|4;3:5;4:4;5:3|4;6:9;7:-;8:8;9:-,1@4=2;1@7=1;2@4=1;3@5=1;4@4=1;4@2=2;5@3=1;5@8=1;6@2=1,"4,7,5,2,3,8",11,9,9,0,1.0,-0.21022977075401994,0.14285714285714285,0.04691308638883724,0.0,0.0,0.4,0.0021026134490966797,Feasible
170,169,3,2,1,"ADD:2,1;ADD:4,8;REMOVE:1,2",0:-;1:2|7;2:0|4;3:5;4:4;5:3|4;6:9;7:-;8:8;9:-,0:-;1:7;2:0|1|4;3:5;4:4|8;5:3|4;6:9;7:-;8:8;9:-,1@4=1;2@0=1;2@1=1;2@2=1;2@8=1;3@5=1;4@5=1;6@3=1,"4,0,1,2,8,5,3",8,8,8,0,1.0,-0.062141276364832326,0.1,0.03785872363516768,0.0,0.0,0.2,0.002171754837036133,Feasible
171,170,4,2,2,"ADD:2,6;ADD:7,8;REMOVE:4,4;REMOVE:5,3",0:-;1:7;2:0|1|4;3:5;4:4|8;5:3|4;6:9;7:-;8:8;9:-,0:-;1:7;2:0|1|4|6;3:5;4:8;5:4;6:9;7:8;8:8;9:-,1@1=1;1@2=1;1@4=2;1@8=1;2@4=1;2@0=1;2@9=1;4@2=1;4@4=2;5@4=2;7@8=1,"1,2,4,8,0,9",14,11,11,0,1.0,0.02126036881727733,0.18181818181818182,0.03944218699909552,0.0,0.0,0.2,0.0030448436737060547,Feasible
172,171,9,2,7,"ADD:0,4;ADD:4,9;REMOVE:2,0;REMOVE:2,1;REMOVE:2,6;REMOVE:3,5;REMOVE:5,4;REMOVE:7,8;REMOVE:8,8",0:-;1:7;2:0|1|4|6;3:5;4:8;5:4;6:9;7:8;8:8;9:-,0:4;1:7;2:4;3:-;4:8|9;5:-;6:9;7:-;8:-;9:-,0@4=1;1@7=1;1@8=1;2@6=1;4@9=1;6@9=1,"4,7,8,6,9",6,6,6,0,1.0,0.5073310042246233,0.6363636363636364,0.07096736786098688,0.0,0.0,0.2,0.009649038314819336,Feasible
173,172,8,4,4,"ADD:3,8;ADD:5,2;ADD:5,6;ADD:6,7;REMOVE:0,4;REMOVE:1,7;REMOVE:4,9;REMOVE:6,9",0:4;1:7;2:4;3:-;4:8|9;5:-;6:9;7:-;8:-;9:-,0:-;1:-;2:4;3:8;4:8;5:2|6;6:7;7:-;8:-;9:-,3@8=1;4@1=1;4@6=1;5@6=1;5@2=1,"8,1,6,2",5,5,5,0,1.0,0.32337702122193035,0.6666666666666666,0.05671035455526372,0.0,0.0,0.4,0.010728836059570312,Feasible
174,173,5,5,0,"ADD:0,7;ADD:1,1;ADD:1,2;ADD:3,4;ADD:4,9",0:-;1:-;2:4;3:8;4:8;5:2|6;6:7;7:-;8:-;9:-,0:7;1:1|2;2:4;3:4|8;4:8|9;5:2|6;6:7;7:-;8:-;9:-,1@1=1;1@2=2;4@2=1;4@9=1;5@1=1;5@2=2;6@9=1,"1,2,9",9,7,7,0,1.0,-0.4317201482963193,0.0,0.06827985170368073,0.0,0.0,0.5,0.002209186553955078,Feasible
175,174,2,2,0,"ADD:2,9;ADD:8,8",0:7;1:1|2;2:4;3:4|8;4:8|9;5:2|6;6:7;7:-;8:-;9:-,0:7;1:1|2;2:4|9;3:4|8;4:8|9;5:2|6;6:7;7:-;8:8;9:-,0@1=1;1@4=1;1@9=2;2@9=1;2@7=2;4@1=1;4@4=1;4@2=1;5@4=3;5@7=1;6@1=1;6@3=1,"1,4,9,7,2,3",16,12,12,0,1.0,-0.1927843013019446,0.0,0.007215698698055403,0.0,0.0,0.2,0.0014379024505615234,Feasible
176,175,1,1,0,"ADD:7,1",0:7;1:1|2;2:4|9;3:4|8;4:8|9;5:2|6;6:7;7:-;8:8;9:-,0:7;1:1|2;2:4|9;3:4|8;4:8|9;5:2|6;6:7;7:1;8:8;9:-,1@2=1;1@7=1;1@9=1;2@2=1;2@7=1;2@9=1;4@1=1;4@8=1;6@0=1,"2,7,9,1,8,0",9,9,9,0,1.0,-0.0705038954166876,0.0,0.029496104583312407,0.0,0.0,0.1,0.0014920234680175781,Feasible
177,176,3,1,2,"ADD:0,2;REMOVE:2,9;REMOVE:4,9",0:7;1:1|2;2:4|9;3:4|8;4:8|9;5:2|6;6:7;7:1;8:8;9:-,0:2|7;1:1|2;2:4;3:4|8;4:8;5:2|6;6:7;7:1;8:8;9:-,1@0=1;1@2=1;1@8=1;4@8=1,"0,2,8",4,4,4,0,1.0,0.08974600319200199,0.14285714285714285,0.04688886033485915,0.0,0.0,0.1,0.002888917922973633,Feasible
178,177,9,2,7,"ADD:4,0;ADD:8,0;REMOVE:0,7;REMOVE:1,1;REMOVE:2,4;REMOVE:3,8;REMOVE:6,7;REMOVE:7,1;REMOVE:8,8",0:2|7;1:1|2;2:4;3:4|8;4:8;5:2|6;6:7;7:1;8:8;9:-,0:2;1:2;2:-;3:4;4:0|8;5:2|6;6:-;7:-;8:0;9:-,1@2=1;4@0=1;4@5=1;4@8=1;5@2=1;5@7=1,"2,0,5,8,7",6,6,6,0,1.0,0.4049609566188906,0.5384615384615384,0.06649941815735215,0.0,0.0,0.2,0.008023977279663086,Feasible
179,178,2,1,1,"ADD:1,9;REMOVE:0,2",0:2;1:2;2:-;3:4;4:0|8;5:2|6;6:-;7:-;8:0;9:-,0:-;1:2|9;2:-;3:4;4:0|8;5:2|6;6:-;7:-;8:0;9:-,1@1=1;1@4=2;1@8=1;4@2=1;5@4=1;5@6=1,"1,4,8,2,6",7,6,6,0,1.0,0.03698737813639941,0.125,0.011987378136399407,0.0,0.0,0.1,0.00395512580871582,Feasible
180,179,4,1,3,"ADD:4,9;REMOVE:1,2;REMOVE:4,0;REMOVE:5,2",0:-;1:2|9;2:-;3:4;4:0|8;5:2|6;6:-;7:-;8:0;9:-,0:-;1:9;2:-;3:4;4:8|9;5:6;6:-;7:-;8:0;9:-,4@1=1;4@8=1,"1,8",2,2,2,0,1.0,0.32523722791604603,0.375,0.05023722791604599,0.0,0.0,0.1,0.006228923797607422,Feasible
181,180,8,4,4,"ADD:1,0;ADD:2,2;ADD:5,2;ADD:7,2;REMOVE:3,4;REMOVE:4,8;REMOVE:4,9;REMOVE:8,0",0:-;1:9;2:-;3:4;4:8|9;5:6;6:-;7:-;8:0;9:-,0:-;1:0|9;2:2;3:-;4:-;5:2|6;6:-;7:2;8:-;9:-,1@0=1;1@2=1;1@6=1;2@2=1;2@3=1;5@2=1,"0,2,6,3",6,6,6,0,1.0,0.31654758636398084,0.6666666666666666,0.04988091969731423,0.0,0.0,0.4,0.008350133895874023,Feasible
182,181,6,4,2,"ADD:0,0;ADD:4,3;ADD:4,8;ADD:6,1;REMOVE:1,9;REMOVE:7,2",0:-;1:0|9;2:2;3:-;4:-;5:2|6;6:-;7:2;8:-;9:-,0:0;1:0;2:2;3:-;4:3|8;5:2|6;6:1;7:-;8:-;9:-,2@9=1;4@3=1;4@5=1;4@8=1;5@9=1;5@8=2;6@1=1,"9,3,5,8,1",8,7,7,0,1.0,-0.025983176917433293,0.3333333333333333,0.040683489749233394,0.0,0.0,0.4,0.004812002182006836,Feasible
183,182,5,3,2,"ADD:3,2;ADD:6,4;ADD:9,3;REMOVE:1,0;REMOVE:4,3",0:0;1:0;2:2;3:-;4:3|8;5:2|6;6:1;7:-;8:-;9:-,0:0;1:-;2:2;3:2;4:8;5:2|6;6:1|4;7:-;8:-;9:3,2@4=1;3@2=1;4@7=1;5@6=1;5@8=2;6@4=1,"4,2,7,6,8",7,6,6,0,1.0,-0.005908681894693846,0.25,0.044091318105306206,0.0,0.0,0.30000000000000004,0.006011962890625,Feasible
184,183,2,2,0,"ADD:0,3;ADD:2,8",0:0;1:-;2:2;3:2;4:8;5:2|6;6:1|4;7:-;8:-;9:3,0:0|3;1:-;2:2|8;3:2;4:8;5:2|6;6:1|4;7:-;8:-;9:3,0@3=1;2@3=1;2@2=1;2@8=1;4@1=1;5@2=1;5@4=1,"3,2,8,1,4",7,7,7,0,1.0,-0.14289074793709328,0.0,0.05710925206290674,0.0,0.0,0.2,0.0019369125366210938,Feasible
185,184,10,3,7,"ADD:1,7;ADD:2,5;ADD:7,4;REMOVE:0,0;REMOVE:0,3;REMOVE:2,2;REMOVE:2,8;REMOVE:3,2;REMOVE:4,8;REMOVE:9,3",0:0|3;1:-;2:2|8;3:2;4:8;5:2|6;6:1|4;7:-;8:-;9:3,0:-;1:7;2:5;3:-;4:-;5:2|6;6:1|4;7:4;8:-;9:-,1@7=1;5@7=1;5@2=1;5@6=1;6@2=1;6@1=1;7@4=1,"7,2,6,1,4",7,7,7,0,1.0,0.41005348228720573,0.6363636363636364,0.07368984592356943,0.0,0.0,0.30000000000000004,0.008839130401611328,Feasible
186,185,5,3,2,"ADD:0,9;ADD:4,1;ADD:8,8;REMOVE:1,7;REMOVE:7,4",0:-;1:7;2:5;3:-;4:-;5:2|6;6:1|4;7:4;8:-;9:-,0:9;1:-;2:5;3:-;4:1;5:2|6;6:1|4;7:-;8:8;9:-,0@9=1;4@1=1;5@0=1;6@1=1;6@4=1;6@6=1,"9,1,0,4,6",6,6,6,0,1.0,0.048264445200321526,0.2857142857142857,0.06255015948603589,0.0,0.0,0.30000000000000004,0.0029549598693847656,Feasible
187,186,6,2,4,"ADD:1,2;ADD:4,0;REMOVE:2,5;REMOVE:5,6;REMOVE:6,4;REMOVE:8,8",0:9;1:-;2:5;3:-;4:1;5:2|6;6:1|4;7:-;8:8;9:-,0:9;1:2;2:-;3:-;4:0|1;5:2;6:1;7:-;8:-;9:-,4@0=1,0,1,1,1,0,1.0,0.41131145841507516,0.5,0.11131145841507514,0.0,0.0,0.2,0.004973888397216797,Feasible
188,187,3,1,2,"ADD:6,0;REMOVE:1,2;REMOVE:5,2",0:9;1:2;2:-;3:-;4:0|1;5:2;6:1;7:-;8:-;9:-,0:9;1:-;2:-;3:-;4:0|1;5:-;6:0|1;7:-;8:-;9:-,4@0=1;4@1=1;4@3=1;4@7=1,"0,1,3,7",4,4,4,0,1.0,0.2821382098351919,0.3333333333333333,0.04880487650185857,0.0,0.0,0.1,0.0047550201416015625,Feasible
189,188,3,2,1,"ADD:0,4;ADD:1,7;REMOVE:4,0",0:9;1:-;2:-;3:-;4:0|1;5:-;6:0|1;7:-;8:-;9:-,0:4|9;1:7;2:-;3:-;4:1;5:-;6:0|1;7:-;8:-;9:-,0@4=1;4@1=1,"4,1",2,2,2,0,1.0,0.11172364734169321,0.2,0.11172364734169324,0.0,0.0,0.2,0.0019779205322265625,Feasible
190,189,6,6,0,"ADD:1,5;ADD:3,2;ADD:4,2;ADD:5,9;ADD:6,4;ADD:9,2",0:4|9;1:7;2:-;3:-;4:1;5:-;6:0|1;7:-;8:-;9:-,0:4|9;1:5|7;2:-;3:2;4:1|2;5:9;6:0|1|4;7:-;8:-;9:2,0@3=1;1@5=1;3@2=1;4@2=2;5@9=1;6@0=1;6@4=1,"3,5,2,9,0,4",8,7,7,0,1.0,-0.5159919497751512,0.0,0.08400805022484878,0.0,0.0,0.6,0.0031499862670898438,Feasible
191,190,2,2,0,"ADD:2,1;ADD:8,9",0:4|9;1:5|7;2:-;3:2;4:1|2;5:9;6:0|1|4;7:-;8:-;9:2,0:4|9;1:5|7;2:1;3:2;4:1|2;5:9;6:0|1|4;7:-;8:9;9:2,1@1=1;1@2=1;1@6=1;2@1=1;4@9=1;5@7=1;6@4=2,"1,2,6,9,7,4",8,7,7,0,1.0,-0.16179747476633044,0.0,0.038202525233669585,0.0,0.0,0.2,0.0012509822845458984,Feasible
192,191,9,3,6,"ADD:2,2;ADD:3,6;ADD:5,6;REMOVE:0,9;REMOVE:1,5;REMOVE:6,0;REMOVE:6,4;REMOVE:8,9;REMOVE:9,2",0:4|9;1:5|7;2:1;3:2;4:1|2;5:9;6:0|1|4;7:-;8:9;9:2,0:4;1:7;2:1|2;3:2|6;4:1|2;5:6|9;6:1;7:-;8:-;9:-,1@1=1;1@2=2;1@3=1;1@8=1;2@1=2;2@2=2;2@8=1;3@2=1;3@6=1;3@7=1;4@6=1;4@4=1;4@5=1;5@4=1,"1,2,3,8,6,7,4,5",17,14,14,0,1.0,0.1632737894105129,0.42857142857142855,0.0347023608390844,0.0,0.0,0.30000000000000004,0.008147001266479492,Feasible
193,192,6,1,5,"ADD:8,3;REMOVE:0,4;REMOVE:2,1;REMOVE:3,6;REMOVE:4,1;REMOVE:6,1",0:4;1:7;2:1|2;3:2|6;4:1|2;5:6|9;6:1;7:-;8:-;9:-,0:-;1:7;2:2;3:2;4:2;5:6|9;6:-;7:-;8:3;9:-,1@3=1;2@5=1;3@2=1;4@8=1;5@3=1;5@1=1,"3,5,2,8,1",6,6,6,0,1.0,0.36924964832243845,0.45454545454545453,0.01470419377698398,0.0,0.0,0.1,0.007554054260253906,Feasible
194,193,7,3,4,"ADD:1,5;ADD:2,1;ADD:4,1;REMOVE:3,2;REMOVE:4,2;REMOVE:5,9;REMOVE:8,3",0:-;1:7;2:2;3:2;4:2;5:6|9;6:-;7:-;8:3;9:-,0:-;1:5|7;2:1|2;3:-;4:1;5:6;6:-;7:-;8:-;9:-,1@1=1;2@1=1;4@6=1;5@8=1,"1,6,8",4,4,4,0,1.0,0.30052395054221126,0.5714285714285714,0.029095379113639918,0.0,0.0,0.30000000000000004,0.005347013473510742,Feasible
195,194,6,3,3,"ADD:0,5;ADD:6,4;ADD:9,0;REMOVE:1,7;REMOVE:2,2;REMOVE:5,6",0:-;1:5|7;2:1|2;3:-;4:1;5:6;6:-;7:-;8:-;9:-,0:5;1:5;2:1;3:-;4:1;5:-;6:4;7:-;8:-;9:0,0@5=1;0@8=1;1@0=1;2@1=1;2@9=1;4@6=1;6@4=1;6@7=1,"5,8,0,1,9,6,4,7",8,8,8,0,1.0,0.2368267659190404,0.5,0.03682676591904038,0.0,0.0,0.30000000000000004,0.004201173782348633,Feasible
196,195,7,5,2,"ADD:1,1;ADD:2,0;ADD:5,8;ADD:6,5;ADD:8,9;REMOVE:0,5;REMOVE:9,0",0:5;1:5;2:1;3:-;4:1;5:-;6:4;7:-;8:-;9:0,0:-;1:1|5;2:0|1;3:-;4:1;5:8;6:4|5;7:-;8:9;9:-,1@0=1;1@1=2;1@3=1;2@0=1;4@8=1;4@9=1;5@8=1;5@2=1;6@4=1;6@5=1,"0,1,3,8,9,2,4,5",11,10,10,0,1.0,-0.10963421108418436,0.3333333333333333,0.05703245558248234,0.0,0.0,0.5,0.003512144088745117,Feasible
197,196,8,4,4,"ADD:0,0;ADD:0,8;ADD:4,0;ADD:6,1;REMOVE:1,1;REMOVE:1,5;REMOVE:2,1;REMOVE:8,9",0:-;1:1|5;2:0|1;3:-;4:1;5:8;6:4|5;7:-;8:9;9:-,0:0|8;1:-;2:0;3:-;4:0|1;5:8;6:1|4|5;7:-;8:-;9:-,0@0=1;2@0=1;2@2=2;2@7=1;4@0=2;4@2=1;4@5=1;4@8=1;5@2=1;5@1=1;5@4=1;6@1=1,"0,2,7,5,8,1,4",14,12,12,0,1.0,0.08015655298722041,0.4444444444444444,0.03571210854277602,0.0,0.0,0.4,0.0054242610931396484,Feasible
198,197,7,3,4,"ADD:2,3;ADD:3,4;ADD:7,6;REMOVE:0,0;REMOVE:0,8;REMOVE:4,0;REMOVE:6,1",0:0|8;1:-;2:0;3:-;4:0|1;5:8;6:1|4|5;7:-;8:-;9:-,0:-;1:-;2:0|3;3:4;4:1;5:8;6:4|5;7:6;8:-;9:-,2@3=1;4@3=1;5@4=1,"3,4",3,3,3,0,1.0,0.17566637711724709,0.4444444444444444,0.031221932672802707,0.0,0.0,0.30000000000000004,0.005380153656005859,Feasible
199,198,10,4,6,"ADD:0,9;ADD:1,4;ADD:3,5;ADD:4,5;REMOVE:2,0;REMOVE:2,3;REMOVE:5,8;REMOVE:6,4;REMOVE:6,5;REMOVE:7,6",0:-;1:-;2:0|3;3:4;4:1;5:8;6:4|5;7:6;8:-;9:-,0:9;1:4;2:-;3:4|5;4:1|5;5:-;6:-;7:-;8:-;9:-,1@4=2;1@7=1;3@7=1;3@2=1;3@5=1;4@7=1;4@5=1;4@3=1,"4,7,2,5,3",9,8,8,0,1.0,0.39333686788451794,0.75,0.043336867884517974,0.0,0.0,0.4,0.006803035736083984,Feasible
200,199,3,2,1,"ADD:1,9;ADD:2,2;REMOVE:4,1",0:9;1:4;2:-;3:4|5;4:1|5;5:-;6:-;7:-;8:-;9:-,0:9;1:4|9;2:2;3:4|5;4:5;5:-;6:-;7:-;8:-;9:-,1@4=1;1@7=1;1@9=1;2@2=1;3@5=1;4@3=1,"4,7,9,2,5,3",6,6,6,0,1.0,0.03335977262669837,0.16666666666666666,0.06669310596003172,0.0,0.0,0.2,0.0023038387298583984,Feasible
201,200,5,2,3,"ADD:1,0;ADD:5,5;REMOVE:0,9;REMOVE:3,4;REMOVE:3,5",0:9;1:4|9;2:2;3:4|5;4:5;5:-;6:-;7:-;8:-;9:-,0:-;1:0|4|9;2:2;3:-;4:5;5:5;6:-;7:-;8:-;9:-,1@0=1;1@1=1;1@3=1;1@5=1;2@8=1;4@0=1;4@5=1,"0,1,3,5,8",7,7,7,0,1.0,0.2548717259411146,0.42857142857142855,0.026300297369686063,0.0,0.0,0.2,0.0046389102935791016,Feasible
202,201,6,4,2,"ADD:3,3;ADD:4,9;ADD:6,2;ADD:9,8;REMOVE:1,0;REMOVE:5,5",0:-;1:0|4|9;2:2;3:-;4:5;5:5;6:-;7:-;8:-;9:-,0:-;1:4|9;2:2;3:3;4:5|9;5:-;6:2;7:-;8:-;9:8,1@4=1;2@4=1;2@0=1;2@5=1;3@3=1;4@5=1;4@9=1;6@2=1,"4,0,5,3,9,2",8,8,8,0,1.0,-0.0030964910690468583,0.3333333333333333,0.06357017559761988,0.0,0.0,0.4,0.0031828880310058594,Feasible
203,202,10,5,5,"ADD:2,1;ADD:4,4;ADD:5,5;ADD:5,7;ADD:7,1;REMOVE:1,4;REMOVE:1,9;REMOVE:3,3;REMOVE:6,2;REMOVE:9,8",0:-;1:4|9;2:2;3:3;4:5|9;5:-;6:2;7:-;8:-;9:8,0:-;1:-;2:1|2;3:-;4:4|5|9;5:5|7;6:-;7:1;8:-;9:-,2@1=2;2@4=1;2@9=1;4@4=2;4@5=1;5@5=2;5@7=1,"1,4,9,5,7",10,7,7,0,1.0,0.20332889458003223,0.625,0.0783288945800322,0.0,0.0,0.5,0.0057888031005859375,Feasible
204,203,7,4,3,"ADD:1,0;ADD:1,1;ADD:2,5;ADD:6,1;REMOVE:4,5;REMOVE:5,5;REMOVE:7,1",0:-;1:-;2:1|2;3:-;4:4|5|9;5:5|7;6:-;7:1;8:-;9:-,0:-;1:0|1;2:1|2|5;3:-;4:4|9;5:7;6:1;7:-;8:-;9:-,1@0=2;1@1=1;1@7=1;2@7=1;2@5=1;2@6=1;4@1=1;4@2=1;4@4=1;5@2=1;6@1=1,"0,1,7,5,6,2,4",12,11,11,0,1.0,0.026969048189441958,0.375,0.05196904818944199,0.0,0.0,0.4,0.005210161209106445,Feasible
205,204,5,2,3,"ADD:1,4;ADD:7,6;REMOVE:2,5;REMOVE:4,4;REMOVE:5,7",0:-;1:0|1;2:1|2|5;3:-;4:4|9;5:7;6:1;7:-;8:-;9:-,0:-;1:0|1|4;2:1|2;3:-;4:9;5:-;6:1;7:6;8:-;9:-,1@2=1;1@3=1;1@4=2;1@6=1;2@0=1;2@9=1;4@2=1,"2,3,4,6,0,9",8,7,7,0,1.0,0.1617508725318697,0.3333333333333333,0.02841753919853639,0.0,0.0,0.2,0.004122257232666016,Feasible
206,205,3,2,1,"ADD:8,2;ADD:9,5;REMOVE:1,0",0:-;1:0|1|4;2:1|2;3:-;4:9;5:-;6:1;7:6;8:-;9:-,0:-;1:1|4;2:1|2;3:-;4:9;5:-;6:1;7:6;8:2;9:5,4@2=1;8@2=1,2,2,2,2,0,1.0,-0.020149189365758352,0.125,0.054850810634241666,0.0,0.0,0.2,0.00173187255859375,Feasible
207,206,7,3,4,"ADD:4,4;ADD:5,7;ADD:8,0;REMOVE:1,1;REMOVE:1,4;REMOVE:6,1;REMOVE:7,6",0:-;1:1|4;2:1|2;3:-;4:9;5:-;6:1;7:6;8:2;9:5,0:-;1:-;2:1|2;3:-;4:4|9;5:7;6:-;7:-;8:0|2;9:5,2@4=1;4@4=2;4@7=1;5@3=1;5@9=1,"4,7,3,9",6,5,5,0,1.0,0.18209855233873418,0.4444444444444444,0.03765410789428977,0.0,0.0,0.30000000000000004,0.0053708553314208984,Feasible
208,207,7,4,3,"ADD:4,5;ADD:5,1;ADD:6,3;ADD:7,6;REMOVE:2,2;REMOVE:8,2;REMOVE:9,5",0:-;1:-;2:1|2;3:-;4:4|9;5:7;6:-;7:-;8:0|2;9:5,0:-;1:-;2:1;3:-;4:4|5|9;5:1|7;6:3;7:6;8:0;9:-,4@3=1;4@4=1;4@5=1;5@9=1;6@3=1,"3,4,5,9",5,5,5,0,1.0,0.03819205848762519,0.375,0.06319205848762521,0.0,0.0,0.4,0.004505157470703125,Feasible
209,208,6,1,5,"ADD:2,5;REMOVE:4,4;REMOVE:4,5;REMOVE:5,7;REMOVE:7,6;REMOVE:8,0",0:-;1:-;2:1;3:-;4:4|5|9;5:1|7;6:3;7:6;8:0;9:-,0:-;1:-;2:1|5;3:-;4:9;5:1;6:3;7:-;8:-;9:-,2@5=1;2@8=1;4@1=1;4@2=1;5@9=1;6@1=1,"5,8,1,2,9",6,6,6,0,1.0,0.47122266578856564,0.5555555555555556,0.015667110233010068,0.0,0.0,0.1,0.005397796630859375,Feasible
210,209,6,4,2,"ADD:4,4;ADD:6,4;ADD:7,1;ADD:7,4;REMOVE:2,1;REMOVE:2,5",0:-;1:-;2:1|5;3:-;4:9;5:1;6:3;7:-;8:-;9:-,0:-;1:-;2:-;3:-;4:4|9;5:1;6:3|4;7:1|4;8:-;9:-,4@1=1;4@2=1;4@4=1;4@7=1;4@9=1;5@3=1;6@2=1;6@4=1;6@3=1;7@1=1;7@2=1,"1,2,4,7,9,3",11,11,11,0,1.0,0.04561809022734109,0.4,0.0456180902273411,0.0,0.0,0.4,0.0031609535217285156,Feasible
211,210,6,3,3,"ADD:2,9;ADD:4,0;ADD:5,3;REMOVE:6,4;REMOVE:7,1;REMOVE:7,4",0:-;1:-;2:-;3:-;4:4|9;5:1;6:3|4;7:1|4;8:-;9:-,0:-;1:-;2:9;3:-;4:0|4|9;5:1|3;6:3;7:-;8:-;9:-,2@9=1;4@0=1;4@1=1;4@6=1;4@8=1;5@1=1;6@3=1,"9,0,1,6,8,3",7,7,7,0,1.0,0.18525617169256786,0.42857142857142855,0.05668474312113935,0.0,0.0,0.30000000000000004,0.003926992416381836,Feasible
212,211,5,2,3,"ADD:7,4;ADD:9,0;REMOVE:2,9;REMOVE:5,1;REMOVE:6,3",0:-;1:-;2:9;3:-;4:0|4|9;5:1|3;6:3;7:-;8:-;9:-,0:-;1:-;2:-;3:-;4:0|4|9;5:3;6:-;7:4;8:-;9:0,4@9=1;7@4=1;7@7=1,"9,4,7",3,3,3,0,1.0,0.29448221419013637,0.42857142857142855,0.06591078561870782,0.0,0.0,0.2,0.0033478736877441406,Feasible
213,212,6,2,4,"ADD:1,4;ADD:6,4;REMOVE:4,0;REMOVE:4,4;REMOVE:7,4;REMOVE:9,0",0:-;1:-;2:-;3:-;4:0|4|9;5:3;6:-;7:4;8:-;9:0,0:-;1:4;2:-;3:-;4:9;5:3;6:4;7:-;8:-;9:-,4@1=1;5@1=1;6@4=1,"1,4",3,3,3,0,1.0,0.5044314754705483,0.6666666666666666,0.037764808803881625,0.0,0.0,0.2,0.006014108657836914,Feasible
214,213,6,4,2,"ADD:2,6;ADD:6,0;ADD:6,3;ADD:7,5;REMOVE:1,4;REMOVE:4,9",0:-;1:4;2:-;3:-;4:9;5:3;6:4;7:-;8:-;9:-,0:-;1:-;2:6;3:-;4:-;5:3;6:0|3|4;7:5;8:-;9:-,2@6=1;5@2=1;5@5=1;6@3=1;7@5=1,"6,2,5,3",5,5,5,0,1.0,0.15829607852020577,0.5,0.05829607852020583,0.0,0.0,0.4,0.002771139144897461,Feasible
215,214,6,3,3,"ADD:0,4;ADD:4,2;ADD:5,2;REMOVE:2,6;REMOVE:6,0;REMOVE:7,5",0:-;1:-;2:6;3:-;4:-;5:3;6:0|3|4;7:5;8:-;9:-,0:4;1:-;2:-;3:-;4:2;5:2|3;6:3|4;7:-;8:-;9:-,4@2=1;4@4=1;5@0=1;5@1=1;5@9=1;6@4=1,"2,4,0,1,9",6,6,6,0,1.0,0.2293529837242818,0.5,0.029352983724281835,0.0,0.0,0.30000000000000004,0.004518747329711914,Feasible
216,215,8,6,2,"ADD:0,3;ADD:3,4;ADD:6,0;ADD:7,0;ADD:7,3;ADD:7,4;REMOVE:0,4;REMOVE:5,3",0:4;1:-;2:-;3:-;4:2;5:2|3;6:3|4;7:-;8:-;9:-,0:3;1:-;2:-;3:4;4:2;5:2;6:0|3|4;7:0|3|4;8:-;9:-,3@4=1;4@4=1;4@2=1;5@2=1;6@0=1;6@7=1;7@4=1;7@0=1;7@3=1,"4,2,0,7,3",9,9,9,0,1.0,-0.18613314134775272,0.3333333333333333,0.08053352531891395,0.0,0.0,0.6,0.002878904342651367,Feasible
217,216,7,2,5,"ADD:1,8;ADD:5,3;REMOVE:0,3;REMOVE:3,4;REMOVE:4,2;REMOVE:6,0;REMOVE:7,0",0:3;1:-;2:-;3:4;4:2;5:2;6:0|3|4;7:0|3|4;8:-;9:-,0:-;1:8;2:-;3:-;4:-;5:2|3;6:3|4;7:3|4;8:-;9:-,1@8=1;5@0=1;5@4=1;6@8=1;6@3=1;6@5=1;6@6=1;6@9=1;7@8=1;7@3=1;7@6=1;7@7=1,"8,0,4,3,5,6,9,7",12,12,12,0,1.0,0.3276342606139983,0.5,0.02763426061399832,0.0,0.0,0.2,0.0063397884368896484,Feasible
218,217,5,5,0,"ADD:2,4;ADD:4,3;ADD:4,8;ADD:6,0;ADD:6,8",0:-;1:8;2:-;3:-;4:-;5:2|3;6:3|4;7:3|4;8:-;9:-,0:-;1:8;2:4;3:-;4:3|8;5:2|3;6:0|3|4|8;7:3|4;8:-;9:-,2@4=1;4@3=1;4@8=1;5@2=2;5@5=1;6@0=1;7@3=1;7@8=1,"4,3,8,2,5,0",9,8,8,0,1.0,-0.4187692475223934,0.0,0.0812307524776066,0.0,0.0,0.5,0.0013020038604736328,Feasible
219,218,8,1,7,"ADD:9,6;REMOVE:4,3;REMOVE:5,2;REMOVE:5,3;REMOVE:6,0;REMOVE:6,3;REMOVE:6,4;REMOVE:6,8",0:-;1:8;2:4;3:-;4:3|8;5:2|3;6:0|3|4|8;7:3|4;8:-;9:-,0:-;1:8;2:4;3:-;4:8;5:-;6:-;7:3|4;8:-;9:6,1@4=1;1@5=1;1@8=1;2@2=1;2@7=1;4@7=1;4@6=1;7@4=1;7@3=1;7@9=1,"4,5,8,2,7,6,3,9",10,10,10,0,1.0,0.5117221079764394,0.5833333333333334,0.02838877464310598,0.0,0.0,0.1,0.00819087028503418,Feasible
220,219,6,2,4,"ADD:5,9;ADD:6,7;REMOVE:4,8;REMOVE:7,3;REMOVE:7,4;REMOVE:9,6",0:-;1:8;2:4;3:-;4:8;5:-;6:-;7:3|4;8:-;9:6,0:-;1:8;2:4;3:-;4:-;5:9;6:7;7:-;8:-;9:-,1@1=1;1@2=1;1@4=1;2@2=1;5@9=1;6@7=1,"1,2,4,9,7",6,6,6,0,1.0,0.5005717517320767,0.6666666666666666,0.03390508506540999,0.0,0.0,0.2,0.004506826400756836,Feasible
221,220,3,3,0,"ADD:1,9;ADD:2,3;ADD:7,0",0:-;1:8;2:4;3:-;4:-;5:9;6:7;7:-;8:-;9:-,0:-;1:8|9;2:3|4;3:-;4:-;5:9;6:7;7:0;8:-;9:-,1@3=1;1@7=1;2@3=1;2@7=1;5@7=1;7@0=1;7@2=1,"3,7,0,2",7,7,7,0,1.0,-0.27177764780422836,0.0,0.028222352195771672,0.0,0.0,0.30000000000000004,0.001127004623413086,Feasible
222,221,5,4,1,"ADD:4,4;ADD:5,4;ADD:7,3;ADD:7,8;REMOVE:1,8",0:-;1:8|9;2:3|4;3:-;4:-;5:9;6:7;7:0;8:-;9:-,0:-;1:9;2:3|4;3:-;4:4;5:4|9;6:7;7:0|3|8;8:-;9:-,2@2=1;2@5=1;2@7=1;4@4=1;5@4=1;5@1=1;7@0=1;7@3=1;7@8=1,"2,5,7,4,1,0,3,8",9,9,9,0,1.0,-0.19679795491490154,0.14285714285714285,0.060344902227955625,0.0,0.0,0.4,0.0022661685943603516,Feasible
223,222,6,3,3,"ADD:2,0;ADD:4,3;ADD:4,7;REMOVE:1,9;REMOVE:5,4;REMOVE:7,0",0:-;1:9;2:3|4;3:-;4:4;5:4|9;6:7;7:0|3|8;8:-;9:-,0:-;1:-;2:0|3|4;3:-;4:3|4|7;5:9;6:7;7:3|8;8:-;9:-,2@0=1;2@1=2;2@4=1;2@5=1;4@1=1;4@8=1;5@3=1;5@7=1;6@6=1;7@4=1;7@2=1;7@9=1,"0,1,4,5,8,3,7,6,2,9",13,12,12,0,1.0,0.015789450441900554,0.3,0.01578945044190061,0.0,0.0,0.30000000000000004,0.0056378841400146484,Feasible
224,223,7,1,6,"ADD:4,6;REMOVE:2,0;REMOVE:2,3;REMOVE:4,3;REMOVE:4,7;REMOVE:6,7;REMOVE:7,3",0:-;1:-;2:0|3|4;3:-;4:3|4|7;5:9;6:7;7:3|8;8:-;9:-,0:-;1:-;2:4;3:-;4:4|6;5:9;6:-;7:8;8:-;9:-,2@6=1;4@6=2;4@2=2;4@4=1;5@7=1;7@2=1;7@4=1,"6,2,4,7",9,7,7,0,1.0,0.5370255366769964,0.6,0.03702553667699639,0.0,0.0,0.1,0.006073951721191406,Feasible
225,224,5,3,2,"ADD:5,4;ADD:7,4;ADD:7,9;REMOVE:2,4;REMOVE:4,6",0:-;1:-;2:4;3:-;4:4|6;5:9;6:-;7:8;8:-;9:-,0:-;1:-;2:-;3:-;4:4;5:4|9;6:-;7:4|8|9;8:-;9:-,5@2=1;5@4=1;5@7=1;7@1=1;7@6=1;7@9=2,"2,4,7,1,6,9",7,6,6,0,1.0,0.14201139773023214,0.4,0.04201139773023218,0.0,0.0,0.30000000000000004,0.0029807090759277344,Feasible
226,225,8,4,4,"ADD:1,8;ADD:6,0;ADD:6,3;ADD:6,6;REMOVE:5,4;REMOVE:5,9;REMOVE:7,4;REMOVE:7,9",0:-;1:-;2:-;3:-;4:4;5:4|9;6:-;7:4|8|9;8:-;9:-,0:-;1:8;2:-;3:-;4:4;5:-;6:0|3|6;7:8;8:-;9:-,1@1=1;1@6=1;6@6=1;6@0=1;6@3=1;7@7=1,"1,6,0,3,7",6,6,6,0,1.0,0.3117383762722986,0.6666666666666666,0.045071709605632046,0.0,0.0,0.4,0.004526853561401367,Feasible
227,226,6,3,3,"ADD:4,1;ADD:5,4;ADD:8,9;REMOVE:6,0;REMOVE:6,3;REMOVE:7,8",0:-;1:8;2:-;3:-;4:4;5:-;6:0|3|6;7:8;8:-;9:-,0:-;1:8;2:-;3:-;4:1|4;5:4;6:6;7:-;8:9;9:-,1@2=1;1@8=1;4@1=1;4@3=1;5@4=1;6@1=1,"2,8,1,3,4",6,6,6,0,1.0,0.25456835201396244,0.5,0.054568352013962484,0.0,0.0,0.30000000000000004,0.003668069839477539,Feasible
228,227,4,2,2,"ADD:0,2;ADD:7,2;REMOVE:6,6;REMOVE:8,9",0:-;1:8;2:-;3:-;4:1|4;5:4;6:6;7:-;8:9;9:-,0:2;1:8;2:-;3:-;4:1|4;5:4;6:-;7:2;8:-;9:-,0@2=1;1@2=1;1@1=1;4@2=1;4@1=1;5@4=2;7@2=2;7@9=1,"2,1,4,9",10,8,8,0,1.0,0.1961955929375267,0.3333333333333333,0.06286225960419342,0.0,0.0,0.2,0.002711772918701172,Feasible
229,228,4,3,1,"ADD:2,6;ADD:6,3;ADD:7,4;REMOVE:4,1",0:2;1:8;2:-;3:-;4:1|4;5:4;6:-;7:2;8:-;9:-,0:2;1:8;2:6;3:-;4:4;5:4;6:3;7:2|4;8:-;9:-,1@4=1;1@6=1;1@7=1;2@6=1;4@6=1;6@3=1,"4,6,7,3",6,6,6,0,1.0,-0.10024824433281221,0.16666666666666666,0.033085089000521165,0.0,0.0,0.30000000000000004,0.0019409656524658203,Feasible
230,229,6,4,2,"ADD:2,2;ADD:4,3;ADD:5,5;ADD:9,1;REMOVE:0,2;REMOVE:7,4",0:2;1:8;2:6;3:-;4:4;5:4;6:3;7:2|4;8:-;9:-,0:-;1:8;2:2|6;3:-;4:3|4;5:4|5;6:3;7:2;8:-;9:1,1@1=2;1@6=2;2@6=1;2@2=1;2@3=1;2@4=2;4@3=1;5@2=2;5@5=1;6@2=1;7@4=1,"1,6,2,3,4,5",15,11,11,0,1.0,-0.12454732333944873,0.25,0.025452676660551267,0.0,0.0,0.4,0.0031468868255615234,Feasible
231,230,7,1,6,"ADD:3,7;REMOVE:2,2;REMOVE:4,3;REMOVE:5,5;REMOVE:6,3;REMOVE:7,2;REMOVE:9,1",0:-;1:8;2:2|6;3:-;4:3|4;5:4|5;6:3;7:2;8:-;9:1,0:-;1:8;2:6;3:7;4:4;5:4;6:-;7:-;8:-;9:-,1@8=1;2@1=1;2@4=2;4@8=1;4@4=1,"8,1,4",6,5,5,0,1.0,0.5317717020168757,0.6,0.03177170201687574,0.0,0.0,0.1,0.006031990051269531,Feasible
232,231,6,6,0,"ADD:2,0;ADD:4,5;ADD:5,3;ADD:7,1;ADD:7,2;ADD:9,7",0:-;1:8;2:6;3:7;4:4;5:4;6:-;7:-;8:-;9:-,0:-;1:8;2:0|6;3:7;4:4|5;5:3|4;6:-;7:1|2;8:-;9:7,2@0=1;2@2=1;4@5=1;4@6=1;5@2=2;5@3=1;7@2=1;7@1=1;7@4=1,"0,2,5,6,3,1,4",10,9,9,0,1.0,-0.5521782888882076,0.0,0.047821711111792314,0.0,0.0,0.6,0.0013408660888671875,Feasible
233,232,5,2,3,"ADD:4,9;ADD:9,9;REMOVE:2,0;REMOVE:3,7;REMOVE:9,7",0:-;1:8;2:0|6;3:7;4:4|5;5:3|4;6:-;7:1|2;8:-;9:7,0:-;1:8;2:6;3:-;4:4|5|9;5:3|4;6:-;7:1|2;8:-;9:9,4@4=1;4@9=1;5@1=2;5@3=1;5@7=1;7@1=1;7@7=1,"4,9,1,3,7",8,7,7,0,1.0,0.1258320052423988,0.2727272727272727,0.053104732515126096,0.0,0.0,0.2,0.003663778305053711,Feasible
234,233,6,1,5,"ADD:0,4;REMOVE:1,8;REMOVE:2,6;REMOVE:4,4;REMOVE:4,5;REMOVE:9,9",0:-;1:8;2:6;3:-;4:4|5|9;5:3|4;6:-;7:1|2;8:-;9:9,0:4;1:-;2:-;3:-;4:9;5:3|4;6:-;7:1|2;8:-;9:-,0@4=1;4@2=1;4@3=1;5@3=1;7@4=1;7@2=1;7@7=1,"4,2,3,7",7,7,7,0,1.0,0.44090111255917186,0.5,0.040901112559171796,0.0,0.0,0.1,0.005192756652832031,Feasible
235,234,4,2,2,"ADD:4,4;ADD:6,9;REMOVE:5,4;REMOVE:7,2",0:4;1:-;2:-;3:-;4:9;5:3|4;6:-;7:1|2;8:-;9:-,0:4;1:-;2:-;3:-;4:4|9;5:3;6:9;7:1;8:-;9:-,4@4=1,4,1,1,1,0,1.0,0.2527966324909076,0.3333333333333333,0.11946329915757434,0.0,0.0,0.2,0.0022208690643310547,Feasible
236,235,4,3,1,"ADD:4,3;ADD:5,4;ADD:7,2;REMOVE:0,4",0:4;1:-;2:-;3:-;4:4|9;5:3;6:9;7:1;8:-;9:-,0:-;1:-;2:-;3:-;4:3|4|9;5:3|4;6:9;7:1|2;8:-;9:-,4@4=1;5@4=1;5@1=1;5@2=1;7@2=1;7@0=1,"4,1,2,0",6,6,6,0,1.0,-0.07674926874077265,0.16666666666666666,0.056584064592560726,0.0,0.0,0.30000000000000004,0.0019109249114990234,Feasible
237,236,7,2,5,"ADD:1,2;ADD:5,9;REMOVE:4,3;REMOVE:4,4;REMOVE:5,3;REMOVE:6,9;REMOVE:7,1",0:-;1:-;2:-;3:-;4:3|4|9;5:3|4;6:9;7:1|2;8:-;9:-,0:-;1:2;2:-;3:-;4:9;5:4|9;6:-;7:2;8:-;9:-,1@2=1;1@8=1;4@6=1;4@9=3;5@6=1;5@9=1;5@1=1;5@4=1;7@0=1,"2,8,6,9,1,4,0",11,9,9,0,1.0,0.4728646933442972,0.625,0.04786469334429721,0.0,0.0,0.2,0.008562803268432617,Feasible
238,237,7,5,2,"ADD:2,8;ADD:3,4;ADD:4,5;ADD:6,5;ADD:7,0;REMOVE:1,2;REMOVE:5,9",0:-;1:2;2:-;3:-;4:9;5:4|9;6:-;7:2;8:-;9:-,0:-;1:-;2:8;3:4;4:5|9;5:4;6:5;7:0|2;8:-;9:-,2@8=1;3@4=1;3@7=1;4@5=1;5@4=1;5@7=1;5@6=1;6@5=1;7@4=1,"8,4,7,5,6",9,9,9,0,1.0,-0.04715765149490969,0.4,0.0528423485050903,0.0,0.0,0.5,0.0036950111389160156,Feasible
239,238,7,3,4,"ADD:1,1;ADD:4,4;ADD:8,3;REMOVE:2,8;REMOVE:3,4;REMOVE:6,5;REMOVE:7,0",0:-;1:-;2:8;3:4;4:5|9;5:4;6:5;7:0|2;8:-;9:-,0:-;1:1;2:-;3:-;4:4|5|9;5:4;6:-;7:2;8:3;9:-,4@2=1;4@4=1;5@2=1;5@8=1;7@2=1;7@3=1;8@3=1,"2,4,8,3",7,7,7,0,1.0,0.24426257234219073,0.5,0.04426257234219073,0.0,0.0,0.30000000000000004,0.006202220916748047,Feasible
240,239,6,4,2,"ADD:3,2;ADD:6,6;ADD:7,6;ADD:8,9;REMOVE:4,9;REMOVE:5,4",0:-;1:1;2:-;3:-;4:4|5|9;5:4;6:-;7:2;8:3;9:-,0:-;1:1;2:-;3:2;4:4|5;5:-;6:6;7:2|6;8:3|9;9:-,3@2=1;6@6=1;7@6=1;7@1=1,"2,6,1",4,4,4,0,1.0,-0.03978973259160934,0.2857142857142857,0.07449598169410498,0.0,0.0,0.4,0.002676248550415039,Feasible
241,240,5,1,4,"ADD:5,5;REMOVE:4,4;REMOVE:6,6;REMOVE:7,2;REMOVE:8,3",0:-;1:1;2:-;3:2;4:4|5;5:-;6:6;7:2|6;8:3|9;9:-,0:-;1:1;2:-;3:2;4:5;5:5;6:-;7:6;8:9;9:-,1@9=1;4@2=2;4@3=1;4@5=1;5@5=2,"9,2,3,5",7,5,5,0,1.0,0.3807074146816952,0.4444444444444444,0.036262970237250766,0.0,0.0,0.1,0.004314899444580078,Feasible
242,241,4,2,2,"ADD:4,6;ADD:7,3;REMOVE:1,1;REMOVE:3,2",0:-;1:1;2:-;3:2;4:5;5:5;6:-;7:6;8:9;9:-,0:-;1:-;2:-;3:-;4:5|6;5:5;6:-;7:3|6;8:9;9:-,4@0=1;4@3=1;4@4=1;4@9=1;5@8=1;7@3=1;7@6=1,"0,3,4,9,8,6",7,7,7,0,1.0,0.16217430888272982,0.3333333333333333,0.028840975549396523,0.0,0.0,0.2,0.0028641223907470703,Feasible
243,242,6,3,3,"ADD:2,9;ADD:5,6;ADD:6,3;REMOVE:4,5;REMOVE:7,6;REMOVE:8,9",0:-;1:-;2:-;3:-;4:5|6;5:5;6:-;7:3|6;8:9;9:-,0:-;1:-;2:9;3:-;4:6;5:5|6;6:3;7:3;8:-;9:-,4@1=1;4@6=1;5@6=2;6@3=1;7@1=2;7@5=1,"1,6,3,5",8,6,6,0,1.0,0.24911299239744567,0.5,0.0491129923974457,0.0,0.0,0.30000000000000004,0.0034151077270507812,Feasible
244,243,5,2,3,"ADD:3,9;ADD:6,6;REMOVE:2,9;REMOVE:4,6;REMOVE:5,6",0:-;1:-;2:9;3:-;4:6;5:5|6;6:3;7:3;8:-;9:-,0:-;1:-;2:-;3:9;4:-;5:5;6:3|6;7:3;8:-;9:-,5@0=1;6@3=1;6@6=1;7@7=1,"0,3,6,7",4,4,4,0,1.0,0.34790018722139254,0.5,0.04790018722139252,0.0,0.0,0.2,0.0033981800079345703,Feasible
245,244,4,3,1,"ADD:4,2;ADD:5,4;ADD:7,9;REMOVE:3,9",0:-;1:-;2:-;3:9;4:-;5:5;6:3|6;7:3;8:-;9:-,0:-;1:-;2:-;3:-;4:2;5:4|5;6:3|6;7:3|9;8:-;9:-,4@2=2;5@4=1;6@2=1;6@4=2;7@1=1;7@6=1;7@9=1,"2,4,1,6,9",9,7,7,0,1.0,-0.057372377334124924,0.2,0.042627622665875095,0.0,0.0,0.30000000000000004,0.003696918487548828,Feasible
246,245,5,2,3,"ADD:2,0;ADD:7,8;REMOVE:4,2;REMOVE:5,4;REMOVE:6,6",0:-;1:-;2:-;3:-;4:2;5:4|5;6:3|6;7:3|9;8:-;9:-,0:-;1:-;2:0;3:-;4:-;5:5;6:3;7:3|8|9;8:-;9:-,5@3=1;6@7=1;7@7=1;7@1=1;7@2=2;7@8=1,"3,7,1,2,8",7,6,6,0,1.0,0.24229664458395572,0.42857142857142855,0.013725216012527195,0.0,0.0,0.2,0.0036499500274658203,Feasible
247,246,7,5,2,"ADD:2,3;ADD:2,4;ADD:4,9;ADD:5,4;ADD:6,6;REMOVE:7,3;REMOVE:7,8",0:-;1:-;2:0;3:-;4:-;5:5;6:3;7:3|8|9;8:-;9:-,0:-;1:-;2:0|3|4;3:-;4:9;5:4|5;6:3|6;7:9;8:-;9:-,2@3=1;2@4=1;4@9=1;5@4=1;5@2=1;6@2=1;6@5=1;6@6=1;7@2=1;7@1=1,"3,4,9,2,5,6,1",10,10,10,0,1.0,-0.113533238496345,0.3333333333333333,0.05313342817032167,0.0,0.0,0.5,0.003030061721801758,Feasible
248,247,7,5,2,"ADD:3,2;ADD:4,0;ADD:4,8;ADD:6,0;ADD:6,4;REMOVE:2,3;REMOVE:5,4",0:-;1:-;2:0|3|4;3:-;4:9;5:4|5;6:3|6;7:9;8:-;9:-,0:-;1:-;2:0|4;3:2;4:0|8|9;5:5;6:0|3|4|6;7:9;8:-;9:-,2@2=1;2@5=1;2@8=1;3@2=1;4@8=1;4@0=1;4@6=1;5@3=1;6@0=1;7@2=1;7@1=1;7@7=1,"2,5,8,0,6,3,1,7",12,12,12,0,1.0,-0.24468230064416358,0.2222222222222222,0.03309547713361421,0.0,0.0,0.5,0.0032761096954345703,Feasible
249,248,5,3,2,"ADD:2,3;ADD:5,9;ADD:7,0;REMOVE:3,2;REMOVE:6,3",0:-;1:-;2:0|4;3:2;4:0|8|9;5:5;6:0|3|4|6;7:9;8:-;9:-,0:-;1:-;2:0|3|4;3:-;4:0|8|9;5:5|9;6:0|4|6;7:0|9;8:-;9:-,2@3=1;2@6=1;2@7=1;4@8=1;5@2=1;6@1=1;6@5=2;7@2=1;7@0=1,"3,6,7,8,2,1,5,0",10,9,9,0,1.0,-0.10461753579517788,0.16666666666666666,0.028715797538155514,0.0,0.0,0.30000000000000004,0.0031549930572509766,Feasible
250,249,9,2,7,"ADD:0,2;ADD:5,4;REMOVE:2,0;REMOVE:2,4;REMOVE:4,0;REMOVE:4,9;REMOVE:6,0;REMOVE:6,6;REMOVE:7,0",0:-;1:-;2:0|3|4;3:-;4:0|8|9;5:5|9;6:0|4|6;7:0|9;8:-;9:-,0:2;1:-;2:3;3:-;4:8;5:4|5|9;6:4;7:9;8:-;9:-,2@1=1;2@2=1;2@5=1;4@6=1;4@8=1;5@4=1;6@2=1;7@1=1,"1,2,5,6,8,4",8,8,8,0,1.0,0.358992822530988,0.5384615384615384,0.02053128406944959,0.0,0.0,0.2,0.007359981536865234,Feasible
251,250,9,4,5,"ADD:1,4;ADD:2,0;ADD:2,6;ADD:7,5;REMOVE:0,2;REMOVE:4,8;REMOVE:5,4;REMOVE:5,5;REMOVE:5,9",0:2;1:-;2:3;3:-;4:8;5:4|5|9;6:4;7:9;8:-;9:-,0:-;1:4;2:0|3|6;3:-;4:-;5:-;6:4;7:5|9;8:-;9:-,1@4=1;2@6=2;2@8=1;6@4=1;7@5=1,"4,6,8,5",6,5,5,0,1.0,0.3070041650715275,0.625,0.08200416507152751,0.0,0.0,0.4,0.005053043365478516,Feasible
252,251,9,8,1,"ADD:1,0;ADD:1,9;ADD:2,8;ADD:4,4;ADD:5,0;ADD:5,4;ADD:6,9;ADD:7,4;REMOVE:2,0",0:-;1:4;2:0|3|6;3:-;4:-;5:-;6:4;7:5|9;8:-;9:-,0:-;1:0|4|9;2:3|6|8;3:-;4:4;5:0|4;6:4|9;7:4|5|9;8:-;9:-,1@0=2;1@2=1;1@5=1;1@9=2;2@2=2;2@4=1;2@6=2;4@4=1;4@7=1;5@0=2;5@4=1;5@6=1;6@9=1;7@4=1,"0,2,5,9,4,6,7",19,14,14,0,1.0,-0.5933990029606871,0.14285714285714285,0.06374385418216992,0.0,0.0,0.7999999999999999,0.0024900436401367188,Feasible
253,252,11,4,7,"ADD:3,1;ADD:4,0;ADD:5,1;ADD:6,1;REMOVE:1,0;REMOVE:2,6;REMOVE:6,4;REMOVE:6,9;REMOVE:7,4;REMOVE:7,5;REMOVE:7,9",0:-;1:0|4|9;2:3|6|8;3:-;4:4;5:0|4;6:4|9;7:4|5|9;8:-;9:-,0:-;1:4|9;2:3|8;3:1;4:0|4;5:0|1|4;6:1;7:-;8:-;9:-,1@1=2;1@7=1;1@8=2;2@3=1;2@4=1;3@1=1;3@8=1;4@0=1;5@1=2;5@2=1,"1,7,8,3,4,0,2",13,10,10,0,1.0,0.13400715079368275,0.5,0.034007150793682814,0.0,0.0,0.4,0.007776021957397461,Feasible
254,253,3,2,1,"ADD:0,4;ADD:7,4;REMOVE:5,4",0:-;1:4|9;2:3|8;3:1;4:0|4;5:0|1|4;6:1;7:-;8:-;9:-,0:4;1:4|9;2:3|8;3:1;4:0|4;5:0|1;6:1;7:4;8:-;9:-,1@4=1;1@8=1;2@4=3;2@2=1;2@9=1;3@9=1;4@8=1;4@2=1;4@5=1;5@2=1;5@5=1;5@1=1;7@4=1,"4,8,2,9,5,1",15,13,13,0,1.0,-0.08990703473810072,0.09090909090909091,0.019183874352808387,0.0,0.0,0.2,0.0021419525146484375,Feasible
255,254,9,3,6,"ADD:0,3;ADD:5,4;ADD:7,3;REMOVE:0,4;REMOVE:1,4;REMOVE:1,9;REMOVE:2,3;REMOVE:3,1;REMOVE:4,0",0:4;1:4|9;2:3|8;3:1;4:0|4;5:0|1;6:1;7:4;8:-;9:-,0:3;1:-;2:8;3:-;4:4;5:0|1|4;6:1;7:3|4;8:-;9:-,2@2=1;2@4=1;2@8=1;4@4=1;5@2=1;5@4=1;6@9=1;7@2=1;7@3=1,"2,4,8,9,3",9,9,9,0,1.0,0.24360371927218183,0.5,0.043603719272181846,0.0,0.0,0.30000000000000004,0.006162881851196289,Feasible
256,255,9,2,7,"ADD:2,2;ADD:4,9;REMOVE:0,3;REMOVE:5,0;REMOVE:5,1;REMOVE:5,4;REMOVE:6,1;REMOVE:7,3;REMOVE:7,4",0:3;1:-;2:8;3:-;4:4;5:0|1|4;6:1;7:3|4;8:-;9:-,0:-;1:-;2:2|8;3:-;4:4|9;5:-;6:-;7:-;8:-;9:-,2@6=1;2@9=1;4@9=1,"6,9",3,3,3,0,1.0,0.6138999090740425,0.7777777777777778,0.036122131296264626,0.0,0.0,0.2,0.0060672760009765625,Feasible
257,256,3,3,0,"ADD:4,5;ADD:6,1;ADD:9,4",0:-;1:-;2:2|8;3:-;4:4|9;5:-;6:-;7:-;8:-;9:-,0:-;1:-;2:2|8;3:-;4:4|5|9;5:-;6:1;7:-;8:-;9:4,2@9=1;4@5=1;6@1=1,"9,5,1",3,3,3,0,1.0,-0.23758138432976553,0.0,0.062418615670234524,0.0,0.0,0.30000000000000004,0.0010759830474853516,Feasible
258,257,10,5,5,"ADD:3,4;ADD:5,2;ADD:7,4;ADD:7,9;ADD:8,1;REMOVE:2,2;REMOVE:4,5;REMOVE:4,9;REMOVE:6,1;REMOVE:9,4",0:-;1:-;2:2|8;3:-;4:4|5|9;5:-;6:1;7:-;8:-;9:4,0:-;1:-;2:8;3:4;4:4;5:2;6:-;7:4|9;8:1;9:-,2@2=1;2@5=1;3@4=1;4@2=1;4@6=1;5@2=1;7@4=1;7@9=1,"2,5,4,6,9",8,8,8,0,1.0,0.2580873928877053,0.7142857142857143,0.04380167860199098,0.0,0.0,0.5,0.00532984733581543,Feasible
259,258,8,5,3,"ADD:5,1;ADD:6,4;ADD:6,5;ADD:7,5;ADD:9,9;REMOVE:2,8;REMOVE:3,4;REMOVE:8,1",0:-;1:-;2:8;3:4;4:4;5:2;6:-;7:4|9;8:1;9:-,0:-;1:-;2:-;3:-;4:4;5:1|2;6:4|5;7:4|5|9;8:-;9:9,4@2=1;5@1=1;5@5=1;5@6=1;5@7=1;6@5=1;6@4=1;7@5=1;7@4=1,"2,1,5,6,7,4",9,9,9,0,1.0,-0.015483601670035929,0.42857142857142855,0.05594496975853553,0.0,0.0,0.5,0.004019975662231445,Feasible
260,259,9,2,7,"ADD:1,7;ADD:9,2;REMOVE:4,4;REMOVE:5,1;REMOVE:5,2;REMOVE:6,4;REMOVE:6,5;REMOVE:7,9;REMOVE:9,9",0:-;1:-;2:-;3:-;4:4;5:1|2;6:4|5;7:4|5|9;8:-;9:9,0:-;1:7;2:-;3:-;4:-;5:-;6:-;7:4|5;8:-;9:2,1@7=1;7@7=1;7@0=1;7@4=1,"7,0,4",4,4,4,0,1.0,0.6201877302939753,0.7777777777777778,0.0424099525161976,0.0,0.0,0.2,0.00648808479309082,Feasible
261,260,8,7,1,"ADD:0,1;ADD:0,2;ADD:2,5;ADD:4,4;ADD:4,9;ADD:5,5;ADD:7,1;REMOVE:9,2",0:-;1:7;2:-;3:-;4:-;5:-;6:-;7:4|5;8:-;9:2,0:1|2;1:7;2:5;3:-;4:4|9;5:5;6:-;7:1|4|5;8:-;9:-,0@1=1;0@2=1;0@4=1;1@1=2;1@2=2;1@0=1;1@9=1;2@5=1;4@4=1;4@9=1;4@3=1;5@5=1;5@8=1;7@1=1;7@4=1,"1,2,4,0,9,5,3,8",17,15,15,0,1.0,-0.3999975187963121,0.25,0.05000248120368785,0.0,0.0,0.7,0.00232696533203125,Feasible
262,261,6,2,4,"ADD:5,4;ADD:6,4;REMOVE:4,4;REMOVE:4,9;REMOVE:7,4;REMOVE:7,5",0:1|2;1:7;2:5;3:-;4:4|9;5:5;6:-;7:1|4|5;8:-;9:-,0:1|2;1:7;2:5;3:-;4:-;5:4|5;6:4;7:1;8:-;9:-,0@4=2;0@6=1;0@7=1;1@2=1;2@5=1;5@4=1;7@7=1,"4,6,7,2,5",8,7,7,0,1.0,0.22521045173061327,0.4,0.02521045173061328,0.0,0.0,0.2,0.0044291019439697266,Feasible
263,262,7,4,3,"ADD:0,4;ADD:6,9;ADD:7,0;ADD:7,4;REMOVE:2,5;REMOVE:5,4;REMOVE:5,5",0:1|2;1:7;2:5;3:-;4:-;5:4|5;6:4;7:1;8:-;9:-,0:1|2|4;1:7;2:-;3:-;4:-;5:-;6:4|9;7:0|1|4;8:-;9:-,0@2=2;0@4=1;0@5=1;0@6=1;0@7=1;1@2=1;1@3=1;1@8=1;6@9=1;7@0=1,"2,4,5,6,7,3,8,9,0",11,10,10,0,1.0,0.021864633389844124,0.375,0.04686463338984417,0.0,0.0,0.4,0.005240201950073242,Feasible
264,263,9,3,6,"ADD:1,3;ADD:2,4;ADD:5,7;REMOVE:0,1;REMOVE:0,2;REMOVE:6,4;REMOVE:7,0;REMOVE:7,1;REMOVE:7,4",0:1|2|4;1:7;2:-;3:-;4:-;5:-;6:4|9;7:0|1|4;8:-;9:-,0:4;1:3|7;2:4;3:-;4:-;5:7;6:9;7:-;8:-;9:-,0@4=1;0@8=1;1@4=1;1@7=1;1@9=1;2@4=1;5@7=1;6@1=1,"4,8,7,9,1",8,8,8,0,1.0,0.4171785692156116,0.6666666666666666,0.050511902548944956,0.0,0.0,0.30000000000000004,0.006270885467529297,Feasible
265,264,6,4,2,"ADD:0,1;ADD:4,6;ADD:6,7;ADD:7,2;REMOVE:1,3;REMOVE:2,4",0:4;1:3|7;2:4;3:-;4:-;5:7;6:9;7:-;8:-;9:-,0:1|4;1:7;2:-;3:-;4:6;5:7;6:7|9;7:2;8:-;9:-,0@1=1;0@2=1;0@4=3;0@7=1;1@4=1;1@7=1;1@0=1;1@9=1;4@6=1;5@1=1;5@6=1;6@9=1;7@2=4;7@3=1,"1,2,4,7,0,9,6,3",19,14,14,0,1.0,-0.012791821254544089,0.3333333333333333,0.053874845412122604,0.0,0.0,0.4,0.00321197509765625,Feasible
266,265,6,4,2,"ADD:0,0;ADD:1,5;ADD:2,7;ADD:4,9;REMOVE:5,7;REMOVE:6,9",0:1|4;1:7;2:-;3:-;4:6;5:7;6:7|9;7:2;8:-;9:-,0:0|1|4;1:5|7;2:7;3:-;4:6|9;5:-;6:7;7:2;8:-;9:-,0@0=1;0@2=3;0@4=2;0@7=1;0@8=1;0@9=1;1@2=1;1@4=3;1@7=1;1@8=1;1@1=1;1@5=1;1@6=1;2@7=1;4@2=1;4@4=1;4@1=1;6@6=1;7@0=1;7@2=3;7@3=1,"0,2,4,7,8,9,1,5,6,3",28,21,21,0,1.0,-0.11716290716431477,0.25,0.03283709283568524,0.0,0.0,0.4,0.0036280155181884766,Feasible
267,266,4,2,2,"ADD:3,9;ADD:5,4;REMOVE:0,0;REMOVE:1,5",0:0|1|4;1:5|7;2:7;3:-;4:6|9;5:-;6:7;7:2;8:-;9:-,0:1|4;1:7;2:7;3:9;4:6|9;5:4;6:7;7:2;8:-;9:-,0@1=1;0@3=1;0@6=1;0@8=1;1@2=3;4@2=1;5@4=1;7@3=2;7@0=2,"1,3,6,8,2,4,0",13,9,9,0,1.0,0.015660995509214765,0.2,0.01566099550921476,0.0,0.0,0.2,0.0031647682189941406,Feasible
268,267,5,1,4,"ADD:8,4;REMOVE:2,7;REMOVE:3,9;REMOVE:4,9;REMOVE:7,2",0:1|4;1:7;2:7;3:9;4:6|9;5:4;6:7;7:2;8:-;9:-,0:1|4;1:7;2:-;3:-;4:6;5:4;6:7;7:-;8:4;9:-,0@4=1;0@6=1;0@7=1;4@1=1;4@8=1;6@8=1,"4,6,7,1,8",6,6,6,0,1.0,0.31548516680241356,0.4,0.015485166802413521,0.0,0.0,0.1,0.004521846771240234,Feasible
269,268,10,7,3,"ADD:0,0;ADD:2,1;ADD:2,2;ADD:4,2;ADD:5,1;ADD:7,5;ADD:7,9;REMOVE:1,7;REMOVE:5,4;REMOVE:8,4",0:1|4;1:7;2:-;3:-;4:6;5:4;6:7;7:-;8:4;9:-,0:0|1|4;1:-;2:1|2;3:-;4:2|6;5:1;6:7;7:5|9;8:-;9:-,0@0=1;0@1=1;0@3=1;0@4=1;0@8=1;2@1=1;2@2=2;4@2=2;5@1=1;6@7=1;7@9=1,"0,1,3,4,8,2,7,9",13,11,11,0,1.0,-0.18650816626957678,0.42857142857142855,0.08492040515899467,0.0,0.0,0.7,0.005059957504272461,Feasible
270,269,7,2,5,"ADD:1,3;ADD:1,4;REMOVE:0,0;REMOVE:0,1;REMOVE:2,1;REMOVE:4,6;REMOVE:7,5",0:0|1|4;1:-;2:1|2;3:-;4:2|6;5:1;6:7;7:5|9;8:-;9:-,0:4;1:3|4;2:2;3:-;4:2;5:1;6:7;7:9;8:-;9:-,0@2=2;0@6=1;1@2=1;1@4=1;2@2=1;4@2=1;4@5=2;5@6=1;6@1=1;7@2=1;7@6=1;7@7=1,"2,6,4,5,1,7",14,12,12,0,1.0,0.2782420429925157,0.45454545454545453,0.023696588447061163,0.0,0.0,0.2,0.005657196044921875,Feasible
271,270,4,3,1,"ADD:0,3;ADD:2,6;ADD:8,8;REMOVE:1,4",0:4;1:3|4;2:2;3:-;4:2;5:1;6:7;7:9;8:-;9:-,0:3|4;1:3;2:2|6;3:-;4:2;5:1;6:7;7:9;8:8;9:-,0@2=1;0@3=1;0@5=1;0@7=1;2@7=1;2@4=1;2@6=1;5@7=1;7@6=1,"2,3,5,7,4,6",9,9,9,0,1.0,-0.1547220616394427,0.125,0.020277938360557368,0.0,0.0,0.30000000000000004,0.002351999282836914,Feasible
272,271,10,3,7,"ADD:0,0;ADD:3,1;ADD:7,8;REMOVE:1,3;REMOVE:2,2;REMOVE:2,6;REMOVE:4,2;REMOVE:5,1;REMOVE:6,7;REMOVE:8,8",0:3|4;1:3;2:2|6;3:-;4:2;5:1;6:7;7:9;8:8;9:-,0:0|3|4;1:-;2:-;3:1;4:-;5:-;6:-;7:8|9;8:-;9:-,0@0=1;0@1=1;0@2=1;0@6=1;7@2=1;7@8=2,"0,1,2,6,8",7,6,6,0,1.0,0.44876302930997314,0.7,0.048763029309973255,0.0,0.0,0.30000000000000004,0.008526802062988281,Feasible
273,272,3,3,0,"ADD:3,2;ADD:5,4;ADD:9,2",0:0|3|4;1:-;2:-;3:1;4:-;5:-;6:-;7:8|9;8:-;9:-,0:0|3|4;1:-;2:-;3:1|2;4:-;5:4;6:-;7:8|9;8:-;9:2,0@0=1;0@1=3;0@2=1;0@4=1;0@7=2;0@9=1;3@2=1;5@4=1;5@6=2;7@2=1;7@4=1;7@9=1,"0,1,2,4,7,9,6",16,12,12,0,1.0,-0.268343109474649,0.0,0.03165689052535101,0.0,0.0,0.30000000000000004,0.00133514404296875,Feasible
274,273,9,4,5,"ADD:1,1;ADD:4,2;ADD:6,4;ADD:6,5;REMOVE:0,0;REMOVE:3,1;REMOVE:3,2;REMOVE:7,8;REMOVE:9,2",0:0|3|4;1:-;2:-;3:1|2;4:-;5:4;6:-;7:8|9;8:-;9:2,0:3|4;1:1;2:-;3:-;4:2;5:4;6:4|5;7:9;8:-;9:-,0@1=3;0@2=2;0@4=1;0@5=1;0@8=1;4@2=1;4@4=1;4@3=1;6@4=1;6@5=1;7@1=1;7@2=1;7@7=1,"1,2,4,5,8,3,7",16,13,13,0,1.0,0.1805195822956811,0.5555555555555556,0.02496402674012555,0.0,0.0,0.4,0.006124019622802734,Feasible
275,274,9,5,4,"ADD:0,0;ADD:4,3;ADD:4,6;ADD:6,9;ADD:7,0;REMOVE:1,1;REMOVE:5,4;REMOVE:6,4;REMOVE:6,5",0:3|4;1:1;2:-;3:-;4:2;5:4;6:4|5;7:9;8:-;9:-,0:0|3|4;1:-;2:-;3:-;4:2|3|6;5:-;6:9;7:0|9;8:-;9:-,0@0=1;0@1=1;0@4=2;0@8=1;4@2=1;4@6=1;7@0=2,"0,1,4,8,2,6",9,7,7,0,1.0,0.07896948491429001,0.5,0.07896948491429005,0.0,0.0,0.5,0.005513191223144531,Feasible
276,275,7,2,5,"ADD:5,4;ADD:9,5;REMOVE:4,2;REMOVE:4,3;REMOVE:4,6;REMOVE:6,9;REMOVE:7,0",0:0|3|4;1:-;2:-;3:-;4:2|3|6;5:-;6:9;7:0|9;8:-;9:-,0:0|3|4;1:-;2:-;3:-;4:-;5:4;6:-;7:9;8:-;9:5,0@1=1;0@2=2;0@5=1;0@6=2;0@8=1;5@4=1;5@7=1;7@1=1,"1,2,5,6,8,4,7",10,8,8,0,1.0,0.36697503354317246,0.5555555555555556,0.011419477987616866,0.0,0.0,0.2,0.005674839019775391,Feasible
277,276,3,2,1,"ADD:4,2;ADD:5,1;REMOVE:0,0",0:0|3|4;1:-;2:-;3:-;4:-;5:4;6:-;7:9;8:-;9:5,0:3|4;1:-;2:-;3:-;4:2;5:1|4;6:-;7:9;8:-;9:5,0@4=1;4@4=1;5@1=1;5@2=1;7@1=1;7@9=1,"4,1,2,9",6,6,6,0,1.0,0.01169195038024251,0.16666666666666666,0.04502528371357585,0.0,0.0,0.2,0.0019447803497314453,Feasible
278,277,2,1,1,"ADD:8,3;REMOVE:0,4",0:3|4;1:-;2:-;3:-;4:2;5:1|4;6:-;7:9;8:-;9:5,0:3;1:-;2:-;3:-;4:2;5:1|4;6:-;7:9;8:3;9:5,0@2=2;0@9=1;4@4=1;5@4=1;5@3=1;5@7=1;7@2=1;7@7=1,"2,9,4,3,7",9,8,8,0,1.0,0.05281186121016615,0.14285714285714285,0.009954718353023306,0.0,0.0,0.1,0.001981019973754883,Feasible
279,278,6,3,3,"ADD:0,0;ADD:0,4;ADD:6,7;REMOVE:5,1;REMOVE:8,3;REMOVE:9,5",0:3;1:-;2:-;3:-;4:2;5:1|4;6:-;7:9;8:3;9:5,0:0|3|4;1:-;2:-;3:-;4:2;5:4;6:7;7:9;8:-;9:-,0@0=1;0@1=1;0@2=1;0@4=3;0@7=1;4@3=2;4@5=1;5@2=1;5@4=1;5@7=1;5@8=1;6@1=1;7@2=1;7@6=1;7@9=1,"0,1,2,4,7,3,5,8,6,9",18,15,15,0,1.0,0.1606578477971008,0.42857142857142855,0.032086419225672264,0.0,0.0,0.30000000000000004,0.004478931427001953,Feasible
280,279,9,6,3,"ADD:1,4;ADD:2,0;ADD:2,9;ADD:3,7;ADD:4,1;ADD:7,4;REMOVE:0,0;REMOVE:0,4;REMOVE:6,7",0:0|3|4;1:-;2:-;3:-;4:2;5:4;6:7;7:9;8:-;9:-,0:3;1:4;2:0|9;3:7;4:1|2;5:4;6:-;7:4|9;8:-;9:-,0@3=1;1@4=1;2@0=1;2@9=1;4@1=1;4@2=2;4@5=1;5@4=1;7@4=3;7@1=1;7@8=1,"3,4,0,9,1,2,5,8",14,11,11,0,1.0,-0.08962111047883725,0.42857142857142855,0.08180746094973416,0.0,0.0,0.6,0.004144906997680664,Feasible
281,280,7,4,3,"ADD:1,1;ADD:1,5;ADD:6,5;ADD:7,5;REMOVE:2,0;REMOVE:3,7;REMOVE:4,1",0:3;1:4;2:0|9;3:7;4:1|2;5:4;6:-;7:4|9;8:-;9:-,0:3;1:1|4|5;2:9;3:-;4:2;5:4;6:5;7:4|5|9;8:-;9:-,0@1=1;0@2=1;0@3=1;1@1=1;1@2=1;1@3=1;1@5=1;1@7=1;2@1=1;2@7=1;2@9=1;4@7=1;4@8=1;5@7=1;5@4=2;7@2=1;7@5=2;7@7=1;7@8=1;7@4=1,"1,2,3,5,7,9,8,4",22,20,20,0,1.0,-0.05813183144689266,0.3,0.04186816855310738,0.0,0.0,0.4,0.004390239715576172,Feasible
282,281,8,5,3,"ADD:0,0;ADD:0,6;ADD:2,6;ADD:4,1;ADD:5,9;REMOVE:1,4;REMOVE:7,4;REMOVE:7,5",0:3;1:1|4|5;2:9;3:-;4:2;5:4;6:5;7:4|5|9;8:-;9:-,0:0|3|6;1:1|5;2:6|9;3:-;4:1|2;5:4|9;6:5;7:9;8:-;9:-,0@0=1;0@1=1;0@2=2;0@6=1;0@8=1;1@1=1;1@2=2;1@3=1;1@9=1;2@1=2;2@2=1;2@8=1;2@9=1;2@7=1;4@0=1;4@1=1;4@2=1;5@2=1;5@9=2;6@8=1;7@2=1;7@6=1;7@9=1,"0,1,2,6,8,3,9,7",27,23,23,0,1.0,-0.1966540016781836,0.2727272727272727,0.030618725594543688,0.0,0.0,0.5,0.004578113555908203,Feasible
283,282,3,2,1,"ADD:7,4;ADD:8,3;REMOVE:5,4",0:0|3|6;1:1|5;2:6|9;3:-;4:1|2;5:4|9;6:5;7:9;8:-;9:-,0:0|3|6;1:1|5;2:6|9;3:-;4:1|2;5:9;6:5;7:4|9;8:3;9:-,0@4=1;0@6=1;0@7=1;4@4=1;4@6=1;4@2=1;4@8=1;6@2=1;6@5=1;7@4=2;7@2=2;7@9=1,"4,6,7,2,8,5,9",14,12,12,0,1.0,-0.084888434507048,0.07692307692307693,0.03818848856987509,0.0,0.0,0.2,0.002183198928833008,Feasible
284,283,7,4,3,"ADD:2,0;ADD:5,0;ADD:6,2;ADD:7,0;REMOVE:0,0;REMOVE:1,1;REMOVE:8,3",0:0|3|6;1:1|5;2:6|9;3:-;4:1|2;5:9;6:5;7:4|9;8:3;9:-,0:3|6;1:5;2:0|6|9;3:-;4:1|2;5:0|9;6:2|5;7:0|4|9;8:-;9:-,0@3=1;0@8=1;2@8=1;2@0=1;2@4=2;4@3=1;4@0=1;4@1=1;4@2=1;4@5=1;5@3=1;5@0=1;6@8=1;7@0=1;7@4=1,"3,8,0,4,1,2,5",16,15,15,0,1.0,-0.14244349418328767,0.21428571428571427,0.043270791530998075,0.0,0.0,0.4,0.004130840301513672,Feasible
285,284,7,1,6,"ADD:5,4;REMOVE:0,6;REMOVE:2,0;REMOVE:2,6;REMOVE:2,9;REMOVE:6,2;REMOVE:7,4",0:3|6;1:5;2:0|6|9;3:-;4:1|2;5:0|9;6:2|5;7:0|4|9;8:-;9:-,0:3;1:5;2:-;3:-;4:1|2;5:0|4|9;6:5;7:0|9;8:-;9:-,0@7=1;5@4=1,"7,4",2,2,2,0,1.0,0.34004951757965607,0.4,0.040049517579656094,0.0,0.0,0.1,0.0050811767578125,Feasible
286,285,9,4,5,"ADD:0,4;ADD:2,4;ADD:2,5;ADD:7,4;REMOVE:1,5;REMOVE:4,2;REMOVE:5,0;REMOVE:5,4;REMOVE:6,5",0:3;1:5;2:-;3:-;4:1|2;5:0|4|9;6:5;7:0|9;8:-;9:-,0:3|4;1:-;2:4|5;3:-;4:1;5:9;6:-;7:0|4|9;8:-;9:-,0@1=1;0@3=1;0@4=1;2@3=1;2@4=1;2@6=1;5@6=1;5@2=1;7@1=1;7@4=1;7@2=1;7@5=1,"1,3,4,6,2,5",12,12,12,0,1.0,0.1344601743309024,0.5,0.03446017433090238,0.0,0.0,0.4,0.0071811676025390625,Feasible
287,286,11,9,2,"ADD:1,2;ADD:1,6;ADD:2,1;ADD:4,0;ADD:4,4;ADD:5,4;ADD:6,3;ADD:6,6;ADD:9,6;REMOVE:0,4;REMOVE:7,0",0:3|4;1:-;2:4|5;3:-;4:1;5:9;6:-;7:0|4|9;8:-;9:-,0:3;1:2|6;2:1|4|5;3:-;4:0|1|4;5:4|9;6:3|6;7:4|9;8:-;9:6,0@3=1;0@5=1;0@9=2;1@2=1;1@4=1;1@6=2;1@7=1;2@7=1;2@1=1;4@4=2;4@1=1;5@2=1;5@4=2;6@3=1;6@6=1;6@1=1;7@9=1;7@2=1;7@4=1;7@1=3;7@8=1,"3,5,9,2,4,6,7,1,8",27,21,21,0,1.0,-0.6277793369204041,0.2222222222222222,0.04999844085737364,0.0,0.0,0.8999999999999999,0.004441022872924805,Feasible
288,287,11,0,11,"REMOVE:1,2;REMOVE:1,6;REMOVE:2,1;REMOVE:2,4;REMOVE:2,5;REMOVE:4,0;REMOVE:4,4;REMOVE:5,9;REMOVE:6,3;REMOVE:7,9;REMOVE:9,6",0:3;1:2|6;2:1|4|5;3:-;4:0|1|4;5:4|9;6:3|6;7:4|9;8:-;9:6,0:3;1:-;2:-;3:-;4:1;5:4;6:6;7:4;8:-;9:-,0@1=2;4@1=1;4@3=1;5@2=1;6@1=1;7@2=1;7@4=3;7@6=1,"1,3,2,4,6",11,8,8,0,1.0,0.7208692584028836,0.6875,0.03336925840288368,0.0,0.0,0.0,0.010267257690429688,Feasible
289,288,7,7,0,"ADD:0,2;ADD:4,2;ADD:5,1;ADD:6,0;ADD:6,3;ADD:7,0;ADD:7,1",0:3;1:-;2:-;3:-;4:1;5:4;6:6;7:4;8:-;9:-,0:2|3;1:-;2:-;3:-;4:1|2;5:1|4;6:0|3|6;7:0|1|4;8:-;9:-,0@1=1;0@4=1;4@2=1;5@1=1;5@2=1;6@4=1;6@0=1;6@3=1;7@1=1;7@4=1;7@2=1;7@0=1;7@3=1;7@8=1,"1,4,2,0,3,8",14,14,14,0,1.0,-0.6498900011986117,0.0,0.05010999880138819,0.0,0.0,0.7,0.0014090538024902344,Feasible
290,289,10,2,8,"ADD:1,4;ADD:1,9;REMOVE:0,3;REMOVE:4,1;REMOVE:5,1;REMOVE:6,0;REMOVE:6,3;REMOVE:7,0;REMOVE:7,1;REMOVE:7,4",0:2|3;1:-;2:-;3:-;4:1|2;5:1|4;6:0|3|6;7:0|1|4;8:-;9:-,0:2;1:4|9;2:-;3:-;4:2;5:4;6:6;7:-;8:-;9:-,0@3=1;0@7=1;0@8=1;0@9=1;1@9=1;1@2=1;1@4=2;4@7=1;5@2=1;5@4=1;6@1=1,"3,7,8,9,2,4,1",12,11,11,0,1.0,0.4956456052985006,0.6666666666666666,0.02897893863183398,0.0,0.0,0.2,0.0092620849609375,Feasible
291,290,6,4,2,"ADD:2,5;ADD:6,4;ADD:7,1;ADD:7,5;REMOVE:1,9;REMOVE:6,6",0:2;1:4|9;2:-;3:-;4:2;5:4;6:6;7:-;8:-;9:-,0:2;1:4;2:5;3:-;4:2;5:4;6:4;7:1|5;8:-;9:-,0@4=1;0@8=1;1@8=1;2@5=1;4@2=2;5@8=1;5@6=1;7@5=1;7@2=1;7@1=2;7@9=1,"4,8,5,2,6,1,9",13,11,11,0,1.0,-0.02307368257589082,0.3333333333333333,0.04359298409077588,0.0,0.0,0.4,0.0032901763916015625,Feasible
292,291,6,3,3,"ADD:1,9;ADD:7,4;ADD:8,4;REMOVE:2,5;REMOVE:4,2;REMOVE:5,4",0:2;1:4;2:5;3:-;4:2;5:4;6:4;7:1|5;8:-;9:-,0:2;1:4|9;2:-;3:-;4:-;5:-;6:4;7:1|4|5;8:4;9:-,0@5=2;6@4=1;7@4=1;7@1=2;7@7=1;8@4=1,"5,4,1,7",8,6,6,0,1.0,0.1402041349876263,0.375,0.06520413498762632,0.0,0.0,0.30000000000000004,0.0035681724548339844,Feasible
293,292,6,4,2,"ADD:3,9;ADD:4,5;ADD:5,2;ADD:8,1;REMOVE:6,4;REMOVE:7,1",0:2;1:4|9;2:-;3:-;4:-;5:-;6:4;7:1|4|5;8:4;9:-,0:2;1:4|9;2:-;3:9;4:5;5:2;6:-;7:4|5;8:1|4;9:-,0@2=1;0@3=1;1@2=1;1@1=1;1@6=1;4@5=1;5@2=2;8@1=1,"2,3,1,6,5",9,8,8,0,1.0,-0.09209404281734734,0.25,0.05790595718265268,0.0,0.0,0.4,0.002889871597290039,Feasible
294,293,8,3,5,"ADD:4,1;ADD:6,2;ADD:9,5;REMOVE:1,4;REMOVE:3,9;REMOVE:7,5;REMOVE:8,1;REMOVE:8,4",0:2;1:4|9;2:-;3:9;4:5;5:2;6:-;7:4|5;8:1|4;9:-,0:2;1:9;2:-;3:-;4:1|5;5:2;6:2;7:4;8:-;9:5,0@2=2;0@4=1;1@9=1;4@1=2;5@4=1;5@5=1;6@2=1;7@4=1;7@6=1,"2,4,9,1,5,6",11,9,9,0,1.0,0.26401716596129754,0.5,0.06401716596129758,0.0,0.0,0.30000000000000004,0.0055370330810546875,Feasible
295,294,8,4,4,"ADD:0,1;ADD:2,1;ADD:2,6;ADD:7,0;REMOVE:1,9;REMOVE:4,1;REMOVE:4,5;REMOVE:9,5",0:2;1:9;2:-;3:-;4:1|5;5:2;6:2;7:4;8:-;9:5,0:1|2;1:-;2:1|6;3:-;4:-;5:2;6:2;7:0|4;8:-;9:-,0@1=1;0@2=1;0@6=1;0@8=1;2@4=1;5@4=1;5@0=1;5@3=1;6@5=1;7@2=1;7@6=1;7@0=1;7@7=1,"1,2,6,8,4,0,3,5,7",13,13,13,0,1.0,0.12195202735510047,0.5,0.021952027355100524,0.0,0.0,0.4,0.008136272430419922,Feasible
296,295,7,6,1,"ADD:1,3;ADD:3,1;ADD:4,6;ADD:5,1;ADD:6,1;ADD:7,3;REMOVE:2,6",0:1|2;1:-;2:1|6;3:-;4:-;5:2;6:2;7:0|4;8:-;9:-,0:1|2;1:3;2:1;3:1;4:6;5:1|2;6:1|2;7:0|3|4;8:-;9:-,0@0=1;0@3=1;0@4=1;1@3=1;3@1=1;4@6=1;5@4=1;5@1=1;5@7=1;6@1=1;7@3=1;7@1=1,"0,3,4,1,6,7",12,12,12,0,1.0,-0.4233590998908474,0.125,0.05164090010915256,0.0,0.0,0.6,0.0021178722381591797,Feasible
297,296,8,2,6,"ADD:4,5;ADD:8,7;REMOVE:0,2;REMOVE:2,1;REMOVE:5,2;REMOVE:6,1;REMOVE:7,0;REMOVE:7,3",0:1|2;1:3;2:1;3:1;4:6;5:1|2;6:1|2;7:0|3|4;8:-;9:-,0:1;1:3;2:-;3:1;4:5|6;5:1;6:2;7:4;8:7;9:-,0@1=1;0@3=1;1@5=1;1@9=1;3@9=1;4@5=1;4@0=1;4@4=1;5@1=1;6@7=1;7@4=1;7@6=2,"1,3,5,9,0,4,7,6",13,12,12,0,1.0,0.2943090972623196,0.46153846153846156,0.032770635723858015,0.0,0.0,0.2,0.008224964141845703,Feasible
298,297,7,2,5,"ADD:1,4;ADD:2,5;REMOVE:0,1;REMOVE:3,1;REMOVE:4,5;REMOVE:4,6;REMOVE:6,2",0:1;1:3;2:-;3:1;4:5|6;5:1;6:2;7:4;8:7;9:-,0:-;1:3|4;2:5;3:-;4:-;5:1;6:-;7:4;8:7;9:-,1@2=1;1@4=1;1@9=1;5@1=1;7@8=1,"2,4,9,1,8",5,5,5,0,1.0,0.39542145618423047,0.5555555555555556,0.03986590062867493,0.0,0.0,0.2,0.0054662227630615234,Feasible
299,298,7,4,3,"ADD:2,8;ADD:4,6;ADD:6,2;ADD:7,9;REMOVE:2,5;REMOVE:5,1;REMOVE:8,7",0:-;1:3|4;2:5;3:-;4:-;5:1;6:-;7:4;8:7;9:-,0:-;1:3|4;2:8;3:-;4:6;5:-;6:2;7:4|9;8:-;9:-,1@1=1;1@2=1;1@3=1;1@6=1;4@6=1;6@2=1;7@9=1,"1,2,3,6,9",7,7,7,0,1.0,0.15884014531511237,0.5,0.05884014531511238,0.0,0.0,0.4,0.0036580562591552734,Feasible
300,299,7,5,2,"ADD:0,4;ADD:1,2;ADD:4,0;ADD:5,6;ADD:7,5;REMOVE:2,8;REMOVE:6,2",0:-;1:3|4;2:8;3:-;4:6;5:-;6:2;7:4|9;8:-;9:-,0:4;1:2|3|4;2:-;3:-;4:0|6;5:6;6:-;7:4|5|9;8:-;9:-,0@4=2;0@6=1;0@7=1;1@4=1;1@0=1;1@1=1;1@2=1;4@4=1;4@0=1;4@1=1;4@9=1;5@6=1;7@7=1;7@2=1;7@5=1,"4,6,7,0,1,2,9,5",16,15,15,0,1.0,-0.1696331150788699,0.2857142857142857,0.04465259920684436,0.0,0.0,0.5,0.0038750171661376953,Feasible
301,300,7,5,2,"ADD:0,0;ADD:0,1;ADD:2,2;ADD:6,5;ADD:6,9;REMOVE:1,4;REMOVE:7,5",0:4;1:2|3|4;2:-;3:-;4:0|6;5:6;6:-;7:4|5|9;8:-;9:-,0:0|1|4;1:2|3;2:2;3:-;4:0|6;5:6;6:5|9;7:4|9;8:-;9:-,0@0=1;0@1=1;0@2=1;0@5=1;0@7=1;1@1=1;1@2=1;1@7=1;1@8=1;1@9=1;2@2=1;2@8=1;2@4=1;4@2=1;4@4=2;4@6=1;5@7=1;6@5=1;7@9=1;7@4=1;7@3=1,"0,1,2,5,7,8,9,4,6,3",22,21,21,0,1.0,-0.2612000275070996,0.2,0.038799972492900375,0.0,0.0,0.5,0.00615692138671875,Feasible
302,301,7,3,4,"ADD:1,0;ADD:2,1;ADD:7,0;REMOVE:1,3;REMOVE:4,0;REMOVE:6,5;REMOVE:6,9",0:0|1|4;1:2|3;2:2;3:-;4:0|6;5:6;6:5|9;7:4|9;8:-;9:-,0:0|1|4;1:0|2;2:1|2;3:-;4:6;5:6;6:-;7:0|4|9;8:-;9:-,0@1=1;0@3=1;0@4=2;0@5=1;0@7=1;0@8=1;1@2=2;1@9=1;2@1=1;4@7=1;5@4=1;7@1=2;7@3=1;7@4=3;7@9=1;7@0=1,"1,3,4,5,7,8,2,9,0",21,16,16,0,1.0,0.06010348081034578,0.3076923076923077,0.05241117311803814,0.0,0.0,0.30000000000000004,0.0058040618896484375,Feasible
303,302,10,2,8,"ADD:4,0;ADD:6,4;REMOVE:0,0;REMOVE:0,4;REMOVE:1,0;REMOVE:1,2;REMOVE:2,1;REMOVE:5,6;REMOVE:7,0;REMOVE:7,9",0:0|1|4;1:0|2;2:1|2;3:-;4:6;5:6;6:-;7:0|4|9;8:-;9:-,0:1;1:-;2:2;3:-;4:0|6;5:-;6:4;7:4;8:-;9:-,0@1=2;0@3=1;0@6=2;0@7=1;0@8=1;0@9=1;2@4=1;4@8=1;4@0=1;6@4=1;7@4=2;7@2=1,"1,3,6,7,8,9,4,0,2",15,12,12,0,1.0,0.5113337148270087,0.6666666666666666,0.04466704816034222,0.0,0.0,0.2,0.014139175415039062,Feasible
304,303,9,7,2,"ADD:0,0;ADD:0,4;ADD:1,1;ADD:2,8;ADD:3,0;ADD:5,4;ADD:7,9;REMOVE:2,2;REMOVE:4,6",0:1;1:-;2:2;3:-;4:0|6;5:-;6:4;7:4;8:-;9:-,0:0|1|4;1:1;2:8;3:0;4:0;5:4;6:4;7:4|9;8:-;9:-,0@0=1;0@4=1;0@5=2;1@1=1;1@3=1;1@6=1;1@7=1;1@9=1;3@0=1;4@0=1;5@4=1;6@2=1;7@9=1;7@2=2,"0,4,5,1,3,6,7,9,2",16,14,14,0,1.0,-0.32567748681783637,0.3333333333333333,0.0409891798488303,0.0,0.0,0.7,0.005799770355224609,Feasible
305,304,9,4,5,"ADD:4,3;ADD:5,5;ADD:6,0;ADD:6,9;REMOVE:0,0;REMOVE:0,4;REMOVE:3,0;REMOVE:7,4;REMOVE:7,9",0:0|1|4;1:1;2:8;3:0;4:0;5:4;6:4;7:4|9;8:-;9:-,0:1;1:1;2:8;3:-;4:0|3;5:4|5;6:0|4|9;7:-;8:-;9:-,0@1=2;1@3=1;2@6=1;4@3=1;4@7=1;5@6=1;6@6=1;6@0=1;6@9=1,"1,3,6,7,0,9",10,9,9,0,1.0,0.10450416302762033,0.45454545454545453,0.04995870848216578,0.0,0.0,0.4,0.007512092590332031,Feasible
306,305,10,4,6,"ADD:0,5;ADD:2,0;ADD:2,9;ADD:7,7;REMOVE:1,1;REMOVE:4,0;REMOVE:5,4;REMOVE:5,5;REMOVE:6,0;REMOVE:6,4",0:1;1:1;2:8;3:-;4:0|3;5:4|5;6:0|4|9;7:-;8:-;9:-,0:1|5;1:-;2:0|8|9;3:-;4:3;5:-;6:9;7:7;8:-;9:-,0@5=1;2@0=1;2@9=1;4@3=1;6@2=1;7@2=1;7@4=1,"5,0,9,3,2,4",7,7,7,0,1.0,0.2583904593305447,0.6,0.05839045933054477,0.0,0.0,0.4,0.006670951843261719,Feasible
307,306,7,4,3,"ADD:5,2;ADD:5,6;ADD:7,5;ADD:8,4;REMOVE:0,5;REMOVE:2,0;REMOVE:6,9",0:1|5;1:-;2:0|8|9;3:-;4:3;5:-;6:9;7:7;8:-;9:-,0:1;1:-;2:8|9;3:-;4:3;5:2|6;6:-;7:5|7;8:4;9:-,0@1=1;0@3=1;0@6=1;0@9=1;2@1=1;2@6=1;2@9=1;2@4=1;4@2=1;5@6=1;5@2=3;5@5=1;7@5=1;8@4=1,"1,3,6,9,4,2,5",16,14,14,0,1.0,0.026748710413845134,0.375,0.05174871041384514,0.0,0.0,0.4,0.00420689582824707,Feasible
308,307,8,4,4,"ADD:0,0;ADD:0,4;ADD:1,8;ADD:6,1;REMOVE:2,8;REMOVE:5,6;REMOVE:7,5;REMOVE:8,4",0:1;1:-;2:8|9;3:-;4:3;5:2|6;6:-;7:5|7;8:4;9:-,0:0|1|4;1:8;2:9;3:-;4:3;5:2;6:1;7:7;8:-;9:-,0@0=1;0@2=2;0@4=1;0@8=1;1@8=1;2@2=1;2@1=1;2@3=1;4@5=2;5@2=1;5@4=1;5@8=1;6@1=1;7@2=1;7@4=1,"0,2,4,8,1,3,5",17,15,15,0,1.0,0.07095700436132185,0.4444444444444444,0.026512559916877444,0.0,0.0,0.4,0.005239963531494141,Feasible
309,308,6,5,1,"ADD:2,0;ADD:2,4;ADD:4,6;ADD:6,5;ADD:7,8;REMOVE:0,4",0:0|1|4;1:8;2:9;3:-;4:3;5:2;6:1;7:7;8:-;9:-,0:0|1;1:8;2:0|4|9;3:-;4:3|6;5:2;6:1|5;7:7|8;8:-;9:-,0@2=1;0@9=2;1@2=1;1@4=1;2@4=1;2@0=1;4@6=1;5@4=1;6@5=1;7@2=2;7@9=1;7@0=1;7@5=2,"2,9,4,0,6,5",16,13,13,0,1.0,-0.36323683941105167,0.1111111111111111,0.02565204947783726,0.0,0.0,0.5,0.005979061126708984,Feasible
310,309,6,2,4,"ADD:1,9;ADD:6,9;REMOVE:2,4;REMOVE:4,3;REMOVE:6,1;REMOVE:7,7",0:0|1;1:8;2:0|4|9;3:-;4:3|6;5:2;6:1|5;7:7|8;8:-;9:-,0:0|1;1:8|9;2:0|9;3:-;4:6;5:2;6:5|9;7:8;8:-;9:-,0@1=1;0@2=1;0@6=1;1@2=1;1@9=1;2@1=1;2@0=1;2@7=1;4@9=1;5@0=1;5@3=1;6@0=1;7@2=2;7@4=1,"1,2,6,9,0,7,3,4",15,14,14,0,1.0,0.1291092903615016,0.3076923076923077,0.02141698266919388,0.0,0.0,0.2,0.0054302215576171875,Feasible
311,310,8,5,3,"ADD:2,1;ADD:2,4;ADD:4,2;ADD:6,4;ADD:7,9;REMOVE:0,0;REMOVE:1,8;REMOVE:5,2",0:0|1;1:8|9;2:0|9;3:-;4:6;5:2;6:5|9;7:8;8:-;9:-,0:1;1:9;2:0|1|4|9;3:-;4:2|6;5:-;6:4|5|9;7:8|9;8:-;9:-,0@3=1;1@1=1;1@9=1;2@3=1;2@1=1;2@4=1;4@2=1;6@4=2;7@9=2;7@2=1;7@8=1,"3,1,9,4,2,8",13,11,11,0,1.0,-0.15387309075182753,0.2727272727272727,0.07339963652089974,0.0,0.0,0.5,0.004250049591064453,Feasible
312,311,3,3,0,"ADD:3,6;ADD:5,0;ADD:7,1",0:1;1:9;2:0|1|4|9;3:-;4:2|6;5:-;6:4|5|9;7:8|9;8:-;9:-,0:1;1:9;2:0|1|4|9;3:6;4:2|6;5:0;6:4|5|9;7:1|8|9;8:-;9:-,2@4=2;3@6=1;4@8=1;4@9=1;5@0=1;5@2=1;6@4=1;6@9=1;7@4=1;7@2=2;7@1=1;7@3=1,"4,6,8,9,0,2,1,3",14,12,12,0,1.0,-0.24694071699362366,0.0,0.05305928300637638,0.0,0.0,0.30000000000000004,0.0014650821685791016,Feasible
313,312,13,4,9,"ADD:1,1;ADD:5,3;ADD:5,4;ADD:7,0;REMOVE:0,1;REMOVE:2,0;REMOVE:2,1;REMOVE:2,4;REMOVE:2,9;REMOVE:3,6;REMOVE:4,6;REMOVE:6,4;REMOVE:6,9",0:1;1:9;2:0|1|4|9;3:6;4:2|6;5:0;6:4|5|9;7:1|8|9;8:-;9:-,0:-;1:1|9;2:-;3:-;4:2;5:0|3|4;6:5;7:0|1|8|9;8:-;9:-,1@6=1;4@4=1;5@4=1;5@3=1;5@5=1;6@8=1;7@0=1,"6,4,3,5,8,0",7,7,7,0,1.0,0.20693082759593862,0.5625,0.04443082759593864,0.0,0.0,0.4,0.008976936340332031,Feasible
314,313,10,5,5,"ADD:2,0;ADD:2,1;ADD:3,7;ADD:4,1;ADD:6,4;REMOVE:1,1;REMOVE:5,0;REMOVE:5,3;REMOVE:7,1;REMOVE:7,8",0:-;1:1|9;2:-;3:-;4:2;5:0|3|4;6:5;7:0|1|8|9;8:-;9:-,0:-;1:9;2:0|1;3:7;4:1|2;5:4;6:4|5;7:0|9;8:-;9:-,1@2=1;1@9=2;2@0=1;2@1=1;2@6=1;3@7=1;4@2=1;4@9=1;5@4=1;5@8=1;6@4=1;7@2=1;7@1=2;7@7=1;7@5=1,"2,9,0,1,6,7,4,8,5",17,15,15,0,1.0,0.005020080946223415,0.45454545454545453,0.0504746264007689,0.0,0.0,0.5,0.006398200988769531,Feasible
315,314,8,5,3,"ADD:1,0;ADD:2,4;ADD:4,0;ADD:5,0;ADD:7,8;REMOVE:3,7;REMOVE:4,1;REMOVE:6,4",0:-;1:9;2:0|1;3:7;4:1|2;5:4;6:4|5;7:0|9;8:-;9:-,0:-;1:0|9;2:0|1|4;3:-;4:0|2;5:0|4;6:5;7:0|8|9;8:-;9:-,1@0=2;1@2=1;2@1=1;2@4=2;2@6=1;2@9=1;4@2=1;5@0=1;5@5=1;6@8=1;7@1=1;7@5=1;7@8=1;7@3=1,"0,2,1,4,6,9,5,8,3",16,14,14,0,1.0,-0.1776066178933639,0.2727272727272727,0.04966610937936338,0.0,0.0,0.5,0.004363059997558594,Feasible
316,315,9,3,6,"ADD:1,3;ADD:1,4;ADD:6,1;REMOVE:2,1;REMOVE:2,4;REMOVE:4,0;REMOVE:5,0;REMOVE:7,0;REMOVE:7,9",0:-;1:0|9;2:0|1|4;3:-;4:0|2;5:0|4;6:5;7:0|8|9;8:-;9:-,0:-;1:0|3|4|9;2:0;3:-;4:2;5:4;6:1|5;7:8;8:-;9:-,1@1=1;1@3=1;1@4=1;2@0=1;4@4=1;4@2=1;5@8=1;6@1=1;6@9=1;7@5=1;7@7=1,"1,3,4,0,2,8,9,5,7",11,11,11,0,1.0,0.2064431110280247,0.46153846153846156,0.04490464948956323,0.0,0.0,0.30000000000000004,0.0070269107818603516,Feasible
317,316,5,2,3,"ADD:5,3;ADD:7,3;REMOVE:1,0;REMOVE:1,3;REMOVE:6,1",0:-;1:0|3|4|9;2:0;3:-;4:2;5:4;6:1|5;7:8;8:-;9:-,0:-;1:4|9;2:0;3:-;4:2;5:3|4;6:5;7:3|8;8:-;9:-,1@1=2;1@7=1;2@2=1;4@0=2;4@4=1;5@1=1;7@3=1;7@9=1,"1,7,2,0,4,3,9",10,8,8,0,1.0,0.11115910488697406,0.3,0.011159104886974056,0.0,0.0,0.2,0.0042688846588134766,Feasible
318,317,6,2,4,"ADD:2,1;ADD:3,6;REMOVE:1,9;REMOVE:5,4;REMOVE:6,5;REMOVE:7,3",0:-;1:4|9;2:0;3:-;4:2;5:3|4;6:5;7:3|8;8:-;9:-,0:-;1:4;2:0|1;3:6;4:2;5:3;6:-;7:8;8:-;9:-,1@2=1;2@2=1;2@1=1;2@9=1;4@2=1;4@8=1;5@9=1;7@2=2;7@8=1,"2,1,9,8",10,9,9,0,1.0,0.2783606861267331,0.4444444444444444,0.03391624168228869,0.0,0.0,0.2,0.004454135894775391,Feasible
319,318,6,2,4,"ADD:4,6;ADD:5,5;REMOVE:2,0;REMOVE:2,1;REMOVE:3,6;REMOVE:5,3",0:-;1:4;2:0|1;3:6;4:2;5:3;6:-;7:8;8:-;9:-,0:-;1:4;2:-;3:-;4:2|6;5:5;6:-;7:8;8:-;9:-,1@8=1;4@3=1;4@6=1;7@4=1,"8,3,6,4",4,4,4,0,1.0,0.40116189233777083,0.5714285714285714,0.029733320909199445,0.0,0.0,0.2,0.004225015640258789,Feasible
320,319,7,4,3,"ADD:0,2;ADD:1,1;ADD:2,2;ADD:5,7;REMOVE:4,6;REMOVE:5,5;REMOVE:7,8",0:-;1:4;2:-;3:-;4:2|6;5:5;6:-;7:8;8:-;9:-,0:2;1:1|4;2:2;3:-;4:2;5:7;6:-;7:-;8:-;9:-,1@1=1;1@3=1;1@4=1;2@2=1;2@9=1;4@4=1;4@2=1;5@1=2;5@2=1,"1,3,4,2,9",10,9,9,0,1.0,0.23874584993340497,0.6,0.038745849933405,0.0,0.0,0.4,0.00459599494934082,Feasible
321,320,5,4,1,"ADD:1,0;ADD:6,8;ADD:7,0;ADD:7,4;REMOVE:5,7",0:2;1:1|4;2:2;3:-;4:2;5:7;6:-;7:-;8:-;9:-,0:2;1:0|1|4;2:2;3:-;4:2;5:-;6:8;7:0|4;8:-;9:-,1@0=1;1@1=1;1@2=1;1@4=2;1@7=1;2@2=1;2@4=1;4@4=1;4@5=1;4@9=2;7@0=1;7@2=1;7@4=1,"0,1,2,4,7,5,9",15,13,13,0,1.0,-0.1905358929220728,0.16666666666666666,0.042797440411260566,0.0,0.0,0.4,0.0022919178009033203,Feasible
322,321,5,3,2,"ADD:1,2;ADD:2,6;ADD:7,3;REMOVE:0,2;REMOVE:6,8",0:2;1:0|1|4;2:2;3:-;4:2;5:-;6:8;7:0|4;8:-;9:-,0:-;1:0|1|2|4;2:2|6;3:-;4:2;5:-;6:-;7:0|3|4;8:-;9:-,1@4=1;1@5=1;1@7=1;1@9=1;2@6=1;7@3=1,"4,5,7,9,6,3",6,6,6,0,1.0,-0.028964072243131356,0.2222222222222222,0.04881370553464648,0.0,0.0,0.30000000000000004,0.002986907958984375,Feasible
323,322,4,2,2,"ADD:0,0;ADD:6,5;REMOVE:1,0;REMOVE:7,0",0:-;1:0|1|2|4;2:2|6;3:-;4:2;5:-;6:-;7:0|3|4;8:-;9:-,0:0;1:1|2|4;2:2|6;3:-;4:2;5:-;6:5;7:3|4;8:-;9:-,1@0=1;2@1=1;2@3=1;2@4=1;2@8=1;4@4=1;6@5=1;7@1=1;7@4=1,"0,1,3,4,8,5",9,9,9,0,1.0,0.020875765404605867,0.2,0.02087576540460587,0.0,0.0,0.2,0.002974987030029297,Feasible
324,323,5,1,4,"ADD:5,3;REMOVE:0,0;REMOVE:1,2;REMOVE:1,4;REMOVE:2,6",0:0;1:1|2|4;2:2|6;3:-;4:2;5:-;6:5;7:3|4;8:-;9:-,0:-;1:1;2:2;3:-;4:2;5:3;6:5;7:3|4;8:-;9:-,1@1=1;1@3=2;2@8=1;4@0=1;4@4=1;4@5=1;5@3=1;7@3=1;7@4=1;7@7=2,"1,3,8,0,4,5,7",12,10,10,0,1.0,0.3344883183073233,0.4,0.034488318307323226,0.0,0.0,0.1,0.005831241607666016,Feasible
325,324,6,5,1,"ADD:1,2;ADD:4,6;ADD:6,4;ADD:7,0;ADD:7,9;REMOVE:5,3",0:-;1:1;2:2;3:-;4:2;5:3;6:5;7:3|4;8:-;9:-,0:-;1:1|2;2:2;3:-;4:2|6;5:-;6:4|5;7:0|3|4|9;8:-;9:-,1@1=1;1@2=1;2@4=1;4@6=2;6@4=1;6@5=1;7@0=1;7@3=1;7@7=1;7@8=1,"1,2,4,6,5,0,3,7,8",11,10,10,0,1.0,-0.28230489805356934,0.14285714285714285,0.07483795908928782,0.0,0.0,0.5,0.0023009777069091797,Feasible
326,325,8,1,7,"ADD:5,1;REMOVE:1,1;REMOVE:1,2;REMOVE:4,6;REMOVE:6,4;REMOVE:6,5;REMOVE:7,3;REMOVE:7,9",0:-;1:1|2;2:2;3:-;4:2|6;5:-;6:4|5;7:0|3|4|9;8:-;9:-,0:-;1:-;2:2;3:-;4:2;5:1;6:-;7:0|4;8:-;9:-,2@2=2;4@2=1;5@1=1;7@5=1;7@8=1,"2,1,5,8",6,5,5,0,1.0,0.600937028226349,0.6363636363636364,0.06457339186271265,0.0,0.0,0.1,0.0063838958740234375,Feasible
327,326,5,2,3,"ADD:1,1;ADD:5,2;REMOVE:4,2;REMOVE:5,1;REMOVE:7,0",0:-;1:-;2:2;3:-;4:2;5:1;6:-;7:0|4;8:-;9:-,0:-;1:1;2:2;3:-;4:-;5:2;6:-;7:4;8:-;9:-,1@1=1;1@6=1;2@8=1;7@6=1,"1,6,8",4,4,4,0,1.0,0.42057573327743075,0.6,0.020575733277430768,0.0,0.0,0.2,0.0033960342407226562,Feasible
328,327,5,5,0,"ADD:0,1;ADD:1,2;ADD:6,4;ADD:7,5;ADD:9,1",0:-;1:1;2:2;3:-;4:-;5:2;6:-;7:4;8:-;9:-,0:1;1:1|2;2:2;3:-;4:-;5:2;6:4;7:4|5;8:-;9:1,0@1=1;1@2=1;2@0=1;2@3=1;2@9=1;5@2=1;5@7=1;6@4=1;7@2=1;7@4=1;7@5=1,"1,2,0,3,9,7,4,5",11,11,11,0,1.0,-0.4425095164019637,0.0,0.05749048359803633,0.0,0.0,0.5,0.0013887882232666016,Feasible
329,328,3,2,1,"ADD:2,0;ADD:4,2;REMOVE:0,1",0:1;1:1|2;2:2;3:-;4:-;5:2;6:4;7:4|5;8:-;9:1,0:-;1:1|2;2:0|2;3:-;4:2;5:2;6:4;7:4|5;8:-;9:1,1@0=1;1@1=1;1@8=1;1@9=1;2@2=1;4@2=1;5@3=1;5@4=1;6@7=1;7@4=1;7@7=1;7@5=1,"0,1,8,9,2,3,4,7,5",12,12,12,0,1.0,-0.049309233968551386,0.1111111111111111,0.03957965492033751,0.0,0.0,0.2,0.0023560523986816406,Feasible
330,329,9,4,5,"ADD:0,0;ADD:6,0;ADD:6,3;ADD:7,1;REMOVE:1,1;REMOVE:1,2;REMOVE:2,0;REMOVE:5,2;REMOVE:9,1",0:-;1:1|2;2:0|2;3:-;4:2;5:2;6:4;7:4|5;8:-;9:1,0:0;1:-;2:2;3:-;4:2;5:-;6:0|3|4;7:1|4|5;8:-;9:-,2@2=2;4@4=1;6@0=1;7@1=1;7@3=1;7@7=1,"2,4,0,1,3,7",7,6,6,0,1.0,0.1531112164046794,0.5,0.05311121640467938,0.0,0.0,0.4,0.006245136260986328,Feasible
331,330,10,4,6,"ADD:1,6;ADD:2,1;ADD:3,2;ADD:5,8;REMOVE:0,0;REMOVE:4,2;REMOVE:6,3;REMOVE:6,4;REMOVE:7,1;REMOVE:7,5",0:0;1:-;2:2;3:-;4:2;5:-;6:0|3|4;7:1|4|5;8:-;9:-,0:-;1:6;2:1|2;3:2;4:-;5:8;6:0;7:4;8:-;9:-,1@6=1;2@0=1;2@1=2;2@4=1;5@8=1;6@0=1;7@4=1;7@2=1,"6,0,1,4,8,2",9,8,8,0,1.0,0.33154731200480725,0.6666666666666666,0.06488064533814067,0.0,0.0,0.4,0.006414890289306641,Feasible
332,331,5,2,3,"ADD:4,5;ADD:8,8;REMOVE:2,1;REMOVE:3,2;REMOVE:6,0",0:-;1:6;2:1|2;3:2;4:-;5:8;6:0;7:4;8:-;9:-,0:-;1:6;2:2;3:-;4:5;5:8;6:-;7:4;8:8;9:-,1@6=1;1@8=1;2@0=1;4@5=1;5@6=1;5@8=1;7@4=1,"6,8,0,5,4",7,7,7,0,1.0,0.28534778193955823,0.42857142857142855,0.05677635336812969,0.0,0.0,0.2,0.003504037857055664,Feasible
333,332,6,4,2,"ADD:2,0;ADD:4,1;ADD:6,5;ADD:7,0;REMOVE:1,6;REMOVE:8,8",0:-;1:6;2:2;3:-;4:5;5:8;6:-;7:4;8:8;9:-,0:-;1:-;2:0|2;3:-;4:1|5;5:8;6:5;7:0|4;8:-;9:-,2@0=1;2@2=1;4@0=1;4@1=1;5@1=1;5@4=1;6@5=1;7@0=1;7@4=1,"0,2,1,4,5",9,9,9,0,1.0,-0.000348352043081368,0.3333333333333333,0.06631831462358535,0.0,0.0,0.4,0.0027871131896972656,Feasible
334,333,5,2,3,"ADD:1,3;ADD:9,4;REMOVE:2,2;REMOVE:5,8;REMOVE:7,4",0:-;1:-;2:0|2;3:-;4:1|5;5:8;6:5;7:0|4;8:-;9:-,0:-;1:3;2:0;3:-;4:1|5;5:-;6:5;7:0;8:-;9:4,1@3=1;1@7=1;2@5=1;4@0=1;4@9=1;6@2=1;7@2=1,"3,7,5,0,9,2",7,7,7,0,1.0,0.18871162994614538,0.375,0.013711629946145382,0.0,0.0,0.2,0.003823995590209961,Feasible
335,334,8,4,4,"ADD:1,0;ADD:5,2;ADD:7,8;ADD:8,2;REMOVE:2,0;REMOVE:4,1;REMOVE:6,5;REMOVE:9,4",0:-;1:3;2:0;3:-;4:1|5;5:-;6:5;7:0;8:-;9:4,0:-;1:0|3;2:-;3:-;4:5;5:2;6:-;7:0|8;8:2;9:-,1@0=1;4@3=1;4@5=1;5@2=1;5@8=1;7@0=1;7@5=1;7@8=1;7@7=1,"0,3,5,2,8,7",9,9,9,0,1.0,0.2245020540438184,0.5714285714285714,0.053073482615247,0.0,0.0,0.4,0.004669904708862305,Feasible
336,335,7,6,1,"ADD:0,8;ADD:2,0;ADD:2,1;ADD:4,1;ADD:5,1;ADD:7,1;REMOVE:8,2",0:-;1:0|3;2:-;3:-;4:5;5:2;6:-;7:0|8;8:2;9:-,0:8;1:0|3;2:0|1;3:-;4:1|5;5:1|2;6:-;7:0|1|8;8:-;9:-,0@8=1;1@2=1;2@0=1;2@1=1;4@1=1;5@2=1;5@1=1;5@7=1;7@2=1;7@0=1;7@4=1;7@9=1,"8,2,0,1,7,4,9",12,12,12,0,1.0,-0.3951304063407995,0.14285714285714285,0.06201245080205765,0.0,0.0,0.6,0.0022630691528320312,Feasible
337,336,7,1,6,"ADD:0,2;REMOVE:1,0;REMOVE:2,0;REMOVE:4,5;REMOVE:5,1;REMOVE:5,2;REMOVE:7,0",0:8;1:0|3;2:0|1;3:-;4:1|5;5:1|2;6:-;7:0|1|8;8:-;9:-,0:2|8;1:3;2:1;3:-;4:1;5:-;6:-;7:1|8;8:-;9:-,0@2=1;0@4=1;1@1=1;1@3=1;2@1=1;7@2=1;7@4=2;7@1=1;7@6=1;7@8=1;7@9=1,"2,4,1,3,6,8,9",12,11,11,0,1.0,0.441961375512396,0.5,0.04196137551239594,0.0,0.0,0.1,0.0065538883209228516,Feasible
338,337,4,1,3,"ADD:2,3;REMOVE:0,2;REMOVE:0,8;REMOVE:4,1",0:2|8;1:3;2:1;3:-;4:1;5:-;6:-;7:1|8;8:-;9:-,0:-;1:3;2:1|3;3:-;4:-;5:-;6:-;7:1|8;8:-;9:-,1@1=1;1@2=1;7@1=3;7@2=1;7@3=1,"1,2,3",7,5,5,0,1.0,0.379353700733449,0.42857142857142855,0.05078227216202042,0.0,0.0,0.1,0.003364086151123047,Feasible
339,338,7,6,1,"ADD:1,6;ADD:2,4;ADD:3,6;ADD:4,2;ADD:4,6;ADD:5,4;REMOVE:7,1",0:-;1:3;2:1|3;3:-;4:-;5:-;6:-;7:1|8;8:-;9:-,0:-;1:3|6;2:1|3|4;3:6;4:2|6;5:4;6:-;7:8;8:-;9:-,1@3=1;1@6=1;2@3=1;2@1=1;2@2=1;2@4=2;3@6=1;4@6=1;5@4=1;7@2=1,"3,6,1,2,4",11,10,10,0,1.0,-0.3255411291336488,0.2,0.07445887086635118,0.0,0.0,0.6,0.0021109580993652344,Feasible
340,339,11,4,7,"ADD:5,9;ADD:6,0;ADD:7,0;ADD:7,3;REMOVE:1,6;REMOVE:2,1;REMOVE:2,3;REMOVE:2,4;REMOVE:3,6;REMOVE:4,2;REMOVE:4,6",0:-;1:3|6;2:1|3|4;3:6;4:2|6;5:4;6:-;7:8;8:-;9:-,0:-;1:3;2:-;3:-;4:-;5:4|9;6:0;7:0|3|8;8:-;9:-,1@1=1;1@5=1;5@9=1;7@0=1;7@3=1,"1,5,9,0,3",5,5,5,0,1.0,0.3552331311380915,0.7,0.05523313113809153,0.0,0.0,0.4,0.00680994987487793,Feasible
341,340,7,4,3,"ADD:0,1;ADD:3,7;ADD:4,1;ADD:6,4;REMOVE:1,3;REMOVE:7,0;REMOVE:7,3",0:-;1:3;2:-;3:-;4:-;5:4|9;6:0;7:0|3|8;8:-;9:-,0:1;1:-;2:-;3:7;4:1;5:4|9;6:0|4;7:8;8:-;9:-,3@7=1;4@1=1;4@3=1;5@3=1;5@4=1;6@4=1;7@1=1,"7,1,3,4",7,7,7,0,1.0,0.08677001567837911,0.42857142857142855,0.05819858710695058,0.0,0.0,0.4,0.003536224365234375,Feasible
342,341,4,3,1,"ADD:1,8;ADD:4,5;ADD:5,5;REMOVE:6,4",0:1;1:-;2:-;3:7;4:1;5:4|9;6:0|4;7:8;8:-;9:-,0:1;1:8;2:-;3:7;4:1|5;5:4|5|9;6:0;7:8;8:-;9:-,0@7=1;0@9=1;4@1=1;4@5=1;5@5=1;6@5=1;7@2=1;7@6=1,"7,9,1,5,2,6",8,8,8,0,1.0,-0.14110695436511636,0.125,0.03389304563488369,0.0,0.0,0.30000000000000004,0.0021507740020751953,Feasible
343,342,10,6,4,"ADD:0,0;ADD:0,4;ADD:1,3;ADD:4,4;ADD:6,9;ADD:7,9;REMOVE:3,7;REMOVE:5,4;REMOVE:5,5;REMOVE:6,0",0:1;1:8;2:-;3:7;4:1|5;5:4|5|9;6:0;7:8;8:-;9:-,0:0|1|4;1:3|8;2:-;3:-;4:1|4|5;5:9;6:9;7:8|9;8:-;9:-,0@0=1;0@1=2;0@4=1;0@8=2;1@1=1;1@8=1;1@3=1;4@4=1;4@6=1;5@6=1;7@4=2;7@2=1;7@9=1,"0,1,4,8,3,6,2,9",16,13,13,0,1.0,-0.1508021758689771,0.4,0.049197824131022874,0.0,0.0,0.6,0.005156993865966797,Feasible
344,343,10,3,7,"ADD:2,8;ADD:6,8;ADD:8,6;REMOVE:0,4;REMOVE:1,8;REMOVE:4,4;REMOVE:4,5;REMOVE:5,9;REMOVE:7,8;REMOVE:7,9",0:0|1|4;1:3|8;2:-;3:-;4:1|4|5;5:9;6:9;7:8|9;8:-;9:-,0:0|1;1:3;2:8;3:-;4:1;5:-;6:8|9;7:-;8:6;9:-,0@1=1;0@5=1;1@1=1;1@2=1;1@3=1;2@8=1;4@1=2;6@8=1,"1,5,2,3,8",9,8,8,0,1.0,0.3555929067195782,0.5833333333333334,0.07225957338624495,0.0,0.0,0.30000000000000004,0.00678706169128418,Feasible
345,344,8,6,2,"ADD:0,4;ADD:2,0;ADD:2,3;ADD:3,1;ADD:4,4;ADD:7,7;REMOVE:6,8;REMOVE:6,9",0:0|1;1:3;2:8;3:-;4:1;5:-;6:8|9;7:-;8:6;9:-,0:0|1|4;1:3;2:0|3|8;3:1;4:1|4;5:-;6:-;7:7;8:6;9:-,0@0=2;0@2=2;0@3=1;0@4=1;1@2=2;2@0=1;2@3=1;3@1=1;4@4=1;4@6=1;4@8=1;7@7=1,"0,2,3,4,1,6,8,7",15,12,12,0,1.0,-0.3002580639271404,0.25,0.04974193607285957,0.0,0.0,0.6,0.003206968307495117,Feasible
346,345,7,2,5,"ADD:1,8;ADD:5,1;REMOVE:2,0;REMOVE:3,1;REMOVE:4,1;REMOVE:4,4;REMOVE:8,6",0:0|1|4;1:3;2:0|3|8;3:1;4:1|4;5:-;6:-;7:7;8:6;9:-,0:0|1|4;1:3|8;2:3|8;3:-;4:-;5:1;6:-;7:7;8:-;9:-,0@0=1;0@4=1;0@7=1;0@9=1;1@8=1;2@7=2;2@2=1;5@1=1;7@0=1;7@4=1;7@2=1,"0,4,7,9,8,2,1",12,11,11,0,1.0,0.2498090932196007,0.4166666666666667,0.03314242655293404,0.0,0.0,0.2,0.006649017333984375,Feasible
347,346,8,3,5,"ADD:4,5;ADD:6,1;ADD:8,9;REMOVE:0,0;REMOVE:0,1;REMOVE:1,3;REMOVE:1,8;REMOVE:2,8",0:0|1|4;1:3|8;2:3|8;3:-;4:-;5:1;6:-;7:7;8:-;9:-,0:4;1:-;2:3;3:-;4:5;5:1;6:1;7:7;8:9;9:-,0@4=2;2@9=1;4@5=1;5@1=1;6@1=1;7@9=1;7@1=1,"4,9,5,1",8,7,7,0,1.0,0.31541855604994085,0.5555555555555556,0.059863000494385296,0.0,0.0,0.30000000000000004,0.005109071731567383,Feasible
348,347,8,5,3,"ADD:0,9;ADD:1,9;ADD:2,4;ADD:6,4;ADD:9,6;REMOVE:4,5;REMOVE:5,1;REMOVE:8,9",0:4;1:-;2:3;3:-;4:5;5:1;6:1;7:7;8:9;9:-,0:4|9;1:9;2:3|4;3:-;4:-;5:-;6:1|4;7:7;8:-;9:6,0@2=1;0@6=1;0@9=1;1@9=1;2@9=1;2@4=2;6@4=1;7@0=1;7@8=2,"2,6,9,4,0,8",11,9,9,0,1.0,-0.02782747287744719,0.42857142857142855,0.04360109855112427,0.0,0.0,0.5,0.003729104995727539,Feasible
349,348,10,6,4,"ADD:1,5;ADD:4,0;ADD:4,8;ADD:5,1;ADD:5,2;ADD:7,2;REMOVE:2,3;REMOVE:6,1;REMOVE:6,4;REMOVE:9,6",0:4|9;1:9;2:3|4;3:-;4:-;5:-;6:1|4;7:7;8:-;9:6,0:4|9;1:5|9;2:4;3:-;4:0|8;5:1|2;6:-;7:2|7;8:-;9:-,0@1=1;0@2=1;0@4=2;0@6=1;0@8=1;1@2=1;1@6=1;1@3=1;1@5=1;2@8=1;2@7=1;4@8=1;4@5=1;4@0=1;5@1=1;5@2=1;5@3=1;7@4=1,"1,2,4,6,8,3,5,7,0",19,18,18,0,1.0,-0.11704164125047117,0.4444444444444444,0.03851391430508437,0.0,0.0,0.6,0.007530927658081055,Feasible
350,349,7,3,4,"ADD:1,4;ADD:3,2;ADD:5,3;REMOVE:0,9;REMOVE:2,4;REMOVE:4,8;REMOVE:7,2",0:4|9;1:5|9;2:4;3:-;4:0|8;5:1|2;6:-;7:2|7;8:-;9:-,0:4;1:4|5|9;2:-;3:2;4:0;5:1|2|3;6:-;7:7;8:-;9:-,0@7=1;0@8=1;1@2=1;1@4=1;3@2=1;3@4=1;4@7=1;5@0=1;5@1=1;7@7=1,"7,8,2,4,0,1",10,10,10,0,1.0,0.10710688970350013,0.36363636363636365,0.0434705260671365,0.0,0.0,0.30000000000000004,0.0045740604400634766,Feasible
351,350,9,2,7,"ADD:2,1;ADD:3,6;REMOVE:0,4;REMOVE:1,4;REMOVE:1,5;REMOVE:1,9;REMOVE:4,0;REMOVE:5,1;REMOVE:5,2",0:4;1:4|5|9;2:-;3:2;4:0;5:1|2|3;6:-;7:7;8:-;9:-,0:-;1:-;2:1;3:2|6;4:-;5:3;6:-;7:7;8:-;9:-,3@4=1;3@6=1;5@2=1;7@2=1;7@1=2;7@7=1,"4,6,2,1,7",7,6,6,0,1.0,0.5266153852614108,0.7,0.026615385261410867,0.0,0.0,0.2,0.006989002227783203,Feasible
352,351,6,2,4,"ADD:7,5;ADD:8,3;REMOVE:2,1;REMOVE:3,2;REMOVE:3,6;REMOVE:5,3",0:-;1:-;2:1;3:2|6;4:-;5:3;6:-;7:7;8:-;9:-,0:-;1:-;2:-;3:-;4:-;5:-;6:-;7:5|7;8:3;9:-,7@5=1,5,1,1,1,0,1.0,0.7171223324025313,0.8,0.11712233240253118,0.0,0.0,0.2,0.0037491321563720703,Feasible
353,352,4,2,2,"ADD:2,2;ADD:6,1;REMOVE:7,5;REMOVE:8,3",0:-;1:-;2:-;3:-;4:-;5:-;6:-;7:5|7;8:3;9:-,0:-;1:-;2:2;3:-;4:-;5:-;6:1;7:7;8:-;9:-,6@1=1;7@4=1,"1,4",2,2,2,0,1.0,0.5198742200839481,0.6666666666666666,0.05320755341728145,0.0,0.0,0.2,0.0024280548095703125,Feasible
354,353,8,7,1,"ADD:0,4;ADD:1,1;ADD:1,4;ADD:4,3;ADD:5,1;ADD:5,2;ADD:8,7;REMOVE:6,1",0:-;1:-;2:2;3:-;4:-;5:-;6:1;7:7;8:-;9:-,0:4;1:1|4;2:2;3:-;4:3;5:1|2;6:-;7:7;8:7;9:-,0@4=1;1@4=1;1@1=1;1@6=1;1@7=1;2@2=1;4@3=1;5@1=1;5@6=1;5@2=1;5@0=1;7@9=1,"4,1,6,7,2,3,0,9",12,12,12,0,1.0,-0.3081967099483883,0.3333333333333333,0.05846995671827832,0.0,0.0,0.7,0.0022618770599365234,Feasible
355,354,8,1,7,"ADD:7,3;REMOVE:0,4;REMOVE:1,1;REMOVE:1,4;REMOVE:2,2;REMOVE:5,1;REMOVE:5,2;REMOVE:8,7",0:4;1:1|4;2:2;3:-;4:3;5:1|2;6:-;7:7;8:7;9:-,0:-;1:-;2:-;3:-;4:3;5:-;6:-;7:3|7;8:-;9:-,4@2=1;4@9=1;7@2=1;7@4=1,"2,9,4",4,4,4,0,1.0,0.6777777777777778,0.7777777777777778,0.0,0.0,0.0,0.1,0.0077610015869140625,Feasible
356,355,5,5,0,"ADD:1,2;ADD:1,6;ADD:3,0;ADD:4,6;ADD:5,3",0:-;1:-;2:-;3:-;4:3;5:-;6:-;7:3|7;8:-;9:-,0:-;1:2|6;2:-;3:0;4:3|6;5:3;6:-;7:3|7;8:-;9:-,1@2=1;1@6=2;1@9=1;3@0=1;4@6=1;4@9=1;7@9=1;7@3=1;7@4=2;7@5=1,"2,6,9,0,3,4,5",12,10,10,0,1.0,-0.4555830213360295,0.0,0.04441697866397047,0.0,0.0,0.5,0.0012819766998291016,Feasible
357,356,6,1,5,"ADD:7,8;REMOVE:1,2;REMOVE:3,0;REMOVE:4,3;REMOVE:5,3;REMOVE:7,3",0:-;1:2|6;2:-;3:0;4:3|6;5:3;6:-;7:3|7;8:-;9:-,0:-;1:6;2:-;3:-;4:6;5:-;6:-;7:7|8;8:-;9:-,1@4=1;1@8=1;4@4=1;4@8=1;7@8=1,"4,8",5,5,5,0,1.0,0.5459184137479257,0.625,0.020918413747925708,0.0,0.0,0.1,0.0046880245208740234,Feasible
358,357,6,5,1,"ADD:1,2;ADD:4,4;ADD:5,2;ADD:6,3;ADD:8,4;REMOVE:7,8",0:-;1:6;2:-;3:-;4:6;5:-;6:-;7:7|8;8:-;9:-,0:-;1:2|6;2:-;3:-;4:4|6;5:2;6:3;7:7;8:4;9:-,1@2=4;1@5=1;4@2=1;4@1=1;4@8=1;5@2=1;5@4=1;6@3=1;7@4=1;7@0=1;7@6=1;8@4=1,"2,5,1,8,4,3,0,6",15,12,12,0,1.0,-0.204932775130642,0.25,0.04506722486935798,0.0,0.0,0.5,0.0022399425506591797,Feasible
359,358,7,1,6,"ADD:2,2;REMOVE:4,4;REMOVE:4,6;REMOVE:5,2;REMOVE:6,3;REMOVE:7,7;REMOVE:8,4",0:-;1:2|6;2:-;3:-;4:4|6;5:2;6:3;7:7;8:4;9:-,0:-;1:2|6;2:2;3:-;4:-;5:-;6:-;7:-;8:-;9:-,1@1=1;1@3=1;1@8=1;2@2=1,"1,3,8,2",4,4,4,0,1.0,0.6748772357104613,0.75,0.02487723571046125,0.0,0.0,0.1,0.005604267120361328,Feasible
360,359,6,4,2,"ADD:4,1;ADD:5,3;ADD:6,2;ADD:7,1;REMOVE:1,6;REMOVE:2,2",0:-;1:2|6;2:2;3:-;4:-;5:-;6:-;7:-;8:-;9:-,0:-;1:2;2:-;3:-;4:1;5:3;6:2;7:1;8:-;9:-,1@5=1;4@1=1;4@9=1;5@3=1;7@1=1,"5,1,9,3",5,5,5,0,1.0,0.3202842892546529,0.6666666666666666,0.053617622587986274,0.0,0.0,0.4,0.002621889114379883,Feasible
361,360,4,2,2,"ADD:4,2;ADD:8,9;REMOVE:5,3;REMOVE:6,2",0:-;1:2;2:-;3:-;4:1;5:3;6:2;7:1;8:-;9:-,0:-;1:2;2:-;3:-;4:1|2;5:-;6:-;7:1;8:9;9:-,1@2=1;4@2=1;4@1=1;7@1=1;7@9=1,"2,1,9",5,5,5,0,1.0,0.2776243193615177,0.4,0.07762431936151773,0.0,0.0,0.2,0.002567768096923828,Feasible
362,361,4,2,2,"ADD:4,8;ADD:5,7;REMOVE:4,1;REMOVE:8,9",0:-;1:2;2:-;3:-;4:1|2;5:-;6:-;7:1;8:9;9:-,0:-;1:2;2:-;3:-;4:2|8;5:7;6:-;7:1;8:-;9:-,1@9=1;4@9=1;4@4=1;4@7=1;5@7=1;5@8=1;7@9=1,"9,4,7,8",7,7,7,0,1.0,0.2163488913436234,0.4,0.016348891343623405,0.0,0.0,0.2,0.0027561187744140625,Feasible
363,362,5,4,1,"ADD:0,2;ADD:1,1;ADD:4,5;ADD:7,4;REMOVE:4,8",0:-;1:2;2:-;3:-;4:2|8;5:7;6:-;7:1;8:-;9:-,0:2;1:1|2;2:-;3:-;4:2|5;5:7;6:-;7:1|4;8:-;9:-,0@2=1;1@1=1;1@6=1;4@4=1;5@3=1;7@6=1;7@4=1;7@3=1,"2,1,6,4,3",8,8,8,0,1.0,-0.16567321809135535,0.2,0.03432678190864466,0.0,0.0,0.4,0.002032756805419922,Feasible
364,363,6,1,5,"ADD:1,9;REMOVE:1,1;REMOVE:4,2;REMOVE:4,5;REMOVE:5,7;REMOVE:7,4",0:2;1:1|2;2:-;3:-;4:2|5;5:7;6:-;7:1|4;8:-;9:-,0:2;1:2|9;2:-;3:-;4:-;5:-;6:-;7:1;8:-;9:-,0@3=1;1@2=1;7@1=1,"3,2,1",3,3,3,0,1.0,0.5810702514150302,0.625,0.056070251415030144,0.0,0.0,0.1,0.004839181900024414,Feasible
365,364,5,3,2,"ADD:4,2;ADD:5,2;ADD:7,2;REMOVE:0,2;REMOVE:1,9",0:2;1:2|9;2:-;3:-;4:-;5:-;6:-;7:1;8:-;9:-,0:-;1:2;2:-;3:-;4:2;5:2;6:-;7:1|2;8:-;9:-,1@4=1;4@2=1;7@2=1,"4,2",3,3,3,0,1.0,0.27145837268143214,0.5,0.07145837268143215,0.0,0.0,0.30000000000000004,0.002696990966796875,Feasible
366,365,5,2,3,"ADD:4,0;ADD:8,4;REMOVE:4,2;REMOVE:5,2;REMOVE:7,2",0:-;1:2;2:-;3:-;4:2;5:2;6:-;7:1|2;8:-;9:-,0:-;1:2;2:-;3:-;4:0;5:-;6:-;7:1;8:4;9:-,1@9=1;7@1=1,"9,1",2,2,2,0,1.0,0.4540213764702829,0.6,0.05402137647028291,0.0,0.0,0.2,0.0039980411529541016,Feasible
367,366,7,5,2,"ADD:1,6;ADD:5,4;ADD:6,0;ADD:6,9;ADD:7,5;REMOVE:4,0;REMOVE:8,4",0:-;1:2;2:-;3:-;4:0;5:-;6:-;7:1;8:4;9:-,0:-;1:2|6;2:-;3:-;4:-;5:4;6:0|9;7:1|5;8:-;9:-,1@6=1;5@4=1;6@0=1;7@6=1;7@1=1;7@5=4,"6,4,0,1,5",9,6,6,0,1.0,0.09627252494087446,0.5,0.09627252494087446,0.0,0.0,0.5,0.0029268264770507812,Feasible
368,367,6,2,4,"ADD:4,2;ADD:7,4;REMOVE:1,6;REMOVE:5,4;REMOVE:6,0;REMOVE:6,9",0:-;1:2|6;2:-;3:-;4:-;5:4;6:0|9;7:1|5;8:-;9:-,0:-;1:2;2:-;3:-;4:2;5:-;6:-;7:1|4|5;8:-;9:-,1@2=1;1@9=1;4@2=1;7@2=1;7@0=1;7@4=1,"2,9,0,4",6,6,6,0,1.0,0.42008375916815305,0.5714285714285714,0.04865518773958168,0.0,0.0,0.2,0.004296064376831055,Feasible
369,368,3,1,2,"ADD:5,8;REMOVE:4,2;REMOVE:7,1",0:-;1:2;2:-;3:-;4:2;5:-;6:-;7:1|4|5;8:-;9:-,0:-;1:2;2:-;3:-;4:-;5:8;6:-;7:4|5;8:-;9:-,1@9=2;7@0=1;7@2=1;7@3=1;7@4=1,"9,0,2,3,4",6,5,5,0,1.0,0.31874696556159077,0.4,0.018746965561590796,0.0,0.0,0.1,0.0028090476989746094,Feasible
370,369,5,2,3,"ADD:1,6;ADD:9,1;REMOVE:5,8;REMOVE:7,4;REMOVE:7,5",0:-;1:2;2:-;3:-;4:-;5:8;6:-;7:4|5;8:-;9:-,0:-;1:2|6;2:-;3:-;4:-;5:-;6:-;7:-;8:-;9:1,1@5=1;1@6=1;1@7=1;1@8=1,"5,6,7,8",4,4,4,0,1.0,0.5765894132162259,0.75,0.02658941321622591,0.0,0.0,0.2,0.0034449100494384766,Feasible
371,370,9,6,3,"ADD:0,3;ADD:2,3;ADD:2,8;ADD:3,6;ADD:4,7;ADD:8,2;REMOVE:1,2;REMOVE:1,6;REMOVE:9,1",0:-;1:2|6;2:-;3:-;4:-;5:-;6:-;7:-;8:-;9:1,0:3;1:-;2:3|8;3:6;4:7;5:-;6:-;7:-;8:2;9:-,2@2=1;2@3=1;3@6=1;4@7=1;8@2=1,"2,3,6,7",5,5,5,0,1.0,0.470791650409914,1.0,0.07079165040991396,0.0,0.0,0.6,0.005951881408691406,Feasible
372,371,6,3,3,"ADD:0,0;ADD:7,3;ADD:7,8;REMOVE:0,3;REMOVE:2,3;REMOVE:8,2",0:3;1:-;2:3|8;3:6;4:7;5:-;6:-;7:-;8:2;9:-,0:0;1:-;2:8;3:6;4:7;5:-;6:-;7:3|8;8:-;9:-,2@1=1;4@1=1;7@3=1;7@8=1,"1,3,8",4,4,4,0,1.0,0.24455145832662106,0.5,0.04455145832662116,0.0,0.0,0.30000000000000004,0.0033521652221679688,Feasible
373,372,5,3,2,"ADD:1,1;ADD:3,2;ADD:5,3;REMOVE:0,0;REMOVE:7,3",0:0;1:-;2:8;3:6;4:7;5:-;6:-;7:3|8;8:-;9:-,0:-;1:1;2:8;3:2|6;4:7;5:3;6:-;7:8;8:-;9:-,2@4=1;3@2=1;3@8=1;4@4=1;4@0=1;4@1=1;5@3=1;7@2=1,"4,2,8,0,1,3",8,8,8,0,1.0,0.06027677097467432,0.3333333333333333,0.026943437641341033,0.0,0.0,0.30000000000000004,0.002868175506591797,Feasible
374,373,6,4,2,"ADD:1,2;ADD:2,2;ADD:6,1;ADD:7,3;REMOVE:3,6;REMOVE:4,7",0:-;1:1;2:8;3:2|6;4:7;5:3;6:-;7:8;8:-;9:-,0:-;1:1|2;2:2|8;3:2;4:-;5:3;6:1;7:3|8;8:-;9:-,1@2=1;2@5=1;2@7=1;5@1=1;5@9=1;6@1=1;7@1=1;7@3=1,"2,5,7,1,9,3",8,8,8,0,1.0,-0.07902184451957966,0.2857142857142857,0.03526386976613467,0.0,0.0,0.4,0.0029048919677734375,Feasible
375,374,8,1,7,"ADD:4,6;REMOVE:1,1;REMOVE:1,2;REMOVE:2,2;REMOVE:2,8;REMOVE:5,3;REMOVE:6,1;REMOVE:7,3",0:-;1:1|2;2:2|8;3:2;4:-;5:3;6:1;7:3|8;8:-;9:-,0:-;1:-;2:-;3:2;4:6;5:-;6:-;7:8;8:-;9:-,3@3=1;4@6=1;7@4=1,"3,6,4",3,3,3,0,1.0,0.7087634234070581,0.7777777777777778,0.030985645629280315,0.0,0.0,0.1,0.0063550472259521484,Feasible
376,375,7,6,1,"ADD:1,0;ADD:1,8;ADD:1,9;ADD:4,8;ADD:5,3;ADD:6,2;REMOVE:3,2",0:-;1:-;2:-;3:2;4:6;5:-;6:-;7:8;8:-;9:-,0:-;1:0|8|9;2:-;3:-;4:6|8;5:3;6:2;7:8;8:-;9:-,1@0=1;1@8=1;1@9=1;4@8=1;4@2=3;5@3=1;7@8=1;7@2=3;7@1=1;7@5=1,"0,8,9,2,3,1,5",14,10,10,0,1.0,-0.22075959743494988,0.3333333333333333,0.04590706923171676,0.0,0.0,0.6,0.003097057342529297,Feasible
377,376,5,1,4,"ADD:4,0;REMOVE:1,0;REMOVE:1,8;REMOVE:5,3;REMOVE:6,2",0:-;1:0|8|9;2:-;3:-;4:6|8;5:3;6:2;7:8;8:-;9:-,0:-;1:9;2:-;3:-;4:0|6|8;5:-;6:-;7:8;8:-;9:-,1@1=1;4@0=1;4@4=1;7@2=1,"1,0,4,2",4,4,4,0,1.0,0.42102999452236,0.5,0.021029994522359995,0.0,0.0,0.1,0.005717039108276367,Feasible
378,377,8,6,2,"ADD:0,9;ADD:1,4;ADD:4,3;ADD:5,1;ADD:6,7;ADD:7,0;REMOVE:4,0;REMOVE:4,8",0:-;1:9;2:-;3:-;4:0|6|8;5:-;6:-;7:8;8:-;9:-,0:9;1:4|9;2:-;3:-;4:3|6;5:1;6:7;7:0|8;8:-;9:-,0@9=1;1@4=1;4@9=1;5@1=1;6@7=1;7@0=1;7@6=1;7@8=1,"9,4,1,7,0,6,8",8,8,8,0,1.0,-0.12513423281972164,0.4,0.07486576718027833,0.0,0.0,0.6,0.0032529830932617188,Feasible
379,378,6,2,4,"ADD:0,1;ADD:5,0;REMOVE:0,9;REMOVE:1,9;REMOVE:4,3;REMOVE:7,8",0:9;1:4|9;2:-;3:-;4:3|6;5:1;6:7;7:0|8;8:-;9:-,0:1;1:4;2:-;3:-;4:6;5:0|1;6:7;7:0;8:-;9:-,1@7=1;1@8=1;4@8=1;5@8=1;5@0=1;6@0=1;7@0=1,"7,8,0",7,7,7,0,1.0,0.2757633858102778,0.4444444444444444,0.0313189413658334,0.0,0.0,0.2,0.004729747772216797,Feasible
380,379,6,2,4,"ADD:4,2;ADD:7,2;REMOVE:0,1;REMOVE:5,0;REMOVE:5,1;REMOVE:6,7",0:1;1:4;2:-;3:-;4:6;5:0|1;6:7;7:0;8:-;9:-,0:-;1:4;2:-;3:-;4:2|6;5:-;6:-;7:0|2;8:-;9:-,1@2=2;1@7=1;4@2=1;4@1=1;4@3=2;7@2=2;7@4=1;7@5=1;7@8=1,"2,7,1,3,4,5,8",12,9,9,0,1.0,0.39183827450058745,0.5714285714285714,0.02040970307201601,0.0,0.0,0.2,0.004776954650878906,Feasible
381,380,3,1,2,"ADD:4,7;REMOVE:1,4;REMOVE:7,0",0:-;1:4;2:-;3:-;4:2|6;5:-;6:-;7:0|2;8:-;9:-,0:-;1:-;2:-;3:-;4:2|6|7;5:-;6:-;7:2;8:-;9:-,4@3=1;4@6=1;4@8=1;7@9=1,"3,6,8,9",4,4,4,0,1.0,0.3272880455691839,0.4,0.027288045569183867,0.0,0.0,0.1,0.002574920654296875,Feasible
382,381,4,3,1,"ADD:1,6;ADD:2,1;ADD:5,8;REMOVE:4,7",0:-;1:-;2:-;3:-;4:2|6|7;5:-;6:-;7:2;8:-;9:-,0:-;1:6;2:1;3:-;4:2|6;5:8;6:-;7:2;8:-;9:-,1@6=1;4@2=1;4@4=3;4@5=1;5@8=2;7@2=1;7@4=1;7@7=1,"6,2,4,5,8,7",11,8,8,0,1.0,-0.0066721419970551255,0.25,0.04332785800294492,0.0,0.0,0.30000000000000004,0.0022590160369873047,Feasible
383,382,3,3,0,"ADD:1,2;ADD:5,3;ADD:9,9",0:-;1:6;2:1;3:-;4:2|6;5:8;6:-;7:2;8:-;9:-,0:-;1:2|6;2:1;3:-;4:2|6;5:3|8;6:-;7:2;8:-;9:9,1@1=2;1@2=1;1@3=1;1@4=1;1@8=1;2@9=1;4@5=1;4@6=1;5@1=1;5@3=1;7@2=1;7@4=2;7@5=1;7@7=1,"1,2,3,4,8,9,5,6,7",16,14,14,0,1.0,-0.2724916309510009,0.0,0.02750836904899917,0.0,0.0,0.30000000000000004,0.0014462471008300781,Feasible
384,383,9,3,6,"ADD:0,0;ADD:6,2;ADD:7,1;REMOVE:1,2;REMOVE:2,1;REMOVE:4,6;REMOVE:5,3;REMOVE:5,8;REMOVE:9,9",0:-;1:2|6;2:1;3:-;4:2|6;5:3|8;6:-;7:2;8:-;9:9,0:0;1:6;2:-;3:-;4:2;5:-;6:2;7:1|2;8:-;9:-,1@1=1;4@2=1;6@2=1;7@1=1,"1,2",4,4,4,0,1.0,0.43524048871701504,0.6666666666666666,0.06857382205034848,0.0,0.0,0.30000000000000004,0.005491971969604492,Feasible
385,384,5,2,3,"ADD:1,5;ADD:4,1;REMOVE:0,0;REMOVE:6,2;REMOVE:7,1",0:0;1:6;2:-;3:-;4:2;5:-;6:2;7:1|2;8:-;9:-,0:-;1:5|6;2:-;3:-;4:1|2;5:-;6:-;7:2;8:-;9:-,1@5=1;1@7=1;4@5=1;4@1=1;4@2=1;4@6=1;7@5=1,"5,7,1,2,6",7,7,7,0,1.0,0.343156540577324,0.5,0.043156540577324,0.0,0.0,0.2,0.0035409927368164062,Feasible
386,385,7,4,3,"ADD:4,6;ADD:5,1;ADD:5,4;ADD:6,2;REMOVE:1,5;REMOVE:1,6;REMOVE:4,1",0:-;1:5|6;2:-;3:-;4:1|2;5:-;6:-;7:2;8:-;9:-,0:-;1:-;2:-;3:-;4:2|6;5:1|4;6:2;7:2;8:-;9:-,4@0=1;5@1=1;5@4=1;6@2=1;7@2=1,"0,1,4,2",5,5,5,0,1.0,0.27906171756017717,0.6,0.07906171756017726,0.0,0.0,0.4,0.0034720897674560547,Feasible
387,386,8,6,2,"ADD:1,1;ADD:1,4;ADD:2,0;ADD:2,3;ADD:2,4;ADD:9,7;REMOVE:4,6;REMOVE:5,1",0:-;1:-;2:-;3:-;4:2|6;5:1|4;6:2;7:2;8:-;9:-,0:-;1:1|4;2:0|3|4;3:-;4:2;5:4;6:2;7:2;8:-;9:7,1@1=1;1@4=1;1@9=1;2@4=1;2@0=1;2@2=1;2@3=1;4@4=1;4@9=2;5@6=1;6@5=1;7@4=1;7@2=1;7@7=1,"1,4,9,0,2,3,6,5,7",15,14,14,0,1.0,-0.22906535404486023,0.3333333333333333,0.03760131262180646,0.0,0.0,0.6,0.0033881664276123047,Feasible
388,387,8,2,6,"ADD:3,2;ADD:5,2;REMOVE:1,1;REMOVE:1,4;REMOVE:2,0;REMOVE:2,3;REMOVE:6,2;REMOVE:9,7",0:-;1:1|4;2:0|3|4;3:-;4:2;5:4;6:2;7:2;8:-;9:7,0:-;1:-;2:4;3:2;4:2;5:2|4;6:-;7:2;8:-;9:-,2@2=1;2@4=1;2@6=1;2@8=1;3@2=1;4@7=1;5@2=1;7@2=1;7@4=1;7@9=1,"2,4,6,8,7,9",10,10,10,0,1.0,0.4427762198359066,0.6,0.04277621983590663,0.0,0.0,0.2,0.006424903869628906,Feasible
389,388,6,2,4,"ADD:3,9;ADD:4,1;REMOVE:2,4;REMOVE:3,2;REMOVE:5,2;REMOVE:7,2",0:-;1:-;2:4;3:2;4:2;5:2|4;6:-;7:2;8:-;9:-,0:-;1:-;2:-;3:9;4:1|2;5:4;6:-;7:-;8:-;9:-,4@1=2;4@2=1;4@4=2;4@6=1;5@4=1,"1,2,4,6",7,5,5,0,1.0,0.5253673047912808,0.6666666666666666,0.05870063812461427,0.0,0.0,0.2,0.004256010055541992,Feasible
390,389,4,2,2,"ADD:6,4;ADD:6,9;REMOVE:3,9;REMOVE:4,1",0:-;1:-;2:-;3:9;4:1|2;5:4;6:-;7:-;8:-;9:-,0:-;1:-;2:-;3:-;4:2;5:4;6:4|9;7:-;8:-;9:-,4@0=1;4@4=1;4@8=1;5@4=1;6@4=1;6@3=1;6@9=1,"0,4,8,3,9",7,7,7,0,1.0,0.3375858183178713,0.5,0.03758581831787138,0.0,0.0,0.2,0.004448890686035156,Feasible
391,390,4,3,1,"ADD:4,6;ADD:7,4;ADD:7,5;REMOVE:6,4",0:-;1:-;2:-;3:-;4:2;5:4;6:4|9;7:-;8:-;9:-,0:-;1:-;2:-;3:-;4:2|6;5:4;6:9;7:4|5;8:-;9:-,4@4=3;4@6=1;4@7=1;4@9=1;5@2=2;6@7=1;6@2=1;6@3=1;7@4=1;7@7=1;7@2=1;7@5=1,"4,6,7,9,2,3,5",15,12,12,0,1.0,-0.029825355387006924,0.25,0.02017464461299312,0.0,0.0,0.30000000000000004,0.0022110939025878906,Feasible
392,391,7,2,5,"ADD:0,4;ADD:5,1;REMOVE:4,2;REMOVE:4,6;REMOVE:6,9;REMOVE:7,4;REMOVE:7,5",0:-;1:-;2:-;3:-;4:2|6;5:4;6:9;7:4|5;8:-;9:-,0:4;1:-;2:-;3:-;4:-;5:1|4;6:-;7:-;8:-;9:-,5@1=1;5@4=1;5@7=1,"1,4,7",3,3,3,0,1.0,0.6993358450859046,0.8333333333333334,0.0660025117525713,0.0,0.0,0.2,0.004775047302246094,Feasible
393,392,3,3,0,"ADD:1,3;ADD:4,1;ADD:7,5",0:4;1:-;2:-;3:-;4:-;5:1|4;6:-;7:-;8:-;9:-,0:4;1:3;2:-;3:-;4:1;5:1|4;6:-;7:5;8:-;9:-,4@1=1;4@7=1;5@2=1;7@5=1,"1,7,2,5",4,4,4,0,1.0,-0.25340339105202286,0.0,0.04659660894797717,0.0,0.0,0.30000000000000004,0.001088857650756836,Feasible
394,393,8,5,3,"ADD:4,2;ADD:5,2;ADD:6,0;ADD:7,1;ADD:7,4;REMOVE:1,3;REMOVE:5,1;REMOVE:5,4",0:4;1:3;2:-;3:-;4:1;5:1|4;6:-;7:5;8:-;9:-,0:4;1:-;2:-;3:-;4:1|2;5:2;6:0;7:1|4|5;8:-;9:-,0@2=1;4@2=2;4@1=1;4@5=1;4@7=1;4@8=1;4@9=1;6@0=1;7@1=1;7@5=1;7@0=1;7@4=2;7@6=1,"2,1,5,7,8,9,0,4,6",15,13,13,0,1.0,0.05330170894693265,0.5,0.05330170894693269,0.0,0.0,0.5,0.004296064376831055,Feasible
395,394,5,2,3,"ADD:6,4;ADD:9,2;REMOVE:0,4;REMOVE:4,2;REMOVE:7,1",0:4;1:-;2:-;3:-;4:1|2;5:2;6:0;7:1|4|5;8:-;9:-,0:-;1:-;2:-;3:-;4:1;5:2;6:0|4;7:4|5;8:-;9:2,4@1=1;4@6=1;5@5=1;6@4=1;7@6=1;7@4=1;7@0=3;7@7=1,"1,6,5,4,0,7",10,8,8,0,1.0,0.20432158332932854,0.375,0.02932158332932856,0.0,0.0,0.2,0.003901958465576172,Feasible
396,395,6,5,1,"ADD:2,3;ADD:4,2;ADD:6,1;ADD:7,1;ADD:8,7;REMOVE:9,2",0:-;1:-;2:-;3:-;4:1;5:2;6:0|4;7:4|5;8:-;9:2,0:-;1:-;2:3;3:-;4:1|2;5:2;6:0|1|4;7:1|4|5;8:7;9:-,4@2=1;4@4=2;4@7=1;5@2=1;6@2=1;6@1=2;6@3=1;7@2=1;7@4=1;7@1=1;7@9=1;8@7=1,"2,4,7,1,3,9",14,12,12,0,1.0,-0.307140626036915,0.14285714285714285,0.050002231105942166,0.0,0.0,0.5,0.002160787582397461,Feasible
397,396,9,3,6,"ADD:3,2;ADD:7,0;ADD:8,9;REMOVE:2,3;REMOVE:4,2;REMOVE:5,2;REMOVE:7,1;REMOVE:7,5;REMOVE:8,7",0:-;1:-;2:3;3:-;4:1|2;5:2;6:0|1|4;7:1|4|5;8:7;9:-,0:-;1:-;2:-;3:2;4:1;5:-;6:0|1|4;7:0|4;8:9;9:-,3@2=1;4@6=1;4@7=1;6@0=1;6@4=1;6@9=1;7@4=2,"2,6,7,0,4,9",8,7,7,0,1.0,0.30980385322559023,0.5454545454545454,0.06434930777104489,0.0,0.0,0.30000000000000004,0.007089138031005859,Feasible
398,397,8,4,4,"ADD:2,4;ADD:4,5;ADD:5,7;ADD:7,3;REMOVE:3,2;REMOVE:6,0;REMOVE:7,0;REMOVE:8,9",0:-;1:-;2:-;3:2;4:1;5:-;6:0|1|4;7:0|4;8:9;9:-,0:-;1:-;2:4;3:-;4:1|5;5:7;6:1|4;7:3|4;8:-;9:-,2@6=1;4@6=1;4@5=1;5@7=1;6@3=1;6@4=1;7@4=1;7@1=1,"6,5,7,3,4,1",8,8,8,0,1.0,0.15296911451955464,0.5,0.05296911451955468,0.0,0.0,0.4,0.0055980682373046875,Feasible
399,398,1,1,0,"ADD:6,0",0:-;1:-;2:4;3:-;4:1|5;5:7;6:1|4;7:3|4;8:-;9:-,0:-;1:-;2:4;3:-;4:1|5;5:7;6:0|1|4;7:3|4;8:-;9:-,4@0=1;4@2=1;6@1=1;6@5=1;7@2=1;7@1=1,"0,2,1,5",6,6,6,0,1.0,-0.0801248458102015,0.0,0.0198751541897985,0.0,0.0,0.1,0.0010759830474853516,Feasible
400,399,7,1,6,"ADD:2,7;REMOVE:2,4;REMOVE:6,0;REMOVE:6,1;REMOVE:6,4;REMOVE:7,3;REMOVE:7,4",0:-;1:-;2:4;3:-;4:1|5;5:7;6:0|1|4;7:3|4;8:-;9:-,0:-;1:-;2:7;3:-;4:1|5;5:7;6:-;7:-;8:-;9:-,4@0=1;4@1=2;4@2=1;4@5=1;4@7=1;5@6=2,"0,1,2,5,7,6",8,6,6,0,1.0,0.6034348064413421,0.6666666666666666,0.03676813977467539,0.0,0.0,0.1,0.006095170974731445,Feasible
401,400,6,4,2,"ADD:5,5;ADD:6,7;ADD:7,1;ADD:7,2;REMOVE:2,7;REMOVE:4,5",0:-;1:-;2:7;3:-;4:1|5;5:7;6:-;7:-;8:-;9:-,0:-;1:-;2:-;3:-;4:1;5:5|7;6:7;7:1|2;8:-;9:-,4@3=1;5@4=1;5@5=1;6@4=1;7@1=2;7@2=2,"3,4,5,1,2",8,6,6,0,1.0,0.16275007240531725,0.5,0.06275007240531727,0.0,0.0,0.4,0.004505157470703125,Feasible
402,401,5,3,2,"ADD:4,3;ADD:8,1;ADD:8,2;REMOVE:5,5;REMOVE:7,1",0:-;1:-;2:-;3:-;4:1;5:5|7;6:7;7:1|2;8:-;9:-,0:-;1:-;2:-;3:-;4:1|3;5:7;6:7;7:2;8:1|2;9:-,4@2=1;4@3=2;4@5=1;4@9=1;5@3=1;5@4=1;6@4=1;6@6=1;7@3=1;7@4=1;7@0=1;7@8=1;8@2=1;8@1=1,"2,3,5,9,4,6,0,8,1",15,14,14,0,1.0,0.0583146131910221,0.3333333333333333,0.02498127985768885,0.0,0.0,0.30000000000000004,0.0033080577850341797,Feasible
403,402,4,2,2,"ADD:0,4;ADD:4,4;REMOVE:8,1;REMOVE:8,2",0:-;1:-;2:-;3:-;4:1|3;5:7;6:7;7:2;8:1|2;9:-,0:4;1:-;2:-;3:-;4:1|3|4;5:7;6:7;7:2;8:-;9:-,4@1=1;4@2=2;4@4=1;4@5=2;4@9=2;5@2=2;6@1=1;6@4=1;7@2=1;7@4=1;7@9=1;7@0=2;7@8=1,"1,2,4,5,9,0,8",18,13,13,0,1.0,0.10065353024105222,0.2857142857142857,0.014939244526766544,0.0,0.0,0.2,0.0032379627227783203,Feasible
404,403,7,3,4,"ADD:1,8;ADD:2,2;ADD:3,4;REMOVE:0,4;REMOVE:4,1;REMOVE:4,3;REMOVE:5,7",0:4;1:-;2:-;3:-;4:1|3|4;5:7;6:7;7:2;8:-;9:-,0:-;1:8;2:2;3:4;4:4;5:-;6:7;7:2;8:-;9:-,2@2=1;3@4=1;4@2=2;4@4=1;6@8=1;7@4=1;7@8=1;7@0=1,"2,4,8,0",9,8,8,0,1.0,0.3013147548359181,0.5714285714285714,0.029886183407346736,0.0,0.0,0.30000000000000004,0.004384040832519531,Feasible
405,404,5,2,3,"ADD:7,1;ADD:8,0;REMOVE:1,8;REMOVE:2,2;REMOVE:3,4",0:-;1:8;2:2;3:4;4:4;5:-;6:7;7:2;8:-;9:-,0:-;1:-;2:-;3:-;4:4;5:-;6:7;7:1|2;8:0;9:-,4@4=1;6@2=1;7@4=1;7@2=1;7@1=1;7@8=1;8@0=1,"4,2,1,8,0",7,7,7,0,1.0,0.354713283737681,0.5,0.054713283737681015,0.0,0.0,0.2,0.005435943603515625,Feasible
406,405,5,3,2,"ADD:1,5;ADD:5,7;ADD:8,1;REMOVE:6,7;REMOVE:7,1",0:-;1:-;2:-;3:-;4:4;5:-;6:7;7:1|2;8:0;9:-,0:-;1:5;2:-;3:-;4:4;5:7;6:-;7:2;8:0|1;9:-,1@5=1;4@7=1;5@7=1;7@9=1;8@1=1,"5,7,9,1",5,5,5,0,1.0,0.16263099320049412,0.4,0.06263099320049414,0.0,0.0,0.30000000000000004,0.0028998851776123047,Feasible
407,406,6,6,0,"ADD:1,9;ADD:4,0;ADD:6,0;ADD:6,1;ADD:7,1;ADD:8,4",0:-;1:5;2:-;3:-;4:4;5:7;6:-;7:2;8:0|1;9:-,0:-;1:5|9;2:-;3:-;4:0|4;5:7;6:0|1;7:1|2;8:0|1|4;9:-,1@1=1;4@0=1;4@5=1;5@6=1;6@1=1;6@0=1;7@1=1;7@0=2;7@9=1;8@0=1;8@5=1;8@4=1;8@7=1,"1,0,5,6,9,4,7",14,13,13,0,1.0,-0.557357962867345,0.0,0.04264203713265505,0.0,0.0,0.6,0.0015380382537841797,Feasible
408,407,3,3,0,"ADD:1,4;ADD:4,1;ADD:8,5",0:-;1:5|9;2:-;3:-;4:0|4;5:7;6:0|1;7:1|2;8:0|1|4;9:-,0:-;1:4|5|9;2:-;3:-;4:0|1|4;5:7;6:0|1;7:1|2;8:0|1|4|5;9:-,1@0=2;1@1=1;1@2=2;1@4=1;1@5=1;1@6=1;1@7=2;1@9=1;4@0=1;4@1=2;4@3=1;4@8=1;5@1=3;5@2=1;5@6=1;5@8=1;6@2=1;7@1=1;7@3=1;8@1=1;8@2=1;8@5=1;8@9=1;8@8=1,"0,1,2,4,5,6,7,9,3,8",30,24,24,0,1.0,-0.26692316613342604,0.0,0.033076833866574035,0.0,0.0,0.30000000000000004,0.0016829967498779297,Feasible
409,408,7,4,3,"ADD:0,1;ADD:0,4;ADD:0,5;ADD:3,4;REMOVE:1,5;REMOVE:7,1;REMOVE:8,5",0:-;1:4|5|9;2:-;3:-;4:0|1|4;5:7;6:0|1;7:1|2;8:0|1|4|5;9:-,0:1|4|5;1:4|9;2:-;3:4;4:0|1|4;5:7;6:0|1;7:2;8:0|1|4;9:-,0@1=1;0@4=1;0@5=1;0@9=1;1@4=2;1@9=1;1@2=2;1@6=1;1@7=1;1@8=1;3@4=1;3@2=1;4@4=1;4@5=1;4@9=1;4@2=2;4@0=1;5@4=1;6@9=2;6@0=3;7@5=1;7@9=1;7@2=2;7@7=1;7@8=1;7@3=2;8@4=2;8@5=1;8@2=4;8@6=1;8@8=1;8@0=1;8@3=1,"1,4,5,9,2,6,7,8,0,3",45,33,33,0,1.0,-0.162880916662917,0.2,0.037119083337083,0.0,0.0,0.4,0.006109952926635742,Feasible
410,409,9,4,5,"ADD:1,5;ADD:2,1;ADD:7,1;ADD:9,8;REMOVE:3,4;REMOVE:4,0;REMOVE:4,1;REMOVE:6,0;REMOVE:8,0",0:1|4|5;1:4|9;2:-;3:4;4:0|1|4;5:7;6:0|1;7:2;8:0|1|4;9:-,0:1|4|5;1:4|5|9;2:1;3:-;4:4;5:7;6:1;7:1|2;8:1|4;9:8,0@1=1;0@2=2;0@4=1;0@5=1;0@7=1;1@1=1;1@2=1;1@5=1;1@7=1;1@0=1;1@3=1;1@6=2;1@8=2;1@9=1;2@1=1;4@4=3;4@8=2;5@2=4;5@4=1;5@7=1;5@6=1;5@9=2;6@6=1;7@1=3;7@4=3;7@5=2;7@0=1;7@8=1;7@9=1;8@2=3;8@4=2;8@3=1;8@8=3;8@9=1,"1,2,4,5,7,0,3,6,8,9",54,34,34,0,1.0,-0.05974291258539738,0.3125,0.027757087414602644,0.0,0.0,0.4,0.008141040802001953,Feasible
411,410,10,3,7,"ADD:3,7;ADD:4,1;ADD:5,5;REMOVE:0,1;REMOVE:0,4;REMOVE:0,5;REMOVE:1,9;REMOVE:2,1;REMOVE:6,1;REMOVE:9,8",0:1|4|5;1:4|5|9;2:1;3:-;4:4;5:7;6:1;7:1|2;8:1|4;9:8,0:-;1:4|5;2:-;3:7;4:1|4;5:5|7;6:-;7:1|2;8:1|4;9:-,1@0=2;1@4=1;1@5=3;1@8=1;3@7=1;4@7=1;4@1=2;4@3=1;5@0=1;5@4=3;5@5=1;5@2=1;7@4=2;7@5=1;7@8=1;7@1=2;7@3=2;7@2=1;7@9=1;8@7=2;8@1=1;8@2=1;8@9=1,"0,4,5,8,7,1,3,2,9",33,23,23,0,1.0,0.2048021185172727,0.4666666666666667,0.038135451850606024,0.0,0.0,0.30000000000000004,0.008810043334960938,Feasible
412,411,5,0,5,"REMOVE:1,5;REMOVE:5,7;REMOVE:7,1;REMOVE:8,1;REMOVE:8,4",0:-;1:4|5;2:-;3:7;4:1|4;5:5|7;6:-;7:1|2;8:1|4;9:-,0:-;1:4;2:-;3:7;4:1|4;5:5;6:-;7:2;8:-;9:-,1@6=1;3@4=1;4@1=2;4@2=1;4@3=1;4@8=1;7@4=1;7@2=1,"6,4,1,2,3,8",9,8,8,0,1.0,0.4870388240522175,0.45454545454545453,0.03249336950676298,0.0,0.0,0.0,0.006204843521118164,Feasible
413,412,6,3,3,"ADD:1,1;ADD:4,3;ADD:8,8;REMOVE:3,7;REMOVE:4,4;REMOVE:5,5",0:-;1:4;2:-;3:7;4:1|4;5:5;6:-;7:2;8:-;9:-,0:-;1:1|4;2:-;3:-;4:1|3;5:-;6:-;7:2;8:8;9:-,1@1=1;4@1=1;7@2=1;7@9=1;8@8=1,"1,2,9,8",5,5,5,0,1.0,0.280342271263188,0.5,0.0803422712631881,0.0,0.0,0.30000000000000004,0.003488779067993164,Feasible
414,413,4,4,0,"ADD:1,0;ADD:5,2;ADD:8,4;ADD:8,9",0:-;1:1|4;2:-;3:-;4:1|3;5:-;6:-;7:2;8:8;9:-,0:-;1:0|1|4;2:-;3:-;4:1|3;5:2;6:-;7:2;8:4|8|9;9:-,1@0=1;1@4=1;1@7=1;4@2=2;4@6=1;5@2=1;7@4=1;7@5=1;8@4=2;8@9=1,"0,4,7,2,6,5,9",12,10,10,0,1.0,-0.35189430242237124,0.0,0.04810569757762876,0.0,0.0,0.4,0.0013051033020019531,Feasible
415,414,9,4,5,"ADD:1,8;ADD:4,0;ADD:5,1;ADD:6,8;REMOVE:1,0;REMOVE:1,1;REMOVE:1,4;REMOVE:8,4;REMOVE:8,8",0:-;1:0|1|4;2:-;3:-;4:1|3;5:2;6:-;7:2;8:4|8|9;9:-,0:-;1:8;2:-;3:-;4:0|1|3;5:1|2;6:8;7:2;8:9;9:-,4@0=1;4@3=1;4@6=1;4@7=1;4@9=1;5@1=1;6@8=1;7@7=2;7@9=1;7@2=2;8@6=1;8@7=1;8@9=1,"0,3,6,7,9,1,8,2",15,13,13,0,1.0,0.14684137673902686,0.5,0.04684137673902691,0.0,0.0,0.4,0.006172895431518555,Feasible
416,415,4,1,3,"ADD:0,7;REMOVE:1,8;REMOVE:4,0;REMOVE:4,1",0:-;1:8;2:-;3:-;4:0|1|3;5:1|2;6:8;7:2;8:9;9:-,0:7;1:-;2:-;3:-;4:3;5:1|2;6:8;7:2;8:9;9:-,4@2=1;5@1=1;5@4=1;6@1=1;7@4=2;7@0=1;7@8=1;7@9=1;8@1=2,"2,1,4,0,8,9",11,9,9,0,1.0,0.2413783901357077,0.3333333333333333,0.008045056802374393,0.0,0.0,0.1,0.003735065460205078,Feasible
417,416,7,4,3,"ADD:1,1;ADD:2,3;ADD:4,4;ADD:8,2;REMOVE:0,7;REMOVE:5,1;REMOVE:6,8",0:7;1:-;2:-;3:-;4:3;5:1|2;6:8;7:2;8:9;9:-,0:-;1:1;2:3;3:-;4:3|4;5:2;6:-;7:2;8:2|9;9:-,1@1=1;4@1=1;4@2=1;4@4=2;4@8=1;4@9=1;5@0=1;5@7=1;7@2=1;8@4=2;8@9=1;8@0=1;8@7=1;8@6=1,"1,2,4,8,9,0,7,6",16,14,14,0,1.0,0.059153979437843895,0.42857142857142855,0.03058255086641538,0.0,0.0,0.4,0.0051691532135009766,Feasible
418,417,8,1,7,"ADD:7,4;REMOVE:1,1;REMOVE:2,3;REMOVE:4,3;REMOVE:4,4;REMOVE:5,2;REMOVE:8,2;REMOVE:8,9",0:-;1:1;2:3;3:-;4:3|4;5:2;6:-;7:2;8:2|9;9:-,0:-;1:-;2:-;3:-;4:-;5:-;6:-;7:2|4;8:-;9:-,7@0=1,0,1,1,1,0,1.0,0.775,0.875,0.0,0.0,0.0,0.1,0.0072329044342041016,Feasible
419,418,15,15,0,"ADD:0,8;ADD:1,5;ADD:1,6;ADD:2,9;ADD:4,2;ADD:4,6;ADD:5,0;ADD:5,3;ADD:5,4;ADD:6,1;ADD:6,2;ADD:7,0;ADD:7,1;ADD:8,0;ADD:8,9",0:-;1:-;2:-;3:-;4:-;5:-;6:-;7:2|4;8:-;9:-,0:8;1:5|6;2:9;3:-;4:2|6;5:0|3|4;6:1|2;7:0|1|2|4;8:0|9;9:-,0@8=2;1@8=1;1@4=1;1@5=1;1@9=1;2@9=2;2@2=1;4@2=3;5@4=1;5@2=1;5@0=1;5@3=1;6@2=1;6@3=1;6@1=1;7@8=1;7@9=1;7@0=1;7@1=2;7@6=1;7@7=1;8@9=1;8@0=1;8@3=1;8@1=2;8@7=2,"8,4,5,9,2,0,3,1,6,7",33,26,26,0,1.0,-1.442679391136315,0.0,0.057320608863685174,0.0,0.0,1.5000000000000002,0.003729104995727539,Feasible
420,419,15,2,13,"ADD:1,9;ADD:8,4;REMOVE:0,8;REMOVE:1,5;REMOVE:1,6;REMOVE:2,9;REMOVE:4,6;REMOVE:5,0;REMOVE:5,3;REMOVE:5,4;REMOVE:6,1;REMOVE:6,2;REMOVE:7,0;REMOVE:7,1;REMOVE:7,4",0:8;1:5|6;2:9;3:-;4:2|6;5:0|3|4;6:1|2;7:0|1|2|4;8:0|9;9:-,0:-;1:9;2:-;3:-;4:2;5:-;6:-;7:2;8:0|4|9;9:-,4@4=1;4@5=2;7@4=1;7@0=1;7@2=1;7@3=1;8@4=2;8@2=1;8@9=1,"4,5,0,2,3,9",11,9,9,0,1.0,0.6001432958140913,0.7647058823529411,0.035437413461150216,0.0,0.0,0.2,0.012701272964477539,Feasible
421,420,9,7,2,"ADD:1,8;ADD:2,0;ADD:2,1;ADD:4,1;ADD:5,2;ADD:5,6;ADD:7,1;REMOVE:8,0;REMOVE:8,4",0:-;1:9;2:-;3:-;4:2;5:-;6:-;7:2;8:0|4|9;9:-,0:-;1:8|9;2:0|1;3:-;4:1|2;5:2|6;6:-;7:1|2;8:9;9:-,1@1=1;1@4=2;2@1=2;2@0=2;2@2=1;2@6=1;4@1=1;4@2=1;4@6=1;4@8=1;4@9=1;5@2=1;5@6=1;7@1=1;7@8=1;7@5=1;8@2=2;8@3=1,"1,4,0,2,6,8,9,5,3",22,18,18,0,1.0,-0.3254902762604166,0.3333333333333333,0.04117639040625003,0.0,0.0,0.7,0.003380298614501953,Feasible
422,421,7,2,5,"ADD:1,0;ADD:8,4;REMOVE:1,8;REMOVE:1,9;REMOVE:4,1;REMOVE:5,2;REMOVE:7,1",0:-;1:8|9;2:0|1;3:-;4:1|2;5:2|6;6:-;7:1|2;8:9;9:-,0:-;1:0;2:0|1;3:-;4:2;5:6;6:-;7:2;8:4|9;9:-,2@0=1;2@1=1;2@7=1;4@4=1;5@1=2;5@8=2;7@5=1;7@9=1;8@4=1;8@6=1,"0,1,7,4,8,5,9,6",12,10,10,0,1.0,0.2816135309617285,0.45454545454545453,0.02706807641627397,0.0,0.0,0.2,0.005708932876586914,Feasible
423,422,5,4,1,"ADD:1,2;ADD:4,1;ADD:5,2;ADD:7,6;REMOVE:1,0",0:-;1:0;2:0|1;3:-;4:2;5:6;6:-;7:2;8:4|9;9:-,0:-;1:2;2:0|1;3:-;4:1|2;5:2|6;6:-;7:2|6;8:4|9;9:-,2@1=1;2@2=1;2@9=1;4@1=1;4@3=1;5@2=1;5@3=2;5@8=1;7@2=2;7@4=1;7@5=1;7@6=1;7@7=1;8@9=1;8@4=1,"1,2,9,3,8,4,5,6,7",17,15,15,0,1.0,-0.23139005185459433,0.125,0.043609948145405704,0.0,0.0,0.4,0.0023381710052490234,Feasible
424,423,10,3,7,"ADD:0,5;ADD:1,9;ADD:3,3;REMOVE:1,2;REMOVE:2,0;REMOVE:2,1;REMOVE:4,1;REMOVE:5,2;REMOVE:5,6;REMOVE:8,9",0:-;1:2;2:0|1;3:-;4:1|2;5:2|6;6:-;7:2|6;8:4|9;9:-,0:5;1:9;2:-;3:3;4:2;5:-;6:-;7:2|6;8:4;9:-,3@3=1;4@3=1;4@4=2;4@9=1;7@3=1;7@4=1;7@1=2;7@6=1;7@7=1;8@4=2,"3,4,9,1,6,7",13,10,10,0,1.0,0.3689730185035075,0.6363636363636364,0.03260938213987124,0.0,0.0,0.30000000000000004,0.008042097091674805,Feasible
425,424,9,5,4,"ADD:0,6;ADD:4,6;ADD:5,0;ADD:8,0;ADD:8,9;REMOVE:0,5;REMOVE:1,9;REMOVE:3,3;REMOVE:7,6",0:5;1:9;2:-;3:3;4:2;5:-;6:-;7:2|6;8:4;9:-,0:6;1:-;2:-;3:-;4:2|6;5:0;6:-;7:2;8:0|4|9;9:-,4@0=1;4@2=2;4@5=1;4@6=1;4@9=1;5@0=1;5@5=1;7@9=1;7@3=1;8@0=1;8@2=2;8@5=1;8@6=1;8@9=1;8@1=1;8@4=2;8@7=1,"0,2,5,6,9,3,1,4,7",20,17,17,0,1.0,0.11260966826480412,0.5714285714285714,0.041181096836232764,0.0,0.0,0.5,0.005398988723754883,Feasible
426,425,5,2,3,"ADD:4,4;ADD:5,1;REMOVE:0,6;REMOVE:4,2;REMOVE:8,4",0:6;1:-;2:-;3:-;4:2|6;5:0;6:-;7:2;8:0|4|9;9:-,0:-;1:-;2:-;3:-;4:4|6;5:0|1;6:-;7:2;8:0|9;9:-,4@6=1;5@1=2;7@5=1;8@5=1;8@0=1;8@3=1,"6,1,5,0,3",7,6,6,0,1.0,0.23549362384388317,0.375,0.060493623843883196,0.0,0.0,0.2,0.0037949085235595703,Feasible
427,426,7,5,2,"ADD:0,0;ADD:3,2;ADD:4,0;ADD:5,5;ADD:8,8;REMOVE:5,0;REMOVE:5,1",0:-;1:-;2:-;3:-;4:4|6;5:0|1;6:-;7:2;8:0|9;9:-,0:0;1:-;2:-;3:2;4:0|4|6;5:5;6:-;7:2;8:0|8|9;9:-,3@2=1;4@0=1;4@1=1;7@8=1;8@8=1;8@6=1,"2,0,1,8,6",6,6,6,0,1.0,-0.1659573500295941,0.2857142857142857,0.0483283642561202,0.0,0.0,0.5,0.003523111343383789,Feasible
428,427,10,3,7,"ADD:5,4;ADD:7,1;ADD:9,2;REMOVE:0,0;REMOVE:3,2;REMOVE:4,0;REMOVE:4,4;REMOVE:4,6;REMOVE:8,0;REMOVE:8,9",0:0;1:-;2:-;3:2;4:0|4|6;5:5;6:-;7:2;8:0|8|9;9:-,0:-;1:-;2:-;3:-;4:-;5:4|5;6:-;7:1|2;8:8;9:2,5@4=1;7@1=1;8@4=1;8@5=1,"4,1,5",4,4,4,0,1.0,0.4475606394971512,0.7,0.04756063949715125,0.0,0.0,0.30000000000000004,0.006484270095825195,Feasible
429,428,6,2,4,"ADD:0,6;ADD:1,2;REMOVE:5,4;REMOVE:5,5;REMOVE:7,1;REMOVE:9,2",0:-;1:-;2:-;3:-;4:-;5:4|5;6:-;7:1|2;8:8;9:2,0:6;1:2;2:-;3:-;4:-;5:-;6:-;7:2;8:8;9:-,1@2=1;7@4=1;8@2=1;8@4=1,"2,4",4,4,4,0,1.0,0.49545181220066065,0.6666666666666666,0.02878514553399399,0.0,0.0,0.2,0.004394054412841797,Feasible
430,429,7,5,2,"ADD:4,5;ADD:5,1;ADD:5,5;ADD:7,1;ADD:8,9;REMOVE:0,6;REMOVE:1,2",0:6;1:2;2:-;3:-;4:-;5:-;6:-;7:2;8:8;9:-,0:-;1:-;2:-;3:-;4:5;5:1|5;6:-;7:1|2;8:8|9;9:-,4@5=1;5@5=1;5@1=1;5@2=1;7@2=1;8@1=1;8@4=1;8@8=1;8@9=1,"5,1,2,4,8,9",9,9,9,0,1.0,0.06735297700030385,0.5,0.06735297700030383,0.0,0.0,0.5,0.0030050277709960938,Feasible
431,430,6,1,5,"ADD:1,6;REMOVE:4,5;REMOVE:5,1;REMOVE:5,5;REMOVE:7,1;REMOVE:8,9",0:-;1:-;2:-;3:-;4:5;5:1|5;6:-;7:1|2;8:8|9;9:-,0:-;1:6;2:-;3:-;4:-;5:-;6:-;7:2;8:8;9:-,1@4=1;7@0=1;7@5=1;7@9=1;8@4=1;8@1=1;8@6=1;8@8=1,"4,0,5,9,1,6,8",8,8,8,0,1.0,0.6284413792154024,0.7142857142857143,0.01415566492968813,0.0,0.0,0.1,0.005673885345458984,Feasible
432,431,3,2,1,"ADD:5,4;ADD:8,0;REMOVE:1,6",0:-;1:6;2:-;3:-;4:-;5:-;6:-;7:2;8:8;9:-,0:-;1:-;2:-;3:-;4:-;5:4;6:-;7:2;8:0|8;9:-,5@4=1;7@4=1;7@0=1;8@0=1,"4,0",4,4,4,0,1.0,0.18593753996589313,0.3333333333333333,0.052604206632559804,0.0,0.0,0.2,0.0017240047454833984,Feasible
433,432,3,1,2,"ADD:6,6;REMOVE:5,4;REMOVE:8,8",0:-;1:-;2:-;3:-;4:-;5:4;6:-;7:2;8:0|8;9:-,0:-;1:-;2:-;3:-;4:-;5:-;6:6;7:2;8:0;9:-,7@2=1;8@2=2,2,3,2,2,0,1.0,0.43179718191886296,0.5,0.031797181918862924,0.0,0.0,0.1,0.002274036407470703,Feasible
434,433,6,5,1,"ADD:0,6;ADD:2,9;ADD:4,2;ADD:5,9;ADD:8,3;REMOVE:6,6",0:-;1:-;2:-;3:-;4:-;5:-;6:6;7:2;8:0;9:-,0:6;1:-;2:9;3:-;4:2;5:9;6:-;7:2;8:0|3;9:-,2@9=1;4@2=1;4@8=1;5@9=1;8@3=1,"9,2,8,3",5,5,5,0,1.0,-0.08502266564773031,0.3333333333333333,0.0816440010189364,0.0,0.0,0.5,0.0019500255584716797,Feasible
435,434,7,3,4,"ADD:0,8;ADD:1,3;ADD:7,1;REMOVE:0,6;REMOVE:2,9;REMOVE:4,2;REMOVE:8,0",0:6;1:-;2:9;3:-;4:2;5:9;6:-;7:2;8:0|3;9:-,0:8;1:3;2:-;3:-;4:-;5:9;6:-;7:1|2;8:3;9:-,1@3=1;5@3=1;7@0=1;7@1=1;8@3=1;8@1=1;8@2=1,"3,0,1,2",7,7,7,0,1.0,0.3140924828664714,0.5714285714285714,0.042663911437900076,0.0,0.0,0.30000000000000004,0.004378080368041992,Feasible
436,435,4,4,0,"ADD:3,2;ADD:4,2;ADD:5,8;ADD:8,6",0:8;1:3;2:-;3:-;4:-;5:9;6:-;7:1|2;8:3;9:-,0:8;1:3;2:-;3:2;4:2;5:8|9;6:-;7:1|2;8:3|6;9:-,3@2=1;4@2=1;5@1=1;5@8=1;7@0=1;8@6=1,"2,1,8,0,6",6,6,6,0,1.0,-0.33028157227983795,0.0,0.06971842772016208,0.0,0.0,0.4,0.0019693374633789062,Feasible
437,436,3,1,2,"ADD:8,4;REMOVE:7,1;REMOVE:7,2",0:8;1:3;2:-;3:2;4:2;5:8|9;6:-;7:1|2;8:3|6;9:-,0:8;1:3;2:-;3:2;4:2;5:8|9;6:-;7:-;8:3|4|6;9:-,4@7=1;4@9=1;8@2=1;8@4=1,"7,9,2,4",4,4,4,0,1.0,0.1241467922335007,0.2,0.024146792233500698,0.0,0.0,0.1,0.002665996551513672,Feasible
438,437,7,3,4,"ADD:6,4;ADD:7,2;ADD:7,6;REMOVE:0,8;REMOVE:3,2;REMOVE:5,8;REMOVE:8,3",0:8;1:3;2:-;3:2;4:2;5:8|9;6:-;7:-;8:3|4|6;9:-,0:-;1:3;2:-;3:-;4:2;5:9;6:4;7:2|6;8:4|6;9:-,1@2=1;4@0=1;5@1=1;5@9=1;7@2=1;7@6=1;8@2=2;8@1=1;8@9=1;8@4=1,"2,0,1,9,6,4",11,10,10,0,1.0,0.1795024999235143,0.4444444444444444,0.035058055479069906,0.0,0.0,0.30000000000000004,0.006472349166870117,Feasible
439,438,6,2,4,"ADD:3,7;ADD:8,0;REMOVE:1,3;REMOVE:5,9;REMOVE:6,4;REMOVE:7,2",0:-;1:3;2:-;3:-;4:2;5:9;6:4;7:2|6;8:4|6;9:-,0:-;1:-;2:-;3:7;4:2;5:-;6:-;7:6;8:0|4|6;9:-,4@4=1;4@9=1;7@4=1;8@0=1;8@8=1,"4,9,0,8",5,5,5,0,1.0,0.3239821490091979,0.5,0.023982149009197918,0.0,0.0,0.2,0.0042498111724853516,Feasible
440,439,4,3,1,"ADD:0,1;ADD:5,1;ADD:8,3;REMOVE:7,6",0:-;1:-;2:-;3:7;4:2;5:-;6:-;7:6;8:0|4|6;9:-,0:1;1:-;2:-;3:7;4:2;5:1;6:-;7:-;8:0|3|4|6;9:-,0@1=1;4@4=1;8@1=1;8@4=1;8@3=1;8@8=2,"1,4,3,8",7,6,6,0,1.0,-0.09464714095537433,0.16666666666666666,0.038686192377959054,0.0,0.0,0.30000000000000004,0.0018780231475830078,Feasible
441,440,7,6,1,"ADD:1,0;ADD:4,6;ADD:5,0;ADD:6,5;ADD:7,1;ADD:7,4;REMOVE:8,6",0:1;1:-;2:-;3:7;4:2;5:1;6:-;7:-;8:0|3|4|6;9:-,0:1;1:0;2:-;3:7;4:2|6;5:0|1;6:5;7:1|4;8:0|3|4;9:-,1@0=1;4@4=1;4@6=2;5@0=1;5@2=1;5@3=1;6@5=1;7@4=1;7@2=1;7@1=1;8@7=1,"0,4,6,2,3,5,1,7",12,11,11,0,1.0,-0.4147059338496553,0.125,0.06029406615034465,0.0,0.0,0.6,0.002412080764770508,Feasible
442,441,10,3,7,"ADD:1,4;ADD:7,5;ADD:9,1;REMOVE:0,1;REMOVE:3,7;REMOVE:4,2;REMOVE:5,0;REMOVE:5,1;REMOVE:8,0;REMOVE:8,3",0:1;1:0;2:-;3:7;4:2|6;5:0|1;6:5;7:1|4;8:0|3|4;9:-,0:-;1:0|4;2:-;3:-;4:6;5:-;6:5;7:1|4|5;8:4;9:1,1@4=1;4@9=1;6@8=1;7@8=1;7@1=1;7@2=1;7@5=1;8@6=1,"4,9,8,1,2,5,6",8,8,8,0,1.0,0.2759862365939397,0.5384615384615384,0.03752469813240135,0.0,0.0,0.30000000000000004,0.00731205940246582,Feasible
443,442,9,5,4,"ADD:0,9;ADD:4,2;ADD:5,6;ADD:6,1;ADD:8,0;REMOVE:1,0;REMOVE:1,4;REMOVE:7,4;REMOVE:9,1",0:-;1:0|4;2:-;3:-;4:6;5:-;6:5;7:1|4|5;8:4;9:1,0:9;1:-;2:-;3:-;4:2|6;5:6;6:1|5;7:1|5;8:0|4;9:-,4@2=1;5@6=1;6@1=1;7@2=1;7@1=1;7@7=1;7@8=1;7@9=1;8@0=1;8@4=1,"2,6,1,7,8,9,0,4",10,10,10,0,1.0,0.006097987972123353,0.4444444444444444,0.06165354352767889,0.0,0.0,0.5,0.005065202713012695,Feasible
444,443,8,3,5,"ADD:0,4;ADD:4,8;ADD:5,8;REMOVE:4,2;REMOVE:5,6;REMOVE:6,1;REMOVE:6,5;REMOVE:7,1",0:9;1:-;2:-;3:-;4:2|6;5:6;6:1|5;7:1|5;8:0|4;9:-,0:4|9;1:-;2:-;3:-;4:6|8;5:8;6:-;7:5;8:0|4;9:-,0@4=1;4@1=1;4@6=1;5@4=1;5@7=1;7@3=3;8@2=1;8@5=1;8@8=2,"4,1,6,7,3,2,5,8",12,9,9,0,1.0,0.2192254060775548,0.5,0.01922540607755482,0.0,0.0,0.30000000000000004,0.008568048477172852,Feasible
445,444,5,3,2,"ADD:4,0;ADD:7,1;ADD:8,1;REMOVE:0,4;REMOVE:0,9",0:4|9;1:-;2:-;3:-;4:6|8;5:8;6:-;7:5;8:0|4;9:-,0:-;1:-;2:-;3:-;4:0|6|8;5:8;6:-;7:1|5;8:0|1|4;9:-,4@0=1;4@4=1;4@8=1;5@6=1;7@0=1;7@1=1;7@2=2;8@0=1;8@4=1;8@1=2;8@2=2,"0,4,8,6,1,2",14,11,11,0,1.0,0.00442807877252166,0.25,0.05442807877252169,0.0,0.0,0.30000000000000004,0.002888917922973633,Feasible
446,445,7,2,5,"ADD:0,9;ADD:2,4;REMOVE:4,6;REMOVE:4,8;REMOVE:7,1;REMOVE:7,5;REMOVE:8,0",0:-;1:-;2:-;3:-;4:0|6|8;5:8;6:-;7:1|5;8:0|1|4;9:-,0:9;1:-;2:4;3:-;4:0;5:8;6:-;7:-;8:1|4;9:-,0@2=1;2@4=1;4@5=1;5@2=1;8@4=2;8@3=1;8@7=1;8@8=1,"2,4,5,3,7,8",9,8,8,0,1.0,0.3889156028220226,0.5555555555555556,0.03336004726646706,0.0,0.0,0.2,0.007360935211181641,Feasible
447,446,6,5,1,"ADD:1,2;ADD:2,1;ADD:4,8;ADD:6,1;ADD:7,8;REMOVE:0,9",0:9;1:-;2:4;3:-;4:0;5:8;6:-;7:-;8:1|4;9:-,0:-;1:2;2:1|4;3:-;4:0|8;5:8;6:1;7:8;8:1|4;9:-,1@2=2;1@8=1;2@1=2;2@4=1;4@8=1;5@8=1;5@4=1;6@1=1;7@8=1;7@1=1;7@6=1;8@8=1;8@1=1;8@4=1;8@3=1,"2,8,1,4,6,3",17,15,15,0,1.0,-0.26565433434604857,0.16666666666666666,0.06767899898728476,0.0,0.0,0.5,0.0022249221801757812,Feasible
448,447,7,5,2,"ADD:1,6;ADD:4,3;ADD:5,9;ADD:7,0;ADD:8,7;REMOVE:6,1;REMOVE:8,1",0:-;1:2;2:1|4;3:-;4:0|8;5:8;6:1;7:8;8:1|4;9:-,0:-;1:2|6;2:1|4;3:-;4:0|3|8;5:8|9;6:-;7:0|8;8:4|7;9:-,1@2=1;1@6=1;1@8=1;2@2=1;2@1=1;4@6=1;4@3=1;5@2=1;5@4=1;5@9=1;7@2=1;7@1=1;7@0=1;7@5=1;8@4=1,"2,6,8,1,3,4,9,0,5",15,15,15,0,1.0,-0.25476362758462795,0.2,0.045236372415372046,0.0,0.0,0.5,0.003384828567504883,Feasible
449,448,13,4,9,"ADD:0,9;ADD:6,7;ADD:8,5;ADD:9,0;REMOVE:1,2;REMOVE:1,6;REMOVE:2,4;REMOVE:4,0;REMOVE:4,3;REMOVE:4,8;REMOVE:5,9;REMOVE:7,0;REMOVE:7,8",0:-;1:2|6;2:1|4;3:-;4:0|3|8;5:8|9;6:-;7:0|8;8:4|7;9:-,0:9;1:-;2:1;3:-;4:-;5:8;6:7;7:-;8:4|5|7;9:0,0@9=1;2@1=1;2@6=1;5@4=1;6@7=1;8@9=1;8@1=1;8@2=1;8@5=1,"9,1,6,4,7,2,5",9,9,9,0,1.0,0.34154971889481556,0.6923076923076923,0.049242026587123316,0.0,0.0,0.4,0.00935673713684082,Feasible
450,449,12,6,6,"ADD:4,0;ADD:4,3;ADD:4,8;ADD:5,3;ADD:7,2;ADD:7,7;REMOVE:0,9;REMOVE:2,1;REMOVE:6,7;REMOVE:8,4;REMOVE:8,7;REMOVE:9,0",0:9;1:-;2:1;3:-;4:-;5:8;6:7;7:-;8:4|5|7;9:0,0:-;1:-;2:-;3:-;4:0|3|8;5:3|8;6:-;7:2|7;8:5;9:-,4@0=1;4@3=1;4@8=1;5@3=2;5@8=1;7@2=1;7@4=2;7@7=1;8@2=1,"0,3,8,2,4,7",11,9,9,0,1.0,0.22521556156599176,0.75,0.07521556156599173,0.0,0.0,0.6,0.0072400569915771484,Feasible
451,450,4,3,1,"ADD:1,2;ADD:2,4;ADD:8,7;REMOVE:7,2",0:-;1:-;2:-;3:-;4:0|3|8;5:3|8;6:-;7:2|7;8:5;9:-,0:-;1:2;2:4;3:-;4:0|3|8;5:3|8;6:-;7:7;8:5|7;9:-,1@3=1;2@4=1;4@3=1;4@4=1;4@0=1;4@6=1;5@3=1;5@4=1;5@2=1;5@7=1;7@6=1;7@1=1;7@8=1;8@4=1;8@0=1;8@2=1;8@1=1;8@5=1,"3,4,0,6,2,7,1,8,5",18,18,18,0,1.0,-0.14626612035815678,0.125,0.028733879641843277,0.0,0.0,0.30000000000000004,0.0033669471740722656,Feasible
452,451,6,2,4,"ADD:3,1;ADD:7,5;REMOVE:1,2;REMOVE:4,0;REMOVE:4,3;REMOVE:5,3",0:-;1:2;2:4;3:-;4:0|3|8;5:3|8;6:-;7:7;8:5|7;9:-,0:-;1:-;2:4;3:1;4:8;5:8;6:-;7:5|7;8:5|7;9:-,2@2=1;4@2=1;4@4=1;4@8=1;5@2=1;5@4=1;7@5=1;8@4=1;8@5=3;8@1=2;8@9=1,"2,4,8,5,1,9",14,11,11,0,1.0,0.23148153004755023,0.4,0.031481530047550214,0.0,0.0,0.2,0.004824161529541016,Feasible
453,452,4,0,4,"REMOVE:2,4;REMOVE:3,1;REMOVE:7,5;REMOVE:8,5",0:-;1:-;2:4;3:1;4:8;5:8;6:-;7:5|7;8:5|7;9:-,0:-;1:-;2:-;3:-;4:8;5:8;6:-;7:7;8:7;9:-,4@5=2;5@5=1;5@2=1;5@7=1;8@7=1;8@4=2;8@9=1,"5,2,7,4,9",9,7,7,0,1.0,0.5114497079281245,0.5,0.011449707928124449,0.0,0.0,0.0,0.006972789764404297,Feasible
454,453,2,2,0,"ADD:0,4;ADD:6,0",0:-;1:-;2:-;3:-;4:8;5:8;6:-;7:7;8:7;9:-,0:4;1:-;2:-;3:-;4:8;5:8;6:0;7:7;8:7;9:-,0@4=2;4@1=1;5@4=1;7@2=1;7@3=1;8@4=2;8@1=1;8@3=2;8@0=1;8@9=1,"4,1,2,3,0,9",13,10,10,0,1.0,-0.184532034668776,0.0,0.015467965331224026,0.0,0.0,0.2,0.0012087821960449219,Feasible
455,454,5,4,1,"ADD:0,1;ADD:2,7;ADD:5,0;ADD:7,5;REMOVE:4,8",0:4;1:-;2:-;3:-;4:8;5:8;6:0;7:7;8:7;9:-,0:1|4;1:-;2:7;3:-;4:-;5:0|8;6:0;7:5|7;8:7;9:-,0@1=2;0@3=1;0@6=1;0@7=1;5@0=1;5@4=1;6@2=1;7@0=1;7@5=1;8@1=2;8@6=1;8@8=1,"1,3,6,7,0,4,2,5,8",14,12,12,0,1.0,-0.20756664917499418,0.16666666666666666,0.02576668415833918,0.0,0.0,0.4,0.002270936965942383,Feasible
456,455,9,1,8,"ADD:8,9;REMOVE:0,1;REMOVE:0,4;REMOVE:2,7;REMOVE:5,0;REMOVE:5,8;REMOVE:6,0;REMOVE:7,7;REMOVE:8,7",0:1|4;1:-;2:7;3:-;4:-;5:0|8;6:0;7:5|7;8:7;9:-,0:-;1:-;2:-;3:-;4:-;5:-;6:-;7:5;8:9;9:-,7@2=1,2,1,1,1,0,1.0,0.7888888888888889,0.8888888888888888,0.0,0.0,0.0,0.1,0.006524801254272461,Feasible
457,456,4,4,0,"ADD:3,4;ADD:5,0;ADD:8,4;ADD:8,5",0:-;1:-;2:-;3:-;4:-;5:-;6:-;7:5;8:9;9:-,0:-;1:-;2:-;3:4;4:-;5:0;6:-;7:5;8:4|5|9;9:-,5@0=1;7@0=1;8@4=1;8@5=1;8@9=1,"0,4,5,9",5,5,5,0,1.0,-0.3169116664034797,0.0,0.08308833359652035,0.0,0.0,0.4,0.0010809898376464844,Feasible
458,457,9,7,2,"ADD:1,3;ADD:2,1;ADD:2,5;ADD:4,1;ADD:5,3;ADD:5,4;ADD:7,1;REMOVE:3,4;REMOVE:8,4",0:-;1:-;2:-;3:4;4:-;5:0;6:-;7:5;8:4|5|9;9:-,0:-;1:3;2:1|5;3:-;4:1;5:0|3|4;6:-;7:1|5;8:5|9;9:-,2@1=1;2@5=1;2@7=2;2@8=1;4@1=1;5@3=1;5@4=1;7@1=1;7@5=1;7@3=1;7@0=1;7@2=2;8@1=1;8@8=1;8@3=1;8@0=3;8@2=1;8@9=1,"1,5,7,8,3,4,0,2,9",22,18,18,0,1.0,-0.3299876295107901,0.3333333333333333,0.03667903715587654,0.0,0.0,0.7,0.003434896469116211,Feasible
459,458,9,2,7,"ADD:6,3;ADD:7,4;REMOVE:1,3;REMOVE:2,1;REMOVE:2,5;REMOVE:4,1;REMOVE:5,0;REMOVE:5,3;REMOVE:5,4",0:-;1:3;2:1|5;3:-;4:1;5:0|3|4;6:-;7:1|5;8:5|9;9:-,0:-;1:-;2:-;3:-;4:-;5:-;6:3;7:1|4|5;8:5|9;9:-,7@4=1;8@0=2;8@1=1;8@8=1,"4,0,1,8",5,4,4,0,1.0,0.4548030589777063,0.6363636363636364,0.01843942261406996,0.0,0.0,0.2,0.006545066833496094,Feasible
460,459,6,4,2,"ADD:1,3;ADD:2,0;ADD:2,8;ADD:8,4;REMOVE:6,3;REMOVE:7,4",0:-;1:-;2:-;3:-;4:-;5:-;6:3;7:1|4|5;8:5|9;9:-,0:-;1:3;2:0|8;3:-;4:-;5:-;6:-;7:1|5;8:4|5|9;9:-,1@3=1;2@0=1;2@7=1;2@8=1;7@2=1;7@6=1;7@9=1;8@3=1;8@2=1;8@4=3,"3,0,7,8,2,6,9,4",12,10,10,0,1.0,-0.019954231586647053,0.3333333333333333,0.04671243508001966,0.0,0.0,0.4,0.0031359195709228516,Feasible
461,460,2,1,1,"ADD:8,3;REMOVE:2,0",0:-;1:3;2:0|8;3:-;4:-;5:-;6:-;7:1|5;8:4|5|9;9:-,0:-;1:3;2:8;3:-;4:-;5:-;6:-;7:1|5;8:3|4|5|9;9:-,1@1=1;2@2=1;2@4=2;2@7=1;7@1=1;7@2=1;7@7=1;7@9=1;8@1=1;8@2=3;8@4=1;8@0=2,"1,2,4,7,9,0",16,12,12,0,1.0,0.03873619064311157,0.125,0.013736190643111578,0.0,0.0,0.1,0.0021409988403320312,Feasible
462,461,9,3,6,"ADD:0,2;ADD:5,1;ADD:7,9;REMOVE:1,3;REMOVE:2,8;REMOVE:7,5;REMOVE:8,3;REMOVE:8,4;REMOVE:8,5",0:-;1:3;2:8;3:-;4:-;5:-;6:-;7:1|5;8:3|4|5|9;9:-,0:2;1:-;2:-;3:-;4:-;5:1;6:-;7:1|9;8:9;9:-,0@2=1;0@3=1;0@5=1;5@1=1;7@3=1;8@2=1;8@1=1;8@6=1;8@7=1,"2,3,5,1,6,7",9,9,9,0,1.0,0.4715950981218361,0.75,0.021595098121836118,0.0,0.0,0.30000000000000004,0.00810694694519043,Feasible
463,462,5,4,1,"ADD:1,3;ADD:4,2;ADD:5,2;ADD:8,4;REMOVE:7,1",0:2;1:-;2:-;3:-;4:-;5:1;6:-;7:1|9;8:9;9:-,0:2;1:3;2:-;3:-;4:2;5:1|2;6:-;7:9;8:4|9;9:-,0@3=1;0@4=1;0@8=1;4@2=1;5@2=1;7@2=1;7@9=1;8@4=1;8@9=1,"3,4,8,2,9",9,9,9,0,1.0,-0.14753434143525268,0.2,0.052465658564747324,0.0,0.0,0.4,0.0019960403442382812,Feasible
464,463,4,1,3,"ADD:2,3;REMOVE:5,1;REMOVE:7,9;REMOVE:8,9",0:2;1:3;2:-;3:-;4:2;5:1|2;6:-;7:9;8:4|9;9:-,0:2;1:3;2:3;3:-;4:2;5:2;6:-;7:-;8:4;9:-,4@3=1;4@7=1;5@5=1;8@8=1,"3,7,5,8",4,4,4,0,1.0,0.275,0.375,0.0,0.0,0.0,0.1,0.0034151077270507812,Feasible
465,464,5,4,1,"ADD:1,0;ADD:7,2;ADD:8,0;ADD:8,3;REMOVE:2,3",0:2;1:3;2:3;3:-;4:2;5:2;6:-;7:-;8:4;9:-,0:2;1:0|3;2:-;3:-;4:2;5:2;6:-;7:2;8:0|3|4;9:-,0@2=1;0@7=1;0@8=1;0@9=1;1@0=1;4@9=1;5@3=1;7@2=1;8@0=2;8@3=1;8@1=1,"2,7,8,9,0,3,1",12,11,11,0,1.0,-0.18333646372381876,0.16666666666666666,0.0499968696095146,0.0,0.0,0.4,0.0021371841430664062,Feasible
466,465,6,2,4,"ADD:0,1;ADD:7,7;REMOVE:1,0;REMOVE:1,3;REMOVE:4,2;REMOVE:8,0",0:2;1:0|3;2:-;3:-;4:2;5:2;6:-;7:2;8:0|3|4;9:-,0:1|2;1:-;2:-;3:-;4:-;5:2;6:-;7:2|7;8:3|4;9:-,0@1=1;0@3=1;0@4=1;5@2=1;7@4=1;7@2=1;7@0=1;8@3=1;8@6=1,"1,3,4,2,0,6",9,9,9,0,1.0,0.289498853977024,0.4444444444444444,0.045054409532579595,0.0,0.0,0.2,0.004640102386474609,Feasible
467,466,5,2,3,"ADD:5,1;ADD:5,5;REMOVE:0,1;REMOVE:7,2;REMOVE:8,3",0:1|2;1:-;2:-;3:-;4:-;5:2;6:-;7:2|7;8:3|4;9:-,0:2;1:-;2:-;3:-;4:-;5:1|2|5;6:-;7:7;8:4;9:-,0@2=2;5@1=1;5@3=1;7@2=2;7@4=1;8@2=1;8@8=1,"2,1,3,4,8",9,7,7,0,1.0,0.2568147527105841,0.42857142857142855,0.02824332413915558,0.0,0.0,0.2,0.003607034683227539,Feasible
468,467,10,7,3,"ADD:1,1;ADD:2,0;ADD:2,6;ADD:4,0;ADD:4,1;ADD:6,6;ADD:7,2;REMOVE:5,2;REMOVE:5,5;REMOVE:7,7",0:2;1:-;2:-;3:-;4:-;5:1|2|5;6:-;7:7;8:4;9:-,0:2;1:1;2:0|6;3:-;4:0|1;5:1;6:6;7:2;8:4;9:-,0@4=1;1@1=1;2@0=1;2@6=1;4@1=2;4@0=1;4@9=1;5@1=1;6@6=1;8@2=1;8@7=1;8@8=1,"4,1,0,6,9,2,7,8",13,12,12,0,1.0,-0.13883097498922536,0.5,0.061169025010774626,0.0,0.0,0.7,0.004097938537597656,Feasible
469,468,2,2,0,"ADD:7,1;ADD:8,1",0:2;1:1;2:0|6;3:-;4:0|1;5:1;6:6;7:2;8:4;9:-,0:2;1:1;2:0|6;3:-;4:0|1;5:1;6:6;7:1|2;8:1|4;9:-,2@1=1;2@2=1;2@6=1;4@6=1;4@3=2;7@1=1;7@4=1;8@2=1;8@7=1,"1,2,6,3,4,7",10,9,9,0,1.0,-0.18120618100807226,0.0,0.01879381899192775,0.0,0.0,0.2,0.0012509822845458984,Feasible
470,469,6,3,3,"ADD:2,3;ADD:6,1;ADD:6,5;REMOVE:1,1;REMOVE:4,0;REMOVE:7,2",0:2;1:1;2:0|6;3:-;4:0|1;5:1;6:6;7:1|2;8:1|4;9:-,0:2;1:-;2:0|3|6;3:-;4:1;5:1;6:1|5|6;7:1;8:1|4;9:-,2@3=1;5@6=1;6@5=1;7@1=1;8@7=1,"3,6,5,1,7",5,5,5,0,1.0,0.012891936311815289,0.25,0.06289193631181532,0.0,0.0,0.30000000000000004,0.003564119338989258,Feasible
471,470,10,2,8,"ADD:0,1;ADD:8,8;REMOVE:2,0;REMOVE:2,3;REMOVE:2,6;REMOVE:6,1;REMOVE:6,5;REMOVE:6,6;REMOVE:7,1;REMOVE:8,4",0:2;1:-;2:0|3|6;3:-;4:1;5:1;6:1|5|6;7:1;8:1|4;9:-,0:1|2;1:-;2:-;3:-;4:1;5:1;6:-;7:-;8:1|8;9:-,0@1=1;4@3=1;5@1=1;5@3=1;8@8=1,"1,3,8",5,5,5,0,1.0,0.5342938879141723,0.6666666666666666,0.0676272212475057,0.0,0.0,0.2,0.00699615478515625,Feasible
472,471,5,4,1,"ADD:1,6;ADD:4,2;ADD:5,2;ADD:7,0;REMOVE:8,8",0:1|2;1:-;2:-;3:-;4:1;5:1;6:-;7:-;8:1|8;9:-,0:1|2;1:6;2:-;3:-;4:1|2;5:1|2;6:-;7:0;8:1;9:-,0@1=1;0@2=1;0@8=1;0@9=1;4@2=1;4@9=1;4@5=1;4@7=1;5@2=1;7@0=1;8@7=1;8@3=1,"1,2,8,9,5,7,0,3",12,12,12,0,1.0,-0.19246480074731853,0.16666666666666666,0.04086853258601484,0.0,0.0,0.4,0.002310037612915039,Feasible
473,472,6,2,4,"ADD:7,1;ADD:8,2;REMOVE:0,1;REMOVE:1,6;REMOVE:4,1;REMOVE:5,1",0:1|2;1:6;2:-;3:-;4:1|2;5:1|2;6:-;7:0;8:1;9:-,0:2;1:-;2:-;3:-;4:2;5:2;6:-;7:0|1;8:1|2;9:-,0@0=2;0@2=1;0@3=1;4@4=2;4@8=1;5@3=1;7@1=1;8@2=1;8@4=1;8@5=1;8@6=1,"0,2,3,4,8,1,5,6",13,11,11,0,1.0,0.2683866741638635,0.4444444444444444,0.023942229719419127,0.0,0.0,0.2,0.004976034164428711,Feasible
474,473,5,5,0,"ADD:0,6;ADD:1,5;ADD:2,3;ADD:2,6;ADD:5,1",0:2;1:-;2:-;3:-;4:2;5:2;6:-;7:0|1;8:1|2;9:-,0:2|6;1:5;2:3|6;3:-;4:2;5:1|2;6:-;7:0|1;8:1|2;9:-,0@3=1;0@5=1;0@6=1;0@7=1;0@9=1;1@5=1;2@3=1;2@5=1;2@6=1;2@8=1;4@7=1;4@4=1;5@7=1;5@4=1;7@3=1;7@6=1;8@5=1;8@6=1;8@9=1;8@8=1;8@4=2;8@1=2;8@2=2,"3,5,6,7,9,8,4,1,2",26,23,23,0,1.0,-0.4710817952974468,0.0,0.0289182047025532,0.0,0.0,0.5,0.0014851093292236328,Feasible
475,474,8,4,4,"ADD:1,1;ADD:1,4;ADD:4,6;ADD:7,7;REMOVE:2,3;REMOVE:2,6;REMOVE:5,1;REMOVE:7,0",0:2|6;1:5;2:3|6;3:-;4:2;5:1|2;6:-;7:0|1;8:1|2;9:-,0:2|6;1:1|4|5;2:-;3:-;4:2|6;5:2;6:-;7:1|7;8:1|2;9:-,0@1=1;0@2=3;0@3=2;0@4=1;1@1=1;1@4=1;1@0=1;4@2=2;4@6=1;5@5=1;7@8=1;8@1=1;8@2=1;8@4=1;8@9=1,"1,2,3,4,0,6,5,8,9",19,15,15,0,1.0,-0.013186854160832762,0.3333333333333333,0.05347981250583393,0.0,0.0,0.4,0.005316734313964844,Feasible
476,475,8,1,7,"ADD:2,2;REMOVE:1,1;REMOVE:1,4;REMOVE:1,5;REMOVE:4,2;REMOVE:5,2;REMOVE:7,7;REMOVE:8,2",0:2|6;1:1|4|5;2:-;3:-;4:2|6;5:2;6:-;7:1|7;8:1|2;9:-,0:2|6;1:-;2:2;3:-;4:6;5:-;6:-;7:1;8:1;9:-,0@1=1;0@2=1;0@6=2;0@7=1;2@2=1;4@6=1;7@6=1;8@1=1;8@8=1,"1,2,6,7,8",10,9,9,0,1.0,0.5459044785305452,0.5833333333333334,0.06257114519721188,0.0,0.0,0.1,0.007002115249633789,Feasible
477,476,7,4,3,"ADD:1,2;ADD:4,3;ADD:5,1;ADD:9,2;REMOVE:0,2;REMOVE:0,6;REMOVE:8,1",0:2|6;1:-;2:2;3:-;4:6;5:-;6:-;7:1;8:1;9:-,0:-;1:2;2:2;3:-;4:3|6;5:1;6:-;7:1;8:-;9:2,1@2=1;2@9=1;4@3=1;5@1=1;7@1=1,"2,9,3,1",5,5,5,0,1.0,0.17496867799115567,0.5,0.07496867799115574,0.0,0.0,0.4,0.003373861312866211,Feasible
478,477,8,4,4,"ADD:0,7;ADD:4,2;ADD:7,5;ADD:8,1;REMOVE:1,2;REMOVE:2,2;REMOVE:5,1;REMOVE:9,2",0:-;1:2;2:2;3:-;4:3|6;5:1;6:-;7:1;8:-;9:2,0:7;1:-;2:-;3:-;4:2|3|6;5:-;6:-;7:1|5;8:1;9:-,0@7=1;4@0=1;4@2=1;7@7=1;7@5=1;8@1=1,"7,0,2,5,1",6,6,6,0,1.0,0.23059720719529264,0.5714285714285714,0.05916863576672123,0.0,0.0,0.4,0.0044422149658203125,Feasible
479,478,8,5,3,"ADD:1,2;ADD:2,2;ADD:3,7;ADD:7,4;ADD:8,2;REMOVE:0,7;REMOVE:4,3;REMOVE:4,6",0:7;1:-;2:-;3:-;4:2|3|6;5:-;6:-;7:1|5;8:1;9:-,0:-;1:2;2:2;3:7;4:2;5:-;6:-;7:1|4|5;8:1|2;9:-,1@2=1;2@2=1;4@4=1;4@5=1;7@4=1;7@0=1;7@3=1;8@2=1;8@5=1;8@0=1;8@3=1;8@1=1;8@7=1,"2,4,5,0,3,1,7",13,13,13,0,1.0,-0.033064369317322595,0.42857142857142855,0.038364202111248885,0.0,0.0,0.5,0.005878925323486328,Feasible
480,479,4,3,1,"ADD:2,1;ADD:3,5;ADD:5,1;REMOVE:7,4",0:-;1:2;2:2;3:7;4:2;5:-;6:-;7:1|4|5;8:1|2;9:-,0:-;1:2;2:1|2;3:5|7;4:2;5:1;6:-;7:1|5;8:1|2;9:-,1@7=1;2@1=1;2@6=1;4@7=1;4@2=2;4@4=1;5@1=1;5@8=1;7@7=1;8@7=2;8@1=1;8@6=1;8@2=1;8@4=2;8@9=1,"7,1,6,2,4,8,9",18,15,15,0,1.0,-0.1547094731363866,0.1111111111111111,0.03417941575250234,0.0,0.0,0.30000000000000004,0.0022459030151367188,Feasible
481,480,4,4,0,"ADD:0,1;ADD:0,2;ADD:5,0;ADD:8,5",0:-;1:2;2:1|2;3:5|7;4:2;5:1;6:-;7:1|5;8:1|2;9:-,0:1|2;1:2;2:1|2;3:5|7;4:2;5:0|1;6:-;7:1|5;8:1|2|5;9:-,0@1=1;0@2=1;0@3=1;1@3=1;1@5=1;2@2=2;2@3=1;2@5=1;4@2=1;4@7=1;5@0=1;8@1=1;8@2=1;8@3=1;8@7=1;8@4=1,"1,2,3,5,7,0,4",17,16,16,0,1.0,-0.3515028405051735,0.0,0.048497159494826504,0.0,0.0,0.4,0.0013072490692138672,Feasible
482,481,11,2,9,"ADD:1,6;ADD:3,9;REMOVE:0,1;REMOVE:2,1;REMOVE:3,5;REMOVE:3,7;REMOVE:5,1;REMOVE:7,1;REMOVE:7,5;REMOVE:8,1;REMOVE:8,5",0:1|2;1:2;2:1|2;3:5|7;4:2;5:0|1;6:-;7:1|5;8:1|2|5;9:-,0:2;1:2|6;2:2;3:9;4:2;5:0;6:-;7:-;8:2;9:-,0@0=2;0@2=1;0@4=2;1@0=1;1@6=1;2@0=1;2@5=1;4@2=1;4@4=1;5@2=1;8@2=1,"0,2,4,6,5",13,11,11,0,1.0,0.4310640767844616,0.6,0.031064076784461707,0.0,0.0,0.2,0.011979103088378906,Feasible
483,482,8,3,5,"ADD:4,1;ADD:7,4;ADD:7,5;REMOVE:1,6;REMOVE:2,2;REMOVE:3,9;REMOVE:5,0;REMOVE:8,2",0:2;1:2|6;2:2;3:9;4:2;5:0;6:-;7:-;8:2;9:-,0:2;1:2;2:-;3:-;4:1|2;5:-;6:-;7:4|5;8:-;9:-,0@0=1;0@4=1;1@5=1;4@1=1;4@9=1;7@4=1;7@5=1;7@7=1;7@8=1,"0,4,5,1,9,7,8",9,9,9,0,1.0,0.3579768655612543,0.625,0.03297686556125429,0.0,0.0,0.30000000000000004,0.0054798126220703125,Feasible
484,483,3,1,2,"ADD:8,2;REMOVE:1,2;REMOVE:4,1",0:2;1:2;2:-;3:-;4:1|2;5:-;6:-;7:4|5;8:-;9:-,0:2;1:-;2:-;3:-;4:2;5:-;6:-;7:4|5;8:2;9:-,0@2=1;0@4=1;4@0=1;7@2=1;7@3=1;7@6=1;8@5=2,"2,4,0,3,6,5",8,7,7,0,1.0,0.24783114175287754,0.3333333333333333,0.014497808419544223,0.0,0.0,0.1,0.004555225372314453,Feasible
485,484,6,4,2,"ADD:1,2;ADD:4,8;ADD:5,1;ADD:5,2;REMOVE:0,2;REMOVE:7,5",0:2;1:-;2:-;3:-;4:2;5:-;6:-;7:4|5;8:2;9:-,0:-;1:2;2:-;3:-;4:2|8;5:1|2;6:-;7:4;8:2;9:-,4@4=1;5@1=2;5@2=1;5@7=1;5@9=1;7@2=1;7@6=1;8@9=1;8@8=1,"4,1,2,7,9,6,8",10,9,9,0,1.0,0.028324407728339218,0.4,0.0283244077283392,0.0,0.0,0.4,0.003858804702758789,Feasible
486,485,6,4,2,"ADD:0,3;ADD:1,1;ADD:7,9;ADD:9,8;REMOVE:4,2;REMOVE:5,1",0:-;1:2;2:-;3:-;4:2|8;5:1|2;6:-;7:4;8:2;9:-,0:3;1:1|2;2:-;3:-;4:8;5:2;6:-;7:4|9;8:2;9:8,0@3=1;1@1=2;4@1=1;4@5=1;5@5=1;5@4=1;7@7=1;7@9=1;8@7=1;8@9=1;8@0=1;8@2=1;8@8=1,"3,1,5,4,7,9,0,2,8",14,13,13,0,1.0,-0.07948852602720813,0.2857142857142857,0.034797188258506175,0.0,0.0,0.4,0.0032448768615722656,Feasible
487,486,10,5,5,"ADD:0,4;ADD:4,0;ADD:6,7;ADD:8,1;ADD:9,6;REMOVE:1,1;REMOVE:1,2;REMOVE:5,2;REMOVE:7,4;REMOVE:9,8",0:3;1:1|2;2:-;3:-;4:8;5:2;6:-;7:4|9;8:2;9:8,0:3|4;1:-;2:-;3:-;4:0|8;5:-;6:7;7:9;8:1|2;9:6,0@4=1;4@0=1;6@7=1;7@1=2;8@4=2;8@7=1;8@1=2;8@2=1;8@3=1;8@8=1,"4,0,7,1,2,3,8",13,10,10,0,1.0,0.09728668888015124,0.5555555555555556,0.04173113332459566,0.0,0.0,0.5,0.005635976791381836,Feasible
488,487,8,6,2,"ADD:1,1;ADD:1,4;ADD:1,5;ADD:5,2;ADD:5,6;ADD:6,5;REMOVE:8,1;REMOVE:9,6",0:3|4;1:-;2:-;3:-;4:0|8;5:-;6:7;7:9;8:1|2;9:6,0:3|4;1:1|4|5;2:-;3:-;4:0|8;5:2|6;6:5|7;7:9;8:2;9:-,0@1=2;0@2=1;0@3=1;0@8=1;1@1=1;1@8=1;1@4=1;1@5=2;1@6=1;1@9=1;4@1=1;4@8=1;4@0=1;4@7=1;5@2=1;5@3=1;5@6=1;6@5=1;7@2=1;8@2=1;8@3=2;8@8=1;8@4=3;8@9=2;8@7=1,"1,2,3,8,4,5,6,9,0,7",31,25,25,0,1.0,-0.3418489153511599,0.2222222222222222,0.03592886242661788,0.0,0.0,0.6,0.003582000732421875,Feasible
489,488,11,2,9,"ADD:5,7;ADD:8,1;REMOVE:0,3;REMOVE:0,4;REMOVE:1,1;REMOVE:1,4;REMOVE:1,5;REMOVE:4,0;REMOVE:5,2;REMOVE:5,6;REMOVE:6,5",0:3|4;1:1|4|5;2:-;3:-;4:0|8;5:2|6;6:5|7;7:9;8:2;9:-,0:-;1:-;2:-;3:-;4:8;5:7;6:7;7:9;8:1|2;9:-,4@5=1;6@3=1;7@7=1;8@5=1;8@0=2;8@1=1;8@2=1;8@4=2;8@8=1,"5,3,7,0,1,2,4,8",11,9,9,0,1.0,0.5100568138398345,0.6923076923076923,0.01774912153214227,0.0,0.0,0.2,0.009241104125976562,Feasible
490,489,5,2,3,"ADD:4,5;ADD:7,4;REMOVE:4,8;REMOVE:5,7;REMOVE:6,7",0:-;1:-;2:-;3:-;4:8;5:7;6:7;7:9;8:1|2;9:-,0:-;1:-;2:-;3:-;4:5;5:-;6:-;7:4|9;8:1|2;9:-,7@4=1;8@4=3;8@1=5;8@2=2;8@5=1;8@6=2;8@7=1;8@8=3;8@9=2,"4,1,2,5,6,7,8,9",20,9,9,0,1.0,0.3361071335778976,0.5,0.036107133577897646,0.0,0.0,0.2,0.0039000511169433594,Feasible
491,490,3,3,0,"ADD:4,7;ADD:6,5;ADD:7,5",0:-;1:-;2:-;3:-;4:5;5:-;6:-;7:4|9;8:1|2;9:-,0:-;1:-;2:-;3:-;4:5|7;5:-;6:5;7:4|5|9;8:1|2;9:-,4@2=1;4@3=1;4@7=1;6@5=1;7@2=1;7@5=1;7@4=1;8@2=2;8@3=2;8@7=2;8@1=2,"2,3,7,5,4,1",15,11,11,0,1.0,-0.24904720989472207,0.0,0.05095279010527797,0.0,0.0,0.30000000000000004,0.0009849071502685547,Feasible
492,491,6,1,5,"ADD:3,1;REMOVE:4,5;REMOVE:4,7;REMOVE:7,5;REMOVE:7,9;REMOVE:8,1",0:-;1:-;2:-;3:-;4:5|7;5:-;6:5;7:4|5|9;8:1|2;9:-,0:-;1:-;2:-;3:1;4:-;5:-;6:5;7:4;8:2;9:-,6@0=1;7@4=1;8@2=1;8@8=1,"0,4,2,8",4,4,4,0,1.0,0.574502142127079,0.625,0.04950214212707891,0.0,0.0,0.1,0.004827022552490234,Feasible
493,492,7,4,3,"ADD:4,0;ADD:4,4;ADD:7,5;ADD:8,6;REMOVE:3,1;REMOVE:6,5;REMOVE:7,4",0:-;1:-;2:-;3:1;4:-;5:-;6:5;7:4;8:2;9:-,0:-;1:-;2:-;3:-;4:0|4;5:-;6:-;7:5;8:2|6;9:-,4@0=1;4@2=2;4@4=1;8@0=1;8@2=5;8@6=2;8@8=1,"0,2,4,6,8",13,7,7,0,1.0,0.42578819281696323,0.75,0.0757881928169632,0.0,0.0,0.4,0.003561258316040039,Feasible
494,493,7,6,1,"ADD:0,1;ADD:1,0;ADD:1,8;ADD:2,2;ADD:4,3;ADD:8,3;REMOVE:7,5",0:-;1:-;2:-;3:-;4:0|4;5:-;6:-;7:5;8:2|6;9:-,0:1;1:0|8;2:2;3:-;4:0|3|4;5:-;6:-;7:-;8:2|3|6;9:-,0@1=2;0@3=1;0@6=1;1@0=1;1@2=1;1@8=1;2@2=1;2@4=1;4@3=1;4@6=1;4@5=1;4@7=1;8@1=1;8@3=2;8@6=1;8@0=2;8@2=2;8@4=2;8@7=2,"1,3,6,0,2,8,4,5,7",25,19,19,0,1.0,-0.3591312169895878,0.2,0.040868783010412184,0.0,0.0,0.6,0.0024929046630859375,Feasible
495,494,9,4,5,"ADD:0,2;ADD:3,4;ADD:5,3;ADD:7,4;REMOVE:1,0;REMOVE:2,2;REMOVE:4,3;REMOVE:4,4;REMOVE:8,3",0:1;1:0|8;2:2;3:-;4:0|3|4;5:-;6:-;7:-;8:2|3|6;9:-,0:1|2;1:8;2:-;3:4;4:0;5:3;6:-;7:4;8:2|6;9:-,0@2=2;1@2=1;1@4=1;3@4=1;3@6=1;4@2=1;5@2=1;5@3=1;8@2=3;8@4=1;8@6=1;8@3=1;8@1=1;8@7=1;8@9=1,"2,4,6,3,1,7,9",18,15,15,0,1.0,0.14507197377484427,0.5,0.045071973774844336,0.0,0.0,0.4,0.008546113967895508,Feasible
496,495,7,3,4,"ADD:2,4;ADD:3,1;ADD:7,5;REMOVE:3,4;REMOVE:4,0;REMOVE:5,3;REMOVE:8,6",0:1|2;1:8;2:-;3:4;4:0;5:3;6:-;7:4;8:2|6;9:-,0:1|2;1:8;2:4;3:1;4:-;5:-;6:-;7:4|5;8:2;9:-,0@1=1;0@2=2;1@7=1;1@8=1;2@4=1;7@4=1;7@5=1;7@6=1;8@8=1;8@4=5,"1,2,7,8,4,5,6",15,10,10,0,1.0,0.18986884686583594,0.4444444444444444,0.04542440242139159,0.0,0.0,0.30000000000000004,0.004774808883666992,Feasible
497,496,9,4,5,"ADD:0,0;ADD:5,8;ADD:5,9;ADD:6,7;REMOVE:0,1;REMOVE:2,4;REMOVE:3,1;REMOVE:7,4;REMOVE:7,5",0:1|2;1:8;2:4;3:1;4:-;5:-;6:-;7:4|5;8:2;9:-,0:0|2;1:8;2:-;3:-;4:-;5:8|9;6:7;7:-;8:2;9:-,0@4=1;0@5=1;0@7=1;1@4=2;1@5=1;1@6=1;5@8=1;5@9=1;6@7=1;6@8=1;8@4=1;8@5=1;8@8=1;8@0=1;8@2=2,"4,5,7,6,8,9,0,2",17,15,15,0,1.0,0.25618532891741363,0.625,0.031185328917413647,0.0,0.0,0.4,0.0062220096588134766,Feasible
498,497,7,4,3,"ADD:1,9;ADD:4,1;ADD:7,7;ADD:8,6;REMOVE:0,0;REMOVE:0,2;REMOVE:5,9",0:0|2;1:8;2:-;3:-;4:-;5:8|9;6:7;7:-;8:2;9:-,0:-;1:8|9;2:-;3:-;4:1;5:8;6:7;7:7;8:2|6;9:-,1@4=2;1@6=1;1@9=1;4@1=1;5@1=2;6@6=1;6@2=1;7@7=1;8@6=1;8@9=1;8@1=1;8@3=1;8@8=1,"4,6,9,1,2,7,3,8",15,13,13,0,1.0,0.05681217185459181,0.42857142857142855,0.028240743283163307,0.0,0.0,0.4,0.003986358642578125,Feasible
499,498,8,3,5,"ADD:0,9;ADD:4,2;ADD:5,9;REMOVE:1,8;REMOVE:1,9;REMOVE:6,7;REMOVE:7,7;REMOVE:8,6",0:-;1:8|9;2:-;3:-;4:1;5:8;6:7;7:7;8:2|6;9:-,0:9;1:-;2:-;3:-;4:1|2;5:8|9;6:-;7:-;8:2;9:-,4@2=1;5@5=1;5@9=1;8@2=1;8@9=1;8@3=3;8@7=1,"2,5,9,3,7",9,7,7,0,1.0,0.36011583523065294,0.625,0.03511583523065298,0.0,0.0,0.30000000000000004,0.005227088928222656,Feasible
500,499,8,6,2,"ADD:1,3;ADD:1,4;ADD:2,8;ADD:3,4;ADD:4,8;ADD:7,3;REMOVE:0,9;REMOVE:5,8",0:9;1:-;2:-;3:-;4:1|2;5:8|9;6:-;7:-;8:2;9:-,0:-;1:3|4;2:8;3:4;4:1|2|8;5:9;6:-;7:3;8:2;9:-,1@3=1;1@4=1;1@6=1;2@8=1;3@4=1;4@1=1;4@2=2;4@5=2;4@9=1;5@3=1;5@1=1;5@7=1;7@3=1;7@9=2;8@2=2;8@7=1,"3,4,6,8,1,2,5,9,7",20,16,16,0,1.0,-0.21355726404846798,0.3333333333333333,0.05310940261819869,0.0,0.0,0.6,0.0032896995544433594,Feasible
501,500,9,5,4,"ADD:0,3;ADD:1,0;ADD:2,0;ADD:7,6;ADD:8,6;REMOVE:3,4;REMOVE:4,2;REMOVE:4,8;REMOVE:5,9",0:-;1:3|4;2:8;3:4;4:1|2|8;5:9;6:-;7:3;8:2;9:-,0:3;1:0|3|4;2:0|8;3:-;4:1;5:-;6:-;7:3|6;8:2|6;9:-,0@3=1;1@0=1;1@2=1;2@2=1;2@4=1;2@5=1;4@3=1;4@6=1;4@7=1;4@9=2;7@5=1;7@6=1;8@3=1;8@0=1;8@4=3;8@6=1;8@1=1,"3,0,2,4,5,6,7,9,1",20,17,17,0,1.0,-0.08085549060627689,0.4,0.01914450939372308,0.0,0.0,0.5,0.005418062210083008,Feasible
502,501,10,6,4,"ADD:4,5;ADD:4,6;ADD:5,2;ADD:5,6;ADD:6,5;ADD:7,0;REMOVE:0,3;REMOVE:1,3;REMOVE:1,4;REMOVE:2,8",0:3;1:0|3|4;2:0|8;3:-;4:1;5:-;6:-;7:3|6;8:2|6;9:-,0:-;1:0;2:0;3:-;4:1|5|6;5:2|6;6:5;7:0|3|6;8:2|6;9:-,1@2=1;2@2=1;4@1=1;4@4=2;4@5=1;5@2=1;5@4=2;5@5=2;5@6=1;5@7=1;6@5=1;7@7=1;7@0=1;8@1=2;8@4=2;8@6=1;8@7=1;8@3=1;8@8=2,"2,1,4,5,6,7,0,3,8",25,19,19,0,1.0,-0.2085800697170217,0.36363636363636365,0.027783566646614657,0.0,0.0,0.6,0.0054247379302978516,Feasible
503,502,12,4,8,"ADD:1,1;ADD:1,4;ADD:2,3;ADD:9,3;REMOVE:4,5;REMOVE:4,6;REMOVE:5,6;REMOVE:6,5;REMOVE:7,0;REMOVE:7,3;REMOVE:7,6;REMOVE:8,6",0:-;1:0;2:0;3:-;4:1|5|6;5:2|6;6:5;7:0|3|6;8:2|6;9:-,0:-;1:0|1|4;2:0|3;3:-;4:1;5:2;6:-;7:-;8:2;9:3,1@1=1;1@4=1;1@8=2;2@2=1;2@3=1;4@8=1;4@6=2;4@9=1;5@7=1;8@4=1;8@3=1;8@9=1;8@0=1,"1,4,8,2,3,6,9,7,0",15,13,13,0,1.0,0.2375295444201433,0.6153846153846154,0.022144929035527894,0.0,0.0,0.4,0.009022951126098633,Feasible
504,503,6,4,2,"ADD:2,4;ADD:6,1;ADD:7,8;ADD:8,1;REMOVE:5,2;REMOVE:9,3",0:-;1:0|1|4;2:0|3;3:-;4:1;5:2;6:-;7:-;8:2;9:3,0:-;1:0|1|4;2:0|3|4;3:-;4:1;5:-;6:1;7:8;8:1|2;9:-,1@1=1;1@2=1;1@4=1;1@5=1;2@1=1;2@2=1;2@4=1;2@3=1;2@6=2;4@6=1;4@9=1;6@8=1;7@8=1;8@1=2;8@2=1;8@6=1;8@8=1;8@0=1,"1,2,4,5,3,6,9,8,0",20,18,18,0,1.0,-0.1373945747288154,0.2222222222222222,0.04038320304896241,0.0,0.0,0.4,0.0033898353576660156,Feasible
505,504,7,0,7,"REMOVE:1,0;REMOVE:1,1;REMOVE:2,0;REMOVE:2,3;REMOVE:6,1;REMOVE:7,8;REMOVE:8,1",0:-;1:0|1|4;2:0|3|4;3:-;4:1;5:-;6:1;7:8;8:1|2;9:-,0:-;1:4;2:4;3:-;4:1;5:-;6:-;7:-;8:2;9:-,1@7=1;2@4=1;4@6=2;8@4=2;8@0=2;8@2=1;8@3=1;8@5=1,"7,4,6,0,2,3,5",11,8,8,0,1.0,0.6532343319908179,0.6363636363636364,0.01687069562718153,0.0,0.0,0.0,0.007308006286621094,Feasible
506,505,8,6,2,"ADD:2,9;ADD:3,4;ADD:4,4;ADD:5,1;ADD:6,6;ADD:7,2;REMOVE:1,4;REMOVE:8,2",0:-;1:4;2:4;3:-;4:1;5:-;6:-;7:-;8:2;9:-,0:-;1:-;2:4|9;3:4;4:1|4;5:1;6:6;7:2;8:-;9:-,2@4=1;2@6=1;3@4=1;4@4=1;5@1=1;6@6=1;6@1=1;7@2=1,"4,6,1,2",8,8,8,0,1.0,-0.025103364913965476,0.5,0.07489663508603447,0.0,0.0,0.6,0.002794027328491211,Feasible
507,506,6,5,1,"ADD:2,0;ADD:6,2;ADD:8,4;ADD:8,9;ADD:9,1;REMOVE:3,4",0:-;1:-;2:4|9;3:4;4:1|4;5:1;6:6;7:2;8:-;9:-,0:-;1:-;2:0|4|9;3:-;4:1|4;5:1;6:2|6;7:2;8:4|9;9:1,2@0=1;4@4=1;4@6=1;4@9=1;5@1=1;5@7=1;6@2=1;6@8=1;7@2=1;8@4=2;8@9=1;8@1=2;8@2=2,"0,4,6,9,1,7,2,8",16,13,13,0,1.0,-0.3259088276897668,0.125,0.04909117231023322,0.0,0.0,0.5,0.0026230812072753906,Feasible
508,507,4,3,1,"ADD:3,4;ADD:4,0;ADD:5,2;REMOVE:9,1",0:-;1:-;2:0|4|9;3:-;4:1|4;5:1;6:2|6;7:2;8:4|9;9:1,0:-;1:-;2:0|4|9;3:4;4:0|1|4;5:1|2;6:2|6;7:2;8:4|9;9:-,2@0=1;2@1=1;2@4=3;3@4=1;3@6=1;4@0=1;4@3=1;4@9=1;5@3=1;5@2=1;7@4=1;7@9=1;8@1=2;8@4=2;8@9=2;8@2=1;8@7=1,"0,1,4,6,3,9,2,7",22,17,17,0,1.0,-0.16860844369553726,0.08333333333333333,0.04805822297112946,0.0,0.0,0.30000000000000004,0.0023241043090820312,Feasible
509,508,6,2,4,"ADD:3,9;ADD:8,5;REMOVE:2,4;REMOVE:4,4;REMOVE:5,1;REMOVE:6,2",0:-;1:-;2:0|4|9;3:4;4:0|1|4;5:1|2;6:2|6;7:2;8:4|9;9:-,0:-;1:-;2:0|9;3:4|9;4:0|1;5:2;6:6;7:2;8:4|5|9;9:-,2@0=1;2@1=2;2@3=1;2@5=1;3@4=1;3@7=1;4@0=1;4@3=1;4@9=1;5@0=1;5@3=1;5@7=1;5@2=2;6@9=1;7@4=1;8@1=2;8@5=1;8@4=3;8@9=1;8@2=3;8@6=1;8@8=2,"0,1,3,5,4,7,9,2,6,8",30,22,22,0,1.0,0.12092490931307748,0.2857142857142857,0.03521062359879177,0.0,0.0,0.2,0.005607128143310547,Feasible
510,509,5,3,2,"ADD:1,0;ADD:4,4;ADD:5,1;REMOVE:3,9;REMOVE:6,6",0:-;1:-;2:0|9;3:4|9;4:0|1;5:2;6:6;7:2;8:4|5|9;9:-,0:-;1:0;2:0|9;3:4;4:0|1|4;5:1|2;6:-;7:2;8:4|5|9;9:-,2@2=1;2@3=1;2@5=2;2@7=1;3@7=1;4@1=1;4@4=1;5@2=1;5@7=2;5@1=1;7@0=1;8@2=3;8@3=1;8@5=2;8@7=1;8@4=1;8@0=1;8@8=1;8@9=1,"2,3,5,7,1,4,0,8,9",24,19,19,0,1.0,-0.09876720578260414,0.16666666666666666,0.034566127550729235,0.0,0.0,0.30000000000000004,0.003409147262573242,Feasible
511,510,10,4,6,"ADD:0,7;ADD:1,8;ADD:3,1;ADD:6,8;REMOVE:1,0;REMOVE:2,9;REMOVE:4,4;REMOVE:5,1;REMOVE:7,2;REMOVE:8,4",0:-;1:0;2:0|9;3:4;4:0|1|4;5:1|2;6:-;7:2;8:4|5|9;9:-,0:7;1:8;2:0;3:1|4;4:0|1;5:2;6:8;7:-;8:5|9;9:-,0@7=1;2@7=1;2@0=2;2@5=2;3@1=2;3@8=1;4@1=1;4@2=1;5@0=1;6@8=1;8@7=2;8@5=2;8@8=1;8@2=1;8@6=1,"7,0,5,1,8,2,6",20,15,15,0,1.0,0.10573104532989341,0.46153846153846156,0.04419258379143189,0.0,0.0,0.4,0.006836891174316406,Feasible
512,511,6,3,3,"ADD:2,4;ADD:2,5;ADD:7,0;REMOVE:0,7;REMOVE:1,8;REMOVE:3,1",0:7;1:8;2:0;3:1|4;4:0|1;5:2;6:8;7:-;8:5|9;9:-,0:-;1:-;2:0|4|5;3:4;4:0|1;5:2;6:8;7:0;8:5|9;9:-,2@0=1;2@4=1;3@7=1;4@0=1;4@1=1;5@9=1;6@7=1;7@0=1;7@5=1;8@0=1;8@1=1;8@2=2;8@6=1;8@8=1,"0,4,7,1,9,5,2,6,8",15,14,14,0,1.0,0.008266669151828554,0.2727272727272727,0.0355393964245559,0.0,0.0,0.30000000000000004,0.004165172576904297,Feasible
513,512,5,1,4,"ADD:0,5;REMOVE:2,0;REMOVE:2,4;REMOVE:2,5;REMOVE:6,8",0:-;1:-;2:0|4|5;3:4;4:0|1;5:2;6:8;7:0;8:5|9;9:-,0:5;1:-;2:-;3:4;4:0|1;5:2;6:-;7:0;8:5|9;9:-,3@8=1;4@1=1;4@2=1;4@5=1;5@2=1;5@4=1;5@7=2;7@2=1;8@1=1;8@7=1;8@0=1;8@3=2;8@9=1,"8,1,2,5,4,7,0,3,9",15,13,13,0,1.0,0.284002586113539,0.36363636363636365,0.02036622247717538,0.0,0.0,0.1,0.005112171173095703,Feasible
514,513,5,4,1,"ADD:2,5;ADD:5,6;ADD:7,9;ADD:9,9;REMOVE:4,1",0:5;1:-;2:-;3:4;4:0|1;5:2;6:-;7:0;8:5|9;9:-,0:5;1:-;2:5;3:4;4:0;5:2|6;6:-;7:0|9;8:5|9;9:9,2@5=1;3@2=1;4@5=1;5@6=1;7@9=2;8@5=1;8@2=3;8@6=1;8@9=1;8@0=1;8@1=1;8@8=1,"5,2,6,9,0,1,8",15,12,12,0,1.0,-0.23444288855264853,0.125,0.040557111447351496,0.0,0.0,0.4,0.002173185348510742,Feasible
515,514,8,5,3,"ADD:2,3;ADD:4,1;ADD:4,4;ADD:6,1;ADD:7,4;REMOVE:3,4;REMOVE:5,6;REMOVE:9,9",0:5;1:-;2:5;3:4;4:0;5:2|6;6:-;7:0|9;8:5|9;9:9,0:5;1:-;2:3|5;3:-;4:0|1|4;5:2;6:1;7:0|4|9;8:5|9;9:-,0@5=1;2@2=1;2@3=1;2@7=1;4@7=1;4@1=1;4@4=1;4@8=1;5@2=1;5@7=1;6@1=1;7@5=1;7@2=1;7@1=2;7@4=2;8@5=2;8@2=1;8@7=1;8@1=4;8@0=2,"5,2,3,7,1,4,8,0",27,20,20,0,1.0,-0.1941854999283783,0.2727272727272727,0.033087227344349,0.0,0.0,0.5,0.004363059997558594,Feasible
516,515,6,2,4,"ADD:3,2;ADD:8,7;REMOVE:4,1;REMOVE:6,1;REMOVE:7,0;REMOVE:7,9",0:5;1:-;2:3|5;3:-;4:0|1|4;5:2;6:1;7:0|4|9;8:5|9;9:-,0:5;1:-;2:3|5;3:2;4:0|4;5:2;6:-;7:4;8:5|7|9;9:-,0@2=1;2@8=1;3@2=1;3@0=1;4@4=1;5@0=1;7@8=1;8@2=1;8@8=1,"2,8,0,4",9,9,9,0,1.0,0.13280773326862838,0.3076923076923077,0.025115425576320696,0.0,0.0,0.2,0.0043070316314697266,Feasible
517,516,8,3,5,"ADD:4,3;ADD:6,2;ADD:7,2;REMOVE:0,5;REMOVE:2,5;REMOVE:3,2;REMOVE:8,5;REMOVE:8,9",0:5;1:-;2:3|5;3:2;4:0|4;5:2;6:-;7:4;8:5|7|9;9:-,0:-;1:-;2:3;3:-;4:0|3|4;5:2;6:2;7:2|4;8:7;9:-,2@1=1;2@9=1;4@3=1;4@7=1;5@3=1;6@2=1;7@7=1;8@7=1;8@2=2;8@4=1,"1,9,3,7,2,4",11,10,10,0,1.0,0.18104002768868221,0.45454545454545453,0.026494573143227736,0.0,0.0,0.30000000000000004,0.0055179595947265625,Feasible
518,517,4,0,4,"REMOVE:4,0;REMOVE:4,3;REMOVE:7,2;REMOVE:7,4",0:-;1:-;2:3;3:-;4:0|3|4;5:2;6:2;7:2|4;8:7;9:-,0:-;1:-;2:3;3:-;4:4;5:2;6:2;7:-;8:7;9:-,2@1=1;2@9=1;4@4=2;4@6=1;5@0=1;6@0=1;8@1=1;8@2=1;8@8=1,"1,9,4,6,0,2,8",10,9,9,0,1.0,0.46734270641404513,0.4444444444444444,0.022898261969600688,0.0,0.0,0.0,0.004729032516479492,Feasible
519,518,6,3,3,"ADD:1,7;ADD:3,2;ADD:7,4;REMOVE:2,3;REMOVE:5,2;REMOVE:6,2",0:-;1:-;2:3;3:-;4:4;5:2;6:2;7:-;8:7;9:-,0:-;1:7;2:-;3:2;4:4;5:-;6:-;7:4;8:7;9:-,3@2=1;3@4=1;4@4=1;7@4=2;8@2=2;8@9=1,"2,4,9",8,6,6,0,1.0,0.34976729013338825,0.6,0.04976729013338836,0.0,0.0,0.30000000000000004,0.0034270286560058594,Feasible
520,519,9,7,2,"ADD:0,0;ADD:5,1;ADD:5,4;ADD:5,5;ADD:6,5;ADD:7,3;ADD:8,5;REMOVE:1,7;REMOVE:4,4",0:-;1:7;2:-;3:2;4:4;5:-;6:-;7:4;8:7;9:-,0:0;1:-;2:-;3:2;4:-;5:1|4|5;6:5;7:3|4;8:5|7;9:-,0@0=1;3@2=2;3@3=1;5@1=2;5@4=1;5@5=1;5@7=1;6@5=1;7@2=1;7@3=1;8@4=2;8@5=1;8@9=1,"0,2,3,1,4,5,7,9",16,13,13,0,1.0,-0.23830726454657214,0.4,0.061692735453427815,0.0,0.0,0.7,0.003152132034301758,Feasible
521,520,9,6,3,"ADD:1,4;ADD:2,3;ADD:2,6;ADD:3,6;ADD:4,2;ADD:6,4;REMOVE:0,0;REMOVE:5,5;REMOVE:7,3",0:0;1:-;2:-;3:2;4:-;5:1|4|5;6:5;7:3|4;8:5|7;9:-,0:-;1:4;2:3|6;3:2|6;4:2;5:1|4;6:4|5;7:4;8:5|7;9:-,1@4=1;2@3=1;2@6=1;2@9=1;3@6=1;3@2=1;3@5=2;4@2=1;4@0=1;5@2=1;6@4=1;7@8=1;8@4=1;8@3=1;8@9=1;8@2=2;8@5=1;8@0=1;8@8=3,"4,3,6,9,2,5,0,8",23,19,19,0,1.0,-0.26502032863222413,0.3,0.03497967136777586,0.0,0.0,0.6,0.005405902862548828,Feasible
522,521,8,4,4,"ADD:0,9;ADD:1,3;ADD:5,5;ADD:7,3;REMOVE:3,6;REMOVE:6,4;REMOVE:6,5;REMOVE:8,5",0:-;1:4;2:3|6;3:2|6;4:2;5:1|4;6:4|5;7:4;8:5|7;9:-,0:9;1:3|4;2:3|6;3:2;4:2;5:1|4|5;6:-;7:3|4;8:7;9:-,1@3=1;1@4=1;2@3=1;2@4=2;2@2=1;2@8=1;3@3=1;4@7=1;5@5=1;5@9=1;7@3=1;8@4=2;8@2=1;8@9=1;8@0=2;8@1=4,"3,4,2,8,7,5,9,0,1",22,16,16,0,1.0,-0.07013755426540841,0.3076923076923077,0.022170138042283905,0.0,0.0,0.4,0.005566120147705078,Feasible
523,522,6,2,4,"ADD:4,1;ADD:6,3;REMOVE:2,6;REMOVE:5,1;REMOVE:5,5;REMOVE:7,3",0:9;1:3|4;2:3|6;3:2;4:2;5:1|4|5;6:-;7:3|4;8:7;9:-,0:9;1:3|4;2:3;3:2;4:1|2;5:4;6:3;7:4;8:7;9:-,0@9=1;1@4=2;1@5=1;2@1=1;2@3=1;3@9=1;3@4=1;3@0=1;4@5=1;4@1=1;4@3=1;4@0=1;5@4=2;5@2=1;6@2=1;7@4=1;7@6=1;8@4=2;8@1=1;8@0=2;8@8=2,"9,4,5,1,3,0,2,6,8",26,21,21,0,1.0,0.1374300889286802,0.3076923076923077,0.029737781236372506,0.0,0.0,0.2,0.00537419319152832,Feasible
524,523,7,2,5,"ADD:1,2;ADD:5,1;REMOVE:0,9;REMOVE:1,3;REMOVE:1,4;REMOVE:4,1;REMOVE:6,3",0:9;1:3|4;2:3;3:2;4:1|2;5:4;6:3;7:4;8:7;9:-,0:-;1:2;2:3;3:2;4:2;5:1|4;6:-;7:4;8:7;9:-,2@3=1;3@5=1;3@7=1;3@8=2;4@0=1;5@1=1;5@9=1;7@2=1;8@8=1;8@2=1;8@4=1;8@6=1,"3,5,7,8,0,1,9,2,4,6",13,12,12,0,1.0,0.26725490551590253,0.45454545454545453,0.012709450970448025,0.0,0.0,0.2,0.0064449310302734375,Feasible
525,524,6,5,1,"ADD:2,0;ADD:2,4;ADD:3,3;ADD:4,6;ADD:7,3;REMOVE:5,4",0:-;1:2;2:3;3:2;4:2;5:1|4;6:-;7:4;8:7;9:-,0:-;1:2;2:0|3|4;3:2|3;4:2|6;5:1;6:-;7:3|4;8:7;9:-,1@3=1;2@3=1;2@0=1;2@1=1;2@4=1;3@5=1;4@2=1;4@6=1;5@3=1;7@3=1;7@4=1;7@6=1;8@1=2;8@6=1;8@7=1,"3,0,1,4,5,2,6,7",16,15,15,0,1.0,-0.3241514003453674,0.125,0.05084859965463262,0.0,0.0,0.5,0.0026950836181640625,Feasible
526,525,9,3,6,"ADD:3,6;ADD:5,5;ADD:9,2;REMOVE:1,2;REMOVE:2,0;REMOVE:2,3;REMOVE:2,4;REMOVE:7,4;REMOVE:8,7",0:-;1:2;2:0|3|4;3:2|3;4:2|6;5:1;6:-;7:3|4;8:7;9:-,0:-;1:-;2:-;3:2|3|6;4:2|6;5:1|5;6:-;7:3;8:-;9:2,3@2=1;3@6=1;4@1=1;5@5=1;5@8=1;7@9=1,"2,6,1,5,8,9",6,6,6,0,1.0,0.25007724630793915,0.5,0.050077246307939235,0.0,0.0,0.30000000000000004,0.0064008235931396484,Feasible
527,526,10,3,7,"ADD:6,5;ADD:8,0;ADD:8,4;REMOVE:3,2;REMOVE:3,3;REMOVE:3,6;REMOVE:4,2;REMOVE:5,1;REMOVE:7,3;REMOVE:9,2",0:-;1:-;2:-;3:2|3|6;4:2|6;5:1|5;6:-;7:3;8:-;9:2,0:-;1:-;2:-;3:-;4:6;5:5;6:5;7:-;8:0|4;9:-,4@6=1;5@0=1;8@0=1;8@2=1;8@4=1,"6,0,2,4",5,5,5,0,1.0,0.5420184475091889,0.7777777777777778,0.06424066973141124,0.0,0.0,0.30000000000000004,0.006588935852050781,Feasible
528,527,9,7,2,"ADD:1,8;ADD:2,1;ADD:2,2;ADD:3,1;ADD:3,4;ADD:5,9;ADD:7,1;REMOVE:6,5;REMOVE:8,4",0:-;1:-;2:-;3:-;4:6;5:5;6:5;7:-;8:0|4;9:-,0:-;1:8;2:1|2;3:1|4;4:6;5:5|9;6:-;7:1;8:0;9:-,1@8=1;2@1=1;2@2=2;2@4=1;2@5=1;3@1=1;3@4=1;3@7=1;4@8=1;4@1=1;5@2=2;5@9=1;7@1=2;7@9=1;7@6=1;8@0=2,"8,1,2,4,5,7,9,6,0",20,16,16,0,1.0,-0.24583577934336798,0.4,0.05416422065663193,0.0,0.0,0.7,0.0034008026123046875,Feasible
529,528,6,5,1,"ADD:3,0;ADD:4,2;ADD:6,1;ADD:7,5;ADD:8,9;REMOVE:5,5",0:-;1:8;2:1|2;3:1|4;4:6;5:5|9;6:-;7:1;8:0;9:-,0:-;1:8;2:1|2;3:0|1|4;4:2|6;5:9;6:1;7:1|5;8:0|9;9:-,1@1=1;1@7=1;2@1=1;2@7=2;2@0=1;2@2=1;2@4=2;2@6=1;3@5=2;4@2=2;4@4=1;5@1=2;5@3=1;6@1=1;7@5=1;8@9=3,"1,7,0,2,4,6,5,3,9",23,16,16,0,1.0,-0.3586501726947918,0.1,0.04134982730520817,0.0,0.0,0.5,0.0024781227111816406,Feasible
530,529,10,3,7,"ADD:1,0;ADD:4,9;ADD:7,4;REMOVE:2,1;REMOVE:3,0;REMOVE:3,4;REMOVE:4,2;REMOVE:5,9;REMOVE:6,1;REMOVE:8,9",0:-;1:8;2:1|2;3:0|1|4;4:2|6;5:9;6:1;7:1|5;8:0|9;9:-,0:-;1:0|8;2:2;3:1;4:6|9;5:-;6:-;7:1|4|5;8:0;9:-,1@0=1;1@5=1;2@3=2;2@4=1;2@8=1;3@9=1;4@1=1;7@4=1;7@1=1;8@2=1,"0,5,3,4,8,9,1,2",11,10,10,0,1.0,0.22804524103662582,0.5,0.028045241036625868,0.0,0.0,0.30000000000000004,0.007736682891845703,Feasible
531,530,12,11,1,"ADD:0,0;ADD:0,4;ADD:0,9;ADD:1,3;ADD:2,0;ADD:2,1;ADD:4,0;ADD:5,1;ADD:6,3;ADD:8,8;ADD:8,9;REMOVE:7,4",0:-;1:0|8;2:2;3:1;4:6|9;5:-;6:-;7:1|4|5;8:0;9:-,0:0|4|9;1:0|3|8;2:0|1|2;3:1;4:0|6|9;5:1;6:3;7:1|5;8:0|8|9;9:-,0@0=1;0@4=1;0@9=1;1@3=1;2@9=1;2@1=2;2@6=1;3@3=1;4@0=1;4@4=1;4@9=1;4@2=1;4@7=1;5@1=1;5@7=1;6@3=1;7@1=1;7@2=1;7@5=1;8@0=1;8@9=1;8@8=1,"0,4,9,3,1,6,2,7,5,8",23,22,22,0,1.0,-0.9333877666678587,0.1,0.06661223333214111,0.0,0.0,1.0999999999999999,0.002671957015991211,Feasible
532,531,15,3,12,"ADD:3,4;ADD:3,5;ADD:5,2;REMOVE:0,0;REMOVE:0,4;REMOVE:0,9;REMOVE:1,0;REMOVE:1,3;REMOVE:2,0;REMOVE:4,9;REMOVE:6,3;REMOVE:7,1;REMOVE:7,5;REMOVE:8,0;REMOVE:8,8",0:0|4|9;1:0|3|8;2:0|1|2;3:1;4:0|6|9;5:1;6:3;7:1|5;8:0|8|9;9:-,0:-;1:8;2:1|2;3:1|4|5;4:0|6;5:1|2;6:-;7:-;8:9;9:-,1@4=1;2@4=1;2@0=1;2@1=1;2@7=1;3@4=1;3@3=1;3@5=1;4@1=1;4@2=1;5@2=1;8@1=1;8@3=1;8@6=1,"4,0,1,7,3,5,2,6",14,14,14,0,1.0,0.32814947247087023,0.6,0.028149472470870247,0.0,0.0,0.30000000000000004,0.012949943542480469,Feasible
533,532,12,3,9,"ADD:6,7;ADD:7,4;ADD:8,4;REMOVE:1,8;REMOVE:2,1;REMOVE:3,1;REMOVE:3,4;REMOVE:3,5;REMOVE:4,0;REMOVE:4,6;REMOVE:5,1;REMOVE:5,2",0:-;1:8;2:1|2;3:1|4|5;4:0|6;5:1|2;6:-;7:-;8:9;9:-,0:-;1:-;2:2;3:-;4:-;5:-;6:7;7:4;8:4|9;9:-,2@2=1;2@7=1;2@9=1;7@4=1;8@4=1;8@1=1,"2,7,9,4,1",6,6,6,0,1.0,0.5685251613629887,0.8181818181818182,0.05034334318117047,0.0,0.0,0.30000000000000004,0.008342981338500977,Feasible
534,533,6,4,2,"ADD:4,4;ADD:5,6;ADD:7,0;ADD:7,9;REMOVE:7,4;REMOVE:8,4",0:-;1:-;2:2;3:-;4:-;5:-;6:7;7:4;8:4|9;9:-,0:-;1:-;2:2;3:-;4:4;5:6;6:7;7:0|9;8:9;9:-,4@4=1;5@6=1;5@8=1;5@9=1;8@1=2;8@2=1;8@3=2,"4,6,8,9,1,2,3",9,7,7,0,1.0,0.022075741640039837,0.4,0.02207574164003982,0.0,0.0,0.4,0.004124164581298828,Feasible
535,534,9,6,3,"ADD:3,1;ADD:3,4;ADD:4,5;ADD:5,2;ADD:8,0;ADD:8,6;REMOVE:2,2;REMOVE:6,7;REMOVE:7,9",0:-;1:-;2:2;3:-;4:4;5:6;6:7;7:0|9;8:9;9:-,0:-;1:-;2:-;3:1|4;4:4|5;5:2|6;6:-;7:0;8:0|6|9;9:-,3@1=1;3@4=1;3@7=1;4@5=1;4@8=1;5@2=1;7@5=1;8@2=2;8@0=1;8@6=1,"1,4,7,5,8,2,0,6",11,10,10,0,1.0,-0.11624552259031157,0.42857142857142855,0.05518304883825984,0.0,0.0,0.6,0.004042863845825195,Feasible
536,535,9,4,5,"ADD:1,4;ADD:1,5;ADD:6,4;ADD:8,3;REMOVE:3,1;REMOVE:4,5;REMOVE:5,6;REMOVE:8,0;REMOVE:8,6",0:-;1:-;2:-;3:1|4;4:4|5;5:2|6;6:-;7:0;8:0|6|9;9:-,0:-;1:4|5;2:-;3:4;4:4;5:2;6:4;7:0;8:3|9;9:-,1@4=1;1@5=1;1@8=1;3@4=2;3@2=1;4@2=1;5@4=1;5@2=1;6@4=1;7@2=1;7@0=1;8@2=1;8@3=1;8@7=1,"4,5,8,2,0,3,7",15,14,14,0,1.0,0.15030456207098897,0.5,0.05030456207098897,0.0,0.0,0.4,0.005986690521240234,Feasible
537,536,5,2,3,"ADD:3,1;ADD:8,0;REMOVE:1,4;REMOVE:5,2;REMOVE:6,4",0:-;1:4|5;2:-;3:4;4:4;5:2;6:4;7:0;8:3|9;9:-,0:-;1:5;2:-;3:1|4;4:4;5:-;6:-;7:0;8:0|3|9;9:-,1@3=1;3@1=1;3@4=1;4@4=1;4@2=1;7@7=1;8@1=1;8@7=1;8@0=1;8@5=2,"3,1,4,2,7,0,5",11,10,10,0,1.0,0.1692238060790897,0.3333333333333333,0.035890472745756415,0.0,0.0,0.2,0.005730867385864258,Feasible
538,537,9,7,2,"ADD:0,1;ADD:1,4;ADD:4,1;ADD:5,1;ADD:5,2;ADD:7,1;ADD:8,4;REMOVE:3,1;REMOVE:3,4",0:-;1:5;2:-;3:1|4;4:4;5:-;6:-;7:0;8:0|3|9;9:-,0:1;1:4|5;2:-;3:-;4:1|4;5:1|2;6:-;7:0|1;8:0|3|4|9;9:-,0@1=1;0@8=1;1@2=1;4@1=1;5@1=1;5@2=1;5@3=1;5@4=1;7@1=1;7@3=1;8@1=1;8@2=2;8@4=1,"1,8,2,3,4",14,13,13,0,1.0,-0.40489703093557877,0.25,0.04510296906442116,0.0,0.0,0.7,0.003003835678100586,Feasible
539,538,12,3,9,"ADD:0,2;ADD:3,4;ADD:6,4;REMOVE:1,4;REMOVE:4,1;REMOVE:4,4;REMOVE:5,1;REMOVE:7,0;REMOVE:7,1;REMOVE:8,0;REMOVE:8,3;REMOVE:8,9",0:1;1:4|5;2:-;3:-;4:1|4;5:1|2;6:-;7:0|1;8:0|3|4|9;9:-,0:1|2;1:5;2:-;3:4;4:-;5:2;6:4;7:-;8:4;9:-,0@2=2;0@3=1;0@7=1;1@2=1;3@4=1;5@2=1;5@9=1;8@8=1,"2,3,7,4,9,8",9,8,8,0,1.0,0.4361445450883714,0.6923076923076923,0.04383685278067921,0.0,0.0,0.30000000000000004,0.008955955505371094,Feasible
540,539,7,4,3,"ADD:4,0;ADD:5,3;ADD:6,5;ADD:8,3;REMOVE:0,1;REMOVE:0,2;REMOVE:1,5",0:1|2;1:5;2:-;3:4;4:-;5:2;6:4;7:-;8:4;9:-,0:-;1:-;2:-;3:4;4:0;5:2|3;6:4|5;7:-;8:3|4;9:-,3@6=1;4@0=1;4@2=1;5@4=1;5@5=1;6@2=1;6@5=1;8@2=1;8@4=1;8@3=1;8@7=1,"6,0,2,4,5,3,7",11,11,11,0,1.0,0.06276351814530678,0.42857142857142855,0.03419208957387825,0.0,0.0,0.4,0.004037141799926758,Feasible
541,540,10,5,5,"ADD:0,4;ADD:1,1;ADD:3,0;ADD:3,9;ADD:9,1;REMOVE:4,0;REMOVE:5,3;REMOVE:6,4;REMOVE:6,5;REMOVE:8,3",0:-;1:-;2:-;3:4;4:0;5:2|3;6:4|5;7:-;8:3|4;9:-,0:4;1:1;2:-;3:0|4|9;4:-;5:2;6:-;7:-;8:4;9:1,0@4=1;1@1=1;3@0=1;3@9=1;5@7=1;8@4=1;8@2=1,"4,1,0,9,7,2",7,7,7,0,1.0,0.1970542514582232,0.625,0.07205425145822318,0.0,0.0,0.5,0.005514860153198242,Feasible
542,541,12,7,5,"ADD:4,7;ADD:4,9;ADD:5,6;ADD:7,0;ADD:7,1;ADD:7,4;ADD:8,0;REMOVE:1,1;REMOVE:3,0;REMOVE:3,4;REMOVE:3,9;REMOVE:9,1",0:4;1:1;2:-;3:0|4|9;4:-;5:2;6:-;7:-;8:4;9:1,0:4;1:-;2:-;3:-;4:7|9;5:2|6;6:-;7:0|1|4;8:0|4;9:-,0@2=1;0@6=1;4@2=1;4@4=1;5@6=1;5@9=1;7@4=1;7@0=1;7@1=1;7@3=1;7@5=1;8@2=1;8@6=2;8@0=1;8@7=1,"2,6,4,9,0,1,3,5,7",16,15,15,0,1.0,-0.044227185528046165,0.625,0.030772814471953742,0.0,0.0,0.7,0.007149219512939453,Feasible
543,542,9,4,5,"ADD:2,1;ADD:2,2;ADD:3,4;ADD:8,1;REMOVE:0,4;REMOVE:4,9;REMOVE:5,6;REMOVE:7,0;REMOVE:7,4",0:4;1:-;2:-;3:-;4:7|9;5:2|6;6:-;7:0|1|4;8:0|4;9:-,0:-;1:-;2:1|2;3:4;4:7;5:2;6:-;7:1;8:0|1|4;9:-,2@1=1;2@2=1;2@4=1;2@5=1;2@9=1;3@4=1;4@2=1;5@2=1;5@0=1;5@3=1;5@8=1;7@9=1;7@7=1;8@1=1;8@5=1;8@8=1;8@7=1;8@6=1,"1,2,4,5,9,0,3,8,7,6",18,18,18,0,1.0,0.12943371898762412,0.5,0.029433718987624157,0.0,0.0,0.4,0.006610870361328125,Feasible
544,543,12,8,4,"ADD:0,1;ADD:0,2;ADD:1,0;ADD:1,4;ADD:1,9;ADD:2,8;ADD:5,6;ADD:7,5;REMOVE:2,1;REMOVE:3,4;REMOVE:8,0;REMOVE:8,1",0:-;1:-;2:1|2;3:4;4:7;5:2;6:-;7:1;8:0|1|4;9:-,0:1|2;1:0|4|9;2:2|8;3:-;4:7;5:2|6;6:-;7:1|5;8:4;9:-,0@1=1;0@2=1;0@4=1;1@4=1;1@0=1;1@9=1;2@2=1;2@8=1;4@4=2;4@6=1;5@2=2;5@4=2;5@6=1;5@5=1;7@8=1;7@5=1;8@4=1;8@6=1,"1,2,4,0,9,8,6,5",21,18,18,0,1.0,-0.2964843416012253,0.4444444444444444,0.059071213954330216,0.0,0.0,0.7999999999999999,0.005408048629760742,Feasible
545,544,6,2,4,"ADD:6,3;ADD:8,9;REMOVE:0,1;REMOVE:2,2;REMOVE:5,2;REMOVE:7,5",0:1|2;1:0|4|9;2:2|8;3:-;4:7;5:2|6;6:-;7:1|5;8:4;9:-,0:2;1:0|4|9;2:8;3:-;4:7;5:6;6:3;7:1;8:4|9;9:-,0@3=1;0@4=1;0@7=1;0@9=1;1@4=1;1@7=1;1@1=1;1@5=1;2@4=1;2@1=1;2@2=1;2@6=1;2@8=1;4@4=1;5@8=1;6@2=1;7@7=1;8@9=1;8@2=2,"3,4,7,9,1,5,2,6,8",20,19,19,0,1.0,0.12236356938270149,0.3076923076923077,0.014671261690393815,0.0,0.0,0.2,0.005491971969604492,Feasible
546,545,10,2,8,"ADD:3,4;ADD:7,2;REMOVE:0,2;REMOVE:1,0;REMOVE:1,4;REMOVE:1,9;REMOVE:2,8;REMOVE:6,3;REMOVE:7,1;REMOVE:8,9",0:2;1:0|4|9;2:8;3:-;4:7;5:6;6:3;7:1;8:4|9;9:-,0:-;1:-;2:-;3:4;4:7;5:6;6:-;7:2;8:4;9:-,3@4=1;4@4=1;4@7=1;5@4=1;8@4=1;8@7=1,"4,7",6,6,6,0,1.0,0.5736706645835494,0.7272727272727273,0.046397937310822236,0.0,0.0,0.2,0.006616830825805664,Feasible
547,546,4,2,2,"ADD:1,9;ADD:4,5;REMOVE:5,6;REMOVE:8,4",0:-;1:-;2:-;3:4;4:7;5:6;6:-;7:2;8:4;9:-,0:-;1:9;2:-;3:4;4:5|7;5:-;6:-;7:2;8:-;9:-,1@9=1;3@4=1;4@5=1;7@2=1,"9,4,5,2",4,4,4,0,1.0,0.3070336517467844,0.4,0.10703365174678439,0.0,0.0,0.2,0.0041217803955078125,Feasible
548,547,6,4,2,"ADD:3,9;ADD:4,0;ADD:5,4;ADD:8,0;REMOVE:1,9;REMOVE:4,5",0:-;1:9;2:-;3:4;4:5|7;5:-;6:-;7:2;8:-;9:-,0:-;1:-;2:-;3:4|9;4:0|7;5:4;6:-;7:2;8:0;9:-,3@4=3;3@9=1;4@3=1;5@4=1;7@2=1;8@0=1,"4,9,3,2,0",8,6,6,0,1.0,0.08238859602919357,0.4,0.08238859602919354,0.0,0.0,0.4,0.0028541088104248047,Feasible
549,548,3,3,0,"ADD:1,2;ADD:6,1;ADD:8,4",0:-;1:-;2:-;3:4|9;4:0|7;5:4;6:-;7:2;8:0;9:-,0:-;1:2;2:-;3:4|9;4:0|7;5:4;6:1;7:2;8:0|4;9:-,1@2=1;3@1=1;4@3=1;4@8=1;5@2=1;5@8=1;7@8=2;7@4=2;7@9=1;8@4=3,"2,1,3,8,4,9",14,10,10,0,1.0,-0.2699340935173468,0.0,0.03006590648265321,0.0,0.0,0.30000000000000004,0.0012409687042236328,Feasible
550,549,8,6,2,"ADD:0,9;ADD:3,5;ADD:4,9;ADD:5,5;ADD:7,6;ADD:8,1;REMOVE:4,0;REMOVE:6,1",0:-;1:2;2:-;3:4|9;4:0|7;5:4;6:1;7:2;8:0|4;9:-,0:9;1:2;2:-;3:4|5|9;4:7|9;5:4|5;6:-;7:2|6;8:0|1|4;9:-,0@9=1;1@2=1;1@4=1;1@5=1;3@9=1;3@2=1;3@5=1;3@1=1;3@8=1;4@9=1;4@2=1;4@4=1;5@2=1;5@4=2;5@5=1;7@6=1;8@1=1,"9,2,4,5,1,8,6",18,17,17,0,1.0,-0.3423520236974136,0.2,0.05764797630258636,0.0,0.0,0.6,0.005070686340332031,Feasible
551,550,11,4,7,"ADD:1,6;ADD:2,9;ADD:5,1;ADD:6,1;REMOVE:0,9;REMOVE:1,2;REMOVE:3,5;REMOVE:3,9;REMOVE:4,9;REMOVE:7,6;REMOVE:8,4",0:9;1:2;2:-;3:4|5|9;4:7|9;5:4|5;6:-;7:2|6;8:0|1|4;9:-,0:-;1:6;2:9;3:4;4:7;5:1|4|5;6:1;7:2;8:0|1;9:-,1@6=1;2@9=1;3@6=1;3@4=1;4@4=1;4@3=1;5@3=1;5@0=1;5@1=2;5@7=2;5@8=1;7@4=1;7@2=2;8@1=1;8@7=1;8@2=2;8@5=1,"6,9,4,3,0,1,7,8,2,5",21,17,17,0,1.0,0.1364230385757963,0.5,0.036423038575796325,0.0,0.0,0.4,0.009568929672241211,Feasible
552,551,5,2,3,"ADD:0,4;ADD:8,4;REMOVE:2,9;REMOVE:5,4;REMOVE:6,1",0:-;1:6;2:9;3:4;4:7;5:1|4|5;6:1;7:2;8:0|1;9:-,0:4;1:6;2:-;3:4;4:7;5:1|5;6:-;7:2;8:0|1|4;9:-,1@9=1;3@2=1;4@9=1;4@2=1;5@9=1;5@0=1;5@6=1;7@4=1;8@4=1;8@1=1;8@7=1,"9,2,0,6,4,1,7",11,11,11,0,1.0,0.09099758727082718,0.2727272727272727,0.01827031454355449,0.0,0.0,0.2,0.005319833755493164,Feasible
553,552,4,0,4,"REMOVE:1,6;REMOVE:3,4;REMOVE:4,7;REMOVE:5,5",0:4;1:6;2:-;3:4;4:7;5:1|5;6:-;7:2;8:0|1|4;9:-,0:4;1:-;2:-;3:-;4:-;5:1;6:-;7:2;8:0|1|4;9:-,0@2=1;5@3=1;5@7=1;7@3=1;7@0=1;8@2=1;8@0=1;8@4=1;8@6=1;8@9=1,"2,3,7,0,4,6,9",10,10,10,0,1.0,0.41838503300609353,0.4,0.01838503300609352,0.0,0.0,0.0,0.00487208366394043,Feasible
554,553,7,3,4,"ADD:2,7;ADD:3,3;ADD:7,6;REMOVE:0,4;REMOVE:8,0;REMOVE:8,1;REMOVE:8,4",0:4;1:-;2:-;3:-;4:-;5:1;6:-;7:2;8:0|1|4;9:-,0:-;1:-;2:7;3:3;4:-;5:1;6:-;7:2|6;8:-;9:-,3@3=1;5@3=1;7@6=1,"3,6",3,3,3,0,1.0,0.44116348295069663,0.6666666666666666,0.07449681628403008,0.0,0.0,0.30000000000000004,0.0037670135498046875,Feasible
555,554,7,4,3,"ADD:4,8;ADD:5,4;ADD:6,8;ADD:8,8;REMOVE:2,7;REMOVE:3,3;REMOVE:7,6",0:-;1:-;2:7;3:3;4:-;5:1;6:-;7:2|6;8:-;9:-,0:-;1:-;2:-;3:-;4:8;5:1|4;6:8;7:2;8:8;9:-,4@8=1;5@8=1;5@4=1;7@2=1;8@8=1;8@2=2;8@1=1;8@5=2;8@7=1,"8,4,2,1,5,7",11,9,9,0,1.0,0.23535650691797427,0.6,0.0353565069179743,0.0,0.0,0.4,0.0038568973541259766,Feasible
556,555,6,5,1,"ADD:2,2;ADD:3,2;ADD:4,0;ADD:5,0;ADD:7,6;REMOVE:6,8",0:-;1:-;2:-;3:-;4:8;5:1|4;6:8;7:2;8:8;9:-,0:-;1:-;2:2;3:2;4:0|8;5:0|1|4;6:-;7:2|6;8:8;9:-,2@2=1;3@4=1;4@0=1;4@6=1;5@4=2;5@0=1;7@2=2;7@4=1;7@0=1;7@6=1;8@4=2;8@6=1;8@1=2;8@5=2;8@7=1,"2,4,0,6,1,5,7",20,15,15,0,1.0,-0.29483143362610914,0.16666666666666666,0.0385018997072242,0.0,0.0,0.5,0.002346038818359375,Feasible
557,556,6,2,4,"ADD:1,1;ADD:1,2;REMOVE:2,2;REMOVE:4,0;REMOVE:5,1;REMOVE:5,4",0:-;1:-;2:2;3:2;4:0|8;5:0|1|4;6:-;7:2|6;8:8;9:-,0:-;1:1|2;2:-;3:2;4:8;5:0;6:-;7:2|6;8:8;9:-,1@0=1;1@1=1;1@2=1;1@9=1;3@4=2;3@8=1;4@2=1;4@4=1;5@0=1;7@1=1;7@3=1;8@1=2;8@2=1;8@4=2;8@8=2,"0,1,2,9,4,8,3",19,15,15,0,1.0,0.22629127940540045,0.4,0.026291279405400433,0.0,0.0,0.2,0.006192207336425781,Feasible
558,557,5,3,2,"ADD:5,3;ADD:8,3;ADD:8,6;REMOVE:1,2;REMOVE:7,6",0:-;1:1|2;2:-;3:2;4:8;5:0;6:-;7:2|6;8:8;9:-,0:-;1:1;2:-;3:2;4:8;5:0|3;6:-;7:2;8:3|6|8;9:-,1@6=1;3@7=1;4@2=1;4@8=1;5@3=1;7@3=1;8@2=2;8@3=2;8@1=1;8@4=1;8@5=1,"6,7,2,8,3,1,4,5",13,11,11,0,1.0,-0.01651513637963009,0.25,0.03348486362036997,0.0,0.0,0.30000000000000004,0.003098011016845703,Feasible
559,558,8,2,6,"ADD:0,6;ADD:6,5;REMOVE:3,2;REMOVE:5,0;REMOVE:5,3;REMOVE:7,2;REMOVE:8,3;REMOVE:8,6",0:-;1:1;2:-;3:2;4:8;5:0|3;6:-;7:2;8:3|6|8;9:-,0:6;1:1;2:-;3:-;4:8;5:-;6:5;7:-;8:8;9:-,1@9=1;4@2=1;4@4=2;6@5=1;8@8=1,"9,2,4,5,8",6,5,5,0,1.0,0.5022391252608602,0.6666666666666666,0.035572458594193605,0.0,0.0,0.2,0.008152008056640625,Feasible
560,559,10,9,1,"ADD:1,7;ADD:3,0;ADD:3,1;ADD:4,0;ADD:4,3;ADD:5,2;ADD:6,1;ADD:6,4;ADD:7,2;REMOVE:1,1",0:6;1:1;2:-;3:-;4:8;5:-;6:5;7:-;8:8;9:-,0:6;1:7;2:-;3:0|1;4:0|3|8;5:2;6:1|4|5;7:2;8:8;9:-,0@1=1;0@4=1;0@6=1;0@9=1;3@1=1;3@9=1;3@0=1;4@1=1;4@4=2;4@3=1;5@2=1;6@1=2;6@4=1;6@0=1;7@2=1;8@8=1,"1,4,6,9,0,3,2,8",18,16,16,0,1.0,-0.6431480254586989,0.2,0.056851974541301045,0.0,0.0,0.8999999999999999,0.0052220821380615234,Feasible
561,560,9,2,7,"ADD:0,2;ADD:7,1;REMOVE:1,7;REMOVE:3,0;REMOVE:4,0;REMOVE:4,3;REMOVE:4,8;REMOVE:6,1;REMOVE:6,4",0:6;1:7;2:-;3:0|1;4:0|3|8;5:2;6:1|4|5;7:2;8:8;9:-,0:2|6;1:-;2:-;3:1;4:-;5:2;6:5;7:1|2;8:8;9:-,0@2=2;0@4=2;0@6=1;3@1=1;3@9=1;5@9=1;5@5=1;7@2=1;7@1=1;7@5=1;8@2=2;8@4=1;8@5=1,"2,4,6,1,9,5",16,13,13,0,1.0,0.3752022707298171,0.5384615384615384,0.03674073226827872,0.0,0.0,0.2,0.010085105895996094,Feasible
562,561,5,2,3,"ADD:1,6;ADD:4,9;REMOVE:3,1;REMOVE:6,5;REMOVE:7,2",0:2|6;1:-;2:-;3:1;4:-;5:2;6:5;7:1|2;8:8;9:-,0:2|6;1:6;2:-;3:-;4:9;5:2;6:-;7:1;8:8;9:-,0@1=1;0@2=1;0@4=1;0@6=1;0@8=2;1@6=1;4@9=2;5@9=1;7@1=1;8@4=2;8@5=1;8@7=1,"1,2,4,6,8,9,5,7",15,12,12,0,1.0,0.21556713222056834,0.375,0.040567132220568326,0.0,0.0,0.2,0.0043447017669677734,Feasible
563,562,7,5,2,"ADD:2,0;ADD:3,7;ADD:4,4;ADD:5,1;ADD:6,1;REMOVE:1,6;REMOVE:7,1",0:2|6;1:6;2:-;3:-;4:9;5:2;6:-;7:1;8:8;9:-,0:2|6;1:-;2:0;3:7;4:4|9;5:1|2;6:1;7:-;8:8;9:-,0@1=1;0@2=1;0@4=2;0@7=1;0@8=3;3@7=1;4@2=1;4@4=1;5@1=1;5@4=1;6@1=1;8@1=1;8@2=1;8@8=1;8@5=1,"1,2,4,7,8,5",18,15,15,0,1.0,-0.17939643707799485,0.2857142857142857,0.03488927720771945,0.0,0.0,0.5,0.005166769027709961,Feasible
564,563,9,5,4,"ADD:0,3;ADD:1,1;ADD:4,5;ADD:7,4;ADD:8,9;REMOVE:2,0;REMOVE:3,7;REMOVE:5,1;REMOVE:6,1",0:2|6;1:-;2:0;3:7;4:4|9;5:1|2;6:1;7:-;8:8;9:-,0:2|3|6;1:1;2:-;3:-;4:4|5|9;5:2;6:-;7:4;8:8|9;9:-,0@0=1;0@1=1;0@4=1;0@5=1;0@6=1;0@9=1;1@1=1;4@4=1;4@5=1;4@9=1;5@5=1;5@9=1;7@4=1;8@9=1;8@2=2,"0,1,4,5,6,9,2",16,15,15,0,1.0,-0.05346598518680562,0.4,0.04653401481319435,0.0,0.0,0.5,0.005560874938964844,Feasible
565,564,10,5,5,"ADD:1,8;ADD:3,0;ADD:3,4;ADD:6,4;ADD:7,5;REMOVE:0,3;REMOVE:0,6;REMOVE:1,1;REMOVE:4,9;REMOVE:8,8",0:2|3|6;1:1;2:-;3:-;4:4|5|9;5:2;6:-;7:4;8:8|9;9:-,0:2;1:8;2:-;3:0|4;4:4|5;5:2;6:4;7:4|5;8:9;9:-,0@0=2;0@2=1;0@3=2;0@4=2;0@5=2;3@0=1;3@4=1;4@3=1;4@4=1;5@4=1;5@7=1;5@8=1;6@4=1;7@5=1;8@7=1;8@6=1;8@9=1,"0,2,3,4,5,7,8,6,9",21,17,17,0,1.0,-0.010089698455418572,0.45454545454545453,0.035364846999126884,0.0,0.0,0.5,0.006803989410400391,Feasible
566,565,8,7,1,"ADD:0,0;ADD:0,1;ADD:1,9;ADD:3,3;ADD:4,9;ADD:5,1;ADD:8,8;REMOVE:6,4",0:2;1:8;2:-;3:0|4;4:4|5;5:2;6:4;7:4|5;8:9;9:-,0:0|1|2;1:8|9;2:-;3:0|3|4;4:4|5|9;5:1|2;6:-;7:4|5;8:8|9;9:-,0@1=1;0@2=2;0@4=1;0@8=1;1@8=1;1@5=1;1@9=1;3@3=1;4@4=2;4@9=1;5@1=1;5@2=2;5@4=1;5@8=1;5@9=1;5@6=2;7@6=1;7@0=1;8@8=1;8@9=1,"1,2,4,8,5,9,3,6,0",24,20,20,0,1.0,-0.5490100263410016,0.09090909090909091,0.0600808827499075,0.0,0.0,0.7,0.0026760101318359375,Feasible
567,566,8,4,4,"ADD:2,1;ADD:2,2;ADD:6,1;ADD:7,9;REMOVE:1,9;REMOVE:3,0;REMOVE:3,3;REMOVE:8,9",0:0|1|2;1:8|9;2:-;3:0|3|4;4:4|5|9;5:1|2;6:-;7:4|5;8:8|9;9:-,0:0|1|2;1:8;2:1|2;3:4;4:4|5|9;5:1|2;6:1;7:4|5|9;8:8;9:-,0@0=1;0@1=1;0@2=2;0@4=1;0@6=1;0@9=1;2@1=1;2@2=1;2@8=1;3@4=1;4@4=1;7@9=1;8@2=3;8@6=1;8@5=1,"0,1,2,4,6,9,8,5",18,15,15,0,1.0,-0.11812724877818026,0.23529411764705882,0.04657863357476093,0.0,0.0,0.4,0.006379842758178711,Feasible
568,567,13,1,12,"ADD:8,9;REMOVE:0,0;REMOVE:0,1;REMOVE:2,1;REMOVE:2,2;REMOVE:3,4;REMOVE:4,5;REMOVE:5,1;REMOVE:5,2;REMOVE:6,1;REMOVE:7,4;REMOVE:7,5;REMOVE:7,9",0:0|1|2;1:8;2:1|2;3:4;4:4|5|9;5:1|2;6:1;7:4|5|9;8:8;9:-,0:2;1:8;2:-;3:-;4:4|9;5:-;6:-;7:-;8:8|9;9:-,0@4=1;0@5=1;1@5=1;1@2=1;4@4=1;4@3=1;4@6=1;4@7=1;8@6=1;8@9=1,"4,5,2,3,6,7,9",10,10,10,0,1.0,0.6267863574835967,0.7058823529411765,0.020904004542420175,0.0,0.0,0.1,0.012253046035766602,Feasible
569,568,7,4,3,"ADD:0,1;ADD:6,6;ADD:7,8;ADD:8,0;REMOVE:1,8;REMOVE:4,4;REMOVE:4,9",0:2;1:8;2:-;3:-;4:4|9;5:-;6:-;7:-;8:8|9;9:-,0:1|2;1:-;2:-;3:-;4:-;5:-;6:6;7:8;8:0|8|9;9:-,0@1=1;0@7=2;6@6=1;7@8=1;8@0=1;8@2=1;8@4=1,"1,7,6,8,0,2,4",8,7,7,0,1.0,0.15081549446263343,0.5,0.05081549446263346,0.0,0.0,0.4,0.003854036331176758,Feasible
570,569,8,5,3,"ADD:3,1;ADD:3,5;ADD:4,1;ADD:4,2;ADD:5,6;REMOVE:6,6;REMOVE:8,0;REMOVE:8,9",0:1|2;1:-;2:-;3:-;4:-;5:-;6:6;7:8;8:0|8|9;9:-,0:1|2;1:-;2:-;3:1|5;4:1|2;5:6;6:-;7:8;8:8;9:-,0@1=3;0@2=1;0@3=1;0@7=1;3@1=1;3@5=1;3@6=1;4@1=1;4@2=1;4@3=1;4@4=1;5@1=1;7@2=2;8@2=1;8@6=1;8@4=3,"1,2,3,7,5,6,4",21,16,16,0,1.0,-0.03646454108431113,0.42857142857142855,0.03496403034426033,0.0,0.0,0.5,0.004163980484008789,Feasible
571,570,9,6,3,"ADD:1,2;ADD:2,3;ADD:2,8;ADD:5,2;ADD:6,8;ADD:8,0;REMOVE:3,1;REMOVE:4,1;REMOVE:7,8",0:1|2;1:-;2:-;3:1|5;4:1|2;5:6;6:-;7:8;8:8;9:-,0:1|2;1:2;2:3|8;3:5;4:2;5:2|6;6:8;7:-;8:0|8;9:-,0@1=2;0@2=1;0@3=1;0@4=2;0@5=1;0@8=2;1@2=1;1@7=1;2@1=1;2@2=1;2@8=2;3@0=1;4@3=1;4@7=1;5@1=2;5@2=1;5@8=2;5@7=1;5@0=1;6@8=1;8@1=3;8@8=1;8@0=1;8@6=1,"1,2,3,4,5,8,7,0,6",32,24,24,0,1.0,-0.23849489721273132,0.3333333333333333,0.02817176945393533,0.0,0.0,0.6,0.004533052444458008,Feasible
572,571,7,4,3,"ADD:2,0;ADD:7,1;ADD:7,4;ADD:8,2;REMOVE:5,2;REMOVE:5,6;REMOVE:6,8",0:1|2;1:2;2:3|8;3:5;4:2;5:2|6;6:8;7:-;8:0|8;9:-,0:1|2;1:2;2:0|3|8;3:5;4:2;5:-;6:-;7:1|4;8:0|2|8;9:-,0@1=1;0@4=2;0@5=1;1@4=1;1@3=1;2@1=2;2@4=1;2@3=1;2@0=1;2@2=1;2@6=1;3@3=1;4@7=1;7@1=1;7@4=1;8@1=1;8@2=1;8@9=1,"1,4,5,3,0,2,6,7,9",20,18,18,0,1.0,-0.11814558074302273,0.25,0.031854419256977275,0.0,0.0,0.4,0.004329204559326172,Feasible
573,572,8,3,5,"ADD:3,1;ADD:5,7;ADD:7,3;REMOVE:0,1;REMOVE:2,0;REMOVE:2,3;REMOVE:7,4;REMOVE:8,0",0:1|2;1:2;2:0|3|8;3:5;4:2;5:-;6:-;7:1|4;8:0|2|8;9:-,0:2;1:2;2:8;3:1|5;4:2;5:7;6:-;7:1|3;8:2|8;9:-,0@0=1;1@2=1;2@2=1;2@1=1;2@5=1;2@6=1;3@1=2;4@5=1;4@8=1;5@7=1;5@9=1;7@1=1;7@9=1;8@1=1;8@9=1;8@3=1,"0,2,1,5,6,8,7,9,3",17,16,16,0,1.0,0.11315232135218073,0.38461538461538464,0.02853693673679614,0.0,0.0,0.30000000000000004,0.006093263626098633,Feasible
574,573,7,1,6,"ADD:4,1;REMOVE:1,2;REMOVE:3,1;REMOVE:3,5;REMOVE:5,7;REMOVE:7,3;REMOVE:8,2",0:2;1:2;2:8;3:1|5;4:2;5:7;6:-;7:1|3;8:2|8;9:-,0:2;1:-;2:8;3:-;4:1|2;5:-;6:-;7:1;8:8;9:-,0@2=1;0@3=1;2@1=3;2@4=2;4@1=1;7@3=1;8@1=1;8@5=1;8@7=1,"2,3,1,4,5,7",12,9,9,0,1.0,0.46364537460611877,0.5454545454545454,0.018190829151573336,0.0,0.0,0.1,0.00610804557800293,Feasible
575,574,5,3,2,"ADD:0,1;ADD:2,3;ADD:6,1;REMOVE:4,2;REMOVE:7,1",0:2;1:-;2:8;3:-;4:1|2;5:-;6:-;7:1;8:8;9:-,0:1|2;1:-;2:3|8;3:-;4:1;5:-;6:1;7:-;8:8;9:-,0@1=1;0@4=1;2@1=1;2@3=1;2@6=1;4@1=1;6@1=1;8@4=1,"1,4,3,6",8,8,8,0,1.0,0.08179021867793068,0.3333333333333333,0.048456885344597404,0.0,0.0,0.30000000000000004,0.002562999725341797,Feasible
576,575,11,5,6,"ADD:3,2;ADD:4,4;ADD:5,0;ADD:7,6;ADD:8,5;REMOVE:0,1;REMOVE:0,2;REMOVE:2,3;REMOVE:2,8;REMOVE:6,1;REMOVE:8,8",0:1|2;1:-;2:3|8;3:-;4:1;5:-;6:1;7:-;8:8;9:-,0:-;1:-;2:-;3:2;4:1|4;5:0;6:-;7:6;8:5;9:-,3@2=2;3@8=1;4@4=1;5@0=1;7@6=1,"2,8,4,0,6",6,5,5,0,1.0,0.44207098680948587,0.8571428571428571,0.08492812966662873,0.0,0.0,0.5,0.006233930587768555,Feasible
577,576,13,10,3,"ADD:0,0;ADD:0,1;ADD:0,4;ADD:2,5;ADD:2,6;ADD:4,2;ADD:5,7;ADD:6,0;ADD:7,3;ADD:8,4;REMOVE:3,2;REMOVE:4,1;REMOVE:5,0",0:-;1:-;2:-;3:2;4:1|4;5:0;6:-;7:6;8:5;9:-,0:0|1|4;1:-;2:5|6;3:-;4:2|4;5:7;6:0;7:3|6;8:4|5;9:-,0@0=1;0@1=2;0@3=1;0@4=2;0@5=1;0@8=1;0@9=1;2@5=1;2@2=2;2@6=1;4@0=1;4@9=1;4@2=1;4@6=1;6@0=1;6@5=1;7@3=1;7@2=1;8@0=1;8@3=1;8@4=1,"0,1,3,4,5,8,9,2,6",24,21,21,0,1.0,-0.45431677171874685,0.5,0.04568322828125307,0.0,0.0,0.9999999999999999,0.007735013961791992,Feasible
578,577,7,5,2,"ADD:3,0;ADD:3,1;ADD:3,4;ADD:6,8;ADD:8,9;REMOVE:4,4;REMOVE:7,3",0:0|1|4;1:-;2:5|6;3:-;4:2|4;5:7;6:0;7:3|6;8:4|5;9:-,0:0|1|4;1:-;2:5|6;3:0|1|4;4:2;5:7;6:0|8;7:6;8:4|5|9;9:-,0@0=1;0@1=1;0@2=1;0@3=2;0@4=2;0@5=1;0@6=2;0@9=2;2@0=1;2@1=2;2@2=2;2@4=2;3@0=1;3@1=1;3@4=1;3@5=1;4@2=1;4@4=1;4@8=1;5@1=2;5@2=1;5@3=1;6@1=1;7@4=2;7@6=1;8@2=2;8@4=1;8@5=1;8@9=1,"0,1,2,3,4,5,6,9,8",39,29,29,0,1.0,-0.31571616186855134,0.15384615384615385,0.030437684285294805,0.0,0.0,0.5,0.0036458969116210938,Feasible
579,578,2,1,1,"ADD:4,1;REMOVE:8,4",0:0|1|4;1:-;2:5|6;3:0|1|4;4:2;5:7;6:0|8;7:6;8:4|5|9;9:-,0:0|1|4;1:-;2:5|6;3:0|1|4;4:1|2;5:7;6:0|8;7:6;8:5|9;9:-,0@0=1;0@1=1;0@3=1;0@4=1;0@5=1;0@8=1;2@0=1;2@4=1;2@8=1;3@3=1;3@2=1;3@7=1;4@1=1;4@4=3;5@4=1;5@9=1;6@4=1;6@2=1;6@6=1;8@8=1;8@7=1,"0,1,3,4,5,8,2,7,9,6",23,21,21,0,1.0,-0.021223957154994588,0.0625,0.01627604284500541,0.0,0.0,0.1,0.0024771690368652344,Feasible
580,579,9,2,7,"ADD:7,5;ADD:9,3;REMOVE:3,0;REMOVE:3,1;REMOVE:3,4;REMOVE:4,1;REMOVE:4,2;REMOVE:6,8;REMOVE:8,9",0:0|1|4;1:-;2:5|6;3:0|1|4;4:1|2;5:7;6:0|8;7:6;8:5|9;9:-,0:0|1|4;1:-;2:5|6;3:-;4:-;5:7;6:0;7:5|6;8:5;9:3,0@0=1;0@1=1;0@2=2;0@4=1;2@0=2;2@1=1;2@2=1;2@4=1;2@5=1;2@6=1;2@7=1;2@8=1;5@0=1;5@1=1;6@5=1;7@4=1;7@5=1;8@5=1,"0,1,2,4,5,6,7,8",20,18,18,0,1.0,0.27515662641531247,0.4375,0.03765662641531249,0.0,0.0,0.2,0.008409976959228516,Feasible
581,580,11,4,7,"ADD:1,3;ADD:3,2;ADD:4,1;ADD:8,6;REMOVE:0,4;REMOVE:2,5;REMOVE:2,6;REMOVE:6,0;REMOVE:7,5;REMOVE:7,6;REMOVE:9,3",0:0|1|4;1:-;2:5|6;3:-;4:-;5:7;6:0;7:5|6;8:5;9:3,0:0|1;1:3;2:-;3:2;4:1;5:7;6:-;7:-;8:5|6;9:-,0@2=2;0@3=1;0@5=2;0@6=1;0@8=1;1@2=1;1@1=1;3@5=1;4@1=1;5@6=1;5@1=1;5@4=2;8@2=1;8@6=1;8@8=3;8@1=2;8@4=1,"2,3,5,6,8,1,4",23,17,17,0,1.0,0.24637775880267254,0.6363636363636364,0.010014122439036264,0.0,0.0,0.4,0.008758068084716797,Feasible
582,581,5,3,2,"ADD:0,4;ADD:2,1;ADD:9,6;REMOVE:1,3;REMOVE:8,5",0:0|1;1:3;2:-;3:2;4:1;5:7;6:-;7:-;8:5|6;9:-,0:0|1|4;1:-;2:1;3:2;4:1;5:7;6:-;7:-;8:6;9:6,0@4=1;2@1=1;3@4=1;4@7=1;5@2=1;8@4=1,"4,1,7,2",6,6,6,0,1.0,-0.015521147227136545,0.25,0.034478852772863486,0.0,0.0,0.30000000000000004,0.0026590824127197266,Feasible
583,582,8,3,5,"ADD:4,2;ADD:7,7;ADD:8,2;REMOVE:0,0;REMOVE:0,4;REMOVE:2,1;REMOVE:3,2;REMOVE:9,6",0:0|1|4;1:-;2:1;3:2;4:1;5:7;6:-;7:-;8:6;9:6,0:1;1:-;2:-;3:-;4:1|2;5:7;6:-;7:7;8:2|6;9:-,0@9=1;4@1=1;4@2=1;4@4=2;5@0=1;8@1=1;8@2=2;8@6=1,"9,1,2,4,0,6",10,8,8,0,1.0,0.30701155573198247,0.5555555555555556,0.05145600017642696,0.0,0.0,0.30000000000000004,0.005486011505126953,Feasible
584,583,4,3,1,"ADD:0,2;ADD:3,4;ADD:6,6;REMOVE:8,6",0:1;1:-;2:-;3:-;4:1|2;5:7;6:-;7:7;8:2|6;9:-,0:1|2;1:-;2:-;3:4;4:1|2;5:7;6:6;7:7;8:2;9:-,0@1=1;0@2=1;0@4=1;0@5=1;0@6=1;3@4=1;4@1=1;4@2=1;4@3=1;5@2=1;5@4=1;5@6=2;5@9=2;6@6=1;7@2=2;7@3=1;7@9=1;8@9=1;8@0=1;8@8=1,"1,2,4,5,6,3,9,0,8",23,20,20,0,1.0,-0.12977918440710823,0.14285714285714285,0.027363672735748964,0.0,0.0,0.30000000000000004,0.0023229122161865234,Feasible
585,584,3,3,0,"ADD:3,0;ADD:3,1;ADD:6,2",0:1|2;1:-;2:-;3:4;4:1|2;5:7;6:6;7:7;8:2;9:-,0:1|2;1:-;2:-;3:0|1|4;4:1|2;5:7;6:2|6;7:7;8:2;9:-,0@1=1;0@2=1;3@1=1;3@2=1;3@0=1;3@4=2;4@1=2;4@4=2;4@3=1;4@5=1;4@6=2;4@7=1;5@9=1;6@1=1;6@2=1;6@4=2;6@5=3;6@9=1;7@9=1;7@8=2;8@2=2;8@0=1;8@4=1;8@5=1,"1,2,0,4,3,5,6,7,9,8",33,24,24,0,1.0,-0.2653845741714875,0.0,0.03461542582851256,0.0,0.0,0.30000000000000004,0.001190185546875,Feasible
586,585,7,3,4,"ADD:1,5;ADD:2,3;ADD:2,6;REMOVE:0,1;REMOVE:0,2;REMOVE:3,4;REMOVE:7,7",0:1|2;1:-;2:-;3:0|1|4;4:1|2;5:7;6:2|6;7:7;8:2;9:-,0:-;1:5;2:3|6;3:0|1;4:1|2;5:7;6:2|6;7:-;8:2;9:-,1@5=1;2@3=1;3@5=1;3@3=1;3@9=1;4@1=1;4@4=2;4@6=1;4@8=2;5@9=1;5@4=1;5@6=1;5@8=1;5@2=1;6@3=1;6@4=1;6@6=3;6@8=1;6@2=2;6@0=1;8@7=1,"5,3,9,1,4,6,8,2,0,7",26,21,21,0,1.0,0.06543553561304738,0.3333333333333333,0.032102202279714116,0.0,0.0,0.30000000000000004,0.005742073059082031,Feasible
587,586,6,3,3,"ADD:3,4;ADD:6,3;ADD:7,6;REMOVE:1,5;REMOVE:2,3;REMOVE:2,6",0:-;1:5;2:3|6;3:0|1;4:1|2;5:7;6:2|6;7:-;8:2;9:-,0:-;1:-;2:-;3:0|1|4;4:1|2;5:7;6:2|3|6;7:6;8:2;9:-,3@4=1;4@4=1;4@1=1;4@2=4;4@3=1;4@6=1;5@4=1;5@2=2;5@0=1;6@4=1;6@1=2;6@2=1;6@7=1;6@8=1;7@6=1;7@9=1;8@4=1;8@2=2,"4,1,2,3,6,0,7,8,9",24,18,18,0,1.0,0.01082951077366101,0.2727272727272727,0.038102238046388355,0.0,0.0,0.30000000000000004,0.008395910263061523,Feasible
588,587,5,3,2,"ADD:0,4;ADD:7,3;ADD:8,1;REMOVE:3,0;REMOVE:6,3",0:-;1:-;2:-;3:0|1|4;4:1|2;5:7;6:2|3|6;7:6;8:2;9:-,0:4;1:-;2:-;3:1|4;4:1|2;5:7;6:2|6;7:3|6;8:1|2;9:-,3@4=2;3@9=1;4@9=1;4@1=1;4@2=2;4@3=1;4@5=1;5@4=2;6@4=1;6@9=1;6@1=1;6@2=3;6@6=1;6@7=1;7@4=1;7@9=1;7@1=1;7@3=1;7@7=1;8@1=1,"4,9,1,2,3,5,6,7",25,20,20,0,1.0,-0.07142797534988221,0.18181818181818182,0.046753842831935996,0.0,0.0,0.30000000000000004,0.0034160614013671875,Feasible
589,588,9,2,7,"ADD:2,6;ADD:9,3;REMOVE:0,4;REMOVE:3,1;REMOVE:4,1;REMOVE:6,6;REMOVE:7,3;REMOVE:7,6;REMOVE:8,2",0:4;1:-;2:-;3:1|4;4:1|2;5:7;6:2|6;7:3|6;8:1|2;9:-,0:-;1:-;2:6;3:4;4:2;5:7;6:2;7:-;8:1;9:3,2@6=1;3@4=1;4@4=2;4@0=2;4@2=1;4@3=1;4@8=1;5@4=1;5@9=1;6@8=1;8@6=1,"6,4,0,2,3,8,9",13,11,11,0,1.0,0.40674235455216284,0.5833333333333334,0.023409021218829477,0.0,0.0,0.2,0.007745027542114258,Feasible
590,589,7,4,3,"ADD:1,8;ADD:7,6;ADD:8,4;ADD:8,5;REMOVE:2,6;REMOVE:3,4;REMOVE:9,3",0:-;1:-;2:6;3:4;4:2;5:7;6:2;7:-;8:1;9:3,0:-;1:8;2:-;3:-;4:2;5:7;6:2;7:6;8:1|4|5;9:-,1@1=1;4@9=1;5@9=1;5@2=1;6@2=1;6@4=1;6@8=1;7@4=1;7@7=1;8@4=1,"1,9,2,4,8,7",10,10,10,0,1.0,0.047764618623610366,0.42857142857142855,0.019193190052181862,0.0,0.0,0.4,0.0056610107421875,Feasible
591,590,7,5,2,"ADD:3,3;ADD:3,6;ADD:4,6;ADD:6,1;ADD:7,3;REMOVE:1,8;REMOVE:8,5",0:-;1:8;2:-;3:-;4:2;5:7;6:2;7:6;8:1|4|5;9:-,0:-;1:-;2:-;3:3|6;4:2|6;5:7;6:1|2;7:3|6;8:1|4;9:-,3@3=1;3@5=2;3@6=1;4@3=1;4@6=2;4@0=1;4@1=1;4@2=2;4@4=1;4@7=1;4@8=1;5@6=1;5@0=1;5@1=1;5@9=2;6@8=1;7@3=1;7@4=1;8@6=1;8@1=1;8@2=1;8@4=1;8@7=1;8@9=1,"3,5,6,0,1,2,4,7,8,9",28,24,24,0,1.0,-0.21870247566441697,0.25,0.03129752433558305,0.0,0.0,0.5,0.005970954895019531,Feasible
592,591,2,2,0,"ADD:2,9;ADD:3,0",0:-;1:-;2:-;3:3|6;4:2|6;5:7;6:1|2;7:3|6;8:1|4;9:-,0:-;1:-;2:9;3:0|3|6;4:2|6;5:7;6:1|2;7:3|6;8:1|4;9:-,2@9=1;3@0=1;3@1=2;3@3=1;3@4=2;3@6=1;4@9=2;4@1=1;4@3=1;4@4=4;4@6=1;4@5=1;5@9=1;5@0=2;5@1=1;5@4=2;5@7=1;6@9=1;6@1=2;6@4=1;6@2=1;7@9=1;7@4=2;7@7=1;7@2=2;8@9=1;8@1=1;8@4=1;8@8=1,"9,0,1,3,4,6,5,7,2,8",40,29,29,0,1.0,-0.17316813914702844,0.0,0.026831860852971557,0.0,0.0,0.2,0.0012788772583007812,Feasible
593,592,6,3,3,"ADD:2,4;ADD:5,5;ADD:7,0;REMOVE:3,3;REMOVE:6,1;REMOVE:6,2",0:-;1:-;2:9;3:0|3|6;4:2|6;5:7;6:1|2;7:3|6;8:1|4;9:-,0:-;1:-;2:4|9;3:0|6;4:2|6;5:5|7;6:-;7:0|3|6;8:1|4;9:-,2@1=1;2@4=1;2@6=1;2@7=2;3@1=1;3@6=1;3@7=1;3@0=1;3@2=2;4@4=1;4@6=1;4@7=1;4@2=2;4@8=1;5@6=1;5@2=1;5@8=1;5@5=1;7@4=2;7@6=1;7@0=1;7@2=2;7@8=1;7@3=1;7@9=1;8@6=1;8@2=2;8@3=1,"1,4,6,7,0,2,8,5,3,9",34,28,28,0,1.0,-0.04148788640788914,0.23076923076923078,0.02774288282288013,0.0,0.0,0.30000000000000004,0.004936933517456055,Feasible
594,593,7,1,6,"ADD:9,3;REMOVE:2,4;REMOVE:4,6;REMOVE:5,5;REMOVE:7,3;REMOVE:8,1;REMOVE:8,4",0:-;1:-;2:4|9;3:0|6;4:2|6;5:5|7;6:-;7:0|3|6;8:1|4;9:-,0:-;1:-;2:9;3:0|6;4:2;5:7;6:-;7:0|6;8:-;9:3,2@9=1;3@1=1;3@2=2;3@4=2;4@9=1;4@2=1;4@5=1;5@4=2;5@3=1;5@6=2;7@2=3;7@4=1,"9,1,2,4,5,3,6",18,12,12,0,1.0,0.37209181887332776,0.46153846153846156,0.010553357334866169,0.0,0.0,0.1,0.0070078372955322266,Feasible
595,594,7,5,2,"ADD:0,0;ADD:7,3;ADD:8,0;ADD:8,1;ADD:8,4;REMOVE:3,6;REMOVE:9,3",0:-;1:-;2:9;3:0|6;4:2;5:7;6:-;7:0|6;8:-;9:3,0:0;1:-;2:9;3:0;4:2;5:7;6:-;7:0|3|6;8:0|1|4;9:-,0@0=1;2@1=1;2@2=1;2@9=1;3@0=1;4@2=2;4@3=1;4@4=1;4@5=1;5@0=2;5@2=1;5@8=1;7@2=1;7@9=1;7@3=1;7@4=2;7@5=1;8@0=1;8@1=1;8@4=3,"0,1,2,9,3,4,5,8",25,20,20,0,1.0,-0.20685493960084794,0.25,0.04314506039915207,0.0,0.0,0.5,0.003531932830810547,Feasible
596,595,9,2,7,"ADD:2,4;ADD:9,5;REMOVE:0,0;REMOVE:3,0;REMOVE:7,0;REMOVE:7,3;REMOVE:8,0;REMOVE:8,1;REMOVE:8,4",0:0;1:-;2:9;3:0;4:2;5:7;6:-;7:0|3|6;8:0|1|4;9:-,0:-;1:-;2:4|9;3:-;4:2;5:7;6:-;7:6;8:-;9:5,2@1=2;2@4=1;4@0=1;4@7=1;5@4=1;5@7=1;7@4=1,"1,4,0,7",8,7,7,0,1.0,0.45976420603196216,0.6363636363636364,0.02340056966832583,0.0,0.0,0.2,0.007015228271484375,Feasible
597,596,7,4,3,"ADD:1,1;ADD:3,4;ADD:8,4;ADD:8,5;REMOVE:2,4;REMOVE:2,9;REMOVE:9,5",0:-;1:-;2:4|9;3:-;4:2;5:7;6:-;7:6;8:-;9:5,0:-;1:1;2:-;3:4;4:2;5:7;6:-;7:6;8:4|5;9:-,1@1=1;3@4=1;4@0=1;5@4=1;5@2=1;5@9=1;7@1=1;7@6=1;8@4=1;8@6=2;8@5=1;8@8=1,"1,4,0,2,9,6,5,8",13,12,12,0,1.0,0.14143185797995417,0.5,0.04143185797995418,0.0,0.0,0.4,0.0062830448150634766,Feasible
598,597,10,9,1,"ADD:0,1;ADD:0,2;ADD:2,4;ADD:2,5;ADD:3,1;ADD:4,6;ADD:5,5;ADD:7,2;ADD:8,9;REMOVE:1,1",0:-;1:1;2:-;3:4;4:2;5:7;6:-;7:6;8:4|5;9:-,0:1|2;1:-;2:4|5;3:1|4;4:2|6;5:5|7;6:-;7:2|6;8:4|5|9;9:-,0@1=2;0@2=1;0@4=1;0@5=1;0@6=1;0@8=1;2@4=1;2@5=1;3@1=1;4@2=1;4@4=3;4@6=3;4@8=3;5@2=2;5@4=2;5@5=1;5@6=1;5@0=1;5@3=1;7@1=1;7@2=1;7@5=1;7@3=1;7@9=1;8@2=1;8@8=1;8@3=1;8@9=1,"1,2,4,5,6,8,0,3,9",37,28,28,0,1.0,-0.7220324686258168,0.14285714285714285,0.03511038851704026,0.0,0.0,0.8999999999999999,0.0027608871459960938,Feasible
599,598,8,3,5,"ADD:2,9;ADD:3,0;ADD:8,2;REMOVE:0,1;REMOVE:4,2;REMOVE:5,7;REMOVE:7,6;REMOVE:8,4",0:1|2;1:-;2:4|5;3:1|4;4:2|6;5:5|7;6:-;7:2|6;8:4|5|9;9:-,0:2;1:-;2:4|5|9;3:0|1|4;4:6;5:5;6:-;7:2;8:2|5|9;9:-,0@0=2;0@2=2;0@3=1;0@4=1;0@5=1;0@7=1;0@8=1;2@3=1;2@4=1;2@9=2;3@0=1;3@2=1;3@7=1;3@9=1;4@4=1;4@1=2;5@3=1;7@2=2;7@4=1;7@8=1;8@8=1;8@6=1,"0,2,3,4,5,7,8,9,1,6",27,22,22,0,1.0,0.06386190180798801,0.3333333333333333,0.030528568474654738,0.0,0.0,0.30000000000000004,0.007442951202392578,Feasible
600,599,9,4,5,"ADD:0,1;ADD:4,2;ADD:5,1;ADD:7,1;REMOVE:2,4;REMOVE:2,5;REMOVE:3,0;REMOVE:3,1;REMOVE:8,5",0:2;1:-;2:4|5|9;3:0|1|4;4:6;5:5;6:-;7:2;8:2|5|9;9:-,0:1|2;1:-;2:9;3:4;4:2|6;5:1|5;6:-;7:1|2;8:2|9;9:-,0@0=1;0@1=2;0@2=3;0@3=3;0@4=1;0@5=1;0@8=1;2@1=1;2@2=1;2@7=3;2@9=2;4@2=1;4@7=2;5@1=1;5@3=1;5@8=1;7@1=1;7@8=2;7@6=1;8@4=2;8@9=1;8@6=1,"0,1,2,3,4,5,8,7,9,6",33,22,22,0,1.0,0.01667805307412351,0.38461538461538464,0.0320626684587389,0.0,0.0,0.4,0.008150100708007812,Feasible
601,600,6,3,3,"ADD:2,4;ADD:2,5;ADD:8,1;REMOVE:5,1;REMOVE:8,2;REMOVE:8,9",0:1|2;1:-;2:9;3:4;4:2|6;5:1|5;6:-;7:1|2;8:2|9;9:-,0:1|2;1:-;2:4|5|9;3:4;4:2|6;5:5;6:-;7:1|2;8:1;9:-,0@1=1;0@2=1;0@3=1;0@4=1;0@6=1;2@1=1;2@4=1;2@5=1;2@7=1;3@4=1;4@1=3;4@2=1;4@6=1;4@7=1;5@2=1;5@8=1;7@1=1;7@5=1;7@7=1,"1,2,3,4,6,5,7,8",21,19,19,0,1.0,-0.013271031359801788,0.25,0.03672896864019824,0.0,0.0,0.30000000000000004,0.0044858455657958984,Feasible
602,601,5,2,3,"ADD:7,8;ADD:8,4;REMOVE:0,1;REMOVE:4,6;REMOVE:7,2",0:1|2;1:-;2:4|5|9;3:4;4:2|6;5:5;6:-;7:1|2;8:1;9:-,0:2;1:-;2:4|5|9;3:4;4:2;5:5;6:-;7:1|8;8:1|4;9:-,0@2=1;0@4=1;0@8=1;0@9=1;2@2=1;2@4=1;2@9=1;2@0=1;2@6=1;3@6=1;3@7=1;4@2=1;5@3=1;7@1=1;8@4=1;8@7=1;8@1=1,"2,4,8,9,0,6,7,3,1",17,17,17,0,1.0,0.0892554271357146,0.25,0.03925542713571461,0.0,0.0,0.2,0.004560947418212891,Feasible
603,602,5,3,2,"ADD:0,1;ADD:1,4;ADD:5,6;REMOVE:4,2;REMOVE:8,1",0:2;1:-;2:4|5|9;3:4;4:2;5:5;6:-;7:1|8;8:1|4;9:-,0:1|2;1:4;2:4|5|9;3:4;4:-;5:5|6;6:-;7:1|8;8:4;9:-,0@0=1;0@1=1;0@2=1;0@6=1;2@4=2;2@5=1;2@9=1;3@7=1;5@6=1;5@7=1;7@6=1;7@4=1;7@5=1;7@3=1;8@2=2;8@4=2,"0,1,2,6,4,5,9,7,3",19,16,16,0,1.0,-0.06906149717549007,0.18181818181818182,0.049120321006328155,0.0,0.0,0.30000000000000004,0.0035200119018554688,Feasible
604,603,9,3,6,"ADD:4,3;ADD:4,4;ADD:8,5;REMOVE:0,1;REMOVE:1,4;REMOVE:2,5;REMOVE:2,9;REMOVE:5,5;REMOVE:7,1",0:1|2;1:4;2:4|5|9;3:4;4:-;5:5|6;6:-;7:1|8;8:4;9:-,0:2;1:-;2:4;3:4;4:3|4;5:6;6:-;7:8;8:4|5;9:-,0@4=1;2@2=1;2@7=1;3@6=1;3@8=1;4@4=2;4@2=1;4@7=1;4@3=2;5@4=2;5@7=1;5@6=1;5@9=1;7@4=1;8@5=1,"4,2,7,6,8,3,9,5",18,15,15,0,1.0,0.22929093879804308,0.5,0.02929093879804307,0.0,0.0,0.30000000000000004,0.007637977600097656,Feasible
605,604,6,4,2,"ADD:3,0;ADD:3,9;ADD:5,2;ADD:8,1;REMOVE:0,2;REMOVE:2,4",0:2;1:-;2:4;3:4;4:3|4;5:6;6:-;7:8;8:4|5;9:-,0:-;1:-;2:-;3:0|4|9;4:3|4;5:2|6;6:-;7:8;8:1|4|5;9:-,3@0=1;3@9=1;4@9=1;4@2=1;4@6=2;4@7=1;5@2=1;5@3=1;7@2=1;7@6=1;7@5=1;8@7=1;8@1=1,"0,9,2,6,7,3,5,1",14,13,13,0,1.0,-0.1490322788377777,0.2222222222222222,0.028745498940000124,0.0,0.0,0.4,0.0034019947052001953,Feasible
606,605,6,6,0,"ADD:0,9;ADD:1,2;ADD:2,3;ADD:4,0;ADD:6,4;ADD:7,9",0:-;1:-;2:-;3:0|4|9;4:3|4;5:2|6;6:-;7:8;8:1|4|5;9:-,0:9;1:2;2:3;3:0|4|9;4:0|3|4;5:2|6;6:4;7:8|9;8:1|4|5;9:-,0@9=1;1@2=1;2@3=1;3@9=1;3@7=1;4@9=1;4@2=4;4@0=1;4@4=2;4@8=1;5@3=1;5@0=1;5@8=1;5@1=1;6@4=1;7@9=1;7@7=1;7@4=1;7@1=2;7@5=1;8@4=1,"9,2,3,7,0,4,8,1,5",26,21,21,0,1.0,-0.5618671925194872,0.0,0.038132807480512745,0.0,0.0,0.6,0.0012769699096679688,Feasible
607,606,11,2,9,"ADD:1,1;ADD:9,3;REMOVE:0,9;REMOVE:2,3;REMOVE:3,0;REMOVE:3,9;REMOVE:4,3;REMOVE:6,4;REMOVE:7,9;REMOVE:8,4;REMOVE:8,5",0:9;1:2;2:3;3:0|4|9;4:0|3|4;5:2|6;6:4;7:8|9;8:1|4|5;9:-,0:-;1:1|2;2:-;3:4;4:0|4;5:2|6;6:-;7:8;8:1;9:3,1@0=1;1@1=2;1@2=2;1@4=1;1@5=1;1@6=1;1@8=1;1@9=1;3@2=1;4@0=1;4@2=2;4@4=2;4@5=1;5@1=1;5@2=1;5@4=1;5@7=1;7@2=1;7@5=1;7@7=1;8@9=1,"0,1,2,4,5,6,8,9,7",25,21,21,0,1.0,0.3623426482137249,0.5294117647058824,0.03293088350784256,0.0,0.0,0.2,0.01101994514465332,Feasible
608,607,7,6,1,"ADD:0,1;ADD:0,2;ADD:3,9;ADD:4,1;ADD:7,0;ADD:8,4;REMOVE:9,3",0:-;1:1|2;2:-;3:4;4:0|4;5:2|6;6:-;7:8;8:1;9:3,0:1|2;1:1|2;2:-;3:4|9;4:0|1|4;5:2|6;6:-;7:0|8;8:1|4;9:-,0@1=1;0@2=1;0@4=1;0@6=1;0@8=1;0@9=2;1@2=2;1@4=5;1@6=1;3@2=1;3@4=1;3@9=1;4@1=1;4@2=2;4@4=1;4@8=1;4@5=1;5@1=1;5@4=2;5@3=1;7@5=1;7@0=1;8@1=1;8@4=1;8@9=1;8@3=1,"1,2,4,6,8,9,5,3,0",34,26,26,0,1.0,-0.4652594666549545,0.1,0.03474053334504547,0.0,0.0,0.6,0.0027561187744140625,Feasible
609,608,4,1,3,"ADD:3,5;REMOVE:4,0;REMOVE:4,1;REMOVE:7,8",0:1|2;1:1|2;2:-;3:4|9;4:0|1|4;5:2|6;6:-;7:0|8;8:1|4;9:-,0:1|2;1:1|2;2:-;3:4|5|9;4:4;5:2|6;6:-;7:0;8:1|4;9:-,0@1=1;0@2=1;0@3=1;0@4=1;0@5=1;0@6=1;0@7=1;0@8=2;1@1=1;1@2=1;1@3=1;1@4=1;1@7=1;1@0=1;1@9=3;3@2=1;3@5=1;3@8=1;4@2=4;4@4=2;4@7=2;5@1=1;5@2=1;5@4=1;5@7=1;7@0=1;8@3=1;8@4=1,"1,2,3,4,5,6,7,8,0,9",36,28,28,0,1.0,0.1258267455967384,0.2,0.025826745596738393,0.0,0.0,0.1,0.0048980712890625,Feasible
610,609,7,2,5,"ADD:4,1;ADD:5,4;REMOVE:3,4;REMOVE:3,9;REMOVE:7,0;REMOVE:8,1;REMOVE:8,4",0:1|2;1:1|2;2:-;3:4|5|9;4:4;5:2|6;6:-;7:0;8:1|4;9:-,0:1|2;1:1|2;2:-;3:5;4:1|4;5:2|4|6;6:-;7:-;8:-;9:-,0@1=1;0@2=1;0@3=1;0@4=1;0@6=2;1@1=1;1@2=1;1@0=1;1@7=1;3@3=1;4@1=1;4@2=1;5@1=1;5@4=1;5@5=1,"1,2,3,4,6,0,7,5",16,15,15,0,1.0,0.21999077045022986,0.38461538461538464,0.03537538583484524,0.0,0.0,0.2,0.006479978561401367,Feasible
611,610,4,2,2,"ADD:7,0;ADD:7,3;REMOVE:4,4;REMOVE:5,2",0:1|2;1:1|2;2:-;3:5;4:1|4;5:2|4|6;6:-;7:-;8:-;9:-,0:1|2;1:1|2;2:-;3:5;4:1;5:4|6;6:-;7:0|3;8:-;9:-,0@0=1;0@2=1;4@9=1;5@1=1;5@6=1;7@0=1;7@3=1,"0,2,9,1,6,3",7,7,7,0,1.0,0.06274041946382175,0.2,0.06274041946382176,0.0,0.0,0.2,0.0030469894409179688,Feasible
612,611,10,6,4,"ADD:1,5;ADD:4,2;ADD:5,0;ADD:7,4;ADD:8,1;ADD:8,2;REMOVE:0,1;REMOVE:1,1;REMOVE:1,2;REMOVE:3,5",0:1|2;1:1|2;2:-;3:5;4:1;5:4|6;6:-;7:0|3;8:-;9:-,0:2;1:5;2:-;3:-;4:1|2;5:0|4|6;6:-;7:0|3|4;8:1|2;9:-,0@2=1;0@4=4;0@7=1;4@2=2;4@7=1;4@6=1;4@8=1;5@0=1;5@5=1;7@4=1;7@0=1;7@1=1;8@2=2;8@4=2;8@1=1,"2,4,7,6,8,0,5,1",21,15,15,0,1.0,-0.16173727541759114,0.4,0.03826272458240881,0.0,0.0,0.6,0.0055539608001708984,Feasible
613,612,7,2,5,"ADD:0,1;ADD:5,7;REMOVE:4,1;REMOVE:5,0;REMOVE:5,4;REMOVE:7,0;REMOVE:8,2",0:2;1:5;2:-;3:-;4:1|2;5:0|4|6;6:-;7:0|3|4;8:1|2;9:-,0:1|2;1:5;2:-;3:-;4:2;5:6|7;6:-;7:3|4;8:1;9:-,0@0=2;0@1=1;0@2=4;0@4=3;0@7=1;0@9=1;1@5=1;4@0=1;4@2=2;4@7=1;4@9=1;4@8=1;5@1=1;5@4=1;5@8=1;7@9=1;7@3=1;7@6=1;8@7=1,"0,1,2,4,7,9,5,8,3,6",26,19,19,0,1.0,0.250253084106109,0.4166666666666667,0.03358641743944233,0.0,0.0,0.2,0.006791830062866211,Feasible
614,613,5,1,4,"ADD:8,8;REMOVE:0,1;REMOVE:1,5;REMOVE:5,6;REMOVE:7,3",0:1|2;1:5;2:-;3:-;4:2;5:6|7;6:-;7:3|4;8:1;9:-,0:2;1:-;2:-;3:-;4:2;5:7;6:-;7:4;8:1|8;9:-,0@2=1;0@8=3;4@5=2;4@7=1;5@3=1;5@4=1;5@6=1;7@8=1;7@6=1;8@7=1,"2,8,5,7,3,4,6",13,10,10,0,1.0,0.35206154589032945,0.4444444444444444,0.007617101445885089,0.0,0.0,0.1,0.004975795745849609,Feasible
615,614,6,6,0,"ADD:0,6;ADD:1,2;ADD:2,3;ADD:3,2;ADD:4,1;ADD:9,0",0:2;1:-;2:-;3:-;4:2;5:7;6:-;7:4;8:1|8;9:-,0:2|6;1:2;2:3;3:2;4:1|2;5:7;6:-;7:4;8:1|8;9:0,0@2=3;0@4=1;0@6=1;0@7=1;1@2=2;1@4=1;2@3=1;3@2=1;4@2=1;4@4=2;4@0=2;4@1=1;4@5=3;5@2=1;5@4=1;5@6=1;5@7=1;5@1=1;5@9=1;7@2=1;8@4=1;8@3=1;8@8=1,"2,4,6,7,3,0,1,5,9,8",30,23,23,0,1.0,-0.5609036876380671,0.0,0.03909631236193287,0.0,0.0,0.6,0.003670930862426758,Feasible
616,615,9,2,7,"ADD:0,8;ADD:1,3;REMOVE:0,2;REMOVE:0,6;REMOVE:2,3;REMOVE:4,1;REMOVE:8,1;REMOVE:8,8;REMOVE:9,0",0:2|6;1:2;2:3;3:2;4:1|2;5:7;6:-;7:4;8:1|8;9:0,0:8;1:2|3;2:-;3:2;4:2;5:7;6:-;7:4;8:-;9:-,1@1=1;1@2=2;1@3=1;1@4=1;1@8=3;3@3=1;4@2=1;4@3=1;4@4=1;4@5=1;4@9=1;5@2=1;7@2=1;7@4=1,"1,2,3,4,8,5,9",17,14,14,0,1.0,0.4138895219754802,0.5833333333333334,0.030556188642146837,0.0,0.0,0.2,0.010358095169067383,Feasible
617,616,4,2,2,"ADD:1,6;ADD:4,6;REMOVE:3,2;REMOVE:7,4",0:8;1:2|3;2:-;3:2;4:2;5:7;6:-;7:4;8:-;9:-,0:8;1:2|3|6;2:-;3:-;4:2|6;5:7;6:-;7:-;8:-;9:-,1@3=2;1@6=1;1@9=1;4@3=1;4@6=1;4@9=1;4@2=2;4@4=1;5@9=1,"3,6,9,2,4",11,9,9,0,1.0,0.14291622795189246,0.2857142857142857,0.05720194223760678,0.0,0.0,0.2,0.0028429031372070312,Feasible
618,617,11,5,6,"ADD:3,8;ADD:7,0;ADD:7,4;ADD:8,3;ADD:8,4;REMOVE:0,8;REMOVE:1,2;REMOVE:1,3;REMOVE:1,6;REMOVE:4,2;REMOVE:5,7",0:8;1:2|3|6;2:-;3:-;4:2|6;5:7;6:-;7:-;8:-;9:-,0:-;1:-;2:-;3:8;4:6;5:-;6:-;7:0|4;8:3|4;9:-,4@1=1;4@9=1;7@0=1;7@4=1;7@5=1;8@4=1;8@2=2;8@3=1,"1,9,0,4,5,2,3",9,8,8,0,1.0,0.3984543488098997,0.8571428571428571,0.04131149166704261,0.0,0.0,0.5,0.006438016891479492,Feasible
619,618,13,11,2,"ADD:0,0;ADD:0,3;ADD:0,4;ADD:1,0;ADD:1,1;ADD:1,4;ADD:2,0;ADD:2,1;ADD:4,2;ADD:5,4;ADD:8,0;REMOVE:3,8;REMOVE:7,4",0:-;1:-;2:-;3:8;4:6;5:-;6:-;7:0|4;8:3|4;9:-,0:0|3|4;1:0|1|4;2:0|1;3:-;4:2|6;5:4;6:-;7:0;8:0|3|4;9:-,0@0=1;0@2=1;0@3=1;0@4=1;0@5=2;0@6=1;0@7=1;1@0=1;1@2=2;1@4=1;1@6=1;1@7=1;1@1=1;2@0=2;2@5=2;2@7=1;2@1=1;2@8=1;4@2=1;4@3=1;4@4=1;4@5=1;4@7=1;4@1=1;5@4=1;5@8=1;7@2=2;8@0=1;8@2=1;8@7=1,"0,2,3,4,5,6,7,1,8",35,30,30,0,1.0,-0.7312636410694778,0.3333333333333333,0.03540302559718872,0.0,0.0,1.0999999999999999,0.0036411285400390625,Feasible
620,619,5,3,2,"ADD:2,4;ADD:5,5;ADD:7,7;REMOVE:0,0;REMOVE:8,3",0:0|3|4;1:0|1|4;2:0|1;3:-;4:2|6;5:4;6:-;7:0;8:0|3|4;9:-,0:3|4;1:0|1|4;2:0|1|4;3:-;4:2|6;5:4|5;6:-;7:0|7;8:0|4;9:-,0@1=3;0@2=3;0@4=1;0@5=1;0@6=2;0@7=2;0@9=1;1@2=3;1@4=2;1@5=1;1@7=2;1@9=1;1@3=1;1@8=1;2@4=1;2@8=1;4@1=2;4@6=1;4@9=1;4@3=2;5@4=1;5@5=1;5@8=1;7@1=1;7@0=1;8@4=2;8@6=1;8@0=1,"1,2,4,5,6,7,9,3,8,0",41,28,28,0,1.0,-0.14004400915467585,0.13333333333333333,0.026622657511990867,0.0,0.0,0.30000000000000004,0.0036787986755371094,Feasible
621,620,10,2,8,"ADD:3,3;ADD:8,1;REMOVE:0,3;REMOVE:1,1;REMOVE:2,0;REMOVE:2,1;REMOVE:2,4;REMOVE:5,5;REMOVE:7,0;REMOVE:7,7",0:3|4;1:0|1|4;2:0|1|4;3:-;4:2|6;5:4|5;6:-;7:0|7;8:0|4;9:-,0:4;1:0|4;2:-;3:3;4:2|6;5:4;6:-;7:-;8:0|1|4;9:-,0@4=1;1@4=1;1@5=1;1@6=1;4@4=2;4@1=1;4@2=1;4@3=1;5@4=1;8@6=1;8@1=1;8@2=2,"4,5,6,1,2,3",14,12,12,0,1.0,0.33579533158715386,0.5,0.0357953315871539,0.0,0.0,0.2,0.008096933364868164,Feasible
622,621,6,1,5,"ADD:5,0;REMOVE:0,4;REMOVE:1,0;REMOVE:1,4;REMOVE:4,6;REMOVE:8,0",0:4;1:0|4;2:-;3:3;4:2|6;5:4;6:-;7:-;8:0|1|4;9:-,0:-;1:-;2:-;3:3;4:2;5:0|4;6:-;7:-;8:1|4;9:-,3@1=2;3@9=1;4@3=1;5@0=1;5@4=1;8@1=1;8@4=1;8@2=1,"1,9,3,0,4,2",9,8,8,0,1.0,0.4425713033729919,0.5,0.042571303372991885,0.0,0.0,0.1,0.007072925567626953,Feasible
623,622,8,6,2,"ADD:4,1;ADD:5,1;ADD:6,2;ADD:7,1;ADD:7,5;ADD:9,5;REMOVE:3,3;REMOVE:8,4",0:-;1:-;2:-;3:3;4:2;5:0|4;6:-;7:-;8:1|4;9:-,0:-;1:-;2:-;3:-;4:1|2;5:0|1|4;6:2;7:1|5;8:1;9:5,4@1=1;4@3=3;4@4=2;4@6=1;4@8=1;5@1=1;5@8=1;6@2=1;7@1=1;7@5=1;8@1=1;8@3=1,"1,3,4,6,8,2,5",15,12,12,0,1.0,-0.2281906598948965,0.3333333333333333,0.03847600677177013,0.0,0.0,0.6,0.0030260086059570312,Feasible
624,623,8,3,5,"ADD:0,8;ADD:3,4;ADD:8,5;REMOVE:5,0;REMOVE:5,4;REMOVE:6,2;REMOVE:7,5;REMOVE:9,5",0:-;1:-;2:-;3:-;4:1|2;5:0|1|4;6:2;7:1|5;8:1;9:5,0:8;1:-;2:-;3:4;4:1|2;5:1;6:-;7:1;8:1|5;9:-,0@8=1;3@4=2;4@4=1;4@1=1;4@2=1;4@5=1;5@1=1;7@1=1;8@5=1,"8,4,1,2,5",10,9,9,0,1.0,0.28564830745039693,0.5,0.085648307450397,0.0,0.0,0.30000000000000004,0.005324840545654297,Feasible
625,624,6,1,5,"ADD:5,4;REMOVE:0,8;REMOVE:3,4;REMOVE:4,1;REMOVE:8,1;REMOVE:8,5",0:8;1:-;2:-;3:4;4:1|2;5:1;6:-;7:1;8:1|5;9:-,0:-;1:-;2:-;3:-;4:2;5:1|4;6:-;7:1;8:-;9:-,4@0=1;4@4=1;5@4=1;5@9=1;7@3=1,"0,4,9,3",5,5,5,0,1.0,0.5481912653564528,0.625,0.023191265356452728,0.0,0.0,0.1,0.005203962326049805,Feasible
626,625,7,7,0,"ADD:0,4;ADD:0,5;ADD:2,9;ADD:5,5;ADD:7,0;ADD:7,4;ADD:8,8",0:-;1:-;2:-;3:-;4:2;5:1|4;6:-;7:1;8:-;9:-,0:4|5;1:-;2:9;3:-;4:2;5:1|4|5;6:-;7:0|1|4;8:8;9:-,0@4=1;0@7=1;2@9=1;4@4=2;4@0=1;4@2=1;4@5=1;5@4=2;5@7=1;5@5=1;7@4=2;7@0=1;7@3=1;8@2=3;8@5=1;8@1=1,"4,7,9,0,2,5,3,1",21,16,16,0,1.0,-0.6583982102954401,0.0,0.041601789704559855,0.0,0.0,0.7,0.0024237632751464844,Feasible
627,626,6,4,2,"ADD:3,9;ADD:4,1;ADD:8,0;ADD:8,9;REMOVE:5,4;REMOVE:7,1",0:4|5;1:-;2:9;3:-;4:2;5:1|4|5;6:-;7:0|1|4;8:8;9:-,0:4|5;1:-;2:9;3:9;4:1|2;5:1|5;6:-;7:0|4;8:0|8|9;9:-,0@0=1;0@2=1;0@7=1;2@9=1;3@9=1;4@2=1;4@9=1;4@1=1;4@6=1;5@0=1;5@2=2;5@1=1;5@6=1;5@5=1;7@5=1;7@4=1;8@2=1;8@9=1;8@4=2,"0,2,7,9,1,6,5,4",21,19,19,0,1.0,-0.18018762270008074,0.18181818181818182,0.03799419548173746,0.0,0.0,0.4,0.0033190250396728516,Feasible
628,627,5,1,4,"ADD:7,1;REMOVE:0,5;REMOVE:2,9;REMOVE:5,5;REMOVE:8,8",0:4|5;1:-;2:9;3:9;4:1|2;5:1|5;6:-;7:0|4;8:0|8|9;9:-,0:4;1:-;2:-;3:9;4:1|2;5:1;6:-;7:0|1|4;8:0|9;9:-,0@2=1;0@4=1;0@7=1;4@4=1;4@0=1;4@6=1;5@1=1;7@2=1;7@4=1;7@1=2;8@2=1;8@3=1;8@5=1,"2,4,7,0,6,1,3,5",14,13,13,0,1.0,0.24364322587211415,0.3076923076923077,0.03595091817980645,0.0,0.0,0.1,0.0077478885650634766,Feasible
629,628,7,3,4,"ADD:0,1;ADD:0,5;ADD:5,2;REMOVE:3,9;REMOVE:7,0;REMOVE:7,4;REMOVE:8,0",0:4;1:-;2:-;3:9;4:1|2;5:1;6:-;7:0|1|4;8:0|9;9:-,0:1|4|5;1:-;2:-;3:-;4:1|2;5:1|2;6:-;7:1;8:9;9:-,0@1=2;0@2=3;0@4=2;0@5=1;0@7=4;0@8=1;0@9=1;4@1=1;4@2=1;4@5=3;4@9=1;4@0=1;4@6=1;5@2=1;7@3=1;8@1=1;8@2=1,"1,2,4,5,7,8,9,0,6,3",26,17,17,0,1.0,0.13258104631764633,0.4,0.03258104631764634,0.0,0.0,0.30000000000000004,0.0057370662689208984,Feasible
630,629,8,3,5,"ADD:3,1;ADD:3,2;ADD:7,0;REMOVE:0,1;REMOVE:0,4;REMOVE:0,5;REMOVE:4,1;REMOVE:7,1",0:1|4|5;1:-;2:-;3:-;4:1|2;5:1|2;6:-;7:1;8:9;9:-,0:-;1:-;2:-;3:1|2;4:2;5:1|2;6:-;7:0;8:9;9:-,3@1=2;3@2=1;3@3=1;3@4=1;4@2=2;4@4=2;4@5=1;4@8=2;5@2=1;5@6=1;8@1=1;8@2=1,"1,2,3,4,5,8,6",16,12,12,0,1.0,0.29349747865671794,0.5555555555555556,0.03794192310116236,0.0,0.0,0.30000000000000004,0.005681276321411133,Feasible
631,630,5,4,1,"ADD:2,5;ADD:7,9;ADD:8,0;ADD:8,4;REMOVE:5,1",0:-;1:-;2:-;3:1|2;4:2;5:1|2;6:-;7:0;8:9;9:-,0:-;1:-;2:5;3:1|2;4:2;5:2;6:-;7:0|9;8:0|4|9;9:-,3@1=1;3@4=2;4@4=1;4@0=1;4@7=1;4@8=1;5@8=1;5@2=1;7@2=1;7@9=1;8@4=1;8@0=1;8@3=1;8@6=1,"1,4,0,7,8,2,9,3,6",15,14,14,0,1.0,-0.22180469668209452,0.14285714285714285,0.03533816046076267,0.0,0.0,0.4,0.0024619102478027344,Feasible
632,631,8,2,6,"ADD:0,7;ADD:5,1;REMOVE:2,5;REMOVE:3,1;REMOVE:3,2;REMOVE:7,0;REMOVE:8,0;REMOVE:8,4",0:-;1:-;2:5;3:1|2;4:2;5:2;6:-;7:0|9;8:0|4|9;9:-,0:7;1:-;2:-;3:-;4:2;5:1|2;6:-;7:9;8:9;9:-,4@3=1;4@9=1;5@1=1;5@4=1;7@1=1;8@3=1;8@2=1,"3,9,1,4,2",7,7,7,0,1.0,0.41480436621924505,0.6,0.014804366219245102,0.0,0.0,0.2,0.006189823150634766,Feasible
633,632,6,5,1,"ADD:2,4;ADD:3,1;ADD:3,2;ADD:4,1;ADD:7,6;REMOVE:8,9",0:7;1:-;2:-;3:-;4:2;5:1|2;6:-;7:9;8:9;9:-,0:7;1:-;2:4;3:1|2;4:1|2;5:1|2;6:-;7:6|9;8:-;9:-,0@1=3;0@2=1;0@3=1;0@4=1;0@8=1;0@9=1;2@4=1;3@1=1;3@2=1;3@3=1;3@4=1;3@0=1;4@1=1;4@2=2;4@0=3;4@7=1;5@1=1;5@3=1;5@4=1;5@0=1;5@6=1;7@7=1,"1,2,3,4,8,9,0,7,6",27,22,22,0,1.0,-0.3069097470144257,0.16666666666666666,0.02642358631890764,0.0,0.0,0.5,0.0025119781494140625,Feasible
634,633,3,0,3,"REMOVE:2,4;REMOVE:4,1;REMOVE:7,9",0:7;1:-;2:4;3:1|2;4:1|2;5:1|2;6:-;7:6|9;8:-;9:-,0:7;1:-;2:-;3:1|2;4:2;5:1|2;6:-;7:6;8:-;9:-,0@2=1;0@4=1;0@6=1;0@7=1;3@4=1;3@0=2;3@1=1;3@5=1;4@0=2;4@5=1;5@4=2;5@1=2;5@3=1;7@4=1;7@1=1;7@9=1,"2,4,6,7,0,1,5,3,9",20,16,16,0,1.0,0.31759775237964977,0.3,0.017597752379649778,0.0,0.0,0.0,0.00421595573425293,Feasible
635,634,6,4,2,"ADD:0,5;ADD:4,1;ADD:7,5;ADD:8,9;REMOVE:3,2;REMOVE:5,1",0:7;1:-;2:-;3:1|2;4:2;5:1|2;6:-;7:6;8:-;9:-,0:5|7;1:-;2:-;3:1;4:1|2;5:2;6:-;7:5|6;8:9;9:-,0@0=1;0@2=1;0@4=1;0@5=2;0@9=2;3@1=1;3@6=1;4@0=1;4@2=1;4@5=2;4@9=1;4@1=1;4@6=1;4@3=1;5@0=1;5@2=1;5@4=1;5@3=1;7@4=1;7@5=1;7@9=1;7@1=1;8@9=1,"0,2,4,5,9,1,6,3",26,23,23,0,1.0,-0.08582709949985129,0.2857142857142857,0.028458614785863045,0.0,0.0,0.4,0.0033111572265625,Feasible
636,635,5,4,1,"ADD:3,5;ADD:4,5;ADD:5,1;ADD:8,4;REMOVE:7,5",0:5|7;1:-;2:-;3:1;4:1|2;5:2;6:-;7:5|6;8:9;9:-,0:5|7;1:-;2:-;3:1|5;4:1|2|5;5:1|2;6:-;7:6;8:4|9;9:-,0@1=1;0@2=2;0@3=1;0@4=1;0@5=1;0@6=1;0@7=1;0@8=1;3@5=1;4@1=1;4@2=1;4@6=1;5@1=2;5@4=1;7@1=1;8@1=1;8@3=1;8@4=1;8@8=1;8@9=1,"1,2,3,4,5,6,7,8,9",22,20,20,0,1.0,-0.24636076222075975,0.1111111111111111,0.042528126668129156,0.0,0.0,0.4,0.002440929412841797,Feasible
637,636,8,2,6,"ADD:5,7;ADD:6,4;REMOVE:0,5;REMOVE:4,1;REMOVE:4,5;REMOVE:5,1;REMOVE:7,6;REMOVE:8,9",0:5|7;1:-;2:-;3:1|5;4:1|2|5;5:1|2;6:-;7:6;8:4|9;9:-,0:7;1:-;2:-;3:1|5;4:2;5:2|7;6:4;7:-;8:4;9:-,0@1=2;0@2=2;0@3=1;3@1=1;3@3=1;3@0=1;4@2=2;4@0=2;4@7=1;4@9=2;5@2=2;5@8=1;6@4=1;8@4=1,"1,2,3,0,7,9,8,4",20,14,14,0,1.0,0.33359623596172533,0.5,0.03359623596172532,0.0,0.0,0.2,0.007025241851806641,Feasible
638,637,11,7,4,"ADD:1,2;ADD:3,4;ADD:4,1;ADD:7,1;ADD:7,2;ADD:8,0;ADD:9,0;REMOVE:0,7;REMOVE:5,2;REMOVE:5,7;REMOVE:6,4",0:7;1:-;2:-;3:1|5;4:2;5:2|7;6:4;7:-;8:4;9:-,0:-;1:2;2:-;3:1|4|5;4:1|2;5:-;6:-;7:1|2;8:0|4;9:0,1@2=1;3@2=1;3@4=1;4@1=1;4@5=1;4@9=1;7@2=1;7@1=1;7@9=1;7@0=1;7@3=1;8@4=1;8@0=1;8@8=1,"2,4,1,5,9,0,3,8",14,14,14,0,1.0,-0.15371996914948116,0.5,0.04628003085051882,0.0,0.0,0.7,0.005062103271484375,Feasible
639,638,8,3,5,"ADD:5,1;ADD:5,4;ADD:5,5;REMOVE:1,2;REMOVE:3,4;REMOVE:3,5;REMOVE:4,1;REMOVE:9,0",0:-;1:2;2:-;3:1|4|5;4:1|2;5:-;6:-;7:1|2;8:0|4;9:0,0:-;1:-;2:-;3:1;4:2;5:1|4|5;6:-;7:1|2;8:0|4;9:-,3@1=1;4@2=1;4@3=1;4@4=1;4@8=1;5@1=2;5@4=1;5@5=1;5@6=1;7@1=1;7@0=1;8@8=1;8@5=1;8@6=1,"1,2,3,4,8,5,6,0",15,14,14,0,1.0,0.20093160270364618,0.45454545454545453,0.0463861481581917,0.0,0.0,0.30000000000000004,0.005944013595581055,Feasible
640,639,8,5,3,"ADD:0,1;ADD:0,2;ADD:2,6;ADD:4,6;ADD:8,1;REMOVE:5,1;REMOVE:5,5;REMOVE:7,2",0:-;1:-;2:-;3:1;4:2;5:1|4|5;6:-;7:1|2;8:0|4;9:-,0:1|2;1:-;2:6;3:1;4:2|6;5:4;6:-;7:1;8:0|1|4;9:-,0@1=1;0@2=1;0@7=1;2@6=1;3@1=2;4@6=2;4@0=1;4@4=1;4@8=1;5@2=1;5@4=1;7@6=1;7@9=1;8@1=1;8@0=1;8@9=1;8@5=1,"1,2,7,6,0,4,8,9,5",19,17,17,0,1.0,-0.1182628612687327,0.3333333333333333,0.048403805397934,0.0,0.0,0.5,0.004424095153808594,Feasible
641,640,7,3,4,"ADD:1,4;ADD:5,1;ADD:7,2;REMOVE:0,1;REMOVE:2,6;REMOVE:8,0;REMOVE:8,1",0:1|2;1:-;2:6;3:1;4:2|6;5:4;6:-;7:1;8:0|1|4;9:-,0:2;1:4;2:-;3:1;4:2|6;5:1|4;6:-;7:1|2;8:4;9:-,0@0=3;0@3=1;0@4=3;0@5=1;0@9=1;3@1=1;3@6=2;3@7=1;4@3=1;4@4=1;4@9=1;4@1=2;5@4=1;5@1=1;5@7=1;7@2=1;7@8=1;8@4=1;8@8=1,"0,3,4,5,9,1,6,7,2,8",25,19,19,0,1.0,0.08412194856855215,0.36363636363636365,0.020485584932188532,0.0,0.0,0.30000000000000004,0.0053980350494384766,Feasible
642,641,4,3,1,"ADD:0,6;ADD:1,0;ADD:3,4;REMOVE:5,1",0:2;1:4;2:-;3:1;4:2|6;5:1|4;6:-;7:1|2;8:4;9:-,0:2|6;1:0|4;2:-;3:1|4;4:2|6;5:4;6:-;7:1|2;8:4;9:-,0@0=1;0@2=2;0@4=2;0@6=1;0@8=1;0@9=1;1@0=1;1@2=1;1@8=1;3@4=1;3@1=1;4@0=1;4@8=1;4@1=1;4@5=1;5@4=1;5@7=2;7@2=1;7@1=1;8@2=1;8@8=1,"0,2,4,6,8,9,1,5,7",24,21,21,0,1.0,-0.16217350382060236,0.1,0.03782649617939767,0.0,0.0,0.30000000000000004,0.002401113510131836,Feasible
643,642,9,4,5,"ADD:2,3;ADD:5,3;ADD:6,7;ADD:8,3;REMOVE:1,4;REMOVE:3,1;REMOVE:3,4;REMOVE:4,6;REMOVE:7,1",0:2|6;1:0|4;2:-;3:1|4;4:2|6;5:4;6:-;7:1|2;8:4;9:-,0:2|6;1:0;2:3;3:-;4:2;5:3|4;6:7;7:2;8:3|4;9:-,0@1=1;0@2=3;0@3=1;0@7=1;1@2=2;1@0=1;4@3=1;4@4=1;4@5=1;5@2=1;5@3=1;5@8=1;5@9=1;6@7=1;6@8=1;7@2=1;7@4=1;8@2=1;8@3=1;8@8=1,"1,2,3,7,0,4,5,8,9",23,20,20,0,1.0,0.05177575423752162,0.4166666666666667,0.035109087570854944,0.0,0.0,0.4,0.006369113922119141,Feasible
644,643,8,3,5,"ADD:1,1;ADD:3,4;ADD:7,1;REMOVE:0,2;REMOVE:0,6;REMOVE:5,4;REMOVE:6,7;REMOVE:8,4",0:2|6;1:0;2:3;3:-;4:2;5:3|4;6:7;7:2;8:3|4;9:-,0:-;1:0|1;2:3;3:4;4:2;5:3;6:-;7:1|2;8:3;9:-,1@1=1;1@7=1;1@9=1;2@3=1;3@4=1;4@4=1;7@1=1;7@4=1;8@1=1,"1,7,9,3,4",9,9,9,0,1.0,0.1950732612255539,0.45454545454545453,0.0405278066800994,0.0,0.0,0.30000000000000004,0.006097078323364258,Feasible
645,644,5,3,2,"ADD:1,4;ADD:5,4;ADD:8,4;REMOVE:2,3;REMOVE:7,2",0:-;1:0|1;2:3;3:4;4:2;5:3;6:-;7:1|2;8:3;9:-,0:-;1:0|1|4;2:-;3:4;4:2;5:3|4;6:-;7:1;8:3|4;9:-,1@2=2;1@3=1;1@4=2;3@2=1;4@2=1;4@3=1;4@8=1;5@2=1;5@4=1;7@1=1;8@4=1,"2,3,4,8,1",13,11,11,0,1.0,-0.030498111368254754,0.2222222222222222,0.04727966640952305,0.0,0.0,0.30000000000000004,0.002788066864013672,Feasible
646,645,9,3,6,"ADD:3,5;ADD:4,1;ADD:7,4;REMOVE:1,0;REMOVE:1,1;REMOVE:1,4;REMOVE:3,4;REMOVE:5,4;REMOVE:8,3",0:-;1:0|1|4;2:-;3:4;4:2;5:3|4;6:-;7:1;8:3|4;9:-,0:-;1:-;2:-;3:5;4:1|2;5:3;6:-;7:1|4;8:4;9:-,4@1=1;4@6=1;4@8=1;5@2=1;7@4=1;8@6=1;8@4=1;8@7=1,"1,6,8,2,4,7",8,8,8,0,1.0,0.3384246407872753,0.6,0.038424640787275324,0.0,0.0,0.30000000000000004,0.006308078765869141,Feasible
647,646,12,8,4,"ADD:0,1;ADD:0,4;ADD:1,1;ADD:1,4;ADD:1,5;ADD:2,9;ADD:5,4;ADD:8,3;REMOVE:3,5;REMOVE:4,1;REMOVE:7,4;REMOVE:8,4",0:-;1:-;2:-;3:5;4:1|2;5:3;6:-;7:1|4;8:4;9:-,0:1|4;1:1|4|5;2:9;3:-;4:2;5:3|4;6:-;7:1;8:3;9:-,0@1=1;0@4=2;0@6=1;0@8=1;0@9=1;1@1=1;1@4=2;1@9=1;1@2=1;1@3=1;1@5=1;1@7=1;2@9=1;4@4=2;4@9=1;4@3=1;4@5=1;4@0=1;5@4=2;5@2=1;7@9=1,"1,4,6,8,9,2,3,5,7,0",25,21,21,0,1.0,-0.18817642589158878,0.5714285714285714,0.040395002679839774,0.0,0.0,0.7999999999999999,0.005529880523681641,Feasible
648,647,6,4,2,"ADD:0,0;ADD:4,1;ADD:5,7;ADD:7,2;REMOVE:1,4;REMOVE:2,9",0:1|4;1:1|4|5;2:9;3:-;4:2;5:3|4;6:-;7:1;8:3;9:-,0:0|1|4;1:1|5;2:-;3:-;4:1|2;5:3|4|7;6:-;7:1|2;8:3;9:-,0@0=1;0@4=1;0@5=4;1@5=1;1@2=3;1@3=2;1@9=1;4@2=1;4@3=1;4@1=1;4@7=2;4@8=1;5@0=1;5@4=1;5@2=2;5@8=1;7@2=3;7@9=1;7@6=1;8@2=1;8@1=1,"0,4,5,2,3,9,1,7,8,6",31,21,21,0,1.0,-0.18864152332230252,0.18181818181818182,0.02954029485951568,0.0,0.0,0.4,0.003536701202392578,Feasible
649,648,8,3,5,"ADD:1,4;ADD:2,7;ADD:3,2;REMOVE:0,0;REMOVE:5,3;REMOVE:5,4;REMOVE:7,1;REMOVE:7,2",0:0|1|4;1:1|5;2:-;3:-;4:1|2;5:3|4|7;6:-;7:1|2;8:3;9:-,0:1|4;1:1|4|5;2:7;3:2;4:1|2;5:7;6:-;7:-;8:3;9:-,0@1=2;0@2=1;0@3=2;0@4=1;1@1=1;1@2=2;1@4=1;1@6=2;2@7=1;3@2=1;3@4=1;4@1=2;4@2=2;4@5=1;5@1=1;5@4=1;5@8=1;8@7=1,"1,2,3,4,6,7,5,8",24,18,18,0,1.0,0.13196570501850985,0.38461538461538464,0.047350320403125264,0.0,0.0,0.30000000000000004,0.006500720977783203,Feasible
650,649,8,6,2,"ADD:0,0;ADD:3,6;ADD:7,1;ADD:7,2;ADD:8,4;ADD:9,9;REMOVE:2,7;REMOVE:4,2",0:1|4;1:1|4|5;2:7;3:2;4:1|2;5:7;6:-;7:-;8:3;9:-,0:0|1|4;1:1|4|5;2:-;3:2|6;4:1;5:7;6:-;7:1|2;8:3|4;9:9,0@0=1;0@1=2;0@2=1;0@9=1;1@0=1;1@1=1;1@9=1;1@3=1;1@4=1;3@9=1;3@3=1;3@6=1;3@8=1;4@1=1;4@9=1;4@3=1;4@7=1;5@2=1;7@1=1;7@2=1;7@6=1;8@2=1;8@4=1,"0,1,2,9,3,4,6,8,7",24,23,23,0,1.0,-0.37988122710258715,0.18181818181818182,0.038300591079231006,0.0,0.0,0.6,0.003628969192504883,Feasible
651,650,7,1,6,"ADD:4,2;REMOVE:1,1;REMOVE:1,5;REMOVE:3,6;REMOVE:7,1;REMOVE:8,3;REMOVE:9,9",0:0|1|4;1:1|4|5;2:-;3:2|6;4:1;5:7;6:-;7:1|2;8:3|4;9:9,0:0|1|4;1:4;2:-;3:2;4:1|2;5:7;6:-;7:2;8:4;9:-,0@0=1;0@2=1;0@3=1;0@4=1;0@7=1;1@7=1;3@0=1;3@2=1;3@5=1;4@2=1;4@5=1;4@1=2;4@6=1;5@2=1;5@4=1;5@7=1;7@2=1;7@4=1;8@4=2;8@6=1;8@8=1,"0,2,3,4,7,5,1,6,8",23,21,21,0,1.0,0.3413026615564144,0.4,0.041302661556414384,0.0,0.0,0.1,0.007712125778198242,Feasible
652,651,4,2,2,"ADD:1,1;ADD:8,0;REMOVE:0,0;REMOVE:0,1",0:0|1|4;1:4;2:-;3:2;4:1|2;5:7;6:-;7:2;8:4;9:-,0:4;1:1|4;2:-;3:2;4:1|2;5:7;6:-;7:2;8:0|4;9:-,0@2=1;0@8=1;1@1=2;1@4=2;3@4=1;4@2=1;4@1=2;4@9=1;5@4=1;5@0=1;5@7=1;7@3=1;8@0=1,"2,8,1,4,9,0,7,3",16,13,13,0,1.0,0.06386723993425364,0.2,0.06386723993425365,0.0,0.0,0.2,0.0031502246856689453,Feasible
653,652,3,1,2,"ADD:7,6;REMOVE:1,1;REMOVE:8,0",0:4;1:1|4;2:-;3:2;4:1|2;5:7;6:-;7:2;8:0|4;9:-,0:4;1:4;2:-;3:2;4:1|2;5:7;6:-;7:2|6;8:4;9:-,0@4=1;1@4=1;3@2=1;3@9=1;4@2=1;4@3=1;4@5=1;4@6=1;4@7=1;5@4=2;5@3=1;5@0=1;5@1=1;5@8=1;7@2=1;7@6=1;8@2=1,"4,2,9,3,5,6,7,0,1,8",18,17,17,0,1.0,0.13190748988700943,0.2,0.03190748988700942,0.0,0.0,0.1,0.005434989929199219,Feasible
654,653,9,7,2,"ADD:0,0;ADD:0,1;ADD:1,1;ADD:1,5;ADD:3,1;ADD:4,5;ADD:8,3;REMOVE:5,7;REMOVE:7,6",0:4;1:4;2:-;3:2;4:1|2;5:7;6:-;7:2|6;8:4;9:-,0:0|1|4;1:1|4|5;2:-;3:1|2;4:1|2|5;5:-;6:-;7:2;8:3|4;9:-,0@0=1;0@1=1;0@3=1;0@4=2;0@8=1;1@1=1;1@3=1;1@4=1;1@5=1;1@6=1;3@1=1;3@5=2;4@1=1;4@2=1;4@7=1;7@0=1;8@3=1;8@6=1;8@9=1,"0,1,3,4,8,5,6,2,7,9",21,19,19,0,1.0,-0.42366950257369174,0.2222222222222222,0.05410827520408603,0.0,0.0,0.7,0.0037021636962890625,Feasible
655,654,10,3,7,"ADD:4,3;ADD:5,1;ADD:5,4;REMOVE:0,0;REMOVE:1,4;REMOVE:1,5;REMOVE:3,1;REMOVE:4,5;REMOVE:7,2;REMOVE:8,3",0:0|1|4;1:1|4|5;2:-;3:1|2;4:1|2|5;5:-;6:-;7:2;8:3|4;9:-,0:1|4;1:1;2:-;3:2;4:1|2|3;5:1|4;6:-;7:-;8:4;9:-,0@1=2;0@4=1;0@7=1;0@9=3;1@1=2;1@7=1;1@6=1;1@8=1;3@2=1;3@3=1;4@4=1;4@7=1;4@6=1;4@2=2;5@1=2;5@4=1;5@3=1;8@2=2,"1,4,7,9,6,8,2,3",25,18,18,0,1.0,0.24416216298387616,0.5,0.04416216298387616,0.0,0.0,0.30000000000000004,0.008389949798583984,Feasible
656,655,6,4,2,"ADD:1,2;ADD:2,1;ADD:7,3;ADD:7,4;REMOVE:4,1;REMOVE:4,3",0:1|4;1:1;2:-;3:2;4:1|2|3;5:1|4;6:-;7:-;8:4;9:-,0:1|4;1:1|2;2:1;3:2;4:2;5:1|4;6:-;7:3|4;8:4;9:-,0@1=2;0@2=1;0@3=1;0@4=3;0@8=1;1@2=2;1@4=1;1@8=1;2@1=1;2@9=1;3@4=1;4@2=1;4@3=1;4@9=1;4@0=1;4@7=1;5@1=2;5@2=1;5@3=2;5@4=2;5@9=1;5@7=1;7@2=1;7@4=2;8@2=1,"1,2,3,4,8,9,0,7",33,25,25,0,1.0,-0.152158450799045,0.2,0.04784154920095502,0.0,0.0,0.4,0.0037810802459716797,Feasible
657,656,4,3,1,"ADD:0,0;ADD:1,4;ADD:8,9;REMOVE:5,4",0:1|4;1:1|2;2:1;3:2;4:2;5:1|4;6:-;7:3|4;8:4;9:-,0:0|1|4;1:1|2|4;2:1;3:2;4:2;5:1;6:-;7:3|4;8:4|9;9:-,0@0=1;0@3=1;0@4=2;0@8=1;1@3=1;1@4=1;1@8=1;1@1=2;1@5=1;2@3=1;3@4=2;3@8=1;3@5=1;3@2=1;4@7=1;5@1=3;5@9=1;7@4=1;7@8=1;7@5=1;7@2=1;7@7=1;8@4=1;8@2=1;8@9=1,"0,3,4,8,1,5,2,7,9",30,25,25,0,1.0,-0.17562545650982553,0.08333333333333333,0.0410412101568412,0.0,0.0,0.30000000000000004,0.004853963851928711,Feasible
658,657,8,3,5,"ADD:2,6;ADD:5,2;ADD:8,0;REMOVE:1,1;REMOVE:1,4;REMOVE:2,1;REMOVE:7,3;REMOVE:7,4",0:0|1|4;1:1|2|4;2:1;3:2;4:2;5:1;6:-;7:3|4;8:4|9;9:-,0:0|1|4;1:2;2:6;3:2;4:2;5:1|2;6:-;7:-;8:0|4|9;9:-,0@2=1;0@3=1;0@4=1;0@5=1;0@8=1;0@9=1;1@3=1;1@9=1;3@3=1;3@8=1;3@0=1;4@3=1;4@4=2;5@2=1;5@9=1;5@0=1;8@3=1;8@0=1,"2,3,4,5,8,9,0",19,18,18,0,1.0,0.07198410037644781,0.35714285714285715,0.014841243233590715,0.0,0.0,0.30000000000000004,0.006216764450073242,Feasible
659,658,8,1,7,"ADD:7,2;REMOVE:0,0;REMOVE:0,1;REMOVE:2,6;REMOVE:3,2;REMOVE:8,0;REMOVE:8,4;REMOVE:8,9",0:0|1|4;1:2;2:6;3:2;4:2;5:1|2;6:-;7:-;8:0|4|9;9:-,0:4;1:2;2:-;3:-;4:2;5:1|2;6:-;7:2;8:-;9:-,0@4=1;0@6=1;1@7=2;1@9=1;4@9=1;5@6=1;5@7=1;5@5=1;7@2=1,"4,6,7,9,5,2",10,9,9,0,1.0,0.5033057797608108,0.5833333333333334,0.019972446427477426,0.0,0.0,0.1,0.007344961166381836,Feasible
660,659,7,6,1,"ADD:0,0;ADD:3,4;ADD:4,6;ADD:7,6;ADD:8,4;ADD:8,5;REMOVE:5,1",0:4;1:2;2:-;3:-;4:2;5:1|2;6:-;7:2;8:-;9:-,0:0|4;1:2;2:-;3:4;4:2|6;5:2;6:-;7:2|6;8:4|5;9:-,0@0=1;0@2=1;0@4=1;0@8=1;1@0=1;1@4=1;1@3=1;1@5=1;3@4=1;4@0=1;4@4=1;4@5=2;4@6=1;5@3=1;7@0=1;7@4=1;7@9=1;8@4=1;8@5=1,"0,2,4,8,3,5,6,9",20,19,19,0,1.0,-0.4055489299109264,0.16666666666666666,0.02778440342240689,0.0,0.0,0.6,0.002435922622680664,Feasible
661,660,7,3,4,"ADD:0,1;ADD:1,6;ADD:5,1;REMOVE:4,6;REMOVE:7,6;REMOVE:8,4;REMOVE:8,5",0:0|4;1:2;2:-;3:4;4:2|6;5:2;6:-;7:2|6;8:4|5;9:-,0:0|1|4;1:2|6;2:-;3:4;4:2;5:1|2;6:-;7:2;8:-;9:-,0@1=1;0@3=1;0@4=2;0@5=1;1@5=2;1@6=1;3@2=1;4@3=1;4@5=2;5@1=1;5@4=1;5@2=1;5@8=1;5@9=1;7@4=1;7@2=1;7@9=1,"1,3,4,5,6,2,8,9",20,17,17,0,1.0,0.10284691950540764,0.36363636363636365,0.03921055586904403,0.0,0.0,0.30000000000000004,0.005145072937011719,Feasible
662,661,8,8,0,"ADD:2,0;ADD:2,8;ADD:2,9;ADD:3,1;ADD:4,6;ADD:7,1;ADD:8,2;ADD:8,6",0:0|1|4;1:2|6;2:-;3:4;4:2;5:1|2;6:-;7:2;8:-;9:-,0:0|1|4;1:2|6;2:0|8|9;3:1|4;4:2|6;5:1|2;6:-;7:1|2;8:2|6;9:-,0@4=1;0@5=1;0@6=1;0@9=1;1@4=1;1@5=1;1@1=2;1@3=1;1@7=1;2@9=1;2@1=1;2@0=2;2@2=2;2@8=1;3@1=1;4@4=3;4@6=1;4@9=1;4@0=1;4@2=1;5@4=1;5@6=1;5@9=1;5@7=1;5@0=1;5@2=1;7@1=1;7@3=1;8@6=1;8@1=1;8@7=1;8@2=1,"4,5,6,9,1,3,7,0,2,8",37,32,32,0,1.0,-0.7664503603161589,0.0,0.03354963968384103,0.0,0.0,0.7999999999999999,0.0013949871063232422,Feasible
663,662,8,0,8,"REMOVE:0,1;REMOVE:2,0;REMOVE:3,1;REMOVE:3,4;REMOVE:4,2;REMOVE:5,1;REMOVE:7,1;REMOVE:8,6",0:0|1|4;1:2|6;2:0|8|9;3:1|4;4:2|6;5:1|2;6:-;7:1|2;8:2|6;9:-,0:0|4;1:2|6;2:8|9;3:-;4:6;5:2;6:-;7:2;8:2;9:-,0@5=1;0@6=1;0@8=1;1@5=1;1@6=1;1@0=1;1@1=1;1@2=3;1@4=2;2@5=1;2@6=1;2@1=1;2@2=3;2@4=2;2@3=1;2@7=1;2@9=1;4@1=1;4@4=2;4@9=1;5@8=1;5@0=1;5@2=2;5@7=1;7@0=1;7@2=1;7@9=1;8@5=1;8@8=1;8@4=1,"5,6,8,0,1,2,4,3,7,9",38,30,30,0,1.0,0.46651402995166474,0.4444444444444444,0.022069585507220345,0.0,0.0,0.0,0.010370969772338867,Feasible
664,663,5,4,1,"ADD:0,3;ADD:4,3;ADD:6,0;ADD:6,3;REMOVE:2,9",0:0|4;1:2|6;2:8|9;3:-;4:6;5:2;6:-;7:2;8:2;9:-,0:0|3|4;1:2|6;2:8;3:-;4:3|6;5:2;6:0|3;7:2;8:2;9:-,0@3=1;0@6=2;1@1=2;1@2=1;1@8=1;2@4=2;2@7=1;4@3=2;4@1=1;4@8=1;4@4=1;5@5=1;5@9=1;6@3=1;6@1=1;6@2=1;6@0=2;7@5=1;7@9=1;7@0=2;8@3=1;8@7=1,"3,6,1,2,8,4,7,5,9,0",28,22,22,0,1.0,-0.2783517518822886,0.1,0.0216482481177114,0.0,0.0,0.4,0.0024492740631103516,Feasible
665,664,9,5,4,"ADD:2,0;ADD:2,9;ADD:3,9;ADD:6,4;ADD:9,3;REMOVE:1,2;REMOVE:4,3;REMOVE:5,2;REMOVE:7,2",0:0|3|4;1:2|6;2:8;3:-;4:3|6;5:2;6:0|3;7:2;8:2;9:-,0:0|3|4;1:6;2:0|8|9;3:9;4:6;5:-;6:0|3|4;7:-;8:2;9:3,0@0=2;0@2=1;0@4=1;0@5=1;0@9=1;1@4=2;1@9=2;2@0=1;2@2=1;2@9=1;2@1=1;2@3=1;2@7=1;3@9=1;4@7=1;6@4=1;6@5=1;6@9=1;6@1=1,"0,2,4,5,9,1,3,7",22,19,19,0,1.0,-0.16064328605543576,0.3076923076923077,0.03166440625225654,0.0,0.0,0.5,0.005396842956542969,Feasible
666,665,9,3,6,"ADD:5,4;ADD:5,5;ADD:7,7;REMOVE:0,0;REMOVE:0,3;REMOVE:3,9;REMOVE:6,0;REMOVE:6,3;REMOVE:9,3",0:0|3|4;1:6;2:0|8|9;3:9;4:6;5:-;6:0|3|4;7:-;8:2;9:3,0:4;1:6;2:0|8|9;3:-;4:6;5:4|5;6:4;7:7;8:2;9:-,0@2=1;0@4=1;1@4=1;2@0=2;2@3=1;2@7=1;2@8=1;4@1=1;4@9=2;5@4=1;5@5=2;6@2=1;6@6=1;8@2=1,"2,4,0,3,7,8,1,9,5,6",17,14,14,0,1.0,0.1764561500226065,0.42857142857142855,0.047884721451177975,0.0,0.0,0.30000000000000004,0.007606983184814453,Feasible
667,666,7,5,2,"ADD:0,3;ADD:1,0;ADD:4,0;ADD:6,1;ADD:6,5;REMOVE:2,0;REMOVE:2,9",0:4;1:6;2:0|8|9;3:-;4:6;5:4|5;6:4;7:7;8:2;9:-,0:3|4;1:0|6;2:8;3:-;4:0|6;5:4|5;6:1|4|5;7:7;8:2;9:-,0@2=2;0@3=1;0@4=1;0@7=1;0@9=1;1@4=1;1@7=1;1@0=1;1@6=1;1@8=1;2@4=2;2@5=1;4@4=1;4@0=1;5@3=1;5@4=2;5@0=1;6@2=1;6@6=1;6@5=1;6@1=1;7@2=1;8@9=1;8@5=2,"2,3,4,7,9,0,6,8,5,1",28,24,24,0,1.0,-0.28359497271482526,0.18181818181818182,0.034586845466992956,0.0,0.0,0.5,0.0034880638122558594,Feasible
668,667,10,7,3,"ADD:0,0;ADD:2,9;ADD:3,1;ADD:3,2;ADD:5,1;ADD:6,3;ADD:8,1;REMOVE:6,1;REMOVE:6,4;REMOVE:6,5",0:3|4;1:0|6;2:8;3:-;4:0|6;5:4|5;6:1|4|5;7:7;8:2;9:-,0:0|3|4;1:0|6;2:8|9;3:1|2;4:0|6;5:1|4|5;6:3;7:7;8:1|2;9:-,0@0=1;0@1=1;0@3=1;0@4=2;0@9=1;1@5=2;1@6=1;1@7=1;2@4=1;2@9=1;2@6=1;2@2=1;3@1=1;3@3=1;3@9=1;3@2=1;3@8=1;4@9=1;4@6=1;4@2=1;4@8=1;5@1=1;5@9=1;5@7=1;5@2=1;6@9=1;6@2=2;7@1=2;7@4=1;7@8=1;8@1=1;8@3=2;8@4=1,"0,1,3,4,9,5,6,7,2,8",38,33,33,0,1.0,-0.4569994105612208,0.21428571428571427,0.028714875153064884,0.0,0.0,0.7,0.006057024002075195,Feasible
669,668,10,3,7,"ADD:3,6;ADD:6,0;ADD:6,8;REMOVE:0,0;REMOVE:0,4;REMOVE:4,0;REMOVE:5,1;REMOVE:5,4;REMOVE:5,5;REMOVE:8,1",0:0|3|4;1:0|6;2:8|9;3:1|2;4:0|6;5:1|4|5;6:3;7:7;8:1|2;9:-,0:3;1:0|6;2:8|9;3:1|2|6;4:6;5:-;6:0|3|8;7:7;8:2;9:-,0@2=1;0@3=1;1@2=2;1@1=3;1@5=1;1@7=1;2@1=1;2@4=1;2@8=1;2@9=1;3@0=1;3@6=1;4@1=2;4@4=1;4@8=2;4@6=2;6@2=1;6@1=1;6@8=1;6@0=1;7@2=2;7@0=1;7@6=1;8@5=1;8@7=1;8@9=1,"2,3,1,5,7,4,8,9,0,6",33,26,26,0,1.0,0.1113716497529979,0.3888888888888889,0.022482760864109035,0.0,0.0,0.30000000000000004,0.00937795639038086,Feasible
670,669,14,8,6,"ADD:0,0;ADD:0,8;ADD:2,1;ADD:4,3;ADD:5,1;ADD:5,5;ADD:7,5;ADD:8,9;REMOVE:2,9;REMOVE:3,1;REMOVE:3,2;REMOVE:3,6;REMOVE:6,0;REMOVE:8,2",0:3;1:0|6;2:8|9;3:1|2|6;4:6;5:-;6:0|3|8;7:7;8:2;9:-,0:0|3|8;1:0|6;2:1|8;3:-;4:3|6;5:1|5;6:3|8;7:5|7;8:9;9:-,0@0=1;0@3=2;0@7=1;0@8=1;1@0=1;1@4=1;2@8=1;2@4=1;2@1=1;2@6=1;4@3=1;4@4=1;4@2=1;4@9=1;5@1=1;5@5=1;6@3=1;6@8=1;6@1=2;7@8=1;7@4=1;7@5=1;8@1=1;8@2=1,"0,3,7,8,4,1,6,2,9,5",26,24,24,0,1.0,-0.3215639142543634,0.42857142857142855,0.04986465717420797,0.0,0.0,0.7999999999999999,0.008898735046386719,Feasible
671,670,6,2,4,"ADD:3,3;ADD:4,0;REMOVE:0,8;REMOVE:1,0;REMOVE:5,1;REMOVE:7,5",0:0|3|8;1:0|6;2:1|8;3:-;4:3|6;5:1|5;6:3|8;7:5|7;8:9;9:-,0:0|3;1:6;2:1|8;3:3;4:0|3|6;5:5;6:3|8;7:7;8:9;9:-,0@0=1;0@1=1;0@2=2;0@3=1;0@5=1;1@4=1;2@3=1;2@4=1;2@6=1;2@7=1;2@9=1;3@3=1;4@0=1;4@1=2;4@4=1;4@6=1;4@7=1;5@3=2;6@1=2;6@2=1;6@3=1;6@4=1;6@9=1;7@2=1;7@6=1;7@7=1;8@1=1,"0,1,2,3,5,4,6,7,9",31,27,27,0,1.0,0.0720306165444552,0.25,0.022030616544455213,0.0,0.0,0.2,0.005682945251464844,Feasible
672,671,5,3,2,"ADD:0,4;ADD:2,0;ADD:8,4;REMOVE:4,0;REMOVE:6,3",0:0|3;1:6;2:1|8;3:3;4:0|3|6;5:5;6:3|8;7:7;8:9;9:-,0:0|3|4;1:6;2:0|1|8;3:3;4:3|6;5:5;6:8;7:7;8:4|9;9:-,0@2=1;0@4=1;0@9=1;1@4=1;1@1=1;1@6=1;2@2=2;2@4=1;2@1=1;2@0=1;2@8=1;3@1=1;4@9=1;4@6=1;4@3=2;4@7=1;5@3=1;6@4=1;6@1=1;6@6=1;7@2=1;7@0=1;7@7=1;8@4=1,"2,4,9,1,6,0,8,3,7",26,24,24,0,1.0,-0.11995236743689625,0.14285714285714285,0.037190489705960936,0.0,0.0,0.30000000000000004,0.0033910274505615234,Feasible
673,672,8,3,5,"ADD:1,2;ADD:4,0;ADD:5,1;REMOVE:0,0;REMOVE:2,0;REMOVE:6,8;REMOVE:8,4;REMOVE:8,9",0:0|3|4;1:6;2:0|1|8;3:3;4:3|6;5:5;6:8;7:7;8:4|9;9:-,0:3|4;1:2|6;2:1|8;3:3;4:0|3|6;5:1|5;6:-;7:7;8:-;9:-,0@1=1;0@2=1;0@6=1;1@1=1;1@2=1;1@4=1;2@1=1;2@2=2;2@4=1;2@9=2;3@2=1;4@1=1;4@4=2;4@0=1;4@3=1;5@1=1;7@6=1,"1,2,6,4,9,0,3",20,17,17,0,1.0,0.05903919072653424,0.3333333333333333,0.025705857393200967,0.0,0.0,0.30000000000000004,0.0058841705322265625,Feasible
674,673,11,5,6,"ADD:5,3;ADD:6,1;ADD:6,2;ADD:7,5;ADD:8,7;REMOVE:1,6;REMOVE:2,1;REMOVE:2,8;REMOVE:3,3;REMOVE:4,0;REMOVE:4,6",0:3|4;1:2|6;2:1|8;3:3;4:0|3|6;5:1|5;6:-;7:7;8:-;9:-,0:3|4;1:2;2:-;3:-;4:3;5:1|3|5;6:1|2;7:5|7;8:7;9:-,0@2=1;0@4=1;0@5=2;1@2=1;1@5=2;1@8=1;4@2=2;4@1=1;5@2=1;5@1=1;5@0=1;6@2=1;6@1=1;6@3=1;6@9=1;7@2=1;7@4=1;7@5=1;7@1=1;7@9=1;7@7=1;8@7=1,"2,4,5,8,1,0,3,9,7",25,22,22,0,1.0,-0.007730217450101107,0.46153846153846156,0.030731321011437333,0.0,0.0,0.5,0.007436990737915039,Feasible
675,674,8,6,2,"ADD:1,1;ADD:2,5;ADD:2,7;ADD:4,0;ADD:4,6;ADD:5,4;REMOVE:6,1;REMOVE:7,5",0:3|4;1:2;2:-;3:-;4:3;5:1|3|5;6:1|2;7:5|7;8:7;9:-,0:3|4;1:1|2;2:5|7;3:-;4:0|3|6;5:1|3|4|5;6:2;7:7;8:7;9:-,0@1=1;0@2=1;0@7=1;0@8=3;1@1=2;1@0=2;1@4=1;1@6=2;2@7=1;2@0=1;2@4=1;2@6=1;2@5=1;2@9=1;4@1=1;4@2=3;4@0=1;4@6=1;5@8=1;5@4=1;5@5=1;5@9=2;6@2=2;6@7=1;6@8=1;6@4=2;7@8=2;7@4=1;8@7=1;8@0=1;8@9=1,"1,2,7,8,0,4,6,5,9",42,31,31,0,1.0,-0.4051294887832829,0.16666666666666666,0.02820384455005038,0.0,0.0,0.6,0.0036749839782714844,Feasible
676,675,7,2,5,"ADD:0,0;ADD:3,1;REMOVE:2,5;REMOVE:4,3;REMOVE:5,3;REMOVE:5,4;REMOVE:7,7",0:3|4;1:1|2;2:5|7;3:-;4:0|3|6;5:1|3|4|5;6:2;7:7;8:7;9:-,0:0|3|4;1:1|2;2:7;3:1;4:0|6;5:1|5;6:2;7:-;8:7;9:-,0@0=1;0@1=2;0@4=1;0@5=2;0@8=1;1@1=1;1@4=1;2@0=1;2@1=1;2@4=1;2@7=1;2@9=1;3@1=1;4@4=1;4@8=1;4@7=1;4@2=1;4@6=1;5@7=1;5@9=1;5@2=1;5@3=1;6@0=1;6@4=1;6@8=1;6@9=1;6@2=1;8@1=1;8@4=1,"0,1,4,5,8,7,9,2,6,3",31,29,29,0,1.0,0.13528645064828632,0.3125,0.02278645064828635,0.0,0.0,0.2,0.0069158077239990234,Feasible
677,676,9,6,3,"ADD:1,7;ADD:2,5;ADD:3,5;ADD:5,4;ADD:7,8;ADD:7,9;REMOVE:0,0;REMOVE:4,0;REMOVE:8,7",0:0|3|4;1:1|2;2:7;3:1;4:0|6;5:1|5;6:2;7:-;8:7;9:-,0:3|4;1:1|2|7;2:5|7;3:1|5;4:6;5:1|4|5;6:2;7:8|9;8:-;9:-,0@2=3;0@3=1;0@5=1;0@6=1;0@8=1;0@9=3;1@2=1;1@0=2;1@1=2;1@4=1;1@7=1;2@2=1;2@3=1;2@5=1;2@6=2;3@5=1;4@8=1;4@1=2;5@5=1;5@1=1;5@4=3;6@3=1;6@0=1;7@8=1;7@9=1,"2,3,5,6,8,9,0,1,4,7",35,25,25,0,1.0,-0.33053501432505183,0.23076923076923078,0.03869575490571738,0.0,0.0,0.6,0.004708766937255859,Feasible
678,677,8,4,4,"ADD:0,0;ADD:4,0;ADD:8,1;ADD:8,4;REMOVE:1,1;REMOVE:1,7;REMOVE:3,5;REMOVE:5,5",0:3|4;1:1|2|7;2:5|7;3:1|5;4:6;5:1|4|5;6:2;7:8|9;8:-;9:-,0:0|3|4;1:2;2:5|7;3:1;4:0|6;5:1|4;6:2;7:8|9;8:1|4;9:-,0@0=1;0@2=1;0@3=1;0@5=1;1@2=3;1@5=2;1@4=1;2@0=1;2@2=1;2@5=1;2@4=3;2@1=3;2@7=1;3@3=1;3@8=1;3@9=1;4@0=1;4@2=1;4@4=1;4@1=1;4@7=1;5@2=1;5@3=1;5@4=2;5@1=2;6@2=1;7@2=1;7@4=1;7@1=1;7@9=1;8@4=2;8@1=1,"0,2,3,5,4,1,7,8,9",42,32,32,0,1.0,-0.11200087937671777,0.25,0.037999120623282236,0.0,0.0,0.4,0.005764007568359375,Feasible
679,678,8,3,5,"ADD:3,2;ADD:7,0;ADD:8,0;REMOVE:0,0;REMOVE:0,3;REMOVE:2,5;REMOVE:5,4;REMOVE:8,1",0:0|3|4;1:2;2:5|7;3:1;4:0|6;5:1|4;6:2;7:8|9;8:1|4;9:-,0:4;1:2;2:7;3:1|2;4:0|6;5:1;6:2;7:0|8|9;8:0|4;9:-,0@4=2;0@8=1;1@4=1;1@3=1;1@9=3;2@4=1;2@0=2;2@7=1;3@2=1;4@4=2;4@0=3;4@1=1;5@7=1;5@1=1;6@8=1;7@0=1;7@6=1;8@4=1;8@8=1,"4,8,3,9,0,7,2,1,6",26,19,19,0,1.0,0.051163193078580915,0.3125,0.03866319307858097,0.0,0.0,0.30000000000000004,0.006360054016113281,Feasible
680,679,11,6,5,"ADD:0,1;ADD:1,6;ADD:4,3;ADD:5,3;ADD:6,1;ADD:8,9;REMOVE:1,2;REMOVE:2,7;REMOVE:3,1;REMOVE:7,0;REMOVE:7,9",0:4;1:2;2:7;3:1|2;4:0|6;5:1;6:2;7:0|8|9;8:0|4;9:-,0:1|4;1:6;2:-;3:2;4:0|3|6;5:1|3;6:1|2;7:8;8:0|4|9;9:-,0@1=1;0@2=1;0@4=1;1@4=2;1@7=1;1@9=1;3@0=1;3@5=1;4@2=1;4@4=1;4@9=1;4@0=1;4@3=1;5@9=2;6@1=1;6@5=1;7@4=1;8@9=1,"1,2,4,7,9,0,5,3",20,18,18,0,1.0,-0.21339297330389106,0.35714285714285715,0.029464169553251752,0.0,0.0,0.6,0.007035970687866211,Feasible
681,680,8,0,8,"REMOVE:0,4;REMOVE:1,6;REMOVE:4,0;REMOVE:4,3;REMOVE:4,6;REMOVE:5,1;REMOVE:6,1;REMOVE:8,4",0:1|4;1:6;2:-;3:2;4:0|3|6;5:1|3;6:1|2;7:8;8:0|4|9;9:-,0:1;1:-;2:-;3:2;4:-;5:3;6:2;7:8;8:0|9;9:-,0@3=1;0@7=1;3@4=1;5@2=2;6@2=1;7@1=1;8@1=2;8@0=1,"3,7,4,2,1,0",10,8,8,0,1.0,0.5548962510852499,0.5333333333333333,0.02156291775191656,0.0,0.0,0.0,0.007906913757324219,Feasible
682,681,12,10,2,"ADD:0,0;ADD:0,4;ADD:1,2;ADD:1,6;ADD:2,2;ADD:4,1;ADD:4,2;ADD:5,0;ADD:6,1;ADD:6,5;REMOVE:3,2;REMOVE:8,0",0:1;1:-;2:-;3:2;4:-;5:3;6:2;7:8;8:0|9;9:-,0:0|1|4;1:2|6;2:2;3:-;4:1|2;5:0|3;6:1|2|5;7:8;8:9;9:-,0@0=2;0@1=1;0@2=2;0@3=1;0@4=1;0@5=1;0@9=1;1@2=1;1@4=1;1@6=1;1@7=1;2@2=1;4@1=1;4@2=1;4@3=1;4@9=2;4@7=1;5@0=1;5@1=2;5@3=1;5@5=1;6@0=3;6@1=1;6@2=1;6@4=1;6@5=1;6@6=2;7@2=1;7@8=2;8@2=1;8@3=1,"0,1,2,3,4,5,9,6,7,8",39,31,31,0,1.0,-0.6731654018363951,0.2857142857142857,0.04112031244931911,0.0,0.0,0.9999999999999999,0.0038640499114990234,Feasible
683,682,10,6,4,"ADD:2,1;ADD:3,2;ADD:3,6;ADD:5,8;ADD:7,0;ADD:8,8;REMOVE:0,0;REMOVE:0,4;REMOVE:4,1;REMOVE:6,2",0:0|1|4;1:2|6;2:2;3:-;4:1|2;5:0|3;6:1|2|5;7:8;8:9;9:-,0:1;1:2|6;2:1|2;3:2|6;4:2;5:0|3|8;6:1|5;7:0|8;8:8|9;9:-,0@1=1;0@3=1;0@6=4;0@7=1;0@8=1;1@1=1;1@7=2;1@0=1;1@4=1;2@1=1;2@6=1;2@8=1;2@4=2;2@2=1;3@6=2;3@8=1;3@2=1;3@9=1;4@0=1;4@9=1;5@8=1;5@9=1;6@1=2;6@0=1;7@1=1;7@7=1;7@8=1;7@0=1;7@4=2;8@7=1;8@8=1;8@2=1,"1,3,6,7,8,0,4,2,9",40,32,32,0,1.0,-0.30378401554506973,0.26666666666666666,0.029549317788263574,0.0,0.0,0.6,0.005700111389160156,Feasible
684,683,9,5,4,"ADD:0,2;ADD:3,5;ADD:4,1;ADD:6,4;ADD:7,3;REMOVE:1,2;REMOVE:5,0;REMOVE:5,3;REMOVE:8,8",0:1;1:2|6;2:1|2;3:2|6;4:2;5:0|3|8;6:1|5;7:0|8;8:8|9;9:-,0:1|2;1:6;2:1|2;3:2|5|6;4:1|2;5:8;6:1|4|5;7:0|3|8;8:9;9:-,0@2=2;0@9=1;1@9=1;1@1=1;1@4=1;1@6=1;1@7=1;1@8=1;2@1=1;2@4=2;2@6=1;2@7=1;2@0=1;2@3=1;2@5=2;3@6=1;3@7=1;3@0=1;4@1=1;4@8=1;4@0=1;5@4=1;5@8=2;5@5=1;6@2=1;6@4=2;6@0=1;6@5=1;7@3=1;8@2=1;8@9=1;8@1=1;8@6=1;8@3=1,"2,9,1,4,6,7,8,0,3,5",39,34,34,0,1.0,-0.2293023414023604,0.23529411764705882,0.03540354095058082,0.0,0.0,0.5,0.0061800479888916016,Feasible
685,684,15,5,10,"ADD:1,0;ADD:1,3;ADD:4,3;ADD:4,5;ADD:5,9;REMOVE:0,1;REMOVE:2,1;REMOVE:3,5;REMOVE:3,6;REMOVE:4,1;REMOVE:4,2;REMOVE:6,1;REMOVE:6,4;REMOVE:6,5;REMOVE:7,0",0:1|2;1:6;2:1|2;3:2|5|6;4:1|2;5:8;6:1|4|5;7:0|3|8;8:9;9:-,0:2;1:0|3|6;2:2;3:2;4:3|5;5:8|9;6:-;7:3|8;8:9;9:-,0@2=1;1@0=1;1@3=1;2@3=1;2@5=1;3@2=1;3@5=1;3@4=1;4@2=1;4@1=2;5@4=2;5@8=1;5@9=1;7@3=1;7@1=1;7@9=1;7@6=1;8@1=2;8@7=1,"2,0,3,5,4,1,8,9,6,7",22,19,19,0,1.0,0.08788678416429474,0.5555555555555556,0.03233122860873917,0.0,0.0,0.5,0.012700796127319336,Feasible
686,685,8,5,3,"ADD:0,6;ADD:2,6;ADD:3,1;ADD:6,1;ADD:6,2;REMOVE:1,0;REMOVE:1,6;REMOVE:4,5",0:2;1:0|3|6;2:2;3:2;4:3|5;5:8|9;6:-;7:3|8;8:9;9:-,0:2|6;1:3;2:2|6;3:1|2;4:3;5:8|9;6:1|2;7:3|8;8:9;9:-,0@2=1;0@3=1;0@6=1;0@7=1;1@7=1;1@9=1;2@2=1;2@6=1;2@9=1;2@1=1;2@4=1;3@2=1;3@7=1;3@1=2;3@5=1;4@3=1;4@7=1;5@2=2;5@3=2;5@4=1;5@5=1;6@2=1;6@7=2;6@9=1;6@1=1;7@3=1;7@9=1;7@8=1;8@6=1;8@9=1,"2,3,6,7,9,1,4,5,8",34,30,30,0,1.0,-0.23222774967930981,0.23076923076923078,0.03700301955145938,0.0,0.0,0.5,0.00460505485534668,Feasible
687,686,9,3,6,"ADD:1,9;ADD:4,0;ADD:4,8;REMOVE:2,6;REMOVE:3,1;REMOVE:3,2;REMOVE:6,1;REMOVE:6,2;REMOVE:7,8",0:2|6;1:3;2:2|6;3:1|2;4:3;5:8|9;6:1|2;7:3|8;8:9;9:-,0:2|6;1:3|9;2:2;3:-;4:0|3|8;5:8|9;6:-;7:3;8:9;9:-,0@2=1;0@6=1;0@7=1;0@8=2;1@7=1;1@3=1;1@9=1;2@4=1;4@7=2;4@8=1;4@9=1;4@0=1;5@3=2;5@5=1;7@3=1;7@1=1;8@1=1,"2,6,7,8,3,9,4,0,5,1",20,17,17,0,1.0,0.1368255240288015,0.4,0.03682552402880153,0.0,0.0,0.30000000000000004,0.007519960403442383,Feasible
688,687,9,4,5,"ADD:3,1;ADD:5,0;ADD:6,1;ADD:7,4;REMOVE:1,3;REMOVE:2,2;REMOVE:4,0;REMOVE:4,3;REMOVE:8,9",0:2|6;1:3|9;2:2;3:-;4:0|3|8;5:8|9;6:-;7:3;8:9;9:-,0:2|6;1:9;2:-;3:1;4:8;5:0|8|9;6:1;7:3|4;8:-;9:-,0@1=1;0@5=1;0@9=1;1@1=1;1@9=1;1@2=1;3@1=1;4@2=1;4@4=1;4@8=1;5@9=1;5@0=1;5@3=1;6@1=1;7@1=1;7@5=1;7@4=1,"1,5,9,2,4,8,0,3",17,17,17,0,1.0,0.05760103526762744,0.4166666666666667,0.04093436860096077,0.0,0.0,0.4,0.00616908073425293,Feasible
689,688,10,6,4,"ADD:2,4;ADD:2,5;ADD:3,2;ADD:7,8;ADD:8,1;ADD:8,2;REMOVE:5,0;REMOVE:5,9;REMOVE:7,3;REMOVE:7,4",0:2|6;1:9;2:-;3:1;4:8;5:0|8|9;6:1;7:3|4;8:-;9:-,0:2|6;1:9;2:4|5;3:1|2;4:8;5:8;6:1;7:8;8:1|2;9:-,0@0=1;0@2=3;0@4=1;0@6=1;0@7=1;0@9=1;1@2=1;1@1=1;1@3=1;2@2=1;2@4=1;2@5=1;3@2=1;3@4=1;3@3=2;4@4=1;4@6=1;4@1=2;5@2=3;5@4=1;5@5=1;5@8=1;6@1=1;7@2=1;7@4=1;7@1=1;8@2=1;8@4=1;8@1=1,"0,2,4,6,7,9,1,3,5,8",35,29,29,0,1.0,-0.20568202156794158,0.36363636363636365,0.030681614795694735,0.0,0.0,0.6,0.007946968078613281,Feasible
690,689,8,4,4,"ADD:1,4;ADD:4,9;ADD:6,2;ADD:7,9;REMOVE:0,6;REMOVE:2,4;REMOVE:2,5;REMOVE:8,1",0:2|6;1:9;2:4|5;3:1|2;4:8;5:8;6:1;7:8;8:1|2;9:-,0:2;1:4|9;2:-;3:1|2;4:8|9;5:8;6:1|2;7:8|9;8:2;9:-,0@0=2;0@2=5;0@4=3;0@7=2;1@4=1;1@9=1;3@2=2;3@1=2;3@8=1;4@2=1;4@7=1;4@9=1;4@5=1;5@5=1;6@2=1;6@7=1;6@1=1;6@8=1;7@2=1;7@4=1;7@9=2;7@6=1;8@2=1;8@7=1;8@8=1,"0,2,4,7,9,1,8,5,6",36,25,25,0,1.0,-0.04813984942364802,0.3076923076923077,0.04416784288404431,0.0,0.0,0.4,0.00556492805480957,Feasible
691,690,8,2,6,"ADD:0,1;ADD:1,2;REMOVE:1,4;REMOVE:1,9;REMOVE:3,2;REMOVE:4,8;REMOVE:7,8;REMOVE:8,2",0:2;1:4|9;2:-;3:1|2;4:8|9;5:8;6:1|2;7:8|9;8:2;9:-,0:1|2;1:2;2:-;3:1;4:9;5:8;6:1|2;7:9;8:-;9:-,0@0=1;0@1=1;0@2=1;0@4=4;3@6=1;4@1=1;4@2=3;4@3=1;5@4=1;5@8=2;6@1=1;6@4=2;6@3=1;7@1=1,"0,1,2,4,6,3,8",21,14,14,0,1.0,0.28787847401476185,0.46153846153846156,0.026340012476300325,0.0,0.0,0.2,0.0067746639251708984,Feasible
692,691,7,2,5,"ADD:4,0;ADD:9,8;REMOVE:0,1;REMOVE:1,2;REMOVE:3,1;REMOVE:6,2;REMOVE:7,9",0:1|2;1:2;2:-;3:1;4:9;5:8;6:1|2;7:9;8:-;9:-,0:2;1:-;2:-;3:-;4:0|9;5:8;6:1;7:-;8:-;9:8,0@0=1;0@4=1;0@8=1;0@9=1;4@0=1;4@9=1;4@2=1;4@5=1;5@8=1;5@2=1;6@8=1,"0,4,8,9,2,5",11,11,11,0,1.0,0.3798131964857752,0.5555555555555556,0.024257640930219596,0.0,0.0,0.2,0.005588054656982422,Feasible
693,692,9,8,1,"ADD:1,1;ADD:1,4;ADD:3,1;ADD:4,4;ADD:6,2;ADD:7,8;ADD:8,2;ADD:8,6;REMOVE:9,8",0:2;1:-;2:-;3:-;4:0|9;5:8;6:1;7:-;8:-;9:8,0:2;1:1|4;2:-;3:1;4:0|4|9;5:8;6:1|2;7:8;8:2|6;9:-,0@2=2;0@5=2;0@8=1;1@1=1;1@4=1;3@1=1;4@2=1;4@5=1;4@4=1;4@6=1;4@7=1;5@2=1;6@2=1;6@1=1;6@0=1;7@8=1;7@7=1;8@6=1,"2,5,8,1,4,6,7,0",20,18,18,0,1.0,-0.5847186611978148,0.16666666666666666,0.04861467213551844,0.0,0.0,0.7999999999999999,0.003196239471435547,Feasible
694,693,6,2,4,"ADD:0,1;ADD:3,0;REMOVE:1,1;REMOVE:1,4;REMOVE:7,8;REMOVE:8,2",0:2;1:1|4;2:-;3:1;4:0|4|9;5:8;6:1|2;7:8;8:2|6;9:-,0:1|2;1:-;2:-;3:0|1;4:0|4|9;5:8;6:1|2;7:-;8:6;9:-,0@1=2;0@2=1;0@4=2;0@8=1;3@1=1;3@0=1;4@4=1;4@8=1;4@5=1;4@9=1;6@2=1;8@7=1,"1,2,4,8,0,5,9,7",14,12,12,0,1.0,0.16056335682695094,0.3076923076923077,0.05287104913464326,0.0,0.0,0.2,0.0049211978912353516,Feasible
695,694,7,3,4,"ADD:7,0;ADD:7,1;ADD:8,2;REMOVE:0,1;REMOVE:4,9;REMOVE:6,1;REMOVE:6,2",0:1|2;1:-;2:-;3:0|1;4:0|4|9;5:8;6:1|2;7:-;8:6;9:-,0:2;1:-;2:-;3:0|1;4:0|4;5:8;6:-;7:0|1;8:2|6;9:-,0@5=1;3@0=1;3@8=1;4@5=1;4@4=1;5@1=1;7@0=1;7@1=1;7@6=1;8@8=1;8@2=1;8@9=1,"5,0,8,4,1,6,2,9",12,12,12,0,1.0,0.10619414953094214,0.36363636363636365,0.04255778589457852,0.0,0.0,0.30000000000000004,0.004949092864990234,Feasible
696,695,11,9,2,"ADD:0,1;ADD:1,4;ADD:2,0;ADD:2,4;ADD:4,1;ADD:5,0;ADD:6,1;ADD:6,2;ADD:7,4;REMOVE:3,1;REMOVE:8,6",0:2;1:-;2:-;3:0|1;4:0|4;5:8;6:-;7:0|1;8:2|6;9:-,0:1|2;1:4;2:0|4;3:0;4:0|1|4;5:0|8;6:1|2;7:0|1|4;8:2;9:-,0@1=2;0@2=2;0@4=1;0@5=1;0@6=1;0@7=3;0@9=1;1@4=1;2@2=1;2@4=1;2@0=1;3@2=2;4@1=1;4@2=2;4@4=1;4@7=1;5@5=1;5@0=1;6@1=3;6@2=1;6@4=1;6@0=2;7@1=1;7@4=1;7@7=1;7@9=1;8@2=1;8@5=1,"1,2,4,5,6,7,9,0",37,28,28,0,1.0,-0.652880639042206,0.2,0.04711936095779398,0.0,0.0,0.8999999999999999,0.003671884536743164,Feasible
697,696,4,3,1,"ADD:1,1;ADD:2,1;ADD:3,6;REMOVE:7,4",0:1|2;1:4;2:0|4;3:0;4:0|1|4;5:0|8;6:1|2;7:0|1|4;8:2;9:-,0:1|2;1:1|4;2:0|1|4;3:0|6;4:0|1|4;5:0|8;6:1|2;7:0|1;8:2;9:-,0@1=1;0@2=1;0@4=2;0@9=1;1@1=1;1@2=2;1@4=3;2@1=2;2@4=3;2@0=1;2@6=2;2@7=1;2@8=1;3@6=1;4@1=1;4@2=1;4@4=2;4@0=1;5@1=2;5@2=1;5@4=1;5@0=1;6@1=1;6@4=2;6@0=1;6@7=1;6@3=2;7@2=1;7@0=1;7@8=2;7@3=2;7@5=1;8@7=1,"1,2,4,9,0,6,7,8,3,5",47,33,33,0,1.0,-0.19862314989448818,0.058823529411764705,0.04255332069374717,0.0,0.0,0.30000000000000004,0.0026547908782958984,Feasible
698,697,2,2,0,"ADD:1,5;ADD:5,3",0:1|2;1:1|4;2:0|1|4;3:0|6;4:0|1|4;5:0|8;6:1|2;7:0|1;8:2;9:-,0:1|2;1:1|4|5;2:0|1|4;3:0|6;4:0|1|4;5:0|3|8;6:1|2;7:0|1;8:2;9:-,0@2=1;0@4=1;0@5=1;0@6=1;1@4=2;1@5=1;1@3=1;1@7=1;2@4=1;2@7=1;3@8=1;4@2=1;4@5=2;4@6=2;4@3=1;4@7=1;4@1=3;4@9=1;5@2=1;5@5=1;5@3=1;5@7=1;5@9=1;6@2=1;6@4=1;6@8=1;6@1=1;7@8=1;8@3=1;8@0=1,"2,4,5,6,3,7,8,1,9,0",35,30,30,0,1.0,-0.16901050691760142,0.0,0.030989493082398605,0.0,0.0,0.2,0.0012438297271728516,Feasible
699,698,7,2,5,"ADD:4,8;ADD:7,4;REMOVE:0,2;REMOVE:1,4;REMOVE:2,0;REMOVE:4,4;REMOVE:6,1",0:1|2;1:1|4|5;2:0|1|4;3:0|6;4:0|1|4;5:0|3|8;6:1|2;7:0|1;8:2;9:-,0:1;1:1|5;2:1|4;3:0|6;4:0|1|8;5:0|3|8;6:2;7:0|1|4;8:2;9:-,0@3=1;0@6=1;1@6=1;1@0=1;1@2=1;1@5=1;1@7=1;2@2=1;2@1=2;2@4=1;3@6=1;3@2=2;3@7=1;4@2=2;4@5=1;4@7=1;4@1=1;5@0=1;5@8=1;5@9=2;6@2=2;6@5=1;7@4=1;8@2=1;8@8=1;8@9=1,"3,6,0,2,5,7,1,4,8,9",31,26,26,0,1.0,0.07742774200474412,0.23809523809523808,0.039332503909506024,0.0,0.0,0.2,0.006983041763305664,Feasible
700,699,12,4,8,"ADD:0,0;ADD:2,5;ADD:4,2;ADD:6,6;REMOVE:1,1;REMOVE:1,5;REMOVE:3,0;REMOVE:4,0;REMOVE:5,0;REMOVE:5,3;REMOVE:7,0;REMOVE:7,4",0:1;1:1|5;2:1|4;3:0|6;4:0|1|8;5:0|3|8;6:2;7:0|1|4;8:2;9:-,0:0|1;1:-;2:1|4|5;3:6;4:1|2|8;5:8;6:2|6;7:1;8:2;9:-,0@0=1;0@1=1;0@3=3;0@6=1;0@8=1;0@9=1;2@1=3;2@2=1;2@4=2;2@5=1;2@7=2;3@1=1;4@3=1;4@9=4;4@2=1;4@5=1;5@1=1;5@2=2;6@6=1;6@2=1;6@4=1;7@1=2;8@3=1;8@2=1,"0,1,3,6,8,9,2,4,5,7",35,24,24,0,1.0,0.08271896670300899,0.4444444444444444,0.038274522258564606,0.0,0.0,0.4,0.010018110275268555,Feasible
701,700,7,1,6,"ADD:1,7;REMOVE:0,1;REMOVE:2,1;REMOVE:4,1;REMOVE:4,2;REMOVE:6,6;REMOVE:7,1",0:0|1;1:-;2:1|4|5;3:6;4:1|2|8;5:8;6:2|6;7:1;8:2;9:-,0:0;1:7;2:4|5;3:6;4:8;5:8;6:2;7:-;8:2;9:-,0@0=1;0@2=2;0@7=1;1@7=1;1@6=1;2@0=2;2@2=1;2@4=1;3@6=1;3@8=1;3@9=1;4@4=1;5@2=1;5@4=1;6@2=1;8@4=1;8@3=1,"0,2,7,6,4,8,9,3",19,17,17,0,1.0,0.3550205326590653,0.42857142857142855,0.02644910408763676,0.0,0.0,0.1,0.008989095687866211,Feasible
702,701,9,4,5,"ADD:0,9;ADD:1,5;ADD:4,9;ADD:8,4;REMOVE:2,4;REMOVE:2,5;REMOVE:3,6;REMOVE:5,8;REMOVE:8,2",0:0;1:7;2:4|5;3:6;4:8;5:8;6:2;7:-;8:2;9:-,0:0|9;1:5|7;2:-;3:-;4:8|9;5:-;6:2;7:-;8:4;9:-,0@9=1;1@5=1;4@9=1;4@4=2;6@9=1;6@3=1,"9,5,4,3",7,6,6,0,1.0,0.2015511933696138,0.5555555555555556,0.04599563781405822,0.0,0.0,0.4,0.00516510009765625,Feasible
703,702,10,8,2,"ADD:0,4;ADD:2,1;ADD:3,0;ADD:3,6;ADD:5,2;ADD:7,5;ADD:7,6;ADD:8,0;REMOVE:1,5;REMOVE:4,9",0:0|9;1:5|7;2:-;3:-;4:8|9;5:-;6:2;7:-;8:4;9:-,0:0|4|9;1:7;2:1;3:0|6;4:8;5:2;6:2;7:5|6;8:0|4;9:-,0@1=1;0@2=1;0@3=1;0@4=1;0@6=1;0@8=1;1@2=1;1@3=1;1@7=1;2@1=1;2@8=1;2@7=1;2@9=1;3@6=1;3@0=1;4@4=2;4@5=1;5@2=2;6@3=1;6@0=1;7@6=1;7@5=3;8@0=1,"1,2,3,4,6,8,7,9,0,5",27,23,23,0,1.0,-0.5068768967219032,0.25,0.04312310327809675,0.0,0.0,0.7999999999999999,0.005644083023071289,Feasible
704,703,9,7,2,"ADD:2,0;ADD:2,4;ADD:4,0;ADD:4,9;ADD:5,1;ADD:6,7;ADD:8,9;REMOVE:6,2;REMOVE:7,5",0:0|4|9;1:7;2:1;3:0|6;4:8;5:2;6:2;7:5|6;8:0|4;9:-,0:0|4|9;1:7;2:0|1|4;3:0|6;4:0|8|9;5:1|2;6:7;7:6;8:0|4|9;9:-,0@0=1;0@1=1;0@2=2;0@3=1;0@6=1;0@8=1;1@2=1;1@3=1;1@4=2;2@0=1;2@2=1;2@4=3;3@1=1;3@2=1;3@9=1;4@0=1;4@1=1;4@6=1;4@4=1;4@9=2;5@1=1;5@2=1;5@4=2;5@9=1;6@0=1;6@1=1;6@2=2;6@3=1;6@6=1;6@4=1;6@9=1;6@7=2;7@9=1;8@0=1;8@6=1;8@9=1;8@7=1,"0,1,2,3,6,8,4,9,7",45,37,37,0,1.0,-0.5233350755894126,0.14285714285714285,0.03380778155344451,0.0,0.0,0.7,0.004880189895629883,Feasible
705,704,13,4,9,"ADD:1,5;ADD:6,5;ADD:7,0;ADD:7,3;REMOVE:0,0;REMOVE:3,0;REMOVE:3,6;REMOVE:4,0;REMOVE:4,8;REMOVE:5,1;REMOVE:5,2;REMOVE:8,0;REMOVE:8,9",0:0|4|9;1:7;2:0|1|4;3:0|6;4:0|8|9;5:1|2;6:7;7:6;8:0|4|9;9:-,0:4|9;1:5|7;2:0|1|4;3:-;4:9;5:-;6:5|7;7:0|3|6;8:4;9:-,0@2=1;0@3=1;0@4=2;0@6=1;1@2=1;1@5=1;1@7=1;2@2=1;2@3=1;2@4=1;2@5=1;2@7=1;2@8=1;4@2=2;4@3=1;4@6=2;6@5=1;6@9=1;7@3=1;7@4=2;7@0=1;8@2=1,"2,3,4,6,5,7,8,9,0",26,22,22,0,1.0,0.10451507203699373,0.47368421052631576,0.03083086151067801,0.0,0.0,0.4,0.010651826858520508,Feasible
706,705,10,4,6,"ADD:4,8;ADD:5,1;ADD:8,1;ADD:8,2;REMOVE:1,5;REMOVE:2,0;REMOVE:2,1;REMOVE:6,5;REMOVE:7,0;REMOVE:7,6",0:4|9;1:5|7;2:0|1|4;3:-;4:9;5:-;6:5|7;7:0|3|6;8:4;9:-,0:4|9;1:7;2:4;3:-;4:8|9;5:1;6:7;7:3;8:1|2|4;9:-,0@1=1;0@8=1;0@9=1;1@0=1;1@2=1;1@6=1;2@2=1;4@1=2;4@8=2;4@2=1;4@4=2;4@7=1;5@1=1;5@7=1;5@3=1;6@0=1;6@6=1;6@4=1;7@1=1;8@1=1;8@2=1;8@6=1;8@3=1;8@5=1,"1,8,9,0,2,6,4,7,3,5",27,24,24,0,1.0,0.051230475135332076,0.42857142857142855,0.022659046563903527,0.0,0.0,0.4,0.00781393051147461,Feasible
707,706,6,3,3,"ADD:2,1;ADD:5,4;ADD:7,4;REMOVE:4,9;REMOVE:8,1;REMOVE:8,4",0:4|9;1:7;2:4;3:-;4:8|9;5:1;6:7;7:3;8:1|2|4;9:-,0:4|9;1:7;2:1|4;3:-;4:8;5:1|4;6:7;7:3|4;8:2;9:-,0@1=1;0@4=2;1@4=1;2@1=1;2@4=2;2@2=1;2@7=1;4@4=1;4@2=2;4@8=1;5@4=1;5@2=1;6@1=1;6@4=1;6@2=1;7@4=1;7@7=1;8@5=1;8@9=1,"1,4,2,7,8,5,9",22,19,19,0,1.0,-0.014983483148129417,0.25,0.03501651685187061,0.0,0.0,0.30000000000000004,0.00403904914855957,Feasible
708,707,5,3,2,"ADD:0,0;ADD:3,2;ADD:5,0;REMOVE:2,4;REMOVE:8,2",0:4|9;1:7;2:1|4;3:-;4:8;5:1|4;6:7;7:3|4;8:2;9:-,0:0|4|9;1:7;2:1;3:2;4:8;5:0|1|4;6:7;7:3|4;8:-;9:-,0@0=1;0@4=2;1@6=1;1@7=1;2@8=1;3@2=1;4@4=1;4@8=1;4@5=1;5@0=1;5@6=1;5@1=1;6@4=1;6@6=1;6@7=1;6@8=1;7@4=2;7@8=1;7@3=1,"0,4,6,7,8,2,5,1,3",21,19,19,0,1.0,-0.07420634164958945,0.16666666666666666,0.05912699168374394,0.0,0.0,0.30000000000000004,0.0032591819763183594,Feasible
709,708,7,1,6,"ADD:8,8;REMOVE:0,4;REMOVE:1,7;REMOVE:2,1;REMOVE:5,0;REMOVE:5,4;REMOVE:7,4",0:0|4|9;1:7;2:1;3:2;4:8;5:0|1|4;6:7;7:3|4;8:-;9:-,0:0|9;1:-;2:-;3:2;4:8;5:1;6:7;7:3;8:8;9:-,0@5=1;0@6=1;0@9=1;3@2=2;4@2=1;4@4=4;4@7=1;4@8=1;5@1=1;6@2=1;6@7=1;6@8=1;6@1=1;7@5=1,"5,6,9,2,4,7,8,1",18,14,14,0,1.0,0.3917863088068968,0.46153846153846156,0.03024784726843524,0.0,0.0,0.1,0.0069730281829833984,Feasible
710,709,11,10,1,"ADD:0,4;ADD:1,4;ADD:1,9;ADD:4,0;ADD:4,4;ADD:4,9;ADD:5,4;ADD:6,5;ADD:7,4;ADD:8,0;REMOVE:3,2",0:0|9;1:-;2:-;3:2;4:8;5:1;6:7;7:3;8:8;9:-,0:0|4|9;1:4|9;2:-;3:-;4:0|4|8|9;5:1|4;6:5|7;7:3|4;8:0|8;9:-,0@4=1;0@6=1;0@8=1;1@4=1;1@8=1;1@2=1;1@7=1;1@9=1;4@4=1;4@6=1;4@8=1;4@2=1;4@7=1;4@9=1;4@0=1;4@1=1;4@3=1;4@5=1;5@4=2;5@8=1;6@2=1;6@9=1;6@5=1;7@4=1;7@2=1;7@1=1;7@5=1;8@4=2;8@2=1;8@0=1;8@5=1,"4,6,8,2,7,9,0,1,3,5",33,31,31,0,1.0,-0.8357640534589742,0.125,0.039235946541025704,0.0,0.0,0.9999999999999999,0.0028150081634521484,Feasible
711,710,9,4,5,"ADD:2,1;ADD:3,2;ADD:7,5;ADD:8,9;REMOVE:0,4;REMOVE:1,4;REMOVE:4,0;REMOVE:4,8;REMOVE:5,1",0:0|4|9;1:4|9;2:-;3:-;4:0|4|8|9;5:1|4;6:5|7;7:3|4;8:0|8;9:-,0:0|9;1:9;2:1;3:2;4:4|9;5:4;6:5|7;7:3|4|5;8:0|8|9;9:-,0@0=1;0@1=1;0@9=1;1@2=1;1@6=1;2@1=1;3@2=1;3@4=1;3@7=1;4@1=2;4@2=1;4@6=1;4@4=1;4@7=1;5@2=4;5@4=1;6@0=1;6@4=1;6@5=1;7@0=1;7@6=1;7@3=1;8@9=1;8@4=1,"0,1,9,2,6,4,7,5,3",28,24,24,0,1.0,-0.07377330083302253,0.29411764705882354,0.03210905210815397,0.0,0.0,0.4,0.006624698638916016,Feasible
712,711,9,3,6,"ADD:3,6;ADD:4,0;ADD:5,3;REMOVE:0,0;REMOVE:1,9;REMOVE:2,1;REMOVE:6,5;REMOVE:7,5;REMOVE:8,8",0:0|9;1:9;2:1;3:2;4:4|9;5:4;6:5|7;7:3|4|5;8:0|8|9;9:-,0:9;1:-;2:-;3:2|6;4:0|4|9;5:3|4;6:7;7:3|4;8:0|9;9:-,0@1=2;0@7=2;0@9=1;3@3=1;3@6=1;4@7=1;4@3=2;4@0=1;4@2=2;4@8=1;5@3=1;5@4=1;6@1=1;6@3=1;6@6=1;6@2=1;7@1=1;7@6=1;8@3=1;8@2=1;8@5=1,"1,7,9,3,6,0,2,8,4,5",25,21,21,0,1.0,0.09274355825549851,0.375,0.017743558255498573,0.0,0.0,0.30000000000000004,0.007735252380371094,Feasible
713,712,9,3,6,"ADD:0,0;ADD:5,0;ADD:7,9;REMOVE:3,2;REMOVE:3,6;REMOVE:4,0;REMOVE:7,4;REMOVE:8,0;REMOVE:8,9",0:9;1:-;2:-;3:2|6;4:0|4|9;5:3|4;6:7;7:3|4;8:0|9;9:-,0:0|9;1:-;2:-;3:-;4:4|9;5:0|3|4;6:7;7:3|9;8:-;9:-,0@0=1;0@5=1;0@7=1;4@7=1;4@1=1;4@8=1;5@0=1;5@2=1;5@4=1;6@2=1;6@4=1;6@3=1;7@3=1,"0,5,7,1,8,2,4,3",13,13,13,0,1.0,0.19477861856708478,0.46153846153846156,0.03324015702862328,0.0,0.0,0.30000000000000004,0.006760120391845703,Feasible
714,713,9,3,6,"ADD:2,2;ADD:3,8;ADD:8,4;REMOVE:0,0;REMOVE:0,9;REMOVE:4,4;REMOVE:5,0;REMOVE:5,3;REMOVE:7,9",0:0|9;1:-;2:-;3:-;4:4|9;5:0|3|4;6:7;7:3|9;8:-;9:-,0:-;1:-;2:2;3:8;4:9;5:4;6:7;7:3;8:4;9:-,2@2=4;2@8=1;3@8=1;4@3=1;5@4=1;6@2=1;6@4=1;7@2=2;7@9=2;8@4=1,"2,8,3,4,9",15,10,10,0,1.0,0.35043486801678536,0.6,0.050434868016785386,0.0,0.0,0.30000000000000004,0.00634002685546875,Feasible
715,714,9,8,1,"ADD:0,4;ADD:0,9;ADD:2,7;ADD:3,9;ADD:4,4;ADD:5,3;ADD:6,5;ADD:7,4;REMOVE:8,4",0:-;1:-;2:2;3:8;4:9;5:4;6:7;7:3;8:4;9:-,0:4|9;1:-;2:2|7;3:8|9;4:4|9;5:3|4;6:5|7;7:3|4;8:-;9:-,0@4=2;0@9=1;2@1=1;2@2=1;3@9=1;4@4=1;4@1=1;5@2=1;5@3=1;6@5=1;7@4=1,"4,9,1,2,3,5",12,11,11,0,1.0,-0.584282076747582,0.14285714285714285,0.07286078039527501,0.0,0.0,0.7999999999999999,0.002167224884033203,Feasible
716,715,8,2,6,"ADD:1,8;ADD:7,0;REMOVE:0,4;REMOVE:2,2;REMOVE:3,9;REMOVE:4,9;REMOVE:5,4;REMOVE:6,5",0:4|9;1:-;2:2|7;3:8|9;4:4|9;5:3|4;6:5|7;7:3|4;8:-;9:-,0:9;1:8;2:7;3:8;4:4;5:3;6:7;7:0|3|4;8:-;9:-,0@6=1;2@1=1;2@8=1;3@1=1;3@4=1;4@4=1;4@2=1;5@9=1;6@4=1;6@0=1;7@2=1;7@0=1,"6,1,8,4,2,9,0",12,12,12,0,1.0,0.24799005575929833,0.42857142857142855,0.019418627187869797,0.0,0.0,0.2,0.00660395622253418,Feasible
717,716,7,5,2,"ADD:0,8;ADD:4,5;ADD:4,9;ADD:5,6;ADD:8,2;REMOVE:1,8;REMOVE:2,7",0:9;1:8;2:7;3:8;4:4;5:3;6:7;7:0|3|4;8:-;9:-,0:8|9;1:-;2:-;3:8;4:4|5|9;5:3|6;6:7;7:0|3|4;8:2;9:-,0@4=1;0@5=1;3@4=1;3@1=1;3@6=1;4@5=1;4@2=1;4@3=1;4@9=1;5@6=1;5@9=1;6@2=1;6@8=1;7@4=1;8@2=1,"4,5,1,6,2,3,9,8",15,15,15,0,1.0,-0.2676910499148351,0.2,0.03230895008516487,0.0,0.0,0.5,0.003242969512939453,Feasible
718,717,3,3,0,"ADD:0,0;ADD:3,3;ADD:8,1",0:8|9;1:-;2:-;3:8;4:4|5|9;5:3|6;6:7;7:0|3|4;8:2;9:-,0:0|8|9;1:-;2:-;3:3|8;4:4|5|9;5:3|6;6:7;7:0|3|4;8:1|2;9:-,0@0=1;0@1=1;0@2=3;0@5=3;0@7=1;0@9=1;3@2=2;3@7=1;3@3=1;4@0=1;4@2=1;4@5=1;4@3=1;5@1=1;5@9=1;5@4=1;5@6=1;6@1=1;6@2=2;6@9=1;6@6=1;6@8=1;7@2=1;7@4=1;8@1=1;8@4=1,"0,1,2,5,7,9,3,4,6,8",32,26,26,0,1.0,-0.27765571447292003,0.0,0.022344285527080007,0.0,0.0,0.30000000000000004,0.0013718605041503906,Feasible
719,718,11,2,9,"ADD:0,1;ADD:1,4;REMOVE:3,3;REMOVE:4,4;REMOVE:4,5;REMOVE:5,3;REMOVE:7,0;REMOVE:7,3;REMOVE:7,4;REMOVE:8,1;REMOVE:8,2",0:0|8|9;1:-;2:-;3:3|8;4:4|5|9;5:3|6;6:7;7:0|3|4;8:1|2;9:-,0:0|1|8|9;1:4;2:-;3:8;4:9;5:6;6:7;7:-;8:-;9:-,0@0=1;0@2=1;0@4=1;0@7=1;0@9=1;1@4=1;3@2=1;3@1=1;3@6=1;3@8=1;4@2=2;4@9=1;4@3=1;5@1=1;5@6=2;6@2=1;6@4=1;6@1=1;6@8=1,"0,2,4,7,9,1,6,8,3",21,19,19,0,1.0,0.3935947830618746,0.5625,0.031094783061874604,0.0,0.0,0.2,0.010532855987548828,Feasible
720,719,9,3,6,"ADD:2,3;ADD:4,4;ADD:7,2;REMOVE:0,0;REMOVE:0,1;REMOVE:0,8;REMOVE:0,9;REMOVE:5,6;REMOVE:6,7",0:0|1|8|9;1:4;2:-;3:8;4:9;5:6;6:7;7:-;8:-;9:-,0:-;1:4;2:3;3:8;4:4|9;5:-;6:-;7:2;8:-;9:-,1@4=1;3@6=1;4@4=2;4@1=2;4@9=1;7@2=1;7@8=1,"4,6,1,9,2,8",9,7,7,0,1.0,0.41866279014967256,0.6666666666666666,0.051996123483005995,0.0,0.0,0.30000000000000004,0.006331920623779297,Feasible
721,720,12,9,3,"ADD:0,1;ADD:0,2;ADD:1,1;ADD:4,0;ADD:5,0;ADD:5,3;ADD:6,2;ADD:6,6;ADD:8,4;REMOVE:1,4;REMOVE:2,3;REMOVE:3,8",0:-;1:4;2:3;3:8;4:4|9;5:-;6:-;7:2;8:-;9:-,0:1|2;1:1;2:-;3:-;4:0|4|9;5:0|3;6:2|6;7:2;8:4;9:-,0@1=1;0@2=1;0@4=1;0@6=1;0@7=1;4@1=1;4@0=1;4@5=1;4@8=1;5@0=1;5@3=2;5@9=1;6@2=1;6@4=1;6@6=1;7@5=1;7@8=1;8@4=1;8@8=1,"1,2,4,6,7,0,5,8,3,9",20,19,19,0,1.0,-0.3508697082933705,0.5,0.04913029170662945,0.0,0.0,0.8999999999999999,0.0045969486236572266,Feasible
722,721,8,4,4,"ADD:3,2;ADD:5,6;ADD:7,8;ADD:8,3;REMOVE:1,1;REMOVE:4,0;REMOVE:4,9;REMOVE:7,2",0:1|2;1:1;2:-;3:-;4:0|4|9;5:0|3;6:2|6;7:2;8:4;9:-,0:1|2;1:-;2:-;3:2;4:4;5:0|3|6;6:2|6;7:8;8:3|4;9:-,0@1=1;0@2=1;3@2=1;3@0=1;3@4=1;3@5=1;4@4=2;5@1=1;5@0=2;5@6=1;6@1=1;6@2=1;6@4=1;8@3=1;8@8=1,"1,2,0,4,5,6,3,8",17,15,15,0,1.0,-0.006847884885831823,0.3333333333333333,0.05981878178083487,0.0,0.0,0.4,0.005197048187255859,Feasible
723,722,9,3,6,"ADD:2,1;ADD:3,1;ADD:4,1;REMOVE:0,1;REMOVE:0,2;REMOVE:5,0;REMOVE:5,3;REMOVE:6,6;REMOVE:8,4",0:1|2;1:-;2:-;3:2;4:4;5:0|3|6;6:2|6;7:8;8:3|4;9:-,0:-;1:-;2:1;3:1|2;4:1|4;5:6;6:2;7:8;8:3;9:-,3@1=1;4@1=1;4@2=2;4@4=2;4@6=1;5@6=1;6@8=1;7@1=2;7@2=1;7@5=1;8@5=1,"1,2,4,6,8,5",14,11,11,0,1.0,0.23668647579663116,0.5,0.03668647579663117,0.0,0.0,0.30000000000000004,0.0064351558685302734,Feasible
724,723,10,7,3,"ADD:0,1;ADD:0,2;ADD:1,2;ADD:4,5;ADD:5,2;ADD:7,0;ADD:8,4;REMOVE:2,1;REMOVE:3,1;REMOVE:3,2",0:-;1:-;2:1;3:1|2;4:1|4;5:6;6:2;7:8;8:3;9:-,0:1|2;1:2;2:-;3:-;4:1|4|5;5:2|6;6:2;7:0|8;8:3|4;9:-,0@1=2;0@2=1;0@4=1;1@2=1;1@4=2;1@3=1;4@1=1;4@2=1;4@5=1;4@6=2;4@8=1;4@9=1;5@2=1;5@4=1;5@8=1;5@9=1;5@0=1;5@7=1;6@2=2;6@3=1;7@2=1;7@0=1;7@7=1;8@1=1;8@4=1,"1,2,4,3,5,6,8,9,0,7",29,25,25,0,1.0,-0.3276679907801094,0.3333333333333333,0.03899867588655727,0.0,0.0,0.7,0.004720211029052734,Feasible
725,724,7,5,2,"ADD:3,5;ADD:3,6;ADD:4,8;ADD:6,1;ADD:8,0;REMOVE:0,1;REMOVE:5,6",0:1|2;1:2;2:-;3:-;4:1|4|5;5:2|6;6:2;7:0|8;8:3|4;9:-,0:2;1:2;2:-;3:5|6;4:1|4|5|8;5:2;6:1|2;7:0|8;8:0|3|4;9:-,0@5=1;1@3=1;1@8=2;3@5=1;3@3=1;3@2=4;3@6=1;3@9=1;4@5=1;4@8=2;4@9=1;4@1=2;4@4=1;4@7=1;5@8=1;5@2=1;5@7=1;6@2=3;6@9=2;6@1=1;6@4=1;7@4=1;7@7=1;7@0=2;8@5=1;8@6=1;8@0=1,"5,3,8,2,6,9,1,4,7,0",37,27,27,0,1.0,-0.30152632194638884,0.15384615384615385,0.044627524207457275,0.0,0.0,0.5,0.005920886993408203,Feasible
726,725,13,2,11,"ADD:1,1;ADD:5,1;REMOVE:3,5;REMOVE:3,6;REMOVE:4,1;REMOVE:4,4;REMOVE:4,5;REMOVE:4,8;REMOVE:6,1;REMOVE:6,2;REMOVE:7,0;REMOVE:8,0;REMOVE:8,3",0:2;1:2;2:-;3:5|6;4:1|4|5|8;5:2;6:1|2;7:0|8;8:0|3|4;9:-,0:2;1:1|2;2:-;3:-;4:-;5:1|2;6:-;7:8;8:4;9:-,0@3=1;1@1=1;5@1=1;5@9=1;7@6=1;8@6=1,"3,1,9,6",6,6,6,0,1.0,0.5247565415232092,0.6875,0.03725654152320922,0.0,0.0,0.2,0.010009050369262695,Feasible
727,726,8,7,1,"ADD:3,0;ADD:3,9;ADD:4,0;ADD:4,3;ADD:4,6;ADD:6,4;ADD:8,3;REMOVE:1,2",0:2;1:1|2;2:-;3:-;4:-;5:1|2;6:-;7:8;8:4;9:-,0:2;1:1;2:-;3:0|9;4:0|3|6;5:1|2;6:4;7:8;8:3|4;9:-,0@3=1;0@5=2;0@9=1;1@6=2;1@8=1;3@9=1;3@0=1;4@3=1;4@5=2;4@6=2;4@0=1;5@3=1;5@6=1;5@0=1;6@4=1;6@7=1;7@5=1;7@8=1;7@7=1;7@2=1;8@3=1;8@4=1,"3,5,9,6,8,0,4,7,2",26,22,22,0,1.0,-0.5218206439827133,0.14285714285714285,0.03532221316014376,0.0,0.0,0.7,0.002444744110107422,Feasible
728,727,7,5,2,"ADD:1,0;ADD:1,4;ADD:3,4;ADD:6,1;ADD:7,9;REMOVE:0,2;REMOVE:8,3",0:2;1:1;2:-;3:0|9;4:0|3|6;5:1|2;6:4;7:8;8:3|4;9:-,0:-;1:0|1|4;2:-;3:0|4|9;4:0|3|6;5:1|2;6:1|4;7:8|9;8:4;9:-,1@0=1;1@1=1;1@4=1;1@5=1;3@1=1;3@4=2;3@3=1;3@7=1;3@8=1;4@0=2;4@1=3;4@4=2;4@3=1;4@7=1;4@8=2;4@2=2;4@9=1;5@4=1;5@2=1;5@9=1;5@6=1;6@1=2;6@4=3;6@7=3;6@8=1;6@2=1;7@8=1;7@2=1;7@9=1;8@6=1,"0,1,4,5,3,7,8,2,9,6",42,30,30,0,1.0,-0.30776558582121816,0.15384615384615385,0.03838826033262797,0.0,0.0,0.5,0.0036590099334716797,Feasible
729,728,7,1,6,"ADD:8,5;REMOVE:1,0;REMOVE:1,4;REMOVE:3,0;REMOVE:3,9;REMOVE:4,3;REMOVE:7,9",0:-;1:0|1|4;2:-;3:0|4|9;4:0|3|6;5:1|2;6:1|4;7:8|9;8:4;9:-,0:-;1:1;2:-;3:4;4:0|6;5:1|2;6:1|4;7:8;8:4|5;9:-,1@1=1;1@7=1;3@4=1;4@1=2;4@0=1;4@2=1;4@6=3;4@8=2;5@2=1;5@6=1;5@3=1;5@5=1;5@9=1;6@1=1;6@2=1;6@6=1;6@9=1;7@4=2;7@6=1;8@6=1;8@5=1,"1,7,4,0,2,6,8,3,5,9",26,21,21,0,1.0,0.3119470646397725,0.375,0.03694706463977249,0.0,0.0,0.1,0.00768280029296875,Feasible
730,729,4,3,1,"ADD:1,0;ADD:3,0;ADD:6,0;REMOVE:8,5",0:-;1:1;2:-;3:4;4:0|6;5:1|2;6:1|4;7:8;8:4|5;9:-,0:-;1:0|1;2:-;3:0|4;4:0|6;5:1|2;6:0|1|4;7:8;8:4;9:-,1@0=1;1@2=2;1@6=1;3@0=1;4@0=1;4@2=1;4@1=1;4@4=2;4@7=1;4@8=1;4@9=1;5@0=1;5@2=2;5@1=1;5@4=1;5@7=1;5@8=1;5@9=1;5@3=1;6@0=1;6@4=1;6@9=1;6@5=1;7@2=1;7@1=1;7@4=2;8@2=1,"0,2,6,1,4,7,8,9,3,5",31,27,27,0,1.0,-0.18232692606986933,0.09090909090909091,0.026763983021039814,0.0,0.0,0.30000000000000004,0.004663944244384766,Feasible
731,730,9,7,2,"ADD:0,1;ADD:0,4;ADD:2,5;ADD:4,3;ADD:7,0;ADD:7,3;ADD:8,1;REMOVE:5,1;REMOVE:6,4",0:-;1:0|1;2:-;3:0|4;4:0|6;5:1|2;6:0|1|4;7:8;8:4;9:-,0:1|4;1:0|1;2:5;3:0|4;4:0|3|6;5:2;6:0|1;7:0|3|8;8:1|4;9:-,0@1=2;0@4=1;1@1=1;1@2=2;1@6=1;3@4=1;3@5=1;3@7=1;4@1=1;4@4=3;4@2=2;4@5=1;4@7=2;4@0=1;4@3=1;4@8=1;5@7=2;5@0=1;5@8=1;5@9=1;6@1=1;6@2=1;6@0=2;7@0=1;7@3=2;7@8=2;8@1=1;8@4=2;8@2=1;8@9=1,"1,4,2,6,5,7,0,3,8,9",41,30,30,0,1.0,-0.5037104747880576,0.15384615384615385,0.042443371365788414,0.0,0.0,0.7,0.0037598609924316406,Feasible
732,731,7,5,2,"ADD:0,0;ADD:1,4;ADD:3,1;ADD:6,4;ADD:8,9;REMOVE:7,3;REMOVE:8,1",0:1|4;1:0|1;2:5;3:0|4;4:0|3|6;5:2;6:0|1;7:0|3|8;8:1|4;9:-,0:0|1|4;1:0|1|4;2:5;3:0|1|4;4:0|3|6;5:2;6:0|1|4;7:0|8;8:4|9;9:-,0@0=1;0@1=1;0@4=1;0@7=2;0@9=1;1@4=1;1@7=1;1@9=1;1@3=1;1@6=2;1@8=1;3@0=1;3@1=1;3@7=1;4@0=1;4@1=3;4@4=1;4@7=1;4@9=1;4@6=2;4@2=5;4@5=2;5@7=1;5@3=1;5@5=1;6@4=1;6@5=4;7@1=1;8@4=2;8@7=1;8@6=1,"0,1,4,7,9,3,6,8,2,5",45,31,31,0,1.0,-0.3625757995622244,0.1111111111111111,0.026313089326664502,0.0,0.0,0.5,0.0038399696350097656,Feasible
733,732,11,3,8,"ADD:5,1;ADD:7,9;ADD:8,0;REMOVE:0,4;REMOVE:1,0;REMOVE:2,5;REMOVE:3,1;REMOVE:3,4;REMOVE:4,3;REMOVE:6,0;REMOVE:6,4",0:0|1|4;1:0|1|4;2:5;3:0|1|4;4:0|3|6;5:2;6:0|1|4;7:0|8;8:4|9;9:-,0:0|1;1:1|4;2:-;3:0;4:0|6;5:1|2;6:1;7:0|8|9;8:0|4|9;9:-,0@0=1;0@1=2;0@6=1;1@1=1;1@2=1;1@4=1;1@7=1;3@0=1;4@1=2;4@6=2;4@2=4;4@4=4;4@7=1;4@5=1;4@8=1;4@9=2;5@1=1;5@6=1;5@2=1;5@8=1;5@3=1;6@1=1;7@1=1;7@4=1;7@9=1;8@0=2;8@1=1;8@2=1;8@8=1,"0,1,6,2,4,7,5,8,9,3",40,29,29,0,1.0,0.116944438731793,0.38095238095238093,0.03599205777941211,0.0,0.0,0.30000000000000004,0.010396957397460938,Feasible
734,733,7,1,6,"ADD:6,2;REMOVE:3,0;REMOVE:5,1;REMOVE:7,0;REMOVE:7,9;REMOVE:8,0;REMOVE:8,4",0:0|1;1:1|4;2:-;3:0;4:0|6;5:1|2;6:1;7:0|8|9;8:0|4|9;9:-,0:0|1;1:1|4;2:-;3:-;4:0|6;5:2;6:1|2;7:8;8:9;9:-,0@2=2;0@3=1;0@6=1;1@2=2;1@3=1;1@7=1;4@2=1;4@7=1;4@1=2;4@4=2;4@5=1;5@7=1;5@4=1;5@8=1;5@9=1;6@2=1;6@3=2;6@6=1;6@4=1;6@8=1;6@9=2;7@1=1;7@4=1;7@5=1;7@8=1;8@7=1;8@1=1,"2,3,6,7,1,4,5,8,9",33,27,27,0,1.0,0.28123703685345014,0.375,0.006237036853450171,0.0,0.0,0.1,0.007653713226318359,Feasible
735,734,3,2,1,"ADD:1,0;ADD:5,6;REMOVE:6,2",0:0|1;1:1|4;2:-;3:-;4:0|6;5:2;6:1|2;7:8;8:9;9:-,0:0|1;1:0|1|4;2:-;3:-;4:0|6;5:2|6;6:1;7:8;8:9;9:-,0@1=1;0@5=1;0@6=1;0@9=2;1@0=1;4@1=1;4@6=1;4@2=2;4@4=1;5@6=1;5@2=1;5@7=1;6@9=1;7@5=1;8@2=1,"1,5,6,9,0,2,4,7",17,15,15,0,1.0,-0.07907640393445198,0.09090909090909091,0.030014505156457125,0.0,0.0,0.2,0.002201080322265625,Feasible
736,735,6,2,4,"ADD:0,4;ADD:6,2;REMOVE:1,0;REMOVE:1,1;REMOVE:1,4;REMOVE:8,9",0:0|1;1:0|1|4;2:-;3:-;4:0|6;5:2|6;6:1;7:8;8:9;9:-,0:0|1|4;1:-;2:-;3:-;4:0|6;5:2|6;6:1|2;7:8;8:-;9:-,0@2=1;0@4=2;0@5=1;0@6=2;4@2=4;4@4=1;4@7=1;4@8=1;5@2=1;5@4=1;5@5=1;5@7=1;5@1=1;6@2=2;6@7=1;6@0=1;7@7=1,"2,4,5,6,7,8,1,0",23,17,17,0,1.0,0.15593208313557388,0.3333333333333333,0.022598749802240553,0.0,0.0,0.2,0.0051326751708984375,Feasible
737,736,6,3,3,"ADD:7,1;ADD:8,0;ADD:8,6;REMOVE:0,4;REMOVE:5,6;REMOVE:6,1",0:0|1|4;1:-;2:-;3:-;4:0|6;5:2|6;6:1|2;7:8;8:-;9:-,0:0|1;1:-;2:-;3:-;4:0|6;5:2;6:2;7:1|8;8:0|6;9:-,0@0=2;0@2=1;0@3=1;0@7=1;0@8=1;0@9=2;4@2=1;4@8=1;4@1=1;5@2=1;5@3=1;5@7=1;5@9=2;5@5=1;6@0=1;7@2=2;7@3=1;7@9=1;7@5=1;7@6=1;8@0=1;8@5=1;8@6=1;8@4=1,"0,2,3,7,8,9,1,5,6,4",28,24,24,0,1.0,0.01749926018949216,0.3,0.017499260189492206,0.0,0.0,0.30000000000000004,0.004747867584228516,Feasible
738,737,8,5,3,"ADD:0,4;ADD:1,3;ADD:2,8;ADD:4,3;ADD:6,1;REMOVE:7,8;REMOVE:8,0;REMOVE:8,6",0:0|1;1:-;2:-;3:-;4:0|6;5:2;6:2;7:1|8;8:0|6;9:-,0:0|1|4;1:3;2:8;3:-;4:0|3|6;5:2;6:1|2;7:1;8:-;9:-,0@1=1;0@2=4;0@3=1;0@4=4;0@7=1;0@9=2;1@3=1;2@8=1;4@1=2;4@2=3;4@3=1;4@8=4;4@6=2;5@2=1;5@3=1;5@4=1;5@7=1;5@9=1;6@1=1;6@2=2;6@8=1;7@7=2;7@9=1;7@8=1,"1,2,3,4,7,9,8,6",40,24,24,0,1.0,-0.1647346711375849,0.3,0.03526532886241514,0.0,0.0,0.5,0.004412174224853516,Feasible
739,738,6,3,3,"ADD:2,3;ADD:7,4;ADD:8,7;REMOVE:0,1;REMOVE:1,3;REMOVE:4,3",0:0|1|4;1:3;2:8;3:-;4:0|3|6;5:2;6:1|2;7:1;8:-;9:-,0:0|4;1:-;2:3|8;3:-;4:0|6;5:2;6:1|2;7:1|4;8:7;9:-,0@0=1;0@6=1;0@8=2;2@3=1;4@0=1;4@1=2;4@2=2;4@4=2;4@7=1;5@2=1;5@5=1;6@3=1;6@1=1;6@2=2;6@4=1;7@4=2;8@7=1,"0,6,8,3,1,2,4,7,5",23,17,17,0,1.0,-0.0077949100145273675,0.25,0.042205089985472656,0.0,0.0,0.30000000000000004,0.004411220550537109,Feasible
740,739,6,3,3,"ADD:0,3;ADD:3,1;ADD:3,5;REMOVE:2,3;REMOVE:4,0;REMOVE:6,1",0:0|4;1:-;2:3|8;3:-;4:0|6;5:2;6:1|2;7:1|4;8:7;9:-,0:0|3|4;1:-;2:8;3:1|5;4:6;5:2;6:2;7:1|4;8:7;9:-,0@2=2;0@3=2;0@5=2;0@7=2;0@8=1;2@2=5;2@8=1;2@1=2;2@4=3;2@6=1;3@2=1;3@5=1;3@1=1;3@0=1;4@7=1;4@8=2;4@4=2;5@2=1;5@5=1;5@7=1;5@8=1;6@3=1;6@7=1;6@4=1;7@2=2;7@3=1;7@4=1;8@4=3;8@0=1,"2,3,5,7,8,1,4,6,0",45,29,29,0,1.0,-0.0358773719111416,0.25,0.014122628088858448,0.0,0.0,0.30000000000000004,0.0048580169677734375,Feasible
741,740,4,4,0,"ADD:2,3;ADD:4,0;ADD:6,1;ADD:7,0",0:0|3|4;1:-;2:8;3:1|5;4:6;5:2;6:2;7:1|4;8:7;9:-,0:0|3|4;1:-;2:3|8;3:1|5;4:0|6;5:2;6:1|2;7:0|1|4;8:7;9:-,0@0=2;0@1=1;0@4=2;0@8=2;2@1=3;2@4=4;2@2=2;2@3=1;2@5=1;2@6=1;2@9=1;3@1=1;3@2=1;3@3=1;3@6=1;3@9=1;3@7=1;4@0=1;4@1=2;4@8=1;4@2=1;4@6=1;4@9=2;5@4=1;5@8=1;5@2=1;5@9=2;6@1=1;6@4=1;6@2=1;6@6=1;7@0=1;7@4=4;7@2=1;7@5=1;8@8=1;8@2=1,"0,1,4,8,2,3,5,6,9,7",52,37,37,0,1.0,-0.37137518303856104,0.0,0.028624816961438957,0.0,0.0,0.4,0.001332998275756836,Feasible
742,741,5,3,2,"ADD:3,6;ADD:4,3;ADD:5,6;REMOVE:0,0;REMOVE:7,0",0:0|3|4;1:-;2:3|8;3:1|5;4:0|6;5:2;6:1|2;7:0|1|4;8:7;9:-,0:3|4;1:-;2:3|8;3:1|5|6;4:0|3|6;5:2|6;6:1|2;7:1|4;8:7;9:-,0@2=2;0@3=1;0@4=2;0@8=1;2@2=1;2@6=4;2@7=1;2@9=1;3@4=1;3@5=1;4@2=3;4@3=1;4@4=2;4@8=3;4@5=4;5@2=4;5@6=1;5@5=1;6@2=2;6@6=1;6@9=3;6@0=1;6@1=1;7@4=1;7@1=1;8@2=1;8@7=2;8@0=1,"2,3,4,8,6,7,9,5,0,1",48,28,28,0,1.0,-0.13979595965898994,0.125,0.035204040341010094,0.0,0.0,0.30000000000000004,0.0039000511169433594,Feasible
743,742,6,0,6,"REMOVE:3,1;REMOVE:3,5;REMOVE:4,0;REMOVE:5,6;REMOVE:6,1;REMOVE:7,1",0:3|4;1:-;2:3|8;3:1|5|6;4:0|3|6;5:2|6;6:1|2;7:1|4;8:7;9:-,0:3|4;1:-;2:3|8;3:6;4:3|6;5:2;6:2;7:4;8:7;9:-,0@2=1;0@4=1;0@9=1;2@4=1;2@9=1;2@5=1;2@7=1;2@8=1;3@4=1;4@4=1;4@8=1;4@3=1;5@5=1;6@4=1;6@5=1;6@0=1;7@4=1;8@2=1,"2,4,9,5,7,8,3,0",18,18,18,0,1.0,0.3751263936576002,0.35294117647058826,0.02218521718701194,0.0,0.0,0.0,0.007462978363037109,Feasible
744,743,2,1,1,"ADD:5,1;REMOVE:0,3",0:3|4;1:-;2:3|8;3:6;4:3|6;5:2;6:2;7:4;8:7;9:-,0:4;1:-;2:3|8;3:6;4:3|6;5:1|2;6:2;7:4;8:7;9:-,0@7=1;0@8=1;2@7=1;2@8=1;2@2=1;2@3=1;2@4=1;2@5=2;2@6=1;2@9=1;3@4=1;3@1=1;4@2=3;4@4=1;4@6=1;4@9=1;4@1=1;5@8=1;5@1=1;6@2=1;6@4=3;7@2=2;7@6=1;8@9=1,"7,8,2,3,4,5,6,9,1",30,24,24,0,1.0,0.007761272681964429,0.09090909090909091,0.01685218177287352,0.0,0.0,0.1,0.0024781227111816406,Feasible
745,744,7,5,2,"ADD:0,1;ADD:3,5;ADD:4,0;ADD:7,3;ADD:8,5;REMOVE:2,3;REMOVE:5,1",0:4;1:-;2:3|8;3:6;4:3|6;5:1|2;6:2;7:4;8:7;9:-,0:1|4;1:-;2:8;3:5|6;4:0|3|6;5:2;6:2;7:3|4;8:5|7;9:-,0@1=2;0@2=1;0@3=2;0@4=3;0@6=1;0@7=1;0@9=1;2@2=4;2@7=1;3@7=1;3@9=1;3@0=1;4@1=1;4@3=2;4@4=2;4@6=1;4@0=1;4@8=1;5@4=1;5@0=1;5@8=1;5@5=2;6@2=3;6@3=2;6@7=2;6@0=1;6@8=1;6@5=1;7@3=1;8@2=1;8@5=1,"1,2,3,4,6,7,9,0,8,5",45,31,31,0,1.0,-0.2878390280706239,0.18181818181818182,0.03034279011119428,0.0,0.0,0.5,0.003895998001098633,Feasible
746,745,5,4,1,"ADD:0,0;ADD:2,0;ADD:2,3;ADD:6,1;REMOVE:4,3",0:1|4;1:-;2:8;3:5|6;4:0|3|6;5:2;6:2;7:3|4;8:5|7;9:-,0:0|1|4;1:-;2:0|3|8;3:5|6;4:0|6;5:2;6:1|2;7:3|4;8:5|7;9:-,0@0=1;0@2=5;0@4=3;0@9=1;2@0=1;2@2=2;2@4=1;2@1=1;2@3=2;2@6=1;2@7=1;2@8=1;3@0=1;3@4=2;3@9=2;3@3=1;4@2=1;4@4=1;4@9=2;4@1=2;5@2=2;5@4=2;5@9=1;5@5=1;6@4=1;6@9=1;6@1=1;6@6=1;7@4=3;7@1=1;7@7=1;7@5=1;8@2=1;8@4=1;8@3=1;8@5=1,"0,2,4,9,1,3,6,7,8,5",52,36,36,0,1.0,-0.2985065528170278,0.07142857142857142,0.030064875754400797,0.0,0.0,0.4,0.0027272701263427734,Feasible
747,746,4,1,3,"ADD:5,1;REMOVE:0,1;REMOVE:7,4;REMOVE:8,5",0:0|1|4;1:-;2:0|3|8;3:5|6;4:0|6;5:2;6:1|2;7:3|4;8:5|7;9:-,0:0|4;1:-;2:0|3|8;3:5|6;4:0|6;5:1|2;6:1|2;7:3;8:7;9:-,0@2=1;0@4=3;0@5=1;0@7=1;0@8=2;2@2=3;2@4=2;2@5=1;2@8=1;2@0=1;2@3=1;3@5=1;3@1=1;4@2=2;4@4=3;4@8=1;4@9=1;5@2=1;5@4=3;5@0=1;5@1=1;5@6=1;6@4=1;6@1=1;6@9=1;6@6=1;7@3=1;7@1=1;8@2=1;8@4=2;8@8=1;8@3=1;8@1=1,"2,4,5,7,8,0,3,1,9,6",45,33,33,0,1.0,0.09954663070369246,0.17647058823529413,0.023076042468398342,0.0,0.0,0.1,0.005284786224365234,Feasible
748,747,7,5,2,"ADD:0,3;ADD:0,6;ADD:1,4;ADD:1,5;ADD:7,4;REMOVE:2,0;REMOVE:3,6",0:0|4;1:-;2:0|3|8;3:5|6;4:0|6;5:1|2;6:1|2;7:3;8:7;9:-,0:0|3|4|6;1:4|5;2:3|8;3:5;4:0|6;5:1|2;6:1|2;7:3|4;8:7;9:-,0@1=1;0@2=1;0@3=2;0@4=3;0@7=1;0@8=1;0@9=3;1@4=1;2@2=2;2@4=1;2@8=1;2@9=1;2@5=1;3@2=1;3@8=1;3@5=1;4@1=1;4@2=2;4@4=2;4@8=1;4@9=1;4@5=1;5@4=1;5@8=1;5@5=1;5@6=1;6@1=2;6@4=4;6@8=1;6@9=2;6@0=1;7@4=1;8@8=1,"1,2,3,4,7,8,9,5,6,0",46,33,33,0,1.0,-0.34168410700995566,0.13333333333333333,0.024982559656711045,0.0,0.0,0.5,0.005193233489990234,Feasible
749,748,8,4,4,"ADD:2,0;ADD:3,4;ADD:4,3;ADD:7,0;REMOVE:0,0;REMOVE:0,6;REMOVE:5,1;REMOVE:6,1",0:0|3|4|6;1:4|5;2:3|8;3:5;4:0|6;5:1|2;6:1|2;7:3|4;8:7;9:-,0:3|4;1:4|5;2:0|3|8;3:4|5;4:0|3|6;5:2;6:2;7:0|3|4;8:7;9:-,0@1=2;0@3=1;0@4=1;0@6=1;0@9=1;1@4=1;1@2=2;1@5=1;2@1=2;2@4=1;2@9=1;2@2=2;2@5=1;2@0=1;2@7=1;2@8=1;3@4=1;3@6=1;3@2=1;3@0=1;3@8=1;4@1=2;4@3=2;4@9=2;4@5=1;4@7=1;5@4=1;5@9=1;5@0=1;5@7=1;6@3=1;6@9=1;6@2=2;6@5=2;6@0=1;7@4=2;7@5=1;7@0=1;7@8=1;8@1=1;8@6=1;8@2=1;8@7=1;8@8=2,"1,3,4,6,9,2,5,0,7,8",55,44,44,0,1.0,-0.15087360255010504,0.2222222222222222,0.026904175227672782,0.0,0.0,0.4,0.00671696662902832,Feasible
750,749,9,2,7,"ADD:3,9;ADD:5,1;REMOVE:0,4;REMOVE:1,4;REMOVE:1,5;REMOVE:2,0;REMOVE:4,0;REMOVE:7,3;REMOVE:7,4",0:3|4;1:4|5;2:0|3|8;3:4|5;4:0|3|6;5:2;6:2;7:0|3|4;8:7;9:-,0:3;1:-;2:3|8;3:4|5|9;4:3|6;5:1|2;6:2;7:0;8:7;9:-,0@1=2;0@3=1;0@5=2;2@2=1;2@4=3;2@6=2;2@8=1;2@9=2;3@5=1;3@4=1;3@6=1;3@9=1;4@1=2;4@3=1;4@2=2;4@6=1;5@1=1;5@2=2;5@4=1;5@9=1;5@7=1;6@8=1;7@7=1;7@0=1;8@8=1,"1,3,5,2,4,6,8,9,7,0",34,25,25,0,1.0,0.22044064465969404,0.3888888888888889,0.03155175577080516,0.0,0.0,0.2,0.009226083755493164,Feasible
751,750,8,6,2,"ADD:0,8;ADD:2,0;ADD:4,0;ADD:6,1;ADD:7,4;ADD:8,8;REMOVE:3,4;REMOVE:3,5",0:3;1:-;2:3|8;3:4|5|9;4:3|6;5:1|2;6:2;7:0;8:7;9:-,0:3|8;1:-;2:0|3|8;3:9;4:0|3|6;5:1|2;6:1|2;7:0|4;8:7|8;9:-,0@1=2;0@2=1;0@3=2;0@8=1;2@1=2;2@2=1;2@3=1;2@0=1;2@4=2;2@5=1;2@6=1;2@9=2;3@2=1;3@9=1;4@1=2;4@0=2;4@7=1;5@1=1;5@3=1;5@0=1;5@4=2;5@5=2;5@6=1;6@1=1;6@8=1;6@5=1;6@9=1;7@4=1;8@0=1;8@4=1,"1,2,3,8,0,4,5,6,9,7",39,30,30,0,1.0,-0.41805356459315235,0.15384615384615385,0.028100281560693774,0.0,0.0,0.6,0.003798961639404297,Feasible
752,751,4,1,3,"ADD:7,1;REMOVE:2,0;REMOVE:4,3;REMOVE:5,2",0:3|8;1:-;2:0|3|8;3:9;4:0|3|6;5:1|2;6:1|2;7:0|4;8:7|8;9:-,0:3|8;1:-;2:3|8;3:9;4:0|6;5:1;6:1|2;7:0|1|4;8:7|8;9:-,0@1=1;0@3=1;0@4=3;0@5=1;0@6=1;0@8=1;0@9=3;2@4=1;2@9=1;2@2=2;2@7=2;3@1=1;3@9=1;3@7=1;4@1=2;4@6=1;4@2=2;4@0=2;5@1=1;6@1=1;6@3=1;6@9=1;6@2=2;7@1=1;7@4=1;7@5=1;7@9=1;8@3=1;8@5=1;8@8=1;8@9=1;8@2=1;8@0=1,"1,3,4,5,6,8,9,2,7,0",43,33,33,0,1.0,0.10708127653842611,0.17647058823529413,0.030610688303131982,0.0,0.0,0.1,0.004851102828979492,Feasible
753,752,5,4,1,"ADD:1,4;ADD:2,0;ADD:3,5;ADD:5,2;REMOVE:8,8",0:3|8;1:-;2:3|8;3:9;4:0|6;5:1;6:1|2;7:0|1|4;8:7|8;9:-,0:3|8;1:4;2:0|3|8;3:5|9;4:0|6;5:1|2;6:1|2;7:0|1|4;8:7;9:-,0@1=1;0@2=1;0@3=1;0@4=5;0@5=1;0@6=1;0@7=1;0@8=2;0@9=1;1@4=1;2@1=4;2@2=2;2@3=1;2@4=4;2@5=1;2@7=2;2@8=1;2@0=1;3@1=2;3@2=1;3@5=1;3@7=1;3@9=1;4@1=1;4@4=2;5@2=1;5@4=1;5@5=1;5@7=1;6@1=3;6@3=1;6@4=1;7@1=1;7@2=1;7@3=1;7@4=1;8@2=1;8@6=1,"1,2,3,4,5,6,7,8,9,0",55,38,38,0,1.0,-0.30531562456723715,0.06666666666666667,0.02801770876609622,0.0,0.0,0.4,0.002814054489135742,Feasible
754,753,8,2,6,"ADD:0,0;ADD:8,5;REMOVE:1,4;REMOVE:2,0;REMOVE:3,5;REMOVE:3,9;REMOVE:5,1;REMOVE:6,1",0:3|8;1:4;2:0|3|8;3:5|9;4:0|6;5:1|2;6:1|2;7:0|1|4;8:7;9:-,0:0|3|8;1:-;2:3|8;3:-;4:0|6;5:2;6:2;7:0|1|4;8:5|7;9:-,0@0=2;0@2=1;0@3=2;0@4=1;0@9=1;2@2=2;2@3=1;2@4=2;2@1=5;2@5=1;2@8=1;4@0=1;4@2=1;4@4=2;4@9=1;4@5=4;4@8=1;5@2=1;6@0=3;6@2=2;6@3=1;6@9=1;6@5=1;6@7=1;7@4=2;7@9=1;7@5=1;8@2=1;8@1=1;8@5=1;8@8=1,"0,2,3,4,9,1,5,8,7",47,31,31,0,1.0,0.1621516500663534,0.3333333333333333,0.028818316733020124,0.0,0.0,0.2,0.007961034774780273,Feasible
755,754,7,3,4,"ADD:3,1;ADD:3,2;ADD:5,1;REMOVE:0,3;REMOVE:2,3;REMOVE:4,0;REMOVE:8,5",0:0|3|8;1:-;2:3|8;3:-;4:0|6;5:2;6:2;7:0|1|4;8:5|7;9:-,0:0|8;1:-;2:8;3:1|2;4:6;5:1|2;6:2;7:0|1|4;8:7;9:-,0@0=1;0@1=1;0@2=2;0@6=1;0@7=2;0@8=3;2@1=2;2@2=2;2@6=2;2@4=2;3@1=1;3@2=2;3@6=1;3@4=1;3@9=1;4@1=1;4@7=1;4@4=2;5@1=2;6@0=1;6@2=1;6@4=2;6@9=1;7@2=1;7@4=1;7@3=1;7@5=1;8@1=1;8@7=1,"0,1,2,6,7,8,4,9,3,5",41,29,29,0,1.0,0.014674776571549086,0.2857142857142857,0.02896049085726344,0.0,0.0,0.30000000000000004,0.005807161331176758,Feasible
756,755,4,3,1,"ADD:0,9;ADD:2,9;ADD:4,2;REMOVE:7,1",0:0|8;1:-;2:8;3:1|2;4:6;5:1|2;6:2;7:0|1|4;8:7;9:-,0:0|8|9;1:-;2:8|9;3:1|2;4:2|6;5:1|2;6:2;7:0|4;8:7;9:-,0@0=1;0@1=1;0@2=4;0@4=1;0@6=1;0@7=1;0@9=2;2@2=1;2@4=2;2@7=3;2@9=1;2@3=1;2@5=1;3@2=2;3@6=1;3@3=1;3@8=1;4@1=2;4@2=2;4@4=1;4@7=1;4@9=1;4@5=2;5@1=1;5@2=1;5@4=1;5@7=1;5@9=1;6@0=1;6@4=1;6@8=2;7@2=1;7@4=1;7@6=1;7@5=1;8@0=1;8@2=2;8@4=1;8@6=1;8@3=1;8@8=1,"0,1,2,4,6,7,9,3,5,8",54,41,41,0,1.0,-0.2026835275947419,0.07692307692307693,0.02039339548218123,0.0,0.0,0.30000000000000004,0.005012989044189453,Feasible
757,756,8,2,6,"ADD:7,7;ADD:8,5;REMOVE:0,0;REMOVE:2,9;REMOVE:4,6;REMOVE:6,2;REMOVE:7,0;REMOVE:7,4",0:0|8|9;1:-;2:8|9;3:1|2;4:2|6;5:1|2;6:2;7:0|4;8:7;9:-,0:8|9;1:-;2:8;3:1|2;4:2;5:1|2;6:-;7:7;8:5|7;9:-,0@2=4;0@3=2;0@4=1;0@6=1;0@7=1;2@2=2;2@8=2;3@2=1;3@3=2;3@7=2;3@8=1;3@1=1;4@4=1;4@5=1;5@2=1;5@6=1;5@8=1;5@1=1;5@0=2;7@4=1;7@6=1;8@3=1;8@5=1,"2,3,4,6,7,8,1,5,0",32,23,23,0,1.0,0.21974415360851912,0.4,0.01974415360851912,0.0,0.0,0.2,0.00853419303894043,Feasible
758,757,5,2,3,"ADD:0,0;ADD:4,6;REMOVE:3,1;REMOVE:3,2;REMOVE:8,5",0:8|9;1:-;2:8;3:1|2;4:2;5:1|2;6:-;7:7;8:5|7;9:-,0:0|8|9;1:-;2:8;3:-;4:2|6;5:1|2;6:-;7:7;8:7;9:-,0@0=1;0@1=1;0@3=1;0@5=1;0@6=1;0@7=1;2@1=2;2@5=1;2@2=1;2@8=1;4@0=2;4@6=1;4@2=2;4@8=1;4@4=5;5@0=2;5@1=2;8@1=1,"0,1,3,5,6,7,2,8,4",27,18,18,0,1.0,0.10034408286131974,0.2727272727272727,0.02761681013404702,0.0,0.0,0.2,0.005360841751098633,Feasible
759,758,7,4,3,"ADD:3,3;ADD:3,4;ADD:6,4;ADD:6,9;REMOVE:0,0;REMOVE:0,9;REMOVE:5,1",0:0|8|9;1:-;2:8;3:-;4:2|6;5:1|2;6:-;7:7;8:7;9:-,0:8;1:-;2:8;3:3|4;4:2|6;5:2;6:4|9;7:7;8:7;9:-,0@8=1;2@5=1;2@6=1;2@7=1;3@3=1;3@4=2;4@8=2;4@5=2;4@3=1;4@4=1;4@0=1;4@1=2;5@2=1;6@4=2;6@9=1;7@7=1;7@4=1;7@1=1;8@7=1;8@1=1,"8,5,6,7,3,4,0,1,2,9",25,20,20,0,1.0,-0.05957167523810636,0.3,0.04042832476189366,0.0,0.0,0.4,0.004547119140625,Feasible
760,759,5,4,1,"ADD:0,3;ADD:2,0;ADD:2,3;ADD:6,0;REMOVE:3,3",0:8;1:-;2:8;3:3|4;4:2|6;5:2;6:4|9;7:7;8:7;9:-,0:3|8;1:-;2:0|3|8;3:4;4:2|6;5:2;6:0|4|9;7:7;8:7;9:-,0@1=3;0@2=1;0@3=1;0@4=2;0@5=2;0@6=1;0@7=1;0@9=1;2@1=2;2@2=1;2@3=2;2@4=4;2@5=1;2@6=3;2@0=1;2@8=1;3@4=2;3@7=1;3@8=1;4@1=1;4@2=1;4@3=1;4@4=2;4@5=1;4@6=1;4@7=1;4@9=1;4@0=1;5@2=2;6@1=1;6@2=3;6@6=1;6@0=1;6@8=1;7@1=1;7@2=1;7@3=2;7@4=1;7@6=1;7@0=1;7@8=1;8@2=2;8@4=1;8@0=1,"1,2,3,4,5,6,7,9,0,8",62,44,44,0,1.0,-0.28974945167302346,0.09090909090909091,0.01934145741788568,0.0,0.0,0.4,0.0028002262115478516,Feasible
761,760,4,2,2,"ADD:0,0;ADD:8,4;REMOVE:2,0;REMOVE:4,6",0:3|8;1:-;2:0|3|8;3:4;4:2|6;5:2;6:0|4|9;7:7;8:7;9:-,0:0|3|8;1:-;2:3|8;3:4;4:2;5:2;6:0|4|9;7:7;8:4|7;9:-,0@0=1;0@1=1;0@2=2;0@3=3;0@5=1;0@8=1;0@9=1;2@1=1;2@5=3;2@4=1;2@6=2;3@4=1;3@7=3;4@2=2;4@3=1;4@8=1;4@4=1;4@7=1;5@0=2;5@2=1;5@9=1;6@0=1;6@1=1;6@2=2;6@9=1;6@4=3;6@7=1;7@3=2;7@4=1;7@6=2;8@1=1;8@8=1;8@9=1;8@4=1,"0,1,2,3,5,8,9,4,6,7",49,34,34,0,1.0,-0.02399386346901053,0.14285714285714285,0.03314899367384663,0.0,0.0,0.2,0.003817319869995117,Feasible
762,761,9,4,5,"ADD:1,7;ADD:3,9;ADD:5,1;ADD:7,9;REMOVE:0,8;REMOVE:2,3;REMOVE:6,0;REMOVE:6,9;REMOVE:8,4",0:0|3|8;1:-;2:3|8;3:4;4:2;5:2;6:0|4|9;7:7;8:4|7;9:-,0:0|3;1:7;2:8;3:4|9;4:2;5:1|2;6:4;7:7|9;8:7;9:-,0@0=1;0@2=3;0@5=1;0@7=2;0@9=1;1@7=1;2@2=4;2@1=1;2@4=3;2@6=1;2@8=1;3@2=2;3@9=2;3@1=2;3@8=2;4@0=1;4@2=1;4@4=1;4@8=2;4@3=1;5@0=1;5@1=1;6@2=3;6@7=1;6@6=1;6@8=1;7@2=1;7@1=1;7@3=1;8@2=2;8@3=1,"0,2,5,7,9,1,4,6,8,3",47,31,31,0,1.0,-0.028782969544953685,0.35714285714285715,0.01407417331218921,0.0,0.0,0.4,0.007158041000366211,Feasible
763,762,9,4,5,"ADD:0,4;ADD:2,0;ADD:2,3;ADD:4,1;REMOVE:1,7;REMOVE:3,4;REMOVE:5,1;REMOVE:6,4;REMOVE:7,9",0:0|3;1:7;2:8;3:4|9;4:2;5:1|2;6:4;7:7|9;8:7;9:-,0:0|3|4;1:-;2:0|3|8;3:9;4:1|2;5:2;6:-;7:7;8:7;9:-,0@0=1;0@1=2;0@2=2;0@4=1;0@6=1;0@7=2;0@8=1;2@0=1;2@1=2;2@2=2;2@4=2;2@6=1;2@8=1;2@3=1;2@5=1;2@9=2;3@1=1;3@2=1;4@1=2;4@2=2;4@4=2;4@6=1;4@7=1;4@5=2;4@9=1;5@2=1;5@4=1;7@2=1;7@4=1;7@6=1;7@9=1;8@1=1;8@2=1;8@4=1,"0,1,2,4,6,7,8,3,5,9",45,34,34,0,1.0,0.005406603348866779,0.38461538461538464,0.02079121873348215,0.0,0.0,0.4,0.007076740264892578,Feasible
764,763,6,2,4,"ADD:3,0;ADD:6,2;REMOVE:0,0;REMOVE:2,0;REMOVE:2,3;REMOVE:4,1",0:0|3|4;1:-;2:0|3|8;3:9;4:1|2;5:2;6:-;7:7;8:7;9:-,0:3|4;1:-;2:8;3:0|9;4:2;5:2;6:2;7:7;8:7;9:-,0@5=1;0@6=1;2@4=3;2@7=2;3@0=1;3@2=1;4@5=1;4@0=1;4@2=1;4@8=1;5@4=2;5@7=1;6@2=1;7@2=1;8@7=1;8@2=1,"5,6,4,7,0,2,8",20,16,16,0,1.0,0.15296189672877325,0.3333333333333333,0.019628563395439957,0.0,0.0,0.2,0.0050890445709228516,Feasible
765,764,8,5,3,"ADD:2,3;ADD:5,1;ADD:6,1;ADD:6,5;ADD:7,5;REMOVE:0,3;REMOVE:0,4;REMOVE:3,0",0:3|4;1:-;2:8;3:0|9;4:2;5:2;6:2;7:7;8:7;9:-,0:-;1:-;2:3|8;3:9;4:2;5:1|2;6:1|2|5;7:5|7;8:7;9:-,2@3=1;3@1=1;4@3=1;4@0=1;4@2=2;4@7=1;4@8=1;4@9=1;5@3=1;5@1=1;5@9=1;5@6=1;6@1=1;6@4=1;7@1=1;7@4=1;7@5=1;8@0=2;8@2=1,"3,1,0,2,7,8,9,6,4,5",21,19,19,0,1.0,-0.16958058421771355,0.3,0.03041941578228648,0.0,0.0,0.5,0.005574941635131836,Feasible
766,765,6,3,3,"ADD:0,0;ADD:0,6;ADD:4,1;REMOVE:5,2;REMOVE:6,2;REMOVE:7,5",0:-;1:-;2:3|8;3:9;4:2;5:1|2;6:1|2|5;7:5|7;8:7;9:-,0:0|6;1:-;2:3|8;3:9;4:1|2;5:1;6:1|5;7:7;8:7;9:-,0@0=2;0@2=1;0@6=1;0@7=1;0@8=1;2@6=1;2@4=2;2@9=1;3@2=1;4@0=1;4@2=1;4@7=1;4@8=1;4@4=2;4@9=1;4@1=1;4@5=1;5@6=1;5@8=1;5@9=1;6@0=1;6@6=3;6@1=1;7@2=2;7@8=1;7@4=1;7@9=1;8@2=2;8@6=1;8@4=1;8@1=1;8@3=1,"0,2,6,7,8,4,9,1,5,3",39,32,32,0,1.0,-0.03351938649779912,0.25,0.016480613502200925,0.0,0.0,0.30000000000000004,0.004809141159057617,Feasible
767,766,8,6,2,"ADD:1,4;ADD:1,9;ADD:3,7;ADD:5,4;ADD:7,5;ADD:8,5;REMOVE:3,9;REMOVE:6,5",0:0|6;1:-;2:3|8;3:9;4:1|2;5:1;6:1|5;7:7;8:7;9:-,0:0|6;1:4|9;2:3|8;3:7;4:1|2;5:1|4;6:1;7:5|7;8:5|7;9:-,0@0=1;0@2=3;0@4=3;0@5=1;0@6=1;0@9=1;1@4=1;1@9=1;2@5=1;2@6=1;2@9=2;2@1=1;2@8=1;4@2=1;4@4=1;4@5=1;4@6=1;4@1=1;4@8=1;4@7=2;5@4=1;6@6=1;6@8=1;7@2=1;7@5=1;7@3=1;8@2=2;8@4=3;8@5=2;8@6=1;8@1=1,"0,2,4,5,6,9,1,8,7,3",41,31,31,0,1.0,-0.4082570496818445,0.16666666666666666,0.025076283651488833,0.0,0.0,0.6,0.003762960433959961,Feasible
768,767,10,2,8,"ADD:0,3;ADD:6,2;REMOVE:1,4;REMOVE:1,9;REMOVE:2,3;REMOVE:2,8;REMOVE:3,7;REMOVE:5,1;REMOVE:5,4;REMOVE:7,5",0:0|6;1:4|9;2:3|8;3:7;4:1|2;5:1|4;6:1;7:5|7;8:5|7;9:-,0:0|3|6;1:-;2:-;3:-;4:1|2;5:-;6:1|2;7:7;8:5|7;9:-,0@2=1;0@3=1;4@0=1;4@4=1;4@6=2;4@7=3;6@2=1;6@7=1;6@5=1;7@2=1;7@0=1;7@4=2;7@1=3;7@8=1;8@4=1;8@5=1,"2,3,0,4,6,7,5,1,8",22,16,16,0,1.0,0.3133678760367559,0.5,0.013367876036755908,0.0,0.0,0.2,0.009387969970703125,Feasible
769,768,7,2,5,"ADD:5,3;ADD:7,5;REMOVE:0,0;REMOVE:0,3;REMOVE:6,1;REMOVE:6,2;REMOVE:8,5",0:0|3|6;1:-;2:-;3:-;4:1|2;5:-;6:1|2;7:7;8:5|7;9:-,0:6;1:-;2:-;3:-;4:1|2;5:3;6:-;7:5|7;8:7;9:-,0@4=1;0@7=1;0@9=1;4@4=1;4@1=1;4@2=1;4@5=1;5@3=1;7@4=4;7@7=1;7@1=1;7@2=2;7@5=2;7@3=1;7@0=1;7@6=1;7@8=3;8@1=1,"4,7,9,1,2,5,3,0,6,8",25,18,18,0,1.0,0.3220567934910939,0.5,0.02205679349109395,0.0,0.0,0.2,0.006415128707885742,Feasible
770,769,4,4,0,"ADD:0,0;ADD:3,4;ADD:5,0;ADD:5,6",0:6;1:-;2:-;3:-;4:1|2;5:3;6:-;7:5|7;8:7;9:-,0:0|6;1:-;2:-;3:4;4:1|2;5:0|3|6;6:-;7:5|7;8:7;9:-,0@0=1;0@1=1;0@7=1;0@8=1;3@4=1;4@0=1;4@1=1;4@8=1;4@4=1;4@2=1;4@9=1;5@0=1;5@8=1;7@0=2;7@8=2;7@4=2;7@2=1;7@3=1;7@5=1;8@0=1;8@7=1;8@8=2;8@2=2;8@3=1,"0,1,7,8,4,2,9,3,5",29,24,24,0,1.0,-0.37517154949381737,0.0,0.024828450506182653,0.0,0.0,0.4,0.001528024673461914,Feasible
771,770,5,0,5,"REMOVE:0,6;REMOVE:3,4;REMOVE:5,0;REMOVE:5,6;REMOVE:7,5",0:0|6;1:-;2:-;3:4;4:1|2;5:0|3|6;6:-;7:5|7;8:7;9:-,0:0;1:-;2:-;3:-;4:1|2;5:3;6:-;7:7;8:7;9:-,0@2=2;4@1=2;4@4=1;4@6=1;5@2=1;7@4=1;8@6=1,"2,1,4,6",9,7,7,0,1.0,0.47627497114345313,0.45454545454545453,0.021729516597998617,0.0,0.0,0.0,0.004937171936035156,Feasible
772,771,3,2,1,"ADD:5,0;ADD:7,5;REMOVE:0,0",0:0;1:-;2:-;3:-;4:1|2;5:3;6:-;7:7;8:7;9:-,0:-;1:-;2:-;3:-;4:1|2;5:0|3;6:-;7:5|7;8:7;9:-,4@0=1;4@1=1;4@4=1;4@8=1;5@0=1;5@1=1;5@7=1;7@0=1;7@1=4;7@4=6;7@2=1;7@3=1;7@5=1;8@8=1;8@2=1,"0,1,4,8,7,2,3,5",23,15,15,0,1.0,-0.020935348102051804,0.16666666666666666,0.012397985231281555,0.0,0.0,0.2,0.002167940139770508,Feasible
773,772,3,2,1,"ADD:2,6;ADD:3,1;REMOVE:5,3",0:-;1:-;2:-;3:-;4:1|2;5:0|3;6:-;7:5|7;8:7;9:-,0:-;1:-;2:6;3:1;4:1|2;5:0;6:-;7:5|7;8:7;9:-,2@6=1;3@1=1;4@1=1;4@0=1;4@3=1;4@4=1;5@2=1;5@7=2;7@1=2;7@0=2;7@3=1;7@4=2;7@5=2;7@8=1;7@9=2;8@0=1,"6,1,0,3,4,2,7,5,8,9",22,16,16,0,1.0,-0.03611595973581991,0.14285714285714285,0.021026897407037254,0.0,0.0,0.2,0.002425670623779297,Feasible
774,773,5,4,1,"ADD:1,1;ADD:5,8;ADD:5,9;ADD:7,0;REMOVE:3,1",0:-;1:-;2:6;3:1;4:1|2;5:0;6:-;7:5|7;8:7;9:-,0:-;1:1;2:6;3:-;4:1|2;5:0|8|9;6:-;7:0|5|7;8:7;9:-,1@1=1;2@1=1;2@7=1;4@2=1;4@3=1;4@4=1;4@5=1;4@6=2;4@9=1;5@7=2;5@9=1;5@8=1;7@1=1;7@2=1;7@4=1;7@5=3;7@6=1;7@9=1;7@0=1;8@2=1;8@4=2;8@9=1;8@0=1,"1,7,2,3,4,5,6,9,8,0",28,23,23,0,1.0,-0.24609325929822062,0.125,0.028906740701779413,0.0,0.0,0.4,0.0046079158782958984,Feasible
775,774,6,2,4,"ADD:3,4;ADD:6,2;REMOVE:1,1;REMOVE:5,0;REMOVE:5,9;REMOVE:7,5",0:-;1:1;2:6;3:-;4:1|2;5:0|8|9;6:-;7:0|5|7;8:7;9:-,0:-;1:-;2:6;3:4;4:1|2;5:8;6:2;7:0|7;8:7;9:-,2@4=1;3@4=2;4@4=2;4@1=1;4@2=1;4@3=1;4@5=1;4@7=1;4@9=1;5@4=1;5@2=3;6@2=1;6@3=1;6@0=1;7@1=2;7@2=3;7@5=2;7@7=2;7@6=2;8@1=1;8@0=1;8@6=1,"4,1,2,3,5,7,9,0,6",32,22,22,0,1.0,0.18441359122663908,0.36363636363636365,0.020777227590275428,0.0,0.0,0.2,0.005536079406738281,Feasible
776,775,4,2,2,"ADD:0,1;ADD:5,9;REMOVE:3,4;REMOVE:7,0",0:-;1:-;2:6;3:4;4:1|2;5:8;6:2;7:0|7;8:7;9:-,0:1;1:-;2:6;3:-;4:1|2;5:8|9;6:2;7:7;8:7;9:-,0@1=1;2@8=1;4@1=1;4@0=1;4@4=2;5@4=1;5@2=2;5@9=1;6@4=1;6@2=1;6@3=1;6@5=1;7@8=1;7@4=2;7@2=1;7@3=3;7@7=2;8@1=1;8@9=1;8@7=1;8@6=1,"1,8,0,4,2,9,3,5,7,6",27,21,21,0,1.0,0.044337331372301,0.2222222222222222,0.0221151091500788,0.0,0.0,0.2,0.003429889678955078,Feasible
777,776,10,6,4,"ADD:1,2;ADD:2,0;ADD:3,0;ADD:3,9;ADD:6,1;ADD:7,5;REMOVE:0,1;REMOVE:4,1;REMOVE:5,8;REMOVE:5,9",0:1;1:-;2:6;3:-;4:1|2;5:8|9;6:2;7:7;8:7;9:-,0:-;1:2;2:0|6;3:0|9;4:2;5:-;6:1|2;7:5|7;8:7;9:-,1@2=1;2@0=1;2@4=1;2@9=1;3@0=1;3@9=1;4@2=1;4@9=1;6@2=1;6@0=1;6@1=1;6@3=1;6@7=1;7@2=2;7@4=2;7@7=1;7@5=1;7@6=1;8@4=1;8@6=1,"2,0,4,9,1,3,7,5,6",22,20,20,0,1.0,-0.11518110352056887,0.4444444444444444,0.040374452034986706,0.0,0.0,0.6,0.005324125289916992,Feasible
778,777,7,3,4,"ADD:4,6;ADD:5,1;ADD:5,4;REMOVE:2,0;REMOVE:3,9;REMOVE:6,1;REMOVE:7,5",0:-;1:2;2:0|6;3:0|9;4:2;5:-;6:1|2;7:5|7;8:7;9:-,0:-;1:2;2:6;3:0;4:2|6;5:1|4;6:2;7:7;8:7;9:-,2@4=1;2@7=1;3@2=1;4@4=1;4@6=1;5@4=1;5@1=1;6@4=1;6@7=1;6@0=1;6@5=1;7@6=1;7@1=1;7@8=1;8@7=1;8@6=1;8@3=1,"4,7,2,6,1,0,5,8,3",17,17,17,0,1.0,0.08799807631769174,0.36363636363636365,0.024361712681328133,0.0,0.0,0.30000000000000004,0.005223989486694336,Feasible
779,778,7,4,3,"ADD:2,3;ADD:3,4;ADD:6,1;ADD:7,5;REMOVE:1,2;REMOVE:4,6;REMOVE:5,4",0:-;1:2;2:6;3:0;4:2|6;5:1|4;6:2;7:7;8:7;9:-,0:-;1:-;2:3|6;3:0|4;4:2;5:1;6:1|2;7:5|7;8:7;9:-,2@1=1;2@3=1;2@4=2;2@6=1;2@7=2;2@8=1;3@4=2;3@8=1;3@2=1;4@3=1;4@7=1;4@8=1;4@5=1;4@9=1;5@1=1;5@7=1;6@1=2;6@3=1;6@4=1;7@3=2;7@4=2;7@5=1;7@9=1;8@3=1;8@4=1;8@6=1;8@0=1,"1,3,4,6,7,8,2,5,9,0",33,27,27,0,1.0,-0.07769042595584458,0.3,0.022309574044155456,0.0,0.0,0.4,0.004724025726318359,Feasible
780,779,7,4,3,"ADD:0,2;ADD:4,1;ADD:5,2;ADD:8,5;REMOVE:2,3;REMOVE:3,0;REMOVE:7,5",0:-;1:-;2:3|6;3:0|4;4:2;5:1;6:1|2;7:5|7;8:7;9:-,0:2;1:-;2:6;3:4;4:1|2;5:1|2;6:1|2;7:7;8:5|7;9:-,0@2=1;0@4=1;2@4=1;2@6=1;2@8=1;3@2=1;3@6=1;3@7=1;4@4=2;4@7=1;4@1=1;4@3=1;5@2=2;5@1=1;5@0=1;6@2=2;6@4=1;6@6=1;6@7=3;6@9=1;7@2=4;7@4=2;7@8=3;7@7=1;7@1=2;7@3=1;8@2=2;8@1=1;8@5=1,"2,4,6,8,7,1,3,0,9,5",42,29,29,0,1.0,-0.10466889224893228,0.2727272727272727,0.022603835023795055,0.0,0.0,0.4,0.0046482086181640625,Feasible
781,780,6,4,2,"ADD:1,9;ADD:2,3;ADD:3,3;ADD:7,5;REMOVE:0,2;REMOVE:5,1",0:2;1:-;2:6;3:4;4:1|2;5:1|2;6:1|2;7:7;8:5|7;9:-,0:-;1:9;2:3|6;3:3|4;4:1|2;5:2;6:1|2;7:5|7;8:5|7;9:-,1@9=1;2@9=2;2@3=1;2@5=1;2@8=2;3@3=1;3@1=1;3@2=2;3@4=1;3@7=1;4@5=1;4@1=1;4@4=1;4@7=1;4@0=1;5@5=1;5@2=1;6@0=1;6@6=1;7@9=2;7@3=2;7@5=1;7@1=3;7@2=3;7@4=1;7@0=1;7@6=1;8@5=1;8@1=2,"9,3,5,8,1,2,4,7,0,6",39,29,29,0,1.0,-0.21138331737835386,0.16666666666666666,0.02195001595497949,0.0,0.0,0.4,0.003525972366333008,Feasible
782,781,6,1,5,"ADD:1,4;REMOVE:2,3;REMOVE:4,1;REMOVE:6,1;REMOVE:7,5;REMOVE:8,5",0:-;1:9;2:3|6;3:3|4;4:1|2;5:2;6:1|2;7:5|7;8:5|7;9:-,0:-;1:4|9;2:6;3:3|4;4:2;5:2;6:2;7:7;8:7;9:-,1@4=1;2@4=1;2@1=1;2@6=2;3@4=1;3@1=1;3@7=2;4@4=1;4@2=1;4@3=1;4@8=1;5@3=1;6@2=1;6@3=1;6@8=2;6@5=1;7@4=1;7@1=5;7@2=1;7@0=1;7@9=2;8@4=1;8@2=2;8@3=1,"4,1,6,7,2,3,8,5,0,9",33,24,24,0,1.0,0.276832565965745,0.35714285714285715,0.019689708822887862,0.0,0.0,0.1,0.006716012954711914,Feasible
783,782,7,5,2,"ADD:0,1;ADD:0,2;ADD:4,1;ADD:6,6;ADD:7,5;REMOVE:1,4;REMOVE:1,9",0:-;1:4|9;2:6;3:3|4;4:2;5:2;6:2;7:7;8:7;9:-,0:1|2;1:-;2:6;3:3|4;4:1|2;5:2;6:2|6;7:5|7;8:7;9:-,0@1=1;0@2=1;0@4=2;0@8=1;2@1=1;2@9=1;3@1=1;3@2=1;3@4=1;3@9=1;4@1=1;4@8=1;4@9=1;4@5=3;5@4=1;6@6=1;6@7=1;7@1=1;7@4=3;7@5=2;7@6=1;7@0=1;8@1=2;8@4=1,"1,2,4,8,9,5,6,7,0",31,24,24,0,1.0,-0.276469591708318,0.2,0.023530408291682053,0.0,0.0,0.5,0.0034971237182617188,Feasible
784,783,8,5,3,"ADD:1,2;ADD:2,2;ADD:5,1;ADD:6,0;ADD:8,5;REMOVE:0,1;REMOVE:3,3;REMOVE:7,5",0:1|2;1:-;2:6;3:3|4;4:1|2;5:2;6:2|6;7:5|7;8:7;9:-,0:2;1:2;2:2|6;3:4;4:1|2;5:1|2;6:0|2|6;7:7;8:5|7;9:-,0@2=1;1@2=1;2@2=1;2@4=1;2@5=2;3@4=1;3@7=1;4@2=2;4@4=2;4@7=3;4@0=1;4@1=1;4@6=1;4@8=1;4@9=2;5@2=1;5@1=1;6@2=2;6@1=2;6@6=1;7@2=3;7@1=1;8@2=1;8@5=1;8@0=1;8@1=2;8@6=1,"2,4,5,7,0,1,6,8,9",38,27,27,0,1.0,-0.2367570689375964,0.23076923076923078,0.03247370029317279,0.0,0.0,0.5,0.0046939849853515625,Feasible
785,784,9,4,5,"ADD:0,1;ADD:1,6;ADD:3,1;ADD:7,5;REMOVE:2,6;REMOVE:4,1;REMOVE:5,1;REMOVE:6,0;REMOVE:6,6",0:2;1:2;2:2|6;3:4;4:1|2;5:1|2;6:0|2|6;7:7;8:5|7;9:-,0:1|2;1:2|6;2:2;3:1|4;4:2;5:2;6:2;7:5|7;8:5|7;9:-,0@1=1;0@3=1;0@4=1;0@5=1;1@6=1;2@3=1;2@4=1;3@1=1;3@9=1;4@3=1;4@5=1;5@4=1;5@5=1;5@2=1;6@5=2;6@9=2;6@0=1;7@1=2;7@4=2;7@5=1;7@6=3;7@9=1;7@2=2;7@0=1;7@7=1;7@8=1;8@4=1;8@5=1,"1,3,4,5,6,9,2,0,7,8",35,28,28,0,1.0,-0.04677077460043788,0.3333333333333333,0.019895892066228847,0.0,0.0,0.4,0.006921052932739258,Feasible
786,785,8,3,5,"ADD:4,1;ADD:5,6;ADD:9,4;REMOVE:0,2;REMOVE:1,2;REMOVE:1,6;REMOVE:7,5;REMOVE:8,5",0:1|2;1:2|6;2:2;3:1|4;4:2;5:2;6:2;7:5|7;8:5|7;9:-,0:1;1:-;2:2;3:1|4;4:1|2;5:2|6;6:2;7:7;8:7;9:4,0@1=2;0@8=2;2@8=2;3@1=1;3@2=2;3@3=1;3@9=1;4@1=1;4@2=1;4@9=1;4@4=3;5@2=2;5@9=1;5@4=1;5@0=1;5@5=1;5@6=1;5@7=1;6@5=1;6@7=1;7@8=1;7@2=5;7@3=1;7@7=2;8@1=1;8@6=1,"1,8,2,3,9,4,0,5,6,7",38,26,26,0,1.0,0.082206353038343,0.35714285714285715,0.025063495895485906,0.0,0.0,0.30000000000000004,0.006782054901123047,Feasible
787,786,8,5,3,"ADD:0,2;ADD:2,6;ADD:4,5;ADD:5,0;ADD:6,6;REMOVE:3,1;REMOVE:5,2;REMOVE:9,4",0:1;1:-;2:2;3:1|4;4:1|2;5:2|6;6:2;7:7;8:7;9:4,0:1|2;1:-;2:2|6;3:4;4:1|2|5;5:0|6;6:2|6;7:7;8:7;9:-,0@1=1;0@2=2;0@4=2;0@5=2;0@7=1;0@8=1;2@2=1;2@8=1;2@6=1;2@9=1;3@2=2;3@4=1;3@8=1;3@6=1;4@2=1;4@4=1;4@6=1;4@0=1;4@3=1;5@6=1;6@2=1;6@4=1;6@5=1;6@6=1;6@0=1;6@3=1;7@1=2;7@2=2;7@4=2;7@7=2;7@6=2;7@0=2;8@1=1;8@2=1;8@8=1,"1,2,4,5,7,8,6,9,0,3",45,35,35,0,1.0,-0.22191386019362186,0.25,0.028086139806378148,0.0,0.0,0.5,0.0058879852294921875,Feasible
788,787,8,4,4,"ADD:0,9;ADD:3,1;ADD:5,3;ADD:7,5;REMOVE:0,1;REMOVE:2,2;REMOVE:2,6;REMOVE:4,5",0:1|2;1:-;2:2|6;3:4;4:1|2|5;5:0|6;6:2|6;7:7;8:7;9:-,0:2|9;1:-;2:-;3:1|4;4:1|2;5:0|3|6;6:2|6;7:5|7;8:7;9:-,0@2=1;0@4=2;0@6=1;3@2=1;3@1=2;3@9=1;4@4=3;4@6=1;4@8=1;5@1=1;5@3=1;6@2=2;6@4=1;6@6=1;6@1=1;6@9=1;6@3=1;6@0=1;7@2=1;7@6=1;7@1=4;7@9=1;7@8=1;7@0=1;7@5=1;7@7=1;8@7=1,"2,4,6,1,9,8,3,0,5,7",35,27,27,0,1.0,-0.08566047201211807,0.2857142857142857,0.028625242273596235,0.0,0.0,0.4,0.006852865219116211,Feasible
789,788,4,1,3,"ADD:2,8;REMOVE:5,0;REMOVE:5,6;REMOVE:7,5",0:2|9;1:-;2:-;3:1|4;4:1|2;5:0|3|6;6:2|6;7:5|7;8:7;9:-,0:2|9;1:-;2:8;3:1|4;4:1|2;5:3;6:2|6;7:7;8:7;9:-,0@0=1;0@1=2;0@2=1;0@3=3;0@6=1;0@7=1;0@8=3;2@8=1;2@4=1;3@1=1;3@2=2;3@3=2;3@6=1;3@7=1;4@6=2;4@7=2;4@4=2;5@3=1;5@9=1;6@0=1;6@1=2;6@2=1;6@3=1;6@6=1;6@8=1;6@4=3;7@0=1;7@6=2;7@7=2;7@4=2;7@9=1;8@3=2;8@6=1;8@7=1;8@4=2;8@9=1,"0,1,2,3,6,7,8,4,9",54,36,36,0,1.0,0.129972477124539,0.21428571428571427,0.01568676283882474,0.0,0.0,0.1,0.005053043365478516,Feasible
790,789,7,5,2,"ADD:2,3;ADD:5,4;ADD:7,5;ADD:8,4;ADD:8,5;REMOVE:0,9;REMOVE:4,1",0:2|9;1:-;2:8;3:1|4;4:1|2;5:3;6:2|6;7:7;8:7;9:-,0:2;1:-;2:3|8;3:1|4;4:2;5:3|4;6:2|6;7:5|7;8:4|5|7;9:-,0@0=1;0@4=2;2@4=1;2@3=2;2@8=1;2@9=1;3@9=1;3@2=2;4@4=1;4@3=2;4@2=1;5@4=1;5@9=1;5@1=1;6@2=1;6@1=1;6@5=3;6@7=1;7@0=1;7@4=1;7@9=1;7@2=1;7@1=1;7@5=1;7@7=1;8@2=1;8@5=1,"0,4,3,8,9,2,1,5,7",33,27,27,0,1.0,-0.30376144912430436,0.16666666666666666,0.029571884209029013,0.0,0.0,0.5,0.0039010047912597656,Feasible
791,790,7,3,4,"ADD:0,6;ADD:3,5;ADD:4,1;REMOVE:2,3;REMOVE:6,6;REMOVE:8,4;REMOVE:8,5",0:2;1:-;2:3|8;3:1|4;4:2;5:3|4;6:2|6;7:5|7;8:4|5|7;9:-,0:2|6;1:-;2:8;3:1|4|5;4:1|2;5:3|4;6:2;7:5|7;8:7;9:-,0@0=1;0@2=3;0@4=1;0@5=2;0@6=1;0@9=1;2@2=1;2@7=1;3@2=1;3@5=1;3@6=1;3@7=1;3@8=1;4@2=1;4@4=2;4@5=1;4@7=4;4@1=2;5@4=2;5@5=1;6@4=1;6@9=1;6@3=1;7@2=1;7@4=4;7@5=1;7@1=1;8@2=1;8@8=1;8@1=1,"0,2,4,5,6,9,7,8,1,3",42,30,30,0,1.0,-0.006333138546930905,0.26666666666666666,0.027000194786402452,0.0,0.0,0.30000000000000004,0.0061321258544921875,Feasible
792,791,9,3,6,"ADD:2,0;ADD:5,5;ADD:6,6;REMOVE:0,2;REMOVE:3,1;REMOVE:3,5;REMOVE:5,3;REMOVE:5,4;REMOVE:7,5",0:2|6;1:-;2:8;3:1|4|5;4:1|2;5:3|4;6:2;7:5|7;8:7;9:-,0:6;1:-;2:0|8;3:4;4:1|2;5:5;6:2|6;7:7;8:7;9:-,0@1=1;0@6=1;2@6=1;2@0=1;2@2=1;3@2=1;3@4=1;4@1=1;4@6=1;4@2=1;4@3=1;6@6=1;6@2=1;6@4=1;6@5=2;7@1=2;7@0=1;7@2=2;7@4=1;7@8=1;8@0=1,"1,6,0,2,4,3,5,8",24,21,21,0,1.0,0.1557568010650116,0.42857142857142855,0.027185372493583115,0.0,0.0,0.30000000000000004,0.007498025894165039,Feasible
793,792,6,2,4,"ADD:3,5;ADD:7,5;REMOVE:0,6;REMOVE:2,8;REMOVE:4,2;REMOVE:8,7",0:6;1:-;2:0|8;3:4;4:1|2;5:5;6:2|6;7:7;8:7;9:-,0:-;1:-;2:0;3:4|5;4:1;5:5;6:2|6;7:5|7;8:-;9:-,2@5=1;3@5=1;3@0=1;3@6=1;3@7=1;4@7=1;4@1=1;5@2=2;6@5=1;6@0=1;6@6=1;6@1=1;6@4=1;7@5=1;7@0=1;7@1=2;7@2=1;7@4=1;7@3=2;7@9=1,"5,0,6,7,1,2,4,3,9",23,20,20,0,1.0,0.17945931613157023,0.36363636363636365,0.015822952495206606,0.0,0.0,0.2,0.0055408477783203125,Feasible
794,793,6,5,1,"ADD:0,1;ADD:2,6;ADD:3,1;ADD:4,2;ADD:8,2;REMOVE:7,5",0:-;1:-;2:0;3:4|5;4:1;5:5;6:2|6;7:5|7;8:-;9:-,0:1;1:-;2:0|6;3:1|4|5;4:1|2;5:5;6:2|6;7:7;8:2;9:-,0@1=1;0@6=2;0@7=1;0@9=1;2@6=1;2@2=1;3@1=1;3@6=1;3@2=1;3@3=1;3@4=3;3@8=1;4@2=1;4@4=2;5@3=1;5@0=1;5@5=1;6@6=1;6@7=1;6@9=1;6@2=1;6@3=1;6@4=2;7@6=1;7@7=1;7@2=2;7@3=1;7@4=1;8@2=1;8@4=1;8@8=1,"1,6,7,9,2,3,4,8,0,5",37,31,31,0,1.0,-0.3553321995930398,0.1111111111111111,0.03355668929584911,0.0,0.0,0.5,0.002785921096801758,Feasible
795,794,6,3,3,"ADD:0,0;ADD:0,4;ADD:5,4;REMOVE:2,6;REMOVE:3,4;REMOVE:4,1",0:1;1:-;2:0|6;3:1|4|5;4:1|2;5:5;6:2|6;7:7;8:2;9:-,0:0|1|4;1:-;2:0;3:1|5;4:2;5:4|5;6:2|6;7:7;8:2;9:-,0@0=1;0@1=1;0@3=2;0@4=3;0@5=2;0@8=1;2@0=1;2@2=2;3@0=1;3@1=1;3@9=1;4@0=1;4@3=2;4@4=3;4@9=1;5@4=1;5@2=1;5@6=1;6@5=1;6@2=2;6@9=1;6@6=1;7@1=2;7@4=2;7@2=1;7@6=2;7@7=2;8@0=1;8@3=2;8@4=1;8@2=2,"0,1,3,4,5,8,2,9,6,7",46,31,31,0,1.0,-0.03823384833920834,0.23076923076923078,0.03099692089156092,0.0,0.0,0.30000000000000004,0.0052220821380615234,Feasible
796,795,8,4,4,"ADD:0,5;ADD:1,3;ADD:1,4;ADD:3,4;REMOVE:0,4;REMOVE:2,0;REMOVE:5,4;REMOVE:6,6",0:0|1|4;1:-;2:0;3:1|5;4:2;5:4|5;6:2|6;7:7;8:2;9:-,0:0|1|5;1:3|4;2:-;3:1|4|5;4:2;5:5;6:2;7:7;8:2;9:-,0@1=1;0@2=2;0@3=2;0@7=1;0@8=1;1@3=1;1@4=1;1@5=2;3@3=2;3@4=3;3@5=1;3@9=1;4@3=1;4@7=2;4@4=2;4@5=1;4@0=1;5@3=2;5@5=1;6@2=1;6@7=2;6@4=1;6@0=1;7@1=1;7@2=2;7@8=1;7@4=3;7@0=3;8@5=1,"1,2,3,7,8,4,5,9,0",44,29,29,0,1.0,-0.07178958099478461,0.3076923076923077,0.020518111312907733,0.0,0.0,0.4,0.005975961685180664,Feasible
797,796,5,2,3,"ADD:5,1;ADD:8,1;REMOVE:0,0;REMOVE:0,5;REMOVE:3,5",0:0|1|5;1:3|4;2:-;3:1|4|5;4:2;5:5;6:2;7:7;8:2;9:-,0:1;1:3|4;2:-;3:1|4;4:2;5:1|5;6:2;7:7;8:1|2;9:-,0@1=1;0@3=1;0@7=1;0@8=1;1@1=1;1@8=2;1@9=2;3@1=1;3@9=1;3@2=3;3@4=2;4@9=1;5@1=1;5@5=1;6@2=1;6@4=1;7@1=1;7@7=2;7@4=3;8@1=1;8@9=1;8@2=1,"1,3,7,8,9,2,4,5",30,22,22,0,1.0,0.06779099915232256,0.23076923076923078,0.03702176838309179,0.0,0.0,0.2,0.004480838775634766,Feasible
798,797,9,6,3,"ADD:0,0;ADD:0,4;ADD:2,3;ADD:2,8;ADD:3,0;ADD:6,1;REMOVE:5,1;REMOVE:5,5;REMOVE:8,1",0:1;1:3|4;2:-;3:1|4;4:2;5:1|5;6:2;7:7;8:1|2;9:-,0:0|1|4;1:3|4;2:3|8;3:0|1|4;4:2;5:-;6:1|2;7:7;8:2;9:-,0@0=1;0@3=1;0@4=1;0@9=1;1@4=2;1@9=1;1@1=1;2@3=2;2@4=1;2@1=1;2@5=1;2@7=1;3@0=2;3@3=1;3@4=1;3@5=1;4@4=1;4@2=1;4@8=1;6@3=1;6@9=1;6@1=1;6@5=1;6@7=2;6@6=2;7@3=1;7@4=2;7@1=1;7@8=2;8@4=1,"0,3,4,9,1,5,7,2,8,6",37,30,30,0,1.0,-0.3198159214162245,0.25,0.030184078583775493,0.0,0.0,0.6,0.0050048828125,Feasible
799,798,9,4,5,"ADD:4,1;ADD:5,1;ADD:5,4;ADD:8,1;REMOVE:0,1;REMOVE:1,4;REMOVE:2,3;REMOVE:3,0;REMOVE:6,1",0:0|1|4;1:3|4;2:3|8;3:0|1|4;4:2;5:-;6:1|2;7:7;8:2;9:-,0:0|4;1:3;2:8;3:1|4;4:1|2;5:1|4;6:2;7:7;8:1|2;9:-,0@0=1;0@2=1;0@4=1;1@7=1;2@2=1;2@8=1;3@2=1;3@7=1;3@8=1;3@1=1;3@3=1;3@9=1;4@2=1;4@1=1;4@9=1;5@4=1;5@8=1;5@1=1;6@2=1;6@4=1;6@5=1;7@4=1;7@7=1;7@1=1;8@1=2,"0,2,4,7,8,1,3,9,5",26,25,25,0,1.0,-0.022484461961260915,0.3333333333333333,0.044182204705405785,0.0,0.0,0.4,0.006974935531616211,Feasible
800,799,8,2,6,"ADD:3,0;ADD:6,1;REMOVE:0,0;REMOVE:0,4;REMOVE:1,3;REMOVE:2,8;REMOVE:4,1;REMOVE:8,1",0:0|4;1:3;2:8;3:1|4;4:1|2;5:1|4;6:2;7:7;8:1|2;9:-,0:-;1:-;2:-;3:0|1|4;4:2;5:1|4;6:1|2;7:7;8:2;9:-,3@0=1;3@2=2;3@7=1;4@2=1;4@9=1;5@9=1;5@4=1;5@8=1;6@4=1;6@1=1;7@0=1;7@2=1;7@7=2;7@9=1;7@8=1;8@2=1;8@9=1;8@3=1,"0,2,7,9,4,8,1,3",20,18,18,0,1.0,0.26370804329818726,0.42857142857142855,0.035136614726758705,0.0,0.0,0.2,0.007230281829833984,Feasible
801,800,11,7,4,"ADD:0,5;ADD:0,9;ADD:2,5;ADD:4,6;ADD:5,0;ADD:7,5;ADD:8,1;REMOVE:3,0;REMOVE:3,1;REMOVE:6,1;REMOVE:6,2",0:-;1:-;2:-;3:0|1|4;4:2;5:1|4;6:1|2;7:7;8:2;9:-,0:5|9;1:-;2:5;3:4;4:2|6;5:0|1|4;6:-;7:5|7;8:1|2;9:-,0@5=1;0@9=1;2@5=1;3@2=2;3@4=3;3@7=3;3@8=2;4@5=1;4@2=1;4@6=1;5@2=2;5@0=1;7@5=1;7@2=1;7@4=2;7@0=6;7@1=1;7@3=1;8@9=1;8@2=1;8@1=1,"5,9,2,4,7,8,6,0,1,3",34,21,21,0,1.0,-0.2646622646564595,0.4,0.03533773534354043,0.0,0.0,0.7,0.0057070255279541016,Feasible
802,801,11,6,5,"ADD:0,4;ADD:1,1;ADD:1,4;ADD:2,1;ADD:2,4;ADD:3,1;REMOVE:4,6;REMOVE:5,1;REMOVE:5,4;REMOVE:7,5;REMOVE:8,1",0:5|9;1:-;2:5;3:4;4:2|6;5:0|1|4;6:-;7:5|7;8:1|2;9:-,0:4|5|9;1:1|4;2:1|4|5;3:1|4;4:2;5:0;6:-;7:7;8:2;9:-,0@4=1;1@4=2;1@1=2;1@2=2;1@3=1;1@8=1;2@4=1;2@1=1;3@4=3;3@1=2;3@2=1;3@8=1;4@4=2;4@2=1;4@9=1;5@2=1;5@0=1;7@4=1;7@1=1;7@2=1;7@3=2;7@9=1;7@0=2;7@6=1;8@4=1;8@0=1,"4,1,2,3,8,9,0,6",35,26,26,0,1.0,-0.1759129790775833,0.38461538461538464,0.039471636307032015,0.0,0.0,0.6,0.006556987762451172,Feasible
803,802,5,2,3,"ADD:6,2;ADD:6,6;REMOVE:0,4;REMOVE:0,5;REMOVE:0,9",0:4|5|9;1:1|4;2:1|4|5;3:1|4;4:2;5:0;6:-;7:7;8:2;9:-,0:-;1:1|4;2:1|4|5;3:1|4;4:2;5:0;6:2|6;7:7;8:2;9:-,1@3=1;1@4=2;1@7=1;1@9=1;2@4=1;2@1=2;2@5=1;2@6=1;2@8=1;3@1=1;3@2=1;4@3=1;4@4=1;4@5=3;4@8=1;4@2=1;5@2=1;6@6=1;6@8=1;6@2=1;7@3=2;7@4=1;7@9=2;7@1=1;7@2=2;8@7=1,"3,4,7,9,1,5,6,8,2",33,26,26,0,1.0,0.04578909079174068,0.21428571428571427,0.03150337650602642,0.0,0.0,0.2,0.004528045654296875,Feasible
804,803,5,2,3,"ADD:3,0;ADD:5,1;REMOVE:1,1;REMOVE:1,4;REMOVE:2,5",0:-;1:1|4;2:1|4|5;3:1|4;4:2;5:0;6:2|6;7:7;8:2;9:-,0:-;1:-;2:1|4;3:0|1|4;4:2;5:0|1;6:2|6;7:7;8:2;9:-,2@1=1;2@2=2;2@4=1;3@4=1;3@0=1;3@3=1;3@5=1;4@2=1;4@3=1;4@7=1;5@1=3;6@1=1;6@2=2;7@1=1;7@2=1;7@9=1;8@4=1;8@3=1,"1,2,4,0,3,5,7,9",22,18,18,0,1.0,0.07620757596493688,0.23076923076923078,0.045438345195706116,0.0,0.0,0.2,0.004275083541870117,Feasible
805,804,6,2,4,"ADD:4,1;ADD:7,5;REMOVE:2,1;REMOVE:3,1;REMOVE:6,2;REMOVE:6,6",0:-;1:-;2:1|4;3:0|1|4;4:2;5:0|1;6:2|6;7:7;8:2;9:-,0:-;1:-;2:4;3:0|4;4:1|2;5:0|1;6:-;7:5|7;8:2;9:-,2@4=1;3@4=1;3@2=1;3@5=1;3@7=1;3@8=1;4@4=1;4@7=2;4@0=1;4@1=1;4@6=1;5@6=1;7@4=2;7@2=1;7@5=2;7@0=1;7@1=1;8@9=1,"4,2,5,7,8,0,1,6,9",21,18,18,0,1.0,0.15653658073693366,0.3333333333333333,0.02320324740360037,0.0,0.0,0.2,0.005443096160888672,Feasible
806,805,5,3,2,"ADD:2,1;ADD:3,1;ADD:8,1;REMOVE:4,1;REMOVE:7,7",0:-;1:-;2:4;3:0|4;4:1|2;5:0|1;6:-;7:5|7;8:2;9:-,0:-;1:-;2:1|4;3:0|1|4;4:2;5:0|1;6:-;7:5;8:1|2;9:-,2@1=1;2@3=1;3@1=1;3@4=1;3@6=1;3@7=1;4@3=1;4@2=1;5@0=1;5@8=1;7@8=1;7@5=1;8@1=1,"1,3,4,6,7,2,0,8,5",13,13,13,0,1.0,-0.05015615322107622,0.2,0.04984384677892381,0.0,0.0,0.30000000000000004,0.0033969879150390625,Feasible
807,806,8,4,4,"ADD:4,1;ADD:5,4;ADD:7,1;ADD:7,4;REMOVE:2,1;REMOVE:3,1;REMOVE:3,4;REMOVE:8,1",0:-;1:-;2:1|4;3:0|1|4;4:2;5:0|1;6:-;7:5;8:1|2;9:-,0:-;1:-;2:4;3:0;4:1|2;5:0|1|4;6:-;7:1|4|5;8:2;9:-,2@2=1;3@0=1;4@1=1;4@3=1;4@6=1;5@0=1;5@4=1;7@1=2;7@4=5;7@7=3;7@8=1;8@2=1;8@3=1;8@4=1,"2,0,1,3,6,4,7,8",21,14,14,0,1.0,0.017917162502758543,0.36363636363636365,0.05428079886639489,0.0,0.0,0.4,0.005081892013549805,Feasible
808,807,6,3,3,"ADD:1,1;ADD:1,4;ADD:2,0;REMOVE:4,1;REMOVE:5,4;REMOVE:7,5",0:-;1:-;2:4;3:0;4:1|2;5:0|1|4;6:-;7:1|4|5;8:2;9:-,0:-;1:1|4;2:0|4;3:0;4:2;5:0|1;6:-;7:1|4;8:2;9:-,1@1=1;1@4=2;1@7=2;1@8=1;1@9=1;2@7=2;2@0=1;2@5=1;3@5=1;4@4=1;4@9=2;4@5=1;4@2=1;5@1=1;5@7=1;5@9=1;5@5=1;7@1=2;7@4=1;7@7=1;7@9=1;7@2=2;8@4=1;8@9=1;8@5=1,"1,4,7,8,9,0,5,2",31,25,25,0,1.0,-0.00033240781236820727,0.2727272727272727,0.02694031946035911,0.0,0.0,0.30000000000000004,0.004479885101318359,Feasible
809,808,8,7,1,"ADD:1,5;ADD:2,1;ADD:3,3;ADD:3,4;ADD:4,1;ADD:6,4;ADD:7,5;REMOVE:5,0",0:-;1:1|4;2:0|4;3:0;4:2;5:0|1;6:-;7:1|4;8:2;9:-,0:-;1:1|4|5;2:0|1|4;3:0|3|4;4:1|2;5:1;6:4;7:1|4|5;8:2;9:-,1@2=1;1@5=1;1@9=1;2@2=2;2@0=1;2@1=3;2@4=1;3@2=1;3@0=1;3@4=3;3@3=1;3@7=1;4@2=1;4@1=1;4@4=2;5@9=1;5@6=1;6@4=1;6@6=1;7@2=1;7@5=1;7@4=2;7@3=1;7@6=2;7@8=1;8@4=1,"2,5,9,0,1,4,3,7,6,8",34,26,26,0,1.0,-0.5624074791213487,0.09090909090909091,0.04668342996956035,0.0,0.0,0.7,0.0026466846466064453,Feasible
810,809,9,2,7,"ADD:5,2;ADD:6,5;REMOVE:1,1;REMOVE:1,5;REMOVE:2,0;REMOVE:2,1;REMOVE:3,0;REMOVE:7,4;REMOVE:7,5",0:-;1:1|4|5;2:0|1|4;3:0|3|4;4:1|2;5:1;6:4;7:1|4|5;8:2;9:-,0:-;1:4;2:4;3:3|4;4:1|2;5:1|2;6:4|5;7:1;8:2;9:-,1@4=1;1@8=1;2@4=1;3@4=1;3@2=2;3@5=1;3@7=1;3@9=1;4@4=1;4@8=1;4@2=2;4@1=1;4@6=1;5@2=1;5@5=1;5@9=1;5@6=1;6@8=1;6@2=4;6@5=1;6@6=1;6@0=1;7@8=1;7@9=2;7@1=1;7@6=1;8@4=1,"4,8,2,5,7,9,1,6,0",33,27,27,0,1.0,0.2402620422815535,0.4117647058823529,0.028497336399200615,0.0,0.0,0.2,0.011013031005859375,Feasible
811,810,7,4,3,"ADD:2,1;ADD:2,5;ADD:7,0;ADD:8,1;REMOVE:3,3;REMOVE:5,2;REMOVE:6,5",0:-;1:4;2:4;3:3|4;4:1|2;5:1|2;6:4|5;7:1;8:2;9:-,0:-;1:4;2:1|4|5;3:4;4:1|2;5:1;6:4;7:0|1;8:1|2;9:-,1@4=2;1@8=1;2@1=1;2@2=2;2@5=1;2@6=1;3@4=1;3@7=1;4@4=1;4@8=1;4@5=1;4@6=1;5@6=1;6@6=1;7@8=1;7@1=1;7@0=1;7@9=1;8@4=1;8@1=1;8@2=2;8@6=1;8@0=1,"4,8,1,2,5,6,7,0,9",26,23,23,0,1.0,-0.10904470291654278,0.25,0.04095529708345727,0.0,0.0,0.4,0.004509925842285156,Feasible
812,811,7,4,3,"ADD:1,9;ADD:6,3;ADD:7,3;ADD:7,4;REMOVE:2,4;REMOVE:4,1;REMOVE:8,2",0:-;1:4;2:1|4|5;3:4;4:1|2;5:1;6:4;7:0|1;8:1|2;9:-,0:-;1:4|9;2:1|5;3:4;4:2;5:1;6:3|4;7:0|1|3|4;8:1;9:-,1@2=1;1@6=1;1@8=1;1@9=1;2@2=3;2@0=1;2@7=1;3@7=1;3@4=2;4@2=1;4@8=1;4@5=1;5@7=1;5@1=2;6@2=1;6@8=2;6@4=1;6@3=1;7@8=1;7@0=1;7@7=2;7@4=1;8@1=1;8@3=1,"2,6,8,9,0,7,4,5,1,3",30,24,24,0,1.0,-0.13299188536790274,0.23076923076923078,0.0362388838628665,0.0,0.0,0.4,0.004730939865112305,Feasible
813,812,9,5,4,"ADD:1,0;ADD:3,9;ADD:5,2;ADD:6,0;ADD:8,0;REMOVE:2,5;REMOVE:6,3;REMOVE:7,1;REMOVE:7,3",0:-;1:4|9;2:1|5;3:4;4:2;5:1;6:3|4;7:0|1|3|4;8:1;9:-,0:-;1:0|4|9;2:1;3:4|9;4:2;5:1|2;6:0|4;7:0|4;8:0|1;9:-,1@0=1;1@2=1;1@3=1;2@9=1;3@2=1;3@9=1;3@4=1;3@7=1;4@2=3;4@5=1;5@2=1;5@9=1;5@8=1;6@4=1;6@8=1;6@6=1;7@0=1;7@2=3;7@7=1;7@5=2;7@8=2;8@0=1;8@9=1;8@7=1,"0,2,3,9,4,7,5,8,6",30,24,24,0,1.0,-0.18415784607495256,0.2857142857142857,0.03012786821076175,0.0,0.0,0.5,0.005829811096191406,Feasible
814,813,10,3,7,"ADD:4,1;ADD:6,1;ADD:7,1;REMOVE:1,0;REMOVE:1,4;REMOVE:1,9;REMOVE:2,1;REMOVE:3,4;REMOVE:3,9;REMOVE:8,1",0:-;1:0|4|9;2:1;3:4|9;4:2;5:1|2;6:0|4;7:0|4;8:0|1;9:-,0:-;1:-;2:-;3:-;4:1|2;5:1|2;6:0|1|4;7:0|1|4;8:0;9:-,4@1=1;4@3=1;4@4=1;4@8=1;5@1=1;5@4=2;6@1=1;6@2=1;6@6=1;7@1=1;7@4=1;7@5=3;7@9=1;8@2=1;8@0=1;8@7=1,"1,3,4,8,2,6,5,9,0,7",19,16,16,0,1.0,0.19941823669972353,0.4666666666666667,0.032751570033056884,0.0,0.0,0.30000000000000004,0.008733987808227539,Feasible
815,814,6,4,2,"ADD:2,0;ADD:2,4;ADD:3,4;ADD:8,1;REMOVE:4,1;REMOVE:6,4",0:-;1:-;2:-;3:-;4:1|2;5:1|2;6:0|1|4;7:0|1|4;8:0;9:-,0:-;1:-;2:0|4;3:4;4:2;5:1|2;6:0|1;7:0|1|4;8:0|1;9:-,2@0=1;2@2=1;2@4=1;3@4=1;4@2=1;4@4=1;5@4=1;6@0=1;6@2=1;6@5=2;7@0=1;7@2=1;7@4=4;7@1=2;7@8=1;7@9=1;8@2=1;8@1=1;8@8=1,"0,2,4,5,1,8,9",24,19,19,0,1.0,-0.16566500933390294,0.18181818181818182,0.05251680884791526,0.0,0.0,0.4,0.0035462379455566406,Feasible
816,815,4,2,2,"ADD:2,1;ADD:4,1;REMOVE:5,1;REMOVE:7,0",0:-;1:-;2:0|4;3:4;4:2;5:1|2;6:0|1;7:0|1|4;8:0|1;9:-,0:-;1:-;2:0|1|4;3:4;4:1|2;5:2;6:0|1;7:1|4;8:0|1;9:-,2@1=1;2@2=4;2@6=1;2@7=1;3@2=1;3@4=1;3@8=1;4@1=1;4@2=2;4@4=1;4@5=1;5@5=1;5@3=1;6@1=1;6@5=1;6@3=1;7@1=4;7@2=1;7@6=1;7@4=1;7@8=1;8@2=1;8@5=1;8@3=1,"1,2,6,7,4,8,5,3",31,24,24,0,1.0,-0.010184892368165999,0.15384615384615385,0.03596895378568015,0.0,0.0,0.2,0.003515958786010742,Feasible
817,816,7,5,2,"ADD:0,1;ADD:0,4;ADD:1,8;ADD:7,0;ADD:8,4;REMOVE:3,4;REMOVE:4,1",0:-;1:-;2:0|1|4;3:4;4:1|2;5:2;6:0|1;7:1|4;8:0|1;9:-,0:1|4;1:8;2:0|1|4;3:-;4:2;5:2;6:0|1;7:0|1|4;8:0|1|4;9:-,0@1=2;0@4=2;0@6=1;0@8=1;1@1=1;2@4=1;2@0=1;2@2=2;2@3=1;4@4=1;4@7=3;4@9=1;5@4=2;5@0=1;6@6=1;6@0=1;6@9=1;7@4=2;7@6=1;7@0=1;7@2=3;7@3=1;7@9=1;7@5=1;8@4=1;8@3=1;8@7=1,"1,4,6,8,0,2,3,7,9,5",36,27,27,0,1.0,-0.31891445473265534,0.15384615384615385,0.027239391421190768,0.0,0.0,0.5,0.003851652145385742,Feasible
818,817,7,4,3,"ADD:0,5;ADD:3,5;ADD:3,9;ADD:4,1;REMOVE:1,8;REMOVE:2,0;REMOVE:2,1",0:1|4;1:8;2:0|1|4;3:-;4:2;5:2;6:0|1;7:0|1|4;8:0|1|4;9:-,0:1|4|5;1:-;2:4;3:5|9;4:1|2;5:2;6:0|1;7:0|1|4;8:0|1|4;9:-,0@2=1;0@4=2;0@5=1;0@7=1;0@9=3;2@2=2;2@4=1;2@6=2;2@8=1;3@5=1;3@9=1;3@6=1;4@8=1;4@1=1;5@2=1;6@2=2;6@6=2;6@1=1;7@2=1;7@4=1;7@5=2;7@1=1;7@3=1;8@2=2;8@4=1;8@9=1;8@1=2;8@0=1,"2,4,5,7,9,6,8,1,3,0",38,28,28,0,1.0,-0.17237097487279165,0.1875,0.04012902512720836,0.0,0.0,0.4,0.005026102066040039,Feasible
819,818,10,3,7,"ADD:2,1;ADD:4,0;ADD:5,1;REMOVE:0,5;REMOVE:3,9;REMOVE:4,1;REMOVE:6,0;REMOVE:6,1;REMOVE:8,0;REMOVE:8,1",0:1|4|5;1:-;2:4;3:5|9;4:1|2;5:2;6:0|1;7:0|1|4;8:0|1|4;9:-,0:1|4;1:-;2:1|4;3:5;4:0|2;5:1|2;6:-;7:0|1|4;8:4;9:-,0@4=1;0@9=1;2@4=1;2@1=1;3@2=1;4@4=1;4@3=1;5@1=1;5@0=1;5@5=1;7@4=1;7@1=2;7@2=1;7@3=1;7@0=2;7@5=1;7@7=1;8@4=2,"4,9,1,2,3,0,5,7",21,18,18,0,1.0,0.16362484375838482,0.4117647058823529,0.05186013787603193,0.0,0.0,0.30000000000000004,0.008520126342773438,Feasible
820,819,8,5,3,"ADD:1,3;ADD:3,4;ADD:6,8;ADD:6,9;ADD:8,3;REMOVE:0,1;REMOVE:0,4;REMOVE:4,0",0:1|4;1:-;2:1|4;3:5;4:0|2;5:1|2;6:-;7:0|1|4;8:4;9:-,0:-;1:3;2:1|4;3:4|5;4:2;5:1|2;6:8|9;7:0|1|4;8:3|4;9:-,1@3=1;2@1=1;2@2=1;3@4=1;4@4=1;4@8=1;5@1=2;5@0=1;6@8=1;7@1=1;7@2=2;7@4=2;7@5=1;7@6=1;7@7=4;8@3=1;8@2=1;8@9=1,"3,1,2,4,8,0,5,6,7,9",24,18,18,0,1.0,-0.226880689330052,0.23076923076923078,0.04235007990071723,0.0,0.0,0.5,0.004786968231201172,Feasible
821,820,8,2,6,"ADD:4,6;ADD:6,0;REMOVE:1,3;REMOVE:2,1;REMOVE:2,4;REMOVE:3,5;REMOVE:5,1;REMOVE:8,3",0:-;1:3;2:1|4;3:4|5;4:2;5:1|2;6:8|9;7:0|1|4;8:3|4;9:-,0:-;1:-;2:-;3:4;4:2|6;5:2;6:0|8|9;7:0|1|4;8:4;9:-,3@4=1;4@4=2;4@3=1;4@6=1;5@7=1;6@0=1;6@9=1;7@4=4;7@0=1;7@1=1;7@2=1;8@4=1,"4,3,6,7,0,9,1,2",16,12,12,0,1.0,0.27104269776696827,0.4,0.07104269776696824,0.0,0.0,0.2,0.0071048736572265625,Feasible
822,821,12,8,4,"ADD:0,1;ADD:0,4;ADD:1,0;ADD:1,6;ADD:2,3;ADD:3,3;ADD:4,3;ADD:8,9;REMOVE:6,0;REMOVE:6,9;REMOVE:7,1;REMOVE:7,4",0:-;1:-;2:-;3:4;4:2|6;5:2;6:0|8|9;7:0|1|4;8:4;9:-,0:1|4;1:0|6;2:3;3:3|4;4:2|3|6;5:2;6:8;7:0;8:4|9;9:-,0@1=3;0@3=2;0@4=1;0@7=1;0@8=1;1@0=1;1@2=1;1@6=1;2@3=1;3@3=1;4@1=1;4@4=1;4@2=1;5@4=2;5@8=1;5@9=1;6@4=1;6@2=1;7@2=1;7@5=1;8@4=1;8@9=1,"1,3,4,7,8,0,2,6,9,5",26,22,22,0,1.0,-0.3959723597304196,0.36363636363636365,0.040391276633216684,0.0,0.0,0.7999999999999999,0.005999088287353516,Feasible
823,822,7,6,1,"ADD:1,3;ADD:2,4;ADD:5,1;ADD:6,0;ADD:6,3;ADD:7,4;REMOVE:4,2",0:1|4;1:0|6;2:3;3:3|4;4:2|3|6;5:2;6:8;7:0;8:4|9;9:-,0:1|4;1:0|3|6;2:3|4;3:3|4;4:3|6;5:1|2;6:0|3|8;7:0|4;8:4|9;9:-,0@1=2;0@2=1;0@4=1;0@6=1;1@1=2;1@3=2;1@5=1;2@4=1;3@1=2;3@2=1;3@3=2;3@8=1;4@2=1;4@3=2;4@7=1;5@1=1;5@4=1;6@4=1;6@3=1;6@8=1;6@0=1;7@4=2;7@8=1;7@7=2;7@0=1;8@6=1;8@9=3,"1,2,4,6,3,5,8,7,0,9",37,27,27,0,1.0,-0.47641490713690526,0.06666666666666667,0.05691842619642808,0.0,0.0,0.6,0.0027670860290527344,Feasible
824,823,10,4,6,"ADD:0,0;ADD:4,0;ADD:7,9;ADD:8,0;REMOVE:1,0;REMOVE:2,3;REMOVE:2,4;REMOVE:3,4;REMOVE:5,1;REMOVE:5,2",0:1|4;1:0|3|6;2:3|4;3:3|4;4:3|6;5:1|2;6:0|3|8;7:0|4;8:4|9;9:-,0:0|1|4;1:3|6;2:-;3:3;4:0|3|6;5:-;6:0|3|8;7:0|4|9;8:0|4|9;9:-,0@1=1;0@2=1;0@3=3;0@4=2;1@2=2;1@3=1;1@4=1;1@5=2;1@8=1;3@9=1;4@1=1;4@8=1;4@0=1;6@1=1;6@4=4;6@8=1;6@9=1;6@0=1;7@2=1;7@4=1;7@9=1;7@6=1;8@1=1;8@3=1;8@8=1;8@0=2,"1,2,3,4,5,8,9,0,6",35,26,26,0,1.0,-0.06950158852891686,0.3,0.03049841147108319,0.0,0.0,0.4,0.00810694694519043,Feasible
825,824,13,3,10,"ADD:5,4;ADD:5,9;ADD:8,6;REMOVE:0,4;REMOVE:1,3;REMOVE:4,0;REMOVE:4,3;REMOVE:6,0;REMOVE:6,3;REMOVE:6,8;REMOVE:7,9;REMOVE:8,0;REMOVE:8,4",0:0|1|4;1:3|6;2:-;3:3;4:0|3|6;5:-;6:0|3|8;7:0|4|9;8:0|4|9;9:-,0:0|1;1:6;2:-;3:3;4:6;5:4|9;6:-;7:0|4;8:6|9;9:-,0@0=1;0@1=1;0@3=1;0@7=1;0@8=2;0@9=1;1@1=1;1@7=1;1@4=1;3@1=1;3@7=1;4@4=1;5@9=1;5@4=1;7@0=2;7@8=2;7@4=1;7@2=2;7@5=1;8@1=1;8@9=1;8@2=3,"0,1,3,7,8,9,4,2,5",28,22,22,0,1.0,0.2857747630098776,0.5555555555555556,0.030219207454322054,0.0,0.0,0.30000000000000004,0.011858224868774414,Feasible
826,825,8,7,1,"ADD:2,2;ADD:3,4;ADD:4,3;ADD:4,4;ADD:6,2;ADD:6,6;ADD:7,1;REMOVE:5,4",0:0|1;1:6;2:-;3:3;4:6;5:4|9;6:-;7:0|4;8:6|9;9:-,0:0|1;1:6;2:2;3:3|4;4:3|4|6;5:9;6:2|6;7:0|1|4;8:6|9;9:-,0@2=1;0@3=1;0@5=1;0@7=2;1@1=1;2@2=1;3@2=2;3@3=1;3@5=1;3@1=1;3@4=2;3@6=1;3@8=1;4@3=1;4@7=1;4@4=1;5@9=1;6@2=2;6@7=2;6@4=1;6@6=1;7@2=2;7@5=1;7@1=1;7@6=1;7@8=1;8@2=1;8@8=1,"2,3,5,7,1,4,6,8,9",34,28,28,0,1.0,-0.5769679841173068,0.09090909090909091,0.032122924973602224,0.0,0.0,0.7,0.002597808837890625,Feasible
827,826,11,3,8,"ADD:2,1;ADD:3,1;ADD:5,4;REMOVE:1,6;REMOVE:3,3;REMOVE:4,4;REMOVE:4,6;REMOVE:6,6;REMOVE:7,4;REMOVE:8,6;REMOVE:8,9",0:0|1;1:6;2:2;3:3|4;4:3|4|6;5:9;6:2|6;7:0|1|4;8:6|9;9:-,0:0|1;1:-;2:1|2;3:1|4;4:3;5:4|9;6:2;7:0|1;8:-;9:-,0@1=1;0@2=1;0@6=1;2@1=1;2@4=1;3@4=2;4@3=1;5@1=1;5@2=2;5@4=1;6@5=1;7@1=2;7@5=1,"1,2,6,4,3,5",16,13,13,0,1.0,0.2178040347620046,0.47058823529411764,0.047215799467886975,0.0,0.0,0.30000000000000004,0.008424997329711914,Feasible
828,827,7,4,3,"ADD:0,4;ADD:3,0;ADD:7,4;ADD:8,9;REMOVE:2,1;REMOVE:5,4;REMOVE:5,9",0:0|1;1:-;2:1|2;3:1|4;4:3;5:4|9;6:2;7:0|1;8:-;9:-,0:0|1|4;1:-;2:2;3:0|1|4;4:3;5:-;6:2;7:0|1|4;8:9;9:-,0@1=1;0@3=1;0@4=2;0@7=2;0@8=1;2@2=1;3@7=1;3@0=1;3@6=2;4@5=1;6@3=1;6@4=1;7@1=1;7@3=1;7@4=1;7@2=1;8@9=1,"1,3,4,7,8,2,0,6,5,9",20,17,17,0,1.0,-0.10889968372421072,0.25,0.04110031627578929,0.0,0.0,0.4,0.00431370735168457,Feasible
829,828,8,6,2,"ADD:3,8;ADD:4,4;ADD:5,0;ADD:5,4;ADD:6,6;ADD:8,5;REMOVE:2,2;REMOVE:3,1",0:0|1|4;1:-;2:2;3:0|1|4;4:3;5:-;6:2;7:0|1|4;8:9;9:-,0:0|1|4;1:-;2:-;3:0|4|8;4:3|4;5:0|4;6:2|6;7:0|1|4;8:5|9;9:-,0@1=3;0@2=1;0@4=1;0@5=1;0@7=2;0@8=1;0@9=2;3@4=1;3@5=1;3@7=1;3@0=1;4@1=3;4@2=1;4@4=1;4@7=1;4@9=1;5@4=2;5@0=1;6@2=1;6@4=1;6@5=2;6@9=1;6@0=1;6@3=1;6@6=1;7@1=1;7@2=2;7@4=2;7@5=2;7@7=1;7@8=1;8@2=1;8@5=2;8@6=1,"1,2,4,5,7,8,9,0,3,6",46,34,34,0,1.0,-0.40816925869860105,0.15384615384615385,0.037984587455245085,0.0,0.0,0.6,0.003816843032836914,Feasible
830,829,8,4,4,"ADD:1,1;ADD:5,1;ADD:6,5;ADD:8,4;REMOVE:3,4;REMOVE:3,8;REMOVE:4,3;REMOVE:7,4",0:0|1|4;1:-;2:-;3:0|4|8;4:3|4;5:0|4;6:2|6;7:0|1|4;8:5|9;9:-,0:0|1|4;1:1;2:-;3:0;4:4;5:0|1|4;6:2|5|6;7:0|1;8:4|5|9;9:-,0@0=2;0@1=2;0@3=2;0@4=1;1@1=1;3@2=2;4@4=3;4@2=1;4@7=1;5@1=1;5@2=1;5@6=1;6@4=1;6@7=1;6@6=1;6@5=1;7@3=1;7@2=1;7@7=1;7@6=1;7@5=1;8@1=1;8@4=1;8@2=1,"0,1,3,4,2,7,6,5",30,24,24,0,1.0,-0.12071339409974341,0.23529411764705882,0.04399248825319778,0.0,0.0,0.4,0.005574941635131836,Feasible
831,830,8,3,5,"ADD:3,4;ADD:4,1;ADD:7,4;REMOVE:1,1;REMOVE:5,0;REMOVE:5,1;REMOVE:6,5;REMOVE:8,5",0:0|1|4;1:1;2:-;3:0;4:4;5:0|1|4;6:2|5|6;7:0|1;8:4|5|9;9:-,0:0|1|4;1:-;2:-;3:0|4;4:1|4;5:4;6:2|6;7:0|1|4;8:4|9;9:-,0@0=1;0@1=1;0@2=2;0@4=4;0@5=1;0@6=1;0@8=1;3@4=2;3@7=1;4@1=1;4@4=1;5@6=1;6@2=1;6@6=1;7@4=2;7@9=1;8@2=3;8@4=1;8@6=1;8@8=1;8@9=1;8@3=1,"0,1,2,4,5,6,8,7,9,3",30,22,22,0,1.0,0.0460976838244041,0.29411764705882354,0.05198003676558061,0.0,0.0,0.30000000000000004,0.006755828857421875,Feasible
832,831,5,2,3,"ADD:3,9;ADD:8,0;REMOVE:0,0;REMOVE:4,1;REMOVE:7,4",0:0|1|4;1:-;2:-;3:0|4;4:1|4;5:4;6:2|6;7:0|1|4;8:4|9;9:-,0:1|4;1:-;2:-;3:0|4|9;4:4;5:4;6:2|6;7:0|1;8:0|4|9;9:-,0@2=1;0@4=1;0@7=1;0@9=1;3@7=1;3@9=1;4@4=1;4@6=1;5@7=1;6@7=1;6@0=1;6@1=1;6@5=2;7@2=1;7@7=1;7@1=3;7@5=1;7@3=1;8@0=1;8@3=1,"2,4,7,9,6,0,1,5,3",23,20,20,0,1.0,0.032433855567679803,0.2,0.03243385556767982,0.0,0.0,0.2,0.004372119903564453,Feasible
833,832,7,4,3,"ADD:0,0;ADD:2,2;ADD:5,0;ADD:7,4;REMOVE:3,9;REMOVE:6,6;REMOVE:8,4",0:1|4;1:-;2:-;3:0|4|9;4:4;5:4;6:2|6;7:0|1;8:0|4|9;9:-,0:0|1|4;1:-;2:2;3:0|4;4:4;5:0|4;6:2;7:0|1|4;8:0|9;9:-,0@0=1;0@1=1;0@3=1;0@4=3;0@6=1;0@8=1;0@9=1;2@2=1;3@8=2;3@5=1;4@4=1;5@0=1;5@4=1;5@2=1;6@3=1;6@4=1;7@3=1;7@4=1;7@9=1;7@2=3;7@5=1;8@0=1;8@6=1,"0,1,3,4,6,8,9,2,5",28,23,23,0,1.0,-0.14821984624148626,0.21428571428571427,0.03749443947279948,0.0,0.0,0.4,0.0045168399810791016,Feasible
834,833,7,4,3,"ADD:2,1;ADD:3,3;ADD:4,3;ADD:8,4;REMOVE:0,0;REMOVE:5,0;REMOVE:7,0",0:0|1|4;1:-;2:2;3:0|4;4:4;5:0|4;6:2;7:0|1|4;8:0|9;9:-,0:1|4;1:-;2:1|2;3:0|3|4;4:3|4;5:4;6:2;7:1|4;8:0|4|9;9:-,0@3=1;0@4=1;0@7=1;0@9=2;2@1=2;3@3=1;4@3=1;5@4=1;6@4=1;7@4=1;7@1=1;7@2=3;8@4=1;8@9=1,"3,4,7,9,1,2",18,14,14,0,1.0,-0.14431549533638105,0.2,0.05568450466361897,0.0,0.0,0.4,0.004315853118896484,Feasible
835,834,8,3,5,"ADD:0,0;ADD:4,0;ADD:7,0;REMOVE:2,1;REMOVE:2,2;REMOVE:3,0;REMOVE:3,3;REMOVE:8,9",0:1|4;1:-;2:1|2;3:0|3|4;4:3|4;5:4;6:2;7:1|4;8:0|4|9;9:-,0:0|1|4;1:-;2:-;3:4;4:0|3|4;5:4;6:2;7:0|1|4;8:0|4;9:-,0@0=1;0@4=1;3@4=1;4@0=1;4@4=2;4@1=1;4@2=1;5@4=1;5@7=1;6@2=1;6@3=1;7@0=1;7@4=1;7@3=2;7@9=1;8@0=1;8@2=1;8@8=1,"0,4,1,2,7,3,9,8",20,18,18,0,1.0,0.07033764475720194,0.3125,0.05783764475720197,0.0,0.0,0.30000000000000004,0.006055116653442383,Feasible
836,835,12,7,5,"ADD:2,0;ADD:2,3;ADD:2,4;ADD:3,0;ADD:5,3;ADD:6,1;ADD:8,1;REMOVE:0,0;REMOVE:0,1;REMOVE:4,0;REMOVE:7,0;REMOVE:7,1",0:0|1|4;1:-;2:-;3:4;4:0|3|4;5:4;6:2;7:0|1|4;8:0|4;9:-,0:4;1:-;2:0|3|4;3:0|4;4:3|4;5:3|4;6:1|2;7:4;8:0|1|4;9:-,0@4=1;0@6=1;0@7=2;0@8=1;2@0=1;2@2=1;2@3=1;3@4=1;3@0=1;3@2=2;4@6=1;4@3=1;5@2=1;5@3=1;6@0=1;6@1=1;7@4=1;7@7=1;7@2=3;8@8=1;8@1=2;8@9=1,"4,6,7,8,0,2,3,1,9",27,22,22,0,1.0,-0.3013260584510348,0.35714285714285715,0.041531084406108025,0.0,0.0,0.7,0.0066318511962890625,Feasible
837,836,11,5,6,"ADD:0,0;ADD:0,1;ADD:3,3;ADD:7,1;ADD:7,5;REMOVE:2,0;REMOVE:2,4;REMOVE:4,3;REMOVE:5,3;REMOVE:6,1;REMOVE:8,1",0:4;1:-;2:0|3|4;3:0|4;4:3|4;5:3|4;6:1|2;7:4;8:0|1|4;9:-,0:0|1|4;1:-;2:3;3:0|3|4;4:4;5:4;6:2;7:1|4|5;8:0|4;9:-,0@0=1;0@1=1;0@2=2;0@3=2;0@4=3;0@5=1;0@6=1;2@1=2;2@7=1;3@0=1;3@3=1;3@4=3;3@8=2;4@4=1;5@6=1;6@2=1;6@3=1;6@7=1;6@8=1;6@9=2;7@1=1;7@2=2;7@3=1;7@5=1;7@6=1;7@7=1;7@8=2;7@9=1;8@4=1;8@5=1,"0,1,2,3,4,5,6,7,8,9",41,30,30,0,1.0,-0.08944868850238236,0.375,0.03555131149761763,0.0,0.0,0.5,0.007988929748535156,Feasible
838,837,4,1,3,"ADD:8,9;REMOVE:4,4;REMOVE:5,4;REMOVE:7,5",0:0|1|4;1:-;2:3;3:0|3|4;4:4;5:4;6:2;7:1|4|5;8:0|4;9:-,0:0|1|4;1:-;2:3;3:0|3|4;4:-;5:-;6:2;7:1|4;8:0|4|9;9:-,0@0=1;0@3=2;0@4=1;0@5=1;2@3=1;2@9=1;3@0=4;3@3=1;3@9=5;3@2=2;3@6=1;3@8=2;6@0=1;6@4=1;7@4=2;7@2=3;7@6=1;7@1=2;7@7=1;8@9=1;8@1=1,"0,3,4,5,9,2,6,8,1,7",35,21,21,0,1.0,0.14139655463673723,0.2,0.04139655463673722,0.0,0.0,0.1,0.004684925079345703,Feasible
839,838,8,5,3,"ADD:1,8;ADD:2,0;ADD:4,2;ADD:5,1;ADD:6,1;REMOVE:3,0;REMOVE:8,0;REMOVE:8,9",0:0|1|4;1:-;2:3;3:0|3|4;4:-;5:-;6:2;7:1|4;8:0|4|9;9:-,0:0|1|4;1:8;2:0|3;3:3|4;4:2;5:1;6:1|2;7:1|4;8:4;9:-,0@1=3;0@2=1;0@3=1;0@4=2;0@5=1;2@1=1;2@0=1;3@1=2;3@2=5;3@3=1;3@4=1;3@5=2;3@6=1;3@7=1;4@2=3;5@1=1;6@1=1;6@4=1;6@0=1;7@1=3;7@2=1;7@4=1;7@6=1;7@9=2;8@2=1;8@4=1,"1,2,3,4,5,0,6,7,9",40,26,26,0,1.0,-0.2264752629564581,0.23076923076923078,0.042755506274311114,0.0,0.0,0.5,0.004782676696777344,Feasible
840,839,10,4,6,"ADD:5,4;ADD:7,0;ADD:8,1;ADD:9,6;REMOVE:0,0;REMOVE:1,8;REMOVE:2,0;REMOVE:2,3;REMOVE:6,1;REMOVE:6,2",0:0|1|4;1:8;2:0|3;3:3|4;4:2;5:1;6:1|2;7:1|4;8:4;9:-,0:1|4;1:-;2:-;3:3|4;4:2;5:1|4;6:-;7:0|1|4;8:1|4;9:6,0@1=1;0@2=1;0@4=1;3@1=1;3@4=1;3@3=1;3@7=1;4@2=1;5@4=2;7@2=1;7@4=1;7@7=3;7@0=1;7@9=3;8@1=1;8@4=1,"1,2,4,3,7,0,9",21,16,16,0,1.0,0.052465634632202995,0.4,0.05246563463220301,0.0,0.0,0.4,0.006829023361206055,Feasible
841,840,7,4,3,"ADD:3,0;ADD:5,5;ADD:6,1;ADD:6,4;REMOVE:0,4;REMOVE:8,4;REMOVE:9,6",0:1|4;1:-;2:-;3:3|4;4:2;5:1|4;6:-;7:0|1|4;8:1|4;9:6,0:1;1:-;2:-;3:0|3|4;4:2;5:1|4|5;6:1|4;7:0|1|4;8:1;9:-,0@1=1;0@6=1;3@0=1;3@2=1;3@3=1;3@8=1;4@4=1;5@2=1;5@5=1;5@7=1;6@1=1;6@4=1;7@0=1;7@2=2;7@4=1;7@7=1;7@9=2;8@3=1;8@8=1,"1,6,0,2,3,8,4,5,7,9",21,19,19,0,1.0,-0.1301522317761491,0.23076923076923078,0.03907853745462012,0.0,0.0,0.4,0.004408121109008789,Feasible
842,841,10,5,5,"ADD:0,0;ADD:2,5;ADD:2,9;ADD:8,0;ADD:8,4;REMOVE:3,0;REMOVE:4,2;REMOVE:5,4;REMOVE:5,5;REMOVE:7,0",0:1;1:-;2:-;3:0|3|4;4:2;5:1|4|5;6:1|4;7:0|1|4;8:1;9:-,0:0|1;1:-;2:5|9;3:3|4;4:-;5:1;6:1|4;7:1|4;8:0|1|4;9:-,0@0=1;0@2=1;0@7=1;2@5=1;2@9=2;3@2=2;3@7=1;3@5=1;3@1=1;3@4=3;3@6=2;5@9=1;6@2=1;6@3=1;7@2=2;7@7=1;7@1=1;7@4=1;8@0=1;8@4=1,"0,2,7,5,9,1,4,6,3",26,20,20,0,1.0,-0.10177039601867682,0.35714285714285715,0.04108674683846603,0.0,0.0,0.5,0.006532907485961914,Feasible
843,842,6,2,4,"ADD:3,0;ADD:4,2;REMOVE:2,5;REMOVE:5,1;REMOVE:6,4;REMOVE:8,4",0:0|1;1:-;2:5|9;3:3|4;4:-;5:1;6:1|4;7:1|4;8:0|1|4;9:-,0:0|1;1:-;2:9;3:0|3|4;4:2;5:-;6:1;7:1|4;8:0|1;9:-,0@0=1;0@1=2;0@2=1;0@7=1;0@9=1;2@1=1;2@2=1;3@0=1;3@2=4;3@4=2;3@6=1;4@2=1;4@3=1;6@9=1;7@1=2;7@2=3;7@3=1;8@1=1;8@5=1,"0,1,2,7,9,4,6,3,5",27,19,19,0,1.0,0.1220235932101233,0.2857142857142857,0.036309307495837634,0.0,0.0,0.2,0.005191802978515625,Feasible
844,843,8,7,1,"ADD:0,4;ADD:5,1;ADD:5,4;ADD:6,0;ADD:6,4;ADD:7,0;ADD:8,4;REMOVE:3,3",0:0|1;1:-;2:9;3:0|3|4;4:2;5:-;6:1;7:1|4;8:0|1;9:-,0:0|1|4;1:-;2:9;3:0|4;4:2;5:1|4;6:0|1|4;7:0|1|4;8:0|1|4;9:-,0@0=1;0@1=1;0@3=1;0@4=1;0@5=2;0@6=1;0@7=1;2@9=1;3@4=2;3@5=1;3@8=1;4@0=1;5@1=1;5@4=1;5@9=1;6@0=1;6@1=1;6@4=1;6@6=1;6@8=1;6@2=1;7@0=1;7@1=1;7@3=1;7@4=1;7@5=2;7@6=1;7@8=1;7@2=3;8@4=1;8@2=2,"0,1,3,4,5,6,7,9,8,2",37,31,31,0,1.0,-0.5759676721300213,0.08333333333333333,0.04069899453664526,0.0,0.0,0.7,0.0025827884674072266,Feasible
845,844,9,2,7,"ADD:2,5;ADD:3,9;REMOVE:0,4;REMOVE:5,1;REMOVE:5,4;REMOVE:6,4;REMOVE:7,4;REMOVE:8,0;REMOVE:8,1",0:0|1|4;1:-;2:9;3:0|4;4:2;5:1|4;6:0|1|4;7:0|1|4;8:0|1|4;9:-,0:0|1;1:-;2:5|9;3:0|4|9;4:2;5:-;6:0|1;7:0|1;8:4;9:-,0@0=1;0@1=2;0@2=2;2@1=2;2@2=1;2@5=1;3@0=2;3@2=1;3@5=1;3@4=1;3@9=1;4@3=1;4@8=1;6@1=1;6@2=1;6@9=1;7@0=1;7@9=1;7@8=2;7@6=2;8@2=3;8@4=1;8@8=1,"0,1,2,5,4,9,3,8,6",31,23,23,0,1.0,0.22510907512331174,0.3888888888888889,0.03622018623442288,0.0,0.0,0.2,0.008682966232299805,Feasible
846,845,3,1,2,"ADD:8,5;REMOVE:0,0;REMOVE:0,1",0:0|1;1:-;2:5|9;3:0|4|9;4:2;5:-;6:0|1;7:0|1;8:4;9:-,0:-;1:-;2:5|9;3:0|4|9;4:2;5:-;6:0|1;7:0|1;8:4|5;9:-,2@5=1;2@6=1;3@5=1;3@0=1;3@2=1;3@4=2;3@9=1;4@5=1;4@2=1;4@4=1;4@8=1;6@0=1;6@9=1;7@0=2;7@9=1;7@3=2;7@7=2;8@5=1;8@2=1;8@4=1,"5,6,0,2,4,9,8,3,7",24,20,20,0,1.0,0.09807697143274788,0.15384615384615385,0.04423081758659404,0.0,0.0,0.1,0.003301858901977539,Feasible
847,846,7,4,3,"ADD:0,3;ADD:0,4;ADD:5,7;ADD:7,4;REMOVE:2,5;REMOVE:3,4;REMOVE:8,5",0:-;1:-;2:5|9;3:0|4|9;4:2;5:-;6:0|1;7:0|1;8:4|5;9:-,0:3|4;1:-;2:9;3:0|9;4:2;5:7;6:0|1;7:0|1|4;8:4;9:-,0@3=1;0@4=1;2@2=2;3@2=1;3@1=1;3@5=1;3@6=1;3@7=1;4@4=1;5@7=1;6@2=1;6@1=1;6@6=1;6@7=1;6@8=1;7@3=3;7@4=2;7@2=2;7@5=2;7@7=1;7@0=1;8@2=1,"3,4,2,1,5,6,7,8,0",28,22,22,0,1.0,-0.12230899422860808,0.25,0.027691005771391965,0.0,0.0,0.4,0.004395008087158203,Feasible
848,847,8,2,6,"ADD:3,4;ADD:6,4;REMOVE:0,3;REMOVE:0,4;REMOVE:2,9;REMOVE:5,7;REMOVE:7,0;REMOVE:7,1",0:3|4;1:-;2:9;3:0|9;4:2;5:7;6:0|1;7:0|1|4;8:4;9:-,0:-;1:-;2:-;3:0|4|9;4:2;5:-;6:0|1|4;7:4;8:4;9:-,3@2=1;3@4=2;4@4=2;6@4=1;6@0=1;6@5=1;7@2=1;7@6=1;8@6=1,"2,4,0,5,6",11,9,9,0,1.0,0.30276655671555436,0.46153846153846156,0.04122809517709284,0.0,0.0,0.2,0.006086826324462891,Feasible
849,848,9,5,4,"ADD:0,3;ADD:0,4;ADD:4,1;ADD:5,1;ADD:7,0;REMOVE:3,4;REMOVE:3,9;REMOVE:6,0;REMOVE:6,1",0:-;1:-;2:-;3:0|4|9;4:2;5:-;6:0|1|4;7:4;8:4;9:-,0:3|4;1:-;2:-;3:0;4:1|2;5:1;6:4;7:0|4;8:4;9:-,0@3=1;0@4=2;0@5=1;3@0=3;3@7=1;4@0=1;4@1=1;4@2=1;5@1=1;6@7=1;7@0=1;7@2=2;7@8=1;8@8=2;8@6=1,"3,4,5,0,7,1,2,8,6",20,15,15,0,1.0,-0.0026519451294773067,0.4444444444444444,0.05290361042607825,0.0,0.0,0.5,0.007154941558837891,Feasible
850,849,2,2,0,"ADD:5,2;ADD:7,9",0:3|4;1:-;2:-;3:0;4:1|2;5:1;6:4;7:0|4;8:4;9:-,0:3|4;1:-;2:-;3:0;4:1|2;5:1|2;6:4;7:0|4|9;8:4;9:-,0@2=1;0@3=1;0@4=1;0@5=1;0@7=2;0@8=1;0@9=1;3@2=2;3@0=1;4@9=1;4@0=2;4@1=1;5@2=1;5@3=1;6@2=2;7@2=2;7@4=2;7@9=1;8@2=1,"2,3,4,5,7,8,9,0,1",25,19,19,0,1.0,-0.1685219569777492,0.0,0.03147804302225081,0.0,0.0,0.2,0.0011129379272460938,Feasible
851,850,10,7,3,"ADD:1,4;ADD:2,2;ADD:3,4;ADD:4,5;ADD:6,3;ADD:8,1;ADD:8,5;REMOVE:4,2;REMOVE:5,1;REMOVE:7,4",0:3|4;1:-;2:-;3:0;4:1|2;5:1|2;6:4;7:0|4|9;8:4;9:-,0:3|4;1:4;2:2;3:0|4;4:1|5;5:2;6:3|4;7:0|9;8:1|4|5;9:-,0@2=3;0@7=1;0@8=1;0@9=1;1@4=1;2@2=1;2@4=1;3@2=2;3@7=2;3@4=2;3@5=1;3@6=1;4@9=1;4@6=1;4@1=2;4@3=1;5@4=1;6@2=4;6@8=1;6@4=1;6@3=1;7@2=1;7@9=1;7@5=1;7@6=1;7@1=1;7@3=1;7@0=1;8@2=1;8@5=1;8@1=1;8@3=1,"2,7,8,9,4,5,6,1,3,0",41,32,32,0,1.0,-0.4210623797023632,0.25,0.02893762029763673,0.0,0.0,0.7,0.004926204681396484,Feasible
852,851,7,2,5,"ADD:3,1;ADD:7,8;REMOVE:1,4;REMOVE:5,2;REMOVE:6,3;REMOVE:8,1;REMOVE:8,5",0:3|4;1:4;2:2;3:0|4;4:1|5;5:2;6:3|4;7:0|9;8:1|4|5;9:-,0:3|4;1:-;2:2;3:0|1|4;4:1|5;5:-;6:4;7:0|8|9;8:4;9:-,0@1=1;0@2=1;0@4=2;2@5=1;2@9=1;3@1=1;3@4=4;3@0=3;3@3=1;3@6=1;3@8=1;4@2=1;4@9=1;4@0=1;6@2=1;7@1=1;7@2=4;7@9=2;7@3=1;7@8=1;8@2=1;8@8=1,"1,2,4,5,9,0,3,6,8",32,22,22,0,1.0,0.15289435981826494,0.3125,0.04039435981826493,0.0,0.0,0.2,0.006532192230224609,Feasible
853,852,4,3,1,"ADD:4,4;ADD:5,2;ADD:6,3;REMOVE:7,8",0:3|4;1:-;2:2;3:0|1|4;4:1|5;5:-;6:4;7:0|8|9;8:4;9:-,0:3|4;1:-;2:2;3:0|1|4;4:1|4|5;5:2;6:3|4;7:0|9;8:4;9:-,0@1=1;0@2=1;0@4=3;0@5=1;2@9=1;3@1=1;3@2=2;3@4=2;3@0=1;3@3=1;3@6=1;3@8=1;4@4=1;4@0=1;4@8=2;5@2=1;5@4=1;6@2=1;6@4=1;6@3=1;7@1=2;7@2=3;7@0=1;7@7=1;8@2=1,"1,2,4,5,9,0,3,6,8,7",33,25,25,0,1.0,-0.18984933824355346,0.07692307692307693,0.033227584833369656,0.0,0.0,0.30000000000000004,0.002501964569091797,Feasible
854,853,7,2,5,"ADD:7,4;ADD:8,5;REMOVE:0,3;REMOVE:3,0;REMOVE:4,1;REMOVE:4,4;REMOVE:6,4",0:3|4;1:-;2:2;3:0|1|4;4:1|4|5;5:2;6:3|4;7:0|9;8:4;9:-,0:4;1:-;2:2;3:1|4;4:5;5:2;6:3;7:0|4|9;8:4|5;9:-,0@2=1;0@6=2;2@3=1;3@3=2;3@1=1;3@4=2;3@8=1;3@9=1;4@2=2;4@0=1;5@0=1;6@1=1;7@1=2;7@4=2;7@5=2;7@7=2;8@5=1,"2,6,3,1,4,8,9,0,5,7",25,17,17,0,1.0,0.15858069266051317,0.3333333333333333,0.025247359327179874,0.0,0.0,0.2,0.006362199783325195,Feasible
855,854,9,2,7,"ADD:4,4;ADD:6,4;REMOVE:2,2;REMOVE:3,4;REMOVE:5,2;REMOVE:7,0;REMOVE:7,4;REMOVE:8,4;REMOVE:8,5",0:4;1:-;2:2;3:1|4;4:5;5:2;6:3;7:0|4|9;8:4|5;9:-,0:4;1:-;2:-;3:1;4:4|5;5:-;6:3|4;7:9;8:-;9:-,0@2=1;0@4=1;0@7=1;3@3=1;4@4=1;4@6=1;6@4=1;6@5=1;7@2=2;7@1=2,"2,4,7,3,6,5,1",12,10,10,0,1.0,0.40923628402549656,0.5833333333333334,0.025902950692163244,0.0,0.0,0.2,0.007352113723754883,Feasible
856,855,8,7,1,"ADD:2,3;ADD:3,5;ADD:4,1;ADD:5,9;ADD:7,0;ADD:7,8;ADD:8,1;REMOVE:6,3",0:4;1:-;2:-;3:1;4:4|5;5:-;6:3|4;7:9;8:-;9:-,0:4;1:-;2:3;3:1|5;4:1|4|5;5:9;6:4;7:0|8|9;8:1;9:-,0@8=1;2@3=1;3@1=1;3@5=1;4@1=1;5@9=1;6@7=1;7@8=1;7@1=1;7@0=1,"8,3,1,5,9,7,0",10,10,10,0,1.0,-0.48828307002376536,0.14285714285714285,0.06885978711909177,0.0,0.0,0.7,0.002222776412963867,Feasible
857,856,8,7,1,"ADD:0,1;ADD:2,0;ADD:2,4;ADD:3,4;ADD:7,4;ADD:8,4;ADD:8,5;REMOVE:4,4",0:4;1:-;2:3;3:1|5;4:1|4|5;5:9;6:4;7:0|8|9;8:1;9:-,0:1|4;1:-;2:0|3|4;3:1|4|5;4:1|5;5:9;6:4;7:0|4|8|9;8:1|4|5;9:-,0@1=1;2@0=1;2@4=1;3@1=1;3@4=3;3@2=2;3@5=1;3@8=3;3@9=1;4@1=1;4@5=2;4@8=1;5@1=1;5@7=1;6@8=1;7@1=1;7@0=1;7@4=2;7@2=2;7@5=2;7@9=1;7@7=2;7@3=2;8@4=1;8@5=1;8@3=1;8@6=1,"1,0,4,2,5,8,9,7,3,6",38,27,27,0,1.0,-0.5748173954642006,0.07692307692307693,0.048259527612722335,0.0,0.0,0.7,0.002711057662963867,Feasible
858,857,7,2,5,"ADD:0,6;ADD:6,5;REMOVE:2,0;REMOVE:2,3;REMOVE:4,5;REMOVE:7,8;REMOVE:8,4",0:1|4;1:-;2:0|3|4;3:1|4|5;4:1|5;5:9;6:4;7:0|4|8|9;8:1|4|5;9:-,0:1|4|6;1:-;2:4;3:1|4|5;4:1;5:9;6:4|5;7:0|4|9;8:1|5;9:-,0@1=2;0@2=1;0@6=2;0@7=1;0@8=1;2@4=1;3@2=4;3@4=1;3@3=1;3@5=2;3@9=1;4@7=1;4@9=1;5@3=1;6@5=1;7@1=3;7@2=1;7@7=1;7@8=1;7@3=1;7@5=2;7@9=1;7@0=1;8@2=1;8@6=1;8@5=1;8@9=1;8@0=1,"1,2,6,7,8,4,3,5,9,0",37,28,28,0,1.0,0.09702221648428139,0.2631578947368421,0.033864321747439315,0.0,0.0,0.2,0.006997108459472656,Feasible
859,858,9,5,4,"ADD:1,5;ADD:2,1;ADD:5,5;ADD:6,3;ADD:8,4;REMOVE:0,1;REMOVE:0,6;REMOVE:6,4;REMOVE:7,4",0:1|4|6;1:-;2:4;3:1|4|5;4:1;5:9;6:4|5;7:0|4|9;8:1|5;9:-,0:4;1:5;2:1|4;3:1|4|5;4:1;5:5|9;6:3|5;7:0|9;8:1|4|5;9:-,0@2=2;0@7=2;1@5=1;2@1=2;2@6=1;2@8=1;3@2=1;3@7=1;3@5=1;3@1=1;3@6=1;3@0=1;3@3=1;3@4=2;3@9=3;4@9=1;5@2=1;5@5=1;6@0=1;6@9=1;7@1=1;7@0=1;7@3=1;8@1=1;8@8=1;8@4=1,"2,7,5,1,6,8,0,3,4,9",32,26,26,0,1.0,-0.2168376019203152,0.25,0.033162398079684796,0.0,0.0,0.5,0.0067861080169677734,Feasible
860,859,8,1,7,"ADD:0,6;REMOVE:1,5;REMOVE:4,1;REMOVE:5,9;REMOVE:6,5;REMOVE:7,0;REMOVE:8,1;REMOVE:8,5",0:4;1:5;2:1|4;3:1|4|5;4:1;5:5|9;6:3|5;7:0|9;8:1|4|5;9:-,0:4|6;1:-;2:1|4;3:1|4|5;4:-;5:5;6:3;7:9;8:4;9:-,0@8=1;0@9=1;2@1=1;2@4=2;3@1=1;3@4=2;3@0=1;3@2=5;3@3=4;3@7=2;5@3=1;6@1=1;6@2=2;7@1=2;7@2=1;7@7=1;8@6=1,"8,9,1,4,0,2,3,7,6",29,17,17,0,1.0,0.3339847424548088,0.4117647058823529,0.022220036572455904,0.0,0.0,0.1,0.008285045623779297,Feasible
861,860,9,6,3,"ADD:1,9;ADD:5,1;ADD:5,4;ADD:6,8;ADD:7,4;ADD:7,5;REMOVE:0,4;REMOVE:0,6;REMOVE:3,4",0:4|6;1:-;2:1|4;3:1|4|5;4:-;5:5;6:3;7:9;8:4;9:-,0:-;1:9;2:1|4;3:1|5;4:-;5:1|4|5;6:3|8;7:4|5|9;8:4;9:-,1@9=1;2@1=1;2@3=1;2@4=2;3@1=2;3@2=1;3@5=1;3@6=1;3@7=1;5@1=2;5@3=1;5@4=3;5@2=2;5@6=2;5@7=4;5@0=1;6@9=1;6@2=1;6@5=1;6@8=1;7@1=1;7@4=2;7@2=2;7@5=1;7@0=1;7@8=1;8@4=1,"9,1,3,4,2,5,6,7,0,8",39,27,27,0,1.0,-0.28313648077999054,0.2727272727272727,0.04413624649273672,0.0,0.0,0.6,0.004537105560302734,Feasible
862,861,9,1,8,"ADD:4,8;REMOVE:1,9;REMOVE:2,4;REMOVE:3,5;REMOVE:5,1;REMOVE:5,4;REMOVE:6,3;REMOVE:6,8;REMOVE:7,9",0:-;1:9;2:1|4;3:1|5;4:-;5:1|4|5;6:3|8;7:4|5|9;8:4;9:-,0:-;1:-;2:1;3:1;4:8;5:5;6:-;7:4|5;8:4;9:-,2@1=1;2@8=1;3@1=1;3@7=1;3@9=3;4@8=1;4@2=1;5@5=1;7@2=2;7@5=1;7@4=1;7@6=1;8@2=2,"1,8,7,9,2,5,4,6",17,13,13,0,1.0,0.5069892460029516,0.5714285714285714,0.03556067457438016,0.0,0.0,0.1,0.008508920669555664,Feasible
863,862,7,6,1,"ADD:0,5;ADD:3,2;ADD:4,0;ADD:6,4;ADD:7,1;ADD:8,0;REMOVE:2,1",0:-;1:-;2:1;3:1;4:8;5:5;6:-;7:4|5;8:4;9:-,0:5;1:-;2:-;3:1|2;4:0|8;5:5;6:4;7:1|4|5;8:0|4;9:-,0@5=1;3@2=1;3@3=1;3@6=1;3@7=1;4@5=1;4@2=1;4@0=1;4@1=1;5@2=1;6@4=1;7@2=1;7@1=1;7@8=1;7@9=1;8@2=1;8@0=1;8@4=1,"5,2,3,6,7,0,1,4,8,9",18,18,18,0,1.0,-0.4182934247080419,0.14285714285714285,0.03884943243481521,0.0,0.0,0.6,0.00238800048828125,Feasible
864,863,8,7,1,"ADD:0,4;ADD:1,2;ADD:1,6;ADD:2,2;ADD:4,3;ADD:6,3;ADD:8,9;REMOVE:5,5",0:5;1:-;2:-;3:1|2;4:0|8;5:5;6:4;7:1|4|5;8:0|4;9:-,0:4|5;1:2|6;2:2;3:1|2;4:0|3|8;5:-;6:3|4;7:1|4|5;8:0|4|9;9:-,0@2=2;0@3=1;0@4=1;1@2=1;1@6=1;1@7=2;2@2=1;2@9=1;3@2=1;3@6=1;3@5=1;3@8=2;4@3=1;4@4=1;4@1=1;6@3=1;6@9=1;7@2=2;7@4=1;7@6=1;7@9=1;7@5=1;7@8=1;7@1=1;8@4=1;8@6=1;8@9=1,"2,3,4,6,7,9,5,8,1",31,27,27,0,1.0,-0.5780524665341517,0.08333333333333333,0.03861420013251494,0.0,0.0,0.7,0.0025229454040527344,Feasible
865,864,11,6,5,"ADD:0,9;ADD:2,6;ADD:5,1;ADD:5,2;ADD:6,0;ADD:6,9;REMOVE:1,6;REMOVE:3,1;REMOVE:4,0;REMOVE:8,0;REMOVE:8,9",0:4|5;1:2|6;2:2;3:1|2;4:0|3|8;5:-;6:3|4;7:1|4|5;8:0|4|9;9:-,0:4|5|9;1:2;2:2|6;3:2;4:3|8;5:1|2;6:0|3|4|9;7:1|4|5;8:4;9:-,0@0=2;0@2=2;0@4=1;0@6=1;0@8=1;0@9=1;1@0=1;1@2=1;1@4=1;1@8=2;1@3=1;1@7=1;2@2=3;2@4=3;2@6=1;2@9=1;2@7=1;2@1=2;2@5=4;3@2=3;3@4=1;4@4=2;4@3=2;4@7=1;4@1=1;4@5=1;5@2=2;5@4=1;5@1=2;6@0=1;6@4=4;6@1=1;6@5=1;7@0=1;7@4=3;7@6=2;7@9=1;7@1=1;7@5=2;8@4=1;8@8=1,"0,2,4,6,8,9,3,7,1,5",65,41,41,0,1.0,-0.27914215052041447,0.2777777777777778,0.04308007170180774,0.0,0.0,0.6,0.00770878791809082,Feasible
866,865,6,5,1,"ADD:1,1;ADD:3,1;ADD:4,0;ADD:8,0;ADD:8,3;REMOVE:6,9",0:4|5|9;1:2;2:2|6;3:2;4:3|8;5:1|2;6:0|3|4|9;7:1|4|5;8:4;9:-,0:4|5|9;1:1|2;2:2|6;3:1|2;4:0|3|8;5:1|2;6:0|3|4;7:1|4|5;8:0|3|4;9:-,0@0=2;0@1=1;0@2=2;0@4=1;0@7=1;0@8=1;1@0=1;1@1=2;1@4=1;1@7=1;1@8=1;1@3=1;1@5=1;2@0=1;2@1=1;2@2=1;2@4=4;2@7=1;2@8=1;2@5=1;2@6=1;2@9=1;3@1=1;3@6=1;4@0=2;4@1=2;4@2=1;4@4=1;4@7=1;4@8=2;4@3=2;5@2=1;5@6=1;6@0=1;6@1=1;6@2=1;6@7=1;6@8=3;6@3=1;6@5=1;6@6=1;6@9=2;7@0=2;7@1=2;7@2=1;7@4=4;7@8=1;7@3=1;7@6=1;7@9=1;8@0=1;8@3=2,"0,1,2,4,7,8,3,5,6,9",71,52,52,0,1.0,-0.4141810318933581,0.05263157894736842,0.03318738915927346,0.0,0.0,0.5,0.0030939579010009766,Feasible
867,866,6,0,6,"REMOVE:1,1;REMOVE:2,2;REMOVE:3,1;REMOVE:4,0;REMOVE:7,1;REMOVE:8,0",0:4|5|9;1:1|2;2:2|6;3:1|2;4:0|3|8;5:1|2;6:0|3|4;7:1|4|5;8:0|3|4;9:-,0:4|5|9;1:2;2:6;3:2;4:3|8;5:1|2;6:0|3|4;7:4|5;8:3|4;9:-,0@0=2;0@1=1;0@2=2;0@3=2;0@4=3;0@9=1;1@0=1;1@4=2;1@7=1;1@8=1;2@4=1;2@8=1;2@6=1;3@0=1;3@3=1;3@8=1;4@3=1;4@4=4;4@8=1;5@3=1;5@4=1;5@6=1;6@0=1;6@1=2;6@2=1;6@3=1;6@4=1;7@0=1;7@2=2;7@7=1;7@6=1;7@5=1;8@1=1;8@4=1;8@5=1,"0,1,2,3,4,9,7,8,6,5",46,35,35,0,1.0,0.28788195439655884,0.2608695652173913,0.027012389179167557,0.0,0.0,0.0,0.008304357528686523,Feasible
868,867,6,4,2,"ADD:1,1;ADD:2,0;ADD:2,3;ADD:4,0;REMOVE:5,1;REMOVE:6,0",0:4|5|9;1:2;2:6;3:2;4:3|8;5:1|2;6:0|3|4;7:4|5;8:3|4;9:-,0:4|5|9;1:1|2;2:0|3|6;3:2;4:0|3|8;5:2;6:3|4;7:4|5;8:3|4;9:-,0@0=2;0@1=2;0@2=1;0@4=2;0@5=1;0@7=1;0@8=1;1@1=1;1@2=1;1@4=4;1@5=1;1@8=1;2@0=1;2@1=1;2@2=3;2@5=2;2@3=1;2@6=1;3@2=1;3@4=1;3@3=1;4@0=1;4@2=1;4@4=2;4@5=1;4@9=1;5@4=1;5@3=1;6@1=1;6@2=2;6@4=2;6@3=1;7@0=1;7@2=1;7@4=1;7@8=1;8@8=1;8@9=1,"0,1,2,4,5,7,8,3,6,9",50,38,38,0,1.0,-0.2542276916099863,0.11764705882352941,0.02812524956648428,0.0,0.0,0.4,0.003919124603271484,Feasible
869,868,6,1,5,"ADD:3,1;REMOVE:0,4;REMOVE:1,1;REMOVE:2,0;REMOVE:4,0;REMOVE:4,8",0:4|5|9;1:1|2;2:0|3|6;3:2;4:0|3|8;5:2;6:3|4;7:4|5;8:3|4;9:-,0:5|9;1:2;2:3|6;3:1|2;4:3;5:2;6:3|4;7:4|5;8:3|4;9:-,0@2=2;0@3=1;0@7=1;0@8=1;1@2=2;1@0=1;1@4=3;1@5=1;2@2=1;2@4=4;2@5=1;2@1=2;3@2=1;3@4=1;3@1=1;4@1=2;4@9=1;5@8=1;6@2=1;6@5=2;6@6=1;7@2=2;7@4=3;7@5=2;7@6=1;8@4=1;8@9=1,"2,3,7,8,0,4,5,1,9,6",41,27,27,0,1.0,0.18685211241025926,0.2631578947368421,0.02369421767341719,0.0,0.0,0.1,0.00703883171081543,Feasible
870,869,6,5,1,"ADD:0,4;ADD:1,6;ADD:4,8;ADD:7,9;ADD:8,0;REMOVE:5,2",0:5|9;1:2;2:3|6;3:1|2;4:3;5:2;6:3|4;7:4|5;8:3|4;9:-,0:4|5|9;1:2|6;2:3|6;3:1|2;4:3|8;5:-;6:3|4;7:4|5|9;8:0|3|4;9:-,0@0=1;0@2=5;0@4=3;0@8=1;0@9=1;1@6=1;2@2=2;2@4=1;2@8=1;2@6=1;2@1=1;2@3=1;2@5=1;3@4=1;3@8=1;3@9=1;3@6=1;4@2=1;4@8=1;4@9=1;4@6=2;4@1=2;6@2=1;6@4=1;6@8=1;6@1=1;6@3=2;7@0=1;7@4=1;7@9=1;8@0=1;8@9=1;8@1=1;8@7=2,"0,2,4,8,9,6,1,3,5,7",45,34,34,0,1.0,-0.40110773063629723,0.06666666666666667,0.032225602697036136,0.0,0.0,0.5,0.0026280879974365234,Feasible
871,870,7,3,4,"ADD:4,0;ADD:5,4;ADD:6,0;REMOVE:1,6;REMOVE:2,3;REMOVE:2,6;REMOVE:8,4",0:4|5|9;1:2|6;2:3|6;3:1|2;4:3|8;5:-;6:3|4;7:4|5|9;8:0|3|4;9:-,0:4|5|9;1:2;2:-;3:1|2;4:0|3|8;5:4;6:0|3|4;7:4|5|9;8:0|3;9:-,0@0=1;0@2=4;0@4=2;0@5=1;0@6=2;0@7=1;0@8=1;0@9=1;1@0=1;1@4=1;1@9=1;3@0=1;3@9=2;3@1=1;4@0=1;4@2=2;4@4=2;4@5=1;4@7=1;4@8=3;4@9=2;4@1=2;5@4=1;5@6=1;6@0=1;6@2=2;6@4=2;6@5=2;6@7=1;6@1=3;7@0=1;7@2=2;7@4=1;7@7=2;7@8=1;7@1=2;8@0=1;8@2=1;8@9=1;8@1=1,"0,2,4,5,6,7,8,9,1",60,40,40,0,1.0,-0.0659001057541608,0.21052631578947367,0.02357357845636557,0.0,0.0,0.30000000000000004,0.006342887878417969,Feasible
872,871,10,5,5,"ADD:2,0;ADD:2,1;ADD:2,4;ADD:5,3;ADD:8,4;REMOVE:3,1;REMOVE:4,0;REMOVE:4,3;REMOVE:6,0;REMOVE:7,4",0:4|5|9;1:2;2:-;3:1|2;4:0|3|8;5:4;6:0|3|4;7:4|5|9;8:0|3;9:-,0:4|5|9;1:2;2:0|1|4;3:2;4:8;5:3|4;6:3|4;7:5|9;8:0|3|4;9:-,0@0=1;0@1=2;0@2=3;0@3=1;0@4=1;0@6=1;0@7=1;0@9=2;1@2=1;1@3=1;1@4=1;1@9=1;1@5=1;2@0=2;2@1=2;2@2=1;2@3=2;2@4=2;2@6=1;2@7=2;2@5=1;2@8=2;3@2=1;3@4=1;3@7=2;3@9=1;4@1=2;4@2=2;4@4=1;4@6=1;4@7=2;4@8=1;5@3=1;5@6=1;5@5=1;5@8=1;6@1=2;6@2=2;6@3=2;6@4=1;6@9=2;6@5=1;7@0=1;7@1=1;7@2=2;7@7=1;7@5=1;7@8=2;8@3=1;8@4=1;8@9=1;8@8=2,"0,1,2,3,4,6,7,9,5,8",73,52,52,0,1.0,-0.19559610326446586,0.2777777777777778,0.02662611895775638,0.0,0.0,0.5,0.007883071899414062,Feasible
873,872,7,4,3,"ADD:1,1;ADD:3,6;ADD:4,9;ADD:6,0;REMOVE:0,5;REMOVE:7,5;REMOVE:8,0",0:4|5|9;1:2;2:0|1|4;3:2;4:8;5:3|4;6:3|4;7:5|9;8:0|3|4;9:-,0:4|9;1:1|2;2:0|1|4;3:2|6;4:8|9;5:3|4;6:0|3|4;7:9;8:3|4;9:-,0@1=1;0@2=1;0@3=2;0@7=4;0@8=3;0@9=1;1@1=1;1@7=1;1@8=1;1@9=1;1@0=2;2@1=2;2@2=3;2@8=1;2@9=1;2@0=2;2@4=2;3@6=1;4@2=3;4@7=2;4@9=1;4@4=1;5@2=2;5@8=1;5@9=1;5@4=1;6@1=1;6@2=3;6@9=1;6@0=1;6@4=1;7@2=2;7@3=1;7@6=3;8@1=1;8@2=3;8@6=1,"1,2,3,7,8,9,0,4,6",60,37,37,0,1.0,-0.21101858139952917,0.16666666666666666,0.02231475193380421,0.0,0.0,0.4,0.004900932312011719,Feasible
874,873,6,4,2,"ADD:0,0;ADD:5,0;ADD:7,0;ADD:7,4;REMOVE:3,2;REMOVE:8,3",0:4|9;1:1|2;2:0|1|4;3:2|6;4:8|9;5:3|4;6:0|3|4;7:9;8:3|4;9:-,0:0|4|9;1:1|2;2:0|1|4;3:6;4:8|9;5:0|3|4;6:0|3|4;7:0|4|9;8:4;9:-,0@0=3;0@1=3;0@2=2;0@3=1;0@4=2;0@6=2;0@8=2;1@0=1;1@1=1;1@2=1;1@4=1;1@8=1;2@1=1;2@2=3;2@3=2;2@4=2;3@4=1;4@1=2;4@2=1;4@4=3;4@8=1;4@5=2;5@0=1;5@4=2;5@8=2;5@7=1;6@0=1;6@1=1;6@2=1;6@4=4;7@0=1;7@1=1;7@2=2;7@4=1;7@5=2;7@7=1,"0,1,2,3,4,6,8,5,7",59,36,36,0,1.0,-0.2608989308395946,0.10526315789473684,0.03383791126566861,0.0,0.0,0.4,0.0038459300994873047,Feasible
875,874,6,2,4,"ADD:3,2;ADD:7,7;REMOVE:0,4;REMOVE:0,9;REMOVE:5,0;REMOVE:5,4",0:0|4|9;1:1|2;2:0|1|4;3:6;4:8|9;5:0|3|4;6:0|3|4;7:0|4|9;8:4;9:-,0:0;1:1|2;2:0|1|4;3:2|6;4:8|9;5:3;6:0|3|4;7:0|4|7|9;8:4;9:-,0@0=1;0@5=1;1@0=1;1@5=1;1@1=1;1@2=2;1@3=1;1@4=2;1@7=1;2@0=1;2@5=1;2@3=1;2@4=2;3@1=1;3@2=1;3@4=1;4@5=1;4@2=1;4@3=1;4@8=1;5@9=1;6@0=2;6@2=1;6@4=3;6@9=1;7@5=1;7@2=1;7@3=1;7@4=2;7@7=2;8@2=1;8@4=1;8@7=2,"0,5,1,2,3,4,7,8,9",42,33,33,0,1.0,0.03508452979453963,0.19047619047619047,0.04460833931834916,0.0,0.0,0.2,0.0060558319091796875,Feasible
876,875,7,1,6,"ADD:0,8;REMOVE:2,1;REMOVE:3,2;REMOVE:4,8;REMOVE:6,3;REMOVE:7,4;REMOVE:7,9",0:0;1:1|2;2:0|1|4;3:2|6;4:8|9;5:3;6:0|3|4;7:0|4|7|9;8:4;9:-,0:0|8;1:1|2;2:0|4;3:6;4:9;5:3;6:0|4;7:0|7;8:4;9:-,0@2=2;0@8=1;1@2=1;1@6=1;2@2=1;2@6=1;2@4=2;2@5=1;2@7=1;3@6=1;4@6=1;4@9=1;5@2=1;5@1=1;6@6=1;6@4=1;6@5=1;7@2=1;7@6=1;7@5=1;8@2=1;8@4=1;8@7=1,"2,8,6,4,5,7,9,1",25,23,23,0,1.0,0.24747207140791946,0.3157894736842105,0.03168259772370896,0.0,0.0,0.1,0.007370948791503906,Feasible
877,876,10,6,4,"ADD:2,1;ADD:3,2;ADD:4,4;ADD:5,4;ADD:8,1;ADD:8,5;REMOVE:0,0;REMOVE:1,1;REMOVE:6,0;REMOVE:7,7",0:0|8;1:1|2;2:0|4;3:6;4:9;5:3;6:0|4;7:0|7;8:4;9:-,0:8;1:2;2:0|1|4;3:2|6;4:4|9;5:3|4;6:4;7:0;8:1|4|5;9:-,0@4=1;1@4=1;1@5=1;1@7=1;1@9=1;2@4=1;2@0=1;2@1=1;2@2=2;2@3=1;3@4=1;3@2=1;4@4=3;4@2=1;4@8=1;5@4=1;5@8=1;6@2=1;7@5=1;7@0=1;7@2=4;8@1=2,"4,5,7,9,0,1,2,3,8",29,22,22,0,1.0,-0.2806855376744593,0.2857142857142857,0.03360017661125499,0.0,0.0,0.6,0.006411075592041016,Feasible
878,877,9,6,3,"ADD:0,0;ADD:0,9;ADD:4,5;ADD:6,1;ADD:7,1;ADD:7,4;REMOVE:1,2;REMOVE:3,2;REMOVE:5,4",0:8;1:2;2:0|1|4;3:2|6;4:4|9;5:3|4;6:4;7:0;8:1|4|5;9:-,0:0|8|9;1:-;2:0|1|4;3:6;4:4|5|9;5:3;6:1|4;7:0|1|4;8:1|4|5;9:-,0@0=2;0@1=1;0@4=1;0@5=2;0@6=1;0@9=1;2@0=1;2@1=1;2@4=2;2@2=1;3@8=1;4@1=3;4@4=2;4@5=1;4@9=1;4@2=1;5@1=1;5@5=1;6@1=1;6@4=1;6@2=2;7@0=1;7@1=1;7@4=2;7@5=4;7@3=1;7@7=1;8@0=1;8@4=2;8@6=1;8@7=1,"0,1,4,5,6,9,2,8,3,7",43,31,31,0,1.0,-0.36909257848201404,0.1875,0.04340742151798597,0.0,0.0,0.6,0.004812002182006836,Feasible
879,878,6,3,3,"ADD:1,4;ADD:1,9;ADD:3,2;REMOVE:2,0;REMOVE:8,1;REMOVE:8,5",0:0|8|9;1:-;2:0|1|4;3:6;4:4|5|9;5:3;6:1|4;7:0|1|4;8:1|4|5;9:-,0:0|8|9;1:4|9;2:1|4;3:2|6;4:4|5|9;5:3;6:1|4;7:0|1|4;8:4;9:-,0@0=2;0@2=2;0@3=3;0@4=1;0@7=2;0@9=1;1@4=2;1@9=1;1@1=2;2@2=1;2@4=2;2@1=4;3@2=2;3@4=2;4@0=2;4@2=1;4@3=1;4@4=3;4@7=1;4@9=1;4@1=1;5@2=1;5@7=1;5@5=1;6@2=4;6@7=1;6@1=1;6@6=1;6@8=1;7@0=1;7@2=1;7@4=2;7@7=1;7@1=2;7@5=1;7@6=1;8@2=1;8@6=1,"0,2,3,4,7,9,1,5,6,8",59,38,38,0,1.0,-0.09885030915567158,0.15789473684210525,0.04325495400222321,0.0,0.0,0.30000000000000004,0.004983186721801758,Feasible
880,879,6,5,1,"ADD:1,0;ADD:2,5;ADD:5,4;ADD:8,0;ADD:8,1;REMOVE:0,0",0:0|8|9;1:4|9;2:1|4;3:2|6;4:4|5|9;5:3;6:1|4;7:0|1|4;8:4;9:-,0:8|9;1:0|4|9;2:1|4|5;3:2|6;4:4|5|9;5:3|4;6:1|4;7:0|1|4;8:0|1|4;9:-,0@2=1;0@3=1;0@4=4;0@7=1;0@9=1;1@2=2;1@3=1;1@4=2;1@9=1;1@0=2;1@1=1;1@5=2;2@7=2;2@1=2;2@5=1;2@6=1;2@8=2;3@2=1;3@4=1;3@1=1;4@2=2;4@4=1;4@0=2;4@1=2;4@8=1;5@4=2;6@2=1;6@4=2;6@7=1;6@1=1;6@6=1;6@8=3;7@2=3;7@3=1;7@4=2;7@0=1;7@5=1;8@2=3;8@7=1;8@0=2;8@1=2;8@5=1;8@6=1,"2,3,4,7,9,0,1,5,6,8",67,43,43,0,1.0,-0.4132755750586408,0.05263157894736842,0.034092845993990754,0.0,0.0,0.5,0.0029811859130859375,Feasible
881,880,5,1,4,"ADD:6,5;REMOVE:0,9;REMOVE:1,4;REMOVE:3,2;REMOVE:7,4",0:8|9;1:0|4|9;2:1|4|5;3:2|6;4:4|5|9;5:3|4;6:1|4;7:0|1|4;8:0|1|4;9:-,0:8;1:0|9;2:1|4|5;3:6;4:4|5|9;5:3|4;6:1|4|5;7:0|1;8:0|1|4;9:-,0@1=3;0@2=3;0@5=1;0@6=2;0@8=2;1@1=3;1@2=1;1@5=1;1@9=2;2@1=4;2@5=1;2@9=1;2@0=3;2@4=2;3@9=1;4@1=1;4@2=1;4@5=1;4@9=1;4@4=2;4@3=2;5@1=1;5@8=1;5@4=2;6@1=2;6@2=3;6@5=1;6@0=1;6@4=1;6@7=2;7@5=1;7@9=1;7@7=3;8@2=1;8@5=1;8@9=1;8@4=1,"1,2,5,6,8,9,0,4,3,7",61,37,37,0,1.0,0.11303553727976184,0.17391304347826086,0.039122493801500985,0.0,0.0,0.1,0.0059740543365478516,Feasible
882,881,10,5,5,"ADD:0,0;ADD:0,3;ADD:1,4;ADD:3,0;ADD:7,4;REMOVE:2,5;REMOVE:5,4;REMOVE:6,1;REMOVE:8,0;REMOVE:8,4",0:8;1:0|9;2:1|4|5;3:6;4:4|5|9;5:3|4;6:1|4|5;7:0|1;8:0|1|4;9:-,0:0|3|8;1:0|4|9;2:1|4;3:0|6;4:4|5|9;5:3;6:4|5;7:0|1|4;8:1;9:-,0@0=1;0@3=1;0@4=4;0@5=4;0@6=1;0@8=1;1@4=1;1@5=1;1@6=2;2@3=1;2@4=1;2@2=2;2@7=1;2@9=1;3@5=1;4@4=1;4@5=2;4@2=1;4@9=2;4@1=1;5@9=1;5@1=1;6@0=1;6@4=2;6@5=1;6@2=2;6@7=1;7@4=1;7@2=2;7@9=1;7@1=1;8@3=1;8@6=1;8@9=1;8@1=2,"0,3,4,5,6,8,2,7,9,1",49,35,35,0,1.0,-0.21622397699084173,0.25,0.03377602300915827,0.0,0.0,0.5,0.007317066192626953,Feasible
883,882,6,2,4,"ADD:2,0;ADD:6,9;REMOVE:4,4;REMOVE:7,0;REMOVE:7,4;REMOVE:8,1",0:0|3|8;1:0|4|9;2:1|4;3:0|6;4:4|5|9;5:3;6:4|5;7:0|1|4;8:1;9:-,0:0|3|8;1:0|4|9;2:0|1|4;3:0|6;4:5|9;5:3;6:4|5|9;7:1;8:-;9:-,0@0=1;0@2=3;0@4=1;0@5=1;0@9=1;1@4=1;1@5=1;1@3=1;1@6=1;2@0=1;2@2=1;2@4=2;2@6=1;2@7=1;3@2=1;3@4=2;4@2=1;4@5=1;4@6=1;5@7=1;6@2=1;6@4=2;6@5=1;6@9=1;6@6=1;6@7=2;7@1=1;7@8=1,"0,2,4,5,9,3,6,7,1,8",34,28,28,0,1.0,0.034135981072534516,0.2,0.034135981072534516,0.0,0.0,0.2,0.005792140960693359,Feasible
884,883,6,2,4,"ADD:7,0;ADD:8,2;REMOVE:0,0;REMOVE:1,0;REMOVE:2,1;REMOVE:6,5",0:0|3|8;1:0|4|9;2:0|1|4;3:0|6;4:5|9;5:3;6:4|5|9;7:1;8:-;9:-,0:3|8;1:4|9;2:0|4;3:0|6;4:5|9;5:3;6:4|9;7:0|1;8:2;9:-,0@1=1;0@4=2;0@5=1;0@8=1;0@9=1;1@1=1;1@4=2;1@9=1;1@6=1;2@4=1;2@5=1;2@0=1;2@2=3;3@1=2;3@4=1;3@2=1;4@8=2;4@9=1;4@2=2;4@7=1;5@1=1;5@2=2;6@1=3;6@4=1;6@6=1;6@7=1;7@1=1;7@8=1;7@9=1;7@0=1;7@2=1;8@2=1,"1,4,5,8,9,6,0,2,7",42,32,32,0,1.0,0.04973012111890704,0.2222222222222222,0.027507898896684844,0.0,0.0,0.2,0.005794048309326172,Feasible
885,884,7,6,1,"ADD:0,0;ADD:2,1;ADD:4,4;ADD:5,0;ADD:5,4;ADD:7,4;REMOVE:1,4",0:3|8;1:4|9;2:0|4;3:0|6;4:5|9;5:3;6:4|9;7:0|1;8:2;9:-,0:0|3|8;1:9;2:0|1|4;3:0|6;4:4|5|9;5:0|3|4;6:4|9;7:0|1|4;8:2;9:-,0@0=1;0@1=1;0@2=1;0@3=1;0@4=3;0@5=1;1@1=1;1@7=1;2@0=1;2@1=1;2@2=1;2@4=2;2@5=1;2@8=1;3@1=1;3@2=1;3@4=2;3@7=1;3@8=1;4@2=2;4@4=2;4@7=1;4@9=1;5@0=1;5@3=1;5@4=1;6@1=1;6@2=1;6@3=2;6@4=3;6@8=1;6@6=2;7@3=1;7@4=1;7@6=3;8@0=1;8@2=2;8@4=2;8@5=1,"0,1,2,3,4,5,7,8,9,6",53,39,39,0,1.0,-0.5054267008566291,0.0625,0.03207329914337089,0.0,0.0,0.6,0.002783536911010742,Feasible
886,885,4,2,2,"ADD:6,0;ADD:8,1;REMOVE:5,0;REMOVE:5,3",0:0|3|8;1:9;2:0|1|4;3:0|6;4:4|5|9;5:0|3|4;6:4|9;7:0|1|4;8:2;9:-,0:0|3|8;1:9;2:0|1|4;3:0|6;4:4|5|9;5:4;6:0|4|9;7:0|1|4;8:1|2;9:-,0@1=1;0@2=2;0@3=1;0@4=3;0@6=1;0@9=2;1@2=1;1@6=1;1@9=1;2@1=1;2@2=4;2@3=3;2@4=3;2@6=1;2@9=1;2@0=1;2@5=1;2@8=1;3@2=3;3@8=1;3@7=1;4@1=1;4@2=1;4@3=1;4@4=1;5@6=2;5@8=2;5@7=1;6@1=2;6@2=4;6@4=2;6@6=1;6@0=1;6@5=2;6@8=1;6@7=2;7@1=2;7@2=1;7@3=2;7@4=1;7@6=4;7@5=1;8@1=1;8@2=1;8@3=1;8@4=1;8@5=1;8@7=1,"1,2,3,4,6,9,0,5,8,7",75,48,48,0,1.0,-0.08424850399605585,0.09523809523809523,0.02051340076584893,0.0,0.0,0.2,0.0041539669036865234,Feasible
887,886,5,1,4,"ADD:1,4;REMOVE:2,0;REMOVE:3,0;REMOVE:6,0;REMOVE:8,1",0:0|3|8;1:9;2:0|1|4;3:0|6;4:4|5|9;5:4;6:0|4|9;7:0|1|4;8:1|2;9:-,0:0|3|8;1:4|9;2:1|4;3:6;4:4|5|9;5:4;6:4|9;7:0|1|4;8:2;9:-,0@0=2;0@2=4;0@3=1;0@4=3;0@6=1;0@8=3;0@9=2;1@2=1;1@3=2;1@4=1;1@6=1;1@1=1;2@2=1;2@4=1;2@9=1;2@1=4;3@4=1;3@7=1;4@2=1;4@4=1;4@9=1;4@5=1;5@4=1;5@7=1;6@2=1;6@3=2;6@4=1;6@9=1;7@3=1;7@4=2;7@6=1;7@8=1;7@9=2;7@1=1;7@5=1;8@0=1;8@2=1;8@4=1;8@8=1,"0,2,3,4,6,8,9,1,7,5",55,39,39,0,1.0,0.12970407585637578,0.19047619047619047,0.03922788538018532,0.0,0.0,0.1,0.0063440799713134766,Feasible
888,887,5,4,1,"ADD:3,2;ADD:6,5;ADD:8,1;ADD:8,4;REMOVE:4,9",0:0|3|8;1:4|9;2:1|4;3:6;4:4|5|9;5:4;6:4|9;7:0|1|4;8:2;9:-,0:0|3|8;1:4|9;2:1|4;3:2|6;4:4|5;5:4;6:4|5|9;7:0|1|4;8:1|2|4;9:-,0@0=1;0@2=1;0@5=1;0@6=1;0@8=1;0@9=1;1@2=1;2@2=1;2@1=1;2@3=1;3@2=1;3@6=1;3@1=1;4@0=2;4@2=1;4@5=1;5@2=1;5@4=1;6@5=1;6@9=1;6@1=1;6@3=1;6@4=1;6@7=1;7@2=2;7@5=1;7@6=1;7@1=1;7@3=1;7@4=3;8@5=1;8@1=1,"0,2,5,6,8,9,1,3,4,7",36,32,32,0,1.0,-0.30395526225916136,0.05555555555555555,0.04048918218528307,0.0,0.0,0.4,0.0027871131896972656,Feasible
889,888,9,3,6,"ADD:1,5;ADD:2,5;ADD:4,9;REMOVE:0,3;REMOVE:5,4;REMOVE:6,5;REMOVE:7,0;REMOVE:8,1;REMOVE:8,2",0:0|3|8;1:4|9;2:1|4;3:2|6;4:4|5;5:4;6:4|5|9;7:0|1|4;8:1|2|4;9:-,0:0|8;1:4|5|9;2:1|4|5;3:2|6;4:4|5|9;5:-;6:4|9;7:1|4;8:4;9:-,0@0=1;0@2=2;0@6=1;0@8=1;1@6=1;1@1=1;1@3=1;1@4=1;1@5=1;2@2=3;2@8=1;2@1=1;2@4=1;2@5=1;3@2=1;3@6=1;3@3=1;3@4=1;3@9=1;4@4=1;4@5=1;4@9=1;4@7=1;6@2=1;6@1=1;6@3=1;6@4=3;6@9=2;6@7=1;7@2=1;7@6=1;7@1=1;7@4=1;7@9=1;8@6=1,"0,2,6,8,1,3,4,5,9,7",41,35,35,0,1.0,0.03213759455142967,0.2857142857142857,0.04642330883714404,0.0,0.0,0.30000000000000004,0.008347749710083008,Feasible
890,889,9,3,6,"ADD:5,8;ADD:7,5;ADD:8,1;REMOVE:0,0;REMOVE:1,5;REMOVE:1,9;REMOVE:2,4;REMOVE:3,2;REMOVE:4,4",0:0|8;1:4|5|9;2:1|4|5;3:2|6;4:4|5|9;5:-;6:4|9;7:1|4;8:4;9:-,0:8;1:4;2:1|5;3:6;4:5|9;5:8;6:4|9;7:1|4|5;8:1|4;9:-,0@4=1;0@5=1;1@4=1;2@5=1;2@1=2;2@6=1;3@1=1;3@7=1;4@1=2;4@6=1;4@0=1;5@8=1;6@1=1;6@8=1;6@2=1;7@5=1;8@1=2;8@2=3;8@9=1,"4,5,1,6,7,0,8,2,9",24,19,19,0,1.0,0.06540234664907241,0.3333333333333333,0.03206901331573914,0.0,0.0,0.30000000000000004,0.007275104522705078,Feasible
891,890,10,5,5,"ADD:0,0;ADD:1,0;ADD:1,1;ADD:5,0;ADD:6,5;REMOVE:2,1;REMOVE:4,9;REMOVE:7,4;REMOVE:8,1;REMOVE:8,4",0:8;1:4;2:1|5;3:6;4:5|9;5:8;6:4|9;7:1|4|5;8:1|4;9:-,0:0|8;1:0|1|4;2:5;3:6;4:5;5:0|8;6:4|5|9;7:1|5;8:-;9:-,0@0=1;0@1=2;0@2=1;0@4=1;0@5=2;1@0=1;1@1=1;1@4=1;1@8=1;2@5=1;3@6=1;4@2=1;4@8=1;5@4=2;6@2=1;6@4=1;6@5=1;7@1=1;7@2=2;7@8=1,"0,1,2,4,5,8,6",24,20,20,0,1.0,-0.12706173779827262,0.3333333333333333,0.03960492886839404,0.0,0.0,0.5,0.006085872650146484,Feasible
892,891,11,8,3,"ADD:0,9;ADD:2,4;ADD:3,2;ADD:4,1;ADD:7,4;ADD:8,0;ADD:8,3;ADD:8,8;REMOVE:1,0;REMOVE:5,0;REMOVE:6,5",0:0|8;1:0|1|4;2:5;3:6;4:5;5:0|8;6:4|5|9;7:1|5;8:-;9:-,0:0|8|9;1:1|4;2:4|5;3:2|6;4:1|5;5:8;6:4|9;7:1|4|5;8:0|3|8;9:-,0@0=1;0@1=2;0@4=2;0@5=3;0@8=1;0@9=1;1@4=1;1@8=2;1@9=1;1@2=2;2@4=1;2@2=1;2@6=1;3@4=4;3@8=1;3@2=1;4@0=1;4@1=2;4@5=1;4@9=1;4@3=1;4@7=1;5@5=1;6@1=1;6@4=2;6@8=2;6@6=1;6@3=1;6@7=1;7@1=1;7@4=2;7@9=1;7@2=1;7@6=1;8@0=1;8@5=1;8@8=1;8@2=2;8@3=1;8@7=1,"0,1,4,5,8,9,2,6,3,7",54,40,40,0,1.0,-0.5704924763388003,0.2,0.029507523661199627,0.0,0.0,0.7999999999999999,0.0050029754638671875,Feasible
893,892,10,6,4,"ADD:2,1;ADD:4,0;ADD:4,4;ADD:5,0;ADD:5,3;ADD:6,0;REMOVE:0,9;REMOVE:3,6;REMOVE:8,0;REMOVE:8,3",0:0|8|9;1:1|4;2:4|5;3:2|6;4:1|5;5:8;6:4|9;7:1|4|5;8:0|3|8;9:-,0:0|8;1:1|4;2:1|4|5;3:2;4:0|1|4|5;5:0|3|8;6:0|4|9;7:1|4|5;8:8;9:-,0@0=1;0@1=1;0@4=1;0@6=3;0@8=1;1@1=1;1@4=1;1@6=1;1@2=1;1@7=1;2@0=1;2@1=1;2@4=2;2@6=1;2@2=2;3@4=1;3@2=1;4@0=2;4@1=3;4@4=3;4@6=1;4@8=2;4@2=1;4@5=3;5@0=1;5@1=1;5@4=1;5@2=2;5@7=1;5@3=1;6@0=2;6@1=1;6@6=1;6@8=2;6@2=2;6@9=2;7@1=1;7@4=2;7@5=1;7@9=1;8@6=1,"0,1,4,6,8,2,7,5,3,9",59,41,41,0,1.0,-0.35260100535428773,0.2,0.04739899464571223,0.0,0.0,0.6,0.006353139877319336,Feasible
894,893,10,3,7,"ADD:0,3;ADD:3,6;ADD:8,3;REMOVE:2,1;REMOVE:4,0;REMOVE:4,1;REMOVE:5,0;REMOVE:5,8;REMOVE:6,9;REMOVE:7,5",0:0|8;1:1|4;2:1|4|5;3:2;4:0|1|4|5;5:0|3|8;6:0|4|9;7:1|4|5;8:8;9:-,0:0|3|8;1:1|4;2:4|5;3:2|6;4:4|5;5:3;6:0|4;7:1|4;8:3|8;9:-,0@0=1;0@1=1;0@2=4;0@3=3;0@4=1;0@5=1;0@6=1;0@8=1;1@2=1;1@3=1;2@0=1;2@2=1;2@3=3;2@4=2;2@8=1;3@2=2;3@6=1;3@9=2;4@2=2;4@3=1;4@6=1;4@8=1;5@1=1;5@3=1;5@5=1;6@4=5;6@5=1;6@6=1;6@8=1;7@2=1;7@4=2;7@6=1;7@9=1;7@7=1;8@1=1;8@2=1;8@3=1;8@8=1,"0,1,2,3,4,5,6,8,9,7",54,38,38,0,1.0,0.05348634319515955,0.3181818181818182,0.03530452501334143,0.0,0.0,0.30000000000000004,0.009349346160888672,Feasible
895,894,4,4,0,"ADD:1,0;ADD:4,1;ADD:6,9;ADD:8,0",0:0|3|8;1:1|4;2:4|5;3:2|6;4:4|5;5:3;6:0|4;7:1|4;8:3|8;9:-,0:0|3|8;1:0|1|4;2:4|5;3:2|6;4:1|4|5;5:3;6:0|4|9;7:1|4;8:0|3|8;9:-,0@2=1;0@4=1;0@5=2;0@6=1;0@7=1;1@2=1;1@4=1;1@6=1;1@7=1;1@0=1;2@2=1;2@5=1;2@6=2;2@0=2;3@7=1;4@2=1;4@4=1;4@7=1;4@1=1;4@3=2;6@2=2;6@5=1;6@7=1;6@8=2;6@9=1;7@2=1;7@4=1;7@7=1;7@8=2;8@5=1;8@0=1,"2,4,5,6,7,0,1,3,8,9",38,31,31,0,1.0,-0.3792418247885424,0.0,0.020758175211457595,0.0,0.0,0.4,0.0012798309326171875,Feasible
896,895,9,3,6,"ADD:0,9;ADD:2,1;ADD:7,5;REMOVE:0,3;REMOVE:3,2;REMOVE:4,5;REMOVE:8,0;REMOVE:8,3;REMOVE:8,8",0:0|3|8;1:0|1|4;2:4|5;3:2|6;4:1|4|5;5:3;6:0|4|9;7:1|4;8:0|3|8;9:-,0:0|8|9;1:0|1|4;2:1|4|5;3:6;4:1|4;5:3;6:0|4|9;7:1|4|5;8:-;9:-,0@0=1;0@2=1;0@4=2;0@5=1;1@0=1;1@4=1;1@1=1;1@6=1;1@7=2;1@8=1;2@2=2;2@5=1;2@1=1;2@7=3;3@4=1;3@6=1;4@4=3;4@1=2;4@8=1;5@1=1;6@0=1;6@4=1;6@5=1;6@1=1;6@7=1;6@8=1;7@4=2;7@5=1;7@8=2;7@3=1,"0,2,4,5,1,6,7,8,3",40,30,30,0,1.0,0.013502979106269408,0.2727272727272727,0.04077570637899674,0.0,0.0,0.30000000000000004,0.0077397823333740234,Feasible
897,896,11,6,5,"ADD:3,0;ADD:4,0;ADD:8,0;ADD:8,3;ADD:8,8;ADD:9,2;REMOVE:1,0;REMOVE:2,1;REMOVE:2,4;REMOVE:6,4;REMOVE:7,5",0:0|8|9;1:0|1|4;2:1|4|5;3:6;4:1|4;5:3;6:0|4|9;7:1|4|5;8:-;9:-,0:0|8|9;1:1|4;2:5;3:0|6;4:0|1|4;5:3;6:0|9;7:1|4;8:0|3|8;9:2,0@0=1;0@1=2;0@4=1;0@5=2;0@9=1;1@9=1;1@2=1;2@0=1;3@0=1;3@1=1;3@4=2;3@5=1;3@6=1;3@7=1;4@0=1;4@1=1;4@9=1;4@6=1;4@7=1;5@2=1;6@0=1;6@5=1;6@2=1;6@6=2;6@3=1;7@1=1;7@4=1;7@3=1;8@0=2;8@2=1;8@8=1,"0,1,4,5,9,2,6,7,3,8",36,31,31,0,1.0,-0.30403005094131574,0.2631578947368421,0.032812054321842116,0.0,0.0,0.6,0.008130788803100586,Feasible
898,897,9,4,5,"ADD:2,4;ADD:2,9;ADD:5,6;ADD:7,0;REMOVE:0,0;REMOVE:1,1;REMOVE:8,3;REMOVE:8,8;REMOVE:9,2",0:0|8|9;1:1|4;2:5;3:0|6;4:0|1|4;5:3;6:0|9;7:1|4;8:0|3|8;9:2,0:8|9;1:4;2:4|5|9;3:0|6;4:0|1|4;5:3|6;6:0|9;7:0|1|4;8:0;9:-,0@1=2;0@3=1;0@4=2;0@5=1;0@6=1;0@7=2;1@7=1;2@4=2;2@5=1;2@6=1;2@0=1;2@2=1;2@9=2;3@4=1;3@2=2;3@8=1;4@3=1;4@4=1;4@5=1;4@6=1;4@2=1;5@6=2;6@6=2;6@7=1;6@0=1;7@0=1;7@2=2;7@9=1;7@8=1;8@5=1;8@7=1;8@0=1;8@2=1,"1,3,4,5,6,7,0,2,9,8",42,33,33,0,1.0,-0.12426578139233269,0.25,0.025734218607667343,0.0,0.0,0.4,0.006966114044189453,Feasible
899,898,8,5,3,"ADD:0,0;ADD:1,1;ADD:6,4;ADD:8,1;ADD:8,4;REMOVE:4,0;REMOVE:5,6;REMOVE:7,0",0:8|9;1:4;2:4|5|9;3:0|6;4:0|1|4;5:3|6;6:0|9;7:0|1|4;8:0;9:-,0:0|8|9;1:1|4;2:4|5|9;3:0|6;4:1|4;5:3;6:0|4|9;7:1|4;8:0|1|4;9:-,0@0=2;0@1=1;0@2=3;0@3=1;0@5=1;0@6=1;0@8=2;1@1=2;1@6=2;1@4=1;1@7=1;1@9=1;2@0=1;2@2=1;2@5=2;2@8=1;2@4=1;2@9=1;3@5=1;3@8=1;4@1=3;4@2=1;4@4=4;5@5=1;6@1=1;6@2=1;6@5=2;6@6=1;6@4=3;6@7=1;7@2=1;7@6=1;7@4=1;7@9=2;8@1=2;8@2=1;8@3=1;8@4=1;8@9=1,"0,1,2,3,5,6,8,4,7,9",56,39,39,0,1.0,-0.2982244906869519,0.15789473684210525,0.04388077247094285,0.0,0.0,0.5,0.004992961883544922,Feasible
900,899,7,3,4,"ADD:3,7;ADD:4,5;ADD:7,0;REMOVE:2,4;REMOVE:6,0;REMOVE:6,4;REMOVE:8,0",0:0|8|9;1:1|4;2:4|5|9;3:0|6;4:1|4;5:3;6:0|4|9;7:1|4;8:0|1|4;9:-,0:0|8|9;1:1|4;2:5|9;3:0|6|7;4:1|4|5;5:3;6:9;7:0|1|4;8:1|4;9:-,0@0=1;0@1=1;0@2=3;0@3=1;0@4=2;0@5=1;0@7=2;0@9=2;1@1=1;1@2=1;1@4=1;1@9=1;2@0=1;2@1=1;2@2=3;2@3=3;2@7=1;2@6=1;3@0=3;3@4=2;3@6=2;4@3=1;4@4=1;4@5=1;4@7=2;4@6=1;5@2=2;6@1=1;6@9=1;7@0=1;7@2=1;7@3=1;7@4=3;7@7=2;7@8=1;8@2=1;8@3=1;8@4=1,"0,1,2,3,4,5,7,9,6,8",56,38,38,0,1.0,-0.07728525716537302,0.19047619047619047,0.03223855235843657,0.0,0.0,0.30000000000000004,0.008436918258666992,Feasible
901,900,8,4,4,"ADD:2,4;ADD:6,4;ADD:6,5;ADD:8,0;REMOVE:1,1;REMOVE:3,0;REMOVE:3,6;REMOVE:7,0",0:0|8|9;1:1|4;2:5|9;3:0|6|7;4:1|4|5;5:3;6:9;7:0|1|4;8:1|4;9:-,0:0|8|9;1:4;2:4|5|9;3:7;4:1|4|5;5:3;6:4|5|9;7:1|4;8:0|1|4;9:-,0@0=1;0@1=2;0@2=3;0@4=2;0@5=1;0@6=1;0@9=1;1@6=1;2@2=1;2@4=1;2@3=1;2@8=1;3@2=1;3@4=1;4@0=1;4@1=1;4@4=3;4@5=1;4@8=1;4@7=1;5@7=2;6@1=1;6@2=4;6@4=1;6@5=1;6@6=2;6@7=1;7@2=4;7@4=1;7@9=1;7@3=2;7@7=2;8@0=2;8@2=3;8@4=1;8@6=1;8@3=1,"0,1,2,4,5,6,9,3,8,7",56,37,37,0,1.0,-0.17571341359477774,0.2,0.02428658640522226,0.0,0.0,0.4,0.0062100887298583984,Feasible
902,901,11,4,7,"ADD:1,0;ADD:1,1;ADD:5,4;ADD:7,0;REMOVE:0,0;REMOVE:0,9;REMOVE:2,4;REMOVE:2,5;REMOVE:4,5;REMOVE:6,4;REMOVE:6,5",0:0|8|9;1:4;2:4|5|9;3:7;4:1|4|5;5:3;6:4|5|9;7:1|4;8:0|1|4;9:-,0:8;1:0|1|4;2:9;3:7;4:1|4;5:3|4;6:9;7:0|1|4;8:0|1|4;9:-,0@2=6;0@4=1;0@5=2;0@6=2;0@8=1;1@2=2;1@4=1;1@0=2;1@1=1;2@1=2;2@3=1;3@6=1;3@1=3;3@3=1;4@2=2;4@4=1;4@6=1;4@8=2;4@1=2;4@3=1;4@7=1;5@4=1;5@1=2;6@2=1;6@1=2;6@7=1;7@2=1;7@4=3;7@6=1;7@0=1;7@1=1;7@7=1;8@4=3;8@5=1;8@3=1,"2,4,5,6,8,0,1,3,7",56,35,35,0,1.0,-0.018349712258180884,0.35,0.03165028774181918,0.0,0.0,0.4,0.010335922241210938,Feasible
903,902,10,4,6,"ADD:0,3;ADD:2,4;ADD:2,5;ADD:4,5;REMOVE:1,0;REMOVE:1,4;REMOVE:5,4;REMOVE:7,0;REMOVE:7,1;REMOVE:8,1",0:8;1:0|1|4;2:9;3:7;4:1|4;5:3|4;6:9;7:0|1|4;8:0|1|4;9:-,0:3|8;1:1;2:4|5|9;3:7;4:1|4|5;5:3;6:9;7:4;8:0|4;9:-,0@1=4;0@2=1;0@3=1;0@4=1;0@7=1;0@9=1;1@3=1;2@1=1;2@4=1;2@9=2;2@5=1;3@1=1;3@2=1;3@4=1;3@6=1;3@8=1;4@1=2;4@4=1;4@5=1;4@8=1;5@9=1;6@7=1;6@9=1;6@6=1;7@2=1;7@8=1;8@4=1;8@5=1;8@6=1,"1,2,3,4,7,9,5,6,8",34,29,29,0,1.0,-0.0155817366623614,0.35294117647058826,0.031477086867050336,0.0,0.0,0.4,0.00818490982055664,Feasible
904,903,7,2,5,"ADD:1,4;ADD:7,5;REMOVE:0,3;REMOVE:2,5;REMOVE:4,4;REMOVE:4,5;REMOVE:8,4",0:3|8;1:1;2:4|5|9;3:7;4:1|4|5;5:3;6:9;7:4;8:0|4;9:-,0:8;1:1|4;2:4|9;3:7;4:1;5:3;6:9;7:4|5;8:0;9:-,0@2=3;0@6=1;1@4=1;2@4=1;2@3=1;2@9=1;3@3=1;3@9=2;4@9=1;4@1=1;5@2=1;5@9=1;6@3=1;6@7=1;7@6=1;7@4=2;7@5=1;8@5=1,"2,6,4,3,9,1,7,5",22,18,18,0,1.0,0.16438707738815878,0.3333333333333333,0.031053744054825493,0.0,0.0,0.2,0.006093025207519531,Feasible
905,904,7,7,0,"ADD:1,0;ADD:2,0;ADD:4,5;ADD:5,5;ADD:6,0;ADD:6,4;ADD:8,6",0:8;1:1|4;2:4|9;3:7;4:1;5:3;6:9;7:4|5;8:0;9:-,0:8;1:0|1|4;2:0|4|9;3:7;4:1|5;5:3|5;6:0|4|9;7:4|5;8:0|6;9:-,0@2=1;0@4=1;0@7=2;1@2=1;1@4=1;1@0=1;2@0=1;2@6=1;3@4=1;3@7=1;3@0=1;3@9=1;4@3=1;4@5=1;5@2=1;5@5=2;6@4=1;6@0=1;6@6=1;6@1=2;7@4=1;7@3=1;7@8=1;8@2=1;8@6=2,"2,4,7,0,6,9,3,5,1,8",29,25,25,0,1.0,-0.6589075308747989,0.0,0.04109246912520098,0.0,0.0,0.7,0.001584768295288086,Feasible
906,905,6,5,1,"ADD:3,5;ADD:4,4;ADD:5,4;ADD:5,9;ADD:7,9;REMOVE:6,0",0:8;1:0|1|4;2:0|4|9;3:7;4:1|5;5:3|5;6:0|4|9;7:4|5;8:0|6;9:-,0:8;1:0|1|4;2:0|4|9;3:5|7;4:1|4|5;5:3|4|5|9;6:4|9;7:4|5|9;8:0|6;9:-,0@1=1;0@2=1;0@6=1;0@8=1;1@2=3;1@8=1;1@0=1;1@3=1;1@4=1;2@2=2;2@3=1;2@4=1;2@5=1;3@2=2;3@6=1;3@0=1;3@3=2;3@4=1;3@5=3;3@7=2;4@2=1;4@3=1;4@4=1;4@9=2;5@2=1;5@4=1;6@6=1;6@8=1;6@4=1;6@7=1;6@9=1;7@2=3;7@4=1;7@5=2;7@9=1;8@1=3;8@2=1;8@4=2;8@5=1;8@7=1,"1,2,6,8,0,3,4,5,7,9",55,40,40,0,1.0,-0.4173589865638324,0.05263157894736842,0.030009434488799183,0.0,0.0,0.5,0.002892017364501953,Feasible
907,906,10,4,6,"ADD:0,0;ADD:0,9;ADD:4,8;ADD:6,0;REMOVE:1,4;REMOVE:2,0;REMOVE:2,4;REMOVE:5,3;REMOVE:5,5;REMOVE:5,9",0:8;1:0|1|4;2:0|4|9;3:5|7;4:1|4|5;5:3|4|5|9;6:4|9;7:4|5|9;8:0|6;9:-,0:0|8|9;1:0|1;2:9;3:5|7;4:1|4|5|8;5:4;6:0|4|9;7:4|5|9;8:0|6;9:-,0@0=1;0@1=1;0@2=1;0@4=2;0@6=1;0@7=1;0@9=3;1@0=1;1@1=1;1@9=2;1@3=2;1@8=1;2@2=1;2@7=1;2@9=2;2@3=1;3@1=2;3@2=2;3@6=2;3@7=1;3@5=1;4@0=1;4@2=2;4@4=1;4@6=1;4@9=1;4@5=2;5@4=1;6@0=2;6@1=1;6@2=3;6@4=2;6@6=1;6@3=1;6@8=1;7@0=2;7@1=6;7@2=2;7@4=3;7@9=1;7@3=1;8@0=1;8@1=1;8@4=1,"0,1,2,4,6,7,9,3,8,5",68,44,44,0,1.0,-0.1054389185468857,0.2608695652173913,0.03369151623572304,0.0,0.0,0.4,0.008643865585327148,Feasible
908,907,8,5,3,"ADD:1,4;ADD:2,4;ADD:2,5;ADD:5,1;ADD:8,3;REMOVE:4,1;REMOVE:4,4;REMOVE:4,5",0:0|8|9;1:0|1;2:9;3:5|7;4:1|4|5|8;5:4;6:0|4|9;7:4|5|9;8:0|6;9:-,0:0|8|9;1:0|1|4;2:4|5|9;3:5|7;4:8;5:1|4;6:0|4|9;7:4|5|9;8:0|3|6;9:-,0@0=3;0@2=1;0@4=2;0@6=1;0@7=1;0@8=1;0@9=1;1@2=2;1@4=1;1@6=1;1@8=1;1@5=1;2@2=2;2@4=1;2@8=1;2@5=1;2@1=1;3@2=2;3@4=2;3@6=1;3@9=1;3@5=1;3@1=1;4@2=1;4@6=2;4@1=1;5@2=1;5@1=1;6@0=2;6@4=2;6@6=1;6@9=1;6@5=1;6@1=1;7@2=1;7@4=1;7@9=1;7@5=1;8@2=1;8@7=1;8@8=1;8@1=1;8@3=1,"0,2,4,6,7,8,9,5,1,3",53,43,43,0,1.0,-0.32256040943079944,0.14285714285714285,0.034582447712057686,0.0,0.0,0.5,0.0051577091217041016,Feasible
909,908,8,1,7,"ADD:4,3;REMOVE:2,5;REMOVE:5,1;REMOVE:6,4;REMOVE:7,5;REMOVE:7,9;REMOVE:8,0;REMOVE:8,3",0:0|8|9;1:0|1|4;2:4|5|9;3:5|7;4:8;5:1|4;6:0|4|9;7:4|5|9;8:0|3|6;9:-,0:0|8|9;1:0|1|4;2:4|9;3:5|7;4:3|8;5:4;6:0|9;7:4;8:6;9:-,0@0=2;0@1=3;0@2=1;0@3=1;0@4=1;0@5=1;0@7=1;0@8=1;1@0=1;1@1=1;1@2=1;1@4=1;1@9=1;2@1=1;2@2=1;2@4=2;3@2=5;3@3=3;3@4=1;3@5=1;3@7=1;3@8=1;3@9=3;4@3=2;4@5=1;5@7=1;6@2=2;6@5=1;6@6=1;7@2=1;7@7=1;8@9=1;8@6=1,"0,1,2,3,4,5,7,8,9,6",47,33,33,0,1.0,0.23278755549009347,0.30434782608695654,0.02843972940313692,0.0,0.0,0.1,0.009131908416748047,Feasible
910,909,11,4,7,"ADD:5,3;ADD:6,4;ADD:7,0;ADD:7,1;REMOVE:0,0;REMOVE:0,8;REMOVE:1,0;REMOVE:1,1;REMOVE:3,5;REMOVE:4,8;REMOVE:8,6",0:0|8|9;1:0|1|4;2:4|9;3:5|7;4:3|8;5:4;6:0|9;7:4;8:6;9:-,0:9;1:4;2:4|9;3:7;4:3;5:3|4;6:0|4|9;7:0|1|4;8:-;9:-,0@6=4;1@4=1;2@6=1;2@4=1;2@1=2;2@2=3;2@3=1;2@7=1;3@4=2;3@3=1;4@2=1;4@3=1;5@3=1;5@8=1;6@4=1;6@5=1;6@9=2;7@6=1;7@1=2;7@2=1;7@7=1;7@8=1;7@0=1,"6,4,1,2,3,7,8,5,9,0",32,23,23,0,1.0,0.04518299078064619,0.4117647058823529,0.03341828489829327,0.0,0.0,0.4,0.008625030517578125,Feasible
911,910,7,4,3,"ADD:0,0;ADD:8,0;ADD:8,3;ADD:8,6;REMOVE:5,3;REMOVE:6,4;REMOVE:7,4",0:9;1:4;2:4|9;3:7;4:3;5:3|4;6:0|4|9;7:0|1|4;8:-;9:-,0:0|9;1:4;2:4|9;3:7;4:3;5:4;6:0|9;7:0|1;8:0|3|6;9:-,0@0=1;0@2=2;0@3=1;1@4=2;2@2=1;2@4=1;2@1=1;3@3=1;3@9=1;4@2=1;4@3=1;4@1=1;5@7=1;6@0=1;6@3=1;7@2=1;7@3=2;7@5=1;8@0=1;8@3=1;8@8=2,"0,2,3,4,1,9,7,5,8",25,21,21,0,1.0,-0.15245651721883954,0.21428571428571427,0.03325776849544621,0.0,0.0,0.4,0.004424095153808594,Feasible
912,911,7,3,4,"ADD:0,4;ADD:6,4;ADD:7,4;REMOVE:1,4;REMOVE:4,3;REMOVE:8,0;REMOVE:8,6",0:0|9;1:4;2:4|9;3:7;4:3;5:4;6:0|9;7:0|1;8:0|3|6;9:-,0:0|4|9;1:-;2:4|9;3:7;4:-;5:4;6:0|4|9;7:0|1|4;8:3;9:-,0@1=1;0@2=1;0@3=1;0@4=2;0@6=1;2@1=1;2@3=1;2@4=1;2@6=2;2@8=1;2@9=2;3@1=1;3@2=1;3@8=1;3@0=1;5@7=1;6@2=1;6@4=1;7@4=1;8@1=1;8@2=1,"1,2,3,4,6,8,9,0,7",24,21,21,0,1.0,-0.00024941587466997817,0.26666666666666666,0.03308391745866339,0.0,0.0,0.30000000000000004,0.0054950714111328125,Feasible
913,912,11,6,5,"ADD:1,0;ADD:1,4;ADD:3,5;ADD:4,3;ADD:8,0;ADD:8,4;REMOVE:0,9;REMOVE:2,4;REMOVE:5,4;REMOVE:6,0;REMOVE:7,4",0:0|4|9;1:-;2:4|9;3:7;4:-;5:4;6:0|4|9;7:0|1|4;8:3;9:-,0:0|4;1:0|4;2:9;3:5|7;4:3;5:-;6:4|9;7:0|1;8:0|3|4;9:-,0@0=1;0@2=2;0@4=1;0@5=1;0@6=2;1@0=1;1@4=1;2@2=3;2@6=1;3@0=1;3@4=3;3@5=2;4@3=1;6@4=2;6@1=1;6@7=1;6@8=1;7@0=1;7@2=1;7@6=2;8@0=1;8@2=1;8@4=2,"0,2,4,5,6,3,1,7,8",33,23,23,0,1.0,-0.20376883641865506,0.35714285714285715,0.03908830643848777,0.0,0.0,0.6,0.006471872329711914,Feasible
914,913,11,10,1,"ADD:0,1;ADD:1,1;ADD:2,0;ADD:3,8;ADD:4,0;ADD:4,4;ADD:5,4;ADD:5,9;ADD:6,0;ADD:7,4;REMOVE:8,0",0:0|4;1:0|4;2:9;3:5|7;4:3;5:-;6:4|9;7:0|1;8:0|3|4;9:-,0:0|1|4;1:0|1|4;2:0|9;3:5|7|8;4:0|3|4;5:4|9;6:0|4|9;7:0|1|4;8:3|4;9:-,0@1=3;0@2=2;0@4=1;0@9=2;1@1=1;1@4=1;2@1=1;2@9=2;2@0=1;2@3=1;3@1=3;3@4=3;3@0=1;3@3=1;3@5=1;3@6=2;4@1=2;4@2=2;4@4=1;4@9=1;4@0=1;4@5=2;4@8=1;5@4=1;5@9=1;5@7=1;6@2=2;6@4=2;6@0=1;6@6=1;6@8=1;6@7=1;7@1=2;7@2=2;7@4=1;7@9=1;7@3=1;7@7=1;8@1=1;8@4=2;8@8=1;8@7=1,"1,2,4,9,0,3,5,6,8,7",60,42,42,0,1.0,-0.896716730329043,0.06666666666666667,0.03661660300429025,0.0,0.0,0.9999999999999999,0.002931833267211914,Feasible
915,914,7,1,6,"ADD:2,4;REMOVE:0,0;REMOVE:1,0;REMOVE:3,8;REMOVE:4,0;REMOVE:7,1;REMOVE:8,3",0:0|1|4;1:0|1|4;2:0|9;3:5|7|8;4:0|3|4;5:4|9;6:0|4|9;7:0|1|4;8:3|4;9:-,0:1|4;1:1|4;2:0|4|9;3:5|7;4:3|4;5:4|9;6:0|4|9;7:0|4;8:4;9:-,0@1=2;0@3=2;0@4=1;0@8=1;0@9=2;1@4=2;1@9=1;1@7=1;2@1=2;2@3=1;2@4=2;2@8=1;2@9=1;2@0=1;2@2=1;3@1=2;3@4=2;3@8=1;3@9=1;3@2=3;3@5=1;4@9=1;4@6=2;5@1=1;5@3=1;5@4=2;5@9=1;6@1=1;6@4=4;6@9=2;6@7=3;6@0=3;6@2=4;7@4=5;7@0=2;7@2=2;8@4=1,"1,3,4,8,9,7,0,2,5,6",66,37,37,0,1.0,0.1940242544666186,0.25,0.0440242544666186,0.0,0.0,0.1,0.008224010467529297,Feasible
916,915,8,5,3,"ADD:0,0;ADD:2,3;ADD:4,0;ADD:7,3;ADD:8,3;REMOVE:1,1;REMOVE:2,9;REMOVE:5,4",0:1|4;1:1|4;2:0|4|9;3:5|7;4:3|4;5:4|9;6:0|4|9;7:0|4;8:4;9:-,0:0|1|4;1:4;2:0|3|4;3:5|7;4:0|3|4;5:9;6:0|4|9;7:0|3|4;8:3|4;9:-,0@0=1;0@2=2;0@3=1;0@4=2;0@9=1;1@4=1;2@0=1;2@2=1;2@4=1;2@6=1;2@7=1;2@8=1;3@4=2;3@8=1;3@1=1;3@5=1;4@0=1;4@3=4;4@4=3;4@9=1;4@6=1;4@7=1;4@1=2;5@2=2;5@3=1;5@1=1;6@0=2;6@3=1;6@4=3;6@5=1;7@0=2;7@3=1;7@4=1;7@8=1;8@2=1;8@3=1;8@4=2;8@6=1;8@7=1;8@8=1;8@1=1,"0,2,3,4,9,6,7,8,1,5",56,41,41,0,1.0,-0.29413756436417166,0.15789473684210525,0.047967698793723104,0.0,0.0,0.5,0.0051000118255615234,Feasible
917,916,5,2,3,"ADD:1,1;ADD:5,5;REMOVE:0,1;REMOVE:3,5;REMOVE:6,4",0:0|1|4;1:4;2:0|3|4;3:5|7;4:0|3|4;5:9;6:0|4|9;7:0|3|4;8:3|4;9:-,0:0|4;1:1|4;2:0|3|4;3:7;4:0|3|4;5:5|9;6:0|9;7:0|3|4;8:3|4;9:-,0@0=2;0@4=1;0@6=1;0@7=1;1@1=1;1@8=1;2@0=1;2@4=2;2@3=1;3@2=1;4@0=1;4@6=1;4@2=3;5@5=1;6@0=1;6@1=2;6@5=1;7@0=1;7@4=2;7@6=1;7@1=2;7@8=2;7@2=3;7@5=1;7@9=2;8@4=3;8@7=1;8@1=1;8@3=1;8@5=1,"0,4,6,7,1,8,3,2,5,9",43,30,30,0,1.0,-0.014057054693172505,0.14285714285714285,0.043085802449684664,0.0,0.0,0.2,0.004740238189697266,Feasible
918,917,9,1,8,"ADD:6,4;REMOVE:0,0;REMOVE:1,1;REMOVE:1,4;REMOVE:2,3;REMOVE:5,5;REMOVE:5,9;REMOVE:7,0;REMOVE:8,4",0:0|4;1:1|4;2:0|3|4;3:7;4:0|3|4;5:5|9;6:0|9;7:0|3|4;8:3|4;9:-,0:4;1:-;2:0|4;3:7;4:0|3|4;5:-;6:0|4|9;7:3|4;8:3;9:-,0@4=1;2@4=1;2@0=1;3@4=2;3@2=1;4@4=1;4@2=1;4@9=1;6@4=1;6@0=1;6@2=1;6@1=1;6@3=1;6@6=1;7@2=1;7@9=1;7@6=1;7@5=1;7@7=1;7@8=1;8@5=1,"4,0,2,9,1,3,6,5,7,8",22,21,21,0,1.0,0.32768014032314263,0.4,0.027680140323142668,0.0,0.0,0.1,0.010910987854003906,Feasible
919,918,9,5,4,"ADD:0,1;ADD:1,1;ADD:1,2;ADD:5,4;ADD:8,4;REMOVE:2,0;REMOVE:2,4;REMOVE:4,0;REMOVE:4,3",0:4;1:-;2:0|4;3:7;4:0|3|4;5:-;6:0|4|9;7:3|4;8:3;9:-,0:1|4;1:1|2;2:-;3:7;4:4;5:4;6:0|4|9;7:3|4;8:3|4;9:-,0@1=1;0@2=1;1@1=1;1@2=2;1@4=1;1@5=1;1@7=1;3@1=2;3@4=2;3@9=1;4@2=1;4@8=1;5@4=1;5@8=1;6@1=1;6@2=3;6@4=1;6@5=1;6@7=3;7@1=1;7@6=1;8@4=1;8@3=1,"1,2,4,5,7,9,8,6,3",30,23,23,0,1.0,-0.16380276985986686,0.3076923076923077,0.02850492244782545,0.0,0.0,0.5,0.005362033843994141,Feasible
920,919,9,8,1,"ADD:0,0;ADD:3,5;ADD:4,5;ADD:4,9;ADD:5,0;ADD:5,1;ADD:7,0;ADD:8,0;REMOVE:1,1",0:1|4;1:1|2;2:-;3:7;4:4;5:4;6:0|4|9;7:3|4;8:3|4;9:-,0:0|1|4;1:2;2:-;3:5|7;4:4|5|9;5:0|1|4;6:0|4|9;7:0|3|4;8:0|3|4;9:-,0@0=1;0@1=1;0@2=3;0@4=3;0@5=1;0@6=2;0@7=1;1@2=1;1@4=1;1@9=1;3@2=2;3@5=2;3@6=1;3@9=2;3@8=1;4@2=2;4@4=1;4@5=3;4@6=2;4@7=1;4@9=1;4@8=2;4@3=2;5@0=1;5@1=2;5@4=2;6@0=1;6@1=1;6@2=2;6@4=3;6@5=1;6@7=1;6@9=1;7@0=1;7@1=2;7@2=1;7@4=2;7@3=2;8@0=1;8@1=1;8@2=1;8@4=3;8@7=1;8@9=1;8@3=1,"0,1,2,4,5,6,7,9,8,3",69,45,45,0,1.0,-0.6817351399300151,0.07142857142857142,0.046836288641413405,0.0,0.0,0.7999999999999999,0.002874135971069336,Feasible
921,920,10,4,6,"ADD:2,0;ADD:2,1;ADD:2,4;ADD:9,8;REMOVE:0,4;REMOVE:4,5;REMOVE:5,1;REMOVE:5,4;REMOVE:7,0;REMOVE:8,3",0:0|1|4;1:2;2:-;3:5|7;4:4|5|9;5:0|1|4;6:0|4|9;7:0|3|4;8:0|3|4;9:-,0:0|1;1:2;2:0|1|4;3:5|7;4:4|9;5:0;6:0|4|9;7:3|4;8:0|4;9:8,0@0=1;0@1=2;0@3=1;0@5=3;0@8=1;0@9=1;1@9=1;1@4=2;2@0=2;2@1=3;2@3=1;2@4=2;2@2=4;3@1=2;3@5=1;3@8=1;3@4=2;3@2=1;3@6=1;4@1=2;4@8=2;4@9=1;4@4=2;4@2=4;4@6=1;4@7=1;5@5=1;6@0=2;6@1=1;6@5=1;6@4=3;6@2=4;6@7=2;7@1=4;7@5=1;7@9=1;7@4=2;7@2=2;8@0=1;8@8=2;8@2=2;9@8=1,"0,1,3,5,8,9,4,2,6,7",75,42,42,0,1.0,-0.08130360942093112,0.2857142857142857,0.03298210486478318,0.0,0.0,0.4,0.008561849594116211,Feasible
922,921,8,6,2,"ADD:0,4;ADD:1,1;ADD:4,0;ADD:5,8;ADD:7,0;ADD:8,1;REMOVE:3,5;REMOVE:9,8",0:0|1;1:2;2:0|1|4;3:5|7;4:4|9;5:0;6:0|4|9;7:3|4;8:0|4;9:8,0:0|1|4;1:1|2;2:0|1|4;3:7;4:0|4|9;5:0|8;6:0|4|9;7:0|3|4;8:0|1|4;9:-,0@0=1;0@1=2;0@2=4;0@4=2;0@7=1;1@0=1;1@1=1;2@2=4;2@4=1;2@5=2;2@8=1;2@9=1;3@2=3;3@4=3;4@0=1;4@2=1;4@4=2;4@6=1;5@5=1;5@8=1;6@1=1;6@2=1;6@4=2;6@5=2;6@6=1;6@3=1;7@0=1;7@1=3;7@2=1;7@4=1;7@7=1;7@5=1;7@9=1;7@3=1;8@1=2;8@2=2;8@3=2,"0,1,2,4,7,5,8,9,6,3",58,37,37,0,1.0,-0.4667997693236937,0.10526315789473684,0.027937072781569417,0.0,0.0,0.6,0.0038368701934814453,Feasible
923,922,4,1,3,"ADD:5,4;REMOVE:1,1;REMOVE:5,0;REMOVE:8,0",0:0|1|4;1:1|2;2:0|1|4;3:7;4:0|4|9;5:0|8;6:0|4|9;7:0|3|4;8:0|1|4;9:-,0:0|1|4;1:2;2:0|1|4;3:7;4:0|4|9;5:4|8;6:0|4|9;7:0|3|4;8:1|4;9:-,0@0=1;0@1=1;0@2=2;0@4=2;0@7=1;0@8=1;1@0=1;1@3=1;2@0=1;2@1=2;2@2=1;2@7=1;2@5=2;2@6=1;3@1=2;3@2=1;3@4=3;3@7=2;3@8=1;3@3=1;3@6=1;4@0=1;4@7=1;4@6=1;4@9=1;6@0=2;6@1=1;6@2=1;6@4=3;6@7=1;6@5=1;6@9=1;7@2=1;7@5=1;8@1=2;8@7=2,"0,1,2,4,7,8,3,5,6,9",49,36,36,0,1.0,0.07209630684580909,0.13043478260869565,0.04166152423711344,0.0,0.0,0.1,0.0049588680267333984,Feasible
924,923,7,2,5,"ADD:1,1;ADD:8,0;REMOVE:0,0;REMOVE:2,4;REMOVE:4,4;REMOVE:5,4;REMOVE:6,4",0:0|1|4;1:2;2:0|1|4;3:7;4:0|4|9;5:4|8;6:0|4|9;7:0|3|4;8:1|4;9:-,0:1|4;1:1|2;2:0|1;3:7;4:0|9;5:8;6:0|9;7:0|3|4;8:0|1|4;9:-,0@1=1;0@2=2;0@6=1;0@8=1;0@9=1;1@1=2;1@5=1;2@2=1;2@8=1;2@5=1;3@1=1;3@9=1;3@7=1;4@1=1;4@2=1;4@7=1;4@0=1;4@3=1;5@1=2;5@2=1;5@5=1;6@1=1;6@2=1;6@6=1;6@5=1;6@7=1;6@0=1;7@1=1;7@2=2;7@6=1;7@8=1;7@0=1;7@3=1;8@1=2;8@6=1;8@0=1,"1,2,6,8,9,5,7,0,3",41,36,36,0,1.0,0.06662317743194918,0.23809523809523808,0.028527939336711126,0.0,0.0,0.2,0.007035017013549805,Feasible
925,924,7,3,4,"ADD:0,0;ADD:3,5;ADD:6,8;REMOVE:1,2;REMOVE:4,0;REMOVE:8,0;REMOVE:8,1",0:1|4;1:1|2;2:0|1;3:7;4:0|9;5:8;6:0|9;7:0|3|4;8:0|1|4;9:-,0:0|1|4;1:1;2:0|1;3:5|7;4:9;5:8;6:0|8|9;7:0|3|4;8:4;9:-,0@0=1;0@1=1;1@1=1;1@8=1;2@1=3;2@2=1;3@3=2;3@4=1;3@5=2;3@6=1;4@3=1;4@9=1;5@8=2;5@6=1;5@7=1;6@8=1;6@4=1;6@9=1;7@0=1;7@1=1;7@4=2;7@9=1;8@8=1;8@7=1,"0,1,8,2,3,4,5,6,9,7",30,24,24,0,1.0,-0.026167270327320746,0.2222222222222222,0.051610507450457095,0.0,0.0,0.30000000000000004,0.005617856979370117,Feasible
926,925,9,3,6,"ADD:1,5;ADD:4,4;ADD:9,1;REMOVE:2,0;REMOVE:3,5;REMOVE:6,0;REMOVE:6,9;REMOVE:7,0;REMOVE:7,3",0:0|1|4;1:1;2:0|1;3:5|7;4:9;5:8;6:0|8|9;7:0|3|4;8:4;9:-,0:0|1|4;1:1|5;2:1;3:7;4:4|9;5:8;6:8;7:4;8:4;9:1,0@0=1;0@1=1;0@2=1;0@3=1;0@4=1;0@9=2;1@2=2;1@3=1;1@6=1;1@7=1;1@8=1;2@9=1;3@4=1;3@9=1;3@8=1;4@2=1;4@4=1;5@5=1;6@4=1;6@7=1;7@6=2;8@2=4;8@6=1;8@7=1;9@1=1,"0,1,2,3,4,9,6,7,8,5",31,25,25,0,1.0,0.06967477144552614,0.35294117647058826,0.0167335949749379,0.0,0.0,0.30000000000000004,0.007728099822998047,Feasible
927,926,9,7,2,"ADD:1,4;ADD:5,0;ADD:6,0;ADD:6,3;ADD:7,0;ADD:7,3;ADD:8,3;REMOVE:4,4;REMOVE:9,1",0:0|1|4;1:1|5;2:1;3:7;4:4|9;5:8;6:8;7:4;8:4;9:1,0:0|1|4;1:1|4|5;2:1;3:7;4:9;5:0|8;6:0|3|8;7:0|3|4;8:3|4;9:-,0@3=1;0@4=3;0@5=2;0@7=1;0@8=1;0@9=2;1@3=1;1@4=1;1@7=2;1@8=1;1@9=1;1@2=1;2@3=1;2@6=1;3@3=1;3@4=1;3@7=1;3@2=1;3@0=1;3@1=1;4@3=1;4@7=1;4@6=2;4@1=2;5@0=1;5@1=1;6@3=3;6@4=2;6@5=1;6@7=2;6@8=2;6@2=1;6@0=1;6@1=2;7@3=1;7@4=1;7@7=1;7@9=1;7@2=2;7@6=1;7@0=1;8@3=1;8@4=1;8@7=2;8@9=1,"3,4,5,7,8,9,2,6,0,1",60,45,45,0,1.0,-0.530932659077577,0.14285714285714285,0.02621019806528011,0.0,0.0,0.7,0.003948688507080078,Feasible
928,927,10,4,6,"ADD:2,0;ADD:4,4;ADD:4,5;ADD:9,4;REMOVE:1,4;REMOVE:1,5;REMOVE:5,0;REMOVE:7,0;REMOVE:7,4;REMOVE:8,4",0:0|1|4;1:1|4|5;2:1;3:7;4:9;5:0|8;6:0|3|8;7:0|3|4;8:3|4;9:-,0:0|1|4;1:1;2:0|1;3:7;4:4|5|9;5:8;6:0|3|8;7:3;8:3;9:4,0@2=1;0@4=3;0@5=2;0@6=1;0@7=1;0@9=1;1@7=1;1@9=1;1@3=2;2@5=1;2@7=1;2@9=1;2@8=2;3@2=1;3@9=1;3@3=1;3@1=1;4@2=2;4@4=1;4@5=1;4@3=1;5@4=2;6@2=1;6@3=1;6@8=1;6@0=2;7@7=1;7@3=1;7@1=1;8@2=2;8@3=1;8@1=3;9@4=1,"2,4,5,6,7,9,3,8,1,0",44,33,33,0,1.0,-0.05562053507048087,0.3157894736842105,0.028589991245308647,0.0,0.0,0.4,0.009222030639648438,Feasible
929,928,8,5,3,"ADD:1,4;ADD:7,0;ADD:7,6;ADD:8,6;ADD:9,5;REMOVE:0,4;REMOVE:2,0;REMOVE:4,4",0:0|1|4;1:1;2:0|1;3:7;4:4|5|9;5:8;6:0|3|8;7:3;8:3;9:4,0:0|1;1:1|4;2:1;3:7;4:5|9;5:8;6:0|3|8;7:0|3|6;8:3|6;9:4|5,0@0=1;0@1=1;0@2=1;0@3=2;0@7=1;0@9=1;1@3=1;1@7=1;1@4=1;2@1=2;2@3=1;2@6=1;2@8=3;3@0=1;3@2=1;3@9=2;3@4=1;3@6=1;3@8=1;4@7=2;4@6=1;4@5=1;5@1=1;5@2=1;5@8=1;6@0=1;6@2=1;6@7=1;6@9=1;6@4=2;6@8=2;7@0=1;7@3=1;7@6=1;7@8=2;8@1=1;8@2=1;8@7=1;8@9=1;8@6=1;8@5=1;9@5=1,"0,1,2,3,7,9,4,6,8,5",51,42,42,0,1.0,-0.29407097231049634,0.17647058823529413,0.029458439454209544,0.0,0.0,0.5,0.005073070526123047,Feasible
930,929,6,4,2,"ADD:0,4;ADD:2,0;ADD:2,4;ADD:9,1;REMOVE:6,3;REMOVE:7,3",0:0|1;1:1|4;2:1;3:7;4:5|9;5:8;6:0|3|8;7:0|3|6;8:3|6;9:4|5,0:0|1|4;1:1|4;2:0|1|4;3:7;4:5|9;5:8;6:0|8;7:0|6;8:3|6;9:1|4|5,0@0=2;0@1=2;0@4=4;0@5=3;0@6=1;1@1=1;1@4=1;2@0=1;2@4=2;2@5=1;3@0=2;3@1=1;3@4=2;3@2=1;3@9=1;4@1=3;4@9=2;4@3=1;4@8=1;5@8=1;6@0=1;6@4=2;7@1=1;7@4=1;7@9=2;7@8=1;8@4=1;8@5=1;8@2=3;9@1=1,"0,1,4,5,6,2,9,3,8",47,30,30,0,1.0,-0.25791133318911946,0.10526315789473684,0.03682550891614371,0.0,0.0,0.4,0.0035572052001953125,Feasible
931,930,10,4,6,"ADD:1,0;ADD:3,5;ADD:5,0;ADD:7,3;REMOVE:0,4;REMOVE:2,4;REMOVE:8,6;REMOVE:9,1;REMOVE:9,4;REMOVE:9,5",0:0|1|4;1:1|4;2:0|1|4;3:7;4:5|9;5:8;6:0|8;7:0|6;8:3|6;9:1|4|5,0:0|1;1:0|1|4;2:0|1;3:5|7;4:5|9;5:0|8;6:0|8;7:0|3|6;8:3;9:-,0@1=1;0@3=2;0@5=1;1@0=2;1@2=2;2@1=2;2@0=1;2@2=1;3@1=2;3@3=2;3@5=1;3@7=1;4@5=1;4@0=2;4@2=1;4@6=1;5@1=1;5@0=1;5@6=1;6@1=2;6@5=1;6@0=2;6@2=1;6@7=1;6@6=1;6@4=3;6@8=1;7@1=1;7@3=1;7@5=1;7@7=1;7@4=1;8@1=1;8@2=1;8@9=1,"1,3,5,0,2,7,6,4,8,9",46,35,35,0,1.0,-0.08169108998077995,0.2857142857142857,0.032594624304934386,0.0,0.0,0.4,0.008173227310180664,Feasible
932,931,9,4,5,"ADD:2,4;ADD:4,4;ADD:6,9;ADD:8,4;REMOVE:0,1;REMOVE:1,0;REMOVE:1,4;REMOVE:5,0;REMOVE:7,3",0:0|1;1:0|1|4;2:0|1;3:5|7;4:5|9;5:0|8;6:0|8;7:0|3|6;8:3;9:-,0:0;1:1;2:0|1|4;3:5|7;4:4|5|9;5:8;6:0|8|9;7:0|6;8:3|4;9:-,0@2=1;0@5=3;0@7=1;1@7=1;1@1=1;1@8=1;2@7=1;2@1=1;2@4=2;3@6=1;4@5=1;4@7=1;4@4=1;4@0=1;4@3=1;4@9=1;5@2=1;6@4=1;6@6=1;6@9=1;7@2=1;7@9=1;8@4=2,"2,5,7,1,8,4,6,0,3,9",27,23,23,0,1.0,-0.10210361519649169,0.2631578947368421,0.034738490066666246,0.0,0.0,0.4,0.006680727005004883,Feasible
933,932,11,3,8,"ADD:0,1;ADD:1,2;ADD:9,9;REMOVE:2,0;REMOVE:2,1;REMOVE:4,5;REMOVE:6,0;REMOVE:6,9;REMOVE:7,0;REMOVE:8,3;REMOVE:8,4",0:0;1:1;2:0|1|4;3:5|7;4:4|5|9;5:8;6:0|8|9;7:0|6;8:3|4;9:-,0:0|1;1:1|2;2:4;3:5|7;4:4|9;5:8;6:8;7:6;8:-;9:9,0@1=1;0@2=1;0@5=1;0@6=1;0@9=1;1@1=1;1@2=1;1@9=1;1@4=1;1@8=1;2@4=1;3@2=1;3@5=1;3@9=1;3@7=1;4@1=1;4@9=1;4@4=1;4@3=1;5@2=1;6@1=1;6@5=1;6@6=1;7@1=1;7@4=1;9@9=1,"1,2,5,6,9,4,8,7,3",26,26,26,0,1.0,0.176903466266439,0.4444444444444444,0.03245902182199462,0.0,0.0,0.30000000000000004,0.009546995162963867,Feasible
934,933,8,8,0,"ADD:0,4;ADD:2,1;ADD:6,0;ADD:7,2;ADD:8,1;ADD:8,2;ADD:9,4;ADD:9,5",0:0|1;1:1|2;2:4;3:5|7;4:4|9;5:8;6:8;7:6;8:-;9:9,0:0|1|4;1:1|2;2:1|4;3:5|7;4:4|9;5:8;6:0|8;7:2|6;8:1|2;9:4|5|9,0@1=2;0@2=1;0@4=1;0@5=1;0@6=1;0@9=1;1@1=1;1@2=3;1@4=2;1@5=2;1@7=1;1@8=1;2@1=3;2@4=1;3@1=3;3@4=2;3@5=1;3@9=1;3@8=1;4@2=1;4@6=1;4@9=1;4@8=1;5@1=1;5@4=3;5@6=1;5@7=1;5@8=1;6@1=1;6@2=5;6@4=1;6@7=1;6@8=1;6@0=1;7@2=2;7@4=2;7@6=1;7@9=2;7@0=1;7@3=1;8@1=2;8@2=1;8@4=4;8@6=1;9@4=1;9@5=1,"1,2,4,5,6,9,7,8,0,3",69,46,46,0,1.0,-0.7644611381933946,0.0,0.03553886180660541,0.0,0.0,0.7999999999999999,0.0014111995697021484,Feasible
935,934,9,4,5,"ADD:2,5;ADD:4,5;ADD:5,9;ADD:6,9;REMOVE:0,1;REMOVE:1,1;REMOVE:9,4;REMOVE:9,5;REMOVE:9,9",0:0|1|4;1:1|2;2:1|4;3:5|7;4:4|9;5:8;6:0|8;7:2|6;8:1|2;9:4|5|9,0:0|4;1:2;2:1|4|5;3:5|7;4:4|5|9;5:8|9;6:0|8|9;7:2|6;8:1|2;9:-,0@2=1;0@4=5;0@5=1;0@6=1;0@7=1;0@8=1;1@4=1;1@8=1;2@4=3;2@5=2;2@6=4;2@8=1;2@1=1;3@2=1;3@4=2;3@5=1;3@6=1;3@7=2;3@1=1;3@9=1;4@2=1;4@5=2;4@6=1;4@9=1;5@8=2;5@9=1;6@2=3;6@4=1;6@5=2;6@6=1;6@8=1;6@9=2;6@0=1;6@3=1;7@2=2;7@4=1;7@6=1;7@8=1;7@1=1;7@0=1;8@4=2;8@1=1,"2,4,5,6,7,8,1,9,0,3",62,42,42,0,1.0,-0.11600772786132374,0.23809523809523808,0.04589703404343818,0.0,0.0,0.4,0.007456064224243164,Feasible
936,935,7,2,5,"ADD:0,1;ADD:9,5;REMOVE:3,5;REMOVE:4,4;REMOVE:4,5;REMOVE:6,0;REMOVE:6,8",0:0|4;1:2;2:1|4|5;3:5|7;4:4|5|9;5:8|9;6:0|8|9;7:2|6;8:1|2;9:-,0:0|1|4;1:2;2:1|4|5;3:7;4:9;5:8|9;6:9;7:2|6;8:1|2;9:5,0@0=2;0@1=2;0@2=2;0@4=3;0@5=2;0@6=2;0@8=1;1@2=1;1@4=2;1@9=2;2@1=1;2@2=1;2@4=2;2@5=1;2@6=1;2@8=2;3@1=1;3@2=1;3@4=2;3@6=1;3@8=1;4@9=1;4@3=1;4@7=1;5@4=1;5@6=1;5@8=1;5@3=1;6@1=1;6@2=1;6@3=2;7@0=1;7@1=1;7@4=1;7@6=1;7@7=3;8@2=1;8@6=1;8@7=1;9@5=1,"0,1,2,4,5,6,8,9,3,7",55,40,40,0,1.0,0.0807497529295021,0.25,0.0307497529295021,0.0,0.0,0.2,0.007431745529174805,Feasible
937,936,10,6,4,"ADD:1,1;ADD:4,4;ADD:4,5;ADD:5,0;ADD:5,3;ADD:6,0;REMOVE:2,1;REMOVE:7,2;REMOVE:8,1;REMOVE:9,5",0:0|1|4;1:2;2:1|4|5;3:7;4:9;5:8|9;6:9;7:2|6;8:1|2;9:5,0:0|1|4;1:1|2;2:4|5;3:7;4:4|5|9;5:0|3|8|9;6:0|9;7:6;8:2;9:-,0@0=1;0@3=1;0@4=1;0@7=1;0@8=1;1@3=1;1@8=1;1@1=1;2@0=1;2@4=4;2@2=2;3@0=1;3@3=1;3@4=1;3@7=1;3@2=2;4@3=1;4@4=1;4@7=1;4@2=1;4@5=1;4@9=1;5@0=1;5@8=1;5@1=1;5@9=1;6@0=1;6@7=1;6@1=1;7@4=2;7@8=1;7@1=1;7@9=1;7@6=1;8@0=1;8@4=1;8@8=1;8@2=1;8@9=2,"0,3,4,7,8,1,2,5,9,6",46,39,39,0,1.0,-0.32775924156160685,0.23529411764705882,0.03694664079133428,0.0,0.0,0.6,0.006431102752685547,Feasible
938,937,10,2,8,"ADD:6,4;ADD:9,1;REMOVE:0,0;REMOVE:2,4;REMOVE:2,5;REMOVE:4,4;REMOVE:5,0;REMOVE:5,3;REMOVE:5,8;REMOVE:5,9",0:0|1|4;1:1|2;2:4|5;3:7;4:4|5|9;5:0|3|8|9;6:0|9;7:6;8:2;9:-,0:1|4;1:1|2;2:-;3:7;4:5|9;5:-;6:0|4|9;7:6;8:2;9:1,0@1=1;0@2=1;0@3=1;0@4=2;1@1=2;1@3=2;1@4=1;1@6=2;1@7=1;1@8=1;1@9=2;3@1=1;3@2=1;3@8=2;3@9=1;3@0=1;4@1=1;4@2=2;4@3=1;4@8=1;4@9=1;6@3=1;6@4=2;6@0=1;7@8=1;8@7=1;9@1=1,"1,2,3,4,6,7,8,9,0",35,27,27,0,1.0,0.2485805603072067,0.42105263157894735,0.02752792872825936,0.0,0.0,0.2,0.010184049606323242,Feasible
939,938,8,2,6,"ADD:5,1;ADD:5,4;REMOVE:0,1;REMOVE:1,1;REMOVE:6,0;REMOVE:6,4;REMOVE:6,9;REMOVE:9,1",0:1|4;1:1|2;2:-;3:7;4:5|9;5:-;6:0|4|9;7:6;8:2;9:1,0:4;1:2;2:-;3:7;4:5|9;5:1|4;6:-;7:6;8:2;9:-,0@2=2;1@2=1;3@1=1;3@4=1;3@6=1;3@8=1;3@9=2;4@8=2;4@9=1;4@3=1;5@1=1;5@4=1;7@7=1;8@9=1,"2,1,4,6,8,9,3,7",17,14,14,0,1.0,0.28426277555328355,0.46153846153846156,0.02272431401482201,0.0,0.0,0.2,0.007295131683349609,Feasible
940,939,5,2,3,"ADD:0,0;ADD:7,2;REMOVE:4,5;REMOVE:5,1;REMOVE:8,2",0:4;1:2;2:-;3:7;4:5|9;5:1|4;6:-;7:6;8:2;9:-,0:0|4;1:2;2:-;3:7;4:9;5:4;6:-;7:2|6;8:-;9:-,0@0=1;0@2=2;0@5=1;1@0=1;1@2=1;3@2=1;3@7=1;4@2=1;4@7=1;5@8=1;7@2=1;7@1=1,"0,2,5,7,8,1",13,12,12,0,1.0,0.1622125631965019,0.3333333333333333,0.028879229863168585,0.0,0.0,0.2,0.005732059478759766,Feasible
941,940,11,8,3,"ADD:1,6;ADD:4,0;ADD:4,4;ADD:6,4;ADD:6,9;ADD:8,0;ADD:8,8;ADD:8,9;REMOVE:0,0;REMOVE:0,4;REMOVE:3,7",0:0|4;1:2;2:-;3:7;4:9;5:4;6:-;7:2|6;8:-;9:-,0:-;1:2|6;2:-;3:-;4:0|4|9;5:4;6:4|9;7:2|6;8:0|8|9;9:-,1@0=2;1@4=1;1@6=1;1@8=1;1@9=2;4@0=2;4@4=1;4@9=1;4@1=1;5@4=1;5@6=1;5@2=2;6@4=1;6@9=2;6@2=1;7@4=1;7@6=2;7@8=1;7@2=2;7@5=3;7@7=1;8@0=1;8@8=1;8@9=2;8@2=1,"0,4,6,8,9,1,2,5,7",35,25,25,0,1.0,-0.37680103946204363,0.375,0.04819896053795632,0.0,0.0,0.7999999999999999,0.004787921905517578,Feasible
942,941,12,8,4,"ADD:0,0;ADD:0,1;ADD:0,4;ADD:3,1;ADD:3,2;ADD:5,0;ADD:5,1;ADD:6,5;REMOVE:1,2;REMOVE:4,9;REMOVE:8,0;REMOVE:8,9",0:-;1:2|6;2:-;3:-;4:0|4|9;5:4;6:4|9;7:2|6;8:0|8|9;9:-,0:0|1|4;1:6;2:-;3:1|2;4:0|4;5:0|1|4;6:4|5|9;7:2|6;8:8;9:-,0@0=1;0@1=1;0@2=2;0@4=5;0@6=1;0@7=1;0@9=1;1@1=1;3@1=1;3@2=2;3@4=2;3@6=1;3@7=2;3@9=1;3@5=1;4@0=1;4@2=3;4@4=2;4@5=1;5@1=1;5@2=1;5@4=1;5@9=1;6@1=2;6@4=3;6@7=2;6@9=1;6@5=1;6@3=1;6@8=1;7@1=2;7@2=2;7@4=2;7@6=3;7@9=2;7@3=2;7@8=1;8@1=2;8@2=1;8@4=2;8@6=1;8@5=1,"0,1,2,4,6,7,9,5,3,8",66,42,42,0,1.0,-0.4525585976840555,0.3076923076923077,0.03974909462363671,0.0,0.0,0.7999999999999999,0.006495952606201172,Feasible
943,942,5,3,2,"ADD:1,2;ADD:4,1;ADD:8,0;REMOVE:5,0;REMOVE:6,9",0:0|1|4;1:6;2:-;3:1|2;4:0|4;5:0|1|4;6:4|5|9;7:2|6;8:8;9:-,0:0|1|4;1:2|6;2:-;3:1|2;4:0|1|4;5:1|4;6:4|5;7:2|6;8:0|8;9:-,0@1=2;0@2=3;0@4=2;0@5=1;0@6=1;0@9=1;1@1=1;1@2=4;1@4=2;1@7=1;1@8=1;3@1=2;3@2=1;3@9=1;3@3=1;4@1=2;4@2=2;4@4=2;4@3=1;4@0=1;5@1=2;5@2=2;5@4=1;5@3=1;6@2=3;6@4=1;6@8=1;6@3=2;6@0=1;7@1=1;7@2=1;7@4=2;7@9=1;7@8=1;8@1=2;8@0=2,"1,2,4,5,6,9,7,8,3,0",56,36,36,0,1.0,-0.13980692907858538,0.11764705882352941,0.04254601209788524,0.0,0.0,0.30000000000000004,0.00393986701965332,Feasible
944,943,6,3,3,"ADD:5,5;ADD:6,1;ADD:8,3;REMOVE:0,0;REMOVE:1,6;REMOVE:4,4",0:0|1|4;1:2|6;2:-;3:1|2;4:0|1|4;5:1|4;6:4|5;7:2|6;8:0|8;9:-,0:1|4;1:2;2:-;3:1|2;4:0|1;5:1|4|5;6:1|4|5;7:2|6;8:0|3|8;9:-,0@1=1;0@2=2;0@4=4;0@7=1;1@4=2;1@7=1;1@0=2;1@9=2;3@1=1;3@4=2;3@9=2;4@1=2;4@2=1;4@7=1;4@9=1;4@6=2;5@2=1;5@3=2;5@5=1;6@1=1;6@7=1;7@1=1;7@2=1;7@6=1;8@1=2;8@4=1;8@7=1;8@3=1,"1,2,4,7,0,9,6,3,5",41,28,28,0,1.0,-0.10330981059818012,0.16666666666666666,0.03002352273515327,0.0,0.0,0.30000000000000004,0.004929065704345703,Feasible
945,944,8,2,6,"ADD:0,5;ADD:4,4;REMOVE:3,1;REMOVE:5,5;REMOVE:6,1;REMOVE:6,5;REMOVE:8,0;REMOVE:8,3",0:1|4;1:2;2:-;3:1|2;4:0|1;5:1|4|5;6:1|4|5;7:2|6;8:0|3|8;9:-,0:1|4|5;1:2;2:-;3:2;4:0|1|4;5:1|4;6:4;7:2|6;8:8;9:-,0@1=2;0@2=1;0@3=1;0@4=1;0@5=4;0@9=1;1@2=1;1@3=1;1@4=3;1@5=1;1@8=1;3@2=1;3@4=3;3@8=1;4@1=1;4@2=1;4@3=1;4@4=2;4@5=1;4@8=1;4@0=1;5@1=1;5@2=1;5@4=1;5@8=1;6@4=1;7@4=1;7@5=1;7@8=1;7@6=1;7@7=1;8@4=1;8@5=1,"1,2,3,4,5,9,8,0,6,7",42,33,33,0,1.0,0.1742719476583232,0.3333333333333333,0.040938614324989915,0.0,0.0,0.2,0.008112907409667969,Feasible
946,945,5,1,4,"ADD:6,3;REMOVE:0,5;REMOVE:4,1;REMOVE:5,1;REMOVE:7,6",0:1|4|5;1:2;2:-;3:2;4:0|1|4;5:1|4;6:4;7:2|6;8:8;9:-,0:1|4;1:2;2:-;3:2;4:0|4;5:4;6:3|4;7:2;8:8;9:-,0@1=2;0@2=1;0@3=1;0@4=2;0@7=2;1@2=2;1@4=1;1@9=1;3@2=1;4@2=2;4@4=1;4@7=1;4@0=1;4@6=1;5@4=1;6@3=1;6@7=1;7@2=1;7@3=2;7@4=1;7@9=1;8@2=2;8@4=1;8@6=1,"1,2,3,4,7,9,0,6",31,24,24,0,1.0,0.22403327700671213,0.2857142857142857,0.038318991292426434,0.0,0.0,0.1,0.0053119659423828125,Feasible
947,946,7,5,2,"ADD:1,1;ADD:2,8;ADD:5,1;ADD:7,6;ADD:8,2;REMOVE:0,1;REMOVE:6,4",0:1|4;1:2;2:-;3:2;4:0|4;5:4;6:3|4;7:2;8:8;9:-,0:4;1:1|2;2:8;3:2;4:0|4;5:1|4;6:3;7:2|6;8:2|8;9:-,0@2=1;0@4=2;0@8=1;1@0=1;1@1=1;1@5=1;1@9=1;2@8=1;3@2=1;3@9=1;4@8=1;4@0=1;4@7=1;5@4=1;5@1=2;5@3=1;6@1=2;7@2=1;7@4=1;7@6=1;8@1=1,"2,4,8,0,1,5,9,7,3,6",24,21,21,0,1.0,-0.272527172528701,0.18181818181818182,0.04565464565311718,0.0,0.0,0.5,0.003482818603515625,Feasible
948,947,5,3,2,"ADD:0,1;ADD:3,1;ADD:4,1;REMOVE:2,8;REMOVE:5,1",0:4;1:1|2;2:8;3:2;4:0|4;5:1|4;6:3;7:2|6;8:2|8;9:-,0:1|4;1:1|2;2:-;3:1|2;4:0|1|4;5:4;6:3;7:2|6;8:2|8;9:-,0@1=1;0@2=2;0@4=1;1@1=1;1@2=1;1@9=1;3@1=1;3@2=1;3@3=1;3@8=1;4@1=1;4@2=5;4@4=2;4@8=1;4@5=1;4@6=1;5@2=1;6@9=1;7@1=1;7@2=2;7@6=1;8@1=1;8@3=1,"1,2,4,9,3,8,5,6",30,23,23,0,1.0,-0.11926466537725083,0.14285714285714285,0.03787819176560636,0.0,0.0,0.30000000000000004,0.0032608509063720703,Feasible
949,948,4,3,1,"ADD:0,0;ADD:5,0;ADD:6,6;REMOVE:4,0",0:1|4;1:1|2;2:-;3:1|2;4:0|1|4;5:4;6:3;7:2|6;8:2|8;9:-,0:0|1|4;1:1|2;2:-;3:1|2;4:1|4;5:0|4;6:3|6;7:2|6;8:2|8;9:-,0@0=3;0@4=2;0@6=1;0@7=2;0@9=1;1@4=2;1@9=1;1@1=1;1@2=1;3@0=1;3@1=1;3@2=2;3@3=1;3@5=1;4@4=1;4@6=1;4@7=1;4@9=1;4@2=1;5@0=1;6@6=1;6@5=1;7@0=2;7@4=1;7@9=1;7@1=2;7@8=1;8@4=1;8@6=1;8@7=1;8@9=1;8@1=1;8@2=2;8@3=1;8@8=1,"0,4,6,7,9,1,2,3,5,8",44,35,35,0,1.0,-0.198494615419552,0.06666666666666667,0.03483871791378139,0.0,0.0,0.30000000000000004,0.00269317626953125,Feasible
950,949,7,3,4,"ADD:4,5;ADD:5,9;ADD:9,9;REMOVE:0,0;REMOVE:6,6;REMOVE:7,6;REMOVE:8,8",0:0|1|4;1:1|2;2:-;3:1|2;4:1|4;5:0|4;6:3|6;7:2|6;8:2|8;9:-,0:1|4;1:1|2;2:-;3:1|2;4:1|4|5;5:0|4|9;6:3;7:2;8:2;9:9,0@2=1;0@3=1;0@4=2;0@7=1;0@9=1;1@2=4;1@3=1;1@4=1;1@9=1;1@0=1;1@1=1;1@6=1;3@4=2;3@1=1;3@5=1;4@2=1;4@4=3;4@7=2;4@1=2;4@5=1;4@8=2;5@4=1;5@9=1;6@2=1;7@2=1;7@4=2;7@9=1;7@8=1;8@2=1;9@9=1,"2,3,4,7,9,0,1,6,5,8",41,30,30,0,1.0,-0.018272160028903695,0.23529411764705882,0.04643372232403753,0.0,0.0,0.30000000000000004,0.005794048309326172,Feasible
951,950,5,2,3,"ADD:0,0;ADD:2,4;REMOVE:4,5;REMOVE:5,4;REMOVE:9,9",0:1|4;1:1|2;2:-;3:1|2;4:1|4|5;5:0|4|9;6:3;7:2;8:2;9:9,0:0|1|4;1:1|2;2:4;3:1|2;4:1|4;5:0|9;6:3;7:2;8:2;9:-,0@0=2;0@1=1;0@2=1;0@4=2;0@6=2;0@9=1;1@1=1;1@2=2;1@4=2;2@4=1;3@4=1;3@6=1;3@5=1;4@1=1;4@4=2;4@6=1;4@9=1;4@3=1;4@7=1;5@1=3;5@5=1;6@2=1;6@9=1;7@4=1;7@9=2;8@5=1;8@3=1,"0,1,2,4,6,9,5,3,7",36,27,27,0,1.0,0.02125190040277064,0.1875,0.033751900402770665,0.0,0.0,0.2,0.00451207160949707,Feasible
952,951,6,4,2,"ADD:4,5;ADD:5,4;ADD:6,8;ADD:8,1;REMOVE:0,0;REMOVE:2,4",0:0|1|4;1:1|2;2:4;3:1|2;4:1|4;5:0|9;6:3;7:2;8:2;9:-,0:1|4;1:1|2;2:-;3:1|2;4:1|4|5;5:0|4|9;6:3|8;7:2;8:1|2;9:-,0@2=2;0@3=1;0@4=2;0@7=1;0@8=1;1@2=1;1@4=3;1@8=1;1@1=1;1@5=1;1@6=1;3@2=1;3@3=1;3@4=3;3@7=2;3@1=2;3@5=2;3@6=1;3@0=1;4@2=1;4@4=1;4@5=1;4@0=1;4@9=1;5@2=2;5@4=2;5@1=1;5@6=1;6@8=1;6@1=1;7@4=1;7@5=1;8@3=1;8@1=1,"2,3,4,7,8,1,5,6,0,9",45,34,34,0,1.0,-0.23872032548889155,0.13333333333333333,0.027946341177775152,0.0,0.0,0.4,0.0037658214569091797,Feasible
953,952,9,2,7,"ADD:0,5;ADD:2,8;REMOVE:1,1;REMOVE:4,4;REMOVE:4,5;REMOVE:6,3;REMOVE:6,8;REMOVE:8,1;REMOVE:8,2",0:1|4;1:1|2;2:-;3:1|2;4:1|4|5;5:0|4|9;6:3|8;7:2;8:1|2;9:-,0:1|4|5;1:2;2:8;3:1|2;4:1;5:0|4|9;6:-;7:2;8:-;9:-,0@2=1;0@5=1;1@3=1;1@4=1;1@7=1;1@9=1;2@8=1;3@5=1;3@4=1;3@7=1;3@1=1;4@7=2;4@8=2;4@1=1;5@2=2;5@5=1;5@4=1;5@1=1;7@5=1;7@0=2,"2,5,3,4,7,9,8,1,0",24,20,20,0,1.0,0.232802362922298,0.4117647058823529,0.021037657039945073,0.0,0.0,0.2,0.01037287712097168,Feasible
954,953,8,3,5,"ADD:0,8;ADD:4,2;ADD:8,2;REMOVE:0,5;REMOVE:2,8;REMOVE:3,1;REMOVE:5,4;REMOVE:5,9",0:1|4|5;1:2;2:8;3:1|2;4:1;5:0|4|9;6:-;7:2;8:-;9:-,0:1|4|8;1:2;2:-;3:2;4:1|2;5:0;6:-;7:2;8:2;9:-,0@1=1;0@2=1;0@4=1;1@0=1;1@8=1;1@9=1;3@4=1;4@2=1;4@4=1;4@8=1;4@9=1;5@2=1;5@0=1;7@2=1;7@0=1;8@2=1,"1,2,4,0,8,9",16,16,16,0,1.0,0.1553052292349264,0.4166666666666667,0.03863856256825974,0.0,0.0,0.30000000000000004,0.005661964416503906,Feasible
955,954,9,7,2,"ADD:1,1;ADD:2,4;ADD:3,1;ADD:5,1;ADD:5,4;ADD:6,2;ADD:8,6;REMOVE:0,1;REMOVE:0,4",0:1|4|8;1:2;2:-;3:2;4:1|2;5:0;6:-;7:2;8:2;9:-,0:8;1:1|2;2:4;3:1|2;4:1|2;5:0|1|4;6:2;7:2;8:2|6;9:-,0@2=1;0@4=2;1@2=1;1@4=2;1@0=1;1@1=2;1@5=1;1@6=1;2@4=1;2@6=1;3@4=2;3@1=1;3@5=1;4@2=1;4@1=1;4@3=2;5@4=2;5@0=1;5@1=1;5@6=2;5@3=1;6@2=1;7@2=1;7@4=2;7@5=1;7@7=1;7@9=1;8@2=1;8@0=1;8@6=1;8@3=1;8@7=1,"2,4,0,1,5,6,3,7,9",40,32,32,0,1.0,-0.4635248829443409,0.2,0.036475117055659034,0.0,0.0,0.7,0.0036640167236328125,Feasible
956,955,7,2,5,"ADD:0,0;ADD:0,3;REMOVE:2,4;REMOVE:3,1;REMOVE:3,2;REMOVE:5,1;REMOVE:8,6",0:8;1:1|2;2:4;3:1|2;4:1|2;5:0|1|4;6:2;7:2;8:2|6;9:-,0:0|3|8;1:1|2;2:-;3:-;4:1|2;5:0|4;6:2;7:2;8:2;9:-,0@0=2;0@1=2;0@3=1;0@4=1;0@7=1;0@9=1;1@0=2;1@1=2;1@4=2;1@7=2;1@2=1;1@8=1;4@1=3;4@4=2;5@4=2;5@8=1;5@5=1;6@0=1;6@4=1;7@4=1;7@2=1;8@0=1;8@9=1,"0,1,3,4,7,9,2,8,5",33,23,23,0,1.0,0.17072668024478,0.3333333333333333,0.03739334691144668,0.0,0.0,0.2,0.006309986114501953,Feasible
957,956,3,0,3,"REMOVE:0,0;REMOVE:1,1;REMOVE:8,2",0:0|3|8;1:1|2;2:-;3:-;4:1|2;5:0|4;6:2;7:2;8:2;9:-,0:3|8;1:2;2:-;3:-;4:1|2;5:0|4;6:2;7:2;8:-;9:-,0@1=1;0@2=5;0@3=3;0@4=1;0@6=1;0@7=1;0@9=2;1@3=1;1@5=2;4@1=1;4@2=2;4@6=1;4@7=1;4@0=2;4@8=1;5@2=1;5@4=1;5@5=1;6@2=1;6@4=1;6@5=1;7@2=1;7@4=1,"1,2,3,4,6,7,9,5,0,8",33,23,23,0,1.0,0.27474924025371716,0.25,0.024749240253717168,0.0,0.0,0.0,0.004519939422607422,Feasible
958,957,7,7,0,"ADD:0,0;ADD:2,9;ADD:5,1;ADD:6,6;ADD:7,6;ADD:8,1;ADD:8,5",0:3|8;1:2;2:-;3:-;4:1|2;5:0|4;6:2;7:2;8:-;9:-,0:0|3|8;1:2;2:9;3:-;4:1|2;5:0|1|4;6:2|6;7:2|6;8:1|5;9:-,0@0=1;0@1=2;0@3=1;0@4=1;0@5=1;0@7=1;0@9=2;1@3=1;1@4=3;1@5=2;1@9=2;1@2=1;2@9=1;4@1=2;4@4=2;4@7=2;4@9=1;4@2=2;5@1=1;5@4=2;5@7=1;6@5=1;6@6=1;7@0=1;7@3=1;7@7=1;7@6=1;8@1=1;8@3=1;8@5=1,"0,1,3,4,5,7,9,2,6",41,30,30,0,1.0,-0.6620585810632669,0.0,0.037941418936733064,0.0,0.0,0.7,0.0013010501861572266,Feasible
959,958,8,2,6,"ADD:1,1;ADD:8,2;REMOVE:0,0;REMOVE:5,1;REMOVE:5,4;REMOVE:6,6;REMOVE:7,6;REMOVE:8,5",0:0|3|8;1:2;2:9;3:-;4:1|2;5:0|1|4;6:2|6;7:2|6;8:1|5;9:-,0:3|8;1:1|2;2:9;3:-;4:1|2;5:0;6:2;7:2;8:1|2;9:-,0@1=1;0@3=1;0@4=2;0@5=2;0@7=1;0@8=1;1@1=1;1@3=2;1@8=1;1@0=1;2@7=1;4@1=1;4@8=1;4@2=1;4@6=1;5@0=1;5@2=1;6@2=1;6@9=1;7@4=1;7@0=1;8@3=1;8@8=1,"1,3,4,5,7,8,0,2,6,9",26,23,23,0,1.0,0.20066548208458296,0.375,0.025665482084582997,0.0,0.0,0.2,0.007792234420776367,Feasible
960,959,8,4,4,"ADD:0,0;ADD:2,4;ADD:3,1;ADD:7,1;REMOVE:1,1;REMOVE:4,1;REMOVE:8,1;REMOVE:8,2",0:3|8;1:1|2;2:9;3:-;4:1|2;5:0;6:2;7:2;8:1|2;9:-,0:0|3|8;1:2;2:4|9;3:1;4:2;5:0;6:2;7:1|2;8:-;9:-,0@0=1;0@1=1;0@4=1;0@5=1;0@8=3;0@9=1;1@4=2;2@4=1;3@1=1;4@0=1;4@4=1;5@0=1;5@2=1;6@9=1;7@1=1,"0,1,4,5,8,9,2",18,15,15,0,1.0,-0.023143353772453412,0.3333333333333333,0.043523312894213274,0.0,0.0,0.4,0.00494694709777832,Feasible
961,960,8,3,5,"ADD:4,1;ADD:5,9;ADD:6,1;REMOVE:0,3;REMOVE:0,8;REMOVE:2,4;REMOVE:2,9;REMOVE:3,1",0:0|3|8;1:2;2:4|9;3:1;4:2;5:0;6:2;7:1|2;8:-;9:-,0:0;1:2;2:-;3:-;4:1|2;5:0|9;6:1|2;7:1|2;8:-;9:-,0@7=1;1@4=1;1@5=1;4@4=2;4@1=1;4@2=1;4@6=1;4@8=1;4@9=1;5@1=1;5@6=1;5@0=1;6@1=1;6@2=1;7@7=1;7@6=2;7@8=1;7@0=1,"7,4,5,1,2,6,8,9,0",20,18,18,0,1.0,0.1409026667015083,0.4166666666666667,0.024236000034841644,0.0,0.0,0.30000000000000004,0.006243228912353516,Feasible
962,961,8,6,2,"ADD:0,1;ADD:0,4;ADD:1,6;ADD:5,4;ADD:8,1;ADD:8,4;REMOVE:6,1;REMOVE:7,1",0:0;1:2;2:-;3:-;4:1|2;5:0|9;6:1|2;7:1|2;8:-;9:-,0:0|1|4;1:2|6;2:-;3:-;4:1|2;5:0|4|9;6:2;7:2;8:1|4;9:-,0@1=1;0@2=2;0@4=1;0@7=1;0@9=2;1@2=1;1@3=1;1@6=1;1@8=1;4@1=3;4@2=2;4@7=1;4@9=1;4@3=1;4@0=2;5@2=2;5@4=1;5@9=1;5@5=1;6@0=1;7@4=1;7@0=1;8@1=1;8@4=1,"1,2,4,7,9,3,6,8,0,5",31,24,24,0,1.0,-0.3583959656708175,0.2,0.04160403432918248,0.0,0.0,0.6,0.0035669803619384766,Feasible
963,962,5,4,1,"ADD:2,3;ADD:3,5;ADD:6,1;ADD:7,1;REMOVE:1,6",0:0|1|4;1:2|6;2:-;3:-;4:1|2;5:0|4|9;6:2;7:2;8:1|4;9:-,0:0|1|4;1:2;2:3;3:5;4:1|2;5:0|4|9;6:1|2;7:1|2;8:1|4;9:-,0@0=1;0@1=1;0@2=2;0@4=1;0@5=1;0@6=1;0@8=1;0@9=1;1@4=3;1@9=1;1@3=1;2@3=1;3@5=1;4@1=1;4@2=1;4@4=1;4@5=1;4@6=2;4@8=2;5@2=1;5@5=1;5@8=1;5@9=1;6@1=1;6@4=1;6@8=1;6@3=2;7@0=1;7@1=1;7@2=3;7@4=2;7@6=1;7@8=2;8@2=2;8@4=1,"0,1,2,4,5,6,8,9,3",46,35,35,0,1.0,-0.29839891167048527,0.07142857142857142,0.030172516900943316,0.0,0.0,0.4,0.0037949085235595703,Feasible
964,963,6,1,5,"ADD:3,4;REMOVE:0,0;REMOVE:4,1;REMOVE:5,0;REMOVE:7,1;REMOVE:8,1",0:0|1|4;1:2;2:3;3:5;4:1|2;5:0|4|9;6:1|2;7:1|2;8:1|4;9:-,0:1|4;1:2;2:3;3:4|5;4:2;5:4|9;6:1|2;7:2;8:4;9:-,0@2=1;0@3=1;0@4=1;0@9=1;1@9=2;1@8=1;2@2=1;3@4=1;3@8=1;3@0=1;3@7=2;4@2=2;5@4=4;5@1=1;6@2=2;6@9=1;6@7=1;6@6=2;8@2=1,"2,3,4,9,8,0,7,1,6",27,19,19,0,1.0,0.23232375252553192,0.29411764705882354,0.03820610546670839,0.0,0.0,0.1,0.0075719356536865234,Feasible
965,964,6,6,0,"ADD:0,0;ADD:1,1;ADD:4,1;ADD:5,0;ADD:7,6;ADD:8,5",0:1|4;1:2;2:3;3:4|5;4:2;5:4|9;6:1|2;7:2;8:4;9:-,0:0|1|4;1:1|2;2:3;3:4|5;4:1|2;5:0|4|9;6:1|2;7:2|6;8:4|5;9:-,0@0=1;0@1=1;0@2=1;0@4=1;0@5=1;0@8=2;1@0=1;1@1=1;1@2=2;1@8=1;2@1=1;3@2=2;3@5=1;3@7=1;4@1=1;4@2=1;4@4=2;4@7=1;4@3=1;4@6=1;5@0=1;5@1=1;5@2=3;5@4=1;5@7=1;5@3=1;5@9=1;6@1=1;6@2=1;6@4=1;6@7=1;7@4=1;7@5=1;7@7=1;7@6=1;8@2=1;8@4=1;8@5=3;8@7=1;8@3=1,"0,1,2,4,5,8,7,3,6,9",48,40,40,0,1.0,-0.5587894331970307,0.0,0.04121056680296929,0.0,0.0,0.6,0.0015208721160888672,Feasible
966,965,5,2,3,"ADD:2,4;ADD:8,1;REMOVE:0,0;REMOVE:5,4;REMOVE:7,6",0:0|1|4;1:1|2;2:3;3:4|5;4:1|2;5:0|4|9;6:1|2;7:2|6;8:4|5;9:-,0:1|4;1:1|2;2:3|4;3:4|5;4:1|2;5:0|9;6:1|2;7:2;8:1|4|5;9:-,0@1=1;0@2=1;0@3=2;0@4=3;0@9=1;1@1=2;1@2=1;1@4=1;1@0=1;1@5=1;2@1=1;2@4=1;3@2=1;3@4=3;3@5=1;3@7=1;3@8=1;4@1=1;4@3=1;4@4=1;4@0=1;4@7=1;5@2=1;6@1=1;6@2=1;6@0=1;6@5=1;6@7=1;6@8=1;6@6=1;7@2=1;7@4=1;7@0=1;7@8=1;8@1=1;8@2=1;8@4=1,"1,2,3,4,9,0,5,7,8,6",43,37,37,0,1.0,-0.000849478299890627,0.15789473684210525,0.041255784858004144,0.0,0.0,0.2,0.0050089359283447266,Feasible
967,966,5,0,5,"REMOVE:2,3;REMOVE:3,5;REMOVE:5,9;REMOVE:6,2;REMOVE:8,1",0:1|4;1:1|2;2:3|4;3:4|5;4:1|2;5:0|9;6:1|2;7:2;8:1|4|5;9:-,0:1|4;1:1|2;2:4;3:4;4:1|2;5:0;6:1;7:2;8:4|5;9:-,0@1=1;0@9=1;1@1=1;1@4=1;1@5=2;2@2=1;2@7=1;3@4=1;3@6=1;4@4=3;4@6=2;4@0=1;5@0=1;6@7=1;7@4=1;7@7=2;8@4=1;8@5=1,"1,9,4,5,2,7,6,0",23,18,18,0,1.0,0.30356930135684257,0.2777777777777778,0.025791523579064765,0.0,0.0,0.0,0.0074312686920166016,Feasible
968,967,4,2,2,"ADD:5,9;ADD:8,1;REMOVE:1,1;REMOVE:3,4",0:1|4;1:1|2;2:4;3:4;4:1|2;5:0;6:1;7:2;8:4|5;9:-,0:1|4;1:2;2:4;3:-;4:1|2;5:0|9;6:1;7:2;8:1|4|5;9:-,0@1=1;0@4=1;0@6=1;0@9=2;1@4=1;1@2=1;2@4=1;2@7=1;4@1=1;4@2=1;4@0=1;4@5=1;5@9=1;5@5=1;5@3=1;6@6=1;7@0=1;8@1=1,"1,4,6,9,2,7,0,5,3",19,18,18,0,1.0,-0.0066855341654884215,0.15384615384615385,0.03946831198835774,0.0,0.0,0.2,0.0033919811248779297,Feasible
969,968,9,9,0,"ADD:0,0;ADD:2,0;ADD:2,1;ADD:3,1;ADD:3,5;ADD:5,4;ADD:6,2;ADD:7,1;ADD:9,0",0:1|4;1:2;2:4;3:-;4:1|2;5:0|9;6:1;7:2;8:1|4|5;9:-,0:0|1|4;1:2;2:0|1|4;3:1|5;4:1|2;5:0|4|9;6:1|2;7:1|2;8:1|4|5;9:0,0@0=2;0@1=1;0@2=2;0@3=1;0@4=1;0@5=1;0@8=1;1@2=2;1@4=3;1@5=1;1@8=2;2@0=1;2@1=1;2@3=1;3@1=1;3@3=1;3@5=1;3@7=1;4@2=4;4@3=2;4@4=1;4@8=1;4@7=1;4@6=1;5@2=3;5@3=1;5@4=1;6@2=2;6@3=2;7@1=1;7@4=1;7@5=1;8@2=1;8@6=1;8@9=1;9@0=1,"0,1,2,3,4,5,8,7,6,9",50,36,36,0,1.0,-0.8630640414061466,0.0,0.03693595859385336,0.0,0.0,0.8999999999999999,0.0013806819915771484,Feasible
970,969,9,2,7,"ADD:1,6;ADD:3,4;REMOVE:2,4;REMOVE:5,0;REMOVE:5,9;REMOVE:6,1;REMOVE:7,1;REMOVE:8,5;REMOVE:9,0",0:0|1|4;1:2;2:0|1|4;3:1|5;4:1|2;5:0|4|9;6:1|2;7:1|2;8:1|4|5;9:0,0:0|1|4;1:2|6;2:0|1;3:1|4|5;4:1|2;5:4;6:2;7:2;8:1|4;9:-,0@1=2;0@2=1;0@4=3;0@5=1;0@8=1;1@2=1;1@4=1;1@3=1;1@6=1;1@9=2;2@1=1;2@2=1;2@5=1;3@2=1;3@4=1;3@5=1;3@8=1;3@0=3;4@1=1;4@4=3;4@8=1;4@3=1;4@9=1;5@4=1;5@6=1;6@5=2;6@3=1;6@9=1;7@4=2;7@5=1;7@8=1;8@1=1;8@4=1;8@8=1;8@3=1;8@9=1,"1,2,4,5,8,3,6,9,0",46,36,36,0,1.0,0.1489261489776268,0.3181818181818182,0.030744330795808645,0.0,0.0,0.2,0.009422063827514648,Feasible
971,970,8,4,4,"ADD:5,5;ADD:5,9;ADD:7,1;ADD:8,0;REMOVE:0,4;REMOVE:1,6;REMOVE:3,1;REMOVE:6,2",0:0|1|4;1:2|6;2:0|1;3:1|4|5;4:1|2;5:4;6:2;7:2;8:1|4;9:-,0:0|1;1:2;2:0|1;3:4|5;4:1|2;5:4|5|9;6:-;7:1|2;8:0|1|4;9:-,0@0=1;0@3=1;0@8=3;0@9=1;1@0=1;1@2=1;2@5=1;2@6=1;3@0=1;3@8=1;3@2=1;3@5=1;3@4=6;4@0=1;4@8=1;4@2=1;4@4=1;4@1=2;5@9=1;5@5=1;5@1=1;5@7=1;7@8=2;7@9=1;7@2=2;7@1=1;8@0=1;8@8=1;8@9=1;8@4=2;8@1=1,"0,3,8,9,2,5,6,4,1,7",42,31,31,0,1.0,-0.11710408328131139,0.23529411764705882,0.047601799071629806,0.0,0.0,0.4,0.00613093376159668,Feasible
972,971,9,5,4,"ADD:0,4;ADD:1,1;ADD:3,1;ADD:6,4;ADD:6,9;REMOVE:2,0;REMOVE:2,1;REMOVE:5,4;REMOVE:8,4",0:0|1;1:2;2:0|1;3:4|5;4:1|2;5:4|5|9;6:-;7:1|2;8:0|1|4;9:-,0:0|1|4;1:1|2;2:-;3:1|4|5;4:1|2;5:5|9;6:4|9;7:1|2;8:0|1;9:-,0@0=1;0@1=1;0@2=1;0@4=4;0@5=2;0@6=2;0@7=1;1@1=1;1@2=1;1@6=1;1@3=1;1@8=1;3@0=1;3@1=1;3@4=1;3@7=1;3@3=1;3@9=1;4@2=2;4@6=2;4@8=1;5@1=1;5@6=1;5@8=1;6@4=1;6@9=1;7@0=1;7@1=2;7@2=1;7@4=1;7@6=1;7@7=1;7@9=1;8@0=1;8@1=2;8@2=2;8@6=2;8@3=2;8@8=1,"0,1,2,4,5,6,7,3,8,9",51,39,39,0,1.0,-0.22746035599269493,0.23529411764705882,0.037245526360246264,0.0,0.0,0.5,0.006456136703491211,Feasible
973,972,5,2,3,"ADD:6,5;ADD:8,4;REMOVE:0,4;REMOVE:3,4;REMOVE:5,5",0:0|1|4;1:1|2;2:-;3:1|4|5;4:1|2;5:5|9;6:4|9;7:1|2;8:0|1;9:-,0:0|1;1:1|2;2:-;3:1|5;4:1|2;5:9;6:4|5|9;7:1|2;8:0|1|4;9:-,0@0=1;0@2=1;0@3=1;0@5=2;0@9=2;1@2=1;1@9=1;1@4=2;1@8=1;3@2=3;3@5=1;3@9=1;3@1=2;4@4=2;4@8=1;4@1=1;4@6=1;5@2=2;5@9=1;5@1=1;6@3=1;6@5=1;6@9=2;6@4=1;6@6=1;7@2=2;8@0=1;8@2=4;8@5=1;8@9=1;8@4=2;8@8=1;8@1=1;8@7=2,"0,2,3,5,9,4,8,1,6,7",49,34,34,0,1.0,0.0009745885529717502,0.16666666666666666,0.0343079218863051,0.0,0.0,0.2,0.005035877227783203,Feasible
974,973,5,2,3,"ADD:3,4;ADD:5,4;REMOVE:6,5;REMOVE:6,9;REMOVE:8,4",0:0|1;1:1|2;2:-;3:1|5;4:1|2;5:9;6:4|5|9;7:1|2;8:0|1|4;9:-,0:0|1;1:1|2;2:-;3:1|4|5;4:1|2;5:4|9;6:4;7:1|2;8:0|1;9:-,0@0=1;0@1=1;0@2=1;0@5=1;0@7=1;1@1=2;1@3=1;1@4=1;1@6=1;1@8=1;3@4=1;4@1=1;4@5=1;4@7=1;4@4=1;4@6=1;5@4=1;6@4=1;7@0=1;7@1=1;7@2=1;8@2=2;8@3=1;8@8=1,"0,1,2,5,7,3,4,6,8",26,24,24,0,1.0,0.014729410417017752,0.17647058823529413,0.03825882218172364,0.0,0.0,0.2,0.004549264907836914,Feasible
975,974,9,2,7,"ADD:2,2;ADD:8,4;REMOVE:3,1;REMOVE:3,4;REMOVE:3,5;REMOVE:4,1;REMOVE:5,4;REMOVE:5,9;REMOVE:7,1",0:0|1;1:1|2;2:-;3:1|4|5;4:1|2;5:4|9;6:4;7:1|2;8:0|1;9:-,0:0|1;1:1|2;2:2;3:-;4:2;5:-;6:4;7:2;8:0|1|4;9:-,0@1=1;0@3=1;0@5=1;0@9=1;1@3=1;1@9=1;1@2=1;1@4=1;1@6=1;2@2=1;4@3=1;4@4=1;6@2=1;7@2=2;7@4=1;8@5=1;8@4=1,"1,3,5,9,2,4,6",18,17,17,0,1.0,0.2688425641342484,0.4375,0.03134256413424839,0.0,0.0,0.2,0.007898807525634766,Feasible
976,975,9,3,6,"ADD:5,6;ADD:6,0;ADD:6,1;REMOVE:0,0;REMOVE:0,1;REMOVE:1,1;REMOVE:1,2;REMOVE:2,2;REMOVE:8,0",0:0|1;1:1|2;2:2;3:-;4:2;5:-;6:4;7:2;8:0|1|4;9:-,0:-;1:-;2:-;3:-;4:2;5:6;6:0|1|4;7:2;8:1|4;9:-,4@0=2;4@2=1;4@4=1;4@8=1;4@9=1;5@6=1;6@0=3;6@2=1;6@4=1;6@1=1;7@0=1;7@4=1;7@8=1;7@3=1;8@4=1;8@6=1;8@1=1,"0,2,4,8,9,6,1,3",20,17,17,0,1.0,0.29083040198384513,0.5454545454545454,0.045375856529299756,0.0,0.0,0.30000000000000004,0.006887912750244141,Feasible
977,976,11,11,0,"ADD:0,1;ADD:1,0;ADD:1,1;ADD:1,4;ADD:3,0;ADD:3,1;ADD:3,4;ADD:4,1;ADD:5,2;ADD:7,1;ADD:8,5",0:-;1:-;2:-;3:-;4:2;5:6;6:0|1|4;7:2;8:1|4;9:-,0:1;1:0|1|4;2:-;3:0|1|4;4:1|2;5:2|6;6:0|1|4;7:1|2;8:1|4|5;9:-,0@1=1;1@1=1;1@0=3;1@3=1;1@4=2;3@1=1;3@0=1;3@4=2;3@2=2;3@6=1;3@7=1;4@1=3;4@3=1;4@4=1;4@2=1;4@6=3;4@5=2;4@9=1;5@2=1;5@7=1;5@9=1;5@8=1;6@1=1;6@0=1;6@4=2;6@2=1;6@6=1;6@9=1;7@1=2;7@4=1;7@6=1;7@7=1;8@1=1;8@3=1;8@4=1;8@2=1;8@7=1;8@5=1;8@8=1,"1,0,3,4,2,6,7,5,9,8",51,39,39,0,1.0,-1.051615626262648,0.0,0.04838437373735198,0.0,0.0,1.0999999999999999,0.0021250247955322266,Feasible
978,977,9,3,6,"ADD:2,0;ADD:2,8;ADD:7,0;REMOVE:0,1;REMOVE:1,4;REMOVE:4,1;REMOVE:6,0;REMOVE:6,1;REMOVE:7,1",0:1;1:0|1|4;2:-;3:0|1|4;4:1|2;5:2|6;6:0|1|4;7:1|2;8:1|4|5;9:-,0:-;1:0|1;2:0|8;3:0|1|4;4:2;5:2|6;6:4;7:0|2;8:1|4|5;9:-,1@0=2;1@1=1;1@5=1;1@6=1;1@9=1;2@0=1;2@5=1;2@2=1;2@8=1;3@0=2;3@6=2;3@9=1;3@2=1;3@4=2;4@5=1;4@9=1;4@8=1;5@0=1;5@1=1;5@6=1;5@2=2;5@4=2;6@8=1;6@4=2;7@0=1;7@8=1;8@1=2;8@5=2;8@9=2;8@2=2;8@8=1;8@4=2;8@3=4,"0,1,5,6,9,2,8,4,3",48,33,33,0,1.0,0.05918727196534401,0.3157894736842105,0.043397798281133555,0.0,0.0,0.30000000000000004,0.008068084716796875,Feasible
979,978,7,5,2,"ADD:1,4;ADD:4,1;ADD:6,0;ADD:6,1;ADD:7,1;REMOVE:2,0;REMOVE:3,0",0:-;1:0|1;2:0|8;3:0|1|4;4:2;5:2|6;6:4;7:0|2;8:1|4|5;9:-,0:-;1:0|1|4;2:8;3:1|4;4:1|2;5:2|6;6:0|1|4;7:0|1|2;8:1|4|5;9:-,1@2=1;1@4=2;1@7=1;1@8=2;2@2=1;2@6=1;3@2=1;3@4=3;3@7=1;3@1=1;4@2=2;4@4=1;4@1=1;4@3=1;4@9=1;5@7=1;5@1=2;5@0=1;6@2=2;6@7=1;6@1=1;6@0=1;7@4=2;7@7=1;7@8=2;7@1=1;7@9=1;7@0=1;8@4=1;8@7=2;8@1=2;8@3=1;8@9=1;8@5=1,"2,4,7,8,6,1,3,9,0,5",45,34,34,0,1.0,-0.3363158405802119,0.125,0.03868415941978807,0.0,0.0,0.5,0.0038139820098876953,Feasible
980,979,5,1,4,"ADD:3,0;REMOVE:1,0;REMOVE:5,6;REMOVE:7,2;REMOVE:8,5",0:-;1:0|1|4;2:8;3:1|4;4:1|2;5:2|6;6:0|1|4;7:0|1|2;8:1|4|5;9:-,0:-;1:1|4;2:8;3:0|1|4;4:1|2;5:2;6:0|1|4;7:0|1;8:1|4;9:-,1@1=2;1@2=1;1@3=2;1@4=1;1@7=1;1@9=1;2@2=1;2@4=1;3@1=1;3@2=1;3@4=1;3@0=1;3@6=1;3@8=1;4@1=1;4@2=2;4@9=2;5@4=1;6@1=2;6@2=1;6@4=1;6@0=1;6@8=1;7@1=1;7@3=1;7@0=1;7@8=1;8@2=1;8@3=1;8@4=3;8@7=1;8@6=2;8@8=2,"1,2,3,4,7,9,0,6,8",42,33,33,0,1.0,0.15406964571556733,0.21052631578947367,0.04354332992609364,0.0,0.0,0.1,0.0058460235595703125,Feasible
981,980,10,3,7,"ADD:1,5;ADD:6,5;ADD:7,4;REMOVE:2,8;REMOVE:3,0;REMOVE:3,1;REMOVE:3,4;REMOVE:5,2;REMOVE:6,0;REMOVE:6,4",0:-;1:1|4;2:8;3:0|1|4;4:1|2;5:2;6:0|1|4;7:0|1;8:1|4;9:-,0:-;1:1|4|5;2:-;3:-;4:1|2;5:-;6:1|5;7:0|1|4;8:1|4;9:-,1@2=1;1@4=1;1@5=1;1@8=2;4@2=1;4@4=3;4@1=2;6@8=1;6@1=1;6@6=1;7@2=1;7@4=1;7@8=1;7@6=1;7@0=1;7@3=1;7@9=1;8@2=2;8@1=3,"2,4,5,8,1,6,0,3,9",26,19,19,0,1.0,0.1820433305258134,0.4375,0.04454333052581342,0.0,0.0,0.30000000000000004,0.010293006896972656,Feasible
982,981,8,4,4,"ADD:0,2;ADD:2,3;ADD:6,4;ADD:9,2;REMOVE:1,1;REMOVE:7,0;REMOVE:7,1;REMOVE:7,4",0:-;1:1|4|5;2:-;3:-;4:1|2;5:-;6:1|5;7:0|1|4;8:1|4;9:-,0:2;1:4|5;2:3;3:-;4:1|2;5:-;6:1|4|5;7:-;8:1|4;9:2,0@2=1;1@3=1;1@4=2;1@7=1;2@3=1;2@1=1;4@2=2;4@4=1;4@7=1;4@5=1;4@6=1;4@8=1;6@4=1;8@2=2;8@3=3;8@1=1;8@6=2;8@8=1;8@9=1;9@2=1;9@4=1,"2,3,4,7,1,5,6,8,9",27,21,21,0,1.0,-0.03308635274395666,0.3333333333333333,0.03358031392271002,0.0,0.0,0.4,0.005318880081176758,Feasible
983,982,5,1,4,"ADD:7,2;REMOVE:0,2;REMOVE:2,3;REMOVE:6,1;REMOVE:9,2",0:2;1:4|5;2:3;3:-;4:1|2;5:-;6:1|4|5;7:-;8:1|4;9:2,0:-;1:4|5;2:-;3:-;4:1|2;5:-;6:4|5;7:2;8:1|4;9:-,1@2=3;1@4=2;1@5=1;4@2=1;4@4=2;4@5=1;4@0=1;4@3=1;4@6=2;4@8=1;6@2=2;6@4=1;6@0=1;6@6=1;7@2=3;7@4=1;8@2=1;8@4=4;8@3=1;8@8=2;8@1=2;8@7=1,"2,4,5,0,3,6,8,1,7",35,22,22,0,1.0,0.2687827678138264,0.3333333333333333,0.035449434480493015,0.0,0.0,0.1,0.005315065383911133,Feasible
984,983,7,7,0,"ADD:2,4;ADD:2,5;ADD:3,3;ADD:5,1;ADD:5,2;ADD:6,1;ADD:8,5",0:-;1:4|5;2:-;3:-;4:1|2;5:-;6:4|5;7:2;8:1|4;9:-,0:-;1:4|5;2:4|5;3:3;4:1|2;5:1|2;6:1|4|5;7:2;8:1|4|5;9:-,1@2=1;1@3=1;1@4=1;1@5=1;1@7=2;2@4=1;2@5=1;2@6=1;3@3=1;4@2=1;4@4=1;4@5=1;4@7=1;4@0=1;4@1=2;5@2=1;5@1=1;5@9=1;6@2=2;6@7=1;6@1=2;6@8=1;7@3=1;7@4=3;7@5=1;8@4=1;8@5=1;8@6=2;8@9=1,"2,3,4,5,7,6,0,1,9,8",36,29,29,0,1.0,-0.6608952729402914,0.0,0.03910472705970854,0.0,0.0,0.7,0.0013060569763183594,Feasible
985,984,5,1,4,"ADD:1,1;REMOVE:2,4;REMOVE:2,5;REMOVE:6,4;REMOVE:8,1",0:-;1:4|5;2:4|5;3:3;4:1|2;5:1|2;6:1|4|5;7:2;8:1|4|5;9:-,0:-;1:1|4|5;2:-;3:3;4:1|2;5:1|2;6:1|5;7:2;8:4|5;9:-,1@1=1;1@2=1;1@3=1;1@4=1;1@5=1;1@6=1;1@9=1;3@5=1;3@7=1;4@2=2;4@3=1;4@4=1;4@5=1;4@6=1;4@8=2;5@2=1;5@3=2;5@6=2;5@0=1;6@1=2;6@2=2;6@8=2;7@4=2;7@5=1;7@9=2;7@7=2;7@0=1;8@2=2;8@3=1;8@4=2;8@5=1;8@8=1,"1,2,3,4,5,6,9,7,8,0",44,32,32,0,1.0,0.1755268454417174,0.25,0.02552684544171738,0.0,0.0,0.1,0.0059430599212646484,Feasible
986,985,6,5,1,"ADD:2,2;ADD:3,0;ADD:3,4;ADD:6,4;ADD:8,9;REMOVE:1,5",0:-;1:1|4|5;2:-;3:3;4:1|2;5:1|2;6:1|5;7:2;8:4|5;9:-,0:-;1:1|4;2:2;3:0|3|4;4:1|2;5:1|2;6:1|4|5;7:2;8:4|5|9;9:-,1@2=1;1@4=1;1@7=1;1@9=1;2@2=1;3@2=4;3@4=2;3@0=1;4@2=2;4@4=1;4@9=1;4@6=1;5@2=1;5@9=1;5@1=1;6@2=1;6@4=2;7@2=1;7@4=3;7@3=1;7@5=1;7@8=2;8@2=1;8@4=1;8@9=2;8@6=2;8@1=1;8@5=1;8@8=1,"2,4,7,9,0,6,1,3,5,8",40,29,29,0,1.0,-0.3828101236235242,0.07692307692307693,0.04026679945339889,0.0,0.0,0.5,0.002579927444458008,Feasible
987,986,9,3,6,"ADD:0,7;ADD:1,8;ADD:7,6;REMOVE:1,4;REMOVE:2,2;REMOVE:3,3;REMOVE:3,4;REMOVE:5,2;REMOVE:8,9",0:-;1:1|4;2:2;3:0|3|4;4:1|2;5:1|2;6:1|4|5;7:2;8:4|5|9;9:-,0:7;1:1|8;2:-;3:0;4:1|2;5:1;6:1|4|5;7:2|6;8:4|5;9:-,0@7=1;1@1=1;1@2=1;1@5=1;1@9=1;3@2=1;3@0=1;4@7=2;4@1=1;4@2=1;4@0=1;4@3=1;5@1=1;6@1=1;6@2=1;6@0=1;6@4=1;6@6=1;7@2=1;7@4=1;7@6=1;8@7=1;8@0=2;8@4=2,"7,1,2,5,9,0,3,4,6",27,24,24,0,1.0,0.09788936841341972,0.35294117647058826,0.0449481919428315,0.0,0.0,0.30000000000000004,0.008710861206054688,Feasible
988,987,8,3,5,"ADD:1,0;ADD:5,0;ADD:8,9;REMOVE:0,7;REMOVE:3,0;REMOVE:4,1;REMOVE:6,4;REMOVE:7,2",0:7;1:1|8;2:-;3:0;4:1|2;5:1;6:1|4|5;7:2|6;8:4|5;9:-,0:-;1:0|1|8;2:-;3:-;4:2;5:0|1;6:1|5;7:6;8:4|5|9;9:-,1@0=3;1@1=1;1@2=2;1@4=2;1@8=3;1@9=1;4@4=1;5@0=1;5@2=1;5@8=1;6@2=1;6@6=1;7@1=1;7@7=1;8@2=1;8@4=1;8@9=1;8@6=1;8@7=1;8@3=1,"0,1,2,4,8,9,6,7,3",26,20,20,0,1.0,0.09508570763735019,0.35714285714285715,0.037942850494493065,0.0,0.0,0.30000000000000004,0.006297111511230469,Feasible
989,988,6,5,1,"ADD:2,0;ADD:2,9;ADD:3,2;ADD:6,4;ADD:9,0;REMOVE:5,1",0:-;1:0|1|8;2:-;3:-;4:2;5:0|1;6:1|5;7:6;8:4|5|9;9:-,0:-;1:0|1|8;2:0|9;3:2;4:2;5:0;6:1|4|5;7:6;8:4|5|9;9:0,1@2=1;1@3=1;1@7=1;2@0=1;2@5=1;2@9=1;3@2=1;4@2=1;4@9=1;4@4=1;6@4=2;6@8=1;8@2=1;8@9=1;8@4=2;8@1=1;9@0=1,"2,3,7,0,5,9,4,8,1",19,17,17,0,1.0,-0.3674577752519111,0.08333333333333333,0.04920889141475557,0.0,0.0,0.5,0.002360820770263672,Feasible
990,989,11,5,6,"ADD:0,1;ADD:0,5;ADD:2,8;ADD:4,1;ADD:7,5;REMOVE:1,0;REMOVE:1,1;REMOVE:3,2;REMOVE:6,1;REMOVE:6,5;REMOVE:9,0",0:-;1:0|1|8;2:0|9;3:2;4:2;5:0;6:1|4|5;7:6;8:4|5|9;9:0,0:1|5;1:8;2:0|8|9;3:-;4:1|2;5:0;6:4;7:5|6;8:4|5|9;9:-,0@1=2;0@5=2;1@2=1;1@4=2;1@7=1;2@8=1;4@1=1;4@5=3;4@2=2;4@4=2;4@7=1;4@3=3;4@9=3;5@5=1;6@4=1;7@1=2;7@5=1;7@2=1;7@7=2;7@8=1;7@0=1;8@1=4;8@4=3;8@7=1;8@8=1;8@0=2,"1,5,2,4,7,8,3,9,0",45,26,26,0,1.0,-0.09821197096389905,0.375,0.026788029036100947,0.0,0.0,0.5,0.007604837417602539,Feasible
991,990,7,4,3,"ADD:0,4;ADD:1,9;ADD:6,0;ADD:6,1;REMOVE:2,8;REMOVE:2,9;REMOVE:8,5",0:1|5;1:8;2:0|8|9;3:-;4:1|2;5:0;6:4;7:5|6;8:4|5|9;9:-,0:1|4|5;1:8|9;2:0;3:-;4:1|2;5:0;6:0|1|4;7:5|6;8:4|9;9:-,0@0=1;0@2=3;0@3=1;0@4=3;0@5=2;0@6=1;0@7=1;0@9=1;1@4=3;1@7=1;1@9=2;1@1=2;2@5=1;4@2=2;4@3=1;4@4=1;4@6=1;4@1=1;4@8=1;5@2=1;5@7=1;6@0=1;6@4=1;6@5=1;6@7=1;6@9=1;6@1=1;7@0=2;7@2=3;7@5=1;7@6=1;7@9=1;7@1=1;8@2=2;8@3=1;8@4=6;8@7=2;8@9=1;8@1=2;8@8=2,"0,2,3,4,5,6,7,9,1,8",62,40,40,0,1.0,-0.16493162927620533,0.2,0.03506837072379468,0.0,0.0,0.4,0.00732111930847168,Feasible
992,991,9,6,3,"ADD:2,4;ADD:3,4;ADD:5,4;ADD:5,9;ADD:9,3;ADD:9,4;REMOVE:0,5;REMOVE:6,4;REMOVE:8,9",0:1|4|5;1:8|9;2:0;3:-;4:1|2;5:0;6:0|1|4;7:5|6;8:4|9;9:-,0:1|4;1:8|9;2:0|4;3:4;4:1|2;5:0|4|9;6:0|1;7:5|6;8:4;9:3|4,0@1=1;0@4=1;0@8=1;0@9=2;1@4=1;1@8=3;1@9=1;1@2=1;1@7=2;2@4=1;3@4=2;3@2=2;4@4=1;4@8=4;4@2=2;4@7=1;4@3=1;4@6=1;5@4=3;5@9=1;5@3=1;5@0=1;5@5=1;6@9=1;6@2=1;6@6=1;6@0=2;7@1=2;7@4=1;7@9=1;7@3=1;7@6=1;8@4=1;8@2=1;8@7=2;8@6=1;9@4=1;9@3=1,"1,4,8,9,2,7,3,6,0,5",53,38,38,0,1.0,-0.37020942895832826,0.1875,0.04229057104167172,0.0,0.0,0.6,0.004939079284667969,Feasible
993,992,11,6,5,"ADD:0,0;ADD:2,9;ADD:3,9;ADD:6,4;ADD:8,0;ADD:8,1;REMOVE:1,8;REMOVE:4,1;REMOVE:5,0;REMOVE:5,9;REMOVE:9,4",0:1|4;1:8|9;2:0|4;3:4;4:1|2;5:0|4|9;6:0|1;7:5|6;8:4;9:3|4,0:0|1|4;1:9;2:0|4|9;3:4|9;4:2;5:4;6:0|1|4;7:5|6;8:0|1|4;9:3,0@0=1;0@1=1;0@2=5;0@3=1;0@4=2;0@6=1;1@1=1;1@3=1;1@7=1;1@9=1;2@4=1;2@9=1;2@5=1;3@2=4;3@4=2;3@7=2;3@9=1;3@8=1;4@0=1;4@2=1;4@3=1;4@7=1;4@9=2;5@2=1;5@4=1;5@7=1;5@8=1;6@2=1;6@3=1;6@4=3;6@6=1;6@9=2;7@2=2;7@8=1;8@0=2;8@1=2;8@3=2;8@4=1;8@6=1;8@7=1;8@8=1,"0,1,2,3,4,6,7,9,5,8",59,41,41,0,1.0,-0.3028191691454075,0.2631578947368421,0.03402293611775039,0.0,0.0,0.6,0.007313966751098633,Feasible
994,993,9,4,5,"ADD:1,4;ADD:1,5;ADD:3,0;ADD:4,1;REMOVE:0,4;REMOVE:2,0;REMOVE:2,4;REMOVE:7,6;REMOVE:9,3",0:0|1|4;1:9;2:0|4|9;3:4|9;4:2;5:4;6:0|1|4;7:5|6;8:0|1|4;9:3,0:0|1;1:4|5|9;2:9;3:0|4|9;4:1|2;5:4;6:0|1|4;7:5;8:0|1|4;9:-,0@1=1;0@2=2;0@7=1;1@1=1;1@2=2;1@7=1;1@4=4;1@5=1;1@6=1;1@9=2;2@2=1;2@6=1;2@9=1;3@1=1;3@2=3;3@6=1;3@9=1;3@0=1;3@8=1;4@1=1;4@2=1;4@7=1;4@5=1;4@0=1;4@3=1;5@2=1;5@8=1;6@1=1;6@7=1;6@4=1;6@5=1;7@2=2;7@0=1;7@8=1;8@4=2;8@5=2;8@6=1;8@0=1;8@3=1,"1,2,7,4,5,6,9,0,8,3",50,39,39,0,1.0,-0.11447673958297894,0.25,0.035523260417021085,0.0,0.0,0.4,0.007300138473510742,Feasible
995,994,12,4,8,"ADD:2,4;ADD:5,0;ADD:5,1;ADD:7,7;REMOVE:0,0;REMOVE:1,4;REMOVE:1,5;REMOVE:3,0;REMOVE:4,2;REMOVE:6,1;REMOVE:6,4;REMOVE:8,0",0:0|1;1:4|5|9;2:9;3:0|4|9;4:1|2;5:4;6:0|1|4;7:5;8:0|1|4;9:-,0:1;1:9;2:4|9;3:4|9;4:1;5:0|1|4;6:0;7:5|7;8:1|4;9:-,0@1=1;0@3=1;0@7=1;0@9=1;1@7=1;2@2=1;2@4=1;3@1=1;3@9=1;3@4=2;4@6=1;5@1=1;5@0=1;5@5=1;6@2=1;7@7=1;7@2=1;8@1=1;8@9=1;8@2=1;8@4=1,"1,3,7,9,2,4,6,0,5",22,21,21,0,1.0,0.06156490317140917,0.42105263157894735,0.04051227159246186,0.0,0.0,0.4,0.009359121322631836,Feasible
996,995,9,5,4,"ADD:0,4;ADD:3,0;ADD:4,4;ADD:6,1;ADD:8,0;REMOVE:2,4;REMOVE:2,9;REMOVE:5,4;REMOVE:7,5",0:1;1:9;2:4|9;3:4|9;4:1;5:0|1|4;6:0;7:5|7;8:1|4;9:-,0:1|4;1:9;2:-;3:0|4|9;4:1|4;5:0|1;6:0|1;7:7;8:0|1|4;9:-,0@4=1;1@6=1;1@7=1;3@4=1;3@0=1;3@2=2;3@8=4;4@4=1;4@7=1;4@2=1;5@7=1;5@2=1;5@9=1;6@7=1;6@1=1;7@4=1;7@6=1;7@7=1;7@2=1;7@1=1;8@0=2,"4,6,7,0,2,8,9,1",26,21,21,0,1.0,-0.20127226035057277,0.26666666666666666,0.03206107298276054,0.0,0.0,0.5,0.005194187164306641,Feasible
997,996,5,4,1,"ADD:1,4;ADD:1,5;ADD:2,4;ADD:6,4;REMOVE:4,1",0:1|4;1:9;2:-;3:0|4|9;4:1|4;5:0|1;6:0|1;7:7;8:0|1|4;9:-,0:1|4;1:4|5|9;2:4;3:0|4|9;4:4;5:0|1;6:0|1|4;7:7;8:0|1|4;9:-,0@1=2;0@2=1;1@1=1;1@2=1;1@3=1;1@4=1;1@5=1;1@7=1;1@8=1;2@4=1;3@2=1;3@3=1;3@4=1;3@5=1;3@7=1;3@0=1;3@6=2;4@2=2;4@4=2;4@8=1;4@6=1;5@1=1;5@2=2;5@8=1;5@0=1;6@1=1;6@2=1;6@4=1;6@5=2;7@1=2;7@2=1;7@3=1;7@4=3;7@9=1;8@1=1;8@2=6;8@3=1;8@4=4;8@0=1;8@6=1,"1,2,3,4,5,7,8,0,6,9",57,40,40,0,1.0,-0.3054716382394034,0.0625,0.03202836176059667,0.0,0.0,0.4,0.0027251243591308594,Feasible
998,997,9,5,4,"ADD:2,1;ADD:2,5;ADD:4,3;ADD:5,4;ADD:7,5;REMOVE:0,1;REMOVE:1,4;REMOVE:6,4;REMOVE:8,4",0:1|4;1:4|5|9;2:4;3:0|4|9;4:4;5:0|1;6:0|1|4;7:7;8:0|1|4;9:-,0:4;1:5|9;2:1|4|5;3:0|4|9;4:3|4;5:0|1|4;6:0|1;7:5|7;8:0|1;9:-,0@2=4;0@4=2;0@8=1;1@2=3;1@1=1;1@5=1;2@1=1;2@5=1;2@3=1;3@2=1;3@4=1;3@1=1;3@3=2;3@0=1;3@9=2;4@2=1;4@4=2;4@3=1;4@6=2;5@4=2;5@8=1;5@1=1;5@5=1;5@3=1;5@0=1;6@8=1;6@1=1;6@0=1;6@9=1;7@2=1;7@4=1;7@8=1;7@5=1;7@0=1;8@3=1;8@0=1,"2,4,8,1,5,3,0,9,6",47,36,36,0,1.0,-0.24610627865486684,0.21052631578947367,0.04336740555565951,0.0,0.0,0.5,0.0059010982513427734,Feasible
999,998,6,4,2,"ADD:0,0;ADD:1,4;ADD:4,0;ADD:8,4;REMOVE:2,1;REMOVE:3,0",0:4;1:5|9;2:1|4|5;3:0|4|9;4:3|4;5:0|1|4;6:0|1;7:5|7;8:0|1;9:-,0:0|4;1:4|5|9;2:4|5;3:4|9;4:0|3|4;5:0|1|4;6:0|1;7:5|7;8:0|1|4;9:-,0@0=1;0@4=1;0@6=1;0@7=1;0@8=1;1@4=2;1@8=1;1@5=1;2@6=1;2@5=1;2@3=1;3@4=4;3@7=2;3@1=1;3@2=1;4@0=1;4@4=1;4@5=1;4@1=1;5@7=1;5@1=1;6@8=1;6@1=1;6@2=2;7@4=1;7@5=1;7@2=3;8@4=2;8@6=2;8@7=2;8@8=1;8@5=2;8@3=1;8@1=1;8@2=2;8@9=1,"0,4,6,7,8,5,3,1,2,9",49,36,36,0,1.0,-0.26325783163057204,0.1,0.03674216836942799,0.0,0.0,0.4,0.003832101821899414,Feasible
1000,999,9,1,8,"ADD:0,1;REMOVE:1,9;REMOVE:2,4;REMOVE:2,5;REMOVE:3,9;REMOVE:4,0;REMOVE:5,4;REMOVE:6,1;REMOVE:8,1",0:0|4;1:4|5|9;2:4|5;3:4|9;4:0|3|4;5:0|1|4;6:0|1;7:5|7;8:0|1|4;9:-,0:0|1|4;1:4|5;2:-;3:4;4:3|4;5:0|1;6:0;7:5|7;8:0|4;9:-,0@0=2;0@1=3;0@2=1;0@4=1;0@5=1;0@7=1;0@8=1;1@0=2;1@2=1;1@4=1;1@5=1;1@7=1;1@6=1;3@2=2;3@7=2;4@1=1;4@4=1;4@3=1;5@0=1;5@1=3;5@2=2;5@8=1;6@2=1;7@0=3;7@4=1;7@5=1;7@7=1;8@0=1;8@2=3;8@5=2;8@7=2;8@8=2;8@6=1,"0,1,2,4,5,7,8,6,3",49,33,33,0,1.0,0.29862807195320873,0.36363636363636365,0.03499170831684512,0.0,0.0,0.1,0.009911060333251953,Feasible
1001,1000,10,4,6,"ADD:2,2;ADD:3,9;ADD:6,8;ADD:8,1;REMOVE:0,0;REMOVE:0,1;REMOVE:0,4;REMOVE:4,3;REMOVE:4,4;REMOVE:7,5",0:0|1|4;1:4|5;2:-;3:4;4:3|4;5:0|1;6:0;7:5|7;8:0|4;9:-,0:-;1:4|5;2:2;3:4|9;4:-;5:0|1;6:0|8;7:7;8:0|1|4;9:-,1@0=1;1@4=1;2@2=1;3@4=1;3@8=1;3@9=1;5@2=3;5@1=1;6@2=1;6@8=1;6@1=1;7@4=1;8@0=2;8@4=4;8@1=1;8@5=1;8@6=1,"0,4,2,8,9,1,5,6",23,17,17,0,1.0,0.0567492872652528,0.4,0.056749287265252794,0.0,0.0,0.4,0.006979227066040039,Feasible
1002,1001,5,1,4,"ADD:1,1;REMOVE:3,4;REMOVE:6,0;REMOVE:8,0;REMOVE:8,4",0:-;1:4|5;2:2;3:4|9;4:-;5:0|1;6:0|8;7:7;8:0|1|4;9:-,0:-;1:1|4|5;2:2;3:9;4:-;5:0|1;6:8;7:7;8:1;9:-,1@1=1;1@5=1;1@7=1;1@9=1;2@4=1;3@1=1;3@7=2;3@2=1;5@5=2;5@6=1;6@4=1;7@9=1;7@4=1;8@7=1;8@6=1;8@8=1,"1,5,7,9,4,2,6,8",18,16,16,0,1.0,0.2207428910741869,0.3076923076923077,0.013050583381879175,0.0,0.0,0.1,0.004930973052978516,Feasible
1003,1002,7,6,1,"ADD:2,1;ADD:3,4;ADD:4,2;ADD:5,4;ADD:6,9;ADD:8,4;REMOVE:1,1",0:-;1:1|4|5;2:2;3:9;4:-;5:0|1;6:8;7:7;8:1;9:-,0:-;1:4|5;2:1|2;3:4|9;4:2;5:0|1|4;6:8|9;7:7;8:1|4;9:-,1@0=2;1@2=1;1@6=1;2@1=1;3@2=1;3@4=1;3@7=1;4@2=1;4@4=1;5@4=1;6@2=1;6@1=1;6@9=1;7@0=1;7@2=1;7@1=1;7@9=1;8@4=2,"0,2,6,1,4,7,9",20,18,18,0,1.0,-0.4664645478041843,0.1,0.03353545219581568,0.0,0.0,0.6,0.0022170543670654297,Feasible
1004,1003,9,5,4,"ADD:0,4;ADD:1,1;ADD:4,1;ADD:7,5;ADD:8,0;REMOVE:2,1;REMOVE:2,2;REMOVE:5,4;REMOVE:6,8",0:-;1:4|5;2:1|2;3:4|9;4:2;5:0|1|4;6:8|9;7:7;8:1|4;9:-,0:4;1:1|4|5;2:-;3:4|9;4:1|2;5:0|1;6:9;7:5|7;8:0|1|4;9:-,0@4=1;1@4=2;1@0=2;1@1=1;1@3=1;1@9=1;3@4=1;3@1=1;3@2=2;3@7=1;3@8=1;4@4=1;4@1=1;4@3=1;4@7=2;4@8=2;4@6=1;5@0=1;5@3=2;5@2=1;5@8=1;6@3=1;6@7=1;7@4=1;7@0=1;7@2=2;7@5=1;8@4=3;8@0=1;8@2=2;8@7=1;8@8=1;8@6=2,"4,0,1,3,9,2,7,8,6,5",44,33,33,0,1.0,-0.20577054416755214,0.26666666666666666,0.027562789165781188,0.0,0.0,0.5,0.005836963653564453,Feasible
1005,1004,7,4,3,"ADD:0,1;ADD:2,4;ADD:3,0;ADD:5,4;REMOVE:4,1;REMOVE:6,9;REMOVE:7,5",0:4;1:1|4|5;2:-;3:4|9;4:1|2;5:0|1;6:9;7:5|7;8:0|1|4;9:-,0:1|4;1:1|4|5;2:4;3:0|4|9;4:2;5:0|1|4;6:-;7:7;8:0|1|4;9:-,0@1=1;0@2=3;0@3=3;0@7=1;0@9=2;1@1=3;1@3=1;1@7=1;1@9=1;1@0=2;1@4=1;2@4=1;3@1=2;3@2=2;3@3=1;3@7=2;3@9=2;3@0=1;3@6=1;3@8=2;4@7=1;4@9=1;4@4=1;5@4=1;7@2=2;7@0=1;7@4=1;8@1=2;8@2=2;8@3=2;8@7=1;8@4=1;8@6=2;8@5=1,"1,2,3,7,9,0,4,6,8,5",52,34,34,0,1.0,-0.18921957835831618,0.1875,0.02328042164168383,0.0,0.0,0.4,0.004887819290161133,Feasible
1006,1005,6,3,3,"ADD:0,5;ADD:2,1;ADD:7,5;REMOVE:3,0;REMOVE:3,9;REMOVE:8,4",0:1|4;1:1|4|5;2:4;3:0|4|9;4:2;5:0|1|4;6:-;7:7;8:0|1|4;9:-,0:1|4|5;1:1|4|5;2:1|4;3:4;4:2;5:0|1|4;6:-;7:5|7;8:0|1;9:-,0@5=1;0@6=2;0@7=1;1@5=2;1@1=2;1@4=2;2@1=1;2@4=1;3@2=2;4@5=1;4@7=1;4@4=3;4@2=2;4@8=2;5@7=1;5@1=1;5@4=2;5@2=1;5@0=1;5@9=1;7@5=1;7@7=1;7@4=1;7@2=1;7@9=1;8@5=1;8@1=1;8@2=1,"5,6,7,1,4,2,8,0,9",38,28,28,0,1.0,-0.0770670608967674,0.17647058823529413,0.046462350867938505,0.0,0.0,0.30000000000000004,0.004534006118774414,Feasible
1007,1006,9,6,3,"ADD:2,5;ADD:3,3;ADD:4,1;ADD:6,1;ADD:6,2;ADD:8,4;REMOVE:1,1;REMOVE:1,5;REMOVE:7,7",0:1|4|5;1:1|4|5;2:1|4;3:4;4:2;5:0|1|4;6:-;7:5|7;8:0|1;9:-,0:1|4|5;1:4;2:1|4|5;3:3|4;4:1|2;5:0|1|4;6:1|2;7:5;8:0|1|4;9:-,0@0=1;0@1=2;0@2=4;0@3=1;0@4=1;0@5=1;0@7=1;1@2=2;1@4=3;1@8=3;2@5=1;3@2=3;3@3=1;3@4=3;3@5=2;4@1=2;4@2=1;4@4=3;4@5=1;5@1=1;5@4=1;5@5=1;5@9=3;6@1=2;6@2=2;6@3=1;6@7=1;7@5=1;7@8=1;8@0=2;8@1=2;8@4=1;8@9=1,"0,1,2,3,4,5,7,8,9",56,33,33,0,1.0,-0.3734409874686269,0.17647058823529413,0.05008842429607894,0.0,0.0,0.6,0.004723072052001953,Feasible
1008,1007,9,2,7,"ADD:1,1;ADD:7,4;REMOVE:0,5;REMOVE:2,1;REMOVE:2,5;REMOVE:5,1;REMOVE:5,4;REMOVE:6,2;REMOVE:8,0",0:1|4|5;1:4;2:1|4|5;3:3|4;4:1|2;5:0|1|4;6:1|2;7:5;8:0|1|4;9:-,0:1|4;1:1|4;2:4;3:3|4;4:1|2;5:0;6:1;7:4|5;8:1|4;9:-,0@1=1;0@2=1;0@7=3;0@8=1;0@9=1;1@1=2;1@2=3;1@9=1;1@4=2;2@2=1;3@1=1;3@7=2;3@8=1;3@9=1;3@4=1;3@3=1;3@5=1;4@1=2;4@2=2;4@4=2;4@0=1;5@2=2;5@0=1;6@1=3;6@7=2;7@2=1;7@4=1;7@5=1;8@1=1;8@2=1;8@7=1;8@4=1;8@3=1;8@6=1,"1,2,7,8,9,4,3,5,0,6",48,34,34,0,1.0,0.18835975411557898,0.35,0.03835975411557901,0.0,0.0,0.2,0.00939798355102539,Feasible
1009,1008,9,8,1,"ADD:0,0;ADD:5,1;ADD:5,4;ADD:6,4;ADD:7,9;ADD:8,5;ADD:9,3;ADD:9,4;REMOVE:1,4",0:1|4;1:1|4;2:4;3:3|4;4:1|2;5:0;6:1;7:4|5;8:1|4;9:-,0:0|1|4;1:1;2:4;3:3|4;4:1|2;5:0|1|4;6:1|4;7:4|5|9;8:1|4|5;9:3|4,0@0=2;0@2=2;0@4=1;0@5=1;0@7=1;0@9=1;1@9=1;1@3=1;2@7=1;3@4=1;3@9=1;3@3=1;4@4=3;4@1=3;4@6=1;5@4=2;5@1=1;6@4=1;6@3=1;7@0=1;7@2=1;7@5=1;7@9=1;7@3=1;8@2=2;8@4=2;8@5=1;8@9=1;8@3=1;8@1=1;9@4=1;9@3=1,"0,2,4,5,7,9,3,1,6",41,32,32,0,1.0,-0.684621406616826,0.06666666666666667,0.04871192671650721,0.0,0.0,0.7999999999999999,0.0026769638061523438,Feasible
1010,1009,14,2,12,"ADD:1,0;ADD:1,4;REMOVE:0,4;REMOVE:2,4;REMOVE:3,3;REMOVE:3,4;REMOVE:5,1;REMOVE:5,4;REMOVE:6,1;REMOVE:6,4;REMOVE:7,5;REMOVE:8,4;REMOVE:9,3;REMOVE:9,4",0:0|1|4;1:1;2:4;3:3|4;4:1|2;5:0|1|4;6:1|4;7:4|5|9;8:1|4|5;9:3|4,0:0|1;1:0|1|4;2:-;3:-;4:1|2;5:0;6:-;7:4|9;8:1|5;9:-,0@1=1;0@2=1;0@6=1;0@8=2;1@8=1;1@0=1;1@4=2;1@5=1;1@7=1;1@9=1;4@1=2;4@2=1;5@0=1;5@7=2;7@1=1;7@4=1;8@1=2;8@2=2;8@5=1,"1,2,6,8,0,4,5,7,9",25,19,19,0,1.0,0.39508907281283095,0.5454545454545454,0.04963452735828559,0.0,0.0,0.2,0.013160228729248047,Feasible
1011,1010,7,5,2,"ADD:2,0;ADD:3,2;ADD:5,8;ADD:7,0;ADD:8,4;REMOVE:1,0;REMOVE:4,1",0:0|1;1:0|1|4;2:-;3:-;4:1|2;5:0;6:-;7:4|9;8:1|5;9:-,0:0|1;1:1|4;2:0;3:2;4:2;5:0|8;6:-;7:0|4|9;8:1|4|5;9:-,0@0=1;0@1=2;0@2=2;0@3=1;0@8=3;1@1=1;1@2=1;1@3=1;1@8=1;1@4=1;1@6=1;1@7=1;1@9=1;2@0=1;3@2=1;3@8=1;3@4=1;3@9=1;3@5=1;4@2=1;4@3=1;4@4=1;4@9=1;5@0=1;5@8=1;5@4=2;7@0=1;7@1=2;7@3=1;7@4=1;7@9=1;8@1=1;8@2=3;8@3=1;8@4=2;8@6=1;8@7=1,"0,1,2,3,8,4,6,7,9,5",46,37,37,0,1.0,-0.297009505720919,0.16666666666666666,0.03632382761241436,0.0,0.0,0.5,0.0037980079650878906,Feasible
1012,1011,6,3,3,"ADD:0,4;ADD:2,8;ADD:6,4;REMOVE:5,0;REMOVE:8,1;REMOVE:8,5",0:0|1;1:1|4;2:0;3:2;4:2;5:0|8;6:-;7:0|4|9;8:1|4|5;9:-,0:0|1|4;1:1|4;2:0|8;3:2;4:2;5:8;6:4;7:0|4|9;8:4;9:-,0@1=1;0@2=2;0@3=1;0@4=1;0@8=1;0@9=1;1@2=4;1@3=1;1@4=1;1@6=1;1@7=1;2@8=1;3@2=3;3@3=3;3@4=1;4@4=1;4@8=3;4@7=1;4@5=3;5@4=2;6@4=1;7@1=1;7@2=1;7@4=1;7@6=1;7@5=1;8@2=2;8@4=3;8@6=1;8@7=1,"1,2,3,4,8,9,6,7,5",46,30,30,0,1.0,-0.07555203092197657,0.2,0.02444796907802346,0.0,0.0,0.30000000000000004,0.004849910736083984,Feasible
1013,1012,11,7,4,"ADD:1,0;ADD:3,6;ADD:4,1;ADD:5,3;ADD:6,1;ADD:8,0;ADD:8,9;REMOVE:0,4;REMOVE:2,0;REMOVE:2,8;REMOVE:7,9",0:0|1|4;1:1|4;2:0|8;3:2;4:2;5:8;6:4;7:0|4|9;8:4;9:-,0:0|1;1:0|1|4;2:-;3:2|6;4:1|2;5:3|8;6:1|4;7:0|4;8:0|4|9;9:-,0@0=1;0@1=1;0@3=1;0@5=1;0@6=2;0@7=1;0@8=2;0@9=1;1@0=1;1@8=1;1@9=1;1@2=3;3@3=1;3@6=1;4@0=2;4@1=1;4@3=2;4@5=1;4@8=1;4@2=1;4@4=2;5@3=1;5@6=1;5@9=1;5@4=1;6@1=2;6@4=1;7@0=1;7@8=1;7@2=1;8@0=2;8@7=1;8@9=3;8@4=1,"0,1,3,5,6,7,8,9,2,4",45,34,34,0,1.0,-0.3968762568769531,0.26666666666666666,0.03645707645638017,0.0,0.0,0.7,0.006070137023925781,Feasible
1014,1013,6,3,3,"ADD:2,2;ADD:5,0;ADD:6,5;REMOVE:3,2;REMOVE:4,2;REMOVE:8,0",0:0|1;1:0|1|4;2:-;3:2|6;4:1|2;5:3|8;6:1|4;7:0|4;8:0|4|9;9:-,0:0|1;1:0|1|4;2:2;3:6;4:1;5:0|3|8;6:1|4|5;7:0|4;8:4|9;9:-,0@0=1;0@1=4;0@2=2;0@8=1;0@9=1;1@2=1;1@3=1;1@4=2;1@5=1;1@6=1;1@7=1;2@2=1;2@7=1;3@1=1;3@9=1;3@4=1;3@7=1;4@1=2;4@6=2;5@0=1;5@4=1;5@5=1;5@7=1;6@1=3;6@9=1;6@5=1;6@7=2;7@0=1;7@4=1;8@1=2;8@2=4;8@4=1,"0,1,2,8,9,3,4,5,6,7",46,32,32,0,1.0,-0.0957144259194298,0.16666666666666666,0.03761890741390359,0.0,0.0,0.30000000000000004,0.004801034927368164,Feasible
1015,1014,7,5,2,"ADD:0,4;ADD:3,0;ADD:4,4;ADD:4,5;ADD:9,2;REMOVE:5,8;REMOVE:6,4",0:0|1;1:0|1|4;2:2;3:6;4:1;5:0|3|8;6:1|4|5;7:0|4;8:4|9;9:-,0:0|1|4;1:0|1|4;2:2;3:0|6;4:1|4|5;5:0|3;6:1|5;7:0|4;8:4|9;9:2,0@1=1;0@2=1;0@3=1;0@4=1;0@5=1;0@8=1;0@9=1;1@2=3;1@3=1;1@4=1;3@1=1;3@4=1;3@0=1;3@6=1;4@4=1;4@5=1;4@8=1;5@9=1;6@9=1;7@4=1;7@5=1;8@1=1;8@2=1;8@4=1;8@8=1;9@2=1,"1,2,3,4,5,8,9,0,6",28,26,26,0,1.0,-0.35285503849543065,0.1111111111111111,0.03603385039345827,0.0,0.0,0.5,0.0036270618438720703,Feasible
1016,1015,11,2,9,"ADD:6,4;ADD:8,5;REMOVE:0,0;REMOVE:0,1;REMOVE:1,1;REMOVE:1,4;REMOVE:4,1;REMOVE:4,5;REMOVE:5,0;REMOVE:7,0;REMOVE:9,2",0:0|1|4;1:0|1|4;2:2;3:0|6;4:1|4|5;5:0|3;6:1|5;7:0|4;8:4|9;9:2,0:4;1:0;2:2;3:0|6;4:4;5:3;6:1|4|5;7:4;8:4|5|9;9:-,0@2=2;0@6=1;1@5=2;2@2=1;3@0=1;3@9=1;4@2=1;5@2=1;5@9=1;5@7=1;6@7=1;6@3=1;6@4=1;6@8=1;7@2=1;8@2=2;8@6=1;8@5=1;8@0=1;8@7=1;8@3=2;8@8=1;8@1=1,"2,6,5,0,9,7,3,4,8,1",27,23,23,0,1.0,0.2435826664904333,0.42857142857142855,0.015011237919004747,0.0,0.0,0.2,0.010910987854003906,Feasible
1017,1016,7,3,4,"ADD:0,0;ADD:1,1;ADD:7,1;REMOVE:6,1;REMOVE:6,5;REMOVE:8,5;REMOVE:8,9",0:4;1:0;2:2;3:0|6;4:4;5:3;6:1|4|5;7:4;8:4|5|9;9:-,0:0|4;1:0|1;2:2;3:0|6;4:4;5:3;6:4;7:1|4;8:4;9:-,0@0=1;0@2=2;0@8=2;1@2=2;1@1=3;1@3=2;1@6=1;1@7=1;1@9=2;2@2=1;3@2=2;3@4=2;4@2=3;4@4=3;5@2=2;6@2=1;6@7=1;7@2=1;7@1=2;8@6=1,"0,2,8,1,3,6,7,9,4",35,20,20,0,1.0,0.014868859697168668,0.2857142857142857,0.029154573982883,0.0,0.0,0.30000000000000004,0.0052869319915771484,Feasible
1018,1017,9,8,1,"ADD:0,1;ADD:1,4;ADD:3,3;ADD:4,1;ADD:5,0;ADD:5,6;ADD:8,5;ADD:9,1;REMOVE:7,4",0:0|4;1:0|1;2:2;3:0|6;4:4;5:3;6:4;7:1|4;8:4;9:-,0:0|1|4;1:0|1|4;2:2;3:0|3|6;4:1|4;5:0|3|6;6:4;7:1;8:4|5;9:1,0@1=1;0@2=1;0@3=1;0@4=2;0@5=1;0@6=1;0@9=3;1@1=2;1@2=1;1@3=1;1@4=2;1@6=1;1@9=1;1@7=1;2@4=1;3@1=1;3@2=3;3@3=2;3@4=1;3@5=3;3@6=1;3@9=2;3@0=2;3@8=1;4@1=2;4@2=2;4@4=3;4@6=2;5@1=1;5@2=2;5@3=2;5@6=2;5@0=1;6@4=1;6@6=1;7@3=1;7@6=2;7@7=1;8@2=2;8@5=1;8@6=1;8@0=1;9@1=1,"1,2,3,4,5,6,9,7,0,8",65,43,43,0,1.0,-0.6820029351152811,0.07692307692307693,0.04107398796164187,0.0,0.0,0.7999999999999999,0.0028209686279296875,Feasible
1019,1018,7,5,2,"ADD:3,1;ADD:4,0;ADD:7,0;ADD:7,4;ADD:8,1;REMOVE:3,0;REMOVE:5,0",0:0|1|4;1:0|1|4;2:2;3:0|3|6;4:1|4;5:0|3|6;6:4;7:1;8:4|5;9:1,0:0|1|4;1:0|1|4;2:2;3:1|3|6;4:0|1|4;5:3|6;6:4;7:0|1|4;8:1|4|5;9:1,0@0=1;0@1=1;0@2=2;0@4=2;0@5=1;0@6=1;0@7=2;0@8=4;0@9=2;1@0=2;1@1=1;1@2=1;1@4=1;1@6=1;1@8=1;1@3=1;3@1=1;3@2=1;3@4=1;3@6=1;3@9=2;3@3=1;4@0=1;4@2=1;4@4=1;4@6=1;4@7=1;5@2=2;5@4=3;5@7=1;5@9=1;6@2=3;6@4=1;6@7=2;7@0=1;7@2=2;7@4=1;7@5=1;7@7=1;7@3=1;8@1=1;8@4=2;8@7=1;8@3=1,"0,1,2,4,5,6,7,8,9,3",61,44,44,0,1.0,-0.36772305498601365,0.1,0.03227694501398633,0.0,0.0,0.5,0.004113912582397461,Feasible
1020,1019,4,3,1,"ADD:3,0;ADD:6,1;ADD:6,5;REMOVE:5,3",0:0|1|4;1:0|1|4;2:2;3:1|3|6;4:0|1|4;5:3|6;6:4;7:0|1|4;8:1|4|5;9:1,0:0|1|4;1:0|1|4;2:2;3:0|1|3|6;4:0|1|4;5:6;6:1|4|5;7:0|1|4;8:1|4|5;9:1,0@1=2;0@2=1;0@3=2;0@4=1;0@6=3;1@2=3;1@4=1;1@6=1;1@5=1;1@7=1;1@8=1;2@2=1;2@9=2;3@4=3;3@7=2;3@8=1;3@9=1;3@0=1;4@1=1;4@2=3;4@4=1;4@6=1;4@5=1;4@0=1;5@8=1;6@1=2;6@5=1;6@7=1;6@8=1;6@0=1;7@2=2;7@8=1;8@2=2;8@3=2;8@4=1;8@6=1;8@9=1;8@0=1,"1,2,3,4,6,5,7,8,9,0",54,38,38,0,1.0,-0.23235872040826117,0.043478260869565216,0.024163018722173645,0.0,0.0,0.30000000000000004,0.002744913101196289,Feasible
1021,1020,8,1,7,"ADD:5,2;REMOVE:1,0;REMOVE:3,0;REMOVE:3,1;REMOVE:6,5;REMOVE:7,4;REMOVE:8,1;REMOVE:9,1",0:0|1|4;1:0|1|4;2:2;3:0|1|3|6;4:0|1|4;5:6;6:1|4|5;7:0|1|4;8:1|4|5;9:1,0:0|1|4;1:1|4;2:2;3:3|6;4:0|1|4;5:2|6;6:1|4;7:0|1;8:4|5;9:-,0@1=1;0@2=1;0@3=2;0@4=1;0@5=1;0@6=2;1@1=2;1@2=1;1@4=1;2@4=2;3@1=1;3@2=1;3@4=2;3@5=1;4@2=1;4@3=3;4@4=1;4@6=1;4@0=1;4@7=1;4@8=1;4@9=1;5@2=1;5@4=1;5@6=2;5@7=1;5@8=1;5@9=1;6@2=1;6@4=1;6@7=1;6@8=1;6@9=1;7@2=1;7@6=2;7@7=1;8@2=3;8@3=2;8@4=1;8@7=1,"1,2,3,4,5,6,0,7,8,9",52,40,40,0,1.0,0.2033278596246396,0.28,0.023327859624639572,0.0,0.0,0.1,0.009614944458007812,Feasible
1022,1021,6,3,3,"ADD:1,5;ADD:7,4;ADD:8,9;REMOVE:0,4;REMOVE:2,2;REMOVE:5,6",0:0|1|4;1:1|4;2:2;3:3|6;4:0|1|4;5:2|6;6:1|4;7:0|1;8:4|5;9:-,0:0|1;1:1|4|5;2:-;3:3|6;4:0|1|4;5:2;6:1|4;7:0|1|4;8:4|5|9;9:-,0@2=3;0@5=1;0@8=1;0@9=1;1@2=1;1@5=2;1@9=1;1@1=1;1@4=1;3@2=2;3@4=2;4@8=1;4@4=1;4@0=1;4@6=2;4@7=1;5@5=3;5@8=1;5@4=1;6@2=1;6@1=1;7@1=2;7@4=2;7@6=1;8@5=1;8@9=1;8@4=2,"2,5,8,9,1,4,0,6,7",38,27,27,0,1.0,-0.10290682909367416,0.15789473684210525,0.03919843406422062,0.0,0.0,0.30000000000000004,0.005675077438354492,Feasible
1023,1022,10,2,8,"ADD:2,6;ADD:5,8;REMOVE:0,0;REMOVE:1,1;REMOVE:1,4;REMOVE:4,1;REMOVE:4,4;REMOVE:6,4;REMOVE:7,0;REMOVE:7,4",0:0|1;1:1|4|5;2:-;3:3|6;4:0|1|4;5:2;6:1|4;7:0|1|4;8:4|5|9;9:-,0:1;1:5;2:6;3:3|6;4:0;5:2|8;6:1;7:1;8:4|5|9;9:-,0@6=1;0@7=1;1@3=1;1@5=1;1@8=1;2@6=1;3@6=1;3@1=1;3@2=1;3@4=1;4@0=1;5@5=1;5@2=1;5@4=3;5@9=1;6@7=1;6@3=1;7@7=1;8@6=1;8@8=2;8@1=1;8@2=2;8@4=2;8@0=1;8@9=1,"6,7,3,5,8,1,2,4,0,9",30,25,25,0,1.0,0.24747706074681514,0.42105263157894735,0.026424429167867778,0.0,0.0,0.2,0.01001286506652832,Feasible
1024,1023,7,7,0,"ADD:0,2;ADD:1,4;ADD:4,1;ADD:4,4;ADD:6,5;ADD:7,5;ADD:9,5",0:1;1:5;2:6;3:3|6;4:0;5:2|8;6:1;7:1;8:4|5|9;9:-,0:1|2;1:4|5;2:6;3:3|6;4:0|1|4;5:2|8;6:1|5;7:1|5;8:4|5|9;9:5,0@1=2;0@2=1;0@3=1;0@4=1;0@8=1;1@3=1;1@4=3;1@5=2;1@6=1;1@7=1;3@2=1;3@4=1;3@5=1;3@6=1;3@7=1;4@1=1;4@4=2;4@6=1;4@0=1;5@1=1;5@3=1;5@8=1;5@5=1;6@1=1;6@8=1;6@5=1;6@0=1;7@1=1;7@5=1;7@0=1;7@9=1;8@5=1;8@9=1;9@5=1,"1,2,3,4,8,5,6,7,0,9",39,34,34,0,1.0,-0.6484420494059815,0.0,0.051557950594018465,0.0,0.0,0.7,0.0013010501861572266,Feasible
1025,1024,9,3,6,"ADD:1,1;ADD:2,2;ADD:7,4;REMOVE:0,1;REMOVE:4,0;REMOVE:5,8;REMOVE:6,1;REMOVE:8,5;REMOVE:9,5",0:1|2;1:4|5;2:6;3:3|6;4:0|1|4;5:2|8;6:1|5;7:1|5;8:4|5|9;9:5,0:2;1:1|4|5;2:2|6;3:3|6;4:1|4;5:2;6:5;7:1|4|5;8:4|9;9:-,0@3=2;0@4=2;0@5=2;1@3=1;1@0=1;1@1=1;1@2=3;1@7=2;2@2=1;2@9=1;3@3=1;3@4=1;3@1=1;3@2=2;3@9=4;4@4=3;4@1=1;4@2=1;5@4=3;5@5=2;5@0=1;6@2=1;7@4=1;7@2=1;7@9=1;7@6=1;8@3=1;8@4=5;8@1=3;8@2=1;8@6=1;8@8=2,"3,4,5,0,1,2,7,9,6,8",54,32,32,0,1.0,0.025944856883197143,0.3,0.025944856883197184,0.0,0.0,0.30000000000000004,0.007957935333251953,Feasible
1026,1025,8,5,3,"ADD:0,1;ADD:3,0;ADD:5,1;ADD:6,1;ADD:8,5;REMOVE:2,6;REMOVE:7,1;REMOVE:7,5",0:2;1:1|4|5;2:2|6;3:3|6;4:1|4;5:2;6:5;7:1|4|5;8:4|9;9:-,0:1|2;1:1|4|5;2:2;3:0|3|6;4:1|4;5:1|2;6:1|5;7:4;8:4|5|9;9:-,0@0=3;0@1=1;0@2=1;0@4=1;0@5=1;0@6=1;0@9=2;1@0=1;1@1=1;1@2=3;1@4=2;1@3=1;1@8=2;2@0=1;3@0=1;3@1=1;3@2=3;3@5=1;3@6=1;3@9=3;4@1=2;4@2=1;4@4=2;4@3=1;4@8=1;5@1=1;5@4=1;5@9=1;5@8=1;5@7=1;6@1=2;6@3=1;6@7=1;7@2=1;7@4=2;7@8=1;8@1=2;8@2=2;8@5=1;8@6=1;8@9=1;8@3=1,"0,1,2,4,5,6,9,3,8,7",59,42,42,0,1.0,-0.2930163710971883,0.17647058823529413,0.030513040667517557,0.0,0.0,0.5,0.005113124847412109,Feasible
1027,1026,7,4,3,"ADD:6,4;ADD:7,1;ADD:7,5;ADD:9,8;REMOVE:1,1;REMOVE:3,0;REMOVE:8,4",0:1|2;1:1|4|5;2:2;3:0|3|6;4:1|4;5:1|2;6:1|5;7:4;8:4|5|9;9:-,0:1|2;1:4|5;2:2;3:3|6;4:1|4;5:1|2;6:1|4|5;7:1|4|5;8:5|9;9:8,0@1=3;0@4=2;1@4=2;1@2=1;1@3=1;1@5=1;1@8=1;2@2=1;2@3=1;3@4=1;3@2=1;3@3=1;3@7=1;4@1=1;4@4=2;4@7=1;4@9=4;5@1=1;5@4=2;5@3=1;6@1=1;6@4=1;6@2=2;6@8=1;6@7=1;7@1=2;7@2=1;7@3=1;7@5=1;7@9=1;8@1=1;8@2=3;8@3=1;8@5=2;8@8=1;8@6=1;9@4=1,"1,4,2,3,5,8,7,9,6",51,37,37,0,1.0,-0.20451426179634233,0.15789473684210525,0.03759100136155245,0.0,0.0,0.4,0.00494694709777832,Feasible
1028,1027,7,2,5,"ADD:4,0;ADD:8,4;REMOVE:0,1;REMOVE:6,1;REMOVE:6,5;REMOVE:7,5;REMOVE:9,8",0:1|2;1:4|5;2:2;3:3|6;4:1|4;5:1|2;6:1|4|5;7:1|4|5;8:5|9;9:8,0:2;1:4|5;2:2;3:3|6;4:0|1|4;5:1|2;6:4;7:1|4;8:4|5|9;9:-,0@2=5;0@4=2;0@9=1;1@0=1;1@3=1;1@5=1;1@7=1;2@4=1;3@2=1;3@4=1;3@7=1;3@1=2;3@8=1;4@2=3;4@0=1;4@7=1;4@1=1;5@2=1;5@4=4;5@1=2;6@2=2;6@4=1;7@2=1;7@4=1;7@9=1;7@8=1;7@6=1;8@2=1;8@4=2;8@5=2;8@1=1;8@6=1,"2,4,9,0,3,5,7,1,8,6",47,32,32,0,1.0,0.08502477351761939,0.25,0.03502477351761939,0.0,0.0,0.2,0.006935834884643555,Feasible
1029,1028,5,5,0,"ADD:0,6;ADD:1,9;ADD:3,0;ADD:6,3;ADD:7,5",0:2;1:4|5;2:2;3:3|6;4:0|1|4;5:1|2;6:4;7:1|4;8:4|5|9;9:-,0:2|6;1:4|5|9;2:2;3:0|3|6;4:0|1|4;5:1|2;6:3|4;7:1|4|5;8:4|5|9;9:-,0@2=2;0@4=3;0@5=1;0@6=1;1@4=4;1@0=2;1@9=1;3@4=2;3@5=1;3@0=2;3@3=1;4@2=2;4@4=1;4@5=1;4@6=1;4@3=1;4@1=2;5@2=2;6@2=1;6@4=1;6@3=1;7@5=1;7@6=1;7@0=1;7@1=1;8@4=2;8@5=1;8@3=1;8@1=1,"2,4,5,6,0,9,3,1",42,29,29,0,1.0,-0.4416385722065621,0.0,0.0583614277934379,0.0,0.0,0.5,0.0012068748474121094,Feasible
1030,1029,9,0,9,"REMOVE:0,6;REMOVE:2,2;REMOVE:3,0;REMOVE:4,4;REMOVE:5,2;REMOVE:6,4;REMOVE:7,5;REMOVE:8,5;REMOVE:8,9",0:2|6;1:4|5|9;2:2;3:0|3|6;4:0|1|4;5:1|2;6:3|4;7:1|4|5;8:4|5|9;9:-,0:2;1:4|5|9;2:-;3:3|6;4:0|1;5:1;6:3;7:1|4;8:4;9:-,0@2=3;1@2=2;1@1=1;1@4=1;1@5=1;1@7=1;3@5=1;3@6=1;4@2=1;4@1=1;4@0=1;5@1=1;6@5=1;7@1=1;7@4=1;7@7=2;8@2=1;8@4=1;8@7=1;8@6=1;8@8=1,"2,1,4,5,7,6,0,8",25,21,21,0,1.0,0.45876566545883407,0.4090909090909091,0.04967475636792497,0.0,0.0,0.0,0.009911775588989258,Feasible
1031,1030,9,6,3,"ADD:0,1;ADD:2,8;ADD:3,0;ADD:4,4;ADD:5,2;ADD:8,5;REMOVE:1,5;REMOVE:6,3;REMOVE:7,4",0:2;1:4|5|9;2:-;3:3|6;4:0|1;5:1;6:3;7:1|4;8:4;9:-,0:1|2;1:4|9;2:8;3:0|3|6;4:0|1|4;5:1|2;6:-;7:1;8:4|5;9:-,0@1=2;0@2=1;0@4=3;0@6=1;1@1=1;1@2=1;1@4=2;1@8=1;2@8=1;3@0=1;3@3=1;3@7=2;4@1=2;4@4=1;5@1=2;5@2=1;5@6=1;5@9=1;7@9=1;8@2=1;8@4=1;8@3=2;8@5=1,"1,2,4,6,8,0,3,7,9,5",31,23,23,0,1.0,-0.3162390392966483,0.23076923076923078,0.05299172993412091,0.0,0.0,0.6,0.00457000732421875,Feasible
1032,1031,7,7,0,"ADD:1,0;ADD:2,0;ADD:2,3;ADD:6,2;ADD:7,2;ADD:8,1;ADD:9,2",0:1|2;1:4|9;2:8;3:0|3|6;4:0|1|4;5:1|2;6:-;7:1;8:4|5;9:-,0:1|2;1:0|4|9;2:0|3|8;3:0|3|6;4:0|1|4;5:1|2;6:2;7:1|2;8:1|4|5;9:2,0@0=3;0@1=1;0@2=2;0@4=3;0@8=1;0@9=1;1@0=2;1@2=2;1@9=2;1@6=1;2@0=1;2@2=1;2@3=1;3@0=2;3@1=1;3@2=1;3@8=1;3@6=3;3@3=1;3@5=1;4@0=1;4@1=1;4@2=1;4@4=1;4@8=1;4@9=1;4@6=1;4@3=2;4@7=1;5@1=2;5@2=1;5@6=1;5@3=1;5@5=1;6@2=1;6@4=2;6@9=1;6@3=1;6@5=1;6@7=1;7@2=1;7@4=1;7@5=1;8@1=2;8@2=3;8@4=1;8@6=1;8@3=1;8@5=2;9@2=1,"0,1,2,4,8,9,6,3,5,7",68,50,50,0,1.0,-0.6577105385940264,0.0,0.042289461405973554,0.0,0.0,0.7,0.0014519691467285156,Feasible
1033,1032,5,1,4,"ADD:6,1;REMOVE:2,0;REMOVE:2,3;REMOVE:8,4;REMOVE:9,2",0:1|2;1:0|4|9;2:0|3|8;3:0|3|6;4:0|1|4;5:1|2;6:2;7:1|2;8:1|4|5;9:2,0:1|2;1:0|4|9;2:8;3:0|3|6;4:0|1|4;5:1|2;6:1|2;7:1|2;8:1|5;9:-,0@0=2;0@1=1;0@7=1;0@8=1;1@1=3;1@8=1;1@3=1;1@4=2;1@5=2;2@8=1;2@5=1;3@0=1;3@1=2;3@8=1;3@3=1;3@4=2;3@2=2;4@0=1;4@1=1;4@7=1;4@8=1;4@4=2;4@5=1;4@6=1;5@4=1;5@2=1;5@6=2;6@0=1;6@1=1;6@7=1;6@8=1;6@3=1;7@1=1;7@7=1;7@4=2;7@6=1;8@0=2;8@1=2;8@7=1;8@2=2;8@9=1,"0,1,7,8,3,4,5,2,6,9",55,41,41,0,1.0,0.10186171370317637,0.17391304347826086,0.0279486702249155,0.0,0.0,0.1,0.006067991256713867,Feasible
1034,1033,10,3,7,"ADD:8,4;ADD:9,2;ADD:9,6;REMOVE:1,4;REMOVE:1,9;REMOVE:3,3;REMOVE:3,6;REMOVE:4,1;REMOVE:5,2;REMOVE:6,1",0:1|2;1:0|4|9;2:8;3:0|3|6;4:0|1|4;5:1|2;6:1|2;7:1|2;8:1|5;9:-,0:1|2;1:0;2:8;3:0;4:0|4;5:1;6:2;7:1|2;8:1|4|5;9:2|6,0@1=1;0@2=1;0@5=1;0@6=1;0@7=1;1@2=2;1@5=2;1@0=2;2@1=1;3@2=3;3@0=1;4@5=1;4@4=1;5@1=1;6@0=1;6@4=1;7@1=2;7@2=1;7@5=1;7@4=1;7@3=1;7@9=1;8@1=1;8@2=3;8@5=2;8@0=1;8@4=1;8@3=1;9@2=1;9@6=1;9@4=1,"1,2,5,6,7,0,4,3,9",40,31,31,0,1.0,0.08978191954840664,0.35,0.039781919548406715,0.0,0.0,0.30000000000000004,0.008855104446411133,Feasible
1035,1034,8,5,3,"ADD:1,1;ADD:1,4;ADD:3,8;ADD:4,3;ADD:5,2;REMOVE:8,5;REMOVE:9,2;REMOVE:9,6",0:1|2;1:0;2:8;3:0;4:0|4;5:1;6:2;7:1|2;8:1|4|5;9:2|6,0:1|2;1:0|1|4;2:8;3:0|8;4:0|3|4;5:1|2;6:2;7:1|2;8:1|4;9:-,0@1=3;0@2=3;0@4=1;0@5=1;0@7=2;0@9=1;1@1=2;1@4=1;1@7=1;1@9=1;2@7=1;3@2=1;3@8=1;4@8=3;4@3=2;5@2=2;5@4=2;5@3=1;5@6=1;6@2=2;6@4=1;6@7=1;6@3=1;7@4=1;7@5=1;7@9=1;7@8=1;7@6=1;8@1=3;8@2=2;8@4=2;8@9=2;8@8=1;8@6=1,"1,2,4,5,7,9,8,3,6",51,34,34,0,1.0,-0.2749160695612436,0.1875,0.03758393043875641,0.0,0.0,0.5,0.004698753356933594,Feasible
1036,1035,6,3,3,"ADD:2,3;ADD:3,9;ADD:9,5;REMOVE:1,0;REMOVE:4,0;REMOVE:7,1",0:1|2;1:0|1|4;2:8;3:0|8;4:0|3|4;5:1|2;6:2;7:1|2;8:1|4;9:-,0:1|2;1:1|4;2:3|8;3:0|8|9;4:3|4;5:1|2;6:2;7:2;8:1|4;9:5,0@0=1;0@1=1;0@3=1;0@4=1;0@8=2;0@9=1;1@1=2;1@8=2;1@2=2;1@6=2;2@3=1;2@4=1;2@5=1;3@4=1;3@9=1;3@2=1;3@7=2;4@1=2;4@8=1;4@2=1;4@7=1;5@0=3;5@1=1;5@3=1;5@8=1;5@9=1;6@4=3;6@9=1;6@2=1;7@2=1;8@1=2;8@4=1;8@8=1;9@5=1,"0,1,3,4,8,9,2,6,5,7",46,34,34,0,1.0,-0.10620227998153753,0.16666666666666666,0.027131053351795865,0.0,0.0,0.30000000000000004,0.004794120788574219,Feasible
1037,1036,5,4,1,"ADD:2,0;ADD:4,0;ADD:7,1;ADD:9,6;REMOVE:3,0",0:1|2;1:1|4;2:3|8;3:0|8|9;4:3|4;5:1|2;6:2;7:2;8:1|4;9:5,0:1|2;1:1|4;2:0|3|8;3:8|9;4:0|3|4;5:1|2;6:2;7:1|2;8:1|4;9:5|6,0@0=1;0@1=2;0@3=1;0@4=1;0@5=1;0@9=1;1@3=1;1@9=1;1@2=1;1@7=1;2@0=1;2@2=2;3@3=1;3@4=1;3@9=2;3@2=2;3@8=1;4@0=1;4@2=2;5@1=1;5@2=2;6@4=1;7@1=1;7@4=1;7@7=1;8@1=1;8@4=1;8@9=1;9@6=1,"0,1,3,4,5,9,2,7,8,6",35,29,29,0,1.0,-0.3048251817091455,0.05555555555555555,0.03961926273529894,0.0,0.0,0.4,0.0025739669799804688,Feasible
1038,1037,12,3,9,"ADD:1,0;ADD:3,7;ADD:8,0;REMOVE:0,2;REMOVE:2,0;REMOVE:2,8;REMOVE:4,0;REMOVE:4,3;REMOVE:5,1;REMOVE:7,1;REMOVE:9,5;REMOVE:9,6",0:1|2;1:1|4;2:0|3|8;3:8|9;4:0|3|4;5:1|2;6:2;7:1|2;8:1|4;9:5|6,0:1;1:0|1|4;2:3;3:7|8|9;4:4;5:2;6:2;7:2;8:0|1|4;9:-,0@1=2;0@3=1;0@6=2;0@8=1;1@1=1;1@8=1;1@0=2;1@4=3;2@1=1;2@3=1;3@0=1;3@4=1;3@5=1;3@7=1;3@9=1;4@6=1;4@4=1;4@2=1;5@4=1;5@7=1;6@5=1;7@8=1;7@0=1;7@4=1;7@5=1;7@2=1;8@1=1;8@0=1;8@4=4;8@7=1;8@9=1,"1,3,6,8,0,4,5,7,9,2",39,31,31,0,1.0,0.1783931712752782,0.42857142857142855,0.049821742703849724,0.0,0.0,0.30000000000000004,0.01153874397277832,Feasible
1039,1038,11,8,3,"ADD:0,2;ADD:2,6;ADD:4,0;ADD:4,8;ADD:4,9;ADD:5,6;ADD:6,6;ADD:7,6;REMOVE:3,8;REMOVE:3,9;REMOVE:8,4",0:1;1:0|1|4;2:3;3:7|8|9;4:4;5:2;6:2;7:2;8:0|1|4;9:-,0:1|2;1:0|1|4;2:3|6;3:7;4:0|4|8|9;5:2|6;6:2|6;7:2|6;8:0|1;9:-,0@2=4;0@3=1;0@4=7;0@5=1;0@6=1;0@8=1;1@2=2;1@3=1;1@4=2;1@6=1;1@0=1;1@9=1;2@6=1;2@7=1;3@2=2;3@3=2;3@4=1;3@6=1;3@0=1;3@9=1;4@2=2;4@6=1;4@0=1;4@9=1;4@1=1;5@5=1;5@6=1;5@8=1;6@2=1;6@3=1;6@4=3;6@6=1;6@8=2;6@7=1;7@2=4;7@3=1;7@4=2;7@6=1;7@9=1;7@7=1;8@2=3;8@3=3;8@5=1;8@8=1;8@1=3,"2,3,4,5,6,8,0,9,7,1",72,45,45,0,1.0,-0.5727769089865222,0.2,0.02722309101347763,0.0,0.0,0.7999999999999999,0.005267143249511719,Feasible
1040,1039,3,1,2,"ADD:8,4;REMOVE:2,3;REMOVE:4,0",0:1|2;1:0|1|4;2:3|6;3:7;4:0|4|8|9;5:2|6;6:2|6;7:2|6;8:0|1;9:-,0:1|2;1:0|1|4;2:6;3:7;4:4|8|9;5:2|6;6:2|6;7:2|6;8:0|1|4;9:-,0@0=1;0@2=1;0@3=2;0@4=1;0@6=1;0@7=1;1@2=1;1@3=1;1@4=2;1@7=1;1@5=1;2@4=1;3@2=1;3@6=1;3@9=3;4@3=1;4@4=1;4@1=1;4@8=2;5@2=2;5@4=2;5@6=1;5@5=1;6@2=1;6@4=2;6@5=1;7@2=1;7@4=1;7@7=1;8@2=1;8@4=1;8@6=1;8@9=1,"0,2,3,4,6,7,5,9,1,8",41,33,33,0,1.0,0.030314246610511852,0.1,0.030314246610511842,0.0,0.0,0.1,0.003765106201171875,Feasible
1041,1040,8,2,6,"ADD:3,5;ADD:4,0;REMOVE:1,0;REMOVE:1,1;REMOVE:5,6;REMOVE:6,6;REMOVE:7,6;REMOVE:8,1",0:1|2;1:0|1|4;2:6;3:7;4:4|8|9;5:2|6;6:2|6;7:2|6;8:0|1|4;9:-,0:1|2;1:4;2:6;3:5|7;4:0|4|8|9;5:2;6:2;7:2;8:0|4;9:-,0@0=1;0@2=5;0@3=1;0@4=2;0@5=2;0@6=2;0@8=1;1@2=4;1@7=2;2@4=1;3@0=1;3@2=1;3@4=1;3@5=1;3@6=1;3@1=1;4@0=1;4@2=2;4@1=1;5@0=1;5@5=1;5@7=1;6@2=3;6@4=1;6@5=2;7@3=1;7@4=1;7@7=1;8@0=1;8@2=1;8@4=1;8@5=2;8@6=1,"0,2,3,4,5,6,8,7,1",49,33,33,0,1.0,0.14145296660480583,0.3157894736842105,0.025663492920595325,0.0,0.0,0.2,0.008018970489501953,Feasible
1042,1041,9,6,3,"ADD:1,0;ADD:1,1;ADD:5,6;ADD:7,1;ADD:8,1;ADD:9,4;REMOVE:4,0;REMOVE:4,4;REMOVE:4,8",0:1|2;1:4;2:6;3:5|7;4:0|4|8|9;5:2;6:2;7:2;8:0|4;9:-,0:1|2;1:0|1|4;2:6;3:5|7;4:9;5:2|6;6:2;7:1|2;8:0|1|4;9:4,0@0=1;0@1=1;0@2=2;0@3=1;0@4=1;0@5=1;1@0=1;1@1=2;1@2=1;1@3=1;1@4=2;1@6=1;1@7=1;1@9=1;2@4=1;3@2=2;3@4=1;3@9=1;4@2=2;4@6=1;4@9=1;5@0=1;5@2=1;5@4=1;5@6=1;5@9=1;5@8=1;6@0=1;6@2=1;6@4=1;6@8=1;7@1=1;7@2=2;7@8=1;8@1=2;8@2=1;8@7=2;8@9=1;9@4=1,"0,1,2,3,4,5,6,7,9,8",47,39,39,0,1.0,-0.36352574767093204,0.2,0.03647425232906793,0.0,0.0,0.6,0.004966020584106445,Feasible
1043,1042,8,3,5,"ADD:2,2;ADD:4,5;ADD:6,6;REMOVE:0,1;REMOVE:1,0;REMOVE:5,6;REMOVE:7,2;REMOVE:9,4",0:1|2;1:0|1|4;2:6;3:5|7;4:9;5:2|6;6:2;7:1|2;8:0|1|4;9:4,0:2;1:1|4;2:2|6;3:5|7;4:5|9;5:2;6:2|6;7:1;8:0|1|4;9:-,0@3=2;0@4=3;0@5=3;0@7=3;0@8=1;0@9=1;1@3=1;1@4=3;1@1=1;1@2=3;2@2=1;2@6=1;3@3=1;3@4=2;3@5=1;3@7=1;3@9=1;3@1=1;3@2=2;3@6=2;4@3=1;4@5=1;4@0=1;5@2=4;6@3=2;6@2=1;6@6=2;7@1=2;8@4=2;8@7=1;8@9=1;8@1=1;8@2=1;8@6=1;8@0=1,"3,4,5,7,8,9,1,2,6,0",56,35,35,0,1.0,0.016398484848115513,0.2777777777777778,0.03862070707033778,0.0,0.0,0.30000000000000004,0.007209062576293945,Feasible
1044,1043,8,3,5,"ADD:1,5;ADD:4,4;ADD:7,2;REMOVE:2,2;REMOVE:2,6;REMOVE:6,2;REMOVE:8,1;REMOVE:8,4",0:2;1:1|4;2:2|6;3:5|7;4:5|9;5:2;6:2|6;7:1;8:0|1|4;9:-,0:2;1:1|4|5;2:-;3:5|7;4:4|5|9;5:2;6:6;7:1|2;8:0;9:-,0@0=1;0@2=1;1@2=2;1@4=1;1@5=1;1@8=1;3@4=1;3@5=1;3@8=1;3@1=1;4@4=1;4@3=1;4@6=1;5@2=2;5@4=1;5@5=1;5@8=1;5@3=1;6@4=1;6@6=1;7@2=3;8@7=1,"0,2,4,5,8,1,3,6,7",26,22,22,0,1.0,0.055368263982621735,0.3125,0.0428682639826218,0.0,0.0,0.30000000000000004,0.006408214569091797,Feasible
1045,1044,8,5,3,"ADD:0,6;ADD:2,1;ADD:2,2;ADD:8,1;ADD:8,4;REMOVE:3,5;REMOVE:4,5;REMOVE:4,9",0:2;1:1|4|5;2:-;3:5|7;4:4|5|9;5:2;6:6;7:1|2;8:0;9:-,0:2|6;1:1|4|5;2:1|2;3:7;4:4;5:2;6:6;7:1|2;8:0|1|4;9:-,0@1=1;0@2=1;0@4=1;0@7=1;1@1=1;1@4=1;1@0=1;1@3=1;1@5=1;2@1=1;2@2=1;3@1=1;3@0=1;4@2=1;4@4=1;5@2=1;5@4=2;5@0=1;5@3=2;5@5=1;6@1=1;7@1=1;7@2=1;7@7=1;7@8=1;8@1=1;8@2=2;8@4=1;8@7=1;8@3=2;8@8=1;8@6=4,"1,2,4,7,0,3,5,8,6",39,32,32,0,1.0,-0.25381337983866004,0.21428571428571427,0.03190090587562572,0.0,0.0,0.5,0.004717111587524414,Feasible
1046,1045,7,6,1,"ADD:0,7;ADD:3,5;ADD:4,0;ADD:4,9;ADD:5,1;ADD:6,2;REMOVE:2,1",0:2|6;1:1|4|5;2:1|2;3:7;4:4;5:2;6:6;7:1|2;8:0|1|4;9:-,0:2|6|7;1:1|4|5;2:2;3:5|7;4:0|4|9;5:1|2;6:2|6;7:1|2;8:0|1|4;9:-,0@0=2;0@2=1;0@4=3;0@5=3;0@6=1;0@8=1;0@9=1;1@0=1;1@2=2;1@4=2;1@5=1;1@1=1;1@3=2;2@0=1;3@0=1;3@2=1;3@4=1;3@5=2;3@8=1;3@1=5;3@3=1;4@0=2;4@2=2;4@4=3;4@5=1;4@6=3;4@9=2;4@1=3;5@4=3;5@1=2;6@2=3;6@1=1;6@3=1;6@7=1;7@2=1;7@1=1;7@3=2;8@2=1;8@4=4;8@5=1;8@6=1;8@8=1;8@1=1,"0,2,4,5,6,8,9,1,3,7",74,43,43,0,1.0,-0.5014528679090606,0.0625,0.03604713209093933,0.0,0.0,0.6,0.002931833267211914,Feasible
1047,1046,0,0,0,-,0:2|6|7;1:1|4|5;2:2;3:5|7;4:0|4|9;5:1|2;6:2|6;7:1|2;8:0|1|4;9:-,0:2|6|7;1:1|4|5;2:2;3:5|7;4:0|4|9;5:1|2;6:2|6;7:1|2;8:0|1|4;9:-,0@1=4;0@2=2;0@3=2;0@4=2;0@5=1;0@9=2;1@1=3;1@2=2;1@3=1;1@5=1;1@9=1;1@0=1;1@8=2;2@2=1;2@3=1;2@9=1;3@1=3;3@2=1;3@3=1;3@4=2;3@9=2;3@0=1;3@6=1;4@2=3;4@8=1;4@6=1;4@7=1;5@1=2;5@2=1;5@4=1;5@7=1;6@3=1;6@5=1;6@8=2;6@6=1;7@1=3;7@2=2;7@4=2;7@9=1;8@1=2;8@3=1;8@4=2;8@5=1;8@8=1;8@7=1,"1,2,3,4,5,9,0,8,6,7",70,45,45,0,1.0,0.028375679810818098,0.0,0.028375679810818098,0.0,0.0,0.0,0.0014050006866455078,Feasible
1048,1047,5,1,4,"ADD:2,6;REMOVE:0,6;REMOVE:4,0;REMOVE:6,2;REMOVE:8,0",0:2|6|7;1:1|4|5;2:2;3:5|7;4:0|4|9;5:1|2;6:2|6;7:1|2;8:0|1|4;9:-,0:2|7;1:1|4|5;2:2|6;3:5|7;4:4|9;5:1|2;6:6;7:1|2;8:1|4;9:-,0@2=1;0@5=1;0@6=1;0@7=1;0@9=1;1@7=4;1@9=1;1@0=2;1@1=3;1@4=1;1@8=1;2@2=2;2@5=2;2@6=1;2@7=2;2@0=1;2@4=1;2@8=1;2@3=1;3@2=1;3@5=1;3@7=1;3@0=2;3@1=2;3@4=2;3@3=2;4@7=2;4@9=1;4@1=1;4@4=1;4@8=2;4@3=3;5@5=1;5@1=2;5@4=3;6@9=1;6@1=2;6@4=1;7@2=1;7@5=2;7@6=1;7@0=1;7@1=1;7@4=2;7@3=1;8@2=2;8@7=1;8@9=2;8@4=3;8@3=1,"2,5,6,7,9,0,1,4,8,3",77,50,50,0,1.0,0.11679948069120324,0.19047619047619047,0.026323290215012774,0.0,0.0,0.1,0.006654024124145508,Feasible
1049,1048,6,2,4,"ADD:4,5;ADD:6,2;REMOVE:0,2;REMOVE:3,5;REMOVE:5,1;REMOVE:7,1",0:2|7;1:1|4|5;2:2|6;3:5|7;4:4|9;5:1|2;6:6;7:1|2;8:1|4;9:-,0:7;1:1|4|5;2:2|6;3:7;4:4|5|9;5:2;6:2|6;7:2;8:1|4;9:-,0@0=1;0@1=1;0@3=1;0@4=1;0@7=3;0@8=1;1@1=1;1@4=1;1@2=1;1@5=1;2@7=2;2@5=1;2@6=1;2@9=1;3@3=1;3@4=1;3@7=1;3@8=2;3@2=1;4@3=2;4@4=2;4@7=1;4@2=3;4@5=1;4@9=3;5@8=1;5@2=1;6@1=2;6@4=1;6@8=1;6@2=1;7@8=1;7@2=1;7@5=2;7@9=1;8@1=3;8@4=3;8@7=1;8@6=1,"0,1,3,4,7,8,2,5,6,9",55,39,39,0,1.0,0.0629809712498608,0.2222222222222222,0.040758749027638576,0.0,0.0,0.2,0.006043195724487305,Feasible
1050,1049,5,3,2,"ADD:3,5;ADD:5,1;ADD:8,5;REMOVE:1,4;REMOVE:6,6",0:7;1:1|4|5;2:2|6;3:7;4:4|5|9;5:2;6:2|6;7:2;8:1|4;9:-,0:7;1:1|5;2:2|6;3:5|7;4:4|5|9;5:1|2;6:2;7:2;8:1|4|5;9:-,0@0=2;0@3=1;0@4=1;1@1=2;1@5=2;1@6=1;2@4=1;2@1=1;2@2=1;3@4=1;3@5=1;3@2=1;4@0=1;4@4=1;4@1=2;4@5=1;4@6=1;4@2=1;4@8=2;5@0=1;5@4=1;5@1=2;6@4=2;6@2=1;6@7=1;7@0=1;7@4=1;7@2=1;7@9=1;8@3=1;8@4=1;8@1=1;8@5=1;8@9=1,"0,3,4,1,5,6,2,8,7,9",41,34,34,0,1.0,-0.13808209203081992,0.125,0.03691790796918013,0.0,0.0,0.30000000000000004,0.003709077835083008,Feasible
1051,1050,6,2,4,"ADD:0,5;ADD:9,7;REMOVE:3,5;REMOVE:4,5;REMOVE:4,9;REMOVE:5,1",0:7;1:1|5;2:2|6;3:5|7;4:4|5|9;5:1|2;6:2;7:2;8:1|4|5;9:-,0:5|7;1:1|5;2:2|6;3:7;4:4;5:2;6:2;7:2;8:1|4|5;9:7,0@0=1;0@2=1;0@4=1;0@5=1;0@6=2;0@7=1;0@9=1;1@2=2;1@9=2;2@2=1;2@1=1;2@8=1;3@2=1;3@4=1;3@7=2;3@9=1;4@2=2;4@6=2;5@0=1;5@2=1;5@8=1;5@3=1;6@2=2;7@2=2;7@4=1;8@0=1;8@2=1;8@4=2;8@5=2;8@9=1;8@3=1;9@7=1,"0,2,4,5,6,7,9,1,8,3",42,32,32,0,1.0,0.07241346159671397,0.23529411764705882,0.03711934394965513,0.0,0.0,0.2,0.005815029144287109,Feasible
1052,1051,7,4,3,"ADD:1,4;ADD:4,0;ADD:4,1;ADD:7,1;REMOVE:0,7;REMOVE:8,1;REMOVE:9,7",0:5|7;1:1|5;2:2|6;3:7;4:4;5:2;6:2;7:2;8:1|4|5;9:7,0:5;1:1|4|5;2:2|6;3:7;4:0|1|4;5:2;6:2;7:1|2;8:4|5;9:-,0@3=1;0@5=1;1@5=1;1@2=2;1@4=1;1@8=2;1@9=1;2@5=1;2@2=1;2@4=1;2@1=1;3@2=1;4@2=1;4@4=1;4@1=2;4@0=1;5@4=2;5@8=3;6@2=1;6@4=1;6@8=1;7@2=1;7@4=1;7@8=1;7@1=1;7@6=1;8@3=1;8@4=2;8@0=1;8@6=1,"3,5,2,4,8,9,1,0,6",37,30,30,0,1.0,-0.16450394940206453,0.2,0.03549605059793548,0.0,0.0,0.4,0.0045511722564697266,Feasible
1053,1052,4,4,0,"ADD:0,4;ADD:3,5;ADD:5,1;ADD:8,1",0:5;1:1|4|5;2:2|6;3:7;4:0|1|4;5:2;6:2;7:1|2;8:4|5;9:-,0:4|5;1:1|4|5;2:2|6;3:5|7;4:0|1|4;5:1|2;6:2;7:1|2;8:1|4|5;9:-,0@2=1;0@3=1;0@4=1;0@8=1;1@2=2;1@4=2;1@8=1;1@1=2;1@5=1;2@2=1;2@3=1;2@4=1;2@1=1;2@0=1;2@7=1;2@9=1;3@4=1;3@8=1;3@1=1;3@5=1;3@0=1;3@7=1;4@2=2;4@3=1;4@4=4;4@1=2;4@5=1;4@7=1;5@2=2;5@4=1;5@8=1;5@1=1;5@5=1;5@0=2;5@9=2;5@6=1;6@3=1;6@4=1;6@7=3;7@4=2;7@1=1;7@5=1;7@0=2;7@7=1;7@9=1;7@6=1;8@3=1;8@4=2;8@8=2;8@1=1;8@5=2;8@7=1;8@9=2;8@6=3,"2,3,4,8,1,5,0,7,9,6",75,54,54,0,1.0,-0.36746844402822,0.0,0.032531555971780035,0.0,0.0,0.4,0.0014231204986572266,Feasible
1054,1053,4,0,4,"REMOVE:1,4;REMOVE:3,7;REMOVE:5,1;REMOVE:8,1",0:4|5;1:1|4|5;2:2|6;3:5|7;4:0|1|4;5:1|2;6:2;7:1|2;8:1|4|5;9:-,0:4|5;1:1|5;2:2|6;3:5;4:0|1|4;5:2;6:2;7:1|2;8:4|5;9:-,0@3=1;0@4=2;0@7=1;0@8=1;1@3=1;1@7=1;1@1=1;1@5=2;1@9=1;2@3=1;2@4=1;2@8=1;2@5=1;2@9=1;2@0=2;2@2=3;2@6=1;3@2=2;4@3=1;4@4=2;4@7=2;4@1=3;4@0=1;4@6=1;5@4=4;5@0=1;5@2=1;6@4=1;6@8=1;6@5=1;6@2=2;7@1=1;7@2=2;7@6=1;8@4=3;8@5=1;8@0=1;8@2=1,"3,4,7,8,1,5,9,0,2,6",55,38,38,0,1.0,0.24750620366527223,0.2,0.04750620366527222,0.0,0.0,0.0,0.0060882568359375,Feasible
1055,1054,6,5,1,"ADD:0,1;ADD:1,4;ADD:3,7;ADD:5,6;ADD:8,1;REMOVE:4,4",0:4|5;1:1|5;2:2|6;3:5;4:0|1|4;5:2;6:2;7:1|2;8:4|5;9:-,0:1|4|5;1:1|4|5;2:2|6;3:5|7;4:0|1;5:2|6;6:2;7:1|2;8:1|4|5;9:-,0@1=1;0@2=3;0@4=1;0@6=1;0@7=1;0@8=2;1@2=2;1@4=1;1@6=1;1@7=1;1@0=1;2@1=2;2@4=1;2@6=1;2@3=2;3@2=1;3@7=1;3@5=2;4@1=1;4@2=1;4@5=1;4@9=1;5@1=1;5@5=1;5@9=1;6@8=1;6@3=1;7@8=1;7@0=2;7@5=2;8@1=1;8@8=2;8@3=1,"1,2,4,6,7,8,0,3,5,9",43,33,33,0,1.0,-0.4160901934997685,0.0625,0.021409806500231478,0.0,0.0,0.5,0.00273895263671875,Feasible
1056,1055,11,1,10,"ADD:4,4;REMOVE:0,1;REMOVE:1,1;REMOVE:1,5;REMOVE:2,2;REMOVE:3,5;REMOVE:3,7;REMOVE:5,2;REMOVE:7,1;REMOVE:8,4;REMOVE:8,5",0:1|4|5;1:1|4|5;2:2|6;3:5|7;4:0|1;5:2|6;6:2;7:1|2;8:1|4|5;9:-,0:4|5;1:4;2:6;3:-;4:0|1|4;5:6;6:2;7:2;8:1;9:-,0@2=1;0@3=1;0@7=1;1@4=1;1@6=1;2@7=1;2@1=1;2@8=1;2@9=1;4@4=1;4@1=1;4@9=1;5@9=1;6@0=2;7@2=1;8@1=1,"2,3,7,4,6,1,8,9,0",17,16,16,0,1.0,0.4303804589837309,0.5,0.03038045898373083,0.0,0.0,0.1,0.011045694351196289,Feasible
1057,1056,8,7,1,"ADD:1,0;ADD:1,9;ADD:2,2;ADD:5,2;ADD:6,6;ADD:7,1;ADD:8,2;REMOVE:4,4",0:4|5;1:4;2:6;3:-;4:0|1|4;5:6;6:2;7:2;8:1;9:-,0:4|5;1:0|4|9;2:2|6;3:-;4:0|1;5:2|6;6:2|6;7:1|2;8:1|2;9:-,0@2=2;0@3=1;0@7=1;1@0=1;1@4=1;1@6=1;1@9=1;2@2=2;2@7=1;2@4=1;2@1=2;2@5=1;4@0=1;4@6=1;4@1=2;4@5=1;5@2=1;5@5=1;6@4=1;6@6=1;6@1=1;6@5=1;7@0=2;7@9=1;7@1=1;7@5=1;8@2=1;8@4=1;8@6=1;8@1=1;8@5=1;8@8=1,"2,3,7,0,4,6,9,1,5,8",37,32,32,0,1.0,-0.5753948870281266,0.09090909090909091,0.033696022062782466,0.0,0.0,0.7,0.0025925636291503906,Feasible
1058,1057,4,2,2,"ADD:4,4;ADD:9,1;REMOVE:0,4;REMOVE:2,6",0:4|5;1:0|4|9;2:2|6;3:-;4:0|1;5:2|6;6:2|6;7:1|2;8:1|2;9:-,0:5;1:0|4|9;2:2;3:-;4:0|1|4;5:2|6;6:2|6;7:1|2;8:1|2;9:1,0@2=1;1@2=1;1@1=1;1@4=1;1@5=1;1@6=1;2@2=1;4@1=1;4@4=2;4@7=1;4@8=2;4@9=1;5@2=1;5@1=1;5@6=1;6@2=2;6@4=1;6@5=1;6@6=1;6@8=1;7@2=1;7@1=1;7@0=1;8@2=3;8@1=2;8@0=2;8@3=1;9@1=1,"2,1,4,5,6,7,8,9,0,3",35,28,28,0,1.0,-0.029715808167623314,0.11764705882352941,0.05263713300884729,0.0,0.0,0.2,0.0035648345947265625,Feasible
1059,1058,7,3,4,"ADD:0,4;ADD:2,1;ADD:9,4;REMOVE:1,0;REMOVE:1,4;REMOVE:5,6;REMOVE:8,1",0:5;1:0|4|9;2:2;3:-;4:0|1|4;5:2|6;6:2|6;7:1|2;8:1|2;9:1,0:4|5;1:9;2:1|2;3:-;4:0|1|4;5:2;6:2|6;7:1|2;8:2;9:1|4,0@4=1;1@1=2;1@2=1;1@6=1;2@4=1;2@1=2;2@2=1;2@3=1;2@5=1;4@4=1;4@1=2;4@2=2;4@3=1;4@0=2;4@7=1;5@4=1;5@5=2;5@7=1;6@1=1;6@2=2;6@7=1;6@8=1;7@4=1;7@1=1;7@0=2;7@8=2;8@4=2;8@2=2;8@0=1;9@4=1;9@2=1,"4,1,2,6,3,5,0,7,8",42,31,31,0,1.0,-0.0288841517393435,0.23529411764705882,0.03582173061359771,0.0,0.0,0.30000000000000004,0.0056400299072265625,Feasible
1060,1059,12,4,8,"ADD:1,8;ADD:3,3;ADD:5,1;ADD:8,1;REMOVE:0,4;REMOVE:0,5;REMOVE:2,1;REMOVE:4,0;REMOVE:6,6;REMOVE:7,1;REMOVE:9,1;REMOVE:9,4",0:4|5;1:9;2:1|2;3:-;4:0|1|4;5:2;6:2|6;7:1|2;8:2;9:1|4,0:-;1:8|9;2:2;3:3;4:1|4;5:1|2;6:2;7:2;8:1|2;9:-,1@3=1;1@8=1;1@9=1;2@9=1;2@2=1;3@3=1;3@9=1;3@2=2;4@8=4;4@2=2;4@1=2;4@4=3;4@7=1;5@9=1;5@2=1;5@1=5;5@4=2;5@0=1;5@5=2;5@6=2;6@3=1;6@8=1;6@4=3;7@3=1;7@8=2;7@2=3;7@4=2;7@5=1;8@9=2;8@2=2;8@1=2;8@4=5;8@0=1;8@5=2;8@6=1,"3,8,9,2,1,4,7,0,5,6",64,35,35,0,1.0,0.13525975659777345,0.5,0.03525975659777346,0.0,0.0,0.4,0.010235309600830078,Feasible
1061,1060,7,6,1,"ADD:1,0;ADD:2,1;ADD:3,8;ADD:4,0;ADD:6,1;ADD:7,1;REMOVE:5,1",0:-;1:8|9;2:2;3:3;4:1|4;5:1|2;6:2;7:2;8:1|2;9:-,0:-;1:0|8|9;2:1|2;3:3|8;4:0|1|4;5:2;6:1|2;7:1|2;8:1|2;9:-,1@0=1;1@2=1;1@3=1;1@4=1;2@0=1;2@2=2;2@4=2;2@1=4;2@6=2;2@7=1;2@9=1;3@8=1;4@0=2;4@2=2;4@4=1;4@6=1;4@9=3;4@8=1;4@5=1;5@2=1;5@3=1;5@4=1;5@7=1;5@9=1;6@2=1;6@3=1;6@1=1;6@6=1;6@5=1;7@4=1;7@1=1;7@6=1;7@7=3;7@8=1;7@5=2;8@0=1;8@2=1;8@3=1;8@1=2;8@6=2;8@7=1;8@9=1;8@8=3;8@5=1,"0,2,3,4,1,6,7,9,8,5",61,44,44,0,1.0,-0.4865077427924794,0.08333333333333333,0.03015892387418725,0.0,0.0,0.6,0.0028657913208007812,Feasible
1062,1061,6,2,4,"ADD:5,1;ADD:6,9;REMOVE:1,0;REMOVE:3,3;REMOVE:3,8;REMOVE:4,4",0:-;1:0|8|9;2:1|2;3:3|8;4:0|1|4;5:2;6:1|2;7:1|2;8:1|2;9:-,0:-;1:8|9;2:1|2;3:-;4:0|1;5:1|2;6:1|2|9;7:1|2;8:1|2;9:-,1@2=1;1@3=1;1@4=3;1@5=1;1@6=1;1@8=1;1@9=2;2@2=2;2@3=1;2@5=1;2@6=1;2@8=2;2@1=1;2@7=1;4@2=1;4@5=1;4@6=1;4@8=1;4@1=3;4@0=2;5@2=1;5@5=2;5@8=1;5@1=1;6@2=1;6@4=6;6@5=1;6@1=2;6@7=1;7@2=1;7@4=1;7@6=1;7@9=2;7@0=1;8@2=1;8@3=1;8@6=1;8@1=1;8@0=1,"2,3,4,5,6,8,9,1,7,0",55,39,39,0,1.0,0.0705153426096794,0.23529411764705882,0.0352212249626206,0.0,0.0,0.2,0.006175994873046875,Feasible
1063,1062,3,2,1,"ADD:0,2;ADD:4,4;REMOVE:6,9",0:-;1:8|9;2:1|2;3:-;4:0|1;5:1|2;6:1|2|9;7:1|2;8:1|2;9:-,0:2;1:8|9;2:1|2;3:-;4:0|1|4;5:1|2;6:1|2;7:1|2;8:1|2;9:-,0@2=1;1@2=3;1@1=2;1@3=1;1@4=1;1@5=1;1@9=1;2@2=2;2@1=1;2@4=2;2@5=1;2@9=2;4@2=1;4@1=1;4@4=4;4@5=2;5@2=1;5@1=1;5@5=1;5@0=1;6@1=1;6@4=1;6@5=2;6@7=1;7@1=1;7@3=1;7@4=1;7@5=1;7@0=1;7@7=1;8@2=1;8@1=2;8@4=2;8@0=1;8@8=1,"2,1,3,4,5,9,0,7,8",48,35,35,0,1.0,-0.09723873063633554,0.06666666666666667,0.0360946026969978,0.0,0.0,0.2,0.002557992935180664,Feasible
1064,1063,1,1,0,"ADD:9,7",0:2;1:8|9;2:1|2;3:-;4:0|1|4;5:1|2;6:1|2;7:1|2;8:1|2;9:-,0:2;1:8|9;2:1|2;3:-;4:0|1|4;5:1|2;6:1|2;7:1|2;8:1|2;9:7,1@2=2;1@4=1;1@5=1;1@6=1;2@4=1;2@0=1;2@8=1;4@2=3;4@4=2;4@1=1;5@4=1;5@3=1;6@2=2;6@4=1;6@1=1;6@3=1;6@7=1;6@9=1;7@2=2;7@0=1;8@2=1;8@5=1;8@1=1;8@3=1;9@7=1,"2,4,5,6,0,8,1,3,7,9",31,25,25,0,1.0,-0.0648062771838506,0.0,0.0351937228161494,0.0,0.0,0.1,0.0011932849884033203,Feasible
1065,1064,5,0,5,"REMOVE:0,2;REMOVE:1,9;REMOVE:4,0;REMOVE:8,1;REMOVE:9,7",0:2;1:8|9;2:1|2;3:-;4:0|1|4;5:1|2;6:1|2;7:1|2;8:1|2;9:7,0:-;1:8;2:1|2;3:-;4:1|4;5:1|2;6:1|2;7:1|2;8:2;9:-,1@1=1;1@4=1;2@4=1;2@3=1;2@6=1;2@8=1;4@4=2;4@2=1;4@7=2;4@9=1;5@1=1;5@4=2;5@6=2;5@2=2;6@4=1;6@6=1;7@1=1;7@6=1;7@2=1;7@7=1;8@3=1;8@8=1;8@7=1;8@5=1,"1,4,3,6,8,2,7,9,5",29,24,24,0,1.0,0.31938921130197834,0.29411764705882354,0.025271564243154777,0.0,0.0,0.0,0.006422996520996094,Feasible
1066,1065,8,3,5,"ADD:0,2;ADD:1,3;ADD:8,1;REMOVE:2,1;REMOVE:2,2;REMOVE:4,1;REMOVE:6,2;REMOVE:7,1",0:-;1:8;2:1|2;3:-;4:1|4;5:1|2;6:1|2;7:1|2;8:2;9:-,0:2;1:3|8;2:-;3:-;4:4;5:1|2;6:1;7:2;8:1|2;9:-,0@2=1;1@2=2;1@1=1;1@3=1;1@4=1;1@9=1;4@2=4;4@4=2;4@6=1;4@8=1;5@2=3;5@1=1;5@3=1;5@4=2;5@5=1;6@1=1;7@4=1;7@8=1;7@5=2;7@0=1;7@7=1;8@2=4;8@1=1;8@3=1;8@4=1;8@6=1;8@0=1;8@7=2,"2,1,3,4,9,6,8,5,0,7",41,28,28,0,1.0,0.1507852480239209,0.4166666666666667,0.034118581357254235,0.0,0.0,0.30000000000000004,0.0065500736236572266,Feasible
1067,1066,8,6,2,"ADD:2,2;ADD:3,2;ADD:4,1;ADD:4,5;ADD:6,2;ADD:7,1;REMOVE:0,2;REMOVE:1,3",0:2;1:3|8;2:-;3:-;4:4;5:1|2;6:1;7:2;8:1|2;9:-,0:-;1:8;2:2;3:2;4:1|4|5;5:1|2;6:1|2;7:1|2;8:1|2;9:-,1@1=1;1@2=1;1@4=2;1@5=1;1@6=1;1@7=2;2@2=1;2@5=1;2@7=1;3@2=1;3@4=2;3@7=1;3@9=1;4@2=2;4@4=4;4@5=1;4@7=1;4@9=1;4@0=2;5@1=2;5@2=2;5@4=3;5@5=1;6@1=1;6@2=2;6@4=1;6@7=1;6@9=1;7@1=2;7@2=1;7@4=1;7@0=4;7@8=1;8@4=1;8@5=2;8@6=1;8@7=1;8@9=1;8@8=1;8@3=1,"1,2,4,5,6,7,9,0,8,3",58,40,40,0,1.0,-0.3703774235033343,0.2,0.02962257649666565,0.0,0.0,0.6,0.0048906803131103516,Feasible
1068,1067,4,2,2,"ADD:1,9;ADD:3,1;REMOVE:4,4;REMOVE:8,1",0:-;1:8;2:2;3:2;4:1|4|5;5:1|2;6:1|2;7:1|2;8:1|2;9:-,0:-;1:8|9;2:2;3:1|2;4:1|5;5:1|2;6:1|2;7:1|2;8:2;9:-,1@1=2;1@5=2;1@7=1;1@8=1;1@9=1;2@5=1;2@7=1;2@9=1;2@0=1;2@2=2;3@1=4;3@5=1;3@2=2;4@1=3;4@7=1;4@0=2;4@2=1;4@3=1;4@6=1;5@1=2;5@5=1;5@9=2;5@0=1;5@2=1;5@3=3;5@6=1;6@1=1;6@5=1;6@8=1;6@0=2;6@2=1;7@1=1;7@5=1;7@7=1;7@9=1;7@2=1;7@6=1;8@9=1;8@0=1;8@2=2;8@4=2,"1,5,7,8,9,0,2,3,6,4",58,41,41,0,1.0,-0.018397268845764037,0.14285714285714285,0.038745588297093125,0.0,0.0,0.2,0.003759145736694336,Feasible
1069,1068,4,3,1,"ADD:0,9;ADD:1,0;ADD:2,6;REMOVE:3,1",0:-;1:8|9;2:2;3:1|2;4:1|5;5:1|2;6:1|2;7:1|2;8:2;9:-,0:9;1:0|8|9;2:2|6;3:2;4:1|5;5:1|2;6:1|2;7:1|2;8:2;9:-,0@9=1;1@9=2;1@0=1;1@2=2;1@4=1;1@6=1;1@8=1;2@0=2;2@2=5;2@4=3;2@6=1;2@7=1;3@9=2;3@0=2;3@2=1;3@4=2;3@5=2;4@9=1;4@8=2;4@5=1;4@1=1;4@3=1;5@9=3;5@2=1;5@6=1;5@8=2;5@7=1;6@2=1;6@4=1;6@8=1;6@1=1;6@3=1;7@0=2;7@2=3;7@4=2;7@8=1;7@5=2;7@1=1;8@0=1;8@2=1;8@4=3,"9,0,2,4,6,8,7,5,1,3",65,41,41,0,1.0,-0.1952146792092287,0.07142857142857142,0.03335674936219992,0.0,0.0,0.30000000000000004,0.002713918685913086,Feasible
1070,1069,7,2,5,"ADD:4,4;ADD:8,1;REMOVE:1,0;REMOVE:1,9;REMOVE:2,6;REMOVE:5,1;REMOVE:6,1",0:9;1:0|8|9;2:2|6;3:2;4:1|5;5:1|2;6:1|2;7:1|2;8:2;9:-,0:9;1:8;2:2;3:2;4:1|4|5;5:2;6:2;7:1|2;8:1|2;9:-,0@7=1;1@2=1;1@4=1;2@7=1;2@4=1;2@5=2;2@8=1;3@7=1;3@2=2;3@4=4;3@3=2;3@9=1;4@4=3;4@5=1;4@0=1;4@6=1;5@3=1;5@9=1;5@0=1;6@4=1;7@2=1;7@8=1;7@3=1;7@6=1;7@1=2;8@7=4;8@2=1;8@4=3;8@1=2,"7,2,4,5,8,3,9,0,6,1",44,29,29,0,1.0,0.13862054728023065,0.3125,0.02612054728023064,0.0,0.0,0.2,0.006642818450927734,Feasible
1071,1070,7,6,1,"ADD:1,0;ADD:2,1;ADD:3,1;ADD:5,0;ADD:6,1;ADD:9,1;REMOVE:4,4",0:9;1:8;2:2;3:2;4:1|4|5;5:2;6:2;7:1|2;8:1|2;9:-,0:9;1:0|8;2:1|2;3:1|2;4:1|5;5:0|2;6:1|2;7:1|2;8:1|2;9:1,0@3=1;1@0=1;1@2=2;2@3=1;2@0=1;2@2=1;2@1=1;2@6=1;2@8=1;3@2=1;3@1=3;3@6=2;3@8=1;3@4=1;4@0=2;4@1=1;4@7=1;5@3=1;5@4=2;6@0=1;6@1=1;6@6=1;6@4=4;7@3=1;7@1=2;7@4=1;7@9=1;8@0=2;8@2=1;8@1=3;8@6=1;8@8=1;8@5=1;9@1=1,"3,0,2,1,6,8,4,7,9,5",47,34,34,0,1.0,-0.4911076690237095,0.07692307692307693,0.03196925405321351,0.0,0.0,0.6,0.002713918685913086,Feasible
1072,1071,9,1,8,"ADD:4,4;REMOVE:2,1;REMOVE:2,2;REMOVE:3,1;REMOVE:5,0;REMOVE:6,1;REMOVE:7,1;REMOVE:8,1;REMOVE:9,1",0:9;1:0|8;2:1|2;3:1|2;4:1|5;5:0|2;6:1|2;7:1|2;8:1|2;9:1,0:9;1:0|8;2:-;3:2;4:1|4|5;5:2;6:2;7:2;8:2;9:-,0@2=1;1@0=1;1@4=2;1@6=1;3@2=1;3@4=1;3@3=1;4@2=1;4@0=1;4@4=2;4@3=1;4@1=1;4@8=1;5@4=2;5@3=1;5@8=1;6@2=1;6@7=2;6@9=1;7@2=1;8@2=1;8@0=1;8@4=2;8@3=1;8@9=1;8@5=1,"2,0,4,6,3,1,8,7,9,5",31,26,26,0,1.0,0.36933296710913366,0.4444444444444444,0.02488852266468928,0.0,0.0,0.1,0.009668827056884766,Feasible
1073,1072,6,4,2,"ADD:1,3;ADD:7,1;ADD:8,6;ADD:9,8;REMOVE:0,9;REMOVE:4,1",0:9;1:0|8;2:-;3:2;4:1|4|5;5:2;6:2;7:2;8:2;9:-,0:-;1:0|3|8;2:-;3:2;4:4|5;5:2;6:2;7:1|2;8:2|6;9:8,1@3=1;1@4=2;3@8=1;4@4=1;4@8=1;4@0=1;4@2=1;4@5=1;4@6=1;5@3=1;5@0=2;5@2=2;6@4=1;6@8=1;6@0=1;7@1=1;7@7=1;8@5=1;8@6=1;9@8=1,"3,4,8,0,2,5,6,1,7",23,20,20,0,1.0,-0.18347095402192592,0.18181818181818182,0.03471086415989226,0.0,0.0,0.4,0.0032477378845214844,Feasible
1074,1073,6,4,2,"ADD:2,5;ADD:4,9;ADD:5,1;ADD:6,1;REMOVE:3,2;REMOVE:9,8",0:-;1:0|3|8;2:-;3:2;4:4|5;5:2;6:2;7:1|2;8:2|6;9:8,0:-;1:0|3|8;2:5;3:-;4:4|5|9;5:1|2;6:1|2;7:1|2;8:2|6;9:-,1@0=2;1@1=2;1@4=4;1@5=1;1@9=1;2@5=1;4@4=1;4@9=1;4@8=2;5@0=1;5@1=1;5@4=3;5@5=1;5@2=1;5@3=1;5@7=1;6@0=1;6@1=1;6@8=1;6@3=1;6@6=3;7@0=1;7@1=1;7@4=1;7@2=2;7@3=1;7@7=1;8@4=1;8@5=2;8@8=3;8@2=1;8@6=2,"0,1,4,5,9,8,2,3,7,6",47,32,32,0,1.0,-0.21604888977881603,0.15384615384615385,0.030104956375030124,0.0,0.0,0.4,0.0036840438842773438,Feasible
1075,1074,6,3,3,"ADD:3,2;ADD:9,0;ADD:9,8;REMOVE:2,5;REMOVE:5,1;REMOVE:6,1",0:-;1:0|3|8;2:5;3:-;4:4|5|9;5:1|2;6:1|2;7:1|2;8:2|6;9:-,0:-;1:0|3|8;2:-;3:2;4:4|5|9;5:2;6:2;7:1|2;8:2|6;9:0|8,1@0=1;1@1=1;1@2=3;1@3=1;1@6=1;1@7=2;1@8=1;3@2=1;3@3=1;4@0=1;4@1=2;4@2=1;4@6=1;4@4=3;5@0=1;5@2=1;5@7=1;5@8=1;5@4=1;6@2=2;6@3=1;6@7=1;6@4=3;7@0=3;7@2=1;7@6=1;7@4=1;8@0=1;8@1=2;8@2=4;8@7=1;8@4=1;9@0=2;9@7=1;9@8=1;9@4=1;9@5=2,"0,1,2,3,6,7,8,4,5",54,37,37,0,1.0,-0.06356050690688106,0.2,0.03643949309311897,0.0,0.0,0.30000000000000004,0.004746913909912109,Feasible
1076,1075,5,3,2,"ADD:2,2;ADD:5,6;ADD:9,9;REMOVE:4,5;REMOVE:7,1",0:-;1:0|3|8;2:-;3:2;4:4|5|9;5:2;6:2;7:1|2;8:2|6;9:0|8,0:-;1:0|3|8;2:2;3:2;4:4|9;5:2|6;6:2;7:2;8:2|6;9:0|8|9,1@0=2;1@1=1;1@2=1;1@3=1;1@4=1;1@7=1;2@2=1;3@8=1;4@1=1;4@2=1;4@3=1;4@4=3;4@6=2;5@2=2;5@4=1;5@6=2;5@5=1;6@4=1;6@7=1;7@2=1;7@4=1;7@7=1;7@9=1;8@2=4;8@3=1;8@4=3;8@6=1;9@0=3;9@1=1;9@2=1;9@4=1;9@7=1;9@6=2;9@5=1;9@9=1,"0,1,2,3,4,7,8,6,5,9",49,35,35,0,1.0,-0.12599372653441582,0.13333333333333333,0.04067294013225091,0.0,0.0,0.30000000000000004,0.003732919692993164,Feasible
1077,1076,7,3,4,"ADD:2,1;ADD:4,5;ADD:7,1;REMOVE:1,0;REMOVE:5,2;REMOVE:5,6;REMOVE:9,0",0:-;1:0|3|8;2:2;3:2;4:4|9;5:2|6;6:2;7:2;8:2|6;9:0|8|9,0:-;1:3|8;2:1|2;3:2;4:4|5|9;5:-;6:2;7:1|2;8:2|6;9:8|9,1@1=1;1@2=5;1@3=2;1@4=1;1@8=1;1@9=1;2@1=1;2@2=1;2@3=1;3@9=1;3@5=1;4@2=3;4@3=2;4@4=2;4@9=1;4@5=1;4@6=1;4@7=1;6@2=1;6@9=1;6@0=1;7@1=1;7@2=1;7@4=1;7@8=2;8@1=2;8@2=4;8@3=1;8@4=1;8@5=2;8@0=1;9@1=4;9@2=8;9@4=7;9@8=2;9@9=1;9@5=1;9@6=2;9@7=1,"1,2,3,4,8,9,5,6,7,0",72,39,39,0,1.0,-0.022597975833390904,0.25,0.027402024166609154,0.0,0.0,0.30000000000000004,0.00605010986328125,Feasible
1078,1077,8,6,2,"ADD:0,1;ADD:0,2;ADD:5,3;ADD:5,4;ADD:6,6;ADD:9,0;REMOVE:2,1;REMOVE:2,2",0:-;1:3|8;2:1|2;3:2;4:4|5|9;5:-;6:2;7:1|2;8:2|6;9:8|9,0:1|2;1:3|8;2:-;3:2;4:4|5|9;5:3|4;6:2|6;7:1|2;8:2|6;9:0|8|9,0@1=1;0@2=3;0@3=1;0@4=3;0@6=1;0@7=1;1@2=2;1@3=1;1@7=1;1@5=2;1@8=1;1@9=1;3@2=1;4@1=2;4@2=2;4@3=2;4@4=2;4@6=1;4@7=1;4@9=1;4@0=1;5@3=2;5@4=1;5@7=2;5@5=1;6@2=2;6@3=1;6@4=2;6@6=1;6@0=1;7@2=1;7@4=1;7@6=1;7@0=2;8@1=2;8@2=3;8@3=2;8@4=2;8@6=1;8@8=1;8@9=1;8@0=1;9@1=4;9@2=5;9@4=4;9@7=4;9@5=2;9@9=1;9@0=1,"1,2,3,4,6,7,5,8,9,0",83,49,49,0,1.0,-0.43955577391975703,0.13333333333333333,0.027110892746909625,0.0,0.0,0.6,0.004064083099365234,Feasible
1079,1078,7,1,6,"ADD:1,0;REMOVE:4,4;REMOVE:5,3;REMOVE:5,4;REMOVE:6,2;REMOVE:7,2;REMOVE:9,0",0:1|2;1:3|8;2:-;3:2;4:4|5|9;5:3|4;6:2|6;7:1|2;8:2|6;9:0|8|9,0:1|2;1:0|3|8;2:-;3:2;4:5|9;5:-;6:6;7:1;8:2|6;9:8|9,0@2=2;0@4=2;0@6=2;0@9=1;1@2=2;1@0=1;1@1=2;1@3=1;1@5=1;1@7=1;1@8=2;3@5=1;4@2=1;4@9=1;4@0=1;4@1=1;4@7=2;6@1=1;7@9=1;7@8=1;8@4=1;8@1=2;8@3=3;8@7=2;9@2=1;9@4=4;9@1=4;9@3=1;9@5=2,"2,4,6,9,0,1,3,5,7,8",47,29,29,0,1.0,0.23147888649781492,0.3157894736842105,0.015689412813604437,0.0,0.0,0.1,0.007947921752929688,Feasible
1080,1079,11,7,4,"ADD:3,6;ADD:4,4;ADD:5,4;ADD:5,9;ADD:6,5;ADD:7,2;ADD:9,0;REMOVE:1,0;REMOVE:1,3;REMOVE:3,2;REMOVE:8,2",0:1|2;1:0|3|8;2:-;3:2;4:5|9;5:-;6:6;7:1;8:2|6;9:8|9,0:1|2;1:8;2:-;3:6;4:4|5|9;5:4|9;6:5|6;7:1|2;8:6;9:0|8|9,0@1=2;0@2=3;0@4=3;0@5=2;0@6=1;0@7=2;0@9=1;1@2=3;1@4=1;1@5=1;1@8=1;4@4=2;4@5=2;4@6=1;4@9=1;4@8=1;4@3=1;5@4=2;5@9=1;6@1=1;6@4=3;6@5=1;6@7=1;7@2=1;8@4=1;9@1=1;9@2=4;9@4=3;9@5=2;9@6=1;9@7=2;9@8=1;9@0=1,"1,2,4,5,6,7,9,8,3,0",54,33,33,0,1.0,-0.3817673690916512,0.2857142857142857,0.03251834519406305,0.0,0.0,0.7,0.006001949310302734,Feasible
1081,1080,5,3,2,"ADD:1,0;ADD:1,3;ADD:8,3;REMOVE:3,6;REMOVE:6,6",0:1|2;1:8;2:-;3:6;4:4|5|9;5:4|9;6:5|6;7:1|2;8:6;9:0|8|9,0:1|2;1:0|3|8;2:-;3:-;4:4|5|9;5:4|9;6:5;7:1|2;8:3|6;9:0|8|9,0@1=3;0@3=2;0@4=5;0@5=2;0@6=1;0@7=5;0@8=1;0@9=1;1@3=1;1@5=2;1@7=1;1@0=2;1@2=1;4@1=2;4@4=2;4@5=1;4@7=1;4@8=1;4@9=2;4@0=2;4@2=3;5@4=1;5@6=4;5@8=2;5@9=1;6@8=1;7@1=2;7@3=1;7@4=1;7@5=1;7@6=1;8@1=1;8@3=1;8@4=2;8@5=1;8@6=1;8@8=1;8@9=1;8@2=1;9@1=5;9@3=3;9@4=10;9@5=3;9@6=4;9@7=7;9@8=6;9@9=8;9@0=5;9@2=11,"1,3,4,5,6,7,8,9,0,2",127,49,49,0,1.0,-0.15381161660276385,0.11764705882352941,0.028541324573706776,0.0,0.0,0.30000000000000004,0.0041959285736083984,Feasible
1082,1081,6,6,0,"ADD:2,3;ADD:2,8;ADD:5,0;ADD:6,1;ADD:6,4;ADD:8,0",0:1|2;1:0|3|8;2:-;3:-;4:4|5|9;5:4|9;6:5;7:1|2;8:3|6;9:0|8|9,0:1|2;1:0|3|8;2:3|8;3:-;4:4|5|9;5:0|4|9;6:1|4|5;7:1|2;8:0|3|6;9:0|8|9,0@0=4;0@1=1;0@2=2;0@3=2;0@5=2;1@0=1;1@3=1;1@4=2;1@6=1;1@7=1;1@8=1;2@3=1;2@8=1;4@1=1;4@2=1;4@5=1;4@4=1;4@7=2;5@0=1;5@3=1;5@5=1;5@4=3;5@6=1;5@8=1;6@1=3;6@2=1;6@4=1;6@6=1;7@0=1;7@1=3;7@2=1;7@8=1;8@0=4;8@1=1;8@2=4;8@3=1;8@4=2;8@7=2;8@8=1;8@9=2;9@0=2;9@1=7;9@2=6;9@3=3;9@5=5;9@4=7;9@6=5;9@7=7;9@8=2;9@9=3,"0,1,2,3,5,4,6,7,8,9",110,50,50,0,1.0,-0.5698873624912713,0.0,0.030112637508728755,0.0,0.0,0.6,0.0014889240264892578,Feasible
1083,1082,1,0,1,"REMOVE:2,3",0:1|2;1:0|3|8;2:3|8;3:-;4:4|5|9;5:0|4|9;6:1|4|5;7:1|2;8:0|3|6;9:0|8|9,0:1|2;1:0|3|8;2:8;3:-;4:4|5|9;5:0|4|9;6:1|4|5;7:1|2;8:0|3|6;9:0|8|9,0@0=1;0@1=2;0@2=1;0@4=2;0@8=1;1@0=1;1@1=1;1@2=1;1@4=1;1@8=1;1@7=1;1@9=1;4@1=1;4@4=2;4@8=1;4@7=1;4@9=2;4@3=1;5@0=1;5@1=1;5@4=2;5@7=1;5@5=2;7@1=1;7@2=1;7@4=1;7@7=1;7@9=2;7@3=1;7@5=3;7@6=2;8@0=2;8@1=1;8@2=2;8@4=4;8@7=3;8@3=1;8@5=3;9@0=2;9@1=5;9@2=12;9@4=8;9@8=3;9@7=3;9@9=2;9@3=4;9@5=1;9@6=3,"0,1,2,4,8,7,9,3,5,6",100,48,48,0,1.0,0.06405522082702132,0.041666666666666664,0.022388554160354658,0.0,0.0,0.0,0.002933979034423828,Feasible
1084,1083,10,2,8,"ADD:3,1;ADD:3,2;REMOVE:1,0;REMOVE:2,8;REMOVE:4,5;REMOVE:5,9;REMOVE:6,5;REMOVE:7,1;REMOVE:7,2;REMOVE:9,0",0:1|2;1:0|3|8;2:8;3:-;4:4|5|9;5:0|4|9;6:1|4|5;7:1|2;8:0|3|6;9:0|8|9,0:1|2;1:3|8;2:-;3:1|2;4:4|9;5:0|4;6:1|4;7:-;8:0|3|6;9:8|9,0@1=2;0@2=1;0@3=2;0@4=1;0@5=2;0@9=2;1@3=2;1@4=3;1@5=2;1@6=1;3@1=1;3@2=1;3@4=1;3@5=1;3@9=1;3@0=1;3@8=1;4@1=1;4@2=2;4@4=2;5@4=1;5@5=1;5@6=1;6@1=1;6@3=1;6@4=1;6@7=2;8@1=4;8@2=5;8@3=1;8@4=1;8@5=1;8@0=1;8@8=1;9@1=6;9@2=8;9@3=1;9@4=6;9@5=1;9@9=1;9@6=3;9@8=1,"1,2,3,4,5,9,6,0,8,7",79,42,42,0,1.0,0.16789977949415386,0.34782608695652173,0.020073692537632117,0.0,0.0,0.2,0.011000871658325195,Feasible
1085,1084,7,5,2,"ADD:2,2;ADD:4,5;ADD:6,0;ADD:7,1;ADD:9,0;REMOVE:1,3;REMOVE:8,0",0:1|2;1:3|8;2:-;3:1|2;4:4|9;5:0|4;6:1|4;7:-;8:0|3|6;9:8|9,0:1|2;1:8;2:2;3:1|2;4:4|5|9;5:0|4;6:0|1|4;7:1;8:3|6;9:0|8|9,0@1=2;0@2=1;0@3=1;0@4=1;1@2=1;1@4=1;1@6=1;2@2=1;3@2=1;3@3=1;3@4=1;3@6=2;3@8=1;4@2=1;4@4=2;4@6=1;4@5=1;5@4=1;5@5=1;5@7=1;6@0=1;7@1=1;7@6=1;8@3=1;8@4=3;8@5=1;8@9=1;9@1=3;9@2=6;9@3=1;9@4=5;9@6=2;9@8=2;9@7=2;9@0=2;9@9=1,"1,2,3,4,6,8,5,7,0,9",56,36,36,0,1.0,-0.35203147910906607,0.11764705882352941,0.03032146206740448,0.0,0.0,0.5,0.003810882568359375,Feasible
1086,1085,8,3,5,"ADD:1,9;ADD:7,4;ADD:8,0;REMOVE:3,1;REMOVE:4,5;REMOVE:5,0;REMOVE:6,0;REMOVE:9,9",0:1|2;1:8;2:2;3:1|2;4:4|5|9;5:0|4;6:0|1|4;7:1;8:3|6;9:0|8|9,0:1|2;1:8|9;2:2;3:2;4:4|9;5:4;6:1|4;7:1|4;8:0|3|6;9:0|8,0@1=2;0@5=1;0@6=1;1@1=2;1@5=1;1@4=1;1@8=1;1@9=1;2@7=1;3@4=1;4@1=3;4@6=1;4@4=2;4@8=1;4@2=1;5@4=1;5@2=1;6@1=1;6@2=1;7@1=1;7@6=1;7@4=1;8@4=1;8@7=1;8@2=1;8@0=1;9@1=3;9@5=1;9@4=1;9@8=2;9@7=1;9@2=4;9@0=1,"1,5,6,4,8,9,7,2,0",44,33,33,0,1.0,-0.020850616597532567,0.25,0.029149383402467467,0.0,0.0,0.30000000000000004,0.006888151168823242,Feasible
1087,1086,10,4,6,"ADD:1,0;ADD:4,5;ADD:7,0;ADD:9,9;REMOVE:0,1;REMOVE:2,2;REMOVE:3,2;REMOVE:6,1;REMOVE:8,0;REMOVE:8,6",0:1|2;1:8|9;2:2;3:2;4:4|9;5:4;6:1|4;7:1|4;8:0|3|6;9:0|8,0:2;1:0|8|9;2:-;3:-;4:4|5|9;5:4;6:4;7:0|1|4;8:3;9:0|8|9,0@0=1;0@2=2;0@4=1;0@8=1;0@9=1;1@0=1;1@2=1;1@4=1;1@8=1;1@1=1;1@6=1;1@7=1;4@2=2;4@4=2;4@1=1;4@6=1;4@7=3;4@3=2;4@5=2;5@6=2;6@2=1;7@0=1;7@2=1;7@9=1;8@2=1;8@1=1;9@0=1;9@2=1;9@4=4;9@9=3;9@1=4;9@6=1;9@7=1;9@3=2,"0,2,4,8,9,1,6,7,3,5",51,34,34,0,1.0,-0.03999354948398404,0.3333333333333333,0.02667311718268268,0.0,0.0,0.4,0.008172750473022461,Feasible
1088,1087,11,8,3,"ADD:0,1;ADD:2,2;ADD:3,1;ADD:3,4;ADD:5,1;ADD:6,1;ADD:8,0;ADD:8,4;REMOVE:1,0;REMOVE:7,0;REMOVE:7,4",0:2;1:0|8|9;2:-;3:-;4:4|5|9;5:4;6:4;7:0|1|4;8:3;9:0|8|9,0:1|2;1:8|9;2:2;3:1|4;4:4|5|9;5:1|4;6:1|4;7:1;8:0|3|4;9:0|8|9,0@0=1;0@1=1;0@2=1;0@3=2;0@4=1;0@5=1;0@8=1;0@9=2;1@2=1;1@4=3;1@8=1;1@9=1;1@6=2;2@2=3;2@3=1;2@8=1;2@9=1;3@1=1;3@3=1;3@4=4;3@8=2;4@0=1;4@1=1;4@2=1;4@3=1;4@4=1;5@1=2;5@2=2;5@9=1;5@7=1;6@1=2;6@4=1;6@8=1;6@6=1;7@1=1;8@0=1;8@1=1;8@2=3;8@4=3;8@9=1;8@7=4;9@0=2;9@1=6;9@2=4;9@3=2;9@4=6;9@5=2;9@8=1;9@9=3;9@6=4;9@7=3,"0,1,2,3,4,5,8,9,6,7",95,51,51,0,1.0,-0.5824496047960626,0.1875,0.030050395203937305,0.0,0.0,0.7999999999999999,0.005313873291015625,Feasible
1089,1088,5,3,2,"ADD:5,0;ADD:6,5;ADD:7,2;REMOVE:2,2;REMOVE:4,4",0:1|2;1:8|9;2:2;3:1|4;4:4|5|9;5:1|4;6:1|4;7:1;8:0|3|4;9:0|8|9,0:1|2;1:8|9;2:-;3:1|4;4:5|9;5:0|1|4;6:1|4|5;7:1|2;8:0|3|4;9:0|8|9,0@1=1;0@2=3;0@3=1;0@4=2;0@5=1;0@6=2;0@8=2;1@2=2;1@3=2;1@4=2;1@5=1;1@8=3;3@1=3;3@2=2;3@4=3;4@2=1;4@3=2;4@5=3;4@8=3;4@9=1;5@1=2;5@8=1;5@0=1;6@2=1;6@5=1;6@6=1;6@7=2;7@2=3;7@8=1;7@0=1;7@7=2;8@1=1;8@2=1;8@3=1;8@4=1;8@9=2;8@0=2;9@1=5;9@2=9;9@3=5;9@4=13;9@5=6;9@6=5;9@8=3;9@9=1;9@0=7;9@7=2,"1,2,3,4,5,6,8,9,0,7",120,47,47,0,1.0,-0.17114285051377273,0.09523809523809523,0.03361905424813207,0.0,0.0,0.30000000000000004,0.004122257232666016,Feasible
1090,1089,4,4,0,"ADD:1,0;ADD:2,2;ADD:3,5;ADD:4,4",0:1|2;1:8|9;2:-;3:1|4;4:5|9;5:0|1|4;6:1|4|5;7:1|2;8:0|3|4;9:0|8|9,0:1|2;1:0|8|9;2:2;3:1|4|5;4:4|5|9;5:0|1|4;6:1|4|5;7:1|2;8:0|3|4;9:0|8|9,0@1=5;0@2=3;0@3=1;0@7=1;0@8=1;1@1=1;1@2=3;1@3=1;1@7=1;1@0=1;1@4=4;1@6=1;1@9=1;2@2=1;2@0=1;2@4=1;3@3=1;3@7=2;3@4=1;3@6=1;3@9=1;3@5=1;4@1=1;4@2=1;4@3=1;4@7=1;4@4=1;4@9=2;5@1=2;5@2=4;5@4=1;5@9=1;5@5=1;6@2=1;6@3=2;6@4=4;6@9=2;6@5=3;7@1=3;7@7=1;7@4=4;7@5=1;8@1=3;8@3=1;8@7=1;8@0=3;8@4=2;8@6=1;8@9=2;8@5=2;9@1=5;9@2=13;9@3=3;9@7=6;9@8=6;9@0=8;9@4=7;9@6=4;9@9=3;9@5=2,"1,2,3,7,8,0,4,6,9,5",143,60,60,0,1.0,-0.364144034780523,0.0,0.03585596521947702,0.0,0.0,0.4,0.0015077590942382812,Feasible
1091,1090,2,0,2,"REMOVE:3,4;REMOVE:3,5",0:1|2;1:0|8|9;2:2;3:1|4|5;4:4|5|9;5:0|1|4;6:1|4|5;7:1|2;8:0|3|4;9:0|8|9,0:1|2;1:0|8|9;2:2;3:1;4:4|5|9;5:0|1|4;6:1|4|5;7:1|2;8:0|3|4;9:0|8|9,0@1=2;0@2=3;0@3=1;0@4=3;0@8=1;0@9=2;1@1=2;1@2=2;1@3=1;1@4=1;1@8=2;2@2=1;2@4=1;4@1=2;4@2=2;4@4=3;4@0=1;4@5=1;5@1=1;5@2=1;5@3=1;5@8=2;6@1=1;6@2=4;6@4=1;6@0=3;6@7=2;7@1=1;7@2=2;7@4=2;7@8=1;7@9=1;7@6=1;8@2=2;8@4=3;8@8=2;8@7=1;9@1=12;9@2=11;9@3=2;9@4=10;9@8=3;9@9=8;9@0=4;9@5=4;9@7=3;9@6=3,"1,2,3,4,8,9,0,5,7,6",123,47,47,0,1.0,0.10387065840900565,0.07692307692307693,0.026947581485928726,0.0,0.0,0.0,0.004122018814086914,Feasible
1092,1091,6,1,5,"ADD:0,8;REMOVE:1,0;REMOVE:2,2;REMOVE:3,1;REMOVE:4,9;REMOVE:6,5",0:1|2;1:0|8|9;2:2;3:1;4:4|5|9;5:0|1|4;6:1|4|5;7:1|2;8:0|3|4;9:0|8|9,0:1|2|8;1:8|9;2:-;3:-;4:4|5;5:0|1|4;6:1|4;7:1|2;8:0|3|4;9:0|8|9,0@1=3;0@2=5;0@3=1;0@4=1;0@5=1;0@6=1;0@7=1;0@8=1;0@9=1;1@3=1;1@4=1;1@9=1;4@2=5;4@4=1;4@5=2;4@7=2;4@8=1;4@0=2;5@1=1;5@2=2;5@3=1;5@4=1;5@0=1;6@2=1;6@9=1;7@1=1;7@2=1;7@3=1;7@6=1;7@8=1;7@9=2;8@2=3;8@3=1;8@4=4;8@6=2;8@9=2;8@0=1;9@1=4;9@2=2;9@4=1;9@6=6;9@7=1;9@8=1;9@9=4;9@0=2,"1,2,3,4,5,6,7,8,9,0",80,45,45,0,1.0,0.14606210678846587,0.20833333333333334,0.03772877345513253,0.0,0.0,0.1,0.007544994354248047,Feasible
1093,1092,6,3,3,"ADD:1,0;ADD:4,1;ADD:6,5;REMOVE:0,8;REMOVE:5,0;REMOVE:5,1",0:1|2|8;1:8|9;2:-;3:-;4:4|5;5:0|1|4;6:1|4;7:1|2;8:0|3|4;9:0|8|9,0:1|2;1:0|8|9;2:-;3:-;4:1|4|5;5:4;6:1|4|5;7:1|2;8:0|3|4;9:0|8|9,0@1=1;0@2=3;0@3=2;0@4=1;0@6=1;0@7=1;0@8=1;1@2=1;1@4=1;1@8=1;1@0=1;4@1=1;4@2=3;4@4=3;4@6=1;4@8=1;4@5=2;5@7=1;5@8=1;6@2=1;6@4=1;6@8=2;6@5=1;7@1=2;7@3=1;7@4=3;7@6=1;7@7=1;7@0=1;8@1=1;8@4=1;8@6=2;8@7=2;8@8=1;8@0=1;8@5=1;8@9=1;9@1=2;9@2=5;9@3=2;9@4=7;9@6=2;9@7=3;9@0=2;9@5=1;9@9=1,"1,2,3,4,6,7,8,0,5,9",76,46,46,0,1.0,-0.12227402488843284,0.15,0.027725975111567217,0.0,0.0,0.30000000000000004,0.005361795425415039,Feasible
1094,1093,9,3,6,"ADD:2,9;ADD:5,5;ADD:5,9;REMOVE:1,0;REMOVE:1,9;REMOVE:4,5;REMOVE:6,4;REMOVE:6,5;REMOVE:8,4",0:1|2;1:0|8|9;2:-;3:-;4:1|4|5;5:4;6:1|4|5;7:1|2;8:0|3|4;9:0|8|9,0:1|2;1:8;2:9;3:-;4:1|4;5:4|5|9;6:1;7:1|2;8:0|3;9:0|8|9,0@1=3;0@2=2;0@4=1;0@5=2;0@6=1;0@7=1;0@8=1;0@9=2;1@1=1;1@2=1;1@4=2;2@9=1;4@2=1;4@4=2;4@6=3;4@9=1;4@3=1;5@4=4;5@5=4;5@8=1;5@9=2;6@7=1;6@8=1;7@2=1;7@4=1;7@6=2;7@9=1;7@3=1;8@0=1;9@1=3;9@2=6;9@4=5;9@5=1;9@6=3;9@7=3;9@8=1;9@9=2;9@3=1;9@0=4,"1,2,4,5,6,7,8,9,3,0",75,39,39,0,1.0,0.03716491934194899,0.3,0.03716491934194902,0.0,0.0,0.30000000000000004,0.008630990982055664,Feasible
1095,1094,6,5,1,"ADD:1,3;ADD:4,0;ADD:6,0;ADD:6,4;ADD:8,4;REMOVE:5,5",0:1|2;1:8;2:9;3:-;4:1|4;5:4|5|9;6:1;7:1|2;8:0|3;9:0|8|9,0:1|2;1:3|8;2:9;3:-;4:0|1|4;5:4|9;6:0|1|4;7:1|2;8:0|3|4;9:0|8|9,0@1=3;0@2=2;0@3=2;0@4=4;0@8=1;0@9=1;1@2=3;1@3=2;1@4=3;1@9=1;1@6=1;2@1=2;4@1=3;4@2=3;4@3=1;4@8=2;4@9=2;4@6=1;4@0=2;5@1=2;5@2=2;5@3=2;5@4=1;5@8=2;5@9=1;5@7=1;6@1=1;6@4=1;6@9=1;6@0=1;7@2=5;7@3=1;7@4=2;7@8=4;7@9=1;7@6=2;7@0=1;7@7=1;7@5=1;8@1=2;8@2=3;8@4=2;8@9=2;8@6=1;8@0=1;8@7=1;8@5=2;9@1=5;9@2=10;9@3=4;9@4=9;9@8=12;9@9=3;9@6=7;9@0=3;9@7=7;9@5=4,"1,2,3,4,8,9,6,0,7,5",150,57,57,0,1.0,-0.4107867411762814,0.058823529411764705,0.03038972941195391,0.0,0.0,0.5,0.0032498836517333984,Feasible
1096,1095,5,2,3,"ADD:3,1;ADD:3,2;REMOVE:1,8;REMOVE:6,4;REMOVE:8,0",0:1|2;1:3|8;2:9;3:-;4:0|1|4;5:4|9;6:0|1|4;7:1|2;8:0|3|4;9:0|8|9,0:1|2;1:3;2:9;3:1|2;4:0|1|4;5:4|9;6:0|1;7:1|2;8:3|4;9:0|8|9,0@1=1;0@2=2;0@4=2;0@5=1;0@8=2;1@1=3;1@2=4;2@1=1;3@1=2;3@2=2;3@4=2;3@5=2;3@8=1;3@0=1;3@6=1;3@7=1;4@1=2;4@2=3;4@4=4;4@5=3;4@0=2;4@6=1;4@3=1;4@9=2;5@2=1;5@4=1;5@7=2;5@3=1;6@1=3;6@2=2;6@5=1;6@0=1;6@7=1;6@3=1;6@9=2;7@1=2;7@2=1;7@4=3;7@3=1;7@9=3;8@2=3;8@4=3;8@5=2;8@8=1;8@6=3;8@7=1;8@3=1;8@9=1;9@1=9;9@2=7;9@4=9;9@5=7;9@8=8;9@0=3;9@6=4;9@7=1;9@3=3;9@9=7,"1,2,4,5,8,0,6,7,3,9",145,58,58,0,1.0,-0.026785149945377396,0.14285714285714285,0.030357707197479752,0.0,0.0,0.2,0.005941152572631836,Feasible
1097,1096,6,5,1,"ADD:1,0;ADD:1,6;ADD:2,8;ADD:5,0;ADD:8,0;REMOVE:4,0",0:1|2;1:3;2:9;3:1|2;4:0|1|4;5:4|9;6:0|1;7:1|2;8:3|4;9:0|8|9,0:1|2;1:0|3|6;2:8|9;3:1|2;4:1|4;5:0|4|9;6:0|1;7:1|2;8:0|3|4;9:0|8|9,0@0=1;0@1=1;0@2=2;0@3=1;0@4=3;0@5=2;0@6=4;0@7=2;0@8=1;0@9=2;1@0=1;1@1=1;1@2=4;1@3=1;1@6=1;1@8=1;2@1=1;2@8=2;2@9=1;3@0=1;3@1=1;3@2=1;3@9=1;4@1=1;4@2=3;4@3=1;4@4=1;4@6=1;4@9=2;5@0=1;5@1=4;5@2=2;5@4=1;5@5=1;5@7=1;5@8=2;5@9=1;6@1=1;6@2=6;6@5=1;6@9=1;7@0=1;7@1=1;7@2=1;7@3=1;7@4=4;7@5=1;7@7=1;8@0=2;8@1=2;8@2=3;8@3=2;8@4=1;8@5=1;8@6=1;8@7=2;9@0=4;9@1=4;9@2=13;9@3=8;9@4=10;9@5=5;9@6=2;9@7=3;9@8=4;9@9=3,"0,1,2,3,4,5,6,7,8,9",147,66,66,0,1.0,-0.4270552368908832,0.05,0.022944763109116775,0.0,0.0,0.5,0.0033981800079345703,Feasible
1098,1097,4,1,3,"ADD:4,5;REMOVE:0,1;REMOVE:1,3;REMOVE:2,9",0:1|2;1:0|3|6;2:8|9;3:1|2;4:1|4;5:0|4|9;6:0|1;7:1|2;8:0|3|4;9:0|8|9,0:2;1:0|6;2:8;3:1|2;4:1|4|5;5:0|4|9;6:0|1;7:1|2;8:0|3|4;9:0|8|9,0@0=1;0@2=3;0@3=1;0@4=2;0@5=1;0@7=1;0@9=1;1@0=1;1@2=1;1@4=3;1@5=1;1@7=2;1@1=2;2@2=2;2@4=1;2@5=1;2@1=1;3@0=1;3@2=3;3@3=2;3@4=3;3@7=2;3@9=1;3@1=1;3@8=1;4@4=3;4@5=2;4@9=2;4@8=4;4@6=2;5@2=2;5@3=1;5@4=2;5@5=2;5@7=2;5@8=1;5@6=1;6@0=1;6@2=3;6@3=1;6@5=1;6@8=2;7@2=2;7@4=2;7@9=2;7@1=1;7@6=1;8@0=1;8@2=2;8@3=1;8@4=1;8@5=2;8@7=1;8@9=1;8@1=1;8@8=1;9@0=5;9@2=6;9@3=1;9@4=7;9@5=2;9@7=3;9@9=5;9@1=4;9@8=4;9@6=3,"0,2,3,4,5,7,9,1,8,6",130,66,66,0,1.0,0.05443703065721486,0.125,0.029437030657214862,0.0,0.0,0.1,0.006057024002075195,Feasible
1099,1098,4,2,2,"ADD:0,1;ADD:6,4;REMOVE:4,4;REMOVE:5,0",0:2;1:0|6;2:8;3:1|2;4:1|4|5;5:0|4|9;6:0|1;7:1|2;8:0|3|4;9:0|8|9,0:1|2;1:0|6;2:8;3:1|2;4:1|5;5:4|9;6:0|1|4;7:1|2;8:0|3|4;9:0|8|9,0@0=1;0@1=2;0@3=1;0@4=2;0@5=1;0@6=2;0@7=1;0@8=2;1@0=1;1@4=3;1@2=3;2@4=1;2@2=1;3@1=2;3@4=2;3@5=1;3@6=1;3@8=2;3@2=4;4@0=1;4@5=2;4@6=1;4@2=3;4@9=1;5@3=1;5@4=2;5@2=2;6@1=3;6@3=2;6@4=1;6@2=2;7@0=1;7@1=2;7@3=1;7@4=1;7@6=1;7@8=1;7@9=2;8@0=1;8@1=3;8@3=2;8@4=4;8@5=1;8@6=2;8@8=1;8@2=4;8@9=2;9@0=3;9@1=2;9@3=7;9@4=4;9@5=1;9@6=3;9@7=2;9@8=3;9@2=7;9@9=2,"0,1,3,4,5,6,7,8,2,9",117,57,57,0,1.0,-0.08142602414498634,0.09090909090909091,0.027664884945922754,0.0,0.0,0.2,0.006487846374511719,Feasible
1100,1099,3,1,2,"ADD:2,0;REMOVE:6,4;REMOVE:8,0",0:1|2;1:0|6;2:8;3:1|2;4:1|5;5:4|9;6:0|1|4;7:1|2;8:0|3|4;9:0|8|9,0:1|2;1:0|6;2:0|8;3:1|2;4:1|5;5:4|9;6:0|1;7:1|2;8:3|4;9:0|8|9,0@0=1;0@2=2;0@3=2;0@4=2;0@5=2;0@6=2;0@8=4;1@0=2;1@4=2;1@5=1;1@1=2;1@7=2;2@0=1;2@4=1;2@5=1;2@6=1;2@7=1;3@2=1;3@3=1;3@4=7;3@5=2;3@6=1;3@1=2;3@7=1;3@9=1;4@0=2;4@2=1;4@3=1;4@6=1;4@8=2;4@9=1;5@2=1;5@4=3;5@8=1;5@1=3;6@0=1;6@3=1;6@5=1;6@8=1;7@2=1;7@3=2;7@4=1;7@6=1;7@1=2;7@7=1;7@9=1;8@2=1;8@3=1;8@4=2;8@6=2;8@1=2;8@9=2;9@0=1;9@2=1;9@3=1;9@4=5;9@5=1;9@8=3;9@1=1;9@9=1,"0,2,3,4,5,6,8,1,7,9",98,60,60,0,1.0,0.014535449592204486,0.09090909090909091,0.023626358683113587,0.0,0.0,0.1,0.0045778751373291016,Feasible
1101,1100,5,5,0,"ADD:1,3;ADD:2,3;ADD:4,4;ADD:6,4;ADD:8,0",0:1|2;1:0|6;2:0|8;3:1|2;4:1|5;5:4|9;6:0|1;7:1|2;8:3|4;9:0|8|9,0:1|2;1:0|3|6;2:0|3|8;3:1|2;4:1|4|5;5:4|9;6:0|1|4;7:1|2;8:0|3|4;9:0|8|9,0@1=3;0@2=3;0@3=1;0@4=3;0@5=2;0@8=1;0@9=2;1@2=1;1@3=1;1@4=1;1@5=1;1@9=1;1@0=1;1@6=1;2@2=1;2@3=1;2@4=2;2@9=1;3@1=4;3@2=2;3@3=1;3@0=1;3@6=1;4@2=3;4@3=1;4@4=2;4@8=1;4@9=2;4@0=2;4@7=1;5@3=2;5@4=3;5@8=2;5@9=1;5@6=2;6@4=1;6@0=2;7@1=1;7@2=1;7@4=2;7@8=1;7@9=1;7@6=1;8@1=1;8@3=1;8@8=1;8@0=2;8@6=1;9@1=3;9@2=5;9@4=4;9@5=1;9@8=4;9@9=1;9@0=1;9@6=1,"1,2,3,4,5,8,9,0,6,7",94,56,56,0,1.0,-0.46151154184698345,0.0,0.03848845815301653,0.0,0.0,0.5,0.001567840576171875,Feasible
1102,1101,3,1,2,"ADD:5,0;REMOVE:1,3;REMOVE:2,0",0:1|2;1:0|3|6;2:0|3|8;3:1|2;4:1|4|5;5:4|9;6:0|1|4;7:1|2;8:0|3|4;9:0|8|9,0:1|2;1:0|6;2:3|8;3:1|2;4:1|4|5;5:0|4|9;6:0|1|4;7:1|2;8:0|3|4;9:0|8|9,0@0=2;0@1=6;0@2=3;0@3=2;0@4=8;0@5=2;0@6=2;0@7=1;0@9=1;1@2=2;1@4=1;1@5=1;1@6=2;1@7=1;2@1=1;2@2=2;2@4=2;2@7=1;2@9=2;3@1=1;3@2=5;3@4=1;3@5=2;3@9=2;4@1=3;4@2=3;4@4=7;4@5=1;4@6=2;4@7=3;4@9=3;4@8=1;5@0=2;5@1=2;5@3=2;5@4=2;5@5=1;5@6=1;5@8=1;6@1=1;6@2=1;6@3=1;6@4=1;6@5=2;6@8=1;7@0=1;7@1=3;7@2=3;7@4=2;7@5=1;7@7=1;7@9=1;7@8=1;8@0=1;8@1=2;8@2=2;8@3=1;8@4=1;8@5=1;8@9=2;8@8=2;9@0=4;9@1=6;9@2=12;9@3=4;9@4=5;9@5=3;9@6=1;9@7=4;9@9=2;9@8=3,"0,1,2,3,4,5,6,7,9,8",163,71,71,0,1.0,0.008850936621638897,0.07692307692307693,0.031927859698561975,0.0,0.0,0.1,0.005113840103149414,Feasible
1103,1102,3,0,3,"REMOVE:3,1;REMOVE:3,2;REMOVE:4,4",0:1|2;1:0|6;2:3|8;3:1|2;4:1|4|5;5:0|4|9;6:0|1|4;7:1|2;8:0|3|4;9:0|8|9,0:1|2;1:0|6;2:3|8;3:-;4:1|5;5:0|4|9;6:0|1|4;7:1|2;8:0|3|4;9:0|8|9,0@0=1;0@1=4;0@3=5;0@4=3;0@5=2;0@6=2;0@7=1;0@8=1;0@9=1;1@1=1;1@5=2;1@8=2;1@2=1;2@1=1;2@4=2;2@6=1;2@8=1;2@9=1;2@2=1;4@1=4;4@3=1;4@7=2;4@8=2;4@2=4;5@0=1;5@1=2;5@4=1;5@7=1;5@2=1;6@0=3;6@1=2;6@4=4;6@2=2;7@3=3;7@4=1;7@5=1;7@6=1;7@7=1;7@2=1;8@0=3;8@1=3;8@4=1;8@5=2;8@6=2;8@7=1;8@8=1;8@9=2;8@2=1;9@0=3;9@1=3;9@3=4;9@4=9;9@5=6;9@6=6;9@7=4;9@8=2;9@9=4;9@2=7,"0,1,3,4,5,6,7,8,9,2",135,58,58,0,1.0,0.14622077099037617,0.12,0.026220770990376178,0.0,0.0,0.0,0.005852937698364258,Feasible
1104,1103,4,2,2,"ADD:2,0;ADD:4,4;REMOVE:5,0;REMOVE:6,0",0:1|2;1:0|6;2:3|8;3:-;4:1|5;5:0|4|9;6:0|1|4;7:1|2;8:0|3|4;9:0|8|9,0:1|2;1:0|6;2:0|3|8;3:-;4:1|4|5;5:4|9;6:1|4;7:1|2;8:0|3|4;9:0|8|9,0@1=4;0@2=4;0@4=2;0@7=1;0@9=1;1@2=1;1@4=4;1@9=2;1@5=1;1@6=1;2@9=1;2@6=2;2@0=1;2@3=1;4@1=3;4@2=2;4@4=3;4@5=1;5@1=1;5@2=3;5@4=2;5@7=1;5@6=2;5@8=1;6@4=3;6@7=1;6@6=2;6@3=1;7@1=1;7@2=4;7@5=1;7@6=1;8@1=5;8@2=2;8@4=1;8@7=1;8@9=1;8@6=3;8@0=1;8@3=1;8@8=1;9@1=6;9@2=7;9@4=6;9@7=1;9@9=3;9@5=5;9@6=3;9@0=2;9@3=2;9@8=3,"1,2,4,7,9,5,6,0,3,8",113,51,51,0,1.0,-0.07446062122388039,0.09090909090909091,0.034630287867028715,0.0,0.0,0.2,0.0045359134674072266,Feasible
1105,1104,8,1,7,"ADD:3,7;REMOVE:0,1;REMOVE:2,0;REMOVE:2,3;REMOVE:4,5;REMOVE:5,4;REMOVE:6,4;REMOVE:7,1",0:1|2;1:0|6;2:0|3|8;3:-;4:1|4|5;5:4|9;6:1|4;7:1|2;8:0|3|4;9:0|8|9,0:2;1:0|6;2:8;3:7;4:1|4;5:9;6:1;7:2;8:0|3|4;9:0|8|9,0@0=1;0@2=1;0@3=1;0@4=3;0@5=1;0@9=2;1@0=1;1@2=1;1@8=2;2@4=1;2@7=1;3@7=1;4@2=1;4@3=1;4@4=1;4@1=1;5@3=1;6@9=1;6@8=1;6@7=1;6@1=1;6@6=2;7@2=1;7@4=2;7@5=1;7@8=1;8@0=2;8@2=1;8@4=2;8@5=1;8@9=2;8@8=1;8@7=2;8@1=2;9@0=1;9@2=2;9@3=2;9@4=3;9@5=2;9@9=2;9@8=4;9@7=1;9@1=4,"0,2,3,4,5,9,8,7,1,6",66,43,43,0,1.0,0.2450187024576919,0.3181818181818182,0.026836884275873694,0.0,0.0,0.1,0.010628938674926758,Feasible
1106,1105,12,12,0,"ADD:0,1;ADD:1,3;ADD:2,0;ADD:2,3;ADD:3,5;ADD:4,0;ADD:5,0;ADD:5,4;ADD:6,0;ADD:6,4;ADD:7,1;ADD:8,8",0:2;1:0|6;2:8;3:7;4:1|4;5:9;6:1;7:2;8:0|3|4;9:0|8|9,0:1|2;1:0|3|6;2:0|3|8;3:5|7;4:0|1|4;5:0|4|9;6:0|1|4;7:1|2;8:0|3|4|8;9:0|8|9,0@0=1;0@1=4;0@2=10;0@3=7;0@4=18;0@5=9;0@6=7;0@7=4;0@8=4;0@9=2;1@0=8;1@1=7;1@2=9;1@3=1;1@4=10;1@5=4;1@6=5;1@7=3;1@8=1;1@9=4;2@0=2;2@1=3;2@2=4;2@3=3;2@4=3;2@5=3;2@6=1;2@9=6;3@0=5;3@1=7;3@2=16;3@3=5;3@4=9;3@5=3;3@6=5;3@7=5;3@8=7;3@9=6;4@0=4;4@1=6;4@2=9;4@3=4;4@4=8;4@5=3;4@6=1;4@7=1;4@8=3;4@9=6;5@0=3;5@1=4;5@2=11;5@3=3;5@4=6;5@5=6;5@6=3;5@7=2;5@8=1;5@9=2;6@0=2;6@1=1;6@2=4;6@3=2;6@4=4;6@5=1;6@6=2;6@7=2;6@8=3;7@0=2;7@1=5;7@2=7;7@3=5;7@4=6;7@5=4;7@6=3;7@7=3;7@8=1;7@9=5;8@0=5;8@1=8;8@2=11;8@3=1;8@4=15;8@5=6;8@6=6;8@7=4;8@8=4;8@9=5;9@0=11;9@1=16;9@2=16;9@3=9;9@4=22;9@5=12;9@6=15;9@7=4;9@8=5;9@9=7,"0,1,2,3,4,5,6,7,8,9",541,97,97,0,1.0,-1.1753101611337036,0.0,0.0246898388662964,0.0,0.0,1.2,0.002727985382080078,Feasible
1107,1106,3,0,3,"REMOVE:2,0;REMOVE:2,3;REMOVE:8,8",0:1|2;1:0|3|6;2:0|3|8;3:5|7;4:0|1|4;5:0|4|9;6:0|1|4;7:1|2;8:0|3|4|8;9:0|8|9,0:1|2;1:0|3|6;2:8;3:5|7;4:0|1|4;5:0|4|9;6:0|1|4;7:1|2;8:0|3|4;9:0|8|9,0@0=3;0@2=7;0@3=1;0@4=4;0@6=2;0@7=1;0@8=1;0@9=3;1@0=1;1@2=1;1@3=2;1@4=2;1@7=1;1@8=2;1@9=1;1@1=7;2@4=1;2@6=1;2@7=1;2@1=1;3@0=2;3@2=6;3@3=2;3@4=2;3@6=1;3@7=2;3@9=2;3@1=3;3@5=2;4@0=1;4@2=1;4@4=4;4@6=2;4@8=2;4@9=2;4@1=3;5@0=2;5@2=2;5@4=1;5@6=2;5@8=1;5@9=3;5@1=1;5@5=1;6@2=6;6@4=2;6@6=3;6@8=1;6@9=1;6@1=4;6@5=2;7@0=1;7@2=1;7@4=2;7@6=2;7@7=1;7@8=1;7@9=1;8@0=2;8@2=4;8@3=3;8@4=3;8@6=3;8@7=3;8@8=2;8@9=2;8@1=3;8@5=5;9@0=6;9@2=8;9@3=1;9@4=3;9@7=1;9@8=1;9@9=2;9@1=9;9@5=3,"0,2,3,4,6,7,8,9,1,5",185,77,77,0,1.0,0.13449561077279407,0.10714285714285714,0.02735275362993694,0.0,0.0,0.0,0.006639003753662109,Feasible
1108,1107,9,0,9,"REMOVE:1,0;REMOVE:3,5;REMOVE:4,0;REMOVE:5,0;REMOVE:5,9;REMOVE:6,4;REMOVE:8,0;REMOVE:8,3;REMOVE:8,4",0:1|2;1:0|3|6;2:8;3:5|7;4:0|1|4;5:0|4|9;6:0|1|4;7:1|2;8:0|3|4;9:0|8|9,0:1|2;1:3|6;2:8;3:7;4:1|4;5:4;6:0|1;7:1|2;8:-;9:0|8|9,0@2=1;0@4=2;0@6=1;0@9=1;1@2=2;1@4=1;1@3=1;1@7=1;2@2=1;3@9=1;3@1=1;3@8=1;4@2=1;4@6=1;4@3=1;4@1=1;5@8=1;6@2=1;6@9=1;6@8=1;7@4=1;7@7=1;7@1=1;7@8=2;7@5=1;9@2=5;9@4=5;9@6=1;9@3=2;9@1=1;9@8=1;9@0=1,"2,4,6,9,3,7,1,8,5,0",44,32,32,0,1.0,0.3738431061719423,0.36,0.013843106171942288,0.0,0.0,0.0,0.012768983840942383,Feasible
1109,1108,5,3,2,"ADD:4,5;ADD:8,4;ADD:8,5;REMOVE:7,1;REMOVE:9,0",0:1|2;1:3|6;2:8;3:7;4:1|4;5:4;6:0|1;7:1|2;8:-;9:0|8|9,0:1|2;1:3|6;2:8;3:7;4:1|4|5;5:4;6:0|1;7:2;8:4|5;9:8|9,0@1=1;0@2=2;0@4=2;1@4=2;1@5=1;1@6=1;2@1=1;2@2=1;3@4=1;3@3=1;4@2=1;4@4=1;4@5=1;5@4=1;6@2=1;6@6=1;7@4=1;7@3=1;8@4=2;8@5=2;8@6=1;8@7=2;9@2=3;9@4=4;9@5=1;9@6=2;9@3=1;9@8=1;9@9=1,"1,2,4,5,6,3,7,8,9",41,29,29,0,1.0,-0.14249672392147042,0.125,0.03250327607852963,0.0,0.0,0.30000000000000004,0.00415492057800293,Feasible
1110,1109,6,5,1,"ADD:1,0;ADD:3,5;ADD:5,1;ADD:7,1;ADD:8,1;REMOVE:6,0",0:1|2;1:3|6;2:8;3:7;4:1|4|5;5:4;6:0|1;7:2;8:4|5;9:8|9,0:1|2;1:0|3|6;2:8;3:5|7;4:1|4|5;5:1|4;6:1;7:1|2;8:1|4|5;9:8|9,0@0=1;0@1=2;0@2=1;0@4=2;0@6=1;0@7=1;0@8=4;0@9=1;1@0=2;1@1=1;1@2=1;1@4=1;1@6=2;1@7=1;1@8=2;1@3=2;1@5=1;2@2=2;2@4=1;2@6=1;3@0=1;3@1=3;3@2=2;3@4=4;3@6=2;3@7=1;3@3=1;3@5=1;4@1=1;4@2=4;4@4=1;4@6=1;4@7=1;4@5=1;5@1=1;5@4=3;5@7=3;5@9=1;6@7=1;7@0=2;7@1=1;7@4=1;7@7=1;7@5=2;8@1=1;8@2=1;8@4=1;8@7=2;8@8=1;9@1=3;9@2=8;9@4=5;9@6=1;9@7=2;9@8=2;9@9=2;9@3=1;9@5=4,"0,1,2,4,6,7,8,9,3,5",104,58,58,0,1.0,-0.4168090493191202,0.058823529411764705,0.024367421269115102,0.0,0.0,0.5,0.003568887710571289,Feasible
1111,1110,8,6,2,"ADD:2,0;ADD:2,3;ADD:5,5;ADD:6,0;ADD:6,4;ADD:9,0;REMOVE:3,5;REMOVE:8,4",0:1|2;1:0|3|6;2:8;3:5|7;4:1|4|5;5:1|4;6:1;7:1|2;8:1|4|5;9:8|9,0:1|2;1:0|3|6;2:0|3|8;3:7;4:1|4|5;5:1|4|5;6:0|1|4;7:1|2;8:1|5;9:0|8|9,0@0=1;0@1=1;0@2=2;0@3=1;0@4=5;0@6=1;0@7=1;0@8=2;1@0=2;1@1=3;1@2=1;1@3=1;1@4=1;1@6=2;1@7=4;1@5=3;1@9=1;2@0=1;2@2=2;2@3=1;2@7=1;2@5=2;2@9=2;3@2=3;3@4=1;3@8=3;4@0=1;4@1=6;4@2=5;4@3=1;4@4=1;4@6=2;4@7=3;4@8=1;4@9=2;5@2=4;5@4=3;5@7=1;5@8=3;5@5=1;5@9=1;6@0=2;6@1=1;6@2=2;6@3=2;6@4=1;6@6=1;6@7=1;6@5=1;7@1=1;7@2=1;7@3=2;7@4=1;7@7=1;7@9=1;8@0=1;8@1=5;8@2=3;8@3=1;8@6=1;8@7=1;8@8=1;8@5=1;8@9=2;9@0=1;9@1=2;9@2=9;9@3=2;9@4=7;9@6=5;9@7=3;9@8=4;9@5=1,"0,1,2,3,4,6,7,8,5,9",151,73,73,0,1.0,-0.4808734424995834,0.09523809523809523,0.02388846226232133,0.0,0.0,0.6,0.005408763885498047,Feasible
1112,1111,5,2,3,"ADD:2,6;ADD:8,4;REMOVE:1,3;REMOVE:3,7;REMOVE:5,5",0:1|2;1:0|3|6;2:0|3|8;3:7;4:1|4|5;5:1|4|5;6:0|1|4;7:1|2;8:1|5;9:0|8|9,0:1|2;1:0|6;2:0|3|6|8;3:-;4:1|4|5;5:1|4;6:0|1|4;7:1|2;8:1|4|5;9:0|8|9,0@0=2;0@1=3;0@2=6;0@4=4;0@7=1;0@8=1;0@9=1;1@1=1;1@2=1;1@4=3;1@7=2;1@8=1;1@6=2;2@0=1;2@4=1;2@7=1;2@3=1;4@0=1;4@1=3;4@2=2;4@4=3;4@7=1;4@9=3;4@6=3;4@3=2;4@5=1;5@1=3;5@2=3;5@4=1;5@7=2;5@8=1;5@6=1;5@3=1;6@0=2;6@1=2;6@4=1;6@7=5;6@8=1;6@6=2;7@0=3;7@1=1;7@2=4;7@4=2;7@7=2;7@8=1;7@6=1;7@3=1;8@0=2;8@1=3;8@2=3;8@4=5;8@7=1;8@8=2;8@9=3;8@6=3;8@5=2;9@0=4;9@1=5;9@2=3;9@4=8;9@7=2;9@8=2;9@9=1;9@6=6;9@3=3,"0,1,2,4,7,8,9,6,3,5",149,65,65,0,1.0,-0.04651956132045465,0.12,0.03348043867954538,0.0,0.0,0.2,0.00615382194519043,Feasible
1113,1112,9,4,5,"ADD:1,3;ADD:3,1;ADD:3,2;ADD:5,5;REMOVE:2,0;REMOVE:2,3;REMOVE:2,6;REMOVE:2,8;REMOVE:6,0",0:1|2;1:0|6;2:0|3|6|8;3:-;4:1|4|5;5:1|4;6:0|1|4;7:1|2;8:1|4|5;9:0|8|9,0:1|2;1:0|3|6;2:-;3:1|2;4:1|4|5;5:1|4|5;6:1|4;7:1|2;8:1|4|5;9:0|8|9,0@1=4;0@2=3;0@3=1;0@4=4;0@5=1;0@6=1;0@7=2;0@8=1;0@9=4;1@1=3;1@3=1;1@4=2;1@5=1;1@6=1;1@7=2;3@1=1;3@2=3;3@4=3;3@8=1;4@1=2;4@2=3;4@3=1;4@4=3;4@5=5;4@6=1;4@9=2;4@0=3;5@1=1;5@2=3;5@3=1;5@5=1;5@6=1;5@8=1;5@9=1;6@1=1;6@2=1;6@3=2;6@4=1;6@6=1;6@7=1;6@8=2;7@2=2;7@4=3;7@6=1;7@7=1;7@9=2;8@1=5;8@2=2;8@4=6;8@5=2;8@6=1;8@7=1;8@8=1;8@9=2;8@0=2;9@1=3;9@2=3;9@3=1;9@4=5;9@5=4;9@6=3;9@7=5;9@8=3;9@9=3;9@0=1,"1,2,3,4,5,6,7,8,9,0",139,65,65,0,1.0,-0.15735270522838374,0.20833333333333334,0.03431396143828293,0.0,0.0,0.4,0.008850336074829102,Feasible
1114,1113,5,4,1,"ADD:2,0;ADD:2,3;ADD:2,4;ADD:6,0;REMOVE:0,1",0:1|2;1:0|3|6;2:-;3:1|2;4:1|4|5;5:1|4|5;6:1|4;7:1|2;8:1|4|5;9:0|8|9,0:2;1:0|3|6;2:0|3|4;3:1|2;4:1|4|5;5:1|4|5;6:0|1|4;7:1|2;8:1|4|5;9:0|8|9,0@0=1;0@2=4;0@3=1;0@4=2;0@5=3;0@7=1;0@8=1;0@9=1;1@0=1;1@3=2;1@4=4;1@1=3;2@0=1;2@3=1;2@4=1;2@7=1;2@8=1;2@1=1;3@2=2;3@3=1;3@4=5;3@7=2;3@1=2;4@0=1;4@4=1;4@5=3;4@7=1;4@9=1;4@1=4;5@3=1;5@4=3;5@5=1;5@7=2;5@9=1;5@1=3;6@0=2;6@3=1;6@7=1;6@1=3;7@0=1;7@2=2;7@3=1;7@4=2;7@8=2;7@9=1;7@1=1;8@0=1;8@2=2;8@3=3;8@4=2;8@5=1;8@7=1;8@1=4;8@6=2;9@0=5;9@2=3;9@3=3;9@4=7;9@5=3;9@7=1;9@8=1;9@9=1;9@1=4;9@6=1,"0,2,3,4,5,7,8,9,1,6",126,64,64,0,1.0,-0.31580171008851493,0.043478260869565216,0.04072002904191987,0.0,0.0,0.4,0.0033659934997558594,Feasible
1115,1114,5,1,4,"ADD:0,1;REMOVE:2,3;REMOVE:4,5;REMOVE:5,5;REMOVE:7,1",0:2;1:0|3|6;2:0|3|4;3:1|2;4:1|4|5;5:1|4|5;6:0|1|4;7:1|2;8:1|4|5;9:0|8|9,0:1|2;1:0|3|6;2:0|4;3:1|2;4:1|4;5:1|4;6:0|1|4;7:2;8:1|4|5;9:0|8|9,0@1=1;0@2=7;0@3=1;0@4=2;0@6=3;0@9=1;1@1=3;1@3=1;1@4=2;1@6=1;1@0=2;1@5=1;2@2=3;2@4=2;2@0=2;2@5=1;2@8=1;3@1=1;3@2=4;3@3=4;3@4=3;3@9=1;3@0=4;3@5=1;3@8=1;4@1=2;4@2=1;4@3=3;4@4=2;4@6=3;4@8=1;4@7=1;5@1=1;5@2=2;5@4=3;5@7=1;6@1=1;6@4=1;6@6=2;6@0=2;6@5=1;6@7=1;7@2=2;7@4=2;7@9=1;7@5=1;8@1=3;8@2=4;8@4=2;8@6=2;8@9=1;8@0=1;8@5=3;8@8=1;9@1=4;9@2=9;9@3=7;9@4=9;9@6=2;9@9=2;9@0=1;9@5=1;9@8=4,"1,2,3,4,6,9,0,5,8,7",143,63,63,0,1.0,0.08948952597578647,0.15384615384615385,0.03564337212963261,0.0,0.0,0.1,0.007464885711669922,Feasible
1116,1115,4,2,2,"ADD:2,3;ADD:5,0;REMOVE:4,1;REMOVE:6,4",0:1|2;1:0|3|6;2:0|4;3:1|2;4:1|4;5:1|4;6:0|1|4;7:2;8:1|4|5;9:0|8|9,0:1|2;1:0|3|6;2:0|3|4;3:1|2;4:4;5:0|1|4;6:0|1;7:2;8:1|4|5;9:0|8|9,0@2=3;0@3=2;0@4=2;0@5=1;0@6=1;0@8=2;0@9=2;1@2=3;1@3=1;1@4=1;1@5=1;1@8=1;1@0=1;1@1=2;2@2=1;2@3=1;2@7=1;3@2=4;3@3=1;3@6=3;3@8=1;3@1=1;3@7=1;4@4=1;5@2=1;5@3=1;5@4=3;5@0=1;5@1=1;5@7=1;6@2=1;6@6=1;6@0=2;6@1=2;7@2=2;7@4=1;7@8=1;7@0=2;7@7=1;8@2=1;8@3=1;8@4=3;8@5=1;8@0=1;8@1=1;8@7=1;9@2=3;9@3=1;9@4=4;9@5=1;9@6=1;9@9=1;9@0=2;9@1=1;9@7=1,"2,3,4,5,6,8,9,0,1,7",83,55,55,0,1.0,-0.0764975788054183,0.08695652173913043,0.03654589945545128,0.0,0.0,0.2,0.004577159881591797,Feasible
1117,1116,10,4,6,"ADD:4,0;ADD:4,3;ADD:6,4;ADD:7,1;REMOVE:0,1;REMOVE:1,0;REMOVE:2,0;REMOVE:2,4;REMOVE:8,4;REMOVE:8,5",0:1|2;1:0|3|6;2:0|3|4;3:1|2;4:4;5:0|1|4;6:0|1;7:2;8:1|4|5;9:0|8|9,0:2;1:3|6;2:3;3:1|2;4:0|3|4;5:0|1|4;6:0|1|4;7:1|2;8:1;9:0|8|9,0@0=2;0@2=2;0@3=1;0@4=4;0@5=1;0@7=1;0@9=1;1@2=1;1@3=1;1@4=3;1@5=1;1@9=1;1@1=1;1@8=2;2@9=1;3@0=1;3@2=2;3@3=1;3@4=4;3@7=1;3@8=3;3@6=1;4@0=1;4@2=4;4@3=1;4@4=2;4@1=2;4@8=1;4@6=1;5@0=1;5@4=2;5@5=2;5@7=1;5@1=1;5@8=1;6@2=1;6@4=1;6@5=1;6@7=1;6@1=1;6@8=1;7@4=2;7@1=1;7@8=1;8@3=1;8@7=1;8@6=1;9@0=1;9@2=5;9@3=1;9@4=2;9@7=1;9@9=1;9@1=2;9@8=3;9@6=5,"0,2,3,4,5,7,9,1,8,6",90,56,56,0,1.0,-0.11695453042095993,0.2608695652173913,0.022175904361648763,0.0,0.0,0.4,0.009784698486328125,Feasible
1118,1117,6,5,1,"ADD:0,6;ADD:1,0;ADD:2,0;ADD:2,4;ADD:8,2;REMOVE:4,0",0:2;1:3|6;2:3;3:1|2;4:0|3|4;5:0|1|4;6:0|1|4;7:1|2;8:1;9:0|8|9,0:2|6;1:0|3|6;2:0|3|4;3:1|2;4:3|4;5:0|1|4;6:0|1|4;7:1|2;8:1|2;9:0|8|9,0@0=1;0@2=3;0@4=1;0@6=1;0@7=1;0@8=1;0@9=2;1@0=1;1@2=3;1@4=5;1@6=1;1@7=2;1@1=2;1@3=2;1@5=2;2@0=2;2@4=1;2@6=2;3@0=2;3@2=2;3@4=4;3@7=3;3@8=2;3@9=2;3@1=3;3@3=1;4@2=4;4@4=4;4@6=2;4@7=1;4@1=1;4@3=1;4@5=1;5@0=1;5@2=2;5@4=2;5@8=1;5@1=2;5@3=2;6@0=1;6@4=3;6@6=4;6@7=1;6@8=1;6@1=2;6@3=1;6@5=1;7@0=1;7@2=3;7@4=2;7@6=1;7@8=1;7@1=1;7@5=3;8@2=2;8@4=2;8@6=2;8@7=1;8@8=1;8@9=1;8@1=2;9@0=1;9@2=7;9@4=5;9@6=2;9@7=3;9@8=5;9@9=1;9@1=2;9@3=1;9@5=6,"0,2,4,6,7,8,9,1,3,5",146,71,71,0,1.0,-0.42074580073653667,0.047619047619047616,0.03163515164441573,0.0,0.0,0.5,0.003532886505126953,Feasible
1119,1118,3,1,2,"ADD:4,0;REMOVE:1,3;REMOVE:5,0",0:2|6;1:0|3|6;2:0|3|4;3:1|2;4:3|4;5:0|1|4;6:0|1|4;7:1|2;8:1|2;9:0|8|9,0:2|6;1:0|6;2:0|3|4;3:1|2;4:0|3|4;5:1|4;6:0|1|4;7:1|2;8:1|2;9:0|8|9,0@0=2;0@1=1;0@2=3;0@3=3;0@4=1;0@5=1;0@7=1;0@9=1;1@0=1;1@1=2;1@2=4;1@4=1;1@9=2;1@6=1;1@8=3;2@0=1;2@2=2;2@7=1;2@9=1;3@0=1;3@3=1;3@4=6;3@9=2;3@8=3;4@0=3;4@1=2;4@2=3;4@3=1;4@4=3;4@7=4;4@9=1;4@6=1;4@8=1;5@1=2;5@4=1;5@9=1;6@1=1;6@2=1;6@4=1;6@5=1;6@7=1;6@9=1;6@6=3;6@8=1;7@0=1;7@1=2;7@2=3;7@3=3;7@4=3;7@9=1;7@6=1;7@8=1;8@0=1;8@1=3;8@2=1;8@3=2;8@4=5;8@5=3;8@7=2;8@6=1;8@8=1;9@1=4;9@2=1;9@4=8;9@5=2;9@7=3;9@9=2;9@6=2,"0,1,2,3,4,5,7,9,6,8",134,68,68,0,1.0,0.002140485399605929,0.08,0.02214048539960594,0.0,0.0,0.1,0.0049190521240234375,Feasible
1120,1119,5,1,4,"ADD:5,0;REMOVE:2,3;REMOVE:4,0;REMOVE:6,4;REMOVE:7,1",0:2|6;1:0|6;2:0|3|4;3:1|2;4:0|3|4;5:1|4;6:0|1|4;7:1|2;8:1|2;9:0|8|9,0:2|6;1:0|6;2:0|4;3:1|2;4:3|4;5:0|1|4;6:0|1;7:2;8:1|2;9:0|8|9,0@0=1;0@1=3;0@2=4;0@3=1;0@5=2;0@6=2;0@7=2;0@9=1;1@0=1;1@1=2;1@2=1;1@9=1;1@8=2;2@5=1;2@7=1;2@4=1;3@1=4;3@2=2;3@3=4;3@5=2;3@7=1;3@9=2;3@4=2;4@1=2;4@2=2;4@3=2;4@5=1;4@7=2;4@8=2;4@4=2;5@0=1;5@2=1;5@7=1;5@4=1;6@2=1;6@5=1;6@8=1;7@2=2;7@3=1;7@5=1;7@7=2;7@4=4;8@0=2;8@1=3;8@2=1;8@3=3;8@9=1;8@8=1;8@4=2;9@0=1;9@1=4;9@2=4;9@3=2;9@5=2;9@6=4;9@7=2;9@9=5;9@8=3;9@4=5,"0,1,2,3,5,6,7,9,8,4",118,59,59,0,1.0,0.09617638552985053,0.16666666666666666,0.029509718863183865,0.0,0.0,0.1,0.007581949234008789,Feasible
1121,1120,3,2,1,"ADD:2,1;ADD:7,1;REMOVE:9,0",0:2|6;1:0|6;2:0|4;3:1|2;4:3|4;5:0|1|4;6:0|1;7:2;8:1|2;9:0|8|9,0:2|6;1:0|6;2:0|1|4;3:1|2;4:3|4;5:0|1|4;6:0|1;7:1|2;8:1|2;9:8|9,0@0=2;0@1=1;0@2=4;0@4=2;0@5=1;0@6=1;0@7=2;0@8=1;0@9=1;1@0=3;1@1=2;1@2=1;1@5=2;1@6=2;1@7=1;1@9=1;2@1=1;2@2=2;2@4=1;2@6=1;3@1=2;3@2=2;3@4=1;4@1=3;4@4=4;4@5=1;4@7=2;4@9=1;5@0=1;5@4=2;5@6=2;5@8=2;5@3=1;6@2=1;6@5=1;6@7=1;6@8=2;7@0=1;7@1=3;7@2=2;7@4=1;7@6=1;7@7=1;7@3=2;8@0=2;8@1=1;8@2=2;8@4=4;8@6=2;8@8=3;8@9=1;9@1=3;9@2=5;9@4=2;9@7=4;9@8=3;9@9=3;9@3=1,"0,1,2,4,5,6,7,8,9,3",108,58,58,0,1.0,-0.11821463032106003,0.047619047619047616,0.03416632205989236,0.0,0.0,0.2,0.0034868717193603516,Feasible
1122,1121,6,2,4,"ADD:6,4;ADD:9,0;REMOVE:1,0;REMOVE:2,1;REMOVE:2,4;REMOVE:7,1",0:2|6;1:0|6;2:0|1|4;3:1|2;4:3|4;5:0|1|4;6:0|1;7:1|2;8:1|2;9:8|9,0:2|6;1:6;2:0;3:1|2;4:3|4;5:0|1|4;6:0|1|4;7:2;8:1|2;9:0|8|9,0@3=2;0@4=1;0@5=1;0@6=1;1@4=1;1@1=2;1@7=1;1@9=2;2@2=1;3@4=1;3@5=1;3@6=1;3@1=1;3@7=1;3@9=1;4@4=3;4@5=1;4@1=1;4@9=1;4@2=1;4@8=1;5@4=1;5@5=2;5@1=2;5@2=1;6@4=2;6@1=1;6@0=2;7@3=1;7@4=1;7@0=2;8@3=1;8@6=1;8@1=1;8@7=3;8@9=2;8@2=2;8@8=2;8@0=1;9@3=2;9@4=4;9@5=3;9@6=1;9@1=1;9@7=2;9@2=2;9@8=5;9@0=2,"3,4,5,6,1,7,9,2,8,0",76,48,48,0,1.0,0.014286641303831754,0.18181818181818182,0.03246845948564994,0.0,0.0,0.2,0.006796121597290039,Feasible
1123,1122,6,2,4,"ADD:1,2;ADD:4,0;REMOVE:2,0;REMOVE:6,0;REMOVE:6,1;REMOVE:6,4",0:2|6;1:6;2:0;3:1|2;4:3|4;5:0|1|4;6:0|1|4;7:2;8:1|2;9:0|8|9,0:2|6;1:2|6;2:-;3:1|2;4:0|3|4;5:0|1|4;6:-;7:2;8:1|2;9:0|8|9,0@1=2;0@2=2;0@3=1;0@4=2;0@5=2;0@6=3;1@2=1;1@3=2;1@4=1;1@5=3;1@6=1;1@0=1;1@8=1;1@9=1;3@1=1;3@2=2;3@3=2;3@4=2;3@5=1;3@0=1;3@8=1;4@2=1;4@4=2;4@0=1;4@7=1;5@3=1;5@4=1;5@5=1;5@8=1;7@2=3;7@0=1;7@9=1;8@1=1;8@2=1;8@4=1;8@5=1;8@0=1;8@8=1;8@9=1;9@2=1;9@3=1;9@4=4;9@5=3;9@6=2;9@0=1;9@9=3,"1,2,3,4,5,6,0,8,9,7",69,46,46,0,1.0,0.03140721113127254,0.2,0.03140721113127254,0.0,0.0,0.2,0.006810903549194336,Feasible
1124,1123,8,3,5,"ADD:2,1;ADD:6,4;ADD:6,9;REMOVE:4,0;REMOVE:5,0;REMOVE:5,1;REMOVE:8,1;REMOVE:8,2",0:2|6;1:2|6;2:-;3:1|2;4:0|3|4;5:0|1|4;6:-;7:2;8:1|2;9:0|8|9,0:2|6;1:2|6;2:1;3:1|2;4:3|4;5:4;6:4|9;7:2;8:-;9:0|8|9,0@4=1;0@5=1;0@6=1;0@7=2;0@8=1;0@9=2;1@4=1;1@5=1;1@6=1;1@8=1;1@1=3;1@2=2;2@1=3;2@3=2;3@4=3;3@5=1;3@6=1;3@7=1;3@1=1;3@2=1;4@4=2;4@8=1;4@1=3;4@2=1;5@6=1;5@2=2;6@4=3;6@6=2;6@9=1;6@2=1;6@3=2;7@8=1;7@2=1;7@3=1;9@4=1;9@5=1;9@6=2;9@7=2;9@8=4;9@9=1;9@1=3;9@2=3;9@3=1;9@0=4,"4,5,6,7,8,9,1,2,3,0",74,44,44,0,1.0,0.009752267699847605,0.2777777777777778,0.031974489922069846,0.0,0.0,0.30000000000000004,0.008141040802001953,Feasible
1125,1124,9,9,0,"ADD:2,0;ADD:4,0;ADD:5,0;ADD:5,1;ADD:6,5;ADD:7,1;ADD:8,0;ADD:8,1;ADD:8,4",0:2|6;1:2|6;2:1;3:1|2;4:3|4;5:4;6:4|9;7:2;8:-;9:0|8|9,0:2|6;1:2|6;2:0|1;3:1|2;4:0|3|4;5:0|1|4;6:4|5|9;7:1|2;8:0|1|4;9:0|8|9,0@0=1;0@1=2;0@2=3;0@4=2;0@5=1;0@7=1;1@0=2;1@1=2;1@2=2;1@4=2;1@5=2;1@7=3;1@6=1;1@9=1;2@0=1;2@1=1;2@2=2;3@1=4;3@2=2;3@4=1;3@5=2;3@7=3;3@9=1;4@0=1;4@2=1;4@4=3;4@5=1;5@0=1;5@1=1;5@2=1;5@4=2;5@6=3;5@3=1;6@1=1;6@4=3;6@5=1;7@0=1;7@1=1;7@2=3;7@4=3;7@5=3;7@9=2;7@3=2;8@0=2;8@1=1;8@4=3;8@5=1;8@7=2;8@9=1;9@0=4;9@1=3;9@2=6;9@4=5;9@5=2;9@6=2;9@9=1;9@3=5;9@8=1,"0,1,2,4,5,7,6,9,3,8",116,58,58,0,1.0,-0.8612214927746809,0.0,0.03877850722531911,0.0,0.0,0.8999999999999999,0.001628875732421875,Feasible
1126,1125,1,0,1,"REMOVE:4,0",0:2|6;1:2|6;2:0|1;3:1|2;4:0|3|4;5:0|1|4;6:4|5|9;7:1|2;8:0|1|4;9:0|8|9,0:2|6;1:2|6;2:0|1;3:1|2;4:3|4;5:0|1|4;6:4|5|9;7:1|2;8:0|1|4;9:0|8|9,0@0=1;0@1=1;0@2=2;0@3=2;0@4=2;0@5=2;0@6=3;0@7=2;0@8=1;0@9=1;1@0=1;1@2=3;1@3=1;1@4=1;1@5=2;1@6=1;1@9=1;2@1=2;2@5=2;2@6=1;2@8=1;3@0=1;3@1=2;3@2=2;3@3=1;3@4=1;3@6=1;3@8=2;3@9=2;4@2=2;4@3=1;4@4=3;4@5=1;4@7=1;4@9=1;5@0=1;5@2=3;5@3=1;5@4=1;5@7=1;5@9=1;6@1=1;6@2=3;6@4=1;6@5=1;6@7=1;6@8=1;7@1=1;7@2=2;7@4=2;8@0=1;8@1=3;8@2=2;8@3=2;8@4=2;8@6=1;8@7=1;8@8=2;8@9=1;9@0=4;9@1=3;9@2=6;9@3=3;9@4=5;9@5=4;9@6=4;9@7=3;9@8=2;9@9=1,"0,1,2,3,4,5,6,7,8,9",125,69,69,0,1.0,0.07019099298770853,0.04,0.03019099298770853,0.0,0.0,0.0,0.0035479068756103516,Feasible
1127,1126,3,0,3,"REMOVE:5,1;REMOVE:5,4;REMOVE:6,5",0:2|6;1:2|6;2:0|1;3:1|2;4:3|4;5:0|1|4;6:4|5|9;7:1|2;8:0|1|4;9:0|8|9,0:2|6;1:2|6;2:0|1;3:1|2;4:3|4;5:0;6:4|9;7:1|2;8:0|1|4;9:0|8|9,0@1=1;0@3=1;0@4=2;0@5=1;0@8=1;1@1=1;1@3=1;1@4=1;1@8=2;1@0=1;1@2=2;1@6=1;1@7=1;2@5=3;2@2=1;2@6=1;3@1=2;3@3=1;3@4=2;3@5=2;3@8=2;3@2=1;3@6=1;3@9=4;4@3=2;4@4=3;4@8=1;4@2=3;4@7=2;5@0=1;5@2=3;6@1=1;6@3=1;6@4=1;6@8=1;6@2=1;6@6=1;7@1=1;7@4=2;7@8=1;7@2=2;7@7=1;8@3=1;8@4=5;8@5=2;8@0=1;8@2=4;8@6=1;8@9=2;9@1=7;9@4=8;9@5=4;9@8=2;9@0=4;9@2=9;9@6=5;9@7=2;9@9=1,"1,3,4,5,8,0,2,6,7,9",122,58,58,0,1.0,0.1491170264705527,0.125,0.02411702647055268,0.0,0.0,0.0,0.00607609748840332,Feasible
1128,1127,4,1,3,"ADD:5,1;REMOVE:1,6;REMOVE:6,4;REMOVE:7,1",0:2|6;1:2|6;2:0|1;3:1|2;4:3|4;5:0;6:4|9;7:1|2;8:0|1|4;9:0|8|9,0:2|6;1:2;2:0|1;3:1|2;4:3|4;5:0|1;6:9;7:2;8:0|1|4;9:0|8|9,0@1=1;0@2=3;0@3=1;0@4=2;0@6=1;0@8=1;1@3=1;1@4=2;1@0=1;1@5=2;1@7=1;2@1=1;2@2=1;3@1=1;3@2=1;3@3=3;3@4=1;3@6=1;3@0=1;3@9=1;4@1=1;4@2=3;4@4=1;4@5=1;4@9=1;5@1=3;5@8=1;5@5=2;6@1=1;6@2=1;6@3=1;6@9=1;7@2=2;7@4=2;7@8=1;8@1=2;8@2=4;8@3=1;8@4=2;8@6=2;8@8=2;8@0=1;8@5=1;8@9=1;9@1=3;9@2=8;9@3=1;9@4=11;9@6=2;9@8=1;9@0=2;9@5=3;9@7=3;9@9=2,"1,2,3,4,6,8,0,5,7,9",101,54,54,0,1.0,0.06549628759557793,0.14285714285714285,0.022639144738435084,0.0,0.0,0.1,0.006062746047973633,Feasible
1129,1128,8,5,3,"ADD:1,1;ADD:2,4;ADD:5,4;ADD:6,5;ADD:7,1;REMOVE:0,6;REMOVE:4,4;REMOVE:8,4",0:2|6;1:2;2:0|1;3:1|2;4:3|4;5:0|1;6:9;7:2;8:0|1|4;9:0|8|9,0:2;1:1|2;2:0|1|4;3:1|2;4:3;5:0|1|4;6:5|9;7:1|2;8:0|1;9:0|8|9,0@0=2;0@3=3;0@4=1;0@9=2;1@4=2;1@9=1;1@1=1;1@2=1;2@4=2;2@9=1;3@0=1;3@4=4;3@1=2;3@2=1;3@5=1;3@7=1;4@3=1;4@1=1;5@3=1;5@4=2;5@1=2;5@2=2;5@5=1;5@6=1;6@9=1;6@2=1;6@5=1;6@7=1;7@4=2;7@1=2;7@2=2;7@6=3;8@0=1;8@3=1;8@9=1;8@1=2;8@2=4;9@0=4;9@3=2;9@4=4;9@1=1;9@2=5;9@5=2;9@7=2;9@6=1;9@8=1,"0,3,4,9,1,2,5,7,6,8",81,46,46,0,1.0,-0.31034993005184675,0.15789473684210525,0.03175533310604801,0.0,0.0,0.5,0.005853891372680664,Feasible
1130,1129,8,2,6,"ADD:4,0;ADD:8,4;REMOVE:2,0;REMOVE:2,1;REMOVE:5,0;REMOVE:6,5;REMOVE:6,9;REMOVE:7,1",0:2;1:1|2;2:0|1|4;3:1|2;4:3;5:0|1|4;6:5|9;7:1|2;8:0|1;9:0|8|9,0:2;1:1|2;2:4;3:1|2;4:0|3;5:1|4;6:-;7:2;8:0|1|4;9:0|8|9,0@2=3;0@3=3;0@4=1;0@8=3;1@3=1;1@4=1;1@8=1;1@1=2;1@9=1;2@2=3;3@2=1;3@3=1;3@4=2;3@9=1;3@0=2;3@6=1;4@2=1;4@3=2;4@0=1;4@5=2;5@2=1;5@3=1;5@4=1;5@7=1;7@2=1;7@3=1;7@0=2;7@5=1;8@2=5;8@3=1;8@4=3;8@8=3;8@6=2;8@5=1;9@2=2;9@3=2;9@4=2;9@1=2;9@9=1;9@0=3;9@6=1;9@5=2;9@7=1,"2,3,4,8,1,9,0,6,5,7",73,43,43,0,1.0,0.10975266450426274,0.2857142857142857,0.024038378789977072,0.0,0.0,0.2,0.00921487808227539,Feasible
1131,1130,8,7,1,"ADD:0,1;ADD:2,0;ADD:4,4;ADD:5,5;ADD:6,1;ADD:6,4;ADD:7,1;REMOVE:8,4",0:2;1:1|2;2:4;3:1|2;4:0|3;5:1|4;6:-;7:2;8:0|1|4;9:0|8|9,0:1|2;1:1|2;2:0|4;3:1|2;4:0|3|4;5:1|4|5;6:1|4;7:1|2;8:0|1;9:0|8|9,0@0=1;0@1=1;0@2=4;0@4=3;0@8=1;0@9=2;1@0=1;1@1=1;1@2=2;1@4=1;1@5=1;1@7=1;2@0=1;2@4=1;2@8=1;3@1=1;3@5=1;3@3=1;3@6=2;4@1=2;4@4=3;4@8=1;4@9=3;5@2=3;5@4=1;5@5=1;6@1=1;6@4=1;6@8=2;6@6=1;7@0=2;7@1=2;7@2=2;7@4=1;7@7=1;7@6=4;8@1=1;8@2=3;8@9=1;8@5=1;8@3=2;9@0=4;9@1=3;9@2=4;9@4=2;9@8=2;9@9=2;9@7=2;9@3=1;9@6=3,"0,1,2,4,8,9,5,7,3,6",89,50,50,0,1.0,-0.6062924597069563,0.058823529411764705,0.034884010881278966,0.0,0.0,0.7,0.0033490657806396484,Feasible
1132,1131,7,4,3,"ADD:1,4;ADD:2,1;ADD:6,5;ADD:8,4;REMOVE:1,1;REMOVE:3,1;REMOVE:4,0",0:1|2;1:1|2;2:0|4;3:1|2;4:0|3|4;5:1|4|5;6:1|4;7:1|2;8:0|1;9:0|8|9,0:1|2;1:2|4;2:0|1|4;3:2;4:3|4;5:1|4|5;6:1|4|5;7:1|2;8:0|1|4;9:0|8|9,0@0=1;0@2=2;0@3=1;0@4=3;0@6=2;0@7=4;1@2=3;1@3=1;1@4=1;1@7=1;2@4=3;2@1=1;2@9=1;3@2=4;3@3=1;3@4=2;3@7=5;3@9=1;3@5=2;3@8=1;4@2=2;4@4=1;4@1=2;4@9=1;4@8=1;5@4=1;5@6=1;5@9=1;5@5=1;5@8=1;6@2=1;6@3=1;6@4=1;6@6=1;6@5=1;6@8=1;7@2=2;7@3=2;7@4=1;7@7=1;7@1=2;7@9=2;7@8=2;8@0=1;8@2=3;8@3=1;8@4=3;8@6=1;8@7=2;8@1=2;8@8=2;9@0=2;9@2=2;9@3=2;9@4=8;9@6=3;9@7=1;9@1=5;9@9=3;9@5=3;9@8=6,"0,2,3,4,6,7,1,9,5,8",120,61,61,0,1.0,-0.23591169956342892,0.13043478260869565,0.03365351782787545,0.0,0.0,0.4,0.006548166275024414,Feasible
1133,1132,5,2,3,"ADD:1,1;ADD:3,1;REMOVE:5,1;REMOVE:5,5;REMOVE:6,1",0:1|2;1:2|4;2:0|1|4;3:2;4:3|4;5:1|4|5;6:1|4|5;7:1|2;8:0|1|4;9:0|8|9,0:1|2;1:1|2|4;2:0|1|4;3:1|2;4:3|4;5:4;6:4|5;7:1|2;8:0|1|4;9:0|8|9,0@0=1;0@1=3;0@2=2;0@4=3;0@5=1;0@7=2;0@9=1;1@0=1;1@1=2;1@2=2;1@4=3;1@7=1;1@9=2;1@3=1;1@6=2;1@8=1;2@0=1;2@1=1;2@4=1;3@0=1;3@1=2;3@2=3;3@6=1;4@1=1;4@4=2;4@7=1;4@6=2;4@8=1;5@4=1;6@0=1;6@7=2;6@8=1;7@0=2;7@1=1;7@4=2;7@5=2;7@7=1;7@3=1;8@0=1;8@1=2;8@2=2;8@4=6;8@5=1;8@7=1;8@9=1;8@8=3;9@0=3;9@1=4;9@2=9;9@4=4;9@5=1;9@9=1;9@6=3;9@8=3,"0,1,2,4,5,7,9,3,6,8",104,54,54,0,1.0,-0.03774241057099123,0.125,0.03725758942900878,0.0,0.0,0.2,0.005881071090698242,Feasible
1134,1133,2,2,0,"ADD:4,0;ADD:5,5",0:1|2;1:1|2|4;2:0|1|4;3:1|2;4:3|4;5:4;6:4|5;7:1|2;8:0|1|4;9:0|8|9,0:1|2;1:1|2|4;2:0|1|4;3:1|2;4:0|3|4;5:4|5;6:4|5;7:1|2;8:0|1|4;9:0|8|9,0@0=2;0@1=2;0@5=1;0@7=3;0@9=1;1@1=1;1@5=2;1@7=3;1@2=1;1@3=1;2@2=1;2@3=1;2@6=3;3@0=1;3@5=2;3@7=1;3@9=1;3@2=2;3@3=1;3@8=1;4@0=1;4@1=1;4@7=1;4@9=1;4@2=2;4@3=2;4@6=1;4@8=1;4@4=4;5@5=1;5@4=1;6@0=1;6@5=1;6@3=1;6@4=2;7@0=1;7@1=1;7@5=1;7@7=1;7@9=1;7@2=1;7@3=1;7@4=1;8@0=1;8@1=3;8@5=1;8@7=1;8@2=4;8@3=1;8@6=2;8@8=1;8@4=3;9@0=1;9@5=1;9@7=2;9@9=2;9@2=1;9@3=1;9@6=4;9@8=3;9@4=7,"0,1,5,7,9,2,3,6,8,4",99,61,61,0,1.0,-0.16755260536175975,0.0,0.03244739463824026,0.0,0.0,0.2,0.0016751289367675781,Feasible
1135,1134,5,2,3,"ADD:5,9;ADD:6,9;REMOVE:0,1;REMOVE:1,4;REMOVE:4,0",0:1|2;1:1|2|4;2:0|1|4;3:1|2;4:0|3|4;5:4|5;6:4|5;7:1|2;8:0|1|4;9:0|8|9,0:2;1:1|2;2:0|1|4;3:1|2;4:3|4;5:4|5|9;6:4|5|9;7:1|2;8:0|1|4;9:0|8|9,0@2=2;0@3=3;0@4=1;0@5=1;0@7=1;0@9=1;1@2=2;1@3=1;1@4=2;1@5=1;1@7=1;1@9=1;1@1=1;1@8=1;2@4=1;2@9=1;2@8=1;2@0=1;3@2=1;3@4=2;3@5=1;3@7=1;3@9=3;3@8=4;3@0=2;3@6=1;4@2=2;4@4=2;4@5=2;4@1=3;4@8=2;4@6=1;5@4=1;5@5=1;5@7=2;5@9=1;5@1=1;5@0=1;5@6=2;6@2=1;6@7=2;6@9=1;6@1=2;7@2=3;7@5=1;7@9=2;7@8=1;7@0=1;7@6=2;8@2=2;8@3=1;8@4=3;8@5=2;8@7=1;8@9=1;8@1=4;8@8=1;8@6=1;9@2=1;9@3=6;9@4=5;9@5=3;9@7=1;9@1=1;9@8=1;9@0=1;9@6=3,"2,3,4,5,7,9,1,8,0,6",113,67,67,0,1.0,-0.057146311201057565,0.12,0.022853688798942444,0.0,0.0,0.2,0.00639796257019043,Feasible
1136,1135,5,2,3,"ADD:0,6;ADD:4,0;REMOVE:2,1;REMOVE:5,4;REMOVE:6,4",0:2;1:1|2;2:0|1|4;3:1|2;4:3|4;5:4|5|9;6:4|5|9;7:1|2;8:0|1|4;9:0|8|9,0:2|6;1:1|2;2:0|4;3:1|2;4:0|3|4;5:5|9;6:5|9;7:1|2;8:0|1|4;9:0|8|9,0@0=1;0@2=1;0@3=3;0@4=4;0@6=2;0@7=2;0@8=2;1@0=2;1@2=2;1@3=1;1@4=1;1@8=1;1@1=1;1@5=2;2@0=1;2@2=1;2@6=2;2@7=2;2@8=1;3@2=2;3@3=1;3@4=4;3@6=2;3@5=2;4@0=1;4@2=1;4@4=1;4@6=1;4@8=1;5@2=1;5@7=1;5@1=1;5@5=1;5@9=1;6@0=1;6@2=1;6@1=1;6@9=2;7@0=1;7@2=2;7@4=2;7@1=1;7@5=1;7@9=3;8@2=1;8@3=4;8@4=1;8@6=1;8@7=1;8@8=1;8@1=1;8@5=1;9@0=1;9@2=4;9@4=7;9@6=3;9@7=2;9@8=2;9@1=3;9@5=1;9@9=1,"0,2,3,4,6,7,8,1,5,9",103,61,61,0,1.0,-0.0509857434853373,0.125,0.024014256514662706,0.0,0.0,0.2,0.006163120269775391,Feasible
1137,1136,3,3,0,"ADD:2,3;ADD:5,4;ADD:6,4",0:2|6;1:1|2;2:0|4;3:1|2;4:0|3|4;5:5|9;6:5|9;7:1|2;8:0|1|4;9:0|8|9,0:2|6;1:1|2;2:0|3|4;3:1|2;4:0|3|4;5:4|5|9;6:4|5|9;7:1|2;8:0|1|4;9:0|8|9,0@2=1;0@3=2;0@5=1;1@2=1;1@0=1;1@4=2;1@7=1;1@9=1;2@2=1;2@3=1;2@4=2;2@8=1;3@2=1;3@5=1;3@0=1;3@9=1;3@8=1;3@1=1;3@6=1;4@4=1;4@7=1;4@9=1;4@6=1;5@2=1;5@4=1;5@8=1;6@3=1;6@4=1;6@9=1;7@5=1;7@4=1;7@9=1;7@1=1;8@2=2;8@3=1;8@0=2;8@4=3;8@7=1;8@9=1;8@1=2;9@2=3;9@3=2;9@0=1;9@4=2;9@7=3;9@9=1;9@1=4,"2,3,5,0,4,7,9,8,1,6",64,47,47,0,1.0,-0.26779445982106137,0.0,0.03220554017893869,0.0,0.0,0.30000000000000004,0.00150299072265625,Feasible
1138,1137,5,1,4,"ADD:0,1;REMOVE:2,0;REMOVE:5,4;REMOVE:6,5;REMOVE:8,0",0:2|6;1:1|2;2:0|3|4;3:1|2;4:0|3|4;5:4|5|9;6:4|5|9;7:1|2;8:0|1|4;9:0|8|9,0:1|2|6;1:1|2;2:3|4;3:1|2;4:0|3|4;5:5|9;6:4|9;7:1|2;8:1|4;9:0|8|9,0@0=2;0@1=1;0@4=4;0@7=1;0@8=2;1@0=1;1@1=1;1@2=1;1@5=2;1@6=1;2@1=1;2@4=3;2@8=1;2@5=1;2@3=1;3@0=2;3@4=2;3@8=1;3@6=2;3@9=2;4@0=1;4@1=1;4@4=1;4@7=1;4@3=1;5@1=1;5@8=2;5@3=2;5@9=1;6@1=1;6@4=1;6@7=2;6@8=1;6@3=1;7@2=2;7@5=1;7@6=2;8@4=1;8@2=1;8@6=1;8@9=1;9@0=1;9@1=6;9@4=4;9@7=1;9@8=2;9@2=5;9@5=1;9@6=3;9@3=1;9@9=1,"0,1,4,7,8,2,5,6,3,9",83,51,51,0,1.0,0.07638281242295325,0.15384615384615385,0.022536658576799404,0.0,0.0,0.1,0.007398128509521484,Feasible
1139,1138,8,3,5,"ADD:5,4;ADD:6,5;ADD:8,5;REMOVE:0,1;REMOVE:0,6;REMOVE:3,1;REMOVE:4,4;REMOVE:7,1",0:1|2|6;1:1|2;2:3|4;3:1|2;4:0|3|4;5:5|9;6:4|9;7:1|2;8:1|4;9:0|8|9,0:2;1:1|2;2:3|4;3:2;4:0|3;5:4|5|9;6:4|5|9;7:2;8:1|4|5;9:0|8|9,0@2=1;0@3=1;0@4=5;0@8=1;1@2=2;1@4=1;1@0=2;1@5=1;1@6=1;1@7=1;1@9=1;2@5=1;2@6=1;3@2=1;3@3=2;3@4=1;3@0=2;3@5=3;3@7=2;4@2=2;4@3=1;4@0=1;4@7=1;4@1=4;5@4=1;5@9=1;6@2=2;6@3=1;6@8=1;6@5=1;6@6=1;7@2=3;7@3=1;7@8=1;7@9=1;8@2=1;8@5=1;8@7=1;8@9=1;8@1=4;9@2=7;9@3=2;9@4=1;9@8=3;9@0=2;9@5=2;9@6=1;9@7=5;9@9=2;9@1=3,"2,3,4,8,0,5,6,7,9,1",89,50,50,0,1.0,-0.05410194560216461,0.21739130434782608,0.028506750050009348,0.0,0.0,0.30000000000000004,0.008056163787841797,Feasible
1140,1139,7,5,2,"ADD:0,1;ADD:1,0;ADD:3,1;ADD:4,4;ADD:7,1;REMOVE:1,1;REMOVE:5,4",0:2;1:1|2;2:3|4;3:2;4:0|3;5:4|5|9;6:4|5|9;7:2;8:1|4|5;9:0|8|9,0:1|2;1:0|2;2:3|4;3:1|2;4:0|3|4;5:5|9;6:4|5|9;7:1|2;8:1|4|5;9:0|8|9,0@1=7;0@2=1;0@4=4;0@5=1;0@7=1;0@9=1;1@4=1;1@7=1;1@9=2;1@0=2;1@3=1;1@8=1;2@2=1;2@3=1;2@8=2;3@1=1;3@2=1;3@4=3;3@5=1;3@3=1;3@6=1;4@1=1;4@2=4;4@4=1;4@5=2;4@7=2;4@3=1;5@1=2;5@3=1;5@8=1;6@2=1;6@4=1;6@7=1;6@9=1;6@0=1;6@3=1;7@1=1;7@4=2;7@9=1;7@0=1;7@3=2;7@6=1;8@1=2;8@2=3;8@4=6;8@7=3;8@0=1;8@3=1;8@8=1;8@6=1;9@1=3;9@2=4;9@4=7;9@5=1;9@7=4;9@9=5;9@0=1;9@3=1;9@6=1,"1,2,4,5,7,9,0,3,8,6",109,59,59,0,1.0,-0.37420565412046825,0.09523809523809523,0.030556250641436546,0.0,0.0,0.5,0.004884004592895508,Feasible
1141,1140,2,2,0,"ADD:1,1;ADD:5,4",0:1|2;1:0|2;2:3|4;3:1|2;4:0|3|4;5:5|9;6:4|5|9;7:1|2;8:1|4|5;9:0|8|9,0:1|2;1:0|1|2;2:3|4;3:1|2;4:0|3|4;5:4|5|9;6:4|5|9;7:1|2;8:1|4|5;9:0|8|9,0@0=1;0@2=4;0@4=6;0@5=2;0@6=1;0@7=1;1@0=1;1@2=1;1@4=6;1@5=1;1@7=1;1@1=1;1@3=2;2@2=3;2@4=2;2@5=1;2@8=1;3@2=2;3@4=5;3@5=1;3@6=2;3@7=1;3@3=1;3@9=1;4@0=1;4@2=4;4@4=1;4@5=1;4@6=1;4@7=2;4@1=1;4@9=3;5@0=1;5@2=4;5@4=3;5@5=2;5@1=2;5@3=1;5@9=1;6@0=1;6@4=5;6@6=1;6@1=2;6@8=3;7@2=4;7@4=2;7@5=1;7@6=2;7@1=4;8@0=1;8@2=1;8@4=1;8@5=3;8@6=1;8@7=2;8@1=3;8@3=1;8@9=2;9@0=5;9@2=4;9@4=8;9@5=2;9@6=1;9@7=1;9@1=1;9@3=5;9@8=2;9@9=1,"0,2,4,5,6,7,1,3,8,9",146,68,68,0,1.0,-0.16715288666632638,0.0,0.032847113333673614,0.0,0.0,0.2,0.0016410350799560547,Feasible
1142,1141,2,0,2,"REMOVE:1,2;REMOVE:5,5",0:1|2;1:0|1|2;2:3|4;3:1|2;4:0|3|4;5:4|5|9;6:4|5|9;7:1|2;8:1|4|5;9:0|8|9,0:1|2;1:0|1;2:3|4;3:1|2;4:0|3|4;5:4|9;6:4|5|9;7:1|2;8:1|4|5;9:0|8|9,0@0=1;0@1=2;0@2=3;0@3=1;0@4=3;0@7=1;0@8=1;0@9=1;1@1=1;1@2=1;1@7=2;1@8=4;1@5=2;1@6=1;2@1=1;2@2=1;2@5=1;2@6=1;3@0=1;3@1=2;3@2=4;3@3=1;3@4=2;3@8=1;3@9=3;3@5=1;3@6=3;4@0=1;4@2=3;4@8=1;4@9=2;5@1=1;5@2=1;5@3=1;5@4=1;5@9=1;6@0=2;6@2=1;6@3=1;6@4=1;6@8=1;7@0=1;7@1=2;7@2=2;7@4=1;7@9=1;8@0=2;8@1=1;8@2=1;8@3=1;8@4=4;8@7=1;8@8=2;9@0=3;9@1=4;9@2=4;9@3=2;9@4=6;9@7=3;9@8=1;9@9=5;9@5=2;9@6=2,"0,1,2,3,4,7,8,9,5,6",115,63,63,0,1.0,0.10617109011683062,0.07692307692307693,0.0292480131937537,0.0,0.0,0.0,0.0059430599212646484,Feasible
1143,1142,3,1,2,"ADD:1,4;REMOVE:6,5;REMOVE:8,1",0:1|2;1:0|1;2:3|4;3:1|2;4:0|3|4;5:4|9;6:4|5|9;7:1|2;8:1|4|5;9:0|8|9,0:1|2;1:0|1|4;2:3|4;3:1|2;4:0|3|4;5:4|9;6:4|9;7:1|2;8:4|5;9:0|8|9,0@1=2;0@2=2;0@3=1;0@9=1;1@1=2;1@2=2;1@4=2;1@6=2;1@7=1;2@1=1;2@2=2;2@3=1;2@9=1;2@4=1;2@6=2;2@7=1;2@8=1;3@1=1;3@2=3;3@3=3;3@9=2;3@4=2;3@0=2;3@5=2;4@2=2;4@9=1;4@4=3;4@6=2;4@0=1;5@1=2;5@9=1;5@4=2;5@8=1;6@1=1;6@2=3;6@9=2;6@4=1;6@7=1;7@1=1;7@2=3;7@3=2;7@4=3;7@7=1;7@8=1;7@0=1;8@2=2;8@3=1;8@4=1;8@7=1;8@0=1;8@5=1;9@1=2;9@2=1;9@3=1;9@4=3;9@6=2;9@7=2;9@8=1;9@0=2;9@5=1,"1,2,3,9,4,6,7,8,0,5",97,60,60,0,1.0,0.016246106993701687,0.08333333333333333,0.03291277366036837,0.0,0.0,0.1,0.0046732425689697266,Feasible
1144,1143,8,2,6,"ADD:2,0;ADD:8,1;REMOVE:1,0;REMOVE:1,1;REMOVE:3,1;REMOVE:4,0;REMOVE:4,4;REMOVE:5,9",0:1|2;1:0|1|4;2:3|4;3:1|2;4:0|3|4;5:4|9;6:4|9;7:1|2;8:4|5;9:0|8|9,0:1|2;1:4;2:0|3|4;3:2;4:3;5:4;6:4|9;7:1|2;8:1|4|5;9:0|8|9,0@1=1;0@2=2;0@3=1;0@4=2;1@2=3;1@4=3;1@6=1;2@3=1;2@4=1;2@0=2;3@4=2;3@5=1;4@1=2;4@2=3;4@5=2;4@7=1;5@2=1;5@8=1;6@2=1;6@4=2;6@7=1;6@9=1;7@1=1;7@2=1;7@3=1;7@4=1;7@6=2;7@5=2;7@8=1;8@1=3;8@2=1;8@4=2;8@5=2;9@1=5;9@2=5;9@3=5;9@4=1;9@6=2;9@0=3;9@5=2;9@7=2;9@8=1,"1,2,3,4,6,0,5,7,8,9",78,42,42,0,1.0,0.0961040094029324,0.2608695652173913,0.03523444418554111,0.0,0.0,0.2,0.009263038635253906,Feasible
1145,1144,6,5,1,"ADD:1,0;ADD:1,3;ADD:4,0;ADD:4,4;ADD:5,1;REMOVE:2,0",0:1|2;1:4;2:0|3|4;3:2;4:3;5:4;6:4|9;7:1|2;8:1|4|5;9:0|8|9,0:1|2;1:0|3|4;2:3|4;3:2;4:0|3|4;5:1|4;6:4|9;7:1|2;8:1|4|5;9:0|8|9,0@1=3;0@2=6;0@3=1;0@4=1;0@5=1;0@8=1;0@9=1;1@3=2;1@4=2;1@8=1;1@0=2;2@1=1;2@8=1;3@2=4;3@3=1;3@4=1;3@8=1;3@0=1;4@1=1;4@2=2;4@4=3;4@5=1;4@9=1;4@0=3;4@6=1;5@1=1;5@2=2;5@4=3;5@9=1;5@7=1;6@1=1;6@2=1;6@4=2;6@6=1;7@1=2;7@2=1;7@4=1;7@8=1;7@9=1;7@0=1;7@7=1;8@1=1;8@2=8;8@4=1;8@5=1;8@9=1;8@0=1;8@6=3;8@7=1;9@1=2;9@2=3;9@3=4;9@4=8;9@5=2;9@8=2;9@9=1;9@0=1;9@6=3;9@7=1,"1,2,3,4,5,8,9,0,6,7",108,59,59,0,1.0,-0.407141998090094,0.05263157894736842,0.04022642296253759,0.0,0.0,0.5,0.0033431053161621094,Feasible
1146,1145,4,2,2,"ADD:5,0;ADD:6,0;REMOVE:1,0;REMOVE:9,0",0:1|2;1:0|3|4;2:3|4;3:2;4:0|3|4;5:1|4;6:4|9;7:1|2;8:1|4|5;9:0|8|9,0:1|2;1:3|4;2:3|4;3:2;4:0|3|4;5:0|1|4;6:0|4|9;7:1|2;8:1|4|5;9:8|9,0@0=1;0@1=3;0@2=2;0@3=1;0@4=4;0@7=2;0@8=1;1@1=1;1@2=1;1@4=2;1@7=1;1@5=1;1@6=1;1@9=1;2@2=3;2@3=1;2@4=1;3@5=1;4@0=2;4@1=1;4@2=3;4@3=1;4@4=3;4@7=1;4@8=3;4@5=1;4@6=1;4@9=1;5@0=1;5@1=3;5@4=2;5@7=1;5@6=2;5@9=1;6@0=2;6@1=1;6@2=3;6@3=1;7@1=3;7@2=2;7@3=1;7@7=2;7@8=1;7@9=1;8@1=2;8@2=2;8@3=2;8@4=4;8@8=1;8@5=1;8@6=1;9@1=6;9@2=4;9@3=4;9@4=8;9@7=1;9@8=2;9@5=3;9@6=2;9@9=4,"0,1,2,3,4,7,8,5,6,9",119,60,60,0,1.0,-0.07752291740491232,0.08695652173913043,0.03552056085595725,0.0,0.0,0.2,0.00474095344543457,Feasible
1147,1146,6,3,3,"ADD:1,0;ADD:2,0;ADD:3,6;REMOVE:4,0;REMOVE:5,4;REMOVE:8,5",0:1|2;1:3|4;2:3|4;3:2;4:0|3|4;5:0|1|4;6:0|4|9;7:1|2;8:1|4|5;9:8|9,0:1|2;1:0|3|4;2:0|3|4;3:2|6;4:3|4;5:0|1;6:0|4|9;7:1|2;8:1|4;9:8|9,0@1=4;0@2=9;0@3=1;0@4=3;0@5=2;0@8=1;1@1=1;1@2=1;1@4=3;1@8=1;1@0=2;1@7=1;1@9=1;2@1=2;2@2=1;2@3=1;2@5=1;2@0=1;2@7=1;3@2=5;3@4=4;3@0=1;3@7=2;3@9=1;3@6=1;4@2=2;4@3=1;4@4=1;4@9=2;5@1=2;5@2=2;5@5=1;5@0=1;5@7=2;6@1=1;6@2=4;6@4=2;6@5=1;7@1=1;7@2=2;7@3=2;7@4=1;7@5=1;7@8=1;7@0=1;7@6=1;8@1=2;8@2=1;8@3=1;8@4=2;8@7=1;8@9=1;9@1=4;9@2=9;9@3=3;9@4=7;9@8=3;9@7=3;9@9=3;9@6=3,"1,2,3,4,5,8,0,7,9,6",126,60,60,0,1.0,-0.13387487640612122,0.13043478260869565,0.03569034098518316,0.0,0.0,0.30000000000000004,0.006177186965942383,Feasible
1148,1147,7,4,3,"ADD:4,0;ADD:5,4;ADD:8,5;ADD:9,0;REMOVE:2,0;REMOVE:2,4;REMOVE:6,0",0:1|2;1:0|3|4;2:0|3|4;3:2|6;4:3|4;5:0|1;6:0|4|9;7:1|2;8:1|4;9:8|9,0:1|2;1:0|3|4;2:3;3:2|6;4:0|3|4;5:0|1|4;6:4|9;7:1|2;8:1|4|5;9:0|8|9,0@1=2;0@2=2;0@4=2;0@6=1;0@8=1;0@9=1;1@1=1;1@2=2;1@4=1;1@6=1;1@8=2;1@9=2;1@0=1;1@3=1;1@5=2;1@7=2;2@1=1;2@9=1;3@1=2;3@2=2;3@4=1;3@9=4;3@5=1;4@1=1;4@2=1;4@8=1;4@0=1;4@5=1;4@7=1;5@1=1;5@2=1;5@4=1;5@8=4;5@7=1;6@1=3;6@2=3;6@4=1;6@9=2;6@3=1;6@7=2;7@1=1;7@2=1;7@4=3;7@6=1;7@9=1;7@3=2;7@5=1;8@2=1;8@4=6;8@8=1;8@9=1;8@3=1;8@5=1;8@7=1;9@1=4;9@2=4;9@4=4;9@6=1;9@8=1;9@9=2;9@0=1;9@5=2;9@7=1,"1,2,4,6,8,9,0,3,5,7",104,63,63,0,1.0,-0.24156517095335137,0.13043478260869565,0.028000046437953,0.0,0.0,0.4,0.0062258243560791016,Feasible
1149,1148,7,3,4,"ADD:2,0;ADD:2,6;ADD:6,0;REMOVE:0,1;REMOVE:1,0;REMOVE:5,0;REMOVE:8,1",0:1|2;1:0|3|4;2:3;3:2|6;4:0|3|4;5:0|1|4;6:4|9;7:1|2;8:1|4|5;9:0|8|9,0:2;1:3|4;2:0|3|6;3:2|6;4:0|3|4;5:1|4;6:0|4|9;7:1|2;8:4|5;9:0|8|9,0@0=2;0@2=3;0@4=2;0@7=1;0@8=1;1@2=1;1@4=2;1@7=1;1@1=1;1@3=1;2@0=1;2@2=1;2@7=1;2@1=1;2@6=1;3@0=1;3@2=3;3@4=5;3@7=1;3@1=3;3@5=2;3@9=2;4@0=1;4@2=1;4@7=1;4@8=1;4@1=3;4@3=1;4@6=1;4@9=2;5@4=3;5@8=1;5@3=1;6@0=1;6@2=2;6@4=1;6@7=1;6@3=1;7@4=1;7@7=1;7@1=2;7@3=3;7@9=1;8@0=2;8@2=2;8@4=1;8@7=1;8@3=1;8@6=1;8@5=2;9@0=2;9@2=3;9@4=2;9@7=4;9@8=4;9@1=3;9@3=5;9@6=2;9@5=1,"0,2,4,7,8,1,3,6,5,9",103,59,59,0,1.0,-0.10528030404290886,0.16666666666666666,0.028053029290424514,0.0,0.0,0.30000000000000004,0.007483959197998047,Feasible
1150,1149,9,2,7,"ADD:0,6;ADD:8,1;REMOVE:2,0;REMOVE:2,3;REMOVE:3,2;REMOVE:4,0;REMOVE:5,1;REMOVE:6,0;REMOVE:9,0",0:2;1:3|4;2:0|3|6;3:2|6;4:0|3|4;5:1|4;6:0|4|9;7:1|2;8:4|5;9:0|8|9,0:2|6;1:3|4;2:6;3:6;4:3|4;5:4;6:4|9;7:1|2;8:1|4|5;9:8|9,0@4=1;0@5=1;0@6=1;0@7=1;0@8=1;1@4=2;1@5=2;1@6=1;1@1=4;1@9=1;2@7=1;3@4=2;3@7=1;3@1=1;4@4=1;4@6=1;4@1=1;4@2=2;4@3=2;5@4=1;5@6=2;5@2=1;6@4=1;6@6=1;6@7=1;6@8=1;6@1=1;6@3=1;7@6=1;7@7=2;7@8=2;7@1=2;7@2=2;8@4=1;8@5=1;8@8=1;8@1=1;8@9=1;8@3=1;8@0=2;9@4=3;9@5=3;9@6=1;9@7=4;9@1=3;9@2=2;9@3=2,"4,5,6,7,8,1,9,2,3,0",72,47,47,0,1.0,0.12476577458805843,0.30434782608695654,0.020417948501101877,0.0,0.0,0.2,0.010538101196289062,Feasible
1151,1150,8,7,1,"ADD:1,0;ADD:3,0;ADD:3,3;ADD:4,0;ADD:5,0;ADD:5,1;ADD:9,0;REMOVE:6,9",0:2|6;1:3|4;2:6;3:6;4:3|4;5:4;6:4|9;7:1|2;8:1|4|5;9:8|9,0:2|6;1:0|3|4;2:6;3:0|3|6;4:0|3|4;5:0|1|4;6:4;7:1|2;8:1|4|5;9:0|8|9,0@0=1;0@1=2;0@4=1;0@7=2;1@0=1;1@4=1;1@7=2;1@2=1;1@5=1;2@4=1;3@0=1;3@1=1;3@4=1;3@5=1;3@3=1;4@0=1;4@1=2;4@4=3;4@7=1;4@5=2;4@3=1;4@6=1;4@9=2;5@0=1;5@1=2;5@2=1;6@4=2;6@7=1;7@1=1;7@4=1;7@5=2;7@6=1;7@9=1;8@0=1;8@1=1;8@4=3;8@7=1;8@9=2;8@8=1;9@0=2;9@1=3;9@4=4;9@2=4;9@6=2;9@8=1,"0,1,4,7,2,5,3,6,9,8",69,45,45,0,1.0,-0.612333109245961,0.05555555555555555,0.03211133519848345,0.0,0.0,0.7,0.003103971481323242,Feasible
1152,1151,7,1,6,"ADD:6,9;REMOVE:1,0;REMOVE:3,0;REMOVE:3,3;REMOVE:3,6;REMOVE:5,0;REMOVE:9,0",0:2|6;1:0|3|4;2:6;3:0|3|6;4:0|3|4;5:0|1|4;6:4;7:1|2;8:1|4|5;9:0|8|9,0:2|6;1:3|4;2:6;3:-;4:0|3|4;5:1|4;6:4|9;7:1|2;8:1|4|5;9:8|9,0@0=1;0@1=1;0@4=1;0@5=1;0@6=1;0@7=1;0@8=1;1@1=1;1@4=1;2@8=1;4@0=1;4@1=1;4@4=1;4@8=1;4@2=2;4@3=1;4@9=2;5@1=2;5@4=1;5@7=1;5@8=1;5@2=1;6@4=3;6@2=1;6@9=1;7@0=4;7@1=1;7@4=1;7@8=1;7@2=2;8@0=1;8@1=3;8@4=1;8@5=1;8@7=1;8@2=1;9@1=5;9@4=6;9@6=1;9@7=1;9@8=1;9@2=4;9@9=3,"0,1,4,5,6,7,8,2,3,9",68,43,43,0,1.0,0.18708147370724923,0.25,0.03708147370724922,0.0,0.0,0.1,0.009222030639648438,Feasible
1153,1152,9,8,1,"ADD:1,0;ADD:2,2;ADD:3,0;ADD:3,1;ADD:3,4;ADD:5,0;ADD:6,0;ADD:9,0;REMOVE:4,3",0:2|6;1:3|4;2:6;3:-;4:0|3|4;5:1|4;6:4|9;7:1|2;8:1|4|5;9:8|9,0:2|6;1:0|3|4;2:2|6;3:0|1|4;4:0|4;5:0|1|4;6:0|4|9;7:1|2;8:1|4|5;9:0|8|9,0@0=1;0@1=3;0@2=3;0@3=1;0@4=5;0@8=2;1@0=3;1@1=2;1@2=2;1@3=3;1@4=1;1@5=2;1@6=2;2@2=1;2@4=1;2@5=1;3@0=1;3@1=1;3@2=1;3@4=1;3@8=1;4@0=1;4@2=1;4@4=1;4@5=1;5@0=1;5@1=1;5@2=1;5@4=3;5@6=1;5@7=1;6@0=1;6@2=1;6@3=1;6@4=1;6@7=2;7@0=1;7@1=1;7@2=1;7@3=2;7@4=5;7@5=1;7@6=1;8@0=1;8@1=2;8@3=3;8@4=3;8@8=2;8@5=1;8@6=2;8@7=2;9@0=4;9@1=4;9@2=6;9@3=4;9@4=4;9@8=1;9@5=2;9@6=1;9@7=4;9@9=3,"0,1,2,3,4,8,5,6,7,9",117,61,61,0,1.0,-0.7134694009618909,0.05263157894736842,0.033899020090740535,0.0,0.0,0.7999999999999999,0.0034360885620117188,Feasible
1154,1153,8,0,8,"REMOVE:1,0;REMOVE:2,2;REMOVE:3,0;REMOVE:4,0;REMOVE:4,4;REMOVE:6,0;REMOVE:6,9;REMOVE:8,1",0:2|6;1:0|3|4;2:2|6;3:0|1|4;4:0|4;5:0|1|4;6:0|4|9;7:1|2;8:1|4|5;9:0|8|9,0:2|6;1:3|4;2:6;3:1|4;4:-;5:0|1|4;6:4;7:1|2;8:4|5;9:0|8|9,0@1=2;0@2=2;0@3=1;0@4=3;0@5=1;1@2=1;1@3=1;1@4=1;1@7=3;2@9=1;3@1=1;3@2=3;3@7=1;3@8=1;5@1=1;5@3=2;5@4=2;5@5=1;5@7=1;5@9=2;5@0=1;6@2=2;6@4=1;6@8=1;6@6=1;7@1=3;7@2=2;7@4=2;7@7=3;8@2=5;8@3=1;8@4=2;8@5=2;8@7=2;8@8=3;8@6=1;9@1=4;9@2=3;9@3=2;9@4=6;9@5=2;9@7=3;9@9=3;9@8=2;9@0=1;9@6=3,"1,2,3,4,5,7,9,8,0,6",92,46,46,0,1.0,0.3344036753888571,0.3076923076923077,0.02671136769654939,0.0,0.0,0.0,0.012582778930664062,Feasible
1155,1154,6,4,2,"ADD:2,2;ADD:3,0;ADD:6,5;ADD:8,9;REMOVE:5,0;REMOVE:5,1",0:2|6;1:3|4;2:6;3:1|4;4:-;5:0|1|4;6:4;7:1|2;8:4|5;9:0|8|9,0:2|6;1:3|4;2:2|6;3:0|1|4;4:-;5:4;6:4|5;7:1|2;8:4|5|9;9:0|8|9,0@1=1;0@2=1;0@4=2;0@6=2;1@1=2;1@2=2;1@4=2;1@3=3;1@5=1;1@7=1;1@9=1;2@1=5;2@2=4;2@6=1;2@5=2;2@7=3;2@9=2;2@0=3;3@4=2;3@6=1;3@0=1;3@8=3;5@2=2;5@4=1;6@4=3;6@5=2;6@7=2;7@2=1;7@6=1;7@9=1;7@0=1;7@8=1;8@2=1;8@4=2;8@6=6;8@7=1;8@9=1;9@1=2;9@2=4;9@4=3;9@6=3;9@3=1;9@5=2;9@7=2;9@9=2;9@0=1;9@8=2,"1,2,4,6,3,5,7,9,0,8",93,47,47,0,1.0,-0.2561479830128992,0.1111111111111111,0.03274090587598973,0.0,0.0,0.4,0.005211830139160156,Feasible
1156,1155,4,1,3,"ADD:5,3;REMOVE:3,0;REMOVE:8,5;REMOVE:9,0",0:2|6;1:3|4;2:2|6;3:0|1|4;4:-;5:4;6:4|5;7:1|2;8:4|5|9;9:0|8|9,0:2|6;1:3|4;2:2|6;3:1|4;4:-;5:3|4;6:4|5;7:1|2;8:4|9;9:8|9,0@1=4;0@2=2;0@3=2;0@4=3;0@6=1;0@8=2;0@9=1;1@2=5;1@3=1;1@4=3;1@6=1;1@8=1;1@5=1;1@7=2;2@1=2;2@3=1;2@4=2;2@8=1;2@9=1;2@5=1;2@7=3;2@0=1;3@1=1;3@2=5;3@3=2;3@4=1;3@6=2;3@9=1;5@2=4;5@3=1;5@9=1;6@3=1;6@4=2;6@6=1;6@7=1;7@1=2;7@3=2;7@4=2;7@6=1;7@8=1;7@0=1;8@1=2;8@2=1;8@3=1;8@4=2;8@6=1;8@8=2;8@9=1;8@7=1;9@1=1;9@3=1;9@4=3;9@9=2;9@5=1;9@7=2,"1,2,3,4,6,8,9,5,7,0",94,55,55,0,1.0,0.07066854214593557,0.15,0.020668542145935567,0.0,0.0,0.1,0.005953073501586914,Feasible
1157,1156,5,3,2,"ADD:3,5;ADD:8,5;ADD:9,0;REMOVE:0,6;REMOVE:7,2",0:2|6;1:3|4;2:2|6;3:1|4;4:-;5:3|4;6:4|5;7:1|2;8:4|9;9:8|9,0:2;1:3|4;2:2|6;3:1|4|5;4:-;5:3|4;6:4|5;7:1;8:4|5|9;9:0|8|9,0@4=3;0@5=2;0@8=1;0@9=1;1@4=1;1@5=1;1@9=1;1@1=1;1@2=3;1@3=1;1@7=1;2@4=6;2@5=1;2@9=1;2@1=2;2@2=3;2@3=1;2@7=1;2@0=2;2@6=2;3@4=1;3@5=1;3@9=1;3@2=1;3@6=1;5@4=1;5@1=2;5@2=2;5@3=1;5@7=2;5@6=2;6@5=2;7@6=1;8@4=2;8@5=2;8@8=1;8@1=1;8@2=1;8@0=3;8@6=2;9@4=2;9@8=1;9@1=4;9@2=4;9@0=1;9@6=1,"4,5,8,9,1,2,3,7,0,6",78,46,46,0,1.0,-0.1655560776217435,0.1111111111111111,0.023332811267145433,0.0,0.0,0.30000000000000004,0.004425764083862305,Feasible
1158,1157,6,4,2,"ADD:0,1;ADD:4,7;ADD:7,4;ADD:7,5;REMOVE:8,4;REMOVE:8,5",0:2;1:3|4;2:2|6;3:1|4|5;4:-;5:3|4;6:4|5;7:1;8:4|5|9;9:0|8|9,0:1|2;1:3|4;2:2|6;3:1|4|5;4:7;5:3|4;6:4|5;7:1|4|5;8:9;9:0|8|9,0@1=1;0@4=1;0@6=2;0@7=1;0@8=2;1@8=1;1@5=1;1@9=2;2@1=1;2@4=3;2@8=1;2@9=1;2@0=1;2@2=1;2@3=2;3@1=3;3@4=1;3@6=1;3@5=1;3@0=1;4@7=1;5@4=1;5@8=1;5@9=1;6@4=1;6@8=1;6@3=1;7@4=1;7@6=2;7@8=1;7@5=2;8@1=2;8@9=1;8@2=2;9@1=2;9@4=5;9@6=1;9@9=1;9@0=1;9@2=2;9@3=1,"1,4,6,7,8,5,9,0,2,3",59,41,41,0,1.0,-0.2670123480915149,0.10526315789473684,0.02772449401374828,0.0,0.0,0.4,0.0044291019439697266,Feasible
1159,1158,7,3,4,"ADD:6,1;ADD:8,4;ADD:8,5;REMOVE:3,1;REMOVE:3,5;REMOVE:7,1;REMOVE:9,9",0:1|2;1:3|4;2:2|6;3:1|4|5;4:7;5:3|4;6:4|5;7:1|4|5;8:9;9:0|8|9,0:1|2;1:3|4;2:2|6;3:4;4:7;5:3|4;6:1|4|5;7:4|5;8:4|5|9;9:0|8,0@1=1;0@4=2;0@6=2;1@1=1;1@4=2;1@2=1;1@3=1;1@8=1;2@1=1;2@2=1;2@8=1;2@9=1;3@6=1;4@8=1;5@1=1;5@4=1;5@6=1;5@7=1;6@1=1;6@4=2;6@6=3;6@7=1;6@5=2;7@4=2;7@2=1;7@3=2;7@5=1;8@1=3;8@4=2;8@6=1;8@2=3;8@3=2;8@8=1;8@9=1;8@5=1;9@1=2;9@4=5;9@6=1;9@2=1;9@8=1;9@7=4;9@5=1;9@0=1,"1,4,6,2,3,8,9,7,5,0",66,43,43,0,1.0,-0.07809078549147302,0.19047619047619047,0.03143302403233657,0.0,0.0,0.30000000000000004,0.0068280696868896484,Feasible
1160,1159,8,6,2,"ADD:1,0;ADD:3,0;ADD:3,1;ADD:5,0;ADD:7,1;ADD:9,3;REMOVE:4,7;REMOVE:6,5",0:1|2;1:3|4;2:2|6;3:4;4:7;5:3|4;6:1|4|5;7:4|5;8:4|5|9;9:0|8,0:1|2;1:0|3|4;2:2|6;3:0|1|4;4:-;5:0|3|4;6:1|4;7:1|4|5;8:4|5|9;9:0|3|8,0@0=1;0@1=2;0@2=2;0@3=1;0@4=4;0@5=1;0@6=1;0@7=1;1@0=1;1@2=2;1@3=3;1@4=2;1@6=1;2@1=1;2@2=6;2@3=1;2@4=3;2@5=3;2@6=2;2@7=1;2@8=1;2@9=1;3@0=1;3@1=1;3@2=2;3@6=1;3@7=1;3@9=1;5@0=1;5@1=2;5@2=1;5@3=2;5@4=3;5@5=1;5@6=1;5@7=1;5@8=1;6@1=2;6@2=1;6@4=2;7@0=1;7@1=2;7@2=5;7@3=1;7@4=2;7@5=1;7@9=1;8@0=3;8@1=2;8@2=1;8@4=2;8@5=2;8@7=4;8@8=3;8@9=3;9@1=3;9@2=3;9@3=1;9@4=8;9@5=4;9@6=3;9@7=5;9@8=1;9@9=1,"0,1,2,3,4,5,6,7,8,9",128,64,64,0,1.0,-0.46565182898218493,0.1,0.034348171017815066,0.0,0.0,0.6,0.0047092437744140625,Feasible
1161,1160,3,1,2,"ADD:6,0;REMOVE:5,0;REMOVE:5,4",0:1|2;1:0|3|4;2:2|6;3:0|1|4;4:-;5:0|3|4;6:1|4;7:1|4|5;8:4|5|9;9:0|3|8,0:1|2;1:0|3|4;2:2|6;3:0|1|4;4:-;5:3;6:0|1|4;7:1|4|5;8:4|5|9;9:0|3|8,0@0=1;0@1=1;0@2=5;0@4=1;0@5=1;0@6=1;0@7=1;0@8=1;1@0=2;1@1=2;1@4=2;1@7=1;1@9=2;2@0=3;2@1=3;2@2=6;2@4=2;2@5=4;2@7=2;2@8=2;2@9=1;2@3=1;3@1=2;3@2=1;3@4=3;3@5=1;3@7=1;3@8=3;5@1=1;5@2=2;5@7=1;5@9=1;6@0=2;6@2=2;6@4=1;6@8=1;6@9=2;7@1=1;7@2=3;7@4=1;7@5=1;7@6=1;7@7=1;7@9=1;8@0=1;8@1=3;8@4=2;8@5=1;8@7=1;8@8=1;9@0=1;9@1=7;9@2=3;9@4=4;9@5=1;9@6=2;9@7=2;9@9=2;9@3=2,"0,1,2,4,5,6,7,8,9,3",111,59,59,0,1.0,0.010529240703595066,0.08333333333333333,0.02719590737026174,0.0,0.0,0.1,0.004498958587646484,Feasible
1162,1161,8,3,5,"ADD:0,5;ADD:4,2;ADD:5,4;REMOVE:1,0;REMOVE:3,0;REMOVE:6,4;REMOVE:7,5;REMOVE:8,9",0:1|2;1:0|3|4;2:2|6;3:0|1|4;4:-;5:3;6:0|1|4;7:1|4|5;8:4|5|9;9:0|3|8,0:1|2|5;1:3|4;2:2|6;3:1|4;4:2;5:3|4;6:0|1;7:1|4;8:4|5;9:0|3|8,0@0=1;0@2=1;0@3=1;0@4=2;0@6=1;0@8=2;1@2=1;1@8=1;1@1=1;1@7=2;1@9=1;2@0=1;2@2=6;2@3=5;2@4=1;2@6=1;2@8=1;2@1=2;2@7=2;2@9=1;2@5=2;3@2=2;3@4=2;3@1=1;4@2=1;5@2=2;5@4=5;5@8=2;5@7=1;5@9=1;6@2=2;6@3=1;6@6=1;6@8=1;6@1=1;7@2=3;7@4=5;7@6=1;7@8=1;7@9=1;8@0=1;8@2=4;8@3=1;8@4=2;8@6=3;8@8=2;8@7=2;8@5=2;9@0=1;9@2=7;9@4=2;9@8=2;9@1=3;9@9=3;9@5=2,"0,2,3,4,6,8,1,7,9,5",107,55,55,0,1.0,-0.052974847506910366,0.21739130434782608,0.029633848145263587,0.0,0.0,0.30000000000000004,0.008605003356933594,Feasible
1163,1162,7,4,3,"ADD:3,0;ADD:4,1;ADD:7,0;ADD:8,1;REMOVE:0,1;REMOVE:0,5;REMOVE:9,0",0:1|2|5;1:3|4;2:2|6;3:1|4;4:2;5:3|4;6:0|1;7:1|4;8:4|5;9:0|3|8,0:2;1:3|4;2:2|6;3:0|1|4;4:1|2;5:3|4;6:0|1;7:0|1|4;8:1|4|5;9:3|8,0@0=2;0@2=2;0@4=5;0@8=1;1@2=2;1@1=4;1@3=1;1@6=3;1@9=2;2@2=4;2@4=2;2@8=4;2@1=2;2@3=1;2@6=1;2@9=1;2@5=3;3@0=1;3@4=1;3@8=2;3@1=2;3@6=1;3@9=1;4@0=1;4@1=1;5@2=1;5@4=1;5@8=1;5@6=4;5@5=1;5@7=1;6@2=2;6@3=1;6@9=1;6@5=2;6@7=1;7@0=1;7@2=2;7@4=1;7@1=2;7@6=2;7@5=1;8@0=1;8@2=1;8@4=2;8@1=1;8@3=1;8@5=1;9@2=6;9@4=4;9@8=2;9@3=2;9@6=3;9@9=1;9@5=2;9@7=1,"0,2,4,8,1,3,6,9,5,7",103,56,56,0,1.0,-0.23094682761869814,0.14285714285714285,0.026196029524159035,0.0,0.0,0.4,0.006196022033691406,Feasible
1164,1163,4,3,1,"ADD:0,1;ADD:1,0;ADD:9,0;REMOVE:5,3",0:2;1:3|4;2:2|6;3:0|1|4;4:1|2;5:3|4;6:0|1;7:0|1|4;8:1|4|5;9:3|8,0:1|2;1:0|3|4;2:2|6;3:0|1|4;4:1|2;5:4;6:0|1;7:0|1|4;8:1|4|5;9:0|3|8,0@1=1;0@2=1;0@3=1;0@4=2;0@5=1;1@4=3;1@5=1;1@0=1;1@8=2;2@1=3;2@2=4;2@4=1;2@5=2;2@0=2;2@8=1;2@6=2;2@9=2;3@1=1;3@2=1;3@3=1;3@4=2;3@5=1;3@8=1;3@6=1;3@7=2;4@2=2;4@4=1;4@0=1;4@8=2;4@9=2;4@7=1;5@8=1;5@6=1;6@2=1;6@5=1;7@4=1;7@5=2;7@8=1;8@1=2;8@4=1;8@5=2;8@8=1;8@6=1;8@9=1;8@7=1;9@2=4;9@3=2;9@4=2;9@5=1;9@0=1;9@8=1;9@9=2;9@7=1,"1,2,3,4,5,0,8,6,9,7",80,53,53,0,1.0,-0.2215447952229635,0.045454545454545456,0.033000659322491105,0.0,0.0,0.30000000000000004,0.003278017044067383,Feasible
1165,1164,11,3,8,"ADD:3,7;ADD:5,1;ADD:5,5;REMOVE:0,1;REMOVE:1,0;REMOVE:1,3;REMOVE:6,0;REMOVE:6,1;REMOVE:7,0;REMOVE:8,5;REMOVE:9,0",0:1|2;1:0|3|4;2:2|6;3:0|1|4;4:1|2;5:4;6:0|1;7:0|1|4;8:1|4|5;9:0|3|8,0:2;1:4;2:2|6;3:0|1|4|7;4:1|2;5:1|4|5;6:-;7:1|4;8:1|4;9:3|8,0@2=1;0@4=2;1@2=3;2@4=2;2@0=2;2@1=2;2@6=1;2@9=1;3@2=1;3@4=1;3@0=1;3@1=1;4@4=4;4@1=1;4@9=1;4@3=1;4@5=1;5@2=1;5@4=3;5@1=1;5@5=1;5@7=1;7@4=2;7@1=1;7@9=1;8@2=2;8@4=4;8@1=1;8@9=1;8@7=1;8@8=2;9@2=1;9@4=3;9@1=1;9@6=2;9@3=1;9@8=3,"2,4,0,1,6,9,3,5,7,8",59,37,37,0,1.0,0.0719913482531353,0.3333333333333333,0.03865801491980204,0.0,0.0,0.30000000000000004,0.011525154113769531,Feasible
1166,1165,12,4,8,"ADD:1,0;ADD:7,5;ADD:8,5;ADD:9,0;REMOVE:2,2;REMOVE:2,6;REMOVE:3,0;REMOVE:3,1;REMOVE:3,4;REMOVE:3,7;REMOVE:5,1;REMOVE:5,5",0:2;1:4;2:2|6;3:0|1|4|7;4:1|2;5:1|4|5;6:-;7:1|4;8:1|4;9:3|8,0:2;1:0|4;2:-;3:-;4:1|2;5:4;6:-;7:1|4|5;8:1|4|5;9:0|3|8,0@0=1;0@2=3;0@3=2;0@4=3;0@8=2;1@0=1;4@0=2;4@2=1;4@3=1;4@4=3;4@8=1;4@5=1;4@6=2;4@9=2;5@2=1;5@4=1;5@6=2;5@7=1;7@4=2;7@5=1;7@9=1;8@2=1;8@3=1;8@4=1;8@8=1;8@5=1;8@6=2;8@9=1;8@7=2;8@1=1;9@0=2;9@2=3;9@3=2;9@4=4;9@8=1;9@6=2;9@9=1,"0,2,3,4,8,5,6,9,7,1",60,37,37,0,1.0,0.04687716533137071,0.42105263157894735,0.02582453375242337,0.0,0.0,0.4,0.01143789291381836,Feasible
1167,1166,11,8,3,"ADD:0,1;ADD:1,3;ADD:2,1;ADD:2,2;ADD:3,1;ADD:3,5;ADD:5,1;ADD:5,5;REMOVE:7,4;REMOVE:7,5;REMOVE:9,3",0:2;1:0|4;2:-;3:-;4:1|2;5:4;6:-;7:1|4|5;8:1|4|5;9:0|3|8,0:1|2;1:0|3|4;2:1|2;3:1|5;4:1|2;5:1|4|5;6:-;7:1;8:1|4|5;9:0|8,0@1=3;0@2=1;0@3=1;0@4=1;0@5=1;0@7=1;0@8=2;1@2=1;1@3=1;1@4=1;1@5=3;1@7=1;2@1=1;2@2=2;2@3=2;2@4=2;2@7=1;2@8=1;2@0=1;2@9=4;3@1=2;3@5=2;3@0=1;3@9=1;3@6=1;4@1=4;4@2=2;4@3=1;4@4=3;4@5=1;4@8=1;4@0=1;4@6=3;5@1=2;5@4=2;5@5=3;5@7=2;5@8=1;5@9=1;5@6=1;7@1=1;7@9=3;8@1=1;8@2=4;8@4=1;8@5=1;8@6=2;9@1=6;9@2=5;9@4=4;9@5=2;9@7=1;9@8=3;9@0=2;9@6=4,"1,2,3,4,5,7,8,0,9,6",106,55,55,0,1.0,-0.5670498715325683,0.2,0.03295012846743172,0.0,0.0,0.7999999999999999,0.005767822265625,Feasible
1168,1167,5,3,2,"ADD:3,4;ADD:7,2;ADD:9,9;REMOVE:5,5;REMOVE:8,5",0:1|2;1:0|3|4;2:1|2;3:1|5;4:1|2;5:1|4|5;6:-;7:1;8:1|4|5;9:0|8,0:1|2;1:0|3|4;2:1|2;3:1|4|5;4:1|2;5:1|4;6:-;7:1|2;8:1|4;9:0|8|9,0@2=1;0@4=2;0@5=2;0@6=1;0@7=2;0@8=3;0@9=5;1@2=1;1@4=5;1@5=2;1@6=1;1@9=1;1@0=2;1@3=1;2@2=4;2@4=2;2@5=2;2@6=2;2@7=3;2@8=4;2@9=4;2@0=1;2@3=1;2@1=2;3@2=1;3@4=3;3@5=1;3@6=1;3@7=1;3@9=3;3@0=1;3@3=1;3@1=4;4@2=4;4@6=1;4@8=1;4@9=2;4@1=2;5@2=2;5@4=1;5@6=1;5@9=2;7@2=1;7@4=3;7@6=2;7@8=1;7@0=1;7@3=2;8@2=1;8@4=2;8@6=3;8@7=1;8@8=1;8@9=1;8@3=1;9@2=6;9@4=3;9@5=3;9@6=1;9@7=2;9@8=3;9@9=2;9@0=1;9@3=1;9@1=1,"2,4,5,6,7,8,9,0,3,1",129,65,65,0,1.0,-0.17035539147722198,0.1,0.029644608522778053,0.0,0.0,0.30000000000000004,0.004802227020263672,Feasible
1169,1168,1,1,0,"ADD:8,0",0:1|2;1:0|3|4;2:1|2;3:1|4|5;4:1|2;5:1|4;6:-;7:1|2;8:1|4;9:0|8|9,0:1|2;1:0|3|4;2:1|2;3:1|4|5;4:1|2;5:1|4;6:-;7:1|2;8:0|1|4;9:0|8|9,0@1=1;0@2=2;0@3=1;0@4=2;0@6=4;0@9=2;1@1=1;1@2=1;1@9=1;1@0=3;1@8=1;2@2=2;2@4=4;2@6=3;2@9=3;2@0=2;2@8=2;2@5=3;2@7=1;3@1=2;3@2=3;3@3=1;3@4=1;3@5=2;4@1=2;4@2=3;4@4=1;4@9=4;4@8=2;4@7=1;5@2=2;5@3=1;5@4=1;5@9=2;5@8=3;7@1=1;7@2=2;7@6=1;8@1=3;8@4=3;8@6=2;8@9=1;8@0=1;8@8=1;9@1=2;9@2=4;9@3=2;9@4=1;9@6=2;9@9=1;9@0=3;9@8=2;9@5=3,"1,2,3,4,6,9,0,8,5,7",105,53,53,0,1.0,-0.06653698038648209,0.0,0.03346301961351791,0.0,0.0,0.1,0.0016088485717773438,Feasible
1170,1169,4,0,4,"REMOVE:0,1;REMOVE:1,0;REMOVE:8,4;REMOVE:9,9",0:1|2;1:0|3|4;2:1|2;3:1|4|5;4:1|2;5:1|4;6:-;7:1|2;8:0|1|4;9:0|8|9,0:2;1:3|4;2:1|2;3:1|4|5;4:1|2;5:1|4;6:-;7:1|2;8:0|1;9:0|8,0@0=1;0@4=1;0@7=1;1@4=2;1@1=2;1@2=2;1@3=2;1@8=1;2@4=4;2@7=1;2@1=2;2@2=2;2@3=2;2@8=1;2@5=1;2@6=2;2@9=1;3@0=4;3@4=3;3@7=2;3@1=1;3@2=5;3@3=1;3@9=1;4@0=1;4@4=2;4@7=1;4@1=2;4@3=3;4@8=2;4@5=2;4@6=2;5@7=1;5@1=1;5@2=1;5@8=2;7@0=1;7@4=2;7@7=1;7@1=1;7@3=1;7@6=1;8@0=1;8@1=1;8@2=2;8@3=1;8@8=1;8@5=1;8@9=1;9@0=1;9@4=4;9@7=1;9@2=1;9@8=1;9@5=3;9@6=2,"0,4,7,1,2,3,8,5,6,9",93,56,56,0,1.0,0.20389378981380324,0.18181818181818182,0.02207560799562143,0.0,0.0,0.0,0.0073490142822265625,Feasible
1171,1170,8,5,3,"ADD:0,1;ADD:1,0;ADD:5,5;ADD:8,4;ADD:9,3;REMOVE:3,1;REMOVE:3,5;REMOVE:7,1",0:2;1:3|4;2:1|2;3:1|4|5;4:1|2;5:1|4;6:-;7:1|2;8:0|1;9:0|8,0:1|2;1:0|3|4;2:1|2;3:4;4:1|2;5:1|4|5;6:-;7:2;8:0|1|4;9:0|3|8,0@0=3;0@1=2;0@2=2;0@3=1;0@4=2;0@5=1;0@9=1;1@0=1;1@1=1;1@2=1;1@4=2;1@9=1;2@0=1;2@1=2;2@2=2;2@3=1;2@4=3;2@6=1;3@2=3;3@4=1;3@8=1;4@1=3;4@3=1;4@4=1;4@5=2;4@8=2;5@1=1;5@2=2;5@4=1;5@5=1;5@9=2;7@0=1;7@2=2;7@4=2;8@0=2;8@3=1;8@4=1;8@5=1;8@8=1;9@0=2;9@3=1;9@4=2;9@5=1;9@8=2,"0,1,2,3,4,5,9,6,8",68,44,44,0,1.0,-0.2904746167802331,0.16666666666666666,0.04285871655310021,0.0,0.0,0.5,0.0054051876068115234,Feasible
1172,1171,6,3,3,"ADD:3,5;ADD:3,9;ADD:7,6;REMOVE:1,0;REMOVE:5,4;REMOVE:8,0",0:1|2;1:0|3|4;2:1|2;3:4;4:1|2;5:1|4|5;6:-;7:2;8:0|1|4;9:0|3|8,0:1|2;1:3|4;2:1|2;3:4|5|9;4:1|2;5:1|5;6:-;7:2|6;8:1|4;9:0|3|8,0@1=1;0@2=1;0@4=1;0@7=1;1@2=1;1@8=1;1@9=1;2@1=2;2@2=2;2@4=1;2@7=1;2@9=1;2@0=1;2@5=1;2@6=1;3@4=1;3@7=2;3@9=2;3@5=1;3@6=1;3@3=1;4@1=1;4@2=1;4@9=1;4@6=1;4@3=1;5@2=1;5@6=2;7@2=1;7@4=1;7@7=1;7@9=1;7@5=1;7@6=1;8@1=1;8@2=3;8@4=1;8@7=1;8@6=1;8@3=2;9@1=1;9@2=3;9@4=2;9@9=2;9@0=1;9@6=2;9@3=1,"1,2,4,7,8,9,0,5,6,3",60,47,47,0,1.0,-0.11947475839140587,0.15,0.030525241608594184,0.0,0.0,0.30000000000000004,0.005759000778198242,Feasible
1173,1172,6,0,6,"REMOVE:0,1;REMOVE:1,4;REMOVE:2,2;REMOVE:3,4;REMOVE:4,1;REMOVE:9,0",0:1|2;1:3|4;2:1|2;3:4|5|9;4:1|2;5:1|5;6:-;7:2|6;8:1|4;9:0|3|8,0:2;1:3;2:1;3:5|9;4:2;5:1|5;6:-;7:2|6;8:1|4;9:3|8,0@0=1;0@2=3;0@4=2;0@8=1;1@1=1;1@7=1;2@6=1;3@2=1;3@8=1;3@1=1;3@7=2;3@6=1;3@9=1;4@2=2;4@4=1;4@8=1;4@9=1;4@3=2;5@2=1;5@7=1;5@6=1;7@2=1;7@8=1;7@1=1;7@7=1;7@9=1;8@2=1;8@4=3;8@8=1;8@3=4;9@4=2;9@1=1;9@7=2;9@6=3;9@9=1;9@3=1;9@5=1,"0,2,4,8,1,7,6,9,3,5",52,37,37,0,1.0,0.3196078712646841,0.3,0.019607871264684128,0.0,0.0,0.0,0.00861215591430664,Feasible
1174,1173,10,8,2,"ADD:0,1;ADD:1,0;ADD:1,4;ADD:2,4;ADD:3,4;ADD:4,1;ADD:8,5;ADD:9,0;REMOVE:5,1;REMOVE:5,5",0:2;1:3;2:1;3:5|9;4:2;5:1|5;6:-;7:2|6;8:1|4;9:3|8,0:1|2;1:0|3|4;2:1|4;3:4|5|9;4:1|2;5:-;6:-;7:2|6;8:1|4|5;9:0|3|8,0@1=4;0@3=2;0@4=3;0@5=1;1@1=1;1@3=1;1@4=2;1@0=1;1@2=2;1@8=2;2@4=1;3@1=1;3@4=1;3@5=1;3@2=2;3@8=1;3@7=1;3@9=1;4@1=1;4@4=5;4@5=2;4@2=6;4@7=1;4@9=1;4@6=1;7@1=1;7@4=3;7@5=1;7@2=3;7@7=1;7@9=1;7@6=1;8@1=1;8@3=1;8@4=5;8@5=3;8@0=3;8@2=1;8@8=5;8@7=2;9@1=2;9@4=6;9@5=1;9@0=2;9@2=7;9@8=5;9@9=1,"1,3,4,5,0,2,8,7,9,6",101,47,47,0,1.0,-0.6187224534135956,0.14285714285714285,0.038420403729261574,0.0,0.0,0.7999999999999999,0.0040760040283203125,Feasible
1175,1174,6,1,5,"ADD:5,8;REMOVE:1,4;REMOVE:2,4;REMOVE:3,5;REMOVE:8,1;REMOVE:8,5",0:1|2;1:0|3|4;2:1|4;3:4|5|9;4:1|2;5:-;6:-;7:2|6;8:1|4|5;9:0|3|8,0:1|2;1:0|3;2:1;3:4|9;4:1|2;5:8;6:-;7:2|6;8:4;9:0|3|8,0@1=1;0@2=1;0@3=1;0@5=1;0@8=1;0@9=1;1@1=1;1@3=2;1@9=1;1@0=1;2@9=1;3@1=2;3@2=1;3@3=1;3@8=1;3@4=1;4@1=1;4@2=1;4@9=1;4@4=1;4@6=1;5@8=1;5@4=1;7@2=1;7@6=2;8@2=1;8@8=1;8@4=1;8@6=1;9@1=3;9@2=2;9@8=2;9@9=1;9@0=1;9@4=3;9@6=3;9@7=1,"1,2,3,5,8,9,0,4,6,7",48,37,37,0,1.0,0.18246897776860374,0.25,0.03246897776860376,0.0,0.0,0.1,0.0074269771575927734,Feasible
1176,1175,8,3,5,"ADD:2,2;ADD:3,0;ADD:8,0;REMOVE:0,2;REMOVE:1,0;REMOVE:4,1;REMOVE:7,6;REMOVE:9,0",0:1|2;1:0|3;2:1;3:4|9;4:1|2;5:8;6:-;7:2|6;8:4;9:0|3|8,0:1;1:3;2:1|2;3:0|4|9;4:2;5:8;6:-;7:2;8:0|4;9:3|8,0@1=1;1@1=1;1@2=3;1@3=1;1@7=1;2@1=1;2@2=2;2@3=2;2@4=1;3@2=2;3@0=1;3@9=1;4@2=2;4@8=1;5@4=1;7@2=1;7@4=1;8@4=1;8@0=1;8@8=2;9@1=2;9@2=1;9@4=1;9@9=1,"1,2,3,7,4,0,9,8",32,24,24,0,1.0,0.049645934209322895,0.3125,0.037145934209322926,0.0,0.0,0.30000000000000004,0.006727933883666992,Feasible
1177,1176,9,9,0,"ADD:0,0;ADD:0,4;ADD:1,0;ADD:1,4;ADD:4,1;ADD:5,0;ADD:5,3;ADD:7,1;ADD:8,9",0:1;1:3;2:1|2;3:0|4|9;4:2;5:8;6:-;7:2;8:0|4;9:3|8,0:0|1|4;1:0|3|4;2:1|2;3:0|4|9;4:1|2;5:0|3|8;6:-;7:1|2;8:0|4|9;9:3|8,0@0=1;0@1=1;0@4=1;0@9=1;1@0=1;1@4=1;1@2=3;1@3=1;1@5=1;1@6=1;1@7=2;1@8=2;2@1=1;2@4=1;2@9=2;2@2=2;2@3=1;2@5=1;3@0=1;3@2=1;3@3=1;3@7=3;3@8=3;4@1=1;4@4=3;4@9=2;4@2=4;4@3=2;4@6=1;4@7=2;5@0=1;5@4=2;5@3=1;5@5=1;5@7=1;7@1=1;7@4=2;7@9=1;7@2=1;7@5=1;8@0=3;8@4=4;8@9=1;8@2=1;8@8=1;9@1=2;9@4=3;9@9=2;9@2=4;9@3=3;9@7=1;9@8=1,"0,1,4,9,2,3,5,6,7,8",86,52,52,0,1.0,-0.8640789093796563,0.0,0.03592109062034367,0.0,0.0,0.8999999999999999,0.0015223026275634766,Feasible
1178,1177,3,0,3,"REMOVE:0,0;REMOVE:8,0;REMOVE:8,4",0:0|1|4;1:0|3|4;2:1|2;3:0|4|9;4:1|2;5:0|3|8;6:-;7:1|2;8:0|4|9;9:3|8,0:1|4;1:0|3|4;2:1|2;3:0|4|9;4:1|2;5:0|3|8;6:-;7:1|2;8:9;9:3|8,0@2=1;0@4=1;0@6=2;0@8=1;1@2=1;1@1=1;1@9=1;2@2=4;2@4=3;2@1=1;2@0=1;2@3=1;2@7=1;3@2=1;3@4=1;3@6=1;3@9=1;3@3=1;3@5=2;4@2=2;4@4=2;4@6=2;4@1=2;4@0=1;4@5=1;5@2=1;5@5=1;7@2=2;7@8=1;7@1=1;8@6=1;8@1=1;8@9=1;9@2=1;9@4=1;9@8=1;9@1=3;9@9=1;9@3=1,"2,4,6,8,1,9,0,3,7,5",53,39,39,0,1.0,0.1636232664217756,0.13043478260869565,0.033188483813079955,0.0,0.0,0.0,0.005240201950073242,Feasible
1179,1178,9,3,6,"ADD:0,5;ADD:8,4;ADD:9,0;REMOVE:1,0;REMOVE:1,3;REMOVE:2,2;REMOVE:3,0;REMOVE:3,4;REMOVE:5,0",0:1|4;1:0|3|4;2:1|2;3:0|4|9;4:1|2;5:0|3|8;6:-;7:1|2;8:9;9:3|8,0:1|4|5;1:4;2:1;3:9;4:1|2;5:3|8;6:-;7:1|2;8:4|9;9:0|3|8,0@3=1;0@4=3;0@5=1;0@6=1;0@7=1;1@6=1;2@3=1;3@3=1;3@2=1;3@9=1;4@3=1;4@4=3;4@5=1;4@6=1;4@2=1;4@0=1;4@1=1;5@3=1;5@4=3;5@8=1;7@6=2;7@0=1;8@3=1;8@4=1;8@7=1;8@2=2;8@9=1;8@1=1;9@3=1;9@4=2;9@2=3;9@9=2;9@0=1;9@1=4,"3,4,5,6,7,2,9,0,1,8",49,34,34,0,1.0,0.02698610898748749,0.3,0.026986108987487562,0.0,0.0,0.30000000000000004,0.00810384750366211,Feasible
1180,1179,8,8,0,"ADD:1,0;ADD:1,1;ADD:2,0;ADD:2,4;ADD:3,4;ADD:3,5;ADD:6,3;ADD:8,0",0:1|4|5;1:4;2:1;3:9;4:1|2;5:3|8;6:-;7:1|2;8:4|9;9:0|3|8,0:1|4|5;1:0|1|4;2:0|1|4;3:4|5|9;4:1|2;5:3|8;6:3;7:1|2;8:0|4|9;9:0|3|8,0@0=2;0@1=1;0@2=2;0@4=3;0@6=2;0@8=1;0@9=4;1@0=2;1@1=1;1@2=1;1@4=1;1@6=1;1@3=1;1@5=1;2@0=1;2@1=2;2@2=1;2@4=2;2@8=1;2@9=2;2@3=2;2@5=1;2@7=1;3@1=2;3@2=3;3@4=4;3@9=2;3@3=1;3@5=1;3@7=2;4@1=2;4@2=2;4@4=1;4@6=2;4@9=2;4@3=1;4@7=1;5@2=1;5@4=1;5@9=1;5@5=1;5@7=1;6@3=2;6@5=1;7@0=1;7@1=1;7@2=2;7@4=1;7@6=1;7@9=1;7@3=1;7@5=1;8@0=2;8@2=3;8@4=2;8@6=1;8@8=1;8@9=1;8@3=1;8@5=1;8@7=1;9@0=1;9@1=3;9@2=4;9@4=4;9@6=1;9@8=2;9@9=1;9@5=1;9@7=1,"0,1,2,4,6,8,9,3,5,7",110,70,70,0,1.0,-0.7649974227465336,0.0,0.035002577253466345,0.0,0.0,0.7999999999999999,0.0016117095947265625,Feasible
1181,1180,4,2,2,"ADD:6,0;ADD:6,4;REMOVE:0,5;REMOVE:1,0",0:1|4|5;1:0|1|4;2:0|1|4;3:4|5|9;4:1|2;5:3|8;6:3;7:1|2;8:0|4|9;9:0|3|8,0:1|4;1:1|4;2:0|1|4;3:4|5|9;4:1|2;5:3|8;6:0|3|4;7:1|2;8:0|4|9;9:0|3|8,0@1=3;0@2=1;0@3=2;0@4=2;0@7=1;0@8=2;1@3=1;1@4=1;2@1=2;2@2=3;2@3=1;2@4=5;2@7=2;2@8=1;2@0=1;2@6=1;2@9=2;3@1=3;3@2=1;3@4=2;3@8=1;3@5=1;4@1=2;4@3=1;4@4=2;4@7=1;4@8=1;4@6=1;4@5=1;5@1=1;5@3=1;5@8=1;5@5=1;6@1=1;6@3=1;6@4=1;6@0=2;7@1=1;7@2=1;7@3=1;7@4=1;7@8=1;7@0=1;7@6=1;7@9=1;7@5=2;8@1=2;8@3=3;8@7=1;8@8=1;8@0=1;8@6=1;8@9=2;9@1=1;9@3=3;9@4=3;9@7=1;9@8=2;9@0=1;9@6=2;9@9=3;9@5=1,"1,2,3,4,7,8,0,6,9,5",95,62,62,0,1.0,-0.08287314730284451,0.08,0.0371268526971555,0.0,0.0,0.2,0.0043299198150634766,Feasible
1182,1181,3,2,1,"ADD:0,5;ADD:1,5;REMOVE:6,0",0:1|4;1:1|4;2:0|1|4;3:4|5|9;4:1|2;5:3|8;6:0|3|4;7:1|2;8:0|4|9;9:0|3|8,0:1|4|5;1:1|4|5;2:0|1|4;3:4|5|9;4:1|2;5:3|8;6:3|4;7:1|2;8:0|4|9;9:0|3|8,0@1=2;0@2=8;0@3=2;0@4=6;0@5=3;0@7=1;0@8=1;0@9=1;1@2=2;1@4=5;1@5=2;1@7=1;1@8=1;1@0=1;1@6=3;2@1=3;2@2=1;2@3=1;2@4=3;2@5=1;2@7=1;2@9=2;2@0=1;2@6=1;3@2=1;3@4=4;3@5=2;3@7=2;3@8=2;3@9=2;3@0=2;3@6=1;4@1=2;4@2=3;4@4=5;4@5=1;4@7=1;4@9=1;4@0=2;4@6=2;5@1=2;5@2=2;5@3=2;5@4=3;5@5=2;5@7=1;5@8=1;5@6=3;6@1=2;6@2=1;6@3=1;6@5=2;6@8=2;6@9=1;7@1=3;7@2=3;7@3=4;7@4=2;7@5=1;7@7=1;7@8=2;7@9=1;7@6=1;8@1=2;8@2=4;8@3=4;8@4=3;8@5=3;8@7=2;8@8=3;8@9=2;8@6=1;9@1=2;9@2=4;9@3=3;9@4=3;9@5=2;9@7=4;9@8=2;9@9=3;9@0=3;9@6=3,"1,2,3,4,5,7,8,9,0,6",182,82,82,0,1.0,-0.12635005416753825,0.04,0.03364994583246175,0.0,0.0,0.2,0.003406047821044922,Feasible
1183,1182,5,0,5,"REMOVE:1,4;REMOVE:1,5;REMOVE:3,5;REMOVE:6,3;REMOVE:6,4",0:1|4|5;1:1|4|5;2:0|1|4;3:4|5|9;4:1|2;5:3|8;6:3|4;7:1|2;8:0|4|9;9:0|3|8,0:1|4|5;1:1;2:0|1|4;3:4|9;4:1|2;5:3|8;6:-;7:1|2;8:0|4|9;9:0|3|8,0@0=1;0@1=1;0@4=1;0@5=1;0@6=2;0@9=1;1@1=1;1@3=1;1@7=2;2@0=1;2@1=1;2@4=1;2@5=3;2@6=1;2@9=1;2@2=3;2@8=3;3@4=1;3@6=2;3@9=1;4@1=1;4@5=1;4@9=1;4@3=1;4@7=2;4@2=1;5@1=3;5@9=1;5@3=1;5@8=1;7@1=1;7@3=1;7@7=1;7@2=2;7@8=1;8@1=1;8@4=2;8@5=1;8@3=1;8@7=1;8@2=2;8@8=1;9@0=1;9@1=1;9@4=4;9@5=2;9@9=1;9@2=4,"0,1,4,5,6,9,3,7,2,8",70,48,48,0,1.0,0.21881029114644981,0.19230769230769232,0.02650259883875749,0.0,0.0,0.0,0.007712125778198242,Feasible
1184,1183,4,2,2,"ADD:3,0;ADD:6,4;REMOVE:5,8;REMOVE:8,0",0:1|4|5;1:1;2:0|1|4;3:4|9;4:1|2;5:3|8;6:-;7:1|2;8:0|4|9;9:0|3|8,0:1|4|5;1:1;2:0|1|4;3:0|4|9;4:1|2;5:3;6:4;7:1|2;8:4|9;9:0|3|8,0@0=1;0@1=1;0@4=1;1@1=1;1@3=2;1@8=2;2@0=1;2@1=1;2@4=2;2@8=2;2@2=1;2@5=2;2@6=1;2@7=2;3@0=1;3@1=4;3@5=1;3@7=2;4@1=1;4@4=1;4@3=2;4@5=2;4@6=1;4@7=1;5@1=2;5@2=1;6@4=1;7@1=2;7@4=2;7@9=1;8@1=4;8@4=1;8@3=1;8@8=1;8@2=3;8@6=1;8@9=1;9@0=1;9@1=2;9@4=2;9@8=1;9@7=2;9@9=1,"0,1,4,3,8,2,5,6,7,9",66,43,43,0,1.0,-0.0800614118214662,0.09523809523809523,0.024700492940438582,0.0,0.0,0.2,0.004297018051147461,Feasible
1185,1184,8,4,4,"ADD:1,0;ADD:1,4;ADD:5,0;ADD:6,1;REMOVE:0,5;REMOVE:7,1;REMOVE:8,4;REMOVE:8,9",0:1|4|5;1:1;2:0|1|4;3:0|4|9;4:1|2;5:3;6:4;7:1|2;8:4|9;9:0|3|8,0:1|4;1:0|1|4;2:0|1|4;3:0|4|9;4:1|2;5:0|3;6:1|4;7:2;8:-;9:0|3|8,0@1=2;0@3=1;0@4=2;0@9=2;1@4=2;1@0=1;1@2=1;1@5=1;2@3=1;2@4=1;2@0=1;2@2=2;3@1=1;3@3=1;3@4=1;3@0=1;3@2=1;4@4=1;4@9=1;4@0=1;4@2=2;4@6=1;4@8=1;5@0=2;5@7=1;6@1=2;6@8=1;6@7=1;7@2=1;9@1=1;9@4=1;9@9=2;9@0=1;9@5=2;9@6=1;9@8=1,"1,3,4,9,0,2,5,6,8,7",46,36,36,0,1.0,-0.17008628720012783,0.19047619047619047,0.03943752232368173,0.0,0.0,0.4,0.0066258907318115234,Feasible
1186,1185,11,4,7,"ADD:0,5;ADD:8,0;ADD:8,3;ADD:8,4;REMOVE:1,0;REMOVE:2,0;REMOVE:2,1;REMOVE:2,4;REMOVE:4,1;REMOVE:6,1;REMOVE:6,4",0:1|4;1:0|1|4;2:0|1|4;3:0|4|9;4:1|2;5:0|3;6:1|4;7:2;8:-;9:0|3|8,0:1|4|5;1:1|4;2:-;3:0|4|9;4:2;5:0|3;6:-;7:2;8:0|3|4;9:0|3|8,0@3=3;0@4=1;0@5=2;0@7=1;1@3=2;1@4=2;1@2=1;3@4=1;3@7=2;3@0=1;3@1=1;4@3=1;4@2=2;4@0=1;5@2=1;5@0=1;5@9=1;7@3=1;7@2=1;7@9=2;8@3=1;8@4=2;8@2=2;8@0=1;8@1=2;8@9=1;9@3=3;9@5=2;9@7=1;9@0=1;9@8=1,"3,4,5,7,2,0,1,9,8",45,31,31,0,1.0,-0.01987218124268686,0.3333333333333333,0.04679448542397982,0.0,0.0,0.4,0.009228706359863281,Feasible
1187,1186,7,7,0,"ADD:1,5;ADD:2,4;ADD:2,9;ADD:4,6;ADD:5,4;ADD:6,4;ADD:7,6",0:1|4|5;1:1|4;2:-;3:0|4|9;4:2;5:0|3;6:-;7:2;8:0|3|4;9:0|3|8,0:1|4|5;1:1|4|5;2:4|9;3:0|4|9;4:2|6;5:0|3|4;6:4;7:2|6;8:0|3|4;9:0|3|8,0@0=1;0@4=1;0@5=4;0@6=1;0@7=2;0@8=1;0@9=2;1@5=1;1@2=2;2@4=2;2@6=1;2@9=1;2@1=2;3@0=2;3@5=1;3@7=2;3@8=1;3@9=3;3@2=1;3@1=2;4@0=1;4@4=1;4@5=2;4@6=2;4@8=1;4@9=2;4@2=4;4@1=2;4@3=1;5@4=1;5@6=1;5@9=1;5@3=1;6@4=2;6@7=1;6@8=1;6@2=2;7@4=4;7@5=1;7@6=1;7@2=2;8@0=1;8@4=1;8@6=1;8@7=1;8@2=1;8@3=1;9@0=2;9@4=5;9@6=2;9@9=1;9@2=6;9@3=1,"0,4,5,6,7,8,9,2,1,3",90,53,53,0,1.0,-0.6640714055207207,0.0,0.035928594479279194,0.0,0.0,0.7,0.0014836788177490234,Feasible
1188,1187,9,3,6,"ADD:2,0;ADD:6,1;ADD:6,5;REMOVE:0,5;REMOVE:1,5;REMOVE:3,0;REMOVE:5,0;REMOVE:8,0;REMOVE:9,0",0:1|4|5;1:1|4|5;2:4|9;3:0|4|9;4:2|6;5:0|3|4;6:4;7:2|6;8:0|3|4;9:0|3|8,0:1|4;1:1|4;2:0|4|9;3:4|9;4:2|6;5:3|4;6:1|4|5;7:2|6;8:3|4;9:3|8,0@1=2;0@2=4;0@4=2;0@9=2;1@1=1;1@4=3;1@9=1;1@3=2;1@6=1;1@7=1;1@8=1;2@1=1;2@2=1;2@4=3;2@9=1;2@7=2;2@8=1;2@0=1;3@1=1;3@2=2;3@4=3;3@9=1;3@3=1;3@7=2;3@8=1;4@1=1;4@2=1;4@4=2;4@9=2;4@7=1;4@8=1;4@5=1;5@1=2;5@2=1;5@4=2;5@9=1;5@3=1;6@1=1;6@4=2;6@9=2;6@8=2;6@5=1;7@1=1;7@2=1;7@4=1;7@3=1;7@6=2;7@7=2;7@8=1;7@5=1;8@2=1;8@4=2;8@3=2;8@7=1;8@5=1;9@1=2;9@2=2;9@4=3;9@9=1;9@3=3;9@6=2;9@8=3,"1,2,4,9,3,6,7,8,0,5",98,62,62,0,1.0,-0.021367752264003725,0.24,0.038632247735996335,0.0,0.0,0.30000000000000004,0.011789798736572266,Feasible
1189,1188,6,5,1,"ADD:0,0;ADD:1,0;ADD:3,0;ADD:8,0;ADD:9,2;REMOVE:6,4",0:1|4;1:1|4;2:0|4|9;3:4|9;4:2|6;5:3|4;6:1|4|5;7:2|6;8:3|4;9:3|8,0:0|1|4;1:0|1|4;2:0|4|9;3:0|4|9;4:2|6;5:3|4;6:1|5;7:2|6;8:0|3|4;9:2|3|8,0@0=1;0@1=1;0@2=4;0@4=2;0@5=1;0@6=1;0@9=1;1@0=4;1@1=2;1@4=1;1@6=1;1@9=1;1@3=2;1@7=1;1@8=2;2@1=1;2@2=2;2@4=3;2@5=3;3@0=3;3@1=1;3@2=1;3@4=1;3@9=1;3@7=1;4@1=1;4@2=2;4@4=1;4@5=2;4@6=1;4@3=1;4@7=1;4@8=1;5@1=1;5@4=1;5@3=1;6@0=2;6@1=2;6@2=1;6@6=1;7@0=1;7@1=2;7@2=1;7@4=1;7@5=1;7@9=1;7@3=1;7@8=1;8@0=1;8@1=1;8@2=2;8@4=2;8@5=1;8@6=1;8@9=1;8@8=1;9@0=1;9@1=3;9@2=3;9@4=1;9@5=1;9@9=1;9@3=1;9@7=1;9@8=3,"0,1,2,4,5,6,9,3,7,8",95,65,65,0,1.0,-0.417650170845686,0.045454545454545456,0.03689528369976855,0.0,0.0,0.5,0.003203868865966797,Feasible
1190,1189,5,1,4,"ADD:6,4;REMOVE:4,6;REMOVE:5,3;REMOVE:8,0;REMOVE:9,3",0:0|1|4;1:0|1|4;2:0|4|9;3:0|4|9;4:2|6;5:3|4;6:1|5;7:2|6;8:0|3|4;9:2|3|8,0:0|1|4;1:0|1|4;2:0|4|9;3:0|4|9;4:2;5:4;6:1|4|5;7:2|6;8:3|4;9:2|8,0@0=1;0@1=2;0@2=1;0@4=2;0@5=1;1@0=1;1@1=1;1@4=1;1@5=2;1@3=1;1@8=1;2@2=2;2@5=1;2@8=1;2@6=1;2@7=2;2@9=1;3@2=2;3@5=2;3@8=2;3@6=1;3@9=1;4@0=1;4@2=2;4@4=3;4@5=1;4@8=1;5@4=1;6@4=1;6@6=2;7@1=1;7@2=1;7@4=1;7@6=1;7@7=1;7@9=1;8@1=2;8@2=1;8@4=1;8@6=1;8@7=1;9@0=2;9@2=4;9@4=1;9@5=2;9@3=1;9@8=1;9@6=1;9@7=1,"0,1,2,4,5,3,8,6,7,9",67,49,49,0,1.0,0.08861733846896577,0.15384615384615385,0.03477118462281193,0.0,0.0,0.1,0.006426811218261719,Feasible
1191,1190,5,1,4,"ADD:5,5;REMOVE:1,4;REMOVE:6,4;REMOVE:6,5;REMOVE:9,8",0:0|1|4;1:0|1|4;2:0|4|9;3:0|4|9;4:2;5:4;6:1|4|5;7:2|6;8:3|4;9:2|8,0:0|1|4;1:0|1;2:0|4|9;3:0|4|9;4:2;5:4|5;6:1;7:2|6;8:3|4;9:2,0@0=1;0@2=5;0@3=2;0@4=4;0@5=1;0@6=1;1@2=3;1@3=1;1@5=1;1@6=1;1@1=2;1@7=1;2@2=5;2@3=1;2@4=3;2@5=2;2@1=2;2@7=3;2@8=1;2@9=3;3@0=1;3@2=1;3@3=2;3@4=1;3@5=1;3@1=1;3@7=1;4@0=1;4@2=1;4@3=1;4@4=4;5@5=1;6@1=1;6@8=1;7@2=3;7@6=1;7@1=1;7@8=1;8@2=4;8@3=1;8@4=2;8@5=1;8@7=1;8@8=1;8@9=1;9@0=1;9@2=2;9@4=2;9@5=1;9@7=1;9@9=2,"0,2,3,4,5,6,1,7,8,9",87,51,51,0,1.0,0.10581082303959058,0.17391304347826086,0.03189777956132971,0.0,0.0,0.1,0.006446123123168945,Feasible
1192,1191,8,4,4,"ADD:1,4;ADD:4,1;ADD:6,2;ADD:9,1;REMOVE:0,0;REMOVE:0,4;REMOVE:2,0;REMOVE:8,3",0:0|1|4;1:0|1;2:0|4|9;3:0|4|9;4:2;5:4|5;6:1;7:2|6;8:3|4;9:2,0:1;1:0|1|4;2:4|9;3:0|4|9;4:1|2;5:4|5;6:1|2;7:2|6;8:4;9:1|2,0@1=1;0@7=1;1@7=2;1@2=2;1@4=1;1@5=1;2@2=1;2@4=1;2@3=1;2@8=1;3@2=1;3@4=1;3@8=1;3@0=1;3@9=1;4@1=1;4@7=1;4@4=3;4@3=1;4@8=1;4@6=1;5@4=1;5@5=1;5@6=1;6@7=1;6@2=2;6@8=2;6@6=2;7@1=1;7@2=1;7@3=1;8@2=2;8@4=1;8@8=1;9@1=1;9@7=1;9@2=2;9@4=1;9@5=1;9@3=3;9@0=1;9@9=1;9@6=2,"1,7,2,4,5,3,8,0,9,6",55,43,43,0,1.0,-0.17149399784532204,0.2,0.028506002154677974,0.0,0.0,0.4,0.0061948299407958984,Feasible
1193,1192,9,4,5,"ADD:0,4;ADD:0,5;ADD:8,0;ADD:8,3;REMOVE:2,4;REMOVE:2,9;REMOVE:3,0;REMOVE:6,1;REMOVE:7,2",0:1;1:0|1|4;2:4|9;3:0|4|9;4:1|2;5:4|5;6:1|2;7:2|6;8:4;9:1|2,0:1|4|5;1:0|1|4;2:-;3:4|9;4:1|2;5:4|5;6:2;7:6;8:0|3|4;9:1|2,0@1=1;0@3=1;0@4=4;0@5=3;0@7=1;0@8=1;1@1=2;1@4=1;1@8=2;1@0=1;1@9=1;3@1=1;3@4=3;3@7=1;4@3=3;4@7=2;4@9=1;4@2=1;4@6=2;5@4=1;5@5=1;5@8=1;5@0=1;5@2=1;6@4=2;6@5=1;7@1=1;7@9=1;8@3=1;8@4=1;8@7=1;8@0=1;8@2=2;9@1=6;9@3=1;9@4=1;9@7=1;9@0=1;9@2=1;9@6=2,"1,3,4,5,7,8,0,9,2,6",61,40,40,0,1.0,-0.10424402628782792,0.25,0.045755973712172084,0.0,0.0,0.4,0.0073320865631103516,Feasible
1194,1193,6,6,0,"ADD:2,0;ADD:2,1;ADD:2,4;ADD:3,5;ADD:5,1;ADD:7,2",0:1|4|5;1:0|1|4;2:-;3:4|9;4:1|2;5:4|5;6:2;7:6;8:0|3|4;9:1|2,0:1|4|5;1:0|1|4;2:0|1|4;3:4|5|9;4:1|2;5:1|4|5;6:2;7:2|6;8:0|3|4;9:1|2,0@0=1;0@1=4;0@2=4;0@3=2;0@4=5;0@8=1;1@0=1;1@1=3;1@2=2;1@3=2;1@4=2;1@5=3;1@6=2;1@9=3;2@0=2;2@1=1;2@2=2;2@3=1;2@4=2;2@6=1;2@9=1;2@7=2;3@1=1;3@2=2;3@8=1;3@5=2;3@9=1;4@0=1;4@2=1;4@3=1;4@4=2;4@5=2;4@9=2;5@1=1;5@5=1;6@2=2;6@5=1;6@9=1;7@2=3;7@3=1;7@4=1;7@9=1;8@1=1;8@3=1;8@4=2;8@8=1;8@9=1;9@0=1;9@1=3;9@2=5;9@4=6;9@5=1;9@6=1;9@7=1,"0,1,2,3,4,8,5,6,9,7",99,54,54,0,1.0,-0.5581704596999882,0.0,0.041829540300011715,0.0,0.0,0.6,0.0014750957489013672,Feasible
1195,1194,5,1,4,"ADD:6,1;REMOVE:3,4;REMOVE:3,5;REMOVE:5,4;REMOVE:7,2",0:1|4|5;1:0|1|4;2:0|1|4;3:4|5|9;4:1|2;5:1|4|5;6:2;7:2|6;8:0|3|4;9:1|2,0:1|4|5;1:0|1|4;2:0|1|4;3:9;4:1|2;5:1|5;6:1|2;7:6;8:0|3|4;9:1|2,0@0=1;0@2=2;0@4=1;0@8=1;1@4=3;1@1=4;1@5=1;1@6=2;2@2=2;2@4=4;2@8=3;2@1=2;2@5=2;2@3=3;2@7=1;3@2=3;3@6=2;3@7=1;3@9=2;4@4=3;4@8=1;4@1=1;4@3=1;4@9=1;5@1=4;5@5=1;6@4=1;6@8=3;6@1=1;6@6=1;6@3=1;7@8=1;7@1=3;7@6=2;7@9=1;8@0=1;8@2=2;8@4=1;8@1=3;8@5=2;8@6=3;8@3=2;8@7=2;8@9=1;9@0=2;9@2=3;9@4=4;9@1=2;9@5=3;9@6=1;9@7=2;9@9=1,"0,2,4,8,1,5,6,3,7,9",101,52,52,0,1.0,0.09380059399268786,0.16,0.03380059399268787,0.0,0.0,0.1,0.006524801254272461,Feasible
1196,1195,4,3,1,"ADD:5,4;ADD:7,0;ADD:7,3;REMOVE:1,4",0:1|4|5;1:0|1|4;2:0|1|4;3:9;4:1|2;5:1|5;6:1|2;7:6;8:0|3|4;9:1|2,0:1|4|5;1:0|1;2:0|1|4;3:9;4:1|2;5:1|4|5;6:1|2;7:0|3|6;8:0|3|4;9:1|2,0@0=1;0@1=2;0@2=1;0@3=1;0@4=1;0@8=1;0@9=1;1@1=2;1@2=1;1@8=1;1@5=1;1@7=1;2@0=1;2@1=2;2@2=1;2@3=1;2@4=4;2@8=3;2@5=2;2@6=1;3@1=1;3@3=1;3@7=1;4@0=1;4@2=1;4@8=1;4@9=1;4@7=1;4@6=1;5@1=1;5@4=1;5@8=1;6@0=1;6@6=1;7@0=1;7@3=2;7@4=3;7@8=1;7@7=1;8@0=3;8@1=1;8@2=2;8@4=1;9@0=2;9@1=1;9@2=2;9@3=2;9@4=2;9@8=1;9@5=2;9@7=1,"0,1,2,3,4,8,9,5,7,6",71,51,51,0,1.0,-0.21953609600908358,0.045454545454545456,0.035009358536371014,0.0,0.0,0.30000000000000004,0.0028727054595947266,Feasible
1197,1196,6,1,5,"ADD:3,4;REMOVE:4,1;REMOVE:5,5;REMOVE:6,1;REMOVE:7,0;REMOVE:8,0",0:1|4|5;1:0|1;2:0|1|4;3:9;4:1|2;5:1|4|5;6:1|2;7:0|3|6;8:0|3|4;9:1|2,0:1|4|5;1:0|1;2:0|1|4;3:4|9;4:2;5:1|4;6:2;7:3|6;8:3|4;9:1|2,0@1=1;0@2=2;0@4=2;0@5=1;0@7=1;1@1=2;1@5=1;2@1=2;2@2=1;2@4=6;2@5=1;2@7=1;2@6=2;2@8=2;2@9=2;3@2=2;3@4=1;3@7=1;3@3=2;4@2=1;4@4=2;4@9=1;4@3=1;5@1=1;6@2=1;6@4=2;6@3=1;7@1=3;7@2=1;7@4=1;7@5=1;7@8=1;8@1=1;8@4=1;8@9=1;9@1=2;9@2=3;9@5=1;9@6=1;9@3=1,"1,2,4,5,7,6,8,9,3",61,40,40,0,1.0,0.14655721418502105,0.20833333333333334,0.0382238808516877,0.0,0.0,0.1,0.006962776184082031,Feasible
1198,1197,5,3,2,"ADD:1,4;ADD:4,1;ADD:5,0;REMOVE:7,6;REMOVE:9,1",0:1|4|5;1:0|1;2:0|1|4;3:4|9;4:2;5:1|4;6:2;7:3|6;8:3|4;9:1|2,0:1|4|5;1:0|1|4;2:0|1|4;3:4|9;4:1|2;5:0|1|4;6:2;7:3;8:3|4;9:2,0@0=1;0@1=1;0@3=1;0@4=1;0@5=1;0@6=1;0@7=1;1@0=1;1@1=3;1@3=1;1@4=1;1@7=2;1@2=2;2@4=2;2@5=1;2@7=2;2@2=3;2@9=1;3@1=2;3@9=1;3@8=1;4@1=1;4@3=1;4@2=1;5@0=1;5@4=1;5@7=1;5@2=3;6@2=1;7@1=1;7@5=1;7@7=1;8@1=2;8@4=2;8@6=1;8@8=1;9@0=1;9@4=2;9@7=1;9@2=1;9@8=1,"0,1,3,4,5,6,7,2,9,8",55,41,41,0,1.0,-0.16485526571001777,0.1,0.035144734289982264,0.0,0.0,0.30000000000000004,0.0038809776306152344,Feasible
1199,1198,8,2,6,"ADD:3,0;ADD:9,1;REMOVE:0,5;REMOVE:1,4;REMOVE:2,1;REMOVE:4,1;REMOVE:5,4;REMOVE:8,4",0:1|4|5;1:0|1|4;2:0|1|4;3:4|9;4:1|2;5:0|1|4;6:2;7:3;8:3|4;9:2,0:1|4;1:0|1;2:0|4;3:0|4|9;4:2;5:0|1;6:2;7:3;8:3;9:1|2,0@1=1;0@2=1;0@4=1;0@6=1;1@2=3;1@6=1;1@0=1;1@3=1;1@5=1;1@7=1;1@9=1;2@4=1;2@5=2;2@7=1;2@8=1;3@1=3;3@0=2;3@5=1;3@7=1;3@9=2;4@4=1;5@1=2;5@6=2;5@0=1;5@7=1;6@5=1;7@5=2;8@1=1;8@5=1;8@9=1;9@1=2;9@2=1;9@4=2;9@0=2;9@7=1;9@9=1,"1,2,4,6,0,3,5,7,9,8",49,36,36,0,1.0,0.11399337767796253,0.2857142857142857,0.028279091963676832,0.0,0.0,0.2,0.00818777084350586,Feasible
1200,1199,6,5,1,"ADD:0,0;ADD:2,3;ADD:4,1;ADD:7,6;ADD:8,4;REMOVE:3,0",0:1|4;1:0|1;2:0|4;3:0|4|9;4:2;5:0|1;6:2;7:3;8:3;9:1|2,0:0|1|4;1:0|1;2:0|3|4;3:4|9;4:1|2;5:0|1;6:2;7:3|6;8:3|4;9:1|2,0@0=2;0@2=1;0@3=2;0@4=2;0@7=1;0@9=2;1@2=1;1@1=2;1@5=1;1@6=1;2@2=2;2@3=1;2@9=2;2@1=1;2@6=1;2@8=1;3@3=1;3@9=1;3@6=2;3@8=1;4@2=1;4@3=1;4@1=1;4@6=1;5@0=1;5@2=1;5@1=1;6@2=1;6@9=1;6@5=2;7@2=1;7@6=3;8@2=2;8@4=2;8@9=1;8@5=2;8@6=1;9@0=1;9@2=2;9@7=3;9@1=2;9@5=1;9@6=1,"0,2,3,4,7,9,1,5,6,8",61,43,43,0,1.0,-0.4054675572950209,0.058823529411764705,0.03570891329321441,0.0,0.0,0.5,0.002778291702270508,Feasible
1201,1200,7,6,1,"ADD:1,4;ADD:3,0;ADD:6,3;ADD:6,6;ADD:7,0;ADD:8,0;REMOVE:5,0",0:0|1|4;1:0|1;2:0|3|4;3:4|9;4:1|2;5:0|1;6:2;7:3|6;8:3|4;9:1|2,0:0|1|4;1:0|1|4;2:0|3|4;3:0|4|9;4:1|2;5:1;6:2|3|6;7:0|3|6;8:0|3|4;9:1|2,0@0=3;0@1=2;0@2=1;0@4=1;0@5=2;0@6=1;0@9=2;1@0=2;1@2=2;1@4=1;1@5=1;1@6=1;1@7=1;2@0=1;2@1=3;2@2=1;2@4=2;2@9=1;2@7=1;2@3=1;3@0=1;3@2=3;3@4=3;3@6=1;3@7=2;3@3=1;4@0=1;4@1=1;4@2=2;4@4=3;4@5=2;4@7=2;4@3=1;4@8=3;5@9=2;6@0=1;6@1=1;6@2=1;6@6=1;6@7=2;6@8=1;7@0=1;7@1=2;7@2=1;7@9=2;7@3=2;7@8=2;8@0=1;8@4=1;8@6=1;8@9=1;8@7=1;8@3=1;9@0=3;9@1=1;9@2=6;9@6=2;9@9=2;9@7=1;9@8=1,"0,1,2,4,5,6,9,7,3,8",97,60,60,0,1.0,-0.5155984835433498,0.047619047619047616,0.0367824688376025,0.0,0.0,0.6,0.0032160282135009766,Feasible
1202,1201,5,2,3,"ADD:5,0;ADD:5,4;REMOVE:0,0;REMOVE:6,3;REMOVE:7,0",0:0|1|4;1:0|1|4;2:0|3|4;3:0|4|9;4:1|2;5:1;6:2|3|6;7:0|3|6;8:0|3|4;9:1|2,0:1|4;1:0|1|4;2:0|3|4;3:0|4|9;4:1|2;5:0|1|4;6:2|6;7:3|6;8:0|3|4;9:1|2,0@1=2;0@2=3;0@3=1;0@6=2;0@7=2;1@1=1;1@2=1;1@3=2;1@6=1;1@7=1;1@4=1;1@5=1;1@8=1;2@1=2;2@2=2;2@3=2;2@5=2;2@8=2;2@0=1;2@9=3;3@2=4;3@3=1;3@4=4;3@5=1;3@8=1;3@0=1;4@1=2;4@2=4;4@3=1;4@7=1;4@4=4;4@9=1;5@4=1;5@0=2;6@3=1;6@6=1;6@7=2;6@4=2;6@0=1;6@9=1;7@2=1;7@6=1;7@7=1;7@4=1;7@8=1;7@9=1;8@1=1;8@2=5;8@3=3;8@6=1;8@7=1;8@8=1;8@0=3;8@9=3;9@1=1;9@3=1;9@4=3;9@5=2;9@8=2;9@0=1,"1,2,3,6,7,4,5,8,0,9",103,60,60,0,1.0,-0.05393196434275113,0.11538461538461539,0.030683420272633485,0.0,0.0,0.2,0.005613088607788086,Feasible
1203,1202,3,1,2,"ADD:0,0;REMOVE:5,0;REMOVE:5,1",0:1|4;1:0|1|4;2:0|3|4;3:0|4|9;4:1|2;5:0|1|4;6:2|6;7:3|6;8:0|3|4;9:1|2,0:0|1|4;1:0|1|4;2:0|3|4;3:0|4|9;4:1|2;5:4;6:2|6;7:3|6;8:0|3|4;9:1|2,0@0=1;0@2=1;0@4=1;0@6=1;0@8=1;1@2=2;1@4=3;1@8=2;1@1=2;1@5=1;1@7=2;2@2=3;2@4=1;2@8=2;2@1=2;2@7=1;2@3=1;2@9=2;3@2=1;3@6=1;3@1=2;3@5=1;4@0=2;4@4=3;4@6=1;4@7=1;5@4=2;6@2=3;6@4=1;6@6=2;6@1=1;6@5=1;7@2=3;7@4=4;7@8=1;7@1=1;7@5=1;8@2=2;8@4=2;8@6=1;8@1=1;8@9=1;9@2=1;9@4=4;9@6=1;9@8=1;9@5=2;9@3=3;9@9=2,"0,2,4,6,8,1,5,7,3,9",82,49,49,0,1.0,0.004005757418029804,0.08,0.02400575741802981,0.0,0.0,0.1,0.004058122634887695,Feasible
1204,1203,5,0,5,"REMOVE:1,0;REMOVE:1,1;REMOVE:2,0;REMOVE:3,0;REMOVE:8,0",0:0|1|4;1:0|1|4;2:0|3|4;3:0|4|9;4:1|2;5:4;6:2|6;7:3|6;8:0|3|4;9:1|2,0:0|1|4;1:4;2:3|4;3:4|9;4:1|2;5:4;6:2|6;7:3|6;8:3|4;9:1|2,0@0=1;0@1=3;0@2=2;0@4=2;0@9=1;1@2=2;1@4=1;1@6=1;1@7=1;1@8=1;2@1=1;2@2=1;2@6=1;2@3=1;3@2=2;3@4=1;3@6=1;3@7=1;3@8=1;3@3=1;4@1=1;4@2=2;4@4=2;4@3=1;4@5=2;5@2=1;5@8=1;6@0=1;6@1=1;6@2=2;6@4=1;6@3=1;7@4=1;7@6=3;7@3=1;8@1=1;8@2=2;8@4=3;8@6=1;9@0=1;9@1=2;9@2=4;9@4=1;9@9=1;9@7=1;9@8=2;9@3=2;9@5=2,"0,1,2,4,9,6,7,8,3,5",70,48,48,0,1.0,0.2474542912883816,0.20833333333333334,0.03912095795504824,0.0,0.0,0.0,0.00754094123840332,Feasible
1205,1204,7,3,4,"ADD:1,1;ADD:1,5;ADD:3,5;REMOVE:0,1;REMOVE:6,6;REMOVE:7,3;REMOVE:9,1",0:0|1|4;1:4;2:3|4;3:4|9;4:1|2;5:4;6:2|6;7:3|6;8:3|4;9:1|2,0:0|4;1:1|4|5;2:3|4;3:4|5|9;4:1|2;5:4;6:2;7:6;8:3|4;9:2,0@2=2;0@4=2;0@5=1;0@8=1;1@4=1;1@5=1;1@1=2;1@6=1;1@9=1;2@2=1;2@4=3;2@5=1;2@9=1;2@7=1;3@2=1;3@4=1;3@5=2;3@9=1;4@4=4;4@1=1;4@3=2;5@2=2;5@6=1;6@4=1;6@3=1;7@4=1;7@1=1;7@7=3;8@2=1;8@4=2;8@1=2;8@6=1;8@9=2;9@2=3;9@8=1;9@7=2;9@3=2,"2,4,5,8,1,6,9,7,3",57,37,37,0,1.0,-0.05465223846608275,0.21052631578947367,0.03482144574444362,0.0,0.0,0.30000000000000004,0.005850791931152344,Feasible
1206,1205,7,5,2,"ADD:0,1;ADD:2,0;ADD:5,1;ADD:7,2;ADD:9,1;REMOVE:1,1;REMOVE:3,5",0:0|4;1:1|4|5;2:3|4;3:4|5|9;4:1|2;5:4;6:2;7:6;8:3|4;9:2,0:0|1|4;1:4|5;2:0|3|4;3:4|9;4:1|2;5:1|4;6:2;7:2|6;8:3|4;9:1|2,0@1=1;0@2=1;0@3=1;0@4=1;0@7=1;0@8=1;1@2=1;1@4=3;1@7=1;1@0=1;1@6=1;2@1=1;2@2=2;2@3=1;2@4=1;2@7=1;2@0=2;2@6=2;2@5=2;3@2=3;3@3=1;3@4=2;4@1=2;4@2=4;4@4=1;4@0=2;4@6=1;4@9=1;5@1=1;5@2=2;5@4=2;5@6=1;6@2=1;6@0=1;7@1=1;7@2=2;7@4=1;7@5=1;7@9=1;8@2=1;8@4=1;8@7=1;8@9=1;9@1=3;9@4=1;9@6=3,"1,2,3,4,7,8,0,6,5,9",67,46,46,0,1.0,-0.3476724454198427,0.1111111111111111,0.04121644346904619,0.0,0.0,0.5,0.0039958953857421875,Feasible
1207,1206,6,5,1,"ADD:1,1;ADD:3,0;ADD:5,0;ADD:6,1;ADD:8,0;REMOVE:7,2",0:0|1|4;1:4|5;2:0|3|4;3:4|9;4:1|2;5:1|4;6:2;7:2|6;8:3|4;9:1|2,0:0|1|4;1:1|4|5;2:0|3|4;3:0|4|9;4:1|2;5:0|1|4;6:1|2;7:6;8:0|3|4;9:1|2,0@0=1;0@2=2;0@3=2;0@4=3;1@2=1;1@4=1;1@1=1;1@9=1;2@0=1;2@3=1;2@6=1;2@8=2;3@0=2;3@2=1;3@1=1;3@7=1;4@0=3;4@2=2;4@4=2;4@1=1;4@8=1;4@7=1;4@5=1;5@0=1;6@1=1;7@6=1;8@0=1;8@4=2;8@6=1;9@4=2;9@1=2;9@8=1,"0,2,3,4,1,9,6,8,7,5",45,32,32,0,1.0,-0.40618401422841965,0.047619047619047616,0.04619693815253271,0.0,0.0,0.5,0.0027208328247070312,Feasible
1208,1207,6,2,4,"ADD:7,0;ADD:7,3;REMOVE:1,4;REMOVE:2,0;REMOVE:3,0;REMOVE:5,0",0:0|1|4;1:1|4|5;2:0|3|4;3:0|4|9;4:1|2;5:0|1|4;6:1|2;7:6;8:0|3|4;9:1|2,0:0|1|4;1:1|5;2:3|4;3:4|9;4:1|2;5:1|4;6:1|2;7:0|3|6;8:0|3|4;9:1|2,0@0=1;0@1=1;0@2=1;0@3=2;0@4=1;0@5=2;0@6=2;0@7=1;0@9=1;1@2=1;1@5=1;1@7=1;2@1=1;2@2=2;2@4=2;2@5=1;2@6=1;2@8=1;3@2=3;3@3=2;3@4=4;4@0=1;4@2=2;4@4=2;4@6=2;4@7=1;5@1=1;5@3=1;5@4=1;5@6=1;5@9=1;5@8=2;6@0=1;6@4=2;6@6=1;6@7=1;7@0=1;7@3=1;7@4=1;7@5=1;7@6=1;7@7=1;7@8=1;8@0=1;8@1=1;8@2=1;8@3=1;8@4=3;8@6=1;8@9=2;8@8=1;9@0=4;9@1=1;9@2=1;9@3=1;9@4=3;9@5=1;9@6=2;9@7=2;9@9=1;9@8=1,"0,1,2,3,4,5,6,7,9,8",87,61,61,0,1.0,-0.011479495153523755,0.16,0.02852050484647625,0.0,0.0,0.2,0.0068149566650390625,Feasible
1209,1208,4,3,1,"ADD:1,4;ADD:2,0;ADD:5,0;REMOVE:6,1",0:0|1|4;1:1|5;2:3|4;3:4|9;4:1|2;5:1|4;6:1|2;7:0|3|6;8:0|3|4;9:1|2,0:0|1|4;1:1|4|5;2:0|3|4;3:4|9;4:1|2;5:0|1|4;6:2;7:0|3|6;8:0|3|4;9:1|2,0@0=2;0@1=1;0@3=1;0@4=2;0@5=1;1@0=2;1@1=2;1@3=1;1@4=1;1@5=2;1@2=3;1@6=1;1@7=4;1@8=1;2@0=3;2@1=7;2@4=2;2@5=1;2@2=2;2@6=1;2@7=1;2@8=4;3@1=1;3@4=4;3@2=1;4@0=1;4@4=3;4@5=1;4@2=3;4@6=3;4@8=1;4@9=2;5@0=1;5@5=1;6@4=2;6@2=2;7@1=1;7@4=1;7@2=1;8@0=3;8@1=1;8@3=2;8@5=1;8@2=4;8@8=3;9@0=1;9@1=1;9@3=3;9@4=3;9@5=2;9@2=3;9@6=3;9@7=5;9@8=4;9@9=1,"0,1,3,4,5,2,6,7,8,9",114,55,55,0,1.0,-0.2265866326104815,0.043478260869565216,0.029935106519953316,0.0,0.0,0.30000000000000004,0.0029439926147460938,Feasible
1210,1209,7,2,5,"ADD:3,5;ADD:6,6;REMOVE:0,4;REMOVE:1,4;REMOVE:5,0;REMOVE:7,0;REMOVE:7,6",0:0|1|4;1:1|4|5;2:0|3|4;3:4|9;4:1|2;5:0|1|4;6:2;7:0|3|6;8:0|3|4;9:1|2,0:0|1;1:1|5;2:0|3|4;3:4|5|9;4:1|2;5:1|4;6:2|6;7:3;8:0|3|4;9:1|2,0@1=1;0@2=2;0@5=1;0@6=1;0@7=3;0@8=1;0@9=1;1@2=1;1@6=1;1@7=1;1@9=1;1@0=1;2@1=2;2@2=2;2@7=1;2@9=1;2@0=1;2@4=1;3@1=2;3@2=2;3@5=1;3@6=1;3@9=1;3@4=1;4@1=2;4@5=1;4@6=1;4@7=2;4@8=2;4@3=1;5@1=5;5@2=1;5@4=1;6@6=1;6@7=1;6@4=1;7@2=1;7@9=1;7@3=2;8@1=2;8@2=1;8@6=2;8@8=1;8@0=1;9@1=4;9@2=6;9@5=3;9@6=1;9@7=1;9@8=2;9@9=1;9@4=4;9@3=1,"1,2,5,6,7,8,9,0,4,3",84,53,53,0,1.0,0.03414937797644152,0.2,0.03414937797644151,0.0,0.0,0.2,0.007872819900512695,Feasible
1211,1210,8,3,5,"ADD:0,4;ADD:1,4;ADD:7,8;REMOVE:2,0;REMOVE:3,4;REMOVE:6,2;REMOVE:6,6;REMOVE:8,0",0:0|1;1:1|5;2:0|3|4;3:4|5|9;4:1|2;5:1|4;6:2|6;7:3;8:0|3|4;9:1|2,0:0|1|4;1:1|4|5;2:3|4;3:5|9;4:1|2;5:1|4;6:-;7:3|8;8:3|4;9:1|2,0@0=1;0@2=1;0@3=1;0@4=1;0@6=2;1@2=1;1@4=5;1@5=1;1@7=1;1@9=3;2@2=3;2@3=1;2@4=4;2@5=1;2@7=1;3@0=1;3@2=2;3@7=1;3@9=2;3@1=1;4@0=1;4@2=1;4@6=1;4@7=1;4@9=1;4@1=1;4@8=1;5@3=2;5@4=2;5@7=1;5@1=1;7@2=3;7@3=1;7@5=1;7@8=1;8@2=3;8@3=1;8@4=1;8@6=1;8@7=3;8@1=2;9@0=3;9@2=1;9@3=1;9@4=1;9@7=2;9@9=1;9@1=1;9@8=1,"0,2,3,4,6,5,7,9,1,8",75,49,49,0,1.0,-0.03655346151611971,0.22727272727272727,0.03617381121115306,0.0,0.0,0.30000000000000004,0.00743556022644043,Feasible
1212,1211,4,4,0,"ADD:3,4;ADD:5,0;ADD:6,2;ADD:8,0",0:0|1|4;1:1|4|5;2:3|4;3:5|9;4:1|2;5:1|4;6:-;7:3|8;8:3|4;9:1|2,0:0|1|4;1:1|4|5;2:3|4;3:4|5|9;4:1|2;5:0|1|4;6:2;7:3|8;8:0|3|4;9:1|2,0@3=1;0@4=1;0@7=3;0@9=1;1@3=1;1@4=1;1@7=1;1@0=3;1@1=2;1@6=1;2@4=1;3@4=1;3@9=1;3@1=1;3@2=1;3@5=1;4@4=1;4@9=1;4@0=1;4@6=2;4@8=1;5@4=1;5@0=1;5@6=3;5@2=2;5@5=1;5@8=1;6@2=1;7@7=1;7@1=1;7@6=1;8@4=3;8@0=2;8@1=1;8@2=4;9@4=2;9@7=1;9@9=1;9@6=1;9@2=1;9@8=1,"3,4,7,9,0,1,6,2,5,8",57,41,41,0,1.0,-0.3701922953002873,0.0,0.029807704699712712,0.0,0.0,0.4,0.0013580322265625,Feasible
1213,1212,9,1,8,"ADD:6,1;REMOVE:0,0;REMOVE:1,1;REMOVE:1,4;REMOVE:2,3;REMOVE:2,4;REMOVE:3,4;REMOVE:5,4;REMOVE:8,0",0:0|1|4;1:1|4|5;2:3|4;3:4|5|9;4:1|2;5:0|1|4;6:2;7:3|8;8:0|3|4;9:1|2,0:1|4;1:5;2:-;3:5|9;4:1|2;5:0|1;6:1|2;7:3|8;8:3|4;9:1|2,0@1=2;0@3=1;0@4=2;1@5=1;1@8=1;3@8=1;3@0=1;3@2=1;3@7=1;4@1=1;4@2=1;4@9=2;5@1=2;5@2=2;6@1=4;6@3=1;6@5=1;6@2=1;6@9=1;6@6=1;7@1=1;7@4=2;7@5=2;7@2=2;7@7=1;7@9=1;7@6=1;8@1=1;8@4=1;8@2=2;8@9=1;9@1=1;9@4=1;9@0=1;9@7=1,"1,3,4,5,8,0,2,7,9,6",47,35,35,0,1.0,0.26826400733541744,0.3333333333333333,0.03493067400208409,0.0,0.0,0.1,0.010259151458740234,Feasible
1214,1213,9,7,2,"ADD:0,5;ADD:1,1;ADD:1,4;ADD:2,3;ADD:2,4;ADD:3,4;ADD:7,0;REMOVE:5,0;REMOVE:8,3",0:1|4;1:5;2:-;3:5|9;4:1|2;5:0|1;6:1|2;7:3|8;8:3|4;9:1|2,0:1|4|5;1:1|4|5;2:3|4;3:4|5|9;4:1|2;5:1;6:1|2;7:0|3|8;8:4;9:1|2,0@2=1;0@5=1;0@8=1;0@9=1;1@0=1;1@1=1;1@3=1;1@4=1;1@6=2;2@3=1;2@4=1;3@2=1;3@8=1;3@3=1;3@4=1;4@8=1;4@9=1;4@0=1;4@1=3;4@4=3;4@7=2;5@8=1;5@3=1;6@2=1;6@9=1;6@0=1;6@1=3;6@6=1;7@5=1;7@8=1;7@0=2;7@1=2;7@6=1;8@2=1;8@6=1;8@7=1;9@2=1;9@8=1;9@0=2;9@1=1;9@3=2;9@4=2;9@6=1;9@7=1,"2,5,8,9,0,1,3,4,6,7",57,44,44,0,1.0,-0.5494979731001589,0.11764705882352941,0.032854968076311636,0.0,0.0,0.7,0.003996133804321289,Feasible
1215,1214,6,3,3,"ADD:5,2;ADD:8,0;ADD:8,3;REMOVE:0,5;REMOVE:2,3;REMOVE:7,0",0:1|4|5;1:1|4|5;2:3|4;3:4|5|9;4:1|2;5:1;6:1|2;7:0|3|8;8:4;9:1|2,0:1|4;1:1|4|5;2:4;3:4|5|9;4:1|2;5:1|2;6:1|2;7:3|8;8:0|3|4;9:1|2,0@2=3;0@3=2;0@4=2;0@9=1;1@4=2;1@0=1;1@1=3;1@8=2;2@2=1;2@8=1;3@4=1;3@9=1;3@0=1;3@1=2;3@8=2;3@5=2;3@7=3;4@2=2;4@3=2;4@4=5;4@9=2;4@0=2;4@1=2;4@8=1;4@5=1;4@7=3;5@2=1;5@5=1;6@0=2;6@8=1;6@6=1;7@2=1;7@4=1;7@9=1;7@1=1;7@8=1;8@2=2;8@3=3;8@4=1;8@9=1;8@0=1;8@1=3;8@6=1;9@2=2;9@3=1;9@4=2;9@0=2;9@1=4;9@8=1;9@5=1;9@7=1,"2,3,4,9,0,1,8,5,7,6",87,51,51,0,1.0,-0.13059180855277774,0.13636363636363635,0.03304455508358596,0.0,0.0,0.30000000000000004,0.005193948745727539,Feasible
1216,1215,5,1,4,"ADD:0,5;REMOVE:3,4;REMOVE:6,1;REMOVE:7,3;REMOVE:8,0",0:1|4;1:1|4|5;2:4;3:4|5|9;4:1|2;5:1|2;6:1|2;7:3|8;8:0|3|4;9:1|2,0:1|4|5;1:1|4|5;2:4;3:5|9;4:1|2;5:1|2;6:2;7:8;8:3|4;9:1|2,0@1=3;0@2=1;0@3=1;0@4=6;0@5=4;0@8=1;1@1=1;1@2=1;1@4=1;1@5=2;1@8=1;1@7=1;2@7=1;3@1=1;3@5=1;4@1=1;4@4=1;4@8=1;4@7=1;4@6=1;4@9=1;5@2=1;5@3=1;5@6=1;5@9=1;6@2=3;6@3=1;6@4=1;6@5=1;6@7=1;7@2=2;7@8=1;8@1=1;8@2=1;8@4=1;8@5=1;8@7=1;8@6=1;8@9=1;9@1=1;9@2=2;9@3=1;9@4=3;9@5=2;9@6=1;9@9=2;9@0=1,"1,2,3,4,5,8,7,6,9,0",66,47,47,0,1.0,0.12483200650770301,0.18181818181818182,0.0430138246895212,0.0,0.0,0.1,0.006209850311279297,Feasible
1217,1216,6,3,3,"ADD:3,4;ADD:7,9;ADD:8,0;REMOVE:0,5;REMOVE:1,4;REMOVE:2,4",0:1|4|5;1:1|4|5;2:4;3:5|9;4:1|2;5:1|2;6:2;7:8;8:3|4;9:1|2,0:1|4;1:1|5;2:-;3:4|5|9;4:1|2;5:1|2;6:2;7:8|9;8:0|3|4;9:1|2,0@1=1;0@2=1;0@4=4;0@7=1;0@9=1;1@1=4;1@2=3;1@0=1;1@6=2;1@8=1;3@1=2;3@2=1;3@4=1;3@7=1;3@9=1;3@8=1;4@2=1;4@4=1;4@7=2;4@9=1;4@0=1;4@3=1;4@5=1;5@1=1;5@2=1;5@4=3;5@9=1;5@6=1;5@5=1;6@2=3;6@9=1;6@8=1;7@2=1;7@7=1;7@9=1;7@8=1;8@1=1;8@2=2;8@4=1;8@7=1;8@9=1;8@0=2;8@6=1;8@8=1;9@2=4;9@4=2;9@7=1;9@9=1;9@0=3;9@6=3;9@3=1,"1,2,4,7,9,0,6,8,3,5",76,51,51,0,1.0,-0.10857821613722501,0.15789473684210525,0.033527047020669776,0.0,0.0,0.30000000000000004,0.005434751510620117,Feasible
1218,1217,2,1,1,"ADD:2,8;REMOVE:3,9",0:1|4;1:1|5;2:-;3:4|5|9;4:1|2;5:1|2;6:2;7:8|9;8:0|3|4;9:1|2,0:1|4;1:1|5;2:8;3:4|5;4:1|2;5:1|2;6:2;7:8|9;8:0|3|4;9:1|2,0@1=1;0@2=1;0@8=1;1@1=2;1@2=2;1@8=3;1@0=1;2@8=1;3@2=1;3@8=2;3@4=3;3@5=1;3@7=1;4@2=1;4@8=1;4@6=2;4@9=2;5@2=1;5@7=1;5@6=1;5@3=1;6@2=1;7@1=1;7@2=4;7@4=1;7@7=1;7@3=1;8@1=1;8@2=3;8@0=1;8@5=1;8@7=1;8@6=2;8@9=2;9@1=1;9@5=1;9@6=1;9@9=2;9@3=4,"1,2,8,0,4,5,7,6,9,3",59,39,39,0,1.0,-0.024440707852359897,0.05263157894736842,0.022927713200271687,0.0,0.0,0.1,0.00506281852722168,Feasible
1219,1218,5,2,3,"ADD:1,4;ADD:3,1;REMOVE:2,8;REMOVE:5,2;REMOVE:9,1",0:1|4;1:1|5;2:8;3:4|5;4:1|2;5:1|2;6:2;7:8|9;8:0|3|4;9:1|2,0:1|4;1:1|4|5;2:-;3:1|4|5;4:1|2;5:1;6:2;7:8|9;8:0|3|4;9:2,0@1=1;0@2=2;0@4=2;0@6=2;0@7=2;0@9=1;1@1=1;1@4=1;1@6=1;1@0=1;1@5=1;3@1=1;3@4=1;3@7=1;3@9=1;3@0=1;3@3=1;4@2=3;4@6=2;4@7=1;4@9=1;4@5=1;4@8=1;5@1=1;5@3=1;6@4=2;7@1=1;7@2=1;7@4=1;7@5=1;7@3=1;8@2=1;8@4=1;8@7=2;8@9=1;8@0=1;8@5=1;9@2=3;9@4=2;9@9=2;9@8=1,"1,2,4,6,7,9,0,5,3,8",54,41,41,0,1.0,-0.009872795563234171,0.15789473684210525,0.03223246759466059,0.0,0.0,0.2,0.005092144012451172,Feasible
1220,1219,9,5,4,"ADD:2,3;ADD:2,4;ADD:5,2;ADD:6,1;ADD:9,6;REMOVE:1,5;REMOVE:4,1;REMOVE:7,8;REMOVE:8,0",0:1|4;1:1|4|5;2:-;3:1|4|5;4:1|2;5:1;6:2;7:8|9;8:0|3|4;9:2,0:1|4;1:1|4;2:3|4;3:1|4|5;4:2;5:1|2;6:1|2;7:9;8:3|4;9:2|6,0@1=1;0@2=1;0@3=1;0@4=1;0@9=1;1@1=1;1@3=1;1@4=1;1@7=1;1@8=2;2@3=1;2@4=1;2@7=1;2@6=1;3@1=1;3@2=1;3@3=1;3@4=2;3@0=2;4@4=1;4@9=1;4@5=2;5@1=2;5@2=2;5@4=1;5@8=1;5@6=1;5@0=1;6@1=1;6@8=1;7@1=1;7@2=3;7@9=1;7@7=1;8@2=1;8@3=2;8@4=1;8@7=1;8@6=2;9@2=2;9@7=2;9@6=2;9@5=1,"1,2,3,4,9,7,8,6,0,5",56,43,43,0,1.0,-0.2388433944242911,0.2222222222222222,0.03893438335348672,0.0,0.0,0.5,0.006269216537475586,Feasible
1221,1220,6,5,1,"ADD:0,0;ADD:1,0;ADD:2,0;ADD:4,1;ADD:8,0;REMOVE:6,2",0:1|4;1:1|4;2:3|4;3:1|4|5;4:2;5:1|2;6:1|2;7:9;8:3|4;9:2|6,0:0|1|4;1:0|1|4;2:0|3|4;3:1|4|5;4:1|2;5:1|2;6:1;7:9;8:0|3|4;9:2|6,0@0=1;0@2=1;0@6=1;0@8=1;0@9=2;1@0=2;1@2=4;1@6=3;1@8=2;1@9=5;1@1=1;1@4=2;2@0=1;2@8=1;2@5=1;3@0=1;3@2=1;3@1=1;3@4=2;3@5=1;3@3=1;4@2=3;4@1=2;4@5=2;4@7=3;5@2=1;5@8=1;5@1=1;5@4=1;6@9=1;6@7=1;7@2=1;7@6=1;8@0=1;8@6=1;8@4=1;9@2=2;9@9=2;9@1=1;9@3=1;9@7=1,"0,2,6,8,9,1,4,5,3,7",63,41,41,0,1.0,-0.4137411950771769,0.05263157894736842,0.03362722597545473,0.0,0.0,0.5,0.002736806869506836,Feasible
1222,1221,4,3,1,"ADD:6,4;ADD:6,5;ADD:7,4;REMOVE:2,4",0:0|1|4;1:0|1|4;2:0|3|4;3:1|4|5;4:1|2;5:1|2;6:1;7:9;8:0|3|4;9:2|6,0:0|1|4;1:0|1|4;2:0|3;3:1|4|5;4:1|2;5:1|2;6:1|4|5;7:4|9;8:0|3|4;9:2|6,0@1=1;0@2=4;0@3=2;0@4=5;0@5=2;0@8=2;0@9=2;1@1=1;1@2=3;1@3=1;1@4=1;1@5=1;1@8=1;1@9=1;1@0=1;1@7=1;2@9=1;2@0=1;3@2=2;3@4=4;3@5=1;3@9=1;3@0=1;3@7=1;4@1=3;4@2=2;4@3=1;4@4=4;4@5=2;4@8=3;4@0=2;4@7=1;4@6=1;5@1=3;5@2=2;5@4=1;5@5=1;5@6=1;6@4=1;6@5=1;7@1=3;7@4=2;7@8=1;7@9=2;7@6=1;8@1=1;8@2=1;8@3=1;8@8=1;8@9=1;8@0=2;8@7=1;8@6=1;9@1=3;9@2=2;9@4=3;9@8=2;9@9=1;9@0=1;9@7=3;9@6=1,"1,2,3,4,5,8,9,0,7,6",104,61,61,0,1.0,-0.2194166721577845,0.043478260869565216,0.037105066972650334,0.0,0.0,0.30000000000000004,0.0030117034912109375,Feasible
1223,1222,2,1,1,"ADD:2,4;REMOVE:3,4",0:0|1|4;1:0|1|4;2:0|3;3:1|4|5;4:1|2;5:1|2;6:1|4|5;7:4|9;8:0|3|4;9:2|6,0:0|1|4;1:0|1|4;2:0|3|4;3:1|5;4:1|2;5:1|2;6:1|4|5;7:4|9;8:0|3|4;9:2|6,0@0=1;0@1=3;0@2=3;0@3=2;0@4=2;0@6=2;0@7=2;0@8=1;0@9=1;1@1=1;1@2=3;1@4=2;1@7=1;1@8=2;1@9=2;1@5=1;2@0=1;2@4=1;2@5=1;3@0=2;3@1=1;3@2=1;3@6=1;3@8=2;3@5=2;4@0=2;4@2=3;4@4=1;4@6=1;4@8=1;4@9=1;5@0=1;5@1=2;5@3=1;5@4=2;6@0=1;6@1=1;6@2=1;6@3=2;6@4=1;6@7=1;6@8=2;7@2=2;7@3=1;7@4=2;7@6=1;7@7=1;7@9=1;8@0=1;8@2=3;8@3=1;8@4=1;8@6=1;8@9=1;8@5=1;9@1=1;9@2=1;9@4=4;9@6=1;9@7=1;9@8=2;9@9=1;9@5=2,"0,1,2,3,4,6,7,8,9,5",95,63,63,0,1.0,-0.026301330236227966,0.04,0.03369866976377204,0.0,0.0,0.1,0.0030820369720458984,Feasible
1224,1223,5,1,4,"ADD:7,0;REMOVE:2,0;REMOVE:2,3;REMOVE:6,1;REMOVE:9,6",0:0|1|4;1:0|1|4;2:0|3|4;3:1|5;4:1|2;5:1|2;6:1|4|5;7:4|9;8:0|3|4;9:2|6,0:0|1|4;1:0|1|4;2:4;3:1|5;4:1|2;5:1|2;6:4|5;7:0|4|9;8:0|3|4;9:2,0@0=2;0@1=2;0@2=4;0@3=1;0@4=1;0@8=3;1@1=2;1@2=2;1@3=2;1@4=2;1@5=1;1@7=1;2@2=1;2@4=1;3@1=2;3@2=1;3@8=1;4@1=1;4@2=2;4@4=3;4@5=2;4@7=2;4@6=1;5@0=1;5@6=1;5@9=2;6@3=1;6@4=1;6@8=1;7@0=2;7@8=1;7@5=1;7@6=1;8@0=2;8@1=1;8@2=1;8@3=1;8@4=2;8@6=1;9@0=1;9@2=1;9@3=2;9@4=1;9@7=1,"0,1,2,3,4,8,5,7,6,9",66,44,44,0,1.0,0.09564153243093085,0.16,0.035641532430930836,0.0,0.0,0.1,0.006178140640258789,Feasible
1225,1224,5,3,2,"ADD:2,1;ADD:3,4;ADD:9,1;REMOVE:0,4;REMOVE:8,0",0:0|1|4;1:0|1|4;2:4;3:1|5;4:1|2;5:1|2;6:4|5;7:0|4|9;8:0|3|4;9:2,0:0|1;1:0|1|4;2:1|4;3:1|4|5;4:1|2;5:1|2;6:4|5;7:0|4|9;8:3|4;9:1|2,0@0=1;0@1=3;0@2=3;0@6=1;0@7=1;0@8=1;0@9=1;1@0=1;1@1=2;1@2=2;1@6=1;1@8=1;1@9=1;1@4=1;2@1=3;2@6=2;2@9=1;2@3=1;3@1=1;3@7=1;3@9=1;3@4=2;3@3=2;4@1=1;4@2=2;4@8=1;4@9=2;4@4=1;5@1=1;5@2=1;5@8=1;5@9=1;5@3=1;6@4=2;6@3=1;7@0=1;7@1=1;7@2=1;7@7=2;7@9=1;7@4=1;8@1=1;8@2=1;8@6=2;8@7=1;8@8=1;8@9=2;8@4=1;9@0=1;9@1=1;9@8=1;9@5=1,"0,1,2,6,7,8,9,4,3,5",69,52,52,0,1.0,-0.17145651988879895,0.09090909090909091,0.03763438920211018,0.0,0.0,0.30000000000000004,0.004203081130981445,Feasible
1226,1225,6,0,6,"REMOVE:1,0;REMOVE:1,1;REMOVE:2,4;REMOVE:6,5;REMOVE:7,0;REMOVE:7,4",0:0|1;1:0|1|4;2:1|4;3:1|4|5;4:1|2;5:1|2;6:4|5;7:0|4|9;8:3|4;9:1|2,0:0|1;1:4;2:1;3:1|4|5;4:1|2;5:1|2;6:4;7:9;8:3|4;9:1|2,0@2=1;0@3=1;0@8=2;0@9=1;1@2=3;1@4=1;2@6=1;2@7=1;3@2=1;3@8=1;3@4=2;3@7=2;3@0=1;3@1=1;3@5=2;4@4=2;4@6=1;4@7=1;4@1=1;4@5=1;5@8=1;5@9=1;5@4=1;5@6=1;6@2=2;6@4=1;7@2=1;7@7=1;7@1=1;8@8=1;8@9=1;8@4=1;8@7=2;8@1=3;8@5=1;9@2=2;9@4=1;9@6=1;9@0=1;9@1=1,"2,3,8,9,4,6,7,0,1,5",52,40,40,0,1.0,0.2844764994708394,0.2608695652173913,0.023606934253448137,0.0,0.0,0.0,0.008591175079345703,Feasible
1227,1226,8,4,4,"ADD:0,4;ADD:1,5;ADD:6,1;ADD:7,5;REMOVE:2,1;REMOVE:3,5;REMOVE:5,1;REMOVE:8,3",0:0|1;1:4;2:1;3:1|4|5;4:1|2;5:1|2;6:4;7:9;8:3|4;9:1|2,0:0|1|4;1:4|5;2:-;3:1|4;4:1|2;5:2;6:1|4;7:5|9;8:4;9:1|2,0@1=1;0@2=2;0@3=1;0@4=1;1@5=1;1@7=2;3@1=1;3@2=1;3@4=1;3@8=1;4@1=2;4@3=1;4@4=1;4@7=1;4@8=1;5@9=1;6@1=1;6@4=2;7@2=2;7@5=1;7@7=1;7@8=1;7@9=1;8@8=2;9@3=1;9@4=1;9@6=1,"1,2,3,4,5,7,8,9,6",33,27,27,0,1.0,-0.1283256516853969,0.23529411764705882,0.03638023066754433,0.0,0.0,0.4,0.005526065826416016,Feasible
1228,1227,4,3,1,"ADD:1,1;ADD:5,1;ADD:8,1;REMOVE:0,4",0:0|1|4;1:4|5;2:-;3:1|4;4:1|2;5:2;6:1|4;7:5|9;8:4;9:1|2,0:0|1;1:1|4|5;2:-;3:1|4;4:1|2;5:1|2;6:1|4;7:5|9;8:1|4;9:1|2,0@5=1;0@6=1;0@8=2;1@1=1;1@4=2;1@7=2;1@9=1;3@1=2;3@9=1;3@2=1;4@6=1;4@8=2;4@1=3;4@9=1;4@2=1;4@0=3;5@8=1;5@1=1;5@4=1;5@2=2;5@0=1;6@6=2;6@2=1;6@3=1;7@7=1;7@3=3;8@6=1;8@1=2;8@4=1;8@7=1;9@6=1;9@1=1;9@4=1;9@7=1;9@2=2;9@0=1,"5,6,8,1,4,7,9,2,0,3",51,36,36,0,1.0,-0.20584269942482109,0.058823529411764705,0.03533377116341424,0.0,0.0,0.30000000000000004,0.002672910690307617,Feasible
1229,1228,5,5,0,"ADD:0,4;ADD:2,2;ADD:6,0;ADD:7,4;ADD:8,0",0:0|1;1:1|4|5;2:-;3:1|4;4:1|2;5:1|2;6:1|4;7:5|9;8:1|4;9:1|2,0:0|1|4;1:1|4|5;2:2;3:1|4;4:1|2;5:1|2;6:0|1|4;7:4|5|9;8:0|1|4;9:1|2,0@2=2;0@3=1;0@4=2;0@5=1;0@6=1;0@8=1;0@9=1;1@2=2;1@3=1;1@4=2;1@5=1;1@6=1;1@8=1;1@9=1;1@1=2;1@7=2;2@2=1;2@4=2;3@2=3;3@4=1;3@8=1;3@1=2;3@7=2;4@2=1;4@3=1;4@4=3;4@8=1;4@9=1;4@1=1;4@0=2;5@2=1;5@4=2;5@9=2;5@1=2;6@2=3;6@3=1;6@4=1;6@6=1;6@0=1;7@3=1;7@4=1;7@9=1;7@0=2;8@2=1;8@3=3;8@4=4;8@6=1;8@1=1;8@7=1;8@0=2;9@2=2;9@3=2;9@4=1;9@5=2;9@6=2;9@8=1;9@1=1,"2,3,4,5,6,8,9,1,7,0",87,57,57,0,1.0,-0.46400993101648547,0.0,0.03599006898351456,0.0,0.0,0.5,0.0014920234680175781,Feasible
1230,1229,3,2,1,"ADD:2,1;ADD:3,5;REMOVE:5,1",0:0|1|4;1:1|4|5;2:2;3:1|4;4:1|2;5:1|2;6:0|1|4;7:4|5|9;8:0|1|4;9:1|2,0:0|1|4;1:1|4|5;2:1|2;3:1|4|5;4:1|2;5:2;6:0|1|4;7:4|5|9;8:0|1|4;9:1|2,0@1=1;0@3=2;0@4=2;0@5=1;0@6=1;0@7=1;0@8=1;0@9=1;1@1=1;1@3=1;1@4=3;1@6=1;1@7=1;1@9=2;1@0=1;1@2=2;2@1=1;2@0=2;3@1=3;3@3=1;3@4=1;3@5=1;3@9=1;3@2=3;4@1=2;4@3=3;4@4=3;4@7=1;4@9=1;4@2=2;5@3=1;5@4=3;5@9=1;5@2=2;6@1=1;6@4=1;6@9=2;6@0=1;7@1=1;7@3=1;7@4=2;7@9=1;7@0=1;7@2=1;8@1=2;8@4=2;8@8=1;8@0=1;8@2=4;9@1=3;9@4=3;9@7=1;9@8=1;9@9=1;9@2=4,"1,3,4,5,6,7,8,9,0,2",89,55,55,0,1.0,-0.11629945117025461,0.041666666666666664,0.042033882163078726,0.0,0.0,0.2,0.0031371116638183594,Feasible
1231,1230,5,1,4,"ADD:5,1;REMOVE:0,0;REMOVE:3,4;REMOVE:6,1;REMOVE:7,5",0:0|1|4;1:1|4|5;2:1|2;3:1|4|5;4:1|2;5:2;6:0|1|4;7:4|5|9;8:0|1|4;9:1|2,0:1|4;1:1|4|5;2:1|2;3:1|5;4:1|2;5:1|2;6:0|4;7:4|9;8:0|1|4;9:1|2,0@2=3;0@3=1;0@4=2;0@9=2;1@2=2;1@4=1;1@9=1;1@1=1;1@5=2;2@4=2;2@6=2;3@2=4;3@3=2;3@1=1;3@6=1;3@0=1;3@7=1;3@8=2;4@2=1;4@9=2;4@1=1;4@5=1;4@6=1;4@8=2;5@2=1;5@9=1;5@1=1;5@5=1;5@7=1;6@4=1;6@5=2;7@2=1;7@4=1;7@9=1;7@1=1;8@2=3;8@3=1;8@4=2;8@9=1;8@1=1;8@5=1;8@0=1;8@7=1;8@8=6;9@2=1;9@4=4;9@5=3;9@6=1;9@0=1;9@8=3,"2,3,4,9,1,5,6,0,7,8",81,50,50,0,1.0,0.08192581659972595,0.16,0.021925816599725964,0.0,0.0,0.1,0.006621837615966797,Feasible
1232,1231,5,3,2,"ADD:0,5;ADD:3,4;ADD:6,9;REMOVE:1,5;REMOVE:2,1",0:1|4;1:1|4|5;2:1|2;3:1|5;4:1|2;5:1|2;6:0|4;7:4|9;8:0|1|4;9:1|2,0:1|4|5;1:1|4;2:2;3:1|4|5;4:1|2;5:1|2;6:0|4|9;7:4|9;8:0|1|4;9:1|2,0@2=4;0@3=1;0@4=2;0@5=2;0@7=4;1@2=2;1@1=1;1@8=1;1@9=3;2@2=1;2@0=1;3@2=4;3@4=2;3@7=1;3@0=2;4@2=3;4@3=1;4@4=3;4@1=1;4@8=1;4@6=1;5@2=1;5@3=1;5@5=1;5@7=2;5@1=1;5@6=1;6@4=2;6@5=1;6@8=1;6@9=1;7@2=1;7@4=2;7@7=1;7@1=1;7@6=2;8@2=2;8@3=1;8@4=1;8@1=1;8@9=1;8@0=1;8@6=2;9@2=1;9@4=2;9@7=1;9@1=4;9@8=1;9@9=1,"2,3,4,5,7,1,8,9,0,6",79,49,49,0,1.0,-0.17547979544250003,0.09090909090909091,0.033611113648409116,0.0,0.0,0.30000000000000004,0.003980159759521484,Feasible
1233,1232,6,1,5,"ADD:2,6;REMOVE:3,1;REMOVE:5,1;REMOVE:7,4;REMOVE:8,4;REMOVE:9,1",0:1|4|5;1:1|4;2:2;3:1|4|5;4:1|2;5:1|2;6:0|4|9;7:4|9;8:0|1|4;9:1|2,0:1|4|5;1:1|4;2:2|6;3:4|5;4:1|2;5:2;6:0|4|9;7:9;8:0|1;9:2,0@0=1;0@1=1;0@2=4;0@3=1;0@4=2;1@1=1;1@2=1;1@4=2;1@7=1;2@6=1;3@0=1;3@2=3;3@3=1;3@4=1;3@7=1;3@6=1;3@8=1;4@1=1;4@2=3;4@3=1;4@4=3;4@7=1;4@8=1;4@9=1;5@0=1;5@4=3;6@1=2;6@2=1;6@4=1;6@6=1;6@8=2;6@5=2;7@1=1;7@2=2;8@0=1;8@2=2;8@8=1;9@2=2;9@3=1;9@4=3;9@7=1;9@8=1,"0,1,2,3,4,7,6,8,9,5",63,42,42,0,1.0,0.14166076756660187,0.21739130434782608,0.024269463218775798,0.0,0.0,0.1,0.007279157638549805,Feasible
1234,1233,8,4,4,"ADD:3,1;ADD:7,0;ADD:8,4;ADD:9,6;REMOVE:0,1;REMOVE:1,4;REMOVE:6,0;REMOVE:6,4",0:1|4|5;1:1|4;2:2|6;3:4|5;4:1|2;5:2;6:0|4|9;7:9;8:0|1;9:2,0:4|5;1:1;2:2|6;3:1|4|5;4:1|2;5:2;6:9;7:0|9;8:0|1|4;9:2|6,0@2=1;0@4=1;0@5=1;0@8=1;1@8=1;1@1=1;2@2=1;2@1=1;3@2=3;3@1=1;3@0=1;3@3=1;3@9=1;4@2=2;4@8=1;4@1=1;4@3=1;4@9=1;4@7=2;5@2=2;5@0=1;5@3=1;5@9=1;6@3=1;7@2=2;7@0=1;7@6=1;8@2=3;8@4=1;8@3=1;8@7=1;9@4=4;9@9=1;9@6=2,"2,4,5,8,1,0,3,9,7,6",46,34,34,0,1.0,-0.16005833703624345,0.21052631578947367,0.029415347174282888,0.0,0.0,0.4,0.005923748016357422,Feasible
1235,1234,6,3,3,"ADD:0,1;ADD:1,2;ADD:6,0;REMOVE:3,1;REMOVE:7,0;REMOVE:8,4",0:4|5;1:1;2:2|6;3:1|4|5;4:1|2;5:2;6:9;7:0|9;8:0|1|4;9:2|6,0:1|4|5;1:1|2;2:2|6;3:4|5;4:1|2;5:2;6:0|9;7:9;8:0|1;9:2|6,0@1=1;0@3=1;0@4=3;0@5=1;0@9=1;1@9=2;1@2=2;1@7=1;2@4=2;2@6=1;3@4=4;3@5=1;3@2=1;3@0=1;4@1=1;4@4=3;4@8=1;5@4=2;6@2=1;6@6=1;6@0=1;7@7=1;7@6=1;8@1=2;8@3=2;8@2=1;8@6=1;9@1=1;9@4=2;9@2=2;9@8=2,"1,3,4,5,9,2,7,6,0,8",47,31,31,0,1.0,-0.10493838846349063,0.15789473684210525,0.03716687469440416,0.0,0.0,0.30000000000000004,0.00489497184753418,Feasible
1236,1235,8,3,5,"ADD:5,1;ADD:6,4;ADD:7,5;REMOVE:0,1;REMOVE:1,1;REMOVE:2,6;REMOVE:3,5;REMOVE:8,0",0:1|4|5;1:1|2;2:2|6;3:4|5;4:1|2;5:2;6:0|9;7:9;8:0|1;9:2|6,0:4|5;1:2;2:2;3:4;4:1|2;5:1|2;6:0|4|9;7:5|9;8:1;9:2|6,0@0=2;0@3=1;0@5=2;0@7=2;1@0=2;1@3=1;1@4=1;1@8=1;1@9=1;2@7=1;2@4=1;3@7=1;3@4=1;3@8=1;3@2=3;3@6=1;4@3=1;4@5=1;4@4=2;4@8=2;4@2=2;4@1=1;5@4=2;5@9=1;5@1=2;6@4=2;6@6=1;7@3=1;7@5=1;7@8=1;7@9=1;7@6=1;7@1=1;8@7=1;8@8=1;8@6=1;8@1=1;9@0=1;9@7=1;9@4=4;9@6=1,"0,3,5,7,4,8,9,2,6,1",56,41,41,0,1.0,-0.012951769522640877,0.2631578947368421,0.023890335740517087,0.0,0.0,0.30000000000000004,0.0072901248931884766,Feasible
1237,1236,8,8,0,"ADD:0,1;ADD:1,1;ADD:2,1;ADD:3,1;ADD:3,5;ADD:7,4;ADD:8,0;ADD:8,4",0:4|5;1:2;2:2;3:4;4:1|2;5:1|2;6:0|4|9;7:5|9;8:1;9:2|6,0:1|4|5;1:1|2;2:1|2;3:1|4|5;4:1|2;5:1|2;6:0|4|9;7:4|5|9;8:0|1|4;9:2|6,0@0=4;0@1=6;0@2=4;0@3=2;0@4=2;0@5=3;0@6=2;0@7=3;0@8=2;1@0=1;1@1=6;1@2=5;1@3=4;1@4=2;1@5=3;1@7=1;1@9=3;2@1=1;2@2=3;2@6=2;2@8=1;3@1=5;3@2=1;3@3=1;3@4=6;3@5=3;3@6=1;3@8=1;3@9=1;4@0=2;4@1=4;4@2=4;4@3=5;4@4=4;4@5=4;4@6=5;4@7=3;4@8=4;4@9=1;5@1=4;5@2=3;5@3=6;5@4=3;5@5=3;5@6=2;5@7=1;5@8=1;6@1=2;6@2=1;6@4=2;6@5=1;6@6=4;6@8=2;6@9=1;7@1=1;7@2=1;7@3=1;7@4=2;7@5=2;7@7=3;8@0=2;8@1=1;8@2=2;8@4=4;8@6=1;8@7=1;8@8=1;8@9=1;9@0=1;9@1=5;9@2=4;9@3=2;9@4=1;9@5=1;9@6=3;9@7=2;9@8=2;9@9=1,"0,1,2,3,4,5,6,7,8,9",196,78,78,0,1.0,-0.7619385892544777,0.0,0.038061410745522294,0.0,0.0,0.7999999999999999,0.00164031982421875,Feasible
1238,1237,0,0,0,-,0:1|4|5;1:1|2;2:1|2;3:1|4|5;4:1|2;5:1|2;6:0|4|9;7:4|5|9;8:0|1|4;9:2|6,0:1|4|5;1:1|2;2:1|2;3:1|4|5;4:1|2;5:1|2;6:0|4|9;7:4|5|9;8:0|1|4;9:2|6,0@1=3;0@2=3;0@3=2;0@4=2;0@5=5;0@6=1;0@7=1;0@8=1;0@9=1;1@1=3;1@2=3;1@3=3;1@4=3;1@5=3;1@8=4;1@9=2;1@0=5;2@2=1;2@6=1;3@1=6;3@2=4;3@3=2;3@4=6;3@5=1;3@6=3;3@7=3;3@8=1;3@9=2;4@1=1;4@2=5;4@3=6;4@4=4;4@5=7;4@6=4;4@7=1;4@8=2;4@9=2;4@0=3;5@1=6;5@2=1;5@4=4;5@5=1;5@6=1;5@8=4;5@0=3;6@1=3;6@2=5;6@7=1;6@8=2;6@0=2;7@1=2;7@3=4;7@4=1;7@6=1;7@7=1;7@8=2;7@9=1;7@0=3;8@1=1;8@2=5;8@4=2;8@5=1;8@6=1;8@9=1;8@0=1;9@1=3;9@3=4;9@4=4;9@5=1;9@6=1;9@7=2;9@8=1;9@9=2;9@0=4,"1,2,3,4,5,6,7,8,9,0",192,74,74,0,1.0,0.02789697891350439,0.0,0.02789697891350439,0.0,0.0,0.0,0.0015480518341064453,Feasible
1239,1238,1,0,1,"REMOVE:7,9",0:1|4|5;1:1|2;2:1|2;3:1|4|5;4:1|2;5:1|2;6:0|4|9;7:4|5|9;8:0|1|4;9:2|6,0:1|4|5;1:1|2;2:1|2;3:1|4|5;4:1|2;5:1|2;6:0|4|9;7:4|5;8:0|1|4;9:2|6,0@0=1;0@1=2;0@2=4;0@4=4;0@5=2;0@6=1;0@7=2;0@8=1;0@9=2;1@0=1;1@1=1;1@2=4;1@4=7;1@6=2;1@7=1;1@8=3;1@9=1;1@3=2;2@2=2;2@5=1;2@6=1;2@8=2;2@3=1;3@0=4;3@1=3;3@2=2;3@4=1;3@5=2;3@6=2;3@7=1;3@8=1;3@9=3;3@3=2;4@0=1;4@1=2;4@2=12;4@4=4;4@6=4;4@8=3;4@9=2;4@3=4;5@0=2;5@1=1;5@2=5;5@4=9;5@5=1;5@6=1;5@7=2;5@9=1;6@0=1;6@2=3;6@4=4;6@7=1;6@8=3;6@9=1;6@3=1;7@0=2;7@2=2;7@4=3;7@5=3;7@6=4;7@8=1;7@3=1;8@0=1;8@1=1;8@2=3;8@4=4;8@5=1;8@8=2;8@9=1;8@3=3;9@0=1;9@1=2;9@2=3;9@4=1;9@5=2;9@6=3;9@8=2;9@9=2;9@3=3,"0,1,2,4,5,6,7,8,9,3",188,80,80,0,1.0,0.0749577857168339,0.04,0.034957785716833896,0.0,0.0,0.0,0.003262042999267578,Feasible
1240,1239,2,0,2,"REMOVE:2,1;REMOVE:6,0",0:1|4|5;1:1|2;2:1|2;3:1|4|5;4:1|2;5:1|2;6:0|4|9;7:4|5;8:0|1|4;9:2|6,0:1|4|5;1:1|2;2:2;3:1|4|5;4:1|2;5:1|2;6:4|9;7:4|5;8:0|1|4;9:2|6,0@0=1;0@1=1;0@2=1;0@4=2;0@5=2;0@6=2;0@8=2;0@9=1;1@0=3;1@1=4;1@2=4;1@4=1;1@5=3;1@6=1;1@3=2;2@0=1;2@2=1;2@5=1;2@9=1;3@0=1;3@2=4;3@4=3;3@8=2;3@9=4;3@7=2;4@0=2;4@1=2;4@2=2;4@4=2;4@6=5;4@8=3;4@9=2;4@3=2;4@7=1;5@0=1;5@1=5;5@2=3;5@5=3;5@8=2;5@9=2;5@7=1;6@1=3;6@4=4;6@8=1;6@9=2;6@3=1;6@7=2;7@0=1;7@2=1;7@4=2;7@6=3;7@8=1;7@7=1;8@0=1;8@1=1;8@4=4;8@9=1;9@0=2;9@1=2;9@2=3;9@4=6;9@6=2;9@8=1;9@9=5;9@3=1;9@7=1,"0,1,2,4,5,6,8,9,3,7",140,66,66,0,1.0,0.11777009700682987,0.08333333333333333,0.034436763673496545,0.0,0.0,0.0,0.004342079162597656,Feasible
1241,1240,4,2,2,"ADD:2,1;ADD:7,9;REMOVE:3,5;REMOVE:6,4",0:1|4|5;1:1|2;2:2;3:1|4|5;4:1|2;5:1|2;6:4|9;7:4|5;8:0|1|4;9:2|6,0:1|4|5;1:1|2;2:1|2;3:1|4;4:1|2;5:1|2;6:9;7:4|5|9;8:0|1|4;9:2|6,0@0=2;0@1=1;0@2=2;0@3=1;0@4=2;0@6=1;0@7=1;0@8=2;0@9=1;1@1=1;1@2=4;1@4=4;1@6=1;1@7=1;1@9=1;1@5=3;2@1=1;2@2=1;3@1=2;3@4=3;3@7=2;3@8=1;3@9=1;4@1=4;4@2=1;4@3=1;4@4=5;4@6=2;4@7=2;4@8=1;4@9=1;4@5=2;5@0=1;5@1=2;5@2=2;5@3=1;5@4=4;5@6=2;5@7=2;5@8=2;5@9=2;6@2=2;6@6=1;6@9=1;7@2=1;7@4=1;7@7=1;7@9=1;7@5=1;8@0=1;8@2=2;8@3=3;8@4=2;8@7=1;9@0=1;9@1=2;9@2=1;9@4=2;9@6=1;9@7=2;9@8=1;9@9=1,"0,1,2,3,4,6,7,8,9,5",105,62,62,0,1.0,-0.07699731716380001,0.09090909090909091,0.03209359192710909,0.0,0.0,0.2,0.004202842712402344,Feasible
1242,1241,3,3,0,"ADD:3,5;ADD:6,0;ADD:6,4",0:1|4|5;1:1|2;2:1|2;3:1|4;4:1|2;5:1|2;6:9;7:4|5|9;8:0|1|4;9:2|6,0:1|4|5;1:1|2;2:1|2;3:1|4|5;4:1|2;5:1|2;6:0|4|9;7:4|5|9;8:0|1|4;9:2|6,0@1=5;0@2=5;0@4=4;0@5=2;0@6=2;0@7=3;0@8=1;0@9=3;1@1=3;1@2=2;1@4=4;1@5=1;1@6=2;1@7=1;1@9=3;1@0=1;1@3=1;2@6=1;2@0=1;3@1=4;3@2=5;3@4=1;3@5=4;3@7=1;3@8=2;3@0=1;4@1=4;4@2=1;4@4=1;4@5=2;4@7=1;4@8=1;4@9=2;4@0=1;4@3=2;5@1=4;5@2=3;5@4=1;5@6=2;5@7=2;5@8=1;5@9=3;5@3=1;6@1=1;6@4=2;6@7=1;6@8=1;6@9=1;6@0=2;6@3=1;7@2=1;7@4=1;7@9=1;7@3=1;8@1=1;8@4=1;8@6=1;8@8=1;8@9=1;8@0=1;8@3=1;9@2=4;9@4=2;9@5=1;9@6=4;9@8=1;9@9=1;9@3=2,"1,2,4,5,6,7,8,9,0,3",130,68,68,0,1.0,-0.25866959201554285,0.0,0.04133040798445722,0.0,0.0,0.30000000000000004,0.0014939308166503906,Feasible
1243,1242,0,0,0,-,0:1|4|5;1:1|2;2:1|2;3:1|4|5;4:1|2;5:1|2;6:0|4|9;7:4|5|9;8:0|1|4;9:2|6,0:1|4|5;1:1|2;2:1|2;3:1|4|5;4:1|2;5:1|2;6:0|4|9;7:4|5|9;8:0|1|4;9:2|6,0@0=2;0@2=6;0@3=2;0@4=4;0@6=2;0@7=3;0@9=1;1@2=8;1@4=2;1@6=1;1@9=1;1@1=2;2@0=1;2@2=1;2@1=1;3@2=3;3@3=3;3@4=5;3@6=2;3@7=4;3@9=1;3@1=4;3@5=2;3@8=4;4@2=8;4@3=2;4@4=7;4@6=2;4@9=3;4@1=3;4@5=1;4@8=3;5@2=5;5@4=5;5@6=1;5@9=2;5@1=1;5@5=3;5@8=1;6@0=1;6@2=3;6@3=2;6@4=2;6@6=1;6@7=1;6@9=2;6@1=2;6@8=1;7@0=3;7@2=3;7@3=2;7@4=4;7@6=1;7@7=1;7@9=1;7@1=2;7@5=1;8@2=2;8@4=2;8@6=1;8@7=4;8@9=2;8@1=1;8@5=1;9@0=1;9@2=7;9@3=2;9@4=6;9@6=1;9@7=3;9@9=1;9@1=5;9@5=4;9@8=2,"0,2,3,4,6,7,9,1,5,8",190,74,74,0,1.0,0.031355103089864285,0.0,0.031355103089864285,0.0,0.0,0.0,0.0015461444854736328,Feasible
1244,1243,3,0,3,"REMOVE:2,1;REMOVE:6,0;REMOVE:6,9",0:1|4|5;1:1|2;2:1|2;3:1|4|5;4:1|2;5:1|2;6:0|4|9;7:4|5|9;8:0|1|4;9:2|6,0:1|4|5;1:1|2;2:2;3:1|4|5;4:1|2;5:1|2;6:4;7:4|5|9;8:0|1|4;9:2|6,0@0=1;0@1=2;0@2=7;0@3=3;0@4=3;0@5=1;0@6=1;0@7=4;0@8=1;0@9=1;1@0=4;1@1=2;1@2=2;1@3=1;1@4=2;1@6=2;1@7=3;1@8=1;2@2=1;2@4=1;2@9=1;3@0=1;3@1=2;3@2=3;3@3=2;3@4=5;3@5=2;3@6=2;3@7=1;4@1=4;4@2=7;4@3=1;4@4=6;4@5=1;4@6=3;4@8=3;4@9=2;5@0=2;5@1=1;5@2=6;5@3=1;5@4=9;5@5=2;5@7=2;5@9=1;6@2=3;6@4=2;6@7=1;6@8=1;7@0=1;7@1=1;7@2=1;7@3=1;7@4=1;7@5=1;7@6=2;7@7=1;7@8=1;7@9=1;8@0=1;8@2=1;8@3=1;8@4=2;8@5=2;8@7=2;9@0=4;9@1=1;9@2=3;9@3=1;9@4=6;9@5=2;9@6=3;9@8=1,"0,1,2,3,4,5,6,7,8,9",161,73,73,0,1.0,0.15050612619525852,0.12,0.030506126195258526,0.0,0.0,0.0,0.005727052688598633,Feasible
1245,1244,2,2,0,"ADD:6,1;ADD:6,5",0:1|4|5;1:1|2;2:2;3:1|4|5;4:1|2;5:1|2;6:4;7:4|5|9;8:0|1|4;9:2|6,0:1|4|5;1:1|2;2:2;3:1|4|5;4:1|2;5:1|2;6:1|4|5;7:4|5|9;8:0|1|4;9:2|6,0@1=2;0@2=4;0@4=4;0@5=1;0@6=1;0@8=3;0@9=3;1@1=1;1@2=1;1@4=2;1@6=2;1@8=1;1@9=2;1@0=1;1@3=1;1@7=1;2@2=1;2@4=1;2@8=1;2@9=1;3@1=2;3@2=1;3@4=6;3@5=2;3@6=1;3@9=4;3@0=2;4@1=4;4@2=3;4@4=13;4@5=4;4@6=2;4@8=1;4@9=3;4@0=2;4@3=1;5@1=2;5@2=3;5@4=4;5@5=3;5@6=2;5@8=3;5@9=1;5@0=3;5@3=2;5@7=2;6@1=2;6@2=2;6@4=1;6@5=3;6@8=1;6@3=1;6@7=1;7@2=2;7@4=1;7@8=2;7@9=1;7@0=3;8@1=1;8@2=4;8@4=5;8@5=1;8@8=1;8@0=2;8@3=1;8@7=2;9@1=2;9@2=7;9@4=1;9@6=1;9@8=1;9@3=1;9@7=1,"1,2,4,5,6,8,9,0,3,7",161,73,73,0,1.0,-0.1650224871020735,0.0,0.034977512897926485,0.0,0.0,0.2,0.001505136489868164,Feasible
1246,1245,2,1,1,"ADD:2,1;REMOVE:9,6",0:1|4|5;1:1|2;2:2;3:1|4|5;4:1|2;5:1|2;6:1|4|5;7:4|5|9;8:0|1|4;9:2|6,0:1|4|5;1:1|2;2:1|2;3:1|4|5;4:1|2;5:1|2;6:1|4|5;7:4|5|9;8:0|1|4;9:2,0@1=1;0@2=2;0@3=1;0@4=4;0@5=1;0@6=1;0@7=1;0@9=2;1@1=4;1@2=4;1@3=1;1@4=1;1@5=2;1@7=1;1@9=1;1@0=2;1@8=1;2@1=3;2@2=7;2@3=1;2@4=3;2@5=2;2@6=1;2@7=1;2@9=3;2@0=5;2@8=3;3@1=3;3@2=4;3@3=2;3@4=2;3@6=3;3@0=3;3@8=1;4@1=7;4@2=4;4@3=1;4@4=2;4@6=2;4@7=2;4@9=3;4@0=1;5@2=2;5@4=4;5@5=4;5@7=1;5@9=1;5@0=2;6@2=3;6@4=1;6@5=2;6@6=2;6@7=1;6@8=1;7@1=2;7@2=4;7@3=1;7@9=3;7@8=1;8@2=1;8@3=2;8@9=1;9@2=1;9@3=2;9@4=3;9@5=2;9@7=2;9@9=1;9@0=1;9@8=2,"1,2,3,4,5,6,7,9,0,8",152,70,70,0,1.0,-0.025972009905452023,0.041666666666666664,0.03236132342788132,0.0,0.0,0.1,0.0031800270080566406,Feasible
1247,1246,5,1,4,"ADD:9,1;REMOVE:3,1;REMOVE:5,1;REMOVE:6,5;REMOVE:7,9",0:1|4|5;1:1|2;2:1|2;3:1|4|5;4:1|2;5:1|2;6:1|4|5;7:4|5|9;8:0|1|4;9:2,0:1|4|5;1:1|2;2:1|2;3:4|5;4:1|2;5:2;6:1|4;7:4|5;8:0|1|4;9:1|2,0@0=1;0@1=3;0@2=1;0@3=1;0@4=4;0@5=1;0@6=2;0@8=1;0@9=2;1@0=1;1@1=2;1@2=3;1@3=4;1@4=3;1@5=2;1@8=3;1@9=1;1@7=2;2@0=3;2@1=2;2@2=7;2@3=1;2@4=3;2@5=1;2@6=2;2@8=2;2@9=3;3@0=4;3@2=4;3@3=4;3@4=1;3@6=2;3@8=1;3@7=2;4@0=1;4@1=2;4@2=5;4@3=1;4@5=5;4@6=2;4@9=1;4@7=1;5@2=1;5@3=2;5@4=5;5@8=2;5@9=1;6@2=3;6@4=1;6@8=1;6@9=1;7@0=1;7@2=1;7@3=1;7@4=1;7@5=1;7@8=1;8@0=1;8@1=1;8@2=1;8@4=1;8@6=1;8@9=1;8@7=1;9@0=2;9@1=1;9@2=6;9@3=1;9@4=3;9@6=1;9@7=1,"0,1,2,3,4,5,6,8,9,7",142,71,71,0,1.0,0.09701583255654492,0.16666666666666666,0.03034916588987828,0.0,0.0,0.1,0.006902933120727539,Feasible
1248,1247,5,3,2,"ADD:3,1;ADD:5,6;ADD:7,9;REMOVE:0,1;REMOVE:8,0",0:1|4|5;1:1|2;2:1|2;3:4|5;4:1|2;5:2;6:1|4;7:4|5;8:0|1|4;9:1|2,0:4|5;1:1|2;2:1|2;3:1|4|5;4:1|2;5:2|6;6:1|4;7:4|5|9;8:1|4;9:1|2,0@0=1;0@2=1;0@3=2;0@4=4;0@6=1;0@7=4;0@8=1;1@2=1;1@4=3;1@6=2;1@7=2;1@1=3;2@0=1;2@2=4;2@3=1;2@4=7;2@6=2;2@7=1;2@8=1;2@1=1;2@5=3;3@2=6;3@3=2;3@4=2;3@6=2;3@7=2;3@8=2;3@1=2;3@9=1;4@0=1;4@2=3;4@4=5;4@8=3;4@1=4;4@5=1;4@9=1;5@0=1;5@2=4;5@3=2;5@4=1;5@6=1;5@7=2;5@1=1;5@9=1;6@2=2;6@3=2;6@4=3;6@8=2;6@1=3;6@9=2;7@4=1;7@6=1;7@9=1;8@3=1;8@4=1;8@7=1;8@8=1;8@1=1;9@0=1;9@2=2;9@4=2;9@6=2;9@7=1;9@8=1;9@1=1;9@9=2,"0,2,3,4,6,7,8,1,5,9",130,66,66,0,1.0,-0.1690082284525367,0.09523809523809523,0.03575367630936809,0.0,0.0,0.30000000000000004,0.004369258880615234,Feasible
1249,1248,3,3,0,"ADD:0,1;ADD:6,0;ADD:8,5",0:4|5;1:1|2;2:1|2;3:1|4|5;4:1|2;5:2|6;6:1|4;7:4|5|9;8:1|4;9:1|2,0:1|4|5;1:1|2;2:1|2;3:1|4|5;4:1|2;5:2|6;6:0|1|4;7:4|5|9;8:1|4|5;9:1|2,0@0=2;0@1=1;0@2=1;0@6=2;1@0=1;1@1=1;1@2=2;1@6=1;1@4=1;1@7=3;1@8=3;1@9=1;2@0=1;2@1=1;2@2=7;2@6=2;2@4=4;2@7=1;2@9=1;2@3=3;2@5=1;3@0=2;3@1=2;3@4=1;3@7=2;3@9=2;4@0=2;4@1=1;4@2=3;4@4=5;4@7=4;4@8=1;4@9=1;4@3=1;4@5=1;5@0=1;5@1=3;5@2=7;5@4=3;5@7=4;5@8=1;5@9=2;5@3=2;6@0=1;6@1=2;6@2=2;6@4=3;6@9=1;6@3=1;7@1=1;7@4=2;7@3=2;8@1=1;8@2=4;8@4=3;8@8=1;8@9=2;8@5=2;9@0=1;9@1=1;9@2=2;9@4=1;9@7=2;9@8=3;9@3=1;9@5=2,"0,1,2,6,4,7,8,9,3,5",132,66,66,0,1.0,-0.2672702885973781,0.0,0.03272971140262192,0.0,0.0,0.30000000000000004,0.0014619827270507812,Feasible
1250,1249,3,0,3,"REMOVE:6,0;REMOVE:7,5;REMOVE:8,1",0:1|4|5;1:1|2;2:1|2;3:1|4|5;4:1|2;5:2|6;6:0|1|4;7:4|5|9;8:1|4|5;9:1|2,0:1|4|5;1:1|2;2:1|2;3:1|4|5;4:1|2;5:2|6;6:1|4;7:4|9;8:4|5;9:1|2,0@0=3;0@1=3;0@2=4;0@4=3;0@5=3;0@6=3;0@8=3;0@9=1;1@1=4;1@2=4;1@4=3;1@5=2;1@8=2;1@9=4;1@7=1;2@0=3;2@1=3;2@2=7;2@4=5;2@6=5;2@8=2;2@9=1;2@7=5;3@0=4;3@1=3;3@2=3;3@4=5;3@5=1;3@8=2;3@7=3;4@0=1;4@1=2;4@2=5;4@4=7;4@5=1;4@6=3;4@8=5;4@9=4;4@7=2;4@3=2;5@1=7;5@2=2;5@4=1;5@5=2;5@9=4;5@7=1;6@1=2;6@2=2;6@4=3;6@8=3;6@3=1;7@1=4;7@2=1;7@4=4;7@3=1;8@2=1;8@4=3;8@5=1;8@3=1;9@1=3;9@2=3;9@4=2;9@5=4;9@6=2;9@7=3;9@3=4,"0,1,2,4,5,6,8,9,7,3",192,66,66,0,1.0,0.15243348896688524,0.12,0.03243348896688526,0.0,0.0,0.0,0.005553007125854492,Feasible
1251,1250,3,3,0,"ADD:6,0;ADD:7,0;ADD:8,1",0:1|4|5;1:1|2;2:1|2;3:1|4|5;4:1|2;5:2|6;6:1|4;7:4|9;8:4|5;9:1|2,0:1|4|5;1:1|2;2:1|2;3:1|4|5;4:1|2;5:2|6;6:0|1|4;7:0|4|9;8:1|4|5;9:1|2,0@0=4;0@1=4;0@2=1;0@4=1;0@6=2;0@7=1;0@9=4;1@1=2;1@2=5;1@4=4;1@6=1;1@3=3;1@8=2;2@0=2;2@1=8;2@2=5;2@4=5;2@7=1;2@3=4;2@8=6;2@5=3;3@1=1;3@2=1;3@4=5;3@6=2;3@7=2;3@9=1;3@3=1;3@8=4;3@5=3;4@0=4;4@1=3;4@2=5;4@4=4;4@6=1;4@7=4;4@9=2;4@3=3;4@8=1;4@5=4;5@0=1;5@1=2;5@2=6;5@4=2;5@7=3;5@9=1;5@3=2;5@8=2;5@5=3;6@0=1;6@1=1;6@2=2;6@4=1;6@7=1;6@9=2;6@3=1;6@8=1;7@0=1;7@1=2;7@2=2;7@4=2;7@3=1;7@5=1;8@0=2;8@1=1;8@2=4;8@4=3;8@6=1;8@3=2;8@8=1;8@5=1;9@0=1;9@1=2;9@2=2;9@4=1;9@7=1;9@9=2;9@5=2,"0,1,2,4,6,7,9,3,8,5",186,78,78,0,1.0,-0.26645739587695555,0.0,0.033542604123044516,0.0,0.0,0.30000000000000004,0.0015420913696289062,Feasible
1252,1251,2,0,2,"REMOVE:7,0;REMOVE:8,4",0:1|4|5;1:1|2;2:1|2;3:1|4|5;4:1|2;5:2|6;6:0|1|4;7:0|4|9;8:1|4|5;9:1|2,0:1|4|5;1:1|2;2:1|2;3:1|4|5;4:1|2;5:2|6;6:0|1|4;7:4|9;8:1|5;9:1|2,0@2=5;0@3=2;0@4=3;0@5=1;0@6=3;0@7=3;0@8=2;0@9=3;1@2=2;1@3=1;1@8=1;1@1=2;2@2=6;2@3=2;2@4=6;2@5=4;2@6=1;2@7=1;2@8=4;2@9=1;2@1=2;2@0=4;3@2=2;3@4=5;3@5=3;3@6=4;3@7=1;3@8=3;3@1=3;4@2=4;4@3=1;4@4=2;4@5=2;4@6=2;4@7=1;4@1=5;5@2=6;5@3=3;5@4=1;5@5=1;5@6=1;5@1=4;6@2=3;6@3=1;6@4=5;6@5=2;6@7=1;6@8=4;6@9=1;6@1=5;6@0=2;7@2=1;7@3=2;7@4=2;7@6=1;7@7=1;7@9=1;7@1=1;8@2=1;8@3=2;8@5=2;8@6=1;8@0=3;9@2=5;9@4=2;9@6=3;9@7=2;9@1=2;9@0=5,"2,3,4,5,6,7,8,9,1,0",174,69,69,0,1.0,0.11895008743206384,0.08,0.03895008743206383,0.0,0.0,0.0,0.004422187805175781,Feasible
1253,1252,3,1,2,"ADD:7,5;REMOVE:1,1;REMOVE:6,4",0:1|4|5;1:1|2;2:1|2;3:1|4|5;4:1|2;5:2|6;6:0|1|4;7:4|9;8:1|5;9:1|2,0:1|4|5;1:2;2:1|2;3:1|4|5;4:1|2;5:2|6;6:0|1;7:4|5|9;8:1|5;9:1|2,0@1=8;0@2=3;0@4=1;0@5=2;0@6=2;0@7=1;0@9=1;1@2=2;1@4=1;2@1=1;2@2=3;2@4=4;2@5=2;2@6=2;2@7=1;2@0=2;2@3=3;2@8=2;3@1=2;3@2=2;3@4=3;3@5=2;3@6=2;3@3=2;4@1=4;4@2=5;4@4=4;4@5=4;4@6=2;4@7=1;5@2=4;5@4=3;5@6=1;5@7=2;5@9=2;6@1=1;6@2=2;6@5=1;6@6=2;6@7=2;6@9=1;6@0=3;6@3=2;6@8=2;7@1=1;7@2=1;7@5=1;7@9=1;7@3=1;8@1=1;8@2=1;8@7=1;8@9=1;8@0=2;9@1=1;9@2=2;9@4=2;9@5=1;9@6=1;9@7=1;9@9=2,"1,2,4,5,6,7,9,0,3,8",123,61,61,0,1.0,0.024120709114631322,0.08695652173913043,0.03716418737550089,0.0,0.0,0.1,0.00414729118347168,Feasible
1254,1253,4,2,2,"ADD:1,1;ADD:6,4;REMOVE:5,6;REMOVE:8,5",0:1|4|5;1:2;2:1|2;3:1|4|5;4:1|2;5:2|6;6:0|1;7:4|5|9;8:1|5;9:1|2,0:1|4|5;1:1|2;2:1|2;3:1|4|5;4:1|2;5:2;6:0|1|4;7:4|5|9;8:1;9:1|2,0@1=3;0@2=2;0@3=1;0@4=4;0@5=1;0@7=1;0@8=3;1@1=3;1@2=3;1@4=4;1@8=2;1@0=1;1@9=1;2@1=3;2@2=6;2@3=1;2@4=2;2@5=1;2@7=1;2@9=3;3@1=2;3@2=2;3@3=2;3@4=1;3@0=3;3@9=1;3@6=2;4@2=3;4@4=3;4@5=2;4@0=4;4@9=1;4@6=1;5@2=6;5@3=2;5@4=1;5@5=1;5@7=2;5@8=2;5@0=3;6@1=1;6@2=1;6@3=1;6@4=4;6@5=5;6@7=2;6@6=3;7@1=1;7@2=2;7@4=3;7@5=2;8@1=1;8@3=1;8@8=1;9@1=2;9@2=3;9@3=1;9@4=3;9@5=1;9@7=1;9@0=1;9@9=1;9@6=1,"1,2,3,4,5,7,8,0,9,6",132,63,63,0,1.0,-0.07056289149893347,0.09090909090909091,0.03852801759197562,0.0,0.0,0.2,0.004239082336425781,Feasible
1255,1254,6,3,3,"ADD:0,8;ADD:5,1;ADD:8,0;REMOVE:4,1;REMOVE:7,4;REMOVE:7,9",0:1|4|5;1:1|2;2:1|2;3:1|4|5;4:1|2;5:2;6:0|1|4;7:4|5|9;8:1;9:1|2,0:1|4|5|8;1:1|2;2:1|2;3:1|4|5;4:2;5:1|2;6:0|1|4;7:5;8:0|1;9:1|2,0@0=1;0@1=1;0@2=1;0@4=1;0@6=2;0@7=1;0@9=3;1@0=1;1@4=1;1@6=1;1@5=1;1@8=1;2@1=2;2@2=5;2@4=4;2@6=1;2@7=4;2@9=2;2@3=1;3@0=2;3@1=2;3@2=1;3@4=2;3@6=1;3@9=2;3@8=1;3@3=1;4@0=2;4@4=3;4@7=1;4@9=3;4@5=1;4@8=3;4@3=1;5@1=1;5@2=3;5@4=4;5@6=1;5@7=1;5@9=1;5@3=1;6@0=1;6@1=2;6@2=3;6@4=1;6@6=1;6@9=1;6@8=2;6@3=2;7@0=2;7@2=1;7@8=1;8@0=1;8@6=2;8@3=1;9@0=1;9@2=3;9@6=2;9@7=2;9@9=1;9@8=1,"0,1,2,4,6,7,9,5,8,3",103,61,61,0,1.0,-0.13782462757607328,0.13636363636363635,0.025811736060290406,0.0,0.0,0.30000000000000004,0.0055408477783203125,Feasible
1256,1255,7,3,4,"ADD:7,1;ADD:7,4;ADD:8,4;REMOVE:0,1;REMOVE:0,4;REMOVE:1,1;REMOVE:6,0",0:1|4|5|8;1:1|2;2:1|2;3:1|4|5;4:2;5:1|2;6:0|1|4;7:5;8:0|1;9:1|2,0:5|8;1:2;2:1|2;3:1|4|5;4:2;5:1|2;6:1|4;7:1|4|5;8:0|1|4;9:1|2,0@0=2;0@1=3;0@2=3;0@3=3;0@4=3;0@5=1;0@7=2;0@8=1;1@2=3;1@4=1;1@8=1;2@0=1;2@1=3;2@2=5;2@4=3;2@5=2;2@7=4;2@8=2;2@6=3;3@0=2;3@2=2;3@3=1;3@4=3;3@8=4;3@9=2;4@0=1;4@2=4;4@3=2;4@4=3;4@5=1;4@7=1;4@8=2;4@9=1;5@0=1;5@1=1;5@2=3;5@4=4;5@5=1;5@8=2;6@1=2;6@2=2;6@3=2;6@4=2;6@8=1;6@6=2;7@1=2;7@2=1;7@4=2;7@7=1;7@8=1;7@9=1;8@1=2;8@2=1;8@4=2;8@5=2;8@7=1;8@8=1;9@0=4;9@1=1;9@2=2;9@3=1;9@4=5;9@7=4;9@8=2,"0,1,2,3,4,5,7,8,6,9",134,64,64,0,1.0,-0.08696815452531356,0.18181818181818182,0.031213663656504666,0.0,0.0,0.30000000000000004,0.006727933883666992,Feasible
1257,1256,6,4,2,"ADD:0,9;ADD:1,1;ADD:4,1;ADD:6,5;REMOVE:7,4;REMOVE:8,0",0:5|8;1:2;2:1|2;3:1|4|5;4:2;5:1|2;6:1|4;7:1|4|5;8:0|1|4;9:1|2,0:5|8|9;1:1|2;2:1|2;3:1|4|5;4:1|2;5:1|2;6:1|4|5;7:1|5;8:1|4;9:1|2,0@0=2;0@1=2;0@2=3;0@3=2;0@4=5;0@5=1;0@6=1;0@7=3;0@8=2;0@9=1;1@1=1;1@5=1;1@6=1;1@7=1;1@8=2;1@9=1;2@0=2;2@1=6;2@2=4;2@3=4;2@4=5;2@5=1;2@6=1;2@7=3;2@8=2;2@9=2;3@1=2;3@2=9;3@4=3;3@5=1;3@6=1;3@7=1;3@8=1;3@9=1;4@0=1;4@1=4;4@2=8;4@3=2;4@4=2;4@5=4;4@6=3;4@8=1;4@9=2;5@0=3;5@1=2;5@2=3;5@3=3;5@4=1;5@5=4;5@6=2;5@7=1;5@9=2;6@1=4;6@2=4;6@4=3;6@5=2;6@6=2;6@9=2;7@1=5;7@2=2;7@5=1;7@7=1;8@2=1;8@3=1;8@4=2;8@6=2;8@7=2;9@1=2;9@2=5;9@3=2;9@4=6;9@5=1;9@6=2;9@7=1;9@8=4,"0,1,2,3,4,5,6,7,8,9",183,75,75,0,1.0,-0.2688059696471631,0.09523809523809523,0.03595593511474172,0.0,0.0,0.4,0.004622220993041992,Feasible
1258,1257,3,2,1,"ADD:7,4;ADD:8,0;REMOVE:0,9",0:5|8|9;1:1|2;2:1|2;3:1|4|5;4:1|2;5:1|2;6:1|4|5;7:1|5;8:1|4;9:1|2,0:5|8;1:1|2;2:1|2;3:1|4|5;4:1|2;5:1|2;6:1|4|5;7:1|4|5;8:0|1|4;9:1|2,0@0=2;0@1=3;0@2=3;0@3=1;0@4=2;0@5=3;0@6=1;1@1=3;1@2=2;1@4=2;1@6=1;1@7=1;1@8=2;2@0=3;2@1=9;2@2=1;2@3=2;2@4=5;2@5=3;2@6=1;2@7=4;2@8=2;3@0=3;3@1=3;3@2=1;3@3=3;3@4=2;3@6=2;3@7=3;3@8=2;3@9=2;4@0=1;4@1=3;4@2=3;4@3=1;4@4=3;4@5=1;4@6=2;4@7=2;4@8=5;4@9=2;5@1=1;5@2=2;5@4=8;5@6=1;5@7=4;5@8=4;5@9=4;6@1=5;6@2=5;6@3=1;6@4=5;6@5=1;6@6=2;6@7=2;6@9=2;7@1=2;7@2=2;7@4=1;7@5=2;7@6=1;7@8=3;7@9=1;8@0=1;8@1=1;8@2=1;8@3=1;8@4=3;8@7=1;8@8=1;9@0=1;9@1=1;9@2=6;9@3=1;9@4=5;9@5=1;9@8=1;9@9=1,"0,1,2,3,4,5,6,7,8,9",185,78,78,0,1.0,-0.12406399914996363,0.043478260869565216,0.03245773998047116,0.0,0.0,0.2,0.0033540725708007812,Feasible
1259,1258,2,0,2,"REMOVE:7,5;REMOVE:8,0",0:5|8;1:1|2;2:1|2;3:1|4|5;4:1|2;5:1|2;6:1|4|5;7:1|4|5;8:0|1|4;9:1|2,0:5|8;1:1|2;2:1|2;3:1|4|5;4:1|2;5:1|2;6:1|4|5;7:1|4;8:1|4;9:1|2,0@0=2;0@1=2;0@2=4;0@3=3;0@4=1;0@6=1;0@8=4;1@0=1;1@1=2;1@2=5;1@4=3;1@5=1;2@0=2;2@1=1;2@2=6;2@4=3;2@8=3;2@5=1;2@7=2;2@9=3;3@0=2;3@1=2;3@2=2;3@3=3;3@4=4;3@6=2;3@8=1;3@9=1;4@1=2;4@2=2;4@4=5;4@8=1;4@5=1;4@7=2;4@9=3;5@0=1;5@1=1;5@2=2;5@4=3;5@6=2;5@8=2;5@5=1;5@7=1;5@9=1;6@0=1;6@1=4;6@2=5;6@3=1;6@4=2;6@6=1;6@8=1;6@5=2;6@7=1;6@9=1;7@1=1;7@2=1;7@3=1;7@4=3;7@6=1;7@7=1;7@9=1;8@1=2;8@2=1;8@4=3;8@8=1;8@7=1;9@0=1;9@1=4;9@2=4;9@4=4;9@6=3;9@5=1;9@9=2,"0,1,2,3,4,6,8,5,7,9",152,73,73,0,1.0,0.1195008164786378,0.08333333333333333,0.03616748314530447,0.0,0.0,0.0,0.0044231414794921875,Feasible
1260,1259,1,1,0,"ADD:8,5",0:5|8;1:1|2;2:1|2;3:1|4|5;4:1|2;5:1|2;6:1|4|5;7:1|4;8:1|4;9:1|2,0:5|8;1:1|2;2:1|2;3:1|4|5;4:1|2;5:1|2;6:1|4|5;7:1|4;8:1|4|5;9:1|2,0@0=1;0@1=2;0@2=6;0@4=2;0@5=1;0@6=2;1@0=2;1@2=1;1@6=2;1@8=1;2@0=1;2@1=3;2@2=3;2@4=5;2@5=1;2@6=1;2@8=1;2@3=1;2@7=2;3@0=1;3@1=2;3@4=7;3@5=2;3@6=1;3@7=1;3@9=1;4@1=2;4@2=8;4@4=4;4@5=2;4@6=2;4@8=1;4@3=1;4@7=2;4@9=1;5@1=2;5@2=1;5@4=3;5@5=1;5@8=1;5@3=2;6@0=1;6@1=3;6@2=1;6@4=5;6@6=1;6@8=2;6@3=1;7@2=1;7@4=2;8@1=1;8@2=4;8@4=2;8@5=2;8@8=1;8@3=1;8@7=1;8@9=1;9@0=4;9@1=1;9@2=2;9@5=2;9@6=3;9@8=1;9@3=1,"0,1,2,4,5,6,8,3,7,9",130,65,65,0,1.0,-0.06076862180599091,0.0,0.0392313781940091,0.0,0.0,0.1,0.0014340877532958984,Feasible
1261,1260,6,3,3,"ADD:0,9;ADD:1,6;ADD:7,0;REMOVE:6,5;REMOVE:8,5;REMOVE:9,1",0:5|8;1:1|2;2:1|2;3:1|4|5;4:1|2;5:1|2;6:1|4|5;7:1|4;8:1|4|5;9:1|2,0:5|8|9;1:1|2|6;2:1|2;3:1|4|5;4:1|2;5:1|2;6:1|4;7:0|1|4;8:1|4;9:2,0@0=1;0@1=1;0@2=4;0@4=3;0@5=1;0@8=1;0@9=1;1@1=1;1@2=1;1@4=1;1@5=1;1@9=2;1@3=1;2@0=3;2@1=1;2@2=4;2@4=3;2@8=1;2@3=2;2@6=1;2@7=2;3@0=2;3@1=3;3@2=2;3@4=3;3@5=4;3@8=3;3@9=1;3@6=1;4@0=1;4@1=3;4@2=2;4@4=2;4@6=1;4@7=1;5@0=2;5@1=2;5@2=3;5@4=1;5@5=1;5@9=1;5@3=2;5@6=1;5@7=3;6@1=2;6@2=3;6@4=3;6@6=1;7@0=1;7@1=1;7@2=1;7@9=1;8@1=1;8@2=3;8@4=2;8@9=2;8@7=2;9@2=4;9@4=3;9@5=2;9@8=2;9@9=1;9@7=4,"0,1,2,4,5,8,9,3,6,7",120,63,63,0,1.0,-0.13268594060745012,0.13043478260869565,0.03687927678385428,0.0,0.0,0.30000000000000004,0.005609989166259766,Feasible
1262,1261,7,4,3,"ADD:0,4;ADD:6,0;ADD:8,0;ADD:9,1;REMOVE:1,1;REMOVE:3,5;REMOVE:7,4",0:5|8|9;1:1|2|6;2:1|2;3:1|4|5;4:1|2;5:1|2;6:1|4;7:0|1|4;8:1|4;9:2,0:4|5|8|9;1:2|6;2:1|2;3:1|4;4:1|2;5:1|2;6:0|1|4;7:0|1;8:0|1|4;9:1|2,0@0=1;0@1=1;0@2=2;0@4=1;0@5=1;0@6=1;0@8=2;0@9=1;1@1=2;1@4=1;1@5=2;2@0=2;2@1=1;2@2=2;2@4=2;2@6=1;2@3=1;2@7=1;3@1=3;3@2=1;3@4=1;3@8=1;3@7=1;4@1=3;4@2=6;4@4=3;4@6=1;4@8=2;4@3=2;4@7=2;5@0=1;5@1=4;5@2=3;5@4=4;5@8=1;5@9=1;5@3=2;5@7=1;6@0=2;6@1=3;6@2=2;6@4=2;6@6=1;6@8=1;6@9=1;7@0=1;7@1=1;7@5=1;7@6=1;8@0=1;8@4=2;8@9=1;9@0=2;9@1=3;9@2=3;9@4=1;9@5=1;9@6=2;9@8=1;9@9=3,"0,1,2,4,5,6,8,9,3,7",104,60,60,0,1.0,-0.22539468673206342,0.13043478260869565,0.04417053065924095,0.0,0.0,0.4,0.005570888519287109,Feasible
1263,1262,6,2,4,"ADD:3,0;ADD:7,4;REMOVE:0,4;REMOVE:0,8;REMOVE:8,0;REMOVE:8,4",0:4|5|8|9;1:2|6;2:1|2;3:1|4;4:1|2;5:1|2;6:0|1|4;7:0|1;8:0|1|4;9:1|2,0:5|9;1:2|6;2:1|2;3:0|1|4;4:1|2;5:1|2;6:0|1|4;7:0|1|4;8:1;9:1|2,0@0=1;0@1=1;0@2=4;0@3=1;0@5=1;0@6=2;1@1=2;1@5=2;1@4=1;1@8=1;2@0=1;2@1=2;2@2=2;2@3=1;2@5=1;2@6=1;2@4=1;2@8=2;2@7=4;2@9=1;3@0=1;3@1=2;3@2=1;3@3=1;3@5=2;3@6=2;3@4=2;3@8=2;3@7=1;3@9=3;4@0=1;4@1=2;4@2=2;4@3=1;4@5=1;4@6=2;4@4=2;4@8=2;4@9=2;5@0=3;5@1=2;5@2=2;5@3=2;5@5=1;5@6=3;5@4=4;5@8=3;5@9=2;6@0=3;6@1=6;6@2=4;6@3=1;6@5=1;6@6=1;6@4=2;6@8=2;6@7=2;6@9=1;7@1=1;7@2=1;7@3=1;7@4=1;7@9=1;8@1=1;8@3=2;9@0=1;9@1=2;9@2=3;9@3=2;9@6=1;9@4=2;9@9=1,"0,1,2,3,5,6,4,8,7,9",129,72,72,0,1.0,-0.005307622519001187,0.16666666666666666,0.028025710814332163,0.0,0.0,0.2,0.006932258605957031,Feasible
1264,1263,3,2,1,"ADD:0,4;ADD:8,2;REMOVE:6,0",0:5|9;1:2|6;2:1|2;3:0|1|4;4:1|2;5:1|2;6:0|1|4;7:0|1|4;8:1;9:1|2,0:4|5|9;1:2|6;2:1|2;3:0|1|4;4:1|2;5:1|2;6:1|4;7:0|1|4;8:1|2;9:1|2,0@0=6;0@1=3;0@2=6;0@4=6;0@5=3;0@6=1;0@8=1;1@0=3;1@1=1;1@2=3;1@4=5;1@5=1;1@6=1;1@8=4;1@3=1;2@0=2;2@1=3;2@2=4;2@4=6;2@5=4;2@6=4;2@7=1;2@9=1;3@0=1;3@1=2;3@2=2;3@4=9;3@5=2;3@6=3;3@8=3;3@3=2;3@9=2;4@1=2;4@2=5;4@4=5;4@5=3;4@6=2;4@8=6;4@3=2;4@7=2;4@9=1;5@0=1;5@1=4;5@2=3;5@4=3;5@5=4;5@6=3;5@8=1;5@3=1;5@7=1;5@9=2;6@1=2;6@2=6;6@4=3;6@6=3;6@8=1;6@3=4;6@7=1;6@9=2;7@0=3;7@1=2;7@2=1;7@4=3;7@5=1;7@8=2;8@1=2;8@2=3;8@4=3;8@8=1;8@3=1;9@0=1;9@1=3;9@2=3;9@4=4;9@5=3;9@6=1;9@8=1;9@3=2;9@9=1,"0,1,2,4,5,6,8,3,7,9",210,79,79,0,1.0,-0.12113609701554642,0.045454545454545456,0.033409357529908125,0.0,0.0,0.2,0.003216981887817383,Feasible
1265,1264,1,1,0,"ADD:6,5",0:4|5|9;1:2|6;2:1|2;3:0|1|4;4:1|2;5:1|2;6:1|4;7:0|1|4;8:1|2;9:1|2,0:4|5|9;1:2|6;2:1|2;3:0|1|4;4:1|2;5:1|2;6:1|4|5;7:0|1|4;8:1|2;9:1|2,0@1=3;0@2=3;0@3=1;0@4=7;0@5=2;0@7=1;0@8=1;0@9=2;1@1=2;1@2=1;1@4=4;1@5=2;1@7=1;1@6=2;2@1=1;2@2=2;2@3=1;2@4=7;2@5=2;2@7=1;2@8=1;2@9=1;2@6=2;2@0=1;3@1=2;3@2=1;3@4=2;3@5=2;3@7=2;3@9=3;3@6=1;3@0=3;4@1=5;4@2=3;4@3=2;4@4=5;4@5=5;4@7=2;4@8=2;4@9=1;4@6=1;4@0=4;5@1=2;5@2=4;5@3=1;5@4=5;5@5=2;5@7=2;5@8=2;5@9=4;5@6=1;5@0=2;6@1=2;6@2=4;6@4=6;6@5=2;6@7=3;6@8=1;6@9=2;6@0=3;7@2=2;7@3=1;7@4=1;7@5=1;7@7=2;7@8=1;7@0=2;8@1=1;8@2=1;8@4=4;8@7=1;9@1=5;9@2=3;9@3=2;9@4=5;9@5=1;9@8=1;9@9=1;9@6=1;9@0=3,"1,2,3,4,5,7,8,9,6,0",184,80,80,0,1.0,-0.06661382780862288,0.0,0.03338617219137713,0.0,0.0,0.1,0.0015399456024169922,Feasible
1266,1265,0,0,0,-,0:4|5|9;1:2|6;2:1|2;3:0|1|4;4:1|2;5:1|2;6:1|4|5;7:0|1|4;8:1|2;9:1|2,0:4|5|9;1:2|6;2:1|2;3:0|1|4;4:1|2;5:1|2;6:1|4|5;7:0|1|4;8:1|2;9:1|2,0@1=2;0@2=4;0@3=1;0@4=8;0@5=4;0@6=4;0@7=2;0@9=1;1@1=2;1@2=1;1@3=1;1@4=4;1@5=1;1@6=1;1@9=1;1@8=2;2@1=4;2@2=5;2@3=1;2@4=5;2@5=3;2@6=1;2@7=1;2@9=6;2@8=1;2@0=1;3@1=5;3@2=3;3@3=1;3@4=4;3@5=3;3@7=3;3@9=2;3@8=1;3@0=2;4@1=8;4@2=4;4@3=1;4@4=5;4@5=1;4@7=4;4@9=2;4@8=1;4@0=3;5@1=1;5@2=1;5@3=4;5@4=1;5@6=1;5@9=3;5@8=1;5@0=1;6@1=2;6@2=5;6@3=3;6@4=3;6@5=2;6@6=1;6@9=2;6@8=1;7@1=2;7@2=1;7@3=2;7@4=1;7@5=1;8@1=4;8@4=1;8@5=1;8@6=2;8@0=2;9@1=1;9@2=1;9@4=2;9@5=1;9@7=4;9@8=2;9@0=1,"1,2,3,4,5,6,7,9,8,0",181,77,77,0,1.0,0.03593013665466077,0.0,0.03593013665466077,0.0,0.0,0.0,0.0015101432800292969,Feasible
1267,1266,1,0,1,"REMOVE:7,0",0:4|5|9;1:2|6;2:1|2;3:0|1|4;4:1|2;5:1|2;6:1|4|5;7:0|1|4;8:1|2;9:1|2,0:4|5|9;1:2|6;2:1|2;3:0|1|4;4:1|2;5:1|2;6:1|4|5;7:1|4;8:1|2;9:1|2,0@0=2;0@1=1;0@2=2;0@3=1;0@4=2;0@5=1;0@6=2;0@7=1;0@8=1;0@9=1;1@0=1;1@1=2;1@2=2;1@3=1;1@4=2;1@5=2;1@7=1;1@8=1;1@9=1;2@0=1;2@2=4;2@3=2;2@4=5;2@6=2;2@8=3;2@9=2;3@0=2;3@1=2;3@2=2;3@3=1;3@4=3;3@6=2;3@8=2;3@9=4;4@2=2;4@3=1;4@4=9;4@5=1;4@6=2;4@7=2;4@8=1;5@0=1;5@1=6;5@2=3;5@4=6;5@5=1;5@8=1;5@9=2;6@0=2;6@1=1;6@2=7;6@3=1;6@4=1;6@5=1;7@1=2;7@2=2;7@4=2;7@6=1;7@7=1;7@9=1;8@0=1;8@1=2;8@2=3;8@3=1;8@4=1;8@5=1;8@7=1;8@8=1;9@0=2;9@1=1;9@2=4;9@4=3;9@5=1;9@6=1;9@7=1;9@8=2;9@9=2,"0,1,2,3,4,5,6,7,8,9",152,77,77,0,1.0,0.06973663557550076,0.041666666666666664,0.0280699689088341,0.0,0.0,0.0,0.003208160400390625,Feasible
1268,1267,0,0,0,-,0:4|5|9;1:2|6;2:1|2;3:0|1|4;4:1|2;5:1|2;6:1|4|5;7:1|4;8:1|2;9:1|2,0:4|5|9;1:2|6;2:1|2;3:0|1|4;4:1|2;5:1|2;6:1|4|5;7:1|4;8:1|2;9:1|2,0@1=1;0@2=4;0@3=1;0@4=5;0@5=3;0@7=2;0@8=2;0@9=2;1@1=1;1@3=1;1@4=1;1@5=1;1@7=1;2@1=2;2@2=5;2@3=2;2@4=2;2@7=3;2@8=1;2@0=4;2@6=3;3@1=1;3@2=1;3@3=1;3@4=2;3@7=3;3@8=1;3@0=1;3@6=1;4@1=2;4@2=9;4@3=2;4@4=8;4@5=3;4@7=2;4@8=1;4@9=3;4@0=3;5@1=2;5@2=5;5@3=2;5@4=2;5@5=1;5@7=1;5@9=1;5@0=2;5@6=2;6@2=2;6@3=4;6@4=2;6@5=2;6@8=1;6@9=2;6@6=2;7@1=3;7@2=3;7@3=3;7@4=4;7@8=1;8@1=1;8@2=2;8@4=1;8@8=1;8@9=2;8@0=1;9@1=1;9@2=3;9@3=2;9@4=1;9@7=2,"1,2,3,4,5,7,8,9,0,6",155,70,70,0,1.0,0.036959170069790985,0.0,0.036959170069790985,0.0,0.0,0.0,0.0014729499816894531,Feasible
1269,1268,3,0,3,"REMOVE:0,5;REMOVE:5,1;REMOVE:8,1",0:4|5|9;1:2|6;2:1|2;3:0|1|4;4:1|2;5:1|2;6:1|4|5;7:1|4;8:1|2;9:1|2,0:4|9;1:2|6;2:1|2;3:0|1|4;4:1|2;5:2;6:1|4|5;7:1|4;8:2;9:1|2,0@1=1;0@4=3;0@6=2;0@7=1;0@8=1;1@1=1;1@0=1;1@3=1;2@1=1;2@4=4;2@7=1;2@8=2;2@0=1;2@2=1;2@5=2;2@9=3;3@1=3;3@4=2;3@6=1;3@3=2;3@5=1;4@1=3;4@4=2;4@6=4;4@7=2;4@8=1;4@2=2;4@5=1;5@4=1;5@8=2;5@0=1;5@5=1;6@1=2;6@4=1;6@8=1;6@0=2;6@3=1;6@2=1;6@9=1;7@1=2;7@4=1;7@2=1;8@4=1;8@8=1;8@0=1;8@2=1;9@1=3;9@4=1;9@6=2;9@8=1;9@0=2;9@3=1;9@5=1;9@9=1,"1,4,6,7,8,0,3,2,5,9",84,54,54,0,1.0,0.1578458249390199,0.13043478260869565,0.027411042330324258,0.0,0.0,0.0,0.005160331726074219,Feasible
1270,1269,7,3,4,"ADD:0,0;ADD:5,1;ADD:7,0;REMOVE:1,6;REMOVE:3,0;REMOVE:3,4;REMOVE:6,1",0:4|9;1:2|6;2:1|2;3:0|1|4;4:1|2;5:2;6:1|4|5;7:1|4;8:2;9:1|2,0:0|4|9;1:2;2:1|2;3:1;4:1|2;5:1|2;6:4|5;7:0|1|4;8:2;9:1|2,0@0=1;0@2=2;0@4=2;0@8=1;0@9=1;1@4=1;1@3=1;1@5=1;2@0=1;2@2=4;2@4=1;2@8=1;2@9=1;2@3=2;2@1=1;3@8=3;3@9=1;3@1=1;3@7=1;4@0=2;4@2=2;4@4=1;4@8=2;4@9=1;4@3=3;4@5=2;4@1=1;4@7=2;4@6=1;5@2=1;5@9=1;5@3=1;5@5=1;5@1=2;5@6=2;6@0=2;6@2=1;6@4=1;6@8=1;6@3=1;6@5=1;6@7=1;7@0=2;7@4=1;7@9=1;8@2=1;8@8=1;8@9=1;8@3=4;9@2=3;9@4=1;9@3=1;9@5=2;9@7=2;9@6=1,"0,2,4,8,9,3,5,1,7,6",81,55,55,0,1.0,-0.06922982509996942,0.2,0.03077017490003062,0.0,0.0,0.30000000000000004,0.006543159484863281,Feasible
1271,1270,6,5,1,"ADD:1,6;ADD:3,2;ADD:4,6;ADD:6,1;ADD:8,1;REMOVE:7,0",0:0|4|9;1:2;2:1|2;3:1;4:1|2;5:1|2;6:4|5;7:0|1|4;8:2;9:1|2,0:0|4|9;1:2|6;2:1|2;3:1|2;4:1|2|6;5:1|2;6:1|4|5;7:1|4;8:1|2;9:1|2,0@0=1;0@1=1;0@2=1;0@3=2;0@4=1;1@2=1;1@4=1;1@6=1;1@8=1;2@1=3;2@2=1;2@3=4;2@4=2;2@6=1;2@8=1;3@1=2;3@2=1;3@4=3;3@6=1;3@9=1;4@0=3;4@1=1;4@2=5;4@3=2;4@4=3;4@8=1;4@9=1;5@0=1;5@1=1;5@2=3;5@3=2;5@4=2;5@8=2;5@9=3;5@7=1;6@1=1;6@2=2;6@4=1;6@6=1;6@8=2;6@7=1;6@5=1;7@1=1;7@2=2;7@4=2;7@6=1;7@9=1;7@7=1;8@1=1;8@4=1;9@0=2;9@1=1;9@2=1;9@4=2;9@6=2,"0,1,2,3,4,6,8,9,7,5",88,55,55,0,1.0,-0.41529976343486324,0.05263157894736842,0.03206865761776833,0.0,0.0,0.5,0.0030791759490966797,Feasible
1272,1271,3,1,2,"ADD:7,0;REMOVE:0,4;REMOVE:4,1",0:0|4|9;1:2|6;2:1|2;3:1|2;4:1|2|6;5:1|2;6:1|4|5;7:1|4;8:1|2;9:1|2,0:0|9;1:2|6;2:1|2;3:1|2;4:2|6;5:1|2;6:1|4|5;7:0|1|4;8:1|2;9:1|2,0@0=1;0@1=1;0@2=7;0@3=1;0@5=1;0@6=1;0@7=5;0@9=1;1@2=2;1@3=1;1@6=2;1@9=2;1@4=3;2@0=1;2@1=5;2@2=1;2@3=2;2@5=2;2@6=2;2@7=5;2@9=1;2@4=3;2@8=5;3@0=2;3@1=1;3@2=3;3@5=2;3@6=1;3@7=2;3@9=1;3@4=3;4@0=2;4@1=3;4@2=1;4@3=4;4@5=2;4@6=2;4@7=4;4@9=4;4@4=13;4@8=2;5@0=3;5@1=4;5@2=3;5@3=1;5@5=1;5@7=2;5@9=2;5@4=4;5@8=4;6@1=1;6@2=1;6@3=2;6@5=1;6@6=1;6@7=1;6@4=1;6@8=1;7@0=1;7@1=1;7@2=2;7@5=1;7@7=2;7@4=1;8@1=1;8@2=2;8@5=2;8@9=1;8@4=2;8@8=1;9@0=2;9@1=2;9@2=4;9@3=1;9@5=1;9@6=1;9@7=4;9@9=1;9@4=4,"0,1,2,3,5,6,7,9,4,8",177,79,79,0,1.0,0.00912969822360242,0.08695652173913043,0.022173176484471993,0.0,0.0,0.1,0.0045239925384521484,Feasible
1273,1272,2,2,0,"ADD:0,4;ADD:7,5",0:0|9;1:2|6;2:1|2;3:1|2;4:2|6;5:1|2;6:1|4|5;7:0|1|4;8:1|2;9:1|2,0:0|4|9;1:2|6;2:1|2;3:1|2;4:2|6;5:1|2;6:1|4|5;7:0|1|4|5;8:1|2;9:1|2,0@0=4;0@1=3;0@2=4;0@3=2;0@4=1;0@6=1;0@8=1;0@9=1;1@0=3;1@1=2;1@2=1;1@3=1;1@4=5;1@9=1;1@5=1;1@7=1;2@0=1;2@2=5;2@4=6;2@6=2;2@8=3;2@9=1;2@5=2;2@7=2;3@1=2;3@2=2;3@4=4;3@8=3;3@9=1;3@5=4;3@7=3;4@0=2;4@1=3;4@2=6;4@3=3;4@4=3;4@6=1;4@8=3;4@9=1;4@5=3;4@7=2;5@0=1;5@1=3;5@2=4;5@3=4;5@4=6;5@6=3;5@8=4;5@5=2;6@0=1;6@1=3;6@2=4;6@3=1;6@4=5;6@6=3;6@9=1;6@5=5;7@1=1;7@2=2;7@4=2;7@6=2;7@8=2;7@9=2;7@5=1;8@2=3;8@4=3;8@6=1;8@5=2;9@0=1;9@1=3;9@2=3;9@3=6;9@4=6;9@6=1;9@8=2;9@9=1;9@5=3;9@7=3,"0,1,2,3,4,6,8,9,5,7",200,78,78,0,1.0,-0.17154965362234523,0.0,0.028450346377654777,0.0,0.0,0.2,0.00203704833984375,Feasible
1274,1273,2,0,2,"REMOVE:7,0;REMOVE:7,1",0:0|4|9;1:2|6;2:1|2;3:1|2;4:2|6;5:1|2;6:1|4|5;7:0|1|4|5;8:1|2;9:1|2,0:0|4|9;1:2|6;2:1|2;3:1|2;4:2|6;5:1|2;6:1|4|5;7:4|5;8:1|2;9:1|2,0@0=1;0@1=3;0@2=4;0@3=2;0@4=3;0@5=2;0@6=2;0@8=4;0@9=3;1@1=2;1@2=3;1@3=5;1@4=4;1@6=1;1@8=2;1@9=3;1@7=2;2@0=1;2@1=4;2@2=5;2@3=3;2@4=5;2@5=3;2@6=1;2@8=2;2@9=1;2@7=1;3@1=2;3@2=1;3@4=2;3@5=2;3@6=1;3@8=4;3@9=1;3@7=2;4@0=1;4@1=4;4@2=1;4@3=4;4@4=6;4@5=2;4@6=3;4@8=2;4@9=1;4@7=1;5@2=3;5@4=5;5@5=3;5@6=2;5@8=3;5@7=1;6@0=1;6@1=4;6@2=3;6@4=1;6@5=3;6@8=2;6@7=3;7@0=2;7@2=1;7@3=1;7@4=2;7@6=1;7@7=1;8@1=2;8@2=1;8@3=1;8@4=1;8@8=1;8@9=2;9@0=1;9@1=2;9@2=1;9@3=1;9@4=4;9@5=4;9@6=2;9@8=1;9@9=1;9@7=2,"0,1,2,3,4,5,6,8,9,7",181,80,80,0,1.0,0.10880641476512448,0.08333333333333333,0.025473081431791146,0.0,0.0,0.0,0.004569292068481445,Feasible
1275,1274,1,1,0,"ADD:7,1",0:0|4|9;1:2|6;2:1|2;3:1|2;4:2|6;5:1|2;6:1|4|5;7:4|5;8:1|2;9:1|2,0:0|4|9;1:2|6;2:1|2;3:1|2;4:2|6;5:1|2;6:1|4|5;7:1|4|5;8:1|2;9:1|2,0@0=1;0@1=2;0@2=3;0@4=6;0@6=4;0@7=2;0@8=1;0@9=3;1@1=1;1@2=2;1@4=1;1@7=2;1@5=2;2@0=3;2@1=2;2@2=8;2@4=1;2@6=1;2@7=1;2@3=2;3@0=1;3@1=6;3@2=5;3@4=2;3@6=3;3@7=1;3@5=2;4@1=2;4@2=4;4@4=5;4@7=2;4@8=3;4@3=1;5@0=1;5@1=6;5@2=7;5@4=3;5@6=1;5@7=2;5@8=3;5@5=3;5@3=2;6@1=3;6@2=5;6@4=5;6@6=3;6@7=2;6@8=1;6@5=3;7@1=2;7@2=3;7@4=4;7@9=2;7@5=1;7@3=2;8@2=1;8@4=1;8@7=3;8@3=1;9@0=3;9@1=2;9@2=2;9@4=1;9@6=1;9@7=2;9@8=1;9@9=1;9@5=2;9@3=1,"0,1,2,4,6,7,8,9,5,3",171,69,69,0,1.0,-0.056114830235576896,0.0,0.04388516976442311,0.0,0.0,0.1,0.0014719963073730469,Feasible
1276,1275,2,0,2,"REMOVE:0,0;REMOVE:8,1",0:0|4|9;1:2|6;2:1|2;3:1|2;4:2|6;5:1|2;6:1|4|5;7:1|4|5;8:1|2;9:1|2,0:4|9;1:2|6;2:1|2;3:1|2;4:2|6;5:1|2;6:1|4|5;7:1|4|5;8:2;9:1|2,0@1=3;0@3=1;0@4=2;0@6=1;0@8=1;1@3=1;1@4=2;1@6=1;1@2=2;1@7=1;2@1=2;2@3=1;2@4=7;2@6=1;2@8=1;2@2=1;2@0=1;2@9=1;3@1=1;3@3=1;3@6=2;3@2=3;3@7=1;3@0=1;3@9=2;3@5=2;4@1=1;4@3=1;4@4=1;4@6=1;4@8=1;4@2=3;4@0=1;4@9=1;4@5=2;5@1=2;5@4=2;5@6=2;5@8=2;5@7=1;5@0=2;6@1=1;6@4=1;6@6=1;6@2=3;6@0=1;6@9=1;6@5=2;7@1=2;7@4=1;7@2=4;7@0=1;7@9=1;7@5=1;8@4=1;8@2=3;8@0=1;8@9=1;9@1=1;9@3=1;9@4=3;9@2=3;9@9=1,"1,3,4,6,8,2,7,0,9,5",101,63,63,0,1.0,0.12010850062926323,0.08695652173913043,0.0331519788901328,0.0,0.0,0.0,0.004206180572509766,Feasible
1277,1276,5,2,3,"ADD:0,5;ADD:8,1;REMOVE:5,1;REMOVE:6,4;REMOVE:7,1",0:4|9;1:2|6;2:1|2;3:1|2;4:2|6;5:1|2;6:1|4|5;7:1|4|5;8:2;9:1|2,0:4|5|9;1:2|6;2:1|2;3:1|2;4:2|6;5:2;6:1|5;7:4|5;8:1|2;9:1|2,0@1=2;0@2=6;0@4=5;0@5=1;0@9=1;1@1=2;1@2=1;1@4=2;1@6=1;2@1=3;2@2=3;2@4=4;2@5=2;2@9=1;2@0=2;2@3=2;2@7=1;2@8=2;3@1=1;3@2=1;3@4=1;3@5=1;3@9=3;3@0=2;3@3=1;3@7=2;3@8=1;4@1=6;4@4=3;4@5=4;4@0=2;4@8=2;5@2=2;5@4=2;6@1=1;6@2=4;6@0=1;6@3=1;6@7=1;7@2=1;7@4=1;7@5=1;8@1=1;8@2=1;8@4=2;9@2=3;9@4=2;9@6=1;9@0=2;9@7=1;9@8=1,"1,2,4,5,9,6,0,3,7,8",100,51,51,0,1.0,-0.03146784732481886,0.14285714285714285,0.02567500981803831,0.0,0.0,0.2,0.005205869674682617,Feasible
1278,1277,3,3,0,"ADD:5,1;ADD:6,4;ADD:7,1",0:4|5|9;1:2|6;2:1|2;3:1|2;4:2|6;5:2;6:1|5;7:4|5;8:1|2;9:1|2,0:4|5|9;1:2|6;2:1|2;3:1|2;4:2|6;5:1|2;6:1|4|5;7:1|4|5;8:1|2;9:1|2,0@0=1;0@1=4;0@2=2;0@3=2;0@4=2;0@6=3;0@7=2;0@8=1;0@9=1;1@1=1;1@2=1;1@3=1;1@4=1;1@6=1;2@0=4;2@1=3;2@2=3;2@4=2;2@6=2;2@7=3;2@8=1;2@9=5;2@5=2;3@0=4;3@1=5;3@2=1;3@3=1;3@4=2;3@7=2;3@8=3;3@9=3;4@0=1;4@1=2;4@3=2;4@4=6;4@6=3;4@7=1;4@8=2;4@5=5;5@0=1;5@1=1;5@2=2;5@3=2;5@4=3;5@6=1;5@7=2;5@8=1;5@9=2;5@5=1;6@0=1;6@1=5;6@2=8;6@3=1;6@4=4;6@6=1;6@7=1;6@8=1;6@5=1;7@0=1;7@1=1;7@2=1;7@3=1;7@4=3;7@6=2;8@1=2;8@2=1;8@4=1;8@6=1;9@0=2;9@1=2;9@2=6;9@3=1;9@4=6;9@6=1;9@7=3,"0,1,2,3,4,6,7,8,9,5",165,75,75,0,1.0,-0.27057381100002564,0.0,0.029426188999974387,0.0,0.0,0.30000000000000004,0.0015530586242675781,Feasible
1279,1278,1,0,1,"REMOVE:7,4",0:4|5|9;1:2|6;2:1|2;3:1|2;4:2|6;5:1|2;6:1|4|5;7:1|4|5;8:1|2;9:1|2,0:4|5|9;1:2|6;2:1|2;3:1|2;4:2|6;5:1|2;6:1|4|5;7:1|5;8:1|2;9:1|2,0@1=3;0@2=2;0@4=2;0@5=1;0@6=4;0@8=2;1@1=1;1@2=6;1@5=2;1@0=3;1@3=2;1@9=2;2@1=4;2@2=2;2@4=3;2@5=1;2@6=1;2@8=2;2@0=3;2@3=1;2@7=1;3@1=2;3@2=3;3@4=5;3@6=1;3@8=2;3@0=3;3@7=1;4@1=5;4@2=5;4@4=8;4@5=2;4@6=4;4@8=3;4@0=3;4@3=2;4@9=2;4@7=1;5@1=2;5@2=5;5@4=2;5@5=1;5@6=1;5@8=2;5@3=3;5@9=3;5@7=1;6@1=1;6@2=5;6@4=3;6@5=2;6@6=2;6@8=2;6@0=2;6@9=2;6@7=3;7@1=1;7@5=1;7@8=1;7@0=1;8@1=1;8@2=3;8@4=3;8@5=1;8@6=1;8@0=1;8@3=1;9@1=5;9@2=7;9@4=3;9@5=3;9@6=2;9@8=1;9@0=1;9@3=1;9@9=5;9@7=2,"1,2,4,5,6,8,0,3,9,7",187,77,77,0,1.0,0.07591041042967295,0.043478260869565216,0.03243214956010774,0.0,0.0,0.0,0.0031549930572509766,Feasible
1280,1279,3,1,2,"ADD:7,4;REMOVE:1,6;REMOVE:6,1",0:4|5|9;1:2|6;2:1|2;3:1|2;4:2|6;5:1|2;6:1|4|5;7:1|5;8:1|2;9:1|2,0:4|5|9;1:2;2:1|2;3:1|2;4:2|6;5:1|2;6:4|5;7:1|4|5;8:1|2;9:1|2,0@0=2;0@2=6;0@3=2;0@4=1;0@7=1;0@8=2;0@9=2;1@2=1;1@4=1;1@9=1;1@5=1;2@0=1;2@2=6;2@3=2;2@4=5;2@7=1;2@8=2;2@5=2;2@1=2;2@6=1;3@2=4;3@4=6;3@8=2;3@9=4;3@5=1;3@1=1;4@2=4;4@3=1;4@4=4;4@8=1;4@9=1;4@5=2;4@1=3;4@6=1;5@0=1;5@2=3;5@3=4;5@4=5;5@5=2;5@1=3;5@6=1;6@2=4;6@3=1;6@4=1;6@7=3;6@5=1;6@6=2;7@2=1;7@3=2;7@4=2;7@7=1;7@8=1;7@5=2;7@1=2;8@2=1;8@3=1;8@4=1;8@5=1;8@1=3;9@2=2;9@4=4;9@7=1;9@9=1;9@5=1;9@1=2,"0,2,3,4,7,8,9,5,1,6",137,65,65,0,1.0,0.024941589801496716,0.09090909090909091,0.03403249889240582,0.0,0.0,0.1,0.00436711311340332,Feasible
1281,1280,4,2,2,"ADD:1,1;ADD:6,1;REMOVE:0,5;REMOVE:7,4",0:4|5|9;1:2;2:1|2;3:1|2;4:2|6;5:1|2;6:4|5;7:1|4|5;8:1|2;9:1|2,0:4|9;1:1|2;2:1|2;3:1|2;4:2|6;5:1|2;6:1|4|5;7:1|5;8:1|2;9:1|2,0@1=1;0@2=4;0@4=2;0@6=2;0@8=1;1@1=2;1@2=2;1@4=1;1@3=1;1@9=1;2@1=3;2@2=2;2@4=4;2@6=1;2@8=2;2@3=3;2@9=2;2@0=1;2@5=1;2@7=1;3@1=1;3@2=2;3@4=5;3@6=1;3@8=2;3@3=1;3@9=2;3@5=2;3@7=1;4@1=6;4@2=3;4@4=5;4@6=3;4@3=1;4@9=2;4@7=2;5@1=1;5@2=4;5@4=4;5@6=3;5@8=1;5@0=2;5@7=2;6@1=1;6@2=4;6@4=2;6@8=1;6@9=2;6@0=1;6@5=1;6@7=2;7@1=2;7@6=1;7@8=1;7@0=1;8@1=2;8@2=2;8@4=1;8@3=1;8@0=2;8@5=1;9@1=2;9@2=3;9@4=2;9@6=1;9@8=5;9@3=3;9@5=3;9@7=1,"1,2,4,6,8,3,9,0,5,7",141,69,69,0,1.0,-0.0769668361513923,0.09523809523809523,0.027795068610512477,0.0,0.0,0.2,0.004510402679443359,Feasible
1282,1281,3,2,1,"ADD:0,5;ADD:7,4;REMOVE:5,1",0:4|9;1:1|2;2:1|2;3:1|2;4:2|6;5:1|2;6:1|4|5;7:1|5;8:1|2;9:1|2,0:4|5|9;1:1|2;2:1|2;3:1|2;4:2|6;5:2;6:1|4|5;7:1|4|5;8:1|2;9:1|2,0@1=4;0@2=1;0@4=2;0@5=1;0@8=2;0@9=1;1@1=3;1@2=2;1@4=4;1@5=1;1@0=1;1@6=2;2@1=4;2@2=1;2@4=5;2@8=2;2@9=3;2@0=1;3@1=1;3@2=1;3@4=2;3@9=1;3@0=2;3@6=4;3@3=2;3@7=1;4@1=1;4@2=2;4@4=1;4@9=1;4@0=1;4@6=1;4@3=1;4@7=1;5@4=4;5@5=4;5@9=1;6@1=2;6@2=5;6@4=3;6@5=1;6@8=1;6@9=1;6@0=3;6@6=1;6@3=1;7@1=1;7@2=3;7@4=1;7@9=2;7@0=1;7@6=1;8@1=1;8@2=1;8@4=2;8@3=1;9@1=2;9@2=2;9@4=3;9@9=1;9@0=3;9@6=1;9@3=1;9@7=1,"1,2,4,5,8,9,0,6,3,7",118,64,64,0,1.0,-0.12380720458466346,0.047619047619047616,0.028573747796288938,0.0,0.0,0.2,0.0032231807708740234,Feasible
1283,1282,4,1,3,"ADD:5,1;REMOVE:0,4;REMOVE:0,5;REMOVE:6,1",0:4|5|9;1:1|2;2:1|2;3:1|2;4:2|6;5:2;6:1|4|5;7:1|4|5;8:1|2;9:1|2,0:9;1:1|2;2:1|2;3:1|2;4:2|6;5:1|2;6:4|5;7:1|4|5;8:1|2;9:1|2,0@1=1;0@2=1;0@3=1;0@6=1;0@7=1;0@9=2;1@1=2;1@2=1;1@3=3;1@7=1;1@0=2;1@4=1;1@5=1;2@1=1;2@2=3;2@3=1;2@7=1;2@0=1;2@4=5;2@5=1;2@8=1;3@1=1;3@2=2;3@7=1;3@0=2;3@4=1;3@8=2;4@1=1;4@2=3;4@6=1;4@7=1;4@9=2;4@4=2;5@1=1;5@2=1;6@2=1;6@7=1;6@4=1;6@5=1;6@8=1;7@1=1;7@2=1;7@0=1;7@4=1;8@1=1;8@9=2;8@0=1;8@4=1;8@5=1;8@8=1;9@2=4;9@3=2;9@6=2;9@0=2;9@4=1,"1,2,3,6,7,9,0,4,5,8",80,55,55,0,1.0,0.07040065545406696,0.13636363636363635,0.03403701909043061,0.0,0.0,0.1,0.005599021911621094,Feasible
1284,1283,3,2,1,"ADD:0,5;ADD:6,9;REMOVE:7,4",0:9;1:1|2;2:1|2;3:1|2;4:2|6;5:1|2;6:4|5;7:1|4|5;8:1|2;9:1|2,0:5|9;1:1|2;2:1|2;3:1|2;4:2|6;5:1|2;6:4|5|9;7:1|5;8:1|2;9:1|2,0@3=3;0@5=1;0@8=1;0@9=1;1@5=2;1@8=1;1@1=1;2@5=2;2@9=1;2@1=1;2@2=3;3@3=2;3@5=1;3@9=2;3@1=4;3@2=1;3@4=4;3@7=1;4@3=3;4@5=1;4@8=2;4@9=1;4@1=3;4@2=4;4@4=5;4@0=2;4@6=1;5@3=2;5@5=1;5@1=1;5@2=1;5@4=1;6@5=2;6@8=2;6@9=1;6@2=2;6@4=1;6@0=1;6@6=2;7@8=1;7@2=1;7@7=1;7@6=1;8@3=1;8@5=1;8@8=1;8@0=1;8@6=1;9@5=1;9@9=2;9@1=1;9@2=1;9@4=1;9@7=3;9@6=3,"3,5,8,9,1,2,4,7,0,6",92,55,55,0,1.0,-0.12335088819206683,0.05,0.02664911180793318,0.0,0.0,0.2,0.0031881332397460938,Feasible
1285,1284,2,2,0,"ADD:0,4;ADD:7,4",0:5|9;1:1|2;2:1|2;3:1|2;4:2|6;5:1|2;6:4|5|9;7:1|5;8:1|2;9:1|2,0:4|5|9;1:1|2;2:1|2;3:1|2;4:2|6;5:1|2;6:4|5|9;7:1|4|5;8:1|2;9:1|2,0@0=3;0@1=1;0@2=2;0@3=1;0@4=7;0@5=1;0@7=2;0@9=1;1@1=1;1@2=2;1@7=1;1@6=1;2@1=4;2@2=4;2@3=1;2@4=4;2@5=1;2@9=4;2@6=1;2@8=1;3@2=5;3@3=2;3@4=3;3@5=1;3@7=1;3@9=1;3@6=1;4@1=6;4@2=4;4@4=4;4@5=1;4@7=1;4@9=1;4@6=2;5@0=2;5@4=2;5@5=2;5@7=2;5@9=2;5@6=1;5@8=3;6@0=2;6@1=1;6@2=4;6@3=4;6@4=4;6@9=3;6@8=2;7@1=1;7@2=1;7@4=2;7@5=1;7@9=1;7@8=2;8@0=1;8@1=2;8@2=1;8@4=3;8@9=1;9@1=3;9@2=2;9@3=2;9@4=3;9@7=1;9@9=2;9@6=1,"0,1,2,3,4,5,7,9,6,8",140,66,66,0,1.0,-0.16424929873140887,0.0,0.03575070126859113,0.0,0.0,0.2,0.001619100570678711,Feasible
1286,1285,2,0,2,"REMOVE:1,1;REMOVE:6,4",0:4|5|9;1:1|2;2:1|2;3:1|2;4:2|6;5:1|2;6:4|5|9;7:1|4|5;8:1|2;9:1|2,0:4|5|9;1:2;2:1|2;3:1|2;4:2|6;5:1|2;6:5|9;7:1|4|5;8:1|2;9:1|2,0@0=2;0@1=6;0@2=1;0@3=1;0@4=2;0@5=1;0@7=2;0@9=1;1@3=1;1@8=1;2@1=4;2@2=3;2@4=1;2@5=3;2@7=2;2@9=1;2@6=1;3@0=2;3@1=2;3@2=3;3@3=2;3@4=2;3@7=1;3@9=2;3@8=3;4@0=2;4@1=3;4@2=2;4@3=3;4@4=3;4@7=2;4@6=1;5@0=2;5@2=2;5@3=1;5@4=3;5@5=1;5@7=1;5@8=1;5@6=1;6@0=2;6@1=3;6@2=3;6@3=2;6@5=2;6@7=1;6@9=3;6@8=2;6@6=2;7@0=1;7@1=3;7@2=1;7@3=1;7@4=3;7@5=1;7@9=1;7@8=1;8@0=1;8@2=2;8@4=3;8@5=1;8@9=2;8@6=2;9@1=3;9@2=2;9@3=1;9@4=4;9@5=2;9@9=1,"0,1,2,3,4,5,7,9,8,6",134,69,69,0,1.0,0.11732503613709458,0.08695652173913043,0.03036851439796414,0.0,0.0,0.0,0.004725933074951172,Feasible
1287,1286,2,1,1,"ADD:6,4;REMOVE:0,9",0:4|5|9;1:2;2:1|2;3:1|2;4:2|6;5:1|2;6:5|9;7:1|4|5;8:1|2;9:1|2,0:4|5;1:2;2:1|2;3:1|2;4:2|6;5:1|2;6:4|5|9;7:1|4|5;8:1|2;9:1|2,0@2=2;0@3=3;0@4=3;0@5=2;0@7=3;0@8=2;1@5=1;2@2=3;2@3=1;2@4=3;2@5=1;2@8=3;2@0=2;2@1=1;2@6=1;2@9=3;3@2=2;3@3=1;3@4=1;3@5=2;3@7=1;3@0=1;3@1=1;3@6=2;3@9=2;4@2=2;4@3=3;4@4=4;4@7=3;4@8=4;4@1=3;4@6=2;4@9=3;5@3=2;5@5=1;5@1=3;5@9=1;6@2=6;6@3=1;6@4=4;6@5=1;6@7=2;6@8=2;6@0=1;6@1=2;7@2=3;7@4=1;7@5=2;7@7=1;7@1=2;7@6=1;7@9=1;8@2=6;8@3=2;8@4=5;8@7=1;8@0=1;8@1=1;8@6=1;9@2=3;9@3=2;9@4=1;9@7=1;9@8=1;9@0=3;9@1=1;9@6=2;9@9=1,"2,3,4,5,7,8,0,1,6,9",140,68,68,0,1.0,-0.024278652703151632,0.047619047619047616,0.028102299677800764,0.0,0.0,0.1,0.0033850669860839844,Feasible
1288,1287,1,1,0,"ADD:0,1",0:4|5;1:2;2:1|2;3:1|2;4:2|6;5:1|2;6:4|5|9;7:1|4|5;8:1|2;9:1|2,0:1|4|5;1:2;2:1|2;3:1|2;4:2|6;5:1|2;6:4|5|9;7:1|4|5;8:1|2;9:1|2,0@1=2;0@2=1;0@4=2;0@5=1;0@8=2;0@9=1;2@1=1;2@2=5;2@4=3;2@8=2;2@9=1;2@6=1;3@1=1;3@2=1;3@5=1;3@8=1;3@9=5;3@3=2;3@7=1;4@1=1;4@2=4;4@4=3;4@5=1;4@8=3;4@9=8;4@6=2;4@3=3;4@7=1;4@0=1;5@1=2;5@2=1;5@4=1;5@5=2;5@8=1;5@9=1;5@3=2;5@7=1;6@1=3;6@2=2;6@4=8;6@5=1;6@8=1;6@3=5;6@7=2;6@0=1;7@1=1;7@2=2;7@4=3;7@9=1;7@3=1;8@1=2;8@2=1;8@4=1;8@5=1;8@8=1;8@3=1;8@0=1;9@1=1;9@2=4;9@4=2;9@8=1;9@9=2;9@6=1;9@7=1;9@0=2,"1,2,4,5,8,9,6,3,7,0",125,65,65,0,1.0,-0.06607581418697575,0.0,0.033924185813024255,0.0,0.0,0.1,0.0016019344329833984,Feasible
1289,1288,2,0,2,"REMOVE:1,2;REMOVE:7,4",0:1|4|5;1:2;2:1|2;3:1|2;4:2|6;5:1|2;6:4|5|9;7:1|4|5;8:1|2;9:1|2,0:1|4|5;1:-;2:1|2;3:1|2;4:2|6;5:1|2;6:4|5|9;7:1|5;8:1|2;9:1|2,0@0=2;0@1=1;0@2=4;0@4=5;0@5=2;0@6=2;0@7=2;0@8=1;0@9=2;2@0=3;2@1=3;2@2=5;2@5=1;2@7=1;2@8=2;2@9=1;3@1=2;3@2=2;3@4=1;3@6=1;3@7=1;3@9=1;4@1=2;4@2=1;4@4=2;4@6=1;4@7=1;4@8=1;4@3=1;5@0=2;5@1=2;5@2=4;5@4=4;5@5=1;5@9=2;6@0=1;6@1=1;6@2=5;6@4=3;6@5=2;6@6=1;6@7=2;6@8=3;7@0=1;7@2=5;7@5=2;7@8=1;7@9=4;8@0=1;8@1=1;8@2=1;8@4=2;8@5=1;8@6=1;8@8=3;8@9=2;9@0=2;9@1=2;9@4=1;9@6=1;9@7=1;9@8=1;9@9=1,"0,1,2,4,5,6,7,8,9,3",121,63,63,0,1.0,0.12135421898273732,0.09090909090909091,0.030445128073646403,0.0,0.0,0.0,0.004560947418212891,Feasible
1290,1289,5,1,4,"ADD:7,4;REMOVE:0,1;REMOVE:0,4;REMOVE:3,1;REMOVE:6,5",0:1|4|5;1:-;2:1|2;3:1|2;4:2|6;5:1|2;6:4|5|9;7:1|5;8:1|2;9:1|2,0:5;1:-;2:1|2;3:2;4:2|6;5:1|2;6:4|9;7:1|4|5;8:1|2;9:1|2,0@2=1;0@3=1;0@5=3;2@3=1;2@1=1;2@4=1;2@6=1;2@7=1;2@8=2;3@3=1;3@4=1;3@8=1;4@2=3;4@3=2;4@1=2;4@6=2;4@7=2;4@8=1;4@0=2;4@9=2;5@2=5;5@1=1;5@6=1;5@7=1;5@8=1;5@9=1;6@2=4;6@3=2;6@4=2;6@8=1;7@5=1;7@1=2;7@4=1;7@9=1;8@5=1;8@1=2;8@6=1;8@8=2;9@2=3;9@1=3;9@4=3;9@7=1;9@8=2;9@9=1,"2,3,5,1,4,6,7,8,0,9",74,44,44,0,1.0,0.14038202829364843,0.2,0.04038202829364843,0.0,0.0,0.1,0.00683283805847168,Feasible
1291,1290,5,3,2,"ADD:0,7;ADD:3,1;ADD:6,5;REMOVE:7,5;REMOVE:8,2",0:5;1:-;2:1|2;3:2;4:2|6;5:1|2;6:4|9;7:1|4|5;8:1|2;9:1|2,0:5|7;1:-;2:1|2;3:1|2;4:2|6;5:1|2;6:4|5|9;7:1|4;8:1;9:1|2,0@2=3;0@3=1;0@5=3;0@7=2;0@8=1;0@9=1;2@2=5;2@3=1;2@5=1;2@7=1;2@8=1;2@9=1;2@0=1;2@1=3;2@4=1;3@2=1;3@3=1;3@0=1;3@1=1;3@4=2;4@2=2;4@5=2;4@8=2;4@9=1;4@4=1;4@6=2;5@2=3;5@3=2;5@5=1;5@1=1;5@4=1;6@2=2;6@5=1;6@8=1;6@9=1;6@1=2;6@4=2;6@6=1;7@2=1;7@3=1;7@7=3;7@8=1;7@1=2;7@4=2;8@7=1;8@1=1;8@6=1;9@2=2;9@3=2;9@8=4;9@1=4,"2,3,5,7,8,9,0,1,4,6",85,51,51,0,1.0,-0.13596007891876125,0.11764705882352941,0.04639286225770939,0.0,0.0,0.30000000000000004,0.00448918342590332,Feasible
1292,1291,2,2,0,"ADD:7,0;ADD:8,2",0:5|7;1:-;2:1|2;3:1|2;4:2|6;5:1|2;6:4|5|9;7:1|4;8:1;9:1|2,0:5|7;1:-;2:1|2;3:1|2;4:2|6;5:1|2;6:4|5|9;7:0|1|4;8:1|2;9:1|2,0@0=1;0@1=4;0@2=6;0@4=2;0@5=3;0@6=3;0@7=1;0@9=1;2@0=1;2@1=3;2@2=3;2@4=3;2@5=1;2@9=2;2@8=1;3@0=1;3@1=1;3@2=2;3@5=1;3@7=3;3@9=2;4@1=6;4@2=6;4@4=5;4@5=1;4@6=1;4@8=1;4@3=1;5@0=1;5@1=1;5@2=3;5@4=3;5@5=1;5@6=1;5@9=1;5@8=1;6@0=3;6@1=1;6@2=4;6@4=1;6@9=1;7@0=2;7@1=3;7@6=1;7@7=2;7@9=1;8@1=3;8@2=1;8@4=4;8@7=1;8@9=1;8@3=1;9@1=2;9@2=6;9@4=3;9@6=1;9@9=1;9@8=1,"0,1,2,4,5,6,7,9,8,3",122,58,58,0,1.0,-0.16424847918872615,0.0,0.03575152081127386,0.0,0.0,0.2,0.0015499591827392578,Feasible
1293,1292,2,1,1,"ADD:1,7;REMOVE:7,4",0:5|7;1:-;2:1|2;3:1|2;4:2|6;5:1|2;6:4|5|9;7:0|1|4;8:1|2;9:1|2,0:5|7;1:7;2:1|2;3:1|2;4:2|6;5:1|2;6:4|5|9;7:0|1;8:1|2;9:1|2,0@2=1;0@3=1;0@5=1;0@7=1;0@9=1;1@7=1;1@0=1;1@1=1;1@4=3;1@6=2;1@8=1;2@2=6;2@3=1;2@5=1;2@7=1;2@9=2;2@1=5;2@4=6;2@6=1;3@2=2;3@3=1;3@7=3;3@0=1;3@1=2;3@4=3;3@6=1;4@2=7;4@3=3;4@7=2;4@9=1;4@0=3;4@1=5;4@4=4;4@6=1;4@8=1;5@2=2;5@3=3;5@1=1;6@2=5;6@5=1;6@7=3;6@1=1;6@4=6;7@2=2;7@3=2;7@5=1;7@0=2;7@8=1;8@3=2;8@5=1;8@0=2;8@4=1;8@6=1;9@2=4;9@3=2;9@0=2;9@1=3;9@4=4;9@6=2;9@8=2,"2,3,5,7,9,0,1,4,6,8",133,60,60,0,1.0,-0.013311067251835673,0.05,0.03668893274816433,0.0,0.0,0.1,0.0042378902435302734,Feasible
1294,1293,3,2,1,"ADD:1,5;ADD:7,4;REMOVE:0,5",0:5|7;1:7;2:1|2;3:1|2;4:2|6;5:1|2;6:4|5|9;7:0|1;8:1|2;9:1|2,0:7;1:5|7;2:1|2;3:1|2;4:2|6;5:1|2;6:4|5|9;7:0|1|4;8:1|2;9:1|2,0@0=1;0@1=2;0@2=1;0@3=1;0@4=1;0@7=2;0@8=1;1@0=2;1@1=2;1@2=3;1@7=2;1@5=1;2@1=4;2@2=2;2@3=1;2@4=6;2@7=4;2@8=2;2@5=3;2@6=2;2@9=1;3@0=1;3@1=1;3@2=1;3@3=1;3@7=1;3@5=2;3@9=1;4@0=1;4@1=2;4@2=1;4@3=2;4@4=5;4@7=1;5@0=2;5@1=1;5@2=2;5@4=6;5@7=1;5@5=1;5@9=2;6@0=1;6@1=3;6@2=2;6@3=1;6@4=5;6@5=2;6@6=3;6@9=1;7@1=1;7@2=1;7@3=1;7@4=1;7@5=1;7@6=1;8@1=2;8@2=1;8@3=2;8@4=1;8@7=1;8@8=2;8@5=2;9@0=1;9@1=1;9@2=5;9@3=1;9@4=2;9@7=2;9@9=1,"0,1,2,3,4,7,8,5,6,9",127,69,69,0,1.0,-0.12232661565370295,0.05,0.027673384346297052,0.0,0.0,0.2,0.004080295562744141,Feasible
1295,1294,1,0,1,"REMOVE:7,4",0:7;1:5|7;2:1|2;3:1|2;4:2|6;5:1|2;6:4|5|9;7:0|1|4;8:1|2;9:1|2,0:7;1:5|7;2:1|2;3:1|2;4:2|6;5:1|2;6:4|5|9;7:0|1;8:1|2;9:1|2,0@4=1;0@6=4;0@7=1;0@8=1;1@4=1;1@7=1;1@8=2;1@0=1;1@1=2;1@2=1;1@3=1;1@5=1;2@4=5;2@6=4;2@7=3;2@8=1;2@0=2;2@1=5;2@2=2;2@3=1;2@5=1;2@9=1;3@4=3;3@6=1;3@8=1;3@2=1;3@5=1;3@9=1;4@4=4;4@6=2;4@7=1;4@1=1;4@2=1;4@3=1;4@5=3;4@9=1;5@4=1;5@6=1;5@1=2;5@2=2;5@3=2;5@9=1;6@4=6;6@6=1;6@7=1;6@8=1;6@0=1;6@1=2;6@2=3;6@3=1;6@9=1;7@6=4;7@2=4;7@5=1;7@9=2;8@4=1;8@6=1;8@7=1;8@1=3;8@2=1;8@3=1;9@6=1;9@7=2;9@8=1;9@0=2;9@1=2;9@2=2;9@3=1;9@9=1,"4,6,7,8,0,1,2,3,5,9",121,69,69,0,1.0,0.07629970644702386,0.047619047619047616,0.028680658827976248,0.0,0.0,0.0,0.004194021224975586,Feasible
1296,1295,0,0,0,-,0:7;1:5|7;2:1|2;3:1|2;4:2|6;5:1|2;6:4|5|9;7:0|1;8:1|2;9:1|2,0:7;1:5|7;2:1|2;3:1|2;4:2|6;5:1|2;6:4|5|9;7:0|1;8:1|2;9:1|2,0@1=2;0@2=5;0@3=1;0@6=1;1@1=3;1@2=3;1@3=1;1@5=1;2@2=3;2@3=2;2@6=3;2@5=3;2@0=1;2@4=1;2@7=1;2@9=1;3@1=1;3@2=2;3@3=1;3@4=2;3@7=1;3@9=1;4@1=1;4@2=5;4@3=3;4@5=1;4@0=1;4@4=3;4@9=1;4@8=1;5@1=1;5@2=1;5@3=1;5@6=2;5@7=1;5@9=1;6@1=2;6@2=2;6@3=2;6@6=1;6@5=1;6@4=2;6@9=1;7@2=1;7@3=1;7@6=1;8@1=2;8@2=2;8@3=1;8@6=2;8@4=3;9@1=1;9@2=1;9@3=1;9@6=1;9@4=1;9@7=2,"1,2,3,6,5,0,4,7,9,8",94,57,57,0,1.0,0.025617624138291245,0.0,0.025617624138291245,0.0,0.0,0.0,0.0015649795532226562,Feasible
1297,1296,3,1,2,"ADD:7,4;REMOVE:1,5;REMOVE:8,1",0:7;1:5|7;2:1|2;3:1|2;4:2|6;5:1|2;6:4|5|9;7:0|1;8:1|2;9:1|2,0:7;1:7;2:1|2;3:1|2;4:2|6;5:1|2;6:4|5|9;7:0|1|4;8:2;9:1|2,0@0=1;0@3=2;0@4=3;0@6=1;0@9=1;1@3=1;1@4=3;1@2=1;2@3=1;2@6=2;2@2=1;2@1=2;2@5=1;3@6=1;3@2=1;4@9=1;4@2=3;4@1=2;4@5=1;4@7=1;4@8=1;5@0=1;5@3=1;5@4=5;5@9=1;5@1=2;6@3=4;6@4=1;6@9=1;6@2=3;6@1=1;6@5=1;6@7=1;6@8=1;7@3=2;7@4=1;7@2=1;7@1=2;7@5=1;7@8=1;8@3=1;8@4=2;8@2=1;9@3=1;9@4=1;9@9=1;9@2=1;9@1=1;9@5=1,"0,3,4,6,9,2,1,5,7,8",72,49,49,0,1.0,0.026445946238238344,0.1,0.02644594623823834,0.0,0.0,0.1,0.005230903625488281,Feasible
1298,1297,2,1,1,"ADD:1,5;REMOVE:5,1",0:7;1:7;2:1|2;3:1|2;4:2|6;5:1|2;6:4|5|9;7:0|1|4;8:2;9:1|2,0:7;1:5|7;2:1|2;3:1|2;4:2|6;5:2;6:4|5|9;7:0|1|4;8:2;9:1|2,0@0=1;0@1=1;0@2=2;0@3=2;0@6=1;0@8=1;1@2=1;1@6=1;1@4=1;1@5=1;1@7=1;2@1=1;2@3=1;2@6=2;2@8=1;2@4=1;2@7=1;3@0=3;3@1=3;3@6=1;3@8=1;3@4=2;3@9=1;4@0=1;4@1=1;4@2=2;4@6=1;4@8=1;4@4=2;4@5=1;4@7=1;4@9=1;5@4=2;5@7=1;6@0=1;6@1=2;6@2=2;6@3=1;6@8=1;6@4=1;6@9=3;7@3=1;7@5=1;8@2=2;8@3=2;8@4=1;9@0=1;9@2=3;9@6=1;9@4=3;9@5=1;9@7=1;9@9=1,"0,1,2,3,6,8,4,5,7,9",74,53,53,0,1.0,-0.021576234851296547,0.05263157894736842,0.02579218620133504,0.0,0.0,0.1,0.003443002700805664,Feasible
1299,1298,6,3,3,"ADD:0,5;ADD:5,1;ADD:8,1;REMOVE:1,5;REMOVE:3,1;REMOVE:7,0",0:7;1:5|7;2:1|2;3:1|2;4:2|6;5:2;6:4|5|9;7:0|1|4;8:2;9:1|2,0:5|7;1:7;2:1|2;3:2;4:2|6;5:1|2;6:4|5|9;7:1|4;8:1|2;9:1|2,0@0=2;0@1=2;0@2=1;0@4=1;0@5=3;0@6=2;0@7=1;0@8=1;0@9=1;1@2=1;1@4=2;1@8=1;1@3=1;2@0=1;2@1=5;2@2=4;2@4=1;2@5=1;2@6=2;2@7=3;2@8=1;2@9=4;3@0=1;3@2=1;3@4=5;3@5=2;3@7=1;3@8=3;3@9=1;4@1=2;4@2=2;4@5=2;4@6=1;4@8=3;4@9=1;4@3=1;5@1=2;5@2=1;5@4=4;5@5=2;5@8=1;5@9=1;5@3=1;6@2=3;6@4=3;6@5=1;6@6=1;6@7=3;6@9=3;6@3=2;7@1=1;7@2=3;7@4=2;7@7=2;7@8=1;7@9=1;8@0=1;8@1=2;8@4=1;8@5=2;8@6=1;8@7=1;8@8=1;8@9=1;8@3=2;9@0=1;9@1=4;9@2=2;9@4=4;9@5=2;9@7=2;9@8=1;9@3=1,"0,1,2,4,5,6,7,8,9,3",134,73,73,0,1.0,-0.11450441443886267,0.15789473684210525,0.027600848719032123,0.0,0.0,0.30000000000000004,0.008069038391113281,Feasible
1300,1299,5,2,3,"ADD:3,6;ADD:7,0;REMOVE:0,5;REMOVE:1,7;REMOVE:9,1",0:5|7;1:7;2:1|2;3:2;4:2|6;5:1|2;6:4|5|9;7:1|4;8:1|2;9:1|2,0:7;1:-;2:1|2;3:2|6;4:2|6;5:1|2;6:4|5|9;7:0|1|4;8:1|2;9:2,0@0=1;0@1=3;0@2=2;0@3=1;0@4=3;0@7=1;0@9=4;2@0=1;2@1=2;2@2=3;2@3=4;2@4=2;2@7=2;2@9=2;2@8=1;3@0=1;3@2=2;3@3=1;3@4=3;3@9=2;3@8=3;3@6=1;4@1=3;4@2=3;4@3=1;4@4=5;4@7=2;4@9=2;4@6=2;5@0=2;5@1=4;5@2=7;5@3=2;5@4=2;5@8=3;5@5=1;6@0=2;6@1=1;6@2=5;6@3=2;6@4=4;6@7=3;6@9=2;6@8=1;6@6=1;6@5=1;7@0=2;7@1=1;7@3=2;7@4=3;7@5=1;8@3=1;8@4=3;8@6=3;8@5=2;9@0=1;9@2=2;9@3=1;9@4=1;9@7=1;9@8=3,"0,1,2,3,4,7,9,8,6,5",133,61,61,0,1.0,-0.012483968263933137,0.15789473684210525,0.02962129489396162,0.0,0.0,0.2,0.006089925765991211,Feasible
1301,1300,2,1,1,"ADD:9,1;REMOVE:8,1",0:7;1:-;2:1|2;3:2|6;4:2|6;5:1|2;6:4|5|9;7:0|1|4;8:1|2;9:2,0:7;1:-;2:1|2;3:2|6;4:2|6;5:1|2;6:4|5|9;7:0|1|4;8:2;9:1|2,0@0=1;0@1=1;0@2=1;0@4=4;0@7=1;0@8=1;2@0=1;2@1=1;2@2=6;2@4=2;2@7=1;2@8=1;2@5=1;2@6=1;3@0=1;3@1=3;3@2=3;3@4=3;3@8=1;3@5=1;3@6=1;3@3=2;3@9=1;4@0=1;4@1=5;4@2=2;4@4=2;4@8=1;4@5=1;4@3=2;4@9=1;5@1=1;5@2=4;5@4=2;5@7=1;5@8=1;5@5=1;6@0=1;6@1=1;6@2=5;6@4=2;6@7=1;6@8=2;6@6=2;7@0=1;7@1=1;7@4=2;7@3=1;8@2=1;8@4=1;8@5=2;8@3=2;8@9=2;9@1=2;9@4=3;9@6=1;9@9=2,"0,1,2,4,7,8,5,6,3,9",99,57,57,0,1.0,-0.017366921351512146,0.05555555555555555,0.027077523092932307,0.0,0.0,0.1,0.0032541751861572266,Feasible
1302,1301,2,1,1,"ADD:8,1;REMOVE:7,0",0:7;1:-;2:1|2;3:2|6;4:2|6;5:1|2;6:4|5|9;7:0|1|4;8:2;9:1|2,0:7;1:-;2:1|2;3:2|6;4:2|6;5:1|2;6:4|5|9;7:1|4;8:1|2;9:1|2,0@1=3;0@2=2;0@4=1;0@6=1;2@1=3;2@2=3;2@4=2;2@6=3;2@0=1;2@5=1;2@7=1;2@8=2;2@9=2;3@1=2;3@2=1;3@4=3;3@6=2;3@3=1;4@1=3;4@2=2;4@4=1;4@5=1;4@7=1;4@9=1;4@3=1;5@1=3;5@2=2;5@6=2;5@5=2;5@8=2;5@9=1;6@2=5;6@4=3;6@6=2;6@0=1;6@8=2;6@9=2;7@1=2;7@2=2;7@4=3;7@6=1;7@7=1;7@8=1;7@9=1;8@1=1;8@2=1;8@4=3;8@0=1;8@5=1;9@1=2;9@2=1;9@4=2;9@6=1;9@5=1;9@8=1;9@3=2,"1,2,4,6,0,5,7,8,9,3",99,56,56,0,1.0,-0.011904876439944631,0.05555555555555555,0.03253956800449982,0.0,0.0,0.1,0.0032262802124023438,Feasible
1303,1302,3,1,2,"ADD:0,5;REMOVE:6,5;REMOVE:7,1",0:7;1:-;2:1|2;3:2|6;4:2|6;5:1|2;6:4|5|9;7:1|4;8:1|2;9:1|2,0:5|7;1:-;2:1|2;3:2|6;4:2|6;5:1|2;6:4|9;7:4;8:1|2;9:1|2,0@1=3;0@2=2;0@4=1;0@5=1;0@8=1;0@9=2;2@1=4;2@2=1;2@4=3;2@5=1;2@0=2;2@3=1;2@6=3;3@1=4;3@2=2;3@4=1;3@5=2;3@8=1;3@3=1;4@1=1;4@2=4;4@4=4;4@8=2;4@9=1;4@3=3;4@6=1;5@1=1;5@4=2;5@5=2;5@8=1;5@9=1;5@0=1;5@3=5;5@6=1;5@7=1;6@1=1;6@2=1;6@4=3;6@8=1;6@3=1;6@6=2;7@2=1;7@4=2;7@6=1;8@1=2;8@5=2;8@9=2;8@0=1;8@3=1;8@6=1;8@7=1;9@1=1;9@2=2;9@4=2;9@5=1;9@9=2;9@3=2;9@7=1,"1,2,4,5,8,9,0,3,6,7",101,58,58,0,1.0,0.03528207696173252,0.1111111111111111,0.024170965850621413,0.0,0.0,0.1,0.004584074020385742,Feasible
1304,1303,5,4,1,"ADD:1,1;ADD:6,0;ADD:7,0;ADD:7,1;REMOVE:0,5",0:5|7;1:-;2:1|2;3:2|6;4:2|6;5:1|2;6:4|9;7:4;8:1|2;9:1|2,0:7;1:1;2:1|2;3:2|6;4:2|6;5:1|2;6:0|4|9;7:0|1|4;8:1|2;9:1|2,0@2=1;0@3=1;0@7=1;0@9=1;1@1=1;2@2=1;2@3=1;2@1=1;2@0=1;2@4=1;2@5=2;3@3=2;3@9=1;3@1=1;3@0=2;3@4=1;3@6=1;4@2=1;4@3=1;4@7=1;4@9=1;4@4=1;4@5=2;4@8=1;5@2=3;5@3=1;5@9=2;5@1=2;5@0=2;5@4=2;5@8=1;6@2=1;6@1=1;6@0=1;6@5=1;6@6=1;7@7=1;7@1=1;7@0=1;7@6=1;8@2=2;8@1=1;8@5=1;8@6=1;9@2=2;9@3=1;9@4=2,"2,3,7,9,1,0,4,5,6,8",60,47,47,0,1.0,-0.30842944410216194,0.058823529411764705,0.03274702648607336,0.0,0.0,0.4,0.0030851364135742188,Feasible
1305,1304,3,1,2,"ADD:0,5;REMOVE:7,1;REMOVE:8,1",0:7;1:1;2:1|2;3:2|6;4:2|6;5:1|2;6:0|4|9;7:0|1|4;8:1|2;9:1|2,0:5|7;1:1;2:1|2;3:2|6;4:2|6;5:1|2;6:0|4|9;7:0|4;8:2;9:1|2,0@0=3;0@1=2;0@2=1;0@4=4;0@5=1;1@1=1;2@0=2;2@2=3;2@4=2;2@6=1;2@7=1;2@9=1;3@1=1;3@2=2;3@4=2;3@5=1;3@7=1;3@3=1;4@0=2;4@1=1;4@2=5;4@4=3;4@3=1;4@8=1;5@0=1;5@1=1;5@2=2;5@6=1;5@7=1;5@9=2;5@3=1;6@0=4;6@2=1;6@4=3;6@5=1;6@6=2;6@7=1;6@3=1;7@0=1;7@2=1;7@4=3;7@7=3;8@2=1;8@9=2;8@3=1;8@8=1;9@0=2;9@1=3;9@2=1;9@4=2;9@6=1;9@7=1;9@8=2,"0,1,2,4,5,6,7,9,3,8",90,53,53,0,1.0,0.03560912183884879,0.1,0.035609121838848797,0.0,0.0,0.1,0.004530191421508789,Feasible
1306,1305,4,2,2,"ADD:7,1;ADD:8,1;REMOVE:0,5;REMOVE:1,1",0:5|7;1:1;2:1|2;3:2|6;4:2|6;5:1|2;6:0|4|9;7:0|4;8:2;9:1|2,0:7;1:-;2:1|2;3:2|6;4:2|6;5:1|2;6:0|4|9;7:0|1|4;8:1|2;9:1|2,0@0=1;0@1=1;0@2=1;0@3=2;0@4=4;0@6=1;0@7=1;0@8=1;2@0=2;2@1=5;2@2=3;2@3=2;2@4=2;2@6=2;2@7=1;2@8=2;2@9=1;3@0=1;3@1=2;3@2=7;3@3=2;3@4=4;3@6=1;3@7=1;3@8=1;3@9=1;3@5=1;4@0=2;4@2=5;4@3=3;4@4=2;4@6=1;4@7=3;4@8=3;4@9=2;4@5=1;5@0=1;5@1=2;5@4=2;5@6=1;5@8=2;6@2=3;6@4=1;6@6=1;6@8=2;6@9=2;6@5=2;7@1=1;7@2=2;7@4=3;7@8=1;8@1=3;8@2=4;8@4=2;8@8=1;8@5=1;9@0=1;9@1=2;9@2=6;9@3=1;9@4=3;9@7=2;9@8=1;9@9=1;9@5=2,"0,1,2,3,4,6,7,8,9,5",131,65,65,0,1.0,-0.05947837330478825,0.10526315789473684,0.03525846880047492,0.0,0.0,0.2,0.004710197448730469,Feasible
1307,1306,5,3,2,"ADD:0,5;ADD:1,2;ADD:1,6;REMOVE:3,6;REMOVE:8,1",0:7;1:-;2:1|2;3:2|6;4:2|6;5:1|2;6:0|4|9;7:0|1|4;8:1|2;9:1|2,0:5|7;1:2|6;2:1|2;3:2;4:2|6;5:1|2;6:0|4|9;7:0|1|4;8:2;9:1|2,0@0=1;0@1=2;0@2=2;0@4=1;0@5=1;0@6=1;0@8=2;0@9=1;1@2=1;1@6=1;2@0=1;2@1=1;2@2=2;2@4=4;2@5=1;2@6=2;2@8=2;2@9=1;2@7=4;3@2=2;3@4=5;3@8=1;3@7=1;4@0=1;4@1=3;4@2=2;4@4=5;4@5=2;4@6=5;4@8=1;4@9=1;4@7=2;4@3=1;5@0=1;5@1=2;5@2=1;5@4=2;5@5=1;5@6=1;5@9=1;5@7=1;5@3=1;6@0=2;6@1=3;6@2=2;6@4=3;6@5=2;6@8=4;6@3=1;7@1=1;7@2=1;7@4=6;7@5=1;7@6=2;7@9=2;7@7=1;7@3=2;8@2=1;8@9=1;8@3=1;9@0=1;9@2=3;9@4=2;9@5=1;9@6=2;9@8=1;9@9=2;9@7=4;9@3=3,"0,1,2,4,5,6,8,9,7,3",129,69,69,0,1.0,-0.1685965636576289,0.10526315789473684,0.02614027844763431,0.0,0.0,0.30000000000000004,0.004764080047607422,Feasible
1308,1307,1,1,0,"ADD:8,1",0:5|7;1:2|6;2:1|2;3:2;4:2|6;5:1|2;6:0|4|9;7:0|1|4;8:2;9:1|2,0:5|7;1:2|6;2:1|2;3:2;4:2|6;5:1|2;6:0|4|9;7:0|1|4;8:1|2;9:1|2,0@0=1;0@1=1;0@2=1;0@4=2;0@5=2;0@7=2;0@9=3;1@6=1;2@0=3;2@1=1;2@4=4;2@5=1;2@9=2;2@6=5;2@3=1;3@0=3;3@2=1;3@4=1;3@5=1;3@7=2;3@9=2;3@3=1;3@8=2;4@1=4;4@4=4;4@5=2;4@7=2;4@6=1;4@3=2;4@8=1;5@0=1;5@1=4;5@4=2;5@5=1;5@7=1;5@9=1;5@3=1;6@2=3;6@4=3;6@5=2;6@9=3;6@6=2;7@1=2;7@4=1;7@7=3;7@9=1;7@6=1;8@1=1;8@2=2;8@4=3;8@6=3;8@3=1;9@0=1;9@1=1;9@2=1;9@4=1;9@7=1;9@3=1;9@8=2,"0,1,2,4,5,7,9,6,3,8",109,59,59,0,1.0,-0.07600844089214573,0.0,0.02399155910785427,0.0,0.0,0.1,0.0015621185302734375,Feasible
1309,1308,3,1,2,"ADD:3,1;REMOVE:1,2;REMOVE:1,6",0:5|7;1:2|6;2:1|2;3:2;4:2|6;5:1|2;6:0|4|9;7:0|1|4;8:1|2;9:1|2,0:5|7;1:-;2:1|2;3:1|2;4:2|6;5:1|2;6:0|4|9;7:0|1|4;8:1|2;9:1|2,0@0=1;0@1=3;0@2=2;0@3=2;0@4=2;0@5=1;0@6=1;0@7=2;2@1=2;2@2=4;2@3=3;2@4=1;2@5=3;2@6=2;2@7=2;2@9=1;3@1=2;3@2=2;3@3=1;3@4=2;3@5=4;3@6=1;4@1=3;4@2=3;4@3=1;4@5=3;4@6=4;4@9=1;4@8=2;5@0=1;5@1=2;5@2=1;5@4=2;6@0=1;6@1=2;6@2=4;6@3=1;6@4=6;6@6=3;6@8=2;7@1=1;7@2=2;7@3=1;7@4=1;7@5=1;7@6=1;8@0=1;8@1=2;8@2=1;8@4=1;8@5=1;8@8=1;9@0=4;9@1=3;9@2=3;9@4=1;9@5=1;9@6=2;9@9=1,"0,1,2,3,4,5,6,7,9,8",115,59,59,0,1.0,0.029877965258043288,0.09523809523809523,0.03463987001994807,0.0,0.0,0.1,0.004472970962524414,Feasible
1310,1309,2,1,1,"ADD:1,7;REMOVE:7,1",0:5|7;1:-;2:1|2;3:1|2;4:2|6;5:1|2;6:0|4|9;7:0|1|4;8:1|2;9:1|2,0:5|7;1:7;2:1|2;3:1|2;4:2|6;5:1|2;6:0|4|9;7:0|4;8:1|2;9:1|2,0@1=4;0@2=3;0@3=1;0@4=2;0@5=1;0@7=1;1@7=1;2@1=4;2@2=5;2@3=2;2@4=3;2@5=2;2@7=1;2@0=1;2@8=4;2@9=2;3@1=2;3@2=3;3@4=4;3@7=1;3@0=1;3@9=3;3@6=1;4@1=2;4@2=2;4@4=1;4@5=2;4@7=1;4@0=1;4@9=1;4@6=3;5@1=1;5@2=1;5@3=1;5@4=2;5@5=1;5@0=1;5@8=1;5@9=1;5@6=1;6@1=1;6@2=2;6@4=3;6@5=1;6@7=1;6@0=3;6@9=3;7@4=1;7@7=1;7@0=1;8@1=4;8@2=2;8@4=1;8@0=2;8@8=2;9@3=1;9@4=3;9@5=1;9@7=1;9@6=3,"1,2,3,4,5,7,0,8,9,6",112,60,60,0,1.0,-0.011595683879154536,0.05,0.038404316120845466,0.0,0.0,0.1,0.003139019012451172,Feasible
1311,1310,4,0,4,"REMOVE:0,5;REMOVE:1,7;REMOVE:7,0;REMOVE:8,1",0:5|7;1:7;2:1|2;3:1|2;4:2|6;5:1|2;6:0|4|9;7:0|4;8:1|2;9:1|2,0:7;1:-;2:1|2;3:1|2;4:2|6;5:1|2;6:0|4|9;7:4;8:2;9:1|2,0@0=1;0@1=2;0@2=3;0@3=1;0@4=1;0@8=1;2@0=1;2@1=1;2@2=1;2@3=1;2@8=1;2@5=1;2@6=2;2@7=1;3@4=1;3@8=2;3@6=1;4@1=1;4@2=2;4@4=1;4@5=3;4@9=1;5@1=1;5@3=2;5@4=1;5@6=1;6@1=3;6@2=1;6@3=1;6@4=2;6@8=1;6@5=2;6@7=1;6@9=2;7@8=1;7@6=2;7@7=2;8@4=2;8@8=1;9@0=1;9@1=2;9@2=1;9@4=2;9@8=1;9@5=2;9@6=2;9@7=1,"0,1,2,3,4,8,5,6,7,9",68,47,47,0,1.0,0.2171042069795145,0.2,0.017104206979514484,0.0,0.0,0.0,0.0065000057220458984,Feasible
1312,1311,4,3,1,"ADD:0,5;ADD:7,1;ADD:7,5;REMOVE:9,1",0:7;1:-;2:1|2;3:1|2;4:2|6;5:1|2;6:0|4|9;7:4;8:2;9:1|2,0:5|7;1:-;2:1|2;3:1|2;4:2|6;5:1|2;6:0|4|9;7:1|4|5;8:2;9:2,0@0=1;0@1=1;0@2=3;0@4=4;0@5=2;0@7=3;2@1=2;2@2=5;2@4=2;2@7=2;2@3=2;2@6=2;2@8=3;2@9=1;3@1=1;3@2=4;3@5=4;3@3=1;3@6=1;3@9=1;4@0=2;4@1=1;4@2=5;4@4=3;4@5=2;4@7=1;4@3=1;4@6=2;4@8=2;5@0=1;5@1=2;5@2=2;5@4=1;5@5=1;5@7=1;6@0=1;6@2=3;6@4=4;6@5=2;6@7=2;6@3=1;6@8=4;6@9=2;7@1=3;7@2=3;7@4=2;7@5=3;7@3=1;7@9=1;8@2=1;8@4=3;8@5=1;8@7=1;8@3=1;8@9=1;9@2=3;9@8=1,"0,1,2,4,5,7,3,6,8,9",116,57,57,0,1.0,-0.19712202857357733,0.0625,0.04037797142642271,0.0,0.0,0.30000000000000004,0.003047943115234375,Feasible
1313,1312,3,3,0,"ADD:1,2;ADD:8,1;ADD:9,1",0:5|7;1:-;2:1|2;3:1|2;4:2|6;5:1|2;6:0|4|9;7:1|4|5;8:2;9:2,0:5|7;1:2;2:1|2;3:1|2;4:2|6;5:1|2;6:0|4|9;7:1|4|5;8:1|2;9:1|2,0@0=2;0@1=4;0@2=4;0@4=3;0@5=3;0@6=1;0@7=3;1@2=1;2@0=4;2@1=1;2@2=7;2@4=8;2@5=2;2@6=1;2@7=4;2@8=3;3@0=2;3@1=2;3@2=3;3@4=2;3@6=1;3@7=1;3@3=1;4@1=4;4@2=3;4@4=8;4@5=4;4@6=5;4@7=2;4@8=1;4@9=2;5@0=1;5@1=2;5@2=2;5@5=1;5@6=1;5@7=1;5@8=4;6@0=2;6@1=3;6@2=8;6@4=2;6@6=3;6@7=2;6@8=1;6@9=2;7@1=1;7@4=2;7@5=1;7@7=2;7@8=1;8@0=1;8@1=3;8@2=4;8@5=1;8@6=1;8@7=1;8@3=1;9@1=5;9@2=4;9@4=1;9@5=1;9@6=2;9@8=1;9@3=1;9@9=2,"0,1,2,4,5,6,7,8,3,9",163,66,66,0,1.0,-0.2659369797745538,0.0,0.03406302022544621,0.0,0.0,0.30000000000000004,0.0016319751739501953,Feasible
1314,1313,1,0,1,"REMOVE:7,5",0:5|7;1:2;2:1|2;3:1|2;4:2|6;5:1|2;6:0|4|9;7:1|4|5;8:1|2;9:1|2,0:5|7;1:2;2:1|2;3:1|2;4:2|6;5:1|2;6:0|4|9;7:1|4;8:1|2;9:1|2,0@1=3;0@2=4;0@3=2;0@4=1;0@5=1;0@6=1;0@7=1;0@8=1;0@9=1;1@8=1;2@1=2;2@2=2;2@4=1;2@5=3;2@6=1;2@7=4;2@8=2;2@0=3;3@1=2;3@2=5;3@3=1;3@4=1;3@5=1;3@7=1;3@0=2;4@1=1;4@2=8;4@3=2;4@4=8;4@5=1;4@6=1;4@7=1;4@8=1;4@9=2;4@0=1;5@1=1;5@2=2;5@4=4;5@5=1;5@6=1;5@9=1;5@0=1;6@1=2;6@2=3;6@4=4;6@5=1;6@6=2;6@7=1;6@0=1;7@1=3;7@2=2;7@3=3;7@4=2;7@6=2;8@1=1;8@2=1;8@4=1;8@6=1;8@7=1;9@1=7;9@2=2;9@3=1;9@4=3;9@5=2;9@7=3;9@8=3;9@9=1,"1,2,3,4,5,6,7,8,9,0",137,67,67,0,1.0,0.08050145132586177,0.047619047619047616,0.03288240370681415,0.0,0.0,0.0,0.003282785415649414,Feasible
1315,1314,1,1,0,"ADD:7,0",0:5|7;1:2;2:1|2;3:1|2;4:2|6;5:1|2;6:0|4|9;7:1|4;8:1|2;9:1|2,0:5|7;1:2;2:1|2;3:1|2;4:2|6;5:1|2;6:0|4|9;7:0|1|4;8:1|2;9:1|2,0@1=1;0@2=3;0@3=1;0@5=2;0@6=1;0@7=1;0@8=2;1@2=1;2@1=1;2@2=4;2@3=1;2@5=1;2@6=1;2@8=2;2@0=3;2@4=3;2@9=1;3@1=1;3@2=3;3@3=1;3@5=1;3@7=2;3@8=1;3@4=2;4@1=2;4@2=6;4@3=2;4@5=1;4@7=3;4@8=1;4@0=1;5@1=4;5@2=3;5@7=1;5@4=5;5@9=2;6@1=3;6@2=4;6@3=1;6@5=3;6@6=3;6@7=3;6@8=1;6@4=7;6@9=2;7@0=1;8@1=1;8@2=1;8@3=1;8@5=2;8@8=1;8@0=1;8@9=2;9@1=1;9@2=2;9@6=1;9@7=2;9@8=1;9@4=4,"1,2,3,5,6,7,8,0,4,9",119,59,59,0,1.0,-0.0665689880803811,0.0,0.033431011919618905,0.0,0.0,0.1,0.0015239715576171875,Feasible
1316,1315,5,0,5,"REMOVE:0,5;REMOVE:1,2;REMOVE:5,1;REMOVE:7,1;REMOVE:8,1",0:5|7;1:2;2:1|2;3:1|2;4:2|6;5:1|2;6:0|4|9;7:0|1|4;8:1|2;9:1|2,0:7;1:-;2:1|2;3:1|2;4:2|6;5:2;6:0|4|9;7:0|4;8:2;9:1|2,0@1=3;0@2=2;0@4=3;0@6=1;0@7=3;0@8=1;2@1=1;2@2=5;2@4=3;2@6=2;2@7=2;2@8=1;2@0=1;2@3=1;2@5=2;3@1=3;3@2=3;3@3=1;3@5=1;3@9=2;4@1=4;4@2=7;4@4=7;4@6=2;4@7=2;4@0=2;4@3=2;4@5=1;5@2=3;5@4=1;5@0=1;5@5=1;5@9=1;6@1=2;6@2=4;6@4=2;6@6=2;6@7=1;6@0=2;7@2=2;7@4=1;7@7=1;7@8=1;7@0=1;8@2=1;8@4=1;8@7=1;8@8=3;8@0=3;8@5=1;8@9=2;9@1=1;9@2=2;9@6=2;9@7=1;9@8=3;9@3=2;9@5=1;9@9=1,"1,2,4,6,7,8,0,3,5,9",119,59,59,0,1.0,0.26922482290303335,0.23809523809523808,0.031129584807795246,0.0,0.0,0.0,0.008311033248901367,Feasible
1317,1316,5,3,2,"ADD:0,5;ADD:1,5;ADD:8,6;REMOVE:2,1;REMOVE:7,0",0:7;1:-;2:1|2;3:1|2;4:2|6;5:2;6:0|4|9;7:0|4;8:2;9:1|2,0:5|7;1:5;2:2;3:1|2;4:2|6;5:2;6:0|4|9;7:4;8:2|6;9:1|2,0@1=1;0@2=2;0@4=1;0@5=1;0@7=1;0@8=1;0@9=2;1@5=1;1@8=1;2@2=4;2@4=1;2@5=1;2@7=1;2@8=1;2@0=3;2@3=1;3@1=1;3@2=3;3@5=2;3@7=2;3@8=2;3@9=1;3@0=1;3@6=2;4@1=2;4@2=5;4@4=4;4@5=3;4@7=1;4@8=3;4@9=1;4@0=2;4@3=1;5@2=6;5@4=2;5@5=6;5@7=1;5@8=3;5@3=1;6@1=4;6@4=5;6@7=1;6@8=4;6@9=2;6@0=4;6@3=4;6@6=2;7@2=1;7@4=1;7@7=1;7@8=1;8@2=2;8@4=1;8@8=1;8@0=1;8@3=1;8@6=1;9@1=2;9@2=3;9@4=3;9@5=1;9@7=4;9@8=1;9@6=2,"1,2,4,5,7,8,9,0,3,6",131,64,64,0,1.0,-0.14100398278888862,0.125,0.03399601721111142,0.0,0.0,0.30000000000000004,0.004536151885986328,Feasible
1318,1317,5,4,1,"ADD:1,7;ADD:2,1;ADD:5,6;ADD:7,5;REMOVE:0,5",0:5|7;1:5;2:2;3:1|2;4:2|6;5:2;6:0|4|9;7:4;8:2|6;9:1|2,0:7;1:5|7;2:1|2;3:1|2;4:2|6;5:2|6;6:0|4|9;7:4|5;8:2|6;9:1|2,0@1=2;0@2=1;0@3=1;0@4=5;0@6=2;0@7=2;0@8=3;0@9=1;1@2=1;1@7=1;2@1=2;2@2=1;2@3=1;2@4=2;2@6=1;2@7=1;2@8=1;2@5=1;3@1=1;3@2=1;3@3=2;3@4=2;3@6=2;3@8=1;4@2=2;4@3=1;4@4=1;4@6=2;4@7=1;4@5=1;5@2=2;5@3=5;5@4=1;5@6=1;5@9=1;6@1=1;6@2=4;6@3=1;6@4=3;6@6=1;6@8=1;6@9=1;6@5=1;6@0=1;7@4=2;7@5=1;7@0=1;8@1=1;8@4=5;8@8=1;8@5=1;9@1=1;9@2=3;9@8=1,"1,2,3,4,6,7,8,9,5,0",87,54,54,0,1.0,-0.309515104255513,0.058823529411764705,0.03166136633272237,0.0,0.0,0.4,0.003083944320678711,Feasible
1319,1318,6,1,5,"ADD:0,5;REMOVE:1,5;REMOVE:1,7;REMOVE:2,1;REMOVE:7,4;REMOVE:9,1",0:7;1:5|7;2:1|2;3:1|2;4:2|6;5:2|6;6:0|4|9;7:4|5;8:2|6;9:1|2,0:5|7;1:-;2:2;3:1|2;4:2|6;5:2|6;6:0|4|9;7:5;8:2|6;9:2,0@0=1;0@1=1;0@2=5;0@4=5;0@5=1;0@8=2;2@0=2;2@2=2;2@4=1;2@5=1;2@8=3;2@3=1;2@7=2;2@9=3;3@1=3;3@2=1;3@4=1;3@8=3;3@7=1;3@6=1;4@0=1;4@1=2;4@2=2;4@4=3;4@8=1;4@7=2;4@9=2;4@6=1;5@0=2;5@1=5;5@2=1;5@4=1;5@5=2;5@7=2;5@6=2;6@0=2;6@2=3;6@4=2;6@5=1;6@8=1;6@7=3;6@9=3;6@6=1;7@2=1;8@0=2;8@1=1;8@2=2;8@4=1;8@8=1;9@0=1;9@2=2;9@4=5;9@5=1;9@8=1;9@3=1;9@9=3,"0,1,2,4,5,8,3,7,9,6",107,56,56,0,1.0,0.17231997348081832,0.25,0.022319973480818323,0.0,0.0,0.1,0.008179903030395508,Feasible
1320,1319,4,4,0,"ADD:2,1;ADD:7,1;ADD:7,4;ADD:9,6",0:5|7;1:-;2:2;3:1|2;4:2|6;5:2|6;6:0|4|9;7:5;8:2|6;9:2,0:5|7;1:-;2:1|2;3:1|2;4:2|6;5:2|6;6:0|4|9;7:1|4|5;8:2|6;9:2|6,0@1=1;0@2=7;0@4=2;0@5=4;0@6=3;0@7=1;0@8=2;2@1=2;2@2=2;2@4=6;2@5=3;2@6=2;2@8=5;2@0=1;2@3=2;3@1=2;3@2=2;3@4=7;3@5=1;3@6=1;3@7=2;3@0=1;3@3=2;4@1=1;4@2=3;4@4=6;4@5=3;4@6=4;4@8=1;4@0=1;4@3=1;4@9=2;5@1=3;5@2=3;5@5=1;5@6=1;5@7=2;5@8=3;5@3=1;5@9=1;6@1=2;6@2=2;6@4=5;6@5=1;6@6=1;6@7=3;6@0=1;6@3=1;6@9=3;7@1=1;7@2=2;7@4=2;7@6=1;7@7=3;7@3=1;8@1=4;8@2=3;8@7=1;8@8=1;8@0=1;8@9=1;9@2=2;9@4=4;9@5=2;9@6=2;9@7=2;9@8=1;9@0=1;9@3=4;9@9=1,"1,2,4,5,6,7,8,0,3,9",157,70,70,0,1.0,-0.3735486575619652,0.0,0.026451342438034806,0.0,0.0,0.4,0.0016238689422607422,Feasible
1321,1320,3,1,2,"ADD:1,5;REMOVE:8,6;REMOVE:9,6",0:5|7;1:-;2:1|2;3:1|2;4:2|6;5:2|6;6:0|4|9;7:1|4|5;8:2|6;9:2|6,0:5|7;1:5;2:1|2;3:1|2;4:2|6;5:2|6;6:0|4|9;7:1|4|5;8:2;9:2,0@0=1;0@2=1;0@3=1;0@4=4;0@5=1;0@6=3;0@7=1;0@9=2;1@5=1;2@2=3;2@3=3;2@4=3;2@6=1;2@1=2;2@8=1;3@2=2;3@3=1;3@4=2;3@5=1;3@6=1;3@7=1;3@9=2;3@1=2;3@8=2;4@0=2;4@2=5;4@4=4;4@5=2;4@6=2;4@7=1;4@9=4;4@1=1;4@8=1;5@0=2;5@2=8;5@3=1;5@4=2;5@5=2;5@6=2;5@1=1;5@8=3;6@2=4;6@3=2;6@4=2;6@5=1;6@6=1;6@7=2;6@9=1;6@1=2;6@8=4;7@2=1;7@4=2;7@5=1;7@9=1;7@8=1;8@0=1;8@4=3;8@9=1;8@8=1;9@2=3;9@3=1;9@4=5;9@5=2,"0,2,3,4,5,6,7,9,1,8",127,63,63,0,1.0,0.029123617633987103,0.1,0.029123617633987107,0.0,0.0,0.1,0.004672050476074219,Feasible
1322,1321,3,3,0,"ADD:1,4;ADD:8,1;ADD:9,1",0:5|7;1:5;2:1|2;3:1|2;4:2|6;5:2|6;6:0|4|9;7:1|4|5;8:2;9:2,0:5|7;1:4|5;2:1|2;3:1|2;4:2|6;5:2|6;6:0|4|9;7:1|4|5;8:1|2;9:1|2,0@0=1;0@1=3;0@2=5;0@3=2;0@4=1;0@5=1;0@6=2;0@7=2;0@9=3;1@4=1;2@1=4;2@2=4;2@3=2;2@4=2;2@5=1;2@6=1;2@7=2;2@9=2;2@8=2;3@1=2;3@2=2;3@4=3;3@5=1;3@7=2;4@0=1;4@1=5;4@2=8;4@3=4;4@4=2;4@5=3;4@7=4;4@9=1;4@8=1;5@1=2;5@2=2;5@4=3;5@5=1;5@7=1;5@8=1;6@1=2;6@2=3;6@4=3;6@5=1;6@6=1;6@9=3;6@8=1;7@0=1;7@1=1;7@2=1;7@3=1;7@4=2;7@8=1;8@0=1;8@1=2;8@2=1;8@4=4;8@6=1;8@9=1;8@8=3;9@1=1;9@2=3;9@3=1;9@4=2;9@5=1;9@6=3;9@7=1;9@9=2,"0,1,2,3,4,5,6,7,9,8",138,67,67,0,1.0,-0.26921433966545677,0.0,0.03078566033454328,0.0,0.0,0.30000000000000004,0.0015850067138671875,Feasible
1323,1322,2,1,1,"ADD:1,1;REMOVE:0,5",0:5|7;1:4|5;2:1|2;3:1|2;4:2|6;5:2|6;6:0|4|9;7:1|4|5;8:1|2;9:1|2,0:7;1:1|4|5;2:1|2;3:1|2;4:2|6;5:2|6;6:0|4|9;7:1|4|5;8:1|2;9:1|2,0@0=1;0@1=4;0@2=4;0@4=1;0@7=1;0@8=1;1@1=1;2@0=3;2@1=2;2@2=3;2@4=6;2@7=1;2@8=1;2@3=1;2@5=2;2@6=2;2@9=3;3@1=2;3@2=4;3@4=3;3@3=1;3@5=1;3@9=1;4@0=1;4@1=3;4@2=4;4@4=3;4@7=2;4@8=3;4@3=1;4@5=1;4@6=4;5@1=5;5@2=3;5@4=3;5@8=2;5@6=2;5@9=1;6@0=1;6@1=2;6@2=4;6@4=1;6@3=2;7@1=1;7@2=1;7@4=1;7@7=1;7@5=1;7@9=1;8@0=1;8@2=4;8@4=1;8@7=2;8@8=2;8@6=2;9@0=1;9@1=1;9@2=4;9@4=1;9@3=1;9@5=1,"0,1,2,4,7,8,3,5,6,9",124,61,61,0,1.0,-0.02359842649840979,0.045454545454545456,0.030947028047044762,0.0,0.0,0.1,0.0031218528747558594,Feasible
1324,1323,2,0,2,"REMOVE:6,0;REMOVE:7,5",0:7;1:1|4|5;2:1|2;3:1|2;4:2|6;5:2|6;6:0|4|9;7:1|4|5;8:1|2;9:1|2,0:7;1:1|4|5;2:1|2;3:1|2;4:2|6;5:2|6;6:4|9;7:1|4;8:1|2;9:1|2,0@1=3;0@2=2;0@3=3;0@4=3;0@6=1;0@7=1;0@8=1;0@9=2;1@2=4;1@3=1;1@4=1;1@6=1;1@9=1;1@5=1;2@1=3;2@2=4;2@3=2;2@4=2;2@6=1;2@7=2;2@8=2;2@5=1;2@0=1;3@1=4;3@2=2;3@3=1;3@4=3;3@7=2;3@8=2;3@9=2;4@1=2;4@2=1;4@4=3;4@6=2;4@7=4;4@8=1;4@9=1;4@5=2;4@0=1;5@1=6;5@2=1;5@3=2;5@4=2;5@6=1;5@7=1;5@9=2;5@5=1;6@1=1;6@2=2;6@4=3;6@6=2;6@7=2;6@8=2;7@2=1;7@3=1;7@4=1;7@6=1;7@7=1;7@8=1;7@9=2;8@1=1;8@4=4;8@6=1;8@7=1;8@9=1;8@0=2;9@1=1;9@3=1;9@4=4;9@7=1;9@9=3;9@0=1,"1,2,3,4,6,7,8,9,5,0",133,72,72,0,1.0,0.11157058570416553,0.09090909090909091,0.020661494795074623,0.0,0.0,0.0,0.0045659542083740234,Feasible
1325,1324,3,1,2,"ADD:0,5;REMOVE:1,5;REMOVE:6,4",0:7;1:1|4|5;2:1|2;3:1|2;4:2|6;5:2|6;6:4|9;7:1|4;8:1|2;9:1|2,0:5|7;1:1|4;2:1|2;3:1|2;4:2|6;5:2|6;6:9;7:1|4;8:1|2;9:1|2,0@0=1;0@1=2;0@2=2;0@4=1;0@5=2;0@8=1;1@1=2;1@2=1;1@4=2;1@7=1;1@9=1;2@0=1;2@1=3;2@2=5;2@4=1;2@5=1;2@8=2;2@3=2;2@6=3;3@0=2;3@1=2;3@4=1;3@9=1;3@3=1;3@6=1;4@0=2;4@1=2;4@2=4;4@8=1;4@3=1;4@6=2;5@1=1;5@2=1;5@4=1;5@5=1;5@3=1;6@1=1;6@7=1;6@6=3;7@2=2;7@4=1;7@8=1;7@9=1;7@6=1;8@1=1;8@2=2;8@4=2;8@8=1;8@7=1;8@3=1;9@0=1;9@2=3;9@4=3;9@7=1;9@9=1;9@3=1,"0,1,2,4,5,8,7,9,3,6",88,56,56,0,1.0,0.034194059065493526,0.1,0.034194059065493526,0.0,0.0,0.1,0.004332780838012695,Feasible
1326,1325,3,2,1,"ADD:6,0;ADD:6,4;REMOVE:0,5",0:5|7;1:1|4;2:1|2;3:1|2;4:2|6;5:2|6;6:9;7:1|4;8:1|2;9:1|2,0:7;1:1|4;2:1|2;3:1|2;4:2|6;5:2|6;6:0|4|9;7:1|4;8:1|2;9:1|2,0@0=1;0@4=3;0@6=1;0@8=1;0@9=1;1@4=2;1@6=1;1@8=2;1@9=1;1@1=3;1@2=6;1@3=3;2@0=3;2@4=1;2@6=3;2@8=1;2@9=2;2@2=2;2@5=3;2@7=1;3@4=1;3@9=1;3@1=2;3@2=4;3@3=1;3@5=3;4@0=1;4@4=2;4@6=3;4@8=3;4@9=1;4@1=5;4@2=3;4@5=2;5@0=2;5@4=5;5@6=2;5@1=1;5@2=4;5@3=1;6@0=3;6@4=4;6@6=2;6@9=3;6@1=3;6@2=3;6@3=1;7@4=1;7@8=2;7@9=1;7@1=1;7@2=1;7@7=1;8@4=1;8@8=1;8@9=1;8@1=1;8@2=1;8@7=1;9@0=3;9@4=2;9@9=3;9@1=2;9@2=2;9@7=1,"0,4,6,8,9,1,2,3,5,7",133,65,65,0,1.0,-0.11369246125828265,0.05263157894736842,0.03367595979434894,0.0,0.0,0.2,0.003222942352294922,Feasible
1327,1326,3,3,0,"ADD:0,5;ADD:1,0;ADD:7,5",0:7;1:1|4;2:1|2;3:1|2;4:2|6;5:2|6;6:0|4|9;7:1|4;8:1|2;9:1|2,0:5|7;1:0|1|4;2:1|2;3:1|2;4:2|6;5:2|6;6:0|4|9;7:1|4|5;8:1|2;9:1|2,0@1=2;0@2=4;0@4=5;0@5=1;0@7=2;1@2=2;1@7=2;1@0=3;1@3=2;1@9=1;2@1=2;2@2=2;2@4=5;2@5=1;2@7=2;2@3=1;2@9=1;2@6=2;3@1=1;3@2=4;3@4=2;3@5=2;3@9=1;3@6=2;3@8=3;4@1=1;4@2=3;4@4=1;4@5=2;4@3=2;4@9=1;4@6=3;4@8=1;5@1=4;5@2=1;5@4=6;5@7=1;5@3=2;5@9=2;6@1=2;6@2=1;6@4=2;6@7=2;6@0=3;6@3=3;6@8=2;7@1=1;7@2=1;7@4=6;7@5=1;7@3=2;7@8=1;8@2=1;8@4=2;8@5=1;8@7=1;8@6=1;8@8=1;9@1=2;9@2=4;9@4=4;9@7=2;9@0=1;9@3=4;9@6=2,"1,2,4,5,7,0,3,9,6,8",138,65,65,0,1.0,-0.2693759316882876,0.0,0.030624068311712417,0.0,0.0,0.30000000000000004,0.0015881061553955078,Feasible
1328,1327,2,0,2,"REMOVE:7,4;REMOVE:8,1",0:5|7;1:0|1|4;2:1|2;3:1|2;4:2|6;5:2|6;6:0|4|9;7:1|4|5;8:1|2;9:1|2,0:5|7;1:0|1|4;2:1|2;3:1|2;4:2|6;5:2|6;6:0|4|9;7:1|5;8:2;9:1|2,0@1=4;0@2=3;0@4=1;0@5=3;0@8=2;0@9=1;1@1=4;1@2=3;1@4=3;1@0=1;1@3=1;1@6=2;1@7=3;2@1=1;2@2=2;2@4=6;2@5=1;2@0=1;2@6=2;2@7=1;3@1=1;3@2=5;3@4=2;3@5=2;3@8=1;3@9=4;3@0=1;3@6=2;4@1=4;4@2=2;4@4=5;4@5=1;4@8=1;4@9=2;4@0=4;4@3=1;4@6=2;4@7=1;5@1=1;5@2=3;5@4=5;5@8=3;5@3=3;6@1=1;6@2=3;6@4=6;6@5=4;6@8=1;6@9=1;6@0=1;6@3=3;6@6=3;7@1=1;7@5=2;7@0=1;7@3=1;7@7=1;8@2=1;8@5=1;8@0=2;8@7=1;9@1=3;9@2=5;9@4=1;9@5=2;9@8=2;9@9=1;9@0=2;9@3=1;9@7=1,"1,2,4,5,8,9,0,3,6,7",153,70,70,0,1.0,0.1189442717154025,0.08695652173913043,0.03198774997627207,0.0,0.0,0.0,0.00464630126953125,Feasible
1329,1328,5,2,3,"ADD:7,4;ADD:8,1;REMOVE:0,5;REMOVE:2,1;REMOVE:3,1",0:5|7;1:0|1|4;2:1|2;3:1|2;4:2|6;5:2|6;6:0|4|9;7:1|5;8:2;9:1|2,0:7;1:0|1|4;2:2;3:2;4:2|6;5:2|6;6:0|4|9;7:1|4|5;8:1|2;9:1|2,0@0=3;0@1=1;0@2=3;0@3=1;0@4=2;0@7=3;1@2=2;1@4=1;1@5=1;1@9=1;2@0=2;2@2=3;2@3=1;2@4=3;2@9=1;3@2=2;3@3=2;3@4=5;3@5=2;3@8=1;4@0=2;4@1=5;4@2=1;4@4=1;4@7=3;4@5=1;4@9=4;4@8=1;4@6=2;5@1=1;5@2=1;5@3=2;5@4=2;5@7=1;5@5=2;6@0=2;6@1=2;6@2=1;6@3=4;6@4=2;6@7=1;6@5=4;6@8=2;6@6=1;7@1=3;7@2=1;7@4=2;7@7=1;7@9=1;7@8=1;7@6=1;8@0=2;8@1=2;8@2=4;8@7=1;8@5=1;8@8=1;8@6=3;9@0=2;9@1=3;9@2=1;9@3=1;9@5=1;9@9=2;9@6=1,"0,1,2,3,4,7,5,9,8,6",123,65,65,0,1.0,-0.032355781942541934,0.14285714285714285,0.024787075200315225,0.0,0.0,0.2,0.005983829498291016,Feasible
1330,1329,2,2,0,"ADD:2,1;ADD:3,1",0:7;1:0|1|4;2:2;3:2;4:2|6;5:2|6;6:0|4|9;7:1|4|5;8:1|2;9:1|2,0:7;1:0|1|4;2:1|2;3:1|2;4:2|6;5:2|6;6:0|4|9;7:1|4|5;8:1|2;9:1|2,0@1=3;0@2=3;0@3=1;0@4=6;0@6=1;0@7=3;0@8=1;1@1=1;1@2=2;1@4=2;1@6=2;1@0=1;1@5=4;2@1=5;2@2=3;2@4=1;2@8=1;2@5=1;2@9=3;3@1=2;3@2=3;3@3=2;3@4=4;3@6=1;3@0=1;4@1=2;4@2=3;4@3=2;4@4=5;4@6=2;4@8=2;4@0=2;5@1=2;5@2=3;5@4=1;5@7=1;5@8=3;5@0=1;5@5=2;5@9=1;6@1=4;6@2=1;6@3=1;6@4=2;6@6=1;6@7=1;6@8=2;6@0=3;6@9=1;7@1=1;7@2=1;7@4=3;7@0=3;8@1=1;8@4=2;8@8=2;8@0=2;8@9=1;9@1=1;9@2=3;9@3=1;9@4=2;9@0=2,"1,2,3,4,6,7,8,0,5,9",130,63,63,0,1.0,-0.16824039265327584,0.0,0.031759607346724165,0.0,0.0,0.2,0.0015590190887451172,Feasible
1331,1330,1,1,0,"ADD:0,5",0:7;1:0|1|4;2:1|2;3:1|2;4:2|6;5:2|6;6:0|4|9;7:1|4|5;8:1|2;9:1|2,0:5|7;1:0|1|4;2:1|2;3:1|2;4:2|6;5:2|6;6:0|4|9;7:1|4|5;8:1|2;9:1|2,0@0=1;0@1=1;0@2=3;0@4=4;0@5=1;0@6=2;0@7=1;1@0=3;1@1=2;1@2=1;1@4=1;1@5=3;1@3=1;2@0=1;2@1=1;2@2=2;2@5=3;2@6=1;2@7=1;2@3=4;2@9=1;3@0=2;3@1=2;3@2=1;3@5=1;3@3=2;3@8=1;4@0=3;4@2=3;4@4=3;4@5=1;4@6=2;4@3=3;4@9=1;4@8=1;5@1=1;5@2=1;5@3=2;5@8=3;6@0=1;6@1=2;6@2=5;6@4=4;6@5=1;6@6=2;6@7=1;6@3=1;6@9=1;7@0=1;7@1=2;7@4=1;7@5=1;7@6=1;7@9=1;8@1=1;8@2=2;8@4=1;8@7=2;8@9=2;9@1=2;9@4=3;9@5=2;9@6=1;9@8=1,"0,1,2,4,5,6,7,3,9,8",113,64,64,0,1.0,-0.06885061093131312,0.0,0.031149389068686896,0.0,0.0,0.1,0.0014748573303222656,Feasible
1332,1331,6,0,6,"REMOVE:0,5;REMOVE:1,0;REMOVE:1,4;REMOVE:4,6;REMOVE:7,4;REMOVE:8,1",0:5|7;1:0|1|4;2:1|2;3:1|2;4:2|6;5:2|6;6:0|4|9;7:1|4|5;8:1|2;9:1|2,0:7;1:1;2:1|2;3:1|2;4:2;5:2|6;6:0|4|9;7:1|5;8:2;9:1|2,0@0=1;0@1=3;0@3=1;0@4=4;0@6=1;0@7=2;0@9=2;1@9=1;2@0=1;2@1=2;2@3=1;2@4=2;2@6=1;2@7=1;2@9=2;2@2=1;3@1=1;3@4=3;3@6=2;3@5=2;4@0=2;4@4=1;4@7=1;4@9=1;4@2=2;4@8=1;5@0=2;5@1=1;5@4=1;5@6=1;5@7=2;5@2=2;5@8=1;6@0=1;6@1=3;6@4=1;6@6=1;6@9=1;6@2=1;6@8=1;7@3=5;7@7=1;7@9=1;7@5=2;8@7=1;8@9=1;8@2=1;8@5=1;9@0=1;9@1=1;9@2=1;9@8=1,"0,1,3,4,6,7,9,2,5,8",78,52,52,0,1.0,0.2853369229930878,0.2608695652173913,0.024467357775696554,0.0,0.0,0.0,0.008968114852905273,Feasible
1333,1332,4,3,1,"ADD:1,0;ADD:1,4;ADD:8,1;REMOVE:3,1",0:7;1:1;2:1|2;3:1|2;4:2;5:2|6;6:0|4|9;7:1|5;8:2;9:1|2,0:7;1:0|1|4;2:1|2;3:2;4:2;5:2|6;6:0|4|9;7:1|5;8:1|2;9:1|2,0@1=1;0@2=1;0@4=1;0@6=2;0@8=2;0@9=2;1@1=2;1@4=1;1@6=1;1@9=2;1@0=2;2@1=2;2@2=4;2@4=2;2@6=3;2@8=2;2@5=1;2@7=1;3@2=1;3@4=1;4@2=1;4@4=1;4@0=1;4@5=2;4@7=1;4@3=2;5@1=2;5@2=3;5@4=1;5@6=2;5@8=1;5@9=1;5@0=2;5@5=1;5@7=1;6@1=2;6@2=3;6@4=4;6@6=2;6@5=1;6@7=3;6@3=1;7@2=2;7@9=1;7@5=1;7@7=1;8@1=1;8@2=2;8@4=2;8@6=1;8@0=1;8@7=1;8@3=1;9@1=1;9@2=3;9@4=1;9@6=1;9@9=1;9@0=2;9@5=1;9@3=1,"1,2,4,6,8,9,0,5,7,3",97,61,61,0,1.0,-0.2113917007820407,0.058823529411764705,0.029784769806194634,0.0,0.0,0.30000000000000004,0.003131866455078125,Feasible
1334,1333,4,2,2,"ADD:4,6;ADD:7,4;REMOVE:1,0;REMOVE:9,1",0:7;1:0|1|4;2:1|2;3:2;4:2;5:2|6;6:0|4|9;7:1|5;8:1|2;9:1|2,0:7;1:1|4;2:1|2;3:2;4:2|6;5:2|6;6:0|4|9;7:1|4|5;8:1|2;9:2,0@0=2;0@2=1;0@3=2;0@4=4;0@6=1;1@4=1;1@7=1;1@8=2;1@9=1;2@2=1;2@3=1;2@6=2;2@1=3;2@5=2;3@0=1;3@4=2;3@8=3;3@9=1;3@5=2;4@2=3;4@3=2;4@4=2;4@6=1;4@1=2;5@0=1;5@2=2;5@3=2;5@4=4;5@8=1;5@1=1;5@5=1;6@0=2;6@2=4;6@3=3;6@4=2;6@6=2;6@7=1;6@8=1;6@9=1;6@1=3;6@5=1;7@2=1;7@3=1;7@4=3;7@7=2;7@8=1;7@9=1;7@1=2;8@2=1;8@4=1;8@7=2;8@9=1;8@1=1;8@5=1;9@2=3;9@3=1;9@4=1;9@8=1;9@5=2,"0,2,3,4,6,7,8,9,1,5",101,59,59,0,1.0,-0.06825230259861595,0.10526315789473684,0.026484539506647226,0.0,0.0,0.2,0.004386186599731445,Feasible
1335,1334,4,4,0,"ADD:0,5;ADD:1,5;ADD:3,1;ADD:9,1",0:7;1:1|4;2:1|2;3:2;4:2|6;5:2|6;6:0|4|9;7:1|4|5;8:1|2;9:2,0:5|7;1:1|4|5;2:1|2;3:1|2;4:2|6;5:2|6;6:0|4|9;7:1|4|5;8:1|2;9:1|2,0@1=2;0@2=3;0@4=1;0@5=1;0@6=1;0@7=1;0@8=1;1@2=2;1@4=4;1@5=1;2@1=1;2@2=2;2@4=9;2@5=1;2@6=2;2@8=4;2@0=2;2@3=1;2@9=1;3@1=2;3@2=3;3@4=2;3@5=1;3@7=1;3@8=2;3@3=1;3@9=2;4@1=7;4@2=6;4@4=2;4@7=1;4@8=1;4@0=2;4@3=1;5@1=3;5@2=1;5@4=3;5@6=1;5@7=2;5@8=1;5@0=4;5@3=3;5@9=1;6@1=3;6@2=4;6@4=4;6@5=1;6@6=1;6@7=3;6@8=2;6@0=2;6@3=4;6@9=1;7@1=2;7@2=5;7@4=3;7@5=4;7@7=1;7@3=1;8@1=1;8@2=1;8@4=1;8@5=3;8@7=1;8@9=1;9@1=1;9@2=2;9@4=4;9@5=3;9@7=1;9@8=2;9@3=1;9@9=1,"1,2,4,5,6,7,8,0,3,9",157,73,73,0,1.0,-0.3726518554327658,0.0,0.027348144567234244,0.0,0.0,0.4,0.0015900135040283203,Feasible
1336,1335,3,1,2,"ADD:5,1;REMOVE:1,5;REMOVE:8,1",0:5|7;1:1|4|5;2:1|2;3:1|2;4:2|6;5:2|6;6:0|4|9;7:1|4|5;8:1|2;9:1|2,0:5|7;1:1|4;2:1|2;3:1|2;4:2|6;5:1|2|6;6:0|4|9;7:1|4|5;8:2;9:1|2,0@0=2;0@1=5;0@2=3;0@4=3;0@5=2;0@7=2;1@1=1;1@2=2;1@4=1;1@7=1;1@6=2;1@9=3;2@0=1;2@1=2;2@2=2;2@4=5;2@5=2;2@7=1;2@6=3;2@9=2;2@3=1;2@8=1;3@0=2;3@1=4;3@2=1;3@4=6;3@7=1;3@6=1;3@9=2;4@0=1;4@1=4;4@2=7;4@4=7;4@5=1;4@6=2;4@9=1;5@1=2;5@2=2;5@4=6;5@5=1;5@7=2;5@6=1;5@9=3;5@3=1;6@1=1;6@2=2;6@5=2;6@6=5;6@9=3;6@8=2;7@1=2;7@2=1;7@4=1;7@5=1;7@3=1;8@2=6;8@4=2;8@5=1;8@7=2;8@9=3;8@3=1;9@0=1;9@1=4;9@2=3;9@4=1;9@5=2;9@7=2;9@6=2,"0,1,2,4,5,7,6,9,3,8",156,68,68,0,1.0,0.01727011763954389,0.08695652173913043,0.030313595900413458,0.0,0.0,0.1,0.0045299530029296875,Feasible
1337,1336,5,2,3,"ADD:1,5;ADD:8,6;REMOVE:5,6;REMOVE:6,0;REMOVE:7,5",0:5|7;1:1|4;2:1|2;3:1|2;4:2|6;5:1|2|6;6:0|4|9;7:1|4|5;8:2;9:1|2,0:5|7;1:1|4|5;2:1|2;3:1|2;4:2|6;5:1|2;6:4|9;7:1|4;8:2|6;9:1|2,0@1=5;0@4=3;0@5=1;0@6=2;0@8=1;1@4=4;1@5=1;1@2=2;1@7=3;1@9=2;2@1=2;2@4=8;2@6=2;2@8=6;2@2=1;2@9=2;2@0=1;3@1=3;3@4=3;3@6=1;3@8=1;3@7=2;3@9=1;3@3=2;4@1=3;4@4=3;4@5=1;4@2=1;4@7=2;4@0=1;5@4=2;5@5=1;5@6=3;5@2=1;5@7=2;5@3=1;6@1=2;6@4=2;6@6=1;6@8=2;6@2=4;6@7=2;6@9=1;7@1=1;7@2=1;7@7=1;7@3=1;8@4=3;8@5=1;8@6=1;8@2=2;8@7=2;8@9=3;9@4=5;9@5=1;9@6=3;9@8=2;9@2=4;9@7=1;9@9=2;9@0=1,"1,4,5,6,8,2,7,9,0,3",129,61,61,0,1.0,-0.04323850643110838,0.13636363636363635,0.020397857205255266,0.0,0.0,0.2,0.0054531097412109375,Feasible
1338,1337,2,1,1,"ADD:6,0;REMOVE:0,5",0:5|7;1:1|4|5;2:1|2;3:1|2;4:2|6;5:1|2;6:4|9;7:1|4;8:2|6;9:1|2,0:7;1:1|4|5;2:1|2;3:1|2;4:2|6;5:1|2;6:0|4|9;7:1|4;8:2|6;9:1|2,0@0=1;0@1=4;0@2=2;0@3=1;0@4=4;0@6=2;1@1=2;1@2=3;1@3=1;1@4=2;1@6=3;1@5=2;1@7=1;1@8=1;1@9=1;2@0=1;2@1=2;2@2=5;2@3=1;2@4=3;2@5=1;2@7=1;2@8=2;3@0=1;3@4=2;3@6=1;3@5=1;4@0=1;4@1=4;4@2=2;4@3=2;4@4=1;4@5=1;4@7=1;4@8=2;4@9=2;5@1=1;5@2=4;5@4=2;5@5=1;5@8=2;6@0=1;6@1=1;6@2=1;6@3=2;6@4=2;6@5=1;6@7=2;6@8=1;6@9=1;7@1=2;7@2=2;7@3=1;7@4=3;7@6=1;7@7=2;8@0=1;8@1=1;8@2=2;8@3=2;8@4=2;8@6=1;8@7=1;9@0=2;9@1=2;9@2=4;9@3=2;9@4=2;9@5=1;9@9=1,"0,1,2,3,4,6,5,7,8,9",124,70,70,0,1.0,-0.02060749266675918,0.047619047619047616,0.03177345971419321,0.0,0.0,0.1,0.003145933151245117,Feasible
1339,1338,2,0,2,"REMOVE:1,4;REMOVE:7,1",0:7;1:1|4|5;2:1|2;3:1|2;4:2|6;5:1|2;6:0|4|9;7:1|4;8:2|6;9:1|2,0:7;1:1|5;2:1|2;3:1|2;4:2|6;5:1|2;6:0|4|9;7:4;8:2|6;9:1|2,0@0=1;0@2=2;0@3=1;0@4=1;0@6=1;0@7=1;1@2=2;1@7=2;1@1=1;1@8=1;2@2=7;2@4=3;2@6=2;2@8=1;3@4=2;3@6=1;3@1=1;3@5=1;3@9=2;4@0=1;4@2=4;4@3=1;4@4=3;4@1=1;4@8=1;4@5=1;4@9=1;5@0=2;5@2=1;5@4=5;5@6=3;5@1=2;5@8=1;5@9=1;6@0=2;6@2=2;6@3=1;6@4=1;6@6=2;6@7=1;6@1=1;6@8=2;6@5=2;6@9=1;7@2=1;7@4=2;8@0=1;8@2=3;8@4=1;8@6=2;9@0=1;9@2=1;9@3=1;9@4=7;9@1=4;9@8=3;9@9=1,"0,2,3,4,6,7,1,8,5,9",104,57,57,0,1.0,0.1273274486904829,0.09523809523809523,0.032089353452387684,0.0,0.0,0.0,0.004207134246826172,Feasible
1340,1339,3,3,0,"ADD:1,4;ADD:7,0;ADD:7,9",0:7;1:1|5;2:1|2;3:1|2;4:2|6;5:1|2;6:0|4|9;7:4;8:2|6;9:1|2,0:7;1:1|4|5;2:1|2;3:1|2;4:2|6;5:1|2;6:0|4|9;7:0|4|9;8:2|6;9:1|2,0@0=1;0@1=2;0@2=2;0@3=2;0@6=1;0@7=2;0@8=3;0@9=3;1@0=1;1@2=2;1@6=1;1@7=2;1@8=1;1@4=4;2@0=1;2@1=1;2@2=5;2@3=1;2@6=1;2@7=3;2@8=1;2@9=4;2@4=5;2@5=1;3@1=2;3@2=3;3@7=3;3@8=4;3@9=2;4@1=2;4@2=3;4@3=1;4@6=1;4@7=1;4@8=2;4@9=2;4@4=7;5@1=1;5@2=3;5@6=2;5@4=1;6@1=3;6@2=3;6@8=1;6@9=2;6@4=2;6@5=1;7@0=2;7@9=1;7@4=1;7@5=1;8@1=1;8@2=1;8@6=1;8@7=1;8@9=2;8@4=1;9@0=2;9@2=1;9@3=2;9@6=1;9@7=1;9@8=1;9@9=1;9@4=2;9@5=1,"0,1,2,3,6,7,8,9,4,5",126,66,66,0,1.0,-0.27272661469056275,0.0,0.02727338530943729,0.0,0.0,0.30000000000000004,0.0014948844909667969,Feasible
1341,1340,1,1,0,"ADD:0,5",0:7;1:1|4|5;2:1|2;3:1|2;4:2|6;5:1|2;6:0|4|9;7:0|4|9;8:2|6;9:1|2,0:5|7;1:1|4|5;2:1|2;3:1|2;4:2|6;5:1|2;6:0|4|9;7:0|4|9;8:2|6;9:1|2,0@0=1;0@2=3;0@4=5;0@5=2;0@6=1;0@7=2;0@8=1;1@2=1;1@4=5;1@5=1;1@7=1;1@1=2;1@9=1;2@0=2;2@4=3;2@6=1;2@7=4;2@8=1;2@1=2;2@9=1;2@3=1;3@0=2;3@2=2;3@4=4;3@5=1;3@1=2;3@9=2;3@3=1;4@0=2;4@2=3;4@4=1;4@5=1;4@6=1;4@8=4;4@1=1;4@9=1;4@3=1;5@0=2;5@2=3;5@4=5;5@5=3;5@8=1;5@1=2;6@0=3;6@2=3;6@5=2;6@6=1;6@7=1;6@8=1;6@1=3;6@9=1;6@3=1;7@0=1;7@2=1;7@5=1;7@6=1;7@1=1;7@9=1;7@3=1;8@0=2;8@2=1;8@4=3;8@5=2;8@6=1;8@1=3;8@9=2;8@3=2;9@2=2;9@4=7;9@5=1;9@7=1;9@1=1;9@9=1;9@3=2,"0,2,4,5,6,7,8,1,9,3",140,74,74,0,1.0,-0.07185472642597239,0.0,0.02814527357402762,0.0,0.0,0.1,0.0016090869903564453,Feasible
1342,1341,2,1,1,"ADD:4,9;REMOVE:5,1",0:5|7;1:1|4|5;2:1|2;3:1|2;4:2|6;5:1|2;6:0|4|9;7:0|4|9;8:2|6;9:1|2,0:5|7;1:1|4|5;2:1|2;3:1|2;4:2|6|9;5:2;6:0|4|9;7:0|4|9;8:2|6;9:1|2,0@0=1;0@1=2;0@2=1;0@3=1;0@4=5;0@5=1;0@6=4;0@7=1;0@9=3;1@0=1;1@1=2;1@2=3;1@3=1;1@4=2;1@5=1;1@6=1;1@7=2;1@9=2;2@0=3;2@1=4;2@2=1;2@3=3;2@4=4;2@8=2;3@0=5;3@2=3;3@4=4;3@5=1;3@6=1;3@7=4;3@9=3;4@0=2;4@1=2;4@2=2;4@3=1;4@4=3;4@5=1;4@6=2;4@7=2;4@9=2;4@8=2;5@2=4;5@4=1;5@5=1;5@7=2;5@9=2;6@0=1;6@1=2;6@2=5;6@3=2;6@4=4;6@5=1;6@7=3;6@9=2;6@8=2;7@0=2;7@1=2;7@2=1;7@4=2;7@5=1;7@8=3;8@0=1;8@1=1;8@2=2;8@3=1;8@4=2;8@5=1;9@0=2;9@1=1;9@3=2;9@4=5;9@5=4;9@6=1;9@7=3,"0,1,2,3,4,5,6,7,9,8",160,74,74,0,1.0,-0.03175743035059195,0.043478260869565216,0.02476430877984285,0.0,0.0,0.1,0.0033578872680664062,Feasible
1343,1342,3,1,2,"ADD:5,1;REMOVE:4,9;REMOVE:8,6",0:5|7;1:1|4|5;2:1|2;3:1|2;4:2|6|9;5:2;6:0|4|9;7:0|4|9;8:2|6;9:1|2,0:5|7;1:1|4|5;2:1|2;3:1|2;4:2|6;5:1|2;6:0|4|9;7:0|4|9;8:2;9:1|2,0@0=4;0@2=1;0@4=2;0@5=2;0@7=1;0@9=2;1@2=4;1@4=2;1@5=1;1@9=1;1@1=3;1@6=1;1@8=2;2@0=2;2@2=4;2@4=5;2@5=2;2@9=1;2@1=3;3@2=8;3@4=1;3@7=1;3@9=1;3@1=4;3@6=1;3@3=2;4@2=1;4@4=4;4@5=2;4@7=1;4@1=4;4@6=5;4@8=2;5@2=2;5@4=3;5@9=1;5@1=1;5@6=1;5@8=1;5@3=1;6@0=1;6@2=2;6@4=5;6@5=1;6@7=2;6@9=1;6@1=3;6@6=3;6@8=2;7@0=1;7@2=1;7@4=2;7@7=2;7@9=1;7@1=1;7@6=1;7@3=1;8@2=1;8@4=1;8@7=1;8@8=1;8@3=1;9@0=3;9@2=1;9@4=4;9@7=1;9@9=4;9@1=4;9@3=1,"0,2,4,5,7,9,1,6,8,3",143,69,69,0,1.0,0.024301768994182002,0.08695652173913043,0.037345247255051575,0.0,0.0,0.1,0.004487752914428711,Feasible
1344,1343,2,1,1,"ADD:8,6;REMOVE:0,5",0:5|7;1:1|4|5;2:1|2;3:1|2;4:2|6;5:1|2;6:0|4|9;7:0|4|9;8:2;9:1|2,0:7;1:1|4|5;2:1|2;3:1|2;4:2|6;5:1|2;6:0|4|9;7:0|4|9;8:2|6;9:1|2,0@1=1;0@2=3;0@4=2;0@7=1;0@8=1;0@9=1;1@1=1;1@2=1;1@4=1;1@8=1;1@0=3;1@5=1;2@1=3;2@2=2;2@4=3;2@9=1;2@5=3;2@3=1;3@1=1;3@2=7;3@4=3;3@8=1;3@9=1;3@0=1;3@5=2;3@3=1;3@6=4;4@1=4;4@2=4;4@4=1;4@7=3;4@8=1;4@9=2;4@0=1;4@3=1;4@6=1;5@1=1;5@2=4;5@4=2;5@7=1;5@9=1;5@0=1;5@5=1;6@1=1;6@2=2;6@4=2;6@7=2;6@9=3;6@5=3;6@3=1;7@1=1;7@7=1;7@8=1;7@0=1;7@3=1;8@2=2;8@9=1;8@5=2;8@6=1;9@1=3;9@4=3;9@7=3;9@8=1;9@9=3;9@0=3;9@5=2;9@3=1;9@6=1,"1,2,4,7,8,9,0,5,3,6",125,68,68,0,1.0,-0.025185710865474414,0.045454545454545456,0.029359743679980135,0.0,0.0,0.1,0.0030748844146728516,Feasible
1345,1344,1,0,1,"REMOVE:4,6",0:7;1:1|4|5;2:1|2;3:1|2;4:2|6;5:1|2;6:0|4|9;7:0|4|9;8:2|6;9:1|2,0:7;1:1|4|5;2:1|2;3:1|2;4:2;5:1|2;6:0|4|9;7:0|4|9;8:2|6;9:1|2,0@1=1;0@2=3;0@4=3;0@6=2;0@9=1;1@2=2;1@4=1;1@9=1;1@0=1;1@3=1;1@7=1;2@1=1;2@2=3;2@4=6;2@6=1;2@9=2;2@0=1;2@3=1;2@7=1;3@1=1;3@2=2;3@4=4;3@6=2;3@9=1;3@0=2;3@3=1;3@7=1;3@5=1;3@8=2;4@2=1;4@4=1;4@9=5;4@0=3;4@3=4;4@5=3;4@8=4;5@1=2;5@2=3;5@4=1;5@9=1;5@0=2;5@3=1;5@7=2;5@5=1;5@8=2;6@1=2;6@2=3;6@4=3;6@9=6;6@3=2;6@5=2;7@2=3;7@4=2;7@3=1;7@7=1;7@5=3;8@1=2;8@2=1;8@4=2;8@9=1;8@0=1;8@7=1;9@1=3;9@2=3;9@4=3;9@9=2;9@0=3;9@5=1,"1,2,4,6,9,0,3,7,5,8",137,68,68,0,1.0,0.06795744544626006,0.045454545454545456,0.02250289999171461,0.0,0.0,0.0,0.0031938552856445312,Feasible
1346,1345,2,1,1,"ADD:4,1;REMOVE:7,9",0:7;1:1|4|5;2:1|2;3:1|2;4:2;5:1|2;6:0|4|9;7:0|4|9;8:2|6;9:1|2,0:7;1:1|4|5;2:1|2;3:1|2;4:1|2;5:1|2;6:0|4|9;7:0|4;8:2|6;9:1|2,0@0=3;0@1=3;0@3=1;0@4=4;0@6=1;0@7=1;1@0=3;1@1=1;1@4=2;1@2=1;1@5=2;1@8=1;1@9=2;2@1=3;2@4=4;2@7=1;2@2=4;2@9=2;3@0=2;3@1=1;3@3=3;3@4=1;3@6=1;3@7=1;3@2=2;3@8=1;3@9=1;4@1=2;4@3=1;4@4=4;4@6=2;4@7=2;4@2=4;4@5=3;4@8=1;5@1=1;5@3=1;5@6=1;5@7=3;5@2=2;5@5=1;5@8=1;5@9=1;6@0=2;6@1=1;6@3=1;6@4=1;6@6=3;6@7=1;6@2=2;6@9=2;7@0=1;7@4=1;7@6=2;7@7=4;8@0=2;8@1=1;8@3=1;8@4=2;8@7=1;8@2=4;8@9=1;9@1=4;9@4=3;9@6=1;9@2=1;9@5=1;9@8=4;9@9=1,"0,1,3,4,6,7,2,5,8,9",130,69,69,0,1.0,-0.01982844480464427,0.047619047619047616,0.032552507576308114,0.0,0.0,0.1,0.003180980682373047,Feasible
1347,1346,2,1,1,"ADD:0,5;REMOVE:1,5",0:7;1:1|4|5;2:1|2;3:1|2;4:1|2;5:1|2;6:0|4|9;7:0|4;8:2|6;9:1|2,0:5|7;1:1|4;2:1|2;3:1|2;4:1|2;5:1|2;6:0|4|9;7:0|4;8:2|6;9:1|2,0@2=1;0@4=2;0@5=3;0@6=1;0@7=1;0@8=1;0@9=2;1@2=1;1@4=2;1@1=1;2@2=3;2@4=2;2@5=1;2@6=3;2@7=1;2@8=1;2@1=2;2@0=1;2@3=3;3@2=2;3@4=4;3@5=1;3@8=1;3@9=2;3@1=2;4@2=4;4@4=1;4@6=2;4@8=2;4@9=3;4@1=3;4@0=1;5@2=1;5@4=1;5@6=2;5@8=1;5@1=1;5@0=2;5@3=2;6@2=2;6@4=4;6@6=1;6@8=1;6@9=1;6@1=2;6@0=3;7@4=2;7@6=1;7@7=1;7@0=1;8@2=3;8@4=2;8@5=1;8@1=1;8@0=1;8@3=1;9@2=2;9@4=1;9@6=2;9@8=1,"2,4,5,6,7,8,9,1,0,3",104,60,60,0,1.0,-0.012655359933098104,0.047619047619047616,0.039725592447854285,0.0,0.0,0.1,0.003033161163330078,Feasible
1348,1347,2,1,1,"ADD:1,5;REMOVE:7,0",0:5|7;1:1|4;2:1|2;3:1|2;4:1|2;5:1|2;6:0|4|9;7:0|4;8:2|6;9:1|2,0:5|7;1:1|4|5;2:1|2;3:1|2;4:1|2;5:1|2;6:0|4|9;7:4;8:2|6;9:1|2,0@0=3;0@1=2;0@2=2;0@3=1;0@4=1;0@5=2;0@6=2;0@7=1;0@8=3;1@2=7;1@3=1;1@5=1;1@6=2;1@7=1;1@8=4;1@9=2;2@0=2;2@1=4;2@2=8;2@4=6;2@5=1;2@6=2;2@8=1;2@9=2;3@0=1;3@1=2;3@2=5;3@3=4;3@4=2;3@5=2;3@6=1;3@7=1;3@8=1;4@1=3;4@2=5;4@3=1;4@4=5;4@5=3;4@7=2;5@0=1;5@1=4;5@2=3;5@4=9;5@5=1;5@6=1;5@7=2;5@9=1;6@0=2;6@1=3;6@2=3;6@4=6;6@6=2;6@7=1;6@8=3;6@9=1;7@2=1;7@4=1;7@6=1;7@8=1;8@0=1;8@1=2;8@2=1;8@3=1;8@4=4;8@5=1;8@6=1;8@7=1;8@9=2;9@2=3;9@3=1;9@4=4;9@5=2;9@6=4;9@8=2;9@9=5,"0,1,2,3,4,5,6,7,8,9",181,75,75,0,1.0,-0.02479862414078017,0.047619047619047616,0.027582328240172215,0.0,0.0,0.1,0.003270864486694336,Feasible
1349,1348,1,1,0,"ADD:7,1",0:5|7;1:1|4|5;2:1|2;3:1|2;4:1|2;5:1|2;6:0|4|9;7:4;8:2|6;9:1|2,0:5|7;1:1|4|5;2:1|2;3:1|2;4:1|2;5:1|2;6:0|4|9;7:1|4;8:2|6;9:1|2,0@0=3;0@1=5;0@2=4;0@3=3;0@4=1;0@5=3;0@6=2;0@8=5;0@9=1;1@0=1;1@1=2;1@2=4;1@4=3;1@6=2;1@9=2;1@7=1;2@0=2;2@1=4;2@2=8;2@3=1;2@4=5;2@5=1;2@6=1;2@8=3;2@9=4;3@0=1;3@2=6;3@3=2;3@4=1;3@5=1;3@8=2;3@9=1;4@0=3;4@1=2;4@2=6;4@3=3;4@4=7;4@5=1;4@6=2;4@8=1;4@9=1;4@7=2;5@0=2;5@1=3;5@2=3;5@3=2;5@4=5;5@6=2;5@8=2;5@7=1;6@0=6;6@1=7;6@2=5;6@3=5;6@4=5;6@5=4;6@6=1;6@8=2;6@7=2;7@1=2;7@2=1;7@4=4;7@7=2;8@1=2;8@2=2;8@4=4;8@5=2;8@6=1;8@9=1;9@0=2;9@2=5;9@3=1;9@4=4;9@5=2;9@6=2;9@8=1;9@9=2,"0,1,2,3,4,5,6,8,9,7",210,77,77,0,1.0,-0.06926056559941009,0.0,0.03073943440058992,0.0,0.0,0.1,0.0015747547149658203,Feasible
1350,1349,2,1,1,"ADD:7,0;REMOVE:1,5",0:5|7;1:1|4|5;2:1|2;3:1|2;4:1|2;5:1|2;6:0|4|9;7:1|4;8:2|6;9:1|2,0:5|7;1:1|4;2:1|2;3:1|2;4:1|2;5:1|2;6:0|4|9;7:0|1|4;8:2|6;9:1|2,0@0=4;0@1=1;0@2=8;0@3=2;0@4=4;0@5=1;0@7=1;0@8=2;0@9=3;1@1=1;1@2=3;1@4=1;1@7=1;1@6=2;2@0=1;2@1=2;2@2=2;2@3=3;2@4=2;2@7=2;2@8=3;2@9=1;3@0=1;3@1=1;3@4=1;3@8=1;3@6=1;4@0=1;4@1=3;4@2=2;4@3=1;4@4=7;4@5=3;4@8=1;4@6=2;5@0=1;5@1=4;5@2=4;5@3=1;5@4=2;5@5=1;5@7=1;5@8=3;5@9=2;5@6=2;6@0=1;6@1=5;6@2=3;6@3=1;6@5=2;6@8=1;6@9=1;6@6=1;7@0=1;7@1=3;7@2=1;7@3=1;7@8=1;7@9=1;8@1=1;8@2=2;8@3=1;8@7=1;9@1=2;9@2=3;9@4=5;9@7=1;9@9=1,"0,1,2,3,4,5,7,8,9,6",136,68,68,0,1.0,-0.027979435276922343,0.045454545454545456,0.0265660192685322,0.0,0.0,0.1,0.0030639171600341797,Feasible
1351,1350,2,1,1,"ADD:1,0;REMOVE:7,4",0:5|7;1:1|4;2:1|2;3:1|2;4:1|2;5:1|2;6:0|4|9;7:0|1|4;8:2|6;9:1|2,0:5|7;1:0|1|4;2:1|2;3:1|2;4:1|2;5:1|2;6:0|4|9;7:0|1;8:2|6;9:1|2,0@0=2;0@1=1;0@2=4;0@4=8;0@5=2;0@6=1;0@7=1;0@8=2;0@9=1;1@0=2;1@1=3;1@2=2;1@5=3;1@6=1;1@3=1;2@1=2;2@2=4;2@4=2;2@5=1;2@6=2;2@9=2;2@3=1;3@0=1;3@1=3;3@2=6;3@4=3;3@6=2;3@7=2;3@3=1;4@1=5;4@4=5;4@5=1;4@7=3;4@8=2;4@9=3;4@3=3;5@0=1;5@1=2;5@2=1;5@4=3;5@5=1;5@6=1;5@8=1;5@9=2;6@0=2;6@1=3;6@2=4;6@4=6;6@7=2;6@8=1;6@3=1;7@0=2;7@2=1;7@6=1;7@8=1;7@9=2;7@3=3;8@0=2;8@1=2;8@2=4;8@4=2;8@5=1;8@3=1;9@0=1;9@1=1;9@4=2;9@5=1;9@6=1;9@7=2;9@8=2;9@3=3,"0,1,2,4,5,6,7,8,9,3",154,71,71,0,1.0,-0.025592864105944413,0.045454545454545456,0.028952590439510144,0.0,0.0,0.1,0.0031642913818359375,Feasible
1352,1351,2,1,1,"ADD:7,4;REMOVE:8,6",0:5|7;1:0|1|4;2:1|2;3:1|2;4:1|2;5:1|2;6:0|4|9;7:0|1;8:2|6;9:1|2,0:5|7;1:0|1|4;2:1|2;3:1|2;4:1|2;5:1|2;6:0|4|9;7:0|1|4;8:2;9:1|2,0@1=1;0@3=2;0@4=3;0@5=2;0@7=2;0@8=2;0@9=1;1@1=2;1@4=2;1@8=1;1@0=1;1@2=1;2@1=3;2@3=1;2@4=5;2@5=1;2@7=2;2@8=2;2@0=2;2@2=3;3@1=2;3@4=5;3@5=1;3@7=1;3@8=1;3@9=2;3@0=1;3@6=3;4@1=2;4@3=1;4@4=4;4@5=2;4@7=2;4@8=2;4@2=3;5@1=3;5@3=2;5@4=3;5@5=1;5@7=2;5@8=2;5@0=1;5@2=1;5@6=2;6@1=2;6@3=2;6@4=5;6@7=1;6@8=4;6@0=1;6@2=2;6@6=2;7@4=2;7@5=1;7@8=1;7@2=2;7@6=1;8@4=3;8@8=1;8@9=1;8@0=1;8@2=2;9@1=2;9@3=1;9@4=4;9@5=2;9@7=2;9@0=2;9@2=4;9@6=3,"1,3,4,5,7,8,9,0,2,6",142,70,70,0,1.0,-0.024182227285976715,0.045454545454545456,0.03036322725947783,0.0,0.0,0.1,0.0030939579010009766,Feasible
1353,1352,1,0,1,"REMOVE:1,0",0:5|7;1:0|1|4;2:1|2;3:1|2;4:1|2;5:1|2;6:0|4|9;7:0|1|4;8:2;9:1|2,0:5|7;1:1|4;2:1|2;3:1|2;4:1|2;5:1|2;6:0|4|9;7:0|1|4;8:2;9:1|2,0@0=1;0@1=3;0@2=2;0@3=3;0@4=2;0@8=1;0@9=1;1@1=2;1@4=1;1@8=1;1@9=2;2@0=1;2@1=1;2@2=1;2@9=2;2@7=2;3@0=1;3@2=1;3@8=2;3@7=2;3@6=2;4@1=1;4@2=3;4@3=1;4@4=1;4@8=1;4@9=1;4@7=2;4@5=1;5@1=1;5@2=4;5@3=2;5@4=2;6@1=1;6@2=3;6@4=2;6@8=1;6@7=1;7@2=2;7@9=1;7@5=1;8@2=2;8@8=1;9@0=1;9@1=1;9@2=5;9@3=1;9@4=1;9@7=2;9@5=3,"0,1,2,3,4,8,9,7,6,5",83,50,50,0,1.0,0.07566388054401596,0.045454545454545456,0.030209335089470508,0.0,0.0,0.0,0.0028069019317626953,Feasible
1354,1353,3,2,1,"ADD:1,0;ADD:8,6;REMOVE:7,0",0:5|7;1:1|4;2:1|2;3:1|2;4:1|2;5:1|2;6:0|4|9;7:0|1|4;8:2;9:1|2,0:5|7;1:0|1|4;2:1|2;3:1|2;4:1|2;5:1|2;6:0|4|9;7:1|4;8:2|6;9:1|2,0@0=1;0@1=2;0@2=5;0@3=1;0@4=2;0@5=2;0@6=1;0@7=1;0@8=1;0@9=2;1@0=1;1@1=1;1@3=1;1@4=2;1@6=2;2@0=1;2@1=3;2@2=3;2@4=2;2@5=2;2@6=1;2@9=2;3@1=2;3@2=2;3@3=1;3@4=4;3@5=1;3@8=1;3@9=3;4@0=1;4@1=2;4@2=4;4@4=1;4@5=2;4@6=4;4@7=2;4@8=2;4@9=1;5@0=1;5@1=1;5@2=2;5@3=1;5@4=4;5@5=1;5@6=1;5@7=1;5@9=1;6@0=2;6@1=3;6@2=4;6@3=3;6@4=6;6@5=2;6@8=2;6@9=1;7@1=1;7@2=2;7@4=3;7@8=1;7@9=1;8@0=1;8@2=2;8@4=2;8@6=1;9@2=6;9@3=3;9@4=3;9@5=1;9@6=3;9@7=3;9@8=2,"0,1,2,3,4,5,6,7,8,9",143,71,71,0,1.0,-0.12020995477829532,0.047619047619047616,0.03217099760265708,0.0,0.0,0.2,0.003170013427734375,Feasible
1355,1354,1,1,0,"ADD:7,5",0:5|7;1:0|1|4;2:1|2;3:1|2;4:1|2;5:1|2;6:0|4|9;7:1|4;8:2|6;9:1|2,0:5|7;1:0|1|4;2:1|2;3:1|2;4:1|2;5:1|2;6:0|4|9;7:1|4|5;8:2|6;9:1|2,0@0=2;0@1=3;0@2=6;0@3=2;0@4=1;0@5=2;0@6=1;0@7=4;0@8=1;0@9=1;1@0=1;1@1=7;1@2=2;1@4=4;1@5=1;1@6=1;1@7=1;1@8=1;1@9=2;2@0=1;2@1=4;2@2=3;2@3=4;2@5=2;2@6=1;2@7=4;2@8=5;2@9=2;3@0=2;3@1=2;3@2=2;3@3=1;3@4=3;3@5=2;3@7=1;3@8=2;3@9=3;4@0=1;4@1=3;4@2=5;4@3=1;4@4=3;4@5=6;4@6=2;4@7=1;4@8=2;4@9=2;5@0=1;5@1=5;5@2=3;5@3=4;5@4=3;5@6=1;5@7=1;5@8=1;5@9=4;6@0=5;6@1=2;6@2=5;6@3=1;6@4=4;6@5=3;6@7=2;6@8=3;6@9=2;7@1=1;7@2=1;7@3=1;7@4=4;7@5=2;7@6=1;7@8=1;7@9=3;8@0=1;8@1=1;8@2=3;8@3=1;8@4=2;8@7=2;9@0=2;9@1=4;9@2=2;9@3=1;9@4=3;9@5=4;9@6=2;9@7=1;9@8=3;9@9=3,"0,1,2,3,4,5,6,7,8,9",212,89,89,0,1.0,-0.06727557695761102,0.0,0.03272442304238898,0.0,0.0,0.1,0.0016019344329833984,Feasible
1356,1355,3,1,2,"ADD:2,0;REMOVE:7,4;REMOVE:7,5",0:5|7;1:0|1|4;2:1|2;3:1|2;4:1|2;5:1|2;6:0|4|9;7:1|4|5;8:2|6;9:1|2,0:5|7;1:0|1|4;2:0|1|2;3:1|2;4:1|2;5:1|2;6:0|4|9;7:1;8:2|6;9:1|2,0@0=1;0@1=4;0@4=3;0@5=3;0@7=2;0@8=2;1@0=1;1@1=1;1@4=2;1@8=1;1@2=1;1@6=5;1@9=1;2@1=3;2@4=3;2@5=1;2@8=1;2@2=3;2@6=2;2@3=2;3@0=2;3@1=2;3@4=1;3@5=2;3@7=1;3@8=2;3@2=3;3@6=1;3@9=1;4@0=1;4@1=3;4@4=6;4@5=1;4@7=3;4@8=2;4@2=2;4@9=3;5@0=1;5@1=2;5@4=1;5@7=2;5@8=2;5@6=1;6@1=2;6@4=2;6@5=4;6@7=1;6@8=1;6@2=8;6@6=1;6@9=1;7@1=1;7@8=1;7@6=1;7@9=1;7@3=2;8@1=1;8@4=1;8@5=1;8@2=3;8@9=1;9@1=2;9@4=2;9@5=1;9@8=1;9@2=2;9@6=3;9@9=1,"0,1,4,5,7,8,2,6,9,3",132,68,68,0,1.0,0.015146693264388694,0.08695652173913043,0.02819017152525827,0.0,0.0,0.1,0.004509925842285156,Feasible
1357,1356,3,2,1,"ADD:7,0;ADD:7,4;REMOVE:2,0",0:5|7;1:0|1|4;2:0|1|2;3:1|2;4:1|2;5:1|2;6:0|4|9;7:1;8:2|6;9:1|2,0:5|7;1:0|1|4;2:1|2;3:1|2;4:1|2;5:1|2;6:0|4|9;7:0|1|4;8:2|6;9:1|2,0@0=2;0@3=1;0@4=5;0@5=2;0@7=3;0@8=1;1@4=3;1@5=1;1@7=1;1@8=2;1@2=2;1@9=1;2@0=2;2@3=1;2@4=2;2@5=2;2@7=1;2@8=1;2@2=4;2@9=1;2@1=3;2@6=1;3@4=5;3@7=1;3@2=3;3@9=2;3@1=3;3@6=1;4@3=3;4@4=2;4@5=1;4@7=2;4@8=1;4@2=7;4@9=1;4@1=2;4@6=2;5@0=2;5@3=1;5@4=3;5@5=3;5@7=3;5@8=2;5@2=5;5@9=1;5@6=3;6@0=1;6@3=1;6@4=6;6@8=3;6@2=5;6@9=1;6@1=1;6@6=1;7@0=2;7@3=1;7@4=4;7@7=2;7@1=2;7@6=1;8@0=2;8@3=1;8@4=2;8@8=1;9@4=1;9@5=1;9@7=2;9@8=1;9@2=3;9@1=1;9@6=1,"0,3,4,5,7,8,2,9,1,6",148,71,71,0,1.0,-0.11707743196447754,0.045454545454545456,0.03746802258097703,0.0,0.0,0.2,0.0031769275665283203,Feasible
1358,1357,1,0,1,"REMOVE:7,0",0:5|7;1:0|1|4;2:1|2;3:1|2;4:1|2;5:1|2;6:0|4|9;7:0|1|4;8:2|6;9:1|2,0:5|7;1:0|1|4;2:1|2;3:1|2;4:1|2;5:1|2;6:0|4|9;7:1|4;8:2|6;9:1|2,0@0=2;0@1=3;0@2=2;0@3=3;0@4=2;0@5=2;0@6=1;0@7=1;0@8=2;1@0=1;1@1=1;1@2=2;1@4=2;1@6=1;1@9=1;2@1=4;2@2=6;2@3=1;2@4=3;2@6=1;2@8=2;2@9=2;3@2=1;3@3=1;3@4=3;3@6=4;3@7=3;3@8=1;4@1=3;4@2=5;4@4=2;4@6=1;4@7=1;4@8=1;4@9=2;5@0=2;5@1=3;5@2=2;5@3=1;5@4=1;5@5=1;5@6=3;5@7=2;5@8=2;5@9=3;6@0=1;6@1=4;6@3=2;6@4=5;6@7=1;7@2=2;7@3=1;7@4=3;7@8=1;7@9=2;8@2=1;8@4=2;8@5=2;8@6=2;8@7=1;8@8=2;8@9=1;9@1=1;9@2=1;9@4=1;9@6=1;9@8=2;9@9=1,"0,1,2,3,4,5,6,7,8,9",133,68,68,0,1.0,0.07641338293804797,0.043478260869565216,0.03293512206848276,0.0,0.0,0.0,0.003072023391723633,Feasible
1359,1358,4,0,4,"REMOVE:0,5;REMOVE:1,4;REMOVE:7,1;REMOVE:9,1",0:5|7;1:0|1|4;2:1|2;3:1|2;4:1|2;5:1|2;6:0|4|9;7:1|4;8:2|6;9:1|2,0:7;1:0|1;2:1|2;3:1|2;4:1|2;5:1|2;6:0|4|9;7:4;8:2|6;9:2,0@0=1;0@1=3;0@2=1;0@4=4;0@6=2;0@7=2;0@8=3;1@1=3;1@2=3;1@6=1;1@8=1;1@5=1;1@9=1;2@0=3;2@1=3;2@2=1;2@4=4;2@8=3;2@5=1;2@9=3;2@3=1;3@0=1;3@1=2;3@4=2;3@6=3;3@3=2;4@0=1;4@1=1;4@2=2;4@4=2;4@8=4;4@5=3;4@9=2;5@0=1;5@1=2;5@2=3;5@4=2;5@6=1;5@7=1;5@5=1;5@9=1;6@1=3;6@2=3;6@4=1;6@8=1;6@5=2;6@9=1;6@3=1;7@2=2;7@4=1;7@6=1;7@7=1;8@0=1;8@1=1;8@2=2;8@4=3;8@6=1;8@8=1;9@2=1;9@4=1;9@5=1;9@3=2,"0,1,2,4,6,7,8,5,9,3",113,62,62,0,1.0,0.2048657137885064,0.18181818181818182,0.02304753197032459,0.0,0.0,0.0,0.0065920352935791016,Feasible
1360,1359,5,4,1,"ADD:1,4;ADD:7,0;ADD:7,3;ADD:9,1;REMOVE:6,0",0:7;1:0|1;2:1|2;3:1|2;4:1|2;5:1|2;6:0|4|9;7:4;8:2|6;9:2,0:7;1:0|1|4;2:1|2;3:1|2;4:1|2;5:1|2;6:4|9;7:0|3|4;8:2|6;9:1|2,0@2=3;0@3=2;0@4=3;0@9=1;1@3=1;1@4=3;1@9=1;1@1=1;1@6=1;2@2=5;2@3=2;2@4=1;2@1=2;2@0=2;2@5=1;3@2=3;3@3=1;3@4=5;3@6=1;3@5=2;3@8=1;4@2=5;4@3=1;4@4=4;4@9=1;4@1=2;4@0=1;4@5=1;4@8=2;5@2=2;5@4=2;5@9=3;5@1=1;5@0=2;5@5=1;5@7=1;6@2=4;6@3=1;6@4=4;6@7=1;7@2=1;7@3=1;7@6=1;7@0=1;7@5=2;7@8=1;8@3=3;8@1=3;8@7=1;9@2=1;9@1=1;9@5=1;9@7=1,"2,3,4,9,1,6,0,5,8,7",99,53,53,0,1.0,-0.312046965928381,0.05555555555555555,0.03239747851606351,0.0,0.0,0.4,0.0031042098999023438,Feasible
1361,1360,8,2,6,"ADD:0,5;ADD:6,0;REMOVE:1,0;REMOVE:3,1;REMOVE:7,3;REMOVE:8,6;REMOVE:9,1;REMOVE:9,2",0:7;1:0|1|4;2:1|2;3:1|2;4:1|2;5:1|2;6:4|9;7:0|3|4;8:2|6;9:1|2,0:5|7;1:1|4;2:1|2;3:2;4:1|2;5:1|2;6:0|4|9;7:0|4;8:2;9:-,0@0=2;0@1=4;0@3=1;0@5=3;0@6=1;0@7=1;0@8=3;1@3=1;1@7=1;1@8=1;1@2=3;1@4=3;1@9=1;2@1=6;2@3=1;2@5=1;2@7=1;2@8=2;2@2=2;2@4=5;3@3=1;3@5=2;3@7=2;3@8=2;3@2=2;3@4=1;4@0=1;4@1=1;4@3=1;4@5=3;4@6=2;4@7=2;4@8=1;4@2=2;4@4=5;4@9=1;5@1=4;5@3=1;5@7=1;5@8=2;5@2=2;6@0=1;6@1=2;6@7=2;6@8=2;6@2=1;6@4=1;6@9=1;7@5=2;7@6=1;7@7=1;7@2=1;8@5=2;8@7=1;8@8=1;8@2=1;8@4=1,"0,1,3,5,6,7,8,2,4,9",103,57,57,0,1.0,0.11458425647118675,0.2857142857142857,0.028869970756901085,0.0,0.0,0.2,0.00917196273803711,Feasible
1362,1361,6,6,0,"ADD:1,0;ADD:3,1;ADD:7,9;ADD:8,1;ADD:9,2;ADD:9,6",0:5|7;1:1|4;2:1|2;3:2;4:1|2;5:1|2;6:0|4|9;7:0|4;8:2;9:-,0:5|7;1:0|1|4;2:1|2;3:1|2;4:1|2;5:1|2;6:0|4|9;7:0|4|9;8:1|2;9:2|6,0@0=4;0@2=2;0@3=1;0@4=1;0@5=1;0@6=3;0@9=1;1@0=2;1@2=3;1@4=3;1@9=2;1@7=1;1@8=2;2@0=5;2@2=4;2@4=8;2@5=2;2@6=3;2@7=2;2@8=1;2@1=4;3@0=1;3@2=2;3@4=3;3@5=2;3@9=2;3@7=1;3@1=2;4@0=1;4@2=3;4@3=4;4@4=3;4@6=1;4@9=2;4@7=1;4@8=1;4@1=3;5@2=2;5@4=4;5@5=2;5@9=2;5@1=1;6@0=3;6@2=6;6@3=2;6@4=2;6@6=2;6@9=1;6@8=2;6@1=1;7@2=1;7@4=1;7@9=2;7@8=1;7@1=1;8@0=2;8@2=1;8@3=1;8@4=1;8@7=1;8@8=3;8@1=2;9@2=2;9@4=2;9@6=1;9@9=2;9@7=1;9@8=1,"0,2,3,4,5,6,9,7,8,1",143,68,68,0,1.0,-0.5715037434884471,0.0,0.028496256511552857,0.0,0.0,0.6,0.0015590190887451172,Feasible
1363,1362,3,0,3,"REMOVE:0,5;REMOVE:7,0;REMOVE:9,6",0:5|7;1:0|1|4;2:1|2;3:1|2;4:1|2;5:1|2;6:0|4|9;7:0|4|9;8:1|2;9:2|6,0:7;1:0|1|4;2:1|2;3:1|2;4:1|2;5:1|2;6:0|4|9;7:4|9;8:1|2;9:2,0@1=2;0@2=5;0@4=2;0@6=1;0@8=1;1@1=2;1@2=1;1@4=4;1@6=1;1@8=2;1@0=2;2@1=2;2@2=1;2@4=8;2@6=2;2@8=2;2@5=2;2@9=1;3@1=2;3@2=1;3@4=4;3@6=2;3@0=3;3@5=2;3@9=1;3@7=2;4@1=2;4@4=7;4@6=3;4@0=1;4@5=3;4@7=2;4@3=1;5@1=3;5@2=2;5@4=2;5@6=1;5@8=2;5@0=1;5@9=4;5@3=2;6@1=2;6@2=5;6@4=1;6@6=2;6@8=1;6@5=4;6@9=1;6@7=4;6@3=2;7@2=1;7@4=2;7@6=2;7@9=1;7@7=1;8@2=1;8@4=3;8@6=3;8@0=2;8@5=1;8@7=1;8@3=1;9@2=1;9@4=1;9@9=1,"1,2,4,6,8,0,5,9,7,3",138,65,65,0,1.0,0.1509607452561601,0.13043478260869565,0.020525962647464455,0.0,0.0,0.0,0.005715131759643555,Feasible
1364,1363,1,1,0,"ADD:9,1",0:7;1:0|1|4;2:1|2;3:1|2;4:1|2;5:1|2;6:0|4|9;7:4|9;8:1|2;9:2,0:7;1:0|1|4;2:1|2;3:1|2;4:1|2;5:1|2;6:0|4|9;7:4|9;8:1|2;9:1|2,0@1=4;0@2=3;0@3=2;0@6=1;0@7=3;0@9=2;1@1=1;1@6=2;1@7=1;1@0=2;1@4=1;1@5=2;1@8=1;2@1=3;2@2=6;2@3=2;2@7=1;2@9=2;2@0=2;2@4=4;2@5=2;2@8=2;3@1=2;3@2=3;3@3=2;3@0=3;3@4=3;3@8=1;4@1=2;4@2=4;4@3=2;4@6=2;4@7=1;4@9=3;4@4=2;4@5=2;4@8=1;5@1=2;5@2=2;5@6=3;5@7=1;5@0=1;5@4=3;5@5=2;6@1=3;6@2=5;6@3=1;6@7=1;6@9=1;6@0=2;6@4=3;6@5=1;7@1=2;7@6=2;7@7=1;7@4=2;8@1=2;8@2=1;8@9=1;8@0=3;8@4=3;8@5=1;9@1=1;9@2=1;9@7=1;9@9=2;9@4=1;9@8=1,"1,2,3,6,7,9,0,4,5,8",138,68,68,0,1.0,-0.06900618344927066,0.0,0.03099381655072934,0.0,0.0,0.1,0.0015261173248291016,Feasible
1365,1364,1,1,0,"ADD:7,0",0:7;1:0|1|4;2:1|2;3:1|2;4:1|2;5:1|2;6:0|4|9;7:4|9;8:1|2;9:1|2,0:7;1:0|1|4;2:1|2;3:1|2;4:1|2;5:1|2;6:0|4|9;7:0|4|9;8:1|2;9:1|2,0@1=3;0@2=1;0@7=1;1@1=1;1@2=4;1@0=2;1@3=2;1@4=2;1@5=2;1@6=1;1@8=3;2@1=3;2@2=2;2@7=1;2@0=1;2@3=3;2@5=2;2@8=1;2@9=1;3@1=3;3@2=5;3@7=2;3@0=1;3@3=1;3@4=1;3@6=2;3@8=3;3@9=1;4@1=2;4@2=1;4@0=2;4@3=1;4@4=3;4@5=3;4@6=2;4@9=2;5@2=4;5@7=2;5@0=1;5@4=3;5@6=5;5@8=1;5@9=1;6@1=1;6@2=3;6@7=1;6@0=1;6@3=1;6@4=3;6@6=1;6@8=1;6@9=1;7@0=1;7@3=1;7@4=2;7@6=1;7@9=2;8@1=2;8@2=2;8@4=1;8@5=1;8@6=2;8@8=1;9@7=1;9@4=1;9@6=1;9@9=1,"1,2,7,0,3,4,5,6,8,9",121,67,67,0,1.0,-0.06804536434356723,0.0,0.031954635656432785,0.0,0.0,0.1,0.001508951187133789,Feasible
1366,1365,3,0,3,"REMOVE:7,0;REMOVE:8,2;REMOVE:9,2",0:7;1:0|1|4;2:1|2;3:1|2;4:1|2;5:1|2;6:0|4|9;7:0|4|9;8:1|2;9:1|2,0:7;1:0|1|4;2:1|2;3:1|2;4:1|2;5:1|2;6:0|4|9;7:4|9;8:1;9:1,0@0=1;0@1=2;0@2=1;0@4=1;0@8=4;0@9=1;1@0=1;1@2=2;1@4=2;1@8=1;1@3=1;1@5=2;1@7=1;2@0=1;2@1=3;2@2=5;2@4=6;2@8=1;2@9=1;2@5=1;2@7=1;2@6=1;3@1=2;3@2=1;3@4=3;3@8=3;3@3=1;3@5=2;3@7=1;3@6=1;4@1=3;4@4=1;4@8=2;4@9=3;4@3=2;4@5=1;4@7=1;4@6=3;5@1=1;5@2=1;5@4=1;5@8=1;5@3=1;5@5=1;5@6=1;6@0=2;6@1=2;6@2=1;6@4=1;6@8=4;6@9=2;6@3=1;6@6=1;7@1=2;7@2=1;7@4=3;7@9=1;7@3=2;7@7=2;7@6=1;8@1=2;8@9=1;8@3=1;8@6=1;9@9=1;9@7=1;9@6=1,"0,1,2,4,8,9,3,5,7,6",111,67,67,0,1.0,0.16316547858493424,0.13636363636363635,0.026801842221297882,0.0,0.0,0.0,0.0055501461029052734,Feasible
1367,1366,4,4,0,"ADD:7,0;ADD:8,2;ADD:9,4;ADD:9,5",0:7;1:0|1|4;2:1|2;3:1|2;4:1|2;5:1|2;6:0|4|9;7:4|9;8:1;9:1,0:7;1:0|1|4;2:1|2;3:1|2;4:1|2;5:1|2;6:0|4|9;7:0|4|9;8:1|2;9:1|4|5,0@0=1;0@1=1;0@8=1;0@9=1;1@1=2;1@8=3;1@4=4;1@7=2;2@0=1;2@1=5;2@4=6;2@2=2;2@3=1;2@5=1;2@6=2;3@1=2;3@9=1;3@4=2;3@7=1;3@2=2;3@5=1;3@6=3;4@0=1;4@1=5;4@8=1;4@9=2;4@4=4;4@7=1;4@2=3;4@3=2;4@5=3;4@6=2;5@8=1;5@9=1;5@4=1;5@2=3;5@3=1;5@6=1;6@0=3;6@9=4;6@4=2;6@7=2;6@2=1;6@3=2;6@5=1;6@6=1;7@0=1;7@8=2;7@9=2;7@4=1;7@2=1;7@5=2;8@8=2;8@9=1;8@2=2;8@3=1;8@6=1;9@4=1;9@5=2,"0,1,8,9,4,7,2,3,5,6",112,59,59,0,1.0,-0.35969913466703674,0.0,0.04030086533296331,0.0,0.0,0.4,0.001474142074584961,Feasible
1368,1367,1,0,1,"REMOVE:1,0",0:7;1:0|1|4;2:1|2;3:1|2;4:1|2;5:1|2;6:0|4|9;7:0|4|9;8:1|2;9:1|4|5,0:7;1:1|4;2:1|2;3:1|2;4:1|2;5:1|2;6:0|4|9;7:0|4|9;8:1|2;9:1|4|5,0@0=1;0@3=1;0@4=3;0@7=4;0@8=1;1@3=2;1@4=3;1@8=3;1@2=2;1@6=1;2@3=1;2@4=1;2@8=3;2@2=3;3@0=1;3@3=2;3@4=1;3@8=1;3@6=1;3@1=3;3@9=1;4@4=1;4@7=2;4@2=1;4@6=4;4@1=1;4@5=3;5@0=1;5@3=2;5@7=1;5@2=1;5@6=3;5@1=1;5@5=1;6@0=1;6@4=3;6@7=1;6@2=5;6@6=2;6@1=1;6@5=3;7@3=1;7@4=1;7@8=1;7@2=3;7@1=1;8@0=1;8@3=2;8@2=2;8@6=1;8@9=2;8@5=1;9@0=1;9@7=1;9@2=1;9@1=2,"0,3,4,7,8,2,6,1,9,5",98,56,56,0,1.0,0.06998141844914219,0.043478260869565216,0.026503157579576966,0.0,0.0,0.0,0.0029480457305908203,Feasible
1369,1368,2,2,0,"ADD:0,5;ADD:1,0",0:7;1:1|4;2:1|2;3:1|2;4:1|2;5:1|2;6:0|4|9;7:0|4|9;8:1|2;9:1|4|5,0:5|7;1:0|1|4;2:1|2;3:1|2;4:1|2;5:1|2;6:0|4|9;7:0|4|9;8:1|2;9:1|4|5,0@0=3;0@1=3;0@2=4;0@4=6;0@5=1;0@6=1;0@7=2;0@8=2;0@9=1;1@0=1;1@2=3;1@4=1;1@5=1;1@7=2;1@8=2;1@3=1;2@0=1;2@1=5;2@2=2;2@4=2;2@5=2;2@6=2;2@7=1;2@8=5;2@9=1;2@3=2;3@0=1;3@2=3;3@4=3;3@5=1;3@6=1;3@7=3;3@8=3;3@9=2;3@3=1;4@0=1;4@1=3;4@2=3;4@4=1;4@5=1;4@6=5;4@7=3;4@8=4;4@9=2;4@3=1;5@0=1;5@1=2;5@2=1;5@4=3;5@5=2;5@6=1;5@8=3;5@9=1;6@0=1;6@1=5;6@2=4;6@4=5;6@5=1;6@6=1;6@7=2;6@8=1;6@9=1;6@3=1;7@0=1;7@1=1;7@2=4;7@4=3;7@5=1;7@7=1;7@8=1;7@9=2;8@1=2;8@2=2;8@4=1;8@5=1;8@6=2;8@9=1;8@3=1;9@2=2;9@4=1;9@3=2,"0,1,2,4,5,6,7,8,9,3",164,81,81,0,1.0,-0.17539578481916013,0.0,0.024604215180839877,0.0,0.0,0.2,0.001689910888671875,Feasible
1370,1369,2,0,2,"REMOVE:0,5;REMOVE:9,4",0:5|7;1:0|1|4;2:1|2;3:1|2;4:1|2;5:1|2;6:0|4|9;7:0|4|9;8:1|2;9:1|4|5,0:7;1:0|1|4;2:1|2;3:1|2;4:1|2;5:1|2;6:0|4|9;7:0|4|9;8:1|2;9:1|5,0@0=1;0@4=3;0@6=1;0@7=1;0@8=1;1@0=2;1@4=1;1@6=1;1@7=1;1@8=1;1@1=3;1@2=1;1@3=1;1@5=1;2@0=4;2@4=3;2@6=1;2@7=2;2@8=1;2@1=3;2@2=3;2@3=1;2@5=1;2@9=2;3@4=3;3@6=2;3@7=4;3@2=2;3@3=2;3@9=3;4@0=1;4@4=3;4@7=1;4@8=3;4@1=6;4@2=3;4@5=2;5@0=1;5@4=1;5@6=2;5@8=2;5@1=1;5@2=3;5@3=2;5@5=1;6@0=1;6@4=1;6@6=1;6@7=1;6@8=2;6@1=1;6@2=1;6@3=2;6@5=2;7@0=1;7@4=4;7@8=2;7@1=1;7@9=1;8@4=3;8@6=1;8@7=3;8@1=1;8@2=4;9@0=1;9@7=1;9@1=1;9@2=1;9@3=1;9@9=1,"0,4,6,7,8,1,2,3,5,9",127,70,70,0,1.0,0.11498799378742,0.08333333333333333,0.031654660454086665,0.0,0.0,0.0,0.004580020904541016,Feasible
1371,1370,4,3,1,"ADD:0,5;ADD:7,6;ADD:9,4;REMOVE:7,4",0:7;1:0|1|4;2:1|2;3:1|2;4:1|2;5:1|2;6:0|4|9;7:0|4|9;8:1|2;9:1|5,0:5|7;1:0|1|4;2:1|2;3:1|2;4:1|2;5:1|2;6:0|4|9;7:0|6|9;8:1|2;9:1|4|5,0@0=2;0@1=1;0@2=1;0@4=2;0@5=1;0@7=2;0@8=1;0@9=1;1@0=1;1@1=1;1@2=4;1@4=1;1@5=2;1@9=1;1@3=1;1@6=2;2@0=1;2@1=1;2@2=3;2@4=3;2@5=1;2@9=1;2@6=1;3@0=2;3@1=3;3@2=2;3@4=4;3@7=1;3@8=2;3@9=1;3@3=7;4@1=3;4@2=1;4@4=1;4@5=3;4@7=2;4@8=1;4@3=1;4@6=3;5@1=1;5@5=1;5@7=2;5@8=1;5@3=1;5@6=3;6@0=1;6@1=3;6@2=5;6@4=4;6@5=2;6@7=1;6@8=2;6@9=1;6@6=2;7@2=1;7@5=1;7@7=1;7@9=1;8@1=3;8@2=3;8@4=3;8@5=2;8@9=2;8@6=1;9@0=1;9@2=2;9@4=3;9@7=1;9@6=1,"0,1,2,4,5,7,8,9,3,6",128,69,69,0,1.0,-0.22585193072502735,0.045454545454545456,0.02869352382042723,0.0,0.0,0.30000000000000004,0.00337982177734375,Feasible
1372,1371,0,0,0,-,0:5|7;1:0|1|4;2:1|2;3:1|2;4:1|2;5:1|2;6:0|4|9;7:0|6|9;8:1|2;9:1|4|5,0:5|7;1:0|1|4;2:1|2;3:1|2;4:1|2;5:1|2;6:0|4|9;7:0|6|9;8:1|2;9:1|4|5,0@0=1;0@2=3;0@4=2;0@5=1;0@6=1;0@7=1;0@8=1;0@9=1;1@0=4;1@2=1;1@4=2;1@5=2;1@7=2;1@8=1;1@9=2;1@1=3;2@0=2;2@2=4;2@4=1;2@5=4;2@6=2;2@8=1;2@1=4;2@3=3;3@4=3;3@5=2;3@7=1;3@8=1;3@9=1;4@0=2;4@2=6;4@5=2;4@6=1;4@8=2;4@9=3;4@1=1;5@0=1;5@2=4;5@4=1;5@5=1;5@6=1;5@7=1;5@8=2;5@9=2;5@1=4;6@0=1;6@2=3;6@4=4;6@5=3;6@6=3;6@7=2;6@8=1;6@1=2;7@2=1;7@4=2;7@5=1;7@8=1;7@1=1;7@3=1;8@4=3;8@5=1;8@6=1;8@8=1;8@9=2;9@4=1,"0,2,4,5,6,7,8,9,1,3",126,65,65,0,1.0,0.03180513606755538,0.0,0.03180513606755538,0.0,0.0,0.0,0.001550912857055664,Feasible
1373,1372,2,0,2,"REMOVE:7,9;REMOVE:8,1",0:5|7;1:0|1|4;2:1|2;3:1|2;4:1|2;5:1|2;6:0|4|9;7:0|6|9;8:1|2;9:1|4|5,0:5|7;1:0|1|4;2:1|2;3:1|2;4:1|2;5:1|2;6:0|4|9;7:0|6;8:2;9:1|4|5,0@0=1;0@1=1;0@2=3;0@3=2;0@4=4;0@5=3;0@6=1;0@8=3;0@9=1;1@2=4;1@3=1;1@4=2;1@5=3;1@6=1;1@8=1;1@7=2;2@1=4;2@2=1;2@3=3;2@4=1;2@5=1;2@8=1;2@7=2;3@1=1;3@2=4;3@3=1;3@4=1;3@5=2;3@6=2;3@9=2;3@7=3;4@0=2;4@1=3;4@2=2;4@3=1;4@4=2;4@5=2;4@6=2;4@8=1;5@2=4;5@3=2;5@4=2;5@6=1;5@8=1;5@9=2;6@1=2;6@2=2;6@3=1;6@4=2;6@5=2;6@6=2;6@8=2;7@0=1;7@2=2;7@4=2;7@6=1;7@8=2;7@9=1;7@7=2;8@3=3;8@4=5;8@8=1;8@9=2;9@0=1;9@1=1;9@2=1;9@4=1,"0,1,2,3,4,5,6,8,9,7",128,67,67,0,1.0,0.10570859302597735,0.08333333333333333,0.02237525969264402,0.0,0.0,0.0,0.004868984222412109,Feasible
1374,1373,2,1,1,"ADD:8,1;REMOVE:4,1",0:5|7;1:0|1|4;2:1|2;3:1|2;4:1|2;5:1|2;6:0|4|9;7:0|6;8:2;9:1|4|5,0:5|7;1:0|1|4;2:1|2;3:1|2;4:2;5:1|2;6:0|4|9;7:0|6;8:1|2;9:1|4|5,0@2=3;0@4=2;0@5=1;0@8=1;1@2=2;1@4=1;1@0=1;1@1=1;1@9=1;2@2=4;2@4=3;2@5=1;2@1=1;2@9=2;2@3=3;2@6=1;3@2=3;3@4=5;3@0=1;3@1=1;3@9=1;3@3=1;3@7=1;4@2=2;4@4=1;4@5=2;4@8=1;4@0=1;4@3=2;4@7=1;5@2=2;5@4=2;5@5=2;5@1=3;5@3=2;5@6=1;6@2=1;6@4=1;6@5=1;6@8=1;6@9=2;6@3=2;6@6=1;7@2=2;7@4=2;7@5=2;7@8=2;7@9=1;8@2=2;8@4=1;8@5=2;8@1=1;8@7=1;9@4=1;9@0=1;9@1=2,"2,4,5,8,0,1,9,3,6,7",92,56,56,0,1.0,-0.022590039304170334,0.045454545454545456,0.03195541524128421,0.0,0.0,0.1,0.0031969547271728516,Feasible
1375,1374,3,2,1,"ADD:4,1;ADD:7,3;REMOVE:9,5",0:5|7;1:0|1|4;2:1|2;3:1|2;4:2;5:1|2;6:0|4|9;7:0|6;8:1|2;9:1|4|5,0:5|7;1:0|1|4;2:1|2;3:1|2;4:1|2;5:1|2;6:0|4|9;7:0|3|6;8:1|2;9:1|4,0@2=1;0@3=1;0@4=1;0@7=1;0@8=2;0@9=1;1@2=2;1@3=1;1@4=2;1@8=1;1@9=1;1@0=1;1@1=3;1@6=4;2@2=1;2@4=5;2@8=1;2@9=3;2@0=2;2@1=3;2@6=3;2@5=1;3@2=5;3@3=1;3@4=2;3@9=1;3@0=2;3@1=1;3@6=2;4@2=3;4@3=1;4@4=1;4@7=1;4@9=2;4@0=2;4@1=2;4@6=2;4@5=3;5@2=2;5@3=1;5@7=2;5@0=2;5@1=3;5@6=3;5@5=2;6@2=5;6@3=3;6@4=4;6@7=1;6@8=2;6@0=3;6@1=1;6@6=1;6@5=3;7@2=2;7@3=2;7@4=1;7@8=1;7@9=1;7@1=2;8@2=1;8@3=1;8@4=1;8@8=1;8@6=1;9@2=2;9@4=1;9@1=1;9@6=1,"2,3,4,7,8,9,0,1,6,5",129,69,69,0,1.0,-0.12265739951551514,0.045454545454545456,0.03188805502993941,0.0,0.0,0.2,0.0031478404998779297,Feasible
1376,1375,4,1,3,"ADD:9,0;REMOVE:0,5;REMOVE:7,0;REMOVE:8,1",0:5|7;1:0|1|4;2:1|2;3:1|2;4:1|2;5:1|2;6:0|4|9;7:0|3|6;8:1|2;9:1|4,0:7;1:0|1|4;2:1|2;3:1|2;4:1|2;5:1|2;6:0|4|9;7:3|6;8:2;9:0|1|4,0@1=4;0@2=1;0@3=3;0@4=3;0@6=2;0@7=2;0@8=1;0@9=1;1@1=2;1@4=2;1@6=1;1@7=1;1@8=1;1@9=1;1@0=1;2@1=4;2@2=7;2@3=1;2@4=2;2@6=2;2@8=2;2@9=1;2@0=1;2@5=1;3@1=1;3@2=8;3@3=2;3@4=3;3@7=2;3@8=2;3@0=2;4@1=1;4@2=4;4@3=2;4@4=6;4@7=1;4@8=3;4@9=4;4@5=3;5@1=1;5@2=1;5@3=1;5@4=3;5@7=2;5@8=3;5@9=1;5@0=4;6@1=2;6@2=6;6@4=3;6@6=1;6@7=3;6@8=2;6@9=1;6@0=2;7@1=1;7@2=4;7@3=1;7@4=3;7@6=1;7@8=1;7@9=1;8@2=3;8@3=3;8@4=3;8@8=1;8@9=1;8@0=1;8@5=1;9@1=1;9@2=2;9@4=2;9@8=4;9@9=1;9@0=2,"1,2,3,4,6,7,8,9,0,5",164,75,75,0,1.0,0.060061576712925085,0.13043478260869565,0.029626794104229436,0.0,0.0,0.1,0.005793094635009766,Feasible
1377,1376,4,2,2,"ADD:0,5;ADD:8,1;REMOVE:1,4;REMOVE:9,4",0:7;1:0|1|4;2:1|2;3:1|2;4:1|2;5:1|2;6:0|4|9;7:3|6;8:2;9:0|1|4,0:5|7;1:0|1;2:1|2;3:1|2;4:1|2;5:1|2;6:0|4|9;7:3|6;8:1|2;9:0|1,0@0=2;0@1=2;0@2=2;0@3=1;0@4=2;0@5=1;0@6=2;0@7=1;0@8=1;0@9=1;1@1=2;1@2=3;1@3=1;1@7=1;1@8=1;1@9=2;2@1=2;2@2=3;2@3=1;2@5=3;2@6=1;2@7=1;2@8=2;2@9=1;3@0=3;3@1=2;3@2=1;3@3=2;3@4=2;3@5=1;3@7=2;4@1=1;4@2=5;4@3=2;4@4=2;4@5=1;4@6=2;4@7=3;4@8=2;4@9=4;5@0=4;5@1=1;5@2=3;5@3=5;5@4=1;5@5=2;5@6=1;5@7=1;5@8=1;5@9=1;6@0=1;6@1=2;6@2=3;6@3=2;6@4=1;6@5=2;6@6=1;6@9=2;7@1=2;7@2=3;7@4=2;7@5=1;7@6=1;7@7=1;7@8=2;7@9=1;8@1=2;8@3=1;8@4=5;8@5=4;8@6=2;8@7=2;9@0=1;9@2=2;9@3=1;9@5=2;9@6=1;9@9=2,"0,1,2,3,4,5,6,7,8,9",146,78,78,0,1.0,-0.08515598855120007,0.09523809523809523,0.019605916210704705,0.0,0.0,0.2,0.004663944244384766,Feasible
1378,1377,4,2,2,"ADD:1,4;ADD:9,4;REMOVE:0,5;REMOVE:7,6",0:5|7;1:0|1;2:1|2;3:1|2;4:1|2;5:1|2;6:0|4|9;7:3|6;8:1|2;9:0|1,0:7;1:0|1|4;2:1|2;3:1|2;4:1|2;5:1|2;6:0|4|9;7:3;8:1|2;9:0|1|4,0@0=1;0@1=3;0@2=5;0@3=1;0@4=9;0@7=2;0@8=1;0@9=1;1@1=1;1@2=2;1@3=1;1@4=1;1@8=1;1@5=1;1@6=1;2@0=1;2@1=1;2@2=3;2@3=2;2@4=2;2@7=3;2@8=2;2@6=2;3@0=1;3@2=2;3@3=3;3@4=4;3@9=1;3@6=3;4@1=3;4@2=3;4@3=2;4@4=5;4@7=1;4@8=3;4@5=1;4@6=1;5@1=2;5@2=4;5@4=1;5@7=2;5@9=1;5@5=1;5@6=2;6@0=3;6@2=8;6@3=1;6@4=2;6@7=1;6@8=2;6@9=1;6@6=1;7@2=1;7@3=2;8@0=3;8@1=2;8@2=2;8@3=1;8@4=3;8@5=2;9@0=1;9@1=1;9@3=1;9@4=2;9@7=1;9@9=2;9@6=1,"0,1,2,3,4,7,8,9,5,6",137,67,67,0,1.0,-0.07693721255816777,0.09523809523809523,0.027824692203737005,0.0,0.0,0.2,0.004436969757080078,Feasible
1379,1378,5,3,2,"ADD:0,5;ADD:1,9;ADD:7,4;REMOVE:1,0;REMOVE:8,1",0:7;1:0|1|4;2:1|2;3:1|2;4:1|2;5:1|2;6:0|4|9;7:3;8:1|2;9:0|1|4,0:5|7;1:1|4|9;2:1|2;3:1|2;4:1|2;5:1|2;6:0|4|9;7:3|4;8:2;9:0|1|4,0@1=3;0@2=5;0@3=1;0@4=1;0@5=1;0@6=2;0@7=1;0@9=1;1@1=1;1@2=3;1@4=3;1@9=2;2@1=2;2@2=5;2@4=3;2@5=1;2@7=1;2@9=1;2@0=2;3@1=1;3@2=5;3@3=2;3@4=1;3@5=1;3@7=1;3@9=1;3@0=3;3@8=1;4@1=2;4@2=3;4@4=1;4@5=2;4@6=3;4@0=3;5@2=3;5@3=1;5@4=3;5@6=3;5@8=1;6@1=5;6@2=6;6@3=1;6@4=1;6@5=1;6@7=1;6@9=4;6@0=1;6@8=1;7@1=1;7@2=1;7@3=1;7@4=1;7@5=3;8@3=2;8@4=1;8@5=2;8@8=1;9@1=1;9@2=1;9@4=1;9@5=1;9@7=1;9@8=1,"1,2,3,4,5,6,7,9,0,8",120,63,63,0,1.0,-0.17389653027154942,0.09523809523809523,0.030865374490355403,0.0,0.0,0.30000000000000004,0.004476070404052734,Feasible
1380,1379,3,3,0,"ADD:1,5;ADD:7,0;ADD:8,1",0:5|7;1:1|4|9;2:1|2;3:1|2;4:1|2;5:1|2;6:0|4|9;7:3|4;8:2;9:0|1|4,0:5|7;1:1|4|5|9;2:1|2;3:1|2;4:1|2;5:1|2;6:0|4|9;7:0|3|4;8:1|2;9:0|1|4,0@0=3;0@1=1;0@2=3;0@3=3;0@4=3;0@5=1;0@6=1;0@8=2;0@9=1;1@1=2;1@3=1;1@4=1;1@5=1;2@0=1;2@1=4;2@2=3;2@3=3;2@4=1;2@8=1;2@9=2;3@0=1;3@2=1;3@3=1;3@4=2;3@5=2;3@6=1;3@8=2;3@9=1;3@7=1;4@0=1;4@1=2;4@2=4;4@3=1;4@4=5;4@5=3;4@6=1;4@9=1;5@1=2;5@2=1;5@4=4;5@5=1;5@8=1;5@7=1;6@0=2;6@1=1;6@2=2;6@3=2;6@4=2;6@5=1;6@6=1;6@8=1;6@9=2;6@7=2;7@0=1;7@1=2;7@4=2;7@5=1;7@8=1;7@7=1;8@0=2;8@1=2;8@2=2;8@3=1;8@4=2;8@5=2;8@8=2;8@9=1;8@7=2;9@0=1;9@2=2;9@3=1;9@4=1;9@8=1;9@9=1;9@7=2,"0,1,2,3,4,5,6,8,9,7",127,75,75,0,1.0,-0.27070154977812705,0.0,0.029298450221872985,0.0,0.0,0.30000000000000004,0.0015549659729003906,Feasible
1381,1380,7,0,7,"REMOVE:1,1;REMOVE:1,4;REMOVE:1,9;REMOVE:3,1;REMOVE:6,0;REMOVE:8,1;REMOVE:9,4",0:5|7;1:1|4|5|9;2:1|2;3:1|2;4:1|2;5:1|2;6:0|4|9;7:0|3|4;8:1|2;9:0|1|4,0:5|7;1:5;2:1|2;3:2;4:1|2;5:1|2;6:4|9;7:0|3|4;8:2;9:0|1,0@1=3;0@4=2;0@5=1;0@6=2;0@7=1;0@9=1;1@0=2;1@2=1;2@1=3;2@4=6;2@5=1;2@6=1;2@7=1;2@9=1;2@0=2;2@3=1;2@8=1;3@4=1;3@7=3;3@0=1;3@2=2;3@3=2;4@1=2;4@4=1;4@5=1;4@6=1;4@7=1;4@0=1;4@2=2;4@3=2;4@8=1;5@1=1;5@4=1;5@5=2;5@7=1;5@9=1;5@0=2;5@2=1;5@3=1;6@1=2;6@4=5;6@6=1;6@7=2;6@9=1;6@2=3;6@8=3;7@1=2;7@4=2;7@5=3;7@6=1;7@0=1;7@2=1;7@8=2;8@4=1;8@7=1;8@9=1;8@2=2;8@8=1;9@1=1;9@5=1;9@9=1;9@8=1,"1,4,5,6,7,9,0,2,3,8",100,62,62,0,1.0,0.30591598649325424,0.28,0.025915986493254214,0.0,0.0,0.0,0.01057887077331543,Feasible
1382,1381,6,6,0,"ADD:1,4;ADD:1,9;ADD:3,1;ADD:6,0;ADD:8,1;ADD:9,4",0:5|7;1:5;2:1|2;3:2;4:1|2;5:1|2;6:4|9;7:0|3|4;8:2;9:0|1,0:5|7;1:4|5|9;2:1|2;3:1|2;4:1|2;5:1|2;6:0|4|9;7:0|3|4;8:1|2;9:0|1|4,0@0=1;0@3=1;0@4=1;0@5=2;0@7=3;0@9=1;1@0=1;1@3=1;1@4=1;1@5=1;1@7=1;1@9=1;1@2=1;1@8=1;2@0=1;2@3=1;2@4=3;2@5=1;2@7=3;2@2=1;2@8=5;2@1=2;2@6=2;3@0=7;3@4=3;3@5=1;3@7=1;3@9=1;3@2=2;3@8=1;3@1=1;4@0=4;4@5=4;4@7=1;4@9=2;4@2=2;4@8=1;4@1=3;4@6=1;5@3=1;5@5=1;5@9=1;5@2=1;5@8=1;5@1=4;6@0=1;6@4=1;6@7=1;6@9=3;6@2=1;6@1=2;6@6=2;7@0=1;7@4=2;7@9=2;7@2=1;8@4=4;8@5=1;8@9=3;8@2=3;8@8=1;8@1=2;9@0=2;9@3=1;9@4=2;9@7=2;9@9=2;9@8=1;9@6=1,"0,3,4,5,7,9,2,8,1,6",122,69,69,0,1.0,-0.5661229889669793,0.0,0.033877011033020626,0.0,0.0,0.6,0.0015721321105957031,Feasible
1383,1382,0,0,0,-,0:5|7;1:4|5|9;2:1|2;3:1|2;4:1|2;5:1|2;6:0|4|9;7:0|3|4;8:1|2;9:0|1|4,0:5|7;1:4|5|9;2:1|2;3:1|2;4:1|2;5:1|2;6:0|4|9;7:0|3|4;8:1|2;9:0|1|4,0@1=1;0@2=3;0@3=2;0@4=3;0@5=1;0@6=3;0@8=1;1@1=2;1@2=2;1@3=1;1@4=2;1@5=3;1@6=2;1@0=1;1@9=1;2@1=3;2@2=3;2@3=2;2@4=2;2@5=2;2@8=1;2@0=2;2@9=1;2@7=2;3@1=4;3@2=3;3@3=2;3@4=4;3@5=3;3@8=1;3@7=1;4@1=4;4@2=2;4@3=1;4@4=4;4@6=3;5@1=4;5@2=4;5@3=2;5@4=4;5@5=2;5@6=4;5@0=1;5@7=1;6@1=1;6@2=3;6@3=1;6@4=4;6@5=1;6@8=3;6@0=1;6@7=1;7@1=1;7@3=1;7@4=2;7@0=1;7@9=1;8@1=1;8@2=1;8@3=4;8@4=2;8@5=1;8@8=2;8@0=3;8@7=2;9@1=3;9@2=1;9@3=1;9@4=1;9@6=1;9@0=1,"1,2,3,4,5,6,8,0,9,7",145,71,71,0,1.0,0.03569865991020159,0.0,0.03569865991020159,0.0,0.0,0.0,0.0015099048614501953,Feasible
1384,1383,4,1,3,"ADD:7,7;REMOVE:0,5;REMOVE:7,0;REMOVE:7,4",0:5|7;1:4|5|9;2:1|2;3:1|2;4:1|2;5:1|2;6:0|4|9;7:0|3|4;8:1|2;9:0|1|4,0:7;1:4|5|9;2:1|2;3:1|2;4:1|2;5:1|2;6:0|4|9;7:3|7;8:1|2;9:0|1|4,0@0=3;0@1=3;0@2=6;0@3=2;0@4=2;0@6=1;0@7=3;0@8=1;0@9=2;1@0=1;1@1=2;1@2=3;1@4=2;1@9=2;2@0=2;2@1=2;2@2=3;2@4=3;2@6=1;2@9=2;3@0=3;3@1=1;3@2=6;3@3=1;3@4=3;3@6=1;3@7=1;3@8=1;3@9=1;3@5=2;4@0=1;4@1=2;4@2=3;4@3=2;4@4=5;4@6=2;4@7=1;4@8=2;4@9=4;4@5=3;5@0=1;5@1=2;5@2=2;5@3=2;5@4=4;5@6=2;5@7=4;5@9=2;6@1=5;6@2=4;6@3=1;6@4=4;6@6=1;6@7=2;6@5=1;7@0=2;7@1=1;7@2=1;7@3=1;7@4=2;7@9=1;7@5=2;8@1=2;8@2=3;8@4=1;8@6=5;8@8=1;8@9=1;8@5=1;9@0=1;9@1=2;9@2=1;9@4=1;9@5=1,"0,1,2,3,4,6,7,8,9,5",158,74,74,0,1.0,0.05269209962286284,0.125,0.027692099622862856,0.0,0.0,0.1,0.007112979888916016,Feasible
1385,1384,4,1,3,"ADD:0,5;REMOVE:1,5;REMOVE:7,3;REMOVE:9,0",0:7;1:4|5|9;2:1|2;3:1|2;4:1|2;5:1|2;6:0|4|9;7:3|7;8:1|2;9:0|1|4,0:5|7;1:4|9;2:1|2;3:1|2;4:1|2;5:1|2;6:0|4|9;7:7;8:1|2;9:1|4,0@0=1;0@1=1;0@2=2;0@3=2;0@4=4;0@5=2;0@6=2;0@7=2;0@8=1;0@9=1;1@2=5;1@3=2;1@4=4;1@8=1;1@9=2;2@2=4;2@3=2;2@4=7;2@5=1;2@6=1;2@7=1;2@8=1;2@9=3;3@0=1;3@1=1;3@2=2;3@3=3;3@4=1;3@7=1;3@9=2;4@1=2;4@2=2;4@4=3;4@5=3;4@7=2;4@8=2;4@9=1;5@0=2;5@1=4;5@2=2;5@3=1;5@4=4;5@5=2;5@6=3;5@7=1;5@9=2;6@1=3;6@2=5;6@3=1;6@4=3;6@5=1;6@6=3;6@7=2;7@0=2;7@1=1;7@2=4;7@4=2;7@6=2;8@0=1;8@1=1;8@2=4;8@4=1;8@6=2;8@9=1;9@1=1;9@2=2;9@4=2;9@8=1,"0,1,2,3,4,5,6,7,8,9",144,68,68,0,1.0,0.06241638681756412,0.13636363636363635,0.02605275045392777,0.0,0.0,0.1,0.005617856979370117,Feasible
1386,1385,3,3,0,"ADD:1,5;ADD:7,5;ADD:9,0",0:5|7;1:4|9;2:1|2;3:1|2;4:1|2;5:1|2;6:0|4|9;7:7;8:1|2;9:1|4,0:5|7;1:4|5|9;2:1|2;3:1|2;4:1|2;5:1|2;6:0|4|9;7:5|7;8:1|2;9:0|1|4,0@2=2;0@3=1;0@4=1;0@5=2;0@7=1;0@9=1;1@2=3;1@3=1;1@4=1;1@5=1;1@7=1;1@9=1;2@2=3;2@3=2;2@4=1;2@5=3;2@7=3;2@0=2;2@1=2;2@8=2;3@2=2;3@3=3;3@4=1;3@5=1;3@7=1;3@1=4;3@8=2;4@2=1;4@3=3;4@4=3;4@5=4;4@7=1;4@9=1;4@0=1;4@1=5;4@8=1;4@6=1;5@2=4;5@3=1;5@4=1;5@7=1;5@9=1;5@1=1;5@6=1;6@2=5;6@4=4;6@9=1;6@0=1;6@1=3;6@8=2;7@2=2;7@4=1;7@5=1;7@0=1;7@1=1;7@6=2;8@2=2;8@3=1;8@4=4;8@7=2;8@1=1;9@2=1;9@7=2;9@0=1;9@1=1;9@8=1,"2,3,4,5,7,9,0,1,8,6",119,66,66,0,1.0,-0.2673149372430723,0.0,0.03268506275692775,0.0,0.0,0.30000000000000004,0.0015358924865722656,Feasible
1387,1386,4,0,4,"REMOVE:0,5;REMOVE:3,1;REMOVE:9,0;REMOVE:9,4",0:5|7;1:4|5|9;2:1|2;3:1|2;4:1|2;5:1|2;6:0|4|9;7:5|7;8:1|2;9:0|1|4,0:7;1:4|5|9;2:1|2;3:2;4:1|2;5:1|2;6:0|4|9;7:5|7;8:1|2;9:1,0@1=2;0@2=1;0@3=1;0@4=1;0@6=1;0@7=1;1@1=2;1@2=1;1@4=2;1@7=1;1@0=1;1@8=1;2@1=1;2@2=3;2@4=2;2@7=1;2@0=3;2@8=2;2@5=2;2@9=2;3@2=3;3@4=1;3@7=1;3@5=1;3@9=1;4@1=4;4@2=4;4@3=1;4@4=3;4@6=1;4@7=1;4@5=2;5@1=1;5@2=3;5@6=1;5@7=2;5@0=2;5@8=1;5@5=1;5@9=2;6@1=1;6@2=3;6@3=3;6@4=5;6@6=3;6@0=1;6@5=1;7@1=2;7@2=1;7@3=1;7@0=2;7@5=1;8@2=1;8@4=1;8@6=1;8@0=1;9@1=1;9@6=3;9@7=1;9@9=1,"1,2,3,4,6,7,0,8,5,9",101,60,60,0,1.0,0.20497056707565212,0.17391304347826086,0.03105752359739125,0.0,0.0,0.0,0.006616115570068359,Feasible
1388,1387,5,2,3,"ADD:0,5;ADD:3,6;REMOVE:1,9;REMOVE:5,1;REMOVE:8,1",0:7;1:4|5|9;2:1|2;3:2;4:1|2;5:1|2;6:0|4|9;7:5|7;8:1|2;9:1,0:5|7;1:4|5;2:1|2;3:2|6;4:1|2;5:2;6:0|4|9;7:5|7;8:2;9:1,0@0=2;0@1=1;0@2=1;0@4=2;0@5=1;0@8=2;0@9=1;1@0=2;1@4=1;1@5=1;1@6=1;2@1=3;2@2=3;2@9=1;2@7=1;3@0=2;3@2=4;3@5=1;3@8=1;3@9=3;3@6=1;3@3=2;4@1=3;4@2=2;4@4=2;4@5=1;4@9=2;4@6=2;5@2=5;5@4=1;5@5=1;5@8=1;5@3=2;6@1=2;6@2=4;6@4=5;6@5=3;6@8=3;6@9=1;6@3=1;7@0=1;7@2=5;7@4=1;7@8=1;7@9=1;7@6=1;8@2=1;8@4=1;8@7=1;8@3=2;9@3=2,"0,1,2,4,5,8,9,6,7,3",95,51,51,0,1.0,-0.010438224498008714,0.15789473684210525,0.03166703865988605,0.0,0.0,0.2,0.005308866500854492,Feasible
1389,1388,7,4,3,"ADD:1,9;ADD:5,1;ADD:8,1;ADD:9,2;REMOVE:0,5;REMOVE:3,6;REMOVE:7,5",0:5|7;1:4|5;2:1|2;3:2|6;4:1|2;5:2;6:0|4|9;7:5|7;8:2;9:1,0:7;1:4|5|9;2:1|2;3:2;4:1|2;5:1|2;6:0|4|9;7:7;8:1|2;9:1|2,0@1=1;0@2=1;0@3=2;0@4=3;0@6=1;1@2=1;1@4=1;1@6=2;1@7=1;1@9=1;2@1=3;2@2=4;2@4=4;2@6=1;2@7=1;2@9=1;2@0=3;2@5=2;2@8=1;3@2=4;3@3=2;3@4=2;3@5=1;4@1=3;4@2=7;4@3=1;4@4=3;4@6=2;4@7=1;4@9=3;4@0=1;4@5=2;4@8=2;5@1=2;5@2=3;5@4=3;5@6=1;5@0=1;5@5=2;5@8=1;6@1=1;6@2=3;6@3=2;6@4=3;6@6=1;6@9=1;6@0=1;6@5=2;7@1=1;7@2=1;7@3=1;7@4=2;7@9=2;7@0=1;7@8=2;8@1=1;8@2=1;8@3=1;8@4=3;8@6=1;9@1=2;9@2=2;9@7=1,"1,2,3,4,6,7,9,0,5,8",117,63,63,0,1.0,-0.19685352426872776,0.16666666666666666,0.036479809064605594,0.0,0.0,0.4,0.005640983581542969,Feasible
1390,1389,1,1,0,"ADD:0,5",0:7;1:4|5|9;2:1|2;3:2;4:1|2;5:1|2;6:0|4|9;7:7;8:1|2;9:1|2,0:5|7;1:4|5|9;2:1|2;3:2;4:1|2;5:1|2;6:0|4|9;7:7;8:1|2;9:1|2,0@1=1;0@2=2;0@3=1;0@4=2;0@5=1;0@7=1;0@8=1;1@1=2;1@2=4;1@3=1;1@4=3;1@5=1;1@7=2;1@0=1;1@9=1;2@1=2;2@2=3;2@4=2;2@5=2;2@7=2;3@2=3;3@4=6;3@5=1;3@7=1;3@8=1;3@9=4;4@1=2;4@2=2;4@3=1;4@4=1;4@5=2;4@7=2;4@8=3;4@0=3;4@9=1;4@6=2;5@1=1;5@2=3;5@4=4;5@8=3;6@1=2;6@2=2;6@3=2;6@5=1;6@8=1;6@0=1;6@9=3;6@6=4;7@2=1;7@4=3;7@8=1;8@1=1;8@2=1;8@3=2;8@4=3;8@7=2;8@0=1;8@6=2;9@1=1;9@3=1;9@4=1;9@9=1;9@6=1,"1,2,3,4,5,7,8,0,9,6",119,63,63,0,1.0,-0.07561585466291423,0.0,0.02438414533708578,0.0,0.0,0.1,0.0014500617980957031,Feasible
1391,1390,3,1,2,"ADD:3,6;REMOVE:0,5;REMOVE:1,5",0:5|7;1:4|5|9;2:1|2;3:2;4:1|2;5:1|2;6:0|4|9;7:7;8:1|2;9:1|2,0:7;1:4|9;2:1|2;3:2|6;4:1|2;5:1|2;6:0|4|9;7:7;8:1|2;9:1|2,0@0=1;0@2=1;0@3=1;0@4=3;0@6=1;0@7=2;0@9=1;1@2=2;1@4=3;1@6=1;1@9=1;2@0=1;2@2=4;2@3=1;2@4=2;2@6=1;2@9=2;3@0=1;3@2=5;3@4=3;3@6=1;3@7=1;3@1=2;3@5=1;4@0=2;4@2=2;4@4=2;4@6=4;4@9=1;4@1=1;4@8=1;5@2=1;5@3=1;5@4=3;5@6=1;5@9=1;5@1=1;5@8=1;6@0=2;6@2=3;6@3=1;6@4=1;6@6=1;6@7=2;6@8=1;7@2=2;7@4=1;7@7=4;7@8=1;8@4=2;8@6=2;8@1=2;8@8=1;9@4=1;9@1=2,"0,2,3,4,6,7,9,1,5,8",93,55,55,0,1.0,0.035816323517985416,0.1,0.03581632351798541,0.0,0.0,0.1,0.004166841506958008,Feasible
1392,1391,3,1,2,"ADD:7,5;REMOVE:5,2;REMOVE:8,1",0:7;1:4|9;2:1|2;3:2|6;4:1|2;5:1|2;6:0|4|9;7:7;8:1|2;9:1|2,0:7;1:4|9;2:1|2;3:2|6;4:1|2;5:1;6:0|4|9;7:5|7;8:2;9:1|2,0@0=1;0@1=1;0@4=4;0@6=1;1@1=2;1@4=1;1@6=1;1@2=1;1@7=1;1@9=3;2@0=1;2@4=4;2@6=1;2@2=5;2@7=1;2@3=1;2@5=3;3@0=2;3@1=4;3@4=2;3@6=2;3@2=3;3@9=1;4@0=2;4@1=1;4@4=1;4@2=3;4@7=2;4@9=1;4@5=2;4@8=1;5@1=2;5@6=2;5@9=1;5@8=2;6@1=1;6@4=5;6@2=1;6@3=2;6@5=3;6@8=2;7@0=1;7@4=1;7@2=1;7@9=1;7@5=2;8@4=2;8@2=2;8@9=1;8@8=1;9@1=3;9@2=1;9@8=3,"0,1,4,6,2,7,9,3,5,8",99,53,53,0,1.0,0.04029318167067655,0.10526315789473684,0.03503002377593972,0.0,0.0,0.1,0.004083871841430664,Feasible
1393,1392,5,1,4,"ADD:5,2;REMOVE:0,7;REMOVE:6,0;REMOVE:7,5;REMOVE:9,1",0:7;1:4|9;2:1|2;3:2|6;4:1|2;5:1;6:0|4|9;7:5|7;8:2;9:1|2,0:-;1:4|9;2:1|2;3:2|6;4:1|2;5:1|2;6:4|9;7:7;8:2;9:2,1@1=1;1@2=2;1@3=1;1@4=2;1@7=1;2@2=2;2@3=1;2@4=3;2@6=3;2@8=2;3@2=2;3@3=1;3@4=5;3@6=1;3@8=1;3@0=1;3@5=1;3@9=2;4@2=2;4@3=3;4@7=1;4@6=1;4@8=2;4@0=1;4@9=1;5@1=1;5@2=1;5@3=1;5@4=3;5@6=1;5@8=1;5@0=2;5@5=1;6@1=2;6@2=2;6@3=2;6@4=1;6@8=2;6@9=1;7@4=3;8@2=1;8@4=1;8@0=2;9@2=1,"1,2,3,4,7,6,8,0,5,9",72,44,44,0,1.0,0.14265343445306597,0.2222222222222222,0.02043121223084378,0.0,0.0,0.1,0.006211996078491211,Feasible
1394,1393,5,5,0,"ADD:0,8;ADD:1,0;ADD:6,5;ADD:8,1;ADD:9,6",0:-;1:4|9;2:1|2;3:2|6;4:1|2;5:1|2;6:4|9;7:7;8:2;9:2,0:8;1:0|4|9;2:1|2;3:2|6;4:1|2;5:1|2;6:4|5|9;7:7;8:1|2;9:2|6,0@8=1;1@0=1;1@2=1;1@4=1;1@5=2;1@9=1;2@2=3;2@4=3;2@1=1;2@3=2;3@8=2;3@2=5;3@4=2;3@5=1;3@1=1;3@6=2;4@2=1;4@5=1;4@6=2;5@0=2;5@2=1;5@4=3;5@5=1;5@9=1;5@1=2;5@6=1;5@7=1;6@8=1;6@2=1;6@4=4;6@5=2;6@9=1;6@1=2;6@3=1;6@6=2;7@8=1;7@0=1;7@2=2;7@4=1;7@9=1;7@3=2;8@8=1;8@4=1;8@5=1;8@9=1;8@1=1;8@7=2;9@8=1;9@4=1;9@6=1;9@7=2,"8,0,2,4,5,9,1,3,6,7",79,51,51,0,1.0,-0.4647040644757386,0.0,0.03529593552426141,0.0,0.0,0.5,0.001425027847290039,Feasible
1395,1394,5,1,4,"ADD:7,5;REMOVE:0,8;REMOVE:1,0;REMOVE:2,1;REMOVE:3,6",0:8;1:0|4|9;2:1|2;3:2|6;4:1|2;5:1|2;6:4|5|9;7:7;8:1|2;9:2|6,0:-;1:4|9;2:2;3:2;4:1|2;5:1|2;6:4|5|9;7:5|7;8:1|2;9:2|6,1@1=3;1@2=1;1@4=1;1@8=1;1@9=2;2@2=4;2@4=1;2@9=1;2@0=3;2@3=1;2@7=1;3@2=1;3@8=1;3@0=1;4@1=1;4@2=1;4@4=1;4@9=1;4@0=1;4@3=1;4@5=1;4@6=1;5@1=1;5@2=1;5@4=1;5@9=1;5@0=1;5@7=3;6@1=2;6@4=3;6@8=1;6@0=1;7@2=2;7@8=1;7@5=2;8@1=2;8@2=2;8@0=1;8@7=1;8@5=1;9@1=1;9@2=4;9@4=2;9@7=1,"1,2,4,8,9,0,3,7,5,6",65,44,44,0,1.0,0.14006490255626639,0.2,0.040064902556266394,0.0,0.0,0.1,0.0062351226806640625,Feasible
1396,1395,4,3,1,"ADD:1,0;ADD:2,1;ADD:3,6;REMOVE:7,7",0:-;1:4|9;2:2;3:2;4:1|2;5:1|2;6:4|5|9;7:5|7;8:1|2;9:2|6,0:-;1:0|4|9;2:1|2;3:2|6;4:1|2;5:1|2;6:4|5|9;7:5;8:1|2;9:2|6,1@0=1;1@2=1;1@4=1;1@6=1;2@0=1;2@2=1;2@4=1;2@1=2;2@3=2;3@0=1;3@2=2;3@6=2;3@5=1;3@8=1;3@9=2;4@0=2;4@2=1;4@4=3;4@6=1;4@1=3;4@5=1;4@7=1;5@4=1;5@6=1;5@1=3;6@0=1;6@2=1;6@4=5;6@6=1;6@3=1;6@9=2;6@7=1;7@0=1;7@5=2;8@0=1;8@2=1;8@4=2;8@1=3;8@7=1;9@0=1;9@2=1;9@4=1;9@6=1;9@8=1,"0,2,4,6,1,3,5,8,9,7",65,44,44,0,1.0,-0.1931566915130623,0.058823529411764705,0.048019779075173026,0.0,0.0,0.30000000000000004,0.0028159618377685547,Feasible
1397,1396,1,1,0,"ADD:7,6",0:-;1:0|4|9;2:1|2;3:2|6;4:1|2;5:1|2;6:4|5|9;7:5;8:1|2;9:2|6,0:-;1:0|4|9;2:1|2;3:2|6;4:1|2;5:1|2;6:4|5|9;7:5|6;8:1|2;9:2|6,1@0=3;1@1=1;1@2=1;1@6=2;1@7=2;1@8=1;1@9=2;2@0=1;2@1=1;2@2=2;2@6=1;2@7=2;2@8=1;2@3=1;2@4=3;2@5=1;3@0=2;3@1=3;3@2=2;3@6=1;3@7=1;3@9=1;3@3=1;3@4=2;3@5=2;4@0=4;4@2=1;4@6=1;4@7=3;4@8=2;4@9=1;4@3=1;4@4=5;4@5=2;5@6=1;5@8=1;5@3=1;5@5=2;6@0=3;6@1=2;6@2=2;6@7=1;6@9=2;6@3=1;6@4=1;7@0=1;7@2=3;7@6=1;7@7=2;7@4=2;8@1=1;8@2=3;8@6=1;8@7=1;8@9=1;8@3=1;8@4=2;9@0=1;9@1=1;9@2=4;9@4=1,"0,1,2,6,7,8,9,3,4,5",103,61,61,0,1.0,-0.07597404991215409,0.0,0.02402595008784591,0.0,0.0,0.1,0.0014488697052001953,Feasible
1398,1397,2,2,0,"ADD:0,1;ADD:0,4",0:-;1:0|4|9;2:1|2;3:2|6;4:1|2;5:1|2;6:4|5|9;7:5|6;8:1|2;9:2|6,0:1|4;1:0|4|9;2:1|2;3:2|6;4:1|2;5:1|2;6:4|5|9;7:5|6;8:1|2;9:2|6,0@1=2;0@4=1;0@6=1;1@1=1;1@4=1;1@6=1;1@2=3;1@3=2;1@7=1;1@8=1;2@1=2;2@4=4;2@2=3;2@3=1;2@7=1;2@8=2;2@0=3;3@1=3;3@4=2;3@6=1;3@2=1;3@7=1;3@8=1;3@5=1;3@9=1;4@1=7;4@4=1;4@6=1;4@2=2;4@7=1;4@8=1;4@0=1;4@5=2;4@9=1;5@4=3;5@6=2;5@2=2;5@8=3;5@0=2;5@5=1;6@1=1;6@4=3;6@6=2;6@2=5;6@3=1;6@7=1;6@8=1;6@0=2;6@9=1;7@4=2;7@6=1;7@8=1;7@0=1;8@4=3;8@2=4;8@8=1;8@0=1;8@5=1;8@9=2;9@4=1;9@0=1,"1,4,6,2,3,7,8,0,5,9",107,61,61,0,1.0,-0.17060314423015147,0.0,0.02939685576984854,0.0,0.0,0.2,0.0015132427215576172,Feasible
1399,1398,4,0,4,"REMOVE:0,1;REMOVE:6,5;REMOVE:8,2;REMOVE:9,6",0:1|4;1:0|4|9;2:1|2;3:2|6;4:1|2;5:1|2;6:4|5|9;7:5|6;8:1|2;9:2|6,0:4;1:0|4|9;2:1|2;3:2|6;4:1|2;5:1|2;6:4|9;7:5|6;8:1;9:2,0@4=3;0@7=1;0@8=1;1@4=1;1@0=1;1@1=3;1@3=1;1@9=3;2@4=2;2@7=1;2@0=2;2@1=4;2@3=1;2@9=4;2@2=1;3@4=6;3@7=1;3@8=1;3@0=3;3@1=2;3@3=1;3@2=1;3@5=1;3@6=1;4@4=4;4@7=1;4@8=2;4@1=4;4@2=3;4@5=2;5@4=3;5@7=2;5@1=2;5@2=1;5@6=1;6@4=2;6@7=1;6@1=1;6@3=1;6@9=1;6@2=2;6@6=1;7@4=1;7@2=2;8@7=1;8@8=1;8@1=1;8@6=1;9@4=3;9@8=1;9@0=1;9@9=2;9@2=2,"4,7,8,0,1,3,9,2,5,6",96,53,53,0,1.0,0.21234207742081104,0.18181818181818182,0.030523895602629213,0.0,0.0,0.0,0.006394147872924805,Feasible
1400,1399,5,3,2,"ADD:8,0;ADD:8,4;ADD:9,1;REMOVE:0,4;REMOVE:7,5",0:4;1:0|4|9;2:1|2;3:2|6;4:1|2;5:1|2;6:4|9;7:5|6;8:1;9:2,0:-;1:0|4|9;2:1|2;3:2|6;4:1|2;5:1|2;6:4|9;7:6;8:0|1|4;9:1|2,1@0=1;1@1=1;1@3=1;1@4=1;1@5=1;1@7=1;2@0=3;2@1=1;2@4=3;2@7=1;2@2=2;2@6=1;2@9=1;3@1=1;3@3=1;3@4=2;3@5=2;3@2=3;3@9=1;4@0=1;4@1=1;4@3=2;4@4=2;4@5=1;4@2=4;4@9=1;4@8=1;5@0=1;5@4=1;5@5=1;5@7=1;5@2=1;5@6=3;6@1=1;6@3=2;6@4=2;6@2=2;6@8=1;7@4=1;7@7=2;8@0=1;8@3=1;8@4=2;8@6=2;8@8=1;9@1=2;9@3=1;9@4=3;9@7=1;9@2=1;9@8=1,"0,1,3,4,5,7,2,6,9,8",76,51,51,0,1.0,-0.15963504357471642,0.1111111111111111,0.029253845314172508,0.0,0.0,0.30000000000000004,0.004049062728881836,Feasible
1401,1400,2,2,0,"ADD:0,1;ADD:6,0",0:-;1:0|4|9;2:1|2;3:2|6;4:1|2;5:1|2;6:4|9;7:6;8:0|1|4;9:1|2,0:1;1:0|4|9;2:1|2;3:2|6;4:1|2;5:1|2;6:0|4|9;7:6;8:0|1|4;9:1|2,0@1=1;0@9=1;1@0=1;1@2=1;1@5=1;2@1=2;2@0=1;2@2=1;2@5=1;2@7=1;2@8=1;3@1=1;3@9=1;3@0=2;3@2=2;3@5=1;3@8=1;3@3=1;3@4=1;3@6=2;4@1=1;4@9=1;4@0=1;4@2=1;4@4=3;5@1=1;5@0=1;5@2=1;5@4=1;6@1=1;6@9=2;6@0=2;6@2=2;6@5=1;6@7=1;6@8=1;6@6=1;7@7=1;8@1=1;8@9=1;8@0=1;8@2=2;8@5=1;8@8=1;8@4=2;9@1=1;9@0=1;9@2=2;9@5=3,"1,9,0,2,5,7,8,3,4,6",63,49,49,0,1.0,-0.1595186344917932,0.0,0.04048136550820681,0.0,0.0,0.2,0.0014121532440185547,Feasible
1402,1401,5,1,4,"ADD:0,2;REMOVE:1,0;REMOVE:2,1;REMOVE:6,0;REMOVE:9,2",0:1;1:0|4|9;2:1|2;3:2|6;4:1|2;5:1|2;6:0|4|9;7:6;8:0|1|4;9:1|2,0:1|2;1:4|9;2:2;3:2|6;4:1|2;5:1|2;6:4|9;7:6;8:0|1|4;9:1,0@1=2;0@2=2;0@4=1;0@9=2;1@4=2;1@9=1;1@3=1;1@8=1;2@4=1;2@9=1;2@0=1;3@1=2;3@2=1;3@6=1;4@1=2;4@2=1;4@9=1;4@0=1;4@6=2;5@2=1;5@4=2;5@9=1;5@3=1;5@6=2;5@7=1;6@1=1;6@4=3;6@3=1;6@8=1;6@6=1;6@7=1;7@1=1;7@4=2;8@1=1;8@2=1;8@4=2;8@8=1;8@0=1;8@5=1;9@6=1,"1,2,4,9,3,8,0,6,7,5",53,40,40,0,1.0,0.12738449263646465,0.19047619047619047,0.03690830216027417,0.0,0.0,0.1,0.006086111068725586,Feasible
1403,1402,4,3,1,"ADD:1,0;ADD:6,0;ADD:9,2;REMOVE:0,2",0:1|2;1:4|9;2:2;3:2|6;4:1|2;5:1|2;6:4|9;7:6;8:0|1|4;9:1,0:1;1:0|4|9;2:2;3:2|6;4:1|2;5:1|2;6:0|4|9;7:6;8:0|1|4;9:1|2,0@6=1;0@7=1;1@0=1;1@2=2;1@4=1;1@8=1;2@2=2;2@8=1;2@3=2;2@9=1;3@6=1;3@2=1;3@4=1;3@1=1;4@0=1;4@2=2;4@4=1;4@8=1;4@1=2;4@5=2;5@7=1;5@2=1;5@3=1;5@1=1;6@0=1;6@2=4;6@4=1;6@3=1;6@1=3;6@5=1;7@4=1;8@2=1;8@8=1;8@9=1;8@5=2;9@7=1;9@2=1;9@4=1,"6,7,0,2,4,8,3,9,1,5",50,38,38,0,1.0,-0.21584768365223456,0.05555555555555555,0.028596760792209925,0.0,0.0,0.30000000000000004,0.002688169479370117,Feasible
1404,1403,5,2,3,"ADD:2,1;ADD:7,2;REMOVE:1,4;REMOVE:6,0;REMOVE:8,4",0:1;1:0|4|9;2:2;3:2|6;4:1|2;5:1|2;6:0|4|9;7:6;8:0|1|4;9:1|2,0:1;1:0|9;2:1|2;3:2|6;4:1|2;5:1|2;6:4|9;7:2|6;8:0|1;9:1|2,0@8=1;0@9=1;1@2=1;1@3=1;1@5=1;2@2=1;2@3=3;2@5=1;2@0=2;2@1=1;2@4=1;2@7=1;3@2=3;3@0=1;3@4=1;3@6=1;4@2=3;4@5=2;4@0=1;4@1=1;4@4=3;4@7=1;4@6=1;5@8=1;5@3=1;5@1=2;5@4=2;5@7=3;6@9=2;6@1=1;6@4=1;6@7=1;6@6=2;7@2=2;7@0=2;7@7=1;7@6=1;8@2=2;8@5=2;8@0=2;8@7=3;8@6=1;9@8=2;9@2=1;9@1=1;9@4=1,"8,9,2,3,5,0,1,4,7,6",70,46,46,0,1.0,-0.021247146506242626,0.15,0.028752853493757398,0.0,0.0,0.2,0.005170106887817383,Feasible
1405,1404,3,3,0,"ADD:0,0;ADD:1,8;ADD:8,4",0:1;1:0|9;2:1|2;3:2|6;4:1|2;5:1|2;6:4|9;7:2|6;8:0|1;9:1|2,0:0|1;1:0|8|9;2:1|2;3:2|6;4:1|2;5:1|2;6:4|9;7:2|6;8:0|1|4;9:1|2,0@0=2;0@1=2;0@2=2;0@3=1;0@6=1;0@7=1;0@8=1;0@9=1;1@0=1;1@2=1;1@8=1;2@3=2;2@6=1;2@7=1;2@9=1;2@4=6;3@1=1;3@2=1;3@6=1;3@7=1;3@8=1;3@9=1;3@4=3;4@0=1;4@1=2;4@2=2;4@3=2;4@7=2;4@9=1;4@4=1;4@5=1;5@0=2;5@1=1;5@2=1;5@3=1;5@7=1;5@9=2;5@4=2;6@2=3;6@6=1;6@7=1;6@8=1;6@4=2;7@6=1;7@4=1;7@5=1;8@1=2;8@2=1;8@3=1;8@7=1;8@8=1;8@4=1;8@5=1;9@3=2;9@9=1;9@4=2;9@5=1,"0,1,2,3,6,7,8,9,4,5",81,57,57,0,1.0,-0.2756999586774164,0.0,0.024300041322583617,0.0,0.0,0.30000000000000004,0.0014429092407226562,Feasible
1406,1405,6,2,4,"ADD:0,4;ADD:6,0;REMOVE:1,0;REMOVE:5,1;REMOVE:7,6;REMOVE:8,4",0:0|1;1:0|8|9;2:1|2;3:2|6;4:1|2;5:1|2;6:4|9;7:2|6;8:0|1|4;9:1|2,0:0|1|4;1:8|9;2:1|2;3:2|6;4:1|2;5:2;6:0|4|9;7:2;8:0|1;9:1|2,0@0=1;0@4=1;0@5=1;0@6=1;0@9=3;1@4=1;1@6=1;1@1=2;1@8=1;2@4=3;2@6=1;2@2=2;2@3=2;2@7=1;3@4=1;3@5=1;3@6=2;3@2=1;3@7=2;4@4=1;4@5=1;4@6=1;4@9=2;4@8=3;4@2=1;5@0=1;5@4=2;5@5=1;5@9=1;5@2=1;6@0=1;6@5=1;6@8=2;6@3=1;7@8=1;8@9=1;8@1=2;9@4=2;9@6=1;9@2=2;9@3=2,"0,4,5,6,9,1,8,2,3,7",59,41,41,0,1.0,0.008754597991239232,0.18181818181818182,0.02693641617305743,0.0,0.0,0.2,0.006061077117919922,Feasible
1407,1406,5,3,2,"ADD:1,0;ADD:5,1;ADD:8,4;REMOVE:0,4;REMOVE:9,1",0:0|1|4;1:8|9;2:1|2;3:2|6;4:1|2;5:2;6:0|4|9;7:2;8:0|1;9:1|2,0:0|1;1:0|8|9;2:1|2;3:2|6;4:1|2;5:1|2;6:0|4|9;7:2;8:0|1|4;9:2,0@0=3;0@1=3;0@2=1;0@7=1;1@0=2;1@2=2;1@7=2;1@4=2;1@8=2;2@1=2;2@2=2;2@4=1;2@8=2;2@3=1;2@6=1;3@1=1;3@2=3;3@5=2;3@9=1;4@0=1;4@1=1;4@7=1;4@4=1;4@8=1;4@3=1;5@1=1;5@4=2;5@8=1;5@3=1;5@9=1;6@1=2;6@2=2;6@7=1;6@8=1;6@6=1;6@5=2;7@0=1;7@2=1;7@7=1;7@3=1;8@1=1;8@7=3;8@4=3;9@2=2;9@4=2;9@8=1,"0,1,2,7,4,8,3,6,5,9",71,46,46,0,1.0,-0.16694629398186225,0.1,0.03305370601813778,0.0,0.0,0.30000000000000004,0.003977060317993164,Feasible
1408,1407,8,2,6,"ADD:0,4;ADD:9,1;REMOVE:1,0;REMOVE:1,8;REMOVE:2,1;REMOVE:5,1;REMOVE:6,4;REMOVE:8,0",0:0|1;1:0|8|9;2:1|2;3:2|6;4:1|2;5:1|2;6:0|4|9;7:2;8:0|1|4;9:2,0:0|1|4;1:9;2:2;3:2|6;4:1|2;5:2;6:0|9;7:2;8:1|4;9:1|2,0@0=1;0@1=1;0@4=2;0@5=1;0@7=1;0@8=1;0@9=1;1@7=1;1@3=1;2@0=1;2@4=3;2@9=1;2@2=5;3@0=1;3@1=2;3@4=1;3@9=1;3@2=4;4@4=2;4@5=1;4@7=2;4@9=1;4@2=1;4@6=1;5@5=1;5@2=1;6@0=1;6@1=1;7@0=1;7@9=1;8@1=1;8@4=1;8@2=1;9@1=1;9@5=1;9@9=1;9@2=1,"0,1,4,5,7,8,9,3,2,6",50,37,37,0,1.0,0.126259018739865,0.2857142857142857,0.04054473302557932,0.0,0.0,0.2,0.008189201354980469,Feasible
1409,1408,8,6,2,"ADD:1,4;ADD:2,1;ADD:5,1;ADD:6,4;ADD:7,1;ADD:8,0;REMOVE:4,1;REMOVE:9,1",0:0|1|4;1:9;2:2;3:2|6;4:1|2;5:2;6:0|9;7:2;8:1|4;9:1|2,0:0|1|4;1:4|9;2:1|2;3:2|6;4:2;5:1|2;6:0|4|9;7:1|2;8:0|1|4;9:2,0@0=2;0@1=1;0@2=1;0@4=1;0@6=1;0@7=1;1@1=2;1@2=1;1@4=1;2@0=1;2@1=1;2@4=1;2@9=1;3@1=2;3@7=1;3@3=1;3@5=1;3@8=1;4@2=2;4@4=2;4@3=1;4@8=2;5@1=1;5@4=1;5@3=1;5@8=1;6@0=1;6@4=3;6@6=1;6@7=1;7@0=1;7@1=1;7@5=1;8@0=1;8@1=1;8@2=1;8@4=1;8@6=1;8@9=3;8@8=1;9@2=1;9@4=2,"0,1,2,4,6,7,9,3,5,8",53,42,42,0,1.0,-0.44643888522388586,0.11764705882352941,0.035914055952584685,0.0,0.0,0.6,0.0038962364196777344,Feasible
1410,1409,7,2,5,"ADD:1,0;ADD:4,6;REMOVE:0,0;REMOVE:3,2;REMOVE:6,0;REMOVE:7,1;REMOVE:8,4",0:0|1|4;1:4|9;2:1|2;3:2|6;4:2;5:1|2;6:0|4|9;7:1|2;8:0|1|4;9:2,0:1|4;1:0|4|9;2:1|2;3:6;4:2|6;5:1|2;6:4|9;7:2;8:0|1;9:2,0@4=1;0@7=2;0@9=1;1@0=1;1@1=1;1@5=1;1@6=1;2@1=1;2@6=1;2@2=1;2@8=2;3@4=1;4@7=1;4@9=2;4@0=2;4@5=1;4@6=1;4@2=2;5@0=1;5@1=1;5@5=1;5@2=2;5@8=1;5@3=1;6@4=3;6@1=1;6@2=3;7@3=1;8@9=1;8@5=1;8@2=2;8@3=2;9@4=1;9@2=2,"4,7,9,0,1,5,6,2,8,3",47,34,34,0,1.0,0.07000078727752729,0.23809523809523808,0.03190554918228921,0.0,0.0,0.2,0.006997108459472656,Feasible
1411,1410,6,5,1,"ADD:3,0;ADD:6,0;ADD:7,1;ADD:8,4;ADD:9,1;REMOVE:0,1",0:1|4;1:0|4|9;2:1|2;3:6;4:2|6;5:1|2;6:4|9;7:2;8:0|1;9:2,0:4;1:0|4|9;2:1|2;3:0|6;4:2|6;5:1|2;6:0|4|9;7:1|2;8:0|1|4;9:1|2,0@4=1;0@7=1;1@4=1;1@7=1;1@0=2;1@5=1;1@6=1;1@8=1;1@9=2;2@0=1;2@5=1;2@6=1;2@9=1;2@1=1;2@2=3;2@3=2;3@4=1;3@0=1;3@9=1;3@1=1;3@2=3;4@4=1;4@7=1;4@0=1;4@5=1;4@1=1;4@2=2;4@3=1;5@0=1;5@5=1;5@6=1;5@1=2;5@2=2;6@4=2;6@0=2;6@9=1;6@2=1;7@8=1;7@1=2;7@2=3;8@4=2;8@1=1;8@2=1;9@4=2;9@0=1;9@1=1;9@2=1;9@3=1,"4,7,0,5,6,8,9,1,2,3",65,48,48,0,1.0,-0.3937314017281174,0.05555555555555555,0.05071304271632708,0.0,0.0,0.5,0.0028679370880126953,Feasible
1412,1411,3,3,0,"ADD:0,1;ADD:0,5;ADD:3,3",0:4;1:0|4|9;2:1|2;3:0|6;4:2|6;5:1|2;6:0|4|9;7:1|2;8:0|1|4;9:1|2,0:1|4|5;1:0|4|9;2:1|2;3:0|3|6;4:2|6;5:1|2;6:0|4|9;7:1|2;8:0|1|4;9:1|2,0@1=1;0@2=1;0@5=2;0@6=2;0@8=1;0@9=3;1@2=3;1@3=1;1@7=1;2@2=1;2@6=2;2@8=1;2@9=1;2@4=3;3@3=1;3@7=1;4@1=2;4@8=1;4@9=2;4@7=1;4@4=1;5@2=1;5@5=1;5@9=1;5@4=1;6@1=1;6@2=2;6@5=2;6@6=1;6@8=1;6@9=2;6@4=2;7@2=4;7@5=1;8@1=2;8@9=1;8@4=2;8@0=1;9@2=2;9@5=1;9@9=1;9@7=1;9@4=1,"1,2,5,6,8,9,3,7,4,0",64,43,43,0,1.0,-0.26575314547145856,0.0,0.03424685452854147,0.0,0.0,0.30000000000000004,0.001360177993774414,Feasible
1413,1412,11,0,11,"REMOVE:0,4;REMOVE:1,4;REMOVE:3,0;REMOVE:3,6;REMOVE:4,6;REMOVE:5,1;REMOVE:6,4;REMOVE:7,1;REMOVE:8,0;REMOVE:8,1;REMOVE:9,1",0:1|4|5;1:0|4|9;2:1|2;3:0|3|6;4:2|6;5:1|2;6:0|4|9;7:1|2;8:0|1|4;9:1|2,0:1|5;1:0|9;2:1|2;3:3;4:2;5:2;6:0|9;7:2;8:4;9:2,0@0=1;0@1=2;0@9=1;1@0=1;1@9=2;1@7=1;2@0=1;2@1=1;2@7=1;2@2=2;2@3=1;2@4=1;2@6=1;3@3=1;3@5=1;4@0=1;4@4=3;5@7=1;5@2=2;6@0=1;6@2=1;6@6=2;6@5=1;7@0=1;7@2=1;8@2=1;8@4=2;8@6=1;8@8=1;9@4=1,"0,1,9,7,2,3,4,6,5,8",38,30,30,0,1.0,0.47953064991561356,0.44,0.03953064991561353,0.0,0.0,0.0,0.013071060180664062,Feasible
1414,1413,7,3,4,"ADD:3,6;ADD:4,6;ADD:5,1;REMOVE:0,1;REMOVE:6,0;REMOVE:6,9;REMOVE:9,2",0:1|5;1:0|9;2:1|2;3:3;4:2;5:2;6:0|9;7:2;8:4;9:2,0:5;1:0|9;2:1|2;3:3|6;4:2|6;5:1|2;6:-;7:2;8:4;9:-,0@2=1;0@3=1;1@0=2;1@1=1;2@0=1;2@1=1;3@2=2;3@3=1;3@6=1;4@2=1;4@6=1;4@4=2;4@8=1;5@0=1;5@1=2;5@4=1;7@8=1;8@6=1;8@4=1,"2,3,0,1,6,4,8",23,19,19,0,1.0,0.0318905754383052,0.2857142857142857,0.04617628972401954,0.0,0.0,0.30000000000000004,0.004976034164428711,Feasible
1415,1414,8,6,2,"ADD:0,7;ADD:1,4;ADD:6,7;ADD:8,3;ADD:9,3;ADD:9,4;REMOVE:2,1;REMOVE:4,6",0:5;1:0|9;2:1|2;3:3|6;4:2|6;5:1|2;6:-;7:2;8:4;9:-,0:5|7;1:0|4|9;2:2;3:3|6;4:2;5:1|2;6:7;7:2;8:3|4;9:3|4,0@3=1;0@7=1;0@9=1;1@3=1;1@1=1;1@4=1;2@7=1;2@4=1;2@0=1;2@2=1;2@5=1;3@1=1;3@4=2;3@2=2;3@5=1;3@6=1;4@3=1;4@2=1;5@3=2;5@7=1;5@9=1;5@1=1;5@2=1;5@6=1;6@7=1;6@2=1;7@4=2;7@0=1;7@2=1;8@3=1;8@9=1;8@1=1;8@6=2;9@3=1;9@9=1;9@1=1;9@4=1,"3,7,9,1,4,0,2,5,6",42,37,37,0,1.0,-0.4186837332517804,0.15384615384615385,0.027470112902065757,0.0,0.0,0.6,0.0036580562591552734,Feasible
1416,1415,7,2,5,"ADD:2,6;ADD:4,6;REMOVE:0,5;REMOVE:1,0;REMOVE:1,9;REMOVE:3,3;REMOVE:5,2",0:5|7;1:0|4|9;2:2;3:3|6;4:2;5:1|2;6:7;7:2;8:3|4;9:3|4,0:7;1:4;2:2|6;3:6;4:2|6;5:1;6:7;7:2;8:3|4;9:3|4,0@3=1;0@9=1;1@4=1;2@9=1;2@4=1;2@2=1;2@6=2;3@1=1;3@7=1;4@3=1;4@2=1;4@6=1;4@1=3;4@0=1;5@6=2;5@1=2;6@1=1;6@7=1;7@4=2;7@2=1;7@0=1;8@2=1;8@1=3;8@5=1;9@4=1;9@2=1;9@7=1;9@5=1,"3,9,4,2,6,1,7,0,5",36,28,28,0,1.0,0.12297444186087958,0.29411764705882354,0.028856794802056072,0.0,0.0,0.2,0.006972074508666992,Feasible
1417,1416,6,5,1,"ADD:0,5;ADD:1,9;ADD:3,2;ADD:5,2;ADD:8,0;REMOVE:7,2",0:7;1:4;2:2|6;3:6;4:2|6;5:1;6:7;7:2;8:3|4;9:3|4,0:5|7;1:4|9;2:2|6;3:2|6;4:2|6;5:1|2;6:7;7:-;8:0|3|4;9:3|4,0@2=1;0@5=1;0@6=2;0@8=1;1@6=1;1@4=3;1@9=1;2@2=1;2@6=1;2@4=1;2@9=1;2@0=1;2@1=1;3@2=1;3@8=3;3@0=2;3@7=1;4@2=1;4@4=1;4@9=1;4@1=1;4@3=2;5@2=1;5@6=1;5@8=1;5@4=1;5@9=1;5@1=2;6@2=1;6@6=1;6@9=1;6@3=1;8@2=1;8@6=1;8@4=2;8@0=3;8@1=1;8@3=1;9@4=1;9@9=1;9@1=1;9@7=1;9@3=1,"2,5,6,8,4,9,0,1,7,3",54,43,43,0,1.0,-0.3899800616768966,0.07142857142857142,0.03859136689453198,0.0,0.0,0.5,0.0028731822967529297,Feasible
1418,1417,8,5,3,"ADD:1,5;ADD:7,0;ADD:7,4;ADD:7,9;ADD:9,0;REMOVE:2,6;REMOVE:3,6;REMOVE:8,0",0:5|7;1:4|9;2:2|6;3:2|6;4:2|6;5:1|2;6:7;7:-;8:0|3|4;9:3|4,0:5|7;1:4|5|9;2:2;3:2;4:2|6;5:1|2;6:7;7:0|4|9;8:3|4;9:0|3|4,0@0=1;0@2=2;0@3=1;0@5=1;0@6=1;0@9=3;1@5=1;1@4=3;2@3=2;2@9=2;2@4=3;2@7=1;3@0=1;3@2=3;3@3=1;3@9=1;3@4=1;4@0=1;4@2=1;4@3=2;4@5=2;4@6=1;4@9=1;4@4=2;4@8=1;5@2=2;5@3=2;5@5=2;5@6=1;5@7=2;5@8=2;5@1=1;6@6=3;6@9=1;6@4=1;6@7=1;7@0=1;7@9=1;7@4=1;8@2=4;8@6=1;8@9=2;8@8=1;8@1=1;9@0=1;9@2=2;9@3=1;9@6=1;9@4=1;9@7=1;9@8=1,"0,2,3,5,6,9,4,7,8,1",77,51,51,0,1.0,-0.30811329932351417,0.16666666666666666,0.02522003400981917,0.0,0.0,0.5,0.005475044250488281,Feasible
1419,1418,10,3,7,"ADD:2,1;ADD:6,5;ADD:8,0;REMOVE:0,5;REMOVE:1,4;REMOVE:1,5;REMOVE:7,0;REMOVE:7,9;REMOVE:9,0;REMOVE:9,4",0:5|7;1:4|5|9;2:2;3:2;4:2|6;5:1|2;6:7;7:0|4|9;8:3|4;9:0|3|4,0:7;1:9;2:1|2;3:2;4:2|6;5:1|2;6:5|7;7:4;8:0|3|4;9:3,0@1=1;0@2=1;0@3=2;0@4=2;0@6=1;0@9=4;1@2=3;1@9=1;2@1=2;2@2=2;2@4=1;2@6=2;2@0=1;2@5=1;2@7=1;3@3=2;3@4=1;3@0=1;3@5=1;3@8=1;4@1=1;4@2=4;4@4=2;4@5=1;4@7=1;5@3=1;5@4=1;5@6=1;5@9=1;5@7=2;5@8=1;6@1=1;6@2=1;6@4=1;6@6=2;6@9=1;6@5=1;7@2=1;8@2=1;8@3=1;8@4=1;8@6=1;8@0=1;9@9=1;9@7=2,"1,2,3,4,6,9,0,5,7,8",63,45,45,0,1.0,0.07059384228266025,0.35,0.02059384228266032,0.0,0.0,0.30000000000000004,0.010116100311279297,Feasible
1420,1419,5,1,4,"ADD:9,4;REMOVE:1,9;REMOVE:2,1;REMOVE:5,1;REMOVE:8,0",0:7;1:9;2:1|2;3:2;4:2|6;5:1|2;6:5|7;7:4;8:0|3|4;9:3,0:7;1:-;2:2;3:2;4:2|6;5:2;6:5|7;7:4;8:3|4;9:3|4,0@2=1;0@4=1;0@6=1;2@2=2;2@4=2;2@3=1;2@5=1;2@8=2;2@9=1;3@2=4;4@5=4;4@1=1;5@2=1;5@4=1;6@4=1;6@6=1;6@5=1;7@2=2;8@8=1;8@1=3;8@7=1;9@4=1;9@6=1;9@5=1,"2,4,6,3,5,8,9,1,7",36,24,24,0,1.0,0.17608873584656057,0.25,0.026088735846560553,0.0,0.0,0.1,0.005460977554321289,Feasible
1421,1420,6,6,0,"ADD:1,1;ADD:1,4;ADD:2,1;ADD:3,1;ADD:5,6;ADD:7,3",0:7;1:-;2:2;3:2;4:2|6;5:2;6:5|7;7:4;8:3|4;9:3|4,0:7;1:1|4;2:1|2;3:1|2;4:2|6;5:2|6;6:5|7;7:3|4;8:3|4;9:3|4,0@4=1;1@4=1;1@1=1;1@2=1;2@1=1;2@2=2;2@0=2;2@3=1;2@5=2;2@7=1;2@9=1;3@4=2;3@1=1;3@0=1;3@7=1;4@1=2;4@2=1;4@5=1;4@7=2;4@8=1;5@4=2;5@5=1;5@6=1;6@4=2;6@2=1;6@0=2;6@5=1;7@4=1;7@2=1;7@3=1;8@4=1;8@1=1;8@5=1;8@6=1;9@1=1;9@3=1;9@6=1,"4,1,2,0,3,5,7,9,8,6",46,37,37,0,1.0,-0.572681493368262,0.0,0.02731850663173797,0.0,0.0,0.6,0.0013301372528076172,Feasible
1422,1421,2,0,2,"REMOVE:5,6;REMOVE:6,5",0:7;1:1|4;2:1|2;3:1|2;4:2|6;5:2|6;6:5|7;7:3|4;8:3|4;9:3|4,0:7;1:1|4;2:1|2;3:1|2;4:2|6;5:2;6:7;7:3|4;8:3|4;9:3|4,0@1=2;0@4=2;0@9=2;1@4=2;1@9=2;2@1=1;2@2=1;3@4=1;3@9=1;3@3=1;3@6=1;3@8=1;4@4=1;4@5=1;5@4=1;5@9=1;5@2=1;5@5=1;6@1=1;6@2=1;6@8=1;7@9=1;7@6=1;8@4=1;8@2=1;8@5=1;9@4=2;9@2=1;9@3=1;9@7=1,"1,4,9,2,3,6,8,5,7",36,30,30,0,1.0,0.1299027596515418,0.10526315789473684,0.024639601756804963,0.0,0.0,0.0,0.0036499500274658203,Feasible
1423,1422,2,2,0,"ADD:1,5;ADD:9,0",0:7;1:1|4;2:1|2;3:1|2;4:2|6;5:2;6:7;7:3|4;8:3|4;9:3|4,0:7;1:1|4|5;2:1|2;3:1|2;4:2|6;5:2;6:7;7:3|4;8:3|4;9:0|3|4,0@1=1;0@2=2;1@4=1;1@5=1;2@1=1;2@2=1;2@4=3;2@5=1;2@0=1;2@6=1;2@7=1;2@8=1;3@2=1;3@0=1;3@3=2;4@3=1;5@4=1;6@1=1;6@2=2;6@4=1;7@8=1;8@2=1;8@4=2;8@5=2;8@7=1;8@3=1;9@4=1;9@0=1,"1,2,4,5,0,6,7,8,3",35,28,28,0,1.0,-0.17249141010997526,0.0,0.02750858989002476,0.0,0.0,0.2,0.0011909008026123047,Feasible
1424,1423,1,1,0,"ADD:5,1",0:7;1:1|4|5;2:1|2;3:1|2;4:2|6;5:2;6:7;7:3|4;8:3|4;9:0|3|4,0:7;1:1|4|5;2:1|2;3:1|2;4:2|6;5:1|2;6:7;7:3|4;8:3|4;9:0|3|4,0@2=1;0@3=1;0@8=1;1@4=1;2@4=1;2@1=1;2@6=1;3@2=2;3@4=2;3@5=1;4@2=1;4@8=1;4@4=1;4@1=2;4@6=1;5@2=1;5@4=1;5@1=2;6@2=2;6@4=1;6@1=1;6@9=1;7@2=1;7@1=1;8@3=1;8@6=1;8@9=2;9@2=2;9@4=1,"2,3,8,4,1,6,5,9",36,29,29,0,1.0,-0.06911276813757089,0.0,0.030887231862429122,0.0,0.0,0.1,0.0011782646179199219,Feasible
1425,1424,3,1,2,"ADD:8,0;REMOVE:1,1;REMOVE:1,5",0:7;1:1|4|5;2:1|2;3:1|2;4:2|6;5:1|2;6:7;7:3|4;8:3|4;9:0|3|4,0:7;1:4;2:1|2;3:1|2;4:2|6;5:1|2;6:7;7:3|4;8:0|3|4;9:0|3|4,0@2=3;0@4=2;0@6=1;0@9=1;1@2=1;2@4=2;2@1=2;2@3=1;2@8=2;3@2=1;3@4=2;3@1=1;3@8=1;3@5=1;4@2=2;4@6=1;4@9=2;4@3=1;5@4=1;5@6=1;5@1=1;5@3=1;6@2=1;6@8=1;7@2=2;7@1=2;7@8=1;7@7=1;8@2=1;8@1=1;8@3=2;8@8=1;8@0=1;9@4=1;9@9=2;9@3=1;9@8=1;9@5=1;9@0=1,"2,4,6,9,1,3,8,5,7,0",52,39,39,0,1.0,0.026976306214931994,0.1,0.026976306214932008,0.0,0.0,0.1,0.003940105438232422,Feasible
1426,1425,3,1,2,"ADD:1,1;REMOVE:6,7;REMOVE:9,0",0:7;1:4;2:1|2;3:1|2;4:2|6;5:1|2;6:7;7:3|4;8:0|3|4;9:0|3|4,0:7;1:1|4;2:1|2;3:1|2;4:2|6;5:1|2;6:-;7:3|4;8:0|3|4;9:3|4,0@1=2;0@2=1;0@3=1;0@9=2;1@1=3;1@3=1;1@9=1;1@4=1;1@7=2;1@8=1;2@1=1;2@2=1;2@3=2;2@7=1;2@8=1;2@5=1;3@1=1;3@2=1;3@5=1;3@6=1;4@1=2;4@2=2;4@8=1;4@0=1;5@3=1;5@9=1;5@8=1;5@6=1;5@0=1;7@1=1;7@4=1;7@7=1;7@8=1;8@1=1;8@2=2;8@5=1;8@6=1;8@0=1;9@1=1;9@2=1;9@3=1;9@8=1,"1,2,3,9,4,7,8,5,6,0",51,42,42,0,1.0,0.031069641081865024,0.10526315789473684,0.02580648318712819,0.0,0.0,0.1,0.004194021224975586,Feasible
1427,1426,4,1,3,"ADD:0,5;REMOVE:2,1;REMOVE:8,0;REMOVE:8,3",0:7;1:1|4;2:1|2;3:1|2;4:2|6;5:1|2;6:-;7:3|4;8:0|3|4;9:3|4,0:5|7;1:1|4;2:2;3:1|2;4:2|6;5:1|2;6:-;7:3|4;8:4;9:3|4,0@0=1;0@1=1;0@2=1;0@5=1;0@9=4;1@1=1;1@9=1;1@4=1;1@6=1;1@7=2;2@2=1;2@5=1;2@9=2;2@4=4;2@7=1;2@3=2;2@8=1;3@1=1;3@5=1;3@4=3;3@6=1;4@0=1;4@5=1;4@4=2;4@6=1;4@8=1;5@0=1;5@2=2;5@4=2;5@6=2;7@2=1;7@5=1;7@4=2;8@4=1;8@6=2;9@5=1;9@6=1;9@7=1;9@3=2,"0,1,2,5,9,4,6,7,3,8",57,39,39,0,1.0,0.09022102052050088,0.16666666666666666,0.023554353853834212,0.0,0.0,0.1,0.005185842514038086,Feasible
1428,1427,8,0,8,"REMOVE:0,5;REMOVE:1,1;REMOVE:1,4;REMOVE:3,1;REMOVE:5,1;REMOVE:7,4;REMOVE:8,4;REMOVE:9,4",0:5|7;1:1|4;2:2;3:1|2;4:2|6;5:1|2;6:-;7:3|4;8:4;9:3|4,0:7;1:-;2:2;3:2;4:2|6;5:2;6:-;7:3;8:-;9:3,0@0=1;0@1=1;0@2=1;0@4=1;0@9=1;2@5=1;3@2=1;3@5=2;4@1=1;4@3=1;4@6=1;4@8=1;5@2=2;5@9=1;7@1=1;7@2=1;9@2=2,"0,1,2,4,9,5,3,6,8",20,17,17,0,1.0,0.5218777996024299,0.5,0.021877799602429863,0.0,0.0,0.0,0.009554862976074219,Feasible
1429,1428,9,9,0,"ADD:0,5;ADD:1,2;ADD:3,1;ADD:6,7;ADD:7,0;ADD:7,6;ADD:8,3;ADD:8,8;ADD:9,6",0:7;1:-;2:2;3:2;4:2|6;5:2;6:-;7:3;8:-;9:3,0:5|7;1:2;2:2;3:1|2;4:2|6;5:2;6:7;7:0|3|6;8:3|8;9:3|6,0@4=1;0@5=1;1@2=1;1@7=2;2@4=2;2@5=1;2@3=2;2@9=1;3@1=1;4@4=2;4@3=1;4@9=1;4@1=1;4@0=1;4@6=1;5@4=1;5@2=2;6@7=1;6@1=2;7@9=1;7@1=1;7@0=1;7@6=1;8@3=1;8@1=1;8@8=1;9@2=1;9@6=1,"4,5,2,7,3,9,1,0,6,8",34,28,28,0,1.0,-0.8680458751618781,0.0,0.03195412483812179,0.0,0.0,0.8999999999999999,0.00133514404296875,Feasible
1430,1429,5,2,3,"ADD:2,6;ADD:9,0;REMOVE:0,5;REMOVE:7,3;REMOVE:7,6",0:5|7;1:2;2:2;3:1|2;4:2|6;5:2;6:7;7:0|3|6;8:3|8;9:3|6,0:7;1:2;2:2|6;3:1|2;4:2|6;5:2;6:7;7:0;8:3|8;9:0|3|6,0@1=1;0@4=1;0@8=1;0@9=1;1@9=1;2@6=1;3@4=1;3@9=1;3@6=1;4@9=1;4@6=2;4@2=2;4@5=1;5@4=1;5@9=1;5@7=1;6@4=1;6@0=1;8@4=1;8@2=1;8@3=1;9@1=1;9@4=1;9@5=2;9@0=1,"1,4,8,9,6,2,5,7,0,3",28,25,25,0,1.0,0.0030004042093245142,0.17647058823529413,0.026529815974030393,0.0,0.0,0.2,0.004662990570068359,Feasible
1431,1430,5,2,3,"ADD:1,1;ADD:5,1;REMOVE:8,8;REMOVE:9,0;REMOVE:9,3",0:7;1:2;2:2|6;3:1|2;4:2|6;5:2;6:7;7:0;8:3|8;9:0|3|6,0:7;1:1|2;2:2|6;3:1|2;4:2|6;5:1|2;6:7;7:0;8:3;9:6,0@4=1;1@1=1;1@2=2;2@4=1;2@1=1;2@2=1;2@0=1;2@5=1;2@8=1;3@2=1;3@5=1;3@6=1;4@1=2;4@3=1;4@7=1;5@4=1;5@1=1;5@8=1;6@4=1;6@1=1;6@2=1;8@2=1;8@7=1;9@4=1;9@9=1,"4,1,2,0,5,8,6,3,7,9",27,25,25,0,1.0,0.00936693617892359,0.1875,0.02186693617892361,0.0,0.0,0.2,0.004757881164550781,Feasible
1432,1431,8,4,4,"ADD:7,4;ADD:8,0;ADD:8,4;ADD:9,2;REMOVE:1,2;REMOVE:2,6;REMOVE:3,1;REMOVE:5,1",0:7;1:1|2;2:2|6;3:1|2;4:2|6;5:1|2;6:7;7:0;8:3;9:6,0:7;1:1;2:2;3:2;4:2|6;5:2;6:7;7:0|4;8:0|3|4;9:2|6,0@2=2;0@4=2;1@1=2;2@0=1;2@5=2;2@7=1;3@2=1;3@4=1;3@7=2;4@4=2;4@1=1;4@0=1;4@7=1;4@6=2;4@8=1;4@9=1;5@2=1;5@4=2;5@9=1;5@3=1;6@2=1;6@3=1;7@2=1;7@4=1;7@5=1;8@4=1;8@0=1;8@9=1;8@3=1;9@2=1;9@1=1,"2,4,1,0,5,7,6,8,9,3",39,31,31,0,1.0,-0.10660350294380777,0.26666666666666666,0.026729830389525564,0.0,0.0,0.4,0.0058743953704833984,Feasible
1433,1432,6,3,3,"ADD:1,2;ADD:2,1;ADD:3,1;REMOVE:7,0;REMOVE:8,4;REMOVE:9,2",0:7;1:1;2:2;3:2;4:2|6;5:2;6:7;7:0|4;8:0|3|4;9:2|6,0:7;1:1|2;2:1|2;3:1|2;4:2|6;5:2;6:7;7:4;8:0|3;9:6,0@1=1;0@2=1;0@3=1;0@4=1;0@6=1;0@8=1;0@9=1;1@1=1;1@2=1;2@1=1;2@2=1;2@3=2;2@4=1;2@8=1;2@9=1;2@7=1;3@1=1;3@2=1;3@4=1;4@1=1;4@2=2;4@5=1;5@2=3;5@4=1;5@7=1;5@0=1;6@3=1;6@7=1;7@2=1;7@6=1;7@7=1;8@1=2;8@2=1;8@3=1;8@9=2;8@7=1;8@0=1;9@8=1;9@9=1,"1,2,3,4,6,8,9,7,5,0",45,39,39,0,1.0,-0.06983220959111358,0.2,0.030167790408886452,0.0,0.0,0.30000000000000004,0.005008220672607422,Feasible
1434,1433,2,2,0,"ADD:5,1;ADD:7,8",0:7;1:1|2;2:1|2;3:1|2;4:2|6;5:2;6:7;7:4;8:0|3;9:6,0:7;1:1|2;2:1|2;3:1|2;4:2|6;5:1|2;6:7;7:4|8;8:0|3;9:6,0@1=1;0@2=1;0@9=1;1@9=2;1@5=1;1@6=1;2@1=2;2@4=1;2@7=1;3@1=1;3@5=1;3@7=2;4@1=1;4@2=2;4@9=1;4@5=1;4@6=2;4@0=1;4@3=2;5@1=1;5@2=2;5@7=1;6@1=1;6@2=2;6@9=1;7@2=1;7@7=1;8@2=2;8@0=1;9@1=1;9@4=1;9@7=1;9@8=1,"1,2,9,5,6,4,7,0,3,8",42,33,33,0,1.0,-0.17535612979665782,0.0,0.02464387020334219,0.0,0.0,0.2,0.00164794921875,Feasible
1435,1434,10,3,7,"ADD:6,5;ADD:9,0;ADD:9,3;REMOVE:1,2;REMOVE:2,1;REMOVE:3,2;REMOVE:4,2;REMOVE:5,2;REMOVE:7,4;REMOVE:8,0",0:7;1:1|2;2:1|2;3:1|2;4:2|6;5:1|2;6:7;7:4|8;8:0|3;9:6,0:7;1:1;2:2;3:1;4:6;5:1;6:5|7;7:8;8:3;9:0|3|6,0@0=1;0@1=1;0@2=1;0@6=1;1@1=1;2@2=3;3@1=1;3@6=1;4@6=1;4@7=1;4@8=1;5@1=2;6@6=1;6@7=1;6@4=1;6@5=1;7@7=1;7@4=1;8@1=2;9@0=1;9@8=2;9@4=1;9@3=1;9@9=1,"0,1,2,6,7,8,4,5,3,9",29,24,24,0,1.0,0.1530593393813816,0.4117647058823529,0.04129463349902876,0.0,0.0,0.30000000000000004,0.008955240249633789,Feasible
1436,1435,8,5,3,"ADD:1,2;ADD:2,6;ADD:3,2;ADD:4,5;ADD:8,4;REMOVE:6,5;REMOVE:9,3;REMOVE:9,6",0:7;1:1;2:2;3:1;4:6;5:1;6:5|7;7:8;8:3;9:0|3|6,0:7;1:1|2;2:2|6;3:1|2;4:5|6;5:1;6:7;7:8;8:3|4;9:0,0@4=2;0@6=2;0@8=2;1@2=2;2@4=1;2@6=1;2@2=2;2@0=1;2@1=2;3@6=1;3@2=1;3@5=2;4@5=1;4@7=1;4@9=1;5@7=2;5@9=2;6@0=1;7@4=1;8@4=2;8@6=2;8@8=1;8@2=1;8@1=1;8@3=1;9@5=2,"4,6,8,2,0,1,5,7,9,3",38,26,26,0,1.0,-0.2420187636227631,0.23076923076923078,0.02721200560800614,0.0,0.0,0.5,0.004776954650878906,Feasible
1437,1436,6,3,3,"ADD:0,5;ADD:5,5;ADD:9,1;REMOVE:1,1;REMOVE:2,6;REMOVE:8,4",0:7;1:1|2;2:2|6;3:1|2;4:5|6;5:1;6:7;7:8;8:3|4;9:0,0:5|7;1:2;2:2;3:1|2;4:5|6;5:1|5;6:7;7:8;8:3;9:0|1,0@2=1;0@5=1;1@2=1;1@9=1;2@2=2;2@5=1;2@9=1;2@3=1;2@4=1;3@9=1;3@4=1;3@0=2;3@6=2;4@2=1;4@4=1;4@1=1;5@5=1;5@9=1;6@3=1;6@7=1;6@8=1;7@1=1;8@2=3;8@1=1;8@7=1;9@2=1;9@1=2;9@7=1;9@8=1,"2,5,9,3,4,0,6,1,7,8",35,29,29,0,1.0,-0.07891431371600258,0.2,0.021085686283997453,0.0,0.0,0.30000000000000004,0.004789829254150391,Feasible
1438,1437,6,5,1,"ADD:1,6;ADD:2,6;ADD:5,4;ADD:8,0;ADD:9,4;REMOVE:0,5",0:5|7;1:2;2:2;3:1|2;4:5|6;5:1|5;6:7;7:8;8:3;9:0|1,0:7;1:2|6;2:2|6;3:1|2;4:5|6;5:1|4|5;6:7;7:8;8:0|3;9:0|1|4,0@2=3;0@4=1;0@8=1;1@2=2;1@8=1;1@0=1;1@6=1;2@6=1;2@7=2;2@9=2;3@4=1;3@1=2;4@2=2;4@7=1;4@1=1;5@2=1;5@4=2;5@7=2;5@9=1;5@3=1;6@4=1;6@8=1;7@4=1;8@0=1;8@3=1;9@4=1;9@0=1;9@1=1;9@5=1,"2,4,8,0,6,7,9,1,3,5",38,29,29,0,1.0,-0.40047743035803374,0.06666666666666667,0.03285590297529957,0.0,0.0,0.5,0.0025489330291748047,Feasible
1439,1438,7,2,5,"ADD:7,3;ADD:8,4;REMOVE:1,6;REMOVE:2,6;REMOVE:3,1;REMOVE:5,4;REMOVE:9,0",0:7;1:2|6;2:2|6;3:1|2;4:5|6;5:1|4|5;6:7;7:8;8:0|3;9:0|1|4,0:7;1:2;2:2;3:2;4:5|6;5:1|5;6:7;7:3|8;8:0|3|4;9:1|4,0@1=2;0@7=1;1@2=1;2@7=1;2@2=2;2@3=1;2@9=1;3@0=1;3@4=2;3@5=1;4@1=2;4@2=1;4@0=1;4@4=1;5@1=1;5@2=2;5@3=1;5@0=1;6@3=1;7@2=1;7@3=1;7@9=1;8@1=1;8@3=1;8@4=1;8@6=1;8@8=1;9@1=1;9@2=1;9@6=1;9@8=1,"1,7,2,3,9,0,4,5,6,8",36,31,31,0,1.0,0.08813253874999044,0.2631578947368421,0.02497464401314837,0.0,0.0,0.2,0.006893157958984375,Feasible
1440,1439,4,3,1,"ADD:3,1;ADD:5,4;ADD:9,5;REMOVE:7,3",0:7;1:2;2:2;3:2;4:5|6;5:1|5;6:7;7:3|8;8:0|3|4;9:1|4,0:7;1:2;2:2;3:1|2;4:5|6;5:1|4|5;6:7;7:8;8:0|3|4;9:1|4|5,0@6=1;0@8=1;1@0=1;1@2=2;1@4=1;1@7=1;2@8=1;2@4=1;2@5=1;3@0=1;3@2=2;3@5=1;3@1=1;3@3=1;4@0=1;4@2=2;4@4=3;4@1=1;5@8=1;5@4=1;5@1=1;6@0=1;6@2=1;6@4=1;6@7=1;6@1=1;6@3=1;7@4=1;7@7=1;8@8=1;8@0=1;8@4=1;8@1=2;9@5=1,"6,8,0,2,4,7,5,1,3",40,34,34,0,1.0,-0.20974099433775312,0.0625,0.027759005662246913,0.0,0.0,0.30000000000000004,0.002564668655395508,Feasible
1441,1440,8,2,6,"ADD:2,1;ADD:6,4;REMOVE:3,1;REMOVE:5,4;REMOVE:8,0;REMOVE:8,3;REMOVE:9,1;REMOVE:9,5",0:7;1:2;2:2;3:1|2;4:5|6;5:1|4|5;6:7;7:8;8:0|3|4;9:1|4|5,0:7;1:2;2:1|2;3:2;4:5|6;5:1|5;6:4|7;7:8;8:4;9:4,0@1=1;0@2=2;0@4=1;1@7=1;2@1=1;2@4=1;2@0=2;2@5=2;2@9=2;3@7=1;4@1=1;4@2=1;4@4=1;4@7=1;5@1=1;5@0=1;5@3=1;6@4=1;6@7=1;6@6=1;7@2=1;7@4=1;8@2=1;8@4=2;9@4=1,"1,2,4,7,0,5,9,3,6",30,25,25,0,1.0,0.15741071663083367,0.3333333333333333,0.024077383297500383,0.0,0.0,0.2,0.007835865020751953,Feasible
1442,1441,6,2,4,"ADD:8,9;ADD:9,0;REMOVE:2,1;REMOVE:5,5;REMOVE:6,7;REMOVE:7,8",0:7;1:2;2:1|2;3:2;4:5|6;5:1|5;6:4|7;7:8;8:4;9:4,0:7;1:2;2:2;3:2;4:5|6;5:1;6:4;7:-;8:4|9;9:0|4,0@4=1;0@9=1;1@9=1;1@0=1;2@2=1;2@5=1;3@4=1;3@9=1;3@0=1;3@5=1;4@4=5;4@3=2;4@8=1;5@3=1;5@1=1;6@4=1;8@9=1;8@2=1;8@3=1;8@6=3;9@0=1,"4,9,0,2,5,3,8,1,6",28,21,21,0,1.0,0.10313301931260299,0.2857142857142857,0.017418733598317304,0.0,0.0,0.2,0.005784034729003906,Feasible
1443,1442,6,3,3,"ADD:6,0;ADD:6,3;ADD:9,9;REMOVE:4,6;REMOVE:5,1;REMOVE:8,4",0:7;1:2;2:2;3:2;4:5|6;5:1;6:4;7:-;8:4|9;9:0|4,0:7;1:2;2:2;3:2;4:5;5:-;6:0|3|4;7:-;8:9;9:0|4|9,0@4=2;1@5=1;2@4=1;2@5=1;2@2=1;2@3=1;3@2=1;4@2=2;4@0=1;6@4=1;6@2=1;6@3=1;6@0=1;8@2=1;8@9=1;9@2=1;9@9=1;9@1=1,"4,5,2,3,0,9,1",20,18,18,0,1.0,-0.015086121375163408,0.25,0.03491387862483663,0.0,0.0,0.30000000000000004,0.0041370391845703125,Feasible
1444,1443,9,2,7,"ADD:5,2;ADD:8,5;REMOVE:1,2;REMOVE:6,0;REMOVE:6,3;REMOVE:6,4;REMOVE:9,0;REMOVE:9,4;REMOVE:9,9",0:7;1:2;2:2;3:2;4:5;5:-;6:0|3|4;7:-;8:9;9:0|4|9,0:7;1:-;2:2;3:2;4:5;5:2;6:-;7:-;8:5|9;9:-,0@2=1;2@0=1;3@2=1;4@2=1;5@2=1;5@0=1;8@5=1,"2,0,5",7,7,7,0,1.0,0.4236119772130896,0.5833333333333334,0.04027864387975622,0.0,0.0,0.2,0.006186962127685547,Feasible
1445,1444,6,3,3,"ADD:1,3;ADD:6,8;ADD:9,7;REMOVE:2,2;REMOVE:3,2;REMOVE:5,2",0:7;1:-;2:2;3:2;4:5;5:2;6:-;7:-;8:5|9;9:-,0:7;1:3;2:-;3:-;4:5;5:-;6:8;7:-;8:5|9;9:7,0@2=1;1@3=1;4@2=1;4@0=1;6@8=1;8@8=1;9@7=1,"2,3,0,8,7",7,7,7,0,1.0,0.1718698924070977,0.42857142857142855,0.04329846383566921,0.0,0.0,0.30000000000000004,0.003587007522583008,Feasible
1446,1445,9,9,0,"ADD:0,5;ADD:1,0;ADD:2,0;ADD:3,4;ADD:4,4;ADD:5,2;ADD:7,1;ADD:7,2;ADD:8,4",0:7;1:3;2:-;3:-;4:5;5:-;6:8;7:-;8:5|9;9:7,0:5|7;1:0|3;2:0;3:4;4:4|5;5:2;6:8;7:1|2;8:4|5|9;9:7,0@1=1;0@5=1;0@6=1;1@5=1;1@0=1;1@2=1;2@0=1;3@4=3;3@8=1;4@0=1;4@2=2;4@4=1;5@2=1;5@3=1;5@7=1;6@1=1;6@5=1;6@2=1;6@4=1;6@7=1;7@1=2;7@2=1;8@5=1;8@2=1;8@4=1;9@2=1;9@4=1,"1,5,6,0,2,4,8,3,7",31,27,27,0,1.0,-0.8598009586005534,0.0,0.040199041399446536,0.0,0.0,0.8999999999999999,0.0015950202941894531,Feasible
1447,1446,13,8,5,"ADD:1,4;ADD:2,1;ADD:2,4;ADD:3,8;ADD:4,1;ADD:5,6;ADD:6,0;ADD:6,9;REMOVE:0,5;REMOVE:7,1;REMOVE:8,4;REMOVE:8,5;REMOVE:9,7",0:5|7;1:0|3;2:0;3:4;4:4|5;5:2;6:8;7:1|2;8:4|5|9;9:7,0:7;1:0|3|4;2:0|1|4;3:4|8;4:1|4|5;5:2|6;6:0|8|9;7:2;8:9;9:-,0@0=1;0@4=1;0@7=1;0@8=1;1@0=1;1@4=1;1@2=1;2@4=1;2@7=2;2@8=2;2@1=1;2@9=1;3@5=1;4@0=1;4@4=1;4@7=1;4@2=2;4@1=1;4@5=1;5@4=2;5@2=2;5@6=2;6@0=1;6@2=1;6@9=1;6@6=1;7@4=1;7@2=1;7@9=1;8@7=2;8@3=1,"0,4,7,8,2,1,9,5,6,3",38,31,31,0,1.0,-0.44922273052136685,0.3125,0.03827726947863305,0.0,0.0,0.7999999999999999,0.007012844085693359,Feasible
1448,1447,10,5,5,"ADD:0,5;ADD:7,6;ADD:8,4;ADD:8,5;ADD:9,2;REMOVE:1,0;REMOVE:1,3;REMOVE:1,4;REMOVE:3,4;REMOVE:4,5",0:7;1:0|3|4;2:0|1|4;3:4|8;4:1|4|5;5:2|6;6:0|8|9;7:2;8:9;9:-,0:5|7;1:-;2:0|1|4;3:8;4:1|4;5:2|6;6:0|8|9;7:2|6;8:4|5|9;9:2,0@1=1;0@5=1;0@7=2;0@9=1;2@1=1;2@5=1;2@9=1;2@2=2;2@3=2;3@1=2;3@2=1;3@4=1;4@1=3;5@1=1;5@9=1;5@2=1;5@3=1;5@6=1;6@1=1;6@3=1;6@4=1;6@0=1;6@8=1;7@7=1;7@2=1;7@6=2;7@0=2;8@1=1;8@5=2;8@7=1;8@2=1;8@3=1;8@4=2;8@0=1;9@2=2,"1,5,7,9,2,3,4,6,0,8",46,35,35,0,1.0,-0.19461155530795055,0.2631578947368421,0.04223054995520737,0.0,0.0,0.5,0.007166147232055664,Feasible
1449,1448,9,4,5,"ADD:1,1;ADD:1,2;ADD:4,5;ADD:9,1;REMOVE:0,5;REMOVE:2,0;REMOVE:6,0;REMOVE:6,9;REMOVE:7,2",0:5|7;1:-;2:0|1|4;3:8;4:1|4;5:2|6;6:0|8|9;7:2|6;8:4|5|9;9:2,0:7;1:1|2;2:1|4;3:8;4:1|4|5;5:2|6;6:8;7:6;8:4|5|9;9:1|2,0@1=1;0@2=1;0@6=2;1@1=1;1@2=2;1@4=1;1@5=1;1@7=1;1@8=1;2@1=2;2@2=1;2@6=1;2@4=1;2@8=2;2@9=1;3@4=2;4@2=1;4@6=1;4@5=2;4@7=2;4@3=1;5@1=1;5@6=2;5@0=2;6@1=2;6@2=2;6@6=1;6@4=2;6@7=1;6@8=1;7@1=1;8@1=1;8@2=1;8@4=1;8@3=1;8@0=1;9@1=1;9@2=2;9@6=1;9@4=2;9@5=1;9@8=1;9@9=1,"1,2,6,4,5,7,8,9,3,0",57,43,43,0,1.0,-0.11160443972410056,0.2631578947368421,0.02523766553905736,0.0,0.0,0.4,0.007366180419921875,Feasible
1450,1449,6,4,2,"ADD:3,0;ADD:3,9;ADD:6,0;ADD:6,3;REMOVE:4,1;REMOVE:8,4",0:7;1:1|2;2:1|4;3:8;4:1|4|5;5:2|6;6:8;7:6;8:4|5|9;9:1|2,0:7;1:1|2;2:1|4;3:0|8|9;4:4|5;5:2|6;6:0|3|8;7:6;8:5|9;9:1|2,0@3=3;0@4=1;1@1=2;1@2=1;2@1=2;2@2=3;2@8=1;2@9=1;3@2=1;3@9=1;3@0=1;4@4=1;4@2=1;4@8=2;4@5=1;4@6=1;5@4=1;5@1=1;5@2=1;5@8=1;5@6=1;6@3=1;6@4=1;6@2=1;6@9=1;6@0=1;7@4=1;7@1=1;8@1=1;8@9=1;8@0=1;8@5=1;9@4=2;9@1=1;9@2=1;9@8=1;9@7=2,"3,4,1,2,8,9,0,5,6,7",46,37,37,0,1.0,-0.2510333964466397,0.1111111111111111,0.0378554924422492,0.0,0.0,0.4,0.003838062286376953,Feasible
1451,1450,6,2,4,"ADD:4,1;ADD:8,4;REMOVE:1,1;REMOVE:3,0;REMOVE:6,0;REMOVE:6,8",0:7;1:1|2;2:1|4;3:0|8|9;4:4|5;5:2|6;6:0|3|8;7:6;8:5|9;9:1|2,0:7;1:2;2:1|4;3:8|9;4:1|4|5;5:2|6;6:3;7:6;8:4|5|9;9:1|2,0@6=1;1@8=1;2@1=1;2@2=1;2@4=1;3@1=1;3@4=1;3@3=1;4@1=1;4@0=1;4@7=1;5@1=1;6@3=1;8@1=1;8@2=1;8@4=1;8@9=1;9@1=3;9@3=1;9@7=2;9@9=1,"6,8,1,2,4,3,0,7,9",24,21,21,0,1.0,0.03668795518511658,0.2,0.03668795518511659,0.0,0.0,0.2,0.005470991134643555,Feasible
