Slot,Action,Dataset,Server
1,ADD,2,2
1,ADD,4,8
1,REMOVE,0,4
1,REMOVE,0,8
1,REMOVE,1,5
1,REMOVE,1,7
1,REMOVE,2,5
1,REMOVE,2,7
1,REMOVE,2,8
1,REMOVE,3,5
1,REMOVE,3,6
1,REMOVE,3,8
1,REMOVE,4,7
1,REMOVE,4,9
1,REMOVE,5,0
1,REMOVE,5,1
1,REMOVE,5,8
1,REMOVE,6,8
1,REMOVE,7,0
1,REMOVE,7,4
1,REMOVE,7,5
1,REMOVE,7,6
1,REMOVE,8,3
1,REMOVE,8,4
1,REMOVE,8,5
1,REMOVE,8,8
1,REMOVE,9,0
1,REMOVE,9,7
1,REMOVE,9,8
2,ADD,2,3
2,ADD,5,7
2,REMOVE,2,2
2,REMOVE,4,8
2,REMOVE,5,9
2,REMOVE,7,3
3,ADD,4,3
3,REMOVE,5,7
4,ADD,2,1
4,ADD,4,1
4,REMOVE,2,3
4,REMOVE,4,3
5,ADD,2,7
5,ADD,5,4
5,ADD,6,3
5,REMOVE,2,1
5,REMOVE,4,1
6,ADD,2,4
6,ADD,4,7
6,REMOVE,2,7
6,REMOVE,5,4
6,REMOVE,6,3
7,ADD,4,4
7,REMOVE,2,4
7,REMOVE,4,7
8,ADD,6,5
8,REMOVE,4,4
9,ADD,4,8
9,REMOVE,6,5
10,ADD,3,8
10,ADD,4,3
10,REMOVE,4,8
11,ADD,4,9
11,ADD,5,6
11,REMOVE,3,8
11,REMOVE,4,3
12,ADD,4,3
12,REMOVE,4,9
12,REMOVE,5,6
13,ADD,3,8
13,ADD,4,0
13,ADD,5,8
13,REMOVE,4,3
14,ADD,2,7
14,ADD,4,5
14,REMOVE,3,8
14,REMOVE,4,0
14,REMOVE,5,8
15,ADD,2,6
15,ADD,4,9
15,ADD,5,1
15,REMOVE,2,7
15,REMOVE,4,5
16,ADD,2,2
16,ADD,4,5
16,REMOVE,2,6
16,REMOVE,4,9
16,REMOVE,5,1
17,ADD,4,3
17,REMOVE,2,2
17,REMOVE,4,5
18,ADD,4,4
18,REMOVE,4,3
19,ADD,5,2
19,REMOVE,4,4
20,ADD,4,0
20,ADD,6,7
20,REMOVE,5,2
21,ADD,2,9
21,ADD,4,4
21,REMOVE,4,0
21,REMOVE,6,7
22,ADD,4,2
22,REMOVE,2,9
22,REMOVE,4,4
23,ADD,4,7
23,REMOVE,4,2
24,ADD,5,9
24,ADD,6,3
24,REMOVE,4,7
25,ADD,4,2
25,ADD,6,1
25,REMOVE,6,3
26,ADD,4,8
26,REMOVE,4,2
26,REMOVE,5,9
26,REMOVE,6,1
27,ADD,4,7
27,ADD,5,4
27,REMOVE,4,8
28,ADD,6,2
28,REMOVE,5,4
29,ADD,2,7
29,ADD,4,3
29,ADD,5,5
29,ADD,6,6
29,REMOVE,4,7
29,REMOVE,6,2
30,ADD,4,8
30,ADD,6,4
30,REMOVE,2,7
30,REMOVE,4,3
30,REMOVE,5,5
30,REMOVE,6,6
31,ADD,4,5
31,ADD,6,8
31,REMOVE,4,8
31,REMOVE,6,4
32,ADD,3,6
32,ADD,4,6
32,ADD,5,1
32,REMOVE,4,5
32,REMOVE,6,8
33,ADD,4,8
33,ADD,5,7
33,ADD,6,7
33,REMOVE,3,6
33,REMOVE,4,6
33,REMOVE,5,1
34,ADD,4,4
34,REMOVE,4,8
34,REMOVE,5,7
34,REMOVE,6,7
35,ADD,4,9
35,ADD,6,7
35,REMOVE,4,4
36,ADD,3,8
36,ADD,4,7
36,ADD,5,3
36,REMOVE,4,9
37,ADD,4,1
37,REMOVE,3,8
37,REMOVE,4,7
37,REMOVE,5,3
38,ADD,4,6
38,ADD,6,9
38,REMOVE,4,1
38,REMOVE,6,7
39,ADD,4,7
39,ADD,6,4
39,REMOVE,4,6
39,REMOVE,6,9
40,ADD,2,2
40,ADD,4,8
40,REMOVE,4,7
40,REMOVE,6,4
41,ADD,2,1
41,ADD,5,4
41,ADD,6,6
41,REMOVE,2,2
42,ADD,4,2
42,ADD,6,2
42,REMOVE,2,1
42,REMOVE,4,8
42,REMOVE,6,6
43,ADD,4,6
43,ADD,6,9
43,REMOVE,4,2
43,REMOVE,5,4
43,REMOVE,6,2
44,ADD,4,2
44,REMOVE,4,6
44,REMOVE,6,9
45,ADD,4,8
45,REMOVE,4,2
46,ADD,4,7
46,ADD,6,2
46,REMOVE,4,8
47,ADD,3,4
47,ADD,4,8
47,ADD,5,1
47,ADD,6,8
47,REMOVE,4,7
47,REMOVE,6,2
48,REMOVE,3,4
48,REMOVE,5,1
48,REMOVE,6,8
49,ADD,4,7
49,REMOVE,4,8
50,ADD,6,2
51,ADD,5,6
51,REMOVE,6,2
52,ADD,1,7
52,ADD,4,2
52,REMOVE,4,7
53,ADD,4,5
53,ADD,5,7
53,ADD,6,1
53,REMOVE,1,7
53,REMOVE,4,2
53,REMOVE,5,6
54,ADD,4,2
54,REMOVE,4,5
54,REMOVE,5,7
54,REMOVE,6,1
55,ADD,3,9
55,ADD,4,7
55,ADD,6,1
55,REMOVE,4,2
56,ADD,1,1
56,ADD,3,4
56,ADD,6,2
56,REMOVE,3,9
56,REMOVE,6,1
57,ADD,2,1
57,ADD,5,9
57,ADD,6,4
57,REMOVE,1,1
57,REMOVE,3,4
57,REMOVE,6,2
58,ADD,2,7
58,ADD,4,2
58,ADD,5,1
58,ADD,6,0
58,REMOVE,2,1
58,REMOVE,4,7
58,REMOVE,5,9
58,REMOVE,6,4
59,ADD,3,2
59,ADD,4,8
59,ADD,5,4
59,REMOVE,2,7
59,REMOVE,4,2
59,REMOVE,5,1
59,REMOVE,6,0
60,ADD,3,1
60,ADD,4,1
60,ADD,5,5
60,REMOVE,3,2
60,REMOVE,4,8
60,REMOVE,5,4
61,ADD,3,9
61,ADD,5,2
61,REMOVE,3,1
61,REMOVE,4,1
61,REMOVE,5,5
62,ADD,4,4
62,REMOVE,3,9
62,REMOVE,5,2
63,ADD,2,4
63,ADD,3,9
63,ADD,5,2
63,REMOVE,4,4
64,ADD,4,4
64,ADD,6,9
64,REMOVE,3,9
65,ADD,0,9
65,ADD,2,2
65,ADD,4,8
65,REMOVE,2,4
65,REMOVE,4,4
65,REMOVE,5,2
65,REMOVE,6,9
66,ADD,0,2
66,ADD,1,2
66,ADD,2,7
66,REMOVE,0,9
66,REMOVE,2,2
66,REMOVE,4,8
67,ADD,0,7
67,ADD,1,7
67,ADD,1,8
67,ADD,2,4
67,REMOVE,0,2
67,REMOVE,1,2
67,REMOVE,2,7
68,ADD,1,6
68,ADD,2,7
68,ADD,4,9
68,REMOVE,0,7
68,REMOVE,1,7
68,REMOVE,1,8
68,REMOVE,2,4
69,ADD,1,7
69,ADD,2,8
69,REMOVE,1,6
69,REMOVE,2,7
69,REMOVE,4,9
70,ADD,1,2
70,ADD,2,3
70,ADD,3,7
70,ADD,4,1
70,ADD,5,2
70,REMOVE,1,7
70,REMOVE,2,8
71,ADD,2,0
71,ADD,3,4
71,REMOVE,1,2
71,REMOVE,2,3
71,REMOVE,3,7
71,REMOVE,4,1
71,REMOVE,5,2
72,ADD,2,7
72,ADD,3,7
72,ADD,4,7
72,ADD,6,4
72,REMOVE,2,0
72,REMOVE,3,4
73,ADD,4,2
73,REMOVE,2,7
73,REMOVE,3,7
73,REMOVE,4,7
73,REMOVE,6,4
74,ADD,5,1
74,REMOVE,4,2
75,ADD,4,4
75,ADD,5,7
75,REMOVE,5,1
76,REMOVE,5,7
77,ADD,3,1
77,ADD,4,7
77,ADD,6,4
77,REMOVE,4,4
78,ADD,1,4
78,ADD,4,3
78,ADD,6,3
78,REMOVE,3,1
78,REMOVE,4,7
78,REMOVE,6,4
79,ADD,1,7
79,ADD,2,8
79,ADD,3,9
79,ADD,4,1
79,ADD,6,1
79,REMOVE,1,4
79,REMOVE,4,3
79,REMOVE,6,3
80,ADD,1,9
80,ADD,3,4
80,ADD,4,8
80,REMOVE,1,7
80,REMOVE,3,9
80,REMOVE,4,1
80,REMOVE,6,1
81,ADD,1,7
81,ADD,1,8
81,ADD,2,2
81,ADD,4,3
81,ADD,5,3
81,REMOVE,1,9
81,REMOVE,2,8
81,REMOVE,3,4
81,REMOVE,4,8
82,ADD,2,8
82,ADD,5,1
82,REMOVE,1,8
82,REMOVE,2,2
82,REMOVE,4,3
82,REMOVE,5,3
83,ADD,1,2
83,ADD,4,1
83,ADD,6,7
83,REMOVE,1,7
83,REMOVE,2,8
83,REMOVE,5,1
84,ADD,4,4
84,REMOVE,1,2
84,REMOVE,4,1
84,REMOVE,6,7
85,ADD,2,7
85,ADD,4,6
85,ADD,6,5
85,REMOVE,4,4
86,ADD,2,9
86,ADD,4,2
86,ADD,5,4
86,REMOVE,2,7
86,REMOVE,4,6
86,REMOVE,6,5
87,ADD,2,4
87,ADD,3,3
87,ADD,5,8
87,REMOVE,2,9
87,REMOVE,4,2
87,REMOVE,5,4
88,ADD,3,9
88,ADD,4,8
88,ADD,6,3
88,REMOVE,2,4
88,REMOVE,3,3
88,REMOVE,5,8
89,ADD,1,8
89,ADD,6,9
89,REMOVE,3,9
89,REMOVE,6,3
90,ADD,1,5
90,ADD,2,7
90,ADD,3,7
90,REMOVE,1,8
90,REMOVE,4,8
90,REMOVE,6,9
91,ADD,1,2
91,ADD,3,8
91,ADD,4,4
91,ADD,5,6
91,REMOVE,1,5
91,REMOVE,2,7
91,REMOVE,3,7
92,ADD,1,8
92,ADD,2,9
92,ADD,4,0
92,ADD,5,7
92,ADD,6,6
92,REMOVE,1,2
92,REMOVE,3,8
92,REMOVE,4,4
92,REMOVE,5,6
93,ADD,1,5
93,ADD,2,7
93,ADD,3,5
93,ADD,6,1
93,REMOVE,1,8
93,REMOVE,2,9
93,REMOVE,4,0
93,REMOVE,5,7
93,REMOVE,6,6
94,ADD,1,7
94,ADD,2,2
94,ADD,4,2
94,ADD,5,8
94,REMOVE,1,5
94,REMOVE,2,7
94,REMOVE,3,5
94,REMOVE,6,1
95,ADD,1,9
95,ADD,2,7
95,ADD,4,4
95,REMOVE,1,7
95,REMOVE,2,2
95,REMOVE,4,2
95,REMOVE,5,8
96,ADD,1,8
96,ADD,2,3
96,ADD,5,7
96,ADD,7,9
96,REMOVE,1,9
96,REMOVE,2,7
97,ADD,1,9
97,ADD,2,9
97,ADD,4,2
97,ADD,6,2
97,REMOVE,1,8
97,REMOVE,2,3
97,REMOVE,4,4
97,REMOVE,5,7
97,REMOVE,7,9
98,REMOVE,1,9
98,REMOVE,4,2
99,ADD,2,4
99,ADD,3,5
99,ADD,4,9
99,ADD,5,7
99,ADD,6,8
99,REMOVE,2,9
99,REMOVE,6,2
100,ADD,2,8
100,ADD,4,2
100,REMOVE,2,4
100,REMOVE,3,5
100,REMOVE,4,9
100,REMOVE,5,7
100,REMOVE,6,8
101,ADD,4,1
101,ADD,5,7
101,ADD,6,2
101,REMOVE,2,8
101,REMOVE,4,2
102,ADD,2,8
102,ADD,4,0
102,ADD,5,2
102,REMOVE,4,1
102,REMOVE,5,7
102,REMOVE,6,2
103,ADD,2,7
103,REMOVE,2,8
103,REMOVE,4,0
103,REMOVE,5,2
104,ADD,2,5
104,REMOVE,2,7
105,ADD,1,8
105,ADD,2,2
105,ADD,2,7
105,ADD,4,9
105,ADD,5,2
105,REMOVE,2,5
106,ADD,1,6
106,ADD,2,8
106,ADD,6,3
106,REMOVE,1,8
106,REMOVE,2,2
106,REMOVE,2,7
107,ADD,1,7
107,ADD,2,5
107,ADD,4,5
107,REMOVE,1,6
107,REMOVE,2,8
107,REMOVE,5,2
107,REMOVE,6,3
108,ADD,1,8
108,ADD,2,8
108,ADD,5,4
108,REMOVE,1,7
108,REMOVE,2,5
108,REMOVE,4,5
109,ADD,1,7
109,ADD,2,2
109,ADD,4,4
109,ADD,5,3
109,REMOVE,1,8
109,REMOVE,2,8
109,REMOVE,4,9
109,REMOVE,5,4
110,ADD,1,1
110,ADD,4,2
110,ADD,5,8
110,REMOVE,1,7
110,REMOVE,2,2
110,REMOVE,4,4
110,REMOVE,5,3
111,ADD,1,7
111,ADD,2,9
111,ADD,4,7
111,ADD,5,1
111,REMOVE,1,1
111,REMOVE,4,2
111,REMOVE,5,8
112,ADD,1,8
112,ADD,2,8
112,ADD,4,4
112,ADD,5,5
112,ADD,6,2
112,REMOVE,1,7
112,REMOVE,2,9
112,REMOVE,4,7
112,REMOVE,5,1
113,ADD,1,2
113,ADD,2,3
113,ADD,3,4
113,ADD,5,6
113,REMOVE,1,8
113,REMOVE,2,8
113,REMOVE,4,4
113,REMOVE,5,5
113,REMOVE,6,2
114,ADD,1,8
114,ADD,2,9
114,ADD,5,2
114,REMOVE,2,3
114,REMOVE,3,4
114,REMOVE,5,6
115,ADD,1,7
115,ADD,2,6
115,ADD,4,5
115,ADD,4,9
115,ADD,5,8
115,REMOVE,1,2
115,REMOVE,2,9
115,REMOVE,5,2
116,ADD,2,7
116,ADD,3,5
116,REMOVE,1,8
116,REMOVE,2,6
116,REMOVE,4,5
116,REMOVE,5,8
117,ADD,1,2
117,ADD,2,2
117,ADD,4,8
117,ADD,6,7
117,REMOVE,1,7
117,REMOVE,2,7
117,REMOVE,3,5
117,REMOVE,4,9
118,ADD,1,4
118,ADD,4,5
118,ADD,4,9
118,ADD,6,5
118,REMOVE,1,2
118,REMOVE,2,2
118,REMOVE,4,8
118,REMOVE,6,7
119,ADD,1,7
119,ADD,2,8
119,ADD,5,5
119,REMOVE,1,4
119,REMOVE,4,5
119,REMOVE,6,5
120,ADD,2,7
120,ADD,4,8
120,ADD,6,0
120,REMOVE,4,9
120,REMOVE,5,5
121,ADD,1,2
121,ADD,4,7
121,REMOVE,1,7
121,REMOVE,2,8
121,REMOVE,4,8
121,REMOVE,6,0
122,ADD,1,8
122,ADD,2,9
122,ADD,4,2
122,ADD,5,4
122,REMOVE,1,2
122,REMOVE,2,7
122,REMOVE,4,7
123,ADD,1,9
123,ADD,2,7
123,REMOVE,1,8
123,REMOVE,2,9
123,REMOVE,4,2
123,REMOVE,5,4
124,ADD,1,3
124,ADD,4,2
124,REMOVE,1,9
124,REMOVE,2,7
125,ADD,1,8
125,ADD,2,8
125,ADD,6,5
125,REMOVE,1,3
125,REMOVE,4,2
126,ADD,1,7
126,ADD,2,2
126,ADD,3,4
126,ADD,4,9
126,REMOVE,1,8
126,REMOVE,2,8
126,REMOVE,6,5
127,ADD,1,6
127,ADD,4,4
127,REMOVE,1,7
127,REMOVE,3,4
127,REMOVE,4,9
128,ADD,4,8
128,REMOVE,1,6
128,REMOVE,4,4
129,ADD,2,6
129,ADD,4,2
129,ADD,5,1
129,REMOVE,2,2
129,REMOVE,4,8
130,ADD,2,8
130,ADD,4,1
130,ADD,5,0
130,REMOVE,2,6
130,REMOVE,4,2
130,REMOVE,5,1
131,ADD,1,3
131,ADD,2,6
131,REMOVE,2,8
131,REMOVE,4,1
131,REMOVE,5,0
132,ADD,1,8
132,ADD,5,7
132,REMOVE,1,3
132,REMOVE,2,6
133,ADD,1,3
133,ADD,6,5
133,REMOVE,1,8
134,ADD,1,7
134,ADD,2,2
134,ADD,6,3
134,REMOVE,1,3
134,REMOVE,5,7
134,REMOVE,6,5
135,ADD,0,2
135,ADD,1,4
135,ADD,2,1
135,ADD,3,4
135,ADD,4,4
135,ADD,5,0
135,ADD,6,7
135,REMOVE,1,7
135,REMOVE,2,2
135,REMOVE,6,3
136,ADD,1,7
136,ADD,2,4
136,ADD,4,7
136,ADD,5,7
136,REMOVE,0,2
136,REMOVE,1,4
136,REMOVE,2,1
136,REMOVE,3,4
136,REMOVE,4,4
136,REMOVE,5,0
136,REMOVE,6,7
137,ADD,1,8
137,ADD,2,2
137,ADD,4,1
137,ADD,5,9
137,REMOVE,1,7
137,REMOVE,2,4
137,REMOVE,4,7
137,REMOVE,5,7
138,ADD,1,9
138,ADD,3,7
138,ADD,4,0
138,ADD,5,4
138,REMOVE,1,8
138,REMOVE,2,2
138,REMOVE,4,1
138,REMOVE,5,9
139,ADD,1,2
139,ADD,4,5
139,ADD,6,1
139,REMOVE,1,9
139,REMOVE,3,7
139,REMOVE,4,0
139,REMOVE,5,4
140,ADD,2,7
140,ADD,7,8
140,REMOVE,1,2
140,REMOVE,4,5
140,REMOVE,6,1
141,ADD,1,2
141,ADD,2,4
141,REMOVE,2,7
141,REMOVE,7,8
142,ADD,1,9
142,ADD,2,3
142,ADD,3,7
142,ADD,5,0
142,REMOVE,1,2
142,REMOVE,2,4
143,ADD,1,8
143,ADD,4,8
143,REMOVE,1,9
143,REMOVE,2,3
143,REMOVE,3,7
143,REMOVE,5,0
144,ADD,1,3
144,ADD,2,5
144,ADD,6,3
144,REMOVE,1,8
144,REMOVE,4,8
145,ADD,2,7
145,ADD,4,4
145,REMOVE,1,3
145,REMOVE,2,5
145,REMOVE,6,3
146,ADD,4,1
146,REMOVE,2,7
146,REMOVE,4,4
147,ADD,1,4
147,ADD,2,5
147,ADD,2,9
147,ADD,4,4
147,ADD,5,2
147,REMOVE,4,1
148,ADD,1,7
148,ADD,5,1
148,ADD,6,0
148,REMOVE,1,4
148,REMOVE,2,5
148,REMOVE,2,9
148,REMOVE,4,4
148,REMOVE,5,2
149,ADD,2,7
149,ADD,4,7
149,ADD,5,2
149,REMOVE,1,7
149,REMOVE,5,1
149,REMOVE,6,0
150,ADD,1,6
150,ADD,2,4
150,ADD,4,1
150,REMOVE,2,7
150,REMOVE,4,7
150,REMOVE,5,2
151,ADD,1,8
151,ADD,2,5
151,ADD,4,9
151,ADD,5,2
151,ADD,6,4
151,REMOVE,1,6
151,REMOVE,2,4
151,REMOVE,4,1
152,ADD,1,9
152,ADD,2,1
152,ADD,3,5
152,ADD,4,2
152,ADD,5,8
152,REMOVE,1,8
152,REMOVE,2,5
152,REMOVE,4,9
152,REMOVE,5,2
153,ADD,1,7
153,ADD,4,7
153,REMOVE,1,9
153,REMOVE,2,1
153,REMOVE,3,5
153,REMOVE,4,2
153,REMOVE,5,8
153,REMOVE,6,4
154,ADD,2,8
154,ADD,3,9
154,ADD,5,5
154,ADD,6,2
154,REMOVE,4,7
155,ADD,2,7
155,ADD,4,2
155,REMOVE,2,8
155,REMOVE,3,9
155,REMOVE,5,5
155,REMOVE,6,2
156,ADD,1,8
156,ADD,4,6
156,REMOVE,1,7
156,REMOVE,2,7
156,REMOVE,4,2
157,ADD,4,1
157,REMOVE,1,8
157,REMOVE,4,6
158,ADD,1,0
158,ADD,2,0
158,ADD,4,2
158,REMOVE,4,1
159,ADD,2,2
159,ADD,4,7
159,REMOVE,1,0
159,REMOVE,2,0
159,REMOVE,4,2
160,ADD,1,8
160,ADD,2,7
160,ADD,4,5
160,REMOVE,2,2
160,REMOVE,4,7
161,ADD,1,7
161,ADD,6,1
161,REMOVE,1,8
162,ADD,1,9
162,ADD,2,9
162,ADD,4,7
162,REMOVE,1,7
162,REMOVE,2,7
162,REMOVE,4,5
162,REMOVE,6,1
163,ADD,5,3
163,REMOVE,2,9
163,REMOVE,4,7
164,ADD,2,4
164,ADD,4,0
164,ADD,5,2
164,REMOVE,5,3
165,ADD,2,7
165,ADD,3,7
165,ADD,5,9
165,ADD,6,6
165,REMOVE,2,4
165,REMOVE,4,0
165,REMOVE,5,2
166,ADD,2,2
166,ADD,4,7
166,ADD,5,8
166,REMOVE,1,9
166,REMOVE,2,7
166,REMOVE,3,7
166,REMOVE,5,9
166,REMOVE,6,6
167,ADD,0,8
167,ADD,1,9
167,REMOVE,4,7
167,REMOVE,5,8
168,ADD,1,4
168,ADD,4,7
168,ADD,5,6
168,ADD,6,9
168,REMOVE,0,8
168,REMOVE,1,9
169,ADD,1,7
169,ADD,2,4
169,ADD,3,5
169,ADD,4,4
169,ADD,5,7
169,ADD,6,2
169,REMOVE,1,4
169,REMOVE,2,2
169,REMOVE,4,7
169,REMOVE,5,6
169,REMOVE,6,9
170,ADD,1,4
170,ADD,2,7
170,ADD,4,5
170,ADD,6,3
170,REMOVE,1,7
170,REMOVE,2,4
170,REMOVE,4,4
170,REMOVE,5,7
170,REMOVE,6,2
171,ADD,1,8
171,ADD,4,4
171,ADD,5,4
171,ADD,7,8
171,REMOVE,1,4
171,REMOVE,3,5
171,REMOVE,4,5
171,REMOVE,6,3
172,ADD,0,4
172,ADD,2,6
172,ADD,4,9
172,ADD,6,9
172,REMOVE,2,7
172,REMOVE,4,4
172,REMOVE,5,4
172,REMOVE,7,8
173,ADD,3,8
173,ADD,4,6
173,ADD,5,9
173,REMOVE,0,4
173,REMOVE,1,8
173,REMOVE,2,6
173,REMOVE,4,9
173,REMOVE,6,9
174,ADD,1,9
174,ADD,4,9
174,ADD,6,9
174,REMOVE,3,8
174,REMOVE,4,6
175,ADD,0,1
175,ADD,1,7
175,ADD,2,9
175,ADD,4,8
175,ADD,5,7
175,ADD,6,3
175,REMOVE,1,9
175,REMOVE,4,9
175,REMOVE,5,9
175,REMOVE,6,9
176,ADD,1,9
176,ADD,6,0
176,REMOVE,0,1
176,REMOVE,1,7
176,REMOVE,5,7
176,REMOVE,6,3
177,ADD,1,2
177,REMOVE,1,9
177,REMOVE,2,9
177,REMOVE,6,0
178,ADD,4,5
178,ADD,5,7
178,REMOVE,4,8
179,ADD,1,8
179,ADD,4,2
179,ADD,5,6
179,REMOVE,1,2
179,REMOVE,4,5
179,REMOVE,5,7
180,ADD,4,8
180,REMOVE,1,8
180,REMOVE,4,2
180,REMOVE,5,6
181,ADD,1,7
181,ADD,2,3
181,ADD,5,2
181,REMOVE,4,8
182,ADD,2,9
182,ADD,4,5
182,ADD,5,8
182,ADD,5,9
182,ADD,6,1
182,REMOVE,1,7
182,REMOVE,2,3
182,REMOVE,5,2
183,ADD,2,4
183,ADD,3,2
183,ADD,4,7
183,ADD,6,4
183,REMOVE,2,9
183,REMOVE,4,5
183,REMOVE,5,9
183,REMOVE,6,1
184,ADD,0,3
184,ADD,2,2
184,ADD,4,1
184,ADD,5,4
184,REMOVE,2,4
184,REMOVE,3,2
184,REMOVE,4,7
184,REMOVE,5,8
184,REMOVE,6,4
185,ADD,1,7
185,ADD,5,7
185,ADD,6,9
185,ADD,7,4
185,REMOVE,0,3
185,REMOVE,2,2
185,REMOVE,4,1
185,REMOVE,5,4
186,ADD,0,9
186,ADD,4,1
186,ADD,5,0
186,ADD,6,6
186,REMOVE,1,7
186,REMOVE,5,7
186,REMOVE,6,9
186,REMOVE,7,4
187,ADD,4,0
187,REMOVE,0,9
187,REMOVE,4,1
187,REMOVE,5,0
187,REMOVE,6,6
188,ADD,4,7
188,REMOVE,4,0
189,ADD,0,4
189,ADD,4,1
189,REMOVE,4,7
190,ADD,0,3
190,ADD,1,5
190,ADD,3,2
190,ADD,4,2
190,ADD,5,9
190,ADD,6,7
190,REMOVE,0,4
190,REMOVE,4,1
191,ADD,1,9
191,ADD,2,1
191,ADD,4,9
191,ADD,5,7
191,ADD,6,4
191,REMOVE,0,3
191,REMOVE,1,5
191,REMOVE,3,2
191,REMOVE,4,2
191,REMOVE,5,9
191,REMOVE,6,7
192,ADD,1,7
192,ADD,2,8
192,ADD,3,7
192,ADD,4,8
192,ADD,5,4
192,REMOVE,1,9
192,REMOVE,2,1
192,REMOVE,4,9
192,REMOVE,5,7
192,REMOVE,6,4
193,ADD,1,3
193,ADD,2,5
193,ADD,3,2
193,ADD,5,3
193,REMOVE,1,7
193,REMOVE,2,8
193,REMOVE,3,7
193,REMOVE,5,4
194,ADD,1,1
194,ADD,2,1
194,ADD,4,6
194,ADD,5,8
194,REMOVE,1,3
194,REMOVE,2,5
194,REMOVE,3,2
194,REMOVE,4,8
194,REMOVE,5,3
195,ADD,0,8
195,ADD,1,0
195,ADD,2,9
195,ADD,6,7
195,REMOVE,1,1
195,REMOVE,2,1
195,REMOVE,5,8
196,ADD,1,7
196,ADD,2,0
196,ADD,4,8
196,ADD,4,9
196,ADD,5,8
196,ADD,6,8
196,REMOVE,0,8
196,REMOVE,1,0
196,REMOVE,2,9
196,REMOVE,4,6
196,REMOVE,6,7
197,ADD,0,0
197,ADD,2,7
197,ADD,4,5
197,ADD,6,1
197,REMOVE,1,7
197,REMOVE,2,0
197,REMOVE,4,8
197,REMOVE,4,9
197,REMOVE,6,8
198,ADD,2,3
198,ADD,4,3
198,ADD,5,4
198,REMOVE,0,0
198,REMOVE,2,7
198,REMOVE,4,5
198,REMOVE,5,8
198,REMOVE,6,1
199,ADD,1,7
199,ADD,3,2
199,REMOVE,2,3
199,REMOVE,5,4
200,ADD,2,2
200,ADD,3,5
200,REMOVE,3,2
201,ADD,1,3
201,ADD,1,5
201,ADD,2,8
201,ADD,4,5
201,REMOVE,1,7
201,REMOVE,2,2
201,REMOVE,3,5
201,REMOVE,4,3
202,ADD,1,4
202,ADD,2,2
202,ADD,3,3
202,ADD,4,9
202,ADD,6,2
202,REMOVE,1,3
202,REMOVE,1,5
202,REMOVE,2,8
203,ADD,2,7
203,ADD,4,8
203,ADD,5,8
203,REMOVE,1,4
203,REMOVE,2,2
203,REMOVE,3,3
203,REMOVE,4,5
203,REMOVE,4,9
203,REMOVE,6,2
204,ADD,1,7
204,ADD,2,8
204,ADD,5,2
204,ADD,6,1
204,REMOVE,2,7
204,REMOVE,5,8
205,ADD,2,7
205,ADD,4,2
205,REMOVE,2,8
205,REMOVE,4,8
205,REMOVE,5,2
205,REMOVE,6,1
206,ADD,8,2
206,REMOVE,1,7
206,REMOVE,2,7
207,ADD,2,4
207,ADD,4,7
207,ADD,5,9
207,REMOVE,4,2
207,REMOVE,8,2
208,ADD,4,2
208,ADD,6,3
208,REMOVE,2,4
208,REMOVE,4,7
209,ADD,2,8
209,ADD,4,9
209,ADD,6,1
209,REMOVE,4,2
209,REMOVE,6,3
210,ADD,4,7
210,ADD,5,3
210,ADD,6,2
210,ADD,7,9
210,REMOVE,2,8
210,REMOVE,4,9
210,REMOVE,5,9
210,REMOVE,6,1
211,ADD,2,9
211,ADD,5,1
211,ADD,6,3
211,REMOVE,5,3
211,REMOVE,6,2
211,REMOVE,7,9
212,ADD,4,9
212,ADD,7,7
212,REMOVE,2,9
212,REMOVE,4,7
212,REMOVE,5,1
212,REMOVE,6,3
213,ADD,4,1
213,ADD,5,1
213,ADD,6,4
213,REMOVE,4,9
213,REMOVE,7,7
214,ADD,2,6
214,ADD,5,5
214,ADD,6,3
214,ADD,7,5
214,REMOVE,4,1
214,REMOVE,5,1
214,REMOVE,6,4
215,ADD,4,4
215,ADD,5,7
215,ADD,6,4
215,REMOVE,2,6
215,REMOVE,5,5
215,REMOVE,6,3
215,REMOVE,7,5
216,ADD,3,4
216,ADD,5,2
216,ADD,6,7
216,ADD,7,7
216,REMOVE,5,7
216,REMOVE,6,4
217,ADD,1,8
217,ADD,5,7
217,ADD,6,8
217,ADD,6,9
217,REMOVE,3,4
217,REMOVE,4,4
217,REMOVE,5,2
217,REMOVE,6,7
218,ADD,2,4
218,ADD,4,7
218,ADD,5,5
218,ADD,6,0
218,REMOVE,1,8
218,REMOVE,5,7
218,REMOVE,6,8
218,REMOVE,6,9
219,ADD,1,8
219,ADD,2,7
219,REMOVE,2,4
219,REMOVE,5,5
219,REMOVE,6,0
220,ADD,2,2
220,ADD,5,9
220,ADD,6,7
220,REMOVE,2,7
220,REMOVE,4,7
220,REMOVE,7,7
221,ADD,1,7
221,ADD,2,7
221,ADD,5,7
221,ADD,7,2
221,REMOVE,1,8
221,REMOVE,2,2
221,REMOVE,5,9
221,REMOVE,6,7
222,ADD,2,2
222,ADD,4,4
222,ADD,5,8
222,ADD,7,7
222,REMOVE,1,7
222,REMOVE,2,7
222,REMOVE,5,7
222,REMOVE,7,2
223,ADD,2,7
223,ADD,2,8
223,ADD,3,7
223,ADD,4,8
223,ADD,5,7
223,ADD,6,6
223,ADD,7,2
223,REMOVE,2,2
223,REMOVE,4,4
223,REMOVE,5,8
223,REMOVE,7,7
224,ADD,2,6
224,ADD,4,4
224,ADD,7,4
224,REMOVE,2,7
224,REMOVE,2,8
224,REMOVE,3,7
224,REMOVE,4,8
224,REMOVE,6,6
224,REMOVE,7,2
225,ADD,7,9
225,REMOVE,2,6
225,REMOVE,4,4
225,REMOVE,7,4
226,ADD,1,6
226,ADD,6,7
226,ADD,7,7
226,REMOVE,5,7
226,REMOVE,7,9
227,ADD,1,8
227,ADD,4,3
227,ADD,5,4
227,ADD,6,1
227,REMOVE,1,6
227,REMOVE,6,7
227,REMOVE,7,7
228,ADD,0,2
228,ADD,1,9
228,ADD,4,9
228,ADD,7,9
228,REMOVE,1,8
228,REMOVE,4,3
228,REMOVE,6,1
229,ADD,1,7
229,ADD,2,6
229,ADD,4,6
229,ADD,6,3
229,REMOVE,0,2
229,REMOVE,1,9
229,REMOVE,4,9
229,REMOVE,5,4
229,REMOVE,7,9
230,ADD,1,6
230,ADD,2,7
230,ADD,4,3
230,ADD,5,5
230,ADD,6,2
230,ADD,7,4
230,REMOVE,1,7
230,REMOVE,2,6
230,REMOVE,4,6
230,REMOVE,6,3
231,ADD,1,8
231,ADD,2,8
231,ADD,4,8
231,REMOVE,1,6
231,REMOVE,2,7
231,REMOVE,4,3
231,REMOVE,5,5
231,REMOVE,6,2
231,REMOVE,7,4
232,ADD,2,2
232,ADD,5,3
232,ADD,7,8
232,REMOVE,1,8
232,REMOVE,2,8
233,ADD,4,7
233,ADD,5,7
233,ADD,7,7
233,REMOVE,2,2
233,REMOVE,4,8
233,REMOVE,5,3
233,REMOVE,7,8
234,ADD,0,4
234,ADD,4,3
234,ADD,5,3
234,REMOVE,4,7
234,REMOVE,5,7
235,ADD,4,4
235,REMOVE,0,4
235,REMOVE,4,3
235,REMOVE,5,3
235,REMOVE,7,7
236,ADD,5,8
236,ADD,7,2
237,ADD,1,8
237,ADD,4,9
237,ADD,5,6
237,ADD,7,0
237,REMOVE,4,4
237,REMOVE,5,8
237,REMOVE,7,2
238,ADD,2,8
238,ADD,3,7
238,ADD,4,5
238,ADD,5,7
238,ADD,6,5
238,ADD,7,4
238,REMOVE,1,8
238,REMOVE,4,9
238,REMOVE,5,6
238,REMOVE,7,0
239,ADD,4,4
239,ADD,5,8
239,ADD,7,3
239,ADD,8,3
239,REMOVE,2,8
239,REMOVE,3,7
239,REMOVE,4,5
239,REMOVE,5,7
239,REMOVE,6,5
239,REMOVE,7,4
240,ADD,3,2
240,ADD,6,6
240,ADD,7,6
240,REMOVE,4,4
240,REMOVE,5,8
240,REMOVE,7,3
240,REMOVE,8,3
241,ADD,1,9
241,ADD,4,5
241,ADD,5,5
241,REMOVE,3,2
241,REMOVE,6,6
241,REMOVE,7,6
242,ADD,4,7
242,ADD,5,8
242,ADD,7,9
242,REMOVE,1,9
242,REMOVE,4,5
242,REMOVE,5,5
243,ADD,4,6
243,ADD,5,6
243,ADD,6,3
243,ADD,7,8
243,REMOVE,4,7
243,REMOVE,5,8
243,REMOVE,7,9
244,ADD,5,0
244,ADD,6,9
244,ADD,7,7
244,REMOVE,4,6
244,REMOVE,5,6
244,REMOVE,6,3
244,REMOVE,7,8
245,ADD,4,2
245,ADD,5,4
245,ADD,6,4
245,ADD,7,9
245,REMOVE,5,0
245,REMOVE,6,9
245,REMOVE,7,7
246,ADD,5,3
246,ADD,6,7
246,ADD,7,8
246,REMOVE,4,2
246,REMOVE,5,4
246,REMOVE,6,4
246,REMOVE,7,9
247,ADD,2,7
247,ADD,4,9
247,ADD,5,4
247,ADD,6,8
247,ADD,7,9
247,ADD,9,3
247,REMOVE,5,3
247,REMOVE,6,7
247,REMOVE,7,8
248,ADD,2,8
248,ADD,3,2
248,ADD,4,7
248,ADD,5,3
248,ADD,6,0
248,ADD,7,7
248,REMOVE,2,7
248,REMOVE,4,9
248,REMOVE,5,4
248,REMOVE,6,8
248,REMOVE,7,9
248,REMOVE,9,3
249,ADD,2,7
249,ADD,4,8
249,ADD,5,2
249,ADD,6,8
249,ADD,7,2
249,REMOVE,2,8
249,REMOVE,3,2
249,REMOVE,4,7
249,REMOVE,5,3
249,REMOVE,6,0
249,REMOVE,7,7
250,ADD,2,8
250,ADD,5,4
250,ADD,6,2
250,ADD,7,1
250,REMOVE,2,7
250,REMOVE,5,2
250,REMOVE,6,8
250,REMOVE,7,2
251,ADD,1,4
251,ADD,6,4
251,ADD,7,5
251,REMOVE,4,8
251,REMOVE,5,4
251,REMOVE,6,2
251,REMOVE,7,1
252,ADD,1,2
252,ADD,2,4
252,ADD,4,7
252,ADD,5,7
252,ADD,6,9
252,ADD,7,4
252,REMOVE,1,4
252,REMOVE,2,8
252,REMOVE,6,4
252,REMOVE,7,5
253,ADD,1,8
253,ADD,2,7
253,ADD,3,8
253,ADD,4,0
253,ADD,5,9
253,REMOVE,1,2
253,REMOVE,2,4
253,REMOVE,4,7
253,REMOVE,5,7
253,REMOVE,6,9
253,REMOVE,7,4
254,ADD,2,2
254,ADD,3,9
254,ADD,4,8
254,ADD,5,8
254,ADD,7,4
254,REMOVE,2,7
254,REMOVE,3,8
254,REMOVE,4,0
254,REMOVE,5,9
255,ADD,2,8
255,ADD,4,4
255,ADD,5,4
255,ADD,6,9
255,ADD,7,3
255,REMOVE,1,8
255,REMOVE,2,2
255,REMOVE,3,9
255,REMOVE,4,8
255,REMOVE,5,8
255,REMOVE,7,4
256,ADD,2,9
256,ADD,4,9
256,REMOVE,2,8
256,REMOVE,4,4
256,REMOVE,5,4
256,REMOVE,6,9
256,REMOVE,7,3
257,ADD,4,5
257,ADD,6,1
257,REMOVE,4,9
258,ADD,2,5
258,ADD,3,4
258,ADD,4,9
258,ADD,5,2
258,ADD,7,7
258,REMOVE,2,9
258,REMOVE,4,5
258,REMOVE,6,1
259,ADD,4,2
259,ADD,5,8
259,ADD,6,8
259,ADD,7,8
259,REMOVE,2,5
259,REMOVE,3,4
259,REMOVE,4,9
259,REMOVE,5,2
259,REMOVE,7,7
260,ADD,1,7
260,ADD,7,7
260,REMOVE,4,2
260,REMOVE,5,8
260,REMOVE,6,8
260,REMOVE,7,8
261,ADD,0,8
261,ADD,2,5
261,ADD,4,7
261,ADD,5,8
261,ADD,7,8
261,REMOVE,7,7
262,ADD,0,7
262,ADD,1,2
262,ADD,5,4
262,ADD,7,7
262,REMOVE,0,8
262,REMOVE,1,7
262,REMOVE,4,7
262,REMOVE,5,8
262,REMOVE,7,8
263,ADD,0,8
263,ADD,6,9
263,ADD,7,0
263,REMOVE,0,7
263,REMOVE,2,5
263,REMOVE,5,4
263,REMOVE,7,7
264,ADD,1,7
264,ADD,2,4
264,ADD,5,7
264,ADD,6,1
264,REMOVE,1,2
264,REMOVE,6,9
264,REMOVE,7,0
265,ADD,0,7
265,ADD,4,6
265,ADD,5,6
265,ADD,6,9
265,ADD,7,3
265,REMOVE,0,8
265,REMOVE,2,4
265,REMOVE,5,7
265,REMOVE,6,1
266,ADD,1,8
266,ADD,2,7
266,ADD,4,8
266,ADD,6,6
266,ADD,7,2
266,REMOVE,1,7
266,REMOVE,4,6
266,REMOVE,5,6
266,REMOVE,6,9
266,REMOVE,7,3
267,ADD,0,1
267,ADD,1,2
267,ADD,4,2
267,ADD,5,4
267,ADD,7,7
267,REMOVE,0,7
267,REMOVE,1,8
267,REMOVE,2,7
267,REMOVE,4,8
267,REMOVE,6,6
267,REMOVE,7,2
268,ADD,0,7
268,ADD,4,1
268,ADD,6,8
268,REMOVE,0,1
268,REMOVE,1,2
268,REMOVE,4,2
268,REMOVE,5,4
268,REMOVE,7,7
269,ADD,2,9
269,ADD,4,2
269,ADD,5,1
269,ADD,6,7
269,ADD,7,9
269,REMOVE,4,1
269,REMOVE,6,8
270,ADD,0,9
270,ADD,1,4
270,ADD,2,2
270,ADD,4,5
270,ADD,5,6
270,ADD,6,1
270,ADD,7,7
270,REMOVE,0,7
270,REMOVE,2,9
270,REMOVE,4,2
270,REMOVE,5,1
270,REMOVE,6,7
270,REMOVE,7,9
271,ADD,0,3
271,ADD,2,7
271,ADD,5,7
271,ADD,7,6
271,REMOVE,0,9
271,REMOVE,1,4
271,REMOVE,2,2
271,REMOVE,4,5
271,REMOVE,5,6
271,REMOVE,6,1
271,REMOVE,7,7
272,ADD,0,7
272,ADD,7,8
272,REMOVE,0,3
272,REMOVE,2,7
272,REMOVE,5,7
272,REMOVE,7,6
273,ADD,3,2
273,ADD,5,6
273,ADD,7,2
273,REMOVE,7,8
274,ADD,0,8
274,ADD,4,2
274,ADD,6,8
274,ADD,7,7
274,REMOVE,0,7
274,REMOVE,3,2
274,REMOVE,5,6
274,REMOVE,7,2
275,ADD,0,7
275,ADD,4,9
275,ADD,7,0
275,REMOVE,0,8
275,REMOVE,4,2
275,REMOVE,6,8
275,REMOVE,7,7
276,ADD,0,8
276,ADD,5,7
276,ADD,7,1
276,REMOVE,0,7
276,REMOVE,4,9
276,REMOVE,7,0
277,ADD,0,4
277,ADD,4,4
277,ADD,5,9
277,ADD,7,9
277,REMOVE,0,8
277,REMOVE,5,7
277,REMOVE,7,1
278,ADD,0,9
278,ADD,5,7
278,ADD,7,7
278,REMOVE,0,4
278,REMOVE,5,9
278,REMOVE,7,9
279,ADD,0,7
279,ADD,4,5
279,ADD,5,8
279,ADD,6,1
279,ADD,7,9
279,REMOVE,0,9
279,REMOVE,4,4
279,REMOVE,5,7
279,REMOVE,7,7
280,ADD,0,3
280,ADD,1,4
280,ADD,2,7
280,ADD,4,8
280,ADD,5,4
280,ADD,7,8
280,REMOVE,0,7
280,REMOVE,4,5
280,REMOVE,5,8
280,REMOVE,6,1
280,REMOVE,7,9
281,ADD,1,3
281,ADD,2,9
281,ADD,5,7
281,REMOVE,1,4
281,REMOVE,2,7
281,REMOVE,5,4
282,ADD,0,7
282,ADD,1,9
282,ADD,2,7
282,ADD,4,7
282,ADD,5,9
282,ADD,6,8
282,ADD,7,9
282,REMOVE,0,3
282,REMOVE,1,3
282,REMOVE,2,9
282,REMOVE,4,8
282,REMOVE,5,7
282,REMOVE,7,8
283,ADD,4,8
283,ADD,6,5
283,ADD,7,2
283,REMOVE,1,9
283,REMOVE,2,7
283,REMOVE,4,7
283,REMOVE,5,9
283,REMOVE,6,8
283,REMOVE,7,9
284,ADD,2,7
284,ADD,4,3
284,ADD,4,5
284,ADD,5,7
284,ADD,6,8
284,ADD,7,7
284,REMOVE,4,8
284,REMOVE,6,5
284,REMOVE,7,2
285,ADD,5,4
285,REMOVE,2,7
285,REMOVE,4,3
285,REMOVE,4,5
285,REMOVE,5,7
285,REMOVE,6,8
285,REMOVE,7,7
286,ADD,2,7
286,ADD,5,9
286,ADD,7,8
286,REMOVE,5,4
287,ADD,0,3
287,ADD,1,7
287,ADD,4,8
287,ADD,5,4
287,ADD,6,1
287,ADD,7,7
287,REMOVE,0,7
287,REMOVE,5,9
287,REMOVE,7,8
288,ADD,0,1
288,ADD,4,3
288,ADD,5,2
288,ADD,7,4
288,REMOVE,0,3
288,REMOVE,1,7
288,REMOVE,2,7
288,REMOVE,4,8
288,REMOVE,5,4
288,REMOVE,7,7
289,ADD,0,8
289,ADD,4,2
289,ADD,5,9
289,ADD,6,7
289,ADD,7,7
289,REMOVE,0,1
289,REMOVE,4,3
289,REMOVE,5,2
289,REMOVE,6,1
289,REMOVE,7,4
290,ADD,0,7
290,ADD,1,2
290,ADD,4,7
290,ADD,5,4
290,ADD,6,1
290,REMOVE,0,8
290,REMOVE,4,2
290,REMOVE,5,9
290,REMOVE,6,7
290,REMOVE,7,7
291,ADD,0,8
291,ADD,1,8
291,ADD,2,5
291,ADD,4,2
291,ADD,5,8
291,ADD,7,3
291,REMOVE,0,7
291,REMOVE,1,2
291,REMOVE,4,7
291,REMOVE,5,4
291,REMOVE,6,1
292,ADD,0,5
292,ADD,6,4
292,ADD,7,7
292,ADD,8,4
292,REMOVE,0,8
292,REMOVE,1,8
292,REMOVE,2,5
292,REMOVE,4,2
292,REMOVE,5,8
292,REMOVE,7,3
293,ADD,0,3
293,ADD,1,9
293,ADD,4,5
293,ADD,5,2
293,ADD,8,1
293,REMOVE,0,5
293,REMOVE,6,4
293,REMOVE,7,7
293,REMOVE,8,4
294,ADD,0,4
294,ADD,4,1
294,ADD,5,8
294,ADD,6,2
294,ADD,7,6
294,REMOVE,0,3
294,REMOVE,4,5
294,REMOVE,5,2
294,REMOVE,8,1
295,ADD,0,8
295,ADD,2,4
295,ADD,5,7
295,ADD,6,5
295,ADD,7,7
295,REMOVE,0,4
295,REMOVE,1,9
295,REMOVE,4,1
295,REMOVE,5,8
295,REMOVE,6,2
295,REMOVE,7,6
296,ADD,0,7
296,ADD,1,3
296,ADD,3,1
296,ADD,4,6
296,ADD,6,1
296,ADD,7,3
296,REMOVE,0,8
296,REMOVE,2,4
296,REMOVE,6,5
296,REMOVE,7,7
297,ADD,0,3
297,ADD,1,5
297,ADD,1,9
297,ADD,3,9
297,ADD,4,2
297,ADD,5,1
297,ADD,6,7
297,ADD,7,6
297,REMOVE,0,7
297,REMOVE,1,3
297,REMOVE,3,1
297,REMOVE,4,6
297,REMOVE,5,7
297,REMOVE,6,1
297,REMOVE,7,3
298,ADD,1,2
298,ADD,7,8
298,REMOVE,0,3
298,REMOVE,1,5
298,REMOVE,1,9
298,REMOVE,3,9
298,REMOVE,4,2
298,REMOVE,6,7
298,REMOVE,7,6
299,ADD,1,9
299,ADD,4,6
299,ADD,6,2
299,ADD,7,9
299,REMOVE,1,2
299,REMOVE,5,1
299,REMOVE,7,8
300,ADD,0,7
300,ADD,1,7
300,ADD,4,7
300,ADD,5,6
300,ADD,7,2
300,REMOVE,1,9
300,REMOVE,4,6
300,REMOVE,6,2
300,REMOVE,7,9
301,ADD,0,2
301,ADD,2,8
301,ADD,4,4
301,ADD,5,7
301,ADD,6,5
301,ADD,7,7
301,REMOVE,4,7
301,REMOVE,5,6
301,REMOVE,7,2
302,ADD,0,8
302,ADD,1,9
302,ADD,2,1
302,ADD,4,7
302,ADD,5,4
302,REMOVE,0,2
302,REMOVE,1,7
302,REMOVE,2,8
302,REMOVE,4,4
302,REMOVE,5,7
302,REMOVE,6,5
303,ADD,2,4
303,ADD,6,4
303,ADD,7,4
303,REMOVE,0,8
303,REMOVE,1,9
303,REMOVE,2,1
303,REMOVE,5,4
303,REMOVE,7,7
304,ADD,0,2
304,ADD,1,9
304,ADD,3,0
304,ADD,4,0
304,ADD,5,4
304,ADD,6,2
304,ADD,7,9
304,REMOVE,0,7
304,REMOVE,2,4
304,REMOVE,4,7
304,REMOVE,6,4
304,REMOVE,7,4
305,ADD,0,1
305,ADD,1,3
305,ADD,2,6
305,ADD,4,7
305,ADD,5,6
305,ADD,6,7
305,REMOVE,0,2
305,REMOVE,1,9
305,REMOVE,3,0
305,REMOVE,4,0
305,REMOVE,5,4
305,REMOVE,6,2
305,REMOVE,7,9
306,ADD,0,5
306,ADD,2,7
306,ADD,4,3
306,ADD,6,2
306,ADD,7,4
306,REMOVE,0,1
306,REMOVE,1,3
306,REMOVE,2,6
306,REMOVE,4,7
306,REMOVE,5,6
306,REMOVE,6,7
307,ADD,0,9
307,ADD,2,6
307,ADD,4,2
307,ADD,5,8
307,ADD,7,5
307,ADD,8,4
307,REMOVE,0,5
307,REMOVE,2,7
307,REMOVE,4,3
307,REMOVE,6,2
307,REMOVE,7,4
308,ADD,0,2
308,ADD,1,8
308,ADD,2,3
308,ADD,4,5
308,ADD,6,1
308,ADD,7,4
308,REMOVE,0,9
308,REMOVE,2,6
308,REMOVE,4,2
308,REMOVE,7,5
308,REMOVE,8,4
309,ADD,0,9
309,ADD,1,4
309,ADD,2,7
309,ADD,4,6
309,ADD,5,4
309,ADD,6,5
309,ADD,7,2
309,REMOVE,0,2
309,REMOVE,1,8
309,REMOVE,2,3
309,REMOVE,4,5
309,REMOVE,5,8
309,REMOVE,6,1
309,REMOVE,7,4
310,ADD,1,9
310,ADD,4,9
310,ADD,5,7
310,ADD,6,0
310,ADD,7,4
310,REMOVE,1,4
310,REMOVE,4,6
310,REMOVE,5,4
310,REMOVE,6,5
310,REMOVE,7,2
311,ADD,0,3
311,ADD,4,2
311,ADD,6,4
311,ADD,7,2
311,REMOVE,0,9
311,REMOVE,4,9
311,REMOVE,5,7
311,REMOVE,6,0
311,REMOVE,7,4
312,ADD,2,4
312,ADD,3,6
312,ADD,4,8
312,ADD,4,9
312,ADD,5,2
312,ADD,6,7
312,ADD,7,7
312,REMOVE,0,3
312,REMOVE,1,9
312,REMOVE,2,7
312,REMOVE,4,2
312,REMOVE,6,4
312,REMOVE,7,2
313,ADD,1,6
313,ADD,4,4
313,ADD,6,8
313,ADD,7,0
313,REMOVE,2,4
313,REMOVE,3,6
313,REMOVE,4,8
313,REMOVE,4,9
313,REMOVE,6,7
313,REMOVE,7,7
314,ADD,1,9
314,ADD,2,7
314,ADD,3,7
314,ADD,4,9
314,ADD,5,8
314,ADD,6,4
314,ADD,7,8
314,REMOVE,1,6
314,REMOVE,4,4
314,REMOVE,5,2
314,REMOVE,6,8
314,REMOVE,7,0
315,ADD,1,2
315,ADD,2,6
315,ADD,4,2
315,ADD,5,5
315,ADD,6,8
315,ADD,7,5
315,REMOVE,1,9
315,REMOVE,2,7
315,REMOVE,3,7
315,REMOVE,4,9
315,REMOVE,5,8
315,REMOVE,6,4
316,ADD,1,7
316,ADD,2,0
316,ADD,4,4
316,ADD,5,8
316,ADD,6,9
316,REMOVE,1,2
316,REMOVE,2,6
316,REMOVE,4,2
316,REMOVE,5,5
316,REMOVE,6,8
316,REMOVE,7,5
317,ADD,2,2
317,ADD,4,7
317,ADD,5,1
317,ADD,7,9
317,REMOVE,2,0
317,REMOVE,4,4
317,REMOVE,5,8
317,REMOVE,6,9
317,REMOVE,7,8
318,ADD,1,2
318,ADD,2,9
318,ADD,4,8
318,ADD,5,9
318,ADD,7,8
318,REMOVE,1,7
318,REMOVE,2,2
318,REMOVE,4,7
318,REMOVE,5,1
318,REMOVE,7,9
319,ADD,1,8
319,ADD,4,9
319,ADD,7,4
319,REMOVE,1,2
319,REMOVE,2,9
319,REMOVE,4,8
319,REMOVE,5,9
319,REMOVE,7,8
320,ADD,1,7
320,ADD,2,9
320,ADD,4,4
320,ADD,5,9
320,REMOVE,1,8
320,REMOVE,4,9
320,REMOVE,7,4
321,ADD,2,4
321,ADD,4,2
321,ADD,7,2
321,REMOVE,2,9
321,REMOVE,4,4
321,REMOVE,5,9
322,ADD,1,2
322,ADD,2,6
322,ADD,7,3
322,REMOVE,1,7
322,REMOVE,2,4
322,REMOVE,4,2
322,REMOVE,7,2
323,ADD,1,0
323,ADD,2,7
323,ADD,4,4
323,ADD,6,5
323,ADD,7,8
323,REMOVE,1,2
323,REMOVE,2,6
323,REMOVE,7,3
324,ADD,1,3
324,ADD,2,8
324,ADD,4,2
324,ADD,5,3
324,ADD,7,7
324,REMOVE,1,0
324,REMOVE,2,7
324,REMOVE,4,4
324,REMOVE,6,5
324,REMOVE,7,8
325,ADD,1,9
325,ADD,2,4
325,ADD,4,6
325,ADD,6,8
325,REMOVE,1,3
325,REMOVE,2,8
325,REMOVE,4,2
325,REMOVE,5,3
326,ADD,2,2
326,ADD,4,2
326,ADD,5,1
326,ADD,7,5
326,REMOVE,1,9
326,REMOVE,2,4
326,REMOVE,4,6
326,REMOVE,6,8
326,REMOVE,7,7
327,ADD,1,6
327,ADD,2,8
327,ADD,7,6
327,REMOVE,2,2
327,REMOVE,4,2
327,REMOVE,5,1
327,REMOVE,7,5
328,ADD,0,1
328,ADD,1,2
328,ADD,2,7
328,ADD,5,7
328,ADD,6,4
328,ADD,7,2
328,REMOVE,1,6
328,REMOVE,2,8
328,REMOVE,7,6
329,ADD,1,7
329,ADD,2,2
329,ADD,4,2
329,ADD,6,7
329,ADD,7,8
329,REMOVE,0,1
329,REMOVE,1,2
329,REMOVE,2,7
329,REMOVE,6,4
329,REMOVE,7,2
330,ADD,4,4
330,ADD,6,0
330,ADD,7,7
330,REMOVE,1,7
330,REMOVE,4,2
330,REMOVE,5,7
330,REMOVE,6,7
330,REMOVE,7,8
331,ADD,1,6
331,ADD,2,7
331,ADD,5,8
331,ADD,7,4
331,REMOVE,2,2
331,REMOVE,4,4
331,REMOVE,7,7
332,ADD,1,8
332,ADD,2,0
332,ADD,4,5
332,REMOVE,1,6
332,REMOVE,2,7
332,REMOVE,6,0
333,ADD,2,2
333,ADD,4,7
333,ADD,6,5
333,ADD,7,7
333,REMOVE,1,8
333,REMOVE,2,0
333,REMOVE,4,5
333,REMOVE,7,4
334,ADD,1,7
334,ADD,2,5
334,ADD,6,2
334,ADD,7,2
334,REMOVE,2,2
334,REMOVE,5,8
334,REMOVE,6,5
334,REMOVE,7,7
335,ADD,1,0
335,ADD,4,5
335,ADD,5,8
335,ADD,7,7
335,ADD,7,8
335,REMOVE,1,7
335,REMOVE,2,5
335,REMOVE,4,7
335,REMOVE,6,2
335,REMOVE,7,2
336,ADD,0,8
336,ADD,1,2
336,ADD,2,7
336,ADD,4,1
336,ADD,5,7
336,ADD,7,2
336,REMOVE,1,0
336,REMOVE,4,5
336,REMOVE,5,8
336,REMOVE,7,7
336,REMOVE,7,8
337,ADD,0,4
337,ADD,1,3
337,ADD,2,1
337,ADD,7,7
337,REMOVE,0,8
337,REMOVE,1,2
337,REMOVE,2,7
337,REMOVE,4,1
337,REMOVE,5,7
337,REMOVE,7,2
338,ADD,1,9
338,ADD,7,3
338,REMOVE,0,4
338,REMOVE,1,3
338,REMOVE,2,1
338,REMOVE,7,7
339,ADD,2,7
339,ADD,3,6
339,ADD,4,6
339,ADD,5,4
339,ADD,7,2
339,REMOVE,7,3
340,ADD,1,8
340,ADD,5,9
340,ADD,7,7
340,REMOVE,1,9
340,REMOVE,2,7
340,REMOVE,3,6
340,REMOVE,4,6
340,REMOVE,5,4
340,REMOVE,7,2
341,ADD,3,7
341,ADD,4,3
341,ADD,5,7
341,ADD,6,4
341,ADD,7,1
341,REMOVE,1,8
341,REMOVE,5,9
341,REMOVE,7,7
342,ADD,0,9
342,ADD,4,8
342,ADD,5,5
342,ADD,6,5
342,ADD,7,9
342,REMOVE,3,7
342,REMOVE,4,3
342,REMOVE,5,7
342,REMOVE,6,4
342,REMOVE,7,1
343,ADD,0,7
343,ADD,1,1
343,ADD,4,6
343,ADD,5,6
343,ADD,7,2
343,REMOVE,0,9
343,REMOVE,4,8
343,REMOVE,5,5
343,REMOVE,6,5
343,REMOVE,7,9
344,ADD,0,8
344,ADD,1,3
344,ADD,2,8
344,ADD,4,1
344,ADD,6,8
344,REMOVE,0,7
344,REMOVE,1,1
344,REMOVE,4,6
344,REMOVE,5,6
344,REMOVE,7,2
345,ADD,0,2
345,ADD,1,2
345,ADD,2,7
345,ADD,3,1
345,ADD,4,8
345,ADD,7,7
345,REMOVE,0,8
345,REMOVE,1,3
345,REMOVE,2,8
345,REMOVE,4,1
345,REMOVE,6,8
346,ADD,0,7
346,ADD,1,8
346,ADD,5,1
346,ADD,7,2
346,REMOVE,0,2
346,REMOVE,1,2
346,REMOVE,3,1
346,REMOVE,4,8
346,REMOVE,7,7
347,ADD,0,4
347,ADD,2,9
347,ADD,4,5
347,ADD,6,1
347,ADD,7,9
347,REMOVE,0,7
347,REMOVE,1,8
347,REMOVE,2,7
347,REMOVE,7,2
348,ADD,0,9
348,ADD,1,9
348,ADD,2,7
348,ADD,6,4
348,ADD,7,7
348,REMOVE,0,4
348,REMOVE,2,9
348,REMOVE,4,5
348,REMOVE,5,1
348,REMOVE,6,1
348,REMOVE,7,9
349,ADD,0,8
349,ADD,1,5
349,ADD,2,8
349,ADD,4,5
349,ADD,5,3
349,ADD,7,4
349,REMOVE,0,9
349,REMOVE,2,7
349,REMOVE,6,4
349,REMOVE,7,7
350,ADD,1,4
350,ADD,3,4
350,ADD,4,7
350,ADD,5,7
350,ADD,7,7
350,REMOVE,1,5
350,REMOVE,1,9
350,REMOVE,2,8
350,REMOVE,4,5
350,REMOVE,5,3
350,REMOVE,7,4
351,ADD,3,6
351,ADD,5,2
351,REMOVE,0,8
351,REMOVE,1,4
351,REMOVE,3,4
351,REMOVE,4,7
351,REMOVE,5,7
352,ADD,7,5
352,REMOVE,3,6
352,REMOVE,5,2
352,REMOVE,7,7
353,ADD,6,1
353,ADD,7,4
353,REMOVE,7,5
354,ADD,0,4
354,ADD,1,7
354,ADD,2,2
354,ADD,4,3
354,ADD,5,7
354,ADD,7,9
354,REMOVE,6,1
354,REMOVE,7,4
355,ADD,4,9
355,ADD,7,4
355,REMOVE,0,4
355,REMOVE,1,7
355,REMOVE,2,2
355,REMOVE,4,3
355,REMOVE,5,7
355,REMOVE,7,9
356,ADD,1,9
356,ADD,3,0
356,ADD,7,2
356,REMOVE,7,4
357,ADD,1,8
357,ADD,4,8
357,ADD,7,8
357,REMOVE,1,9
357,REMOVE,3,0
357,REMOVE,4,9
357,REMOVE,7,2
358,ADD,1,5
358,ADD,5,4
358,ADD,6,3
358,ADD,7,7
358,ADD,8,4
358,REMOVE,1,8
358,REMOVE,7,8
359,ADD,1,1
359,ADD,2,2
359,REMOVE,1,5
359,REMOVE,4,8
359,REMOVE,5,4
359,REMOVE,6,3
359,REMOVE,7,7
359,REMOVE,8,4
360,ADD,1,5
360,ADD,4,9
360,ADD,5,3
360,ADD,7,1
360,REMOVE,1,1
360,REMOVE,2,2
361,ADD,1,2
361,ADD,7,9
361,REMOVE,1,5
361,REMOVE,5,3
361,REMOVE,7,1
362,ADD,1,9
362,ADD,4,7
362,ADD,5,8
362,REMOVE,1,2
362,REMOVE,4,9
363,ADD,0,2
363,ADD,1,6
363,ADD,4,4
363,ADD,5,3
363,ADD,7,7
363,REMOVE,1,9
363,REMOVE,4,7
363,REMOVE,5,8
363,REMOVE,7,9
364,ADD,0,3
364,ADD,1,2
364,ADD,7,1
364,REMOVE,0,2
364,REMOVE,1,6
364,REMOVE,4,4
364,REMOVE,5,3
364,REMOVE,7,7
365,ADD,1,4
365,ADD,4,2
365,ADD,7,2
365,REMOVE,0,3
365,REMOVE,1,2
365,REMOVE,7,1
366,ADD,1,9
366,ADD,7,1
366,REMOVE,1,4
366,REMOVE,4,2
366,REMOVE,7,2
367,ADD,1,6
367,ADD,5,4
367,ADD,6,0
367,ADD,7,8
367,REMOVE,1,9
367,REMOVE,7,1
368,ADD,1,9
368,ADD,4,2
368,ADD,7,2
368,REMOVE,1,6
368,REMOVE,5,4
368,REMOVE,6,0
368,REMOVE,7,8
369,REMOVE,4,2
370,ADD,1,8
370,REMOVE,1,9
370,REMOVE,7,2
371,ADD,2,3
371,ADD,3,6
371,ADD,4,7
371,ADD,8,2
371,REMOVE,1,8
372,ADD,2,1
372,ADD,4,1
372,ADD,7,7
372,REMOVE,2,3
372,REMOVE,3,6
372,REMOVE,4,7
372,REMOVE,8,2
373,ADD,2,4
373,ADD,3,8
373,ADD,4,7
373,ADD,5,3
373,ADD,7,2
373,REMOVE,2,1
373,REMOVE,4,1
373,REMOVE,7,7
374,ADD,1,2
374,ADD,2,8
374,ADD,5,9
374,ADD,6,1
374,ADD,7,3
374,REMOVE,2,4
374,REMOVE,3,8
374,REMOVE,4,7
374,REMOVE,5,3
374,REMOVE,7,2
375,ADD,3,3
375,ADD,4,6
375,ADD,7,4
375,REMOVE,1,2
375,REMOVE,2,8
375,REMOVE,5,9
375,REMOVE,6,1
375,REMOVE,7,3
376,ADD,1,7
376,ADD,4,8
376,ADD,5,3
376,ADD,7,8
376,REMOVE,3,3
376,REMOVE,4,6
376,REMOVE,7,4
377,ADD,1,1
377,ADD,4,7
377,ADD,7,2
377,REMOVE,1,7
377,REMOVE,4,8
377,REMOVE,5,3
377,REMOVE,7,8
378,ADD,0,9
378,ADD,1,4
378,ADD,4,9
378,ADD,5,1
378,ADD,6,7
378,ADD,7,7
378,REMOVE,1,1
378,REMOVE,4,7
378,REMOVE,7,2
379,ADD,1,8
379,ADD,4,8
379,ADD,5,7
379,ADD,6,0
379,ADD,7,0
379,REMOVE,0,9
379,REMOVE,1,4
379,REMOVE,4,9
379,REMOVE,5,1
379,REMOVE,6,7
379,REMOVE,7,7
380,ADD,1,7
380,ADD,4,3
380,ADD,7,8
380,REMOVE,1,8
380,REMOVE,4,8
380,REMOVE,5,7
380,REMOVE,6,0
380,REMOVE,7,0
381,ADD,4,6
381,ADD,4,7
381,ADD,7,9
381,REMOVE,1,7
381,REMOVE,4,3
381,REMOVE,7,8
382,ADD,1,6
382,ADD,4,2
382,ADD,5,8
382,ADD,7,7
382,REMOVE,4,6
382,REMOVE,4,7
382,REMOVE,7,9
383,ADD,1,7
383,ADD,2,9
383,ADD,4,8
383,ADD,5,3
383,ADD,7,2
383,REMOVE,1,6
383,REMOVE,4,2
383,REMOVE,5,8
383,REMOVE,7,7
384,ADD,1,1
384,ADD,4,2
384,ADD,6,2
384,ADD,7,1
384,REMOVE,1,7
384,REMOVE,2,9
384,REMOVE,4,8
384,REMOVE,5,3
384,REMOVE,7,2
385,ADD,1,8
385,ADD,4,8
385,ADD,7,5
385,REMOVE,1,1
385,REMOVE,4,2
385,REMOVE,6,2
385,REMOVE,7,1
386,ADD,4,0
386,ADD,5,8
386,ADD,6,2
386,ADD,7,2
386,REMOVE,1,8
386,REMOVE,4,8
386,REMOVE,7,5
387,ADD,1,7
387,ADD,2,2
387,ADD,4,7
387,ADD,5,6
387,ADD,6,5
387,ADD,7,7
387,REMOVE,4,0
387,REMOVE,5,8
387,REMOVE,6,2
387,REMOVE,7,2
388,ADD,2,8
388,ADD,3,2
388,ADD,5,2
388,ADD,7,2
388,REMOVE,1,7
388,REMOVE,2,2
388,REMOVE,5,6
388,REMOVE,6,5
388,REMOVE,7,7
389,ADD,4,8
389,ADD,5,4
389,REMOVE,2,8
389,REMOVE,3,2
389,REMOVE,4,7
389,REMOVE,5,2
389,REMOVE,7,2
390,ADD,4,7
390,ADD,6,7
390,REMOVE,4,8
391,ADD,5,2
391,ADD,7,2
391,REMOVE,5,4
392,ADD,5,7
392,REMOVE,4,7
392,REMOVE,5,2
392,REMOVE,6,7
392,REMOVE,7,2
393,ADD,4,7
393,ADD,5,2
393,ADD,7,5
393,REMOVE,5,7
394,ADD,0,2
394,ADD,4,8
394,ADD,6,0
394,ADD,7,7
394,ADD,7,8
394,REMOVE,5,2
394,REMOVE,7,5
395,ADD,4,6
395,ADD,5,5
395,ADD,6,4
395,REMOVE,0,2
395,REMOVE,4,7
395,REMOVE,4,8
395,REMOVE,6,0
395,REMOVE,7,8
396,ADD,4,7
396,ADD,5,2
396,ADD,6,3
396,ADD,8,7
396,REMOVE,4,6
396,REMOVE,5,5
396,REMOVE,6,4
397,ADD,3,2
397,ADD,6,7
397,ADD,7,4
397,REMOVE,5,2
397,REMOVE,6,3
397,REMOVE,7,7
397,REMOVE,8,7
398,ADD,2,6
398,ADD,4,8
398,ADD,5,7
398,ADD,7,8
398,REMOVE,3,2
398,REMOVE,4,7
398,REMOVE,7,4
399,ADD,4,2
399,ADD,6,8
399,ADD,7,9
399,REMOVE,2,6
399,REMOVE,4,8
399,REMOVE,5,7
399,REMOVE,6,7
399,REMOVE,7,8
400,ADD,4,7
400,ADD,5,6
400,REMOVE,6,8
400,REMOVE,7,9
401,ADD,4,3
401,ADD,5,8
401,ADD,6,4
401,ADD,7,9
401,REMOVE,4,2
401,REMOVE,4,7
401,REMOVE,5,6
402,ADD,5,7
402,ADD,6,6
402,ADD,7,7
402,ADD,8,9
402,REMOVE,5,8
402,REMOVE,6,4
402,REMOVE,7,9
403,ADD,4,2
403,ADD,4,9
403,ADD,5,2
403,ADD,6,8
403,ADD,7,2
403,REMOVE,4,3
403,REMOVE,5,7
403,REMOVE,6,6
403,REMOVE,7,7
403,REMOVE,8,9
404,ADD,2,2
404,ADD,3,4
404,ADD,4,4
404,ADD,7,7
404,REMOVE,4,2
404,REMOVE,4,9
404,REMOVE,5,2
404,REMOVE,7,2
405,ADD,6,2
405,ADD,7,8
405,ADD,8,0
405,REMOVE,2,2
405,REMOVE,3,4
405,REMOVE,6,8
405,REMOVE,7,7
406,ADD,1,5
406,ADD,4,7
406,ADD,5,7
406,ADD,7,9
406,ADD,8,1
406,REMOVE,4,4
406,REMOVE,6,2
406,REMOVE,7,8
406,REMOVE,8,0
407,ADD,1,1
407,ADD,4,5
407,ADD,5,6
407,ADD,6,7
407,ADD,7,7
407,ADD,8,2
407,REMOVE,1,5
407,REMOVE,4,7
407,REMOVE,5,7
407,REMOVE,7,9
407,REMOVE,8,1
408,ADD,1,2
408,ADD,1,7
408,ADD,4,7
408,ADD,5,8
408,ADD,6,2
408,ADD,7,3
408,ADD,8,8
408,REMOVE,1,1
408,REMOVE,4,5
408,REMOVE,5,6
408,REMOVE,6,7
408,REMOVE,7,7
409,ADD,0,8
409,ADD,0,9
409,ADD,3,4
409,ADD,4,2
409,ADD,5,4
409,ADD,6,7
409,ADD,7,2
409,ADD,8,6
409,REMOVE,1,2
409,REMOVE,4,7
409,REMOVE,5,8
409,REMOVE,6,2
409,REMOVE,7,3
409,REMOVE,8,8
410,ADD,1,2
410,ADD,2,1
410,ADD,4,8
410,ADD,5,7
410,ADD,6,6
410,ADD,7,7
410,ADD,7,8
410,REMOVE,0,9
410,REMOVE,3,4
410,REMOVE,4,2
410,REMOVE,5,4
410,REMOVE,6,7
410,REMOVE,7,2
410,REMOVE,8,6
411,ADD,1,5
411,ADD,1,8
411,ADD,3,7
411,ADD,4,7
411,ADD,5,2
411,ADD,7,2
411,ADD,8,9
411,REMOVE,0,8
411,REMOVE,1,2
411,REMOVE,1,7
411,REMOVE,2,1
411,REMOVE,4,8
411,REMOVE,5,7
411,REMOVE,6,6
411,REMOVE,7,7
411,REMOVE,8,2
412,ADD,1,6
412,ADD,3,4
412,ADD,7,4
412,REMOVE,1,5
412,REMOVE,1,8
412,REMOVE,3,7
412,REMOVE,5,2
412,REMOVE,7,2
412,REMOVE,7,8
412,REMOVE,8,9
413,ADD,1,1
413,ADD,4,1
413,ADD,7,9
413,ADD,8,8
413,REMOVE,1,6
413,REMOVE,3,4
413,REMOVE,4,7
413,REMOVE,7,4
414,ADD,1,7
414,ADD,4,9
414,ADD,5,2
414,ADD,7,8
414,ADD,8,7
414,REMOVE,1,1
414,REMOVE,4,1
414,REMOVE,7,9
414,REMOVE,8,8
415,ADD,4,7
415,ADD,5,1
415,ADD,6,8
415,ADD,7,9
415,ADD,8,9
415,REMOVE,1,7
415,REMOVE,4,9
415,REMOVE,5,2
415,REMOVE,7,8
415,REMOVE,8,7
416,ADD,4,2
416,ADD,5,8
416,ADD,6,1
416,ADD,7,7
416,ADD,8,1
416,REMOVE,4,7
416,REMOVE,5,1
416,REMOVE,6,8
416,REMOVE,7,9
416,REMOVE,8,9
417,ADD,1,1
417,ADD,4,7
417,ADD,5,7
417,ADD,7,2
417,ADD,8,7
417,REMOVE,4,2
417,REMOVE,5,8
417,REMOVE,6,1
417,REMOVE,7,7
417,REMOVE,8,1
418,ADD,7,0
418,REMOVE,1,1
418,REMOVE,4,7
418,REMOVE,5,7
418,REMOVE,7,2
418,REMOVE,8,7
419,ADD,0,8
419,ADD,1,2
419,ADD,2,9
419,ADD,4,2
419,ADD,5,2
419,ADD,6,3
419,ADD,7,7
419,ADD,8,7
419,REMOVE,7,0
420,ADD,4,8
420,ADD,7,2
420,ADD,8,2
420,REMOVE,0,8
420,REMOVE,1,2
420,REMOVE,2,9
420,REMOVE,4,2
420,REMOVE,5,2
420,REMOVE,6,3
420,REMOVE,7,7
420,REMOVE,8,7
421,ADD,1,8
421,ADD,2,7
421,ADD,4,9
421,ADD,5,9
421,ADD,7,8
421,ADD,8,3
421,REMOVE,7,2
421,REMOVE,8,2
422,ADD,4,4
422,ADD,5,8
422,ADD,7,5
422,ADD,7,9
422,ADD,8,6
422,REMOVE,1,8
422,REMOVE,4,8
422,REMOVE,4,9
422,REMOVE,5,9
422,REMOVE,7,8
422,REMOVE,8,3
423,ADD,2,9
423,ADD,4,3
423,ADD,5,2
423,ADD,7,8
423,ADD,8,7
423,REMOVE,2,7
423,REMOVE,4,4
423,REMOVE,5,8
423,REMOVE,7,5
423,REMOVE,7,9
423,REMOVE,8,6
424,ADD,3,3
424,ADD,4,7
424,ADD,7,7
424,ADD,8,4
424,REMOVE,2,9
424,REMOVE,4,3
424,REMOVE,5,2
424,REMOVE,7,8
424,REMOVE,8,7
425,ADD,4,2
425,ADD,4,9
425,ADD,5,5
425,ADD,7,9
425,ADD,8,2
425,ADD,8,7
425,REMOVE,3,3
425,REMOVE,4,7
425,REMOVE,7,7
425,REMOVE,8,4
426,ADD,4,6
426,ADD,5,1
426,ADD,7,5
426,ADD,8,5
426,REMOVE,4,2
426,REMOVE,4,9
426,REMOVE,5,5
426,REMOVE,7,9
426,REMOVE,8,2
426,REMOVE,8,7
427,ADD,3,2
427,ADD,4,7
427,ADD,7,8
427,ADD,8,8
427,REMOVE,4,6
427,REMOVE,5,1
427,REMOVE,7,5
427,REMOVE,8,5
428,ADD,5,4
428,ADD,7,1
428,REMOVE,3,2
428,REMOVE,4,7
428,REMOVE,7,8
429,ADD,1,2
429,ADD,7,4
429,ADD,8,4
429,REMOVE,5,4
429,REMOVE,7,1
429,REMOVE,8,8
430,ADD,4,5
430,ADD,5,8
430,ADD,7,2
430,ADD,8,7
430,REMOVE,1,2
430,REMOVE,7,4
430,REMOVE,8,4
431,ADD,1,4
431,ADD,8,8
431,REMOVE,4,5
431,REMOVE,5,8
431,REMOVE,8,7
432,ADD,5,4
432,ADD,7,7
432,ADD,8,0
432,REMOVE,1,4
432,REMOVE,7,2
432,REMOVE,8,8
433,ADD,7,2
433,ADD,8,2
433,REMOVE,5,4
433,REMOVE,7,7
433,REMOVE,8,0
434,ADD,2,9
434,ADD,4,8
434,ADD,5,9
434,ADD,8,3
434,REMOVE,7,2
434,REMOVE,8,2
435,ADD,1,3
435,ADD,5,3
435,ADD,7,7
435,REMOVE,2,9
435,REMOVE,4,8
435,REMOVE,5,9
436,ADD,3,2
436,ADD,4,2
436,ADD,5,8
436,ADD,7,0
436,ADD,8,6
436,REMOVE,1,3
436,REMOVE,5,3
436,REMOVE,7,7
436,REMOVE,8,3
437,ADD,4,9
437,ADD,8,4
437,REMOVE,3,2
437,REMOVE,4,2
437,REMOVE,5,8
437,REMOVE,7,0
437,REMOVE,8,6
438,ADD,1,2
438,ADD,4,0
438,ADD,5,9
438,ADD,7,9
438,ADD,8,7
438,REMOVE,4,9
438,REMOVE,8,4
439,ADD,4,7
439,ADD,7,4
439,REMOVE,1,2
439,REMOVE,4,0
439,REMOVE,5,9
439,REMOVE,7,9
440,ADD,0,1
440,ADD,4,4
440,REMOVE,4,7
440,REMOVE,7,4
441,ADD,1,0
441,ADD,4,6
441,ADD,5,2
441,ADD,6,5
441,ADD,7,8
441,REMOVE,0,1
441,REMOVE,4,4
442,ADD,1,4
442,ADD,4,9
442,ADD,6,8
442,ADD,8,6
442,REMOVE,1,0
442,REMOVE,4,6
442,REMOVE,5,2
442,REMOVE,6,5
442,REMOVE,8,7
443,ADD,4,2
443,ADD,5,6
443,ADD,6,1
443,ADD,7,7
443,ADD,8,7
443,REMOVE,1,4
443,REMOVE,4,9
443,REMOVE,6,8
443,REMOVE,7,8
443,REMOVE,8,6
444,ADD,0,4
444,ADD,4,6
444,ADD,5,7
444,ADD,7,3
444,ADD,8,8
444,REMOVE,4,2
444,REMOVE,5,6
444,REMOVE,6,1
444,REMOVE,7,7
444,REMOVE,8,7
445,ADD,4,7
445,ADD,5,6
445,ADD,7,7
445,ADD,8,7
445,REMOVE,0,4
445,REMOVE,4,6
445,REMOVE,5,7
445,REMOVE,7,3
445,REMOVE,8,8
446,ADD,0,2
446,ADD,2,4
446,ADD,4,5
446,ADD,5,2
446,REMOVE,4,7
446,REMOVE,5,6
446,REMOVE,7,7
447,ADD,1,8
447,ADD,2,8
447,ADD,4,8
447,ADD,5,8
447,ADD,6,1
447,ADD,7,8
447,REMOVE,0,2
447,REMOVE,2,4
447,REMOVE,4,5
447,REMOVE,5,2
448,ADD,2,9
448,ADD,4,9
448,ADD,5,2
448,ADD,7,5
448,ADD,8,4
448,REMOVE,2,8
448,REMOVE,4,8
448,REMOVE,5,8
448,REMOVE,6,1
448,REMOVE,8,7
449,ADD,0,9
449,ADD,2,6
449,ADD,5,4
449,ADD,6,7
449,ADD,8,3
449,REMOVE,1,8
449,REMOVE,2,9
449,REMOVE,4,9
449,REMOVE,5,2
449,REMOVE,7,5
449,REMOVE,7,8
449,REMOVE,8,4
450,ADD,4,7
450,ADD,5,7
450,ADD,7,7
450,ADD,8,2
450,REMOVE,0,9
450,REMOVE,2,6
450,REMOVE,5,4
450,REMOVE,6,7
450,REMOVE,8,3
451,ADD,1,3
451,ADD,2,4
451,ADD,7,8
451,ADD,8,8
451,REMOVE,7,7
452,ADD,2,2
452,ADD,4,8
452,ADD,5,4
452,ADD,7,5
452,ADD,8,9
452,REMOVE,1,3
452,REMOVE,2,4
452,REMOVE,4,7
452,REMOVE,5,7
452,REMOVE,7,8
452,REMOVE,8,2
453,ADD,4,5
453,ADD,5,2
453,ADD,8,7
453,REMOVE,2,2
453,REMOVE,4,8
453,REMOVE,5,4
453,REMOVE,7,5
453,REMOVE,8,8
453,REMOVE,8,9
454,ADD,0,4
454,ADD,4,1
454,ADD,5,4
454,ADD,7,3
454,REMOVE,4,5
454,REMOVE,5,2
455,ADD,0,7
455,ADD,5,7
455,ADD,6,2
455,ADD,7,5
455,ADD,8,8
455,REMOVE,0,4
455,REMOVE,4,1
455,REMOVE,5,4
455,REMOVE,7,3
455,REMOVE,8,7
456,ADD,7,2
456,REMOVE,0,7
456,REMOVE,5,7
456,REMOVE,6,2
456,REMOVE,7,5
456,REMOVE,8,8
457,ADD,5,0
457,ADD,7,0
457,ADD,8,2
457,REMOVE,7,2
458,ADD,2,8
458,ADD,4,1
458,ADD,5,7
458,ADD,7,3
458,ADD,7,5
458,ADD,8,7
458,REMOVE,5,0
458,REMOVE,7,0
458,REMOVE,8,2
459,ADD,7,4
459,REMOVE,2,8
459,REMOVE,4,1
459,REMOVE,5,7
459,REMOVE,7,3
459,REMOVE,7,5
460,ADD,1,3
460,ADD,2,7
460,ADD,7,9
460,ADD,8,2
460,REMOVE,7,4
460,REMOVE,8,7
461,ADD,1,1
461,ADD,8,7
461,REMOVE,1,3
461,REMOVE,8,2
462,ADD,0,5
462,ADD,5,1
462,ADD,7,3
462,REMOVE,1,1
462,REMOVE,2,7
462,REMOVE,7,9
463,ADD,0,7
463,ADD,4,2
463,ADD,5,2
463,ADD,7,9
463,REMOVE,0,5
463,REMOVE,5,1
463,REMOVE,7,3
464,ADD,4,7
464,ADD,5,5
464,ADD,8,8
464,REMOVE,0,7
464,REMOVE,4,2
464,REMOVE,5,2
464,REMOVE,7,9
464,REMOVE,8,7
465,ADD,0,7
465,ADD,1,0
465,ADD,4,9
465,ADD,5,3
465,ADD,7,2
465,ADD,8,7
465,REMOVE,4,7
465,REMOVE,5,5
465,REMOVE,8,8
466,ADD,5,2
466,ADD,8,9
466,REMOVE,1,0
466,REMOVE,4,9
466,REMOVE,5,3
466,REMOVE,8,7
467,ADD,0,2
467,ADD,5,3
467,ADD,7,4
467,ADD,8,8
467,REMOVE,0,7
467,REMOVE,5,2
467,REMOVE,7,2
467,REMOVE,8,9
468,ADD,0,4
468,ADD,1,1
468,ADD,2,7
468,ADD,4,7
468,ADD,5,1
468,ADD,6,6
468,REMOVE,0,2
468,REMOVE,5,3
468,REMOVE,7,4
469,ADD,2,9
469,ADD,4,9
469,ADD,7,8
469,ADD,8,7
469,REMOVE,0,4
469,REMOVE,1,1
469,REMOVE,2,7
469,REMOVE,4,7
469,REMOVE,5,1
469,REMOVE,6,6
469,REMOVE,8,8
470,ADD,2,3
470,ADD,5,6
470,ADD,6,5
470,ADD,7,1
470,REMOVE,2,9
470,REMOVE,4,9
470,REMOVE,7,8
471,ADD,0,1
471,ADD,4,3
471,ADD,5,1
471,ADD,8,8
471,REMOVE,2,3
471,REMOVE,5,6
471,REMOVE,6,5
471,REMOVE,7,1
471,REMOVE,8,7
472,ADD,0,8
472,ADD,0,9
472,ADD,4,2
472,ADD,5,2
472,ADD,7,0
472,ADD,8,7
472,REMOVE,0,1
472,REMOVE,4,3
472,REMOVE,5,1
472,REMOVE,8,8
473,ADD,0,2
473,ADD,4,8
473,ADD,5,3
473,ADD,7,1
473,ADD,8,8
473,REMOVE,0,8
473,REMOVE,0,9
473,REMOVE,4,2
473,REMOVE,5,2
473,REMOVE,7,0
473,REMOVE,8,7
474,ADD,0,3
474,ADD,0,9
474,ADD,1,5
474,ADD,2,5
474,ADD,2,8
474,ADD,4,7
474,ADD,5,7
474,ADD,7,9
474,ADD,8,7
474,REMOVE,0,2
474,REMOVE,4,8
474,REMOVE,5,3
474,REMOVE,7,1
475,ADD,0,7
475,ADD,1,7
475,ADD,4,9
475,ADD,5,5
475,ADD,7,8
475,REMOVE,0,3
475,REMOVE,0,9
475,REMOVE,1,5
475,REMOVE,2,5
475,REMOVE,2,8
475,REMOVE,4,7
475,REMOVE,5,7
475,REMOVE,7,9
475,REMOVE,8,8
476,ADD,2,2
476,ADD,4,6
476,ADD,7,6
476,ADD,8,8
476,REMOVE,1,7
476,REMOVE,4,9
476,REMOVE,5,5
476,REMOVE,7,8
476,REMOVE,8,7
477,ADD,1,2
477,ADD,2,9
477,ADD,4,3
477,ADD,5,1
477,ADD,7,1
477,REMOVE,0,7
477,REMOVE,2,2
477,REMOVE,4,6
477,REMOVE,7,6
477,REMOVE,8,8
478,ADD,0,7
478,ADD,4,2
478,ADD,7,8
478,ADD,8,1
478,REMOVE,1,2
478,REMOVE,2,9
478,REMOVE,4,3
478,REMOVE,5,1
478,REMOVE,7,1
479,ADD,1,2
479,ADD,2,2
479,ADD,4,8
479,ADD,7,7
479,ADD,8,3
479,ADD,8,7
479,REMOVE,0,7
479,REMOVE,4,2
479,REMOVE,7,8
479,REMOVE,8,1
480,ADD,1,7
480,ADD,2,6
480,ADD,4,7
480,ADD,5,8
480,REMOVE,1,2
480,REMOVE,2,2
480,REMOVE,4,8
480,REMOVE,8,3
481,ADD,0,3
481,ADD,1,5
481,ADD,2,5
481,ADD,5,0
481,REMOVE,1,7
481,REMOVE,2,6
481,REMOVE,5,8
481,REMOVE,7,7
482,ADD,0,2
482,ADD,1,7
482,ADD,4,4
482,ADD,5,2
482,ADD,8,2
482,REMOVE,0,3
482,REMOVE,1,5
482,REMOVE,4,7
482,REMOVE,5,0
482,REMOVE,8,7
483,ADD,0,7
483,ADD,1,5
483,ADD,4,9
483,ADD,7,8
483,REMOVE,0,2
483,REMOVE,1,7
483,REMOVE,2,5
483,REMOVE,4,4
483,REMOVE,5,2
483,REMOVE,8,2
484,ADD,0,4
484,ADD,4,0
484,ADD,7,9
484,ADD,8,5
484,REMOVE,0,7
484,REMOVE,1,5
484,REMOVE,4,9
484,REMOVE,7,8
485,ADD,4,4
485,ADD,5,9
485,ADD,8,8
485,ADD,8,9
485,REMOVE,0,4
485,REMOVE,4,0
485,REMOVE,8,5
486,ADD,0,3
486,ADD,1,1
486,ADD,4,8
486,ADD,5,8
486,ADD,8,7
486,REMOVE,4,4
486,REMOVE,5,9
486,REMOVE,8,8
486,REMOVE,8,9
487,ADD,0,4
487,ADD,4,0
487,ADD,6,7
487,ADD,7,1
487,REMOVE,0,3
487,REMOVE,1,1
487,REMOVE,4,8
487,REMOVE,5,8
487,REMOVE,7,9
488,ADD,0,7
488,ADD,1,6
488,ADD,1,8
488,ADD,4,7
488,ADD,5,9
488,ADD,6,5
488,ADD,7,2
488,REMOVE,0,4
488,REMOVE,4,0
488,REMOVE,6,7
488,REMOVE,7,1
489,ADD,4,5
489,ADD,6,3
489,ADD,7,7
489,ADD,8,2
489,ADD,8,8
489,REMOVE,0,7
489,REMOVE,1,6
489,REMOVE,1,8
489,REMOVE,4,7
489,REMOVE,5,9
489,REMOVE,6,5
489,REMOVE,7,2
489,REMOVE,8,7
490,ADD,7,4
490,ADD,8,7
490,REMOVE,4,5
490,REMOVE,6,3
490,REMOVE,7,7
490,REMOVE,8,2
491,ADD,4,7
491,ADD,6,5
491,ADD,7,2
491,REMOVE,7,4
491,REMOVE,8,8
492,ADD,6,0
492,ADD,7,4
492,ADD,8,8
492,REMOVE,4,7
492,REMOVE,6,5
492,REMOVE,7,2
492,REMOVE,8,7
493,ADD,4,2
493,ADD,8,7
493,REMOVE,6,0
493,REMOVE,7,4
493,REMOVE,8,8
494,ADD,0,1
494,ADD,1,2
494,ADD,2,4
494,ADD,4,3
494,ADD,4,7
494,REMOVE,4,2
495,ADD,0,2
495,ADD,1,4
495,ADD,3,6
495,ADD,4,2
495,ADD,5,3
495,REMOVE,0,1
495,REMOVE,1,2
495,REMOVE,2,4
495,REMOVE,4,3
495,REMOVE,4,7
496,ADD,0,9
496,ADD,1,8
496,ADD,2,4
496,ADD,7,8
496,ADD,8,4
496,REMOVE,0,2
496,REMOVE,1,4
496,REMOVE,3,6
496,REMOVE,4,2
496,REMOVE,5,3
496,REMOVE,8,7
497,ADD,0,8
497,ADD,5,8
497,ADD,5,9
497,ADD,6,8
497,ADD,8,2
497,REMOVE,0,9
497,REMOVE,2,4
497,REMOVE,7,8
497,REMOVE,8,4
498,ADD,1,6
498,ADD,4,1
498,ADD,5,1
498,ADD,6,9
498,ADD,7,7
498,ADD,8,1
498,REMOVE,0,8
498,REMOVE,1,8
498,REMOVE,5,8
498,REMOVE,5,9
498,REMOVE,6,8
498,REMOVE,8,2
499,ADD,4,2
499,ADD,5,5
499,ADD,5,9
499,ADD,8,9
499,REMOVE,1,6
499,REMOVE,4,1
499,REMOVE,5,1
499,REMOVE,6,9
499,REMOVE,7,7
499,REMOVE,8,1
500,ADD,1,7
500,ADD,2,8
500,ADD,3,4
500,ADD,4,3
500,ADD,5,7
500,ADD,7,9
500,ADD,8,7
500,REMOVE,4,2
500,REMOVE,5,5
500,REMOVE,5,9
500,REMOVE,8,9
501,ADD,0,3
501,ADD,1,2
501,ADD,2,2
501,ADD,4,9
501,ADD,7,8
501,REMOVE,1,7
501,REMOVE,2,8
501,REMOVE,3,4
501,REMOVE,4,3
501,REMOVE,5,7
501,REMOVE,7,9
502,ADD,4,8
502,ADD,5,8
502,ADD,6,5
502,ADD,7,7
502,REMOVE,0,3
502,REMOVE,4,9
502,REMOVE,7,8
503,ADD,1,8
503,ADD,2,3
503,ADD,4,6
503,ADD,5,7
503,REMOVE,1,2
503,REMOVE,2,2
503,REMOVE,4,8
503,REMOVE,5,8
503,REMOVE,6,5
503,REMOVE,7,7
504,ADD,2,7
504,ADD,4,9
504,ADD,6,8
504,ADD,7,8
504,REMOVE,2,3
504,REMOVE,4,6
504,REMOVE,5,7
505,ADD,1,7
505,ADD,2,4
505,ADD,4,6
505,ADD,8,2
505,REMOVE,1,8
505,REMOVE,2,7
505,REMOVE,4,9
505,REMOVE,6,8
505,REMOVE,7,8
505,REMOVE,8,7
506,ADD,2,6
506,ADD,3,4
506,ADD,4,4
506,ADD,5,1
506,ADD,6,6
506,ADD,7,2
506,REMOVE,1,7
506,REMOVE,2,4
506,REMOVE,4,6
506,REMOVE,8,2
507,ADD,2,0
507,ADD,4,6
507,ADD,5,7
507,ADD,6,8
507,ADD,8,7
507,REMOVE,2,6
507,REMOVE,3,4
507,REMOVE,4,4
507,REMOVE,5,1
507,REMOVE,6,6
508,ADD,2,7
508,ADD,3,6
508,ADD,4,7
508,ADD,5,3
508,ADD,7,7
508,REMOVE,2,0
508,REMOVE,4,6
508,REMOVE,5,7
508,REMOVE,6,8
508,REMOVE,7,2
509,ADD,2,3
509,ADD,2,5
509,ADD,3,7
509,ADD,5,7
509,ADD,6,9
509,ADD,7,4
509,ADD,8,8
509,REMOVE,2,7
509,REMOVE,3,6
509,REMOVE,5,3
509,REMOVE,7,7
510,ADD,4,8
510,ADD,7,0
510,ADD,8,2
510,REMOVE,2,5
510,REMOVE,4,7
510,REMOVE,6,9
510,REMOVE,7,4
510,REMOVE,8,7
510,REMOVE,8,8
511,ADD,0,7
511,ADD,2,0
511,ADD,3,8
511,ADD,4,9
511,ADD,5,0
511,ADD,6,8
511,ADD,8,8
511,REMOVE,2,3
511,REMOVE,3,7
511,REMOVE,4,8
511,REMOVE,5,7
511,REMOVE,7,0
511,REMOVE,8,2
512,ADD,2,7
512,ADD,3,7
512,ADD,4,7
512,ADD,5,9
512,ADD,6,7
512,ADD,7,5
512,ADD,8,7
512,REMOVE,0,7
512,REMOVE,2,0
512,REMOVE,3,8
512,REMOVE,4,9
512,REMOVE,5,0
512,REMOVE,6,8
512,REMOVE,8,8
513,ADD,3,8
513,ADD,4,8
513,ADD,5,7
513,ADD,7,2
513,REMOVE,2,7
513,REMOVE,3,7
513,REMOVE,4,7
513,REMOVE,5,9
513,REMOVE,6,7
513,REMOVE,7,5
514,ADD,2,5
514,ADD,3,2
514,ADD,4,5
514,ADD,5,6
514,ADD,7,9
514,ADD,8,8
514,REMOVE,3,8
514,REMOVE,4,8
514,REMOVE,5,7
514,REMOVE,7,2
515,ADD,0,5
515,ADD,2,7
515,ADD,4,8
515,ADD,5,7
515,ADD,6,1
515,ADD,7,8
515,ADD,8,2
515,REMOVE,2,5
515,REMOVE,3,2
515,REMOVE,4,5
515,REMOVE,5,6
515,REMOVE,7,9
515,REMOVE,8,8
516,ADD,0,2
516,ADD,2,8
516,ADD,3,2
516,ADD,4,4
516,ADD,5,0
516,ADD,8,8
516,REMOVE,0,5
516,REMOVE,2,7
516,REMOVE,4,8
516,REMOVE,5,7
516,REMOVE,6,1
516,REMOVE,8,2
516,REMOVE,8,7
517,ADD,2,9
517,ADD,4,7
517,ADD,5,3
517,ADD,6,2
517,ADD,7,7
517,ADD,8,7
517,REMOVE,0,2
517,REMOVE,2,8
517,REMOVE,3,2
517,REMOVE,4,4
517,REMOVE,5,0
517,REMOVE,7,8
517,REMOVE,8,8
518,ADD,4,6
518,ADD,5,0
518,ADD,6,0
518,ADD,8,8
518,REMOVE,4,7
518,REMOVE,5,3
518,REMOVE,6,2
518,REMOVE,7,7
518,REMOVE,8,7
519,ADD,3,4
519,ADD,4,4
519,ADD,7,4
519,ADD,8,9
519,REMOVE,2,9
519,REMOVE,4,6
519,REMOVE,5,0
519,REMOVE,6,0
519,REMOVE,8,8
520,ADD,0,0
520,ADD,3,3
520,ADD,5,8
520,ADD,6,5
520,ADD,7,3
520,ADD,8,2
520,REMOVE,3,4
520,REMOVE,4,4
520,REMOVE,7,4
520,REMOVE,8,9
521,ADD,1,4
521,ADD,2,9
521,ADD,3,8
521,ADD,4,2
521,ADD,5,2
521,ADD,6,4
521,ADD,7,8
521,REMOVE,0,0
521,REMOVE,3,3
521,REMOVE,5,8
521,REMOVE,6,5
521,REMOVE,7,3
522,ADD,1,7
522,ADD,2,2
522,ADD,3,3
522,ADD,4,7
522,ADD,5,5
522,ADD,5,9
522,ADD,7,3
522,ADD,8,7
522,REMOVE,1,4
522,REMOVE,2,9
522,REMOVE,3,8
522,REMOVE,4,2
522,REMOVE,5,2
522,REMOVE,6,4
522,REMOVE,7,8
522,REMOVE,8,2
523,ADD,0,9
523,ADD,1,8
523,ADD,2,3
523,ADD,3,7
523,ADD,4,3
523,ADD,4,5
523,ADD,5,4
523,ADD,6,2
523,ADD,7,6
523,REMOVE,1,7
523,REMOVE,2,2
523,REMOVE,3,3
523,REMOVE,4,7
523,REMOVE,5,5
523,REMOVE,5,9
523,REMOVE,7,3
524,ADD,3,8
524,ADD,4,0
524,ADD,5,9
524,ADD,7,2
524,ADD,8,8
524,REMOVE,0,9
524,REMOVE,1,8
524,REMOVE,3,7
524,REMOVE,4,3
524,REMOVE,4,5
524,REMOVE,5,4
524,REMOVE,6,2
524,REMOVE,7,6
524,REMOVE,8,7
525,ADD,1,3
525,ADD,2,7
525,ADD,3,5
525,ADD,4,9
525,ADD,5,3
525,ADD,7,7
525,ADD,8,7
525,REMOVE,2,3
525,REMOVE,3,8
525,REMOVE,4,0
525,REMOVE,5,9
525,REMOVE,7,2
525,REMOVE,8,8
526,ADD,3,9
526,ADD,4,1
526,ADD,5,5
526,ADD,7,9
526,REMOVE,1,3
526,REMOVE,2,7
526,REMOVE,3,5
526,REMOVE,4,9
526,REMOVE,5,3
526,REMOVE,7,7
526,REMOVE,8,7
527,ADD,4,6
527,ADD,5,0
527,ADD,8,2
527,REMOVE,3,9
527,REMOVE,4,1
527,REMOVE,5,5
527,REMOVE,7,9
528,ADD,1,8
528,ADD,2,8
528,ADD,3,7
528,ADD,4,8
528,ADD,5,9
528,ADD,7,9
528,ADD,8,0
528,REMOVE,4,6
528,REMOVE,5,0
528,REMOVE,8,2
529,ADD,1,7
529,ADD,2,7
529,ADD,3,5
529,ADD,4,4
529,ADD,5,3
529,ADD,6,1
529,ADD,7,5
529,ADD,8,9
529,REMOVE,1,8
529,REMOVE,2,8
529,REMOVE,3,7
529,REMOVE,4,8
529,REMOVE,5,9
529,REMOVE,7,9
529,REMOVE,8,0
530,ADD,1,5
530,ADD,3,9
530,ADD,4,1
530,ADD,7,8
530,ADD,8,2
530,REMOVE,1,7
530,REMOVE,3,5
530,REMOVE,4,4
530,REMOVE,5,3
530,REMOVE,6,1
530,REMOVE,7,5
530,REMOVE,8,9
531,ADD,0,7
531,ADD,1,3
531,ADD,2,9
531,ADD,3,3
531,ADD,4,7
531,ADD,5,7
531,ADD,6,3
531,ADD,8,7
531,REMOVE,1,5
531,REMOVE,2,7
531,REMOVE,3,9
531,REMOVE,4,1
531,REMOVE,8,2
532,ADD,1,4
532,ADD,2,7
532,ADD,3,2
532,ADD,4,9
532,ADD,5,2
532,ADD,8,1
532,REMOVE,0,7
532,REMOVE,1,3
532,REMOVE,2,9
532,REMOVE,3,3
532,REMOVE,4,7
532,REMOVE,5,7
532,REMOVE,6,3
532,REMOVE,7,8
532,REMOVE,8,7
533,ADD,2,9
533,ADD,7,4
533,ADD,8,8
533,REMOVE,1,4
533,REMOVE,2,7
533,REMOVE,3,2
533,REMOVE,4,9
533,REMOVE,5,2
533,REMOVE,8,1
534,ADD,4,4
534,ADD,5,6
534,ADD,8,3
534,REMOVE,2,9
534,REMOVE,7,4
534,REMOVE,8,8
535,ADD,3,7
535,ADD,4,8
535,ADD,5,2
535,ADD,7,5
535,ADD,8,7
535,REMOVE,4,4
535,REMOVE,5,6
535,REMOVE,8,3
536,ADD,1,8
536,ADD,3,4
536,ADD,4,2
536,ADD,5,4
536,ADD,6,4
536,ADD,7,2
536,REMOVE,3,7
536,REMOVE,4,8
536,REMOVE,5,2
536,REMOVE,7,5
537,ADD,1,3
537,ADD,3,8
537,ADD,4,4
537,ADD,7,7
537,ADD,8,0
537,REMOVE,1,8
537,REMOVE,3,4
537,REMOVE,4,2
537,REMOVE,5,4
537,REMOVE,6,4
537,REMOVE,7,2
538,ADD,0,8
538,ADD,1,2
538,ADD,4,1
538,ADD,5,7
538,ADD,7,3
538,ADD,8,8
538,REMOVE,1,3
538,REMOVE,3,8
538,REMOVE,4,4
538,REMOVE,7,7
538,REMOVE,8,0
538,REMOVE,8,7
539,ADD,0,2
539,ADD,3,4
539,ADD,5,9
539,REMOVE,0,8
539,REMOVE,4,1
539,REMOVE,5,7
539,REMOVE,7,3
540,ADD,3,6
540,ADD,4,2
540,ADD,5,8
540,ADD,6,5
540,ADD,8,7
540,REMOVE,0,2
540,REMOVE,1,2
540,REMOVE,3,4
540,REMOVE,5,9
540,REMOVE,8,8
541,ADD,0,4
541,ADD,1,1
541,ADD,3,7
541,ADD,5,7
541,ADD,8,4
541,REMOVE,3,6
541,REMOVE,4,2
541,REMOVE,5,8
541,REMOVE,6,5
541,REMOVE,8,7
542,ADD,0,9
542,ADD,4,4
542,ADD,5,9
542,ADD,7,5
542,ADD,7,7
542,ADD,8,7
542,REMOVE,0,4
542,REMOVE,1,1
542,REMOVE,3,7
542,REMOVE,5,7
542,REMOVE,8,4
543,ADD,2,2
543,ADD,2,9
543,ADD,3,4
543,ADD,4,2
543,ADD,5,2
543,ADD,7,9
543,ADD,8,8
543,REMOVE,0,9
543,REMOVE,4,4
543,REMOVE,5,9
543,REMOVE,7,5
543,REMOVE,7,7
543,REMOVE,8,7
544,ADD,0,8
544,ADD,1,7
544,ADD,2,8
544,ADD,4,6
544,ADD,5,8
544,ADD,7,8
544,ADD,8,6
544,REMOVE,2,2
544,REMOVE,2,9
544,REMOVE,3,4
544,REMOVE,4,2
544,REMOVE,5,2
544,REMOVE,7,9
544,REMOVE,8,8
545,ADD,0,7
545,ADD,1,8
545,ADD,4,4
545,ADD,6,2
545,ADD,7,7
545,ADD,8,9
545,REMOVE,0,8
545,REMOVE,1,7
545,REMOVE,4,6
545,REMOVE,7,8
545,REMOVE,8,6
546,ADD,3,4
546,ADD,4,7
546,ADD,5,4
546,ADD,8,7
546,REMOVE,0,7
546,REMOVE,1,8
546,REMOVE,2,8
546,REMOVE,4,4
546,REMOVE,5,8
546,REMOVE,6,2
546,REMOVE,7,7
546,REMOVE,8,9
547,ADD,1,9
547,ADD,4,5
547,ADD,7,2
547,REMOVE,4,7
547,REMOVE,5,4
547,REMOVE,8,7
548,ADD,3,7
548,ADD,4,3
548,ADD,5,4
548,ADD,8,0
548,REMOVE,1,9
548,REMOVE,3,4
548,REMOVE,4,5
549,ADD,1,2
549,ADD,3,1
549,ADD,4,7
549,ADD,5,8
549,ADD,7,7
549,ADD,8,4
549,REMOVE,3,7
549,REMOVE,4,3
549,REMOVE,5,4
549,REMOVE,7,2
549,REMOVE,8,0
550,ADD,0,9
550,ADD,3,2
550,ADD,3,8
550,ADD,4,2
550,ADD,5,2
550,ADD,7,6
550,ADD,8,1
550,REMOVE,3,1
550,REMOVE,4,7
550,REMOVE,5,8
550,REMOVE,7,7
550,REMOVE,8,4
551,ADD,1,6
551,ADD,2,9
551,ADD,3,6
551,ADD,4,7
551,ADD,5,7
551,ADD,7,4
551,ADD,8,8
551,REMOVE,0,9
551,REMOVE,1,2
551,REMOVE,3,2
551,REMOVE,3,8
551,REMOVE,4,2
551,REMOVE,5,2
551,REMOVE,7,6
551,REMOVE,8,1
552,ADD,1,9
552,ADD,3,2
552,ADD,4,9
552,ADD,8,7
552,REMOVE,1,6
552,REMOVE,2,9
552,REMOVE,3,6
552,REMOVE,4,7
552,REMOVE,8,8
553,ADD,0,2
553,ADD,7,7
553,REMOVE,1,9
553,REMOVE,3,2
553,REMOVE,4,9
553,REMOVE,7,4
554,ADD,3,3
554,ADD,5,3
554,ADD,7,6
554,REMOVE,0,2
554,REMOVE,5,7
554,REMOVE,7,7
554,REMOVE,8,7
555,ADD,4,8
555,ADD,5,8
555,ADD,7,2
555,ADD,8,8
555,REMOVE,3,3
555,REMOVE,5,3
555,REMOVE,7,6
556,ADD,2,2
556,ADD,3,4
556,ADD,4,7
556,ADD,5,7
556,ADD,7,7
556,REMOVE,4,8
556,REMOVE,5,8
556,REMOVE,7,2
557,ADD,1,7
557,ADD,3,8
557,ADD,4,4
557,ADD,5,0
557,ADD,7,3
557,REMOVE,2,2
557,REMOVE,3,4
557,REMOVE,4,7
557,REMOVE,5,7
557,REMOVE,7,7
558,ADD,1,6
558,ADD,3,7
558,ADD,4,8
558,ADD,5,3
558,ADD,8,2
558,ADD,8,3
558,REMOVE,1,7
558,REMOVE,3,8
558,REMOVE,4,4
558,REMOVE,5,0
558,REMOVE,8,8
559,ADD,1,9
559,ADD,4,4
559,ADD,6,5
559,ADD,8,8
559,REMOVE,1,6
559,REMOVE,3,7
559,REMOVE,4,8
559,REMOVE,5,3
559,REMOVE,7,3
559,REMOVE,8,2
559,REMOVE,8,3
560,ADD,0,6
560,ADD,3,7
560,ADD,4,7
560,ADD,5,2
560,ADD,6,7
560,ADD,7,2
560,REMOVE,1,9
560,REMOVE,4,4
560,REMOVE,6,5
561,ADD,0,4
561,ADD,3,9
561,ADD,5,5
561,ADD,5,9
561,ADD,7,8
561,ADD,8,2
561,REMOVE,0,6
561,REMOVE,3,7
561,REMOVE,4,7
561,REMOVE,5,2
561,REMOVE,6,7
561,REMOVE,7,2
561,REMOVE,8,8
562,ADD,0,8
562,ADD,1,6
562,ADD,4,9
562,ADD,7,1
562,ADD,8,8
562,REMOVE,0,4
562,REMOVE,3,9
562,REMOVE,5,5
562,REMOVE,7,8
562,REMOVE,8,2
563,ADD,3,7
563,ADD,4,4
563,ADD,5,8
563,ADD,6,1
563,REMOVE,1,6
563,REMOVE,4,9
563,REMOVE,5,9
563,REMOVE,7,1
564,ADD,0,7
564,ADD,1,1
564,ADD,4,2
564,ADD,5,5
564,ADD,5,9
564,ADD,7,4
564,ADD,8,9
564,REMOVE,3,7
564,REMOVE,4,4
564,REMOVE,5,8
564,REMOVE,6,1
564,REMOVE,8,8
565,ADD,0,2
565,ADD,3,7
565,ADD,4,7
565,ADD,5,8
565,ADD,6,4
565,ADD,7,5
565,REMOVE,0,7
565,REMOVE,0,8
565,REMOVE,1,1
565,REMOVE,4,2
565,REMOVE,5,5
565,REMOVE,5,9
565,REMOVE,7,4
566,ADD,0,8
566,ADD,1,2
566,ADD,3,3
566,ADD,5,7
566,ADD,7,7
566,ADD,8,8
566,REMOVE,0,2
566,REMOVE,3,7
566,REMOVE,5,8
566,REMOVE,6,4
566,REMOVE,7,5
567,ADD,0,7
567,ADD,2,8
567,ADD,3,4
567,ADD,4,4
567,ADD,7,9
567,REMOVE,0,8
567,REMOVE,1,2
567,REMOVE,3,3
567,REMOVE,4,7
567,REMOVE,5,7
567,REMOVE,7,7
567,REMOVE,8,9
568,ADD,0,8
568,ADD,1,5
568,ADD,4,7
568,ADD,8,9
568,REMOVE,0,7
568,REMOVE,2,8
568,REMOVE,3,4
568,REMOVE,4,4
568,REMOVE,7,9
568,REMOVE,8,8
569,ADD,0,7
569,ADD,1,3
569,ADD,6,6
569,ADD,7,8
569,ADD,8,2
569,REMOVE,0,8
569,REMOVE,1,5
569,REMOVE,4,7
569,REMOVE,8,9
570,ADD,3,8
570,ADD,4,7
570,ADD,5,1
570,ADD,7,2
570,ADD,8,4
570,REMOVE,1,3
570,REMOVE,6,6
570,REMOVE,7,8
570,REMOVE,8,2
571,ADD,0,2
571,ADD,0,8
571,ADD,1,7
571,ADD,2,8
571,ADD,3,0
571,ADD,5,7
571,ADD,6,8
571,ADD,8,7
571,REMOVE,0,7
571,REMOVE,3,8
571,REMOVE,5,1
571,REMOVE,7,2
571,REMOVE,8,4
572,ADD,2,7
572,ADD,3,3
572,ADD,7,8
572,ADD,8,9
572,REMOVE,0,2
572,REMOVE,2,8
572,REMOVE,3,0
572,REMOVE,5,7
572,REMOVE,6,8
572,REMOVE,8,7
573,ADD,0,0
573,ADD,1,2
573,ADD,2,8
573,ADD,3,1
573,ADD,4,8
573,ADD,5,9
573,ADD,7,9
573,REMOVE,0,8
573,REMOVE,1,7
573,REMOVE,2,7
573,REMOVE,3,3
573,REMOVE,4,7
573,REMOVE,7,8
574,ADD,0,3
574,ADD,4,1
574,ADD,7,3
574,ADD,8,8
574,REMOVE,0,0
574,REMOVE,1,2
574,REMOVE,3,1
574,REMOVE,4,8
574,REMOVE,5,9
574,REMOVE,7,9
574,REMOVE,8,9
575,ADD,0,8
575,ADD,2,1
575,ADD,6,1
575,ADD,8,4
575,REMOVE,0,3
575,REMOVE,2,8
575,REMOVE,7,3
575,REMOVE,8,8
576,ADD,3,8
576,ADD,4,4
576,ADD,5,0
576,ADD,7,6
576,REMOVE,0,8
576,REMOVE,2,1
576,REMOVE,4,1
576,REMOVE,6,1
576,REMOVE,8,4
577,ADD,0,2
577,ADD,0,7
577,ADD,2,8
577,ADD,4,7
577,ADD,6,5
577,ADD,7,3
577,ADD,8,7
577,REMOVE,3,8
577,REMOVE,4,4
577,REMOVE,5,0
577,REMOVE,7,6
578,ADD,2,7
578,ADD,3,7
578,ADD,3,8
578,ADD,4,8
578,ADD,5,3
578,ADD,6,1
578,ADD,7,6
578,ADD,8,2
578,REMOVE,2,8
578,REMOVE,4,7
578,REMOVE,6,5
578,REMOVE,7,3
578,REMOVE,8,7
579,ADD,0,8
579,ADD,5,7
579,ADD,6,4
579,ADD,8,8
579,REMOVE,0,2
579,REMOVE,3,8
579,REMOVE,5,3
579,REMOVE,6,1
579,REMOVE,7,6
579,REMOVE,8,2
580,ADD,2,8
580,ADD,6,5
580,ADD,7,8
580,ADD,8,5
580,REMOVE,0,8
580,REMOVE,3,7
580,REMOVE,4,8
580,REMOVE,6,4
580,REMOVE,8,8
581,ADD,0,5
581,ADD,0,8
581,ADD,1,9
581,ADD,3,5
581,ADD,4,1
581,ADD,5,6
581,ADD,8,8
581,REMOVE,0,7
581,REMOVE,2,7
581,REMOVE,2,8
581,REMOVE,5,7
581,REMOVE,6,5
581,REMOVE,7,8
581,REMOVE,8,5
582,ADD,0,4
582,ADD,2,1
582,ADD,3,4
582,ADD,4,7
582,ADD,5,2
582,ADD,8,4
582,REMOVE,0,5
582,REMOVE,0,8
582,REMOVE,1,9
582,REMOVE,3,5
582,REMOVE,4,1
582,REMOVE,5,6
582,REMOVE,8,8
583,ADD,0,9
583,ADD,4,8
583,ADD,5,0
583,ADD,8,9
583,REMOVE,0,4
583,REMOVE,2,1
583,REMOVE,3,4
583,REMOVE,4,7
583,REMOVE,5,2
583,REMOVE,8,4
584,ADD,0,8
584,ADD,3,4
584,ADD,4,3
584,ADD,5,7
584,ADD,6,6
584,ADD,7,9
584,ADD,8,7
584,REMOVE,0,9
584,REMOVE,4,8
584,REMOVE,5,0
584,REMOVE,8,9
585,ADD,0,9
585,ADD,3,7
585,ADD,4,7
585,ADD,4,8
585,ADD,5,9
585,ADD,6,2
585,ADD,6,9
585,ADD,7,8
585,ADD,8,2
585,REMOVE,0,8
585,REMOVE,3,4
585,REMOVE,4,3
585,REMOVE,5,7
585,REMOVE,6,6
585,REMOVE,8,7
586,ADD,1,5
586,ADD,2,3
586,ADD,3,3
586,ADD,5,7
586,ADD,6,7
586,ADD,8,7
586,REMOVE,0,9
586,REMOVE,3,7
586,REMOVE,4,7
586,REMOVE,5,9
586,REMOVE,6,2
586,REMOVE,6,9
586,REMOVE,7,8
586,REMOVE,7,9
586,REMOVE,8,2
587,ADD,3,4
587,ADD,4,7
587,ADD,5,2
587,ADD,6,8
587,ADD,7,9
587,ADD,8,4
587,REMOVE,1,5
587,REMOVE,2,3
587,REMOVE,3,3
587,REMOVE,4,8
587,REMOVE,5,7
587,REMOVE,6,7
587,REMOVE,8,7
588,ADD,3,7
588,ADD,4,3
588,ADD,5,4
588,ADD,6,7
588,ADD,7,7
588,ADD,8,1
588,REMOVE,3,4
588,REMOVE,4,7
588,REMOVE,5,2
588,REMOVE,6,8
588,REMOVE,7,9
588,REMOVE,8,4
589,ADD,2,6
589,ADD,3,4
589,ADD,4,2
589,ADD,5,7
589,ADD,6,8
589,ADD,8,6
589,REMOVE,3,7
589,REMOVE,4,3
589,REMOVE,5,4
589,REMOVE,6,7
589,REMOVE,7,7
589,REMOVE,8,1
590,ADD,1,1
590,ADD,4,9
590,ADD,5,9
590,ADD,7,7
590,ADD,8,4
590,REMOVE,2,6
590,REMOVE,3,4
590,REMOVE,4,2
590,REMOVE,5,7
590,REMOVE,8,6
591,ADD,3,5
591,ADD,3,9
591,ADD,4,7
591,ADD,5,7
591,ADD,8,7
591,REMOVE,1,1
591,REMOVE,4,9
591,REMOVE,5,9
591,REMOVE,8,4
592,ADD,2,9
592,ADD,3,7
592,ADD,4,3
592,ADD,6,7
592,REMOVE,3,5
592,REMOVE,3,9
592,REMOVE,6,8
593,ADD,2,7
593,ADD,4,8
593,ADD,5,8
593,ADD,8,9
593,REMOVE,2,9
593,REMOVE,4,3
593,REMOVE,4,7
593,REMOVE,5,7
593,REMOVE,6,7
593,REMOVE,8,7
594,ADD,2,9
594,ADD,3,8
594,ADD,4,2
594,ADD,5,7
594,ADD,7,4
594,REMOVE,2,7
594,REMOVE,3,7
594,REMOVE,4,8
594,REMOVE,5,8
594,REMOVE,7,7
594,REMOVE,8,9
595,ADD,0,0
595,ADD,3,0
595,ADD,5,2
595,ADD,7,2
595,ADD,8,7
595,REMOVE,3,8
595,REMOVE,5,7
595,REMOVE,7,4
596,ADD,2,8
596,ADD,4,7
596,ADD,5,7
596,ADD,7,4
596,REMOVE,0,0
596,REMOVE,2,9
596,REMOVE,3,0
596,REMOVE,4,2
596,REMOVE,5,2
596,REMOVE,7,2
596,REMOVE,8,7
597,ADD,1,1
597,ADD,3,4
597,ADD,4,0
597,ADD,5,2
597,ADD,7,6
597,ADD,8,8
597,REMOVE,2,8
597,REMOVE,4,7
597,REMOVE,5,7
597,REMOVE,7,4
598,ADD,0,8
598,ADD,2,8
598,ADD,3,1
598,ADD,4,8
598,ADD,5,7
598,ADD,7,3
598,ADD,8,2
598,REMOVE,1,1
598,REMOVE,3,4
598,REMOVE,4,0
598,REMOVE,7,6
598,REMOVE,8,8
599,ADD,0,2
599,ADD,2,7
599,ADD,3,7
599,ADD,5,3
599,ADD,7,8
599,ADD,8,8
599,REMOVE,0,8
599,REMOVE,2,8
599,REMOVE,3,1
599,REMOVE,5,2
599,REMOVE,5,7
599,REMOVE,7,3
599,REMOVE,8,2
600,ADD,0,8
600,ADD,2,9
600,ADD,4,7
600,ADD,5,1
600,ADD,8,6
600,REMOVE,2,7
600,REMOVE,3,7
600,REMOVE,4,8
600,REMOVE,5,3
600,REMOVE,8,8
601,ADD,0,7
601,ADD,2,8
601,ADD,3,4
601,ADD,5,8
601,REMOVE,0,2
601,REMOVE,0,8
601,REMOVE,2,9
601,REMOVE,5,1
601,REMOVE,8,6
602,ADD,0,2
602,ADD,2,7
602,ADD,3,6
602,ADD,4,2
602,ADD,5,3
602,ADD,7,1
602,ADD,8,7
602,REMOVE,0,7
602,REMOVE,2,8
602,REMOVE,3,4
602,REMOVE,4,7
602,REMOVE,5,8
602,REMOVE,7,8
603,ADD,0,7
603,ADD,2,2
603,ADD,3,7
603,ADD,5,7
603,ADD,7,7
603,ADD,7,8
603,ADD,8,4
603,REMOVE,0,2
603,REMOVE,2,7
603,REMOVE,3,6
603,REMOVE,4,2
603,REMOVE,5,3
603,REMOVE,7,1
603,REMOVE,8,7
604,ADD,0,4
604,ADD,2,7
604,ADD,3,8
604,ADD,4,7
604,ADD,7,4
604,ADD,8,5
604,REMOVE,0,7
604,REMOVE,2,2
604,REMOVE,3,7
604,REMOVE,7,7
604,REMOVE,7,8
604,REMOVE,8,4
605,ADD,3,7
605,ADD,4,9
605,ADD,5,3
605,ADD,7,8
605,ADD,8,7
605,REMOVE,0,4
605,REMOVE,2,7
605,REMOVE,3,8
605,REMOVE,4,7
605,REMOVE,5,7
605,REMOVE,7,4
605,REMOVE,8,5
606,ADD,0,9
606,ADD,1,2
606,ADD,2,3
606,ADD,3,9
606,ADD,4,2
606,ADD,5,7
606,ADD,6,4
606,ADD,7,7
606,ADD,8,4
606,REMOVE,3,7
606,REMOVE,4,9
606,REMOVE,5,3
606,REMOVE,8,7
607,ADD,1,7
607,ADD,1,8
607,ADD,3,2
607,ADD,7,2
607,ADD,8,9
607,REMOVE,0,9
607,REMOVE,1,2
607,REMOVE,2,3
607,REMOVE,3,9
607,REMOVE,6,4
607,REMOVE,7,7
607,REMOVE,7,8
607,REMOVE,8,4
608,ADD,0,7
608,ADD,1,4
608,ADD,4,8
608,ADD,7,5
608,ADD,8,7
608,REMOVE,1,7
608,REMOVE,1,8
608,REMOVE,4,2
608,REMOVE,7,2
608,REMOVE,8,9
609,ADD,0,8
609,ADD,1,7
609,ADD,3,8
609,ADD,4,7
609,ADD,7,0
609,REMOVE,1,4
609,REMOVE,3,2
609,REMOVE,4,8
609,REMOVE,7,5
610,ADD,3,3
610,ADD,4,9
610,ADD,5,8
610,REMOVE,0,8
610,REMOVE,3,8
610,REMOVE,4,7
610,REMOVE,5,7
610,REMOVE,7,0
610,REMOVE,8,7
611,ADD,0,2
611,ADD,5,6
611,ADD,7,7
611,REMOVE,0,7
611,REMOVE,1,7
611,REMOVE,3,3
611,REMOVE,5,8
612,ADD,0,7
612,ADD,4,8
612,ADD,5,5
612,ADD,8,8
612,REMOVE,0,2
612,REMOVE,4,9
612,REMOVE,5,6
613,ADD,1,5
613,ADD,4,7
613,ADD,5,8
613,ADD,7,9
613,ADD,8,7
613,REMOVE,4,8
613,REMOVE,5,5
613,REMOVE,7,7
613,REMOVE,8,8
614,ADD,0,8
614,ADD,4,8
614,ADD,5,7
614,ADD,7,8
614,REMOVE,0,7
614,REMOVE,1,5
614,REMOVE,4,7
614,REMOVE,5,8
614,REMOVE,7,9
615,ADD,0,7
615,ADD,1,4
615,ADD,2,3
615,ADD,3,2
615,ADD,4,2
615,ADD,7,2
615,REMOVE,0,8
615,REMOVE,7,8
616,ADD,1,7
616,ADD,3,3
616,ADD,5,2
616,ADD,7,4
616,REMOVE,0,7
616,REMOVE,1,4
616,REMOVE,2,3
616,REMOVE,3,2
616,REMOVE,4,8
616,REMOVE,5,7
616,REMOVE,7,2
616,REMOVE,8,7
617,ADD,1,9
617,ADD,4,7
617,ADD,5,9
617,REMOVE,1,7
617,REMOVE,3,3
617,REMOVE,4,2
617,REMOVE,5,2
617,REMOVE,7,4
618,ADD,4,9
618,ADD,7,2
618,ADD,8,2
618,REMOVE,1,9
618,REMOVE,4,7
618,REMOVE,5,9
619,ADD,0,2
619,ADD,0,7
619,ADD,1,7
619,ADD,2,7
619,ADD,2,8
619,ADD,4,3
619,ADD,4,7
619,ADD,5,8
619,ADD,8,7
619,REMOVE,4,9
619,REMOVE,8,2
620,ADD,0,8
620,ADD,1,2
620,ADD,4,9
620,ADD,7,7
620,REMOVE,0,2
620,REMOVE,1,7
620,REMOVE,2,7
620,REMOVE,4,3
620,REMOVE,4,7
620,REMOVE,7,2
621,ADD,0,4
621,ADD,1,8
621,ADD,4,7
621,ADD,5,4
621,ADD,8,9
621,REMOVE,0,7
621,REMOVE,0,8
621,REMOVE,1,2
621,REMOVE,2,8
621,REMOVE,4,9
621,REMOVE,5,8
621,REMOVE,7,7
621,REMOVE,8,7
622,ADD,3,9
622,ADD,4,3
622,ADD,5,7
622,ADD,8,8
622,REMOVE,0,4
622,REMOVE,1,8
622,REMOVE,4,7
622,REMOVE,5,4
622,REMOVE,8,9
623,ADD,4,7
623,ADD,5,8
623,ADD,6,2
623,ADD,7,8
623,ADD,8,3
623,REMOVE,3,9
623,REMOVE,4,3
623,REMOVE,5,7
623,REMOVE,8,8
624,ADD,0,8
624,ADD,3,4
624,ADD,4,8
624,ADD,5,1
624,ADD,7,1
624,ADD,8,5
624,REMOVE,4,7
624,REMOVE,5,8
624,REMOVE,6,2
624,REMOVE,7,8
624,REMOVE,8,3
625,ADD,4,7
625,ADD,5,7
625,ADD,7,3
625,REMOVE,0,8
625,REMOVE,3,4
625,REMOVE,4,8
625,REMOVE,5,1
625,REMOVE,7,1
625,REMOVE,8,5
626,ADD,0,7
626,ADD,2,9
626,ADD,4,2
626,ADD,5,8
626,ADD,7,7
626,ADD,8,8
626,REMOVE,4,7
626,REMOVE,5,7
626,REMOVE,7,3
627,ADD,3,9
627,ADD,4,9
627,ADD,5,7
627,ADD,7,8
627,ADD,8,2
627,REMOVE,4,2
627,REMOVE,7,7
627,REMOVE,8,8
628,ADD,4,7
628,ADD,5,1
628,ADD,8,5
628,REMOVE,2,9
628,REMOVE,3,9
628,REMOVE,4,9
628,REMOVE,5,7
628,REMOVE,5,8
628,REMOVE,8,2
629,ADD,0,8
629,ADD,4,2
629,ADD,4,9
629,ADD,5,2
629,ADD,7,3
629,ADD,8,9
629,REMOVE,4,7
629,REMOVE,5,1
629,REMOVE,7,8
629,REMOVE,8,5
630,ADD,3,7
630,ADD,4,8
630,ADD,5,9
630,REMOVE,0,7
630,REMOVE,0,8
630,REMOVE,4,2
630,REMOVE,4,9
630,REMOVE,5,2
630,REMOVE,7,3
631,ADD,3,8
631,ADD,4,7
631,ADD,5,8
631,ADD,7,9
631,ADD,8,7
631,REMOVE,3,7
631,REMOVE,4,8
631,REMOVE,5,9
631,REMOVE,8,9
632,ADD,4,9
632,ADD,7,1
632,ADD,8,3
632,REMOVE,3,8
632,REMOVE,4,7
632,REMOVE,7,9
632,REMOVE,8,7
633,ADD,0,7
633,ADD,2,4
633,ADD,3,7
633,ADD,4,7
633,ADD,5,7
633,ADD,7,7
633,REMOVE,4,9
633,REMOVE,5,8
633,REMOVE,7,1
633,REMOVE,8,3
634,ADD,3,8
634,ADD,4,5
634,REMOVE,2,4
634,REMOVE,4,7
635,ADD,0,2
635,ADD,3,6
635,ADD,4,3
635,ADD,4,7
635,ADD,5,2
635,ADD,7,8
635,ADD,7,9
635,ADD,8,9
635,REMOVE,0,7
635,REMOVE,3,7
635,REMOVE,3,8
635,REMOVE,4,5
635,REMOVE,5,7
635,REMOVE,7,7
636,ADD,0,7
636,ADD,0,8
636,ADD,3,5
636,ADD,4,9
636,ADD,5,8
636,ADD,7,1
636,ADD,8,7
636,REMOVE,0,2
636,REMOVE,3,6
636,REMOVE,4,3
636,REMOVE,4,7
636,REMOVE,5,2
636,REMOVE,7,8
636,REMOVE,7,9
636,REMOVE,8,9
637,ADD,0,3
637,ADD,3,7
637,ADD,4,7
637,ADD,6,4
637,ADD,8,4
637,REMOVE,0,7
637,REMOVE,0,8
637,REMOVE,3,5
637,REMOVE,4,9
637,REMOVE,7,1
637,REMOVE,8,7
638,ADD,1,2
638,ADD,3,4
638,ADD,4,3
638,ADD,7,7
638,ADD,8,7
638,REMOVE,0,3
638,REMOVE,3,7
638,REMOVE,4,7
638,REMOVE,5,8
638,REMOVE,6,4
638,REMOVE,8,4
639,ADD,3,1
639,ADD,4,2
639,ADD,5,8
639,ADD,8,8
639,REMOVE,1,2
639,REMOVE,3,4
639,REMOVE,4,3
639,REMOVE,8,7
640,ADD,0,7
640,ADD,2,6
640,ADD,4,7
640,ADD,5,4
640,ADD,7,9
640,ADD,8,5
640,ADD,8,9
640,REMOVE,4,2
640,REMOVE,5,8
640,REMOVE,7,7
640,REMOVE,8,8
641,ADD,0,2
641,ADD,3,7
641,ADD,5,7
641,ADD,7,8
641,ADD,8,8
641,REMOVE,0,7
641,REMOVE,2,6
641,REMOVE,3,1
641,REMOVE,5,4
641,REMOVE,7,9
641,REMOVE,8,5
641,REMOVE,8,9
642,ADD,0,7
642,ADD,1,2
642,ADD,3,8
642,ADD,4,5
642,ADD,4,8
642,ADD,7,9
642,REMOVE,0,2
642,REMOVE,3,7
642,REMOVE,4,7
642,REMOVE,7,8
643,ADD,4,2
643,ADD,5,2
643,ADD,6,8
643,ADD,7,4
643,ADD,8,2
643,REMOVE,3,8
643,REMOVE,4,5
643,REMOVE,4,8
643,REMOVE,5,7
643,REMOVE,7,9
643,REMOVE,8,8
644,ADD,1,9
644,ADD,2,3
644,ADD,3,4
644,ADD,4,4
644,ADD,7,8
644,ADD,8,1
644,REMOVE,0,7
644,REMOVE,1,2
644,REMOVE,4,2
644,REMOVE,5,2
644,REMOVE,6,8
644,REMOVE,7,4
644,REMOVE,8,2
645,ADD,1,2
645,ADD,3,2
645,ADD,4,2
645,ADD,5,4
645,ADD,7,1
645,ADD,8,4
645,REMOVE,1,9
645,REMOVE,2,3
645,REMOVE,3,4
645,REMOVE,4,4
645,REMOVE,7,8
645,REMOVE,8,1
646,ADD,4,8
646,ADD,5,2
646,ADD,7,4
646,ADD,8,7
646,REMOVE,1,2
646,REMOVE,3,2
646,REMOVE,4,2
646,REMOVE,5,4
646,REMOVE,7,1
646,REMOVE,8,4
647,ADD,0,6
647,ADD,1,3
647,ADD,1,7
647,ADD,2,9
647,ADD,4,2
647,ADD,5,4
647,ADD,7,9
647,REMOVE,4,8
647,REMOVE,5,2
647,REMOVE,7,4
647,REMOVE,8,7
648,ADD,0,2
648,ADD,4,7
648,ADD,5,2
648,ADD,8,9
648,REMOVE,0,6
648,REMOVE,1,7
648,REMOVE,2,9
648,REMOVE,4,2
648,REMOVE,5,4
649,ADD,0,7
649,ADD,1,8
649,ADD,2,7
649,ADD,3,4
649,ADD,4,8
649,ADD,5,8
649,ADD,8,7
649,REMOVE,0,2
649,REMOVE,1,3
649,REMOVE,4,7
649,REMOVE,5,2
649,REMOVE,7,9
649,REMOVE,8,9
650,ADD,1,7
650,ADD,3,7
650,ADD,4,9
650,ADD,5,2
650,ADD,7,9
650,ADD,8,4
650,REMOVE,1,8
650,REMOVE,2,7
650,REMOVE,3,4
650,REMOVE,4,8
650,REMOVE,5,8
650,REMOVE,8,7
651,ADD,3,5
651,ADD,4,8
651,ADD,5,7
651,ADD,7,4
651,ADD,8,8
651,REMOVE,3,7
651,REMOVE,4,9
651,REMOVE,5,2
651,REMOVE,7,9
651,REMOVE,8,4
652,ADD,0,8
652,ADD,1,8
652,ADD,3,4
652,ADD,4,9
652,ADD,7,3
652,ADD,8,0
652,REMOVE,0,7
652,REMOVE,1,7
652,REMOVE,3,5
652,REMOVE,4,8
652,REMOVE,7,4
652,REMOVE,8,8
653,ADD,0,4
653,ADD,1,4
653,ADD,3,9
653,ADD,4,3
653,ADD,4,7
653,ADD,7,9
653,ADD,8,2
653,REMOVE,0,8
653,REMOVE,1,8
653,REMOVE,3,4
653,REMOVE,4,9
653,REMOVE,7,3
653,REMOVE,8,0
654,ADD,0,7
654,ADD,1,5
654,ADD,1,8
654,ADD,3,8
654,ADD,7,0
654,ADD,8,9
654,REMOVE,0,4
654,REMOVE,1,4
654,REMOVE,3,9
654,REMOVE,4,3
654,REMOVE,5,7
654,REMOVE,7,9
654,REMOVE,8,2
655,ADD,3,3
655,ADD,5,7
655,ADD,8,2
655,REMOVE,1,5
655,REMOVE,3,8
655,REMOVE,7,0
655,REMOVE,8,9
656,ADD,2,9
656,ADD,3,4
656,ADD,7,4
656,REMOVE,3,3
657,ADD,1,7
657,ADD,2,3
657,ADD,3,8
657,ADD,5,9
657,ADD,7,8
657,REMOVE,2,9
657,REMOVE,3,4
657,REMOVE,5,7
657,REMOVE,7,4
658,ADD,0,2
658,ADD,1,9
658,ADD,3,7
658,ADD,5,2
658,ADD,8,7
658,REMOVE,0,7
658,REMOVE,1,7
658,REMOVE,1,8
658,REMOVE,2,3
658,REMOVE,3,8
658,REMOVE,5,9
658,REMOVE,7,8
658,REMOVE,8,2
659,ADD,0,6
659,ADD,4,9
659,ADD,5,8
659,ADD,7,2
659,REMOVE,0,2
659,REMOVE,3,7
659,REMOVE,4,7
659,REMOVE,5,2
659,REMOVE,8,7
660,ADD,0,2
660,ADD,1,2
660,ADD,3,4
660,ADD,4,5
660,ADD,4,8
660,ADD,5,3
660,ADD,7,7
660,ADD,8,8
660,REMOVE,0,6
660,REMOVE,1,9
660,REMOVE,4,9
660,REMOVE,5,8
660,REMOVE,7,2
661,ADD,0,3
661,ADD,0,8
661,ADD,1,8
661,ADD,3,2
661,ADD,5,7
661,ADD,7,2
661,REMOVE,0,2
661,REMOVE,1,2
661,REMOVE,3,4
661,REMOVE,4,8
661,REMOVE,5,3
661,REMOVE,7,7
661,REMOVE,8,8
662,ADD,0,6
662,ADD,1,3
662,ADD,1,7
662,ADD,2,7
662,ADD,3,1
662,ADD,4,7
662,ADD,7,3
662,ADD,8,7
662,REMOVE,0,3
662,REMOVE,1,8
662,REMOVE,3,2
662,REMOVE,4,5
662,REMOVE,7,2
663,ADD,1,8
663,ADD,2,3
663,ADD,7,2
663,ADD,8,8
663,REMOVE,0,6
663,REMOVE,1,3
663,REMOVE,3,1
663,REMOVE,7,3
663,REMOVE,8,7
664,ADD,0,9
664,ADD,5,5
664,ADD,5,9
664,ADD,6,7
664,ADD,8,7
664,REMOVE,0,8
664,REMOVE,1,7
664,REMOVE,2,3
664,REMOVE,5,7
664,REMOVE,8,8
665,ADD,0,2
665,ADD,1,7
665,ADD,3,9
665,ADD,6,8
665,ADD,6,9
665,REMOVE,0,9
665,REMOVE,1,8
665,REMOVE,5,5
665,REMOVE,5,9
665,REMOVE,6,7
665,REMOVE,7,2
665,REMOVE,8,7
666,ADD,0,4
666,ADD,1,4
666,ADD,4,9
666,ADD,5,8
666,ADD,8,2
666,REMOVE,0,2
666,REMOVE,1,7
666,REMOVE,3,9
666,REMOVE,4,7
666,REMOVE,6,8
667,ADD,0,7
667,ADD,1,7
667,ADD,2,8
667,ADD,4,7
667,ADD,5,7
667,ADD,6,8
667,ADD,7,2
667,ADD,8,5
667,ADD,8,9
667,REMOVE,0,4
667,REMOVE,1,4
667,REMOVE,2,7
667,REMOVE,4,9
667,REMOVE,5,8
667,REMOVE,6,9
667,REMOVE,8,2
668,ADD,1,8
668,ADD,2,7
668,ADD,3,7
668,ADD,4,8
668,ADD,4,9
668,ADD,5,9
668,ADD,6,9
668,ADD,7,8
668,ADD,8,7
668,REMOVE,1,7
668,REMOVE,2,8
668,REMOVE,4,7
668,REMOVE,5,7
668,REMOVE,6,8
668,REMOVE,7,2
668,REMOVE,8,5
668,REMOVE,8,9
669,ADD,0,3
669,ADD,6,7
669,ADD,7,7
669,ADD,8,3
669,REMOVE,0,7
669,REMOVE,4,9
669,REMOVE,5,9
669,REMOVE,6,9
669,REMOVE,7,8
669,REMOVE,8,7
670,ADD,0,7
670,ADD,1,7
670,ADD,2,8
670,ADD,4,2
670,ADD,5,8
670,ADD,6,1
670,ADD,7,8
670,ADD,8,9
670,REMOVE,0,3
670,REMOVE,1,8
670,REMOVE,2,7
670,REMOVE,3,7
670,REMOVE,4,8
670,REMOVE,6,7
670,REMOVE,7,7
670,REMOVE,8,3
671,ADD,0,3
671,ADD,0,5
671,ADD,1,4
671,ADD,2,7
671,ADD,3,3
671,ADD,4,7
671,ADD,5,3
671,ADD,6,7
671,ADD,7,7
671,ADD,8,1
671,REMOVE,0,7
671,REMOVE,1,7
671,REMOVE,2,8
671,REMOVE,4,2
671,REMOVE,5,8
671,REMOVE,6,1
671,REMOVE,7,8
671,REMOVE,8,9
672,ADD,0,2
672,ADD,1,6
672,ADD,3,1
672,ADD,4,9
672,ADD,6,6
672,ADD,8,4
672,REMOVE,0,3
672,REMOVE,0,5
672,REMOVE,1,4
672,REMOVE,3,3
672,REMOVE,4,7
672,REMOVE,6,7
672,REMOVE,8,1
673,ADD,0,9
673,ADD,1,8
673,ADD,3,2
673,ADD,4,7
673,ADD,5,1
673,ADD,7,6
673,REMOVE,0,2
673,REMOVE,1,6
673,REMOVE,3,1
673,REMOVE,4,9
673,REMOVE,5,3
673,REMOVE,6,6
673,REMOVE,7,7
673,REMOVE,8,4
674,ADD,0,2
674,ADD,4,9
674,ADD,5,7
674,ADD,6,9
674,ADD,7,2
674,ADD,7,7
674,ADD,8,7
674,REMOVE,0,9
674,REMOVE,2,7
674,REMOVE,3,2
674,REMOVE,4,7
674,REMOVE,5,1
674,REMOVE,7,6
675,ADD,0,8
675,ADD,1,7
675,ADD,2,2
675,ADD,2,7
675,ADD,4,7
675,ADD,5,2
675,ADD,6,8
675,ADD,7,8
675,REMOVE,0,2
675,REMOVE,1,8
675,REMOVE,4,9
675,REMOVE,5,7
675,REMOVE,6,9
675,REMOVE,7,2
675,REMOVE,7,7
676,ADD,0,7
676,ADD,1,8
676,ADD,3,1
676,ADD,4,8
676,ADD,5,9
676,ADD,6,2
676,ADD,8,8
676,REMOVE,1,7
676,REMOVE,2,2
676,REMOVE,4,7
676,REMOVE,5,2
676,REMOVE,6,8
676,REMOVE,7,8
676,REMOVE,8,7
677,ADD,0,2
677,ADD,0,9
677,ADD,1,7
677,ADD,2,5
677,ADD,2,9
677,ADD,3,5
677,ADD,5,8
677,ADD,6,7
677,ADD,7,8
677,ADD,7,9
677,REMOVE,0,7
677,REMOVE,0,8
677,REMOVE,1,8
677,REMOVE,2,7
677,REMOVE,3,1
677,REMOVE,5,9
677,REMOVE,6,2
677,REMOVE,8,8
678,ADD,0,5
678,ADD,1,2
678,ADD,2,2
678,ADD,2,7
678,ADD,3,7
678,ADD,4,7
678,ADD,5,7
678,ADD,6,2
678,ADD,7,7
678,ADD,8,8
678,REMOVE,0,2
678,REMOVE,0,9
678,REMOVE,1,7
678,REMOVE,2,5
678,REMOVE,2,9
678,REMOVE,3,5
678,REMOVE,4,8
678,REMOVE,5,8
678,REMOVE,6,7
678,REMOVE,7,8
678,REMOVE,7,9
679,ADD,0,8
679,ADD,1,7
679,ADD,3,2
679,ADD,6,8
679,REMOVE,0,5
679,REMOVE,1,2
679,REMOVE,2,2
679,REMOVE,3,7
679,REMOVE,6,2
680,ADD,3,5
680,ADD,4,2
680,ADD,5,9
680,ADD,7,4
680,ADD,8,9
680,REMOVE,2,7
680,REMOVE,3,2
680,REMOVE,4,7
680,REMOVE,5,7
680,REMOVE,7,7
680,REMOVE,8,8
681,ADD,0,7
681,ADD,3,4
681,ADD,5,2
681,ADD,6,2
681,ADD,7,1
681,ADD,8,7
681,REMOVE,0,8
681,REMOVE,1,7
681,REMOVE,3,5
681,REMOVE,4,2
681,REMOVE,5,9
681,REMOVE,6,8
681,REMOVE,7,4
681,REMOVE,8,9
682,ADD,0,2
682,ADD,1,7
682,ADD,2,2
682,ADD,4,9
682,ADD,5,3
682,ADD,5,5
682,ADD,6,7
682,ADD,6,8
682,ADD,7,8
682,ADD,8,3
682,REMOVE,3,4
682,REMOVE,5,2
682,REMOVE,6,2
682,REMOVE,7,1
682,REMOVE,8,7
683,ADD,2,8
683,ADD,3,8
683,ADD,3,9
683,ADD,4,7
683,ADD,5,8
683,ADD,5,9
683,ADD,7,7
683,ADD,8,8
683,REMOVE,0,2
683,REMOVE,2,2
683,REMOVE,4,9
683,REMOVE,5,3
683,REMOVE,5,5
683,REMOVE,6,8
683,REMOVE,7,8
683,REMOVE,8,3
684,ADD,0,9
684,ADD,2,7
684,ADD,3,7
684,ADD,6,2
684,ADD,7,3
684,ADD,8,9
684,REMOVE,0,7
684,REMOVE,3,8
684,REMOVE,3,9
684,REMOVE,5,9
684,REMOVE,6,7
684,REMOVE,7,7
684,REMOVE,8,8
685,ADD,0,2
685,ADD,2,5
685,ADD,3,2
685,ADD,4,9
685,ADD,5,7
685,ADD,7,9
685,ADD,8,7
685,REMOVE,0,9
685,REMOVE,2,7
685,REMOVE,2,8
685,REMOVE,3,7
685,REMOVE,4,7
685,REMOVE,5,8
685,REMOVE,6,2
685,REMOVE,7,3
685,REMOVE,8,9
686,ADD,0,7
686,ADD,1,9
686,ADD,2,7
686,ADD,3,8
686,ADD,4,7
686,ADD,5,2
686,ADD,6,9
686,ADD,7,7
686,ADD,8,9
686,REMOVE,0,2
686,REMOVE,1,7
686,REMOVE,2,5
686,REMOVE,3,2
686,REMOVE,4,9
686,REMOVE,5,7
686,REMOVE,7,9
686,REMOVE,8,7
687,ADD,0,8
687,ADD,2,4
687,ADD,5,5
687,ADD,7,3
687,ADD,8,1
687,REMOVE,0,7
687,REMOVE,2,7
687,REMOVE,3,8
687,REMOVE,5,2
687,REMOVE,6,9
687,REMOVE,7,7
687,REMOVE,8,9
688,ADD,0,3
688,ADD,3,1
688,ADD,4,8
688,ADD,5,7
688,ADD,6,1
688,ADD,7,8
688,REMOVE,0,8
688,REMOVE,2,4
688,REMOVE,4,7
688,REMOVE,5,5
688,REMOVE,7,3
688,REMOVE,8,1
689,ADD,0,7
689,ADD,1,3
689,ADD,2,2
689,ADD,3,2
689,ADD,4,6
689,ADD,5,8
689,ADD,8,8
689,REMOVE,0,3
689,REMOVE,1,9
689,REMOVE,3,1
689,REMOVE,4,8
689,REMOVE,5,7
690,ADD,1,7
690,ADD,3,8
690,ADD,4,2
690,ADD,5,5
690,ADD,6,8
690,ADD,7,7
690,REMOVE,1,3
690,REMOVE,2,2
690,REMOVE,3,2
690,REMOVE,4,6
690,REMOVE,5,8
690,REMOVE,6,1
690,REMOVE,7,8
691,ADD,3,6
691,ADD,4,3
691,ADD,5,8
691,ADD,6,7
691,ADD,7,1
691,REMOVE,1,7
691,REMOVE,3,8
691,REMOVE,4,2
691,REMOVE,5,5
691,REMOVE,6,8
691,REMOVE,7,7
691,REMOVE,8,8
692,ADD,4,2
692,ADD,6,8
692,REMOVE,3,6
692,REMOVE,4,3
692,REMOVE,6,7
692,REMOVE,7,1
693,ADD,0,8
693,ADD,1,8
693,ADD,3,1
693,ADD,4,8
693,ADD,5,2
693,ADD,6,7
693,ADD,7,8
693,ADD,8,6
693,REMOVE,0,7
693,REMOVE,4,2
693,REMOVE,5,8
693,REMOVE,6,8
694,ADD,3,7
694,ADD,4,2
694,ADD,6,2
694,ADD,8,7
694,REMOVE,1,8
694,REMOVE,3,1
694,REMOVE,4,8
694,REMOVE,5,2
694,REMOVE,6,7
694,REMOVE,7,8
694,REMOVE,8,6
695,ADD,0,5
695,ADD,4,8
695,ADD,5,1
695,ADD,7,7
695,ADD,8,2
695,REMOVE,0,8
695,REMOVE,4,2
695,REMOVE,6,2
695,REMOVE,8,7
696,ADD,0,7
696,ADD,0,8
696,ADD,1,4
696,ADD,2,2
696,ADD,3,2
696,ADD,4,7
696,ADD,5,5
696,ADD,6,7
696,ADD,8,5
696,REMOVE,0,5
696,REMOVE,3,7
696,REMOVE,4,8
696,REMOVE,5,1
696,REMOVE,8,2
697,ADD,1,8
697,ADD,2,7
697,ADD,3,6
697,ADD,5,7
697,ADD,7,5
697,ADD,8,7
697,REMOVE,0,8
697,REMOVE,1,4
697,REMOVE,2,2
697,REMOVE,3,2
697,REMOVE,5,5
697,REMOVE,7,7
697,REMOVE,8,5
698,ADD,0,8
698,ADD,1,3
698,ADD,1,7
698,ADD,3,8
698,ADD,4,3
698,ADD,4,9
698,ADD,5,3
698,ADD,6,8
698,ADD,7,8
698,REMOVE,0,7
698,REMOVE,1,8
698,REMOVE,3,6
698,REMOVE,4,7
698,REMOVE,5,7
698,REMOVE,6,7
698,REMOVE,7,5
699,ADD,0,9
699,ADD,1,2
699,ADD,2,8
699,ADD,3,7
699,ADD,4,8
699,ADD,5,7
699,ADD,6,5
699,ADD,7,4
699,ADD,8,2
699,REMOVE,0,8
699,REMOVE,1,3
699,REMOVE,2,7
699,REMOVE,3,8
699,REMOVE,4,3
699,REMOVE,4,9
699,REMOVE,5,3
699,REMOVE,6,8
699,REMOVE,7,8
699,REMOVE,8,7
700,ADD,0,7
700,ADD,3,1
700,ADD,4,3
700,ADD,5,9
700,ADD,6,4
700,ADD,7,1
700,ADD,8,3
700,REMOVE,0,9
700,REMOVE,1,2
700,REMOVE,1,7
700,REMOVE,3,7
700,REMOVE,4,8
700,REMOVE,5,7
700,REMOVE,6,5
700,REMOVE,7,4
700,REMOVE,8,2
701,ADD,1,7
701,ADD,2,2
701,ADD,3,6
701,ADD,4,4
701,ADD,5,4
701,ADD,6,2
701,ADD,8,7
701,REMOVE,2,8
701,REMOVE,3,1
701,REMOVE,4,3
701,REMOVE,5,9
701,REMOVE,6,4
701,REMOVE,7,1
701,REMOVE,8,3
702,ADD,0,9
702,ADD,1,5
702,ADD,4,7
702,ADD,6,9
702,REMOVE,0,7
702,REMOVE,1,7
702,REMOVE,2,2
702,REMOVE,3,6
702,REMOVE,4,4
702,REMOVE,5,4
702,REMOVE,6,2
702,REMOVE,8,7
703,ADD,0,7
703,ADD,1,7
703,ADD,2,7
703,ADD,3,7
703,ADD,4,8
703,ADD,5,2
703,ADD,6,7
703,ADD,7,8
703,ADD,8,0
703,REMOVE,0,9
703,REMOVE,1,5
703,REMOVE,4,7
703,REMOVE,6,9
704,ADD,1,2
704,ADD,2,2
704,ADD,3,9
704,ADD,4,7
704,ADD,5,7
704,ADD,7,9
704,ADD,8,7
704,REMOVE,1,7
704,REMOVE,2,7
704,REMOVE,3,7
704,REMOVE,4,8
704,REMOVE,5,2
704,REMOVE,7,8
704,REMOVE,8,0
705,ADD,4,9
705,ADD,6,5
705,ADD,6,9
705,ADD,7,7
705,ADD,8,2
705,REMOVE,3,9
705,REMOVE,4,7
705,REMOVE,5,7
705,REMOVE,6,7
705,REMOVE,7,9
705,REMOVE,8,7
706,ADD,0,1
706,ADD,1,7
706,ADD,4,8
706,ADD,5,7
706,ADD,6,7
706,ADD,7,1
706,ADD,8,3
706,ADD,8,9
706,REMOVE,0,7
706,REMOVE,1,2
706,REMOVE,4,9
706,REMOVE,6,5
706,REMOVE,6,9
706,REMOVE,7,7
706,REMOVE,8,2
707,ADD,0,8
707,ADD,1,4
707,ADD,2,7
707,ADD,5,4
707,ADD,6,8
707,ADD,7,7
707,ADD,8,5
707,REMOVE,0,1
707,REMOVE,1,7
707,REMOVE,2,2
707,REMOVE,5,7
707,REMOVE,6,7
707,REMOVE,7,1
707,REMOVE,8,3
708,ADD,0,7
708,ADD,1,7
708,ADD,2,8
708,ADD,3,2
708,ADD,5,7
708,REMOVE,0,8
708,REMOVE,1,4
708,REMOVE,2,7
708,REMOVE,5,4
708,REMOVE,8,5
708,REMOVE,8,9
709,ADD,0,8
709,ADD,0,9
709,ADD,5,1
709,ADD,7,5
709,REMOVE,0,7
709,REMOVE,1,7
709,REMOVE,2,8
709,REMOVE,5,7
709,REMOVE,7,7
710,ADD,1,7
710,ADD,4,2
710,ADD,4,7
710,ADD,5,8
710,ADD,6,2
710,ADD,7,8
710,ADD,8,2
710,REMOVE,0,9
710,REMOVE,3,2
710,REMOVE,4,8
710,REMOVE,5,1
710,REMOVE,6,8
710,REMOVE,7,5
711,ADD,0,7
711,ADD,1,9
711,ADD,2,1
711,ADD,3,7
711,ADD,5,4
711,ADD,7,7
711,ADD,8,7
711,REMOVE,0,8
711,REMOVE,1,7
711,REMOVE,4,2
711,REMOVE,5,8
711,REMOVE,7,8
711,REMOVE,8,2
712,ADD,0,9
712,ADD,3,9
712,ADD,5,7
712,ADD,6,9
712,ADD,7,6
712,ADD,8,5
712,REMOVE,0,7
712,REMOVE,1,9
712,REMOVE,2,1
712,REMOVE,3,7
712,REMOVE,5,4
712,REMOVE,6,2
712,REMOVE,7,7
712,REMOVE,8,7
713,ADD,0,0
713,ADD,4,8
713,ADD,5,2
713,ADD,6,2
713,ADD,7,3
713,REMOVE,0,9
713,REMOVE,3,9
713,REMOVE,4,7
713,REMOVE,5,7
713,REMOVE,6,9
713,REMOVE,7,6
713,REMOVE,8,5
714,ADD,2,8
714,ADD,3,8
714,ADD,4,3
714,ADD,5,4
714,ADD,6,4
714,ADD,7,9
714,ADD,8,4
714,REMOVE,0,0
714,REMOVE,4,8
714,REMOVE,5,2
714,REMOVE,6,2
714,REMOVE,7,3
715,ADD,0,7
715,ADD,2,9
715,ADD,3,9
715,ADD,4,8
715,ADD,5,3
715,ADD,6,5
715,ADD,7,4
715,REMOVE,2,8
715,REMOVE,3,8
715,REMOVE,4,3
715,REMOVE,5,4
715,REMOVE,6,4
715,REMOVE,7,9
715,REMOVE,8,4
716,ADD,0,6
716,ADD,2,8
716,ADD,3,8
716,ADD,4,4
716,ADD,5,9
716,ADD,6,7
716,ADD,7,2
716,REMOVE,0,7
716,REMOVE,2,9
716,REMOVE,3,9
716,REMOVE,4,8
716,REMOVE,5,3
716,REMOVE,6,5
716,REMOVE,7,4
717,ADD,0,8
717,ADD,3,6
717,ADD,4,3
717,ADD,6,8
717,ADD,7,4
717,ADD,8,2
717,REMOVE,0,6
717,REMOVE,2,8
717,REMOVE,3,8
717,REMOVE,4,4
717,REMOVE,6,7
717,REMOVE,7,2
718,ADD,0,2
718,ADD,0,7
718,ADD,3,7
718,ADD,4,5
718,ADD,5,6
718,ADD,6,9
718,ADD,8,8
718,REMOVE,0,8
718,REMOVE,3,6
718,REMOVE,4,3
718,REMOVE,5,9
718,REMOVE,8,2
719,ADD,1,4
719,ADD,3,8
719,ADD,4,9
719,REMOVE,0,2
719,REMOVE,3,7
719,REMOVE,4,5
719,REMOVE,6,9
719,REMOVE,7,4
719,REMOVE,8,8
720,ADD,3,6
720,ADD,4,7
720,ADD,7,8
720,REMOVE,0,7
720,REMOVE,3,8
720,REMOVE,4,9
720,REMOVE,5,6
720,REMOVE,6,8
721,ADD,0,7
721,ADD,4,5
721,ADD,4,8
721,ADD,5,7
721,ADD,6,4
721,ADD,8,8
721,REMOVE,1,4
721,REMOVE,3,6
721,REMOVE,4,7
722,ADD,0,9
722,ADD,3,2
722,ADD,4,4
722,ADD,6,8
722,ADD,8,7
722,REMOVE,0,7
722,REMOVE,4,5
722,REMOVE,4,8
722,REMOVE,6,4
722,REMOVE,7,8
722,REMOVE,8,8
723,ADD,3,1
723,ADD,4,8
723,ADD,5,6
723,ADD,7,8
723,ADD,8,5
723,REMOVE,0,9
723,REMOVE,3,2
723,REMOVE,4,4
723,REMOVE,5,7
723,REMOVE,8,7
724,ADD,0,8
724,ADD,1,2
724,ADD,4,9
724,ADD,5,7
724,ADD,6,3
724,ADD,7,7
724,ADD,8,8
724,REMOVE,3,1
724,REMOVE,5,6
724,REMOVE,6,8
724,REMOVE,7,8
724,REMOVE,8,5
725,ADD,0,5
725,ADD,1,7
725,ADD,3,3
725,ADD,3,9
725,ADD,4,7
725,ADD,5,8
725,ADD,6,7
725,ADD,8,5
725,REMOVE,0,8
725,REMOVE,1,2
725,REMOVE,4,9
725,REMOVE,5,7
725,REMOVE,6,3
726,ADD,0,3
726,ADD,1,1
726,ADD,5,9
726,ADD,7,6
726,ADD,8,6
726,REMOVE,0,5
726,REMOVE,1,7
726,REMOVE,3,3
726,REMOVE,3,9
726,REMOVE,4,7
726,REMOVE,4,8
726,REMOVE,5,8
726,REMOVE,6,7
726,REMOVE,7,7
726,REMOVE,8,5
726,REMOVE,8,8
727,ADD,1,8
727,ADD,3,7
727,ADD,4,5
727,ADD,4,7
727,ADD,5,7
727,ADD,6,7
727,ADD,7,8
727,ADD,8,7
727,REMOVE,1,1
727,REMOVE,5,9
727,REMOVE,7,6
727,REMOVE,8,6
728,ADD,1,7
728,ADD,6,8
728,ADD,7,2
728,ADD,8,6
728,REMOVE,0,3
728,REMOVE,4,5
728,REMOVE,6,7
728,REMOVE,7,8
728,REMOVE,8,7
729,ADD,3,4
729,ADD,5,3
729,ADD,5,9
729,ADD,6,9
729,ADD,7,6
729,ADD,8,8
729,REMOVE,1,8
729,REMOVE,3,7
729,REMOVE,5,7
729,REMOVE,6,8
729,REMOVE,7,2
729,REMOVE,8,6
730,ADD,3,0
730,ADD,5,7
730,ADD,6,2
730,ADD,7,8
730,ADD,8,2
730,REMOVE,3,4
730,REMOVE,5,3
730,REMOVE,5,9
730,REMOVE,6,9
730,REMOVE,7,6
730,REMOVE,8,8
731,ADD,0,8
731,ADD,1,9
731,ADD,3,8
731,ADD,4,2
731,ADD,6,7
731,ADD,7,7
731,ADD,8,7
731,REMOVE,1,7
731,REMOVE,3,0
731,REMOVE,6,2
731,REMOVE,7,8
731,REMOVE,8,2
732,ADD,0,7
732,ADD,1,7
732,ADD,3,7
732,ADD,5,3
732,ADD,6,8
732,ADD,7,1
732,REMOVE,0,8
732,REMOVE,1,9
732,REMOVE,3,8
732,REMOVE,5,7
732,REMOVE,6,7
732,REMOVE,7,7
733,ADD,3,0
733,ADD,4,8
733,ADD,5,7
733,ADD,6,1
733,ADD,7,7
733,REMOVE,3,7
733,REMOVE,4,2
733,REMOVE,5,3
733,REMOVE,6,8
733,REMOVE,7,1
734,ADD,0,9
734,ADD,6,7
734,ADD,7,8
734,REMOVE,0,7
734,REMOVE,3,0
734,REMOVE,4,7
734,REMOVE,6,1
734,REMOVE,7,7
735,ADD,0,8
735,ADD,1,0
735,ADD,6,9
735,ADD,7,5
735,ADD,8,2
735,REMOVE,1,7
735,REMOVE,6,7
735,REMOVE,7,8
735,REMOVE,8,7
736,ADD,5,8
736,ADD,6,7
736,ADD,7,7
736,REMOVE,0,9
736,REMOVE,1,0
736,REMOVE,5,7
736,REMOVE,6,9
736,REMOVE,7,5
736,REMOVE,8,2
737,ADD,0,7
737,ADD,5,3
737,ADD,6,0
737,ADD,7,3
737,ADD,7,9
737,ADD,8,7
737,ADD,8,8
737,REMOVE,0,8
737,REMOVE,5,8
737,REMOVE,6,7
737,REMOVE,7,7
738,ADD,1,3
738,ADD,2,8
738,ADD,4,7
738,ADD,5,7
738,ADD,6,8
738,ADD,7,7
738,REMOVE,4,8
738,REMOVE,5,3
738,REMOVE,6,0
738,REMOVE,7,3
738,REMOVE,7,9
738,REMOVE,8,7
738,REMOVE,8,8
739,ADD,2,3
739,ADD,5,5
739,ADD,6,7
739,ADD,7,4
739,ADD,8,7
739,REMOVE,1,3
739,REMOVE,2,8
739,REMOVE,5,7
739,REMOVE,6,8
739,REMOVE,7,7
740,ADD,0,2
740,ADD,2,8
740,ADD,3,5
740,ADD,3,8
740,ADD,4,8
740,ADD,5,8
740,ADD,7,2
740,REMOVE,0,7
740,REMOVE,2,3
740,REMOVE,4,7
740,REMOVE,5,5
740,REMOVE,7,4
741,ADD,0,7
741,ADD,2,3
741,ADD,2,7
741,ADD,3,9
741,ADD,4,7
741,ADD,5,2
741,ADD,6,8
741,ADD,8,8
741,REMOVE,0,2
741,REMOVE,2,8
741,REMOVE,3,5
741,REMOVE,3,8
741,REMOVE,4,8
741,REMOVE,5,8
741,REMOVE,6,7
741,REMOVE,8,7
742,ADD,0,2
742,ADD,2,9
742,ADD,3,8
742,ADD,4,2
742,ADD,5,8
742,ADD,6,7
742,ADD,7,8
742,ADD,8,7
742,REMOVE,0,7
742,REMOVE,2,3
742,REMOVE,2,7
742,REMOVE,3,9
742,REMOVE,4,7
742,REMOVE,5,2
742,REMOVE,6,8
742,REMOVE,7,2
742,REMOVE,8,8
743,ADD,2,7
743,ADD,2,8
743,ADD,3,4
743,ADD,4,7
743,ADD,5,5
743,ADD,6,2
743,ADD,7,4
743,ADD,8,2
743,REMOVE,2,9
743,REMOVE,3,8
743,REMOVE,4,2
743,REMOVE,5,8
743,REMOVE,6,7
743,REMOVE,7,8
743,REMOVE,8,7
744,ADD,0,8
744,ADD,2,2
744,ADD,3,8
744,ADD,5,8
744,ADD,6,4
744,ADD,7,9
744,ADD,8,9
744,REMOVE,0,2
744,REMOVE,2,8
744,REMOVE,3,4
744,REMOVE,5,5
744,REMOVE,6,2
744,REMOVE,7,4
744,REMOVE,8,2
745,ADD,0,7
745,ADD,3,7
745,ADD,5,5
745,ADD,6,2
745,ADD,7,3
745,ADD,8,5
745,REMOVE,0,8
745,REMOVE,2,2
745,REMOVE,3,8
745,REMOVE,6,4
745,REMOVE,7,9
745,REMOVE,8,9
746,ADD,0,2
746,ADD,5,2
746,ADD,6,6
746,ADD,7,8
746,ADD,8,2
746,REMOVE,0,7
746,REMOVE,5,5
746,REMOVE,5,8
746,REMOVE,6,2
746,REMOVE,7,3
746,REMOVE,8,5
747,ADD,0,8
747,ADD,2,2
747,ADD,3,8
747,ADD,4,2
747,ADD,5,7
747,ADD,7,3
747,ADD,8,7
747,REMOVE,0,2
747,REMOVE,2,7
747,REMOVE,3,7
747,REMOVE,4,7
747,REMOVE,5,2
747,REMOVE,7,8
747,REMOVE,8,2
748,ADD,0,7
748,ADD,1,4
748,ADD,4,8
748,ADD,5,8
748,ADD,6,7
748,ADD,7,4
748,ADD,8,8
748,REMOVE,0,8
748,REMOVE,5,7
748,REMOVE,6,6
748,REMOVE,7,3
748,REMOVE,8,7
749,ADD,1,2
749,ADD,2,7
749,ADD,3,7
749,ADD,4,3
749,ADD,5,7
749,ADD,6,2
749,ADD,7,5
749,ADD,7,8
749,REMOVE,1,4
749,REMOVE,3,8
749,REMOVE,4,2
749,REMOVE,4,8
749,REMOVE,5,8
749,REMOVE,6,7
749,REMOVE,7,4
750,ADD,0,3
750,ADD,3,6
750,ADD,3,8
750,ADD,4,9
750,ADD,6,8
750,ADD,7,7
750,REMOVE,0,7
750,REMOVE,1,2
750,REMOVE,2,2
750,REMOVE,3,7
750,REMOVE,4,3
750,REMOVE,6,2
750,REMOVE,7,5
750,REMOVE,7,8
751,ADD,0,7
751,ADD,2,2
751,ADD,3,9
751,ADD,4,7
751,ADD,5,8
751,ADD,6,1
751,ADD,7,4
751,ADD,8,7
751,REMOVE,0,3
751,REMOVE,3,6
751,REMOVE,3,8
751,REMOVE,4,9
751,REMOVE,7,7
751,REMOVE,8,8
752,ADD,0,8
752,ADD,5,1
752,ADD,6,9
752,ADD,7,8
752,ADD,7,9
752,ADD,8,2
752,REMOVE,2,2
752,REMOVE,5,7
752,REMOVE,5,8
752,REMOVE,6,1
752,REMOVE,6,8
752,REMOVE,7,4
752,REMOVE,8,7
753,ADD,1,4
753,ADD,2,2
753,ADD,3,3
753,ADD,4,8
753,ADD,5,2
753,ADD,6,7
753,ADD,7,7
753,ADD,8,9
753,REMOVE,3,9
753,REMOVE,4,7
753,REMOVE,5,1
753,REMOVE,6,9
753,REMOVE,7,8
753,REMOVE,7,9
753,REMOVE,8,2
754,ADD,0,2
754,ADD,2,8
754,ADD,4,2
754,ADD,6,2
754,ADD,7,2
754,ADD,8,8
754,REMOVE,0,7
754,REMOVE,0,8
754,REMOVE,1,4
754,REMOVE,2,7
754,REMOVE,3,3
754,REMOVE,4,8
754,REMOVE,6,7
754,REMOVE,7,7
754,REMOVE,8,9
755,ADD,0,7
755,ADD,3,7
755,ADD,4,7
755,ADD,5,1
755,ADD,8,7
755,REMOVE,0,2
755,REMOVE,2,2
755,REMOVE,4,2
755,REMOVE,5,2
755,REMOVE,8,8
756,ADD,2,2
756,ADD,4,2
756,ADD,5,7
756,ADD,6,7
756,ADD,7,8
756,REMOVE,2,8
756,REMOVE,5,1
756,REMOVE,6,2
756,REMOVE,7,2
757,ADD,2,8
757,ADD,4,8
757,ADD,7,6
757,ADD,8,5
757,REMOVE,2,2
757,REMOVE,4,2
757,REMOVE,4,7
757,REMOVE,6,7
757,REMOVE,7,8
757,REMOVE,8,7
758,ADD,0,3
758,ADD,4,7
758,ADD,8,1
758,REMOVE,3,7
758,REMOVE,4,8
758,REMOVE,7,6
758,REMOVE,8,5
759,ADD,0,8
759,ADD,3,7
759,ADD,4,8
759,ADD,5,2
759,ADD,6,7
759,ADD,7,7
759,ADD,8,7
759,REMOVE,0,3
759,REMOVE,0,7
759,REMOVE,5,7
759,REMOVE,8,1
760,ADD,0,3
760,ADD,0,7
760,ADD,2,7
760,ADD,3,8
760,ADD,4,2
760,ADD,8,2
760,REMOVE,0,8
760,REMOVE,3,7
760,REMOVE,4,8
760,REMOVE,8,7
761,ADD,0,2
761,ADD,3,7
761,ADD,8,7
761,REMOVE,0,3
761,REMOVE,2,7
761,REMOVE,3,8
761,REMOVE,4,2
761,REMOVE,8,2
762,ADD,1,7
762,ADD,3,8
762,ADD,3,9
762,ADD,4,2
762,ADD,5,7
762,ADD,6,8
762,ADD,7,3
762,ADD,8,3
762,REMOVE,0,7
762,REMOVE,3,7
762,REMOVE,4,7
762,REMOVE,5,2
762,REMOVE,6,7
762,REMOVE,7,7
762,REMOVE,8,7
763,ADD,0,7
763,ADD,2,2
763,ADD,2,7
763,ADD,4,7
763,ADD,4,8
763,ADD,5,4
763,ADD,7,7
763,ADD,8,8
763,REMOVE,0,2
763,REMOVE,1,7
763,REMOVE,2,8
763,REMOVE,3,8
763,REMOVE,4,2
763,REMOVE,5,7
763,REMOVE,6,8
763,REMOVE,7,3
763,REMOVE,8,3
764,ADD,0,8
764,ADD,3,2
764,ADD,4,5
764,ADD,5,7
764,ADD,6,2
764,ADD,7,2
764,ADD,8,7
764,REMOVE,0,7
764,REMOVE,2,2
764,REMOVE,3,9
764,REMOVE,4,7
764,REMOVE,4,8
764,REMOVE,5,4
764,REMOVE,7,7
764,REMOVE,8,8
765,ADD,2,3
765,ADD,3,1
765,ADD,4,7
765,ADD,5,9
765,ADD,6,8
765,ADD,7,8
765,ADD,8,0
765,REMOVE,0,8
765,REMOVE,2,7
765,REMOVE,3,2
765,REMOVE,4,5
765,REMOVE,5,7
765,REMOVE,6,2
765,REMOVE,7,2
765,REMOVE,8,7
766,ADD,0,7
766,ADD,2,6
766,ADD,3,2
766,ADD,4,2
766,ADD,5,6
766,ADD,6,7
766,ADD,7,2
766,ADD,8,7
766,REMOVE,2,3
766,REMOVE,3,1
766,REMOVE,5,9
766,REMOVE,6,8
766,REMOVE,7,8
766,REMOVE,8,0
767,ADD,0,2
767,ADD,1,7
767,ADD,2,8
767,ADD,4,8
767,ADD,5,4
767,ADD,6,8
767,ADD,7,5
767,ADD,8,8
767,REMOVE,3,2
767,REMOVE,4,2
767,REMOVE,4,7
767,REMOVE,5,6
767,REMOVE,6,7
767,REMOVE,7,2
767,REMOVE,8,7
768,ADD,0,3
768,ADD,4,7
768,ADD,6,2
768,ADD,7,7
768,REMOVE,0,2
768,REMOVE,0,7
768,REMOVE,1,7
768,REMOVE,2,6
768,REMOVE,2,8
768,REMOVE,4,8
768,REMOVE,5,4
768,REMOVE,6,8
768,REMOVE,7,5
769,ADD,0,7
769,ADD,4,8
769,ADD,5,3
769,ADD,7,4
769,ADD,7,8
769,ADD,8,1
769,REMOVE,0,3
769,REMOVE,4,7
769,REMOVE,6,2
769,REMOVE,8,8
770,ADD,3,4
770,ADD,4,7
770,ADD,5,7
770,ADD,7,2
770,ADD,8,7
770,REMOVE,4,8
770,REMOVE,5,3
770,REMOVE,7,4
770,REMOVE,7,7
770,REMOVE,7,8
770,REMOVE,8,1
771,ADD,0,2
771,ADD,4,6
771,ADD,5,2
771,ADD,7,4
771,ADD,8,6
771,REMOVE,0,7
771,REMOVE,3,4
771,REMOVE,4,7
771,REMOVE,5,7
771,REMOVE,7,2
771,REMOVE,8,7
772,ADD,4,7
772,ADD,5,7
772,ADD,7,1
772,ADD,7,2
772,ADD,8,8
772,REMOVE,0,2
772,REMOVE,4,6
772,REMOVE,5,2
772,REMOVE,7,4
772,REMOVE,8,6
773,ADD,2,6
773,ADD,3,1
773,ADD,7,7
773,ADD,8,0
773,REMOVE,7,1
773,REMOVE,8,8
774,ADD,1,1
774,ADD,2,7
774,ADD,4,2
774,ADD,4,9
774,ADD,8,2
774,REMOVE,2,6
774,REMOVE,3,1
774,REMOVE,4,7
774,REMOVE,8,0
775,ADD,2,4
775,ADD,3,4
775,ADD,4,3
775,ADD,4,7
775,ADD,5,4
775,ADD,6,2
775,ADD,7,8
775,ADD,8,7
775,REMOVE,1,1
775,REMOVE,2,7
775,REMOVE,4,2
775,REMOVE,4,9
775,REMOVE,5,7
775,REMOVE,7,2
775,REMOVE,7,7
775,REMOVE,8,2
776,ADD,0,1
776,ADD,2,8
776,ADD,5,2
776,ADD,7,7
776,ADD,8,9
776,REMOVE,2,4
776,REMOVE,3,4
776,REMOVE,4,3
776,REMOVE,5,4
776,REMOVE,7,8
776,REMOVE,8,7
777,ADD,1,2
777,ADD,2,7
777,ADD,3,7
777,ADD,4,9
777,ADD,6,7
777,ADD,7,8
777,ADD,8,6
777,REMOVE,0,1
777,REMOVE,2,8
777,REMOVE,4,7
777,REMOVE,5,2
777,REMOVE,6,2
777,REMOVE,7,7
777,REMOVE,8,9
778,ADD,3,2
778,ADD,4,6
778,ADD,5,8
778,ADD,6,2
778,ADD,8,7
778,REMOVE,1,2
778,REMOVE,3,7
778,REMOVE,4,9
778,REMOVE,6,7
778,REMOVE,8,6
779,ADD,3,8
779,ADD,4,3
779,ADD,4,7
779,ADD,5,7
779,ADD,6,7
779,ADD,7,2
779,REMOVE,3,2
779,REMOVE,4,6
779,REMOVE,5,8
779,REMOVE,6,2
779,REMOVE,7,8
780,ADD,0,4
780,ADD,2,8
780,ADD,3,7
780,ADD,7,7
780,ADD,8,8
780,REMOVE,2,7
780,REMOVE,3,8
780,REMOVE,4,3
780,REMOVE,7,2
780,REMOVE,8,7
781,ADD,1,9
781,ADD,2,3
781,ADD,2,5
781,ADD,4,8
781,ADD,5,5
781,ADD,7,2
781,REMOVE,0,4
781,REMOVE,2,8
781,REMOVE,5,7
782,ADD,1,4
782,ADD,2,6
782,ADD,4,2
782,ADD,5,3
782,ADD,6,5
782,ADD,8,2
782,REMOVE,1,9
782,REMOVE,2,3
782,REMOVE,2,5
782,REMOVE,4,7
782,REMOVE,4,8
782,REMOVE,5,5
782,REMOVE,6,7
782,REMOVE,7,2
782,REMOVE,8,8
783,ADD,0,8
783,ADD,2,9
783,ADD,4,1
783,ADD,4,8
783,ADD,5,4
783,ADD,6,7
783,ADD,7,8
783,ADD,8,8
783,REMOVE,1,4
783,REMOVE,2,6
783,REMOVE,4,2
783,REMOVE,5,3
783,REMOVE,6,5
783,REMOVE,8,2
784,ADD,0,2
784,ADD,1,2
784,ADD,2,2
784,ADD,4,7
784,ADD,5,9
784,ADD,6,9
784,ADD,7,9
784,ADD,8,7
784,REMOVE,0,8
784,REMOVE,2,9
784,REMOVE,4,1
784,REMOVE,4,8
784,REMOVE,5,4
784,REMOVE,6,7
784,REMOVE,7,7
784,REMOVE,7,8
785,ADD,0,3
785,ADD,0,8
785,ADD,1,6
785,ADD,2,7
785,ADD,3,9
785,ADD,4,5
785,ADD,5,2
785,ADD,6,2
785,ADD,7,7
785,ADD,7,8
785,REMOVE,0,2
785,REMOVE,1,2
785,REMOVE,2,2
785,REMOVE,3,7
785,REMOVE,4,7
785,REMOVE,5,9
785,REMOVE,6,9
785,REMOVE,7,9
785,REMOVE,8,7
786,ADD,2,8
786,ADD,4,7
786,ADD,5,7
786,ADD,6,8
786,ADD,8,6
786,REMOVE,0,3
786,REMOVE,1,6
786,REMOVE,2,7
786,REMOVE,4,5
786,REMOVE,6,2
786,REMOVE,7,8
786,REMOVE,8,8
787,ADD,2,9
787,ADD,3,8
787,ADD,5,6
787,ADD,6,2
787,ADD,6,7
787,ADD,8,8
787,REMOVE,3,9
787,REMOVE,5,2
787,REMOVE,5,7
787,REMOVE,6,8
787,REMOVE,8,6
788,ADD,0,4
788,ADD,3,9
788,ADD,4,8
788,ADD,5,3
788,ADD,7,8
788,ADD,8,7
788,REMOVE,0,8
788,REMOVE,2,8
788,REMOVE,2,9
788,REMOVE,3,8
788,REMOVE,4,7
788,REMOVE,5,6
788,REMOVE,6,2
788,REMOVE,8,8
789,ADD,0,7
789,ADD,2,8
789,ADD,3,7
789,ADD,4,7
789,ADD,5,9
789,REMOVE,0,4
789,REMOVE,3,9
789,REMOVE,4,8
789,REMOVE,5,3
789,REMOVE,7,8
790,ADD,2,7
790,ADD,3,9
790,ADD,4,2
790,ADD,5,7
790,ADD,6,8
790,ADD,7,2
790,ADD,8,5
790,REMOVE,2,8
790,REMOVE,3,7
790,REMOVE,4,7
790,REMOVE,5,9
790,REMOVE,6,7
790,REMOVE,8,7
791,ADD,0,2
791,ADD,3,8
791,ADD,4,8
791,ADD,5,8
791,ADD,6,7
791,ADD,7,8
791,ADD,8,8
791,REMOVE,3,9
791,REMOVE,4,2
791,REMOVE,5,7
791,REMOVE,6,8
791,REMOVE,7,2
791,REMOVE,7,7
791,REMOVE,8,5
792,ADD,0,6
792,ADD,3,4
792,ADD,4,9
792,ADD,6,8
792,ADD,7,7
792,ADD,8,0
792,REMOVE,0,2
792,REMOVE,0,7
792,REMOVE,3,8
792,REMOVE,4,8
792,REMOVE,5,8
792,REMOVE,6,7
792,REMOVE,7,8
792,REMOVE,8,8
793,ADD,2,5
793,ADD,3,0
793,ADD,3,7
793,ADD,4,7
793,ADD,5,2
793,ADD,6,7
793,ADD,7,2
793,REMOVE,0,6
793,REMOVE,2,7
793,REMOVE,3,4
793,REMOVE,4,9
793,REMOVE,8,0
794,ADD,0,9
794,ADD,2,9
794,ADD,4,4
794,ADD,5,5
794,ADD,8,8
794,REMOVE,2,5
794,REMOVE,3,0
794,REMOVE,4,7
794,REMOVE,5,2
794,REMOVE,6,8
794,REMOVE,7,2
795,ADD,0,7
795,ADD,0,8
795,ADD,2,2
795,ADD,4,7
795,ADD,5,4
795,ADD,6,2
795,ADD,6,9
795,ADD,8,2
795,REMOVE,0,9
795,REMOVE,2,9
795,REMOVE,4,4
795,REMOVE,5,5
795,REMOVE,6,7
795,REMOVE,8,8
796,ADD,1,2
796,ADD,3,2
796,ADD,4,2
796,ADD,5,5
796,ADD,6,7
796,ADD,8,5
796,REMOVE,0,8
796,REMOVE,2,2
796,REMOVE,3,7
796,REMOVE,4,7
796,REMOVE,5,4
796,REMOVE,6,2
796,REMOVE,6,9
796,REMOVE,8,2
797,ADD,1,1
797,ADD,3,7
797,ADD,4,9
797,ADD,5,8
797,ADD,6,4
797,ADD,8,9
797,REMOVE,1,2
797,REMOVE,3,2
797,REMOVE,4,2
797,REMOVE,5,5
797,REMOVE,6,7
797,REMOVE,8,5
798,ADD,1,7
798,ADD,2,3
798,ADD,2,7
798,ADD,3,2
798,ADD,4,8
798,ADD,6,3
798,ADD,6,9
798,ADD,8,4
798,REMOVE,1,1
798,REMOVE,3,7
798,REMOVE,4,9
798,REMOVE,5,8
798,REMOVE,6,4
798,REMOVE,8,9
799,ADD,0,2
799,ADD,2,8
799,ADD,3,7
799,ADD,4,9
799,ADD,5,8
799,ADD,6,2
799,ADD,8,1
799,REMOVE,0,7
799,REMOVE,2,3
799,REMOVE,2,7
799,REMOVE,3,2
799,REMOVE,4,8
799,REMOVE,6,3
799,REMOVE,6,9
799,REMOVE,8,4
800,ADD,5,7
800,ADD,6,8
800,ADD,8,9
800,REMOVE,0,2
800,REMOVE,1,7
800,REMOVE,2,8
800,REMOVE,5,8
800,REMOVE,6,2
800,REMOVE,8,1
801,ADD,0,5
801,ADD,0,9
801,ADD,2,5
801,ADD,3,8
801,ADD,4,8
801,ADD,5,2
801,ADD,7,2
801,REMOVE,3,7
801,REMOVE,4,9
801,REMOVE,5,7
801,REMOVE,6,8
802,ADD,0,4
802,ADD,1,7
802,ADD,2,8
802,ADD,4,2
802,ADD,8,7
802,REMOVE,0,5
802,REMOVE,0,9
802,REMOVE,2,5
802,REMOVE,4,8
802,REMOVE,7,2
802,REMOVE,8,9
803,ADD,3,9
803,ADD,6,8
803,REMOVE,0,4
803,REMOVE,3,8
804,ADD,3,2
804,ADD,4,7
804,ADD,5,1
804,ADD,6,9
804,ADD,7,9
804,REMOVE,1,7
804,REMOVE,3,9
804,REMOVE,4,2
804,REMOVE,5,2
804,REMOVE,6,8
804,REMOVE,7,7
805,ADD,2,4
805,ADD,3,8
805,ADD,5,6
805,ADD,7,2
805,ADD,7,8
805,ADD,8,9
805,REMOVE,2,8
805,REMOVE,3,2
805,REMOVE,5,1
805,REMOVE,6,9
805,REMOVE,7,9
805,REMOVE,8,7
806,ADD,2,3
806,ADD,3,7
806,ADD,4,3
806,ADD,5,7
806,ADD,8,1
806,REMOVE,2,4
806,REMOVE,3,8
806,REMOVE,4,7
806,REMOVE,5,6
806,REMOVE,7,2
806,REMOVE,8,9
807,ADD,2,2
807,ADD,3,0
807,ADD,4,1
807,ADD,8,2
807,REMOVE,2,3
807,REMOVE,3,7
807,REMOVE,4,3
807,REMOVE,8,1
808,ADD,1,7
808,ADD,2,0
808,ADD,3,5
808,ADD,4,2
808,ADD,5,3
808,ADD,7,7
808,REMOVE,2,2
808,REMOVE,3,0
808,REMOVE,4,1
808,REMOVE,5,7
808,REMOVE,7,8
809,ADD,1,2
809,ADD,2,7
809,ADD,3,7
809,ADD,4,8
809,ADD,5,9
809,ADD,6,6
809,ADD,7,2
809,ADD,7,8
809,ADD,8,4
809,REMOVE,1,7
809,REMOVE,2,0
809,REMOVE,3,5
809,REMOVE,4,2
809,REMOVE,5,3
809,REMOVE,7,7
809,REMOVE,8,2
810,ADD,1,8
810,ADD,2,4
810,ADD,3,2
810,ADD,5,2
810,ADD,6,5
810,ADD,6,8
810,ADD,7,6
810,REMOVE,1,2
810,REMOVE,2,7
810,REMOVE,3,7
810,REMOVE,6,6
810,REMOVE,7,2
810,REMOVE,7,8
811,ADD,2,8
811,ADD,3,7
811,ADD,5,6
811,ADD,6,6
811,ADD,7,7
811,ADD,8,7
811,REMOVE,2,4
811,REMOVE,3,2
811,REMOVE,5,2
811,REMOVE,5,9
811,REMOVE,6,5
811,REMOVE,6,8
811,REMOVE,7,6
811,REMOVE,8,4
812,ADD,1,9
812,ADD,2,7
812,ADD,5,7
812,ADD,6,2
812,ADD,8,3
812,REMOVE,2,8
812,REMOVE,5,6
812,REMOVE,6,6
812,REMOVE,8,7
813,ADD,1,2
813,ADD,2,9
813,ADD,4,5
813,ADD,5,2
813,ADD,6,8
813,ADD,7,2
813,ADD,8,7
813,REMOVE,1,8
813,REMOVE,1,9
813,REMOVE,2,7
813,REMOVE,4,8
813,REMOVE,5,7
813,REMOVE,6,2
813,REMOVE,7,7
813,REMOVE,8,3
814,ADD,4,7
814,ADD,5,8
814,ADD,6,9
814,ADD,7,8
814,ADD,7,9
814,REMOVE,1,2
814,REMOVE,2,9
814,REMOVE,3,7
814,REMOVE,4,5
814,REMOVE,5,2
814,REMOVE,6,8
814,REMOVE,7,2
815,ADD,2,2
815,ADD,3,4
815,ADD,4,4
815,ADD,5,4
815,ADD,6,5
815,ADD,7,7
815,ADD,8,8
815,REMOVE,4,7
815,REMOVE,5,8
815,REMOVE,6,9
815,REMOVE,7,8
815,REMOVE,7,9
815,REMOVE,8,7
816,ADD,2,7
816,ADD,3,8
816,ADD,4,8
816,ADD,5,5
816,ADD,6,3
816,ADD,7,8
816,ADD,8,5
816,REMOVE,2,2
816,REMOVE,3,4
816,REMOVE,4,4
816,REMOVE,5,4
816,REMOVE,6,5
816,REMOVE,7,7
816,REMOVE,8,8
817,ADD,0,8
817,ADD,1,1
817,ADD,2,2
817,ADD,4,7
817,ADD,5,7
817,ADD,6,7
817,ADD,7,2
817,ADD,7,7
817,ADD,8,7
817,REMOVE,2,7
817,REMOVE,3,8
817,REMOVE,4,8
817,REMOVE,5,5
817,REMOVE,6,3
817,REMOVE,7,8
817,REMOVE,8,5
818,ADD,0,2
818,ADD,2,8
818,ADD,3,8
818,ADD,3,9
818,ADD,4,8
818,ADD,5,2
818,ADD,6,9
818,ADD,7,3
818,REMOVE,0,8
818,REMOVE,1,1
818,REMOVE,2,2
818,REMOVE,4,7
818,REMOVE,5,7
818,REMOVE,6,7
818,REMOVE,7,7
819,ADD,0,7
819,ADD,3,2
819,ADD,4,7
819,ADD,5,5
819,ADD,5,8
819,ADD,7,7
819,ADD,8,4
819,REMOVE,0,2
819,REMOVE,3,8
819,REMOVE,3,9
819,REMOVE,4,8
819,REMOVE,5,2
819,REMOVE,6,9
819,REMOVE,7,3
819,REMOVE,8,7
820,ADD,1,3
820,ADD,2,9
820,ADD,3,4
820,ADD,4,8
820,ADD,5,7
820,ADD,6,8
820,ADD,7,8
820,ADD,8,9
820,REMOVE,0,7
820,REMOVE,2,8
820,REMOVE,3,2
820,REMOVE,4,7
820,REMOVE,5,5
820,REMOVE,5,8
820,REMOVE,7,2
820,REMOVE,7,7
820,REMOVE,8,4
821,ADD,4,7
821,ADD,6,7
821,ADD,7,7
821,ADD,8,4
821,REMOVE,1,3
821,REMOVE,2,9
821,REMOVE,4,8
821,REMOVE,6,8
821,REMOVE,7,8
821,REMOVE,8,9
822,ADD,0,7
822,ADD,1,7
822,ADD,2,3
822,ADD,3,3
822,ADD,4,8
822,ADD,6,4
822,ADD,7,5
822,ADD,8,7
822,REMOVE,3,4
822,REMOVE,4,7
822,REMOVE,6,7
822,REMOVE,7,7
822,REMOVE,8,4
823,ADD,0,8
823,ADD,1,3
823,ADD,2,4
823,ADD,3,7
823,ADD,4,7
823,ADD,5,8
823,ADD,6,7
823,ADD,7,7
823,ADD,8,9
823,REMOVE,0,7
823,REMOVE,1,7
823,REMOVE,2,3
823,REMOVE,3,3
823,REMOVE,4,8
823,REMOVE,5,7
823,REMOVE,6,4
823,REMOVE,7,5
823,REMOVE,8,7
824,ADD,0,7
824,ADD,1,2
824,ADD,3,9
824,ADD,8,7
824,REMOVE,0,8
824,REMOVE,1,3
824,REMOVE,2,4
824,REMOVE,3,7
824,REMOVE,5,8
824,REMOVE,8,9
825,ADD,1,7
825,ADD,3,7
825,ADD,4,4
825,ADD,5,7
825,ADD,7,2
825,ADD,8,9
825,REMOVE,1,2
825,REMOVE,3,9
825,REMOVE,4,7
825,REMOVE,6,7
825,REMOVE,7,7
825,REMOVE,8,7
826,ADD,0,3
826,ADD,1,1
826,ADD,2,2
826,ADD,3,8
826,ADD,4,7
826,ADD,5,9
826,ADD,6,7
826,ADD,7,8
826,ADD,8,8
826,REMOVE,0,7
826,REMOVE,1,7
826,REMOVE,4,4
826,REMOVE,5,7
826,REMOVE,7,2
826,REMOVE,8,9
827,ADD,0,9
827,ADD,2,8
827,ADD,3,4
827,ADD,4,3
827,ADD,5,8
827,ADD,6,5
827,REMOVE,0,3
827,REMOVE,1,1
827,REMOVE,2,2
827,REMOVE,3,7
827,REMOVE,3,8
827,REMOVE,4,7
827,REMOVE,5,9
827,REMOVE,6,7
827,REMOVE,8,8
828,ADD,0,7
828,ADD,2,2
828,ADD,3,7
828,ADD,4,5
828,ADD,6,7
828,ADD,7,7
828,ADD,8,9
828,REMOVE,0,9
828,REMOVE,2,8
828,REMOVE,3,4
828,REMOVE,4,3
828,REMOVE,5,8
828,REMOVE,6,5
828,REMOVE,7,8
829,ADD,0,8
829,ADD,3,2
829,ADD,4,7
829,ADD,5,7
829,ADD,6,2
829,ADD,7,8
829,ADD,8,8
829,REMOVE,2,2
829,REMOVE,3,7
829,REMOVE,4,5
829,REMOVE,7,7
829,REMOVE,8,9
830,ADD,1,1
830,ADD,5,9
830,ADD,6,8
830,ADD,7,3
830,ADD,7,7
830,REMOVE,0,8
830,REMOVE,5,7
830,REMOVE,6,2
830,REMOVE,6,7
830,REMOVE,7,8
831,ADD,0,8
831,ADD,3,7
831,ADD,4,8
831,ADD,5,6
831,ADD,6,9
831,ADD,8,7
831,REMOVE,1,1
831,REMOVE,3,2
831,REMOVE,4,7
831,REMOVE,5,9
831,REMOVE,6,8
831,REMOVE,7,3
831,REMOVE,8,8
832,ADD,3,9
832,ADD,4,6
832,ADD,5,7
832,ADD,6,0
832,ADD,6,7
832,ADD,7,1
832,ADD,7,3
832,REMOVE,0,8
832,REMOVE,3,7
832,REMOVE,4,8
832,REMOVE,5,6
832,REMOVE,6,9
832,REMOVE,7,7
833,ADD,2,2
833,ADD,3,8
833,ADD,4,4
833,ADD,5,2
833,ADD,7,2
833,REMOVE,3,9
833,REMOVE,4,6
833,REMOVE,5,7
833,REMOVE,6,0
833,REMOVE,7,1
833,REMOVE,7,3
834,ADD,2,1
834,ADD,3,3
834,ADD,4,3
834,ADD,5,4
834,ADD,6,4
834,ADD,7,8
834,REMOVE,2,2
834,REMOVE,3,8
834,REMOVE,4,4
834,REMOVE,5,2
834,REMOVE,6,7
834,REMOVE,7,2
835,ADD,3,4
835,ADD,4,7
835,ADD,5,7
835,ADD,6,3
835,ADD,7,7
835,ADD,8,2
835,REMOVE,2,1
835,REMOVE,3,3
835,REMOVE,4,3
835,REMOVE,5,4
835,REMOVE,6,4
835,REMOVE,7,8
835,REMOVE,8,7
836,ADD,0,8
836,ADD,2,2
836,ADD,3,2
836,ADD,4,9
836,ADD,5,3
836,ADD,6,7
836,ADD,8,1
836,REMOVE,0,7
836,REMOVE,3,4
836,REMOVE,4,7
836,REMOVE,5,7
836,REMOVE,6,3
836,REMOVE,8,2
837,ADD,0,2
837,ADD,0,7
837,ADD,2,7
837,ADD,3,7
837,ADD,4,4
837,ADD,5,6
837,ADD,7,8
837,ADD,8,8
837,REMOVE,0,8
837,REMOVE,2,2
837,REMOVE,3,2
837,REMOVE,4,9
837,REMOVE,5,3
837,REMOVE,8,1
838,ADD,2,9
838,ADD,8,9
838,REMOVE,0,7
838,REMOVE,2,7
838,REMOVE,4,4
838,REMOVE,5,6
838,REMOVE,7,8
838,REMOVE,8,8
839,ADD,0,3
839,ADD,2,7
839,ADD,3,8
839,ADD,4,2
839,ADD,5,1
839,ADD,8,4
839,REMOVE,2,9
839,REMOVE,8,9
840,ADD,0,8
840,ADD,5,4
840,ADD,8,8
840,REMOVE,0,2
840,REMOVE,0,3
840,REMOVE,2,7
840,REMOVE,3,8
840,REMOVE,5,1
840,REMOVE,6,7
840,REMOVE,8,4
841,ADD,0,6
841,ADD,3,2
841,ADD,4,4
841,ADD,5,2
841,ADD,6,8
841,ADD,8,7
841,REMOVE,0,8
841,REMOVE,3,7
841,REMOVE,4,2
841,REMOVE,5,4
841,REMOVE,8,8
842,ADD,0,7
842,ADD,2,5
842,ADD,2,9
842,ADD,3,8
842,ADD,5,9
842,ADD,6,3
842,REMOVE,0,6
842,REMOVE,3,2
842,REMOVE,4,4
842,REMOVE,5,2
842,REMOVE,6,8
843,ADD,3,7
843,ADD,4,3
843,ADD,6,9
843,ADD,7,3
843,ADD,8,8
843,REMOVE,2,5
843,REMOVE,3,8
843,REMOVE,5,9
843,REMOVE,6,3
843,REMOVE,7,7
843,REMOVE,8,7
844,ADD,0,8
844,ADD,3,8
844,ADD,4,0
844,ADD,5,7
844,ADD,6,7
844,ADD,7,7
844,ADD,7,8
844,ADD,8,4
844,REMOVE,3,7
844,REMOVE,4,3
844,REMOVE,6,9
844,REMOVE,7,3
844,REMOVE,8,8
845,ADD,2,8
845,ADD,3,2
845,ADD,4,7
845,ADD,6,9
845,ADD,8,8
845,REMOVE,0,8
845,REMOVE,2,9
845,REMOVE,3,8
845,REMOVE,4,0
845,REMOVE,5,7
845,REMOVE,6,7
845,REMOVE,7,8
845,REMOVE,8,4
846,ADD,4,8
846,ADD,6,7
846,ADD,8,2
846,REMOVE,0,7
846,REMOVE,4,7
846,REMOVE,6,9
846,REMOVE,8,8
847,ADD,0,7
847,ADD,2,2
847,ADD,3,8
847,ADD,4,4
847,ADD,5,7
847,ADD,6,8
847,ADD,7,2
847,REMOVE,2,8
847,REMOVE,3,2
847,REMOVE,4,8
847,REMOVE,6,7
847,REMOVE,7,7
848,ADD,3,4
848,ADD,6,2
848,ADD,7,9
848,ADD,8,6
848,REMOVE,0,7
848,REMOVE,2,2
848,REMOVE,3,8
848,REMOVE,5,7
848,REMOVE,6,8
848,REMOVE,7,2
848,REMOVE,8,2
849,ADD,0,2
849,ADD,3,7
849,ADD,4,7
849,ADD,5,1
849,ADD,6,7
849,ADD,7,2
849,ADD,8,8
849,REMOVE,3,4
849,REMOVE,4,4
849,REMOVE,6,2
849,REMOVE,7,9
849,REMOVE,8,6
850,ADD,3,2
850,ADD,5,3
850,ADD,6,2
850,ADD,8,2
850,REMOVE,3,7
850,REMOVE,5,1
850,REMOVE,6,7
850,REMOVE,8,8
851,ADD,0,7
851,ADD,1,4
851,ADD,2,4
851,ADD,3,8
851,ADD,4,9
851,ADD,5,4
851,ADD,7,3
851,ADD,7,7
851,ADD,8,3
851,REMOVE,0,2
851,REMOVE,3,2
851,REMOVE,4,7
851,REMOVE,5,3
851,REMOVE,7,2
851,REMOVE,8,2
852,ADD,0,8
852,ADD,2,5
852,ADD,2,9
852,ADD,3,7
852,ADD,4,2
852,ADD,8,8
852,REMOVE,0,7
852,REMOVE,1,4
852,REMOVE,2,4
852,REMOVE,3,8
852,REMOVE,4,9
852,REMOVE,5,4
852,REMOVE,7,3
852,REMOVE,8,3
853,ADD,4,7
853,ADD,5,4
853,ADD,8,2
853,REMOVE,2,5
853,REMOVE,4,2
853,REMOVE,8,8
854,ADD,0,9
854,ADD,2,3
854,ADD,4,2
854,ADD,5,0
854,ADD,6,1
854,ADD,7,8
854,ADD,8,5
854,REMOVE,0,8
854,REMOVE,2,9
854,REMOVE,4,7
854,REMOVE,5,4
854,REMOVE,6,2
854,REMOVE,7,7
854,REMOVE,8,2
855,ADD,0,7
855,ADD,3,3
855,ADD,4,6
855,ADD,6,8
855,ADD,7,9
855,REMOVE,0,9
855,REMOVE,2,3
855,REMOVE,3,7
855,REMOVE,4,2
855,REMOVE,5,0
855,REMOVE,6,1
855,REMOVE,7,8
855,REMOVE,8,5
856,ADD,0,8
856,ADD,2,3
856,ADD,3,8
856,ADD,4,1
856,ADD,5,9
856,ADD,6,7
856,ADD,7,7
856,REMOVE,0,7
856,REMOVE,3,3
856,REMOVE,4,6
856,REMOVE,6,8
856,REMOVE,7,9
857,ADD,0,1
857,ADD,2,7
857,ADD,3,2
857,ADD,4,8
857,ADD,5,7
857,ADD,6,8
857,ADD,7,2
857,ADD,8,7
857,ADD,8,8
857,REMOVE,0,8
857,REMOVE,2,3
857,REMOVE,4,1
857,REMOVE,5,9
857,REMOVE,6,7
858,ADD,0,8
858,ADD,2,4
858,ADD,4,9
858,ADD,5,3
858,ADD,6,5
858,ADD,8,2
858,ADD,8,9
858,REMOVE,0,1
858,REMOVE,2,7
858,REMOVE,3,8
858,REMOVE,4,8
858,REMOVE,5,7
858,REMOVE,6,8
858,REMOVE,8,7
858,REMOVE,8,8
859,ADD,0,7
859,ADD,1,5
859,ADD,2,8
859,ADD,3,7
859,ADD,5,5
859,ADD,6,7
859,ADD,8,8
859,REMOVE,0,8
859,REMOVE,2,4
859,REMOVE,5,3
859,REMOVE,6,5
859,REMOVE,7,2
859,REMOVE,8,2
859,REMOVE,8,9
860,ADD,0,8
860,ADD,0,9
860,ADD,5,3
860,ADD,6,9
860,ADD,8,6
860,REMOVE,0,7
860,REMOVE,1,5
860,REMOVE,3,2
860,REMOVE,4,9
860,REMOVE,5,5
860,REMOVE,6,7
860,REMOVE,8,8
861,ADD,1,9
861,ADD,2,7
861,ADD,3,8
861,ADD,5,7
861,ADD,6,2
861,ADD,7,2
861,ADD,7,8
861,ADD,8,4
861,REMOVE,0,8
861,REMOVE,0,9
861,REMOVE,2,8
861,REMOVE,3,7
861,REMOVE,5,3
861,REMOVE,6,9
861,REMOVE,7,7
861,REMOVE,8,6
862,ADD,2,8
862,ADD,3,9
862,ADD,4,8
862,ADD,5,5
862,ADD,8,2
862,REMOVE,1,9
862,REMOVE,2,7
862,REMOVE,3,8
862,REMOVE,5,7
862,REMOVE,6,2
862,REMOVE,7,2
862,REMOVE,8,4
863,ADD,0,5
863,ADD,3,7
863,ADD,4,5
863,ADD,5,2
863,ADD,6,4
863,ADD,7,9
863,REMOVE,2,8
863,REMOVE,3,9
863,REMOVE,5,5
864,ADD,0,2
864,ADD,1,7
864,ADD,2,9
864,ADD,3,8
864,ADD,4,7
864,ADD,6,9
864,ADD,7,7
864,ADD,8,6
864,REMOVE,0,5
864,REMOVE,3,7
864,REMOVE,4,5
864,REMOVE,4,8
864,REMOVE,5,2
864,REMOVE,6,4
864,REMOVE,7,9
864,REMOVE,8,2
865,ADD,0,7
865,ADD,2,7
865,ADD,2,8
865,ADD,3,4
865,ADD,4,3
865,ADD,5,8
865,ADD,6,7
865,ADD,6,8
865,ADD,8,8
865,REMOVE,0,2
865,REMOVE,2,9
865,REMOVE,3,8
865,REMOVE,6,9
865,REMOVE,8,6
866,ADD,1,8
866,ADD,3,6
866,ADD,5,9
866,ADD,6,2
866,ADD,8,7
866,REMOVE,3,4
866,REMOVE,4,3
866,REMOVE,5,8
866,REMOVE,6,8
866,REMOVE,7,8
866,REMOVE,8,8
867,ADD,3,7
867,ADD,5,7
867,ADD,7,2
867,ADD,8,8
867,REMOVE,1,8
867,REMOVE,2,7
867,REMOVE,3,6
867,REMOVE,5,9
867,REMOVE,6,2
867,REMOVE,8,7
868,ADD,0,8
868,ADD,1,8
868,ADD,2,5
868,ADD,2,7
868,ADD,3,2
868,ADD,4,2
868,ADD,8,9
868,REMOVE,1,7
868,REMOVE,2,8
868,REMOVE,3,7
868,REMOVE,4,7
868,REMOVE,7,7
869,ADD,1,2
869,ADD,2,8
869,ADD,3,8
869,ADD,4,9
869,ADD,5,8
869,ADD,6,8
869,ADD,7,8
869,ADD,8,7
869,REMOVE,0,8
869,REMOVE,1,8
869,REMOVE,2,5
869,REMOVE,2,7
869,REMOVE,3,2
869,REMOVE,4,2
869,REMOVE,5,7
869,REMOVE,6,7
869,REMOVE,7,2
869,REMOVE,8,8
869,REMOVE,8,9
870,ADD,0,2
870,ADD,1,6
870,ADD,2,7
870,ADD,3,6
870,ADD,4,8
870,ADD,6,7
870,ADD,7,7
870,REMOVE,0,7
870,REMOVE,1,2
870,REMOVE,3,8
870,REMOVE,5,8
870,REMOVE,6,8
870,REMOVE,7,8
871,ADD,0,7
871,ADD,1,7
871,ADD,3,7
871,ADD,4,2
871,ADD,4,7
871,ADD,5,6
871,ADD,6,2
871,REMOVE,1,6
871,REMOVE,2,7
871,REMOVE,2,8
871,REMOVE,3,6
871,REMOVE,4,8
871,REMOVE,4,9
872,ADD,1,2
872,ADD,2,7
872,ADD,2,8
872,ADD,4,8
872,ADD,5,5
872,ADD,5,8
872,ADD,6,3
872,ADD,7,8
872,REMOVE,0,2
872,REMOVE,1,7
872,REMOVE,4,2
872,REMOVE,4,7
872,REMOVE,5,6
872,REMOVE,6,7
873,ADD,1,7
873,ADD,3,6
873,ADD,4,7
873,ADD,5,2
873,ADD,6,7
873,ADD,7,9
873,ADD,8,9
873,REMOVE,1,2
873,REMOVE,2,8
873,REMOVE,3,7
873,REMOVE,4,8
873,REMOVE,5,5
873,REMOVE,5,8
873,REMOVE,6,2
873,REMOVE,6,3
873,REMOVE,7,7
873,REMOVE,7,8
873,REMOVE,8,7
874,ADD,3,4
874,ADD,4,8
874,ADD,5,7
874,ADD,7,2
874,ADD,7,7
874,REMOVE,3,6
874,REMOVE,4,7
874,REMOVE,5,2
874,REMOVE,7,9
874,REMOVE,8,9
875,ADD,0,5
875,ADD,1,2
875,ADD,2,2
875,ADD,3,8
875,ADD,4,5
875,ADD,5,9
875,ADD,6,2
875,ADD,8,7
875,REMOVE,0,7
875,REMOVE,2,7
875,REMOVE,3,4
875,REMOVE,4,8
875,REMOVE,5,7
875,REMOVE,6,7
875,REMOVE,7,7
876,ADD,0,8
876,ADD,1,9
876,ADD,2,8
876,ADD,3,6
876,ADD,4,9
876,ADD,6,8
876,ADD,7,8
876,REMOVE,0,5
876,REMOVE,1,2
876,REMOVE,1,7
876,REMOVE,2,2
876,REMOVE,3,8
876,REMOVE,4,5
876,REMOVE,6,2
876,REMOVE,7,2
877,ADD,0,4
877,ADD,1,2
877,ADD,2,7
877,ADD,3,4
877,ADD,4,8
877,ADD,5,8
877,ADD,6,2
877,ADD,7,5
877,ADD,8,1
877,REMOVE,0,8
877,REMOVE,1,9
877,REMOVE,2,8
877,REMOVE,3,6
877,REMOVE,4,9
877,REMOVE,5,9
877,REMOVE,6,8
877,REMOVE,7,8
877,REMOVE,8,7
878,ADD,0,7
878,ADD,0,8
878,ADD,3,8
878,ADD,4,2
878,ADD,4,9
878,ADD,6,8
878,ADD,7,3
878,ADD,7,7
878,ADD,8,7
878,REMOVE,0,4
878,REMOVE,1,2
878,REMOVE,3,4
878,REMOVE,4,8
878,REMOVE,6,2
878,REMOVE,7,5
878,REMOVE,8,1
879,ADD,1,7
879,ADD,2,8
879,ADD,3,4
879,ADD,4,7
879,ADD,5,2
879,ADD,7,8
879,ADD,8,9
879,REMOVE,0,8
879,REMOVE,2,7
879,REMOVE,3,8
879,REMOVE,4,2
879,REMOVE,4,9
879,REMOVE,5,8
879,REMOVE,7,3
879,REMOVE,8,7
880,ADD,1,2
880,ADD,3,8
880,ADD,5,4
880,ADD,7,2
880,ADD,8,7
880,ADD,8,8
880,REMOVE,3,4
880,REMOVE,5,2
880,REMOVE,7,7
880,REMOVE,7,8
880,REMOVE,8,9
881,ADD,0,8
881,ADD,1,3
881,ADD,2,2
881,ADD,2,7
881,ADD,3,9
881,ADD,4,2
881,ADD,4,3
881,ADD,5,8
881,ADD,6,2
881,ADD,6,7
881,ADD,7,3
881,ADD,8,2
881,REMOVE,0,7
881,REMOVE,1,2
881,REMOVE,1,7
881,REMOVE,2,8
881,REMOVE,3,8
881,REMOVE,4,7
881,REMOVE,5,4
881,REMOVE,6,8
881,REMOVE,7,2
881,REMOVE,8,7
881,REMOVE,8,8
882,ADD,0,7
882,ADD,1,8
882,ADD,3,5
882,ADD,4,9
882,ADD,5,9
882,ADD,7,7
882,ADD,8,9
882,REMOVE,1,3
882,REMOVE,2,2
882,REMOVE,3,9
882,REMOVE,4,3
882,REMOVE,5,8
882,REMOVE,6,7
882,REMOVE,7,3
882,REMOVE,8,2
883,ADD,0,2
883,ADD,1,7
883,ADD,3,4
883,ADD,4,8
883,ADD,5,7
883,ADD,6,7
883,ADD,7,8
883,REMOVE,0,7
883,REMOVE,0,8
883,REMOVE,3,5
883,REMOVE,4,2
883,REMOVE,4,9
883,REMOVE,5,9
883,REMOVE,7,7
883,REMOVE,8,9
884,ADD,0,7
884,ADD,0,8
884,ADD,1,6
884,ADD,2,2
884,ADD,3,8
884,ADD,4,7
884,ADD,5,9
884,ADD,7,7
884,ADD,8,2
884,REMOVE,0,2
884,REMOVE,1,7
884,REMOVE,1,8
884,REMOVE,2,7
884,REMOVE,3,4
884,REMOVE,4,8
884,REMOVE,5,7
884,REMOVE,6,2
884,REMOVE,7,8
885,ADD,0,2
885,ADD,1,7
885,ADD,2,8
885,ADD,5,7
885,REMOVE,0,8
885,REMOVE,1,6
885,REMOVE,5,9
886,ADD,1,9
886,ADD,2,7
886,ADD,5,8
886,ADD,6,8
886,ADD,7,8
886,ADD,8,3
886,ADD,8,7
886,REMOVE,0,2
886,REMOVE,1,7
886,REMOVE,2,8
886,REMOVE,5,7
886,REMOVE,8,2
887,ADD,1,7
887,ADD,3,7
887,ADD,4,2
887,ADD,5,7
887,ADD,6,2
887,ADD,8,2
887,REMOVE,1,9
887,REMOVE,2,2
887,REMOVE,3,8
887,REMOVE,4,7
887,REMOVE,5,8
887,REMOVE,6,7
887,REMOVE,6,8
887,REMOVE,8,3
887,REMOVE,8,7
888,ADD,0,2
888,ADD,0,8
888,ADD,1,2
888,ADD,2,3
888,ADD,3,9
888,ADD,4,5
888,ADD,5,4
888,ADD,6,3
888,ADD,6,7
888,ADD,8,8
888,REMOVE,0,7
888,REMOVE,1,7
888,REMOVE,2,7
888,REMOVE,3,7
888,REMOVE,4,2
888,REMOVE,5,7
888,REMOVE,6,2
888,REMOVE,8,2
889,ADD,0,7
889,ADD,1,7
889,ADD,1,8
889,ADD,2,8
889,ADD,3,7
889,ADD,4,2
889,ADD,8,6
889,REMOVE,0,2
889,REMOVE,0,8
889,REMOVE,1,2
889,REMOVE,2,3
889,REMOVE,3,9
889,REMOVE,4,5
889,REMOVE,5,4
889,REMOVE,6,3
889,REMOVE,7,8
889,REMOVE,8,8
890,ADD,0,8
890,ADD,1,4
890,ADD,4,7
890,ADD,5,8
890,ADD,6,8
890,ADD,7,5
890,ADD,8,9
890,REMOVE,0,7
890,REMOVE,1,7
890,REMOVE,1,8
890,REMOVE,4,2
890,REMOVE,6,7
890,REMOVE,7,7
890,REMOVE,8,6
891,ADD,0,2
891,ADD,1,7
891,ADD,2,5
891,ADD,3,6
891,ADD,4,8
891,ADD,5,4
891,ADD,6,2
891,ADD,7,8
891,REMOVE,1,4
891,REMOVE,2,8
891,REMOVE,3,7
891,REMOVE,4,7
891,REMOVE,5,8
891,REMOVE,6,8
891,REMOVE,7,5
891,REMOVE,8,9
892,ADD,0,7
892,ADD,1,2
892,ADD,2,4
892,ADD,3,8
892,ADD,4,3
892,ADD,4,7
892,ADD,5,5
892,ADD,6,7
892,ADD,7,7
892,ADD,8,2
892,REMOVE,0,2
892,REMOVE,1,7
892,REMOVE,2,5
892,REMOVE,3,6
892,REMOVE,4,8
892,REMOVE,5,4
892,REMOVE,6,2
892,REMOVE,7,8
893,ADD,1,7
893,ADD,2,7
893,ADD,3,4
893,ADD,4,8
893,ADD,5,7
893,ADD,7,8
893,ADD,7,9
893,ADD,8,6
893,REMOVE,0,8
893,REMOVE,1,2
893,REMOVE,2,4
893,REMOVE,3,8
893,REMOVE,4,3
893,REMOVE,5,5
893,REMOVE,7,7
893,REMOVE,8,2
894,ADD,0,8
894,ADD,1,3
894,ADD,2,2
894,ADD,3,9
894,ADD,5,3
894,ADD,6,8
894,ADD,7,7
894,ADD,8,7
894,REMOVE,1,7
894,REMOVE,2,7
894,REMOVE,3,4
894,REMOVE,4,8
894,REMOVE,5,7
894,REMOVE,6,7
894,REMOVE,7,8
894,REMOVE,7,9
894,REMOVE,8,6
895,ADD,1,7
895,ADD,2,5
895,ADD,2,8
895,ADD,3,7
895,ADD,6,2
895,ADD,7,8
895,ADD,8,5
895,REMOVE,0,7
895,REMOVE,1,3
895,REMOVE,2,2
895,REMOVE,3,9
895,REMOVE,5,3
895,REMOVE,6,8
895,REMOVE,7,7
895,REMOVE,8,7
896,ADD,0,2
896,ADD,3,6
896,ADD,4,8
896,ADD,5,1
896,ADD,6,7
896,ADD,6,8
896,ADD,7,5
896,REMOVE,0,8
896,REMOVE,2,5
896,REMOVE,3,7
896,REMOVE,4,7
896,REMOVE,6,2
896,REMOVE,8,5
897,ADD,0,7
897,ADD,1,9
897,ADD,2,0
897,ADD,3,7
897,ADD,3,8
897,ADD,4,7
897,ADD,5,2
897,ADD,6,5
897,ADD,7,7
897,ADD,8,2
897,REMOVE,1,7
897,REMOVE,2,8
897,REMOVE,3,6
897,REMOVE,4,8
897,REMOVE,5,1
897,REMOVE,6,8
897,REMOVE,7,5
897,REMOVE,7,8
898,ADD,0,8
898,ADD,1,7
898,ADD,2,2
898,ADD,2,7
898,ADD,4,2
898,ADD,4,8
898,ADD,5,6
898,ADD,7,2
898,REMOVE,0,2
898,REMOVE,1,9
898,REMOVE,2,0
898,REMOVE,3,7
898,REMOVE,4,7
898,REMOVE,5,2
898,REMOVE,6,5
898,REMOVE,7,7
899,ADD,5,5
899,ADD,6,8
899,ADD,7,7
899,ADD,8,7
899,REMOVE,2,7
899,REMOVE,4,2
899,REMOVE,5,6
899,REMOVE,6,7
899,REMOVE,7,2
899,REMOVE,8,2
900,ADD,0,2
900,ADD,2,7
900,ADD,3,7
900,ADD,4,7
900,ADD,5,2
900,ADD,6,9
900,ADD,8,2
900,REMOVE,0,8
900,REMOVE,2,2
900,REMOVE,3,8
900,REMOVE,5,5
900,REMOVE,6,8
900,REMOVE,8,7
901,ADD,1,6
901,ADD,2,2
901,ADD,3,4
901,ADD,5,7
901,ADD,6,8
901,ADD,8,7
901,REMOVE,1,7
901,REMOVE,2,7
901,REMOVE,3,7
901,REMOVE,5,2
901,REMOVE,6,9
901,REMOVE,8,2
902,ADD,0,8
902,ADD,1,7
902,ADD,2,3
902,ADD,3,1
902,ADD,5,8
902,ADD,6,7
902,ADD,8,2
902,REMOVE,0,2
902,REMOVE,0,7
902,REMOVE,1,6
902,REMOVE,2,2
902,REMOVE,3,4
902,REMOVE,4,8
902,REMOVE,5,7
902,REMOVE,6,8
902,REMOVE,8,7
903,ADD,0,7
903,ADD,1,3
903,ADD,2,8
903,ADD,2,9
903,ADD,3,8
903,ADD,4,8
903,ADD,5,9
903,ADD,6,9
903,ADD,7,8
903,ADD,8,8
903,REMOVE,0,8
903,REMOVE,1,7
903,REMOVE,2,3
903,REMOVE,3,1
903,REMOVE,4,7
903,REMOVE,5,8
903,REMOVE,6,7
903,REMOVE,7,7
903,REMOVE,8,2
904,ADD,0,9
904,ADD,1,4
904,ADD,2,7
904,ADD,3,9
904,ADD,4,9
904,ADD,6,7
904,ADD,8,5
904,REMOVE,0,7
904,REMOVE,1,3
904,REMOVE,2,8
904,REMOVE,2,9
904,REMOVE,3,8
904,REMOVE,4,8
904,REMOVE,6,9
904,REMOVE,8,8
905,ADD,0,7
905,ADD,1,2
905,ADD,3,7
905,ADD,4,5
905,ADD,5,5
905,ADD,7,7
905,ADD,8,9
905,REMOVE,0,9
905,REMOVE,1,4
905,REMOVE,3,9
905,REMOVE,4,9
905,REMOVE,5,9
905,REMOVE,7,8
905,REMOVE,8,5
906,ADD,0,8
906,ADD,2,2
906,ADD,3,2
906,ADD,4,2
906,ADD,5,4
906,ADD,7,2
906,ADD,8,8
906,REMOVE,0,7
906,REMOVE,2,7
906,REMOVE,4,5
906,REMOVE,5,5
906,REMOVE,7,7
906,REMOVE,8,9
907,ADD,0,7
907,ADD,1,7
907,ADD,2,9
907,ADD,3,8
907,ADD,4,7
907,ADD,7,7
907,ADD,8,7
907,REMOVE,0,8
907,REMOVE,1,2
907,REMOVE,2,2
907,REMOVE,3,2
907,REMOVE,3,7
907,REMOVE,7,2
907,REMOVE,8,8
908,ADD,1,8
908,ADD,2,8
908,ADD,3,9
908,ADD,4,9
908,ADD,5,9
908,ADD,6,8
908,ADD,7,2
908,REMOVE,1,7
908,REMOVE,2,9
908,REMOVE,4,2
908,REMOVE,4,7
908,REMOVE,5,4
908,REMOVE,7,7
909,ADD,0,2
909,ADD,1,7
909,ADD,3,2
909,ADD,4,5
909,ADD,5,7
909,ADD,7,7
909,ADD,8,9
909,REMOVE,1,8
909,REMOVE,3,8
909,REMOVE,3,9
909,REMOVE,4,9
909,REMOVE,5,9
909,REMOVE,6,7
909,REMOVE,7,2
909,REMOVE,8,7
910,ADD,0,6
910,ADD,1,4
910,ADD,2,7
910,ADD,3,7
910,ADD,4,3
910,ADD,6,2
910,REMOVE,0,2
910,REMOVE,0,7
910,REMOVE,1,7
910,REMOVE,2,8
910,REMOVE,3,2
910,REMOVE,4,5
910,REMOVE,6,8
910,REMOVE,8,9
911,ADD,0,2
911,ADD,2,8
911,ADD,3,9
911,ADD,6,7
911,ADD,7,5
911,ADD,8,7
911,REMOVE,0,6
911,REMOVE,2,7
911,REMOVE,3,7
911,REMOVE,6,2
911,REMOVE,7,7
912,ADD,0,7
912,ADD,2,7
912,ADD,3,7
912,ADD,6,4
912,ADD,7,4
912,ADD,8,9
912,REMOVE,0,2
912,REMOVE,1,4
912,REMOVE,2,8
912,REMOVE,3,9
912,REMOVE,4,3
912,REMOVE,6,7
912,REMOVE,7,5
912,REMOVE,8,7
913,ADD,0,2
913,ADD,0,8
913,ADD,1,7
913,ADD,2,9
913,ADD,3,2
913,ADD,4,3
913,ADD,6,8
913,ADD,7,7
913,ADD,8,2
913,REMOVE,0,7
913,REMOVE,2,7
913,REMOVE,3,7
913,REMOVE,5,7
913,REMOVE,6,4
913,REMOVE,7,4
913,REMOVE,8,9
914,ADD,0,7
914,ADD,1,8
914,ADD,2,7
914,ADD,3,7
914,ADD,3,8
914,ADD,4,2
914,ADD,4,8
914,ADD,5,7
914,ADD,6,7
914,ADD,8,8
914,REMOVE,0,2
914,REMOVE,0,8
914,REMOVE,1,7
914,REMOVE,2,9
914,REMOVE,3,2
914,REMOVE,4,3
914,REMOVE,6,8
914,REMOVE,8,2
915,ADD,1,7
915,ADD,3,2
915,ADD,4,9
915,ADD,7,2
915,ADD,8,4
915,REMOVE,1,8
915,REMOVE,3,7
915,REMOVE,4,2
915,REMOVE,4,8
915,REMOVE,7,7
915,REMOVE,8,8
916,ADD,0,2
916,ADD,1,4
916,ADD,4,7
916,ADD,5,3
916,ADD,6,2
916,ADD,7,7
916,ADD,8,7
916,REMOVE,0,7
916,REMOVE,1,7
916,REMOVE,3,2
916,REMOVE,4,9
916,REMOVE,5,7
916,REMOVE,6,7
916,REMOVE,7,2
916,REMOVE,8,4
917,ADD,0,7
917,ADD,1,8
917,ADD,3,2
917,ADD,5,5
917,ADD,6,5
917,ADD,6,8
917,ADD,7,8
917,ADD,8,3
917,REMOVE,0,2
917,REMOVE,1,4
917,REMOVE,3,8
917,REMOVE,5,3
917,REMOVE,6,2
918,ADD,0,4
918,ADD,3,4
918,ADD,4,2
918,ADD,6,7
918,ADD,8,5
918,REMOVE,0,7
918,REMOVE,1,8
918,REMOVE,3,2
918,REMOVE,4,7
918,REMOVE,5,5
918,REMOVE,6,5
918,REMOVE,6,8
918,REMOVE,8,3
918,REMOVE,8,7
919,ADD,0,9
919,ADD,1,8
919,ADD,3,7
919,ADD,4,8
919,ADD,5,8
919,ADD,6,8
919,ADD,7,6
919,ADD,8,7
919,REMOVE,0,4
919,REMOVE,2,7
919,REMOVE,3,4
919,REMOVE,4,2
919,REMOVE,6,7
919,REMOVE,7,7
919,REMOVE,7,8
919,REMOVE,8,5
920,ADD,0,7
920,ADD,0,8
920,ADD,1,2
920,ADD,3,2
920,ADD,3,8
920,ADD,4,2
920,ADD,4,7
920,ADD,5,7
920,ADD,6,2
920,ADD,6,7
920,ADD,7,7
920,REMOVE,0,9
920,REMOVE,1,8
920,REMOVE,3,7
920,REMOVE,4,8
920,REMOVE,5,8
920,REMOVE,6,8
920,REMOVE,7,6
921,ADD,0,5
921,ADD,1,7
921,ADD,2,7
921,ADD,5,5
921,ADD,7,2
921,ADD,7,9
921,ADD,8,2
921,ADD,9,8
921,REMOVE,0,8
921,REMOVE,1,2
921,REMOVE,3,2
921,REMOVE,4,2
921,REMOVE,5,7
921,REMOVE,7,7
921,REMOVE,8,7
922,ADD,2,2
922,ADD,3,4
922,ADD,5,8
922,ADD,6,8
922,ADD,7,7
922,ADD,8,3
922,REMOVE,0,5
922,REMOVE,2,7
922,REMOVE,3,8
922,REMOVE,5,5
922,REMOVE,6,2
922,REMOVE,7,9
922,REMOVE,8,2
922,REMOVE,9,8
923,ADD,2,7
923,ADD,2,8
923,ADD,3,7
923,ADD,6,2
923,ADD,7,5
923,ADD,8,7
923,REMOVE,2,2
923,REMOVE,3,4
923,REMOVE,5,8
923,REMOVE,6,8
923,REMOVE,7,2
923,REMOVE,7,7
923,REMOVE,8,3
924,ADD,0,8
924,ADD,0,9
924,ADD,1,8
924,ADD,3,9
924,ADD,5,8
924,ADD,6,8
924,ADD,7,7
924,REMOVE,0,7
924,REMOVE,1,7
924,REMOVE,2,7
924,REMOVE,3,7
924,REMOVE,6,2
924,REMOVE,7,5
925,ADD,0,7
925,ADD,3,7
925,ADD,3,8
925,ADD,4,9
925,ADD,8,8
925,REMOVE,0,8
925,REMOVE,0,9
925,REMOVE,3,9
925,REMOVE,4,7
925,REMOVE,6,8
925,REMOVE,8,7
926,ADD,1,7
926,ADD,2,9
926,ADD,4,4
926,ADD,5,5
926,ADD,7,6
926,ADD,8,7
926,ADD,9,1
926,REMOVE,1,8
926,REMOVE,2,8
926,REMOVE,3,8
926,REMOVE,4,9
926,REMOVE,5,8
926,REMOVE,7,7
926,REMOVE,8,8
927,ADD,0,2
927,ADD,4,7
927,ADD,5,7
927,ADD,6,2
927,ADD,7,7
927,REMOVE,0,7
927,REMOVE,4,4
927,REMOVE,5,5
927,REMOVE,7,6
927,REMOVE,9,1
928,ADD,0,7
928,ADD,1,9
928,ADD,2,7
928,ADD,2,8
928,ADD,3,9
928,ADD,4,2
928,ADD,5,4
928,ADD,8,3
928,ADD,9,4
928,REMOVE,1,7
928,REMOVE,2,9
928,REMOVE,3,7
928,REMOVE,4,7
928,REMOVE,5,7
928,REMOVE,6,7
928,REMOVE,8,7
929,ADD,1,7
929,ADD,2,1
929,ADD,3,7
929,ADD,4,8
929,ADD,5,8
929,ADD,6,7
929,ADD,8,8
929,ADD,8,9
929,ADD,9,5
929,REMOVE,0,2
929,REMOVE,1,9
929,REMOVE,2,7
929,REMOVE,2,8
929,REMOVE,3,9
929,REMOVE,4,2
929,REMOVE,5,4
929,REMOVE,6,2
929,REMOVE,8,3
929,REMOVE,9,4
930,ADD,0,8
930,ADD,1,8
930,ADD,2,2
930,ADD,4,1
930,ADD,8,2
930,ADD,9,1
930,REMOVE,1,7
930,REMOVE,2,1
930,REMOVE,4,8
930,REMOVE,8,8
930,REMOVE,8,9
930,REMOVE,9,5
931,ADD,0,3
931,ADD,1,2
931,ADD,2,7
931,ADD,3,3
931,ADD,4,5
931,ADD,4,8
931,ADD,5,7
931,ADD,6,8
931,ADD,7,3
931,ADD,8,9
931,REMOVE,0,7
931,REMOVE,0,8
931,REMOVE,1,8
931,REMOVE,2,2
931,REMOVE,3,7
931,REMOVE,4,1
931,REMOVE,5,8
931,REMOVE,8,2
931,REMOVE,9,1
932,ADD,0,2
932,ADD,1,8
932,ADD,3,6
932,ADD,4,2
932,ADD,5,2
932,ADD,6,6
932,ADD,7,9
932,ADD,8,4
932,REMOVE,0,3
932,REMOVE,1,2
932,REMOVE,3,3
932,REMOVE,4,5
932,REMOVE,4,8
932,REMOVE,5,7
932,REMOVE,6,7
932,REMOVE,6,8
932,REMOVE,7,3
932,REMOVE,7,7
932,REMOVE,8,9
933,ADD,0,8
933,ADD,0,9
933,ADD,1,7
933,ADD,2,4
933,ADD,3,2
933,ADD,4,7
933,ADD,6,8
933,ADD,7,8
933,ADD,9,9
933,REMOVE,0,2
933,REMOVE,1,8
933,REMOVE,2,7
933,REMOVE,3,6
933,REMOVE,4,2
933,REMOVE,6,6
933,REMOVE,7,9
933,REMOVE,8,4
934,ADD,1,8
934,ADD,2,8
934,ADD,3,7
934,ADD,3,8
934,ADD,4,8
934,ADD,4,9
934,ADD,5,8
934,ADD,6,7
934,ADD,7,7
934,ADD,8,8
934,ADD,9,8
934,REMOVE,1,7
934,REMOVE,2,4
934,REMOVE,3,2
934,REMOVE,4,7
934,REMOVE,5,2
934,REMOVE,6,8
934,REMOVE,7,8
934,REMOVE,9,9
935,ADD,4,2
935,ADD,5,9
935,ADD,6,2
935,REMOVE,0,9
935,REMOVE,4,8
935,REMOVE,9,8
936,ADD,0,7
936,ADD,1,2
936,ADD,5,7
936,ADD,6,3
936,ADD,8,7
936,ADD,9,5
936,REMOVE,1,8
936,REMOVE,3,7
936,REMOVE,4,2
936,REMOVE,5,8
936,REMOVE,5,9
936,REMOVE,6,2
936,REMOVE,6,7
936,REMOVE,8,8
937,ADD,1,1
937,ADD,2,2
937,ADD,3,7
937,ADD,4,2
937,ADD,6,7
937,ADD,7,6
937,ADD,8,2
937,REMOVE,0,8
937,REMOVE,1,2
937,REMOVE,2,8
937,REMOVE,3,8
937,REMOVE,4,9
937,REMOVE,6,3
937,REMOVE,7,7
937,REMOVE,8,7
937,REMOVE,9,5
938,ADD,1,7
938,ADD,4,7
938,ADD,7,8
938,ADD,8,7
938,ADD,9,1
938,REMOVE,1,1
938,REMOVE,2,2
938,REMOVE,4,2
938,REMOVE,5,7
938,REMOVE,7,6
938,REMOVE,8,2
939,ADD,0,2
939,ADD,1,2
939,ADD,3,6
939,ADD,5,8
939,ADD,7,7
939,ADD,8,9
939,REMOVE,0,7
939,REMOVE,1,7
939,REMOVE,3,7
939,REMOVE,6,7
939,REMOVE,7,8
939,REMOVE,8,7
939,REMOVE,9,1
940,ADD,0,5
940,ADD,3,7
940,ADD,7,9
940,REMOVE,0,2
940,REMOVE,3,6
940,REMOVE,7,7
940,REMOVE,8,9
941,ADD,1,7
941,ADD,5,4
941,ADD,6,2
941,ADD,7,5
941,ADD,7,8
941,ADD,8,2
941,REMOVE,0,5
941,REMOVE,1,2
941,REMOVE,3,7
941,REMOVE,5,8
941,REMOVE,7,9
942,ADD,0,7
942,ADD,1,1
942,ADD,3,7
942,ADD,3,8
942,ADD,4,2
942,ADD,5,7
942,ADD,6,7
942,ADD,6,8
942,ADD,7,7
942,ADD,8,8
942,REMOVE,1,7
942,REMOVE,4,7
942,REMOVE,5,4
942,REMOVE,6,2
942,REMOVE,7,5
942,REMOVE,7,8
942,REMOVE,8,2
943,ADD,0,8
943,ADD,0,9
943,ADD,1,8
943,ADD,3,9
943,ADD,4,7
943,ADD,6,2
943,ADD,8,7
943,REMOVE,0,7
943,REMOVE,1,1
943,REMOVE,3,7
943,REMOVE,3,8
943,REMOVE,4,2
943,REMOVE,6,7
943,REMOVE,6,8
943,REMOVE,8,8
944,ADD,0,7
944,ADD,1,7
944,ADD,3,7
944,ADD,4,9
944,ADD,5,5
944,ADD,6,7
944,ADD,7,9
944,REMOVE,0,8
944,REMOVE,0,9
944,REMOVE,1,8
944,REMOVE,3,9
944,REMOVE,4,7
944,REMOVE,5,7
944,REMOVE,6,2
944,REMOVE,7,7
945,ADD,0,2
945,ADD,0,3
945,ADD,1,2
945,ADD,3,8
945,ADD,4,2
945,ADD,4,8
945,ADD,5,8
945,ADD,6,4
945,ADD,7,8
945,ADD,8,8
945,REMOVE,0,7
945,REMOVE,1,7
945,REMOVE,3,7
945,REMOVE,4,9
945,REMOVE,5,5
945,REMOVE,6,7
945,REMOVE,7,9
945,REMOVE,8,7
946,ADD,0,7
946,ADD,3,2
946,ADD,4,7
946,ADD,5,4
946,ADD,6,7
946,ADD,7,2
946,ADD,8,4
946,REMOVE,0,2
946,REMOVE,0,3
946,REMOVE,3,8
946,REMOVE,4,2
946,REMOVE,4,8
946,REMOVE,5,8
946,REMOVE,6,4
946,REMOVE,7,8
946,REMOVE,8,8
947,ADD,0,8
947,ADD,1,5
947,ADD,1,9
947,ADD,2,8
947,ADD,3,9
947,ADD,5,7
947,ADD,6,1
947,ADD,7,4
947,ADD,8,1
947,REMOVE,0,7
947,REMOVE,1,2
947,REMOVE,3,2
947,REMOVE,5,4
947,REMOVE,6,7
947,REMOVE,7,2
947,REMOVE,8,4
948,ADD,3,7
948,ADD,4,8
948,ADD,5,2
948,ADD,6,9
948,ADD,7,9
948,ADD,8,3
948,REMOVE,1,5
948,REMOVE,2,8
948,REMOVE,3,9
948,REMOVE,4,7
948,REMOVE,5,7
948,REMOVE,6,1
948,REMOVE,7,4
948,REMOVE,8,1
949,ADD,0,7
949,ADD,1,7
949,ADD,3,3
949,ADD,3,5
949,ADD,4,7
949,ADD,5,0
949,ADD,6,8
949,ADD,7,7
949,ADD,8,7
949,REMOVE,0,8
949,REMOVE,1,9
949,REMOVE,3,7
949,REMOVE,4,8
949,REMOVE,5,2
949,REMOVE,6,9
949,REMOVE,7,9
949,REMOVE,8,3
950,ADD,3,8
950,ADD,4,8
950,ADD,5,7
950,ADD,6,2
950,ADD,7,2
950,ADD,8,2
950,ADD,9,9
950,REMOVE,3,3
950,REMOVE,3,5
950,REMOVE,4,7
950,REMOVE,5,0
950,REMOVE,6,8
950,REMOVE,7,7
950,REMOVE,8,7
951,ADD,1,8
951,ADD,2,4
951,ADD,4,7
951,ADD,5,8
951,ADD,6,9
951,ADD,7,7
951,ADD,8,5
951,REMOVE,1,7
951,REMOVE,4,8
951,REMOVE,5,7
951,REMOVE,6,2
951,REMOVE,7,2
951,REMOVE,8,2
951,REMOVE,9,9
952,ADD,3,2
952,ADD,3,7
952,ADD,4,2
952,ADD,6,8
952,ADD,7,8
952,ADD,8,3
952,REMOVE,2,4
952,REMOVE,3,8
952,REMOVE,4,7
952,REMOVE,6,9
952,REMOVE,7,7
952,REMOVE,8,5
953,ADD,0,5
953,ADD,1,7
953,ADD,2,8
953,ADD,3,8
953,ADD,4,8
953,ADD,7,5
953,REMOVE,0,7
953,REMOVE,1,8
953,REMOVE,3,2
953,REMOVE,3,7
953,REMOVE,4,2
953,REMOVE,6,8
953,REMOVE,7,8
953,REMOVE,8,3
954,ADD,0,8
954,ADD,3,4
954,ADD,4,2
954,ADD,5,2
954,ADD,7,2
954,ADD,8,2
954,REMOVE,0,5
954,REMOVE,2,8
954,REMOVE,3,8
954,REMOVE,4,8
954,REMOVE,5,8
954,REMOVE,7,5
955,ADD,0,4
955,ADD,1,8
955,ADD,2,6
955,ADD,3,8
955,ADD,4,3
955,ADD,5,7
955,ADD,6,2
955,ADD,8,7
955,REMOVE,0,8
955,REMOVE,3,4
955,REMOVE,4,2
955,REMOVE,5,2
955,REMOVE,8,2
956,ADD,0,7
956,ADD,4,8
956,ADD,5,8
956,ADD,6,7
956,ADD,7,4
956,REMOVE,0,4
956,REMOVE,1,8
956,REMOVE,2,6
956,REMOVE,3,8
956,REMOVE,4,3
956,REMOVE,5,7
956,REMOVE,6,2
956,REMOVE,7,2
957,ADD,1,5
957,ADD,4,7
957,ADD,5,2
957,ADD,6,2
957,REMOVE,1,7
957,REMOVE,4,8
957,REMOVE,5,8
957,REMOVE,6,7
957,REMOVE,8,7
958,ADD,0,3
958,ADD,1,2
958,ADD,2,9
958,ADD,5,7
958,ADD,6,8
958,ADD,7,7
958,ADD,8,3
958,REMOVE,1,5
958,REMOVE,5,2
958,REMOVE,6,2
958,REMOVE,7,4
959,ADD,0,8
959,ADD,1,7
959,ADD,2,7
959,ADD,4,8
959,ADD,5,2
959,ADD,6,9
959,ADD,8,7
959,REMOVE,0,3
959,REMOVE,1,2
959,REMOVE,2,9
959,REMOVE,4,7
959,REMOVE,5,7
959,REMOVE,6,8
959,REMOVE,8,3
960,ADD,1,4
960,ADD,2,4
960,ADD,3,1
960,ADD,4,7
960,ADD,7,1
960,REMOVE,1,7
960,REMOVE,2,7
960,REMOVE,4,8
960,REMOVE,7,7
960,REMOVE,8,7
961,ADD,1,8
961,ADD,5,7
961,ADD,7,7
961,REMOVE,0,8
961,REMOVE,1,4
961,REMOVE,2,4
961,REMOVE,3,1
961,REMOVE,5,2
961,REMOVE,7,1
962,ADD,1,7
962,ADD,5,2
962,ADD,6,0
962,ADD,8,8
962,REMOVE,1,8
962,REMOVE,5,7
962,REMOVE,6,9
963,ADD,0,8
963,ADD,2,3
963,ADD,3,5
963,ADD,4,8
963,ADD,6,7
963,ADD,8,4
963,REMOVE,4,7
963,REMOVE,6,0
963,REMOVE,8,8
964,ADD,0,2
964,ADD,1,8
964,ADD,1,9
964,ADD,2,2
964,ADD,3,7
964,ADD,4,2
964,ADD,5,8
964,ADD,6,9
964,ADD,8,2
964,REMOVE,0,7
964,REMOVE,0,8
964,REMOVE,1,7
964,REMOVE,2,3
964,REMOVE,3,5
964,REMOVE,4,8
964,REMOVE,5,2
964,REMOVE,6,7
964,REMOVE,7,7
964,REMOVE,8,4
965,ADD,0,8
965,ADD,1,7
965,ADD,2,1
965,ADD,3,2
965,ADD,4,7
965,ADD,5,7
965,ADD,6,7
965,ADD,7,8
965,REMOVE,1,8
965,REMOVE,1,9
965,REMOVE,2,2
965,REMOVE,3,7
965,REMOVE,4,2
965,REMOVE,5,8
965,REMOVE,6,9
966,ADD,0,7
966,ADD,1,2
966,ADD,1,8
966,ADD,2,8
966,ADD,3,8
966,ADD,5,2
966,ADD,6,8
966,ADD,7,2
966,ADD,8,8
966,REMOVE,0,2
966,REMOVE,0,8
966,REMOVE,1,7
966,REMOVE,2,1
966,REMOVE,3,2
966,REMOVE,5,7
966,REMOVE,7,8
966,REMOVE,8,2
967,ADD,0,9
967,ADD,2,7
967,ADD,3,6
967,ADD,5,0
967,ADD,7,7
967,REMOVE,0,7
967,REMOVE,1,2
967,REMOVE,2,8
967,REMOVE,3,8
967,REMOVE,5,2
967,REMOVE,6,8
967,REMOVE,7,2
968,ADD,0,6
968,ADD,1,4
968,ADD,4,5
968,ADD,4,8
968,ADD,5,3
968,ADD,6,6
968,ADD,7,0
968,ADD,8,1
968,REMOVE,0,9
968,REMOVE,1,8
968,REMOVE,3,6
968,REMOVE,4,7
968,REMOVE,5,0
968,REMOVE,6,7
968,REMOVE,7,7
968,REMOVE,8,8
969,ADD,0,2
969,ADD,0,8
969,ADD,1,8
969,ADD,3,3
969,ADD,4,7
969,ADD,5,2
969,ADD,6,3
969,ADD,7,8
969,ADD,8,9
969,ADD,9,0
969,REMOVE,0,6
969,REMOVE,1,4
969,REMOVE,4,5
969,REMOVE,4,8
969,REMOVE,5,3
969,REMOVE,6,6
969,REMOVE,7,0
969,REMOVE,8,1
970,ADD,1,7
970,ADD,2,8
970,ADD,3,2
970,ADD,5,6
970,ADD,8,7
970,REMOVE,0,2
970,REMOVE,1,8
970,REMOVE,2,7
970,REMOVE,3,3
970,REMOVE,5,2
970,REMOVE,8,9
970,REMOVE,9,0
971,ADD,0,7
971,ADD,1,2
971,ADD,5,3
971,ADD,7,9
971,REMOVE,0,8
971,REMOVE,1,7
971,REMOVE,5,6
971,REMOVE,6,3
972,ADD,0,8
972,ADD,1,7
972,ADD,3,7
972,ADD,4,8
972,ADD,5,8
972,ADD,6,7
972,ADD,7,7
972,REMOVE,1,2
972,REMOVE,2,8
972,REMOVE,3,2
972,REMOVE,4,7
972,REMOVE,5,3
972,REMOVE,7,8
972,REMOVE,7,9
973,ADD,0,2
973,ADD,1,2
973,ADD,3,3
973,ADD,5,9
973,ADD,6,3
973,ADD,7,2
973,ADD,8,2
973,REMOVE,0,7
973,REMOVE,0,8
973,REMOVE,1,7
973,REMOVE,3,7
973,REMOVE,5,8
973,REMOVE,7,7
974,ADD,0,7
974,ADD,1,7
974,ADD,3,4
974,ADD,5,4
974,ADD,6,4
974,ADD,7,7
974,REMOVE,1,2
974,REMOVE,3,3
974,REMOVE,5,9
974,REMOVE,6,3
974,REMOVE,6,7
974,REMOVE,7,2
974,REMOVE,8,7
975,ADD,0,3
975,ADD,2,2
975,ADD,4,7
975,ADD,6,2
975,ADD,7,4
975,ADD,8,8
975,REMOVE,0,2
975,REMOVE,0,7
975,REMOVE,3,4
975,REMOVE,4,8
975,REMOVE,5,4
975,REMOVE,6,4
975,REMOVE,7,7
975,REMOVE,8,2
976,ADD,4,2
976,ADD,5,6
976,ADD,6,7
976,ADD,7,7
976,ADD,8,6
976,REMOVE,0,3
976,REMOVE,1,7
976,REMOVE,2,2
976,REMOVE,4,7
976,REMOVE,6,2
976,REMOVE,7,4
976,REMOVE,8,8
977,ADD,0,1
977,ADD,1,7
977,ADD,3,7
977,ADD,4,3
977,ADD,4,7
977,ADD,5,7
977,ADD,8,7
977,ADD,8,8
977,REMOVE,4,2
977,REMOVE,5,6
977,REMOVE,8,6
978,ADD,1,8
978,ADD,2,5
978,ADD,4,2
978,ADD,6,8
978,ADD,8,2
978,REMOVE,0,1
978,REMOVE,4,3
978,REMOVE,4,7
978,REMOVE,6,7
978,REMOVE,8,7
979,ADD,2,9
979,ADD,4,7
979,ADD,6,7
979,ADD,8,3
979,ADD,8,7
979,REMOVE,1,7
979,REMOVE,2,5
979,REMOVE,4,2
979,REMOVE,6,8
979,REMOVE,8,2
979,REMOVE,8,8
980,ADD,1,7
980,ADD,2,4
980,ADD,4,9
980,ADD,5,4
980,REMOVE,1,8
980,REMOVE,2,9
980,REMOVE,4,7
980,REMOVE,5,7
980,REMOVE,8,3
981,ADD,1,8
981,ADD,4,4
981,ADD,4,8
981,ADD,6,8
981,ADD,8,9
981,REMOVE,1,7
981,REMOVE,2,4
981,REMOVE,3,7
981,REMOVE,4,9
981,REMOVE,5,4
981,REMOVE,6,7
981,REMOVE,8,7
982,ADD,0,2
982,ADD,1,7
982,ADD,2,3
982,ADD,6,4
982,ADD,8,7
982,ADD,9,4
982,REMOVE,1,8
982,REMOVE,4,4
982,REMOVE,6,8
982,REMOVE,7,7
982,REMOVE,8,9
983,ADD,1,2
983,ADD,4,2
983,ADD,6,7
983,ADD,7,4
983,REMOVE,0,2
983,REMOVE,1,7
983,REMOVE,2,3
983,REMOVE,6,4
983,REMOVE,9,4
984,ADD,2,8
984,ADD,3,3
984,ADD,4,7
984,ADD,5,9
984,ADD,6,8
984,ADD,7,2
984,ADD,8,6
984,ADD,8,8
984,REMOVE,4,8
984,REMOVE,6,7
984,REMOVE,7,4
984,REMOVE,8,7
985,ADD,1,3
985,ADD,1,7
985,ADD,3,8
985,ADD,4,8
985,ADD,5,7
985,ADD,8,2
985,REMOVE,1,2
985,REMOVE,2,8
985,REMOVE,3,3
985,REMOVE,4,7
985,REMOVE,5,9
985,REMOVE,8,6
985,REMOVE,8,8
986,ADD,2,2
986,ADD,3,2
986,ADD,4,7
986,ADD,5,9
986,ADD,6,4
986,ADD,8,7
986,ADD,8,8
986,REMOVE,1,3
986,REMOVE,3,8
986,REMOVE,4,2
986,REMOVE,4,8
986,REMOVE,5,7
986,REMOVE,6,8
986,REMOVE,8,2
987,ADD,0,7
987,ADD,1,3
987,ADD,5,1
987,ADD,6,7
987,ADD,7,4
987,REMOVE,1,7
987,REMOVE,2,2
987,REMOVE,5,9
987,REMOVE,6,4
987,REMOVE,7,2
987,REMOVE,8,8
988,ADD,1,7
988,ADD,4,4
988,ADD,5,2
988,ADD,6,9
988,ADD,7,7
988,REMOVE,0,7
988,REMOVE,1,3
988,REMOVE,3,2
988,REMOVE,4,7
988,REMOVE,5,1
988,REMOVE,6,7
988,REMOVE,7,4
989,ADD,2,2
989,ADD,3,2
989,ADD,4,2
989,ADD,6,4
989,ADD,9,0
989,REMOVE,4,4
989,REMOVE,5,2
989,REMOVE,6,9
989,REMOVE,7,7
990,ADD,0,8
990,ADD,2,8
990,ADD,4,3
990,ADD,4,7
990,ADD,5,5
990,ADD,7,7
990,ADD,7,8
990,REMOVE,2,2
990,REMOVE,3,2
990,REMOVE,4,2
990,REMOVE,9,0
991,ADD,0,2
991,ADD,0,7
991,ADD,2,5
991,ADD,5,7
991,ADD,6,2
991,ADD,6,7
991,ADD,7,2
991,ADD,7,9
991,REMOVE,0,8
991,REMOVE,2,8
991,REMOVE,4,3
991,REMOVE,5,5
991,REMOVE,6,4
991,REMOVE,7,7
991,REMOVE,7,8
992,ADD,2,4
992,ADD,3,4
992,ADD,5,2
992,ADD,7,7
992,ADD,9,7
992,REMOVE,0,2
992,REMOVE,2,5
992,REMOVE,5,7
992,REMOVE,6,2
992,REMOVE,7,2
992,REMOVE,7,9
993,ADD,1,9
993,ADD,2,2
993,ADD,3,7
993,ADD,5,8
993,ADD,7,8
993,REMOVE,1,7
993,REMOVE,2,4
993,REMOVE,3,4
993,REMOVE,5,2
993,REMOVE,7,7
993,REMOVE,9,7
994,ADD,1,7
994,ADD,1,8
994,ADD,2,9
994,ADD,4,3
994,ADD,6,8
994,ADD,7,2
994,ADD,8,5
994,REMOVE,1,9
994,REMOVE,2,2
994,REMOVE,6,7
994,REMOVE,7,8
995,ADD,0,9
995,ADD,2,4
995,ADD,4,6
995,ADD,5,5
995,ADD,6,2
995,ADD,7,7
995,REMOVE,0,7
995,REMOVE,1,8
995,REMOVE,2,9
995,REMOVE,4,3
995,REMOVE,4,7
995,REMOVE,6,8
995,REMOVE,7,2
995,REMOVE,8,5
996,ADD,0,4
996,ADD,3,2
996,ADD,4,7
996,ADD,5,9
996,ADD,6,7
996,ADD,8,0
996,REMOVE,0,9
996,REMOVE,2,4
996,REMOVE,3,7
996,REMOVE,4,6
996,REMOVE,5,5
996,REMOVE,5,8
996,REMOVE,6,2
996,REMOVE,8,7
997,ADD,0,9
997,ADD,1,8
997,ADD,2,4
997,ADD,3,7
997,ADD,4,8
997,ADD,5,7
997,ADD,6,8
997,ADD,8,7
997,REMOVE,0,4
997,REMOVE,4,7
997,REMOVE,5,9
997,REMOVE,6,7
997,REMOVE,8,0
998,ADD,0,8
998,ADD,2,3
998,ADD,4,7
998,ADD,5,8
998,ADD,6,7
998,ADD,7,2
998,REMOVE,0,9
998,REMOVE,1,7
998,REMOVE,2,4
998,REMOVE,3,2
998,REMOVE,4,8
998,REMOVE,6,8
998,REMOVE,7,7
999,ADD,0,7
999,ADD,2,5
999,ADD,2,9
999,ADD,4,8
999,ADD,6,8
999,ADD,8,8
999,REMOVE,0,8
999,REMOVE,2,3
999,REMOVE,5,8
999,REMOVE,6,7
1000,ADD,0,8
1000,ADD,1,2
1000,ADD,1,7
1000,ADD,6,2
1000,REMOVE,1,8
1000,REMOVE,2,5
1000,REMOVE,2,9
1000,REMOVE,4,8
1000,REMOVE,6,8
1001,ADD,2,2
1001,ADD,5,9
1001,ADD,6,8
1001,ADD,7,4
1001,REMOVE,0,7
1001,REMOVE,0,8
1001,REMOVE,1,2
1001,REMOVE,4,7
1001,REMOVE,5,7
1001,REMOVE,6,2
1001,REMOVE,7,2
1002,ADD,1,3
1002,ADD,2,4
1002,ADD,5,8
1002,ADD,6,4
1002,ADD,7,7
1002,REMOVE,1,7
1002,REMOVE,2,2
1002,REMOVE,5,9
1002,REMOVE,6,8
1002,REMOVE,7,4
1002,REMOVE,8,7
1003,ADD,1,7
1003,ADD,2,1
1003,ADD,4,4
1003,ADD,5,4
1003,ADD,6,9
1003,ADD,8,4
1003,REMOVE,1,3
1003,REMOVE,2,4
1003,REMOVE,5,8
1003,REMOVE,6,4
1003,REMOVE,8,8
1004,ADD,0,4
1004,ADD,3,8
1004,ADD,4,7
1004,ADD,5,2
1004,ADD,6,7
1004,ADD,7,2
1004,ADD,8,7
1004,REMOVE,2,1
1004,REMOVE,3,7
1004,REMOVE,4,4
1004,REMOVE,5,4
1004,REMOVE,6,9
1004,REMOVE,7,7
1004,REMOVE,8,4
1005,ADD,0,9
1005,ADD,2,4
1005,ADD,3,7
1005,ADD,5,4
1005,ADD,8,8
1005,REMOVE,0,4
1005,REMOVE,3,8
1005,REMOVE,5,2
1005,REMOVE,6,7
1006,ADD,0,8
1006,ADD,1,8
1006,ADD,2,8
1006,ADD,3,2
1006,ADD,4,8
1006,ADD,5,7
1006,REMOVE,0,9
1006,REMOVE,1,7
1006,REMOVE,2,4
1006,REMOVE,3,7
1006,REMOVE,4,7
1006,REMOVE,5,4
1006,REMOVE,8,7
1007,ADD,0,2
1007,ADD,0,7
1007,ADD,2,5
1007,ADD,5,8
1007,ADD,5,9
1007,ADD,6,7
1007,ADD,7,8
1007,ADD,8,7
1007,REMOVE,0,8
1007,REMOVE,2,8
1007,REMOVE,5,7
1007,REMOVE,7,2
1007,REMOVE,8,8
1008,ADD,1,7
1008,ADD,2,2
1008,ADD,3,7
1008,ADD,3,8
1008,ADD,4,7
1008,ADD,5,2
1008,ADD,7,2
1008,REMOVE,0,2
1008,REMOVE,1,8
1008,REMOVE,2,5
1008,REMOVE,3,2
1008,REMOVE,4,8
1008,REMOVE,5,8
1008,REMOVE,5,9
1008,REMOVE,7,8
1009,ADD,0,2
1009,ADD,1,9
1009,ADD,2,7
1009,ADD,4,6
1009,ADD,5,8
1009,ADD,8,2
1009,ADD,8,3
1009,ADD,9,7
1009,REMOVE,0,7
1009,REMOVE,1,7
1009,REMOVE,2,2
1009,REMOVE,3,8
1009,REMOVE,4,7
1009,REMOVE,5,2
1009,REMOVE,8,7
1010,ADD,0,8
1010,ADD,1,2
1010,ADD,4,9
1010,ADD,5,7
1010,ADD,7,8
1010,ADD,8,8
1010,REMOVE,0,2
1010,REMOVE,1,9
1010,REMOVE,2,7
1010,REMOVE,3,7
1010,REMOVE,4,6
1010,REMOVE,5,8
1010,REMOVE,6,7
1010,REMOVE,7,2
1010,REMOVE,8,2
1010,REMOVE,8,3
1010,REMOVE,9,7
1011,ADD,0,7
1011,ADD,1,7
1011,ADD,2,0
1011,ADD,3,2
1011,ADD,4,2
1011,ADD,7,7
1011,ADD,8,7
1011,REMOVE,0,8
1011,REMOVE,1,2
1011,REMOVE,4,9
1011,REMOVE,7,8
1011,REMOVE,8,8
1012,ADD,2,8
1012,ADD,4,8
1012,ADD,5,4
1012,ADD,6,4
1012,ADD,7,8
1012,REMOVE,2,0
1012,REMOVE,4,2
1012,REMOVE,5,7
1012,REMOVE,7,7
1013,ADD,0,8
1013,ADD,1,2
1013,ADD,3,9
1013,ADD,4,2
1013,ADD,5,7
1013,ADD,6,8
1013,ADD,7,2
1013,REMOVE,1,7
1013,REMOVE,2,8
1013,REMOVE,3,2
1013,REMOVE,5,4
1013,REMOVE,6,4
1013,REMOVE,7,8
1014,ADD,1,7
1014,ADD,2,7
1014,ADD,3,7
1014,ADD,4,6
1014,ADD,5,2
1014,ADD,6,3
1014,ADD,7,7
1014,ADD,8,8
1014,REMOVE,0,8
1014,REMOVE,3,9
1014,REMOVE,4,2
1014,REMOVE,4,8
1014,REMOVE,5,7
1014,REMOVE,6,8
1014,REMOVE,7,2
1014,REMOVE,8,7
1015,ADD,0,2
1015,ADD,0,8
1015,ADD,4,8
1015,ADD,5,9
1015,ADD,6,9
1015,ADD,7,8
1015,ADD,9,2
1015,REMOVE,0,7
1015,REMOVE,1,7
1015,REMOVE,2,7
1015,REMOVE,4,6
1015,REMOVE,5,2
1015,REMOVE,6,3
1015,REMOVE,7,7
1016,ADD,0,9
1016,ADD,1,5
1016,ADD,2,2
1016,ADD,4,2
1016,ADD,6,7
1016,ADD,7,2
1016,ADD,8,7
1016,REMOVE,0,2
1016,REMOVE,0,8
1016,REMOVE,1,2
1016,REMOVE,4,8
1016,REMOVE,6,9
1016,REMOVE,7,8
1016,REMOVE,9,2
1017,ADD,0,2
1017,ADD,1,9
1017,ADD,3,4
1017,ADD,4,4
1017,ADD,5,2
1017,ADD,7,9
1017,ADD,8,6
1017,REMOVE,0,9
1017,REMOVE,1,5
1017,REMOVE,3,7
1017,REMOVE,4,2
1017,REMOVE,5,9
1017,REMOVE,7,2
1017,REMOVE,8,7
1017,REMOVE,8,8
1018,ADD,0,3
1018,ADD,0,7
1018,ADD,1,7
1018,ADD,2,4
1018,ADD,3,2
1018,ADD,3,7
1018,ADD,4,8
1018,ADD,5,7
1018,ADD,6,6
1018,ADD,7,7
1018,ADD,8,5
1018,ADD,8,8
1018,ADD,9,1
1018,REMOVE,0,2
1018,REMOVE,1,9
1018,REMOVE,2,2
1018,REMOVE,3,4
1018,REMOVE,4,4
1018,REMOVE,5,2
1018,REMOVE,6,7
1018,REMOVE,7,9
1018,REMOVE,8,6
1019,ADD,0,8
1019,ADD,4,7
1019,ADD,6,7
1019,ADD,7,2
1019,ADD,8,7
1019,REMOVE,0,3
1019,REMOVE,2,4
1019,REMOVE,3,2
1019,REMOVE,4,8
1019,REMOVE,6,6
1019,REMOVE,7,7
1019,REMOVE,8,5
1019,REMOVE,8,8
1019,REMOVE,9,1
1020,ADD,1,8
1020,ADD,2,9
1020,ADD,4,8
1020,ADD,5,8
1020,ADD,6,8
1020,ADD,7,8
1020,REMOVE,0,8
1020,REMOVE,1,7
1020,REMOVE,5,7
1020,REMOVE,7,2
1021,ADD,0,8
1021,ADD,2,4
1021,ADD,3,8
1021,ADD,5,7
1021,ADD,7,7
1021,REMOVE,2,9
1021,REMOVE,3,7
1021,REMOVE,4,8
1021,REMOVE,5,8
1021,REMOVE,6,8
1021,REMOVE,7,8
1022,ADD,0,2
1022,ADD,1,2
1022,ADD,1,9
1022,ADD,3,4
1022,ADD,5,8
1022,ADD,6,9
1022,ADD,7,6
1022,ADD,8,2
1022,REMOVE,0,7
1022,REMOVE,0,8
1022,REMOVE,1,8
1022,REMOVE,2,4
1022,REMOVE,3,8
1022,REMOVE,5,7
1022,REMOVE,6,7
1022,REMOVE,7,7
1022,REMOVE,8,7
1023,ADD,0,7
1023,ADD,1,5
1023,ADD,2,6
1023,ADD,3,8
1023,ADD,4,0
1023,ADD,5,2
1023,ADD,6,7
1023,ADD,7,7
1023,ADD,8,7
1023,REMOVE,0,2
1023,REMOVE,1,2
1023,REMOVE,1,9
1023,REMOVE,3,4
1023,REMOVE,4,7
1023,REMOVE,5,8
1023,REMOVE,6,9
1023,REMOVE,7,6
1023,REMOVE,8,2
1024,ADD,1,7
1024,ADD,1,8
1024,ADD,4,7
1024,ADD,5,5
1024,ADD,5,8
1024,ADD,6,5
1024,ADD,6,8
1024,ADD,7,5
1024,ADD,7,9
1024,ADD,8,5
1024,ADD,8,9
1024,ADD,9,5
1024,REMOVE,1,5
1024,REMOVE,2,6
1024,REMOVE,4,0
1024,REMOVE,5,2
1024,REMOVE,6,7
1024,REMOVE,7,7
1024,REMOVE,8,7
1025,ADD,0,2
1025,ADD,2,9
1025,ADD,3,7
1025,ADD,4,8
1025,ADD,5,2
1025,ADD,6,2
1025,ADD,7,7
1025,ADD,8,7
1025,REMOVE,0,7
1025,REMOVE,1,8
1025,REMOVE,3,8
1025,REMOVE,4,7
1025,REMOVE,5,5
1025,REMOVE,5,8
1025,REMOVE,6,5
1025,REMOVE,6,8
1025,REMOVE,7,5
1025,REMOVE,7,9
1025,REMOVE,8,5
1025,REMOVE,8,9
1025,REMOVE,9,5
1026,ADD,0,7
1026,ADD,2,0
1026,ADD,3,2
1026,ADD,3,9
1026,ADD,4,7
1026,ADD,5,7
1026,ADD,6,7
1026,ADD,7,8
1026,ADD,8,3
1026,ADD,8,9
1026,REMOVE,2,9
1026,REMOVE,3,7
1026,REMOVE,4,8
1026,REMOVE,5,2
1026,REMOVE,6,2
1026,REMOVE,7,7
1026,REMOVE,8,7
1027,ADD,0,8
1027,ADD,1,2
1027,ADD,2,3
1027,ADD,3,7
1027,ADD,6,8
1027,ADD,7,3
1027,ADD,8,7
1027,ADD,8,8
1027,ADD,9,4
1027,REMOVE,0,2
1027,REMOVE,0,7
1027,REMOVE,1,7
1027,REMOVE,2,0
1027,REMOVE,3,2
1027,REMOVE,3,9
1027,REMOVE,7,8
1027,REMOVE,8,3
1027,REMOVE,8,9
1028,ADD,0,2
1028,ADD,1,5
1028,ADD,1,7
1028,ADD,2,4
1028,ADD,3,8
1028,ADD,5,8
1028,ADD,6,4
1028,ADD,7,7
1028,REMOVE,0,8
1028,REMOVE,1,2
1028,REMOVE,2,3
1028,REMOVE,3,7
1028,REMOVE,5,7
1028,REMOVE,6,7
1028,REMOVE,6,8
1028,REMOVE,7,3
1028,REMOVE,8,7
1028,REMOVE,9,4
1029,ADD,0,8
1029,ADD,3,2
1029,ADD,4,8
1029,ADD,5,2
1029,ADD,6,2
1029,ADD,7,8
1029,ADD,8,3
1029,REMOVE,0,2
1029,REMOVE,1,5
1029,REMOVE,2,4
1029,REMOVE,3,8
1029,REMOVE,5,8
1029,REMOVE,6,4
1030,ADD,0,2
1030,ADD,1,8
1030,ADD,3,8
1030,ADD,5,1
1030,ADD,6,5
1030,REMOVE,0,8
1030,REMOVE,1,7
1030,REMOVE,3,2
1030,REMOVE,4,8
1030,REMOVE,5,2
1030,REMOVE,6,2
1030,REMOVE,7,8
1030,REMOVE,8,3
1031,ADD,0,8
1031,ADD,2,8
1031,ADD,3,7
1031,ADD,4,8
1031,ADD,5,9
1031,ADD,7,9
1031,ADD,8,2
1031,REMOVE,0,2
1031,REMOVE,3,8
1031,REMOVE,4,7
1031,REMOVE,5,1
1031,REMOVE,6,5
1031,REMOVE,7,7
1031,REMOVE,8,8
1032,ADD,0,7
1032,ADD,1,7
1032,ADD,2,2
1032,ADD,3,8
1032,ADD,4,7
1032,ADD,5,3
1032,ADD,6,2
1032,ADD,7,2
1032,ADD,8,7
1032,ADD,8,8
1032,ADD,9,2
1032,REMOVE,0,8
1032,REMOVE,1,8
1032,REMOVE,2,8
1032,REMOVE,4,8
1032,REMOVE,7,9
1032,REMOVE,8,2
1033,ADD,1,8
1033,ADD,2,8
1033,ADD,4,8
1033,ADD,5,4
1033,ADD,6,7
1033,ADD,7,7
1033,REMOVE,2,2
1033,REMOVE,3,8
1033,REMOVE,5,3
1033,REMOVE,5,9
1033,REMOVE,6,2
1033,REMOVE,7,2
1033,REMOVE,8,8
1033,REMOVE,9,2
1034,ADD,0,8
1034,ADD,1,5
1034,ADD,2,1
1034,ADD,3,2
1034,ADD,5,1
1034,ADD,7,2
1034,ADD,7,3
1034,ADD,8,2
1034,ADD,9,4
1034,REMOVE,0,7
1034,REMOVE,1,7
1034,REMOVE,1,8
1034,REMOVE,2,8
1034,REMOVE,3,7
1034,REMOVE,4,7
1034,REMOVE,5,4
1034,REMOVE,7,7
1035,ADD,0,2
1035,ADD,0,7
1035,ADD,1,7
1035,ADD,2,7
1035,ADD,3,8
1035,ADD,4,7
1035,ADD,5,7
1035,ADD,7,6
1035,ADD,7,8
1035,REMOVE,0,8
1035,REMOVE,1,5
1035,REMOVE,2,1
1035,REMOVE,3,2
1035,REMOVE,4,8
1035,REMOVE,5,1
1035,REMOVE,7,2
1035,REMOVE,7,3
1035,REMOVE,8,2
1035,REMOVE,9,4
1036,ADD,1,8
1036,ADD,2,2
1036,ADD,3,7
1036,ADD,4,8
1036,ADD,6,2
1036,ADD,7,2
1036,ADD,8,8
1036,ADD,9,5
1036,REMOVE,0,2
1036,REMOVE,1,7
1036,REMOVE,2,7
1036,REMOVE,3,8
1036,REMOVE,4,7
1036,REMOVE,6,7
1036,REMOVE,7,6
1036,REMOVE,7,8
1036,REMOVE,8,7
1037,ADD,0,3
1037,ADD,1,9
1037,ADD,3,2
1037,ADD,4,2
1037,ADD,5,9
1037,ADD,6,4
1037,ADD,7,7
1037,ADD,8,7
1037,ADD,9,6
1037,REMOVE,1,8
1037,REMOVE,3,7
1037,REMOVE,4,8
1037,REMOVE,5,7
1037,REMOVE,6,2
1037,REMOVE,7,2
1037,REMOVE,8,8
1037,REMOVE,9,5
1038,ADD,0,1
1038,ADD,1,7
1038,ADD,2,3
1038,ADD,4,4
1038,ADD,5,7
1038,ADD,6,5
1038,ADD,7,2
1038,REMOVE,0,3
1038,REMOVE,0,7
1038,REMOVE,1,9
1038,REMOVE,2,2
1038,REMOVE,4,2
1038,REMOVE,5,9
1038,REMOVE,6,4
1038,REMOVE,7,7
1038,REMOVE,9,6
1039,ADD,0,2
1039,ADD,0,8
1039,ADD,2,7
1039,ADD,3,7
1039,ADD,4,7
1039,ADD,5,8
1039,ADD,6,7
1039,ADD,7,7
1039,ADD,8,5
1039,ADD,8,8
1039,REMOVE,0,1
1039,REMOVE,2,3
1039,REMOVE,3,2
1039,REMOVE,4,4
1039,REMOVE,5,7
1039,REMOVE,6,5
1039,REMOVE,7,2
1039,REMOVE,8,7
1040,ADD,0,7
1040,ADD,1,2
1040,ADD,2,4
1040,ADD,3,9
1040,ADD,6,2
1040,ADD,8,7
1040,REMOVE,0,2
1040,REMOVE,0,8
1040,REMOVE,1,7
1040,REMOVE,2,7
1040,REMOVE,3,7
1040,REMOVE,6,7
1040,REMOVE,8,5
1040,REMOVE,8,8
1041,ADD,0,2
1041,ADD,0,8
1041,ADD,1,7
1041,ADD,3,7
1041,ADD,3,8
1041,ADD,5,0
1041,ADD,8,2
1041,ADD,8,8
1041,REMOVE,0,7
1041,REMOVE,1,2
1041,REMOVE,3,9
1041,REMOVE,5,8
1041,REMOVE,8,7
1042,ADD,0,7
1042,ADD,3,2
1042,ADD,4,9
1042,ADD,5,7
1042,ADD,7,8
1042,ADD,8,9
1042,ADD,9,4
1042,REMOVE,0,8
1042,REMOVE,3,7
1042,REMOVE,3,8
1042,REMOVE,4,7
1042,REMOVE,5,0
1042,REMOVE,7,7
1042,REMOVE,8,2
1042,REMOVE,8,8
1043,ADD,2,9
1043,ADD,3,3
1043,ADD,3,7
1043,ADD,4,5
1043,ADD,5,2
1043,ADD,6,9
1043,ADD,7,1
1043,ADD,8,7
1043,REMOVE,0,7
1043,REMOVE,2,4
1043,REMOVE,3,2
1043,REMOVE,4,9
1043,REMOVE,5,7
1043,REMOVE,6,2
1043,REMOVE,7,8
1043,REMOVE,8,9
1043,REMOVE,9,4
1044,ADD,1,8
1044,ADD,3,8
1044,ADD,4,7
1044,ADD,6,6
1044,ADD,7,2
1044,REMOVE,1,7
1044,REMOVE,2,9
1044,REMOVE,3,3
1044,REMOVE,3,7
1044,REMOVE,4,5
1044,REMOVE,6,9
1044,REMOVE,7,1
1045,ADD,0,7
1045,ADD,1,5
1045,ADD,1,7
1045,ADD,2,9
1045,ADD,3,7
1045,ADD,4,4
1045,ADD,6,1
1045,ADD,7,8
1045,REMOVE,0,2
1045,REMOVE,1,8
1045,REMOVE,3,8
1045,REMOVE,4,7
1045,REMOVE,6,6
1045,REMOVE,7,2
1046,ADD,0,2
1046,ADD,0,8
1046,ADD,1,2
1046,ADD,2,0
1046,ADD,3,2
1046,ADD,3,8
1046,ADD,4,0
1046,ADD,4,7
1046,ADD,5,8
1046,ADD,6,7
1046,ADD,7,3
1046,ADD,8,8
1046,REMOVE,0,7
1046,REMOVE,1,5
1046,REMOVE,2,9
1046,REMOVE,3,7
1046,REMOVE,4,4
1046,REMOVE,5,2
1046,REMOVE,6,1
1046,REMOVE,7,8
1046,REMOVE,8,7
1047,ADD,0,3
1047,ADD,2,9
1047,ADD,3,7
1047,ADD,4,8
1047,ADD,5,7
1047,ADD,6,5
1047,ADD,6,8
1047,ADD,7,7
1047,ADD,8,7
1047,REMOVE,0,8
1047,REMOVE,2,0
1047,REMOVE,3,2
1047,REMOVE,3,8
1047,REMOVE,4,0
1047,REMOVE,4,7
1047,REMOVE,5,8
1047,REMOVE,6,7
1047,REMOVE,7,3
1048,ADD,0,9
1048,ADD,2,2
1048,ADD,2,7
1048,ADD,3,2
1048,ADD,4,7
1048,ADD,5,8
1048,ADD,6,7
1048,ADD,7,2
1048,REMOVE,0,3
1048,REMOVE,1,2
1048,REMOVE,2,9
1048,REMOVE,4,8
1048,REMOVE,5,7
1048,REMOVE,6,5
1048,REMOVE,6,8
1048,REMOVE,8,8
1049,ADD,0,7
1049,ADD,1,8
1049,ADD,2,8
1049,ADD,2,9
1049,ADD,4,2
1049,ADD,6,8
1049,REMOVE,0,2
1049,REMOVE,0,9
1049,REMOVE,1,7
1049,REMOVE,2,2
1049,REMOVE,2,7
1049,REMOVE,3,2
1049,REMOVE,4,7
1049,REMOVE,6,7
1049,REMOVE,7,7
1050,ADD,3,2
1050,ADD,4,7
1050,ADD,4,8
1050,ADD,5,7
1050,ADD,6,7
1050,ADD,8,3
1050,REMOVE,2,9
1050,REMOVE,3,7
1050,REMOVE,4,2
1050,REMOVE,5,8
1050,REMOVE,6,8
1051,ADD,0,2
1051,ADD,1,9
1051,ADD,3,7
1051,ADD,4,9
1051,ADD,5,2
1051,ADD,6,2
1051,ADD,7,4
1051,ADD,8,2
1051,ADD,9,7
1051,REMOVE,1,8
1051,REMOVE,3,2
1051,REMOVE,4,7
1051,REMOVE,4,8
1051,REMOVE,5,7
1051,REMOVE,6,7
1051,REMOVE,7,2
1051,REMOVE,8,3
1051,REMOVE,8,7
1052,ADD,0,5
1052,ADD,1,2
1052,ADD,3,2
1052,ADD,4,7
1052,ADD,5,8
1052,ADD,6,8
1052,ADD,7,8
1052,ADD,8,7
1052,REMOVE,0,2
1052,REMOVE,0,7
1052,REMOVE,1,9
1052,REMOVE,3,7
1052,REMOVE,4,9
1052,REMOVE,5,2
1052,REMOVE,6,2
1052,REMOVE,7,4
1052,REMOVE,8,2
1052,REMOVE,9,7
1053,ADD,0,2
1053,ADD,1,8
1053,ADD,2,7
1053,ADD,3,7
1053,ADD,3,8
1053,ADD,4,3
1053,ADD,5,7
1053,ADD,6,7
1053,ADD,7,7
1053,ADD,8,8
1053,REMOVE,0,5
1053,REMOVE,1,2
1053,REMOVE,2,8
1053,REMOVE,3,2
1053,REMOVE,6,8
1054,ADD,0,7
1054,ADD,1,3
1054,ADD,2,2
1054,ADD,3,2
1054,ADD,5,2
1054,ADD,6,8
1054,ADD,7,9
1054,ADD,8,2
1054,REMOVE,0,2
1054,REMOVE,1,8
1054,REMOVE,3,7
1054,REMOVE,3,8
1054,REMOVE,4,3
1054,REMOVE,5,7
1054,REMOVE,5,8
1054,REMOVE,6,7
1054,REMOVE,7,7
1054,REMOVE,7,8
1054,REMOVE,8,7
1054,REMOVE,8,8
1055,ADD,0,8
1055,ADD,1,7
1055,ADD,4,3
1055,ADD,5,3
1055,ADD,6,7
1055,ADD,7,5
1055,ADD,8,1
1055,REMOVE,0,7
1055,REMOVE,1,3
1055,REMOVE,2,2
1055,REMOVE,4,7
1055,REMOVE,5,2
1055,REMOVE,6,8
1055,REMOVE,7,9
1055,REMOVE,8,2
1056,ADD,0,7
1056,ADD,1,6
1056,ADD,4,7
1056,ADD,5,9
1056,ADD,6,0
1056,ADD,7,2
1056,REMOVE,0,8
1056,REMOVE,1,7
1056,REMOVE,3,2
1056,REMOVE,4,3
1056,REMOVE,5,3
1056,REMOVE,6,7
1056,REMOVE,7,5
1057,ADD,1,7
1057,ADD,2,8
1057,ADD,4,8
1057,ADD,5,5
1057,ADD,6,8
1057,ADD,7,5
1057,ADD,7,9
1057,ADD,8,8
1057,REMOVE,1,6
1057,REMOVE,2,7
1057,REMOVE,5,9
1057,REMOVE,6,0
1057,REMOVE,7,2
1057,REMOVE,8,1
1058,ADD,0,2
1058,ADD,1,8
1058,ADD,2,2
1058,ADD,5,9
1058,ADD,7,7
1058,ADD,8,7
1058,ADD,9,1
1058,REMOVE,0,7
1058,REMOVE,1,7
1058,REMOVE,2,8
1058,REMOVE,4,8
1058,REMOVE,5,5
1058,REMOVE,7,5
1058,REMOVE,7,9
1058,REMOVE,8,8
1059,ADD,0,4
1059,ADD,1,9
1059,ADD,2,3
1059,ADD,5,8
1059,ADD,8,2
1059,ADD,9,4
1059,REMOVE,0,2
1059,REMOVE,1,8
1059,REMOVE,5,9
1059,REMOVE,8,7
1059,REMOVE,9,1
1060,ADD,1,7
1060,ADD,2,9
1060,ADD,3,9
1060,ADD,4,8
1060,ADD,5,2
1060,ADD,5,7
1060,ADD,6,7
1060,ADD,7,2
1060,ADD,8,7
1060,REMOVE,0,4
1060,REMOVE,1,9
1060,REMOVE,2,2
1060,REMOVE,2,3
1060,REMOVE,4,7
1060,REMOVE,5,8
1060,REMOVE,6,8
1060,REMOVE,7,7
1060,REMOVE,9,4
1061,ADD,1,2
1061,ADD,2,7
1061,ADD,3,8
1061,ADD,4,2
1061,ADD,6,3
1061,ADD,6,9
1061,ADD,7,8
1061,REMOVE,1,7
1061,REMOVE,2,9
1061,REMOVE,3,9
1061,REMOVE,5,2
1061,REMOVE,6,7
1061,REMOVE,7,2
1062,ADD,1,8
1062,ADD,2,8
1062,ADD,4,7
1062,ADD,5,8
1062,ADD,6,8
1062,ADD,7,7
1062,REMOVE,3,8
1062,REMOVE,4,2
1062,REMOVE,5,7
1062,REMOVE,6,3
1062,REMOVE,6,9
1062,REMOVE,7,8
1062,REMOVE,8,2
1063,ADD,0,2
1063,ADD,1,3
1063,ADD,2,2
1063,ADD,2,9
1063,ADD,5,5
1063,ADD,7,3
1063,REMOVE,1,8
1063,REMOVE,2,7
1063,REMOVE,2,8
1063,REMOVE,4,7
1064,ADD,1,8
1064,ADD,2,7
1064,ADD,5,7
1064,ADD,6,7
1064,ADD,7,2
1064,ADD,8,3
1064,ADD,9,7
1064,REMOVE,0,2
1064,REMOVE,1,2
1064,REMOVE,1,3
1064,REMOVE,2,2
1064,REMOVE,2,9
1064,REMOVE,5,5
1064,REMOVE,5,8
1064,REMOVE,6,8
1064,REMOVE,7,3
1064,REMOVE,7,7
1064,REMOVE,8,7
1065,ADD,4,7
1065,ADD,5,8
1065,ADD,6,6
1065,ADD,7,7
1065,ADD,8,7
1065,ADD,8,8
1065,REMOVE,4,8
1065,REMOVE,5,7
1065,REMOVE,6,7
1065,REMOVE,7,2
1065,REMOVE,8,3
1065,REMOVE,9,7
1066,ADD,0,2
1066,ADD,1,7
1066,ADD,4,8
1066,ADD,5,2
1066,ADD,5,3
1066,ADD,6,1
1066,ADD,7,8
1066,REMOVE,1,8
1066,REMOVE,2,7
1066,REMOVE,4,7
1066,REMOVE,5,8
1066,REMOVE,6,6
1066,REMOVE,8,8
1067,ADD,1,8
1067,ADD,2,2
1067,ADD,3,7
1067,ADD,4,2
1067,ADD,5,8
1067,ADD,6,7
1067,ADD,8,8
1067,REMOVE,0,2
1067,REMOVE,1,7
1067,REMOVE,4,8
1067,REMOVE,5,2
1067,REMOVE,5,3
1067,REMOVE,6,1
1067,REMOVE,7,8
1068,ADD,1,7
1068,ADD,3,8
1068,ADD,4,7
1068,ADD,5,3
1068,ADD,5,7
1068,ADD,6,5
1068,ADD,6,8
1068,ADD,7,8
1068,ADD,7,9
1068,ADD,8,2
1068,REMOVE,3,7
1068,REMOVE,4,2
1068,REMOVE,5,8
1068,REMOVE,6,7
1068,REMOVE,7,7
1068,REMOVE,8,7
1068,REMOVE,8,8
1069,ADD,0,9
1069,ADD,2,7
1069,ADD,3,2
1069,ADD,4,1
1069,ADD,4,3
1069,ADD,6,7
1069,ADD,7,2
1069,REMOVE,1,8
1069,REMOVE,2,2
1069,REMOVE,3,8
1069,REMOVE,4,7
1069,REMOVE,5,3
1069,REMOVE,6,5
1069,REMOVE,6,8
1069,REMOVE,7,9
1070,ADD,0,7
1070,ADD,1,4
1070,ADD,2,8
1070,ADD,3,7
1070,ADD,4,7
1070,ADD,4,8
1070,ADD,6,4
1070,ADD,7,7
1070,ADD,8,7
1070,REMOVE,0,9
1070,REMOVE,1,7
1070,REMOVE,2,7
1070,REMOVE,3,2
1070,REMOVE,4,1
1070,REMOVE,4,3
1070,REMOVE,6,7
1070,REMOVE,7,2
1070,REMOVE,7,8
1070,REMOVE,8,2
1071,ADD,0,3
1071,ADD,1,2
1071,ADD,2,7
1071,ADD,3,8
1071,ADD,6,7
1071,ADD,8,8
1071,ADD,9,1
1071,REMOVE,0,7
1071,REMOVE,1,4
1071,REMOVE,2,8
1071,REMOVE,3,7
1071,REMOVE,4,8
1071,REMOVE,6,4
1072,ADD,0,2
1072,ADD,1,7
1072,ADD,3,2
1072,ADD,6,9
1072,ADD,7,2
1072,ADD,8,2
1072,REMOVE,0,3
1072,REMOVE,1,2
1072,REMOVE,2,7
1072,REMOVE,3,8
1072,REMOVE,6,7
1072,REMOVE,7,7
1072,REMOVE,8,7
1072,REMOVE,8,8
1072,REMOVE,9,1
1073,ADD,3,8
1073,ADD,4,2
1073,ADD,4,8
1073,ADD,5,2
1073,ADD,6,7
1073,ADD,7,7
1073,ADD,8,8
1073,ADD,9,8
1073,REMOVE,0,2
1073,REMOVE,3,2
1073,REMOVE,4,7
1073,REMOVE,5,7
1073,REMOVE,6,9
1073,REMOVE,7,2
1073,REMOVE,8,2
1074,ADD,1,2
1074,ADD,2,5
1074,ADD,4,7
1074,ADD,5,7
1074,REMOVE,3,8
1074,REMOVE,4,2
1074,REMOVE,4,8
1074,REMOVE,9,8
1075,ADD,3,3
1075,ADD,8,7
1075,ADD,9,7
1075,ADD,9,8
1075,REMOVE,1,2
1075,REMOVE,2,5
1075,REMOVE,5,2
1075,REMOVE,8,8
1076,ADD,2,2
1076,ADD,3,8
1076,ADD,5,8
1076,ADD,9,2
1076,ADD,9,9
1076,REMOVE,3,3
1076,REMOVE,5,7
1076,REMOVE,9,7
1076,REMOVE,9,8
1077,ADD,2,3
1077,ADD,3,5
1077,ADD,3,9
1077,ADD,4,2
1077,ADD,6,2
1077,ADD,7,8
1077,ADD,8,2
1077,ADD,9,7
1077,ADD,9,8
1077,REMOVE,2,2
1077,REMOVE,3,8
1077,REMOVE,5,8
1077,REMOVE,6,7
1077,REMOVE,7,7
1077,REMOVE,9,2
1077,REMOVE,9,9
1078,ADD,0,7
1078,ADD,1,2
1078,ADD,3,2
1078,ADD,5,3
1078,ADD,5,7
1078,ADD,6,7
1078,ADD,7,7
1078,ADD,9,2
1078,REMOVE,1,7
1078,REMOVE,2,3
1078,REMOVE,3,5
1078,REMOVE,3,9
1078,REMOVE,4,2
1078,REMOVE,6,2
1078,REMOVE,7,8
1078,REMOVE,8,2
1078,REMOVE,9,8
1079,ADD,1,7
1079,ADD,3,5
1079,ADD,6,1
1079,ADD,7,8
1079,ADD,7,9
1079,ADD,9,3
1079,REMOVE,3,2
1079,REMOVE,5,3
1079,REMOVE,5,7
1079,REMOVE,6,7
1079,REMOVE,7,7
1079,REMOVE,9,7
1080,ADD,0,8
1080,ADD,1,8
1080,ADD,4,8
1080,ADD,5,7
1080,ADD,6,8
1080,ADD,7,2
1080,ADD,8,4
1080,ADD,9,7
1080,ADD,9,8
1080,REMOVE,1,2
1080,REMOVE,1,7
1080,REMOVE,3,5
1080,REMOVE,6,1
1080,REMOVE,7,8
1080,REMOVE,7,9
1080,REMOVE,8,7
1080,REMOVE,9,2
1080,REMOVE,9,3
1081,ADD,1,2
1081,ADD,4,2
1081,ADD,5,6
1081,ADD,7,7
1081,ADD,7,8
1081,ADD,8,7
1081,ADD,8,8
1081,ADD,9,2
1081,REMOVE,1,8
1081,REMOVE,4,8
1081,REMOVE,5,7
1081,REMOVE,7,2
1081,REMOVE,8,4
1081,REMOVE,9,8
1082,ADD,0,3
1082,ADD,0,5
1082,ADD,1,7
1082,ADD,2,7
1082,ADD,4,8
1082,ADD,5,7
1082,ADD,5,8
1082,REMOVE,0,7
1082,REMOVE,0,8
1082,REMOVE,1,2
1082,REMOVE,4,2
1082,REMOVE,4,7
1082,REMOVE,5,6
1082,REMOVE,7,8
1082,REMOVE,8,8
1083,ADD,0,7
1083,ADD,4,7
1083,ADD,7,3
1083,ADD,8,2
1083,REMOVE,0,3
1083,REMOVE,0,5
1083,REMOVE,2,7
1083,REMOVE,4,8
1083,REMOVE,6,8
1084,ADD,0,2
1084,ADD,0,3
1084,ADD,1,8
1084,ADD,3,2
1084,ADD,3,8
1084,ADD,4,8
1084,ADD,6,7
1084,ADD,8,8
1084,ADD,9,8
1084,REMOVE,0,7
1084,REMOVE,4,7
1084,REMOVE,5,7
1084,REMOVE,7,3
1084,REMOVE,7,7
1084,REMOVE,8,7
1084,REMOVE,9,2
1085,ADD,0,7
1085,ADD,1,4
1085,ADD,2,2
1085,ADD,3,7
1085,ADD,6,0
1085,ADD,7,6
1085,REMOVE,0,2
1085,REMOVE,0,3
1085,REMOVE,1,7
1085,REMOVE,1,8
1085,REMOVE,3,2
1085,REMOVE,3,8
1085,REMOVE,6,7
1085,REMOVE,8,8
1085,REMOVE,9,8
1086,ADD,0,8
1086,ADD,1,7
1086,ADD,1,8
1086,ADD,2,7
1086,ADD,3,4
1086,ADD,5,4
1086,ADD,6,9
1086,ADD,8,7
1086,ADD,9,8
1086,REMOVE,0,7
1086,REMOVE,1,4
1086,REMOVE,2,2
1086,REMOVE,3,7
1086,REMOVE,5,8
1086,REMOVE,6,0
1086,REMOVE,8,2
1087,ADD,0,2
1087,ADD,4,7
1087,ADD,5,6
1087,ADD,6,2
1087,ADD,7,2
1087,ADD,8,9
1087,REMOVE,0,8
1087,REMOVE,1,8
1087,REMOVE,2,7
1087,REMOVE,3,4
1087,REMOVE,5,4
1087,REMOVE,6,9
1087,REMOVE,7,6
1087,REMOVE,8,7
1087,REMOVE,9,8
1088,ADD,0,7
1088,ADD,2,2
1088,ADD,3,7
1088,ADD,5,9
1088,ADD,6,8
1088,ADD,7,1
1088,ADD,8,7
1088,ADD,9,2
1088,REMOVE,4,8
1088,REMOVE,5,6
1088,REMOVE,6,2
1088,REMOVE,7,2
1088,REMOVE,8,9
1089,ADD,0,8
1089,ADD,1,2
1089,ADD,3,8
1089,ADD,4,2
1089,ADD,5,7
1089,ADD,7,7
1089,REMOVE,0,7
1089,REMOVE,1,7
1089,REMOVE,2,2
1089,REMOVE,3,7
1089,REMOVE,4,7
1089,REMOVE,5,9
1089,REMOVE,7,1
1090,ADD,0,7
1090,ADD,1,7
1090,ADD,2,2
1090,ADD,3,3
1090,ADD,3,7
1090,ADD,4,7
1090,ADD,5,2
1090,ADD,5,9
1090,ADD,6,2
1090,ADD,7,8
1090,ADD,8,3
1090,REMOVE,0,2
1090,REMOVE,0,8
1090,REMOVE,1,2
1090,REMOVE,3,8
1090,REMOVE,4,2
1090,REMOVE,5,7
1090,REMOVE,6,8
1090,REMOVE,7,7
1091,ADD,2,4
1091,ADD,4,2
1091,ADD,4,8
1091,ADD,5,7
1091,ADD,6,7
1091,ADD,7,7
1091,ADD,8,8
1091,REMOVE,2,2
1091,REMOVE,3,3
1091,REMOVE,3,7
1091,REMOVE,4,7
1091,REMOVE,5,2
1091,REMOVE,5,9
1091,REMOVE,6,2
1091,REMOVE,7,8
1091,REMOVE,8,3
1091,REMOVE,8,7
1092,ADD,0,8
1092,ADD,6,9
1092,ADD,8,7
1092,REMOVE,2,4
1092,REMOVE,4,8
1092,REMOVE,6,7
1092,REMOVE,8,8
1092,REMOVE,9,2
1093,ADD,1,2
1093,ADD,4,8
1093,ADD,5,8
1093,ADD,6,8
1093,ADD,8,8
1093,ADD,9,2
1093,REMOVE,0,8
1093,REMOVE,1,7
1093,REMOVE,4,2
1093,REMOVE,5,7
1093,REMOVE,6,9
1094,ADD,0,8
1094,ADD,1,8
1094,ADD,2,9
1094,ADD,4,7
1094,ADD,5,2
1094,ADD,8,0
1094,REMOVE,1,2
1094,REMOVE,4,8
1094,REMOVE,5,8
1094,REMOVE,8,7
1094,REMOVE,8,8
1095,ADD,1,7
1095,ADD,2,1
1095,ADD,5,7
1095,ADD,6,7
1095,ADD,7,2
1095,ADD,8,2
1095,ADD,8,7
1095,REMOVE,0,8
1095,REMOVE,1,8
1095,REMOVE,2,9
1095,REMOVE,5,2
1095,REMOVE,6,8
1095,REMOVE,8,0
1096,ADD,0,8
1096,ADD,1,9
1096,ADD,3,7
1096,ADD,3,8
1096,ADD,4,2
1096,ADD,6,3
1096,REMOVE,0,7
1096,REMOVE,1,7
1096,REMOVE,7,2
1097,ADD,0,7
1097,ADD,1,7
1097,ADD,5,2
1097,ADD,7,2
1097,REMOVE,1,9
1097,REMOVE,3,8
1097,REMOVE,4,2
1097,REMOVE,6,7
1098,ADD,0,2
1098,ADD,1,2
1098,ADD,2,8
1098,ADD,4,6
1098,ADD,4,8
1098,ADD,5,8
1098,ADD,6,5
1098,REMOVE,0,7
1098,REMOVE,0,8
1098,REMOVE,2,1
1098,REMOVE,4,7
1098,REMOVE,5,2
1098,REMOVE,6,3
1098,REMOVE,7,2
1099,ADD,0,7
1099,ADD,0,8
1099,ADD,2,4
1099,ADD,3,8
1099,ADD,4,2
1099,ADD,4,9
1099,ADD,5,2
1099,ADD,6,7
1099,REMOVE,0,2
1099,REMOVE,1,7
1099,REMOVE,2,8
1099,REMOVE,3,7
1099,REMOVE,4,6
1099,REMOVE,4,8
1099,REMOVE,5,7
1099,REMOVE,5,8
1099,REMOVE,6,5
1100,ADD,0,2
1100,ADD,1,7
1100,ADD,1,8
1100,ADD,2,7
1100,ADD,2,8
1100,ADD,3,3
1100,ADD,3,7
1100,ADD,4,7
1100,ADD,5,8
1100,ADD,6,5
1100,REMOVE,0,7
1100,REMOVE,1,2
1100,REMOVE,2,4
1100,REMOVE,3,8
1100,REMOVE,4,2
1100,REMOVE,4,9
1100,REMOVE,5,2
1100,REMOVE,6,7
1100,REMOVE,8,2
1101,ADD,1,2
1101,ADD,2,2
1101,ADD,5,7
1101,ADD,6,7
1101,ADD,9,8
1101,REMOVE,1,8
1101,REMOVE,2,7
1101,REMOVE,2,8
1101,REMOVE,3,3
1101,REMOVE,5,8
1101,REMOVE,6,5
1101,REMOVE,9,2
1102,ADD,0,7
1102,ADD,1,8
1102,ADD,2,7
1102,ADD,3,2
1102,ADD,3,9
1102,ADD,4,8
1102,ADD,5,8
1102,ADD,6,2
1102,ADD,6,8
1102,ADD,7,2
1102,ADD,8,2
1102,ADD,9,2
1102,REMOVE,0,8
1102,REMOVE,1,2
1102,REMOVE,1,7
1102,REMOVE,2,2
1102,REMOVE,3,7
1102,REMOVE,6,7
1102,REMOVE,9,8
1103,ADD,0,8
1103,ADD,6,7
1103,ADD,8,8
1103,REMOVE,0,2
1103,REMOVE,3,2
1103,REMOVE,3,9
1103,REMOVE,4,8
1103,REMOVE,5,8
1103,REMOVE,6,2
1103,REMOVE,6,8
1103,REMOVE,8,2
1104,ADD,1,2
1104,ADD,1,9
1104,ADD,4,8
1104,ADD,7,8
1104,REMOVE,0,8
1104,REMOVE,1,8
1104,REMOVE,4,7
1104,REMOVE,7,2
1104,REMOVE,7,7
1104,REMOVE,8,8
1105,ADD,0,2
1105,ADD,3,7
1105,ADD,4,7
1105,ADD,5,3
1105,ADD,8,2
1105,REMOVE,0,7
1105,REMOVE,1,9
1105,REMOVE,4,8
1105,REMOVE,5,7
1106,ADD,0,7
1106,ADD,1,7
1106,ADD,2,2
1106,ADD,3,2
1106,ADD,4,2
1106,ADD,5,2
1106,ADD,5,7
1106,ADD,6,8
1106,ADD,7,2
1106,ADD,7,7
1106,REMOVE,5,3
1106,REMOVE,7,8
1107,ADD,5,8
1107,REMOVE,0,2
1107,REMOVE,1,2
1107,REMOVE,2,2
1107,REMOVE,4,2
1107,REMOVE,5,2
1107,REMOVE,7,2
1108,ADD,2,2
1108,ADD,3,1
1108,ADD,4,9
1108,ADD,6,2
1108,ADD,7,8
1108,REMOVE,2,7
1108,REMOVE,3,2
1108,REMOVE,3,7
1108,REMOVE,4,7
1108,REMOVE,5,7
1108,REMOVE,6,7
1108,REMOVE,6,8
1108,REMOVE,7,7
1108,REMOVE,8,2
1108,REMOVE,8,7
1108,REMOVE,9,2
1109,ADD,0,8
1109,ADD,1,8
1109,ADD,2,9
1109,ADD,3,7
1109,ADD,4,2
1109,ADD,5,4
1109,ADD,6,9
1109,ADD,7,7
1109,ADD,8,8
1109,ADD,9,2
1109,ADD,9,8
1109,REMOVE,0,7
1109,REMOVE,1,7
1109,REMOVE,2,2
1109,REMOVE,3,1
1109,REMOVE,4,9
1109,REMOVE,5,8
1109,REMOVE,6,2
1109,REMOVE,7,8
1109,REMOVE,9,7
1110,ADD,0,7
1110,ADD,1,7
1110,ADD,2,4
1110,ADD,3,2
1110,ADD,4,8
1110,ADD,5,7
1110,ADD,6,7
1110,ADD,7,8
1110,ADD,9,7
1110,REMOVE,0,8
1110,REMOVE,2,9
1110,REMOVE,4,2
1110,REMOVE,5,4
1110,REMOVE,6,9
1110,REMOVE,9,2
1111,ADD,1,2
1111,ADD,2,2
1111,ADD,4,7
1111,ADD,5,2
1111,ADD,6,2
1111,ADD,8,2
1111,ADD,8,7
1111,REMOVE,1,8
1111,REMOVE,2,4
1111,REMOVE,3,7
1111,REMOVE,4,8
1111,REMOVE,5,7
1111,REMOVE,7,8
1111,REMOVE,8,8
1112,ADD,1,8
1112,ADD,2,7
1112,ADD,4,2
1112,ADD,5,7
1112,ADD,8,8
1112,REMOVE,1,2
1112,REMOVE,1,7
1112,REMOVE,2,2
1112,REMOVE,3,2
1112,REMOVE,5,2
1112,REMOVE,6,2
1112,REMOVE,8,2
1112,REMOVE,9,8
1113,ADD,0,8
1113,ADD,1,7
1113,ADD,3,8
1113,ADD,5,8
1113,ADD,5,9
1113,ADD,9,2
1113,REMOVE,2,7
1113,REMOVE,5,7
1114,ADD,0,2
1114,ADD,2,7
1114,ADD,3,7
1114,ADD,5,3
1114,ADD,5,7
1114,ADD,8,2
1114,REMOVE,0,7
1114,REMOVE,0,8
1114,REMOVE,1,8
1114,REMOVE,3,8
1114,REMOVE,5,8
1114,REMOVE,5,9
1114,REMOVE,8,8
1115,ADD,0,7
1115,ADD,1,8
1115,ADD,2,2
1115,ADD,3,2
1115,ADD,6,8
1115,ADD,7,2
1115,ADD,8,8
1115,REMOVE,0,2
1115,REMOVE,2,7
1115,REMOVE,4,2
1115,REMOVE,5,3
1115,REMOVE,7,7
1115,REMOVE,8,2
1116,ADD,0,2
1116,ADD,0,8
1116,ADD,1,2
1116,ADD,2,7
1116,ADD,4,4
1116,ADD,7,7
1116,ADD,8,2
1116,REMOVE,0,7
1116,REMOVE,1,7
1116,REMOVE,2,2
1116,REMOVE,3,2
1116,REMOVE,4,7
1116,REMOVE,6,8
1116,REMOVE,7,2
1116,REMOVE,8,8
1117,ADD,2,9
1117,ADD,4,7
1117,ADD,5,8
1117,ADD,6,8
1117,ADD,7,8
1117,REMOVE,0,8
1117,REMOVE,2,7
1117,REMOVE,4,4
1117,REMOVE,6,7
1117,REMOVE,7,7
1117,REMOVE,8,2
1117,REMOVE,9,2
1118,ADD,0,7
1118,ADD,1,7
1118,ADD,2,7
1118,ADD,4,8
1118,ADD,6,7
1118,ADD,7,7
1118,ADD,9,2
1118,REMOVE,0,2
1118,REMOVE,1,8
1118,REMOVE,2,9
1118,REMOVE,5,8
1119,ADD,0,2
1119,ADD,8,8
1119,ADD,9,8
1119,REMOVE,1,2
1119,REMOVE,4,8
1119,REMOVE,7,8
1119,REMOVE,9,2
1120,ADD,0,3
1120,ADD,2,8
1120,ADD,3,3
1120,ADD,4,8
1120,ADD,7,2
1120,ADD,9,2
1120,REMOVE,0,2
1120,REMOVE,2,7
1120,REMOVE,6,7
1120,REMOVE,7,7
1120,REMOVE,8,8
1120,REMOVE,9,8
1121,ADD,0,8
1121,ADD,1,2
1121,ADD,3,8
1121,ADD,7,7
1121,REMOVE,0,3
1121,REMOVE,3,3
1121,REMOVE,3,7
1121,REMOVE,7,2
1121,REMOVE,9,2
1122,ADD,2,2
1122,ADD,3,7
1122,ADD,4,2
1122,ADD,5,8
1122,ADD,6,7
1122,ADD,9,8
1122,REMOVE,1,2
1122,REMOVE,2,8
1122,REMOVE,4,7
1122,REMOVE,5,7
1122,REMOVE,6,8
1123,ADD,1,2
1123,ADD,3,2
1123,ADD,4,7
1123,ADD,5,5
1123,ADD,7,2
1123,ADD,8,2
1123,ADD,8,8
1123,ADD,9,2
1123,REMOVE,2,2
1123,REMOVE,3,7
1123,REMOVE,4,2
1123,REMOVE,4,8
1123,REMOVE,6,7
1123,REMOVE,7,7
1123,REMOVE,8,7
1123,REMOVE,9,8
1124,ADD,1,8
1124,ADD,2,3
1124,ADD,4,8
1124,ADD,5,9
1124,ADD,6,7
1124,REMOVE,1,2
1124,REMOVE,1,7
1124,REMOVE,3,2
1124,REMOVE,4,7
1124,REMOVE,5,5
1124,REMOVE,5,8
1124,REMOVE,8,2
1124,REMOVE,8,8
1125,ADD,0,2
1125,ADD,1,2
1125,ADD,1,7
1125,ADD,2,7
1125,ADD,3,2
1125,ADD,3,7
1125,ADD,4,2
1125,ADD,5,7
1125,ADD,6,8
1125,ADD,7,7
1125,ADD,8,2
1125,ADD,8,7
1125,REMOVE,0,8
1125,REMOVE,1,8
1125,REMOVE,2,3
1125,REMOVE,3,8
1125,REMOVE,4,8
1125,REMOVE,5,9
1125,REMOVE,6,7
1126,ADD,2,8
1126,ADD,7,8
1126,REMOVE,2,7
1126,REMOVE,3,2
1126,REMOVE,7,2
1126,REMOVE,7,7
1126,REMOVE,8,2
1127,ADD,0,8
1127,ADD,3,8
1127,ADD,4,7
1127,ADD,5,2
1127,ADD,6,7
1127,ADD,8,2
1127,REMOVE,0,2
1127,REMOVE,1,2
1127,REMOVE,4,2
1127,REMOVE,5,7
1127,REMOVE,6,8
1128,ADD,1,2
1128,ADD,2,9
1128,ADD,4,2
1128,ADD,4,9
1128,ADD,5,8
1128,ADD,6,9
1128,REMOVE,0,8
1128,REMOVE,1,7
1128,REMOVE,2,8
1128,REMOVE,3,8
1128,REMOVE,4,7
1128,REMOVE,5,2
1128,REMOVE,6,7
1129,ADD,1,7
1129,ADD,2,7
1129,ADD,3,2
1129,ADD,4,3
1129,ADD,5,7
1129,ADD,6,2
1129,ADD,9,8
1129,REMOVE,1,2
1129,REMOVE,2,9
1129,REMOVE,4,2
1129,REMOVE,4,9
1129,REMOVE,6,9
1129,REMOVE,8,2
1129,REMOVE,9,2
1130,ADD,0,2
1130,ADD,2,2
1130,ADD,4,5
1130,ADD,7,5
1130,ADD,8,2
1130,ADD,8,8
1130,ADD,9,2
1130,REMOVE,0,7
1130,REMOVE,2,7
1130,REMOVE,3,2
1130,REMOVE,4,3
1130,REMOVE,5,8
1130,REMOVE,6,2
1130,REMOVE,7,8
1130,REMOVE,8,7
1130,REMOVE,9,8
1131,ADD,0,7
1131,ADD,1,2
1131,ADD,2,7
1131,ADD,3,1
1131,ADD,3,3
1131,ADD,4,7
1131,ADD,5,2
1131,ADD,6,8
1131,ADD,7,7
1131,ADD,8,3
1131,REMOVE,0,2
1131,REMOVE,2,2
1131,REMOVE,3,7
1131,REMOVE,4,5
1131,REMOVE,5,7
1131,REMOVE,7,5
1131,REMOVE,8,2
1131,REMOVE,8,8
1131,REMOVE,9,2
1132,ADD,3,2
1132,ADD,5,6
1132,ADD,5,8
1132,ADD,6,2
1132,ADD,8,7
1132,ADD,9,2
1132,REMOVE,1,2
1132,REMOVE,3,1
1132,REMOVE,3,3
1132,REMOVE,5,2
1132,REMOVE,8,3
1133,ADD,0,2
1133,ADD,3,7
1133,ADD,4,8
1133,ADD,5,4
1133,ADD,6,7
1133,ADD,7,3
1133,ADD,8,2
1133,ADD,9,8
1133,REMOVE,3,2
1133,REMOVE,4,7
1133,REMOVE,5,6
1133,REMOVE,5,8
1133,REMOVE,6,2
1133,REMOVE,6,8
1133,REMOVE,9,2
1134,ADD,0,3
1134,ADD,1,3
1134,ADD,2,9
1134,ADD,3,2
1134,ADD,4,7
1134,ADD,5,8
1134,ADD,6,2
1134,ADD,7,2
1134,ADD,8,8
1134,ADD,9,2
1134,REMOVE,0,2
1134,REMOVE,1,7
1134,REMOVE,2,7
1134,REMOVE,3,7
1134,REMOVE,4,8
1134,REMOVE,5,4
1134,REMOVE,6,7
1134,REMOVE,7,3
1134,REMOVE,8,2
1134,REMOVE,9,8
1135,ADD,0,2
1135,ADD,1,2
1135,ADD,2,7
1135,ADD,3,7
1135,ADD,4,8
1135,ADD,5,7
1135,ADD,6,9
1135,ADD,7,8
1135,ADD,9,8
1135,REMOVE,0,3
1135,REMOVE,0,7
1135,REMOVE,2,9
1135,REMOVE,4,7
1135,REMOVE,6,2
1135,REMOVE,7,7
1135,REMOVE,9,2
1136,ADD,0,7
1136,ADD,3,8
1136,ADD,4,7
1136,ADD,5,3
1136,ADD,6,7
1136,ADD,7,7
1136,REMOVE,0,2
1136,REMOVE,3,2
1136,REMOVE,4,8
1136,REMOVE,5,7
1136,REMOVE,5,8
1136,REMOVE,6,9
1136,REMOVE,7,8
1137,ADD,0,5
1137,ADD,1,7
1137,ADD,2,2
1137,ADD,5,8
1137,ADD,7,8
1137,ADD,7,9
1137,REMOVE,0,7
1137,REMOVE,1,2
1137,REMOVE,1,3
1137,REMOVE,2,7
1137,REMOVE,5,3
1137,REMOVE,7,2
1137,REMOVE,7,7
1137,REMOVE,8,8
1137,REMOVE,9,8
1138,ADD,0,7
1138,ADD,1,8
1138,ADD,2,7
1138,ADD,2,8
1138,ADD,5,1
1138,ADD,9,2
1138,REMOVE,0,5
1138,REMOVE,2,2
1138,REMOVE,3,8
1138,REMOVE,5,8
1138,REMOVE,7,9
1139,ADD,0,2
1139,ADD,1,2
1139,ADD,3,2
1139,ADD,5,7
1139,ADD,6,5
1139,ADD,6,8
1139,ADD,7,2
1139,ADD,8,3
1139,REMOVE,0,7
1139,REMOVE,1,8
1139,REMOVE,2,7
1139,REMOVE,3,7
1139,REMOVE,5,1
1139,REMOVE,6,7
1139,REMOVE,7,8
1139,REMOVE,8,7
1140,ADD,0,7
1140,ADD,2,2
1140,ADD,3,7
1140,ADD,3,8
1140,ADD,4,3
1140,ADD,5,1
1140,ADD,6,7
1140,ADD,7,7
1140,ADD,8,7
1140,REMOVE,1,2
1140,REMOVE,2,8
1140,REMOVE,3,2
1140,REMOVE,5,7
1140,REMOVE,6,5
1140,REMOVE,6,8
1140,REMOVE,7,2
1140,REMOVE,8,3
1141,ADD,1,2
1141,ADD,2,8
1141,ADD,3,2
1141,ADD,4,2
1141,ADD,5,2
1141,ADD,5,7
1141,ADD,7,8
1141,ADD,8,2
1141,REMOVE,2,2
1141,REMOVE,3,8
1141,REMOVE,4,3
1141,REMOVE,5,1
1141,REMOVE,7,7
1142,ADD,1,8
1142,ADD,6,2
1142,ADD,7,7
1142,REMOVE,0,2
1142,REMOVE,1,2
1142,REMOVE,1,7
1142,REMOVE,4,7
1142,REMOVE,5,2
1142,REMOVE,6,7
1142,REMOVE,7,8
1142,REMOVE,8,2
1143,ADD,0,9
1143,ADD,1,7
1143,ADD,2,7
1143,ADD,4,7
1143,ADD,6,7
1143,ADD,8,2
1143,ADD,9,8
1143,REMOVE,0,7
1143,REMOVE,1,8
1143,REMOVE,2,8
1143,REMOVE,4,2
1143,REMOVE,6,2
1143,REMOVE,8,7
1143,REMOVE,9,2
1144,ADD,0,7
1144,ADD,1,4
1144,ADD,3,8
1144,ADD,4,8
1144,ADD,5,8
1144,ADD,7,8
1144,ADD,8,8
1144,REMOVE,0,9
1144,REMOVE,1,7
1144,REMOVE,3,2
1144,REMOVE,3,7
1144,REMOVE,4,7
1144,REMOVE,5,7
1144,REMOVE,8,2
1145,ADD,0,2
1145,ADD,0,8
1145,ADD,1,7
1145,ADD,2,8
1145,ADD,3,2
1145,ADD,4,2
1145,ADD,4,7
1145,ADD,5,7
1145,ADD,6,8
1145,ADD,8,2
1145,ADD,8,7
1145,ADD,9,2
1145,REMOVE,0,7
1145,REMOVE,1,4
1145,REMOVE,2,7
1145,REMOVE,3,8
1145,REMOVE,4,8
1145,REMOVE,5,8
1145,REMOVE,6,7
1145,REMOVE,7,8
1145,REMOVE,8,8
1145,REMOVE,9,8
1146,ADD,0,7
1146,ADD,1,8
1146,ADD,2,2
1146,ADD,3,5
1146,ADD,6,7
1146,ADD,9,8
1146,REMOVE,0,2
1146,REMOVE,2,8
1146,REMOVE,3,2
1146,REMOVE,6,8
1146,REMOVE,9,2
1147,ADD,0,2
1147,ADD,2,3
1147,ADD,2,7
1147,ADD,3,7
1147,ADD,5,2
1147,ADD,6,8
1147,ADD,7,8
1147,REMOVE,0,7
1147,REMOVE,1,8
1147,REMOVE,2,2
1147,REMOVE,3,5
1147,REMOVE,4,7
1147,REMOVE,6,7
1147,REMOVE,8,2
1147,REMOVE,9,8
1148,ADD,0,7
1148,ADD,1,2
1148,ADD,2,9
1148,ADD,3,2
1148,ADD,3,9
1148,ADD,4,7
1148,ADD,4,8
1148,ADD,5,8
1148,ADD,6,7
1148,ADD,7,3
1148,ADD,8,2
1148,ADD,9,8
1148,REMOVE,0,2
1148,REMOVE,0,8
1148,REMOVE,2,3
1148,REMOVE,2,7
1148,REMOVE,3,7
1148,REMOVE,4,2
1148,REMOVE,5,2
1148,REMOVE,5,7
1148,REMOVE,6,8
1148,REMOVE,7,8
1148,REMOVE,8,7
1149,ADD,2,7
1149,ADD,3,7
1149,ADD,5,7
1149,ADD,8,7
1149,REMOVE,1,2
1149,REMOVE,2,9
1149,REMOVE,3,9
1149,REMOVE,4,8
1149,REMOVE,5,8
1149,REMOVE,7,3
1150,ADD,0,8
1150,ADD,1,6
1150,ADD,1,8
1150,ADD,5,4
1150,ADD,7,8
1150,REMOVE,0,7
1150,REMOVE,1,7
1150,REMOVE,3,2
1150,REMOVE,5,7
1150,REMOVE,7,7
1151,ADD,0,7
1151,ADD,1,2
1151,ADD,2,4
1151,ADD,3,5
1151,ADD,4,3
1151,ADD,5,7
1151,ADD,7,6
1151,REMOVE,0,8
1151,REMOVE,1,6
1151,REMOVE,1,8
1151,REMOVE,2,7
1151,REMOVE,5,4
1151,REMOVE,8,2
1151,REMOVE,9,8
1152,ADD,0,8
1152,ADD,1,8
1152,ADD,2,8
1152,ADD,5,8
1152,ADD,6,2
1152,ADD,7,7
1152,ADD,8,2
1152,REMOVE,1,2
1152,REMOVE,2,4
1152,REMOVE,3,5
1152,REMOVE,3,7
1152,REMOVE,4,3
1152,REMOVE,5,7
1152,REMOVE,6,7
1152,REMOVE,7,6
1152,REMOVE,7,8
1153,ADD,1,2
1153,ADD,1,7
1153,ADD,2,2
1153,ADD,3,7
1153,ADD,4,2
1153,ADD,5,7
1153,ADD,6,7
1153,ADD,7,2
1153,ADD,8,8
1153,ADD,9,2
1153,REMOVE,0,8
1153,REMOVE,1,8
1153,REMOVE,2,8
1153,REMOVE,4,7
1153,REMOVE,5,8
1153,REMOVE,6,2
1153,REMOVE,8,2
1154,ADD,0,2
1154,ADD,0,3
1154,ADD,2,9
1154,ADD,3,8
1154,ADD,5,3
1154,ADD,6,8
1154,REMOVE,0,7
1154,REMOVE,1,2
1154,REMOVE,2,2
1154,REMOVE,3,7
1154,REMOVE,4,2
1154,REMOVE,6,7
1154,REMOVE,7,2
1155,ADD,0,8
1155,ADD,1,3
1155,ADD,2,2
1155,ADD,2,7
1155,ADD,3,7
1155,ADD,5,4
1155,REMOVE,0,2
1155,REMOVE,0,3
1155,REMOVE,2,9
1155,REMOVE,3,8
1155,REMOVE,5,3
1155,REMOVE,5,7
1155,REMOVE,8,8
1156,ADD,0,7
1156,ADD,1,8
1156,ADD,5,9
1156,ADD,6,7
1156,ADD,9,3
1156,REMOVE,0,8
1156,REMOVE,1,3
1156,REMOVE,5,4
1156,REMOVE,6,8
1156,REMOVE,9,2
1157,ADD,0,2
1157,ADD,1,3
1157,ADD,3,2
1157,ADD,3,9
1157,ADD,5,7
1157,ADD,6,5
1157,ADD,7,6
1157,ADD,8,8
1157,REMOVE,0,7
1157,REMOVE,1,8
1157,REMOVE,3,7
1157,REMOVE,5,9
1157,REMOVE,6,7
1157,REMOVE,7,7
1157,REMOVE,9,3
1158,ADD,0,8
1158,ADD,1,2
1158,ADD,3,7
1158,ADD,3,8
1158,ADD,4,7
1158,ADD,6,7
1158,ADD,7,8
1158,ADD,8,9
1158,REMOVE,0,2
1158,REMOVE,1,3
1158,REMOVE,1,7
1158,REMOVE,2,2
1158,REMOVE,3,2
1158,REMOVE,3,9
1158,REMOVE,6,5
1158,REMOVE,7,6
1158,REMOVE,8,7
1158,REMOVE,8,8
1159,ADD,0,6
1159,ADD,1,7
1159,ADD,2,8
1159,ADD,2,9
1159,ADD,3,6
1159,ADD,4,8
1159,ADD,6,8
1159,ADD,7,2
1159,ADD,8,7
1159,ADD,8,8
1159,ADD,9,8
1159,REMOVE,0,8
1159,REMOVE,1,2
1159,REMOVE,2,7
1159,REMOVE,3,7
1159,REMOVE,3,8
1159,REMOVE,4,7
1159,REMOVE,6,7
1159,REMOVE,7,8
1159,REMOVE,8,9
1160,ADD,0,2
1160,ADD,0,7
1160,ADD,2,7
1160,ADD,3,7
1160,ADD,5,8
1160,ADD,7,7
1160,ADD,8,2
1160,REMOVE,0,6
1160,REMOVE,2,9
1160,REMOVE,3,6
1160,REMOVE,4,8
1160,REMOVE,8,8
1161,ADD,0,8
1161,ADD,2,2
1161,ADD,3,8
1161,ADD,5,9
1161,ADD,6,2
1161,ADD,7,8
1161,ADD,8,8
1161,ADD,9,2
1161,REMOVE,0,2
1161,REMOVE,2,8
1161,REMOVE,3,7
1161,REMOVE,5,7
1161,REMOVE,5,8
1161,REMOVE,6,8
1161,REMOVE,7,2
1161,REMOVE,8,2
1161,REMOVE,9,8
1162,ADD,4,2
1162,ADD,5,7
1162,ADD,6,7
1162,ADD,8,2
1162,ADD,9,8
1162,REMOVE,0,8
1162,REMOVE,5,9
1162,REMOVE,6,2
1162,REMOVE,7,8
1162,REMOVE,8,8
1162,REMOVE,9,7
1163,ADD,0,2
1163,ADD,1,9
1163,ADD,2,8
1163,ADD,3,7
1163,ADD,4,7
1163,ADD,5,8
1163,ADD,6,3
1163,ADD,7,8
1163,ADD,9,7
1163,REMOVE,0,7
1163,REMOVE,1,7
1163,REMOVE,2,7
1163,REMOVE,3,8
1163,REMOVE,4,2
1163,REMOVE,5,7
1163,REMOVE,6,7
1163,REMOVE,9,8
1164,ADD,0,3
1164,ADD,1,5
1164,ADD,1,8
1164,ADD,2,7
1164,ADD,3,8
1164,ADD,6,5
1164,ADD,8,8
1164,REMOVE,1,9
1164,REMOVE,2,2
1164,REMOVE,6,3
1164,REMOVE,7,7
1164,REMOVE,8,2
1164,REMOVE,9,7
1165,ADD,0,4
1165,ADD,4,3
1165,ADD,7,7
1165,ADD,9,7
1165,REMOVE,0,2
1165,REMOVE,0,3
1165,REMOVE,1,8
1165,REMOVE,2,8
1165,REMOVE,3,8
1165,REMOVE,6,5
1165,REMOVE,7,8
1165,REMOVE,8,8
1165,REMOVE,9,2
1166,ADD,0,2
1166,ADD,1,0
1166,ADD,4,2
1166,ADD,5,7
1166,ADD,7,2
1166,ADD,8,8
1166,REMOVE,0,4
1166,REMOVE,1,5
1166,REMOVE,2,7
1166,REMOVE,3,7
1166,REMOVE,4,3
1166,REMOVE,5,8
1166,REMOVE,7,7
1167,ADD,0,7
1167,ADD,0,8
1167,ADD,1,2
1167,ADD,2,7
1167,ADD,3,7
1167,ADD,3,8
1167,ADD,4,8
1167,ADD,5,8
1167,ADD,7,9
1167,ADD,9,8
1167,REMOVE,0,2
1167,REMOVE,1,0
1167,REMOVE,4,2
1167,REMOVE,7,2
1167,REMOVE,8,7
1168,ADD,1,7
1168,ADD,2,2
1168,ADD,3,2
1168,ADD,4,9
1168,ADD,7,7
1168,ADD,8,7
1168,ADD,9,2
1168,REMOVE,3,8
1168,REMOVE,4,7
1168,REMOVE,5,8
1168,REMOVE,7,9
1168,REMOVE,8,8
1168,REMOVE,9,8
1169,ADD,3,3
1169,ADD,4,7
1169,ADD,5,2
1169,ADD,7,9
1169,REMOVE,0,8
1169,REMOVE,1,2
1169,REMOVE,3,7
1169,REMOVE,4,8
1169,REMOVE,4,9
1169,REMOVE,5,7
1169,REMOVE,7,7
1170,ADD,2,8
1170,ADD,3,7
1170,ADD,4,8
1170,ADD,5,8
1170,ADD,7,7
1170,ADD,8,2
1170,ADD,9,8
1170,REMOVE,2,2
1170,REMOVE,3,2
1170,REMOVE,3,3
1170,REMOVE,5,2
1170,REMOVE,7,9
1170,REMOVE,9,2
1171,ADD,0,2
1171,ADD,3,8
1171,ADD,5,2
1171,ADD,5,9
1171,ADD,7,2
1171,ADD,9,2
1171,REMOVE,2,8
1171,REMOVE,3,7
1171,REMOVE,5,8
1171,REMOVE,7,7
1171,REMOVE,8,7
1171,REMOVE,9,7
1171,REMOVE,9,8
1172,ADD,1,2
1172,ADD,2,2
1172,ADD,3,3
1172,ADD,3,7
1172,ADD,4,9
1172,ADD,7,7
1172,ADD,8,7
1172,ADD,9,7
1172,REMOVE,0,2
1172,REMOVE,1,7
1172,REMOVE,3,8
1172,REMOVE,4,7
1172,REMOVE,4,8
1172,REMOVE,5,2
1172,REMOVE,8,2
1172,REMOVE,9,2
1173,ADD,0,2
1173,ADD,1,7
1173,ADD,2,6
1173,ADD,4,2
1173,ADD,5,7
1173,ADD,8,2
1173,ADD,9,3
1173,REMOVE,0,7
1173,REMOVE,1,2
1173,REMOVE,2,2
1173,REMOVE,2,7
1173,REMOVE,3,3
1173,REMOVE,4,9
1173,REMOVE,5,9
1173,REMOVE,7,2
1173,REMOVE,8,7
1174,ADD,0,3
1174,ADD,0,8
1174,ADD,2,4
1174,ADD,3,8
1174,ADD,4,7
1174,ADD,4,8
1174,ADD,7,8
1174,ADD,8,7
1174,ADD,9,2
1174,ADD,9,8
1174,REMOVE,0,2
1174,REMOVE,2,6
1174,REMOVE,4,2
1174,REMOVE,5,7
1174,REMOVE,9,3
1174,REMOVE,9,7
1175,ADD,0,2
1175,ADD,2,9
1175,ADD,5,8
1175,ADD,7,9
1175,ADD,8,8
1175,ADD,9,7
1175,REMOVE,0,8
1175,REMOVE,2,4
1175,REMOVE,3,8
1175,REMOVE,4,8
1175,REMOVE,7,7
1175,REMOVE,7,8
1175,REMOVE,8,2
1175,REMOVE,8,7
1175,REMOVE,9,2
1175,REMOVE,9,8
1176,ADD,0,1
1176,ADD,2,7
1176,ADD,3,2
1176,ADD,4,8
1176,ADD,5,4
1176,ADD,7,4
1176,ADD,8,7
1176,REMOVE,0,2
1176,REMOVE,0,3
1176,REMOVE,2,9
1176,REMOVE,3,7
1176,REMOVE,4,7
1176,REMOVE,5,8
1176,REMOVE,7,9
1176,REMOVE,8,8
1177,ADD,0,7
1177,ADD,1,2
1177,ADD,2,2
1177,ADD,2,3
1177,ADD,3,7
1177,ADD,4,7
1177,ADD,5,2
1177,ADD,7,2
1177,ADD,7,9
1177,ADD,8,2
1177,REMOVE,0,1
1177,REMOVE,2,7
1177,REMOVE,3,2
1177,REMOVE,4,8
1177,REMOVE,5,4
1177,REMOVE,7,4
1177,REMOVE,8,7
1178,ADD,0,8
1178,ADD,1,9
1178,ADD,2,7
1178,ADD,3,2
1178,ADD,3,9
1178,ADD,4,8
1178,ADD,5,5
1178,ADD,7,8
1178,ADD,8,9
1178,REMOVE,0,7
1178,REMOVE,1,2
1178,REMOVE,1,7
1178,REMOVE,2,2
1178,REMOVE,2,3
1178,REMOVE,3,7
1178,REMOVE,5,2
1178,REMOVE,7,2
1178,REMOVE,7,9
1178,REMOVE,8,2
1179,ADD,0,7
1179,ADD,1,6
1179,ADD,2,3
1179,ADD,4,2
1179,ADD,5,7
1179,ADD,7,7
1179,ADD,8,7
1179,REMOVE,1,9
1179,REMOVE,2,7
1179,REMOVE,3,2
1179,REMOVE,4,8
1179,REMOVE,5,5
1179,REMOVE,7,8
1179,REMOVE,8,9
1180,ADD,1,2
1180,ADD,1,7
1180,ADD,2,2
1180,ADD,2,7
1180,ADD,3,3
1180,ADD,3,7
1180,ADD,5,2
1180,ADD,6,5
1180,ADD,7,2
1180,ADD,8,2
1180,ADD,9,8
1180,REMOVE,0,8
1180,REMOVE,1,6
1180,REMOVE,2,3
1180,REMOVE,3,9
1180,REMOVE,4,2
1180,REMOVE,5,7
1181,ADD,3,8
1181,ADD,4,8
1181,ADD,5,5
1181,ADD,5,8
1181,ADD,6,7
1181,REMOVE,1,2
1181,REMOVE,2,2
1181,REMOVE,3,3
1181,REMOVE,3,7
1181,REMOVE,5,2
1181,REMOVE,6,5
1181,REMOVE,8,2
1182,ADD,0,2
1182,ADD,1,8
1182,ADD,2,2
1182,ADD,3,2
1182,ADD,3,7
1182,ADD,4,2
1182,ADD,5,7
1182,ADD,6,2
1182,ADD,6,3
1182,ADD,7,8
1182,ADD,8,8
1182,ADD,9,2
1182,REMOVE,3,8
1182,REMOVE,4,8
1182,REMOVE,5,5
1182,REMOVE,6,7
1182,REMOVE,7,2
1182,REMOVE,9,8
1183,ADD,0,8
1183,ADD,2,8
1183,ADD,3,6
1183,ADD,4,3
1183,ADD,5,1
1183,REMOVE,0,2
1183,REMOVE,1,8
1183,REMOVE,2,2
1183,REMOVE,3,2
1183,REMOVE,3,7
1183,REMOVE,4,2
1183,REMOVE,4,7
1183,REMOVE,5,7
1183,REMOVE,5,8
1183,REMOVE,6,2
1183,REMOVE,6,3
1183,REMOVE,7,8
1184,ADD,1,1
1184,ADD,3,0
1184,ADD,3,7
1184,ADD,4,7
1184,ADD,4,8
1184,ADD,5,9
1184,ADD,6,4
1184,REMOVE,0,8
1184,REMOVE,1,7
1184,REMOVE,3,6
1184,REMOVE,4,3
1184,REMOVE,5,1
1184,REMOVE,8,8
1184,REMOVE,9,2
1185,ADD,1,2
1185,ADD,2,2
1185,ADD,5,7
1185,ADD,6,8
1185,ADD,7,2
1185,ADD,9,8
1185,REMOVE,1,1
1185,REMOVE,2,7
1185,REMOVE,2,8
1185,REMOVE,3,0
1185,REMOVE,4,8
1185,REMOVE,5,9
1185,REMOVE,6,4
1185,REMOVE,7,7
1185,REMOVE,8,7
1186,ADD,0,3
1186,ADD,4,2
1186,ADD,5,2
1186,ADD,7,9
1186,ADD,8,7
1186,ADD,9,5
1186,REMOVE,2,2
1186,REMOVE,4,7
1186,REMOVE,5,7
1186,REMOVE,6,8
1186,REMOVE,7,2
1186,REMOVE,9,8
1187,ADD,0,8
1187,ADD,1,5
1187,ADD,2,6
1187,ADD,3,2
1187,ADD,4,7
1187,ADD,5,7
1187,ADD,6,8
1187,ADD,7,8
1187,REMOVE,0,3
1187,REMOVE,1,2
1187,REMOVE,5,2
1187,REMOVE,7,9
1187,REMOVE,9,5
1188,ADD,1,7
1188,ADD,2,7
1188,ADD,4,8
1188,ADD,6,7
1188,ADD,7,7
1188,ADD,8,2
1188,REMOVE,0,8
1188,REMOVE,1,5
1188,REMOVE,2,6
1188,REMOVE,3,2
1188,REMOVE,4,2
1188,REMOVE,8,7
1189,ADD,0,2
1189,ADD,2,8
1189,ADD,7,2
1189,ADD,8,7
1189,ADD,8,8
1189,ADD,9,2
1189,REMOVE,2,7
1189,REMOVE,6,8
1189,REMOVE,7,8
1189,REMOVE,8,2
1190,ADD,0,8
1190,ADD,1,8
1190,ADD,2,7
1190,ADD,3,2
1190,ADD,3,8
1190,ADD,4,2
1190,ADD,5,4
1190,ADD,6,6
1190,REMOVE,0,7
1190,REMOVE,3,7
1190,REMOVE,4,7
1190,REMOVE,4,8
1190,REMOVE,5,7
1190,REMOVE,6,7
1190,REMOVE,7,2
1190,REMOVE,8,8
1191,ADD,0,7
1191,ADD,1,3
1191,ADD,2,2
1191,ADD,3,7
1191,ADD,5,5
1191,ADD,6,8
1191,ADD,7,8
1191,ADD,8,2
1191,REMOVE,0,8
1191,REMOVE,1,8
1191,REMOVE,2,8
1191,REMOVE,3,8
1191,REMOVE,5,4
1191,REMOVE,6,6
1191,REMOVE,7,7
1191,REMOVE,8,7
1191,REMOVE,9,7
1192,ADD,1,2
1192,ADD,4,7
1192,ADD,5,8
1192,ADD,7,3
1192,ADD,8,8
1192,ADD,9,7
1192,REMOVE,0,2
1192,REMOVE,1,3
1192,REMOVE,2,7
1192,REMOVE,3,7
1192,REMOVE,4,2
1192,REMOVE,5,5
1192,REMOVE,7,8
1192,REMOVE,8,2
1193,ADD,0,8
1193,ADD,3,7
1193,ADD,4,9
1193,ADD,5,2
1193,ADD,7,9
1193,ADD,8,7
1193,REMOVE,1,2
1193,REMOVE,2,2
1193,REMOVE,3,2
1193,REMOVE,4,7
1193,REMOVE,5,8
1193,REMOVE,7,3
1193,REMOVE,8,8
1193,REMOVE,9,2
1194,ADD,1,2
1194,ADD,2,7
1194,ADD,3,2
1194,ADD,3,8
1194,ADD,4,2
1194,ADD,5,8
1194,ADD,6,2
1194,ADD,7,2
1194,ADD,9,8
1194,REMOVE,0,8
1194,REMOVE,3,7
1194,REMOVE,4,9
1194,REMOVE,5,2
1194,REMOVE,6,8
1194,REMOVE,7,9
1195,ADD,0,2
1195,ADD,1,8
1195,ADD,2,8
1195,ADD,3,9
1195,ADD,4,7
1195,ADD,6,7
1195,ADD,7,6
1195,ADD,8,2
1195,ADD,9,2
1195,REMOVE,0,7
1195,REMOVE,1,2
1195,REMOVE,1,7
1195,REMOVE,3,2
1195,REMOVE,3,8
1195,REMOVE,4,2
1195,REMOVE,6,2
1195,REMOVE,7,2
1195,REMOVE,9,8
1196,ADD,0,7
1196,ADD,3,7
1196,ADD,7,7
1196,REMOVE,0,2
1196,REMOVE,3,9
1196,REMOVE,7,6
1196,REMOVE,8,2
1197,ADD,0,8
1197,ADD,4,2
1197,ADD,5,1
1197,ADD,6,2
1197,ADD,7,8
1197,ADD,9,3
1197,ADD,9,9
1197,REMOVE,0,7
1197,REMOVE,4,7
1197,REMOVE,5,8
1197,REMOVE,6,7
1197,REMOVE,7,7
1197,REMOVE,9,2
1197,REMOVE,9,7
1198,ADD,0,7
1198,ADD,1,7
1198,ADD,2,2
1198,ADD,3,1
1198,ADD,4,3
1198,ADD,5,7
1198,ADD,8,8
1198,ADD,9,7
1198,REMOVE,1,8
1198,REMOVE,2,7
1198,REMOVE,2,8
1198,REMOVE,3,7
1198,REMOVE,4,2
1198,REMOVE,5,1
1198,REMOVE,8,7
1198,REMOVE,9,3
1198,REMOVE,9,9
1199,ADD,1,2
1199,ADD,2,8
1199,ADD,3,3
1199,ADD,3,7
1199,ADD,4,4
1199,ADD,6,5
1199,ADD,7,5
1199,ADD,8,3
1199,REMOVE,0,7
1199,REMOVE,2,2
1199,REMOVE,3,1
1199,REMOVE,4,3
1199,REMOVE,6,2
1199,REMOVE,7,8
1199,REMOVE,8,8
1200,ADD,0,7
1200,ADD,1,8
1200,ADD,2,7
1200,ADD,4,9
1200,ADD,6,2
1200,ADD,7,9
1200,ADD,8,2
1200,ADD,8,9
1200,ADD,9,8
1200,REMOVE,0,8
1200,REMOVE,1,2
1200,REMOVE,1,7
1200,REMOVE,2,8
1200,REMOVE,3,3
1200,REMOVE,4,4
1200,REMOVE,6,5
1200,REMOVE,7,5
1200,REMOVE,8,3
1201,ADD,0,2
1201,ADD,1,2
1201,ADD,1,7
1201,ADD,4,2
1201,ADD,4,7
1201,ADD,5,9
1201,ADD,6,7
1201,ADD,7,7
1201,ADD,8,7
1201,REMOVE,1,8
1201,REMOVE,4,9
1201,REMOVE,5,7
1201,REMOVE,6,2
1201,REMOVE,7,9
1201,REMOVE,8,2
1201,REMOVE,8,9
1201,REMOVE,9,8
1202,ADD,1,8
1202,ADD,2,2
1202,ADD,3,2
1202,ADD,5,7
1202,ADD,9,8
1202,REMOVE,0,2
1202,REMOVE,1,2
1202,REMOVE,3,7
1202,REMOVE,4,2
1202,REMOVE,5,9
1203,ADD,3,8
1203,ADD,5,4
1203,ADD,6,8
1203,ADD,7,8
1203,ADD,9,2
1203,REMOVE,1,7
1203,REMOVE,2,2
1203,REMOVE,3,2
1203,REMOVE,5,7
1203,REMOVE,6,7
1203,REMOVE,7,7
1203,REMOVE,9,7
1204,ADD,2,9
1204,ADD,3,7
1204,ADD,4,2
1204,ADD,4,3
1204,ADD,5,8
1204,ADD,6,7
1204,ADD,7,7
1204,ADD,8,8
1204,ADD,9,7
1204,REMOVE,2,7
1204,REMOVE,3,8
1204,REMOVE,4,7
1204,REMOVE,5,4
1204,REMOVE,6,8
1204,REMOVE,7,8
1204,REMOVE,8,7
1204,REMOVE,9,8
1205,ADD,0,8
1205,ADD,1,6
1205,ADD,2,2
1205,ADD,3,2
1205,ADD,4,7
1205,ADD,5,9
1205,ADD,8,7
1205,REMOVE,0,7
1205,REMOVE,2,9
1205,REMOVE,3,7
1205,REMOVE,4,2
1205,REMOVE,4,3
1205,REMOVE,5,8
1205,REMOVE,8,8
1205,REMOVE,9,2
1206,ADD,0,7
1206,ADD,1,7
1206,ADD,2,7
1206,ADD,5,8
1206,ADD,6,2
1206,ADD,7,2
1206,ADD,7,9
1206,ADD,9,6
1206,REMOVE,0,8
1206,REMOVE,1,6
1206,REMOVE,1,8
1206,REMOVE,5,9
1206,REMOVE,6,7
1206,REMOVE,7,7
1206,REMOVE,9,7
1207,ADD,0,2
1207,ADD,3,7
1207,ADD,4,8
1207,ADD,5,0
1207,ADD,6,1
1207,ADD,7,6
1207,ADD,9,8
1207,REMOVE,0,7
1207,REMOVE,2,2
1207,REMOVE,3,2
1207,REMOVE,5,8
1207,REMOVE,6,2
1207,REMOVE,7,2
1207,REMOVE,7,9
1207,REMOVE,9,6
1208,ADD,0,7
1208,ADD,1,2
1208,ADD,2,8
1208,ADD,3,2
1208,ADD,5,7
1208,ADD,6,7
1208,ADD,7,7
1208,ADD,7,8
1208,ADD,9,2
1208,ADD,9,7
1208,REMOVE,1,7
1208,REMOVE,2,7
1208,REMOVE,3,7
1208,REMOVE,4,8
1208,REMOVE,5,0
1208,REMOVE,6,1
1208,REMOVE,7,6
1208,REMOVE,9,8
1209,ADD,0,5
1209,ADD,1,7
1209,ADD,1,8
1209,ADD,2,7
1209,ADD,3,8
1209,ADD,4,2
1209,ADD,4,8
1209,ADD,5,5
1209,ADD,6,4
1209,ADD,8,5
1209,ADD,8,8
1209,REMOVE,0,2
1209,REMOVE,1,2
1209,REMOVE,3,2
1209,REMOVE,4,7
1209,REMOVE,5,7
1209,REMOVE,6,7
1209,REMOVE,7,7
1209,REMOVE,8,7
1210,ADD,0,8
1210,ADD,3,9
1210,ADD,4,7
1210,ADD,5,8
1210,ADD,6,7
1210,ADD,7,9
1210,ADD,8,7
1210,ADD,9,8
1210,REMOVE,0,5
1210,REMOVE,1,8
1210,REMOVE,2,8
1210,REMOVE,4,2
1210,REMOVE,5,5
1210,REMOVE,6,4
1210,REMOVE,7,8
1210,REMOVE,8,5
1210,REMOVE,8,8
1210,REMOVE,9,2
1211,ADD,1,2
1211,ADD,2,2
1211,ADD,3,7
1211,ADD,5,7
1211,ADD,7,5
1211,REMOVE,0,8
1211,REMOVE,1,7
1211,REMOVE,2,7
1211,REMOVE,3,8
1211,REMOVE,3,9
1211,REMOVE,4,8
1211,REMOVE,5,8
1211,REMOVE,6,7
1211,REMOVE,7,9
1211,REMOVE,9,8
1212,ADD,1,7
1212,ADD,2,4
1212,ADD,3,2
1212,ADD,3,9
1212,ADD,5,2
1212,ADD,5,8
1212,ADD,6,2
1212,ADD,7,7
1212,REMOVE,1,2
1212,REMOVE,2,2
1212,REMOVE,3,7
1212,REMOVE,5,7
1212,REMOVE,7,5
1213,ADD,1,8
1213,ADD,3,7
1213,ADD,4,9
1213,ADD,5,9
1213,ADD,6,3
1213,ADD,6,9
1213,ADD,7,8
1213,REMOVE,1,7
1213,REMOVE,2,4
1213,REMOVE,3,2
1213,REMOVE,3,9
1213,REMOVE,4,7
1213,REMOVE,5,2
1213,REMOVE,5,8
1213,REMOVE,6,2
1214,ADD,0,2
1214,ADD,1,7
1214,ADD,2,7
1214,ADD,3,2
1214,ADD,4,7
1214,ADD,5,7
1214,ADD,6,7
1214,REMOVE,0,7
1214,REMOVE,1,8
1214,REMOVE,3,7
1214,REMOVE,4,9
1214,REMOVE,5,9
1214,REMOVE,6,3
1214,REMOVE,6,9
1215,ADD,2,8
1215,ADD,3,7
1215,ADD,3,8
1215,ADD,4,2
1215,ADD,5,5
1215,ADD,9,2
1215,REMOVE,2,7
1215,REMOVE,3,2
1215,REMOVE,5,7
1215,REMOVE,7,8
1216,ADD,0,8
1216,ADD,1,8
1216,ADD,2,7
1216,ADD,5,9
1216,ADD,6,2
1216,ADD,7,8
1216,ADD,8,8
1216,REMOVE,1,7
1216,REMOVE,2,8
1216,REMOVE,3,7
1216,REMOVE,4,2
1216,REMOVE,5,5
1216,REMOVE,6,7
1216,REMOVE,7,7
1217,ADD,0,7
1217,ADD,1,7
1217,ADD,3,7
1217,ADD,4,2
1217,ADD,5,8
1217,ADD,7,7
1217,REMOVE,0,2
1217,REMOVE,0,8
1217,REMOVE,1,8
1217,REMOVE,2,7
1217,REMOVE,3,8
1217,REMOVE,4,7
1217,REMOVE,7,8
1217,REMOVE,8,8
1217,REMOVE,9,2
1218,ADD,0,8
1218,ADD,2,8
1218,ADD,3,8
1218,ADD,4,8
1218,ADD,4,9
1218,ADD,5,7
1218,ADD,8,2
1218,ADD,9,3
1218,ADD,9,9
1218,REMOVE,0,7
1218,REMOVE,3,7
1218,REMOVE,4,2
1218,REMOVE,5,8
1218,REMOVE,5,9
1218,REMOVE,9,7
1219,ADD,0,7
1219,ADD,1,8
1219,ADD,3,7
1219,ADD,4,7
1219,ADD,5,3
1219,ADD,6,4
1219,ADD,7,2
1219,ADD,7,3
1219,ADD,9,2
1219,REMOVE,0,8
1219,REMOVE,2,8
1219,REMOVE,3,8
1219,REMOVE,4,9
1219,REMOVE,5,7
1219,REMOVE,6,2
1219,REMOVE,7,7
1219,REMOVE,8,7
1219,REMOVE,9,3
1219,REMOVE,9,9
1220,ADD,2,7
1220,ADD,4,2
1220,ADD,5,7
1220,ADD,6,8
1220,ADD,7,9
1220,ADD,8,7
1220,ADD,9,8
1220,REMOVE,1,8
1220,REMOVE,4,7
1220,REMOVE,4,8
1220,REMOVE,5,3
1220,REMOVE,6,4
1220,REMOVE,7,2
1220,REMOVE,7,3
1220,REMOVE,8,2
1220,REMOVE,9,2
1221,ADD,2,5
1221,ADD,3,2
1221,ADD,4,8
1221,ADD,5,8
1221,ADD,6,9
1221,ADD,9,9
1221,REMOVE,2,7
1221,REMOVE,4,2
1221,REMOVE,5,7
1221,REMOVE,6,8
1221,REMOVE,9,8
1222,ADD,0,2
1222,ADD,0,8
1222,ADD,1,2
1222,ADD,2,7
1222,ADD,4,7
1222,ADD,6,8
1222,ADD,7,6
1222,ADD,9,7
1222,REMOVE,0,7
1222,REMOVE,2,5
1222,REMOVE,3,7
1222,REMOVE,6,9
1222,REMOVE,7,9
1222,REMOVE,9,9
1223,ADD,0,7
1223,ADD,1,8
1223,ADD,2,2
1223,ADD,3,7
1223,ADD,3,8
1223,ADD,5,7
1223,ADD,6,7
1223,ADD,7,7
1223,ADD,8,2
1223,ADD,9,8
1223,REMOVE,0,2
1223,REMOVE,0,8
1223,REMOVE,1,2
1223,REMOVE,2,7
1223,REMOVE,3,2
1223,REMOVE,4,8
1223,REMOVE,5,8
1223,REMOVE,6,8
1223,REMOVE,7,6
1224,ADD,1,3
1224,ADD,2,4
1224,ADD,4,8
1224,ADD,7,5
1224,ADD,7,8
1224,REMOVE,2,2
1224,REMOVE,3,7
1224,REMOVE,4,7
1224,REMOVE,7,7
1224,REMOVE,8,2
1224,REMOVE,9,8
1225,ADD,2,9
1225,ADD,3,7
1225,ADD,4,7
1225,ADD,7,7
1225,ADD,9,5
1225,ADD,9,8
1225,REMOVE,1,3
1225,REMOVE,1,8
1225,REMOVE,2,4
1225,REMOVE,3,8
1225,REMOVE,4,8
1225,REMOVE,7,5
1225,REMOVE,7,8
1225,REMOVE,9,7
1226,ADD,0,2
1226,ADD,1,4
1226,ADD,2,7
1226,ADD,3,8
1226,ADD,4,8
1226,ADD,5,6
1226,ADD,6,4
1226,ADD,8,8
1226,ADD,9,7
1226,REMOVE,0,7
1226,REMOVE,1,7
1226,REMOVE,2,9
1226,REMOVE,4,7
1226,REMOVE,5,7
1226,REMOVE,6,7
1226,REMOVE,9,5
1226,REMOVE,9,8
1227,ADD,0,7
1227,ADD,1,8
1227,ADD,4,7
1227,ADD,5,9
1227,ADD,6,8
1227,ADD,7,2
1227,REMOVE,0,2
1227,REMOVE,1,4
1227,REMOVE,2,7
1227,REMOVE,3,7
1227,REMOVE,4,8
1227,REMOVE,5,6
1227,REMOVE,6,4
1227,REMOVE,7,7
1227,REMOVE,8,7
1228,ADD,0,8
1228,ADD,1,7
1228,ADD,3,9
1228,ADD,5,7
1228,ADD,6,9
1228,ADD,7,7
1228,ADD,8,7
1228,REMOVE,0,7
1228,REMOVE,1,8
1228,REMOVE,3,8
1228,REMOVE,5,9
1228,REMOVE,6,8
1228,REMOVE,7,2
1228,REMOVE,8,8
1229,ADD,0,2
1229,ADD,1,8
1229,ADD,2,4
1229,ADD,3,8
1229,ADD,6,7
1229,ADD,9,8
1229,REMOVE,3,9
1229,REMOVE,6,9
1230,ADD,0,7
1230,ADD,2,7
1230,ADD,3,2
1230,ADD,3,3
1230,ADD,5,2
1230,REMOVE,0,2
1230,REMOVE,1,8
1230,REMOVE,2,4
1230,REMOVE,3,8
1230,REMOVE,5,7
1230,REMOVE,9,8
1231,ADD,0,2
1231,ADD,1,2
1231,ADD,1,9
1231,ADD,2,6
1231,ADD,3,7
1231,ADD,4,8
1231,ADD,4,9
1231,ADD,5,3
1231,ADD,6,8
1231,ADD,8,2
1231,ADD,9,2
1231,ADD,9,8
1231,REMOVE,0,7
1231,REMOVE,0,8
1231,REMOVE,1,7
1231,REMOVE,2,7
1231,REMOVE,3,2
1231,REMOVE,3,3
1231,REMOVE,4,7
1231,REMOVE,5,2
1231,REMOVE,6,7
1231,REMOVE,9,7
1232,ADD,1,8
1232,ADD,2,2
1232,ADD,4,7
1232,ADD,5,7
1232,ADD,6,2
1232,ADD,9,7
1232,REMOVE,1,2
1232,REMOVE,2,6
1232,REMOVE,4,8
1232,REMOVE,4,9
1232,REMOVE,6,8
1232,REMOVE,8,2
1232,REMOVE,9,2
1232,REMOVE,9,8
1233,ADD,0,7
1233,ADD,1,7
1233,ADD,2,6
1233,ADD,6,8
1233,ADD,7,9
1233,ADD,8,2
1233,REMOVE,0,2
1233,REMOVE,1,8
1233,REMOVE,1,9
1233,REMOVE,2,2
1233,REMOVE,5,3
1233,REMOVE,6,2
1233,REMOVE,7,7
1233,REMOVE,8,7
1234,ADD,0,8
1234,ADD,1,8
1234,ADD,2,9
1234,ADD,5,2
1234,ADD,6,3
1234,ADD,7,7
1234,ADD,8,7
1234,ADD,9,6
1234,REMOVE,0,7
1234,REMOVE,1,7
1234,REMOVE,2,6
1234,REMOVE,5,7
1234,REMOVE,6,8
1234,REMOVE,7,9
1234,REMOVE,8,2
1234,REMOVE,9,7
1235,ADD,0,3
1235,ADD,0,7
1235,ADD,1,9
1235,ADD,2,6
1235,ADD,3,2
1235,ADD,4,8
1235,ADD,5,4
1235,ADD,6,7
1235,ADD,8,9
1235,ADD,9,8
1235,REMOVE,0,8
1235,REMOVE,1,8
1235,REMOVE,2,9
1235,REMOVE,3,7
1235,REMOVE,4,7
1235,REMOVE,5,2
1235,REMOVE,6,3
1235,REMOVE,8,7
1235,REMOVE,9,6
1236,ADD,0,5
1236,ADD,1,7
1236,ADD,2,7
1236,ADD,3,8
1236,ADD,4,2
1236,ADD,5,7
1236,ADD,6,6
1236,ADD,7,1
1236,ADD,7,8
1236,ADD,8,8
1236,ADD,9,7
1236,REMOVE,0,3
1236,REMOVE,1,9
1236,REMOVE,2,6
1236,REMOVE,3,2
1236,REMOVE,5,4
1236,REMOVE,6,7
1236,REMOVE,7,7
1236,REMOVE,8,9
1236,REMOVE,9,8
1237,ADD,0,8
1237,ADD,1,2
1237,ADD,2,8
1237,ADD,3,7
1237,ADD,4,7
1237,ADD,5,8
1237,ADD,6,8
1237,ADD,7,3
1237,ADD,7,7
1237,ADD,8,7
1237,ADD,9,2
1237,REMOVE,0,5
1237,REMOVE,2,7
1237,REMOVE,4,8
1237,REMOVE,7,1
1237,REMOVE,7,8
1237,REMOVE,8,8
1238,ADD,2,9
1238,ADD,6,7
1238,ADD,8,2
1238,ADD,9,8
1238,REMOVE,2,8
1238,REMOVE,6,6
1238,REMOVE,6,8
1238,REMOVE,7,3
1238,REMOVE,9,2
1239,ADD,2,5
1239,ADD,2,8
1239,ADD,3,2
1239,ADD,5,2
1239,ADD,7,2
1239,ADD,7,8
1239,ADD,9,2
1239,REMOVE,1,2
1239,REMOVE,2,9
1239,REMOVE,3,8
1239,REMOVE,4,2
1239,REMOVE,5,8
1239,REMOVE,7,7
1239,REMOVE,9,8
1240,ADD,1,2
1240,ADD,2,2
1240,ADD,7,7
1240,REMOVE,2,5
1240,REMOVE,2,8
1240,REMOVE,3,2
1240,REMOVE,7,2
1240,REMOVE,7,8
1240,REMOVE,8,2
1240,REMOVE,9,2
1241,ADD,2,9
1241,ADD,4,8
1241,ADD,6,9
1241,ADD,7,2
1241,REMOVE,0,8
1241,REMOVE,2,2
1241,REMOVE,5,2
1241,REMOVE,6,7
1241,REMOVE,7,7
1242,ADD,0,8
1242,ADD,2,7
1242,ADD,3,8
1242,ADD,4,2
1242,ADD,6,7
1242,ADD,9,2
1242,ADD,9,8
1242,REMOVE,2,9
1242,REMOVE,4,8
1242,REMOVE,6,9
1242,REMOVE,9,7
1243,ADD,4,8
1243,ADD,5,8
1243,ADD,7,7
1243,ADD,8,8
1243,ADD,9,7
1243,REMOVE,0,8
1243,REMOVE,1,2
1243,REMOVE,4,2
1243,REMOVE,9,2
1244,ADD,0,2
1244,ADD,2,2
1244,ADD,3,2
1244,ADD,5,2
1244,ADD,6,8
1244,ADD,8,2
1244,REMOVE,2,7
1244,REMOVE,3,8
1244,REMOVE,5,8
1244,REMOVE,6,7
1244,REMOVE,8,7
1244,REMOVE,8,8
1245,ADD,0,8
1245,ADD,4,2
1245,ADD,6,7
1245,ADD,8,7
1245,REMOVE,0,2
1245,REMOVE,4,8
1245,REMOVE,7,7
1245,REMOVE,9,8
1246,ADD,0,3
1246,ADD,1,2
1246,ADD,2,7
1246,ADD,7,7
1246,ADD,8,9
1246,ADD,9,2
1246,REMOVE,0,8
1246,REMOVE,3,2
1246,REMOVE,4,2
1246,REMOVE,5,7
1246,REMOVE,6,7
1246,REMOVE,7,2
1246,REMOVE,8,2
1246,REMOVE,8,7
1246,REMOVE,9,7
1247,ADD,0,2
1247,ADD,4,3
1247,ADD,6,2
1247,ADD,7,2
1247,ADD,8,7
1247,ADD,9,7
1247,REMOVE,0,3
1247,REMOVE,6,8
1247,REMOVE,7,7
1247,REMOVE,8,9
1247,REMOVE,9,2
1248,ADD,2,8
1248,ADD,4,2
1248,ADD,4,8
1248,ADD,5,7
1248,ADD,6,7
1248,ADD,7,6
1248,REMOVE,0,2
1248,REMOVE,1,2
1248,REMOVE,2,2
1248,REMOVE,4,3
1248,REMOVE,4,7
1248,REMOVE,5,2
1248,REMOVE,6,2
1248,REMOVE,7,2
1249,ADD,2,2
1249,ADD,4,7
1249,ADD,7,7
1249,ADD,8,2
1249,ADD,8,8
1249,ADD,9,2
1249,REMOVE,2,8
1249,REMOVE,4,8
1249,REMOVE,7,6
1249,REMOVE,8,7
1250,ADD,0,8
1250,ADD,1,8
1250,ADD,3,8
1250,ADD,5,2
1250,ADD,9,8
1250,REMOVE,2,2
1250,REMOVE,8,8
1250,REMOVE,9,2
1251,ADD,2,2
1251,ADD,7,2
1251,ADD,8,7
1251,ADD,8,8
1251,ADD,9,2
1251,REMOVE,0,8
1251,REMOVE,1,8
1251,REMOVE,8,2
1251,REMOVE,9,8
1252,ADD,0,2
1252,ADD,4,8
1252,ADD,6,2
1252,ADD,8,5
1252,REMOVE,3,7
1252,REMOVE,4,2
1252,REMOVE,7,2
1252,REMOVE,8,8
1252,REMOVE,9,2
1253,ADD,0,8
1253,ADD,1,4
1253,ADD,2,8
1253,ADD,3,7
1253,ADD,7,3
1253,ADD,9,8
1253,REMOVE,0,2
1253,REMOVE,1,7
1253,REMOVE,2,2
1253,REMOVE,4,7
1253,REMOVE,5,2
1253,REMOVE,7,7
1253,REMOVE,8,5
1254,ADD,1,7
1254,ADD,2,3
1254,ADD,4,2
1254,ADD,4,7
1254,ADD,5,2
1254,ADD,6,8
1254,ADD,7,8
1254,ADD,8,1
1254,ADD,9,2
1254,REMOVE,1,4
1254,REMOVE,2,8
1254,REMOVE,3,8
1254,REMOVE,4,8
1254,REMOVE,5,7
1254,REMOVE,6,2
1254,REMOVE,7,3
1254,REMOVE,8,7
1254,REMOVE,9,8
1255,ADD,1,8
1255,ADD,5,7
1255,ADD,7,2
1255,ADD,8,7
1255,REMOVE,0,8
1255,REMOVE,2,3
1255,REMOVE,4,7
1255,REMOVE,5,2
1255,REMOVE,6,8
1255,REMOVE,7,8
1255,REMOVE,8,1
1255,REMOVE,9,2
1256,ADD,0,2
1256,ADD,2,8
1256,ADD,3,2
1256,ADD,5,2
1256,ADD,5,8
1256,ADD,7,7
1256,ADD,8,8
1256,REMOVE,1,7
1256,REMOVE,3,7
1256,REMOVE,5,7
1256,REMOVE,7,2
1256,REMOVE,8,7
1257,ADD,1,7
1257,ADD,2,2
1257,ADD,3,7
1257,ADD,4,7
1257,ADD,5,7
1257,ADD,6,8
1257,ADD,6,9
1257,ADD,7,8
1257,ADD,8,7
1257,ADD,9,8
1257,REMOVE,2,8
1257,REMOVE,5,8
1257,REMOVE,6,7
1257,REMOVE,7,7
1257,REMOVE,8,8
1258,ADD,2,8
1258,ADD,6,3
1258,ADD,6,7
1258,ADD,7,7
1258,ADD,9,2
1258,REMOVE,1,7
1258,REMOVE,2,2
1258,REMOVE,3,2
1258,REMOVE,5,2
1258,REMOVE,6,8
1258,REMOVE,6,9
1258,REMOVE,9,8
1259,ADD,1,2
1259,ADD,2,2
1259,ADD,4,8
1259,ADD,5,8
1259,ADD,6,2
1259,ADD,8,8
1259,REMOVE,0,2
1259,REMOVE,2,8
1259,REMOVE,4,2
1259,REMOVE,6,3
1259,REMOVE,7,8
1259,REMOVE,8,7
1260,ADD,0,8
1260,ADD,1,7
1260,ADD,2,8
1260,ADD,3,8
1260,ADD,5,2
1260,ADD,7,4
1260,ADD,8,2
1260,ADD,8,7
1260,ADD,9,8
1260,REMOVE,1,2
1260,REMOVE,1,8
1260,REMOVE,2,2
1260,REMOVE,5,7
1260,REMOVE,6,2
1260,REMOVE,7,7
1260,REMOVE,8,8
1260,REMOVE,9,2
1261,ADD,0,2
1261,ADD,1,2
1261,ADD,1,3
1261,ADD,5,7
1261,ADD,6,8
1261,ADD,7,7
1261,ADD,9,2
1261,REMOVE,0,7
1261,REMOVE,1,7
1261,REMOVE,2,8
1261,REMOVE,4,8
1261,REMOVE,5,8
1261,REMOVE,6,7
1261,REMOVE,7,4
1261,REMOVE,8,2
1261,REMOVE,9,7
1261,REMOVE,9,8
1262,ADD,0,7
1262,ADD,1,8
1262,ADD,6,7
1262,ADD,7,8
1262,ADD,9,7
1262,ADD,9,8
1262,REMOVE,0,2
1262,REMOVE,1,2
1262,REMOVE,1,3
1262,REMOVE,3,7
1262,REMOVE,5,2
1262,REMOVE,6,8
1262,REMOVE,9,2
1263,ADD,0,5
1263,ADD,2,2
1263,ADD,3,7
1263,ADD,4,2
1263,ADD,5,2
1263,ADD,6,2
1263,ADD,8,3
1263,REMOVE,0,8
1263,REMOVE,7,8
1263,REMOVE,8,7
1263,REMOVE,9,8
1264,ADD,0,8
1264,ADD,1,7
1264,ADD,3,2
1264,ADD,4,8
1264,ADD,7,2
1264,ADD,7,8
1264,ADD,8,7
1264,ADD,9,2
1264,REMOVE,0,5
1264,REMOVE,3,8
1264,REMOVE,4,2
1264,REMOVE,6,2
1264,REMOVE,7,7
1264,REMOVE,8,3
1265,ADD,0,2
1265,ADD,4,2
1265,ADD,6,2
1265,REMOVE,0,8
1265,REMOVE,1,7
1265,REMOVE,4,8
1265,REMOVE,7,8
1266,ADD,0,3
1266,ADD,1,7
1266,ADD,7,3
1266,ADD,8,8
1266,ADD,9,8
1266,REMOVE,0,2
1266,REMOVE,5,2
1266,REMOVE,9,2
1267,ADD,0,2
1267,ADD,1,2
1267,ADD,4,8
1267,ADD,5,2
1267,ADD,5,8
1267,ADD,7,7
1267,ADD,8,2
1267,REMOVE,0,3
1267,REMOVE,1,8
1267,REMOVE,2,2
1267,REMOVE,3,2
1267,REMOVE,4,2
1267,REMOVE,5,7
1267,REMOVE,7,2
1267,REMOVE,7,3
1267,REMOVE,8,8
1268,ADD,1,3
1268,ADD,4,2
1268,ADD,5,7
1268,ADD,6,8
1268,REMOVE,1,2
1268,REMOVE,4,8
1268,REMOVE,5,8
1268,REMOVE,6,7
1268,REMOVE,8,2
1268,REMOVE,9,8
1269,ADD,0,8
1269,ADD,2,2
1269,ADD,3,8
1269,ADD,4,8
1269,ADD,5,5
1269,ADD,5,8
1269,ADD,6,7
1269,ADD,7,8
1269,ADD,8,2
1269,ADD,9,8
1269,REMOVE,0,2
1269,REMOVE,0,7
1269,REMOVE,4,2
1269,REMOVE,4,7
1269,REMOVE,5,2
1269,REMOVE,5,7
1269,REMOVE,6,2
1269,REMOVE,6,8
1269,REMOVE,7,7
1269,REMOVE,8,7
1270,ADD,0,2
1270,ADD,1,2
1270,ADD,4,2
1270,ADD,4,7
1270,ADD,5,3
1270,ADD,5,9
1270,ADD,6,2
1270,ADD,7,7
1270,ADD,9,2
1270,REMOVE,0,8
1270,REMOVE,1,3
1270,REMOVE,1,7
1270,REMOVE,2,2
1270,REMOVE,3,8
1270,REMOVE,4,8
1270,REMOVE,5,5
1270,REMOVE,5,8
1270,REMOVE,6,7
1270,REMOVE,7,8
1270,REMOVE,9,8
1271,ADD,0,7
1271,ADD,1,8
1271,ADD,5,7
1271,ADD,6,8
1271,ADD,8,8
1271,REMOVE,0,2
1271,REMOVE,1,2
1271,REMOVE,4,2
1271,REMOVE,5,3
1271,REMOVE,5,9
1271,REMOVE,6,2
1271,REMOVE,8,2
1271,REMOVE,9,2
1272,ADD,0,3
1272,ADD,1,7
1272,ADD,2,2
1272,ADD,3,2
1272,ADD,4,2
1272,ADD,5,2
1272,ADD,6,7
1272,ADD,7,2
1272,ADD,8,2
1272,ADD,9,2
1272,REMOVE,1,8
1273,ADD,1,2
1273,ADD,3,8
1273,ADD,5,8
1273,ADD,6,2
1273,ADD,7,8
1273,REMOVE,0,3
1273,REMOVE,3,2
1273,REMOVE,5,2
1273,REMOVE,6,8
1273,REMOVE,7,2
1273,REMOVE,8,2
1274,ADD,0,2
1274,ADD,6,8
1274,ADD,8,7
1274,REMOVE,1,2
1274,REMOVE,5,7
1274,REMOVE,6,2
1274,REMOVE,7,8
1275,ADD,1,8
1275,ADD,5,7
1275,ADD,7,2
1275,ADD,7,3
1275,REMOVE,0,2
1275,REMOVE,1,7
1275,REMOVE,2,2
1275,REMOVE,4,2
1275,REMOVE,6,7
1275,REMOVE,7,7
1275,REMOVE,8,8
1276,ADD,1,7
1276,ADD,3,3
1276,ADD,4,2
1276,ADD,6,2
1276,ADD,6,7
1276,ADD,7,7
1276,ADD,8,2
1276,REMOVE,1,8
1276,REMOVE,3,8
1276,REMOVE,5,8
1276,REMOVE,6,8
1276,REMOVE,7,3
1276,REMOVE,8,7
1276,REMOVE,9,2
1277,ADD,0,2
1277,ADD,0,9
1277,ADD,1,8
1277,ADD,2,2
1277,ADD,3,2
1277,ADD,4,8
1277,ADD,5,4
1277,ADD,8,8
1277,REMOVE,0,7
1277,REMOVE,1,7
1277,REMOVE,3,3
1277,REMOVE,4,2
1277,REMOVE,5,7
1277,REMOVE,6,2
1277,REMOVE,7,7
1277,REMOVE,8,2
1278,ADD,0,7
1278,ADD,1,7
1278,ADD,2,8
1278,ADD,5,2
1278,ADD,5,7
1278,ADD,6,8
1278,ADD,7,7
1278,REMOVE,0,2
1278,REMOVE,0,9
1278,REMOVE,1,8
1278,REMOVE,2,2
1278,REMOVE,3,2
1278,REMOVE,5,4
1278,REMOVE,7,2
1279,ADD,0,8
1279,ADD,1,2
1279,ADD,1,3
1279,ADD,4,2
1279,ADD,5,8
1279,ADD,7,5
1279,ADD,7,8
1279,ADD,8,2
1279,ADD,8,7
1279,ADD,9,2
1279,REMOVE,0,7
1279,REMOVE,1,7
1279,REMOVE,4,8
1279,REMOVE,5,2
1279,REMOVE,7,7
1279,REMOVE,8,8
1280,ADD,0,7
1280,ADD,3,2
1280,ADD,3,8
1280,ADD,5,2
1280,ADD,6,2
1280,ADD,8,3
1280,REMOVE,0,8
1280,REMOVE,1,3
1280,REMOVE,3,7
1280,REMOVE,5,8
1280,REMOVE,6,8
1280,REMOVE,8,7
1281,ADD,0,8
1281,ADD,1,7
1281,ADD,2,2
1281,ADD,3,7
1281,ADD,7,7
1281,ADD,8,7
1281,ADD,9,8
1281,REMOVE,0,7
1281,REMOVE,1,2
1281,REMOVE,2,8
1281,REMOVE,3,2
1281,REMOVE,4,2
1281,REMOVE,5,2
1281,REMOVE,7,5
1281,REMOVE,7,8
1281,REMOVE,9,2
1282,ADD,0,2
1282,ADD,1,8
1282,ADD,5,2
1282,REMOVE,2,2
1282,REMOVE,3,8
1282,REMOVE,5,7
1282,REMOVE,8,2
1282,REMOVE,8,3
1282,REMOVE,9,8
1283,ADD,0,9
1283,ADD,1,2
1283,ADD,2,2
1283,ADD,5,9
1283,ADD,6,8
1283,ADD,8,8
1283,REMOVE,0,2
1283,REMOVE,0,8
1283,REMOVE,1,8
1283,REMOVE,5,2
1283,REMOVE,6,2
1283,REMOVE,6,7
1284,ADD,0,3
1284,ADD,0,5
1284,ADD,1,8
1284,ADD,2,3
1284,ADD,3,3
1284,ADD,4,2
1284,ADD,5,2
1284,ADD,5,3
1284,ADD,6,2
1284,ADD,7,8
1284,ADD,8,5
1284,ADD,9,8
1284,REMOVE,0,9
1284,REMOVE,1,2
1284,REMOVE,1,7
1284,REMOVE,2,2
1284,REMOVE,2,7
1284,REMOVE,5,9
1284,REMOVE,7,7
1284,REMOVE,8,7
1285,ADD,0,2
1285,ADD,0,7
1285,ADD,1,7
1285,ADD,2,7
1285,ADD,2,8
1285,ADD,3,2
1285,ADD,4,8
1285,ADD,5,7
1285,ADD,5,8
1285,ADD,6,7
1285,ADD,7,2
1285,ADD,8,7
1285,REMOVE,0,3
1285,REMOVE,0,5
1285,REMOVE,1,8
1285,REMOVE,2,3
1285,REMOVE,3,3
1285,REMOVE,4,2
1285,REMOVE,5,2
1285,REMOVE,5,3
1285,REMOVE,6,2
1285,REMOVE,6,8
1285,REMOVE,8,8
1285,REMOVE,9,8
1286,ADD,5,2
1286,ADD,6,2
1286,ADD,7,7
1286,ADD,8,2
1286,ADD,9,2
1286,ADD,9,3
1286,REMOVE,3,2
1286,REMOVE,4,8
1286,REMOVE,5,8
1286,REMOVE,7,8
1286,REMOVE,8,5
1286,REMOVE,9,7
1287,ADD,1,5
1287,ADD,2,2
1287,ADD,3,2
1287,ADD,5,3
1287,ADD,7,8
1287,ADD,9,7
1287,REMOVE,0,7
1287,REMOVE,1,7
1287,REMOVE,2,8
1287,REMOVE,5,2
1287,REMOVE,5,7
1287,REMOVE,7,2
1287,REMOVE,8,2
1287,REMOVE,9,2
1287,REMOVE,9,3
1288,ADD,0,8
1288,ADD,3,3
1288,ADD,4,2
1288,ADD,5,2
1288,ADD,5,7
1288,ADD,8,2
1288,ADD,8,8
1288,REMOVE,1,5
1288,REMOVE,2,2
1288,REMOVE,3,2
1288,REMOVE,5,3
1288,REMOVE,7,8
1288,REMOVE,8,7
1289,ADD,0,7
1289,ADD,2,2
1289,ADD,6,8
1289,ADD,7,2
1289,ADD,8,7
1289,REMOVE,0,2
1289,REMOVE,3,3
1289,REMOVE,4,2
1289,REMOVE,6,2
1289,REMOVE,7,7
1289,REMOVE,8,2
1290,ADD,0,5
1290,ADD,6,2
1290,ADD,7,8
1290,ADD,7,9
1290,REMOVE,0,7
1290,REMOVE,0,8
1290,REMOVE,2,2
1290,REMOVE,5,2
1290,REMOVE,6,7
1290,REMOVE,6,8
1290,REMOVE,7,2
1290,REMOVE,8,7
1291,ADD,0,2
1291,ADD,2,2
1291,ADD,4,2
1291,ADD,4,8
1291,ADD,5,2
1291,ADD,5,3
1291,ADD,6,7
1291,ADD,6,8
1291,ADD,7,7
1291,ADD,8,7
1291,REMOVE,0,5
1291,REMOVE,4,7
1291,REMOVE,5,7
1291,REMOVE,6,2
1291,REMOVE,7,8
1291,REMOVE,7,9
1291,REMOVE,8,8
1292,ADD,0,7
1292,ADD,2,8
1292,ADD,3,2
1292,ADD,4,7
1292,ADD,5,7
1292,ADD,5,8
1292,REMOVE,2,7
1292,REMOVE,4,2
1292,REMOVE,5,2
1292,REMOVE,5,3
1292,REMOVE,6,8
1293,ADD,0,3
1293,ADD,1,7
1293,ADD,2,3
1293,ADD,2,7
1293,ADD,5,3
1293,ADD,6,8
1293,ADD,7,5
1293,ADD,8,5
1293,REMOVE,0,2
1293,REMOVE,0,7
1293,REMOVE,2,2
1293,REMOVE,2,8
1293,REMOVE,3,2
1293,REMOVE,4,8
1293,REMOVE,5,7
1293,REMOVE,5,8
1293,REMOVE,6,7
1293,REMOVE,7,7
1294,ADD,0,7
1294,ADD,1,2
1294,ADD,2,8
1294,ADD,3,3
1294,ADD,5,2
1294,ADD,5,7
1294,ADD,6,2
1294,ADD,6,7
1294,ADD,7,7
1294,ADD,7,8
1294,ADD,8,8
1294,REMOVE,0,3
1294,REMOVE,2,3
1294,REMOVE,5,3
1294,REMOVE,6,8
1294,REMOVE,7,5
1294,REMOVE,8,5
1295,ADD,0,8
1295,ADD,2,2
1295,ADD,3,2
1295,ADD,4,3
1295,ADD,7,2
1295,ADD,7,9
1295,REMOVE,0,7
1295,REMOVE,2,8
1295,REMOVE,3,3
1295,REMOVE,5,2
1295,REMOVE,6,2
1295,REMOVE,7,7
1295,REMOVE,7,8
1295,REMOVE,8,8
1296,ADD,0,9
1296,ADD,1,3
1296,ADD,4,2
1296,ADD,5,9
1296,ADD,6,3
1296,REMOVE,0,8
1296,REMOVE,1,2
1296,REMOVE,1,7
1296,REMOVE,3,2
1296,REMOVE,4,3
1296,REMOVE,5,7
1296,REMOVE,7,2
1297,ADD,0,7
1297,ADD,1,2
1297,ADD,2,3
1297,ADD,2,9
1297,ADD,3,9
1297,ADD,4,8
1297,ADD,5,7
1297,ADD,6,2
1297,ADD,7,2
1297,ADD,7,8
1297,ADD,8,2
1297,ADD,9,2
1297,ADD,9,3
1297,REMOVE,0,9
1297,REMOVE,1,3
1297,REMOVE,2,2
1297,REMOVE,2,7
1297,REMOVE,3,7
1297,REMOVE,4,2
1297,REMOVE,5,9
1297,REMOVE,6,3
1297,REMOVE,7,9
1297,REMOVE,8,7
1297,REMOVE,9,7
1298,ADD,1,8
1298,ADD,2,7
1298,ADD,3,7
1298,ADD,7,5
1298,ADD,9,7
1298,REMOVE,1,2
1298,REMOVE,2,3
1298,REMOVE,2,9
1298,REMOVE,3,9
1298,REMOVE,6,2
1298,REMOVE,7,2
1298,REMOVE,7,8
1298,REMOVE,9,3
1299,ADD,0,8
1299,ADD,1,2
1299,ADD,2,8
1299,ADD,3,2
1299,ADD,4,9
1299,ADD,5,2
1299,ADD,5,8
1299,ADD,6,2
1299,ADD,7,7
1299,ADD,8,7
1299,ADD,8,8
1299,REMOVE,1,8
1299,REMOVE,3,7
1299,REMOVE,4,7
1299,REMOVE,5,7
1299,REMOVE,7,5
1299,REMOVE,8,2
1300,ADD,3,7
1300,ADD,4,7
1300,ADD,7,5
1300,REMOVE,0,8
1300,REMOVE,1,2
1300,REMOVE,2,8
1300,REMOVE,3,2
1300,REMOVE,4,8
1300,REMOVE,4,9
1300,REMOVE,9,2
1301,ADD,2,8
1301,ADD,3,2
1301,ADD,4,2
1301,ADD,8,2
1301,REMOVE,5,2
1301,REMOVE,6,2
1301,REMOVE,7,5
1301,REMOVE,8,7
1301,REMOVE,8,8
1302,ADD,0,8
1302,ADD,4,3
1302,ADD,5,9
1302,ADD,8,8
1302,ADD,9,8
1302,REMOVE,0,7
1302,REMOVE,3,2
1302,REMOVE,4,2
1303,ADD,0,2
1303,ADD,2,2
1303,ADD,3,2
1303,ADD,3,8
1303,ADD,5,7
1303,ADD,7,4
1303,ADD,8,3
1303,ADD,8,7
1303,ADD,9,3
1303,REMOVE,2,8
1303,REMOVE,3,7
1303,REMOVE,4,3
1303,REMOVE,5,9
1303,REMOVE,7,7
1303,REMOVE,8,2
1303,REMOVE,8,8
1303,REMOVE,9,8
1304,ADD,0,9
1304,ADD,1,1
1304,ADD,3,7
1304,ADD,4,2
1304,ADD,6,8
1304,ADD,7,7
1304,ADD,8,8
1304,ADD,9,2
1304,REMOVE,0,2
1304,REMOVE,0,8
1304,REMOVE,3,2
1304,REMOVE,3,8
1304,REMOVE,4,7
1304,REMOVE,5,8
1304,REMOVE,7,4
1304,REMOVE,8,3
1304,REMOVE,8,7
1304,REMOVE,9,3
1304,REMOVE,9,7
1305,ADD,0,2
1305,ADD,3,3
1305,ADD,4,7
1305,ADD,6,2
1305,ADD,8,2
1305,ADD,9,7
1305,REMOVE,2,2
1305,REMOVE,4,2
1305,REMOVE,6,8
1305,REMOVE,8,8
1305,REMOVE,9,2
1306,ADD,0,7
1306,ADD,3,2
1306,ADD,4,2
1306,ADD,6,8
1306,ADD,7,8
1306,ADD,8,8
1306,ADD,9,2
1306,REMOVE,0,2
1306,REMOVE,0,9
1306,REMOVE,1,1
1306,REMOVE,3,3
1306,REMOVE,6,7
1306,REMOVE,7,7
1306,REMOVE,8,2
1307,ADD,0,8
1307,ADD,1,9
1307,ADD,2,8
1307,ADD,5,2
1307,ADD,7,7
1307,ADD,8,9
1307,REMOVE,3,2
1307,REMOVE,8,8
1308,ADD,0,2
1308,ADD,1,6
1308,ADD,2,3
1308,ADD,3,2
1308,ADD,4,8
1308,ADD,5,3
1308,ADD,6,9
1308,ADD,8,7
1308,REMOVE,0,8
1308,REMOVE,1,9
1308,REMOVE,2,8
1308,REMOVE,3,7
1308,REMOVE,4,2
1308,REMOVE,5,2
1308,REMOVE,6,8
1308,REMOVE,7,8
1308,REMOVE,8,9
1308,REMOVE,9,2
1309,ADD,3,7
1309,ADD,3,8
1309,ADD,4,9
1309,ADD,6,7
1309,ADD,7,8
1309,ADD,8,2
1309,ADD,8,8
1309,ADD,9,2
1309,REMOVE,1,6
1309,REMOVE,3,2
1309,REMOVE,4,7
1309,REMOVE,5,3
1309,REMOVE,6,2
1309,REMOVE,6,9
1309,REMOVE,8,7
1310,ADD,0,3
1310,ADD,1,7
1310,ADD,2,2
1310,ADD,4,2
1310,ADD,4,7
1310,ADD,5,2
1310,ADD,6,2
1310,ADD,8,7
1310,ADD,9,8
1310,REMOVE,0,2
1310,REMOVE,2,3
1310,REMOVE,3,8
1310,REMOVE,4,8
1310,REMOVE,4,9
1310,REMOVE,7,8
1310,REMOVE,8,2
1310,REMOVE,8,8
1310,REMOVE,9,2
1311,ADD,2,8
1311,ADD,3,8
1311,ADD,4,9
1311,ADD,7,8
1311,ADD,8,8
1311,REMOVE,0,3
1311,REMOVE,1,7
1311,REMOVE,2,2
1311,REMOVE,3,7
1311,REMOVE,4,7
1311,REMOVE,5,2
1311,REMOVE,7,7
1311,REMOVE,8,7
1312,ADD,0,2
1312,ADD,3,3
1312,ADD,3,9
1312,ADD,4,7
1312,ADD,4,8
1312,ADD,5,2
1312,ADD,7,2
1312,ADD,7,3
1312,ADD,8,2
1312,REMOVE,2,8
1312,REMOVE,3,8
1312,REMOVE,4,2
1312,REMOVE,4,9
1312,REMOVE,6,7
1312,REMOVE,7,8
1312,REMOVE,8,8
1312,REMOVE,9,7
1313,ADD,0,8
1313,ADD,1,2
1313,ADD,2,8
1313,ADD,3,7
1313,ADD,5,8
1313,ADD,6,7
1313,ADD,7,8
1313,ADD,8,7
1313,ADD,9,7
1313,REMOVE,0,2
1313,REMOVE,3,3
1313,REMOVE,3,9
1313,REMOVE,5,2
1313,REMOVE,6,2
1313,REMOVE,7,2
1313,REMOVE,7,3
1314,ADD,1,8
1314,ADD,3,2
1314,ADD,4,2
1314,ADD,5,2
1314,ADD,6,8
1314,ADD,7,7
1314,ADD,9,2
1314,REMOVE,1,2
1314,REMOVE,4,8
1314,REMOVE,5,8
1314,REMOVE,7,8
1314,REMOVE,8,2
1314,REMOVE,9,8
1315,ADD,1,2
1315,ADD,2,2
1315,ADD,3,8
1315,ADD,7,0
1315,ADD,8,2
1315,REMOVE,1,8
1315,REMOVE,2,8
1315,REMOVE,3,2
1315,REMOVE,5,2
1315,REMOVE,7,7
1315,REMOVE,9,2
1316,ADD,2,8
1316,ADD,3,3
1316,ADD,5,2
1316,ADD,7,7
1316,ADD,9,8
1316,REMOVE,0,7
1316,REMOVE,1,2
1316,REMOVE,2,2
1316,REMOVE,3,7
1316,REMOVE,3,8
1316,REMOVE,5,7
1316,REMOVE,6,8
1316,REMOVE,8,7
1317,ADD,0,7
1317,ADD,1,8
1317,ADD,2,2
1317,ADD,3,7
1317,ADD,3,8
1317,ADD,7,8
1317,ADD,8,7
1317,REMOVE,2,7
1317,REMOVE,2,8
1317,REMOVE,3,3
1317,REMOVE,7,0
1317,REMOVE,7,7
1317,REMOVE,8,2
1317,REMOVE,9,7
1318,ADD,1,7
1318,ADD,2,7
1318,ADD,2,8
1318,ADD,5,7
1318,ADD,6,2
1318,ADD,7,2
1318,ADD,8,8
1318,REMOVE,0,8
1318,REMOVE,1,8
1318,REMOVE,2,2
1318,REMOVE,3,8
1318,REMOVE,5,2
1318,REMOVE,7,8
1318,REMOVE,8,7
1319,ADD,0,2
1319,ADD,0,8
1319,ADD,2,2
1319,ADD,3,8
1319,ADD,5,8
1319,ADD,8,7
1319,ADD,9,2
1319,REMOVE,0,7
1319,REMOVE,1,7
1319,REMOVE,2,7
1319,REMOVE,2,8
1319,REMOVE,3,7
1319,REMOVE,4,2
1319,REMOVE,8,8
1319,REMOVE,9,8
1320,ADD,2,7
1320,ADD,2,8
1320,ADD,3,2
1320,ADD,3,7
1320,ADD,4,2
1320,ADD,7,7
1320,ADD,9,7
1320,REMOVE,0,2
1320,REMOVE,2,2
1320,REMOVE,3,8
1320,REMOVE,7,2
1321,ADD,0,2
1321,ADD,0,7
1321,ADD,1,5
1321,ADD,3,8
1321,ADD,4,8
1321,ADD,6,8
1321,ADD,7,2
1321,REMOVE,0,8
1321,REMOVE,2,8
1321,REMOVE,3,2
1321,REMOVE,4,2
1321,REMOVE,6,2
1321,REMOVE,7,7
1321,REMOVE,9,7
1322,ADD,1,4
1322,ADD,2,8
1322,ADD,4,2
1322,ADD,7,7
1322,ADD,9,3
1322,ADD,9,7
1322,REMOVE,1,5
1322,REMOVE,3,7
1322,REMOVE,4,8
1322,REMOVE,5,7
1322,REMOVE,7,2
1322,REMOVE,9,2
1323,ADD,1,1
1323,ADD,2,2
1323,ADD,3,2
1323,ADD,3,3
1323,ADD,4,8
1323,ADD,5,7
1323,ADD,7,2
1323,REMOVE,0,2
1323,REMOVE,1,4
1323,REMOVE,2,8
1323,REMOVE,3,8
1323,REMOVE,4,2
1323,REMOVE,5,8
1323,REMOVE,6,8
1324,ADD,1,2
1324,ADD,1,9
1324,ADD,2,8
1324,ADD,3,7
1324,ADD,5,3
1324,ADD,6,8
1324,REMOVE,1,1
1324,REMOVE,2,2
1324,REMOVE,3,2
1324,REMOVE,3,3
1324,REMOVE,6,7
1324,REMOVE,7,2
1324,REMOVE,9,3
1325,ADD,0,2
1325,ADD,0,8
1325,ADD,1,7
1325,ADD,5,2
1325,ADD,6,7
1325,REMOVE,0,7
1325,REMOVE,1,2
1325,REMOVE,1,9
1325,REMOVE,4,8
1325,REMOVE,5,7
1325,REMOVE,6,8
1326,ADD,0,7
1326,ADD,2,2
1326,ADD,3,2
1326,ADD,3,3
1326,ADD,4,8
1326,ADD,5,7
1326,REMOVE,0,2
1326,REMOVE,0,8
1326,REMOVE,2,8
1326,REMOVE,3,7
1326,REMOVE,5,2
1326,REMOVE,5,3
1327,ADD,0,8
1327,ADD,2,3
1327,ADD,3,7
1327,ADD,3,8
1327,ADD,7,2
1327,ADD,7,8
1327,ADD,8,8
1327,REMOVE,0,7
1327,REMOVE,2,2
1327,REMOVE,3,2
1327,REMOVE,3,3
1327,REMOVE,7,7
1327,REMOVE,8,7
1328,ADD,0,2
1328,ADD,4,2
1328,ADD,6,2
1328,ADD,7,3
1328,ADD,7,7
1328,ADD,8,2
1328,ADD,9,2
1328,REMOVE,4,8
1328,REMOVE,7,2
1328,REMOVE,7,8
1328,REMOVE,8,8
1329,ADD,0,7
1329,ADD,1,2
1329,ADD,2,2
1329,ADD,3,2
1329,ADD,4,8
1329,ADD,5,3
1329,ADD,6,8
1329,ADD,8,7
1329,ADD,9,3
1329,REMOVE,0,2
1329,REMOVE,0,8
1329,REMOVE,1,7
1329,REMOVE,2,3
1329,REMOVE,2,7
1329,REMOVE,3,7
1329,REMOVE,3,8
1329,REMOVE,4,2
1329,REMOVE,6,2
1329,REMOVE,7,3
1329,REMOVE,9,2
1330,ADD,1,7
1330,ADD,1,8
1330,ADD,2,8
1330,ADD,3,7
1330,ADD,5,2
1330,REMOVE,1,2
1330,REMOVE,3,2
1330,REMOVE,4,8
1330,REMOVE,5,3
1330,REMOVE,6,8
1330,REMOVE,8,2
1330,REMOVE,9,3
1331,ADD,0,8
1331,ADD,1,2
1331,ADD,2,3
1331,ADD,2,7
1331,ADD,3,5
1331,ADD,3,8
1331,ADD,4,2
1331,ADD,6,2
1331,ADD,7,8
1331,ADD,9,8
1331,REMOVE,1,8
1331,REMOVE,2,2
1331,REMOVE,2,8
1331,REMOVE,3,7
1331,REMOVE,5,2
1331,REMOVE,9,7
1332,ADD,1,9
1332,ADD,7,3
1332,ADD,8,2
1332,ADD,9,7
1332,REMOVE,0,8
1332,REMOVE,1,2
1332,REMOVE,1,7
1332,REMOVE,2,3
1332,REMOVE,3,5
1332,REMOVE,4,2
1332,REMOVE,6,2
1332,REMOVE,7,7
1332,REMOVE,7,8
1332,REMOVE,8,7
1332,REMOVE,9,8
1333,ADD,1,7
1333,ADD,2,8
1333,ADD,3,4
1333,ADD,4,2
1333,ADD,5,8
1333,ADD,6,8
1333,ADD,7,2
1333,ADD,8,7
1333,ADD,9,2
1333,REMOVE,1,9
1333,REMOVE,2,7
1333,REMOVE,3,8
1333,REMOVE,4,7
1333,REMOVE,7,3
1333,REMOVE,8,2
1334,ADD,2,3
1334,ADD,2,9
1334,ADD,3,2
1334,ADD,4,7
1334,ADD,5,2
1334,ADD,6,2
1334,ADD,7,7
1334,ADD,8,2
1334,REMOVE,2,8
1334,REMOVE,3,4
1334,REMOVE,4,2
1334,REMOVE,5,7
1334,REMOVE,6,8
1334,REMOVE,7,2
1334,REMOVE,9,7
1335,ADD,0,8
1335,ADD,1,2
1335,ADD,2,2
1335,ADD,2,7
1335,ADD,3,7
1335,ADD,5,7
1335,ADD,7,3
1335,ADD,9,7
1335,REMOVE,0,7
1335,REMOVE,1,7
1335,REMOVE,2,3
1335,REMOVE,2,9
1335,REMOVE,5,2
1335,REMOVE,5,8
1336,ADD,0,2
1336,ADD,0,7
1336,ADD,1,7
1336,ADD,4,2
1336,ADD,5,3
1336,ADD,6,8
1336,ADD,6,9
1336,ADD,7,2
1336,ADD,9,8
1336,REMOVE,0,8
1336,REMOVE,1,2
1336,REMOVE,3,2
1336,REMOVE,6,2
1336,REMOVE,6,7
1336,REMOVE,7,7
1336,REMOVE,8,7
1336,REMOVE,9,7
1337,ADD,0,8
1337,ADD,1,2
1337,ADD,5,2
1337,ADD,6,7
1337,ADD,7,7
1337,ADD,8,7
1337,ADD,9,7
1337,REMOVE,0,2
1337,REMOVE,0,7
1337,REMOVE,1,7
1337,REMOVE,2,2
1337,REMOVE,5,3
1337,REMOVE,6,8
1337,REMOVE,6,9
1337,REMOVE,7,2
1337,REMOVE,7,3
1337,REMOVE,9,8
1338,ADD,0,7
1338,ADD,1,7
1338,ADD,1,8
1338,ADD,2,2
1338,ADD,3,8
1338,ADD,5,8
1338,ADD,6,2
1338,REMOVE,0,8
1338,REMOVE,1,2
1338,REMOVE,5,2
1338,REMOVE,5,7
1338,REMOVE,8,2
1339,ADD,2,8
1339,ADD,3,6
1339,ADD,5,7
1339,ADD,7,4
1339,REMOVE,1,8
1339,REMOVE,2,2
1339,REMOVE,2,7
1339,REMOVE,3,7
1339,REMOVE,5,8
1339,REMOVE,7,7
1339,REMOVE,9,2
1340,ADD,2,2
1340,ADD,2,7
1340,ADD,3,7
1340,ADD,5,8
1340,ADD,6,8
1340,ADD,7,2
1340,ADD,9,2
1340,REMOVE,2,8
1340,REMOVE,3,6
1340,REMOVE,3,8
1340,REMOVE,4,2
1340,REMOVE,5,7
1340,REMOVE,6,7
1340,REMOVE,7,4
1341,ADD,0,8
1341,ADD,1,2
1341,ADD,3,2
1341,ADD,4,2
1341,ADD,5,2
1341,ADD,6,7
1341,ADD,7,7
1341,ADD,8,2
1341,ADD,9,3
1341,REMOVE,2,2
1341,REMOVE,6,8
1341,REMOVE,9,2
1342,ADD,0,2
1342,ADD,7,8
1342,ADD,9,8
1342,REMOVE,0,8
1342,REMOVE,5,8
1342,REMOVE,7,7
1342,REMOVE,9,3
1343,ADD,1,8
1343,ADD,2,2
1343,ADD,4,8
1343,ADD,5,7
1343,ADD,6,8
1343,ADD,7,7
1343,REMOVE,0,7
1343,REMOVE,1,2
1343,REMOVE,3,2
1343,REMOVE,4,2
1343,REMOVE,4,7
1343,REMOVE,5,2
1343,REMOVE,6,2
1343,REMOVE,7,2
1343,REMOVE,7,8
1343,REMOVE,8,2
1343,REMOVE,9,8
1344,ADD,0,7
1344,ADD,1,2
1344,ADD,2,3
1344,ADD,3,2
1344,ADD,4,7
1344,ADD,5,2
1344,ADD,6,3
1344,ADD,8,2
1344,ADD,8,9
1344,ADD,9,8
1344,REMOVE,0,2
1344,REMOVE,1,7
1344,REMOVE,4,8
1344,REMOVE,6,8
1344,REMOVE,8,7
1345,ADD,1,7
1345,ADD,4,2
1345,ADD,6,2
1345,ADD,7,2
1345,ADD,8,7
1345,ADD,9,2
1345,REMOVE,1,2
1345,REMOVE,1,8
1345,REMOVE,2,2
1345,REMOVE,2,3
1345,REMOVE,4,7
1345,REMOVE,6,7
1345,REMOVE,7,7
1345,REMOVE,8,2
1345,REMOVE,8,9
1345,REMOVE,9,8
1346,ADD,1,2
1346,ADD,1,8
1346,ADD,4,7
1346,ADD,4,8
1346,ADD,5,8
1346,ADD,6,7
1346,ADD,7,7
1346,ADD,9,8
1346,REMOVE,1,7
1346,REMOVE,3,2
1346,REMOVE,4,2
1346,REMOVE,5,2
1346,REMOVE,6,2
1346,REMOVE,6,3
1346,REMOVE,7,2
1346,REMOVE,9,2
1347,ADD,0,8
1347,ADD,2,8
1347,ADD,3,2
1347,ADD,3,8
1347,ADD,8,2
1347,REMOVE,1,2
1347,REMOVE,3,7
1347,REMOVE,4,8
1347,REMOVE,5,8
1347,REMOVE,9,7
1348,ADD,1,2
1348,ADD,3,7
1348,ADD,4,3
1348,ADD,5,2
1348,ADD,7,8
1348,ADD,9,2
1348,REMOVE,3,2
1348,REMOVE,7,7
1349,ADD,0,2
1349,ADD,1,7
1349,ADD,2,2
1349,ADD,3,2
1349,ADD,4,2
1349,ADD,6,8
1349,ADD,7,7
1349,ADD,8,8
1349,ADD,8,9
1349,ADD,9,7
1349,REMOVE,0,8
1349,REMOVE,1,2
1349,REMOVE,1,8
1349,REMOVE,2,8
1349,REMOVE,3,7
1349,REMOVE,3,8
1349,REMOVE,4,3
1349,REMOVE,5,2
1349,REMOVE,7,8
1349,REMOVE,8,2
1349,REMOVE,8,7
1349,REMOVE,9,8
1350,ADD,3,7
1350,ADD,4,8
1350,ADD,5,2
1350,ADD,6,2
1350,ADD,8,7
1350,REMOVE,2,2
1350,REMOVE,3,2
1350,REMOVE,4,2
1350,REMOVE,6,8
1350,REMOVE,8,8
1350,REMOVE,8,9
1350,REMOVE,9,2
1351,ADD,0,8
1351,ADD,1,5
1351,ADD,2,3
1351,ADD,5,8
1351,ADD,8,2
1351,ADD,9,8
1351,REMOVE,0,2
1351,REMOVE,5,2
1351,REMOVE,6,2
1352,ADD,2,2
1352,ADD,3,8
1352,ADD,7,8
1352,ADD,9,2
1352,REMOVE,1,5
1352,REMOVE,2,7
1352,REMOVE,7,7
1352,REMOVE,8,7
1352,REMOVE,9,8
1353,ADD,2,7
1353,ADD,4,2
1353,ADD,6,8
1353,ADD,7,2
1353,ADD,8,8
1353,REMOVE,0,8
1353,REMOVE,2,2
1353,REMOVE,2,3
1353,REMOVE,3,8
1353,REMOVE,4,8
1353,REMOVE,5,8
1353,REMOVE,6,7
1353,REMOVE,7,8
1353,REMOVE,8,2
1354,ADD,0,2
1354,ADD,2,2
1354,ADD,3,2
1354,ADD,3,8
1354,ADD,4,8
1354,ADD,5,2
1354,ADD,6,2
1354,ADD,6,7
1354,ADD,7,7
1354,ADD,8,7
1354,ADD,9,8
1354,REMOVE,3,7
1354,REMOVE,4,2
1354,REMOVE,6,8
1354,REMOVE,7,2
1354,REMOVE,8,8
1354,REMOVE,9,2
1355,ADD,1,8
1355,ADD,3,7
1355,ADD,4,2
1355,ADD,7,8
1355,ADD,9,2
1355,REMOVE,3,8
1355,REMOVE,4,8
1355,REMOVE,5,2
1356,ADD,0,8
1356,ADD,2,8
1356,ADD,3,8
1356,ADD,7,1
1356,ADD,8,2
1356,ADD,8,9
1356,REMOVE,0,2
1356,REMOVE,1,8
1356,REMOVE,2,2
1356,REMOVE,3,2
1356,REMOVE,7,7
1356,REMOVE,7,8
1356,REMOVE,8,7
1356,REMOVE,9,2
1357,ADD,0,2
1357,ADD,1,2
1357,ADD,2,2
1357,ADD,4,8
1357,ADD,5,2
1357,ADD,7,7
1357,ADD,8,7
1357,REMOVE,0,7
1357,REMOVE,0,8
1357,REMOVE,1,7
1357,REMOVE,2,8
1357,REMOVE,3,8
1357,REMOVE,4,2
1357,REMOVE,6,2
1357,REMOVE,7,1
1357,REMOVE,8,2
1357,REMOVE,8,9
1357,REMOVE,9,7
1358,ADD,0,7
1358,ADD,0,8
1358,ADD,1,7
1358,ADD,7,2
1358,ADD,8,8
1358,ADD,9,7
1358,REMOVE,0,2
1358,REMOVE,1,2
1358,REMOVE,2,2
1358,REMOVE,4,8
1358,REMOVE,7,7
1358,REMOVE,9,8
1359,ADD,1,8
1359,ADD,1,9
1359,ADD,2,2
1359,ADD,4,2
1359,ADD,4,8
1359,ADD,6,2
1359,ADD,6,8
1359,ADD,7,7
1359,ADD,9,2
1359,REMOVE,0,8
1359,REMOVE,1,7
1359,REMOVE,4,7
1359,REMOVE,6,7
1359,REMOVE,7,2
1359,REMOVE,8,8
1359,REMOVE,9,7
1360,ADD,0,2
1360,ADD,1,7
1360,ADD,3,2
1360,ADD,3,8
1360,ADD,4,7
1360,ADD,6,7
1360,ADD,7,5
1360,ADD,7,8
1360,ADD,9,8
1360,REMOVE,0,7
1360,REMOVE,1,8
1360,REMOVE,1,9
1360,REMOVE,3,7
1360,REMOVE,4,8
1360,REMOVE,6,2
1360,REMOVE,6,8
1360,REMOVE,7,7
1360,REMOVE,9,2
1361,ADD,0,7
1361,ADD,0,8
1361,ADD,2,8
1361,ADD,8,8
1361,REMOVE,0,2
1361,REMOVE,2,2
1361,REMOVE,3,8
1361,REMOVE,5,2
1361,REMOVE,7,5
1361,REMOVE,8,7
1361,REMOVE,9,8
1362,ADD,0,2
1362,ADD,3,7
1362,ADD,5,2
1362,ADD,5,9
1362,ADD,7,7
1362,ADD,8,7
1362,ADD,9,7
1362,REMOVE,0,8
1362,REMOVE,4,2
1362,REMOVE,5,7
1362,REMOVE,7,8
1362,REMOVE,8,8
1363,ADD,0,8
1363,ADD,4,8
1363,ADD,5,7
1363,ADD,6,8
1363,ADD,8,2
1363,ADD,9,2
1363,REMOVE,0,2
1363,REMOVE,0,7
1363,REMOVE,5,2
1363,REMOVE,5,9
1363,REMOVE,9,7
1364,ADD,0,9
1364,ADD,1,8
1364,ADD,2,2
1364,ADD,5,8
1364,ADD,6,2
1364,ADD,9,7
1364,REMOVE,0,8
1364,REMOVE,2,8
1364,REMOVE,3,2
1364,REMOVE,6,8
1364,REMOVE,9,2
1365,ADD,4,2
1365,ADD,8,8
1365,REMOVE,4,8
1365,REMOVE,5,8
1365,REMOVE,6,2
1365,REMOVE,8,2
1365,REMOVE,8,7
1366,ADD,0,7
1366,ADD,1,2
1366,ADD,2,8
1366,ADD,3,8
1366,ADD,4,8
1366,ADD,5,8
1366,ADD,8,9
1366,ADD,9,9
1366,REMOVE,0,9
1366,REMOVE,1,7
1366,REMOVE,1,8
1366,REMOVE,2,2
1366,REMOVE,4,2
1366,REMOVE,8,8
1366,REMOVE,9,7
1367,ADD,1,8
1367,ADD,2,2
1367,ADD,4,2
1367,ADD,6,2
1367,ADD,7,2
1367,ADD,8,7
1367,ADD,9,8
1367,REMOVE,1,2
1367,REMOVE,2,8
1367,REMOVE,4,8
1367,REMOVE,5,8
1367,REMOVE,7,7
1367,REMOVE,8,9
1367,REMOVE,9,9
1368,ADD,1,7
1368,ADD,4,8
1368,ADD,5,3
1368,ADD,6,8
1368,ADD,7,7
1368,ADD,8,2
1368,ADD,8,9
1368,ADD,9,7
1368,REMOVE,1,8
1368,REMOVE,2,7
1368,REMOVE,3,8
1368,REMOVE,4,2
1368,REMOVE,4,7
1368,REMOVE,6,2
1368,REMOVE,7,2
1368,REMOVE,8,7
1368,REMOVE,9,8
1369,ADD,0,8
1369,ADD,1,2
1369,ADD,2,7
1369,ADD,3,2
1369,ADD,4,2
1369,ADD,4,7
1369,ADD,5,8
1369,ADD,6,2
1369,ADD,7,2
1369,ADD,8,3
1369,ADD,8,7
1369,ADD,9,2
1369,REMOVE,1,7
1369,REMOVE,4,8
1369,REMOVE,5,3
1369,REMOVE,6,8
1369,REMOVE,8,2
1369,REMOVE,8,9
1369,REMOVE,9,7
1370,ADD,1,7
1370,ADD,1,8
1370,ADD,4,8
1370,ADD,6,8
1370,ADD,9,7
1370,REMOVE,0,8
1370,REMOVE,1,2
1370,REMOVE,3,2
1370,REMOVE,4,2
1370,REMOVE,6,2
1370,REMOVE,7,2
1370,REMOVE,8,3
1370,REMOVE,9,2
1371,ADD,0,2
1371,ADD,1,2
1371,ADD,7,2
1371,ADD,8,8
1371,ADD,8,9
1371,REMOVE,1,8
1371,REMOVE,7,7
1371,REMOVE,8,7
1372,ADD,2,8
1372,ADD,3,8
1372,ADD,7,8
1372,ADD,8,6
1372,ADD,9,4
1372,REMOVE,2,2
1372,REMOVE,8,9
1372,REMOVE,9,7
1373,ADD,1,8
1373,ADD,3,3
1373,ADD,7,7
1373,ADD,8,7
1373,ADD,9,7
1373,REMOVE,1,2
1373,REMOVE,3,8
1373,REMOVE,5,8
1373,REMOVE,7,2
1373,REMOVE,7,8
1373,REMOVE,8,6
1373,REMOVE,8,8
1373,REMOVE,9,4
1374,ADD,0,8
1374,ADD,2,3
1374,ADD,4,2
1374,ADD,5,8
1374,ADD,6,2
1374,ADD,7,2
1374,ADD,8,8
1374,REMOVE,0,2
1374,REMOVE,0,7
1374,REMOVE,1,8
1374,REMOVE,2,8
1374,REMOVE,3,3
1374,REMOVE,4,7
1374,REMOVE,4,8
1374,REMOVE,6,7
1374,REMOVE,7,7
1374,REMOVE,8,7
1375,ADD,0,7
1375,ADD,2,8
1375,ADD,4,7
1375,ADD,5,3
1375,ADD,6,7
1375,ADD,7,7
1375,ADD,8,7
1375,ADD,9,8
1375,REMOVE,0,8
1375,REMOVE,2,3
1375,REMOVE,5,8
1375,REMOVE,6,2
1375,REMOVE,7,2
1375,REMOVE,8,8
1375,REMOVE,9,7
1376,ADD,2,2
1376,ADD,8,2
1376,ADD,9,7
1376,REMOVE,2,8
1376,REMOVE,5,3
1376,REMOVE,6,8
1376,REMOVE,8,7
1376,REMOVE,9,8
1377,ADD,0,2
1377,ADD,2,8
1377,ADD,3,2
1377,ADD,4,8
1377,ADD,5,2
1377,ADD,6,2
1377,ADD,7,8
1377,ADD,8,7
1377,ADD,8,8
1377,ADD,9,2
1377,ADD,9,9
1377,REMOVE,2,2
1377,REMOVE,4,2
1377,REMOVE,8,2
1377,REMOVE,9,7
1378,ADD,1,8
1378,ADD,5,8
1378,ADD,7,3
1378,ADD,8,2
1378,ADD,9,7
1378,REMOVE,0,2
1378,REMOVE,2,8
1378,REMOVE,3,2
1378,REMOVE,5,2
1378,REMOVE,6,2
1378,REMOVE,7,7
1378,REMOVE,7,8
1378,REMOVE,8,8
1378,REMOVE,9,2
1378,REMOVE,9,9
1379,ADD,0,3
1379,ADD,2,2
1379,ADD,3,2
1379,ADD,6,2
1379,ADD,7,2
1379,ADD,8,5
1379,ADD,8,8
1379,ADD,9,8
1379,REMOVE,1,8
1379,REMOVE,5,8
1379,REMOVE,8,2
1379,REMOVE,8,7
1379,REMOVE,9,7
1380,ADD,0,2
1380,ADD,1,3
1380,ADD,1,8
1380,ADD,4,2
1380,ADD,5,8
1380,ADD,7,7
1380,ADD,7,8
1380,ADD,8,2
1380,ADD,8,7
1380,ADD,9,7
1380,REMOVE,0,3
1380,REMOVE,1,7
1380,REMOVE,2,2
1380,REMOVE,4,8
1380,REMOVE,5,7
1380,REMOVE,7,2
1380,REMOVE,7,3
1380,REMOVE,8,5
1380,REMOVE,8,8
1380,REMOVE,9,8
1381,ADD,0,8
1381,ADD,1,2
1381,ADD,2,8
1381,ADD,4,8
1381,ADD,5,2
1381,ADD,5,7
1381,ADD,9,1
1381,ADD,9,8
1381,REMOVE,0,2
1381,REMOVE,1,3
1381,REMOVE,1,8
1381,REMOVE,3,2
1381,REMOVE,4,2
1381,REMOVE,5,8
1381,REMOVE,6,2
1381,REMOVE,8,2
1381,REMOVE,9,7
1382,ADD,0,2
1382,ADD,3,2
1382,ADD,5,3
1382,ADD,7,2
1382,ADD,8,2
1382,ADD,8,8
1382,ADD,9,7
1382,REMOVE,0,7
1382,REMOVE,0,8
1382,REMOVE,5,7
1382,REMOVE,7,7
1382,REMOVE,7,8
1382,REMOVE,8,7
1382,REMOVE,9,1
1382,REMOVE,9,8
1383,ADD,0,7
1383,ADD,0,8
1383,ADD,1,7
1383,ADD,2,2
1383,ADD,3,8
1383,ADD,5,7
1383,ADD,6,2
1383,ADD,7,7
1383,ADD,8,7
1383,REMOVE,0,2
1383,REMOVE,2,7
1383,REMOVE,3,2
1383,REMOVE,4,8
1383,REMOVE,5,3
1383,REMOVE,7,2
1383,REMOVE,8,8
1384,ADD,2,7
1384,ADD,3,2
1384,ADD,4,2
1384,ADD,6,8
1384,ADD,7,2
1384,ADD,8,8
1384,ADD,9,2
1384,ADD,9,8
1384,REMOVE,0,8
1384,REMOVE,1,2
1384,REMOVE,2,2
1384,REMOVE,2,8
1384,REMOVE,3,8
1384,REMOVE,5,2
1384,REMOVE,6,2
1384,REMOVE,8,2
1384,REMOVE,9,7
1385,ADD,0,2
1385,ADD,1,2
1385,ADD,2,2
1385,ADD,4,8
1385,ADD,5,2
1385,REMOVE,1,7
1385,REMOVE,3,2
1385,REMOVE,4,2
1385,REMOVE,7,2
1385,REMOVE,8,8
1385,REMOVE,9,2
1386,ADD,3,8
1386,ADD,4,2
1386,ADD,7,8
1386,ADD,9,7
1386,REMOVE,0,7
1386,REMOVE,4,8
1386,REMOVE,5,2
1386,REMOVE,6,8
1386,REMOVE,9,8
1387,ADD,0,7
1387,ADD,1,7
1387,ADD,3,2
1387,ADD,5,8
1387,ADD,6,2
1387,ADD,7,3
1387,ADD,7,5
1387,ADD,9,9
1387,REMOVE,0,2
1387,REMOVE,1,2
1387,REMOVE,3,7
1387,REMOVE,3,8
1387,REMOVE,7,7
1387,REMOVE,7,8
1387,REMOVE,9,7
1388,ADD,0,2
1388,ADD,0,8
1388,ADD,1,8
1388,ADD,2,9
1388,ADD,3,7
1388,ADD,4,8
1388,ADD,4,9
1388,ADD,5,2
1388,ADD,6,8
1388,ADD,7,7
1388,ADD,9,3
1388,REMOVE,0,7
1388,REMOVE,2,2
1388,REMOVE,2,7
1388,REMOVE,4,2
1388,REMOVE,4,7
1388,REMOVE,5,7
1388,REMOVE,5,8
1388,REMOVE,6,7
1388,REMOVE,7,3
1388,REMOVE,7,5
1388,REMOVE,9,9
1389,ADD,0,7
1389,ADD,2,7
1389,ADD,2,8
1389,ADD,4,2
1389,ADD,4,7
1389,ADD,5,7
1389,ADD,5,8
1389,ADD,6,7
1389,ADD,9,7
1389,REMOVE,0,2
1389,REMOVE,0,8
1389,REMOVE,1,8
1389,REMOVE,2,9
1389,REMOVE,3,7
1389,REMOVE,4,8
1389,REMOVE,4,9
1389,REMOVE,5,2
1389,REMOVE,6,8
1389,REMOVE,9,3
1390,ADD,0,8
1390,ADD,1,2
1390,ADD,7,8
1390,REMOVE,2,7
1390,REMOVE,5,7
1390,REMOVE,7,7
1391,ADD,2,7
1391,ADD,3,7
1391,ADD,3,8
1391,ADD,5,7
1391,ADD,8,8
1391,ADD,9,8
1391,REMOVE,0,8
1391,REMOVE,1,2
1391,REMOVE,2,8
1391,REMOVE,3,2
1391,REMOVE,4,2
1391,REMOVE,5,8
1391,REMOVE,6,2
1391,REMOVE,8,7
1391,REMOVE,9,7
1392,ADD,2,2
1392,ADD,4,2
1392,ADD,5,6
1392,ADD,6,2
1392,ADD,6,8
1392,ADD,7,2
1392,ADD,8,2
1392,REMOVE,3,8
1392,REMOVE,5,7
1392,REMOVE,6,7
1392,REMOVE,7,8
1392,REMOVE,8,8
1393,ADD,3,2
1393,ADD,5,7
1393,ADD,5,8
1393,ADD,6,7
1393,ADD,7,4
1393,ADD,9,2
1393,REMOVE,0,7
1393,REMOVE,2,2
1393,REMOVE,4,2
1393,REMOVE,5,6
1393,REMOVE,6,2
1393,REMOVE,6,8
1393,REMOVE,7,2
1393,REMOVE,9,8
1394,ADD,0,8
1394,ADD,1,2
1394,ADD,3,8
1394,ADD,4,8
1394,ADD,5,2
1394,ADD,6,8
1394,ADD,7,2
1394,ADD,8,7
1394,ADD,8,8
1394,ADD,9,8
1394,REMOVE,1,7
1394,REMOVE,3,2
1394,REMOVE,3,7
1394,REMOVE,4,7
1394,REMOVE,5,8
1394,REMOVE,7,4
1394,REMOVE,8,2
1394,REMOVE,9,2
1395,ADD,1,7
1395,ADD,3,2
1395,ADD,4,2
1395,ADD,4,7
1395,ADD,7,8
1395,ADD,8,2
1395,ADD,9,7
1395,REMOVE,0,8
1395,REMOVE,1,2
1395,REMOVE,3,8
1395,REMOVE,4,8
1395,REMOVE,5,2
1395,REMOVE,6,8
1395,REMOVE,7,2
1395,REMOVE,8,8
1395,REMOVE,9,8
1396,ADD,3,8
1396,ADD,4,8
1396,ADD,5,6
1396,ADD,7,5
1396,REMOVE,4,2
1396,REMOVE,5,7
1396,REMOVE,7,8
1396,REMOVE,8,2
1397,ADD,2,8
1397,ADD,3,7
1397,ADD,4,2
1397,ADD,5,5
1397,ADD,5,8
1397,ADD,7,7
1397,REMOVE,3,8
1397,REMOVE,4,8
1397,REMOVE,5,6
1397,REMOVE,7,5
1398,ADD,0,6
1398,ADD,3,8
1398,ADD,4,8
1398,ADD,5,2
1398,ADD,8,2
1398,REMOVE,2,8
1398,REMOVE,3,2
1398,REMOVE,4,2
1398,REMOVE,5,5
1398,REMOVE,8,7
1399,ADD,0,8
1399,ADD,5,7
1399,ADD,7,4
1399,ADD,8,8
1399,ADD,9,2
1399,REMOVE,0,6
1399,REMOVE,4,7
1399,REMOVE,5,2
1399,REMOVE,5,8
1399,REMOVE,7,7
1399,REMOVE,8,2
1399,REMOVE,9,7
1400,ADD,1,3
1400,ADD,3,2
1400,ADD,3,3
1400,ADD,4,2
1400,ADD,4,7
1400,ADD,5,2
1400,ADD,7,7
1400,ADD,8,7
1400,ADD,9,7
1400,REMOVE,0,8
1400,REMOVE,3,7
1400,REMOVE,3,8
1400,REMOVE,4,8
1400,REMOVE,7,4
1400,REMOVE,8,8
1400,REMOVE,9,2
1401,ADD,0,9
1401,ADD,1,5
1401,ADD,2,8
1401,ADD,3,7
1401,ADD,6,8
1401,ADD,8,2
1401,ADD,8,8
1401,ADD,9,5
1401,ADD,9,8
1401,REMOVE,1,3
1401,REMOVE,1,7
1401,REMOVE,3,3
1401,REMOVE,4,2
1401,REMOVE,5,2
1401,REMOVE,8,7
1401,REMOVE,9,7
1402,ADD,0,7
1402,ADD,1,7
1402,ADD,3,9
1402,ADD,7,8
1402,ADD,9,6
1402,REMOVE,0,9
1402,REMOVE,1,5
1402,REMOVE,2,8
1402,REMOVE,3,2
1402,REMOVE,3,7
1402,REMOVE,6,8
1402,REMOVE,7,7
1402,REMOVE,9,5
1402,REMOVE,9,8
1403,ADD,1,2
1403,ADD,2,2
1403,ADD,3,8
1403,ADD,4,2
1403,ADD,4,8
1403,ADD,6,2
1403,ADD,7,4
1403,ADD,9,7
1403,REMOVE,1,7
1403,REMOVE,2,7
1403,REMOVE,3,9
1403,REMOVE,4,7
1403,REMOVE,7,8
1403,REMOVE,8,8
1403,REMOVE,9,6
1404,ADD,0,8
1404,ADD,0,9
1404,ADD,1,5
1404,ADD,2,7
1404,ADD,3,7
1404,ADD,4,7
1404,ADD,7,7
1404,ADD,8,7
1404,ADD,9,8
1404,REMOVE,0,7
1404,REMOVE,1,2
1404,REMOVE,3,8
1404,REMOVE,4,2
1404,REMOVE,6,2
1404,REMOVE,7,4
1404,REMOVE,9,7
1405,ADD,0,7
1405,ADD,1,2
1405,ADD,4,2
1405,ADD,6,8
1405,ADD,7,8
1405,ADD,8,8
1405,ADD,9,2
1405,REMOVE,0,8
1405,REMOVE,0,9
1405,REMOVE,1,5
1405,REMOVE,2,2
1405,REMOVE,4,8
1405,REMOVE,6,7
1405,REMOVE,7,7
1405,REMOVE,8,2
1405,REMOVE,9,8
1406,ADD,0,2
1406,ADD,1,8
1406,ADD,3,8
1406,ADD,4,8
1406,ADD,5,2
1406,ADD,6,5
1406,ADD,8,9
1406,ADD,9,7
1406,REMOVE,1,2
1406,REMOVE,3,7
1406,REMOVE,4,7
1406,REMOVE,5,7
1406,REMOVE,6,8
1406,REMOVE,8,7
1406,REMOVE,8,8
1406,REMOVE,9,2
1407,ADD,1,7
1407,ADD,3,3
1407,ADD,4,7
1407,ADD,5,7
1407,ADD,6,8
1407,ADD,7,7
1407,ADD,8,7
1407,ADD,9,8
1407,REMOVE,0,2
1407,REMOVE,1,8
1407,REMOVE,3,8
1407,REMOVE,4,2
1407,REMOVE,4,8
1407,REMOVE,5,2
1407,REMOVE,6,5
1407,REMOVE,7,8
1407,REMOVE,8,9
1407,REMOVE,9,7
1408,ADD,0,8
1408,ADD,2,2
1408,ADD,3,7
1408,ADD,4,2
1408,ADD,5,5
1408,ADD,6,7
1408,ADD,8,8
1408,ADD,9,3
1408,REMOVE,2,7
1408,REMOVE,3,3
1408,REMOVE,5,7
1408,REMOVE,6,8
1408,REMOVE,8,7
1408,REMOVE,9,8
1409,ADD,1,8
1409,ADD,2,7
1409,ADD,3,8
1409,ADD,5,7
1409,ADD,7,5
1409,ADD,7,8
1409,ADD,8,7
1409,ADD,9,4
1409,REMOVE,0,8
1409,REMOVE,1,7
1409,REMOVE,2,2
1409,REMOVE,4,7
1409,REMOVE,5,5
1409,REMOVE,7,7
1409,REMOVE,8,8
1409,REMOVE,9,3
1410,ADD,1,7
1410,ADD,2,8
1410,ADD,3,4
1410,ADD,4,7
1410,ADD,5,5
1410,ADD,5,8
1410,ADD,6,8
1410,ADD,7,3
1410,ADD,8,3
1410,REMOVE,2,7
1410,REMOVE,3,7
1410,REMOVE,3,8
1410,REMOVE,5,7
1410,REMOVE,6,7
1410,REMOVE,7,5
1410,REMOVE,7,8
1410,REMOVE,8,7
1411,ADD,2,3
1411,ADD,2,7
1411,ADD,3,7
1411,ADD,5,7
1411,ADD,6,2
1411,ADD,7,8
1411,ADD,8,8
1411,ADD,9,7
1411,REMOVE,2,8
1411,REMOVE,3,4
1411,REMOVE,5,5
1411,REMOVE,6,8
1411,REMOVE,7,3
1411,REMOVE,8,3
1411,REMOVE,9,4
1412,ADD,0,8
1412,ADD,0,9
1412,ADD,5,2
1412,ADD,6,7
1412,ADD,6,8
1412,ADD,7,5
1412,ADD,8,7
1412,ADD,9,2
1412,REMOVE,0,7
1412,REMOVE,1,8
1412,REMOVE,2,3
1412,REMOVE,4,2
1412,REMOVE,5,7
1412,REMOVE,5,8
1412,REMOVE,6,2
1412,REMOVE,7,8
1412,REMOVE,8,8
1412,REMOVE,9,7
1413,ADD,0,7
1413,ADD,3,5
1413,ADD,6,5
1413,ADD,7,2
1413,ADD,8,8
1413,ADD,9,4
1413,REMOVE,0,8
1413,REMOVE,0,9
1413,REMOVE,3,7
1413,REMOVE,6,7
1413,REMOVE,7,5
1413,REMOVE,8,7
1413,REMOVE,9,2
1414,ADD,0,3
1414,ADD,3,9
1414,ADD,4,8
1414,ADD,5,7
1414,ADD,7,8
1414,ADD,8,6
1414,REMOVE,0,7
1414,REMOVE,3,5
1414,REMOVE,4,7
1414,REMOVE,5,2
1414,REMOVE,6,5
1414,REMOVE,6,8
1414,REMOVE,7,2
1414,REMOVE,8,8
1414,REMOVE,9,4
1415,ADD,0,9
1415,ADD,2,2
1415,ADD,3,8
1415,ADD,4,3
1415,ADD,5,9
1415,ADD,6,7
1415,ADD,7,2
1415,ADD,8,9
1415,ADD,9,7
1415,REMOVE,0,3
1415,REMOVE,2,7
1415,REMOVE,3,9
1415,REMOVE,4,8
1415,REMOVE,5,7
1415,REMOVE,7,8
1415,REMOVE,8,6
1416,ADD,1,4
1416,ADD,2,7
1416,ADD,3,7
1416,ADD,4,7
1416,ADD,5,6
1416,ADD,8,8
1416,ADD,9,2
1416,REMOVE,1,7
1416,REMOVE,2,2
1416,REMOVE,3,8
1416,REMOVE,4,3
1416,REMOVE,5,9
1416,REMOVE,8,9
1416,REMOVE,9,7
1417,ADD,0,8
1417,ADD,1,6
1417,ADD,5,7
1417,ADD,6,9
1417,ADD,8,7
1417,ADD,9,7
1417,REMOVE,0,9
1417,REMOVE,1,4
1417,REMOVE,5,6
1417,REMOVE,6,7
1417,REMOVE,7,2
1417,REMOVE,8,8
1417,REMOVE,9,2
1418,ADD,0,2
1418,ADD,0,9
1418,ADD,1,8
1418,ADD,3,2
1418,ADD,4,2
1418,ADD,5,8
1418,ADD,6,7
1418,ADD,7,7
1418,ADD,8,8
1418,ADD,8,9
1418,REMOVE,0,8
1418,REMOVE,1,6
1418,REMOVE,3,7
1418,REMOVE,6,9
1418,REMOVE,8,7
1419,ADD,0,7
1419,ADD,1,9
1419,ADD,2,8
1419,ADD,4,8
1419,ADD,6,8
1419,ADD,6,9
1419,ADD,7,2
1419,ADD,8,7
1419,ADD,9,9
1419,REMOVE,0,2
1419,REMOVE,0,9
1419,REMOVE,1,8
1419,REMOVE,4,2
1419,REMOVE,4,7
1419,REMOVE,5,8
1419,REMOVE,6,7
1419,REMOVE,7,7
1419,REMOVE,8,8
1419,REMOVE,8,9
1419,REMOVE,9,7
1420,ADD,0,4
1420,ADD,2,2
1420,ADD,5,4
1420,ADD,8,8
1420,ADD,9,8
1420,REMOVE,0,7
1420,REMOVE,1,9
1420,REMOVE,2,7
1420,REMOVE,2,8
1420,REMOVE,5,7
1420,REMOVE,6,9
1420,REMOVE,8,7
1420,REMOVE,9,9
1421,ADD,1,8
1421,ADD,2,3
1421,ADD,2,7
1421,ADD,3,7
1421,ADD,5,8
1421,ADD,6,2
1421,ADD,9,1
1421,REMOVE,2,2
1421,REMOVE,3,2
1421,REMOVE,5,4
1421,REMOVE,6,8
1421,REMOVE,9,8
1422,ADD,0,7
1422,ADD,1,7
1422,ADD,2,9
1422,ADD,5,2
1422,ADD,6,8
1422,ADD,7,9
1422,ADD,8,2
1422,ADD,9,7
1422,REMOVE,0,4
1422,REMOVE,1,8
1422,REMOVE,2,3
1422,REMOVE,2,7
1422,REMOVE,5,8
1422,REMOVE,6,2
1422,REMOVE,7,2
1422,REMOVE,8,8
1422,REMOVE,9,1
1423,ADD,0,9
1423,ADD,1,8
1423,ADD,2,7
1423,ADD,2,8
1423,ADD,3,2
1423,ADD,4,3
1423,ADD,5,4
1423,ADD,7,8
1423,REMOVE,0,7
1423,REMOVE,1,7
1423,REMOVE,2,9
1423,REMOVE,3,7
1423,REMOVE,4,8
1423,REMOVE,5,2
1423,REMOVE,7,9
1424,ADD,0,2
1424,ADD,1,4
1424,ADD,2,6
1424,ADD,4,8
1424,ADD,5,8
1424,ADD,6,7
1424,ADD,7,9
1424,ADD,8,9
1424,ADD,9,4
1424,REMOVE,0,9
1424,REMOVE,1,8
1424,REMOVE,2,7
1424,REMOVE,2,8
1424,REMOVE,4,3
1424,REMOVE,5,4
1424,REMOVE,6,8
1424,REMOVE,7,8
1424,REMOVE,8,2
1424,REMOVE,9,7
1425,ADD,0,7
1425,ADD,1,2
1425,ADD,2,7
1425,ADD,3,8
1425,ADD,4,9
1425,ADD,5,7
1425,ADD,6,8
1425,ADD,7,8
1425,ADD,8,7
1425,ADD,9,2
1425,REMOVE,0,2
1425,REMOVE,1,4
1425,REMOVE,2,6
1425,REMOVE,3,2
1425,REMOVE,4,8
1425,REMOVE,5,8
1425,REMOVE,6,7
1425,REMOVE,7,9
1425,REMOVE,8,9
1425,REMOVE,9,4
1426,ADD,0,9
1426,ADD,1,7
1426,ADD,2,8
1426,ADD,4,7
1426,ADD,8,8
1426,ADD,9,7
1426,REMOVE,0,7
1426,REMOVE,1,2
1426,REMOVE,4,9
1426,REMOVE,6,8
1426,REMOVE,9,2
1427,ADD,0,2
1427,ADD,2,2
1427,ADD,4,8
1427,ADD,7,2
1427,ADD,8,6
1427,ADD,9,3
1427,REMOVE,2,7
1427,REMOVE,2,8
1427,REMOVE,7,8
1427,REMOVE,8,7
1427,REMOVE,8,8
1428,ADD,0,7
1428,ADD,2,5
1428,ADD,3,5
1428,ADD,4,1
1428,ADD,5,9
1428,ADD,7,9
1428,ADD,9,2
1428,REMOVE,0,2
1428,REMOVE,0,9
1428,REMOVE,1,7
1428,REMOVE,2,2
1428,REMOVE,3,8
1428,REMOVE,4,7
1428,REMOVE,4,8
1428,REMOVE,5,7
1428,REMOVE,7,2
1428,REMOVE,8,6
1428,REMOVE,9,3
1428,REMOVE,9,7
1429,ADD,0,8
1429,ADD,1,7
1429,ADD,2,2
1429,ADD,3,1
1429,ADD,4,7
1429,ADD,5,4
1429,ADD,6,7
1429,ADD,7,7
1429,ADD,8,1
1429,ADD,9,9
1429,REMOVE,0,7
1429,REMOVE,2,5
1429,REMOVE,3,5
1429,REMOVE,4,1
1429,REMOVE,5,9
1429,REMOVE,7,9
1429,REMOVE,9,2
1430,ADD,0,7
1430,ADD,1,9
1430,ADD,2,6
1430,ADD,3,6
1430,ADD,4,2
1430,ADD,4,9
1430,ADD,5,7
1430,ADD,8,2
1430,ADD,9,7
1430,ADD,9,8
1430,REMOVE,0,8
1430,REMOVE,1,7
1430,REMOVE,2,2
1430,REMOVE,3,1
1430,REMOVE,4,7
1430,REMOVE,5,4
1430,REMOVE,7,7
1430,REMOVE,8,1
1430,REMOVE,9,9
1431,ADD,0,4
1431,ADD,2,2
1431,ADD,2,8
1431,ADD,3,8
1431,ADD,4,7
1431,ADD,5,8
1431,ADD,6,8
1431,ADD,8,7
1431,REMOVE,0,7
1431,REMOVE,2,6
1431,REMOVE,3,6
1431,REMOVE,4,2
1431,REMOVE,4,9
1431,REMOVE,5,7
1431,REMOVE,6,7
1431,REMOVE,8,2
1431,REMOVE,9,8
1432,ADD,1,1
1432,ADD,2,0
1432,ADD,3,7
1432,ADD,5,2
1432,ADD,6,3
1432,ADD,7,2
1432,ADD,9,9
1432,REMOVE,1,9
1432,REMOVE,2,2
1432,REMOVE,2,8
1432,REMOVE,3,8
1432,REMOVE,5,8
1432,REMOVE,6,8
1432,REMOVE,9,7
1433,ADD,0,7
1433,ADD,1,9
1433,ADD,2,7
1433,ADD,3,8
1433,ADD,4,8
1433,ADD,5,7
1433,ADD,6,7
1433,ADD,7,7
1433,ADD,9,8
1433,REMOVE,0,4
1433,REMOVE,1,1
1433,REMOVE,2,0
1433,REMOVE,3,7
1433,REMOVE,4,7
1433,REMOVE,5,2
1433,REMOVE,6,3
1433,REMOVE,7,2
1434,ADD,0,9
1434,ADD,1,8
1434,ADD,4,3
1434,ADD,4,7
1434,ADD,6,9
1434,ADD,8,2
1434,REMOVE,0,7
1434,REMOVE,4,8
1434,REMOVE,6,7
1434,REMOVE,8,7
1434,REMOVE,9,9
1435,ADD,0,7
1435,ADD,1,1
1435,ADD,2,2
1435,ADD,3,6
1435,ADD,4,8
1435,ADD,5,1
1435,ADD,6,8
1435,ADD,8,1
1435,ADD,9,7
1435,REMOVE,0,9
1435,REMOVE,1,8
1435,REMOVE,1,9
1435,REMOVE,2,7
1435,REMOVE,3,8
1435,REMOVE,4,3
1435,REMOVE,4,7
1435,REMOVE,5,7
1435,REMOVE,6,9
1435,REMOVE,8,2
1435,REMOVE,9,8
1436,ADD,0,8
1436,ADD,1,2
1436,ADD,2,7
1436,ADD,3,8
1436,ADD,4,3
1436,ADD,5,9
1436,ADD,6,0
1436,ADD,7,4
1436,ADD,8,7
1436,ADD,9,5
1436,REMOVE,0,7
1436,REMOVE,1,1
1436,REMOVE,2,2
1436,REMOVE,3,6
1436,REMOVE,4,8
1436,REMOVE,5,1
1436,REMOVE,6,8
1436,REMOVE,7,7
1436,REMOVE,8,1
1436,REMOVE,9,7
1437,ADD,0,5
1437,ADD,1,9
1437,ADD,2,2
1437,ADD,3,7
1437,ADD,4,8
1437,ADD,5,5
1437,ADD,6,7
1437,ADD,7,1
1437,ADD,9,8
1437,REMOVE,0,8
1437,REMOVE,1,2
1437,REMOVE,2,7
1437,REMOVE,3,8
1437,REMOVE,4,3
1437,REMOVE,6,0
1437,REMOVE,7,4
1437,REMOVE,9,5
1438,ADD,0,8
1438,ADD,1,7
1438,ADD,2,9
1438,ADD,3,8
1438,ADD,4,7
1438,ADD,5,7
1438,ADD,6,8
1438,ADD,7,4
1438,ADD,9,7
1438,REMOVE,0,5
1438,REMOVE,1,9
1438,REMOVE,2,2
1438,REMOVE,3,7
1438,REMOVE,4,8
1438,REMOVE,5,5
1438,REMOVE,5,9
1438,REMOVE,6,7
1438,REMOVE,7,1
1439,ADD,0,7
1439,ADD,1,2
1439,ADD,3,2
1439,ADD,6,3
1439,ADD,7,9
1439,REMOVE,0,8
1439,REMOVE,1,7
1439,REMOVE,3,8
1439,REMOVE,6,8
1439,REMOVE,7,4
1439,REMOVE,9,7
1440,ADD,0,8
1440,ADD,1,7
1440,ADD,2,8
1440,ADD,3,3
1440,ADD,3,5
1440,ADD,5,8
1440,ADD,6,7
1440,ADD,7,7
1440,ADD,9,5
1440,REMOVE,0,7
1440,REMOVE,1,2
1440,REMOVE,2,9
1440,REMOVE,3,2
1440,REMOVE,5,7
1440,REMOVE,6,3
1440,REMOVE,7,9
1440,REMOVE,9,8
1441,ADD,2,2
1441,ADD,2,7
1441,ADD,3,7
1441,ADD,5,7
1441,ADD,7,4
1441,ADD,8,4
1441,ADD,9,4
1441,REMOVE,2,8
1441,REMOVE,3,3
1441,REMOVE,3,5
1441,REMOVE,5,8
1441,REMOVE,7,7
1441,REMOVE,8,7
1441,REMOVE,9,5
1442,ADD,0,7
1442,ADD,2,5
1442,ADD,3,2
1442,ADD,5,3
1442,ADD,6,4
1442,ADD,8,9
1442,ADD,9,0
1442,REMOVE,0,8
1442,REMOVE,2,2
1442,REMOVE,2,7
1442,REMOVE,3,7
1442,REMOVE,5,7
1442,REMOVE,6,7
1442,REMOVE,7,4
1442,REMOVE,8,4
1442,REMOVE,9,4
1443,ADD,0,4
1443,ADD,1,5
1443,ADD,2,2
1443,ADD,4,2
1443,ADD,6,2
1443,ADD,9,9
1443,REMOVE,0,7
1443,REMOVE,1,7
1443,REMOVE,2,5
1443,REMOVE,4,7
1443,REMOVE,5,3
1443,REMOVE,6,4
1443,REMOVE,9,0
1444,ADD,0,2
1444,ADD,2,0
1444,ADD,5,2
1444,ADD,8,5
1444,REMOVE,0,4
1444,REMOVE,1,5
1444,REMOVE,2,2
1444,REMOVE,6,2
1444,REMOVE,8,9
1444,REMOVE,9,9
1445,ADD,1,3
1445,ADD,6,8
1445,ADD,8,8
1445,ADD,9,7
1445,REMOVE,2,0
1445,REMOVE,3,2
1445,REMOVE,5,2
1445,REMOVE,8,5
1446,ADD,0,8
1446,ADD,1,5
1446,ADD,2,0
1446,ADD,3,8
1446,ADD,5,7
1446,ADD,7,9
1446,ADD,8,2
1446,ADD,9,4
1446,REMOVE,0,2
1446,REMOVE,1,3
1446,REMOVE,8,8
1446,REMOVE,9,7
1447,ADD,0,7
1447,ADD,1,2
1447,ADD,2,7
1447,ADD,3,5
1447,ADD,4,7
1447,ADD,5,4
1447,ADD,6,7
1447,ADD,7,2
1447,ADD,8,7
1447,REMOVE,0,8
1447,REMOVE,1,5
1447,REMOVE,2,0
1447,REMOVE,3,8
1447,REMOVE,5,7
1447,REMOVE,6,8
1447,REMOVE,7,9
1447,REMOVE,8,2
1447,REMOVE,9,4
1448,ADD,0,3
1448,ADD,2,3
1448,ADD,3,8
1448,ADD,4,1
1448,ADD,5,9
1448,ADD,7,7
1448,ADD,8,2
1448,ADD,9,2
1448,REMOVE,0,7
1448,REMOVE,1,2
1448,REMOVE,2,7
1448,REMOVE,3,5
1448,REMOVE,4,2
1448,REMOVE,4,7
1448,REMOVE,5,4
1448,REMOVE,7,2
1449,ADD,0,9
1449,ADD,1,8
1449,ADD,2,7
1449,ADD,3,4
1449,ADD,4,3
1449,ADD,4,7
1449,ADD,5,7
1449,ADD,6,8
1449,ADD,7,1
1449,ADD,9,7
1449,ADD,9,8
1449,REMOVE,0,3
1449,REMOVE,2,3
1449,REMOVE,3,8
1449,REMOVE,4,1
1449,REMOVE,5,9
1449,REMOVE,6,7
1449,REMOVE,7,7
1449,REMOVE,8,2
1449,REMOVE,9,2
1450,ADD,0,7
1450,ADD,1,9
1450,ADD,2,8
1450,ADD,2,9
1450,ADD,3,2
1450,ADD,4,8
1450,ADD,5,8
1450,ADD,6,2
1450,ADD,7,8
1450,ADD,8,5
1450,ADD,8,9
1450,REMOVE,0,9
1450,REMOVE,1,8
1450,REMOVE,2,7
1450,REMOVE,3,4
1450,REMOVE,4,3
1450,REMOVE,4,7
1450,REMOVE,5,7
1450,REMOVE,6,8
1450,REMOVE,7,1
1450,REMOVE,8,7
1450,REMOVE,9,7
1451,ADD,0,6
1451,ADD,1,8
1451,ADD,3,7
1451,ADD,4,7
1451,ADD,5,1
1451,ADD,6,3
1451,ADD,8,7
1451,ADD,9,9
1451,REMOVE,0,7
1451,REMOVE,1,9
1451,REMOVE,2,9
1451,REMOVE,3,2
1451,REMOVE,4,8
1451,REMOVE,5,8
1451,REMOVE,6,2
1451,REMOVE,7,8
1451,REMOVE,8,5
1451,REMOVE,8,9
1451,REMOVE,9,8
