slot,timestamp,action_count,adds,removes,actions,placement_before,placement_after,demand,attachment_points,total_requests,demand_pairs,covered_pairs_after,uncovered_pairs_after,coverage_ratio_after,objective,R_nominal,B_nominal,R_wc,B_wc,Op_cost,solve_time,status
1,0,29,2,27,"ADD:2,2;ADD:4,8;REMOVE:0,4;REMOVE:0,8;REMOVE:1,5;REMOVE:1,7;REMOVE:2,5;REMOVE:2,7;REMOVE:2,8;REMOVE:3,5;REMOVE:3,6;REMOVE:3,8;REMOVE:4,7;REMOVE:4,9;REMOVE:5,0;REMOVE:5,1;REMOVE:5,8;REMOVE:6,8;REMOVE:7,0;REMOVE:7,4;REMOVE:7,5;REMOVE:7,6;REMOVE:8,3;REMOVE:8,4;REMOVE:8,5;REMOVE:8,8;REMOVE:9,0;REMOVE:9,7;REMOVE:9,8",0:4|8;1:5|7;2:5|7|8;3:5|6|8;4:7|9;5:0|1|8|9;6:8;7:0|3|4|5|6;8:3|4|5|8;9:0|7|8,0:-;1:-;2:2;3:-;4:8;5:9;6:-;7:3;8:-;9:-,2@0=1;2@2=1;4@5=1;4@7=1;4@8=1;5@9=1,"0,2,5,7,8,9",6,6,6,0,1.0,0.7810497195799333,0.9310344827586207,0.050015236821312585,0.0,0.0,0.2,0.1778419017791748,Feasible
2,1,6,2,4,"ADD:2,3;ADD:5,7;REMOVE:2,2;REMOVE:4,8;REMOVE:5,9;REMOVE:7,3",0:-;1:-;2:2;3:-;4:8;5:9;6:-;7:3;8:-;9:-,0:-;1:-;2:3;3:-;4:-;5:7;6:-;7:-;8:-;9:-,2@1=1;2@2=1;2@3=2;5@7=1,"1,2,3,7",5,4,4,0,1.0,0.8617656735981307,1.0,0.06176567359813059,0.0,0.0,0.2,0.14977407455444336,Feasible
3,2,2,1,1,"ADD:4,3;REMOVE:5,7",0:-;1:-;2:3;3:-;4:-;5:7;6:-;7:-;8:-;9:-,0:-;1:-;2:3;3:-;4:3;5:-;6:-;7:-;8:-;9:-,2@3=1;4@3=1,3,2,2,2,0,1.0,0.49236622651321205,0.5,0.092366226513212,0.0,0.0,0.1,0.13316726684570312,Feasible
4,3,4,2,2,"ADD:2,1;ADD:4,1;REMOVE:2,3;REMOVE:4,3",0:-;1:-;2:3;3:-;4:3;5:-;6:-;7:-;8:-;9:-,0:-;1:-;2:1;3:-;4:1;5:-;6:-;7:-;8:-;9:-,2@1=1;4@1=2,1,3,2,2,0,1.0,0.9059842636045685,1.0,0.10598426360456857,0.0,0.0,0.2,0.15060925483703613,Feasible
5,4,5,3,2,"ADD:2,7;ADD:5,4;ADD:6,3;REMOVE:2,1;REMOVE:4,1",0:-;1:-;2:1;3:-;4:1;5:-;6:-;7:-;8:-;9:-,0:-;1:-;2:7;3:-;4:-;5:4;6:3;7:-;8:-;9:-,2@4=1;2@6=1;2@7=1;5@4=1;6@3=1,"4,6,7,3",5,5,5,0,1.0,0.7562934785889264,1.0,0.05629347858892648,0.0,0.0,0.30000000000000004,0.19986796379089355,Feasible
6,5,5,2,3,"ADD:2,4;ADD:4,7;REMOVE:2,7;REMOVE:5,4;REMOVE:6,3",0:-;1:-;2:7;3:-;4:-;5:4;6:3;7:-;8:-;9:-,0:-;1:-;2:4;3:-;4:7;5:-;6:-;7:-;8:-;9:-,2@4=1;4@7=1,"4,7",2,2,2,0,1.0,0.9155793383255939,1.0,0.1155793383255939,0.0,0.0,0.2,0.15482282638549805,Feasible
7,6,3,1,2,"ADD:4,4;REMOVE:2,4;REMOVE:4,7",0:-;1:-;2:4;3:-;4:7;5:-;6:-;7:-;8:-;9:-,0:-;1:-;2:-;3:-;4:4;5:-;6:-;7:-;8:-;9:-,4@4=1,4,1,1,1,0,1.0,1.015718550795881,1.0,0.11571855079588109,0.0,0.0,0.1,0.14029502868652344,Feasible
8,7,2,1,1,"ADD:6,5;REMOVE:4,4",0:-;1:-;2:-;3:-;4:4;5:-;6:-;7:-;8:-;9:-,0:-;1:-;2:-;3:-;4:-;5:-;6:5;7:-;8:-;9:-,6@5=1,5,1,1,1,0,1.0,0.9920827386445231,1.0,0.09208273864452313,0.0,0.0,0.1,0.1483449935913086,Feasible
9,8,2,1,1,"ADD:4,8;REMOVE:6,5",0:-;1:-;2:-;3:-;4:-;5:-;6:5;7:-;8:-;9:-,0:-;1:-;2:-;3:-;4:8;5:-;6:-;7:-;8:-;9:-,4@1=1;4@2=1;4@8=1,"1,2,8",3,3,3,0,1.0,0.9383950647866784,1.0,0.03839506478667843,0.0,0.0,0.1,0.16193199157714844,Feasible
10,9,3,2,1,"ADD:3,8;ADD:4,3;REMOVE:4,8",0:-;1:-;2:-;3:-;4:8;5:-;6:-;7:-;8:-;9:-,0:-;1:-;2:-;3:8;4:3;5:-;6:-;7:-;8:-;9:-,3@8=1;4@3=1,"8,3",2,2,2,0,1.0,0.907851506265555,1.0,0.107851506265555,0.0,0.0,0.2,0.14948296546936035,Feasible
11,10,4,2,2,"ADD:4,9;ADD:5,6;REMOVE:3,8;REMOVE:4,3",0:-;1:-;2:-;3:8;4:3;5:-;6:-;7:-;8:-;9:-,0:-;1:-;2:-;3:-;4:9;5:6;6:-;7:-;8:-;9:-,4@1=1;4@2=1;5@6=1,"1,2,6",3,3,3,0,1.0,0.8282428081296322,1.0,0.028242808129632115,0.0,0.0,0.2,0.1487870216369629,Feasible
12,11,3,1,2,"ADD:4,3;REMOVE:4,9;REMOVE:5,6",0:-;1:-;2:-;3:-;4:9;5:6;6:-;7:-;8:-;9:-,0:-;1:-;2:-;3:-;4:3;5:-;6:-;7:-;8:-;9:-,4@3=1,3,1,1,1,0,1.0,1.0024961768752871,1.0,0.10249617687528731,0.0,0.0,0.1,0.14773821830749512,Feasible
13,12,4,3,1,"ADD:3,8;ADD:4,0;ADD:5,8;REMOVE:4,3",0:-;1:-;2:-;3:-;4:3;5:-;6:-;7:-;8:-;9:-,0:-;1:-;2:-;3:8;4:0;5:8;6:-;7:-;8:-;9:-,3@6=1;3@8=1;4@0=1;5@8=1,"6,8,0",4,4,4,0,1.0,0.7735280774180691,1.0,0.07352807741806908,0.0,0.0,0.30000000000000004,0.1667499542236328,Feasible
14,13,5,2,3,"ADD:2,7;ADD:4,5;REMOVE:3,8;REMOVE:4,0;REMOVE:5,8",0:-;1:-;2:-;3:8;4:0;5:8;6:-;7:-;8:-;9:-,0:-;1:-;2:7;3:-;4:5;5:-;6:-;7:-;8:-;9:-,2@4=1;2@9=1;4@5=1,"4,9,5",3,3,3,0,1.0,0.8277143382299919,1.0,0.027714338229991736,0.0,0.0,0.2,0.16256308555603027,Feasible
15,14,5,3,2,"ADD:2,6;ADD:4,9;ADD:5,1;REMOVE:2,7;REMOVE:4,5",0:-;1:-;2:7;3:-;4:5;5:-;6:-;7:-;8:-;9:-,0:-;1:-;2:6;3:-;4:9;5:1;6:-;7:-;8:-;9:-,2@6=1;4@6=1;4@2=2;5@1=1,"6,2,1",5,4,4,0,1.0,0.7420511303957784,1.0,0.04205113039577856,0.0,0.0,0.30000000000000004,0.1497950553894043,Feasible
16,15,5,2,3,"ADD:2,2;ADD:4,5;REMOVE:2,6;REMOVE:4,9;REMOVE:5,1",0:-;1:-;2:6;3:-;4:9;5:1;6:-;7:-;8:-;9:-,0:-;1:-;2:2;3:-;4:5;5:-;6:-;7:-;8:-;9:-,2@0=1;2@2=1;4@5=1,"0,2,5",3,3,3,0,1.0,0.8606083221314984,1.0,0.06060832213149845,0.0,0.0,0.2,0.1450669765472412,Feasible
17,16,3,1,2,"ADD:4,3;REMOVE:2,2;REMOVE:4,5",0:-;1:-;2:2;3:-;4:5;5:-;6:-;7:-;8:-;9:-,0:-;1:-;2:-;3:-;4:3;5:-;6:-;7:-;8:-;9:-,4@2=1;4@3=1,"2,3",2,2,2,0,1.0,0.9471526961615925,1.0,0.04715269616159257,0.0,0.0,0.1,0.1385340690612793,Feasible
18,17,2,1,1,"ADD:4,4;REMOVE:4,3",0:-;1:-;2:-;3:-;4:3;5:-;6:-;7:-;8:-;9:-,0:-;1:-;2:-;3:-;4:4;5:-;6:-;7:-;8:-;9:-,4@4=1,4,1,1,1,0,1.0,0.9844194491247279,1.0,0.0844194491247279,0.0,0.0,0.1,0.1308760643005371,Feasible
19,18,2,1,1,"ADD:5,2;REMOVE:4,4",0:-;1:-;2:-;3:-;4:4;5:-;6:-;7:-;8:-;9:-,0:-;1:-;2:-;3:-;4:-;5:2;6:-;7:-;8:-;9:-,5@2=1,2,1,1,1,0,1.0,1.0037377425923668,1.0,0.10373774259236698,0.0,0.0,0.1,0.13038897514343262,Feasible
20,19,3,2,1,"ADD:4,0;ADD:6,7;REMOVE:5,2",0:-;1:-;2:-;3:-;4:-;5:2;6:-;7:-;8:-;9:-,0:-;1:-;2:-;3:-;4:0;5:-;6:7;7:-;8:-;9:-,4@0=1;6@2=1;6@7=2,"0,2,7",4,3,3,0,1.0,0.8745439070684475,1.0,0.07454390706844753,0.0,0.0,0.2,0.14833521842956543,Feasible
21,20,4,2,2,"ADD:2,9;ADD:4,4;REMOVE:4,0;REMOVE:6,7",0:-;1:-;2:-;3:-;4:0;5:-;6:7;7:-;8:-;9:-,0:-;1:-;2:9;3:-;4:4;5:-;6:-;7:-;8:-;9:-,2@9=1;4@4=1,"9,4",2,2,2,0,1.0,0.9039407142138565,1.0,0.10394071421385646,0.0,0.0,0.2,0.13688898086547852,Feasible
22,21,3,1,2,"ADD:4,2;REMOVE:2,9;REMOVE:4,4",0:-;1:-;2:9;3:-;4:4;5:-;6:-;7:-;8:-;9:-,0:-;1:-;2:-;3:-;4:2;5:-;6:-;7:-;8:-;9:-,4@0=1;4@2=1;4@4=1,"0,2,4",3,3,3,0,1.0,0.9324070163351464,1.0,0.032407016335146525,0.0,0.0,0.1,0.14811086654663086,Feasible
23,22,2,1,1,"ADD:4,7;REMOVE:4,2",0:-;1:-;2:-;3:-;4:2;5:-;6:-;7:-;8:-;9:-,0:-;1:-;2:-;3:-;4:7;5:-;6:-;7:-;8:-;9:-,4@1=1;4@2=2;4@7=1,"1,2,7",4,3,3,0,1.0,0.9248337717634642,1.0,0.024833771763464026,0.0,0.0,0.1,0.14560699462890625,Feasible
24,23,3,2,1,"ADD:5,9;ADD:6,3;REMOVE:4,7",0:-;1:-;2:-;3:-;4:7;5:-;6:-;7:-;8:-;9:-,0:-;1:-;2:-;3:-;4:-;5:9;6:3;7:-;8:-;9:-,5@9=1;6@3=1,"9,3",2,2,2,0,1.0,0.898808193720346,1.0,0.09880819372034608,0.0,0.0,0.2,0.13767194747924805,Feasible
25,24,3,2,1,"ADD:4,2;ADD:6,1;REMOVE:6,3",0:-;1:-;2:-;3:-;4:-;5:9;6:3;7:-;8:-;9:-,0:-;1:-;2:-;3:-;4:2;5:9;6:1;7:-;8:-;9:-,4@2=1;5@2=1;5@6=1;6@1=1,"2,6,1",4,4,4,0,1.0,0.35097798698714205,0.5,0.050977986987142086,0.0,0.0,0.2,0.14778590202331543,Feasible
26,25,4,1,3,"ADD:4,8;REMOVE:4,2;REMOVE:5,9;REMOVE:6,1",0:-;1:-;2:-;3:-;4:2;5:9;6:1;7:-;8:-;9:-,0:-;1:-;2:-;3:-;4:8;5:-;6:-;7:-;8:-;9:-,4@5=2;4@6=2,"5,6",4,2,2,0,1.0,0.9,1.0,0.0,0.0,0.0,0.1,0.13887739181518555,Feasible
27,26,3,2,1,"ADD:4,7;ADD:5,4;REMOVE:4,8",0:-;1:-;2:-;3:-;4:8;5:-;6:-;7:-;8:-;9:-,0:-;1:-;2:-;3:-;4:7;5:4;6:-;7:-;8:-;9:-,4@1=2;4@4=1;4@7=1;4@9=1;5@4=1,"1,4,7,9",6,5,5,0,1.0,0.8286042771393995,1.0,0.028604277139399607,0.0,0.0,0.2,0.15488314628601074,Feasible
28,27,2,1,1,"ADD:6,2;REMOVE:5,4",0:-;1:-;2:-;3:-;4:7;5:4;6:-;7:-;8:-;9:-,0:-;1:-;2:-;3:-;4:7;5:-;6:2;7:-;8:-;9:-,4@7=1;6@2=1,"7,2",2,2,2,0,1.0,0.49979582607953,0.5,0.09979582607953,0.0,0.0,0.1,0.13713502883911133,Feasible
29,28,6,4,2,"ADD:2,7;ADD:4,3;ADD:5,5;ADD:6,6;REMOVE:4,7;REMOVE:6,2",0:-;1:-;2:-;3:-;4:7;5:-;6:2;7:-;8:-;9:-,0:-;1:-;2:7;3:-;4:3;5:5;6:6;7:-;8:-;9:-,2@0=1;2@1=1;2@2=1;2@3=1;2@6=1;4@3=1;5@5=1;6@1=2;6@6=1,"0,1,2,3,6,5",10,9,9,0,1.0,0.6326280699407355,1.0,0.03262806994073555,0.0,0.0,0.4,0.17223381996154785,Feasible
30,29,6,2,4,"ADD:4,8;ADD:6,4;REMOVE:2,7;REMOVE:4,3;REMOVE:5,5;REMOVE:6,6",0:-;1:-;2:7;3:-;4:3;5:5;6:6;7:-;8:-;9:-,0:-;1:-;2:-;3:-;4:8;5:-;6:4;7:-;8:-;9:-,4@4=1;4@6=1;4@8=1;6@4=1,"4,6,8",4,4,4,0,1.0,0.8493737325859094,1.0,0.04937373258590947,0.0,0.0,0.2,0.14694714546203613,Feasible
31,30,4,2,2,"ADD:4,5;ADD:6,8;REMOVE:4,8;REMOVE:6,4",0:-;1:-;2:-;3:-;4:8;5:-;6:4;7:-;8:-;9:-,0:-;1:-;2:-;3:-;4:5;5:-;6:8;7:-;8:-;9:-,4@0=1;4@2=2;4@5=1;6@2=1;6@1=1;6@8=1,"0,2,5,1,8",7,6,6,0,1.0,0.8319911894368353,1.0,0.031991189436835134,0.0,0.0,0.2,0.14888286590576172,Feasible
32,31,5,3,2,"ADD:3,6;ADD:4,6;ADD:5,1;REMOVE:4,5;REMOVE:6,8",0:-;1:-;2:-;3:-;4:5;5:-;6:8;7:-;8:-;9:-,0:-;1:-;2:-;3:6;4:6;5:1;6:-;7:-;8:-;9:-,3@6=1;4@6=1;4@4=1;5@1=1,"6,4,1",4,4,4,0,1.0,0.7763665486558442,1.0,0.0763665486558442,0.0,0.0,0.30000000000000004,0.14264392852783203,Feasible
33,32,6,3,3,"ADD:4,8;ADD:5,7;ADD:6,7;REMOVE:3,6;REMOVE:4,6;REMOVE:5,1",0:-;1:-;2:-;3:6;4:6;5:1;6:-;7:-;8:-;9:-,0:-;1:-;2:-;3:-;4:8;5:7;6:7;7:-;8:-;9:-,4@4=1;4@7=1;4@8=1;5@7=1;5@1=1;6@1=1;6@0=1;6@2=1,"4,7,8,1,0,2",8,8,8,0,1.0,0.7212537412460596,1.0,0.021253741246059506,0.0,0.0,0.30000000000000004,0.15968608856201172,Feasible
34,33,4,1,3,"ADD:4,4;REMOVE:4,8;REMOVE:5,7;REMOVE:6,7",0:-;1:-;2:-;3:-;4:8;5:7;6:7;7:-;8:-;9:-,0:-;1:-;2:-;3:-;4:4;5:-;6:-;7:-;8:-;9:-,4@4=1,4,1,1,1,0,1.0,1.0154298386556069,1.0,0.11542983865560696,0.0,0.0,0.1,0.12200593948364258,Feasible
35,34,3,2,1,"ADD:4,9;ADD:6,7;REMOVE:4,4",0:-;1:-;2:-;3:-;4:4;5:-;6:-;7:-;8:-;9:-,0:-;1:-;2:-;3:-;4:9;5:-;6:7;7:-;8:-;9:-,4@3=1;4@6=1;6@4=1;6@9=1,"3,6,4,9",4,4,4,0,1.0,0.8,1.0,0.0,0.0,0.0,0.2,0.144819974899292,Feasible
36,35,4,3,1,"ADD:3,8;ADD:4,7;ADD:5,3;REMOVE:4,9",0:-;1:-;2:-;3:-;4:9;5:-;6:7;7:-;8:-;9:-,0:-;1:-;2:-;3:8;4:7;5:3;6:7;7:-;8:-;9:-,3@8=1;4@4=1;4@7=1;4@9=1;5@3=2;6@0=2;6@2=1;6@6=1,"8,4,7,9,3,0,2,6",10,8,8,0,1.0,0.23967500190495994,0.5,0.03967500190496,0.0,0.0,0.30000000000000004,0.16556620597839355,Feasible
37,36,4,1,3,"ADD:4,1;REMOVE:3,8;REMOVE:4,7;REMOVE:5,3",0:-;1:-;2:-;3:8;4:7;5:3;6:7;7:-;8:-;9:-,0:-;1:-;2:-;3:-;4:1;5:-;6:7;7:-;8:-;9:-,4@1=1;6@0=1;6@6=1,"1,0,6",3,3,3,0,1.0,0.6850537558494847,0.75,0.035053755849484634,0.0,0.0,0.1,0.13830184936523438,Feasible
38,37,4,2,2,"ADD:4,6;ADD:6,9;REMOVE:4,1;REMOVE:6,7",0:-;1:-;2:-;3:-;4:1;5:-;6:7;7:-;8:-;9:-,0:-;1:-;2:-;3:-;4:6;5:-;6:9;7:-;8:-;9:-,4@6=1;6@3=1;6@9=1,"6,3,9",3,3,3,0,1.0,0.8693810427764541,1.0,0.06938104277645402,0.0,0.0,0.2,0.13325023651123047,Feasible
39,38,4,2,2,"ADD:4,7;ADD:6,4;REMOVE:4,6;REMOVE:6,9",0:-;1:-;2:-;3:-;4:6;5:-;6:9;7:-;8:-;9:-,0:-;1:-;2:-;3:-;4:7;5:-;6:4;7:-;8:-;9:-,4@3=1;4@7=1;6@4=1,"3,7,4",3,3,3,0,1.0,0.8618914657032108,1.0,0.06189146570321083,0.0,0.0,0.2,0.13336777687072754,Feasible
40,39,4,2,2,"ADD:2,2;ADD:4,8;REMOVE:4,7;REMOVE:6,4",0:-;1:-;2:-;3:-;4:7;5:-;6:4;7:-;8:-;9:-,0:-;1:-;2:2;3:-;4:8;5:-;6:-;7:-;8:-;9:-,2@0=1;2@2=2;2@4=1;2@8=1;4@4=1;4@1=1,"0,2,4,8,1",7,6,6,0,1.0,0.8314789263528917,1.0,0.03147892635289154,0.0,0.0,0.2,0.14898467063903809,Feasible
41,40,4,3,1,"ADD:2,1;ADD:5,4;ADD:6,6;REMOVE:2,2",0:-;1:-;2:2;3:-;4:8;5:-;6:-;7:-;8:-;9:-,0:-;1:-;2:1;3:-;4:8;5:4;6:6;7:-;8:-;9:-,2@1=3;4@8=1;5@4=1;6@6=1,"1,8,4,6",6,4,4,0,1.0,0.29826419647757973,0.5,0.09826419647757981,0.0,0.0,0.30000000000000004,0.14349889755249023,Feasible
42,41,5,2,3,"ADD:4,2;ADD:6,2;REMOVE:2,1;REMOVE:4,8;REMOVE:6,6",0:-;1:-;2:1;3:-;4:8;5:4;6:6;7:-;8:-;9:-,0:-;1:-;2:-;3:-;4:2;5:4;6:2;7:-;8:-;9:-,4@0=1;4@4=1;4@5=1;4@9=1;5@4=1;6@2=1,"0,4,5,9,2",6,6,6,0,1.0,0.5813898523996084,0.75,0.03138985239960834,0.0,0.0,0.2,0.15104889869689941,Feasible
43,42,5,2,3,"ADD:4,6;ADD:6,9;REMOVE:4,2;REMOVE:5,4;REMOVE:6,2",0:-;1:-;2:-;3:-;4:2;5:4;6:2;7:-;8:-;9:-,0:-;1:-;2:-;3:-;4:6;5:-;6:9;7:-;8:-;9:-,4@6=1;6@9=1,"6,9",2,2,2,0,1.0,0.9103170554626014,1.0,0.11031705546260136,0.0,0.0,0.2,0.13021492958068848,Feasible
44,43,3,1,2,"ADD:4,2;REMOVE:4,6;REMOVE:6,9",0:-;1:-;2:-;3:-;4:6;5:-;6:9;7:-;8:-;9:-,0:-;1:-;2:-;3:-;4:2;5:-;6:-;7:-;8:-;9:-,4@2=1,2,1,1,1,0,1.0,0.9833080284851511,1.0,0.08330802848515109,0.0,0.0,0.1,0.11969113349914551,Feasible
45,44,2,1,1,"ADD:4,8;REMOVE:4,2",0:-;1:-;2:-;3:-;4:2;5:-;6:-;7:-;8:-;9:-,0:-;1:-;2:-;3:-;4:8;5:-;6:-;7:-;8:-;9:-,4@2=1;4@4=1;4@5=1;4@8=2,"2,4,5,8",5,4,4,0,1.0,0.9364107410954613,1.0,0.03641074109546118,0.0,0.0,0.1,0.13908791542053223,Feasible
46,45,3,2,1,"ADD:4,7;ADD:6,2;REMOVE:4,8",0:-;1:-;2:-;3:-;4:8;5:-;6:-;7:-;8:-;9:-,0:-;1:-;2:-;3:-;4:7;5:-;6:2;7:-;8:-;9:-,4@0=1;4@1=1;4@4=1;4@9=2;6@2=1,"0,1,4,9,2",6,5,5,0,1.0,0.8166069763837323,1.0,0.016606976383732305,0.0,0.0,0.2,0.14910316467285156,Feasible
47,46,6,4,2,"ADD:3,4;ADD:4,8;ADD:5,1;ADD:6,8;REMOVE:4,7;REMOVE:6,2",0:-;1:-;2:-;3:-;4:7;5:-;6:2;7:-;8:-;9:-,0:-;1:-;2:-;3:4;4:8;5:1;6:8;7:-;8:-;9:-,3@4=1;4@2=1;4@8=1;5@1=1;6@5=1;6@6=1,"4,2,8,1,5,6",6,6,6,0,1.0,0.6478371652115312,1.0,0.047837165211531356,0.0,0.0,0.4,0.1546769142150879,Feasible
48,47,3,0,3,"REMOVE:3,4;REMOVE:5,1;REMOVE:6,8",0:-;1:-;2:-;3:4;4:8;5:1;6:8;7:-;8:-;9:-,0:-;1:-;2:-;3:-;4:8;5:-;6:-;7:-;8:-;9:-,4@1=1;4@4=1,"1,4",2,2,2,0,1.0,0.75,0.75,0.0,0.0,0.0,0.0,0.12684416770935059,Feasible
49,48,2,1,1,"ADD:4,7;REMOVE:4,8",0:-;1:-;2:-;3:-;4:8;5:-;6:-;7:-;8:-;9:-,0:-;1:-;2:-;3:-;4:7;5:-;6:-;7:-;8:-;9:-,4@4=1;4@9=1,"4,9",2,2,2,0,1.0,0.9,1.0,0.0,0.0,0.0,0.1,0.13702893257141113,Feasible
50,49,1,1,0,"ADD:6,2",0:-;1:-;2:-;3:-;4:7;5:-;6:-;7:-;8:-;9:-,0:-;1:-;2:-;3:-;4:7;5:-;6:2;7:-;8:-;9:-,4@1=1;4@2=1;4@7=1;6@2=1,"1,2,7",4,4,4,0,1.0,-0.052290599967126934,0.0,0.04770940003287307,0.0,0.0,0.1,0.14215302467346191,Feasible
51,50,2,1,1,"ADD:5,6;REMOVE:6,2",0:-;1:-;2:-;3:-;4:7;5:-;6:2;7:-;8:-;9:-,0:-;1:-;2:-;3:-;4:7;5:6;6:-;7:-;8:-;9:-,4@0=1;4@1=1;4@7=1;5@6=1,"0,1,7,6",4,4,4,0,1.0,0.4440288174435627,0.5,0.044028817443562726,0.0,0.0,0.1,0.1516709327697754,Feasible
52,51,3,2,1,"ADD:1,7;ADD:4,2;REMOVE:4,7",0:-;1:-;2:-;3:-;4:7;5:6;6:-;7:-;8:-;9:-,0:-;1:7;2:-;3:-;4:2;5:6;6:-;7:-;8:-;9:-,1@0=1;1@1=1;4@0=1;4@2=1;4@3=1;4@4=1;4@5=1;4@7=1;4@8=1;5@1=1;5@6=1,"0,1,2,3,4,5,7,8,6",11,11,11,0,1.0,0.3155661597907094,0.5,0.015566159790709416,0.0,0.0,0.2,0.18279075622558594,Feasible
53,52,6,3,3,"ADD:4,5;ADD:5,7;ADD:6,1;REMOVE:1,7;REMOVE:4,2;REMOVE:5,6",0:-;1:7;2:-;3:-;4:2;5:6;6:-;7:-;8:-;9:-,0:-;1:-;2:-;3:-;4:5;5:7;6:1;7:-;8:-;9:-,4@5=1;5@0=1;5@1=1;6@1=1,"5,0,1",4,4,4,0,1.0,0.7531091135380574,1.0,0.0531091135380574,0.0,0.0,0.30000000000000004,0.13601112365722656,Feasible
54,53,4,1,3,"ADD:4,2;REMOVE:4,5;REMOVE:5,7;REMOVE:6,1",0:-;1:-;2:-;3:-;4:5;5:7;6:1;7:-;8:-;9:-,0:-;1:-;2:-;3:-;4:2;5:-;6:-;7:-;8:-;9:-,4@2=1,2,1,1,1,0,1.0,1.0143445428859867,1.0,0.11434454288598679,0.0,0.0,0.1,0.12035393714904785,Feasible
55,54,4,3,1,"ADD:3,9;ADD:4,7;ADD:6,1;REMOVE:4,2",0:-;1:-;2:-;3:-;4:2;5:-;6:-;7:-;8:-;9:-,0:-;1:-;2:-;3:9;4:7;5:-;6:1;7:-;8:-;9:-,3@9=1;4@1=1;4@2=1;4@3=1;4@4=1;4@6=1;4@7=1;6@1=1,"9,1,2,3,4,6,7",8,8,8,0,1.0,0.7398254389173817,1.0,0.0398254389173817,0.0,0.0,0.30000000000000004,0.1610879898071289,Feasible
56,55,5,3,2,"ADD:1,1;ADD:3,4;ADD:6,2;REMOVE:3,9;REMOVE:6,1",0:-;1:-;2:-;3:9;4:7;5:-;6:1;7:-;8:-;9:-,0:-;1:1;2:-;3:4;4:7;5:-;6:2;7:-;8:-;9:-,1@1=1;3@4=1;4@7=1;6@2=1,"1,4,7,2",4,4,4,0,1.0,0.45737746053616135,0.6666666666666666,0.09071079386949474,0.0,0.0,0.30000000000000004,0.13791990280151367,Feasible
57,56,6,3,3,"ADD:2,1;ADD:5,9;ADD:6,4;REMOVE:1,1;REMOVE:3,4;REMOVE:6,2",0:-;1:1;2:-;3:4;4:7;5:-;6:2;7:-;8:-;9:-,0:-;1:-;2:1;3:-;4:7;5:9;6:4;7:-;8:-;9:-,2@1=1;4@7=1;5@9=1;6@4=1,"1,7,9,4",4,4,4,0,1.0,0.5425474778482475,0.75,0.09254747784824752,0.0,0.0,0.30000000000000004,0.13924193382263184,Feasible
58,57,8,4,4,"ADD:2,7;ADD:4,2;ADD:5,1;ADD:6,0;REMOVE:2,1;REMOVE:4,7;REMOVE:5,9;REMOVE:6,4",0:-;1:-;2:1;3:-;4:7;5:9;6:4;7:-;8:-;9:-,0:-;1:-;2:7;3:-;4:2;5:1;6:0;7:-;8:-;9:-,2@1=1;2@3=1;2@4=2;2@6=2;4@2=1;5@1=1;6@0=1,"1,3,4,6,2,0",9,7,7,0,1.0,0.6376729359857879,1.0,0.03767293598578784,0.0,0.0,0.4,0.16437602043151855,Feasible
59,58,7,3,4,"ADD:3,2;ADD:4,8;ADD:5,4;REMOVE:2,7;REMOVE:4,2;REMOVE:5,1;REMOVE:6,0",0:-;1:-;2:7;3:-;4:2;5:1;6:0;7:-;8:-;9:-,0:-;1:-;2:-;3:2;4:8;5:4;6:-;7:-;8:-;9:-,3@2=1;4@1=1;4@5=1;4@7=1;5@4=1,"2,1,5,7,4",5,5,5,0,1.0,0.7367478905748113,1.0,0.03674789057481136,0.0,0.0,0.30000000000000004,0.15654993057250977,Feasible
60,59,6,3,3,"ADD:3,1;ADD:4,1;ADD:5,5;REMOVE:3,2;REMOVE:4,8;REMOVE:5,4",0:-;1:-;2:-;3:2;4:8;5:4;6:-;7:-;8:-;9:-,0:-;1:-;2:-;3:1;4:1;5:5;6:-;7:-;8:-;9:-,3@1=1;4@1=1;5@2=1;5@5=1,"1,2,5",4,4,4,0,1.0,0.7719663725004684,1.0,0.07196637250046847,0.0,0.0,0.30000000000000004,0.13522982597351074,Feasible
61,60,5,2,3,"ADD:3,9;ADD:5,2;REMOVE:3,1;REMOVE:4,1;REMOVE:5,5",0:-;1:-;2:-;3:1;4:1;5:5;6:-;7:-;8:-;9:-,0:-;1:-;2:-;3:9;4:-;5:2;6:-;7:-;8:-;9:-,3@9=1;5@2=1,"9,2",2,2,2,0,1.0,0.8873830200322363,1.0,0.08738302003223639,0.0,0.0,0.2,0.12639880180358887,Feasible
62,61,3,1,2,"ADD:4,4;REMOVE:3,9;REMOVE:5,2",0:-;1:-;2:-;3:9;4:-;5:2;6:-;7:-;8:-;9:-,0:-;1:-;2:-;3:-;4:4;5:-;6:-;7:-;8:-;9:-,4@2=1;4@4=1,"2,4",2,2,2,0,1.0,0.9471378867197086,1.0,0.047137886719708436,0.0,0.0,0.1,0.12736916542053223,Feasible
63,62,4,3,1,"ADD:2,4;ADD:3,9;ADD:5,2;REMOVE:4,4",0:-;1:-;2:-;3:-;4:4;5:-;6:-;7:-;8:-;9:-,0:-;1:-;2:4;3:9;4:-;5:2;6:-;7:-;8:-;9:-,2@4=1;3@1=1;3@2=1;5@2=1,"4,1,2",4,4,4,0,1.0,0.7590015833070878,1.0,0.059001583307087824,0.0,0.0,0.30000000000000004,0.1330549716949463,Feasible
64,63,3,2,1,"ADD:4,4;ADD:6,9;REMOVE:3,9",0:-;1:-;2:4;3:9;4:-;5:2;6:-;7:-;8:-;9:-,0:-;1:-;2:4;3:-;4:4;5:2;6:9;7:-;8:-;9:-,2@2=1;2@4=2;4@4=1;5@2=1;6@2=1;6@9=1,"2,4,9",7,6,6,0,1.0,0.19846052623475635,0.3333333333333333,0.06512719290142302,0.0,0.0,0.2,0.13800692558288574,Feasible
65,64,7,3,4,"ADD:0,9;ADD:2,2;ADD:4,8;REMOVE:2,4;REMOVE:4,4;REMOVE:5,2;REMOVE:6,9",0:-;1:-;2:4;3:-;4:4;5:2;6:9;7:-;8:-;9:-,0:9;1:-;2:2;3:-;4:8;5:-;6:-;7:-;8:-;9:-,0@1=2;0@2=1;0@7=1;0@9=1;2@2=1;2@7=1;2@9=2;2@4=2;2@5=1;4@1=1;4@4=1,"1,2,7,9,4,5",14,11,11,0,1.0,0.7139077888560723,1.0,0.013907788856072266,0.0,0.0,0.30000000000000004,0.16458511352539062,Feasible
66,65,6,3,3,"ADD:0,2;ADD:1,2;ADD:2,7;REMOVE:0,9;REMOVE:2,2;REMOVE:4,8",0:9;1:-;2:2;3:-;4:8;5:-;6:-;7:-;8:-;9:-,0:2;1:2;2:7;3:-;4:-;5:-;6:-;7:-;8:-;9:-,0@0=1;0@2=2;0@4=4;0@5=1;0@8=1;0@9=2;1@2=1;2@4=1;2@3=1,"0,2,4,5,8,9,3",14,9,9,0,1.0,0.7238466765861507,1.0,0.023846676586150757,0.0,0.0,0.30000000000000004,0.16399574279785156,Feasible
67,66,7,4,3,"ADD:0,7;ADD:1,7;ADD:1,8;ADD:2,4;REMOVE:0,2;REMOVE:1,2;REMOVE:2,7",0:2;1:2;2:7;3:-;4:-;5:-;6:-;7:-;8:-;9:-,0:7;1:7|8;2:4;3:-;4:-;5:-;6:-;7:-;8:-;9:-,0@0=1;0@1=1;0@2=1;0@3=1;0@6=1;1@0=1;1@1=1;1@6=2;1@4=1;1@5=2;1@9=1;2@2=2;2@6=2;2@4=2,"0,1,2,3,6,4,5,9",19,14,14,0,1.0,0.6125791833902511,1.0,0.012579183390251077,0.0,0.0,0.4,0.18065214157104492,Feasible
68,67,7,3,4,"ADD:1,6;ADD:2,7;ADD:4,9;REMOVE:0,7;REMOVE:1,7;REMOVE:1,8;REMOVE:2,4",0:7;1:7|8;2:4;3:-;4:-;5:-;6:-;7:-;8:-;9:-,0:-;1:6;2:7;3:-;4:9;5:-;6:-;7:-;8:-;9:-,1@1=1;1@4=2;1@6=1;2@2=2;2@7=1;4@1=1;4@9=1,"1,4,6,2,7,9",9,7,7,0,1.0,0.7325807077027582,1.0,0.032580707702758206,0.0,0.0,0.30000000000000004,0.15355587005615234,Feasible
69,68,5,2,3,"ADD:1,7;ADD:2,8;REMOVE:1,6;REMOVE:2,7;REMOVE:4,9",0:-;1:6;2:7;3:-;4:9;5:-;6:-;7:-;8:-;9:-,0:-;1:7;2:8;3:-;4:-;5:-;6:-;7:-;8:-;9:-,1@0=1;1@1=1;1@3=1;1@4=1;1@9=1;2@7=1;2@8=1,"0,1,3,4,9,7,8",7,7,7,0,1.0,0.8146812646498338,1.0,0.014681264649833662,0.0,0.0,0.2,0.16072893142700195,Feasible
70,69,7,5,2,"ADD:1,2;ADD:2,3;ADD:3,7;ADD:4,1;ADD:5,2;REMOVE:1,7;REMOVE:2,8",0:-;1:7;2:8;3:-;4:-;5:-;6:-;7:-;8:-;9:-,0:-;1:2;2:3;3:7;4:1;5:2;6:-;7:-;8:-;9:-,1@0=1;1@2=1;1@9=1;2@1=1;2@3=1;2@5=2;3@7=1;4@1=1;5@2=1,"0,2,9,1,3,5,7",10,9,9,0,1.0,0.5477382323520739,1.0,0.04773823235207393,0.0,0.0,0.5,0.1618969440460205,Feasible
71,70,7,2,5,"ADD:2,0;ADD:3,4;REMOVE:1,2;REMOVE:2,3;REMOVE:3,7;REMOVE:4,1;REMOVE:5,2",0:-;1:2;2:3;3:7;4:1;5:2;6:-;7:-;8:-;9:-,0:-;1:-;2:0;3:4;4:-;5:-;6:-;7:-;8:-;9:-,2@0=1;3@4=1,"0,4",2,2,2,0,1.0,0.9006421448908923,1.0,0.10064214489089232,0.0,0.0,0.2,0.12632203102111816,Feasible
72,71,6,4,2,"ADD:2,7;ADD:3,7;ADD:4,7;ADD:6,4;REMOVE:2,0;REMOVE:3,4",0:-;1:-;2:0;3:4;4:-;5:-;6:-;7:-;8:-;9:-,0:-;1:-;2:7;3:7;4:7;5:-;6:4;7:-;8:-;9:-,2@1=1;2@2=1;2@3=1;2@6=1;2@7=1;3@2=1;3@7=1;4@4=1;4@9=1;6@4=1,"1,2,3,6,7,4,9",10,10,10,0,1.0,0.6313569018528203,1.0,0.03135690185282029,0.0,0.0,0.4,0.1671895980834961,Feasible
73,72,5,1,4,"ADD:4,2;REMOVE:2,7;REMOVE:3,7;REMOVE:4,7;REMOVE:6,4",0:-;1:-;2:7;3:7;4:7;5:-;6:4;7:-;8:-;9:-,0:-;1:-;2:-;3:-;4:2;5:-;6:-;7:-;8:-;9:-,4@2=2,2,2,1,1,0,1.0,1.004000542195492,1.0,0.10400054219549215,0.0,0.0,0.1,0.12251114845275879,Feasible
74,73,2,1,1,"ADD:5,1;REMOVE:4,2",0:-;1:-;2:-;3:-;4:2;5:-;6:-;7:-;8:-;9:-,0:-;1:-;2:-;3:-;4:-;5:1;6:-;7:-;8:-;9:-,5@1=1;5@9=1,"1,9",2,2,2,0,1.0,0.9584867035369596,1.0,0.058486703536959686,0.0,0.0,0.1,0.12700772285461426,Feasible
75,74,3,2,1,"ADD:4,4;ADD:5,7;REMOVE:5,1",0:-;1:-;2:-;3:-;4:-;5:1;6:-;7:-;8:-;9:-,0:-;1:-;2:-;3:-;4:4;5:7;6:-;7:-;8:-;9:-,4@4=1;5@4=1;5@9=1,"4,9",3,3,3,0,1.0,0.8386973476649009,1.0,0.0386973476649009,0.0,0.0,0.2,0.1284189224243164,Feasible
76,75,1,0,1,"REMOVE:5,7",0:-;1:-;2:-;3:-;4:4;5:7;6:-;7:-;8:-;9:-,0:-;1:-;2:-;3:-;4:4;5:-;6:-;7:-;8:-;9:-,4@4=1,4,1,1,1,0,1.0,0.5823975746856361,0.5,0.08239757468563612,0.0,0.0,0.0,0.11937594413757324,Feasible
77,76,4,3,1,"ADD:3,1;ADD:4,7;ADD:6,4;REMOVE:4,4",0:-;1:-;2:-;3:-;4:4;5:-;6:-;7:-;8:-;9:-,0:-;1:-;2:-;3:1;4:7;5:-;6:4;7:-;8:-;9:-,3@1=1;4@1=1;4@2=1;4@4=1;4@8=1;4@9=1;6@4=1,"1,2,4,8,9",7,7,7,0,1.0,0.7286306378512968,1.0,0.028630637851296787,0.0,0.0,0.30000000000000004,0.14948201179504395,Feasible
78,77,6,3,3,"ADD:1,4;ADD:4,3;ADD:6,3;REMOVE:3,1;REMOVE:4,7;REMOVE:6,4",0:-;1:-;2:-;3:1;4:7;5:-;6:4;7:-;8:-;9:-,0:-;1:4;2:-;3:-;4:3;5:-;6:3;7:-;8:-;9:-,1@4=1;4@3=1;6@3=1,"4,3",3,3,3,0,1.0,0.7995552384769096,1.0,0.09955523847690965,0.0,0.0,0.30000000000000004,0.127669095993042,Feasible
79,78,8,5,3,"ADD:1,7;ADD:2,8;ADD:3,9;ADD:4,1;ADD:6,1;REMOVE:1,4;REMOVE:4,3;REMOVE:6,3",0:-;1:4;2:-;3:-;4:3;5:-;6:3;7:-;8:-;9:-,0:-;1:7;2:8;3:9;4:1;5:-;6:1;7:-;8:-;9:-,1@2=1;1@3=1;1@4=1;1@6=1;1@8=1;2@2=1;2@4=1;2@1=1;3@2=1;3@6=1;4@1=1;6@1=1,"2,3,4,6,8,1",12,12,12,0,1.0,0.5158080477325149,1.0,0.015808047732514978,0.0,0.0,0.5,0.16358590126037598,Feasible
80,79,7,3,4,"ADD:1,9;ADD:3,4;ADD:4,8;REMOVE:1,7;REMOVE:3,9;REMOVE:4,1;REMOVE:6,1",0:-;1:7;2:8;3:9;4:1;5:-;6:1;7:-;8:-;9:-,0:-;1:9;2:8;3:4;4:8;5:-;6:-;7:-;8:-;9:-,1@1=1;1@2=1;1@6=1;2@2=2;2@5=1;2@8=1;3@4=1;4@1=1;4@8=1;4@4=1,"1,2,6,5,8,4",11,10,10,0,1.0,0.5237549534815096,0.8,0.023754953481509602,0.0,0.0,0.30000000000000004,0.16023802757263184,Feasible
81,80,9,5,4,"ADD:1,7;ADD:1,8;ADD:2,2;ADD:4,3;ADD:5,3;REMOVE:1,9;REMOVE:2,8;REMOVE:3,4;REMOVE:4,8",0:-;1:9;2:8;3:4;4:8;5:-;6:-;7:-;8:-;9:-,0:-;1:7|8;2:2;3:-;4:3;5:3;6:-;7:-;8:-;9:-,1@0=1;1@1=2;1@4=1;1@5=2;1@6=1;1@8=2;2@2=1;4@3=1;5@3=2,"0,1,4,5,6,8,2,3",13,9,9,0,1.0,0.5451358339689039,1.0,0.045135833968903874,0.0,0.0,0.5,0.16844582557678223,Feasible
82,81,6,2,4,"ADD:2,8;ADD:5,1;REMOVE:1,8;REMOVE:2,2;REMOVE:4,3;REMOVE:5,3",0:-;1:7|8;2:2;3:-;4:3;5:3;6:-;7:-;8:-;9:-,0:-;1:7;2:8;3:-;4:-;5:1;6:-;7:-;8:-;9:-,1@0=1;1@1=1;1@4=2;1@7=1;1@8=1;2@1=1;2@4=1;2@8=1;2@6=1;5@1=1,"0,1,4,7,8,6",11,10,10,0,1.0,0.6272071443907952,0.8,0.02720714439079503,0.0,0.0,0.2,0.16187715530395508,Feasible
83,82,6,3,3,"ADD:1,2;ADD:4,1;ADD:6,7;REMOVE:1,7;REMOVE:2,8;REMOVE:5,1",0:-;1:7;2:8;3:-;4:-;5:1;6:-;7:-;8:-;9:-,0:-;1:2;2:-;3:-;4:1;5:-;6:7;7:-;8:-;9:-,1@2=2;1@4=1;1@5=1;1@7=1;4@1=1;6@1=1;6@0=1,"2,4,5,7,1,0",8,7,7,0,1.0,0.7352659376241792,1.0,0.03526593762417921,0.0,0.0,0.30000000000000004,0.15475201606750488,Feasible
84,83,4,1,3,"ADD:4,4;REMOVE:1,2;REMOVE:4,1;REMOVE:6,7",0:-;1:2;2:-;3:-;4:1;5:-;6:7;7:-;8:-;9:-,0:-;1:-;2:-;3:-;4:4;5:-;6:-;7:-;8:-;9:-,4@4=1,4,1,1,1,0,1.0,1.01739690731058,1.0,0.11739690731058006,0.0,0.0,0.1,0.11983895301818848,Feasible
85,84,4,3,1,"ADD:2,7;ADD:4,6;ADD:6,5;REMOVE:4,4",0:-;1:-;2:-;3:-;4:4;5:-;6:-;7:-;8:-;9:-,0:-;1:-;2:7;3:-;4:6;5:-;6:5;7:-;8:-;9:-,2@3=1;2@4=1;4@6=1;6@3=1;6@5=1,"3,4,6,5",5,5,5,0,1.0,0.7419091327107237,1.0,0.04190913271072372,0.0,0.0,0.30000000000000004,0.14106392860412598,Feasible
86,85,6,3,3,"ADD:2,9;ADD:4,2;ADD:5,4;REMOVE:2,7;REMOVE:4,6;REMOVE:6,5",0:-;1:-;2:7;3:-;4:6;5:-;6:5;7:-;8:-;9:-,0:-;1:-;2:9;3:-;4:2;5:4;6:-;7:-;8:-;9:-,2@1=1;2@2=1;4@2=1;4@0=1;5@4=1,"1,2,0,4",5,5,5,0,1.0,0.7399559134606484,1.0,0.03995591346064833,0.0,0.0,0.30000000000000004,0.14039015769958496,Feasible
87,86,6,3,3,"ADD:2,4;ADD:3,3;ADD:5,8;REMOVE:2,9;REMOVE:4,2;REMOVE:5,4",0:-;1:-;2:9;3:-;4:2;5:4;6:-;7:-;8:-;9:-,0:-;1:-;2:4;3:3;4:-;5:8;6:-;7:-;8:-;9:-,2@2=1;2@4=2;3@3=1;5@4=1;5@8=1,"2,4,3,8",6,5,5,0,1.0,0.7708718167783561,1.0,0.07087181677835609,0.0,0.0,0.30000000000000004,0.14073491096496582,Feasible
88,87,6,3,3,"ADD:3,9;ADD:4,8;ADD:6,3;REMOVE:2,4;REMOVE:3,3;REMOVE:5,8",0:-;1:-;2:4;3:3;4:-;5:8;6:-;7:-;8:-;9:-,0:-;1:-;2:-;3:9;4:8;5:-;6:3;7:-;8:-;9:-,3@9=1;4@4=1;4@5=1;6@3=1,"9,4,5,3",4,4,4,0,1.0,0.7422053655796759,1.0,0.04220536557967581,0.0,0.0,0.30000000000000004,0.13884973526000977,Feasible
89,88,4,2,2,"ADD:1,8;ADD:6,9;REMOVE:3,9;REMOVE:6,3",0:-;1:-;2:-;3:9;4:8;5:-;6:3;7:-;8:-;9:-,0:-;1:8;2:-;3:-;4:8;5:-;6:9;7:-;8:-;9:-,1@5=1;1@8=1;4@8=1;4@4=1;6@9=1,"5,8,4,9",5,5,5,0,1.0,0.5284429180912553,0.6666666666666666,0.06177625142458866,0.0,0.0,0.2,0.1425788402557373,Feasible
90,89,6,3,3,"ADD:1,5;ADD:2,7;ADD:3,7;REMOVE:1,8;REMOVE:4,8;REMOVE:6,9",0:-;1:8;2:-;3:-;4:8;5:-;6:9;7:-;8:-;9:-,0:-;1:5;2:7;3:7;4:-;5:-;6:-;7:-;8:-;9:-,1@5=1;2@0=1;2@1=1;2@2=2;2@4=1;2@7=2;3@7=1,"5,0,1,2,4,7",9,7,7,0,1.0,0.7436888471431184,1.0,0.04368884714311851,0.0,0.0,0.30000000000000004,0.1566448211669922,Feasible
91,90,7,4,3,"ADD:1,2;ADD:3,8;ADD:4,4;ADD:5,6;REMOVE:1,5;REMOVE:2,7;REMOVE:3,7",0:-;1:5;2:7;3:7;4:-;5:-;6:-;7:-;8:-;9:-,0:-;1:2;2:-;3:8;4:4;5:6;6:-;7:-;8:-;9:-,1@0=1;1@2=1;1@3=1;1@4=2;1@5=1;3@5=1;3@7=1;4@4=1;5@6=1,"0,2,3,4,5,7,6",10,9,9,0,1.0,0.6308981395999066,1.0,0.030898139599906674,0.0,0.0,0.4,0.16220808029174805,Feasible
92,91,9,5,4,"ADD:1,8;ADD:2,9;ADD:4,0;ADD:5,7;ADD:6,6;REMOVE:1,2;REMOVE:3,8;REMOVE:4,4;REMOVE:5,6",0:-;1:2;2:-;3:8;4:4;5:6;6:-;7:-;8:-;9:-,0:-;1:8;2:9;3:-;4:0;5:7;6:6;7:-;8:-;9:-,1@1=2;1@2=1;1@4=1;1@5=2;1@6=1;2@9=2;4@0=1;5@7=1;6@6=1,"1,2,4,5,6,9,0,7",12,9,9,0,1.0,0.54394588524458,1.0,0.043945885244579964,0.0,0.0,0.5,0.1672508716583252,Feasible
93,92,9,4,5,"ADD:1,5;ADD:2,7;ADD:3,5;ADD:6,1;REMOVE:1,8;REMOVE:2,9;REMOVE:4,0;REMOVE:5,7;REMOVE:6,6",0:-;1:8;2:9;3:-;4:0;5:7;6:6;7:-;8:-;9:-,0:-;1:5;2:7;3:5;4:-;5:-;6:1;7:-;8:-;9:-,1@0=1;1@2=1;1@5=1;1@8=1;2@0=1;2@2=1;2@1=1;3@5=1;6@1=1,"0,2,5,8,1",9,9,9,0,1.0,0.6326122747603063,1.0,0.03261227476030644,0.0,0.0,0.4,0.15532898902893066,Feasible
94,93,8,4,4,"ADD:1,7;ADD:2,2;ADD:4,2;ADD:5,8;REMOVE:1,5;REMOVE:2,7;REMOVE:3,5;REMOVE:6,1",0:-;1:5;2:7;3:5;4:-;5:-;6:1;7:-;8:-;9:-,0:-;1:7;2:2;3:-;4:2;5:8;6:-;7:-;8:-;9:-,1@0=1;1@1=1;1@2=2;1@9=1;2@2=1;4@2=1;5@8=1,"0,1,2,9,8",8,7,7,0,1.0,0.6365293655837151,1.0,0.03652936558371508,0.0,0.0,0.4,0.15003705024719238,Feasible
95,94,7,3,4,"ADD:1,9;ADD:2,7;ADD:4,4;REMOVE:1,7;REMOVE:2,2;REMOVE:4,2;REMOVE:5,8",0:-;1:7;2:2;3:-;4:2;5:8;6:-;7:-;8:-;9:-,0:-;1:9;2:7;3:-;4:4;5:-;6:-;7:-;8:-;9:-,1@3=1;1@6=2;2@0=1;2@4=1;4@4=1,"3,6,0,4",6,5,5,0,1.0,0.7143005051466351,1.0,0.014300505146635207,0.0,0.0,0.30000000000000004,0.14811110496520996,Feasible
96,95,6,4,2,"ADD:1,8;ADD:2,3;ADD:5,7;ADD:7,9;REMOVE:1,9;REMOVE:2,7",0:-;1:9;2:7;3:-;4:4;5:-;6:-;7:-;8:-;9:-,0:-;1:8;2:3;3:-;4:4;5:7;6:-;7:9;8:-;9:-,1@2=1;1@4=1;1@5=1;1@6=1;1@8=1;2@3=1;4@2=1;4@4=1;5@6=1;5@0=1;7@9=1,"2,4,5,6,8,3,0,9",11,11,11,0,1.0,0.30224261491923,0.6666666666666666,0.03557594825256337,0.0,0.0,0.4,0.17163801193237305,Feasible
97,96,9,4,5,"ADD:1,9;ADD:2,9;ADD:4,2;ADD:6,2;REMOVE:1,8;REMOVE:2,3;REMOVE:4,4;REMOVE:5,7;REMOVE:7,9",0:-;1:8;2:3;3:-;4:4;5:7;6:-;7:9;8:-;9:-,0:-;1:9;2:9;3:-;4:2;5:-;6:2;7:-;8:-;9:-,1@1=1;1@2=1;1@9=1;2@9=1;4@9=1;4@4=1;4@5=1;6@2=1,"1,2,9,4,5",8,8,8,0,1.0,0.6358615803049771,1.0,0.035861580304977124,0.0,0.0,0.4,0.15174293518066406,Feasible
98,97,2,0,2,"REMOVE:1,9;REMOVE:4,2",0:-;1:9;2:9;3:-;4:2;5:-;6:2;7:-;8:-;9:-,0:-;1:-;2:9;3:-;4:-;5:-;6:2;7:-;8:-;9:-,2@1=1;2@9=1;6@2=1;6@5=1;6@7=1,"1,9,2,5,7",5,5,5,0,1.0,0.5451941220202327,0.5,0.045194122020232645,0.0,0.0,0.0,0.14626669883728027,Feasible
99,98,7,5,2,"ADD:2,4;ADD:3,5;ADD:4,9;ADD:5,7;ADD:6,8;REMOVE:2,9;REMOVE:6,2",0:-;1:-;2:9;3:-;4:-;5:-;6:2;7:-;8:-;9:-,0:-;1:-;2:4;3:5;4:9;5:7;6:8;7:-;8:-;9:-,2@4=1;3@5=1;4@6=1;4@9=1;5@7=1;6@8=1,"4,5,6,9,7,8",6,6,6,0,1.0,0.5814539666576386,1.0,0.08145396665763864,0.0,0.0,0.5,0.15423178672790527,Feasible
100,99,7,2,5,"ADD:2,8;ADD:4,2;REMOVE:2,4;REMOVE:3,5;REMOVE:4,9;REMOVE:5,7;REMOVE:6,8",0:-;1:-;2:4;3:5;4:9;5:7;6:8;7:-;8:-;9:-,0:-;1:-;2:8;3:-;4:2;5:-;6:-;7:-;8:-;9:-,2@4=2;2@5=1;4@2=1,"4,5,2",4,3,3,0,1.0,0.8222473085827948,1.0,0.02224730858279473,0.0,0.0,0.2,0.14727401733398438,Feasible
101,100,5,3,2,"ADD:4,1;ADD:5,7;ADD:6,2;REMOVE:2,8;REMOVE:4,2",0:-;1:-;2:8;3:-;4:2;5:-;6:-;7:-;8:-;9:-,0:-;1:-;2:-;3:-;4:1;5:7;6:2;7:-;8:-;9:-,4@1=1;5@2=1;5@7=2;6@2=1,"1,2,7",5,4,4,0,1.0,0.7801935850331112,1.0,0.08019358503311116,0.0,0.0,0.30000000000000004,0.1472303867340088,Feasible
102,101,6,3,3,"ADD:2,8;ADD:4,0;ADD:5,2;REMOVE:4,1;REMOVE:5,7;REMOVE:6,2",0:-;1:-;2:-;3:-;4:1;5:7;6:2;7:-;8:-;9:-,0:-;1:-;2:8;3:-;4:0;5:2;6:-;7:-;8:-;9:-,2@4=1;2@8=1;4@0=1;5@2=1,"4,8,0,2",4,4,4,0,1.0,0.7734535947856711,1.0,0.07345359478567107,0.0,0.0,0.30000000000000004,0.1522841453552246,Feasible
103,102,4,1,3,"ADD:2,7;REMOVE:2,8;REMOVE:4,0;REMOVE:5,2",0:-;1:-;2:8;3:-;4:0;5:2;6:-;7:-;8:-;9:-,0:-;1:-;2:7;3:-;4:-;5:-;6:-;7:-;8:-;9:-,2@0=1;2@1=1;2@3=1;2@7=1,"0,1,3,7",4,4,4,0,1.0,0.9203215632940304,1.0,0.020321563294030388,0.0,0.0,0.1,0.15303683280944824,Feasible
104,103,2,1,1,"ADD:2,5;REMOVE:2,7",0:-;1:-;2:7;3:-;4:-;5:-;6:-;7:-;8:-;9:-,0:-;1:-;2:5;3:-;4:-;5:-;6:-;7:-;8:-;9:-,2@5=1,5,1,1,1,0,1.0,1.0111599535673652,1.0,0.11115995356736522,0.0,0.0,0.1,0.12775683403015137,Feasible
105,104,6,5,1,"ADD:1,8;ADD:2,2;ADD:2,7;ADD:4,9;ADD:5,2;REMOVE:2,5",0:-;1:-;2:5;3:-;4:-;5:-;6:-;7:-;8:-;9:-,0:-;1:8;2:2|7;3:-;4:9;5:2;6:-;7:-;8:-;9:-,1@1=1;1@5=1;2@1=1;2@5=2;2@0=1;2@4=2;2@7=1;2@9=1;4@7=1;4@9=1;5@2=1,"1,5,0,4,7,9,2",13,11,11,0,1.0,0.5210775432746089,1.0,0.02107754327460882,0.0,0.0,0.5,0.16920804977416992,Feasible
106,105,6,3,3,"ADD:1,6;ADD:2,8;ADD:6,3;REMOVE:1,8;REMOVE:2,2;REMOVE:2,7",0:-;1:8;2:2|7;3:-;4:9;5:2;6:-;7:-;8:-;9:-,0:-;1:6;2:8;3:-;4:9;5:2;6:3;7:-;8:-;9:-,1@1=1;1@4=1;1@6=1;1@9=1;2@2=1;2@7=1;2@8=1;4@9=1;4@2=2;4@7=2;5@2=3;6@3=1,"1,4,6,9,2,7,8,3",16,12,12,0,1.0,0.3404658483138775,0.6,0.04046584831387754,0.0,0.0,0.30000000000000004,0.171828031539917,Feasible
107,106,7,3,4,"ADD:1,7;ADD:2,5;ADD:4,5;REMOVE:1,6;REMOVE:2,8;REMOVE:5,2;REMOVE:6,3",0:-;1:6;2:8;3:-;4:9;5:2;6:3;7:-;8:-;9:-,0:-;1:7;2:5;3:-;4:5|9;5:-;6:-;7:-;8:-;9:-,1@1=2;1@2=1;1@3=1;1@4=1;1@8=1;2@5=1;4@5=1;4@9=1,"1,2,3,4,8,5,9",9,8,8,0,1.0,0.5350481667774867,0.8,0.035048166777486685,0.0,0.0,0.30000000000000004,0.1600039005279541,Feasible
108,107,6,3,3,"ADD:1,8;ADD:2,8;ADD:5,4;REMOVE:1,7;REMOVE:2,5;REMOVE:4,5",0:-;1:7;2:5;3:-;4:5|9;5:-;6:-;7:-;8:-;9:-,0:-;1:8;2:8;3:-;4:9;5:4;6:-;7:-;8:-;9:-,1@1=1;1@2=2;1@4=2;1@5=1;1@8=1;2@1=2;2@2=2;2@5=1;4@1=1;4@2=1;5@4=1,"1,2,4,5,8",15,11,11,0,1.0,0.4640561463888012,0.75,0.014056146388801287,0.0,0.0,0.30000000000000004,0.15835094451904297,Feasible
109,108,8,4,4,"ADD:1,7;ADD:2,2;ADD:4,4;ADD:5,3;REMOVE:1,8;REMOVE:2,8;REMOVE:4,9;REMOVE:5,4",0:-;1:8;2:8;3:-;4:9;5:4;6:-;7:-;8:-;9:-,0:-;1:7;2:2;3:-;4:4;5:3;6:-;7:-;8:-;9:-,1@0=1;1@4=1;1@8=1;2@0=1;2@4=3;2@2=1;4@4=1;5@3=1,"0,4,8,2,3",10,8,8,0,1.0,0.6268196060956618,1.0,0.026819606095661714,0.0,0.0,0.4,0.1524350643157959,Feasible
110,109,7,3,4,"ADD:1,1;ADD:4,2;ADD:5,8;REMOVE:1,7;REMOVE:2,2;REMOVE:4,4;REMOVE:5,3",0:-;1:7;2:2;3:-;4:4;5:3;6:-;7:-;8:-;9:-,0:-;1:1;2:-;3:-;4:2;5:8;6:-;7:-;8:-;9:-,1@1=1;4@2=1;5@6=2;5@8=1,"1,2,6,8",5,4,4,0,1.0,0.7655812756364249,1.0,0.06558127563642487,0.0,0.0,0.30000000000000004,0.13901996612548828,Feasible
111,110,7,4,3,"ADD:1,7;ADD:2,9;ADD:4,7;ADD:5,1;REMOVE:1,1;REMOVE:4,2;REMOVE:5,8",0:-;1:1;2:-;3:-;4:2;5:8;6:-;7:-;8:-;9:-,0:-;1:7;2:9;3:-;4:7;5:1;6:-;7:-;8:-;9:-,1@0=1;1@3=1;2@1=1;2@2=1;4@4=2;4@7=1;5@1=1,"0,3,1,2,4,7",8,7,7,0,1.0,0.6225745062463094,1.0,0.02257450624630939,0.0,0.0,0.4,0.1528031826019287,Feasible
112,111,9,5,4,"ADD:1,8;ADD:2,8;ADD:4,4;ADD:5,5;ADD:6,2;REMOVE:1,7;REMOVE:2,9;REMOVE:4,7;REMOVE:5,1",0:-;1:7;2:9;3:-;4:7;5:1;6:-;7:-;8:-;9:-,0:-;1:8;2:8;3:-;4:4;5:5;6:2;7:-;8:-;9:-,1@4=1;1@5=1;2@8=1;4@4=1;5@5=1;6@2=1,"4,5,8,2",6,6,6,0,1.0,0.5599079445923318,1.0,0.05990794459233182,0.0,0.0,0.5,0.14200592041015625,Feasible
113,112,9,4,5,"ADD:1,2;ADD:2,3;ADD:3,4;ADD:5,6;REMOVE:1,8;REMOVE:2,8;REMOVE:4,4;REMOVE:5,5;REMOVE:6,2",0:-;1:8;2:8;3:-;4:4;5:5;6:2;7:-;8:-;9:-,0:-;1:2;2:3;3:4;4:-;5:6;6:-;7:-;8:-;9:-,1@0=1;1@2=4;1@8=1;1@9=1;2@3=2;3@4=1;5@6=2,"0,2,8,9,3,4,6",12,7,7,0,1.0,0.6724376044294927,1.0,0.07243760442949272,0.0,0.0,0.4,0.15842890739440918,Feasible
114,113,6,3,3,"ADD:1,8;ADD:2,9;ADD:5,2;REMOVE:2,3;REMOVE:3,4;REMOVE:5,6",0:-;1:2;2:3;3:4;4:-;5:6;6:-;7:-;8:-;9:-,0:-;1:2|8;2:9;3:-;4:-;5:2;6:-;7:-;8:-;9:-,1@2=1;1@3=1;1@4=1;1@5=1;1@6=1;1@8=1;2@9=1;5@2=1;5@4=1,"2,3,4,5,6,8,9",9,9,9,0,1.0,0.4981139554507913,0.75,0.04811395545079137,0.0,0.0,0.30000000000000004,0.16425275802612305,Feasible
115,114,8,5,3,"ADD:1,7;ADD:2,6;ADD:4,5;ADD:4,9;ADD:5,8;REMOVE:1,2;REMOVE:2,9;REMOVE:5,2",0:-;1:2|8;2:9;3:-;4:-;5:2;6:-;7:-;8:-;9:-,0:-;1:7|8;2:6;3:-;4:5|9;5:8;6:-;7:-;8:-;9:-,1@0=1;1@1=1;1@4=1;1@5=1;1@6=1;2@1=1;2@6=1;4@5=1;4@9=1;5@1=1;5@4=1;5@8=1,"0,1,4,5,6,9,8",12,12,12,0,1.0,0.281832614526743,0.75,0.03183261452674303,0.0,0.0,0.5,0.1687602996826172,Feasible
116,115,6,2,4,"ADD:2,7;ADD:3,5;REMOVE:1,8;REMOVE:2,6;REMOVE:4,5;REMOVE:5,8",0:-;1:7|8;2:6;3:-;4:5|9;5:8;6:-;7:-;8:-;9:-,0:-;1:7;2:7;3:5;4:9;5:-;6:-;7:-;8:-;9:-,1@0=2;1@1=1;1@2=1;1@3=2;1@9=1;2@0=1;2@1=2;3@5=1;4@1=1;4@9=1,"0,1,2,3,9,5",13,10,10,0,1.0,0.47986103408018516,0.6666666666666666,0.013194367413518484,0.0,0.0,0.2,0.15974879264831543,Feasible
117,116,8,4,4,"ADD:1,2;ADD:2,2;ADD:4,8;ADD:6,7;REMOVE:1,7;REMOVE:2,7;REMOVE:3,5;REMOVE:4,9",0:-;1:7;2:7;3:5;4:9;5:-;6:-;7:-;8:-;9:-,0:-;1:2;2:2;3:-;4:8;5:-;6:7;7:-;8:-;9:-,1@0=1;1@2=2;1@4=1;2@2=1;4@7=1;4@8=1;6@0=1;6@1=1,"0,2,4,7,8,1",9,8,8,0,1.0,0.6389088839195233,1.0,0.03890888391952335,0.0,0.0,0.4,0.15513396263122559,Feasible
118,117,8,4,4,"ADD:1,4;ADD:4,5;ADD:4,9;ADD:6,5;REMOVE:1,2;REMOVE:2,2;REMOVE:4,8;REMOVE:6,7",0:-;1:2;2:2;3:-;4:8;5:-;6:7;7:-;8:-;9:-,0:-;1:4;2:-;3:-;4:5|9;5:-;6:5;7:-;8:-;9:-,1@2=2;1@4=1;4@5=1;4@9=1;6@2=1;6@5=1,"2,4,5,9",7,6,6,0,1.0,0.6561247518779877,1.0,0.05612475187798775,0.0,0.0,0.4,0.14231491088867188,Feasible
119,118,6,3,3,"ADD:1,7;ADD:2,8;ADD:5,5;REMOVE:1,4;REMOVE:4,5;REMOVE:6,5",0:-;1:4;2:-;3:-;4:5|9;5:-;6:5;7:-;8:-;9:-,0:-;1:7;2:8;3:-;4:9;5:5;6:-;7:-;8:-;9:-,1@0=1;1@4=2;2@2=1;2@5=1;2@8=1;4@9=1;5@5=1,"0,4,2,5,8,9",8,7,7,0,1.0,0.4891107811556288,0.75,0.03911078115562887,0.0,0.0,0.30000000000000004,0.1537950038909912,Feasible
120,119,5,3,2,"ADD:2,7;ADD:4,8;ADD:6,0;REMOVE:4,9;REMOVE:5,5",0:-;1:7;2:8;3:-;4:9;5:5;6:-;7:-;8:-;9:-,0:-;1:7;2:7|8;3:-;4:8;5:-;6:0;7:-;8:-;9:-,1@3=1;1@4=1;1@6=1;1@7=1;2@3=1;2@7=1;2@5=1;2@8=1;4@6=2;4@8=1;6@0=1,"3,4,6,7,5,8,0",12,11,11,0,1.0,0.24249677269036407,0.5,0.04249677269036411,0.0,0.0,0.30000000000000004,0.16678094863891602,Feasible
121,120,6,2,4,"ADD:1,2;ADD:4,7;REMOVE:1,7;REMOVE:2,8;REMOVE:4,8;REMOVE:6,0",0:-;1:7;2:7|8;3:-;4:8;5:-;6:0;7:-;8:-;9:-,0:-;1:2;2:7;3:-;4:7;5:-;6:-;7:-;8:-;9:-,1@2=1;1@4=1;1@5=1;2@2=1;2@0=1;2@1=1;4@7=2,"2,4,5,0,1,7",8,7,7,0,1.0,0.6363912148129971,0.8,0.03639121481299702,0.0,0.0,0.2,0.1513068675994873,Feasible
122,121,7,4,3,"ADD:1,8;ADD:2,9;ADD:4,2;ADD:5,4;REMOVE:1,2;REMOVE:2,7;REMOVE:4,7",0:-;1:2;2:7;3:-;4:7;5:-;6:-;7:-;8:-;9:-,0:-;1:8;2:9;3:-;4:2;5:4;6:-;7:-;8:-;9:-,1@5=1;1@6=1;1@8=2;2@6=1;2@2=1;4@2=1;4@0=1;5@2=1;5@4=1,"5,6,8,2,0,4",10,9,9,0,1.0,0.6398359550427498,1.0,0.03983595504274982,0.0,0.0,0.4,0.15749716758728027,Feasible
123,122,6,2,4,"ADD:1,9;ADD:2,7;REMOVE:1,8;REMOVE:2,9;REMOVE:4,2;REMOVE:5,4",0:-;1:8;2:9;3:-;4:2;5:4;6:-;7:-;8:-;9:-,0:-;1:9;2:7;3:-;4:-;5:-;6:-;7:-;8:-;9:-,1@1=1;1@2=2;2@3=1;2@6=1;2@7=1,"1,2,3,6,7",6,5,5,0,1.0,0.8139610023336064,1.0,0.013961002333606271,0.0,0.0,0.2,0.1445331573486328,Feasible
124,123,4,2,2,"ADD:1,3;ADD:4,2;REMOVE:1,9;REMOVE:2,7",0:-;1:9;2:7;3:-;4:-;5:-;6:-;7:-;8:-;9:-,0:-;1:3;2:-;3:-;4:2;5:-;6:-;7:-;8:-;9:-,1@2=1;1@3=1;4@2=1,"2,3",3,3,3,0,1.0,0.8710460289629471,1.0,0.07104602896294718,0.0,0.0,0.2,0.12619590759277344,Feasible
125,124,5,3,2,"ADD:1,8;ADD:2,8;ADD:6,5;REMOVE:1,3;REMOVE:4,2",0:-;1:3;2:-;3:-;4:2;5:-;6:-;7:-;8:-;9:-,0:-;1:8;2:8;3:-;4:-;5:-;6:5;7:-;8:-;9:-,1@1=1;1@4=1;1@5=1;1@6=1;1@8=1;2@6=2;2@8=1;6@5=1;6@0=1,"1,4,5,6,8,0",10,9,9,0,1.0,0.7302487942364493,1.0,0.03024879423644927,0.0,0.0,0.30000000000000004,0.15662312507629395,Feasible
126,125,7,4,3,"ADD:1,7;ADD:2,2;ADD:3,4;ADD:4,9;REMOVE:1,8;REMOVE:2,8;REMOVE:6,5",0:-;1:8;2:8;3:-;4:-;5:-;6:5;7:-;8:-;9:-,0:-;1:7;2:2;3:4;4:9;5:-;6:-;7:-;8:-;9:-,1@1=1;1@2=1;1@7=1;2@2=1;3@4=1;4@6=1;4@9=1,"1,2,7,4,6,9",7,7,7,0,1.0,0.6526552651492336,1.0,0.0526552651492335,0.0,0.0,0.4,0.15084600448608398,Feasible
127,126,5,2,3,"ADD:1,6;ADD:4,4;REMOVE:1,7;REMOVE:3,4;REMOVE:4,9",0:-;1:7;2:2;3:4;4:9;5:-;6:-;7:-;8:-;9:-,0:-;1:6;2:2;3:-;4:4;5:-;6:-;7:-;8:-;9:-,1@1=2;1@6=1;2@2=2;4@4=1,"1,6,2,4",6,4,4,0,1.0,0.6083385109141524,0.75,0.05833851091415238,0.0,0.0,0.2,0.13802814483642578,Feasible
128,127,3,1,2,"ADD:4,8;REMOVE:1,6;REMOVE:4,4",0:-;1:6;2:2;3:-;4:4;5:-;6:-;7:-;8:-;9:-,0:-;1:-;2:2;3:-;4:8;5:-;6:-;7:-;8:-;9:-,2@2=1;4@8=1,"2,8",2,2,2,0,1.0,0.660322316470997,0.6666666666666666,0.09365564980433042,0.0,0.0,0.1,0.12376093864440918,Feasible
129,128,5,3,2,"ADD:2,6;ADD:4,2;ADD:5,1;REMOVE:2,2;REMOVE:4,8",0:-;1:-;2:2;3:-;4:8;5:-;6:-;7:-;8:-;9:-,0:-;1:-;2:6;3:-;4:2;5:1;6:-;7:-;8:-;9:-,2@1=1;2@6=1;4@2=1;4@5=1;4@9=1;5@1=1;5@3=1;5@8=1,"1,6,2,5,9,3,8",8,8,8,0,1.0,0.731604409889935,1.0,0.03160440988993511,0.0,0.0,0.30000000000000004,0.15773224830627441,Feasible
130,129,6,3,3,"ADD:2,8;ADD:4,1;ADD:5,0;REMOVE:2,6;REMOVE:4,2;REMOVE:5,1",0:-;1:-;2:6;3:-;4:2;5:1;6:-;7:-;8:-;9:-,0:-;1:-;2:8;3:-;4:1;5:0;6:-;7:-;8:-;9:-,2@4=1;2@8=1;4@1=1;5@0=1,"4,8,1,0",4,4,4,0,1.0,0.7718100090453339,1.0,0.07181000904533405,0.0,0.0,0.30000000000000004,0.1374659538269043,Feasible
131,130,5,2,3,"ADD:1,3;ADD:2,6;REMOVE:2,8;REMOVE:4,1;REMOVE:5,0",0:-;1:-;2:8;3:-;4:1;5:0;6:-;7:-;8:-;9:-,0:-;1:3;2:6;3:-;4:-;5:-;6:-;7:-;8:-;9:-,1@2=1;1@3=1;2@6=1,"2,3,6",3,3,3,0,1.0,0.8691085126474916,1.0,0.06910851264749153,0.0,0.0,0.2,0.1308579444885254,Feasible
132,131,4,2,2,"ADD:1,8;ADD:5,7;REMOVE:1,3;REMOVE:2,6",0:-;1:3;2:6;3:-;4:-;5:-;6:-;7:-;8:-;9:-,0:-;1:8;2:-;3:-;4:-;5:7;6:-;7:-;8:-;9:-,1@5=1;1@7=1;5@0=1;5@1=1;5@2=1,"5,7,0,1,2",5,5,5,0,1.0,0.8,1.0,0.0,0.0,0.0,0.2,0.14366984367370605,Feasible
133,132,3,2,1,"ADD:1,3;ADD:6,5;REMOVE:1,8",0:-;1:8;2:-;3:-;4:-;5:7;6:-;7:-;8:-;9:-,0:-;1:3;2:-;3:-;4:-;5:7;6:5;7:-;8:-;9:-,1@2=1;1@3=1;5@4=1;5@9=1;6@5=1,"2,3,4,9,5",5,5,5,0,1.0,0.33981288191128617,0.5,0.039812881911286235,0.0,0.0,0.2,0.14516115188598633,Feasible
134,133,6,3,3,"ADD:1,7;ADD:2,2;ADD:6,3;REMOVE:1,3;REMOVE:5,7;REMOVE:6,5",0:-;1:3;2:-;3:-;4:-;5:7;6:5;7:-;8:-;9:-,0:-;1:7;2:2;3:-;4:-;5:-;6:3;7:-;8:-;9:-,1@0=1;1@4=1;2@2=1;6@3=1,"0,4,2,3",4,4,4,0,1.0,0.7543044238780556,1.0,0.0543044238780556,0.0,0.0,0.30000000000000004,0.13919281959533691,Feasible
135,134,10,7,3,"ADD:0,2;ADD:1,4;ADD:2,1;ADD:3,4;ADD:4,4;ADD:5,0;ADD:6,7;REMOVE:1,7;REMOVE:2,2;REMOVE:6,3",0:-;1:7;2:2;3:-;4:-;5:-;6:3;7:-;8:-;9:-,0:2;1:4;2:1;3:4;4:4;5:0;6:7;7:-;8:-;9:-,0@2=1;1@2=1;1@4=1;2@1=2;3@2=1;3@4=1;4@4=1;5@0=1;6@3=1;6@8=1,"2,4,1,0,3,8",11,10,10,0,1.0,0.3619411223658855,1.0,0.06194112236588545,0.0,0.0,0.7,0.15725278854370117,Feasible
136,135,11,4,7,"ADD:1,7;ADD:2,4;ADD:4,7;ADD:5,7;REMOVE:0,2;REMOVE:1,4;REMOVE:2,1;REMOVE:3,4;REMOVE:4,4;REMOVE:5,0;REMOVE:6,7",0:2;1:4;2:1;3:4;4:4;5:0;6:7;7:-;8:-;9:-,0:-;1:7;2:4;3:-;4:7;5:7;6:-;7:-;8:-;9:-,1@1=1;1@2=1;1@3=1;1@8=1;2@4=1;4@0=1;4@7=1;5@1=1;5@3=1;5@4=1,"1,2,3,8,4,0,7",10,10,10,0,1.0,0.6215096300450259,1.0,0.02150963004502596,0.0,0.0,0.4,0.16887712478637695,Feasible
137,136,8,4,4,"ADD:1,8;ADD:2,2;ADD:4,1;ADD:5,9;REMOVE:1,7;REMOVE:2,4;REMOVE:4,7;REMOVE:5,7",0:-;1:7;2:4;3:-;4:7;5:7;6:-;7:-;8:-;9:-,0:-;1:8;2:2;3:-;4:1;5:9;6:-;7:-;8:-;9:-,1@8=1;2@2=1;4@1=1;5@9=1,"8,2,1,9",4,4,4,0,1.0,0.697334767805814,1.0,0.0973347678058141,0.0,0.0,0.4,0.15250778198242188,Feasible
138,137,8,4,4,"ADD:1,9;ADD:3,7;ADD:4,0;ADD:5,4;REMOVE:1,8;REMOVE:2,2;REMOVE:4,1;REMOVE:5,9",0:-;1:8;2:2;3:-;4:1;5:9;6:-;7:-;8:-;9:-,0:-;1:9;2:-;3:7;4:0;5:4;6:-;7:-;8:-;9:-,1@6=1;1@9=1;3@7=1;4@0=1;5@4=1,"6,9,7,0,4",5,5,5,0,1.0,0.6905875226140176,1.0,0.09058752261401759,0.0,0.0,0.4,0.17040085792541504,Feasible
139,138,7,3,4,"ADD:1,2;ADD:4,5;ADD:6,1;REMOVE:1,9;REMOVE:3,7;REMOVE:4,0;REMOVE:5,4",0:-;1:9;2:-;3:7;4:0;5:4;6:-;7:-;8:-;9:-,0:-;1:2;2:-;3:-;4:5;5:-;6:1;7:-;8:-;9:-,1@0=1;1@2=1;1@4=1;4@5=1;6@1=1,"0,2,4,5,1",5,5,5,0,1.0,0.7540003435399281,1.0,0.05400034353992819,0.0,0.0,0.30000000000000004,0.1844160556793213,Feasible
140,139,5,2,3,"ADD:2,7;ADD:7,8;REMOVE:1,2;REMOVE:4,5;REMOVE:6,1",0:-;1:2;2:-;3:-;4:5;5:-;6:1;7:-;8:-;9:-,0:-;1:-;2:7;3:-;4:-;5:-;6:-;7:8;8:-;9:-,2@7=1;7@8=1,"7,8",2,2,2,0,1.0,0.899894562417934,1.0,0.099894562417934,0.0,0.0,0.2,0.15509414672851562,Feasible
141,140,4,2,2,"ADD:1,2;ADD:2,4;REMOVE:2,7;REMOVE:7,8",0:-;1:-;2:7;3:-;4:-;5:-;6:-;7:8;8:-;9:-,0:-;1:2;2:4;3:-;4:-;5:-;6:-;7:-;8:-;9:-,1@2=1;1@3=1;1@8=1;2@4=1,"2,3,8,4",4,4,4,0,1.0,0.8536783172184967,1.0,0.053678317218496606,0.0,0.0,0.2,0.17077302932739258,Feasible
142,141,6,4,2,"ADD:1,9;ADD:2,3;ADD:3,7;ADD:5,0;REMOVE:1,2;REMOVE:2,4",0:-;1:2;2:4;3:-;4:-;5:-;6:-;7:-;8:-;9:-,0:-;1:9;2:3;3:7;4:-;5:0;6:-;7:-;8:-;9:-,1@2=1;1@9=1;2@3=1;3@7=1;5@0=1,"2,9,3,7,0",5,5,5,0,1.0,0.6878344911409221,1.0,0.08783449114092211,0.0,0.0,0.4,0.1797478199005127,Feasible
143,142,6,2,4,"ADD:1,8;ADD:4,8;REMOVE:1,9;REMOVE:2,3;REMOVE:3,7;REMOVE:5,0",0:-;1:9;2:3;3:7;4:-;5:0;6:-;7:-;8:-;9:-,0:-;1:8;2:-;3:-;4:8;5:-;6:-;7:-;8:-;9:-,1@6=1;1@8=1;4@8=1,"6,8",3,3,3,0,1.0,0.8786221037141648,1.0,0.0786221037141648,0.0,0.0,0.2,0.15950918197631836,Feasible
144,143,5,3,2,"ADD:1,3;ADD:2,5;ADD:6,3;REMOVE:1,8;REMOVE:4,8",0:-;1:8;2:-;3:-;4:8;5:-;6:-;7:-;8:-;9:-,0:-;1:3;2:5;3:-;4:-;5:-;6:3;7:-;8:-;9:-,1@3=1;2@2=1;2@5=1;6@3=1;6@2=1,"3,2,5",5,5,5,0,1.0,0.7630427237310902,1.0,0.06304272373109017,0.0,0.0,0.30000000000000004,0.16871404647827148,Feasible
145,144,5,2,3,"ADD:2,7;ADD:4,4;REMOVE:1,3;REMOVE:2,5;REMOVE:6,3",0:-;1:3;2:5;3:-;4:-;5:-;6:3;7:-;8:-;9:-,0:-;1:-;2:7;3:-;4:4;5:-;6:-;7:-;8:-;9:-,2@0=1;2@8=1;4@4=1,"0,8,4",3,3,3,0,1.0,0.8385070696048025,1.0,0.03850706960480237,0.0,0.0,0.2,0.1599280834197998,Feasible
146,145,3,1,2,"ADD:4,1;REMOVE:2,7;REMOVE:4,4",0:-;1:-;2:7;3:-;4:4;5:-;6:-;7:-;8:-;9:-,0:-;1:-;2:-;3:-;4:1;5:-;6:-;7:-;8:-;9:-,4@1=1,1,1,1,1,0,1.0,1.0197972678632308,1.0,0.11979726786323079,0.0,0.0,0.1,0.13070416450500488,Feasible
147,146,6,5,1,"ADD:1,4;ADD:2,5;ADD:2,9;ADD:4,4;ADD:5,2;REMOVE:4,1",0:-;1:-;2:-;3:-;4:1;5:-;6:-;7:-;8:-;9:-,0:-;1:4;2:5|9;3:-;4:4;5:2;6:-;7:-;8:-;9:-,1@4=1;2@5=1;2@9=1;4@4=1;5@2=1,"4,5,9,2",5,5,5,0,1.0,0.5986187559821945,1.0,0.09861875598219445,0.0,0.0,0.5,0.1515800952911377,Feasible
148,147,8,3,5,"ADD:1,7;ADD:5,1;ADD:6,0;REMOVE:1,4;REMOVE:2,5;REMOVE:2,9;REMOVE:4,4;REMOVE:5,2",0:-;1:4;2:5|9;3:-;4:4;5:2;6:-;7:-;8:-;9:-,0:-;1:7;2:-;3:-;4:-;5:1;6:0;7:-;8:-;9:-,1@0=1;1@2=1;1@6=2;5@1=1;6@0=1,"0,2,6,1",6,5,5,0,1.0,0.7347344225606167,1.0,0.034734422560616734,0.0,0.0,0.30000000000000004,0.15361309051513672,Feasible
149,148,6,3,3,"ADD:2,7;ADD:4,7;ADD:5,2;REMOVE:1,7;REMOVE:5,1;REMOVE:6,0",0:-;1:7;2:-;3:-;4:-;5:1;6:0;7:-;8:-;9:-,0:-;1:-;2:7;3:-;4:7;5:2;6:-;7:-;8:-;9:-,2@0=1;2@6=1;4@7=1;5@2=1;5@4=1;5@9=1,"0,6,7,2,4,9",6,6,6,0,1.0,0.7326334983025533,1.0,0.03263349830255346,0.0,0.0,0.30000000000000004,0.15612411499023438,Feasible
150,149,6,3,3,"ADD:1,6;ADD:2,4;ADD:4,1;REMOVE:2,7;REMOVE:4,7;REMOVE:5,2",0:-;1:-;2:7;3:-;4:7;5:2;6:-;7:-;8:-;9:-,0:-;1:6;2:4;3:-;4:1;5:-;6:-;7:-;8:-;9:-,1@4=1;1@6=1;2@4=1;4@1=1,"4,6,1",4,4,4,0,1.0,0.7740901171161205,1.0,0.07409011711612054,0.0,0.0,0.30000000000000004,0.13991785049438477,Feasible
151,150,8,5,3,"ADD:1,8;ADD:2,5;ADD:4,9;ADD:5,2;ADD:6,4;REMOVE:1,6;REMOVE:2,4;REMOVE:4,1",0:-;1:6;2:4;3:-;4:1;5:-;6:-;7:-;8:-;9:-,0:-;1:8;2:5;3:-;4:9;5:2;6:4;7:-;8:-;9:-,1@2=1;1@8=1;2@5=1;4@1=1;4@7=1;4@9=1;5@2=1;6@4=1,"2,8,5,1,7,9,4",8,8,8,0,1.0,0.5634225598712703,1.0,0.06342255987127025,0.0,0.0,0.5,0.16416287422180176,Feasible
152,151,9,5,4,"ADD:1,9;ADD:2,1;ADD:3,5;ADD:4,2;ADD:5,8;REMOVE:1,8;REMOVE:2,5;REMOVE:4,9;REMOVE:5,2",0:-;1:8;2:5;3:-;4:9;5:2;6:4;7:-;8:-;9:-,0:-;1:9;2:1;3:5;4:2;5:8;6:4;7:-;8:-;9:-,1@1=1;1@2=1;2@1=1;3@5=2;4@2=1;5@8=1;6@4=1,"1,2,5,8,4",8,7,7,0,1.0,0.3731594768791554,0.8,0.07315947687915536,0.0,0.0,0.5,0.14992570877075195,Feasible
153,152,8,2,6,"ADD:1,7;ADD:4,7;REMOVE:1,9;REMOVE:2,1;REMOVE:3,5;REMOVE:4,2;REMOVE:5,8;REMOVE:6,4",0:-;1:9;2:1;3:5;4:2;5:8;6:4;7:-;8:-;9:-,0:-;1:7;2:-;3:-;4:7;5:-;6:-;7:-;8:-;9:-,1@0=1;1@1=1;4@3=1;4@4=1,"0,1,3,4",4,4,4,0,1.0,0.8,1.0,0.0,0.0,0.0,0.2,0.15289592742919922,Feasible
154,153,5,4,1,"ADD:2,8;ADD:3,9;ADD:5,5;ADD:6,2;REMOVE:4,7",0:-;1:7;2:-;3:-;4:7;5:-;6:-;7:-;8:-;9:-,0:-;1:7;2:8;3:9;4:-;5:5;6:2;7:-;8:-;9:-,1@4=1;1@6=1;1@7=1;1@8=1;1@9=1;2@4=2;2@8=1;3@9=1;5@5=1;6@4=2;6@5=1;6@0=1,"4,6,7,8,9,5,0",14,12,12,0,1.0,0.12737491156006353,0.5,0.027374911560063536,0.0,0.0,0.4,0.18164420127868652,Feasible
155,154,6,2,4,"ADD:2,7;ADD:4,2;REMOVE:2,8;REMOVE:3,9;REMOVE:5,5;REMOVE:6,2",0:-;1:7;2:8;3:9;4:-;5:5;6:2;7:-;8:-;9:-,0:-;1:7;2:7;3:-;4:2;5:-;6:-;7:-;8:-;9:-,1@0=1;1@8=1;1@9=1;2@0=1;2@1=1;2@2=1;4@0=1;4@2=1;4@3=1,"0,8,9,1,2,3",9,9,9,0,1.0,0.6112538390310285,0.8,0.011253839031028553,0.0,0.0,0.2,0.16344308853149414,Feasible
156,155,5,2,3,"ADD:1,8;ADD:4,6;REMOVE:1,7;REMOVE:2,7;REMOVE:4,2",0:-;1:7;2:7;3:-;4:2;5:-;6:-;7:-;8:-;9:-,0:-;1:8;2:-;3:-;4:6;5:-;6:-;7:-;8:-;9:-,1@1=2;1@2=1;1@7=1;1@8=1;4@6=1,"1,2,7,8,6",6,5,5,0,1.0,0.8329551582194632,1.0,0.03295515821946322,0.0,0.0,0.2,0.14773225784301758,Feasible
157,156,3,1,2,"ADD:4,1;REMOVE:1,8;REMOVE:4,6",0:-;1:8;2:-;3:-;4:6;5:-;6:-;7:-;8:-;9:-,0:-;1:-;2:-;3:-;4:1;5:-;6:-;7:-;8:-;9:-,4@1=2,1,2,1,1,0,1.0,0.989242984454478,1.0,0.08924298445447798,0.0,0.0,0.1,0.12467408180236816,Feasible
158,157,4,3,1,"ADD:1,0;ADD:2,0;ADD:4,2;REMOVE:4,1",0:-;1:-;2:-;3:-;4:1;5:-;6:-;7:-;8:-;9:-,0:-;1:0;2:0;3:-;4:2;5:-;6:-;7:-;8:-;9:-,1@0=2;2@0=1;4@2=1,"0,2",4,3,3,0,1.0,0.7891252218171816,1.0,0.0891252218171817,0.0,0.0,0.30000000000000004,0.1351330280303955,Feasible
159,158,5,2,3,"ADD:2,2;ADD:4,7;REMOVE:1,0;REMOVE:2,0;REMOVE:4,2",0:-;1:0;2:0;3:-;4:2;5:-;6:-;7:-;8:-;9:-,0:-;1:-;2:2;3:-;4:7;5:-;6:-;7:-;8:-;9:-,2@2=1;4@7=1,"2,7",2,2,2,0,1.0,0.8900927833335424,1.0,0.09009278333354234,0.0,0.0,0.2,0.13742995262145996,Feasible
160,159,5,3,2,"ADD:1,8;ADD:2,7;ADD:4,5;REMOVE:2,2;REMOVE:4,7",0:-;1:-;2:2;3:-;4:7;5:-;6:-;7:-;8:-;9:-,0:-;1:8;2:7;3:-;4:5;5:-;6:-;7:-;8:-;9:-,1@2=1;1@5=1;1@8=1;2@7=1;4@5=1;4@3=1,"2,5,8,7,3",6,6,6,0,1.0,0.754685898880354,1.0,0.0546858988803541,0.0,0.0,0.30000000000000004,0.15602898597717285,Feasible
161,160,3,2,1,"ADD:1,7;ADD:6,1;REMOVE:1,8",0:-;1:8;2:7;3:-;4:5;5:-;6:-;7:-;8:-;9:-,0:-;1:7;2:7;3:-;4:5;5:-;6:1;7:-;8:-;9:-,1@3=1;1@4=1;1@6=1;1@8=1;2@3=1;2@7=2;4@0=1;4@5=1;6@1=1,"3,4,6,8,7,0,5,1",10,9,9,0,1.0,0.1747391351312142,0.3333333333333333,0.04140580179788091,0.0,0.0,0.2,0.16712307929992676,Feasible
162,161,7,3,4,"ADD:1,9;ADD:2,9;ADD:4,7;REMOVE:1,7;REMOVE:2,7;REMOVE:4,5;REMOVE:6,1",0:-;1:7;2:7;3:-;4:5;5:-;6:1;7:-;8:-;9:-,0:-;1:9;2:9;3:-;4:7;5:-;6:-;7:-;8:-;9:-,1@9=2;2@1=1;2@2=1;4@9=1;4@4=2,"9,1,2,4",7,5,5,0,1.0,0.7315335665524156,1.0,0.03153356655241573,0.0,0.0,0.30000000000000004,0.141740083694458,Feasible
163,162,3,1,2,"ADD:5,3;REMOVE:2,9;REMOVE:4,7",0:-;1:9;2:9;3:-;4:7;5:-;6:-;7:-;8:-;9:-,0:-;1:9;2:-;3:-;4:-;5:3;6:-;7:-;8:-;9:-,1@9=1;5@3=1,"9,3",2,2,2,0,1.0,0.6582138033662362,0.6666666666666666,0.09154713669956964,0.0,0.0,0.1,0.1273660659790039,Feasible
164,163,4,3,1,"ADD:2,4;ADD:4,0;ADD:5,2;REMOVE:5,3",0:-;1:9;2:-;3:-;4:-;5:3;6:-;7:-;8:-;9:-,0:-;1:9;2:4;3:-;4:0;5:2;6:-;7:-;8:-;9:-,1@1=1;1@3=1;1@6=1;1@9=1;2@4=1;4@0=1;5@0=1;5@2=1,"1,3,6,9,4,0,2",8,8,8,0,1.0,0.25113003572717785,0.5,0.05113003572717787,0.0,0.0,0.30000000000000004,0.16580510139465332,Feasible
165,164,7,4,3,"ADD:2,7;ADD:3,7;ADD:5,9;ADD:6,6;REMOVE:2,4;REMOVE:4,0;REMOVE:5,2",0:-;1:9;2:4;3:-;4:0;5:2;6:-;7:-;8:-;9:-,0:-;1:9;2:7;3:7;4:-;5:9;6:6;7:-;8:-;9:-,1@1=1;1@7=1;1@9=1;2@7=1;3@7=1;5@9=1;5@3=1;6@6=1,"1,7,9,3,6",8,8,8,0,1.0,0.4161182994919108,0.75,0.06611829949191086,0.0,0.0,0.4,0.15198707580566406,Feasible
166,165,8,3,5,"ADD:2,2;ADD:4,7;ADD:5,8;REMOVE:1,9;REMOVE:2,7;REMOVE:3,7;REMOVE:5,9;REMOVE:6,6",0:-;1:9;2:7;3:7;4:-;5:9;6:6;7:-;8:-;9:-,0:-;1:-;2:2;3:-;4:7;5:8;6:-;7:-;8:-;9:-,2@2=2;4@7=1;5@4=1;5@8=1,"2,7,4,8",5,4,4,0,1.0,0.7767614512880914,1.0,0.07676145128809152,0.0,0.0,0.30000000000000004,0.14118409156799316,Feasible
167,166,4,2,2,"ADD:0,8;ADD:1,9;REMOVE:4,7;REMOVE:5,8",0:-;1:-;2:2;3:-;4:7;5:8;6:-;7:-;8:-;9:-,0:8;1:9;2:2;3:-;4:-;5:-;6:-;7:-;8:-;9:-,0@8=1;1@2=1;1@9=1;2@2=1,"8,2,9",4,4,4,0,1.0,0.5400018926902039,0.6666666666666666,0.07333522602353729,0.0,0.0,0.2,0.14443397521972656,Feasible
168,167,6,4,2,"ADD:1,4;ADD:4,7;ADD:5,6;ADD:6,9;REMOVE:0,8;REMOVE:1,9",0:8;1:9;2:2;3:-;4:-;5:-;6:-;7:-;8:-;9:-,0:-;1:4;2:2;3:-;4:7;5:6;6:9;7:-;8:-;9:-,1@4=1;2@2=1;4@4=1;4@7=2;5@6=1;6@9=1,"4,2,7,6,9",7,6,6,0,1.0,0.3518844162265756,0.6666666666666666,0.08521774955990896,0.0,0.0,0.4,0.15946507453918457,Feasible
169,168,11,6,5,"ADD:1,7;ADD:2,4;ADD:3,5;ADD:4,4;ADD:5,7;ADD:6,2;REMOVE:1,4;REMOVE:2,2;REMOVE:4,7;REMOVE:5,6;REMOVE:6,9",0:-;1:4;2:2;3:-;4:7;5:6;6:9;7:-;8:-;9:-,0:-;1:7;2:4;3:5;4:4;5:7;6:2;7:-;8:-;9:-,1@4=2;1@7=1;2@4=1;3@5=1;4@4=1;4@2=2;5@3=1;5@8=1;6@2=1,"4,7,5,2,3,8",11,9,9,0,1.0,0.4457813854057643,1.0,0.045781385405764236,0.0,0.0,0.6,0.17040705680847168,Feasible
170,169,9,4,5,"ADD:1,4;ADD:2,7;ADD:4,5;ADD:6,3;REMOVE:1,7;REMOVE:2,4;REMOVE:4,4;REMOVE:5,7;REMOVE:6,2",0:-;1:7;2:4;3:5;4:4;5:7;6:2;7:-;8:-;9:-,0:-;1:4;2:7;3:5;4:5;5:-;6:3;7:-;8:-;9:-,1@4=1;2@0=1;2@1=1;2@2=1;2@8=1;3@5=1;4@5=1;6@3=1,"4,0,1,2,8,5,3",8,8,8,0,1.0,0.48021368313000035,0.8333333333333334,0.04688034979666701,0.0,0.0,0.4,0.17092418670654297,Feasible
171,170,8,4,4,"ADD:1,8;ADD:4,4;ADD:5,4;ADD:7,8;REMOVE:1,4;REMOVE:3,5;REMOVE:4,5;REMOVE:6,3",0:-;1:4;2:7;3:5;4:5;5:-;6:3;7:-;8:-;9:-,0:-;1:8;2:7;3:-;4:4;5:4;6:-;7:8;8:-;9:-,1@1=1;1@2=1;1@4=2;1@8=1;2@4=1;2@0=1;2@9=1;4@2=1;4@4=2;5@4=2;7@8=1,"1,2,4,8,0,9",14,11,11,0,1.0,0.4418069300066211,0.8,0.04180693000662105,0.0,0.0,0.4,0.16624116897583008,Feasible
172,171,8,4,4,"ADD:0,4;ADD:2,6;ADD:4,9;ADD:6,9;REMOVE:2,7;REMOVE:4,4;REMOVE:5,4;REMOVE:7,8",0:-;1:8;2:7;3:-;4:4;5:4;6:-;7:8;8:-;9:-,0:4;1:8;2:6;3:-;4:9;5:-;6:9;7:-;8:-;9:-,0@4=1;1@7=1;1@8=1;2@6=1;4@9=1;6@9=1,"4,7,8,6,9",6,6,6,0,1.0,0.48802664547371954,0.8,0.08802664547371951,0.0,0.0,0.4,0.15484166145324707,Feasible
173,172,8,3,5,"ADD:3,8;ADD:4,6;ADD:5,9;REMOVE:0,4;REMOVE:1,8;REMOVE:2,6;REMOVE:4,9;REMOVE:6,9",0:4;1:8;2:6;3:-;4:9;5:-;6:9;7:-;8:-;9:-,0:-;1:-;2:-;3:8;4:6;5:9;6:-;7:-;8:-;9:-,3@8=1;4@1=1;4@6=1;5@6=1;5@2=1,"8,1,6,2",5,5,5,0,1.0,0.7463479464227494,1.0,0.04634794642274944,0.0,0.0,0.30000000000000004,0.150543212890625,Feasible
174,173,5,3,2,"ADD:1,9;ADD:4,9;ADD:6,9;REMOVE:3,8;REMOVE:4,6",0:-;1:-;2:-;3:8;4:6;5:9;6:-;7:-;8:-;9:-,0:-;1:9;2:-;3:-;4:9;5:9;6:9;7:-;8:-;9:-,1@1=1;1@2=2;4@2=1;4@9=1;5@1=1;5@2=2;6@9=1,"1,2,9",9,7,7,0,1.0,0.38620541345248116,0.6666666666666666,0.019538746785814545,0.0,0.0,0.30000000000000004,0.14291787147521973,Feasible
175,174,10,6,4,"ADD:0,1;ADD:1,7;ADD:2,9;ADD:4,8;ADD:5,7;ADD:6,3;REMOVE:1,9;REMOVE:4,9;REMOVE:5,9;REMOVE:6,9",0:-;1:9;2:-;3:-;4:9;5:9;6:9;7:-;8:-;9:-,0:1;1:7;2:9;3:-;4:8;5:7;6:3;7:-;8:-;9:-,0@1=1;1@4=1;1@9=2;2@9=1;2@7=2;4@1=1;4@4=1;4@2=1;5@4=3;5@7=1;6@1=1;6@3=1,"1,4,9,7,2,3",16,12,12,0,1.0,0.42552758919600986,1.0,0.0255275891960098,0.0,0.0,0.6,0.16368889808654785,Feasible
176,175,6,2,4,"ADD:1,9;ADD:6,0;REMOVE:0,1;REMOVE:1,7;REMOVE:5,7;REMOVE:6,3",0:1;1:7;2:9;3:-;4:8;5:7;6:3;7:-;8:-;9:-,0:-;1:9;2:9;3:-;4:8;5:-;6:0;7:-;8:-;9:-,1@2=1;1@7=1;1@9=1;2@2=1;2@7=1;2@9=1;4@1=1;4@8=1;6@0=1,"2,7,9,1,8,0",9,9,9,0,1.0,0.5099890896427297,0.6666666666666666,0.04332242297606309,0.0,0.0,0.2,0.15825104713439941,Feasible
177,176,4,1,3,"ADD:1,2;REMOVE:1,9;REMOVE:2,9;REMOVE:6,0",0:-;1:9;2:9;3:-;4:8;5:-;6:0;7:-;8:-;9:-,0:-;1:2;2:-;3:-;4:8;5:-;6:-;7:-;8:-;9:-,1@0=1;1@2=1;1@8=1;4@8=1,"0,2,8",4,4,4,0,1.0,0.6968888603348592,0.75,0.04688886033485915,0.0,0.0,0.1,0.14730286598205566,Feasible
178,177,3,2,1,"ADD:4,5;ADD:5,7;REMOVE:4,8",0:-;1:2;2:-;3:-;4:8;5:-;6:-;7:-;8:-;9:-,0:-;1:2;2:-;3:-;4:5;5:7;6:-;7:-;8:-;9:-,1@2=1;4@0=1;4@5=1;4@8=1;5@2=1;5@7=1,"2,0,5,8,7",6,6,6,0,1.0,0.354264958158859,0.5,0.05426495815885903,0.0,0.0,0.2,0.1525580883026123,Feasible
179,178,6,3,3,"ADD:1,8;ADD:4,2;ADD:5,6;REMOVE:1,2;REMOVE:4,5;REMOVE:5,7",0:-;1:2;2:-;3:-;4:5;5:7;6:-;7:-;8:-;9:-,0:-;1:8;2:-;3:-;4:2;5:6;6:-;7:-;8:-;9:-,1@1=1;1@4=2;1@8=1;4@2=1;5@4=1;5@6=1,"1,4,8,2,6",7,6,6,0,1.0,0.7389882579677904,1.0,0.03898825796779051,0.0,0.0,0.30000000000000004,0.15173792839050293,Feasible
180,179,4,1,3,"ADD:4,8;REMOVE:1,8;REMOVE:4,2;REMOVE:5,6",0:-;1:8;2:-;3:-;4:2;5:6;6:-;7:-;8:-;9:-,0:-;1:-;2:-;3:-;4:8;5:-;6:-;7:-;8:-;9:-,4@1=1;4@8=1,"1,8",2,2,2,0,1.0,0.9502372279160459,1.0,0.05023722791604599,0.0,0.0,0.1,0.13270902633666992,Feasible
181,180,4,3,1,"ADD:1,7;ADD:2,3;ADD:5,2;REMOVE:4,8",0:-;1:-;2:-;3:-;4:8;5:-;6:-;7:-;8:-;9:-,0:-;1:7;2:3;3:-;4:-;5:2;6:-;7:-;8:-;9:-,1@0=1;1@2=1;1@6=1;2@2=1;2@3=1;5@2=1,"0,2,6,3",6,6,6,0,1.0,0.7330411971105071,1.0,0.03304119711050708,0.0,0.0,0.30000000000000004,0.15597176551818848,Feasible
182,181,8,5,3,"ADD:2,9;ADD:4,5;ADD:5,8;ADD:5,9;ADD:6,1;REMOVE:1,7;REMOVE:2,3;REMOVE:5,2",0:-;1:7;2:3;3:-;4:-;5:2;6:-;7:-;8:-;9:-,0:-;1:-;2:9;3:-;4:5;5:8|9;6:1;7:-;8:-;9:-,2@9=1;4@3=1;4@5=1;4@8=1;5@9=1;5@8=2;6@1=1,"9,3,5,8,1",8,7,7,0,1.0,0.5768295530328129,1.0,0.07682955303281291,0.0,0.0,0.5,0.1577920913696289,Feasible
183,182,8,4,4,"ADD:2,4;ADD:3,2;ADD:4,7;ADD:6,4;REMOVE:2,9;REMOVE:4,5;REMOVE:5,9;REMOVE:6,1",0:-;1:-;2:9;3:-;4:5;5:8|9;6:1;7:-;8:-;9:-,0:-;1:-;2:4;3:2;4:7;5:8;6:4;7:-;8:-;9:-,2@4=1;3@2=1;4@7=1;5@6=1;5@8=2;6@4=1,"4,2,7,6,8",7,6,6,0,1.0,0.4829747598220474,0.8,0.08297475982204741,0.0,0.0,0.4,0.16097688674926758,Feasible
184,183,9,4,5,"ADD:0,3;ADD:2,2;ADD:4,1;ADD:5,4;REMOVE:2,4;REMOVE:3,2;REMOVE:4,7;REMOVE:5,8;REMOVE:6,4",0:-;1:-;2:4;3:2;4:7;5:8;6:4;7:-;8:-;9:-,0:3;1:-;2:2;3:-;4:1;5:4;6:-;7:-;8:-;9:-,0@3=1;2@3=1;2@2=1;2@8=1;4@1=1;5@2=1;5@4=1,"3,2,8,1,4",7,7,7,0,1.0,0.653843711664449,1.0,0.053843711664448964,0.0,0.0,0.4,0.16538500785827637,Feasible
185,184,8,4,4,"ADD:1,7;ADD:5,7;ADD:6,9;ADD:7,4;REMOVE:0,3;REMOVE:2,2;REMOVE:4,1;REMOVE:5,4",0:3;1:-;2:2;3:-;4:1;5:4;6:-;7:-;8:-;9:-,0:-;1:7;2:-;3:-;4:-;5:7;6:9;7:4;8:-;9:-,1@7=1;5@7=1;5@2=1;5@6=1;6@2=1;6@1=1;7@4=1,"7,2,6,1,4",7,7,7,0,1.0,0.6442743665545284,1.0,0.04427436655452852,0.0,0.0,0.4,0.1641709804534912,Feasible
186,185,8,4,4,"ADD:0,9;ADD:4,1;ADD:5,0;ADD:6,6;REMOVE:1,7;REMOVE:5,7;REMOVE:6,9;REMOVE:7,4",0:-;1:7;2:-;3:-;4:-;5:7;6:9;7:4;8:-;9:-,0:9;1:-;2:-;3:-;4:1;5:0;6:6;7:-;8:-;9:-,0@9=1;4@1=1;5@0=1;6@1=1;6@4=1;6@6=1,"9,1,0,4,6",6,6,6,0,1.0,0.6624603558744638,1.0,0.06246035587446397,0.0,0.0,0.4,0.1613152027130127,Feasible
187,186,5,1,4,"ADD:4,0;REMOVE:0,9;REMOVE:4,1;REMOVE:5,0;REMOVE:6,6",0:9;1:-;2:-;3:-;4:1;5:0;6:6;7:-;8:-;9:-,0:-;1:-;2:-;3:-;4:0;5:-;6:-;7:-;8:-;9:-,4@0=1,0,1,1,1,0,1.0,1.011311458415075,1.0,0.11131145841507514,0.0,0.0,0.1,0.12848901748657227,Feasible
188,187,2,1,1,"ADD:4,7;REMOVE:4,0",0:-;1:-;2:-;3:-;4:0;5:-;6:-;7:-;8:-;9:-,0:-;1:-;2:-;3:-;4:7;5:-;6:-;7:-;8:-;9:-,4@0=1;4@1=1;4@3=1;4@7=1,"0,1,3,7",4,4,4,0,1.0,0.9221053542795555,1.0,0.02210535427955549,0.0,0.0,0.1,0.14608097076416016,Feasible
189,188,3,2,1,"ADD:0,4;ADD:4,1;REMOVE:4,7",0:-;1:-;2:-;3:-;4:7;5:-;6:-;7:-;8:-;9:-,0:4;1:-;2:-;3:-;4:1;5:-;6:-;7:-;8:-;9:-,0@4=1;4@1=1,"4,1",2,2,2,0,1.0,0.9117236473416932,1.0,0.11172364734169324,0.0,0.0,0.2,0.13398504257202148,Feasible
190,189,8,6,2,"ADD:0,3;ADD:1,5;ADD:3,2;ADD:4,2;ADD:5,9;ADD:6,7;REMOVE:0,4;REMOVE:4,1",0:4;1:-;2:-;3:-;4:1;5:-;6:-;7:-;8:-;9:-,0:3;1:5;2:-;3:2;4:2;5:9;6:7;7:-;8:-;9:-,0@3=1;1@5=1;3@2=1;4@2=2;5@9=1;6@0=1;6@4=1,"3,5,2,9,0,4",8,7,7,0,1.0,0.4740309174082845,1.0,0.07403091740828446,0.0,0.0,0.6,0.15258193016052246,Feasible
191,190,11,5,6,"ADD:1,9;ADD:2,1;ADD:4,9;ADD:5,7;ADD:6,4;REMOVE:0,3;REMOVE:1,5;REMOVE:3,2;REMOVE:4,2;REMOVE:5,9;REMOVE:6,7",0:3;1:5;2:-;3:2;4:2;5:9;6:7;7:-;8:-;9:-,0:-;1:9;2:1;3:-;4:9;5:7;6:4;7:-;8:-;9:-,1@1=1;1@2=1;1@6=1;2@1=1;4@9=1;5@7=1;6@4=2,"1,2,6,9,7,4",8,7,7,0,1.0,0.5657816082814937,1.0,0.06578160828149367,0.0,0.0,0.5,0.15856218338012695,Feasible
192,191,10,5,5,"ADD:1,7;ADD:2,8;ADD:3,7;ADD:4,8;ADD:5,4;REMOVE:1,9;REMOVE:2,1;REMOVE:4,9;REMOVE:5,7;REMOVE:6,4",0:-;1:9;2:1;3:-;4:9;5:7;6:4;7:-;8:-;9:-,0:-;1:7;2:8;3:7;4:8;5:4;6:-;7:-;8:-;9:-,1@1=1;1@2=2;1@3=1;1@8=1;2@1=2;2@2=2;2@8=1;3@2=1;3@6=1;3@7=1;4@6=1;4@4=1;4@5=1;5@4=1,"1,2,3,8,6,7,4,5",17,14,14,0,1.0,0.5181997537437353,1.0,0.01819975374373535,0.0,0.0,0.5,0.18041205406188965,Feasible
193,192,8,4,4,"ADD:1,3;ADD:2,5;ADD:3,2;ADD:5,3;REMOVE:1,7;REMOVE:2,8;REMOVE:3,7;REMOVE:5,4",0:-;1:7;2:8;3:7;4:8;5:4;6:-;7:-;8:-;9:-,0:-;1:3;2:5;3:2;4:8;5:3;6:-;7:-;8:-;9:-,1@3=1;2@5=1;3@2=1;4@8=1;5@3=1;5@1=1,"3,5,2,8,1",6,6,6,0,1.0,0.481701416841787,0.8,0.08170141684178696,0.0,0.0,0.4,0.15800881385803223,Feasible
194,193,9,4,5,"ADD:1,1;ADD:2,1;ADD:4,6;ADD:5,8;REMOVE:1,3;REMOVE:2,5;REMOVE:3,2;REMOVE:4,8;REMOVE:5,3",0:-;1:3;2:5;3:2;4:8;5:3;6:-;7:-;8:-;9:-,0:-;1:1;2:1;3:-;4:6;5:8;6:-;7:-;8:-;9:-,1@1=1;2@1=1;4@6=1;5@8=1,"1,6,8",4,4,4,0,1.0,0.7054329937815892,1.0,0.10543299378158913,0.0,0.0,0.4,0.1391150951385498,Feasible
195,194,7,4,3,"ADD:0,8;ADD:1,0;ADD:2,9;ADD:6,7;REMOVE:1,1;REMOVE:2,1;REMOVE:5,8",0:-;1:1;2:1;3:-;4:6;5:8;6:-;7:-;8:-;9:-,0:8;1:0;2:9;3:-;4:6;5:-;6:7;7:-;8:-;9:-,0@5=1;0@8=1;1@0=1;2@1=1;2@9=1;4@6=1;6@4=1;6@7=1,"5,8,0,1,9,6,4,7",8,8,8,0,1.0,0.4171273733891484,0.75,0.0671273733891484,0.0,0.0,0.4,0.1737821102142334,Feasible
196,195,11,6,5,"ADD:1,7;ADD:2,0;ADD:4,8;ADD:4,9;ADD:5,8;ADD:6,8;REMOVE:0,8;REMOVE:1,0;REMOVE:2,9;REMOVE:4,6;REMOVE:6,7",0:8;1:0;2:9;3:-;4:6;5:-;6:7;7:-;8:-;9:-,0:-;1:7;2:0;3:-;4:8|9;5:8;6:8;7:-;8:-;9:-,1@0=1;1@1=2;1@3=1;2@0=1;4@8=1;4@9=1;5@8=1;5@2=1;6@4=1;6@5=1,"0,1,3,8,9,2,4,5",11,10,10,0,1.0,0.439621779105695,1.0,0.03962177910569496,0.0,0.0,0.6,0.18040013313293457,Feasible
197,196,9,4,5,"ADD:0,0;ADD:2,7;ADD:4,5;ADD:6,1;REMOVE:1,7;REMOVE:2,0;REMOVE:4,8;REMOVE:4,9;REMOVE:6,8",0:-;1:7;2:0;3:-;4:8|9;5:8;6:8;7:-;8:-;9:-,0:0;1:-;2:7;3:-;4:5;5:8;6:1;7:-;8:-;9:-,0@0=1;2@0=1;2@2=2;2@7=1;4@0=2;4@2=1;4@5=1;4@8=1;5@2=1;5@1=1;5@4=1;6@1=1,"0,2,7,5,8,1,4",14,12,12,0,1.0,0.46209645182451375,0.8333333333333334,0.028763118491180403,0.0,0.0,0.4,0.1692800521850586,Feasible
198,197,8,3,5,"ADD:2,3;ADD:4,3;ADD:5,4;REMOVE:0,0;REMOVE:2,7;REMOVE:4,5;REMOVE:5,8;REMOVE:6,1",0:0;1:-;2:7;3:-;4:5;5:8;6:1;7:-;8:-;9:-,0:-;1:-;2:3;3:-;4:3;5:4;6:-;7:-;8:-;9:-,2@3=1;4@3=1;5@4=1,"3,4",3,3,3,0,1.0,0.7916097733590779,1.0,0.0916097733590779,0.0,0.0,0.30000000000000004,0.1312718391418457,Feasible
199,198,4,2,2,"ADD:1,7;ADD:3,2;REMOVE:2,3;REMOVE:5,4",0:-;1:-;2:3;3:-;4:3;5:4;6:-;7:-;8:-;9:-,0:-;1:7;2:-;3:2;4:3;5:-;6:-;7:-;8:-;9:-,1@4=2;1@7=1;3@7=1;3@2=1;3@5=1;4@7=1;4@5=1;4@3=1,"4,7,2,5,3",9,8,8,0,1.0,0.5014594275892561,0.6666666666666666,0.034792760922589414,0.0,0.0,0.2,0.15327215194702148,Feasible
200,199,3,2,1,"ADD:2,2;ADD:3,5;REMOVE:3,2",0:-;1:7;2:-;3:2;4:3;5:-;6:-;7:-;8:-;9:-,0:-;1:7;2:2;3:5;4:3;5:-;6:-;7:-;8:-;9:-,1@4=1;1@7=1;1@9=1;2@2=1;3@5=1;4@3=1,"4,7,9,2,5,3",6,6,6,0,1.0,0.1974170972638637,0.3333333333333333,0.06408376393053039,0.0,0.0,0.2,0.15331578254699707,Feasible
201,200,8,4,4,"ADD:1,3;ADD:1,5;ADD:2,8;ADD:4,5;REMOVE:1,7;REMOVE:2,2;REMOVE:3,5;REMOVE:4,3",0:-;1:7;2:2;3:5;4:3;5:-;6:-;7:-;8:-;9:-,0:-;1:3|5;2:8;3:-;4:5;5:-;6:-;7:-;8:-;9:-,1@0=1;1@1=1;1@3=1;1@5=1;2@8=1;4@0=1;4@5=1,"0,1,3,5,8",7,7,7,0,1.0,0.6489123242093165,1.0,0.04891232420931655,0.0,0.0,0.4,0.1579911708831787,Feasible
202,201,8,5,3,"ADD:1,4;ADD:2,2;ADD:3,3;ADD:4,9;ADD:6,2;REMOVE:1,3;REMOVE:1,5;REMOVE:2,8",0:-;1:3|5;2:8;3:-;4:5;5:-;6:-;7:-;8:-;9:-,0:-;1:4;2:2;3:3;4:5|9;5:-;6:2;7:-;8:-;9:-,1@4=1;2@4=1;2@0=1;2@5=1;3@3=1;4@5=1;4@9=1;6@2=1,"4,0,5,3,9,2",8,8,8,0,1.0,0.3135701755976199,0.75,0.06357017559761988,0.0,0.0,0.5,0.16973304748535156,Feasible
203,202,9,3,6,"ADD:2,7;ADD:4,8;ADD:5,8;REMOVE:1,4;REMOVE:2,2;REMOVE:3,3;REMOVE:4,5;REMOVE:4,9;REMOVE:6,2",0:-;1:4;2:2;3:3;4:5|9;5:-;6:2;7:-;8:-;9:-,0:-;1:-;2:7;3:-;4:8;5:8;6:-;7:-;8:-;9:-,2@1=2;2@4=1;2@9=1;4@4=2;4@5=1;5@5=2;5@7=1,"1,4,9,5,7",10,7,7,0,1.0,0.7,1.0,0.0,0.0,0.0,0.30000000000000004,0.16663622856140137,Feasible
204,203,6,4,2,"ADD:1,7;ADD:2,8;ADD:5,2;ADD:6,1;REMOVE:2,7;REMOVE:5,8",0:-;1:-;2:7;3:-;4:8;5:8;6:-;7:-;8:-;9:-,0:-;1:7;2:8;3:-;4:8;5:2;6:1;7:-;8:-;9:-,1@0=2;1@1=1;1@7=1;2@7=1;2@5=1;2@6=1;4@1=1;4@2=1;4@4=1;5@2=1;6@1=1,"0,1,7,5,6,2,4",12,11,11,0,1.0,0.2900007390905066,0.6666666666666666,0.023334072423839964,0.0,0.0,0.4,0.17250919342041016,Feasible
205,204,6,2,4,"ADD:2,7;ADD:4,2;REMOVE:2,8;REMOVE:4,8;REMOVE:5,2;REMOVE:6,1",0:-;1:7;2:8;3:-;4:8;5:2;6:1;7:-;8:-;9:-,0:-;1:7;2:7;3:-;4:2;5:-;6:-;7:-;8:-;9:-,1@2=1;1@3=1;1@4=2;1@6=1;2@0=1;2@9=1;4@2=1,"2,3,4,6,0,9",8,7,7,0,1.0,0.6109800195444326,0.8,0.010980019544432538,0.0,0.0,0.2,0.1551649570465088,Feasible
206,205,3,1,2,"ADD:8,2;REMOVE:1,7;REMOVE:2,7",0:-;1:7;2:7;3:-;4:2;5:-;6:-;7:-;8:-;9:-,0:-;1:-;2:-;3:-;4:2;5:-;6:-;7:-;8:2;9:-,4@2=1;8@2=1,2,2,2,2,0,1.0,0.6638861131901962,0.6666666666666666,0.09721944652352954,0.0,0.0,0.1,0.12219810485839844,Feasible
207,206,5,3,2,"ADD:2,4;ADD:4,7;ADD:5,9;REMOVE:4,2;REMOVE:8,2",0:-;1:-;2:-;3:-;4:2;5:-;6:-;7:-;8:2;9:-,0:-;1:-;2:4;3:-;4:7;5:9;6:-;7:-;8:-;9:-,2@4=1;4@4=2;4@7=1;5@3=1;5@9=1,"4,7,3,9",6,5,5,0,1.0,0.7482154082792796,1.0,0.048215408279279504,0.0,0.0,0.30000000000000004,0.15979504585266113,Feasible
208,207,4,2,2,"ADD:4,2;ADD:6,3;REMOVE:2,4;REMOVE:4,7",0:-;1:-;2:4;3:-;4:7;5:9;6:-;7:-;8:-;9:-,0:-;1:-;2:-;3:-;4:2;5:9;6:3;7:-;8:-;9:-,4@3=1;4@4=1;4@5=1;5@9=1;6@3=1,"3,4,5,9",5,5,5,0,1.0,0.5064021443439133,0.6666666666666666,0.03973547767724674,0.0,0.0,0.2,0.15324997901916504,Feasible
209,208,5,3,2,"ADD:2,8;ADD:4,9;ADD:6,1;REMOVE:4,2;REMOVE:6,3",0:-;1:-;2:-;3:-;4:2;5:9;6:3;7:-;8:-;9:-,0:-;1:-;2:8;3:-;4:9;5:9;6:1;7:-;8:-;9:-,2@5=1;2@8=1;4@1=1;4@2=1;5@9=1;6@1=1,"5,8,1,2,9",6,6,6,0,1.0,0.4121524915602909,0.6666666666666666,0.045485824893624335,0.0,0.0,0.30000000000000004,0.16042590141296387,Feasible
210,209,8,4,4,"ADD:4,7;ADD:5,3;ADD:6,2;ADD:7,9;REMOVE:2,8;REMOVE:4,9;REMOVE:5,9;REMOVE:6,1",0:-;1:-;2:8;3:-;4:9;5:9;6:1;7:-;8:-;9:-,0:-;1:-;2:-;3:-;4:7;5:3;6:2;7:9;8:-;9:-,4@1=1;4@2=1;4@4=1;4@7=1;4@9=1;5@3=1;6@2=1;6@4=1;6@3=1;7@1=1;7@2=1,"1,2,4,7,9,3",11,11,11,0,1.0,0.6286788401364062,1.0,0.028678840136406127,0.0,0.0,0.4,0.17757272720336914,Feasible
211,210,6,3,3,"ADD:2,9;ADD:5,1;ADD:6,3;REMOVE:5,3;REMOVE:6,2;REMOVE:7,9",0:-;1:-;2:-;3:-;4:7;5:3;6:2;7:9;8:-;9:-,0:-;1:-;2:9;3:-;4:7;5:1;6:3;7:-;8:-;9:-,2@9=1;4@0=1;4@1=1;4@6=1;4@8=1;5@1=1;6@3=1,"9,0,1,6,8,3",7,7,7,0,1.0,0.49071889898432586,0.75,0.04071889898432594,0.0,0.0,0.30000000000000004,0.15694904327392578,Feasible
212,211,6,2,4,"ADD:4,9;ADD:7,7;REMOVE:2,9;REMOVE:4,7;REMOVE:5,1;REMOVE:6,3",0:-;1:-;2:9;3:-;4:7;5:1;6:3;7:-;8:-;9:-,0:-;1:-;2:-;3:-;4:9;5:-;6:-;7:7;8:-;9:-,4@9=1;7@4=1;7@7=1,"9,4,7",3,3,3,0,1.0,0.8562451589619053,1.0,0.05624515896190525,0.0,0.0,0.2,0.13885498046875,Feasible
213,212,5,3,2,"ADD:4,1;ADD:5,1;ADD:6,4;REMOVE:4,9;REMOVE:7,7",0:-;1:-;2:-;3:-;4:9;5:-;6:-;7:7;8:-;9:-,0:-;1:-;2:-;3:-;4:1;5:1;6:4;7:-;8:-;9:-,4@1=1;5@1=1;6@4=1,"1,4",3,3,3,0,1.0,0.7928909156783737,1.0,0.09289091567837368,0.0,0.0,0.30000000000000004,0.13755583763122559,Feasible
214,213,7,4,3,"ADD:2,6;ADD:5,5;ADD:6,3;ADD:7,5;REMOVE:4,1;REMOVE:5,1;REMOVE:6,4",0:-;1:-;2:-;3:-;4:1;5:1;6:4;7:-;8:-;9:-,0:-;1:-;2:6;3:-;4:-;5:5;6:3;7:5;8:-;9:-,2@6=1;5@2=1;5@5=1;6@3=1;7@5=1,"6,2,5,3",5,5,5,0,1.0,0.6789731010121663,1.0,0.07897310101216645,0.0,0.0,0.4,0.15191006660461426,Feasible
215,214,7,3,4,"ADD:4,4;ADD:5,7;ADD:6,4;REMOVE:2,6;REMOVE:5,5;REMOVE:6,3;REMOVE:7,5",0:-;1:-;2:6;3:-;4:-;5:5;6:3;7:5;8:-;9:-,0:-;1:-;2:-;3:-;4:4;5:7;6:4;7:-;8:-;9:-,4@2=1;4@4=1;5@0=1;5@1=1;5@9=1;6@4=1,"2,4,0,1,9",6,6,6,0,1.0,0.7332833650169557,1.0,0.03328336501695562,0.0,0.0,0.30000000000000004,0.16401982307434082,Feasible
216,215,6,4,2,"ADD:3,4;ADD:5,2;ADD:6,7;ADD:7,7;REMOVE:5,7;REMOVE:6,4",0:-;1:-;2:-;3:-;4:4;5:7;6:4;7:-;8:-;9:-,0:-;1:-;2:-;3:4;4:4;5:2;6:7;7:7;8:-;9:-,3@4=1;4@4=1;4@2=1;5@2=1;6@0=1;6@7=1;7@4=1;7@0=1;7@3=1,"4,2,0,7,3",9,9,9,0,1.0,0.31218845773999615,0.6666666666666666,0.04552179107332955,0.0,0.0,0.4,0.16594386100769043,Feasible
217,216,8,4,4,"ADD:1,8;ADD:5,7;ADD:6,8;ADD:6,9;REMOVE:3,4;REMOVE:4,4;REMOVE:5,2;REMOVE:6,7",0:-;1:-;2:-;3:4;4:4;5:2;6:7;7:7;8:-;9:-,0:-;1:8;2:-;3:-;4:-;5:7;6:8|9;7:7;8:-;9:-,1@8=1;5@0=1;5@4=1;6@8=1;6@3=1;6@5=1;6@6=1;6@9=1;7@8=1;7@3=1;7@6=1;7@7=1,"8,0,4,3,5,6,9,7",12,12,12,0,1.0,0.4324309459208583,0.8,0.03243094592085831,0.0,0.0,0.4,0.19053101539611816,Feasible
218,217,8,4,4,"ADD:2,4;ADD:4,7;ADD:5,5;ADD:6,0;REMOVE:1,8;REMOVE:5,7;REMOVE:6,8;REMOVE:6,9",0:-;1:8;2:-;3:-;4:-;5:7;6:8|9;7:7;8:-;9:-,0:-;1:-;2:4;3:-;4:7;5:5;6:0;7:7;8:-;9:-,2@4=1;4@3=1;4@8=1;5@2=2;5@5=1;6@0=1;7@3=1;7@8=1,"4,3,8,2,5,0",9,8,8,0,1.0,0.4323744463821636,0.8,0.032374446382163614,0.0,0.0,0.4,0.16840600967407227,Feasible
219,218,5,2,3,"ADD:1,8;ADD:2,7;REMOVE:2,4;REMOVE:5,5;REMOVE:6,0",0:-;1:-;2:4;3:-;4:7;5:5;6:0;7:7;8:-;9:-,0:-;1:8;2:7;3:-;4:7;5:-;6:-;7:7;8:-;9:-,1@4=1;1@5=1;1@8=1;2@2=1;2@7=1;4@7=1;4@6=1;7@4=1;7@3=1;7@9=1,"4,5,8,2,7,6,3,9",10,10,10,0,1.0,0.43129534568183775,0.6,0.03129534568183784,0.0,0.0,0.2,0.17785191535949707,Feasible
220,219,6,3,3,"ADD:2,2;ADD:5,9;ADD:6,7;REMOVE:2,7;REMOVE:4,7;REMOVE:7,7",0:-;1:8;2:7;3:-;4:7;5:-;6:-;7:7;8:-;9:-,0:-;1:8;2:2;3:-;4:-;5:9;6:7;7:-;8:-;9:-,1@1=1;1@2=1;1@4=1;2@2=1;5@9=1;6@7=1,"1,2,4,9,7",6,6,6,0,1.0,0.4977003090926678,0.75,0.04770030909266785,0.0,0.0,0.30000000000000004,0.15164422988891602,Feasible
221,220,8,4,4,"ADD:1,7;ADD:2,7;ADD:5,7;ADD:7,2;REMOVE:1,8;REMOVE:2,2;REMOVE:5,9;REMOVE:6,7",0:-;1:8;2:2;3:-;4:-;5:9;6:7;7:-;8:-;9:-,0:-;1:7;2:7;3:-;4:-;5:7;6:-;7:2;8:-;9:-,1@3=1;1@7=1;2@3=1;2@7=1;5@7=1;7@0=1;7@2=1,"3,7,0,2",7,7,7,0,1.0,0.6585200697464003,1.0,0.05852006974640031,0.0,0.0,0.4,0.14774703979492188,Feasible
222,221,8,4,4,"ADD:2,2;ADD:4,4;ADD:5,8;ADD:7,7;REMOVE:1,7;REMOVE:2,7;REMOVE:5,7;REMOVE:7,2",0:-;1:7;2:7;3:-;4:-;5:7;6:-;7:2;8:-;9:-,0:-;1:-;2:2;3:-;4:4;5:8;6:-;7:7;8:-;9:-,2@2=1;2@5=1;2@7=1;4@4=1;5@4=1;5@1=1;7@0=1;7@3=1;7@8=1,"2,5,7,4,1,0,3,8",9,9,9,0,1.0,0.6215490954559263,1.0,0.021549095455926346,0.0,0.0,0.4,0.17661595344543457,Feasible
223,222,11,7,4,"ADD:2,7;ADD:2,8;ADD:3,7;ADD:4,8;ADD:5,7;ADD:6,6;ADD:7,2;REMOVE:2,2;REMOVE:4,4;REMOVE:5,8;REMOVE:7,7",0:-;1:-;2:2;3:-;4:4;5:8;6:-;7:7;8:-;9:-,0:-;1:-;2:7|8;3:7;4:8;5:7;6:6;7:2;8:-;9:-,2@0=1;2@1=2;2@4=1;2@5=1;4@1=1;4@8=1;5@3=1;5@7=1;6@6=1;7@4=1;7@2=1;7@9=1,"0,1,4,5,8,3,7,6,2,9",13,12,12,0,1.0,0.3340193604335515,1.0,0.03401936043355155,0.0,0.0,0.7,0.18995189666748047,Feasible
224,223,9,3,6,"ADD:2,6;ADD:4,4;ADD:7,4;REMOVE:2,7;REMOVE:2,8;REMOVE:3,7;REMOVE:4,8;REMOVE:6,6;REMOVE:7,2",0:-;1:-;2:7|8;3:7;4:8;5:7;6:6;7:2;8:-;9:-,0:-;1:-;2:6;3:-;4:4;5:7;6:-;7:4;8:-;9:-,2@6=1;4@6=2;4@2=2;4@4=1;5@7=1;7@2=1;7@4=1,"6,2,4,7",9,7,7,0,1.0,0.605964031003123,0.8571428571428571,0.04882117386026601,0.0,0.0,0.30000000000000004,0.15492033958435059,Feasible
225,224,4,1,3,"ADD:7,9;REMOVE:2,6;REMOVE:4,4;REMOVE:7,4",0:-;1:-;2:6;3:-;4:4;5:7;6:-;7:4;8:-;9:-,0:-;1:-;2:-;3:-;4:-;5:7;6:-;7:9;8:-;9:-,5@2=1;5@4=1;5@7=1;7@1=1;7@6=1;7@9=2,"2,4,7,1,6,9",7,6,6,0,1.0,0.6907574271880289,0.75,0.040757427188028904,0.0,0.0,0.1,0.16090703010559082,Feasible
226,225,5,3,2,"ADD:1,6;ADD:6,7;ADD:7,7;REMOVE:5,7;REMOVE:7,9",0:-;1:-;2:-;3:-;4:-;5:7;6:-;7:9;8:-;9:-,0:-;1:6;2:-;3:-;4:-;5:-;6:7;7:7;8:-;9:-,1@1=1;1@6=1;6@6=1;6@0=1;6@3=1;7@7=1,"1,6,0,3,7",6,6,6,0,1.0,0.733184416842301,1.0,0.03318441684230108,0.0,0.0,0.30000000000000004,0.15573883056640625,Feasible
227,226,7,4,3,"ADD:1,8;ADD:4,3;ADD:5,4;ADD:6,1;REMOVE:1,6;REMOVE:6,7;REMOVE:7,7",0:-;1:6;2:-;3:-;4:-;5:-;6:7;7:7;8:-;9:-,0:-;1:8;2:-;3:-;4:3;5:4;6:1;7:-;8:-;9:-,1@2=1;1@8=1;4@1=1;4@3=1;5@4=1;6@1=1,"2,8,1,3,4",6,6,6,0,1.0,0.6667519499092426,1.0,0.0667519499092426,0.0,0.0,0.4,0.14812421798706055,Feasible
228,227,7,4,3,"ADD:0,2;ADD:1,9;ADD:4,9;ADD:7,9;REMOVE:1,8;REMOVE:4,3;REMOVE:6,1",0:-;1:8;2:-;3:-;4:3;5:4;6:1;7:-;8:-;9:-,0:2;1:9;2:-;3:-;4:9;5:4;6:-;7:9;8:-;9:-,0@2=1;1@2=1;1@1=1;4@2=1;4@1=1;5@4=2;7@2=2;7@9=1,"2,1,4,9",10,8,8,0,1.0,0.3935056366887595,0.75,0.04350563668875952,0.0,0.0,0.4,0.14612817764282227,Feasible
229,228,9,4,5,"ADD:1,7;ADD:2,6;ADD:4,6;ADD:6,3;REMOVE:0,2;REMOVE:1,9;REMOVE:4,9;REMOVE:5,4;REMOVE:7,9",0:2;1:9;2:-;3:-;4:9;5:4;6:-;7:9;8:-;9:-,0:-;1:7;2:6;3:-;4:6;5:-;6:3;7:-;8:-;9:-,1@4=1;1@6=1;1@7=1;2@6=1;4@6=1;6@3=1,"4,6,7,3",6,6,6,0,1.0,0.6663975782257338,1.0,0.0663975782257337,0.0,0.0,0.4,0.14752793312072754,Feasible
230,229,10,6,4,"ADD:1,6;ADD:2,7;ADD:4,3;ADD:5,5;ADD:6,2;ADD:7,4;REMOVE:1,7;REMOVE:2,6;REMOVE:4,6;REMOVE:6,3",0:-;1:7;2:6;3:-;4:6;5:-;6:3;7:-;8:-;9:-,0:-;1:6;2:7;3:-;4:3;5:5;6:2;7:4;8:-;9:-,1@1=2;1@6=2;2@6=1;2@2=1;2@3=1;2@4=2;4@3=1;5@2=2;5@5=1;6@2=1;7@4=1,"1,6,2,3,4,5",15,11,11,0,1.0,0.4382536013655737,1.0,0.03825360136557375,0.0,0.0,0.6,0.16141510009765625,Feasible
231,230,9,3,6,"ADD:1,8;ADD:2,8;ADD:4,8;REMOVE:1,6;REMOVE:2,7;REMOVE:4,3;REMOVE:5,5;REMOVE:6,2;REMOVE:7,4",0:-;1:6;2:7;3:-;4:3;5:5;6:2;7:4;8:-;9:-,0:-;1:8;2:8;3:-;4:8;5:-;6:-;7:-;8:-;9:-,1@8=1;2@1=1;2@4=2;4@8=1;4@4=1,"8,1,4",6,5,5,0,1.0,0.7326075572108608,1.0,0.032607557210860914,0.0,0.0,0.30000000000000004,0.138031005859375,Feasible
232,231,5,3,2,"ADD:2,2;ADD:5,3;ADD:7,8;REMOVE:1,8;REMOVE:2,8",0:-;1:8;2:8;3:-;4:8;5:-;6:-;7:-;8:-;9:-,0:-;1:-;2:2;3:-;4:8;5:3;6:-;7:8;8:-;9:-,2@0=1;2@2=1;4@5=1;4@6=1;5@2=2;5@3=1;7@2=1;7@1=1;7@4=1,"0,2,5,6,3,1,4",10,9,9,0,1.0,0.3843135138389814,0.6666666666666666,0.017646847172314784,0.0,0.0,0.30000000000000004,0.16254901885986328,Feasible
233,232,7,3,4,"ADD:4,7;ADD:5,7;ADD:7,7;REMOVE:2,2;REMOVE:4,8;REMOVE:5,3;REMOVE:7,8",0:-;1:-;2:2;3:-;4:8;5:3;6:-;7:8;8:-;9:-,0:-;1:-;2:-;3:-;4:7;5:7;6:-;7:7;8:-;9:-,4@4=1;4@9=1;5@1=2;5@3=1;5@7=1;7@1=1;7@7=1,"4,9,1,3,7",8,7,7,0,1.0,0.7225982658175343,1.0,0.022598265817534303,0.0,0.0,0.30000000000000004,0.150252103805542,Feasible
234,233,5,3,2,"ADD:0,4;ADD:4,3;ADD:5,3;REMOVE:4,7;REMOVE:5,7",0:-;1:-;2:-;3:-;4:7;5:7;6:-;7:7;8:-;9:-,0:4;1:-;2:-;3:-;4:3;5:3;6:-;7:7;8:-;9:-,0@4=1;4@2=1;4@3=1;5@3=1;7@4=1;7@2=1;7@7=1,"4,2,3,7",7,7,7,0,1.0,0.4216696878475703,0.6666666666666666,0.05500302118090377,0.0,0.0,0.30000000000000004,0.15270209312438965,Feasible
235,234,5,1,4,"ADD:4,4;REMOVE:0,4;REMOVE:4,3;REMOVE:5,3;REMOVE:7,7",0:4;1:-;2:-;3:-;4:3;5:3;6:-;7:7;8:-;9:-,0:-;1:-;2:-;3:-;4:4;5:-;6:-;7:-;8:-;9:-,4@4=1,4,1,1,1,0,1.0,1.0194632991575743,1.0,0.11946329915757434,0.0,0.0,0.1,0.12540292739868164,Feasible
236,235,2,2,0,"ADD:5,8;ADD:7,2",0:-;1:-;2:-;3:-;4:4;5:-;6:-;7:-;8:-;9:-,0:-;1:-;2:-;3:-;4:4;5:8;6:-;7:2;8:-;9:-,4@4=1;5@4=1;5@1=1;5@2=1;7@2=1;7@0=1,"4,1,2,0",6,6,6,0,1.0,-0.16263412663127844,0.0,0.037365873368721575,0.0,0.0,0.2,0.14983105659484863,Feasible
237,236,7,4,3,"ADD:1,8;ADD:4,9;ADD:5,6;ADD:7,0;REMOVE:4,4;REMOVE:5,8;REMOVE:7,2",0:-;1:-;2:-;3:-;4:4;5:8;6:-;7:2;8:-;9:-,0:-;1:8;2:-;3:-;4:9;5:6;6:-;7:0;8:-;9:-,1@2=1;1@8=1;4@6=1;4@9=3;5@6=1;5@9=1;5@1=1;5@4=1;7@0=1,"2,8,6,9,1,4,0",11,9,9,0,1.0,0.6522403812862269,1.0,0.05224038128622698,0.0,0.0,0.4,0.16962385177612305,Feasible
238,237,10,6,4,"ADD:2,8;ADD:3,7;ADD:4,5;ADD:5,7;ADD:6,5;ADD:7,4;REMOVE:1,8;REMOVE:4,9;REMOVE:5,6;REMOVE:7,0",0:-;1:8;2:-;3:-;4:9;5:6;6:-;7:0;8:-;9:-,0:-;1:-;2:8;3:7;4:5;5:7;6:5;7:4;8:-;9:-,2@8=1;3@4=1;3@7=1;4@5=1;5@4=1;5@7=1;5@6=1;6@5=1;7@4=1,"8,4,7,5,6",9,9,9,0,1.0,0.46451590827750866,1.0,0.06451590827750857,0.0,0.0,0.6,0.15674400329589844,Feasible
239,238,10,4,6,"ADD:4,4;ADD:5,8;ADD:7,3;ADD:8,3;REMOVE:2,8;REMOVE:3,7;REMOVE:4,5;REMOVE:5,7;REMOVE:6,5;REMOVE:7,4",0:-;1:-;2:8;3:7;4:5;5:7;6:5;7:4;8:-;9:-,0:-;1:-;2:-;3:-;4:4;5:8;6:-;7:3;8:3;9:-,4@2=1;4@4=1;5@2=1;5@8=1;7@2=1;7@3=1;8@3=1,"2,4,8,3",7,7,7,0,1.0,0.6576452186849989,1.0,0.057645218684998896,0.0,0.0,0.4,0.14571595191955566,Feasible
240,239,7,3,4,"ADD:3,2;ADD:6,6;ADD:7,6;REMOVE:4,4;REMOVE:5,8;REMOVE:7,3;REMOVE:8,3",0:-;1:-;2:-;3:-;4:4;5:8;6:-;7:3;8:3;9:-,0:-;1:-;2:-;3:2;4:-;5:-;6:6;7:6;8:-;9:-,3@2=1;6@6=1;7@6=1;7@1=1,"2,6,1",4,4,4,0,1.0,0.7744959816941048,1.0,0.07449598169410498,0.0,0.0,0.30000000000000004,0.1398601531982422,Feasible
241,240,6,3,3,"ADD:1,9;ADD:4,5;ADD:5,5;REMOVE:3,2;REMOVE:6,6;REMOVE:7,6",0:-;1:-;2:-;3:2;4:-;5:-;6:6;7:6;8:-;9:-,0:-;1:9;2:-;3:-;4:5;5:5;6:-;7:-;8:-;9:-,1@9=1;4@2=2;4@3=1;4@5=1;5@5=2,"9,2,3,5",7,5,5,0,1.0,0.7505343980218351,1.0,0.05053439802183516,0.0,0.0,0.30000000000000004,0.14594411849975586,Feasible
242,241,6,3,3,"ADD:4,7;ADD:5,8;ADD:7,9;REMOVE:1,9;REMOVE:4,5;REMOVE:5,5",0:-;1:9;2:-;3:-;4:5;5:5;6:-;7:-;8:-;9:-,0:-;1:-;2:-;3:-;4:7;5:8;6:-;7:9;8:-;9:-,4@0=1;4@3=1;4@4=1;4@9=1;5@8=1;7@3=1;7@6=1,"0,3,4,9,8,6",7,7,7,0,1.0,0.7138489970414779,1.0,0.01384899704147785,0.0,0.0,0.30000000000000004,0.15693306922912598,Feasible
243,242,7,4,3,"ADD:4,6;ADD:5,6;ADD:6,3;ADD:7,8;REMOVE:4,7;REMOVE:5,8;REMOVE:7,9",0:-;1:-;2:-;3:-;4:7;5:8;6:-;7:9;8:-;9:-,0:-;1:-;2:-;3:-;4:6;5:6;6:3;7:8;8:-;9:-,4@1=1;4@6=1;5@6=2;6@3=1;7@1=2;7@5=1,"1,6,3,5",8,6,6,0,1.0,0.6491129923974456,1.0,0.0491129923974457,0.0,0.0,0.4,0.14279580116271973,Feasible
244,243,7,3,4,"ADD:5,0;ADD:6,9;ADD:7,7;REMOVE:4,6;REMOVE:5,6;REMOVE:6,3;REMOVE:7,8",0:-;1:-;2:-;3:-;4:6;5:6;6:3;7:8;8:-;9:-,0:-;1:-;2:-;3:-;4:-;5:0;6:9;7:7;8:-;9:-,5@0=1;6@3=1;6@6=1;7@7=1,"0,3,6,7",4,4,4,0,1.0,0.7498698380783473,1.0,0.049869838078347245,0.0,0.0,0.30000000000000004,0.13887500762939453,Feasible
245,244,7,4,3,"ADD:4,2;ADD:5,4;ADD:6,4;ADD:7,9;REMOVE:5,0;REMOVE:6,9;REMOVE:7,7",0:-;1:-;2:-;3:-;4:-;5:0;6:9;7:7;8:-;9:-,0:-;1:-;2:-;3:-;4:2;5:4;6:4;7:9;8:-;9:-,4@2=2;5@4=1;6@2=1;6@4=2;7@1=1;7@6=1;7@9=1,"2,4,1,6,9",9,7,7,0,1.0,0.6610216835504356,1.0,0.06102168355043552,0.0,0.0,0.4,0.1506800651550293,Feasible
246,245,7,3,4,"ADD:5,3;ADD:6,7;ADD:7,8;REMOVE:4,2;REMOVE:5,4;REMOVE:6,4;REMOVE:7,9",0:-;1:-;2:-;3:-;4:2;5:4;6:4;7:9;8:-;9:-,0:-;1:-;2:-;3:-;4:-;5:3;6:7;7:8;8:-;9:-,5@3=1;6@7=1;7@7=1;7@1=1;7@2=2;7@8=1,"3,7,1,2,8",7,6,6,0,1.0,0.7429498873597935,1.0,0.04294988735979353,0.0,0.0,0.30000000000000004,0.14860796928405762,Feasible
247,246,9,6,3,"ADD:2,7;ADD:4,9;ADD:5,4;ADD:6,8;ADD:7,9;ADD:9,3;REMOVE:5,3;REMOVE:6,7;REMOVE:7,8",0:-;1:-;2:-;3:-;4:-;5:3;6:7;7:8;8:-;9:-,0:-;1:-;2:7;3:-;4:9;5:4;6:8;7:9;8:-;9:3,2@3=1;2@4=1;4@9=1;5@4=1;5@2=1;6@2=1;6@5=1;6@6=1;7@2=1;7@1=1,"3,4,9,2,5,6,1",10,10,10,0,1.0,0.421231812582738,1.0,0.02123181258273802,0.0,0.0,0.6,0.16459417343139648,Feasible
248,247,12,6,6,"ADD:2,8;ADD:3,2;ADD:4,7;ADD:5,3;ADD:6,0;ADD:7,7;REMOVE:2,7;REMOVE:4,9;REMOVE:5,4;REMOVE:6,8;REMOVE:7,9;REMOVE:9,3",0:-;1:-;2:7;3:-;4:9;5:4;6:8;7:9;8:-;9:3,0:-;1:-;2:8;3:2;4:7;5:3;6:0;7:7;8:-;9:-,2@2=1;2@5=1;2@8=1;3@2=1;4@8=1;4@0=1;4@6=1;5@3=1;6@0=1;7@2=1;7@1=1;7@7=1,"2,5,8,0,6,3,1,7",12,12,12,0,1.0,0.4403696957771498,1.0,0.040369695777149696,0.0,0.0,0.6,0.17238807678222656,Feasible
249,248,11,5,6,"ADD:2,7;ADD:4,8;ADD:5,2;ADD:6,8;ADD:7,2;REMOVE:2,8;REMOVE:3,2;REMOVE:4,7;REMOVE:5,3;REMOVE:6,0;REMOVE:7,7",0:-;1:-;2:8;3:2;4:7;5:3;6:0;7:7;8:-;9:-,0:-;1:-;2:7;3:-;4:8;5:2;6:8;7:2;8:-;9:-,2@3=1;2@6=1;2@7=1;4@8=1;5@2=1;6@1=1;6@5=2;7@2=1;7@0=1,"3,6,7,8,2,1,5,0",10,9,9,0,1.0,0.5406281813877292,1.0,0.0406281813877292,0.0,0.0,0.5,0.17049789428710938,Feasible
250,249,8,4,4,"ADD:2,8;ADD:5,4;ADD:6,2;ADD:7,1;REMOVE:2,7;REMOVE:5,2;REMOVE:6,8;REMOVE:7,2",0:-;1:-;2:7;3:-;4:8;5:2;6:8;7:2;8:-;9:-,0:-;1:-;2:8;3:-;4:8;5:4;6:2;7:1;8:-;9:-,2@1=1;2@2=1;2@5=1;4@6=1;4@8=1;5@4=1;6@2=1;7@1=1,"1,2,5,6,8,4",8,8,8,0,1.0,0.4442334724184891,0.8,0.04423347241848906,0.0,0.0,0.4,0.1687769889831543,Feasible
251,250,7,3,4,"ADD:1,4;ADD:6,4;ADD:7,5;REMOVE:4,8;REMOVE:5,4;REMOVE:6,2;REMOVE:7,1",0:-;1:-;2:8;3:-;4:8;5:4;6:2;7:1;8:-;9:-,0:-;1:4;2:8;3:-;4:-;5:-;6:4;7:5;8:-;9:-,1@4=1;2@6=2;2@8=1;6@4=1;7@5=1,"4,6,8,5",6,5,5,0,1.0,0.5689789543244419,0.8,0.06897895432444194,0.0,0.0,0.30000000000000004,0.1885240077972412,Feasible
252,251,10,6,4,"ADD:1,2;ADD:2,4;ADD:4,7;ADD:5,7;ADD:6,9;ADD:7,4;REMOVE:1,4;REMOVE:2,8;REMOVE:6,4;REMOVE:7,5",0:-;1:4;2:8;3:-;4:-;5:-;6:4;7:5;8:-;9:-,0:-;1:2;2:4;3:-;4:7;5:7;6:9;7:4;8:-;9:-,1@0=2;1@2=1;1@5=1;1@9=2;2@2=2;2@4=1;2@6=2;4@4=1;4@7=1;5@0=2;5@4=1;5@6=1;6@9=1;7@4=1,"0,2,5,9,4,6,7",19,14,14,0,1.0,0.4257663133501933,1.0,0.02576631335019337,0.0,0.0,0.6,0.21410703659057617,Feasible
253,252,11,5,6,"ADD:1,8;ADD:2,7;ADD:3,8;ADD:4,0;ADD:5,9;REMOVE:1,2;REMOVE:2,4;REMOVE:4,7;REMOVE:5,7;REMOVE:6,9;REMOVE:7,4",0:-;1:2;2:4;3:-;4:7;5:7;6:9;7:4;8:-;9:-,0:-;1:8;2:7;3:8;4:0;5:9;6:-;7:-;8:-;9:-,1@1=2;1@7=1;1@8=2;2@3=1;2@4=1;3@1=1;3@8=1;4@0=1;5@1=2;5@2=1,"1,7,8,3,4,0,2",13,10,10,0,1.0,0.5303333656237645,1.0,0.030333365623764593,0.0,0.0,0.5,0.21219682693481445,Feasible
254,253,9,5,4,"ADD:2,2;ADD:3,9;ADD:4,8;ADD:5,8;ADD:7,4;REMOVE:2,7;REMOVE:3,8;REMOVE:4,0;REMOVE:5,9",0:-;1:8;2:7;3:8;4:0;5:9;6:-;7:-;8:-;9:-,0:-;1:8;2:2;3:9;4:8;5:8;6:-;7:4;8:-;9:-,1@4=1;1@8=1;2@4=3;2@2=1;2@9=1;3@9=1;4@8=1;4@2=1;4@5=1;5@2=1;5@5=1;5@1=1;7@4=1,"4,8,2,9,5,1",15,13,13,0,1.0,0.3354880806944356,0.8,0.03548808069443555,0.0,0.0,0.5,0.212446928024292,Feasible
255,254,11,5,6,"ADD:2,8;ADD:4,4;ADD:5,4;ADD:6,9;ADD:7,3;REMOVE:1,8;REMOVE:2,2;REMOVE:3,9;REMOVE:4,8;REMOVE:5,8;REMOVE:7,4",0:-;1:8;2:2;3:9;4:8;5:8;6:-;7:4;8:-;9:-,0:-;1:-;2:8;3:-;4:4;5:4;6:9;7:3;8:-;9:-,2@2=1;2@4=1;2@8=1;4@4=1;5@2=1;5@4=1;6@9=1;7@2=1;7@3=1,"2,4,8,9,3",9,9,9,0,1.0,0.5565579420773501,1.0,0.05655794207734999,0.0,0.0,0.5,0.1901998519897461,Feasible
256,255,7,2,5,"ADD:2,9;ADD:4,9;REMOVE:2,8;REMOVE:4,4;REMOVE:5,4;REMOVE:6,9;REMOVE:7,3",0:-;1:-;2:8;3:-;4:4;5:4;6:9;7:3;8:-;9:-,0:-;1:-;2:9;3:-;4:9;5:-;6:-;7:-;8:-;9:-,2@6=1;2@9=1;4@9=1,"6,9",3,3,3,0,1.0,0.8671228709957639,1.0,0.06712287099576389,0.0,0.0,0.2,0.15428376197814941,Feasible
257,256,3,2,1,"ADD:4,5;ADD:6,1;REMOVE:4,9",0:-;1:-;2:9;3:-;4:9;5:-;6:-;7:-;8:-;9:-,0:-;1:-;2:9;3:-;4:5;5:-;6:1;7:-;8:-;9:-,2@9=1;4@5=1;6@1=1,"9,5,1",3,3,3,0,1.0,0.3894826621887814,0.5,0.08948266218878138,0.0,0.0,0.2,0.1447160243988037,Feasible
258,257,8,5,3,"ADD:2,5;ADD:3,4;ADD:4,9;ADD:5,2;ADD:7,7;REMOVE:2,9;REMOVE:4,5;REMOVE:6,1",0:-;1:-;2:9;3:-;4:5;5:-;6:1;7:-;8:-;9:-,0:-;1:-;2:5;3:4;4:9;5:2;6:-;7:7;8:-;9:-,2@2=1;2@5=1;3@4=1;4@2=1;4@6=1;5@2=1;7@4=1;7@9=1,"2,5,4,6,9",8,8,8,0,1.0,0.5334202332707101,1.0,0.03342023327071017,0.0,0.0,0.5,0.1651439666748047,Feasible
259,258,9,4,5,"ADD:4,2;ADD:5,8;ADD:6,8;ADD:7,8;REMOVE:2,5;REMOVE:3,4;REMOVE:4,9;REMOVE:5,2;REMOVE:7,7",0:-;1:-;2:5;3:4;4:9;5:2;6:-;7:7;8:-;9:-,0:-;1:-;2:-;3:-;4:2;5:8;6:8;7:8;8:-;9:-,4@2=1;5@1=1;5@5=1;5@6=1;5@7=1;6@5=1;6@4=1;7@5=1;7@4=1,"2,1,5,6,7,4",9,9,9,0,1.0,0.6111566605959712,1.0,0.011156660595971098,0.0,0.0,0.4,0.17368698120117188,Feasible
260,259,6,2,4,"ADD:1,7;ADD:7,7;REMOVE:4,2;REMOVE:5,8;REMOVE:6,8;REMOVE:7,8",0:-;1:-;2:-;3:-;4:2;5:8;6:8;7:8;8:-;9:-,0:-;1:7;2:-;3:-;4:-;5:-;6:-;7:7;8:-;9:-,1@7=1;7@7=1;7@0=1;7@4=1,"7,0,4",4,4,4,0,1.0,0.8510214772229943,1.0,0.051021477222994306,0.0,0.0,0.2,0.14525699615478516,Feasible
261,260,6,5,1,"ADD:0,8;ADD:2,5;ADD:4,7;ADD:5,8;ADD:7,8;REMOVE:7,7",0:-;1:7;2:-;3:-;4:-;5:-;6:-;7:7;8:-;9:-,0:8;1:7;2:5;3:-;4:7;5:8;6:-;7:8;8:-;9:-,0@1=1;0@2=1;0@4=1;1@1=2;1@2=2;1@0=1;1@9=1;2@5=1;4@4=1;4@9=1;4@3=1;5@5=1;5@8=1;7@1=1;7@4=1,"1,2,4,0,9,5,3,8",17,15,15,0,1.0,0.012580992695812476,0.5,0.0125809926958125,0.0,0.0,0.5,0.1837329864501953,Feasible
262,261,9,4,5,"ADD:0,7;ADD:1,2;ADD:5,4;ADD:7,7;REMOVE:0,8;REMOVE:1,7;REMOVE:4,7;REMOVE:5,8;REMOVE:7,8",0:8;1:7;2:5;3:-;4:7;5:8;6:-;7:8;8:-;9:-,0:7;1:2;2:5;3:-;4:-;5:4;6:-;7:7;8:-;9:-,0@4=2;0@6=1;0@7=1;1@2=1;2@5=1;5@4=1;7@7=1,"4,6,7,2,5",8,7,7,0,1.0,0.4934030856905528,0.8333333333333334,0.06006975235721947,0.0,0.0,0.4,0.1508781909942627,Feasible
263,262,7,3,4,"ADD:0,8;ADD:6,9;ADD:7,0;REMOVE:0,7;REMOVE:2,5;REMOVE:5,4;REMOVE:7,7",0:7;1:2;2:5;3:-;4:-;5:4;6:-;7:7;8:-;9:-,0:8;1:2;2:-;3:-;4:-;5:-;6:9;7:0;8:-;9:-,0@2=2;0@4=1;0@5=1;0@6=1;0@7=1;1@2=1;1@3=1;1@8=1;6@9=1;7@0=1,"2,4,5,6,7,3,8,9,0",11,10,10,0,1.0,0.5258989333562767,0.8,0.025898933356276656,0.0,0.0,0.30000000000000004,0.18174099922180176,Feasible
264,263,7,4,3,"ADD:1,7;ADD:2,4;ADD:5,7;ADD:6,1;REMOVE:1,2;REMOVE:6,9;REMOVE:7,0",0:8;1:2;2:-;3:-;4:-;5:-;6:9;7:0;8:-;9:-,0:8;1:7;2:4;3:-;4:-;5:7;6:1;7:-;8:-;9:-,0@4=1;0@8=1;1@4=1;1@7=1;1@9=1;2@4=1;5@7=1;6@1=1,"4,8,7,9,1",8,8,8,0,1.0,0.4144394923574767,0.75,0.06443949235747667,0.0,0.0,0.4,0.15795421600341797,Feasible
265,264,9,5,4,"ADD:0,7;ADD:4,6;ADD:5,6;ADD:6,9;ADD:7,3;REMOVE:0,8;REMOVE:2,4;REMOVE:5,7;REMOVE:6,1",0:8;1:7;2:4;3:-;4:-;5:7;6:1;7:-;8:-;9:-,0:7;1:7;2:-;3:-;4:6;5:6;6:9;7:3;8:-;9:-,0@1=1;0@2=1;0@4=3;0@7=1;1@4=1;1@7=1;1@0=1;1@9=1;4@6=1;5@1=1;5@6=1;6@9=1;7@2=4;7@3=1,"1,2,4,7,0,9,6,3",19,14,14,0,1.0,0.3324191804834289,0.8,0.03241918048342881,0.0,0.0,0.5,0.18135285377502441,Feasible
266,265,10,5,5,"ADD:1,8;ADD:2,7;ADD:4,8;ADD:6,6;ADD:7,2;REMOVE:1,7;REMOVE:4,6;REMOVE:5,6;REMOVE:6,9;REMOVE:7,3",0:7;1:7;2:-;3:-;4:6;5:6;6:9;7:3;8:-;9:-,0:7;1:8;2:7;3:-;4:8;5:-;6:6;7:2;8:-;9:-,0@0=1;0@2=3;0@4=2;0@7=1;0@8=1;0@9=1;1@2=1;1@4=3;1@7=1;1@8=1;1@1=1;1@5=1;1@6=1;2@7=1;4@2=1;4@4=1;4@1=1;6@6=1;7@0=1;7@2=3;7@3=1,"0,2,4,7,8,9,1,5,6,3",28,21,21,0,1.0,0.358135362949212,0.8333333333333334,0.024802029615878636,0.0,0.0,0.5,0.20586705207824707,Feasible
267,266,11,5,6,"ADD:0,1;ADD:1,2;ADD:4,2;ADD:5,4;ADD:7,7;REMOVE:0,7;REMOVE:1,8;REMOVE:2,7;REMOVE:4,8;REMOVE:6,6;REMOVE:7,2",0:7;1:8;2:7;3:-;4:8;5:-;6:6;7:2;8:-;9:-,0:1;1:2;2:-;3:-;4:2;5:4;6:-;7:7;8:-;9:-,0@1=1;0@3=1;0@6=1;0@8=1;1@2=3;4@2=1;5@4=1;7@3=2;7@0=2,"1,3,6,8,2,4,0",13,9,9,0,1.0,0.5466430062095271,1.0,0.04664300620952702,0.0,0.0,0.5,0.17027497291564941,Feasible
268,267,8,3,5,"ADD:0,7;ADD:4,1;ADD:6,8;REMOVE:0,1;REMOVE:1,2;REMOVE:4,2;REMOVE:5,4;REMOVE:7,7",0:1;1:2;2:-;3:-;4:2;5:4;6:-;7:7;8:-;9:-,0:7;1:-;2:-;3:-;4:1;5:-;6:8;7:-;8:-;9:-,0@4=1;0@6=1;0@7=1;4@1=1;4@8=1;6@8=1,"4,6,7,1,8",6,6,6,0,1.0,0.748464051783043,1.0,0.04846405178304306,0.0,0.0,0.30000000000000004,0.15091395378112793,Feasible
269,268,7,5,2,"ADD:2,9;ADD:4,2;ADD:5,1;ADD:6,7;ADD:7,9;REMOVE:4,1;REMOVE:6,8",0:7;1:-;2:-;3:-;4:1;5:-;6:8;7:-;8:-;9:-,0:7;1:-;2:9;3:-;4:2;5:1;6:7;7:9;8:-;9:-,0@0=1;0@1=1;0@3=1;0@4=1;0@8=1;2@1=1;2@2=2;4@2=2;5@1=1;6@7=1;7@9=1,"0,1,3,4,8,2,7,9",13,11,11,0,1.0,0.20502857064254298,0.6666666666666666,0.03836190397587631,0.0,0.0,0.5,0.17151284217834473,Feasible
270,269,13,7,6,"ADD:0,9;ADD:1,4;ADD:2,2;ADD:4,5;ADD:5,6;ADD:6,1;ADD:7,7;REMOVE:0,7;REMOVE:2,9;REMOVE:4,2;REMOVE:5,1;REMOVE:6,7;REMOVE:7,9",0:7;1:-;2:9;3:-;4:2;5:1;6:7;7:9;8:-;9:-,0:9;1:4;2:2;3:-;4:5;5:6;6:1;7:7;8:-;9:-,0@2=2;0@6=1;1@2=1;1@4=1;2@2=1;4@2=1;4@5=2;5@6=1;6@1=1;7@2=1;7@6=1;7@7=1,"2,6,4,5,1,7",14,12,12,0,1.0,0.3480387254948647,1.0,0.04803872549486472,0.0,0.0,0.7,0.17045807838439941,Feasible
271,270,11,4,7,"ADD:0,3;ADD:2,7;ADD:5,7;ADD:7,6;REMOVE:0,9;REMOVE:1,4;REMOVE:2,2;REMOVE:4,5;REMOVE:5,6;REMOVE:6,1;REMOVE:7,7",0:9;1:4;2:2;3:-;4:5;5:6;6:1;7:7;8:-;9:-,0:3;1:-;2:7;3:-;4:-;5:7;6:-;7:6;8:-;9:-,0@2=1;0@3=1;0@5=1;0@7=1;2@7=1;2@4=1;2@6=1;5@7=1;7@6=1,"2,3,5,7,4,6",9,9,9,0,1.0,0.647199470010367,1.0,0.04719947001036713,0.0,0.0,0.4,0.1646280288696289,Feasible
272,271,6,2,4,"ADD:0,7;ADD:7,8;REMOVE:0,3;REMOVE:2,7;REMOVE:5,7;REMOVE:7,6",0:3;1:-;2:7;3:-;4:-;5:7;6:-;7:6;8:-;9:-,0:7;1:-;2:-;3:-;4:-;5:-;6:-;7:8;8:-;9:-,0@0=1;0@1=1;0@2=1;0@6=1;7@2=1;7@8=2,"0,1,2,6,8",7,6,6,0,1.0,0.8331335432986284,1.0,0.03313354329862844,0.0,0.0,0.2,0.1581869125366211,Feasible
273,272,4,3,1,"ADD:3,2;ADD:5,6;ADD:7,2;REMOVE:7,8",0:7;1:-;2:-;3:-;4:-;5:-;6:-;7:8;8:-;9:-,0:7;1:-;2:-;3:2;4:-;5:6;6:-;7:2;8:-;9:-,0@0=1;0@1=3;0@2=1;0@4=1;0@7=2;0@9=1;3@2=1;5@4=1;5@6=2;7@2=1;7@4=1;7@9=1,"0,1,2,4,7,9,6",16,12,12,0,1.0,0.23991032076992447,0.5,0.0399103207699245,0.0,0.0,0.30000000000000004,0.17698907852172852,Feasible
274,273,8,4,4,"ADD:0,8;ADD:4,2;ADD:6,8;ADD:7,7;REMOVE:0,7;REMOVE:3,2;REMOVE:5,6;REMOVE:7,2",0:7;1:-;2:-;3:2;4:-;5:6;6:-;7:2;8:-;9:-,0:8;1:-;2:-;3:-;4:2;5:-;6:8;7:7;8:-;9:-,0@1=3;0@2=2;0@4=1;0@5=1;0@8=1;4@2=1;4@4=1;4@3=1;6@4=1;6@5=1;7@1=1;7@2=1;7@7=1,"1,2,4,5,8,3,7",16,13,13,0,1.0,0.6185356413851218,1.0,0.018535641385121766,0.0,0.0,0.4,0.1755831241607666,Feasible
275,274,7,3,4,"ADD:0,7;ADD:4,9;ADD:7,0;REMOVE:0,8;REMOVE:4,2;REMOVE:6,8;REMOVE:7,7",0:8;1:-;2:-;3:-;4:2;5:-;6:8;7:7;8:-;9:-,0:7;1:-;2:-;3:-;4:9;5:-;6:-;7:0;8:-;9:-,0@0=1;0@1=1;0@4=2;0@8=1;4@2=1;4@6=1;7@0=2,"0,1,4,8,2,6",9,7,7,0,1.0,0.7242478019209657,1.0,0.02424780192096569,0.0,0.0,0.30000000000000004,0.1611180305480957,Feasible
276,275,6,3,3,"ADD:0,8;ADD:5,7;ADD:7,1;REMOVE:0,7;REMOVE:4,9;REMOVE:7,0",0:7;1:-;2:-;3:-;4:9;5:-;6:-;7:0;8:-;9:-,0:8;1:-;2:-;3:-;4:-;5:7;6:-;7:1;8:-;9:-,0@1=1;0@2=2;0@5=1;0@6=2;0@8=1;5@4=1;5@7=1;7@1=1,"1,2,5,6,8,4,7",10,8,8,0,1.0,0.7326559546430869,1.0,0.032655954643086904,0.0,0.0,0.30000000000000004,0.16879916191101074,Feasible
277,276,7,4,3,"ADD:0,4;ADD:4,4;ADD:5,9;ADD:7,9;REMOVE:0,8;REMOVE:5,7;REMOVE:7,1",0:8;1:-;2:-;3:-;4:-;5:7;6:-;7:1;8:-;9:-,0:4;1:-;2:-;3:-;4:4;5:9;6:-;7:9;8:-;9:-,0@4=1;4@4=1;5@1=1;5@2=1;7@1=1;7@9=1,"4,1,2,9",6,6,6,0,1.0,0.6488739947396535,1.0,0.04887399473965353,0.0,0.0,0.4,0.1468033790588379,Feasible
278,277,6,3,3,"ADD:0,9;ADD:5,7;ADD:7,7;REMOVE:0,4;REMOVE:5,9;REMOVE:7,9",0:4;1:-;2:-;3:-;4:4;5:9;6:-;7:9;8:-;9:-,0:9;1:-;2:-;3:-;4:4;5:7;6:-;7:7;8:-;9:-,0@2=2;0@9=1;4@4=1;5@4=1;5@3=1;5@7=1;7@2=1;7@7=1,"2,9,4,3,7",9,8,8,0,1.0,0.49084333240328337,0.75,0.04084333240328341,0.0,0.0,0.30000000000000004,0.15461325645446777,Feasible
279,278,9,5,4,"ADD:0,7;ADD:4,5;ADD:5,8;ADD:6,1;ADD:7,9;REMOVE:0,9;REMOVE:4,4;REMOVE:5,7;REMOVE:7,7",0:9;1:-;2:-;3:-;4:4;5:7;6:-;7:7;8:-;9:-,0:7;1:-;2:-;3:-;4:5;5:8;6:1;7:9;8:-;9:-,0@0=1;0@1=1;0@2=1;0@4=3;0@7=1;4@3=2;4@5=1;5@2=1;5@4=1;5@7=1;5@8=1;6@1=1;7@2=1;7@6=1;7@9=1,"0,1,2,4,7,3,5,8,6,9",18,15,15,0,1.0,0.5264020017827771,1.0,0.026402001782777084,0.0,0.0,0.5,0.19657397270202637,Feasible
280,279,11,6,5,"ADD:0,3;ADD:1,4;ADD:2,7;ADD:4,8;ADD:5,4;ADD:7,8;REMOVE:0,7;REMOVE:4,5;REMOVE:5,8;REMOVE:6,1;REMOVE:7,9",0:7;1:-;2:-;3:-;4:5;5:8;6:1;7:9;8:-;9:-,0:3;1:4;2:7;3:-;4:8;5:4;6:-;7:8;8:-;9:-,0@3=1;1@4=1;2@0=1;2@9=1;4@1=1;4@2=2;4@5=1;5@4=1;7@4=3;7@1=1;7@8=1,"3,4,0,9,1,2,5,8",14,11,11,0,1.0,0.43183034643972606,1.0,0.031830346439726084,0.0,0.0,0.6,0.1739332675933838,Feasible
281,280,6,3,3,"ADD:1,3;ADD:2,9;ADD:5,7;REMOVE:1,4;REMOVE:2,7;REMOVE:5,4",0:3;1:4;2:7;3:-;4:8;5:4;6:-;7:8;8:-;9:-,0:3;1:3;2:9;3:-;4:8;5:7;6:-;7:8;8:-;9:-,0@1=1;0@2=1;0@3=1;1@1=1;1@2=1;1@3=1;1@5=1;1@7=1;2@1=1;2@7=1;2@9=1;4@7=1;4@8=1;5@7=1;5@4=2;7@2=1;7@5=2;7@7=1;7@8=1;7@4=1,"1,2,3,5,7,9,8,4",22,20,20,0,1.0,0.22760379678171172,0.5,0.02760379678171173,0.0,0.0,0.30000000000000004,0.19537019729614258,Feasible
282,281,13,7,6,"ADD:0,7;ADD:1,9;ADD:2,7;ADD:4,7;ADD:5,9;ADD:6,8;ADD:7,9;REMOVE:0,3;REMOVE:1,3;REMOVE:2,9;REMOVE:4,8;REMOVE:5,7;REMOVE:7,8",0:3;1:3;2:9;3:-;4:8;5:7;6:-;7:8;8:-;9:-,0:7;1:9;2:7;3:-;4:7;5:9;6:8;7:9;8:-;9:-,0@0=1;0@1=1;0@2=2;0@6=1;0@8=1;1@1=1;1@2=2;1@3=1;1@9=1;2@1=2;2@2=1;2@8=1;2@9=1;2@7=1;4@0=1;4@1=1;4@2=1;5@2=1;5@9=2;6@8=1;7@2=1;7@6=1;7@9=1,"0,1,2,6,8,3,9,7",27,23,23,0,1.0,0.322986442632331,1.0,0.022986442632330864,0.0,0.0,0.7,0.2313230037689209,Feasible
283,282,9,3,6,"ADD:4,8;ADD:6,5;ADD:7,2;REMOVE:1,9;REMOVE:2,7;REMOVE:4,7;REMOVE:5,9;REMOVE:6,8;REMOVE:7,9",0:7;1:9;2:7;3:-;4:7;5:9;6:8;7:9;8:-;9:-,0:7;1:-;2:-;3:-;4:8;5:-;6:5;7:2;8:-;9:-,0@4=1;0@6=1;0@7=1;4@4=1;4@6=1;4@2=1;4@8=1;6@2=1;6@5=1;7@4=2;7@2=2;7@9=1,"4,6,7,2,8,5,9",14,12,12,0,1.0,0.5920070356284883,0.8571428571428571,0.03486417848563126,0.0,0.0,0.30000000000000004,0.1860201358795166,Feasible
284,283,9,6,3,"ADD:2,7;ADD:4,3;ADD:4,5;ADD:5,7;ADD:6,8;ADD:7,7;REMOVE:4,8;REMOVE:6,5;REMOVE:7,2",0:7;1:-;2:-;3:-;4:8;5:-;6:5;7:2;8:-;9:-,0:7;1:-;2:7;3:-;4:3|5;5:7;6:8;7:7;8:-;9:-,0@3=1;0@8=1;2@8=1;2@0=1;2@4=2;4@3=1;4@0=1;4@1=1;4@2=1;4@5=1;5@3=1;5@0=1;6@8=1;7@0=1;7@4=1,"3,8,0,4,1,2,5",16,15,15,0,1.0,0.16782616685581786,0.75,0.017826166855817806,0.0,0.0,0.6,0.19120573997497559,Feasible
285,284,7,1,6,"ADD:5,4;REMOVE:2,7;REMOVE:4,3;REMOVE:4,5;REMOVE:5,7;REMOVE:6,8;REMOVE:7,7",0:7;1:-;2:7;3:-;4:3|5;5:7;6:8;7:7;8:-;9:-,0:7;1:-;2:-;3:-;4:-;5:4;6:-;7:-;8:-;9:-,0@7=1;5@4=1,"7,4",2,2,2,0,1.0,0.8476238246689131,0.8571428571428571,0.0904809675260559,0.0,0.0,0.1,0.1381077766418457,Feasible
286,285,4,3,1,"ADD:2,7;ADD:5,9;ADD:7,8;REMOVE:5,4",0:7;1:-;2:-;3:-;4:-;5:4;6:-;7:-;8:-;9:-,0:7;1:-;2:7;3:-;4:-;5:9;6:-;7:8;8:-;9:-,0@1=1;0@3=1;0@4=1;2@3=1;2@4=1;2@6=1;5@6=1;5@2=1;7@1=1;7@4=1;7@2=1;7@5=1,"1,3,4,6,2,5",12,12,12,0,1.0,0.19999999999999996,0.5,0.0,0.0,0.0,0.30000000000000004,0.17707419395446777,Feasible
287,286,9,6,3,"ADD:0,3;ADD:1,7;ADD:4,8;ADD:5,4;ADD:6,1;ADD:7,7;REMOVE:0,7;REMOVE:5,9;REMOVE:7,8",0:7;1:-;2:7;3:-;4:-;5:9;6:-;7:8;8:-;9:-,0:3;1:7;2:7;3:-;4:8;5:4;6:1;7:7;8:-;9:-,0@3=1;0@5=1;0@9=2;1@2=1;1@4=1;1@6=2;1@7=1;2@7=1;2@1=1;4@4=2;4@1=1;5@2=1;5@4=2;6@3=1;6@6=1;6@1=1;7@9=1;7@2=1;7@4=1;7@1=3;7@8=1,"3,5,9,2,4,6,7,1,8",27,21,21,0,1.0,0.17192874171509065,0.75,0.02192874171509059,0.0,0.0,0.6,0.20694804191589355,Feasible
288,287,10,4,6,"ADD:0,1;ADD:4,3;ADD:5,2;ADD:7,4;REMOVE:0,3;REMOVE:1,7;REMOVE:2,7;REMOVE:4,8;REMOVE:5,4;REMOVE:7,7",0:3;1:7;2:7;3:-;4:8;5:4;6:1;7:7;8:-;9:-,0:1;1:-;2:-;3:-;4:3;5:2;6:1;7:4;8:-;9:-,0@1=2;4@1=1;4@3=1;5@2=1;6@1=1;7@2=1;7@4=3;7@6=1,"1,3,2,4,6",11,8,8,0,1.0,0.5278177019614487,0.8571428571428571,0.0706748448185917,0.0,0.0,0.4,0.16317486763000488,Feasible
289,288,10,5,5,"ADD:0,8;ADD:4,2;ADD:5,9;ADD:6,7;ADD:7,7;REMOVE:0,1;REMOVE:4,3;REMOVE:5,2;REMOVE:6,1;REMOVE:7,4",0:1;1:-;2:-;3:-;4:3;5:2;6:1;7:4;8:-;9:-,0:8;1:-;2:-;3:-;4:2;5:9;6:7;7:7;8:-;9:-,0@1=1;0@4=1;4@2=1;5@1=1;5@2=1;6@4=1;6@0=1;6@3=1;7@1=1;7@4=1;7@2=1;7@0=1;7@3=1;7@8=1,"1,4,2,0,3,8",14,14,14,0,1.0,0.5065604989843895,1.0,0.006560498984389492,0.0,0.0,0.5,0.17646288871765137,Feasible
290,289,10,5,5,"ADD:0,7;ADD:1,2;ADD:4,7;ADD:5,4;ADD:6,1;REMOVE:0,8;REMOVE:4,2;REMOVE:5,9;REMOVE:6,7;REMOVE:7,7",0:8;1:-;2:-;3:-;4:2;5:9;6:7;7:7;8:-;9:-,0:7;1:2;2:-;3:-;4:7;5:4;6:1;7:-;8:-;9:-,0@3=1;0@7=1;0@8=1;0@9=1;1@9=1;1@2=1;1@4=2;4@7=1;5@2=1;5@4=1;6@1=1,"3,7,8,9,2,4,1",12,11,11,0,1.0,0.5384302611266032,1.0,0.03843026112660312,0.0,0.0,0.5,0.1726541519165039,Feasible
291,290,11,6,5,"ADD:0,8;ADD:1,8;ADD:2,5;ADD:4,2;ADD:5,8;ADD:7,3;REMOVE:0,7;REMOVE:1,2;REMOVE:4,7;REMOVE:5,4;REMOVE:6,1",0:7;1:2;2:-;3:-;4:7;5:4;6:1;7:-;8:-;9:-,0:8;1:8;2:5;3:-;4:2;5:8;6:-;7:3;8:-;9:-,0@4=1;0@8=1;1@8=1;2@5=1;4@2=2;5@8=1;5@6=1;7@5=1;7@2=1;7@1=2;7@9=1,"4,8,5,2,6,1,9",13,11,11,0,1.0,0.4444053758777117,1.0,0.044405375877711636,0.0,0.0,0.6,0.17056798934936523,Feasible
292,291,10,4,6,"ADD:0,5;ADD:6,4;ADD:7,7;ADD:8,4;REMOVE:0,8;REMOVE:1,8;REMOVE:2,5;REMOVE:4,2;REMOVE:5,8;REMOVE:7,3",0:8;1:8;2:5;3:-;4:2;5:8;6:-;7:3;8:-;9:-,0:5;1:-;2:-;3:-;4:-;5:-;6:4;7:7;8:4;9:-,0@5=2;6@4=1;7@4=1;7@1=2;7@7=1;8@4=1,"5,4,1,7",8,6,6,0,1.0,0.6623844286421566,1.0,0.062384428642156584,0.0,0.0,0.4,0.15025997161865234,Feasible
293,292,9,5,4,"ADD:0,3;ADD:1,9;ADD:4,5;ADD:5,2;ADD:8,1;REMOVE:0,5;REMOVE:6,4;REMOVE:7,7;REMOVE:8,4",0:5;1:-;2:-;3:-;4:-;5:-;6:4;7:7;8:4;9:-,0:3;1:9;2:-;3:-;4:5;5:2;6:-;7:-;8:1;9:-,0@2=1;0@3=1;1@2=1;1@1=1;1@6=1;4@5=1;5@2=2;8@1=1,"2,3,1,6,5",9,8,8,0,1.0,0.5580141443441009,1.0,0.05801414434410087,0.0,0.0,0.5,0.15949702262878418,Feasible
294,293,9,5,4,"ADD:0,4;ADD:4,1;ADD:5,8;ADD:6,2;ADD:7,6;REMOVE:0,3;REMOVE:4,5;REMOVE:5,2;REMOVE:8,1",0:3;1:9;2:-;3:-;4:5;5:2;6:-;7:-;8:1;9:-,0:4;1:9;2:-;3:-;4:1;5:8;6:2;7:6;8:-;9:-,0@2=2;0@4=1;1@9=1;4@1=2;5@4=1;5@5=1;6@2=1;7@4=1;7@6=1,"2,4,9,1,5,6",11,9,9,0,1.0,0.35731536117801044,0.8,0.05731536117801043,0.0,0.0,0.5,0.16822099685668945,Feasible
295,294,11,5,6,"ADD:0,8;ADD:2,4;ADD:5,7;ADD:6,5;ADD:7,7;REMOVE:0,4;REMOVE:1,9;REMOVE:4,1;REMOVE:5,8;REMOVE:6,2;REMOVE:7,6",0:4;1:9;2:-;3:-;4:1;5:8;6:2;7:6;8:-;9:-,0:8;1:-;2:4;3:-;4:-;5:7;6:5;7:7;8:-;9:-,0@1=1;0@2=1;0@6=1;0@8=1;2@4=1;5@4=1;5@0=1;5@3=1;6@5=1;7@2=1;7@6=1;7@0=1;7@7=1,"1,2,6,8,4,0,3,5,7",13,13,13,0,1.0,0.5279204661466161,1.0,0.027920466146616113,0.0,0.0,0.5,0.18806672096252441,Feasible
296,295,10,6,4,"ADD:0,7;ADD:1,3;ADD:3,1;ADD:4,6;ADD:6,1;ADD:7,3;REMOVE:0,8;REMOVE:2,4;REMOVE:6,5;REMOVE:7,7",0:8;1:-;2:4;3:-;4:-;5:7;6:5;7:7;8:-;9:-,0:7;1:3;2:-;3:1;4:6;5:7;6:1;7:3;8:-;9:-,0@0=1;0@3=1;0@4=1;1@3=1;3@1=1;4@6=1;5@4=1;5@1=1;5@7=1;6@1=1;7@3=1;7@1=1,"0,3,4,1,6,7",12,12,12,0,1.0,0.25178859295809564,0.8,0.05178859295809559,0.0,0.0,0.6,0.16891217231750488,Feasible
297,296,15,8,7,"ADD:0,3;ADD:1,5;ADD:1,9;ADD:3,9;ADD:4,2;ADD:5,1;ADD:6,7;ADD:7,6;REMOVE:0,7;REMOVE:1,3;REMOVE:3,1;REMOVE:4,6;REMOVE:5,7;REMOVE:6,1;REMOVE:7,3",0:7;1:3;2:-;3:1;4:6;5:7;6:1;7:3;8:-;9:-,0:3;1:5|9;2:-;3:9;4:2;5:1;6:7;7:6;8:-;9:-,0@1=1;0@3=1;1@5=1;1@9=1;3@9=1;4@5=1;4@0=1;4@4=1;5@1=1;6@7=1;7@4=1;7@6=2,"1,3,5,9,0,4,7,6",13,12,12,0,1.0,0.26429524651343905,1.0,0.06429524651343899,0.0,0.0,0.7999999999999999,0.1775500774383545,Feasible
298,297,9,2,7,"ADD:1,2;ADD:7,8;REMOVE:0,3;REMOVE:1,5;REMOVE:1,9;REMOVE:3,9;REMOVE:4,2;REMOVE:6,7;REMOVE:7,6",0:3;1:5|9;2:-;3:9;4:2;5:1;6:7;7:6;8:-;9:-,0:-;1:2;2:-;3:-;4:-;5:1;6:-;7:8;8:-;9:-,1@2=1;1@4=1;1@9=1;5@1=1;7@8=1,"2,4,9,1,8",5,5,5,0,1.0,0.7313245331952385,0.875,0.05632453319523839,0.0,0.0,0.2,0.15655994415283203,Feasible
299,298,7,4,3,"ADD:1,9;ADD:4,6;ADD:6,2;ADD:7,9;REMOVE:1,2;REMOVE:5,1;REMOVE:7,8",0:-;1:2;2:-;3:-;4:-;5:1;6:-;7:8;8:-;9:-,0:-;1:9;2:-;3:-;4:6;5:-;6:2;7:9;8:-;9:-,1@1=1;1@2=1;1@3=1;1@6=1;4@6=1;6@2=1;7@9=1,"1,2,3,6,9",7,7,7,0,1.0,0.6454855919459893,1.0,0.04548559194598926,0.0,0.0,0.4,0.1629939079284668,Feasible
300,299,9,5,4,"ADD:0,7;ADD:1,7;ADD:4,7;ADD:5,6;ADD:7,2;REMOVE:1,9;REMOVE:4,6;REMOVE:6,2;REMOVE:7,9",0:-;1:9;2:-;3:-;4:6;5:-;6:2;7:9;8:-;9:-,0:7;1:7;2:-;3:-;4:7;5:6;6:-;7:2;8:-;9:-,0@4=2;0@6=1;0@7=1;1@4=1;1@0=1;1@1=1;1@2=1;4@4=1;4@0=1;4@1=1;4@9=1;5@6=1;7@7=1;7@2=1;7@5=1,"4,6,7,0,1,2,9,5",16,15,15,0,1.0,0.519474125850339,1.0,0.01947412585033898,0.0,0.0,0.5,0.1896681785583496,Feasible
301,300,9,6,3,"ADD:0,2;ADD:2,8;ADD:4,4;ADD:5,7;ADD:6,5;ADD:7,7;REMOVE:4,7;REMOVE:5,6;REMOVE:7,2",0:7;1:7;2:-;3:-;4:7;5:6;6:-;7:2;8:-;9:-,0:2|7;1:7;2:8;3:-;4:4;5:7;6:5;7:7;8:-;9:-,0@0=1;0@1=1;0@2=1;0@5=1;0@7=1;1@1=1;1@2=1;1@7=1;1@8=1;1@9=1;2@2=1;2@8=1;2@4=1;4@2=1;4@4=2;4@6=1;5@7=1;6@5=1;7@9=1;7@4=1;7@3=1,"0,1,2,5,7,8,9,4,6,3",22,21,21,0,1.0,0.03637398954360682,0.6,0.03637398954360684,0.0,0.0,0.6,0.21404099464416504,Feasible
302,301,11,5,6,"ADD:0,8;ADD:1,9;ADD:2,1;ADD:4,7;ADD:5,4;REMOVE:0,2;REMOVE:1,7;REMOVE:2,8;REMOVE:4,4;REMOVE:5,7;REMOVE:6,5",0:2|7;1:7;2:8;3:-;4:4;5:7;6:5;7:7;8:-;9:-,0:7|8;1:9;2:1;3:-;4:7;5:4;6:-;7:7;8:-;9:-,0@1=1;0@3=1;0@4=2;0@5=1;0@7=1;0@8=1;1@2=2;1@9=1;2@1=1;4@7=1;5@4=1;7@1=2;7@3=1;7@4=3;7@9=1;7@0=1,"1,3,4,5,7,8,2,9,0",21,16,16,0,1.0,0.27935392769032974,0.75,0.029353927690329792,0.0,0.0,0.5,0.20632386207580566,Feasible
303,302,8,3,5,"ADD:2,4;ADD:6,4;ADD:7,4;REMOVE:0,8;REMOVE:1,9;REMOVE:2,1;REMOVE:5,4;REMOVE:7,7",0:7|8;1:9;2:1;3:-;4:7;5:4;6:-;7:7;8:-;9:-,0:7;1:-;2:4;3:-;4:7;5:-;6:4;7:4;8:-;9:-,0@1=2;0@3=1;0@6=2;0@7=1;0@8=1;0@9=1;2@4=1;4@8=1;4@0=1;6@4=1;7@4=2;7@2=1,"1,3,6,7,8,9,4,0,2",15,12,12,0,1.0,0.4500700549672706,0.7142857142857143,0.03578434068155631,0.0,0.0,0.30000000000000004,0.1997988224029541,Feasible
304,303,12,7,5,"ADD:0,2;ADD:1,9;ADD:3,0;ADD:4,0;ADD:5,4;ADD:6,2;ADD:7,9;REMOVE:0,7;REMOVE:2,4;REMOVE:4,7;REMOVE:6,4;REMOVE:7,4",0:7;1:-;2:4;3:-;4:7;5:-;6:4;7:4;8:-;9:-,0:2;1:9;2:-;3:0;4:0;5:4;6:2;7:9;8:-;9:-,0@0=1;0@4=1;0@5=2;1@1=1;1@3=1;1@6=1;1@7=1;1@9=1;3@0=1;4@0=1;5@4=1;6@2=1;7@9=1;7@2=2,"0,4,5,1,3,6,7,9,2",16,14,14,0,1.0,0.33481478610693016,1.0,0.03481478610693003,0.0,0.0,0.7,0.20052289962768555,Feasible
305,304,13,6,7,"ADD:0,1;ADD:1,3;ADD:2,6;ADD:4,7;ADD:5,6;ADD:6,7;REMOVE:0,2;REMOVE:1,9;REMOVE:3,0;REMOVE:4,0;REMOVE:5,4;REMOVE:6,2;REMOVE:7,9",0:2;1:9;2:-;3:0;4:0;5:4;6:2;7:9;8:-;9:-,0:1;1:3;2:6;3:-;4:7;5:6;6:7;7:-;8:-;9:-,0@1=2;1@3=1;2@6=1;4@3=1;4@7=1;5@6=1;6@6=1;6@0=1;6@9=1,"1,3,6,7,0,9",10,9,9,0,1.0,0.46026550850717685,1.0,0.060265508507176734,0.0,0.0,0.6,0.17424273490905762,Feasible
306,305,11,5,6,"ADD:0,5;ADD:2,7;ADD:4,3;ADD:6,2;ADD:7,4;REMOVE:0,1;REMOVE:1,3;REMOVE:2,6;REMOVE:4,7;REMOVE:5,6;REMOVE:6,7",0:1;1:3;2:6;3:-;4:7;5:6;6:7;7:-;8:-;9:-,0:5;1:-;2:7;3:-;4:3;5:-;6:2;7:4;8:-;9:-,0@5=1;2@0=1;2@9=1;4@3=1;6@2=1;7@2=1;7@4=1,"5,0,9,3,2,4",7,7,7,0,1.0,0.5513992393412614,1.0,0.05139923934126136,0.0,0.0,0.5,0.16924405097961426,Feasible
307,306,11,6,5,"ADD:0,9;ADD:2,6;ADD:4,2;ADD:5,8;ADD:7,5;ADD:8,4;REMOVE:0,5;REMOVE:2,7;REMOVE:4,3;REMOVE:6,2;REMOVE:7,4",0:5;1:-;2:7;3:-;4:3;5:-;6:2;7:4;8:-;9:-,0:9;1:-;2:6;3:-;4:2;5:8;6:-;7:5;8:4;9:-,0@1=1;0@3=1;0@6=1;0@9=1;2@1=1;2@6=1;2@9=1;2@4=1;4@2=1;5@6=1;5@2=3;5@5=1;7@5=1;8@4=1,"1,3,6,9,4,2,5",16,14,14,0,1.0,0.4323578645142804,1.0,0.03235786451428035,0.0,0.0,0.6,0.19012713432312012,Feasible
308,307,11,6,5,"ADD:0,2;ADD:1,8;ADD:2,3;ADD:4,5;ADD:6,1;ADD:7,4;REMOVE:0,9;REMOVE:2,6;REMOVE:4,2;REMOVE:7,5;REMOVE:8,4",0:9;1:-;2:6;3:-;4:2;5:8;6:-;7:5;8:4;9:-,0:2;1:8;2:3;3:-;4:5;5:8;6:1;7:4;8:-;9:-,0@0=1;0@2=2;0@4=1;0@8=1;1@8=1;2@2=1;2@1=1;2@3=1;4@5=2;5@2=1;5@4=1;5@8=1;6@1=1;7@2=1;7@4=1,"0,2,4,8,1,3,5",17,15,15,0,1.0,0.28338648995502147,0.8333333333333334,0.050053156621688105,0.0,0.0,0.6,0.19109511375427246,Feasible
309,308,14,7,7,"ADD:0,9;ADD:1,4;ADD:2,7;ADD:4,6;ADD:5,4;ADD:6,5;ADD:7,2;REMOVE:0,2;REMOVE:1,8;REMOVE:2,3;REMOVE:4,5;REMOVE:5,8;REMOVE:6,1;REMOVE:7,4",0:2;1:8;2:3;3:-;4:5;5:8;6:1;7:4;8:-;9:-,0:9;1:4;2:7;3:-;4:6;5:4;6:5;7:2;8:-;9:-,0@2=1;0@9=2;1@2=1;1@4=1;2@4=1;2@0=1;4@6=1;5@4=1;6@5=1;7@2=2;7@9=1;7@0=1;7@5=2,"2,9,4,0,6,5",16,13,13,0,1.0,0.349225603737384,1.0,0.04922560373738403,0.0,0.0,0.7,0.18068885803222656,Feasible
310,309,10,5,5,"ADD:1,9;ADD:4,9;ADD:5,7;ADD:6,0;ADD:7,4;REMOVE:1,4;REMOVE:4,6;REMOVE:5,4;REMOVE:6,5;REMOVE:7,2",0:9;1:4;2:7;3:-;4:6;5:4;6:5;7:2;8:-;9:-,0:9;1:9;2:7;3:-;4:9;5:7;6:0;7:4;8:-;9:-,0@1=1;0@2=1;0@6=1;1@2=1;1@9=1;2@1=1;2@0=1;2@7=1;4@9=1;5@0=1;5@3=1;6@0=1;7@2=2;7@4=1,"1,2,6,9,0,7,3,4",15,14,14,0,1.0,0.24878743772833622,0.7142857142857143,0.034501723442621944,0.0,0.0,0.5,0.1910998821258545,Feasible
311,310,9,4,5,"ADD:0,3;ADD:4,2;ADD:6,4;ADD:7,2;REMOVE:0,9;REMOVE:4,9;REMOVE:5,7;REMOVE:6,0;REMOVE:7,4",0:9;1:9;2:7;3:-;4:9;5:7;6:0;7:4;8:-;9:-,0:3;1:9;2:7;3:-;4:2;5:-;6:4;7:2;8:-;9:-,0@3=1;1@1=1;1@9=1;2@3=1;2@1=1;2@4=1;4@2=1;6@4=2;7@9=2;7@2=1;7@8=1,"3,1,9,4,2,8",13,11,11,0,1.0,0.36613149834397873,0.7142857142857143,0.051845784058264434,0.0,0.0,0.4,0.17334389686584473,Feasible
312,311,13,7,6,"ADD:2,4;ADD:3,6;ADD:4,8;ADD:4,9;ADD:5,2;ADD:6,7;ADD:7,7;REMOVE:0,3;REMOVE:1,9;REMOVE:2,7;REMOVE:4,2;REMOVE:6,4;REMOVE:7,2",0:3;1:9;2:7;3:-;4:2;5:-;6:4;7:2;8:-;9:-,0:-;1:-;2:4;3:6;4:8|9;5:2;6:7;7:7;8:-;9:-,2@4=2;3@6=1;4@8=1;4@9=1;5@0=1;5@2=1;6@4=1;6@9=1;7@4=1;7@2=2;7@1=1;7@3=1,"4,6,8,9,0,2,1,3",14,12,12,0,1.0,0.344827898939261,1.0,0.04482789893926103,0.0,0.0,0.7,0.17664408683776855,Feasible
313,312,10,4,6,"ADD:1,6;ADD:4,4;ADD:6,8;ADD:7,0;REMOVE:2,4;REMOVE:3,6;REMOVE:4,8;REMOVE:4,9;REMOVE:6,7;REMOVE:7,7",0:-;1:-;2:4;3:6;4:8|9;5:2;6:7;7:7;8:-;9:-,0:-;1:6;2:-;3:-;4:4;5:2;6:8;7:0;8:-;9:-,1@6=1;4@4=1;5@4=1;5@3=1;5@5=1;6@8=1;7@0=1,"6,4,3,5,8,0",7,7,7,0,1.0,0.517569166886514,0.8571428571428571,0.060426309743656884,0.0,0.0,0.4,0.1569349765777588,Feasible
314,313,12,7,5,"ADD:1,9;ADD:2,7;ADD:3,7;ADD:4,9;ADD:5,8;ADD:6,4;ADD:7,8;REMOVE:1,6;REMOVE:4,4;REMOVE:5,2;REMOVE:6,8;REMOVE:7,0",0:-;1:6;2:-;3:-;4:4;5:2;6:8;7:0;8:-;9:-,0:-;1:9;2:7;3:7;4:9;5:8;6:4;7:8;8:-;9:-,1@2=1;1@9=2;2@0=1;2@1=1;2@6=1;3@7=1;4@2=1;4@9=1;5@4=1;5@8=1;6@4=1;7@2=1;7@1=2;7@7=1;7@5=1,"2,9,0,1,6,7,4,8,5",17,15,15,0,1.0,0.33803333869374086,1.0,0.0380333386937409,0.0,0.0,0.7,0.18880677223205566,Feasible
315,314,12,6,6,"ADD:1,2;ADD:2,6;ADD:4,2;ADD:5,5;ADD:6,8;ADD:7,5;REMOVE:1,9;REMOVE:2,7;REMOVE:3,7;REMOVE:4,9;REMOVE:5,8;REMOVE:6,4",0:-;1:9;2:7;3:7;4:9;5:8;6:4;7:8;8:-;9:-,0:-;1:2;2:6;3:-;4:2;5:5;6:8;7:5|8;8:-;9:-,1@0=2;1@2=1;2@1=1;2@4=2;2@6=1;2@9=1;4@2=1;5@0=1;5@5=1;6@8=1;7@1=1;7@5=1;7@8=1;7@3=1,"0,2,1,4,6,9,5,8,3",16,14,14,0,1.0,0.2978223836743593,0.8571428571428571,0.04067952653150224,0.0,0.0,0.6,0.18654274940490723,Feasible
316,315,11,5,6,"ADD:1,7;ADD:2,0;ADD:4,4;ADD:5,8;ADD:6,9;REMOVE:1,2;REMOVE:2,6;REMOVE:4,2;REMOVE:5,5;REMOVE:6,8;REMOVE:7,5",0:-;1:2;2:6;3:-;4:2;5:5;6:8;7:5|8;8:-;9:-,0:-;1:7;2:0;3:-;4:4;5:8;6:9;7:8;8:-;9:-,1@1=1;1@3=1;1@4=1;2@0=1;4@4=1;4@2=1;5@8=1;6@1=1;6@9=1;7@5=1;7@7=1,"1,3,4,0,2,8,9,5,7",11,11,11,0,1.0,0.3941797713908014,0.8571428571428571,0.03703691424794428,0.0,0.0,0.5,0.18007612228393555,Feasible
317,316,9,4,5,"ADD:2,2;ADD:4,7;ADD:5,1;ADD:7,9;REMOVE:2,0;REMOVE:4,4;REMOVE:5,8;REMOVE:6,9;REMOVE:7,8",0:-;1:7;2:0;3:-;4:4;5:8;6:9;7:8;8:-;9:-,0:-;1:7;2:2;3:-;4:7;5:1;6:-;7:9;8:-;9:-,1@1=2;1@7=1;2@2=1;4@0=2;4@4=1;5@1=1;7@3=1;7@9=1,"1,7,2,0,4,3,9",10,8,8,0,1.0,0.47439109652630274,0.8333333333333334,0.04105776319296939,0.0,0.0,0.4,0.16431522369384766,Feasible
318,317,10,5,5,"ADD:1,2;ADD:2,9;ADD:4,8;ADD:5,9;ADD:7,8;REMOVE:1,7;REMOVE:2,2;REMOVE:4,7;REMOVE:5,1;REMOVE:7,9",0:-;1:7;2:2;3:-;4:7;5:1;6:-;7:9;8:-;9:-,0:-;1:2;2:9;3:-;4:8;5:9;6:-;7:8;8:-;9:-,1@2=1;2@2=1;2@1=1;2@9=1;4@2=1;4@8=1;5@9=1;7@2=2;7@8=1,"2,1,9,8",10,9,9,0,1.0,0.5489056418795815,1.0,0.04890564187958136,0.0,0.0,0.5,0.15387487411499023,Feasible
319,318,8,3,5,"ADD:1,8;ADD:4,9;ADD:7,4;REMOVE:1,2;REMOVE:2,9;REMOVE:4,8;REMOVE:5,9;REMOVE:7,8",0:-;1:2;2:9;3:-;4:8;5:9;6:-;7:8;8:-;9:-,0:-;1:8;2:-;3:-;4:9;5:-;6:-;7:4;8:-;9:-,1@8=1;4@3=1;4@6=1;7@4=1,"8,3,6,4",4,4,4,0,1.0,0.7487558378852299,1.0,0.04875583788522998,0.0,0.0,0.30000000000000004,0.14014315605163574,Feasible
320,319,7,4,3,"ADD:1,7;ADD:2,9;ADD:4,4;ADD:5,9;REMOVE:1,8;REMOVE:4,9;REMOVE:7,4",0:-;1:8;2:-;3:-;4:9;5:-;6:-;7:4;8:-;9:-,0:-;1:7;2:9;3:-;4:4;5:9;6:-;7:-;8:-;9:-,1@1=1;1@3=1;1@4=1;2@2=1;2@9=1;4@4=1;4@2=1;5@1=2;5@2=1,"1,3,4,2,9",10,9,9,0,1.0,0.6231512844978592,1.0,0.023151284497859276,0.0,0.0,0.4,0.16130900382995605,Feasible
321,320,6,3,3,"ADD:2,4;ADD:4,2;ADD:7,2;REMOVE:2,9;REMOVE:4,4;REMOVE:5,9",0:-;1:7;2:9;3:-;4:4;5:9;6:-;7:-;8:-;9:-,0:-;1:7;2:4;3:-;4:2;5:-;6:-;7:2;8:-;9:-,1@0=1;1@1=1;1@2=1;1@4=2;1@7=1;2@2=1;2@4=1;4@4=1;4@5=1;4@9=2;7@0=1;7@2=1;7@4=1,"0,1,2,4,7,5,9",15,13,13,0,1.0,0.4680190714040814,0.75,0.01801907140408139,0.0,0.0,0.30000000000000004,0.18138599395751953,Feasible
322,321,7,3,4,"ADD:1,2;ADD:2,6;ADD:7,3;REMOVE:1,7;REMOVE:2,4;REMOVE:4,2;REMOVE:7,2",0:-;1:7;2:4;3:-;4:2;5:-;6:-;7:2;8:-;9:-,0:-;1:2;2:6;3:-;4:-;5:-;6:-;7:3;8:-;9:-,1@4=1;1@5=1;1@7=1;1@9=1;2@6=1;7@3=1,"4,5,7,9,6,3",6,6,6,0,1.0,0.7311881331523551,1.0,0.031188133152355156,0.0,0.0,0.30000000000000004,0.16636323928833008,Feasible
323,322,8,5,3,"ADD:1,0;ADD:2,7;ADD:4,4;ADD:6,5;ADD:7,8;REMOVE:1,2;REMOVE:2,6;REMOVE:7,3",0:-;1:2;2:6;3:-;4:-;5:-;6:-;7:3;8:-;9:-,0:-;1:0;2:7;3:-;4:4;5:-;6:5;7:8;8:-;9:-,1@0=1;2@1=1;2@3=1;2@4=1;2@8=1;4@4=1;6@5=1;7@1=1;7@4=1,"0,1,3,4,8,5",9,9,9,0,1.0,0.534161234651064,1.0,0.03416123465106406,0.0,0.0,0.5,0.1665191650390625,Feasible
324,323,10,5,5,"ADD:1,3;ADD:2,8;ADD:4,2;ADD:5,3;ADD:7,7;REMOVE:1,0;REMOVE:2,7;REMOVE:4,4;REMOVE:6,5;REMOVE:7,8",0:-;1:0;2:7;3:-;4:4;5:-;6:5;7:8;8:-;9:-,0:-;1:3;2:8;3:-;4:2;5:3;6:-;7:7;8:-;9:-,1@1=1;1@3=2;2@8=1;4@0=1;4@4=1;4@5=1;5@3=1;7@3=1;7@4=1;7@7=2,"1,3,8,0,4,5,7",12,10,10,0,1.0,0.5521903830509465,1.0,0.05219038305094655,0.0,0.0,0.5,0.1715071201324463,Feasible
325,324,8,4,4,"ADD:1,9;ADD:2,4;ADD:4,6;ADD:6,8;REMOVE:1,3;REMOVE:2,8;REMOVE:4,2;REMOVE:5,3",0:-;1:3;2:8;3:-;4:2;5:3;6:-;7:7;8:-;9:-,0:-;1:9;2:4;3:-;4:6;5:-;6:8;7:7;8:-;9:-,1@1=1;1@2=1;2@4=1;4@6=2;6@4=1;6@5=1;7@0=1;7@3=1;7@7=1;7@8=1,"1,2,4,6,5,0,3,7,8",11,10,10,0,1.0,0.43940212154557645,0.8,0.039402121545576464,0.0,0.0,0.4,0.1865677833557129,Feasible
326,325,9,4,5,"ADD:2,2;ADD:4,2;ADD:5,1;ADD:7,5;REMOVE:1,9;REMOVE:2,4;REMOVE:4,6;REMOVE:6,8;REMOVE:7,7",0:-;1:9;2:4;3:-;4:6;5:-;6:8;7:7;8:-;9:-,0:-;1:-;2:2;3:-;4:2;5:1;6:-;7:5;8:-;9:-,2@2=2;4@2=1;5@1=1;7@5=1;7@8=1,"2,1,5,8",6,5,5,0,1.0,0.6795534729726783,1.0,0.07955347297267841,0.0,0.0,0.4,0.1544780731201172,Feasible
327,326,7,3,4,"ADD:1,6;ADD:2,8;ADD:7,6;REMOVE:2,2;REMOVE:4,2;REMOVE:5,1;REMOVE:7,5",0:-;1:-;2:2;3:-;4:2;5:1;6:-;7:5;8:-;9:-,0:-;1:6;2:8;3:-;4:-;5:-;6:-;7:6;8:-;9:-,1@1=1;1@6=1;2@8=1;7@6=1,"1,6,8",4,4,4,0,1.0,0.7805868851393698,1.0,0.08058688513936992,0.0,0.0,0.30000000000000004,0.14818501472473145,Feasible
328,327,9,6,3,"ADD:0,1;ADD:1,2;ADD:2,7;ADD:5,7;ADD:6,4;ADD:7,2;REMOVE:1,6;REMOVE:2,8;REMOVE:7,6",0:-;1:6;2:8;3:-;4:-;5:-;6:-;7:6;8:-;9:-,0:1;1:2;2:7;3:-;4:-;5:7;6:4;7:2;8:-;9:-,0@1=1;1@2=1;2@0=1;2@3=1;2@9=1;5@2=1;5@7=1;6@4=1;7@2=1;7@4=1;7@5=1,"1,2,0,3,9,7,4,5",11,11,11,0,1.0,0.4466992331814196,1.0,0.046699233181419546,0.0,0.0,0.6,0.18517494201660156,Feasible
329,328,10,5,5,"ADD:1,7;ADD:2,2;ADD:4,2;ADD:6,7;ADD:7,8;REMOVE:0,1;REMOVE:1,2;REMOVE:2,7;REMOVE:6,4;REMOVE:7,2",0:1;1:2;2:7;3:-;4:-;5:7;6:4;7:2;8:-;9:-,0:-;1:7;2:2;3:-;4:2;5:7;6:7;7:8;8:-;9:-,1@0=1;1@1=1;1@8=1;1@9=1;2@2=1;4@2=1;5@3=1;5@4=1;6@7=1;7@4=1;7@7=1;7@5=1,"0,1,8,9,2,3,4,7,5",12,12,12,0,1.0,0.3578836282059391,0.8333333333333334,0.024550294872605783,0.0,0.0,0.5,0.19158506393432617,Feasible
330,329,8,3,5,"ADD:4,4;ADD:6,0;ADD:7,7;REMOVE:1,7;REMOVE:4,2;REMOVE:5,7;REMOVE:6,7;REMOVE:7,8",0:-;1:7;2:2;3:-;4:2;5:7;6:7;7:8;8:-;9:-,0:-;1:-;2:2;3:-;4:4;5:-;6:0;7:7;8:-;9:-,2@2=2;4@4=1;6@0=1;7@1=1;7@3=1;7@7=1,"2,4,0,1,3,7",7,6,6,0,1.0,0.6033900969339028,0.8333333333333334,0.07005676360056946,0.0,0.0,0.30000000000000004,0.18063092231750488,Feasible
331,330,7,4,3,"ADD:1,6;ADD:2,7;ADD:5,8;ADD:7,4;REMOVE:2,2;REMOVE:4,4;REMOVE:7,7",0:-;1:-;2:2;3:-;4:4;5:-;6:0;7:7;8:-;9:-,0:-;1:6;2:7;3:-;4:-;5:8;6:0;7:4;8:-;9:-,1@6=1;2@0=1;2@1=2;2@4=1;5@8=1;6@0=1;7@4=1;7@2=1,"6,0,1,4,8,2",9,8,8,0,1.0,0.394208760021875,0.75,0.04420876002187503,0.0,0.0,0.4,0.18015789985656738,Feasible
332,331,6,3,3,"ADD:1,8;ADD:2,0;ADD:4,5;REMOVE:1,6;REMOVE:2,7;REMOVE:6,0",0:-;1:6;2:7;3:-;4:-;5:8;6:0;7:4;8:-;9:-,0:-;1:8;2:0;3:-;4:5;5:8;6:-;7:4;8:-;9:-,1@6=1;1@8=1;2@0=1;4@5=1;5@6=1;5@8=1;7@4=1,"6,8,0,5,4",7,7,7,0,1.0,0.3739153865998237,0.6,0.07391538659982379,0.0,0.0,0.30000000000000004,0.18032503128051758,Feasible
333,332,8,4,4,"ADD:2,2;ADD:4,7;ADD:6,5;ADD:7,7;REMOVE:1,8;REMOVE:2,0;REMOVE:4,5;REMOVE:7,4",0:-;1:8;2:0;3:-;4:5;5:8;6:-;7:4;8:-;9:-,0:-;1:-;2:2;3:-;4:7;5:8;6:5;7:7;8:-;9:-,2@0=1;2@2=1;4@0=1;4@1=1;5@1=1;5@4=1;6@5=1;7@0=1;7@4=1,"0,2,1,4,5",9,9,9,0,1.0,0.42424595593461867,0.8,0.024245955934618646,0.0,0.0,0.4,0.1704089641571045,Feasible
334,333,8,4,4,"ADD:1,7;ADD:2,5;ADD:6,2;ADD:7,2;REMOVE:2,2;REMOVE:5,8;REMOVE:6,5;REMOVE:7,7",0:-;1:-;2:2;3:-;4:7;5:8;6:5;7:7;8:-;9:-,0:-;1:7;2:5;3:-;4:7;5:-;6:2;7:2;8:-;9:-,1@3=1;1@7=1;2@5=1;4@0=1;4@9=1;6@2=1;7@2=1,"3,7,5,0,9,2",7,7,7,0,1.0,0.4553405809748706,0.8,0.0553405809748706,0.0,0.0,0.4,0.1885678768157959,Feasible
335,334,10,5,5,"ADD:1,0;ADD:4,5;ADD:5,8;ADD:7,7;ADD:7,8;REMOVE:1,7;REMOVE:2,5;REMOVE:4,7;REMOVE:6,2;REMOVE:7,2",0:-;1:7;2:5;3:-;4:7;5:-;6:2;7:2;8:-;9:-,0:-;1:0;2:-;3:-;4:5;5:8;6:-;7:7|8;8:-;9:-,1@0=1;4@3=1;4@5=1;5@2=1;5@8=1;7@0=1;7@5=1;7@8=1;7@7=1,"0,3,5,2,8,7",9,9,9,0,1.0,0.5586662667583968,1.0,0.058666266758396764,0.0,0.0,0.5,0.19647002220153809,Feasible
336,335,11,6,5,"ADD:0,8;ADD:1,2;ADD:2,7;ADD:4,1;ADD:5,7;ADD:7,2;REMOVE:1,0;REMOVE:4,5;REMOVE:5,8;REMOVE:7,7;REMOVE:7,8",0:-;1:0;2:-;3:-;4:5;5:8;6:-;7:7|8;8:-;9:-,0:8;1:2;2:7;3:-;4:1;5:7;6:-;7:2;8:-;9:-,0@8=1;1@2=1;2@0=1;2@1=1;4@1=1;5@2=1;5@1=1;5@7=1;7@2=1;7@0=1;7@4=1;7@9=1,"8,2,0,1,7,4,9",12,12,12,0,1.0,0.4416745637114504,1.0,0.04167456371145037,0.0,0.0,0.6,0.19563913345336914,Feasible
337,336,10,4,6,"ADD:0,4;ADD:1,3;ADD:2,1;ADD:7,7;REMOVE:0,8;REMOVE:1,2;REMOVE:2,7;REMOVE:4,1;REMOVE:5,7;REMOVE:7,2",0:8;1:2;2:7;3:-;4:1;5:7;6:-;7:2;8:-;9:-,0:4;1:3;2:1;3:-;4:-;5:-;6:-;7:7;8:-;9:-,0@2=1;0@4=1;1@1=1;1@3=1;2@1=1;7@2=1;7@4=2;7@1=1;7@6=1;7@8=1;7@9=1,"2,4,1,3,6,8,9",12,11,11,0,1.0,0.6232522005167506,1.0,0.02325220051675051,0.0,0.0,0.4,0.18374896049499512,Feasible
338,337,6,2,4,"ADD:1,9;ADD:7,3;REMOVE:0,4;REMOVE:1,3;REMOVE:2,1;REMOVE:7,7",0:4;1:3;2:1;3:-;4:-;5:-;6:-;7:7;8:-;9:-,0:-;1:9;2:-;3:-;4:-;5:-;6:-;7:3;8:-;9:-,1@1=1;1@2=1;7@1=3;7@2=1;7@3=1,"1,2,3",7,5,5,0,1.0,0.8162989908431144,1.0,0.016298990843114338,0.0,0.0,0.2,0.1688840389251709,Feasible
339,338,6,5,1,"ADD:2,7;ADD:3,6;ADD:4,6;ADD:5,4;ADD:7,2;REMOVE:7,3",0:-;1:9;2:-;3:-;4:-;5:-;6:-;7:3;8:-;9:-,0:-;1:9;2:7;3:6;4:6;5:4;6:-;7:2;8:-;9:-,1@3=1;1@6=1;2@3=1;2@1=1;2@2=1;2@4=2;3@6=1;4@6=1;5@4=1;7@2=1,"3,6,1,2,4",11,10,10,0,1.0,0.0314411977180985,0.5,0.031441197718098536,0.0,0.0,0.5,0.211622953414917,Feasible
340,339,9,3,6,"ADD:1,8;ADD:5,9;ADD:7,7;REMOVE:1,9;REMOVE:2,7;REMOVE:3,6;REMOVE:4,6;REMOVE:5,4;REMOVE:7,2",0:-;1:9;2:7;3:6;4:6;5:4;6:-;7:2;8:-;9:-,0:-;1:8;2:-;3:-;4:-;5:9;6:-;7:7;8:-;9:-,1@1=1;1@5=1;5@9=1;7@0=1;7@3=1,"1,5,9,0,3",5,5,5,0,1.0,0.7190793820967363,1.0,0.01907938209673623,0.0,0.0,0.30000000000000004,0.1835956573486328,Feasible
341,340,8,5,3,"ADD:3,7;ADD:4,3;ADD:5,7;ADD:6,4;ADD:7,1;REMOVE:1,8;REMOVE:5,9;REMOVE:7,7",0:-;1:8;2:-;3:-;4:-;5:9;6:-;7:7;8:-;9:-,0:-;1:-;2:-;3:7;4:3;5:7;6:4;7:1;8:-;9:-,3@7=1;4@1=1;4@3=1;5@3=1;5@4=1;6@4=1;7@1=1,"7,1,3,4",7,7,7,0,1.0,0.5616485992930447,1.0,0.0616485992930446,0.0,0.0,0.5,0.17646098136901855,Feasible
342,341,10,5,5,"ADD:0,9;ADD:4,8;ADD:5,5;ADD:6,5;ADD:7,9;REMOVE:3,7;REMOVE:4,3;REMOVE:5,7;REMOVE:6,4;REMOVE:7,1",0:-;1:-;2:-;3:7;4:3;5:7;6:4;7:1;8:-;9:-,0:9;1:-;2:-;3:-;4:8;5:5;6:5;7:9;8:-;9:-,0@7=1;0@9=1;4@1=1;4@5=1;5@5=1;6@5=1;7@2=1;7@6=1,"7,9,1,5,2,6",8,8,8,0,1.0,0.5353198147722877,1.0,0.03531981477228773,0.0,0.0,0.5,0.19127917289733887,Feasible
343,342,10,5,5,"ADD:0,7;ADD:1,1;ADD:4,6;ADD:5,6;ADD:7,2;REMOVE:0,9;REMOVE:4,8;REMOVE:5,5;REMOVE:6,5;REMOVE:7,9",0:9;1:-;2:-;3:-;4:8;5:5;6:5;7:9;8:-;9:-,0:7;1:1;2:-;3:-;4:6;5:6;6:-;7:2;8:-;9:-,0@0=1;0@1=2;0@4=1;0@8=2;1@1=1;1@8=1;1@3=1;4@4=1;4@6=1;5@6=1;7@4=2;7@2=1;7@9=1,"0,1,4,8,3,6,2,9",16,13,13,0,1.0,0.5259775668097642,1.0,0.025977566809764135,0.0,0.0,0.5,0.20110416412353516,Feasible
344,343,10,5,5,"ADD:0,8;ADD:1,3;ADD:2,8;ADD:4,1;ADD:6,8;REMOVE:0,7;REMOVE:1,1;REMOVE:4,6;REMOVE:5,6;REMOVE:7,2",0:7;1:1;2:-;3:-;4:6;5:6;6:-;7:2;8:-;9:-,0:8;1:3;2:8;3:-;4:1;5:-;6:8;7:-;8:-;9:-,0@1=1;0@5=1;1@1=1;1@2=1;1@3=1;2@8=1;4@1=2;6@8=1,"1,5,2,3,8",9,8,8,0,1.0,0.5619777923992026,1.0,0.06197779239920257,0.0,0.0,0.5,0.16679120063781738,Feasible
345,344,11,6,5,"ADD:0,2;ADD:1,2;ADD:2,7;ADD:3,1;ADD:4,8;ADD:7,7;REMOVE:0,8;REMOVE:1,3;REMOVE:2,8;REMOVE:4,1;REMOVE:6,8",0:8;1:3;2:8;3:-;4:1;5:-;6:8;7:-;8:-;9:-,0:2;1:2;2:7;3:1;4:8;5:-;6:-;7:7;8:-;9:-,0@0=2;0@2=2;0@3=1;0@4=1;1@2=2;2@0=1;2@3=1;3@1=1;4@4=1;4@6=1;4@8=1;7@7=1,"0,2,3,4,1,6,8,7",15,12,12,0,1.0,0.44569482044213504,1.0,0.045694820442135055,0.0,0.0,0.6,0.1882328987121582,Feasible
346,345,9,4,5,"ADD:0,7;ADD:1,8;ADD:5,1;ADD:7,2;REMOVE:0,2;REMOVE:1,2;REMOVE:3,1;REMOVE:4,8;REMOVE:7,7",0:2;1:2;2:7;3:1;4:8;5:-;6:-;7:7;8:-;9:-,0:7;1:8;2:7;3:-;4:-;5:1;6:-;7:2;8:-;9:-,0@0=1;0@4=1;0@7=1;0@9=1;1@8=1;2@7=2;2@2=1;5@1=1;7@0=1;7@4=1;7@2=1,"0,4,7,9,8,2,1",12,11,11,0,1.0,0.47971000891737736,0.8333333333333334,0.04637667558404398,0.0,0.0,0.4,0.18181514739990234,Feasible
347,346,9,5,4,"ADD:0,4;ADD:2,9;ADD:4,5;ADD:6,1;ADD:7,9;REMOVE:0,7;REMOVE:1,8;REMOVE:2,7;REMOVE:7,2",0:7;1:8;2:7;3:-;4:-;5:1;6:-;7:2;8:-;9:-,0:4;1:-;2:9;3:-;4:5;5:1;6:1;7:9;8:-;9:-,0@4=2;2@9=1;4@5=1;5@1=1;6@1=1;7@9=1;7@1=1,"4,9,5,1",8,7,7,0,1.0,0.3819304900998399,0.8,0.08193049009983991,0.0,0.0,0.5,0.15296101570129395,Feasible
348,347,11,5,6,"ADD:0,9;ADD:1,9;ADD:2,7;ADD:6,4;ADD:7,7;REMOVE:0,4;REMOVE:2,9;REMOVE:4,5;REMOVE:5,1;REMOVE:6,1;REMOVE:7,9",0:4;1:-;2:9;3:-;4:5;5:1;6:1;7:9;8:-;9:-,0:9;1:9;2:7;3:-;4:-;5:-;6:4;7:7;8:-;9:-,0@2=1;0@6=1;0@9=1;1@9=1;2@9=1;2@4=2;6@4=1;7@0=1;7@8=2,"2,6,9,4,0,8",11,9,9,0,1.0,0.5265820971963477,1.0,0.026582097196347774,0.0,0.0,0.5,0.17310690879821777,Feasible
349,348,10,6,4,"ADD:0,8;ADD:1,5;ADD:2,8;ADD:4,5;ADD:5,3;ADD:7,4;REMOVE:0,9;REMOVE:2,7;REMOVE:6,4;REMOVE:7,7",0:9;1:9;2:7;3:-;4:-;5:-;6:4;7:7;8:-;9:-,0:8;1:5|9;2:8;3:-;4:5;5:3;6:-;7:4;8:-;9:-,0@1=1;0@2=1;0@4=2;0@6=1;0@8=1;1@2=1;1@6=1;1@3=1;1@5=1;2@8=1;2@7=1;4@8=1;4@5=1;4@0=1;5@1=1;5@2=1;5@3=1;7@4=1,"1,2,4,6,8,3,5,7,0",19,18,18,0,1.0,0.23259095029520005,0.8,0.03259095029519998,0.0,0.0,0.6,0.20209383964538574,Feasible
350,349,11,5,6,"ADD:1,4;ADD:3,4;ADD:4,7;ADD:5,7;ADD:7,7;REMOVE:1,5;REMOVE:1,9;REMOVE:2,8;REMOVE:4,5;REMOVE:5,3;REMOVE:7,4",0:8;1:5|9;2:8;3:-;4:5;5:3;6:-;7:4;8:-;9:-,0:8;1:4;2:-;3:4;4:7;5:7;6:-;7:7;8:-;9:-,0@7=1;0@8=1;1@2=1;1@4=1;3@2=1;3@4=1;4@7=1;5@0=1;5@1=1;7@7=1,"7,8,2,4,0,1",10,10,10,0,1.0,0.4058111199941722,0.8571428571428571,0.04866826285131509,0.0,0.0,0.5,0.167374849319458,Feasible
351,350,7,2,5,"ADD:3,6;ADD:5,2;REMOVE:0,8;REMOVE:1,4;REMOVE:3,4;REMOVE:4,7;REMOVE:5,7",0:8;1:4;2:-;3:4;4:7;5:7;6:-;7:7;8:-;9:-,0:-;1:-;2:-;3:6;4:-;5:2;6:-;7:7;8:-;9:-,3@4=1;3@6=1;5@2=1;7@2=1;7@1=2;7@7=1,"4,6,2,1,7",7,6,6,0,1.0,0.6767491134817545,0.8333333333333334,0.043415780148421214,0.0,0.0,0.2,0.15048909187316895,Feasible
352,351,4,1,3,"ADD:7,5;REMOVE:3,6;REMOVE:5,2;REMOVE:7,7",0:-;1:-;2:-;3:6;4:-;5:2;6:-;7:7;8:-;9:-,0:-;1:-;2:-;3:-;4:-;5:-;6:-;7:5;8:-;9:-,7@5=1,5,1,1,1,0,1.0,1.0171223324025311,1.0,0.11712233240253118,0.0,0.0,0.1,0.12239193916320801,Feasible
353,352,3,2,1,"ADD:6,1;ADD:7,4;REMOVE:7,5",0:-;1:-;2:-;3:-;4:-;5:-;6:-;7:5;8:-;9:-,0:-;1:-;2:-;3:-;4:-;5:-;6:1;7:4;8:-;9:-,6@1=1;7@4=1,"1,4",2,2,2,0,1.0,0.8935387479635346,1.0,0.0935387479635346,0.0,0.0,0.2,0.12797307968139648,Feasible
354,353,8,6,2,"ADD:0,4;ADD:1,7;ADD:2,2;ADD:4,3;ADD:5,7;ADD:7,9;REMOVE:6,1;REMOVE:7,4",0:-;1:-;2:-;3:-;4:-;5:-;6:1;7:4;8:-;9:-,0:4;1:7;2:2;3:-;4:3;5:7;6:-;7:9;8:-;9:-,0@4=1;1@4=1;1@1=1;1@6=1;1@7=1;2@2=1;4@3=1;5@1=1;5@6=1;5@2=1;5@0=1;7@9=1,"4,1,6,7,2,3,0,9",12,12,12,0,1.0,0.4380959827459897,1.0,0.038095982745989763,0.0,0.0,0.6,0.1762232780456543,Feasible
355,354,8,2,6,"ADD:4,9;ADD:7,4;REMOVE:0,4;REMOVE:1,7;REMOVE:2,2;REMOVE:4,3;REMOVE:5,7;REMOVE:7,9",0:4;1:7;2:2;3:-;4:3;5:7;6:-;7:9;8:-;9:-,0:-;1:-;2:-;3:-;4:9;5:-;6:-;7:4;8:-;9:-,4@2=1;4@9=1;7@2=1;7@4=1,"2,9,4",4,4,4,0,1.0,0.8436816116897277,1.0,0.04368161168972756,0.0,0.0,0.2,0.139862060546875,Feasible
356,355,4,3,1,"ADD:1,9;ADD:3,0;ADD:7,2;REMOVE:7,4",0:-;1:-;2:-;3:-;4:9;5:-;6:-;7:4;8:-;9:-,0:-;1:9;2:-;3:0;4:9;5:-;6:-;7:2;8:-;9:-,1@2=1;1@6=2;1@9=1;3@0=1;4@6=1;4@9=1;7@9=1;7@3=1;7@4=2;7@5=1,"2,6,9,0,3,4,5",12,10,10,0,1.0,0.22500439517421844,0.5,0.02500439517421846,0.0,0.0,0.30000000000000004,0.16643524169921875,Feasible
357,356,7,3,4,"ADD:1,8;ADD:4,8;ADD:7,8;REMOVE:1,9;REMOVE:3,0;REMOVE:4,9;REMOVE:7,2",0:-;1:9;2:-;3:0;4:9;5:-;6:-;7:2;8:-;9:-,0:-;1:8;2:-;3:-;4:8;5:-;6:-;7:8;8:-;9:-,1@4=1;1@8=1;4@4=1;4@8=1;7@8=1,"4,8",5,5,5,0,1.0,0.7599406972464018,1.0,0.05994069724640173,0.0,0.0,0.30000000000000004,0.13469195365905762,Feasible
358,357,7,5,2,"ADD:1,5;ADD:5,4;ADD:6,3;ADD:7,7;ADD:8,4;REMOVE:1,8;REMOVE:7,8",0:-;1:8;2:-;3:-;4:8;5:-;6:-;7:8;8:-;9:-,0:-;1:5;2:-;3:-;4:8;5:4;6:3;7:7;8:4;9:-,1@2=4;1@5=1;4@2=1;4@1=1;4@8=1;5@2=1;5@4=1;6@3=1;7@4=1;7@0=1;7@6=1;8@4=1,"2,5,1,8,4,3,0,6",15,12,12,0,1.0,0.20335184545370122,0.6666666666666666,0.03668517878703462,0.0,0.0,0.5,0.17286920547485352,Feasible
359,358,8,2,6,"ADD:1,1;ADD:2,2;REMOVE:1,5;REMOVE:4,8;REMOVE:5,4;REMOVE:6,3;REMOVE:7,7;REMOVE:8,4",0:-;1:5;2:-;3:-;4:8;5:4;6:3;7:7;8:4;9:-,0:-;1:1;2:2;3:-;4:-;5:-;6:-;7:-;8:-;9:-,1@1=1;1@3=1;1@8=1;2@2=1,"1,3,8,2",4,4,4,0,1.0,0.849515343849178,1.0,0.049515343849178106,0.0,0.0,0.2,0.14058327674865723,Feasible
360,359,6,4,2,"ADD:1,5;ADD:4,9;ADD:5,3;ADD:7,1;REMOVE:1,1;REMOVE:2,2",0:-;1:1;2:2;3:-;4:-;5:-;6:-;7:-;8:-;9:-,0:-;1:5;2:-;3:-;4:9;5:3;6:-;7:1;8:-;9:-,1@5=1;4@1=1;4@9=1;5@3=1;7@1=1,"5,1,9,3",5,5,5,0,1.0,0.6790241822150939,1.0,0.07902418221509393,0.0,0.0,0.4,0.1490943431854248,Feasible
361,360,5,2,3,"ADD:1,2;ADD:7,9;REMOVE:1,5;REMOVE:5,3;REMOVE:7,1",0:-;1:5;2:-;3:-;4:9;5:3;6:-;7:1;8:-;9:-,0:-;1:2;2:-;3:-;4:9;5:-;6:-;7:9;8:-;9:-,1@2=1;4@2=1;4@1=1;7@1=1;7@9=1,"2,1,9",5,5,5,0,1.0,0.5910098979631782,0.75,0.0410098979631781,0.0,0.0,0.2,0.1423177719116211,Feasible
362,361,5,3,2,"ADD:1,9;ADD:4,7;ADD:5,8;REMOVE:1,2;REMOVE:4,9",0:-;1:2;2:-;3:-;4:9;5:-;6:-;7:9;8:-;9:-,0:-;1:9;2:-;3:-;4:7;5:8;6:-;7:9;8:-;9:-,1@9=1;4@9=1;4@4=1;4@7=1;5@7=1;5@8=1;7@9=1,"9,4,7,8",7,7,7,0,1.0,0.4212391072780338,0.6666666666666666,0.05457244061136725,0.0,0.0,0.30000000000000004,0.14850687980651855,Feasible
363,362,9,5,4,"ADD:0,2;ADD:1,6;ADD:4,4;ADD:5,3;ADD:7,7;REMOVE:1,9;REMOVE:4,7;REMOVE:5,8;REMOVE:7,9",0:-;1:9;2:-;3:-;4:7;5:8;6:-;7:9;8:-;9:-,0:2;1:6;2:-;3:-;4:4;5:3;6:-;7:7;8:-;9:-,0@2=1;1@1=1;1@6=1;4@4=1;5@3=1;7@6=1;7@4=1;7@3=1,"2,1,6,4,3",8,8,8,0,1.0,0.5498079610186422,1.0,0.049807961018642065,0.0,0.0,0.5,0.15258383750915527,Feasible
364,363,8,3,5,"ADD:0,3;ADD:1,2;ADD:7,1;REMOVE:0,2;REMOVE:1,6;REMOVE:4,4;REMOVE:5,3;REMOVE:7,7",0:2;1:6;2:-;3:-;4:4;5:3;6:-;7:7;8:-;9:-,0:3;1:2;2:-;3:-;4:-;5:-;6:-;7:1;8:-;9:-,0@3=1;1@2=1;7@1=1,"3,2,1",3,3,3,0,1.0,0.7868411232938484,1.0,0.0868411232938484,0.0,0.0,0.30000000000000004,0.1371147632598877,Feasible
365,364,6,3,3,"ADD:1,4;ADD:4,2;ADD:7,2;REMOVE:0,3;REMOVE:1,2;REMOVE:7,1",0:3;1:2;2:-;3:-;4:-;5:-;6:-;7:1;8:-;9:-,0:-;1:4;2:-;3:-;4:2;5:-;6:-;7:2;8:-;9:-,1@4=1;4@2=1;7@2=1,"4,2",3,3,3,0,1.0,0.8018568908658501,1.0,0.10185689086585015,0.0,0.0,0.30000000000000004,0.13231205940246582,Feasible
366,365,5,2,3,"ADD:1,9;ADD:7,1;REMOVE:1,4;REMOVE:4,2;REMOVE:7,2",0:-;1:4;2:-;3:-;4:2;5:-;6:-;7:2;8:-;9:-,0:-;1:9;2:-;3:-;4:-;5:-;6:-;7:1;8:-;9:-,1@9=1;7@1=1,"9,1",2,2,2,0,1.0,0.9078045036444446,1.0,0.10780450364444465,0.0,0.0,0.2,0.1305689811706543,Feasible
367,366,6,4,2,"ADD:1,6;ADD:5,4;ADD:6,0;ADD:7,8;REMOVE:1,9;REMOVE:7,1",0:-;1:9;2:-;3:-;4:-;5:-;6:-;7:1;8:-;9:-,0:-;1:6;2:-;3:-;4:-;5:4;6:0;7:8;8:-;9:-,1@6=1;5@4=1;6@0=1;7@6=1;7@1=1;7@5=4,"6,4,0,1,5",9,6,6,0,1.0,0.633331045481459,1.0,0.03333104548145901,0.0,0.0,0.4,0.1587209701538086,Feasible
368,367,7,3,4,"ADD:1,9;ADD:4,2;ADD:7,2;REMOVE:1,6;REMOVE:5,4;REMOVE:6,0;REMOVE:7,8",0:-;1:6;2:-;3:-;4:-;5:4;6:0;7:8;8:-;9:-,0:-;1:9;2:-;3:-;4:2;5:-;6:-;7:2;8:-;9:-,1@2=1;1@9=1;4@2=1;7@2=1;7@0=1;7@4=1,"2,9,0,4",6,6,6,0,1.0,0.7577892234312453,1.0,0.05778922343124531,0.0,0.0,0.30000000000000004,0.14895200729370117,Feasible
369,368,1,0,1,"REMOVE:4,2",0:-;1:9;2:-;3:-;4:2;5:-;6:-;7:2;8:-;9:-,0:-;1:9;2:-;3:-;4:-;5:-;6:-;7:2;8:-;9:-,1@9=2;7@0=1;7@2=1;7@3=1;7@4=1,"9,0,2,3,4",6,5,5,0,1.0,0.3889412619525929,0.3333333333333333,0.05560792861925956,0.0,0.0,0.0,0.1531059741973877,Feasible
370,369,3,1,2,"ADD:1,8;REMOVE:1,9;REMOVE:7,2",0:-;1:9;2:-;3:-;4:-;5:-;6:-;7:2;8:-;9:-,0:-;1:8;2:-;3:-;4:-;5:-;6:-;7:-;8:-;9:-,1@5=1;1@6=1;1@7=1;1@8=1,"5,6,7,8",4,4,4,0,1.0,0.9213585493245274,1.0,0.02135854932452743,0.0,0.0,0.1,0.14544200897216797,Feasible
371,370,5,4,1,"ADD:2,3;ADD:3,6;ADD:4,7;ADD:8,2;REMOVE:1,8",0:-;1:8;2:-;3:-;4:-;5:-;6:-;7:-;8:-;9:-,0:-;1:-;2:3;3:6;4:7;5:-;6:-;7:-;8:2;9:-,2@2=1;2@3=1;3@6=1;4@7=1;8@2=1,"2,3,6,7",5,5,5,0,1.0,0.670791650409914,1.0,0.07079165040991396,0.0,0.0,0.4,0.1436929702758789,Feasible
372,371,7,3,4,"ADD:2,1;ADD:4,1;ADD:7,7;REMOVE:2,3;REMOVE:3,6;REMOVE:4,7;REMOVE:8,2",0:-;1:-;2:3;3:6;4:7;5:-;6:-;7:-;8:2;9:-,0:-;1:-;2:1;3:-;4:1;5:-;6:-;7:7;8:-;9:-,2@1=1;4@1=1;7@3=1;7@8=1,"1,3,8",4,4,4,0,1.0,0.7499049139162257,1.0,0.04990491391622573,0.0,0.0,0.30000000000000004,0.14320588111877441,Feasible
373,372,8,5,3,"ADD:2,4;ADD:3,8;ADD:4,7;ADD:5,3;ADD:7,2;REMOVE:2,1;REMOVE:4,1;REMOVE:7,7",0:-;1:-;2:1;3:-;4:1;5:-;6:-;7:7;8:-;9:-,0:-;1:-;2:4;3:8;4:7;5:3;6:-;7:2;8:-;9:-,2@4=1;3@2=1;3@8=1;4@4=1;4@0=1;4@1=1;5@3=1;7@2=1,"4,2,8,0,1,3",8,8,8,0,1.0,0.5499988879297499,1.0,0.04999888792975001,0.0,0.0,0.5,0.16012310981750488,Feasible
374,373,10,5,5,"ADD:1,2;ADD:2,8;ADD:5,9;ADD:6,1;ADD:7,3;REMOVE:2,4;REMOVE:3,8;REMOVE:4,7;REMOVE:5,3;REMOVE:7,2",0:-;1:-;2:4;3:8;4:7;5:3;6:-;7:2;8:-;9:-,0:-;1:2;2:8;3:-;4:-;5:9;6:1;7:3;8:-;9:-,1@2=1;2@5=1;2@7=1;5@1=1;5@9=1;6@1=1;7@1=1;7@3=1,"2,5,7,1,9,3",8,8,8,0,1.0,0.5484941928967306,1.0,0.04849419289673066,0.0,0.0,0.5,0.15531611442565918,Feasible
375,374,8,3,5,"ADD:3,3;ADD:4,6;ADD:7,4;REMOVE:1,2;REMOVE:2,8;REMOVE:5,9;REMOVE:6,1;REMOVE:7,3",0:-;1:2;2:8;3:-;4:-;5:9;6:1;7:3;8:-;9:-,0:-;1:-;2:-;3:3;4:6;5:-;6:-;7:4;8:-;9:-,3@3=1;4@6=1;7@4=1,"3,6,4",3,3,3,0,1.0,0.7889363367282984,1.0,0.08893633672829851,0.0,0.0,0.30000000000000004,0.1331930160522461,Feasible
376,375,7,4,3,"ADD:1,7;ADD:4,8;ADD:5,3;ADD:7,8;REMOVE:3,3;REMOVE:4,6;REMOVE:7,4",0:-;1:-;2:-;3:3;4:6;5:-;6:-;7:4;8:-;9:-,0:-;1:7;2:-;3:-;4:8;5:3;6:-;7:8;8:-;9:-,1@0=1;1@8=1;1@9=1;4@8=1;4@2=3;5@3=1;7@8=1;7@2=3;7@1=1;7@5=1,"0,8,9,2,3,1,5",14,10,10,0,1.0,0.6233344463142171,1.0,0.023334446314216998,0.0,0.0,0.4,0.16641473770141602,Feasible
377,376,7,3,4,"ADD:1,1;ADD:4,7;ADD:7,2;REMOVE:1,7;REMOVE:4,8;REMOVE:5,3;REMOVE:7,8",0:-;1:7;2:-;3:-;4:8;5:3;6:-;7:8;8:-;9:-,0:-;1:1;2:-;3:-;4:7;5:-;6:-;7:2;8:-;9:-,1@1=1;4@0=1;4@4=1;7@2=1,"1,0,4,2",4,4,4,0,1.0,0.7535144160619152,1.0,0.053514416061915246,0.0,0.0,0.30000000000000004,0.1402270793914795,Feasible
378,377,9,6,3,"ADD:0,9;ADD:1,4;ADD:4,9;ADD:5,1;ADD:6,7;ADD:7,7;REMOVE:1,1;REMOVE:4,7;REMOVE:7,2",0:-;1:1;2:-;3:-;4:7;5:-;6:-;7:2;8:-;9:-,0:9;1:4;2:-;3:-;4:9;5:1;6:7;7:7;8:-;9:-,0@9=1;1@4=1;4@9=1;5@1=1;6@7=1;7@0=1;7@6=1;7@8=1,"9,4,1,7,0,6,8",8,8,8,0,1.0,0.4621968352245026,1.0,0.06219683522450261,0.0,0.0,0.6,0.1590418815612793,Feasible
379,378,11,5,6,"ADD:1,8;ADD:4,8;ADD:5,7;ADD:6,0;ADD:7,0;REMOVE:0,9;REMOVE:1,4;REMOVE:4,9;REMOVE:5,1;REMOVE:6,7;REMOVE:7,7",0:9;1:4;2:-;3:-;4:9;5:1;6:7;7:7;8:-;9:-,0:-;1:8;2:-;3:-;4:8;5:7;6:0;7:0;8:-;9:-,1@7=1;1@8=1;4@8=1;5@8=1;5@0=1;6@0=1;7@0=1,"7,8,0",7,7,7,0,1.0,0.559792180121256,1.0,0.059792180121256006,0.0,0.0,0.5,0.1407759189605713,Feasible
380,379,8,3,5,"ADD:1,7;ADD:4,3;ADD:7,8;REMOVE:1,8;REMOVE:4,8;REMOVE:5,7;REMOVE:6,0;REMOVE:7,0",0:-;1:8;2:-;3:-;4:8;5:7;6:0;7:0;8:-;9:-,0:-;1:7;2:-;3:-;4:3;5:-;6:-;7:8;8:-;9:-,1@2=2;1@7=1;4@2=1;4@1=1;4@3=2;7@2=2;7@4=1;7@5=1;7@8=1,"2,7,1,3,4,5,8",12,9,9,0,1.0,0.7361627919608207,1.0,0.03616279196082072,0.0,0.0,0.30000000000000004,0.16525006294250488,Feasible
381,380,6,3,3,"ADD:4,6;ADD:4,7;ADD:7,9;REMOVE:1,7;REMOVE:4,3;REMOVE:7,8",0:-;1:7;2:-;3:-;4:3;5:-;6:-;7:8;8:-;9:-,0:-;1:-;2:-;3:-;4:6|7;5:-;6:-;7:9;8:-;9:-,4@3=1;4@6=1;4@8=1;7@9=1,"3,6,8,9",4,4,4,0,1.0,0.757154567480723,1.0,0.05715456748072294,0.0,0.0,0.30000000000000004,0.1396629810333252,Feasible
382,381,7,4,3,"ADD:1,6;ADD:4,2;ADD:5,8;ADD:7,7;REMOVE:4,6;REMOVE:4,7;REMOVE:7,9",0:-;1:-;2:-;3:-;4:6|7;5:-;6:-;7:9;8:-;9:-,0:-;1:6;2:-;3:-;4:2;5:8;6:-;7:7;8:-;9:-,1@6=1;4@2=1;4@4=3;4@5=1;5@8=2;7@2=1;7@4=1;7@7=1,"6,2,4,5,8,7",11,8,8,0,1.0,0.6461922568191035,1.0,0.04619225681910356,0.0,0.0,0.4,0.1565558910369873,Feasible
383,382,9,5,4,"ADD:1,7;ADD:2,9;ADD:4,8;ADD:5,3;ADD:7,2;REMOVE:1,6;REMOVE:4,2;REMOVE:5,8;REMOVE:7,7",0:-;1:6;2:-;3:-;4:2;5:8;6:-;7:7;8:-;9:-,0:-;1:7;2:9;3:-;4:8;5:3;6:-;7:2;8:-;9:-,1@1=2;1@2=1;1@3=1;1@4=1;1@8=1;2@9=1;4@5=1;4@6=1;5@1=1;5@3=1;7@2=1;7@4=2;7@5=1;7@7=1,"1,2,3,4,8,9,5,6,7",16,14,14,0,1.0,0.5208329278977444,1.0,0.020832927897744297,0.0,0.0,0.5,0.1850728988647461,Feasible
384,383,9,4,5,"ADD:1,1;ADD:4,2;ADD:6,2;ADD:7,1;REMOVE:1,7;REMOVE:2,9;REMOVE:4,8;REMOVE:5,3;REMOVE:7,2",0:-;1:7;2:9;3:-;4:8;5:3;6:-;7:2;8:-;9:-,0:-;1:1;2:-;3:-;4:2;5:-;6:2;7:1;8:-;9:-,1@1=1;4@2=1;6@2=1;7@1=1,"1,2",4,4,4,0,1.0,0.6926511469848798,1.0,0.09265114698487983,0.0,0.0,0.4,0.1296229362487793,Feasible
385,384,7,3,4,"ADD:1,8;ADD:4,8;ADD:7,5;REMOVE:1,1;REMOVE:4,2;REMOVE:6,2;REMOVE:7,1",0:-;1:1;2:-;3:-;4:2;5:-;6:2;7:1;8:-;9:-,0:-;1:8;2:-;3:-;4:8;5:-;6:-;7:5;8:-;9:-,1@5=1;1@7=1;4@5=1;4@1=1;4@2=1;4@6=1;7@5=1,"5,7,1,2,6",7,7,7,0,1.0,0.7124070246531642,1.0,0.012407024653164199,0.0,0.0,0.30000000000000004,0.15114784240722656,Feasible
386,385,7,4,3,"ADD:4,0;ADD:5,8;ADD:6,2;ADD:7,2;REMOVE:1,8;REMOVE:4,8;REMOVE:7,5",0:-;1:8;2:-;3:-;4:8;5:-;6:-;7:5;8:-;9:-,0:-;1:-;2:-;3:-;4:0;5:8;6:2;7:2;8:-;9:-,4@0=1;5@1=1;5@4=1;6@2=1;7@2=1,"0,1,4,2",5,5,5,0,1.0,0.6633409834632836,1.0,0.06334098346328369,0.0,0.0,0.4,0.14046382904052734,Feasible
387,386,10,6,4,"ADD:1,7;ADD:2,2;ADD:4,7;ADD:5,6;ADD:6,5;ADD:7,7;REMOVE:4,0;REMOVE:5,8;REMOVE:6,2;REMOVE:7,2",0:-;1:-;2:-;3:-;4:0;5:8;6:2;7:2;8:-;9:-,0:-;1:7;2:2;3:-;4:7;5:6;6:5;7:7;8:-;9:-,1@1=1;1@4=1;1@9=1;2@4=1;2@0=1;2@2=1;2@3=1;4@4=1;4@9=2;5@6=1;6@5=1;7@4=1;7@2=1;7@7=1,"1,4,9,0,2,3,6,5,7",15,14,14,0,1.0,0.4264756319219186,1.0,0.026475631921918683,0.0,0.0,0.6,0.18027710914611816,Feasible
388,387,9,4,5,"ADD:2,8;ADD:3,2;ADD:5,2;ADD:7,2;REMOVE:1,7;REMOVE:2,2;REMOVE:5,6;REMOVE:6,5;REMOVE:7,7",0:-;1:7;2:2;3:-;4:7;5:6;6:5;7:7;8:-;9:-,0:-;1:-;2:8;3:2;4:7;5:2;6:-;7:2;8:-;9:-,2@2=1;2@4=1;2@6=1;2@8=1;3@2=1;4@7=1;5@2=1;7@2=1;7@4=1;7@9=1,"2,4,6,8,7,9",10,10,10,0,1.0,0.4811051697866613,0.8333333333333334,0.0477718364533279,0.0,0.0,0.4,0.15895819664001465,Feasible
389,388,7,2,5,"ADD:4,8;ADD:5,4;REMOVE:2,8;REMOVE:3,2;REMOVE:4,7;REMOVE:5,2;REMOVE:7,2",0:-;1:-;2:8;3:2;4:7;5:2;6:-;7:2;8:-;9:-,0:-;1:-;2:-;3:-;4:8;5:4;6:-;7:-;8:-;9:-,4@1=2;4@2=1;4@4=2;4@6=1;5@4=1,"1,2,4,6",7,5,5,0,1.0,0.815184529926835,1.0,0.015184529926834979,0.0,0.0,0.2,0.14234113693237305,Feasible
390,389,3,2,1,"ADD:4,7;ADD:6,7;REMOVE:4,8",0:-;1:-;2:-;3:-;4:8;5:4;6:-;7:-;8:-;9:-,0:-;1:-;2:-;3:-;4:7;5:4;6:7;7:-;8:-;9:-,4@0=1;4@4=1;4@8=1;5@4=1;6@4=1;6@3=1;6@9=1,"0,4,8,3,9",7,7,7,0,1.0,0.31187731695254145,0.5,0.011877316952541512,0.0,0.0,0.2,0.15041899681091309,Feasible
391,390,3,2,1,"ADD:5,2;ADD:7,2;REMOVE:5,4",0:-;1:-;2:-;3:-;4:7;5:4;6:7;7:-;8:-;9:-,0:-;1:-;2:-;3:-;4:7;5:2;6:7;7:2;8:-;9:-,4@4=3;4@6=1;4@7=1;4@9=1;5@2=2;6@7=1;6@2=1;6@3=1;7@4=1;7@7=1;7@2=1;7@5=1,"4,6,7,9,2,3,5",15,12,12,0,1.0,0.1686192772458746,0.3333333333333333,0.03528594391254129,0.0,0.0,0.2,0.17028594017028809,Feasible
392,391,5,1,4,"ADD:5,7;REMOVE:4,7;REMOVE:5,2;REMOVE:6,7;REMOVE:7,2",0:-;1:-;2:-;3:-;4:7;5:2;6:7;7:2;8:-;9:-,0:-;1:-;2:-;3:-;4:-;5:7;6:-;7:-;8:-;9:-,5@1=1;5@4=1;5@7=1,"1,4,7",3,3,3,0,1.0,0.9281632067802837,1.0,0.02816320678028371,0.0,0.0,0.1,0.1362309455871582,Feasible
393,392,4,3,1,"ADD:4,7;ADD:5,2;ADD:7,5;REMOVE:5,7",0:-;1:-;2:-;3:-;4:-;5:7;6:-;7:-;8:-;9:-,0:-;1:-;2:-;3:-;4:7;5:2;6:-;7:5;8:-;9:-,4@1=1;4@7=1;5@2=1;7@5=1,"1,7,2,5",4,4,4,0,1.0,0.7758022999870287,1.0,0.0758022999870287,0.0,0.0,0.30000000000000004,0.1393740177154541,Feasible
394,393,7,5,2,"ADD:0,2;ADD:4,8;ADD:6,0;ADD:7,7;ADD:7,8;REMOVE:5,2;REMOVE:7,5",0:-;1:-;2:-;3:-;4:7;5:2;6:-;7:5;8:-;9:-,0:2;1:-;2:-;3:-;4:7|8;5:-;6:0;7:7|8;8:-;9:-,0@2=1;4@2=2;4@1=1;4@5=1;4@7=1;4@8=1;4@9=1;6@0=1;7@1=1;7@5=1;7@0=1;7@4=2;7@6=1,"2,1,5,7,8,9,0,4,6",15,13,13,0,1.0,0.19472296437873815,0.6666666666666666,0.02805629771207154,0.0,0.0,0.5,0.1783139705657959,Feasible
395,394,8,3,5,"ADD:4,6;ADD:5,5;ADD:6,4;REMOVE:0,2;REMOVE:4,7;REMOVE:4,8;REMOVE:6,0;REMOVE:7,8",0:2;1:-;2:-;3:-;4:7|8;5:-;6:0;7:7|8;8:-;9:-,0:-;1:-;2:-;3:-;4:6;5:5;6:4;7:7;8:-;9:-,4@1=1;4@6=1;5@5=1;6@4=1;7@6=1;7@4=1;7@0=3;7@7=1,"1,6,5,4,0,7",10,8,8,0,1.0,0.5734435112968694,0.8333333333333334,0.040110177963536164,0.0,0.0,0.30000000000000004,0.1552419662475586,Feasible
396,395,7,4,3,"ADD:4,7;ADD:5,2;ADD:6,3;ADD:8,7;REMOVE:4,6;REMOVE:5,5;REMOVE:6,4",0:-;1:-;2:-;3:-;4:6;5:5;6:4;7:7;8:-;9:-,0:-;1:-;2:-;3:-;4:7;5:2;6:3;7:7;8:7;9:-,4@2=1;4@4=2;4@7=1;5@2=1;6@2=1;6@1=2;6@3=1;7@2=1;7@4=1;7@1=1;7@9=1;8@7=1,"2,4,7,1,3,9",14,12,12,0,1.0,0.3775238080617278,0.75,0.027523808061727866,0.0,0.0,0.4,0.1611950397491455,Feasible
397,396,7,3,4,"ADD:3,2;ADD:6,7;ADD:7,4;REMOVE:5,2;REMOVE:6,3;REMOVE:7,7;REMOVE:8,7",0:-;1:-;2:-;3:-;4:7;5:2;6:3;7:7;8:7;9:-,0:-;1:-;2:-;3:2;4:7;5:-;6:7;7:4;8:-;9:-,3@2=1;4@6=1;4@7=1;6@0=1;6@4=1;6@9=1;7@4=2,"2,6,7,0,4,9",8,7,7,0,1.0,0.5519894354643722,0.8,0.05198943546437216,0.0,0.0,0.30000000000000004,0.15296006202697754,Feasible
398,397,7,4,3,"ADD:2,6;ADD:4,8;ADD:5,7;ADD:7,8;REMOVE:3,2;REMOVE:4,7;REMOVE:7,4",0:-;1:-;2:-;3:2;4:7;5:-;6:7;7:4;8:-;9:-,0:-;1:-;2:6;3:-;4:8;5:7;6:7;7:8;8:-;9:-,2@6=1;4@6=1;4@5=1;5@7=1;6@3=1;6@4=1;7@4=1;7@1=1,"6,5,7,3,4,1",8,8,8,0,1.0,0.37603352327921036,0.75,0.026033523279210345,0.0,0.0,0.4,0.15481114387512207,Feasible
399,398,8,3,5,"ADD:4,2;ADD:6,8;ADD:7,9;REMOVE:2,6;REMOVE:4,8;REMOVE:5,7;REMOVE:6,7;REMOVE:7,8",0:-;1:-;2:6;3:-;4:8;5:7;6:7;7:8;8:-;9:-,0:-;1:-;2:-;3:-;4:2;5:-;6:8;7:9;8:-;9:-,4@0=1;4@2=1;6@1=1;6@5=1;7@2=1;7@1=1,"0,2,1,5",6,6,6,0,1.0,0.7137407325829044,1.0,0.013740732582904532,0.0,0.0,0.30000000000000004,0.14472532272338867,Feasible
400,399,4,2,2,"ADD:4,7;ADD:5,6;REMOVE:6,8;REMOVE:7,9",0:-;1:-;2:-;3:-;4:2;5:-;6:8;7:9;8:-;9:-,0:-;1:-;2:-;3:-;4:2|7;5:6;6:-;7:-;8:-;9:-,4@0=1;4@1=2;4@2=1;4@5=1;4@7=1;5@6=2,"0,1,2,5,7,6",8,6,6,0,1.0,0.5154740044619017,0.6666666666666666,0.048807337795235106,0.0,0.0,0.2,0.15551066398620605,Feasible
401,400,7,4,3,"ADD:4,3;ADD:5,8;ADD:6,4;ADD:7,9;REMOVE:4,2;REMOVE:4,7;REMOVE:5,6",0:-;1:-;2:-;3:-;4:2|7;5:6;6:-;7:-;8:-;9:-,0:-;1:-;2:-;3:-;4:3;5:8;6:4;7:9;8:-;9:-,4@3=1;5@4=1;5@5=1;6@4=1;7@1=2;7@2=2,"3,4,5,1,2",8,6,6,0,1.0,0.6286844070051577,1.0,0.02868440700515763,0.0,0.0,0.4,0.15136289596557617,Feasible
402,401,7,4,3,"ADD:5,7;ADD:6,6;ADD:7,7;ADD:8,9;REMOVE:5,8;REMOVE:6,4;REMOVE:7,9",0:-;1:-;2:-;3:-;4:3;5:8;6:4;7:9;8:-;9:-,0:-;1:-;2:-;3:-;4:3;5:7;6:6;7:7;8:9;9:-,4@2=1;4@3=2;4@5=1;4@9=1;5@3=1;5@4=1;6@4=1;6@6=1;7@3=1;7@4=1;7@0=1;7@8=1;8@2=1;8@1=1,"2,3,5,9,4,6,0,8,1",15,14,14,0,1.0,0.3676612717235671,0.75,0.017661271723567164,0.0,0.0,0.4,0.18412113189697266,Feasible
403,402,10,5,5,"ADD:4,2;ADD:4,9;ADD:5,2;ADD:6,8;ADD:7,2;REMOVE:4,3;REMOVE:5,7;REMOVE:6,6;REMOVE:7,7;REMOVE:8,9",0:-;1:-;2:-;3:-;4:3;5:7;6:6;7:7;8:9;9:-,0:-;1:-;2:-;3:-;4:2|9;5:2;6:8;7:2;8:-;9:-,4@1=1;4@2=2;4@4=1;4@5=2;4@9=2;5@2=2;6@1=1;6@4=1;7@2=1;7@4=1;7@9=1;7@0=2;7@8=1,"1,2,4,5,9,0,8",18,13,13,0,1.0,0.5387982615877716,1.0,0.03879826158777165,0.0,0.0,0.5,0.17989134788513184,Feasible
404,403,8,4,4,"ADD:2,2;ADD:3,4;ADD:4,4;ADD:7,7;REMOVE:4,2;REMOVE:4,9;REMOVE:5,2;REMOVE:7,2",0:-;1:-;2:-;3:-;4:2|9;5:2;6:8;7:2;8:-;9:-,0:-;1:-;2:2;3:4;4:4;5:-;6:8;7:7;8:-;9:-,2@2=1;3@4=1;4@2=2;4@4=1;6@8=1;7@4=1;7@8=1;7@0=1,"2,4,8,0",9,8,8,0,1.0,0.4425251560605665,0.8,0.04252515606056654,0.0,0.0,0.4,0.14704608917236328,Feasible
405,404,7,3,4,"ADD:6,2;ADD:7,8;ADD:8,0;REMOVE:2,2;REMOVE:3,4;REMOVE:6,8;REMOVE:7,7",0:-;1:-;2:2;3:4;4:4;5:-;6:8;7:7;8:-;9:-,0:-;1:-;2:-;3:-;4:4;5:-;6:2;7:8;8:0;9:-,4@4=1;6@2=1;7@4=1;7@2=1;7@1=1;7@8=1;8@0=1,"4,2,1,8,0",7,7,7,0,1.0,0.5554601228544762,0.8,0.05546012285447621,0.0,0.0,0.30000000000000004,0.15004301071166992,Feasible
406,405,9,5,4,"ADD:1,5;ADD:4,7;ADD:5,7;ADD:7,9;ADD:8,1;REMOVE:4,4;REMOVE:6,2;REMOVE:7,8;REMOVE:8,0",0:-;1:-;2:-;3:-;4:4;5:-;6:2;7:8;8:0;9:-,0:-;1:5;2:-;3:-;4:7;5:7;6:-;7:9;8:1;9:-,1@5=1;4@7=1;5@7=1;7@9=1;8@1=1,"5,7,9,1",5,5,5,0,1.0,0.5960948642592383,1.0,0.09609486425923819,0.0,0.0,0.5,0.1398451328277588,Feasible
407,406,11,6,5,"ADD:1,1;ADD:4,5;ADD:5,6;ADD:6,7;ADD:7,7;ADD:8,2;REMOVE:1,5;REMOVE:4,7;REMOVE:5,7;REMOVE:7,9;REMOVE:8,1",0:-;1:5;2:-;3:-;4:7;5:7;6:-;7:9;8:1;9:-,0:-;1:1;2:-;3:-;4:5;5:6;6:7;7:7;8:2;9:-,1@1=1;4@0=1;4@5=1;5@6=1;6@1=1;6@0=1;7@1=1;7@0=2;7@9=1;8@0=1;8@5=1;8@4=1;8@7=1,"1,0,5,6,9,4,7",14,13,13,0,1.0,0.41935634615411377,1.0,0.019356346154113715,0.0,0.0,0.6,0.1701369285583496,Feasible
408,407,12,7,5,"ADD:1,2;ADD:1,7;ADD:4,7;ADD:5,8;ADD:6,2;ADD:7,3;ADD:8,8;REMOVE:1,1;REMOVE:4,5;REMOVE:5,6;REMOVE:6,7;REMOVE:7,7",0:-;1:1;2:-;3:-;4:5;5:6;6:7;7:7;8:2;9:-,0:-;1:2|7;2:-;3:-;4:7;5:8;6:2;7:3;8:2|8;9:-,1@0=2;1@1=1;1@2=2;1@4=1;1@5=1;1@6=1;1@7=2;1@9=1;4@0=1;4@1=2;4@3=1;4@8=1;5@1=3;5@2=1;5@6=1;5@8=1;6@2=1;7@1=1;7@3=1;8@1=1;8@2=1;8@5=1;8@9=1;8@8=1,"0,1,2,4,5,6,7,9,3,8",30,24,24,0,1.0,0.16350825418101567,0.8333333333333334,0.03017492084768224,0.0,0.0,0.7,0.2094099521636963,Feasible
409,408,14,8,6,"ADD:0,8;ADD:0,9;ADD:3,4;ADD:4,2;ADD:5,4;ADD:6,7;ADD:7,2;ADD:8,6;REMOVE:1,2;REMOVE:4,7;REMOVE:5,8;REMOVE:6,2;REMOVE:7,3;REMOVE:8,8",0:-;1:2|7;2:-;3:-;4:7;5:8;6:2;7:3;8:2|8;9:-,0:8|9;1:7;2:-;3:4;4:2;5:4;6:7;7:2;8:2|6;9:-,0@1=1;0@4=1;0@5=1;0@9=1;1@4=2;1@9=1;1@2=2;1@6=1;1@7=1;1@8=1;3@4=1;3@2=1;4@4=1;4@5=1;4@9=1;4@2=2;4@0=1;5@4=1;6@9=2;6@0=3;7@5=1;7@9=1;7@2=2;7@7=1;7@8=1;7@3=2;8@4=2;8@5=1;8@2=4;8@6=1;8@8=1;8@0=1;8@3=1,"1,4,5,9,2,6,7,8,0,3",45,33,33,0,1.0,-0.019260388811559892,0.75,0.03073961118844007,0.0,0.0,0.7999999999999999,0.22776389122009277,Feasible
410,409,14,7,7,"ADD:1,2;ADD:2,1;ADD:4,8;ADD:5,7;ADD:6,6;ADD:7,7;ADD:7,8;REMOVE:0,9;REMOVE:3,4;REMOVE:4,2;REMOVE:5,4;REMOVE:6,7;REMOVE:7,2;REMOVE:8,6",0:8|9;1:7;2:-;3:4;4:2;5:4;6:7;7:2;8:2|6;9:-,0:8;1:2|7;2:1;3:-;4:8;5:7;6:6;7:7|8;8:2;9:-,0@1=1;0@2=2;0@4=1;0@5=1;0@7=1;1@1=1;1@2=1;1@5=1;1@7=1;1@0=1;1@3=1;1@6=2;1@8=2;1@9=1;2@1=1;4@4=3;4@8=2;5@2=4;5@4=1;5@7=1;5@6=1;5@9=2;6@6=1;7@1=3;7@4=3;7@5=2;7@0=1;7@8=1;7@9=1;8@2=3;8@4=2;8@3=1;8@8=3;8@9=1,"1,2,4,5,7,0,3,6,8,9",54,34,34,0,1.0,0.019582934446388922,0.7,0.019582934446388953,0.0,0.0,0.7,0.23074603080749512,Feasible
411,410,16,7,9,"ADD:1,5;ADD:1,8;ADD:3,7;ADD:4,7;ADD:5,2;ADD:7,2;ADD:8,9;REMOVE:0,8;REMOVE:1,2;REMOVE:1,7;REMOVE:2,1;REMOVE:4,8;REMOVE:5,7;REMOVE:6,6;REMOVE:7,7;REMOVE:8,2",0:8;1:2|7;2:1;3:-;4:8;5:7;6:6;7:7|8;8:2;9:-,0:-;1:5|8;2:-;3:7;4:7;5:2;6:-;7:2|8;8:9;9:-,1@0=2;1@4=1;1@5=3;1@8=1;3@7=1;4@7=1;4@1=2;4@3=1;5@0=1;5@4=3;5@5=1;5@2=1;7@4=2;7@5=1;7@8=1;7@1=2;7@3=2;7@2=1;7@9=1;8@7=2;8@1=1;8@2=1;8@9=1,"0,4,5,8,7,1,3,2,9",33,23,23,0,1.0,0.23139819502199033,0.9,0.03139819502199029,0.0,0.0,0.7,0.20457196235656738,Feasible
412,411,10,3,7,"ADD:1,6;ADD:3,4;ADD:7,4;REMOVE:1,5;REMOVE:1,8;REMOVE:3,7;REMOVE:5,2;REMOVE:7,2;REMOVE:7,8;REMOVE:8,9",0:-;1:5|8;2:-;3:7;4:7;5:2;6:-;7:2|8;8:9;9:-,0:-;1:6;2:-;3:4;4:7;5:-;6:-;7:4;8:-;9:-,1@6=1;3@4=1;4@1=2;4@2=1;4@3=1;4@8=1;7@4=1;7@2=1,"6,4,1,2,3,8",9,8,8,0,1.0,0.6064650759715607,0.875,0.03146507597156078,0.0,0.0,0.30000000000000004,0.1582047939300537,Feasible
413,412,8,4,4,"ADD:1,1;ADD:4,1;ADD:7,9;ADD:8,8;REMOVE:1,6;REMOVE:3,4;REMOVE:4,7;REMOVE:7,4",0:-;1:6;2:-;3:4;4:7;5:-;6:-;7:4;8:-;9:-,0:-;1:1;2:-;3:-;4:1;5:-;6:-;7:9;8:8;9:-,1@1=1;4@1=1;7@2=1;7@9=1;8@8=1,"1,2,9,8",5,5,5,0,1.0,0.6810401441013131,1.0,0.08104014410131316,0.0,0.0,0.4,0.14264225959777832,Feasible
414,413,9,5,4,"ADD:1,7;ADD:4,9;ADD:5,2;ADD:7,8;ADD:8,7;REMOVE:1,1;REMOVE:4,1;REMOVE:7,9;REMOVE:8,8",0:-;1:1;2:-;3:-;4:1;5:-;6:-;7:9;8:8;9:-,0:-;1:7;2:-;3:-;4:9;5:2;6:-;7:8;8:7;9:-,1@0=1;1@4=1;1@7=1;4@2=2;4@6=1;5@2=1;7@4=1;7@5=1;8@4=2;8@9=1,"0,4,7,2,6,5,9",12,10,10,0,1.0,0.516059591947287,1.0,0.01605959194728698,0.0,0.0,0.5,0.16642308235168457,Feasible
415,414,10,5,5,"ADD:4,7;ADD:5,1;ADD:6,8;ADD:7,9;ADD:8,9;REMOVE:1,7;REMOVE:4,9;REMOVE:5,2;REMOVE:7,8;REMOVE:8,7",0:-;1:7;2:-;3:-;4:9;5:2;6:-;7:8;8:7;9:-,0:-;1:-;2:-;3:-;4:7;5:1;6:8;7:9;8:9;9:-,4@0=1;4@3=1;4@6=1;4@7=1;4@9=1;5@1=1;6@8=1;7@7=2;7@9=1;7@2=2;8@6=1;8@7=1;8@9=1,"0,3,6,7,9,1,8,2",15,13,13,0,1.0,0.5344527057046939,1.0,0.03445270570469384,0.0,0.0,0.5,0.17577290534973145,Feasible
416,415,10,5,5,"ADD:4,2;ADD:5,8;ADD:6,1;ADD:7,7;ADD:8,1;REMOVE:4,7;REMOVE:5,1;REMOVE:6,8;REMOVE:7,9;REMOVE:8,9",0:-;1:-;2:-;3:-;4:7;5:1;6:8;7:9;8:9;9:-,0:-;1:-;2:-;3:-;4:2;5:8;6:1;7:7;8:1;9:-,4@2=1;5@1=1;5@4=1;6@1=1;7@4=2;7@0=1;7@8=1;7@9=1;8@1=2,"2,1,4,0,8,9",11,9,9,0,1.0,0.5374657936931029,1.0,0.03746579369310298,0.0,0.0,0.5,0.1573200225830078,Feasible
417,416,10,5,5,"ADD:1,1;ADD:4,7;ADD:5,7;ADD:7,2;ADD:8,7;REMOVE:4,2;REMOVE:5,8;REMOVE:6,1;REMOVE:7,7;REMOVE:8,1",0:-;1:-;2:-;3:-;4:2;5:8;6:1;7:7;8:1;9:-,0:-;1:1;2:-;3:-;4:7;5:7;6:-;7:2;8:7;9:-,1@1=1;4@1=1;4@2=1;4@4=2;4@8=1;4@9=1;5@0=1;5@7=1;7@2=1;8@4=2;8@9=1;8@0=1;8@7=1;8@6=1,"1,2,4,8,9,0,7,6",16,14,14,0,1.0,0.5247897002869968,1.0,0.0247897002869967,0.0,0.0,0.5,0.17559599876403809,Feasible
418,417,6,1,5,"ADD:7,0;REMOVE:1,1;REMOVE:4,7;REMOVE:5,7;REMOVE:7,2;REMOVE:8,7",0:-;1:1;2:-;3:-;4:7;5:7;6:-;7:2;8:7;9:-,0:-;1:-;2:-;3:-;4:-;5:-;6:-;7:0;8:-;9:-,7@0=1,0,1,1,1,0,1.0,1.0023683082259744,1.0,0.1023683082259745,0.0,0.0,0.1,0.11836719512939453,Feasible
419,418,9,8,1,"ADD:0,8;ADD:1,2;ADD:2,9;ADD:4,2;ADD:5,2;ADD:6,3;ADD:7,7;ADD:8,7;REMOVE:7,0",0:-;1:-;2:-;3:-;4:-;5:-;6:-;7:0;8:-;9:-,0:8;1:2;2:9;3:-;4:2;5:2;6:3;7:7;8:7;9:-,0@8=2;1@8=1;1@4=1;1@5=1;1@9=1;2@9=2;2@2=1;4@2=3;5@4=1;5@2=1;5@0=1;5@3=1;6@2=1;6@3=1;6@1=1;7@8=1;7@9=1;7@0=1;7@1=2;7@6=1;7@7=1;8@9=1;8@0=1;8@3=1;8@1=2;8@7=2,"8,4,5,9,2,0,3,1,6,7",33,26,26,0,1.0,0.23593780637491524,1.0,0.03593780637491513,0.0,0.0,0.7999999999999999,0.20778393745422363,Feasible
420,419,11,3,8,"ADD:4,8;ADD:7,2;ADD:8,2;REMOVE:0,8;REMOVE:1,2;REMOVE:2,9;REMOVE:4,2;REMOVE:5,2;REMOVE:6,3;REMOVE:7,7;REMOVE:8,7",0:8;1:2;2:9;3:-;4:2;5:2;6:3;7:7;8:7;9:-,0:-;1:-;2:-;3:-;4:8;5:-;6:-;7:2;8:2;9:-,4@4=1;4@5=2;7@4=1;7@0=1;7@2=1;7@3=1;8@4=2;8@2=1;8@9=1,"4,5,0,2,3,9",11,9,9,0,1.0,0.7170516359353065,1.0,0.017051635935306522,0.0,0.0,0.30000000000000004,0.15795207023620605,Feasible
421,420,8,6,2,"ADD:1,8;ADD:2,7;ADD:4,9;ADD:5,9;ADD:7,8;ADD:8,3;REMOVE:7,2;REMOVE:8,2",0:-;1:-;2:-;3:-;4:8;5:-;6:-;7:2;8:2;9:-,0:-;1:8;2:7;3:-;4:8|9;5:9;6:-;7:8;8:3;9:-,1@1=1;1@4=2;2@1=2;2@0=2;2@2=1;2@6=1;4@1=1;4@2=1;4@6=1;4@8=1;4@9=1;5@2=1;5@6=1;7@1=1;7@8=1;7@5=1;8@2=2;8@3=1,"1,4,0,2,6,8,9,5,3",22,18,18,0,1.0,0.08613804021877824,0.6666666666666666,0.01947137355211155,0.0,0.0,0.6,0.18752384185791016,Feasible
422,421,11,5,6,"ADD:4,4;ADD:5,8;ADD:7,5;ADD:7,9;ADD:8,6;REMOVE:1,8;REMOVE:4,8;REMOVE:4,9;REMOVE:5,9;REMOVE:7,8;REMOVE:8,3",0:-;1:8;2:7;3:-;4:8|9;5:9;6:-;7:8;8:3;9:-,0:-;1:-;2:7;3:-;4:4;5:8;6:-;7:5|9;8:6;9:-,2@0=1;2@1=1;2@7=1;4@4=1;5@1=2;5@8=2;7@5=1;7@9=1;8@4=1;8@6=1,"0,1,7,4,8,5,9,6",12,10,10,0,1.0,0.41577131809693235,0.8571428571428571,0.058628460954075236,0.0,0.0,0.5,0.1664597988128662,Feasible
423,422,11,5,6,"ADD:2,9;ADD:4,3;ADD:5,2;ADD:7,8;ADD:8,7;REMOVE:2,7;REMOVE:4,4;REMOVE:5,8;REMOVE:7,5;REMOVE:7,9;REMOVE:8,6",0:-;1:-;2:7;3:-;4:4;5:8;6:-;7:5|9;8:6;9:-,0:-;1:-;2:9;3:-;4:3;5:2;6:-;7:8;8:7;9:-,2@1=1;2@2=1;2@9=1;4@1=1;4@3=1;5@2=1;5@3=2;5@8=1;7@2=2;7@4=1;7@5=1;7@6=1;7@7=1;8@9=1;8@4=1,"1,2,9,3,8,4,5,6,7",17,15,15,0,1.0,0.5176448525104258,1.0,0.01764485251042583,0.0,0.0,0.5,0.18177199363708496,Feasible
424,423,9,4,5,"ADD:3,3;ADD:4,7;ADD:7,7;ADD:8,4;REMOVE:2,9;REMOVE:4,3;REMOVE:5,2;REMOVE:7,8;REMOVE:8,7",0:-;1:-;2:9;3:-;4:3;5:2;6:-;7:8;8:7;9:-,0:-;1:-;2:-;3:3;4:7;5:-;6:-;7:7;8:4;9:-,3@3=1;4@3=1;4@4=2;4@9=1;7@3=1;7@4=1;7@1=2;7@6=1;7@7=1;8@4=2,"3,4,9,1,6,7",13,10,10,0,1.0,0.6354176132530415,1.0,0.035417613253041554,0.0,0.0,0.4,0.1596219539642334,Feasible
425,424,10,6,4,"ADD:4,2;ADD:4,9;ADD:5,5;ADD:7,9;ADD:8,2;ADD:8,7;REMOVE:3,3;REMOVE:4,7;REMOVE:7,7;REMOVE:8,4",0:-;1:-;2:-;3:3;4:7;5:-;6:-;7:7;8:4;9:-,0:-;1:-;2:-;3:-;4:2|9;5:5;6:-;7:9;8:2|7;9:-,4@0=1;4@2=2;4@5=1;4@6=1;4@9=1;5@0=1;5@5=1;7@9=1;7@3=1;8@0=1;8@2=2;8@5=1;8@6=1;8@9=1;8@1=1;8@4=2;8@7=1,"0,2,5,6,9,3,1,4,7",20,17,17,0,1.0,0.44121389950632783,1.0,0.04121389950632779,0.0,0.0,0.6,0.18963098526000977,Feasible
426,425,10,4,6,"ADD:4,6;ADD:5,1;ADD:7,5;ADD:8,5;REMOVE:4,2;REMOVE:4,9;REMOVE:5,5;REMOVE:7,9;REMOVE:8,2;REMOVE:8,7",0:-;1:-;2:-;3:-;4:2|9;5:5;6:-;7:9;8:2|7;9:-,0:-;1:-;2:-;3:-;4:6;5:1;6:-;7:5;8:5;9:-,4@6=1;5@1=2;7@5=1;8@5=1;8@0=1;8@3=1,"6,1,5,0,3",7,6,6,0,1.0,0.675212727693684,1.0,0.07521272769368396,0.0,0.0,0.4,0.14624714851379395,Feasible
427,426,8,4,4,"ADD:3,2;ADD:4,7;ADD:7,8;ADD:8,8;REMOVE:4,6;REMOVE:5,1;REMOVE:7,5;REMOVE:8,5",0:-;1:-;2:-;3:-;4:6;5:1;6:-;7:5;8:5;9:-,0:-;1:-;2:-;3:2;4:7;5:-;6:-;7:8;8:8;9:-,3@2=1;4@0=1;4@1=1;7@8=1;8@8=1;8@6=1,"2,0,1,8,6",6,6,6,0,1.0,0.6499051776975252,1.0,0.04990517769752515,0.0,0.0,0.4,0.14845585823059082,Feasible
428,427,5,2,3,"ADD:5,4;ADD:7,1;REMOVE:3,2;REMOVE:4,7;REMOVE:7,8",0:-;1:-;2:-;3:2;4:7;5:-;6:-;7:8;8:8;9:-,0:-;1:-;2:-;3:-;4:-;5:4;6:-;7:1;8:8;9:-,5@4=1;7@1=1;8@4=1;8@5=1,"4,1,5",4,4,4,0,1.0,0.5975606394971513,0.75,0.04756063949715125,0.0,0.0,0.2,0.13312482833862305,Feasible
429,428,6,3,3,"ADD:1,2;ADD:7,4;ADD:8,4;REMOVE:5,4;REMOVE:7,1;REMOVE:8,8",0:-;1:-;2:-;3:-;4:-;5:4;6:-;7:1;8:8;9:-,0:-;1:2;2:-;3:-;4:-;5:-;6:-;7:4;8:4;9:-,1@2=1;7@4=1;8@2=1;8@4=1,"2,4",4,4,4,0,1.0,0.7817954963832507,1.0,0.08179549638325082,0.0,0.0,0.30000000000000004,0.12781882286071777,Feasible
430,429,7,4,3,"ADD:4,5;ADD:5,8;ADD:7,2;ADD:8,7;REMOVE:1,2;REMOVE:7,4;REMOVE:8,4",0:-;1:2;2:-;3:-;4:-;5:-;6:-;7:4;8:4;9:-,0:-;1:-;2:-;3:-;4:5;5:8;6:-;7:2;8:7;9:-,4@5=1;5@5=1;5@1=1;5@2=1;7@2=1;8@1=1;8@4=1;8@8=1;8@9=1,"5,1,2,4,8,9",9,9,9,0,1.0,0.620118387485649,1.0,0.020118387485649036,0.0,0.0,0.4,0.15735411643981934,Feasible
431,430,5,2,3,"ADD:1,4;ADD:8,8;REMOVE:4,5;REMOVE:5,8;REMOVE:8,7",0:-;1:-;2:-;3:-;4:5;5:8;6:-;7:2;8:7;9:-,0:-;1:4;2:-;3:-;4:-;5:-;6:-;7:2;8:8;9:-,1@4=1;7@0=1;7@5=1;7@9=1;8@4=1;8@1=1;8@6=1;8@8=1,"4,0,5,9,1,6,8",8,8,8,0,1.0,0.5786481955172353,0.75,0.02864819551723543,0.0,0.0,0.2,0.16153383255004883,Feasible
432,431,6,3,3,"ADD:5,4;ADD:7,7;ADD:8,0;REMOVE:1,4;REMOVE:7,2;REMOVE:8,8",0:-;1:4;2:-;3:-;4:-;5:-;6:-;7:2;8:8;9:-,0:-;1:-;2:-;3:-;4:-;5:4;6:-;7:7;8:0;9:-,5@4=1;7@4=1;7@0=1;8@0=1,"4,0",4,4,4,0,1.0,0.7526042066325598,1.0,0.052604206632559804,0.0,0.0,0.30000000000000004,0.1316988468170166,Feasible
433,432,5,2,3,"ADD:7,2;ADD:8,2;REMOVE:5,4;REMOVE:7,7;REMOVE:8,0",0:-;1:-;2:-;3:-;4:-;5:4;6:-;7:7;8:0;9:-,0:-;1:-;2:-;3:-;4:-;5:-;6:-;7:2;8:2;9:-,7@2=1;8@2=2,2,3,2,2,0,1.0,0.9032689529943452,1.0,0.10326895299434516,0.0,0.0,0.2,0.12407517433166504,Feasible
434,433,6,4,2,"ADD:2,9;ADD:4,8;ADD:5,9;ADD:8,3;REMOVE:7,2;REMOVE:8,2",0:-;1:-;2:-;3:-;4:-;5:-;6:-;7:2;8:2;9:-,0:-;1:-;2:9;3:-;4:8;5:9;6:-;7:-;8:3;9:-,2@9=1;4@2=1;4@8=1;5@9=1;8@3=1,"9,2,8,3",5,5,5,0,1.0,0.6842877442296486,1.0,0.08428774422964867,0.0,0.0,0.4,0.14138388633728027,Feasible
435,434,6,3,3,"ADD:1,3;ADD:5,3;ADD:7,7;REMOVE:2,9;REMOVE:4,8;REMOVE:5,9",0:-;1:-;2:9;3:-;4:8;5:9;6:-;7:-;8:3;9:-,0:-;1:3;2:-;3:-;4:-;5:3;6:-;7:7;8:3;9:-,1@3=1;5@3=1;7@0=1;7@1=1;8@3=1;8@1=1;8@2=1,"3,0,1,2",7,7,7,0,1.0,0.49416804151352123,0.75,0.04416804151352125,0.0,0.0,0.30000000000000004,0.1465001106262207,Feasible
436,435,9,5,4,"ADD:3,2;ADD:4,2;ADD:5,8;ADD:7,0;ADD:8,6;REMOVE:1,3;REMOVE:5,3;REMOVE:7,7;REMOVE:8,3",0:-;1:3;2:-;3:-;4:-;5:3;6:-;7:7;8:3;9:-,0:-;1:-;2:-;3:2;4:2;5:8;6:-;7:0;8:6;9:-,3@2=1;4@2=1;5@1=1;5@8=1;7@0=1;8@6=1,"2,1,8,0,6",6,6,6,0,1.0,0.5862820032793166,1.0,0.08628200327931654,0.0,0.0,0.5,0.14710712432861328,Feasible
437,436,7,2,5,"ADD:4,9;ADD:8,4;REMOVE:3,2;REMOVE:4,2;REMOVE:5,8;REMOVE:7,0;REMOVE:8,6",0:-;1:-;2:-;3:2;4:2;5:8;6:-;7:0;8:6;9:-,0:-;1:-;2:-;3:-;4:9;5:-;6:-;7:-;8:4;9:-,4@7=1;4@9=1;8@2=1;8@4=1,"7,9,2,4",4,4,4,0,1.0,0.8496895601988887,1.0,0.04968956019888871,0.0,0.0,0.2,0.14201784133911133,Feasible
438,437,7,5,2,"ADD:1,2;ADD:4,0;ADD:5,9;ADD:7,9;ADD:8,7;REMOVE:4,9;REMOVE:8,4",0:-;1:-;2:-;3:-;4:9;5:-;6:-;7:-;8:4;9:-,0:-;1:2;2:-;3:-;4:0;5:9;6:-;7:9;8:7;9:-,1@2=1;4@0=1;5@1=1;5@9=1;7@2=1;7@6=1;8@2=2;8@1=1;8@9=1;8@4=1,"2,0,1,9,6,4",11,10,10,0,1.0,0.52995305376682,1.0,0.029953053766819983,0.0,0.0,0.5,0.16132402420043945,Feasible
439,438,6,2,4,"ADD:4,7;ADD:7,4;REMOVE:1,2;REMOVE:4,0;REMOVE:5,9;REMOVE:7,9",0:-;1:2;2:-;3:-;4:0;5:9;6:-;7:9;8:7;9:-,0:-;1:-;2:-;3:-;4:7;5:-;6:-;7:4;8:7;9:-,4@4=1;4@9=1;7@4=1;8@0=1;8@8=1,"4,9,0,8",5,5,5,0,1.0,0.6219757560698314,0.8,0.021975756069831428,0.0,0.0,0.2,0.14300894737243652,Feasible
440,439,4,2,2,"ADD:0,1;ADD:4,4;REMOVE:4,7;REMOVE:7,4",0:-;1:-;2:-;3:-;4:7;5:-;6:-;7:4;8:7;9:-,0:1;1:-;2:-;3:-;4:4;5:-;6:-;7:-;8:7;9:-,0@1=1;4@4=1;8@1=1;8@4=1;8@3=1;8@8=2,"1,4,3,8",7,6,6,0,1.0,0.4924814221298461,0.6666666666666666,0.025814755463179483,0.0,0.0,0.2,0.14461398124694824,Feasible
441,440,7,5,2,"ADD:1,0;ADD:4,6;ADD:5,2;ADD:6,5;ADD:7,8;REMOVE:0,1;REMOVE:4,4",0:1;1:-;2:-;3:-;4:4;5:-;6:-;7:-;8:7;9:-,0:-;1:0;2:-;3:-;4:6;5:2;6:5;7:8;8:7;9:-,1@0=1;4@4=1;4@6=2;5@0=1;5@2=1;5@3=1;6@5=1;7@4=1;7@2=1;7@1=1;8@7=1,"0,4,6,2,3,5,1,7",12,11,11,0,1.0,0.2201434746632015,0.6666666666666666,0.05347680799653489,0.0,0.0,0.5,0.17027020454406738,Feasible
442,441,9,4,5,"ADD:1,4;ADD:4,9;ADD:6,8;ADD:8,6;REMOVE:1,0;REMOVE:4,6;REMOVE:5,2;REMOVE:6,5;REMOVE:8,7",0:-;1:0;2:-;3:-;4:6;5:2;6:5;7:8;8:7;9:-,0:-;1:4;2:-;3:-;4:9;5:-;6:8;7:8;8:6;9:-,1@4=1;4@9=1;6@8=1;7@8=1;7@1=1;7@2=1;7@5=1;8@6=1,"4,9,8,1,2,5,6",8,8,8,0,1.0,0.5000802433031996,0.8333333333333334,0.06674690996986622,0.0,0.0,0.4,0.1602191925048828,Feasible
443,442,10,5,5,"ADD:4,2;ADD:5,6;ADD:6,1;ADD:7,7;ADD:8,7;REMOVE:1,4;REMOVE:4,9;REMOVE:6,8;REMOVE:7,8;REMOVE:8,6",0:-;1:4;2:-;3:-;4:9;5:-;6:8;7:8;8:6;9:-,0:-;1:-;2:-;3:-;4:2;5:6;6:1;7:7;8:7;9:-,4@2=1;5@6=1;6@1=1;7@2=1;7@1=1;7@7=1;7@8=1;7@9=1;8@0=1;8@4=1,"2,6,1,7,8,9,0,4",10,10,10,0,1.0,0.5398651062411135,1.0,0.0398651062411134,0.0,0.0,0.5,0.16952085494995117,Feasible
444,443,10,5,5,"ADD:0,4;ADD:4,6;ADD:5,7;ADD:7,3;ADD:8,8;REMOVE:4,2;REMOVE:5,6;REMOVE:6,1;REMOVE:7,7;REMOVE:8,7",0:-;1:-;2:-;3:-;4:2;5:6;6:1;7:7;8:7;9:-,0:4;1:-;2:-;3:-;4:6;5:7;6:-;7:3;8:8;9:-,0@4=1;4@1=1;4@6=1;5@4=1;5@7=1;7@3=3;8@2=1;8@5=1;8@8=2,"4,1,6,7,3,2,5,8",12,9,9,0,1.0,0.5655125871494331,1.0,0.06551258714943307,0.0,0.0,0.5,0.16944313049316406,Feasible
445,444,9,4,5,"ADD:4,7;ADD:5,6;ADD:7,7;ADD:8,7;REMOVE:0,4;REMOVE:4,6;REMOVE:5,7;REMOVE:7,3;REMOVE:8,8",0:4;1:-;2:-;3:-;4:6;5:7;6:-;7:3;8:8;9:-,0:-;1:-;2:-;3:-;4:7;5:6;6:-;7:7;8:7;9:-,4@0=1;4@4=1;4@8=1;5@6=1;7@0=1;7@1=1;7@2=2;8@0=1;8@4=1;8@1=2;8@2=2,"0,4,8,6,1,2",14,11,11,0,1.0,0.6079876850695992,1.0,0.007987685069599279,0.0,0.0,0.4,0.16639304161071777,Feasible
446,445,7,4,3,"ADD:0,2;ADD:2,4;ADD:4,5;ADD:5,2;REMOVE:4,7;REMOVE:5,6;REMOVE:7,7",0:-;1:-;2:-;3:-;4:7;5:6;6:-;7:7;8:7;9:-,0:2;1:-;2:4;3:-;4:5;5:2;6:-;7:-;8:7;9:-,0@2=1;2@4=1;4@5=1;5@2=1;8@4=2;8@3=1;8@7=1;8@8=1,"2,4,5,3,7,8",9,8,8,0,1.0,0.4073873334716184,0.75,0.05738733347161836,0.0,0.0,0.4,0.1565239429473877,Feasible
447,446,10,6,4,"ADD:1,8;ADD:2,8;ADD:4,8;ADD:5,8;ADD:6,1;ADD:7,8;REMOVE:0,2;REMOVE:2,4;REMOVE:4,5;REMOVE:5,2",0:2;1:-;2:4;3:-;4:5;5:2;6:-;7:-;8:7;9:-,0:-;1:8;2:8;3:-;4:8;5:8;6:1;7:8;8:7;9:-,1@2=2;1@8=1;2@1=2;2@4=1;4@8=1;5@8=1;5@4=1;6@1=1;7@8=1;7@1=1;7@6=1;8@8=1;8@1=1;8@4=1;8@3=1,"2,8,1,4,6,3",17,15,15,0,1.0,0.2280942481480679,0.8,0.028094248148067776,0.0,0.0,0.6,0.17023491859436035,Feasible
448,447,10,5,5,"ADD:2,9;ADD:4,9;ADD:5,2;ADD:7,5;ADD:8,4;REMOVE:2,8;REMOVE:4,8;REMOVE:5,8;REMOVE:6,1;REMOVE:8,7",0:-;1:8;2:8;3:-;4:8;5:8;6:1;7:8;8:7;9:-,0:-;1:8;2:9;3:-;4:9;5:2;6:-;7:5|8;8:4;9:-,1@2=1;1@6=1;1@8=1;2@2=1;2@1=1;4@6=1;4@3=1;5@2=1;5@4=1;5@9=1;7@2=1;7@1=1;7@0=1;7@5=1;8@4=1,"2,6,8,1,3,4,9,0,5",15,15,15,0,1.0,0.24222985161658617,0.7142857142857143,0.027944137330871813,0.0,0.0,0.5,0.1841897964477539,Feasible
449,448,12,5,7,"ADD:0,9;ADD:2,6;ADD:5,4;ADD:6,7;ADD:8,3;REMOVE:1,8;REMOVE:2,9;REMOVE:4,9;REMOVE:5,2;REMOVE:7,5;REMOVE:7,8;REMOVE:8,4",0:-;1:8;2:9;3:-;4:9;5:2;6:-;7:5|8;8:4;9:-,0:9;1:-;2:6;3:-;4:-;5:4;6:7;7:-;8:3;9:-,0@9=1;2@1=1;2@6=1;5@4=1;6@7=1;8@9=1;8@1=1;8@2=1;8@5=1,"9,1,6,4,7,2,5",9,9,9,0,1.0,0.5485898562595233,1.0,0.04858985625952336,0.0,0.0,0.5,0.16444706916809082,Feasible
450,449,9,4,5,"ADD:4,7;ADD:5,7;ADD:7,7;ADD:8,2;REMOVE:0,9;REMOVE:2,6;REMOVE:5,4;REMOVE:6,7;REMOVE:8,3",0:9;1:-;2:6;3:-;4:-;5:4;6:7;7:-;8:3;9:-,0:-;1:-;2:-;3:-;4:7;5:7;6:-;7:7;8:2;9:-,4@0=1;4@3=1;4@8=1;5@3=2;5@8=1;7@2=1;7@4=2;7@7=1;8@2=1,"0,3,8,2,4,7",11,9,9,0,1.0,0.6181541045434141,1.0,0.018154104543414123,0.0,0.0,0.4,0.16087818145751953,Feasible
451,450,5,4,1,"ADD:1,3;ADD:2,4;ADD:7,8;ADD:8,8;REMOVE:7,7",0:-;1:-;2:-;3:-;4:7;5:7;6:-;7:7;8:2;9:-,0:-;1:3;2:4;3:-;4:7;5:7;6:-;7:8;8:2|8;9:-,1@3=1;2@4=1;4@3=1;4@4=1;4@0=1;4@6=1;5@3=1;5@4=1;5@2=1;5@7=1;7@6=1;7@1=1;7@8=1;8@4=1;8@0=1;8@2=1;8@1=1;8@5=1,"3,4,0,6,2,7,1,8,5",18,18,18,0,1.0,-0.12020752489540065,0.25,0.029792475104599373,0.0,0.0,0.4,0.19223380088806152,Feasible
452,451,11,5,6,"ADD:2,2;ADD:4,8;ADD:5,4;ADD:7,5;ADD:8,9;REMOVE:1,3;REMOVE:2,4;REMOVE:4,7;REMOVE:5,7;REMOVE:7,8;REMOVE:8,2",0:-;1:3;2:4;3:-;4:7;5:7;6:-;7:8;8:2|8;9:-,0:-;1:-;2:2;3:-;4:8;5:4;6:-;7:5;8:8|9;9:-,2@2=1;4@2=1;4@4=1;4@8=1;5@2=1;5@4=1;7@5=1;8@4=1;8@5=3;8@1=2;8@9=1,"2,4,8,5,1,9",14,11,11,0,1.0,0.3922240533556328,0.8571428571428571,0.035081196212775716,0.0,0.0,0.5,0.16506195068359375,Feasible
453,452,9,3,6,"ADD:4,5;ADD:5,2;ADD:8,7;REMOVE:2,2;REMOVE:4,8;REMOVE:5,4;REMOVE:7,5;REMOVE:8,8;REMOVE:8,9",0:-;1:-;2:2;3:-;4:8;5:4;6:-;7:5;8:8|9;9:-,0:-;1:-;2:-;3:-;4:5;5:2;6:-;7:-;8:7;9:-,4@5=2;5@5=1;5@2=1;5@7=1;8@7=1;8@4=2;8@9=1,"5,2,7,4,9",9,7,7,0,1.0,0.7440810239291837,1.0,0.0440810239291838,0.0,0.0,0.30000000000000004,0.15480399131774902,Feasible
454,453,6,4,2,"ADD:0,4;ADD:4,1;ADD:5,4;ADD:7,3;REMOVE:4,5;REMOVE:5,2",0:-;1:-;2:-;3:-;4:5;5:2;6:-;7:-;8:7;9:-,0:4;1:-;2:-;3:-;4:1;5:4;6:-;7:3;8:7;9:-,0@4=2;4@1=1;5@4=1;7@2=1;7@3=1;8@4=2;8@1=1;8@3=2;8@0=1;8@9=1,"4,1,2,3,0,9",13,10,10,0,1.0,0.3063037589459794,0.6666666666666666,0.03963709227931278,0.0,0.0,0.4,0.1644887924194336,Feasible
455,454,10,5,5,"ADD:0,7;ADD:5,7;ADD:6,2;ADD:7,5;ADD:8,8;REMOVE:0,4;REMOVE:4,1;REMOVE:5,4;REMOVE:7,3;REMOVE:8,7",0:4;1:-;2:-;3:-;4:1;5:4;6:-;7:3;8:7;9:-,0:7;1:-;2:-;3:-;4:-;5:7;6:2;7:5;8:8;9:-,0@1=2;0@3=1;0@6=1;0@7=1;5@0=1;5@4=1;6@2=1;7@0=1;7@5=1;8@1=2;8@6=1;8@8=1,"1,3,6,7,0,4,2,5,8",14,12,12,0,1.0,0.5288399851606733,1.0,0.02883998516067327,0.0,0.0,0.5,0.17964625358581543,Feasible
456,455,6,1,5,"ADD:7,2;REMOVE:0,7;REMOVE:5,7;REMOVE:6,2;REMOVE:7,5;REMOVE:8,8",0:7;1:-;2:-;3:-;4:-;5:7;6:2;7:5;8:8;9:-,0:-;1:-;2:-;3:-;4:-;5:-;6:-;7:2;8:-;9:-,7@2=1,2,1,1,1,0,1.0,0.9911735146227659,1.0,0.09117351462276595,0.0,0.0,0.1,0.12103390693664551,Feasible
457,456,4,3,1,"ADD:5,0;ADD:7,0;ADD:8,2;REMOVE:7,2",0:-;1:-;2:-;3:-;4:-;5:-;6:-;7:2;8:-;9:-,0:-;1:-;2:-;3:-;4:-;5:0;6:-;7:0;8:2;9:-,5@0=1;7@0=1;8@4=1;8@5=1;8@9=1,"0,4,5,9",5,5,5,0,1.0,0.7371680915468153,1.0,0.0371680915468154,0.0,0.0,0.30000000000000004,0.14267706871032715,Feasible
458,457,9,6,3,"ADD:2,8;ADD:4,1;ADD:5,7;ADD:7,3;ADD:7,5;ADD:8,7;REMOVE:5,0;REMOVE:7,0;REMOVE:8,2",0:-;1:-;2:-;3:-;4:-;5:0;6:-;7:0;8:2;9:-,0:-;1:-;2:8;3:-;4:1;5:7;6:-;7:3|5;8:7;9:-,2@1=1;2@5=1;2@7=2;2@8=1;4@1=1;5@3=1;5@4=1;7@1=1;7@5=1;7@3=1;7@0=1;7@2=2;8@1=1;8@8=1;8@3=1;8@0=3;8@2=1;8@9=1,"1,5,7,8,3,4,0,2,9",22,18,18,0,1.0,0.4170652598433623,1.0,0.0170652598433623,0.0,0.0,0.6,0.1939530372619629,Feasible
459,458,6,1,5,"ADD:7,4;REMOVE:2,8;REMOVE:4,1;REMOVE:5,7;REMOVE:7,3;REMOVE:7,5",0:-;1:-;2:8;3:-;4:1;5:7;6:-;7:3|5;8:7;9:-,0:-;1:-;2:-;3:-;4:-;5:-;6:-;7:4;8:7;9:-,7@4=1;8@0=2;8@1=1;8@8=1,"4,0,1,8",5,4,4,0,1.0,0.7517727559474033,0.8333333333333334,0.01843942261406996,0.0,0.0,0.1,0.14195990562438965,Feasible
460,459,6,4,2,"ADD:1,3;ADD:2,7;ADD:7,9;ADD:8,2;REMOVE:7,4;REMOVE:8,7",0:-;1:-;2:-;3:-;4:-;5:-;6:-;7:4;8:7;9:-,0:-;1:3;2:7;3:-;4:-;5:-;6:-;7:9;8:2;9:-,1@3=1;2@0=1;2@7=1;2@8=1;7@2=1;7@6=1;7@9=1;8@3=1;8@2=1;8@4=3,"3,0,7,8,2,6,9,4",12,10,10,0,1.0,0.6300510234228581,1.0,0.03005102342285817,0.0,0.0,0.4,0.17085695266723633,Feasible
461,460,4,2,2,"ADD:1,1;ADD:8,7;REMOVE:1,3;REMOVE:8,2",0:-;1:3;2:7;3:-;4:-;5:-;6:-;7:9;8:2;9:-,0:-;1:1;2:7;3:-;4:-;5:-;6:-;7:9;8:7;9:-,1@1=1;2@2=1;2@4=2;2@7=1;7@1=1;7@2=1;7@7=1;7@9=1;8@1=1;8@2=3;8@4=1;8@0=2,"1,2,4,7,9,0",16,12,12,0,1.0,0.3188890148284877,0.5,0.018889014828487757,0.0,0.0,0.2,0.165726900100708,Feasible
462,461,6,3,3,"ADD:0,5;ADD:5,1;ADD:7,3;REMOVE:1,1;REMOVE:2,7;REMOVE:7,9",0:-;1:1;2:7;3:-;4:-;5:-;6:-;7:9;8:7;9:-,0:5;1:-;2:-;3:-;4:-;5:1;6:-;7:3;8:7;9:-,0@2=1;0@3=1;0@5=1;5@1=1;7@3=1;8@2=1;8@1=1;8@6=1;8@7=1,"2,3,5,1,6,7",9,9,9,0,1.0,0.49840086123896543,0.75,0.048400861238965524,0.0,0.0,0.30000000000000004,0.15940523147583008,Feasible
463,462,7,4,3,"ADD:0,7;ADD:4,2;ADD:5,2;ADD:7,9;REMOVE:0,5;REMOVE:5,1;REMOVE:7,3",0:5;1:-;2:-;3:-;4:-;5:1;6:-;7:3;8:7;9:-,0:7;1:-;2:-;3:-;4:2;5:2;6:-;7:9;8:7;9:-,0@3=1;0@4=1;0@8=1;4@2=1;5@2=1;7@2=1;7@9=1;8@4=1;8@9=1,"3,4,8,2,9",9,9,9,0,1.0,0.38369982680863857,0.75,0.033699826808638644,0.0,0.0,0.4,0.153001070022583,Feasible
464,463,8,3,5,"ADD:4,7;ADD:5,5;ADD:8,8;REMOVE:0,7;REMOVE:4,2;REMOVE:5,2;REMOVE:7,9;REMOVE:8,7",0:7;1:-;2:-;3:-;4:2;5:2;6:-;7:9;8:7;9:-,0:-;1:-;2:-;3:-;4:7;5:5;6:-;7:-;8:8;9:-,4@3=1;4@7=1;5@5=1;8@8=1,"3,7,5,8",4,4,4,0,1.0,0.7793682864941456,1.0,0.07936828649414558,0.0,0.0,0.30000000000000004,0.14081096649169922,Feasible
465,464,9,6,3,"ADD:0,7;ADD:1,0;ADD:4,9;ADD:5,3;ADD:7,2;ADD:8,7;REMOVE:4,7;REMOVE:5,5;REMOVE:8,8",0:-;1:-;2:-;3:-;4:7;5:5;6:-;7:-;8:8;9:-,0:7;1:0;2:-;3:-;4:9;5:3;6:-;7:2;8:7;9:-,0@2=1;0@7=1;0@8=1;0@9=1;1@0=1;4@9=1;5@3=1;7@2=1;8@0=2;8@3=1;8@1=1,"2,7,8,9,0,3,1",12,11,11,0,1.0,0.4415721342497897,1.0,0.0415721342497897,0.0,0.0,0.6,0.16324615478515625,Feasible
466,465,6,2,4,"ADD:5,2;ADD:8,9;REMOVE:1,0;REMOVE:4,9;REMOVE:5,3;REMOVE:8,7",0:7;1:0;2:-;3:-;4:9;5:3;6:-;7:2;8:7;9:-,0:7;1:-;2:-;3:-;4:-;5:2;6:-;7:2;8:9;9:-,0@1=1;0@3=1;0@4=1;5@2=1;7@4=1;7@2=1;7@0=1;8@3=1;8@6=1,"1,3,4,2,0,6",9,9,9,0,1.0,0.4894828241344778,0.6666666666666666,0.022816157467811217,0.0,0.0,0.2,0.158189058303833,Feasible
467,466,8,4,4,"ADD:0,2;ADD:5,3;ADD:7,4;ADD:8,8;REMOVE:0,7;REMOVE:5,2;REMOVE:7,2;REMOVE:8,9",0:7;1:-;2:-;3:-;4:-;5:2;6:-;7:2;8:9;9:-,0:2;1:-;2:-;3:-;4:-;5:3;6:-;7:4;8:8;9:-,0@2=2;5@1=1;5@3=1;7@2=2;7@4=1;8@2=1;8@8=1,"2,1,3,4,8",9,7,7,0,1.0,0.6556457368560106,1.0,0.0556457368560106,0.0,0.0,0.4,0.15025806427001953,Feasible
468,467,9,6,3,"ADD:0,4;ADD:1,1;ADD:2,7;ADD:4,7;ADD:5,1;ADD:6,6;REMOVE:0,2;REMOVE:5,3;REMOVE:7,4",0:2;1:-;2:-;3:-;4:-;5:3;6:-;7:4;8:8;9:-,0:4;1:1;2:7;3:-;4:7;5:1;6:6;7:-;8:8;9:-,0@4=1;1@1=1;2@0=1;2@6=1;4@1=2;4@0=1;4@9=1;5@1=1;6@6=1;8@2=1;8@7=1;8@8=1,"4,1,0,6,9,2,7,8",13,12,12,0,1.0,0.1895007646497251,0.75,0.0395007646497251,0.0,0.0,0.6,0.169158935546875,Feasible
469,468,11,4,7,"ADD:2,9;ADD:4,9;ADD:7,8;ADD:8,7;REMOVE:0,4;REMOVE:1,1;REMOVE:2,7;REMOVE:4,7;REMOVE:5,1;REMOVE:6,6;REMOVE:8,8",0:4;1:1;2:7;3:-;4:7;5:1;6:6;7:-;8:8;9:-,0:-;1:-;2:9;3:-;4:9;5:-;6:-;7:8;8:7;9:-,2@1=1;2@2=1;2@6=1;4@6=1;4@3=2;7@1=1;7@4=1;8@2=1;8@7=1,"1,2,6,3,4,7",10,9,9,0,1.0,0.6112245001743696,1.0,0.01122450017436968,0.0,0.0,0.4,0.1594099998474121,Feasible
470,469,7,4,3,"ADD:2,3;ADD:5,6;ADD:6,5;ADD:7,1;REMOVE:2,9;REMOVE:4,9;REMOVE:7,8",0:-;1:-;2:9;3:-;4:9;5:-;6:-;7:8;8:7;9:-,0:-;1:-;2:3;3:-;4:-;5:6;6:5;7:1;8:7;9:-,2@3=1;5@6=1;6@5=1;7@1=1;8@7=1,"3,6,5,1,7",5,5,5,0,1.0,0.4501555216831342,0.75,0.10015552168313427,0.0,0.0,0.4,0.14522480964660645,Feasible
471,470,9,4,5,"ADD:0,1;ADD:4,3;ADD:5,1;ADD:8,8;REMOVE:2,3;REMOVE:5,6;REMOVE:6,5;REMOVE:7,1;REMOVE:8,7",0:-;1:-;2:3;3:-;4:-;5:6;6:5;7:1;8:7;9:-,0:1;1:-;2:-;3:-;4:3;5:1;6:-;7:-;8:8;9:-,0@1=1;4@3=1;5@1=1;5@3=1;8@8=1,"1,3,8",5,5,5,0,1.0,0.6855421893466117,1.0,0.08554218934661183,0.0,0.0,0.4,0.13777518272399902,Feasible
472,471,10,6,4,"ADD:0,8;ADD:0,9;ADD:4,2;ADD:5,2;ADD:7,0;ADD:8,7;REMOVE:0,1;REMOVE:4,3;REMOVE:5,1;REMOVE:8,8",0:1;1:-;2:-;3:-;4:3;5:1;6:-;7:-;8:8;9:-,0:8|9;1:-;2:-;3:-;4:2;5:2;6:-;7:0;8:7;9:-,0@1=1;0@2=1;0@8=1;0@9=1;4@2=1;4@9=1;4@5=1;4@7=1;5@2=1;7@0=1;8@7=1;8@3=1,"1,2,8,9,5,7,0,3",12,12,12,0,1.0,0.4507496639210903,1.0,0.050749663921090246,0.0,0.0,0.6,0.17220401763916016,Feasible
473,472,11,5,6,"ADD:0,2;ADD:4,8;ADD:5,3;ADD:7,1;ADD:8,8;REMOVE:0,8;REMOVE:0,9;REMOVE:4,2;REMOVE:5,2;REMOVE:7,0;REMOVE:8,7",0:8|9;1:-;2:-;3:-;4:2;5:2;6:-;7:0;8:7;9:-,0:2;1:-;2:-;3:-;4:8;5:3;6:-;7:1;8:8;9:-,0@0=2;0@2=1;0@3=1;4@4=2;4@8=1;5@3=1;7@1=1;8@2=1;8@4=1;8@5=1;8@6=1,"0,2,3,4,8,1,5,6",13,11,11,0,1.0,0.5311955083091977,1.0,0.031195508309197692,0.0,0.0,0.5,0.17318010330200195,Feasible
474,473,13,9,4,"ADD:0,3;ADD:0,9;ADD:1,5;ADD:2,5;ADD:2,8;ADD:4,7;ADD:5,7;ADD:7,9;ADD:8,7;REMOVE:0,2;REMOVE:4,8;REMOVE:5,3;REMOVE:7,1",0:2;1:-;2:-;3:-;4:8;5:3;6:-;7:1;8:8;9:-,0:3|9;1:5;2:5|8;3:-;4:7;5:7;6:-;7:9;8:7|8;9:-,0@3=1;0@5=1;0@6=1;0@7=1;0@9=1;1@5=1;2@3=1;2@5=1;2@6=1;2@8=1;4@7=1;4@4=1;5@7=1;5@4=1;7@3=1;7@6=1;8@5=1;8@6=1;8@9=1;8@8=1;8@4=2;8@1=2;8@2=2,"3,5,6,7,9,8,4,1,2",26,23,23,0,1.0,-0.07061628802227948,0.8,0.02938371197772034,0.0,0.0,0.8999999999999999,0.1987600326538086,Feasible
475,474,14,5,9,"ADD:0,7;ADD:1,7;ADD:4,9;ADD:5,5;ADD:7,8;REMOVE:0,3;REMOVE:0,9;REMOVE:1,5;REMOVE:2,5;REMOVE:2,8;REMOVE:4,7;REMOVE:5,7;REMOVE:7,9;REMOVE:8,8",0:3|9;1:5;2:5|8;3:-;4:7;5:7;6:-;7:9;8:7|8;9:-,0:7;1:7;2:-;3:-;4:9;5:5;6:-;7:8;8:7;9:-,0@1=1;0@2=3;0@3=2;0@4=1;1@1=1;1@4=1;1@0=1;4@2=2;4@6=1;5@5=1;7@8=1;8@1=1;8@2=1;8@4=1;8@9=1,"1,2,3,4,0,6,5,8,9",19,15,15,0,1.0,0.410329192331482,0.9,0.010329192331481983,0.0,0.0,0.5,0.18230104446411133,Feasible
476,475,9,4,5,"ADD:2,2;ADD:4,6;ADD:7,6;ADD:8,8;REMOVE:1,7;REMOVE:4,9;REMOVE:5,5;REMOVE:7,8;REMOVE:8,7",0:7;1:7;2:-;3:-;4:9;5:5;6:-;7:8;8:7;9:-,0:7;1:-;2:2;3:-;4:6;5:-;6:-;7:6;8:8;9:-,0@1=1;0@2=1;0@6=2;0@7=1;2@2=1;4@6=1;7@6=1;8@1=1;8@8=1,"1,2,6,7,8",10,9,9,0,1.0,0.482400968995058,0.8333333333333334,0.04906763566172463,0.0,0.0,0.4,0.15159320831298828,Feasible
477,476,10,5,5,"ADD:1,2;ADD:2,9;ADD:4,3;ADD:5,1;ADD:7,1;REMOVE:0,7;REMOVE:2,2;REMOVE:4,6;REMOVE:7,6;REMOVE:8,8",0:7;1:-;2:2;3:-;4:6;5:-;6:-;7:6;8:8;9:-,0:-;1:2;2:9;3:-;4:3;5:1;6:-;7:1;8:-;9:-,1@2=1;2@9=1;4@3=1;5@1=1;7@1=1,"2,9,3,1",5,5,5,0,1.0,0.5954464126173522,1.0,0.09544641261735227,0.0,0.0,0.5,0.1380159854888916,Feasible
478,477,9,4,5,"ADD:0,7;ADD:4,2;ADD:7,8;ADD:8,1;REMOVE:1,2;REMOVE:2,9;REMOVE:4,3;REMOVE:5,1;REMOVE:7,1",0:-;1:2;2:9;3:-;4:3;5:1;6:-;7:1;8:-;9:-,0:7;1:-;2:-;3:-;4:2;5:-;6:-;7:8;8:1;9:-,0@7=1;4@0=1;4@2=1;7@7=1;7@5=1;8@1=1,"7,0,2,5,1",6,6,6,0,1.0,0.64580307432688,1.0,0.045803074326880036,0.0,0.0,0.4,0.14689016342163086,Feasible
479,478,10,6,4,"ADD:1,2;ADD:2,2;ADD:4,8;ADD:7,7;ADD:8,3;ADD:8,7;REMOVE:0,7;REMOVE:4,2;REMOVE:7,8;REMOVE:8,1",0:7;1:-;2:-;3:-;4:2;5:-;6:-;7:8;8:1;9:-,0:-;1:2;2:2;3:-;4:8;5:-;6:-;7:7;8:3|7;9:-,1@2=1;2@2=1;4@4=1;4@5=1;7@4=1;7@0=1;7@3=1;8@2=1;8@5=1;8@0=1;8@3=1;8@1=1;8@7=1,"2,4,5,0,3,1,7",13,13,13,0,1.0,0.43104839713791987,1.0,0.03104839713791985,0.0,0.0,0.6,0.17252087593078613,Feasible
480,479,8,4,4,"ADD:1,7;ADD:2,6;ADD:4,7;ADD:5,8;REMOVE:1,2;REMOVE:2,2;REMOVE:4,8;REMOVE:8,3",0:-;1:2;2:2;3:-;4:8;5:-;6:-;7:7;8:3|7;9:-,0:-;1:7;2:6;3:-;4:7;5:8;6:-;7:7;8:7;9:-,1@7=1;2@1=1;2@6=1;4@7=1;4@2=2;4@4=1;5@1=1;5@8=1;7@7=1;8@7=2;8@1=1;8@6=1;8@2=1;8@4=2;8@9=1,"7,1,6,2,4,8,9",18,15,15,0,1.0,0.30479898734232325,0.6666666666666666,0.03813232067565661,0.0,0.0,0.4,0.17484021186828613,Feasible
481,480,8,4,4,"ADD:0,3;ADD:1,5;ADD:2,5;ADD:5,0;REMOVE:1,7;REMOVE:2,6;REMOVE:5,8;REMOVE:7,7",0:-;1:7;2:6;3:-;4:7;5:8;6:-;7:7;8:7;9:-,0:3;1:5;2:5;3:-;4:7;5:0;6:-;7:-;8:7;9:-,0@1=1;0@2=1;0@3=1;1@3=1;1@5=1;2@2=2;2@3=1;2@5=1;4@2=1;4@7=1;5@0=1;8@1=1;8@2=1;8@3=1;8@7=1;8@4=1,"1,2,3,5,7,0,4",17,16,16,0,1.0,0.30363549165543835,0.6666666666666666,0.036968824988771756,0.0,0.0,0.4,0.17616677284240723,Feasible
482,481,10,5,5,"ADD:0,2;ADD:1,7;ADD:4,4;ADD:5,2;ADD:8,2;REMOVE:0,3;REMOVE:1,5;REMOVE:4,7;REMOVE:5,0;REMOVE:8,7",0:3;1:5;2:5;3:-;4:7;5:0;6:-;7:-;8:7;9:-,0:2;1:7;2:5;3:-;4:4;5:2;6:-;7:-;8:2;9:-,0@0=2;0@2=1;0@4=2;1@0=1;1@6=1;2@0=1;2@5=1;4@2=1;4@4=1;5@2=1;8@2=1,"0,2,4,6,5",13,11,11,0,1.0,0.374670346505369,0.8333333333333334,0.04133701317203563,0.0,0.0,0.5,0.15688204765319824,Feasible
483,482,10,4,6,"ADD:0,7;ADD:1,5;ADD:4,9;ADD:7,8;REMOVE:0,2;REMOVE:1,7;REMOVE:2,5;REMOVE:4,4;REMOVE:5,2;REMOVE:8,2",0:2;1:7;2:5;3:-;4:4;5:2;6:-;7:-;8:2;9:-,0:7;1:5;2:-;3:-;4:9;5:-;6:-;7:8;8:-;9:-,0@0=1;0@4=1;1@5=1;4@1=1;4@9=1;7@4=1;7@5=1;7@7=1;7@8=1,"0,4,5,1,9,7,8",9,9,9,0,1.0,0.6326977508786541,1.0,0.032697750878654126,0.0,0.0,0.4,0.16041302680969238,Feasible
484,483,8,4,4,"ADD:0,4;ADD:4,0;ADD:7,9;ADD:8,5;REMOVE:0,7;REMOVE:1,5;REMOVE:4,9;REMOVE:7,8",0:7;1:5;2:-;3:-;4:9;5:-;6:-;7:8;8:-;9:-,0:4;1:-;2:-;3:-;4:0;5:-;6:-;7:9;8:5;9:-,0@2=1;0@4=1;4@0=1;7@2=1;7@3=1;7@6=1;8@5=2,"2,4,0,3,6,5",8,7,7,0,1.0,0.6524601691399176,1.0,0.052460169139917655,0.0,0.0,0.4,0.15486884117126465,Feasible
485,484,7,4,3,"ADD:4,4;ADD:5,9;ADD:8,8;ADD:8,9;REMOVE:0,4;REMOVE:4,0;REMOVE:8,5",0:4;1:-;2:-;3:-;4:0;5:-;6:-;7:9;8:5;9:-,0:-;1:-;2:-;3:-;4:4;5:9;6:-;7:9;8:8|9;9:-,4@4=1;5@1=2;5@2=1;5@7=1;5@9=1;7@2=1;7@6=1;8@9=1;8@8=1,"4,1,2,7,9,6,8",10,9,9,0,1.0,0.3930828633769705,0.75,0.043082863376970516,0.0,0.0,0.4,0.16150903701782227,Feasible
486,485,9,5,4,"ADD:0,3;ADD:1,1;ADD:4,8;ADD:5,8;ADD:8,7;REMOVE:4,4;REMOVE:5,9;REMOVE:8,8;REMOVE:8,9",0:-;1:-;2:-;3:-;4:4;5:9;6:-;7:9;8:8|9;9:-,0:3;1:1;2:-;3:-;4:8;5:8;6:-;7:9;8:7;9:-,0@3=1;1@1=2;4@1=1;4@5=1;5@5=1;5@4=1;7@7=1;7@9=1;8@7=1;8@9=1;8@0=1;8@2=1;8@8=1,"3,1,5,4,7,9,0,2,8",14,13,13,0,1.0,0.33447989675008116,0.8,0.03447989675008111,0.0,0.0,0.5,0.1771841049194336,Feasible
487,486,9,4,5,"ADD:0,4;ADD:4,0;ADD:6,7;ADD:7,1;REMOVE:0,3;REMOVE:1,1;REMOVE:4,8;REMOVE:5,8;REMOVE:7,9",0:3;1:1;2:-;3:-;4:8;5:8;6:-;7:9;8:7;9:-,0:4;1:-;2:-;3:-;4:0;5:-;6:7;7:1;8:7;9:-,0@4=1;4@0=1;6@7=1;7@1=2;8@4=2;8@7=1;8@1=2;8@2=1;8@3=1;8@8=1,"4,0,7,1,2,3,8",13,10,10,0,1.0,0.4795570480951332,0.8333333333333334,0.0462237147617999,0.0,0.0,0.4,0.16382575035095215,Feasible
488,487,11,7,4,"ADD:0,7;ADD:1,6;ADD:1,8;ADD:4,7;ADD:5,9;ADD:6,5;ADD:7,2;REMOVE:0,4;REMOVE:4,0;REMOVE:6,7;REMOVE:7,1",0:4;1:-;2:-;3:-;4:0;5:-;6:7;7:1;8:7;9:-,0:7;1:6|8;2:-;3:-;4:7;5:9;6:5;7:2;8:7;9:-,0@1=2;0@2=1;0@3=1;0@8=1;1@1=1;1@8=1;1@4=1;1@5=2;1@6=1;1@9=1;4@1=1;4@8=1;4@0=1;4@7=1;5@2=1;5@3=1;5@6=1;6@5=1;7@2=1;8@2=1;8@3=2;8@8=1;8@4=3;8@9=2;8@7=1,"1,2,3,8,4,5,6,9,0,7",31,25,25,0,1.0,0.12004498691355026,0.8,0.020044986913550136,0.0,0.0,0.7,0.2070000171661377,Feasible
489,488,13,5,8,"ADD:4,5;ADD:6,3;ADD:7,7;ADD:8,2;ADD:8,8;REMOVE:0,7;REMOVE:1,6;REMOVE:1,8;REMOVE:4,7;REMOVE:5,9;REMOVE:6,5;REMOVE:7,2;REMOVE:8,7",0:7;1:6|8;2:-;3:-;4:7;5:9;6:5;7:2;8:7;9:-,0:-;1:-;2:-;3:-;4:5;5:-;6:3;7:7;8:2|8;9:-,4@5=1;6@3=1;7@7=1;8@5=1;8@0=2;8@1=1;8@2=1;8@4=2;8@8=1,"5,3,7,0,1,2,4,8",11,9,9,0,1.0,0.5445372032219147,1.0,0.04453720322191459,0.0,0.0,0.5,0.16846108436584473,Feasible
490,489,6,2,4,"ADD:7,4;ADD:8,7;REMOVE:4,5;REMOVE:6,3;REMOVE:7,7;REMOVE:8,2",0:-;1:-;2:-;3:-;4:5;5:-;6:3;7:7;8:2|8;9:-,0:-;1:-;2:-;3:-;4:-;5:-;6:-;7:4;8:7|8;9:-,7@4=1;8@4=3;8@1=5;8@2=2;8@5=1;8@6=2;8@7=1;8@8=3;8@9=2,"4,1,2,5,6,7,8,9",20,9,9,0,1.0,0.622432252446157,0.8,0.022432252446156917,0.0,0.0,0.2,0.18176913261413574,Feasible
491,490,5,3,2,"ADD:4,7;ADD:6,5;ADD:7,2;REMOVE:7,4;REMOVE:8,8",0:-;1:-;2:-;3:-;4:-;5:-;6:-;7:4;8:7|8;9:-,0:-;1:-;2:-;3:-;4:7;5:-;6:5;7:2;8:7;9:-,4@2=1;4@3=1;4@7=1;6@5=1;7@2=1;7@5=1;7@4=1;8@2=2;8@3=2;8@7=2;8@1=2,"2,3,7,5,4,1",15,11,11,0,1.0,0.4004812463530327,0.6666666666666666,0.03381457968636617,0.0,0.0,0.30000000000000004,0.17113924026489258,Feasible
492,491,7,3,4,"ADD:6,0;ADD:7,4;ADD:8,8;REMOVE:4,7;REMOVE:6,5;REMOVE:7,2;REMOVE:8,7",0:-;1:-;2:-;3:-;4:7;5:-;6:5;7:2;8:7;9:-,0:-;1:-;2:-;3:-;4:-;5:-;6:0;7:4;8:8;9:-,6@0=1;7@4=1;8@2=1;8@8=1,"0,4,2,8",4,4,4,0,1.0,0.7788313309759991,1.0,0.07883133097599923,0.0,0.0,0.30000000000000004,0.13994598388671875,Feasible
493,492,5,2,3,"ADD:4,2;ADD:8,7;REMOVE:6,0;REMOVE:7,4;REMOVE:8,8",0:-;1:-;2:-;3:-;4:-;5:-;6:0;7:4;8:8;9:-,0:-;1:-;2:-;3:-;4:2;5:-;6:-;7:-;8:7;9:-,4@0=1;4@2=2;4@4=1;8@0=1;8@2=5;8@6=2;8@8=1,"0,2,4,6,8",13,7,7,0,1.0,0.8157852141368551,1.0,0.015785214136855005,0.0,0.0,0.2,0.15545296669006348,Feasible
494,493,6,5,1,"ADD:0,1;ADD:1,2;ADD:2,4;ADD:4,3;ADD:4,7;REMOVE:4,2",0:-;1:-;2:-;3:-;4:2;5:-;6:-;7:-;8:7;9:-,0:1;1:2;2:4;3:-;4:3|7;5:-;6:-;7:-;8:7;9:-,0@1=2;0@3=1;0@6=1;1@0=1;1@2=1;1@8=1;2@2=1;2@4=1;4@3=1;4@6=1;4@5=1;4@7=1;8@1=1;8@3=2;8@6=1;8@0=2;8@2=2;8@4=2;8@7=2,"1,3,6,0,2,8,4,5,7",25,19,19,0,1.0,0.031735702515573117,0.5,0.03173570251557316,0.0,0.0,0.5,0.19695711135864258,Feasible
495,494,10,5,5,"ADD:0,2;ADD:1,4;ADD:3,6;ADD:4,2;ADD:5,3;REMOVE:0,1;REMOVE:1,2;REMOVE:2,4;REMOVE:4,3;REMOVE:4,7",0:1;1:2;2:4;3:-;4:3|7;5:-;6:-;7:-;8:7;9:-,0:2;1:4;2:-;3:6;4:2;5:3;6:-;7:-;8:7;9:-,0@2=2;1@2=1;1@4=1;3@4=1;3@6=1;4@2=1;5@2=1;5@3=1;8@2=3;8@4=1;8@6=1;8@3=1;8@1=1;8@7=1;8@9=1,"2,4,6,3,1,7,9",18,15,15,0,1.0,0.37091969088370014,0.8333333333333334,0.037586357550366725,0.0,0.0,0.5,0.17681169509887695,Feasible
496,495,11,5,6,"ADD:0,9;ADD:1,8;ADD:2,4;ADD:7,8;ADD:8,4;REMOVE:0,2;REMOVE:1,4;REMOVE:3,6;REMOVE:4,2;REMOVE:5,3;REMOVE:8,7",0:2;1:4;2:-;3:6;4:2;5:3;6:-;7:-;8:7;9:-,0:9;1:8;2:4;3:-;4:-;5:-;6:-;7:8;8:4;9:-,0@1=1;0@2=2;1@7=1;1@8=1;2@4=1;7@4=1;7@5=1;7@6=1;8@8=1;8@4=5,"1,2,7,8,4,5,6",15,10,10,0,1.0,0.5504429190991347,1.0,0.05044291909913468,0.0,0.0,0.5,0.1661069393157959,Feasible
497,496,9,5,4,"ADD:0,8;ADD:5,8;ADD:5,9;ADD:6,8;ADD:8,2;REMOVE:0,9;REMOVE:2,4;REMOVE:7,8;REMOVE:8,4",0:9;1:8;2:4;3:-;4:-;5:-;6:-;7:8;8:4;9:-,0:8;1:8;2:-;3:-;4:-;5:8|9;6:8;7:-;8:2;9:-,0@4=1;0@5=1;0@7=1;1@4=2;1@5=1;1@6=1;5@8=1;5@9=1;6@7=1;6@8=1;8@4=1;8@5=1;8@8=1;8@0=1;8@2=2,"4,5,7,6,8,9,0,2",17,15,15,0,1.0,0.33081505848244175,0.8,0.030815058482441687,0.0,0.0,0.5,0.18220305442810059,Feasible
498,497,12,6,6,"ADD:1,6;ADD:4,1;ADD:5,1;ADD:6,9;ADD:7,7;ADD:8,1;REMOVE:0,8;REMOVE:1,8;REMOVE:5,8;REMOVE:5,9;REMOVE:6,8;REMOVE:8,2",0:8;1:8;2:-;3:-;4:-;5:8|9;6:8;7:-;8:2;9:-,0:-;1:6;2:-;3:-;4:1;5:1;6:9;7:7;8:1;9:-,1@4=2;1@6=1;1@9=1;4@1=1;5@1=2;6@6=1;6@2=1;7@7=1;8@6=1;8@9=1;8@1=1;8@3=1;8@8=1,"4,6,9,1,2,7,3,8",15,13,13,0,1.0,0.4402671003546682,1.0,0.04026710035466811,0.0,0.0,0.6,0.1755518913269043,Feasible
499,498,10,4,6,"ADD:4,2;ADD:5,5;ADD:5,9;ADD:8,9;REMOVE:1,6;REMOVE:4,1;REMOVE:5,1;REMOVE:6,9;REMOVE:7,7;REMOVE:8,1",0:-;1:6;2:-;3:-;4:1;5:1;6:9;7:7;8:1;9:-,0:-;1:-;2:-;3:-;4:2;5:5|9;6:-;7:-;8:9;9:-,4@2=1;5@5=1;5@9=1;8@2=1;8@9=1;8@3=3;8@7=1,"2,5,9,3,7",9,7,7,0,1.0,0.6441389375852385,1.0,0.04413893758523847,0.0,0.0,0.4,0.15239810943603516,Feasible
500,499,11,7,4,"ADD:1,7;ADD:2,8;ADD:3,4;ADD:4,3;ADD:5,7;ADD:7,9;ADD:8,7;REMOVE:4,2;REMOVE:5,5;REMOVE:5,9;REMOVE:8,9",0:-;1:-;2:-;3:-;4:2;5:5|9;6:-;7:-;8:9;9:-,0:-;1:7;2:8;3:4;4:3;5:7;6:-;7:9;8:7;9:-,1@3=1;1@4=1;1@6=1;2@8=1;3@4=1;4@1=1;4@2=2;4@5=2;4@9=1;5@3=1;5@1=1;5@7=1;7@3=1;7@9=2;8@2=2;8@7=1,"3,4,6,8,1,2,5,9,7",20,16,16,0,1.0,0.32909767821216884,1.0,0.029097678212168698,0.0,0.0,0.7,0.18550419807434082,Feasible
501,500,11,5,6,"ADD:0,3;ADD:1,2;ADD:2,2;ADD:4,9;ADD:7,8;REMOVE:1,7;REMOVE:2,8;REMOVE:3,4;REMOVE:4,3;REMOVE:5,7;REMOVE:7,9",0:-;1:7;2:8;3:4;4:3;5:7;6:-;7:9;8:7;9:-,0:3;1:2;2:2;3:-;4:9;5:-;6:-;7:8;8:7;9:-,0@3=1;1@0=1;1@2=1;2@2=1;2@4=1;2@5=1;4@3=1;4@6=1;4@7=1;4@9=2;7@5=1;7@6=1;8@3=1;8@0=1;8@4=3;8@6=1;8@1=1,"3,0,2,4,5,6,7,9,1",20,17,17,0,1.0,0.38294803517927667,0.8571428571428571,0.02580517803641954,0.0,0.0,0.5,0.18564510345458984,Feasible
502,501,7,4,3,"ADD:4,8;ADD:5,8;ADD:6,5;ADD:7,7;REMOVE:0,3;REMOVE:4,9;REMOVE:7,8",0:3;1:2;2:2;3:-;4:9;5:-;6:-;7:8;8:7;9:-,0:-;1:2;2:2;3:-;4:8;5:8;6:5;7:7;8:7;9:-,1@2=1;2@2=1;4@1=1;4@4=2;4@5=1;5@2=1;5@4=2;5@5=2;5@6=1;5@7=1;6@5=1;7@7=1;7@0=1;8@1=2;8@4=2;8@6=1;8@7=1;8@3=1;8@8=2,"2,1,4,5,6,7,0,3,8",25,19,19,0,1.0,0.11818802278943263,0.5,0.018188022789432694,0.0,0.0,0.4,0.19056200981140137,Feasible
503,502,10,4,6,"ADD:1,8;ADD:2,3;ADD:4,6;ADD:5,7;REMOVE:1,2;REMOVE:2,2;REMOVE:4,8;REMOVE:5,8;REMOVE:6,5;REMOVE:7,7",0:-;1:2;2:2;3:-;4:8;5:8;6:5;7:7;8:7;9:-,0:-;1:8;2:3;3:-;4:6;5:7;6:-;7:-;8:7;9:-,1@1=1;1@4=1;1@8=2;2@2=1;2@3=1;4@8=1;4@6=2;4@9=1;5@7=1;8@4=1;8@3=1;8@9=1;8@0=1,"1,4,8,2,3,6,9,7,0",15,13,13,0,1.0,0.5016223339797382,0.8571428571428571,0.04447947683688118,0.0,0.0,0.4,0.17849421501159668,Feasible
504,503,7,4,3,"ADD:2,7;ADD:4,9;ADD:6,8;ADD:7,8;REMOVE:2,3;REMOVE:4,6;REMOVE:5,7",0:-;1:8;2:3;3:-;4:6;5:7;6:-;7:-;8:7;9:-,0:-;1:8;2:7;3:-;4:9;5:-;6:8;7:8;8:7;9:-,1@1=1;1@2=1;1@4=1;1@5=1;2@1=1;2@2=1;2@4=1;2@3=1;2@6=2;4@6=1;4@9=1;6@8=1;7@8=1;8@1=2;8@2=1;8@6=1;8@8=1;8@0=1,"1,2,4,5,3,6,9,8,0",20,18,18,0,1.0,0.21648484807096668,0.6,0.016484848070966725,0.0,0.0,0.4,0.19054412841796875,Feasible
505,504,10,4,6,"ADD:1,7;ADD:2,4;ADD:4,6;ADD:8,2;REMOVE:1,8;REMOVE:2,7;REMOVE:4,9;REMOVE:6,8;REMOVE:7,8;REMOVE:8,7",0:-;1:8;2:7;3:-;4:9;5:-;6:8;7:8;8:7;9:-,0:-;1:7;2:4;3:-;4:6;5:-;6:-;7:-;8:2;9:-,1@7=1;2@4=1;4@6=2;8@4=2;8@0=2;8@2=1;8@3=1;8@5=1,"7,4,6,0,2,3,5",11,8,8,0,1.0,0.6435160760309963,1.0,0.04351607603099626,0.0,0.0,0.4,0.16354703903198242,Feasible
506,505,10,6,4,"ADD:2,6;ADD:3,4;ADD:4,4;ADD:5,1;ADD:6,6;ADD:7,2;REMOVE:1,7;REMOVE:2,4;REMOVE:4,6;REMOVE:8,2",0:-;1:7;2:4;3:-;4:6;5:-;6:-;7:-;8:2;9:-,0:-;1:-;2:6;3:4;4:4;5:1;6:6;7:2;8:-;9:-,2@4=1;2@6=1;3@4=1;4@4=1;5@1=1;6@6=1;6@1=1;7@2=1,"4,6,1,2",8,8,8,0,1.0,0.4757240813550151,1.0,0.0757240813550151,0.0,0.0,0.6,0.14611291885375977,Feasible
507,506,10,5,5,"ADD:2,0;ADD:4,6;ADD:5,7;ADD:6,8;ADD:8,7;REMOVE:2,6;REMOVE:3,4;REMOVE:4,4;REMOVE:5,1;REMOVE:6,6",0:-;1:-;2:6;3:4;4:4;5:1;6:6;7:2;8:-;9:-,0:-;1:-;2:0;3:-;4:6;5:7;6:8;7:2;8:7;9:-,2@0=1;4@4=1;4@6=1;4@9=1;5@1=1;5@7=1;6@2=1;6@8=1;7@2=1;8@4=2;8@9=1;8@1=2;8@2=2,"0,4,6,9,1,7,2,8",16,13,13,0,1.0,0.3627172399493068,0.8333333333333334,0.029383906615973437,0.0,0.0,0.5,0.17610597610473633,Feasible
508,507,10,5,5,"ADD:2,7;ADD:3,6;ADD:4,7;ADD:5,3;ADD:7,7;REMOVE:2,0;REMOVE:4,6;REMOVE:5,7;REMOVE:6,8;REMOVE:7,2",0:-;1:-;2:0;3:-;4:6;5:7;6:8;7:2;8:7;9:-,0:-;1:-;2:7;3:6;4:7;5:3;6:-;7:7;8:7;9:-,2@0=1;2@1=1;2@4=3;3@4=1;3@6=1;4@0=1;4@3=1;4@9=1;5@3=1;5@2=1;7@4=1;7@9=1;8@1=2;8@4=2;8@9=2;8@2=1;8@7=1,"0,1,4,6,3,9,2,7",22,17,17,0,1.0,0.34513178693036106,0.8333333333333334,0.011798453597027745,0.0,0.0,0.5,0.18636274337768555,Feasible
509,508,11,7,4,"ADD:2,3;ADD:2,5;ADD:3,7;ADD:5,7;ADD:6,9;ADD:7,4;ADD:8,8;REMOVE:2,7;REMOVE:3,6;REMOVE:5,3;REMOVE:7,7",0:-;1:-;2:7;3:6;4:7;5:3;6:-;7:7;8:7;9:-,0:-;1:-;2:3|5;3:7;4:7;5:7;6:9;7:4;8:7|8;9:-,2@0=1;2@1=2;2@3=1;2@5=1;3@4=1;3@7=1;4@0=1;4@3=1;4@9=1;5@0=1;5@3=1;5@7=1;5@2=2;6@9=1;7@4=1;8@1=2;8@5=1;8@4=3;8@9=1;8@2=3;8@6=1;8@8=2,"0,1,3,5,4,7,9,2,6,8",30,22,22,0,1.0,-0.005890602785107335,0.6666666666666666,0.027442730548226,0.0,0.0,0.7,0.20458388328552246,Feasible
510,509,9,3,6,"ADD:4,8;ADD:7,0;ADD:8,2;REMOVE:2,5;REMOVE:4,7;REMOVE:6,9;REMOVE:7,4;REMOVE:8,7;REMOVE:8,8",0:-;1:-;2:3|5;3:7;4:7;5:7;6:9;7:4;8:7|8;9:-,0:-;1:-;2:3;3:7;4:8;5:7;6:-;7:0;8:2;9:-,2@2=1;2@3=1;2@5=2;2@7=1;3@7=1;4@1=1;4@4=1;5@2=1;5@7=2;5@1=1;7@0=1;8@2=3;8@3=1;8@5=2;8@7=1;8@4=1;8@0=1;8@8=1;8@9=1,"2,3,5,7,1,4,0,8,9",24,19,19,0,1.0,0.39859249338831626,0.6666666666666666,0.03192582672164969,0.0,0.0,0.30000000000000004,0.19395828247070312,Feasible
511,510,13,7,6,"ADD:0,7;ADD:2,0;ADD:3,8;ADD:4,9;ADD:5,0;ADD:6,8;ADD:8,8;REMOVE:2,3;REMOVE:3,7;REMOVE:4,8;REMOVE:5,7;REMOVE:7,0;REMOVE:8,2",0:-;1:-;2:3;3:7;4:8;5:7;6:-;7:0;8:2;9:-,0:7;1:-;2:0;3:8;4:9;5:0;6:8;7:-;8:8;9:-,0@7=1;2@7=1;2@0=2;2@5=2;3@1=2;3@8=1;4@1=1;4@2=1;5@0=1;6@8=1;8@7=2;8@5=2;8@8=1;8@2=1;8@6=1,"7,0,5,1,8,2,6",20,15,15,0,1.0,0.3337595664824422,1.0,0.03375956648244212,0.0,0.0,0.7,0.17569208145141602,Feasible
512,511,14,7,7,"ADD:2,7;ADD:3,7;ADD:4,7;ADD:5,9;ADD:6,7;ADD:7,5;ADD:8,7;REMOVE:0,7;REMOVE:2,0;REMOVE:3,8;REMOVE:4,9;REMOVE:5,0;REMOVE:6,8;REMOVE:8,8",0:7;1:-;2:0;3:8;4:9;5:0;6:8;7:-;8:8;9:-,0:-;1:-;2:7;3:7;4:7;5:9;6:7;7:5;8:7;9:-,2@0=1;2@4=1;3@7=1;4@0=1;4@1=1;5@9=1;6@7=1;7@0=1;7@5=1;8@0=1;8@1=1;8@2=2;8@6=1;8@8=1,"0,4,7,1,9,5,2,6,8",15,14,14,0,1.0,0.3263008461811341,1.0,0.026300846181134048,0.0,0.0,0.7,0.18143796920776367,Feasible
513,512,10,4,6,"ADD:3,8;ADD:4,8;ADD:5,7;ADD:7,2;REMOVE:2,7;REMOVE:3,7;REMOVE:4,7;REMOVE:5,9;REMOVE:6,7;REMOVE:7,5",0:-;1:-;2:7;3:7;4:7;5:9;6:7;7:5;8:7;9:-,0:-;1:-;2:-;3:8;4:8;5:7;6:-;7:2;8:7;9:-,3@8=1;4@1=1;4@2=1;4@5=1;5@2=1;5@4=1;5@7=2;7@2=1;8@1=1;8@7=1;8@0=1;8@3=2;8@9=1,"8,1,2,5,4,7,0,3,9",15,13,13,0,1.0,0.49183617838312876,0.8571428571428571,0.0346933212402717,0.0,0.0,0.4,0.18348002433776855,Feasible
514,513,10,6,4,"ADD:2,5;ADD:3,2;ADD:4,5;ADD:5,6;ADD:7,9;ADD:8,8;REMOVE:3,8;REMOVE:4,8;REMOVE:5,7;REMOVE:7,2",0:-;1:-;2:-;3:8;4:8;5:7;6:-;7:2;8:7;9:-,0:-;1:-;2:5;3:2;4:5;5:6;6:-;7:9;8:7|8;9:-,2@5=1;3@2=1;4@5=1;5@6=1;7@9=2;8@5=1;8@2=3;8@6=1;8@9=1;8@0=1;8@1=1;8@8=1,"5,2,6,9,0,1,8",15,12,12,0,1.0,0.24427504299370462,0.8,0.04427504299370456,0.0,0.0,0.6,0.17052698135375977,Feasible
515,514,13,7,6,"ADD:0,5;ADD:2,7;ADD:4,8;ADD:5,7;ADD:6,1;ADD:7,8;ADD:8,2;REMOVE:2,5;REMOVE:3,2;REMOVE:4,5;REMOVE:5,6;REMOVE:7,9;REMOVE:8,8",0:-;1:-;2:5;3:2;4:5;5:6;6:-;7:9;8:7|8;9:-,0:5;1:-;2:7;3:-;4:8;5:7;6:1;7:8;8:2|7;9:-,0@5=1;2@2=1;2@3=1;2@7=1;4@7=1;4@1=1;4@4=1;4@8=1;5@2=1;5@7=1;6@1=1;7@5=1;7@2=1;7@1=2;7@4=2;8@5=2;8@2=1;8@7=1;8@1=4;8@0=2,"5,2,3,7,1,4,8,0",27,20,20,0,1.0,0.18289524837294158,0.8571428571428571,0.025752391230084427,0.0,0.0,0.7,0.19125914573669434,Feasible
516,515,13,6,7,"ADD:0,2;ADD:2,8;ADD:3,2;ADD:4,4;ADD:5,0;ADD:8,8;REMOVE:0,5;REMOVE:2,7;REMOVE:4,8;REMOVE:5,7;REMOVE:6,1;REMOVE:8,2;REMOVE:8,7",0:5;1:-;2:7;3:-;4:8;5:7;6:1;7:8;8:2|7;9:-,0:2;1:-;2:8;3:2;4:4;5:0;6:-;7:8;8:8;9:-,0@2=1;2@8=1;3@2=1;3@0=1;4@4=1;5@0=1;7@8=1;8@2=1;8@8=1,"2,8,0,4",9,9,9,0,1.0,0.35165050419572463,0.875,0.07665050419572461,0.0,0.0,0.6,0.14862298965454102,Feasible
517,516,13,6,7,"ADD:2,9;ADD:4,7;ADD:5,3;ADD:6,2;ADD:7,7;ADD:8,7;REMOVE:0,2;REMOVE:2,8;REMOVE:3,2;REMOVE:4,4;REMOVE:5,0;REMOVE:7,8;REMOVE:8,8",0:2;1:-;2:8;3:2;4:4;5:0;6:-;7:8;8:8;9:-,0:-;1:-;2:9;3:-;4:7;5:3;6:2;7:7;8:7;9:-,2@1=1;2@9=1;4@3=1;4@7=1;5@3=1;6@2=1;7@7=1;8@7=1;8@2=2;8@4=1,"1,9,3,7,2,4",11,10,10,0,1.0,0.4524054178479998,1.0,0.052405417847999736,0.0,0.0,0.6,0.1610400676727295,Feasible
518,517,9,4,5,"ADD:4,6;ADD:5,0;ADD:6,0;ADD:8,8;REMOVE:4,7;REMOVE:5,3;REMOVE:6,2;REMOVE:7,7;REMOVE:8,7",0:-;1:-;2:9;3:-;4:7;5:3;6:2;7:7;8:7;9:-,0:-;1:-;2:9;3:-;4:6;5:0;6:0;7:-;8:8;9:-,2@1=1;2@9=1;4@4=2;4@6=1;5@0=1;6@0=1;8@1=1;8@2=1;8@8=1,"1,9,4,6,0,2,8",10,9,9,0,1.0,0.48299696800252667,0.8333333333333334,0.04966363466919328,0.0,0.0,0.4,0.16269898414611816,Feasible
519,518,9,4,5,"ADD:3,4;ADD:4,4;ADD:7,4;ADD:8,9;REMOVE:2,9;REMOVE:4,6;REMOVE:5,0;REMOVE:6,0;REMOVE:8,8",0:-;1:-;2:9;3:-;4:6;5:0;6:0;7:-;8:8;9:-,0:-;1:-;2:-;3:4;4:4;5:-;6:-;7:4;8:9;9:-,3@2=1;3@4=1;4@4=1;7@4=2;8@2=2;8@9=1,"2,4,9",8,6,6,0,1.0,0.6633438430058282,1.0,0.06334384300582827,0.0,0.0,0.4,0.14098310470581055,Feasible
520,519,10,6,4,"ADD:0,0;ADD:3,3;ADD:5,8;ADD:6,5;ADD:7,3;ADD:8,2;REMOVE:3,4;REMOVE:4,4;REMOVE:7,4;REMOVE:8,9",0:-;1:-;2:-;3:4;4:4;5:-;6:-;7:4;8:9;9:-,0:0;1:-;2:-;3:3;4:-;5:8;6:5;7:3;8:2;9:-,0@0=1;3@2=2;3@3=1;5@1=2;5@4=1;5@5=1;5@7=1;6@5=1;7@2=1;7@3=1;8@4=2;8@5=1;8@9=1,"0,2,3,1,4,5,7,9",16,13,13,0,1.0,0.4251581201884954,1.0,0.02515812018849547,0.0,0.0,0.6,0.17599272727966309,Feasible
521,520,12,7,5,"ADD:1,4;ADD:2,9;ADD:3,8;ADD:4,2;ADD:5,2;ADD:6,4;ADD:7,8;REMOVE:0,0;REMOVE:3,3;REMOVE:5,8;REMOVE:6,5;REMOVE:7,3",0:0;1:-;2:-;3:3;4:-;5:8;6:5;7:3;8:2;9:-,0:-;1:4;2:9;3:8;4:2;5:2;6:4;7:8;8:2;9:-,1@4=1;2@3=1;2@6=1;2@9=1;3@6=1;3@2=1;3@5=2;4@2=1;4@0=1;5@2=1;6@4=1;7@8=1;8@4=1;8@3=1;8@9=1;8@2=2;8@5=1;8@0=1;8@8=3,"4,3,6,9,2,5,0,8",23,19,19,0,1.0,0.16834675983363723,0.8333333333333334,0.03501342650030378,0.0,0.0,0.7,0.18726611137390137,Feasible
522,521,16,8,8,"ADD:1,7;ADD:2,2;ADD:3,3;ADD:4,7;ADD:5,5;ADD:5,9;ADD:7,3;ADD:8,7;REMOVE:1,4;REMOVE:2,9;REMOVE:3,8;REMOVE:4,2;REMOVE:5,2;REMOVE:6,4;REMOVE:7,8;REMOVE:8,2",0:-;1:4;2:9;3:8;4:2;5:2;6:4;7:8;8:2;9:-,0:-;1:7;2:2;3:3;4:7;5:5|9;6:-;7:3;8:7;9:-,1@3=1;1@4=1;2@3=1;2@4=2;2@2=1;2@8=1;3@3=1;4@7=1;5@5=1;5@9=1;7@3=1;8@4=2;8@2=1;8@9=1;8@0=2;8@1=4,"3,4,2,8,7,5,9,0,1",22,16,16,0,1.0,0.22756968125064347,1.0,0.027569681250643387,0.0,0.0,0.7999999999999999,0.1946721076965332,Feasible
523,522,16,9,7,"ADD:0,9;ADD:1,8;ADD:2,3;ADD:3,7;ADD:4,3;ADD:4,5;ADD:5,4;ADD:6,2;ADD:7,6;REMOVE:1,7;REMOVE:2,2;REMOVE:3,3;REMOVE:4,7;REMOVE:5,5;REMOVE:5,9;REMOVE:7,3",0:-;1:7;2:2;3:3;4:7;5:5|9;6:-;7:3;8:7;9:-,0:9;1:8;2:3;3:7;4:3|5;5:4;6:2;7:6;8:7;9:-,0@9=1;1@4=2;1@5=1;2@1=1;2@3=1;3@9=1;3@4=1;3@0=1;4@5=1;4@1=1;4@3=1;4@0=1;5@4=2;5@2=1;6@2=1;7@4=1;7@6=1;8@4=2;8@1=1;8@0=2;8@8=2,"9,4,5,1,3,0,2,6,8",26,21,21,0,1.0,0.005065405881860774,0.875,0.030065405881860637,0.0,0.0,0.8999999999999999,0.19579076766967773,Feasible
524,523,14,5,9,"ADD:3,8;ADD:4,0;ADD:5,9;ADD:7,2;ADD:8,8;REMOVE:0,9;REMOVE:1,8;REMOVE:3,7;REMOVE:4,3;REMOVE:4,5;REMOVE:5,4;REMOVE:6,2;REMOVE:7,6;REMOVE:8,7",0:9;1:8;2:3;3:7;4:3|5;5:4;6:2;7:6;8:7;9:-,0:-;1:-;2:3;3:8;4:0;5:9;6:-;7:2;8:8;9:-,2@3=1;3@5=1;3@7=1;3@8=2;4@0=1;5@1=1;5@9=1;7@2=1;8@8=1;8@2=1;8@4=1;8@6=1,"3,5,7,8,0,1,9,2,4,6",13,12,12,0,1.0,0.45183341491289586,0.9,0.0518334149128958,0.0,0.0,0.5,0.18370890617370605,Feasible
525,524,13,7,6,"ADD:1,3;ADD:2,7;ADD:3,5;ADD:4,9;ADD:5,3;ADD:7,7;ADD:8,7;REMOVE:2,3;REMOVE:3,8;REMOVE:4,0;REMOVE:5,9;REMOVE:7,2;REMOVE:8,8",0:-;1:-;2:3;3:8;4:0;5:9;6:-;7:2;8:8;9:-,0:-;1:3;2:7;3:5;4:9;5:3;6:-;7:7;8:7;9:-,1@3=1;2@3=1;2@0=1;2@1=1;2@4=1;3@5=1;4@2=1;4@6=1;5@3=1;7@3=1;7@4=1;7@6=1;8@1=2;8@6=1;8@7=1,"3,0,1,4,5,2,6,7",16,15,15,0,1.0,0.32314196081365765,1.0,0.023141960813657558,0.0,0.0,0.7,0.1786489486694336,Feasible
526,525,11,4,7,"ADD:3,9;ADD:4,1;ADD:5,5;ADD:7,9;REMOVE:1,3;REMOVE:2,7;REMOVE:3,5;REMOVE:4,9;REMOVE:5,3;REMOVE:7,7;REMOVE:8,7",0:-;1:3;2:7;3:5;4:9;5:3;6:-;7:7;8:7;9:-,0:-;1:-;2:-;3:9;4:1;5:5;6:-;7:9;8:-;9:-,3@2=1;3@6=1;4@1=1;5@5=1;5@8=1;7@9=1,"2,6,1,5,8,9",6,6,6,0,1.0,0.6539369160994276,1.0,0.05393691609942773,0.0,0.0,0.4,0.1529090404510498,Feasible
527,526,7,3,4,"ADD:4,6;ADD:5,0;ADD:8,2;REMOVE:3,9;REMOVE:4,1;REMOVE:5,5;REMOVE:7,9",0:-;1:-;2:-;3:9;4:1;5:5;6:-;7:9;8:-;9:-,0:-;1:-;2:-;3:-;4:6;5:0;6:-;7:-;8:2;9:-,4@6=1;5@0=1;8@0=1;8@2=1;8@4=1,"6,0,2,4",5,5,5,0,1.0,0.7594823659847245,1.0,0.05948236598472452,0.0,0.0,0.30000000000000004,0.14208316802978516,Feasible
528,527,10,7,3,"ADD:1,8;ADD:2,8;ADD:3,7;ADD:4,8;ADD:5,9;ADD:7,9;ADD:8,0;REMOVE:4,6;REMOVE:5,0;REMOVE:8,2",0:-;1:-;2:-;3:-;4:6;5:0;6:-;7:-;8:2;9:-,0:-;1:8;2:8;3:7;4:8;5:9;6:-;7:9;8:0;9:-,1@8=1;2@1=1;2@2=2;2@4=1;2@5=1;3@1=1;3@4=1;3@7=1;4@8=1;4@1=1;5@2=2;5@9=1;7@1=2;7@9=1;7@6=1;8@0=2,"8,1,2,4,5,7,9,6,0",20,16,16,0,1.0,0.33694751060758854,1.0,0.03694751060758839,0.0,0.0,0.7,0.1851511001586914,Feasible
529,528,15,8,7,"ADD:1,7;ADD:2,7;ADD:3,5;ADD:4,4;ADD:5,3;ADD:6,1;ADD:7,5;ADD:8,9;REMOVE:1,8;REMOVE:2,8;REMOVE:3,7;REMOVE:4,8;REMOVE:5,9;REMOVE:7,9;REMOVE:8,0",0:-;1:8;2:8;3:7;4:8;5:9;6:-;7:9;8:0;9:-,0:-;1:7;2:7;3:5;4:4;5:3;6:1;7:5;8:9;9:-,1@1=1;1@7=1;2@1=1;2@7=2;2@0=1;2@2=1;2@4=2;2@6=1;3@5=2;4@2=2;4@4=1;5@1=2;5@3=1;6@1=1;7@5=1;8@9=3,"1,7,0,2,4,6,5,3,9",23,16,16,0,1.0,0.2537207042359161,1.0,0.05372070423591594,0.0,0.0,0.7999999999999999,0.1843559741973877,Feasible
530,529,12,5,7,"ADD:1,5;ADD:3,9;ADD:4,1;ADD:7,8;ADD:8,2;REMOVE:1,7;REMOVE:3,5;REMOVE:4,4;REMOVE:5,3;REMOVE:6,1;REMOVE:7,5;REMOVE:8,9",0:-;1:7;2:7;3:5;4:4;5:3;6:1;7:5;8:9;9:-,0:-;1:5;2:7;3:9;4:1;5:-;6:-;7:8;8:2;9:-,1@0=1;1@5=1;2@3=2;2@4=1;2@8=1;3@9=1;4@1=1;7@4=1;7@1=1;8@2=1,"0,5,3,4,8,9,1,2",11,10,10,0,1.0,0.412899295844416,0.875,0.037899295844415974,0.0,0.0,0.5,0.1692979335784912,Feasible
531,530,13,8,5,"ADD:0,7;ADD:1,3;ADD:2,9;ADD:3,3;ADD:4,7;ADD:5,7;ADD:6,3;ADD:8,7;REMOVE:1,5;REMOVE:2,7;REMOVE:3,9;REMOVE:4,1;REMOVE:8,2",0:-;1:5;2:7;3:9;4:1;5:-;6:-;7:8;8:2;9:-,0:7;1:3;2:9;3:3;4:7;5:7;6:3;7:8;8:7;9:-,0@0=1;0@4=1;0@9=1;1@3=1;2@9=1;2@1=2;2@6=1;3@3=1;4@0=1;4@4=1;4@9=1;4@2=1;4@7=1;5@1=1;5@7=1;6@3=1;7@1=1;7@2=1;7@5=1;8@0=1;8@9=1;8@8=1,"0,4,9,3,1,6,2,7,5,8",23,22,22,0,1.0,0.06012930880554679,0.8333333333333334,0.026795975472213334,0.0,0.0,0.7999999999999999,0.20417261123657227,Feasible
532,531,15,6,9,"ADD:1,4;ADD:2,7;ADD:3,2;ADD:4,9;ADD:5,2;ADD:8,1;REMOVE:0,7;REMOVE:1,3;REMOVE:2,9;REMOVE:3,3;REMOVE:4,7;REMOVE:5,7;REMOVE:6,3;REMOVE:7,8;REMOVE:8,7",0:7;1:3;2:9;3:3;4:7;5:7;6:3;7:8;8:7;9:-,0:-;1:4;2:7;3:2;4:9;5:2;6:-;7:-;8:1;9:-,1@4=1;2@4=1;2@0=1;2@1=1;2@7=1;3@4=1;3@3=1;3@5=1;4@1=1;4@2=1;5@2=1;8@1=1;8@3=1;8@6=1,"4,0,1,7,3,5,2,6",14,14,14,0,1.0,0.42915839597227945,1.0,0.029158395972279427,0.0,0.0,0.6,0.18008923530578613,Feasible
533,532,9,3,6,"ADD:2,9;ADD:7,4;ADD:8,8;REMOVE:1,4;REMOVE:2,7;REMOVE:3,2;REMOVE:4,9;REMOVE:5,2;REMOVE:8,1",0:-;1:4;2:7;3:2;4:9;5:2;6:-;7:-;8:1;9:-,0:-;1:-;2:9;3:-;4:-;5:-;6:-;7:4;8:8;9:-,2@2=1;2@7=1;2@9=1;7@4=1;8@4=1;8@1=1,"2,7,9,4,1",6,6,6,0,1.0,0.7332122003385264,1.0,0.03321220033852654,0.0,0.0,0.30000000000000004,0.1511058807373047,Feasible
534,533,6,3,3,"ADD:4,4;ADD:5,6;ADD:8,3;REMOVE:2,9;REMOVE:7,4;REMOVE:8,8",0:-;1:-;2:9;3:-;4:-;5:-;6:-;7:4;8:8;9:-,0:-;1:-;2:-;3:-;4:4;5:6;6:-;7:-;8:3;9:-,4@4=1;5@6=1;5@8=1;5@9=1;8@1=2;8@2=1;8@3=2,"4,6,8,9,1,2,3",9,7,7,0,1.0,0.7422110073676131,1.0,0.042211007367613254,0.0,0.0,0.30000000000000004,0.16435003280639648,Feasible
535,534,8,5,3,"ADD:3,7;ADD:4,8;ADD:5,2;ADD:7,5;ADD:8,7;REMOVE:4,4;REMOVE:5,6;REMOVE:8,3",0:-;1:-;2:-;3:-;4:4;5:6;6:-;7:-;8:3;9:-,0:-;1:-;2:-;3:7;4:8;5:2;6:-;7:5;8:7;9:-,3@1=1;3@4=1;3@7=1;4@5=1;4@8=1;5@2=1;7@5=1;8@2=2;8@0=1;8@6=1,"1,4,7,5,8,2,0,6",11,10,10,0,1.0,0.5361474907596682,1.0,0.03614749075966817,0.0,0.0,0.5,0.1704399585723877,Feasible
536,535,10,6,4,"ADD:1,8;ADD:3,4;ADD:4,2;ADD:5,4;ADD:6,4;ADD:7,2;REMOVE:3,7;REMOVE:4,8;REMOVE:5,2;REMOVE:7,5",0:-;1:-;2:-;3:7;4:8;5:2;6:-;7:5;8:7;9:-,0:-;1:8;2:-;3:4;4:2;5:4;6:4;7:2;8:7;9:-,1@4=1;1@5=1;1@8=1;3@4=2;3@2=1;4@2=1;5@4=1;5@2=1;6@4=1;7@2=1;7@0=1;8@2=1;8@3=1;8@7=1,"4,5,8,2,0,3,7",15,14,14,0,1.0,0.25001765461929604,0.8,0.05001765461929598,0.0,0.0,0.6,0.1715548038482666,Feasible
537,536,11,5,6,"ADD:1,3;ADD:3,8;ADD:4,4;ADD:7,7;ADD:8,0;REMOVE:1,8;REMOVE:3,4;REMOVE:4,2;REMOVE:5,4;REMOVE:6,4;REMOVE:7,2",0:-;1:8;2:-;3:4;4:2;5:4;6:4;7:2;8:7;9:-,0:-;1:3;2:-;3:8;4:4;5:-;6:-;7:7;8:0|7;9:-,1@3=1;3@1=1;3@4=1;4@4=1;4@2=1;7@7=1;8@1=1;8@7=1;8@0=1;8@5=2,"3,1,4,2,7,0,5",11,10,10,0,1.0,0.40195162122058037,0.8571428571428571,0.04480876407772331,0.0,0.0,0.5,0.16659975051879883,Feasible
538,537,12,6,6,"ADD:0,8;ADD:1,2;ADD:4,1;ADD:5,7;ADD:7,3;ADD:8,8;REMOVE:1,3;REMOVE:3,8;REMOVE:4,4;REMOVE:7,7;REMOVE:8,0;REMOVE:8,7",0:-;1:3;2:-;3:8;4:4;5:-;6:-;7:7;8:0|7;9:-,0:8;1:2;2:-;3:-;4:1;5:7;6:-;7:3;8:8;9:-,0@1=1;0@8=1;1@2=1;4@1=1;5@1=1;5@2=1;5@3=1;5@4=1;7@1=1;7@3=1;8@1=1;8@2=2;8@4=1,"1,8,2,3,4",14,13,13,0,1.0,0.43021112199846,1.0,0.030211121998459895,0.0,0.0,0.6,0.1737048625946045,Feasible
539,538,7,3,4,"ADD:0,2;ADD:3,4;ADD:5,9;REMOVE:0,8;REMOVE:4,1;REMOVE:5,7;REMOVE:7,3",0:8;1:2;2:-;3:-;4:1;5:7;6:-;7:3;8:8;9:-,0:2;1:2;2:-;3:4;4:-;5:9;6:-;7:-;8:8;9:-,0@2=2;0@3=1;0@7=1;1@2=1;3@4=1;5@2=1;5@9=1;8@8=1,"2,3,7,4,9,8",9,8,8,0,1.0,0.4389033025543687,0.6666666666666666,0.07223663588770218,0.0,0.0,0.30000000000000004,0.16195106506347656,Feasible
540,539,10,5,5,"ADD:3,6;ADD:4,2;ADD:5,8;ADD:6,5;ADD:8,7;REMOVE:0,2;REMOVE:1,2;REMOVE:3,4;REMOVE:5,9;REMOVE:8,8",0:2;1:2;2:-;3:4;4:-;5:9;6:-;7:-;8:8;9:-,0:-;1:-;2:-;3:6;4:2;5:8;6:5;7:-;8:7;9:-,3@6=1;4@0=1;4@2=1;5@4=1;5@5=1;6@2=1;6@5=1;8@2=1;8@4=1;8@3=1;8@7=1,"6,0,2,4,5,3,7",11,11,11,0,1.0,0.538108062749953,1.0,0.03810806274995313,0.0,0.0,0.5,0.1687312126159668,Feasible
541,540,10,5,5,"ADD:0,4;ADD:1,1;ADD:3,7;ADD:5,7;ADD:8,4;REMOVE:3,6;REMOVE:4,2;REMOVE:5,8;REMOVE:6,5;REMOVE:8,7",0:-;1:-;2:-;3:6;4:2;5:8;6:5;7:-;8:7;9:-,0:4;1:1;2:-;3:7;4:-;5:7;6:-;7:-;8:4;9:-,0@4=1;1@1=1;3@0=1;3@9=1;5@7=1;8@4=1;8@2=1,"4,1,0,9,7,2",7,7,7,0,1.0,0.5558808669941524,1.0,0.0558808669941523,0.0,0.0,0.5,0.1628262996673584,Feasible
542,541,11,6,5,"ADD:0,9;ADD:4,4;ADD:5,9;ADD:7,5;ADD:7,7;ADD:8,7;REMOVE:0,4;REMOVE:1,1;REMOVE:3,7;REMOVE:5,7;REMOVE:8,4",0:4;1:1;2:-;3:7;4:-;5:7;6:-;7:-;8:4;9:-,0:9;1:-;2:-;3:-;4:4;5:9;6:-;7:5|7;8:7;9:-,0@2=1;0@6=1;4@2=1;4@4=1;5@6=1;5@9=1;7@4=1;7@0=1;7@1=1;7@3=1;7@5=1;8@2=1;8@6=2;8@0=1;8@7=1,"2,6,4,9,0,1,3,5,7",16,15,15,0,1.0,0.4255785442403729,1.0,0.025578544240372952,0.0,0.0,0.6,0.20872974395751953,Feasible
543,542,13,7,6,"ADD:2,2;ADD:2,9;ADD:3,4;ADD:4,2;ADD:5,2;ADD:7,9;ADD:8,8;REMOVE:0,9;REMOVE:4,4;REMOVE:5,9;REMOVE:7,5;REMOVE:7,7;REMOVE:8,7",0:9;1:-;2:-;3:-;4:4;5:9;6:-;7:5|7;8:7;9:-,0:-;1:-;2:2|9;3:4;4:2;5:2;6:-;7:9;8:8;9:-,2@1=1;2@2=1;2@4=1;2@5=1;2@9=1;3@4=1;4@2=1;5@2=1;5@0=1;5@3=1;5@8=1;7@9=1;7@7=1;8@1=1;8@5=1;8@8=1;8@7=1;8@6=1,"1,2,4,5,9,0,3,8,7,6",18,18,18,0,1.0,0.3392882579416707,1.0,0.03928825794167074,0.0,0.0,0.7,0.2425839900970459,Feasible
544,543,14,7,7,"ADD:0,8;ADD:1,7;ADD:2,8;ADD:4,6;ADD:5,8;ADD:7,8;ADD:8,6;REMOVE:2,2;REMOVE:2,9;REMOVE:3,4;REMOVE:4,2;REMOVE:5,2;REMOVE:7,9;REMOVE:8,8",0:-;1:-;2:2|9;3:4;4:2;5:2;6:-;7:9;8:8;9:-,0:8;1:7;2:8;3:-;4:6;5:8;6:-;7:8;8:6;9:-,0@1=1;0@2=1;0@4=1;1@4=1;1@0=1;1@9=1;2@2=1;2@8=1;4@4=2;4@6=1;5@2=2;5@4=2;5@6=1;5@5=1;7@8=1;7@5=1;8@4=1;8@6=1,"1,2,4,0,9,8,6,5",21,18,18,0,1.0,0.318177354826507,1.0,0.018177354826506904,0.0,0.0,0.7,0.22488975524902344,Feasible
545,544,11,6,5,"ADD:0,7;ADD:1,8;ADD:4,4;ADD:6,2;ADD:7,7;ADD:8,9;REMOVE:0,8;REMOVE:1,7;REMOVE:4,6;REMOVE:7,8;REMOVE:8,6",0:8;1:7;2:8;3:-;4:6;5:8;6:-;7:8;8:6;9:-,0:7;1:8;2:8;3:-;4:4;5:8;6:2;7:7;8:9;9:-,0@3=1;0@4=1;0@7=1;0@9=1;1@4=1;1@7=1;1@1=1;1@5=1;2@4=1;2@1=1;2@2=1;2@6=1;2@8=1;4@4=1;5@8=1;6@2=1;7@7=1;8@9=1;8@2=2,"3,4,7,9,1,5,2,6,8",20,19,19,0,1.0,0.14692046377840706,0.7142857142857143,0.0326347494926927,0.0,0.0,0.6,0.22801709175109863,Feasible
546,545,12,4,8,"ADD:3,4;ADD:4,7;ADD:5,4;ADD:8,7;REMOVE:0,7;REMOVE:1,8;REMOVE:2,8;REMOVE:4,4;REMOVE:5,8;REMOVE:6,2;REMOVE:7,7;REMOVE:8,9",0:7;1:8;2:8;3:-;4:4;5:8;6:2;7:7;8:9;9:-,0:-;1:-;2:-;3:4;4:7;5:4;6:-;7:-;8:7;9:-,3@4=1;4@4=1;4@7=1;5@4=1;8@4=1;8@7=1,"4,7",6,6,6,0,1.0,0.6670617869356871,1.0,0.06706178693568701,0.0,0.0,0.4,0.16350412368774414,Feasible
547,546,6,3,3,"ADD:1,9;ADD:4,5;ADD:7,2;REMOVE:4,7;REMOVE:5,4;REMOVE:8,7",0:-;1:-;2:-;3:4;4:7;5:4;6:-;7:-;8:7;9:-,0:-;1:9;2:-;3:4;4:5;5:-;6:-;7:2;8:-;9:-,1@9=1;3@4=1;4@5=1;7@2=1,"9,4,5,2",4,4,4,0,1.0,0.5570336517467843,0.75,0.10703365174678439,0.0,0.0,0.30000000000000004,0.16809892654418945,Feasible
548,547,7,4,3,"ADD:3,7;ADD:4,3;ADD:5,4;ADD:8,0;REMOVE:1,9;REMOVE:3,4;REMOVE:4,5",0:-;1:9;2:-;3:4;4:5;5:-;6:-;7:2;8:-;9:-,0:-;1:-;2:-;3:7;4:3;5:4;6:-;7:2;8:0;9:-,3@4=3;3@9=1;4@3=1;5@4=1;7@2=1;8@0=1,"4,9,3,2,0",8,6,6,0,1.0,0.39543084074534407,0.75,0.04543084074534412,0.0,0.0,0.4,0.17977094650268555,Feasible
549,548,11,6,5,"ADD:1,2;ADD:3,1;ADD:4,7;ADD:5,8;ADD:7,7;ADD:8,4;REMOVE:3,7;REMOVE:4,3;REMOVE:5,4;REMOVE:7,2;REMOVE:8,0",0:-;1:-;2:-;3:7;4:3;5:4;6:-;7:2;8:0;9:-,0:-;1:2;2:-;3:1;4:7;5:8;6:-;7:7;8:4;9:-,1@2=1;3@1=1;4@3=1;4@8=1;5@2=1;5@8=1;7@8=2;7@4=2;7@9=1;8@4=3,"2,1,3,8,4,9",14,10,10,0,1.0,0.44429190741545244,1.0,0.04429190741545252,0.0,0.0,0.6,0.18550395965576172,Feasible
550,549,12,7,5,"ADD:0,9;ADD:3,2;ADD:3,8;ADD:4,2;ADD:5,2;ADD:7,6;ADD:8,1;REMOVE:3,1;REMOVE:4,7;REMOVE:5,8;REMOVE:7,7;REMOVE:8,4",0:-;1:2;2:-;3:1;4:7;5:8;6:-;7:7;8:4;9:-,0:9;1:2;2:-;3:2|8;4:2;5:2;6:-;7:6;8:1;9:-,0@9=1;1@2=1;1@4=1;1@5=1;3@9=1;3@2=1;3@5=1;3@1=1;3@8=1;4@9=1;4@2=1;4@4=1;5@2=1;5@4=2;5@5=1;7@6=1;8@1=1,"9,2,4,5,1,8,6",18,17,17,0,1.0,0.1769575819875815,0.8333333333333334,0.04362424865424809,0.0,0.0,0.7,0.2468280792236328,Feasible
551,550,15,7,8,"ADD:1,6;ADD:2,9;ADD:3,6;ADD:4,7;ADD:5,7;ADD:7,4;ADD:8,8;REMOVE:0,9;REMOVE:1,2;REMOVE:3,2;REMOVE:3,8;REMOVE:4,2;REMOVE:5,2;REMOVE:7,6;REMOVE:8,1",0:9;1:2;2:-;3:2|8;4:2;5:2;6:-;7:6;8:1;9:-,0:-;1:6;2:9;3:6;4:7;5:7;6:-;7:4;8:8;9:-,1@6=1;2@9=1;3@6=1;3@4=1;4@4=1;4@3=1;5@3=1;5@0=1;5@1=2;5@7=2;5@8=1;7@4=1;7@2=2;8@1=1;8@7=1;8@2=2;8@5=1,"6,9,4,3,0,1,7,8,2,5",21,17,17,0,1.0,0.3301156676771533,1.0,0.030115667677153218,0.0,0.0,0.7,0.23879790306091309,Feasible
552,551,9,4,5,"ADD:1,9;ADD:3,2;ADD:4,9;ADD:8,7;REMOVE:1,6;REMOVE:2,9;REMOVE:3,6;REMOVE:4,7;REMOVE:8,8",0:-;1:6;2:9;3:6;4:7;5:7;6:-;7:4;8:8;9:-,0:-;1:9;2:-;3:2;4:9;5:7;6:-;7:4;8:7;9:-,1@9=1;3@2=1;4@9=1;4@2=1;5@9=1;5@0=1;5@6=1;7@4=1;8@4=1;8@1=1;8@7=1,"9,2,0,6,4,1,7",11,11,11,0,1.0,0.36062614714339536,0.7142857142857143,0.04634043285768103,0.0,0.0,0.4,0.21760988235473633,Feasible
553,552,6,2,4,"ADD:0,2;ADD:7,7;REMOVE:1,9;REMOVE:3,2;REMOVE:4,9;REMOVE:7,4",0:-;1:9;2:-;3:2;4:9;5:7;6:-;7:4;8:7;9:-,0:2;1:-;2:-;3:-;4:-;5:7;6:-;7:7;8:7;9:-,0@2=1;5@3=1;5@7=1;7@3=1;7@0=1;8@2=1;8@0=1;8@4=1;8@6=1;8@9=1,"2,3,7,0,4,6,9",10,10,10,0,1.0,0.48753214449109,0.6666666666666666,0.020865477824423388,0.0,0.0,0.2,0.20763897895812988,Feasible
554,553,7,3,4,"ADD:3,3;ADD:5,3;ADD:7,6;REMOVE:0,2;REMOVE:5,7;REMOVE:7,7;REMOVE:8,7",0:2;1:-;2:-;3:-;4:-;5:7;6:-;7:7;8:7;9:-,0:-;1:-;2:-;3:3;4:-;5:3;6:-;7:6;8:-;9:-,3@3=1;5@3=1;7@6=1,"3,6",3,3,3,0,1.0,0.8049276758642492,1.0,0.10492767586424918,0.0,0.0,0.30000000000000004,0.14234685897827148,Feasible
555,554,7,4,3,"ADD:4,8;ADD:5,8;ADD:7,2;ADD:8,8;REMOVE:3,3;REMOVE:5,3;REMOVE:7,6",0:-;1:-;2:-;3:3;4:-;5:3;6:-;7:6;8:-;9:-,0:-;1:-;2:-;3:-;4:8;5:8;6:-;7:2;8:8;9:-,4@8=1;5@8=1;5@4=1;7@2=1;8@8=1;8@2=2;8@1=1;8@5=2;8@7=1,"8,4,2,1,5,7",11,9,9,0,1.0,0.632421653827615,1.0,0.03242165382761497,0.0,0.0,0.4,0.1762847900390625,Feasible
556,555,8,5,3,"ADD:2,2;ADD:3,4;ADD:4,7;ADD:5,7;ADD:7,7;REMOVE:4,8;REMOVE:5,8;REMOVE:7,2",0:-;1:-;2:-;3:-;4:8;5:8;6:-;7:2;8:8;9:-,0:-;1:-;2:2;3:4;4:7;5:7;6:-;7:7;8:8;9:-,2@2=1;3@4=1;4@0=1;4@6=1;5@4=2;5@0=1;7@2=2;7@4=1;7@0=1;7@6=1;8@4=2;8@6=1;8@1=2;8@5=2;8@7=1,"2,4,0,6,1,5,7",20,15,15,0,1.0,0.26150924120687635,0.75,0.011509241206876379,0.0,0.0,0.5,0.19335103034973145,Feasible
557,556,10,5,5,"ADD:1,7;ADD:3,8;ADD:4,4;ADD:5,0;ADD:7,3;REMOVE:2,2;REMOVE:3,4;REMOVE:4,7;REMOVE:5,7;REMOVE:7,7",0:-;1:-;2:2;3:4;4:7;5:7;6:-;7:7;8:8;9:-,0:-;1:7;2:-;3:8;4:4;5:0;6:-;7:3;8:8;9:-,1@0=1;1@1=1;1@2=1;1@9=1;3@4=2;3@8=1;4@2=1;4@4=1;5@0=1;7@1=1;7@3=1;8@1=2;8@2=1;8@4=2;8@8=2,"0,1,2,9,4,8,3",19,15,15,0,1.0,0.3645784741701038,0.8333333333333334,0.031245140836770467,0.0,0.0,0.5,0.19578790664672852,Feasible
558,557,11,6,5,"ADD:1,6;ADD:3,7;ADD:4,8;ADD:5,3;ADD:8,2;ADD:8,3;REMOVE:1,7;REMOVE:3,8;REMOVE:4,4;REMOVE:5,0;REMOVE:8,8",0:-;1:7;2:-;3:8;4:4;5:0;6:-;7:3;8:8;9:-,0:-;1:6;2:-;3:7;4:8;5:3;6:-;7:3;8:2|3;9:-,1@6=1;3@7=1;4@2=1;4@8=1;5@3=1;7@3=1;8@2=2;8@3=2;8@1=1;8@4=1;8@5=1,"6,7,2,8,3,1,4,5",13,11,11,0,1.0,0.30464841845165436,0.8333333333333334,0.07131508511832092,0.0,0.0,0.6,0.20566868782043457,Feasible
559,558,11,4,7,"ADD:1,9;ADD:4,4;ADD:6,5;ADD:8,8;REMOVE:1,6;REMOVE:3,7;REMOVE:4,8;REMOVE:5,3;REMOVE:7,3;REMOVE:8,2;REMOVE:8,3",0:-;1:6;2:-;3:7;4:8;5:3;6:-;7:3;8:2|3;9:-,0:-;1:9;2:-;3:-;4:4;5:-;6:5;7:-;8:8;9:-,1@9=1;4@2=1;4@4=2;6@5=1;8@8=1,"9,2,4,5,8",6,5,5,0,1.0,0.689602903482084,1.0,0.0896029034820839,0.0,0.0,0.4,0.16082286834716797,Feasible
560,559,9,6,3,"ADD:0,6;ADD:3,7;ADD:4,7;ADD:5,2;ADD:6,7;ADD:7,2;REMOVE:1,9;REMOVE:4,4;REMOVE:6,5",0:-;1:9;2:-;3:-;4:4;5:-;6:5;7:-;8:8;9:-,0:6;1:-;2:-;3:7;4:7;5:2;6:7;7:2;8:8;9:-,0@1=1;0@4=1;0@6=1;0@9=1;3@1=1;3@9=1;3@0=1;4@1=1;4@4=2;4@3=1;5@2=1;6@1=2;6@4=1;6@0=1;7@2=1;8@8=1,"1,4,6,9,0,3,2,8",18,16,16,0,1.0,0.1720254248574392,0.75,0.02202542485743917,0.0,0.0,0.6,0.19740581512451172,Feasible
561,560,13,6,7,"ADD:0,4;ADD:3,9;ADD:5,5;ADD:5,9;ADD:7,8;ADD:8,2;REMOVE:0,6;REMOVE:3,7;REMOVE:4,7;REMOVE:5,2;REMOVE:6,7;REMOVE:7,2;REMOVE:8,8",0:6;1:-;2:-;3:7;4:7;5:2;6:7;7:2;8:8;9:-,0:4;1:-;2:-;3:9;4:-;5:5|9;6:-;7:8;8:2;9:-,0@2=2;0@4=2;0@6=1;3@1=1;3@9=1;5@9=1;5@5=1;7@2=1;7@1=1;7@5=1;8@2=2;8@4=1;8@5=1,"2,4,6,1,9,5",16,13,13,0,1.0,0.4411223233777163,1.0,0.04112232337771621,0.0,0.0,0.6,0.1851508617401123,Feasible
562,561,10,5,5,"ADD:0,8;ADD:1,6;ADD:4,9;ADD:7,1;ADD:8,8;REMOVE:0,4;REMOVE:3,9;REMOVE:5,5;REMOVE:7,8;REMOVE:8,2",0:4;1:-;2:-;3:9;4:-;5:5|9;6:-;7:8;8:2;9:-,0:8;1:6;2:-;3:-;4:9;5:9;6:-;7:1;8:8;9:-,0@1=1;0@2=1;0@4=1;0@6=1;0@8=2;1@6=1;4@9=2;5@9=1;7@1=1;8@4=2;8@5=1;8@7=1,"1,2,4,6,8,9,5,7",15,12,12,0,1.0,0.3810910676635355,0.8333333333333334,0.04775773433020212,0.0,0.0,0.5,0.18474197387695312,Feasible
563,562,8,4,4,"ADD:3,7;ADD:4,4;ADD:5,8;ADD:6,1;REMOVE:1,6;REMOVE:4,9;REMOVE:5,9;REMOVE:7,1",0:8;1:6;2:-;3:-;4:9;5:9;6:-;7:1;8:8;9:-,0:8;1:-;2:-;3:7;4:4;5:8;6:1;7:-;8:8;9:-,0@1=1;0@2=1;0@4=2;0@7=1;0@8=3;3@7=1;4@2=1;4@4=1;5@1=1;5@4=1;6@1=1;8@1=1;8@2=1;8@8=1;8@5=1,"1,2,4,7,8,5",18,15,15,0,1.0,0.30466412545953825,0.6666666666666666,0.03799745879287162,0.0,0.0,0.4,0.17939186096191406,Feasible
564,563,12,7,5,"ADD:0,7;ADD:1,1;ADD:4,2;ADD:5,5;ADD:5,9;ADD:7,4;ADD:8,9;REMOVE:3,7;REMOVE:4,4;REMOVE:5,8;REMOVE:6,1;REMOVE:8,8",0:8;1:-;2:-;3:7;4:4;5:8;6:1;7:-;8:8;9:-,0:7|8;1:1;2:-;3:-;4:2;5:5|9;6:-;7:4;8:9;9:-,0@0=1;0@1=1;0@4=1;0@5=1;0@6=1;0@9=1;1@1=1;4@4=1;4@5=1;4@9=1;5@5=1;5@9=1;7@4=1;8@9=1;8@2=2,"0,1,4,5,6,9,2",16,15,15,0,1.0,0.16503934642565998,0.8333333333333334,0.03170601309232653,0.0,0.0,0.7,0.17733216285705566,Feasible
565,564,13,6,7,"ADD:0,2;ADD:3,7;ADD:4,7;ADD:5,8;ADD:6,4;ADD:7,5;REMOVE:0,7;REMOVE:0,8;REMOVE:1,1;REMOVE:4,2;REMOVE:5,5;REMOVE:5,9;REMOVE:7,4",0:7|8;1:1;2:-;3:-;4:2;5:5|9;6:-;7:4;8:9;9:-,0:2;1:-;2:-;3:7;4:7;5:8;6:4;7:5;8:9;9:-,0@0=2;0@2=1;0@3=2;0@4=2;0@5=2;3@0=1;3@4=1;4@3=1;4@4=1;5@4=1;5@7=1;5@8=1;6@4=1;7@5=1;8@7=1;8@6=1;8@9=1,"0,2,3,4,5,7,8,6,9",21,17,17,0,1.0,0.30085053900651626,0.875,0.025850539006516234,0.0,0.0,0.6,0.20701384544372559,Feasible
566,565,11,6,5,"ADD:0,8;ADD:1,2;ADD:3,3;ADD:5,7;ADD:7,7;ADD:8,8;REMOVE:0,2;REMOVE:3,7;REMOVE:5,8;REMOVE:6,4;REMOVE:7,5",0:2;1:-;2:-;3:7;4:7;5:8;6:4;7:5;8:9;9:-,0:8;1:2;2:-;3:3;4:7;5:7;6:-;7:7;8:8|9;9:-,0@1=1;0@2=2;0@4=1;0@8=1;1@8=1;1@5=1;1@9=1;3@3=1;4@4=2;4@9=1;5@1=1;5@2=2;5@4=1;5@8=1;5@9=1;5@6=2;7@6=1;7@0=1;8@8=1;8@9=1,"1,2,4,8,5,9,3,6,0",24,20,20,0,1.0,0.13102540585798772,0.7142857142857143,0.016739691572273452,0.0,0.0,0.6,0.20010805130004883,Feasible
567,566,12,5,7,"ADD:0,7;ADD:2,8;ADD:3,4;ADD:4,4;ADD:7,9;REMOVE:0,8;REMOVE:1,2;REMOVE:3,3;REMOVE:4,7;REMOVE:5,7;REMOVE:7,7;REMOVE:8,9",0:8;1:2;2:-;3:3;4:7;5:7;6:-;7:7;8:8|9;9:-,0:7;1:-;2:8;3:4;4:4;5:-;6:-;7:9;8:8;9:-,0@0=1;0@1=1;0@2=2;0@4=1;0@6=1;0@9=1;2@1=1;2@2=1;2@8=1;3@4=1;4@4=1;7@9=1;8@2=3;8@6=1;8@5=1,"0,1,2,4,6,9,8,5",18,15,15,0,1.0,0.3951394899408408,0.875,0.020139489940840798,0.0,0.0,0.5,0.19065093994140625,Feasible
568,567,10,4,6,"ADD:0,8;ADD:1,5;ADD:4,7;ADD:8,9;REMOVE:0,7;REMOVE:2,8;REMOVE:3,4;REMOVE:4,4;REMOVE:7,9;REMOVE:8,8",0:7;1:-;2:8;3:4;4:4;5:-;6:-;7:9;8:8;9:-,0:8;1:5;2:-;3:-;4:7;5:-;6:-;7:-;8:9;9:-,0@4=1;0@5=1;1@5=1;1@2=1;4@4=1;4@3=1;4@6=1;4@7=1;8@6=1;8@9=1,"4,5,2,3,6,7,9",10,10,10,0,1.0,0.632008317254727,1.0,0.03200831725472706,0.0,0.0,0.4,0.1808929443359375,Feasible
569,568,9,5,4,"ADD:0,7;ADD:1,3;ADD:6,6;ADD:7,8;ADD:8,2;REMOVE:0,8;REMOVE:1,5;REMOVE:4,7;REMOVE:8,9",0:8;1:5;2:-;3:-;4:7;5:-;6:-;7:-;8:9;9:-,0:7;1:3;2:-;3:-;4:-;5:-;6:6;7:8;8:2;9:-,0@1=1;0@7=2;6@6=1;7@8=1;8@0=1;8@2=1;8@4=1,"1,7,6,8,0,2,4",8,7,7,0,1.0,0.5586111073474311,1.0,0.05861110734743119,0.0,0.0,0.5,0.1777939796447754,Feasible
570,569,9,5,4,"ADD:3,8;ADD:4,7;ADD:5,1;ADD:7,2;ADD:8,4;REMOVE:1,3;REMOVE:6,6;REMOVE:7,8;REMOVE:8,2",0:7;1:3;2:-;3:-;4:-;5:-;6:6;7:8;8:2;9:-,0:7;1:-;2:-;3:8;4:7;5:1;6:-;7:2;8:4;9:-,0@1=3;0@2=1;0@3=1;0@7=1;3@1=1;3@5=1;3@6=1;4@1=1;4@2=1;4@3=1;4@4=1;5@1=1;7@2=2;8@2=1;8@6=1;8@4=3,"1,2,3,7,5,6,4",21,16,16,0,1.0,0.332992250257623,0.8,0.032992250257623035,0.0,0.0,0.5,0.19484782218933105,Feasible
571,570,13,8,5,"ADD:0,2;ADD:0,8;ADD:1,7;ADD:2,8;ADD:3,0;ADD:5,7;ADD:6,8;ADD:8,7;REMOVE:0,7;REMOVE:3,8;REMOVE:5,1;REMOVE:7,2;REMOVE:8,4",0:7;1:-;2:-;3:8;4:7;5:1;6:-;7:2;8:4;9:-,0:2|8;1:7;2:8;3:0;4:7;5:7;6:8;7:-;8:7;9:-,0@1=2;0@2=1;0@3=1;0@4=2;0@5=1;0@8=2;1@2=1;1@7=1;2@1=1;2@2=1;2@8=2;3@0=1;4@3=1;4@7=1;5@1=2;5@2=1;5@8=2;5@7=1;5@0=1;6@8=1;8@1=3;8@8=1;8@0=1;8@6=1,"1,2,3,4,5,8,7,0,6",32,24,24,0,1.0,0.06166984779715967,0.8333333333333334,0.028336514463826245,0.0,0.0,0.7999999999999999,0.2228071689605713,Feasible
572,571,10,4,6,"ADD:2,7;ADD:3,3;ADD:7,8;ADD:8,9;REMOVE:0,2;REMOVE:2,8;REMOVE:3,0;REMOVE:5,7;REMOVE:6,8;REMOVE:8,7",0:2|8;1:7;2:8;3:0;4:7;5:7;6:8;7:-;8:7;9:-,0:8;1:7;2:7;3:3;4:7;5:-;6:-;7:8;8:9;9:-,0@1=1;0@4=2;0@5=1;1@4=1;1@3=1;2@1=2;2@4=1;2@3=1;2@0=1;2@2=1;2@6=1;3@3=1;4@7=1;7@1=1;7@4=1;8@1=1;8@2=1;8@9=1,"1,4,5,3,0,2,6,7,9",20,18,18,0,1.0,0.2807694293247578,0.6666666666666666,0.014102762658091175,0.0,0.0,0.4,0.19848394393920898,Feasible
573,572,13,7,6,"ADD:0,0;ADD:1,2;ADD:2,8;ADD:3,1;ADD:4,8;ADD:5,9;ADD:7,9;REMOVE:0,8;REMOVE:1,7;REMOVE:2,7;REMOVE:3,3;REMOVE:4,7;REMOVE:7,8",0:8;1:7;2:7;3:3;4:7;5:-;6:-;7:8;8:9;9:-,0:0;1:2;2:8;3:1;4:8;5:9;6:-;7:9;8:9;9:-,0@0=1;1@2=1;2@2=1;2@1=1;2@5=1;2@6=1;3@1=2;4@5=1;4@8=1;5@7=1;5@9=1;7@1=1;7@9=1;8@1=1;8@9=1;8@3=1,"0,2,1,5,6,8,7,9,3",17,16,16,0,1.0,0.20458283678867772,0.8571428571428571,0.047439979645820606,0.0,0.0,0.7,0.19127798080444336,Feasible
574,573,11,4,7,"ADD:0,3;ADD:4,1;ADD:7,3;ADD:8,8;REMOVE:0,0;REMOVE:1,2;REMOVE:3,1;REMOVE:4,8;REMOVE:5,9;REMOVE:7,9;REMOVE:8,9",0:0;1:2;2:8;3:1;4:8;5:9;6:-;7:9;8:9;9:-,0:3;1:-;2:8;3:-;4:1;5:-;6:-;7:3;8:8;9:-,0@2=1;0@3=1;2@1=3;2@4=2;4@1=1;7@3=1;8@1=1;8@5=1;8@7=1,"2,3,1,4,5,7",12,9,9,0,1.0,0.5016353686334483,0.875,0.02663536863344828,0.0,0.0,0.4,0.16597914695739746,Feasible
575,574,8,4,4,"ADD:0,8;ADD:2,1;ADD:6,1;ADD:8,4;REMOVE:0,3;REMOVE:2,8;REMOVE:7,3;REMOVE:8,8",0:3;1:-;2:8;3:-;4:1;5:-;6:-;7:3;8:8;9:-,0:8;1:-;2:1;3:-;4:1;5:-;6:1;7:-;8:4;9:-,0@1=1;0@4=1;2@1=1;2@3=1;2@6=1;4@1=1;6@1=1;8@4=1,"1,4,3,6",8,8,8,0,1.0,0.4511345548088812,0.8,0.051134554808881225,0.0,0.0,0.4,0.1541440486907959,Feasible
576,575,9,4,5,"ADD:3,8;ADD:4,4;ADD:5,0;ADD:7,6;REMOVE:0,8;REMOVE:2,1;REMOVE:4,1;REMOVE:6,1;REMOVE:8,4",0:8;1:-;2:1;3:-;4:1;5:-;6:1;7:-;8:4;9:-,0:-;1:-;2:-;3:8;4:4;5:0;6:-;7:6;8:-;9:-,3@2=2;3@8=1;4@4=1;5@0=1;7@6=1,"2,8,4,0,6",6,5,5,0,1.0,0.6660881308990999,1.0,0.06608813089909986,0.0,0.0,0.4,0.15777206420898438,Feasible
577,576,11,7,4,"ADD:0,2;ADD:0,7;ADD:2,8;ADD:4,7;ADD:6,5;ADD:7,3;ADD:8,7;REMOVE:3,8;REMOVE:4,4;REMOVE:5,0;REMOVE:7,6",0:-;1:-;2:-;3:8;4:4;5:0;6:-;7:6;8:-;9:-,0:2|7;1:-;2:8;3:-;4:7;5:-;6:5;7:3;8:7;9:-,0@0=1;0@1=2;0@3=1;0@4=2;0@5=1;0@8=1;0@9=1;2@5=1;2@2=2;2@6=1;4@0=1;4@9=1;4@2=1;4@6=1;6@0=1;6@5=1;7@3=1;7@2=1;8@0=1;8@3=1;8@4=1,"0,1,3,4,5,8,9,2,6",24,21,21,0,1.0,0.3089788069230801,1.0,0.008978806923080037,0.0,0.0,0.7,0.2082839012145996,Feasible
578,577,13,8,5,"ADD:2,7;ADD:3,7;ADD:3,8;ADD:4,8;ADD:5,3;ADD:6,1;ADD:7,6;ADD:8,2;REMOVE:2,8;REMOVE:4,7;REMOVE:6,5;REMOVE:7,3;REMOVE:8,7",0:2|7;1:-;2:8;3:-;4:7;5:-;6:5;7:3;8:7;9:-,0:2|7;1:-;2:7;3:7|8;4:8;5:3;6:1;7:6;8:2;9:-,0@0=1;0@1=1;0@2=1;0@3=2;0@4=2;0@5=1;0@6=2;0@9=2;2@0=1;2@1=2;2@2=2;2@4=2;3@0=1;3@1=1;3@4=1;3@5=1;4@2=1;4@4=1;4@8=1;5@1=2;5@2=1;5@3=1;6@1=1;7@4=2;7@6=1;8@2=2;8@4=1;8@5=1;8@9=1,"0,1,2,3,4,5,6,9,8",39,29,29,0,1.0,-0.06828705474649877,0.7142857142857143,0.017427230967786922,0.0,0.0,0.7999999999999999,0.22308087348937988,Feasible
579,578,10,4,6,"ADD:0,8;ADD:5,7;ADD:6,4;ADD:8,8;REMOVE:0,2;REMOVE:3,8;REMOVE:5,3;REMOVE:6,1;REMOVE:7,6;REMOVE:8,2",0:2|7;1:-;2:7;3:7|8;4:8;5:3;6:1;7:6;8:2;9:-,0:7|8;1:-;2:7;3:7;4:8;5:7;6:4;7:-;8:8;9:-,0@0=1;0@1=1;0@3=1;0@4=1;0@5=1;0@8=1;2@0=1;2@4=1;2@8=1;3@3=1;3@2=1;3@7=1;4@1=1;4@4=3;5@4=1;5@9=1;6@4=1;6@2=1;6@6=1;8@8=1;8@7=1,"0,1,3,4,5,8,2,7,9,6",23,21,21,0,1.0,0.21723719719951684,0.6,0.017237197199516868,0.0,0.0,0.4,0.20686697959899902,Feasible
580,579,9,4,5,"ADD:2,8;ADD:6,5;ADD:7,8;ADD:8,5;REMOVE:0,8;REMOVE:3,7;REMOVE:4,8;REMOVE:6,4;REMOVE:8,8",0:7|8;1:-;2:7;3:7;4:8;5:7;6:4;7:-;8:8;9:-,0:7;1:-;2:7|8;3:-;4:-;5:7;6:5;7:8;8:5;9:-,0@0=1;0@1=1;0@2=2;0@4=1;2@0=2;2@1=1;2@2=1;2@4=1;2@5=1;2@6=1;2@7=1;2@8=1;5@0=1;5@1=1;6@5=1;7@4=1;7@5=1;8@5=1,"0,1,2,4,5,6,7,8",20,18,18,0,1.0,0.24624691360728657,0.625,0.021246913607286543,0.0,0.0,0.4,0.1944139003753662,Feasible
581,580,14,7,7,"ADD:0,5;ADD:0,8;ADD:1,9;ADD:3,5;ADD:4,1;ADD:5,6;ADD:8,8;REMOVE:0,7;REMOVE:2,7;REMOVE:2,8;REMOVE:5,7;REMOVE:6,5;REMOVE:7,8;REMOVE:8,5",0:7;1:-;2:7|8;3:-;4:-;5:7;6:5;7:8;8:5;9:-,0:5|8;1:9;2:-;3:5;4:1;5:6;6:-;7:-;8:8;9:-,0@2=2;0@3=1;0@5=2;0@6=1;0@8=1;1@2=1;1@1=1;3@5=1;4@1=1;5@6=1;5@1=1;5@4=2;8@2=1;8@6=1;8@8=3;8@1=2;8@4=1,"2,3,5,6,8,1,4",23,17,17,0,1.0,0.3405333449796988,1.0,0.04053334497969877,0.0,0.0,0.7,0.19544291496276855,Feasible
582,581,13,6,7,"ADD:0,4;ADD:2,1;ADD:3,4;ADD:4,7;ADD:5,2;ADD:8,4;REMOVE:0,5;REMOVE:0,8;REMOVE:1,9;REMOVE:3,5;REMOVE:4,1;REMOVE:5,6;REMOVE:8,8",0:5|8;1:9;2:-;3:5;4:1;5:6;6:-;7:-;8:8;9:-,0:4;1:-;2:1;3:4;4:7;5:2;6:-;7:-;8:4;9:-,0@4=1;2@1=1;3@4=1;4@7=1;5@2=1;8@4=1,"4,1,7,2",6,6,6,0,1.0,0.5077338773172152,1.0,0.10773387731721508,0.0,0.0,0.6,0.14764690399169922,Feasible
583,582,10,4,6,"ADD:0,9;ADD:4,8;ADD:5,0;ADD:8,9;REMOVE:0,4;REMOVE:2,1;REMOVE:3,4;REMOVE:4,7;REMOVE:5,2;REMOVE:8,4",0:4;1:-;2:1;3:4;4:7;5:2;6:-;7:-;8:4;9:-,0:9;1:-;2:-;3:-;4:8;5:0;6:-;7:-;8:9;9:-,0@9=1;4@1=1;4@2=1;4@4=2;5@0=1;8@1=1;8@2=2;8@6=1,"9,1,2,4,0,6",10,8,8,0,1.0,0.6228847306409496,1.0,0.022884730640949598,0.0,0.0,0.4,0.16605401039123535,Feasible
584,583,11,7,4,"ADD:0,8;ADD:3,4;ADD:4,3;ADD:5,7;ADD:6,6;ADD:7,9;ADD:8,7;REMOVE:0,9;REMOVE:4,8;REMOVE:5,0;REMOVE:8,9",0:9;1:-;2:-;3:-;4:8;5:0;6:-;7:-;8:9;9:-,0:8;1:-;2:-;3:4;4:3;5:7;6:6;7:9;8:7;9:-,0@1=1;0@2=1;0@4=1;0@5=1;0@6=1;3@4=1;4@1=1;4@2=1;4@3=1;5@2=1;5@4=1;5@6=2;5@9=2;6@6=1;7@2=2;7@3=1;7@9=1;8@9=1;8@0=1;8@8=1,"1,2,4,5,6,3,9,0,8",23,20,20,0,1.0,0.3181949948399989,1.0,0.018194994839998806,0.0,0.0,0.7,0.20140886306762695,Feasible
585,584,15,9,6,"ADD:0,9;ADD:3,7;ADD:4,7;ADD:4,8;ADD:5,9;ADD:6,2;ADD:6,9;ADD:7,8;ADD:8,2;REMOVE:0,8;REMOVE:3,4;REMOVE:4,3;REMOVE:5,7;REMOVE:6,6;REMOVE:8,7",0:8;1:-;2:-;3:4;4:3;5:7;6:6;7:9;8:7;9:-,0:9;1:-;2:-;3:7;4:7|8;5:9;6:2|9;7:8|9;8:2;9:-,0@1=1;0@2=1;3@1=1;3@2=1;3@0=1;3@4=2;4@1=2;4@4=2;4@3=1;4@5=1;4@6=2;4@7=1;5@9=1;6@1=1;6@2=1;6@4=2;6@5=3;6@9=1;7@9=1;7@8=2;8@2=2;8@0=1;8@4=1;8@5=1,"1,2,0,4,3,5,6,7,9,8",33,24,24,0,1.0,-0.018346424003798267,0.8571428571428571,0.024510718853344594,0.0,0.0,0.8999999999999999,0.21508502960205078,Feasible
586,585,15,6,9,"ADD:1,5;ADD:2,3;ADD:3,3;ADD:5,7;ADD:6,7;ADD:8,7;REMOVE:0,9;REMOVE:3,7;REMOVE:4,7;REMOVE:5,9;REMOVE:6,2;REMOVE:6,9;REMOVE:7,8;REMOVE:7,9;REMOVE:8,2",0:9;1:-;2:-;3:7;4:7|8;5:9;6:2|9;7:8|9;8:2;9:-,0:-;1:5;2:3;3:3;4:8;5:7;6:7;7:-;8:7;9:-,1@5=1;2@3=1;3@5=1;3@3=1;3@9=1;4@1=1;4@4=2;4@6=1;4@8=2;5@9=1;5@4=1;5@6=1;5@8=1;5@2=1;6@3=1;6@4=1;6@6=3;6@8=1;6@2=2;6@0=1;8@7=1,"5,3,9,1,4,6,8,2,0,7",26,21,21,0,1.0,0.32227252274255036,0.9,0.022272522742550274,0.0,0.0,0.6,0.23432397842407227,Feasible
587,586,13,6,7,"ADD:3,4;ADD:4,7;ADD:5,2;ADD:6,8;ADD:7,9;ADD:8,4;REMOVE:1,5;REMOVE:2,3;REMOVE:3,3;REMOVE:4,8;REMOVE:5,7;REMOVE:6,7;REMOVE:8,7",0:-;1:5;2:3;3:3;4:8;5:7;6:7;7:-;8:7;9:-,0:-;1:-;2:-;3:4;4:7;5:2;6:8;7:9;8:4;9:-,3@4=1;4@4=1;4@1=1;4@2=4;4@3=1;4@6=1;5@4=1;5@2=2;5@0=1;6@4=1;6@1=2;6@2=1;6@7=1;6@8=1;7@6=1;7@9=1;8@4=1;8@2=2,"4,1,2,3,6,0,7,8,9",24,18,18,0,1.0,0.4237189273355052,1.0,0.02371892733550513,0.0,0.0,0.6,0.2096400260925293,Feasible
588,587,12,6,6,"ADD:3,7;ADD:4,3;ADD:5,4;ADD:6,7;ADD:7,7;ADD:8,1;REMOVE:3,4;REMOVE:4,7;REMOVE:5,2;REMOVE:6,8;REMOVE:7,9;REMOVE:8,4",0:-;1:-;2:-;3:4;4:7;5:2;6:8;7:9;8:4;9:-,0:-;1:-;2:-;3:7;4:3;5:4;6:7;7:7;8:1;9:-,3@4=2;3@9=1;4@9=1;4@1=1;4@2=2;4@3=1;4@5=1;5@4=2;6@4=1;6@9=1;6@1=1;6@2=3;6@6=1;6@7=1;7@4=1;7@9=1;7@1=1;7@3=1;7@7=1;8@1=1,"4,9,1,2,3,5,6,7",25,20,20,0,1.0,0.4220066029768318,1.0,0.022006602976831692,0.0,0.0,0.6,0.21046900749206543,Feasible
589,588,12,6,6,"ADD:2,6;ADD:3,4;ADD:4,2;ADD:5,7;ADD:6,8;ADD:8,6;REMOVE:3,7;REMOVE:4,3;REMOVE:5,4;REMOVE:6,7;REMOVE:7,7;REMOVE:8,1",0:-;1:-;2:-;3:7;4:3;5:4;6:7;7:7;8:1;9:-,0:-;1:-;2:6;3:4;4:2;5:7;6:8;7:-;8:6;9:-,2@6=1;3@4=1;4@4=2;4@0=2;4@2=1;4@3=1;4@8=1;5@4=1;5@9=1;6@8=1;8@6=1,"6,4,0,2,3,8,9",13,11,11,0,1.0,0.439715972136023,1.0,0.03971597213602307,0.0,0.0,0.6,0.1834259033203125,Feasible
590,589,10,5,5,"ADD:1,1;ADD:4,9;ADD:5,9;ADD:7,7;ADD:8,4;REMOVE:2,6;REMOVE:3,4;REMOVE:4,2;REMOVE:5,7;REMOVE:8,6",0:-;1:-;2:6;3:4;4:2;5:7;6:8;7:-;8:6;9:-,0:-;1:1;2:-;3:-;4:9;5:9;6:8;7:7;8:4;9:-,1@1=1;4@9=1;5@9=1;5@2=1;6@2=1;6@4=1;6@8=1;7@4=1;7@7=1;8@4=1,"1,9,2,4,8,7",10,10,10,0,1.0,0.39373843969763334,0.8333333333333334,0.060405106364299986,0.0,0.0,0.5,0.176224946975708,Feasible
591,590,9,5,4,"ADD:3,5;ADD:3,9;ADD:4,7;ADD:5,7;ADD:8,7;REMOVE:1,1;REMOVE:4,9;REMOVE:5,9;REMOVE:8,4",0:-;1:1;2:-;3:-;4:9;5:9;6:8;7:7;8:4;9:-,0:-;1:-;2:-;3:5|9;4:7;5:7;6:8;7:7;8:7;9:-,3@3=1;3@5=2;3@6=1;4@3=1;4@6=2;4@0=1;4@1=1;4@2=2;4@4=1;4@7=1;4@8=1;5@6=1;5@0=1;5@1=1;5@9=2;6@8=1;7@3=1;7@4=1;8@6=1;8@1=1;8@2=1;8@4=1;8@7=1;8@9=1,"3,5,6,0,1,2,4,7,8,9",28,24,24,0,1.0,0.18509268869813644,0.6666666666666666,0.01842602203146979,0.0,0.0,0.5,0.22924375534057617,Feasible
592,591,7,4,3,"ADD:2,9;ADD:3,7;ADD:4,3;ADD:6,7;REMOVE:3,5;REMOVE:3,9;REMOVE:6,8",0:-;1:-;2:-;3:5|9;4:7;5:7;6:8;7:7;8:7;9:-,0:-;1:-;2:9;3:7;4:3|7;5:7;6:7;7:7;8:7;9:-,2@9=1;3@0=1;3@1=2;3@3=1;3@4=2;3@6=1;4@9=2;4@1=1;4@3=1;4@4=4;4@6=1;4@5=1;5@9=1;5@0=2;5@1=1;5@4=2;5@7=1;6@9=1;6@1=2;6@4=1;6@2=1;7@9=1;7@4=2;7@7=1;7@2=2;8@9=1;8@1=1;8@4=1;8@8=1,"9,0,1,3,4,6,5,7,2,8",40,29,29,0,1.0,0.038204230912072534,0.42857142857142855,0.009632802340643995,0.0,0.0,0.4,0.2388308048248291,Feasible
593,592,10,4,6,"ADD:2,7;ADD:4,8;ADD:5,8;ADD:8,9;REMOVE:2,9;REMOVE:4,3;REMOVE:4,7;REMOVE:5,7;REMOVE:6,7;REMOVE:8,7",0:-;1:-;2:9;3:7;4:3|7;5:7;6:7;7:7;8:7;9:-,0:-;1:-;2:7;3:7;4:8;5:8;6:-;7:7;8:9;9:-,2@1=1;2@4=1;2@6=1;2@7=2;3@1=1;3@6=1;3@7=1;3@0=1;3@2=2;4@4=1;4@6=1;4@7=1;4@2=2;4@8=1;5@6=1;5@2=1;5@8=1;5@5=1;7@4=2;7@6=1;7@0=1;7@2=2;7@8=1;7@3=1;7@9=1;8@6=1;8@2=2;8@3=1,"1,4,6,7,0,2,8,5,3,9",34,28,28,0,1.0,0.3655453568851236,0.75,0.015545356885123566,0.0,0.0,0.4,0.23972821235656738,Feasible
594,593,11,5,6,"ADD:2,9;ADD:3,8;ADD:4,2;ADD:5,7;ADD:7,4;REMOVE:2,7;REMOVE:3,7;REMOVE:4,8;REMOVE:5,8;REMOVE:7,7;REMOVE:8,9",0:-;1:-;2:7;3:7;4:8;5:8;6:-;7:7;8:9;9:-,0:-;1:-;2:9;3:8;4:2;5:7;6:-;7:4;8:-;9:-,2@9=1;3@1=1;3@2=2;3@4=2;4@9=1;4@2=1;4@5=1;5@4=2;5@3=1;5@6=2;7@2=3;7@4=1,"9,1,2,4,5,3,6",18,12,12,0,1.0,0.5157040017900714,1.0,0.015704001790071274,0.0,0.0,0.5,0.1841881275177002,Feasible
595,594,8,5,3,"ADD:0,0;ADD:3,0;ADD:5,2;ADD:7,2;ADD:8,7;REMOVE:3,8;REMOVE:5,7;REMOVE:7,4",0:-;1:-;2:9;3:8;4:2;5:7;6:-;7:4;8:-;9:-,0:0;1:-;2:9;3:0;4:2;5:2;6:-;7:2;8:7;9:-,0@0=1;2@1=1;2@2=1;2@9=1;3@0=1;4@2=2;4@3=1;4@4=1;4@5=1;5@0=2;5@2=1;5@8=1;7@2=1;7@9=1;7@3=1;7@4=2;7@5=1;8@0=1;8@1=1;8@4=3,"0,1,2,9,3,4,5,8",25,20,20,0,1.0,0.12996628369566532,0.6,0.029966283695665306,0.0,0.0,0.5,0.2090740203857422,Feasible
596,595,11,4,7,"ADD:2,8;ADD:4,7;ADD:5,7;ADD:7,4;REMOVE:0,0;REMOVE:2,9;REMOVE:3,0;REMOVE:4,2;REMOVE:5,2;REMOVE:7,2;REMOVE:8,7",0:0;1:-;2:9;3:0;4:2;5:2;6:-;7:2;8:7;9:-,0:-;1:-;2:8;3:-;4:7;5:7;6:-;7:4;8:-;9:-,2@1=2;2@4=1;4@0=1;4@7=1;5@4=1;5@7=1;7@4=1,"1,4,0,7",8,7,7,0,1.0,0.6386224947108247,1.0,0.03862249471082472,0.0,0.0,0.4,0.160322904586792,Feasible
597,596,10,6,4,"ADD:1,1;ADD:3,4;ADD:4,0;ADD:5,2;ADD:7,6;ADD:8,8;REMOVE:2,8;REMOVE:4,7;REMOVE:5,7;REMOVE:7,4",0:-;1:-;2:8;3:-;4:7;5:7;6:-;7:4;8:-;9:-,0:-;1:1;2:-;3:4;4:0;5:2;6:-;7:6;8:8;9:-,1@1=1;3@4=1;4@0=1;5@4=1;5@2=1;5@9=1;7@1=1;7@6=1;8@4=1;8@6=2;8@5=1;8@8=1,"1,4,0,2,9,6,5,8",13,12,12,0,1.0,0.44640507670565877,1.0,0.0464050767056587,0.0,0.0,0.6,0.1941971778869629,Feasible
598,597,12,7,5,"ADD:0,8;ADD:2,8;ADD:3,1;ADD:4,8;ADD:5,7;ADD:7,3;ADD:8,2;REMOVE:1,1;REMOVE:3,4;REMOVE:4,0;REMOVE:7,6;REMOVE:8,8",0:-;1:1;2:-;3:4;4:0;5:2;6:-;7:6;8:8;9:-,0:8;1:-;2:8;3:1;4:8;5:2|7;6:-;7:3;8:2;9:-,0@1=2;0@2=1;0@4=1;0@5=1;0@6=1;0@8=1;2@4=1;2@5=1;3@1=1;4@2=1;4@4=3;4@6=3;4@8=3;5@2=2;5@4=2;5@5=1;5@6=1;5@0=1;5@3=1;7@1=1;7@2=1;7@5=1;7@3=1;7@9=1;8@2=1;8@8=1;8@3=1;8@9=1,"1,2,4,5,6,8,0,3,9",37,28,28,0,1.0,0.1593517360545168,0.8333333333333334,0.026018402721183363,0.0,0.0,0.7,0.26564884185791016,Feasible
599,598,13,6,7,"ADD:0,2;ADD:2,7;ADD:3,7;ADD:5,3;ADD:7,8;ADD:8,8;REMOVE:0,8;REMOVE:2,8;REMOVE:3,1;REMOVE:5,2;REMOVE:5,7;REMOVE:7,3;REMOVE:8,2",0:8;1:-;2:8;3:1;4:8;5:2|7;6:-;7:3;8:2;9:-,0:2;1:-;2:7;3:7;4:8;5:3;6:-;7:8;8:8;9:-,0@0=2;0@2=2;0@3=1;0@4=1;0@5=1;0@7=1;0@8=1;2@3=1;2@4=1;2@9=2;3@0=1;3@2=1;3@7=1;3@9=1;4@4=1;4@1=2;5@3=1;7@2=2;7@4=1;7@8=1;8@8=1;8@6=1,"0,2,3,4,5,7,8,9,1,6",27,22,22,0,1.0,0.2974550926497441,0.875,0.02245509264974413,0.0,0.0,0.6,0.2540009021759033,Feasible
600,599,10,5,5,"ADD:0,8;ADD:2,9;ADD:4,7;ADD:5,1;ADD:8,6;REMOVE:2,7;REMOVE:3,7;REMOVE:4,8;REMOVE:5,3;REMOVE:8,8",0:2;1:-;2:7;3:7;4:8;5:3;6:-;7:8;8:8;9:-,0:2|8;1:-;2:9;3:-;4:7;5:1;6:-;7:8;8:6;9:-,0@0=1;0@1=2;0@2=3;0@3=3;0@4=1;0@5=1;0@8=1;2@1=1;2@2=1;2@7=3;2@9=2;4@2=1;4@7=2;5@1=1;5@3=1;5@8=1;7@1=1;7@8=2;7@6=1;8@4=2;8@9=1;8@6=1,"0,1,2,3,4,5,8,7,9,6",33,22,22,0,1.0,0.24768070627848693,0.7142857142857143,0.03339499199277266,0.0,0.0,0.5,0.2662351131439209,Feasible
601,600,9,4,5,"ADD:0,7;ADD:2,8;ADD:3,4;ADD:5,8;REMOVE:0,2;REMOVE:0,8;REMOVE:2,9;REMOVE:5,1;REMOVE:8,6",0:2|8;1:-;2:9;3:-;4:7;5:1;6:-;7:8;8:6;9:-,0:7;1:-;2:8;3:4;4:7;5:8;6:-;7:8;8:-;9:-,0@1=1;0@2=1;0@3=1;0@4=1;0@6=1;2@1=1;2@4=1;2@5=1;2@7=1;3@4=1;4@1=3;4@2=1;4@6=1;4@7=1;5@2=1;5@8=1;7@1=1;7@5=1;7@7=1,"1,2,3,4,6,5,7,8",21,19,19,0,1.0,0.3283213803968731,0.7142857142857143,0.014035666111158751,0.0,0.0,0.4,0.2635068893432617,Feasible
602,601,13,7,6,"ADD:0,2;ADD:2,7;ADD:3,6;ADD:4,2;ADD:5,3;ADD:7,1;ADD:8,7;REMOVE:0,7;REMOVE:2,8;REMOVE:3,4;REMOVE:4,7;REMOVE:5,8;REMOVE:7,8",0:7;1:-;2:8;3:4;4:7;5:8;6:-;7:8;8:-;9:-,0:2;1:-;2:7;3:6;4:2;5:3;6:-;7:1;8:7;9:-,0@2=1;0@4=1;0@8=1;0@9=1;2@2=1;2@4=1;2@9=1;2@0=1;2@6=1;3@6=1;3@7=1;4@2=1;5@3=1;7@1=1;8@4=1;8@7=1;8@1=1,"2,4,8,9,0,6,7,3,1",17,17,17,0,1.0,0.3324239957743289,1.0,0.0324239957743288,0.0,0.0,0.7,0.26664185523986816,Feasible
603,602,14,7,7,"ADD:0,7;ADD:2,2;ADD:3,7;ADD:5,7;ADD:7,7;ADD:7,8;ADD:8,4;REMOVE:0,2;REMOVE:2,7;REMOVE:3,6;REMOVE:4,2;REMOVE:5,3;REMOVE:7,1;REMOVE:8,7",0:2;1:-;2:7;3:6;4:2;5:3;6:-;7:1;8:7;9:-,0:7;1:-;2:2;3:7;4:-;5:7;6:-;7:7|8;8:4;9:-,0@0=1;0@1=1;0@2=1;0@6=1;2@4=2;2@5=1;2@9=1;3@7=1;5@6=1;5@7=1;7@6=1;7@4=1;7@5=1;7@3=1;8@2=2;8@4=2,"0,1,2,6,4,5,9,7,3",19,16,16,0,1.0,0.32033991331735945,1.0,0.020339913317359445,0.0,0.0,0.7,0.24363183975219727,Feasible
604,603,12,6,6,"ADD:0,4;ADD:2,7;ADD:3,8;ADD:4,7;ADD:7,4;ADD:8,5;REMOVE:0,7;REMOVE:2,2;REMOVE:3,7;REMOVE:7,7;REMOVE:7,8;REMOVE:8,4",0:7;1:-;2:2;3:7;4:-;5:7;6:-;7:7|8;8:4;9:-,0:4;1:-;2:7;3:8;4:7;5:7;6:-;7:4;8:5;9:-,0@4=1;2@2=1;2@7=1;3@6=1;3@8=1;4@4=2;4@2=1;4@7=1;4@3=2;5@4=2;5@7=1;5@6=1;5@9=1;7@4=1;8@5=1,"4,2,7,6,8,3,9,5",18,15,15,0,1.0,0.298113304940986,0.8571428571428571,0.04097044779812886,0.0,0.0,0.6,0.21901488304138184,Feasible
605,604,12,5,7,"ADD:3,7;ADD:4,9;ADD:5,3;ADD:7,8;ADD:8,7;REMOVE:0,4;REMOVE:2,7;REMOVE:3,8;REMOVE:4,7;REMOVE:5,7;REMOVE:7,4;REMOVE:8,5",0:4;1:-;2:7;3:8;4:7;5:7;6:-;7:4;8:5;9:-,0:-;1:-;2:-;3:7;4:9;5:3;6:-;7:8;8:7;9:-,3@0=1;3@9=1;4@9=1;4@2=1;4@6=2;4@7=1;5@2=1;5@3=1;7@2=1;7@6=1;7@5=1;8@7=1;8@1=1,"0,9,2,6,7,3,5,1",14,13,13,0,1.0,0.519685159805547,1.0,0.019685159805546946,0.0,0.0,0.5,0.2056751251220703,Feasible
606,605,13,9,4,"ADD:0,9;ADD:1,2;ADD:2,3;ADD:3,9;ADD:4,2;ADD:5,7;ADD:6,4;ADD:7,7;ADD:8,4;REMOVE:3,7;REMOVE:4,9;REMOVE:5,3;REMOVE:8,7",0:-;1:-;2:-;3:7;4:9;5:3;6:-;7:8;8:7;9:-,0:9;1:2;2:3;3:9;4:2;5:7;6:4;7:7|8;8:4;9:-,0@9=1;1@2=1;2@3=1;3@9=1;3@7=1;4@9=1;4@2=4;4@0=1;4@4=2;4@8=1;5@3=1;5@0=1;5@8=1;5@1=1;6@4=1;7@9=1;7@7=1;7@4=1;7@1=2;7@5=1;8@4=1,"9,2,3,7,0,4,8,1,5",26,21,21,0,1.0,-0.060424450059114676,0.8,0.03957554994088523,0.0,0.0,0.8999999999999999,0.21706891059875488,Feasible
607,606,13,5,8,"ADD:1,7;ADD:1,8;ADD:3,2;ADD:7,2;ADD:8,9;REMOVE:0,9;REMOVE:1,2;REMOVE:2,3;REMOVE:3,9;REMOVE:6,4;REMOVE:7,7;REMOVE:7,8;REMOVE:8,4",0:9;1:2;2:3;3:9;4:2;5:7;6:4;7:7|8;8:4;9:-,0:-;1:7|8;2:-;3:2;4:2;5:7;6:-;7:2;8:9;9:-,1@0=1;1@1=2;1@2=2;1@4=1;1@5=1;1@6=1;1@8=1;1@9=1;3@2=1;4@0=1;4@2=2;4@4=2;4@5=1;5@1=1;5@2=1;5@4=1;5@7=1;7@2=1;7@5=1;7@7=1;8@9=1,"0,1,2,4,5,6,8,9,7",25,21,21,0,1.0,0.33017829871720084,0.8,0.030178298717200753,0.0,0.0,0.5,0.21715283393859863,Feasible
608,607,10,5,5,"ADD:0,7;ADD:1,4;ADD:4,8;ADD:7,5;ADD:8,7;REMOVE:1,7;REMOVE:1,8;REMOVE:4,2;REMOVE:7,2;REMOVE:8,9",0:-;1:7|8;2:-;3:2;4:2;5:7;6:-;7:2;8:9;9:-,0:7;1:4;2:-;3:2;4:8;5:7;6:-;7:5;8:7;9:-,0@1=1;0@2=1;0@4=1;0@6=1;0@8=1;0@9=2;1@2=2;1@4=5;1@6=1;3@2=1;3@4=1;3@9=1;4@1=1;4@2=2;4@4=1;4@8=1;4@5=1;5@1=1;5@4=2;5@3=1;7@5=1;7@0=1;8@1=1;8@4=1;8@9=1;8@3=1,"1,2,4,6,8,9,5,3,0",34,26,26,0,1.0,0.23872353661792467,0.7142857142857143,0.024437822332210393,0.0,0.0,0.5,0.22714710235595703,Feasible
609,608,9,5,4,"ADD:0,8;ADD:1,7;ADD:3,8;ADD:4,7;ADD:7,0;REMOVE:1,4;REMOVE:3,2;REMOVE:4,8;REMOVE:7,5",0:7;1:4;2:-;3:2;4:8;5:7;6:-;7:5;8:7;9:-,0:7|8;1:7;2:-;3:8;4:7;5:7;6:-;7:0;8:7;9:-,0@1=1;0@2=1;0@3=1;0@4=1;0@5=1;0@6=1;0@7=1;0@8=2;1@1=1;1@2=1;1@3=1;1@4=1;1@7=1;1@0=1;1@9=3;3@2=1;3@5=1;3@8=1;4@2=4;4@4=2;4@7=2;5@1=1;5@2=1;5@4=1;5@7=1;7@0=1;8@3=1;8@4=1,"1,2,3,4,5,6,7,8,0,9",36,28,28,0,1.0,0.09630935355271475,0.5714285714285714,0.02488078212414332,0.0,0.0,0.5,0.2265620231628418,Feasible
610,609,9,3,6,"ADD:3,3;ADD:4,9;ADD:5,8;REMOVE:0,8;REMOVE:3,8;REMOVE:4,7;REMOVE:5,7;REMOVE:7,0;REMOVE:8,7",0:7|8;1:7;2:-;3:8;4:7;5:7;6:-;7:0;8:7;9:-,0:7;1:7;2:-;3:3;4:9;5:8;6:-;7:-;8:-;9:-,0@1=1;0@2=1;0@3=1;0@4=1;0@6=2;1@1=1;1@2=1;1@0=1;1@7=1;3@3=1;4@1=1;4@2=1;5@1=1;5@4=1;5@5=1,"1,2,3,4,6,0,7,5",16,15,15,0,1.0,0.4629030466219701,0.75,0.012903046621970149,0.0,0.0,0.30000000000000004,0.18213796615600586,Feasible
611,610,7,3,4,"ADD:0,2;ADD:5,6;ADD:7,7;REMOVE:0,7;REMOVE:1,7;REMOVE:3,3;REMOVE:5,8",0:7;1:7;2:-;3:3;4:9;5:8;6:-;7:-;8:-;9:-,0:2;1:-;2:-;3:-;4:9;5:6;6:-;7:7;8:-;9:-,0@0=1;0@2=1;4@9=1;5@1=1;5@6=1;7@0=1;7@3=1,"0,2,9,1,6,3",7,7,7,0,1.0,0.5453426798801282,0.8,0.045342679880128155,0.0,0.0,0.30000000000000004,0.1555471420288086,Feasible
612,611,7,4,3,"ADD:0,7;ADD:4,8;ADD:5,5;ADD:8,8;REMOVE:0,2;REMOVE:4,9;REMOVE:5,6",0:2;1:-;2:-;3:-;4:9;5:6;6:-;7:7;8:-;9:-,0:7;1:-;2:-;3:-;4:8;5:5;6:-;7:7;8:8;9:-,0@2=1;0@4=4;0@7=1;4@2=2;4@7=1;4@6=1;4@8=1;5@0=1;5@5=1;7@4=1;7@0=1;7@1=1;8@2=2;8@4=2;8@1=1,"2,4,7,6,8,0,5,1",21,15,15,0,1.0,0.3646911631536792,0.75,0.014691163153679293,0.0,0.0,0.4,0.18380475044250488,Feasible
613,612,9,5,4,"ADD:1,5;ADD:4,7;ADD:5,8;ADD:7,9;ADD:8,7;REMOVE:4,8;REMOVE:5,5;REMOVE:7,7;REMOVE:8,8",0:7;1:-;2:-;3:-;4:8;5:5;6:-;7:7;8:8;9:-,0:7;1:5;2:-;3:-;4:7;5:8;6:-;7:9;8:7;9:-,0@0=2;0@1=1;0@2=4;0@4=3;0@7=1;0@9=1;1@5=1;4@0=1;4@2=2;4@7=1;4@9=1;4@8=1;5@1=1;5@4=1;5@8=1;7@9=1;7@3=1;7@6=1;8@7=1,"0,1,2,4,7,9,5,8,3,6",26,19,19,0,1.0,0.32285274483923165,0.8,0.022852744839231654,0.0,0.0,0.5,0.2054731845855713,Feasible
614,613,9,4,5,"ADD:0,8;ADD:4,8;ADD:5,7;ADD:7,8;REMOVE:0,7;REMOVE:1,5;REMOVE:4,7;REMOVE:5,8;REMOVE:7,9",0:7;1:5;2:-;3:-;4:7;5:8;6:-;7:9;8:7;9:-,0:8;1:-;2:-;3:-;4:8;5:7;6:-;7:8;8:7;9:-,0@2=1;0@8=3;4@5=2;4@7=1;5@3=1;5@4=1;5@6=1;7@8=1;7@6=1;8@7=1,"2,8,5,7,3,4,6",13,10,10,0,1.0,0.4697654087060025,0.8333333333333334,0.03643207537266909,0.0,0.0,0.4,0.16767001152038574,Feasible
615,614,8,6,2,"ADD:0,7;ADD:1,4;ADD:2,3;ADD:3,2;ADD:4,2;ADD:7,2;REMOVE:0,8;REMOVE:7,8",0:8;1:-;2:-;3:-;4:8;5:7;6:-;7:8;8:7;9:-,0:7;1:4;2:3;3:2;4:2|8;5:7;6:-;7:2;8:7;9:-,0@2=3;0@4=1;0@6=1;0@7=1;1@2=2;1@4=1;2@3=1;3@2=1;4@2=1;4@4=2;4@0=2;4@1=1;4@5=3;5@2=1;5@4=1;5@6=1;5@7=1;5@1=1;5@9=1;7@2=1;8@4=1;8@3=1;8@8=1,"2,4,6,7,3,0,1,5,9,8",30,23,23,0,1.0,-0.17704173412831326,0.4,0.022958265871686694,0.0,0.0,0.6,0.20305466651916504,Feasible
616,615,12,4,8,"ADD:1,7;ADD:3,3;ADD:5,2;ADD:7,4;REMOVE:0,7;REMOVE:1,4;REMOVE:2,3;REMOVE:3,2;REMOVE:4,8;REMOVE:5,7;REMOVE:7,2;REMOVE:8,7",0:7;1:4;2:3;3:2;4:2|8;5:7;6:-;7:2;8:7;9:-,0:-;1:7;2:-;3:3;4:2;5:2;6:-;7:4;8:-;9:-,1@1=1;1@2=2;1@3=1;1@4=1;1@8=3;3@3=1;4@2=1;4@3=1;4@4=1;4@5=1;4@9=1;5@2=1;7@2=1;7@4=1,"1,2,3,4,8,5,9",17,14,14,0,1.0,0.5119499470488035,0.8888888888888888,0.023061058159914667,0.0,0.0,0.4,0.1759319305419922,Feasible
617,616,8,3,5,"ADD:1,9;ADD:4,7;ADD:5,9;REMOVE:1,7;REMOVE:3,3;REMOVE:4,2;REMOVE:5,2;REMOVE:7,4",0:-;1:7;2:-;3:3;4:2;5:2;6:-;7:4;8:-;9:-,0:-;1:9;2:-;3:-;4:7;5:9;6:-;7:-;8:-;9:-,1@3=2;1@6=1;1@9=1;4@3=1;4@6=1;4@9=1;4@2=2;4@4=1;5@9=1,"3,6,9,2,4",11,9,9,0,1.0,0.7196482986172694,1.0,0.019648298617269556,0.0,0.0,0.30000000000000004,0.15970516204833984,Feasible
618,617,6,3,3,"ADD:4,9;ADD:7,2;ADD:8,2;REMOVE:1,9;REMOVE:4,7;REMOVE:5,9",0:-;1:9;2:-;3:-;4:7;5:9;6:-;7:-;8:-;9:-,0:-;1:-;2:-;3:-;4:9;5:-;6:-;7:2;8:2;9:-,4@1=1;4@9=1;7@0=1;7@4=1;7@5=1;8@4=1;8@2=2;8@3=1,"1,9,0,4,5,2,3",9,8,8,0,1.0,0.7347405590809075,1.0,0.0347405590809076,0.0,0.0,0.30000000000000004,0.176893949508667,Feasible
619,618,11,9,2,"ADD:0,2;ADD:0,7;ADD:1,7;ADD:2,7;ADD:2,8;ADD:4,3;ADD:4,7;ADD:5,8;ADD:8,7;REMOVE:4,9;REMOVE:8,2",0:-;1:-;2:-;3:-;4:9;5:-;6:-;7:2;8:2;9:-,0:2|7;1:7;2:7|8;3:-;4:3|7;5:8;6:-;7:2;8:7;9:-,0@0=1;0@2=1;0@3=1;0@4=1;0@5=2;0@6=1;0@7=1;1@0=1;1@2=2;1@4=1;1@6=1;1@7=1;1@1=1;2@0=2;2@5=2;2@7=1;2@1=1;2@8=1;4@2=1;4@3=1;4@4=1;4@5=1;4@7=1;4@1=1;5@4=1;5@8=1;7@2=2;8@0=1;8@2=1;8@7=1,"0,2,3,4,5,6,7,1,8",35,30,30,0,1.0,-0.2037578311841669,0.6666666666666666,0.029575502149166415,0.0,0.0,0.8999999999999999,0.22171902656555176,Feasible
620,619,10,4,6,"ADD:0,8;ADD:1,2;ADD:4,9;ADD:7,7;REMOVE:0,2;REMOVE:1,7;REMOVE:2,7;REMOVE:4,3;REMOVE:4,7;REMOVE:7,2",0:2|7;1:7;2:7|8;3:-;4:3|7;5:8;6:-;7:2;8:7;9:-,0:7|8;1:2;2:8;3:-;4:9;5:8;6:-;7:7;8:7;9:-,0@1=3;0@2=3;0@4=1;0@5=1;0@6=2;0@7=2;0@9=1;1@2=3;1@4=2;1@5=1;1@7=2;1@9=1;1@3=1;1@8=1;2@4=1;2@8=1;4@1=2;4@6=1;4@9=1;4@3=2;5@4=1;5@5=1;5@8=1;7@1=1;7@0=1;8@4=2;8@6=1;8@0=1,"1,2,4,5,6,7,9,3,8,0",41,28,28,0,1.0,0.21971419251606905,0.6,0.019714192516069127,0.0,0.0,0.4,0.23431897163391113,Feasible
621,620,13,5,8,"ADD:0,4;ADD:1,8;ADD:4,7;ADD:5,4;ADD:8,9;REMOVE:0,7;REMOVE:0,8;REMOVE:1,2;REMOVE:2,8;REMOVE:4,9;REMOVE:5,8;REMOVE:7,7;REMOVE:8,7",0:7|8;1:2;2:8;3:-;4:9;5:8;6:-;7:7;8:7;9:-,0:4;1:8;2:-;3:-;4:7;5:4;6:-;7:-;8:9;9:-,0@4=1;1@4=1;1@5=1;1@6=1;4@4=2;4@1=1;4@2=1;4@3=1;5@4=1;8@6=1;8@1=1;8@2=2,"4,5,6,1,2,3",14,12,12,0,1.0,0.5126175332584899,1.0,0.01261753325848985,0.0,0.0,0.5,0.17937207221984863,Feasible
622,621,9,4,5,"ADD:3,9;ADD:4,3;ADD:5,7;ADD:8,8;REMOVE:0,4;REMOVE:1,8;REMOVE:4,7;REMOVE:5,4;REMOVE:8,9",0:4;1:8;2:-;3:-;4:7;5:4;6:-;7:-;8:9;9:-,0:-;1:-;2:-;3:9;4:3;5:7;6:-;7:-;8:8;9:-,3@1=2;3@9=1;4@3=1;5@0=1;5@4=1;8@1=1;8@4=1;8@2=1,"1,9,3,0,4,2",9,8,8,0,1.0,0.6217448598799064,1.0,0.021744859879906455,0.0,0.0,0.4,0.1607041358947754,Feasible
623,622,9,5,4,"ADD:4,7;ADD:5,8;ADD:6,2;ADD:7,8;ADD:8,3;REMOVE:3,9;REMOVE:4,3;REMOVE:5,7;REMOVE:8,8",0:-;1:-;2:-;3:9;4:3;5:7;6:-;7:-;8:8;9:-,0:-;1:-;2:-;3:-;4:7;5:8;6:2;7:8;8:3;9:-,4@1=1;4@3=3;4@4=2;4@6=1;4@8=1;5@1=1;5@8=1;6@2=1;7@1=1;7@5=1;8@1=1;8@3=1,"1,3,4,6,8,2,5",15,12,12,0,1.0,0.52180327445793,1.0,0.02180327445792988,0.0,0.0,0.5,0.16969585418701172,Feasible
624,623,11,6,5,"ADD:0,8;ADD:3,4;ADD:4,8;ADD:5,1;ADD:7,1;ADD:8,5;REMOVE:4,7;REMOVE:5,8;REMOVE:6,2;REMOVE:7,8;REMOVE:8,3",0:-;1:-;2:-;3:-;4:7;5:8;6:2;7:8;8:3;9:-,0:8;1:-;2:-;3:4;4:8;5:1;6:-;7:1;8:5;9:-,0@8=1;3@4=2;4@4=1;4@1=1;4@2=1;4@5=1;5@1=1;7@1=1;8@5=1,"8,4,1,2,5",10,9,9,0,1.0,0.4642899300255078,1.0,0.06428993002550781,0.0,0.0,0.6,0.15349698066711426,Feasible
625,624,9,3,6,"ADD:4,7;ADD:5,7;ADD:7,3;REMOVE:0,8;REMOVE:3,4;REMOVE:4,8;REMOVE:5,1;REMOVE:7,1;REMOVE:8,5",0:8;1:-;2:-;3:4;4:8;5:1;6:-;7:1;8:5;9:-,0:-;1:-;2:-;3:-;4:7;5:7;6:-;7:3;8:-;9:-,4@0=1;4@4=1;5@4=1;5@9=1;7@3=1,"0,4,9,3",5,5,5,0,1.0,0.7231962669248797,1.0,0.023196266924879784,0.0,0.0,0.30000000000000004,0.14715170860290527,Feasible
626,625,9,6,3,"ADD:0,7;ADD:2,9;ADD:4,2;ADD:5,8;ADD:7,7;ADD:8,8;REMOVE:4,7;REMOVE:5,7;REMOVE:7,3",0:-;1:-;2:-;3:-;4:7;5:7;6:-;7:3;8:-;9:-,0:7;1:-;2:9;3:-;4:2;5:8;6:-;7:7;8:8;9:-,0@4=1;0@7=1;2@9=1;4@4=2;4@0=1;4@2=1;4@5=1;5@4=2;5@7=1;5@5=1;7@4=2;7@0=1;7@3=1;8@2=3;8@5=1;8@1=1,"4,7,9,0,2,5,3,1",21,16,16,0,1.0,0.4121964624411768,1.0,0.01219646244117686,0.0,0.0,0.6,0.1917870044708252,Feasible
627,626,8,5,3,"ADD:3,9;ADD:4,9;ADD:5,7;ADD:7,8;ADD:8,2;REMOVE:4,2;REMOVE:7,7;REMOVE:8,8",0:7;1:-;2:9;3:-;4:2;5:8;6:-;7:7;8:8;9:-,0:7;1:-;2:9;3:9;4:9;5:7|8;6:-;7:8;8:2;9:-,0@0=1;0@2=1;0@7=1;2@9=1;3@9=1;4@2=1;4@9=1;4@1=1;4@6=1;5@0=1;5@2=2;5@1=1;5@6=1;5@5=1;7@5=1;7@4=1;8@2=1;8@9=1;8@4=2,"0,2,7,9,1,6,5,4",21,19,19,0,1.0,0.02406058307271053,0.5,0.024060583072710497,0.0,0.0,0.5,0.19014382362365723,Feasible
628,627,9,3,6,"ADD:4,7;ADD:5,1;ADD:8,5;REMOVE:2,9;REMOVE:3,9;REMOVE:4,9;REMOVE:5,7;REMOVE:5,8;REMOVE:8,2",0:7;1:-;2:9;3:9;4:9;5:7|8;6:-;7:8;8:2;9:-,0:7;1:-;2:-;3:-;4:7;5:1;6:-;7:8;8:5;9:-,0@2=1;0@4=1;0@7=1;4@4=1;4@0=1;4@6=1;5@1=1;7@2=1;7@4=1;7@1=2;8@2=1;8@3=1;8@5=1,"2,4,7,0,6,1,3,5",14,13,13,0,1.0,0.47265837707236014,0.75,0.022658377072360132,0.0,0.0,0.30000000000000004,0.1787111759185791,Feasible
629,628,10,6,4,"ADD:0,8;ADD:4,2;ADD:4,9;ADD:5,2;ADD:7,3;ADD:8,9;REMOVE:4,7;REMOVE:5,1;REMOVE:7,8;REMOVE:8,5",0:7;1:-;2:-;3:-;4:7;5:1;6:-;7:8;8:5;9:-,0:7|8;1:-;2:-;3:-;4:2|9;5:2;6:-;7:3;8:9;9:-,0@1=2;0@2=3;0@4=2;0@5=1;0@7=4;0@8=1;0@9=1;4@1=1;4@2=1;4@5=3;4@9=1;4@0=1;4@6=1;5@2=1;7@3=1;8@1=1;8@2=1,"1,2,4,5,7,8,9,0,6,3",26,17,17,0,1.0,0.23902200764583115,0.8,0.03902200764583108,0.0,0.0,0.6,0.19784092903137207,Feasible
630,629,9,3,6,"ADD:3,7;ADD:4,8;ADD:5,9;REMOVE:0,7;REMOVE:0,8;REMOVE:4,2;REMOVE:4,9;REMOVE:5,2;REMOVE:7,3",0:7|8;1:-;2:-;3:-;4:2|9;5:2;6:-;7:3;8:9;9:-,0:-;1:-;2:-;3:7;4:8;5:9;6:-;7:-;8:9;9:-,3@1=2;3@2=1;3@3=1;3@4=1;4@2=2;4@4=2;4@5=1;4@8=2;5@2=1;5@6=1;8@1=1;8@2=1,"1,2,3,4,5,8,6",16,12,12,0,1.0,0.5709362322715313,0.8571428571428571,0.013793375128674238,0.0,0.0,0.30000000000000004,0.18153905868530273,Feasible
631,630,9,5,4,"ADD:3,8;ADD:4,7;ADD:5,8;ADD:7,9;ADD:8,7;REMOVE:3,7;REMOVE:4,8;REMOVE:5,9;REMOVE:8,9",0:-;1:-;2:-;3:7;4:8;5:9;6:-;7:-;8:9;9:-,0:-;1:-;2:-;3:8;4:7;5:8;6:-;7:9;8:7;9:-,3@1=1;3@4=2;4@4=1;4@0=1;4@7=1;4@8=1;5@8=1;5@2=1;7@2=1;7@9=1;8@4=1;8@0=1;8@3=1;8@6=1,"1,4,0,7,8,2,9,3,6",15,14,14,0,1.0,0.5215926606792476,1.0,0.021592660679247658,0.0,0.0,0.5,0.18843913078308105,Feasible
632,631,7,3,4,"ADD:4,9;ADD:7,1;ADD:8,3;REMOVE:3,8;REMOVE:4,7;REMOVE:7,9;REMOVE:8,7",0:-;1:-;2:-;3:8;4:7;5:8;6:-;7:9;8:7;9:-,0:-;1:-;2:-;3:-;4:9;5:8;6:-;7:1;8:3;9:-,4@3=1;4@9=1;5@1=1;5@4=1;7@1=1;8@3=1;8@2=1,"3,9,1,4,2",7,7,7,0,1.0,0.5385443022334114,0.8,0.03854430223341143,0.0,0.0,0.30000000000000004,0.1507558822631836,Feasible
633,632,10,6,4,"ADD:0,7;ADD:2,4;ADD:3,7;ADD:4,7;ADD:5,7;ADD:7,7;REMOVE:4,9;REMOVE:5,8;REMOVE:7,1;REMOVE:8,3",0:-;1:-;2:-;3:-;4:9;5:8;6:-;7:1;8:3;9:-,0:7;1:-;2:4;3:7;4:7;5:7;6:-;7:7;8:-;9:-,0@1=3;0@2=1;0@3=1;0@4=1;0@8=1;0@9=1;2@4=1;3@1=1;3@2=1;3@3=1;3@4=1;3@0=1;4@1=1;4@2=2;4@0=3;4@7=1;5@1=1;5@3=1;5@4=1;5@0=1;5@6=1;7@7=1,"1,2,3,4,8,9,0,7,6",27,22,22,0,1.0,0.41131512513563806,1.0,0.01131512513563812,0.0,0.0,0.6,0.20304393768310547,Feasible
634,633,4,2,2,"ADD:3,8;ADD:4,5;REMOVE:2,4;REMOVE:4,7",0:7;1:-;2:4;3:7;4:7;5:7;6:-;7:7;8:-;9:-,0:7;1:-;2:-;3:7|8;4:5;5:7;6:-;7:7;8:-;9:-,0@2=1;0@4=1;0@6=1;0@7=1;3@4=1;3@0=2;3@1=1;3@5=1;4@0=2;4@5=1;5@4=2;5@1=2;5@3=1;7@4=1;7@1=1;7@9=1,"2,4,6,7,0,1,5,3,9",20,16,16,0,1.0,0.14285437571216536,0.3333333333333333,0.009521042378832063,0.0,0.0,0.2,0.18681788444519043,Feasible
635,634,14,8,6,"ADD:0,2;ADD:3,6;ADD:4,3;ADD:4,7;ADD:5,2;ADD:7,8;ADD:7,9;ADD:8,9;REMOVE:0,7;REMOVE:3,7;REMOVE:3,8;REMOVE:4,5;REMOVE:5,7;REMOVE:7,7",0:7;1:-;2:-;3:7|8;4:5;5:7;6:-;7:7;8:-;9:-,0:2;1:-;2:-;3:6;4:3|7;5:2;6:-;7:8|9;8:9;9:-,0@0=1;0@2=1;0@4=1;0@5=2;0@9=2;3@1=1;3@6=1;4@0=1;4@2=1;4@5=2;4@9=1;4@1=1;4@6=1;4@3=1;5@0=1;5@2=1;5@4=1;5@3=1;7@4=1;7@5=1;7@9=1;7@1=1;8@9=1,"0,2,4,5,9,1,6,3",26,23,23,0,1.0,0.22261599817897781,1.0,0.02261599817897767,0.0,0.0,0.7999999999999999,0.19945979118347168,Feasible
636,635,15,7,8,"ADD:0,7;ADD:0,8;ADD:3,5;ADD:4,9;ADD:5,8;ADD:7,1;ADD:8,7;REMOVE:0,2;REMOVE:3,6;REMOVE:4,3;REMOVE:4,7;REMOVE:5,2;REMOVE:7,8;REMOVE:7,9;REMOVE:8,9",0:2;1:-;2:-;3:6;4:3|7;5:2;6:-;7:8|9;8:9;9:-,0:7|8;1:-;2:-;3:5;4:9;5:8;6:-;7:1;8:7;9:-,0@1=1;0@2=2;0@3=1;0@4=1;0@5=1;0@6=1;0@7=1;0@8=1;3@5=1;4@1=1;4@2=1;4@6=1;5@1=2;5@4=1;7@1=1;8@1=1;8@3=1;8@4=1;8@8=1;8@9=1,"1,2,3,4,5,6,7,8,9",22,20,20,0,1.0,0.3175626286751223,1.0,0.017562628675122177,0.0,0.0,0.7,0.1983790397644043,Feasible
637,636,11,5,6,"ADD:0,3;ADD:3,7;ADD:4,7;ADD:6,4;ADD:8,4;REMOVE:0,7;REMOVE:0,8;REMOVE:3,5;REMOVE:4,9;REMOVE:7,1;REMOVE:8,7",0:7|8;1:-;2:-;3:5;4:9;5:8;6:-;7:1;8:7;9:-,0:3;1:-;2:-;3:7;4:7;5:8;6:4;7:-;8:4;9:-,0@1=2;0@2=2;0@3=1;3@1=1;3@3=1;3@0=1;4@2=2;4@0=2;4@7=1;4@9=2;5@2=2;5@8=1;6@4=1;8@4=1,"1,2,3,0,7,9,8,4",20,14,14,0,1.0,0.38039479563291057,0.8571428571428571,0.02325193849005344,0.0,0.0,0.5,0.17819499969482422,Feasible
638,637,11,5,6,"ADD:1,2;ADD:3,4;ADD:4,3;ADD:7,7;ADD:8,7;REMOVE:0,3;REMOVE:3,7;REMOVE:4,7;REMOVE:5,8;REMOVE:6,4;REMOVE:8,4",0:3;1:-;2:-;3:7;4:7;5:8;6:4;7:-;8:4;9:-,0:-;1:2;2:-;3:4;4:3;5:-;6:-;7:7;8:7;9:-,1@2=1;3@2=1;3@4=1;4@1=1;4@5=1;4@9=1;7@2=1;7@1=1;7@9=1;7@0=1;7@3=1;8@4=1;8@0=1;8@8=1,"2,4,1,5,9,0,3,8",14,14,14,0,1.0,0.512418777697611,1.0,0.012418777697610926,0.0,0.0,0.5,0.18016481399536133,Feasible
639,638,8,4,4,"ADD:3,1;ADD:4,2;ADD:5,8;ADD:8,8;REMOVE:1,2;REMOVE:3,4;REMOVE:4,3;REMOVE:8,7",0:-;1:2;2:-;3:4;4:3;5:-;6:-;7:7;8:7;9:-,0:-;1:-;2:-;3:1;4:2;5:8;6:-;7:7;8:8;9:-,3@1=1;4@2=1;4@3=1;4@4=1;4@8=1;5@1=2;5@4=1;5@5=1;5@6=1;7@1=1;7@0=1;8@8=1;8@5=1;8@6=1,"1,2,3,4,8,5,6,0",15,14,14,0,1.0,0.42190643337429723,0.8,0.021906433374297176,0.0,0.0,0.4,0.17946219444274902,Feasible
640,639,11,7,4,"ADD:0,7;ADD:2,6;ADD:4,7;ADD:5,4;ADD:7,9;ADD:8,5;ADD:8,9;REMOVE:4,2;REMOVE:5,8;REMOVE:7,7;REMOVE:8,8",0:-;1:-;2:-;3:1;4:2;5:8;6:-;7:7;8:8;9:-,0:7;1:-;2:6;3:1;4:7;5:4;6:-;7:9;8:5|9;9:-,0@1=1;0@2=1;0@7=1;2@6=1;3@1=2;4@6=2;4@0=1;4@4=1;4@8=1;5@2=1;5@4=1;7@6=1;7@9=1;8@1=1;8@0=1;8@9=1;8@5=1,"1,2,7,6,0,4,8,9,5",19,17,17,0,1.0,0.13895876840182053,0.8,0.03895876840182049,0.0,0.0,0.7,0.18832111358642578,Feasible
641,640,12,5,7,"ADD:0,2;ADD:3,7;ADD:5,7;ADD:7,8;ADD:8,8;REMOVE:0,7;REMOVE:2,6;REMOVE:3,1;REMOVE:5,4;REMOVE:7,9;REMOVE:8,5;REMOVE:8,9",0:7;1:-;2:6;3:1;4:7;5:4;6:-;7:9;8:5|9;9:-,0:2;1:-;2:-;3:7;4:7;5:7;6:-;7:8;8:8;9:-,0@0=3;0@3=1;0@4=3;0@5=1;0@9=1;3@1=1;3@6=2;3@7=1;4@3=1;4@4=1;4@9=1;4@1=2;5@4=1;5@1=1;5@7=1;7@2=1;7@8=1;8@4=1;8@8=1,"0,3,4,5,9,1,6,7,2,8",25,19,19,0,1.0,0.3912848451821308,0.875,0.01628484518213085,0.0,0.0,0.5,0.19857573509216309,Feasible
642,641,10,6,4,"ADD:0,7;ADD:1,2;ADD:3,8;ADD:4,5;ADD:4,8;ADD:7,9;REMOVE:0,2;REMOVE:3,7;REMOVE:4,7;REMOVE:7,8",0:2;1:-;2:-;3:7;4:7;5:7;6:-;7:8;8:8;9:-,0:7;1:2;2:-;3:8;4:5|8;5:7;6:-;7:9;8:8;9:-,0@0=1;0@2=2;0@4=2;0@6=1;0@8=1;0@9=1;1@0=1;1@2=1;1@8=1;3@4=1;3@1=1;4@0=1;4@8=1;4@1=1;4@5=1;5@4=1;5@7=2;7@2=1;7@1=1;8@2=1;8@8=1,"0,2,4,6,8,9,1,5,7",24,21,21,0,1.0,0.09412019913648595,0.6666666666666666,0.027453532469819273,0.0,0.0,0.6,0.19572901725769043,Feasible
643,642,11,5,6,"ADD:4,2;ADD:5,2;ADD:6,8;ADD:7,4;ADD:8,2;REMOVE:3,8;REMOVE:4,5;REMOVE:4,8;REMOVE:5,7;REMOVE:7,9;REMOVE:8,8",0:7;1:2;2:-;3:8;4:5|8;5:7;6:-;7:9;8:8;9:-,0:7;1:2;2:-;3:-;4:2;5:2;6:8;7:4;8:2;9:-,0@1=1;0@2=3;0@3=1;0@7=1;1@2=2;1@0=1;4@3=1;4@4=1;4@5=1;5@2=1;5@3=1;5@8=1;5@9=1;6@7=1;6@8=1;7@2=1;7@4=1;8@2=1;8@3=1;8@8=1,"1,2,3,7,0,4,5,8,9",23,20,20,0,1.0,0.2807913796033744,0.75,0.030791379603374438,0.0,0.0,0.5,0.19428300857543945,Feasible
644,643,13,6,7,"ADD:1,9;ADD:2,3;ADD:3,4;ADD:4,4;ADD:7,8;ADD:8,1;REMOVE:0,7;REMOVE:1,2;REMOVE:4,2;REMOVE:5,2;REMOVE:6,8;REMOVE:7,4;REMOVE:8,2",0:7;1:2;2:-;3:-;4:2;5:2;6:8;7:4;8:2;9:-,0:-;1:9;2:3;3:4;4:4;5:-;6:-;7:8;8:1;9:-,1@1=1;1@7=1;1@9=1;2@3=1;3@4=1;4@4=1;7@1=1;7@4=1;8@1=1,"1,7,9,3,4",9,9,9,0,1.0,0.45316955641068335,1.0,0.05316955641068335,0.0,0.0,0.6,0.15111017227172852,Feasible
645,644,12,6,6,"ADD:1,2;ADD:3,2;ADD:4,2;ADD:5,4;ADD:7,1;ADD:8,4;REMOVE:1,9;REMOVE:2,3;REMOVE:3,4;REMOVE:4,4;REMOVE:7,8;REMOVE:8,1",0:-;1:9;2:3;3:4;4:4;5:-;6:-;7:8;8:1;9:-,0:-;1:2;2:-;3:2;4:2;5:4;6:-;7:1;8:4;9:-,1@2=2;1@3=1;1@4=2;3@2=1;4@2=1;4@3=1;4@8=1;5@2=1;5@4=1;7@1=1;8@4=1,"2,3,4,8,1",13,11,11,0,1.0,0.45332743113914875,1.0,0.05332743113914878,0.0,0.0,0.6,0.15384125709533691,Feasible
646,645,10,4,6,"ADD:4,8;ADD:5,2;ADD:7,4;ADD:8,7;REMOVE:1,2;REMOVE:3,2;REMOVE:4,2;REMOVE:5,4;REMOVE:7,1;REMOVE:8,4",0:-;1:2;2:-;3:2;4:2;5:4;6:-;7:1;8:4;9:-,0:-;1:-;2:-;3:-;4:8;5:2;6:-;7:4;8:7;9:-,4@1=1;4@6=1;4@8=1;5@2=1;7@4=1;8@6=1;8@4=1;8@7=1,"1,6,8,2,4,7",8,8,8,0,1.0,0.6500028215464327,1.0,0.05000282154643286,0.0,0.0,0.4,0.15354514122009277,Feasible
647,646,11,7,4,"ADD:0,6;ADD:1,3;ADD:1,7;ADD:2,9;ADD:4,2;ADD:5,4;ADD:7,9;REMOVE:4,8;REMOVE:5,2;REMOVE:7,4;REMOVE:8,7",0:-;1:-;2:-;3:-;4:8;5:2;6:-;7:4;8:7;9:-,0:6;1:3|7;2:9;3:-;4:2;5:4;6:-;7:9;8:-;9:-,0@1=1;0@4=2;0@6=1;0@8=1;0@9=1;1@1=1;1@4=2;1@9=1;1@2=1;1@3=1;1@5=1;1@7=1;2@9=1;4@4=2;4@9=1;4@3=1;4@5=1;4@0=1;5@4=2;5@2=1;7@9=1,"1,4,6,8,9,2,3,5,7,0",25,21,21,0,1.0,0.32758238361338643,1.0,0.027582383613386493,0.0,0.0,0.7,0.19726777076721191,Feasible
648,647,9,4,5,"ADD:0,2;ADD:4,7;ADD:5,2;ADD:8,9;REMOVE:0,6;REMOVE:1,7;REMOVE:2,9;REMOVE:4,2;REMOVE:5,4",0:6;1:3|7;2:9;3:-;4:2;5:4;6:-;7:9;8:-;9:-,0:2;1:3;2:-;3:-;4:7;5:2;6:-;7:9;8:9;9:-,0@0=1;0@4=1;0@5=4;1@5=1;1@2=3;1@3=2;1@9=1;4@2=1;4@3=1;4@1=1;4@7=2;4@8=1;5@0=1;5@4=1;5@2=2;5@8=1;7@2=3;7@9=1;7@6=1;8@2=1;8@1=1,"0,4,5,2,3,9,1,7,8,6",31,21,21,0,1.0,0.33411821518061646,0.7142857142857143,0.019832500894902207,0.0,0.0,0.4,0.20335698127746582,Feasible
649,648,13,7,6,"ADD:0,7;ADD:1,8;ADD:2,7;ADD:3,4;ADD:4,8;ADD:5,8;ADD:8,7;REMOVE:0,2;REMOVE:1,3;REMOVE:4,7;REMOVE:5,2;REMOVE:7,9;REMOVE:8,9",0:2;1:3;2:-;3:-;4:7;5:2;6:-;7:9;8:9;9:-,0:7;1:8;2:7;3:4;4:8;5:8;6:-;7:-;8:7;9:-,0@1=2;0@2=1;0@3=2;0@4=1;1@1=1;1@2=2;1@4=1;1@6=2;2@7=1;3@2=1;3@4=1;4@1=2;4@2=2;4@5=1;5@1=1;5@4=1;5@8=1;8@7=1,"1,2,3,4,6,7,5,8",24,18,18,0,1.0,0.3166395938197384,1.0,0.016639593819738292,0.0,0.0,0.7,0.1867058277130127,Feasible
650,649,12,6,6,"ADD:1,7;ADD:3,7;ADD:4,9;ADD:5,2;ADD:7,9;ADD:8,4;REMOVE:1,8;REMOVE:2,7;REMOVE:3,4;REMOVE:4,8;REMOVE:5,8;REMOVE:8,7",0:7;1:8;2:7;3:4;4:8;5:8;6:-;7:-;8:7;9:-,0:7;1:7;2:-;3:7;4:9;5:2;6:-;7:9;8:4;9:-,0@0=1;0@1=2;0@2=1;0@9=1;1@0=1;1@1=1;1@9=1;1@3=1;1@4=1;3@9=1;3@3=1;3@6=1;3@8=1;4@1=1;4@9=1;4@3=1;4@7=1;5@2=1;7@1=1;7@2=1;7@6=1;8@2=1;8@4=1,"0,1,2,9,3,4,6,8,7",24,23,23,0,1.0,0.2699945949026952,0.8571428571428571,0.012851737759838066,0.0,0.0,0.6,0.19953489303588867,Feasible
651,650,10,5,5,"ADD:3,5;ADD:4,8;ADD:5,7;ADD:7,4;ADD:8,8;REMOVE:3,7;REMOVE:4,9;REMOVE:5,2;REMOVE:7,9;REMOVE:8,4",0:7;1:7;2:-;3:7;4:9;5:2;6:-;7:9;8:4;9:-,0:7;1:7;2:-;3:5;4:8;5:7;6:-;7:4;8:8;9:-,0@0=1;0@2=1;0@3=1;0@4=1;0@7=1;1@7=1;3@0=1;3@2=1;3@5=1;4@2=1;4@5=1;4@1=2;4@6=1;5@2=1;5@4=1;5@7=1;7@2=1;7@4=1;8@4=2;8@6=1;8@8=1,"0,2,3,4,7,5,1,6,8",23,21,21,0,1.0,0.24064485184452022,0.7142857142857143,0.026359137558805895,0.0,0.0,0.5,0.19724798202514648,Feasible
652,651,12,6,6,"ADD:0,8;ADD:1,8;ADD:3,4;ADD:4,9;ADD:7,3;ADD:8,0;REMOVE:0,7;REMOVE:1,7;REMOVE:3,5;REMOVE:4,8;REMOVE:7,4;REMOVE:8,8",0:7;1:7;2:-;3:5;4:8;5:7;6:-;7:4;8:8;9:-,0:8;1:8;2:-;3:4;4:9;5:7;6:-;7:3;8:0;9:-,0@2=1;0@8=1;1@1=2;1@4=2;3@4=1;4@2=1;4@1=2;4@9=1;5@4=1;5@0=1;5@7=1;7@3=1;8@0=1,"2,8,1,4,9,0,7,3",16,13,13,0,1.0,0.2978515138757374,0.8571428571428571,0.04070865673288025,0.0,0.0,0.6,0.17455387115478516,Feasible
653,652,13,7,6,"ADD:0,4;ADD:1,4;ADD:3,9;ADD:4,3;ADD:4,7;ADD:7,9;ADD:8,2;REMOVE:0,8;REMOVE:1,8;REMOVE:3,4;REMOVE:4,9;REMOVE:7,3;REMOVE:8,0",0:8;1:8;2:-;3:4;4:9;5:7;6:-;7:3;8:0;9:-,0:4;1:4;2:-;3:9;4:3|7;5:7;6:-;7:9;8:2;9:-,0@4=1;1@4=1;3@2=1;3@9=1;4@2=1;4@3=1;4@5=1;4@6=1;4@7=1;5@4=2;5@3=1;5@0=1;5@1=1;5@8=1;7@2=1;7@6=1;8@2=1,"4,2,9,3,5,6,7,0,1,8",18,17,17,0,1.0,0.18789374998921127,0.8571428571428571,0.03075089284635417,0.0,0.0,0.7,0.19144606590270996,Feasible
654,653,13,6,7,"ADD:0,7;ADD:1,5;ADD:1,8;ADD:3,8;ADD:7,0;ADD:8,9;REMOVE:0,4;REMOVE:1,4;REMOVE:3,9;REMOVE:4,3;REMOVE:5,7;REMOVE:7,9;REMOVE:8,2",0:4;1:4;2:-;3:9;4:3|7;5:7;6:-;7:9;8:2;9:-,0:7;1:5|8;2:-;3:8;4:7;5:-;6:-;7:0;8:9;9:-,0@0=1;0@1=1;0@3=1;0@4=2;0@8=1;1@1=1;1@3=1;1@4=1;1@5=1;1@6=1;3@1=1;3@5=2;4@1=1;4@2=1;4@7=1;7@0=1;8@3=1;8@6=1;8@9=1,"0,1,3,4,8,5,6,2,7,9",21,19,19,0,1.0,0.29568221464047617,0.875,0.02068221464047618,0.0,0.0,0.6,0.2006840705871582,Feasible
655,654,7,3,4,"ADD:3,3;ADD:5,7;ADD:8,2;REMOVE:1,5;REMOVE:3,8;REMOVE:7,0;REMOVE:8,9",0:7;1:5|8;2:-;3:8;4:7;5:-;6:-;7:0;8:9;9:-,0:7;1:8;2:-;3:3;4:7;5:7;6:-;7:-;8:2;9:-,0@1=2;0@4=1;0@7=1;0@9=3;1@1=2;1@7=1;1@6=1;1@8=1;3@2=1;3@3=1;4@4=1;4@7=1;4@6=1;4@2=2;5@1=2;5@4=1;5@3=1;8@2=2,"1,4,7,9,6,8,2,3",25,18,18,0,1.0,0.2950736656477344,0.5714285714285714,0.023645094219163092,0.0,0.0,0.30000000000000004,0.18524599075317383,Feasible
656,655,4,3,1,"ADD:2,9;ADD:3,4;ADD:7,4;REMOVE:3,3",0:7;1:8;2:-;3:3;4:7;5:7;6:-;7:-;8:2;9:-,0:7;1:8;2:9;3:4;4:7;5:7;6:-;7:4;8:2;9:-,0@1=2;0@2=1;0@3=1;0@4=3;0@8=1;1@2=2;1@4=1;1@8=1;2@1=1;2@9=1;3@4=1;4@2=1;4@3=1;4@9=1;4@0=1;4@7=1;5@1=2;5@2=1;5@3=2;5@4=2;5@9=1;5@7=1;7@2=1;7@4=2;8@2=1,"1,2,3,4,8,9,0,7",33,25,25,0,1.0,-0.10791563187787168,0.16666666666666666,0.025417701455461697,0.0,0.0,0.30000000000000004,0.194166898727417,Feasible
657,656,9,5,4,"ADD:1,7;ADD:2,3;ADD:3,8;ADD:5,9;ADD:7,8;REMOVE:2,9;REMOVE:3,4;REMOVE:5,7;REMOVE:7,4",0:7;1:8;2:9;3:4;4:7;5:7;6:-;7:4;8:2;9:-,0:7;1:7|8;2:3;3:8;4:7;5:9;6:-;7:8;8:2;9:-,0@0=1;0@3=1;0@4=2;0@8=1;1@3=1;1@4=1;1@8=1;1@1=2;1@5=1;2@3=1;3@4=2;3@8=1;3@5=1;3@2=1;4@7=1;5@1=3;5@9=1;7@4=1;7@8=1;7@5=1;7@2=1;7@7=1;8@4=1;8@2=1;8@9=1,"0,3,4,8,1,5,2,7,9",30,25,25,0,1.0,0.023600682963773267,0.5,0.023600682963773288,0.0,0.0,0.5,0.20049595832824707,Feasible
658,657,13,5,8,"ADD:0,2;ADD:1,9;ADD:3,7;ADD:5,2;ADD:8,7;REMOVE:0,7;REMOVE:1,7;REMOVE:1,8;REMOVE:2,3;REMOVE:3,8;REMOVE:5,9;REMOVE:7,8;REMOVE:8,2",0:7;1:7|8;2:3;3:8;4:7;5:9;6:-;7:8;8:2;9:-,0:2;1:9;2:-;3:7;4:7;5:2;6:-;7:-;8:7;9:-,0@2=1;0@3=1;0@4=1;0@5=1;0@8=1;0@9=1;1@3=1;1@9=1;3@3=1;3@8=1;3@0=1;4@3=1;4@4=2;5@2=1;5@9=1;5@0=1;8@3=1;8@0=1,"2,3,4,5,8,9,0",19,18,18,0,1.0,0.40353961465678156,0.8888888888888888,0.014650725767892723,0.0,0.0,0.5,0.181549072265625,Feasible
659,658,9,4,5,"ADD:0,6;ADD:4,9;ADD:5,8;ADD:7,2;REMOVE:0,2;REMOVE:3,7;REMOVE:4,7;REMOVE:5,2;REMOVE:8,7",0:2;1:9;2:-;3:7;4:7;5:2;6:-;7:-;8:7;9:-,0:6;1:9;2:-;3:-;4:9;5:8;6:-;7:2;8:-;9:-,0@4=1;0@6=1;1@7=2;1@9=1;4@9=1;5@6=1;5@7=1;5@5=1;7@2=1,"4,6,7,9,5,2",10,9,9,0,1.0,0.4713572665116784,0.8333333333333334,0.038023933178345015,0.0,0.0,0.4,0.15946483612060547,Feasible
660,659,13,8,5,"ADD:0,2;ADD:1,2;ADD:3,4;ADD:4,5;ADD:4,8;ADD:5,3;ADD:7,7;ADD:8,8;REMOVE:0,6;REMOVE:1,9;REMOVE:4,9;REMOVE:5,8;REMOVE:7,2",0:6;1:9;2:-;3:-;4:9;5:8;6:-;7:2;8:-;9:-,0:2;1:2;2:-;3:4;4:5|8;5:3;6:-;7:7;8:8;9:-,0@0=1;0@2=1;0@4=1;0@8=1;1@0=1;1@4=1;1@3=1;1@5=1;3@4=1;4@0=1;4@4=1;4@5=2;4@6=1;5@3=1;7@0=1;7@4=1;7@9=1;8@4=1;8@5=1,"0,2,4,8,3,5,6,9",20,19,19,0,1.0,0.2211047673832437,1.0,0.021104767383243718,0.0,0.0,0.7999999999999999,0.18875885009765625,Feasible
661,660,13,6,7,"ADD:0,3;ADD:0,8;ADD:1,8;ADD:3,2;ADD:5,7;ADD:7,2;REMOVE:0,2;REMOVE:1,2;REMOVE:3,4;REMOVE:4,8;REMOVE:5,3;REMOVE:7,7;REMOVE:8,8",0:2;1:2;2:-;3:4;4:5|8;5:3;6:-;7:7;8:8;9:-,0:3|8;1:8;2:-;3:2;4:5;5:7;6:-;7:2;8:-;9:-,0@1=1;0@3=1;0@4=2;0@5=1;1@5=2;1@6=1;3@2=1;4@3=1;4@5=2;5@1=1;5@4=1;5@2=1;5@8=1;5@9=1;7@4=1;7@2=1;7@9=1,"1,3,4,5,6,2,8,9",20,17,17,0,1.0,0.3001098376640696,0.875,0.02510983766406956,0.0,0.0,0.6,0.18498992919921875,Feasible
662,661,13,8,5,"ADD:0,6;ADD:1,3;ADD:1,7;ADD:2,7;ADD:3,1;ADD:4,7;ADD:7,3;ADD:8,7;REMOVE:0,3;REMOVE:1,8;REMOVE:3,2;REMOVE:4,5;REMOVE:7,2",0:3|8;1:8;2:-;3:2;4:5;5:7;6:-;7:2;8:-;9:-,0:6|8;1:3|7;2:7;3:1;4:7;5:7;6:-;7:3;8:7;9:-,0@4=1;0@5=1;0@6=1;0@9=1;1@4=1;1@5=1;1@1=2;1@3=1;1@7=1;2@9=1;2@1=1;2@0=2;2@2=2;2@8=1;3@1=1;4@4=3;4@6=1;4@9=1;4@0=1;4@2=1;5@4=1;5@6=1;5@9=1;5@7=1;5@0=1;5@2=1;7@1=1;7@3=1;8@6=1;8@1=1;8@7=1;8@2=1,"4,5,6,9,1,3,7,0,2,8",37,32,32,0,1.0,-0.06612792009293178,0.7142857142857143,0.019586365621353824,0.0,0.0,0.7999999999999999,0.22356104850769043,Feasible
663,662,9,4,5,"ADD:1,8;ADD:2,3;ADD:7,2;ADD:8,8;REMOVE:0,6;REMOVE:1,3;REMOVE:3,1;REMOVE:7,3;REMOVE:8,7",0:6|8;1:3|7;2:7;3:1;4:7;5:7;6:-;7:3;8:7;9:-,0:8;1:7|8;2:3|7;3:-;4:7;5:7;6:-;7:2;8:8;9:-,0@5=1;0@6=1;0@8=1;1@5=1;1@6=1;1@0=1;1@1=1;1@2=3;1@4=2;2@5=1;2@6=1;2@1=1;2@2=3;2@4=2;2@3=1;2@7=1;2@9=1;4@1=1;4@4=2;4@9=1;5@8=1;5@0=1;5@2=2;5@7=1;7@0=1;7@2=1;7@9=1;8@5=1;8@8=1;8@4=1,"5,6,8,0,1,2,4,3,7,9",38,30,30,0,1.0,0.11673134402506624,0.5,0.01673134402506626,0.0,0.0,0.4,0.2174239158630371,Feasible
664,663,10,5,5,"ADD:0,9;ADD:5,5;ADD:5,9;ADD:6,7;ADD:8,7;REMOVE:0,8;REMOVE:1,7;REMOVE:2,3;REMOVE:5,7;REMOVE:8,8",0:8;1:7|8;2:3|7;3:-;4:7;5:7;6:-;7:2;8:8;9:-,0:9;1:8;2:7;3:-;4:7;5:5|9;6:7;7:2;8:7;9:-,0@3=1;0@6=2;1@1=2;1@2=1;1@8=1;2@4=2;2@7=1;4@3=2;4@1=1;4@8=1;4@4=1;5@5=1;5@9=1;6@3=1;6@1=1;6@2=1;6@0=2;7@5=1;7@9=1;7@0=2;8@3=1;8@7=1,"3,6,1,2,8,4,7,5,9,0",28,22,22,0,1.0,0.07283183438696228,0.5555555555555556,0.017276278831406738,0.0,0.0,0.5,0.19633102416992188,Feasible
665,664,12,5,7,"ADD:0,2;ADD:1,7;ADD:3,9;ADD:6,8;ADD:6,9;REMOVE:0,9;REMOVE:1,8;REMOVE:5,5;REMOVE:5,9;REMOVE:6,7;REMOVE:7,2;REMOVE:8,7",0:9;1:8;2:7;3:-;4:7;5:5|9;6:7;7:2;8:7;9:-,0:2;1:7;2:7;3:9;4:7;5:-;6:8|9;7:-;8:-;9:-,0@0=2;0@2=1;0@4=1;0@5=1;0@9=1;1@4=2;1@9=2;2@0=1;2@2=1;2@9=1;2@1=1;2@3=1;2@7=1;3@9=1;4@7=1;6@4=1;6@5=1;6@9=1;6@1=1,"0,2,4,5,9,1,3,7",22,19,19,0,1.0,0.2976206517526052,0.7777777777777778,0.01984287397482737,0.0,0.0,0.5,0.1888277530670166,Feasible
666,665,10,5,5,"ADD:0,4;ADD:1,4;ADD:4,9;ADD:5,8;ADD:8,2;REMOVE:0,2;REMOVE:1,7;REMOVE:3,9;REMOVE:4,7;REMOVE:6,8",0:2;1:7;2:7;3:9;4:7;5:-;6:8|9;7:-;8:-;9:-,0:4;1:4;2:7;3:-;4:9;5:8;6:9;7:-;8:2;9:-,0@2=1;0@4=1;1@4=1;2@0=2;2@3=1;2@7=1;2@8=1;4@1=1;4@9=2;5@4=1;5@5=2;6@2=1;6@6=1;8@2=1,"2,4,0,3,7,8,1,9,5,6",17,14,14,0,1.0,0.25084488864275145,0.7142857142857143,0.03655917435703714,0.0,0.0,0.5,0.17876672744750977,Feasible
667,666,16,9,7,"ADD:0,7;ADD:1,7;ADD:2,8;ADD:4,7;ADD:5,7;ADD:6,8;ADD:7,2;ADD:8,5;ADD:8,9;REMOVE:0,4;REMOVE:1,4;REMOVE:2,7;REMOVE:4,9;REMOVE:5,8;REMOVE:6,9;REMOVE:8,2",0:4;1:4;2:7;3:-;4:9;5:8;6:9;7:-;8:2;9:-,0:7;1:7;2:8;3:-;4:7;5:7;6:8;7:2;8:5|9;9:-,0@2=2;0@3=1;0@4=1;0@7=1;0@9=1;1@4=1;1@7=1;1@0=1;1@6=1;1@8=1;2@4=2;2@5=1;4@4=1;4@0=1;5@3=1;5@4=2;5@0=1;6@2=1;6@6=1;6@5=1;6@1=1;7@2=1;8@9=1;8@5=2,"2,3,4,7,9,0,6,8,5,1",28,24,24,0,1.0,0.12222354327843954,1.0,0.02222354327843936,0.0,0.0,0.8999999999999999,0.2021348476409912,Feasible
668,667,17,9,8,"ADD:1,8;ADD:2,7;ADD:3,7;ADD:4,8;ADD:4,9;ADD:5,9;ADD:6,9;ADD:7,8;ADD:8,7;REMOVE:1,7;REMOVE:2,8;REMOVE:4,7;REMOVE:5,7;REMOVE:6,8;REMOVE:7,2;REMOVE:8,5;REMOVE:8,9",0:7;1:7;2:8;3:-;4:7;5:7;6:8;7:2;8:5|9;9:-,0:7;1:8;2:7;3:7;4:8|9;5:9;6:9;7:8;8:7;9:-,0@0=1;0@1=1;0@3=1;0@4=2;0@9=1;1@5=2;1@6=1;1@7=1;2@4=1;2@9=1;2@6=1;2@2=1;3@1=1;3@3=1;3@9=1;3@2=1;3@8=1;4@9=1;4@6=1;4@2=1;4@8=1;5@1=1;5@9=1;5@7=1;5@2=1;6@9=1;6@2=2;7@1=2;7@4=1;7@8=1;8@1=1;8@3=2;8@4=1,"0,1,3,4,9,5,6,7,2,8",38,33,33,0,1.0,0.001967747329382652,0.8888888888888888,0.013078858440493668,0.0,0.0,0.8999999999999999,0.21991491317749023,Feasible
669,668,10,4,6,"ADD:0,3;ADD:6,7;ADD:7,7;ADD:8,3;REMOVE:0,7;REMOVE:4,9;REMOVE:5,9;REMOVE:6,9;REMOVE:7,8;REMOVE:8,7",0:7;1:8;2:7;3:7;4:8|9;5:9;6:9;7:8;8:7;9:-,0:3;1:8;2:7;3:7;4:8;5:-;6:7;7:7;8:3;9:-,0@2=1;0@3=1;1@2=2;1@1=3;1@5=1;1@7=1;2@1=1;2@4=1;2@8=1;2@9=1;3@0=1;3@6=1;4@1=2;4@4=1;4@8=2;4@6=2;6@2=1;6@1=1;6@8=1;6@0=1;7@2=2;7@0=1;7@6=1;8@5=1;8@7=1;8@9=1,"2,3,1,5,7,4,8,9,0,6",33,26,26,0,1.0,0.20895380095385463,0.6,0.008953800953854667,0.0,0.0,0.4,0.2079460620880127,Feasible
670,669,16,8,8,"ADD:0,7;ADD:1,7;ADD:2,8;ADD:4,2;ADD:5,8;ADD:6,1;ADD:7,8;ADD:8,9;REMOVE:0,3;REMOVE:1,8;REMOVE:2,7;REMOVE:3,7;REMOVE:4,8;REMOVE:6,7;REMOVE:7,7;REMOVE:8,3",0:3;1:8;2:7;3:7;4:8;5:-;6:7;7:7;8:3;9:-,0:7;1:7;2:8;3:-;4:2;5:8;6:1;7:8;8:9;9:-,0@0=1;0@3=2;0@7=1;0@8=1;1@0=1;1@4=1;2@8=1;2@4=1;2@1=1;2@6=1;4@3=1;4@4=1;4@2=1;4@9=1;5@1=1;5@5=1;6@3=1;6@8=1;6@1=2;7@8=1;7@4=1;7@5=1;8@1=1;8@2=1,"0,3,7,8,4,1,6,2,9,5",26,24,24,0,1.0,0.22392304472025126,1.0,0.02392304472025122,0.0,0.0,0.7999999999999999,0.20313501358032227,Feasible
671,670,18,10,8,"ADD:0,3;ADD:0,5;ADD:1,4;ADD:2,7;ADD:3,3;ADD:4,7;ADD:5,3;ADD:6,7;ADD:7,7;ADD:8,1;REMOVE:0,7;REMOVE:1,7;REMOVE:2,8;REMOVE:4,2;REMOVE:5,8;REMOVE:6,1;REMOVE:7,8;REMOVE:8,9",0:7;1:7;2:8;3:-;4:2;5:8;6:1;7:8;8:9;9:-,0:3|5;1:4;2:7;3:3;4:7;5:3;6:7;7:7;8:1;9:-,0@0=1;0@1=1;0@2=2;0@3=1;0@5=1;1@4=1;2@3=1;2@4=1;2@6=1;2@7=1;2@9=1;3@3=1;4@0=1;4@1=2;4@4=1;4@6=1;4@7=1;5@3=2;6@1=2;6@2=1;6@3=1;6@4=1;6@9=1;7@2=1;7@6=1;7@7=1;8@1=1,"0,1,2,3,5,4,6,7,9",31,27,27,0,1.0,0.030017994605439413,1.0,0.030017994605439326,0.0,0.0,0.9999999999999999,0.19945383071899414,Feasible
672,671,13,6,7,"ADD:0,2;ADD:1,6;ADD:3,1;ADD:4,9;ADD:6,6;ADD:8,4;REMOVE:0,3;REMOVE:0,5;REMOVE:1,4;REMOVE:3,3;REMOVE:4,7;REMOVE:6,7;REMOVE:8,1",0:3|5;1:4;2:7;3:3;4:7;5:3;6:7;7:7;8:1;9:-,0:2;1:6;2:7;3:1;4:9;5:3;6:6;7:7;8:4;9:-,0@2=1;0@4=1;0@9=1;1@4=1;1@1=1;1@6=1;2@2=2;2@4=1;2@1=1;2@0=1;2@8=1;3@1=1;4@9=1;4@6=1;4@3=2;4@7=1;5@3=1;6@4=1;6@1=1;6@6=1;7@2=1;7@0=1;7@7=1;8@4=1,"2,4,9,1,6,0,8,3,7",26,24,24,0,1.0,0.1302574628967902,0.7,0.030257462896790235,0.0,0.0,0.6,0.19633793830871582,Feasible
673,672,14,6,8,"ADD:0,9;ADD:1,8;ADD:3,2;ADD:4,7;ADD:5,1;ADD:7,6;REMOVE:0,2;REMOVE:1,6;REMOVE:3,1;REMOVE:4,9;REMOVE:5,3;REMOVE:6,6;REMOVE:7,7;REMOVE:8,4",0:2;1:6;2:7;3:1;4:9;5:3;6:6;7:7;8:4;9:-,0:9;1:8;2:7;3:2;4:7;5:1;6:-;7:6;8:-;9:-,0@1=1;0@2=1;0@6=1;1@1=1;1@2=1;1@4=1;2@1=1;2@2=2;2@4=1;2@9=2;3@2=1;4@1=1;4@4=2;4@0=1;4@3=1;5@1=1;7@6=1,"1,2,6,4,9,0,3",20,17,17,0,1.0,0.3054045479419072,0.8888888888888888,0.01651565905301832,0.0,0.0,0.6,0.17763566970825195,Feasible
674,673,13,7,6,"ADD:0,2;ADD:4,9;ADD:5,7;ADD:6,9;ADD:7,2;ADD:7,7;ADD:8,7;REMOVE:0,9;REMOVE:2,7;REMOVE:3,2;REMOVE:4,7;REMOVE:5,1;REMOVE:7,6",0:9;1:8;2:7;3:2;4:7;5:1;6:-;7:6;8:-;9:-,0:2;1:8;2:-;3:-;4:9;5:7;6:9;7:2|7;8:7;9:-,0@2=1;0@4=1;0@5=2;1@2=1;1@5=2;1@8=1;4@2=2;4@1=1;5@2=1;5@1=1;5@0=1;6@2=1;6@1=1;6@3=1;6@9=1;7@2=1;7@4=1;7@5=1;7@1=1;7@9=1;7@7=1;8@7=1,"2,4,5,8,1,0,3,9,7",25,22,22,0,1.0,0.181510037060707,0.8571428571428571,0.024367179917849837,0.0,0.0,0.7,0.19593286514282227,Feasible
675,674,15,8,7,"ADD:0,8;ADD:1,7;ADD:2,2;ADD:2,7;ADD:4,7;ADD:5,2;ADD:6,8;ADD:7,8;REMOVE:0,2;REMOVE:1,8;REMOVE:4,9;REMOVE:5,7;REMOVE:6,9;REMOVE:7,2;REMOVE:7,7",0:2;1:8;2:-;3:-;4:9;5:7;6:9;7:2|7;8:7;9:-,0:8;1:7;2:2|7;3:-;4:7;5:2;6:8;7:8;8:7;9:-,0@1=1;0@2=1;0@7=1;0@8=3;1@1=2;1@0=2;1@4=1;1@6=2;2@7=1;2@0=1;2@4=1;2@6=1;2@5=1;2@9=1;4@1=1;4@2=3;4@0=1;4@6=1;5@8=1;5@4=1;5@5=1;5@9=2;6@2=2;6@7=1;6@8=1;6@4=2;7@8=2;7@4=1;8@7=1;8@0=1;8@9=1,"1,2,7,8,0,4,6,5,9",42,31,31,0,1.0,0.09359537253857997,0.875,0.018595372538579923,0.0,0.0,0.7999999999999999,0.21529674530029297,Feasible
676,675,14,7,7,"ADD:0,7;ADD:1,8;ADD:3,1;ADD:4,8;ADD:5,9;ADD:6,2;ADD:8,8;REMOVE:1,7;REMOVE:2,2;REMOVE:4,7;REMOVE:5,2;REMOVE:6,8;REMOVE:7,8;REMOVE:8,7",0:8;1:7;2:2|7;3:-;4:7;5:2;6:8;7:8;8:7;9:-,0:7|8;1:8;2:7;3:1;4:8;5:9;6:2;7:-;8:8;9:-,0@0=1;0@1=2;0@4=1;0@5=2;0@8=1;1@1=1;1@4=1;2@0=1;2@1=1;2@4=1;2@7=1;2@9=1;3@1=1;4@4=1;4@8=1;4@7=1;4@2=1;4@6=1;5@7=1;5@9=1;5@2=1;5@3=1;6@0=1;6@4=1;6@8=1;6@9=1;6@2=1;8@1=1;8@4=1,"0,1,4,5,8,7,9,2,6,3",31,29,29,0,1.0,0.09609683369395827,0.7777777777777778,0.01831905591618046,0.0,0.0,0.7,0.21313190460205078,Feasible
677,676,18,10,8,"ADD:0,2;ADD:0,9;ADD:1,7;ADD:2,5;ADD:2,9;ADD:3,5;ADD:5,8;ADD:6,7;ADD:7,8;ADD:7,9;REMOVE:0,7;REMOVE:0,8;REMOVE:1,8;REMOVE:2,7;REMOVE:3,1;REMOVE:5,9;REMOVE:6,2;REMOVE:8,8",0:7|8;1:8;2:7;3:1;4:8;5:9;6:2;7:-;8:8;9:-,0:2|9;1:7;2:5|9;3:5;4:8;5:8;6:7;7:8|9;8:-;9:-,0@2=3;0@3=1;0@5=1;0@6=1;0@8=1;0@9=3;1@2=1;1@0=2;1@1=2;1@4=1;1@7=1;2@2=1;2@3=1;2@5=1;2@6=2;3@5=1;4@8=1;4@1=2;5@5=1;5@1=1;5@4=3;6@3=1;6@0=1;7@8=1;7@9=1,"2,3,5,6,8,9,0,1,4,7",35,25,25,0,1.0,-0.07694422748391705,0.8888888888888888,0.03416688362719402,0.0,0.0,0.9999999999999999,0.21178293228149414,Feasible
678,677,21,10,11,"ADD:0,5;ADD:1,2;ADD:2,2;ADD:2,7;ADD:3,7;ADD:4,7;ADD:5,7;ADD:6,2;ADD:7,7;ADD:8,8;REMOVE:0,2;REMOVE:0,9;REMOVE:1,7;REMOVE:2,5;REMOVE:2,9;REMOVE:3,5;REMOVE:4,8;REMOVE:5,8;REMOVE:6,7;REMOVE:7,8;REMOVE:7,9",0:2|9;1:7;2:5|9;3:5;4:8;5:8;6:7;7:8|9;8:-;9:-,0:5;1:2;2:2|7;3:7;4:7;5:7;6:2;7:7;8:8;9:-,0@0=1;0@2=1;0@3=1;0@5=1;1@2=3;1@5=2;1@4=1;2@0=1;2@2=1;2@5=1;2@4=3;2@1=3;2@7=1;3@3=1;3@8=1;3@9=1;4@0=1;4@2=1;4@4=1;4@1=1;4@7=1;5@2=1;5@3=1;5@4=2;5@1=2;6@2=1;7@2=1;7@4=1;7@1=1;7@9=1;8@4=2;8@1=1,"0,2,3,5,4,1,7,8,9",42,32,32,0,1.0,0.017259513243950475,1.0,0.017259513243950336,0.0,0.0,0.9999999999999999,0.22258806228637695,Feasible
679,678,9,4,5,"ADD:0,8;ADD:1,7;ADD:3,2;ADD:6,8;REMOVE:0,5;REMOVE:1,2;REMOVE:2,2;REMOVE:3,7;REMOVE:6,2",0:5;1:2;2:2|7;3:7;4:7;5:7;6:2;7:7;8:8;9:-,0:8;1:7;2:7;3:2;4:7;5:7;6:8;7:7;8:8;9:-,0@4=2;0@8=1;1@4=1;1@3=1;1@9=3;2@4=1;2@0=2;2@7=1;3@2=1;4@4=2;4@0=3;4@1=1;5@7=1;5@1=1;6@8=1;7@0=1;7@6=1;8@4=1;8@8=1,"4,8,3,9,0,7,2,1,6",26,19,19,0,1.0,0.12276055264330321,0.5,0.022760552643303286,0.0,0.0,0.4,0.18729186058044434,Feasible
680,679,11,5,6,"ADD:3,5;ADD:4,2;ADD:5,9;ADD:7,4;ADD:8,9;REMOVE:2,7;REMOVE:3,2;REMOVE:4,7;REMOVE:5,7;REMOVE:7,7;REMOVE:8,8",0:8;1:7;2:7;3:2;4:7;5:7;6:8;7:7;8:8;9:-,0:8;1:7;2:-;3:5;4:2;5:9;6:8;7:4;8:9;9:-,0@1=1;0@2=1;0@4=1;1@4=2;1@7=1;1@9=1;3@0=1;3@5=1;4@2=1;4@4=1;4@9=1;4@0=1;4@3=1;5@9=2;6@1=1;6@5=1;7@4=1;8@9=1,"1,2,4,7,9,0,5,3",20,18,18,0,1.0,0.2006593943749524,0.6666666666666666,0.033992727708285785,0.0,0.0,0.5,0.18482398986816406,Feasible
681,680,14,6,8,"ADD:0,7;ADD:3,4;ADD:5,2;ADD:6,2;ADD:7,1;ADD:8,7;REMOVE:0,8;REMOVE:1,7;REMOVE:3,5;REMOVE:4,2;REMOVE:5,9;REMOVE:6,8;REMOVE:7,4;REMOVE:8,9",0:8;1:7;2:-;3:5;4:2;5:9;6:8;7:4;8:9;9:-,0:7;1:-;2:-;3:4;4:-;5:2;6:2;7:1;8:7;9:-,0@3=1;0@7=1;3@4=1;5@2=2;6@2=1;7@1=1;8@1=2;8@0=1,"3,7,4,2,1,0",10,8,8,0,1.0,0.4641935336367661,1.0,0.06419353363676614,0.0,0.0,0.6,0.15759897232055664,Feasible
682,681,15,10,5,"ADD:0,2;ADD:1,7;ADD:2,2;ADD:4,9;ADD:5,3;ADD:5,5;ADD:6,7;ADD:6,8;ADD:7,8;ADD:8,3;REMOVE:3,4;REMOVE:5,2;REMOVE:6,2;REMOVE:7,1;REMOVE:8,7",0:7;1:-;2:-;3:4;4:-;5:2;6:2;7:1;8:7;9:-,0:2|7;1:7;2:2;3:-;4:9;5:3|5;6:7|8;7:8;8:3;9:-,0@0=2;0@1=1;0@2=2;0@3=1;0@4=1;0@5=1;0@9=1;1@2=1;1@4=1;1@6=1;1@7=1;2@2=1;4@1=1;4@2=1;4@3=1;4@9=2;4@7=1;5@0=1;5@1=2;5@3=1;5@5=1;6@0=3;6@1=1;6@2=1;6@4=1;6@5=1;6@6=2;7@2=1;7@8=2;8@2=1;8@3=1,"0,1,2,3,4,5,9,6,7,8",39,31,31,0,1.0,-0.13776448511010675,0.8333333333333334,0.028902181556559742,0.0,0.0,0.9999999999999999,0.22189688682556152,Feasible
683,682,16,8,8,"ADD:2,8;ADD:3,8;ADD:3,9;ADD:4,7;ADD:5,8;ADD:5,9;ADD:7,7;ADD:8,8;REMOVE:0,2;REMOVE:2,2;REMOVE:4,9;REMOVE:5,3;REMOVE:5,5;REMOVE:6,8;REMOVE:7,8;REMOVE:8,3",0:2|7;1:7;2:2;3:-;4:9;5:3|5;6:7|8;7:8;8:3;9:-,0:7;1:7;2:8;3:8|9;4:7;5:8|9;6:7;7:7;8:8;9:-,0@1=1;0@3=1;0@6=4;0@7=1;0@8=1;1@1=1;1@7=2;1@0=1;1@4=1;2@1=1;2@6=1;2@8=1;2@4=2;2@2=1;3@6=2;3@8=1;3@2=1;3@9=1;4@0=1;4@9=1;5@8=1;5@9=1;6@1=2;6@0=1;7@1=1;7@7=1;7@8=1;7@0=1;7@4=2;8@7=1;8@8=1;8@2=1,"1,3,6,7,8,0,4,2,9",40,32,32,0,1.0,-0.04951680295684879,0.7272727272727273,0.023210469770423875,0.0,0.0,0.7999999999999999,0.21749496459960938,Feasible
684,683,13,6,7,"ADD:0,9;ADD:2,7;ADD:3,7;ADD:6,2;ADD:7,3;ADD:8,9;REMOVE:0,7;REMOVE:3,8;REMOVE:3,9;REMOVE:5,9;REMOVE:6,7;REMOVE:7,7;REMOVE:8,8",0:7;1:7;2:8;3:8|9;4:7;5:8|9;6:7;7:7;8:8;9:-,0:9;1:7;2:7|8;3:7;4:7;5:8;6:2;7:3;8:9;9:-,0@2=2;0@9=1;1@9=1;1@1=1;1@4=1;1@6=1;1@7=1;1@8=1;2@1=1;2@4=2;2@6=1;2@7=1;2@0=1;2@3=1;2@5=2;3@6=1;3@7=1;3@0=1;4@1=1;4@8=1;4@0=1;5@4=1;5@8=2;5@5=1;6@2=1;6@4=2;6@0=1;6@5=1;7@3=1;8@2=1;8@9=1;8@1=1;8@6=1;8@3=1,"2,9,1,4,6,7,8,0,3,5",39,34,34,0,1.0,0.06049744253766942,0.6363636363636364,0.02413380617403305,0.0,0.0,0.6,0.2273390293121338,Feasible
685,684,16,7,9,"ADD:0,2;ADD:2,5;ADD:3,2;ADD:4,9;ADD:5,7;ADD:7,9;ADD:8,7;REMOVE:0,9;REMOVE:2,7;REMOVE:2,8;REMOVE:3,7;REMOVE:4,7;REMOVE:5,8;REMOVE:6,2;REMOVE:7,3;REMOVE:8,9",0:9;1:7;2:7|8;3:7;4:7;5:8;6:2;7:3;8:9;9:-,0:2;1:7;2:5;3:2;4:9;5:7;6:-;7:9;8:7;9:-,0@2=1;1@0=1;1@3=1;2@3=1;2@5=1;3@2=1;3@5=1;3@4=1;4@2=1;4@1=2;5@4=2;5@8=1;5@9=1;7@3=1;7@1=1;7@9=1;7@6=1;8@1=2;8@7=1,"2,0,3,5,4,1,8,9,6,7",22,19,19,0,1.0,0.22164757977313498,0.9,0.02164757977313493,0.0,0.0,0.7,0.18952298164367676,Feasible
686,685,17,9,8,"ADD:0,7;ADD:1,9;ADD:2,7;ADD:3,8;ADD:4,7;ADD:5,2;ADD:6,9;ADD:7,7;ADD:8,9;REMOVE:0,2;REMOVE:1,7;REMOVE:2,5;REMOVE:3,2;REMOVE:4,9;REMOVE:5,7;REMOVE:7,9;REMOVE:8,7",0:2;1:7;2:5;3:2;4:9;5:7;6:-;7:9;8:7;9:-,0:7;1:9;2:7;3:8;4:7;5:2;6:9;7:7;8:9;9:-,0@2=1;0@3=1;0@6=1;0@7=1;1@7=1;1@9=1;2@2=1;2@6=1;2@9=1;2@1=1;2@4=1;3@2=1;3@7=1;3@1=2;3@5=1;4@3=1;4@7=1;5@2=2;5@3=2;5@4=1;5@5=1;6@2=1;6@7=2;6@9=1;6@1=1;7@3=1;7@9=1;7@8=1;8@6=1;8@9=1,"2,3,6,7,9,1,4,5,8",34,30,30,0,1.0,0.11927271689199825,1.0,0.0192727168919982,0.0,0.0,0.8999999999999999,0.20748281478881836,Feasible
687,686,12,5,7,"ADD:0,8;ADD:2,4;ADD:5,5;ADD:7,3;ADD:8,1;REMOVE:0,7;REMOVE:2,7;REMOVE:3,8;REMOVE:5,2;REMOVE:6,9;REMOVE:7,7;REMOVE:8,9",0:7;1:9;2:7;3:8;4:7;5:2;6:9;7:7;8:9;9:-,0:8;1:9;2:4;3:-;4:7;5:5;6:-;7:3;8:1;9:-,0@2=1;0@6=1;0@7=1;0@8=2;1@7=1;1@3=1;1@9=1;2@4=1;4@7=2;4@8=1;4@9=1;4@0=1;5@3=2;5@5=1;7@3=1;7@1=1;8@1=1,"2,6,7,8,3,9,4,0,5,1",20,17,17,0,1.0,0.325813910405911,0.7777777777777778,0.04803613262813317,0.0,0.0,0.5,0.18694305419921875,Feasible
688,687,12,6,6,"ADD:0,3;ADD:3,1;ADD:4,8;ADD:5,7;ADD:6,1;ADD:7,8;REMOVE:0,8;REMOVE:2,4;REMOVE:4,7;REMOVE:5,5;REMOVE:7,3;REMOVE:8,1",0:8;1:9;2:4;3:-;4:7;5:5;6:-;7:3;8:1;9:-,0:3;1:9;2:-;3:1;4:8;5:7;6:1;7:8;8:-;9:-,0@1=1;0@5=1;0@9=1;1@1=1;1@9=1;1@2=1;3@1=1;4@2=1;4@4=1;4@8=1;5@9=1;5@0=1;5@3=1;6@1=1;7@1=1;7@5=1;7@4=1,"1,5,9,2,4,8,0,3",17,17,17,0,1.0,0.27942455775692876,0.8571428571428571,0.022281700614071635,0.0,0.0,0.6,0.17886590957641602,Feasible
689,688,12,7,5,"ADD:0,7;ADD:1,3;ADD:2,2;ADD:3,2;ADD:4,6;ADD:5,8;ADD:8,8;REMOVE:0,3;REMOVE:1,9;REMOVE:3,1;REMOVE:4,8;REMOVE:5,7",0:3;1:9;2:-;3:1;4:8;5:7;6:1;7:8;8:-;9:-,0:7;1:3;2:2;3:2;4:6;5:8;6:1;7:8;8:8;9:-,0@0=1;0@2=3;0@4=1;0@6=1;0@7=1;0@9=1;1@2=1;1@1=1;1@3=1;2@2=1;2@4=1;2@5=1;3@2=1;3@4=1;3@3=2;4@4=1;4@6=1;4@1=2;5@2=3;5@4=1;5@5=1;5@8=1;6@1=1;7@2=1;7@4=1;7@1=1;8@2=1;8@4=1;8@1=1,"0,2,4,6,7,9,1,3,5,8",35,29,29,0,1.0,0.0339026808315156,0.7142857142857143,0.019616966545801275,0.0,0.0,0.7,0.21056294441223145,Feasible
690,689,13,6,7,"ADD:1,7;ADD:3,8;ADD:4,2;ADD:5,5;ADD:6,8;ADD:7,7;REMOVE:1,3;REMOVE:2,2;REMOVE:3,2;REMOVE:4,6;REMOVE:5,8;REMOVE:6,1;REMOVE:7,8",0:7;1:3;2:2;3:2;4:6;5:8;6:1;7:8;8:8;9:-,0:7;1:7;2:-;3:8;4:2;5:5;6:8;7:7;8:8;9:-,0@0=2;0@2=5;0@4=3;0@7=2;1@4=1;1@9=1;3@2=2;3@1=2;3@8=1;4@2=1;4@7=1;4@9=1;4@5=1;5@5=1;6@2=1;6@7=1;6@1=1;6@8=1;7@2=1;7@4=1;7@9=2;7@6=1;8@2=1;8@7=1;8@8=1,"0,2,4,7,9,1,8,5,6",36,25,25,0,1.0,0.19751432457423634,0.7777777777777778,0.01973654679645851,0.0,0.0,0.6,0.20265817642211914,Feasible
691,690,12,5,7,"ADD:3,6;ADD:4,3;ADD:5,8;ADD:6,7;ADD:7,1;REMOVE:1,7;REMOVE:3,8;REMOVE:4,2;REMOVE:5,5;REMOVE:6,8;REMOVE:7,7;REMOVE:8,8",0:7;1:7;2:-;3:8;4:2;5:5;6:8;7:7;8:8;9:-,0:7;1:-;2:-;3:6;4:3;5:8;6:7;7:1;8:-;9:-,0@0=1;0@1=1;0@2=1;0@4=4;3@6=1;4@1=1;4@2=3;4@3=1;5@4=1;5@8=2;6@1=1;6@4=2;6@3=1;7@1=1,"0,1,2,4,6,3,8",21,14,14,0,1.0,0.4003222385005082,0.875,0.02532223850050817,0.0,0.0,0.5,0.16805505752563477,Feasible
692,691,6,2,4,"ADD:4,2;ADD:6,8;REMOVE:3,6;REMOVE:4,3;REMOVE:6,7;REMOVE:7,1",0:7;1:-;2:-;3:6;4:3;5:8;6:7;7:1;8:-;9:-,0:7;1:-;2:-;3:-;4:2;5:8;6:8;7:-;8:-;9:-,0@0=1;0@4=1;0@8=1;0@9=1;4@0=1;4@9=1;4@2=1;4@5=1;5@8=1;5@2=1;6@8=1,"0,4,8,9,2,5",11,11,11,0,1.0,0.49127574457478146,0.6666666666666666,0.024609077908114788,0.0,0.0,0.2,0.1592879295349121,Feasible
693,692,12,8,4,"ADD:0,8;ADD:1,8;ADD:3,1;ADD:4,8;ADD:5,2;ADD:6,7;ADD:7,8;ADD:8,6;REMOVE:0,7;REMOVE:4,2;REMOVE:5,8;REMOVE:6,8",0:7;1:-;2:-;3:-;4:2;5:8;6:8;7:-;8:-;9:-,0:8;1:8;2:-;3:1;4:8;5:2;6:7;7:8;8:6;9:-,0@2=2;0@5=2;0@8=1;1@1=1;1@4=1;3@1=1;4@2=1;4@5=1;4@4=1;4@6=1;4@7=1;5@2=1;6@2=1;6@1=1;6@0=1;7@8=1;7@7=1;8@6=1,"2,5,8,1,4,6,7,0",20,18,18,0,1.0,0.22526811087448972,1.0,0.025268110874489717,0.0,0.0,0.7999999999999999,0.17728710174560547,Feasible
694,693,11,4,7,"ADD:3,7;ADD:4,2;ADD:6,2;ADD:8,7;REMOVE:1,8;REMOVE:3,1;REMOVE:4,8;REMOVE:5,2;REMOVE:6,7;REMOVE:7,8;REMOVE:8,6",0:8;1:8;2:-;3:1;4:8;5:2;6:7;7:8;8:6;9:-,0:8;1:-;2:-;3:7;4:2;5:-;6:2;7:-;8:7;9:-,0@1=2;0@2=1;0@4=2;0@8=1;3@1=1;3@0=1;4@4=1;4@8=1;4@5=1;4@9=1;6@2=1;8@7=1,"1,2,4,8,0,5,9,7",14,12,12,0,1.0,0.4967549363027285,0.875,0.0217549363027285,0.0,0.0,0.4,0.1706371307373047,Feasible
695,694,9,5,4,"ADD:0,5;ADD:4,8;ADD:5,1;ADD:7,7;ADD:8,2;REMOVE:0,8;REMOVE:4,2;REMOVE:6,2;REMOVE:8,7",0:8;1:-;2:-;3:7;4:2;5:-;6:2;7:-;8:7;9:-,0:5;1:-;2:-;3:7;4:8;5:1;6:-;7:7;8:2;9:-,0@5=1;3@0=1;3@8=1;4@5=1;4@4=1;5@1=1;7@0=1;7@1=1;7@6=1;8@8=1;8@2=1;8@9=1,"5,0,8,4,1,6,2,9",12,12,12,0,1.0,0.32636177307333947,0.8,0.026361773073339447,0.0,0.0,0.5,0.1692359447479248,Feasible
696,695,14,9,5,"ADD:0,7;ADD:0,8;ADD:1,4;ADD:2,2;ADD:3,2;ADD:4,7;ADD:5,5;ADD:6,7;ADD:8,5;REMOVE:0,5;REMOVE:3,7;REMOVE:4,8;REMOVE:5,1;REMOVE:8,2",0:5;1:-;2:-;3:7;4:8;5:1;6:-;7:7;8:2;9:-,0:7|8;1:4;2:2;3:2;4:7;5:5;6:7;7:7;8:5;9:-,0@1=2;0@2=2;0@4=1;0@5=1;0@6=1;0@7=3;0@9=1;1@4=1;2@2=1;2@4=1;2@0=1;3@2=2;4@1=1;4@2=2;4@4=1;4@7=1;5@5=1;5@0=1;6@1=3;6@2=1;6@4=1;6@0=2;7@1=1;7@4=1;7@7=1;7@9=1;8@2=1;8@5=1,"1,2,4,5,6,7,9,0",37,28,28,0,1.0,-0.036733263043849496,0.8333333333333334,0.029933403622817073,0.0,0.0,0.8999999999999999,0.19943499565124512,Feasible
697,696,13,6,7,"ADD:1,8;ADD:2,7;ADD:3,6;ADD:5,7;ADD:7,5;ADD:8,7;REMOVE:0,8;REMOVE:1,4;REMOVE:2,2;REMOVE:3,2;REMOVE:5,5;REMOVE:7,7;REMOVE:8,5",0:7|8;1:4;2:2;3:2;4:7;5:5;6:7;7:7;8:5;9:-,0:7;1:8;2:7;3:6;4:7;5:7;6:7;7:5;8:7;9:-,0@1=1;0@2=1;0@4=2;0@9=1;1@1=1;1@2=2;1@4=3;2@1=2;2@4=3;2@0=1;2@6=2;2@7=1;2@8=1;3@6=1;4@1=1;4@2=1;4@4=2;4@0=1;5@1=2;5@2=1;5@4=1;5@0=1;6@1=1;6@4=2;6@0=1;6@7=1;6@3=2;7@2=1;7@0=1;7@8=2;7@3=2;7@5=1;8@7=1,"1,2,4,9,0,6,7,8,3,5",47,33,33,0,1.0,0.11013274290089314,0.7,0.010132742900893207,0.0,0.0,0.6,0.21624183654785156,Feasible
698,697,16,9,7,"ADD:0,8;ADD:1,3;ADD:1,7;ADD:3,8;ADD:4,3;ADD:4,9;ADD:5,3;ADD:6,8;ADD:7,8;REMOVE:0,7;REMOVE:1,8;REMOVE:3,6;REMOVE:4,7;REMOVE:5,7;REMOVE:6,7;REMOVE:7,5",0:7;1:8;2:7;3:6;4:7;5:7;6:7;7:5;8:7;9:-,0:8;1:3|7;2:7;3:8;4:3|9;5:3;6:8;7:8;8:7;9:-,0@2=1;0@4=1;0@5=1;0@6=1;1@4=2;1@5=1;1@3=1;1@7=1;2@4=1;2@7=1;3@8=1;4@2=1;4@5=2;4@6=2;4@3=1;4@7=1;4@1=3;4@9=1;5@2=1;5@5=1;5@3=1;5@7=1;5@9=1;6@2=1;6@4=1;6@8=1;6@1=1;7@8=1;8@3=1;8@0=1,"2,4,5,6,3,7,8,1,9,0",35,30,30,0,1.0,-0.09665309091960073,0.7777777777777778,0.025569131302621378,0.0,0.0,0.8999999999999999,0.21028923988342285,Feasible
699,698,19,9,10,"ADD:0,9;ADD:1,2;ADD:2,8;ADD:3,7;ADD:4,8;ADD:5,7;ADD:6,5;ADD:7,4;ADD:8,2;REMOVE:0,8;REMOVE:1,3;REMOVE:2,7;REMOVE:3,8;REMOVE:4,3;REMOVE:4,9;REMOVE:5,3;REMOVE:6,8;REMOVE:7,8;REMOVE:8,7",0:8;1:3|7;2:7;3:8;4:3|9;5:3;6:8;7:8;8:7;9:-,0:9;1:2|7;2:8;3:7;4:8;5:7;6:5;7:4;8:2;9:-,0@3=1;0@6=1;1@6=1;1@0=1;1@2=1;1@5=1;1@7=1;2@2=1;2@1=2;2@4=1;3@6=1;3@2=2;3@7=1;4@2=2;4@5=1;4@7=1;4@1=1;5@0=1;5@8=1;5@9=2;6@2=2;6@5=1;7@4=1;8@2=1;8@8=1;8@9=1,"3,6,0,2,5,7,1,4,8,9",31,26,26,0,1.0,0.029484481637711113,0.9090909090909091,0.02039357254680196,0.0,0.0,0.8999999999999999,0.20025897026062012,Feasible
700,699,16,7,9,"ADD:0,7;ADD:3,1;ADD:4,3;ADD:5,9;ADD:6,4;ADD:7,1;ADD:8,3;REMOVE:0,9;REMOVE:1,2;REMOVE:1,7;REMOVE:3,7;REMOVE:4,8;REMOVE:5,7;REMOVE:6,5;REMOVE:7,4;REMOVE:8,2",0:9;1:2|7;2:8;3:7;4:8;5:7;6:5;7:4;8:2;9:-,0:7;1:-;2:8;3:1;4:3;5:9;6:4;7:1;8:3;9:-,0@0=1;0@1=1;0@3=3;0@6=1;0@8=1;0@9=1;2@1=3;2@2=1;2@4=2;2@5=1;2@7=2;3@1=1;4@3=1;4@9=4;4@2=1;4@5=1;5@1=1;5@2=2;6@6=1;6@2=1;6@4=1;7@1=2;8@3=1;8@2=1,"0,1,3,6,8,9,2,4,5,7",35,24,24,0,1.0,0.21688677538394951,0.9,0.016886775383949493,0.0,0.0,0.7,0.20344114303588867,Feasible
701,700,14,7,7,"ADD:1,7;ADD:2,2;ADD:3,6;ADD:4,4;ADD:5,4;ADD:6,2;ADD:8,7;REMOVE:2,8;REMOVE:3,1;REMOVE:4,3;REMOVE:5,9;REMOVE:6,4;REMOVE:7,1;REMOVE:8,3",0:7;1:-;2:8;3:1;4:3;5:9;6:4;7:1;8:3;9:-,0:7;1:7;2:2;3:6;4:4;5:4;6:2;7:-;8:7;9:-,0@0=1;0@2=2;0@7=1;1@7=1;1@6=1;2@0=2;2@2=1;2@4=1;3@6=1;3@8=1;3@9=1;4@4=1;5@2=1;5@4=1;6@2=1;8@4=1;8@3=1,"0,2,7,6,4,8,9,3",19,17,17,0,1.0,0.21081337411702583,0.875,0.03581337411702577,0.0,0.0,0.7,0.1743459701538086,Feasible
702,701,12,4,8,"ADD:0,9;ADD:1,5;ADD:4,7;ADD:6,9;REMOVE:0,7;REMOVE:1,7;REMOVE:2,2;REMOVE:3,6;REMOVE:4,4;REMOVE:5,4;REMOVE:6,2;REMOVE:8,7",0:7;1:7;2:2;3:6;4:4;5:4;6:2;7:-;8:7;9:-,0:9;1:5;2:-;3:-;4:7;5:-;6:9;7:-;8:-;9:-,0@9=1;1@5=1;4@9=1;4@4=2;6@9=1;6@3=1,"9,5,4,3",7,6,6,0,1.0,0.6438566258085193,1.0,0.043856625808519276,0.0,0.0,0.4,0.14140915870666504,Feasible
703,702,13,9,4,"ADD:0,7;ADD:1,7;ADD:2,7;ADD:3,7;ADD:4,8;ADD:5,2;ADD:6,7;ADD:7,8;ADD:8,0;REMOVE:0,9;REMOVE:1,5;REMOVE:4,7;REMOVE:6,9",0:9;1:5;2:-;3:-;4:7;5:-;6:9;7:-;8:-;9:-,0:7;1:7;2:7;3:7;4:8;5:2;6:7;7:8;8:0;9:-,0@1=1;0@2=1;0@3=1;0@4=1;0@6=1;0@8=1;1@2=1;1@3=1;1@7=1;2@1=1;2@8=1;2@7=1;2@9=1;3@6=1;3@0=1;4@4=2;4@5=1;5@2=2;6@3=1;6@0=1;7@6=1;7@5=3;8@0=1,"1,2,3,4,6,8,7,9,0,5",27,23,23,0,1.0,0.11825951728783601,1.0,0.018259517287835817,0.0,0.0,0.8999999999999999,0.19834399223327637,Feasible
704,703,14,7,7,"ADD:1,2;ADD:2,2;ADD:3,9;ADD:4,7;ADD:5,7;ADD:7,9;ADD:8,7;REMOVE:1,7;REMOVE:2,7;REMOVE:3,7;REMOVE:4,8;REMOVE:5,2;REMOVE:7,8;REMOVE:8,0",0:7;1:7;2:7;3:7;4:8;5:2;6:7;7:8;8:0;9:-,0:7;1:2;2:2;3:9;4:7;5:7;6:7;7:9;8:7;9:-,0@0=1;0@1=1;0@2=2;0@3=1;0@6=1;0@8=1;1@2=1;1@3=1;1@4=2;2@0=1;2@2=1;2@4=3;3@1=1;3@2=1;3@9=1;4@0=1;4@1=1;4@6=1;4@4=1;4@9=2;5@1=1;5@2=1;5@4=2;5@9=1;6@0=1;6@1=1;6@2=2;6@3=1;6@6=1;6@4=1;6@9=1;6@7=2;7@9=1;8@0=1;8@6=1;8@9=1;8@7=1,"0,1,2,3,6,8,4,9,7",45,37,37,0,1.0,0.09343081734730241,0.7777777777777778,0.01565303956952456,0.0,0.0,0.7,0.22098112106323242,Feasible
705,704,11,5,6,"ADD:4,9;ADD:6,5;ADD:6,9;ADD:7,7;ADD:8,2;REMOVE:3,9;REMOVE:4,7;REMOVE:5,7;REMOVE:6,7;REMOVE:7,9;REMOVE:8,7",0:7;1:2;2:2;3:9;4:7;5:7;6:7;7:9;8:7;9:-,0:7;1:2;2:2;3:-;4:9;5:-;6:5|9;7:7;8:2;9:-,0@2=1;0@3=1;0@4=2;0@6=1;1@2=1;1@5=1;1@7=1;2@2=1;2@3=1;2@4=1;2@5=1;2@7=1;2@8=1;4@2=2;4@3=1;4@6=2;6@5=1;6@9=1;7@3=1;7@4=2;7@0=1;8@2=1,"2,3,4,6,5,7,8,9,0",26,22,22,0,1.0,0.18349069966035236,0.6666666666666666,0.016824032993685754,0.0,0.0,0.5,0.19237995147705078,Feasible
706,705,15,8,7,"ADD:0,1;ADD:1,7;ADD:4,8;ADD:5,7;ADD:6,7;ADD:7,1;ADD:8,3;ADD:8,9;REMOVE:0,7;REMOVE:1,2;REMOVE:4,9;REMOVE:6,5;REMOVE:6,9;REMOVE:7,7;REMOVE:8,2",0:7;1:2;2:2;3:-;4:9;5:-;6:5|9;7:7;8:2;9:-,0:1;1:7;2:2;3:-;4:8;5:7;6:7;7:1;8:3|9;9:-,0@1=1;0@8=1;0@9=1;1@0=1;1@2=1;1@6=1;2@2=1;4@1=2;4@8=2;4@2=1;4@4=2;4@7=1;5@1=1;5@7=1;5@3=1;6@0=1;6@6=1;6@4=1;7@1=1;8@1=1;8@2=1;8@6=1;8@3=1;8@5=1,"1,8,9,0,2,6,4,7,3,5",27,24,24,0,1.0,0.10281205256452486,0.875,0.02781205256452483,0.0,0.0,0.7999999999999999,0.2027902603149414,Feasible
707,706,14,7,7,"ADD:0,8;ADD:1,4;ADD:2,7;ADD:5,4;ADD:6,8;ADD:7,7;ADD:8,5;REMOVE:0,1;REMOVE:1,7;REMOVE:2,2;REMOVE:5,7;REMOVE:6,7;REMOVE:7,1;REMOVE:8,3",0:1;1:7;2:2;3:-;4:8;5:7;6:7;7:1;8:3|9;9:-,0:8;1:4;2:7;3:-;4:8;5:4;6:8;7:7;8:5|9;9:-,0@1=1;0@4=2;1@4=1;2@1=1;2@4=2;2@2=1;2@7=1;4@4=1;4@2=2;4@8=1;5@4=1;5@2=1;6@1=1;6@4=1;6@2=1;7@4=1;7@7=1;8@5=1;8@9=1,"1,4,2,7,8,5,9",22,19,19,0,1.0,0.10988136543543692,0.7777777777777778,0.032103587657659124,0.0,0.0,0.7,0.17698287963867188,Feasible
708,707,11,5,6,"ADD:0,7;ADD:1,7;ADD:2,8;ADD:3,2;ADD:5,7;REMOVE:0,8;REMOVE:1,4;REMOVE:2,7;REMOVE:5,4;REMOVE:8,5;REMOVE:8,9",0:8;1:4;2:7;3:-;4:8;5:4;6:8;7:7;8:5|9;9:-,0:7;1:7;2:8;3:2;4:8;5:7;6:8;7:7;8:-;9:-,0@0=1;0@4=2;1@6=1;1@7=1;2@8=1;3@2=1;4@4=1;4@8=1;4@5=1;5@0=1;5@6=1;5@1=1;6@4=1;6@6=1;6@7=1;6@8=1;7@4=2;7@8=1;7@3=1,"0,4,6,7,8,2,5,1,3",21,19,19,0,1.0,0.19105223828966156,0.6666666666666666,0.02438557162299493,0.0,0.0,0.5,0.18702960014343262,Feasible
709,708,9,4,5,"ADD:0,8;ADD:0,9;ADD:5,1;ADD:7,5;REMOVE:0,7;REMOVE:1,7;REMOVE:2,8;REMOVE:5,7;REMOVE:7,7",0:7;1:7;2:8;3:2;4:8;5:7;6:8;7:7;8:-;9:-,0:8|9;1:-;2:-;3:2;4:8;5:1;6:8;7:5;8:-;9:-,0@5=1;0@6=1;0@9=1;3@2=2;4@2=1;4@4=4;4@7=1;4@8=1;5@1=1;6@2=1;6@7=1;6@8=1;6@1=1;7@5=1,"5,6,9,2,4,7,8,1",18,14,14,0,1.0,0.2630656679941419,0.625,0.03806566799414187,0.0,0.0,0.4,0.17345809936523438,Feasible
710,709,13,7,6,"ADD:1,7;ADD:4,2;ADD:4,7;ADD:5,8;ADD:6,2;ADD:7,8;ADD:8,2;REMOVE:0,9;REMOVE:3,2;REMOVE:4,8;REMOVE:5,1;REMOVE:6,8;REMOVE:7,5",0:8|9;1:-;2:-;3:2;4:8;5:1;6:8;7:5;8:-;9:-,0:8;1:7;2:-;3:-;4:2|7;5:8;6:2;7:8;8:2;9:-,0@4=1;0@6=1;0@8=1;1@4=1;1@8=1;1@2=1;1@7=1;1@9=1;4@4=1;4@6=1;4@8=1;4@2=1;4@7=1;4@9=1;4@0=1;4@1=1;4@3=1;4@5=1;5@4=2;5@8=1;6@2=1;6@9=1;6@5=1;7@4=1;7@2=1;7@1=1;7@5=1;8@4=2;8@2=1;8@0=1;8@5=1,"4,6,8,2,7,9,0,1,3,5",33,31,31,0,1.0,0.17847928618479691,0.8571428571428571,0.02133642904193981,0.0,0.0,0.7,0.2330641746520996,Feasible
711,710,13,7,6,"ADD:0,7;ADD:1,9;ADD:2,1;ADD:3,7;ADD:5,4;ADD:7,7;ADD:8,7;REMOVE:0,8;REMOVE:1,7;REMOVE:4,2;REMOVE:5,8;REMOVE:7,8;REMOVE:8,2",0:8;1:7;2:-;3:-;4:2|7;5:8;6:2;7:8;8:2;9:-,0:7;1:9;2:1;3:7;4:7;5:4;6:2;7:7;8:7;9:-,0@0=1;0@1=1;0@9=1;1@2=1;1@6=1;2@1=1;3@2=1;3@4=1;3@7=1;4@1=2;4@2=1;4@6=1;4@4=1;4@7=1;5@2=4;5@4=1;6@0=1;6@4=1;6@5=1;7@0=1;7@6=1;7@3=1;8@9=1;8@4=1,"0,1,9,2,6,4,7,5,3",28,24,24,0,1.0,0.06375801230784106,0.75,0.013758012307841058,0.0,0.0,0.7,0.21753811836242676,Feasible
712,711,14,6,8,"ADD:0,9;ADD:3,9;ADD:5,7;ADD:6,9;ADD:7,6;ADD:8,5;REMOVE:0,7;REMOVE:1,9;REMOVE:2,1;REMOVE:3,7;REMOVE:5,4;REMOVE:6,2;REMOVE:7,7;REMOVE:8,7",0:7;1:9;2:1;3:7;4:7;5:4;6:2;7:7;8:7;9:-,0:9;1:-;2:-;3:9;4:7;5:7;6:9;7:6;8:5;9:-,0@1=2;0@7=2;0@9=1;3@3=1;3@6=1;4@7=1;4@3=2;4@0=1;4@2=2;4@8=1;5@3=1;5@4=1;6@1=1;6@3=1;6@6=1;6@2=1;7@1=1;7@6=1;8@3=1;8@2=1;8@5=1,"1,7,9,3,6,0,2,8,4,5",25,21,21,0,1.0,0.30615789332985455,0.8888888888888888,0.017269004440965737,0.0,0.0,0.6,0.2059040069580078,Feasible
713,712,12,5,7,"ADD:0,0;ADD:4,8;ADD:5,2;ADD:6,2;ADD:7,3;REMOVE:0,9;REMOVE:3,9;REMOVE:4,7;REMOVE:5,7;REMOVE:6,9;REMOVE:7,6;REMOVE:8,5",0:9;1:-;2:-;3:9;4:7;5:7;6:9;7:6;8:5;9:-,0:0;1:-;2:-;3:-;4:8;5:2;6:2;7:3;8:-;9:-,0@0=1;0@5=1;0@7=1;4@7=1;4@1=1;4@8=1;5@0=1;5@2=1;5@4=1;6@2=1;6@4=1;6@3=1;7@3=1,"0,5,7,1,8,2,4,3",13,13,13,0,1.0,0.5386714322536359,1.0,0.03867143225363595,0.0,0.0,0.5,0.17959117889404297,Feasible
714,713,12,7,5,"ADD:2,8;ADD:3,8;ADD:4,3;ADD:5,4;ADD:6,4;ADD:7,9;ADD:8,4;REMOVE:0,0;REMOVE:4,8;REMOVE:5,2;REMOVE:6,2;REMOVE:7,3",0:0;1:-;2:-;3:-;4:8;5:2;6:2;7:3;8:-;9:-,0:-;1:-;2:8;3:8;4:3;5:4;6:4;7:9;8:4;9:-,2@2=4;2@8=1;3@8=1;4@3=1;5@4=1;6@2=1;6@4=1;7@2=2;7@9=2;8@4=1,"2,8,3,4,9",15,10,10,0,1.0,0.3540310580155295,1.0,0.05403105801552936,0.0,0.0,0.7,0.17067384719848633,Feasible
715,714,14,7,7,"ADD:0,7;ADD:2,9;ADD:3,9;ADD:4,8;ADD:5,3;ADD:6,5;ADD:7,4;REMOVE:2,8;REMOVE:3,8;REMOVE:4,3;REMOVE:5,4;REMOVE:6,4;REMOVE:7,9;REMOVE:8,4",0:-;1:-;2:8;3:8;4:3;5:4;6:4;7:9;8:4;9:-,0:7;1:-;2:9;3:9;4:8;5:3;6:5;7:4;8:-;9:-,0@4=2;0@9=1;2@1=1;2@2=1;3@9=1;4@4=1;4@1=1;5@2=1;5@3=1;6@5=1;7@4=1,"4,9,1,2,3,5",12,11,11,0,1.0,0.3318319424082907,1.0,0.031831942408290737,0.0,0.0,0.7,0.17498302459716797,Feasible
716,715,14,7,7,"ADD:0,6;ADD:2,8;ADD:3,8;ADD:4,4;ADD:5,9;ADD:6,7;ADD:7,2;REMOVE:0,7;REMOVE:2,9;REMOVE:3,9;REMOVE:4,8;REMOVE:5,3;REMOVE:6,5;REMOVE:7,4",0:7;1:-;2:9;3:9;4:8;5:3;6:5;7:4;8:-;9:-,0:6;1:-;2:8;3:8;4:4;5:9;6:7;7:2;8:-;9:-,0@6=1;2@1=1;2@8=1;3@1=1;3@4=1;4@4=1;4@2=1;5@9=1;6@4=1;6@0=1;7@2=1;7@0=1,"6,1,8,4,2,9,0",12,12,12,0,1.0,0.3440965689360016,1.0,0.04409656893600154,0.0,0.0,0.7,0.16982603073120117,Feasible
717,716,12,6,6,"ADD:0,8;ADD:3,6;ADD:4,3;ADD:6,8;ADD:7,4;ADD:8,2;REMOVE:0,6;REMOVE:2,8;REMOVE:3,8;REMOVE:4,4;REMOVE:6,7;REMOVE:7,2",0:6;1:-;2:8;3:8;4:4;5:9;6:7;7:2;8:-;9:-,0:8;1:-;2:-;3:6;4:3;5:9;6:8;7:4;8:2;9:-,0@4=1;0@5=1;3@4=1;3@1=1;3@6=1;4@5=1;4@2=1;4@3=1;4@9=1;5@6=1;5@9=1;6@2=1;6@8=1;7@4=1;8@2=1,"4,5,1,6,2,3,9,8",15,15,15,0,1.0,0.2939260575280641,0.8571428571428571,0.03678320038520702,0.0,0.0,0.6,0.17955708503723145,Feasible
718,717,12,7,5,"ADD:0,2;ADD:0,7;ADD:3,7;ADD:4,5;ADD:5,6;ADD:6,9;ADD:8,8;REMOVE:0,8;REMOVE:3,6;REMOVE:4,3;REMOVE:5,9;REMOVE:8,2",0:8;1:-;2:-;3:6;4:3;5:9;6:8;7:4;8:2;9:-,0:2|7;1:-;2:-;3:7;4:5;5:6;6:8|9;7:4;8:8;9:-,0@0=1;0@1=1;0@2=3;0@5=3;0@7=1;0@9=1;3@2=2;3@7=1;3@3=1;4@0=1;4@2=1;4@5=1;4@3=1;5@1=1;5@9=1;5@4=1;5@6=1;6@1=1;6@2=2;6@9=1;6@6=1;6@8=1;7@2=1;7@4=1;8@1=1;8@4=1,"0,1,2,5,7,9,3,4,6,8",32,26,26,0,1.0,0.04604939566837796,0.7142857142857143,0.03176368138266366,0.0,0.0,0.7,0.21414518356323242,Feasible
719,718,9,3,6,"ADD:1,4;ADD:3,8;ADD:4,9;REMOVE:0,2;REMOVE:3,7;REMOVE:4,5;REMOVE:6,9;REMOVE:7,4;REMOVE:8,8",0:2|7;1:-;2:-;3:7;4:5;5:6;6:8|9;7:4;8:8;9:-,0:7;1:4;2:-;3:8;4:9;5:6;6:8;7:-;8:-;9:-,0@0=1;0@2=1;0@4=1;0@7=1;0@9=1;1@4=1;3@2=1;3@1=1;3@6=1;3@8=1;4@2=2;4@9=1;4@3=1;5@1=1;5@6=2;6@2=1;6@4=1;6@1=1;6@8=1,"0,2,4,7,9,1,6,8,3",21,19,19,0,1.0,0.3978337732415276,0.6666666666666666,0.03116710657486104,0.0,0.0,0.30000000000000004,0.2024681568145752,Feasible
720,719,8,3,5,"ADD:3,6;ADD:4,7;ADD:7,8;REMOVE:0,7;REMOVE:3,8;REMOVE:4,9;REMOVE:5,6;REMOVE:6,8",0:7;1:4;2:-;3:8;4:9;5:6;6:8;7:-;8:-;9:-,0:-;1:4;2:-;3:6;4:7;5:-;6:-;7:8;8:-;9:-,1@4=1;3@6=1;4@4=2;4@1=2;4@9=1;7@2=1;7@8=1,"4,6,1,9,2,8",9,7,7,0,1.0,0.5702877925873397,0.8333333333333334,0.036954459254006436,0.0,0.0,0.30000000000000004,0.16506600379943848,Feasible
721,720,9,6,3,"ADD:0,7;ADD:4,5;ADD:4,8;ADD:5,7;ADD:6,4;ADD:8,8;REMOVE:1,4;REMOVE:3,6;REMOVE:4,7",0:-;1:4;2:-;3:6;4:7;5:-;6:-;7:8;8:-;9:-,0:7;1:-;2:-;3:-;4:5|8;5:7;6:4;7:8;8:8;9:-,0@1=1;0@2=1;0@4=1;0@6=1;0@7=1;4@1=1;4@0=1;4@5=1;4@8=1;5@0=1;5@3=2;5@9=1;6@2=1;6@4=1;6@6=1;7@5=1;7@8=1;8@4=1;8@8=1,"1,2,4,6,7,0,5,8,3,9",20,19,19,0,1.0,0.18050852405165896,0.75,0.030508524051658922,0.0,0.0,0.6,0.20039677619934082,Feasible
722,721,11,5,6,"ADD:0,9;ADD:3,2;ADD:4,4;ADD:6,8;ADD:8,7;REMOVE:0,7;REMOVE:4,5;REMOVE:4,8;REMOVE:6,4;REMOVE:7,8;REMOVE:8,8",0:7;1:-;2:-;3:-;4:5|8;5:7;6:4;7:8;8:8;9:-,0:9;1:-;2:-;3:2;4:4;5:7;6:8;7:-;8:7;9:-,0@1=1;0@2=1;3@2=1;3@0=1;3@4=1;3@5=1;4@4=2;5@1=1;5@0=2;5@6=1;6@1=1;6@2=1;6@4=1;8@3=1;8@8=1,"1,2,0,4,5,6,3,8",17,15,15,0,1.0,0.3747024156908192,0.8571428571428571,0.017559558547962126,0.0,0.0,0.5,0.18149089813232422,Feasible
723,722,10,5,5,"ADD:3,1;ADD:4,8;ADD:5,6;ADD:7,8;ADD:8,5;REMOVE:0,9;REMOVE:3,2;REMOVE:4,4;REMOVE:5,7;REMOVE:8,7",0:9;1:-;2:-;3:2;4:4;5:7;6:8;7:-;8:7;9:-,0:-;1:-;2:-;3:1;4:8;5:6;6:8;7:8;8:5;9:-,3@1=1;4@1=1;4@2=2;4@4=2;4@6=1;5@6=1;6@8=1;7@1=2;7@2=1;7@5=1;8@5=1,"1,2,4,6,8,5",14,11,11,0,1.0,0.363906649987755,0.8333333333333334,0.030573316654421617,0.0,0.0,0.5,0.16352009773254395,Feasible
724,723,12,7,5,"ADD:0,8;ADD:1,2;ADD:4,9;ADD:5,7;ADD:6,3;ADD:7,7;ADD:8,8;REMOVE:3,1;REMOVE:5,6;REMOVE:6,8;REMOVE:7,8;REMOVE:8,5",0:-;1:-;2:-;3:1;4:8;5:6;6:8;7:8;8:5;9:-,0:8;1:2;2:-;3:-;4:8|9;5:7;6:3;7:7;8:8;9:-,0@1=2;0@2=1;0@4=1;1@2=1;1@4=2;1@3=1;4@1=1;4@2=1;4@5=1;4@6=2;4@8=1;4@9=1;5@2=1;5@4=1;5@8=1;5@9=1;5@0=1;5@7=1;6@2=2;6@3=1;7@2=1;7@0=1;7@7=1;8@1=1;8@4=1,"1,2,4,3,5,6,8,9,0,7",29,25,25,0,1.0,0.15457782567834144,0.8333333333333334,0.021244492345007974,0.0,0.0,0.7,0.2193920612335205,Feasible
725,724,13,8,5,"ADD:0,5;ADD:1,7;ADD:3,3;ADD:3,9;ADD:4,7;ADD:5,8;ADD:6,7;ADD:8,5;REMOVE:0,8;REMOVE:1,2;REMOVE:4,9;REMOVE:5,7;REMOVE:6,3",0:8;1:2;2:-;3:-;4:8|9;5:7;6:3;7:7;8:8;9:-,0:5;1:7;2:-;3:3|9;4:7|8;5:8;6:7;7:7;8:5|8;9:-,0@5=1;1@3=1;1@8=2;3@5=1;3@3=1;3@2=4;3@6=1;3@9=1;4@5=1;4@8=2;4@9=1;4@1=2;4@4=1;4@7=1;5@8=1;5@2=1;5@7=1;6@2=3;6@9=2;6@1=1;6@4=1;7@4=1;7@7=1;7@0=2;8@5=1;8@6=1;8@0=1,"5,3,8,2,6,9,1,4,7,0",37,27,27,0,1.0,-0.14994410791624735,0.625,0.02505589208375261,0.0,0.0,0.7999999999999999,0.22333812713623047,Feasible
726,725,16,5,11,"ADD:0,3;ADD:1,1;ADD:5,9;ADD:7,6;ADD:8,6;REMOVE:0,5;REMOVE:1,7;REMOVE:3,3;REMOVE:3,9;REMOVE:4,7;REMOVE:4,8;REMOVE:5,8;REMOVE:6,7;REMOVE:7,7;REMOVE:8,5;REMOVE:8,8",0:5;1:7;2:-;3:3|9;4:7|8;5:8;6:7;7:7;8:5|8;9:-,0:3;1:1;2:-;3:-;4:-;5:9;6:-;7:6;8:6;9:-,0@3=1;1@1=1;5@1=1;5@9=1;7@6=1;8@6=1,"3,1,9,6",6,6,6,0,1.0,0.5791531446494351,1.0,0.07915314464943508,0.0,0.0,0.5,0.15896320343017578,Feasible
727,726,12,8,4,"ADD:1,8;ADD:3,7;ADD:4,5;ADD:4,7;ADD:5,7;ADD:6,7;ADD:7,8;ADD:8,7;REMOVE:1,1;REMOVE:5,9;REMOVE:7,6;REMOVE:8,6",0:3;1:1;2:-;3:-;4:-;5:9;6:-;7:6;8:6;9:-,0:3;1:8;2:-;3:7;4:5|7;5:7;6:7;7:8;8:7;9:-,0@3=1;0@5=2;0@9=1;1@6=2;1@8=1;3@9=1;3@0=1;4@3=1;4@5=2;4@6=2;4@0=1;5@3=1;5@6=1;5@0=1;6@4=1;6@7=1;7@5=1;7@8=1;7@7=1;7@2=1;8@3=1;8@4=1,"3,5,9,6,8,0,4,7,2",26,22,22,0,1.0,0.022053863077070357,0.8,0.02205386307707027,0.0,0.0,0.7999999999999999,0.20311307907104492,Feasible
728,727,9,4,5,"ADD:1,7;ADD:6,8;ADD:7,2;ADD:8,6;REMOVE:0,3;REMOVE:4,5;REMOVE:6,7;REMOVE:7,8;REMOVE:8,7",0:3;1:8;2:-;3:7;4:5|7;5:7;6:7;7:8;8:7;9:-,0:-;1:7|8;2:-;3:7;4:7;5:7;6:8;7:2;8:6;9:-,1@0=1;1@1=1;1@4=1;1@5=1;3@1=1;3@4=2;3@3=1;3@7=1;3@8=1;4@0=2;4@1=3;4@4=2;4@3=1;4@7=1;4@8=2;4@2=2;4@9=1;5@4=1;5@2=1;5@9=1;5@6=1;6@1=2;6@4=3;6@7=3;6@8=1;6@2=1;7@8=1;7@2=1;7@9=1;8@6=1,"0,1,4,5,3,7,8,2,9,6",42,30,30,0,1.0,0.1668362717804992,0.5555555555555556,0.01128071622494362,0.0,0.0,0.4,0.2286672592163086,Feasible
729,728,12,6,6,"ADD:3,4;ADD:5,3;ADD:5,9;ADD:6,9;ADD:7,6;ADD:8,8;REMOVE:1,8;REMOVE:3,7;REMOVE:5,7;REMOVE:6,8;REMOVE:7,2;REMOVE:8,6",0:-;1:7|8;2:-;3:7;4:7;5:7;6:8;7:2;8:6;9:-,0:-;1:7;2:-;3:4;4:7;5:3|9;6:9;7:6;8:8;9:-,1@1=1;1@7=1;3@4=1;4@1=2;4@0=1;4@2=1;4@6=3;4@8=2;5@2=1;5@6=1;5@3=1;5@5=1;5@9=1;6@1=1;6@2=1;6@6=1;6@9=1;7@4=2;7@6=1;8@6=1;8@5=1,"1,7,4,0,2,6,8,3,5,9",26,21,21,0,1.0,0.1732337906731778,0.75,0.023233790673177733,0.0,0.0,0.6,0.21192693710327148,Feasible
730,729,11,5,6,"ADD:3,0;ADD:5,7;ADD:6,2;ADD:7,8;ADD:8,2;REMOVE:3,4;REMOVE:5,3;REMOVE:5,9;REMOVE:6,9;REMOVE:7,6;REMOVE:8,8",0:-;1:7;2:-;3:4;4:7;5:3|9;6:9;7:6;8:8;9:-,0:-;1:7;2:-;3:0;4:7;5:7;6:2;7:8;8:2;9:-,1@0=1;1@2=2;1@6=1;3@0=1;4@0=1;4@2=1;4@1=1;4@4=2;4@7=1;4@8=1;4@9=1;5@0=1;5@2=2;5@1=1;5@4=1;5@7=1;5@8=1;5@9=1;5@3=1;6@0=1;6@4=1;6@9=1;6@5=1;7@2=1;7@1=1;7@4=2;8@2=1,"0,2,6,1,4,7,8,9,3,5",31,27,27,0,1.0,0.2631619123652922,0.75,0.013161912365292202,0.0,0.0,0.5,0.21652579307556152,Feasible
731,730,12,7,5,"ADD:0,8;ADD:1,9;ADD:3,8;ADD:4,2;ADD:6,7;ADD:7,7;ADD:8,7;REMOVE:1,7;REMOVE:3,0;REMOVE:6,2;REMOVE:7,8;REMOVE:8,2",0:-;1:7;2:-;3:0;4:7;5:7;6:2;7:8;8:2;9:-,0:8;1:9;2:-;3:8;4:2|7;5:7;6:7;7:7;8:7;9:-,0@1=2;0@4=1;1@1=1;1@2=2;1@6=1;3@4=1;3@5=1;3@7=1;4@1=1;4@4=3;4@2=2;4@5=1;4@7=2;4@0=1;4@3=1;4@8=1;5@7=2;5@0=1;5@8=1;5@9=1;6@1=1;6@2=1;6@0=2;7@0=1;7@3=2;7@8=2;8@1=1;8@4=2;8@2=1;8@9=1,"1,4,2,6,5,7,0,3,8,9",41,30,30,0,1.0,0.029145612762375928,0.7142857142857143,0.0148598984766616,0.0,0.0,0.7,0.2216942310333252,Feasible
732,731,12,6,6,"ADD:0,7;ADD:1,7;ADD:3,7;ADD:5,3;ADD:6,8;ADD:7,1;REMOVE:0,8;REMOVE:1,9;REMOVE:3,8;REMOVE:5,7;REMOVE:6,7;REMOVE:7,7",0:8;1:9;2:-;3:8;4:2|7;5:7;6:7;7:7;8:7;9:-,0:7;1:7;2:-;3:7;4:2|7;5:3;6:8;7:1;8:7;9:-,0@0=1;0@1=1;0@4=1;0@7=2;0@9=1;1@4=1;1@7=1;1@9=1;1@3=1;1@6=2;1@8=1;3@0=1;3@1=1;3@7=1;4@0=1;4@1=3;4@4=1;4@7=1;4@9=1;4@6=2;4@2=5;4@5=2;5@7=1;5@3=1;5@5=1;6@4=1;6@5=4;7@1=1;8@4=2;8@7=1;8@6=1,"0,1,4,7,9,3,6,8,2,5",45,31,31,0,1.0,0.09407486178998237,0.6666666666666666,0.027408195123315715,0.0,0.0,0.6,0.22380971908569336,Feasible
733,732,10,5,5,"ADD:3,0;ADD:4,8;ADD:5,7;ADD:6,1;ADD:7,7;REMOVE:3,7;REMOVE:4,2;REMOVE:5,3;REMOVE:6,8;REMOVE:7,1",0:7;1:7;2:-;3:7;4:2|7;5:3;6:8;7:1;8:7;9:-,0:7;1:7;2:-;3:0;4:7|8;5:7;6:1;7:7;8:7;9:-,0@0=1;0@1=2;0@6=1;1@1=1;1@2=1;1@4=1;1@7=1;3@0=1;4@1=2;4@6=2;4@2=4;4@4=4;4@7=1;4@5=1;4@8=1;4@9=2;5@1=1;5@6=1;5@2=1;5@8=1;5@3=1;6@1=1;7@1=1;7@4=1;7@9=1;8@0=2;8@1=1;8@2=1;8@8=1,"0,1,6,2,4,7,5,8,9,3",40,29,29,0,1.0,0.0688130242439482,0.5555555555555556,0.013257468688392641,0.0,0.0,0.5,0.21958589553833008,Feasible
734,733,8,3,5,"ADD:0,9;ADD:6,7;ADD:7,8;REMOVE:0,7;REMOVE:3,0;REMOVE:4,7;REMOVE:6,1;REMOVE:7,7",0:7;1:7;2:-;3:0;4:7|8;5:7;6:1;7:7;8:7;9:-,0:9;1:7;2:-;3:-;4:8;5:7;6:7;7:8;8:7;9:-,0@2=2;0@3=1;0@6=1;1@2=2;1@3=1;1@7=1;4@2=1;4@7=1;4@1=2;4@4=2;4@5=1;5@7=1;5@4=1;5@8=1;5@9=1;6@2=1;6@3=2;6@6=1;6@4=1;6@8=1;6@9=2;7@1=1;7@4=1;7@5=1;7@8=1;8@7=1;8@1=1,"2,3,6,7,1,4,5,8,9",33,27,27,0,1.0,0.2670967396801075,0.5555555555555556,0.01154118412455201,0.0,0.0,0.30000000000000004,0.2155911922454834,Feasible
735,734,9,5,4,"ADD:0,8;ADD:1,0;ADD:6,9;ADD:7,5;ADD:8,2;REMOVE:1,7;REMOVE:6,7;REMOVE:7,8;REMOVE:8,7",0:9;1:7;2:-;3:-;4:8;5:7;6:7;7:8;8:7;9:-,0:8|9;1:0;2:-;3:-;4:8;5:7;6:9;7:5;8:2;9:-,0@1=1;0@5=1;0@6=1;0@9=2;1@0=1;4@1=1;4@6=1;4@2=2;4@4=1;5@6=1;5@2=1;5@7=1;6@9=1;7@5=1;8@2=1,"1,5,6,9,0,2,4,7",17,15,15,0,1.0,0.11284950445997044,0.5714285714285714,0.04142093303139901,0.0,0.0,0.5,0.18108391761779785,Feasible
736,735,9,3,6,"ADD:5,8;ADD:6,7;ADD:7,7;REMOVE:0,9;REMOVE:1,0;REMOVE:5,7;REMOVE:6,9;REMOVE:7,5;REMOVE:8,2",0:8|9;1:0;2:-;3:-;4:8;5:7;6:9;7:5;8:2;9:-,0:8;1:-;2:-;3:-;4:8;5:8;6:7;7:7;8:-;9:-,0@2=1;0@4=2;0@5=1;0@6=2;4@2=4;4@4=1;4@7=1;4@8=1;5@2=1;5@4=1;5@5=1;5@7=1;5@1=1;6@2=2;6@7=1;6@0=1;7@7=1,"2,4,5,6,7,8,1,0",23,17,17,0,1.0,0.4633456569690677,0.75,0.013345656969067806,0.0,0.0,0.30000000000000004,0.18636131286621094,Feasible
737,736,11,7,4,"ADD:0,7;ADD:5,3;ADD:6,0;ADD:7,3;ADD:7,9;ADD:8,7;ADD:8,8;REMOVE:0,8;REMOVE:5,8;REMOVE:6,7;REMOVE:7,7",0:8;1:-;2:-;3:-;4:8;5:8;6:7;7:7;8:-;9:-,0:7;1:-;2:-;3:-;4:8;5:3;6:0;7:3|9;8:7|8;9:-,0@0=2;0@2=1;0@3=1;0@7=1;0@8=1;0@9=2;4@2=1;4@8=1;4@1=1;5@2=1;5@3=1;5@7=1;5@9=2;5@5=1;6@0=1;7@2=2;7@3=1;7@9=1;7@5=1;7@6=1;8@0=1;8@5=1;8@6=1;8@4=1,"0,2,3,7,8,9,1,5,6,4",28,24,24,0,1.0,0.12230153103981078,0.8,0.022301531039810713,0.0,0.0,0.7,0.21395516395568848,Feasible
738,737,13,6,7,"ADD:1,3;ADD:2,8;ADD:4,7;ADD:5,7;ADD:6,8;ADD:7,7;REMOVE:4,8;REMOVE:5,3;REMOVE:6,0;REMOVE:7,3;REMOVE:7,9;REMOVE:8,7;REMOVE:8,8",0:7;1:-;2:-;3:-;4:8;5:3;6:0;7:3|9;8:7|8;9:-,0:7;1:3;2:8;3:-;4:7;5:7;6:8;7:7;8:-;9:-,0@1=1;0@2=4;0@3=1;0@4=4;0@7=1;0@9=2;1@3=1;2@8=1;4@1=2;4@2=3;4@3=1;4@8=4;4@6=2;5@2=1;5@3=1;5@4=1;5@7=1;5@9=1;6@1=1;6@2=2;6@8=1;7@7=2;7@9=1;7@8=1,"1,2,3,4,7,9,8,6",40,24,24,0,1.0,0.2922633544666635,0.875,0.017263354466663522,0.0,0.0,0.6,0.20444798469543457,Feasible
739,738,10,5,5,"ADD:2,3;ADD:5,5;ADD:6,7;ADD:7,4;ADD:8,7;REMOVE:1,3;REMOVE:2,8;REMOVE:5,7;REMOVE:6,8;REMOVE:7,7",0:7;1:3;2:8;3:-;4:7;5:7;6:8;7:7;8:-;9:-,0:7;1:-;2:3;3:-;4:7;5:5;6:7;7:4;8:7;9:-,0@0=1;0@6=1;0@8=2;2@3=1;4@0=1;4@1=2;4@2=2;4@4=2;4@7=1;5@2=1;5@5=1;6@3=1;6@1=1;6@2=2;6@4=1;7@4=2;8@7=1,"0,6,8,3,1,2,4,7,5",23,17,17,0,1.0,0.23801165170778626,0.7142857142857143,0.023725937422072015,0.0,0.0,0.5,0.18874788284301758,Feasible
740,739,12,7,5,"ADD:0,2;ADD:2,8;ADD:3,5;ADD:3,8;ADD:4,8;ADD:5,8;ADD:7,2;REMOVE:0,7;REMOVE:2,3;REMOVE:4,7;REMOVE:5,5;REMOVE:7,4",0:7;1:-;2:3;3:-;4:7;5:5;6:7;7:4;8:7;9:-,0:2;1:-;2:8;3:5|8;4:8;5:8;6:7;7:2;8:7;9:-,0@2=2;0@3=2;0@5=2;0@7=2;0@8=1;2@2=5;2@8=1;2@1=2;2@4=3;2@6=1;3@2=1;3@5=1;3@1=1;3@0=1;4@7=1;4@8=2;4@4=2;5@2=1;5@5=1;5@7=1;5@8=1;6@3=1;6@7=1;6@4=1;7@2=2;7@3=1;7@4=1;8@4=3;8@0=1,"2,3,5,7,8,1,4,6,0",45,29,29,0,1.0,0.03558123186903284,0.7142857142857143,0.02129551758331846,0.0,0.0,0.7,0.21263909339904785,Feasible
741,740,16,8,8,"ADD:0,7;ADD:2,3;ADD:2,7;ADD:3,9;ADD:4,7;ADD:5,2;ADD:6,8;ADD:8,8;REMOVE:0,2;REMOVE:2,8;REMOVE:3,5;REMOVE:3,8;REMOVE:4,8;REMOVE:5,8;REMOVE:6,7;REMOVE:8,7",0:2;1:-;2:8;3:5|8;4:8;5:8;6:7;7:2;8:7;9:-,0:7;1:-;2:3|7;3:9;4:7;5:2;6:8;7:2;8:8;9:-,0@0=2;0@1=1;0@4=2;0@8=2;2@1=3;2@4=4;2@2=2;2@3=1;2@5=1;2@6=1;2@9=1;3@1=1;3@2=1;3@3=1;3@6=1;3@9=1;3@7=1;4@0=1;4@1=2;4@8=1;4@2=1;4@6=1;4@9=2;5@4=1;5@8=1;5@2=1;5@9=2;6@1=1;6@4=1;6@2=1;6@6=1;7@0=1;7@4=4;7@2=1;7@5=1;8@8=1;8@2=1,"0,1,4,8,2,3,5,6,9,7",52,37,37,0,1.0,0.0985034562750865,0.8888888888888888,0.009614567386197597,0.0,0.0,0.7999999999999999,0.2500028610229492,Feasible
742,741,17,8,9,"ADD:0,2;ADD:2,9;ADD:3,8;ADD:4,2;ADD:5,8;ADD:6,7;ADD:7,8;ADD:8,7;REMOVE:0,7;REMOVE:2,3;REMOVE:2,7;REMOVE:3,9;REMOVE:4,7;REMOVE:5,2;REMOVE:6,8;REMOVE:7,2;REMOVE:8,8",0:7;1:-;2:3|7;3:9;4:7;5:2;6:8;7:2;8:8;9:-,0:2;1:-;2:9;3:8;4:2;5:8;6:7;7:8;8:7;9:-,0@2=2;0@3=1;0@4=2;0@8=1;2@2=1;2@6=4;2@7=1;2@9=1;3@4=1;3@5=1;4@2=3;4@3=1;4@4=2;4@8=3;4@5=4;5@2=4;5@6=1;5@5=1;6@2=2;6@6=1;6@9=3;6@0=1;6@1=1;7@4=1;7@1=1;8@2=1;8@7=2;8@0=1,"2,3,4,8,6,7,9,5,0,1",48,28,28,0,1.0,0.21833494289708344,1.0,0.018334942897083314,0.0,0.0,0.7999999999999999,0.23584914207458496,Feasible
743,742,15,8,7,"ADD:2,7;ADD:2,8;ADD:3,4;ADD:4,7;ADD:5,5;ADD:6,2;ADD:7,4;ADD:8,2;REMOVE:2,9;REMOVE:3,8;REMOVE:4,2;REMOVE:5,8;REMOVE:6,7;REMOVE:7,8;REMOVE:8,7",0:2;1:-;2:9;3:8;4:2;5:8;6:7;7:8;8:7;9:-,0:2;1:-;2:7|8;3:4;4:7;5:5;6:2;7:4;8:2;9:-,0@2=1;0@4=1;0@9=1;2@4=1;2@9=1;2@5=1;2@7=1;2@8=1;3@4=1;4@4=1;4@8=1;4@3=1;5@5=1;6@4=1;6@5=1;6@0=1;7@4=1;8@2=1,"2,4,9,5,7,8,3,0",18,18,18,0,1.0,0.1131689240268271,0.875,0.03816892402682699,0.0,0.0,0.7999999999999999,0.2001948356628418,Feasible
744,743,14,7,7,"ADD:0,8;ADD:2,2;ADD:3,8;ADD:5,8;ADD:6,4;ADD:7,9;ADD:8,9;REMOVE:0,2;REMOVE:2,8;REMOVE:3,4;REMOVE:5,5;REMOVE:6,2;REMOVE:7,4;REMOVE:8,2",0:2;1:-;2:7|8;3:4;4:7;5:5;6:2;7:4;8:2;9:-,0:8;1:-;2:2|7;3:8;4:7;5:8;6:4;7:9;8:9;9:-,0@7=1;0@8=1;2@7=1;2@8=1;2@2=1;2@3=1;2@4=1;2@5=2;2@6=1;2@9=1;3@4=1;3@1=1;4@2=3;4@4=1;4@6=1;4@9=1;4@1=1;5@8=1;5@1=1;6@2=1;6@4=3;7@2=2;7@6=1;8@9=1,"7,8,2,3,4,5,6,9,1",30,24,24,0,1.0,0.10445412859658731,0.7777777777777778,0.026676350818809494,0.0,0.0,0.7,0.20552897453308105,Feasible
745,744,12,6,6,"ADD:0,7;ADD:3,7;ADD:5,5;ADD:6,2;ADD:7,3;ADD:8,5;REMOVE:0,8;REMOVE:2,2;REMOVE:3,8;REMOVE:6,4;REMOVE:7,9;REMOVE:8,9",0:8;1:-;2:2|7;3:8;4:7;5:8;6:4;7:9;8:9;9:-,0:7;1:-;2:7;3:7;4:7;5:5|8;6:2;7:3;8:5;9:-,0@1=2;0@2=1;0@3=2;0@4=3;0@6=1;0@7=1;0@9=1;2@2=4;2@7=1;3@7=1;3@9=1;3@0=1;4@1=1;4@3=2;4@4=2;4@6=1;4@0=1;4@8=1;5@4=1;5@0=1;5@8=1;5@5=2;6@2=3;6@3=2;6@7=2;6@0=1;6@8=1;6@5=1;7@3=1;8@2=1;8@5=1,"1,2,3,4,6,7,9,0,8,5",45,31,31,0,1.0,0.09293487159015767,0.6666666666666666,0.026268204923490978,0.0,0.0,0.6,0.22121500968933105,Feasible
746,745,11,5,6,"ADD:0,2;ADD:5,2;ADD:6,6;ADD:7,8;ADD:8,2;REMOVE:0,7;REMOVE:5,5;REMOVE:5,8;REMOVE:6,2;REMOVE:7,3;REMOVE:8,5",0:7;1:-;2:7;3:7;4:7;5:5|8;6:2;7:3;8:5;9:-,0:2;1:-;2:7;3:7;4:7;5:2;6:6;7:8;8:2;9:-,0@0=1;0@2=5;0@4=3;0@9=1;2@0=1;2@2=2;2@4=1;2@1=1;2@3=2;2@6=1;2@7=1;2@8=1;3@0=1;3@4=2;3@9=2;3@3=1;4@2=1;4@4=1;4@9=2;4@1=2;5@2=2;5@4=2;5@9=1;5@5=1;6@4=1;6@9=1;6@1=1;6@6=1;7@4=3;7@1=1;7@7=1;7@5=1;8@2=1;8@4=1;8@3=1;8@5=1,"0,2,4,9,1,3,6,7,8,5",52,36,36,0,1.0,0.1848716272547779,0.6666666666666666,0.018204960588111246,0.0,0.0,0.5,0.2331550121307373,Feasible
747,746,14,7,7,"ADD:0,8;ADD:2,2;ADD:3,8;ADD:4,2;ADD:5,7;ADD:7,3;ADD:8,7;REMOVE:0,2;REMOVE:2,7;REMOVE:3,7;REMOVE:4,7;REMOVE:5,2;REMOVE:7,8;REMOVE:8,2",0:2;1:-;2:7;3:7;4:7;5:2;6:6;7:8;8:2;9:-,0:8;1:-;2:2;3:8;4:2;5:7;6:6;7:3;8:7;9:-,0@2=1;0@4=3;0@5=1;0@7=1;0@8=2;2@2=3;2@4=2;2@5=1;2@8=1;2@0=1;2@3=1;3@5=1;3@1=1;4@2=2;4@4=3;4@8=1;4@9=1;5@2=1;5@4=3;5@0=1;5@1=1;5@6=1;6@4=1;6@1=1;6@9=1;6@6=1;7@3=1;7@1=1;8@2=1;8@4=2;8@8=1;8@3=1;8@1=1,"2,4,5,7,8,0,3,1,9,6",45,33,33,0,1.0,0.19396863216662907,0.875,0.018968632166629026,0.0,0.0,0.7,0.22609400749206543,Feasible
748,747,12,7,5,"ADD:0,7;ADD:1,4;ADD:4,8;ADD:5,8;ADD:6,7;ADD:7,4;ADD:8,8;REMOVE:0,8;REMOVE:5,7;REMOVE:6,6;REMOVE:7,3;REMOVE:8,7",0:8;1:-;2:2;3:8;4:2;5:7;6:6;7:3;8:7;9:-,0:7;1:4;2:2;3:8;4:2|8;5:8;6:7;7:4;8:8;9:-,0@1=1;0@2=1;0@3=2;0@4=3;0@7=1;0@8=1;0@9=3;1@4=1;2@2=2;2@4=1;2@8=1;2@9=1;2@5=1;3@2=1;3@8=1;3@5=1;4@1=1;4@2=2;4@4=2;4@8=1;4@9=1;4@5=1;5@4=1;5@8=1;5@5=1;5@6=1;6@1=2;6@4=4;6@8=1;6@9=2;6@0=1;7@4=1;8@8=1,"1,2,3,4,7,8,9,5,6,0",46,33,33,0,1.0,-0.050930483192267006,0.625,0.02406951680773291,0.0,0.0,0.7,0.22176313400268555,Feasible
749,748,15,8,7,"ADD:1,2;ADD:2,7;ADD:3,7;ADD:4,3;ADD:5,7;ADD:6,2;ADD:7,5;ADD:7,8;REMOVE:1,4;REMOVE:3,8;REMOVE:4,2;REMOVE:4,8;REMOVE:5,8;REMOVE:6,7;REMOVE:7,4",0:7;1:4;2:2;3:8;4:2|8;5:8;6:7;7:4;8:8;9:-,0:7;1:2;2:2|7;3:7;4:3;5:7;6:2;7:5|8;8:8;9:-,0@1=2;0@3=1;0@4=1;0@6=1;0@9=1;1@4=1;1@2=2;1@5=1;2@1=2;2@4=1;2@9=1;2@2=2;2@5=1;2@0=1;2@7=1;2@8=1;3@4=1;3@6=1;3@2=1;3@0=1;3@8=1;4@1=2;4@3=2;4@9=2;4@5=1;4@7=1;5@4=1;5@9=1;5@0=1;5@7=1;6@3=1;6@9=1;6@2=2;6@5=2;6@0=1;7@4=2;7@5=1;7@0=1;7@8=1;8@1=1;8@6=1;8@2=1;8@7=1;8@8=2,"1,3,4,6,9,2,5,0,7,8",55,44,44,0,1.0,-0.07561728395060008,0.7,0.024382716049399955,0.0,0.0,0.7999999999999999,0.24938130378723145,Feasible
750,749,14,6,8,"ADD:0,3;ADD:3,6;ADD:3,8;ADD:4,9;ADD:6,8;ADD:7,7;REMOVE:0,7;REMOVE:1,2;REMOVE:2,2;REMOVE:3,7;REMOVE:4,3;REMOVE:6,2;REMOVE:7,5;REMOVE:7,8",0:7;1:2;2:2|7;3:7;4:3;5:7;6:2;7:5|8;8:8;9:-,0:3;1:-;2:7;3:6|8;4:9;5:7;6:8;7:7;8:8;9:-,0@1=2;0@3=1;0@5=2;2@2=1;2@4=3;2@6=2;2@8=1;2@9=2;3@5=1;3@4=1;3@6=1;3@9=1;4@1=2;4@3=1;4@2=2;4@6=1;5@1=1;5@2=2;5@4=1;5@9=1;5@7=1;6@8=1;7@7=1;7@0=1;8@8=1,"1,3,5,2,4,6,8,9,7,0",34,25,25,0,1.0,0.14628068596994404,0.7272727272727273,0.019007958697216703,0.0,0.0,0.6,0.20840120315551758,Feasible
751,750,14,8,6,"ADD:0,7;ADD:2,2;ADD:3,9;ADD:4,7;ADD:5,8;ADD:6,1;ADD:7,4;ADD:8,7;REMOVE:0,3;REMOVE:3,6;REMOVE:3,8;REMOVE:4,9;REMOVE:7,7;REMOVE:8,8",0:3;1:-;2:7;3:6|8;4:9;5:7;6:8;7:7;8:8;9:-,0:7;1:-;2:2|7;3:9;4:7;5:7|8;6:1|8;7:4;8:7;9:-,0@1=2;0@2=1;0@3=2;0@8=1;2@1=2;2@2=1;2@3=1;2@0=1;2@4=2;2@5=1;2@6=1;2@9=2;3@2=1;3@9=1;4@1=2;4@0=2;4@7=1;5@1=1;5@3=1;5@0=1;5@4=2;5@5=2;5@6=1;6@1=1;6@8=1;6@5=1;6@9=1;7@4=1;8@0=1;8@4=1,"1,2,3,8,0,4,5,6,9,7",39,30,30,0,1.0,-0.11795312460245533,0.6666666666666666,0.01538020873087794,0.0,0.0,0.7999999999999999,0.22115302085876465,Feasible
752,751,13,6,7,"ADD:0,8;ADD:5,1;ADD:6,9;ADD:7,8;ADD:7,9;ADD:8,2;REMOVE:2,2;REMOVE:5,7;REMOVE:5,8;REMOVE:6,1;REMOVE:6,8;REMOVE:7,4;REMOVE:8,7",0:7;1:-;2:2|7;3:9;4:7;5:7|8;6:1|8;7:4;8:7;9:-,0:7|8;1:-;2:7;3:9;4:7;5:1;6:9;7:8|9;8:2;9:-,0@1=1;0@3=1;0@4=3;0@5=1;0@6=1;0@8=1;0@9=3;2@4=1;2@9=1;2@2=2;2@7=2;3@1=1;3@9=1;3@7=1;4@1=2;4@6=1;4@2=2;4@0=2;5@1=1;6@1=1;6@3=1;6@9=1;6@2=2;7@1=1;7@4=1;7@5=1;7@9=1;8@3=1;8@5=1;8@8=1;8@9=1;8@2=1;8@0=1,"1,3,4,5,6,8,9,2,7,0",43,33,33,0,1.0,0.05479653375515536,0.6363636363636364,0.018432897391518984,0.0,0.0,0.6,0.23604488372802734,Feasible
753,752,15,8,7,"ADD:1,4;ADD:2,2;ADD:3,3;ADD:4,8;ADD:5,2;ADD:6,7;ADD:7,7;ADD:8,9;REMOVE:3,9;REMOVE:4,7;REMOVE:5,1;REMOVE:6,9;REMOVE:7,8;REMOVE:7,9;REMOVE:8,2",0:7|8;1:-;2:7;3:9;4:7;5:1;6:9;7:8|9;8:2;9:-,0:7|8;1:4;2:2|7;3:3;4:8;5:2;6:7;7:7;8:9;9:-,0@1=1;0@2=1;0@3=1;0@4=5;0@5=1;0@6=1;0@7=1;0@8=2;0@9=1;1@4=1;2@1=4;2@2=2;2@3=1;2@4=4;2@5=1;2@7=2;2@8=1;2@0=1;3@1=2;3@2=1;3@5=1;3@7=1;3@9=1;4@1=1;4@4=2;5@2=1;5@4=1;5@5=1;5@7=1;6@1=3;6@3=1;6@4=1;7@1=1;7@2=1;7@3=1;7@4=1;8@2=1;8@6=1,"1,2,3,4,5,6,7,8,9,0",55,38,38,0,1.0,-0.08352734935517914,0.7,0.01647265064482089,0.0,0.0,0.7999999999999999,0.25957298278808594,Feasible
754,753,15,6,9,"ADD:0,2;ADD:2,8;ADD:4,2;ADD:6,2;ADD:7,2;ADD:8,8;REMOVE:0,7;REMOVE:0,8;REMOVE:1,4;REMOVE:2,7;REMOVE:3,3;REMOVE:4,8;REMOVE:6,7;REMOVE:7,7;REMOVE:8,9",0:7|8;1:4;2:2|7;3:3;4:8;5:2;6:7;7:7;8:9;9:-,0:2;1:-;2:2|8;3:-;4:2;5:2;6:2;7:2;8:8;9:-,0@0=2;0@2=1;0@3=2;0@4=1;0@9=1;2@2=2;2@3=1;2@4=2;2@1=5;2@5=1;2@8=1;4@0=1;4@2=1;4@4=2;4@9=1;4@5=4;4@8=1;5@2=1;6@0=3;6@2=2;6@3=1;6@9=1;6@5=1;6@7=1;7@4=2;7@9=1;7@5=1;8@2=1;8@1=1;8@5=1;8@8=1,"0,2,3,4,9,1,5,8,7",47,31,31,0,1.0,0.23937368665970515,0.8181818181818182,0.0211918684778869,0.0,0.0,0.6,0.24311614036560059,Feasible
755,754,10,5,5,"ADD:0,7;ADD:3,7;ADD:4,7;ADD:5,1;ADD:8,7;REMOVE:0,2;REMOVE:2,2;REMOVE:4,2;REMOVE:5,2;REMOVE:8,8",0:2;1:-;2:2|8;3:-;4:2;5:2;6:2;7:2;8:8;9:-,0:7;1:-;2:8;3:7;4:7;5:1;6:2;7:2;8:7;9:-,0@0=1;0@1=1;0@2=2;0@6=1;0@7=2;0@8=3;2@1=2;2@2=2;2@6=2;2@4=2;3@1=1;3@2=2;3@6=1;3@4=1;3@9=1;4@1=1;4@7=1;4@4=2;5@1=2;6@0=1;6@2=1;6@4=2;6@9=1;7@2=1;7@4=1;7@3=1;7@5=1;8@1=1;8@7=1,"0,1,2,6,7,8,4,9,3,5",41,29,29,0,1.0,0.14509170591105058,0.625,0.02009170591105059,0.0,0.0,0.5,0.2317502498626709,Feasible
756,755,9,5,4,"ADD:2,2;ADD:4,2;ADD:5,7;ADD:6,7;ADD:7,8;REMOVE:2,8;REMOVE:5,1;REMOVE:6,2;REMOVE:7,2",0:7;1:-;2:8;3:7;4:7;5:1;6:2;7:2;8:7;9:-,0:7;1:-;2:2;3:7;4:2|7;5:7;6:7;7:8;8:7;9:-,0@0=1;0@1=1;0@2=4;0@4=1;0@6=1;0@7=1;0@9=2;2@2=1;2@4=2;2@7=3;2@9=1;2@3=1;2@5=1;3@2=2;3@6=1;3@3=1;3@8=1;4@1=2;4@2=2;4@4=1;4@7=1;4@9=1;4@5=2;5@1=1;5@2=1;5@4=1;5@7=1;5@9=1;6@0=1;6@4=1;6@8=2;7@2=1;7@4=1;7@6=1;7@5=1;8@0=1;8@2=2;8@4=1;8@6=1;8@3=1;8@8=1,"0,1,2,4,6,7,9,3,5,8",54,41,41,0,1.0,0.010078970770985074,0.5,0.01007897077098506,0.0,0.0,0.5,0.2509119510650635,Feasible
757,756,10,4,6,"ADD:2,8;ADD:4,8;ADD:7,6;ADD:8,5;REMOVE:2,2;REMOVE:4,2;REMOVE:4,7;REMOVE:6,7;REMOVE:7,8;REMOVE:8,7",0:7;1:-;2:2;3:7;4:2|7;5:7;6:7;7:8;8:7;9:-,0:7;1:-;2:8;3:7;4:8;5:7;6:-;7:6;8:5;9:-,0@2=4;0@3=2;0@4=1;0@6=1;0@7=1;2@2=2;2@8=2;3@2=1;3@3=2;3@7=2;3@8=1;3@1=1;4@4=1;4@5=1;5@2=1;5@6=1;5@8=1;5@1=1;5@0=2;7@4=1;7@6=1;8@3=1;8@5=1,"2,3,4,6,7,8,1,5,0",32,23,23,0,1.0,0.28771737586361856,0.6666666666666666,0.02105070919695196,0.0,0.0,0.4,0.20369195938110352,Feasible
758,757,7,3,4,"ADD:0,3;ADD:4,7;ADD:8,1;REMOVE:3,7;REMOVE:4,8;REMOVE:7,6;REMOVE:8,5",0:7;1:-;2:8;3:7;4:8;5:7;6:-;7:6;8:5;9:-,0:3|7;1:-;2:8;3:-;4:7;5:7;6:-;7:-;8:1;9:-,0@0=1;0@1=1;0@3=1;0@5=1;0@6=1;0@7=1;2@1=2;2@5=1;2@2=1;2@8=1;4@0=2;4@6=1;4@2=2;4@8=1;4@4=5;5@0=2;5@1=2;8@1=1,"0,1,3,5,6,7,2,8,4",27,18,18,0,1.0,0.28643069398949517,0.5714285714285714,0.015002122560923797,0.0,0.0,0.30000000000000004,0.19467377662658691,Feasible
759,758,11,7,4,"ADD:0,8;ADD:3,7;ADD:4,8;ADD:5,2;ADD:6,7;ADD:7,7;ADD:8,7;REMOVE:0,3;REMOVE:0,7;REMOVE:5,7;REMOVE:8,1",0:3|7;1:-;2:8;3:-;4:7;5:7;6:-;7:-;8:1;9:-,0:8;1:-;2:8;3:7;4:7|8;5:2;6:7;7:7;8:7;9:-,0@8=1;2@5=1;2@6=1;2@7=1;3@3=1;3@4=2;4@8=2;4@5=2;4@3=1;4@4=1;4@0=1;4@1=2;5@2=1;6@4=2;6@9=1;7@7=1;7@4=1;7@1=1;8@7=1;8@1=1,"8,5,6,7,3,4,0,1,2,9",25,20,20,0,1.0,-0.009293033022853336,0.6666666666666666,0.024040300310480024,0.0,0.0,0.7,0.2042708396911621,Feasible
760,759,10,6,4,"ADD:0,3;ADD:0,7;ADD:2,7;ADD:3,8;ADD:4,2;ADD:8,2;REMOVE:0,8;REMOVE:3,7;REMOVE:4,8;REMOVE:8,7",0:8;1:-;2:8;3:7;4:7|8;5:2;6:7;7:7;8:7;9:-,0:3|7;1:-;2:7|8;3:8;4:2|7;5:2;6:7;7:7;8:2;9:-,0@1=3;0@2=1;0@3=1;0@4=2;0@5=2;0@6=1;0@7=1;0@9=1;2@1=2;2@2=1;2@3=2;2@4=4;2@5=1;2@6=3;2@0=1;2@8=1;3@4=2;3@7=1;3@8=1;4@1=1;4@2=1;4@3=1;4@4=2;4@5=1;4@6=1;4@7=1;4@9=1;4@0=1;5@2=2;6@1=1;6@2=3;6@6=1;6@0=1;6@8=1;7@1=1;7@2=1;7@3=2;7@4=1;7@6=1;7@0=1;7@8=1;8@2=2;8@4=1;8@0=1,"1,2,3,4,5,6,7,9,0,8",62,44,44,0,1.0,-0.13882066865535775,0.4444444444444444,0.016734886900197792,0.0,0.0,0.6,0.25797224044799805,Feasible
761,760,8,3,5,"ADD:0,2;ADD:3,7;ADD:8,7;REMOVE:0,3;REMOVE:2,7;REMOVE:3,8;REMOVE:4,2;REMOVE:8,2",0:3|7;1:-;2:7|8;3:8;4:2|7;5:2;6:7;7:7;8:2;9:-,0:2|7;1:-;2:8;3:7;4:7;5:2;6:7;7:7;8:7;9:-,0@0=1;0@1=1;0@2=2;0@3=3;0@5=1;0@8=1;0@9=1;2@1=1;2@5=3;2@4=1;2@6=2;3@4=1;3@7=3;4@2=2;4@3=1;4@8=1;4@4=1;4@7=1;5@0=2;5@2=1;5@9=1;6@0=1;6@1=1;6@2=2;6@9=1;6@4=3;6@7=1;7@3=2;7@4=1;7@6=2;8@1=1;8@8=1;8@9=1;8@4=1,"0,1,2,3,5,8,9,4,6,7",49,34,34,0,1.0,0.17009424606404666,0.45454545454545453,0.015548791518592179,0.0,0.0,0.30000000000000004,0.23120975494384766,Feasible
762,761,15,8,7,"ADD:1,7;ADD:3,8;ADD:3,9;ADD:4,2;ADD:5,7;ADD:6,8;ADD:7,3;ADD:8,3;REMOVE:0,7;REMOVE:3,7;REMOVE:4,7;REMOVE:5,2;REMOVE:6,7;REMOVE:7,7;REMOVE:8,7",0:2|7;1:-;2:8;3:7;4:7;5:2;6:7;7:7;8:7;9:-,0:2;1:7;2:8;3:8|9;4:2;5:7;6:8;7:3;8:3;9:-,0@0=1;0@2=3;0@5=1;0@7=2;0@9=1;1@7=1;2@2=4;2@1=1;2@4=3;2@6=1;2@8=1;3@2=2;3@9=2;3@1=2;3@8=2;4@0=1;4@2=1;4@4=1;4@8=2;4@3=1;5@0=1;5@1=1;6@2=3;6@7=1;6@6=1;6@8=1;7@2=1;7@1=1;7@3=1;8@2=2;8@3=1,"0,2,5,7,9,1,4,6,8,3",47,31,31,0,1.0,0.0036794668843981304,0.7777777777777778,0.02590168910662022,0.0,0.0,0.7999999999999999,0.24198079109191895,Feasible
763,762,17,8,9,"ADD:0,7;ADD:2,2;ADD:2,7;ADD:4,7;ADD:4,8;ADD:5,4;ADD:7,7;ADD:8,8;REMOVE:0,2;REMOVE:1,7;REMOVE:2,8;REMOVE:3,8;REMOVE:4,2;REMOVE:5,7;REMOVE:6,8;REMOVE:7,3;REMOVE:8,3",0:2;1:7;2:8;3:8|9;4:2;5:7;6:8;7:3;8:3;9:-,0:7;1:-;2:2|7;3:9;4:7|8;5:4;6:-;7:7;8:8;9:-,0@0=1;0@1=2;0@2=2;0@4=1;0@6=1;0@7=2;0@8=1;2@0=1;2@1=2;2@2=2;2@4=2;2@6=1;2@8=1;2@3=1;2@5=1;2@9=2;3@1=1;3@2=1;4@1=2;4@2=2;4@4=2;4@6=1;4@7=1;4@5=2;4@9=1;5@2=1;5@4=1;7@2=1;7@4=1;7@6=1;7@9=1;8@1=1;8@2=1;8@4=1,"0,1,2,4,6,7,8,3,5,9",45,34,34,0,1.0,0.11392086058535511,0.9,0.013920860585355053,0.0,0.0,0.7999999999999999,0.24577832221984863,Feasible
764,763,15,7,8,"ADD:0,8;ADD:3,2;ADD:4,5;ADD:5,7;ADD:6,2;ADD:7,2;ADD:8,7;REMOVE:0,7;REMOVE:2,2;REMOVE:3,9;REMOVE:4,7;REMOVE:4,8;REMOVE:5,4;REMOVE:7,7;REMOVE:8,8",0:7;1:-;2:2|7;3:9;4:7|8;5:4;6:-;7:7;8:8;9:-,0:8;1:-;2:7;3:2;4:5;5:7;6:2;7:2;8:7;9:-,0@5=1;0@6=1;2@4=3;2@7=2;3@0=1;3@2=1;4@5=1;4@0=1;4@2=1;4@8=1;5@4=2;5@7=1;6@2=1;7@2=1;8@7=1;8@2=1,"5,6,4,7,0,2,8",20,16,16,0,1.0,0.22823403731033887,0.8888888888888888,0.03934514842145,0.0,0.0,0.7,0.17913413047790527,Feasible
765,764,15,7,8,"ADD:2,3;ADD:3,1;ADD:4,7;ADD:5,9;ADD:6,8;ADD:7,8;ADD:8,0;REMOVE:0,8;REMOVE:2,7;REMOVE:3,2;REMOVE:4,5;REMOVE:5,7;REMOVE:6,2;REMOVE:7,2;REMOVE:8,7",0:8;1:-;2:7;3:2;4:5;5:7;6:2;7:2;8:7;9:-,0:-;1:-;2:3;3:1;4:7;5:9;6:8;7:8;8:0;9:-,2@3=1;3@1=1;4@3=1;4@0=1;4@2=2;4@7=1;4@8=1;4@9=1;5@3=1;5@1=1;5@9=1;5@6=1;6@1=1;6@4=1;7@1=1;7@4=1;7@5=1;8@0=2;8@2=1,"3,1,0,2,7,8,9,6,4,5",21,19,19,0,1.0,0.32761436089321516,1.0,0.02761436089321513,0.0,0.0,0.7,0.20155715942382812,Feasible
766,765,14,8,6,"ADD:0,7;ADD:2,6;ADD:3,2;ADD:4,2;ADD:5,6;ADD:6,7;ADD:7,2;ADD:8,7;REMOVE:2,3;REMOVE:3,1;REMOVE:5,9;REMOVE:6,8;REMOVE:7,8;REMOVE:8,0",0:-;1:-;2:3;3:1;4:7;5:9;6:8;7:8;8:0;9:-,0:7;1:-;2:6;3:2;4:2|7;5:6;6:7;7:2;8:7;9:-,0@0=2;0@2=1;0@6=1;0@7=1;0@8=1;2@6=1;2@4=2;2@9=1;3@2=1;4@0=1;4@2=1;4@7=1;4@8=1;4@4=2;4@9=1;4@1=1;4@5=1;5@6=1;5@8=1;5@9=1;6@0=1;6@6=3;6@1=1;7@2=2;7@8=1;7@4=1;7@9=1;8@2=2;8@6=1;8@4=1;8@1=1;8@3=1,"0,2,6,7,8,4,9,1,5,3",39,32,32,0,1.0,0.0764868639016133,0.8571428571428571,0.019344006758756135,0.0,0.0,0.7999999999999999,0.23067784309387207,Feasible
767,766,15,8,7,"ADD:0,2;ADD:1,7;ADD:2,8;ADD:4,8;ADD:5,4;ADD:6,8;ADD:7,5;ADD:8,8;REMOVE:3,2;REMOVE:4,2;REMOVE:4,7;REMOVE:5,6;REMOVE:6,7;REMOVE:7,2;REMOVE:8,7",0:7;1:-;2:6;3:2;4:2|7;5:6;6:7;7:2;8:7;9:-,0:2|7;1:7;2:6|8;3:-;4:8;5:4;6:8;7:5;8:8;9:-,0@0=1;0@2=3;0@4=3;0@5=1;0@6=1;0@9=1;1@4=1;1@9=1;2@5=1;2@6=1;2@9=2;2@1=1;2@8=1;4@2=1;4@4=1;4@5=1;4@6=1;4@1=1;4@8=1;4@7=2;5@4=1;6@6=1;6@8=1;7@2=1;7@5=1;7@3=1;8@2=2;8@4=3;8@5=2;8@6=1;8@1=1,"0,2,4,5,6,9,1,8,7,3",41,31,31,0,1.0,-0.0005566705381880865,0.7777777777777778,0.021665551684034008,0.0,0.0,0.7999999999999999,0.22326397895812988,Feasible
768,767,13,4,9,"ADD:0,3;ADD:4,7;ADD:6,2;ADD:7,7;REMOVE:0,2;REMOVE:0,7;REMOVE:1,7;REMOVE:2,6;REMOVE:2,8;REMOVE:4,8;REMOVE:5,4;REMOVE:6,8;REMOVE:7,5",0:2|7;1:7;2:6|8;3:-;4:8;5:4;6:8;7:5;8:8;9:-,0:3;1:-;2:-;3:-;4:7;5:-;6:2;7:7;8:8;9:-,0@2=1;0@3=1;4@0=1;4@4=1;4@6=2;4@7=3;6@2=1;6@7=1;6@5=1;7@2=1;7@0=1;7@4=2;7@1=3;7@8=1;8@4=1;8@5=1,"2,3,0,4,6,7,5,1,8",22,16,16,0,1.0,0.5211522635934815,0.9,0.021152263593481567,0.0,0.0,0.4,0.19405484199523926,Feasible
769,768,10,6,4,"ADD:0,7;ADD:4,8;ADD:5,3;ADD:7,4;ADD:7,8;ADD:8,1;REMOVE:0,3;REMOVE:4,7;REMOVE:6,2;REMOVE:8,8",0:3;1:-;2:-;3:-;4:7;5:-;6:2;7:7;8:8;9:-,0:7;1:-;2:-;3:-;4:8;5:3;6:-;7:4|7|8;8:1;9:-,0@4=1;0@7=1;0@9=1;4@4=1;4@1=1;4@2=1;4@5=1;5@3=1;7@4=4;7@7=1;7@1=1;7@2=2;7@5=2;7@3=1;7@0=1;7@6=1;7@8=3;8@1=1,"4,7,9,1,2,5,3,0,6,8",25,18,18,0,1.0,0.24302141337410055,0.8,0.04302141337410046,0.0,0.0,0.6,0.2080249786376953,Feasible
770,769,11,5,6,"ADD:3,4;ADD:4,7;ADD:5,7;ADD:7,2;ADD:8,7;REMOVE:4,8;REMOVE:5,3;REMOVE:7,4;REMOVE:7,7;REMOVE:7,8;REMOVE:8,1",0:7;1:-;2:-;3:-;4:8;5:3;6:-;7:4|7|8;8:1;9:-,0:7;1:-;2:-;3:4;4:7;5:7;6:-;7:2;8:7;9:-,0@0=1;0@1=1;0@7=1;0@8=1;3@4=1;4@0=1;4@1=1;4@8=1;4@4=1;4@2=1;4@9=1;5@0=1;5@8=1;7@0=2;7@8=2;7@4=2;7@2=1;7@3=1;7@5=1;8@0=1;8@7=1;8@8=2;8@2=2;8@3=1,"0,1,7,8,4,2,9,3,5",29,24,24,0,1.0,0.3703509284878651,0.8571428571428571,0.013208071345008,0.0,0.0,0.5,0.20793771743774414,Feasible
771,770,11,5,6,"ADD:0,2;ADD:4,6;ADD:5,2;ADD:7,4;ADD:8,6;REMOVE:0,7;REMOVE:3,4;REMOVE:4,7;REMOVE:5,7;REMOVE:7,2;REMOVE:8,7",0:7;1:-;2:-;3:4;4:7;5:7;6:-;7:2;8:7;9:-,0:2;1:-;2:-;3:-;4:6;5:2;6:-;7:4;8:6;9:-,0@2=2;4@1=2;4@4=1;4@6=1;5@2=1;7@4=1;8@6=1,"2,1,4,6",9,7,7,0,1.0,0.5635021628537316,1.0,0.0635021628537316,0.0,0.0,0.5,0.15076804161071777,Feasible
772,771,10,5,5,"ADD:4,7;ADD:5,7;ADD:7,1;ADD:7,2;ADD:8,8;REMOVE:0,2;REMOVE:4,6;REMOVE:5,2;REMOVE:7,4;REMOVE:8,6",0:2;1:-;2:-;3:-;4:6;5:2;6:-;7:4;8:6;9:-,0:-;1:-;2:-;3:-;4:7;5:7;6:-;7:1|2;8:8;9:-,4@0=1;4@1=1;4@4=1;4@8=1;5@0=1;5@1=1;5@7=1;7@0=1;7@1=4;7@4=6;7@2=1;7@3=1;7@5=1;8@8=1;8@2=1,"0,1,4,8,7,2,3,5",23,15,15,0,1.0,0.5265892263001348,1.0,0.02658922630013472,0.0,0.0,0.5,0.19158482551574707,Feasible
773,772,6,4,2,"ADD:2,6;ADD:3,1;ADD:7,7;ADD:8,0;REMOVE:7,1;REMOVE:8,8",0:-;1:-;2:-;3:-;4:7;5:7;6:-;7:1|2;8:8;9:-,0:-;1:-;2:6;3:1;4:7;5:7;6:-;7:2|7;8:0;9:-,2@6=1;3@1=1;4@1=1;4@0=1;4@3=1;4@4=1;5@2=1;5@7=2;7@1=2;7@0=2;7@3=1;7@4=2;7@5=2;7@8=1;7@9=2;8@0=1,"6,1,0,3,4,2,7,5,8,9",22,16,16,0,1.0,0.022980476150667395,0.4,0.02298047615066737,0.0,0.0,0.4,0.1950080394744873,Feasible
774,773,9,5,4,"ADD:1,1;ADD:2,7;ADD:4,2;ADD:4,9;ADD:8,2;REMOVE:2,6;REMOVE:3,1;REMOVE:4,7;REMOVE:8,0",0:-;1:-;2:6;3:1;4:7;5:7;6:-;7:2|7;8:0;9:-,0:-;1:1;2:7;3:-;4:2|9;5:7;6:-;7:2|7;8:2;9:-,1@1=1;2@1=1;2@7=1;4@2=1;4@3=1;4@4=1;4@5=1;4@6=2;4@9=1;5@7=2;5@9=1;5@8=1;7@1=1;7@2=1;7@4=1;7@5=3;7@6=1;7@9=1;7@0=1;8@2=1;8@4=2;8@9=1;8@0=1,"1,7,2,3,4,5,6,9,8,0",28,23,23,0,1.0,0.10070065619489244,0.5714285714285714,0.029272084766321056,0.0,0.0,0.5,0.20956921577453613,Feasible
775,774,16,8,8,"ADD:2,4;ADD:3,4;ADD:4,3;ADD:4,7;ADD:5,4;ADD:6,2;ADD:7,8;ADD:8,7;REMOVE:1,1;REMOVE:2,7;REMOVE:4,2;REMOVE:4,9;REMOVE:5,7;REMOVE:7,2;REMOVE:7,7;REMOVE:8,2",0:-;1:1;2:7;3:-;4:2|9;5:7;6:-;7:2|7;8:2;9:-,0:-;1:-;2:4;3:4;4:3|7;5:4;6:2;7:8;8:7;9:-,2@4=1;3@4=2;4@4=2;4@1=1;4@2=1;4@3=1;4@5=1;4@7=1;4@9=1;5@4=1;5@2=3;6@2=1;6@3=1;6@0=1;7@1=2;7@2=3;7@5=2;7@7=2;7@6=2;8@1=1;8@0=1;8@6=1,"4,1,2,3,5,7,9,0,6",32,22,22,0,1.0,0.22102788218943947,1.0,0.02102788218943951,0.0,0.0,0.7999999999999999,0.21329593658447266,Feasible
776,775,11,5,6,"ADD:0,1;ADD:2,8;ADD:5,2;ADD:7,7;ADD:8,9;REMOVE:2,4;REMOVE:3,4;REMOVE:4,3;REMOVE:5,4;REMOVE:7,8;REMOVE:8,7",0:-;1:-;2:4;3:4;4:3|7;5:4;6:2;7:8;8:7;9:-,0:1;1:-;2:8;3:-;4:7;5:2;6:2;7:7;8:9;9:-,0@1=1;2@8=1;4@1=1;4@0=1;4@4=2;5@4=1;5@2=2;5@9=1;6@4=1;6@2=1;6@3=1;6@5=1;7@8=1;7@4=2;7@2=1;7@3=3;7@7=2;8@1=1;8@9=1;8@7=1;8@6=1,"1,8,0,4,2,9,3,5,7,6",27,21,21,0,1.0,0.2782690863848979,0.75,0.028269086384897887,0.0,0.0,0.5,0.21115493774414062,Feasible
777,776,14,7,7,"ADD:1,2;ADD:2,7;ADD:3,7;ADD:4,9;ADD:6,7;ADD:7,8;ADD:8,6;REMOVE:0,1;REMOVE:2,8;REMOVE:4,7;REMOVE:5,2;REMOVE:6,2;REMOVE:7,7;REMOVE:8,9",0:1;1:-;2:8;3:-;4:7;5:2;6:2;7:7;8:9;9:-,0:-;1:2;2:7;3:7;4:9;5:-;6:7;7:8;8:6;9:-,1@2=1;2@0=1;2@4=1;2@9=1;3@0=1;3@9=1;4@2=1;4@9=1;6@2=1;6@0=1;6@1=1;6@3=1;6@7=1;7@2=2;7@4=2;7@7=1;7@5=1;7@6=1;8@4=1;8@6=1,"2,0,4,9,1,3,7,5,6",22,20,20,0,1.0,0.32033012018120166,1.0,0.020330120181201627,0.0,0.0,0.7,0.20464372634887695,Feasible
778,777,10,5,5,"ADD:3,2;ADD:4,6;ADD:5,8;ADD:6,2;ADD:8,7;REMOVE:1,2;REMOVE:3,7;REMOVE:4,9;REMOVE:6,7;REMOVE:8,6",0:-;1:2;2:7;3:7;4:9;5:-;6:7;7:8;8:6;9:-,0:-;1:-;2:7;3:2;4:6;5:8;6:2;7:8;8:7;9:-,2@4=1;2@7=1;3@2=1;4@4=1;4@6=1;5@4=1;5@1=1;6@4=1;6@7=1;6@0=1;6@5=1;7@6=1;7@1=1;7@8=1;8@7=1;8@6=1;8@3=1,"4,7,2,6,1,0,5,8,3",17,17,17,0,1.0,0.24571806284731879,0.7142857142857143,0.03143234856160452,0.0,0.0,0.5,0.19991016387939453,Feasible
779,778,11,6,5,"ADD:3,8;ADD:4,3;ADD:4,7;ADD:5,7;ADD:6,7;ADD:7,2;REMOVE:3,2;REMOVE:4,6;REMOVE:5,8;REMOVE:6,2;REMOVE:7,8",0:-;1:-;2:7;3:2;4:6;5:8;6:2;7:8;8:7;9:-,0:-;1:-;2:7;3:8;4:3|7;5:7;6:7;7:2;8:7;9:-,2@1=1;2@3=1;2@4=2;2@6=1;2@7=2;2@8=1;3@4=2;3@8=1;3@2=1;4@3=1;4@7=1;4@8=1;4@5=1;4@9=1;5@1=1;5@7=1;6@1=2;6@3=1;6@4=1;7@3=2;7@4=2;7@5=1;7@9=1;8@3=1;8@4=1;8@6=1;8@0=1,"1,3,4,6,7,8,2,5,9,0",33,27,27,0,1.0,0.1315669348522459,0.7142857142857143,0.017281220566531547,0.0,0.0,0.6,0.2147531509399414,Feasible
780,779,10,5,5,"ADD:0,4;ADD:2,8;ADD:3,7;ADD:7,7;ADD:8,8;REMOVE:2,7;REMOVE:3,8;REMOVE:4,3;REMOVE:7,2;REMOVE:8,7",0:-;1:-;2:7;3:8;4:3|7;5:7;6:7;7:2;8:7;9:-,0:4;1:-;2:8;3:7;4:7;5:7;6:7;7:7;8:8;9:-,0@2=1;0@4=1;2@4=1;2@6=1;2@8=1;3@2=1;3@6=1;3@7=1;4@4=2;4@7=1;4@1=1;4@3=1;5@2=2;5@1=1;5@0=1;6@2=2;6@4=1;6@6=1;6@7=3;6@9=1;7@2=4;7@4=2;7@8=3;7@7=1;7@1=2;7@3=1;8@2=2;8@1=1;8@5=1,"2,4,6,8,7,1,3,0,9,5",42,29,29,0,1.0,0.14617497428102755,0.625,0.021174974281027558,0.0,0.0,0.5,0.21790671348571777,Feasible
781,780,9,6,3,"ADD:1,9;ADD:2,3;ADD:2,5;ADD:4,8;ADD:5,5;ADD:7,2;REMOVE:0,4;REMOVE:2,8;REMOVE:5,7",0:4;1:-;2:8;3:7;4:7;5:7;6:7;7:7;8:8;9:-,0:-;1:9;2:3|5;3:7;4:7|8;5:5;6:7;7:2|7;8:8;9:-,1@9=1;2@9=2;2@3=1;2@5=1;2@8=2;3@3=1;3@1=1;3@2=2;3@4=1;3@7=1;4@5=1;4@1=1;4@4=1;4@7=1;4@0=1;5@5=1;5@2=1;6@0=1;6@6=1;7@9=2;7@3=2;7@5=1;7@1=3;7@2=3;7@4=1;7@0=1;7@6=1;8@5=1;8@1=2,"9,3,5,8,1,2,4,7,0,6",39,29,29,0,1.0,-0.2003226736417194,0.375,0.024677326358280557,0.0,0.0,0.6,0.21535611152648926,Feasible
782,781,15,6,9,"ADD:1,4;ADD:2,6;ADD:4,2;ADD:5,3;ADD:6,5;ADD:8,2;REMOVE:1,9;REMOVE:2,3;REMOVE:2,5;REMOVE:4,7;REMOVE:4,8;REMOVE:5,5;REMOVE:6,7;REMOVE:7,2;REMOVE:8,8",0:-;1:9;2:3|5;3:7;4:7|8;5:5;6:7;7:2|7;8:8;9:-,0:-;1:4;2:6;3:7;4:2;5:3;6:5;7:7;8:2;9:-,1@4=1;2@4=1;2@1=1;2@6=2;3@4=1;3@1=1;3@7=2;4@4=1;4@2=1;4@3=1;4@8=1;5@3=1;6@2=1;6@3=1;6@8=2;6@5=1;7@4=1;7@1=5;7@2=1;7@0=1;7@9=2;8@4=1;8@2=2;8@3=1,"4,1,6,7,2,3,8,5,0,9",33,24,24,0,1.0,0.24913482438529877,0.8181818181818182,0.030953006203480463,0.0,0.0,0.6,0.20756888389587402,Feasible
783,782,14,8,6,"ADD:0,8;ADD:2,9;ADD:4,1;ADD:4,8;ADD:5,4;ADD:6,7;ADD:7,8;ADD:8,8;REMOVE:1,4;REMOVE:2,6;REMOVE:4,2;REMOVE:5,3;REMOVE:6,5;REMOVE:8,2",0:-;1:4;2:6;3:7;4:2;5:3;6:5;7:7;8:2;9:-,0:8;1:-;2:9;3:7;4:1|8;5:4;6:7;7:7|8;8:8;9:-,0@1=1;0@2=1;0@4=2;0@8=1;2@1=1;2@9=1;3@1=1;3@2=1;3@4=1;3@9=1;4@1=1;4@8=1;4@9=1;4@5=3;5@4=1;6@6=1;6@7=1;7@1=1;7@4=3;7@5=2;7@6=1;7@0=1;8@1=2;8@4=1,"1,2,4,8,9,5,6,7,0",31,24,24,0,1.0,-0.030227180537098497,0.75,0.019772819462901402,0.0,0.0,0.7999999999999999,0.20207905769348145,Feasible
784,783,16,8,8,"ADD:0,2;ADD:1,2;ADD:2,2;ADD:4,7;ADD:5,9;ADD:6,9;ADD:7,9;ADD:8,7;REMOVE:0,8;REMOVE:2,9;REMOVE:4,1;REMOVE:4,8;REMOVE:5,4;REMOVE:6,7;REMOVE:7,7;REMOVE:7,8",0:8;1:-;2:9;3:7;4:1|8;5:4;6:7;7:7|8;8:8;9:-,0:2;1:2;2:2;3:7;4:7;5:9;6:9;7:9;8:7|8;9:-,0@2=1;1@2=1;2@2=1;2@4=1;2@5=2;3@4=1;3@7=1;4@2=2;4@4=2;4@7=3;4@0=1;4@1=1;4@6=1;4@8=1;4@9=2;5@2=1;5@1=1;6@2=2;6@1=2;6@6=1;7@2=3;7@1=1;8@2=1;8@5=1;8@0=1;8@1=2;8@6=1,"2,4,5,7,0,1,6,8,9",38,27,27,0,1.0,0.017725408934913256,0.8,0.017725408934913096,0.0,0.0,0.7999999999999999,0.20811009407043457,Feasible
785,784,19,10,9,"ADD:0,3;ADD:0,8;ADD:1,6;ADD:2,7;ADD:3,9;ADD:4,5;ADD:5,2;ADD:6,2;ADD:7,7;ADD:7,8;REMOVE:0,2;REMOVE:1,2;REMOVE:2,2;REMOVE:3,7;REMOVE:4,7;REMOVE:5,9;REMOVE:6,9;REMOVE:7,9;REMOVE:8,7",0:2;1:2;2:2;3:7;4:7;5:9;6:9;7:9;8:7|8;9:-,0:3|8;1:6;2:7;3:9;4:5;5:2;6:2;7:7|8;8:8;9:-,0@1=1;0@3=1;0@4=1;0@5=1;1@6=1;2@3=1;2@4=1;3@1=1;3@9=1;4@3=1;4@5=1;5@4=1;5@5=1;5@2=1;6@5=2;6@9=2;6@0=1;7@1=2;7@4=2;7@5=1;7@6=3;7@9=1;7@2=2;7@0=1;7@7=1;7@8=1;8@4=1;8@5=1,"1,3,4,5,6,9,2,0,7,8",35,28,28,0,1.0,-0.08123021797995222,0.9,0.01876978202004763,0.0,0.0,0.9999999999999999,0.22545671463012695,Feasible
786,785,12,5,7,"ADD:2,8;ADD:4,7;ADD:5,7;ADD:6,8;ADD:8,6;REMOVE:0,3;REMOVE:1,6;REMOVE:2,7;REMOVE:4,5;REMOVE:6,2;REMOVE:7,8;REMOVE:8,8",0:3|8;1:6;2:7;3:9;4:5;5:2;6:2;7:7|8;8:8;9:-,0:8;1:-;2:8;3:9;4:7;5:2|7;6:8;7:7;8:6;9:-,0@1=2;0@8=2;2@8=2;3@1=1;3@2=2;3@3=1;3@9=1;4@1=1;4@2=1;4@9=1;4@4=3;5@2=2;5@9=1;5@4=1;5@0=1;5@5=1;5@6=1;5@7=1;6@5=1;6@7=1;7@8=1;7@2=5;7@3=1;7@7=2;8@1=1;8@6=1,"1,8,2,3,9,4,0,5,6,7",38,26,26,0,1.0,0.16351837467705255,0.6363636363636364,0.027154738313416193,0.0,0.0,0.5,0.2331249713897705,Feasible
787,786,11,6,5,"ADD:2,9;ADD:3,8;ADD:5,6;ADD:6,2;ADD:6,7;ADD:8,8;REMOVE:3,9;REMOVE:5,2;REMOVE:5,7;REMOVE:6,8;REMOVE:8,6",0:8;1:-;2:8;3:9;4:7;5:2|7;6:8;7:7;8:6;9:-,0:8;1:-;2:8|9;3:8;4:7;5:6;6:2|7;7:7;8:8;9:-,0@1=1;0@2=2;0@4=2;0@5=2;0@7=1;0@8=1;2@2=1;2@8=1;2@6=1;2@9=1;3@2=2;3@4=1;3@8=1;3@6=1;4@2=1;4@4=1;4@6=1;4@0=1;4@3=1;5@6=1;6@2=1;6@4=1;6@5=1;6@6=1;6@0=1;6@3=1;7@1=2;7@2=2;7@4=2;7@7=2;7@6=2;7@0=2;8@1=1;8@2=1;8@8=1,"1,2,4,5,7,8,6,9,0,3",45,35,35,0,1.0,-0.022799386173172342,0.5555555555555556,0.021645058271272014,0.0,0.0,0.6,0.2522289752960205,Feasible
788,787,14,6,8,"ADD:0,4;ADD:3,9;ADD:4,8;ADD:5,3;ADD:7,8;ADD:8,7;REMOVE:0,8;REMOVE:2,8;REMOVE:2,9;REMOVE:3,8;REMOVE:4,7;REMOVE:5,6;REMOVE:6,2;REMOVE:8,8",0:8;1:-;2:8|9;3:8;4:7;5:6;6:2|7;7:7;8:8;9:-,0:4;1:-;2:-;3:9;4:8;5:3;6:7;7:7|8;8:7;9:-,0@2=1;0@4=2;0@6=1;3@2=1;3@1=2;3@9=1;4@4=3;4@6=1;4@8=1;5@1=1;5@3=1;6@2=2;6@4=1;6@6=1;6@1=1;6@9=1;6@3=1;6@0=1;7@2=1;7@6=1;7@1=4;7@9=1;7@8=1;7@0=1;7@5=1;7@7=1;8@7=1,"2,4,6,1,9,8,3,0,5,7",35,27,27,0,1.0,0.2229467403329063,0.8,0.022946740332906276,0.0,0.0,0.6,0.2240450382232666,Feasible
789,788,10,5,5,"ADD:0,7;ADD:2,8;ADD:3,7;ADD:4,7;ADD:5,9;REMOVE:0,4;REMOVE:3,9;REMOVE:4,8;REMOVE:5,3;REMOVE:7,8",0:4;1:-;2:-;3:9;4:8;5:3;6:7;7:7|8;8:7;9:-,0:7;1:-;2:8;3:7;4:7;5:9;6:7;7:7;8:7;9:-,0@0=1;0@1=2;0@2=1;0@3=3;0@6=1;0@7=1;0@8=3;2@8=1;2@4=1;3@1=1;3@2=2;3@3=2;3@6=1;3@7=1;4@6=2;4@7=2;4@4=2;5@3=1;5@9=1;6@0=1;6@1=2;6@2=1;6@3=1;6@6=1;6@8=1;6@4=3;7@0=1;7@6=2;7@7=2;7@4=2;7@9=1;8@3=2;8@6=1;8@7=1;8@4=2;8@9=1,"0,1,2,3,6,7,8,4,9",54,36,36,0,1.0,0.14045553219290285,0.625,0.015455532192902903,0.0,0.0,0.5,0.22942590713500977,Feasible
790,789,13,7,6,"ADD:2,7;ADD:3,9;ADD:4,2;ADD:5,7;ADD:6,8;ADD:7,2;ADD:8,5;REMOVE:2,8;REMOVE:3,7;REMOVE:4,7;REMOVE:5,9;REMOVE:6,7;REMOVE:8,7",0:7;1:-;2:8;3:7;4:7;5:9;6:7;7:7;8:7;9:-,0:7;1:-;2:7;3:9;4:2;5:7;6:8;7:2|7;8:5;9:-,0@0=1;0@4=2;2@4=1;2@3=2;2@8=1;2@9=1;3@9=1;3@2=2;4@4=1;4@3=2;4@2=1;5@4=1;5@9=1;5@1=1;6@2=1;6@1=1;6@5=3;6@7=1;7@0=1;7@4=1;7@9=1;7@2=1;7@1=1;7@5=1;7@7=1;8@2=1;8@5=1,"0,4,3,8,9,2,1,5,7",33,27,27,0,1.0,0.06507512655645242,0.75,0.015075126556452413,0.0,0.0,0.7,0.21091604232788086,Feasible
791,790,14,7,7,"ADD:0,2;ADD:3,8;ADD:4,8;ADD:5,8;ADD:6,7;ADD:7,8;ADD:8,8;REMOVE:3,9;REMOVE:4,2;REMOVE:5,7;REMOVE:6,8;REMOVE:7,2;REMOVE:7,7;REMOVE:8,5",0:7;1:-;2:7;3:9;4:2;5:7;6:8;7:2|7;8:5;9:-,0:2|7;1:-;2:7;3:8;4:8;5:8;6:7;7:8;8:8;9:-,0@0=1;0@2=3;0@4=1;0@5=2;0@6=1;0@9=1;2@2=1;2@7=1;3@2=1;3@5=1;3@6=1;3@7=1;3@8=1;4@2=1;4@4=2;4@5=1;4@7=4;4@1=2;5@4=2;5@5=1;6@4=1;6@9=1;6@3=1;7@2=1;7@4=4;7@5=1;7@1=1;8@2=1;8@8=1;8@1=1,"0,2,4,5,6,9,7,8,1,3",42,30,30,0,1.0,0.09105590098401661,0.7777777777777778,0.013278123206238739,0.0,0.0,0.7,0.22116518020629883,Feasible
792,791,14,6,8,"ADD:0,6;ADD:3,4;ADD:4,9;ADD:6,8;ADD:7,7;ADD:8,0;REMOVE:0,2;REMOVE:0,7;REMOVE:3,8;REMOVE:4,8;REMOVE:5,8;REMOVE:6,7;REMOVE:7,8;REMOVE:8,8",0:2|7;1:-;2:7;3:8;4:8;5:8;6:7;7:8;8:8;9:-,0:6;1:-;2:7;3:4;4:9;5:-;6:8;7:7;8:0;9:-,0@1=1;0@6=1;2@6=1;2@0=1;2@2=1;3@2=1;3@4=1;4@1=1;4@6=1;4@2=1;4@3=1;6@6=1;6@2=1;6@4=1;6@5=2;7@1=2;7@0=1;7@2=2;7@4=1;7@8=1;8@0=1,"1,6,0,2,4,3,5,8",24,21,21,0,1.0,0.3018703737213687,0.8888888888888888,0.012981484832479857,0.0,0.0,0.6,0.19915294647216797,Feasible
793,792,12,7,5,"ADD:2,5;ADD:3,0;ADD:3,7;ADD:4,7;ADD:5,2;ADD:6,7;ADD:7,2;REMOVE:0,6;REMOVE:2,7;REMOVE:3,4;REMOVE:4,9;REMOVE:8,0",0:6;1:-;2:7;3:4;4:9;5:-;6:8;7:7;8:0;9:-,0:-;1:-;2:5;3:0|7;4:7;5:2;6:7|8;7:2|7;8:-;9:-,2@5=1;3@5=1;3@0=1;3@6=1;3@7=1;4@7=1;4@1=1;5@2=2;6@5=1;6@0=1;6@6=1;6@1=1;6@4=1;7@5=1;7@0=1;7@1=2;7@2=1;7@4=1;7@3=2;7@9=1,"5,0,6,7,1,2,4,3,9",23,20,20,0,1.0,0.04333523924775262,0.7142857142857143,0.02904952496203833,0.0,0.0,0.7,0.20205092430114746,Feasible
794,793,11,5,6,"ADD:0,9;ADD:2,9;ADD:4,4;ADD:5,5;ADD:8,8;REMOVE:2,5;REMOVE:3,0;REMOVE:4,7;REMOVE:5,2;REMOVE:6,8;REMOVE:7,2",0:-;1:-;2:5;3:0|7;4:7;5:2;6:7|8;7:2|7;8:-;9:-,0:9;1:-;2:9;3:7;4:4;5:5;6:7;7:7;8:8;9:-,0@1=1;0@6=2;0@7=1;0@9=1;2@6=1;2@2=1;3@1=1;3@6=1;3@2=1;3@3=1;3@4=3;3@8=1;4@2=1;4@4=2;5@3=1;5@0=1;5@5=1;6@6=1;6@7=1;6@9=1;6@2=1;6@3=1;6@4=2;7@6=1;7@7=1;7@2=2;7@3=1;7@4=1;8@2=1;8@4=1;8@8=1,"1,6,7,9,2,3,4,8,0,5",37,31,31,0,1.0,0.18623684663155948,0.6666666666666666,0.01957017996489289,0.0,0.0,0.5,0.2275099754333496,Feasible
795,794,14,8,6,"ADD:0,7;ADD:0,8;ADD:2,2;ADD:4,7;ADD:5,4;ADD:6,2;ADD:6,9;ADD:8,2;REMOVE:0,9;REMOVE:2,9;REMOVE:4,4;REMOVE:5,5;REMOVE:6,7;REMOVE:8,8",0:9;1:-;2:9;3:7;4:4;5:5;6:7;7:7;8:8;9:-,0:7|8;1:-;2:2;3:7;4:7;5:4;6:2|9;7:7;8:2;9:-,0@0=1;0@1=1;0@3=2;0@4=3;0@5=2;0@8=1;2@0=1;2@2=2;3@0=1;3@1=1;3@9=1;4@0=1;4@3=2;4@4=3;4@9=1;5@4=1;5@2=1;5@6=1;6@5=1;6@2=2;6@9=1;6@6=1;7@1=2;7@4=2;7@2=1;7@6=2;7@7=2;8@0=1;8@3=2;8@4=1;8@2=2,"0,1,3,4,5,8,2,9,6,7",46,31,31,0,1.0,-0.02638118164929082,0.75,0.02361881835070907,0.0,0.0,0.7999999999999999,0.22759509086608887,Feasible
796,795,14,6,8,"ADD:1,2;ADD:3,2;ADD:4,2;ADD:5,5;ADD:6,7;ADD:8,5;REMOVE:0,8;REMOVE:2,2;REMOVE:3,7;REMOVE:4,7;REMOVE:5,4;REMOVE:6,2;REMOVE:6,9;REMOVE:8,2",0:7|8;1:-;2:2;3:7;4:7;5:4;6:2|9;7:7;8:2;9:-,0:7;1:2;2:-;3:2;4:2;5:5;6:7;7:7;8:5;9:-,0@1=1;0@2=2;0@3=2;0@7=1;0@8=1;1@3=1;1@4=1;1@5=2;3@3=2;3@4=3;3@5=1;3@9=1;4@3=1;4@7=2;4@4=2;4@5=1;4@0=1;5@3=2;5@5=1;6@2=1;6@7=2;6@4=1;6@0=1;7@1=1;7@2=2;7@8=1;7@4=3;7@0=3;8@5=1,"1,2,3,7,8,4,5,9,0",44,29,29,0,1.0,0.211763193124905,0.8,0.011763193124904937,0.0,0.0,0.6,0.24272680282592773,Feasible
797,796,12,6,6,"ADD:1,1;ADD:3,7;ADD:4,9;ADD:5,8;ADD:6,4;ADD:8,9;REMOVE:1,2;REMOVE:3,2;REMOVE:4,2;REMOVE:5,5;REMOVE:6,7;REMOVE:8,5",0:7;1:2;2:-;3:2;4:2;5:5;6:7;7:7;8:5;9:-,0:7;1:1;2:-;3:7;4:9;5:8;6:4;7:7;8:9;9:-,0@1=1;0@3=1;0@7=1;0@8=1;1@1=1;1@8=2;1@9=2;3@1=1;3@9=1;3@2=3;3@4=2;4@9=1;5@1=1;5@5=1;6@2=1;6@4=1;7@1=1;7@7=2;7@4=3;8@1=1;8@9=1;8@2=1,"1,3,7,8,9,2,4,5",30,22,22,0,1.0,0.17299650523863497,0.75,0.022996505238634935,0.0,0.0,0.6,0.23347902297973633,Feasible
798,797,14,8,6,"ADD:1,7;ADD:2,3;ADD:2,7;ADD:3,2;ADD:4,8;ADD:6,3;ADD:6,9;ADD:8,4;REMOVE:1,1;REMOVE:3,7;REMOVE:4,9;REMOVE:5,8;REMOVE:6,4;REMOVE:8,9",0:7;1:1;2:-;3:7;4:9;5:8;6:4;7:7;8:9;9:-,0:7;1:7;2:3|7;3:2;4:8;5:-;6:3|9;7:7;8:4;9:-,0@0=1;0@3=1;0@4=1;0@9=1;1@4=2;1@9=1;1@1=1;2@3=2;2@4=1;2@1=1;2@5=1;2@7=1;3@0=2;3@3=1;3@4=1;3@5=1;4@4=1;4@2=1;4@8=1;6@3=1;6@9=1;6@1=1;6@5=1;6@7=2;6@6=2;7@3=1;7@4=2;7@1=1;7@8=2;8@4=1,"0,3,4,9,1,5,7,2,8,6",37,30,30,0,1.0,-0.03039455169173766,0.75,0.019605448308262313,0.0,0.0,0.7999999999999999,0.23919010162353516,Feasible
799,798,15,7,8,"ADD:0,2;ADD:2,8;ADD:3,7;ADD:4,9;ADD:5,8;ADD:6,2;ADD:8,1;REMOVE:0,7;REMOVE:2,3;REMOVE:2,7;REMOVE:3,2;REMOVE:4,8;REMOVE:6,3;REMOVE:6,9;REMOVE:8,4",0:7;1:7;2:3|7;3:2;4:8;5:-;6:3|9;7:7;8:4;9:-,0:2;1:7;2:8;3:7;4:9;5:8;6:2;7:7;8:1;9:-,0@0=1;0@2=1;0@4=1;1@7=1;2@2=1;2@8=1;3@2=1;3@7=1;3@8=1;3@1=1;3@3=1;3@9=1;4@2=1;4@1=1;4@9=1;5@4=1;5@8=1;5@1=1;6@2=1;6@4=1;6@5=1;7@4=1;7@7=1;7@1=1;8@1=2,"0,2,4,7,8,1,3,9,5",26,25,25,0,1.0,0.1350394701160471,0.8,0.03503947011604707,0.0,0.0,0.7,0.2193448543548584,Feasible
800,799,9,3,6,"ADD:5,7;ADD:6,8;ADD:8,9;REMOVE:0,2;REMOVE:1,7;REMOVE:2,8;REMOVE:5,8;REMOVE:6,2;REMOVE:8,1",0:2;1:7;2:8;3:7;4:9;5:8;6:2;7:7;8:1;9:-,0:-;1:-;2:-;3:7;4:9;5:7;6:8;7:7;8:9;9:-,3@0=1;3@2=2;3@7=1;4@2=1;4@9=1;5@9=1;5@4=1;5@8=1;6@4=1;6@1=1;7@0=1;7@2=1;7@7=2;7@9=1;7@8=1;8@2=1;8@9=1;8@3=1,"0,2,7,9,4,8,1,3",20,18,18,0,1.0,0.391620953179208,0.6666666666666666,0.024954286512541387,0.0,0.0,0.30000000000000004,0.18980002403259277,Feasible
801,800,11,7,4,"ADD:0,5;ADD:0,9;ADD:2,5;ADD:3,8;ADD:4,8;ADD:5,2;ADD:7,2;REMOVE:3,7;REMOVE:4,9;REMOVE:5,7;REMOVE:6,8",0:-;1:-;2:-;3:7;4:9;5:7;6:8;7:7;8:9;9:-,0:5|9;1:-;2:5;3:8;4:8;5:2;6:-;7:2|7;8:9;9:-,0@5=1;0@9=1;2@5=1;3@2=2;3@4=3;3@7=3;3@8=2;4@5=1;4@2=1;4@6=1;5@2=2;5@0=1;7@5=1;7@2=1;7@4=2;7@0=6;7@1=1;7@3=1;8@9=1;8@2=1;8@1=1,"5,9,2,4,7,8,6,0,1,3",34,21,21,0,1.0,-0.0061599330893887805,0.6666666666666666,0.027173400243944563,0.0,0.0,0.7,0.204010009765625,Feasible
802,801,11,5,6,"ADD:0,4;ADD:1,7;ADD:2,8;ADD:4,2;ADD:8,7;REMOVE:0,5;REMOVE:0,9;REMOVE:2,5;REMOVE:4,8;REMOVE:7,2;REMOVE:8,9",0:5|9;1:-;2:5;3:8;4:8;5:2;6:-;7:2|7;8:9;9:-,0:4;1:7;2:8;3:8;4:2;5:2;6:-;7:7;8:7;9:-,0@4=1;1@4=2;1@1=2;1@2=2;1@3=1;1@8=1;2@4=1;2@1=1;3@4=3;3@1=2;3@2=1;3@8=1;4@4=2;4@2=1;4@9=1;5@2=1;5@0=1;7@4=1;7@1=1;7@2=1;7@3=2;7@9=1;7@0=2;7@6=1;8@4=1;8@0=1,"4,1,2,3,8,9,0,6",35,26,26,0,1.0,0.17857411628792486,0.6666666666666666,0.011907449621258205,0.0,0.0,0.5,0.20870590209960938,Feasible
803,802,4,2,2,"ADD:3,9;ADD:6,8;REMOVE:0,4;REMOVE:3,8",0:4;1:7;2:8;3:8;4:2;5:2;6:-;7:7;8:7;9:-,0:-;1:7;2:8;3:9;4:2;5:2;6:8;7:7;8:7;9:-,1@3=1;1@4=2;1@7=1;1@9=1;2@4=1;2@1=2;2@5=1;2@6=1;2@8=1;3@1=1;3@2=1;4@3=1;4@4=1;4@5=3;4@8=1;4@2=1;5@2=1;6@6=1;6@8=1;6@2=1;7@3=2;7@4=1;7@9=2;7@1=1;7@2=2;8@7=1,"3,4,7,9,1,5,6,8,2",33,26,26,0,1.0,0.06883819516117129,0.25,0.01883819516117131,0.0,0.0,0.2,0.20468878746032715,Feasible
804,803,11,5,6,"ADD:3,2;ADD:4,7;ADD:5,1;ADD:6,9;ADD:7,9;REMOVE:1,7;REMOVE:3,9;REMOVE:4,2;REMOVE:5,2;REMOVE:6,8;REMOVE:7,7",0:-;1:7;2:8;3:9;4:2;5:2;6:8;7:7;8:7;9:-,0:-;1:-;2:8;3:2;4:7;5:1;6:9;7:9;8:7;9:-,2@1=1;2@2=2;2@4=1;3@4=1;3@0=1;3@3=1;3@5=1;4@2=1;4@3=1;4@7=1;5@1=3;6@1=1;6@2=2;7@1=1;7@2=1;7@9=1;8@4=1;8@3=1,"1,2,4,0,3,5,7,9",22,18,18,0,1.0,0.27509572819234573,0.75,0.025095728192345707,0.0,0.0,0.5,0.18812012672424316,Feasible
805,804,12,6,6,"ADD:2,4;ADD:3,8;ADD:5,6;ADD:7,2;ADD:7,8;ADD:8,9;REMOVE:2,8;REMOVE:3,2;REMOVE:5,1;REMOVE:6,9;REMOVE:7,9;REMOVE:8,7",0:-;1:-;2:8;3:2;4:7;5:1;6:9;7:9;8:7;9:-,0:-;1:-;2:4;3:8;4:7;5:6;6:-;7:2|8;8:9;9:-,2@4=1;3@4=1;3@2=1;3@5=1;3@7=1;3@8=1;4@4=1;4@7=2;4@0=1;4@1=1;4@6=1;5@6=1;7@4=2;7@2=1;7@5=2;7@0=1;7@1=1;8@9=1,"4,2,5,7,8,0,1,6,9",21,18,18,0,1.0,0.29165213803146306,0.8571428571428571,0.03450928088860595,0.0,0.0,0.6,0.19778203964233398,Feasible
806,805,11,5,6,"ADD:2,3;ADD:3,7;ADD:4,3;ADD:5,7;ADD:8,1;REMOVE:2,4;REMOVE:3,8;REMOVE:4,7;REMOVE:5,6;REMOVE:7,2;REMOVE:8,9",0:-;1:-;2:4;3:8;4:7;5:6;6:-;7:2|8;8:9;9:-,0:-;1:-;2:3;3:7;4:3;5:7;6:-;7:8;8:1;9:-,2@1=1;2@3=1;3@1=1;3@4=1;3@6=1;3@7=1;4@3=1;4@2=1;5@0=1;5@8=1;7@8=1;7@5=1;8@1=1,"1,3,4,6,7,2,0,8,5",13,13,13,0,1.0,0.3957556243208743,0.8571428571428571,0.038612767178017204,0.0,0.0,0.5,0.18588685989379883,Feasible
807,806,8,4,4,"ADD:2,2;ADD:3,0;ADD:4,1;ADD:8,2;REMOVE:2,3;REMOVE:3,7;REMOVE:4,3;REMOVE:8,1",0:-;1:-;2:3;3:7;4:3;5:7;6:-;7:8;8:1;9:-,0:-;1:-;2:2;3:0;4:1;5:7;6:-;7:8;8:2;9:-,2@2=1;3@0=1;4@1=1;4@3=1;4@6=1;5@0=1;5@4=1;7@1=2;7@4=5;7@7=3;7@8=1;8@2=1;8@3=1;8@4=1,"2,0,1,3,6,4,7,8",21,14,14,0,1.0,0.29116110800379613,0.6666666666666666,0.024494441337129497,0.0,0.0,0.4,0.18506693840026855,Feasible
808,807,11,6,5,"ADD:1,7;ADD:2,0;ADD:3,5;ADD:4,2;ADD:5,3;ADD:7,7;REMOVE:2,2;REMOVE:3,0;REMOVE:4,1;REMOVE:5,7;REMOVE:7,8",0:-;1:-;2:2;3:0;4:1;5:7;6:-;7:8;8:2;9:-,0:-;1:7;2:0;3:5;4:2;5:3;6:-;7:7;8:2;9:-,1@1=1;1@4=2;1@7=2;1@8=1;1@9=1;2@7=2;2@0=1;2@5=1;3@5=1;4@4=1;4@9=2;4@5=1;4@2=1;5@1=1;5@7=1;5@9=1;5@5=1;7@1=2;7@4=1;7@7=1;7@9=1;7@2=2;8@4=1;8@9=1;8@5=1,"1,4,7,8,9,0,5,2",31,25,25,0,1.0,0.2529065832231312,0.8333333333333334,0.01957324988979777,0.0,0.0,0.6,0.21860313415527344,Feasible
809,808,16,9,7,"ADD:1,2;ADD:2,7;ADD:3,7;ADD:4,8;ADD:5,9;ADD:6,6;ADD:7,2;ADD:7,8;ADD:8,4;REMOVE:1,7;REMOVE:2,0;REMOVE:3,5;REMOVE:4,2;REMOVE:5,3;REMOVE:7,7;REMOVE:8,2",0:-;1:7;2:0;3:5;4:2;5:3;6:-;7:7;8:2;9:-,0:-;1:2;2:7;3:7;4:8;5:9;6:6;7:2|8;8:4;9:-,1@2=1;1@5=1;1@9=1;2@2=2;2@0=1;2@1=3;2@4=1;3@2=1;3@0=1;3@4=3;3@3=1;3@7=1;4@2=1;4@1=1;4@4=2;5@9=1;5@6=1;6@4=1;6@6=1;7@2=1;7@5=1;7@4=2;7@3=1;7@6=2;7@8=1;8@4=1,"2,5,9,0,1,4,3,7,6,8",34,26,26,0,1.0,0.12018356946713249,1.0,0.020183569467132338,0.0,0.0,0.8999999999999999,0.2525458335876465,Feasible
810,809,13,7,6,"ADD:1,8;ADD:2,4;ADD:3,2;ADD:5,2;ADD:6,5;ADD:6,8;ADD:7,6;REMOVE:1,2;REMOVE:2,7;REMOVE:3,7;REMOVE:6,6;REMOVE:7,2;REMOVE:7,8",0:-;1:2;2:7;3:7;4:8;5:9;6:6;7:2|8;8:4;9:-,0:-;1:8;2:4;3:2;4:8;5:2|9;6:5|8;7:6;8:4;9:-,1@4=1;1@8=1;2@4=1;3@4=1;3@2=2;3@5=1;3@7=1;3@9=1;4@4=1;4@8=1;4@2=2;4@1=1;4@6=1;5@2=1;5@5=1;5@9=1;5@6=1;6@8=1;6@2=4;6@5=1;6@6=1;6@0=1;7@8=1;7@9=2;7@1=1;7@6=1;8@4=1,"4,8,2,5,7,9,1,6,0",33,27,27,0,1.0,0.0005807912734472342,0.6666666666666666,0.033914124606780574,0.0,0.0,0.7,0.24910902976989746,Feasible
811,810,14,6,8,"ADD:2,8;ADD:3,7;ADD:5,6;ADD:6,6;ADD:7,7;ADD:8,7;REMOVE:2,4;REMOVE:3,2;REMOVE:5,2;REMOVE:5,9;REMOVE:6,5;REMOVE:6,8;REMOVE:7,6;REMOVE:8,4",0:-;1:8;2:4;3:2;4:8;5:2|9;6:5|8;7:6;8:4;9:-,0:-;1:8;2:8;3:7;4:8;5:6;6:6;7:7;8:7;9:-,1@4=2;1@8=1;2@1=1;2@2=2;2@5=1;2@6=1;3@4=1;3@7=1;4@4=1;4@8=1;4@5=1;4@6=1;5@6=1;6@6=1;7@8=1;7@1=1;7@0=1;7@9=1;8@4=1;8@1=1;8@2=2;8@6=1;8@0=1,"4,8,1,2,5,6,7,0,9",26,23,23,0,1.0,0.219606031961194,0.8,0.01960603196119392,0.0,0.0,0.6,0.21926093101501465,Feasible
812,811,9,5,4,"ADD:1,9;ADD:2,7;ADD:5,7;ADD:6,2;ADD:8,3;REMOVE:2,8;REMOVE:5,6;REMOVE:6,6;REMOVE:8,7",0:-;1:8;2:8;3:7;4:8;5:6;6:6;7:7;8:7;9:-,0:-;1:8|9;2:7;3:7;4:8;5:7;6:2;7:7;8:3;9:-,1@2=1;1@6=1;1@8=1;1@9=1;2@2=3;2@0=1;2@7=1;3@7=1;3@4=2;4@2=1;4@8=1;4@5=1;5@7=1;5@1=2;6@2=1;6@8=2;6@4=1;6@3=1;7@8=1;7@0=1;7@7=2;7@4=1;8@1=1;8@3=1,"2,6,8,9,0,7,4,5,1,3",30,24,24,0,1.0,0.03129808880590079,0.5,0.03129808880590079,0.0,0.0,0.5,0.22383618354797363,Feasible
813,812,15,7,8,"ADD:1,2;ADD:2,9;ADD:4,5;ADD:5,2;ADD:6,8;ADD:7,2;ADD:8,7;REMOVE:1,8;REMOVE:1,9;REMOVE:2,7;REMOVE:4,8;REMOVE:5,7;REMOVE:6,2;REMOVE:7,7;REMOVE:8,3",0:-;1:8|9;2:7;3:7;4:8;5:7;6:2;7:7;8:3;9:-,0:-;1:2;2:9;3:7;4:5;5:2;6:8;7:2;8:7;9:-,1@0=1;1@2=1;1@3=1;2@9=1;3@2=1;3@9=1;3@4=1;3@7=1;4@2=3;4@5=1;5@2=1;5@9=1;5@8=1;6@4=1;6@8=1;6@6=1;7@0=1;7@2=3;7@7=1;7@5=2;7@8=2;8@0=1;8@9=1;8@7=1,"0,2,3,9,4,7,5,8,6",30,24,24,0,1.0,0.2201809101400677,0.8888888888888888,0.031292021251178755,0.0,0.0,0.7,0.20716094970703125,Feasible
814,813,12,5,7,"ADD:4,7;ADD:5,8;ADD:6,9;ADD:7,8;ADD:7,9;REMOVE:1,2;REMOVE:2,9;REMOVE:3,7;REMOVE:4,5;REMOVE:5,2;REMOVE:6,8;REMOVE:7,2",0:-;1:2;2:9;3:7;4:5;5:2;6:8;7:2;8:7;9:-,0:-;1:-;2:-;3:-;4:7;5:8;6:9;7:8|9;8:7;9:-,4@1=1;4@3=1;4@4=1;4@8=1;5@1=1;5@4=2;6@1=1;6@2=1;6@6=1;7@1=1;7@4=1;7@5=3;7@9=1;8@2=1;8@0=1;8@7=1,"1,3,4,8,2,6,5,9,0,7",19,16,16,0,1.0,0.3853835950335216,0.875,0.010383595033521546,0.0,0.0,0.5,0.2054579257965088,Feasible
815,814,13,7,6,"ADD:2,2;ADD:3,4;ADD:4,4;ADD:5,4;ADD:6,5;ADD:7,7;ADD:8,8;REMOVE:4,7;REMOVE:5,8;REMOVE:6,9;REMOVE:7,8;REMOVE:7,9;REMOVE:8,7",0:-;1:-;2:-;3:-;4:7;5:8;6:9;7:8|9;8:7;9:-,0:-;1:-;2:2;3:4;4:4;5:4;6:5;7:7;8:8;9:-,2@0=1;2@2=1;2@4=1;3@4=1;4@2=1;4@4=1;5@4=1;6@0=1;6@2=1;6@5=2;7@0=1;7@2=1;7@4=4;7@1=2;7@8=1;7@9=1;8@2=1;8@1=1;8@8=1,"0,2,4,5,1,8,9",24,19,19,0,1.0,0.3308581644353088,1.0,0.030858164435308644,0.0,0.0,0.7,0.18848609924316406,Feasible
816,815,14,7,7,"ADD:2,7;ADD:3,8;ADD:4,8;ADD:5,5;ADD:6,3;ADD:7,8;ADD:8,5;REMOVE:2,2;REMOVE:3,4;REMOVE:4,4;REMOVE:5,4;REMOVE:6,5;REMOVE:7,7;REMOVE:8,8",0:-;1:-;2:2;3:4;4:4;5:4;6:5;7:7;8:8;9:-,0:-;1:-;2:7;3:8;4:8;5:5;6:3;7:8;8:5;9:-,2@1=1;2@2=4;2@6=1;2@7=1;3@2=1;3@4=1;3@8=1;4@1=1;4@2=2;4@4=1;4@5=1;5@5=1;5@3=1;6@1=1;6@5=1;6@3=1;7@1=4;7@2=1;7@6=1;7@4=1;7@8=1;8@2=1;8@5=1;8@3=1,"1,2,6,7,4,8,5,3",31,24,24,0,1.0,0.3206226675283168,1.0,0.02062266752831685,0.0,0.0,0.7,0.20522689819335938,Feasible
817,816,16,9,7,"ADD:0,8;ADD:1,1;ADD:2,2;ADD:4,7;ADD:5,7;ADD:6,7;ADD:7,2;ADD:7,7;ADD:8,7;REMOVE:2,7;REMOVE:3,8;REMOVE:4,8;REMOVE:5,5;REMOVE:6,3;REMOVE:7,8;REMOVE:8,5",0:-;1:-;2:7;3:8;4:8;5:5;6:3;7:8;8:5;9:-,0:8;1:1;2:2;3:-;4:7;5:7;6:7;7:2|7;8:7;9:-,0@1=2;0@4=2;0@6=1;0@8=1;1@1=1;2@4=1;2@0=1;2@2=2;2@3=1;4@4=1;4@7=3;4@9=1;5@4=2;5@0=1;6@6=1;6@0=1;6@9=1;7@4=2;7@6=1;7@0=1;7@2=3;7@3=1;7@9=1;7@5=1;8@4=1;8@3=1;8@7=1,"1,4,6,8,0,2,3,7,9,5",36,27,27,0,1.0,0.13362419020836858,1.0,0.03362419020836853,0.0,0.0,0.8999999999999999,0.23413467407226562,Feasible
818,817,15,8,7,"ADD:0,2;ADD:2,8;ADD:3,8;ADD:3,9;ADD:4,8;ADD:5,2;ADD:6,9;ADD:7,3;REMOVE:0,8;REMOVE:1,1;REMOVE:2,2;REMOVE:4,7;REMOVE:5,7;REMOVE:6,7;REMOVE:7,7",0:8;1:1;2:2;3:-;4:7;5:7;6:7;7:2|7;8:7;9:-,0:2;1:-;2:8;3:8|9;4:8;5:2;6:9;7:2|3;8:7;9:-,0@2=1;0@4=2;0@5=1;0@7=1;0@9=3;2@2=2;2@4=1;2@6=2;2@8=1;3@5=1;3@9=1;3@6=1;4@8=1;4@1=1;5@2=1;6@2=2;6@6=2;6@1=1;7@2=1;7@4=1;7@5=2;7@1=1;7@3=1;8@2=2;8@4=1;8@9=1;8@1=2;8@0=1,"2,4,5,7,9,6,8,1,3,0",38,28,28,0,1.0,-0.005375040652550234,0.7777777777777778,0.016847181569671858,0.0,0.0,0.7999999999999999,0.2269289493560791,Feasible
819,818,15,7,8,"ADD:0,7;ADD:3,2;ADD:4,7;ADD:5,5;ADD:5,8;ADD:7,7;ADD:8,4;REMOVE:0,2;REMOVE:3,8;REMOVE:3,9;REMOVE:4,8;REMOVE:5,2;REMOVE:6,9;REMOVE:7,3;REMOVE:8,7",0:2;1:-;2:8;3:8|9;4:8;5:2;6:9;7:2|3;8:7;9:-,0:7;1:-;2:8;3:2;4:7;5:5|8;6:-;7:2|7;8:4;9:-,0@4=1;0@9=1;2@4=1;2@1=1;3@2=1;4@4=1;4@3=1;5@1=1;5@0=1;5@5=1;7@4=1;7@1=2;7@2=1;7@3=1;7@0=2;7@5=1;7@7=1;8@4=2,"4,9,1,2,3,0,5,7",21,18,18,0,1.0,0.12936747658792314,0.8,0.029367476587923005,0.0,0.0,0.7,0.1917581558227539,Feasible
820,819,17,8,9,"ADD:1,3;ADD:2,9;ADD:3,4;ADD:4,8;ADD:5,7;ADD:6,8;ADD:7,8;ADD:8,9;REMOVE:0,7;REMOVE:2,8;REMOVE:3,2;REMOVE:4,7;REMOVE:5,5;REMOVE:5,8;REMOVE:7,2;REMOVE:7,7;REMOVE:8,4",0:7;1:-;2:8;3:2;4:7;5:5|8;6:-;7:2|7;8:4;9:-,0:-;1:3;2:9;3:4;4:8;5:7;6:8;7:8;8:9;9:-,1@3=1;2@1=1;2@2=1;3@4=1;4@4=1;4@8=1;5@1=2;5@0=1;6@8=1;7@1=1;7@2=2;7@4=2;7@5=1;7@6=1;7@7=4;8@3=1;8@2=1;8@9=1,"3,1,2,4,8,0,5,6,7,9",24,18,18,0,1.0,0.22107744115516847,1.0,0.02107744115516833,0.0,0.0,0.7999999999999999,0.20534515380859375,Feasible
821,820,10,4,6,"ADD:4,7;ADD:6,7;ADD:7,7;ADD:8,4;REMOVE:1,3;REMOVE:2,9;REMOVE:4,8;REMOVE:6,8;REMOVE:7,8;REMOVE:8,9",0:-;1:3;2:9;3:4;4:8;5:7;6:8;7:8;8:9;9:-,0:-;1:-;2:-;3:4;4:7;5:7;6:7;7:7;8:4;9:-,3@4=1;4@4=2;4@3=1;4@6=1;5@7=1;6@0=1;6@9=1;7@4=4;7@0=1;7@1=1;7@2=1;8@4=1,"4,3,6,7,0,9,1,2",16,12,12,0,1.0,0.3675709599939947,0.75,0.017570959993994672,0.0,0.0,0.4,0.1824352741241455,Feasible
822,821,13,8,5,"ADD:0,7;ADD:1,7;ADD:2,3;ADD:3,3;ADD:4,8;ADD:6,4;ADD:7,5;ADD:8,7;REMOVE:3,4;REMOVE:4,7;REMOVE:6,7;REMOVE:7,7;REMOVE:8,4",0:-;1:-;2:-;3:4;4:7;5:7;6:7;7:7;8:4;9:-,0:7;1:7;2:3;3:3;4:8;5:7;6:4;7:5;8:7;9:-,0@1=3;0@3=2;0@4=1;0@7=1;0@8=1;1@0=1;1@2=1;1@6=1;2@3=1;3@3=1;4@1=1;4@4=1;4@2=1;5@4=2;5@8=1;5@9=1;6@4=1;6@2=1;7@2=1;7@5=1;8@4=1;8@9=1,"1,3,4,7,8,0,2,6,9,5",26,22,22,0,1.0,0.05192928905110239,0.8333333333333334,0.018595955717768963,0.0,0.0,0.7999999999999999,0.20610618591308594,Feasible
823,822,18,9,9,"ADD:0,8;ADD:1,3;ADD:2,4;ADD:3,7;ADD:4,7;ADD:5,8;ADD:6,7;ADD:7,7;ADD:8,9;REMOVE:0,7;REMOVE:1,7;REMOVE:2,3;REMOVE:3,3;REMOVE:4,8;REMOVE:5,7;REMOVE:6,4;REMOVE:7,5;REMOVE:8,7",0:7;1:7;2:3;3:3;4:8;5:7;6:4;7:5;8:7;9:-,0:8;1:3;2:4;3:7;4:7;5:8;6:7;7:7;8:9;9:-,0@1=2;0@2=1;0@4=1;0@6=1;1@1=2;1@3=2;1@5=1;2@4=1;3@1=2;3@2=1;3@3=2;3@8=1;4@2=1;4@3=2;4@7=1;5@1=1;5@4=1;6@4=1;6@3=1;6@8=1;6@0=1;7@4=2;7@8=1;7@7=2;7@0=1;8@6=1;8@9=3,"1,2,4,6,3,5,8,7,0,9",37,27,27,0,1.0,0.12443214550807924,1.0,0.024432145508079237,0.0,0.0,0.8999999999999999,0.2193751335144043,Feasible
824,823,10,4,6,"ADD:0,7;ADD:1,2;ADD:3,9;ADD:8,7;REMOVE:0,8;REMOVE:1,3;REMOVE:2,4;REMOVE:3,7;REMOVE:5,8;REMOVE:8,9",0:8;1:3;2:4;3:7;4:7;5:8;6:7;7:7;8:9;9:-,0:7;1:2;2:-;3:9;4:7;5:-;6:7;7:7;8:7;9:-,0@1=1;0@2=1;0@3=3;0@4=2;1@2=2;1@3=1;1@4=1;1@5=2;1@8=1;3@9=1;4@1=1;4@8=1;4@0=1;6@1=1;6@4=4;6@8=1;6@9=1;6@0=1;7@2=1;7@4=1;7@9=1;7@6=1;8@1=1;8@3=1;8@8=1;8@0=2,"1,2,3,4,5,8,9,0,6",35,26,26,0,1.0,0.2758081645085205,0.6666666666666666,0.009141497841853918,0.0,0.0,0.4,0.21403098106384277,Feasible
825,824,12,6,6,"ADD:1,7;ADD:3,7;ADD:4,4;ADD:5,7;ADD:7,2;ADD:8,9;REMOVE:1,2;REMOVE:3,9;REMOVE:4,7;REMOVE:6,7;REMOVE:7,7;REMOVE:8,7",0:7;1:2;2:-;3:9;4:7;5:-;6:7;7:7;8:7;9:-,0:7;1:7;2:-;3:7;4:4;5:7;6:-;7:2;8:9;9:-,0@0=1;0@1=1;0@3=1;0@7=1;0@8=2;0@9=1;1@1=1;1@7=1;1@4=1;3@1=1;3@7=1;4@4=1;5@9=1;5@4=1;7@0=2;7@8=2;7@4=1;7@2=2;7@5=1;8@1=1;8@9=1;8@2=3,"0,1,3,7,8,9,4,2,5",28,22,22,0,1.0,0.2803574822060423,0.8571428571428571,0.023214625063185185,0.0,0.0,0.6,0.20725607872009277,Feasible
826,825,15,9,6,"ADD:0,3;ADD:1,1;ADD:2,2;ADD:3,8;ADD:4,7;ADD:5,9;ADD:6,7;ADD:7,8;ADD:8,8;REMOVE:0,7;REMOVE:1,7;REMOVE:4,4;REMOVE:5,7;REMOVE:7,2;REMOVE:8,9",0:7;1:7;2:-;3:7;4:4;5:7;6:-;7:2;8:9;9:-,0:3;1:1;2:2;3:7|8;4:7;5:9;6:7;7:8;8:8;9:-,0@2=1;0@3=1;0@5=1;0@7=2;1@1=1;2@2=1;3@2=2;3@3=1;3@5=1;3@1=1;3@4=2;3@6=1;3@8=1;4@3=1;4@7=1;4@4=1;5@9=1;6@2=2;6@7=2;6@4=1;6@6=1;7@2=2;7@5=1;7@1=1;7@6=1;7@8=1;8@2=1;8@8=1,"2,3,5,7,1,4,6,8,9",34,28,28,0,1.0,-0.011778142098363809,0.8571428571428571,0.031079000758778976,0.0,0.0,0.8999999999999999,0.23045587539672852,Feasible
827,826,15,6,9,"ADD:0,9;ADD:2,8;ADD:3,4;ADD:4,3;ADD:5,8;ADD:6,5;REMOVE:0,3;REMOVE:1,1;REMOVE:2,2;REMOVE:3,7;REMOVE:3,8;REMOVE:4,7;REMOVE:5,9;REMOVE:6,7;REMOVE:8,8",0:3;1:1;2:2;3:7|8;4:7;5:9;6:7;7:8;8:8;9:-,0:9;1:-;2:8;3:4;4:3;5:8;6:5;7:8;8:-;9:-,0@1=1;0@2=1;0@6=1;2@1=1;2@4=1;3@4=2;4@3=1;5@1=1;5@2=2;5@4=1;6@5=1;7@1=2;7@5=1,"1,2,6,4,3,5",16,13,13,0,1.0,0.32229715127906133,0.9,0.022297151279061282,0.0,0.0,0.6,0.17477917671203613,Feasible
828,827,14,7,7,"ADD:0,7;ADD:2,2;ADD:3,7;ADD:4,5;ADD:6,7;ADD:7,7;ADD:8,9;REMOVE:0,9;REMOVE:2,8;REMOVE:3,4;REMOVE:4,3;REMOVE:5,8;REMOVE:6,5;REMOVE:7,8",0:9;1:-;2:8;3:4;4:3;5:8;6:5;7:8;8:-;9:-,0:7;1:-;2:2;3:7;4:5;5:-;6:7;7:7;8:9;9:-,0@1=1;0@3=1;0@4=2;0@7=2;0@8=1;2@2=1;3@7=1;3@0=1;3@6=2;4@5=1;6@3=1;6@4=1;7@1=1;7@3=1;7@4=1;7@2=1;8@9=1,"1,3,4,7,8,2,0,6,5,9",20,17,17,0,1.0,0.3312113064100024,1.0,0.031211306410002373,0.0,0.0,0.7,0.19717693328857422,Feasible
829,828,12,7,5,"ADD:0,8;ADD:3,2;ADD:4,7;ADD:5,7;ADD:6,2;ADD:7,8;ADD:8,8;REMOVE:2,2;REMOVE:3,7;REMOVE:4,5;REMOVE:7,7;REMOVE:8,9",0:7;1:-;2:2;3:7;4:5;5:-;6:7;7:7;8:9;9:-,0:7|8;1:-;2:-;3:2;4:7;5:7;6:2|7;7:8;8:8;9:-,0@1=3;0@2=1;0@4=1;0@5=1;0@7=2;0@8=1;0@9=2;3@4=1;3@5=1;3@7=1;3@0=1;4@1=3;4@2=1;4@4=1;4@7=1;4@9=1;5@4=2;5@0=1;6@2=1;6@4=1;6@5=2;6@9=1;6@0=1;6@3=1;6@6=1;7@1=1;7@2=2;7@4=2;7@5=2;7@7=1;7@8=1;8@2=1;8@5=2;8@6=1,"1,2,4,5,7,8,9,0,3,6",46,34,34,0,1.0,0.028656145872176908,0.7142857142857143,0.01437043158646259,0.0,0.0,0.7,0.24886798858642578,Feasible
830,829,10,5,5,"ADD:1,1;ADD:5,9;ADD:6,8;ADD:7,3;ADD:7,7;REMOVE:0,8;REMOVE:5,7;REMOVE:6,2;REMOVE:6,7;REMOVE:7,8",0:7|8;1:-;2:-;3:2;4:7;5:7;6:2|7;7:8;8:8;9:-,0:7;1:1;2:-;3:2;4:7;5:9;6:8;7:3|7;8:8;9:-,0@0=2;0@1=2;0@3=2;0@4=1;1@1=1;3@2=2;4@4=3;4@2=1;4@7=1;5@1=1;5@2=1;5@6=1;6@4=1;6@7=1;6@6=1;6@5=1;7@3=1;7@2=1;7@7=1;7@6=1;7@5=1;8@1=1;8@4=1;8@2=1,"0,1,3,4,2,7,6,5",30,24,24,0,1.0,0.07773024921879113,0.5555555555555556,0.022174693663235583,0.0,0.0,0.5,0.21697521209716797,Feasible
831,830,13,6,7,"ADD:0,8;ADD:3,7;ADD:4,8;ADD:5,6;ADD:6,9;ADD:8,7;REMOVE:1,1;REMOVE:3,2;REMOVE:4,7;REMOVE:5,9;REMOVE:6,8;REMOVE:7,3;REMOVE:8,8",0:7;1:1;2:-;3:2;4:7;5:9;6:8;7:3|7;8:8;9:-,0:7|8;1:-;2:-;3:7;4:8;5:6;6:9;7:7;8:7;9:-,0@0=1;0@1=1;0@2=2;0@4=4;0@5=1;0@6=1;0@8=1;3@4=2;3@7=1;4@1=1;4@4=1;5@6=1;6@2=1;6@6=1;7@4=2;7@9=1;8@2=3;8@4=1;8@6=1;8@8=1;8@9=1;8@3=1,"0,1,2,4,5,6,8,7,9,3",30,22,22,0,1.0,0.1862526637973395,0.7777777777777778,0.008474886019561726,0.0,0.0,0.6,0.22441601753234863,Feasible
832,831,13,7,6,"ADD:3,9;ADD:4,6;ADD:5,7;ADD:6,0;ADD:6,7;ADD:7,1;ADD:7,3;REMOVE:0,8;REMOVE:3,7;REMOVE:4,8;REMOVE:5,6;REMOVE:6,9;REMOVE:7,7",0:7|8;1:-;2:-;3:7;4:8;5:6;6:9;7:7;8:7;9:-,0:7;1:-;2:-;3:9;4:6;5:7;6:0|7;7:1|3;8:7;9:-,0@2=1;0@4=1;0@7=1;0@9=1;3@7=1;3@9=1;4@4=1;4@6=1;5@7=1;6@7=1;6@0=1;6@1=1;6@5=2;7@2=1;7@7=1;7@1=3;7@5=1;7@3=1;8@0=1;8@3=1,"2,4,7,9,6,0,1,5,3",23,20,20,0,1.0,0.09711630983548236,0.75,0.047116309835482324,0.0,0.0,0.7,0.21379899978637695,Feasible
833,832,11,5,6,"ADD:2,2;ADD:3,8;ADD:4,4;ADD:5,2;ADD:7,2;REMOVE:3,9;REMOVE:4,6;REMOVE:5,7;REMOVE:6,0;REMOVE:7,1;REMOVE:7,3",0:7;1:-;2:-;3:9;4:6;5:7;6:0|7;7:1|3;8:7;9:-,0:7;1:-;2:2;3:8;4:4;5:2;6:7;7:2;8:7;9:-,0@0=1;0@1=1;0@3=1;0@4=3;0@6=1;0@8=1;0@9=1;2@2=1;3@8=2;3@5=1;4@4=1;5@0=1;5@4=1;5@2=1;6@3=1;6@4=1;7@3=1;7@4=1;7@9=1;7@2=3;7@5=1;8@0=1;8@6=1,"0,1,3,4,6,8,9,2,5",28,23,23,0,1.0,0.19310097255658365,0.6666666666666666,0.026434305889917006,0.0,0.0,0.5,0.21167492866516113,Feasible
834,833,12,6,6,"ADD:2,1;ADD:3,3;ADD:4,3;ADD:5,4;ADD:6,4;ADD:7,8;REMOVE:2,2;REMOVE:3,8;REMOVE:4,4;REMOVE:5,2;REMOVE:6,7;REMOVE:7,2",0:7;1:-;2:2;3:8;4:4;5:2;6:7;7:2;8:7;9:-,0:7;1:-;2:1;3:3;4:3;5:4;6:4;7:8;8:7;9:-,0@3=1;0@4=1;0@7=1;0@9=2;2@1=2;3@3=1;4@3=1;5@4=1;6@4=1;7@4=1;7@1=1;7@2=3;8@4=1;8@9=1,"3,4,7,9,1,2",18,14,14,0,1.0,0.18965633614767508,0.75,0.03965633614767506,0.0,0.0,0.6,0.17328810691833496,Feasible
835,834,13,6,7,"ADD:3,4;ADD:4,7;ADD:5,7;ADD:6,3;ADD:7,7;ADD:8,2;REMOVE:2,1;REMOVE:3,3;REMOVE:4,3;REMOVE:5,4;REMOVE:6,4;REMOVE:7,8;REMOVE:8,7",0:7;1:-;2:1;3:3;4:3;5:4;6:4;7:8;8:7;9:-,0:7;1:-;2:-;3:4;4:7;5:7;6:3;7:7;8:2;9:-,0@0=1;0@4=1;3@4=1;4@0=1;4@4=2;4@1=1;4@2=1;5@4=1;5@7=1;6@2=1;6@3=1;7@0=1;7@4=1;7@3=2;7@9=1;8@0=1;8@2=1;8@8=1,"0,4,1,2,7,3,9,8",20,18,18,0,1.0,0.2963319472240562,0.875,0.021331947224056208,0.0,0.0,0.6,0.18936514854431152,Feasible
836,835,13,7,6,"ADD:0,8;ADD:2,2;ADD:3,2;ADD:4,9;ADD:5,3;ADD:6,7;ADD:8,1;REMOVE:0,7;REMOVE:3,4;REMOVE:4,7;REMOVE:5,7;REMOVE:6,3;REMOVE:8,2",0:7;1:-;2:-;3:4;4:7;5:7;6:3;7:7;8:2;9:-,0:8;1:-;2:2;3:2;4:9;5:3;6:7;7:7;8:1;9:-,0@4=1;0@6=1;0@7=2;0@8=1;2@0=1;2@2=1;2@3=1;3@4=1;3@0=1;3@2=2;4@6=1;4@3=1;5@2=1;5@3=1;6@0=1;6@1=1;7@4=1;7@7=1;7@2=3;8@8=1;8@1=2;8@9=1,"4,6,7,8,0,2,3,1,9",27,22,22,0,1.0,0.1862467629466995,0.8571428571428571,0.029103905803842322,0.0,0.0,0.7,0.20865201950073242,Feasible
837,836,14,8,6,"ADD:0,2;ADD:0,7;ADD:2,7;ADD:3,7;ADD:4,4;ADD:5,6;ADD:7,8;ADD:8,8;REMOVE:0,8;REMOVE:2,2;REMOVE:3,2;REMOVE:4,9;REMOVE:5,3;REMOVE:8,1",0:8;1:-;2:2;3:2;4:9;5:3;6:7;7:7;8:1;9:-,0:2|7;1:-;2:7;3:7;4:4;5:6;6:7;7:7|8;8:8;9:-,0@0=1;0@1=1;0@2=2;0@3=2;0@4=3;0@5=1;0@6=1;2@1=2;2@7=1;3@0=1;3@3=1;3@4=3;3@8=2;4@4=1;5@6=1;6@2=1;6@3=1;6@7=1;6@8=1;6@9=2;7@1=1;7@2=2;7@3=1;7@5=1;7@6=1;7@7=1;7@8=2;7@9=1;8@4=1;8@5=1,"0,1,2,3,4,5,6,7,8,9",41,30,30,0,1.0,-0.028355128261504214,0.75,0.021644871738495757,0.0,0.0,0.7999999999999999,0.23261189460754395,Feasible
838,837,8,2,6,"ADD:2,9;ADD:8,9;REMOVE:0,7;REMOVE:2,7;REMOVE:4,4;REMOVE:5,6;REMOVE:7,8;REMOVE:8,8",0:2|7;1:-;2:7;3:7;4:4;5:6;6:7;7:7|8;8:8;9:-,0:2;1:-;2:9;3:7;4:-;5:-;6:7;7:7;8:9;9:-,0@0=1;0@3=2;0@4=1;0@5=1;2@3=1;2@9=1;3@0=4;3@3=1;3@9=5;3@2=2;3@6=1;3@8=2;6@0=1;6@4=1;7@4=2;7@2=3;7@6=1;7@1=2;7@7=1;8@9=1;8@1=1,"0,3,4,5,9,2,6,8,1,7",35,21,21,0,1.0,0.4083386910954832,0.6,0.008338691095483202,0.0,0.0,0.2,0.21516180038452148,Feasible
839,838,8,6,2,"ADD:0,3;ADD:2,7;ADD:3,8;ADD:4,2;ADD:5,1;ADD:8,4;REMOVE:2,9;REMOVE:8,9",0:2;1:-;2:9;3:7;4:-;5:-;6:7;7:7;8:9;9:-,0:2|3;1:-;2:7;3:7|8;4:2;5:1;6:7;7:7;8:4;9:-,0@1=3;0@2=1;0@3=1;0@4=2;0@5=1;2@1=1;2@0=1;3@1=2;3@2=5;3@3=1;3@4=1;3@5=2;3@6=1;3@7=1;4@2=3;5@1=1;6@1=1;6@4=1;6@0=1;7@1=3;7@2=1;7@4=1;7@6=1;7@9=2;8@2=1;8@4=1,"1,2,3,4,5,0,6,7,9",40,26,26,0,1.0,-0.247196763523365,0.3333333333333333,0.019469903143301673,0.0,0.0,0.6,0.21267104148864746,Feasible
840,839,10,3,7,"ADD:0,8;ADD:5,4;ADD:8,8;REMOVE:0,2;REMOVE:0,3;REMOVE:2,7;REMOVE:3,8;REMOVE:5,1;REMOVE:6,7;REMOVE:8,4",0:2|3;1:-;2:7;3:7|8;4:2;5:1;6:7;7:7;8:4;9:-,0:8;1:-;2:-;3:7;4:2;5:4;6:-;7:7;8:8;9:-,0@1=1;0@2=1;0@4=1;3@1=1;3@4=1;3@3=1;3@7=1;4@2=1;5@4=2;7@2=1;7@4=1;7@7=3;7@0=1;7@9=3;8@1=1;8@4=1,"1,2,4,3,7,0,9",21,16,16,0,1.0,0.43274572768761455,0.7,0.03274572768761466,0.0,0.0,0.30000000000000004,0.1851811408996582,Feasible
841,840,11,6,5,"ADD:0,6;ADD:3,2;ADD:4,4;ADD:5,2;ADD:6,8;ADD:8,7;REMOVE:0,8;REMOVE:3,7;REMOVE:4,2;REMOVE:5,4;REMOVE:8,8",0:8;1:-;2:-;3:7;4:2;5:4;6:-;7:7;8:8;9:-,0:6;1:-;2:-;3:2;4:4;5:2;6:8;7:7;8:7;9:-,0@1=1;0@6=1;3@0=1;3@2=1;3@3=1;3@8=1;4@4=1;5@2=1;5@5=1;5@7=1;6@1=1;6@4=1;7@0=1;7@2=2;7@4=1;7@7=1;7@9=2;8@3=1;8@8=1,"1,6,0,2,3,8,4,5,7,9",21,19,19,0,1.0,0.2557747514621357,0.8333333333333334,0.02244141812880226,0.0,0.0,0.6,0.20121288299560547,Feasible
842,841,11,6,5,"ADD:0,7;ADD:2,5;ADD:2,9;ADD:3,8;ADD:5,9;ADD:6,3;REMOVE:0,6;REMOVE:3,2;REMOVE:4,4;REMOVE:5,2;REMOVE:6,8",0:6;1:-;2:-;3:2;4:4;5:2;6:8;7:7;8:7;9:-,0:7;1:-;2:5|9;3:8;4:-;5:9;6:3;7:7;8:7;9:-,0@0=1;0@2=1;0@7=1;2@5=1;2@9=2;3@2=2;3@7=1;3@5=1;3@1=1;3@4=3;3@6=2;5@9=1;6@2=1;6@3=1;7@2=2;7@7=1;7@1=1;7@4=1;8@0=1;8@4=1,"0,2,7,5,9,1,4,6,3",26,20,20,0,1.0,0.1413767512152777,0.7142857142857143,0.027091036929563383,0.0,0.0,0.6,0.19836020469665527,Feasible
843,842,11,5,6,"ADD:3,7;ADD:4,3;ADD:6,9;ADD:7,3;ADD:8,8;REMOVE:2,5;REMOVE:3,8;REMOVE:5,9;REMOVE:6,3;REMOVE:7,7;REMOVE:8,7",0:7;1:-;2:5|9;3:8;4:-;5:9;6:3;7:7;8:7;9:-,0:7;1:-;2:9;3:7;4:3;5:-;6:9;7:3;8:8;9:-,0@0=1;0@1=2;0@2=1;0@7=1;0@9=1;2@1=1;2@2=1;3@0=1;3@2=4;3@4=2;3@6=1;4@2=1;4@3=1;6@9=1;7@1=2;7@2=3;7@3=1;8@1=1;8@5=1,"0,1,2,7,9,4,6,3,5",27,19,19,0,1.0,0.26487852884782803,0.75,0.014878528847828077,0.0,0.0,0.5,0.19994711875915527,Feasible
844,843,13,8,5,"ADD:0,8;ADD:3,8;ADD:4,0;ADD:5,7;ADD:6,7;ADD:7,7;ADD:7,8;ADD:8,4;REMOVE:3,7;REMOVE:4,3;REMOVE:6,9;REMOVE:7,3;REMOVE:8,8",0:7;1:-;2:9;3:7;4:3;5:-;6:9;7:3;8:8;9:-,0:7|8;1:-;2:9;3:8;4:0;5:7;6:7;7:7|8;8:4;9:-,0@0=1;0@1=1;0@3=1;0@4=1;0@5=2;0@6=1;0@7=1;2@9=1;3@4=2;3@5=1;3@8=1;4@0=1;5@1=1;5@4=1;5@9=1;6@0=1;6@1=1;6@4=1;6@6=1;6@8=1;6@2=1;7@0=1;7@1=1;7@3=1;7@4=1;7@5=2;7@6=1;7@8=1;7@2=3;8@4=1;8@2=2,"0,1,3,4,5,6,7,9,8,2",37,31,31,0,1.0,-0.07013797350739981,0.7142857142857143,0.015576312206885814,0.0,0.0,0.7999999999999999,0.22960734367370605,Feasible
845,844,13,5,8,"ADD:2,8;ADD:3,2;ADD:4,7;ADD:6,9;ADD:8,8;REMOVE:0,8;REMOVE:2,9;REMOVE:3,8;REMOVE:4,0;REMOVE:5,7;REMOVE:6,7;REMOVE:7,8;REMOVE:8,4",0:7|8;1:-;2:9;3:8;4:0;5:7;6:7;7:7|8;8:4;9:-,0:7;1:-;2:8;3:2;4:7;5:-;6:9;7:7;8:8;9:-,0@0=1;0@1=2;0@2=2;2@1=2;2@2=1;2@5=1;3@0=2;3@2=1;3@5=1;3@4=1;3@9=1;4@3=1;4@8=1;6@1=1;6@2=1;6@9=1;7@0=1;7@9=1;7@8=2;7@6=2;8@2=3;8@4=1;8@8=1,"0,1,2,5,4,9,3,8,6",31,23,23,0,1.0,0.309406920960864,0.8,0.009406920960863962,0.0,0.0,0.5,0.20933008193969727,Feasible
846,845,7,3,4,"ADD:4,8;ADD:6,7;ADD:8,2;REMOVE:0,7;REMOVE:4,7;REMOVE:6,9;REMOVE:8,8",0:7;1:-;2:8;3:2;4:7;5:-;6:9;7:7;8:8;9:-,0:-;1:-;2:8;3:2;4:8;5:-;6:7;7:7;8:2;9:-,2@5=1;2@6=1;3@5=1;3@0=1;3@2=1;3@4=2;3@9=1;4@5=1;4@2=1;4@4=1;4@8=1;6@0=1;6@9=1;7@0=2;7@9=1;7@3=2;7@7=2;8@5=1;8@2=1;8@4=1,"5,6,0,2,4,9,8,3,7",24,20,20,0,1.0,0.291275151902726,0.5714285714285714,0.019846580474154683,0.0,0.0,0.30000000000000004,0.2066187858581543,Feasible
847,846,12,7,5,"ADD:0,7;ADD:2,2;ADD:3,8;ADD:4,4;ADD:5,7;ADD:6,8;ADD:7,2;REMOVE:2,8;REMOVE:3,2;REMOVE:4,8;REMOVE:6,7;REMOVE:7,7",0:-;1:-;2:8;3:2;4:8;5:-;6:7;7:7;8:2;9:-,0:7;1:-;2:2;3:8;4:4;5:7;6:8;7:2;8:2;9:-,0@3=1;0@4=1;2@2=2;3@2=1;3@1=1;3@5=1;3@6=1;3@7=1;4@4=1;5@7=1;6@2=1;6@1=1;6@6=1;6@7=1;6@8=1;7@3=3;7@4=2;7@2=2;7@5=2;7@7=1;7@0=1;8@2=1,"3,4,2,1,5,6,7,8,0",28,22,22,0,1.0,0.16263558518360177,0.8333333333333334,0.02930225185026832,0.0,0.0,0.7,0.20195293426513672,Feasible
848,847,11,4,7,"ADD:3,4;ADD:6,2;ADD:7,9;ADD:8,6;REMOVE:0,7;REMOVE:2,2;REMOVE:3,8;REMOVE:5,7;REMOVE:6,8;REMOVE:7,2;REMOVE:8,2",0:7;1:-;2:2;3:8;4:4;5:7;6:8;7:2;8:2;9:-,0:-;1:-;2:-;3:4;4:4;5:-;6:2;7:9;8:6;9:-,3@2=1;3@4=2;4@4=2;6@4=1;6@0=1;6@5=1;7@2=1;7@6=1;8@6=1,"2,4,0,5,6",11,9,9,0,1.0,0.5205983254807584,0.875,0.04559832548075833,0.0,0.0,0.4,0.1596059799194336,Feasible
849,848,12,7,5,"ADD:0,2;ADD:3,7;ADD:4,7;ADD:5,1;ADD:6,7;ADD:7,2;ADD:8,8;REMOVE:3,4;REMOVE:4,4;REMOVE:6,2;REMOVE:7,9;REMOVE:8,6",0:-;1:-;2:-;3:4;4:4;5:-;6:2;7:9;8:6;9:-,0:2;1:-;2:-;3:7;4:7;5:1;6:7;7:2;8:8;9:-,0@3=1;0@4=2;0@5=1;3@0=3;3@7=1;4@0=1;4@1=1;4@2=1;5@1=1;6@7=1;7@0=1;7@2=2;7@8=1;8@8=2;8@6=1,"3,4,5,0,7,1,2,8,6",20,15,15,0,1.0,0.3342084960927467,1.0,0.03420849609274661,0.0,0.0,0.7,0.19076895713806152,Feasible
850,849,8,4,4,"ADD:3,2;ADD:5,3;ADD:6,2;ADD:8,2;REMOVE:3,7;REMOVE:5,1;REMOVE:6,7;REMOVE:8,8",0:2;1:-;2:-;3:7;4:7;5:1;6:7;7:2;8:8;9:-,0:2;1:-;2:-;3:2;4:7;5:3;6:2;7:2;8:2;9:-,0@2=1;0@3=1;0@4=1;0@5=1;0@7=2;0@8=1;0@9=1;3@2=2;3@0=1;4@9=1;4@0=2;4@1=1;5@2=1;5@3=1;6@2=2;7@2=2;7@4=2;7@9=1;8@2=1,"2,3,4,5,7,8,9,0,1",25,19,19,0,1.0,0.20617577477181592,0.5714285714285714,0.034747203343244576,0.0,0.0,0.4,0.19973492622375488,Feasible
851,850,15,9,6,"ADD:0,7;ADD:1,4;ADD:2,4;ADD:3,8;ADD:4,9;ADD:5,4;ADD:7,3;ADD:7,7;ADD:8,3;REMOVE:0,2;REMOVE:3,2;REMOVE:4,7;REMOVE:5,3;REMOVE:7,2;REMOVE:8,2",0:2;1:-;2:-;3:2;4:7;5:3;6:2;7:2;8:2;9:-,0:7;1:4;2:4;3:8;4:9;5:4;6:2;7:3|7;8:3;9:-,0@2=3;0@7=1;0@8=1;0@9=1;1@4=1;2@2=1;2@4=1;3@2=2;3@7=2;3@4=2;3@5=1;3@6=1;4@9=1;4@6=1;4@1=2;4@3=1;5@4=1;6@2=4;6@8=1;6@4=1;6@3=1;7@2=1;7@9=1;7@5=1;7@6=1;7@1=1;7@3=1;7@0=1;8@2=1;8@5=1;8@1=1;8@3=1,"2,7,8,9,4,5,6,1,3,0",41,32,32,0,1.0,-0.016950715255296123,0.8571428571428571,0.025906427601846686,0.0,0.0,0.8999999999999999,0.22833991050720215,Feasible
852,851,14,6,8,"ADD:0,8;ADD:2,5;ADD:2,9;ADD:3,7;ADD:4,2;ADD:8,8;REMOVE:0,7;REMOVE:1,4;REMOVE:2,4;REMOVE:3,8;REMOVE:4,9;REMOVE:5,4;REMOVE:7,3;REMOVE:8,3",0:7;1:4;2:4;3:8;4:9;5:4;6:2;7:3|7;8:3;9:-,0:8;1:-;2:5|9;3:7;4:2;5:-;6:2;7:7;8:8;9:-,0@1=1;0@2=1;0@4=2;2@5=1;2@9=1;3@1=1;3@4=4;3@0=3;3@3=1;3@6=1;3@8=1;4@2=1;4@9=1;4@0=1;6@2=1;7@1=1;7@2=4;7@9=2;7@3=1;7@8=1;8@2=1;8@8=1,"1,2,4,5,9,0,3,6,8",32,22,22,0,1.0,0.2159832779085572,0.8,0.0159832779085571,0.0,0.0,0.6,0.20638704299926758,Feasible
853,852,6,3,3,"ADD:4,7;ADD:5,4;ADD:8,2;REMOVE:2,5;REMOVE:4,2;REMOVE:8,8",0:8;1:-;2:5|9;3:7;4:2;5:-;6:2;7:7;8:8;9:-,0:8;1:-;2:9;3:7;4:7;5:4;6:2;7:7;8:2;9:-,0@1=1;0@2=1;0@4=3;0@5=1;2@9=1;3@1=1;3@2=2;3@4=2;3@0=1;3@3=1;3@6=1;3@8=1;4@4=1;4@0=1;4@8=2;5@2=1;5@4=1;6@2=1;6@4=1;6@3=1;7@1=2;7@2=3;7@0=1;7@7=1;8@2=1,"1,2,4,5,9,0,3,6,8,7",33,25,25,0,1.0,0.08988374186857268,0.375,0.014883741868572713,0.0,0.0,0.30000000000000004,0.2170701026916504,Feasible
854,853,14,7,7,"ADD:0,9;ADD:2,3;ADD:4,2;ADD:5,0;ADD:6,1;ADD:7,8;ADD:8,5;REMOVE:0,8;REMOVE:2,9;REMOVE:4,7;REMOVE:5,4;REMOVE:6,2;REMOVE:7,7;REMOVE:8,2",0:8;1:-;2:9;3:7;4:7;5:4;6:2;7:7;8:2;9:-,0:9;1:-;2:3;3:7;4:2;5:0;6:1;7:8;8:5;9:-,0@2=1;0@6=2;2@3=1;3@3=2;3@1=1;3@4=2;3@8=1;3@9=1;4@2=2;4@0=1;5@0=1;6@1=1;7@1=2;7@4=2;7@5=2;7@7=2;8@5=1,"2,6,3,1,4,8,9,0,5,7",25,17,17,0,1.0,0.19857208240919388,0.875,0.02357208240919385,0.0,0.0,0.7,0.19606900215148926,Feasible
855,854,13,5,8,"ADD:0,7;ADD:3,3;ADD:4,6;ADD:6,8;ADD:7,9;REMOVE:0,9;REMOVE:2,3;REMOVE:3,7;REMOVE:4,2;REMOVE:5,0;REMOVE:6,1;REMOVE:7,8;REMOVE:8,5",0:9;1:-;2:3;3:7;4:2;5:0;6:1;7:8;8:5;9:-,0:7;1:-;2:-;3:3;4:6;5:-;6:8;7:9;8:-;9:-,0@2=1;0@4=1;0@7=1;3@3=1;4@4=1;4@6=1;6@4=1;6@5=1;7@2=2;7@1=2,"2,4,7,3,6,5,1",12,10,10,0,1.0,0.5271659864945906,1.0,0.027165986494590587,0.0,0.0,0.5,0.17615795135498047,Feasible
856,855,12,7,5,"ADD:0,8;ADD:2,3;ADD:3,8;ADD:4,1;ADD:5,9;ADD:6,7;ADD:7,7;REMOVE:0,7;REMOVE:3,3;REMOVE:4,6;REMOVE:6,8;REMOVE:7,9",0:7;1:-;2:-;3:3;4:6;5:-;6:8;7:9;8:-;9:-,0:8;1:-;2:3;3:8;4:1;5:9;6:7;7:7;8:-;9:-,0@8=1;2@3=1;3@1=1;3@5=1;4@1=1;5@9=1;6@7=1;7@8=1;7@1=1;7@0=1,"8,3,1,5,9,7,0",10,10,10,0,1.0,0.35097500270152304,1.0,0.05097500270152297,0.0,0.0,0.7,0.18365693092346191,Feasible
857,856,14,9,5,"ADD:0,1;ADD:2,7;ADD:3,2;ADD:4,8;ADD:5,7;ADD:6,8;ADD:7,2;ADD:8,7;ADD:8,8;REMOVE:0,8;REMOVE:2,3;REMOVE:4,1;REMOVE:5,9;REMOVE:6,7",0:8;1:-;2:3;3:8;4:1;5:9;6:7;7:7;8:-;9:-,0:1;1:-;2:7;3:2|8;4:8;5:7;6:8;7:2|7;8:7|8;9:-,0@1=1;2@0=1;2@4=1;3@1=1;3@4=3;3@2=2;3@5=1;3@8=3;3@9=1;4@1=1;4@5=2;4@8=1;5@1=1;5@7=1;6@8=1;7@1=1;7@0=1;7@4=2;7@2=2;7@5=2;7@9=1;7@7=2;7@3=2;8@4=1;8@5=1;8@3=1;8@6=1,"1,0,4,2,5,8,9,7,3,6",38,27,27,0,1.0,-0.1522952175095197,0.7142857142857143,0.03341906820476595,0.0,0.0,0.8999999999999999,0.24415206909179688,Feasible
858,857,15,7,8,"ADD:0,8;ADD:2,4;ADD:4,9;ADD:5,3;ADD:6,5;ADD:8,2;ADD:8,9;REMOVE:0,1;REMOVE:2,7;REMOVE:3,8;REMOVE:4,8;REMOVE:5,7;REMOVE:6,8;REMOVE:8,7;REMOVE:8,8",0:1;1:-;2:7;3:2|8;4:8;5:7;6:8;7:2|7;8:7|8;9:-,0:8;1:-;2:4;3:2;4:9;5:3;6:5;7:2|7;8:2|9;9:-,0@1=2;0@2=1;0@6=2;0@7=1;0@8=1;2@4=1;3@2=4;3@4=1;3@3=1;3@5=2;3@9=1;4@7=1;4@9=1;5@3=1;6@5=1;7@1=3;7@2=1;7@7=1;7@8=1;7@3=1;7@5=2;7@9=1;7@0=1;8@2=1;8@6=1;8@5=1;8@9=1;8@0=1,"1,2,6,7,8,4,3,5,9,0",37,28,28,0,1.0,0.06496212422910341,0.7272727272727273,0.03768939695637609,0.0,0.0,0.7,0.24410104751586914,Feasible
859,858,14,7,7,"ADD:0,7;ADD:1,5;ADD:2,8;ADD:3,7;ADD:5,5;ADD:6,7;ADD:8,8;REMOVE:0,8;REMOVE:2,4;REMOVE:5,3;REMOVE:6,5;REMOVE:7,2;REMOVE:8,2;REMOVE:8,9",0:8;1:-;2:4;3:2;4:9;5:3;6:5;7:2|7;8:2|9;9:-,0:7;1:5;2:8;3:2|7;4:9;5:5;6:7;7:7;8:8;9:-,0@2=2;0@7=2;1@5=1;2@1=2;2@6=1;2@8=1;3@2=1;3@7=1;3@5=1;3@1=1;3@6=1;3@0=1;3@3=1;3@4=2;3@9=3;4@9=1;5@2=1;5@5=1;6@0=1;6@9=1;7@1=1;7@0=1;7@3=1;8@1=1;8@8=1;8@4=1,"2,7,5,1,6,8,0,3,4,9",32,26,26,0,1.0,0.027502155012429363,0.7,0.027502155012429412,0.0,0.0,0.7,0.2466411590576172,Feasible
860,859,12,5,7,"ADD:0,8;ADD:0,9;ADD:5,3;ADD:6,9;ADD:8,6;REMOVE:0,7;REMOVE:1,5;REMOVE:3,2;REMOVE:4,9;REMOVE:5,5;REMOVE:6,7;REMOVE:8,8",0:7;1:5;2:8;3:2|7;4:9;5:5;6:7;7:7;8:8;9:-,0:8|9;1:-;2:8;3:7;4:-;5:3;6:9;7:7;8:6;9:-,0@8=1;0@9=1;2@1=1;2@4=2;3@1=1;3@4=2;3@0=1;3@2=5;3@3=4;3@7=2;5@3=1;6@1=1;6@2=2;7@1=2;7@2=1;7@7=1;8@6=1,"8,9,1,4,0,2,3,7,6",29,17,17,0,1.0,0.2239765558233,0.7,0.023976555823300064,0.0,0.0,0.5,0.2307298183441162,Feasible
861,860,16,8,8,"ADD:1,9;ADD:2,7;ADD:3,8;ADD:5,7;ADD:6,2;ADD:7,2;ADD:7,8;ADD:8,4;REMOVE:0,8;REMOVE:0,9;REMOVE:2,8;REMOVE:3,7;REMOVE:5,3;REMOVE:6,9;REMOVE:7,7;REMOVE:8,6",0:8|9;1:-;2:8;3:7;4:-;5:3;6:9;7:7;8:6;9:-,0:-;1:9;2:7;3:8;4:-;5:7;6:2;7:2|8;8:4;9:-,1@9=1;2@1=1;2@3=1;2@4=2;3@1=2;3@2=1;3@5=1;3@6=1;3@7=1;5@1=2;5@3=1;5@4=3;5@2=2;5@6=2;5@7=4;5@0=1;6@9=1;6@2=1;6@5=1;6@8=1;7@1=1;7@4=2;7@2=2;7@5=1;7@0=1;7@8=1;8@4=1,"9,1,3,4,2,5,6,7,0,8",39,27,27,0,1.0,0.22857170517600778,1.0,0.028571705176007656,0.0,0.0,0.7999999999999999,0.26482582092285156,Feasible
862,861,12,5,7,"ADD:2,8;ADD:3,9;ADD:4,8;ADD:5,5;ADD:8,2;REMOVE:1,9;REMOVE:2,7;REMOVE:3,8;REMOVE:5,7;REMOVE:6,2;REMOVE:7,2;REMOVE:8,4",0:-;1:9;2:7;3:8;4:-;5:7;6:2;7:2|8;8:4;9:-,0:-;1:-;2:8;3:9;4:8;5:5;6:-;7:8;8:2;9:-,2@1=1;2@8=1;3@1=1;3@7=1;3@9=3;4@8=1;4@2=1;5@5=1;7@2=2;7@5=1;7@4=1;7@6=1;8@2=2,"1,8,7,9,2,5,4,6",17,13,13,0,1.0,0.4192615581482668,0.875,0.04426155814826678,0.0,0.0,0.5,0.2097158432006836,Feasible
863,862,9,6,3,"ADD:0,5;ADD:3,7;ADD:4,5;ADD:5,2;ADD:6,4;ADD:7,9;REMOVE:2,8;REMOVE:3,9;REMOVE:5,5",0:-;1:-;2:8;3:9;4:8;5:5;6:-;7:8;8:2;9:-,0:5;1:-;2:-;3:7;4:5|8;5:2;6:4;7:8|9;8:2;9:-,0@5=1;3@2=1;3@3=1;3@6=1;3@7=1;4@5=1;4@2=1;4@0=1;4@1=1;5@2=1;6@4=1;7@2=1;7@1=1;7@8=1;7@9=1;8@2=1;8@0=1;8@4=1,"5,2,3,6,7,0,1,4,8,9",18,18,18,0,1.0,-0.05714505061842767,0.5,0.04285494938157232,0.0,0.0,0.6,0.23832917213439941,Feasible
864,863,16,8,8,"ADD:0,2;ADD:1,7;ADD:2,9;ADD:3,8;ADD:4,7;ADD:6,9;ADD:7,7;ADD:8,6;REMOVE:0,5;REMOVE:3,7;REMOVE:4,5;REMOVE:4,8;REMOVE:5,2;REMOVE:6,4;REMOVE:7,9;REMOVE:8,2",0:5;1:-;2:-;3:7;4:5|8;5:2;6:4;7:8|9;8:2;9:-,0:2;1:7;2:9;3:8;4:7;5:-;6:9;7:7|8;8:6;9:-,0@2=2;0@3=1;0@4=1;1@2=1;1@6=1;1@7=2;2@2=1;2@9=1;3@2=1;3@6=1;3@5=1;3@8=2;4@3=1;4@4=1;4@1=1;6@3=1;6@9=1;7@2=2;7@4=1;7@6=1;7@9=1;7@5=1;7@8=1;7@1=1;8@4=1;8@6=1;8@9=1,"2,3,4,6,7,9,5,8,1",31,27,27,0,1.0,0.12059423186493312,0.8888888888888888,0.03170534297604424,0.0,0.0,0.7999999999999999,0.2694880962371826,Feasible
865,864,14,9,5,"ADD:0,7;ADD:2,7;ADD:2,8;ADD:3,4;ADD:4,3;ADD:5,8;ADD:6,7;ADD:6,8;ADD:8,8;REMOVE:0,2;REMOVE:2,9;REMOVE:3,8;REMOVE:6,9;REMOVE:8,6",0:2;1:7;2:9;3:8;4:7;5:-;6:9;7:7|8;8:6;9:-,0:7;1:7;2:7|8;3:4;4:3|7;5:8;6:7|8;7:7|8;8:8;9:-,0@0=2;0@2=2;0@4=1;0@6=1;0@8=1;0@9=1;1@0=1;1@2=1;1@4=1;1@8=2;1@3=1;1@7=1;2@2=3;2@4=3;2@6=1;2@9=1;2@7=1;2@1=2;2@5=4;3@2=3;3@4=1;4@4=2;4@3=2;4@7=1;4@1=1;4@5=1;5@2=2;5@4=1;5@1=2;6@0=1;6@4=4;6@1=1;6@5=1;7@0=1;7@4=3;7@6=2;7@9=1;7@1=1;7@5=2;8@4=1;8@8=1,"0,2,4,6,8,9,3,7,1,5",65,41,41,0,1.0,-0.3334906153085061,0.5555555555555556,0.01095382913593821,0.0,0.0,0.8999999999999999,0.29555296897888184,Feasible
866,865,11,5,6,"ADD:1,8;ADD:3,6;ADD:5,9;ADD:6,2;ADD:8,7;REMOVE:3,4;REMOVE:4,3;REMOVE:5,8;REMOVE:6,8;REMOVE:7,8;REMOVE:8,8",0:7;1:7;2:7|8;3:4;4:3|7;5:8;6:7|8;7:7|8;8:8;9:-,0:7;1:7|8;2:7|8;3:6;4:7;5:9;6:2|7;7:7;8:7;9:-,0@0=2;0@1=1;0@2=2;0@4=1;0@7=1;0@8=1;1@0=1;1@1=2;1@4=1;1@7=1;1@8=1;1@3=1;1@5=1;2@0=1;2@1=1;2@2=1;2@4=4;2@7=1;2@8=1;2@5=1;2@6=1;2@9=1;3@1=1;3@6=1;4@0=2;4@1=2;4@2=1;4@4=1;4@7=1;4@8=2;4@3=2;5@2=1;5@6=1;6@0=1;6@1=1;6@2=1;6@7=1;6@8=3;6@3=1;6@5=1;6@6=1;6@9=2;7@0=2;7@1=2;7@2=1;7@4=4;7@8=1;7@3=1;7@6=1;7@9=1;8@0=1;8@3=2,"0,1,2,4,7,8,3,5,6,9",71,52,52,0,1.0,-0.025526300762061527,0.46153846153846156,0.012935237699476927,0.0,0.0,0.5,0.31026506423950195,Feasible
867,866,10,4,6,"ADD:3,7;ADD:5,7;ADD:7,2;ADD:8,8;REMOVE:1,8;REMOVE:2,7;REMOVE:3,6;REMOVE:5,9;REMOVE:6,2;REMOVE:8,7",0:7;1:7|8;2:7|8;3:6;4:7;5:9;6:2|7;7:7;8:7;9:-,0:7;1:7;2:8;3:7;4:7;5:7;6:7;7:2|7;8:8;9:-,0@0=2;0@1=1;0@2=2;0@3=2;0@4=3;0@9=1;1@0=1;1@4=2;1@7=1;1@8=1;2@4=1;2@8=1;2@6=1;3@0=1;3@3=1;3@8=1;4@3=1;4@4=4;4@8=1;5@3=1;5@4=1;5@6=1;6@0=1;6@1=2;6@2=1;6@3=1;6@4=1;7@0=1;7@2=2;7@7=1;7@6=1;7@5=1;8@1=1;8@4=1;8@5=1,"0,1,2,3,4,9,7,8,6,5",46,35,35,0,1.0,0.11115244880934827,0.5,0.011152448809348334,0.0,0.0,0.4,0.24903178215026855,Feasible
868,867,12,7,5,"ADD:0,8;ADD:1,8;ADD:2,5;ADD:2,7;ADD:3,2;ADD:4,2;ADD:8,9;REMOVE:1,7;REMOVE:2,8;REMOVE:3,7;REMOVE:4,7;REMOVE:7,7",0:7;1:7;2:8;3:7;4:7;5:7;6:7;7:2|7;8:8;9:-,0:7|8;1:8;2:5|7;3:2;4:2;5:7;6:7;7:2;8:8|9;9:-,0@0=2;0@1=2;0@2=1;0@4=2;0@5=1;0@7=1;0@8=1;1@1=1;1@2=1;1@4=4;1@5=1;1@8=1;2@0=1;2@1=1;2@2=3;2@5=2;2@3=1;2@6=1;3@2=1;3@4=1;3@3=1;4@0=1;4@2=1;4@4=2;4@5=1;4@9=1;5@4=1;5@3=1;6@1=1;6@2=2;6@4=2;6@3=1;7@0=1;7@2=1;7@4=1;7@8=1;8@8=1;8@9=1,"0,1,2,4,5,7,8,3,6,9",50,38,38,0,1.0,-0.1804225154841782,0.5,0.01957748451582175,0.0,0.0,0.7,0.2546420097351074,Feasible
869,868,19,8,11,"ADD:1,2;ADD:2,8;ADD:3,8;ADD:4,9;ADD:5,8;ADD:6,8;ADD:7,8;ADD:8,7;REMOVE:0,8;REMOVE:1,8;REMOVE:2,5;REMOVE:2,7;REMOVE:3,2;REMOVE:4,2;REMOVE:5,7;REMOVE:6,7;REMOVE:7,2;REMOVE:8,8;REMOVE:8,9",0:7|8;1:8;2:5|7;3:2;4:2;5:7;6:7;7:2;8:8|9;9:-,0:7;1:2;2:8;3:8;4:9;5:8;6:8;7:8;8:7;9:-,0@2=2;0@3=1;0@7=1;0@8=1;1@2=2;1@0=1;1@4=3;1@5=1;2@2=1;2@4=4;2@5=1;2@1=2;3@2=1;3@4=1;3@1=1;4@1=2;4@9=1;5@8=1;6@2=1;6@5=2;6@6=1;7@2=2;7@4=3;7@5=2;7@6=1;8@4=1;8@9=1,"2,3,7,8,0,4,5,1,9,6",41,27,27,0,1.0,0.12884613448772597,0.9166666666666666,0.012179467821059326,0.0,0.0,0.7999999999999999,0.224931001663208,Feasible
870,869,13,7,6,"ADD:0,2;ADD:1,6;ADD:2,7;ADD:3,6;ADD:4,8;ADD:6,7;ADD:7,7;REMOVE:0,7;REMOVE:1,2;REMOVE:3,8;REMOVE:5,8;REMOVE:6,8;REMOVE:7,8",0:7;1:2;2:8;3:8;4:9;5:8;6:8;7:8;8:7;9:-,0:2;1:6;2:7|8;3:6;4:8|9;5:-;6:7;7:7;8:7;9:-,0@0=1;0@2=5;0@4=3;0@8=1;0@9=1;1@6=1;2@2=2;2@4=1;2@8=1;2@6=1;2@1=1;2@3=1;2@5=1;3@4=1;3@8=1;3@9=1;3@6=1;4@2=1;4@8=1;4@9=1;4@6=2;4@1=2;6@2=1;6@4=1;6@8=1;6@1=1;6@3=2;7@0=1;7@4=1;7@9=1;8@0=1;8@9=1;8@1=1;8@7=2,"0,2,4,8,9,6,1,3,5,7",45,34,34,0,1.0,-0.005887445813762215,0.6666666666666666,0.02744588751957115,0.0,0.0,0.7,0.2375931739807129,Feasible
871,870,13,7,6,"ADD:0,7;ADD:1,7;ADD:3,7;ADD:4,2;ADD:4,7;ADD:5,6;ADD:6,2;REMOVE:1,6;REMOVE:2,7;REMOVE:2,8;REMOVE:3,6;REMOVE:4,8;REMOVE:4,9",0:2;1:6;2:7|8;3:6;4:8|9;5:-;6:7;7:7;8:7;9:-,0:2|7;1:7;2:-;3:7;4:2|7;5:6;6:2|7;7:7;8:7;9:-,0@0=1;0@2=4;0@4=2;0@5=1;0@6=2;0@7=1;0@8=1;0@9=1;1@0=1;1@4=1;1@9=1;3@0=1;3@9=2;3@1=1;4@0=1;4@2=2;4@4=2;4@5=1;4@7=1;4@8=3;4@9=2;4@1=2;5@4=1;5@6=1;6@0=1;6@2=2;6@4=2;6@5=2;6@7=1;6@1=3;7@0=1;7@2=2;7@4=1;7@7=2;7@8=1;7@1=2;8@0=1;8@2=1;8@9=1;8@1=1,"0,2,4,5,6,7,8,9,1",60,40,40,0,1.0,-0.07768639290671231,0.6,0.022313607093287675,0.0,0.0,0.7,0.24495697021484375,Feasible
872,871,14,8,6,"ADD:1,2;ADD:2,7;ADD:2,8;ADD:4,8;ADD:5,5;ADD:5,8;ADD:6,3;ADD:7,8;REMOVE:0,2;REMOVE:1,7;REMOVE:4,2;REMOVE:4,7;REMOVE:5,6;REMOVE:6,7",0:2|7;1:7;2:-;3:7;4:2|7;5:6;6:2|7;7:7;8:7;9:-,0:7;1:2;2:7|8;3:7;4:8;5:5|8;6:2|3;7:7|8;8:7;9:-,0@0=1;0@1=2;0@2=3;0@3=1;0@4=1;0@6=1;0@7=1;0@9=2;1@2=1;1@3=1;1@4=1;1@9=1;1@5=1;2@0=2;2@1=2;2@2=1;2@3=2;2@4=2;2@6=1;2@7=2;2@5=1;2@8=2;3@2=1;3@4=1;3@7=2;3@9=1;4@1=2;4@2=2;4@4=1;4@6=1;4@7=2;4@8=1;5@3=1;5@6=1;5@5=1;5@8=1;6@1=2;6@2=2;6@3=2;6@4=1;6@9=2;6@5=1;7@0=1;7@1=1;7@2=2;7@7=1;7@5=1;7@8=2;8@3=1;8@4=1;8@9=1;8@8=2,"0,1,2,3,4,6,7,9,5,8",73,52,52,0,1.0,-0.22922563423844733,0.5454545454545454,0.02531982030700722,0.0,0.0,0.7999999999999999,0.267301082611084,Feasible
873,872,18,7,11,"ADD:1,7;ADD:3,6;ADD:4,7;ADD:5,2;ADD:6,7;ADD:7,9;ADD:8,9;REMOVE:1,2;REMOVE:2,8;REMOVE:3,7;REMOVE:4,8;REMOVE:5,5;REMOVE:5,8;REMOVE:6,2;REMOVE:6,3;REMOVE:7,7;REMOVE:7,8;REMOVE:8,7",0:7;1:2;2:7|8;3:7;4:8;5:5|8;6:2|3;7:7|8;8:7;9:-,0:7;1:7;2:7;3:6;4:7;5:2;6:7;7:9;8:9;9:-,0@1=1;0@2=1;0@3=2;0@7=4;0@8=3;0@9=1;1@1=1;1@7=1;1@8=1;1@9=1;1@0=2;2@1=2;2@2=3;2@8=1;2@9=1;2@0=2;2@4=2;3@6=1;4@2=3;4@7=2;4@9=1;4@4=1;5@2=2;5@8=1;5@9=1;5@4=1;6@1=1;6@2=3;6@9=1;6@0=1;6@4=1;7@2=2;7@3=1;7@6=3;8@1=1;8@2=3;8@6=1,"1,2,3,7,8,9,0,4,6",60,37,37,0,1.0,0.16261031356342714,0.8461538461538461,0.016456467409580997,0.0,0.0,0.7,0.2316749095916748,Feasible
874,873,10,5,5,"ADD:3,4;ADD:4,8;ADD:5,7;ADD:7,2;ADD:7,7;REMOVE:3,6;REMOVE:4,7;REMOVE:5,2;REMOVE:7,9;REMOVE:8,9",0:7;1:7;2:7;3:6;4:7;5:2;6:7;7:9;8:9;9:-,0:7;1:7;2:7;3:4;4:8;5:7;6:7;7:2|7;8:-;9:-,0@0=3;0@1=3;0@2=2;0@3=1;0@4=2;0@6=2;0@8=2;1@0=1;1@1=1;1@2=1;1@4=1;1@8=1;2@1=1;2@2=3;2@3=2;2@4=2;3@4=1;4@1=2;4@2=1;4@4=3;4@8=1;4@5=2;5@0=1;5@4=2;5@8=2;5@7=1;6@0=1;6@1=1;6@2=1;6@4=4;7@0=1;7@1=1;7@2=2;7@4=1;7@5=2;7@7=1,"0,1,2,3,4,6,8,5,7",59,36,36,0,1.0,0.06633208746444885,0.5555555555555556,0.01077653190889329,0.0,0.0,0.5,0.23609018325805664,Feasible
875,874,15,8,7,"ADD:0,5;ADD:1,2;ADD:2,2;ADD:3,8;ADD:4,5;ADD:5,9;ADD:6,2;ADD:8,7;REMOVE:0,7;REMOVE:2,7;REMOVE:3,4;REMOVE:4,8;REMOVE:5,7;REMOVE:6,7;REMOVE:7,7",0:7;1:7;2:7;3:4;4:8;5:7;6:7;7:2|7;8:-;9:-,0:5;1:2|7;2:2;3:8;4:5;5:9;6:2;7:2;8:7;9:-,0@0=1;0@5=1;1@0=1;1@5=1;1@1=1;1@2=2;1@3=1;1@4=2;1@7=1;2@0=1;2@5=1;2@3=1;2@4=2;3@1=1;3@2=1;3@4=1;4@5=1;4@2=1;4@3=1;4@8=1;5@9=1;6@0=2;6@2=1;6@4=3;6@9=1;7@5=1;7@2=1;7@3=1;7@4=2;7@7=2;8@2=1;8@4=1;8@7=2,"0,5,1,2,3,4,7,8,9",42,33,33,0,1.0,0.000683721045424468,0.7777777777777778,0.02290594326764663,0.0,0.0,0.7999999999999999,0.22243499755859375,Feasible
876,875,15,7,8,"ADD:0,8;ADD:1,9;ADD:2,8;ADD:3,6;ADD:4,9;ADD:6,8;ADD:7,8;REMOVE:0,5;REMOVE:1,2;REMOVE:1,7;REMOVE:2,2;REMOVE:3,8;REMOVE:4,5;REMOVE:6,2;REMOVE:7,2",0:5;1:2|7;2:2;3:8;4:5;5:9;6:2;7:2;8:7;9:-,0:8;1:9;2:8;3:6;4:9;5:9;6:8;7:8;8:7;9:-,0@2=2;0@8=1;1@2=1;1@6=1;2@2=1;2@6=1;2@4=2;2@5=1;2@7=1;3@6=1;4@6=1;4@9=1;5@2=1;5@1=1;6@6=1;6@4=1;6@5=1;7@2=1;7@6=1;7@5=1;8@2=1;8@4=1;8@7=1,"2,8,6,4,5,7,9,1",25,23,23,0,1.0,0.1162308258464857,0.8,0.01623082584648558,0.0,0.0,0.7,0.20720291137695312,Feasible
877,876,18,9,9,"ADD:0,4;ADD:1,2;ADD:2,7;ADD:3,4;ADD:4,8;ADD:5,8;ADD:6,2;ADD:7,5;ADD:8,1;REMOVE:0,8;REMOVE:1,9;REMOVE:2,8;REMOVE:3,6;REMOVE:4,9;REMOVE:5,9;REMOVE:6,8;REMOVE:7,8;REMOVE:8,7",0:8;1:9;2:8;3:6;4:9;5:9;6:8;7:8;8:7;9:-,0:4;1:2;2:7;3:4;4:8;5:8;6:2;7:5;8:1;9:-,0@4=1;1@4=1;1@5=1;1@7=1;1@9=1;2@4=1;2@0=1;2@1=1;2@2=2;2@3=1;3@4=1;3@2=1;4@4=3;4@2=1;4@8=1;5@4=1;5@8=1;6@2=1;7@5=1;7@0=1;7@2=4;8@1=2,"4,5,7,9,0,1,2,3,8",29,22,22,0,1.0,0.12550690253926278,1.0,0.025506902539262636,0.0,0.0,0.8999999999999999,0.2145698070526123,Feasible
878,877,16,9,7,"ADD:0,7;ADD:0,8;ADD:3,8;ADD:4,2;ADD:4,9;ADD:6,8;ADD:7,3;ADD:7,7;ADD:8,7;REMOVE:0,4;REMOVE:1,2;REMOVE:3,4;REMOVE:4,8;REMOVE:6,2;REMOVE:7,5;REMOVE:8,1",0:4;1:2;2:7;3:4;4:8;5:8;6:2;7:5;8:1;9:-,0:7|8;1:-;2:7;3:8;4:2|9;5:8;6:8;7:3|7;8:7;9:-,0@0=2;0@1=1;0@4=1;0@5=2;0@6=1;0@9=1;2@0=1;2@1=1;2@4=2;2@2=1;3@8=1;4@1=3;4@4=2;4@5=1;4@9=1;4@2=1;5@1=1;5@5=1;6@1=1;6@4=1;6@2=2;7@0=1;7@1=1;7@4=2;7@5=4;7@3=1;7@7=1;8@0=1;8@4=2;8@6=1;8@7=1,"0,1,4,5,6,9,2,8,3,7",43,31,31,0,1.0,-0.10781347086154391,0.7777777777777778,0.014408751360678151,0.0,0.0,0.8999999999999999,0.23182201385498047,Feasible
879,878,15,7,8,"ADD:1,7;ADD:2,8;ADD:3,4;ADD:4,7;ADD:5,2;ADD:7,8;ADD:8,9;REMOVE:0,8;REMOVE:2,7;REMOVE:3,8;REMOVE:4,2;REMOVE:4,9;REMOVE:5,8;REMOVE:7,3;REMOVE:8,7",0:7|8;1:-;2:7;3:8;4:2|9;5:8;6:8;7:3|7;8:7;9:-,0:7;1:7;2:8;3:4;4:7;5:2;6:8;7:7|8;8:9;9:-,0@0=2;0@2=2;0@3=3;0@4=1;0@7=2;0@9=1;1@4=2;1@9=1;1@1=2;2@2=1;2@4=2;2@1=4;3@2=2;3@4=2;4@0=2;4@2=1;4@3=1;4@4=3;4@7=1;4@9=1;4@1=1;5@2=1;5@7=1;5@5=1;6@2=4;6@7=1;6@1=1;6@6=1;6@8=1;7@0=1;7@2=1;7@4=2;7@7=1;7@1=2;7@5=1;7@6=1;8@2=1;8@6=1,"0,2,3,4,7,9,1,5,6,8",59,38,38,0,1.0,0.040814727147065355,0.7272727272727273,0.013541999874338054,0.0,0.0,0.7,0.2431020736694336,Feasible
880,879,11,6,5,"ADD:1,2;ADD:3,8;ADD:5,4;ADD:7,2;ADD:8,7;ADD:8,8;REMOVE:3,4;REMOVE:5,2;REMOVE:7,7;REMOVE:7,8;REMOVE:8,9",0:7;1:7;2:8;3:4;4:7;5:2;6:8;7:7|8;8:9;9:-,0:7;1:2|7;2:8;3:8;4:7;5:4;6:8;7:2;8:7|8;9:-,0@2=1;0@3=1;0@4=4;0@7=1;0@9=1;1@2=2;1@3=1;1@4=2;1@9=1;1@0=2;1@1=1;1@5=2;2@7=2;2@1=2;2@5=1;2@6=1;2@8=2;3@2=1;3@4=1;3@1=1;4@2=2;4@4=1;4@0=2;4@1=2;4@8=1;5@4=2;6@2=1;6@4=2;6@7=1;6@1=1;6@6=1;6@8=3;7@2=3;7@3=1;7@4=2;7@0=1;7@5=1;8@2=3;8@7=1;8@0=2;8@1=2;8@5=1;8@6=1,"2,3,4,7,9,0,1,5,6,8",67,43,43,0,1.0,-0.07847359720192582,0.5,0.021526402798074194,0.0,0.0,0.6,0.24631905555725098,Feasible
881,880,23,12,11,"ADD:0,8;ADD:1,3;ADD:2,2;ADD:2,7;ADD:3,9;ADD:4,2;ADD:4,3;ADD:5,8;ADD:6,2;ADD:6,7;ADD:7,3;ADD:8,2;REMOVE:0,7;REMOVE:1,2;REMOVE:1,7;REMOVE:2,8;REMOVE:3,8;REMOVE:4,7;REMOVE:5,4;REMOVE:6,8;REMOVE:7,2;REMOVE:8,7;REMOVE:8,8",0:7;1:2|7;2:8;3:8;4:7;5:4;6:8;7:2;8:7|8;9:-,0:8;1:3;2:2|7;3:9;4:2|3;5:8;6:2|7;7:3;8:2;9:-,0@1=3;0@2=3;0@5=1;0@6=2;0@8=2;1@1=3;1@2=1;1@5=1;1@9=2;2@1=4;2@5=1;2@9=1;2@0=3;2@4=2;3@9=1;4@1=1;4@2=1;4@5=1;4@9=1;4@4=2;4@3=2;5@1=1;5@8=1;5@4=2;6@1=2;6@2=3;6@5=1;6@0=1;6@4=1;6@7=2;7@5=1;7@9=1;7@7=3;8@2=1;8@5=1;8@9=1;8@4=1,"1,2,5,6,8,9,0,4,3,7",61,37,37,0,1.0,-0.17746342294475026,1.0,0.02253657705524972,0.0,0.0,1.2,0.23502206802368164,Feasible
882,881,15,7,8,"ADD:0,7;ADD:1,8;ADD:3,5;ADD:4,9;ADD:5,9;ADD:7,7;ADD:8,9;REMOVE:1,3;REMOVE:2,2;REMOVE:3,9;REMOVE:4,3;REMOVE:5,8;REMOVE:6,7;REMOVE:7,3;REMOVE:8,2",0:8;1:3;2:2|7;3:9;4:2|3;5:8;6:2|7;7:3;8:2;9:-,0:7|8;1:8;2:7;3:5;4:2|9;5:9;6:2;7:7;8:9;9:-,0@0=1;0@3=1;0@4=4;0@5=4;0@6=1;0@8=1;1@4=1;1@5=1;1@6=2;2@3=1;2@4=1;2@2=2;2@7=1;2@9=1;3@5=1;4@4=1;4@5=2;4@2=1;4@9=2;4@1=1;5@9=1;5@1=1;6@0=1;6@4=2;6@5=1;6@2=2;6@7=1;7@4=1;7@2=2;7@9=1;7@1=1;8@3=1;8@6=1;8@9=1;8@1=2,"0,3,4,5,6,8,2,7,9,1",49,35,35,0,1.0,-0.013872527302390858,0.6666666666666666,0.0194608060309425,0.0,0.0,0.7,0.22925090789794922,Feasible
883,882,15,7,8,"ADD:0,2;ADD:1,7;ADD:3,4;ADD:4,8;ADD:5,7;ADD:6,7;ADD:7,8;REMOVE:0,7;REMOVE:0,8;REMOVE:3,5;REMOVE:4,2;REMOVE:4,9;REMOVE:5,9;REMOVE:7,7;REMOVE:8,9",0:7|8;1:8;2:7;3:5;4:2|9;5:9;6:2;7:7;8:9;9:-,0:2;1:7|8;2:7;3:4;4:8;5:7;6:2|7;7:8;8:-;9:-,0@0=1;0@2=3;0@4=1;0@5=1;0@9=1;1@4=1;1@5=1;1@3=1;1@6=1;2@0=1;2@2=1;2@4=2;2@6=1;2@7=1;3@2=1;3@4=2;4@2=1;4@5=1;4@6=1;5@7=1;6@2=1;6@4=2;6@5=1;6@9=1;6@6=1;6@7=2;7@1=1;7@8=1,"0,2,4,5,9,3,6,7,1,8",34,28,28,0,1.0,0.06063470496738432,0.7272727272727273,0.033361977694656965,0.0,0.0,0.7,0.2152261734008789,Feasible
884,883,18,9,9,"ADD:0,7;ADD:0,8;ADD:1,6;ADD:2,2;ADD:3,8;ADD:4,7;ADD:5,9;ADD:7,7;ADD:8,2;REMOVE:0,2;REMOVE:1,7;REMOVE:1,8;REMOVE:2,7;REMOVE:3,4;REMOVE:4,8;REMOVE:5,7;REMOVE:6,2;REMOVE:7,8",0:2;1:7|8;2:7;3:4;4:8;5:7;6:2|7;7:8;8:-;9:-,0:7|8;1:6;2:2;3:8;4:7;5:9;6:7;7:7;8:2;9:-,0@1=1;0@4=2;0@5=1;0@8=1;0@9=1;1@1=1;1@4=2;1@9=1;1@6=1;2@4=1;2@5=1;2@0=1;2@2=3;3@1=2;3@4=1;3@2=1;4@8=2;4@9=1;4@2=2;4@7=1;5@1=1;5@2=2;6@1=3;6@4=1;6@6=1;6@7=1;7@1=1;7@8=1;7@9=1;7@0=1;7@2=1;8@2=1,"1,4,5,8,9,6,0,2,7",42,32,32,0,1.0,0.019761009174471322,0.9,0.0197610091744712,0.0,0.0,0.8999999999999999,0.218397855758667,Feasible
885,884,7,4,3,"ADD:0,2;ADD:1,7;ADD:2,8;ADD:5,7;REMOVE:0,8;REMOVE:1,6;REMOVE:5,9",0:7|8;1:6;2:2;3:8;4:7;5:9;6:7;7:7;8:2;9:-,0:2|7;1:7;2:2|8;3:8;4:7;5:7;6:7;7:7;8:2;9:-,0@0=1;0@1=1;0@2=1;0@3=1;0@4=3;0@5=1;1@1=1;1@7=1;2@0=1;2@1=1;2@2=1;2@4=2;2@5=1;2@8=1;3@1=1;3@2=1;3@4=2;3@7=1;3@8=1;4@2=2;4@4=2;4@7=1;4@9=1;5@0=1;5@3=1;5@4=1;6@1=1;6@2=1;6@3=2;6@4=3;6@8=1;6@6=2;7@3=1;7@4=1;7@6=3;8@0=1;8@2=2;8@4=2;8@5=1,"0,1,2,3,4,5,7,8,9,6",53,39,39,0,1.0,-0.08541709561370392,0.3,0.014582904386296135,0.0,0.0,0.4,0.23575901985168457,Feasible
886,885,12,7,5,"ADD:1,9;ADD:2,7;ADD:5,8;ADD:6,8;ADD:7,8;ADD:8,3;ADD:8,7;REMOVE:0,2;REMOVE:1,7;REMOVE:2,8;REMOVE:5,7;REMOVE:8,2",0:2|7;1:7;2:2|8;3:8;4:7;5:7;6:7;7:7;8:2;9:-,0:7;1:9;2:2|7;3:8;4:7;5:8;6:7|8;7:7|8;8:3|7;9:-,0@1=1;0@2=2;0@3=1;0@4=3;0@6=1;0@9=2;1@2=1;1@6=1;1@9=1;2@1=1;2@2=4;2@3=3;2@4=3;2@6=1;2@9=1;2@0=1;2@5=1;2@8=1;3@2=3;3@8=1;3@7=1;4@1=1;4@2=1;4@3=1;4@4=1;5@6=2;5@8=2;5@7=1;6@1=2;6@2=4;6@4=2;6@6=1;6@0=1;6@5=2;6@8=1;6@7=2;7@1=2;7@2=1;7@3=2;7@4=1;7@6=4;7@5=1;8@1=1;8@2=1;8@3=1;8@4=1;8@5=1;8@7=1,"1,2,3,4,6,9,0,5,8,7",75,48,48,0,1.0,-0.22922521902196014,0.45454545454545453,0.016229326432585286,0.0,0.0,0.7,0.2693631649017334,Feasible
887,886,15,6,9,"ADD:1,7;ADD:3,7;ADD:4,2;ADD:5,7;ADD:6,2;ADD:8,2;REMOVE:1,9;REMOVE:2,2;REMOVE:3,8;REMOVE:4,7;REMOVE:5,8;REMOVE:6,7;REMOVE:6,8;REMOVE:8,3;REMOVE:8,7",0:7;1:9;2:2|7;3:8;4:7;5:8;6:7|8;7:7|8;8:3|7;9:-,0:7;1:7;2:7;3:7;4:2;5:7;6:2;7:7|8;8:2;9:-,0@0=2;0@2=4;0@3=1;0@4=3;0@6=1;0@8=3;0@9=2;1@2=1;1@3=2;1@4=1;1@6=1;1@1=1;2@2=1;2@4=1;2@9=1;2@1=4;3@4=1;3@7=1;4@2=1;4@4=1;4@9=1;4@5=1;5@4=1;5@7=1;6@2=1;6@3=2;6@4=1;6@9=1;7@3=1;7@4=2;7@6=1;7@8=1;7@9=2;7@1=1;7@5=1;8@0=1;8@2=1;8@4=1;8@8=1,"0,2,3,4,6,8,9,1,7,5",55,39,39,0,1.0,0.10221451510528623,0.6923076923076923,0.009906822797593896,0.0,0.0,0.6,0.24451613426208496,Feasible
888,887,18,10,8,"ADD:0,2;ADD:0,8;ADD:1,2;ADD:2,3;ADD:3,9;ADD:4,5;ADD:5,4;ADD:6,3;ADD:6,7;ADD:8,8;REMOVE:0,7;REMOVE:1,7;REMOVE:2,7;REMOVE:3,7;REMOVE:4,2;REMOVE:5,7;REMOVE:6,2;REMOVE:8,2",0:7;1:7;2:7;3:7;4:2;5:7;6:2;7:7|8;8:2;9:-,0:2|8;1:2;2:3;3:9;4:5;5:4;6:3|7;7:7|8;8:8;9:-,0@0=1;0@2=1;0@5=1;0@6=1;0@8=1;0@9=1;1@2=1;2@2=1;2@1=1;2@3=1;3@2=1;3@6=1;3@1=1;4@0=2;4@2=1;4@5=1;5@2=1;5@4=1;6@5=1;6@9=1;6@1=1;6@3=1;6@4=1;6@7=1;7@2=2;7@5=1;7@6=1;7@1=1;7@3=1;7@4=3;8@5=1;8@1=1,"0,2,5,6,8,9,1,3,4,7",36,32,32,0,1.0,-0.1797617238818463,0.8,0.020238276118153493,0.0,0.0,0.9999999999999999,0.22732114791870117,Feasible
889,888,17,7,10,"ADD:0,7;ADD:1,7;ADD:1,8;ADD:2,8;ADD:3,7;ADD:4,2;ADD:8,6;REMOVE:0,2;REMOVE:0,8;REMOVE:1,2;REMOVE:2,3;REMOVE:3,9;REMOVE:4,5;REMOVE:5,4;REMOVE:6,3;REMOVE:7,8;REMOVE:8,8",0:2|8;1:2;2:3;3:9;4:5;5:4;6:3|7;7:7|8;8:8;9:-,0:7;1:7|8;2:8;3:7;4:2;5:-;6:7;7:7;8:6;9:-,0@0=1;0@2=2;0@6=1;0@8=1;1@6=1;1@1=1;1@3=1;1@4=1;1@5=1;2@2=3;2@8=1;2@1=1;2@4=1;2@5=1;3@2=1;3@6=1;3@3=1;3@4=1;3@9=1;4@4=1;4@5=1;4@9=1;4@7=1;6@2=1;6@1=1;6@3=1;6@4=3;6@9=2;6@7=1;7@2=1;7@6=1;7@1=1;7@4=1;7@9=1;8@6=1,"0,2,6,8,1,3,4,5,9,7",41,35,35,0,1.0,0.14070540370398255,0.8333333333333334,0.007372070370649178,0.0,0.0,0.7,0.23678088188171387,Feasible
890,889,14,7,7,"ADD:0,8;ADD:1,4;ADD:4,7;ADD:5,8;ADD:6,8;ADD:7,5;ADD:8,9;REMOVE:0,7;REMOVE:1,7;REMOVE:1,8;REMOVE:4,2;REMOVE:6,7;REMOVE:7,7;REMOVE:8,6",0:7;1:7|8;2:8;3:7;4:2;5:-;6:7;7:7;8:6;9:-,0:8;1:4;2:8;3:7;4:7;5:8;6:8;7:5;8:9;9:-,0@4=1;0@5=1;1@4=1;2@5=1;2@1=2;2@6=1;3@1=1;3@7=1;4@1=2;4@6=1;4@0=1;5@8=1;6@1=1;6@8=1;6@2=1;7@5=1;8@1=2;8@2=3;8@9=1,"4,5,1,6,7,0,8,2,9",24,19,19,0,1.0,0.10238843765858519,0.7777777777777778,0.024610659880807313,0.0,0.0,0.7,0.1982560157775879,Feasible
891,890,16,8,8,"ADD:0,2;ADD:1,7;ADD:2,5;ADD:3,6;ADD:4,8;ADD:5,4;ADD:6,2;ADD:7,8;REMOVE:1,4;REMOVE:2,8;REMOVE:3,7;REMOVE:4,7;REMOVE:5,8;REMOVE:6,8;REMOVE:7,5;REMOVE:8,9",0:8;1:4;2:8;3:7;4:7;5:8;6:8;7:5;8:9;9:-,0:2|8;1:7;2:5;3:6;4:8;5:4;6:2;7:8;8:-;9:-,0@0=1;0@1=2;0@2=1;0@4=1;0@5=2;1@0=1;1@1=1;1@4=1;1@8=1;2@5=1;3@6=1;4@2=1;4@8=1;5@4=2;6@2=1;6@4=1;6@5=1;7@1=1;7@2=2;7@8=1,"0,1,2,4,5,8,6",24,20,20,0,1.0,0.12180481084318007,0.8888888888888888,0.03291592195429121,0.0,0.0,0.7999999999999999,0.20050668716430664,Feasible
892,891,18,10,8,"ADD:0,7;ADD:1,2;ADD:2,4;ADD:3,8;ADD:4,3;ADD:4,7;ADD:5,5;ADD:6,7;ADD:7,7;ADD:8,2;REMOVE:0,2;REMOVE:1,7;REMOVE:2,5;REMOVE:3,6;REMOVE:4,8;REMOVE:5,4;REMOVE:6,2;REMOVE:7,8",0:2|8;1:7;2:5;3:6;4:8;5:4;6:2;7:8;8:-;9:-,0:7|8;1:2;2:4;3:8;4:3|7;5:5;6:7;7:7;8:2;9:-,0@0=1;0@1=2;0@4=2;0@5=3;0@8=1;0@9=1;1@4=1;1@8=2;1@9=1;1@2=2;2@4=1;2@2=1;2@6=1;3@4=4;3@8=1;3@2=1;4@0=1;4@1=2;4@5=1;4@9=1;4@3=1;4@7=1;5@5=1;6@1=1;6@4=2;6@8=2;6@6=1;6@3=1;6@7=1;7@1=1;7@4=2;7@9=1;7@2=1;7@6=1;8@0=1;8@5=1;8@8=1;8@2=2;8@3=1;8@7=1,"0,1,4,5,8,9,2,6,3,7",54,40,40,0,1.0,-0.0914969449142855,0.8888888888888888,0.01961416619682554,0.0,0.0,0.9999999999999999,0.2564201354980469,Feasible
893,892,16,8,8,"ADD:1,7;ADD:2,7;ADD:3,4;ADD:4,8;ADD:5,7;ADD:7,8;ADD:7,9;ADD:8,6;REMOVE:0,8;REMOVE:1,2;REMOVE:2,4;REMOVE:3,8;REMOVE:4,3;REMOVE:5,5;REMOVE:7,7;REMOVE:8,2",0:7|8;1:2;2:4;3:8;4:3|7;5:5;6:7;7:7;8:2;9:-,0:7;1:7;2:7;3:4;4:7|8;5:7;6:7;7:8|9;8:6;9:-,0@0=1;0@1=1;0@4=1;0@6=3;0@8=1;1@1=1;1@4=1;1@6=1;1@2=1;1@7=1;2@0=1;2@1=1;2@4=2;2@6=1;2@2=2;3@4=1;3@2=1;4@0=2;4@1=3;4@4=3;4@6=1;4@8=2;4@2=1;4@5=3;5@0=1;5@1=1;5@4=1;5@2=2;5@7=1;5@3=1;6@0=2;6@1=1;6@6=1;6@8=2;6@2=2;6@9=2;7@1=1;7@4=2;7@5=1;7@9=1;8@6=1,"0,1,4,6,8,2,7,5,3,9",59,41,41,0,1.0,-0.059806308461756386,0.7272727272727273,0.012920964265516208,0.0,0.0,0.7999999999999999,0.24234604835510254,Feasible
894,893,17,8,9,"ADD:0,8;ADD:1,3;ADD:2,2;ADD:3,9;ADD:5,3;ADD:6,8;ADD:7,7;ADD:8,7;REMOVE:1,7;REMOVE:2,7;REMOVE:3,4;REMOVE:4,8;REMOVE:5,7;REMOVE:6,7;REMOVE:7,8;REMOVE:7,9;REMOVE:8,6",0:7;1:7;2:7;3:4;4:7|8;5:7;6:7;7:8|9;8:6;9:-,0:7|8;1:3;2:2;3:9;4:7;5:3;6:8;7:7;8:7;9:-,0@0=1;0@1=1;0@2=4;0@3=3;0@4=1;0@5=1;0@6=1;0@8=1;1@2=1;1@3=1;2@0=1;2@2=1;2@3=3;2@4=2;2@8=1;3@2=2;3@6=1;3@9=2;4@2=2;4@3=1;4@6=1;4@8=1;5@1=1;5@3=1;5@5=1;6@4=5;6@5=1;6@6=1;6@8=1;7@2=1;7@4=2;7@6=1;7@9=1;7@7=1;8@1=1;8@2=1;8@3=1;8@8=1,"0,1,2,3,4,5,6,8,9,7",54,38,38,0,1.0,0.033241070209346635,0.8181818181818182,0.015059252027528305,0.0,0.0,0.7999999999999999,0.2371220588684082,Feasible
895,894,15,7,8,"ADD:1,7;ADD:2,5;ADD:2,8;ADD:3,7;ADD:6,2;ADD:7,8;ADD:8,5;REMOVE:0,7;REMOVE:1,3;REMOVE:2,2;REMOVE:3,9;REMOVE:5,3;REMOVE:6,8;REMOVE:7,7;REMOVE:8,7",0:7|8;1:3;2:2;3:9;4:7;5:3;6:8;7:7;8:7;9:-,0:8;1:7;2:5|8;3:7;4:7;5:-;6:2;7:8;8:5;9:-,0@2=1;0@4=1;0@5=2;0@6=1;0@7=1;1@2=1;1@4=1;1@6=1;1@7=1;1@0=1;2@2=1;2@5=1;2@6=2;2@0=2;3@7=1;4@2=1;4@4=1;4@7=1;4@1=1;4@3=2;6@2=2;6@5=1;6@7=1;6@8=2;6@9=1;7@2=1;7@4=1;7@7=1;7@8=2;8@5=1;8@0=1,"2,4,5,6,7,0,1,3,8,9",38,31,31,0,1.0,0.12406205281759486,0.8,0.024062052817594787,0.0,0.0,0.7,0.22192096710205078,Feasible
896,895,13,7,6,"ADD:0,2;ADD:3,6;ADD:4,8;ADD:5,1;ADD:6,7;ADD:6,8;ADD:7,5;REMOVE:0,8;REMOVE:2,5;REMOVE:3,7;REMOVE:4,7;REMOVE:6,2;REMOVE:8,5",0:8;1:7;2:5|8;3:7;4:7;5:-;6:2;7:8;8:5;9:-,0:2;1:7;2:8;3:6;4:8;5:1;6:7|8;7:5|8;8:-;9:-,0@0=1;0@2=1;0@4=2;0@5=1;1@0=1;1@4=1;1@1=1;1@6=1;1@7=2;1@8=1;2@2=2;2@5=1;2@1=1;2@7=3;3@4=1;3@6=1;4@4=3;4@1=2;4@8=1;5@1=1;6@0=1;6@4=1;6@5=1;6@1=1;6@7=1;6@8=1;7@4=2;7@5=1;7@8=2;7@3=1,"0,2,4,5,1,6,7,8,3",40,30,30,0,1.0,-0.006403753600791928,0.6666666666666666,0.026929579732541446,0.0,0.0,0.7,0.21463489532470703,Feasible
897,896,18,10,8,"ADD:0,7;ADD:1,9;ADD:2,0;ADD:3,7;ADD:3,8;ADD:4,7;ADD:5,2;ADD:6,5;ADD:7,7;ADD:8,2;REMOVE:1,7;REMOVE:2,8;REMOVE:3,6;REMOVE:4,8;REMOVE:5,1;REMOVE:6,8;REMOVE:7,5;REMOVE:7,8",0:2;1:7;2:8;3:6;4:8;5:1;6:7|8;7:5|8;8:-;9:-,0:2|7;1:9;2:0;3:7|8;4:7;5:2;6:5|7;7:7;8:2;9:-,0@0=1;0@1=2;0@4=1;0@5=2;0@9=1;1@9=1;1@2=1;2@0=1;3@0=1;3@1=1;3@4=2;3@5=1;3@6=1;3@7=1;4@0=1;4@1=1;4@9=1;4@6=1;4@7=1;5@2=1;6@0=1;6@5=1;6@2=1;6@6=2;6@3=1;7@1=1;7@4=1;7@3=1;8@0=2;8@2=1;8@8=1,"0,1,4,5,9,2,6,7,3,8",36,31,31,0,1.0,-0.18013564418893913,0.8,0.01986435581106077,0.0,0.0,0.9999999999999999,0.21983599662780762,Feasible
898,897,16,8,8,"ADD:0,8;ADD:1,7;ADD:2,2;ADD:2,7;ADD:4,2;ADD:4,8;ADD:5,6;ADD:7,2;REMOVE:0,2;REMOVE:1,9;REMOVE:2,0;REMOVE:3,7;REMOVE:4,7;REMOVE:5,2;REMOVE:6,5;REMOVE:7,7",0:2|7;1:9;2:0;3:7|8;4:7;5:2;6:5|7;7:7;8:2;9:-,0:7|8;1:7;2:2|7;3:8;4:2|8;5:6;6:7;7:2;8:2;9:-,0@1=2;0@3=1;0@4=2;0@5=1;0@6=1;0@7=2;1@7=1;2@4=2;2@5=1;2@6=1;2@0=1;2@2=1;2@9=2;3@4=1;3@2=2;3@8=1;4@3=1;4@4=1;4@5=1;4@6=1;4@2=1;5@6=2;6@6=2;6@7=1;6@0=1;7@0=1;7@2=2;7@9=1;7@8=1;8@5=1;8@7=1;8@0=1;8@2=1,"1,3,4,5,6,7,0,2,9,8",42,33,33,0,1.0,-0.10559353395486759,0.6666666666666666,0.027739799378465678,0.0,0.0,0.7999999999999999,0.2234177589416504,Feasible
899,898,10,4,6,"ADD:5,5;ADD:6,8;ADD:7,7;ADD:8,7;REMOVE:2,7;REMOVE:4,2;REMOVE:5,6;REMOVE:6,7;REMOVE:7,2;REMOVE:8,2",0:7|8;1:7;2:2|7;3:8;4:2|8;5:6;6:7;7:2;8:2;9:-,0:7|8;1:7;2:2;3:8;4:8;5:5;6:8;7:7;8:7;9:-,0@0=2;0@1=1;0@2=3;0@3=1;0@5=1;0@6=1;0@8=2;1@1=2;1@6=2;1@4=1;1@7=1;1@9=1;2@0=1;2@2=1;2@5=2;2@8=1;2@4=1;2@9=1;3@5=1;3@8=1;4@1=3;4@2=1;4@4=4;5@5=1;6@1=1;6@2=1;6@5=2;6@6=1;6@4=3;6@7=1;7@2=1;7@6=1;7@4=1;7@9=2;8@1=2;8@2=1;8@3=1;8@4=1;8@9=1,"0,1,2,3,5,6,8,4,7,9",56,39,39,0,1.0,0.11028052314363368,0.5,0.01028052314363367,0.0,0.0,0.4,0.23736000061035156,Feasible
900,899,13,7,6,"ADD:0,2;ADD:2,7;ADD:3,7;ADD:4,7;ADD:5,2;ADD:6,9;ADD:8,2;REMOVE:0,8;REMOVE:2,2;REMOVE:3,8;REMOVE:5,5;REMOVE:6,8;REMOVE:8,7",0:7|8;1:7;2:2;3:8;4:8;5:5;6:8;7:7;8:7;9:-,0:2|7;1:7;2:7;3:7;4:7|8;5:2;6:9;7:7;8:2;9:-,0@0=1;0@1=1;0@2=3;0@3=1;0@4=2;0@5=1;0@7=2;0@9=2;1@1=1;1@2=1;1@4=1;1@9=1;2@0=1;2@1=1;2@2=3;2@3=3;2@7=1;2@6=1;3@0=3;3@4=2;3@6=2;4@3=1;4@4=1;4@5=1;4@7=2;4@6=1;5@2=2;6@1=1;6@9=1;7@0=1;7@2=1;7@3=1;7@4=3;7@7=2;7@8=1;8@2=1;8@3=1;8@4=1,"0,1,2,3,4,5,7,9,6,8",56,38,38,0,1.0,-0.07453367626587537,0.6,0.025466323734124576,0.0,0.0,0.7,0.27495789527893066,Feasible
901,900,12,6,6,"ADD:1,6;ADD:2,2;ADD:3,4;ADD:5,7;ADD:6,8;ADD:8,7;REMOVE:1,7;REMOVE:2,7;REMOVE:3,7;REMOVE:5,2;REMOVE:6,9;REMOVE:8,2",0:2|7;1:7;2:7;3:7;4:7|8;5:2;6:9;7:7;8:2;9:-,0:2|7;1:6;2:2;3:4;4:7|8;5:7;6:8;7:7;8:7;9:-,0@0=1;0@1=2;0@2=3;0@4=2;0@5=1;0@6=1;0@9=1;1@6=1;2@2=1;2@4=1;2@3=1;2@8=1;3@2=1;3@4=1;4@0=1;4@1=1;4@4=3;4@5=1;4@8=1;4@7=1;5@7=2;6@1=1;6@2=4;6@4=1;6@5=1;6@6=2;6@7=1;7@2=4;7@4=1;7@9=1;7@3=2;7@7=2;8@0=2;8@2=3;8@4=1;8@6=1;8@3=1,"0,1,2,4,5,6,9,3,8,7",56,37,37,0,1.0,-0.03320422540547374,0.5454545454545454,0.021341229139980798,0.0,0.0,0.6,0.3024260997772217,Feasible
902,901,16,7,9,"ADD:0,8;ADD:1,7;ADD:2,3;ADD:3,1;ADD:5,8;ADD:6,7;ADD:8,2;REMOVE:0,2;REMOVE:0,7;REMOVE:1,6;REMOVE:2,2;REMOVE:3,4;REMOVE:4,8;REMOVE:5,7;REMOVE:6,8;REMOVE:8,7",0:2|7;1:6;2:2;3:4;4:7|8;5:7;6:8;7:7;8:7;9:-,0:8;1:7;2:3;3:1;4:7;5:8;6:7;7:7;8:2;9:-,0@2=6;0@4=1;0@5=2;0@6=2;0@8=1;1@2=2;1@4=1;1@0=2;1@1=1;2@1=2;2@3=1;3@6=1;3@1=3;3@3=1;4@2=2;4@4=1;4@6=1;4@8=2;4@1=2;4@3=1;4@7=1;5@4=1;5@1=2;6@2=1;6@1=2;6@7=1;7@2=1;7@4=3;7@6=1;7@0=1;7@1=1;7@7=1;8@4=3;8@5=1;8@3=1,"2,4,5,6,8,0,1,3,7",56,35,35,0,1.0,0.13296375273993566,0.8181818181818182,0.014781934558117398,0.0,0.0,0.7,0.3183732032775879,Feasible
903,902,19,10,9,"ADD:0,7;ADD:1,3;ADD:2,8;ADD:2,9;ADD:3,8;ADD:4,8;ADD:5,9;ADD:6,9;ADD:7,8;ADD:8,8;REMOVE:0,8;REMOVE:1,7;REMOVE:2,3;REMOVE:3,1;REMOVE:4,7;REMOVE:5,8;REMOVE:6,7;REMOVE:7,7;REMOVE:8,2",0:8;1:7;2:3;3:1;4:7;5:8;6:7;7:7;8:2;9:-,0:7;1:3;2:8|9;3:8;4:8;5:9;6:9;7:8;8:8;9:-,0@1=4;0@2=1;0@3=1;0@4=1;0@7=1;0@9=1;1@3=1;2@1=1;2@4=1;2@9=2;2@5=1;3@1=1;3@2=1;3@4=1;3@6=1;3@8=1;4@1=2;4@4=1;4@5=1;4@8=1;5@9=1;6@7=1;6@9=1;6@6=1;7@2=1;7@8=1;8@4=1;8@5=1;8@6=1,"1,2,3,4,7,9,5,6,8",34,29,29,0,1.0,0.026353945155953462,1.0,0.0263539451559534,0.0,0.0,0.9999999999999999,0.2693462371826172,Feasible
904,903,15,7,8,"ADD:0,9;ADD:1,4;ADD:2,7;ADD:3,9;ADD:4,9;ADD:6,7;ADD:8,5;REMOVE:0,7;REMOVE:1,3;REMOVE:2,8;REMOVE:2,9;REMOVE:3,8;REMOVE:4,8;REMOVE:6,9;REMOVE:8,8",0:7;1:3;2:8|9;3:8;4:8;5:9;6:9;7:8;8:8;9:-,0:9;1:4;2:7;3:9;4:9;5:9;6:7;7:8;8:5;9:-,0@2=3;0@6=1;1@4=1;2@4=1;2@3=1;2@9=1;3@3=1;3@9=2;4@9=1;4@1=1;5@2=1;5@9=1;6@3=1;6@7=1;7@6=1;7@4=2;7@5=1;8@5=1,"2,6,4,3,9,1,7,5",22,18,18,0,1.0,0.1326561928021862,0.8,0.03265619280218617,0.0,0.0,0.7,0.2010941505432129,Feasible
905,904,14,7,7,"ADD:0,7;ADD:1,2;ADD:3,7;ADD:4,5;ADD:5,5;ADD:7,7;ADD:8,9;REMOVE:0,9;REMOVE:1,4;REMOVE:3,9;REMOVE:4,9;REMOVE:5,9;REMOVE:7,8;REMOVE:8,5",0:9;1:4;2:7;3:9;4:9;5:9;6:7;7:8;8:5;9:-,0:7;1:2;2:7;3:7;4:5;5:5;6:7;7:7;8:9;9:-,0@2=1;0@4=1;0@7=2;1@2=1;1@4=1;1@0=1;2@0=1;2@6=1;3@4=1;3@7=1;3@0=1;3@9=1;4@3=1;4@5=1;5@2=1;5@5=2;6@4=1;6@0=1;6@6=1;6@1=2;7@4=1;7@3=1;7@8=1;8@2=1;8@6=2,"2,4,7,0,6,9,3,5,1,8",29,25,25,0,1.0,0.10058864322675565,0.7777777777777778,0.022810865448977796,0.0,0.0,0.7,0.2223498821258545,Feasible
906,905,13,7,6,"ADD:0,8;ADD:2,2;ADD:3,2;ADD:4,2;ADD:5,4;ADD:7,2;ADD:8,8;REMOVE:0,7;REMOVE:2,7;REMOVE:4,5;REMOVE:5,5;REMOVE:7,7;REMOVE:8,9",0:7;1:2;2:7;3:7;4:5;5:5;6:7;7:7;8:9;9:-,0:8;1:2;2:2;3:2|7;4:2;5:4;6:7;7:2;8:8;9:-,0@1=1;0@2=1;0@6=1;0@8=1;1@2=3;1@8=1;1@0=1;1@3=1;1@4=1;2@2=2;2@3=1;2@4=1;2@5=1;3@2=2;3@6=1;3@0=1;3@3=2;3@4=1;3@5=3;3@7=2;4@2=1;4@3=1;4@4=1;4@9=2;5@2=1;5@4=1;6@6=1;6@8=1;6@4=1;6@7=1;6@9=1;7@2=3;7@4=1;7@5=2;7@9=1;8@1=3;8@2=1;8@4=2;8@5=1;8@7=1,"1,2,6,8,0,3,4,5,7,9",55,40,40,0,1.0,-0.003813389729800609,0.6666666666666666,0.0295199436035327,0.0,0.0,0.7,0.2399001121520996,Feasible
907,906,14,7,7,"ADD:0,7;ADD:1,7;ADD:2,9;ADD:3,8;ADD:4,7;ADD:7,7;ADD:8,7;REMOVE:0,8;REMOVE:1,2;REMOVE:2,2;REMOVE:3,2;REMOVE:3,7;REMOVE:7,2;REMOVE:8,8",0:8;1:2;2:2;3:2|7;4:2;5:4;6:7;7:2;8:8;9:-,0:7;1:7;2:9;3:8;4:2|7;5:4;6:7;7:7;8:7;9:-,0@0=1;0@1=1;0@2=1;0@4=2;0@6=1;0@7=1;0@9=3;1@0=1;1@1=1;1@9=2;1@3=2;1@8=1;2@2=1;2@7=1;2@9=2;2@3=1;3@1=2;3@2=2;3@6=2;3@7=1;3@5=1;4@0=1;4@2=2;4@4=1;4@6=1;4@9=1;4@5=2;5@4=1;6@0=2;6@1=1;6@2=3;6@4=2;6@6=1;6@3=1;6@8=1;7@0=2;7@1=6;7@2=2;7@4=3;7@9=1;7@3=1;8@0=1;8@1=1;8@4=1,"0,1,2,4,6,7,9,3,8,5",68,44,44,0,1.0,0.008866805396699595,0.7,0.00886680539669959,0.0,0.0,0.7,0.24846220016479492,Feasible
908,907,13,7,6,"ADD:1,8;ADD:2,8;ADD:3,9;ADD:4,9;ADD:5,9;ADD:6,8;ADD:7,2;REMOVE:1,7;REMOVE:2,9;REMOVE:4,2;REMOVE:4,7;REMOVE:5,4;REMOVE:7,7",0:7;1:7;2:9;3:8;4:2|7;5:4;6:7;7:7;8:7;9:-,0:7;1:8;2:8;3:8|9;4:9;5:9;6:7|8;7:2;8:7;9:-,0@0=3;0@2=1;0@4=2;0@6=1;0@7=1;0@8=1;0@9=1;1@2=2;1@4=1;1@6=1;1@8=1;1@5=1;2@2=2;2@4=1;2@8=1;2@5=1;2@1=1;3@2=2;3@4=2;3@6=1;3@9=1;3@5=1;3@1=1;4@2=1;4@6=2;4@1=1;5@2=1;5@1=1;6@0=2;6@4=2;6@6=1;6@9=1;6@5=1;6@1=1;7@2=1;7@4=1;7@9=1;7@5=1;8@2=1;8@7=1;8@8=1;8@1=1;8@3=1,"0,2,4,6,7,8,9,5,1,3",53,43,43,0,1.0,-0.0885728911372553,0.6,0.011427108862744723,0.0,0.0,0.7,0.2464733123779297,Feasible
909,908,15,7,8,"ADD:0,2;ADD:1,7;ADD:3,2;ADD:4,5;ADD:5,7;ADD:7,7;ADD:8,9;REMOVE:1,8;REMOVE:3,8;REMOVE:3,9;REMOVE:4,9;REMOVE:5,9;REMOVE:6,7;REMOVE:7,2;REMOVE:8,7",0:7;1:8;2:8;3:8|9;4:9;5:9;6:7|8;7:2;8:7;9:-,0:2|7;1:7;2:8;3:2;4:5;5:7;6:8;7:7;8:9;9:-,0@0=2;0@1=3;0@2=1;0@3=1;0@4=1;0@5=1;0@7=1;0@8=1;1@0=1;1@1=1;1@2=1;1@4=1;1@9=1;2@1=1;2@2=1;2@4=2;3@2=5;3@3=3;3@4=1;3@5=1;3@7=1;3@8=1;3@9=3;4@3=2;4@5=1;5@7=1;6@2=2;6@5=1;6@6=1;7@2=1;7@7=1;8@9=1;8@6=1,"0,1,2,3,4,5,7,8,9,6",47,33,33,0,1.0,0.05096502786087398,0.7272727272727273,0.023692300588146628,0.0,0.0,0.7,0.22600317001342773,Feasible
910,909,14,6,8,"ADD:0,6;ADD:1,4;ADD:2,7;ADD:3,7;ADD:4,3;ADD:6,2;REMOVE:0,2;REMOVE:0,7;REMOVE:1,7;REMOVE:2,8;REMOVE:3,2;REMOVE:4,5;REMOVE:6,8;REMOVE:8,9",0:2|7;1:7;2:8;3:2;4:5;5:7;6:8;7:7;8:9;9:-,0:6;1:4;2:7;3:7;4:3;5:7;6:2;7:7;8:-;9:-,0@6=4;1@4=1;2@6=1;2@4=1;2@1=2;2@2=3;2@3=1;2@7=1;3@4=2;3@3=1;4@2=1;4@3=1;5@3=1;5@8=1;6@4=1;6@5=1;6@9=2;7@6=1;7@1=2;7@2=1;7@7=1;7@8=1;7@0=1,"6,4,1,2,3,7,8,5,9,0",32,23,23,0,1.0,0.22641272428370196,0.8,0.026412724283701845,0.0,0.0,0.6,0.20977210998535156,Feasible
911,910,11,6,5,"ADD:0,2;ADD:2,8;ADD:3,9;ADD:6,7;ADD:7,5;ADD:8,7;REMOVE:0,6;REMOVE:2,7;REMOVE:3,7;REMOVE:6,2;REMOVE:7,7",0:6;1:4;2:7;3:7;4:3;5:7;6:2;7:7;8:-;9:-,0:2;1:4;2:8;3:9;4:3;5:7;6:7;7:5;8:7;9:-,0@0=1;0@2=2;0@3=1;1@4=2;2@2=1;2@4=1;2@1=1;3@3=1;3@9=1;4@2=1;4@3=1;4@1=1;5@7=1;6@0=1;6@3=1;7@2=1;7@3=2;7@5=1;8@0=1;8@3=1;8@8=2,"0,2,3,4,1,9,7,5,8",25,21,21,0,1.0,0.05734499008947935,0.625,0.032344990089479296,0.0,0.0,0.6,0.1959822177886963,Feasible
912,911,14,6,8,"ADD:0,7;ADD:2,7;ADD:3,7;ADD:6,4;ADD:7,4;ADD:8,9;REMOVE:0,2;REMOVE:1,4;REMOVE:2,8;REMOVE:3,9;REMOVE:4,3;REMOVE:6,7;REMOVE:7,5;REMOVE:8,7",0:2;1:4;2:8;3:9;4:3;5:7;6:7;7:5;8:7;9:-,0:7;1:-;2:7;3:7;4:-;5:7;6:4;7:4;8:9;9:-,0@1=1;0@2=1;0@3=1;0@4=2;0@6=1;2@1=1;2@3=1;2@4=1;2@6=2;2@8=1;2@9=2;3@1=1;3@2=1;3@8=1;3@0=1;5@7=1;6@2=1;6@4=1;7@4=1;8@1=1;8@2=1,"1,2,3,4,6,8,9,0,7",24,21,21,0,1.0,0.3029851504186336,0.8888888888888888,0.014096261529744712,0.0,0.0,0.6,0.19720697402954102,Feasible
913,912,16,9,7,"ADD:0,2;ADD:0,8;ADD:1,7;ADD:2,9;ADD:3,2;ADD:4,3;ADD:6,8;ADD:7,7;ADD:8,2;REMOVE:0,7;REMOVE:2,7;REMOVE:3,7;REMOVE:5,7;REMOVE:6,4;REMOVE:7,4;REMOVE:8,9",0:7;1:-;2:7;3:7;4:-;5:7;6:4;7:4;8:9;9:-,0:2|8;1:7;2:9;3:2;4:3;5:-;6:8;7:7;8:2;9:-,0@0=1;0@2=2;0@4=1;0@5=1;0@6=2;1@0=1;1@4=1;2@2=3;2@6=1;3@0=1;3@4=3;3@5=2;4@3=1;6@4=2;6@1=1;6@7=1;6@8=1;7@0=1;7@2=1;7@6=2;8@0=1;8@2=1;8@4=2,"0,2,4,5,6,3,1,7,8",33,23,23,0,1.0,0.11524720945524147,1.0,0.01524720945524144,0.0,0.0,0.8999999999999999,0.20045781135559082,Feasible
914,913,18,10,8,"ADD:0,7;ADD:1,8;ADD:2,7;ADD:3,7;ADD:3,8;ADD:4,2;ADD:4,8;ADD:5,7;ADD:6,7;ADD:8,8;REMOVE:0,2;REMOVE:0,8;REMOVE:1,7;REMOVE:2,9;REMOVE:3,2;REMOVE:4,3;REMOVE:6,8;REMOVE:8,2",0:2|8;1:7;2:9;3:2;4:3;5:-;6:8;7:7;8:2;9:-,0:7;1:8;2:7;3:7|8;4:2|8;5:7;6:7;7:7;8:8;9:-,0@1=3;0@2=2;0@4=1;0@9=2;1@1=1;1@4=1;2@1=1;2@9=2;2@0=1;2@3=1;3@1=3;3@4=3;3@0=1;3@3=1;3@5=1;3@6=2;4@1=2;4@2=2;4@4=1;4@9=1;4@0=1;4@5=2;4@8=1;5@4=1;5@9=1;5@7=1;6@2=2;6@4=2;6@0=1;6@6=1;6@8=1;6@7=1;7@1=2;7@2=2;7@4=1;7@9=1;7@3=1;7@7=1;8@1=1;8@4=2;8@8=1;8@7=1,"1,2,4,9,0,3,5,6,8,7",60,42,42,0,1.0,-0.0989425053262708,0.8888888888888888,0.012168605784840197,0.0,0.0,0.9999999999999999,0.24613714218139648,Feasible
915,914,11,5,6,"ADD:1,7;ADD:3,2;ADD:4,9;ADD:7,2;ADD:8,4;REMOVE:1,8;REMOVE:3,7;REMOVE:4,2;REMOVE:4,8;REMOVE:7,7;REMOVE:8,8",0:7;1:8;2:7;3:7|8;4:2|8;5:7;6:7;7:7;8:8;9:-,0:7;1:7;2:7;3:2|8;4:9;5:7;6:7;7:2;8:4;9:-,0@1=2;0@3=2;0@4=1;0@8=1;0@9=2;1@4=2;1@9=1;1@7=1;2@1=2;2@3=1;2@4=2;2@8=1;2@9=1;2@0=1;2@2=1;3@1=2;3@4=2;3@8=1;3@9=1;3@2=3;3@5=1;4@9=1;4@6=2;5@1=1;5@3=1;5@4=2;5@9=1;6@1=1;6@4=4;6@9=2;6@7=3;6@0=3;6@2=4;7@4=5;7@0=2;7@2=2;8@4=1,"1,3,4,8,9,7,0,2,5,6",66,37,37,0,1.0,0.06481820903108049,0.5454545454545454,0.019363663576535097,0.0,0.0,0.5,0.23309612274169922,Feasible
916,915,15,7,8,"ADD:0,2;ADD:1,4;ADD:4,7;ADD:5,3;ADD:6,2;ADD:7,7;ADD:8,7;REMOVE:0,7;REMOVE:1,7;REMOVE:3,2;REMOVE:4,9;REMOVE:5,7;REMOVE:6,7;REMOVE:7,2;REMOVE:8,4",0:7;1:7;2:7;3:2|8;4:9;5:7;6:7;7:2;8:4;9:-,0:2;1:4;2:7;3:8;4:7;5:3;6:2;7:7;8:7;9:-,0@0=1;0@2=2;0@3=1;0@4=2;0@9=1;1@4=1;2@0=1;2@2=1;2@4=1;2@6=1;2@7=1;2@8=1;3@4=2;3@8=1;3@1=1;3@5=1;4@0=1;4@3=4;4@4=3;4@9=1;4@6=1;4@7=1;4@1=2;5@2=2;5@3=1;5@1=1;6@0=2;6@3=1;6@4=3;6@5=1;7@0=2;7@3=1;7@4=1;7@8=1;8@2=1;8@3=1;8@4=2;8@6=1;8@7=1;8@8=1;8@1=1,"0,2,3,4,9,6,7,8,1,5",56,41,41,0,1.0,0.11426149128168839,0.8,0.01426149128168834,0.0,0.0,0.7,0.24219083786010742,Feasible
917,916,13,8,5,"ADD:0,7;ADD:1,8;ADD:3,2;ADD:5,5;ADD:6,5;ADD:6,8;ADD:7,8;ADD:8,3;REMOVE:0,2;REMOVE:1,4;REMOVE:3,8;REMOVE:5,3;REMOVE:6,2",0:2;1:4;2:7;3:8;4:7;5:3;6:2;7:7;8:7;9:-,0:7;1:8;2:7;3:2;4:7;5:5;6:5|8;7:7|8;8:3|7;9:-,0@0=2;0@4=1;0@6=1;0@7=1;1@1=1;1@8=1;2@0=1;2@4=2;2@3=1;3@2=1;4@0=1;4@6=1;4@2=3;5@5=1;6@0=1;6@1=2;6@5=1;7@0=1;7@4=2;7@6=1;7@1=2;7@8=2;7@2=3;7@5=1;7@9=2;8@4=3;8@7=1;8@1=1;8@3=1;8@5=1,"0,4,6,7,1,8,3,2,5,9",43,30,30,0,1.0,-0.2226987842049183,0.5555555555555556,0.021745660239526052,0.0,0.0,0.7999999999999999,0.209334135055542,Feasible
918,917,14,5,9,"ADD:0,4;ADD:3,4;ADD:4,2;ADD:6,7;ADD:8,5;REMOVE:0,7;REMOVE:1,8;REMOVE:3,2;REMOVE:4,7;REMOVE:5,5;REMOVE:6,5;REMOVE:6,8;REMOVE:8,3;REMOVE:8,7",0:7;1:8;2:7;3:2;4:7;5:5;6:5|8;7:7|8;8:3|7;9:-,0:4;1:-;2:7;3:4;4:2;5:-;6:7;7:7|8;8:5;9:-,0@4=1;2@4=1;2@0=1;3@4=2;3@2=1;4@4=1;4@2=1;4@9=1;6@4=1;6@0=1;6@2=1;6@1=1;6@3=1;6@6=1;7@2=1;7@9=1;7@6=1;7@5=1;7@7=1;7@8=1;8@5=1,"4,0,2,9,1,3,6,5,7,8",22,21,21,0,1.0,0.28172654187254986,0.75,0.03172654187254991,0.0,0.0,0.5,0.19622492790222168,Feasible
919,918,16,8,8,"ADD:0,9;ADD:1,8;ADD:3,7;ADD:4,8;ADD:5,8;ADD:6,8;ADD:7,6;ADD:8,7;REMOVE:0,4;REMOVE:2,7;REMOVE:3,4;REMOVE:4,2;REMOVE:6,7;REMOVE:7,7;REMOVE:7,8;REMOVE:8,5",0:4;1:-;2:7;3:4;4:2;5:-;6:7;7:7|8;8:5;9:-,0:9;1:8;2:-;3:7;4:8;5:8;6:8;7:6;8:7;9:-,0@1=1;0@2=1;1@1=1;1@2=2;1@4=1;1@5=1;1@7=1;3@1=2;3@4=2;3@9=1;4@2=1;4@8=1;5@4=1;5@8=1;6@1=1;6@2=3;6@4=1;6@5=1;6@7=3;7@1=1;7@6=1;8@4=1;8@3=1,"1,2,4,5,7,9,8,6,3",30,23,23,0,1.0,0.21012966886232964,1.0,0.010129668862329603,0.0,0.0,0.7999999999999999,0.19912505149841309,Feasible
920,919,18,11,7,"ADD:0,7;ADD:0,8;ADD:1,2;ADD:3,2;ADD:3,8;ADD:4,2;ADD:4,7;ADD:5,7;ADD:6,2;ADD:6,7;ADD:7,7;REMOVE:0,9;REMOVE:1,8;REMOVE:3,7;REMOVE:4,8;REMOVE:5,8;REMOVE:6,8;REMOVE:7,6",0:9;1:8;2:-;3:7;4:8;5:8;6:8;7:6;8:7;9:-,0:7|8;1:2;2:-;3:2|8;4:2|7;5:7;6:2|7;7:7;8:7;9:-,0@0=1;0@1=1;0@2=3;0@4=3;0@5=1;0@6=2;0@7=1;1@2=1;1@4=1;1@9=1;3@2=2;3@5=2;3@6=1;3@9=2;3@8=1;4@2=2;4@4=1;4@5=3;4@6=2;4@7=1;4@9=1;4@8=2;4@3=2;5@0=1;5@1=2;5@4=2;6@0=1;6@1=1;6@2=2;6@4=3;6@5=1;6@7=1;6@9=1;7@0=1;7@1=2;7@2=1;7@4=2;7@3=2;8@0=1;8@1=1;8@2=1;8@4=3;8@7=1;8@9=1;8@3=1,"0,1,2,4,5,6,7,9,8,3",69,45,45,0,1.0,-0.2073743695661029,0.875,0.017625630433897,0.0,0.0,1.0999999999999999,0.24977588653564453,Feasible
921,920,15,8,7,"ADD:0,5;ADD:1,7;ADD:2,7;ADD:5,5;ADD:7,2;ADD:7,9;ADD:8,2;ADD:9,8;REMOVE:0,8;REMOVE:1,2;REMOVE:3,2;REMOVE:4,2;REMOVE:5,7;REMOVE:7,7;REMOVE:8,7",0:7|8;1:2;2:-;3:2|8;4:2|7;5:7;6:2|7;7:7;8:7;9:-,0:5|7;1:7;2:7;3:8;4:7;5:5;6:2|7;7:2|9;8:2;9:8,0@0=1;0@1=2;0@3=1;0@5=3;0@8=1;0@9=1;1@9=1;1@4=2;2@0=2;2@1=3;2@3=1;2@4=2;2@2=4;3@1=2;3@5=1;3@8=1;3@4=2;3@2=1;3@6=1;4@1=2;4@8=2;4@9=1;4@4=2;4@2=4;4@6=1;4@7=1;5@5=1;6@0=2;6@1=1;6@5=1;6@4=3;6@2=4;6@7=2;7@1=4;7@5=1;7@9=1;7@4=2;7@2=2;8@0=1;8@8=2;8@2=2;9@8=1,"0,1,3,5,8,9,4,2,6,7",75,42,42,0,1.0,-0.19162070875211068,0.5833333333333334,0.025045957914555862,0.0,0.0,0.7999999999999999,0.23715496063232422,Feasible
922,921,14,6,8,"ADD:2,2;ADD:3,4;ADD:5,8;ADD:6,8;ADD:7,7;ADD:8,3;REMOVE:0,5;REMOVE:2,7;REMOVE:3,8;REMOVE:5,5;REMOVE:6,2;REMOVE:7,9;REMOVE:8,2;REMOVE:9,8",0:5|7;1:7;2:7;3:8;4:7;5:5;6:2|7;7:2|9;8:2;9:8,0:7;1:7;2:2;3:4;4:7;5:8;6:7|8;7:2|7;8:3;9:-,0@0=1;0@1=2;0@2=4;0@4=2;0@7=1;1@0=1;1@1=1;2@2=4;2@4=1;2@5=2;2@8=1;2@9=1;3@2=3;3@4=3;4@0=1;4@2=1;4@4=2;4@6=1;5@5=1;5@8=1;6@1=1;6@2=1;6@4=2;6@5=2;6@6=1;6@3=1;7@0=1;7@1=3;7@2=1;7@4=1;7@7=1;7@5=1;7@9=1;7@3=1;8@1=2;8@2=2;8@3=2,"0,1,2,4,7,5,8,9,6,3",58,37,37,0,1.0,0.03703843265679352,0.6153846153846154,0.021653817272178088,0.0,0.0,0.6,0.22675609588623047,Feasible
923,922,13,6,7,"ADD:2,7;ADD:2,8;ADD:3,7;ADD:6,2;ADD:7,5;ADD:8,7;REMOVE:2,2;REMOVE:3,4;REMOVE:5,8;REMOVE:6,8;REMOVE:7,2;REMOVE:7,7;REMOVE:8,3",0:7;1:7;2:2;3:4;4:7;5:8;6:7|8;7:2|7;8:3;9:-,0:7;1:7;2:7|8;3:7;4:7;5:-;6:2|7;7:5;8:7;9:-,0@0=1;0@1=1;0@2=2;0@4=2;0@7=1;0@8=1;1@0=1;1@3=1;2@0=1;2@1=2;2@2=1;2@7=1;2@5=2;2@6=1;3@1=2;3@2=1;3@4=3;3@7=2;3@8=1;3@3=1;3@6=1;4@0=1;4@7=1;4@6=1;4@9=1;6@0=2;6@1=1;6@2=1;6@4=3;6@7=1;6@5=1;6@9=1;7@2=1;7@5=1;8@1=2;8@7=2,"0,1,2,4,7,8,3,5,6,9",49,36,36,0,1.0,0.057405587223956944,0.6363636363636364,0.021041950860320572,0.0,0.0,0.6,0.23031282424926758,Feasible
924,923,13,7,6,"ADD:0,8;ADD:0,9;ADD:1,8;ADD:3,9;ADD:5,8;ADD:6,8;ADD:7,7;REMOVE:0,7;REMOVE:1,7;REMOVE:2,7;REMOVE:3,7;REMOVE:6,2;REMOVE:7,5",0:7;1:7;2:7|8;3:7;4:7;5:-;6:2|7;7:5;8:7;9:-,0:8|9;1:8;2:8;3:9;4:7;5:8;6:7|8;7:7;8:7;9:-,0@1=1;0@2=2;0@6=1;0@8=1;0@9=1;1@1=2;1@5=1;2@2=1;2@8=1;2@5=1;3@1=1;3@9=1;3@7=1;4@1=1;4@2=1;4@7=1;4@0=1;4@3=1;5@1=2;5@2=1;5@5=1;6@1=1;6@2=1;6@6=1;6@5=1;6@7=1;6@0=1;7@1=1;7@2=2;7@6=1;7@8=1;7@0=1;7@3=1;8@1=2;8@6=1;8@0=1,"1,2,6,8,9,5,7,0,3",41,36,36,0,1.0,-0.08567444822381332,0.6,0.014325551776186616,0.0,0.0,0.7,0.21785593032836914,Feasible
925,924,11,5,6,"ADD:0,7;ADD:3,7;ADD:3,8;ADD:4,9;ADD:8,8;REMOVE:0,8;REMOVE:0,9;REMOVE:3,9;REMOVE:4,7;REMOVE:6,8;REMOVE:8,7",0:8|9;1:8;2:8;3:9;4:7;5:8;6:7|8;7:7;8:7;9:-,0:7;1:8;2:8;3:7|8;4:9;5:8;6:7;7:7;8:8;9:-,0@0=1;0@1=1;1@1=1;1@8=1;2@1=3;2@2=1;3@3=2;3@4=1;3@5=2;3@6=1;4@3=1;4@9=1;5@8=2;5@6=1;5@7=1;6@8=1;6@4=1;6@9=1;7@0=1;7@1=1;7@4=2;7@9=1;8@8=1;8@7=1,"0,1,8,2,3,4,5,6,9,7",30,24,24,0,1.0,0.06195134906476407,0.5454545454545454,0.016496803610218665,0.0,0.0,0.5,0.20002007484436035,Feasible
926,925,14,7,7,"ADD:1,7;ADD:2,9;ADD:4,4;ADD:5,5;ADD:7,6;ADD:8,7;ADD:9,1;REMOVE:1,8;REMOVE:2,8;REMOVE:3,8;REMOVE:4,9;REMOVE:5,8;REMOVE:7,7;REMOVE:8,8",0:7;1:8;2:8;3:7|8;4:9;5:8;6:7;7:7;8:8;9:-,0:7;1:7;2:9;3:7;4:4;5:5;6:7;7:6;8:7;9:1,0@0=1;0@1=1;0@2=1;0@3=1;0@4=1;0@9=2;1@2=2;1@3=1;1@6=1;1@7=1;1@8=1;2@9=1;3@4=1;3@9=1;3@8=1;4@2=1;4@4=1;5@5=1;6@4=1;6@7=1;7@6=2;8@2=4;8@6=1;8@7=1;9@1=1,"0,1,2,3,4,9,6,7,8,5",31,25,25,0,1.0,0.02918908827871336,0.7,0.029189088278713356,0.0,0.0,0.7,0.20167088508605957,Feasible
927,926,10,5,5,"ADD:0,2;ADD:4,7;ADD:5,7;ADD:6,2;ADD:7,7;REMOVE:0,7;REMOVE:4,4;REMOVE:5,5;REMOVE:7,6;REMOVE:9,1",0:7;1:7;2:9;3:7;4:4;5:5;6:7;7:6;8:7;9:1,0:2;1:7;2:9;3:7;4:7;5:7;6:2|7;7:7;8:7;9:-,0@3=1;0@4=3;0@5=2;0@7=1;0@8=1;0@9=2;1@3=1;1@4=1;1@7=2;1@8=1;1@9=1;1@2=1;2@3=1;2@6=1;3@3=1;3@4=1;3@7=1;3@2=1;3@0=1;3@1=1;4@3=1;4@7=1;4@6=2;4@1=2;5@0=1;5@1=1;6@3=3;6@4=2;6@5=1;6@7=2;6@8=2;6@2=1;6@0=1;6@1=2;7@3=1;7@4=1;7@7=1;7@9=1;7@2=2;7@6=1;7@0=1;8@3=1;8@4=1;8@7=2;8@9=1,"3,4,5,7,8,9,2,6,0,1",60,45,45,0,1.0,0.01703343820062153,0.5,0.017033438200621562,0.0,0.0,0.5,0.2517528533935547,Feasible
928,927,16,9,7,"ADD:0,7;ADD:1,9;ADD:2,7;ADD:2,8;ADD:3,9;ADD:4,2;ADD:5,4;ADD:8,3;ADD:9,4;REMOVE:1,7;REMOVE:2,9;REMOVE:3,7;REMOVE:4,7;REMOVE:5,7;REMOVE:6,7;REMOVE:8,7",0:2;1:7;2:9;3:7;4:7;5:7;6:2|7;7:7;8:7;9:-,0:2|7;1:9;2:7|8;3:9;4:2;5:4;6:2;7:7;8:3;9:4,0@2=1;0@4=3;0@5=2;0@6=1;0@7=1;0@9=1;1@7=1;1@9=1;1@3=2;2@5=1;2@7=1;2@9=1;2@8=2;3@2=1;3@9=1;3@3=1;3@1=1;4@2=2;4@4=1;4@5=1;4@3=1;5@4=2;6@2=1;6@3=1;6@8=1;6@0=2;7@7=1;7@3=1;7@1=1;8@2=2;8@3=1;8@1=3;9@4=1,"2,4,5,6,7,9,3,8,1,0",44,33,33,0,1.0,-0.1657870373626118,0.7,0.03421296263738821,0.0,0.0,0.8999999999999999,0.21822023391723633,Feasible
929,928,19,9,10,"ADD:1,7;ADD:2,1;ADD:3,7;ADD:4,8;ADD:5,8;ADD:6,7;ADD:8,8;ADD:8,9;ADD:9,5;REMOVE:0,2;REMOVE:1,9;REMOVE:2,7;REMOVE:2,8;REMOVE:3,9;REMOVE:4,2;REMOVE:5,4;REMOVE:6,2;REMOVE:8,3;REMOVE:9,4",0:2|7;1:9;2:7|8;3:9;4:2;5:4;6:2;7:7;8:3;9:4,0:7;1:7;2:1;3:7;4:8;5:8;6:7;7:7;8:8|9;9:5,0@0=1;0@1=1;0@2=1;0@3=2;0@7=1;0@9=1;1@3=1;1@7=1;1@4=1;2@1=2;2@3=1;2@6=1;2@8=3;3@0=1;3@2=1;3@9=2;3@4=1;3@6=1;3@8=1;4@7=2;4@6=1;4@5=1;5@1=1;5@2=1;5@8=1;6@0=1;6@2=1;6@7=1;6@9=1;6@4=2;6@8=2;7@0=1;7@3=1;7@6=1;7@8=2;8@1=1;8@2=1;8@7=1;8@9=1;8@6=1;8@5=1;9@5=1,"0,1,2,3,7,9,4,6,8,5",51,42,42,0,1.0,-0.052505663055097074,0.8333333333333334,0.014161003611569519,0.0,0.0,0.8999999999999999,0.2364208698272705,Feasible
930,929,12,6,6,"ADD:0,8;ADD:1,8;ADD:2,2;ADD:4,1;ADD:8,2;ADD:9,1;REMOVE:1,7;REMOVE:2,1;REMOVE:4,8;REMOVE:8,8;REMOVE:8,9;REMOVE:9,5",0:7;1:7;2:1;3:7;4:8;5:8;6:7;7:7;8:8|9;9:5,0:7|8;1:8;2:2;3:7;4:1;5:8;6:7;7:7;8:2;9:1,0@0=2;0@1=2;0@4=4;0@5=3;0@6=1;1@1=1;1@4=1;2@0=1;2@4=2;2@5=1;3@0=2;3@1=1;3@4=2;3@2=1;3@9=1;4@1=3;4@9=2;4@3=1;4@8=1;5@8=1;6@0=1;6@4=2;7@1=1;7@4=1;7@9=2;7@8=1;8@4=1;8@5=1;8@2=3;9@1=1,"0,1,4,5,6,2,9,3,8",47,30,30,0,1.0,-0.035797114774597016,0.5454545454545454,0.01874833977085756,0.0,0.0,0.6,0.21103811264038086,Feasible
931,930,19,10,9,"ADD:0,3;ADD:1,2;ADD:2,7;ADD:3,3;ADD:4,5;ADD:4,8;ADD:5,7;ADD:6,8;ADD:7,3;ADD:8,9;REMOVE:0,7;REMOVE:0,8;REMOVE:1,8;REMOVE:2,2;REMOVE:3,7;REMOVE:4,1;REMOVE:5,8;REMOVE:8,2;REMOVE:9,1",0:7|8;1:8;2:2;3:7;4:1;5:8;6:7;7:7;8:2;9:1,0:3;1:2;2:7;3:3;4:5|8;5:7;6:7|8;7:3|7;8:9;9:-,0@1=1;0@3=2;0@5=1;1@0=2;1@2=2;2@1=2;2@0=1;2@2=1;3@1=2;3@3=2;3@5=1;3@7=1;4@5=1;4@0=2;4@2=1;4@6=1;5@1=1;5@0=1;5@6=1;6@1=2;6@5=1;6@0=2;6@2=1;6@7=1;6@6=1;6@4=3;6@8=1;7@1=1;7@3=1;7@5=1;7@7=1;7@4=1;8@1=1;8@2=1;8@9=1,"1,3,5,0,2,7,6,4,8,9",46,35,35,0,1.0,-0.15687246162598167,0.8181818181818182,0.024945720192199972,0.0,0.0,0.9999999999999999,0.22231292724609375,Feasible
932,931,19,8,11,"ADD:0,2;ADD:1,8;ADD:3,6;ADD:4,2;ADD:5,2;ADD:6,6;ADD:7,9;ADD:8,4;REMOVE:0,3;REMOVE:1,2;REMOVE:3,3;REMOVE:4,5;REMOVE:4,8;REMOVE:5,7;REMOVE:6,7;REMOVE:6,8;REMOVE:7,3;REMOVE:7,7;REMOVE:8,9",0:3;1:2;2:7;3:3;4:5|8;5:7;6:7|8;7:3|7;8:9;9:-,0:2;1:8;2:7;3:6;4:2;5:2;6:6;7:9;8:4;9:-,0@2=1;0@5=3;0@7=1;1@7=1;1@1=1;1@8=1;2@7=1;2@1=1;2@4=2;3@6=1;4@5=1;4@7=1;4@4=1;4@0=1;4@3=1;4@9=1;5@2=1;6@4=1;6@6=1;6@9=1;7@2=1;7@9=1;8@4=2,"2,5,7,1,8,4,6,0,3,9",27,23,23,0,1.0,0.14877357280408265,0.9166666666666666,0.03210690613741596,0.0,0.0,0.7999999999999999,0.20376086235046387,Feasible
933,932,17,9,8,"ADD:0,8;ADD:0,9;ADD:1,7;ADD:2,4;ADD:3,2;ADD:4,7;ADD:6,8;ADD:7,8;ADD:9,9;REMOVE:0,2;REMOVE:1,8;REMOVE:2,7;REMOVE:3,6;REMOVE:4,2;REMOVE:6,6;REMOVE:7,9;REMOVE:8,4",0:2;1:8;2:7;3:6;4:2;5:2;6:6;7:9;8:4;9:-,0:8|9;1:7;2:4;3:2;4:7;5:2;6:8;7:8;8:-;9:9,0@1=1;0@2=1;0@5=1;0@6=1;0@9=1;1@1=1;1@2=1;1@9=1;1@4=1;1@8=1;2@4=1;3@2=1;3@5=1;3@9=1;3@7=1;4@1=1;4@9=1;4@4=1;4@3=1;5@2=1;6@1=1;6@5=1;6@6=1;7@1=1;7@4=1;9@9=1,"1,2,5,6,9,4,8,7,3",26,26,26,0,1.0,0.006354448900071419,0.8888888888888888,0.017465560011182504,0.0,0.0,0.8999999999999999,0.20618295669555664,Feasible
934,933,19,11,8,"ADD:1,8;ADD:2,8;ADD:3,7;ADD:3,8;ADD:4,8;ADD:4,9;ADD:5,8;ADD:6,7;ADD:7,7;ADD:8,8;ADD:9,8;REMOVE:1,7;REMOVE:2,4;REMOVE:3,2;REMOVE:4,7;REMOVE:5,2;REMOVE:6,8;REMOVE:7,8;REMOVE:9,9",0:8|9;1:7;2:4;3:2;4:7;5:2;6:8;7:8;8:-;9:9,0:8|9;1:8;2:8;3:7|8;4:8|9;5:8;6:7;7:7;8:8;9:8,0@1=2;0@2=1;0@4=1;0@5=1;0@6=1;0@9=1;1@1=1;1@2=3;1@4=2;1@5=2;1@7=1;1@8=1;2@1=3;2@4=1;3@1=3;3@4=2;3@5=1;3@9=1;3@8=1;4@2=1;4@6=1;4@9=1;4@8=1;5@1=1;5@4=3;5@6=1;5@7=1;5@8=1;6@1=1;6@2=5;6@4=1;6@7=1;6@8=1;6@0=1;7@2=2;7@4=2;7@6=1;7@9=2;7@0=1;7@3=1;8@1=2;8@2=1;8@4=4;8@6=1;9@4=1;9@5=1,"1,2,4,5,6,9,7,8,0,3",69,46,46,0,1.0,-0.2904249047893762,0.8,0.009575095210623653,0.0,0.0,1.0999999999999999,0.25225210189819336,Feasible
935,934,6,3,3,"ADD:4,2;ADD:5,9;ADD:6,2;REMOVE:0,9;REMOVE:4,8;REMOVE:9,8",0:8|9;1:8;2:8;3:7|8;4:8|9;5:8;6:7;7:7;8:8;9:8,0:8;1:8;2:8;3:7|8;4:2|9;5:8|9;6:2|7;7:7;8:8;9:-,0@2=1;0@4=5;0@5=1;0@6=1;0@7=1;0@8=1;1@4=1;1@8=1;2@4=3;2@5=2;2@6=4;2@8=1;2@1=1;3@2=1;3@4=2;3@5=1;3@6=1;3@7=2;3@1=1;3@9=1;4@2=1;4@5=2;4@6=1;4@9=1;5@8=2;5@9=1;6@2=3;6@4=1;6@5=2;6@6=1;6@8=1;6@9=2;6@0=1;6@3=1;7@2=2;7@4=1;7@6=1;7@8=1;7@1=1;7@0=1;8@4=2;8@1=1,"2,4,5,6,7,8,1,9,0,3",62,42,42,0,1.0,-0.04877446363996474,0.23076923076923078,0.020456305590804504,0.0,0.0,0.30000000000000004,0.24601006507873535,Feasible
936,935,14,6,8,"ADD:0,7;ADD:1,2;ADD:5,7;ADD:6,3;ADD:8,7;ADD:9,5;REMOVE:1,8;REMOVE:3,7;REMOVE:4,2;REMOVE:5,8;REMOVE:5,9;REMOVE:6,2;REMOVE:6,7;REMOVE:8,8",0:8;1:8;2:8;3:7|8;4:2|9;5:8|9;6:2|7;7:7;8:8;9:-,0:7|8;1:2;2:8;3:8;4:9;5:7;6:3;7:7;8:7;9:5,0@0=2;0@1=2;0@2=2;0@4=3;0@5=2;0@6=2;0@8=1;1@2=1;1@4=2;1@9=2;2@1=1;2@2=1;2@4=2;2@5=1;2@6=1;2@8=2;3@1=1;3@2=1;3@4=2;3@6=1;3@8=1;4@9=1;4@3=1;4@7=1;5@4=1;5@6=1;5@8=1;5@3=1;6@1=1;6@2=1;6@3=2;7@0=1;7@1=1;7@4=1;7@6=1;7@7=3;8@2=1;8@6=1;8@7=1;9@5=1,"0,1,2,4,5,6,8,9,3,7",55,40,40,0,1.0,0.03796676308369373,0.6153846153846154,0.022582147699078327,0.0,0.0,0.6,0.2644920349121094,Feasible
937,936,16,7,9,"ADD:1,1;ADD:2,2;ADD:3,7;ADD:4,2;ADD:6,7;ADD:7,6;ADD:8,2;REMOVE:0,8;REMOVE:1,2;REMOVE:2,8;REMOVE:3,8;REMOVE:4,9;REMOVE:6,3;REMOVE:7,7;REMOVE:8,7;REMOVE:9,5",0:7|8;1:2;2:8;3:8;4:9;5:7;6:3;7:7;8:7;9:5,0:7;1:1;2:2;3:7;4:2;5:7;6:7;7:6;8:2;9:-,0@0=1;0@3=1;0@4=1;0@7=1;0@8=1;1@3=1;1@8=1;1@1=1;2@0=1;2@4=4;2@2=2;3@0=1;3@3=1;3@4=1;3@7=1;3@2=2;4@3=1;4@4=1;4@7=1;4@2=1;4@5=1;4@9=1;5@0=1;5@8=1;5@1=1;5@9=1;6@0=1;6@7=1;6@1=1;7@4=2;7@8=1;7@1=1;7@9=1;7@6=1;8@0=1;8@4=1;8@8=1;8@2=1;8@9=2,"0,3,4,7,8,1,2,5,9,6",46,39,39,0,1.0,0.1391625277482017,0.8181818181818182,0.02098070956638348,0.0,0.0,0.7,0.243927001953125,Feasible
938,937,11,5,6,"ADD:1,7;ADD:4,7;ADD:7,8;ADD:8,7;ADD:9,1;REMOVE:1,1;REMOVE:2,2;REMOVE:4,2;REMOVE:5,7;REMOVE:7,6;REMOVE:8,2",0:7;1:1;2:2;3:7;4:2;5:7;6:7;7:6;8:2;9:-,0:7;1:7;2:-;3:7;4:7;5:-;6:7;7:8;8:7;9:1,0@1=1;0@2=1;0@3=1;0@4=2;1@1=2;1@3=2;1@4=1;1@6=2;1@7=1;1@8=1;1@9=2;3@1=1;3@2=1;3@8=2;3@9=1;3@0=1;4@1=1;4@2=2;4@3=1;4@8=1;4@9=1;6@3=1;6@4=2;6@0=1;7@8=1;8@7=1;9@1=1,"1,2,3,4,6,7,8,9,0",35,27,27,0,1.0,0.1777958030890372,0.6666666666666666,0.011129136422370595,0.0,0.0,0.5,0.20876193046569824,Feasible
939,938,13,6,7,"ADD:0,2;ADD:1,2;ADD:3,6;ADD:5,8;ADD:7,7;ADD:8,9;REMOVE:0,7;REMOVE:1,7;REMOVE:3,7;REMOVE:6,7;REMOVE:7,8;REMOVE:8,7;REMOVE:9,1",0:7;1:7;2:-;3:7;4:7;5:-;6:7;7:8;8:7;9:1,0:2;1:2;2:-;3:6;4:7;5:8;6:-;7:7;8:9;9:-,0@2=2;1@2=1;3@1=1;3@4=1;3@6=1;3@8=1;3@9=2;4@8=2;4@9=1;4@3=1;5@1=1;5@4=1;7@7=1;8@9=1,"2,1,4,6,8,9,3,7",17,14,14,0,1.0,0.3131647833322645,0.875,0.03816478333226453,0.0,0.0,0.6,0.17818593978881836,Feasible
940,939,7,3,4,"ADD:0,5;ADD:3,7;ADD:7,9;REMOVE:0,2;REMOVE:3,6;REMOVE:7,7;REMOVE:8,9",0:2;1:2;2:-;3:6;4:7;5:8;6:-;7:7;8:9;9:-,0:5;1:2;2:-;3:7;4:7;5:8;6:-;7:9;8:-;9:-,0@0=1;0@2=2;0@5=1;1@0=1;1@2=1;3@2=1;3@7=1;4@2=1;4@7=1;5@8=1;7@2=1;7@1=1,"0,2,5,7,8,1",13,12,12,0,1.0,0.30742400162415395,0.5714285714285714,0.035995430195582594,0.0,0.0,0.30000000000000004,0.16512703895568848,Feasible
941,940,11,6,5,"ADD:1,7;ADD:5,4;ADD:6,2;ADD:7,5;ADD:7,8;ADD:8,2;REMOVE:0,5;REMOVE:1,2;REMOVE:3,7;REMOVE:5,8;REMOVE:7,9",0:5;1:2;2:-;3:7;4:7;5:8;6:-;7:9;8:-;9:-,0:-;1:7;2:-;3:-;4:7;5:4;6:2;7:5|8;8:2;9:-,1@0=2;1@4=1;1@6=1;1@8=1;1@9=2;4@0=2;4@4=1;4@9=1;4@1=1;5@4=1;5@6=1;5@2=2;6@4=1;6@9=2;6@2=1;7@4=1;7@6=2;7@8=1;7@2=2;7@5=3;7@7=1;8@0=1;8@8=1;8@9=2;8@2=1,"0,4,6,8,9,1,2,5,7",35,25,25,0,1.0,0.25471723259085766,0.8333333333333334,0.02138389925752426,0.0,0.0,0.6,0.20805788040161133,Feasible
942,941,17,10,7,"ADD:0,7;ADD:1,1;ADD:3,7;ADD:3,8;ADD:4,2;ADD:5,7;ADD:6,7;ADD:6,8;ADD:7,7;ADD:8,8;REMOVE:1,7;REMOVE:4,7;REMOVE:5,4;REMOVE:6,2;REMOVE:7,5;REMOVE:7,8;REMOVE:8,2",0:-;1:7;2:-;3:-;4:7;5:4;6:2;7:5|8;8:2;9:-,0:7;1:1;2:-;3:7|8;4:2;5:7;6:7|8;7:7;8:8;9:-,0@0=1;0@1=1;0@2=2;0@4=5;0@6=1;0@7=1;0@9=1;1@1=1;3@1=1;3@2=2;3@4=2;3@6=1;3@7=2;3@9=1;3@5=1;4@0=1;4@2=3;4@4=2;4@5=1;5@1=1;5@2=1;5@4=1;5@9=1;6@1=2;6@4=3;6@7=2;6@9=1;6@5=1;6@3=1;6@8=1;7@1=2;7@2=2;7@4=2;7@6=3;7@9=2;7@3=2;7@8=1;8@1=2;8@2=1;8@4=2;8@6=1;8@5=1,"0,1,2,4,6,7,9,5,3,8",66,42,42,0,1.0,0.015054869479738886,1.0,0.015054869479738777,0.0,0.0,0.9999999999999999,0.24924111366271973,Feasible
943,942,15,7,8,"ADD:0,8;ADD:0,9;ADD:1,8;ADD:3,9;ADD:4,7;ADD:6,2;ADD:8,7;REMOVE:0,7;REMOVE:1,1;REMOVE:3,7;REMOVE:3,8;REMOVE:4,2;REMOVE:6,7;REMOVE:6,8;REMOVE:8,8",0:7;1:1;2:-;3:7|8;4:2;5:7;6:7|8;7:7;8:8;9:-,0:8|9;1:8;2:-;3:9;4:7;5:7;6:2;7:7;8:7;9:-,0@1=2;0@2=3;0@4=2;0@5=1;0@6=1;0@9=1;1@1=1;1@2=4;1@4=2;1@7=1;1@8=1;3@1=2;3@2=1;3@9=1;3@3=1;4@1=2;4@2=2;4@4=2;4@3=1;4@0=1;5@1=2;5@2=2;5@4=1;5@3=1;6@2=3;6@4=1;6@8=1;6@3=2;6@0=1;7@1=1;7@2=1;7@4=2;7@9=1;7@8=1;8@1=2;8@0=2,"1,2,4,5,6,9,7,8,3,0",56,36,36,0,1.0,0.11096734916758266,0.8,0.010967349167582569,0.0,0.0,0.7,0.23396563529968262,Feasible
944,943,15,7,8,"ADD:0,7;ADD:1,7;ADD:3,7;ADD:4,9;ADD:5,5;ADD:6,7;ADD:7,9;REMOVE:0,8;REMOVE:0,9;REMOVE:1,8;REMOVE:3,9;REMOVE:4,7;REMOVE:5,7;REMOVE:6,2;REMOVE:7,7",0:8|9;1:8;2:-;3:9;4:7;5:7;6:2;7:7;8:7;9:-,0:7;1:7;2:-;3:7;4:9;5:5;6:7;7:9;8:7;9:-,0@1=1;0@2=2;0@4=4;0@7=1;1@4=2;1@7=1;1@0=2;1@9=2;3@1=1;3@4=2;3@9=2;4@1=2;4@2=1;4@7=1;4@9=1;4@6=2;5@2=1;5@3=2;5@5=1;6@1=1;6@7=1;7@1=1;7@2=1;7@6=1;8@1=2;8@4=1;8@7=1;8@3=1,"1,2,4,7,0,9,6,3,5",41,28,28,0,1.0,0.2026011989475489,0.8888888888888888,0.013712310058660028,0.0,0.0,0.7,0.21259808540344238,Feasible
945,944,18,10,8,"ADD:0,2;ADD:0,3;ADD:1,2;ADD:3,8;ADD:4,2;ADD:4,8;ADD:5,8;ADD:6,4;ADD:7,8;ADD:8,8;REMOVE:0,7;REMOVE:1,7;REMOVE:3,7;REMOVE:4,9;REMOVE:5,5;REMOVE:6,7;REMOVE:7,9;REMOVE:8,7",0:7;1:7;2:-;3:7;4:9;5:5;6:7;7:9;8:7;9:-,0:2|3;1:2;2:-;3:8;4:2|8;5:8;6:4;7:8;8:8;9:-,0@1=2;0@2=1;0@3=1;0@4=1;0@5=4;0@9=1;1@2=1;1@3=1;1@4=3;1@5=1;1@8=1;3@2=1;3@4=3;3@8=1;4@1=1;4@2=1;4@3=1;4@4=2;4@5=1;4@8=1;4@0=1;5@1=1;5@2=1;5@4=1;5@8=1;6@4=1;7@4=1;7@5=1;7@8=1;7@6=1;7@7=1;8@4=1;8@5=1,"1,2,3,4,5,9,8,0,6,7",42,33,33,0,1.0,0.02124940377918605,1.0,0.021249403779186025,0.0,0.0,0.9999999999999999,0.24543094635009766,Feasible
946,945,16,7,9,"ADD:0,7;ADD:3,2;ADD:4,7;ADD:5,4;ADD:6,7;ADD:7,2;ADD:8,4;REMOVE:0,2;REMOVE:0,3;REMOVE:3,8;REMOVE:4,2;REMOVE:4,8;REMOVE:5,8;REMOVE:6,4;REMOVE:7,8;REMOVE:8,8",0:2|3;1:2;2:-;3:8;4:2|8;5:8;6:4;7:8;8:8;9:-,0:7;1:2;2:-;3:2;4:7;5:4;6:7;7:2;8:4;9:-,0@1=2;0@2=1;0@3=1;0@4=2;0@7=2;1@2=2;1@4=1;1@9=1;3@2=1;4@2=2;4@4=1;4@7=1;4@0=1;4@6=1;5@4=1;6@3=1;6@7=1;7@2=1;7@3=2;7@4=1;7@9=1;8@2=2;8@4=1;8@6=1,"1,2,3,4,7,9,0,6",31,24,24,0,1.0,0.2349090484131675,0.9,0.034909048413167436,0.0,0.0,0.7,0.2618577480316162,Feasible
947,946,16,9,7,"ADD:0,8;ADD:1,5;ADD:1,9;ADD:2,8;ADD:3,9;ADD:5,7;ADD:6,1;ADD:7,4;ADD:8,1;REMOVE:0,7;REMOVE:1,2;REMOVE:3,2;REMOVE:5,4;REMOVE:6,7;REMOVE:7,2;REMOVE:8,4",0:7;1:2;2:-;3:2;4:7;5:4;6:7;7:2;8:4;9:-,0:8;1:5|9;2:8;3:9;4:7;5:7;6:1;7:4;8:1;9:-,0@2=1;0@4=2;0@8=1;1@0=1;1@1=1;1@5=1;1@9=1;2@8=1;3@2=1;3@9=1;4@8=1;4@0=1;4@7=1;5@4=1;5@1=2;5@3=1;6@1=2;7@2=1;7@4=1;7@6=1;8@1=1,"2,4,8,0,1,5,9,7,3,6",24,21,21,0,1.0,0.016289908929247754,0.875,0.04128990892924766,0.0,0.0,0.8999999999999999,0.2927889823913574,Feasible
948,947,14,6,8,"ADD:3,7;ADD:4,8;ADD:5,2;ADD:6,9;ADD:7,9;ADD:8,3;REMOVE:1,5;REMOVE:2,8;REMOVE:3,9;REMOVE:4,7;REMOVE:5,7;REMOVE:6,1;REMOVE:7,4;REMOVE:8,1",0:8;1:5|9;2:8;3:9;4:7;5:7;6:1;7:4;8:1;9:-,0:8;1:9;2:-;3:7;4:8;5:2;6:9;7:9;8:3;9:-,0@1=1;0@2=2;0@4=1;1@1=1;1@2=1;1@9=1;3@1=1;3@2=1;3@3=1;3@8=1;4@1=1;4@2=5;4@4=2;4@8=1;4@5=1;4@6=1;5@2=1;6@9=1;7@1=1;7@2=2;7@6=1;8@1=1;8@3=1,"1,2,4,9,3,8,5,6",30,23,23,0,1.0,0.21634507161320038,0.8,0.01634507161320028,0.0,0.0,0.6,0.3009190559387207,Feasible
949,948,17,9,8,"ADD:0,7;ADD:1,7;ADD:3,3;ADD:3,5;ADD:4,7;ADD:5,0;ADD:6,8;ADD:7,7;ADD:8,7;REMOVE:0,8;REMOVE:1,9;REMOVE:3,7;REMOVE:4,8;REMOVE:5,2;REMOVE:6,9;REMOVE:7,9;REMOVE:8,3",0:8;1:9;2:-;3:7;4:8;5:2;6:9;7:9;8:3;9:-,0:7;1:7;2:-;3:3|5;4:7;5:0;6:8;7:7;8:7;9:-,0@0=3;0@4=2;0@6=1;0@7=2;0@9=1;1@4=2;1@9=1;1@1=1;1@2=1;3@0=1;3@1=1;3@2=2;3@3=1;3@5=1;4@4=1;4@6=1;4@7=1;4@9=1;4@2=1;5@0=1;6@6=1;6@5=1;7@0=2;7@4=1;7@9=1;7@1=2;7@8=1;8@4=1;8@6=1;8@7=1;8@9=1;8@1=1;8@2=2;8@3=1;8@8=1,"0,4,6,7,9,1,2,3,5,8",44,35,35,0,1.0,0.11614199620012577,1.0,0.016141996200125602,0.0,0.0,0.8999999999999999,0.3353290557861328,Feasible
950,949,14,7,7,"ADD:3,8;ADD:4,8;ADD:5,7;ADD:6,2;ADD:7,2;ADD:8,2;ADD:9,9;REMOVE:3,3;REMOVE:3,5;REMOVE:4,7;REMOVE:5,0;REMOVE:6,8;REMOVE:7,7;REMOVE:8,7",0:7;1:7;2:-;3:3|5;4:7;5:0;6:8;7:7;8:7;9:-,0:7;1:7;2:-;3:8;4:8;5:7;6:2;7:2;8:2;9:9,0@2=1;0@3=1;0@4=2;0@7=1;0@9=1;1@2=4;1@3=1;1@4=1;1@9=1;1@0=1;1@1=1;1@6=1;3@4=2;3@1=1;3@5=1;4@2=1;4@4=3;4@7=2;4@1=2;4@5=1;4@8=2;5@4=1;5@9=1;6@2=1;7@2=1;7@4=2;7@9=1;7@8=1;8@2=1;9@9=1,"2,3,4,7,9,0,1,6,5,8",41,30,30,0,1.0,0.09352867561398104,0.7777777777777778,0.01575089783620315,0.0,0.0,0.7,0.31044888496398926,Feasible
951,950,14,7,7,"ADD:1,8;ADD:2,4;ADD:4,7;ADD:5,8;ADD:6,9;ADD:7,7;ADD:8,5;REMOVE:1,7;REMOVE:4,8;REMOVE:5,7;REMOVE:6,2;REMOVE:7,2;REMOVE:8,2;REMOVE:9,9",0:7;1:7;2:-;3:8;4:8;5:7;6:2;7:2;8:2;9:9,0:7;1:8;2:4;3:8;4:7;5:8;6:9;7:7;8:5;9:-,0@0=2;0@1=1;0@2=1;0@4=2;0@6=2;0@9=1;1@1=1;1@2=2;1@4=2;2@4=1;3@4=1;3@6=1;3@5=1;4@1=1;4@4=2;4@6=1;4@9=1;4@3=1;4@7=1;5@1=3;5@5=1;6@2=1;6@9=1;7@4=1;7@9=2;8@5=1;8@3=1,"0,1,2,4,6,9,5,3,7",36,27,27,0,1.0,0.0888271980141464,0.7777777777777778,0.011049420236368597,0.0,0.0,0.7,0.27094292640686035,Feasible
952,951,12,6,6,"ADD:3,2;ADD:3,7;ADD:4,2;ADD:6,8;ADD:7,8;ADD:8,3;REMOVE:2,4;REMOVE:3,8;REMOVE:4,7;REMOVE:6,9;REMOVE:7,7;REMOVE:8,5",0:7;1:8;2:4;3:8;4:7;5:8;6:9;7:7;8:5;9:-,0:7;1:8;2:-;3:2|7;4:2;5:8;6:8;7:8;8:3;9:-,0@2=2;0@3=1;0@4=2;0@7=1;0@8=1;1@2=1;1@4=3;1@8=1;1@1=1;1@5=1;1@6=1;3@2=1;3@3=1;3@4=3;3@7=2;3@1=2;3@5=2;3@6=1;3@0=1;4@2=1;4@4=1;4@5=1;4@0=1;4@9=1;5@2=2;5@4=2;5@1=1;5@6=1;6@8=1;6@1=1;7@4=1;7@5=1;8@3=1;8@1=1,"2,3,4,7,8,1,5,6,0,9",45,34,34,0,1.0,0.08528646371157411,0.6666666666666666,0.018619797044907446,0.0,0.0,0.6,0.29854607582092285,Feasible
953,952,14,6,8,"ADD:0,5;ADD:1,7;ADD:2,8;ADD:3,8;ADD:4,8;ADD:7,5;REMOVE:0,7;REMOVE:1,8;REMOVE:3,2;REMOVE:3,7;REMOVE:4,2;REMOVE:6,8;REMOVE:7,8;REMOVE:8,3",0:7;1:8;2:-;3:2|7;4:2;5:8;6:8;7:8;8:3;9:-,0:5;1:7;2:8;3:8;4:8;5:8;6:-;7:5;8:-;9:-,0@2=1;0@5=1;1@3=1;1@4=1;1@7=1;1@9=1;2@8=1;3@5=1;3@4=1;3@7=1;3@1=1;4@7=2;4@8=2;4@1=1;5@2=2;5@5=1;5@4=1;5@1=1;7@5=1;7@0=2,"2,5,3,4,7,9,8,1,0",24,20,20,0,1.0,0.31209833632249895,0.8888888888888888,0.023209447433610125,0.0,0.0,0.6,0.24483299255371094,Feasible
954,953,12,6,6,"ADD:0,8;ADD:3,4;ADD:4,2;ADD:5,2;ADD:7,2;ADD:8,2;REMOVE:0,5;REMOVE:2,8;REMOVE:3,8;REMOVE:4,8;REMOVE:5,8;REMOVE:7,5",0:5;1:7;2:8;3:8;4:8;5:8;6:-;7:5;8:-;9:-,0:8;1:7;2:-;3:4;4:2;5:2;6:-;7:2;8:2;9:-,0@1=1;0@2=1;0@4=1;1@0=1;1@8=1;1@9=1;3@4=1;4@2=1;4@4=1;4@8=1;4@9=1;5@2=1;5@0=1;7@2=1;7@0=1;8@2=1,"1,2,4,0,8,9",16,16,16,0,1.0,0.289158445267389,0.8571428571428571,0.03201558812453187,0.0,0.0,0.6,0.22254514694213867,Feasible
955,954,13,8,5,"ADD:0,4;ADD:1,8;ADD:2,6;ADD:3,8;ADD:4,3;ADD:5,7;ADD:6,2;ADD:8,7;REMOVE:0,8;REMOVE:3,4;REMOVE:4,2;REMOVE:5,2;REMOVE:8,2",0:8;1:7;2:-;3:4;4:2;5:2;6:-;7:2;8:2;9:-,0:4;1:7|8;2:6;3:8;4:3;5:7;6:2;7:2;8:7;9:-,0@2=1;0@4=2;1@2=1;1@4=2;1@0=1;1@1=2;1@5=1;1@6=1;2@4=1;2@6=1;3@4=2;3@1=1;3@5=1;4@2=1;4@1=1;4@3=2;5@4=2;5@0=1;5@1=1;5@6=2;5@3=1;6@2=1;7@2=1;7@4=2;7@5=1;7@7=1;7@9=1;8@2=1;8@0=1;8@6=1;8@3=1;8@7=1,"2,4,0,1,5,6,3,7,9",40,32,32,0,1.0,-0.06372251368418969,0.7142857142857143,0.021991772030095898,0.0,0.0,0.7999999999999999,0.3126850128173828,Feasible
956,955,13,5,8,"ADD:0,7;ADD:4,8;ADD:5,8;ADD:6,7;ADD:7,4;REMOVE:0,4;REMOVE:1,8;REMOVE:2,6;REMOVE:3,8;REMOVE:4,3;REMOVE:5,7;REMOVE:6,2;REMOVE:7,2",0:4;1:7|8;2:6;3:8;4:3;5:7;6:2;7:2;8:7;9:-,0:7;1:7;2:-;3:-;4:8;5:8;6:7;7:4;8:7;9:-,0@0=2;0@1=2;0@3=1;0@4=1;0@7=1;0@9=1;1@0=2;1@1=2;1@4=2;1@7=2;1@2=1;1@8=1;4@1=3;4@4=2;5@4=2;5@8=1;5@5=1;6@0=1;6@4=1;7@4=1;7@2=1;8@0=1;8@9=1,"0,1,3,4,7,9,2,8,5",33,23,23,0,1.0,0.31470332732452,0.8,0.014703327324520003,0.0,0.0,0.5,0.2934141159057617,Feasible
957,956,9,4,5,"ADD:1,5;ADD:4,7;ADD:5,2;ADD:6,2;REMOVE:1,7;REMOVE:4,8;REMOVE:5,8;REMOVE:6,7;REMOVE:8,7",0:7;1:7;2:-;3:-;4:8;5:8;6:7;7:4;8:7;9:-,0:7;1:5;2:-;3:-;4:7;5:2;6:2;7:4;8:-;9:-,0@1=1;0@2=5;0@3=3;0@4=1;0@6=1;0@7=1;0@9=2;1@3=1;1@5=2;4@1=1;4@2=2;4@6=1;4@7=1;4@0=2;4@8=1;5@2=1;5@4=1;5@5=1;6@2=1;6@4=1;6@5=1;7@2=1;7@4=1,"1,2,3,4,6,7,9,5,0,8",33,23,23,0,1.0,0.3342419345114175,0.7142857142857143,0.0199562202257032,0.0,0.0,0.4,0.25663208961486816,Feasible
958,957,11,7,4,"ADD:0,3;ADD:1,2;ADD:2,9;ADD:5,7;ADD:6,8;ADD:7,7;ADD:8,3;REMOVE:1,5;REMOVE:5,2;REMOVE:6,2;REMOVE:7,4",0:7;1:5;2:-;3:-;4:7;5:2;6:2;7:4;8:-;9:-,0:3|7;1:2;2:9;3:-;4:7;5:7;6:8;7:7;8:3;9:-,0@0=1;0@1=2;0@3=1;0@4=1;0@5=1;0@7=1;0@9=2;1@3=1;1@4=3;1@5=2;1@9=2;1@2=1;2@9=1;4@1=2;4@4=2;4@7=2;4@9=1;4@2=2;5@1=1;5@4=2;5@7=1;6@5=1;6@6=1;7@0=1;7@3=1;7@7=1;7@6=1;8@1=1;8@3=1;8@5=1,"0,1,3,4,5,7,9,2,6",41,30,30,0,1.0,-0.009814975448454555,0.6666666666666666,0.02351835788487882,0.0,0.0,0.7,0.2679281234741211,Feasible
959,958,14,7,7,"ADD:0,8;ADD:1,7;ADD:2,7;ADD:4,8;ADD:5,2;ADD:6,9;ADD:8,7;REMOVE:0,3;REMOVE:1,2;REMOVE:2,9;REMOVE:4,7;REMOVE:5,7;REMOVE:6,8;REMOVE:8,3",0:3|7;1:2;2:9;3:-;4:7;5:7;6:8;7:7;8:3;9:-,0:7|8;1:7;2:7;3:-;4:8;5:2;6:9;7:7;8:7;9:-,0@1=1;0@3=1;0@4=2;0@5=2;0@7=1;0@8=1;1@1=1;1@3=2;1@8=1;1@0=1;2@7=1;4@1=1;4@8=1;4@2=1;4@6=1;5@0=1;5@2=1;6@2=1;6@9=1;7@4=1;7@0=1;8@3=1;8@8=1,"1,3,4,5,7,8,0,2,6,9",26,23,23,0,1.0,0.10011261350393841,0.7777777777777778,0.022334835726160535,0.0,0.0,0.7,0.25588393211364746,Feasible
960,959,10,5,5,"ADD:1,4;ADD:2,4;ADD:3,1;ADD:4,7;ADD:7,1;REMOVE:1,7;REMOVE:2,7;REMOVE:4,8;REMOVE:7,7;REMOVE:8,7",0:7|8;1:7;2:7;3:-;4:8;5:2;6:9;7:7;8:7;9:-,0:7|8;1:4;2:4;3:1;4:7;5:2;6:9;7:1;8:-;9:-,0@0=1;0@1=1;0@4=1;0@5=1;0@8=3;0@9=1;1@4=2;2@4=1;3@1=1;4@0=1;4@4=1;5@0=1;5@2=1;6@9=1;7@1=1,"0,1,4,5,8,9,2",18,15,15,0,1.0,0.11302876795878536,0.5555555555555556,0.057473212403229765,0.0,0.0,0.5,0.21702790260314941,Feasible
961,960,9,3,6,"ADD:1,8;ADD:5,7;ADD:7,7;REMOVE:0,8;REMOVE:1,4;REMOVE:2,4;REMOVE:3,1;REMOVE:5,2;REMOVE:7,1",0:7|8;1:4;2:4;3:1;4:7;5:2;6:9;7:1;8:-;9:-,0:7;1:8;2:-;3:-;4:7;5:7;6:9;7:7;8:-;9:-,0@7=1;1@4=1;1@5=1;4@4=2;4@1=1;4@2=1;4@6=1;4@8=1;4@9=1;5@1=1;5@6=1;5@0=1;6@1=1;6@2=1;7@7=1;7@6=2;7@8=1;7@0=1,"7,4,5,1,2,6,8,9,0",20,18,18,0,1.0,0.37523562335801186,0.6666666666666666,0.00856895669134526,0.0,0.0,0.30000000000000004,0.23413801193237305,Feasible
962,961,7,4,3,"ADD:1,7;ADD:5,2;ADD:6,0;ADD:8,8;REMOVE:1,8;REMOVE:5,7;REMOVE:6,9",0:7;1:8;2:-;3:-;4:7;5:7;6:9;7:7;8:-;9:-,0:7;1:7;2:-;3:-;4:7;5:2;6:0;7:7;8:8;9:-,0@1=1;0@2=2;0@4=1;0@7=1;0@9=2;1@2=1;1@3=1;1@6=1;1@8=1;4@1=3;4@2=2;4@7=1;4@9=1;4@3=1;4@0=2;5@2=2;5@4=1;5@9=1;5@5=1;6@0=1;7@4=1;7@0=1;8@1=1;8@4=1,"1,2,4,7,9,3,6,8,0,5",31,24,24,0,1.0,0.11621912937705303,0.5,0.01621912937705304,0.0,0.0,0.4,0.2558562755584717,Feasible
963,962,9,6,3,"ADD:0,8;ADD:2,3;ADD:3,5;ADD:4,8;ADD:6,7;ADD:8,4;REMOVE:4,7;REMOVE:6,0;REMOVE:8,8",0:7;1:7;2:-;3:-;4:7;5:2;6:0;7:7;8:8;9:-,0:7|8;1:7;2:3;3:5;4:8;5:2;6:7;7:7;8:4;9:-,0@0=1;0@1=1;0@2=2;0@4=1;0@5=1;0@6=1;0@8=1;0@9=1;1@4=3;1@9=1;1@3=1;2@3=1;3@5=1;4@1=1;4@2=1;4@4=1;4@5=1;4@6=2;4@8=2;5@2=1;5@5=1;5@8=1;5@9=1;6@1=1;6@4=1;6@8=1;6@3=2;7@0=1;7@1=1;7@2=3;7@4=2;7@6=1;7@8=2;8@2=2;8@4=1,"0,1,2,4,5,6,8,9,3",46,35,35,0,1.0,-0.156046409139167,0.42857142857142855,0.015382162289404398,0.0,0.0,0.6,0.2545499801635742,Feasible
964,963,19,9,10,"ADD:0,2;ADD:1,8;ADD:1,9;ADD:2,2;ADD:3,7;ADD:4,2;ADD:5,8;ADD:6,9;ADD:8,2;REMOVE:0,7;REMOVE:0,8;REMOVE:1,7;REMOVE:2,3;REMOVE:3,5;REMOVE:4,8;REMOVE:5,2;REMOVE:6,7;REMOVE:7,7;REMOVE:8,4",0:7|8;1:7;2:3;3:5;4:8;5:2;6:7;7:7;8:4;9:-,0:2;1:8|9;2:2;3:7;4:2;5:8;6:9;7:-;8:2;9:-,0@2=1;0@3=1;0@4=1;0@9=1;1@9=2;1@8=1;2@2=1;3@4=1;3@8=1;3@0=1;3@7=2;4@2=2;5@4=4;5@1=1;6@2=2;6@9=1;6@7=1;6@6=2;8@2=1,"2,3,4,9,8,0,7,1,6",27,19,19,0,1.0,0.14074024115231665,1.0,0.04074024115231649,0.0,0.0,0.8999999999999999,0.22104907035827637,Feasible
965,964,15,8,7,"ADD:0,8;ADD:1,7;ADD:2,1;ADD:3,2;ADD:4,7;ADD:5,7;ADD:6,7;ADD:7,8;REMOVE:1,8;REMOVE:1,9;REMOVE:2,2;REMOVE:3,7;REMOVE:4,2;REMOVE:5,8;REMOVE:6,9",0:2;1:8|9;2:2;3:7;4:2;5:8;6:9;7:-;8:2;9:-,0:2|8;1:7;2:1;3:2;4:7;5:7;6:7;7:8;8:2;9:-,0@0=1;0@1=1;0@2=1;0@4=1;0@5=1;0@8=2;1@0=1;1@1=1;1@2=2;1@8=1;2@1=1;3@2=2;3@5=1;3@7=1;4@1=1;4@2=1;4@4=2;4@7=1;4@3=1;4@6=1;5@0=1;5@1=1;5@2=3;5@4=1;5@7=1;5@3=1;5@9=1;6@1=1;6@2=1;6@4=1;6@7=1;7@4=1;7@5=1;7@7=1;7@6=1;8@2=1;8@4=1;8@5=3;8@7=1;8@3=1,"0,1,2,4,5,8,7,3,6,9",48,40,40,0,1.0,-0.00014827719141807805,0.7777777777777778,0.022073945030804027,0.0,0.0,0.7999999999999999,0.29654884338378906,Feasible
966,965,17,9,8,"ADD:0,7;ADD:1,2;ADD:1,8;ADD:2,8;ADD:3,8;ADD:5,2;ADD:6,8;ADD:7,2;ADD:8,8;REMOVE:0,2;REMOVE:0,8;REMOVE:1,7;REMOVE:2,1;REMOVE:3,2;REMOVE:5,7;REMOVE:7,8;REMOVE:8,2",0:2|8;1:7;2:1;3:2;4:7;5:7;6:7;7:8;8:2;9:-,0:7;1:2|8;2:8;3:8;4:7;5:2;6:7|8;7:2;8:8;9:-,0@1=1;0@2=1;0@3=2;0@4=3;0@9=1;1@1=2;1@2=1;1@4=1;1@0=1;1@5=1;2@1=1;2@4=1;3@2=1;3@4=3;3@5=1;3@7=1;3@8=1;4@1=1;4@3=1;4@4=1;4@0=1;4@7=1;5@2=1;6@1=1;6@2=1;6@0=1;6@5=1;6@7=1;6@8=1;6@6=1;7@2=1;7@4=1;7@0=1;7@8=1;8@1=1;8@2=1;8@4=1,"1,2,3,4,9,0,5,7,8,6",43,37,37,0,1.0,-0.08257620105237329,0.8,0.01742379894762658,0.0,0.0,0.8999999999999999,0.2730870246887207,Feasible
967,966,12,5,7,"ADD:0,9;ADD:2,7;ADD:3,6;ADD:5,0;ADD:7,7;REMOVE:0,7;REMOVE:1,2;REMOVE:2,8;REMOVE:3,8;REMOVE:5,2;REMOVE:6,8;REMOVE:7,2",0:7;1:2|8;2:8;3:8;4:7;5:2;6:7|8;7:2;8:8;9:-,0:9;1:8;2:7;3:6;4:7;5:0;6:7;7:7;8:8;9:-,0@1=1;0@9=1;1@1=1;1@4=1;1@5=2;2@2=1;2@7=1;3@4=1;3@6=1;4@4=3;4@6=2;4@0=1;5@0=1;6@7=1;7@4=1;7@7=2;8@4=1;8@5=1,"1,9,4,5,2,7,6,0",23,18,18,0,1.0,0.1683578841195138,0.6363636363636364,0.031994247755877496,0.0,0.0,0.5,0.19823884963989258,Feasible
968,967,16,8,8,"ADD:0,6;ADD:1,4;ADD:4,5;ADD:4,8;ADD:5,3;ADD:6,6;ADD:7,0;ADD:8,1;REMOVE:0,9;REMOVE:1,8;REMOVE:3,6;REMOVE:4,7;REMOVE:5,0;REMOVE:6,7;REMOVE:7,7;REMOVE:8,8",0:9;1:8;2:7;3:6;4:7;5:0;6:7;7:7;8:8;9:-,0:6;1:4;2:7;3:-;4:5|8;5:3;6:6;7:0;8:1;9:-,0@1=1;0@4=1;0@6=1;0@9=2;1@4=1;1@2=1;2@4=1;2@7=1;4@1=1;4@2=1;4@0=1;4@5=1;5@9=1;5@5=1;5@3=1;6@6=1;7@0=1;8@1=1,"1,4,6,9,2,7,0,5,3",19,18,18,0,1.0,0.13067038291315358,0.8888888888888888,0.04178149402426464,0.0,0.0,0.7999999999999999,0.20796704292297363,Feasible
969,968,18,10,8,"ADD:0,2;ADD:0,8;ADD:1,8;ADD:3,3;ADD:4,7;ADD:5,2;ADD:6,3;ADD:7,8;ADD:8,9;ADD:9,0;REMOVE:0,6;REMOVE:1,4;REMOVE:4,5;REMOVE:4,8;REMOVE:5,3;REMOVE:6,6;REMOVE:7,0;REMOVE:8,1",0:6;1:4;2:7;3:-;4:5|8;5:3;6:6;7:0;8:1;9:-,0:2|8;1:8;2:7;3:3;4:7;5:2;6:3;7:8;8:9;9:0,0@0=2;0@1=1;0@2=2;0@3=1;0@4=1;0@5=1;0@8=1;1@2=2;1@4=3;1@5=1;1@8=2;2@0=1;2@1=1;2@3=1;3@1=1;3@3=1;3@5=1;3@7=1;4@2=4;4@3=2;4@4=1;4@8=1;4@7=1;4@6=1;5@2=3;5@3=1;5@4=1;6@2=2;6@3=2;7@1=1;7@4=1;7@5=1;8@2=1;8@6=1;8@9=1;9@0=1,"0,1,2,3,4,5,8,7,6,9",50,36,36,0,1.0,-0.08116844245821708,0.8888888888888888,0.02994266865289402,0.0,0.0,0.9999999999999999,0.24895000457763672,Feasible
970,969,12,5,7,"ADD:1,7;ADD:2,8;ADD:3,2;ADD:5,6;ADD:8,7;REMOVE:0,2;REMOVE:1,8;REMOVE:2,7;REMOVE:3,3;REMOVE:5,2;REMOVE:8,9;REMOVE:9,0",0:2|8;1:8;2:7;3:3;4:7;5:2;6:3;7:8;8:9;9:0,0:8;1:7;2:8;3:2;4:7;5:6;6:3;7:8;8:7;9:-,0@1=2;0@2=1;0@4=3;0@5=1;0@8=1;1@2=1;1@4=1;1@3=1;1@6=1;1@9=2;2@1=1;2@2=1;2@5=1;3@2=1;3@4=1;3@5=1;3@8=1;3@0=3;4@1=1;4@4=3;4@8=1;4@3=1;4@9=1;5@4=1;5@6=1;6@5=2;6@3=1;6@9=1;7@4=2;7@5=1;7@8=1;8@1=1;8@4=1;8@8=1;8@3=1;8@9=1,"1,2,4,5,8,3,6,9,0",46,36,36,0,1.0,0.1477009864772637,0.6363636363636364,0.01133735011362739,0.0,0.0,0.5,0.23167204856872559,Feasible
971,970,8,4,4,"ADD:0,7;ADD:1,2;ADD:5,3;ADD:7,9;REMOVE:0,8;REMOVE:1,7;REMOVE:5,6;REMOVE:6,3",0:8;1:7;2:8;3:2;4:7;5:6;6:3;7:8;8:7;9:-,0:7;1:2;2:8;3:2;4:7;5:3;6:-;7:8|9;8:7;9:-,0@0=1;0@3=1;0@8=3;0@9=1;1@0=1;1@2=1;2@5=1;2@6=1;3@0=1;3@8=1;3@2=1;3@5=1;3@4=6;4@0=1;4@8=1;4@2=1;4@4=1;4@1=2;5@9=1;5@5=1;5@1=1;5@7=1;7@8=2;7@9=1;7@2=2;7@1=1;8@0=1;8@8=1;8@9=1;8@4=2;8@1=1,"0,3,8,9,2,5,6,4,1,7",42,31,31,0,1.0,0.055728484860734784,0.4444444444444444,0.011284040416290412,0.0,0.0,0.4,0.2248690128326416,Feasible
972,971,14,7,7,"ADD:0,8;ADD:1,7;ADD:3,7;ADD:4,8;ADD:5,8;ADD:6,7;ADD:7,7;REMOVE:1,2;REMOVE:2,8;REMOVE:3,2;REMOVE:4,7;REMOVE:5,3;REMOVE:7,8;REMOVE:7,9",0:7;1:2;2:8;3:2;4:7;5:3;6:-;7:8|9;8:7;9:-,0:7|8;1:7;2:-;3:7;4:8;5:8;6:7;7:7;8:7;9:-,0@0=1;0@1=1;0@2=1;0@4=4;0@5=2;0@6=2;0@7=1;1@1=1;1@2=1;1@6=1;1@3=1;1@8=1;3@0=1;3@1=1;3@4=1;3@7=1;3@3=1;3@9=1;4@2=2;4@6=2;4@8=1;5@1=1;5@6=1;5@8=1;6@4=1;6@9=1;7@0=1;7@1=2;7@2=1;7@4=1;7@6=1;7@7=1;7@9=1;8@0=1;8@1=2;8@2=2;8@6=2;8@3=2;8@8=1,"0,1,2,4,5,6,7,3,8,9",51,39,39,0,1.0,0.08808817681992376,0.7777777777777778,0.010310399042145868,0.0,0.0,0.7,0.24405908584594727,Feasible
973,972,13,7,6,"ADD:0,2;ADD:1,2;ADD:3,3;ADD:5,9;ADD:6,3;ADD:7,2;ADD:8,2;REMOVE:0,7;REMOVE:0,8;REMOVE:1,7;REMOVE:3,7;REMOVE:5,8;REMOVE:7,7",0:7|8;1:7;2:-;3:7;4:8;5:8;6:7;7:7;8:7;9:-,0:2;1:2;2:-;3:3;4:8;5:9;6:3|7;7:2;8:2|7;9:-,0@0=1;0@2=1;0@3=1;0@5=2;0@9=2;1@2=1;1@9=1;1@4=2;1@8=1;3@2=3;3@5=1;3@9=1;3@1=2;4@4=2;4@8=1;4@1=1;4@6=1;5@2=2;5@9=1;5@1=1;6@3=1;6@5=1;6@9=2;6@4=1;6@6=1;7@2=2;8@0=1;8@2=4;8@5=1;8@9=1;8@4=2;8@8=1;8@1=1;8@7=2,"0,2,3,5,9,4,8,1,6,7",49,34,34,0,1.0,-0.008488263747960412,0.6666666666666666,0.024845069585372952,0.0,0.0,0.7,0.23840713500976562,Feasible
974,973,13,6,7,"ADD:0,7;ADD:1,7;ADD:3,4;ADD:5,4;ADD:6,4;ADD:7,7;REMOVE:1,2;REMOVE:3,3;REMOVE:5,9;REMOVE:6,3;REMOVE:6,7;REMOVE:7,2;REMOVE:8,7",0:2;1:2;2:-;3:3;4:8;5:9;6:3|7;7:2;8:2|7;9:-,0:2|7;1:7;2:-;3:4;4:8;5:4;6:4;7:7;8:2;9:-,0@0=1;0@1=1;0@2=1;0@5=1;0@7=1;1@1=2;1@3=1;1@4=1;1@6=1;1@8=1;3@4=1;4@1=1;4@5=1;4@7=1;4@4=1;4@6=1;5@4=1;6@4=1;7@0=1;7@1=1;7@2=1;8@2=2;8@3=1;8@8=1,"0,1,2,5,7,3,4,6,8",26,24,24,0,1.0,0.12694252065277034,0.7,0.02694252065277037,0.0,0.0,0.6,0.21100902557373047,Feasible
975,974,14,6,8,"ADD:0,3;ADD:2,2;ADD:4,7;ADD:6,2;ADD:7,4;ADD:8,8;REMOVE:0,2;REMOVE:0,7;REMOVE:3,4;REMOVE:4,8;REMOVE:5,4;REMOVE:6,4;REMOVE:7,7;REMOVE:8,2",0:2|7;1:7;2:-;3:4;4:8;5:4;6:4;7:7;8:2;9:-,0:3;1:7;2:2;3:-;4:7;5:-;6:2;7:4;8:8;9:-,0@1=1;0@3=1;0@5=1;0@9=1;1@3=1;1@9=1;1@2=1;1@4=1;1@6=1;2@2=1;4@3=1;4@4=1;6@2=1;7@2=2;7@4=1;8@5=1;8@4=1,"1,3,5,9,2,4,6",18,17,17,0,1.0,0.30897870236993275,0.8888888888888888,0.020089813481043915,0.0,0.0,0.6,0.18317890167236328,Feasible
976,975,12,5,7,"ADD:4,2;ADD:5,6;ADD:6,7;ADD:7,7;ADD:8,6;REMOVE:0,3;REMOVE:1,7;REMOVE:2,2;REMOVE:4,7;REMOVE:6,2;REMOVE:7,4;REMOVE:8,8",0:3;1:7;2:2;3:-;4:7;5:-;6:2;7:4;8:8;9:-,0:-;1:-;2:-;3:-;4:2;5:6;6:7;7:7;8:6;9:-,4@0=2;4@2=1;4@4=1;4@8=1;4@9=1;5@6=1;6@0=3;6@2=1;6@4=1;6@1=1;7@0=1;7@4=1;7@8=1;7@3=1;8@4=1;8@6=1;8@1=1,"0,2,4,8,9,6,1,3",20,17,17,0,1.0,0.5158766274546376,1.0,0.015876627454637665,0.0,0.0,0.5,0.188154935836792,Feasible
977,976,11,8,3,"ADD:0,1;ADD:1,7;ADD:3,7;ADD:4,3;ADD:4,7;ADD:5,7;ADD:8,7;ADD:8,8;REMOVE:4,2;REMOVE:5,6;REMOVE:8,6",0:-;1:-;2:-;3:-;4:2;5:6;6:7;7:7;8:6;9:-,0:1;1:7;2:-;3:7;4:3|7;5:7;6:7;7:7;8:7|8;9:-,0@1=1;1@1=1;1@0=3;1@3=1;1@4=2;3@1=1;3@0=1;3@4=2;3@2=2;3@6=1;3@7=1;4@1=3;4@3=1;4@4=1;4@2=1;4@6=3;4@5=2;4@9=1;5@2=1;5@7=1;5@9=1;5@8=1;6@1=1;6@0=1;6@4=2;6@2=1;6@6=1;6@9=1;7@1=2;7@4=1;7@6=1;7@7=1;8@1=1;8@3=1;8@4=1;8@2=1;8@7=1;8@5=1;8@8=1,"1,0,3,4,2,6,7,5,9,8",51,39,39,0,1.0,-0.18590337363759546,0.6,0.014096626362404515,0.0,0.0,0.7999999999999999,0.24060511589050293,Feasible
978,977,10,5,5,"ADD:1,8;ADD:2,5;ADD:4,2;ADD:6,8;ADD:8,2;REMOVE:0,1;REMOVE:4,3;REMOVE:4,7;REMOVE:6,7;REMOVE:8,7",0:1;1:7;2:-;3:7;4:3|7;5:7;6:7;7:7;8:7|8;9:-,0:-;1:7|8;2:5;3:7;4:2;5:7;6:8;7:7;8:2|8;9:-,1@0=2;1@1=1;1@5=1;1@6=1;1@9=1;2@0=1;2@5=1;2@2=1;2@8=1;3@0=2;3@6=2;3@9=1;3@2=1;3@4=2;4@5=1;4@9=1;4@8=1;5@0=1;5@1=1;5@6=1;5@2=2;5@4=2;6@8=1;6@4=2;7@0=1;7@8=1;8@1=2;8@5=2;8@9=2;8@2=2;8@8=1;8@4=2;8@3=4,"0,1,5,6,9,2,8,4,3",48,33,33,0,1.0,0.011467911730958735,0.5,0.01146791173095871,0.0,0.0,0.5,0.22351789474487305,Feasible
979,978,11,5,6,"ADD:2,9;ADD:4,7;ADD:6,7;ADD:8,3;ADD:8,7;REMOVE:1,7;REMOVE:2,5;REMOVE:4,2;REMOVE:6,8;REMOVE:8,2;REMOVE:8,8",0:-;1:7|8;2:5;3:7;4:2;5:7;6:8;7:7;8:2|8;9:-,0:-;1:8;2:9;3:7;4:7;5:7;6:7;7:7;8:3|7;9:-,1@2=1;1@4=2;1@7=1;1@8=2;2@2=1;2@6=1;3@2=1;3@4=3;3@7=1;3@1=1;4@2=2;4@4=1;4@1=1;4@3=1;4@9=1;5@7=1;5@1=2;5@0=1;6@2=2;6@7=1;6@1=1;6@0=1;7@4=2;7@7=1;7@8=2;7@1=1;7@9=1;7@0=1;8@4=1;8@7=2;8@1=2;8@3=1;8@9=1;8@5=1,"2,4,7,8,6,1,3,9,0,5",45,34,34,0,1.0,0.12149920144065407,0.6,0.02149920144065413,0.0,0.0,0.5,0.22958612442016602,Feasible
980,979,9,4,5,"ADD:1,7;ADD:2,4;ADD:4,9;ADD:5,4;REMOVE:1,8;REMOVE:2,9;REMOVE:4,7;REMOVE:5,7;REMOVE:8,3",0:-;1:8;2:9;3:7;4:7;5:7;6:7;7:7;8:3|7;9:-,0:-;1:7;2:4;3:7;4:9;5:4;6:7;7:7;8:7;9:-,1@1=2;1@2=1;1@3=2;1@4=1;1@7=1;1@9=1;2@2=1;2@4=1;3@1=1;3@2=1;3@4=1;3@0=1;3@6=1;3@8=1;4@1=1;4@2=2;4@9=2;5@4=1;6@1=2;6@2=1;6@4=1;6@0=1;6@8=1;7@1=1;7@3=1;7@0=1;7@8=1;8@2=1;8@3=1;8@4=3;8@7=1;8@6=2;8@8=2,"1,2,3,4,7,9,0,6,8",42,33,33,0,1.0,0.16931598158246675,0.5555555555555556,0.013760426026911163,0.0,0.0,0.4,0.22248506546020508,Feasible
981,980,12,5,7,"ADD:1,8;ADD:4,4;ADD:4,8;ADD:6,8;ADD:8,9;REMOVE:1,7;REMOVE:2,4;REMOVE:3,7;REMOVE:4,9;REMOVE:5,4;REMOVE:6,7;REMOVE:8,7",0:-;1:7;2:4;3:7;4:9;5:4;6:7;7:7;8:7;9:-,0:-;1:8;2:-;3:-;4:4|8;5:-;6:8;7:7;8:9;9:-,1@2=1;1@4=1;1@5=1;1@8=2;4@2=1;4@4=3;4@1=2;6@8=1;6@1=1;6@6=1;7@2=1;7@4=1;7@8=1;7@6=1;7@0=1;7@3=1;7@9=1;8@2=2;8@1=3,"2,4,5,8,1,6,0,3,9",26,19,19,0,1.0,0.4002474351820585,0.875,0.02524743518205848,0.0,0.0,0.5,0.19583582878112793,Feasible
982,981,11,6,5,"ADD:0,2;ADD:1,7;ADD:2,3;ADD:6,4;ADD:8,7;ADD:9,4;REMOVE:1,8;REMOVE:4,4;REMOVE:6,8;REMOVE:7,7;REMOVE:8,9",0:-;1:8;2:-;3:-;4:4|8;5:-;6:8;7:7;8:9;9:-,0:2;1:7;2:3;3:-;4:8;5:-;6:4;7:-;8:7;9:4,0@2=1;1@3=1;1@4=2;1@7=1;2@3=1;2@1=1;4@2=2;4@4=1;4@7=1;4@5=1;4@6=1;4@8=1;6@4=1;8@2=2;8@3=3;8@1=1;8@6=2;8@8=1;8@9=1;9@2=1;9@4=1,"2,3,4,7,1,5,6,8,9",27,21,21,0,1.0,0.2538617885515211,0.8333333333333334,0.02052845521818767,0.0,0.0,0.6,0.19785714149475098,Feasible
983,982,9,4,5,"ADD:1,2;ADD:4,2;ADD:6,7;ADD:7,4;REMOVE:0,2;REMOVE:1,7;REMOVE:2,3;REMOVE:6,4;REMOVE:9,4",0:2;1:7;2:3;3:-;4:8;5:-;6:4;7:-;8:7;9:4,0:-;1:2;2:-;3:-;4:2|8;5:-;6:7;7:4;8:7;9:-,1@2=3;1@4=2;1@5=1;4@2=1;4@4=2;4@5=1;4@0=1;4@3=1;4@6=2;4@8=1;6@2=2;6@4=1;6@0=1;6@6=1;7@2=3;7@4=1;8@2=1;8@4=4;8@3=1;8@8=2;8@1=2;8@7=1,"2,4,5,0,3,6,8,1,7",35,22,22,0,1.0,0.33423358444253404,0.7142857142857143,0.019947870156819734,0.0,0.0,0.4,0.22790288925170898,Feasible
984,983,12,8,4,"ADD:2,8;ADD:3,3;ADD:4,7;ADD:5,9;ADD:6,8;ADD:7,2;ADD:8,6;ADD:8,8;REMOVE:4,8;REMOVE:6,7;REMOVE:7,4;REMOVE:8,7",0:-;1:2;2:-;3:-;4:2|8;5:-;6:7;7:4;8:7;9:-,0:-;1:2;2:8;3:3;4:2|7;5:9;6:8;7:2;8:6|8;9:-,1@2=1;1@3=1;1@4=1;1@5=1;1@7=2;2@4=1;2@5=1;2@6=1;3@3=1;4@2=1;4@4=1;4@5=1;4@7=1;4@0=1;4@1=2;5@2=1;5@1=1;5@9=1;6@2=2;6@7=1;6@1=2;6@8=1;7@3=1;7@4=3;7@5=1;8@4=1;8@5=1;8@6=2;8@9=1,"2,3,4,5,7,6,0,1,9,8",36,29,29,0,1.0,-0.11027158659589198,0.6666666666666666,0.023061746737441276,0.0,0.0,0.7999999999999999,0.23163795471191406,Feasible
985,984,13,6,7,"ADD:1,3;ADD:1,7;ADD:3,8;ADD:4,8;ADD:5,7;ADD:8,2;REMOVE:1,2;REMOVE:2,8;REMOVE:3,3;REMOVE:4,7;REMOVE:5,9;REMOVE:8,6;REMOVE:8,8",0:-;1:2;2:8;3:3;4:2|7;5:9;6:8;7:2;8:6|8;9:-,0:-;1:3|7;2:-;3:8;4:2|8;5:7;6:8;7:2;8:2;9:-,1@1=1;1@2=1;1@3=1;1@4=1;1@5=1;1@6=1;1@9=1;3@5=1;3@7=1;4@2=2;4@3=1;4@4=1;4@5=1;4@6=1;4@8=2;5@2=1;5@3=2;5@6=2;5@0=1;6@1=2;6@2=2;6@8=2;7@4=2;7@5=1;7@9=2;7@7=2;7@0=1;8@2=2;8@3=1;8@4=2;8@5=1;8@8=1,"1,2,3,4,5,6,9,7,8,0",44,32,32,0,1.0,0.12095280355865878,0.7,0.020952803558658858,0.0,0.0,0.6,0.2252516746520996,Feasible
986,985,14,7,7,"ADD:2,2;ADD:3,2;ADD:4,7;ADD:5,9;ADD:6,4;ADD:8,7;ADD:8,8;REMOVE:1,3;REMOVE:3,8;REMOVE:4,2;REMOVE:4,8;REMOVE:5,7;REMOVE:6,8;REMOVE:8,2",0:-;1:3|7;2:-;3:8;4:2|8;5:7;6:8;7:2;8:2;9:-,0:-;1:7;2:2;3:2;4:7;5:9;6:4;7:2;8:7|8;9:-,1@2=1;1@4=1;1@7=1;1@9=1;2@2=1;3@2=4;3@4=2;3@0=1;4@2=2;4@4=1;4@9=1;4@6=1;5@2=1;5@9=1;5@1=1;6@2=1;6@4=2;7@2=1;7@4=3;7@3=1;7@5=1;7@8=2;8@2=1;8@4=1;8@9=2;8@6=2;8@1=1;8@5=1;8@8=1,"2,4,7,9,0,6,1,3,5,8",40,29,29,0,1.0,0.10594374873709111,0.7777777777777778,0.02816597095931328,0.0,0.0,0.7,0.217620849609375,Feasible
987,986,11,5,6,"ADD:0,7;ADD:1,3;ADD:5,1;ADD:6,7;ADD:7,4;REMOVE:1,7;REMOVE:2,2;REMOVE:5,9;REMOVE:6,4;REMOVE:7,2;REMOVE:8,8",0:-;1:7;2:2;3:2;4:7;5:9;6:4;7:2;8:7|8;9:-,0:7;1:3;2:-;3:2;4:7;5:1;6:7;7:4;8:7;9:-,0@7=1;1@1=1;1@2=1;1@5=1;1@9=1;3@2=1;3@0=1;4@7=2;4@1=1;4@2=1;4@0=1;4@3=1;5@1=1;6@1=1;6@2=1;6@0=1;6@4=1;6@6=1;7@2=1;7@4=1;7@6=1;8@7=1;8@0=2;8@4=2,"7,1,2,5,9,0,3,4,6",27,24,24,0,1.0,0.1937440427503465,0.6666666666666666,0.027077376083679914,0.0,0.0,0.5,0.2074418067932129,Feasible
988,987,12,5,7,"ADD:1,7;ADD:4,4;ADD:5,2;ADD:6,9;ADD:7,7;REMOVE:0,7;REMOVE:1,3;REMOVE:3,2;REMOVE:4,7;REMOVE:5,1;REMOVE:6,7;REMOVE:7,4",0:7;1:3;2:-;3:2;4:7;5:1;6:7;7:4;8:7;9:-,0:-;1:7;2:-;3:-;4:4;5:2;6:9;7:7;8:7;9:-,1@0=3;1@1=1;1@2=2;1@4=2;1@8=3;1@9=1;4@4=1;5@0=1;5@2=1;5@8=1;6@2=1;6@6=1;7@1=1;7@7=1;8@2=1;8@4=1;8@9=1;8@6=1;8@7=1;8@3=1,"0,1,2,4,8,9,6,7,3",26,20,20,0,1.0,0.39066362922176434,0.875,0.015663629221764324,0.0,0.0,0.5,0.1990499496459961,Feasible
989,988,9,5,4,"ADD:2,2;ADD:3,2;ADD:4,2;ADD:6,4;ADD:9,0;REMOVE:4,4;REMOVE:5,2;REMOVE:6,9;REMOVE:7,7",0:-;1:7;2:-;3:-;4:4;5:2;6:9;7:7;8:7;9:-,0:-;1:7;2:2;3:2;4:2;5:-;6:4;7:-;8:7;9:0,1@2=1;1@3=1;1@7=1;2@0=1;2@5=1;2@9=1;3@2=1;4@2=1;4@9=1;4@4=1;6@4=2;6@8=1;8@2=1;8@9=1;8@4=2;8@1=1;9@0=1,"2,3,7,0,5,9,4,8,1",19,17,17,0,1.0,0.1958538577209219,0.6666666666666666,0.02918719105425531,0.0,0.0,0.5,0.18913626670837402,Feasible
990,989,11,7,4,"ADD:0,8;ADD:2,8;ADD:4,3;ADD:4,7;ADD:5,5;ADD:7,7;ADD:7,8;REMOVE:2,2;REMOVE:3,2;REMOVE:4,2;REMOVE:9,0",0:-;1:7;2:2;3:2;4:2;5:-;6:4;7:-;8:7;9:0,0:8;1:7;2:8;3:-;4:3|7;5:5;6:4;7:7|8;8:7;9:-,0@1=2;0@5=2;1@2=1;1@4=2;1@7=1;2@8=1;4@1=1;4@5=3;4@2=2;4@4=2;4@7=1;4@3=3;4@9=3;5@5=1;6@4=1;7@1=2;7@5=1;7@2=1;7@7=2;7@8=1;7@0=1;8@1=4;8@4=3;8@7=1;8@8=1;8@0=2,"1,5,2,4,7,8,3,9,0",45,26,26,0,1.0,-0.10395034062685282,0.5714285714285714,0.024621087944575733,0.0,0.0,0.7,0.2074117660522461,Feasible
991,990,15,8,7,"ADD:0,2;ADD:0,7;ADD:2,5;ADD:5,7;ADD:6,2;ADD:6,7;ADD:7,2;ADD:7,9;REMOVE:0,8;REMOVE:2,8;REMOVE:4,3;REMOVE:5,5;REMOVE:6,4;REMOVE:7,7;REMOVE:7,8",0:8;1:7;2:8;3:-;4:3|7;5:5;6:4;7:7|8;8:7;9:-,0:2|7;1:7;2:5;3:-;4:7;5:7;6:2|7;7:2|9;8:7;9:-,0@0=1;0@2=3;0@3=1;0@4=3;0@5=2;0@6=1;0@7=1;0@9=1;1@4=3;1@7=1;1@9=2;1@1=2;2@5=1;4@2=2;4@3=1;4@4=1;4@6=1;4@1=1;4@8=1;5@2=1;5@7=1;6@0=1;6@4=1;6@5=1;6@7=1;6@9=1;6@1=1;7@0=2;7@2=3;7@5=1;7@6=1;7@9=1;7@1=1;8@2=2;8@3=1;8@4=6;8@7=2;8@9=1;8@1=2;8@8=2,"0,2,3,4,5,6,7,9,1,8",62,40,40,0,1.0,-0.07736951002152581,0.7,0.02263048997847414,0.0,0.0,0.7999999999999999,0.24467706680297852,Feasible
992,991,11,5,6,"ADD:2,4;ADD:3,4;ADD:5,2;ADD:7,7;ADD:9,7;REMOVE:0,2;REMOVE:2,5;REMOVE:5,7;REMOVE:6,2;REMOVE:7,2;REMOVE:7,9",0:2|7;1:7;2:5;3:-;4:7;5:7;6:2|7;7:2|9;8:7;9:-,0:7;1:7;2:4;3:4;4:7;5:2;6:7;7:7;8:7;9:7,0@1=1;0@4=1;0@8=1;0@9=2;1@4=1;1@8=3;1@9=1;1@2=1;1@7=2;2@4=1;3@4=2;3@2=2;4@4=1;4@8=4;4@2=2;4@7=1;4@3=1;4@6=1;5@4=3;5@9=1;5@3=1;5@0=1;5@5=1;6@9=1;6@2=1;6@6=1;6@0=2;7@1=2;7@4=1;7@9=1;7@3=1;7@6=1;8@4=1;8@2=1;8@7=2;8@6=1;9@4=1;9@3=1,"1,4,8,9,2,7,3,6,0,5",53,38,38,0,1.0,0.06053241381544039,0.5454545454545454,0.015077868360894921,0.0,0.0,0.5,0.2346198558807373,Feasible
993,992,11,5,6,"ADD:1,9;ADD:2,2;ADD:3,7;ADD:5,8;ADD:7,8;REMOVE:1,7;REMOVE:2,4;REMOVE:3,4;REMOVE:5,2;REMOVE:7,7;REMOVE:9,7",0:7;1:7;2:4;3:4;4:7;5:2;6:7;7:7;8:7;9:7,0:7;1:9;2:2;3:7;4:7;5:8;6:7;7:8;8:7;9:-,0@0=1;0@1=1;0@2=5;0@3=1;0@4=2;0@6=1;1@1=1;1@3=1;1@7=1;1@9=1;2@4=1;2@9=1;2@5=1;3@2=4;3@4=2;3@7=2;3@9=1;3@8=1;4@0=1;4@2=1;4@3=1;4@7=1;4@9=2;5@2=1;5@4=1;5@7=1;5@8=1;6@2=1;6@3=1;6@4=3;6@6=1;6@9=2;7@2=2;7@8=1;8@0=2;8@1=2;8@3=2;8@4=1;8@6=1;8@7=1;8@8=1,"0,1,2,3,4,6,7,9,5,8",59,41,41,0,1.0,0.11212778312918137,0.6,0.012127783129181339,0.0,0.0,0.5,0.24403619766235352,Feasible
994,993,11,7,4,"ADD:1,7;ADD:1,8;ADD:2,9;ADD:4,3;ADD:6,8;ADD:7,2;ADD:8,5;REMOVE:1,9;REMOVE:2,2;REMOVE:6,7;REMOVE:7,8",0:7;1:9;2:2;3:7;4:7;5:8;6:7;7:8;8:7;9:-,0:7;1:7|8;2:9;3:7;4:3|7;5:8;6:8;7:2;8:5|7;9:-,0@1=1;0@2=2;0@7=1;1@1=1;1@2=2;1@7=1;1@4=4;1@5=1;1@6=1;1@9=2;2@2=1;2@6=1;2@9=1;3@1=1;3@2=3;3@6=1;3@9=1;3@0=1;3@8=1;4@1=1;4@2=1;4@7=1;4@5=1;4@0=1;4@3=1;5@2=1;5@8=1;6@1=1;6@7=1;6@4=1;6@5=1;7@2=2;7@0=1;7@8=1;8@4=2;8@5=2;8@6=1;8@0=1;8@3=1,"1,2,7,4,5,6,9,0,8,3",50,39,39,0,1.0,-0.23433458756911063,0.4444444444444444,0.0212209679864449,0.0,0.0,0.7,0.23794984817504883,Feasible
995,994,14,6,8,"ADD:0,9;ADD:2,4;ADD:4,6;ADD:5,5;ADD:6,2;ADD:7,7;REMOVE:0,7;REMOVE:1,8;REMOVE:2,9;REMOVE:4,3;REMOVE:4,7;REMOVE:6,8;REMOVE:7,2;REMOVE:8,5",0:7;1:7|8;2:9;3:7;4:3|7;5:8;6:8;7:2;8:5|7;9:-,0:9;1:7;2:4;3:7;4:6;5:5|8;6:2;7:7;8:7;9:-,0@1=1;0@3=1;0@7=1;0@9=1;1@7=1;2@2=1;2@4=1;3@1=1;3@9=1;3@4=2;4@6=1;5@1=1;5@0=1;5@5=1;6@2=1;7@7=1;7@2=1;8@1=1;8@9=1;8@2=1;8@4=1,"1,3,7,9,2,4,6,0,5",22,21,21,0,1.0,0.09984076850780155,0.6666666666666666,0.033174101841134854,0.0,0.0,0.6,0.1943957805633545,Feasible
996,995,14,6,8,"ADD:0,4;ADD:3,2;ADD:4,7;ADD:5,9;ADD:6,7;ADD:8,0;REMOVE:0,9;REMOVE:2,4;REMOVE:3,7;REMOVE:4,6;REMOVE:5,5;REMOVE:5,8;REMOVE:6,2;REMOVE:8,7",0:9;1:7;2:4;3:7;4:6;5:5|8;6:2;7:7;8:7;9:-,0:4;1:7;2:-;3:2;4:7;5:9;6:7;7:7;8:0;9:-,0@4=1;1@6=1;1@7=1;3@4=1;3@0=1;3@2=2;3@8=4;4@4=1;4@7=1;4@2=1;5@7=1;5@2=1;5@9=1;6@7=1;6@1=1;7@4=1;7@6=1;7@7=1;7@2=1;7@1=1;8@0=2,"4,6,7,0,2,8,9,1",26,21,21,0,1.0,0.23811116504028507,0.8,0.03811116504028498,0.0,0.0,0.6,0.1920640468597412,Feasible
997,996,13,8,5,"ADD:0,9;ADD:1,8;ADD:2,4;ADD:3,7;ADD:4,8;ADD:5,7;ADD:6,8;ADD:8,7;REMOVE:0,4;REMOVE:4,7;REMOVE:5,9;REMOVE:6,7;REMOVE:8,0",0:4;1:7;2:-;3:2;4:7;5:9;6:7;7:7;8:0;9:-,0:9;1:7|8;2:4;3:2|7;4:8;5:7;6:8;7:7;8:7;9:-,0@1=2;0@2=1;1@1=1;1@2=1;1@3=1;1@4=1;1@5=1;1@7=1;1@8=1;2@4=1;3@2=1;3@3=1;3@4=1;3@5=1;3@7=1;3@0=1;3@6=2;4@2=2;4@4=2;4@8=1;4@6=1;5@1=1;5@2=2;5@8=1;5@0=1;6@1=1;6@2=1;6@4=1;6@5=2;7@1=2;7@2=1;7@3=1;7@4=3;7@9=1;8@1=1;8@2=6;8@3=1;8@4=4;8@0=1;8@6=1,"1,2,3,4,5,7,8,0,6,9",57,40,40,0,1.0,-0.16464958278136355,0.625,0.010350417218636384,0.0,0.0,0.7999999999999999,0.2412242889404297,Feasible
998,997,13,6,7,"ADD:0,8;ADD:2,3;ADD:4,7;ADD:5,8;ADD:6,7;ADD:7,2;REMOVE:0,9;REMOVE:1,7;REMOVE:2,4;REMOVE:3,2;REMOVE:4,8;REMOVE:6,8;REMOVE:7,7",0:9;1:7|8;2:4;3:2|7;4:8;5:7;6:8;7:7;8:7;9:-,0:8;1:8;2:3;3:7;4:7;5:7|8;6:7;7:2;8:7;9:-,0@2=4;0@4=2;0@8=1;1@2=3;1@1=1;1@5=1;2@1=1;2@5=1;2@3=1;3@2=1;3@4=1;3@1=1;3@3=2;3@0=1;3@9=2;4@2=1;4@4=2;4@3=1;4@6=2;5@4=2;5@8=1;5@1=1;5@5=1;5@3=1;5@0=1;6@8=1;6@1=1;6@0=1;6@9=1;7@2=1;7@4=1;7@8=1;7@5=1;7@0=1;8@3=1;8@0=1,"2,4,8,1,5,3,0,9,6",47,36,36,0,1.0,0.04475367191225743,0.6363636363636364,0.008390035548621071,0.0,0.0,0.6,0.22797083854675293,Feasible
999,998,10,6,4,"ADD:0,7;ADD:2,5;ADD:2,9;ADD:4,8;ADD:6,8;ADD:8,8;REMOVE:0,8;REMOVE:2,3;REMOVE:5,8;REMOVE:6,7",0:8;1:8;2:3;3:7;4:7;5:7|8;6:7;7:2;8:7;9:-,0:7;1:8;2:5|9;3:7;4:7|8;5:7;6:8;7:2;8:7|8;9:-,0@0=1;0@4=1;0@6=1;0@7=1;0@8=1;1@4=2;1@8=1;1@5=1;2@6=1;2@5=1;2@3=1;3@4=4;3@7=2;3@1=1;3@2=1;4@0=1;4@4=1;4@5=1;4@1=1;5@7=1;5@1=1;6@8=1;6@1=1;6@2=2;7@4=1;7@5=1;7@2=3;8@4=2;8@6=2;8@7=2;8@8=1;8@5=2;8@3=1;8@1=1;8@2=2;8@9=1,"0,4,6,7,8,5,3,1,2,9",49,36,36,0,1.0,-0.17372504554432544,0.4,0.026274954455674543,0.0,0.0,0.6,0.22701168060302734,Feasible
1000,999,9,4,5,"ADD:0,8;ADD:1,2;ADD:1,7;ADD:6,2;REMOVE:1,8;REMOVE:2,5;REMOVE:2,9;REMOVE:4,8;REMOVE:6,8",0:7;1:8;2:5|9;3:7;4:7|8;5:7;6:8;7:2;8:7|8;9:-,0:7|8;1:2|7;2:-;3:7;4:7;5:7;6:2;7:2;8:7|8;9:-,0@0=2;0@1=3;0@2=1;0@4=1;0@5=1;0@7=1;0@8=1;1@0=2;1@2=1;1@4=1;1@5=1;1@7=1;1@6=1;3@2=2;3@7=2;4@1=1;4@4=1;4@3=1;5@0=1;5@1=3;5@2=2;5@8=1;6@2=1;7@0=3;7@4=1;7@5=1;7@7=1;8@0=1;8@2=3;8@5=2;8@7=2;8@8=2;8@6=1,"0,1,2,4,5,7,8,6,3",49,33,33,0,1.0,0.03824057732406466,0.4166666666666667,0.021573910657398023,0.0,0.0,0.4,0.22074198722839355,Feasible
1001,1000,11,4,7,"ADD:2,2;ADD:5,9;ADD:6,8;ADD:7,4;REMOVE:0,7;REMOVE:0,8;REMOVE:1,2;REMOVE:4,7;REMOVE:5,7;REMOVE:6,2;REMOVE:7,2",0:7|8;1:2|7;2:-;3:7;4:7;5:7;6:2;7:2;8:7|8;9:-,0:-;1:7;2:2;3:7;4:-;5:9;6:8;7:4;8:7|8;9:-,1@0=1;1@4=1;2@2=1;3@4=1;3@8=1;3@9=1;5@2=3;5@1=1;6@2=1;6@8=1;6@1=1;7@4=1;8@0=2;8@4=4;8@1=1;8@5=1;8@6=1,"0,4,2,8,9,1,5,6",23,17,17,0,1.0,0.25017502679101367,0.6363636363636364,0.013811390427377286,0.0,0.0,0.4,0.18184804916381836,Feasible
1002,1001,11,5,6,"ADD:1,3;ADD:2,4;ADD:5,8;ADD:6,4;ADD:7,7;REMOVE:1,7;REMOVE:2,2;REMOVE:5,9;REMOVE:6,8;REMOVE:7,4;REMOVE:8,7",0:-;1:7;2:2;3:7;4:-;5:9;6:8;7:4;8:7|8;9:-,0:-;1:3;2:4;3:7;4:-;5:8;6:4;7:7;8:8;9:-,1@1=1;1@5=1;1@7=1;1@9=1;2@4=1;3@1=1;3@7=2;3@2=1;5@5=2;5@6=1;6@4=1;7@9=1;7@4=1;8@7=1;8@6=1;8@8=1,"1,5,7,9,4,2,6,8",18,16,16,0,1.0,0.27437650645591927,0.75,0.02437650645591931,0.0,0.0,0.5,0.17900991439819336,Feasible
1003,1002,11,6,5,"ADD:1,7;ADD:2,1;ADD:4,4;ADD:5,4;ADD:6,9;ADD:8,4;REMOVE:1,3;REMOVE:2,4;REMOVE:5,8;REMOVE:6,4;REMOVE:8,8",0:-;1:3;2:4;3:7;4:-;5:8;6:4;7:7;8:8;9:-,0:-;1:7;2:1;3:7;4:4;5:4;6:9;7:7;8:4;9:-,1@0=2;1@2=1;1@6=1;2@1=1;3@2=1;3@4=1;3@7=1;4@2=1;4@4=1;5@4=1;6@2=1;6@1=1;6@9=1;7@0=1;7@2=1;7@1=1;7@9=1;8@4=2,"0,2,6,1,4,7,9",20,18,18,0,1.0,0.14671360343566964,0.7142857142857143,0.03242788914995533,0.0,0.0,0.6,0.17833805084228516,Feasible
1004,1003,14,7,7,"ADD:0,4;ADD:3,8;ADD:4,7;ADD:5,2;ADD:6,7;ADD:7,2;ADD:8,7;REMOVE:2,1;REMOVE:3,7;REMOVE:4,4;REMOVE:5,4;REMOVE:6,9;REMOVE:7,7;REMOVE:8,4",0:-;1:7;2:1;3:7;4:4;5:4;6:9;7:7;8:4;9:-,0:4;1:7;2:-;3:8;4:7;5:2;6:7;7:2;8:7;9:-,0@4=1;1@4=2;1@0=2;1@1=1;1@3=1;1@9=1;3@4=1;3@1=1;3@2=2;3@7=1;3@8=1;4@4=1;4@1=1;4@3=1;4@7=2;4@8=2;4@6=1;5@0=1;5@3=2;5@2=1;5@8=1;6@3=1;6@7=1;7@4=1;7@0=1;7@2=2;7@5=1;8@4=3;8@0=1;8@2=2;8@7=1;8@8=1;8@6=2,"4,0,1,3,9,2,7,8,6,5",44,33,33,0,1.0,0.19450800849376237,0.875,0.0195080084937623,0.0,0.0,0.7,0.22687101364135742,Feasible
1005,1004,9,5,4,"ADD:0,9;ADD:2,4;ADD:3,7;ADD:5,4;ADD:8,8;REMOVE:0,4;REMOVE:3,8;REMOVE:5,2;REMOVE:6,7",0:4;1:7;2:-;3:8;4:7;5:2;6:7;7:2;8:7;9:-,0:9;1:7;2:4;3:7;4:7;5:4;6:-;7:2;8:7|8;9:-,0@1=1;0@2=3;0@3=3;0@7=1;0@9=2;1@1=3;1@3=1;1@7=1;1@9=1;1@0=2;1@4=1;2@4=1;3@1=2;3@2=2;3@3=1;3@7=2;3@9=2;3@0=1;3@6=1;3@8=2;4@7=1;4@9=1;4@4=1;5@4=1;7@2=2;7@0=1;7@4=1;8@1=2;8@2=2;8@3=2;8@7=1;8@4=1;8@6=2;8@5=1,"1,2,3,7,9,0,4,6,8,5",52,34,34,0,1.0,0.02263435702368588,0.5,0.022634357023685835,0.0,0.0,0.5,0.23374271392822266,Feasible
1006,1005,13,6,7,"ADD:0,8;ADD:1,8;ADD:2,8;ADD:3,2;ADD:4,8;ADD:5,7;REMOVE:0,9;REMOVE:1,7;REMOVE:2,4;REMOVE:3,7;REMOVE:4,7;REMOVE:5,4;REMOVE:8,7",0:9;1:7;2:4;3:7;4:7;5:4;6:-;7:2;8:7|8;9:-,0:8;1:8;2:8;3:2;4:8;5:7;6:-;7:2;8:8;9:-,0@5=1;0@6=2;0@7=1;1@5=2;1@1=2;1@4=2;2@1=1;2@4=1;3@2=2;4@5=1;4@7=1;4@4=3;4@2=2;4@8=2;5@7=1;5@1=1;5@4=2;5@2=1;5@0=1;5@9=1;7@5=1;7@7=1;7@4=1;7@2=1;7@9=1;8@5=1;8@1=1;8@2=1,"5,6,7,1,4,2,8,0,9",38,28,28,0,1.0,0.19236528339107828,0.7777777777777778,0.014587505613300451,0.0,0.0,0.6,0.2131800651550293,Feasible
1007,1006,13,8,5,"ADD:0,2;ADD:0,7;ADD:2,5;ADD:5,8;ADD:5,9;ADD:6,7;ADD:7,8;ADD:8,7;REMOVE:0,8;REMOVE:2,8;REMOVE:5,7;REMOVE:7,2;REMOVE:8,8",0:8;1:8;2:8;3:2;4:8;5:7;6:-;7:2;8:8;9:-,0:2|7;1:8;2:5;3:2;4:8;5:8|9;6:7;7:8;8:7;9:-,0@0=1;0@1=2;0@2=4;0@3=1;0@4=1;0@5=1;0@7=1;1@2=2;1@4=3;1@8=3;2@5=1;3@2=3;3@3=1;3@4=3;3@5=2;4@1=2;4@2=1;4@4=3;4@5=1;5@1=1;5@4=1;5@5=1;5@9=3;6@1=2;6@2=2;6@3=1;6@7=1;7@5=1;7@8=1;8@0=2;8@1=2;8@4=1;8@9=1,"0,1,2,3,4,5,7,8,9",56,33,33,0,1.0,-0.1449750666043107,0.625,0.03002493339568922,0.0,0.0,0.7999999999999999,0.2206892967224121,Feasible
1008,1007,15,7,8,"ADD:1,7;ADD:2,2;ADD:3,7;ADD:3,8;ADD:4,7;ADD:5,2;ADD:7,2;REMOVE:0,2;REMOVE:1,8;REMOVE:2,5;REMOVE:3,2;REMOVE:4,8;REMOVE:5,8;REMOVE:5,9;REMOVE:7,8",0:2|7;1:8;2:5;3:2;4:8;5:8|9;6:7;7:8;8:7;9:-,0:7;1:7;2:2;3:7|8;4:7;5:2;6:7;7:2;8:7;9:-,0@1=1;0@2=1;0@7=3;0@8=1;0@9=1;1@1=2;1@2=3;1@9=1;1@4=2;2@2=1;3@1=1;3@7=2;3@8=1;3@9=1;3@4=1;3@3=1;3@5=1;4@1=2;4@2=2;4@4=2;4@0=1;5@2=2;5@0=1;6@1=3;6@7=2;7@2=1;7@4=1;7@5=1;8@1=1;8@2=1;8@7=1;8@4=1;8@3=1;8@6=1,"1,2,7,8,9,4,3,5,0,6",48,34,34,0,1.0,0.054777264360685196,0.7272727272727273,0.02750453708795789,0.0,0.0,0.7,0.22995519638061523,Feasible
1009,1008,15,8,7,"ADD:0,2;ADD:1,9;ADD:2,7;ADD:4,6;ADD:5,8;ADD:8,2;ADD:8,3;ADD:9,7;REMOVE:0,7;REMOVE:1,7;REMOVE:2,2;REMOVE:3,8;REMOVE:4,7;REMOVE:5,2;REMOVE:8,7",0:7;1:7;2:2;3:7|8;4:7;5:2;6:7;7:2;8:7;9:-,0:2;1:9;2:7;3:7;4:6;5:8;6:7;7:2;8:2|3;9:7,0@0=2;0@2=2;0@4=1;0@5=1;0@7=1;0@9=1;1@9=1;1@3=1;2@7=1;3@4=1;3@9=1;3@3=1;4@4=3;4@1=3;4@6=1;5@4=2;5@1=1;6@4=1;6@3=1;7@0=1;7@2=1;7@5=1;7@9=1;7@3=1;8@2=2;8@4=2;8@5=1;8@9=1;8@3=1;8@1=1;9@4=1;9@3=1,"0,2,4,5,7,9,3,1,6",41,32,32,0,1.0,-0.07734212291691156,0.7,0.022657877083088453,0.0,0.0,0.7999999999999999,0.238905668258667,Feasible
1010,1009,17,6,11,"ADD:0,8;ADD:1,2;ADD:4,9;ADD:5,7;ADD:7,8;ADD:8,8;REMOVE:0,2;REMOVE:1,9;REMOVE:2,7;REMOVE:3,7;REMOVE:4,6;REMOVE:5,8;REMOVE:6,7;REMOVE:7,2;REMOVE:8,2;REMOVE:8,3;REMOVE:9,7",0:2;1:9;2:7;3:7;4:6;5:8;6:7;7:2;8:2|3;9:7,0:8;1:2;2:-;3:-;4:9;5:7;6:-;7:8;8:8;9:-,0@1=1;0@2=1;0@6=1;0@8=2;1@8=1;1@0=1;1@4=2;1@5=1;1@7=1;1@9=1;4@1=2;4@2=1;5@0=1;5@7=2;7@1=1;7@4=1;8@1=2;8@2=2;8@5=1,"1,2,6,8,0,4,5,7,9",25,19,19,0,1.0,0.4168883907375015,1.0,0.01688839073750158,0.0,0.0,0.6,0.2284836769104004,Feasible
1011,1010,12,7,5,"ADD:0,7;ADD:1,7;ADD:2,0;ADD:3,2;ADD:4,2;ADD:7,7;ADD:8,7;REMOVE:0,8;REMOVE:1,2;REMOVE:4,9;REMOVE:7,8;REMOVE:8,8",0:8;1:2;2:-;3:-;4:9;5:7;6:-;7:8;8:8;9:-,0:7;1:7;2:0;3:2;4:2;5:7;6:-;7:7;8:7;9:-,0@0=1;0@1=2;0@2=2;0@3=1;0@8=3;1@1=1;1@2=1;1@3=1;1@8=1;1@4=1;1@6=1;1@7=1;1@9=1;2@0=1;3@2=1;3@8=1;3@4=1;3@9=1;3@5=1;4@2=1;4@3=1;4@4=1;4@9=1;5@0=1;5@8=1;5@4=2;7@0=1;7@1=2;7@3=1;7@4=1;7@9=1;8@1=1;8@2=3;8@3=1;8@4=2;8@6=1;8@7=1,"0,1,2,3,8,4,6,7,9,5",46,37,37,0,1.0,0.14436162298986577,0.8333333333333334,0.011028289656532325,0.0,0.0,0.7,0.26950502395629883,Feasible
1012,1011,9,5,4,"ADD:2,8;ADD:4,8;ADD:5,4;ADD:6,4;ADD:7,8;REMOVE:2,0;REMOVE:4,2;REMOVE:5,7;REMOVE:7,7",0:7;1:7;2:0;3:2;4:2;5:7;6:-;7:7;8:7;9:-,0:7;1:7;2:8;3:2;4:8;5:4;6:4;7:8;8:7;9:-,0@1=1;0@2=2;0@3=1;0@4=1;0@8=1;0@9=1;1@2=4;1@3=1;1@4=1;1@6=1;1@7=1;2@8=1;3@2=3;3@3=3;3@4=1;4@4=1;4@8=3;4@7=1;4@5=3;5@4=2;6@4=1;7@1=1;7@2=1;7@4=1;7@6=1;7@5=1;8@2=2;8@4=3;8@6=1;8@7=1,"1,2,3,4,8,9,6,7,5",46,30,30,0,1.0,0.024782995470931657,0.5,0.02478299547093161,0.0,0.0,0.5,0.23438286781311035,Feasible
1013,1012,13,7,6,"ADD:0,8;ADD:1,2;ADD:3,9;ADD:4,2;ADD:5,7;ADD:6,8;ADD:7,2;REMOVE:1,7;REMOVE:2,8;REMOVE:3,2;REMOVE:5,4;REMOVE:6,4;REMOVE:7,8",0:7;1:7;2:8;3:2;4:8;5:4;6:4;7:8;8:7;9:-,0:7|8;1:2;2:-;3:9;4:2|8;5:7;6:8;7:2;8:7;9:-,0@0=1;0@1=1;0@3=1;0@5=1;0@6=2;0@7=1;0@8=2;0@9=1;1@0=1;1@8=1;1@9=1;1@2=3;3@3=1;3@6=1;4@0=2;4@1=1;4@3=2;4@5=1;4@8=1;4@2=1;4@4=2;5@3=1;5@6=1;5@9=1;5@4=1;6@1=2;6@4=1;7@0=1;7@8=1;7@2=1;8@0=2;8@7=1;8@9=3;8@4=1,"0,1,3,5,6,7,8,9,2,4",45,34,34,0,1.0,-0.010709403978804488,0.6666666666666666,0.02262392935452886,0.0,0.0,0.7,0.2522411346435547,Feasible
1014,1013,16,8,8,"ADD:1,7;ADD:2,7;ADD:3,7;ADD:4,6;ADD:5,2;ADD:6,3;ADD:7,7;ADD:8,8;REMOVE:0,8;REMOVE:3,9;REMOVE:4,2;REMOVE:4,8;REMOVE:5,7;REMOVE:6,8;REMOVE:7,2;REMOVE:8,7",0:7|8;1:2;2:-;3:9;4:2|8;5:7;6:8;7:2;8:7;9:-,0:7;1:2|7;2:7;3:7;4:6;5:2;6:3;7:7;8:8;9:-,0@0=1;0@1=4;0@2=2;0@8=1;0@9=1;1@2=1;1@3=1;1@4=2;1@5=1;1@6=1;1@7=1;2@2=1;2@7=1;3@1=1;3@9=1;3@4=1;3@7=1;4@1=2;4@6=2;5@0=1;5@4=1;5@5=1;5@7=1;6@1=3;6@9=1;6@5=1;6@7=2;7@0=1;7@4=1;8@1=2;8@2=4;8@4=1,"0,1,2,8,9,3,4,5,6,7",46,32,32,0,1.0,0.013430562534763602,0.8,0.013430562534763442,0.0,0.0,0.7999999999999999,0.2432870864868164,Feasible
1015,1014,14,7,7,"ADD:0,2;ADD:0,8;ADD:4,8;ADD:5,9;ADD:6,9;ADD:7,8;ADD:9,2;REMOVE:0,7;REMOVE:1,7;REMOVE:2,7;REMOVE:4,6;REMOVE:5,2;REMOVE:6,3;REMOVE:7,7",0:7;1:2|7;2:7;3:7;4:6;5:2;6:3;7:7;8:8;9:-,0:2|8;1:2;2:-;3:7;4:8;5:9;6:9;7:8;8:8;9:2,0@1=1;0@2=1;0@3=1;0@4=1;0@5=1;0@8=1;0@9=1;1@2=3;1@3=1;1@4=1;3@1=1;3@4=1;3@0=1;3@6=1;4@4=1;4@5=1;4@8=1;5@9=1;6@9=1;7@4=1;7@5=1;8@1=1;8@2=1;8@4=1;8@8=1;9@2=1,"1,2,3,4,5,8,9,0,6",28,26,26,0,1.0,0.037584553871441995,0.7,0.03758455387144198,0.0,0.0,0.7,0.217818021774292,Feasible
1016,1015,14,7,7,"ADD:0,9;ADD:1,5;ADD:2,2;ADD:4,2;ADD:6,7;ADD:7,2;ADD:8,7;REMOVE:0,2;REMOVE:0,8;REMOVE:1,2;REMOVE:4,8;REMOVE:6,9;REMOVE:7,8;REMOVE:9,2",0:2|8;1:2;2:-;3:7;4:8;5:9;6:9;7:8;8:8;9:2,0:9;1:5;2:2;3:7;4:2;5:9;6:7;7:2;8:7|8;9:-,0@2=2;0@6=1;1@5=2;2@2=1;3@0=1;3@9=1;4@2=1;5@2=1;5@9=1;5@7=1;6@7=1;6@3=1;6@4=1;6@8=1;7@2=1;8@2=2;8@6=1;8@5=1;8@0=1;8@7=1;8@3=2;8@8=1;8@1=1,"2,6,5,0,9,7,3,4,8,1",27,23,23,0,1.0,0.03262498853335494,0.7,0.03262498853335493,0.0,0.0,0.7,0.21229314804077148,Feasible
1017,1016,15,7,8,"ADD:0,2;ADD:1,9;ADD:3,4;ADD:4,4;ADD:5,2;ADD:7,9;ADD:8,6;REMOVE:0,9;REMOVE:1,5;REMOVE:3,7;REMOVE:4,2;REMOVE:5,9;REMOVE:7,2;REMOVE:8,7;REMOVE:8,8",0:9;1:5;2:2;3:7;4:2;5:9;6:7;7:2;8:7|8;9:-,0:2;1:9;2:2;3:4;4:4;5:2;6:7;7:9;8:6;9:-,0@0=1;0@2=2;0@8=2;1@2=2;1@1=3;1@3=2;1@6=1;1@7=1;1@9=2;2@2=1;3@2=2;3@4=2;4@2=3;4@4=3;5@2=2;6@2=1;6@7=1;7@2=1;7@1=2;8@6=1,"0,2,8,1,3,6,7,9,4",35,20,20,0,1.0,0.14199956826789784,0.8,0.0419995682678977,0.0,0.0,0.7,0.204725980758667,Feasible
1018,1017,22,13,9,"ADD:0,3;ADD:0,7;ADD:1,7;ADD:2,4;ADD:3,2;ADD:3,7;ADD:4,8;ADD:5,7;ADD:6,6;ADD:7,7;ADD:8,5;ADD:8,8;ADD:9,1;REMOVE:0,2;REMOVE:1,9;REMOVE:2,2;REMOVE:3,4;REMOVE:4,4;REMOVE:5,2;REMOVE:6,7;REMOVE:7,9;REMOVE:8,6",0:2;1:9;2:2;3:4;4:4;5:2;6:7;7:9;8:6;9:-,0:3|7;1:7;2:4;3:2|7;4:8;5:7;6:6;7:7;8:5|8;9:1,0@1=1;0@2=1;0@3=1;0@4=2;0@5=1;0@6=1;0@9=3;1@1=2;1@2=1;1@3=1;1@4=2;1@6=1;1@9=1;1@7=1;2@4=1;3@1=1;3@2=3;3@3=2;3@4=1;3@5=3;3@6=1;3@9=2;3@0=2;3@8=1;4@1=2;4@2=2;4@4=3;4@6=2;5@1=1;5@2=2;5@3=2;5@6=2;5@0=1;6@4=1;6@6=1;7@3=1;7@6=2;7@7=1;8@2=2;8@5=1;8@6=1;8@0=1;9@1=1,"1,2,3,4,5,6,9,7,0,8",65,43,43,0,1.0,-0.2841946927870276,1.0,0.01580530721297251,0.0,0.0,1.3,0.2536487579345703,Feasible
1019,1018,14,5,9,"ADD:0,8;ADD:4,7;ADD:6,7;ADD:7,2;ADD:8,7;REMOVE:0,3;REMOVE:2,4;REMOVE:3,2;REMOVE:4,8;REMOVE:6,6;REMOVE:7,7;REMOVE:8,5;REMOVE:8,8;REMOVE:9,1",0:3|7;1:7;2:4;3:2|7;4:8;5:7;6:6;7:7;8:5|8;9:1,0:7|8;1:7;2:-;3:7;4:7;5:7;6:7;7:2;8:7;9:-,0@0=1;0@1=1;0@2=2;0@4=2;0@5=1;0@6=1;0@7=2;0@8=4;0@9=2;1@0=2;1@1=1;1@2=1;1@4=1;1@6=1;1@8=1;1@3=1;3@1=1;3@2=1;3@4=1;3@6=1;3@9=2;3@3=1;4@0=1;4@2=1;4@4=1;4@6=1;4@7=1;5@2=2;5@4=3;5@7=1;5@9=1;6@2=3;6@4=1;6@7=2;7@0=1;7@2=2;7@4=1;7@5=1;7@7=1;7@3=1;8@1=1;8@4=2;8@7=1;8@3=1,"0,1,2,4,5,6,7,8,9,3",61,44,44,0,1.0,0.21269530529273617,0.6923076923076923,0.02038761298504392,0.0,0.0,0.5,0.2565159797668457,Feasible
1020,1019,10,6,4,"ADD:1,8;ADD:2,9;ADD:4,8;ADD:5,8;ADD:6,8;ADD:7,8;REMOVE:0,8;REMOVE:1,7;REMOVE:5,7;REMOVE:7,2",0:7|8;1:7;2:-;3:7;4:7;5:7;6:7;7:2;8:7;9:-,0:7;1:8;2:9;3:7;4:7|8;5:8;6:7|8;7:8;8:7;9:-,0@1=2;0@2=1;0@3=2;0@4=1;0@6=3;1@2=3;1@4=1;1@6=1;1@5=1;1@7=1;1@8=1;2@2=1;2@9=2;3@4=3;3@7=2;3@8=1;3@9=1;3@0=1;4@1=1;4@2=3;4@4=1;4@6=1;4@5=1;4@0=1;5@8=1;6@1=2;6@5=1;6@7=1;6@8=1;6@0=1;7@2=2;7@8=1;8@2=2;8@3=2;8@4=1;8@6=1;8@9=1;8@0=1,"1,2,3,4,6,5,7,8,9,0",54,38,38,0,1.0,-0.13981994349252957,0.4444444444444444,0.015735612063026004,0.0,0.0,0.6,0.23929905891418457,Feasible
1021,1020,11,5,6,"ADD:0,8;ADD:2,4;ADD:3,8;ADD:5,7;ADD:7,7;REMOVE:2,9;REMOVE:3,7;REMOVE:4,8;REMOVE:5,8;REMOVE:6,8;REMOVE:7,8",0:7;1:8;2:9;3:7;4:7|8;5:8;6:7|8;7:8;8:7;9:-,0:7|8;1:8;2:4;3:8;4:7;5:7;6:7;7:7;8:7;9:-,0@1=1;0@2=1;0@3=2;0@4=1;0@5=1;0@6=2;1@1=2;1@2=1;1@4=1;2@4=2;3@1=1;3@2=1;3@4=2;3@5=1;4@2=1;4@3=3;4@4=1;4@6=1;4@0=1;4@7=1;4@8=1;4@9=1;5@2=1;5@4=1;5@6=2;5@7=1;5@8=1;5@9=1;6@2=1;6@4=1;6@7=1;6@8=1;6@9=1;7@2=1;7@6=2;7@7=1;8@2=3;8@3=2;8@4=1;8@7=1,"1,2,3,4,5,6,0,7,8,9",52,40,40,0,1.0,0.05899852694679597,0.5454545454545454,0.01354398149225054,0.0,0.0,0.5,0.26552295684814453,Feasible
1022,1021,17,8,9,"ADD:0,2;ADD:1,2;ADD:1,9;ADD:3,4;ADD:5,8;ADD:6,9;ADD:7,6;ADD:8,2;REMOVE:0,7;REMOVE:0,8;REMOVE:1,8;REMOVE:2,4;REMOVE:3,8;REMOVE:5,7;REMOVE:6,7;REMOVE:7,7;REMOVE:8,7",0:7|8;1:8;2:4;3:8;4:7;5:7;6:7;7:7;8:7;9:-,0:2;1:2|9;2:-;3:4;4:7;5:8;6:9;7:6;8:2;9:-,0@2=3;0@5=1;0@8=1;0@9=1;1@2=1;1@5=2;1@9=1;1@1=1;1@4=1;3@2=2;3@4=2;4@8=1;4@4=1;4@0=1;4@6=2;4@7=1;5@5=3;5@8=1;5@4=1;6@2=1;6@1=1;7@1=2;7@4=2;7@6=1;8@5=1;8@9=1;8@4=2,"2,5,8,9,1,4,0,6,7",38,27,27,0,1.0,0.12723823683396818,0.9,0.02723823683396806,0.0,0.0,0.7999999999999999,0.23082399368286133,Feasible
1023,1022,18,9,9,"ADD:0,7;ADD:1,5;ADD:2,6;ADD:3,8;ADD:4,0;ADD:5,2;ADD:6,7;ADD:7,7;ADD:8,7;REMOVE:0,2;REMOVE:1,2;REMOVE:1,9;REMOVE:3,4;REMOVE:4,7;REMOVE:5,8;REMOVE:6,9;REMOVE:7,6;REMOVE:8,2",0:2;1:2|9;2:-;3:4;4:7;5:8;6:9;7:6;8:2;9:-,0:7;1:5;2:6;3:8;4:0;5:2;6:7;7:7;8:7;9:-,0@6=1;0@7=1;1@3=1;1@5=1;1@8=1;2@6=1;3@6=1;3@1=1;3@2=1;3@4=1;4@0=1;5@5=1;5@2=1;5@4=3;5@9=1;6@7=1;6@3=1;7@7=1;8@6=1;8@8=2;8@1=1;8@2=2;8@4=2;8@0=1;8@9=1,"6,7,3,5,8,1,2,4,0,9",30,25,25,0,1.0,0.12405164761748377,1.0,0.024051647617483688,0.0,0.0,0.8999999999999999,0.23141002655029297,Feasible
1024,1023,19,12,7,"ADD:1,7;ADD:1,8;ADD:4,7;ADD:5,5;ADD:5,8;ADD:6,5;ADD:6,8;ADD:7,5;ADD:7,9;ADD:8,5;ADD:8,9;ADD:9,5;REMOVE:1,5;REMOVE:2,6;REMOVE:4,0;REMOVE:5,2;REMOVE:6,7;REMOVE:7,7;REMOVE:8,7",0:7;1:5;2:6;3:8;4:0;5:2;6:7;7:7;8:7;9:-,0:7;1:7|8;2:-;3:8;4:7;5:5|8;6:5|8;7:5|9;8:5|9;9:5,0@1=2;0@2=1;0@3=1;0@4=1;0@8=1;1@3=1;1@4=3;1@5=2;1@6=1;1@7=1;3@2=1;3@4=1;3@5=1;3@6=1;3@7=1;4@1=1;4@4=2;4@6=1;4@0=1;5@1=1;5@3=1;5@8=1;5@5=1;6@1=1;6@8=1;6@5=1;6@0=1;7@1=1;7@5=1;7@0=1;7@9=1;8@5=1;8@9=1;9@5=1,"1,2,3,4,8,5,6,7,0,9",39,34,34,0,1.0,-0.3989111418586957,0.7777777777777778,0.02331108036352647,0.0,0.0,1.2,0.23728489875793457,Feasible
1025,1024,21,8,13,"ADD:0,2;ADD:2,9;ADD:3,7;ADD:4,8;ADD:5,2;ADD:6,2;ADD:7,7;ADD:8,7;REMOVE:0,7;REMOVE:1,8;REMOVE:3,8;REMOVE:4,7;REMOVE:5,5;REMOVE:5,8;REMOVE:6,5;REMOVE:6,8;REMOVE:7,5;REMOVE:7,9;REMOVE:8,5;REMOVE:8,9;REMOVE:9,5",0:7;1:7|8;2:-;3:8;4:7;5:5|8;6:5|8;7:5|9;8:5|9;9:5,0:2;1:7;2:9;3:7;4:8;5:2;6:2;7:7;8:7;9:-,0@3=2;0@4=2;0@5=2;1@3=1;1@0=1;1@1=1;1@2=3;1@7=2;2@2=1;2@9=1;3@3=1;3@4=1;3@1=1;3@2=2;3@9=4;4@4=3;4@1=1;4@2=1;5@4=3;5@5=2;5@0=1;6@2=1;7@4=1;7@2=1;7@9=1;7@6=1;8@3=1;8@4=5;8@1=3;8@2=1;8@6=1;8@8=2,"3,4,5,0,1,2,7,9,6,8",54,32,32,0,1.0,0.1360580862960029,0.9285714285714286,0.007486657724574273,0.0,0.0,0.7999999999999999,0.23658084869384766,Feasible
1026,1025,17,10,7,"ADD:0,7;ADD:2,0;ADD:3,2;ADD:3,9;ADD:4,7;ADD:5,7;ADD:6,7;ADD:7,8;ADD:8,3;ADD:8,9;REMOVE:2,9;REMOVE:3,7;REMOVE:4,8;REMOVE:5,2;REMOVE:6,2;REMOVE:7,7;REMOVE:8,7",0:2;1:7;2:9;3:7;4:8;5:2;6:2;7:7;8:7;9:-,0:2|7;1:7;2:0;3:2|9;4:7;5:7;6:7;7:8;8:3|9;9:-,0@0=3;0@1=1;0@2=1;0@4=1;0@5=1;0@6=1;0@9=2;1@0=1;1@1=1;1@2=3;1@4=2;1@3=1;1@8=2;2@0=1;3@0=1;3@1=1;3@2=3;3@5=1;3@6=1;3@9=3;4@1=2;4@2=1;4@4=2;4@3=1;4@8=1;5@1=1;5@4=1;5@9=1;5@8=1;5@7=1;6@1=2;6@3=1;6@7=1;7@2=1;7@4=2;7@8=1;8@1=2;8@2=2;8@5=1;8@6=1;8@9=1;8@3=1,"0,1,2,4,5,6,9,3,8,7",59,42,42,0,1.0,-0.1993623145194996,0.7777777777777778,0.022859907702722483,0.0,0.0,0.9999999999999999,0.30077695846557617,Feasible
1027,1026,18,9,9,"ADD:0,8;ADD:1,2;ADD:2,3;ADD:3,7;ADD:6,8;ADD:7,3;ADD:8,7;ADD:8,8;ADD:9,4;REMOVE:0,2;REMOVE:0,7;REMOVE:1,7;REMOVE:2,0;REMOVE:3,2;REMOVE:3,9;REMOVE:7,8;REMOVE:8,3;REMOVE:8,9",0:2|7;1:7;2:0;3:2|9;4:7;5:7;6:7;7:8;8:3|9;9:-,0:8;1:2;2:3;3:7;4:7;5:7;6:7|8;7:3;8:7|8;9:4,0@1=3;0@4=2;1@4=2;1@2=1;1@3=1;1@5=1;1@8=1;2@2=1;2@3=1;3@4=1;3@2=1;3@3=1;3@7=1;4@1=1;4@4=2;4@7=1;4@9=4;5@1=1;5@4=2;5@3=1;6@1=1;6@4=1;6@2=2;6@8=1;6@7=1;7@1=2;7@2=1;7@3=1;7@5=1;7@9=1;8@1=1;8@2=3;8@3=1;8@5=2;8@8=1;8@6=1;9@4=1,"1,4,2,3,5,8,7,9,6",51,37,37,0,1.0,-0.13254085833663298,0.75,0.017459141663366942,0.0,0.0,0.8999999999999999,0.29412007331848145,Feasible
1028,1027,18,8,10,"ADD:0,2;ADD:1,5;ADD:1,7;ADD:2,4;ADD:3,8;ADD:5,8;ADD:6,4;ADD:7,7;REMOVE:0,8;REMOVE:1,2;REMOVE:2,3;REMOVE:3,7;REMOVE:5,7;REMOVE:6,7;REMOVE:6,8;REMOVE:7,3;REMOVE:8,7;REMOVE:9,4",0:8;1:2;2:3;3:7;4:7;5:7;6:7|8;7:3;8:7|8;9:4,0:2;1:5|7;2:4;3:8;4:7;5:8;6:4;7:7;8:8;9:-,0@2=5;0@4=2;0@9=1;1@0=1;1@3=1;1@5=1;1@7=1;2@4=1;3@2=1;3@4=1;3@7=1;3@1=2;3@8=1;4@2=3;4@0=1;4@7=1;4@1=1;5@2=1;5@4=4;5@1=2;6@2=2;6@4=1;7@2=1;7@4=1;7@9=1;7@8=1;7@6=1;8@2=1;8@4=2;8@5=2;8@1=1;8@6=1,"2,4,9,0,3,5,7,1,8,6",47,32,32,0,1.0,0.05527629749104379,0.8333333333333334,0.021942964157710323,0.0,0.0,0.7999999999999999,0.24380993843078613,Feasible
1029,1028,13,7,6,"ADD:0,8;ADD:3,2;ADD:4,8;ADD:5,2;ADD:6,2;ADD:7,8;ADD:8,3;REMOVE:0,2;REMOVE:1,5;REMOVE:2,4;REMOVE:3,8;REMOVE:5,8;REMOVE:6,4",0:2;1:5|7;2:4;3:8;4:7;5:8;6:4;7:7;8:8;9:-,0:8;1:7;2:-;3:2;4:7|8;5:2;6:2;7:7|8;8:3|8;9:-,0@2=2;0@4=3;0@5=1;0@6=1;1@4=4;1@0=2;1@9=1;3@4=2;3@5=1;3@0=2;3@3=1;4@2=2;4@4=1;4@5=1;4@6=1;4@3=1;4@1=2;5@2=2;6@2=1;6@4=1;6@3=1;7@5=1;7@6=1;7@0=1;7@1=1;8@4=2;8@5=1;8@3=1;8@1=1,"2,4,5,6,0,9,3,1",42,29,29,0,1.0,-0.09014735702595489,0.6,0.009852642974045079,0.0,0.0,0.7,0.22662591934204102,Feasible
1030,1029,13,5,8,"ADD:0,2;ADD:1,8;ADD:3,8;ADD:5,1;ADD:6,5;REMOVE:0,8;REMOVE:1,7;REMOVE:3,2;REMOVE:4,8;REMOVE:5,2;REMOVE:6,2;REMOVE:7,8;REMOVE:8,3",0:8;1:7;2:-;3:2;4:7|8;5:2;6:2;7:7|8;8:3|8;9:-,0:2;1:8;2:-;3:8;4:7;5:1;6:5;7:7;8:8;9:-,0@2=3;1@2=2;1@1=1;1@4=1;1@5=1;1@7=1;3@5=1;3@6=1;4@2=1;4@1=1;4@0=1;5@1=1;6@5=1;7@1=1;7@4=1;7@7=2;8@2=1;8@4=1;8@7=1;8@6=1;8@8=1,"2,1,4,5,7,6,0,8",25,21,21,0,1.0,0.2596787075099075,0.7272727272727273,0.03240598023718018,0.0,0.0,0.5,0.21084189414978027,Feasible
1031,1030,14,7,7,"ADD:0,8;ADD:2,8;ADD:3,7;ADD:4,8;ADD:5,9;ADD:7,9;ADD:8,2;REMOVE:0,2;REMOVE:3,8;REMOVE:4,7;REMOVE:5,1;REMOVE:6,5;REMOVE:7,7;REMOVE:8,8",0:2;1:8;2:-;3:8;4:7;5:1;6:5;7:7;8:8;9:-,0:8;1:8;2:8;3:7;4:8;5:9;6:-;7:9;8:2;9:-,0@1=2;0@2=1;0@4=3;0@6=1;1@1=1;1@2=1;1@4=2;1@8=1;2@8=1;3@0=1;3@3=1;3@7=2;4@1=2;4@4=1;5@1=2;5@2=1;5@6=1;5@9=1;7@9=1;8@2=1;8@4=1;8@3=2;8@5=1,"1,2,4,6,8,0,3,7,9,5",31,23,23,0,1.0,0.19741252555275646,0.875,0.022412525552756465,0.0,0.0,0.7,0.2379298210144043,Feasible
1032,1031,17,11,6,"ADD:0,7;ADD:1,7;ADD:2,2;ADD:3,8;ADD:4,7;ADD:5,3;ADD:6,2;ADD:7,2;ADD:8,7;ADD:8,8;ADD:9,2;REMOVE:0,8;REMOVE:1,8;REMOVE:2,8;REMOVE:4,8;REMOVE:7,9;REMOVE:8,2",0:8;1:8;2:8;3:7;4:8;5:9;6:-;7:9;8:2;9:-,0:7;1:7;2:2;3:7|8;4:7;5:3|9;6:2;7:2;8:7|8;9:2,0@0=3;0@1=1;0@2=2;0@4=3;0@8=1;0@9=1;1@0=2;1@2=2;1@9=2;1@6=1;2@0=1;2@2=1;2@3=1;3@0=2;3@1=1;3@2=1;3@8=1;3@6=3;3@3=1;3@5=1;4@0=1;4@1=1;4@2=1;4@4=1;4@8=1;4@9=1;4@6=1;4@3=2;4@7=1;5@1=2;5@2=1;5@6=1;5@3=1;5@5=1;6@2=1;6@4=2;6@9=1;6@3=1;6@5=1;6@7=1;7@2=1;7@4=1;7@5=1;8@1=2;8@2=3;8@4=1;8@6=1;8@3=1;8@5=2;9@2=1,"0,1,2,4,8,9,6,3,5,7",68,50,50,0,1.0,-0.3400563472319438,0.75,0.009943652768056097,0.0,0.0,1.0999999999999999,0.3180720806121826,Feasible
1033,1032,14,6,8,"ADD:1,8;ADD:2,8;ADD:4,8;ADD:5,4;ADD:6,7;ADD:7,7;REMOVE:2,2;REMOVE:3,8;REMOVE:5,3;REMOVE:5,9;REMOVE:6,2;REMOVE:7,2;REMOVE:8,8;REMOVE:9,2",0:7;1:7;2:2;3:7|8;4:7;5:3|9;6:2;7:2;8:7|8;9:2,0:7;1:7|8;2:8;3:7;4:7|8;5:4;6:7;7:7;8:7;9:-,0@0=2;0@1=1;0@7=1;0@8=1;1@1=3;1@8=1;1@3=1;1@4=2;1@5=2;2@8=1;2@5=1;3@0=1;3@1=2;3@8=1;3@3=1;3@4=2;3@2=2;4@0=1;4@1=1;4@7=1;4@8=1;4@4=2;4@5=1;4@6=1;5@4=1;5@2=1;5@6=2;6@0=1;6@1=1;6@7=1;6@8=1;6@3=1;7@1=1;7@7=1;7@4=2;7@6=1;8@0=2;8@1=2;8@7=1;8@2=2;8@9=1,"0,1,7,8,3,4,5,2,6,9",55,41,41,0,1.0,0.03132925569488665,0.6153846153846154,0.015944640310271263,0.0,0.0,0.6,0.264110803604126,Feasible
1034,1033,17,9,8,"ADD:0,8;ADD:1,5;ADD:2,1;ADD:3,2;ADD:5,1;ADD:7,2;ADD:7,3;ADD:8,2;ADD:9,4;REMOVE:0,7;REMOVE:1,7;REMOVE:1,8;REMOVE:2,8;REMOVE:3,7;REMOVE:4,7;REMOVE:5,4;REMOVE:7,7",0:7;1:7|8;2:8;3:7;4:7|8;5:4;6:7;7:7;8:7;9:-,0:8;1:5;2:1;3:2;4:8;5:1;6:7;7:2|3;8:2|7;9:4,0@1=1;0@2=1;0@5=1;0@6=1;0@7=1;1@2=2;1@5=2;1@0=2;2@1=1;3@2=3;3@0=1;4@5=1;4@4=1;5@1=1;6@0=1;6@4=1;7@1=2;7@2=1;7@5=1;7@4=1;7@3=1;7@9=1;8@1=1;8@2=3;8@5=2;8@0=1;8@4=1;8@3=1;9@2=1;9@6=1;9@4=1,"1,2,5,6,7,0,4,3,9",40,31,31,0,1.0,-0.1369026285976136,0.7272727272727273,0.035824644129659036,0.0,0.0,0.8999999999999999,0.2351670265197754,Feasible
1035,1034,19,9,10,"ADD:0,2;ADD:0,7;ADD:1,7;ADD:2,7;ADD:3,8;ADD:4,7;ADD:5,7;ADD:7,6;ADD:7,8;REMOVE:0,8;REMOVE:1,5;REMOVE:2,1;REMOVE:3,2;REMOVE:4,8;REMOVE:5,1;REMOVE:7,2;REMOVE:7,3;REMOVE:8,2;REMOVE:9,4",0:8;1:5;2:1;3:2;4:8;5:1;6:7;7:2|3;8:2|7;9:4,0:2|7;1:7;2:7;3:8;4:7;5:7;6:7;7:6|8;8:7;9:-,0@1=3;0@2=3;0@4=1;0@5=1;0@7=2;0@9=1;1@1=2;1@4=1;1@7=1;1@9=1;2@7=1;3@2=1;3@8=1;4@8=3;4@3=2;5@2=2;5@4=2;5@3=1;5@6=1;6@2=2;6@4=1;6@7=1;6@3=1;7@4=1;7@5=1;7@9=1;7@8=1;7@6=1;8@1=3;8@2=2;8@4=2;8@9=2;8@8=1;8@6=1,"1,2,4,5,7,9,8,3,6",51,34,34,0,1.0,-0.04604674137451792,0.8333333333333334,0.02061992529214863,0.0,0.0,0.8999999999999999,0.2610509395599365,Feasible
1036,1035,17,8,9,"ADD:1,8;ADD:2,2;ADD:3,7;ADD:4,8;ADD:6,2;ADD:7,2;ADD:8,8;ADD:9,5;REMOVE:0,2;REMOVE:1,7;REMOVE:2,7;REMOVE:3,8;REMOVE:4,7;REMOVE:6,7;REMOVE:7,6;REMOVE:7,8;REMOVE:8,7",0:2|7;1:7;2:7;3:8;4:7;5:7;6:7;7:6|8;8:7;9:-,0:7;1:8;2:2;3:7;4:8;5:7;6:2;7:2;8:8;9:5,0@0=1;0@1=1;0@3=1;0@4=1;0@8=2;0@9=1;1@1=2;1@8=2;1@2=2;1@6=2;2@3=1;2@4=1;2@5=1;3@4=1;3@9=1;3@2=1;3@7=2;4@1=2;4@8=1;4@2=1;4@7=1;5@0=3;5@1=1;5@3=1;5@8=1;5@9=1;6@4=3;6@9=1;6@2=1;7@2=1;8@1=2;8@4=1;8@8=1;9@5=1,"0,1,3,4,8,9,2,6,5,7",46,34,34,0,1.0,0.038631138257102626,0.8181818181818182,0.020449320075284307,0.0,0.0,0.7999999999999999,0.28751420974731445,Feasible
1037,1036,17,9,8,"ADD:0,3;ADD:1,9;ADD:3,2;ADD:4,2;ADD:5,9;ADD:6,4;ADD:7,7;ADD:8,7;ADD:9,6;REMOVE:1,8;REMOVE:3,7;REMOVE:4,8;REMOVE:5,7;REMOVE:6,2;REMOVE:7,2;REMOVE:8,8;REMOVE:9,5",0:7;1:8;2:2;3:7;4:8;5:7;6:2;7:2;8:8;9:5,0:3|7;1:9;2:2;3:2;4:2;5:9;6:4;7:7;8:7;9:6,0@0=1;0@1=2;0@3=1;0@4=1;0@5=1;0@9=1;1@3=1;1@9=1;1@2=1;1@7=1;2@0=1;2@2=2;3@3=1;3@4=1;3@9=2;3@2=2;3@8=1;4@0=1;4@2=2;5@1=1;5@2=2;6@4=1;7@1=1;7@4=1;7@7=1;8@1=1;8@4=1;8@9=1;9@6=1,"0,1,3,4,5,9,2,7,8,6",35,29,29,0,1.0,-0.06911718731149219,0.8,0.030882812688507722,0.0,0.0,0.8999999999999999,0.2643239498138428,Feasible
1038,1037,16,7,9,"ADD:0,1;ADD:1,7;ADD:2,3;ADD:4,4;ADD:5,7;ADD:6,5;ADD:7,2;REMOVE:0,3;REMOVE:0,7;REMOVE:1,9;REMOVE:2,2;REMOVE:4,2;REMOVE:5,9;REMOVE:6,4;REMOVE:7,7;REMOVE:9,6",0:3|7;1:9;2:2;3:2;4:2;5:9;6:4;7:7;8:7;9:6,0:1;1:7;2:3;3:2;4:4;5:7;6:5;7:2;8:7;9:-,0@1=2;0@3=1;0@6=2;0@8=1;1@1=1;1@8=1;1@0=2;1@4=3;2@1=1;2@3=1;3@0=1;3@4=1;3@5=1;3@7=1;3@9=1;4@6=1;4@4=1;4@2=1;5@4=1;5@7=1;6@5=1;7@8=1;7@0=1;7@4=1;7@5=1;7@2=1;8@1=1;8@0=1;8@4=4;8@7=1;8@9=1,"1,3,6,8,0,4,5,7,9,2",39,31,31,0,1.0,0.1390318164808121,0.8181818181818182,0.020849998298993793,0.0,0.0,0.7,0.28784799575805664,Feasible
1039,1038,18,10,8,"ADD:0,2;ADD:0,8;ADD:2,7;ADD:3,7;ADD:4,7;ADD:5,8;ADD:6,7;ADD:7,7;ADD:8,5;ADD:8,8;REMOVE:0,1;REMOVE:2,3;REMOVE:3,2;REMOVE:4,4;REMOVE:5,7;REMOVE:6,5;REMOVE:7,2;REMOVE:8,7",0:1;1:7;2:3;3:2;4:4;5:7;6:5;7:2;8:7;9:-,0:2|8;1:7;2:7;3:7;4:7;5:8;6:7;7:7;8:5|8;9:-,0@2=4;0@3=1;0@4=7;0@5=1;0@6=1;0@8=1;1@2=2;1@3=1;1@4=2;1@6=1;1@0=1;1@9=1;2@6=1;2@7=1;3@2=2;3@3=2;3@4=1;3@6=1;3@0=1;3@9=1;4@2=2;4@6=1;4@0=1;4@9=1;4@1=1;5@5=1;5@6=1;5@8=1;6@2=1;6@3=1;6@4=3;6@6=1;6@8=2;6@7=1;7@2=4;7@3=1;7@4=2;7@6=1;7@9=1;7@7=1;8@2=3;8@3=3;8@5=1;8@8=1;8@1=3,"2,3,4,5,6,8,0,9,7,1",72,45,45,0,1.0,-0.09714844321637428,0.8888888888888888,0.013962667894736738,0.0,0.0,0.9999999999999999,0.32277512550354004,Feasible
1040,1039,14,6,8,"ADD:0,7;ADD:1,2;ADD:2,4;ADD:3,9;ADD:6,2;ADD:8,7;REMOVE:0,2;REMOVE:0,8;REMOVE:1,7;REMOVE:2,7;REMOVE:3,7;REMOVE:6,7;REMOVE:8,5;REMOVE:8,8",0:2|8;1:7;2:7;3:7;4:7;5:8;6:7;7:7;8:5|8;9:-,0:7;1:2;2:4;3:9;4:7;5:8;6:2;7:7;8:7;9:-,0@0=1;0@2=1;0@3=2;0@4=1;0@6=1;0@7=1;1@2=1;1@3=1;1@4=2;1@7=1;1@5=1;2@4=1;3@2=1;3@6=1;3@9=3;4@3=1;4@4=1;4@1=1;4@8=2;5@2=2;5@4=2;5@6=1;5@5=1;6@2=1;6@4=2;6@5=1;7@2=1;7@4=1;7@7=1;8@2=1;8@4=1;8@6=1;8@9=1,"0,2,3,4,6,7,5,9,1,8",41,33,33,0,1.0,0.14639824917291022,0.7272727272727273,0.019125521900182955,0.0,0.0,0.6,0.30539393424987793,Feasible
1041,1040,13,8,5,"ADD:0,2;ADD:0,8;ADD:1,7;ADD:3,7;ADD:3,8;ADD:5,0;ADD:8,2;ADD:8,8;REMOVE:0,7;REMOVE:1,2;REMOVE:3,9;REMOVE:5,8;REMOVE:8,7",0:7;1:2;2:4;3:9;4:7;5:8;6:2;7:7;8:7;9:-,0:2|8;1:7;2:4;3:7|8;4:7;5:0;6:2;7:7;8:2|8;9:-,0@0=1;0@2=5;0@3=1;0@4=2;0@5=2;0@6=2;0@8=1;1@2=4;1@7=2;2@4=1;3@0=1;3@2=1;3@4=1;3@5=1;3@6=1;3@1=1;4@0=1;4@2=2;4@1=1;5@0=1;5@5=1;5@7=1;6@2=3;6@4=1;6@5=2;7@3=1;7@4=1;7@7=1;8@0=1;8@2=1;8@4=1;8@5=2;8@6=1,"0,2,3,4,5,6,8,7,1",49,33,33,0,1.0,-0.21275755830629073,0.5555555555555556,0.03168688613815358,0.0,0.0,0.7999999999999999,0.2994048595428467,Feasible
1042,1041,15,7,8,"ADD:0,7;ADD:3,2;ADD:4,9;ADD:5,7;ADD:7,8;ADD:8,9;ADD:9,4;REMOVE:0,8;REMOVE:3,7;REMOVE:3,8;REMOVE:4,7;REMOVE:5,0;REMOVE:7,7;REMOVE:8,2;REMOVE:8,8",0:2|8;1:7;2:4;3:7|8;4:7;5:0;6:2;7:7;8:2|8;9:-,0:2|7;1:7;2:4;3:2;4:9;5:7;6:2;7:8;8:9;9:4,0@0=1;0@1=1;0@2=2;0@3=1;0@4=1;0@5=1;1@0=1;1@1=2;1@2=1;1@3=1;1@4=2;1@6=1;1@7=1;1@9=1;2@4=1;3@2=2;3@4=1;3@9=1;4@2=2;4@6=1;4@9=1;5@0=1;5@2=1;5@4=1;5@6=1;5@9=1;5@8=1;6@0=1;6@2=1;6@4=1;6@8=1;7@1=1;7@2=2;7@8=1;8@1=2;8@2=1;8@7=2;8@9=1;9@4=1,"0,1,2,3,4,5,6,7,9,8",47,39,39,0,1.0,-0.01094046763491252,0.6666666666666666,0.02239286569842081,0.0,0.0,0.7,0.3120579719543457,Feasible
1043,1042,17,8,9,"ADD:2,9;ADD:3,3;ADD:3,7;ADD:4,5;ADD:5,2;ADD:6,9;ADD:7,1;ADD:8,7;REMOVE:0,7;REMOVE:2,4;REMOVE:3,2;REMOVE:4,9;REMOVE:5,7;REMOVE:6,2;REMOVE:7,8;REMOVE:8,9;REMOVE:9,4",0:2|7;1:7;2:4;3:2;4:9;5:7;6:2;7:8;8:9;9:4,0:2;1:7;2:9;3:3|7;4:5;5:2;6:9;7:1;8:7;9:-,0@3=2;0@4=3;0@5=3;0@7=3;0@8=1;0@9=1;1@3=1;1@4=3;1@1=1;1@2=3;2@2=1;2@6=1;3@3=1;3@4=2;3@5=1;3@7=1;3@9=1;3@1=1;3@2=2;3@6=2;4@3=1;4@5=1;4@0=1;5@2=4;6@3=2;6@2=1;6@6=2;7@1=2;8@4=2;8@7=1;8@9=1;8@1=1;8@2=1;8@6=1;8@0=1,"3,4,5,7,8,9,1,2,6,0",56,35,35,0,1.0,0.035370718918937505,0.8181818181818182,0.01718890073711926,0.0,0.0,0.7999999999999999,0.3029029369354248,Feasible
1044,1043,12,5,7,"ADD:1,8;ADD:3,8;ADD:4,7;ADD:6,6;ADD:7,2;REMOVE:1,7;REMOVE:2,9;REMOVE:3,3;REMOVE:3,7;REMOVE:4,5;REMOVE:6,9;REMOVE:7,1",0:2;1:7;2:9;3:3|7;4:5;5:2;6:9;7:1;8:7;9:-,0:2;1:8;2:-;3:8;4:7;5:2;6:6;7:2;8:7;9:-,0@0=1;0@2=1;1@2=2;1@4=1;1@5=1;1@8=1;3@4=1;3@5=1;3@8=1;3@1=1;4@4=1;4@3=1;4@6=1;5@2=2;5@4=1;5@5=1;5@8=1;5@3=1;6@4=1;6@6=1;7@2=3;8@7=1,"0,2,4,5,8,1,3,6,7",26,22,22,0,1.0,0.23812996275220266,0.7,0.03812996275220272,0.0,0.0,0.5,0.2455132007598877,Feasible
1045,1044,14,8,6,"ADD:0,7;ADD:1,5;ADD:1,7;ADD:2,9;ADD:3,7;ADD:4,4;ADD:6,1;ADD:7,8;REMOVE:0,2;REMOVE:1,8;REMOVE:3,8;REMOVE:4,7;REMOVE:6,6;REMOVE:7,2",0:2;1:8;2:-;3:8;4:7;5:2;6:6;7:2;8:7;9:-,0:7;1:5|7;2:9;3:7;4:4;5:2;6:1;7:8;8:7;9:-,0@1=1;0@2=1;0@4=1;0@7=1;1@1=1;1@4=1;1@0=1;1@3=1;1@5=1;2@1=1;2@2=1;3@1=1;3@0=1;4@2=1;4@4=1;5@2=1;5@4=2;5@0=1;5@3=2;5@5=1;6@1=1;7@1=1;7@2=1;7@7=1;7@8=1;8@1=1;8@2=2;8@4=1;8@7=1;8@3=2;8@8=1;8@6=4,"1,2,4,7,0,3,5,8,6",39,32,32,0,1.0,-0.03169975368112532,0.75,0.018300246318874575,0.0,0.0,0.7999999999999999,0.2856740951538086,Feasible
1046,1045,21,12,9,"ADD:0,2;ADD:0,8;ADD:1,2;ADD:2,0;ADD:3,2;ADD:3,8;ADD:4,0;ADD:4,7;ADD:5,8;ADD:6,7;ADD:7,3;ADD:8,8;REMOVE:0,7;REMOVE:1,5;REMOVE:2,9;REMOVE:3,7;REMOVE:4,4;REMOVE:5,2;REMOVE:6,1;REMOVE:7,8;REMOVE:8,7",0:7;1:5|7;2:9;3:7;4:4;5:2;6:1;7:8;8:7;9:-,0:2|8;1:2|7;2:0;3:2|8;4:0|7;5:8;6:7;7:3;8:8;9:-,0@0=2;0@2=1;0@4=3;0@5=3;0@6=1;0@8=1;0@9=1;1@0=1;1@2=2;1@4=2;1@5=1;1@1=1;1@3=2;2@0=1;3@0=1;3@2=1;3@4=1;3@5=2;3@8=1;3@1=5;3@3=1;4@0=2;4@2=2;4@4=3;4@5=1;4@6=3;4@9=2;4@1=3;5@4=3;5@1=2;6@2=3;6@1=1;6@3=1;6@7=1;7@2=1;7@1=1;7@3=2;8@2=1;8@4=4;8@5=1;8@6=1;8@8=1;8@1=1,"0,2,4,5,6,8,9,1,3,7",74,43,43,0,1.0,-0.28215475982284777,0.9,0.017845240177152208,0.0,0.0,1.2,0.3204381465911865,Feasible
1047,1046,18,9,9,"ADD:0,3;ADD:2,9;ADD:3,7;ADD:4,8;ADD:5,7;ADD:6,5;ADD:6,8;ADD:7,7;ADD:8,7;REMOVE:0,8;REMOVE:2,0;REMOVE:3,2;REMOVE:3,8;REMOVE:4,0;REMOVE:4,7;REMOVE:5,8;REMOVE:6,7;REMOVE:7,3",0:2|8;1:2|7;2:0;3:2|8;4:0|7;5:8;6:7;7:3;8:8;9:-,0:2|3;1:2|7;2:9;3:7;4:8;5:7;6:5|8;7:7;8:7|8;9:-,0@1=4;0@2=2;0@3=2;0@4=2;0@5=1;0@9=2;1@1=3;1@2=2;1@3=1;1@5=1;1@9=1;1@0=1;1@8=2;2@2=1;2@3=1;2@9=1;3@1=3;3@2=1;3@3=1;3@4=2;3@9=2;3@0=1;3@6=1;4@2=3;4@8=1;4@6=1;4@7=1;5@1=2;5@2=1;5@4=1;5@7=1;6@3=1;6@5=1;6@8=2;6@6=1;7@1=3;7@2=2;7@4=2;7@9=1;8@1=2;8@3=1;8@4=2;8@5=1;8@8=1;8@7=1,"1,2,3,4,5,9,0,8,6,7",70,45,45,0,1.0,-0.18919816461838312,0.6923076923076923,0.018494143073924538,0.0,0.0,0.8999999999999999,0.28226804733276367,Feasible
1048,1047,16,8,8,"ADD:0,9;ADD:2,2;ADD:2,7;ADD:3,2;ADD:4,7;ADD:5,8;ADD:6,7;ADD:7,2;REMOVE:0,3;REMOVE:1,2;REMOVE:2,9;REMOVE:4,8;REMOVE:5,7;REMOVE:6,5;REMOVE:6,8;REMOVE:8,8",0:2|3;1:2|7;2:9;3:7;4:8;5:7;6:5|8;7:7;8:7|8;9:-,0:2|9;1:7;2:2|7;3:2|7;4:7;5:8;6:7;7:2|7;8:7;9:-,0@2=1;0@5=1;0@6=1;0@7=1;0@9=1;1@7=4;1@9=1;1@0=2;1@1=3;1@4=1;1@8=1;2@2=2;2@5=2;2@6=1;2@7=2;2@0=1;2@4=1;2@8=1;2@3=1;3@2=1;3@5=1;3@7=1;3@0=2;3@1=2;3@4=2;3@3=2;4@7=2;4@9=1;4@1=1;4@4=1;4@8=2;4@3=3;5@5=1;5@1=2;5@4=3;6@9=1;6@1=2;6@4=1;7@2=1;7@5=2;7@6=1;7@0=1;7@1=1;7@4=2;7@3=1;8@2=2;8@7=1;8@9=2;8@4=3;8@3=1,"2,5,6,7,9,0,1,4,8,3",77,50,50,0,1.0,-0.16195425981891298,0.6153846153846154,0.022661124796471577,0.0,0.0,0.7999999999999999,0.2836029529571533,Feasible
1049,1048,15,6,9,"ADD:0,7;ADD:1,8;ADD:2,8;ADD:2,9;ADD:4,2;ADD:6,8;REMOVE:0,2;REMOVE:0,9;REMOVE:1,7;REMOVE:2,2;REMOVE:2,7;REMOVE:3,2;REMOVE:4,7;REMOVE:6,7;REMOVE:7,7",0:2|9;1:7;2:2|7;3:2|7;4:7;5:8;6:7;7:2|7;8:7;9:-,0:7;1:8;2:8|9;3:7;4:2;5:8;6:8;7:2;8:7;9:-,0@0=1;0@1=1;0@3=1;0@4=1;0@7=3;0@8=1;1@1=1;1@4=1;1@2=1;1@5=1;2@7=2;2@5=1;2@6=1;2@9=1;3@3=1;3@4=1;3@7=1;3@8=2;3@2=1;4@3=2;4@4=2;4@7=1;4@2=3;4@5=1;4@9=3;5@8=1;5@2=1;6@1=2;6@4=1;6@8=1;6@2=1;7@8=1;7@2=1;7@5=2;7@9=1;8@1=3;8@4=3;8@7=1;8@6=1,"0,1,3,4,7,8,2,5,6,9",55,39,39,0,1.0,0.11338535580916331,0.6923076923076923,0.02107766350147105,0.0,0.0,0.6,0.28583216667175293,Feasible
1050,1049,11,6,5,"ADD:3,2;ADD:4,7;ADD:4,8;ADD:5,7;ADD:6,7;ADD:8,3;REMOVE:2,9;REMOVE:3,7;REMOVE:4,2;REMOVE:5,8;REMOVE:6,8",0:7;1:8;2:8|9;3:7;4:2;5:8;6:8;7:2;8:7;9:-,0:7;1:8;2:8;3:2;4:7|8;5:7;6:7;7:2;8:3|7;9:-,0@0=2;0@3=1;0@4=1;1@1=2;1@5=2;1@6=1;2@4=1;2@1=1;2@2=1;3@4=1;3@5=1;3@2=1;4@0=1;4@4=1;4@1=2;4@5=1;4@6=1;4@2=1;4@8=2;5@0=1;5@4=1;5@1=2;6@4=2;6@2=1;6@7=1;7@0=1;7@4=1;7@2=1;7@9=1;8@3=1;8@4=1;8@1=1;8@5=1;8@9=1,"0,3,4,1,5,6,2,8,7,9",41,34,34,0,1.0,-0.08441495930034948,0.5,0.01558504069965046,0.0,0.0,0.6,0.280062198638916,Feasible
1051,1050,18,9,9,"ADD:0,2;ADD:1,9;ADD:3,7;ADD:4,9;ADD:5,2;ADD:6,2;ADD:7,4;ADD:8,2;ADD:9,7;REMOVE:1,8;REMOVE:3,2;REMOVE:4,7;REMOVE:4,8;REMOVE:5,7;REMOVE:6,7;REMOVE:7,2;REMOVE:8,3;REMOVE:8,7",0:7;1:8;2:8;3:2;4:7|8;5:7;6:7;7:2;8:3|7;9:-,0:2|7;1:9;2:8;3:7;4:9;5:2;6:2;7:4;8:2;9:7,0@0=1;0@2=1;0@4=1;0@5=1;0@6=2;0@7=1;0@9=1;1@2=2;1@9=2;2@2=1;2@1=1;2@8=1;3@2=1;3@4=1;3@7=2;3@9=1;4@2=2;4@6=2;5@0=1;5@2=1;5@8=1;5@3=1;6@2=2;7@2=2;7@4=1;8@0=1;8@2=1;8@4=2;8@5=2;8@9=1;8@3=1;9@7=1,"0,2,4,5,6,7,9,1,8,3",42,32,32,0,1.0,-0.05044712789302752,0.8181818181818182,0.03137105392515411,0.0,0.0,0.8999999999999999,0.26541781425476074,Feasible
1052,1051,18,8,10,"ADD:0,5;ADD:1,2;ADD:3,2;ADD:4,7;ADD:5,8;ADD:6,8;ADD:7,8;ADD:8,7;REMOVE:0,2;REMOVE:0,7;REMOVE:1,9;REMOVE:3,7;REMOVE:4,9;REMOVE:5,2;REMOVE:6,2;REMOVE:7,4;REMOVE:8,2;REMOVE:9,7",0:2|7;1:9;2:8;3:7;4:9;5:2;6:2;7:4;8:2;9:7,0:5;1:2;2:8;3:2;4:7;5:8;6:8;7:8;8:7;9:-,0@3=1;0@5=1;1@5=1;1@2=2;1@4=1;1@8=2;1@9=1;2@5=1;2@2=1;2@4=1;2@1=1;3@2=1;4@2=1;4@4=1;4@1=2;4@0=1;5@4=2;5@8=3;6@2=1;6@4=1;6@8=1;7@2=1;7@4=1;7@8=1;7@1=1;7@6=1;8@3=1;8@4=2;8@0=1;8@6=1,"3,5,2,4,8,9,1,0,6",37,30,30,0,1.0,0.1336892022214925,0.9090909090909091,0.024598293130583374,0.0,0.0,0.7999999999999999,0.23765921592712402,Feasible
1053,1052,15,10,5,"ADD:0,2;ADD:1,8;ADD:2,7;ADD:3,7;ADD:3,8;ADD:4,3;ADD:5,7;ADD:6,7;ADD:7,7;ADD:8,8;REMOVE:0,5;REMOVE:1,2;REMOVE:2,8;REMOVE:3,2;REMOVE:6,8",0:5;1:2;2:8;3:2;4:7;5:8;6:8;7:8;8:7;9:-,0:2;1:8;2:7;3:7|8;4:3|7;5:7|8;6:7;7:7|8;8:7|8;9:-,0@2=1;0@3=1;0@4=1;0@8=1;1@2=2;1@4=2;1@8=1;1@1=2;1@5=1;2@2=1;2@3=1;2@4=1;2@1=1;2@0=1;2@7=1;2@9=1;3@4=1;3@8=1;3@1=1;3@5=1;3@0=1;3@7=1;4@2=2;4@3=1;4@4=4;4@1=2;4@5=1;4@7=1;5@2=2;5@4=1;5@8=1;5@1=1;5@5=1;5@0=2;5@9=2;5@6=1;6@3=1;6@4=1;6@7=3;7@4=2;7@1=1;7@5=1;7@0=2;7@7=1;7@9=1;7@6=1;8@3=1;8@4=2;8@8=2;8@1=1;8@5=2;8@7=1;8@9=2;8@6=3,"2,3,4,8,1,5,0,7,9,6",75,54,54,0,1.0,-0.42472406960099196,0.5555555555555556,0.019720374843452314,0.0,0.0,0.9999999999999999,0.2950608730316162,Feasible
1054,1053,20,8,12,"ADD:0,7;ADD:1,3;ADD:2,2;ADD:3,2;ADD:5,2;ADD:6,8;ADD:7,9;ADD:8,2;REMOVE:0,2;REMOVE:1,8;REMOVE:3,7;REMOVE:3,8;REMOVE:4,3;REMOVE:5,7;REMOVE:5,8;REMOVE:6,7;REMOVE:7,7;REMOVE:7,8;REMOVE:8,7;REMOVE:8,8",0:2;1:8;2:7;3:7|8;4:3|7;5:7|8;6:7;7:7|8;8:7|8;9:-,0:7;1:3;2:2|7;3:2;4:7;5:2;6:8;7:9;8:2;9:-,0@3=1;0@4=2;0@7=1;0@8=1;1@3=1;1@7=1;1@1=1;1@5=2;1@9=1;2@3=1;2@4=1;2@8=1;2@5=1;2@9=1;2@0=2;2@2=3;2@6=1;3@2=2;4@3=1;4@4=2;4@7=2;4@1=3;4@0=1;4@6=1;5@4=4;5@0=1;5@2=1;6@4=1;6@8=1;6@5=1;6@2=2;7@1=1;7@2=2;7@6=1;8@4=3;8@5=1;8@0=1;8@2=1,"3,4,7,8,1,5,9,0,2,6",55,38,38,0,1.0,0.0796895444772423,0.8571428571428571,0.022546687334385127,0.0,0.0,0.7999999999999999,0.25434064865112305,Feasible
1055,1054,15,7,8,"ADD:0,8;ADD:1,7;ADD:4,3;ADD:5,3;ADD:6,7;ADD:7,5;ADD:8,1;REMOVE:0,7;REMOVE:1,3;REMOVE:2,2;REMOVE:4,7;REMOVE:5,2;REMOVE:6,8;REMOVE:7,9;REMOVE:8,2",0:7;1:3;2:2|7;3:2;4:7;5:2;6:8;7:9;8:2;9:-,0:8;1:7;2:7;3:2;4:3;5:3;6:7;7:5;8:1;9:-,0@1=1;0@2=3;0@4=1;0@6=1;0@7=1;0@8=2;1@2=2;1@4=1;1@6=1;1@7=1;1@0=1;2@1=2;2@4=1;2@6=1;2@3=2;3@2=1;3@7=1;3@5=2;4@1=1;4@2=1;4@5=1;4@9=1;5@1=1;5@5=1;5@9=1;6@8=1;6@3=1;7@8=1;7@0=2;7@5=2;8@1=1;8@8=2;8@3=1,"1,2,4,6,7,8,0,3,5,9",43,33,33,0,1.0,0.11531259138896699,0.8,0.015312591388966944,0.0,0.0,0.7,0.23254704475402832,Feasible
1056,1055,13,6,7,"ADD:0,7;ADD:1,6;ADD:4,7;ADD:5,9;ADD:6,0;ADD:7,2;REMOVE:0,8;REMOVE:1,7;REMOVE:3,2;REMOVE:4,3;REMOVE:5,3;REMOVE:6,7;REMOVE:7,5",0:8;1:7;2:7;3:2;4:3;5:3;6:7;7:5;8:1;9:-,0:7;1:6;2:7;3:-;4:7;5:9;6:0;7:2;8:1;9:-,0@2=1;0@3=1;0@7=1;1@4=1;1@6=1;2@7=1;2@1=1;2@8=1;2@9=1;4@4=1;4@1=1;4@9=1;5@9=1;6@0=2;7@2=1;8@1=1,"2,3,7,4,6,1,8,9,0",17,16,16,0,1.0,0.2263426987171686,0.7777777777777778,0.04856492093939079,0.0,0.0,0.6,0.1888740062713623,Feasible
1057,1056,14,8,6,"ADD:1,7;ADD:2,8;ADD:4,8;ADD:5,5;ADD:6,8;ADD:7,5;ADD:7,9;ADD:8,8;REMOVE:1,6;REMOVE:2,7;REMOVE:5,9;REMOVE:6,0;REMOVE:7,2;REMOVE:8,1",0:7;1:6;2:7;3:-;4:7;5:9;6:0;7:2;8:1;9:-,0:7;1:7;2:8;3:-;4:7|8;5:5;6:8;7:5|9;8:8;9:-,0@2=2;0@3=1;0@7=1;1@0=1;1@4=1;1@6=1;1@9=1;2@2=2;2@7=1;2@4=1;2@1=2;2@5=1;4@0=1;4@6=1;4@1=2;4@5=1;5@2=1;5@5=1;6@4=1;6@6=1;6@1=1;6@5=1;7@0=2;7@9=1;7@1=1;7@5=1;8@2=1;8@4=1;8@6=1;8@1=1;8@5=1;8@8=1,"2,3,7,0,4,6,9,1,5,8",37,32,32,0,1.0,-0.03590747621603707,0.75,0.014092523783962817,0.0,0.0,0.7999999999999999,0.2261650562286377,Feasible
1058,1057,15,7,8,"ADD:0,2;ADD:1,8;ADD:2,2;ADD:5,9;ADD:7,7;ADD:8,7;ADD:9,1;REMOVE:0,7;REMOVE:1,7;REMOVE:2,8;REMOVE:4,8;REMOVE:5,5;REMOVE:7,5;REMOVE:7,9;REMOVE:8,8",0:7;1:7;2:8;3:-;4:7|8;5:5;6:8;7:5|9;8:8;9:-,0:2;1:8;2:2;3:-;4:7;5:9;6:8;7:7;8:7;9:1,0@2=1;1@2=1;1@1=1;1@4=1;1@5=1;1@6=1;2@2=1;4@1=1;4@4=2;4@7=1;4@8=2;4@9=1;5@2=1;5@1=1;5@6=1;6@2=2;6@4=1;6@5=1;6@6=1;6@8=1;7@2=1;7@1=1;7@0=1;8@2=3;8@1=2;8@0=2;8@3=1;9@1=1,"2,1,4,5,6,7,8,9,0,3",35,28,28,0,1.0,0.11527015622388137,0.8,0.015270156223881334,0.0,0.0,0.7,0.23551487922668457,Feasible
1059,1058,11,6,5,"ADD:0,4;ADD:1,9;ADD:2,3;ADD:5,8;ADD:8,2;ADD:9,4;REMOVE:0,2;REMOVE:1,8;REMOVE:5,9;REMOVE:8,7;REMOVE:9,1",0:2;1:8;2:2;3:-;4:7;5:9;6:8;7:7;8:7;9:1,0:4;1:9;2:2|3;3:-;4:7;5:8;6:8;7:7;8:2;9:4,0@4=1;1@1=2;1@2=1;1@6=1;2@4=1;2@1=2;2@2=1;2@3=1;2@5=1;4@4=1;4@1=2;4@2=2;4@3=1;4@0=2;4@7=1;5@4=1;5@5=2;5@7=1;6@1=1;6@2=2;6@7=1;6@8=1;7@4=1;7@1=1;7@0=2;7@8=2;8@4=2;8@2=2;8@0=1;9@4=1;9@2=1,"4,1,2,6,3,5,0,7,8",42,31,31,0,1.0,-0.024741034518346083,0.5555555555555556,0.019703409926098276,0.0,0.0,0.6,0.23478078842163086,Feasible
1060,1059,18,9,9,"ADD:1,7;ADD:2,9;ADD:3,9;ADD:4,8;ADD:5,2;ADD:5,7;ADD:6,7;ADD:7,2;ADD:8,7;REMOVE:0,4;REMOVE:1,9;REMOVE:2,2;REMOVE:2,3;REMOVE:4,7;REMOVE:5,8;REMOVE:6,8;REMOVE:7,7;REMOVE:9,4",0:4;1:9;2:2|3;3:-;4:7;5:8;6:8;7:7;8:2;9:4,0:-;1:7;2:9;3:9;4:8;5:2|7;6:7;7:2;8:2|7;9:-,1@3=1;1@8=1;1@9=1;2@9=1;2@2=1;3@3=1;3@9=1;3@2=2;4@8=4;4@2=2;4@1=2;4@4=3;4@7=1;5@9=1;5@2=1;5@1=5;5@4=2;5@0=1;5@5=2;5@6=2;6@3=1;6@8=1;6@4=3;7@3=1;7@8=2;7@2=3;7@4=2;7@5=1;8@9=2;8@2=2;8@1=2;8@4=5;8@0=1;8@5=2;8@6=1,"3,8,9,2,1,4,7,0,5,6",64,35,35,0,1.0,0.01792294170683495,0.9,0.017922941706834845,0.0,0.0,0.8999999999999999,0.25435590744018555,Feasible
1061,1060,13,7,6,"ADD:1,2;ADD:2,7;ADD:3,8;ADD:4,2;ADD:6,3;ADD:6,9;ADD:7,8;REMOVE:1,7;REMOVE:2,9;REMOVE:3,9;REMOVE:5,2;REMOVE:6,7;REMOVE:7,2",0:-;1:7;2:9;3:9;4:8;5:2|7;6:7;7:2;8:2|7;9:-,0:-;1:2;2:7;3:8;4:2|8;5:7;6:3|9;7:8;8:2|7;9:-,1@0=1;1@2=1;1@3=1;1@4=1;2@0=1;2@2=2;2@4=2;2@1=4;2@6=2;2@7=1;2@9=1;3@8=1;4@0=2;4@2=2;4@4=1;4@6=1;4@9=3;4@8=1;4@5=1;5@2=1;5@3=1;5@4=1;5@7=1;5@9=1;6@2=1;6@3=1;6@1=1;6@6=1;6@5=1;7@4=1;7@1=1;7@6=1;7@7=3;7@8=1;7@5=2;8@0=1;8@2=1;8@3=1;8@1=2;8@6=2;8@7=1;8@9=1;8@8=3;8@5=1,"0,2,3,4,1,6,7,9,8,5",61,44,44,0,1.0,-0.0813163874308136,0.6,0.018683612569186357,0.0,0.0,0.7,0.27158403396606445,Feasible
1062,1061,13,6,7,"ADD:1,8;ADD:2,8;ADD:4,7;ADD:5,8;ADD:6,8;ADD:7,7;REMOVE:3,8;REMOVE:4,2;REMOVE:5,7;REMOVE:6,3;REMOVE:6,9;REMOVE:7,8;REMOVE:8,2",0:-;1:2;2:7;3:8;4:2|8;5:7;6:3|9;7:8;8:2|7;9:-,0:-;1:2|8;2:7|8;3:-;4:7|8;5:8;6:8;7:7;8:7;9:-,1@2=1;1@3=1;1@4=3;1@5=1;1@6=1;1@8=1;1@9=2;2@2=2;2@3=1;2@5=1;2@6=1;2@8=2;2@1=1;2@7=1;4@2=1;4@5=1;4@6=1;4@8=1;4@1=3;4@0=2;5@2=1;5@5=2;5@8=1;5@1=1;6@2=1;6@4=6;6@5=1;6@1=2;6@7=1;7@2=1;7@4=1;7@6=1;7@9=2;7@0=1;8@2=1;8@3=1;8@6=1;8@1=1;8@0=1,"2,3,4,5,6,8,9,1,7,0",55,39,39,0,1.0,0.04820022845499761,0.6363636363636364,0.011836592091361191,0.0,0.0,0.6,0.2483961582183838,Feasible
1063,1062,10,6,4,"ADD:0,2;ADD:1,3;ADD:2,2;ADD:2,9;ADD:5,5;ADD:7,3;REMOVE:1,8;REMOVE:2,7;REMOVE:2,8;REMOVE:4,7",0:-;1:2|8;2:7|8;3:-;4:7|8;5:8;6:8;7:7;8:7;9:-,0:2;1:2|3;2:2|9;3:-;4:8;5:5|8;6:8;7:3|7;8:7;9:-,0@2=1;1@2=3;1@1=2;1@3=1;1@4=1;1@5=1;1@9=1;2@2=2;2@1=1;2@4=2;2@5=1;2@9=2;4@2=1;4@1=1;4@4=4;4@5=2;5@2=1;5@1=1;5@5=1;5@0=1;6@1=1;6@4=1;6@5=2;6@7=1;7@1=1;7@3=1;7@4=1;7@5=1;7@0=1;7@7=1;8@2=1;8@1=2;8@4=2;8@0=1;8@8=1,"2,1,3,4,5,9,0,7,8",48,35,35,0,1.0,-0.17445400973396058,0.4,0.025545990266039365,0.0,0.0,0.6,0.2344210147857666,Feasible
1064,1063,18,7,11,"ADD:1,8;ADD:2,7;ADD:5,7;ADD:6,7;ADD:7,2;ADD:8,3;ADD:9,7;REMOVE:0,2;REMOVE:1,2;REMOVE:1,3;REMOVE:2,2;REMOVE:2,9;REMOVE:5,5;REMOVE:5,8;REMOVE:6,8;REMOVE:7,3;REMOVE:7,7;REMOVE:8,7",0:2;1:2|3;2:2|9;3:-;4:8;5:5|8;6:8;7:3|7;8:7;9:-,0:-;1:8;2:7;3:-;4:8;5:7;6:7;7:2;8:3;9:7,1@2=2;1@4=1;1@5=1;1@6=1;2@4=1;2@0=1;2@8=1;4@2=3;4@4=2;4@1=1;5@4=1;5@3=1;6@2=2;6@4=1;6@1=1;6@3=1;6@7=1;6@9=1;7@2=2;7@0=1;8@2=1;8@5=1;8@1=1;8@3=1;9@7=1,"2,4,5,6,0,8,1,3,7,9",31,25,25,0,1.0,0.23265996969705005,0.9166666666666666,0.015993303030383422,0.0,0.0,0.7,0.21763205528259277,Feasible
1065,1064,12,6,6,"ADD:4,7;ADD:5,8;ADD:6,6;ADD:7,7;ADD:8,7;ADD:8,8;REMOVE:4,8;REMOVE:5,7;REMOVE:6,7;REMOVE:7,2;REMOVE:8,3;REMOVE:9,7",0:-;1:8;2:7;3:-;4:8;5:7;6:7;7:2;8:3;9:7,0:-;1:8;2:7;3:-;4:7;5:8;6:6;7:7;8:7|8;9:-,1@1=1;1@4=1;2@4=1;2@3=1;2@6=1;2@8=1;4@4=2;4@2=1;4@7=2;4@9=1;5@1=1;5@4=2;5@6=2;5@2=2;6@4=1;6@6=1;7@1=1;7@6=1;7@2=1;7@7=1;8@3=1;8@8=1;8@7=1;8@5=1,"1,4,3,6,8,2,7,9,5",29,24,24,0,1.0,0.17054651600062753,0.75,0.020546516000627478,0.0,0.0,0.6,0.20831513404846191,Feasible
1066,1065,13,7,6,"ADD:0,2;ADD:1,7;ADD:4,8;ADD:5,2;ADD:5,3;ADD:6,1;ADD:7,8;REMOVE:1,8;REMOVE:2,7;REMOVE:4,7;REMOVE:5,8;REMOVE:6,6;REMOVE:8,8",0:-;1:8;2:7;3:-;4:7;5:8;6:6;7:7;8:7|8;9:-,0:2;1:7;2:-;3:-;4:8;5:2|3;6:1;7:7|8;8:7;9:-,0@2=1;1@2=2;1@1=1;1@3=1;1@4=1;1@9=1;4@2=4;4@4=2;4@6=1;4@8=1;5@2=3;5@1=1;5@3=1;5@4=2;5@5=1;6@1=1;7@4=1;7@8=1;7@5=2;7@0=1;7@7=1;8@2=4;8@1=1;8@3=1;8@4=1;8@6=1;8@0=1;8@7=2,"2,1,3,4,9,6,8,5,0,7",41,28,28,0,1.0,0.07620077656906088,0.75,0.026200776569060828,0.0,0.0,0.7,0.21968579292297363,Feasible
1067,1066,14,7,7,"ADD:1,8;ADD:2,2;ADD:3,7;ADD:4,2;ADD:5,8;ADD:6,7;ADD:8,8;REMOVE:0,2;REMOVE:1,7;REMOVE:4,8;REMOVE:5,2;REMOVE:5,3;REMOVE:6,1;REMOVE:7,8",0:2;1:7;2:-;3:-;4:8;5:2|3;6:1;7:7|8;8:7;9:-,0:-;1:8;2:2;3:7;4:2;5:8;6:7;7:7;8:7|8;9:-,1@1=1;1@2=1;1@4=2;1@5=1;1@6=1;1@7=2;2@2=1;2@5=1;2@7=1;3@2=1;3@4=2;3@7=1;3@9=1;4@2=2;4@4=4;4@5=1;4@7=1;4@9=1;4@0=2;5@1=2;5@2=2;5@4=3;5@5=1;6@1=1;6@2=2;6@4=1;6@7=1;6@9=1;7@1=2;7@2=1;7@4=1;7@0=4;7@8=1;8@4=1;8@5=2;8@6=1;8@7=1;8@9=1;8@8=1;8@3=1,"1,2,4,5,6,7,9,0,8,3",58,40,40,0,1.0,0.08988672623681071,0.7777777777777778,0.012108948459032822,0.0,0.0,0.7,0.3135969638824463,Feasible
1068,1067,17,10,7,"ADD:1,7;ADD:3,8;ADD:4,7;ADD:5,3;ADD:5,7;ADD:6,5;ADD:6,8;ADD:7,8;ADD:7,9;ADD:8,2;REMOVE:3,7;REMOVE:4,2;REMOVE:5,8;REMOVE:6,7;REMOVE:7,7;REMOVE:8,7;REMOVE:8,8",0:-;1:8;2:2;3:7;4:2;5:8;6:7;7:7;8:7|8;9:-,0:-;1:7|8;2:2;3:8;4:7;5:3|7;6:5|8;7:8|9;8:2;9:-,1@1=2;1@5=2;1@7=1;1@8=1;1@9=1;2@5=1;2@7=1;2@9=1;2@0=1;2@2=2;3@1=4;3@5=1;3@2=2;4@1=3;4@7=1;4@0=2;4@2=1;4@3=1;4@6=1;5@1=2;5@5=1;5@9=2;5@0=1;5@2=1;5@3=3;5@6=1;6@1=1;6@5=1;6@8=1;6@0=2;6@2=1;7@1=1;7@5=1;7@7=1;7@9=1;7@2=1;7@6=1;8@9=1;8@0=1;8@2=2;8@4=2,"1,5,7,8,9,0,2,3,6,4",58,41,41,0,1.0,-0.20017601269054597,0.7777777777777778,0.022046209531676107,0.0,0.0,0.9999999999999999,0.28992676734924316,Feasible
1069,1068,15,7,8,"ADD:0,9;ADD:2,7;ADD:3,2;ADD:4,1;ADD:4,3;ADD:6,7;ADD:7,2;REMOVE:1,8;REMOVE:2,2;REMOVE:3,8;REMOVE:4,7;REMOVE:5,3;REMOVE:6,5;REMOVE:6,8;REMOVE:7,9",0:-;1:7|8;2:2;3:8;4:7;5:3|7;6:5|8;7:8|9;8:2;9:-,0:9;1:7;2:7;3:2;4:1|3;5:7;6:7;7:2|8;8:2;9:-,0@9=1;1@9=2;1@0=1;1@2=2;1@4=1;1@6=1;1@8=1;2@0=2;2@2=5;2@4=3;2@6=1;2@7=1;3@9=2;3@0=2;3@2=1;3@4=2;3@5=2;4@9=1;4@8=2;4@5=1;4@1=1;4@3=1;5@9=3;5@2=1;5@6=1;5@8=2;5@7=1;6@2=1;6@4=1;6@8=1;6@1=1;6@3=1;7@0=2;7@2=3;7@4=2;7@8=1;7@5=2;7@1=1;8@0=1;8@2=1;8@4=3,"9,0,2,4,6,8,7,5,1,3",65,41,41,0,1.0,-0.017383085266059584,0.6666666666666666,0.015950248067273787,0.0,0.0,0.7,0.2661311626434326,Feasible
1070,1069,19,9,10,"ADD:0,7;ADD:1,4;ADD:2,8;ADD:3,7;ADD:4,7;ADD:4,8;ADD:6,4;ADD:7,7;ADD:8,7;REMOVE:0,9;REMOVE:1,7;REMOVE:2,7;REMOVE:3,2;REMOVE:4,1;REMOVE:4,3;REMOVE:6,7;REMOVE:7,2;REMOVE:7,8;REMOVE:8,2",0:9;1:7;2:7;3:2;4:1|3;5:7;6:7;7:2|8;8:2;9:-,0:7;1:4;2:8;3:7;4:7|8;5:7;6:4;7:7;8:7;9:-,0@7=1;1@2=1;1@4=1;2@7=1;2@4=1;2@5=2;2@8=1;3@7=1;3@2=2;3@4=4;3@3=2;3@9=1;4@4=3;4@5=1;4@0=1;4@6=1;5@3=1;5@9=1;5@0=1;6@4=1;7@2=1;7@8=1;7@3=1;7@6=1;7@1=2;8@7=4;8@2=1;8@4=3;8@1=2,"7,2,4,5,8,3,9,0,6,1",44,29,29,0,1.0,0.029245938076417066,0.9090909090909091,0.02015502898550795,0.0,0.0,0.8999999999999999,0.23659300804138184,Feasible
1071,1070,13,7,6,"ADD:0,3;ADD:1,2;ADD:2,7;ADD:3,8;ADD:6,7;ADD:8,8;ADD:9,1;REMOVE:0,7;REMOVE:1,4;REMOVE:2,8;REMOVE:3,7;REMOVE:4,8;REMOVE:6,4",0:7;1:4;2:8;3:7;4:7|8;5:7;6:4;7:7;8:7;9:-,0:3;1:2;2:7;3:8;4:7;5:7;6:7;7:7;8:7|8;9:1,0@3=1;1@0=1;1@2=2;2@3=1;2@0=1;2@2=1;2@1=1;2@6=1;2@8=1;3@2=1;3@1=3;3@6=2;3@8=1;3@4=1;4@0=2;4@1=1;4@7=1;5@3=1;5@4=2;6@0=1;6@1=1;6@6=1;6@4=4;7@3=1;7@1=2;7@4=1;7@9=1;8@0=2;8@2=1;8@1=3;8@6=1;8@8=1;8@5=1;9@1=1,"3,0,2,1,6,8,4,7,9,5",47,34,34,0,1.0,-0.08578461342528532,0.6,0.014215386574714701,0.0,0.0,0.7,0.22971224784851074,Feasible
1072,1071,15,6,9,"ADD:0,2;ADD:1,7;ADD:3,2;ADD:6,9;ADD:7,2;ADD:8,2;REMOVE:0,3;REMOVE:1,2;REMOVE:2,7;REMOVE:3,8;REMOVE:6,7;REMOVE:7,7;REMOVE:8,7;REMOVE:8,8;REMOVE:9,1",0:3;1:2;2:7;3:8;4:7;5:7;6:7;7:7;8:7|8;9:1,0:2;1:7;2:-;3:2;4:7;5:7;6:9;7:2;8:2;9:-,0@2=1;1@0=1;1@4=2;1@6=1;3@2=1;3@4=1;3@3=1;4@2=1;4@0=1;4@4=2;4@3=1;4@1=1;4@8=1;5@4=2;5@3=1;5@8=1;6@2=1;6@7=2;6@9=1;7@2=1;8@2=1;8@0=1;8@4=2;8@3=1;8@9=1;8@5=1,"2,0,4,6,3,1,8,7,9,5",31,26,26,0,1.0,0.23286716710469757,0.8181818181818182,0.01468534892287927,0.0,0.0,0.6,0.2149031162261963,Feasible
1073,1072,15,8,7,"ADD:3,8;ADD:4,2;ADD:4,8;ADD:5,2;ADD:6,7;ADD:7,7;ADD:8,8;ADD:9,8;REMOVE:0,2;REMOVE:3,2;REMOVE:4,7;REMOVE:5,7;REMOVE:6,9;REMOVE:7,2;REMOVE:8,2",0:2;1:7;2:-;3:2;4:7;5:7;6:9;7:2;8:2;9:-,0:-;1:7;2:-;3:8;4:2|8;5:2;6:7;7:7;8:8;9:8,1@3=1;1@4=2;3@8=1;4@4=1;4@8=1;4@0=1;4@2=1;4@5=1;4@6=1;5@3=1;5@0=2;5@2=2;6@4=1;6@8=1;6@0=1;7@1=1;7@7=1;8@5=1;8@6=1;9@8=1,"3,4,8,0,2,5,6,1,7",23,20,20,0,1.0,0.1040807046847615,0.875,0.029080704684761455,0.0,0.0,0.7999999999999999,0.1940929889678955,Feasible
1074,1073,8,4,4,"ADD:1,2;ADD:2,5;ADD:4,7;ADD:5,7;REMOVE:3,8;REMOVE:4,2;REMOVE:4,8;REMOVE:9,8",0:-;1:7;2:-;3:8;4:2|8;5:2;6:7;7:7;8:8;9:8,0:-;1:2|7;2:5;3:-;4:7;5:2|7;6:7;7:7;8:8;9:-,1@0=2;1@1=2;1@4=4;1@5=1;1@9=1;2@5=1;4@4=1;4@9=1;4@8=2;5@0=1;5@1=1;5@4=3;5@5=1;5@2=1;5@3=1;5@7=1;6@0=1;6@1=1;6@8=1;6@3=1;6@6=3;7@0=1;7@1=1;7@4=1;7@2=2;7@3=1;7@7=1;8@4=1;8@5=2;8@8=3;8@2=1;8@6=2,"0,1,4,5,9,8,2,3,7,6",47,32,32,0,1.0,0.06035663391354673,0.4444444444444444,0.01591218946910234,0.0,0.0,0.4,0.22553205490112305,Feasible
1075,1074,8,4,4,"ADD:3,3;ADD:8,7;ADD:9,7;ADD:9,8;REMOVE:1,2;REMOVE:2,5;REMOVE:5,2;REMOVE:8,8",0:-;1:2|7;2:5;3:-;4:7;5:2|7;6:7;7:7;8:8;9:-,0:-;1:7;2:-;3:3;4:7;5:7;6:7;7:7;8:7;9:7|8,1@0=1;1@1=1;1@2=3;1@3=1;1@6=1;1@7=2;1@8=1;3@2=1;3@3=1;4@0=1;4@1=2;4@2=1;4@6=1;4@4=3;5@0=1;5@2=1;5@7=1;5@8=1;5@4=1;6@2=2;6@3=1;6@7=1;6@4=3;7@0=3;7@2=1;7@6=1;7@4=1;8@0=1;8@1=2;8@2=4;8@7=1;8@4=1;9@0=2;9@7=1;9@8=1;9@4=1;9@5=2,"0,1,2,3,6,7,8,4,5",54,37,37,0,1.0,0.05947358716374673,0.4444444444444444,0.015029142719302354,0.0,0.0,0.4,0.23027300834655762,Feasible
1076,1075,9,5,4,"ADD:2,2;ADD:3,8;ADD:5,8;ADD:9,2;ADD:9,9;REMOVE:3,3;REMOVE:5,7;REMOVE:9,7;REMOVE:9,8",0:-;1:7;2:-;3:3;4:7;5:7;6:7;7:7;8:7;9:7|8,0:-;1:7;2:2;3:8;4:7;5:8;6:7;7:7;8:7;9:2|9,1@0=2;1@1=1;1@2=1;1@3=1;1@4=1;1@7=1;2@2=1;3@8=1;4@1=1;4@2=1;4@3=1;4@4=3;4@6=2;5@2=2;5@4=1;5@6=2;5@5=1;6@4=1;6@7=1;7@2=1;7@4=1;7@7=1;7@9=1;8@2=4;8@3=1;8@4=3;8@6=1;9@0=3;9@1=1;9@2=1;9@4=1;9@7=1;9@6=2;9@5=1;9@9=1,"0,1,2,3,4,7,8,6,5,9",49,35,35,0,1.0,-0.041408191535143746,0.4444444444444444,0.014147364020411831,0.0,0.0,0.5,0.23093724250793457,Feasible
1077,1076,16,9,7,"ADD:2,3;ADD:3,5;ADD:3,9;ADD:4,2;ADD:6,2;ADD:7,8;ADD:8,2;ADD:9,7;ADD:9,8;REMOVE:2,2;REMOVE:3,8;REMOVE:5,8;REMOVE:6,7;REMOVE:7,7;REMOVE:9,2;REMOVE:9,9",0:-;1:7;2:2;3:8;4:7;5:8;6:7;7:7;8:7;9:2|9,0:-;1:7;2:3;3:5|9;4:2|7;5:-;6:2;7:8;8:2|7;9:7|8,1@1=1;1@2=5;1@3=2;1@4=1;1@8=1;1@9=1;2@1=1;2@2=1;2@3=1;3@9=1;3@5=1;4@2=3;4@3=2;4@4=2;4@9=1;4@5=1;4@6=1;4@7=1;6@2=1;6@9=1;6@0=1;7@1=1;7@2=1;7@4=1;7@8=2;8@1=2;8@2=4;8@3=1;8@4=1;8@5=2;8@0=1;9@1=4;9@2=8;9@4=7;9@8=2;9@9=1;9@5=1;9@6=2;9@7=1,"1,2,3,4,8,9,5,6,7,0",72,39,39,0,1.0,-0.17670456084064556,0.7,0.023295439159354395,0.0,0.0,0.8999999999999999,0.24173998832702637,Feasible
1078,1077,17,8,9,"ADD:0,7;ADD:1,2;ADD:3,2;ADD:5,3;ADD:5,7;ADD:6,7;ADD:7,7;ADD:9,2;REMOVE:1,7;REMOVE:2,3;REMOVE:3,5;REMOVE:3,9;REMOVE:4,2;REMOVE:6,2;REMOVE:7,8;REMOVE:8,2;REMOVE:9,8",0:-;1:7;2:3;3:5|9;4:2|7;5:-;6:2;7:8;8:2|7;9:7|8,0:7;1:2;2:-;3:2;4:7;5:3|7;6:7;7:7;8:7;9:2|7,0@1=1;0@2=3;0@3=1;0@4=3;0@6=1;0@7=1;1@2=2;1@3=1;1@7=1;1@5=2;1@8=1;1@9=1;3@2=1;4@1=2;4@2=2;4@3=2;4@4=2;4@6=1;4@7=1;4@9=1;4@0=1;5@3=2;5@4=1;5@7=2;5@5=1;6@2=2;6@3=1;6@4=2;6@6=1;6@0=1;7@2=1;7@4=1;7@6=1;7@0=2;8@1=2;8@2=3;8@3=2;8@4=2;8@6=1;8@8=1;8@9=1;8@0=1;9@1=4;9@2=5;9@4=4;9@7=4;9@5=2;9@9=1;9@0=1,"1,2,3,4,6,7,5,8,9,0",83,49,49,0,1.0,-0.028830511158800975,0.75,0.021169488841198965,0.0,0.0,0.7999999999999999,0.34798407554626465,Feasible
1079,1078,12,6,6,"ADD:1,7;ADD:3,5;ADD:6,1;ADD:7,8;ADD:7,9;ADD:9,3;REMOVE:3,2;REMOVE:5,3;REMOVE:5,7;REMOVE:6,7;REMOVE:7,7;REMOVE:9,7",0:7;1:2;2:-;3:2;4:7;5:3|7;6:7;7:7;8:7;9:2|7,0:7;1:2|7;2:-;3:5;4:7;5:-;6:1;7:8|9;8:7;9:2|3,0@2=2;0@4=2;0@6=2;0@9=1;1@2=2;1@0=1;1@1=2;1@3=1;1@5=1;1@7=1;1@8=2;3@5=1;4@2=1;4@9=1;4@0=1;4@1=1;4@7=2;6@1=1;7@9=1;7@8=1;8@4=1;8@1=2;8@3=3;8@7=2;9@2=1;9@4=4;9@1=4;9@3=1;9@5=2,"2,4,6,9,0,1,3,5,7,8",47,29,29,0,1.0,-0.026026024106584056,0.5454545454545454,0.028519430438870536,0.0,0.0,0.6,0.23896384239196777,Feasible
1080,1079,18,9,9,"ADD:0,8;ADD:1,8;ADD:4,8;ADD:5,7;ADD:6,8;ADD:7,2;ADD:8,4;ADD:9,7;ADD:9,8;REMOVE:1,2;REMOVE:1,7;REMOVE:3,5;REMOVE:6,1;REMOVE:7,8;REMOVE:7,9;REMOVE:8,7;REMOVE:9,2;REMOVE:9,3",0:7;1:2|7;2:-;3:5;4:7;5:-;6:1;7:8|9;8:7;9:2|3,0:7|8;1:8;2:-;3:-;4:7|8;5:7;6:8;7:2;8:4;9:7|8,0@1=2;0@2=3;0@4=3;0@5=2;0@6=1;0@7=2;0@9=1;1@2=3;1@4=1;1@5=1;1@8=1;4@4=2;4@5=2;4@6=1;4@9=1;4@8=1;4@3=1;5@4=2;5@9=1;6@1=1;6@4=3;6@5=1;6@7=1;7@2=1;8@4=1;9@1=1;9@2=4;9@4=3;9@5=2;9@6=1;9@7=2;9@8=1;9@0=1,"1,2,4,5,6,7,9,8,3,0",54,33,33,0,1.0,-0.06517775174147655,0.8181818181818182,0.01664043007670509,0.0,0.0,0.8999999999999999,0.25048017501831055,Feasible
1081,1080,14,8,6,"ADD:1,2;ADD:4,2;ADD:5,6;ADD:7,7;ADD:7,8;ADD:8,7;ADD:8,8;ADD:9,2;REMOVE:1,8;REMOVE:4,8;REMOVE:5,7;REMOVE:7,2;REMOVE:8,4;REMOVE:9,8",0:7|8;1:8;2:-;3:-;4:7|8;5:7;6:8;7:2;8:4;9:7|8,0:7|8;1:2;2:-;3:-;4:2|7;5:6;6:8;7:7|8;8:7|8;9:2|7,0@1=3;0@3=2;0@4=5;0@5=2;0@6=1;0@7=5;0@8=1;0@9=1;1@3=1;1@5=2;1@7=1;1@0=2;1@2=1;4@1=2;4@4=2;4@5=1;4@7=1;4@8=1;4@9=2;4@0=2;4@2=3;5@4=1;5@6=4;5@8=2;5@9=1;6@8=1;7@1=2;7@3=1;7@4=1;7@5=1;7@6=1;8@1=1;8@3=1;8@4=2;8@5=1;8@6=1;8@8=1;8@9=1;8@2=1;9@1=5;9@3=3;9@4=10;9@5=3;9@6=4;9@7=7;9@8=6;9@9=8;9@0=5;9@2=11,"1,3,4,5,6,7,8,9,0,2",127,49,49,0,1.0,-0.22768754767122223,0.5454545454545454,0.026857906874232305,0.0,0.0,0.7999999999999999,0.2920198440551758,Feasible
1082,1081,15,7,8,"ADD:0,3;ADD:0,5;ADD:1,7;ADD:2,7;ADD:4,8;ADD:5,7;ADD:5,8;REMOVE:0,7;REMOVE:0,8;REMOVE:1,2;REMOVE:4,2;REMOVE:4,7;REMOVE:5,6;REMOVE:7,8;REMOVE:8,8",0:7|8;1:2;2:-;3:-;4:2|7;5:6;6:8;7:7|8;8:7|8;9:2|7,0:3|5;1:7;2:7;3:-;4:8;5:7|8;6:8;7:7;8:7;9:2|7,0@0=4;0@1=1;0@2=2;0@3=2;0@5=2;1@0=1;1@3=1;1@4=2;1@6=1;1@7=1;1@8=1;2@3=1;2@8=1;4@1=1;4@2=1;4@5=1;4@4=1;4@7=2;5@0=1;5@3=1;5@5=1;5@4=3;5@6=1;5@8=1;6@1=3;6@2=1;6@4=1;6@6=1;7@0=1;7@1=3;7@2=1;7@8=1;8@0=4;8@1=1;8@2=4;8@3=1;8@4=2;8@7=2;8@8=1;8@9=2;9@0=2;9@1=7;9@2=6;9@3=3;9@5=5;9@4=7;9@6=5;9@7=7;9@8=2;9@9=3,"0,1,2,3,5,4,6,7,8,9",110,50,50,0,1.0,-0.06509854307563889,0.6153846153846154,0.019516841539745672,0.0,0.0,0.7,0.27684617042541504,Feasible
1083,1082,9,4,5,"ADD:0,7;ADD:4,7;ADD:7,3;ADD:8,2;REMOVE:0,3;REMOVE:0,5;REMOVE:2,7;REMOVE:4,8;REMOVE:6,8",0:3|5;1:7;2:7;3:-;4:8;5:7|8;6:8;7:7;8:7;9:2|7,0:7;1:7;2:-;3:-;4:7;5:7|8;6:-;7:3|7;8:2|7;9:2|7,0@0=1;0@1=2;0@2=1;0@4=2;0@8=1;1@0=1;1@1=1;1@2=1;1@4=1;1@8=1;1@7=1;1@9=1;4@1=1;4@4=2;4@8=1;4@7=1;4@9=2;4@3=1;5@0=1;5@1=1;5@4=2;5@7=1;5@5=2;7@1=1;7@2=1;7@4=1;7@7=1;7@9=2;7@3=1;7@5=3;7@6=2;8@0=2;8@1=1;8@2=2;8@4=4;8@7=3;8@3=1;8@5=3;9@0=2;9@1=5;9@2=12;9@4=8;9@8=3;9@7=3;9@9=2;9@3=4;9@5=1;9@6=3,"0,1,2,4,8,7,9,3,5,6",100,48,48,0,1.0,0.04357400453492433,0.4166666666666667,0.02690733786825765,0.0,0.0,0.4,0.2704958915710449,Feasible
1084,1083,16,9,7,"ADD:0,2;ADD:0,3;ADD:1,8;ADD:3,2;ADD:3,8;ADD:4,8;ADD:6,7;ADD:8,8;ADD:9,8;REMOVE:0,7;REMOVE:4,7;REMOVE:5,7;REMOVE:7,3;REMOVE:7,7;REMOVE:8,7;REMOVE:9,2",0:7;1:7;2:-;3:-;4:7;5:7|8;6:-;7:3|7;8:2|7;9:2|7,0:2|3;1:7|8;2:-;3:2|8;4:8;5:8;6:7;7:-;8:2|8;9:7|8,0@1=2;0@2=1;0@3=2;0@4=1;0@5=2;0@9=2;1@3=2;1@4=3;1@5=2;1@6=1;3@1=1;3@2=1;3@4=1;3@5=1;3@9=1;3@0=1;3@8=1;4@1=1;4@2=2;4@4=2;5@4=1;5@5=1;5@6=1;6@1=1;6@3=1;6@4=1;6@7=2;8@1=4;8@2=5;8@3=1;8@4=1;8@5=1;8@0=1;8@8=1;9@1=6;9@2=8;9@3=1;9@4=6;9@5=1;9@9=1;9@6=3;9@8=1,"1,2,3,4,5,9,6,0,8,7",79,42,42,0,1.0,-0.24637376119950127,0.6363636363636364,0.01726260243686233,0.0,0.0,0.8999999999999999,0.24976277351379395,Feasible
1085,1084,15,6,9,"ADD:0,7;ADD:1,4;ADD:2,2;ADD:3,7;ADD:6,0;ADD:7,6;REMOVE:0,2;REMOVE:0,3;REMOVE:1,7;REMOVE:1,8;REMOVE:3,2;REMOVE:3,8;REMOVE:6,7;REMOVE:8,8;REMOVE:9,8",0:2|3;1:7|8;2:-;3:2|8;4:8;5:8;6:7;7:-;8:2|8;9:7|8,0:7;1:4;2:2;3:7;4:8;5:8;6:0;7:6;8:2;9:7,0@1=2;0@2=1;0@3=1;0@4=1;1@2=1;1@4=1;1@6=1;2@2=1;3@2=1;3@3=1;3@4=1;3@6=2;3@8=1;4@2=1;4@4=2;4@6=1;4@5=1;5@4=1;5@5=1;5@7=1;6@0=1;7@1=1;7@6=1;8@3=1;8@4=3;8@5=1;8@9=1;9@1=3;9@2=6;9@3=1;9@4=5;9@6=2;9@8=2;9@7=2;9@0=2;9@9=1,"1,2,3,4,6,8,5,7,0,9",56,36,36,0,1.0,0.10303741372995279,0.6923076923076923,0.010729721422260476,0.0,0.0,0.6,0.23699712753295898,Feasible
1086,1085,16,9,7,"ADD:0,8;ADD:1,7;ADD:1,8;ADD:2,7;ADD:3,4;ADD:5,4;ADD:6,9;ADD:8,7;ADD:9,8;REMOVE:0,7;REMOVE:1,4;REMOVE:2,2;REMOVE:3,7;REMOVE:5,8;REMOVE:6,0;REMOVE:8,2",0:7;1:4;2:2;3:7;4:8;5:8;6:0;7:6;8:2;9:7,0:8;1:7|8;2:7;3:4;4:8;5:4;6:9;7:6;8:7;9:7|8,0@1=2;0@5=1;0@6=1;1@1=2;1@5=1;1@4=1;1@8=1;1@9=1;2@7=1;3@4=1;4@1=3;4@6=1;4@4=2;4@8=1;4@2=1;5@4=1;5@2=1;6@1=1;6@2=1;7@1=1;7@6=1;7@4=1;8@4=1;8@7=1;8@2=1;8@0=1;9@1=3;9@5=1;9@4=1;9@8=2;9@7=1;9@2=4;9@0=1,"1,5,6,4,8,9,7,2,0",44,33,33,0,1.0,-0.17773688413620714,0.7,0.02226311586379286,0.0,0.0,0.8999999999999999,0.24208688735961914,Feasible
1087,1086,15,6,9,"ADD:0,2;ADD:4,7;ADD:5,6;ADD:6,2;ADD:7,2;ADD:8,9;REMOVE:0,8;REMOVE:1,8;REMOVE:2,7;REMOVE:3,4;REMOVE:5,4;REMOVE:6,9;REMOVE:7,6;REMOVE:8,7;REMOVE:9,8",0:8;1:7|8;2:7;3:4;4:8;5:4;6:9;7:6;8:7;9:7|8,0:2;1:7;2:-;3:-;4:7|8;5:6;6:2;7:2;8:9;9:7,0@0=1;0@2=2;0@4=1;0@8=1;0@9=1;1@0=1;1@2=1;1@4=1;1@8=1;1@1=1;1@6=1;1@7=1;4@2=2;4@4=2;4@1=1;4@6=1;4@7=3;4@3=2;4@5=2;5@6=2;6@2=1;7@0=1;7@2=1;7@9=1;8@2=1;8@1=1;9@0=1;9@2=1;9@4=4;9@9=3;9@1=4;9@6=1;9@7=1;9@3=2,"0,2,4,8,9,1,6,7,3,5",51,34,34,0,1.0,0.1729201126783969,0.75,0.02292011267839689,0.0,0.0,0.6,0.30203914642333984,Feasible
1088,1087,13,8,5,"ADD:0,7;ADD:2,2;ADD:3,7;ADD:5,9;ADD:6,8;ADD:7,1;ADD:8,7;ADD:9,2;REMOVE:4,8;REMOVE:5,6;REMOVE:6,2;REMOVE:7,2;REMOVE:8,9",0:2;1:7;2:-;3:-;4:7|8;5:6;6:2;7:2;8:9;9:7,0:2|7;1:7;2:2;3:7;4:7;5:9;6:8;7:1;8:7;9:2|7,0@0=1;0@1=1;0@2=1;0@3=2;0@4=1;0@5=1;0@8=1;0@9=2;1@2=1;1@4=3;1@8=1;1@9=1;1@6=2;2@2=3;2@3=1;2@8=1;2@9=1;3@1=1;3@3=1;3@4=4;3@8=2;4@0=1;4@1=1;4@2=1;4@3=1;4@4=1;5@1=2;5@2=2;5@9=1;5@7=1;6@1=2;6@4=1;6@8=1;6@6=1;7@1=1;8@0=1;8@1=1;8@2=3;8@4=3;8@9=1;8@7=4;9@0=2;9@1=6;9@2=4;9@3=2;9@4=6;9@5=2;9@8=1;9@9=3;9@6=4;9@7=3,"0,1,2,3,4,5,8,9,6,7",95,51,51,0,1.0,-0.2245027633994352,0.5555555555555556,0.01994168104500917,0.0,0.0,0.7999999999999999,0.3799779415130615,Feasible
1089,1088,13,6,7,"ADD:0,8;ADD:1,2;ADD:3,8;ADD:4,2;ADD:5,7;ADD:7,7;REMOVE:0,7;REMOVE:1,7;REMOVE:2,2;REMOVE:3,7;REMOVE:4,7;REMOVE:5,9;REMOVE:7,1",0:2|7;1:7;2:2;3:7;4:7;5:9;6:8;7:1;8:7;9:2|7,0:2|8;1:2;2:-;3:8;4:2;5:7;6:8;7:7;8:7;9:2|7,0@1=1;0@2=3;0@3=1;0@4=2;0@5=1;0@6=2;0@8=2;1@2=2;1@3=2;1@4=2;1@5=1;1@8=3;3@1=3;3@2=2;3@4=3;4@2=1;4@3=2;4@5=3;4@8=3;4@9=1;5@1=2;5@8=1;5@0=1;6@2=1;6@5=1;6@6=1;6@7=2;7@2=3;7@8=1;7@0=1;7@7=2;8@1=1;8@2=1;8@3=1;8@4=1;8@9=2;8@0=2;9@1=5;9@2=9;9@3=5;9@4=13;9@5=6;9@6=5;9@8=3;9@9=1;9@0=7;9@7=2,"1,2,3,4,5,6,8,9,0,7",120,47,47,0,1.0,0.001370953404309594,0.5833333333333334,0.01803762007097619,0.0,0.0,0.6,0.3711998462677002,Feasible
1090,1089,19,11,8,"ADD:0,7;ADD:1,7;ADD:2,2;ADD:3,3;ADD:3,7;ADD:4,7;ADD:5,2;ADD:5,9;ADD:6,2;ADD:7,8;ADD:8,3;REMOVE:0,2;REMOVE:0,8;REMOVE:1,2;REMOVE:3,8;REMOVE:4,2;REMOVE:5,7;REMOVE:6,8;REMOVE:7,7",0:2|8;1:2;2:-;3:8;4:2;5:7;6:8;7:7;8:7;9:2|7,0:7;1:7;2:2;3:3|7;4:7;5:2|9;6:2;7:8;8:3|7;9:2|7,0@1=5;0@2=3;0@3=1;0@7=1;0@8=1;1@1=1;1@2=3;1@3=1;1@7=1;1@0=1;1@4=4;1@6=1;1@9=1;2@2=1;2@0=1;2@4=1;3@3=1;3@7=2;3@4=1;3@6=1;3@9=1;3@5=1;4@1=1;4@2=1;4@3=1;4@7=1;4@4=1;4@9=2;5@1=2;5@2=4;5@4=1;5@9=1;5@5=1;6@2=1;6@3=2;6@4=4;6@9=2;6@5=3;7@1=3;7@7=1;7@4=4;7@5=1;8@1=3;8@3=1;8@7=1;8@0=3;8@4=2;8@6=1;8@9=2;8@5=2;9@1=5;9@2=13;9@3=3;9@7=6;9@8=6;9@0=8;9@4=7;9@6=4;9@9=3;9@5=2,"1,2,3,7,8,0,4,6,9,5",143,60,60,0,1.0,-0.3474713112723079,0.7272727272727273,0.02525596145496464,0.0,0.0,1.0999999999999999,0.40645289421081543,Feasible
1091,1090,17,7,10,"ADD:2,4;ADD:4,2;ADD:4,8;ADD:5,7;ADD:6,7;ADD:7,7;ADD:8,8;REMOVE:2,2;REMOVE:3,3;REMOVE:3,7;REMOVE:4,7;REMOVE:5,2;REMOVE:5,9;REMOVE:6,2;REMOVE:7,8;REMOVE:8,3;REMOVE:8,7",0:7;1:7;2:2;3:3|7;4:7;5:2|9;6:2;7:8;8:3|7;9:2|7,0:7;1:7;2:4;3:-;4:2|8;5:7;6:7;7:7;8:8;9:2|7,0@1=2;0@2=3;0@3=1;0@4=3;0@8=1;0@9=2;1@1=2;1@2=2;1@3=1;1@4=1;1@8=2;2@2=1;2@4=1;4@1=2;4@2=2;4@4=3;4@0=1;4@5=1;5@1=1;5@2=1;5@3=1;5@8=2;6@1=1;6@2=4;6@4=1;6@0=3;6@7=2;7@1=1;7@2=2;7@4=2;7@8=1;7@9=1;7@6=1;8@2=2;8@4=3;8@8=2;8@7=1;9@1=12;9@2=11;9@3=2;9@4=10;9@8=3;9@9=8;9@0=4;9@5=4;9@7=3;9@6=3,"1,2,3,4,8,9,0,5,7,6",123,47,47,0,1.0,0.03374605411431253,0.7142857142857143,0.019460339828598214,0.0,0.0,0.7,0.37045931816101074,Feasible
1092,1091,8,3,5,"ADD:0,8;ADD:6,9;ADD:8,7;REMOVE:2,4;REMOVE:4,8;REMOVE:6,7;REMOVE:8,8;REMOVE:9,2",0:7;1:7;2:4;3:-;4:2|8;5:7;6:7;7:7;8:8;9:2|7,0:7|8;1:7;2:-;3:-;4:2;5:7;6:9;7:7;8:7;9:7,0@1=3;0@2=5;0@3=1;0@4=1;0@5=1;0@6=1;0@7=1;0@8=1;0@9=1;1@3=1;1@4=1;1@9=1;4@2=5;4@4=1;4@5=2;4@7=2;4@8=1;4@0=2;5@1=1;5@2=2;5@3=1;5@4=1;5@0=1;6@2=1;6@9=1;7@1=1;7@2=1;7@3=1;7@6=1;7@8=1;7@9=2;8@2=3;8@3=1;8@4=4;8@6=2;8@9=2;8@0=1;9@1=4;9@2=2;9@4=1;9@6=6;9@7=1;9@8=1;9@9=4;9@0=2,"1,2,3,4,5,6,7,8,9,0",80,45,45,0,1.0,0.1656006076642912,0.45454545454545453,0.011055153118836711,0.0,0.0,0.30000000000000004,0.36474013328552246,Feasible
1093,1092,11,6,5,"ADD:1,2;ADD:4,8;ADD:5,8;ADD:6,8;ADD:8,8;ADD:9,2;REMOVE:0,8;REMOVE:1,7;REMOVE:4,2;REMOVE:5,7;REMOVE:6,9",0:7|8;1:7;2:-;3:-;4:2;5:7;6:9;7:7;8:7;9:7,0:7;1:2;2:-;3:-;4:8;5:8;6:8;7:7;8:7|8;9:2|7,0@1=1;0@2=3;0@3=2;0@4=1;0@6=1;0@7=1;0@8=1;1@2=1;1@4=1;1@8=1;1@0=1;4@1=1;4@2=3;4@4=3;4@6=1;4@8=1;4@5=2;5@7=1;5@8=1;6@2=1;6@4=1;6@8=2;6@5=1;7@1=2;7@3=1;7@4=3;7@6=1;7@7=1;7@0=1;8@1=1;8@4=1;8@6=2;8@7=2;8@8=1;8@0=1;8@5=1;8@9=1;9@1=2;9@2=5;9@3=2;9@4=7;9@6=2;9@7=3;9@0=2;9@5=1;9@9=1,"1,2,3,4,6,7,8,0,5,9",76,46,46,0,1.0,-0.021104121613641502,0.5555555555555556,0.023340322830802934,0.0,0.0,0.6,0.36756396293640137,Feasible
1094,1093,11,6,5,"ADD:0,8;ADD:1,8;ADD:2,9;ADD:4,7;ADD:5,2;ADD:8,0;REMOVE:1,2;REMOVE:4,8;REMOVE:5,8;REMOVE:8,7;REMOVE:8,8",0:7;1:2;2:-;3:-;4:8;5:8;6:8;7:7;8:7|8;9:2|7,0:7|8;1:8;2:9;3:-;4:7;5:2;6:8;7:7;8:0;9:2|7,0@1=3;0@2=2;0@4=1;0@5=2;0@6=1;0@7=1;0@8=1;0@9=2;1@1=1;1@2=1;1@4=2;2@9=1;4@2=1;4@4=2;4@6=3;4@9=1;4@3=1;5@4=4;5@5=4;5@8=1;5@9=2;6@7=1;6@8=1;7@2=1;7@4=1;7@6=2;7@9=1;7@3=1;8@0=1;9@1=3;9@2=6;9@4=5;9@5=1;9@6=3;9@7=3;9@8=1;9@9=2;9@3=1;9@0=4,"1,2,4,5,6,7,8,9,3,0",75,39,39,0,1.0,-0.08029235980608007,0.5,0.019707640193919868,0.0,0.0,0.6,0.3407020568847656,Feasible
1095,1094,13,7,6,"ADD:1,7;ADD:2,1;ADD:5,7;ADD:6,7;ADD:7,2;ADD:8,2;ADD:8,7;REMOVE:0,8;REMOVE:1,8;REMOVE:2,9;REMOVE:5,2;REMOVE:6,8;REMOVE:8,0",0:7|8;1:8;2:9;3:-;4:7;5:2;6:8;7:7;8:0;9:2|7,0:7;1:7;2:1;3:-;4:7;5:7;6:7;7:2|7;8:2|7;9:2|7,0@1=3;0@2=2;0@3=2;0@4=4;0@8=1;0@9=1;1@2=3;1@3=2;1@4=3;1@9=1;1@6=1;2@1=2;4@1=3;4@2=3;4@3=1;4@8=2;4@9=2;4@6=1;4@0=2;5@1=2;5@2=2;5@3=2;5@4=1;5@8=2;5@9=1;5@7=1;6@1=1;6@4=1;6@9=1;6@0=1;7@2=5;7@3=1;7@4=2;7@8=4;7@9=1;7@6=2;7@0=1;7@7=1;7@5=1;8@1=2;8@2=3;8@4=2;8@9=2;8@6=1;8@0=1;8@7=1;8@5=2;9@1=5;9@2=10;9@3=4;9@4=9;9@8=12;9@9=3;9@6=7;9@0=3;9@7=7;9@5=4,"1,2,3,4,8,9,6,0,7,5",150,57,57,0,1.0,-0.1345126737555773,0.5454545454545454,0.020032780789877247,0.0,0.0,0.7,0.4044938087463379,Feasible
1096,1095,9,6,3,"ADD:0,8;ADD:1,9;ADD:3,7;ADD:3,8;ADD:4,2;ADD:6,3;REMOVE:0,7;REMOVE:1,7;REMOVE:7,2",0:7;1:7;2:1;3:-;4:7;5:7;6:7;7:2|7;8:2|7;9:2|7,0:8;1:9;2:1;3:7|8;4:2|7;5:7;6:3|7;7:7;8:2|7;9:2|7,0@1=1;0@2=2;0@4=2;0@5=1;0@8=2;1@1=3;1@2=4;2@1=1;3@1=2;3@2=2;3@4=2;3@5=2;3@8=1;3@0=1;3@6=1;3@7=1;4@1=2;4@2=3;4@4=4;4@5=3;4@0=2;4@6=1;4@3=1;4@9=2;5@2=1;5@4=1;5@7=2;5@3=1;6@1=3;6@2=2;6@5=1;6@0=1;6@7=1;6@3=1;6@9=2;7@1=2;7@2=1;7@4=3;7@3=1;7@9=3;8@2=3;8@4=3;8@5=2;8@8=1;8@6=3;8@7=1;8@3=1;8@9=1;9@1=9;9@2=7;9@4=9;9@5=7;9@8=8;9@0=3;9@6=4;9@7=1;9@3=3;9@9=7,"1,2,4,5,8,0,6,7,3,9",145,58,58,0,1.0,-0.33352295040848745,0.25,0.016477049591512555,0.0,0.0,0.6,0.38204312324523926,Feasible
1097,1096,8,4,4,"ADD:0,7;ADD:1,7;ADD:5,2;ADD:7,2;REMOVE:1,9;REMOVE:3,8;REMOVE:4,2;REMOVE:6,7",0:8;1:9;2:1;3:7|8;4:2|7;5:7;6:3|7;7:7;8:2|7;9:2|7,0:7|8;1:7;2:1;3:7;4:7;5:2|7;6:3;7:2|7;8:2|7;9:2|7,0@0=1;0@1=1;0@2=2;0@3=1;0@4=3;0@5=2;0@6=4;0@7=2;0@8=1;0@9=2;1@0=1;1@1=1;1@2=4;1@3=1;1@6=1;1@8=1;2@1=1;2@8=2;2@9=1;3@0=1;3@1=1;3@2=1;3@9=1;4@1=1;4@2=3;4@3=1;4@4=1;4@6=1;4@9=2;5@0=1;5@1=4;5@2=2;5@4=1;5@5=1;5@7=1;5@8=2;5@9=1;6@1=1;6@2=6;6@5=1;6@9=1;7@0=1;7@1=1;7@2=1;7@3=1;7@4=4;7@5=1;7@7=1;8@0=2;8@1=2;8@2=3;8@3=2;8@4=1;8@5=1;8@6=1;8@7=2;9@0=4;9@1=4;9@2=13;9@3=8;9@4=10;9@5=5;9@6=2;9@7=3;9@8=4;9@9=3,"0,1,2,3,4,5,6,7,8,9",147,66,66,0,1.0,-0.11168811856871025,0.26666666666666666,0.021645214764623097,0.0,0.0,0.4,0.36651086807250977,Feasible
1098,1097,14,7,7,"ADD:0,2;ADD:1,2;ADD:2,8;ADD:4,6;ADD:4,8;ADD:5,8;ADD:6,5;REMOVE:0,7;REMOVE:0,8;REMOVE:2,1;REMOVE:4,7;REMOVE:5,2;REMOVE:6,3;REMOVE:7,2",0:7|8;1:7;2:1;3:7;4:7;5:2|7;6:3;7:2|7;8:2|7;9:2|7,0:2;1:2|7;2:8;3:7;4:6|8;5:7|8;6:5;7:7;8:2|7;9:2|7,0@0=1;0@2=3;0@3=1;0@4=2;0@5=1;0@7=1;0@9=1;1@0=1;1@2=1;1@4=3;1@5=1;1@7=2;1@1=2;2@2=2;2@4=1;2@5=1;2@1=1;3@0=1;3@2=3;3@3=2;3@4=3;3@7=2;3@9=1;3@1=1;3@8=1;4@4=3;4@5=2;4@9=2;4@8=4;4@6=2;5@2=2;5@3=1;5@4=2;5@5=2;5@7=2;5@8=1;5@6=1;6@0=1;6@2=3;6@3=1;6@5=1;6@8=2;7@2=2;7@4=2;7@9=2;7@1=1;7@6=1;8@0=1;8@2=2;8@3=1;8@4=1;8@5=2;8@7=1;8@9=1;8@1=1;8@8=1;9@0=5;9@2=6;9@3=1;9@4=7;9@5=2;9@7=3;9@9=5;9@1=4;9@8=4;9@6=3,"0,2,3,4,5,7,9,1,8,6",130,66,66,0,1.0,-0.21014252773132308,0.4666666666666667,0.023190805602010187,0.0,0.0,0.7,0.465756893157959,Feasible
1099,1098,17,8,9,"ADD:0,7;ADD:0,8;ADD:2,4;ADD:3,8;ADD:4,2;ADD:4,9;ADD:5,2;ADD:6,7;REMOVE:0,2;REMOVE:1,7;REMOVE:2,8;REMOVE:3,7;REMOVE:4,6;REMOVE:4,8;REMOVE:5,7;REMOVE:5,8;REMOVE:6,5",0:2;1:2|7;2:8;3:7;4:6|8;5:7|8;6:5;7:7;8:2|7;9:2|7,0:7|8;1:2;2:4;3:8;4:2|9;5:2;6:7;7:7;8:2|7;9:2|7,0@0=1;0@1=2;0@3=1;0@4=2;0@5=1;0@6=2;0@7=1;0@8=2;1@0=1;1@4=3;1@2=3;2@4=1;2@2=1;3@1=2;3@4=2;3@5=1;3@6=1;3@8=2;3@2=4;4@0=1;4@5=2;4@6=1;4@2=3;4@9=1;5@3=1;5@4=2;5@2=2;6@1=3;6@3=2;6@4=1;6@2=2;7@0=1;7@1=2;7@3=1;7@4=1;7@6=1;7@8=1;7@9=2;8@0=1;8@1=3;8@3=2;8@4=4;8@5=1;8@6=2;8@8=1;8@2=4;8@9=2;9@0=3;9@1=2;9@3=7;9@4=4;9@5=1;9@6=3;9@7=2;9@8=3;9@2=7;9@9=2,"0,1,3,4,5,6,7,8,2,9",117,57,57,0,1.0,-0.17850144201645546,0.6,0.021498557983544477,0.0,0.0,0.7999999999999999,0.48002099990844727,Feasible
1100,1099,19,10,9,"ADD:0,2;ADD:1,7;ADD:1,8;ADD:2,7;ADD:2,8;ADD:3,3;ADD:3,7;ADD:4,7;ADD:5,8;ADD:6,5;REMOVE:0,7;REMOVE:1,2;REMOVE:2,4;REMOVE:3,8;REMOVE:4,2;REMOVE:4,9;REMOVE:5,2;REMOVE:6,7;REMOVE:8,2",0:7|8;1:2;2:4;3:8;4:2|9;5:2;6:7;7:7;8:2|7;9:2|7,0:2|8;1:7|8;2:7|8;3:3|7;4:7;5:8;6:5;7:7;8:7;9:2|7,0@0=1;0@2=2;0@3=2;0@4=2;0@5=2;0@6=2;0@8=4;1@0=2;1@4=2;1@5=1;1@1=2;1@7=2;2@0=1;2@4=1;2@5=1;2@6=1;2@7=1;3@2=1;3@3=1;3@4=7;3@5=2;3@6=1;3@1=2;3@7=1;3@9=1;4@0=2;4@2=1;4@3=1;4@6=1;4@8=2;4@9=1;5@2=1;5@4=3;5@8=1;5@1=3;6@0=1;6@3=1;6@5=1;6@8=1;7@2=1;7@3=2;7@4=1;7@6=1;7@1=2;7@7=1;7@9=1;8@2=1;8@3=1;8@4=2;8@6=2;8@1=2;8@9=2;9@0=1;9@2=1;9@3=1;9@4=5;9@5=1;9@8=3;9@1=1;9@9=1,"0,2,3,4,5,6,8,1,7,9",98,60,60,0,1.0,-0.3416039778000307,0.6428571428571429,0.015538879342826228,0.0,0.0,0.9999999999999999,0.47395896911621094,Feasible
1101,1100,12,5,7,"ADD:1,2;ADD:2,2;ADD:5,7;ADD:6,7;ADD:9,8;REMOVE:1,8;REMOVE:2,7;REMOVE:2,8;REMOVE:3,3;REMOVE:5,8;REMOVE:6,5;REMOVE:9,2",0:2|8;1:7|8;2:7|8;3:3|7;4:7;5:8;6:5;7:7;8:7;9:2|7,0:2|8;1:2|7;2:2;3:7;4:7;5:7;6:7;7:7;8:7;9:7|8,0@1=3;0@2=3;0@3=1;0@4=3;0@5=2;0@8=1;0@9=2;1@2=1;1@3=1;1@4=1;1@5=1;1@9=1;1@0=1;1@6=1;2@2=1;2@3=1;2@4=2;2@9=1;3@1=4;3@2=2;3@3=1;3@0=1;3@6=1;4@2=3;4@3=1;4@4=2;4@8=1;4@9=2;4@0=2;4@7=1;5@3=2;5@4=3;5@8=2;5@9=1;5@6=2;6@4=1;6@0=2;7@1=1;7@2=1;7@4=2;7@8=1;7@9=1;7@6=1;8@1=1;8@3=1;8@8=1;8@0=2;8@6=1;9@1=3;9@2=5;9@4=4;9@5=1;9@8=4;9@9=1;9@0=1;9@6=1,"1,2,3,4,5,8,9,0,6,7",94,56,56,0,1.0,-0.02084230127219816,0.4666666666666667,0.012491032061135141,0.0,0.0,0.5,0.4239511489868164,Feasible
1102,1101,19,12,7,"ADD:0,7;ADD:1,8;ADD:2,7;ADD:3,2;ADD:3,9;ADD:4,8;ADD:5,8;ADD:6,2;ADD:6,8;ADD:7,2;ADD:8,2;ADD:9,2;REMOVE:0,8;REMOVE:1,2;REMOVE:1,7;REMOVE:2,2;REMOVE:3,7;REMOVE:6,7;REMOVE:9,8",0:2|8;1:2|7;2:2;3:7;4:7;5:7;6:7;7:7;8:7;9:7|8,0:2|7;1:8;2:7;3:2|9;4:7|8;5:7|8;6:2|8;7:2|7;8:2|7;9:2|7,0@0=2;0@1=6;0@2=3;0@3=2;0@4=8;0@5=2;0@6=2;0@7=1;0@9=1;1@2=2;1@4=1;1@5=1;1@6=2;1@7=1;2@1=1;2@2=2;2@4=2;2@7=1;2@9=2;3@1=1;3@2=5;3@4=1;3@5=2;3@9=2;4@1=3;4@2=3;4@4=7;4@5=1;4@6=2;4@7=3;4@9=3;4@8=1;5@0=2;5@1=2;5@3=2;5@4=2;5@5=1;5@6=1;5@8=1;6@1=1;6@2=1;6@3=1;6@4=1;6@5=2;6@8=1;7@0=1;7@1=3;7@2=3;7@4=2;7@5=1;7@7=1;7@9=1;7@8=1;8@0=1;8@1=2;8@2=2;8@3=1;8@4=1;8@5=1;8@9=2;8@8=2;9@0=4;9@1=6;9@2=12;9@3=4;9@4=5;9@5=3;9@6=1;9@7=4;9@9=2;9@8=3,"0,1,2,3,4,5,6,7,9,8",163,71,71,0,1.0,-0.6351671322310963,0.5384615384615384,0.02637132930736514,0.0,0.0,1.2,0.5101110935211182,Feasible
1103,1102,11,3,8,"ADD:0,8;ADD:6,7;ADD:8,8;REMOVE:0,2;REMOVE:3,2;REMOVE:3,9;REMOVE:4,8;REMOVE:5,8;REMOVE:6,2;REMOVE:6,8;REMOVE:8,2",0:2|7;1:8;2:7;3:2|9;4:7|8;5:7|8;6:2|8;7:2|7;8:2|7;9:2|7,0:7|8;1:8;2:7;3:-;4:7;5:7;6:7;7:2|7;8:7|8;9:2|7,0@0=1;0@1=4;0@3=5;0@4=3;0@5=2;0@6=2;0@7=1;0@8=1;0@9=1;1@1=1;1@5=2;1@8=2;1@2=1;2@1=1;2@4=2;2@6=1;2@8=1;2@9=1;2@2=1;4@1=4;4@3=1;4@7=2;4@8=2;4@2=4;5@0=1;5@1=2;5@4=1;5@7=1;5@2=1;6@0=3;6@1=2;6@4=4;6@2=2;7@3=3;7@4=1;7@5=1;7@6=1;7@7=1;7@2=1;8@0=3;8@1=3;8@4=1;8@5=2;8@6=2;8@7=1;8@8=1;8@9=2;8@2=1;9@0=3;9@1=3;9@3=4;9@4=9;9@5=6;9@6=6;9@7=4;9@8=2;9@9=4;9@2=7,"0,1,3,4,5,6,7,8,9,2",135,58,58,0,1.0,0.16148715710136574,0.4444444444444444,0.01704271265692136,0.0,0.0,0.30000000000000004,0.5359358787536621,Feasible
1104,1103,10,4,6,"ADD:1,2;ADD:1,9;ADD:4,8;ADD:7,8;REMOVE:0,8;REMOVE:1,8;REMOVE:4,7;REMOVE:7,2;REMOVE:7,7;REMOVE:8,8",0:7|8;1:8;2:7;3:-;4:7;5:7;6:7;7:2|7;8:7|8;9:2|7,0:7;1:2|9;2:7;3:-;4:8;5:7;6:7;7:8;8:7;9:2|7,0@1=4;0@2=4;0@4=2;0@7=1;0@9=1;1@2=1;1@4=4;1@9=2;1@5=1;1@6=1;2@9=1;2@6=2;2@0=1;2@3=1;4@1=3;4@2=2;4@4=3;4@5=1;5@1=1;5@2=3;5@4=2;5@7=1;5@6=2;5@8=1;6@4=3;6@7=1;6@6=2;6@3=1;7@1=1;7@2=4;7@5=1;7@6=1;8@1=5;8@2=2;8@4=1;8@7=1;8@9=1;8@6=3;8@0=1;8@3=1;8@8=1;9@1=6;9@2=7;9@4=6;9@7=1;9@9=3;9@5=5;9@6=3;9@0=2;9@3=2;9@8=3,"1,2,4,7,9,5,6,0,3,8",113,51,51,0,1.0,0.07429793722519279,0.46153846153846156,0.012759475686731237,0.0,0.0,0.4,0.40555691719055176,Feasible
1105,1104,9,5,4,"ADD:0,2;ADD:3,7;ADD:4,7;ADD:5,3;ADD:8,2;REMOVE:0,7;REMOVE:1,9;REMOVE:4,8;REMOVE:5,7",0:7;1:2|9;2:7;3:-;4:8;5:7;6:7;7:8;8:7;9:2|7,0:2;1:2;2:7;3:7;4:7;5:3;6:7;7:8;8:2|7;9:2|7,0@0=1;0@2=1;0@3=1;0@4=3;0@5=1;0@9=2;1@0=1;1@2=1;1@8=2;2@4=1;2@7=1;3@7=1;4@2=1;4@3=1;4@4=1;4@1=1;5@3=1;6@9=1;6@8=1;6@7=1;6@1=1;6@6=2;7@2=1;7@4=2;7@5=1;7@8=1;8@0=2;8@2=1;8@4=2;8@5=1;8@9=2;8@8=1;8@7=2;8@1=2;9@0=1;9@2=2;9@3=2;9@4=3;9@5=2;9@9=2;9@8=4;9@7=1;9@1=4,"0,2,3,4,5,9,8,7,1,6",66,43,43,0,1.0,-0.11648775251136928,0.36363636363636365,0.019875883852267056,0.0,0.0,0.5,0.3596529960632324,Feasible
1106,1105,12,10,2,"ADD:0,7;ADD:1,7;ADD:2,2;ADD:3,2;ADD:4,2;ADD:5,2;ADD:5,7;ADD:6,8;ADD:7,2;ADD:7,7;REMOVE:5,3;REMOVE:7,8",0:2;1:2;2:7;3:7;4:7;5:3;6:7;7:8;8:2|7;9:2|7,0:2|7;1:2|7;2:2|7;3:2|7;4:2|7;5:2|7;6:7|8;7:2|7;8:2|7;9:2|7,0@0=1;0@1=4;0@2=10;0@3=7;0@4=18;0@5=9;0@6=7;0@7=4;0@8=4;0@9=2;1@0=8;1@1=7;1@2=9;1@3=1;1@4=10;1@5=4;1@6=5;1@7=3;1@8=1;1@9=4;2@0=2;2@1=3;2@2=4;2@3=3;2@4=3;2@5=3;2@6=1;2@9=6;3@0=5;3@1=7;3@2=16;3@3=5;3@4=9;3@5=3;3@6=5;3@7=5;3@8=7;3@9=6;4@0=4;4@1=6;4@2=9;4@3=4;4@4=8;4@5=3;4@6=1;4@7=1;4@8=3;4@9=6;5@0=3;5@1=4;5@2=11;5@3=3;5@4=6;5@5=6;5@6=3;5@7=2;5@8=1;5@9=2;6@0=2;6@1=1;6@2=4;6@3=2;6@4=4;6@5=1;6@6=2;6@7=2;6@8=3;7@0=2;7@1=5;7@2=7;7@3=5;7@4=6;7@5=4;7@6=3;7@7=3;7@8=1;7@9=5;8@0=5;8@1=8;8@2=11;8@3=1;8@4=15;8@5=6;8@6=6;8@7=4;8@8=4;8@9=5;9@0=11;9@1=16;9@2=16;9@3=9;9@4=22;9@5=12;9@6=15;9@7=4;9@8=5;9@9=7,"0,1,2,3,4,5,6,7,8,9",541,97,97,0,1.0,-0.8103776197424758,0.16666666666666666,0.02295571359085744,0.0,0.0,0.9999999999999999,0.5237159729003906,Feasible
1107,1106,7,1,6,"ADD:5,8;REMOVE:0,2;REMOVE:1,2;REMOVE:2,2;REMOVE:4,2;REMOVE:5,2;REMOVE:7,2",0:2|7;1:2|7;2:2|7;3:2|7;4:2|7;5:2|7;6:7|8;7:2|7;8:2|7;9:2|7,0:7;1:7;2:7;3:2|7;4:7;5:7|8;6:7|8;7:7;8:2|7;9:2|7,0@0=3;0@2=7;0@3=1;0@4=4;0@6=2;0@7=1;0@8=1;0@9=3;1@0=1;1@2=1;1@3=2;1@4=2;1@7=1;1@8=2;1@9=1;1@1=7;2@4=1;2@6=1;2@7=1;2@1=1;3@0=2;3@2=6;3@3=2;3@4=2;3@6=1;3@7=2;3@9=2;3@1=3;3@5=2;4@0=1;4@2=1;4@4=4;4@6=2;4@8=2;4@9=2;4@1=3;5@0=2;5@2=2;5@4=1;5@6=2;5@8=1;5@9=3;5@1=1;5@5=1;6@2=6;6@4=2;6@6=3;6@8=1;6@9=1;6@1=4;6@5=2;7@0=1;7@2=1;7@4=2;7@6=2;7@7=1;7@8=1;7@9=1;8@0=2;8@2=4;8@3=3;8@4=3;8@6=3;8@7=3;8@8=2;8@9=2;8@1=3;8@5=5;9@0=6;9@2=8;9@3=1;9@4=3;9@7=1;9@8=1;9@9=2;9@1=9;9@5=3,"0,2,3,4,6,7,8,9,1,5",185,77,77,0,1.0,0.21581402729464502,0.3,0.015814027294645035,0.0,0.0,0.1,0.45077085494995117,Feasible
1108,1107,16,5,11,"ADD:2,2;ADD:3,1;ADD:4,9;ADD:6,2;ADD:7,8;REMOVE:2,7;REMOVE:3,2;REMOVE:3,7;REMOVE:4,7;REMOVE:5,7;REMOVE:6,7;REMOVE:6,8;REMOVE:7,7;REMOVE:8,2;REMOVE:8,7;REMOVE:9,2",0:7;1:7;2:7;3:2|7;4:7;5:7|8;6:7|8;7:7;8:2|7;9:2|7,0:7;1:7;2:2;3:1;4:9;5:8;6:2;7:8;8:-;9:7,0@2=1;0@4=2;0@6=1;0@9=1;1@2=2;1@4=1;1@3=1;1@7=1;2@2=1;3@9=1;3@1=1;3@8=1;4@2=1;4@6=1;4@3=1;4@1=1;5@8=1;6@2=1;6@9=1;6@8=1;7@4=1;7@7=1;7@1=1;7@8=2;7@5=1;9@2=5;9@4=5;9@6=1;9@3=2;9@1=1;9@8=1;9@0=1,"2,4,6,9,3,7,1,8,5,0",44,32,32,0,1.0,0.2501526936134649,0.7333333333333333,0.016819360280131628,0.0,0.0,0.5,0.32646894454956055,Feasible
1109,1108,20,11,9,"ADD:0,8;ADD:1,8;ADD:2,9;ADD:3,7;ADD:4,2;ADD:5,4;ADD:6,9;ADD:7,7;ADD:8,8;ADD:9,2;ADD:9,8;REMOVE:0,7;REMOVE:1,7;REMOVE:2,2;REMOVE:3,1;REMOVE:4,9;REMOVE:5,8;REMOVE:6,2;REMOVE:7,8;REMOVE:9,7",0:7;1:7;2:2;3:1;4:9;5:8;6:2;7:8;8:-;9:7,0:8;1:8;2:9;3:7;4:2;5:4;6:9;7:7;8:8;9:2|8,0@1=1;0@2=2;0@4=2;1@4=2;1@5=1;1@6=1;2@1=1;2@2=1;3@4=1;3@3=1;4@2=1;4@4=1;4@5=1;5@4=1;6@2=1;6@6=1;7@4=1;7@3=1;8@4=2;8@5=2;8@6=1;8@7=2;9@2=3;9@4=4;9@5=1;9@6=2;9@3=1;9@8=1;9@9=1,"1,2,4,5,6,3,7,8,9",41,29,29,0,1.0,-0.08389925739882553,1.0,0.016100742601174337,0.0,0.0,1.0999999999999999,0.30170702934265137,Feasible
1110,1109,15,9,6,"ADD:0,7;ADD:1,7;ADD:2,4;ADD:3,2;ADD:4,8;ADD:5,7;ADD:6,7;ADD:7,8;ADD:9,7;REMOVE:0,8;REMOVE:2,9;REMOVE:4,2;REMOVE:5,4;REMOVE:6,9;REMOVE:9,2",0:8;1:8;2:9;3:7;4:2;5:4;6:9;7:7;8:8;9:2|8,0:7;1:7|8;2:4;3:2|7;4:8;5:7;6:7;7:7|8;8:8;9:7|8,0@0=1;0@1=2;0@2=1;0@4=2;0@6=1;0@7=1;0@8=4;0@9=1;1@0=2;1@1=1;1@2=1;1@4=1;1@6=2;1@7=1;1@8=2;1@3=2;1@5=1;2@2=2;2@4=1;2@6=1;3@0=1;3@1=3;3@2=2;3@4=4;3@6=2;3@7=1;3@3=1;3@5=1;4@1=1;4@2=4;4@4=1;4@6=1;4@7=1;4@5=1;5@1=1;5@4=3;5@7=3;5@9=1;6@7=1;7@0=2;7@1=1;7@4=1;7@7=1;7@5=2;8@1=1;8@2=1;8@4=1;8@7=2;8@8=1;9@1=3;9@2=8;9@4=5;9@6=1;9@7=2;9@8=2;9@9=2;9@3=1;9@5=4,"0,1,2,4,6,7,8,9,3,5",104,58,58,0,1.0,-0.33595709559700737,0.5454545454545454,0.018588358948447153,0.0,0.0,0.8999999999999999,0.381511926651001,Feasible
1111,1110,14,7,7,"ADD:1,2;ADD:2,2;ADD:4,7;ADD:5,2;ADD:6,2;ADD:8,2;ADD:8,7;REMOVE:1,8;REMOVE:2,4;REMOVE:3,7;REMOVE:4,8;REMOVE:5,7;REMOVE:7,8;REMOVE:8,8",0:7;1:7|8;2:4;3:2|7;4:8;5:7;6:7;7:7|8;8:8;9:7|8,0:7;1:2|7;2:2;3:2;4:7;5:2;6:2|7;7:7;8:2|7;9:7|8,0@0=1;0@1=1;0@2=2;0@3=1;0@4=5;0@6=1;0@7=1;0@8=2;1@0=2;1@1=3;1@2=1;1@3=1;1@4=1;1@6=2;1@7=4;1@5=3;1@9=1;2@0=1;2@2=2;2@3=1;2@7=1;2@5=2;2@9=2;3@2=3;3@4=1;3@8=3;4@0=1;4@1=6;4@2=5;4@3=1;4@4=1;4@6=2;4@7=3;4@8=1;4@9=2;5@2=4;5@4=3;5@7=1;5@8=3;5@5=1;5@9=1;6@0=2;6@1=1;6@2=2;6@3=2;6@4=1;6@6=1;6@7=1;6@5=1;7@1=1;7@2=1;7@3=2;7@4=1;7@7=1;7@9=1;8@0=1;8@1=5;8@2=3;8@3=1;8@6=1;8@7=1;8@8=1;8@5=1;8@9=2;9@0=1;9@1=2;9@2=9;9@3=2;9@4=7;9@6=5;9@7=3;9@8=4;9@5=1,"0,1,2,3,4,6,7,8,5,9",151,73,73,0,1.0,-0.1777260542338278,0.5,0.02227394576617218,0.0,0.0,0.7,0.37938928604125977,Feasible
1112,1111,13,5,8,"ADD:1,8;ADD:2,7;ADD:4,2;ADD:5,7;ADD:8,8;REMOVE:1,2;REMOVE:1,7;REMOVE:2,2;REMOVE:3,2;REMOVE:5,2;REMOVE:6,2;REMOVE:8,2;REMOVE:9,8",0:7;1:2|7;2:2;3:2;4:7;5:2;6:2|7;7:7;8:2|7;9:7|8,0:7;1:8;2:7;3:-;4:2|7;5:7;6:7;7:7;8:7|8;9:7,0@0=2;0@1=3;0@2=6;0@4=4;0@7=1;0@8=1;0@9=1;1@1=1;1@2=1;1@4=3;1@7=2;1@8=1;1@6=2;2@0=1;2@4=1;2@7=1;2@3=1;4@0=1;4@1=3;4@2=2;4@4=3;4@7=1;4@9=3;4@6=3;4@3=2;4@5=1;5@1=3;5@2=3;5@4=1;5@7=2;5@8=1;5@6=1;5@3=1;6@0=2;6@1=2;6@4=1;6@7=5;6@8=1;6@6=2;7@0=3;7@1=1;7@2=4;7@4=2;7@7=2;7@8=1;7@6=1;7@3=1;8@0=2;8@1=3;8@2=3;8@4=5;8@7=1;8@8=2;8@9=3;8@6=3;8@5=2;9@0=4;9@1=5;9@2=3;9@4=8;9@7=2;9@8=2;9@9=1;9@6=6;9@3=3,"0,1,2,4,7,8,9,6,3,5",149,65,65,0,1.0,0.0848264290902011,0.5714285714285714,0.013397857661629738,0.0,0.0,0.5,0.34343409538269043,Feasible
1113,1112,8,6,2,"ADD:0,8;ADD:1,7;ADD:3,8;ADD:5,8;ADD:5,9;ADD:9,2;REMOVE:2,7;REMOVE:5,7",0:7;1:8;2:7;3:-;4:2|7;5:7;6:7;7:7;8:7|8;9:7,0:7|8;1:7|8;2:-;3:8;4:2|7;5:8|9;6:7;7:7;8:7|8;9:2|7,0@1=4;0@2=3;0@3=1;0@4=4;0@5=1;0@6=1;0@7=2;0@8=1;0@9=4;1@1=3;1@3=1;1@4=2;1@5=1;1@6=1;1@7=2;3@1=1;3@2=3;3@4=3;3@8=1;4@1=2;4@2=3;4@3=1;4@4=3;4@5=5;4@6=1;4@9=2;4@0=3;5@1=1;5@2=3;5@3=1;5@5=1;5@6=1;5@8=1;5@9=1;6@1=1;6@2=1;6@3=2;6@4=1;6@6=1;6@7=1;6@8=2;7@2=2;7@4=3;7@6=1;7@7=1;7@9=2;8@1=5;8@2=2;8@4=6;8@5=2;8@6=1;8@7=1;8@8=1;8@9=2;8@0=2;9@1=3;9@2=3;9@3=1;9@4=5;9@5=4;9@6=3;9@7=5;9@8=3;9@9=3;9@0=1,"1,2,3,4,5,6,7,8,9,0",139,65,65,0,1.0,-0.4011429015410956,0.18181818181818182,0.017038916640722535,0.0,0.0,0.6,0.3200850486755371,Feasible
1114,1113,13,6,7,"ADD:0,2;ADD:2,7;ADD:3,7;ADD:5,3;ADD:5,7;ADD:8,2;REMOVE:0,7;REMOVE:0,8;REMOVE:1,8;REMOVE:3,8;REMOVE:5,8;REMOVE:5,9;REMOVE:8,8",0:7|8;1:7|8;2:-;3:8;4:2|7;5:8|9;6:7;7:7;8:7|8;9:2|7,0:2;1:7;2:7;3:7;4:2|7;5:3|7;6:7;7:7;8:2|7;9:2|7,0@0=1;0@2=4;0@3=1;0@4=2;0@5=3;0@7=1;0@8=1;0@9=1;1@0=1;1@3=2;1@4=4;1@1=3;2@0=1;2@3=1;2@4=1;2@7=1;2@8=1;2@1=1;3@2=2;3@3=1;3@4=5;3@7=2;3@1=2;4@0=1;4@4=1;4@5=3;4@7=1;4@9=1;4@1=4;5@3=1;5@4=3;5@5=1;5@7=2;5@9=1;5@1=3;6@0=2;6@3=1;6@7=1;6@1=3;7@0=1;7@2=2;7@3=1;7@4=2;7@8=2;7@9=1;7@1=1;8@0=1;8@2=2;8@3=3;8@4=2;8@5=1;8@7=1;8@1=4;8@6=2;9@0=5;9@2=3;9@3=3;9@4=7;9@5=3;9@7=1;9@8=1;9@9=1;9@1=4;9@6=1,"0,2,3,4,5,7,8,9,1,6",126,64,64,0,1.0,-0.11880932937649408,0.4666666666666667,0.014524003956839235,0.0,0.0,0.6,0.34866833686828613,Feasible
1115,1114,13,7,6,"ADD:0,7;ADD:1,8;ADD:2,2;ADD:3,2;ADD:6,8;ADD:7,2;ADD:8,8;REMOVE:0,2;REMOVE:2,7;REMOVE:4,2;REMOVE:5,3;REMOVE:7,7;REMOVE:8,2",0:2;1:7;2:7;3:7;4:2|7;5:3|7;6:7;7:7;8:2|7;9:2|7,0:7;1:7|8;2:2;3:2|7;4:7;5:7;6:7|8;7:2;8:7|8;9:2|7,0@1=1;0@2=7;0@3=1;0@4=2;0@6=3;0@9=1;1@1=3;1@3=1;1@4=2;1@6=1;1@0=2;1@5=1;2@2=3;2@4=2;2@0=2;2@5=1;2@8=1;3@1=1;3@2=4;3@3=4;3@4=3;3@9=1;3@0=4;3@5=1;3@8=1;4@1=2;4@2=1;4@3=3;4@4=2;4@6=3;4@8=1;4@7=1;5@1=1;5@2=2;5@4=3;5@7=1;6@1=1;6@4=1;6@6=2;6@0=2;6@5=1;6@7=1;7@2=2;7@4=2;7@9=1;7@5=1;8@1=3;8@2=4;8@4=2;8@6=2;8@9=1;8@0=1;8@5=3;8@8=1;9@1=4;9@2=9;9@3=7;9@4=9;9@6=2;9@9=2;9@0=1;9@5=1;9@8=4,"1,2,3,4,6,9,0,5,8,7",143,63,63,0,1.0,-0.2555270869182831,0.42857142857142855,0.015901484510288305,0.0,0.0,0.7,0.42961573600769043,Feasible
1116,1115,15,7,8,"ADD:0,2;ADD:0,8;ADD:1,2;ADD:2,7;ADD:4,4;ADD:7,7;ADD:8,2;REMOVE:0,7;REMOVE:1,7;REMOVE:2,2;REMOVE:3,2;REMOVE:4,7;REMOVE:6,8;REMOVE:7,2;REMOVE:8,8",0:7;1:7|8;2:2;3:2|7;4:7;5:7;6:7|8;7:2;8:7|8;9:2|7,0:2|8;1:2|8;2:7;3:7;4:4;5:7;6:7;7:7;8:2|7;9:2|7,0@2=3;0@3=2;0@4=2;0@5=1;0@6=1;0@8=2;0@9=2;1@2=3;1@3=1;1@4=1;1@5=1;1@8=1;1@0=1;1@1=2;2@2=1;2@3=1;2@7=1;3@2=4;3@3=1;3@6=3;3@8=1;3@1=1;3@7=1;4@4=1;5@2=1;5@3=1;5@4=3;5@0=1;5@1=1;5@7=1;6@2=1;6@6=1;6@0=2;6@1=2;7@2=2;7@4=1;7@8=1;7@0=2;7@7=1;8@2=1;8@3=1;8@4=3;8@5=1;8@0=1;8@1=1;8@7=1;9@2=3;9@3=1;9@4=4;9@5=1;9@6=1;9@9=1;9@0=2;9@1=1;9@7=1,"2,3,4,5,6,8,9,0,1,7",83,55,55,0,1.0,-0.14332906192943295,0.5333333333333333,0.023337604737233668,0.0,0.0,0.7,0.3883378505706787,Feasible
1117,1116,12,5,7,"ADD:2,9;ADD:4,7;ADD:5,8;ADD:6,8;ADD:7,8;REMOVE:0,8;REMOVE:2,7;REMOVE:4,4;REMOVE:6,7;REMOVE:7,7;REMOVE:8,2;REMOVE:9,2",0:2|8;1:2|8;2:7;3:7;4:4;5:7;6:7;7:7;8:2|7;9:2|7,0:2;1:2|8;2:9;3:7;4:7;5:7|8;6:8;7:8;8:7;9:7,0@0=2;0@2=2;0@3=1;0@4=4;0@5=1;0@7=1;0@9=1;1@2=1;1@3=1;1@4=3;1@5=1;1@9=1;1@1=1;1@8=2;2@9=1;3@0=1;3@2=2;3@3=1;3@4=4;3@7=1;3@8=3;3@6=1;4@0=1;4@2=4;4@3=1;4@4=2;4@1=2;4@8=1;4@6=1;5@0=1;5@4=2;5@5=2;5@7=1;5@1=1;5@8=1;6@2=1;6@4=1;6@5=1;6@7=1;6@1=1;6@8=1;7@4=2;7@1=1;7@8=1;8@3=1;8@7=1;8@6=1;9@0=1;9@2=5;9@3=1;9@4=2;9@7=1;9@9=1;9@1=2;9@8=3;9@6=5,"0,2,3,4,5,7,9,1,8,6",90,56,56,0,1.0,0.01371928720689286,0.5,0.01371928720689281,0.0,0.0,0.5,0.3986179828643799,Feasible
1118,1117,11,7,4,"ADD:0,7;ADD:1,7;ADD:2,7;ADD:4,8;ADD:6,7;ADD:7,7;ADD:9,2;REMOVE:0,2;REMOVE:1,8;REMOVE:2,9;REMOVE:5,8",0:2;1:2|8;2:9;3:7;4:7;5:7|8;6:8;7:8;8:7;9:7,0:7;1:2|7;2:7;3:7;4:7|8;5:7;6:7|8;7:7|8;8:7;9:2|7,0@0=1;0@2=3;0@4=1;0@6=1;0@7=1;0@8=1;0@9=2;1@0=1;1@2=3;1@4=5;1@6=1;1@7=2;1@1=2;1@3=2;1@5=2;2@0=2;2@4=1;2@6=2;3@0=2;3@2=2;3@4=4;3@7=3;3@8=2;3@9=2;3@1=3;3@3=1;4@2=4;4@4=4;4@6=2;4@7=1;4@1=1;4@3=1;4@5=1;5@0=1;5@2=2;5@4=2;5@8=1;5@1=2;5@3=2;6@0=1;6@4=3;6@6=4;6@7=1;6@8=1;6@1=2;6@3=1;6@5=1;7@0=1;7@2=3;7@4=2;7@6=1;7@8=1;7@1=1;7@5=3;8@2=2;8@4=2;8@6=2;8@7=1;8@8=1;8@9=1;8@1=2;9@0=1;9@2=7;9@4=5;9@6=2;9@7=3;9@8=5;9@9=1;9@1=2;9@3=1;9@5=6,"0,2,4,6,7,8,9,1,3,5",146,71,71,0,1.0,-0.34996927110743736,0.3333333333333333,0.016697395559229288,0.0,0.0,0.7,0.3865218162536621,Feasible
1119,1118,7,3,4,"ADD:0,2;ADD:8,8;ADD:9,8;REMOVE:1,2;REMOVE:4,8;REMOVE:7,8;REMOVE:9,2",0:7;1:2|7;2:7;3:7;4:7|8;5:7;6:7|8;7:7|8;8:7;9:2|7,0:2|7;1:7;2:7;3:7;4:7;5:7;6:7|8;7:7;8:7|8;9:7|8,0@0=2;0@1=1;0@2=3;0@3=3;0@4=1;0@5=1;0@7=1;0@9=1;1@0=1;1@1=2;1@2=4;1@4=1;1@9=2;1@6=1;1@8=3;2@0=1;2@2=2;2@7=1;2@9=1;3@0=1;3@3=1;3@4=6;3@9=2;3@8=3;4@0=3;4@1=2;4@2=3;4@3=1;4@4=3;4@7=4;4@9=1;4@6=1;4@8=1;5@1=2;5@4=1;5@9=1;6@1=1;6@2=1;6@4=1;6@5=1;6@7=1;6@9=1;6@6=3;6@8=1;7@0=1;7@1=2;7@2=3;7@3=3;7@4=3;7@9=1;7@6=1;7@8=1;8@0=1;8@1=3;8@2=1;8@3=2;8@4=5;8@5=3;8@7=2;8@6=1;8@8=1;9@1=4;9@2=1;9@4=8;9@5=2;9@7=3;9@9=2;9@6=2,"0,1,2,3,4,5,7,9,6,8",134,68,68,0,1.0,-0.021056795932908545,0.26666666666666666,0.012276537400424864,0.0,0.0,0.30000000000000004,0.36540794372558594,Feasible
1120,1119,12,6,6,"ADD:0,3;ADD:2,8;ADD:3,3;ADD:4,8;ADD:7,2;ADD:9,2;REMOVE:0,2;REMOVE:2,7;REMOVE:6,7;REMOVE:7,7;REMOVE:8,8;REMOVE:9,8",0:2|7;1:7;2:7;3:7;4:7;5:7;6:7|8;7:7;8:7|8;9:7|8,0:3|7;1:7;2:8;3:3|7;4:7|8;5:7;6:8;7:2;8:7;9:2|7,0@0=1;0@1=3;0@2=4;0@3=1;0@5=2;0@6=2;0@7=2;0@9=1;1@0=1;1@1=2;1@2=1;1@9=1;1@8=2;2@5=1;2@7=1;2@4=1;3@1=4;3@2=2;3@3=4;3@5=2;3@7=1;3@9=2;3@4=2;4@1=2;4@2=2;4@3=2;4@5=1;4@7=2;4@8=2;4@4=2;5@0=1;5@2=1;5@7=1;5@4=1;6@2=1;6@5=1;6@8=1;7@2=2;7@3=1;7@5=1;7@7=2;7@4=4;8@0=2;8@1=3;8@2=1;8@3=3;8@9=1;8@8=1;8@4=2;9@0=1;9@1=4;9@2=4;9@3=2;9@5=2;9@6=4;9@7=2;9@9=5;9@8=3;9@4=5,"0,1,2,3,5,6,7,9,8,4",118,59,59,0,1.0,-0.1525778650598495,0.42857142857142855,0.01885070636872191,0.0,0.0,0.6,0.345534086227417,Feasible
1121,1120,9,4,5,"ADD:0,8;ADD:1,2;ADD:3,8;ADD:7,7;REMOVE:0,3;REMOVE:3,3;REMOVE:3,7;REMOVE:7,2;REMOVE:9,2",0:3|7;1:7;2:8;3:3|7;4:7|8;5:7;6:8;7:2;8:7;9:2|7,0:7|8;1:2|7;2:8;3:8;4:7|8;5:7;6:8;7:7;8:7;9:7,0@0=2;0@1=1;0@2=4;0@4=2;0@5=1;0@6=1;0@7=2;0@8=1;0@9=1;1@0=3;1@1=2;1@2=1;1@5=2;1@6=2;1@7=1;1@9=1;2@1=1;2@2=2;2@4=1;2@6=1;3@1=2;3@2=2;3@4=1;4@1=3;4@4=4;4@5=1;4@7=2;4@9=1;5@0=1;5@4=2;5@6=2;5@8=2;5@3=1;6@2=1;6@5=1;6@7=1;6@8=2;7@0=1;7@1=3;7@2=2;7@4=1;7@6=1;7@7=1;7@3=2;8@0=2;8@1=1;8@2=2;8@4=4;8@6=2;8@8=3;8@9=1;9@1=3;9@2=5;9@4=2;9@7=4;9@8=3;9@9=3;9@3=1,"0,1,2,4,5,6,7,8,9,3",108,58,58,0,1.0,-0.03059756259492935,0.35714285714285715,0.012259580262213512,0.0,0.0,0.4,0.37689900398254395,Feasible
1122,1121,11,6,5,"ADD:2,2;ADD:3,7;ADD:4,2;ADD:5,8;ADD:6,7;ADD:9,8;REMOVE:1,2;REMOVE:2,8;REMOVE:4,7;REMOVE:5,7;REMOVE:6,8",0:7|8;1:2|7;2:8;3:8;4:7|8;5:7;6:8;7:7;8:7;9:7,0:7|8;1:7;2:2;3:7|8;4:2|8;5:8;6:7;7:7;8:7;9:7|8,0@3=2;0@4=1;0@5=1;0@6=1;1@4=1;1@1=2;1@7=1;1@9=2;2@2=1;3@4=1;3@5=1;3@6=1;3@1=1;3@7=1;3@9=1;4@4=3;4@5=1;4@1=1;4@9=1;4@2=1;4@8=1;5@4=1;5@5=2;5@1=2;5@2=1;6@4=2;6@1=1;6@0=2;7@3=1;7@4=1;7@0=2;8@3=1;8@6=1;8@1=1;8@7=3;8@9=2;8@2=2;8@8=2;8@0=1;9@3=2;9@4=4;9@5=3;9@6=1;9@1=1;9@7=2;9@2=2;9@8=5;9@0=2,"3,4,5,6,1,7,9,2,8,0",76,48,48,0,1.0,-0.1952078061239929,0.38461538461538464,0.02017680926062241,0.0,0.0,0.6,0.43490099906921387,Feasible
1123,1122,16,8,8,"ADD:1,2;ADD:3,2;ADD:4,7;ADD:5,5;ADD:7,2;ADD:8,2;ADD:8,8;ADD:9,2;REMOVE:2,2;REMOVE:3,7;REMOVE:4,2;REMOVE:4,8;REMOVE:6,7;REMOVE:7,7;REMOVE:8,7;REMOVE:9,8",0:7|8;1:7;2:2;3:7|8;4:2|8;5:8;6:7;7:7;8:7;9:7|8,0:7|8;1:2|7;2:-;3:2|8;4:7;5:5|8;6:-;7:2;8:2|8;9:2|7,0@1=2;0@2=2;0@3=1;0@4=2;0@5=2;0@6=3;1@2=1;1@3=2;1@4=1;1@5=3;1@6=1;1@0=1;1@8=1;1@9=1;3@1=1;3@2=2;3@3=2;3@4=2;3@5=1;3@0=1;3@8=1;4@2=1;4@4=2;4@0=1;4@7=1;5@3=1;5@4=1;5@5=1;5@8=1;7@2=3;7@0=1;7@9=1;8@1=1;8@2=1;8@4=1;8@5=1;8@0=1;8@8=1;8@9=1;9@2=1;9@3=1;9@4=4;9@5=3;9@6=2;9@0=1;9@9=3,"1,2,3,4,5,6,0,8,9,7",69,46,46,0,1.0,-0.2104634865331464,0.5714285714285714,0.018107942038282133,0.0,0.0,0.7999999999999999,0.3738579750061035,Feasible
1124,1123,13,5,8,"ADD:1,8;ADD:2,3;ADD:4,8;ADD:5,9;ADD:6,7;REMOVE:1,2;REMOVE:1,7;REMOVE:3,2;REMOVE:4,7;REMOVE:5,5;REMOVE:5,8;REMOVE:8,2;REMOVE:8,8",0:7|8;1:2|7;2:-;3:2|8;4:7;5:5|8;6:-;7:2;8:2|8;9:2|7,0:7|8;1:8;2:3;3:8;4:8;5:9;6:7;7:2;8:-;9:2|7,0@4=1;0@5=1;0@6=1;0@7=2;0@8=1;0@9=2;1@4=1;1@5=1;1@6=1;1@8=1;1@1=3;1@2=2;2@1=3;2@3=2;3@4=3;3@5=1;3@6=1;3@7=1;3@1=1;3@2=1;4@4=2;4@8=1;4@1=3;4@2=1;5@6=1;5@2=2;6@4=3;6@6=2;6@9=1;6@2=1;6@3=2;7@8=1;7@2=1;7@3=1;9@4=1;9@5=1;9@6=2;9@7=2;9@8=4;9@9=1;9@1=3;9@2=3;9@3=1;9@0=4,"4,5,6,7,8,9,1,2,3,0",74,44,44,0,1.0,0.08915698556082974,0.5714285714285714,0.0177284141322583,0.0,0.0,0.5,0.31087803840637207,Feasible
1125,1124,19,12,7,"ADD:0,2;ADD:1,2;ADD:1,7;ADD:2,7;ADD:3,2;ADD:3,7;ADD:4,2;ADD:5,7;ADD:6,8;ADD:7,7;ADD:8,2;ADD:8,7;REMOVE:0,8;REMOVE:1,8;REMOVE:2,3;REMOVE:3,8;REMOVE:4,8;REMOVE:5,9;REMOVE:6,7",0:7|8;1:8;2:3;3:8;4:8;5:9;6:7;7:2;8:-;9:2|7,0:2|7;1:2|7;2:7;3:2|7;4:2;5:7;6:8;7:2|7;8:2|7;9:2|7,0@0=1;0@1=2;0@2=3;0@4=2;0@5=1;0@7=1;1@0=2;1@1=2;1@2=2;1@4=2;1@5=2;1@7=3;1@6=1;1@9=1;2@0=1;2@1=1;2@2=2;3@1=4;3@2=2;3@4=1;3@5=2;3@7=3;3@9=1;4@0=1;4@2=1;4@4=3;4@5=1;5@0=1;5@1=1;5@2=1;5@4=2;5@6=3;5@3=1;6@1=1;6@4=3;6@5=1;7@0=1;7@1=1;7@2=3;7@4=3;7@5=3;7@9=2;7@3=2;8@0=2;8@1=1;8@4=3;8@5=1;8@7=2;8@9=1;9@0=4;9@1=3;9@2=6;9@4=5;9@5=2;9@6=2;9@9=1;9@3=5;9@8=1,"0,1,2,4,5,7,6,9,3,8",116,58,58,0,1.0,-0.5415733683325661,0.6363636363636364,0.022062995303797538,0.0,0.0,1.2,0.34685397148132324,Feasible
1126,1125,7,2,5,"ADD:2,8;ADD:7,8;REMOVE:2,7;REMOVE:3,2;REMOVE:7,2;REMOVE:7,7;REMOVE:8,2",0:2|7;1:2|7;2:7;3:2|7;4:2;5:7;6:8;7:2|7;8:2|7;9:2|7,0:2|7;1:2|7;2:8;3:7;4:2;5:7;6:8;7:8;8:7;9:2|7,0@0=1;0@1=1;0@2=2;0@3=2;0@4=2;0@5=2;0@6=3;0@7=2;0@8=1;0@9=1;1@0=1;1@2=3;1@3=1;1@4=1;1@5=2;1@6=1;1@9=1;2@1=2;2@5=2;2@6=1;2@8=1;3@0=1;3@1=2;3@2=2;3@3=1;3@4=1;3@6=1;3@8=2;3@9=2;4@2=2;4@3=1;4@4=3;4@5=1;4@7=1;4@9=1;5@0=1;5@2=3;5@3=1;5@4=1;5@7=1;5@9=1;6@1=1;6@2=3;6@4=1;6@5=1;6@7=1;6@8=1;7@1=1;7@2=2;7@4=2;8@0=1;8@1=3;8@2=2;8@3=2;8@4=2;8@6=1;8@7=1;8@8=2;8@9=1;9@0=4;9@1=3;9@2=6;9@3=3;9@4=5;9@5=4;9@6=4;9@7=3;9@8=2;9@9=1,"0,1,2,3,4,5,6,7,8,9",125,69,69,0,1.0,0.1309624918969156,0.3125,0.0184624918969156,0.0,0.0,0.2,0.37276697158813477,Feasible
1127,1126,11,6,5,"ADD:0,8;ADD:3,8;ADD:4,7;ADD:5,2;ADD:6,7;ADD:8,2;REMOVE:0,2;REMOVE:1,2;REMOVE:4,2;REMOVE:5,7;REMOVE:6,8",0:2|7;1:2|7;2:8;3:7;4:2;5:7;6:8;7:8;8:7;9:2|7,0:7|8;1:7;2:8;3:7|8;4:7;5:2;6:7;7:8;8:2|7;9:2|7,0@1=1;0@3=1;0@4=2;0@5=1;0@8=1;1@1=1;1@3=1;1@4=1;1@8=2;1@0=1;1@2=2;1@6=1;1@7=1;2@5=3;2@2=1;2@6=1;3@1=2;3@3=1;3@4=2;3@5=2;3@8=2;3@2=1;3@6=1;3@9=4;4@3=2;4@4=3;4@8=1;4@2=3;4@7=2;5@0=1;5@2=3;6@1=1;6@3=1;6@4=1;6@8=1;6@2=1;6@6=1;7@1=1;7@4=2;7@8=1;7@2=2;7@7=1;8@3=1;8@4=5;8@5=2;8@0=1;8@2=4;8@6=1;8@9=2;9@1=7;9@4=8;9@5=4;9@8=2;9@0=4;9@2=9;9@6=5;9@7=2;9@9=1,"1,3,4,5,8,0,2,6,7,9",122,58,58,0,1.0,-0.19479415116247795,0.38461538461538464,0.020590464222137415,0.0,0.0,0.6,0.35363101959228516,Feasible
1128,1127,13,6,7,"ADD:1,2;ADD:2,9;ADD:4,2;ADD:4,9;ADD:5,8;ADD:6,9;REMOVE:0,8;REMOVE:1,7;REMOVE:2,8;REMOVE:3,8;REMOVE:4,7;REMOVE:5,2;REMOVE:6,7",0:7|8;1:7;2:8;3:7|8;4:7;5:2;6:7;7:8;8:2|7;9:2|7,0:7;1:2;2:9;3:7;4:2|9;5:8;6:9;7:8;8:2|7;9:2|7,0@1=1;0@2=3;0@3=1;0@4=2;0@6=1;0@8=1;1@3=1;1@4=2;1@0=1;1@5=2;1@7=1;2@1=1;2@2=1;3@1=1;3@2=1;3@3=3;3@4=1;3@6=1;3@0=1;3@9=1;4@1=1;4@2=3;4@4=1;4@5=1;4@9=1;5@1=3;5@8=1;5@5=2;6@1=1;6@2=1;6@3=1;6@9=1;7@2=2;7@4=2;7@8=1;8@1=2;8@2=4;8@3=1;8@4=2;8@6=2;8@8=2;8@0=1;8@5=1;8@9=1;9@1=3;9@2=8;9@3=1;9@4=11;9@6=2;9@8=1;9@0=2;9@5=3;9@7=3;9@9=2,"1,2,3,4,6,8,0,5,7,9",101,54,54,0,1.0,-0.07907361990802342,0.5,0.020926380091976563,0.0,0.0,0.6,0.3338050842285156,Feasible
1129,1128,14,7,7,"ADD:1,7;ADD:2,7;ADD:3,2;ADD:4,3;ADD:5,7;ADD:6,2;ADD:9,8;REMOVE:1,2;REMOVE:2,9;REMOVE:4,2;REMOVE:4,9;REMOVE:6,9;REMOVE:8,2;REMOVE:9,2",0:7;1:2;2:9;3:7;4:2|9;5:8;6:9;7:8;8:2|7;9:2|7,0:7;1:7;2:7;3:2|7;4:3;5:7|8;6:2;7:8;8:7;9:7|8,0@0=2;0@3=3;0@4=1;0@9=2;1@4=2;1@9=1;1@1=1;1@2=1;2@4=2;2@9=1;3@0=1;3@4=4;3@1=2;3@2=1;3@5=1;3@7=1;4@3=1;4@1=1;5@3=1;5@4=2;5@1=2;5@2=2;5@5=1;5@6=1;6@9=1;6@2=1;6@5=1;6@7=1;7@4=2;7@1=2;7@2=2;7@6=3;8@0=1;8@3=1;8@9=1;8@1=2;8@2=4;9@0=4;9@3=2;9@4=4;9@1=1;9@2=5;9@5=2;9@7=2;9@6=1;9@8=1,"0,3,4,9,1,2,5,7,6,8",81,46,46,0,1.0,-0.15283512650598696,0.5384615384615384,0.008703335032474595,0.0,0.0,0.7,0.28881096839904785,Feasible
1130,1129,16,7,9,"ADD:0,2;ADD:2,2;ADD:4,5;ADD:7,5;ADD:8,2;ADD:8,8;ADD:9,2;REMOVE:0,7;REMOVE:2,7;REMOVE:3,2;REMOVE:4,3;REMOVE:5,8;REMOVE:6,2;REMOVE:7,8;REMOVE:8,7;REMOVE:9,8",0:7;1:7;2:7;3:2|7;4:3;5:7|8;6:2;7:8;8:7;9:7|8,0:2;1:7;2:2;3:7;4:5;5:7;6:-;7:5;8:2|8;9:2|7,0@2=3;0@3=3;0@4=1;0@8=3;1@3=1;1@4=1;1@8=1;1@1=2;1@9=1;2@2=3;3@2=1;3@3=1;3@4=2;3@9=1;3@0=2;3@6=1;4@2=1;4@3=2;4@0=1;4@5=2;5@2=1;5@3=1;5@4=1;5@7=1;7@2=1;7@3=1;7@0=2;7@5=1;8@2=5;8@3=1;8@4=3;8@8=3;8@6=2;8@5=1;9@2=2;9@3=2;9@4=2;9@1=2;9@9=1;9@0=3;9@6=1;9@5=2;9@7=1,"2,3,4,8,1,9,0,6,5,7",73,43,43,0,1.0,0.019368703184987734,0.6923076923076923,0.027061010877295382,0.0,0.0,0.7,0.2718081474304199,Feasible
1131,1130,19,10,9,"ADD:0,7;ADD:1,2;ADD:2,7;ADD:3,1;ADD:3,3;ADD:4,7;ADD:5,2;ADD:6,8;ADD:7,7;ADD:8,3;REMOVE:0,2;REMOVE:2,2;REMOVE:3,7;REMOVE:4,5;REMOVE:5,7;REMOVE:7,5;REMOVE:8,2;REMOVE:8,8;REMOVE:9,2",0:2;1:7;2:2;3:7;4:5;5:7;6:-;7:5;8:2|8;9:2|7,0:7;1:2|7;2:7;3:1|3;4:7;5:2;6:8;7:7;8:3;9:7,0@0=1;0@1=1;0@2=4;0@4=3;0@8=1;0@9=2;1@0=1;1@1=1;1@2=2;1@4=1;1@5=1;1@7=1;2@0=1;2@4=1;2@8=1;3@1=1;3@5=1;3@3=1;3@6=2;4@1=2;4@4=3;4@8=1;4@9=3;5@2=3;5@4=1;5@5=1;6@1=1;6@4=1;6@8=2;6@6=1;7@0=2;7@1=2;7@2=2;7@4=1;7@7=1;7@6=4;8@1=1;8@2=3;8@9=1;8@5=1;8@3=2;9@0=4;9@1=3;9@2=4;9@4=2;9@8=2;9@9=2;9@7=2;9@3=1;9@6=3,"0,1,2,4,8,9,5,7,3,6",89,50,50,0,1.0,-0.16576312078592692,0.8181818181818182,0.016055061032254774,0.0,0.0,0.9999999999999999,0.2852189540863037,Feasible
1132,1131,11,6,5,"ADD:3,2;ADD:5,6;ADD:5,8;ADD:6,2;ADD:8,7;ADD:9,2;REMOVE:1,2;REMOVE:3,1;REMOVE:3,3;REMOVE:5,2;REMOVE:8,3",0:7;1:2|7;2:7;3:1|3;4:7;5:2;6:8;7:7;8:3;9:7,0:7;1:7;2:7;3:2;4:7;5:6|8;6:2|8;7:7;8:7;9:2|7,0@0=1;0@2=2;0@3=1;0@4=3;0@6=2;0@7=4;1@2=3;1@3=1;1@4=1;1@7=1;2@4=3;2@1=1;2@9=1;3@2=4;3@3=1;3@4=2;3@7=5;3@9=1;3@5=2;3@8=1;4@2=2;4@4=1;4@1=2;4@9=1;4@8=1;5@4=1;5@6=1;5@9=1;5@5=1;5@8=1;6@2=1;6@3=1;6@4=1;6@6=1;6@5=1;6@8=1;7@2=2;7@3=2;7@4=1;7@7=1;7@1=2;7@9=2;7@8=2;8@0=1;8@2=3;8@3=1;8@4=3;8@6=1;8@7=2;8@1=2;8@8=2;9@0=2;9@2=2;9@3=2;9@4=8;9@6=3;9@7=1;9@1=5;9@9=3;9@5=3;9@8=6,"0,2,3,4,6,7,1,9,5,8",120,61,61,0,1.0,-0.16748805158672114,0.4166666666666667,0.015845281746612146,0.0,0.0,0.6,0.39725184440612793,Feasible
1133,1132,15,8,7,"ADD:0,2;ADD:3,7;ADD:4,8;ADD:5,4;ADD:6,7;ADD:7,3;ADD:8,2;ADD:9,8;REMOVE:3,2;REMOVE:4,7;REMOVE:5,6;REMOVE:5,8;REMOVE:6,2;REMOVE:6,8;REMOVE:9,2",0:7;1:7;2:7;3:2;4:7;5:6|8;6:2|8;7:7;8:7;9:2|7,0:2|7;1:7;2:7;3:7;4:8;5:4;6:7;7:3|7;8:2|7;9:7|8,0@0=1;0@1=3;0@2=2;0@4=3;0@5=1;0@7=2;0@9=1;1@0=1;1@1=2;1@2=2;1@4=3;1@7=1;1@9=2;1@3=1;1@6=2;1@8=1;2@0=1;2@1=1;2@4=1;3@0=1;3@1=2;3@2=3;3@6=1;4@1=1;4@4=2;4@7=1;4@6=2;4@8=1;5@4=1;6@0=1;6@7=2;6@8=1;7@0=2;7@1=1;7@4=2;7@5=2;7@7=1;7@3=1;8@0=1;8@1=2;8@2=2;8@4=6;8@5=1;8@7=1;8@9=1;8@8=3;9@0=3;9@1=4;9@2=9;9@4=4;9@5=1;9@9=1;9@6=3;9@8=3,"0,1,2,4,5,7,9,3,6,8",104,54,54,0,1.0,-0.2442991740974384,0.5384615384615384,0.01723928744102306,0.0,0.0,0.7999999999999999,0.4024078845977783,Feasible
1134,1133,20,10,10,"ADD:0,3;ADD:1,3;ADD:2,9;ADD:3,2;ADD:4,7;ADD:5,8;ADD:6,2;ADD:7,2;ADD:8,8;ADD:9,2;REMOVE:0,2;REMOVE:1,7;REMOVE:2,7;REMOVE:3,7;REMOVE:4,8;REMOVE:5,4;REMOVE:6,7;REMOVE:7,3;REMOVE:8,2;REMOVE:9,8",0:2|7;1:7;2:7;3:7;4:8;5:4;6:7;7:3|7;8:2|7;9:7|8,0:3|7;1:3;2:9;3:2;4:7;5:8;6:2;7:2|7;8:7|8;9:2|7,0@0=2;0@1=2;0@5=1;0@7=3;0@9=1;1@1=1;1@5=2;1@7=3;1@2=1;1@3=1;2@2=1;2@3=1;2@6=3;3@0=1;3@5=2;3@7=1;3@9=1;3@2=2;3@3=1;3@8=1;4@0=1;4@1=1;4@7=1;4@9=1;4@2=2;4@3=2;4@6=1;4@8=1;4@4=4;5@5=1;5@4=1;6@0=1;6@5=1;6@3=1;6@4=2;7@0=1;7@1=1;7@5=1;7@7=1;7@9=1;7@2=1;7@3=1;7@4=1;8@0=1;8@1=3;8@5=1;8@7=1;8@2=4;8@3=1;8@6=2;8@8=1;8@4=3;9@0=1;9@5=1;9@7=2;9@9=2;9@2=1;9@3=1;9@6=4;9@8=3;9@4=7,"0,1,5,7,9,2,3,6,8,4",99,61,61,0,1.0,-0.272020942326488,0.7142857142857143,0.013693343387797648,0.0,0.0,0.9999999999999999,0.4094729423522949,Feasible
1135,1134,16,9,7,"ADD:0,2;ADD:1,2;ADD:2,7;ADD:3,7;ADD:4,8;ADD:5,7;ADD:6,9;ADD:7,8;ADD:9,8;REMOVE:0,3;REMOVE:0,7;REMOVE:2,9;REMOVE:4,7;REMOVE:6,2;REMOVE:7,7;REMOVE:9,2",0:3|7;1:3;2:9;3:2;4:7;5:8;6:2;7:2|7;8:7|8;9:2|7,0:2;1:2|3;2:7;3:2|7;4:8;5:7|8;6:9;7:2|8;8:7|8;9:7|8,0@2=2;0@3=3;0@4=1;0@5=1;0@7=1;0@9=1;1@2=2;1@3=1;1@4=2;1@5=1;1@7=1;1@9=1;1@1=1;1@8=1;2@4=1;2@9=1;2@8=1;2@0=1;3@2=1;3@4=2;3@5=1;3@7=1;3@9=3;3@8=4;3@0=2;3@6=1;4@2=2;4@4=2;4@5=2;4@1=3;4@8=2;4@6=1;5@4=1;5@5=1;5@7=2;5@9=1;5@1=1;5@0=1;5@6=2;6@2=1;6@7=2;6@9=1;6@1=2;7@2=3;7@5=1;7@9=2;7@8=1;7@0=1;7@6=2;8@2=2;8@3=1;8@4=3;8@5=2;8@7=1;8@9=1;8@1=4;8@8=1;8@6=1;9@2=1;9@3=6;9@4=5;9@5=3;9@7=1;9@1=1;9@8=1;9@0=1;9@6=3,"2,3,4,5,7,9,1,8,0,6",113,67,67,0,1.0,-0.3829177884916286,0.5,0.017082211508371352,0.0,0.0,0.8999999999999999,0.40161585807800293,Feasible
1136,1135,13,6,7,"ADD:0,7;ADD:3,8;ADD:4,7;ADD:5,3;ADD:6,7;ADD:7,7;REMOVE:0,2;REMOVE:3,2;REMOVE:4,8;REMOVE:5,7;REMOVE:5,8;REMOVE:6,9;REMOVE:7,8",0:2;1:2|3;2:7;3:2|7;4:8;5:7|8;6:9;7:2|8;8:7|8;9:7|8,0:7;1:2|3;2:7;3:7|8;4:7;5:3;6:7;7:2|7;8:7|8;9:7|8,0@0=1;0@2=1;0@3=3;0@4=4;0@6=2;0@7=2;0@8=2;1@0=2;1@2=2;1@3=1;1@4=1;1@8=1;1@1=1;1@5=2;2@0=1;2@2=1;2@6=2;2@7=2;2@8=1;3@2=2;3@3=1;3@4=4;3@6=2;3@5=2;4@0=1;4@2=1;4@4=1;4@6=1;4@8=1;5@2=1;5@7=1;5@1=1;5@5=1;5@9=1;6@0=1;6@2=1;6@1=1;6@9=2;7@0=1;7@2=2;7@4=2;7@1=1;7@5=1;7@9=3;8@2=1;8@3=4;8@4=1;8@6=1;8@7=1;8@8=1;8@1=1;8@5=1;9@0=1;9@2=4;9@4=7;9@6=3;9@7=2;9@8=2;9@1=3;9@5=1;9@9=1,"0,2,3,4,6,7,8,1,5,9",103,61,61,0,1.0,-0.14809884630536813,0.4375,0.01440115369463183,0.0,0.0,0.6,0.33478879928588867,Feasible
1137,1136,15,6,9,"ADD:0,5;ADD:1,7;ADD:2,2;ADD:5,8;ADD:7,8;ADD:7,9;REMOVE:0,7;REMOVE:1,2;REMOVE:1,3;REMOVE:2,7;REMOVE:5,3;REMOVE:7,2;REMOVE:7,7;REMOVE:8,8;REMOVE:9,8",0:7;1:2|3;2:7;3:7|8;4:7;5:3;6:7;7:2|7;8:7|8;9:7|8,0:5;1:7;2:2;3:7|8;4:7;5:8;6:7;7:8|9;8:7;9:7,0@2=1;0@3=2;0@5=1;1@2=1;1@0=1;1@4=2;1@7=1;1@9=1;2@2=1;2@3=1;2@4=2;2@8=1;3@2=1;3@5=1;3@0=1;3@9=1;3@8=1;3@1=1;3@6=1;4@4=1;4@7=1;4@9=1;4@6=1;5@2=1;5@4=1;5@8=1;6@3=1;6@4=1;6@9=1;7@5=1;7@4=1;7@9=1;7@1=1;8@2=2;8@3=1;8@0=2;8@4=3;8@7=1;8@9=1;8@1=2;9@2=3;9@3=2;9@0=1;9@4=2;9@7=3;9@9=1;9@1=4,"2,3,5,0,4,7,9,8,1,6",64,47,47,0,1.0,0.018372309050659785,0.6,0.018372309050659782,0.0,0.0,0.6,0.2794952392578125,Feasible
1138,1137,11,6,5,"ADD:0,7;ADD:1,8;ADD:2,7;ADD:2,8;ADD:5,1;ADD:9,2;REMOVE:0,5;REMOVE:2,2;REMOVE:3,8;REMOVE:5,8;REMOVE:7,9",0:5;1:7;2:2;3:7|8;4:7;5:8;6:7;7:8|9;8:7;9:7,0:7;1:7|8;2:7|8;3:7;4:7;5:1;6:7;7:8;8:7;9:2|7,0@0=2;0@1=1;0@4=4;0@7=1;0@8=2;1@0=1;1@1=1;1@2=1;1@5=2;1@6=1;2@1=1;2@4=3;2@8=1;2@5=1;2@3=1;3@0=2;3@4=2;3@8=1;3@6=2;3@9=2;4@0=1;4@1=1;4@4=1;4@7=1;4@3=1;5@1=1;5@8=2;5@3=2;5@9=1;6@1=1;6@4=1;6@7=2;6@8=1;6@3=1;7@2=2;7@5=1;7@6=2;8@4=1;8@2=1;8@6=1;8@9=1;9@0=1;9@1=6;9@4=4;9@7=1;9@8=2;9@2=5;9@5=1;9@6=3;9@3=1;9@9=1,"0,1,4,7,8,2,5,6,3,9",83,51,51,0,1.0,-0.16797725610979125,0.4166666666666667,0.015356077223542047,0.0,0.0,0.6,0.28733181953430176,Feasible
1139,1138,16,8,8,"ADD:0,2;ADD:1,2;ADD:3,2;ADD:5,7;ADD:6,5;ADD:6,8;ADD:7,2;ADD:8,3;REMOVE:0,7;REMOVE:1,8;REMOVE:2,7;REMOVE:3,7;REMOVE:5,1;REMOVE:6,7;REMOVE:7,8;REMOVE:8,7",0:7;1:7|8;2:7|8;3:7;4:7;5:1;6:7;7:8;8:7;9:2|7,0:2;1:2|7;2:8;3:2;4:7;5:7;6:5|8;7:2;8:3;9:2|7,0@2=1;0@3=1;0@4=5;0@8=1;1@2=2;1@4=1;1@0=2;1@5=1;1@6=1;1@7=1;1@9=1;2@5=1;2@6=1;3@2=1;3@3=2;3@4=1;3@0=2;3@5=3;3@7=2;4@2=2;4@3=1;4@0=1;4@7=1;4@1=4;5@4=1;5@9=1;6@2=2;6@3=1;6@8=1;6@5=1;6@6=1;7@2=3;7@3=1;7@8=1;7@9=1;8@2=1;8@5=1;8@7=1;8@9=1;8@1=4;9@2=7;9@3=2;9@4=1;9@8=3;9@0=2;9@5=2;9@6=1;9@7=5;9@9=2;9@1=3,"2,3,4,8,0,5,6,7,9,1",89,50,50,0,1.0,-0.15790063831820822,0.6153846153846154,0.026714746297176257,0.0,0.0,0.7999999999999999,0.29659104347229004,Feasible
1140,1139,17,9,8,"ADD:0,7;ADD:2,2;ADD:3,7;ADD:3,8;ADD:4,3;ADD:5,1;ADD:6,7;ADD:7,7;ADD:8,7;REMOVE:1,2;REMOVE:2,8;REMOVE:3,2;REMOVE:5,7;REMOVE:6,5;REMOVE:6,8;REMOVE:7,2;REMOVE:8,3",0:2;1:2|7;2:8;3:2;4:7;5:7;6:5|8;7:2;8:3;9:2|7,0:2|7;1:7;2:2;3:7|8;4:3|7;5:1;6:7;7:7;8:7;9:2|7,0@1=7;0@2=1;0@4=4;0@5=1;0@7=1;0@9=1;1@4=1;1@7=1;1@9=2;1@0=2;1@3=1;1@8=1;2@2=1;2@3=1;2@8=2;3@1=1;3@2=1;3@4=3;3@5=1;3@3=1;3@6=1;4@1=1;4@2=4;4@4=1;4@5=2;4@7=2;4@3=1;5@1=2;5@3=1;5@8=1;6@2=1;6@4=1;6@7=1;6@9=1;6@0=1;6@3=1;7@1=1;7@4=2;7@9=1;7@0=1;7@3=2;7@6=1;8@1=2;8@2=3;8@4=6;8@7=3;8@0=1;8@3=1;8@8=1;8@6=1;9@1=3;9@2=4;9@4=7;9@5=1;9@7=4;9@9=5;9@0=1;9@3=1;9@6=1,"1,2,4,5,7,9,0,3,8,6",109,59,59,0,1.0,-0.265456286827369,0.6153846153846154,0.019159097788015552,0.0,0.0,0.8999999999999999,0.34171295166015625,Feasible
1141,1140,13,8,5,"ADD:1,2;ADD:2,8;ADD:3,2;ADD:4,2;ADD:5,2;ADD:5,7;ADD:7,8;ADD:8,2;REMOVE:2,2;REMOVE:3,8;REMOVE:4,3;REMOVE:5,1;REMOVE:7,7",0:2|7;1:7;2:2;3:7|8;4:3|7;5:1;6:7;7:7;8:7;9:2|7,0:2|7;1:2|7;2:8;3:2|7;4:2|7;5:2|7;6:7;7:8;8:2|7;9:2|7,0@0=1;0@2=4;0@4=6;0@5=2;0@6=1;0@7=1;1@0=1;1@2=1;1@4=6;1@5=1;1@7=1;1@1=1;1@3=2;2@2=3;2@4=2;2@5=1;2@8=1;3@2=2;3@4=5;3@5=1;3@6=2;3@7=1;3@3=1;3@9=1;4@0=1;4@2=4;4@4=1;4@5=1;4@6=1;4@7=2;4@1=1;4@9=3;5@0=1;5@2=4;5@4=3;5@5=2;5@1=2;5@3=1;5@9=1;6@0=1;6@4=5;6@6=1;6@1=2;6@8=3;7@2=4;7@4=2;7@5=1;7@6=2;7@1=4;8@0=1;8@2=1;8@4=1;8@5=3;8@6=1;8@7=2;8@1=3;8@3=1;8@9=2;9@0=5;9@2=4;9@4=8;9@5=2;9@6=1;9@7=1;9@1=1;9@3=5;9@8=2;9@9=1,"0,2,4,5,6,7,1,3,8,9",146,68,68,0,1.0,-0.4234407457087755,0.35714285714285715,0.01941639714836728,0.0,0.0,0.7999999999999999,0.3273169994354248,Feasible
1142,1141,11,3,8,"ADD:1,8;ADD:6,2;ADD:7,7;REMOVE:0,2;REMOVE:1,2;REMOVE:1,7;REMOVE:4,7;REMOVE:5,2;REMOVE:6,7;REMOVE:7,8;REMOVE:8,2",0:2|7;1:2|7;2:8;3:2|7;4:2|7;5:2|7;6:7;7:8;8:2|7;9:2|7,0:7;1:8;2:8;3:2|7;4:2;5:7;6:2;7:7;8:7;9:2|7,0@0=1;0@1=2;0@2=3;0@3=1;0@4=3;0@7=1;0@8=1;0@9=1;1@1=1;1@2=1;1@7=2;1@8=4;1@5=2;1@6=1;2@1=1;2@2=1;2@5=1;2@6=1;3@0=1;3@1=2;3@2=4;3@3=1;3@4=2;3@8=1;3@9=3;3@5=1;3@6=3;4@0=1;4@2=3;4@8=1;4@9=2;5@1=1;5@2=1;5@3=1;5@4=1;5@9=1;6@0=2;6@2=1;6@3=1;6@4=1;6@8=1;7@0=1;7@1=2;7@2=2;7@4=1;7@9=1;8@0=2;8@1=1;8@2=1;8@3=1;8@4=4;8@7=1;8@8=2;9@0=3;9@1=4;9@2=4;9@3=2;9@4=6;9@7=3;9@8=1;9@9=5;9@5=2;9@6=2,"0,1,2,3,4,7,8,9,5,6",115,63,63,0,1.0,0.18976670580068955,0.47058823529411764,0.019178470506571944,0.0,0.0,0.30000000000000004,0.3260319232940674,Feasible
1143,1142,14,7,7,"ADD:0,9;ADD:1,7;ADD:2,7;ADD:4,7;ADD:6,7;ADD:8,2;ADD:9,8;REMOVE:0,7;REMOVE:1,8;REMOVE:2,8;REMOVE:4,2;REMOVE:6,2;REMOVE:8,7;REMOVE:9,2",0:7;1:8;2:8;3:2|7;4:2;5:7;6:2;7:7;8:7;9:2|7,0:9;1:7;2:7;3:2|7;4:7;5:7;6:7;7:7;8:2;9:7|8,0@1=2;0@2=2;0@3=1;0@9=1;1@1=2;1@2=2;1@4=2;1@6=2;1@7=1;2@1=1;2@2=2;2@3=1;2@9=1;2@4=1;2@6=2;2@7=1;2@8=1;3@1=1;3@2=3;3@3=3;3@9=2;3@4=2;3@0=2;3@5=2;4@2=2;4@9=1;4@4=3;4@6=2;4@0=1;5@1=2;5@9=1;5@4=2;5@8=1;6@1=1;6@2=3;6@9=2;6@4=1;6@7=1;7@1=1;7@2=3;7@3=2;7@4=3;7@7=1;7@8=1;7@0=1;8@2=2;8@3=1;8@4=1;8@7=1;8@0=1;8@5=1;9@1=2;9@2=1;9@3=1;9@4=3;9@6=2;9@7=2;9@8=1;9@0=2;9@5=1,"1,2,3,9,4,6,7,8,0,5",97,60,60,0,1.0,-0.10291048737382713,0.5833333333333334,0.013756179292839475,0.0,0.0,0.7,0.3118152618408203,Feasible
1144,1143,14,7,7,"ADD:0,7;ADD:1,4;ADD:3,8;ADD:4,8;ADD:5,8;ADD:7,8;ADD:8,8;REMOVE:0,9;REMOVE:1,7;REMOVE:3,2;REMOVE:3,7;REMOVE:4,7;REMOVE:5,7;REMOVE:8,2",0:9;1:7;2:7;3:2|7;4:7;5:7;6:7;7:7;8:2;9:7|8,0:7;1:4;2:7;3:8;4:8;5:8;6:7;7:7|8;8:8;9:7|8,0@1=1;0@2=2;0@3=1;0@4=2;1@2=3;1@4=3;1@6=1;2@3=1;2@4=1;2@0=2;3@4=2;3@5=1;4@1=2;4@2=3;4@5=2;4@7=1;5@2=1;5@8=1;6@2=1;6@4=2;6@7=1;6@9=1;7@1=1;7@2=1;7@3=1;7@4=1;7@6=2;7@5=2;7@8=1;8@1=3;8@2=1;8@4=2;8@5=2;9@1=5;9@2=5;9@3=5;9@4=1;9@6=2;9@0=3;9@5=2;9@7=2;9@8=1,"1,2,3,4,6,0,5,7,8,9",78,42,42,0,1.0,-0.10444424093656801,0.5833333333333334,0.01222242573009862,0.0,0.0,0.7,0.28427815437316895,Feasible
1145,1144,22,12,10,"ADD:0,2;ADD:0,8;ADD:1,7;ADD:2,8;ADD:3,2;ADD:4,2;ADD:4,7;ADD:5,7;ADD:6,8;ADD:8,2;ADD:8,7;ADD:9,2;REMOVE:0,7;REMOVE:1,4;REMOVE:2,7;REMOVE:3,8;REMOVE:4,8;REMOVE:5,8;REMOVE:6,7;REMOVE:7,8;REMOVE:8,8;REMOVE:9,8",0:7;1:4;2:7;3:8;4:8;5:8;6:7;7:7|8;8:8;9:7|8,0:2|8;1:7;2:8;3:2;4:2|7;5:7;6:8;7:7;8:2|7;9:2|7,0@1=3;0@2=6;0@3=1;0@4=1;0@5=1;0@8=1;0@9=1;1@3=2;1@4=2;1@8=1;1@0=2;2@1=1;2@8=1;3@2=4;3@3=1;3@4=1;3@8=1;3@0=1;4@1=1;4@2=2;4@4=3;4@5=1;4@9=1;4@0=3;4@6=1;5@1=1;5@2=2;5@4=3;5@9=1;5@7=1;6@1=1;6@2=1;6@4=2;6@6=1;7@1=2;7@2=1;7@4=1;7@8=1;7@9=1;7@0=1;7@7=1;8@1=1;8@2=8;8@4=1;8@5=1;8@9=1;8@0=1;8@6=3;8@7=1;9@1=2;9@2=3;9@3=4;9@4=8;9@5=2;9@8=2;9@9=1;9@0=1;9@6=3;9@7=1,"1,2,3,4,5,8,9,0,6,7",108,59,59,0,1.0,-0.3400271464553263,0.8333333333333334,0.026639520211340317,0.0,0.0,1.2,0.3526570796966553,Feasible
1146,1145,11,6,5,"ADD:0,7;ADD:1,8;ADD:2,2;ADD:3,5;ADD:6,7;ADD:9,8;REMOVE:0,2;REMOVE:2,8;REMOVE:3,2;REMOVE:6,8;REMOVE:9,2",0:2|8;1:7;2:8;3:2;4:2|7;5:7;6:8;7:7;8:2|7;9:2|7,0:7|8;1:7|8;2:2;3:5;4:2|7;5:7;6:7;7:7;8:2|7;9:7|8,0@0=1;0@1=3;0@2=2;0@3=1;0@4=4;0@7=2;0@8=1;1@1=1;1@2=1;1@4=2;1@7=1;1@5=1;1@6=1;1@9=1;2@2=3;2@3=1;2@4=1;3@5=1;4@0=2;4@1=1;4@2=3;4@3=1;4@4=3;4@7=1;4@8=3;4@5=1;4@6=1;4@9=1;5@0=1;5@1=3;5@4=2;5@7=1;5@6=2;5@9=1;6@0=2;6@1=1;6@2=3;6@3=1;7@1=3;7@2=2;7@3=1;7@7=2;7@8=1;7@9=1;8@1=2;8@2=2;8@3=2;8@4=4;8@8=1;8@5=1;8@6=1;9@1=6;9@2=4;9@3=4;9@4=8;9@7=1;9@8=2;9@5=3;9@6=2;9@9=4,"0,1,2,3,4,7,8,5,6,9",119,60,60,0,1.0,-0.22666608767374374,0.35714285714285715,0.016191055183399073,0.0,0.0,0.6,0.3312389850616455,Feasible
1147,1146,15,7,8,"ADD:0,2;ADD:2,3;ADD:2,7;ADD:3,7;ADD:5,2;ADD:6,8;ADD:7,8;REMOVE:0,7;REMOVE:1,8;REMOVE:2,2;REMOVE:3,5;REMOVE:4,7;REMOVE:6,7;REMOVE:8,2;REMOVE:9,8",0:7|8;1:7|8;2:2;3:5;4:2|7;5:7;6:7;7:7;8:2|7;9:7|8,0:2|8;1:7;2:3|7;3:7;4:2;5:2|7;6:8;7:7|8;8:7;9:7,0@1=4;0@2=9;0@3=1;0@4=3;0@5=2;0@8=1;1@1=1;1@2=1;1@4=3;1@8=1;1@0=2;1@7=1;1@9=1;2@1=2;2@2=1;2@3=1;2@5=1;2@0=1;2@7=1;3@2=5;3@4=4;3@0=1;3@7=2;3@9=1;3@6=1;4@2=2;4@3=1;4@4=1;4@9=2;5@1=2;5@2=2;5@5=1;5@0=1;5@7=2;6@1=1;6@2=4;6@4=2;6@5=1;7@1=1;7@2=2;7@3=2;7@4=1;7@5=1;7@8=1;7@0=1;7@6=1;8@1=2;8@2=1;8@3=1;8@4=2;8@7=1;8@9=1;9@1=4;9@2=9;9@3=3;9@4=7;9@8=3;9@7=3;9@9=3;9@6=3,"1,2,3,4,5,8,0,7,9,6",126,60,60,0,1.0,-0.14653640693241055,0.5333333333333333,0.020130259734256115,0.0,0.0,0.7,0.3169839382171631,Feasible
1148,1147,23,12,11,"ADD:0,7;ADD:1,2;ADD:2,9;ADD:3,2;ADD:3,9;ADD:4,7;ADD:4,8;ADD:5,8;ADD:6,7;ADD:7,3;ADD:8,2;ADD:9,8;REMOVE:0,2;REMOVE:0,8;REMOVE:2,3;REMOVE:2,7;REMOVE:3,7;REMOVE:4,2;REMOVE:5,2;REMOVE:5,7;REMOVE:6,8;REMOVE:7,8;REMOVE:8,7",0:2|8;1:7;2:3|7;3:7;4:2;5:2|7;6:8;7:7|8;8:7;9:7,0:7;1:2|7;2:9;3:2|9;4:7|8;5:8;6:7;7:3|7;8:2;9:7|8,0@1=2;0@2=2;0@4=2;0@6=1;0@8=1;0@9=1;1@1=1;1@2=2;1@4=1;1@6=1;1@8=2;1@9=2;1@0=1;1@3=1;1@5=2;1@7=2;2@1=1;2@9=1;3@1=2;3@2=2;3@4=1;3@9=4;3@5=1;4@1=1;4@2=1;4@8=1;4@0=1;4@5=1;4@7=1;5@1=1;5@2=1;5@4=1;5@8=4;5@7=1;6@1=3;6@2=3;6@4=1;6@9=2;6@3=1;6@7=2;7@1=1;7@2=1;7@4=3;7@6=1;7@9=1;7@3=2;7@5=1;8@2=1;8@4=6;8@8=1;8@9=1;8@3=1;8@5=1;8@7=1;9@1=4;9@2=4;9@4=4;9@6=1;9@8=1;9@9=2;9@0=1;9@5=2;9@7=1,"1,2,4,6,8,9,0,3,5,7",104,63,63,0,1.0,-0.3918860719699272,0.7857142857142857,0.022399642315787064,0.0,0.0,1.2,0.3190326690673828,Feasible
1149,1148,10,4,6,"ADD:2,7;ADD:3,7;ADD:5,7;ADD:8,7;REMOVE:1,2;REMOVE:2,9;REMOVE:3,9;REMOVE:4,8;REMOVE:5,8;REMOVE:7,3",0:7;1:2|7;2:9;3:2|9;4:7|8;5:8;6:7;7:3|7;8:2;9:7|8,0:7;1:7;2:7;3:2|7;4:7;5:7;6:7;7:7;8:2|7;9:7|8,0@0=2;0@2=3;0@4=2;0@7=1;0@8=1;1@2=1;1@4=2;1@7=1;1@1=1;1@3=1;2@0=1;2@2=1;2@7=1;2@1=1;2@6=1;3@0=1;3@2=3;3@4=5;3@7=1;3@1=3;3@5=2;3@9=2;4@0=1;4@2=1;4@7=1;4@8=1;4@1=3;4@3=1;4@6=1;4@9=2;5@4=3;5@8=1;5@3=1;6@0=1;6@2=2;6@4=1;6@7=1;6@3=1;7@4=1;7@7=1;7@1=2;7@3=3;7@9=1;8@0=2;8@2=2;8@4=1;8@7=1;8@3=1;8@6=1;8@5=2;9@0=2;9@2=3;9@4=2;9@7=4;9@8=4;9@1=3;9@3=5;9@6=2;9@5=1,"0,2,4,7,8,1,3,6,5,9",103,59,59,0,1.0,0.020779642626496453,0.4,0.020779642626496432,0.0,0.0,0.4,0.30533313751220703,Feasible
1150,1149,10,5,5,"ADD:0,8;ADD:1,6;ADD:1,8;ADD:5,4;ADD:7,8;REMOVE:0,7;REMOVE:1,7;REMOVE:3,2;REMOVE:5,7;REMOVE:7,7",0:7;1:7;2:7;3:2|7;4:7;5:7;6:7;7:7;8:2|7;9:7|8,0:8;1:6|8;2:7;3:7;4:7;5:4;6:7;7:8;8:2|7;9:7|8,0@4=1;0@5=1;0@6=1;0@7=1;0@8=1;1@4=2;1@5=2;1@6=1;1@1=4;1@9=1;2@7=1;3@4=2;3@7=1;3@1=1;4@4=1;4@6=1;4@1=1;4@2=2;4@3=2;5@4=1;5@6=2;5@2=1;6@4=1;6@6=1;6@7=1;6@8=1;6@1=1;6@3=1;7@6=1;7@7=2;7@8=2;7@1=2;7@2=2;8@4=1;8@5=1;8@8=1;8@1=1;8@9=1;8@3=1;8@0=2;9@4=3;9@5=3;9@6=1;9@7=4;9@1=3;9@2=2;9@3=2,"4,5,6,7,8,1,9,2,3,0",72,47,47,0,1.0,-0.09835060719382915,0.38461538461538464,0.017034008190786203,0.0,0.0,0.5,0.27407097816467285,Feasible
1151,1150,14,7,7,"ADD:0,7;ADD:1,2;ADD:2,4;ADD:3,5;ADD:4,3;ADD:5,7;ADD:7,6;REMOVE:0,8;REMOVE:1,6;REMOVE:1,8;REMOVE:2,7;REMOVE:5,4;REMOVE:8,2;REMOVE:9,8",0:8;1:6|8;2:7;3:7;4:7;5:4;6:7;7:8;8:2|7;9:7|8,0:7;1:2;2:4;3:5|7;4:3|7;5:7;6:7;7:6|8;8:7;9:7,0@0=1;0@1=2;0@4=1;0@7=2;1@0=1;1@4=1;1@7=2;1@2=1;1@5=1;2@4=1;3@0=1;3@1=1;3@4=1;3@5=1;3@3=1;4@0=1;4@1=2;4@4=3;4@7=1;4@5=2;4@3=1;4@6=1;4@9=2;5@0=1;5@1=2;5@2=1;6@4=2;6@7=1;7@1=1;7@4=1;7@5=2;7@6=1;7@9=1;8@0=1;8@1=1;8@4=3;8@7=1;8@9=2;8@8=1;9@0=2;9@1=3;9@4=4;9@2=4;9@6=2;9@8=1,"0,1,4,7,2,5,3,6,9,8",69,45,45,0,1.0,-0.1473248128899164,0.5384615384615384,0.014213648648545095,0.0,0.0,0.7,0.2640058994293213,Feasible
1152,1151,16,7,9,"ADD:0,8;ADD:1,8;ADD:2,8;ADD:5,8;ADD:6,2;ADD:7,7;ADD:8,2;REMOVE:1,2;REMOVE:2,4;REMOVE:3,5;REMOVE:3,7;REMOVE:4,3;REMOVE:5,7;REMOVE:6,7;REMOVE:7,6;REMOVE:7,8",0:7;1:2;2:4;3:5|7;4:3|7;5:7;6:7;7:6|8;8:7;9:7,0:7|8;1:8;2:8;3:-;4:7;5:8;6:2;7:7;8:2|7;9:7,0@0=1;0@1=1;0@4=1;0@5=1;0@6=1;0@7=1;0@8=1;1@1=1;1@4=1;2@8=1;4@0=1;4@1=1;4@4=1;4@8=1;4@2=2;4@3=1;4@9=2;5@1=2;5@4=1;5@7=1;5@8=1;5@2=1;6@4=3;6@2=1;6@9=1;7@0=4;7@1=1;7@4=1;7@8=1;7@2=2;8@0=1;8@1=3;8@4=1;8@5=1;8@7=1;8@2=1;9@1=5;9@4=6;9@6=1;9@7=1;9@8=1;9@2=4;9@9=3,"0,1,4,5,6,7,8,2,3,9",68,43,43,0,1.0,0.003996005174170758,0.6923076923076923,0.01168831286647846,0.0,0.0,0.7,0.27105093002319336,Feasible
1153,1152,17,10,7,"ADD:1,2;ADD:1,7;ADD:2,2;ADD:3,7;ADD:4,2;ADD:5,7;ADD:6,7;ADD:7,2;ADD:8,8;ADD:9,2;REMOVE:0,8;REMOVE:1,8;REMOVE:2,8;REMOVE:4,7;REMOVE:5,8;REMOVE:6,2;REMOVE:8,2",0:7|8;1:8;2:8;3:-;4:7;5:8;6:2;7:7;8:2|7;9:7,0:7;1:2|7;2:2;3:7;4:2;5:7;6:7;7:2|7;8:7|8;9:2|7,0@0=1;0@1=3;0@2=3;0@3=1;0@4=5;0@8=2;1@0=3;1@1=2;1@2=2;1@3=3;1@4=1;1@5=2;1@6=2;2@2=1;2@4=1;2@5=1;3@0=1;3@1=1;3@2=1;3@4=1;3@8=1;4@0=1;4@2=1;4@4=1;4@5=1;5@0=1;5@1=1;5@2=1;5@4=3;5@6=1;5@7=1;6@0=1;6@2=1;6@3=1;6@4=1;6@7=2;7@0=1;7@1=1;7@2=1;7@3=2;7@4=5;7@5=1;7@6=1;8@0=1;8@1=2;8@3=3;8@4=3;8@8=2;8@5=1;8@6=2;8@7=2;9@0=4;9@1=4;9@2=6;9@3=4;9@4=4;9@8=1;9@5=2;9@6=1;9@7=4;9@9=3,"0,1,2,3,4,8,5,6,7,9",117,61,61,0,1.0,-0.34458416549027937,0.6363636363636364,0.01905219814608413,0.0,0.0,0.9999999999999999,0.3131399154663086,Feasible
1154,1153,13,6,7,"ADD:0,2;ADD:0,3;ADD:2,9;ADD:3,8;ADD:5,3;ADD:6,8;REMOVE:0,7;REMOVE:1,2;REMOVE:2,2;REMOVE:3,7;REMOVE:4,2;REMOVE:6,7;REMOVE:7,2",0:7;1:2|7;2:2;3:7;4:2;5:7;6:7;7:2|7;8:7|8;9:2|7,0:2|3;1:7;2:9;3:8;4:-;5:3|7;6:8;7:7;8:7|8;9:2|7,0@1=2;0@2=2;0@3=1;0@4=3;0@5=1;1@2=1;1@3=1;1@4=1;1@7=3;2@9=1;3@1=1;3@2=3;3@7=1;3@8=1;5@1=1;5@3=2;5@4=2;5@5=1;5@7=1;5@9=2;5@0=1;6@2=2;6@4=1;6@8=1;6@6=1;7@1=3;7@2=2;7@4=2;7@7=3;8@2=5;8@3=1;8@4=2;8@5=2;8@7=2;8@8=3;8@6=1;9@1=4;9@2=3;9@3=2;9@4=6;9@5=2;9@7=3;9@9=3;9@8=2;9@0=1;9@6=3,"1,2,3,4,5,7,9,8,0,6",92,46,46,0,1.0,-0.07185628979313463,0.5,0.028143710206865395,0.0,0.0,0.6,0.2785310745239258,Feasible
1155,1154,13,6,7,"ADD:0,8;ADD:1,3;ADD:2,2;ADD:2,7;ADD:3,7;ADD:5,4;REMOVE:0,2;REMOVE:0,3;REMOVE:2,9;REMOVE:3,8;REMOVE:5,3;REMOVE:5,7;REMOVE:8,8",0:2|3;1:7;2:9;3:8;4:-;5:3|7;6:8;7:7;8:7|8;9:2|7,0:8;1:3|7;2:2|7;3:7;4:-;5:4;6:8;7:7;8:7;9:2|7,0@1=1;0@2=1;0@4=2;0@6=2;1@1=2;1@2=2;1@4=2;1@3=3;1@5=1;1@7=1;1@9=1;2@1=5;2@2=4;2@6=1;2@5=2;2@7=3;2@9=2;2@0=3;3@4=2;3@6=1;3@0=1;3@8=3;5@2=2;5@4=1;6@4=3;6@5=2;6@7=2;7@2=1;7@6=1;7@9=1;7@0=1;7@8=1;8@2=1;8@4=2;8@6=6;8@7=1;8@9=1;9@1=2;9@2=4;9@4=3;9@6=3;9@3=1;9@5=2;9@7=2;9@9=2;9@0=1;9@8=2,"1,2,4,6,3,5,7,9,0,8",93,47,47,0,1.0,-0.0425000448288928,0.5384615384615384,0.019038416709568705,0.0,0.0,0.6,0.2846190929412842,Feasible
1156,1155,10,5,5,"ADD:0,7;ADD:1,8;ADD:5,9;ADD:6,7;ADD:9,3;REMOVE:0,8;REMOVE:1,3;REMOVE:5,4;REMOVE:6,8;REMOVE:9,2",0:8;1:3|7;2:2|7;3:7;4:-;5:4;6:8;7:7;8:7;9:2|7,0:7;1:7|8;2:2|7;3:7;4:-;5:9;6:7;7:7;8:7;9:3|7,0@1=4;0@2=2;0@3=2;0@4=3;0@6=1;0@8=2;0@9=1;1@2=5;1@3=1;1@4=3;1@6=1;1@8=1;1@5=1;1@7=2;2@1=2;2@3=1;2@4=2;2@8=1;2@9=1;2@5=1;2@7=3;2@0=1;3@1=1;3@2=5;3@3=2;3@4=1;3@6=2;3@9=1;5@2=4;5@3=1;5@9=1;6@3=1;6@4=2;6@6=1;6@7=1;7@1=2;7@3=2;7@4=2;7@6=1;7@8=1;7@0=1;8@1=2;8@2=1;8@3=1;8@4=2;8@6=1;8@8=2;8@9=1;8@7=1;9@1=1;9@3=1;9@4=3;9@9=2;9@5=1;9@7=2,"1,2,3,4,6,8,9,5,7,0",94,55,55,0,1.0,-0.07140366258232139,0.4166666666666667,0.011929670751011924,0.0,0.0,0.5,0.29818081855773926,Feasible
1157,1156,15,8,7,"ADD:0,2;ADD:1,3;ADD:3,2;ADD:3,9;ADD:5,7;ADD:6,5;ADD:7,6;ADD:8,8;REMOVE:0,7;REMOVE:1,8;REMOVE:3,7;REMOVE:5,9;REMOVE:6,7;REMOVE:7,7;REMOVE:9,3",0:7;1:7|8;2:2|7;3:7;4:-;5:9;6:7;7:7;8:7;9:3|7,0:2;1:3|7;2:2|7;3:2|9;4:-;5:7;6:5;7:6;8:7|8;9:7,0@4=3;0@5=2;0@8=1;0@9=1;1@4=1;1@5=1;1@9=1;1@1=1;1@2=3;1@3=1;1@7=1;2@4=6;2@5=1;2@9=1;2@1=2;2@2=3;2@3=1;2@7=1;2@0=2;2@6=2;3@4=1;3@5=1;3@9=1;3@2=1;3@6=1;5@4=1;5@1=2;5@2=2;5@3=1;5@7=2;5@6=2;6@5=2;7@6=1;8@4=2;8@5=2;8@8=1;8@1=1;8@2=1;8@0=3;8@6=2;9@4=2;9@8=1;9@1=4;9@2=4;9@0=1;9@6=1,"4,5,8,9,1,2,3,7,0,6",78,46,46,0,1.0,-0.19962478497837366,0.5833333333333334,0.017041881688292928,0.0,0.0,0.7999999999999999,0.3082549571990967,Feasible
1158,1157,18,8,10,"ADD:0,8;ADD:1,2;ADD:3,7;ADD:3,8;ADD:4,7;ADD:6,7;ADD:7,8;ADD:8,9;REMOVE:0,2;REMOVE:1,3;REMOVE:1,7;REMOVE:2,2;REMOVE:3,2;REMOVE:3,9;REMOVE:6,5;REMOVE:7,6;REMOVE:8,7;REMOVE:8,8",0:2;1:3|7;2:2|7;3:2|9;4:-;5:7;6:5;7:6;8:7|8;9:7,0:8;1:2;2:7;3:7|8;4:7;5:7;6:7;7:8;8:9;9:7,0@1=1;0@4=1;0@6=2;0@7=1;0@8=2;1@8=1;1@5=1;1@9=2;2@1=1;2@4=3;2@8=1;2@9=1;2@0=1;2@2=1;2@3=2;3@1=3;3@4=1;3@6=1;3@5=1;3@0=1;4@7=1;5@4=1;5@8=1;5@9=1;6@4=1;6@8=1;6@3=1;7@4=1;7@6=2;7@8=1;7@5=2;8@1=2;8@9=1;8@2=2;9@1=2;9@4=5;9@6=1;9@9=1;9@0=1;9@2=2;9@3=1,"1,4,6,7,8,5,9,0,2,3",59,41,41,0,1.0,-0.022829497275628774,0.7692307692307693,0.007939733493601839,0.0,0.0,0.7999999999999999,0.3022630214691162,Feasible
1159,1158,20,11,9,"ADD:0,6;ADD:1,7;ADD:2,8;ADD:2,9;ADD:3,6;ADD:4,8;ADD:6,8;ADD:7,2;ADD:8,7;ADD:8,8;ADD:9,8;REMOVE:0,8;REMOVE:1,2;REMOVE:2,7;REMOVE:3,7;REMOVE:3,8;REMOVE:4,7;REMOVE:6,7;REMOVE:7,8;REMOVE:8,9",0:8;1:2;2:7;3:7|8;4:7;5:7;6:7;7:8;8:9;9:7,0:6;1:7;2:8|9;3:6;4:8;5:7;6:8;7:2;8:7|8;9:7|8,0@1=1;0@4=2;0@6=2;1@1=1;1@4=2;1@2=1;1@3=1;1@8=1;2@1=1;2@2=1;2@8=1;2@9=1;3@6=1;4@8=1;5@1=1;5@4=1;5@6=1;5@7=1;6@1=1;6@4=2;6@6=3;6@7=1;6@5=2;7@4=2;7@2=1;7@3=2;7@5=1;8@1=3;8@4=2;8@6=1;8@2=3;8@3=2;8@8=1;8@9=1;8@5=1;9@1=2;9@4=5;9@6=1;9@2=1;9@8=1;9@7=4;9@5=1;9@0=1,"1,4,6,2,3,8,9,7,5,0",66,43,43,0,1.0,-0.2621756710808837,0.8181818181818182,0.019642510737297978,0.0,0.0,1.0999999999999999,0.3392798900604248,Feasible
1160,1159,12,7,5,"ADD:0,2;ADD:0,7;ADD:2,7;ADD:3,7;ADD:5,8;ADD:7,7;ADD:8,2;REMOVE:0,6;REMOVE:2,9;REMOVE:3,6;REMOVE:4,8;REMOVE:8,8",0:6;1:7;2:8|9;3:6;4:8;5:7;6:8;7:2;8:7|8;9:7|8,0:2|7;1:7;2:7|8;3:7;4:-;5:7|8;6:8;7:2|7;8:2|7;9:7|8,0@0=1;0@1=2;0@2=2;0@3=1;0@4=4;0@5=1;0@6=1;0@7=1;1@0=1;1@2=2;1@3=3;1@4=2;1@6=1;2@1=1;2@2=6;2@3=1;2@4=3;2@5=3;2@6=2;2@7=1;2@8=1;2@9=1;3@0=1;3@1=1;3@2=2;3@6=1;3@7=1;3@9=1;5@0=1;5@1=2;5@2=1;5@3=2;5@4=3;5@5=1;5@6=1;5@7=1;5@8=1;6@1=2;6@2=1;6@4=2;7@0=1;7@1=2;7@2=5;7@3=1;7@4=2;7@5=1;7@9=1;8@0=3;8@1=2;8@2=1;8@4=2;8@5=2;8@7=4;8@8=3;8@9=3;9@1=3;9@2=3;9@3=1;9@4=8;9@5=4;9@6=3;9@7=5;9@8=1;9@9=1,"0,1,2,3,4,5,6,7,8,9",128,64,64,0,1.0,-0.294973971371656,0.38461538461538464,0.020410644012959313,0.0,0.0,0.7,0.36058521270751953,Feasible
1161,1160,17,8,9,"ADD:0,8;ADD:2,2;ADD:3,8;ADD:5,9;ADD:6,2;ADD:7,8;ADD:8,8;ADD:9,2;REMOVE:0,2;REMOVE:2,8;REMOVE:3,7;REMOVE:5,7;REMOVE:5,8;REMOVE:6,8;REMOVE:7,2;REMOVE:8,2;REMOVE:9,8",0:2|7;1:7;2:7|8;3:7;4:-;5:7|8;6:8;7:2|7;8:2|7;9:7|8,0:7|8;1:7;2:2|7;3:8;4:-;5:9;6:2;7:7|8;8:7|8;9:2|7,0@0=1;0@1=1;0@2=5;0@4=1;0@5=1;0@6=1;0@7=1;0@8=1;1@0=2;1@1=2;1@4=2;1@7=1;1@9=2;2@0=3;2@1=3;2@2=6;2@4=2;2@5=4;2@7=2;2@8=2;2@9=1;2@3=1;3@1=2;3@2=1;3@4=3;3@5=1;3@7=1;3@8=3;5@1=1;5@2=2;5@7=1;5@9=1;6@0=2;6@2=2;6@4=1;6@8=1;6@9=2;7@1=1;7@2=3;7@4=1;7@5=1;7@6=1;7@7=1;7@9=1;8@0=1;8@1=3;8@4=2;8@5=1;8@7=1;8@8=1;9@0=1;9@1=7;9@2=3;9@4=4;9@5=1;9@6=2;9@7=2;9@9=2;9@3=2,"0,1,2,4,5,6,7,8,9,3",111,59,59,0,1.0,-0.17782910039327737,0.6,0.022170899606722635,0.0,0.0,0.7999999999999999,0.3129751682281494,Feasible
1162,1161,11,5,6,"ADD:4,2;ADD:5,7;ADD:6,7;ADD:8,2;ADD:9,8;REMOVE:0,8;REMOVE:5,9;REMOVE:6,2;REMOVE:7,8;REMOVE:8,8;REMOVE:9,7",0:7|8;1:7;2:2|7;3:8;4:-;5:9;6:2;7:7|8;8:7|8;9:2|7,0:7;1:7;2:2|7;3:8;4:2;5:7;6:7;7:7;8:2|7;9:2|8,0@0=1;0@2=1;0@3=1;0@4=2;0@6=1;0@8=2;1@2=1;1@8=1;1@1=1;1@7=2;1@9=1;2@0=1;2@2=6;2@3=5;2@4=1;2@6=1;2@8=1;2@1=2;2@7=2;2@9=1;2@5=2;3@2=2;3@4=2;3@1=1;4@2=1;5@2=2;5@4=5;5@8=2;5@7=1;5@9=1;6@2=2;6@3=1;6@6=1;6@8=1;6@1=1;7@2=3;7@4=5;7@6=1;7@8=1;7@9=1;8@0=1;8@2=4;8@3=1;8@4=2;8@6=3;8@8=2;8@7=2;8@5=2;9@0=1;9@2=7;9@4=2;9@8=2;9@1=3;9@9=3;9@5=2,"0,2,3,4,6,8,1,7,9,5",107,55,55,0,1.0,-0.04709410213059162,0.42857142857142855,0.02433446929797981,0.0,0.0,0.5,0.30733704566955566,Feasible
1163,1162,17,9,8,"ADD:0,2;ADD:1,9;ADD:2,8;ADD:3,7;ADD:4,7;ADD:5,8;ADD:6,3;ADD:7,8;ADD:9,7;REMOVE:0,7;REMOVE:1,7;REMOVE:2,7;REMOVE:3,8;REMOVE:4,2;REMOVE:5,7;REMOVE:6,7;REMOVE:9,8",0:7;1:7;2:2|7;3:8;4:2;5:7;6:7;7:7;8:2|7;9:2|8,0:2;1:9;2:2|8;3:7;4:7;5:8;6:3;7:7|8;8:2|7;9:2|7,0@0=2;0@2=2;0@4=5;0@8=1;1@2=2;1@1=4;1@3=1;1@6=3;1@9=2;2@2=4;2@4=2;2@8=4;2@1=2;2@3=1;2@6=1;2@9=1;2@5=3;3@0=1;3@4=1;3@8=2;3@1=2;3@6=1;3@9=1;4@0=1;4@1=1;5@2=1;5@4=1;5@8=1;5@6=4;5@5=1;5@7=1;6@2=2;6@3=1;6@9=1;6@5=2;6@7=1;7@0=1;7@2=2;7@4=1;7@1=2;7@6=2;7@5=1;8@0=1;8@2=1;8@4=2;8@1=1;8@3=1;8@5=1;9@2=6;9@4=4;9@8=2;9@3=2;9@6=3;9@9=1;9@5=2;9@7=1,"0,2,4,8,1,3,6,9,5,7",103,56,56,0,1.0,-0.2632243610095276,0.6153846153846154,0.02139102360585682,0.0,0.0,0.8999999999999999,0.3363959789276123,Feasible
1164,1163,13,7,6,"ADD:0,3;ADD:1,5;ADD:1,8;ADD:2,7;ADD:3,8;ADD:6,5;ADD:8,8;REMOVE:1,9;REMOVE:2,2;REMOVE:6,3;REMOVE:7,7;REMOVE:8,2;REMOVE:9,7",0:2;1:9;2:2|8;3:7;4:7;5:8;6:3;7:7|8;8:2|7;9:2|7,0:2|3;1:5|8;2:7|8;3:7|8;4:7;5:8;6:5;7:8;8:7|8;9:2,0@1=1;0@2=1;0@3=1;0@4=2;0@5=1;1@4=3;1@5=1;1@0=1;1@8=2;2@1=3;2@2=4;2@4=1;2@5=2;2@0=2;2@8=1;2@6=2;2@9=2;3@1=1;3@2=1;3@3=1;3@4=2;3@5=1;3@8=1;3@6=1;3@7=2;4@2=2;4@4=1;4@0=1;4@8=2;4@9=2;4@7=1;5@8=1;5@6=1;6@2=1;6@5=1;7@4=1;7@5=2;7@8=1;8@1=2;8@4=1;8@5=2;8@8=1;8@6=1;8@9=1;8@7=1;9@2=4;9@3=2;9@4=2;9@5=1;9@0=1;9@8=1;9@9=2;9@7=1,"1,2,3,4,5,0,8,6,9,7",80,53,53,0,1.0,-0.24695975721717967,0.42857142857142855,0.024468814211391753,0.0,0.0,0.7,0.325361967086792,Feasible
1165,1164,13,4,9,"ADD:0,4;ADD:4,3;ADD:7,7;ADD:9,7;REMOVE:0,2;REMOVE:0,3;REMOVE:1,8;REMOVE:2,8;REMOVE:3,8;REMOVE:6,5;REMOVE:7,8;REMOVE:8,8;REMOVE:9,2",0:2|3;1:5|8;2:7|8;3:7|8;4:7;5:8;6:5;7:8;8:7|8;9:2,0:4;1:5;2:7;3:7;4:3|7;5:8;6:-;7:7;8:7;9:7,0@2=1;0@4=2;1@2=3;2@4=2;2@0=2;2@1=2;2@6=1;2@9=1;3@2=1;3@4=1;3@0=1;3@1=1;4@4=4;4@1=1;4@9=1;4@3=1;4@5=1;5@2=1;5@4=3;5@1=1;5@5=1;5@7=1;7@4=2;7@1=1;7@9=1;8@2=2;8@4=4;8@1=1;8@9=1;8@7=1;8@8=2;9@2=1;9@4=3;9@1=1;9@6=2;9@3=1;9@8=3,"2,4,0,1,6,9,3,5,7,8",59,37,37,0,1.0,0.20714628333348095,0.6,0.0071462833334809935,0.0,0.0,0.4,0.2751500606536865,Feasible
1166,1165,13,6,7,"ADD:0,2;ADD:1,0;ADD:4,2;ADD:5,7;ADD:7,2;ADD:8,8;REMOVE:0,4;REMOVE:1,5;REMOVE:2,7;REMOVE:3,7;REMOVE:4,3;REMOVE:5,8;REMOVE:7,7",0:4;1:5;2:7;3:7;4:3|7;5:8;6:-;7:7;8:7;9:7,0:2;1:0;2:-;3:-;4:2|7;5:7;6:-;7:2;8:7|8;9:7,0@0=1;0@2=3;0@3=2;0@4=3;0@8=2;1@0=1;4@0=2;4@2=1;4@3=1;4@4=3;4@8=1;4@5=1;4@6=2;4@9=2;5@2=1;5@4=1;5@6=2;5@7=1;7@4=2;7@5=1;7@9=1;8@2=1;8@3=1;8@4=1;8@8=1;8@5=1;8@6=2;8@9=1;8@7=2;8@1=1;9@0=2;9@2=3;9@3=2;9@4=4;9@8=1;9@6=2;9@9=1,"0,2,3,4,8,5,6,9,7,1",60,37,37,0,1.0,0.11416436912256,0.7,0.014164369122560014,0.0,0.0,0.6,0.2627742290496826,Feasible
1167,1166,15,10,5,"ADD:0,7;ADD:0,8;ADD:1,2;ADD:2,7;ADD:3,7;ADD:3,8;ADD:4,8;ADD:5,8;ADD:7,9;ADD:9,8;REMOVE:0,2;REMOVE:1,0;REMOVE:4,2;REMOVE:7,2;REMOVE:8,7",0:2;1:0;2:-;3:-;4:2|7;5:7;6:-;7:2;8:7|8;9:7,0:7|8;1:2;2:7;3:7|8;4:7|8;5:7|8;6:-;7:9;8:8;9:7|8,0@1=3;0@2=1;0@3=1;0@4=1;0@5=1;0@7=1;0@8=2;1@2=1;1@3=1;1@4=1;1@5=3;1@7=1;2@1=1;2@2=2;2@3=2;2@4=2;2@7=1;2@8=1;2@0=1;2@9=4;3@1=2;3@5=2;3@0=1;3@9=1;3@6=1;4@1=4;4@2=2;4@3=1;4@4=3;4@5=1;4@8=1;4@0=1;4@6=3;5@1=2;5@4=2;5@5=3;5@7=2;5@8=1;5@9=1;5@6=1;7@1=1;7@9=3;8@1=1;8@2=4;8@4=1;8@5=1;8@6=2;9@1=6;9@2=5;9@4=4;9@5=2;9@7=1;9@8=3;9@0=2;9@6=4,"1,2,3,4,5,7,8,0,9,6",106,55,55,0,1.0,-0.4295168227147895,0.5555555555555556,0.01492762172965473,0.0,0.0,0.9999999999999999,0.29773402214050293,Feasible
1168,1167,13,7,6,"ADD:1,7;ADD:2,2;ADD:3,2;ADD:4,9;ADD:7,7;ADD:8,7;ADD:9,2;REMOVE:3,8;REMOVE:4,7;REMOVE:5,8;REMOVE:7,9;REMOVE:8,8;REMOVE:9,8",0:7|8;1:2;2:7;3:7|8;4:7|8;5:7|8;6:-;7:9;8:8;9:7|8,0:7|8;1:2|7;2:2|7;3:2|7;4:8|9;5:7;6:-;7:7;8:7;9:2|7,0@2=1;0@4=2;0@5=2;0@6=1;0@7=2;0@8=3;0@9=5;1@2=1;1@4=5;1@5=2;1@6=1;1@9=1;1@0=2;1@3=1;2@2=4;2@4=2;2@5=2;2@6=2;2@7=3;2@8=4;2@9=4;2@0=1;2@3=1;2@1=2;3@2=1;3@4=3;3@5=1;3@6=1;3@7=1;3@9=3;3@0=1;3@3=1;3@1=4;4@2=4;4@6=1;4@8=1;4@9=2;4@1=2;5@2=2;5@4=1;5@6=1;5@9=2;7@2=1;7@4=3;7@6=2;7@8=1;7@0=1;7@3=2;8@2=1;8@4=2;8@6=3;8@7=1;8@8=1;8@9=1;8@3=1;9@2=6;9@4=3;9@5=3;9@6=1;9@7=2;9@8=3;9@9=2;9@0=1;9@3=1;9@1=1,"2,4,5,6,7,8,9,0,3,1",129,65,65,0,1.0,-0.24973922755662498,0.42857142857142855,0.02168934387194645,0.0,0.0,0.7,0.3225438594818115,Feasible
1169,1168,11,4,7,"ADD:3,3;ADD:4,7;ADD:5,2;ADD:7,9;REMOVE:0,8;REMOVE:1,2;REMOVE:3,7;REMOVE:4,8;REMOVE:4,9;REMOVE:5,7;REMOVE:7,7",0:7|8;1:2|7;2:2|7;3:2|7;4:8|9;5:7;6:-;7:7;8:7;9:2|7,0:7;1:7;2:2|7;3:2|3;4:7;5:2;6:-;7:9;8:7;9:2|7,0@1=1;0@2=2;0@3=1;0@4=2;0@6=4;0@9=2;1@1=1;1@2=1;1@9=1;1@0=3;1@8=1;2@2=2;2@4=4;2@6=3;2@9=3;2@0=2;2@8=2;2@5=3;2@7=1;3@1=2;3@2=3;3@3=1;3@4=1;3@5=2;4@1=2;4@2=3;4@4=1;4@9=4;4@8=2;4@7=1;5@2=2;5@3=1;5@4=1;5@9=2;5@8=3;7@1=1;7@2=2;7@6=1;8@1=3;8@4=3;8@6=2;8@9=1;8@0=1;8@8=1;9@1=2;9@2=4;9@3=2;9@4=1;9@6=2;9@9=1;9@0=3;9@8=2;9@5=3,"1,2,3,4,6,9,0,8,5,7",105,53,53,0,1.0,0.07890111356874768,0.4666666666666667,0.012234446902081047,0.0,0.0,0.4,0.28652215003967285,Feasible
1170,1169,13,7,6,"ADD:2,8;ADD:3,7;ADD:4,8;ADD:5,8;ADD:7,7;ADD:8,2;ADD:9,8;REMOVE:2,2;REMOVE:3,2;REMOVE:3,3;REMOVE:5,2;REMOVE:7,9;REMOVE:9,2",0:7;1:7;2:2|7;3:2|3;4:7;5:2;6:-;7:9;8:7;9:2|7,0:7;1:7;2:7|8;3:7;4:7|8;5:8;6:-;7:7;8:2|7;9:7|8,0@0=1;0@4=1;0@7=1;1@4=2;1@1=2;1@2=2;1@3=2;1@8=1;2@4=4;2@7=1;2@1=2;2@2=2;2@3=2;2@8=1;2@5=1;2@6=2;2@9=1;3@0=4;3@4=3;3@7=2;3@1=1;3@2=5;3@3=1;3@9=1;4@0=1;4@4=2;4@7=1;4@1=2;4@3=3;4@8=2;4@5=2;4@6=2;5@7=1;5@1=1;5@2=1;5@8=2;7@0=1;7@4=2;7@7=1;7@1=1;7@3=1;7@6=1;8@0=1;8@1=1;8@2=2;8@3=1;8@8=1;8@5=1;8@9=1;9@0=1;9@4=4;9@7=1;9@2=1;9@8=1;9@5=3;9@6=2,"0,4,7,1,2,3,8,5,6,9",93,56,56,0,1.0,-0.18407301426562128,0.5,0.015926985734378694,0.0,0.0,0.7,0.28241610527038574,Feasible
1171,1170,13,6,7,"ADD:0,2;ADD:3,8;ADD:5,2;ADD:5,9;ADD:7,2;ADD:9,2;REMOVE:2,8;REMOVE:3,7;REMOVE:5,8;REMOVE:7,7;REMOVE:8,7;REMOVE:9,7;REMOVE:9,8",0:7;1:7;2:7|8;3:7;4:7|8;5:8;6:-;7:7;8:2|7;9:7|8,0:2|7;1:7;2:7;3:8;4:7|8;5:2|9;6:-;7:2;8:2;9:2,0@0=3;0@1=2;0@2=2;0@3=1;0@4=2;0@5=1;0@9=1;1@0=1;1@1=1;1@2=1;1@4=2;1@9=1;2@0=1;2@1=2;2@2=2;2@3=1;2@4=3;2@6=1;3@2=3;3@4=1;3@8=1;4@1=3;4@3=1;4@4=1;4@5=2;4@8=2;5@1=1;5@2=2;5@4=1;5@5=1;5@9=2;7@0=1;7@2=2;7@4=2;8@0=2;8@3=1;8@4=1;8@5=1;8@8=1;9@0=2;9@3=1;9@4=2;9@5=1;9@8=2,"0,1,2,3,4,5,9,6,8",68,44,44,0,1.0,-0.04401848904573691,0.5384615384615384,0.017519972492724595,0.0,0.0,0.6,0.2552378177642822,Feasible
1172,1171,16,8,8,"ADD:1,2;ADD:2,2;ADD:3,3;ADD:3,7;ADD:4,9;ADD:7,7;ADD:8,7;ADD:9,7;REMOVE:0,2;REMOVE:1,7;REMOVE:3,8;REMOVE:4,7;REMOVE:4,8;REMOVE:5,2;REMOVE:8,2;REMOVE:9,2",0:2|7;1:7;2:7;3:8;4:7|8;5:2|9;6:-;7:2;8:2;9:2,0:7;1:2;2:2|7;3:3|7;4:9;5:9;6:-;7:2|7;8:7;9:7,0@1=1;0@2=1;0@4=1;0@7=1;1@2=1;1@8=1;1@9=1;2@1=2;2@2=2;2@4=1;2@7=1;2@9=1;2@0=1;2@5=1;2@6=1;3@4=1;3@7=2;3@9=2;3@5=1;3@6=1;3@3=1;4@1=1;4@2=1;4@9=1;4@6=1;4@3=1;5@2=1;5@6=2;7@2=1;7@4=1;7@7=1;7@9=1;7@5=1;7@6=1;8@1=1;8@2=3;8@4=1;8@7=1;8@6=1;8@3=2;9@1=1;9@2=3;9@4=2;9@9=2;9@0=1;9@6=2;9@3=1,"1,2,4,7,8,9,0,5,6,3",60,47,47,0,1.0,-0.11408731590939103,0.6666666666666666,0.01924601742394228,0.0,0.0,0.7999999999999999,0.27486324310302734,Feasible
1173,1172,16,7,9,"ADD:0,2;ADD:1,7;ADD:2,6;ADD:4,2;ADD:5,7;ADD:8,2;ADD:9,3;REMOVE:0,7;REMOVE:1,2;REMOVE:2,2;REMOVE:2,7;REMOVE:3,3;REMOVE:4,9;REMOVE:5,9;REMOVE:7,2;REMOVE:8,7",0:7;1:2;2:2|7;3:3|7;4:9;5:9;6:-;7:2|7;8:7;9:7,0:2;1:7;2:6;3:7;4:2;5:7;6:-;7:7;8:2;9:3|7,0@0=1;0@2=3;0@4=2;0@8=1;1@1=1;1@7=1;2@6=1;3@2=1;3@8=1;3@1=1;3@7=2;3@6=1;3@9=1;4@2=2;4@4=1;4@8=1;4@9=1;4@3=2;5@2=1;5@7=1;5@6=1;7@2=1;7@8=1;7@1=1;7@7=1;7@9=1;8@2=1;8@4=3;8@8=1;8@3=4;9@4=2;9@1=1;9@7=2;9@6=3;9@9=1;9@3=1;9@5=1,"0,2,4,8,1,7,6,9,3,5",52,37,37,0,1.0,0.07917664530248558,0.75,0.02917664530248549,0.0,0.0,0.7,0.24989104270935059,Feasible
1174,1173,16,10,6,"ADD:0,3;ADD:0,8;ADD:2,4;ADD:3,8;ADD:4,7;ADD:4,8;ADD:7,8;ADD:8,7;ADD:9,2;ADD:9,8;REMOVE:0,2;REMOVE:2,6;REMOVE:4,2;REMOVE:5,7;REMOVE:9,3;REMOVE:9,7",0:2;1:7;2:6;3:7;4:2;5:7;6:-;7:7;8:2;9:3|7,0:3|8;1:7;2:4;3:7|8;4:7|8;5:-;6:-;7:7|8;8:2|7;9:2|8,0@1=4;0@3=2;0@4=3;0@5=1;1@1=1;1@3=1;1@4=2;1@0=1;1@2=2;1@8=2;2@4=1;3@1=1;3@4=1;3@5=1;3@2=2;3@8=1;3@7=1;3@9=1;4@1=1;4@4=5;4@5=2;4@2=6;4@7=1;4@9=1;4@6=1;7@1=1;7@4=3;7@5=1;7@2=3;7@7=1;7@9=1;7@6=1;8@1=1;8@3=1;8@4=5;8@5=3;8@0=3;8@2=1;8@8=5;8@7=2;9@1=2;9@4=6;9@5=1;9@0=2;9@2=7;9@8=5;9@9=1,"1,3,4,5,0,2,8,7,9,6",101,47,47,0,1.0,-0.3774314213478426,0.6,0.022568578652157365,0.0,0.0,0.9999999999999999,0.3124558925628662,Feasible
1175,1174,16,6,10,"ADD:0,2;ADD:2,9;ADD:5,8;ADD:7,9;ADD:8,8;ADD:9,7;REMOVE:0,8;REMOVE:2,4;REMOVE:3,8;REMOVE:4,8;REMOVE:7,7;REMOVE:7,8;REMOVE:8,2;REMOVE:8,7;REMOVE:9,2;REMOVE:9,8",0:3|8;1:7;2:4;3:7|8;4:7|8;5:-;6:-;7:7|8;8:2|7;9:2|8,0:2|3;1:7;2:9;3:7;4:7;5:8;6:-;7:9;8:8;9:7,0@1=1;0@2=1;0@3=1;0@5=1;0@8=1;0@9=1;1@1=1;1@3=2;1@9=1;1@0=1;2@9=1;3@1=2;3@2=1;3@3=1;3@8=1;3@4=1;4@1=1;4@2=1;4@9=1;4@4=1;4@6=1;5@8=1;5@4=1;7@2=1;7@6=2;8@2=1;8@8=1;8@4=1;8@6=1;9@1=3;9@2=2;9@8=2;9@9=1;9@0=1;9@4=3;9@6=3;9@7=1,"1,2,3,5,8,9,0,4,6,7",48,37,37,0,1.0,0.12686022825862775,0.7142857142857143,0.012574513972913464,0.0,0.0,0.6,0.3312723636627197,Feasible
1176,1175,15,7,8,"ADD:0,1;ADD:2,7;ADD:3,2;ADD:4,8;ADD:5,4;ADD:7,4;ADD:8,7;REMOVE:0,2;REMOVE:0,3;REMOVE:2,9;REMOVE:3,7;REMOVE:4,7;REMOVE:5,8;REMOVE:7,9;REMOVE:8,8",0:2|3;1:7;2:9;3:7;4:7;5:8;6:-;7:9;8:8;9:7,0:1;1:7;2:7;3:2;4:8;5:4;6:-;7:4;8:7;9:7,0@1=1;1@1=1;1@2=3;1@3=1;1@7=1;2@1=1;2@2=2;2@3=2;2@4=1;3@2=2;3@0=1;3@9=1;4@2=2;4@8=1;5@4=1;7@2=1;7@4=1;8@4=1;8@0=1;8@8=2;9@1=2;9@2=1;9@4=1;9@9=1,"1,2,3,7,4,0,9,8",32,24,24,0,1.0,0.12109957964961404,0.8,0.021099579649613988,0.0,0.0,0.7,0.29068803787231445,Feasible
1177,1176,17,10,7,"ADD:0,7;ADD:1,2;ADD:2,2;ADD:2,3;ADD:3,7;ADD:4,7;ADD:5,2;ADD:7,2;ADD:7,9;ADD:8,2;REMOVE:0,1;REMOVE:2,7;REMOVE:3,2;REMOVE:4,8;REMOVE:5,4;REMOVE:7,4;REMOVE:8,7",0:1;1:7;2:7;3:2;4:8;5:4;6:-;7:4;8:7;9:7,0:7;1:2|7;2:2|3;3:7;4:7;5:2;6:-;7:2|9;8:2;9:7,0@0=1;0@1=1;0@4=1;0@9=1;1@0=1;1@4=1;1@2=3;1@3=1;1@5=1;1@6=1;1@7=2;1@8=2;2@1=1;2@4=1;2@9=2;2@2=2;2@3=1;2@5=1;3@0=1;3@2=1;3@3=1;3@7=3;3@8=3;4@1=1;4@4=3;4@9=2;4@2=4;4@3=2;4@6=1;4@7=2;5@0=1;5@4=2;5@3=1;5@5=1;5@7=1;7@1=1;7@4=2;7@9=1;7@2=1;7@5=1;8@0=3;8@4=4;8@9=1;8@2=1;8@8=1;9@1=2;9@4=3;9@9=2;9@2=4;9@3=3;9@7=1;9@8=1,"0,1,4,9,2,3,5,6,7,8",86,52,52,0,1.0,-0.20214305895891826,0.7777777777777778,0.020079163263303796,0.0,0.0,0.9999999999999999,0.37906932830810547,Feasible
1178,1177,19,9,10,"ADD:0,8;ADD:1,9;ADD:2,7;ADD:3,2;ADD:3,9;ADD:4,8;ADD:5,5;ADD:7,8;ADD:8,9;REMOVE:0,7;REMOVE:1,2;REMOVE:1,7;REMOVE:2,2;REMOVE:2,3;REMOVE:3,7;REMOVE:5,2;REMOVE:7,2;REMOVE:7,9;REMOVE:8,2",0:7;1:2|7;2:2|3;3:7;4:7;5:2;6:-;7:2|9;8:2;9:7,0:8;1:9;2:7;3:2|9;4:7|8;5:5;6:-;7:8;8:9;9:7,0@2=1;0@4=1;0@6=2;0@8=1;1@2=1;1@1=1;1@9=1;2@2=4;2@4=3;2@1=1;2@0=1;2@3=1;2@7=1;3@2=1;3@4=1;3@6=1;3@9=1;3@3=1;3@5=2;4@2=2;4@4=2;4@6=2;4@1=2;4@0=1;4@5=1;5@2=1;5@5=1;7@2=2;7@8=1;7@1=1;8@6=1;8@1=1;8@9=1;9@2=1;9@4=1;9@8=1;9@1=3;9@9=1;9@3=1,"2,4,6,8,1,9,0,3,7,5",53,39,39,0,1.0,-0.05185736462173751,0.8333333333333334,0.014809302044928979,0.0,0.0,0.8999999999999999,0.3413100242614746,Feasible
1179,1178,14,7,7,"ADD:0,7;ADD:1,6;ADD:2,3;ADD:4,2;ADD:5,7;ADD:7,7;ADD:8,7;REMOVE:1,9;REMOVE:2,7;REMOVE:3,2;REMOVE:4,8;REMOVE:5,5;REMOVE:7,8;REMOVE:8,9",0:8;1:9;2:7;3:2|9;4:7|8;5:5;6:-;7:8;8:9;9:7,0:7|8;1:6;2:3;3:9;4:2|7;5:7;6:-;7:7;8:7;9:7,0@3=1;0@4=3;0@5=1;0@6=1;0@7=1;1@6=1;2@3=1;3@3=1;3@2=1;3@9=1;4@3=1;4@4=3;4@5=1;4@6=1;4@2=1;4@0=1;4@1=1;5@3=1;5@4=3;5@8=1;7@6=2;7@0=1;8@3=1;8@4=1;8@7=1;8@2=2;8@9=1;8@1=1;9@3=1;9@4=2;9@2=3;9@9=2;9@0=1;9@1=4,"3,4,5,6,7,2,9,0,1,8",49,34,34,0,1.0,-0.05031279997823468,0.6363636363636364,0.013323563658128939,0.0,0.0,0.7,0.308974027633667,Feasible
1180,1179,17,11,6,"ADD:1,2;ADD:1,7;ADD:2,2;ADD:2,7;ADD:3,3;ADD:3,7;ADD:5,2;ADD:6,5;ADD:7,2;ADD:8,2;ADD:9,8;REMOVE:0,8;REMOVE:1,6;REMOVE:2,3;REMOVE:3,9;REMOVE:4,2;REMOVE:5,7",0:7|8;1:6;2:3;3:9;4:2|7;5:7;6:-;7:7;8:7;9:7,0:7;1:2|7;2:2|7;3:3|7;4:7;5:2;6:5;7:2|7;8:2|7;9:7|8,0@0=2;0@1=1;0@2=2;0@4=3;0@6=2;0@8=1;0@9=4;1@0=2;1@1=1;1@2=1;1@4=1;1@6=1;1@3=1;1@5=1;2@0=1;2@1=2;2@2=1;2@4=2;2@8=1;2@9=2;2@3=2;2@5=1;2@7=1;3@1=2;3@2=3;3@4=4;3@9=2;3@3=1;3@5=1;3@7=2;4@1=2;4@2=2;4@4=1;4@6=2;4@9=2;4@3=1;4@7=1;5@2=1;5@4=1;5@9=1;5@5=1;5@7=1;6@3=2;6@5=1;7@0=1;7@1=1;7@2=2;7@4=1;7@6=1;7@9=1;7@3=1;7@5=1;8@0=2;8@2=3;8@4=2;8@6=1;8@8=1;8@9=1;8@3=1;8@5=1;8@7=1;9@0=1;9@1=3;9@2=4;9@4=4;9@6=1;9@8=2;9@9=1;9@5=1;9@7=1,"0,1,2,4,6,8,9,3,5,7",110,70,70,0,1.0,-0.5379024771700263,0.5454545454545454,0.01664297737542818,0.0,0.0,1.0999999999999999,0.3814568519592285,Feasible
1181,1180,12,5,7,"ADD:3,8;ADD:4,8;ADD:5,5;ADD:5,8;ADD:6,7;REMOVE:1,2;REMOVE:2,2;REMOVE:3,3;REMOVE:3,7;REMOVE:5,2;REMOVE:6,5;REMOVE:8,2",0:7;1:2|7;2:2|7;3:3|7;4:7;5:2;6:5;7:2|7;8:2|7;9:7|8,0:7;1:7;2:7;3:8;4:7|8;5:5|8;6:7;7:2|7;8:7;9:7|8,0@1=3;0@2=1;0@3=2;0@4=2;0@7=1;0@8=2;1@3=1;1@4=1;2@1=2;2@2=3;2@3=1;2@4=5;2@7=2;2@8=1;2@0=1;2@6=1;2@9=2;3@1=3;3@2=1;3@4=2;3@8=1;3@5=1;4@1=2;4@3=1;4@4=2;4@7=1;4@8=1;4@6=1;4@5=1;5@1=1;5@3=1;5@8=1;5@5=1;6@1=1;6@3=1;6@4=1;6@0=2;7@1=1;7@2=1;7@3=1;7@4=1;7@8=1;7@0=1;7@6=1;7@9=1;7@5=2;8@1=2;8@3=3;8@7=1;8@8=1;8@0=1;8@6=1;8@9=2;9@1=1;9@3=3;9@4=3;9@7=1;9@8=2;9@0=1;9@6=2;9@9=3;9@5=1,"1,2,3,4,7,8,0,6,9,5",95,62,62,0,1.0,-0.048619071663435764,0.4375,0.013880928336564253,0.0,0.0,0.5,0.3503720760345459,Feasible
1182,1181,18,12,6,"ADD:0,2;ADD:1,8;ADD:2,2;ADD:3,2;ADD:3,7;ADD:4,2;ADD:5,7;ADD:6,2;ADD:6,3;ADD:7,8;ADD:8,8;ADD:9,2;REMOVE:3,8;REMOVE:4,8;REMOVE:5,5;REMOVE:6,7;REMOVE:7,2;REMOVE:9,8",0:7;1:7;2:7;3:8;4:7|8;5:5|8;6:7;7:2|7;8:7;9:7|8,0:2|7;1:7|8;2:2|7;3:2|7;4:2|7;5:7|8;6:2|3;7:7|8;8:7|8;9:2|7,0@1=2;0@2=8;0@3=2;0@4=6;0@5=3;0@7=1;0@8=1;0@9=1;1@2=2;1@4=5;1@5=2;1@7=1;1@8=1;1@0=1;1@6=3;2@1=3;2@2=1;2@3=1;2@4=3;2@5=1;2@7=1;2@9=2;2@0=1;2@6=1;3@2=1;3@4=4;3@5=2;3@7=2;3@8=2;3@9=2;3@0=2;3@6=1;4@1=2;4@2=3;4@4=5;4@5=1;4@7=1;4@9=1;4@0=2;4@6=2;5@1=2;5@2=2;5@3=2;5@4=3;5@5=2;5@7=1;5@8=1;5@6=3;6@1=2;6@2=1;6@3=1;6@5=2;6@8=2;6@9=1;7@1=3;7@2=3;7@3=4;7@4=2;7@5=1;7@7=1;7@8=2;7@9=1;7@6=1;8@1=2;8@2=4;8@3=4;8@4=3;8@5=3;8@7=2;8@8=3;8@9=2;8@6=1;9@1=2;9@2=4;9@3=3;9@4=3;9@5=2;9@7=4;9@8=2;9@9=3;9@0=3;9@6=3,"1,2,3,4,5,7,8,9,0,6",182,82,82,0,1.0,-0.7489184546002412,0.42857142857142855,0.02251011682833016,0.0,0.0,1.2,0.3677041530609131,Feasible
1183,1182,17,5,12,"ADD:0,8;ADD:2,8;ADD:3,6;ADD:4,3;ADD:5,1;REMOVE:0,2;REMOVE:1,8;REMOVE:2,2;REMOVE:3,2;REMOVE:3,7;REMOVE:4,2;REMOVE:4,7;REMOVE:5,7;REMOVE:5,8;REMOVE:6,2;REMOVE:6,3;REMOVE:7,8",0:2|7;1:7|8;2:2|7;3:2|7;4:2|7;5:7|8;6:2|3;7:7|8;8:7|8;9:2|7,0:7|8;1:7;2:7|8;3:6;4:3;5:1;6:-;7:7;8:7|8;9:2|7,0@0=1;0@1=1;0@4=1;0@5=1;0@6=2;0@9=1;1@1=1;1@3=1;1@7=2;2@0=1;2@1=1;2@4=1;2@5=3;2@6=1;2@9=1;2@2=3;2@8=3;3@4=1;3@6=2;3@9=1;4@1=1;4@5=1;4@9=1;4@3=1;4@7=2;4@2=1;5@1=3;5@9=1;5@3=1;5@8=1;7@1=1;7@3=1;7@7=1;7@2=2;7@8=1;8@1=1;8@4=2;8@5=1;8@3=1;8@7=1;8@2=2;8@8=1;9@0=1;9@1=1;9@4=4;9@5=2;9@9=1;9@2=4,"0,1,4,5,6,9,3,7,2,8",70,48,48,0,1.0,0.12575930820465064,0.6,0.02575930820465068,0.0,0.0,0.5,0.28380298614501953,Feasible
1184,1183,14,7,7,"ADD:1,1;ADD:3,0;ADD:3,7;ADD:4,7;ADD:4,8;ADD:5,9;ADD:6,4;REMOVE:0,8;REMOVE:1,7;REMOVE:3,6;REMOVE:4,3;REMOVE:5,1;REMOVE:8,8;REMOVE:9,2",0:7|8;1:7;2:7|8;3:6;4:3;5:1;6:-;7:7;8:7|8;9:2|7,0:7;1:1;2:7|8;3:0|7;4:7|8;5:9;6:4;7:7;8:7;9:7,0@0=1;0@1=1;0@4=1;1@1=1;1@3=2;1@8=2;2@0=1;2@1=1;2@4=2;2@8=2;2@2=1;2@5=2;2@6=1;2@7=2;3@0=1;3@1=4;3@5=1;3@7=2;4@1=1;4@4=1;4@3=2;4@5=2;4@6=1;4@7=1;5@1=2;5@2=1;6@4=1;7@1=2;7@4=2;7@9=1;8@1=4;8@4=1;8@3=1;8@8=1;8@2=3;8@6=1;8@9=1;9@0=1;9@1=2;9@4=2;9@8=1;9@7=2;9@9=1,"0,1,4,3,8,2,5,6,7,9",66,43,43,0,1.0,-0.14271583520535014,0.5384615384615384,0.018822626333111422,0.0,0.0,0.7,0.26782703399658203,Feasible
1185,1184,15,6,9,"ADD:1,2;ADD:2,2;ADD:5,7;ADD:6,8;ADD:7,2;ADD:9,8;REMOVE:1,1;REMOVE:2,7;REMOVE:2,8;REMOVE:3,0;REMOVE:4,8;REMOVE:5,9;REMOVE:6,4;REMOVE:7,7;REMOVE:8,7",0:7;1:1;2:7|8;3:0|7;4:7|8;5:9;6:4;7:7;8:7;9:7,0:7;1:2;2:2;3:7;4:7;5:7;6:8;7:2;8:-;9:7|8,0@1=2;0@3=1;0@4=2;0@9=2;1@4=2;1@0=1;1@2=1;1@5=1;2@3=1;2@4=1;2@0=1;2@2=2;3@1=1;3@3=1;3@4=1;3@0=1;3@2=1;4@4=1;4@9=1;4@0=1;4@2=2;4@6=1;4@8=1;5@0=2;5@7=1;6@1=2;6@8=1;6@7=1;7@2=1;9@1=1;9@4=1;9@9=2;9@0=1;9@5=2;9@6=1;9@8=1,"1,3,4,9,0,2,5,6,8,7",46,36,36,0,1.0,0.10723675416969003,0.6923076923076923,0.014929061861997772,0.0,0.0,0.6,0.25331616401672363,Feasible
1186,1185,12,6,6,"ADD:0,3;ADD:4,2;ADD:5,2;ADD:7,9;ADD:8,7;ADD:9,5;REMOVE:2,2;REMOVE:4,7;REMOVE:5,7;REMOVE:6,8;REMOVE:7,2;REMOVE:9,8",0:7;1:2;2:2;3:7;4:7;5:7;6:8;7:2;8:-;9:7|8,0:3|7;1:2;2:-;3:7;4:2;5:2;6:-;7:9;8:7;9:5|7,0@3=3;0@4=1;0@5=2;0@7=1;1@3=2;1@4=2;1@2=1;3@4=1;3@7=2;3@0=1;3@1=1;4@3=1;4@2=2;4@0=1;5@2=1;5@0=1;5@9=1;7@3=1;7@2=1;7@9=2;8@3=1;8@4=2;8@2=2;8@0=1;8@1=2;8@9=1;9@3=3;9@5=2;9@7=1;9@0=1;9@8=1,"3,4,5,7,2,0,1,9,8",45,31,31,0,1.0,0.03330947690875852,0.6,0.03330947690875852,0.0,0.0,0.6,0.23807787895202637,Feasible
1187,1186,13,8,5,"ADD:0,8;ADD:1,5;ADD:2,6;ADD:3,2;ADD:4,7;ADD:5,7;ADD:6,8;ADD:7,8;REMOVE:0,3;REMOVE:1,2;REMOVE:5,2;REMOVE:7,9;REMOVE:9,5",0:3|7;1:2;2:-;3:7;4:2;5:2;6:-;7:9;8:7;9:5|7,0:7|8;1:5;2:6;3:2|7;4:2|7;5:7;6:8;7:8;8:7;9:7,0@0=1;0@4=1;0@5=4;0@6=1;0@7=2;0@8=1;0@9=2;1@5=1;1@2=2;2@4=2;2@6=1;2@9=1;2@1=2;3@0=2;3@5=1;3@7=2;3@8=1;3@9=3;3@2=1;3@1=2;4@0=1;4@4=1;4@5=2;4@6=2;4@8=1;4@9=2;4@2=4;4@1=2;4@3=1;5@4=1;5@6=1;5@9=1;5@3=1;6@4=2;6@7=1;6@8=1;6@2=2;7@4=4;7@5=1;7@6=1;7@2=2;8@0=1;8@4=1;8@6=1;8@7=1;8@2=1;8@3=1;9@0=2;9@4=5;9@6=2;9@9=1;9@2=6;9@3=1,"0,4,5,6,7,8,9,2,1,3",90,53,53,0,1.0,-0.28538575210335504,0.5,0.014614247896644918,0.0,0.0,0.7999999999999999,0.2828488349914551,Feasible
1188,1187,12,6,6,"ADD:1,7;ADD:2,7;ADD:4,8;ADD:6,7;ADD:7,7;ADD:8,2;REMOVE:0,8;REMOVE:1,5;REMOVE:2,6;REMOVE:3,2;REMOVE:4,2;REMOVE:8,7",0:7|8;1:5;2:6;3:2|7;4:2|7;5:7;6:8;7:8;8:7;9:7,0:7;1:7;2:7;3:7;4:7|8;5:7;6:7|8;7:7|8;8:2;9:7,0@1=2;0@2=4;0@4=2;0@9=2;1@1=1;1@4=3;1@9=1;1@3=2;1@6=1;1@7=1;1@8=1;2@1=1;2@2=1;2@4=3;2@9=1;2@7=2;2@8=1;2@0=1;3@1=1;3@2=2;3@4=3;3@9=1;3@3=1;3@7=2;3@8=1;4@1=1;4@2=1;4@4=2;4@9=2;4@7=1;4@8=1;4@5=1;5@1=2;5@2=1;5@4=2;5@9=1;5@3=1;6@1=1;6@4=2;6@9=2;6@8=2;6@5=1;7@1=1;7@2=1;7@4=1;7@3=1;7@6=2;7@7=2;7@8=1;7@5=1;8@2=1;8@4=2;8@3=2;8@7=1;8@5=1;9@1=2;9@2=2;9@4=3;9@9=1;9@3=3;9@6=2;9@8=3,"1,2,4,9,3,6,7,8,0,5",98,62,62,0,1.0,-0.12517683470000562,0.46153846153846156,0.013284703761532795,0.0,0.0,0.6,0.29413914680480957,Feasible
1189,1188,10,6,4,"ADD:0,2;ADD:2,8;ADD:7,2;ADD:8,7;ADD:8,8;ADD:9,2;REMOVE:2,7;REMOVE:6,8;REMOVE:7,8;REMOVE:8,2",0:7;1:7;2:7;3:7;4:7|8;5:7;6:7|8;7:7|8;8:2;9:7,0:2|7;1:7;2:8;3:7;4:7|8;5:7;6:7;7:2|7;8:7|8;9:2|7,0@0=1;0@1=1;0@2=4;0@4=2;0@5=1;0@6=1;0@9=1;1@0=4;1@1=2;1@4=1;1@6=1;1@9=1;1@3=2;1@7=1;1@8=2;2@1=1;2@2=2;2@4=3;2@5=3;3@0=3;3@1=1;3@2=1;3@4=1;3@9=1;3@7=1;4@1=1;4@2=2;4@4=1;4@5=2;4@6=1;4@3=1;4@7=1;4@8=1;5@1=1;5@4=1;5@3=1;6@0=2;6@1=2;6@2=1;6@6=1;7@0=1;7@1=2;7@2=1;7@4=1;7@5=1;7@9=1;7@3=1;7@8=1;8@0=1;8@1=1;8@2=2;8@4=2;8@5=1;8@6=1;8@9=1;8@8=1;9@0=1;9@1=3;9@2=3;9@4=1;9@5=1;9@9=1;9@3=1;9@7=1;9@8=3,"0,1,2,4,5,6,9,3,7,8",95,65,65,0,1.0,-0.2771761114094933,0.3076923076923077,0.015131580898199012,0.0,0.0,0.6,0.2954089641571045,Feasible
1190,1189,16,8,8,"ADD:0,8;ADD:1,8;ADD:2,7;ADD:3,2;ADD:3,8;ADD:4,2;ADD:5,4;ADD:6,6;REMOVE:0,7;REMOVE:3,7;REMOVE:4,7;REMOVE:4,8;REMOVE:5,7;REMOVE:6,7;REMOVE:7,2;REMOVE:8,8",0:2|7;1:7;2:8;3:7;4:7|8;5:7;6:7;7:2|7;8:7|8;9:2|7,0:2|8;1:7|8;2:7|8;3:2|8;4:2;5:4;6:6;7:7;8:7;9:2|7,0@0=1;0@1=2;0@2=1;0@4=2;0@5=1;1@0=1;1@1=1;1@4=1;1@5=2;1@3=1;1@8=1;2@2=2;2@5=1;2@8=1;2@6=1;2@7=2;2@9=1;3@2=2;3@5=2;3@8=2;3@6=1;3@9=1;4@0=1;4@2=2;4@4=3;4@5=1;4@8=1;5@4=1;6@4=1;6@6=2;7@1=1;7@2=1;7@4=1;7@6=1;7@7=1;7@9=1;8@1=2;8@2=1;8@4=1;8@6=1;8@7=1;9@0=2;9@2=4;9@4=1;9@5=2;9@3=1;9@8=1;9@6=1;9@7=1,"0,1,2,4,5,3,8,6,7,9",67,49,49,0,1.0,-0.23441809826237914,0.5333333333333333,0.03224856840428748,0.0,0.0,0.7999999999999999,0.2576909065246582,Feasible
1191,1190,17,8,9,"ADD:0,7;ADD:1,3;ADD:2,2;ADD:3,7;ADD:5,5;ADD:6,8;ADD:7,8;ADD:8,2;REMOVE:0,8;REMOVE:1,8;REMOVE:2,8;REMOVE:3,8;REMOVE:5,4;REMOVE:6,6;REMOVE:7,7;REMOVE:8,7;REMOVE:9,7",0:2|8;1:7|8;2:7|8;3:2|8;4:2;5:4;6:6;7:7;8:7;9:2|7,0:2|7;1:3|7;2:2|7;3:2|7;4:2;5:5;6:8;7:8;8:2;9:2,0@0=1;0@2=5;0@3=2;0@4=4;0@5=1;0@6=1;1@2=3;1@3=1;1@5=1;1@6=1;1@1=2;1@7=1;2@2=5;2@3=1;2@4=3;2@5=2;2@1=2;2@7=3;2@8=1;2@9=3;3@0=1;3@2=1;3@3=2;3@4=1;3@5=1;3@1=1;3@7=1;4@0=1;4@2=1;4@3=1;4@4=4;5@5=1;6@1=1;6@8=1;7@2=3;7@6=1;7@1=1;7@8=1;8@2=4;8@3=1;8@4=2;8@5=1;8@7=1;8@8=1;8@9=1;9@0=1;9@2=2;9@4=2;9@5=1;9@7=1;9@9=2,"0,2,3,4,5,6,1,7,8,9",87,51,51,0,1.0,-0.17038567082276246,0.6,0.029614329177237532,0.0,0.0,0.7999999999999999,0.26363086700439453,Feasible
1192,1191,14,6,8,"ADD:1,2;ADD:4,7;ADD:5,8;ADD:7,3;ADD:8,8;ADD:9,7;REMOVE:0,2;REMOVE:1,3;REMOVE:2,7;REMOVE:3,7;REMOVE:4,2;REMOVE:5,5;REMOVE:7,8;REMOVE:8,2",0:2|7;1:3|7;2:2|7;3:2|7;4:2;5:5;6:8;7:8;8:2;9:2,0:7;1:2|7;2:2;3:2;4:7;5:8;6:8;7:3;8:8;9:2|7,0@1=1;0@7=1;1@7=2;1@2=2;1@4=1;1@5=1;2@2=1;2@4=1;2@3=1;2@8=1;3@2=1;3@4=1;3@8=1;3@0=1;3@9=1;4@1=1;4@7=1;4@4=3;4@3=1;4@8=1;4@6=1;5@4=1;5@5=1;5@6=1;6@7=1;6@2=2;6@8=2;6@6=2;7@1=1;7@2=1;7@3=1;8@2=2;8@4=1;8@8=1;9@1=1;9@7=1;9@2=2;9@4=1;9@5=1;9@3=3;9@0=1;9@9=1;9@6=2,"1,7,2,4,5,3,8,0,9,6",55,43,43,0,1.0,-1.1021527306587231e-05,0.5714285714285714,0.028560407044121966,0.0,0.0,0.6,0.24915695190429688,Feasible
1193,1192,14,6,8,"ADD:0,8;ADD:3,7;ADD:4,9;ADD:5,2;ADD:7,9;ADD:8,7;REMOVE:1,2;REMOVE:2,2;REMOVE:3,2;REMOVE:4,7;REMOVE:5,8;REMOVE:7,3;REMOVE:8,8;REMOVE:9,2",0:7;1:2|7;2:2;3:2;4:7;5:8;6:8;7:3;8:8;9:2|7,0:7|8;1:7;2:-;3:7;4:9;5:2;6:8;7:9;8:7;9:7,0@1=1;0@3=1;0@4=4;0@5=3;0@7=1;0@8=1;1@1=2;1@4=1;1@8=2;1@0=1;1@9=1;3@1=1;3@4=3;3@7=1;4@3=3;4@7=2;4@9=1;4@2=1;4@6=2;5@4=1;5@5=1;5@8=1;5@0=1;5@2=1;6@4=2;6@5=1;7@1=1;7@9=1;8@3=1;8@4=1;8@7=1;8@0=1;8@2=2;9@1=6;9@3=1;9@4=1;9@7=1;9@0=1;9@2=1;9@6=2,"1,3,4,5,7,8,0,9,2,6",61,40,40,0,1.0,0.07895261141942667,0.6666666666666666,0.01228594475276006,0.0,0.0,0.6,0.24325895309448242,Feasible
1194,1193,15,9,6,"ADD:1,2;ADD:2,7;ADD:3,2;ADD:3,8;ADD:4,2;ADD:5,8;ADD:6,2;ADD:7,2;ADD:9,8;REMOVE:0,8;REMOVE:3,7;REMOVE:4,9;REMOVE:5,2;REMOVE:6,8;REMOVE:7,9",0:7|8;1:7;2:-;3:7;4:9;5:2;6:8;7:9;8:7;9:7,0:7;1:2|7;2:7;3:2|8;4:2;5:8;6:2;7:2;8:7;9:7|8,0@0=1;0@1=4;0@2=4;0@3=2;0@4=5;0@8=1;1@0=1;1@1=3;1@2=2;1@3=2;1@4=2;1@5=3;1@6=2;1@9=3;2@0=2;2@1=1;2@2=2;2@3=1;2@4=2;2@6=1;2@9=1;2@7=2;3@1=1;3@2=2;3@8=1;3@5=2;3@9=1;4@0=1;4@2=1;4@3=1;4@4=2;4@5=2;4@9=2;5@1=1;5@5=1;6@2=2;6@5=1;6@9=1;7@2=3;7@3=1;7@4=1;7@9=1;8@1=1;8@3=1;8@4=2;8@8=1;8@9=1;9@0=1;9@1=3;9@2=5;9@4=6;9@5=1;9@6=1;9@7=1,"0,1,2,3,4,8,5,6,9,7",99,54,54,0,1.0,-0.28495539268712233,0.6,0.015044607312877569,0.0,0.0,0.8999999999999999,0.2705080509185791,Feasible
1195,1194,18,9,9,"ADD:0,2;ADD:1,8;ADD:2,8;ADD:3,9;ADD:4,7;ADD:6,7;ADD:7,6;ADD:8,2;ADD:9,2;REMOVE:0,7;REMOVE:1,2;REMOVE:1,7;REMOVE:3,2;REMOVE:3,8;REMOVE:4,2;REMOVE:6,2;REMOVE:7,2;REMOVE:9,8",0:7;1:2|7;2:7;3:2|8;4:2;5:8;6:2;7:2;8:7;9:7|8,0:2;1:8;2:7|8;3:9;4:7;5:8;6:7;7:6;8:2|7;9:2|7,0@0=1;0@2=2;0@4=1;0@8=1;1@4=3;1@1=4;1@5=1;1@6=2;2@2=2;2@4=4;2@8=3;2@1=2;2@5=2;2@3=3;2@7=1;3@2=3;3@6=2;3@7=1;3@9=2;4@4=3;4@8=1;4@1=1;4@3=1;4@9=1;5@1=4;5@5=1;6@4=1;6@8=3;6@1=1;6@6=1;6@3=1;7@8=1;7@1=3;7@6=2;7@9=1;8@0=1;8@2=2;8@4=1;8@1=3;8@5=2;8@6=3;8@3=2;8@7=2;8@9=1;9@0=2;9@2=3;9@4=4;9@1=2;9@5=3;9@6=1;9@7=2;9@9=1,"0,2,4,8,1,5,6,3,7,9",101,52,52,0,1.0,-0.18945816557391304,0.6923076923076923,0.018234142118394563,0.0,0.0,0.8999999999999999,0.26788783073425293,Feasible
1196,1195,7,3,4,"ADD:0,7;ADD:3,7;ADD:7,7;REMOVE:0,2;REMOVE:3,9;REMOVE:7,6;REMOVE:8,2",0:2;1:8;2:7|8;3:9;4:7;5:8;6:7;7:6;8:2|7;9:2|7,0:7;1:8;2:7|8;3:7;4:7;5:8;6:7;7:7;8:7;9:2|7,0@0=1;0@1=2;0@2=1;0@3=1;0@4=1;0@8=1;0@9=1;1@1=2;1@2=1;1@8=1;1@5=1;1@7=1;2@0=1;2@1=2;2@2=1;2@3=1;2@4=4;2@8=3;2@5=2;2@6=1;3@1=1;3@3=1;3@7=1;4@0=1;4@2=1;4@8=1;4@9=1;4@7=1;4@6=1;5@1=1;5@4=1;5@8=1;6@0=1;6@6=1;7@0=1;7@3=2;7@4=3;7@8=1;7@7=1;8@0=3;8@1=1;8@2=2;8@4=1;9@0=2;9@1=1;9@2=2;9@3=2;9@4=2;9@8=1;9@5=2;9@7=1,"0,1,2,3,4,8,9,5,7,6",71,51,51,0,1.0,0.0222559775567861,0.3076923076923077,0.014563669864478412,0.0,0.0,0.30000000000000004,0.2680368423461914,Feasible
1197,1196,14,7,7,"ADD:0,8;ADD:4,2;ADD:5,1;ADD:6,2;ADD:7,8;ADD:9,3;ADD:9,9;REMOVE:0,7;REMOVE:4,7;REMOVE:5,8;REMOVE:6,7;REMOVE:7,7;REMOVE:9,2;REMOVE:9,7",0:7;1:8;2:7|8;3:7;4:7;5:8;6:7;7:7;8:7;9:2|7,0:8;1:8;2:7|8;3:7;4:2;5:1;6:2;7:8;8:7;9:3|9,0@1=1;0@2=2;0@4=2;0@5=1;0@7=1;1@1=2;1@5=1;2@1=2;2@2=1;2@4=6;2@5=1;2@7=1;2@6=2;2@8=2;2@9=2;3@2=2;3@4=1;3@7=1;3@3=2;4@2=1;4@4=2;4@9=1;4@3=1;5@1=1;6@2=1;6@4=2;6@3=1;7@1=3;7@2=1;7@4=1;7@5=1;7@8=1;8@1=1;8@4=1;8@9=1;9@1=2;9@2=3;9@5=1;9@6=1;9@3=1,"1,2,4,5,7,6,8,9,3",61,40,40,0,1.0,-0.10235287047480857,0.5833333333333334,0.014313796191857965,0.0,0.0,0.7,0.2571141719818115,Feasible
1198,1197,17,8,9,"ADD:0,7;ADD:1,7;ADD:2,2;ADD:3,1;ADD:4,3;ADD:5,7;ADD:8,8;ADD:9,7;REMOVE:1,8;REMOVE:2,7;REMOVE:2,8;REMOVE:3,7;REMOVE:4,2;REMOVE:5,1;REMOVE:8,7;REMOVE:9,3;REMOVE:9,9",0:8;1:8;2:7|8;3:7;4:2;5:1;6:2;7:8;8:7;9:3|9,0:7|8;1:7;2:2;3:1;4:3;5:7;6:2;7:8;8:8;9:7,0@0=1;0@1=1;0@3=1;0@4=1;0@5=1;0@6=1;0@7=1;1@0=1;1@1=3;1@3=1;1@4=1;1@7=2;1@2=2;2@4=2;2@5=1;2@7=2;2@2=3;2@9=1;3@1=2;3@9=1;3@8=1;4@1=1;4@3=1;4@2=1;5@0=1;5@4=1;5@7=1;5@2=3;6@2=1;7@1=1;7@5=1;7@7=1;8@1=2;8@4=2;8@6=1;8@8=1;9@0=1;9@4=2;9@7=1;9@2=1;9@8=1,"0,1,3,4,5,6,7,2,9,8",55,41,41,0,1.0,-0.027402415913404865,0.75,0.022597584086595016,0.0,0.0,0.7999999999999999,0.24631905555725098,Feasible
1199,1198,15,8,7,"ADD:1,2;ADD:2,8;ADD:3,3;ADD:3,7;ADD:4,4;ADD:6,5;ADD:7,5;ADD:8,3;REMOVE:0,7;REMOVE:2,2;REMOVE:3,1;REMOVE:4,3;REMOVE:6,2;REMOVE:7,8;REMOVE:8,8",0:7|8;1:7;2:2;3:1;4:3;5:7;6:2;7:8;8:8;9:7,0:8;1:2|7;2:8;3:3|7;4:4;5:7;6:5;7:5;8:3;9:7,0@1=1;0@2=1;0@4=1;0@6=1;1@2=3;1@6=1;1@0=1;1@3=1;1@5=1;1@7=1;1@9=1;2@4=1;2@5=2;2@7=1;2@8=1;3@1=3;3@0=2;3@5=1;3@7=1;3@9=2;4@4=1;5@1=2;5@6=2;5@0=1;5@7=1;6@5=1;7@5=2;8@1=1;8@5=1;8@9=1;9@1=2;9@2=1;9@4=2;9@0=2;9@7=1;9@9=1,"1,2,4,6,0,3,5,7,9,8",49,36,36,0,1.0,-0.14076509157662953,0.6363636363636364,0.022871272059734066,0.0,0.0,0.7999999999999999,0.2531731128692627,Feasible
1200,1199,18,9,9,"ADD:0,7;ADD:1,8;ADD:2,7;ADD:4,9;ADD:6,2;ADD:7,9;ADD:8,2;ADD:8,9;ADD:9,8;REMOVE:0,8;REMOVE:1,2;REMOVE:1,7;REMOVE:2,8;REMOVE:3,3;REMOVE:4,4;REMOVE:6,5;REMOVE:7,5;REMOVE:8,3",0:8;1:2|7;2:8;3:3|7;4:4;5:7;6:5;7:5;8:3;9:7,0:7;1:8;2:7;3:7;4:9;5:7;6:2;7:9;8:2|9;9:7|8,0@0=2;0@2=1;0@3=2;0@4=2;0@7=1;0@9=2;1@2=1;1@1=2;1@5=1;1@6=1;2@2=2;2@3=1;2@9=2;2@1=1;2@6=1;2@8=1;3@3=1;3@9=1;3@6=2;3@8=1;4@2=1;4@3=1;4@1=1;4@6=1;5@0=1;5@2=1;5@1=1;6@2=1;6@9=1;6@5=2;7@2=1;7@6=3;8@2=2;8@4=2;8@9=1;8@5=2;8@6=1;9@0=1;9@2=2;9@7=3;9@1=2;9@5=1;9@6=1,"0,2,3,4,7,9,1,5,6,8",61,43,43,0,1.0,-0.1364478019270331,0.75,0.01355219807296678,0.0,0.0,0.8999999999999999,0.2689230442047119,Feasible
1201,1200,17,9,8,"ADD:0,2;ADD:1,2;ADD:1,7;ADD:4,2;ADD:4,7;ADD:5,9;ADD:6,7;ADD:7,7;ADD:8,7;REMOVE:1,8;REMOVE:4,9;REMOVE:5,7;REMOVE:6,2;REMOVE:7,9;REMOVE:8,2;REMOVE:8,9;REMOVE:9,8",0:7;1:8;2:7;3:7;4:9;5:7;6:2;7:9;8:2|9;9:7|8,0:2|7;1:2|7;2:7;3:7;4:2|7;5:9;6:7;7:7;8:7;9:7,0@0=3;0@1=2;0@2=1;0@4=1;0@5=2;0@6=1;0@9=2;1@0=2;1@2=2;1@4=1;1@5=1;1@6=1;1@7=1;2@0=1;2@1=3;2@2=1;2@4=2;2@9=1;2@7=1;2@3=1;3@0=1;3@2=3;3@4=3;3@6=1;3@7=2;3@3=1;4@0=1;4@1=1;4@2=2;4@4=3;4@5=2;4@7=2;4@3=1;4@8=3;5@9=2;6@0=1;6@1=1;6@2=1;6@6=1;6@7=2;6@8=1;7@0=1;7@1=2;7@2=1;7@9=2;7@3=2;7@8=2;8@0=1;8@4=1;8@6=1;8@9=1;8@7=1;8@3=1;9@0=3;9@1=1;9@2=6;9@6=2;9@9=2;9@7=1;9@8=1,"0,1,2,4,5,6,9,7,3,8",97,60,60,0,1.0,-0.21521085128166606,0.6666666666666666,0.01812248205166725,0.0,0.0,0.8999999999999999,0.30733704566955566,Feasible
1202,1201,10,5,5,"ADD:1,8;ADD:2,2;ADD:3,2;ADD:5,7;ADD:9,8;REMOVE:0,2;REMOVE:1,2;REMOVE:3,7;REMOVE:4,2;REMOVE:5,9",0:2|7;1:2|7;2:7;3:7;4:2|7;5:9;6:7;7:7;8:7;9:7,0:7;1:7|8;2:2|7;3:2;4:7;5:7;6:7;7:7;8:7;9:7|8,0@1=2;0@2=3;0@3=1;0@6=2;0@7=2;1@1=1;1@2=1;1@3=2;1@6=1;1@7=1;1@4=1;1@5=1;1@8=1;2@1=2;2@2=2;2@3=2;2@5=2;2@8=2;2@0=1;2@9=3;3@2=4;3@3=1;3@4=4;3@5=1;3@8=1;3@0=1;4@1=2;4@2=4;4@3=1;4@7=1;4@4=4;4@9=1;5@4=1;5@0=2;6@3=1;6@6=1;6@7=2;6@4=2;6@0=1;6@9=1;7@2=1;7@6=1;7@7=1;7@4=1;7@8=1;7@9=1;8@1=1;8@2=5;8@3=3;8@6=1;8@7=1;8@8=1;8@0=3;8@9=3;9@1=1;9@3=1;9@4=3;9@5=2;9@8=2;9@0=1,"1,2,3,6,7,4,5,8,0,9",103,60,60,0,1.0,-0.09769779978172338,0.38461538461538464,0.017686815602891995,0.0,0.0,0.5,0.283160924911499,Feasible
1203,1202,12,5,7,"ADD:3,8;ADD:5,4;ADD:6,8;ADD:7,8;ADD:9,2;REMOVE:1,7;REMOVE:2,2;REMOVE:3,2;REMOVE:5,7;REMOVE:6,7;REMOVE:7,7;REMOVE:9,7",0:7;1:7|8;2:2|7;3:2;4:7;5:7;6:7;7:7;8:7;9:7|8,0:7;1:8;2:7;3:8;4:7;5:4;6:8;7:8;8:7;9:2|8,0@0=1;0@2=1;0@4=1;0@6=1;0@8=1;1@2=2;1@4=3;1@8=2;1@1=2;1@5=1;1@7=2;2@2=3;2@4=1;2@8=2;2@1=2;2@7=1;2@3=1;2@9=2;3@2=1;3@6=1;3@1=2;3@5=1;4@0=2;4@4=3;4@6=1;4@7=1;5@4=2;6@2=3;6@4=1;6@6=2;6@1=1;6@5=1;7@2=3;7@4=4;7@8=1;7@1=1;7@5=1;8@2=2;8@4=2;8@6=1;8@1=1;8@9=1;9@2=1;9@4=4;9@6=1;9@8=1;9@5=2;9@3=3;9@9=2,"0,2,4,6,8,1,5,7,3,9",82,49,49,0,1.0,0.04924082858258916,0.5384615384615384,0.01077929012105071,0.0,0.0,0.5,0.2592580318450928,Feasible
1204,1203,17,9,8,"ADD:2,9;ADD:3,7;ADD:4,2;ADD:4,3;ADD:5,8;ADD:6,7;ADD:7,7;ADD:8,8;ADD:9,7;REMOVE:2,7;REMOVE:3,8;REMOVE:4,7;REMOVE:5,4;REMOVE:6,8;REMOVE:7,8;REMOVE:8,7;REMOVE:9,8",0:7;1:8;2:7;3:8;4:7;5:4;6:8;7:8;8:7;9:2|8,0:7;1:8;2:9;3:7;4:2|3;5:8;6:7;7:7;8:8;9:2|7,0@0=1;0@1=3;0@2=2;0@4=2;0@9=1;1@2=2;1@4=1;1@6=1;1@7=1;1@8=1;2@1=1;2@2=1;2@6=1;2@3=1;3@2=2;3@4=1;3@6=1;3@7=1;3@8=1;3@3=1;4@1=1;4@2=2;4@4=2;4@3=1;4@5=2;5@2=1;5@8=1;6@0=1;6@1=1;6@2=2;6@4=1;6@3=1;7@4=1;7@6=3;7@3=1;8@1=1;8@2=2;8@4=3;8@6=1;9@0=1;9@1=2;9@2=4;9@4=1;9@9=1;9@7=1;9@8=2;9@3=2;9@5=2,"0,1,2,4,9,6,7,8,3,5",70,48,48,0,1.0,-0.1553971444055664,0.7272727272727273,0.017330128321706224,0.0,0.0,0.8999999999999999,0.2614777088165283,Feasible
1205,1204,15,7,8,"ADD:0,8;ADD:1,6;ADD:2,2;ADD:3,2;ADD:4,7;ADD:5,9;ADD:8,7;REMOVE:0,7;REMOVE:2,9;REMOVE:3,7;REMOVE:4,2;REMOVE:4,3;REMOVE:5,8;REMOVE:8,8;REMOVE:9,2",0:7;1:8;2:9;3:7;4:2|3;5:8;6:7;7:7;8:8;9:2|7,0:8;1:6|8;2:2;3:2;4:7;5:9;6:7;7:7;8:7;9:7,0@2=2;0@4=2;0@5=1;0@8=1;1@4=1;1@5=1;1@1=2;1@6=1;1@9=1;2@2=1;2@4=3;2@5=1;2@9=1;2@7=1;3@2=1;3@4=1;3@5=2;3@9=1;4@4=4;4@1=1;4@3=2;5@2=2;5@6=1;6@4=1;6@3=1;7@4=1;7@1=1;7@7=3;8@2=1;8@4=2;8@1=2;8@6=1;8@9=2;9@2=3;9@8=1;9@7=2;9@3=2,"2,4,5,8,1,6,9,7,3",57,37,37,0,1.0,-0.01765581644174019,0.6666666666666666,0.015677516891593104,0.0,0.0,0.7,0.24998998641967773,Feasible
1206,1205,15,8,7,"ADD:0,7;ADD:1,7;ADD:2,7;ADD:5,8;ADD:6,2;ADD:7,2;ADD:7,9;ADD:9,6;REMOVE:0,8;REMOVE:1,6;REMOVE:1,8;REMOVE:5,9;REMOVE:6,7;REMOVE:7,7;REMOVE:9,7",0:8;1:6|8;2:2;3:2;4:7;5:9;6:7;7:7;8:7;9:7,0:7;1:7;2:2|7;3:2;4:7;5:8;6:2;7:2|9;8:7;9:6,0@1=1;0@2=1;0@3=1;0@4=1;0@7=1;0@8=1;1@2=1;1@4=3;1@7=1;1@0=1;1@6=1;2@1=1;2@2=2;2@3=1;2@4=1;2@7=1;2@0=2;2@6=2;2@5=2;3@2=3;3@3=1;3@4=2;4@1=2;4@2=4;4@4=1;4@0=2;4@6=1;4@9=1;5@1=1;5@2=2;5@4=2;5@6=1;6@2=1;6@0=1;7@1=1;7@2=2;7@4=1;7@5=1;7@9=1;8@2=1;8@4=1;8@7=1;8@9=1;9@1=3;9@4=1;9@6=3,"1,2,3,4,7,8,0,6,5,9",67,46,46,0,1.0,-0.13962913372175734,0.6363636363636364,0.024007229914606243,0.0,0.0,0.7999999999999999,0.27599620819091797,Feasible
1207,1206,15,7,8,"ADD:0,2;ADD:3,7;ADD:4,8;ADD:5,0;ADD:6,1;ADD:7,6;ADD:9,8;REMOVE:0,7;REMOVE:2,2;REMOVE:3,2;REMOVE:5,8;REMOVE:6,2;REMOVE:7,2;REMOVE:7,9;REMOVE:9,6",0:7;1:7;2:2|7;3:2;4:7;5:8;6:2;7:2|9;8:7;9:6,0:2;1:7;2:7;3:7;4:7|8;5:0;6:1;7:6;8:7;9:8,0@0=1;0@2=2;0@3=2;0@4=3;1@2=1;1@4=1;1@1=1;1@9=1;2@0=1;2@3=1;2@6=1;2@8=2;3@0=2;3@2=1;3@1=1;3@7=1;4@0=3;4@2=2;4@4=2;4@1=1;4@8=1;4@7=1;4@5=1;5@0=1;6@1=1;7@6=1;8@0=1;8@4=2;8@6=1;9@4=2;9@1=2;9@8=1,"0,2,3,4,1,9,6,8,7,5",45,32,32,0,1.0,-0.01247972530830499,0.6666666666666666,0.02085360802502834,0.0,0.0,0.7,0.2438488006591797,Feasible
1208,1207,18,10,8,"ADD:0,7;ADD:1,2;ADD:2,8;ADD:3,2;ADD:5,7;ADD:6,7;ADD:7,7;ADD:7,8;ADD:9,2;ADD:9,7;REMOVE:1,7;REMOVE:2,7;REMOVE:3,7;REMOVE:4,8;REMOVE:5,0;REMOVE:6,1;REMOVE:7,6;REMOVE:9,8",0:2;1:7;2:7;3:7;4:7|8;5:0;6:1;7:6;8:7;9:8,0:2|7;1:2;2:8;3:2;4:7;5:7;6:7;7:7|8;8:7;9:2|7,0@0=1;0@1=1;0@2=1;0@3=2;0@4=1;0@5=2;0@6=2;0@7=1;0@9=1;1@2=1;1@5=1;1@7=1;2@1=1;2@2=2;2@4=2;2@5=1;2@6=1;2@8=1;3@2=3;3@3=2;3@4=4;4@0=1;4@2=2;4@4=2;4@6=2;4@7=1;5@1=1;5@3=1;5@4=1;5@6=1;5@9=1;5@8=2;6@0=1;6@4=2;6@6=1;6@7=1;7@0=1;7@3=1;7@4=1;7@5=1;7@6=1;7@7=1;7@8=1;8@0=1;8@1=1;8@2=1;8@3=1;8@4=3;8@6=1;8@9=2;8@8=1;9@0=4;9@1=1;9@2=1;9@3=1;9@4=3;9@5=1;9@6=2;9@7=2;9@9=1;9@8=1,"0,1,2,3,4,5,6,7,9,8",87,61,61,0,1.0,-0.25814552503726784,0.7272727272727273,0.014581747690004738,0.0,0.0,0.9999999999999999,0.31015706062316895,Feasible
1209,1208,19,11,8,"ADD:0,5;ADD:1,7;ADD:1,8;ADD:2,7;ADD:3,8;ADD:4,2;ADD:4,8;ADD:5,5;ADD:6,4;ADD:8,5;ADD:8,8;REMOVE:0,2;REMOVE:1,2;REMOVE:3,2;REMOVE:4,7;REMOVE:5,7;REMOVE:6,7;REMOVE:7,7;REMOVE:8,7",0:2|7;1:2;2:8;3:2;4:7;5:7;6:7;7:7|8;8:7;9:2|7,0:5|7;1:7|8;2:7|8;3:8;4:2|8;5:5;6:4;7:8;8:5|8;9:2|7,0@0=2;0@1=1;0@3=1;0@4=2;0@5=1;1@0=2;1@1=2;1@3=1;1@4=1;1@5=2;1@2=3;1@6=1;1@7=4;1@8=1;2@0=3;2@1=7;2@4=2;2@5=1;2@2=2;2@6=1;2@7=1;2@8=4;3@1=1;3@4=4;3@2=1;4@0=1;4@4=3;4@5=1;4@2=3;4@6=3;4@8=1;4@9=2;5@0=1;5@5=1;6@4=2;6@2=2;7@1=1;7@4=1;7@2=1;8@0=3;8@1=1;8@3=2;8@5=1;8@2=4;8@8=3;9@0=1;9@1=1;9@3=3;9@4=3;9@5=2;9@2=3;9@6=3;9@7=5;9@8=4;9@9=1,"0,1,3,4,5,2,6,7,8,9",114,55,55,0,1.0,-0.4580195359679232,0.6153846153846154,0.026595848647461267,0.0,0.0,1.0999999999999999,0.2837040424346924,Feasible
1210,1209,18,8,10,"ADD:0,8;ADD:3,9;ADD:4,7;ADD:5,8;ADD:6,7;ADD:7,9;ADD:8,7;ADD:9,8;REMOVE:0,5;REMOVE:1,8;REMOVE:2,8;REMOVE:4,2;REMOVE:5,5;REMOVE:6,4;REMOVE:7,8;REMOVE:8,5;REMOVE:8,8;REMOVE:9,2",0:5|7;1:7|8;2:7|8;3:8;4:2|8;5:5;6:4;7:8;8:5|8;9:2|7,0:7|8;1:7;2:7;3:8|9;4:7|8;5:8;6:7;7:9;8:7;9:7|8,0@1=1;0@2=2;0@5=1;0@6=1;0@7=3;0@8=1;0@9=1;1@2=1;1@6=1;1@7=1;1@9=1;1@0=1;2@1=2;2@2=2;2@7=1;2@9=1;2@0=1;2@4=1;3@1=2;3@2=2;3@5=1;3@6=1;3@9=1;3@4=1;4@1=2;4@5=1;4@6=1;4@7=2;4@8=2;4@3=1;5@1=5;5@2=1;5@4=1;6@6=1;6@7=1;6@4=1;7@2=1;7@9=1;7@3=2;8@1=2;8@2=1;8@6=2;8@8=1;8@0=1;9@1=4;9@2=6;9@5=3;9@6=1;9@7=1;9@8=2;9@9=1;9@4=4;9@3=1,"1,2,5,6,7,8,9,0,4,3",84,53,53,0,1.0,-0.1555452272446033,0.625,0.019454772755396598,0.0,0.0,0.7999999999999999,0.2723569869995117,Feasible
1211,1210,15,5,10,"ADD:1,2;ADD:2,2;ADD:3,7;ADD:5,7;ADD:7,5;REMOVE:0,8;REMOVE:1,7;REMOVE:2,7;REMOVE:3,8;REMOVE:3,9;REMOVE:4,8;REMOVE:5,8;REMOVE:6,7;REMOVE:7,9;REMOVE:9,8",0:7|8;1:7;2:7;3:8|9;4:7|8;5:8;6:7;7:9;8:7;9:7|8,0:7;1:2;2:2;3:7;4:7;5:7;6:-;7:5;8:7;9:7,0@0=1;0@2=1;0@3=1;0@4=1;0@6=2;1@2=1;1@4=5;1@5=1;1@7=1;1@9=3;2@2=3;2@3=1;2@4=4;2@5=1;2@7=1;3@0=1;3@2=2;3@7=1;3@9=2;3@1=1;4@0=1;4@2=1;4@6=1;4@7=1;4@9=1;4@1=1;4@8=1;5@3=2;5@4=2;5@7=1;5@1=1;7@2=3;7@3=1;7@5=1;7@8=1;8@2=3;8@3=1;8@4=1;8@6=1;8@7=3;8@1=2;9@0=3;9@2=1;9@3=1;9@4=1;9@7=2;9@9=1;9@1=1;9@8=1,"0,2,3,4,6,5,7,9,1,8",75,49,49,0,1.0,0.23209416660996574,0.7142857142857143,0.01780845232425147,0.0,0.0,0.5,0.26485204696655273,Feasible
1212,1211,13,8,5,"ADD:1,7;ADD:2,4;ADD:3,2;ADD:3,9;ADD:5,2;ADD:5,8;ADD:6,2;ADD:7,7;REMOVE:1,2;REMOVE:2,2;REMOVE:3,7;REMOVE:5,7;REMOVE:7,5",0:7;1:2;2:2;3:7;4:7;5:7;6:-;7:5;8:7;9:7,0:7;1:7;2:4;3:2|9;4:7;5:2|8;6:2;7:7;8:7;9:7,0@3=1;0@4=1;0@7=3;0@9=1;1@3=1;1@4=1;1@7=1;1@0=3;1@1=2;1@6=1;2@4=1;3@4=1;3@9=1;3@1=1;3@2=1;3@5=1;4@4=1;4@9=1;4@0=1;4@6=2;4@8=1;5@4=1;5@0=1;5@6=3;5@2=2;5@5=1;5@8=1;6@2=1;7@7=1;7@1=1;7@6=1;8@4=3;8@0=2;8@1=1;8@2=4;9@4=2;9@7=1;9@9=1;9@6=1;9@2=1;9@8=1,"3,4,7,9,0,1,6,2,5,8",57,41,41,0,1.0,-0.22199576829637357,0.5555555555555556,0.02244867614807078,0.0,0.0,0.7999999999999999,0.24524593353271484,Feasible
1213,1212,15,7,8,"ADD:1,8;ADD:3,7;ADD:4,9;ADD:5,9;ADD:6,3;ADD:6,9;ADD:7,8;REMOVE:1,7;REMOVE:2,4;REMOVE:3,2;REMOVE:3,9;REMOVE:4,7;REMOVE:5,2;REMOVE:5,8;REMOVE:6,2",0:7;1:7;2:4;3:2|9;4:7;5:2|8;6:2;7:7;8:7;9:7,0:7;1:8;2:-;3:7;4:9;5:9;6:3|9;7:7|8;8:7;9:7,0@1=2;0@3=1;0@4=2;1@5=1;1@8=1;3@8=1;3@0=1;3@2=1;3@7=1;4@1=1;4@2=1;4@9=2;5@1=2;5@2=2;6@1=4;6@3=1;6@5=1;6@2=1;6@9=1;6@6=1;7@1=1;7@4=2;7@5=2;7@2=2;7@7=1;7@9=1;7@6=1;8@1=1;8@4=1;8@2=2;8@9=1;9@1=1;9@4=1;9@0=1;9@7=1,"1,3,4,5,8,0,2,7,9,6",47,35,35,0,1.0,-0.015138672277908216,0.6666666666666666,0.01819466105542514,0.0,0.0,0.7,0.23436212539672852,Feasible
1214,1213,14,7,7,"ADD:0,2;ADD:1,7;ADD:2,7;ADD:3,2;ADD:4,7;ADD:5,7;ADD:6,7;REMOVE:0,7;REMOVE:1,8;REMOVE:3,7;REMOVE:4,9;REMOVE:5,9;REMOVE:6,3;REMOVE:6,9",0:7;1:8;2:-;3:7;4:9;5:9;6:3|9;7:7|8;8:7;9:7,0:2;1:7;2:7;3:2;4:7;5:7;6:7;7:7|8;8:7;9:7,0@2=1;0@5=1;0@8=1;0@9=1;1@0=1;1@1=1;1@3=1;1@4=1;1@6=2;2@3=1;2@4=1;3@2=1;3@8=1;3@3=1;3@4=1;4@8=1;4@9=1;4@0=1;4@1=3;4@4=3;4@7=2;5@8=1;5@3=1;6@2=1;6@9=1;6@0=1;6@1=3;6@6=1;7@5=1;7@8=1;7@0=2;7@1=2;7@6=1;8@2=1;8@6=1;8@7=1;9@2=1;9@8=1;9@0=2;9@1=1;9@3=2;9@4=2;9@6=1;9@7=1,"2,5,8,9,0,1,3,4,6,7",57,44,44,0,1.0,-0.05182573963376391,0.6363636363636364,0.011810624002599674,0.0,0.0,0.7,0.24857616424560547,Feasible
1215,1214,10,6,4,"ADD:2,8;ADD:3,7;ADD:3,8;ADD:4,2;ADD:5,5;ADD:9,2;REMOVE:2,7;REMOVE:3,2;REMOVE:5,7;REMOVE:7,8",0:2;1:7;2:7;3:2;4:7;5:7;6:7;7:7|8;8:7;9:7,0:2;1:7;2:8;3:7|8;4:2|7;5:5;6:7;7:7;8:7;9:2|7,0@2=3;0@3=2;0@4=2;0@9=1;1@4=2;1@0=1;1@1=3;1@8=2;2@2=1;2@8=1;3@4=1;3@9=1;3@0=1;3@1=2;3@8=2;3@5=2;3@7=3;4@2=2;4@3=2;4@4=5;4@9=2;4@0=2;4@1=2;4@8=1;4@5=1;4@7=3;5@2=1;5@5=1;6@0=2;6@8=1;6@6=1;7@2=1;7@4=1;7@9=1;7@1=1;7@8=1;8@2=2;8@3=3;8@4=1;8@9=1;8@0=1;8@1=3;8@6=1;9@2=2;9@3=1;9@4=2;9@0=2;9@1=4;9@8=1;9@5=1;9@7=1,"2,3,4,9,0,1,8,5,7,6",87,51,51,0,1.0,-0.21529008079445244,0.36363636363636365,0.021073555569183902,0.0,0.0,0.6,0.2641911506652832,Feasible
1216,1215,14,7,7,"ADD:0,8;ADD:1,8;ADD:2,7;ADD:5,9;ADD:6,2;ADD:7,8;ADD:8,8;REMOVE:1,7;REMOVE:2,8;REMOVE:3,7;REMOVE:4,2;REMOVE:5,5;REMOVE:6,7;REMOVE:7,7",0:2;1:7;2:8;3:7|8;4:2|7;5:5;6:7;7:7;8:7;9:2|7,0:2|8;1:8;2:7;3:8;4:7;5:9;6:2;7:8;8:7|8;9:2|7,0@1=3;0@2=1;0@3=1;0@4=6;0@5=4;0@8=1;1@1=1;1@2=1;1@4=1;1@5=2;1@8=1;1@7=1;2@7=1;3@1=1;3@5=1;4@1=1;4@4=1;4@8=1;4@7=1;4@6=1;4@9=1;5@2=1;5@3=1;5@6=1;5@9=1;6@2=3;6@3=1;6@4=1;6@5=1;6@7=1;7@2=2;7@8=1;8@1=1;8@2=1;8@4=1;8@5=1;8@7=1;8@6=1;8@9=1;9@1=1;9@2=2;9@3=1;9@4=3;9@5=2;9@6=1;9@9=2;9@0=1,"1,2,3,4,5,8,7,6,9,0",66,47,47,0,1.0,-0.14204429489298664,0.5384615384615384,0.01949416664547485,0.0,0.0,0.7,0.25619983673095703,Feasible
1217,1216,15,6,9,"ADD:0,7;ADD:1,7;ADD:3,7;ADD:4,2;ADD:5,8;ADD:7,7;REMOVE:0,2;REMOVE:0,8;REMOVE:1,8;REMOVE:2,7;REMOVE:3,8;REMOVE:4,7;REMOVE:7,8;REMOVE:8,8;REMOVE:9,2",0:2|8;1:8;2:7;3:8;4:7;5:9;6:2;7:8;8:7|8;9:2|7,0:7;1:7;2:-;3:7;4:2;5:8|9;6:2;7:7;8:7;9:7,0@1=1;0@2=1;0@4=4;0@7=1;0@9=1;1@1=4;1@2=3;1@0=1;1@6=2;1@8=1;3@1=2;3@2=1;3@4=1;3@7=1;3@9=1;3@8=1;4@2=1;4@4=1;4@7=2;4@9=1;4@0=1;4@3=1;4@5=1;5@1=1;5@2=1;5@4=3;5@9=1;5@6=1;5@5=1;6@2=3;6@9=1;6@8=1;7@2=1;7@7=1;7@9=1;7@8=1;8@1=1;8@2=2;8@4=1;8@7=1;8@9=1;8@0=2;8@6=1;8@8=1;9@2=4;9@4=2;9@7=1;9@9=1;9@0=3;9@6=3;9@3=1,"1,2,4,7,9,0,6,8,3,5",76,51,51,0,1.0,0.10453483002186148,0.6923076923076923,0.012227137714169112,0.0,0.0,0.6,0.2677187919616699,Feasible
1218,1217,15,9,6,"ADD:0,8;ADD:2,8;ADD:3,8;ADD:4,8;ADD:4,9;ADD:5,7;ADD:8,2;ADD:9,3;ADD:9,9;REMOVE:0,7;REMOVE:3,7;REMOVE:4,2;REMOVE:5,8;REMOVE:5,9;REMOVE:9,7",0:7;1:7;2:-;3:7;4:2;5:8|9;6:2;7:7;8:7;9:7,0:8;1:7;2:8;3:8;4:8|9;5:7;6:2;7:7;8:2|7;9:3|9,0@1=1;0@2=1;0@8=1;1@1=2;1@2=2;1@8=3;1@0=1;2@8=1;3@2=1;3@8=2;3@4=3;3@5=1;3@7=1;4@2=1;4@8=1;4@6=2;4@9=2;5@2=1;5@7=1;5@6=1;5@3=1;6@2=1;7@1=1;7@2=4;7@4=1;7@7=1;7@3=1;8@1=1;8@2=3;8@0=1;8@5=1;8@7=1;8@6=2;8@9=2;9@1=1;9@5=1;9@6=1;9@9=2;9@3=4,"1,2,8,0,4,5,7,6,9,3",59,39,39,0,1.0,-0.2632677708441885,0.6,0.036732229155811404,0.0,0.0,0.8999999999999999,0.2362806797027588,Feasible
1219,1218,19,9,10,"ADD:0,7;ADD:1,8;ADD:3,7;ADD:4,7;ADD:5,3;ADD:6,4;ADD:7,2;ADD:7,3;ADD:9,2;REMOVE:0,8;REMOVE:2,8;REMOVE:3,8;REMOVE:4,9;REMOVE:5,7;REMOVE:6,2;REMOVE:7,7;REMOVE:8,7;REMOVE:9,3;REMOVE:9,9",0:8;1:7;2:8;3:8;4:8|9;5:7;6:2;7:7;8:2|7;9:3|9,0:7;1:7|8;2:-;3:7;4:7|8;5:3;6:4;7:2|3;8:2;9:2,0@1=1;0@2=2;0@4=2;0@6=2;0@7=2;0@9=1;1@1=1;1@4=1;1@6=1;1@0=1;1@5=1;3@1=1;3@4=1;3@7=1;3@9=1;3@0=1;3@3=1;4@2=3;4@6=2;4@7=1;4@9=1;4@5=1;4@8=1;5@1=1;5@3=1;6@4=2;7@1=1;7@2=1;7@4=1;7@5=1;7@3=1;8@2=1;8@4=1;8@7=2;8@9=1;8@0=1;8@5=1;9@2=3;9@4=2;9@9=2;9@8=1,"1,2,4,6,7,9,0,5,3,8",54,41,41,0,1.0,-0.10501551649394114,0.7692307692307693,0.02575371427528947,0.0,0.0,0.8999999999999999,0.24371576309204102,Feasible
1220,1219,16,7,9,"ADD:2,7;ADD:4,2;ADD:5,7;ADD:6,8;ADD:7,9;ADD:8,7;ADD:9,8;REMOVE:1,8;REMOVE:4,7;REMOVE:4,8;REMOVE:5,3;REMOVE:6,4;REMOVE:7,2;REMOVE:7,3;REMOVE:8,2;REMOVE:9,2",0:7;1:7|8;2:-;3:7;4:7|8;5:3;6:4;7:2|3;8:2;9:2,0:7;1:7;2:7;3:7;4:2;5:7;6:8;7:9;8:7;9:8,0@1=1;0@2=1;0@3=1;0@4=1;0@9=1;1@1=1;1@3=1;1@4=1;1@7=1;1@8=2;2@3=1;2@4=1;2@7=1;2@6=1;3@1=1;3@2=1;3@3=1;3@4=2;3@0=2;4@4=1;4@9=1;4@5=2;5@1=2;5@2=2;5@4=1;5@8=1;5@6=1;5@0=1;6@1=1;6@8=1;7@1=1;7@2=3;7@9=1;7@7=1;8@2=1;8@3=2;8@4=1;8@7=1;8@6=2;9@2=2;9@7=2;9@6=2;9@5=1,"1,2,3,4,9,7,8,6,0,5",56,43,43,0,1.0,0.05865240141372852,0.75,0.008652401413728443,0.0,0.0,0.7,0.24902677536010742,Feasible
1221,1220,11,6,5,"ADD:2,5;ADD:3,2;ADD:4,8;ADD:5,8;ADD:6,9;ADD:9,9;REMOVE:2,7;REMOVE:4,2;REMOVE:5,7;REMOVE:6,8;REMOVE:9,8",0:7;1:7;2:7;3:7;4:2;5:7;6:8;7:9;8:7;9:8,0:7;1:7;2:5;3:2|7;4:8;5:8;6:9;7:9;8:7;9:9,0@0=1;0@2=1;0@6=1;0@8=1;0@9=2;1@0=2;1@2=4;1@6=3;1@8=2;1@9=5;1@1=1;1@4=2;2@0=1;2@8=1;2@5=1;3@0=1;3@2=1;3@1=1;3@4=2;3@5=1;3@3=1;4@2=3;4@1=2;4@5=2;4@7=3;5@2=1;5@8=1;5@1=1;5@4=1;6@9=1;6@7=1;7@2=1;7@6=1;8@0=1;8@6=1;8@4=1;9@2=2;9@9=2;9@1=1;9@3=1;9@7=1,"0,2,6,8,9,1,4,5,3,7",63,41,41,0,1.0,-0.09039560882316455,0.5,0.009604391176835472,0.0,0.0,0.6,0.2568657398223877,Feasible
1222,1221,14,8,6,"ADD:0,2;ADD:0,8;ADD:1,2;ADD:2,7;ADD:4,7;ADD:6,8;ADD:7,6;ADD:9,7;REMOVE:0,7;REMOVE:2,5;REMOVE:3,7;REMOVE:6,9;REMOVE:7,9;REMOVE:9,9",0:7;1:7;2:5;3:2|7;4:8;5:8;6:9;7:9;8:7;9:9,0:2|8;1:2|7;2:7;3:2;4:7|8;5:8;6:8;7:6;8:7;9:7,0@1=1;0@2=4;0@3=2;0@4=5;0@5=2;0@8=2;0@9=2;1@1=1;1@2=3;1@3=1;1@4=1;1@5=1;1@8=1;1@9=1;1@0=1;1@7=1;2@9=1;2@0=1;3@2=2;3@4=4;3@5=1;3@9=1;3@0=1;3@7=1;4@1=3;4@2=2;4@3=1;4@4=4;4@5=2;4@8=3;4@0=2;4@7=1;4@6=1;5@1=3;5@2=2;5@4=1;5@5=1;5@6=1;6@4=1;6@5=1;7@1=3;7@4=2;7@8=1;7@9=2;7@6=1;8@1=1;8@2=1;8@3=1;8@8=1;8@9=1;8@0=2;8@7=1;8@6=1;9@1=3;9@2=2;9@4=3;9@8=2;9@9=1;9@0=1;9@7=3;9@6=1,"1,2,3,4,5,8,9,0,7,6",104,61,61,0,1.0,-0.23454262882987043,0.5454545454545454,0.02000282571558412,0.0,0.0,0.7999999999999999,0.29648303985595703,Feasible
1223,1222,19,10,9,"ADD:0,7;ADD:1,8;ADD:2,2;ADD:3,7;ADD:3,8;ADD:5,7;ADD:6,7;ADD:7,7;ADD:8,2;ADD:9,8;REMOVE:0,2;REMOVE:0,8;REMOVE:1,2;REMOVE:2,7;REMOVE:3,2;REMOVE:4,8;REMOVE:5,8;REMOVE:6,8;REMOVE:7,6",0:2|8;1:2|7;2:7;3:2;4:7|8;5:8;6:8;7:6;8:7;9:7,0:7;1:7|8;2:2;3:7|8;4:7;5:7;6:7;7:7;8:2|7;9:7|8,0@0=1;0@1=3;0@2=3;0@3=2;0@4=2;0@6=2;0@7=2;0@8=1;0@9=1;1@1=1;1@2=3;1@4=2;1@7=1;1@8=2;1@9=2;1@5=1;2@0=1;2@4=1;2@5=1;3@0=2;3@1=1;3@2=1;3@6=1;3@8=2;3@5=2;4@0=2;4@2=3;4@4=1;4@6=1;4@8=1;4@9=1;5@0=1;5@1=2;5@3=1;5@4=2;6@0=1;6@1=1;6@2=1;6@3=2;6@4=1;6@7=1;6@8=2;7@2=2;7@3=1;7@4=2;7@6=1;7@7=1;7@9=1;8@0=1;8@2=3;8@3=1;8@4=1;8@6=1;8@9=1;8@5=1;9@1=1;9@2=1;9@4=4;9@6=1;9@7=1;9@8=2;9@9=1;9@5=2,"0,1,2,3,4,6,7,8,9,5",95,63,63,0,1.0,-0.29294426015467767,0.6923076923076923,0.014748047537629951,0.0,0.0,0.9999999999999999,0.3018379211425781,Feasible
1224,1223,11,5,6,"ADD:1,3;ADD:2,4;ADD:4,8;ADD:7,5;ADD:7,8;REMOVE:2,2;REMOVE:3,7;REMOVE:4,7;REMOVE:7,7;REMOVE:8,2;REMOVE:9,8",0:7;1:7|8;2:2;3:7|8;4:7;5:7;6:7;7:7;8:2|7;9:7|8,0:7;1:3|7|8;2:4;3:8;4:8;5:7;6:7;7:5|8;8:7;9:7,0@0=2;0@1=2;0@2=4;0@3=1;0@4=1;0@8=3;1@1=2;1@2=2;1@3=2;1@4=2;1@5=1;1@7=1;2@2=1;2@4=1;3@1=2;3@2=1;3@8=1;4@1=1;4@2=2;4@4=3;4@5=2;4@7=2;4@6=1;5@0=1;5@6=1;5@9=2;6@3=1;6@4=1;6@8=1;7@0=2;7@8=1;7@5=1;7@6=1;8@0=2;8@1=1;8@2=1;8@3=1;8@4=2;8@6=1;9@0=1;9@2=1;9@3=2;9@4=1;9@7=1,"0,1,2,3,4,8,5,7,6,9",66,44,44,0,1.0,-0.060027873796601516,0.42857142857142855,0.011400697631969936,0.0,0.0,0.5,0.27187299728393555,Feasible
1225,1224,14,6,8,"ADD:2,9;ADD:3,7;ADD:4,7;ADD:7,7;ADD:9,5;ADD:9,8;REMOVE:1,3;REMOVE:1,8;REMOVE:2,4;REMOVE:3,8;REMOVE:4,8;REMOVE:7,5;REMOVE:7,8;REMOVE:9,7",0:7;1:3|7|8;2:4;3:8;4:8;5:7;6:7;7:5|8;8:7;9:7,0:7;1:7;2:9;3:7;4:7;5:7;6:7;7:7;8:7;9:5|8,0@0=1;0@1=3;0@2=3;0@6=1;0@7=1;0@8=1;0@9=1;1@0=1;1@1=2;1@2=2;1@6=1;1@8=1;1@9=1;1@4=1;2@1=3;2@6=2;2@9=1;2@3=1;3@1=1;3@7=1;3@9=1;3@4=2;3@3=2;4@1=1;4@2=2;4@8=1;4@9=2;4@4=1;5@1=1;5@2=1;5@8=1;5@9=1;5@3=1;6@4=2;6@3=1;7@0=1;7@1=1;7@2=1;7@7=2;7@9=1;7@4=1;8@1=1;8@2=1;8@6=2;8@7=1;8@8=1;8@9=2;8@4=1;9@0=1;9@1=1;9@8=1;9@5=1,"0,1,2,6,7,8,9,4,3,5",69,52,52,0,1.0,0.02785982578747004,0.6153846153846154,0.012475210402854582,0.0,0.0,0.6,0.2903110980987549,Feasible
1226,1225,17,9,8,"ADD:0,2;ADD:1,4;ADD:2,7;ADD:3,8;ADD:4,8;ADD:5,6;ADD:6,4;ADD:8,8;ADD:9,7;REMOVE:0,7;REMOVE:1,7;REMOVE:2,9;REMOVE:4,7;REMOVE:5,7;REMOVE:6,7;REMOVE:9,5;REMOVE:9,8",0:7;1:7;2:9;3:7;4:7;5:7;6:7;7:7;8:7;9:5|8,0:2;1:4;2:7;3:7|8;4:8;5:6;6:4;7:7;8:7|8;9:7,0@2=1;0@3=1;0@8=2;0@9=1;1@2=3;1@4=1;2@6=1;2@7=1;3@2=1;3@8=1;3@4=2;3@7=2;3@0=1;3@1=1;3@5=2;4@4=2;4@6=1;4@7=1;4@1=1;4@5=1;5@8=1;5@9=1;5@4=1;5@6=1;6@2=2;6@4=1;7@2=1;7@7=1;7@1=1;8@8=1;8@9=1;8@4=1;8@7=2;8@1=3;8@5=1;9@2=2;9@4=1;9@6=1;9@0=1;9@1=1,"2,3,8,9,4,6,7,0,1,5",52,40,40,0,1.0,-0.14909380428794483,0.7272727272727273,0.023633468439327763,0.0,0.0,0.8999999999999999,0.26241612434387207,Feasible
1227,1226,15,6,9,"ADD:0,7;ADD:1,8;ADD:4,7;ADD:5,9;ADD:6,8;ADD:7,2;REMOVE:0,2;REMOVE:1,4;REMOVE:2,7;REMOVE:3,7;REMOVE:4,8;REMOVE:5,6;REMOVE:6,4;REMOVE:7,7;REMOVE:8,7",0:2;1:4;2:7;3:7|8;4:8;5:6;6:4;7:7;8:7|8;9:7,0:7;1:8;2:-;3:8;4:7;5:9;6:8;7:2;8:8;9:7,0@1=1;0@2=2;0@3=1;0@4=1;1@5=1;1@7=2;3@1=1;3@2=1;3@4=1;3@8=1;4@1=2;4@3=1;4@4=1;4@7=1;4@8=1;5@9=1;6@1=1;6@4=2;7@2=2;7@5=1;7@7=1;7@8=1;7@9=1;8@8=2;9@3=1;9@4=1;9@6=1,"1,2,3,4,5,7,8,9,6",33,27,27,0,1.0,0.17189682933706985,0.75,0.021896829337069774,0.0,0.0,0.6,0.22652387619018555,Feasible
1228,1227,14,7,7,"ADD:0,8;ADD:1,7;ADD:3,9;ADD:5,7;ADD:6,9;ADD:7,7;ADD:8,7;REMOVE:0,7;REMOVE:1,8;REMOVE:3,8;REMOVE:5,9;REMOVE:6,8;REMOVE:7,2;REMOVE:8,8",0:7;1:8;2:-;3:8;4:7;5:9;6:8;7:2;8:8;9:7,0:8;1:7;2:-;3:9;4:7;5:7;6:9;7:7;8:7;9:7,0@5=1;0@6=1;0@8=2;1@1=1;1@4=2;1@7=2;1@9=1;3@1=2;3@9=1;3@2=1;4@6=1;4@8=2;4@1=3;4@9=1;4@2=1;4@0=3;5@8=1;5@1=1;5@4=1;5@2=2;5@0=1;6@6=2;6@2=1;6@3=1;7@7=1;7@3=3;8@6=1;8@1=2;8@4=1;8@7=1;9@6=1;9@1=1;9@4=1;9@7=1;9@2=2;9@0=1,"5,6,8,1,4,7,9,2,0,3",51,36,36,0,1.0,0.09516050285005373,0.7777777777777778,0.01738272507227587,0.0,0.0,0.7,0.2553732395172119,Feasible
1229,1228,8,6,2,"ADD:0,2;ADD:1,8;ADD:2,4;ADD:3,8;ADD:6,7;ADD:9,8;REMOVE:3,9;REMOVE:6,9",0:8;1:7;2:-;3:9;4:7;5:7;6:9;7:7;8:7;9:7,0:2|8;1:7|8;2:4;3:8;4:7;5:7;6:7;7:7;8:7;9:7|8,0@2=2;0@3=1;0@4=2;0@5=1;0@6=1;0@8=1;0@9=1;1@2=2;1@3=1;1@4=2;1@5=1;1@6=1;1@8=1;1@9=1;1@1=2;1@7=2;2@2=1;2@4=2;3@2=3;3@4=1;3@8=1;3@1=2;3@7=2;4@2=1;4@3=1;4@4=3;4@8=1;4@9=1;4@1=1;4@0=2;5@2=1;5@4=2;5@9=2;5@1=2;6@2=3;6@3=1;6@4=1;6@6=1;6@0=1;7@3=1;7@4=1;7@9=1;7@0=2;8@2=1;8@3=3;8@4=4;8@6=1;8@1=1;8@7=1;8@0=2;9@2=2;9@3=2;9@4=1;9@5=2;9@6=2;9@8=1;9@1=1,"2,3,4,5,6,8,9,1,7,0",87,57,57,0,1.0,-0.3641699470965945,0.2222222222222222,0.013607830681183253,0.0,0.0,0.6,0.3006138801574707,Feasible
1230,1229,11,5,6,"ADD:0,7;ADD:2,7;ADD:3,2;ADD:3,3;ADD:5,2;REMOVE:0,2;REMOVE:1,8;REMOVE:2,4;REMOVE:3,8;REMOVE:5,7;REMOVE:9,8",0:2|8;1:7|8;2:4;3:8;4:7;5:7;6:7;7:7;8:7;9:7|8,0:7|8;1:7;2:7;3:2|3;4:7;5:2;6:7;7:7;8:7;9:7,0@1=1;0@3=2;0@4=2;0@5=1;0@6=1;0@7=1;0@8=1;0@9=1;1@1=1;1@3=1;1@4=3;1@6=1;1@7=1;1@9=2;1@0=1;1@2=2;2@1=1;2@0=2;3@1=3;3@3=1;3@4=1;3@5=1;3@9=1;3@2=3;4@1=2;4@3=3;4@4=3;4@7=1;4@9=1;4@2=2;5@3=1;5@4=3;5@9=1;5@2=2;6@1=1;6@4=1;6@9=2;6@0=1;7@1=1;7@3=1;7@4=2;7@9=1;7@0=1;7@2=1;8@1=2;8@4=2;8@8=1;8@0=1;8@2=4;9@1=3;9@4=3;9@7=1;9@8=1;9@9=1;9@2=4,"1,3,4,5,6,7,8,9,0,2",89,55,55,0,1.0,-0.02598729531053151,0.46153846153846156,0.012474243151006943,0.0,0.0,0.5,0.286851167678833,Feasible
1231,1230,22,12,10,"ADD:0,2;ADD:1,2;ADD:1,9;ADD:2,6;ADD:3,7;ADD:4,8;ADD:4,9;ADD:5,3;ADD:6,8;ADD:8,2;ADD:9,2;ADD:9,8;REMOVE:0,7;REMOVE:0,8;REMOVE:1,7;REMOVE:2,7;REMOVE:3,2;REMOVE:3,3;REMOVE:4,7;REMOVE:5,2;REMOVE:6,7;REMOVE:9,7",0:7|8;1:7;2:7;3:2|3;4:7;5:2;6:7;7:7;8:7;9:7,0:2;1:2|9;2:6;3:7;4:8|9;5:3;6:8;7:7;8:2|7;9:2|8,0@2=3;0@3=1;0@4=2;0@9=2;1@2=2;1@4=1;1@9=1;1@1=1;1@5=2;2@4=2;2@6=2;3@2=4;3@3=2;3@1=1;3@6=1;3@0=1;3@7=1;3@8=2;4@2=1;4@9=2;4@1=1;4@5=1;4@6=1;4@8=2;5@2=1;5@9=1;5@1=1;5@5=1;5@7=1;6@4=1;6@5=2;7@2=1;7@4=1;7@9=1;7@1=1;8@2=3;8@3=1;8@4=2;8@9=1;8@1=1;8@5=1;8@0=1;8@7=1;8@8=6;9@2=1;9@4=4;9@5=3;9@6=1;9@0=1;9@8=3,"2,3,4,9,1,5,6,0,7,8",81,50,50,0,1.0,-0.34171085667434054,0.8333333333333334,0.02495580999232606,0.0,0.0,1.2,0.26739001274108887,Feasible
1232,1231,14,6,8,"ADD:1,8;ADD:2,2;ADD:4,7;ADD:5,7;ADD:6,2;ADD:9,7;REMOVE:1,2;REMOVE:2,6;REMOVE:4,8;REMOVE:4,9;REMOVE:6,8;REMOVE:8,2;REMOVE:9,2;REMOVE:9,8",0:2;1:2|9;2:6;3:7;4:8|9;5:3;6:8;7:7;8:2|7;9:2|8,0:2;1:8|9;2:2;3:7;4:7;5:3|7;6:2;7:7;8:7;9:7,0@2=4;0@3=1;0@4=2;0@5=2;0@7=4;1@2=2;1@1=1;1@8=1;1@9=3;2@2=1;2@0=1;3@2=4;3@4=2;3@7=1;3@0=2;4@2=3;4@3=1;4@4=3;4@1=1;4@8=1;4@6=1;5@2=1;5@3=1;5@5=1;5@7=2;5@1=1;5@6=1;6@4=2;6@5=1;6@8=1;6@9=1;7@2=1;7@4=2;7@7=1;7@1=1;7@6=2;8@2=2;8@3=1;8@4=1;8@1=1;8@9=1;8@0=1;8@6=2;9@2=1;9@4=2;9@7=1;9@1=4;9@8=1;9@9=1,"2,3,4,5,7,1,8,9,0,6",79,49,49,0,1.0,-0.00983788711191913,0.5714285714285714,0.018733541459509433,0.0,0.0,0.6,0.25844812393188477,Feasible
1233,1232,14,6,8,"ADD:0,7;ADD:1,7;ADD:2,6;ADD:6,8;ADD:7,9;ADD:8,2;REMOVE:0,2;REMOVE:1,8;REMOVE:1,9;REMOVE:2,2;REMOVE:5,3;REMOVE:6,2;REMOVE:7,7;REMOVE:8,7",0:2;1:8|9;2:2;3:7;4:7;5:3|7;6:2;7:7;8:7;9:7,0:7;1:7;2:6;3:7;4:7;5:7;6:8;7:9;8:2;9:7,0@0=1;0@1=1;0@2=4;0@3=1;0@4=2;1@1=1;1@2=1;1@4=2;1@7=1;2@6=1;3@0=1;3@2=3;3@3=1;3@4=1;3@7=1;3@6=1;3@8=1;4@1=1;4@2=3;4@3=1;4@4=3;4@7=1;4@8=1;4@9=1;5@0=1;5@4=3;6@1=2;6@2=1;6@4=1;6@6=1;6@8=2;6@5=2;7@1=1;7@2=2;8@0=1;8@2=2;8@8=1;9@2=2;9@3=1;9@4=3;9@7=1;9@8=1,"0,1,2,3,4,7,6,8,9,5",63,42,42,0,1.0,0.08004708649770187,0.6666666666666666,0.013380419831035205,0.0,0.0,0.6,0.24571871757507324,Feasible
1234,1233,16,8,8,"ADD:0,8;ADD:1,8;ADD:2,9;ADD:5,2;ADD:6,3;ADD:7,7;ADD:8,7;ADD:9,6;REMOVE:0,7;REMOVE:1,7;REMOVE:2,6;REMOVE:5,7;REMOVE:6,8;REMOVE:7,9;REMOVE:8,2;REMOVE:9,7",0:7;1:7;2:6;3:7;4:7;5:7;6:8;7:9;8:2;9:7,0:8;1:8;2:9;3:7;4:7;5:2;6:3;7:7;8:7;9:6,0@2=1;0@4=1;0@5=1;0@8=1;1@8=1;1@1=1;2@2=1;2@1=1;3@2=3;3@1=1;3@0=1;3@3=1;3@9=1;4@2=2;4@8=1;4@1=1;4@3=1;4@9=1;4@7=2;5@2=2;5@0=1;5@3=1;5@9=1;6@3=1;7@2=2;7@0=1;7@6=1;8@2=3;8@4=1;8@3=1;8@7=1;9@4=4;9@9=1;9@6=2,"2,4,5,8,1,0,3,9,7,6",46,34,34,0,1.0,0.022577413682747793,0.8,0.022577413682747727,0.0,0.0,0.7999999999999999,0.25189685821533203,Feasible
1235,1234,19,10,9,"ADD:0,3;ADD:0,7;ADD:1,9;ADD:2,6;ADD:3,2;ADD:4,8;ADD:5,4;ADD:6,7;ADD:8,9;ADD:9,8;REMOVE:0,8;REMOVE:1,8;REMOVE:2,9;REMOVE:3,7;REMOVE:4,7;REMOVE:5,2;REMOVE:6,3;REMOVE:8,7;REMOVE:9,6",0:8;1:8;2:9;3:7;4:7;5:2;6:3;7:7;8:7;9:6,0:3|7;1:9;2:6;3:2;4:8;5:4;6:7;7:7;8:9;9:8,0@1=1;0@3=1;0@4=3;0@5=1;0@9=1;1@9=2;1@2=2;1@7=1;2@4=2;2@6=1;3@4=4;3@5=1;3@2=1;3@0=1;4@1=1;4@4=3;4@8=1;5@4=2;6@2=1;6@6=1;6@0=1;7@7=1;7@6=1;8@1=2;8@3=2;8@2=1;8@6=1;9@1=1;9@4=2;9@2=2;9@8=2,"1,3,4,5,9,2,7,6,0,8",47,31,31,0,1.0,-0.07519278551619746,0.9,0.024807214483802426,0.0,0.0,0.9999999999999999,0.24318885803222656,Feasible
1236,1235,20,11,9,"ADD:0,5;ADD:1,7;ADD:2,7;ADD:3,8;ADD:4,2;ADD:5,7;ADD:6,6;ADD:7,1;ADD:7,8;ADD:8,8;ADD:9,7;REMOVE:0,3;REMOVE:1,9;REMOVE:2,6;REMOVE:3,2;REMOVE:5,4;REMOVE:6,7;REMOVE:7,7;REMOVE:8,9;REMOVE:9,8",0:3|7;1:9;2:6;3:2;4:8;5:4;6:7;7:7;8:9;9:8,0:5|7;1:7;2:7;3:8;4:2|8;5:7;6:6;7:1|8;8:8;9:7,0@0=2;0@3=1;0@5=2;0@7=2;1@0=2;1@3=1;1@4=1;1@8=1;1@9=1;2@7=1;2@4=1;3@7=1;3@4=1;3@8=1;3@2=3;3@6=1;4@3=1;4@5=1;4@4=2;4@8=2;4@2=2;4@1=1;5@4=2;5@9=1;5@1=2;6@4=2;6@6=1;7@3=1;7@5=1;7@8=1;7@9=1;7@6=1;7@1=1;8@7=1;8@8=1;8@6=1;8@1=1;9@0=1;9@7=1;9@4=4;9@6=1,"0,3,5,7,4,8,9,2,6,1",56,41,41,0,1.0,-0.25548426739246866,0.8181818181818182,0.026333914425713006,0.0,0.0,1.0999999999999999,0.26378798484802246,Feasible
1237,1236,17,11,6,"ADD:0,8;ADD:1,2;ADD:2,8;ADD:3,7;ADD:4,7;ADD:5,8;ADD:6,8;ADD:7,3;ADD:7,7;ADD:8,7;ADD:9,2;REMOVE:0,5;REMOVE:2,7;REMOVE:4,8;REMOVE:7,1;REMOVE:7,8;REMOVE:8,8",0:5|7;1:7;2:7;3:8;4:2|8;5:7;6:6;7:1|8;8:8;9:7,0:7|8;1:2|7;2:8;3:7|8;4:2|7;5:7|8;6:6|8;7:3|7;8:7;9:2|7,0@0=4;0@1=6;0@2=4;0@3=2;0@4=2;0@5=3;0@6=2;0@7=3;0@8=2;1@0=1;1@1=6;1@2=5;1@3=4;1@4=2;1@5=3;1@7=1;1@9=3;2@1=1;2@2=3;2@6=2;2@8=1;3@1=5;3@2=1;3@3=1;3@4=6;3@5=3;3@6=1;3@8=1;3@9=1;4@0=2;4@1=4;4@2=4;4@3=5;4@4=4;4@5=4;4@6=5;4@7=3;4@8=4;4@9=1;5@1=4;5@2=3;5@3=6;5@4=3;5@5=3;5@6=2;5@7=1;5@8=1;6@1=2;6@2=1;6@4=2;6@5=1;6@6=4;6@8=2;6@9=1;7@1=1;7@2=1;7@3=1;7@4=2;7@5=2;7@7=3;8@0=2;8@1=1;8@2=2;8@4=4;8@6=1;8@7=1;8@8=1;8@9=1;9@0=1;9@1=5;9@2=4;9@3=2;9@4=1;9@5=1;9@6=3;9@7=2;9@8=2;9@9=1,"0,1,2,3,4,5,6,7,8,9",196,78,78,0,1.0,-0.6176914718169488,0.46153846153846156,0.02077006664458942,0.0,0.0,1.0999999999999999,0.31963419914245605,Feasible
1238,1237,9,4,5,"ADD:2,9;ADD:6,7;ADD:8,2;ADD:9,8;REMOVE:2,8;REMOVE:6,6;REMOVE:6,8;REMOVE:7,3;REMOVE:9,2",0:7|8;1:2|7;2:8;3:7|8;4:2|7;5:7|8;6:6|8;7:3|7;8:7;9:2|7,0:7|8;1:2|7;2:9;3:7|8;4:2|7;5:7|8;6:7;7:7;8:2|7;9:7|8,0@1=3;0@2=3;0@3=2;0@4=2;0@5=5;0@6=1;0@7=1;0@8=1;0@9=1;1@1=3;1@2=3;1@3=3;1@4=3;1@5=3;1@8=4;1@9=2;1@0=5;2@2=1;2@6=1;3@1=6;3@2=4;3@3=2;3@4=6;3@5=1;3@6=3;3@7=3;3@8=1;3@9=2;4@1=1;4@2=5;4@3=6;4@4=4;4@5=7;4@6=4;4@7=1;4@8=2;4@9=2;4@0=3;5@1=6;5@2=1;5@4=4;5@5=1;5@6=1;5@8=4;5@0=3;6@1=3;6@2=5;6@7=1;6@8=2;6@0=2;7@1=2;7@3=4;7@4=1;7@6=1;7@7=1;7@8=2;7@9=1;7@0=3;8@1=1;8@2=5;8@4=2;8@5=1;8@6=1;8@9=1;8@0=1;9@1=3;9@3=4;9@4=4;9@5=1;9@6=1;9@7=2;9@8=1;9@9=2;9@0=4,"1,2,3,4,5,6,7,8,9,0",192,74,74,0,1.0,-0.10754191000705465,0.2777777777777778,0.014680312215167553,0.0,0.0,0.4,0.31041407585144043,Feasible
1239,1238,14,7,7,"ADD:2,5;ADD:2,8;ADD:3,2;ADD:5,2;ADD:7,2;ADD:7,8;ADD:9,2;REMOVE:1,2;REMOVE:2,9;REMOVE:3,8;REMOVE:4,2;REMOVE:5,8;REMOVE:7,7;REMOVE:9,8",0:7|8;1:2|7;2:9;3:7|8;4:2|7;5:7|8;6:7;7:7;8:2|7;9:7|8,0:7|8;1:7;2:5|8;3:2|7;4:7;5:2|7;6:7;7:2|8;8:2|7;9:2|7,0@0=1;0@1=2;0@2=4;0@4=4;0@5=2;0@6=1;0@7=2;0@8=1;0@9=2;1@0=1;1@1=1;1@2=4;1@4=7;1@6=2;1@7=1;1@8=3;1@9=1;1@3=2;2@2=2;2@5=1;2@6=1;2@8=2;2@3=1;3@0=4;3@1=3;3@2=2;3@4=1;3@5=2;3@6=2;3@7=1;3@8=1;3@9=3;3@3=2;4@0=1;4@1=2;4@2=12;4@4=4;4@6=4;4@8=3;4@9=2;4@3=4;5@0=2;5@1=1;5@2=5;5@4=9;5@5=1;5@6=1;5@7=2;5@9=1;6@0=1;6@2=3;6@4=4;6@7=1;6@8=3;6@9=1;6@3=1;7@0=2;7@2=2;7@4=3;7@5=3;7@6=4;7@8=1;7@3=1;8@0=1;8@1=1;8@2=3;8@4=4;8@5=1;8@8=2;8@9=1;8@3=3;9@0=1;9@1=2;9@2=3;9@4=1;9@5=2;9@6=3;9@8=2;9@9=2;9@3=3,"0,1,2,4,5,6,7,8,9,3",188,80,80,0,1.0,-0.2730681139985466,0.4117647058823529,0.015167180119100473,0.0,0.0,0.7,0.32448506355285645,Feasible
1240,1239,10,3,7,"ADD:1,2;ADD:2,2;ADD:7,7;REMOVE:2,5;REMOVE:2,8;REMOVE:3,2;REMOVE:7,2;REMOVE:7,8;REMOVE:8,2;REMOVE:9,2",0:7|8;1:7;2:5|8;3:2|7;4:7;5:2|7;6:7;7:2|8;8:2|7;9:2|7,0:7|8;1:2|7;2:2;3:7;4:7;5:2|7;6:7;7:7;8:7;9:7,0@0=1;0@1=1;0@2=1;0@4=2;0@5=2;0@6=2;0@8=2;0@9=1;1@0=3;1@1=4;1@2=4;1@4=1;1@5=3;1@6=1;1@3=2;2@0=1;2@2=1;2@5=1;2@9=1;3@0=1;3@2=4;3@4=3;3@8=2;3@9=4;3@7=2;4@0=2;4@1=2;4@2=2;4@4=2;4@6=5;4@8=3;4@9=2;4@3=2;4@7=1;5@0=1;5@1=5;5@2=3;5@5=3;5@8=2;5@9=2;5@7=1;6@1=3;6@4=4;6@8=1;6@9=2;6@3=1;6@7=2;7@0=1;7@2=1;7@4=2;7@6=3;7@8=1;7@7=1;8@0=1;8@1=1;8@4=4;8@9=1;9@0=2;9@1=2;9@2=3;9@4=6;9@6=2;9@8=1;9@9=5;9@3=1;9@7=1,"0,1,2,4,5,6,8,9,3,7",140,66,66,0,1.0,0.12387142440670945,0.4117647058823529,0.012106718524356554,0.0,0.0,0.30000000000000004,0.3066670894622803,Feasible
1241,1240,9,4,5,"ADD:2,9;ADD:4,8;ADD:6,9;ADD:7,2;REMOVE:0,8;REMOVE:2,2;REMOVE:5,2;REMOVE:6,7;REMOVE:7,7",0:7|8;1:2|7;2:2;3:7;4:7;5:2|7;6:7;7:7;8:7;9:7,0:7;1:2|7;2:9;3:7;4:7|8;5:7;6:9;7:2;8:7;9:7,0@0=2;0@1=1;0@2=2;0@3=1;0@4=2;0@6=1;0@7=1;0@8=2;0@9=1;1@1=1;1@2=4;1@4=4;1@6=1;1@7=1;1@9=1;1@5=3;2@1=1;2@2=1;3@1=2;3@4=3;3@7=2;3@8=1;3@9=1;4@1=4;4@2=1;4@3=1;4@4=5;4@6=2;4@7=2;4@8=1;4@9=1;4@5=2;5@0=1;5@1=2;5@2=2;5@3=1;5@4=4;5@6=2;5@7=2;5@8=2;5@9=2;6@2=2;6@6=1;6@9=1;7@2=1;7@4=1;7@7=1;7@9=1;7@5=1;8@0=1;8@2=2;8@3=3;8@4=2;8@7=1;9@0=1;9@1=2;9@2=1;9@4=2;9@6=1;9@7=2;9@8=1;9@9=1,"0,1,2,3,4,6,7,8,9,5",105,62,62,0,1.0,0.001350911716608949,0.38461538461538464,0.016735527101224324,0.0,0.0,0.4,0.3009638786315918,Feasible
1242,1241,11,7,4,"ADD:0,8;ADD:2,7;ADD:3,8;ADD:4,2;ADD:6,7;ADD:9,2;ADD:9,8;REMOVE:2,9;REMOVE:4,8;REMOVE:6,9;REMOVE:9,7",0:7;1:2|7;2:9;3:7;4:7|8;5:7;6:9;7:2;8:7;9:7,0:7|8;1:2|7;2:7;3:7|8;4:2|7;5:7;6:7;7:2;8:7;9:2|8,0@1=5;0@2=5;0@4=4;0@5=2;0@6=2;0@7=3;0@8=1;0@9=3;1@1=3;1@2=2;1@4=4;1@5=1;1@6=2;1@7=1;1@9=3;1@0=1;1@3=1;2@6=1;2@0=1;3@1=4;3@2=5;3@4=1;3@5=4;3@7=1;3@8=2;3@0=1;4@1=4;4@2=1;4@4=1;4@5=2;4@7=1;4@8=1;4@9=2;4@0=1;4@3=2;5@1=4;5@2=3;5@4=1;5@6=2;5@7=2;5@8=1;5@9=3;5@3=1;6@1=1;6@4=2;6@7=1;6@8=1;6@9=1;6@0=2;6@3=1;7@2=1;7@4=1;7@9=1;7@3=1;8@1=1;8@4=1;8@6=1;8@8=1;8@9=1;8@0=1;8@3=1;9@2=4;9@4=2;9@5=1;9@6=4;9@8=1;9@9=1;9@3=2,"1,2,4,5,6,7,8,9,0,3",130,68,68,0,1.0,-0.3506627731363733,0.3333333333333333,0.016003893530293377,0.0,0.0,0.7,0.30234289169311523,Feasible
1243,1242,9,5,4,"ADD:4,8;ADD:5,8;ADD:7,7;ADD:8,8;ADD:9,7;REMOVE:0,8;REMOVE:1,2;REMOVE:4,2;REMOVE:9,2",0:7|8;1:2|7;2:7;3:7|8;4:2|7;5:7;6:7;7:2;8:7;9:2|8,0:7;1:7;2:7;3:7|8;4:7|8;5:7|8;6:7;7:2|7;8:7|8;9:7|8,0@0=2;0@2=6;0@3=2;0@4=4;0@6=2;0@7=3;0@9=1;1@2=8;1@4=2;1@6=1;1@9=1;1@1=2;2@0=1;2@2=1;2@1=1;3@2=3;3@3=3;3@4=5;3@6=2;3@7=4;3@9=1;3@1=4;3@5=2;3@8=4;4@2=8;4@3=2;4@4=7;4@6=2;4@9=3;4@1=3;4@5=1;4@8=3;5@2=5;5@4=5;5@6=1;5@9=2;5@1=1;5@5=3;5@8=1;6@0=1;6@2=3;6@3=2;6@4=2;6@6=1;6@7=1;6@9=2;6@1=2;6@8=1;7@0=3;7@2=3;7@3=2;7@4=4;7@6=1;7@7=1;7@9=1;7@1=2;7@5=1;8@2=2;8@4=2;8@6=1;8@7=4;8@9=2;8@1=1;8@5=1;9@0=1;9@2=7;9@3=2;9@4=6;9@6=1;9@7=3;9@9=1;9@1=5;9@5=4;9@8=2,"0,2,3,4,6,7,9,1,5,8",190,74,74,0,1.0,-0.21793061172518235,0.26666666666666666,0.015402721608150984,0.0,0.0,0.5,0.3384108543395996,Feasible
1244,1243,12,6,6,"ADD:0,2;ADD:2,2;ADD:3,2;ADD:5,2;ADD:6,8;ADD:8,2;REMOVE:2,7;REMOVE:3,8;REMOVE:5,8;REMOVE:6,7;REMOVE:8,7;REMOVE:8,8",0:7;1:7;2:7;3:7|8;4:7|8;5:7|8;6:7;7:2|7;8:7|8;9:7|8,0:2|7;1:7;2:2;3:2|7;4:7|8;5:2|7;6:8;7:2|7;8:2;9:7|8,0@0=1;0@1=2;0@2=7;0@3=3;0@4=3;0@5=1;0@6=1;0@7=4;0@8=1;0@9=1;1@0=4;1@1=2;1@2=2;1@3=1;1@4=2;1@6=2;1@7=3;1@8=1;2@2=1;2@4=1;2@9=1;3@0=1;3@1=2;3@2=3;3@3=2;3@4=5;3@5=2;3@6=2;3@7=1;4@1=4;4@2=7;4@3=1;4@4=6;4@5=1;4@6=3;4@8=3;4@9=2;5@0=2;5@1=1;5@2=6;5@3=1;5@4=9;5@5=2;5@7=2;5@9=1;6@2=3;6@4=2;6@7=1;6@8=1;7@0=1;7@1=1;7@2=1;7@3=1;7@4=1;7@5=1;7@6=2;7@7=1;7@8=1;7@9=1;8@0=1;8@2=1;8@3=1;8@4=2;8@5=2;8@7=2;9@0=4;9@1=1;9@2=3;9@3=1;9@4=6;9@5=2;9@6=3;9@8=1,"0,1,2,3,4,5,6,7,8,9",161,73,73,0,1.0,-0.20276862997748873,0.375,0.022231370022511264,0.0,0.0,0.6,0.329758882522583,Feasible
1245,1244,8,4,4,"ADD:0,8;ADD:4,2;ADD:6,7;ADD:8,7;REMOVE:0,2;REMOVE:4,8;REMOVE:7,7;REMOVE:9,8",0:2|7;1:7;2:2;3:2|7;4:7|8;5:2|7;6:8;7:2|7;8:2;9:7|8,0:7|8;1:7;2:2;3:2|7;4:2|7;5:2|7;6:7|8;7:2;8:2|7;9:7,0@1=2;0@2=4;0@4=4;0@5=1;0@6=1;0@8=3;0@9=3;1@1=1;1@2=1;1@4=2;1@6=2;1@8=1;1@9=2;1@0=1;1@3=1;1@7=1;2@2=1;2@4=1;2@8=1;2@9=1;3@1=2;3@2=1;3@4=6;3@5=2;3@6=1;3@9=4;3@0=2;4@1=4;4@2=3;4@4=13;4@5=4;4@6=2;4@8=1;4@9=3;4@0=2;4@3=1;5@1=2;5@2=3;5@4=4;5@5=3;5@6=2;5@8=3;5@9=1;5@0=3;5@3=2;5@7=2;6@1=2;6@2=2;6@4=1;6@5=3;6@8=1;6@3=1;6@7=1;7@2=2;7@4=1;7@8=2;7@9=1;7@0=3;8@1=1;8@2=4;8@4=5;8@5=1;8@8=1;8@0=2;8@3=1;8@7=2;9@1=2;9@2=7;9@4=1;9@6=1;9@8=1;9@3=1;9@7=1,"1,2,4,5,6,8,9,0,3,7",161,73,73,0,1.0,-0.1346393599601447,0.25,0.015360640039855296,0.0,0.0,0.4,0.3180248737335205,Feasible
1246,1245,15,6,9,"ADD:0,3;ADD:1,2;ADD:2,7;ADD:7,7;ADD:8,9;ADD:9,2;REMOVE:0,8;REMOVE:3,2;REMOVE:4,2;REMOVE:5,7;REMOVE:6,7;REMOVE:7,2;REMOVE:8,2;REMOVE:8,7;REMOVE:9,7",0:7|8;1:7;2:2;3:2|7;4:2|7;5:2|7;6:7|8;7:2;8:2|7;9:7,0:3|7;1:2|7;2:2|7;3:7;4:7;5:2;6:8;7:7;8:9;9:2,0@1=1;0@2=2;0@3=1;0@4=4;0@5=1;0@6=1;0@7=1;0@9=2;1@1=4;1@2=4;1@3=1;1@4=1;1@5=2;1@7=1;1@9=1;1@0=2;1@8=1;2@1=3;2@2=7;2@3=1;2@4=3;2@5=2;2@6=1;2@7=1;2@9=3;2@0=5;2@8=3;3@1=3;3@2=4;3@3=2;3@4=2;3@6=3;3@0=3;3@8=1;4@1=7;4@2=4;4@3=1;4@4=2;4@6=2;4@7=2;4@9=3;4@0=1;5@2=2;5@4=4;5@5=4;5@7=1;5@9=1;5@0=2;6@2=3;6@4=1;6@5=2;6@6=2;6@7=1;6@8=1;7@1=2;7@2=4;7@3=1;7@9=3;7@8=1;8@2=1;8@3=2;8@9=1;9@2=1;9@3=2;9@4=3;9@5=2;9@7=2;9@9=1;9@0=1;9@8=2,"1,2,3,4,5,6,7,9,0,8",152,70,70,0,1.0,-0.022789520906029703,0.5625,0.014710479093970242,0.0,0.0,0.6,0.31386804580688477,Feasible
1247,1246,11,6,5,"ADD:0,2;ADD:4,3;ADD:6,2;ADD:7,2;ADD:8,7;ADD:9,7;REMOVE:0,3;REMOVE:6,8;REMOVE:7,7;REMOVE:8,9;REMOVE:9,2",0:3|7;1:2|7;2:2|7;3:7;4:7;5:2;6:8;7:7;8:9;9:2,0:2|7;1:2|7;2:2|7;3:7;4:3|7;5:2;6:2;7:2;8:7;9:7,0@0=1;0@1=3;0@2=1;0@3=1;0@4=4;0@5=1;0@6=2;0@8=1;0@9=2;1@0=1;1@1=2;1@2=3;1@3=4;1@4=3;1@5=2;1@8=3;1@9=1;1@7=2;2@0=3;2@1=2;2@2=7;2@3=1;2@4=3;2@5=1;2@6=2;2@8=2;2@9=3;3@0=4;3@2=4;3@3=4;3@4=1;3@6=2;3@8=1;3@7=2;4@0=1;4@1=2;4@2=5;4@3=1;4@5=5;4@6=2;4@9=1;4@7=1;5@2=1;5@3=2;5@4=5;5@8=2;5@9=1;6@2=3;6@4=1;6@8=1;6@9=1;7@0=1;7@2=1;7@3=1;7@4=1;7@5=1;7@8=1;8@0=1;8@1=1;8@2=1;8@4=1;8@6=1;8@9=1;8@7=1;9@0=2;9@1=1;9@2=6;9@3=1;9@4=3;9@6=1;9@7=1,"0,1,2,3,4,5,6,8,9,7",142,71,71,0,1.0,-0.19803859640675475,0.38461538461538464,0.017346018977860575,0.0,0.0,0.6,0.3305087089538574,Feasible
1248,1247,14,6,8,"ADD:2,8;ADD:4,2;ADD:4,8;ADD:5,7;ADD:6,7;ADD:7,6;REMOVE:0,2;REMOVE:1,2;REMOVE:2,2;REMOVE:4,3;REMOVE:4,7;REMOVE:5,2;REMOVE:6,2;REMOVE:7,2",0:2|7;1:2|7;2:2|7;3:7;4:3|7;5:2;6:2;7:2;8:7;9:7,0:7;1:7;2:7|8;3:7;4:2|8;5:7;6:7;7:6;8:7;9:7,0@0=1;0@2=1;0@3=2;0@4=4;0@6=1;0@7=4;0@8=1;1@2=1;1@4=3;1@6=2;1@7=2;1@1=3;2@0=1;2@2=4;2@3=1;2@4=7;2@6=2;2@7=1;2@8=1;2@1=1;2@5=3;3@2=6;3@3=2;3@4=2;3@6=2;3@7=2;3@8=2;3@1=2;3@9=1;4@0=1;4@2=3;4@4=5;4@8=3;4@1=4;4@5=1;4@9=1;5@0=1;5@2=4;5@3=2;5@4=1;5@6=1;5@7=2;5@1=1;5@9=1;6@2=2;6@3=2;6@4=3;6@8=2;6@1=3;6@9=2;7@4=1;7@6=1;7@9=1;8@3=1;8@4=1;8@7=1;8@8=1;8@1=1;9@0=1;9@2=2;9@4=2;9@6=2;9@7=1;9@8=1;9@1=1;9@9=2,"0,2,3,4,6,7,8,1,5,9",130,66,66,0,1.0,-0.012112476499933411,0.5714285714285714,0.0164589520714952,0.0,0.0,0.6,0.3008410930633545,Feasible
1249,1248,10,6,4,"ADD:2,2;ADD:4,7;ADD:7,7;ADD:8,2;ADD:8,8;ADD:9,2;REMOVE:2,8;REMOVE:4,8;REMOVE:7,6;REMOVE:8,7",0:7;1:7;2:7|8;3:7;4:2|8;5:7;6:7;7:6;8:7;9:7,0:7;1:7;2:2|7;3:7;4:2|7;5:7;6:7;7:7;8:2|8;9:2|7,0@0=2;0@1=1;0@2=1;0@6=2;1@0=1;1@1=1;1@2=2;1@6=1;1@4=1;1@7=3;1@8=3;1@9=1;2@0=1;2@1=1;2@2=7;2@6=2;2@4=4;2@7=1;2@9=1;2@3=3;2@5=1;3@0=2;3@1=2;3@4=1;3@7=2;3@9=2;4@0=2;4@1=1;4@2=3;4@4=5;4@7=4;4@8=1;4@9=1;4@3=1;4@5=1;5@0=1;5@1=3;5@2=7;5@4=3;5@7=4;5@8=1;5@9=2;5@3=2;6@0=1;6@1=2;6@2=2;6@4=3;6@9=1;6@3=1;7@1=1;7@4=2;7@3=2;8@1=1;8@2=4;8@4=3;8@8=1;8@9=2;8@5=2;9@0=1;9@1=1;9@2=2;9@4=1;9@7=2;9@8=3;9@3=1;9@5=2,"0,1,2,6,4,7,8,9,3,5",132,66,66,0,1.0,-0.24036975208198108,0.3333333333333333,0.02629691458468561,0.0,0.0,0.6,0.29517412185668945,Feasible
1250,1249,8,5,3,"ADD:0,8;ADD:1,8;ADD:3,8;ADD:5,2;ADD:9,8;REMOVE:2,2;REMOVE:8,8;REMOVE:9,2",0:7;1:7;2:2|7;3:7;4:2|7;5:7;6:7;7:7;8:2|8;9:2|7,0:7|8;1:7|8;2:7;3:7|8;4:2|7;5:2|7;6:7;7:7;8:2;9:7|8,0@0=3;0@1=3;0@2=4;0@4=3;0@5=3;0@6=3;0@8=3;0@9=1;1@1=4;1@2=4;1@4=3;1@5=2;1@8=2;1@9=4;1@7=1;2@0=3;2@1=3;2@2=7;2@4=5;2@6=5;2@8=2;2@9=1;2@7=5;3@0=4;3@1=3;3@2=3;3@4=5;3@5=1;3@8=2;3@7=3;4@0=1;4@1=2;4@2=5;4@4=7;4@5=1;4@6=3;4@8=5;4@9=4;4@7=2;4@3=2;5@1=7;5@2=2;5@4=1;5@5=2;5@9=4;5@7=1;6@1=2;6@2=2;6@4=3;6@8=3;6@3=1;7@1=4;7@2=1;7@4=4;7@3=1;8@2=1;8@4=3;8@5=1;8@3=1;9@1=3;9@2=3;9@4=2;9@5=4;9@6=2;9@7=3;9@3=4,"0,1,2,4,5,6,8,9,7,3",192,66,66,0,1.0,-0.2716733149262167,0.21428571428571427,0.014040970788069028,0.0,0.0,0.5,0.2924189567565918,Feasible
1251,1250,9,5,4,"ADD:2,2;ADD:7,2;ADD:8,7;ADD:8,8;ADD:9,2;REMOVE:0,8;REMOVE:1,8;REMOVE:8,2;REMOVE:9,8",0:7|8;1:7|8;2:7;3:7|8;4:2|7;5:2|7;6:7;7:7;8:2;9:7|8,0:7;1:7;2:2|7;3:7|8;4:2|7;5:2|7;6:7;7:2|7;8:7|8;9:2|7,0@0=4;0@1=4;0@2=1;0@4=1;0@6=2;0@7=1;0@9=4;1@1=2;1@2=5;1@4=4;1@6=1;1@3=3;1@8=2;2@0=2;2@1=8;2@2=5;2@4=5;2@7=1;2@3=4;2@8=6;2@5=3;3@1=1;3@2=1;3@4=5;3@6=2;3@7=2;3@9=1;3@3=1;3@8=4;3@5=3;4@0=4;4@1=3;4@2=5;4@4=4;4@6=1;4@7=4;4@9=2;4@3=3;4@8=1;4@5=4;5@0=1;5@1=2;5@2=6;5@4=2;5@7=3;5@9=1;5@3=2;5@8=2;5@5=3;6@0=1;6@1=1;6@2=2;6@4=1;6@7=1;6@9=2;6@3=1;6@8=1;7@0=1;7@1=2;7@2=2;7@4=2;7@3=1;7@5=1;8@0=2;8@1=1;8@2=4;8@4=3;8@6=1;8@3=2;8@8=1;8@5=1;9@0=1;9@1=2;9@2=2;9@4=1;9@7=1;9@9=2;9@5=2,"0,1,2,4,6,7,9,3,8,5",186,78,78,0,1.0,-0.22995966242823662,0.25,0.020040337571763368,0.0,0.0,0.5,0.3169670104980469,Feasible
1252,1251,9,4,5,"ADD:0,2;ADD:4,8;ADD:6,2;ADD:8,5;REMOVE:3,7;REMOVE:4,2;REMOVE:7,2;REMOVE:8,8;REMOVE:9,2",0:7;1:7;2:2|7;3:7|8;4:2|7;5:2|7;6:7;7:2|7;8:7|8;9:2|7,0:2|7;1:7;2:2|7;3:8;4:7|8;5:2|7;6:2|7;7:7;8:5|7;9:7,0@2=5;0@3=2;0@4=3;0@5=1;0@6=3;0@7=3;0@8=2;0@9=3;1@2=2;1@3=1;1@8=1;1@1=2;2@2=6;2@3=2;2@4=6;2@5=4;2@6=1;2@7=1;2@8=4;2@9=1;2@1=2;2@0=4;3@2=2;3@4=5;3@5=3;3@6=4;3@7=1;3@8=3;3@1=3;4@2=4;4@3=1;4@4=2;4@5=2;4@6=2;4@7=1;4@1=5;5@2=6;5@3=3;5@4=1;5@5=1;5@6=1;5@1=4;6@2=3;6@3=1;6@4=5;6@5=2;6@7=1;6@8=4;6@9=1;6@1=5;6@0=2;7@2=1;7@3=2;7@4=2;7@6=1;7@7=1;7@9=1;7@1=1;8@2=1;8@3=2;8@5=2;8@6=1;8@0=3;9@2=5;9@4=2;9@6=3;9@7=2;9@1=2;9@0=5,"2,3,4,5,6,7,8,9,1,0",174,69,69,0,1.0,-0.08604019812030866,0.29411764705882354,0.019842154820867843,0.0,0.0,0.4,0.29706287384033203,Feasible
1253,1252,13,6,7,"ADD:0,8;ADD:1,4;ADD:2,8;ADD:3,7;ADD:7,3;ADD:9,8;REMOVE:0,2;REMOVE:1,7;REMOVE:2,2;REMOVE:4,7;REMOVE:5,2;REMOVE:7,7;REMOVE:8,5",0:2|7;1:7;2:2|7;3:8;4:7|8;5:2|7;6:2|7;7:7;8:5|7;9:7,0:7|8;1:4;2:7|8;3:7|8;4:8;5:7;6:2|7;7:3;8:7;9:7|8,0@1=8;0@2=3;0@4=1;0@5=2;0@6=2;0@7=1;0@9=1;1@2=2;1@4=1;2@1=1;2@2=3;2@4=4;2@5=2;2@6=2;2@7=1;2@0=2;2@3=3;2@8=2;3@1=2;3@2=2;3@4=3;3@5=2;3@6=2;3@3=2;4@1=4;4@2=5;4@4=4;4@5=4;4@6=2;4@7=1;5@2=4;5@4=3;5@6=1;5@7=2;5@9=2;6@1=1;6@2=2;6@5=1;6@6=2;6@7=2;6@9=1;6@0=3;6@3=2;6@8=2;7@1=1;7@2=1;7@5=1;7@9=1;7@3=1;8@1=1;8@2=1;8@7=1;8@9=1;8@0=2;9@1=1;9@2=2;9@4=2;9@5=1;9@6=1;9@7=1;9@9=2,"1,2,4,5,6,7,9,0,3,8",123,61,61,0,1.0,-0.1507769807451308,0.4375,0.011723019254869183,0.0,0.0,0.6,0.2832620143890381,Feasible
1254,1253,18,9,9,"ADD:1,7;ADD:2,3;ADD:4,2;ADD:4,7;ADD:5,2;ADD:6,8;ADD:7,8;ADD:8,1;ADD:9,2;REMOVE:1,4;REMOVE:2,8;REMOVE:3,8;REMOVE:4,8;REMOVE:5,7;REMOVE:6,2;REMOVE:7,3;REMOVE:8,7;REMOVE:9,8",0:7|8;1:4;2:7|8;3:7|8;4:8;5:7;6:2|7;7:3;8:7;9:7|8,0:7|8;1:7;2:3|7;3:7;4:2|7;5:2;6:7|8;7:8;8:1;9:2|7,0@1=3;0@2=2;0@3=1;0@4=4;0@5=1;0@7=1;0@8=3;1@1=3;1@2=3;1@4=4;1@8=2;1@0=1;1@9=1;2@1=3;2@2=6;2@3=1;2@4=2;2@5=1;2@7=1;2@9=3;3@1=2;3@2=2;3@3=2;3@4=1;3@0=3;3@9=1;3@6=2;4@2=3;4@4=3;4@5=2;4@0=4;4@9=1;4@6=1;5@2=6;5@3=2;5@4=1;5@5=1;5@7=2;5@8=2;5@0=3;6@1=1;6@2=1;6@3=1;6@4=4;6@5=5;6@7=2;6@6=3;7@1=1;7@2=2;7@4=3;7@5=2;8@1=1;8@3=1;8@8=1;9@1=2;9@2=3;9@3=1;9@4=3;9@5=1;9@7=1;9@0=1;9@9=1;9@6=1,"1,2,3,4,5,7,8,0,9,6",132,63,63,0,1.0,-0.2834224844413008,0.6,0.016577515558699126,0.0,0.0,0.8999999999999999,0.29329609870910645,Feasible
1255,1254,12,4,8,"ADD:1,8;ADD:5,7;ADD:7,2;ADD:8,7;REMOVE:0,8;REMOVE:2,3;REMOVE:4,7;REMOVE:5,2;REMOVE:6,8;REMOVE:7,8;REMOVE:8,1;REMOVE:9,2",0:7|8;1:7;2:3|7;3:7;4:2|7;5:2;6:7|8;7:8;8:1;9:2|7,0:7;1:7|8;2:7;3:7;4:2;5:7;6:7;7:2;8:7;9:7,0@0=1;0@1=1;0@2=1;0@4=1;0@6=2;0@7=1;0@9=3;1@0=1;1@4=1;1@6=1;1@5=1;1@8=1;2@1=2;2@2=5;2@4=4;2@6=1;2@7=4;2@9=2;2@3=1;3@0=2;3@1=2;3@2=1;3@4=2;3@6=1;3@9=2;3@8=1;3@3=1;4@0=2;4@4=3;4@7=1;4@9=3;4@5=1;4@8=3;4@3=1;5@1=1;5@2=3;5@4=4;5@6=1;5@7=1;5@9=1;5@3=1;6@0=1;6@1=2;6@2=3;6@4=1;6@6=1;6@9=1;6@8=2;6@3=2;7@0=2;7@2=1;7@8=1;8@0=1;8@6=2;8@3=1;9@0=1;9@2=3;9@6=2;9@7=2;9@9=1;9@8=1,"0,1,2,4,6,7,9,5,8,3",103,61,61,0,1.0,0.14406014715293214,0.5333333333333333,0.010726813819598831,0.0,0.0,0.4,0.2957940101623535,Feasible
1256,1255,12,7,5,"ADD:0,2;ADD:2,8;ADD:3,2;ADD:5,2;ADD:5,8;ADD:7,7;ADD:8,8;REMOVE:1,7;REMOVE:3,7;REMOVE:5,7;REMOVE:7,2;REMOVE:8,7",0:7;1:7|8;2:7;3:7;4:2;5:7;6:7;7:2;8:7;9:7,0:2|7;1:8;2:7|8;3:2;4:2;5:2|8;6:7;7:7;8:8;9:7,0@0=2;0@1=3;0@2=3;0@3=3;0@4=3;0@5=1;0@7=2;0@8=1;1@2=3;1@4=1;1@8=1;2@0=1;2@1=3;2@2=5;2@4=3;2@5=2;2@7=4;2@8=2;2@6=3;3@0=2;3@2=2;3@3=1;3@4=3;3@8=4;3@9=2;4@0=1;4@2=4;4@3=2;4@4=3;4@5=1;4@7=1;4@8=2;4@9=1;5@0=1;5@1=1;5@2=3;5@4=4;5@5=1;5@8=2;6@1=2;6@2=2;6@3=2;6@4=2;6@8=1;6@6=2;7@1=2;7@2=1;7@4=2;7@7=1;7@8=1;7@9=1;8@1=2;8@2=1;8@4=2;8@5=2;8@7=1;8@8=1;9@0=4;9@1=1;9@2=2;9@3=1;9@4=5;9@7=4;9@8=2,"0,1,2,3,4,5,7,8,6,9",134,64,64,0,1.0,-0.2234524876573894,0.45454545454545453,0.022002057797156017,0.0,0.0,0.7,0.31137609481811523,Feasible
1257,1256,15,10,5,"ADD:1,7;ADD:2,2;ADD:3,7;ADD:4,7;ADD:5,7;ADD:6,8;ADD:6,9;ADD:7,8;ADD:8,7;ADD:9,8;REMOVE:2,8;REMOVE:5,8;REMOVE:6,7;REMOVE:7,7;REMOVE:8,8",0:2|7;1:8;2:7|8;3:2;4:2;5:2|8;6:7;7:7;8:8;9:7,0:2|7;1:7|8;2:2|7;3:2|7;4:2|7;5:2|7;6:8|9;7:8;8:7;9:7|8,0@0=2;0@1=2;0@2=3;0@3=2;0@4=5;0@5=1;0@6=1;0@7=3;0@8=2;0@9=1;1@1=1;1@5=1;1@6=1;1@7=1;1@8=2;1@9=1;2@0=2;2@1=6;2@2=4;2@3=4;2@4=5;2@5=1;2@6=1;2@7=3;2@8=2;2@9=2;3@1=2;3@2=9;3@4=3;3@5=1;3@6=1;3@7=1;3@8=1;3@9=1;4@0=1;4@1=4;4@2=8;4@3=2;4@4=2;4@5=4;4@6=3;4@8=1;4@9=2;5@0=3;5@1=2;5@2=3;5@3=3;5@4=1;5@5=4;5@6=2;5@7=1;5@9=2;6@1=4;6@2=4;6@4=3;6@5=2;6@6=2;6@9=2;7@1=5;7@2=2;7@5=1;7@7=1;8@2=1;8@3=1;8@4=2;8@6=2;8@7=2;9@1=2;9@2=5;9@3=2;9@4=6;9@5=1;9@6=2;9@7=1;9@8=4,"0,1,2,3,4,5,6,7,8,9",183,75,75,0,1.0,-0.5898872863809606,0.38461538461538464,0.02549732900365476,0.0,0.0,0.9999999999999999,0.3318641185760498,Feasible
1258,1257,12,5,7,"ADD:2,8;ADD:6,3;ADD:6,7;ADD:7,7;ADD:9,2;REMOVE:1,7;REMOVE:2,2;REMOVE:3,2;REMOVE:5,2;REMOVE:6,8;REMOVE:6,9;REMOVE:9,8",0:2|7;1:7|8;2:2|7;3:2|7;4:2|7;5:2|7;6:8|9;7:8;8:7;9:7|8,0:2|7;1:8;2:7|8;3:7;4:2|7;5:7;6:3|7;7:7|8;8:7;9:2|7,0@0=2;0@1=3;0@2=3;0@3=1;0@4=2;0@5=3;0@6=1;1@1=3;1@2=2;1@4=2;1@6=1;1@7=1;1@8=2;2@0=3;2@1=9;2@2=1;2@3=2;2@4=5;2@5=3;2@6=1;2@7=4;2@8=2;3@0=3;3@1=3;3@2=1;3@3=3;3@4=2;3@6=2;3@7=3;3@8=2;3@9=2;4@0=1;4@1=3;4@2=3;4@3=1;4@4=3;4@5=1;4@6=2;4@7=2;4@8=5;4@9=2;5@1=1;5@2=2;5@4=8;5@6=1;5@7=4;5@8=4;5@9=4;6@1=5;6@2=5;6@3=1;6@4=5;6@5=1;6@6=2;6@7=2;6@9=2;7@1=2;7@2=2;7@4=1;7@5=2;7@6=1;7@8=3;7@9=1;8@0=1;8@1=1;8@2=1;8@3=1;8@4=3;8@7=1;8@8=1;9@0=1;9@1=1;9@2=6;9@3=1;9@4=5;9@5=1;9@8=1;9@9=1,"0,1,2,3,4,5,6,7,8,9",185,78,78,0,1.0,-0.08992698868307836,0.3888888888888889,0.021184122428032772,0.0,0.0,0.5,0.3247201442718506,Feasible
1259,1258,12,6,6,"ADD:1,2;ADD:2,2;ADD:4,8;ADD:5,8;ADD:6,2;ADD:8,8;REMOVE:0,2;REMOVE:2,8;REMOVE:4,2;REMOVE:6,3;REMOVE:7,8;REMOVE:8,7",0:2|7;1:8;2:7|8;3:7;4:2|7;5:7;6:3|7;7:7|8;8:7;9:2|7,0:7;1:2|8;2:2|7;3:7;4:7|8;5:7|8;6:2|7;7:7;8:8;9:2|7,0@0=2;0@1=2;0@2=4;0@3=3;0@4=1;0@6=1;0@8=4;1@0=1;1@1=2;1@2=5;1@4=3;1@5=1;2@0=2;2@1=1;2@2=6;2@4=3;2@8=3;2@5=1;2@7=2;2@9=3;3@0=2;3@1=2;3@2=2;3@3=3;3@4=4;3@6=2;3@8=1;3@9=1;4@1=2;4@2=2;4@4=5;4@8=1;4@5=1;4@7=2;4@9=3;5@0=1;5@1=1;5@2=2;5@4=3;5@6=2;5@8=2;5@5=1;5@7=1;5@9=1;6@0=1;6@1=4;6@2=5;6@3=1;6@4=2;6@6=1;6@8=1;6@5=2;6@7=1;6@9=1;7@1=1;7@2=1;7@3=1;7@4=3;7@6=1;7@7=1;7@9=1;8@1=2;8@2=1;8@4=3;8@8=1;8@7=1;9@0=1;9@1=4;9@2=4;9@4=4;9@6=3;9@5=1;9@9=2,"0,1,2,3,4,6,8,5,7,9",152,73,73,0,1.0,-0.20509039688617686,0.375,0.019909603113823136,0.0,0.0,0.6,0.30876708030700684,Feasible
1260,1259,17,9,8,"ADD:0,8;ADD:1,7;ADD:2,8;ADD:3,8;ADD:5,2;ADD:7,4;ADD:8,2;ADD:8,7;ADD:9,8;REMOVE:1,2;REMOVE:1,8;REMOVE:2,2;REMOVE:5,7;REMOVE:6,2;REMOVE:7,7;REMOVE:8,8;REMOVE:9,2",0:7;1:2|8;2:2|7;3:7;4:7|8;5:7|8;6:2|7;7:7;8:8;9:2|7,0:7|8;1:7;2:7|8;3:7|8;4:7|8;5:2|8;6:7;7:4;8:2|7;9:7|8,0@0=1;0@1=2;0@2=6;0@4=2;0@5=1;0@6=2;1@0=2;1@2=1;1@6=2;1@8=1;2@0=1;2@1=3;2@2=3;2@4=5;2@5=1;2@6=1;2@8=1;2@3=1;2@7=2;3@0=1;3@1=2;3@4=7;3@5=2;3@6=1;3@7=1;3@9=1;4@1=2;4@2=8;4@4=4;4@5=2;4@6=2;4@8=1;4@3=1;4@7=2;4@9=1;5@1=2;5@2=1;5@4=3;5@5=1;5@8=1;5@3=2;6@0=1;6@1=3;6@2=1;6@4=5;6@6=1;6@8=2;6@3=1;7@2=1;7@4=2;8@1=1;8@2=4;8@4=2;8@5=2;8@8=1;8@3=1;8@7=1;8@9=1;9@0=4;9@1=1;9@2=2;9@5=2;9@6=3;9@8=1;9@3=1,"0,1,2,4,5,6,8,3,7,9",130,65,65,0,1.0,-0.3874638239529766,0.5,0.012536176047023262,0.0,0.0,0.8999999999999999,0.29884982109069824,Feasible
1261,1260,17,7,10,"ADD:0,2;ADD:1,2;ADD:1,3;ADD:5,7;ADD:6,8;ADD:7,7;ADD:9,2;REMOVE:0,7;REMOVE:1,7;REMOVE:2,8;REMOVE:4,8;REMOVE:5,8;REMOVE:6,7;REMOVE:7,4;REMOVE:8,2;REMOVE:9,7;REMOVE:9,8",0:7|8;1:7;2:7|8;3:7|8;4:7|8;5:2|8;6:7;7:4;8:2|7;9:7|8,0:2|8;1:2|3;2:7;3:7|8;4:7;5:2|7;6:8;7:7;8:7;9:2,0@0=1;0@1=1;0@2=4;0@4=3;0@5=1;0@8=1;0@9=1;1@1=1;1@2=1;1@4=1;1@5=1;1@9=2;1@3=1;2@0=3;2@1=1;2@2=4;2@4=3;2@8=1;2@3=2;2@6=1;2@7=2;3@0=2;3@1=3;3@2=2;3@4=3;3@5=4;3@8=3;3@9=1;3@6=1;4@0=1;4@1=3;4@2=2;4@4=2;4@6=1;4@7=1;5@0=2;5@1=2;5@2=3;5@4=1;5@5=1;5@9=1;5@3=2;5@6=1;5@7=3;6@1=2;6@2=3;6@4=3;6@6=1;7@0=1;7@1=1;7@2=1;7@9=1;8@1=1;8@2=3;8@4=2;8@9=2;8@7=2;9@2=4;9@4=3;9@5=2;9@8=2;9@9=1;9@7=4,"0,1,2,4,5,8,9,3,6,7",120,63,63,0,1.0,-0.09194319914382965,0.5882352941176471,0.019821506738523283,0.0,0.0,0.7,0.3117790222167969,Feasible
1262,1261,13,6,7,"ADD:0,7;ADD:1,8;ADD:6,7;ADD:7,8;ADD:9,7;ADD:9,8;REMOVE:0,2;REMOVE:1,2;REMOVE:1,3;REMOVE:3,7;REMOVE:5,2;REMOVE:6,8;REMOVE:9,2",0:2|8;1:2|3;2:7;3:7|8;4:7;5:2|7;6:8;7:7;8:7;9:2,0:7|8;1:8;2:7;3:8;4:7;5:7;6:7;7:7|8;8:7;9:7|8,0@0=1;0@1=1;0@2=2;0@4=1;0@5=1;0@6=1;0@8=2;0@9=1;1@1=2;1@4=1;1@5=2;2@0=2;2@1=1;2@2=2;2@4=2;2@6=1;2@3=1;2@7=1;3@1=3;3@2=1;3@4=1;3@8=1;3@7=1;4@1=3;4@2=6;4@4=3;4@6=1;4@8=2;4@3=2;4@7=2;5@0=1;5@1=4;5@2=3;5@4=4;5@8=1;5@9=1;5@3=2;5@7=1;6@0=2;6@1=3;6@2=2;6@4=2;6@6=1;6@8=1;6@9=1;7@0=1;7@1=1;7@5=1;7@6=1;8@0=1;8@4=2;8@9=1;9@0=2;9@1=3;9@2=3;9@4=1;9@5=1;9@6=2;9@8=1;9@9=3,"0,1,2,4,5,6,8,9,3,7",104,60,60,0,1.0,-0.09184291464311234,0.5,0.008157085356887674,0.0,0.0,0.6,0.3590810298919678,Feasible
1263,1262,11,7,4,"ADD:0,5;ADD:2,2;ADD:3,7;ADD:4,2;ADD:5,2;ADD:6,2;ADD:8,3;REMOVE:0,8;REMOVE:7,8;REMOVE:8,7;REMOVE:9,8",0:7|8;1:8;2:7;3:8;4:7;5:7;6:7;7:7|8;8:7;9:7|8,0:5|7;1:8;2:2|7;3:7|8;4:2|7;5:2|7;6:2|7;7:7;8:3;9:7,0@0=1;0@1=1;0@2=4;0@3=1;0@5=1;0@6=2;1@1=2;1@5=2;1@4=1;1@8=1;2@0=1;2@1=2;2@2=2;2@3=1;2@5=1;2@6=1;2@4=1;2@8=2;2@7=4;2@9=1;3@0=1;3@1=2;3@2=1;3@3=1;3@5=2;3@6=2;3@4=2;3@8=2;3@7=1;3@9=3;4@0=1;4@1=2;4@2=2;4@3=1;4@5=1;4@6=2;4@4=2;4@8=2;4@9=2;5@0=3;5@1=2;5@2=2;5@3=2;5@5=1;5@6=3;5@4=4;5@8=3;5@9=2;6@0=3;6@1=6;6@2=4;6@3=1;6@5=1;6@6=1;6@4=2;6@8=2;6@7=2;6@9=1;7@1=1;7@2=1;7@3=1;7@4=1;7@9=1;8@1=1;8@3=2;9@0=1;9@1=2;9@2=3;9@3=2;9@6=1;9@4=2;9@9=1,"0,1,2,3,5,6,4,8,7,9",129,72,72,0,1.0,-0.3746499147314147,0.3076923076923077,0.017657777576277574,0.0,0.0,0.7,0.4020957946777344,Feasible
1264,1263,14,8,6,"ADD:0,8;ADD:1,7;ADD:3,2;ADD:4,8;ADD:7,2;ADD:7,8;ADD:8,7;ADD:9,2;REMOVE:0,5;REMOVE:3,8;REMOVE:4,2;REMOVE:6,2;REMOVE:7,7;REMOVE:8,3",0:5|7;1:8;2:2|7;3:7|8;4:2|7;5:2|7;6:2|7;7:7;8:3;9:7,0:7|8;1:7|8;2:2|7;3:2|7;4:7|8;5:2|7;6:7;7:2|8;8:7;9:2|7,0@0=6;0@1=3;0@2=6;0@4=6;0@5=3;0@6=1;0@8=1;1@0=3;1@1=1;1@2=3;1@4=5;1@5=1;1@6=1;1@8=4;1@3=1;2@0=2;2@1=3;2@2=4;2@4=6;2@5=4;2@6=4;2@7=1;2@9=1;3@0=1;3@1=2;3@2=2;3@4=9;3@5=2;3@6=3;3@8=3;3@3=2;3@9=2;4@1=2;4@2=5;4@4=5;4@5=3;4@6=2;4@8=6;4@3=2;4@7=2;4@9=1;5@0=1;5@1=4;5@2=3;5@4=3;5@5=4;5@6=3;5@8=1;5@3=1;5@7=1;5@9=2;6@1=2;6@2=6;6@4=3;6@6=3;6@8=1;6@3=4;6@7=1;6@9=2;7@0=3;7@1=2;7@2=1;7@4=3;7@5=1;7@8=2;8@1=2;8@2=3;8@4=3;8@8=1;8@3=1;9@0=1;9@1=3;9@2=3;9@4=4;9@5=3;9@6=1;9@8=1;9@3=2;9@9=1,"0,1,2,4,5,6,8,3,7,9",210,79,79,0,1.0,-0.4113309635305886,0.375,0.013669036469411285,0.0,0.0,0.7999999999999999,0.3615298271179199,Feasible
1265,1264,7,3,4,"ADD:0,2;ADD:4,2;ADD:6,2;REMOVE:0,8;REMOVE:1,7;REMOVE:4,8;REMOVE:7,8",0:7|8;1:7|8;2:2|7;3:2|7;4:7|8;5:2|7;6:7;7:2|8;8:7;9:2|7,0:2|7;1:8;2:2|7;3:2|7;4:2|7;5:2|7;6:2|7;7:2;8:7;9:2|7,0@1=3;0@2=3;0@3=1;0@4=7;0@5=2;0@7=1;0@8=1;0@9=2;1@1=2;1@2=1;1@4=4;1@5=2;1@7=1;1@6=2;2@1=1;2@2=2;2@3=1;2@4=7;2@5=2;2@7=1;2@8=1;2@9=1;2@6=2;2@0=1;3@1=2;3@2=1;3@4=2;3@5=2;3@7=2;3@9=3;3@6=1;3@0=3;4@1=5;4@2=3;4@3=2;4@4=5;4@5=5;4@7=2;4@8=2;4@9=1;4@6=1;4@0=4;5@1=2;5@2=4;5@3=1;5@4=5;5@5=2;5@7=2;5@8=2;5@9=4;5@6=1;5@0=2;6@1=2;6@2=4;6@4=6;6@5=2;6@7=3;6@8=1;6@9=2;6@0=3;7@2=2;7@3=1;7@4=1;7@5=1;7@7=2;7@8=1;7@0=2;8@1=1;8@2=1;8@4=4;8@7=1;9@1=5;9@2=3;9@3=2;9@4=5;9@5=1;9@8=1;9@9=1;9@6=1;9@0=3,"1,2,3,4,5,7,8,9,6,0",184,80,80,0,1.0,-0.05903153534019301,0.2222222222222222,0.018746242437584822,0.0,0.0,0.30000000000000004,0.3685591220855713,Feasible
1266,1265,8,5,3,"ADD:0,3;ADD:1,7;ADD:7,3;ADD:8,8;ADD:9,8;REMOVE:0,2;REMOVE:5,2;REMOVE:9,2",0:2|7;1:8;2:2|7;3:2|7;4:2|7;5:2|7;6:2|7;7:2;8:7;9:2|7,0:3|7;1:7|8;2:2|7;3:2|7;4:2|7;5:7;6:2|7;7:2|3;8:7|8;9:7|8,0@1=2;0@2=4;0@3=1;0@4=8;0@5=4;0@6=4;0@7=2;0@9=1;1@1=2;1@2=1;1@3=1;1@4=4;1@5=1;1@6=1;1@9=1;1@8=2;2@1=4;2@2=5;2@3=1;2@4=5;2@5=3;2@6=1;2@7=1;2@9=6;2@8=1;2@0=1;3@1=5;3@2=3;3@3=1;3@4=4;3@5=3;3@7=3;3@9=2;3@8=1;3@0=2;4@1=8;4@2=4;4@3=1;4@4=5;4@5=1;4@7=4;4@9=2;4@8=1;4@0=3;5@1=1;5@2=1;5@3=4;5@4=1;5@6=1;5@9=3;5@8=1;5@0=1;6@1=2;6@2=5;6@3=3;6@4=3;6@5=2;6@6=1;6@9=2;6@8=1;7@1=2;7@2=1;7@3=2;7@4=1;7@5=1;8@1=4;8@4=1;8@5=1;8@6=2;8@0=2;9@1=1;9@2=1;9@4=2;9@5=1;9@7=4;9@8=2;9@0=1,"1,2,3,4,5,6,7,9,8,0",181,77,77,0,1.0,-0.30196711910915697,0.17647058823529413,0.02156229265554893,0.0,0.0,0.5,0.3690450191497803,Feasible
1267,1266,16,7,9,"ADD:0,2;ADD:1,2;ADD:4,8;ADD:5,2;ADD:5,8;ADD:7,7;ADD:8,2;REMOVE:0,3;REMOVE:1,8;REMOVE:2,2;REMOVE:3,2;REMOVE:4,2;REMOVE:5,7;REMOVE:7,2;REMOVE:7,3;REMOVE:8,8",0:3|7;1:7|8;2:2|7;3:2|7;4:2|7;5:7;6:2|7;7:2|3;8:7|8;9:7|8,0:2|7;1:2|7;2:7;3:7;4:7|8;5:2|8;6:2|7;7:7;8:2|7;9:7|8,0@0=2;0@1=1;0@2=2;0@3=1;0@4=2;0@5=1;0@6=2;0@7=1;0@8=1;0@9=1;1@0=1;1@1=2;1@2=2;1@3=1;1@4=2;1@5=2;1@7=1;1@8=1;1@9=1;2@0=1;2@2=4;2@3=2;2@4=5;2@6=2;2@8=3;2@9=2;3@0=2;3@1=2;3@2=2;3@3=1;3@4=3;3@6=2;3@8=2;3@9=4;4@2=2;4@3=1;4@4=9;4@5=1;4@6=2;4@7=2;4@8=1;5@0=1;5@1=6;5@2=3;5@4=6;5@5=1;5@8=1;5@9=2;6@0=2;6@1=1;6@2=7;6@3=1;6@4=1;6@5=1;7@1=2;7@2=2;7@4=2;7@6=1;7@7=1;7@9=1;8@0=1;8@1=2;8@2=3;8@3=1;8@4=1;8@5=1;8@7=1;8@8=1;9@0=2;9@1=1;9@2=4;9@4=3;9@5=1;9@6=1;9@7=1;9@8=2;9@9=2,"0,1,2,3,4,5,6,7,8,9",152,77,77,0,1.0,-0.20822407926119163,0.47368421052631576,0.018091710212492555,0.0,0.0,0.7,0.3702561855316162,Feasible
1268,1267,10,4,6,"ADD:1,3;ADD:4,2;ADD:5,7;ADD:6,8;REMOVE:1,2;REMOVE:4,8;REMOVE:5,8;REMOVE:6,7;REMOVE:8,2;REMOVE:9,8",0:2|7;1:2|7;2:7;3:7;4:7|8;5:2|8;6:2|7;7:7;8:2|7;9:7|8,0:2|7;1:3|7;2:7;3:7;4:2|7;5:2|7;6:2|8;7:7;8:7;9:7,0@1=1;0@2=4;0@3=1;0@4=5;0@5=3;0@7=2;0@8=2;0@9=2;1@1=1;1@3=1;1@4=1;1@5=1;1@7=1;2@1=2;2@2=5;2@3=2;2@4=2;2@7=3;2@8=1;2@0=4;2@6=3;3@1=1;3@2=1;3@3=1;3@4=2;3@7=3;3@8=1;3@0=1;3@6=1;4@1=2;4@2=9;4@3=2;4@4=8;4@5=3;4@7=2;4@8=1;4@9=3;4@0=3;5@1=2;5@2=5;5@3=2;5@4=2;5@5=1;5@7=1;5@9=1;5@0=2;5@6=2;6@2=2;6@3=4;6@4=2;6@5=2;6@8=1;6@9=2;6@6=2;7@1=3;7@2=3;7@3=3;7@4=4;7@8=1;8@1=1;8@2=2;8@4=1;8@8=1;8@9=2;8@0=1;9@1=1;9@2=3;9@3=2;9@4=1;9@7=2,"1,2,3,4,5,7,8,9,0,6",155,70,70,0,1.0,-0.024096851009042963,0.35294117647058826,0.022961972520368794,0.0,0.0,0.4,0.33434486389160156,Feasible
1269,1268,20,10,10,"ADD:0,8;ADD:2,2;ADD:3,8;ADD:4,8;ADD:5,5;ADD:5,8;ADD:6,7;ADD:7,8;ADD:8,2;ADD:9,8;REMOVE:0,2;REMOVE:0,7;REMOVE:4,2;REMOVE:4,7;REMOVE:5,2;REMOVE:5,7;REMOVE:6,2;REMOVE:6,8;REMOVE:7,7;REMOVE:8,7",0:2|7;1:3|7;2:7;3:7;4:2|7;5:2|7;6:2|8;7:7;8:7;9:7,0:8;1:3|7;2:2|7;3:7|8;4:8;5:5|8;6:7;7:8;8:2;9:7|8,0@1=1;0@4=3;0@6=2;0@7=1;0@8=1;1@1=1;1@0=1;1@3=1;2@1=1;2@4=4;2@7=1;2@8=2;2@0=1;2@2=1;2@5=2;2@9=3;3@1=3;3@4=2;3@6=1;3@3=2;3@5=1;4@1=3;4@4=2;4@6=4;4@7=2;4@8=1;4@2=2;4@5=1;5@4=1;5@8=2;5@0=1;5@5=1;6@1=2;6@4=1;6@8=1;6@0=2;6@3=1;6@2=1;6@9=1;7@1=2;7@4=1;7@2=1;8@4=1;8@8=1;8@0=1;8@2=1;9@1=3;9@4=1;9@6=2;9@8=1;9@0=2;9@3=1;9@5=1;9@9=1,"1,4,6,7,8,0,3,2,5,9",84,54,54,0,1.0,-0.32148191524460046,0.6666666666666666,0.011851418088732786,0.0,0.0,0.9999999999999999,0.29360413551330566,Feasible
1270,1269,20,9,11,"ADD:0,2;ADD:1,2;ADD:4,2;ADD:4,7;ADD:5,3;ADD:5,9;ADD:6,2;ADD:7,7;ADD:9,2;REMOVE:0,8;REMOVE:1,3;REMOVE:1,7;REMOVE:2,2;REMOVE:3,8;REMOVE:4,8;REMOVE:5,5;REMOVE:5,8;REMOVE:6,7;REMOVE:7,8;REMOVE:9,8",0:8;1:3|7;2:2|7;3:7|8;4:8;5:5|8;6:7;7:8;8:2;9:7|8,0:2;1:2;2:7;3:7;4:2|7;5:3|9;6:2;7:7;8:2;9:2|7,0@0=1;0@2=2;0@4=2;0@8=1;0@9=1;1@4=1;1@3=1;1@5=1;2@0=1;2@2=4;2@4=1;2@8=1;2@9=1;2@3=2;2@1=1;3@8=3;3@9=1;3@1=1;3@7=1;4@0=2;4@2=2;4@4=1;4@8=2;4@9=1;4@3=3;4@5=2;4@1=1;4@7=2;4@6=1;5@2=1;5@9=1;5@3=1;5@5=1;5@1=2;5@6=2;6@0=2;6@2=1;6@4=1;6@8=1;6@3=1;6@5=1;6@7=1;7@0=2;7@4=1;7@9=1;8@2=1;8@8=1;8@9=1;8@3=4;9@2=3;9@4=1;9@3=1;9@5=2;9@7=2;9@6=1,"0,2,4,8,9,3,5,1,7,6",81,55,55,0,1.0,-0.1475607402867698,0.7333333333333333,0.019105926379896835,0.0,0.0,0.8999999999999999,0.27324604988098145,Feasible
1271,1270,13,5,8,"ADD:0,7;ADD:1,8;ADD:5,7;ADD:6,8;ADD:8,8;REMOVE:0,2;REMOVE:1,2;REMOVE:4,2;REMOVE:5,3;REMOVE:5,9;REMOVE:6,2;REMOVE:8,2;REMOVE:9,2",0:2;1:2;2:7;3:7;4:2|7;5:3|9;6:2;7:7;8:2;9:2|7,0:7;1:8;2:7;3:7;4:7;5:7;6:8;7:7;8:8;9:7,0@0=1;0@1=1;0@2=1;0@3=2;0@4=1;1@2=1;1@4=1;1@6=1;1@8=1;2@1=3;2@2=1;2@3=4;2@4=2;2@6=1;2@8=1;3@1=2;3@2=1;3@4=3;3@6=1;3@9=1;4@0=3;4@1=1;4@2=5;4@3=2;4@4=3;4@8=1;4@9=1;5@0=1;5@1=1;5@2=3;5@3=2;5@4=2;5@8=2;5@9=3;5@7=1;6@1=1;6@2=2;6@4=1;6@6=1;6@8=2;6@7=1;6@5=1;7@1=1;7@2=2;7@4=2;7@6=1;7@9=1;7@7=1;8@1=1;8@4=1;9@0=2;9@1=1;9@2=1;9@4=2;9@6=2,"0,1,2,3,4,6,8,9,7,5",88,55,55,0,1.0,0.1209236737255387,0.6153846153846154,0.005539058340923287,0.0,0.0,0.5,0.2734038829803467,Feasible
1272,1271,11,10,1,"ADD:0,3;ADD:1,7;ADD:2,2;ADD:3,2;ADD:4,2;ADD:5,2;ADD:6,7;ADD:7,2;ADD:8,2;ADD:9,2;REMOVE:1,8",0:7;1:8;2:7;3:7;4:7;5:7;6:8;7:7;8:8;9:7,0:3|7;1:7;2:2|7;3:2|7;4:2|7;5:2|7;6:7|8;7:2|7;8:2|8;9:2|7,0@0=1;0@1=1;0@2=7;0@3=1;0@5=1;0@6=1;0@7=5;0@9=1;1@2=2;1@3=1;1@6=2;1@9=2;1@4=3;2@0=1;2@1=5;2@2=1;2@3=2;2@5=2;2@6=2;2@7=5;2@9=1;2@4=3;2@8=5;3@0=2;3@1=1;3@2=3;3@5=2;3@6=1;3@7=2;3@9=1;3@4=3;4@0=2;4@1=3;4@2=1;4@3=4;4@5=2;4@6=2;4@7=4;4@9=4;4@4=13;4@8=2;5@0=3;5@1=4;5@2=3;5@3=1;5@5=1;5@7=2;5@9=2;5@4=4;5@8=4;6@1=1;6@2=1;6@3=2;6@5=1;6@6=1;6@7=1;6@4=1;6@8=1;7@0=1;7@1=1;7@2=2;7@5=1;7@7=2;7@4=1;8@1=1;8@2=2;8@5=2;8@9=1;8@4=2;8@8=1;9@0=2;9@1=2;9@2=4;9@3=1;9@5=1;9@6=1;9@7=4;9@9=1;9@4=4,"0,1,2,3,5,6,7,9,4,8",177,79,79,0,1.0,-0.8753886311041923,0.1,0.02461136889580762,0.0,0.0,0.9999999999999999,0.3487117290496826,Feasible
1273,1272,11,5,6,"ADD:1,2;ADD:3,8;ADD:5,8;ADD:6,2;ADD:7,8;REMOVE:0,3;REMOVE:3,2;REMOVE:5,2;REMOVE:6,8;REMOVE:7,2;REMOVE:8,2",0:3|7;1:7;2:2|7;3:2|7;4:2|7;5:2|7;6:7|8;7:2|7;8:2|8;9:2|7,0:7;1:2|7;2:2|7;3:7|8;4:2|7;5:7|8;6:2|7;7:7|8;8:8;9:2|7,0@0=4;0@1=3;0@2=4;0@3=2;0@4=1;0@6=1;0@8=1;0@9=1;1@0=3;1@1=2;1@2=1;1@3=1;1@4=5;1@9=1;1@5=1;1@7=1;2@0=1;2@2=5;2@4=6;2@6=2;2@8=3;2@9=1;2@5=2;2@7=2;3@1=2;3@2=2;3@4=4;3@8=3;3@9=1;3@5=4;3@7=3;4@0=2;4@1=3;4@2=6;4@3=3;4@4=3;4@6=1;4@8=3;4@9=1;4@5=3;4@7=2;5@0=1;5@1=3;5@2=4;5@3=4;5@4=6;5@6=3;5@8=4;5@5=2;6@0=1;6@1=3;6@2=4;6@3=1;6@4=5;6@6=3;6@9=1;6@5=5;7@1=1;7@2=2;7@4=2;7@6=2;7@8=2;7@9=2;7@5=1;8@2=3;8@4=3;8@6=1;8@5=2;9@0=1;9@1=3;9@2=3;9@3=6;9@4=6;9@6=1;9@8=2;9@9=1;9@5=3;9@7=3,"0,1,2,3,4,6,8,9,5,7",200,78,78,0,1.0,-0.16285270244727473,0.3157894736842105,0.021357823868514734,0.0,0.0,0.5,0.38587093353271484,Feasible
1274,1273,7,3,4,"ADD:0,2;ADD:6,8;ADD:8,7;REMOVE:1,2;REMOVE:5,7;REMOVE:6,2;REMOVE:7,8",0:7;1:2|7;2:2|7;3:7|8;4:2|7;5:7|8;6:2|7;7:7|8;8:8;9:2|7,0:2|7;1:7;2:2|7;3:7|8;4:2|7;5:8;6:7|8;7:7;8:7|8;9:2|7,0@0=1;0@1=3;0@2=4;0@3=2;0@4=3;0@5=2;0@6=2;0@8=4;0@9=3;1@1=2;1@2=3;1@3=5;1@4=4;1@6=1;1@8=2;1@9=3;1@7=2;2@0=1;2@1=4;2@2=5;2@3=3;2@4=5;2@5=3;2@6=1;2@8=2;2@9=1;2@7=1;3@1=2;3@2=1;3@4=2;3@5=2;3@6=1;3@8=4;3@9=1;3@7=2;4@0=1;4@1=4;4@2=1;4@3=4;4@4=6;4@5=2;4@6=3;4@8=2;4@9=1;4@7=1;5@2=3;5@4=5;5@5=3;5@6=2;5@8=3;5@7=1;6@0=1;6@1=4;6@2=3;6@4=1;6@5=3;6@8=2;6@7=3;7@0=2;7@2=1;7@3=1;7@4=2;7@6=1;7@7=1;8@1=2;8@2=1;8@3=1;8@4=1;8@8=1;8@9=2;9@0=1;9@1=2;9@2=1;9@3=1;9@4=4;9@5=4;9@6=2;9@8=1;9@9=1;9@7=2,"0,1,2,3,4,5,6,8,9,7",181,80,80,0,1.0,-0.0592869585577811,0.2222222222222222,0.018490819219996735,0.0,0.0,0.30000000000000004,0.3565998077392578,Feasible
1275,1274,11,4,7,"ADD:1,8;ADD:5,7;ADD:7,2;ADD:7,3;REMOVE:0,2;REMOVE:1,7;REMOVE:2,2;REMOVE:4,2;REMOVE:6,7;REMOVE:7,7;REMOVE:8,8",0:2|7;1:7;2:2|7;3:7|8;4:2|7;5:8;6:7|8;7:7;8:7|8;9:2|7,0:7;1:8;2:7;3:7|8;4:7;5:7|8;6:8;7:2|3;8:7;9:2|7,0@0=1;0@1=2;0@2=3;0@4=6;0@6=4;0@7=2;0@8=1;0@9=3;1@1=1;1@2=2;1@4=1;1@7=2;1@5=2;2@0=3;2@1=2;2@2=8;2@4=1;2@6=1;2@7=1;2@3=2;3@0=1;3@1=6;3@2=5;3@4=2;3@6=3;3@7=1;3@5=2;4@1=2;4@2=4;4@4=5;4@7=2;4@8=3;4@3=1;5@0=1;5@1=6;5@2=7;5@4=3;5@6=1;5@7=2;5@8=3;5@5=3;5@3=2;6@1=3;6@2=5;6@4=5;6@6=3;6@7=2;6@8=1;6@5=3;7@1=2;7@2=3;7@4=4;7@9=2;7@5=1;7@3=2;8@2=1;8@4=1;8@7=3;8@3=1;9@0=3;9@1=2;9@2=2;9@4=1;9@6=1;9@7=2;9@8=1;9@9=1;9@5=2;9@3=1,"0,1,2,4,6,7,8,9,5,3",171,69,69,0,1.0,0.02593504809825098,0.4117647058823529,0.014170342215898083,0.0,0.0,0.4,0.36035585403442383,Feasible
1276,1275,14,7,7,"ADD:1,7;ADD:3,3;ADD:4,2;ADD:6,2;ADD:6,7;ADD:7,7;ADD:8,2;REMOVE:1,8;REMOVE:3,8;REMOVE:5,8;REMOVE:6,8;REMOVE:7,3;REMOVE:8,7;REMOVE:9,2",0:7;1:8;2:7;3:7|8;4:7;5:7|8;6:8;7:2|3;8:7;9:2|7,0:7;1:7;2:7;3:3|7;4:2|7;5:7;6:2|7;7:2|7;8:2;9:7,0@1=3;0@3=1;0@4=2;0@6=1;0@8=1;1@3=1;1@4=2;1@6=1;1@2=2;1@7=1;2@1=2;2@3=1;2@4=7;2@6=1;2@8=1;2@2=1;2@0=1;2@9=1;3@1=1;3@3=1;3@6=2;3@2=3;3@7=1;3@0=1;3@9=2;3@5=2;4@1=1;4@3=1;4@4=1;4@6=1;4@8=1;4@2=3;4@0=1;4@9=1;4@5=2;5@1=2;5@4=2;5@6=2;5@8=2;5@7=1;5@0=2;6@1=1;6@4=1;6@6=1;6@2=3;6@0=1;6@9=1;6@5=2;7@1=2;7@4=1;7@2=4;7@0=1;7@9=1;7@5=1;8@4=1;8@2=3;8@0=1;8@9=1;9@1=1;9@3=1;9@4=3;9@2=3;9@9=1,"1,3,4,6,8,2,7,0,9,5",101,63,63,0,1.0,-0.1822995871155485,0.5,0.017700412884451483,0.0,0.0,0.7,0.3547697067260742,Feasible
1277,1276,16,8,8,"ADD:0,2;ADD:0,9;ADD:1,8;ADD:2,2;ADD:3,2;ADD:4,8;ADD:5,4;ADD:8,8;REMOVE:0,7;REMOVE:1,7;REMOVE:3,3;REMOVE:4,2;REMOVE:5,7;REMOVE:6,2;REMOVE:7,7;REMOVE:8,2",0:7;1:7;2:7;3:3|7;4:2|7;5:7;6:2|7;7:2|7;8:2;9:7,0:2|9;1:8;2:2|7;3:2|7;4:7|8;5:4;6:7;7:2;8:8;9:7,0@1=2;0@2=6;0@4=5;0@5=1;0@9=1;1@1=2;1@2=1;1@4=2;1@6=1;2@1=3;2@2=3;2@4=4;2@5=2;2@9=1;2@0=2;2@3=2;2@7=1;2@8=2;3@1=1;3@2=1;3@4=1;3@5=1;3@9=3;3@0=2;3@3=1;3@7=2;3@8=1;4@1=6;4@4=3;4@5=4;4@0=2;4@8=2;5@2=2;5@4=2;6@1=1;6@2=4;6@0=1;6@3=1;6@7=1;7@2=1;7@4=1;7@5=1;8@1=1;8@2=1;8@4=2;9@2=3;9@4=2;9@6=1;9@0=2;9@7=1;9@8=1,"1,2,4,5,9,6,0,3,7,8",100,51,51,0,1.0,-0.20781388574998227,0.5714285714285714,0.0207575428214463,0.0,0.0,0.7999999999999999,0.326077938079834,Feasible
1278,1277,14,7,7,"ADD:0,7;ADD:1,7;ADD:2,8;ADD:5,2;ADD:5,7;ADD:6,8;ADD:7,7;REMOVE:0,2;REMOVE:0,9;REMOVE:1,8;REMOVE:2,2;REMOVE:3,2;REMOVE:5,4;REMOVE:7,2",0:2|9;1:8;2:2|7;3:2|7;4:7|8;5:4;6:7;7:2;8:8;9:7,0:7;1:7;2:7|8;3:7;4:7|8;5:2|7;6:7|8;7:7;8:8;9:7,0@0=1;0@1=4;0@2=2;0@3=2;0@4=2;0@6=3;0@7=2;0@8=1;0@9=1;1@1=1;1@2=1;1@3=1;1@4=1;1@6=1;2@0=4;2@1=3;2@2=3;2@4=2;2@6=2;2@7=3;2@8=1;2@9=5;2@5=2;3@0=4;3@1=5;3@2=1;3@3=1;3@4=2;3@7=2;3@8=3;3@9=3;4@0=1;4@1=2;4@3=2;4@4=6;4@6=3;4@7=1;4@8=2;4@5=5;5@0=1;5@1=1;5@2=2;5@3=2;5@4=3;5@6=1;5@7=2;5@8=1;5@9=2;5@5=1;6@0=1;6@1=5;6@2=8;6@3=1;6@4=4;6@6=1;6@7=1;6@8=1;6@5=1;7@0=1;7@1=1;7@2=1;7@3=1;7@4=3;7@6=2;8@1=2;8@2=1;8@4=1;8@6=1;9@0=2;9@1=2;9@2=6;9@3=1;9@4=6;9@6=1;9@7=3,"0,1,2,3,4,6,7,8,9,5",165,75,75,0,1.0,-0.18854288546295006,0.5,0.011457114537049885,0.0,0.0,0.7,0.36242103576660156,Feasible
1279,1278,16,10,6,"ADD:0,8;ADD:1,2;ADD:1,3;ADD:4,2;ADD:5,8;ADD:7,5;ADD:7,8;ADD:8,2;ADD:8,7;ADD:9,2;REMOVE:0,7;REMOVE:1,7;REMOVE:4,8;REMOVE:5,2;REMOVE:7,7;REMOVE:8,8",0:7;1:7;2:7|8;3:7;4:7|8;5:2|7;6:7|8;7:7;8:8;9:7,0:8;1:2|3;2:7|8;3:7;4:2|7;5:7|8;6:7|8;7:5|8;8:2|7;9:2|7,0@1=3;0@2=2;0@4=2;0@5=1;0@6=4;0@8=2;1@1=1;1@2=6;1@5=2;1@0=3;1@3=2;1@9=2;2@1=4;2@2=2;2@4=3;2@5=1;2@6=1;2@8=2;2@0=3;2@3=1;2@7=1;3@1=2;3@2=3;3@4=5;3@6=1;3@8=2;3@0=3;3@7=1;4@1=5;4@2=5;4@4=8;4@5=2;4@6=4;4@8=3;4@0=3;4@3=2;4@9=2;4@7=1;5@1=2;5@2=5;5@4=2;5@5=1;5@6=1;5@8=2;5@3=3;5@9=3;5@7=1;6@1=1;6@2=5;6@4=3;6@5=2;6@6=2;6@8=2;6@0=2;6@9=2;6@7=3;7@1=1;7@5=1;7@8=1;7@0=1;8@1=1;8@2=3;8@4=3;8@5=1;8@6=1;8@0=1;8@3=1;9@1=5;9@2=7;9@4=3;9@5=3;9@6=2;9@8=1;9@0=1;9@3=1;9@9=5;9@7=2,"1,2,4,5,6,8,0,3,9,7",187,77,77,0,1.0,-0.5485364571785267,0.42857142857142855,0.022892114250044622,0.0,0.0,0.9999999999999999,0.3633139133453369,Feasible
1280,1279,12,6,6,"ADD:0,7;ADD:3,2;ADD:3,8;ADD:5,2;ADD:6,2;ADD:8,3;REMOVE:0,8;REMOVE:1,3;REMOVE:3,7;REMOVE:5,8;REMOVE:6,8;REMOVE:8,7",0:8;1:2|3;2:7|8;3:7;4:2|7;5:7|8;6:7|8;7:5|8;8:2|7;9:2|7,0:7;1:2;2:7|8;3:2|8;4:2|7;5:2|7;6:2|7;7:5|8;8:2|3;9:2|7,0@0=2;0@2=6;0@3=2;0@4=1;0@7=1;0@8=2;0@9=2;1@2=1;1@4=1;1@9=1;1@5=1;2@0=1;2@2=6;2@3=2;2@4=5;2@7=1;2@8=2;2@5=2;2@1=2;2@6=1;3@2=4;3@4=6;3@8=2;3@9=4;3@5=1;3@1=1;4@2=4;4@3=1;4@4=4;4@8=1;4@9=1;4@5=2;4@1=3;4@6=1;5@0=1;5@2=3;5@3=4;5@4=5;5@5=2;5@1=3;5@6=1;6@2=4;6@3=1;6@4=1;6@7=3;6@5=1;6@6=2;7@2=1;7@3=2;7@4=2;7@7=1;7@8=1;7@5=2;7@1=2;8@2=1;8@3=1;8@4=1;8@5=1;8@1=3;9@2=2;9@4=4;9@7=1;9@9=1;9@5=1;9@1=2,"0,2,3,4,7,8,9,5,1,6",137,65,65,0,1.0,-0.24159724879731814,0.3333333333333333,0.0250694178693485,0.0,0.0,0.6,0.3453249931335449,Feasible
1281,1280,16,7,9,"ADD:0,8;ADD:1,7;ADD:2,2;ADD:3,7;ADD:7,7;ADD:8,7;ADD:9,8;REMOVE:0,7;REMOVE:1,2;REMOVE:2,8;REMOVE:3,2;REMOVE:4,2;REMOVE:5,2;REMOVE:7,5;REMOVE:7,8;REMOVE:9,2",0:7;1:2;2:7|8;3:2|8;4:2|7;5:2|7;6:2|7;7:5|8;8:2|3;9:2|7,0:8;1:7;2:2|7;3:7|8;4:7;5:7;6:2|7;7:7;8:2|3|7;9:7|8,0@1=1;0@2=4;0@4=2;0@6=2;0@8=1;1@1=2;1@2=2;1@4=1;1@3=1;1@9=1;2@1=3;2@2=2;2@4=4;2@6=1;2@8=2;2@3=3;2@9=2;2@0=1;2@5=1;2@7=1;3@1=1;3@2=2;3@4=5;3@6=1;3@8=2;3@3=1;3@9=2;3@5=2;3@7=1;4@1=6;4@2=3;4@4=5;4@6=3;4@3=1;4@9=2;4@7=2;5@1=1;5@2=4;5@4=4;5@6=3;5@8=1;5@0=2;5@7=2;6@1=1;6@2=4;6@4=2;6@8=1;6@9=2;6@0=1;6@5=1;6@7=2;7@1=2;7@6=1;7@8=1;7@0=1;8@1=2;8@2=2;8@4=1;8@3=1;8@0=2;8@5=1;9@1=2;9@2=3;9@4=2;9@6=1;9@8=5;9@3=3;9@5=3;9@7=1,"1,2,4,6,8,3,9,0,5,7",141,69,69,0,1.0,-0.18275154784332148,0.5,0.01724845215667851,0.0,0.0,0.7,0.3551919460296631,Feasible
1282,1281,9,3,6,"ADD:0,2;ADD:1,8;ADD:5,2;REMOVE:2,2;REMOVE:3,8;REMOVE:5,7;REMOVE:8,2;REMOVE:8,3;REMOVE:9,8",0:8;1:7;2:2|7;3:7|8;4:7;5:7;6:2|7;7:7;8:2|3|7;9:7|8,0:2|8;1:7|8;2:7;3:7;4:7;5:2;6:2|7;7:7;8:7;9:7,0@1=4;0@2=1;0@4=2;0@5=1;0@8=2;0@9=1;1@1=3;1@2=2;1@4=4;1@5=1;1@0=1;1@6=2;2@1=4;2@2=1;2@4=5;2@8=2;2@9=3;2@0=1;3@1=1;3@2=1;3@4=2;3@9=1;3@0=2;3@6=4;3@3=2;3@7=1;4@1=1;4@2=2;4@4=1;4@9=1;4@0=1;4@6=1;4@3=1;4@7=1;5@4=4;5@5=4;5@9=1;6@1=2;6@2=5;6@4=3;6@5=1;6@8=1;6@9=1;6@0=3;6@6=1;6@3=1;7@1=1;7@2=3;7@4=1;7@9=2;7@0=1;7@6=1;8@1=1;8@2=1;8@4=2;8@3=1;9@1=2;9@2=2;9@4=3;9@9=1;9@0=3;9@6=1;9@3=1;9@7=1,"1,2,4,5,8,9,0,6,3,7",118,64,64,0,1.0,0.08518708269430142,0.375,0.010187082694301438,0.0,0.0,0.30000000000000004,0.32638096809387207,Feasible
1283,1282,12,6,6,"ADD:0,9;ADD:1,2;ADD:2,2;ADD:5,9;ADD:6,8;ADD:8,8;REMOVE:0,2;REMOVE:0,8;REMOVE:1,8;REMOVE:5,2;REMOVE:6,2;REMOVE:6,7",0:2|8;1:7|8;2:7;3:7;4:7;5:2;6:2|7;7:7;8:7;9:7,0:9;1:2|7;2:2|7;3:7;4:7;5:9;6:8;7:7;8:7|8;9:7,0@1=1;0@2=1;0@3=1;0@6=1;0@7=1;0@9=2;1@1=2;1@2=1;1@3=3;1@7=1;1@0=2;1@4=1;1@5=1;2@1=1;2@2=3;2@3=1;2@7=1;2@0=1;2@4=5;2@5=1;2@8=1;3@1=1;3@2=2;3@7=1;3@0=2;3@4=1;3@8=2;4@1=1;4@2=3;4@6=1;4@7=1;4@9=2;4@4=2;5@1=1;5@2=1;6@2=1;6@7=1;6@4=1;6@5=1;6@8=1;7@1=1;7@2=1;7@0=1;7@4=1;8@1=1;8@9=2;8@0=1;8@4=1;8@5=1;8@8=1;9@2=4;9@3=2;9@6=2;9@0=2;9@4=1,"1,2,3,6,7,9,0,4,5,8",80,55,55,0,1.0,-0.12252738374731192,0.46153846153846156,0.015934154714226493,0.0,0.0,0.6,0.29395413398742676,Feasible
1284,1283,20,12,8,"ADD:0,3;ADD:0,5;ADD:1,8;ADD:2,3;ADD:3,3;ADD:4,2;ADD:5,2;ADD:5,3;ADD:6,2;ADD:7,8;ADD:8,5;ADD:9,8;REMOVE:0,9;REMOVE:1,2;REMOVE:1,7;REMOVE:2,2;REMOVE:2,7;REMOVE:5,9;REMOVE:7,7;REMOVE:8,7",0:9;1:2|7;2:2|7;3:7;4:7;5:9;6:8;7:7;8:7|8;9:7,0:3|5;1:8;2:3;3:3|7;4:2|7;5:2|3;6:2|8;7:8;8:5|8;9:7|8,0@3=3;0@5=1;0@8=1;0@9=1;1@5=2;1@8=1;1@1=1;2@5=2;2@9=1;2@1=1;2@2=3;3@3=2;3@5=1;3@9=2;3@1=4;3@2=1;3@4=4;3@7=1;4@3=3;4@5=1;4@8=2;4@9=1;4@1=3;4@2=4;4@4=5;4@0=2;4@6=1;5@3=2;5@5=1;5@1=1;5@2=1;5@4=1;6@5=2;6@8=2;6@9=1;6@2=2;6@4=1;6@0=1;6@6=2;7@8=1;7@2=1;7@7=1;7@6=1;8@3=1;8@5=1;8@8=1;8@0=1;8@6=1;9@5=1;9@9=2;9@1=1;9@2=1;9@4=1;9@7=3;9@6=3,"3,5,8,9,1,2,4,7,0,6",92,55,55,0,1.0,-0.5585803745253124,0.6153846153846154,0.026035010090072145,0.0,0.0,1.2,0.27053189277648926,Feasible
1285,1284,24,12,12,"ADD:0,2;ADD:0,7;ADD:1,7;ADD:2,7;ADD:2,8;ADD:3,2;ADD:4,8;ADD:5,7;ADD:5,8;ADD:6,7;ADD:7,2;ADD:8,7;REMOVE:0,3;REMOVE:0,5;REMOVE:1,8;REMOVE:2,3;REMOVE:3,3;REMOVE:4,2;REMOVE:5,2;REMOVE:5,3;REMOVE:6,2;REMOVE:6,8;REMOVE:8,8;REMOVE:9,8",0:3|5;1:8;2:3;3:3|7;4:2|7;5:2|3;6:2|8;7:8;8:5|8;9:7|8,0:2|7;1:7;2:7|8;3:2|7;4:7|8;5:7|8;6:7;7:2|8;8:5|7;9:7,0@0=3;0@1=1;0@2=2;0@3=1;0@4=7;0@5=1;0@7=2;0@9=1;1@1=1;1@2=2;1@7=1;1@6=1;2@1=4;2@2=4;2@3=1;2@4=4;2@5=1;2@9=4;2@6=1;2@8=1;3@2=5;3@3=2;3@4=3;3@5=1;3@7=1;3@9=1;3@6=1;4@1=6;4@2=4;4@4=4;4@5=1;4@7=1;4@9=1;4@6=2;5@0=2;5@4=2;5@5=2;5@7=2;5@9=2;5@6=1;5@8=3;6@0=2;6@1=1;6@2=4;6@3=4;6@4=4;6@9=3;6@8=2;7@1=1;7@2=1;7@4=2;7@5=1;7@9=1;7@8=2;8@0=1;8@1=2;8@2=1;8@4=3;8@9=1;9@1=3;9@2=2;9@3=2;9@4=3;9@7=1;9@9=2;9@6=1,"0,1,2,3,4,5,7,9,6,8",140,66,66,0,1.0,-0.4770995704062406,0.7058823529411765,0.017018076652582852,0.0,0.0,1.2,0.3157660961151123,Feasible
1286,1285,12,6,6,"ADD:5,2;ADD:6,2;ADD:7,7;ADD:8,2;ADD:9,2;ADD:9,3;REMOVE:3,2;REMOVE:4,8;REMOVE:5,8;REMOVE:7,8;REMOVE:8,5;REMOVE:9,7",0:2|7;1:7;2:7|8;3:2|7;4:7|8;5:7|8;6:7;7:2|8;8:5|7;9:7,0:2|7;1:7;2:7|8;3:7;4:7;5:2|7;6:2|7;7:2|7;8:2|7;9:2|3,0@0=2;0@1=6;0@2=1;0@3=1;0@4=2;0@5=1;0@7=2;0@9=1;1@3=1;1@8=1;2@1=4;2@2=3;2@4=1;2@5=3;2@7=2;2@9=1;2@6=1;3@0=2;3@1=2;3@2=3;3@3=2;3@4=2;3@7=1;3@9=2;3@8=3;4@0=2;4@1=3;4@2=2;4@3=3;4@4=3;4@7=2;4@6=1;5@0=2;5@2=2;5@3=1;5@4=3;5@5=1;5@7=1;5@8=1;5@6=1;6@0=2;6@1=3;6@2=3;6@3=2;6@5=2;6@7=1;6@9=3;6@8=2;6@6=2;7@0=1;7@1=3;7@2=1;7@3=1;7@4=3;7@5=1;7@9=1;7@8=1;8@0=1;8@2=2;8@4=3;8@5=1;8@9=2;8@6=2;9@1=3;9@2=2;9@3=1;9@4=4;9@5=2;9@9=1,"0,1,2,3,4,5,7,9,8,6",134,69,69,0,1.0,-0.23285548913873394,0.35294117647058826,0.014203334390677782,0.0,0.0,0.6,0.35054636001586914,Feasible
1287,1286,15,6,9,"ADD:1,5;ADD:2,2;ADD:3,2;ADD:5,3;ADD:7,8;ADD:9,7;REMOVE:0,7;REMOVE:1,7;REMOVE:2,8;REMOVE:5,2;REMOVE:5,7;REMOVE:7,2;REMOVE:8,2;REMOVE:9,2;REMOVE:9,3",0:2|7;1:7;2:7|8;3:7;4:7;5:2|7;6:2|7;7:2|7;8:2|7;9:2|3,0:2;1:5;2:2|7;3:2|7;4:7;5:3;6:2|7;7:7|8;8:7;9:7,0@2=2;0@3=3;0@4=3;0@5=2;0@7=3;0@8=2;1@5=1;2@2=3;2@3=1;2@4=3;2@5=1;2@8=3;2@0=2;2@1=1;2@6=1;2@9=3;3@2=2;3@3=1;3@4=1;3@5=2;3@7=1;3@0=1;3@1=1;3@6=2;3@9=2;4@2=2;4@3=3;4@4=4;4@7=3;4@8=4;4@1=3;4@6=2;4@9=3;5@3=2;5@5=1;5@1=3;5@9=1;6@2=6;6@3=1;6@4=4;6@5=1;6@7=2;6@8=2;6@0=1;6@1=2;7@2=3;7@4=1;7@5=2;7@7=1;7@1=2;7@6=1;7@9=1;8@2=6;8@3=2;8@4=5;8@7=1;8@0=1;8@1=1;8@6=1;9@2=3;9@3=2;9@4=1;9@7=1;9@8=1;9@0=3;9@1=1;9@6=2;9@9=1,"2,3,4,5,7,8,0,1,6,9",140,68,68,0,1.0,-0.05303484210651166,0.5294117647058824,0.017553393187605973,0.0,0.0,0.6,0.37108826637268066,Feasible
1288,1287,13,7,6,"ADD:0,8;ADD:3,3;ADD:4,2;ADD:5,2;ADD:5,7;ADD:8,2;ADD:8,8;REMOVE:1,5;REMOVE:2,2;REMOVE:3,2;REMOVE:5,3;REMOVE:7,8;REMOVE:8,7",0:2;1:5;2:2|7;3:2|7;4:7;5:3;6:2|7;7:7|8;8:7;9:7,0:2|8;1:-;2:7;3:3|7;4:2|7;5:2|7;6:2|7;7:7;8:2|8;9:7,0@1=2;0@2=1;0@4=2;0@5=1;0@8=2;0@9=1;2@1=1;2@2=5;2@4=3;2@8=2;2@9=1;2@6=1;3@1=1;3@2=1;3@5=1;3@8=1;3@9=5;3@3=2;3@7=1;4@1=1;4@2=4;4@4=3;4@5=1;4@8=3;4@9=8;4@6=2;4@3=3;4@7=1;4@0=1;5@1=2;5@2=1;5@4=1;5@5=2;5@8=1;5@9=1;5@3=2;5@7=1;6@1=3;6@2=2;6@4=8;6@5=1;6@8=1;6@3=5;6@7=2;6@0=1;7@1=1;7@2=2;7@4=3;7@9=1;7@3=1;8@1=2;8@2=1;8@4=1;8@5=1;8@8=1;8@3=1;8@0=1;9@1=1;9@2=4;9@4=2;9@8=1;9@9=2;9@6=1;9@7=1;9@0=2,"1,2,4,5,8,9,6,3,7,0",125,65,65,0,1.0,-0.25514314437533214,0.42857142857142855,0.016285427053239255,0.0,0.0,0.7,0.3681018352508545,Feasible
1289,1288,11,5,6,"ADD:0,7;ADD:2,2;ADD:6,8;ADD:7,2;ADD:8,7;REMOVE:0,2;REMOVE:3,3;REMOVE:4,2;REMOVE:6,2;REMOVE:7,7;REMOVE:8,2",0:2|8;1:-;2:7;3:3|7;4:2|7;5:2|7;6:2|7;7:7;8:2|8;9:7,0:7|8;1:-;2:2|7;3:7;4:7;5:2|7;6:7|8;7:2;8:7|8;9:7,0@0=2;0@1=1;0@2=4;0@4=5;0@5=2;0@6=2;0@7=2;0@8=1;0@9=2;2@0=3;2@1=3;2@2=5;2@5=1;2@7=1;2@8=2;2@9=1;3@1=2;3@2=2;3@4=1;3@6=1;3@7=1;3@9=1;4@1=2;4@2=1;4@4=2;4@6=1;4@7=1;4@8=1;4@3=1;5@0=2;5@1=2;5@2=4;5@4=4;5@5=1;5@9=2;6@0=1;6@1=1;6@2=5;6@4=3;6@5=2;6@6=1;6@7=2;6@8=3;7@0=1;7@2=5;7@5=2;7@8=1;7@9=4;8@0=1;8@1=1;8@2=1;8@4=2;8@5=1;8@6=1;8@8=3;8@9=2;9@0=2;9@1=2;9@4=1;9@6=1;9@7=1;9@8=1;9@9=1,"0,1,2,4,5,6,7,8,9,3",121,63,63,0,1.0,-0.07805756136089292,0.4,0.02194243863910707,0.0,0.0,0.5,0.35779309272766113,Feasible
1290,1289,12,4,8,"ADD:0,5;ADD:6,2;ADD:7,8;ADD:7,9;REMOVE:0,7;REMOVE:0,8;REMOVE:2,2;REMOVE:5,2;REMOVE:6,7;REMOVE:6,8;REMOVE:7,2;REMOVE:8,7",0:7|8;1:-;2:2|7;3:7;4:7;5:2|7;6:7|8;7:2;8:7|8;9:7,0:5;1:-;2:7;3:7;4:7;5:7;6:2;7:8|9;8:8;9:7,0@2=1;0@3=1;0@5=3;2@3=1;2@1=1;2@4=1;2@6=1;2@7=1;2@8=2;3@3=1;3@4=1;3@8=1;4@2=3;4@3=2;4@1=2;4@6=2;4@7=2;4@8=1;4@0=2;4@9=2;5@2=5;5@1=1;5@6=1;5@7=1;5@8=1;5@9=1;6@2=4;6@3=2;6@4=2;6@8=1;7@5=1;7@1=2;7@4=1;7@9=1;8@5=1;8@1=2;8@6=1;8@8=2;9@2=3;9@1=3;9@4=3;9@7=1;9@8=2;9@9=1,"2,3,5,1,4,6,7,8,0,9",74,44,44,0,1.0,0.1912183867192161,0.5714285714285714,0.01978981529064476,0.0,0.0,0.4,0.30401015281677246,Feasible
1291,1290,17,10,7,"ADD:0,2;ADD:2,2;ADD:4,2;ADD:4,8;ADD:5,2;ADD:5,3;ADD:6,7;ADD:6,8;ADD:7,7;ADD:8,7;REMOVE:0,5;REMOVE:4,7;REMOVE:5,7;REMOVE:6,2;REMOVE:7,8;REMOVE:7,9;REMOVE:8,8",0:5;1:-;2:7;3:7;4:7;5:7;6:2;7:8|9;8:8;9:7,0:2;1:-;2:2|7;3:7;4:2|8;5:2|3;6:7|8;7:7;8:7;9:7,0@2=3;0@3=1;0@5=3;0@7=2;0@8=1;0@9=1;2@2=5;2@3=1;2@5=1;2@7=1;2@8=1;2@9=1;2@0=1;2@1=3;2@4=1;3@2=1;3@3=1;3@0=1;3@1=1;3@4=2;4@2=2;4@5=2;4@8=2;4@9=1;4@4=1;4@6=2;5@2=3;5@3=2;5@5=1;5@1=1;5@4=1;6@2=2;6@5=1;6@8=1;6@9=1;6@1=2;6@4=2;6@6=1;7@2=1;7@3=1;7@7=3;7@8=1;7@1=2;7@4=2;8@7=1;8@1=1;8@6=1;9@2=2;9@3=2;9@8=4;9@1=4,"2,3,5,7,8,9,0,1,4,6",85,51,51,0,1.0,-0.27145379540843584,0.7,0.0285462045915641,0.0,0.0,0.9999999999999999,0.2888948917388916,Feasible
1292,1291,11,6,5,"ADD:0,7;ADD:2,8;ADD:3,2;ADD:4,7;ADD:5,7;ADD:5,8;REMOVE:2,7;REMOVE:4,2;REMOVE:5,2;REMOVE:5,3;REMOVE:6,8",0:2;1:-;2:2|7;3:7;4:2|8;5:2|3;6:7|8;7:7;8:7;9:7,0:2|7;1:-;2:2|8;3:2|7;4:7|8;5:7|8;6:7;7:7;8:7;9:7,0@0=1;0@1=4;0@2=6;0@4=2;0@5=3;0@6=3;0@7=1;0@9=1;2@0=1;2@1=3;2@2=3;2@4=3;2@5=1;2@9=2;2@8=1;3@0=1;3@1=1;3@2=2;3@5=1;3@7=3;3@9=2;4@1=6;4@2=6;4@4=5;4@5=1;4@6=1;4@8=1;4@3=1;5@0=1;5@1=1;5@2=3;5@4=3;5@5=1;5@6=1;5@9=1;5@8=1;6@0=3;6@1=1;6@2=4;6@4=1;6@9=1;7@0=2;7@1=3;7@6=1;7@7=2;7@9=1;8@1=3;8@2=1;8@4=4;8@7=1;8@9=1;8@3=1;9@1=2;9@2=6;9@4=3;9@6=1;9@9=1;9@8=1,"0,1,2,4,5,6,7,9,8,3",122,58,58,0,1.0,-0.1973600616461223,0.38461538461538464,0.01802455373849304,0.0,0.0,0.6,0.3511979579925537,Feasible
1293,1292,18,8,10,"ADD:0,3;ADD:1,7;ADD:2,3;ADD:2,7;ADD:5,3;ADD:6,8;ADD:7,5;ADD:8,5;REMOVE:0,2;REMOVE:0,7;REMOVE:2,2;REMOVE:2,8;REMOVE:3,2;REMOVE:4,8;REMOVE:5,7;REMOVE:5,8;REMOVE:6,7;REMOVE:7,7",0:2|7;1:-;2:2|8;3:2|7;4:7|8;5:7|8;6:7;7:7;8:7;9:7,0:3;1:7;2:3|7;3:7;4:7;5:3;6:8;7:5;8:5|7;9:7,0@2=1;0@3=1;0@5=1;0@7=1;0@9=1;1@7=1;1@0=1;1@1=1;1@4=3;1@6=2;1@8=1;2@2=6;2@3=1;2@5=1;2@7=1;2@9=2;2@1=5;2@4=6;2@6=1;3@2=2;3@3=1;3@7=3;3@0=1;3@1=2;3@4=3;3@6=1;4@2=7;4@3=3;4@7=2;4@9=1;4@0=3;4@1=5;4@4=4;4@6=1;4@8=1;5@2=2;5@3=3;5@1=1;6@2=5;6@5=1;6@7=3;6@1=1;6@4=6;7@2=2;7@3=2;7@5=1;7@0=2;7@8=1;8@3=2;8@5=1;8@0=2;8@4=1;8@6=1;9@2=4;9@3=2;9@0=2;9@1=3;9@4=4;9@6=2;9@8=2,"2,3,5,7,9,0,1,4,6,8",133,60,60,0,1.0,-0.07515931956288613,0.7142857142857143,0.010554966151399527,0.0,0.0,0.7999999999999999,0.392193078994751,Feasible
1294,1293,17,11,6,"ADD:0,7;ADD:1,2;ADD:2,8;ADD:3,3;ADD:5,2;ADD:5,7;ADD:6,2;ADD:6,7;ADD:7,7;ADD:7,8;ADD:8,8;REMOVE:0,3;REMOVE:2,3;REMOVE:5,3;REMOVE:6,8;REMOVE:7,5;REMOVE:8,5",0:3;1:7;2:3|7;3:7;4:7;5:3;6:8;7:5;8:5|7;9:7,0:7;1:2|7;2:7|8;3:3|7;4:7;5:2|7;6:2|7;7:7|8;8:7|8;9:7,0@0=1;0@1=2;0@2=1;0@3=1;0@4=1;0@7=2;0@8=1;1@0=2;1@1=2;1@2=3;1@7=2;1@5=1;2@1=4;2@2=2;2@3=1;2@4=6;2@7=4;2@8=2;2@5=3;2@6=2;2@9=1;3@0=1;3@1=1;3@2=1;3@3=1;3@7=1;3@5=2;3@9=1;4@0=1;4@1=2;4@2=1;4@3=2;4@4=5;4@7=1;5@0=2;5@1=1;5@2=2;5@4=6;5@7=1;5@5=1;5@9=2;6@0=1;6@1=3;6@2=2;6@3=1;6@4=5;6@5=2;6@6=3;6@9=1;7@1=1;7@2=1;7@3=1;7@4=1;7@5=1;7@6=1;8@1=2;8@2=1;8@3=2;8@4=1;8@7=1;8@8=2;8@5=2;9@0=1;9@1=1;9@2=5;9@3=1;9@4=2;9@7=2;9@9=1,"0,1,2,3,4,7,8,5,6,9",127,69,69,0,1.0,-0.5806406808072755,0.5,0.019359319192724343,0.0,0.0,1.0999999999999999,0.3897080421447754,Feasible
1295,1294,14,6,8,"ADD:0,8;ADD:2,2;ADD:3,2;ADD:4,3;ADD:7,2;ADD:7,9;REMOVE:0,7;REMOVE:2,8;REMOVE:3,3;REMOVE:5,2;REMOVE:6,2;REMOVE:7,7;REMOVE:7,8;REMOVE:8,8",0:7;1:2|7;2:7|8;3:3|7;4:7;5:2|7;6:2|7;7:7|8;8:7|8;9:7,0:8;1:2|7;2:2|7;3:2|7;4:3|7;5:7;6:7;7:2|9;8:7;9:7,0@4=1;0@6=4;0@7=1;0@8=1;1@4=1;1@7=1;1@8=2;1@0=1;1@1=2;1@2=1;1@3=1;1@5=1;2@4=5;2@6=4;2@7=3;2@8=1;2@0=2;2@1=5;2@2=2;2@3=1;2@5=1;2@9=1;3@4=3;3@6=1;3@8=1;3@2=1;3@5=1;3@9=1;4@4=4;4@6=2;4@7=1;4@1=1;4@2=1;4@3=1;4@5=3;4@9=1;5@4=1;5@6=1;5@1=2;5@2=2;5@3=2;5@9=1;6@4=6;6@6=1;6@7=1;6@8=1;6@0=1;6@1=2;6@2=3;6@3=1;6@9=1;7@6=4;7@2=4;7@5=1;7@9=2;8@4=1;8@6=1;8@7=1;8@1=3;8@2=1;8@3=1;9@6=1;9@7=2;9@8=1;9@0=2;9@1=2;9@2=2;9@3=1;9@9=1,"4,6,7,8,0,1,2,3,5,9",121,69,69,0,1.0,-0.11189029178581367,0.47058823529411764,0.01752147292006869,0.0,0.0,0.6,0.3436596393585205,Feasible
1296,1295,12,5,7,"ADD:0,9;ADD:1,3;ADD:4,2;ADD:5,9;ADD:6,3;REMOVE:0,8;REMOVE:1,2;REMOVE:1,7;REMOVE:3,2;REMOVE:4,3;REMOVE:5,7;REMOVE:7,2",0:8;1:2|7;2:2|7;3:2|7;4:3|7;5:7;6:7;7:2|9;8:7;9:7,0:9;1:3;2:2|7;3:7;4:2|7;5:9;6:3|7;7:9;8:7;9:7,0@1=2;0@2=5;0@3=1;0@6=1;1@1=3;1@2=3;1@3=1;1@5=1;2@2=3;2@3=2;2@6=3;2@5=3;2@0=1;2@4=1;2@7=1;2@9=1;3@1=1;3@2=2;3@3=1;3@4=2;3@7=1;3@9=1;4@1=1;4@2=5;4@3=3;4@5=1;4@0=1;4@4=3;4@9=1;4@8=1;5@1=1;5@2=1;5@3=1;5@6=2;5@7=1;5@9=1;6@1=2;6@2=2;6@3=2;6@6=1;6@5=1;6@4=2;6@9=1;7@2=1;7@3=1;7@6=1;8@1=2;8@2=2;8@3=1;8@6=2;8@4=3;9@1=1;9@2=1;9@3=1;9@6=1;9@4=1;9@7=2,"1,2,3,6,5,0,4,7,9,8",94,57,57,0,1.0,-0.016833569621534927,0.4666666666666667,0.01649976371179842,0.0,0.0,0.5,0.30141282081604004,Feasible
1297,1296,24,13,11,"ADD:0,7;ADD:1,2;ADD:2,3;ADD:2,9;ADD:3,9;ADD:4,8;ADD:5,7;ADD:6,2;ADD:7,2;ADD:7,8;ADD:8,2;ADD:9,2;ADD:9,3;REMOVE:0,9;REMOVE:1,3;REMOVE:2,2;REMOVE:2,7;REMOVE:3,7;REMOVE:4,2;REMOVE:5,9;REMOVE:6,3;REMOVE:7,9;REMOVE:8,7;REMOVE:9,7",0:9;1:3;2:2|7;3:7;4:2|7;5:9;6:3|7;7:9;8:7;9:7,0:7;1:2;2:3|9;3:9;4:7|8;5:7;6:2|7;7:2|8;8:2;9:2|3,0@0=1;0@3=2;0@4=3;0@6=1;0@9=1;1@3=1;1@4=3;1@2=1;2@3=1;2@6=2;2@2=1;2@1=2;2@5=1;3@6=1;3@2=1;4@9=1;4@2=3;4@1=2;4@5=1;4@7=1;4@8=1;5@0=1;5@3=1;5@4=5;5@9=1;5@1=2;6@3=4;6@4=1;6@9=1;6@2=3;6@1=1;6@5=1;6@7=1;6@8=1;7@3=2;7@4=1;7@2=1;7@1=2;7@5=1;7@8=1;8@3=1;8@4=2;8@2=1;9@3=1;9@4=1;9@9=1;9@2=1;9@1=1;9@5=1,"0,3,4,6,9,2,1,5,7,8",72,49,49,0,1.0,-0.43535979446852247,0.8461538461538461,0.01848635937763142,0.0,0.0,1.3,0.2805519104003906,Feasible
1298,1297,13,5,8,"ADD:1,8;ADD:2,7;ADD:3,7;ADD:7,5;ADD:9,7;REMOVE:1,2;REMOVE:2,3;REMOVE:2,9;REMOVE:3,9;REMOVE:6,2;REMOVE:7,2;REMOVE:7,8;REMOVE:9,3",0:7;1:2;2:3|9;3:9;4:7|8;5:7;6:2|7;7:2|8;8:2;9:2|3,0:7;1:8;2:7;3:7;4:7|8;5:7;6:7;7:5;8:2;9:2|7,0@0=1;0@1=1;0@2=2;0@3=2;0@6=1;0@8=1;1@2=1;1@6=1;1@4=1;1@5=1;1@7=1;2@1=1;2@3=1;2@6=2;2@8=1;2@4=1;2@7=1;3@0=3;3@1=3;3@6=1;3@8=1;3@4=2;3@9=1;4@0=1;4@1=1;4@2=2;4@6=1;4@8=1;4@4=2;4@5=1;4@7=1;4@9=1;5@4=2;5@7=1;6@0=1;6@1=2;6@2=2;6@3=1;6@8=1;6@4=1;6@9=3;7@3=1;7@5=1;8@2=2;8@3=2;8@4=1;9@0=1;9@2=3;9@6=1;9@4=3;9@5=1;9@7=1;9@9=1,"0,1,2,3,6,8,4,5,7,9",74,53,53,0,1.0,0.049167995925572416,0.5333333333333333,0.015834662592239097,0.0,0.0,0.5,0.3240838050842285,Feasible
1299,1298,17,11,6,"ADD:0,8;ADD:1,2;ADD:2,8;ADD:3,2;ADD:4,9;ADD:5,2;ADD:5,8;ADD:6,2;ADD:7,7;ADD:8,7;ADD:8,8;REMOVE:1,8;REMOVE:3,7;REMOVE:4,7;REMOVE:5,7;REMOVE:7,5;REMOVE:8,2",0:7;1:8;2:7;3:7;4:7|8;5:7;6:7;7:5;8:2;9:2|7,0:7|8;1:2;2:7|8;3:2;4:8|9;5:2|8;6:2|7;7:7;8:7|8;9:2|7,0@0=2;0@1=2;0@2=1;0@4=1;0@5=3;0@6=2;0@7=1;0@8=1;0@9=1;1@2=1;1@4=2;1@8=1;1@3=1;2@0=1;2@1=5;2@2=4;2@4=1;2@5=1;2@6=2;2@7=3;2@8=1;2@9=4;3@0=1;3@2=1;3@4=5;3@5=2;3@7=1;3@8=3;3@9=1;4@1=2;4@2=2;4@5=2;4@6=1;4@8=3;4@9=1;4@3=1;5@1=2;5@2=1;5@4=4;5@5=2;5@8=1;5@9=1;5@3=1;6@2=3;6@4=3;6@5=1;6@6=1;6@7=3;6@9=3;6@3=2;7@1=1;7@2=3;7@4=2;7@7=2;7@8=1;7@9=1;8@0=1;8@1=2;8@4=1;8@5=2;8@6=1;8@7=1;8@8=1;8@9=1;8@3=2;9@0=1;9@1=4;9@2=2;9@4=4;9@5=2;9@7=2;9@8=1;9@3=1,"0,1,2,4,5,6,7,8,9,3",134,73,73,0,1.0,-0.5786545093646357,0.5,0.0213454906353642,0.0,0.0,1.0999999999999999,0.3709440231323242,Feasible
1300,1299,10,3,7,"ADD:3,7;ADD:4,7;ADD:7,5;REMOVE:0,8;REMOVE:1,2;REMOVE:2,8;REMOVE:3,2;REMOVE:4,8;REMOVE:4,9;REMOVE:9,2",0:7|8;1:2;2:7|8;3:2;4:8|9;5:2|8;6:2|7;7:7;8:7|8;9:2|7,0:7;1:-;2:7;3:7;4:7;5:2|8;6:2|7;7:5|7;8:7|8;9:7,0@0=1;0@1=3;0@2=2;0@3=1;0@4=3;0@7=1;0@9=4;2@0=1;2@1=2;2@2=3;2@3=4;2@4=2;2@7=2;2@9=2;2@8=1;3@0=1;3@2=2;3@3=1;3@4=3;3@9=2;3@8=3;3@6=1;4@1=3;4@2=3;4@3=1;4@4=5;4@7=2;4@9=2;4@6=2;5@0=2;5@1=4;5@2=7;5@3=2;5@4=2;5@8=3;5@5=1;6@0=2;6@1=1;6@2=5;6@3=2;6@4=4;6@7=3;6@9=2;6@8=1;6@6=1;6@5=1;7@0=2;7@1=1;7@3=2;7@4=3;7@5=1;8@3=1;8@4=3;8@6=3;8@5=2;9@0=1;9@2=2;9@3=1;9@4=1;9@7=1;9@8=3,"0,1,2,3,4,7,9,8,6,5",133,61,61,0,1.0,0.12928782948436934,0.4117647058823529,0.017523123602016476,0.0,0.0,0.30000000000000004,0.318756103515625,Feasible
1301,1300,9,4,5,"ADD:2,8;ADD:3,2;ADD:4,2;ADD:8,2;REMOVE:5,2;REMOVE:6,2;REMOVE:7,5;REMOVE:8,7;REMOVE:8,8",0:7;1:-;2:7;3:7;4:7;5:2|8;6:2|7;7:5|7;8:7|8;9:7,0:7;1:-;2:7|8;3:2|7;4:2|7;5:8;6:7;7:7;8:2;9:7,0@0=1;0@1=1;0@2=1;0@4=4;0@7=1;0@8=1;2@0=1;2@1=1;2@2=6;2@4=2;2@7=1;2@8=1;2@5=1;2@6=1;3@0=1;3@1=3;3@2=3;3@4=3;3@8=1;3@5=1;3@6=1;3@3=2;3@9=1;4@0=1;4@1=5;4@2=2;4@4=2;4@8=1;4@5=1;4@3=2;4@9=1;5@1=1;5@2=4;5@4=2;5@7=1;5@8=1;5@5=1;6@0=1;6@1=1;6@2=5;6@4=2;6@7=1;6@8=2;6@6=2;7@0=1;7@1=1;7@4=2;7@3=1;8@2=1;8@4=1;8@5=2;8@3=2;8@9=2;9@1=2;9@4=3;9@6=1;9@9=2,"0,1,2,4,7,8,5,6,3,9",99,57,57,0,1.0,-0.0046203113423881614,0.38461538461538464,0.010764304042227231,0.0,0.0,0.4,0.3421609401702881,Feasible
1302,1301,8,5,3,"ADD:0,8;ADD:4,3;ADD:5,9;ADD:8,8;ADD:9,8;REMOVE:0,7;REMOVE:3,2;REMOVE:4,2",0:7;1:-;2:7|8;3:2|7;4:2|7;5:8;6:7;7:7;8:2;9:7,0:8;1:-;2:7|8;3:7;4:3|7;5:8|9;6:7;7:7;8:2|8;9:7|8,0@1=3;0@2=2;0@4=1;0@6=1;2@1=3;2@2=3;2@4=2;2@6=3;2@0=1;2@5=1;2@7=1;2@8=2;2@9=2;3@1=2;3@2=1;3@4=3;3@6=2;3@3=1;4@1=3;4@2=2;4@4=1;4@5=1;4@7=1;4@9=1;4@3=1;5@1=3;5@2=2;5@6=2;5@5=2;5@8=2;5@9=1;6@2=5;6@4=3;6@6=2;6@0=1;6@8=2;6@9=2;7@1=2;7@2=2;7@4=3;7@6=1;7@7=1;7@8=1;7@9=1;8@1=1;8@2=1;8@4=3;8@0=1;8@5=1;9@1=2;9@2=1;9@4=2;9@6=1;9@5=1;9@8=1;9@3=2,"1,2,4,6,0,5,7,8,9,3",99,56,56,0,1.0,-0.2388257300923411,0.25,0.01117426990765889,0.0,0.0,0.5,0.2975471019744873,Feasible
1303,1302,17,9,8,"ADD:0,2;ADD:2,2;ADD:3,2;ADD:3,8;ADD:5,7;ADD:7,4;ADD:8,3;ADD:8,7;ADD:9,3;REMOVE:2,8;REMOVE:3,7;REMOVE:4,3;REMOVE:5,9;REMOVE:7,7;REMOVE:8,2;REMOVE:8,8;REMOVE:9,8",0:8;1:-;2:7|8;3:7;4:3|7;5:8|9;6:7;7:7;8:2|8;9:7|8,0:2|8;1:-;2:2|7;3:2|8;4:7;5:7|8;6:7;7:4;8:3|7;9:3|7,0@1=3;0@2=2;0@4=1;0@5=1;0@8=1;0@9=2;2@1=4;2@2=1;2@4=3;2@5=1;2@0=2;2@3=1;2@6=3;3@1=4;3@2=2;3@4=1;3@5=2;3@8=1;3@3=1;4@1=1;4@2=4;4@4=4;4@8=2;4@9=1;4@3=3;4@6=1;5@1=1;5@4=2;5@5=2;5@8=1;5@9=1;5@0=1;5@3=5;5@6=1;5@7=1;6@1=1;6@2=1;6@4=3;6@8=1;6@3=1;6@6=2;7@2=1;7@4=2;7@6=1;8@1=2;8@5=2;8@9=2;8@0=1;8@3=1;8@6=1;8@7=1;9@1=1;9@2=2;9@4=2;9@5=1;9@9=2;9@3=2;9@7=1,"1,2,4,5,8,9,0,3,6,7",101,58,58,0,1.0,-0.31259912313152416,0.5714285714285714,0.01597230543990432,0.0,0.0,0.8999999999999999,0.3242838382720947,Feasible
1304,1303,19,8,11,"ADD:0,9;ADD:1,1;ADD:3,7;ADD:4,2;ADD:6,8;ADD:7,7;ADD:8,8;ADD:9,2;REMOVE:0,2;REMOVE:0,8;REMOVE:3,2;REMOVE:3,8;REMOVE:4,7;REMOVE:5,8;REMOVE:7,4;REMOVE:8,3;REMOVE:8,7;REMOVE:9,3;REMOVE:9,7",0:2|8;1:-;2:2|7;3:2|8;4:7;5:7|8;6:7;7:4;8:3|7;9:3|7,0:9;1:1;2:2|7;3:7;4:2;5:7;6:7|8;7:7;8:8;9:2,0@2=1;0@3=1;0@7=1;0@9=1;1@1=1;2@2=1;2@3=1;2@1=1;2@0=1;2@4=1;2@5=2;3@3=2;3@9=1;3@1=1;3@0=2;3@4=1;3@6=1;4@2=1;4@3=1;4@7=1;4@9=1;4@4=1;4@5=2;4@8=1;5@2=3;5@3=1;5@9=2;5@1=2;5@0=2;5@4=2;5@8=1;6@2=1;6@1=1;6@0=1;6@5=1;6@6=1;7@7=1;7@1=1;7@0=1;7@6=1;8@2=2;8@1=1;8@5=1;8@6=1;9@2=2;9@3=1;9@4=2,"2,3,7,9,1,0,4,5,6,8",60,47,47,0,1.0,-0.05428780019520407,0.7333333333333333,0.012378866471462625,0.0,0.0,0.7999999999999999,0.30419492721557617,Feasible
1305,1304,11,6,5,"ADD:0,2;ADD:3,3;ADD:4,7;ADD:6,2;ADD:8,2;ADD:9,7;REMOVE:2,2;REMOVE:4,2;REMOVE:6,8;REMOVE:8,8;REMOVE:9,2",0:9;1:1;2:2|7;3:7;4:2;5:7;6:7|8;7:7;8:8;9:2,0:2|9;1:1;2:7;3:3|7;4:7;5:7;6:2|7;7:7;8:2;9:7,0@0=3;0@1=2;0@2=1;0@4=4;0@5=1;1@1=1;2@0=2;2@2=3;2@4=2;2@6=1;2@7=1;2@9=1;3@1=1;3@2=2;3@4=2;3@5=1;3@7=1;3@3=1;4@0=2;4@1=1;4@2=5;4@4=3;4@3=1;4@8=1;5@0=1;5@1=1;5@2=2;5@6=1;5@7=1;5@9=2;5@3=1;6@0=4;6@2=1;6@4=3;6@5=1;6@6=2;6@7=1;6@3=1;7@0=1;7@2=1;7@4=3;7@7=3;8@2=1;8@9=2;8@3=1;8@8=1;9@0=2;9@1=3;9@2=1;9@4=2;9@6=1;9@7=1;9@8=2,"0,1,2,4,5,6,7,9,3,8",90,53,53,0,1.0,-0.16886119517630083,0.4166666666666667,0.01447213815703248,0.0,0.0,0.6,0.3052842617034912,Feasible
1306,1305,14,7,7,"ADD:0,7;ADD:3,2;ADD:4,2;ADD:6,8;ADD:7,8;ADD:8,8;ADD:9,2;REMOVE:0,2;REMOVE:0,9;REMOVE:1,1;REMOVE:3,3;REMOVE:6,7;REMOVE:7,7;REMOVE:8,2",0:2|9;1:1;2:7;3:3|7;4:7;5:7;6:2|7;7:7;8:2;9:7,0:7;1:-;2:7;3:2|7;4:2|7;5:7;6:2|8;7:8;8:8;9:2|7,0@0=1;0@1=1;0@2=1;0@3=2;0@4=4;0@6=1;0@7=1;0@8=1;2@0=2;2@1=5;2@2=3;2@3=2;2@4=2;2@6=2;2@7=1;2@8=2;2@9=1;3@0=1;3@1=2;3@2=7;3@3=2;3@4=4;3@6=1;3@7=1;3@8=1;3@9=1;3@5=1;4@0=2;4@2=5;4@3=3;4@4=2;4@6=1;4@7=3;4@8=3;4@9=2;4@5=1;5@0=1;5@1=2;5@4=2;5@6=1;5@8=2;6@2=3;6@4=1;6@6=1;6@8=2;6@9=2;6@5=2;7@1=1;7@2=2;7@4=3;7@8=1;8@1=3;8@2=4;8@4=2;8@8=1;8@5=1;9@0=1;9@1=2;9@2=6;9@3=1;9@4=3;9@7=2;9@8=1;9@9=1;9@5=2,"0,1,2,3,4,6,7,8,9,5",131,65,65,0,1.0,-0.1362872029782094,0.5384615384615384,0.025251258560252156,0.0,0.0,0.7,0.3650979995727539,Feasible
1307,1306,8,6,2,"ADD:0,8;ADD:1,9;ADD:2,8;ADD:5,2;ADD:7,7;ADD:8,9;REMOVE:3,2;REMOVE:8,8",0:7;1:-;2:7;3:2|7;4:2|7;5:7;6:2|8;7:8;8:8;9:2|7,0:7|8;1:9;2:7|8;3:7;4:2|7;5:2|7;6:2|8;7:7|8;8:9;9:2|7,0@0=1;0@1=2;0@2=2;0@4=1;0@5=1;0@6=1;0@8=2;0@9=1;1@2=1;1@6=1;2@0=1;2@1=1;2@2=2;2@4=4;2@5=1;2@6=2;2@8=2;2@9=1;2@7=4;3@2=2;3@4=5;3@8=1;3@7=1;4@0=1;4@1=3;4@2=2;4@4=5;4@5=2;4@6=5;4@8=1;4@9=1;4@7=2;4@3=1;5@0=1;5@1=2;5@2=1;5@4=2;5@5=1;5@6=1;5@9=1;5@7=1;5@3=1;6@0=2;6@1=3;6@2=2;6@4=3;6@5=2;6@8=4;6@3=1;7@1=1;7@2=1;7@4=6;7@5=1;7@6=2;7@9=2;7@7=1;7@3=2;8@2=1;8@9=1;8@3=1;9@0=1;9@2=3;9@4=2;9@5=1;9@6=2;9@8=1;9@9=2;9@7=4;9@3=3,"0,1,2,4,5,6,8,9,7,3",129,69,69,0,1.0,-0.4240289354234604,0.15384615384615385,0.022124910730385736,0.0,0.0,0.6,0.36962080001831055,Feasible
1308,1307,18,8,10,"ADD:0,2;ADD:1,6;ADD:2,3;ADD:3,2;ADD:4,8;ADD:5,3;ADD:6,9;ADD:8,7;REMOVE:0,8;REMOVE:1,9;REMOVE:2,8;REMOVE:3,7;REMOVE:4,2;REMOVE:5,2;REMOVE:6,8;REMOVE:7,8;REMOVE:8,9;REMOVE:9,2",0:7|8;1:9;2:7|8;3:7;4:2|7;5:2|7;6:2|8;7:7|8;8:9;9:2|7,0:2|7;1:6;2:3|7;3:2;4:7|8;5:3|7;6:2|9;7:7;8:7;9:7,0@0=1;0@1=1;0@2=1;0@4=2;0@5=2;0@7=2;0@9=3;1@6=1;2@0=3;2@1=1;2@4=4;2@5=1;2@9=2;2@6=5;2@3=1;3@0=3;3@2=1;3@4=1;3@5=1;3@7=2;3@9=2;3@3=1;3@8=2;4@1=4;4@4=4;4@5=2;4@7=2;4@6=1;4@3=2;4@8=1;5@0=1;5@1=4;5@4=2;5@5=1;5@7=1;5@9=1;5@3=1;6@2=3;6@4=3;6@5=2;6@9=3;6@6=2;7@1=2;7@4=1;7@7=3;7@9=1;7@6=1;8@1=1;8@2=2;8@4=3;8@6=3;8@3=1;9@0=1;9@1=1;9@2=1;9@4=1;9@7=1;9@3=1;9@8=2,"0,1,2,4,5,7,9,6,3,8",109,59,59,0,1.0,-0.1927269227017474,0.5882352941176471,0.0190377831806054,0.0,0.0,0.7999999999999999,0.32319092750549316,Feasible
1309,1308,15,8,7,"ADD:3,7;ADD:3,8;ADD:4,9;ADD:6,7;ADD:7,8;ADD:8,2;ADD:8,8;ADD:9,2;REMOVE:1,6;REMOVE:3,2;REMOVE:4,7;REMOVE:5,3;REMOVE:6,2;REMOVE:6,9;REMOVE:8,7",0:2|7;1:6;2:3|7;3:2;4:7|8;5:3|7;6:2|9;7:7;8:7;9:7,0:2|7;1:-;2:3|7;3:7|8;4:8|9;5:7;6:7;7:7|8;8:2|8;9:2|7,0@0=1;0@1=3;0@2=2;0@3=2;0@4=2;0@5=1;0@6=1;0@7=2;2@1=2;2@2=4;2@3=3;2@4=1;2@5=3;2@6=2;2@7=2;2@9=1;3@1=2;3@2=2;3@3=1;3@4=2;3@5=4;3@6=1;4@1=3;4@2=3;4@3=1;4@5=3;4@6=4;4@9=1;4@8=2;5@0=1;5@1=2;5@2=1;5@4=2;6@0=1;6@1=2;6@2=4;6@3=1;6@4=6;6@6=3;6@8=2;7@1=1;7@2=2;7@3=1;7@4=1;7@5=1;7@6=1;8@0=1;8@1=2;8@2=1;8@4=1;8@5=1;8@8=1;9@0=4;9@1=3;9@2=3;9@4=1;9@5=1;9@6=2;9@9=1,"0,1,2,3,4,5,6,7,9,8",115,59,59,0,1.0,-0.3183186324758193,0.4666666666666667,0.015014700857513958,0.0,0.0,0.7999999999999999,0.30716490745544434,Feasible
1310,1309,18,9,9,"ADD:0,3;ADD:1,7;ADD:2,2;ADD:4,2;ADD:4,7;ADD:5,2;ADD:6,2;ADD:8,7;ADD:9,8;REMOVE:0,2;REMOVE:2,3;REMOVE:3,8;REMOVE:4,8;REMOVE:4,9;REMOVE:7,8;REMOVE:8,2;REMOVE:8,8;REMOVE:9,2",0:2|7;1:-;2:3|7;3:7|8;4:8|9;5:7;6:7;7:7|8;8:2|8;9:2|7,0:3|7;1:7;2:2|7;3:7;4:2|7;5:2|7;6:2|7;7:7;8:7;9:7|8,0@1=4;0@2=3;0@3=1;0@4=2;0@5=1;0@7=1;1@7=1;2@1=4;2@2=5;2@3=2;2@4=3;2@5=2;2@7=1;2@0=1;2@8=4;2@9=2;3@1=2;3@2=3;3@4=4;3@7=1;3@0=1;3@9=3;3@6=1;4@1=2;4@2=2;4@4=1;4@5=2;4@7=1;4@0=1;4@9=1;4@6=3;5@1=1;5@2=1;5@3=1;5@4=2;5@5=1;5@0=1;5@8=1;5@9=1;5@6=1;6@1=1;6@2=2;6@4=3;6@5=1;6@7=1;6@0=3;6@9=3;7@4=1;7@7=1;7@0=1;8@1=4;8@2=2;8@4=1;8@0=2;8@8=2;9@3=1;9@4=3;9@5=1;9@7=1;9@6=3,"1,2,3,4,5,7,0,8,9,6",112,60,60,0,1.0,-0.3198151326988765,0.5625,0.017684867301123425,0.0,0.0,0.8999999999999999,0.3339707851409912,Feasible
1311,1310,13,5,8,"ADD:2,8;ADD:3,8;ADD:4,9;ADD:7,8;ADD:8,8;REMOVE:0,3;REMOVE:1,7;REMOVE:2,2;REMOVE:3,7;REMOVE:4,7;REMOVE:5,2;REMOVE:7,7;REMOVE:8,7",0:3|7;1:7;2:2|7;3:7;4:2|7;5:2|7;6:2|7;7:7;8:7;9:7|8,0:7;1:-;2:7|8;3:8;4:2|9;5:7;6:2|7;7:8;8:8;9:7|8,0@0=1;0@1=2;0@2=3;0@3=1;0@4=1;0@8=1;2@0=1;2@1=1;2@2=1;2@3=1;2@8=1;2@5=1;2@6=2;2@7=1;3@4=1;3@8=2;3@6=1;4@1=1;4@2=2;4@4=1;4@5=3;4@9=1;5@1=1;5@3=2;5@4=1;5@6=1;6@1=3;6@2=1;6@3=1;6@4=2;6@8=1;6@5=2;6@7=1;6@9=2;7@8=1;7@6=2;7@7=2;8@4=2;8@8=1;9@0=1;9@1=2;9@2=1;9@4=2;9@8=1;9@5=2;9@6=2;9@7=1,"0,1,2,3,4,8,5,6,7,9",68,47,47,0,1.0,0.019040161578508186,0.5,0.019040161578508193,0.0,0.0,0.5,0.31570005416870117,Feasible
1312,1311,17,9,8,"ADD:0,2;ADD:3,3;ADD:3,9;ADD:4,7;ADD:4,8;ADD:5,2;ADD:7,2;ADD:7,3;ADD:8,2;REMOVE:2,8;REMOVE:3,8;REMOVE:4,2;REMOVE:4,9;REMOVE:6,7;REMOVE:7,8;REMOVE:8,8;REMOVE:9,7",0:7;1:-;2:7|8;3:8;4:2|9;5:7;6:2|7;7:8;8:8;9:7|8,0:2|7;1:-;2:7;3:3|9;4:7|8;5:2|7;6:2;7:2|3;8:2;9:8,0@0=1;0@1=1;0@2=3;0@4=4;0@5=2;0@7=3;2@1=2;2@2=5;2@4=2;2@7=2;2@3=2;2@6=2;2@8=3;2@9=1;3@1=1;3@2=4;3@5=4;3@3=1;3@6=1;3@9=1;4@0=2;4@1=1;4@2=5;4@4=3;4@5=2;4@7=1;4@3=1;4@6=2;4@8=2;5@0=1;5@1=2;5@2=2;5@4=1;5@5=1;5@7=1;6@0=1;6@2=3;6@4=4;6@5=2;6@7=2;6@3=1;6@8=4;6@9=2;7@1=3;7@2=3;7@4=2;7@5=3;7@3=1;7@9=1;8@2=1;8@4=3;8@5=1;8@7=1;8@3=1;8@9=1;9@2=3;9@8=1,"0,1,2,4,5,7,3,6,8,9",116,57,57,0,1.0,-0.26272368086833753,0.6153846153846154,0.02189170374704701,0.0,0.0,0.8999999999999999,0.341310977935791,Feasible
1313,1312,16,9,7,"ADD:0,8;ADD:1,2;ADD:2,8;ADD:3,7;ADD:5,8;ADD:6,7;ADD:7,8;ADD:8,7;ADD:9,7;REMOVE:0,2;REMOVE:3,3;REMOVE:3,9;REMOVE:5,2;REMOVE:6,2;REMOVE:7,2;REMOVE:7,3",0:2|7;1:-;2:7;3:3|9;4:7|8;5:2|7;6:2;7:2|3;8:2;9:8,0:7|8;1:2;2:7|8;3:7;4:7|8;5:7|8;6:7;7:8;8:2|7;9:7|8,0@0=2;0@1=4;0@2=4;0@4=3;0@5=3;0@6=1;0@7=3;1@2=1;2@0=4;2@1=1;2@2=7;2@4=8;2@5=2;2@6=1;2@7=4;2@8=3;3@0=2;3@1=2;3@2=3;3@4=2;3@6=1;3@7=1;3@3=1;4@1=4;4@2=3;4@4=8;4@5=4;4@6=5;4@7=2;4@8=1;4@9=2;5@0=1;5@1=2;5@2=2;5@5=1;5@6=1;5@7=1;5@8=4;6@0=2;6@1=3;6@2=8;6@4=2;6@6=3;6@7=2;6@8=1;6@9=2;7@1=1;7@4=2;7@5=1;7@7=2;7@8=1;8@0=1;8@1=3;8@2=4;8@5=1;8@6=1;8@7=1;8@3=1;9@1=5;9@2=4;9@4=1;9@5=1;9@6=2;9@8=1;9@3=1;9@9=2,"0,1,2,4,5,6,7,8,3,9",163,66,66,0,1.0,-0.38267734109124274,0.5,0.017322658908757158,0.0,0.0,0.8999999999999999,0.3651158809661865,Feasible
1314,1313,13,7,6,"ADD:1,8;ADD:3,2;ADD:4,2;ADD:5,2;ADD:6,8;ADD:7,7;ADD:9,2;REMOVE:1,2;REMOVE:4,8;REMOVE:5,8;REMOVE:7,8;REMOVE:8,2;REMOVE:9,8",0:7|8;1:2;2:7|8;3:7;4:7|8;5:7|8;6:7;7:8;8:2|7;9:7|8,0:7|8;1:8;2:7|8;3:2|7;4:2|7;5:2|7;6:7|8;7:7;8:7;9:2|7,0@1=3;0@2=4;0@3=2;0@4=1;0@5=1;0@6=1;0@7=1;0@8=1;0@9=1;1@8=1;2@1=2;2@2=2;2@4=1;2@5=3;2@6=1;2@7=4;2@8=2;2@0=3;3@1=2;3@2=5;3@3=1;3@4=1;3@5=1;3@7=1;3@0=2;4@1=1;4@2=8;4@3=2;4@4=8;4@5=1;4@6=1;4@7=1;4@8=1;4@9=2;4@0=1;5@1=1;5@2=2;5@4=4;5@5=1;5@6=1;5@9=1;5@0=1;6@1=2;6@2=3;6@4=4;6@5=1;6@6=2;6@7=1;6@0=1;7@1=3;7@2=2;7@3=3;7@4=2;7@6=2;8@1=1;8@2=1;8@4=1;8@6=1;8@7=1;9@1=7;9@2=2;9@3=1;9@4=3;9@5=2;9@7=3;9@8=3;9@9=1,"1,2,3,4,5,6,7,8,9,0",137,67,67,0,1.0,-0.3018353214207762,0.375,0.023164678579223802,0.0,0.0,0.7,0.34404706954956055,Feasible
1315,1314,11,5,6,"ADD:1,2;ADD:2,2;ADD:3,8;ADD:7,0;ADD:8,2;REMOVE:1,8;REMOVE:2,8;REMOVE:3,2;REMOVE:5,2;REMOVE:7,7;REMOVE:9,2",0:7|8;1:8;2:7|8;3:2|7;4:2|7;5:2|7;6:7|8;7:7;8:7;9:2|7,0:7|8;1:2;2:2|7;3:7|8;4:2|7;5:7;6:7|8;7:0;8:2|7;9:7,0@1=1;0@2=3;0@3=1;0@5=2;0@6=1;0@7=1;0@8=2;1@2=1;2@1=1;2@2=4;2@3=1;2@5=1;2@6=1;2@8=2;2@0=3;2@4=3;2@9=1;3@1=1;3@2=3;3@3=1;3@5=1;3@7=2;3@8=1;3@4=2;4@1=2;4@2=6;4@3=2;4@5=1;4@7=3;4@8=1;4@0=1;5@1=4;5@2=3;5@7=1;5@4=5;5@9=2;6@1=3;6@2=4;6@3=1;6@5=3;6@6=3;6@7=3;6@8=1;6@4=7;6@9=2;7@0=1;8@1=1;8@2=1;8@3=1;8@5=2;8@8=1;8@0=1;8@9=2;9@1=1;9@2=2;9@6=1;9@7=2;9@8=1;9@4=4,"1,2,3,5,6,7,8,0,4,9",119,59,59,0,1.0,-0.12389763347307808,0.35294117647058826,0.023161190056333637,0.0,0.0,0.5,0.32220911979675293,Feasible
1316,1315,13,5,8,"ADD:2,8;ADD:3,3;ADD:5,2;ADD:7,7;ADD:9,8;REMOVE:0,7;REMOVE:1,2;REMOVE:2,2;REMOVE:3,7;REMOVE:3,8;REMOVE:5,7;REMOVE:6,8;REMOVE:8,7",0:7|8;1:2;2:2|7;3:7|8;4:2|7;5:7;6:7|8;7:0;8:2|7;9:7,0:8;1:-;2:7|8;3:3;4:2|7;5:2;6:7;7:0|7;8:2;9:7|8,0@1=3;0@2=2;0@4=3;0@6=1;0@7=3;0@8=1;2@1=1;2@2=5;2@4=3;2@6=2;2@7=2;2@8=1;2@0=1;2@3=1;2@5=2;3@1=3;3@2=3;3@3=1;3@5=1;3@9=2;4@1=4;4@2=7;4@4=7;4@6=2;4@7=2;4@0=2;4@3=2;4@5=1;5@2=3;5@4=1;5@0=1;5@5=1;5@9=1;6@1=2;6@2=4;6@4=2;6@6=2;6@7=1;6@0=2;7@2=2;7@4=1;7@7=1;7@8=1;7@0=1;8@2=1;8@4=1;8@7=1;8@8=3;8@0=3;8@5=1;8@9=2;9@1=1;9@2=2;9@6=2;9@7=1;9@8=3;9@3=2;9@5=1;9@9=1,"1,2,4,6,7,8,0,3,5,9",119,59,59,0,1.0,0.020974193207206504,0.5,0.02097419320720653,0.0,0.0,0.5,0.3499269485473633,Feasible
1317,1316,14,7,7,"ADD:0,7;ADD:1,8;ADD:2,2;ADD:3,7;ADD:3,8;ADD:7,8;ADD:8,7;REMOVE:2,7;REMOVE:2,8;REMOVE:3,3;REMOVE:7,0;REMOVE:7,7;REMOVE:8,2;REMOVE:9,7",0:8;1:-;2:7|8;3:3;4:2|7;5:2;6:7;7:0|7;8:2;9:7|8,0:7|8;1:8;2:2;3:7|8;4:2|7;5:2;6:7;7:8;8:7;9:8,0@1=1;0@2=2;0@4=1;0@5=1;0@7=1;0@8=1;0@9=2;1@5=1;1@8=1;2@2=4;2@4=1;2@5=1;2@7=1;2@8=1;2@0=3;2@3=1;3@1=1;3@2=3;3@5=2;3@7=2;3@8=2;3@9=1;3@0=1;3@6=2;4@1=2;4@2=5;4@4=4;4@5=3;4@7=1;4@8=3;4@9=1;4@0=2;4@3=1;5@2=6;5@4=2;5@5=6;5@7=1;5@8=3;5@3=1;6@1=4;6@4=5;6@7=1;6@8=4;6@9=2;6@0=4;6@3=4;6@6=2;7@2=1;7@4=1;7@7=1;7@8=1;8@2=2;8@4=1;8@8=1;8@0=1;8@3=1;8@6=1;9@1=2;9@2=3;9@4=3;9@5=1;9@7=4;9@8=1;9@6=2,"1,2,4,5,7,8,9,0,3,6",131,64,64,0,1.0,-0.1404417213634025,0.5384615384615384,0.021096740175058984,0.0,0.0,0.7,0.36384010314941406,Feasible
1318,1317,14,7,7,"ADD:1,7;ADD:2,7;ADD:2,8;ADD:5,7;ADD:6,2;ADD:7,2;ADD:8,8;REMOVE:0,8;REMOVE:1,8;REMOVE:2,2;REMOVE:3,8;REMOVE:5,2;REMOVE:7,8;REMOVE:8,7",0:7|8;1:8;2:2;3:7|8;4:2|7;5:2;6:7;7:8;8:7;9:8,0:7;1:7;2:7|8;3:7;4:2|7;5:7;6:2|7;7:2;8:8;9:8,0@1=2;0@2=1;0@3=1;0@4=5;0@6=2;0@7=2;0@8=3;0@9=1;1@2=1;1@7=1;2@1=2;2@2=1;2@3=1;2@4=2;2@6=1;2@7=1;2@8=1;2@5=1;3@1=1;3@2=1;3@3=2;3@4=2;3@6=2;3@8=1;4@2=2;4@3=1;4@4=1;4@6=2;4@7=1;4@5=1;5@2=2;5@3=5;5@4=1;5@6=1;5@9=1;6@1=1;6@2=4;6@3=1;6@4=3;6@6=1;6@8=1;6@9=1;6@5=1;6@0=1;7@4=2;7@5=1;7@0=1;8@1=1;8@4=5;8@8=1;8@5=1;9@1=1;9@2=3;9@8=1,"1,2,3,4,6,7,8,9,5,0",87,54,54,0,1.0,-0.14464162691371696,0.5384615384615384,0.016896834624744603,0.0,0.0,0.7,0.3766469955444336,Feasible
1319,1318,15,7,8,"ADD:0,2;ADD:0,8;ADD:2,2;ADD:3,8;ADD:5,8;ADD:8,7;ADD:9,2;REMOVE:0,7;REMOVE:1,7;REMOVE:2,7;REMOVE:2,8;REMOVE:3,7;REMOVE:4,2;REMOVE:8,8;REMOVE:9,8",0:7;1:7;2:7|8;3:7;4:2|7;5:7;6:2|7;7:2;8:8;9:8,0:2|8;1:-;2:2;3:8;4:7;5:7|8;6:2|7;7:2;8:7;9:2,0@0=1;0@1=1;0@2=5;0@4=5;0@5=1;0@8=2;2@0=2;2@2=2;2@4=1;2@5=1;2@8=3;2@3=1;2@7=2;2@9=3;3@1=3;3@2=1;3@4=1;3@8=3;3@7=1;3@6=1;4@0=1;4@1=2;4@2=2;4@4=3;4@8=1;4@7=2;4@9=2;4@6=1;5@0=2;5@1=5;5@2=1;5@4=1;5@5=2;5@7=2;5@6=2;6@0=2;6@2=3;6@4=2;6@5=1;6@8=1;6@7=3;6@9=3;6@6=1;7@2=1;8@0=2;8@1=1;8@2=2;8@4=1;8@8=1;9@0=1;9@2=2;9@4=5;9@5=1;9@8=1;9@3=1;9@9=3,"0,1,2,4,5,8,3,7,9,6",107,56,56,0,1.0,-0.06001910467745941,0.6153846153846154,0.024596279937925094,0.0,0.0,0.7,0.35546112060546875,Feasible
1320,1319,11,7,4,"ADD:2,7;ADD:2,8;ADD:3,2;ADD:3,7;ADD:4,2;ADD:7,7;ADD:9,7;REMOVE:0,2;REMOVE:2,2;REMOVE:3,8;REMOVE:7,2",0:2|8;1:-;2:2;3:8;4:7;5:7|8;6:2|7;7:2;8:7;9:2,0:8;1:-;2:7|8;3:2|7;4:2|7;5:7|8;6:2|7;7:7;8:7;9:2|7,0@1=1;0@2=7;0@4=2;0@5=4;0@6=3;0@7=1;0@8=2;2@1=2;2@2=2;2@4=6;2@5=3;2@6=2;2@8=5;2@0=1;2@3=2;3@1=2;3@2=2;3@4=7;3@5=1;3@6=1;3@7=2;3@0=1;3@3=2;4@1=1;4@2=3;4@4=6;4@5=3;4@6=4;4@8=1;4@0=1;4@3=1;4@9=2;5@1=3;5@2=3;5@5=1;5@6=1;5@7=2;5@8=3;5@3=1;5@9=1;6@1=2;6@2=2;6@4=5;6@5=1;6@6=1;6@7=3;6@0=1;6@3=1;6@9=3;7@1=1;7@2=2;7@4=2;7@6=1;7@7=3;7@3=1;8@1=4;8@2=3;8@7=1;8@8=1;8@0=1;8@9=1;9@2=2;9@4=4;9@5=2;9@6=2;9@7=2;9@8=1;9@0=1;9@3=4;9@9=1,"1,2,4,5,6,7,8,0,3,9",157,70,70,0,1.0,-0.34706948743310745,0.3333333333333333,0.019597179233559213,0.0,0.0,0.7,0.38359498977661133,Feasible
1321,1320,14,7,7,"ADD:0,2;ADD:0,7;ADD:1,5;ADD:3,8;ADD:4,8;ADD:6,8;ADD:7,2;REMOVE:0,8;REMOVE:2,8;REMOVE:3,2;REMOVE:4,2;REMOVE:6,2;REMOVE:7,7;REMOVE:9,7",0:8;1:-;2:7|8;3:2|7;4:2|7;5:7|8;6:2|7;7:7;8:7;9:2|7,0:2|7;1:5;2:7;3:7|8;4:7|8;5:7|8;6:7|8;7:2;8:7;9:2,0@0=1;0@2=1;0@3=1;0@4=4;0@5=1;0@6=3;0@7=1;0@9=2;1@5=1;2@2=3;2@3=3;2@4=3;2@6=1;2@1=2;2@8=1;3@2=2;3@3=1;3@4=2;3@5=1;3@6=1;3@7=1;3@9=2;3@1=2;3@8=2;4@0=2;4@2=5;4@4=4;4@5=2;4@6=2;4@7=1;4@9=4;4@1=1;4@8=1;5@0=2;5@2=8;5@3=1;5@4=2;5@5=2;5@6=2;5@1=1;5@8=3;6@2=4;6@3=2;6@4=2;6@5=1;6@6=1;6@7=2;6@9=1;6@1=2;6@8=4;7@2=1;7@4=2;7@5=1;7@9=1;7@8=1;8@0=1;8@4=3;8@9=1;8@8=1;9@2=3;9@3=1;9@4=5;9@5=2,"0,2,3,4,5,6,7,9,1,8",127,63,63,0,1.0,-0.21766526865366598,0.4666666666666667,0.01566806467966731,0.0,0.0,0.7,0.35842108726501465,Feasible
1322,1321,12,6,6,"ADD:1,4;ADD:2,8;ADD:4,2;ADD:7,7;ADD:9,3;ADD:9,7;REMOVE:1,5;REMOVE:3,7;REMOVE:4,8;REMOVE:5,7;REMOVE:7,2;REMOVE:9,2",0:2|7;1:5;2:7;3:7|8;4:7|8;5:7|8;6:7|8;7:2;8:7;9:2,0:2|7;1:4;2:7|8;3:8;4:2|7;5:8;6:7|8;7:7;8:7;9:3|7,0@0=1;0@1=3;0@2=5;0@3=2;0@4=1;0@5=1;0@6=2;0@7=2;0@9=3;1@4=1;2@1=4;2@2=4;2@3=2;2@4=2;2@5=1;2@6=1;2@7=2;2@9=2;2@8=2;3@1=2;3@2=2;3@4=3;3@5=1;3@7=2;4@0=1;4@1=5;4@2=8;4@3=4;4@4=2;4@5=3;4@7=4;4@9=1;4@8=1;5@1=2;5@2=2;5@4=3;5@5=1;5@7=1;5@8=1;6@1=2;6@2=3;6@4=3;6@5=1;6@6=1;6@9=3;6@8=1;7@0=1;7@1=1;7@2=1;7@3=1;7@4=2;7@8=1;8@0=1;8@1=2;8@2=1;8@4=4;8@6=1;8@9=1;8@8=3;9@1=1;9@2=3;9@3=1;9@4=2;9@5=1;9@6=3;9@7=1;9@9=2,"0,1,2,3,4,5,6,7,9,8",138,67,67,0,1.0,-0.17926756084693618,0.4,0.020732439153063748,0.0,0.0,0.6,0.3665778636932373,Feasible
1323,1322,14,7,7,"ADD:1,1;ADD:2,2;ADD:3,2;ADD:3,3;ADD:4,8;ADD:5,7;ADD:7,2;REMOVE:0,2;REMOVE:1,4;REMOVE:2,8;REMOVE:3,8;REMOVE:4,2;REMOVE:5,8;REMOVE:6,8",0:2|7;1:4;2:7|8;3:8;4:2|7;5:8;6:7|8;7:7;8:7;9:3|7,0:7;1:1;2:2|7;3:2|3;4:7|8;5:7;6:7;7:2|7;8:7;9:3|7,0@0=1;0@1=4;0@2=4;0@4=1;0@7=1;0@8=1;1@1=1;2@0=3;2@1=2;2@2=3;2@4=6;2@7=1;2@8=1;2@3=1;2@5=2;2@6=2;2@9=3;3@1=2;3@2=4;3@4=3;3@3=1;3@5=1;3@9=1;4@0=1;4@1=3;4@2=4;4@4=3;4@7=2;4@8=3;4@3=1;4@5=1;4@6=4;5@1=5;5@2=3;5@4=3;5@8=2;5@6=2;5@9=1;6@0=1;6@1=2;6@2=4;6@4=1;6@3=2;7@1=1;7@2=1;7@4=1;7@7=1;7@5=1;7@9=1;8@0=1;8@2=4;8@4=1;8@7=2;8@8=2;8@6=2;9@0=1;9@1=1;9@2=4;9@4=1;9@3=1;9@5=1,"0,1,2,4,7,8,3,5,6,9",124,61,61,0,1.0,-0.21745830580407738,0.4666666666666667,0.01587502752925588,0.0,0.0,0.7,0.35367512702941895,Feasible
1324,1323,13,6,7,"ADD:1,2;ADD:1,9;ADD:2,8;ADD:3,7;ADD:5,3;ADD:6,8;REMOVE:1,1;REMOVE:2,2;REMOVE:3,2;REMOVE:3,3;REMOVE:6,7;REMOVE:7,2;REMOVE:9,3",0:7;1:1;2:2|7;3:2|3;4:7|8;5:7;6:7;7:2|7;8:7;9:3|7,0:7;1:2|9;2:7|8;3:7;4:7|8;5:3|7;6:8;7:7;8:7;9:7,0@1=3;0@2=2;0@3=3;0@4=3;0@6=1;0@7=1;0@8=1;0@9=2;1@2=4;1@3=1;1@4=1;1@6=1;1@9=1;1@5=1;2@1=3;2@2=4;2@3=2;2@4=2;2@6=1;2@7=2;2@8=2;2@5=1;2@0=1;3@1=4;3@2=2;3@3=1;3@4=3;3@7=2;3@8=2;3@9=2;4@1=2;4@2=1;4@4=3;4@6=2;4@7=4;4@8=1;4@9=1;4@5=2;4@0=1;5@1=6;5@2=1;5@3=2;5@4=2;5@6=1;5@7=1;5@9=2;5@5=1;6@1=1;6@2=2;6@4=3;6@6=2;6@7=2;6@8=2;7@2=1;7@3=1;7@4=1;7@6=1;7@7=1;7@8=1;7@9=2;8@1=1;8@4=4;8@6=1;8@7=1;8@9=1;8@0=2;9@1=1;9@3=1;9@4=4;9@7=1;9@9=3;9@0=1,"1,2,3,4,6,7,8,9,5,0",133,72,72,0,1.0,-0.11357055248380349,0.4666666666666667,0.019762780849529836,0.0,0.0,0.6,0.37885117530822754,Feasible
1325,1324,11,5,6,"ADD:0,2;ADD:0,8;ADD:1,7;ADD:5,2;ADD:6,7;REMOVE:0,7;REMOVE:1,2;REMOVE:1,9;REMOVE:4,8;REMOVE:5,7;REMOVE:6,8",0:7;1:2|9;2:7|8;3:7;4:7|8;5:3|7;6:8;7:7;8:7;9:7,0:2|8;1:7;2:7|8;3:7;4:7;5:2|3;6:7;7:7;8:7;9:7,0@0=1;0@1=2;0@2=2;0@4=1;0@5=2;0@8=1;1@1=2;1@2=1;1@4=2;1@7=1;1@9=1;2@0=1;2@1=3;2@2=5;2@4=1;2@5=1;2@8=2;2@3=2;2@6=3;3@0=2;3@1=2;3@4=1;3@9=1;3@3=1;3@6=1;4@0=2;4@1=2;4@2=4;4@8=1;4@3=1;4@6=2;5@1=1;5@2=1;5@4=1;5@5=1;5@3=1;6@1=1;6@7=1;6@6=3;7@2=2;7@4=1;7@8=1;7@9=1;7@6=1;8@1=1;8@2=2;8@4=2;8@8=1;8@7=1;8@3=1;9@0=1;9@2=3;9@4=3;9@7=1;9@9=1;9@3=1,"0,1,2,4,5,8,7,9,3,6",88,56,56,0,1.0,-0.05862218116967938,0.42857142857142855,0.012806390258892096,0.0,0.0,0.5,0.3331120014190674,Feasible
1326,1325,12,6,6,"ADD:0,7;ADD:2,2;ADD:3,2;ADD:3,3;ADD:4,8;ADD:5,7;REMOVE:0,2;REMOVE:0,8;REMOVE:2,8;REMOVE:3,7;REMOVE:5,2;REMOVE:5,3",0:2|8;1:7;2:7|8;3:7;4:7;5:2|3;6:7;7:7;8:7;9:7,0:7;1:7;2:2|7;3:2|3;4:7|8;5:7;6:7;7:7;8:7;9:7,0@0=1;0@4=3;0@6=1;0@8=1;0@9=1;1@4=2;1@6=1;1@8=2;1@9=1;1@1=3;1@2=6;1@3=3;2@0=3;2@4=1;2@6=3;2@8=1;2@9=2;2@2=2;2@5=3;2@7=1;3@4=1;3@9=1;3@1=2;3@2=4;3@3=1;3@5=3;4@0=1;4@4=2;4@6=3;4@8=3;4@9=1;4@1=5;4@2=3;4@5=2;5@0=2;5@4=5;5@6=2;5@1=1;5@2=4;5@3=1;6@0=3;6@4=4;6@6=2;6@9=3;6@1=3;6@2=3;6@3=1;7@4=1;7@8=2;7@9=1;7@1=1;7@2=1;7@7=1;8@4=1;8@8=1;8@9=1;8@1=1;8@2=1;8@7=1;9@0=3;9@4=2;9@9=3;9@1=2;9@2=2;9@7=1,"0,4,6,8,9,1,2,3,5,7",133,65,65,0,1.0,-0.12806762762997081,0.46153846153846156,0.010393910831567581,0.0,0.0,0.6,0.34452199935913086,Feasible
1327,1326,13,7,6,"ADD:0,8;ADD:2,3;ADD:3,7;ADD:3,8;ADD:7,2;ADD:7,8;ADD:8,8;REMOVE:0,7;REMOVE:2,2;REMOVE:3,2;REMOVE:3,3;REMOVE:7,7;REMOVE:8,7",0:7;1:7;2:2|7;3:2|3;4:7|8;5:7;6:7;7:7;8:7;9:7,0:8;1:7;2:3|7;3:7|8;4:7|8;5:7;6:7;7:2|8;8:8;9:7,0@1=2;0@2=4;0@4=5;0@5=1;0@7=2;1@2=2;1@7=2;1@0=3;1@3=2;1@9=1;2@1=2;2@2=2;2@4=5;2@5=1;2@7=2;2@3=1;2@9=1;2@6=2;3@1=1;3@2=4;3@4=2;3@5=2;3@9=1;3@6=2;3@8=3;4@1=1;4@2=3;4@4=1;4@5=2;4@3=2;4@9=1;4@6=3;4@8=1;5@1=4;5@2=1;5@4=6;5@7=1;5@3=2;5@9=2;6@1=2;6@2=1;6@4=2;6@7=2;6@0=3;6@3=3;6@8=2;7@1=1;7@2=1;7@4=6;7@5=1;7@3=2;7@8=1;8@2=1;8@4=2;8@5=1;8@7=1;8@6=1;8@8=1;9@1=2;9@2=4;9@4=4;9@7=2;9@0=1;9@3=4;9@6=2,"1,2,4,5,7,0,3,9,6,8",138,65,65,0,1.0,-0.2260507128056814,0.46153846153846156,0.012410825655856978,0.0,0.0,0.7,0.35443782806396484,Feasible
1328,1327,11,7,4,"ADD:0,2;ADD:4,2;ADD:6,2;ADD:7,3;ADD:7,7;ADD:8,2;ADD:9,2;REMOVE:4,8;REMOVE:7,2;REMOVE:7,8;REMOVE:8,8",0:8;1:7;2:3|7;3:7|8;4:7|8;5:7;6:7;7:2|8;8:8;9:7,0:2|8;1:7;2:3|7;3:7|8;4:2|7;5:7;6:2|7;7:3|7;8:2;9:2|7,0@1=4;0@2=3;0@4=1;0@5=3;0@8=2;0@9=1;1@1=4;1@2=3;1@4=3;1@0=1;1@3=1;1@6=2;1@7=3;2@1=1;2@2=2;2@4=6;2@5=1;2@0=1;2@6=2;2@7=1;3@1=1;3@2=5;3@4=2;3@5=2;3@8=1;3@9=4;3@0=1;3@6=2;4@1=4;4@2=2;4@4=5;4@5=1;4@8=1;4@9=2;4@0=4;4@3=1;4@6=2;4@7=1;5@1=1;5@2=3;5@4=5;5@8=3;5@3=3;6@1=1;6@2=3;6@4=6;6@5=4;6@8=1;6@9=1;6@0=1;6@3=3;6@6=3;7@1=1;7@5=2;7@0=1;7@3=1;7@7=1;8@2=1;8@5=1;8@0=2;8@7=1;9@1=3;9@2=5;9@4=1;9@5=2;9@8=2;9@9=1;9@0=2;9@3=1;9@7=1,"1,2,4,5,8,9,0,3,6,7",153,70,70,0,1.0,-0.39729309105725746,0.2857142857142857,0.01699262322845681,0.0,0.0,0.7,0.36995387077331543,Feasible
1329,1328,20,9,11,"ADD:0,7;ADD:1,2;ADD:2,2;ADD:3,2;ADD:4,8;ADD:5,3;ADD:6,8;ADD:8,7;ADD:9,3;REMOVE:0,2;REMOVE:0,8;REMOVE:1,7;REMOVE:2,3;REMOVE:2,7;REMOVE:3,7;REMOVE:3,8;REMOVE:4,2;REMOVE:6,2;REMOVE:7,3;REMOVE:9,2",0:2|8;1:7;2:3|7;3:7|8;4:2|7;5:7;6:2|7;7:3|7;8:2;9:2|7,0:7;1:2;2:2;3:2;4:7|8;5:3|7;6:7|8;7:7;8:2|7;9:3|7,0@0=3;0@1=1;0@2=3;0@3=1;0@4=2;0@7=3;1@2=2;1@4=1;1@5=1;1@9=1;2@0=2;2@2=3;2@3=1;2@4=3;2@9=1;3@2=2;3@3=2;3@4=5;3@5=2;3@8=1;4@0=2;4@1=5;4@2=1;4@4=1;4@7=3;4@5=1;4@9=4;4@8=1;4@6=2;5@1=1;5@2=1;5@3=2;5@4=2;5@7=1;5@5=2;6@0=2;6@1=2;6@2=1;6@3=4;6@4=2;6@7=1;6@5=4;6@8=2;6@6=1;7@1=3;7@2=1;7@4=2;7@7=1;7@9=1;7@8=1;7@6=1;8@0=2;8@1=2;8@2=4;8@7=1;8@5=1;8@8=1;8@6=3;9@0=2;9@1=3;9@2=1;9@3=1;9@5=1;9@9=2;9@6=1,"0,1,2,3,4,7,5,9,8,6",123,65,65,0,1.0,-0.23204789557939365,0.6470588235294118,0.020893280891194504,0.0,0.0,0.8999999999999999,0.37203001976013184,Feasible
1330,1329,12,5,7,"ADD:1,7;ADD:1,8;ADD:2,8;ADD:3,7;ADD:5,2;REMOVE:1,2;REMOVE:3,2;REMOVE:4,8;REMOVE:5,3;REMOVE:6,8;REMOVE:8,2;REMOVE:9,3",0:7;1:2;2:2;3:2;4:7|8;5:3|7;6:7|8;7:7;8:2|7;9:3|7,0:7;1:7|8;2:2|8;3:7;4:7;5:2|7;6:7;7:7;8:7;9:7,0@1=3;0@2=3;0@3=1;0@4=6;0@6=1;0@7=3;0@8=1;1@1=1;1@2=2;1@4=2;1@6=2;1@0=1;1@5=4;2@1=5;2@2=3;2@4=1;2@8=1;2@5=1;2@9=3;3@1=2;3@2=3;3@3=2;3@4=4;3@6=1;3@0=1;4@1=2;4@2=3;4@3=2;4@4=5;4@6=2;4@8=2;4@0=2;5@1=2;5@2=3;5@4=1;5@7=1;5@8=3;5@0=1;5@5=2;5@9=1;6@1=4;6@2=1;6@3=1;6@4=2;6@6=1;6@7=1;6@8=2;6@0=3;6@9=1;7@1=1;7@2=1;7@4=3;7@0=3;8@1=1;8@4=2;8@8=2;8@0=2;8@9=1;9@1=1;9@2=3;9@3=1;9@4=2;9@0=2,"1,2,3,4,6,7,8,0,5,9",130,63,63,0,1.0,-0.024352129360860897,0.4666666666666667,0.008981203972472417,0.0,0.0,0.5,0.3655428886413574,Feasible
1331,1330,16,10,6,"ADD:0,8;ADD:1,2;ADD:2,3;ADD:2,7;ADD:3,5;ADD:3,8;ADD:4,2;ADD:6,2;ADD:7,8;ADD:9,8;REMOVE:1,8;REMOVE:2,2;REMOVE:2,8;REMOVE:3,7;REMOVE:5,2;REMOVE:9,7",0:7;1:7|8;2:2|8;3:7;4:7;5:2|7;6:7;7:7;8:7;9:7,0:7|8;1:2|7;2:3|7;3:5|8;4:2|7;5:7;6:2|7;7:7|8;8:7;9:8,0@0=1;0@1=1;0@2=3;0@4=4;0@5=1;0@6=2;0@7=1;1@0=3;1@1=2;1@2=1;1@4=1;1@5=3;1@3=1;2@0=1;2@1=1;2@2=2;2@5=3;2@6=1;2@7=1;2@3=4;2@9=1;3@0=2;3@1=2;3@2=1;3@5=1;3@3=2;3@8=1;4@0=3;4@2=3;4@4=3;4@5=1;4@6=2;4@3=3;4@9=1;4@8=1;5@1=1;5@2=1;5@3=2;5@8=3;6@0=1;6@1=2;6@2=5;6@4=4;6@5=1;6@6=2;6@7=1;6@3=1;6@9=1;7@0=1;7@1=2;7@4=1;7@5=1;7@6=1;7@9=1;8@1=1;8@2=2;8@4=1;8@7=2;8@9=2;9@1=2;9@4=3;9@5=2;9@6=1;9@8=1,"0,1,2,4,5,6,7,3,9,8",113,64,64,0,1.0,-0.519183457033169,0.46153846153846156,0.019278081428369266,0.0,0.0,0.9999999999999999,0.35344791412353516,Feasible
1332,1331,15,4,11,"ADD:1,9;ADD:7,3;ADD:8,2;ADD:9,7;REMOVE:0,8;REMOVE:1,2;REMOVE:1,7;REMOVE:2,3;REMOVE:3,5;REMOVE:4,2;REMOVE:6,2;REMOVE:7,7;REMOVE:7,8;REMOVE:8,7;REMOVE:9,8",0:7|8;1:2|7;2:3|7;3:5|8;4:2|7;5:7;6:2|7;7:7|8;8:7;9:8,0:7;1:9;2:7;3:8;4:7;5:7;6:7;7:3;8:2;9:7,0@0=1;0@1=3;0@3=1;0@4=4;0@6=1;0@7=2;0@9=2;1@9=1;2@0=1;2@1=2;2@3=1;2@4=2;2@6=1;2@7=1;2@9=2;2@2=1;3@1=1;3@4=3;3@6=2;3@5=2;4@0=2;4@4=1;4@7=1;4@9=1;4@2=2;4@8=1;5@0=2;5@1=1;5@4=1;5@6=1;5@7=2;5@2=2;5@8=1;6@0=1;6@1=3;6@4=1;6@6=1;6@9=1;6@2=1;6@8=1;7@3=5;7@7=1;7@9=1;7@5=2;8@7=1;8@9=1;8@2=1;8@5=1;9@0=1;9@1=1;9@2=1;9@8=1,"0,1,3,4,6,7,9,2,5,8",78,52,52,0,1.0,0.2637547257685343,0.6470588235294118,0.016695902239122526,0.0,0.0,0.4,0.36493611335754395,Feasible
1333,1332,15,9,6,"ADD:1,7;ADD:2,8;ADD:3,4;ADD:4,2;ADD:5,8;ADD:6,8;ADD:7,2;ADD:8,7;ADD:9,2;REMOVE:1,9;REMOVE:2,7;REMOVE:3,8;REMOVE:4,7;REMOVE:7,3;REMOVE:8,2",0:7;1:9;2:7;3:8;4:7;5:7;6:7;7:3;8:2;9:7,0:7;1:7;2:8;3:4;4:2;5:7|8;6:7|8;7:2;8:7;9:2|7,0@1=1;0@2=1;0@4=1;0@6=2;0@8=2;0@9=2;1@1=2;1@4=1;1@6=1;1@9=2;1@0=2;2@1=2;2@2=4;2@4=2;2@6=3;2@8=2;2@5=1;2@7=1;3@2=1;3@4=1;4@2=1;4@4=1;4@0=1;4@5=2;4@7=1;4@3=2;5@1=2;5@2=3;5@4=1;5@6=2;5@8=1;5@9=1;5@0=2;5@5=1;5@7=1;6@1=2;6@2=3;6@4=4;6@6=2;6@5=1;6@7=3;6@3=1;7@2=2;7@9=1;7@5=1;7@7=1;8@1=1;8@2=2;8@4=2;8@6=1;8@0=1;8@7=1;8@3=1;9@1=1;9@2=3;9@4=1;9@6=1;9@9=1;9@0=2;9@5=1;9@3=1,"1,2,4,6,8,9,0,5,7,3",97,61,61,0,1.0,-0.2843466845014184,0.6,0.015653315498581483,0.0,0.0,0.8999999999999999,0.34990596771240234,Feasible
1334,1333,15,8,7,"ADD:2,3;ADD:2,9;ADD:3,2;ADD:4,7;ADD:5,2;ADD:6,2;ADD:7,7;ADD:8,2;REMOVE:2,8;REMOVE:3,4;REMOVE:4,2;REMOVE:5,7;REMOVE:6,8;REMOVE:7,2;REMOVE:9,7",0:7;1:7;2:8;3:4;4:2;5:7|8;6:7|8;7:2;8:7;9:2|7,0:7;1:7;2:3|9;3:2;4:7;5:2|8;6:2|7;7:7;8:2|7;9:2,0@0=2;0@2=1;0@3=2;0@4=4;0@6=1;1@4=1;1@7=1;1@8=2;1@9=1;2@2=1;2@3=1;2@6=2;2@1=3;2@5=2;3@0=1;3@4=2;3@8=3;3@9=1;3@5=2;4@2=3;4@3=2;4@4=2;4@6=1;4@1=2;5@0=1;5@2=2;5@3=2;5@4=4;5@8=1;5@1=1;5@5=1;6@0=2;6@2=4;6@3=3;6@4=2;6@6=2;6@7=1;6@8=1;6@9=1;6@1=3;6@5=1;7@2=1;7@3=1;7@4=3;7@7=2;7@8=1;7@9=1;7@1=2;8@2=1;8@4=1;8@7=2;8@9=1;8@1=1;8@5=1;9@2=3;9@3=1;9@4=1;9@8=1;9@5=2,"0,2,3,4,6,7,8,9,1,5",101,59,59,0,1.0,-0.24316902700420184,0.5384615384615384,0.01836943453425967,0.0,0.0,0.7999999999999999,0.3435170650482178,Feasible
1335,1334,14,8,6,"ADD:0,8;ADD:1,2;ADD:2,2;ADD:2,7;ADD:3,7;ADD:5,7;ADD:7,3;ADD:9,7;REMOVE:0,7;REMOVE:1,7;REMOVE:2,3;REMOVE:2,9;REMOVE:5,2;REMOVE:5,8",0:7;1:7;2:3|9;3:2;4:7;5:2|8;6:2|7;7:7;8:2|7;9:2,0:8;1:2;2:2|7;3:2|7;4:7;5:7;6:2|7;7:3|7;8:2|7;9:2|7,0@1=2;0@2=3;0@4=1;0@5=1;0@6=1;0@7=1;0@8=1;1@2=2;1@4=4;1@5=1;2@1=1;2@2=2;2@4=9;2@5=1;2@6=2;2@8=4;2@0=2;2@3=1;2@9=1;3@1=2;3@2=3;3@4=2;3@5=1;3@7=1;3@8=2;3@3=1;3@9=2;4@1=7;4@2=6;4@4=2;4@7=1;4@8=1;4@0=2;4@3=1;5@1=3;5@2=1;5@4=3;5@6=1;5@7=2;5@8=1;5@0=4;5@3=3;5@9=1;6@1=3;6@2=4;6@4=4;6@5=1;6@6=1;6@7=3;6@8=2;6@0=2;6@3=4;6@9=1;7@1=2;7@2=5;7@4=3;7@5=4;7@7=1;7@3=1;8@1=1;8@2=1;8@4=1;8@5=3;8@7=1;8@9=1;9@1=1;9@2=2;9@4=4;9@5=3;9@7=1;9@8=2;9@3=1;9@9=1,"1,2,4,5,6,7,8,0,3,9",157,73,73,0,1.0,-0.35427834124157065,0.42857142857142855,0.017150230187000765,0.0,0.0,0.7999999999999999,0.3653140068054199,Feasible
1336,1335,17,9,8,"ADD:0,2;ADD:0,7;ADD:1,7;ADD:4,2;ADD:5,3;ADD:6,8;ADD:6,9;ADD:7,2;ADD:9,8;REMOVE:0,8;REMOVE:1,2;REMOVE:3,2;REMOVE:6,2;REMOVE:6,7;REMOVE:7,7;REMOVE:8,7;REMOVE:9,7",0:8;1:2;2:2|7;3:2|7;4:7;5:7;6:2|7;7:3|7;8:2|7;9:2|7,0:2|7;1:7;2:2|7;3:7;4:2|7;5:3|7;6:8|9;7:2|3;8:2;9:2|8,0@0=2;0@1=5;0@2=3;0@4=3;0@5=2;0@7=2;1@1=1;1@2=2;1@4=1;1@7=1;1@6=2;1@9=3;2@0=1;2@1=2;2@2=2;2@4=5;2@5=2;2@7=1;2@6=3;2@9=2;2@3=1;2@8=1;3@0=2;3@1=4;3@2=1;3@4=6;3@7=1;3@6=1;3@9=2;4@0=1;4@1=4;4@2=7;4@4=7;4@5=1;4@6=2;4@9=1;5@1=2;5@2=2;5@4=6;5@5=1;5@7=2;5@6=1;5@9=3;5@3=1;6@1=1;6@2=2;6@5=2;6@6=5;6@9=3;6@8=2;7@1=2;7@2=1;7@4=1;7@5=1;7@3=1;8@2=6;8@4=2;8@5=1;8@7=2;8@9=3;8@3=1;9@0=1;9@1=4;9@2=3;9@4=1;9@5=2;9@7=2;9@6=2,"0,1,2,4,5,7,6,9,3,8",156,68,68,0,1.0,-0.37616100424227383,0.5,0.023838995757726023,0.0,0.0,0.8999999999999999,0.3641469478607178,Feasible
1337,1336,17,7,10,"ADD:0,8;ADD:1,2;ADD:5,2;ADD:6,7;ADD:7,7;ADD:8,7;ADD:9,7;REMOVE:0,2;REMOVE:0,7;REMOVE:1,7;REMOVE:2,2;REMOVE:5,3;REMOVE:6,8;REMOVE:6,9;REMOVE:7,2;REMOVE:7,3;REMOVE:9,8",0:2|7;1:7;2:2|7;3:7;4:2|7;5:3|7;6:8|9;7:2|3;8:2;9:2|8,0:8;1:2;2:7;3:7;4:2|7;5:2|7;6:7;7:7;8:2|7;9:2|7,0@1=5;0@4=3;0@5=1;0@6=2;0@8=1;1@4=4;1@5=1;1@2=2;1@7=3;1@9=2;2@1=2;2@4=8;2@6=2;2@8=6;2@2=1;2@9=2;2@0=1;3@1=3;3@4=3;3@6=1;3@8=1;3@7=2;3@9=1;3@3=2;4@1=3;4@4=3;4@5=1;4@2=1;4@7=2;4@0=1;5@4=2;5@5=1;5@6=3;5@2=1;5@7=2;5@3=1;6@1=2;6@4=2;6@6=1;6@8=2;6@2=4;6@7=2;6@9=1;7@1=1;7@2=1;7@7=1;7@3=1;8@4=3;8@5=1;8@6=1;8@2=2;8@7=2;8@9=3;9@4=5;9@5=1;9@6=3;9@8=2;9@2=4;9@7=1;9@9=2;9@0=1,"1,4,5,6,8,2,7,9,0,3",129,61,61,0,1.0,-0.09363358732244398,0.5882352941176471,0.0181311185599089,0.0,0.0,0.7,0.358381986618042,Feasible
1338,1337,12,7,5,"ADD:0,7;ADD:1,7;ADD:1,8;ADD:2,2;ADD:3,8;ADD:5,8;ADD:6,2;REMOVE:0,8;REMOVE:1,2;REMOVE:5,2;REMOVE:5,7;REMOVE:8,2",0:8;1:2;2:7;3:7;4:2|7;5:2|7;6:7;7:7;8:2|7;9:2|7,0:7;1:7|8;2:2|7;3:7|8;4:2|7;5:8;6:2|7;7:7;8:7;9:2|7,0@0=1;0@1=4;0@2=2;0@3=1;0@4=4;0@6=2;1@1=2;1@2=3;1@3=1;1@4=2;1@6=3;1@5=2;1@7=1;1@8=1;1@9=1;2@0=1;2@1=2;2@2=5;2@3=1;2@4=3;2@5=1;2@7=1;2@8=2;3@0=1;3@4=2;3@6=1;3@5=1;4@0=1;4@1=4;4@2=2;4@3=2;4@4=1;4@5=1;4@7=1;4@8=2;4@9=2;5@1=1;5@2=4;5@4=2;5@5=1;5@8=2;6@0=1;6@1=1;6@2=1;6@3=2;6@4=2;6@5=1;6@7=2;6@8=1;6@9=1;7@1=2;7@2=2;7@3=1;7@4=3;7@6=1;7@7=2;8@0=1;8@1=1;8@2=2;8@3=2;8@4=2;8@6=1;8@7=1;9@0=2;9@1=2;9@2=4;9@3=2;9@4=2;9@5=1;9@9=1,"0,1,2,3,4,6,5,7,8,9",124,70,70,0,1.0,-0.3233996614199384,0.35714285714285715,0.01945748143720439,0.0,0.0,0.7,0.3684101104736328,Feasible
1339,1338,11,4,7,"ADD:2,8;ADD:3,6;ADD:5,7;ADD:7,4;REMOVE:1,8;REMOVE:2,2;REMOVE:2,7;REMOVE:3,7;REMOVE:5,8;REMOVE:7,7;REMOVE:9,2",0:7;1:7|8;2:2|7;3:7|8;4:2|7;5:8;6:2|7;7:7;8:7;9:2|7,0:7;1:7;2:8;3:6|8;4:2|7;5:7;6:2|7;7:4;8:7;9:7,0@0=1;0@2=2;0@3=1;0@4=1;0@6=1;0@7=1;1@2=2;1@7=2;1@1=1;1@8=1;2@2=7;2@4=3;2@6=2;2@8=1;3@4=2;3@6=1;3@1=1;3@5=1;3@9=2;4@0=1;4@2=4;4@3=1;4@4=3;4@1=1;4@8=1;4@5=1;4@9=1;5@0=2;5@2=1;5@4=5;5@6=3;5@1=2;5@8=1;5@9=1;6@0=2;6@2=2;6@3=1;6@4=1;6@6=2;6@7=1;6@1=1;6@8=2;6@5=2;6@9=1;7@2=1;7@4=2;8@0=1;8@2=3;8@4=1;8@6=2;9@0=1;9@2=1;9@3=1;9@4=7;9@1=4;9@8=3;9@9=1,"0,2,3,4,6,7,1,8,5,9",104,57,57,0,1.0,0.050596529256624556,0.4375,0.01309652925662458,0.0,0.0,0.4,0.3014039993286133,Feasible
1340,1339,14,7,7,"ADD:2,2;ADD:2,7;ADD:3,7;ADD:5,8;ADD:6,8;ADD:7,2;ADD:9,2;REMOVE:2,8;REMOVE:3,6;REMOVE:3,8;REMOVE:4,2;REMOVE:5,7;REMOVE:6,7;REMOVE:7,4",0:7;1:7;2:8;3:6|8;4:2|7;5:7;6:2|7;7:4;8:7;9:7,0:7;1:7;2:2|7;3:7;4:7;5:8;6:2|8;7:2;8:7;9:2|7,0@0=1;0@1=2;0@2=2;0@3=2;0@6=1;0@7=2;0@8=3;0@9=3;1@0=1;1@2=2;1@6=1;1@7=2;1@8=1;1@4=4;2@0=1;2@1=1;2@2=5;2@3=1;2@6=1;2@7=3;2@8=1;2@9=4;2@4=5;2@5=1;3@1=2;3@2=3;3@7=3;3@8=4;3@9=2;4@1=2;4@2=3;4@3=1;4@6=1;4@7=1;4@8=2;4@9=2;4@4=7;5@1=1;5@2=3;5@6=2;5@4=1;6@1=3;6@2=3;6@8=1;6@9=2;6@4=2;6@5=1;7@0=2;7@9=1;7@4=1;7@5=1;8@1=1;8@2=1;8@6=1;8@7=1;8@9=2;8@4=1;9@0=2;9@2=1;9@3=2;9@6=1;9@7=1;9@8=1;9@9=1;9@4=2;9@5=1,"0,1,2,3,6,7,8,9,4,5",126,66,66,0,1.0,-0.14432279336793585,0.5384615384615384,0.017215668170525656,0.0,0.0,0.7,0.32289886474609375,Feasible
1341,1340,12,9,3,"ADD:0,8;ADD:1,2;ADD:3,2;ADD:4,2;ADD:5,2;ADD:6,7;ADD:7,7;ADD:8,2;ADD:9,3;REMOVE:2,2;REMOVE:6,8;REMOVE:9,2",0:7;1:7;2:2|7;3:7;4:7;5:8;6:2|8;7:2;8:7;9:2|7,0:7|8;1:2|7;2:7;3:2|7;4:2|7;5:2|8;6:2|7;7:2|7;8:2|7;9:3|7,0@0=1;0@2=3;0@4=5;0@5=2;0@6=1;0@7=2;0@8=1;1@2=1;1@4=5;1@5=1;1@7=1;1@1=2;1@9=1;2@0=2;2@4=3;2@6=1;2@7=4;2@8=1;2@1=2;2@9=1;2@3=1;3@0=2;3@2=2;3@4=4;3@5=1;3@1=2;3@9=2;3@3=1;4@0=2;4@2=3;4@4=1;4@5=1;4@6=1;4@8=4;4@1=1;4@9=1;4@3=1;5@0=2;5@2=3;5@4=5;5@5=3;5@8=1;5@1=2;6@0=3;6@2=3;6@5=2;6@6=1;6@7=1;6@8=1;6@1=3;6@9=1;6@3=1;7@0=1;7@2=1;7@5=1;7@6=1;7@1=1;7@9=1;7@3=1;8@0=2;8@2=1;8@4=3;8@5=2;8@6=1;8@1=3;8@9=2;8@3=2;9@2=2;9@4=7;9@5=1;9@7=1;9@1=1;9@9=1;9@3=2,"0,2,4,5,6,7,8,1,9,3",140,74,74,0,1.0,-0.6494596237758916,0.23076923076923078,0.019771145454877473,0.0,0.0,0.8999999999999999,0.3348872661590576,Feasible
1342,1341,7,3,4,"ADD:0,2;ADD:7,8;ADD:9,8;REMOVE:0,8;REMOVE:5,8;REMOVE:7,7;REMOVE:9,3",0:7|8;1:2|7;2:7;3:2|7;4:2|7;5:2|8;6:2|7;7:2|7;8:2|7;9:3|7,0:2|7;1:2|7;2:7;3:2|7;4:2|7;5:2;6:2|7;7:2|8;8:2|7;9:7|8,0@0=1;0@1=2;0@2=1;0@3=1;0@4=5;0@5=1;0@6=4;0@7=1;0@9=3;1@0=1;1@1=2;1@2=3;1@3=1;1@4=2;1@5=1;1@6=1;1@7=2;1@9=2;2@0=3;2@1=4;2@2=1;2@3=3;2@4=4;2@8=2;3@0=5;3@2=3;3@4=4;3@5=1;3@6=1;3@7=4;3@9=3;4@0=2;4@1=2;4@2=2;4@3=1;4@4=3;4@5=1;4@6=2;4@7=2;4@9=2;4@8=2;5@2=4;5@4=1;5@5=1;5@7=2;5@9=2;6@0=1;6@1=2;6@2=5;6@3=2;6@4=4;6@5=1;6@7=3;6@9=2;6@8=2;7@0=2;7@1=2;7@2=1;7@4=2;7@5=1;7@8=3;8@0=1;8@1=1;8@2=2;8@3=1;8@4=2;8@5=1;9@0=2;9@1=1;9@3=2;9@4=5;9@5=4;9@6=1;9@7=3,"0,1,2,3,4,5,6,7,9,8",160,74,74,0,1.0,-0.06376613310612886,0.21052631578947367,0.025707551104397517,0.0,0.0,0.30000000000000004,0.3154318332672119,Feasible
1343,1342,17,6,11,"ADD:1,8;ADD:2,2;ADD:4,8;ADD:5,7;ADD:6,8;ADD:7,7;REMOVE:0,7;REMOVE:1,2;REMOVE:3,2;REMOVE:4,2;REMOVE:4,7;REMOVE:5,2;REMOVE:6,2;REMOVE:7,2;REMOVE:7,8;REMOVE:8,2;REMOVE:9,8",0:2|7;1:2|7;2:7;3:2|7;4:2|7;5:2;6:2|7;7:2|8;8:2|7;9:7|8,0:2;1:7|8;2:2|7;3:7;4:8;5:7;6:7|8;7:7;8:7;9:7,0@0=4;0@2=1;0@4=2;0@5=2;0@7=1;0@9=2;1@2=4;1@4=2;1@5=1;1@9=1;1@1=3;1@6=1;1@8=2;2@0=2;2@2=4;2@4=5;2@5=2;2@9=1;2@1=3;3@2=8;3@4=1;3@7=1;3@9=1;3@1=4;3@6=1;3@3=2;4@2=1;4@4=4;4@5=2;4@7=1;4@1=4;4@6=5;4@8=2;5@2=2;5@4=3;5@9=1;5@1=1;5@6=1;5@8=1;5@3=1;6@0=1;6@2=2;6@4=5;6@5=1;6@7=2;6@9=1;6@1=3;6@6=3;6@8=2;7@0=1;7@2=1;7@4=2;7@7=2;7@9=1;7@1=1;7@6=1;7@3=1;8@2=1;8@4=1;8@7=1;8@8=1;8@3=1;9@0=3;9@2=1;9@4=4;9@7=1;9@9=4;9@1=4;9@3=1,"0,2,4,5,7,9,1,6,8,3",143,69,69,0,1.0,0.023441375065319403,0.6111111111111112,0.012330263954208236,0.0,0.0,0.6,0.35471415519714355,Feasible
1344,1343,15,10,5,"ADD:0,7;ADD:1,2;ADD:2,3;ADD:3,2;ADD:4,7;ADD:5,2;ADD:6,3;ADD:8,2;ADD:8,9;ADD:9,8;REMOVE:0,2;REMOVE:1,7;REMOVE:4,8;REMOVE:6,8;REMOVE:8,7",0:2;1:7|8;2:2|7;3:7;4:8;5:7;6:7|8;7:7;8:7;9:7,0:7;1:2|8;2:2|3|7;3:2|7;4:7;5:2|7;6:3|7;7:7;8:2|9;9:7|8,0@1=1;0@2=3;0@4=2;0@7=1;0@8=1;0@9=1;1@1=1;1@2=1;1@4=1;1@8=1;1@0=3;1@5=1;2@1=3;2@2=2;2@4=3;2@9=1;2@5=3;2@3=1;3@1=1;3@2=7;3@4=3;3@8=1;3@9=1;3@0=1;3@5=2;3@3=1;3@6=4;4@1=4;4@2=4;4@4=1;4@7=3;4@8=1;4@9=2;4@0=1;4@3=1;4@6=1;5@1=1;5@2=4;5@4=2;5@7=1;5@9=1;5@0=1;5@5=1;6@1=1;6@2=2;6@4=2;6@7=2;6@9=3;6@5=3;6@3=1;7@1=1;7@7=1;7@8=1;7@0=1;7@3=1;8@2=2;8@9=1;8@5=2;8@6=1;9@1=3;9@4=3;9@7=3;9@8=1;9@9=3;9@0=3;9@5=2;9@3=1;9@6=1,"1,2,4,7,8,9,0,5,3,6",125,68,68,0,1.0,-0.5913528918613911,0.38461538461538464,0.024031723523224233,0.0,0.0,0.9999999999999999,0.42855000495910645,Feasible
1345,1344,16,6,10,"ADD:1,7;ADD:4,2;ADD:6,2;ADD:7,2;ADD:8,7;ADD:9,2;REMOVE:1,2;REMOVE:1,8;REMOVE:2,2;REMOVE:2,3;REMOVE:4,7;REMOVE:6,7;REMOVE:7,7;REMOVE:8,2;REMOVE:8,9;REMOVE:9,8",0:7;1:2|8;2:2|3|7;3:2|7;4:7;5:2|7;6:3|7;7:7;8:2|9;9:7|8,0:7;1:7;2:7;3:2|7;4:2;5:2|7;6:2|3;7:2;8:7;9:2|7,0@1=1;0@2=3;0@4=3;0@6=2;0@9=1;1@2=2;1@4=1;1@9=1;1@0=1;1@3=1;1@7=1;2@1=1;2@2=3;2@4=6;2@6=1;2@9=2;2@0=1;2@3=1;2@7=1;3@1=1;3@2=2;3@4=4;3@6=2;3@9=1;3@0=2;3@3=1;3@7=1;3@5=1;3@8=2;4@2=1;4@4=1;4@9=5;4@0=3;4@3=4;4@5=3;4@8=4;5@1=2;5@2=3;5@4=1;5@9=1;5@0=2;5@3=1;5@7=2;5@5=1;5@8=2;6@1=2;6@2=3;6@4=3;6@9=6;6@3=2;6@5=2;7@2=3;7@4=2;7@3=1;7@7=1;7@5=3;8@1=2;8@2=1;8@4=2;8@9=1;8@0=1;8@7=1;9@1=3;9@2=3;9@4=3;9@9=2;9@0=3;9@5=1,"1,2,4,6,9,0,3,7,5,8",137,68,68,0,1.0,-0.028166315418674093,0.5555555555555556,0.016278129025770253,0.0,0.0,0.6,0.35751914978027344,Feasible
1346,1345,16,8,8,"ADD:1,2;ADD:1,8;ADD:4,7;ADD:4,8;ADD:5,8;ADD:6,7;ADD:7,7;ADD:9,8;REMOVE:1,7;REMOVE:3,2;REMOVE:4,2;REMOVE:5,2;REMOVE:6,2;REMOVE:6,3;REMOVE:7,2;REMOVE:9,2",0:7;1:7;2:7;3:2|7;4:2;5:2|7;6:2|3;7:2;8:7;9:2|7,0:7;1:2|8;2:7;3:7;4:7|8;5:7|8;6:7;7:7;8:7;9:7|8,0@0=3;0@1=3;0@3=1;0@4=4;0@6=1;0@7=1;1@0=3;1@1=1;1@4=2;1@2=1;1@5=2;1@8=1;1@9=2;2@1=3;2@4=4;2@7=1;2@2=4;2@9=2;3@0=2;3@1=1;3@3=3;3@4=1;3@6=1;3@7=1;3@2=2;3@8=1;3@9=1;4@1=2;4@3=1;4@4=4;4@6=2;4@7=2;4@2=4;4@5=3;4@8=1;5@1=1;5@3=1;5@6=1;5@7=3;5@2=2;5@5=1;5@8=1;5@9=1;6@0=2;6@1=1;6@3=1;6@4=1;6@6=3;6@7=1;6@2=2;6@9=2;7@0=1;7@4=1;7@6=2;7@7=4;8@0=2;8@1=1;8@3=1;8@4=2;8@7=1;8@2=4;8@9=1;9@1=4;9@4=3;9@6=1;9@2=1;9@5=1;9@8=4;9@9=1,"0,1,3,4,6,7,2,5,8,9",130,69,69,0,1.0,-0.21118995681361297,0.5714285714285714,0.017381471757815615,0.0,0.0,0.7999999999999999,0.33165574073791504,Feasible
1347,1346,10,5,5,"ADD:0,8;ADD:2,8;ADD:3,2;ADD:3,8;ADD:8,2;REMOVE:1,2;REMOVE:3,7;REMOVE:4,8;REMOVE:5,8;REMOVE:9,7",0:7;1:2|8;2:7;3:7;4:7|8;5:7|8;6:7;7:7;8:7;9:7|8,0:7|8;1:8;2:7|8;3:2|8;4:7;5:7;6:7;7:7;8:2|7;9:8,0@2=1;0@4=2;0@5=3;0@6=1;0@7=1;0@8=1;0@9=2;1@2=1;1@4=2;1@1=1;2@2=3;2@4=2;2@5=1;2@6=3;2@7=1;2@8=1;2@1=2;2@0=1;2@3=3;3@2=2;3@4=4;3@5=1;3@8=1;3@9=2;3@1=2;4@2=4;4@4=1;4@6=2;4@8=2;4@9=3;4@1=3;4@0=1;5@2=1;5@4=1;5@6=2;5@8=1;5@1=1;5@0=2;5@3=2;6@2=2;6@4=4;6@6=1;6@8=1;6@9=1;6@1=2;6@0=3;7@4=2;7@6=1;7@7=1;7@0=1;8@2=3;8@4=2;8@5=1;8@1=1;8@0=1;8@3=1;9@2=2;9@4=1;9@6=2;9@8=1,"2,4,5,6,7,8,9,1,0,3",104,60,60,0,1.0,-0.13120149714010165,0.35714285714285715,0.011655645717041207,0.0,0.0,0.5,0.3068408966064453,Feasible
1348,1347,8,6,2,"ADD:1,2;ADD:3,7;ADD:4,3;ADD:5,2;ADD:7,8;ADD:9,2;REMOVE:3,2;REMOVE:7,7",0:7|8;1:8;2:7|8;3:2|8;4:7;5:7;6:7;7:7;8:2|7;9:8,0:7|8;1:2|8;2:7|8;3:7|8;4:3|7;5:2|7;6:7;7:8;8:2|7;9:2|8,0@0=3;0@1=2;0@2=2;0@3=1;0@4=1;0@5=2;0@6=2;0@7=1;0@8=3;1@2=7;1@3=1;1@5=1;1@6=2;1@7=1;1@8=4;1@9=2;2@0=2;2@1=4;2@2=8;2@4=6;2@5=1;2@6=2;2@8=1;2@9=2;3@0=1;3@1=2;3@2=5;3@3=4;3@4=2;3@5=2;3@6=1;3@7=1;3@8=1;4@1=3;4@2=5;4@3=1;4@4=5;4@5=3;4@7=2;5@0=1;5@1=4;5@2=3;5@4=9;5@5=1;5@6=1;5@7=2;5@9=1;6@0=2;6@1=3;6@2=3;6@4=6;6@6=2;6@7=1;6@8=3;6@9=1;7@2=1;7@4=1;7@6=1;7@8=1;8@0=1;8@1=2;8@2=1;8@3=1;8@4=4;8@5=1;8@6=1;8@7=1;8@9=2;9@2=3;9@3=1;9@4=4;9@5=2;9@6=4;9@8=2;9@9=5,"0,1,2,3,4,5,6,7,8,9",181,75,75,0,1.0,-0.4379896020385268,0.14285714285714285,0.019153255104330295,0.0,0.0,0.6,0.3714430332183838,Feasible
1349,1348,22,10,12,"ADD:0,2;ADD:1,7;ADD:2,2;ADD:3,2;ADD:4,2;ADD:6,8;ADD:7,7;ADD:8,8;ADD:8,9;ADD:9,7;REMOVE:0,8;REMOVE:1,2;REMOVE:1,8;REMOVE:2,8;REMOVE:3,7;REMOVE:3,8;REMOVE:4,3;REMOVE:5,2;REMOVE:7,8;REMOVE:8,2;REMOVE:8,7;REMOVE:9,8",0:7|8;1:2|8;2:7|8;3:7|8;4:3|7;5:2|7;6:7;7:8;8:2|7;9:2|8,0:2|7;1:7;2:2|7;3:2;4:2|7;5:7;6:7|8;7:7;8:8|9;9:2|7,0@0=3;0@1=5;0@2=4;0@3=3;0@4=1;0@5=3;0@6=2;0@8=5;0@9=1;1@0=1;1@1=2;1@2=4;1@4=3;1@6=2;1@9=2;1@7=1;2@0=2;2@1=4;2@2=8;2@3=1;2@4=5;2@5=1;2@6=1;2@8=3;2@9=4;3@0=1;3@2=6;3@3=2;3@4=1;3@5=1;3@8=2;3@9=1;4@0=3;4@1=2;4@2=6;4@3=3;4@4=7;4@5=1;4@6=2;4@8=1;4@9=1;4@7=2;5@0=2;5@1=3;5@2=3;5@3=2;5@4=5;5@6=2;5@8=2;5@7=1;6@0=6;6@1=7;6@2=5;6@3=5;6@4=5;6@5=4;6@6=1;6@8=2;6@7=2;7@1=2;7@2=1;7@4=4;7@7=2;8@1=2;8@2=2;8@4=4;8@5=2;8@6=1;8@9=1;9@0=2;9@2=5;9@3=1;9@4=4;9@5=2;9@6=2;9@8=1;9@9=2,"0,1,2,3,4,5,6,8,9,7",210,77,77,0,1.0,-0.31398499975789484,0.6666666666666666,0.019348333575438435,0.0,0.0,0.9999999999999999,0.43294596672058105,Feasible
1350,1349,12,5,7,"ADD:3,7;ADD:4,8;ADD:5,2;ADD:6,2;ADD:8,7;REMOVE:2,2;REMOVE:3,2;REMOVE:4,2;REMOVE:6,8;REMOVE:8,8;REMOVE:8,9;REMOVE:9,2",0:2|7;1:7;2:2|7;3:2;4:2|7;5:7;6:7|8;7:7;8:8|9;9:2|7,0:2|7;1:7;2:7;3:7;4:7|8;5:2|7;6:2|7;7:7;8:7;9:7,0@0=4;0@1=1;0@2=8;0@3=2;0@4=4;0@5=1;0@7=1;0@8=2;0@9=3;1@1=1;1@2=3;1@4=1;1@7=1;1@6=2;2@0=1;2@1=2;2@2=2;2@3=3;2@4=2;2@7=2;2@8=3;2@9=1;3@0=1;3@1=1;3@4=1;3@8=1;3@6=1;4@0=1;4@1=3;4@2=2;4@3=1;4@4=7;4@5=3;4@8=1;4@6=2;5@0=1;5@1=4;5@2=4;5@3=1;5@4=2;5@5=1;5@7=1;5@8=3;5@9=2;5@6=2;6@0=1;6@1=5;6@2=3;6@3=1;6@5=2;6@8=1;6@9=1;6@6=1;7@0=1;7@1=3;7@2=1;7@3=1;7@8=1;7@9=1;8@1=1;8@2=2;8@3=1;8@7=1;9@1=2;9@2=3;9@4=5;9@7=1;9@9=1,"0,1,2,3,4,5,7,8,9,6",136,68,68,0,1.0,-0.04654563143773177,0.4375,0.015954368562268215,0.0,0.0,0.5,0.4139120578765869,Feasible
1351,1350,9,6,3,"ADD:0,8;ADD:1,5;ADD:2,3;ADD:5,8;ADD:8,2;ADD:9,8;REMOVE:0,2;REMOVE:5,2;REMOVE:6,2",0:2|7;1:7;2:7;3:7;4:7|8;5:2|7;6:2|7;7:7;8:7;9:7,0:7|8;1:5|7;2:3|7;3:7;4:7|8;5:7|8;6:7;7:7;8:2|7;9:7|8,0@0=2;0@1=1;0@2=4;0@4=8;0@5=2;0@6=1;0@7=1;0@8=2;0@9=1;1@0=2;1@1=3;1@2=2;1@5=3;1@6=1;1@3=1;2@1=2;2@2=4;2@4=2;2@5=1;2@6=2;2@9=2;2@3=1;3@0=1;3@1=3;3@2=6;3@4=3;3@6=2;3@7=2;3@3=1;4@1=5;4@4=5;4@5=1;4@7=3;4@8=2;4@9=3;4@3=3;5@0=1;5@1=2;5@2=1;5@4=3;5@5=1;5@6=1;5@8=1;5@9=2;6@0=2;6@1=3;6@2=4;6@4=6;6@7=2;6@8=1;6@3=1;7@0=2;7@2=1;7@6=1;7@8=1;7@9=2;7@3=3;8@0=2;8@1=2;8@2=4;8@4=2;8@5=1;8@3=1;9@0=1;9@1=1;9@4=2;9@5=1;9@6=1;9@7=2;9@8=2;9@3=3,"0,1,2,4,5,6,7,8,9,3",154,71,71,0,1.0,-0.3686687788480415,0.21428571428571427,0.017045506866244238,0.0,0.0,0.6,0.3737618923187256,Feasible
1352,1351,9,4,5,"ADD:2,2;ADD:3,8;ADD:7,8;ADD:9,2;REMOVE:1,5;REMOVE:2,7;REMOVE:7,7;REMOVE:8,7;REMOVE:9,8",0:7|8;1:5|7;2:3|7;3:7;4:7|8;5:7|8;6:7;7:7;8:2|7;9:7|8,0:7|8;1:7;2:2|3;3:7|8;4:7|8;5:7|8;6:7;7:8;8:2;9:2|7,0@1=1;0@3=2;0@4=3;0@5=2;0@7=2;0@8=2;0@9=1;1@1=2;1@4=2;1@8=1;1@0=1;1@2=1;2@1=3;2@3=1;2@4=5;2@5=1;2@7=2;2@8=2;2@0=2;2@2=3;3@1=2;3@4=5;3@5=1;3@7=1;3@8=1;3@9=2;3@0=1;3@6=3;4@1=2;4@3=1;4@4=4;4@5=2;4@7=2;4@8=2;4@2=3;5@1=3;5@3=2;5@4=3;5@5=1;5@7=2;5@8=2;5@0=1;5@2=1;5@6=2;6@1=2;6@3=2;6@4=5;6@7=1;6@8=4;6@0=1;6@2=2;6@6=2;7@4=2;7@5=1;7@8=1;7@2=2;7@6=1;8@4=3;8@8=1;8@9=1;8@0=1;8@2=2;9@1=2;9@3=1;9@4=4;9@5=2;9@7=2;9@0=2;9@2=4;9@6=3,"1,3,4,5,7,8,9,0,2,6",142,70,70,0,1.0,-0.08568942848984651,0.29411764705882354,0.02019292445132998,0.0,0.0,0.4,0.3748950958251953,Feasible
1353,1352,14,5,9,"ADD:2,7;ADD:4,2;ADD:6,8;ADD:7,2;ADD:8,8;REMOVE:0,8;REMOVE:2,2;REMOVE:2,3;REMOVE:3,8;REMOVE:4,8;REMOVE:5,8;REMOVE:6,7;REMOVE:7,8;REMOVE:8,2",0:7|8;1:7;2:2|3;3:7|8;4:7|8;5:7|8;6:7;7:8;8:2;9:2|7,0:7;1:7;2:7;3:7;4:2|7;5:7;6:8;7:2;8:8;9:2|7,0@0=1;0@1=3;0@2=2;0@3=3;0@4=2;0@8=1;0@9=1;1@1=2;1@4=1;1@8=1;1@9=2;2@0=1;2@1=1;2@2=1;2@9=2;2@7=2;3@0=1;3@2=1;3@8=2;3@7=2;3@6=2;4@1=1;4@2=3;4@3=1;4@4=1;4@8=1;4@9=1;4@7=2;4@5=1;5@1=1;5@2=4;5@3=2;5@4=2;6@1=1;6@2=3;6@4=2;6@8=1;6@7=1;7@2=2;7@9=1;7@5=1;8@2=2;8@8=1;9@0=1;9@1=1;9@2=5;9@3=1;9@4=1;9@7=2;9@5=3,"0,1,2,3,4,8,9,7,6,5",83,50,50,0,1.0,0.08778196510032865,0.5625,0.025281965100328613,0.0,0.0,0.5,0.36174702644348145,Feasible
1354,1353,17,11,6,"ADD:0,2;ADD:2,2;ADD:3,2;ADD:3,8;ADD:4,8;ADD:5,2;ADD:6,2;ADD:6,7;ADD:7,7;ADD:8,7;ADD:9,8;REMOVE:3,7;REMOVE:4,2;REMOVE:6,8;REMOVE:7,2;REMOVE:8,8;REMOVE:9,2",0:7;1:7;2:7;3:7;4:2|7;5:7;6:8;7:2;8:8;9:2|7,0:2|7;1:7;2:2|7;3:2|8;4:7|8;5:2|7;6:2|7;7:7;8:7;9:7|8,0@0=1;0@1=2;0@2=5;0@3=1;0@4=2;0@5=2;0@6=1;0@7=1;0@8=1;0@9=2;1@0=1;1@1=1;1@3=1;1@4=2;1@6=2;2@0=1;2@1=3;2@2=3;2@4=2;2@5=2;2@6=1;2@9=2;3@1=2;3@2=2;3@3=1;3@4=4;3@5=1;3@8=1;3@9=3;4@0=1;4@1=2;4@2=4;4@4=1;4@5=2;4@6=4;4@7=2;4@8=2;4@9=1;5@0=1;5@1=1;5@2=2;5@3=1;5@4=4;5@5=1;5@6=1;5@7=1;5@9=1;6@0=2;6@1=3;6@2=4;6@3=3;6@4=6;6@5=2;6@8=2;6@9=1;7@1=1;7@2=2;7@4=3;7@8=1;7@9=1;8@0=1;8@2=2;8@4=2;8@6=1;9@2=6;9@3=3;9@4=3;9@5=1;9@6=3;9@7=3;9@8=2,"0,1,2,3,4,5,6,7,8,9",143,71,71,0,1.0,-0.5796908531479116,0.5,0.020309146852088324,0.0,0.0,1.0999999999999999,0.3982112407684326,Feasible
1355,1354,8,5,3,"ADD:1,8;ADD:3,7;ADD:4,2;ADD:7,8;ADD:9,2;REMOVE:3,8;REMOVE:4,8;REMOVE:5,2",0:2|7;1:7;2:2|7;3:2|8;4:7|8;5:2|7;6:2|7;7:7;8:7;9:7|8,0:2|7;1:7|8;2:2|7;3:2|7;4:2|7;5:7;6:2|7;7:7|8;8:7;9:2|7|8,0@0=2;0@1=3;0@2=6;0@3=2;0@4=1;0@5=2;0@6=1;0@7=4;0@8=1;0@9=1;1@0=1;1@1=7;1@2=2;1@4=4;1@5=1;1@6=1;1@7=1;1@8=1;1@9=2;2@0=1;2@1=4;2@2=3;2@3=4;2@5=2;2@6=1;2@7=4;2@8=5;2@9=2;3@0=2;3@1=2;3@2=2;3@3=1;3@4=3;3@5=2;3@7=1;3@8=2;3@9=3;4@0=1;4@1=3;4@2=5;4@3=1;4@4=3;4@5=6;4@6=2;4@7=1;4@8=2;4@9=2;5@0=1;5@1=5;5@2=3;5@3=4;5@4=3;5@6=1;5@7=1;5@8=1;5@9=4;6@0=5;6@1=2;6@2=5;6@3=1;6@4=4;6@5=3;6@7=2;6@8=3;6@9=2;7@1=1;7@2=1;7@3=1;7@4=4;7@5=2;7@6=1;7@8=1;7@9=3;8@0=1;8@1=1;8@2=3;8@3=1;8@4=2;8@7=2;9@0=2;9@1=4;9@2=2;9@3=1;9@4=3;9@5=4;9@6=2;9@7=1;9@8=3;9@9=3,"0,1,2,3,4,5,6,7,8,9",212,89,89,0,1.0,-0.30146501761030065,0.17647058823529413,0.02206439415440525,0.0,0.0,0.5,0.40280675888061523,Feasible
1356,1355,14,6,8,"ADD:0,8;ADD:2,8;ADD:3,8;ADD:7,1;ADD:8,2;ADD:8,9;REMOVE:0,2;REMOVE:1,8;REMOVE:2,2;REMOVE:3,2;REMOVE:7,7;REMOVE:7,8;REMOVE:8,7;REMOVE:9,2",0:2|7;1:7|8;2:2|7;3:2|7;4:2|7;5:7;6:2|7;7:7|8;8:7;9:2|7|8,0:7|8;1:7;2:7|8;3:7|8;4:2|7;5:7;6:2|7;7:1;8:2|9;9:7|8,0@0=1;0@1=4;0@4=3;0@5=3;0@7=2;0@8=2;1@0=1;1@1=1;1@4=2;1@8=1;1@2=1;1@6=5;1@9=1;2@1=3;2@4=3;2@5=1;2@8=1;2@2=3;2@6=2;2@3=2;3@0=2;3@1=2;3@4=1;3@5=2;3@7=1;3@8=2;3@2=3;3@6=1;3@9=1;4@0=1;4@1=3;4@4=6;4@5=1;4@7=3;4@8=2;4@2=2;4@9=3;5@0=1;5@1=2;5@4=1;5@7=2;5@8=2;5@6=1;6@1=2;6@4=2;6@5=4;6@7=1;6@8=1;6@2=8;6@6=1;6@9=1;7@1=1;7@8=1;7@6=1;7@9=1;7@3=2;8@1=1;8@4=1;8@5=1;8@2=3;8@9=1;9@1=2;9@4=2;9@5=1;9@8=1;9@2=2;9@6=3;9@9=1,"0,1,4,5,7,8,2,6,9,3",132,68,68,0,1.0,-0.1560139757779917,0.42105263157894735,0.022933392643060952,0.0,0.0,0.6,0.3327138423919678,Feasible
1357,1356,18,7,11,"ADD:0,2;ADD:1,2;ADD:2,2;ADD:4,8;ADD:5,2;ADD:7,7;ADD:8,7;REMOVE:0,7;REMOVE:0,8;REMOVE:1,7;REMOVE:2,8;REMOVE:3,8;REMOVE:4,2;REMOVE:6,2;REMOVE:7,1;REMOVE:8,2;REMOVE:8,9;REMOVE:9,7",0:7|8;1:7;2:7|8;3:7|8;4:2|7;5:7;6:2|7;7:1;8:2|9;9:7|8,0:2;1:2;2:2|7;3:7;4:7|8;5:2|7;6:7;7:7;8:7;9:8,0@0=2;0@3=1;0@4=5;0@5=2;0@7=3;0@8=1;1@4=3;1@5=1;1@7=1;1@8=2;1@2=2;1@9=1;2@0=2;2@3=1;2@4=2;2@5=2;2@7=1;2@8=1;2@2=4;2@9=1;2@1=3;2@6=1;3@4=5;3@7=1;3@2=3;3@9=2;3@1=3;3@6=1;4@3=3;4@4=2;4@5=1;4@7=2;4@8=1;4@2=7;4@9=1;4@1=2;4@6=2;5@0=2;5@3=1;5@4=3;5@5=3;5@7=3;5@8=2;5@2=5;5@9=1;5@6=3;6@0=1;6@3=1;6@4=6;6@8=3;6@2=5;6@9=1;6@1=1;6@6=1;7@0=2;7@3=1;7@4=4;7@7=2;7@1=2;7@6=1;8@0=2;8@3=1;8@4=2;8@8=1;9@4=1;9@5=1;9@7=2;9@8=1;9@2=3;9@1=1;9@6=1,"0,3,4,5,7,8,2,9,1,6",148,71,71,0,1.0,-0.03837929340489099,0.6470588235294118,0.014561883065697218,0.0,0.0,0.7,0.3423953056335449,Feasible
1358,1357,12,6,6,"ADD:0,7;ADD:0,8;ADD:1,7;ADD:7,2;ADD:8,8;ADD:9,7;REMOVE:0,2;REMOVE:1,2;REMOVE:2,2;REMOVE:4,8;REMOVE:7,7;REMOVE:9,8",0:2;1:2;2:2|7;3:7;4:7|8;5:2|7;6:7;7:7;8:7;9:8,0:7|8;1:7;2:7;3:7;4:7;5:2|7;6:7;7:2;8:7|8;9:7,0@0=2;0@1=3;0@2=2;0@3=3;0@4=2;0@5=2;0@6=1;0@7=1;0@8=2;1@0=1;1@1=1;1@2=2;1@4=2;1@6=1;1@9=1;2@1=4;2@2=6;2@3=1;2@4=3;2@6=1;2@8=2;2@9=2;3@2=1;3@3=1;3@4=3;3@6=4;3@7=3;3@8=1;4@1=3;4@2=5;4@4=2;4@6=1;4@7=1;4@8=1;4@9=2;5@0=2;5@1=3;5@2=2;5@3=1;5@4=1;5@5=1;5@6=3;5@7=2;5@8=2;5@9=3;6@0=1;6@1=4;6@3=2;6@4=5;6@7=1;7@2=2;7@3=1;7@4=3;7@8=1;7@9=2;8@2=1;8@4=2;8@5=2;8@6=2;8@7=1;8@8=2;8@9=1;9@1=1;9@2=1;9@4=1;9@6=1;9@8=2;9@9=1,"0,1,2,3,4,5,6,7,8,9",133,68,68,0,1.0,-0.125456210388194,0.46153846153846156,0.013005328073344416,0.0,0.0,0.6,0.3283989429473877,Feasible
1359,1358,16,9,7,"ADD:1,8;ADD:1,9;ADD:2,2;ADD:4,2;ADD:4,8;ADD:6,2;ADD:6,8;ADD:7,7;ADD:9,2;REMOVE:0,8;REMOVE:1,7;REMOVE:4,7;REMOVE:6,7;REMOVE:7,2;REMOVE:8,8;REMOVE:9,7",0:7|8;1:7;2:7;3:7;4:7;5:2|7;6:7;7:2;8:7|8;9:7,0:7;1:8|9;2:2|7;3:7;4:2|8;5:2|7;6:2|8;7:7;8:7;9:2,0@0=1;0@1=3;0@2=1;0@4=4;0@6=2;0@7=2;0@8=3;1@1=3;1@2=3;1@6=1;1@8=1;1@5=1;1@9=1;2@0=3;2@1=3;2@2=1;2@4=4;2@8=3;2@5=1;2@9=3;2@3=1;3@0=1;3@1=2;3@4=2;3@6=3;3@3=2;4@0=1;4@1=1;4@2=2;4@4=2;4@8=4;4@5=3;4@9=2;5@0=1;5@1=2;5@2=3;5@4=2;5@6=1;5@7=1;5@5=1;5@9=1;6@1=3;6@2=3;6@4=1;6@8=1;6@5=2;6@9=1;6@3=1;7@2=2;7@4=1;7@6=1;7@7=1;8@0=1;8@1=1;8@2=2;8@4=3;8@6=1;8@8=1;9@2=1;9@4=1;9@5=1;9@3=2,"0,1,2,4,6,7,8,5,9,3",113,62,62,0,1.0,-0.3435365933360607,0.5384615384615384,0.018001868202400757,0.0,0.0,0.8999999999999999,0.3107748031616211,Feasible
1360,1359,18,9,9,"ADD:0,2;ADD:1,7;ADD:3,2;ADD:3,8;ADD:4,7;ADD:6,7;ADD:7,5;ADD:7,8;ADD:9,8;REMOVE:0,7;REMOVE:1,8;REMOVE:1,9;REMOVE:3,7;REMOVE:4,8;REMOVE:6,2;REMOVE:6,8;REMOVE:7,7;REMOVE:9,2",0:7;1:8|9;2:2|7;3:7;4:2|8;5:2|7;6:2|8;7:7;8:7;9:2,0:2;1:7;2:2|7;3:2|8;4:2|7;5:2|7;6:7;7:5|8;8:7;9:8,0@2=3;0@3=2;0@4=3;0@9=1;1@3=1;1@4=3;1@9=1;1@1=1;1@6=1;2@2=5;2@3=2;2@4=1;2@1=2;2@0=2;2@5=1;3@2=3;3@3=1;3@4=5;3@6=1;3@5=2;3@8=1;4@2=5;4@3=1;4@4=4;4@9=1;4@1=2;4@0=1;4@5=1;4@8=2;5@2=2;5@4=2;5@9=3;5@1=1;5@0=2;5@5=1;5@7=1;6@2=4;6@3=1;6@4=4;6@7=1;7@2=1;7@3=1;7@6=1;7@0=1;7@5=2;7@8=1;8@3=3;8@1=3;8@7=1;9@2=1;9@1=1;9@5=1;9@7=1,"2,3,4,9,1,6,0,5,8,7",99,53,53,0,1.0,-0.27467736731030923,0.6,0.025322632689690674,0.0,0.0,0.8999999999999999,0.2737410068511963,Feasible
1361,1360,11,4,7,"ADD:0,7;ADD:0,8;ADD:2,8;ADD:8,8;REMOVE:0,2;REMOVE:2,2;REMOVE:3,8;REMOVE:5,2;REMOVE:7,5;REMOVE:8,7;REMOVE:9,8",0:2;1:7;2:2|7;3:2|8;4:2|7;5:2|7;6:7;7:5|8;8:7;9:8,0:7|8;1:7;2:7|8;3:2;4:2|7;5:7;6:7;7:8;8:8;9:-,0@0=2;0@1=4;0@3=1;0@5=3;0@6=1;0@7=1;0@8=3;1@3=1;1@7=1;1@8=1;1@2=3;1@4=3;1@9=1;2@1=6;2@3=1;2@5=1;2@7=1;2@8=2;2@2=2;2@4=5;3@3=1;3@5=2;3@7=2;3@8=2;3@2=2;3@4=1;4@0=1;4@1=1;4@3=1;4@5=3;4@6=2;4@7=2;4@8=1;4@2=2;4@4=5;4@9=1;5@1=4;5@3=1;5@7=1;5@8=2;5@2=2;6@0=1;6@1=2;6@7=2;6@8=2;6@2=1;6@4=1;6@9=1;7@5=2;7@6=1;7@7=1;7@2=1;8@5=2;8@7=1;8@8=1;8@2=1;8@4=1,"0,1,3,5,6,7,8,2,4,9",103,57,57,0,1.0,0.08365233310181353,0.4666666666666667,0.01698566643514686,0.0,0.0,0.4,0.3094320297241211,Feasible
1362,1361,12,7,5,"ADD:0,2;ADD:3,7;ADD:5,2;ADD:5,9;ADD:7,7;ADD:8,7;ADD:9,7;REMOVE:0,8;REMOVE:4,2;REMOVE:5,7;REMOVE:7,8;REMOVE:8,8",0:7|8;1:7;2:7|8;3:2;4:2|7;5:7;6:7;7:8;8:8;9:-,0:2|7;1:7;2:7|8;3:2|7;4:7;5:2|9;6:7;7:7;8:7;9:7,0@0=4;0@2=2;0@3=1;0@4=1;0@5=1;0@6=3;0@9=1;1@0=2;1@2=3;1@4=3;1@9=2;1@7=1;1@8=2;2@0=5;2@2=4;2@4=8;2@5=2;2@6=3;2@7=2;2@8=1;2@1=4;3@0=1;3@2=2;3@4=3;3@5=2;3@9=2;3@7=1;3@1=2;4@0=1;4@2=3;4@3=4;4@4=3;4@6=1;4@9=2;4@7=1;4@8=1;4@1=3;5@2=2;5@4=4;5@5=2;5@9=2;5@1=1;6@0=3;6@2=6;6@3=2;6@4=2;6@6=2;6@9=1;6@8=2;6@1=1;7@2=1;7@4=1;7@9=2;7@8=1;7@1=1;8@0=2;8@2=1;8@3=1;8@4=1;8@7=1;8@8=3;8@1=2;9@2=2;9@4=2;9@6=1;9@9=2;9@7=1;9@8=1,"0,2,3,4,5,6,9,7,8,1",143,68,68,0,1.0,-0.2728121108424532,0.4166666666666667,0.010521222490880038,0.0,0.0,0.7,0.35036325454711914,Feasible
1363,1362,11,6,5,"ADD:0,8;ADD:4,8;ADD:5,7;ADD:6,8;ADD:8,2;ADD:9,2;REMOVE:0,2;REMOVE:0,7;REMOVE:5,2;REMOVE:5,9;REMOVE:9,7",0:2|7;1:7;2:7|8;3:2|7;4:7;5:2|9;6:7;7:7;8:7;9:7,0:8;1:7;2:7|8;3:2|7;4:7|8;5:7;6:7|8;7:7;8:2|7;9:2,0@1=2;0@2=5;0@4=2;0@6=1;0@8=1;1@1=2;1@2=1;1@4=4;1@6=1;1@8=2;1@0=2;2@1=2;2@2=1;2@4=8;2@6=2;2@8=2;2@5=2;2@9=1;3@1=2;3@2=1;3@4=4;3@6=2;3@0=3;3@5=2;3@9=1;3@7=2;4@1=2;4@4=7;4@6=3;4@0=1;4@5=3;4@7=2;4@3=1;5@1=3;5@2=2;5@4=2;5@6=1;5@8=2;5@0=1;5@9=4;5@3=2;6@1=2;6@2=5;6@4=1;6@6=2;6@8=1;6@5=4;6@9=1;6@7=4;6@3=2;7@2=1;7@4=2;7@6=2;7@9=1;7@7=1;8@2=1;8@4=3;8@6=3;8@0=2;8@5=1;8@7=1;8@3=1;9@2=1;9@4=1;9@9=1,"1,2,4,6,8,0,5,9,7,3",138,65,65,0,1.0,-0.23029133100853982,0.35714285714285715,0.012565811848602995,0.0,0.0,0.6,0.3223607540130615,Feasible
1364,1363,11,6,5,"ADD:0,9;ADD:1,8;ADD:2,2;ADD:5,8;ADD:6,2;ADD:9,7;REMOVE:0,8;REMOVE:2,8;REMOVE:3,2;REMOVE:6,8;REMOVE:9,2",0:8;1:7;2:7|8;3:2|7;4:7|8;5:7;6:7|8;7:7;8:2|7;9:2,0:9;1:7|8;2:2|7;3:7;4:7|8;5:7|8;6:2|7;7:7;8:2|7;9:7,0@1=4;0@2=3;0@3=2;0@6=1;0@7=3;0@9=2;1@1=1;1@6=2;1@7=1;1@0=2;1@4=1;1@5=2;1@8=1;2@1=3;2@2=6;2@3=2;2@7=1;2@9=2;2@0=2;2@4=4;2@5=2;2@8=2;3@1=2;3@2=3;3@3=2;3@0=3;3@4=3;3@8=1;4@1=2;4@2=4;4@3=2;4@6=2;4@7=1;4@9=3;4@4=2;4@5=2;4@8=1;5@1=2;5@2=2;5@6=3;5@7=1;5@0=1;5@4=3;5@5=2;6@1=3;6@2=5;6@3=1;6@7=1;6@9=1;6@0=2;6@4=3;6@5=1;7@1=2;7@6=2;7@7=1;7@4=2;8@1=2;8@2=1;8@9=1;8@0=3;8@4=3;8@5=1;9@1=1;9@2=1;9@7=1;9@9=2;9@4=1;9@8=1,"1,2,3,6,7,9,0,4,5,8",138,68,68,0,1.0,-0.25073009435984694,0.3333333333333333,0.01593657230681969,0.0,0.0,0.6,0.3744661808013916,Feasible
1365,1364,7,2,5,"ADD:4,2;ADD:8,8;REMOVE:4,8;REMOVE:5,8;REMOVE:6,2;REMOVE:8,2;REMOVE:8,7",0:9;1:7|8;2:2|7;3:7;4:7|8;5:7|8;6:2|7;7:7;8:2|7;9:7,0:9;1:7|8;2:2|7;3:7;4:2|7;5:7;6:7;7:7;8:8;9:7,0@1=3;0@2=1;0@7=1;1@1=1;1@2=4;1@0=2;1@3=2;1@4=2;1@5=2;1@6=1;1@8=3;2@1=3;2@2=2;2@7=1;2@0=1;2@3=3;2@5=2;2@8=1;2@9=1;3@1=3;3@2=5;3@7=2;3@0=1;3@3=1;3@4=1;3@6=2;3@8=3;3@9=1;4@1=2;4@2=1;4@0=2;4@3=1;4@4=3;4@5=3;4@6=2;4@9=2;5@2=4;5@7=2;5@0=1;5@4=3;5@6=5;5@8=1;5@9=1;6@1=1;6@2=3;6@7=1;6@0=1;6@3=1;6@4=3;6@6=1;6@8=1;6@9=1;7@0=1;7@3=1;7@4=2;7@6=1;7@9=2;8@1=2;8@2=2;8@4=1;8@5=1;8@6=2;8@8=1;9@7=1;9@4=1;9@6=1;9@9=1,"1,2,7,0,3,4,5,6,8,9",121,67,67,0,1.0,0.12401293514870548,0.3125,0.011512935148705503,0.0,0.0,0.2,0.3769700527191162,Feasible
1366,1365,15,8,7,"ADD:0,7;ADD:1,2;ADD:2,8;ADD:3,8;ADD:4,8;ADD:5,8;ADD:8,9;ADD:9,9;REMOVE:0,9;REMOVE:1,7;REMOVE:1,8;REMOVE:2,2;REMOVE:4,2;REMOVE:8,8;REMOVE:9,7",0:9;1:7|8;2:2|7;3:7;4:2|7;5:7;6:7;7:7;8:8;9:7,0:7;1:2;2:7|8;3:7|8;4:7|8;5:7|8;6:7;7:7;8:9;9:9,0@0=1;0@1=2;0@2=1;0@4=1;0@8=4;0@9=1;1@0=1;1@2=2;1@4=2;1@8=1;1@3=1;1@5=2;1@7=1;2@0=1;2@1=3;2@2=5;2@4=6;2@8=1;2@9=1;2@5=1;2@7=1;2@6=1;3@1=2;3@2=1;3@4=3;3@8=3;3@3=1;3@5=2;3@7=1;3@6=1;4@1=3;4@4=1;4@8=2;4@9=3;4@3=2;4@5=1;4@7=1;4@6=3;5@1=1;5@2=1;5@4=1;5@8=1;5@3=1;5@5=1;5@6=1;6@0=2;6@1=2;6@2=1;6@4=1;6@8=4;6@9=2;6@3=1;6@6=1;7@1=2;7@2=1;7@4=3;7@9=1;7@3=2;7@7=2;7@6=1;8@1=2;8@9=1;8@3=1;8@6=1;9@9=1;9@7=1;9@6=1,"0,1,2,4,8,9,3,5,7,6",111,67,67,0,1.0,-0.24748276822278326,0.5384615384615384,0.014055693315678228,0.0,0.0,0.7999999999999999,0.3821570873260498,Feasible
1367,1366,14,7,7,"ADD:1,8;ADD:2,2;ADD:4,2;ADD:6,2;ADD:7,2;ADD:8,7;ADD:9,8;REMOVE:1,2;REMOVE:2,8;REMOVE:4,8;REMOVE:5,8;REMOVE:7,7;REMOVE:8,9;REMOVE:9,9",0:7;1:2;2:7|8;3:7|8;4:7|8;5:7|8;6:7;7:7;8:9;9:9,0:7;1:8;2:2|7;3:7|8;4:2|7;5:7;6:2|7;7:2;8:7;9:8,0@0=1;0@1=1;0@8=1;0@9=1;1@1=2;1@8=3;1@4=4;1@7=2;2@0=1;2@1=5;2@4=6;2@2=2;2@3=1;2@5=1;2@6=2;3@1=2;3@9=1;3@4=2;3@7=1;3@2=2;3@5=1;3@6=3;4@0=1;4@1=5;4@8=1;4@9=2;4@4=4;4@7=1;4@2=3;4@3=2;4@5=3;4@6=2;5@8=1;5@9=1;5@4=1;5@2=3;5@3=1;5@6=1;6@0=3;6@9=4;6@4=2;6@7=2;6@2=1;6@3=2;6@5=1;6@6=1;7@0=1;7@8=2;7@9=2;7@4=1;7@2=1;7@5=2;8@8=2;8@9=1;8@2=2;8@3=1;8@6=1;9@4=1;9@5=2,"0,1,8,9,4,7,2,3,5,6",112,59,59,0,1.0,-0.18697129911128507,0.5,0.013028700888714852,0.0,0.0,0.7,0.3501567840576172,Feasible
1368,1367,17,8,9,"ADD:1,7;ADD:4,8;ADD:5,3;ADD:6,8;ADD:7,7;ADD:8,2;ADD:8,9;ADD:9,7;REMOVE:1,8;REMOVE:2,7;REMOVE:3,8;REMOVE:4,2;REMOVE:4,7;REMOVE:6,2;REMOVE:7,2;REMOVE:8,7;REMOVE:9,8",0:7;1:8;2:2|7;3:7|8;4:2|7;5:7;6:2|7;7:2;8:7;9:8,0:7;1:7;2:2;3:7;4:8;5:3|7;6:7|8;7:7;8:2|9;9:7,0@0=1;0@3=1;0@4=3;0@7=4;0@8=1;1@3=2;1@4=3;1@8=3;1@2=2;1@6=1;2@3=1;2@4=1;2@8=3;2@2=3;3@0=1;3@3=2;3@4=1;3@8=1;3@6=1;3@1=3;3@9=1;4@4=1;4@7=2;4@2=1;4@6=4;4@1=1;4@5=3;5@0=1;5@3=2;5@7=1;5@2=1;5@6=3;5@1=1;5@5=1;6@0=1;6@4=3;6@7=1;6@2=5;6@6=2;6@1=1;6@5=3;7@3=1;7@4=1;7@8=1;7@2=3;7@1=1;8@0=1;8@3=2;8@2=2;8@6=1;8@9=2;8@5=1;9@0=1;9@7=1;9@2=1;9@1=2,"0,3,4,7,8,2,6,1,9,5",98,56,56,0,1.0,-0.1411153134660147,0.6428571428571429,0.01602754367684235,0.0,0.0,0.7999999999999999,0.3164830207824707,Feasible
1369,1368,19,12,7,"ADD:0,8;ADD:1,2;ADD:2,7;ADD:3,2;ADD:4,2;ADD:4,7;ADD:5,8;ADD:6,2;ADD:7,2;ADD:8,3;ADD:8,7;ADD:9,2;REMOVE:1,7;REMOVE:4,8;REMOVE:5,3;REMOVE:6,8;REMOVE:8,2;REMOVE:8,9;REMOVE:9,7",0:7;1:7;2:2;3:7;4:8;5:3|7;6:7|8;7:7;8:2|9;9:7,0:7|8;1:2;2:2|7;3:2|7;4:2|7;5:7|8;6:2|7;7:2|7;8:3|7;9:2,0@0=3;0@1=3;0@2=4;0@4=6;0@5=1;0@6=1;0@7=2;0@8=2;0@9=1;1@0=1;1@2=3;1@4=1;1@5=1;1@7=2;1@8=2;1@3=1;2@0=1;2@1=5;2@2=2;2@4=2;2@5=2;2@6=2;2@7=1;2@8=5;2@9=1;2@3=2;3@0=1;3@2=3;3@4=3;3@5=1;3@6=1;3@7=3;3@8=3;3@9=2;3@3=1;4@0=1;4@1=3;4@2=3;4@4=1;4@5=1;4@6=5;4@7=3;4@8=4;4@9=2;4@3=1;5@0=1;5@1=2;5@2=1;5@4=3;5@5=2;5@6=1;5@8=3;5@9=1;6@0=1;6@1=5;6@2=4;6@4=5;6@5=1;6@6=1;6@7=2;6@8=1;6@9=1;6@3=1;7@0=1;7@1=1;7@2=4;7@4=3;7@5=1;7@7=1;7@8=1;7@9=2;8@1=2;8@2=2;8@4=1;8@5=1;8@6=2;8@9=1;8@3=1;9@2=2;9@4=1;9@3=2,"0,1,2,4,5,6,7,8,9,3",164,81,81,0,1.0,-0.6383735782256622,0.5384615384615384,0.023164883312799343,0.0,0.0,1.2,0.3560302257537842,Feasible
1370,1369,13,5,8,"ADD:1,7;ADD:1,8;ADD:4,8;ADD:6,8;ADD:9,7;REMOVE:0,8;REMOVE:1,2;REMOVE:3,2;REMOVE:4,2;REMOVE:6,2;REMOVE:7,2;REMOVE:8,3;REMOVE:9,2",0:7|8;1:2;2:2|7;3:2|7;4:2|7;5:7|8;6:2|7;7:2|7;8:3|7;9:2,0:7;1:7|8;2:2|7;3:7;4:7|8;5:7|8;6:7|8;7:7;8:7;9:7,0@0=1;0@4=3;0@6=1;0@7=1;0@8=1;1@0=2;1@4=1;1@6=1;1@7=1;1@8=1;1@1=3;1@2=1;1@3=1;1@5=1;2@0=4;2@4=3;2@6=1;2@7=2;2@8=1;2@1=3;2@2=3;2@3=1;2@5=1;2@9=2;3@4=3;3@6=2;3@7=4;3@2=2;3@3=2;3@9=3;4@0=1;4@4=3;4@7=1;4@8=3;4@1=6;4@2=3;4@5=2;5@0=1;5@4=1;5@6=2;5@8=2;5@1=1;5@2=3;5@3=2;5@5=1;6@0=1;6@4=1;6@6=1;6@7=1;6@8=2;6@1=1;6@2=1;6@3=2;6@5=2;7@0=1;7@4=4;7@8=2;7@1=1;7@9=1;8@4=3;8@6=1;8@7=3;8@1=1;8@2=4;9@0=1;9@7=1;9@1=1;9@2=1;9@3=1;9@9=1,"0,4,6,7,8,1,2,3,5,9",127,70,70,0,1.0,-0.03597202800455984,0.4444444444444444,0.019583527550995735,0.0,0.0,0.5,0.3751091957092285,Feasible
1371,1370,8,5,3,"ADD:0,2;ADD:1,2;ADD:7,2;ADD:8,8;ADD:8,9;REMOVE:1,8;REMOVE:7,7;REMOVE:8,7",0:7;1:7|8;2:2|7;3:7;4:7|8;5:7|8;6:7|8;7:7;8:7;9:7,0:2|7;1:2|7;2:2|7;3:7;4:7|8;5:7|8;6:7|8;7:2;8:8|9;9:7,0@0=2;0@1=1;0@2=1;0@4=2;0@5=1;0@7=2;0@8=1;0@9=1;1@0=1;1@1=1;1@2=4;1@4=1;1@5=2;1@9=1;1@3=1;1@6=2;2@0=1;2@1=1;2@2=3;2@4=3;2@5=1;2@9=1;2@6=1;3@0=2;3@1=3;3@2=2;3@4=4;3@7=1;3@8=2;3@9=1;3@3=7;4@1=3;4@2=1;4@4=1;4@5=3;4@7=2;4@8=1;4@3=1;4@6=3;5@1=1;5@5=1;5@7=2;5@8=1;5@3=1;5@6=3;6@0=1;6@1=3;6@2=5;6@4=4;6@5=2;6@7=1;6@8=2;6@9=1;6@6=2;7@2=1;7@5=1;7@7=1;7@9=1;8@1=3;8@2=3;8@4=3;8@5=2;8@9=2;8@6=1;9@0=1;9@2=2;9@4=3;9@7=1;9@6=1,"0,1,2,4,5,7,8,9,3,6",128,69,69,0,1.0,-0.28058549053004245,0.2,0.019414509469957562,0.0,0.0,0.5,0.3870401382446289,Feasible
1372,1371,8,5,3,"ADD:2,8;ADD:3,8;ADD:7,8;ADD:8,6;ADD:9,4;REMOVE:2,2;REMOVE:8,9;REMOVE:9,7",0:2|7;1:2|7;2:2|7;3:7;4:7|8;5:7|8;6:7|8;7:2;8:8|9;9:7,0:2|7;1:2|7;2:7|8;3:7|8;4:7|8;5:7|8;6:7|8;7:2|8;8:6|8;9:4,0@0=1;0@2=3;0@4=2;0@5=1;0@6=1;0@7=1;0@8=1;0@9=1;1@0=4;1@2=1;1@4=2;1@5=2;1@7=2;1@8=1;1@9=2;1@1=3;2@0=2;2@2=4;2@4=1;2@5=4;2@6=2;2@8=1;2@1=4;2@3=3;3@4=3;3@5=2;3@7=1;3@8=1;3@9=1;4@0=2;4@2=6;4@5=2;4@6=1;4@8=2;4@9=3;4@1=1;5@0=1;5@2=4;5@4=1;5@5=1;5@6=1;5@7=1;5@8=2;5@9=2;5@1=4;6@0=1;6@2=3;6@4=4;6@5=3;6@6=3;6@7=2;6@8=1;6@1=2;7@2=1;7@4=2;7@5=1;7@8=1;7@1=1;7@3=1;8@4=3;8@5=1;8@6=1;8@8=1;8@9=2;9@4=1,"0,2,4,5,6,7,8,9,1,3",126,65,65,0,1.0,-0.3056090505823825,0.17647058823529413,0.01792036118232332,0.0,0.0,0.5,0.34930896759033203,Feasible
1373,1372,13,5,8,"ADD:1,8;ADD:3,3;ADD:7,7;ADD:8,7;ADD:9,7;REMOVE:1,2;REMOVE:3,8;REMOVE:5,8;REMOVE:7,2;REMOVE:7,8;REMOVE:8,6;REMOVE:8,8;REMOVE:9,4",0:2|7;1:2|7;2:7|8;3:7|8;4:7|8;5:7|8;6:7|8;7:2|8;8:6|8;9:4,0:2|7;1:7|8;2:7|8;3:3|7;4:7|8;5:7;6:7|8;7:7;8:7;9:7,0@0=1;0@1=1;0@2=3;0@3=2;0@4=4;0@5=3;0@6=1;0@8=3;0@9=1;1@2=4;1@3=1;1@4=2;1@5=3;1@6=1;1@8=1;1@7=2;2@1=4;2@2=1;2@3=3;2@4=1;2@5=1;2@8=1;2@7=2;3@1=1;3@2=4;3@3=1;3@4=1;3@5=2;3@6=2;3@9=2;3@7=3;4@0=2;4@1=3;4@2=2;4@3=1;4@4=2;4@5=2;4@6=2;4@8=1;5@2=4;5@3=2;5@4=2;5@6=1;5@8=1;5@9=2;6@1=2;6@2=2;6@3=1;6@4=2;6@5=2;6@6=2;6@8=2;7@0=1;7@2=2;7@4=2;7@6=1;7@8=2;7@9=1;7@7=2;8@3=3;8@4=5;8@8=1;8@9=2;9@0=1;9@1=1;9@2=1;9@4=1,"0,1,2,3,4,5,6,8,9,7",128,67,67,0,1.0,-0.06568895418819648,0.42105263157894735,0.0132584142328562,0.0,0.0,0.5,0.3567221164703369,Feasible
1374,1373,17,7,10,"ADD:0,8;ADD:2,3;ADD:4,2;ADD:5,8;ADD:6,2;ADD:7,2;ADD:8,8;REMOVE:0,2;REMOVE:0,7;REMOVE:1,8;REMOVE:2,8;REMOVE:3,3;REMOVE:4,7;REMOVE:4,8;REMOVE:6,7;REMOVE:7,7;REMOVE:8,7",0:2|7;1:7|8;2:7|8;3:3|7;4:7|8;5:7;6:7|8;7:7;8:7;9:7,0:8;1:7;2:3|7;3:7;4:2;5:7|8;6:2|8;7:2;8:8;9:7,0@2=3;0@4=2;0@5=1;0@8=1;1@2=2;1@4=1;1@0=1;1@1=1;1@9=1;2@2=4;2@4=3;2@5=1;2@1=1;2@9=2;2@3=3;2@6=1;3@2=3;3@4=5;3@0=1;3@1=1;3@9=1;3@3=1;3@7=1;4@2=2;4@4=1;4@5=2;4@8=1;4@0=1;4@3=2;4@7=1;5@2=2;5@4=2;5@5=2;5@1=3;5@3=2;5@6=1;6@2=1;6@4=1;6@5=1;6@8=1;6@9=2;6@3=2;6@6=1;7@2=2;7@4=2;7@5=2;7@8=2;7@9=1;8@2=2;8@4=1;8@5=2;8@1=1;8@7=1;9@4=1;9@0=1;9@1=2,"2,4,5,8,0,1,9,3,6,7",92,56,56,0,1.0,-0.06271897460777476,0.625,0.012281025392225203,0.0,0.0,0.7,0.3061518669128418,Feasible
1375,1374,15,8,7,"ADD:0,7;ADD:2,8;ADD:4,7;ADD:5,3;ADD:6,7;ADD:7,7;ADD:8,7;ADD:9,8;REMOVE:0,8;REMOVE:2,3;REMOVE:5,8;REMOVE:6,2;REMOVE:7,2;REMOVE:8,8;REMOVE:9,7",0:8;1:7;2:3|7;3:7;4:2;5:7|8;6:2|8;7:2;8:8;9:7,0:7;1:7;2:7|8;3:7;4:2|7;5:3|7;6:7|8;7:7;8:7;9:8,0@2=1;0@3=1;0@4=1;0@7=1;0@8=2;0@9=1;1@2=2;1@3=1;1@4=2;1@8=1;1@9=1;1@0=1;1@1=3;1@6=4;2@2=1;2@4=5;2@8=1;2@9=3;2@0=2;2@1=3;2@6=3;2@5=1;3@2=5;3@3=1;3@4=2;3@9=1;3@0=2;3@1=1;3@6=2;4@2=3;4@3=1;4@4=1;4@7=1;4@9=2;4@0=2;4@1=2;4@6=2;4@5=3;5@2=2;5@3=1;5@7=2;5@0=2;5@1=3;5@6=3;5@5=2;6@2=5;6@3=3;6@4=4;6@7=1;6@8=2;6@0=3;6@1=1;6@6=1;6@5=3;7@2=2;7@3=2;7@4=1;7@8=1;7@9=1;7@1=2;8@2=1;8@3=1;8@4=1;8@8=1;8@6=1;9@2=2;9@4=1;9@1=1;9@6=1,"2,3,4,7,8,9,0,1,6,5",129,69,69,0,1.0,-0.2522740741207442,0.5384615384615384,0.009264387417717315,0.0,0.0,0.7999999999999999,0.32985615730285645,Feasible
1376,1375,8,3,5,"ADD:2,2;ADD:8,2;ADD:9,7;REMOVE:2,8;REMOVE:5,3;REMOVE:6,8;REMOVE:8,7;REMOVE:9,8",0:7;1:7;2:7|8;3:7;4:2|7;5:3|7;6:7|8;7:7;8:7;9:8,0:7;1:7;2:2|7;3:7;4:2|7;5:7;6:7;7:7;8:2;9:7,0@1=4;0@2=1;0@3=3;0@4=3;0@6=2;0@7=2;0@8=1;0@9=1;1@1=2;1@4=2;1@6=1;1@7=1;1@8=1;1@9=1;1@0=1;2@1=4;2@2=7;2@3=1;2@4=2;2@6=2;2@8=2;2@9=1;2@0=1;2@5=1;3@1=1;3@2=8;3@3=2;3@4=3;3@7=2;3@8=2;3@0=2;4@1=1;4@2=4;4@3=2;4@4=6;4@7=1;4@8=3;4@9=4;4@5=3;5@1=1;5@2=1;5@3=1;5@4=3;5@7=2;5@8=3;5@9=1;5@0=4;6@1=2;6@2=6;6@4=3;6@6=1;6@7=3;6@8=2;6@9=1;6@0=2;7@1=1;7@2=4;7@3=1;7@4=3;7@6=1;7@8=1;7@9=1;8@2=3;8@3=3;8@4=3;8@8=1;8@9=1;8@0=1;8@5=1;9@1=1;9@2=2;9@4=2;9@8=4;9@9=1;9@0=2,"1,2,3,4,6,7,8,9,0,5",164,75,75,0,1.0,0.07234467977014136,0.35714285714285715,0.015201822627284273,0.0,0.0,0.30000000000000004,0.36817479133605957,Feasible
1377,1376,15,11,4,"ADD:0,2;ADD:2,8;ADD:3,2;ADD:4,8;ADD:5,2;ADD:6,2;ADD:7,8;ADD:8,7;ADD:8,8;ADD:9,2;ADD:9,9;REMOVE:2,2;REMOVE:4,2;REMOVE:8,2;REMOVE:9,7",0:7;1:7;2:2|7;3:7;4:2|7;5:7;6:7;7:7;8:2;9:7,0:2|7;1:7;2:7|8;3:2|7;4:7|8;5:2|7;6:2|7;7:7|8;8:7|8;9:2|9,0@0=2;0@1=2;0@2=2;0@3=1;0@4=2;0@5=1;0@6=2;0@7=1;0@8=1;0@9=1;1@1=2;1@2=3;1@3=1;1@7=1;1@8=1;1@9=2;2@1=2;2@2=3;2@3=1;2@5=3;2@6=1;2@7=1;2@8=2;2@9=1;3@0=3;3@1=2;3@2=1;3@3=2;3@4=2;3@5=1;3@7=2;4@1=1;4@2=5;4@3=2;4@4=2;4@5=1;4@6=2;4@7=3;4@8=2;4@9=4;5@0=4;5@1=1;5@2=3;5@3=5;5@4=1;5@5=2;5@6=1;5@7=1;5@8=1;5@9=1;6@0=1;6@1=2;6@2=3;6@3=2;6@4=1;6@5=2;6@6=1;6@9=2;7@1=2;7@2=3;7@4=2;7@5=1;7@6=1;7@7=1;7@8=2;7@9=1;8@1=2;8@3=1;8@4=5;8@5=4;8@6=2;8@7=2;9@0=1;9@2=2;9@3=1;9@5=2;9@6=1;9@9=2,"0,1,2,3,4,5,6,7,8,9",146,78,78,0,1.0,-0.7451309152839324,0.3333333333333333,0.02153575138273418,0.0,0.0,1.0999999999999999,0.5131962299346924,Feasible
1378,1377,15,5,10,"ADD:1,8;ADD:5,8;ADD:7,3;ADD:8,2;ADD:9,7;REMOVE:0,2;REMOVE:2,8;REMOVE:3,2;REMOVE:5,2;REMOVE:6,2;REMOVE:7,7;REMOVE:7,8;REMOVE:8,8;REMOVE:9,2;REMOVE:9,9",0:2|7;1:7;2:7|8;3:2|7;4:7|8;5:2|7;6:2|7;7:7|8;8:7|8;9:2|9,0:7;1:7|8;2:7;3:7;4:7|8;5:7|8;6:7;7:3;8:2|7;9:7,0@0=1;0@1=3;0@2=5;0@3=1;0@4=9;0@7=2;0@8=1;0@9=1;1@1=1;1@2=2;1@3=1;1@4=1;1@8=1;1@5=1;1@6=1;2@0=1;2@1=1;2@2=3;2@3=2;2@4=2;2@7=3;2@8=2;2@6=2;3@0=1;3@2=2;3@3=3;3@4=4;3@9=1;3@6=3;4@1=3;4@2=3;4@3=2;4@4=5;4@7=1;4@8=3;4@5=1;4@6=1;5@1=2;5@2=4;5@4=1;5@7=2;5@9=1;5@5=1;5@6=2;6@0=3;6@2=8;6@3=1;6@4=2;6@7=1;6@8=2;6@9=1;6@6=1;7@2=1;7@3=2;8@0=3;8@1=2;8@2=2;8@3=1;8@4=3;8@5=2;9@0=1;9@1=1;9@3=1;9@4=2;9@7=1;9@9=2;9@6=1,"0,1,2,3,4,7,8,9,5,6",137,67,67,0,1.0,0.03860550064259283,0.5263157894736842,0.012289711168908696,0.0,0.0,0.5,0.41371798515319824,Feasible
1379,1378,13,8,5,"ADD:0,3;ADD:2,2;ADD:3,2;ADD:6,2;ADD:7,2;ADD:8,5;ADD:8,8;ADD:9,8;REMOVE:1,8;REMOVE:5,8;REMOVE:8,2;REMOVE:8,7;REMOVE:9,7",0:7;1:7|8;2:7;3:7;4:7|8;5:7|8;6:7;7:3;8:2|7;9:7,0:3|7;1:7;2:2|7;3:2|7;4:7|8;5:7;6:2|7;7:2|3;8:5|8;9:8,0@1=3;0@2=5;0@3=1;0@4=1;0@5=1;0@6=2;0@7=1;0@9=1;1@1=1;1@2=3;1@4=3;1@9=2;2@1=2;2@2=5;2@4=3;2@5=1;2@7=1;2@9=1;2@0=2;3@1=1;3@2=5;3@3=2;3@4=1;3@5=1;3@7=1;3@9=1;3@0=3;3@8=1;4@1=2;4@2=3;4@4=1;4@5=2;4@6=3;4@0=3;5@2=3;5@3=1;5@4=3;5@6=3;5@8=1;6@1=5;6@2=6;6@3=1;6@4=1;6@5=1;6@7=1;6@9=4;6@0=1;6@8=1;7@1=1;7@2=1;7@3=1;7@4=1;7@5=3;8@3=2;8@4=1;8@5=2;8@8=1;9@1=1;9@2=1;9@4=1;9@5=1;9@7=1;9@8=1,"1,2,3,4,5,6,7,9,0,8",120,63,63,0,1.0,-0.4216787076254668,0.35714285714285715,0.021178435231676004,0.0,0.0,0.7999999999999999,0.3477060794830322,Feasible
1380,1379,20,10,10,"ADD:0,2;ADD:1,3;ADD:1,8;ADD:4,2;ADD:5,8;ADD:7,7;ADD:7,8;ADD:8,2;ADD:8,7;ADD:9,7;REMOVE:0,3;REMOVE:1,7;REMOVE:2,2;REMOVE:4,8;REMOVE:5,7;REMOVE:7,2;REMOVE:7,3;REMOVE:8,5;REMOVE:8,8;REMOVE:9,8",0:3|7;1:7;2:2|7;3:2|7;4:7|8;5:7;6:2|7;7:2|3;8:5|8;9:8,0:2|7;1:3|8;2:7;3:2|7;4:2|7;5:8;6:2|7;7:7|8;8:2|7;9:7,0@0=3;0@1=1;0@2=3;0@3=3;0@4=3;0@5=1;0@6=1;0@8=2;0@9=1;1@1=2;1@3=1;1@4=1;1@5=1;2@0=1;2@1=4;2@2=3;2@3=3;2@4=1;2@8=1;2@9=2;3@0=1;3@2=1;3@3=1;3@4=2;3@5=2;3@6=1;3@8=2;3@9=1;3@7=1;4@0=1;4@1=2;4@2=4;4@3=1;4@4=5;4@5=3;4@6=1;4@9=1;5@1=2;5@2=1;5@4=4;5@5=1;5@8=1;5@7=1;6@0=2;6@1=1;6@2=2;6@3=2;6@4=2;6@5=1;6@6=1;6@8=1;6@9=2;6@7=2;7@0=1;7@1=2;7@4=2;7@5=1;7@8=1;7@7=1;8@0=2;8@1=2;8@2=2;8@3=1;8@4=2;8@5=2;8@8=2;8@9=1;8@7=2;9@0=1;9@2=2;9@3=1;9@4=1;9@8=1;9@9=1;9@7=2,"0,1,2,3,4,5,6,8,9,7",127,75,75,0,1.0,-0.3942887566697899,0.5882352941176471,0.017475949212562927,0.0,0.0,0.9999999999999999,0.3651750087738037,Feasible
1381,1380,17,8,9,"ADD:0,8;ADD:1,2;ADD:2,8;ADD:4,8;ADD:5,2;ADD:5,7;ADD:9,1;ADD:9,8;REMOVE:0,2;REMOVE:1,3;REMOVE:1,8;REMOVE:3,2;REMOVE:4,2;REMOVE:5,8;REMOVE:6,2;REMOVE:8,2;REMOVE:9,7",0:2|7;1:3|8;2:7;3:2|7;4:2|7;5:8;6:2|7;7:7|8;8:2|7;9:7,0:7|8;1:2;2:7|8;3:7;4:7|8;5:2|7;6:7;7:7|8;8:7;9:1|8,0@1=3;0@4=2;0@5=1;0@6=2;0@7=1;0@9=1;1@0=2;1@2=1;2@1=3;2@4=6;2@5=1;2@6=1;2@7=1;2@9=1;2@0=2;2@3=1;2@8=1;3@4=1;3@7=3;3@0=1;3@2=2;3@3=2;4@1=2;4@4=1;4@5=1;4@6=1;4@7=1;4@0=1;4@2=2;4@3=2;4@8=1;5@1=1;5@4=1;5@5=2;5@7=1;5@9=1;5@0=2;5@2=1;5@3=1;6@1=2;6@4=5;6@6=1;6@7=2;6@9=1;6@2=3;6@8=3;7@1=2;7@4=2;7@5=3;7@6=1;7@0=1;7@2=1;7@8=2;8@4=1;8@7=1;8@9=1;8@2=2;8@8=1;9@1=1;9@5=1;9@9=1;9@8=1,"1,4,5,6,7,9,0,2,3,8",100,62,62,0,1.0,-0.2523358996339726,0.5294117647058824,0.0182523356601449,0.0,0.0,0.7999999999999999,0.3122529983520508,Feasible
1382,1381,15,7,8,"ADD:0,2;ADD:3,2;ADD:5,3;ADD:7,2;ADD:8,2;ADD:8,8;ADD:9,7;REMOVE:0,7;REMOVE:0,8;REMOVE:5,7;REMOVE:7,7;REMOVE:7,8;REMOVE:8,7;REMOVE:9,1;REMOVE:9,8",0:7|8;1:2;2:7|8;3:7;4:7|8;5:2|7;6:7;7:7|8;8:7;9:1|8,0:2;1:2;2:7|8;3:2|7;4:7|8;5:2|3;6:7;7:2;8:2|8;9:7,0@0=1;0@3=1;0@4=1;0@5=2;0@7=3;0@9=1;1@0=1;1@3=1;1@4=1;1@5=1;1@7=1;1@9=1;1@2=1;1@8=1;2@0=1;2@3=1;2@4=3;2@5=1;2@7=3;2@2=1;2@8=5;2@1=2;2@6=2;3@0=7;3@4=3;3@5=1;3@7=1;3@9=1;3@2=2;3@8=1;3@1=1;4@0=4;4@5=4;4@7=1;4@9=2;4@2=2;4@8=1;4@1=3;4@6=1;5@3=1;5@5=1;5@9=1;5@2=1;5@8=1;5@1=4;6@0=1;6@4=1;6@7=1;6@9=3;6@2=1;6@1=2;6@6=2;7@0=1;7@4=2;7@9=2;7@2=1;8@4=4;8@5=1;8@9=3;8@2=3;8@8=1;8@1=2;9@0=2;9@3=1;9@4=2;9@7=2;9@9=2;9@8=1;9@6=1,"0,3,4,5,7,9,2,8,1,6",122,69,69,0,1.0,-0.18028516808054784,0.5,0.019714831919452135,0.0,0.0,0.7,0.328524112701416,Feasible
1383,1382,16,9,7,"ADD:0,7;ADD:0,8;ADD:1,7;ADD:2,2;ADD:3,8;ADD:5,7;ADD:6,2;ADD:7,7;ADD:8,7;REMOVE:0,2;REMOVE:2,7;REMOVE:3,2;REMOVE:4,8;REMOVE:5,3;REMOVE:7,2;REMOVE:8,8",0:2;1:2;2:7|8;3:2|7;4:7|8;5:2|3;6:7;7:2;8:2|8;9:7,0:7|8;1:2|7;2:2|8;3:7|8;4:7;5:2|7;6:2|7;7:7;8:2|7;9:7,0@1=1;0@2=3;0@3=2;0@4=3;0@5=1;0@6=3;0@8=1;1@1=2;1@2=2;1@3=1;1@4=2;1@5=3;1@6=2;1@0=1;1@9=1;2@1=3;2@2=3;2@3=2;2@4=2;2@5=2;2@8=1;2@0=2;2@9=1;2@7=2;3@1=4;3@2=3;3@3=2;3@4=4;3@5=3;3@8=1;3@7=1;4@1=4;4@2=2;4@3=1;4@4=4;4@6=3;5@1=4;5@2=4;5@3=2;5@4=4;5@5=2;5@6=4;5@0=1;5@7=1;6@1=1;6@2=3;6@3=1;6@4=4;6@5=1;6@8=3;6@0=1;6@7=1;7@1=1;7@3=1;7@4=2;7@0=1;7@9=1;8@1=1;8@2=1;8@3=4;8@4=2;8@5=1;8@8=2;8@0=3;8@7=2;9@1=3;9@2=1;9@3=1;9@4=1;9@6=1;9@0=1,"1,2,3,4,5,6,8,0,9,7",145,71,71,0,1.0,-0.41825571588816807,0.4666666666666667,0.01507761744516516,0.0,0.0,0.8999999999999999,0.33193111419677734,Feasible
1384,1383,17,8,9,"ADD:2,7;ADD:3,2;ADD:4,2;ADD:6,8;ADD:7,2;ADD:8,8;ADD:9,2;ADD:9,8;REMOVE:0,8;REMOVE:1,2;REMOVE:2,2;REMOVE:2,8;REMOVE:3,8;REMOVE:5,2;REMOVE:6,2;REMOVE:8,2;REMOVE:9,7",0:7|8;1:2|7;2:2|8;3:7|8;4:7;5:2|7;6:2|7;7:7;8:2|7;9:7,0:7;1:7;2:7;3:2|7;4:2|7;5:7;6:7|8;7:2|7;8:7|8;9:2|8,0@0=3;0@1=3;0@2=6;0@3=2;0@4=2;0@6=1;0@7=3;0@8=1;0@9=2;1@0=1;1@1=2;1@2=3;1@4=2;1@9=2;2@0=2;2@1=2;2@2=3;2@4=3;2@6=1;2@9=2;3@0=3;3@1=1;3@2=6;3@3=1;3@4=3;3@6=1;3@7=1;3@8=1;3@9=1;3@5=2;4@0=1;4@1=2;4@2=3;4@3=2;4@4=5;4@6=2;4@7=1;4@8=2;4@9=4;4@5=3;5@0=1;5@1=2;5@2=2;5@3=2;5@4=4;5@6=2;5@7=4;5@9=2;6@1=5;6@2=4;6@3=1;6@4=4;6@6=1;6@7=2;6@5=1;7@0=2;7@1=1;7@2=1;7@3=1;7@4=2;7@9=1;7@5=2;8@1=2;8@2=3;8@4=1;8@6=5;8@8=1;8@9=1;8@5=1;9@0=1;9@1=2;9@2=1;9@4=1;9@5=1,"0,1,2,3,4,6,7,8,9,5",158,74,74,0,1.0,-0.25624756526709425,0.5294117647058824,0.01434067002702338,0.0,0.0,0.7999999999999999,0.3355371952056885,Feasible
1385,1384,11,5,6,"ADD:0,2;ADD:1,2;ADD:2,2;ADD:4,8;ADD:5,2;REMOVE:1,7;REMOVE:3,2;REMOVE:4,2;REMOVE:7,2;REMOVE:8,8;REMOVE:9,2",0:7;1:7;2:7;3:2|7;4:2|7;5:7;6:7|8;7:2|7;8:7|8;9:2|8,0:2|7;1:2;2:2|7;3:7;4:7|8;5:2|7;6:7|8;7:7;8:7;9:8,0@0=1;0@1=1;0@2=2;0@3=2;0@4=4;0@5=2;0@6=2;0@7=2;0@8=1;0@9=1;1@2=5;1@3=2;1@4=4;1@8=1;1@9=2;2@2=4;2@3=2;2@4=7;2@5=1;2@6=1;2@7=1;2@8=1;2@9=3;3@0=1;3@1=1;3@2=2;3@3=3;3@4=1;3@7=1;3@9=2;4@1=2;4@2=2;4@4=3;4@5=3;4@7=2;4@8=2;4@9=1;5@0=2;5@1=4;5@2=2;5@3=1;5@4=4;5@5=2;5@6=3;5@7=1;5@9=2;6@1=3;6@2=5;6@3=1;6@4=3;6@5=1;6@6=3;6@7=2;7@0=2;7@1=1;7@2=4;7@4=2;7@6=2;8@0=1;8@1=1;8@2=4;8@4=1;8@6=2;8@9=1;9@1=1;9@2=2;9@4=2;9@8=1,"0,1,2,3,4,5,6,7,8,9",144,68,68,0,1.0,-0.10813114616826702,0.375,0.016868853831732974,0.0,0.0,0.5,0.33729982376098633,Feasible
1386,1385,9,4,5,"ADD:3,8;ADD:4,2;ADD:7,8;ADD:9,7;REMOVE:0,7;REMOVE:4,8;REMOVE:5,2;REMOVE:6,8;REMOVE:9,8",0:2|7;1:2;2:2|7;3:7;4:7|8;5:2|7;6:7|8;7:7;8:7;9:8,0:2;1:2;2:2|7;3:7|8;4:2|7;5:7;6:7;7:7|8;8:7;9:7,0@2=2;0@3=1;0@4=1;0@5=2;0@7=1;0@9=1;1@2=3;1@3=1;1@4=1;1@5=1;1@7=1;1@9=1;2@2=3;2@3=2;2@4=1;2@5=3;2@7=3;2@0=2;2@1=2;2@8=2;3@2=2;3@3=3;3@4=1;3@5=1;3@7=1;3@1=4;3@8=2;4@2=1;4@3=3;4@4=3;4@5=4;4@7=1;4@9=1;4@0=1;4@1=5;4@8=1;4@6=1;5@2=4;5@3=1;5@4=1;5@7=1;5@9=1;5@1=1;5@6=1;6@2=5;6@4=4;6@9=1;6@0=1;6@1=3;6@8=2;7@2=2;7@4=1;7@5=1;7@0=1;7@1=1;7@6=2;8@2=2;8@3=1;8@4=4;8@7=2;8@1=1;9@2=1;9@7=2;9@0=1;9@1=1;9@8=1,"2,3,4,5,7,9,0,1,8,6",119,66,66,0,1.0,-0.04850657566652605,0.3333333333333333,0.01816009100014068,0.0,0.0,0.4,0.32732582092285156,Feasible
1387,1386,15,8,7,"ADD:0,7;ADD:1,7;ADD:3,2;ADD:5,8;ADD:6,2;ADD:7,3;ADD:7,5;ADD:9,9;REMOVE:0,2;REMOVE:1,2;REMOVE:3,7;REMOVE:3,8;REMOVE:7,7;REMOVE:7,8;REMOVE:9,7",0:2;1:2;2:2|7;3:7|8;4:2|7;5:7;6:7;7:7|8;8:7;9:7,0:7;1:7;2:2|7;3:2;4:2|7;5:7|8;6:2|7;7:3|5;8:7;9:9,0@1=2;0@2=1;0@3=1;0@4=1;0@6=1;0@7=1;1@1=2;1@2=1;1@4=2;1@7=1;1@0=1;1@8=1;2@1=1;2@2=3;2@4=2;2@7=1;2@0=3;2@8=2;2@5=2;2@9=2;3@2=3;3@4=1;3@7=1;3@5=1;3@9=1;4@1=4;4@2=4;4@3=1;4@4=3;4@6=1;4@7=1;4@5=2;5@1=1;5@2=3;5@6=1;5@7=2;5@0=2;5@8=1;5@5=1;5@9=2;6@1=1;6@2=3;6@3=3;6@4=5;6@6=3;6@0=1;6@5=1;7@1=2;7@2=1;7@3=1;7@0=2;7@5=1;8@2=1;8@4=1;8@6=1;8@0=1;9@1=1;9@6=3;9@7=1;9@9=1,"1,2,3,4,6,7,0,8,5,9",101,60,60,0,1.0,-0.2771623850414977,0.5,0.02283761495850224,0.0,0.0,0.7999999999999999,0.30692505836486816,Feasible
1388,1387,22,11,11,"ADD:0,2;ADD:0,8;ADD:1,8;ADD:2,9;ADD:3,7;ADD:4,8;ADD:4,9;ADD:5,2;ADD:6,8;ADD:7,7;ADD:9,3;REMOVE:0,7;REMOVE:2,2;REMOVE:2,7;REMOVE:4,2;REMOVE:4,7;REMOVE:5,7;REMOVE:5,8;REMOVE:6,7;REMOVE:7,3;REMOVE:7,5;REMOVE:9,9",0:7;1:7;2:2|7;3:2;4:2|7;5:7|8;6:2|7;7:3|5;8:7;9:9,0:2|8;1:7|8;2:9;3:2|7;4:8|9;5:2;6:2|8;7:7;8:7;9:3,0@0=2;0@1=1;0@2=1;0@4=2;0@5=1;0@8=2;0@9=1;1@0=2;1@4=1;1@5=1;1@6=1;2@1=3;2@2=3;2@9=1;2@7=1;3@0=2;3@2=4;3@5=1;3@8=1;3@9=3;3@6=1;3@3=2;4@1=3;4@2=2;4@4=2;4@5=1;4@9=2;4@6=2;5@2=5;5@4=1;5@5=1;5@8=1;5@3=2;6@1=2;6@2=4;6@4=5;6@5=3;6@8=3;6@9=1;6@3=1;7@0=1;7@2=5;7@4=1;7@8=1;7@9=1;7@6=1;8@2=1;8@4=1;8@7=1;8@3=2;9@3=2,"0,1,2,4,5,8,9,6,7,3",95,51,51,0,1.0,-0.3409362006729425,0.7333333333333333,0.025730465993724135,0.0,0.0,1.0999999999999999,0.326099157333374,Feasible
1389,1388,19,9,10,"ADD:0,7;ADD:2,7;ADD:2,8;ADD:4,2;ADD:4,7;ADD:5,7;ADD:5,8;ADD:6,7;ADD:9,7;REMOVE:0,2;REMOVE:0,8;REMOVE:1,8;REMOVE:2,9;REMOVE:3,7;REMOVE:4,8;REMOVE:4,9;REMOVE:5,2;REMOVE:6,8;REMOVE:9,3",0:2|8;1:7|8;2:9;3:2|7;4:8|9;5:2;6:2|8;7:7;8:7;9:3,0:7;1:7;2:7|8;3:2;4:2|7;5:7|8;6:2|7;7:7;8:7;9:7,0@1=1;0@2=1;0@3=2;0@4=3;0@6=1;1@2=1;1@4=1;1@6=2;1@7=1;1@9=1;2@1=3;2@2=4;2@4=4;2@6=1;2@7=1;2@9=1;2@0=3;2@5=2;2@8=1;3@2=4;3@3=2;3@4=2;3@5=1;4@1=3;4@2=7;4@3=1;4@4=3;4@6=2;4@7=1;4@9=3;4@0=1;4@5=2;4@8=2;5@1=2;5@2=3;5@4=3;5@6=1;5@0=1;5@5=2;5@8=1;6@1=1;6@2=3;6@3=2;6@4=3;6@6=1;6@9=1;6@0=1;6@5=2;7@1=1;7@2=1;7@3=1;7@4=2;7@9=2;7@0=1;7@8=2;8@1=1;8@2=1;8@3=1;8@4=3;8@6=1;9@1=2;9@2=2;9@7=1,"1,2,3,4,6,7,9,0,5,8",117,63,63,0,1.0,-0.21513918084354844,0.6666666666666666,0.018194152489784794,0.0,0.0,0.8999999999999999,0.3984677791595459,Feasible
1390,1389,6,3,3,"ADD:0,8;ADD:1,2;ADD:7,8;REMOVE:2,7;REMOVE:5,7;REMOVE:7,7",0:7;1:7;2:7|8;3:2;4:2|7;5:7|8;6:2|7;7:7;8:7;9:7,0:7|8;1:2|7;2:8;3:2;4:2|7;5:8;6:2|7;7:8;8:7;9:7,0@1=1;0@2=2;0@3=1;0@4=2;0@5=1;0@7=1;0@8=1;1@1=2;1@2=4;1@3=1;1@4=3;1@5=1;1@7=2;1@0=1;1@9=1;2@1=2;2@2=3;2@4=2;2@5=2;2@7=2;3@2=3;3@4=6;3@5=1;3@7=1;3@8=1;3@9=4;4@1=2;4@2=2;4@3=1;4@4=1;4@5=2;4@7=2;4@8=3;4@0=3;4@9=1;4@6=2;5@1=1;5@2=3;5@4=4;5@8=3;6@1=2;6@2=2;6@3=2;6@5=1;6@8=1;6@0=1;6@9=3;6@6=4;7@2=1;7@4=3;7@8=1;8@1=1;8@2=1;8@3=2;8@4=3;8@7=2;8@0=1;8@6=2;9@1=1;9@3=1;9@4=1;9@9=1;9@6=1,"1,2,3,4,5,7,8,0,9,6",119,63,63,0,1.0,-0.06633429990147871,0.21428571428571427,0.019379985812807046,0.0,0.0,0.30000000000000004,0.3551959991455078,Feasible
1391,1390,15,6,9,"ADD:2,7;ADD:3,7;ADD:3,8;ADD:5,7;ADD:8,8;ADD:9,8;REMOVE:0,8;REMOVE:1,2;REMOVE:2,8;REMOVE:3,2;REMOVE:4,2;REMOVE:5,8;REMOVE:6,2;REMOVE:8,7;REMOVE:9,7",0:7|8;1:2|7;2:8;3:2;4:2|7;5:8;6:2|7;7:8;8:7;9:7,0:7;1:7;2:7;3:7|8;4:7;5:7;6:7;7:8;8:8;9:8,0@0=1;0@2=1;0@3=1;0@4=3;0@6=1;0@7=2;0@9=1;1@2=2;1@4=3;1@6=1;1@9=1;2@0=1;2@2=4;2@3=1;2@4=2;2@6=1;2@9=2;3@0=1;3@2=5;3@4=3;3@6=1;3@7=1;3@1=2;3@5=1;4@0=2;4@2=2;4@4=2;4@6=4;4@9=1;4@1=1;4@8=1;5@2=1;5@3=1;5@4=3;5@6=1;5@9=1;5@1=1;5@8=1;6@0=2;6@2=3;6@3=1;6@4=1;6@6=1;6@7=2;6@8=1;7@2=2;7@4=1;7@7=4;7@8=1;8@4=2;8@6=2;8@1=2;8@8=1;9@4=1;9@1=2,"0,2,3,4,6,7,9,1,5,8",93,55,55,0,1.0,0.05074567024865595,0.6428571428571429,0.007888527391512974,0.0,0.0,0.6,0.31673693656921387,Feasible
1392,1391,12,7,5,"ADD:2,2;ADD:4,2;ADD:5,6;ADD:6,2;ADD:6,8;ADD:7,2;ADD:8,2;REMOVE:3,8;REMOVE:5,7;REMOVE:6,7;REMOVE:7,8;REMOVE:8,8",0:7;1:7;2:7;3:7|8;4:7;5:7;6:7;7:8;8:8;9:8,0:7;1:7;2:2|7;3:7;4:2|7;5:6;6:2|8;7:2;8:2;9:8,0@0=1;0@1=1;0@4=4;0@6=1;1@1=2;1@4=1;1@6=1;1@2=1;1@7=1;1@9=3;2@0=1;2@4=4;2@6=1;2@2=5;2@7=1;2@3=1;2@5=3;3@0=2;3@1=4;3@4=2;3@6=2;3@2=3;3@9=1;4@0=2;4@1=1;4@4=1;4@2=3;4@7=2;4@9=1;4@5=2;4@8=1;5@1=2;5@6=2;5@9=1;5@8=2;6@1=1;6@4=5;6@2=1;6@3=2;6@5=3;6@8=2;7@0=1;7@4=1;7@2=1;7@9=1;7@5=2;8@4=2;8@2=2;8@9=1;8@8=1;9@1=3;9@2=1;9@8=3,"0,1,4,6,2,7,9,3,5,8",99,53,53,0,1.0,-0.22110438043503855,0.45454545454545453,0.0243501650195069,0.0,0.0,0.7,0.3225700855255127,Feasible
1393,1392,14,6,8,"ADD:3,2;ADD:5,7;ADD:5,8;ADD:6,7;ADD:7,4;ADD:9,2;REMOVE:0,7;REMOVE:2,2;REMOVE:4,2;REMOVE:5,6;REMOVE:6,2;REMOVE:6,8;REMOVE:7,2;REMOVE:9,8",0:7;1:7;2:2|7;3:7;4:2|7;5:6;6:2|8;7:2;8:2;9:8,0:-;1:7;2:7;3:2|7;4:7;5:7|8;6:7;7:4;8:2;9:2,1@1=1;1@2=2;1@3=1;1@4=2;1@7=1;2@2=2;2@3=1;2@4=3;2@6=3;2@8=2;3@2=2;3@3=1;3@4=5;3@6=1;3@8=1;3@0=1;3@5=1;3@9=2;4@2=2;4@3=3;4@7=1;4@6=1;4@8=2;4@0=1;4@9=1;5@1=1;5@2=1;5@3=1;5@4=3;5@6=1;5@8=1;5@0=2;5@5=1;6@1=2;6@2=2;6@3=2;6@4=1;6@8=2;6@9=1;7@4=3;8@2=1;8@4=1;8@0=2;9@2=1,"1,2,3,4,7,6,8,0,5,9",72,44,44,0,1.0,0.029402732364181783,0.6153846153846154,0.0140181169795663,0.0,0.0,0.6,0.27820396423339844,Feasible
1394,1393,18,10,8,"ADD:0,8;ADD:1,2;ADD:3,8;ADD:4,8;ADD:5,2;ADD:6,8;ADD:7,2;ADD:8,7;ADD:8,8;ADD:9,8;REMOVE:1,7;REMOVE:3,2;REMOVE:3,7;REMOVE:4,7;REMOVE:5,8;REMOVE:7,4;REMOVE:8,2;REMOVE:9,2",0:-;1:7;2:7;3:2|7;4:7;5:7|8;6:7;7:4;8:2;9:2,0:8;1:2;2:7;3:8;4:8;5:2|7;6:7|8;7:2;8:7|8;9:8,0@8=1;1@0=1;1@2=1;1@4=1;1@5=2;1@9=1;2@2=3;2@4=3;2@1=1;2@3=2;3@8=2;3@2=5;3@4=2;3@5=1;3@1=1;3@6=2;4@2=1;4@5=1;4@6=2;5@0=2;5@2=1;5@4=3;5@5=1;5@9=1;5@1=2;5@6=1;5@7=1;6@8=1;6@2=1;6@4=4;6@5=2;6@9=1;6@1=2;6@3=1;6@6=2;7@8=1;7@0=1;7@2=2;7@4=1;7@9=1;7@3=2;8@8=1;8@4=1;8@5=1;8@9=1;8@1=1;8@7=2;9@8=1;9@4=1;9@6=1;9@7=2,"8,0,2,4,5,9,1,3,6,7",79,51,51,0,1.0,-0.2569460080645839,0.7272727272727273,0.0157812646626887,0.0,0.0,0.9999999999999999,0.2923698425292969,Feasible
1395,1394,16,7,9,"ADD:1,7;ADD:3,2;ADD:4,2;ADD:4,7;ADD:7,8;ADD:8,2;ADD:9,7;REMOVE:0,8;REMOVE:1,2;REMOVE:3,8;REMOVE:4,8;REMOVE:5,2;REMOVE:6,8;REMOVE:7,2;REMOVE:8,8;REMOVE:9,8",0:8;1:2;2:7;3:8;4:8;5:2|7;6:7|8;7:2;8:7|8;9:8,0:-;1:7;2:7;3:2;4:2|7;5:7;6:7;7:8;8:2|7;9:7,1@1=3;1@2=1;1@4=1;1@8=1;1@9=2;2@2=4;2@4=1;2@9=1;2@0=3;2@3=1;2@7=1;3@2=1;3@8=1;3@0=1;4@1=1;4@2=1;4@4=1;4@9=1;4@0=1;4@3=1;4@5=1;4@6=1;5@1=1;5@2=1;5@4=1;5@9=1;5@0=1;5@7=3;6@1=2;6@4=3;6@8=1;6@0=1;7@2=2;7@8=1;7@5=2;8@1=2;8@2=2;8@0=1;8@7=1;8@5=1;9@1=1;9@2=4;9@4=2;9@7=1,"1,2,4,8,9,0,3,7,5,6",65,44,44,0,1.0,0.009364372464395032,0.6923076923076923,0.01705668015670264,0.0,0.0,0.7,0.28227877616882324,Feasible
1396,1395,8,4,4,"ADD:3,8;ADD:4,8;ADD:5,6;ADD:7,5;REMOVE:4,2;REMOVE:5,7;REMOVE:7,8;REMOVE:8,2",0:-;1:7;2:7;3:2;4:2|7;5:7;6:7;7:8;8:2|7;9:7,0:-;1:7;2:7;3:2|8;4:7|8;5:6;6:7;7:5;8:7;9:7,1@0=1;1@2=1;1@4=1;1@6=1;2@0=1;2@2=1;2@4=1;2@1=2;2@3=2;3@0=1;3@2=2;3@6=2;3@5=1;3@8=1;3@9=2;4@0=2;4@2=1;4@4=3;4@6=1;4@1=3;4@5=1;4@7=1;5@4=1;5@6=1;5@1=3;6@0=1;6@2=1;6@4=5;6@6=1;6@3=1;6@9=2;6@7=1;7@0=1;7@5=2;8@0=1;8@2=1;8@4=2;8@1=3;8@7=1;9@0=1;9@2=1;9@4=1;9@6=1;9@8=1,"0,2,4,6,1,3,5,8,9,7",65,44,44,0,1.0,-0.021718955373210225,0.36363636363636365,0.014644680990426151,0.0,0.0,0.4,0.30713486671447754,Feasible
1397,1396,10,6,4,"ADD:2,8;ADD:3,7;ADD:4,2;ADD:5,5;ADD:5,8;ADD:7,7;REMOVE:3,8;REMOVE:4,8;REMOVE:5,6;REMOVE:7,5",0:-;1:7;2:7;3:2|8;4:7|8;5:6;6:7;7:5;8:7;9:7,0:-;1:7;2:7|8;3:2|7;4:2|7;5:5|8;6:7;7:7;8:7;9:7,1@0=3;1@1=1;1@2=1;1@6=2;1@7=2;1@8=1;1@9=2;2@0=1;2@1=1;2@2=2;2@6=1;2@7=2;2@8=1;2@3=1;2@4=3;2@5=1;3@0=2;3@1=3;3@2=2;3@6=1;3@7=1;3@9=1;3@3=1;3@4=2;3@5=2;4@0=4;4@2=1;4@6=1;4@7=3;4@8=2;4@9=1;4@3=1;4@4=5;4@5=2;5@6=1;5@8=1;5@3=1;5@5=2;6@0=3;6@1=2;6@2=2;6@7=1;6@9=2;6@3=1;6@4=1;7@0=1;7@2=3;7@6=1;7@7=2;7@4=2;8@1=1;8@2=3;8@6=1;8@7=1;8@9=1;8@3=1;8@4=2;9@0=1;9@1=1;9@2=4;9@4=1,"0,1,2,6,7,8,9,3,4,5",103,61,61,0,1.0,-0.2184645000977271,0.36363636363636365,0.017899136265909207,0.0,0.0,0.6,0.35479307174682617,Feasible
1398,1397,10,5,5,"ADD:0,6;ADD:3,8;ADD:4,8;ADD:5,2;ADD:8,2;REMOVE:2,8;REMOVE:3,2;REMOVE:4,2;REMOVE:5,5;REMOVE:8,7",0:-;1:7;2:7|8;3:2|7;4:2|7;5:5|8;6:7;7:7;8:7;9:7,0:6;1:7;2:7;3:7|8;4:7|8;5:2|8;6:7;7:7;8:2;9:7,0@1=2;0@4=1;0@6=1;1@1=1;1@4=1;1@6=1;1@2=3;1@3=2;1@7=1;1@8=1;2@1=2;2@4=4;2@2=3;2@3=1;2@7=1;2@8=2;2@0=3;3@1=3;3@4=2;3@6=1;3@2=1;3@7=1;3@8=1;3@5=1;3@9=1;4@1=7;4@4=1;4@6=1;4@2=2;4@7=1;4@8=1;4@0=1;4@5=2;4@9=1;5@4=3;5@6=2;5@2=2;5@8=3;5@0=2;5@5=1;6@1=1;6@4=3;6@6=2;6@2=5;6@3=1;6@7=1;6@8=1;6@0=2;6@9=1;7@4=2;7@6=1;7@8=1;7@0=1;8@4=3;8@2=4;8@8=1;8@0=1;8@5=1;8@9=2;9@4=1;9@0=1,"1,4,6,2,3,7,8,0,5,9",107,61,61,0,1.0,-0.09978495702880891,0.38461538461538464,0.015599658355806435,0.0,0.0,0.5,0.4034428596496582,Feasible
1399,1398,12,5,7,"ADD:0,8;ADD:5,7;ADD:7,4;ADD:8,8;ADD:9,2;REMOVE:0,6;REMOVE:4,7;REMOVE:5,2;REMOVE:5,8;REMOVE:7,7;REMOVE:8,2;REMOVE:9,7",0:6;1:7;2:7;3:7|8;4:7|8;5:2|8;6:7;7:7;8:2;9:7,0:8;1:7;2:7;3:7|8;4:8;5:7;6:7;7:4;8:8;9:2,0@4=3;0@7=1;0@8=1;1@4=1;1@0=1;1@1=3;1@3=1;1@9=3;2@4=2;2@7=1;2@0=2;2@1=4;2@3=1;2@9=4;2@2=1;3@4=6;3@7=1;3@8=1;3@0=3;3@1=2;3@3=1;3@2=1;3@5=1;3@6=1;4@4=4;4@7=1;4@8=2;4@1=4;4@2=3;4@5=2;5@4=3;5@7=2;5@1=2;5@2=1;5@6=1;6@4=2;6@7=1;6@1=1;6@3=1;6@9=1;6@2=2;6@6=1;7@4=1;7@2=2;8@7=1;8@8=1;8@1=1;8@6=1;9@4=3;9@8=1;9@0=1;9@9=2;9@2=2,"4,7,8,0,1,3,9,2,5,6",96,53,53,0,1.0,0.05163414943860811,0.5384615384615384,0.013172610977069683,0.0,0.0,0.5,0.3486008644104004,Feasible
1400,1399,16,9,7,"ADD:1,3;ADD:3,2;ADD:3,3;ADD:4,2;ADD:4,7;ADD:5,2;ADD:7,7;ADD:8,7;ADD:9,7;REMOVE:0,8;REMOVE:3,7;REMOVE:3,8;REMOVE:4,8;REMOVE:7,4;REMOVE:8,8;REMOVE:9,2",0:8;1:7;2:7;3:7|8;4:8;5:7;6:7;7:4;8:8;9:2,0:-;1:3|7;2:7;3:2|3;4:2|7;5:2|7;6:7;7:7;8:7;9:7,1@0=1;1@1=1;1@3=1;1@4=1;1@5=1;1@7=1;2@0=3;2@1=1;2@4=3;2@7=1;2@2=2;2@6=1;2@9=1;3@1=1;3@3=1;3@4=2;3@5=2;3@2=3;3@9=1;4@0=1;4@1=1;4@3=2;4@4=2;4@5=1;4@2=4;4@9=1;4@8=1;5@0=1;5@4=1;5@5=1;5@7=1;5@2=1;5@6=3;6@1=1;6@3=2;6@4=2;6@2=2;6@8=1;7@4=1;7@7=2;8@0=1;8@3=1;8@4=2;8@6=2;8@8=1;9@1=2;9@3=1;9@4=3;9@7=1;9@2=1;9@8=1,"0,1,3,4,5,7,2,6,9,8",76,51,51,0,1.0,-0.24241946509412016,0.6363636363636364,0.021216898542243377,0.0,0.0,0.8999999999999999,0.37856388092041016,Feasible
1401,1400,16,9,7,"ADD:0,9;ADD:1,5;ADD:2,8;ADD:3,7;ADD:6,8;ADD:8,2;ADD:8,8;ADD:9,5;ADD:9,8;REMOVE:1,3;REMOVE:1,7;REMOVE:3,3;REMOVE:4,2;REMOVE:5,2;REMOVE:8,7;REMOVE:9,7",0:-;1:3|7;2:7;3:2|3;4:2|7;5:2|7;6:7;7:7;8:7;9:7,0:9;1:5;2:7|8;3:2|7;4:7;5:7;6:7|8;7:7;8:2|8;9:5|8,0@1=1;0@9=1;1@0=1;1@2=1;1@5=1;2@1=2;2@0=1;2@2=1;2@5=1;2@7=1;2@8=1;3@1=1;3@9=1;3@0=2;3@2=2;3@5=1;3@8=1;3@3=1;3@4=1;3@6=2;4@1=1;4@9=1;4@0=1;4@2=1;4@4=3;5@1=1;5@0=1;5@2=1;5@4=1;6@1=1;6@9=2;6@0=2;6@2=2;6@5=1;6@7=1;6@8=1;6@6=1;7@7=1;8@1=1;8@9=1;8@0=1;8@2=2;8@5=1;8@8=1;8@4=2;9@1=1;9@0=1;9@2=2;9@5=3,"1,9,0,2,5,7,8,3,4,6",63,49,49,0,1.0,-0.33873077178746414,0.5384615384615384,0.022807689750997385,0.0,0.0,0.8999999999999999,0.36173391342163086,Feasible
1402,1401,14,5,9,"ADD:0,7;ADD:1,7;ADD:3,9;ADD:7,8;ADD:9,6;REMOVE:0,9;REMOVE:1,5;REMOVE:2,8;REMOVE:3,2;REMOVE:3,7;REMOVE:6,8;REMOVE:7,7;REMOVE:9,5;REMOVE:9,8",0:9;1:5;2:7|8;3:2|7;4:7;5:7;6:7|8;7:7;8:2|8;9:5|8,0:7;1:7;2:7;3:9;4:7;5:7;6:7;7:8;8:2|8;9:6,0@1=2;0@2=2;0@4=1;0@9=2;1@4=2;1@9=1;1@3=1;1@8=1;2@4=1;2@9=1;2@0=1;3@1=2;3@2=1;3@6=1;4@1=2;4@2=1;4@9=1;4@0=1;4@6=2;5@2=1;5@4=2;5@9=1;5@3=1;5@6=2;5@7=1;6@1=1;6@4=3;6@3=1;6@8=1;6@6=1;6@7=1;7@1=1;7@4=2;8@1=1;8@2=1;8@4=2;8@8=1;8@0=1;8@5=1;9@6=1,"1,2,4,9,3,8,0,6,7,5",53,40,40,0,1.0,0.11002985802732002,0.6,0.010029858027320029,0.0,0.0,0.5,0.29935503005981445,Feasible
1403,1402,15,8,7,"ADD:1,2;ADD:2,2;ADD:3,8;ADD:4,2;ADD:4,8;ADD:6,2;ADD:7,4;ADD:9,7;REMOVE:1,7;REMOVE:2,7;REMOVE:3,9;REMOVE:4,7;REMOVE:7,8;REMOVE:8,8;REMOVE:9,6",0:7;1:7;2:7;3:9;4:7;5:7;6:7;7:8;8:2|8;9:6,0:7;1:2;2:2;3:8;4:2|8;5:7;6:2|7;7:4;8:2;9:7,0@6=1;0@7=1;1@0=1;1@2=2;1@4=1;1@8=1;2@2=2;2@8=1;2@3=2;2@9=1;3@6=1;3@2=1;3@4=1;3@1=1;4@0=1;4@2=2;4@4=1;4@8=1;4@1=2;4@5=2;5@7=1;5@2=1;5@3=1;5@1=1;6@0=1;6@2=4;6@4=1;6@3=1;6@1=3;6@5=1;7@4=1;8@2=1;8@8=1;8@9=1;8@5=2;9@7=1;9@2=1;9@4=1,"6,7,0,2,4,8,3,9,1,5",50,38,38,0,1.0,-0.13320913812289714,0.6363636363636364,0.030427225513466452,0.0,0.0,0.7999999999999999,0.28692078590393066,Feasible
1404,1403,16,9,7,"ADD:0,8;ADD:0,9;ADD:1,5;ADD:2,7;ADD:3,7;ADD:4,7;ADD:7,7;ADD:8,7;ADD:9,8;REMOVE:0,7;REMOVE:1,2;REMOVE:3,8;REMOVE:4,2;REMOVE:6,2;REMOVE:7,4;REMOVE:9,7",0:7;1:2;2:2;3:8;4:2|8;5:7;6:2|7;7:4;8:2;9:7,0:8|9;1:5;2:2|7;3:7;4:7|8;5:7;6:7;7:7;8:2|7;9:8,0@8=1;0@9=1;1@2=1;1@3=1;1@5=1;2@2=1;2@3=3;2@5=1;2@0=2;2@1=1;2@4=1;2@7=1;3@2=3;3@0=1;3@4=1;3@6=1;4@2=3;4@5=2;4@0=1;4@1=1;4@4=3;4@7=1;4@6=1;5@8=1;5@3=1;5@1=2;5@4=2;5@7=3;6@9=2;6@1=1;6@4=1;6@7=1;6@6=2;7@2=2;7@0=2;7@7=1;7@6=1;8@2=2;8@5=2;8@0=2;8@7=3;8@6=1;9@8=2;9@2=1;9@1=1;9@4=1,"8,9,2,3,5,0,1,4,7,6",70,46,46,0,1.0,-0.2909177174245594,0.5833333333333334,0.025748949242107157,0.0,0.0,0.8999999999999999,0.290355920791626,Feasible
1405,1404,16,7,9,"ADD:0,7;ADD:1,2;ADD:4,2;ADD:6,8;ADD:7,8;ADD:8,8;ADD:9,2;REMOVE:0,8;REMOVE:0,9;REMOVE:1,5;REMOVE:2,2;REMOVE:4,8;REMOVE:6,7;REMOVE:7,7;REMOVE:8,2;REMOVE:9,8",0:8|9;1:5;2:2|7;3:7;4:7|8;5:7;6:7;7:7;8:2|7;9:8,0:7;1:2;2:7;3:7;4:2|7;5:7;6:8;7:8;8:7|8;9:2,0@0=2;0@1=2;0@2=2;0@3=1;0@6=1;0@7=1;0@8=1;0@9=1;1@0=1;1@2=1;1@8=1;2@3=2;2@6=1;2@7=1;2@9=1;2@4=6;3@1=1;3@2=1;3@6=1;3@7=1;3@8=1;3@9=1;3@4=3;4@0=1;4@1=2;4@2=2;4@3=2;4@7=2;4@9=1;4@4=1;4@5=1;5@0=2;5@1=1;5@2=1;5@3=1;5@7=1;5@9=2;5@4=2;6@2=3;6@6=1;6@7=1;6@8=1;6@4=2;7@6=1;7@4=1;7@5=1;8@1=2;8@2=1;8@3=1;8@7=1;8@8=1;8@4=1;8@5=1;9@3=2;9@9=1;9@4=2;9@5=1,"0,1,2,3,6,7,8,9,4,5",81,57,57,0,1.0,-0.04284044977781154,0.6428571428571429,0.014302407365045462,0.0,0.0,0.7,0.3328361511230469,Feasible
1406,1405,16,8,8,"ADD:0,2;ADD:1,8;ADD:3,8;ADD:4,8;ADD:5,2;ADD:6,5;ADD:8,9;ADD:9,7;REMOVE:1,2;REMOVE:3,7;REMOVE:4,7;REMOVE:5,7;REMOVE:6,8;REMOVE:8,7;REMOVE:8,8;REMOVE:9,2",0:7;1:2;2:7;3:7;4:2|7;5:7;6:8;7:8;8:7|8;9:2,0:2|7;1:8;2:7;3:8;4:2|8;5:2;6:5;7:8;8:9;9:7,0@0=1;0@4=1;0@5=1;0@6=1;0@9=3;1@4=1;1@6=1;1@1=2;1@8=1;2@4=3;2@6=1;2@2=2;2@3=2;2@7=1;3@4=1;3@5=1;3@6=2;3@2=1;3@7=2;4@4=1;4@5=1;4@6=1;4@9=2;4@8=3;4@2=1;5@0=1;5@4=2;5@5=1;5@9=1;5@2=1;6@0=1;6@5=1;6@8=2;6@3=1;7@8=1;8@9=1;8@1=2;9@4=2;9@6=1;9@2=2;9@3=2,"0,4,5,6,9,1,8,2,3,7",59,41,41,0,1.0,-0.11672459383305023,0.6666666666666666,0.016608739500283094,0.0,0.0,0.7999999999999999,0.2718830108642578,Feasible
1407,1406,18,8,10,"ADD:1,7;ADD:3,3;ADD:4,7;ADD:5,7;ADD:6,8;ADD:7,7;ADD:8,7;ADD:9,8;REMOVE:0,2;REMOVE:1,8;REMOVE:3,8;REMOVE:4,2;REMOVE:4,8;REMOVE:5,2;REMOVE:6,5;REMOVE:7,8;REMOVE:8,9;REMOVE:9,7",0:2|7;1:8;2:7;3:8;4:2|8;5:2;6:5;7:8;8:9;9:7,0:7;1:7;2:7;3:3;4:7;5:7;6:8;7:7;8:7;9:8,0@0=3;0@1=3;0@2=1;0@7=1;1@0=2;1@2=2;1@7=2;1@4=2;1@8=2;2@1=2;2@2=2;2@4=1;2@8=2;2@3=1;2@6=1;3@1=1;3@2=3;3@5=2;3@9=1;4@0=1;4@1=1;4@7=1;4@4=1;4@8=1;4@3=1;5@1=1;5@4=2;5@8=1;5@3=1;5@9=1;6@1=2;6@2=2;6@7=1;6@8=1;6@6=1;6@5=2;7@0=1;7@2=1;7@7=1;7@3=1;8@1=1;8@7=3;8@4=3;9@2=2;9@4=2;9@8=1,"0,1,2,7,4,8,3,6,5,9",71,46,46,0,1.0,0.04825070174659862,0.8333333333333334,0.014917368413265165,0.0,0.0,0.7999999999999999,0.29541516304016113,Feasible
1408,1407,14,8,6,"ADD:0,8;ADD:2,2;ADD:3,7;ADD:4,2;ADD:5,5;ADD:6,7;ADD:8,8;ADD:9,3;REMOVE:2,7;REMOVE:3,3;REMOVE:5,7;REMOVE:6,8;REMOVE:8,7;REMOVE:9,8",0:7;1:7;2:7;3:3;4:7;5:7;6:8;7:7;8:7;9:8,0:7|8;1:7;2:2;3:7;4:2|7;5:5;6:7;7:7;8:8;9:3,0@0=1;0@1=1;0@4=2;0@5=1;0@7=1;0@8=1;0@9=1;1@7=1;1@3=1;2@0=1;2@4=3;2@9=1;2@2=5;3@0=1;3@1=2;3@4=1;3@9=1;3@2=4;4@4=2;4@5=1;4@7=2;4@9=1;4@2=1;4@6=1;5@5=1;5@2=1;6@0=1;6@1=1;7@0=1;7@9=1;8@1=1;8@4=1;8@2=1;9@1=1;9@5=1;9@9=1;9@2=1,"0,1,4,5,7,8,9,3,2,6",50,37,37,0,1.0,-0.174790164352843,0.6,0.0252098356471569,0.0,0.0,0.7999999999999999,0.2530381679534912,Feasible
1409,1408,16,8,8,"ADD:1,8;ADD:2,7;ADD:3,8;ADD:5,7;ADD:7,5;ADD:7,8;ADD:8,7;ADD:9,4;REMOVE:0,8;REMOVE:1,7;REMOVE:2,2;REMOVE:4,7;REMOVE:5,5;REMOVE:7,7;REMOVE:8,8;REMOVE:9,3",0:7|8;1:7;2:2;3:7;4:2|7;5:5;6:7;7:7;8:8;9:3,0:7;1:8;2:7;3:7|8;4:2;5:7;6:7;7:5|8;8:7;9:4,0@0=2;0@1=1;0@2=1;0@4=1;0@6=1;0@7=1;1@1=2;1@2=1;1@4=1;2@0=1;2@1=1;2@4=1;2@9=1;3@1=2;3@7=1;3@3=1;3@5=1;3@8=1;4@2=2;4@4=2;4@3=1;4@8=2;5@1=1;5@4=1;5@3=1;5@8=1;6@0=1;6@4=3;6@6=1;6@7=1;7@0=1;7@1=1;7@5=1;8@0=1;8@1=1;8@2=1;8@4=1;8@6=1;8@9=3;8@8=1;9@2=1;9@4=2,"0,1,2,4,6,7,9,3,5,8",53,42,42,0,1.0,-0.11617391560205159,0.6666666666666666,0.017159417731281754,0.0,0.0,0.7999999999999999,0.2643771171569824,Feasible
1410,1409,17,9,8,"ADD:1,7;ADD:2,8;ADD:3,4;ADD:4,7;ADD:5,5;ADD:5,8;ADD:6,8;ADD:7,3;ADD:8,3;REMOVE:2,7;REMOVE:3,7;REMOVE:3,8;REMOVE:5,7;REMOVE:6,7;REMOVE:7,5;REMOVE:7,8;REMOVE:8,7",0:7;1:8;2:7;3:7|8;4:2;5:7;6:7;7:5|8;8:7;9:4,0:7;1:7|8;2:8;3:4;4:2|7;5:5|8;6:8;7:3;8:3;9:4,0@4=1;0@7=2;0@9=1;1@0=1;1@1=1;1@5=1;1@6=1;2@1=1;2@6=1;2@2=1;2@8=2;3@4=1;4@7=1;4@9=2;4@0=2;4@5=1;4@6=1;4@2=2;5@0=1;5@1=1;5@5=1;5@2=2;5@8=1;5@3=1;6@4=3;6@1=1;6@2=3;7@3=1;8@9=1;8@5=1;8@2=2;8@3=2;9@4=1;9@2=2,"4,7,9,0,1,5,6,2,8,3",47,34,34,0,1.0,-0.20363608105951758,0.6666666666666666,0.029697252273815672,0.0,0.0,0.8999999999999999,0.2701108455657959,Feasible
1411,1410,15,8,7,"ADD:2,3;ADD:2,7;ADD:3,7;ADD:5,7;ADD:6,2;ADD:7,8;ADD:8,8;ADD:9,7;REMOVE:2,8;REMOVE:3,4;REMOVE:5,5;REMOVE:6,8;REMOVE:7,3;REMOVE:8,3;REMOVE:9,4",0:7;1:7|8;2:8;3:4;4:2|7;5:5|8;6:8;7:3;8:3;9:4,0:7;1:7|8;2:3|7;3:7;4:2|7;5:7|8;6:2;7:8;8:8;9:7,0@4=1;0@7=1;1@4=1;1@7=1;1@0=2;1@5=1;1@6=1;1@8=1;1@9=2;2@0=1;2@5=1;2@6=1;2@9=1;2@1=1;2@2=3;2@3=2;3@4=1;3@0=1;3@9=1;3@1=1;3@2=3;4@4=1;4@7=1;4@0=1;4@5=1;4@1=1;4@2=2;4@3=1;5@0=1;5@5=1;5@6=1;5@1=2;5@2=2;6@4=2;6@0=2;6@9=1;6@2=1;7@8=1;7@1=2;7@2=3;8@4=2;8@1=1;8@2=1;9@4=2;9@0=1;9@1=1;9@2=1;9@3=1,"4,7,0,5,6,8,9,1,2,3",65,48,48,0,1.0,-0.24568239050214447,0.5384615384615384,0.01585607103631698,0.0,0.0,0.7999999999999999,0.3352792263031006,Feasible
1412,1411,18,8,10,"ADD:0,8;ADD:0,9;ADD:5,2;ADD:6,7;ADD:6,8;ADD:7,5;ADD:8,7;ADD:9,2;REMOVE:0,7;REMOVE:1,8;REMOVE:2,3;REMOVE:4,2;REMOVE:5,7;REMOVE:5,8;REMOVE:6,2;REMOVE:7,8;REMOVE:8,8;REMOVE:9,7",0:7;1:7|8;2:3|7;3:7;4:2|7;5:7|8;6:2;7:8;8:8;9:7,0:8|9;1:7;2:7;3:7;4:7;5:2;6:7|8;7:5;8:7;9:2,0@1=1;0@2=1;0@5=2;0@6=2;0@8=1;0@9=3;1@2=3;1@3=1;1@7=1;2@2=1;2@6=2;2@8=1;2@9=1;2@4=3;3@3=1;3@7=1;4@1=2;4@8=1;4@9=2;4@7=1;4@4=1;5@2=1;5@5=1;5@9=1;5@4=1;6@1=1;6@2=2;6@5=2;6@6=1;6@8=1;6@9=2;6@4=2;7@2=4;7@5=1;8@1=2;8@9=1;8@4=2;8@0=1;9@2=2;9@5=1;9@9=1;9@7=1;9@4=1,"1,2,5,6,8,9,3,7,4,0",64,43,43,0,1.0,-0.06702499867919431,0.7142857142857143,0.018689287035091297,0.0,0.0,0.7999999999999999,0.30236291885375977,Feasible
1413,1412,13,6,7,"ADD:0,7;ADD:3,5;ADD:6,5;ADD:7,2;ADD:8,8;ADD:9,4;REMOVE:0,8;REMOVE:0,9;REMOVE:3,7;REMOVE:6,7;REMOVE:7,5;REMOVE:8,7;REMOVE:9,2",0:8|9;1:7;2:7;3:7;4:7;5:2;6:7|8;7:5;8:7;9:2,0:7;1:7;2:7;3:5;4:7;5:2;6:5|8;7:2;8:8;9:4,0@0=1;0@1=2;0@9=1;1@0=1;1@9=2;1@7=1;2@0=1;2@1=1;2@7=1;2@2=2;2@3=1;2@4=1;2@6=1;3@3=1;3@5=1;4@0=1;4@4=3;5@7=1;5@2=2;6@0=1;6@2=1;6@6=2;6@5=1;7@0=1;7@2=1;8@2=1;8@4=2;8@6=1;8@8=1;9@4=1,"0,1,9,7,2,3,4,6,5,8",38,30,30,0,1.0,0.006536774289577885,0.5833333333333334,0.02320344095624446,0.0,0.0,0.6,0.24228191375732422,Feasible
1414,1413,15,6,9,"ADD:0,3;ADD:3,9;ADD:4,8;ADD:5,7;ADD:7,8;ADD:8,6;REMOVE:0,7;REMOVE:3,5;REMOVE:4,7;REMOVE:5,2;REMOVE:6,5;REMOVE:6,8;REMOVE:7,2;REMOVE:8,8;REMOVE:9,4",0:7;1:7;2:7;3:5;4:7;5:2;6:5|8;7:2;8:8;9:4,0:3;1:7;2:7;3:9;4:8;5:7;6:-;7:8;8:6;9:-,0@2=1;0@3=1;1@0=2;1@1=1;2@0=1;2@1=1;3@2=2;3@3=1;3@6=1;4@2=1;4@6=1;4@4=2;4@8=1;5@0=1;5@1=2;5@4=1;7@8=1;8@6=1;8@4=1,"2,3,0,1,6,4,8",23,19,19,0,1.0,0.23598115628205651,0.8181818181818182,0.017799338100238298,0.0,0.0,0.6,0.20159387588500977,Feasible
1415,1414,16,9,7,"ADD:0,9;ADD:2,2;ADD:3,8;ADD:4,3;ADD:5,9;ADD:6,7;ADD:7,2;ADD:8,9;ADD:9,7;REMOVE:0,3;REMOVE:2,7;REMOVE:3,9;REMOVE:4,8;REMOVE:5,7;REMOVE:7,8;REMOVE:8,6",0:3;1:7;2:7;3:9;4:8;5:7;6:-;7:8;8:6;9:-,0:9;1:7;2:2;3:8;4:3;5:9;6:7;7:2;8:9;9:7,0@3=1;0@7=1;0@9=1;1@3=1;1@1=1;1@4=1;2@7=1;2@4=1;2@0=1;2@2=1;2@5=1;3@1=1;3@4=2;3@2=2;3@5=1;3@6=1;4@3=1;4@2=1;5@3=2;5@7=1;5@9=1;5@1=1;5@2=1;5@6=1;6@7=1;6@2=1;7@4=2;7@0=1;7@2=1;8@3=1;8@9=1;8@1=1;8@6=2;9@3=1;9@9=1;9@1=1;9@4=1,"3,7,9,1,4,0,2,5,6",42,37,37,0,1.0,-0.009209711661649411,0.875,0.015790288338350524,0.0,0.0,0.8999999999999999,0.26131200790405273,Feasible
1416,1415,14,7,7,"ADD:1,4;ADD:2,7;ADD:3,7;ADD:4,7;ADD:5,6;ADD:8,8;ADD:9,2;REMOVE:1,7;REMOVE:2,2;REMOVE:3,8;REMOVE:4,3;REMOVE:5,9;REMOVE:8,9;REMOVE:9,7",0:9;1:7;2:2;3:8;4:3;5:9;6:7;7:2;8:9;9:7,0:9;1:4;2:7;3:7;4:7;5:6;6:7;7:2;8:8;9:2,0@3=1;0@9=1;1@4=1;2@9=1;2@4=1;2@2=1;2@6=2;3@1=1;3@7=1;4@3=1;4@2=1;4@6=1;4@1=3;4@0=1;5@6=2;5@1=2;6@1=1;6@7=1;7@4=2;7@2=1;7@0=1;8@2=1;8@1=3;8@5=1;9@4=1;9@2=1;9@7=1;9@5=1,"3,9,4,2,6,1,7,0,5",36,28,28,0,1.0,0.021757840886579616,0.7,0.02175784088657962,0.0,0.0,0.7,0.26137876510620117,Feasible
1417,1416,13,6,7,"ADD:0,8;ADD:1,6;ADD:5,7;ADD:6,9;ADD:8,7;ADD:9,7;REMOVE:0,9;REMOVE:1,4;REMOVE:5,6;REMOVE:6,7;REMOVE:7,2;REMOVE:8,8;REMOVE:9,2",0:9;1:4;2:7;3:7;4:7;5:6;6:7;7:2;8:8;9:2,0:8;1:6;2:7;3:7;4:7;5:7;6:9;7:-;8:7;9:7,0@2=1;0@5=1;0@6=2;0@8=1;1@6=1;1@4=3;1@9=1;2@2=1;2@6=1;2@4=1;2@9=1;2@0=1;2@1=1;3@2=1;3@8=3;3@0=2;3@7=1;4@2=1;4@4=1;4@9=1;4@1=1;4@3=2;5@2=1;5@6=1;5@8=1;5@4=1;5@9=1;5@1=2;6@2=1;6@6=1;6@9=1;6@3=1;8@2=1;8@6=1;8@4=2;8@0=3;8@1=1;8@3=1;9@4=1;9@9=1;9@1=1;9@7=1;9@3=1,"2,5,6,8,4,9,0,1,7,3",54,43,43,0,1.0,0.10886018032635636,0.7,0.008860180326356363,0.0,0.0,0.6,0.3159921169281006,Feasible
1418,1417,15,10,5,"ADD:0,2;ADD:0,9;ADD:1,8;ADD:3,2;ADD:4,2;ADD:5,8;ADD:6,7;ADD:7,7;ADD:8,8;ADD:8,9;REMOVE:0,8;REMOVE:1,6;REMOVE:3,7;REMOVE:6,9;REMOVE:8,7",0:8;1:6;2:7;3:7;4:7;5:7;6:9;7:-;8:7;9:7,0:2|9;1:8;2:7;3:2;4:2|7;5:7|8;6:7;7:7;8:8|9;9:7,0@0=1;0@2=2;0@3=1;0@5=1;0@6=1;0@9=3;1@5=1;1@4=3;2@3=2;2@9=2;2@4=3;2@7=1;3@0=1;3@2=3;3@3=1;3@9=1;3@4=1;4@0=1;4@2=1;4@3=2;4@5=2;4@6=1;4@9=1;4@4=2;4@8=1;5@2=2;5@3=2;5@5=2;5@6=1;5@7=2;5@8=2;5@1=1;6@6=3;6@9=1;6@4=1;6@7=1;7@0=1;7@9=1;7@4=1;8@2=4;8@6=1;8@9=2;8@8=1;8@1=1;9@0=1;9@2=2;9@3=1;9@6=1;9@4=1;9@7=1;9@8=1,"0,2,3,5,6,9,4,7,8,1",77,51,51,0,1.0,-0.42144470977646464,0.5555555555555556,0.022999734667979704,0.0,0.0,0.9999999999999999,0.3235809803009033,Feasible
1419,1418,20,9,11,"ADD:0,7;ADD:1,9;ADD:2,8;ADD:4,8;ADD:6,8;ADD:6,9;ADD:7,2;ADD:8,7;ADD:9,9;REMOVE:0,2;REMOVE:0,9;REMOVE:1,8;REMOVE:4,2;REMOVE:4,7;REMOVE:5,8;REMOVE:6,7;REMOVE:7,7;REMOVE:8,8;REMOVE:8,9;REMOVE:9,7",0:2|9;1:8;2:7;3:2;4:2|7;5:7|8;6:7;7:7;8:8|9;9:7,0:7;1:9;2:7|8;3:2;4:8;5:7;6:8|9;7:2;8:7;9:9,0@1=1;0@2=1;0@3=2;0@4=2;0@6=1;0@9=4;1@2=3;1@9=1;2@1=2;2@2=2;2@4=1;2@6=2;2@0=1;2@5=1;2@7=1;3@3=2;3@4=1;3@0=1;3@5=1;3@8=1;4@1=1;4@2=4;4@4=2;4@5=1;4@7=1;5@3=1;5@4=1;5@6=1;5@9=1;5@7=2;5@8=1;6@1=1;6@2=1;6@4=1;6@6=2;6@9=1;6@5=1;7@2=1;8@2=1;8@3=1;8@4=1;8@6=1;8@0=1;9@9=1;9@7=2,"1,2,3,4,6,9,0,5,7,8",63,45,45,0,1.0,-0.10292958252743145,0.7857142857142857,0.011356131758282732,0.0,0.0,0.8999999999999999,0.3086850643157959,Feasible
1420,1419,13,5,8,"ADD:0,4;ADD:2,2;ADD:5,4;ADD:8,8;ADD:9,8;REMOVE:0,7;REMOVE:1,9;REMOVE:2,7;REMOVE:2,8;REMOVE:5,7;REMOVE:6,9;REMOVE:8,7;REMOVE:9,9",0:7;1:9;2:7|8;3:2;4:8;5:7;6:8|9;7:2;8:7;9:9,0:4;1:-;2:2;3:2;4:8;5:4;6:8;7:2;8:8;9:8,0@2=1;0@4=1;0@6=1;2@2=2;2@4=2;2@3=1;2@5=1;2@8=2;2@9=1;3@2=4;4@5=4;4@1=1;5@2=1;5@4=1;6@4=1;6@6=1;6@5=1;7@2=2;8@8=1;8@1=3;8@7=1;9@4=1;9@6=1;9@5=1,"2,4,6,3,5,8,9,1,7",36,24,24,0,1.0,0.19902046500097426,0.6666666666666666,0.03235379833430767,0.0,0.0,0.5,0.24952030181884766,Feasible
1421,1420,12,7,5,"ADD:1,8;ADD:2,3;ADD:2,7;ADD:3,7;ADD:5,8;ADD:6,2;ADD:9,1;REMOVE:2,2;REMOVE:3,2;REMOVE:5,4;REMOVE:6,8;REMOVE:9,8",0:4;1:-;2:2;3:2;4:8;5:4;6:8;7:2;8:8;9:8,0:4;1:8;2:3|7;3:7;4:8;5:8;6:2;7:2;8:8;9:1,0@4=1;1@4=1;1@1=1;1@2=1;2@1=1;2@2=2;2@0=2;2@3=1;2@5=2;2@7=1;2@9=1;3@4=2;3@1=1;3@0=1;3@7=1;4@1=2;4@2=1;4@5=1;4@7=2;4@8=1;5@4=2;5@5=1;5@6=1;6@4=2;6@2=1;6@0=2;6@5=1;7@4=1;7@2=1;7@3=1;8@4=1;8@1=1;8@5=1;8@6=1;9@1=1;9@3=1;9@6=1,"4,1,2,0,3,5,7,9,8,6",46,37,37,0,1.0,-0.12743828386290823,0.5555555555555556,0.017006160581536135,0.0,0.0,0.7,0.2834041118621826,Feasible
1422,1421,17,8,9,"ADD:0,7;ADD:1,7;ADD:2,9;ADD:5,2;ADD:6,8;ADD:7,9;ADD:8,2;ADD:9,7;REMOVE:0,4;REMOVE:1,8;REMOVE:2,3;REMOVE:2,7;REMOVE:5,8;REMOVE:6,2;REMOVE:7,2;REMOVE:8,8;REMOVE:9,1",0:4;1:8;2:3|7;3:7;4:8;5:8;6:2;7:2;8:8;9:1,0:7;1:7;2:9;3:7;4:8;5:2;6:8;7:9;8:2;9:7,0@1=2;0@4=2;0@9=2;1@4=2;1@9=2;2@1=1;2@2=1;3@4=1;3@9=1;3@3=1;3@6=1;3@8=1;4@4=1;4@5=1;5@4=1;5@9=1;5@2=1;5@5=1;6@1=1;6@2=1;6@8=1;7@9=1;7@6=1;8@4=1;8@2=1;8@5=1;9@4=2;9@2=1;9@3=1;9@7=1,"1,4,9,2,3,6,8,5,7",36,30,30,0,1.0,0.030926611557362316,0.8181818181818182,0.012744793375544022,0.0,0.0,0.7999999999999999,0.2639350891113281,Feasible
1423,1422,15,8,7,"ADD:0,9;ADD:1,8;ADD:2,7;ADD:2,8;ADD:3,2;ADD:4,3;ADD:5,4;ADD:7,8;REMOVE:0,7;REMOVE:1,7;REMOVE:2,9;REMOVE:3,7;REMOVE:4,8;REMOVE:5,2;REMOVE:7,9",0:7;1:7;2:9;3:7;4:8;5:2;6:8;7:9;8:2;9:7,0:9;1:8;2:7|8;3:2;4:3;5:4;6:8;7:8;8:2;9:7,0@1=1;0@2=2;1@4=1;1@5=1;2@1=1;2@2=1;2@4=3;2@5=1;2@0=1;2@6=1;2@7=1;2@8=1;3@2=1;3@0=1;3@3=2;4@3=1;5@4=1;6@1=1;6@2=2;6@4=1;7@8=1;8@2=1;8@4=2;8@5=2;8@7=1;8@3=1;9@4=1;9@0=1,"1,2,4,5,0,6,7,8,3",35,28,28,0,1.0,-0.08017448444769504,0.7,0.01982551555230491,0.0,0.0,0.7999999999999999,0.25795793533325195,Feasible
1424,1423,19,9,10,"ADD:0,2;ADD:1,4;ADD:2,6;ADD:4,8;ADD:5,8;ADD:6,7;ADD:7,9;ADD:8,9;ADD:9,4;REMOVE:0,9;REMOVE:1,8;REMOVE:2,7;REMOVE:2,8;REMOVE:4,3;REMOVE:5,4;REMOVE:6,8;REMOVE:7,8;REMOVE:8,2;REMOVE:9,7",0:9;1:8;2:7|8;3:2;4:3;5:4;6:8;7:8;8:2;9:7,0:2;1:4;2:6;3:2;4:8;5:8;6:7;7:9;8:9;9:4,0@2=1;0@3=1;0@8=1;1@4=1;2@4=1;2@1=1;2@6=1;3@2=2;3@4=2;3@5=1;4@2=1;4@8=1;4@4=1;4@1=2;4@6=1;5@2=1;5@4=1;5@1=2;6@2=2;6@4=1;6@1=1;6@9=1;7@2=1;7@1=1;8@3=1;8@6=1;8@9=2;9@2=2;9@4=1,"2,3,8,4,1,6,5,9",36,29,29,0,1.0,0.034440187392020816,0.9090909090909091,0.025349278301111663,0.0,0.0,0.8999999999999999,0.25463008880615234,Feasible
1425,1424,20,10,10,"ADD:0,7;ADD:1,2;ADD:2,7;ADD:3,8;ADD:4,9;ADD:5,7;ADD:6,8;ADD:7,8;ADD:8,7;ADD:9,2;REMOVE:0,2;REMOVE:1,4;REMOVE:2,6;REMOVE:3,2;REMOVE:4,8;REMOVE:5,8;REMOVE:6,7;REMOVE:7,9;REMOVE:8,9;REMOVE:9,4",0:2;1:4;2:6;3:2;4:8;5:8;6:7;7:9;8:9;9:4,0:7;1:2;2:7;3:8;4:9;5:7;6:8;7:8;8:7;9:2,0@2=3;0@4=2;0@6=1;0@9=1;1@2=1;2@4=2;2@1=2;2@3=1;2@8=2;3@2=1;3@4=2;3@1=1;3@8=1;3@5=1;4@2=2;4@6=1;4@9=2;4@3=1;5@4=1;5@6=1;5@1=1;5@3=1;6@2=1;6@8=1;7@2=2;7@1=2;7@8=1;7@7=1;8@2=1;8@1=1;8@3=2;8@8=1;8@0=1;9@4=1;9@9=2;9@3=1;9@8=1;9@5=1;9@0=1,"2,4,6,9,1,3,8,5,7,0",52,39,39,0,1.0,0.011397431443437855,1.0,0.011397431443437642,0.0,0.0,0.9999999999999999,0.34024596214294434,Feasible
1426,1425,11,6,5,"ADD:0,9;ADD:1,7;ADD:2,8;ADD:4,7;ADD:8,8;ADD:9,7;REMOVE:0,7;REMOVE:1,2;REMOVE:4,9;REMOVE:6,8;REMOVE:9,2",0:7;1:2;2:7;3:8;4:9;5:7;6:8;7:8;8:7;9:2,0:9;1:7;2:7|8;3:8;4:7;5:7;6:-;7:8;8:7|8;9:7,0@1=2;0@2=1;0@3=1;0@9=2;1@1=3;1@3=1;1@9=1;1@4=1;1@7=2;1@8=1;2@1=1;2@2=1;2@3=2;2@7=1;2@8=1;2@5=1;3@1=1;3@2=1;3@5=1;3@6=1;4@1=2;4@2=2;4@8=1;4@0=1;5@3=1;5@9=1;5@8=1;5@6=1;5@0=1;7@1=1;7@4=1;7@7=1;7@8=1;8@1=1;8@2=2;8@5=1;8@6=1;8@0=1;9@1=1;9@2=1;9@3=1;9@8=1,"1,2,3,9,4,7,8,5,6,0",51,42,42,0,1.0,-0.08600573301825765,0.5,0.013994266981742321,0.0,0.0,0.6,0.3494999408721924,Feasible
1427,1426,11,6,5,"ADD:0,2;ADD:2,2;ADD:4,8;ADD:7,2;ADD:8,6;ADD:9,3;REMOVE:2,7;REMOVE:2,8;REMOVE:7,8;REMOVE:8,7;REMOVE:8,8",0:9;1:7;2:7|8;3:8;4:7;5:7;6:-;7:8;8:7|8;9:7,0:2|9;1:7;2:2;3:8;4:7|8;5:7;6:-;7:2;8:6;9:3|7,0@0=1;0@1=1;0@2=1;0@5=1;0@9=4;1@1=1;1@9=1;1@4=1;1@6=1;1@7=2;2@2=1;2@5=1;2@9=2;2@4=4;2@7=1;2@3=2;2@8=1;3@1=1;3@5=1;3@4=3;3@6=1;4@0=1;4@5=1;4@4=2;4@6=1;4@8=1;5@0=1;5@2=2;5@4=2;5@6=2;7@2=1;7@5=1;7@4=2;8@4=1;8@6=2;9@5=1;9@6=1;9@7=1;9@3=2,"0,1,2,5,9,4,6,7,3,8",57,39,39,0,1.0,-0.11831533941764383,0.45454545454545453,0.027139206036901634,0.0,0.0,0.6,0.306469202041626,Feasible
1428,1427,19,7,12,"ADD:0,7;ADD:2,5;ADD:3,5;ADD:4,1;ADD:5,9;ADD:7,9;ADD:9,2;REMOVE:0,2;REMOVE:0,9;REMOVE:1,7;REMOVE:2,2;REMOVE:3,8;REMOVE:4,7;REMOVE:4,8;REMOVE:5,7;REMOVE:7,2;REMOVE:8,6;REMOVE:9,3;REMOVE:9,7",0:2|9;1:7;2:2;3:8;4:7|8;5:7;6:-;7:2;8:6;9:3|7,0:7;1:-;2:5;3:5;4:1;5:9;6:-;7:9;8:-;9:2,0@0=1;0@1=1;0@2=1;0@4=1;0@9=1;2@5=1;3@2=1;3@5=2;4@1=1;4@3=1;4@6=1;4@8=1;5@2=2;5@9=1;7@1=1;7@2=1;9@2=2,"0,1,2,4,9,5,3,6,8",20,17,17,0,1.0,0.33549885257511414,1.0,0.03549885257511403,0.0,0.0,0.7,0.24442124366760254,Feasible
1429,1428,17,10,7,"ADD:0,8;ADD:1,7;ADD:2,2;ADD:3,1;ADD:4,7;ADD:5,4;ADD:6,7;ADD:7,7;ADD:8,1;ADD:9,9;REMOVE:0,7;REMOVE:2,5;REMOVE:3,5;REMOVE:4,1;REMOVE:5,9;REMOVE:7,9;REMOVE:9,2",0:7;1:-;2:5;3:5;4:1;5:9;6:-;7:9;8:-;9:2,0:8;1:7;2:2;3:1;4:7;5:4;6:7;7:7;8:1;9:9,0@4=1;0@5=1;1@2=1;1@7=2;2@4=2;2@5=1;2@3=2;2@9=1;3@1=1;4@4=2;4@3=1;4@9=1;4@1=1;4@0=1;4@6=1;5@4=1;5@2=2;6@7=1;6@1=2;7@9=1;7@1=1;7@0=1;7@6=1;8@3=1;8@1=1;8@8=1;9@2=1;9@6=1,"4,5,2,7,3,9,1,0,6,8",34,28,28,0,1.0,0.016087402490980396,1.0,0.01608740249098029,0.0,0.0,0.9999999999999999,0.2619950771331787,Feasible
1430,1429,19,10,9,"ADD:0,7;ADD:1,9;ADD:2,6;ADD:3,6;ADD:4,2;ADD:4,9;ADD:5,7;ADD:8,2;ADD:9,7;ADD:9,8;REMOVE:0,8;REMOVE:1,7;REMOVE:2,2;REMOVE:3,1;REMOVE:4,7;REMOVE:5,4;REMOVE:7,7;REMOVE:8,1;REMOVE:9,9",0:8;1:7;2:2;3:1;4:7;5:4;6:7;7:7;8:1;9:9,0:7;1:9;2:6;3:6;4:2|9;5:7;6:7;7:-;8:2;9:7|8,0@1=1;0@4=1;0@8=1;0@9=1;1@9=1;2@6=1;3@4=1;3@9=1;3@6=1;4@9=1;4@6=2;4@2=2;4@5=1;5@4=1;5@9=1;5@7=1;6@4=1;6@0=1;8@4=1;8@2=1;8@3=1;9@1=1;9@4=1;9@5=2;9@0=1,"1,4,8,9,6,2,5,7,0,3",28,25,25,0,1.0,-0.06975098946966618,0.9,0.030249010530333662,0.0,0.0,0.9999999999999999,0.2526969909667969,Feasible
1431,1430,17,8,9,"ADD:0,4;ADD:2,2;ADD:2,8;ADD:3,8;ADD:4,7;ADD:5,8;ADD:6,8;ADD:8,7;REMOVE:0,7;REMOVE:2,6;REMOVE:3,6;REMOVE:4,2;REMOVE:4,9;REMOVE:5,7;REMOVE:6,7;REMOVE:8,2;REMOVE:9,8",0:7;1:9;2:6;3:6;4:2|9;5:7;6:7;7:-;8:2;9:7|8,0:4;1:9;2:2|8;3:8;4:7;5:8;6:8;7:-;8:7;9:7,0@4=1;1@1=1;1@2=2;2@4=1;2@1=1;2@2=1;2@0=1;2@5=1;2@8=1;3@2=1;3@5=1;3@6=1;4@1=2;4@3=1;4@7=1;5@4=1;5@1=1;5@8=1;6@4=1;6@1=1;6@2=1;8@2=1;8@7=1;9@4=1;9@9=1,"4,1,2,0,5,8,6,3,7,9",27,25,25,0,1.0,0.0385492840223578,0.8181818181818182,0.020367465840539552,0.0,0.0,0.7999999999999999,0.26199913024902344,Feasible
1432,1431,14,7,7,"ADD:1,1;ADD:2,0;ADD:3,7;ADD:5,2;ADD:6,3;ADD:7,2;ADD:9,9;REMOVE:1,9;REMOVE:2,2;REMOVE:2,8;REMOVE:3,8;REMOVE:5,8;REMOVE:6,8;REMOVE:9,7",0:4;1:9;2:2|8;3:8;4:7;5:8;6:8;7:-;8:7;9:7,0:4;1:1;2:0;3:7;4:7;5:2;6:3;7:2;8:7;9:9,0@2=2;0@4=2;1@1=2;2@0=1;2@5=2;2@7=1;3@2=1;3@4=1;3@7=2;4@4=2;4@1=1;4@0=1;4@7=1;4@6=2;4@8=1;4@9=1;5@2=1;5@4=2;5@9=1;5@3=1;6@2=1;6@3=1;7@2=1;7@4=1;7@5=1;8@4=1;8@0=1;8@9=1;8@3=1;9@2=1;9@1=1,"2,4,1,0,5,7,6,8,9,3",39,31,31,0,1.0,0.027319773067816966,0.7,0.027319773067816952,0.0,0.0,0.7,0.27946901321411133,Feasible
1433,1432,17,9,8,"ADD:0,7;ADD:1,9;ADD:2,7;ADD:3,8;ADD:4,8;ADD:5,7;ADD:6,7;ADD:7,7;ADD:9,8;REMOVE:0,4;REMOVE:1,1;REMOVE:2,0;REMOVE:3,7;REMOVE:4,7;REMOVE:5,2;REMOVE:6,3;REMOVE:7,2",0:4;1:1;2:0;3:7;4:7;5:2;6:3;7:2;8:7;9:9,0:7;1:9;2:7;3:8;4:8;5:7;6:7;7:7;8:7;9:8|9,0@1=1;0@2=1;0@3=1;0@4=1;0@6=1;0@8=1;0@9=1;1@1=1;1@2=1;2@1=1;2@2=1;2@3=2;2@4=1;2@8=1;2@9=1;2@7=1;3@1=1;3@2=1;3@4=1;4@1=1;4@2=2;4@5=1;5@2=3;5@4=1;5@7=1;5@0=1;6@3=1;6@7=1;7@2=1;7@6=1;7@7=1;8@1=2;8@2=1;8@3=1;8@9=2;8@7=1;8@0=1;9@8=1;9@9=1,"1,2,3,4,6,8,9,7,5,0",45,39,39,0,1.0,-0.08537042630869351,0.8,0.0146295736913063,0.0,0.0,0.8999999999999999,0.30376601219177246,Feasible
1434,1433,11,6,5,"ADD:0,9;ADD:1,8;ADD:4,3;ADD:4,7;ADD:6,9;ADD:8,2;REMOVE:0,7;REMOVE:4,8;REMOVE:6,7;REMOVE:8,7;REMOVE:9,9",0:7;1:9;2:7;3:8;4:8;5:7;6:7;7:7;8:7;9:8|9,0:9;1:8|9;2:7;3:8;4:3|7;5:7;6:9;7:7;8:2;9:8,0@1=1;0@2=1;0@9=1;1@9=2;1@5=1;1@6=1;2@1=2;2@4=1;2@7=1;3@1=1;3@5=1;3@7=2;4@1=1;4@2=2;4@9=1;4@5=1;4@6=2;4@0=1;4@3=2;5@1=1;5@2=2;5@7=1;6@1=1;6@2=2;6@9=1;7@2=1;7@7=1;8@2=2;8@0=1;9@1=1;9@4=1;9@7=1;9@8=1,"1,2,9,5,6,4,7,0,3,8",42,33,33,0,1.0,-0.11468144469227887,0.45454545454545453,0.030773100762266574,0.0,0.0,0.6,0.28427696228027344,Feasible
1435,1434,20,9,11,"ADD:0,7;ADD:1,1;ADD:2,2;ADD:3,6;ADD:4,8;ADD:5,1;ADD:6,8;ADD:8,1;ADD:9,7;REMOVE:0,9;REMOVE:1,8;REMOVE:1,9;REMOVE:2,7;REMOVE:3,8;REMOVE:4,3;REMOVE:4,7;REMOVE:5,7;REMOVE:6,9;REMOVE:8,2;REMOVE:9,8",0:9;1:8|9;2:7;3:8;4:3|7;5:7;6:9;7:7;8:2;9:8,0:7;1:1;2:2;3:6;4:8;5:1;6:8;7:7;8:1;9:7,0@0=1;0@1=1;0@2=1;0@6=1;1@1=1;2@2=3;3@1=1;3@6=1;4@6=1;4@7=1;4@8=1;5@1=2;6@6=1;6@7=1;6@4=1;6@5=1;7@7=1;7@4=1;8@1=2;9@0=1;9@8=2;9@4=1;9@3=1;9@9=1,"0,1,2,6,7,8,4,5,3,9",29,24,24,0,1.0,0.0554912385334303,0.9166666666666666,0.038824571866763566,0.0,0.0,0.8999999999999999,0.2526109218597412,Feasible
1436,1435,20,10,10,"ADD:0,8;ADD:1,2;ADD:2,7;ADD:3,8;ADD:4,3;ADD:5,9;ADD:6,0;ADD:7,4;ADD:8,7;ADD:9,5;REMOVE:0,7;REMOVE:1,1;REMOVE:2,2;REMOVE:3,6;REMOVE:4,8;REMOVE:5,1;REMOVE:6,8;REMOVE:7,7;REMOVE:8,1;REMOVE:9,7",0:7;1:1;2:2;3:6;4:8;5:1;6:8;7:7;8:1;9:7,0:8;1:2;2:7;3:8;4:3;5:9;6:0;7:4;8:7;9:5,0@4=2;0@6=2;0@8=2;1@2=2;2@4=1;2@6=1;2@2=2;2@0=1;2@1=2;3@6=1;3@2=1;3@5=2;4@5=1;4@7=1;4@9=1;5@7=2;5@9=2;6@0=1;7@4=1;8@4=2;8@6=2;8@8=1;8@2=1;8@1=1;8@3=1;9@5=2,"4,6,8,2,0,1,5,7,9,3",38,26,26,0,1.0,0.026284481644693325,1.0,0.026284481644693193,0.0,0.0,0.9999999999999999,0.2659602165222168,Feasible
1437,1436,17,9,8,"ADD:0,5;ADD:1,9;ADD:2,2;ADD:3,7;ADD:4,8;ADD:5,5;ADD:6,7;ADD:7,1;ADD:9,8;REMOVE:0,8;REMOVE:1,2;REMOVE:2,7;REMOVE:3,8;REMOVE:4,3;REMOVE:6,0;REMOVE:7,4;REMOVE:9,5",0:8;1:2;2:7;3:8;4:3;5:9;6:0;7:4;8:7;9:5,0:5;1:9;2:2;3:7;4:8;5:5|9;6:7;7:1;8:7;9:8,0@2=1;0@5=1;1@2=1;1@9=1;2@2=2;2@5=1;2@9=1;2@3=1;2@4=1;3@9=1;3@4=1;3@0=2;3@6=2;4@2=1;4@4=1;4@1=1;5@5=1;5@9=1;6@3=1;6@7=1;6@8=1;7@1=1;8@2=3;8@1=1;8@7=1;9@2=1;9@1=2;9@7=1;9@8=1,"2,5,9,3,4,0,6,1,7,8",35,29,29,0,1.0,-0.07213273403211129,0.8,0.02786726596788853,0.0,0.0,0.8999999999999999,0.26868510246276855,Feasible
1438,1437,18,9,9,"ADD:0,8;ADD:1,7;ADD:2,9;ADD:3,8;ADD:4,7;ADD:5,7;ADD:6,8;ADD:7,4;ADD:9,7;REMOVE:0,5;REMOVE:1,9;REMOVE:2,2;REMOVE:3,7;REMOVE:4,8;REMOVE:5,5;REMOVE:5,9;REMOVE:6,7;REMOVE:7,1",0:5;1:9;2:2;3:7;4:8;5:5|9;6:7;7:1;8:7;9:8,0:8;1:7;2:9;3:8;4:7;5:7;6:8;7:4;8:7;9:7|8,0@2=3;0@4=1;0@8=1;1@2=2;1@8=1;1@0=1;1@6=1;2@6=1;2@7=2;2@9=2;3@4=1;3@1=2;4@2=2;4@7=1;4@1=1;5@2=1;5@4=2;5@7=2;5@9=1;5@3=1;6@4=1;6@8=1;7@4=1;8@0=1;8@3=1;9@4=1;9@0=1;9@1=1;9@5=1,"2,4,8,0,6,7,9,1,3,5",38,29,29,0,1.0,-0.06096897509813415,0.8181818181818182,0.020849206720047538,0.0,0.0,0.8999999999999999,0.30118799209594727,Feasible
1439,1438,11,5,6,"ADD:0,7;ADD:1,2;ADD:3,2;ADD:6,3;ADD:7,9;REMOVE:0,8;REMOVE:1,7;REMOVE:3,8;REMOVE:6,8;REMOVE:7,4;REMOVE:9,7",0:8;1:7;2:9;3:8;4:7;5:7;6:8;7:4;8:7;9:7|8,0:7;1:2;2:9;3:2;4:7;5:7;6:3;7:9;8:7;9:8,0@1=2;0@7=1;1@2=1;2@7=1;2@2=2;2@3=1;2@9=1;3@0=1;3@4=2;3@5=1;4@1=2;4@2=1;4@0=1;4@4=1;5@1=1;5@2=2;5@3=1;5@0=1;6@3=1;7@2=1;7@3=1;7@9=1;8@1=1;8@3=1;8@4=1;8@6=1;8@8=1;9@1=1;9@2=1;9@6=1;9@8=1,"1,7,2,3,9,0,4,5,6,8",36,31,31,0,1.0,0.06212933796048914,0.5454545454545454,0.016674792505943673,0.0,0.0,0.5,0.275745153427124,Feasible
1440,1439,17,9,8,"ADD:0,8;ADD:1,7;ADD:2,8;ADD:3,3;ADD:3,5;ADD:5,8;ADD:6,7;ADD:7,7;ADD:9,5;REMOVE:0,7;REMOVE:1,2;REMOVE:2,9;REMOVE:3,2;REMOVE:5,7;REMOVE:6,3;REMOVE:7,9;REMOVE:9,8",0:7;1:2;2:9;3:2;4:7;5:7;6:3;7:9;8:7;9:8,0:8;1:7;2:8;3:3|5;4:7;5:8;6:7;7:7;8:7;9:5,0@6=1;0@8=1;1@0=1;1@2=2;1@4=1;1@7=1;2@8=1;2@4=1;2@5=1;3@0=1;3@2=2;3@5=1;3@1=1;3@3=1;4@0=1;4@2=2;4@4=3;4@1=1;5@8=1;5@4=1;5@1=1;6@0=1;6@2=1;6@4=1;6@7=1;6@1=1;6@3=1;7@4=1;7@7=1;8@8=1;8@0=1;8@4=1;8@1=2;9@5=1,"6,8,0,2,4,7,5,1,3",40,34,34,0,1.0,-0.0767955314296822,0.8,0.023204468570317695,0.0,0.0,0.8999999999999999,0.2737619876861572,Feasible
1441,1440,14,7,7,"ADD:2,2;ADD:2,7;ADD:3,7;ADD:5,7;ADD:7,4;ADD:8,4;ADD:9,4;REMOVE:2,8;REMOVE:3,3;REMOVE:3,5;REMOVE:5,8;REMOVE:7,7;REMOVE:8,7;REMOVE:9,5",0:8;1:7;2:8;3:3|5;4:7;5:8;6:7;7:7;8:7;9:5,0:8;1:7;2:2|7;3:7;4:7;5:7;6:7;7:4;8:4;9:4,0@1=1;0@2=2;0@4=1;1@7=1;2@1=1;2@4=1;2@0=2;2@5=2;2@9=2;3@7=1;4@1=1;4@2=1;4@4=1;4@7=1;5@1=1;5@0=1;5@3=1;6@4=1;6@7=1;6@6=1;7@2=1;7@4=1;8@2=1;8@4=2;9@4=1,"1,2,4,7,0,5,9,3,6",30,25,25,0,1.0,-0.03574163371401495,0.6363636363636364,0.02789472992234863,0.0,0.0,0.7,0.24611496925354004,Feasible
1442,1441,16,7,9,"ADD:0,7;ADD:2,5;ADD:3,2;ADD:5,3;ADD:6,4;ADD:8,9;ADD:9,0;REMOVE:0,8;REMOVE:2,2;REMOVE:2,7;REMOVE:3,7;REMOVE:5,7;REMOVE:6,7;REMOVE:7,4;REMOVE:8,4;REMOVE:9,4",0:8;1:7;2:2|7;3:7;4:7;5:7;6:7;7:4;8:4;9:4,0:7;1:7;2:5;3:2;4:7;5:3;6:4;7:-;8:9;9:0,0@4=1;0@9=1;1@9=1;1@0=1;2@2=1;2@5=1;3@4=1;3@9=1;3@0=1;3@5=1;4@4=5;4@3=2;4@8=1;5@3=1;5@1=1;6@4=1;8@9=1;8@2=1;8@3=1;8@6=3;9@0=1,"4,9,0,2,5,3,8,1,6",28,21,21,0,1.0,0.1351168412381858,0.8181818181818182,0.01693502305636748,0.0,0.0,0.7,0.2392261028289795,Feasible
1443,1442,13,6,7,"ADD:0,4;ADD:1,5;ADD:2,2;ADD:4,2;ADD:6,2;ADD:9,9;REMOVE:0,7;REMOVE:1,7;REMOVE:2,5;REMOVE:4,7;REMOVE:5,3;REMOVE:6,4;REMOVE:9,0",0:7;1:7;2:5;3:2;4:7;5:3;6:4;7:-;8:9;9:0,0:4;1:5;2:2;3:2;4:2;5:-;6:2;7:-;8:9;9:9,0@4=2;1@5=1;2@4=1;2@5=1;2@2=1;2@3=1;3@2=1;4@2=2;4@0=1;6@4=1;6@2=1;6@3=1;6@0=1;8@2=1;8@9=1;9@2=1;9@9=1;9@1=1,"4,5,2,3,0,9,1",20,18,18,0,1.0,0.22805378116538488,0.7777777777777778,0.05027600338760708,0.0,0.0,0.6,0.22557997703552246,Feasible
1444,1443,10,4,6,"ADD:0,2;ADD:2,0;ADD:5,2;ADD:8,5;REMOVE:0,4;REMOVE:1,5;REMOVE:2,2;REMOVE:6,2;REMOVE:8,9;REMOVE:9,9",0:4;1:5;2:2;3:2;4:2;5:-;6:2;7:-;8:9;9:9,0:2;1:-;2:0;3:2;4:2;5:2;6:-;7:-;8:5;9:-,0@2=1;2@0=1;3@2=1;4@2=1;5@2=1;5@0=1;8@5=1,"2,0,5",7,7,7,0,1.0,0.43229789200894964,0.75,0.0822978920089496,0.0,0.0,0.4,0.18225812911987305,Feasible
1445,1444,8,4,4,"ADD:1,3;ADD:6,8;ADD:8,8;ADD:9,7;REMOVE:2,0;REMOVE:3,2;REMOVE:5,2;REMOVE:8,5",0:2;1:-;2:0;3:2;4:2;5:2;6:-;7:-;8:5;9:-,0:2;1:3;2:-;3:-;4:2;5:-;6:8;7:-;8:8;9:7,0@2=1;1@3=1;4@2=1;4@0=1;6@8=1;8@8=1;9@7=1,"2,3,0,8,7",7,7,7,0,1.0,0.35395380851749525,0.6666666666666666,0.0872871418508286,0.0,0.0,0.4,0.17876100540161133,Feasible
1446,1445,12,8,4,"ADD:0,8;ADD:1,5;ADD:2,0;ADD:3,8;ADD:5,7;ADD:7,9;ADD:8,2;ADD:9,4;REMOVE:0,2;REMOVE:1,3;REMOVE:8,8;REMOVE:9,7",0:2;1:3;2:-;3:-;4:2;5:-;6:8;7:-;8:8;9:7,0:8;1:5;2:0;3:8;4:2;5:7;6:8;7:9;8:2;9:4,0@1=1;0@5=1;0@6=1;1@5=1;1@0=1;1@2=1;2@0=1;3@4=3;3@8=1;4@0=1;4@2=2;4@4=1;5@2=1;5@3=1;5@7=1;6@1=1;6@5=1;6@2=1;6@4=1;6@7=1;7@1=2;7@2=1;8@5=1;8@2=1;8@4=1;9@2=1;9@4=1,"1,5,6,0,2,4,8,3,7",31,27,27,0,1.0,-0.1052564539410199,0.6666666666666666,0.02807687939231345,0.0,0.0,0.7999999999999999,0.22528815269470215,Feasible
1447,1446,18,9,9,"ADD:0,7;ADD:1,2;ADD:2,7;ADD:3,5;ADD:4,7;ADD:5,4;ADD:6,7;ADD:7,2;ADD:8,7;REMOVE:0,8;REMOVE:1,5;REMOVE:2,0;REMOVE:3,8;REMOVE:5,7;REMOVE:6,8;REMOVE:7,9;REMOVE:8,2;REMOVE:9,4",0:8;1:5;2:0;3:8;4:2;5:7;6:8;7:9;8:2;9:4,0:7;1:2;2:7;3:5;4:2|7;5:4;6:7;7:2;8:7;9:-,0@0=1;0@4=1;0@7=1;0@8=1;1@0=1;1@4=1;1@2=1;2@4=1;2@7=2;2@8=2;2@1=1;2@9=1;3@5=1;4@0=1;4@4=1;4@7=1;4@2=2;4@1=1;4@5=1;5@4=2;5@2=2;5@6=2;6@0=1;6@2=1;6@9=1;6@6=1;7@4=1;7@2=1;7@9=1;8@7=2;8@3=1,"0,4,7,8,2,1,9,5,6,3",38,31,31,0,1.0,0.03199048790986547,0.9,0.031990487909865396,0.0,0.0,0.8999999999999999,0.2653529644012451,Feasible
1448,1447,16,8,8,"ADD:0,3;ADD:2,3;ADD:3,8;ADD:4,1;ADD:5,9;ADD:7,7;ADD:8,2;ADD:9,2;REMOVE:0,7;REMOVE:1,2;REMOVE:2,7;REMOVE:3,5;REMOVE:4,2;REMOVE:4,7;REMOVE:5,4;REMOVE:7,2",0:7;1:2;2:7;3:5;4:2|7;5:4;6:7;7:2;8:7;9:-,0:3;1:-;2:3;3:8;4:1;5:9;6:7;7:7;8:2|7;9:2,0@1=1;0@5=1;0@7=2;0@9=1;2@1=1;2@5=1;2@9=1;2@2=2;2@3=2;3@1=2;3@2=1;3@4=1;4@1=3;5@1=1;5@9=1;5@2=1;5@3=1;5@6=1;6@1=1;6@3=1;6@4=1;6@0=1;6@8=1;7@7=1;7@2=1;7@6=2;7@0=2;8@1=1;8@5=2;8@7=1;8@2=1;8@3=1;8@4=2;8@0=1;9@2=2,"1,5,7,9,2,3,4,6,0,8",46,35,35,0,1.0,0.023698292867168735,0.8,0.0236982928671686,0.0,0.0,0.7999999999999999,0.28590893745422363,Feasible
1449,1448,20,11,9,"ADD:0,9;ADD:1,8;ADD:2,7;ADD:3,4;ADD:4,3;ADD:4,7;ADD:5,7;ADD:6,8;ADD:7,1;ADD:9,7;ADD:9,8;REMOVE:0,3;REMOVE:2,3;REMOVE:3,8;REMOVE:4,1;REMOVE:5,9;REMOVE:6,7;REMOVE:7,7;REMOVE:8,2;REMOVE:9,2",0:3;1:-;2:3;3:8;4:1;5:9;6:7;7:7;8:2|7;9:2,0:9;1:8;2:7;3:4;4:3|7;5:7;6:8;7:1;8:7;9:7|8,0@1=1;0@2=1;0@6=2;1@1=1;1@2=2;1@4=1;1@5=1;1@7=1;1@8=1;2@1=2;2@2=1;2@6=1;2@4=1;2@8=2;2@9=1;3@4=2;4@2=1;4@6=1;4@5=2;4@7=2;4@3=1;5@1=1;5@6=2;5@0=2;6@1=2;6@2=2;6@6=1;6@4=2;6@7=1;6@8=1;7@1=1;8@1=1;8@2=1;8@4=1;8@3=1;8@0=1;9@1=1;9@2=2;9@6=1;9@4=2;9@5=1;9@8=1;9@9=1,"1,2,6,4,5,7,8,9,3,0",57,43,43,0,1.0,-0.18375075407170616,0.9,0.016249245928293642,0.0,0.0,1.0999999999999999,0.3048100471496582,Feasible
1450,1449,22,11,11,"ADD:0,7;ADD:1,9;ADD:2,8;ADD:2,9;ADD:3,2;ADD:4,8;ADD:5,8;ADD:6,2;ADD:7,8;ADD:8,5;ADD:8,9;REMOVE:0,9;REMOVE:1,8;REMOVE:2,7;REMOVE:3,4;REMOVE:4,3;REMOVE:4,7;REMOVE:5,7;REMOVE:6,8;REMOVE:7,1;REMOVE:8,7;REMOVE:9,7",0:9;1:8;2:7;3:4;4:3|7;5:7;6:8;7:1;8:7;9:7|8,0:7;1:9;2:8|9;3:2;4:8;5:8;6:2;7:8;8:5|9;9:8,0@3=3;0@4=1;1@1=2;1@2=1;2@1=2;2@2=3;2@8=1;2@9=1;3@2=1;3@9=1;3@0=1;4@4=1;4@2=1;4@8=2;4@5=1;4@6=1;5@4=1;5@1=1;5@2=1;5@8=1;5@6=1;6@3=1;6@4=1;6@2=1;6@9=1;6@0=1;7@4=1;7@1=1;8@1=1;8@9=1;8@0=1;8@5=1;9@4=2;9@1=1;9@2=1;9@8=1;9@7=2,"3,4,1,2,8,9,0,5,6,7",46,37,37,0,1.0,-0.16171918991602396,0.9166666666666666,0.021614143417309235,0.0,0.0,1.0999999999999999,0.26386499404907227,Feasible
1451,1450,19,8,11,"ADD:0,6;ADD:1,8;ADD:3,7;ADD:4,7;ADD:5,1;ADD:6,3;ADD:8,7;ADD:9,9;REMOVE:0,7;REMOVE:1,9;REMOVE:2,9;REMOVE:3,2;REMOVE:4,8;REMOVE:5,8;REMOVE:6,2;REMOVE:7,8;REMOVE:8,5;REMOVE:8,9;REMOVE:9,8",0:7;1:9;2:8|9;3:2;4:8;5:8;6:2;7:8;8:5|9;9:8,0:6;1:8;2:8;3:7;4:7;5:1;6:3;7:-;8:7;9:9,0@6=1;1@8=1;2@1=1;2@2=1;2@4=1;3@1=1;3@4=1;3@3=1;4@1=1;4@0=1;4@7=1;5@1=1;6@3=1;8@1=1;8@2=1;8@4=1;8@9=1;9@1=3;9@3=1;9@7=2;9@9=1,"6,8,1,2,4,3,0,7,9",24,21,21,0,1.0,0.14022447691254647,0.9166666666666666,0.023557810245879763,0.0,0.0,0.7999999999999999,0.21554017066955566,Feasible
