time_step,slot,phase,actions,placement
0,0,initial_before_any_decision,-,"server 0: 5,7,9 | server 1: 5 | server 2: - | server 3: 7,8 | server 4: 0,7,8 | server 5: 1,2,3,7,8 | server 6: 3,7 | server 7: 1,2,4,9 | server 8: 0,2,3,5,6,8,9 | server 9: 4,5"
1,1,after_slot_decision,"ADD:4,8;REMOVE:0,4;REMOVE:0,8;REMOVE:1,5;REMOVE:1,7","server 0: 5,7,9 | server 1: 5 | server 2: - | server 3: 7,8 | server 4: 7,8 | server 5: 2,3,7,8 | server 6: 3,7 | server 7: 2,4,9 | server 8: 2,3,4,5,6,8,9 | server 9: 4,5"
2,2,after_slot_decision,"ADD:2,3;REMOVE:2,5;REMOVE:2,7;REMOVE:2,8;REMOVE:3,5;REMOVE:3,6;REMOVE:3,8;REMOVE:4,7;REMOVE:4,8;REMOVE:4,9;REMOVE:5,0;REMOVE:5,1;REMOVE:5,8;REMOVE:6,8;REMOVE:7,0;REMOVE:7,3;REMOVE:7,4;REMOVE:7,5;REMOVE:7,6;REMOVE:8,3;REMOVE:8,4;REMOVE:8,5;REMOVE:8,8;REMOVE:9,0;REMOVE:9,7;REMOVE:9,8",server 0: - | server 1: - | server 2: - | server 3: 2 | server 4: - | server 5: - | server 6: - | server 7: - | server 8: - | server 9: 5
3,3,after_slot_decision,"ADD:2,1;ADD:4,3;REMOVE:2,3;REMOVE:5,9",server 0: - | server 1: 2 | server 2: - | server 3: 4 | server 4: - | server 5: - | server 6: - | server 7: - | server 8: - | server 9: -
4,4,after_slot_decision,"ADD:4,1;REMOVE:4,3","server 0: - | server 1: 2,4 | server 2: - | server 3: - | server 4: - | server 5: - | server 6: - | server 7: - | server 8: - | server 9: -"
5,5,after_slot_decision,"ADD:2,4;ADD:5,4;ADD:6,3;REMOVE:2,1;REMOVE:4,1","server 0: - | server 1: - | server 2: - | server 3: 6 | server 4: 2,5 | server 5: - | server 6: - | server 7: - | server 8: - | server 9: -"
6,6,after_slot_decision,"ADD:4,7;REMOVE:5,4;REMOVE:6,3",server 0: - | server 1: - | server 2: - | server 3: - | server 4: 2 | server 5: - | server 6: - | server 7: 4 | server 8: - | server 9: -
7,7,after_slot_decision,"ADD:4,4;REMOVE:2,4;REMOVE:4,7",server 0: - | server 1: - | server 2: - | server 3: - | server 4: 4 | server 5: - | server 6: - | server 7: - | server 8: - | server 9: -
8,8,after_slot_decision,"ADD:6,5;REMOVE:4,4",server 0: - | server 1: - | server 2: - | server 3: - | server 4: - | server 5: 6 | server 6: - | server 7: - | server 8: - | server 9: -
9,9,after_slot_decision,"ADD:4,8;REMOVE:6,5",server 0: - | server 1: - | server 2: - | server 3: - | server 4: - | server 5: - | server 6: - | server 7: - | server 8: 4 | server 9: -
10,10,after_slot_decision,"ADD:3,8;ADD:4,3;REMOVE:4,8",server 0: - | server 1: - | server 2: - | server 3: 4 | server 4: - | server 5: - | server 6: - | server 7: - | server 8: 3 | server 9: -
11,11,after_slot_decision,"ADD:4,1;ADD:4,2;ADD:5,6;REMOVE:3,8;REMOVE:4,3",server 0: - | server 1: 4 | server 2: 4 | server 3: - | server 4: - | server 5: - | server 6: 5 | server 7: - | server 8: - | server 9: -
12,12,after_slot_decision,"ADD:4,3;REMOVE:4,1;REMOVE:4,2;REMOVE:5,6",server 0: - | server 1: - | server 2: - | server 3: 4 | server 4: - | server 5: - | server 6: - | server 7: - | server 8: - | server 9: -
13,13,after_slot_decision,"ADD:3,8;ADD:4,0;ADD:5,8;REMOVE:4,3","server 0: 4 | server 1: - | server 2: - | server 3: - | server 4: - | server 5: - | server 6: - | server 7: - | server 8: 3,5 | server 9: -"
14,14,after_slot_decision,"ADD:2,4;ADD:2,9;ADD:4,5;REMOVE:3,8;REMOVE:4,0;REMOVE:5,8",server 0: - | server 1: - | server 2: - | server 3: - | server 4: 2 | server 5: 4 | server 6: - | server 7: - | server 8: - | server 9: 2
15,15,after_slot_decision,"ADD:2,6;ADD:4,9;ADD:5,1;REMOVE:2,4;REMOVE:2,9;REMOVE:4,5",server 0: - | server 1: 5 | server 2: - | server 3: - | server 4: - | server 5: - | server 6: 2 | server 7: - | server 8: - | server 9: 4
16,16,after_slot_decision,"ADD:2,0;ADD:4,5;REMOVE:2,6;REMOVE:4,9;REMOVE:5,1",server 0: 2 | server 1: - | server 2: - | server 3: - | server 4: - | server 5: 4 | server 6: - | server 7: - | server 8: - | server 9: -
17,17,after_slot_decision,"ADD:4,3;REMOVE:2,0;REMOVE:4,5",server 0: - | server 1: - | server 2: - | server 3: 4 | server 4: - | server 5: - | server 6: - | server 7: - | server 8: - | server 9: -
18,18,after_slot_decision,"ADD:4,4;REMOVE:4,3",server 0: - | server 1: - | server 2: - | server 3: - | server 4: 4 | server 5: - | server 6: - | server 7: - | server 8: - | server 9: -
19,19,after_slot_decision,"ADD:5,2;REMOVE:4,4",server 0: - | server 1: - | server 2: 5 | server 3: - | server 4: - | server 5: - | server 6: - | server 7: - | server 8: - | server 9: -
20,20,after_slot_decision,"ADD:4,0;ADD:6,7;REMOVE:5,2",server 0: 4 | server 1: - | server 2: - | server 3: - | server 4: - | server 5: - | server 6: - | server 7: 6 | server 8: - | server 9: -
21,21,after_slot_decision,"ADD:2,9;ADD:4,4;REMOVE:4,0;REMOVE:6,7",server 0: - | server 1: - | server 2: - | server 3: - | server 4: 4 | server 5: - | server 6: - | server 7: - | server 8: - | server 9: 2
22,22,after_slot_decision,"ADD:4,2;REMOVE:2,9;REMOVE:4,4",server 0: - | server 1: - | server 2: 4 | server 3: - | server 4: - | server 5: - | server 6: - | server 7: - | server 8: - | server 9: -
23,23,after_slot_decision,"ADD:4,7;REMOVE:4,2",server 0: - | server 1: - | server 2: - | server 3: - | server 4: - | server 5: - | server 6: - | server 7: 4 | server 8: - | server 9: -
24,24,after_slot_decision,"ADD:5,9;ADD:6,3;REMOVE:4,7",server 0: - | server 1: - | server 2: - | server 3: 6 | server 4: - | server 5: - | server 6: - | server 7: - | server 8: - | server 9: 5
25,25,after_slot_decision,"ADD:4,2;ADD:6,1;REMOVE:6,3",server 0: - | server 1: 6 | server 2: 4 | server 3: - | server 4: - | server 5: - | server 6: - | server 7: - | server 8: - | server 9: 5
26,26,after_slot_decision,"ADD:4,5;ADD:4,6;REMOVE:4,2;REMOVE:5,9;REMOVE:6,1",server 0: - | server 1: - | server 2: - | server 3: - | server 4: - | server 5: 4 | server 6: 4 | server 7: - | server 8: - | server 9: -
27,27,after_slot_decision,"ADD:4,7;ADD:5,4;REMOVE:4,5;REMOVE:4,6",server 0: - | server 1: - | server 2: - | server 3: - | server 4: 5 | server 5: - | server 6: - | server 7: 4 | server 8: - | server 9: -
28,28,after_slot_decision,"ADD:4,0;ADD:6,2;REMOVE:4,7;REMOVE:5,4",server 0: 4 | server 1: - | server 2: 6 | server 3: - | server 4: - | server 5: - | server 6: - | server 7: - | server 8: - | server 9: -
29,29,after_slot_decision,"ADD:2,7;ADD:4,3;ADD:5,5;ADD:6,6;REMOVE:4,0;REMOVE:6,2",server 0: - | server 1: - | server 2: - | server 3: 4 | server 4: - | server 5: 5 | server 6: 6 | server 7: 2 | server 8: - | server 9: -
30,30,after_slot_decision,"ADD:4,4;REMOVE:2,7;REMOVE:4,3;REMOVE:5,5",server 0: - | server 1: - | server 2: - | server 3: - | server 4: 4 | server 5: - | server 6: 6 | server 7: - | server 8: - | server 9: -
31,31,after_slot_decision,"ADD:4,2;ADD:6,8;REMOVE:4,4;REMOVE:6,6",server 0: - | server 1: - | server 2: 4 | server 3: - | server 4: - | server 5: - | server 6: - | server 7: - | server 8: 6 | server 9: -
32,32,after_slot_decision,"ADD:3,6;ADD:4,6;ADD:5,1;REMOVE:4,2;REMOVE:6,8","server 0: - | server 1: 5 | server 2: - | server 3: - | server 4: - | server 5: - | server 6: 3,4 | server 7: - | server 8: - | server 9: -"
33,33,after_slot_decision,"ADD:4,8;ADD:5,7;ADD:6,7;REMOVE:3,6;REMOVE:4,6;REMOVE:5,1","server 0: - | server 1: - | server 2: - | server 3: - | server 4: - | server 5: - | server 6: - | server 7: 5,6 | server 8: 4 | server 9: -"
34,34,after_slot_decision,"ADD:4,4;REMOVE:4,8;REMOVE:5,7;REMOVE:6,7",server 0: - | server 1: - | server 2: - | server 3: - | server 4: 4 | server 5: - | server 6: - | server 7: - | server 8: - | server 9: -
35,35,after_slot_decision,"ADD:4,9;ADD:6,7;REMOVE:4,4",server 0: - | server 1: - | server 2: - | server 3: - | server 4: - | server 5: - | server 6: - | server 7: 6 | server 8: - | server 9: 4
36,36,after_slot_decision,"ADD:3,8;ADD:4,7;ADD:5,3;REMOVE:4,9","server 0: - | server 1: - | server 2: - | server 3: 5 | server 4: - | server 5: - | server 6: - | server 7: 4,6 | server 8: 3 | server 9: -"
37,37,after_slot_decision,"ADD:4,1;REMOVE:3,8;REMOVE:4,7;REMOVE:5,3",server 0: - | server 1: 4 | server 2: - | server 3: - | server 4: - | server 5: - | server 6: - | server 7: 6 | server 8: - | server 9: -
38,38,after_slot_decision,"ADD:4,6;ADD:6,9;REMOVE:4,1;REMOVE:6,7",server 0: - | server 1: - | server 2: - | server 3: - | server 4: - | server 5: - | server 6: 4 | server 7: - | server 8: - | server 9: 6
39,39,after_slot_decision,"ADD:4,7;ADD:6,4;REMOVE:4,6;REMOVE:6,9",server 0: - | server 1: - | server 2: - | server 3: - | server 4: 6 | server 5: - | server 6: - | server 7: 4 | server 8: - | server 9: -
40,40,after_slot_decision,"ADD:2,2;ADD:4,8;REMOVE:4,7;REMOVE:6,4",server 0: - | server 1: - | server 2: 2 | server 3: - | server 4: - | server 5: - | server 6: - | server 7: - | server 8: 4 | server 9: -
41,41,after_slot_decision,"ADD:2,1;ADD:5,4;ADD:6,6;REMOVE:2,2",server 0: - | server 1: 2 | server 2: - | server 3: - | server 4: 5 | server 5: - | server 6: 6 | server 7: - | server 8: 4 | server 9: -
42,42,after_slot_decision,"ADD:4,2;ADD:6,2;REMOVE:2,1;REMOVE:4,8;REMOVE:6,6","server 0: - | server 1: - | server 2: 4,6 | server 3: - | server 4: 5 | server 5: - | server 6: - | server 7: - | server 8: - | server 9: -"
43,43,after_slot_decision,"ADD:4,6;ADD:6,9;REMOVE:4,2;REMOVE:5,4;REMOVE:6,2",server 0: - | server 1: - | server 2: - | server 3: - | server 4: - | server 5: - | server 6: 4 | server 7: - | server 8: - | server 9: 6
44,44,after_slot_decision,"ADD:4,2;REMOVE:4,6;REMOVE:6,9",server 0: - | server 1: - | server 2: 4 | server 3: - | server 4: - | server 5: - | server 6: - | server 7: - | server 8: - | server 9: -
45,45,after_slot_decision,"ADD:4,8;REMOVE:4,2",server 0: - | server 1: - | server 2: - | server 3: - | server 4: - | server 5: - | server 6: - | server 7: - | server 8: 4 | server 9: -
46,46,after_slot_decision,"ADD:4,2;ADD:4,9;ADD:6,2;REMOVE:4,8","server 0: - | server 1: - | server 2: 4,6 | server 3: - | server 4: - | server 5: - | server 6: - | server 7: - | server 8: - | server 9: 4"
47,47,after_slot_decision,"ADD:3,4;ADD:5,1;ADD:6,5;ADD:6,6;REMOVE:4,9;REMOVE:6,2",server 0: - | server 1: 5 | server 2: 4 | server 3: - | server 4: 3 | server 5: 6 | server 6: 6 | server 7: - | server 8: - | server 9: -
48,48,after_slot_decision,"ADD:4,8;REMOVE:3,4;REMOVE:4,2;REMOVE:5,1;REMOVE:6,5;REMOVE:6,6",server 0: - | server 1: - | server 2: - | server 3: - | server 4: - | server 5: - | server 6: - | server 7: - | server 8: 4 | server 9: -
49,49,after_slot_decision,"ADD:4,7;REMOVE:4,8",server 0: - | server 1: - | server 2: - | server 3: - | server 4: - | server 5: - | server 6: - | server 7: 4 | server 8: - | server 9: -
50,50,after_slot_decision,"ADD:6,2;ADD:7,9",server 0: - | server 1: - | server 2: 6 | server 3: - | server 4: - | server 5: - | server 6: - | server 7: 4 | server 8: - | server 9: 7
51,51,after_slot_decision,"ADD:5,6;REMOVE:6,2;REMOVE:7,9",server 0: - | server 1: - | server 2: - | server 3: - | server 4: - | server 5: - | server 6: 5 | server 7: 4 | server 8: - | server 9: -
52,52,after_slot_decision,"ADD:1,0;ADD:1,1;ADD:4,8;ADD:5,1;REMOVE:5,6","server 0: 1 | server 1: 1,5 | server 2: - | server 3: - | server 4: - | server 5: - | server 6: - | server 7: 4 | server 8: 4 | server 9: -"
53,53,after_slot_decision,"ADD:4,5;ADD:5,7;ADD:6,1;REMOVE:1,0;REMOVE:1,1;REMOVE:4,7;REMOVE:4,8;REMOVE:5,1",server 0: - | server 1: 6 | server 2: - | server 3: - | server 4: - | server 5: 4 | server 6: - | server 7: 5 | server 8: - | server 9: -
54,54,after_slot_decision,"ADD:4,2;REMOVE:4,5;REMOVE:5,7;REMOVE:6,1",server 0: - | server 1: - | server 2: 4 | server 3: - | server 4: - | server 5: - | server 6: - | server 7: - | server 8: - | server 9: -
55,55,after_slot_decision,"ADD:3,9;ADD:4,7;ADD:6,1;REMOVE:4,2",server 0: - | server 1: 6 | server 2: - | server 3: - | server 4: - | server 5: - | server 6: - | server 7: 4 | server 8: - | server 9: 3
56,56,after_slot_decision,"ADD:1,1;ADD:3,4;ADD:6,2;REMOVE:3,9;REMOVE:6,1",server 0: - | server 1: 1 | server 2: 6 | server 3: - | server 4: 3 | server 5: - | server 6: - | server 7: 4 | server 8: - | server 9: -
57,57,after_slot_decision,"ADD:2,1;ADD:5,9;ADD:6,4;REMOVE:1,1;REMOVE:3,4;REMOVE:6,2",server 0: - | server 1: 2 | server 2: - | server 3: - | server 4: 6 | server 5: - | server 6: - | server 7: 4 | server 8: - | server 9: 5
58,58,after_slot_decision,"ADD:2,7;ADD:4,2;ADD:5,1;ADD:6,0;REMOVE:2,1;REMOVE:4,7;REMOVE:5,9;REMOVE:6,4",server 0: 6 | server 1: 5 | server 2: 4 | server 3: - | server 4: - | server 5: - | server 6: - | server 7: 2 | server 8: - | server 9: -
59,59,after_slot_decision,"ADD:3,2;ADD:4,8;ADD:5,4;REMOVE:2,7;REMOVE:4,2;REMOVE:5,1;REMOVE:6,0",server 0: - | server 1: - | server 2: 3 | server 3: - | server 4: 5 | server 5: - | server 6: - | server 7: - | server 8: 4 | server 9: -
60,60,after_slot_decision,"ADD:3,1;ADD:4,1;ADD:5,5;REMOVE:3,2;REMOVE:4,8;REMOVE:5,4","server 0: - | server 1: 3,4 | server 2: - | server 3: - | server 4: - | server 5: 5 | server 6: - | server 7: - | server 8: - | server 9: -"
61,61,after_slot_decision,"ADD:5,2;REMOVE:4,1;REMOVE:5,5",server 0: - | server 1: 3 | server 2: 5 | server 3: - | server 4: - | server 5: - | server 6: - | server 7: - | server 8: - | server 9: -
62,62,after_slot_decision,"ADD:4,4;REMOVE:3,1;REMOVE:5,2",server 0: - | server 1: - | server 2: - | server 3: - | server 4: 4 | server 5: - | server 6: - | server 7: - | server 8: - | server 9: -
63,63,after_slot_decision,"ADD:2,4;ADD:3,1;ADD:3,2;ADD:5,2;REMOVE:4,4","server 0: - | server 1: 3 | server 2: 3,5 | server 3: - | server 4: 2 | server 5: - | server 6: - | server 7: - | server 8: - | server 9: -"
64,64,after_slot_decision,"ADD:4,4;ADD:6,9;REMOVE:3,1;REMOVE:3,2","server 0: - | server 1: - | server 2: 5 | server 3: - | server 4: 2,4 | server 5: - | server 6: - | server 7: - | server 8: - | server 9: 6"
65,65,after_slot_decision,"ADD:0,1;ADD:0,7;ADD:2,2;ADD:2,5;ADD:2,9;ADD:4,1;REMOVE:2,4;REMOVE:5,2;REMOVE:6,9","server 0: - | server 1: 0,4 | server 2: 2 | server 3: - | server 4: 4 | server 5: 2 | server 6: - | server 7: 0 | server 8: - | server 9: 2"
66,66,after_slot_decision,"ADD:0,2;ADD:1,2;REMOVE:0,1;REMOVE:0,7;REMOVE:2,5;REMOVE:2,9","server 0: - | server 1: 4 | server 2: 0,1,2 | server 3: - | server 4: 4 | server 5: - | server 6: - | server 7: - | server 8: - | server 9: -"
67,67,after_slot_decision,"ADD:0,7;ADD:1,7;ADD:1,8;ADD:2,4;REMOVE:0,2;REMOVE:1,2;REMOVE:2,2;REMOVE:4,1;REMOVE:4,4","server 0: - | server 1: - | server 2: - | server 3: - | server 4: 2 | server 5: - | server 6: - | server 7: 0,1 | server 8: 1 | server 9: -"
68,68,after_slot_decision,"ADD:1,6;ADD:2,7;ADD:4,9;REMOVE:0,7;REMOVE:1,7;REMOVE:1,8;REMOVE:2,4",server 0: - | server 1: - | server 2: - | server 3: - | server 4: - | server 5: - | server 6: 1 | server 7: 2 | server 8: - | server 9: 4
69,69,after_slot_decision,"ADD:1,0;ADD:1,3;ADD:1,4;REMOVE:1,6;REMOVE:4,9",server 0: 1 | server 1: - | server 2: - | server 3: 1 | server 4: 1 | server 5: - | server 6: - | server 7: 2 | server 8: - | server 9: -
70,70,after_slot_decision,"ADD:1,2;ADD:2,3;ADD:3,7;ADD:4,1;ADD:5,2;REMOVE:1,0;REMOVE:1,3;REMOVE:1,4;REMOVE:2,7","server 0: - | server 1: 4 | server 2: 1,5 | server 3: 2 | server 4: - | server 5: - | server 6: - | server 7: 3 | server 8: - | server 9: -"
71,71,after_slot_decision,"ADD:2,0;ADD:3,4;REMOVE:1,2;REMOVE:2,3;REMOVE:3,7;REMOVE:4,1;REMOVE:5,2",server 0: 2 | server 1: - | server 2: - | server 3: - | server 4: 3 | server 5: - | server 6: - | server 7: - | server 8: - | server 9: -
72,72,after_slot_decision,"ADD:2,7;ADD:3,7;ADD:4,7;ADD:6,4;REMOVE:2,0;REMOVE:3,4","server 0: - | server 1: - | server 2: - | server 3: - | server 4: 6 | server 5: - | server 6: - | server 7: 2,3,4 | server 8: - | server 9: -"
73,73,after_slot_decision,"ADD:4,2;REMOVE:2,7;REMOVE:3,7;REMOVE:4,7;REMOVE:6,4",server 0: - | server 1: - | server 2: 4 | server 3: - | server 4: - | server 5: - | server 6: - | server 7: - | server 8: - | server 9: -
74,74,after_slot_decision,"ADD:5,9;REMOVE:4,2",server 0: - | server 1: - | server 2: - | server 3: - | server 4: - | server 5: - | server 6: - | server 7: - | server 8: - | server 9: 5
75,75,after_slot_decision,"ADD:4,4;ADD:5,7;REMOVE:5,9",server 0: - | server 1: - | server 2: - | server 3: - | server 4: 4 | server 5: - | server 6: - | server 7: 5 | server 8: - | server 9: -
76,76,after_slot_decision,"REMOVE:5,7",server 0: - | server 1: - | server 2: - | server 3: - | server 4: 4 | server 5: - | server 6: - | server 7: - | server 8: - | server 9: -
77,77,after_slot_decision,"ADD:3,1;ADD:4,8;ADD:4,9;ADD:6,4;REMOVE:4,4",server 0: - | server 1: 3 | server 2: - | server 3: - | server 4: 6 | server 5: - | server 6: - | server 7: - | server 8: 4 | server 9: 4
78,78,after_slot_decision,"ADD:1,4;ADD:4,3;ADD:6,3;REMOVE:3,1;REMOVE:4,8;REMOVE:4,9;REMOVE:6,4","server 0: - | server 1: - | server 2: - | server 3: 4,6 | server 4: 1 | server 5: - | server 6: - | server 7: - | server 8: - | server 9: -"
79,79,after_slot_decision,"ADD:1,7;ADD:2,8;ADD:3,9;ADD:4,1;ADD:6,1;REMOVE:1,4;REMOVE:4,3;REMOVE:6,3","server 0: - | server 1: 4,6 | server 2: - | server 3: - | server 4: - | server 5: - | server 6: - | server 7: 1 | server 8: 2 | server 9: 3"
80,80,after_slot_decision,"ADD:1,9;ADD:3,4;ADD:4,8;REMOVE:1,7;REMOVE:3,9;REMOVE:4,1;REMOVE:6,1","server 0: - | server 1: - | server 2: - | server 3: - | server 4: 3 | server 5: - | server 6: - | server 7: - | server 8: 2,4 | server 9: 1"
81,81,after_slot_decision,"ADD:1,7;ADD:1,8;ADD:2,2;ADD:4,3;ADD:5,3;REMOVE:1,9;REMOVE:2,8;REMOVE:3,4;REMOVE:4,8","server 0: - | server 1: - | server 2: 2 | server 3: 4,5 | server 4: - | server 5: - | server 6: - | server 7: 1 | server 8: 1 | server 9: -"
82,82,after_slot_decision,"ADD:2,1;ADD:2,8;REMOVE:1,8;REMOVE:2,2;REMOVE:4,3",server 0: - | server 1: 2 | server 2: - | server 3: 5 | server 4: - | server 5: - | server 6: - | server 7: 1 | server 8: 2 | server 9: -
83,83,after_slot_decision,"ADD:1,2;ADD:4,1;ADD:6,7;REMOVE:1,7;REMOVE:2,1;REMOVE:2,8;REMOVE:5,3",server 0: - | server 1: 4 | server 2: 1 | server 3: - | server 4: - | server 5: - | server 6: - | server 7: 6 | server 8: - | server 9: -
84,84,after_slot_decision,"ADD:4,4;REMOVE:1,2;REMOVE:4,1;REMOVE:6,7",server 0: - | server 1: - | server 2: - | server 3: - | server 4: 4 | server 5: - | server 6: - | server 7: - | server 8: - | server 9: -
85,85,after_slot_decision,"ADD:2,7;ADD:4,6;ADD:6,5;REMOVE:4,4",server 0: - | server 1: - | server 2: - | server 3: - | server 4: - | server 5: 6 | server 6: 4 | server 7: 2 | server 8: - | server 9: -
86,86,after_slot_decision,"ADD:2,3;ADD:4,0;ADD:5,4;REMOVE:2,7;REMOVE:4,6;REMOVE:6,5",server 0: 4 | server 1: - | server 2: - | server 3: 2 | server 4: 5 | server 5: - | server 6: - | server 7: - | server 8: - | server 9: -
87,87,after_slot_decision,"ADD:2,4;ADD:3,3;ADD:5,8;REMOVE:2,3;REMOVE:4,0;REMOVE:5,4",server 0: - | server 1: - | server 2: - | server 3: 3 | server 4: 2 | server 5: - | server 6: - | server 7: - | server 8: 5 | server 9: -
88,88,after_slot_decision,"ADD:3,9;ADD:4,8;ADD:6,3;REMOVE:2,4;REMOVE:3,3;REMOVE:5,8",server 0: - | server 1: - | server 2: - | server 3: 6 | server 4: - | server 5: - | server 6: - | server 7: - | server 8: 4 | server 9: 3
89,89,after_slot_decision,"ADD:1,8;ADD:6,2;REMOVE:3,9;REMOVE:6,3","server 0: - | server 1: - | server 2: 6 | server 3: - | server 4: - | server 5: - | server 6: - | server 7: - | server 8: 1,4 | server 9: -"
90,90,after_slot_decision,"ADD:1,5;ADD:2,7;ADD:3,7;REMOVE:1,8;REMOVE:4,8;REMOVE:6,2","server 0: - | server 1: - | server 2: - | server 3: - | server 4: - | server 5: 1 | server 6: - | server 7: 2,3 | server 8: - | server 9: -"
91,91,after_slot_decision,"ADD:1,2;ADD:3,8;ADD:4,4;ADD:5,6;REMOVE:1,5;REMOVE:2,7;REMOVE:3,7",server 0: - | server 1: - | server 2: 1 | server 3: - | server 4: 4 | server 5: - | server 6: 5 | server 7: - | server 8: 3 | server 9: -
92,92,after_slot_decision,"ADD:1,8;ADD:2,9;ADD:4,0;ADD:5,7;ADD:6,6;REMOVE:1,2;REMOVE:3,8;REMOVE:4,4;REMOVE:5,6",server 0: 4 | server 1: - | server 2: - | server 3: - | server 4: - | server 5: - | server 6: 6 | server 7: 5 | server 8: 1 | server 9: 2
93,93,after_slot_decision,"ADD:1,5;ADD:2,7;ADD:3,5;ADD:6,1;REMOVE:1,8;REMOVE:2,9;REMOVE:4,0;REMOVE:5,7;REMOVE:6,6","server 0: - | server 1: 6 | server 2: - | server 3: - | server 4: - | server 5: 1,3 | server 6: - | server 7: 2 | server 8: - | server 9: -"
94,94,after_slot_decision,"ADD:1,7;ADD:2,2;ADD:4,2;ADD:5,8;REMOVE:1,5;REMOVE:2,7;REMOVE:3,5;REMOVE:6,1","server 0: - | server 1: - | server 2: 2,4 | server 3: - | server 4: - | server 5: - | server 6: - | server 7: 1 | server 8: 5 | server 9: -"
95,95,after_slot_decision,"ADD:4,4;REMOVE:4,2;REMOVE:5,8",server 0: - | server 1: - | server 2: 2 | server 3: - | server 4: 4 | server 5: - | server 6: - | server 7: 1 | server 8: - | server 9: -
96,96,after_slot_decision,"ADD:1,8;ADD:2,3;ADD:5,7;ADD:7,9;REMOVE:1,7;REMOVE:2,2",server 0: - | server 1: - | server 2: - | server 3: 2 | server 4: 4 | server 5: - | server 6: - | server 7: 5 | server 8: 1 | server 9: 7
97,97,after_slot_decision,"ADD:1,9;ADD:2,9;ADD:4,2;ADD:6,2;REMOVE:1,8;REMOVE:2,3;REMOVE:4,4;REMOVE:5,7;REMOVE:7,9","server 0: - | server 1: - | server 2: 4,6 | server 3: - | server 4: - | server 5: - | server 6: - | server 7: - | server 8: - | server 9: 1,2"
98,98,after_slot_decision,"REMOVE:1,9;REMOVE:4,2",server 0: - | server 1: - | server 2: 6 | server 3: - | server 4: - | server 5: - | server 6: - | server 7: - | server 8: - | server 9: 2
99,99,after_slot_decision,"ADD:2,4;ADD:3,5;ADD:4,9;ADD:5,7;ADD:6,8;REMOVE:2,9;REMOVE:6,2",server 0: - | server 1: - | server 2: - | server 3: - | server 4: 2 | server 5: 3 | server 6: - | server 7: 5 | server 8: 6 | server 9: 4
100,100,after_slot_decision,"ADD:2,8;ADD:4,2;REMOVE:2,4;REMOVE:3,5;REMOVE:4,9;REMOVE:5,7;REMOVE:6,8",server 0: - | server 1: - | server 2: 4 | server 3: - | server 4: - | server 5: - | server 6: - | server 7: - | server 8: 2 | server 9: -
101,101,after_slot_decision,"ADD:4,1;ADD:5,7;ADD:6,2;REMOVE:2,8;REMOVE:4,2",server 0: - | server 1: 4 | server 2: 6 | server 3: - | server 4: - | server 5: - | server 6: - | server 7: 5 | server 8: - | server 9: -
102,102,after_slot_decision,"ADD:2,8;ADD:4,0;ADD:5,2;REMOVE:4,1;REMOVE:5,7;REMOVE:6,2",server 0: 4 | server 1: - | server 2: 5 | server 3: - | server 4: - | server 5: - | server 6: - | server 7: - | server 8: 2 | server 9: -
103,103,after_slot_decision,"ADD:2,0;ADD:2,3;REMOVE:2,8;REMOVE:4,0;REMOVE:5,2",server 0: 2 | server 1: - | server 2: - | server 3: 2 | server 4: - | server 5: - | server 6: - | server 7: - | server 8: - | server 9: -
104,104,after_slot_decision,"ADD:2,5;REMOVE:2,0;REMOVE:2,3",server 0: - | server 1: - | server 2: - | server 3: - | server 4: - | server 5: 2 | server 6: - | server 7: - | server 8: - | server 9: -
105,105,after_slot_decision,"ADD:1,8;ADD:2,2;ADD:2,7;ADD:4,9;ADD:5,2;REMOVE:2,5","server 0: - | server 1: - | server 2: 2,5 | server 3: - | server 4: - | server 5: - | server 6: - | server 7: 2 | server 8: 1 | server 9: 4"
106,106,after_slot_decision,"ADD:1,6;ADD:2,8;ADD:6,3;REMOVE:1,8;REMOVE:2,2;REMOVE:2,7",server 0: - | server 1: - | server 2: 5 | server 3: 6 | server 4: - | server 5: - | server 6: 1 | server 7: - | server 8: 2 | server 9: 4
107,107,after_slot_decision,"ADD:1,7;ADD:2,5;ADD:4,5;REMOVE:1,6;REMOVE:2,8;REMOVE:5,2;REMOVE:6,3","server 0: - | server 1: - | server 2: - | server 3: - | server 4: - | server 5: 2,4 | server 6: - | server 7: 1 | server 8: - | server 9: 4"
108,108,after_slot_decision,"ADD:1,8;ADD:2,8;ADD:5,4;REMOVE:1,7;REMOVE:2,5;REMOVE:4,5","server 0: - | server 1: - | server 2: - | server 3: - | server 4: 5 | server 5: - | server 6: - | server 7: - | server 8: 1,2 | server 9: 4"
109,109,after_slot_decision,"ADD:1,7;ADD:2,2;ADD:4,4;ADD:5,3;REMOVE:1,8;REMOVE:2,8;REMOVE:4,9;REMOVE:5,4",server 0: - | server 1: - | server 2: 2 | server 3: 5 | server 4: 4 | server 5: - | server 6: - | server 7: 1 | server 8: - | server 9: -
110,110,after_slot_decision,"ADD:1,1;ADD:4,2;ADD:5,8;REMOVE:1,7;REMOVE:2,2;REMOVE:4,4;REMOVE:5,3",server 0: - | server 1: 1 | server 2: 4 | server 3: - | server 4: - | server 5: - | server 6: - | server 7: - | server 8: 5 | server 9: -
111,111,after_slot_decision,"ADD:1,7;ADD:2,9;ADD:4,7;ADD:5,1;REMOVE:1,1;REMOVE:4,2;REMOVE:5,8","server 0: - | server 1: 5 | server 2: - | server 3: - | server 4: - | server 5: - | server 6: - | server 7: 1,4 | server 8: - | server 9: 2"
112,112,after_slot_decision,"ADD:1,8;ADD:2,8;ADD:4,4;ADD:5,5;ADD:6,2;REMOVE:1,7;REMOVE:2,9;REMOVE:4,7;REMOVE:5,1","server 0: - | server 1: - | server 2: 6 | server 3: - | server 4: 4 | server 5: 5 | server 6: - | server 7: - | server 8: 1,2 | server 9: -"
113,113,after_slot_decision,"ADD:1,2;ADD:2,3;ADD:3,4;ADD:5,6;REMOVE:1,8;REMOVE:2,8;REMOVE:4,4;REMOVE:5,5;REMOVE:6,2",server 0: - | server 1: - | server 2: 1 | server 3: 2 | server 4: 3 | server 5: - | server 6: 5 | server 7: - | server 8: - | server 9: -
114,114,after_slot_decision,"ADD:1,8;ADD:2,9;ADD:5,4;REMOVE:2,3;REMOVE:3,4;REMOVE:5,6",server 0: - | server 1: - | server 2: 1 | server 3: - | server 4: 5 | server 5: - | server 6: - | server 7: - | server 8: 1 | server 9: 2
115,115,after_slot_decision,"ADD:1,7;ADD:2,6;ADD:4,5;ADD:4,9;ADD:5,8;REMOVE:1,2;REMOVE:2,9;REMOVE:5,4","server 0: - | server 1: - | server 2: - | server 3: - | server 4: - | server 5: 4 | server 6: 2 | server 7: 1 | server 8: 1,5 | server 9: 4"
116,116,after_slot_decision,"ADD:2,7;ADD:3,5;REMOVE:1,8;REMOVE:2,6;REMOVE:4,5;REMOVE:5,8","server 0: - | server 1: - | server 2: - | server 3: - | server 4: - | server 5: 3 | server 6: - | server 7: 1,2 | server 8: - | server 9: 4"
117,117,after_slot_decision,"ADD:1,2;ADD:2,2;ADD:4,8;ADD:6,7;REMOVE:1,7;REMOVE:2,7;REMOVE:3,5;REMOVE:4,9","server 0: - | server 1: - | server 2: 1,2 | server 3: - | server 4: - | server 5: - | server 6: - | server 7: 6 | server 8: 4 | server 9: -"
118,118,after_slot_decision,"ADD:1,4;ADD:4,5;ADD:4,9;ADD:6,5;REMOVE:1,2;REMOVE:2,2;REMOVE:4,8;REMOVE:6,7","server 0: - | server 1: - | server 2: - | server 3: - | server 4: 1 | server 5: 4,6 | server 6: - | server 7: - | server 8: - | server 9: 4"
119,119,after_slot_decision,"ADD:1,7;ADD:2,8;ADD:5,5;REMOVE:1,4;REMOVE:4,5;REMOVE:6,5",server 0: - | server 1: - | server 2: - | server 3: - | server 4: - | server 5: 5 | server 6: - | server 7: 1 | server 8: 2 | server 9: 4
120,120,after_slot_decision,"ADD:2,7;ADD:4,8;ADD:6,0;REMOVE:4,9;REMOVE:5,5","server 0: 6 | server 1: - | server 2: - | server 3: - | server 4: - | server 5: - | server 6: - | server 7: 1,2 | server 8: 2,4 | server 9: -"
121,121,after_slot_decision,"ADD:1,2;ADD:4,7;REMOVE:1,7;REMOVE:2,8;REMOVE:4,8;REMOVE:6,0","server 0: - | server 1: - | server 2: 1 | server 3: - | server 4: - | server 5: - | server 6: - | server 7: 2,4 | server 8: - | server 9: -"
122,122,after_slot_decision,"ADD:1,8;ADD:2,9;ADD:4,2;ADD:5,4;REMOVE:1,2;REMOVE:2,7;REMOVE:4,7",server 0: - | server 1: - | server 2: 4 | server 3: - | server 4: 5 | server 5: - | server 6: - | server 7: - | server 8: 1 | server 9: 2
123,123,after_slot_decision,"ADD:1,9;ADD:2,7;REMOVE:1,8;REMOVE:2,9;REMOVE:4,2;REMOVE:5,4",server 0: - | server 1: - | server 2: - | server 3: - | server 4: - | server 5: - | server 6: - | server 7: 2 | server 8: - | server 9: 1
124,124,after_slot_decision,"ADD:1,3;ADD:4,2;REMOVE:1,9;REMOVE:2,7",server 0: - | server 1: - | server 2: 4 | server 3: 1 | server 4: - | server 5: - | server 6: - | server 7: - | server 8: - | server 9: -
125,125,after_slot_decision,"ADD:1,8;ADD:2,8;ADD:6,5;REMOVE:1,3;REMOVE:4,2","server 0: - | server 1: - | server 2: - | server 3: - | server 4: - | server 5: 6 | server 6: - | server 7: - | server 8: 1,2 | server 9: -"
126,126,after_slot_decision,"ADD:1,7;ADD:2,2;ADD:3,4;ADD:4,9;REMOVE:1,8;REMOVE:2,8;REMOVE:6,5",server 0: - | server 1: - | server 2: 2 | server 3: - | server 4: 3 | server 5: - | server 6: - | server 7: 1 | server 8: - | server 9: 4
127,127,after_slot_decision,"ADD:1,1;ADD:4,4;REMOVE:1,7;REMOVE:3,4;REMOVE:4,9",server 0: - | server 1: 1 | server 2: 2 | server 3: - | server 4: 4 | server 5: - | server 6: - | server 7: - | server 8: - | server 9: -
128,128,after_slot_decision,"ADD:4,8;REMOVE:1,1;REMOVE:4,4",server 0: - | server 1: - | server 2: 2 | server 3: - | server 4: - | server 5: - | server 6: - | server 7: - | server 8: 4 | server 9: -
129,129,after_slot_decision,"ADD:2,6;ADD:4,2;ADD:5,1;REMOVE:2,2;REMOVE:4,8",server 0: - | server 1: 5 | server 2: 4 | server 3: - | server 4: - | server 5: - | server 6: 2 | server 7: - | server 8: - | server 9: -
130,130,after_slot_decision,"ADD:2,8;ADD:4,1;ADD:5,0;REMOVE:2,6;REMOVE:4,2;REMOVE:5,1",server 0: 5 | server 1: 4 | server 2: - | server 3: - | server 4: - | server 5: - | server 6: - | server 7: - | server 8: 2 | server 9: -
131,131,after_slot_decision,"ADD:1,3;ADD:2,6;REMOVE:2,8;REMOVE:4,1;REMOVE:5,0",server 0: - | server 1: - | server 2: - | server 3: 1 | server 4: - | server 5: - | server 6: 2 | server 7: - | server 8: - | server 9: -
132,132,after_slot_decision,"ADD:1,8;ADD:5,7;REMOVE:1,3;REMOVE:2,6",server 0: - | server 1: - | server 2: - | server 3: - | server 4: - | server 5: - | server 6: - | server 7: 5 | server 8: 1 | server 9: -
133,133,after_slot_decision,"ADD:1,3;ADD:6,5;REMOVE:1,8",server 0: - | server 1: - | server 2: - | server 3: 1 | server 4: - | server 5: 6 | server 6: - | server 7: 5 | server 8: - | server 9: -
134,134,after_slot_decision,"ADD:1,7;ADD:2,2;ADD:6,3;REMOVE:1,3;REMOVE:5,7;REMOVE:6,5",server 0: - | server 1: - | server 2: 2 | server 3: 6 | server 4: - | server 5: - | server 6: - | server 7: 1 | server 8: - | server 9: -
135,135,after_slot_decision,"ADD:0,2;ADD:1,4;ADD:2,1;ADD:3,4;ADD:4,4;ADD:5,0;ADD:6,7;REMOVE:1,7;REMOVE:2,2;REMOVE:6,3","server 0: 5 | server 1: 2 | server 2: 0 | server 3: - | server 4: 1,3,4 | server 5: - | server 6: - | server 7: 6 | server 8: - | server 9: -"
136,136,after_slot_decision,"ADD:1,7;ADD:2,4;ADD:4,7;ADD:5,7;REMOVE:0,2;REMOVE:1,4;REMOVE:2,1;REMOVE:3,4;REMOVE:4,4;REMOVE:5,0;REMOVE:6,7","server 0: - | server 1: - | server 2: - | server 3: - | server 4: 2 | server 5: - | server 6: - | server 7: 1,4,5 | server 8: - | server 9: -"
137,137,after_slot_decision,"ADD:1,8;ADD:2,2;ADD:4,1;ADD:5,9;REMOVE:1,7;REMOVE:2,4;REMOVE:4,7;REMOVE:5,7",server 0: - | server 1: 4 | server 2: 2 | server 3: - | server 4: - | server 5: - | server 6: - | server 7: - | server 8: 1 | server 9: 5
138,138,after_slot_decision,"ADD:1,9;ADD:3,7;ADD:4,0;ADD:5,4;REMOVE:1,8;REMOVE:2,2;REMOVE:4,1;REMOVE:5,9",server 0: 4 | server 1: - | server 2: - | server 3: - | server 4: 5 | server 5: - | server 6: - | server 7: 3 | server 8: - | server 9: 1
139,139,after_slot_decision,"ADD:1,2;ADD:4,5;ADD:6,1;REMOVE:1,9;REMOVE:3,7;REMOVE:4,0;REMOVE:5,4",server 0: - | server 1: 6 | server 2: 1 | server 3: - | server 4: - | server 5: 4 | server 6: - | server 7: - | server 8: - | server 9: -
140,140,after_slot_decision,"ADD:2,7;ADD:7,8;REMOVE:1,2;REMOVE:4,5;REMOVE:6,1",server 0: - | server 1: - | server 2: - | server 3: - | server 4: - | server 5: - | server 6: - | server 7: 2 | server 8: 7 | server 9: -
141,141,after_slot_decision,"ADD:1,2;ADD:2,4;REMOVE:2,7;REMOVE:7,8",server 0: - | server 1: - | server 2: 1 | server 3: - | server 4: 2 | server 5: - | server 6: - | server 7: - | server 8: - | server 9: -
142,142,after_slot_decision,"ADD:1,9;ADD:2,3;ADD:3,7;ADD:5,0;REMOVE:1,2;REMOVE:2,4",server 0: 5 | server 1: - | server 2: - | server 3: 2 | server 4: - | server 5: - | server 6: - | server 7: 3 | server 8: - | server 9: 1
143,143,after_slot_decision,"ADD:1,8;ADD:4,8;REMOVE:1,9;REMOVE:2,3;REMOVE:3,7;REMOVE:5,0","server 0: - | server 1: - | server 2: - | server 3: - | server 4: - | server 5: - | server 6: - | server 7: - | server 8: 1,4 | server 9: -"
144,144,after_slot_decision,"ADD:1,3;ADD:2,5;ADD:6,3;REMOVE:1,8;REMOVE:4,8","server 0: - | server 1: - | server 2: - | server 3: 1,6 | server 4: - | server 5: 2 | server 6: - | server 7: - | server 8: - | server 9: -"
145,145,after_slot_decision,"ADD:2,7;ADD:4,4;REMOVE:1,3;REMOVE:2,5;REMOVE:6,3",server 0: - | server 1: - | server 2: - | server 3: - | server 4: 4 | server 5: - | server 6: - | server 7: 2 | server 8: - | server 9: -
146,146,after_slot_decision,"ADD:4,1;REMOVE:2,7;REMOVE:4,4",server 0: - | server 1: 4 | server 2: - | server 3: - | server 4: - | server 5: - | server 6: - | server 7: - | server 8: - | server 9: -
147,147,after_slot_decision,"ADD:1,4;ADD:2,5;ADD:2,9;ADD:4,4;ADD:5,2;REMOVE:4,1","server 0: - | server 1: - | server 2: 5 | server 3: - | server 4: 1,4 | server 5: 2 | server 6: - | server 7: - | server 8: - | server 9: 2"
148,148,after_slot_decision,"ADD:1,2;ADD:5,1;ADD:6,0;REMOVE:2,5;REMOVE:2,9;REMOVE:4,4;REMOVE:5,2",server 0: 6 | server 1: 5 | server 2: 1 | server 3: - | server 4: 1 | server 5: - | server 6: - | server 7: - | server 8: - | server 9: -
149,149,after_slot_decision,"ADD:2,7;ADD:4,7;ADD:5,2;REMOVE:1,2;REMOVE:1,4;REMOVE:5,1;REMOVE:6,0","server 0: - | server 1: - | server 2: 5 | server 3: - | server 4: - | server 5: - | server 6: - | server 7: 2,4 | server 8: - | server 9: -"
150,150,after_slot_decision,"ADD:1,6;ADD:2,4;ADD:4,1;REMOVE:2,7;REMOVE:4,7;REMOVE:5,2",server 0: - | server 1: 4 | server 2: - | server 3: - | server 4: 2 | server 5: - | server 6: 1 | server 7: - | server 8: - | server 9: -
151,151,after_slot_decision,"ADD:1,8;ADD:2,5;ADD:4,9;ADD:5,2;ADD:6,4;REMOVE:1,6;REMOVE:2,4;REMOVE:4,1",server 0: - | server 1: - | server 2: 5 | server 3: - | server 4: 6 | server 5: 2 | server 6: - | server 7: - | server 8: 1 | server 9: 4
152,152,after_slot_decision,"ADD:1,9;ADD:2,1;ADD:3,5;ADD:4,2;ADD:5,8;REMOVE:1,8;REMOVE:2,5;REMOVE:4,9;REMOVE:5,2",server 0: - | server 1: 2 | server 2: 4 | server 3: - | server 4: 6 | server 5: 3 | server 6: - | server 7: - | server 8: 5 | server 9: 1
153,153,after_slot_decision,"ADD:1,7;ADD:4,7;REMOVE:1,9;REMOVE:2,1;REMOVE:3,5;REMOVE:4,2;REMOVE:5,8;REMOVE:6,4","server 0: - | server 1: - | server 2: - | server 3: - | server 4: - | server 5: - | server 6: - | server 7: 1,4 | server 8: - | server 9: -"
154,154,after_slot_decision,"ADD:2,8;ADD:3,9;ADD:5,5;ADD:6,2;REMOVE:4,7",server 0: - | server 1: - | server 2: 6 | server 3: - | server 4: - | server 5: 5 | server 6: - | server 7: 1 | server 8: 2 | server 9: 3
155,155,after_slot_decision,"ADD:2,7;ADD:4,2;REMOVE:2,8;REMOVE:3,9;REMOVE:5,5;REMOVE:6,2","server 0: - | server 1: - | server 2: 4 | server 3: - | server 4: - | server 5: - | server 6: - | server 7: 1,2 | server 8: - | server 9: -"
156,156,after_slot_decision,"ADD:1,8;ADD:4,6;REMOVE:1,7;REMOVE:2,7;REMOVE:4,2",server 0: - | server 1: - | server 2: - | server 3: - | server 4: - | server 5: - | server 6: 4 | server 7: - | server 8: 1 | server 9: -
157,157,after_slot_decision,"ADD:4,1;REMOVE:1,8;REMOVE:4,6",server 0: - | server 1: 4 | server 2: - | server 3: - | server 4: - | server 5: - | server 6: - | server 7: - | server 8: - | server 9: -
158,158,after_slot_decision,"ADD:1,0;ADD:2,0;ADD:4,2;REMOVE:4,1","server 0: 1,2 | server 1: - | server 2: 4 | server 3: - | server 4: - | server 5: - | server 6: - | server 7: - | server 8: - | server 9: -"
159,159,after_slot_decision,"ADD:2,2;ADD:4,7;REMOVE:1,0;REMOVE:2,0;REMOVE:4,2",server 0: - | server 1: - | server 2: 2 | server 3: - | server 4: - | server 5: - | server 6: - | server 7: 4 | server 8: - | server 9: -
160,160,after_slot_decision,"ADD:1,8;ADD:2,7;ADD:4,5;REMOVE:2,2;REMOVE:4,7",server 0: - | server 1: - | server 2: - | server 3: - | server 4: - | server 5: 4 | server 6: - | server 7: 2 | server 8: 1 | server 9: -
161,161,after_slot_decision,"ADD:1,7;ADD:6,1;REMOVE:1,8","server 0: - | server 1: 6 | server 2: - | server 3: - | server 4: - | server 5: 4 | server 6: - | server 7: 1,2 | server 8: - | server 9: -"
162,162,after_slot_decision,"ADD:1,9;ADD:2,9;ADD:4,7;REMOVE:1,7;REMOVE:2,7;REMOVE:4,5;REMOVE:6,1","server 0: - | server 1: - | server 2: - | server 3: - | server 4: - | server 5: - | server 6: - | server 7: 4 | server 8: - | server 9: 1,2"
163,163,after_slot_decision,"ADD:5,3;REMOVE:2,9;REMOVE:4,7",server 0: - | server 1: - | server 2: - | server 3: 5 | server 4: - | server 5: - | server 6: - | server 7: - | server 8: - | server 9: 1
164,164,after_slot_decision,"ADD:2,4;ADD:4,0;ADD:5,2;REMOVE:5,3",server 0: 4 | server 1: - | server 2: 5 | server 3: - | server 4: 2 | server 5: - | server 6: - | server 7: - | server 8: - | server 9: 1
165,165,after_slot_decision,"ADD:2,7;ADD:3,7;ADD:5,9;ADD:6,6;REMOVE:2,4;REMOVE:4,0;REMOVE:5,2","server 0: - | server 1: - | server 2: - | server 3: - | server 4: - | server 5: - | server 6: 6 | server 7: 2,3 | server 8: - | server 9: 1,5"
166,166,after_slot_decision,"ADD:2,2;ADD:4,7;ADD:5,8;REMOVE:1,9;REMOVE:2,7;REMOVE:3,7;REMOVE:5,9;REMOVE:6,6",server 0: - | server 1: - | server 2: 2 | server 3: - | server 4: - | server 5: - | server 6: - | server 7: 4 | server 8: 5 | server 9: -
167,167,after_slot_decision,"ADD:0,8;ADD:1,9;REMOVE:4,7;REMOVE:5,8",server 0: - | server 1: - | server 2: 2 | server 3: - | server 4: - | server 5: - | server 6: - | server 7: - | server 8: 0 | server 9: 1
168,168,after_slot_decision,"ADD:1,4;ADD:4,7;ADD:5,6;ADD:6,9;REMOVE:0,8;REMOVE:1,9",server 0: - | server 1: - | server 2: 2 | server 3: - | server 4: 1 | server 5: - | server 6: 5 | server 7: 4 | server 8: - | server 9: 6
169,169,after_slot_decision,"ADD:1,7;ADD:2,4;ADD:3,5;ADD:4,4;ADD:5,7;ADD:6,2;REMOVE:1,4;REMOVE:2,2;REMOVE:4,7;REMOVE:5,6;REMOVE:6,9","server 0: - | server 1: - | server 2: 6 | server 3: - | server 4: 2,4 | server 5: 3 | server 6: - | server 7: 1,5 | server 8: - | server 9: -"
170,170,after_slot_decision,"ADD:1,4;ADD:2,7;ADD:4,5;ADD:6,3;REMOVE:1,7;REMOVE:2,4;REMOVE:4,4;REMOVE:5,7;REMOVE:6,2","server 0: - | server 1: - | server 2: - | server 3: 6 | server 4: 1 | server 5: 3,4 | server 6: - | server 7: 2 | server 8: - | server 9: -"
171,171,after_slot_decision,"ADD:1,8;ADD:4,4;ADD:5,4;ADD:7,8;REMOVE:1,4;REMOVE:3,5;REMOVE:4,5;REMOVE:6,3","server 0: - | server 1: - | server 2: - | server 3: - | server 4: 4,5 | server 5: - | server 6: - | server 7: 2 | server 8: 1,7 | server 9: -"
172,172,after_slot_decision,"ADD:0,4;ADD:2,6;ADD:4,9;ADD:6,9;REMOVE:2,7;REMOVE:4,4;REMOVE:5,4;REMOVE:7,8","server 0: - | server 1: - | server 2: - | server 3: - | server 4: 0 | server 5: - | server 6: 2 | server 7: - | server 8: 1 | server 9: 4,6"
173,173,after_slot_decision,"ADD:3,8;ADD:4,6;ADD:5,9;REMOVE:0,4;REMOVE:1,8;REMOVE:2,6;REMOVE:4,9;REMOVE:6,9",server 0: - | server 1: - | server 2: - | server 3: - | server 4: - | server 5: - | server 6: 4 | server 7: - | server 8: 3 | server 9: 5
174,174,after_slot_decision,"ADD:1,9;ADD:4,9;ADD:6,9;REMOVE:3,8;REMOVE:4,6","server 0: - | server 1: - | server 2: - | server 3: - | server 4: - | server 5: - | server 6: - | server 7: - | server 8: - | server 9: 1,4,5,6"
175,175,after_slot_decision,"ADD:0,1;ADD:1,7;ADD:2,9;ADD:4,8;ADD:5,7;ADD:6,3;REMOVE:1,9;REMOVE:4,9;REMOVE:5,9;REMOVE:6,9","server 0: - | server 1: 0 | server 2: - | server 3: 6 | server 4: - | server 5: - | server 6: - | server 7: 1,5 | server 8: 4 | server 9: 2"
176,176,after_slot_decision,"ADD:1,9;ADD:6,0;REMOVE:0,1;REMOVE:1,7;REMOVE:5,7;REMOVE:6,3","server 0: 6 | server 1: - | server 2: - | server 3: - | server 4: - | server 5: - | server 6: - | server 7: - | server 8: 4 | server 9: 1,2"
177,177,after_slot_decision,"ADD:1,2;REMOVE:1,9;REMOVE:2,9;REMOVE:6,0",server 0: - | server 1: - | server 2: 1 | server 3: - | server 4: - | server 5: - | server 6: - | server 7: - | server 8: 4 | server 9: -
178,178,after_slot_decision,"ADD:4,5;ADD:5,7;REMOVE:4,8",server 0: - | server 1: - | server 2: 1 | server 3: - | server 4: - | server 5: 4 | server 6: - | server 7: 5 | server 8: - | server 9: -
179,179,after_slot_decision,"ADD:1,8;ADD:4,2;ADD:5,6;REMOVE:1,2;REMOVE:4,5;REMOVE:5,7",server 0: - | server 1: - | server 2: 4 | server 3: - | server 4: - | server 5: - | server 6: 5 | server 7: - | server 8: 1 | server 9: -
180,180,after_slot_decision,"ADD:4,1;REMOVE:1,8;REMOVE:4,2;REMOVE:5,6",server 0: - | server 1: 4 | server 2: - | server 3: - | server 4: - | server 5: - | server 6: - | server 7: - | server 8: - | server 9: -
181,181,after_slot_decision,"ADD:1,7;ADD:2,3;ADD:5,2;REMOVE:4,1",server 0: - | server 1: - | server 2: 5 | server 3: 2 | server 4: - | server 5: - | server 6: - | server 7: 1 | server 8: - | server 9: -
182,182,after_slot_decision,"ADD:2,9;ADD:4,5;ADD:5,8;ADD:5,9;ADD:6,1;REMOVE:1,7;REMOVE:2,3;REMOVE:5,2","server 0: - | server 1: 6 | server 2: - | server 3: - | server 4: - | server 5: 4 | server 6: - | server 7: - | server 8: 5 | server 9: 2,5"
183,183,after_slot_decision,"ADD:2,4;ADD:3,2;ADD:4,7;ADD:6,4;REMOVE:2,9;REMOVE:4,5;REMOVE:5,9;REMOVE:6,1","server 0: - | server 1: - | server 2: 3 | server 3: - | server 4: 2,6 | server 5: - | server 6: - | server 7: 4 | server 8: 5 | server 9: -"
184,184,after_slot_decision,"ADD:0,3;ADD:2,2;ADD:4,1;ADD:5,4;REMOVE:2,4;REMOVE:3,2;REMOVE:4,7;REMOVE:5,8;REMOVE:6,4",server 0: - | server 1: 4 | server 2: 2 | server 3: 0 | server 4: 5 | server 5: - | server 6: - | server 7: - | server 8: - | server 9: -
185,185,after_slot_decision,"ADD:1,7;ADD:5,7;ADD:6,9;ADD:7,4;REMOVE:0,3;REMOVE:2,2;REMOVE:4,1;REMOVE:5,4","server 0: - | server 1: - | server 2: - | server 3: - | server 4: 7 | server 5: - | server 6: - | server 7: 1,5 | server 8: - | server 9: 6"
186,186,after_slot_decision,"ADD:0,9;ADD:4,1;ADD:5,0;ADD:6,6;REMOVE:1,7;REMOVE:5,7;REMOVE:6,9;REMOVE:7,4",server 0: 5 | server 1: 4 | server 2: - | server 3: - | server 4: - | server 5: - | server 6: 6 | server 7: - | server 8: - | server 9: 0
187,187,after_slot_decision,"ADD:4,0;REMOVE:0,9;REMOVE:4,1;REMOVE:5,0;REMOVE:6,6",server 0: 4 | server 1: - | server 2: - | server 3: - | server 4: - | server 5: - | server 6: - | server 7: - | server 8: - | server 9: -
188,188,after_slot_decision,"ADD:4,7;REMOVE:4,0",server 0: - | server 1: - | server 2: - | server 3: - | server 4: - | server 5: - | server 6: - | server 7: 4 | server 8: - | server 9: -
189,189,after_slot_decision,"ADD:0,4;ADD:4,1;REMOVE:4,7",server 0: - | server 1: 4 | server 2: - | server 3: - | server 4: 0 | server 5: - | server 6: - | server 7: - | server 8: - | server 9: -
190,190,after_slot_decision,"ADD:0,3;ADD:1,5;ADD:3,2;ADD:4,2;ADD:5,9;ADD:6,7;REMOVE:0,4;REMOVE:4,1","server 0: - | server 1: - | server 2: 3,4 | server 3: 0 | server 4: - | server 5: 1 | server 6: - | server 7: 6 | server 8: - | server 9: 5"
191,191,after_slot_decision,"ADD:1,9;ADD:2,1;ADD:4,9;ADD:5,7;ADD:6,4;REMOVE:0,3;REMOVE:1,5;REMOVE:3,2;REMOVE:4,2;REMOVE:5,9;REMOVE:6,7","server 0: - | server 1: 2 | server 2: - | server 3: - | server 4: 6 | server 5: - | server 6: - | server 7: 5 | server 8: - | server 9: 1,4"
192,192,after_slot_decision,"ADD:1,7;ADD:2,8;ADD:3,7;ADD:4,8;ADD:5,4;REMOVE:1,9;REMOVE:2,1;REMOVE:4,9;REMOVE:5,7;REMOVE:6,4","server 0: - | server 1: - | server 2: - | server 3: - | server 4: 5 | server 5: - | server 6: - | server 7: 1,3 | server 8: 2,4 | server 9: -"
193,193,after_slot_decision,"ADD:1,3;ADD:2,5;ADD:3,2;ADD:5,3;REMOVE:1,7;REMOVE:2,8;REMOVE:3,7;REMOVE:5,4","server 0: - | server 1: - | server 2: 3 | server 3: 1,5 | server 4: - | server 5: 2 | server 6: - | server 7: - | server 8: 4 | server 9: -"
194,194,after_slot_decision,"ADD:1,1;ADD:2,1;ADD:4,6;ADD:5,8;REMOVE:1,3;REMOVE:2,5;REMOVE:3,2;REMOVE:4,8;REMOVE:5,3","server 0: - | server 1: 1,2 | server 2: - | server 3: - | server 4: - | server 5: - | server 6: 4 | server 7: - | server 8: 5 | server 9: -"
195,195,after_slot_decision,"ADD:0,8;ADD:1,0;ADD:2,9;ADD:6,7;REMOVE:1,1;REMOVE:2,1;REMOVE:5,8",server 0: 1 | server 1: - | server 2: - | server 3: - | server 4: - | server 5: - | server 6: 4 | server 7: 6 | server 8: 0 | server 9: 2
196,196,after_slot_decision,"ADD:1,7;ADD:2,0;ADD:4,8;ADD:4,9;ADD:5,8;ADD:6,8;REMOVE:0,8;REMOVE:1,0;REMOVE:2,9;REMOVE:4,6;REMOVE:6,7","server 0: 2 | server 1: - | server 2: - | server 3: - | server 4: - | server 5: - | server 6: - | server 7: 1 | server 8: 4,5,6 | server 9: 4"
197,197,after_slot_decision,"ADD:0,0;ADD:2,7;ADD:4,5;ADD:6,1;REMOVE:1,7;REMOVE:2,0;REMOVE:4,8;REMOVE:4,9;REMOVE:6,8",server 0: 0 | server 1: 6 | server 2: - | server 3: - | server 4: - | server 5: 4 | server 6: - | server 7: 2 | server 8: 5 | server 9: -
198,198,after_slot_decision,"ADD:2,3;ADD:4,3;ADD:5,4;REMOVE:0,0;REMOVE:2,7;REMOVE:4,5;REMOVE:5,8;REMOVE:6,1","server 0: - | server 1: - | server 2: - | server 3: 2,4 | server 4: 5 | server 5: - | server 6: - | server 7: - | server 8: - | server 9: -"
199,199,after_slot_decision,"ADD:1,7;ADD:3,2;REMOVE:2,3;REMOVE:5,4",server 0: - | server 1: - | server 2: 3 | server 3: 4 | server 4: - | server 5: - | server 6: - | server 7: 1 | server 8: - | server 9: -
200,200,after_slot_decision,"ADD:2,2;ADD:3,5;REMOVE:3,2",server 0: - | server 1: - | server 2: 2 | server 3: 4 | server 4: - | server 5: 3 | server 6: - | server 7: 1 | server 8: - | server 9: -
201,201,after_slot_decision,"ADD:1,3;ADD:1,5;ADD:2,8;ADD:4,5;REMOVE:1,7;REMOVE:2,2;REMOVE:3,5;REMOVE:4,3","server 0: - | server 1: - | server 2: - | server 3: 1 | server 4: - | server 5: 1,4 | server 6: - | server 7: - | server 8: 2 | server 9: -"
202,202,after_slot_decision,"ADD:1,4;ADD:2,2;ADD:3,3;ADD:4,9;ADD:6,2;REMOVE:1,3;REMOVE:1,5;REMOVE:2,8","server 0: - | server 1: - | server 2: 2,6 | server 3: 3 | server 4: 1 | server 5: 4 | server 6: - | server 7: - | server 8: - | server 9: 4"
203,203,after_slot_decision,"ADD:2,7;ADD:4,8;ADD:5,8;REMOVE:1,4;REMOVE:2,2;REMOVE:3,3;REMOVE:4,5;REMOVE:4,9;REMOVE:6,2","server 0: - | server 1: - | server 2: - | server 3: - | server 4: - | server 5: - | server 6: - | server 7: 2 | server 8: 4,5 | server 9: -"
204,204,after_slot_decision,"ADD:1,7;ADD:2,8;ADD:5,2;ADD:6,1;REMOVE:2,7;REMOVE:5,8","server 0: - | server 1: 6 | server 2: 5 | server 3: - | server 4: - | server 5: - | server 6: - | server 7: 1 | server 8: 2,4 | server 9: -"
205,205,after_slot_decision,"ADD:2,7;ADD:4,2;REMOVE:2,8;REMOVE:4,8;REMOVE:5,2;REMOVE:6,1","server 0: - | server 1: - | server 2: 4 | server 3: - | server 4: - | server 5: - | server 6: - | server 7: 1,2 | server 8: - | server 9: -"
206,206,after_slot_decision,"ADD:8,2;REMOVE:1,7;REMOVE:2,7","server 0: - | server 1: - | server 2: 4,8 | server 3: - | server 4: - | server 5: - | server 6: - | server 7: - | server 8: - | server 9: -"
207,207,after_slot_decision,"ADD:2,4;ADD:4,7;ADD:5,9;REMOVE:4,2;REMOVE:8,2",server 0: - | server 1: - | server 2: - | server 3: - | server 4: 2 | server 5: - | server 6: - | server 7: 4 | server 8: - | server 9: 5
208,208,after_slot_decision,"ADD:4,2;ADD:6,3;REMOVE:2,4;REMOVE:4,7",server 0: - | server 1: - | server 2: 4 | server 3: 6 | server 4: - | server 5: - | server 6: - | server 7: - | server 8: - | server 9: 5
209,209,after_slot_decision,"ADD:2,8;ADD:4,9;ADD:6,1;REMOVE:4,2;REMOVE:6,3","server 0: - | server 1: 6 | server 2: - | server 3: - | server 4: - | server 5: - | server 6: - | server 7: - | server 8: 2 | server 9: 4,5"
210,210,after_slot_decision,"ADD:4,7;ADD:5,3;ADD:6,2;ADD:7,9;REMOVE:2,8;REMOVE:4,9;REMOVE:5,9;REMOVE:6,1",server 0: - | server 1: - | server 2: 6 | server 3: 5 | server 4: - | server 5: - | server 6: - | server 7: 4 | server 8: - | server 9: 7
211,211,after_slot_decision,"ADD:2,9;ADD:5,1;ADD:6,3;REMOVE:5,3;REMOVE:6,2;REMOVE:7,9",server 0: - | server 1: 5 | server 2: - | server 3: 6 | server 4: - | server 5: - | server 6: - | server 7: 4 | server 8: - | server 9: 2
212,212,after_slot_decision,"ADD:4,9;ADD:7,4;REMOVE:2,9;REMOVE:4,7;REMOVE:5,1;REMOVE:6,3",server 0: - | server 1: - | server 2: - | server 3: - | server 4: 7 | server 5: - | server 6: - | server 7: - | server 8: - | server 9: 4
213,213,after_slot_decision,"ADD:4,1;ADD:5,1;ADD:6,4;REMOVE:4,9;REMOVE:7,4","server 0: - | server 1: 4,5 | server 2: - | server 3: - | server 4: 6 | server 5: - | server 6: - | server 7: - | server 8: - | server 9: -"
214,214,after_slot_decision,"ADD:2,6;ADD:5,5;ADD:6,3;ADD:7,5;REMOVE:4,1;REMOVE:5,1;REMOVE:6,4","server 0: - | server 1: - | server 2: - | server 3: 6 | server 4: - | server 5: 5,7 | server 6: 2 | server 7: - | server 8: - | server 9: -"
215,215,after_slot_decision,"ADD:4,4;ADD:5,7;ADD:6,4;REMOVE:2,6;REMOVE:5,5;REMOVE:6,3;REMOVE:7,5","server 0: - | server 1: - | server 2: - | server 3: - | server 4: 4,6 | server 5: - | server 6: - | server 7: 5 | server 8: - | server 9: -"
216,216,after_slot_decision,"ADD:3,4;ADD:5,2;ADD:6,7;ADD:7,7;REMOVE:5,7;REMOVE:6,4","server 0: - | server 1: - | server 2: 5 | server 3: - | server 4: 3,4 | server 5: - | server 6: - | server 7: 6,7 | server 8: - | server 9: -"
217,217,after_slot_decision,"ADD:1,8;ADD:5,7;ADD:6,8;ADD:6,9;REMOVE:3,4;REMOVE:4,4;REMOVE:5,2;REMOVE:6,7","server 0: - | server 1: - | server 2: - | server 3: - | server 4: - | server 5: - | server 6: - | server 7: 5,7 | server 8: 1,6 | server 9: 6"
218,218,after_slot_decision,"ADD:2,4;ADD:4,7;ADD:5,5;ADD:6,0;REMOVE:1,8;REMOVE:5,7;REMOVE:6,8;REMOVE:6,9","server 0: 6 | server 1: - | server 2: - | server 3: - | server 4: 2 | server 5: 5 | server 6: - | server 7: 4,7 | server 8: - | server 9: -"
219,219,after_slot_decision,"ADD:1,8;ADD:2,2;REMOVE:2,4;REMOVE:5,5;REMOVE:6,0","server 0: - | server 1: - | server 2: 2 | server 3: - | server 4: - | server 5: - | server 6: - | server 7: 4,7 | server 8: 1 | server 9: -"
220,220,after_slot_decision,"ADD:5,9;ADD:6,7;REMOVE:4,7;REMOVE:7,7",server 0: - | server 1: - | server 2: 2 | server 3: - | server 4: - | server 5: - | server 6: - | server 7: 6 | server 8: 1 | server 9: 5
221,221,after_slot_decision,"ADD:1,7;ADD:2,7;ADD:5,7;ADD:7,2;REMOVE:1,8;REMOVE:2,2;REMOVE:5,9;REMOVE:6,7","server 0: - | server 1: - | server 2: 7 | server 3: - | server 4: - | server 5: - | server 6: - | server 7: 1,2,5 | server 8: - | server 9: -"
222,222,after_slot_decision,"ADD:2,2;ADD:4,4;ADD:5,8;ADD:7,7;REMOVE:1,7;REMOVE:2,7;REMOVE:5,7;REMOVE:7,2",server 0: - | server 1: - | server 2: 2 | server 3: - | server 4: 4 | server 5: - | server 6: - | server 7: 7 | server 8: 5 | server 9: -
223,223,after_slot_decision,"ADD:2,7;ADD:2,8;ADD:4,8;ADD:5,7;ADD:6,6;ADD:7,2;REMOVE:2,2;REMOVE:4,4;REMOVE:5,8;REMOVE:7,7","server 0: - | server 1: - | server 2: 7 | server 3: - | server 4: - | server 5: - | server 6: 6 | server 7: 2,5 | server 8: 2,4 | server 9: -"
224,224,after_slot_decision,"ADD:2,6;ADD:4,4;ADD:7,4;REMOVE:2,7;REMOVE:2,8;REMOVE:4,8;REMOVE:6,6;REMOVE:7,2","server 0: - | server 1: - | server 2: - | server 3: - | server 4: 4,7 | server 5: - | server 6: 2 | server 7: 5 | server 8: - | server 9: -"
225,225,after_slot_decision,"ADD:7,9;REMOVE:2,6;REMOVE:4,4;REMOVE:7,4",server 0: - | server 1: - | server 2: - | server 3: - | server 4: - | server 5: - | server 6: - | server 7: 5 | server 8: - | server 9: 7
226,226,after_slot_decision,"ADD:1,6;ADD:6,7;ADD:7,7;REMOVE:5,7;REMOVE:7,9","server 0: - | server 1: - | server 2: - | server 3: - | server 4: - | server 5: - | server 6: 1 | server 7: 6,7 | server 8: - | server 9: -"
227,227,after_slot_decision,"ADD:1,8;ADD:4,3;ADD:5,4;ADD:6,1;REMOVE:1,6;REMOVE:6,7;REMOVE:7,7",server 0: - | server 1: 6 | server 2: - | server 3: 4 | server 4: 5 | server 5: - | server 6: - | server 7: - | server 8: 1 | server 9: -
228,228,after_slot_decision,"ADD:0,2;ADD:1,9;ADD:4,9;ADD:7,9;REMOVE:1,8;REMOVE:4,3;REMOVE:6,1","server 0: - | server 1: - | server 2: 0 | server 3: - | server 4: 5 | server 5: - | server 6: - | server 7: - | server 8: - | server 9: 1,4,7"
229,229,after_slot_decision,"ADD:1,7;ADD:2,6;ADD:4,6;ADD:6,3;REMOVE:0,2;REMOVE:1,9;REMOVE:4,9;REMOVE:5,4;REMOVE:7,9","server 0: - | server 1: - | server 2: - | server 3: 6 | server 4: - | server 5: - | server 6: 2,4 | server 7: 1 | server 8: - | server 9: -"
230,230,after_slot_decision,"ADD:1,6;ADD:2,7;ADD:4,3;ADD:5,5;ADD:6,2;ADD:7,4;REMOVE:1,7;REMOVE:2,6;REMOVE:4,6;REMOVE:6,3",server 0: - | server 1: - | server 2: 6 | server 3: 4 | server 4: 7 | server 5: 5 | server 6: 1 | server 7: 2 | server 8: - | server 9: -
231,231,after_slot_decision,"ADD:1,8;ADD:2,8;ADD:4,8;REMOVE:1,6;REMOVE:2,7;REMOVE:4,3;REMOVE:5,5;REMOVE:6,2;REMOVE:7,4","server 0: - | server 1: - | server 2: - | server 3: - | server 4: - | server 5: - | server 6: - | server 7: - | server 8: 1,2,4 | server 9: -"
232,232,after_slot_decision,"ADD:2,2;ADD:5,3;ADD:7,8;REMOVE:1,8;REMOVE:2,8","server 0: - | server 1: - | server 2: 2 | server 3: 5 | server 4: - | server 5: - | server 6: - | server 7: - | server 8: 4,7 | server 9: -"
233,233,after_slot_decision,"ADD:4,7;ADD:5,7;ADD:7,7;REMOVE:2,2;REMOVE:4,8;REMOVE:5,3;REMOVE:7,8","server 0: - | server 1: - | server 2: - | server 3: - | server 4: - | server 5: - | server 6: - | server 7: 4,5,7 | server 8: - | server 9: -"
234,234,after_slot_decision,"ADD:0,4;ADD:4,3;ADD:5,3;REMOVE:4,7;REMOVE:5,7","server 0: - | server 1: - | server 2: - | server 3: 4,5 | server 4: 0 | server 5: - | server 6: - | server 7: 7 | server 8: - | server 9: -"
235,235,after_slot_decision,"ADD:4,4;REMOVE:0,4;REMOVE:4,3;REMOVE:5,3;REMOVE:7,7",server 0: - | server 1: - | server 2: - | server 3: - | server 4: 4 | server 5: - | server 6: - | server 7: - | server 8: - | server 9: -
236,236,after_slot_decision,"ADD:5,8;ADD:7,2",server 0: - | server 1: - | server 2: 7 | server 3: - | server 4: 4 | server 5: - | server 6: - | server 7: - | server 8: 5 | server 9: -
237,237,after_slot_decision,"ADD:1,8;ADD:4,9;ADD:5,6;ADD:7,0;REMOVE:4,4;REMOVE:5,8;REMOVE:7,2",server 0: 7 | server 1: - | server 2: - | server 3: - | server 4: - | server 5: - | server 6: 5 | server 7: - | server 8: 1 | server 9: 4
238,238,after_slot_decision,"ADD:2,8;ADD:3,7;ADD:4,5;ADD:5,7;ADD:6,5;ADD:7,4;REMOVE:1,8;REMOVE:4,9;REMOVE:5,6;REMOVE:7,0","server 0: - | server 1: - | server 2: - | server 3: - | server 4: 7 | server 5: 4,6 | server 6: - | server 7: 3,5 | server 8: 2 | server 9: -"
239,239,after_slot_decision,"ADD:4,4;ADD:5,8;ADD:7,3;ADD:8,3;REMOVE:2,8;REMOVE:3,7;REMOVE:4,5;REMOVE:5,7;REMOVE:6,5;REMOVE:7,4","server 0: - | server 1: - | server 2: - | server 3: 7,8 | server 4: 4 | server 5: - | server 6: - | server 7: - | server 8: 5 | server 9: -"
240,240,after_slot_decision,"ADD:3,2;ADD:6,6;ADD:7,6;REMOVE:4,4;REMOVE:5,8;REMOVE:7,3;REMOVE:8,3","server 0: - | server 1: - | server 2: 3 | server 3: - | server 4: - | server 5: - | server 6: 6,7 | server 7: - | server 8: - | server 9: -"
241,241,after_slot_decision,"ADD:1,9;ADD:4,5;ADD:5,5;REMOVE:3,2;REMOVE:6,6;REMOVE:7,6","server 0: - | server 1: - | server 2: - | server 3: - | server 4: - | server 5: 4,5 | server 6: - | server 7: - | server 8: - | server 9: 1"
242,242,after_slot_decision,"ADD:4,7;ADD:5,8;ADD:7,9;REMOVE:1,9;REMOVE:4,5;REMOVE:5,5",server 0: - | server 1: - | server 2: - | server 3: - | server 4: - | server 5: - | server 6: - | server 7: 4 | server 8: 5 | server 9: 7
243,243,after_slot_decision,"ADD:4,6;ADD:5,6;ADD:6,3;ADD:7,8;REMOVE:4,7;REMOVE:5,8;REMOVE:7,9","server 0: - | server 1: - | server 2: - | server 3: 6 | server 4: - | server 5: - | server 6: 4,5 | server 7: - | server 8: 7 | server 9: -"
244,244,after_slot_decision,"ADD:5,0;ADD:6,9;ADD:7,7;REMOVE:4,6;REMOVE:5,6;REMOVE:6,3;REMOVE:7,8",server 0: 5 | server 1: - | server 2: - | server 3: - | server 4: - | server 5: - | server 6: - | server 7: 7 | server 8: - | server 9: 6
245,245,after_slot_decision,"ADD:4,2;ADD:5,4;ADD:6,4;ADD:7,9;REMOVE:5,0;REMOVE:6,9;REMOVE:7,7","server 0: - | server 1: - | server 2: 4 | server 3: - | server 4: 5,6 | server 5: - | server 6: - | server 7: - | server 8: - | server 9: 7"
246,246,after_slot_decision,"ADD:5,3;ADD:6,7;ADD:7,8;REMOVE:4,2;REMOVE:5,4;REMOVE:6,4;REMOVE:7,9",server 0: - | server 1: - | server 2: - | server 3: 5 | server 4: - | server 5: - | server 6: - | server 7: 6 | server 8: 7 | server 9: -
247,247,after_slot_decision,"ADD:2,7;ADD:4,9;ADD:5,4;ADD:6,8;ADD:7,9;REMOVE:5,3;REMOVE:6,7;REMOVE:7,8","server 0: - | server 1: - | server 2: - | server 3: - | server 4: 5 | server 5: - | server 6: - | server 7: 2 | server 8: 6 | server 9: 4,7"
248,248,after_slot_decision,"ADD:2,8;ADD:3,2;ADD:4,7;ADD:5,3;ADD:6,0;ADD:7,7;REMOVE:2,7;REMOVE:4,9;REMOVE:5,4;REMOVE:6,8;REMOVE:7,9","server 0: 6 | server 1: - | server 2: 3 | server 3: 5 | server 4: - | server 5: - | server 6: - | server 7: 4,7 | server 8: 2 | server 9: -"
249,249,after_slot_decision,"ADD:2,7;ADD:4,8;ADD:5,2;ADD:6,8;ADD:7,2;REMOVE:2,8;REMOVE:3,2;REMOVE:4,7;REMOVE:5,3;REMOVE:6,0;REMOVE:7,7","server 0: - | server 1: - | server 2: 5,7 | server 3: - | server 4: - | server 5: - | server 6: - | server 7: 2 | server 8: 4,6 | server 9: -"
250,250,after_slot_decision,"ADD:2,8;ADD:5,4;ADD:6,2;ADD:7,1;REMOVE:2,7;REMOVE:5,2;REMOVE:6,8;REMOVE:7,2","server 0: - | server 1: 7 | server 2: 6 | server 3: - | server 4: 5 | server 5: - | server 6: - | server 7: - | server 8: 2,4 | server 9: -"
251,251,after_slot_decision,"ADD:1,4;ADD:6,4;ADD:7,5;REMOVE:4,8;REMOVE:5,4;REMOVE:6,2;REMOVE:7,1","server 0: - | server 1: - | server 2: - | server 3: - | server 4: 1,6 | server 5: 7 | server 6: - | server 7: - | server 8: 2 | server 9: -"
252,252,after_slot_decision,"ADD:1,2;ADD:2,4;ADD:4,7;ADD:5,7;ADD:6,9;ADD:7,4;REMOVE:1,4;REMOVE:2,8;REMOVE:6,4;REMOVE:7,5","server 0: - | server 1: - | server 2: 1 | server 3: - | server 4: 2,7 | server 5: - | server 6: - | server 7: 4,5 | server 8: - | server 9: 6"
253,253,after_slot_decision,"ADD:1,8;ADD:2,7;ADD:3,8;ADD:4,0;ADD:5,9;REMOVE:1,2;REMOVE:2,4;REMOVE:4,7;REMOVE:5,7;REMOVE:6,9;REMOVE:7,4","server 0: 4 | server 1: - | server 2: - | server 3: - | server 4: - | server 5: - | server 6: - | server 7: 2 | server 8: 1,3 | server 9: 5"
254,254,after_slot_decision,"ADD:2,2;ADD:3,9;ADD:4,8;ADD:5,8;ADD:7,4;REMOVE:2,7;REMOVE:3,8;REMOVE:4,0;REMOVE:5,9","server 0: - | server 1: - | server 2: 2 | server 3: - | server 4: 7 | server 5: - | server 6: - | server 7: - | server 8: 1,4,5 | server 9: 3"
255,255,after_slot_decision,"ADD:2,8;ADD:4,4;ADD:5,4;ADD:6,9;ADD:7,3;REMOVE:1,8;REMOVE:2,2;REMOVE:3,9;REMOVE:4,8;REMOVE:5,8;REMOVE:7,4","server 0: - | server 1: - | server 2: - | server 3: 7 | server 4: 4,5 | server 5: - | server 6: - | server 7: - | server 8: 2 | server 9: 6"
256,256,after_slot_decision,"ADD:2,9;ADD:4,9;REMOVE:2,8;REMOVE:4,4;REMOVE:5,4;REMOVE:6,9;REMOVE:7,3","server 0: - | server 1: - | server 2: - | server 3: - | server 4: - | server 5: - | server 6: - | server 7: - | server 8: - | server 9: 2,4"
257,257,after_slot_decision,"ADD:4,5;ADD:6,1;REMOVE:4,9",server 0: - | server 1: 6 | server 2: - | server 3: - | server 4: - | server 5: 4 | server 6: - | server 7: - | server 8: - | server 9: 2
258,258,after_slot_decision,"ADD:2,5;ADD:3,4;ADD:4,9;ADD:5,2;ADD:7,7;REMOVE:2,9;REMOVE:4,5;REMOVE:6,1",server 0: - | server 1: - | server 2: 5 | server 3: - | server 4: 3 | server 5: 2 | server 6: - | server 7: 7 | server 8: - | server 9: 4
259,259,after_slot_decision,"ADD:4,2;ADD:5,8;ADD:6,8;ADD:7,8;REMOVE:2,5;REMOVE:3,4;REMOVE:4,9;REMOVE:5,2;REMOVE:7,7","server 0: - | server 1: - | server 2: 4 | server 3: - | server 4: - | server 5: - | server 6: - | server 7: - | server 8: 5,6,7 | server 9: -"
260,260,after_slot_decision,"ADD:1,7;ADD:7,7;REMOVE:4,2;REMOVE:5,8;REMOVE:6,8;REMOVE:7,8","server 0: - | server 1: - | server 2: - | server 3: - | server 4: - | server 5: - | server 6: - | server 7: 1,7 | server 8: - | server 9: -"
261,261,after_slot_decision,"ADD:0,8;ADD:2,5;ADD:4,7;ADD:5,8;ADD:7,8;REMOVE:7,7","server 0: - | server 1: - | server 2: - | server 3: - | server 4: - | server 5: 2 | server 6: - | server 7: 1,4 | server 8: 0,5,7 | server 9: -"
262,262,after_slot_decision,"ADD:0,7;ADD:1,2;ADD:5,4;ADD:7,7;REMOVE:0,8;REMOVE:1,7;REMOVE:4,7;REMOVE:5,8;REMOVE:7,8","server 0: - | server 1: - | server 2: 1 | server 3: - | server 4: 5 | server 5: 2 | server 6: - | server 7: 0,7 | server 8: - | server 9: -"
263,263,after_slot_decision,"ADD:0,8;ADD:6,9;ADD:7,0;REMOVE:0,7;REMOVE:2,5;REMOVE:5,4;REMOVE:7,7",server 0: 7 | server 1: - | server 2: 1 | server 3: - | server 4: - | server 5: - | server 6: - | server 7: - | server 8: 0 | server 9: 6
264,264,after_slot_decision,"ADD:1,7;ADD:2,4;ADD:5,7;ADD:6,1;REMOVE:1,2;REMOVE:6,9;REMOVE:7,0","server 0: - | server 1: 6 | server 2: - | server 3: - | server 4: 2 | server 5: - | server 6: - | server 7: 1,5 | server 8: 0 | server 9: -"
265,265,after_slot_decision,"ADD:0,7;ADD:4,6;ADD:5,6;ADD:6,9;ADD:7,3;REMOVE:0,8;REMOVE:2,4;REMOVE:5,7;REMOVE:6,1","server 0: - | server 1: - | server 2: - | server 3: 7 | server 4: - | server 5: - | server 6: 4,5 | server 7: 0,1 | server 8: - | server 9: 6"
266,266,after_slot_decision,"ADD:1,8;ADD:2,7;ADD:4,8;ADD:6,6;ADD:7,2;REMOVE:1,7;REMOVE:4,6;REMOVE:5,6;REMOVE:6,9;REMOVE:7,3","server 0: - | server 1: - | server 2: 7 | server 3: - | server 4: - | server 5: - | server 6: 6 | server 7: 0,2 | server 8: 1,4 | server 9: -"
267,267,after_slot_decision,"ADD:0,1;ADD:1,2;ADD:4,2;ADD:5,4;ADD:7,7;REMOVE:0,7;REMOVE:1,8;REMOVE:2,7;REMOVE:4,8;REMOVE:6,6;REMOVE:7,2","server 0: - | server 1: 0 | server 2: 1,4 | server 3: - | server 4: 5 | server 5: - | server 6: - | server 7: 7 | server 8: - | server 9: -"
268,268,after_slot_decision,"ADD:0,7;ADD:4,8;ADD:6,8;REMOVE:0,1;REMOVE:1,2;REMOVE:4,2;REMOVE:5,4;REMOVE:7,7","server 0: - | server 1: - | server 2: - | server 3: - | server 4: - | server 5: - | server 6: - | server 7: 0 | server 8: 4,6 | server 9: -"
269,269,after_slot_decision,"ADD:2,9;ADD:4,2;ADD:5,1;ADD:6,7;ADD:7,9;REMOVE:4,8;REMOVE:6,8","server 0: - | server 1: 5 | server 2: 4 | server 3: - | server 4: - | server 5: - | server 6: - | server 7: 0,6 | server 8: - | server 9: 2,7"
270,270,after_slot_decision,"ADD:0,9;ADD:1,4;ADD:2,2;ADD:4,5;ADD:5,6;ADD:6,1;ADD:7,7;REMOVE:0,7;REMOVE:2,9;REMOVE:4,2;REMOVE:5,1;REMOVE:6,7;REMOVE:7,9",server 0: - | server 1: 6 | server 2: 2 | server 3: - | server 4: 1 | server 5: 4 | server 6: 5 | server 7: 7 | server 8: - | server 9: 0
271,271,after_slot_decision,"ADD:0,3;ADD:2,7;ADD:5,7;ADD:7,6;REMOVE:0,9;REMOVE:1,4;REMOVE:2,2;REMOVE:4,5;REMOVE:5,6;REMOVE:6,1;REMOVE:7,7","server 0: - | server 1: - | server 2: - | server 3: 0 | server 4: - | server 5: - | server 6: 7 | server 7: 2,5 | server 8: - | server 9: -"
272,272,after_slot_decision,"ADD:0,7;ADD:7,8;REMOVE:0,3;REMOVE:2,7;REMOVE:5,7;REMOVE:7,6",server 0: - | server 1: - | server 2: - | server 3: - | server 4: - | server 5: - | server 6: - | server 7: 0 | server 8: 7 | server 9: -
273,273,after_slot_decision,"ADD:3,2;ADD:5,6;ADD:7,2;REMOVE:7,8","server 0: - | server 1: - | server 2: 3,7 | server 3: - | server 4: - | server 5: - | server 6: 5 | server 7: 0 | server 8: - | server 9: -"
274,274,after_slot_decision,"ADD:0,8;ADD:4,2;ADD:6,8;ADD:7,7;REMOVE:0,7;REMOVE:3,2;REMOVE:5,6;REMOVE:7,2","server 0: - | server 1: - | server 2: 4 | server 3: - | server 4: - | server 5: - | server 6: - | server 7: 7 | server 8: 0,6 | server 9: -"
275,275,after_slot_decision,"ADD:0,7;ADD:4,9;ADD:7,0;REMOVE:0,8;REMOVE:4,2;REMOVE:6,8;REMOVE:7,7",server 0: 7 | server 1: - | server 2: - | server 3: - | server 4: - | server 5: - | server 6: - | server 7: 0 | server 8: - | server 9: 4
276,276,after_slot_decision,"ADD:0,8;ADD:5,7;ADD:7,1;REMOVE:0,7;REMOVE:4,9;REMOVE:7,0",server 0: - | server 1: 7 | server 2: - | server 3: - | server 4: - | server 5: - | server 6: - | server 7: 5 | server 8: 0 | server 9: -
277,277,after_slot_decision,"ADD:0,4;ADD:4,4;ADD:5,9;ADD:7,9;REMOVE:0,8;REMOVE:5,7;REMOVE:7,1","server 0: - | server 1: - | server 2: - | server 3: - | server 4: 0,4 | server 5: - | server 6: - | server 7: - | server 8: - | server 9: 5,7"
278,278,after_slot_decision,"ADD:0,9;ADD:5,7;ADD:7,7;REMOVE:0,4;REMOVE:5,9;REMOVE:7,9","server 0: - | server 1: - | server 2: - | server 3: - | server 4: 4 | server 5: - | server 6: - | server 7: 5,7 | server 8: - | server 9: 0"
279,279,after_slot_decision,"ADD:0,7;ADD:4,5;ADD:5,8;ADD:6,1;ADD:7,9;REMOVE:0,9;REMOVE:4,4;REMOVE:5,7;REMOVE:7,7",server 0: - | server 1: 6 | server 2: - | server 3: - | server 4: - | server 5: 4 | server 6: - | server 7: 0 | server 8: 5 | server 9: 7
280,280,after_slot_decision,"ADD:0,3;ADD:1,4;ADD:2,7;ADD:4,8;ADD:5,4;ADD:7,8;ADD:9,2;REMOVE:0,7;REMOVE:4,5;REMOVE:5,8;REMOVE:6,1;REMOVE:7,9","server 0: - | server 1: - | server 2: 9 | server 3: 0 | server 4: 1,5 | server 5: - | server 6: - | server 7: 2 | server 8: 4,7 | server 9: -"
281,281,after_slot_decision,"ADD:1,3;ADD:2,9;ADD:5,7;REMOVE:1,4;REMOVE:2,7;REMOVE:5,4;REMOVE:9,2","server 0: - | server 1: - | server 2: - | server 3: 0,1 | server 4: - | server 5: - | server 6: - | server 7: 5 | server 8: 4,7 | server 9: 2"
282,282,after_slot_decision,"ADD:0,7;ADD:1,9;ADD:2,7;ADD:4,7;ADD:5,9;ADD:6,8;ADD:7,9;REMOVE:0,3;REMOVE:1,3;REMOVE:2,9;REMOVE:4,8;REMOVE:5,7;REMOVE:7,8","server 0: - | server 1: - | server 2: - | server 3: - | server 4: - | server 5: - | server 6: - | server 7: 0,2,4 | server 8: 6 | server 9: 1,5,7"
283,283,after_slot_decision,"ADD:4,8;ADD:6,5;ADD:7,2;REMOVE:1,9;REMOVE:2,7;REMOVE:4,7;REMOVE:5,9;REMOVE:6,8;REMOVE:7,9",server 0: - | server 1: - | server 2: 7 | server 3: - | server 4: - | server 5: 6 | server 6: - | server 7: 0 | server 8: 4 | server 9: -
284,284,after_slot_decision,"ADD:2,7;ADD:4,3;ADD:4,5;ADD:5,7;ADD:6,8;ADD:7,7;REMOVE:4,8;REMOVE:6,5;REMOVE:7,2","server 0: - | server 1: - | server 2: - | server 3: 4 | server 4: - | server 5: 4 | server 6: - | server 7: 0,2,5,7 | server 8: 6 | server 9: -"
285,285,after_slot_decision,"ADD:5,4;REMOVE:2,7;REMOVE:4,3;REMOVE:4,5;REMOVE:5,7;REMOVE:6,8;REMOVE:7,7",server 0: - | server 1: - | server 2: - | server 3: - | server 4: 5 | server 5: - | server 6: - | server 7: 0 | server 8: - | server 9: -
286,286,after_slot_decision,"ADD:2,7;ADD:5,9;ADD:7,8;REMOVE:5,4","server 0: - | server 1: - | server 2: - | server 3: - | server 4: - | server 5: - | server 6: - | server 7: 0,2 | server 8: 7 | server 9: 5"
287,287,after_slot_decision,"ADD:0,3;ADD:1,7;ADD:4,8;ADD:5,4;ADD:6,1;ADD:7,7;REMOVE:0,7;REMOVE:5,9;REMOVE:7,8","server 0: - | server 1: 6 | server 2: - | server 3: 0 | server 4: 5 | server 5: - | server 6: - | server 7: 1,2,7 | server 8: 4 | server 9: -"
288,288,after_slot_decision,"ADD:0,1;ADD:4,3;ADD:5,2;ADD:7,4;REMOVE:0,3;REMOVE:1,7;REMOVE:2,7;REMOVE:4,8;REMOVE:5,4;REMOVE:7,7","server 0: - | server 1: 0,6 | server 2: 5 | server 3: 4 | server 4: 7 | server 5: - | server 6: - | server 7: - | server 8: - | server 9: -"
289,289,after_slot_decision,"ADD:0,8;ADD:4,2;ADD:5,9;ADD:6,7;ADD:7,7;REMOVE:0,1;REMOVE:4,3;REMOVE:5,2;REMOVE:6,1;REMOVE:7,4","server 0: - | server 1: - | server 2: 4 | server 3: - | server 4: - | server 5: - | server 6: - | server 7: 6,7 | server 8: 0 | server 9: 5"
290,290,after_slot_decision,"ADD:0,7;ADD:1,2;ADD:4,7;ADD:5,4;ADD:6,1;REMOVE:0,8;REMOVE:4,2;REMOVE:5,9;REMOVE:6,7;REMOVE:7,7","server 0: - | server 1: 6 | server 2: 1 | server 3: - | server 4: 5 | server 5: - | server 6: - | server 7: 0,4 | server 8: - | server 9: -"
291,291,after_slot_decision,"ADD:0,8;ADD:1,8;ADD:2,5;ADD:4,2;ADD:5,8;ADD:7,3;REMOVE:0,7;REMOVE:1,2;REMOVE:4,7;REMOVE:5,4;REMOVE:6,1","server 0: - | server 1: - | server 2: 4 | server 3: 7 | server 4: - | server 5: 2 | server 6: - | server 7: - | server 8: 0,1,5 | server 9: -"
292,292,after_slot_decision,"ADD:0,5;ADD:6,4;ADD:7,7;ADD:8,4;REMOVE:0,8;REMOVE:1,8;REMOVE:2,5;REMOVE:4,2;REMOVE:5,8;REMOVE:7,3","server 0: - | server 1: - | server 2: - | server 3: - | server 4: 6,8 | server 5: 0 | server 6: - | server 7: 7 | server 8: - | server 9: -"
293,293,after_slot_decision,"ADD:0,3;ADD:1,9;ADD:4,5;ADD:5,2;ADD:8,1;REMOVE:0,5;REMOVE:6,4;REMOVE:7,7;REMOVE:8,4",server 0: - | server 1: 8 | server 2: 5 | server 3: 0 | server 4: - | server 5: 4 | server 6: - | server 7: - | server 8: - | server 9: 1
294,294,after_slot_decision,"ADD:0,4;ADD:4,1;ADD:5,8;ADD:6,2;ADD:7,6;REMOVE:0,3;REMOVE:4,5;REMOVE:5,2;REMOVE:8,1",server 0: - | server 1: 4 | server 2: 6 | server 3: - | server 4: 0 | server 5: - | server 6: 7 | server 7: - | server 8: 5 | server 9: 1
295,295,after_slot_decision,"ADD:0,8;ADD:2,4;ADD:5,7;ADD:6,5;ADD:7,7;REMOVE:0,4;REMOVE:1,9;REMOVE:4,1;REMOVE:5,8;REMOVE:6,2;REMOVE:7,6","server 0: - | server 1: - | server 2: - | server 3: - | server 4: 2 | server 5: 6 | server 6: - | server 7: 5,7 | server 8: 0 | server 9: -"
296,296,after_slot_decision,"ADD:0,7;ADD:1,3;ADD:3,1;ADD:4,6;ADD:6,1;ADD:7,3;REMOVE:0,8;REMOVE:2,4;REMOVE:6,5;REMOVE:7,7","server 0: - | server 1: 3,6 | server 2: - | server 3: 1,7 | server 4: - | server 5: - | server 6: 4 | server 7: 0,5 | server 8: - | server 9: -"
297,297,after_slot_decision,"ADD:0,3;ADD:1,5;ADD:1,9;ADD:3,9;ADD:4,2;ADD:5,1;ADD:6,7;ADD:7,6;REMOVE:0,7;REMOVE:1,3;REMOVE:3,1;REMOVE:4,6;REMOVE:5,7;REMOVE:6,1;REMOVE:7,3","server 0: - | server 1: 5 | server 2: 4 | server 3: 0 | server 4: - | server 5: 1 | server 6: 7 | server 7: 6 | server 8: - | server 9: 1,3"
298,298,after_slot_decision,"ADD:1,2;ADD:7,8;REMOVE:0,3;REMOVE:1,5;REMOVE:1,9;REMOVE:3,9;REMOVE:4,2;REMOVE:6,7;REMOVE:7,6",server 0: - | server 1: 5 | server 2: 1 | server 3: - | server 4: - | server 5: - | server 6: - | server 7: - | server 8: 7 | server 9: -
299,299,after_slot_decision,"ADD:1,9;ADD:4,6;ADD:6,2;ADD:7,9;REMOVE:1,2;REMOVE:5,1;REMOVE:7,8","server 0: - | server 1: - | server 2: 6 | server 3: - | server 4: - | server 5: - | server 6: 4 | server 7: - | server 8: - | server 9: 1,7"
300,300,after_slot_decision,"ADD:0,7;ADD:1,7;ADD:4,7;ADD:5,6;ADD:7,2;REMOVE:1,9;REMOVE:4,6;REMOVE:6,2;REMOVE:7,9","server 0: - | server 1: - | server 2: 7 | server 3: - | server 4: - | server 5: - | server 6: 5 | server 7: 0,1,4 | server 8: - | server 9: -"
301,301,after_slot_decision,"ADD:0,2;ADD:2,8;ADD:4,4;ADD:5,7;ADD:6,5;ADD:7,7;REMOVE:4,7;REMOVE:5,6;REMOVE:7,2","server 0: - | server 1: - | server 2: 0 | server 3: - | server 4: 4 | server 5: 6 | server 6: - | server 7: 0,1,5,7 | server 8: 2 | server 9: -"
302,302,after_slot_decision,"ADD:0,8;ADD:1,9;ADD:2,1;ADD:4,7;ADD:5,4;REMOVE:0,2;REMOVE:1,7;REMOVE:2,8;REMOVE:4,4;REMOVE:5,7;REMOVE:6,5","server 0: - | server 1: 2 | server 2: - | server 3: - | server 4: 5 | server 5: - | server 6: - | server 7: 0,4,7 | server 8: 0 | server 9: 1"
303,303,after_slot_decision,"ADD:2,4;ADD:6,4;ADD:7,4;REMOVE:0,8;REMOVE:1,9;REMOVE:2,1;REMOVE:5,4;REMOVE:7,7","server 0: - | server 1: - | server 2: - | server 3: - | server 4: 2,6,7 | server 5: - | server 6: - | server 7: 0,4 | server 8: - | server 9: -"
304,304,after_slot_decision,"ADD:0,2;ADD:1,9;ADD:3,0;ADD:4,0;ADD:5,4;ADD:6,2;ADD:7,9;REMOVE:0,7;REMOVE:2,4;REMOVE:4,7;REMOVE:6,4;REMOVE:7,4","server 0: 3,4 | server 1: - | server 2: 0,6 | server 3: - | server 4: 5 | server 5: - | server 6: - | server 7: - | server 8: - | server 9: 1,7"
305,305,after_slot_decision,"ADD:0,1;ADD:1,3;ADD:2,6;ADD:4,7;ADD:5,6;ADD:6,7;REMOVE:0,2;REMOVE:1,9;REMOVE:3,0;REMOVE:4,0;REMOVE:5,4;REMOVE:6,2;REMOVE:7,9","server 0: - | server 1: 0 | server 2: - | server 3: 1 | server 4: - | server 5: - | server 6: 2,5 | server 7: 4,6 | server 8: - | server 9: -"
306,306,after_slot_decision,"ADD:0,5;ADD:2,7;ADD:4,3;ADD:6,2;ADD:7,4;REMOVE:0,1;REMOVE:1,3;REMOVE:2,6;REMOVE:4,7;REMOVE:5,6;REMOVE:6,7",server 0: - | server 1: - | server 2: 6 | server 3: 4 | server 4: 7 | server 5: 0 | server 6: - | server 7: 2 | server 8: - | server 9: -
307,307,after_slot_decision,"ADD:0,9;ADD:2,6;ADD:4,2;ADD:5,8;ADD:7,5;ADD:8,4;REMOVE:0,5;REMOVE:2,7;REMOVE:4,3;REMOVE:6,2;REMOVE:7,4",server 0: - | server 1: - | server 2: 4 | server 3: - | server 4: 8 | server 5: 7 | server 6: 2 | server 7: - | server 8: 5 | server 9: 0
308,308,after_slot_decision,"ADD:0,2;ADD:1,8;ADD:2,3;ADD:4,5;ADD:6,1;ADD:7,4;REMOVE:0,9;REMOVE:2,6;REMOVE:4,2;REMOVE:7,5;REMOVE:8,4","server 0: - | server 1: 6 | server 2: 0 | server 3: 2 | server 4: 7 | server 5: 4 | server 6: - | server 7: - | server 8: 1,5 | server 9: -"
309,309,after_slot_decision,"ADD:0,9;ADD:1,2;ADD:2,7;ADD:4,6;ADD:5,4;ADD:6,5;ADD:7,2;REMOVE:0,2;REMOVE:1,8;REMOVE:2,3;REMOVE:4,5;REMOVE:5,8;REMOVE:6,1;REMOVE:7,4","server 0: - | server 1: - | server 2: 1,7 | server 3: - | server 4: 5 | server 5: 6 | server 6: 4 | server 7: 2 | server 8: - | server 9: 0"
310,310,after_slot_decision,"ADD:1,9;ADD:4,9;ADD:5,7;ADD:6,0;ADD:7,4;REMOVE:1,2;REMOVE:4,6;REMOVE:5,4;REMOVE:6,5;REMOVE:7,2","server 0: 6 | server 1: - | server 2: - | server 3: - | server 4: 7 | server 5: - | server 6: - | server 7: 2,5 | server 8: - | server 9: 0,1,4"
311,311,after_slot_decision,"ADD:0,3;ADD:4,2;ADD:6,4;ADD:7,2;REMOVE:0,9;REMOVE:4,9;REMOVE:5,7;REMOVE:6,0;REMOVE:7,4","server 0: - | server 1: - | server 2: 4,7 | server 3: 0 | server 4: 6 | server 5: - | server 6: - | server 7: 2 | server 8: - | server 9: 1"
312,312,after_slot_decision,"ADD:2,4;ADD:3,6;ADD:4,8;ADD:4,9;ADD:5,2;ADD:6,7;ADD:7,7;REMOVE:0,3;REMOVE:1,9;REMOVE:2,7;REMOVE:4,2;REMOVE:6,4;REMOVE:7,2","server 0: - | server 1: - | server 2: 5 | server 3: - | server 4: 2 | server 5: - | server 6: 3 | server 7: 6,7 | server 8: 4 | server 9: 4"
313,313,after_slot_decision,"ADD:1,6;ADD:4,4;ADD:6,8;ADD:7,0;REMOVE:2,4;REMOVE:3,6;REMOVE:4,8;REMOVE:4,9;REMOVE:6,7;REMOVE:7,7",server 0: 7 | server 1: - | server 2: 5 | server 3: - | server 4: 4 | server 5: - | server 6: 1 | server 7: - | server 8: 6 | server 9: -
314,314,after_slot_decision,"ADD:1,9;ADD:2,7;ADD:3,7;ADD:4,9;ADD:5,8;ADD:6,4;ADD:7,8;REMOVE:1,6;REMOVE:4,4;REMOVE:5,2;REMOVE:6,8;REMOVE:7,0","server 0: - | server 1: - | server 2: - | server 3: - | server 4: 6 | server 5: - | server 6: - | server 7: 2,3 | server 8: 5,7 | server 9: 1,4"
315,315,after_slot_decision,"ADD:1,2;ADD:2,6;ADD:4,2;ADD:5,5;ADD:6,8;ADD:7,5;REMOVE:1,9;REMOVE:2,7;REMOVE:3,7;REMOVE:4,9;REMOVE:5,8;REMOVE:6,4","server 0: - | server 1: - | server 2: 1,4 | server 3: - | server 4: - | server 5: 5,7 | server 6: 2 | server 7: - | server 8: 6,7 | server 9: -"
316,316,after_slot_decision,"ADD:1,7;ADD:2,0;ADD:4,4;ADD:5,8;ADD:6,9;REMOVE:1,2;REMOVE:2,6;REMOVE:4,2;REMOVE:5,5;REMOVE:6,8;REMOVE:7,5","server 0: 2 | server 1: - | server 2: - | server 3: - | server 4: 4 | server 5: - | server 6: - | server 7: 1 | server 8: 5,7 | server 9: 6"
317,317,after_slot_decision,"ADD:2,2;ADD:4,7;ADD:5,1;ADD:7,9;REMOVE:2,0;REMOVE:4,4;REMOVE:5,8;REMOVE:6,9;REMOVE:7,8","server 0: - | server 1: 5 | server 2: 2 | server 3: - | server 4: - | server 5: - | server 6: - | server 7: 1,4 | server 8: - | server 9: 7"
318,318,after_slot_decision,"ADD:1,2;ADD:2,9;ADD:4,8;ADD:5,9;ADD:7,8;REMOVE:1,7;REMOVE:2,2;REMOVE:4,7;REMOVE:5,1;REMOVE:7,9","server 0: - | server 1: - | server 2: 1 | server 3: - | server 4: - | server 5: - | server 6: - | server 7: - | server 8: 4,7 | server 9: 2,5"
319,319,after_slot_decision,"ADD:1,8;ADD:4,9;ADD:7,4;REMOVE:1,2;REMOVE:2,9;REMOVE:4,8;REMOVE:5,9;REMOVE:7,8",server 0: - | server 1: - | server 2: - | server 3: - | server 4: 7 | server 5: - | server 6: - | server 7: - | server 8: 1 | server 9: 4
320,320,after_slot_decision,"ADD:1,7;ADD:2,9;ADD:4,4;ADD:5,9;REMOVE:1,8;REMOVE:4,9;REMOVE:7,4","server 0: - | server 1: - | server 2: - | server 3: - | server 4: 4 | server 5: - | server 6: - | server 7: 1 | server 8: - | server 9: 2,5"
321,321,after_slot_decision,"ADD:2,4;ADD:4,2;ADD:7,2;REMOVE:2,9;REMOVE:4,4;REMOVE:5,9","server 0: - | server 1: - | server 2: 4,7 | server 3: - | server 4: 2 | server 5: - | server 6: - | server 7: 1 | server 8: - | server 9: -"
322,322,after_slot_decision,"ADD:1,2;ADD:2,6;ADD:7,3;REMOVE:1,7;REMOVE:2,4;REMOVE:4,2;REMOVE:7,2",server 0: - | server 1: - | server 2: 1 | server 3: 7 | server 4: - | server 5: - | server 6: 2 | server 7: - | server 8: - | server 9: -
323,323,after_slot_decision,"ADD:1,0;ADD:2,7;ADD:4,4;ADD:6,5;ADD:7,8;REMOVE:1,2;REMOVE:2,6;REMOVE:7,3",server 0: 1 | server 1: - | server 2: - | server 3: - | server 4: 4 | server 5: 6 | server 6: - | server 7: 2 | server 8: 7 | server 9: -
324,324,after_slot_decision,"ADD:1,3;ADD:2,8;ADD:4,2;ADD:5,3;ADD:7,7;REMOVE:1,0;REMOVE:2,7;REMOVE:4,4;REMOVE:6,5;REMOVE:7,8","server 0: - | server 1: - | server 2: 4 | server 3: 1,5 | server 4: - | server 5: - | server 6: - | server 7: 7 | server 8: 2 | server 9: -"
325,325,after_slot_decision,"ADD:1,9;ADD:2,4;ADD:4,6;ADD:6,8;REMOVE:1,3;REMOVE:2,8;REMOVE:4,2;REMOVE:5,3",server 0: - | server 1: - | server 2: - | server 3: - | server 4: 2 | server 5: - | server 6: 4 | server 7: 7 | server 8: 6 | server 9: 1
326,326,after_slot_decision,"ADD:2,2;ADD:4,2;ADD:5,1;ADD:7,8;REMOVE:1,9;REMOVE:2,4;REMOVE:4,6;REMOVE:6,8;REMOVE:7,7","server 0: - | server 1: 5 | server 2: 2,4 | server 3: - | server 4: - | server 5: - | server 6: - | server 7: - | server 8: 7 | server 9: -"
327,327,after_slot_decision,"ADD:1,6;ADD:2,8;ADD:7,6;REMOVE:2,2;REMOVE:4,2;REMOVE:5,1;REMOVE:7,8","server 0: - | server 1: - | server 2: - | server 3: - | server 4: - | server 5: - | server 6: 1,7 | server 7: - | server 8: 2 | server 9: -"
328,328,after_slot_decision,"ADD:0,1;ADD:1,2;ADD:2,7;ADD:5,7;ADD:6,4;ADD:7,2;REMOVE:1,6;REMOVE:2,8;REMOVE:7,6","server 0: - | server 1: 0 | server 2: 1,7 | server 3: - | server 4: 6 | server 5: - | server 6: - | server 7: 2,5 | server 8: - | server 9: -"
329,329,after_slot_decision,"ADD:1,7;ADD:2,2;ADD:4,2;ADD:6,7;ADD:7,8;REMOVE:0,1;REMOVE:1,2;REMOVE:2,7;REMOVE:6,4;REMOVE:7,2","server 0: - | server 1: - | server 2: 2,4 | server 3: - | server 4: - | server 5: - | server 6: - | server 7: 1,5,6 | server 8: 7 | server 9: -"
330,330,after_slot_decision,"ADD:4,4;ADD:6,0;ADD:7,7;REMOVE:1,7;REMOVE:4,2;REMOVE:5,7;REMOVE:6,7;REMOVE:7,8",server 0: 6 | server 1: - | server 2: 2 | server 3: - | server 4: 4 | server 5: - | server 6: - | server 7: 7 | server 8: - | server 9: -
331,331,after_slot_decision,"ADD:1,6;ADD:2,7;ADD:5,8;ADD:7,4;REMOVE:2,2;REMOVE:4,4;REMOVE:7,7",server 0: 6 | server 1: - | server 2: - | server 3: - | server 4: 7 | server 5: - | server 6: 1 | server 7: 2 | server 8: 5 | server 9: -
332,332,after_slot_decision,"ADD:1,8;ADD:2,0;ADD:4,5;REMOVE:1,6;REMOVE:2,7;REMOVE:6,0","server 0: 2 | server 1: - | server 2: - | server 3: - | server 4: 7 | server 5: 4 | server 6: - | server 7: - | server 8: 1,5 | server 9: -"
333,333,after_slot_decision,"ADD:2,2;ADD:4,7;ADD:6,5;ADD:7,7;REMOVE:1,8;REMOVE:2,0;REMOVE:4,5;REMOVE:7,4","server 0: - | server 1: - | server 2: 2 | server 3: - | server 4: - | server 5: 6 | server 6: - | server 7: 4,7 | server 8: 5 | server 9: -"
334,334,after_slot_decision,"ADD:1,7;ADD:2,5;ADD:6,2;ADD:7,2;REMOVE:2,2;REMOVE:5,8;REMOVE:6,5;REMOVE:7,7","server 0: - | server 1: - | server 2: 6,7 | server 3: - | server 4: - | server 5: 2 | server 6: - | server 7: 1,4 | server 8: - | server 9: -"
335,335,after_slot_decision,"ADD:1,0;ADD:4,5;ADD:5,8;ADD:7,7;ADD:7,8;REMOVE:1,7;REMOVE:2,5;REMOVE:4,7;REMOVE:6,2;REMOVE:7,2","server 0: 1 | server 1: - | server 2: - | server 3: - | server 4: - | server 5: 4 | server 6: - | server 7: 7 | server 8: 5,7 | server 9: -"
336,336,after_slot_decision,"ADD:0,8;ADD:1,2;ADD:2,7;ADD:4,1;ADD:5,7;ADD:7,2;REMOVE:1,0;REMOVE:4,5;REMOVE:5,8;REMOVE:7,7;REMOVE:7,8","server 0: - | server 1: 4 | server 2: 1,7 | server 3: - | server 4: - | server 5: - | server 6: - | server 7: 2,5 | server 8: 0 | server 9: -"
337,337,after_slot_decision,"ADD:0,4;ADD:1,3;ADD:2,1;ADD:7,7;REMOVE:0,8;REMOVE:1,2;REMOVE:2,7;REMOVE:4,1;REMOVE:5,7;REMOVE:7,2",server 0: - | server 1: 2 | server 2: - | server 3: 1 | server 4: 0 | server 5: - | server 6: - | server 7: 7 | server 8: - | server 9: -
338,338,after_slot_decision,"ADD:1,9;ADD:7,3;REMOVE:0,4;REMOVE:1,3;REMOVE:2,1;REMOVE:7,7",server 0: - | server 1: - | server 2: - | server 3: 7 | server 4: - | server 5: - | server 6: - | server 7: - | server 8: - | server 9: 1
339,339,after_slot_decision,"ADD:2,7;ADD:3,6;ADD:4,6;ADD:5,4;ADD:7,2;REMOVE:7,3","server 0: - | server 1: - | server 2: 7 | server 3: - | server 4: 5 | server 5: - | server 6: 3,4 | server 7: 2 | server 8: - | server 9: 1"
340,340,after_slot_decision,"ADD:1,8;ADD:5,9;ADD:7,7;REMOVE:1,9;REMOVE:2,7;REMOVE:3,6;REMOVE:4,6;REMOVE:5,4;REMOVE:7,2",server 0: - | server 1: - | server 2: - | server 3: - | server 4: - | server 5: - | server 6: - | server 7: 7 | server 8: 1 | server 9: 5
341,341,after_slot_decision,"ADD:3,7;ADD:4,3;ADD:5,7;ADD:6,4;ADD:7,1;REMOVE:1,8;REMOVE:5,9;REMOVE:7,7","server 0: - | server 1: 7 | server 2: - | server 3: 4 | server 4: 6 | server 5: - | server 6: - | server 7: 3,5 | server 8: - | server 9: -"
342,342,after_slot_decision,"ADD:0,9;ADD:4,8;ADD:5,5;ADD:6,5;ADD:7,9;REMOVE:3,7;REMOVE:4,3;REMOVE:5,7;REMOVE:6,4;REMOVE:7,1","server 0: - | server 1: - | server 2: - | server 3: - | server 4: - | server 5: 5,6 | server 6: - | server 7: - | server 8: 4 | server 9: 0,7"
343,343,after_slot_decision,"ADD:0,7;ADD:1,1;ADD:4,6;ADD:5,6;ADD:7,2;REMOVE:0,9;REMOVE:4,8;REMOVE:5,5;REMOVE:6,5;REMOVE:7,9","server 0: - | server 1: 1 | server 2: 7 | server 3: - | server 4: - | server 5: - | server 6: 4,5 | server 7: 0 | server 8: - | server 9: -"
344,344,after_slot_decision,"ADD:0,8;ADD:1,3;ADD:2,8;ADD:4,1;ADD:6,8;REMOVE:0,7;REMOVE:1,1;REMOVE:4,6;REMOVE:5,6;REMOVE:7,2","server 0: - | server 1: 4 | server 2: - | server 3: 1 | server 4: - | server 5: - | server 6: - | server 7: - | server 8: 0,2,6 | server 9: -"
345,345,after_slot_decision,"ADD:0,2;ADD:1,2;ADD:2,7;ADD:3,1;ADD:4,8;ADD:7,7;REMOVE:0,8;REMOVE:1,3;REMOVE:2,8;REMOVE:4,1;REMOVE:6,8","server 0: - | server 1: 3 | server 2: 0,1 | server 3: - | server 4: - | server 5: - | server 6: - | server 7: 2,7 | server 8: 4 | server 9: -"
346,346,after_slot_decision,"ADD:0,7;ADD:1,8;ADD:5,1;ADD:7,2;REMOVE:0,2;REMOVE:1,2;REMOVE:3,1;REMOVE:4,8;REMOVE:7,7","server 0: - | server 1: 5 | server 2: 7 | server 3: - | server 4: - | server 5: - | server 6: - | server 7: 0,2 | server 8: 1 | server 9: -"
347,347,after_slot_decision,"ADD:0,4;ADD:2,6;ADD:4,5;ADD:6,1;ADD:7,9;REMOVE:0,7;REMOVE:1,8;REMOVE:2,7;REMOVE:7,2","server 0: - | server 1: 5,6 | server 2: - | server 3: - | server 4: 0 | server 5: 4 | server 6: 2 | server 7: - | server 8: - | server 9: 7"
348,348,after_slot_decision,"ADD:0,9;ADD:1,9;ADD:2,7;ADD:6,4;ADD:7,7;REMOVE:0,4;REMOVE:2,6;REMOVE:4,5;REMOVE:5,1;REMOVE:6,1;REMOVE:7,9","server 0: - | server 1: - | server 2: - | server 3: - | server 4: 6 | server 5: - | server 6: - | server 7: 2,7 | server 8: - | server 9: 0,1"
349,349,after_slot_decision,"ADD:0,8;ADD:1,5;ADD:2,8;ADD:4,5;ADD:5,3;ADD:7,4;REMOVE:0,9;REMOVE:2,7;REMOVE:6,4;REMOVE:7,7","server 0: - | server 1: - | server 2: - | server 3: 5 | server 4: 7 | server 5: 1,4 | server 6: - | server 7: - | server 8: 0,2 | server 9: 1"
350,350,after_slot_decision,"ADD:1,4;ADD:3,4;ADD:4,7;ADD:5,7;ADD:7,7;REMOVE:1,5;REMOVE:1,9;REMOVE:2,8;REMOVE:4,5;REMOVE:5,3;REMOVE:7,4","server 0: - | server 1: - | server 2: - | server 3: - | server 4: 1,3 | server 5: - | server 6: - | server 7: 4,5,7 | server 8: 0 | server 9: -"
351,351,after_slot_decision,"ADD:3,6;ADD:5,2;REMOVE:0,8;REMOVE:1,4;REMOVE:3,4;REMOVE:4,7;REMOVE:5,7",server 0: - | server 1: - | server 2: 5 | server 3: - | server 4: - | server 5: - | server 6: 3 | server 7: 7 | server 8: - | server 9: -
352,352,after_slot_decision,"ADD:7,5;REMOVE:3,6;REMOVE:5,2;REMOVE:7,7",server 0: - | server 1: - | server 2: - | server 3: - | server 4: - | server 5: 7 | server 6: - | server 7: - | server 8: - | server 9: -
353,353,after_slot_decision,"ADD:6,1;ADD:7,4;REMOVE:7,5",server 0: - | server 1: 6 | server 2: - | server 3: - | server 4: 7 | server 5: - | server 6: - | server 7: - | server 8: - | server 9: -
354,354,after_slot_decision,"ADD:0,4;ADD:1,7;ADD:2,2;ADD:4,3;ADD:5,7;ADD:7,9;REMOVE:6,1;REMOVE:7,4","server 0: - | server 1: - | server 2: 2 | server 3: 4 | server 4: 0 | server 5: - | server 6: - | server 7: 1,5 | server 8: - | server 9: 7"
355,355,after_slot_decision,"ADD:4,9;ADD:7,4;REMOVE:0,4;REMOVE:1,7;REMOVE:2,2;REMOVE:4,3;REMOVE:5,7;REMOVE:7,9",server 0: - | server 1: - | server 2: - | server 3: - | server 4: 7 | server 5: - | server 6: - | server 7: - | server 8: - | server 9: 4
356,356,after_slot_decision,"ADD:1,9;ADD:3,0;ADD:7,2;REMOVE:7,4","server 0: 3 | server 1: - | server 2: 7 | server 3: - | server 4: - | server 5: - | server 6: - | server 7: - | server 8: - | server 9: 1,4"
357,357,after_slot_decision,"ADD:1,8;ADD:4,8;ADD:7,8;REMOVE:1,9;REMOVE:3,0;REMOVE:4,9;REMOVE:7,2","server 0: - | server 1: - | server 2: - | server 3: - | server 4: - | server 5: - | server 6: - | server 7: - | server 8: 1,4,7 | server 9: -"
358,358,after_slot_decision,"ADD:1,5;ADD:5,4;ADD:6,3;ADD:7,7;ADD:8,4;REMOVE:1,8;REMOVE:7,8","server 0: - | server 1: - | server 2: - | server 3: 6 | server 4: 5,8 | server 5: 1 | server 6: - | server 7: 7 | server 8: 4 | server 9: -"
359,359,after_slot_decision,"ADD:1,1;ADD:2,2;REMOVE:1,5;REMOVE:4,8;REMOVE:5,4;REMOVE:6,3;REMOVE:7,7;REMOVE:8,4",server 0: - | server 1: 1 | server 2: 2 | server 3: - | server 4: - | server 5: - | server 6: - | server 7: - | server 8: - | server 9: -
360,360,after_slot_decision,"ADD:1,5;ADD:4,9;ADD:5,3;ADD:7,1;REMOVE:1,1;REMOVE:2,2",server 0: - | server 1: 7 | server 2: - | server 3: 5 | server 4: - | server 5: 1 | server 6: - | server 7: - | server 8: - | server 9: 4
361,361,after_slot_decision,"ADD:1,2;ADD:7,9;REMOVE:1,5;REMOVE:5,3;REMOVE:7,1","server 0: - | server 1: - | server 2: 1 | server 3: - | server 4: - | server 5: - | server 6: - | server 7: - | server 8: - | server 9: 4,7"
362,362,after_slot_decision,"ADD:1,9;ADD:4,7;ADD:5,8;REMOVE:1,2;REMOVE:4,9","server 0: - | server 1: - | server 2: - | server 3: - | server 4: - | server 5: - | server 6: - | server 7: 4 | server 8: 5 | server 9: 1,7"
363,363,after_slot_decision,"ADD:0,2;ADD:1,6;ADD:4,4;ADD:5,3;ADD:7,7;REMOVE:1,9;REMOVE:4,7;REMOVE:5,8;REMOVE:7,9",server 0: - | server 1: - | server 2: 0 | server 3: 5 | server 4: 4 | server 5: - | server 6: 1 | server 7: 7 | server 8: - | server 9: -
364,364,after_slot_decision,"ADD:0,3;ADD:1,2;ADD:7,1;REMOVE:0,2;REMOVE:1,6;REMOVE:4,4;REMOVE:5,3;REMOVE:7,7",server 0: - | server 1: 7 | server 2: 1 | server 3: 0 | server 4: - | server 5: - | server 6: - | server 7: - | server 8: - | server 9: -
365,365,after_slot_decision,"ADD:1,4;ADD:4,2;ADD:7,2;REMOVE:0,3;REMOVE:1,2;REMOVE:7,1","server 0: - | server 1: - | server 2: 4,7 | server 3: - | server 4: 1 | server 5: - | server 6: - | server 7: - | server 8: - | server 9: -"
366,366,after_slot_decision,"ADD:1,9;ADD:7,1;REMOVE:1,4;REMOVE:4,2;REMOVE:7,2",server 0: - | server 1: 7 | server 2: - | server 3: - | server 4: - | server 5: - | server 6: - | server 7: - | server 8: - | server 9: 1
367,367,after_slot_decision,"ADD:1,6;ADD:5,4;ADD:6,0;ADD:7,8;REMOVE:1,9;REMOVE:7,1",server 0: 6 | server 1: - | server 2: - | server 3: - | server 4: 5 | server 5: - | server 6: 1 | server 7: - | server 8: 7 | server 9: -
368,368,after_slot_decision,"ADD:1,9;ADD:4,2;ADD:7,2;REMOVE:1,6;REMOVE:5,4;REMOVE:6,0;REMOVE:7,8","server 0: - | server 1: - | server 2: 4,7 | server 3: - | server 4: - | server 5: - | server 6: - | server 7: - | server 8: - | server 9: 1"
369,369,after_slot_decision,"REMOVE:4,2",server 0: - | server 1: - | server 2: 7 | server 3: - | server 4: - | server 5: - | server 6: - | server 7: - | server 8: - | server 9: 1
370,370,after_slot_decision,"ADD:1,8;REMOVE:1,9;REMOVE:7,2",server 0: - | server 1: - | server 2: - | server 3: - | server 4: - | server 5: - | server 6: - | server 7: - | server 8: 1 | server 9: -
371,371,after_slot_decision,"ADD:2,3;ADD:3,6;ADD:4,7;ADD:8,2;REMOVE:1,8",server 0: - | server 1: - | server 2: 8 | server 3: 2 | server 4: - | server 5: - | server 6: 3 | server 7: 4 | server 8: - | server 9: -
372,372,after_slot_decision,"ADD:2,1;ADD:4,1;ADD:7,7;REMOVE:2,3;REMOVE:3,6;REMOVE:4,7;REMOVE:8,2","server 0: - | server 1: 2,4 | server 2: - | server 3: - | server 4: - | server 5: - | server 6: - | server 7: 7 | server 8: - | server 9: -"
373,373,after_slot_decision,"ADD:2,4;ADD:3,8;ADD:4,7;ADD:5,3;ADD:7,2;REMOVE:2,1;REMOVE:4,1;REMOVE:7,7",server 0: - | server 1: - | server 2: 7 | server 3: 5 | server 4: 2 | server 5: - | server 6: - | server 7: 4 | server 8: 3 | server 9: -
374,374,after_slot_decision,"ADD:1,2;ADD:2,8;ADD:5,9;ADD:6,1;ADD:7,3;REMOVE:2,4;REMOVE:3,8;REMOVE:4,7;REMOVE:5,3;REMOVE:7,2",server 0: - | server 1: 6 | server 2: 1 | server 3: 7 | server 4: - | server 5: - | server 6: - | server 7: - | server 8: 2 | server 9: 5
375,375,after_slot_decision,"ADD:3,3;ADD:4,6;ADD:7,4;REMOVE:1,2;REMOVE:2,8;REMOVE:5,9;REMOVE:6,1;REMOVE:7,3",server 0: - | server 1: - | server 2: - | server 3: 3 | server 4: 7 | server 5: - | server 6: 4 | server 7: - | server 8: - | server 9: -
376,376,after_slot_decision,"ADD:1,7;ADD:4,8;ADD:5,3;ADD:7,8;REMOVE:3,3;REMOVE:4,6;REMOVE:7,4","server 0: - | server 1: - | server 2: - | server 3: 5 | server 4: - | server 5: - | server 6: - | server 7: 1 | server 8: 4,7 | server 9: -"
377,377,after_slot_decision,"ADD:1,1;ADD:4,7;ADD:7,2;REMOVE:1,7;REMOVE:4,8;REMOVE:5,3;REMOVE:7,8",server 0: - | server 1: 1 | server 2: 7 | server 3: - | server 4: - | server 5: - | server 6: - | server 7: 4 | server 8: - | server 9: -
378,378,after_slot_decision,"ADD:0,9;ADD:1,4;ADD:4,9;ADD:5,1;ADD:6,7;ADD:7,7;REMOVE:1,1;REMOVE:4,7;REMOVE:7,2","server 0: - | server 1: 5 | server 2: - | server 3: - | server 4: 1 | server 5: - | server 6: - | server 7: 6,7 | server 8: - | server 9: 0,4"
379,379,after_slot_decision,"ADD:1,8;ADD:4,8;ADD:5,7;ADD:6,0;ADD:7,0;REMOVE:0,9;REMOVE:1,4;REMOVE:4,9;REMOVE:5,1;REMOVE:6,7;REMOVE:7,7","server 0: 6,7 | server 1: - | server 2: - | server 3: - | server 4: - | server 5: - | server 6: - | server 7: 5 | server 8: 1,4 | server 9: -"
380,380,after_slot_decision,"ADD:1,7;ADD:4,3;ADD:7,8;REMOVE:1,8;REMOVE:4,8;REMOVE:5,7;REMOVE:6,0;REMOVE:7,0",server 0: - | server 1: - | server 2: - | server 3: 4 | server 4: - | server 5: - | server 6: - | server 7: 1 | server 8: 7 | server 9: -
381,381,after_slot_decision,"ADD:4,7;ADD:7,9;REMOVE:1,7;REMOVE:4,3;REMOVE:7,8",server 0: - | server 1: - | server 2: - | server 3: - | server 4: - | server 5: - | server 6: - | server 7: 4 | server 8: - | server 9: 7
382,382,after_slot_decision,"ADD:1,6;ADD:4,2;ADD:5,8;ADD:7,7;REMOVE:4,7;REMOVE:7,9",server 0: - | server 1: - | server 2: 4 | server 3: - | server 4: - | server 5: - | server 6: 1 | server 7: 7 | server 8: 5 | server 9: -
383,383,after_slot_decision,"ADD:1,7;ADD:2,9;ADD:4,8;ADD:5,3;ADD:7,2;REMOVE:1,6;REMOVE:4,2;REMOVE:5,8;REMOVE:7,7",server 0: - | server 1: - | server 2: 7 | server 3: 5 | server 4: - | server 5: - | server 6: - | server 7: 1 | server 8: 4 | server 9: 2
384,384,after_slot_decision,"ADD:1,1;ADD:4,2;ADD:6,2;ADD:7,1;REMOVE:1,7;REMOVE:2,9;REMOVE:4,8;REMOVE:5,3;REMOVE:7,2","server 0: - | server 1: 1,7 | server 2: 4,6 | server 3: - | server 4: - | server 5: - | server 6: - | server 7: - | server 8: - | server 9: -"
385,385,after_slot_decision,"ADD:1,8;ADD:4,8;ADD:7,5;REMOVE:1,1;REMOVE:4,2;REMOVE:6,2;REMOVE:7,1","server 0: - | server 1: - | server 2: - | server 3: - | server 4: - | server 5: 7 | server 6: - | server 7: - | server 8: 1,4 | server 9: -"
386,386,after_slot_decision,"ADD:4,0;ADD:5,8;ADD:6,2;ADD:7,2;REMOVE:1,8;REMOVE:4,8;REMOVE:7,5","server 0: 4 | server 1: - | server 2: 6,7 | server 3: - | server 4: - | server 5: - | server 6: - | server 7: - | server 8: 5 | server 9: -"
387,387,after_slot_decision,"ADD:1,7;ADD:2,2;ADD:4,7;ADD:5,6;ADD:6,5;ADD:7,7;REMOVE:4,0;REMOVE:5,8;REMOVE:6,2;REMOVE:7,2","server 0: - | server 1: - | server 2: 2 | server 3: - | server 4: - | server 5: 6 | server 6: 5 | server 7: 1,4,7 | server 8: - | server 9: -"
388,388,after_slot_decision,"ADD:2,8;ADD:3,2;ADD:5,2;ADD:7,2;REMOVE:1,7;REMOVE:2,2;REMOVE:5,6;REMOVE:6,5;REMOVE:7,7","server 0: - | server 1: - | server 2: 3,5,7 | server 3: - | server 4: - | server 5: - | server 6: - | server 7: 4 | server 8: 2 | server 9: -"
389,389,after_slot_decision,"ADD:4,8;ADD:5,4;REMOVE:2,8;REMOVE:3,2;REMOVE:4,7;REMOVE:5,2;REMOVE:7,2",server 0: - | server 1: - | server 2: - | server 3: - | server 4: 5 | server 5: - | server 6: - | server 7: - | server 8: 4 | server 9: -
390,390,after_slot_decision,"ADD:4,7;ADD:6,7;REMOVE:4,8","server 0: - | server 1: - | server 2: - | server 3: - | server 4: 5 | server 5: - | server 6: - | server 7: 4,6 | server 8: - | server 9: -"
391,391,after_slot_decision,"ADD:5,2;ADD:7,2;REMOVE:5,4","server 0: - | server 1: - | server 2: 5,7 | server 3: - | server 4: - | server 5: - | server 6: - | server 7: 4,6 | server 8: - | server 9: -"
392,392,after_slot_decision,"ADD:5,7;REMOVE:4,7;REMOVE:5,2;REMOVE:6,7;REMOVE:7,2",server 0: - | server 1: - | server 2: - | server 3: - | server 4: - | server 5: - | server 6: - | server 7: 5 | server 8: - | server 9: -
393,393,after_slot_decision,"ADD:4,7;ADD:5,2;ADD:7,5;REMOVE:5,7",server 0: - | server 1: - | server 2: 5 | server 3: - | server 4: - | server 5: 7 | server 6: - | server 7: 4 | server 8: - | server 9: -
394,394,after_slot_decision,"ADD:0,2;ADD:4,8;ADD:6,0;ADD:7,7;ADD:7,8;REMOVE:5,2;REMOVE:7,5","server 0: 6 | server 1: - | server 2: 0 | server 3: - | server 4: - | server 5: - | server 6: - | server 7: 4,7 | server 8: 4,7 | server 9: -"
395,395,after_slot_decision,"ADD:4,6;ADD:5,5;ADD:6,4;REMOVE:0,2;REMOVE:4,7;REMOVE:4,8;REMOVE:6,0;REMOVE:7,8",server 0: - | server 1: - | server 2: - | server 3: - | server 4: 6 | server 5: 5 | server 6: 4 | server 7: 7 | server 8: - | server 9: -
396,396,after_slot_decision,"ADD:4,7;ADD:5,2;ADD:6,3;ADD:8,7;REMOVE:4,6;REMOVE:5,5;REMOVE:6,4","server 0: - | server 1: - | server 2: 5 | server 3: 6 | server 4: - | server 5: - | server 6: - | server 7: 4,7,8 | server 8: - | server 9: -"
397,397,after_slot_decision,"ADD:3,2;ADD:6,7;ADD:7,4;REMOVE:5,2;REMOVE:6,3;REMOVE:7,7;REMOVE:8,7","server 0: - | server 1: - | server 2: 3 | server 3: - | server 4: 7 | server 5: - | server 6: - | server 7: 4,6 | server 8: - | server 9: -"
398,398,after_slot_decision,"ADD:2,6;ADD:4,8;ADD:5,7;ADD:7,8;REMOVE:3,2;REMOVE:4,7;REMOVE:7,4","server 0: - | server 1: - | server 2: - | server 3: - | server 4: - | server 5: - | server 6: 2 | server 7: 5,6 | server 8: 4,7 | server 9: -"
399,399,after_slot_decision,"ADD:4,2;ADD:6,8;ADD:7,9;REMOVE:2,6;REMOVE:4,8;REMOVE:5,7;REMOVE:6,7;REMOVE:7,8",server 0: - | server 1: - | server 2: 4 | server 3: - | server 4: - | server 5: - | server 6: - | server 7: - | server 8: 6 | server 9: 7
400,400,after_slot_decision,"ADD:4,7;ADD:5,6;REMOVE:6,8;REMOVE:7,9",server 0: - | server 1: - | server 2: 4 | server 3: - | server 4: - | server 5: - | server 6: 5 | server 7: 4 | server 8: - | server 9: -
401,401,after_slot_decision,"ADD:4,3;ADD:5,8;ADD:6,4;ADD:7,9;REMOVE:4,2;REMOVE:4,7;REMOVE:5,6",server 0: - | server 1: - | server 2: - | server 3: 4 | server 4: 6 | server 5: - | server 6: - | server 7: - | server 8: 5 | server 9: 7
402,402,after_slot_decision,"ADD:5,7;ADD:6,6;ADD:7,7;ADD:8,9;REMOVE:5,8;REMOVE:6,4;REMOVE:7,9","server 0: - | server 1: - | server 2: - | server 3: 4 | server 4: - | server 5: - | server 6: 6 | server 7: 5,7 | server 8: - | server 9: 8"
403,403,after_slot_decision,"ADD:4,2;ADD:4,9;ADD:5,2;ADD:6,8;ADD:7,2;REMOVE:4,3;REMOVE:5,7;REMOVE:6,6;REMOVE:7,7;REMOVE:8,9","server 0: - | server 1: - | server 2: 4,5,7 | server 3: - | server 4: - | server 5: - | server 6: - | server 7: - | server 8: 6 | server 9: 4"
404,404,after_slot_decision,"ADD:2,2;ADD:3,4;ADD:4,4;ADD:7,7;REMOVE:4,2;REMOVE:4,9;REMOVE:5,2;REMOVE:7,2","server 0: - | server 1: - | server 2: 2 | server 3: - | server 4: 3,4 | server 5: - | server 6: - | server 7: 7 | server 8: 6 | server 9: -"
405,405,after_slot_decision,"ADD:6,2;ADD:7,8;ADD:8,0;REMOVE:2,2;REMOVE:3,4;REMOVE:6,8;REMOVE:7,7",server 0: 8 | server 1: - | server 2: 6 | server 3: - | server 4: 4 | server 5: - | server 6: - | server 7: - | server 8: 7 | server 9: -
406,406,after_slot_decision,"ADD:1,5;ADD:4,7;ADD:5,7;ADD:7,9;ADD:8,1;REMOVE:4,4;REMOVE:6,2;REMOVE:7,8;REMOVE:8,0","server 0: - | server 1: 8 | server 2: - | server 3: - | server 4: - | server 5: 1 | server 6: - | server 7: 4,5 | server 8: - | server 9: 7"
407,407,after_slot_decision,"ADD:1,1;ADD:4,5;ADD:5,6;ADD:6,7;ADD:7,7;ADD:8,2;REMOVE:1,5;REMOVE:4,7;REMOVE:5,7;REMOVE:7,9;REMOVE:8,1","server 0: - | server 1: 1 | server 2: 8 | server 3: - | server 4: - | server 5: 4 | server 6: 5 | server 7: 6,7 | server 8: - | server 9: -"
408,408,after_slot_decision,"ADD:1,2;ADD:1,7;ADD:4,7;ADD:5,8;ADD:6,2;ADD:7,3;ADD:8,8;REMOVE:1,1;REMOVE:4,5;REMOVE:5,6;REMOVE:6,7;REMOVE:7,7","server 0: - | server 1: - | server 2: 1,6,8 | server 3: 7 | server 4: - | server 5: - | server 6: - | server 7: 1,4 | server 8: 5,8 | server 9: -"
409,409,after_slot_decision,"ADD:0,8;ADD:0,9;ADD:3,4;ADD:4,2;ADD:5,4;ADD:6,7;ADD:7,2;REMOVE:1,2;REMOVE:4,7;REMOVE:5,8;REMOVE:6,2;REMOVE:7,3","server 0: - | server 1: - | server 2: 4,7,8 | server 3: - | server 4: 3,5 | server 5: - | server 6: - | server 7: 1,6 | server 8: 0,8 | server 9: 0"
410,410,after_slot_decision,"ADD:1,2;ADD:2,1;ADD:4,8;ADD:5,7;ADD:6,6;ADD:7,7;ADD:7,8;REMOVE:0,9;REMOVE:3,4;REMOVE:4,2;REMOVE:5,4;REMOVE:6,7;REMOVE:7,2;REMOVE:8,8","server 0: - | server 1: 2 | server 2: 1,8 | server 3: - | server 4: - | server 5: - | server 6: 6 | server 7: 1,5,7 | server 8: 0,4,7 | server 9: -"
411,411,after_slot_decision,"ADD:1,5;ADD:1,8;ADD:3,7;ADD:4,7;ADD:5,2;ADD:7,2;ADD:8,9;REMOVE:0,8;REMOVE:1,2;REMOVE:1,7;REMOVE:2,1;REMOVE:4,8;REMOVE:5,7;REMOVE:6,6;REMOVE:7,7;REMOVE:8,2","server 0: - | server 1: - | server 2: 5,7 | server 3: - | server 4: - | server 5: 1 | server 6: - | server 7: 3,4 | server 8: 1,7 | server 9: 8"
412,412,after_slot_decision,"ADD:1,6;ADD:3,4;ADD:7,4;REMOVE:1,5;REMOVE:1,8;REMOVE:3,7;REMOVE:5,2;REMOVE:7,2;REMOVE:7,8;REMOVE:8,9","server 0: - | server 1: - | server 2: - | server 3: - | server 4: 3,7 | server 5: - | server 6: 1 | server 7: 4 | server 8: - | server 9: -"
413,413,after_slot_decision,"ADD:1,1;ADD:4,1;ADD:7,9;ADD:8,8;REMOVE:1,6;REMOVE:3,4;REMOVE:4,7;REMOVE:7,4","server 0: - | server 1: 1,4 | server 2: - | server 3: - | server 4: - | server 5: - | server 6: - | server 7: - | server 8: 8 | server 9: 7"
414,414,after_slot_decision,"ADD:1,7;ADD:4,9;ADD:5,2;ADD:7,8;ADD:8,7;REMOVE:1,1;REMOVE:4,1;REMOVE:7,9;REMOVE:8,8","server 0: - | server 1: - | server 2: 5 | server 3: - | server 4: - | server 5: - | server 6: - | server 7: 1,8 | server 8: 7 | server 9: 4"
415,415,after_slot_decision,"ADD:4,7;ADD:5,1;ADD:6,8;ADD:7,9;ADD:8,9;REMOVE:1,7;REMOVE:4,9;REMOVE:5,2;REMOVE:7,8;REMOVE:8,7","server 0: - | server 1: 5 | server 2: - | server 3: - | server 4: - | server 5: - | server 6: - | server 7: 4 | server 8: 6 | server 9: 7,8"
416,416,after_slot_decision,"ADD:4,2;ADD:5,8;ADD:6,1;ADD:7,7;ADD:8,1;REMOVE:4,7;REMOVE:5,1;REMOVE:6,8;REMOVE:7,9;REMOVE:8,9","server 0: - | server 1: 6,8 | server 2: 4 | server 3: - | server 4: - | server 5: - | server 6: - | server 7: 7 | server 8: 5 | server 9: -"
417,417,after_slot_decision,"ADD:1,1;ADD:4,7;ADD:5,7;ADD:7,2;ADD:8,7;REMOVE:4,2;REMOVE:5,8;REMOVE:6,1;REMOVE:7,7;REMOVE:8,1","server 0: - | server 1: 1 | server 2: 7 | server 3: - | server 4: - | server 5: - | server 6: - | server 7: 4,5,8 | server 8: - | server 9: -"
418,418,after_slot_decision,"ADD:7,0;REMOVE:1,1;REMOVE:4,7;REMOVE:5,7;REMOVE:7,2;REMOVE:8,7",server 0: 7 | server 1: - | server 2: - | server 3: - | server 4: - | server 5: - | server 6: - | server 7: - | server 8: - | server 9: -
419,419,after_slot_decision,"ADD:0,8;ADD:1,2;ADD:2,9;ADD:4,2;ADD:5,2;ADD:6,3;ADD:7,7;ADD:8,7;REMOVE:7,0","server 0: - | server 1: - | server 2: 1,4,5 | server 3: 6 | server 4: - | server 5: - | server 6: - | server 7: 7,8 | server 8: 0 | server 9: 2"
420,420,after_slot_decision,"ADD:4,8;ADD:7,2;ADD:8,2;REMOVE:0,8;REMOVE:1,2;REMOVE:2,9;REMOVE:4,2;REMOVE:5,2;REMOVE:6,3;REMOVE:7,7;REMOVE:8,7","server 0: - | server 1: - | server 2: 7,8 | server 3: - | server 4: - | server 5: - | server 6: - | server 7: - | server 8: 4 | server 9: -"
421,421,after_slot_decision,"ADD:1,8;ADD:2,7;ADD:4,9;ADD:5,9;ADD:7,8;ADD:8,3;REMOVE:7,2;REMOVE:8,2","server 0: - | server 1: - | server 2: - | server 3: 8 | server 4: - | server 5: - | server 6: - | server 7: 2 | server 8: 1,4,7 | server 9: 4,5"
422,422,after_slot_decision,"ADD:4,4;ADD:5,8;ADD:7,5;ADD:7,9;ADD:8,6;REMOVE:1,8;REMOVE:4,8;REMOVE:4,9;REMOVE:5,9;REMOVE:7,8;REMOVE:8,3",server 0: - | server 1: - | server 2: - | server 3: - | server 4: 4 | server 5: 7 | server 6: 8 | server 7: 2 | server 8: 5 | server 9: 7
423,423,after_slot_decision,"ADD:2,9;ADD:4,3;ADD:5,2;ADD:7,8;ADD:8,7;REMOVE:2,7;REMOVE:4,4;REMOVE:5,8;REMOVE:7,5;REMOVE:7,9;REMOVE:8,6",server 0: - | server 1: - | server 2: 5 | server 3: 4 | server 4: - | server 5: - | server 6: - | server 7: 8 | server 8: 7 | server 9: 2
424,424,after_slot_decision,"ADD:3,3;ADD:4,7;ADD:7,7;ADD:8,4;REMOVE:2,9;REMOVE:4,3;REMOVE:5,2;REMOVE:7,8;REMOVE:8,7","server 0: - | server 1: - | server 2: - | server 3: 3 | server 4: 8 | server 5: - | server 6: - | server 7: 4,7 | server 8: - | server 9: -"
425,425,after_slot_decision,"ADD:4,2;ADD:4,9;ADD:5,5;ADD:7,9;ADD:8,2;ADD:8,7;REMOVE:3,3;REMOVE:4,7;REMOVE:7,7;REMOVE:8,4","server 0: - | server 1: - | server 2: 4,8 | server 3: - | server 4: - | server 5: 5 | server 6: - | server 7: 8 | server 8: - | server 9: 4,7"
426,426,after_slot_decision,"ADD:4,6;ADD:5,1;ADD:7,5;ADD:8,5;REMOVE:4,2;REMOVE:4,9;REMOVE:5,5;REMOVE:7,9;REMOVE:8,2;REMOVE:8,7","server 0: - | server 1: 5 | server 2: - | server 3: - | server 4: - | server 5: 7,8 | server 6: 4 | server 7: - | server 8: - | server 9: -"
427,427,after_slot_decision,"ADD:3,2;ADD:4,7;ADD:7,8;ADD:8,8;REMOVE:4,6;REMOVE:5,1;REMOVE:7,5;REMOVE:8,5","server 0: - | server 1: - | server 2: 3 | server 3: - | server 4: - | server 5: - | server 6: - | server 7: 4 | server 8: 7,8 | server 9: -"
428,428,after_slot_decision,"ADD:5,4;ADD:7,1;REMOVE:3,2;REMOVE:4,7;REMOVE:7,8",server 0: - | server 1: 7 | server 2: - | server 3: - | server 4: 5 | server 5: - | server 6: - | server 7: - | server 8: 8 | server 9: -
429,429,after_slot_decision,"ADD:1,2;ADD:7,4;ADD:8,4;REMOVE:5,4;REMOVE:7,1;REMOVE:8,8","server 0: - | server 1: - | server 2: 1 | server 3: - | server 4: 7,8 | server 5: - | server 6: - | server 7: - | server 8: - | server 9: -"
430,430,after_slot_decision,"ADD:4,5;ADD:5,8;ADD:7,2;ADD:8,7;REMOVE:1,2;REMOVE:7,4;REMOVE:8,4",server 0: - | server 1: - | server 2: 7 | server 3: - | server 4: - | server 5: 4 | server 6: - | server 7: 8 | server 8: 5 | server 9: -
431,431,after_slot_decision,"ADD:1,4;ADD:8,8;REMOVE:4,5;REMOVE:5,8;REMOVE:8,7",server 0: - | server 1: - | server 2: 7 | server 3: - | server 4: 1 | server 5: - | server 6: - | server 7: - | server 8: 8 | server 9: -
432,432,after_slot_decision,"ADD:5,4;ADD:7,7;ADD:8,0;REMOVE:1,4;REMOVE:7,2;REMOVE:8,8",server 0: 8 | server 1: - | server 2: - | server 3: - | server 4: 5 | server 5: - | server 6: - | server 7: 7 | server 8: - | server 9: -
433,433,after_slot_decision,"ADD:7,2;ADD:8,2;REMOVE:5,4;REMOVE:7,7;REMOVE:8,0","server 0: - | server 1: - | server 2: 7,8 | server 3: - | server 4: - | server 5: - | server 6: - | server 7: - | server 8: - | server 9: -"
434,434,after_slot_decision,"ADD:2,9;ADD:4,8;ADD:5,9;ADD:8,3;REMOVE:7,2;REMOVE:8,2","server 0: - | server 1: - | server 2: - | server 3: 8 | server 4: - | server 5: - | server 6: - | server 7: - | server 8: 4 | server 9: 2,5"
435,435,after_slot_decision,"ADD:1,3;ADD:5,3;ADD:7,7;REMOVE:2,9;REMOVE:4,8;REMOVE:5,9","server 0: - | server 1: - | server 2: - | server 3: 1,5,8 | server 4: - | server 5: - | server 6: - | server 7: 7 | server 8: - | server 9: -"
436,436,after_slot_decision,"ADD:3,2;ADD:4,2;ADD:5,8;ADD:7,0;ADD:8,6;REMOVE:1,3;REMOVE:5,3;REMOVE:7,7;REMOVE:8,3","server 0: 7 | server 1: - | server 2: 3,4 | server 3: - | server 4: - | server 5: - | server 6: 8 | server 7: - | server 8: 5 | server 9: -"
437,437,after_slot_decision,"ADD:4,9;ADD:8,4;REMOVE:3,2;REMOVE:4,2;REMOVE:5,8;REMOVE:7,0;REMOVE:8,6",server 0: - | server 1: - | server 2: - | server 3: - | server 4: 8 | server 5: - | server 6: - | server 7: - | server 8: - | server 9: 4
438,438,after_slot_decision,"ADD:1,2;ADD:4,0;ADD:5,9;ADD:7,9;ADD:8,7;REMOVE:4,9;REMOVE:8,4","server 0: 4 | server 1: - | server 2: 1 | server 3: - | server 4: - | server 5: - | server 6: - | server 7: 8 | server 8: - | server 9: 5,7"
439,439,after_slot_decision,"ADD:4,7;ADD:7,4;REMOVE:1,2;REMOVE:4,0;REMOVE:5,9;REMOVE:7,9","server 0: - | server 1: - | server 2: - | server 3: - | server 4: 7 | server 5: - | server 6: - | server 7: 4,8 | server 8: - | server 9: -"
440,440,after_slot_decision,"ADD:0,1;ADD:4,4;REMOVE:4,7;REMOVE:7,4",server 0: - | server 1: 0 | server 2: - | server 3: - | server 4: 4 | server 5: - | server 6: - | server 7: 8 | server 8: - | server 9: -
441,441,after_slot_decision,"ADD:1,0;ADD:4,6;ADD:5,2;ADD:6,5;ADD:7,8;REMOVE:0,1;REMOVE:4,4",server 0: 1 | server 1: - | server 2: 5 | server 3: - | server 4: - | server 5: 6 | server 6: 4 | server 7: 8 | server 8: 7 | server 9: -
442,442,after_slot_decision,"ADD:1,4;ADD:4,9;ADD:6,8;ADD:8,6;REMOVE:1,0;REMOVE:4,6;REMOVE:5,2;REMOVE:6,5;REMOVE:8,7","server 0: - | server 1: - | server 2: - | server 3: - | server 4: 1 | server 5: - | server 6: 8 | server 7: - | server 8: 6,7 | server 9: 4"
443,443,after_slot_decision,"ADD:4,2;ADD:5,6;ADD:6,1;ADD:7,7;ADD:8,7;REMOVE:1,4;REMOVE:4,9;REMOVE:6,8;REMOVE:7,8;REMOVE:8,6","server 0: - | server 1: 6 | server 2: 4 | server 3: - | server 4: - | server 5: - | server 6: 5 | server 7: 7,8 | server 8: - | server 9: -"
444,444,after_slot_decision,"ADD:0,4;ADD:4,6;ADD:5,7;ADD:7,3;ADD:8,8;REMOVE:4,2;REMOVE:5,6;REMOVE:6,1;REMOVE:7,7;REMOVE:8,7",server 0: - | server 1: - | server 2: - | server 3: 7 | server 4: 0 | server 5: - | server 6: 4 | server 7: 5 | server 8: 8 | server 9: -
445,445,after_slot_decision,"ADD:4,7;ADD:5,6;ADD:7,7;ADD:8,7;REMOVE:0,4;REMOVE:4,6;REMOVE:5,7;REMOVE:7,3;REMOVE:8,8","server 0: - | server 1: - | server 2: - | server 3: - | server 4: - | server 5: - | server 6: 5 | server 7: 4,7,8 | server 8: - | server 9: -"
446,446,after_slot_decision,"ADD:0,2;ADD:2,4;ADD:4,5;ADD:5,2;REMOVE:4,7;REMOVE:5,6;REMOVE:7,7","server 0: - | server 1: - | server 2: 0,5 | server 3: - | server 4: 2 | server 5: 4 | server 6: - | server 7: 8 | server 8: - | server 9: -"
447,447,after_slot_decision,"ADD:1,8;ADD:2,8;ADD:4,8;ADD:5,8;ADD:6,1;ADD:7,8;REMOVE:0,2;REMOVE:2,4;REMOVE:4,5;REMOVE:5,2","server 0: - | server 1: 6 | server 2: - | server 3: - | server 4: - | server 5: - | server 6: - | server 7: 8 | server 8: 1,2,4,5,7 | server 9: -"
448,448,after_slot_decision,"ADD:2,9;ADD:4,9;ADD:5,2;ADD:7,5;ADD:8,4;REMOVE:2,8;REMOVE:4,8;REMOVE:5,8;REMOVE:6,1;REMOVE:8,7","server 0: - | server 1: - | server 2: 5 | server 3: - | server 4: 8 | server 5: 7 | server 6: - | server 7: - | server 8: 1,7 | server 9: 2,4"
449,449,after_slot_decision,"ADD:0,3;ADD:2,6;ADD:5,4;ADD:6,7;ADD:8,3;REMOVE:1,8;REMOVE:2,9;REMOVE:4,9;REMOVE:5,2;REMOVE:7,5;REMOVE:7,8;REMOVE:8,4","server 0: - | server 1: - | server 2: - | server 3: 0,8 | server 4: 5 | server 5: - | server 6: 2 | server 7: 6 | server 8: - | server 9: -"
450,450,after_slot_decision,"ADD:4,7;ADD:5,7;ADD:7,7;ADD:8,2;REMOVE:0,3;REMOVE:2,6;REMOVE:5,4;REMOVE:6,7;REMOVE:8,3","server 0: - | server 1: - | server 2: 8 | server 3: - | server 4: - | server 5: - | server 6: - | server 7: 4,5,7 | server 8: - | server 9: -"
451,451,after_slot_decision,"ADD:1,3;ADD:2,4;ADD:7,8;ADD:8,8;REMOVE:7,7","server 0: - | server 1: - | server 2: 8 | server 3: 1 | server 4: 2 | server 5: - | server 6: - | server 7: 4,5 | server 8: 7,8 | server 9: -"
452,452,after_slot_decision,"ADD:2,2;ADD:4,8;ADD:5,4;ADD:7,5;ADD:8,9;REMOVE:1,3;REMOVE:2,4;REMOVE:4,7;REMOVE:5,7;REMOVE:7,8;REMOVE:8,2","server 0: - | server 1: - | server 2: 2 | server 3: - | server 4: 5 | server 5: 7 | server 6: - | server 7: - | server 8: 4,8 | server 9: 8"
453,453,after_slot_decision,"ADD:4,5;ADD:5,2;ADD:8,7;REMOVE:2,2;REMOVE:4,8;REMOVE:5,4;REMOVE:7,5;REMOVE:8,8;REMOVE:8,9",server 0: - | server 1: - | server 2: 5 | server 3: - | server 4: - | server 5: 4 | server 6: - | server 7: 8 | server 8: - | server 9: -
454,454,after_slot_decision,"ADD:0,4;ADD:4,1;ADD:5,4;ADD:7,3;REMOVE:4,5;REMOVE:5,2","server 0: - | server 1: 4 | server 2: - | server 3: 7 | server 4: 0,5 | server 5: - | server 6: - | server 7: 8 | server 8: - | server 9: -"
455,455,after_slot_decision,"ADD:0,7;ADD:5,7;ADD:6,2;ADD:7,5;ADD:8,8;REMOVE:0,4;REMOVE:4,1;REMOVE:5,4;REMOVE:7,3;REMOVE:8,7","server 0: - | server 1: - | server 2: 6 | server 3: - | server 4: - | server 5: 7 | server 6: - | server 7: 0,5 | server 8: 8 | server 9: -"
456,456,after_slot_decision,"ADD:7,2;REMOVE:0,7;REMOVE:5,7;REMOVE:6,2;REMOVE:7,5;REMOVE:8,8",server 0: - | server 1: - | server 2: 7 | server 3: - | server 4: - | server 5: - | server 6: - | server 7: - | server 8: - | server 9: -
457,457,after_slot_decision,"ADD:5,0;ADD:7,0;ADD:8,2;REMOVE:7,2","server 0: 5,7 | server 1: - | server 2: 8 | server 3: - | server 4: - | server 5: - | server 6: - | server 7: - | server 8: - | server 9: -"
458,458,after_slot_decision,"ADD:2,8;ADD:4,1;ADD:5,7;ADD:7,3;ADD:7,5;ADD:8,7;REMOVE:5,0;REMOVE:7,0;REMOVE:8,2","server 0: - | server 1: 4 | server 2: - | server 3: 7 | server 4: - | server 5: 7 | server 6: - | server 7: 5,8 | server 8: 2 | server 9: -"
459,459,after_slot_decision,"ADD:7,4;REMOVE:2,8;REMOVE:4,1;REMOVE:5,7;REMOVE:7,3;REMOVE:7,5",server 0: - | server 1: - | server 2: - | server 3: - | server 4: 7 | server 5: - | server 6: - | server 7: 8 | server 8: - | server 9: -
460,460,after_slot_decision,"ADD:1,3;ADD:2,7;ADD:7,9;ADD:8,2;REMOVE:7,4;REMOVE:8,7",server 0: - | server 1: - | server 2: 8 | server 3: 1 | server 4: - | server 5: - | server 6: - | server 7: 2 | server 8: - | server 9: 7
461,461,after_slot_decision,"ADD:1,1;ADD:8,7;REMOVE:1,3;REMOVE:8,2","server 0: - | server 1: 1 | server 2: - | server 3: - | server 4: - | server 5: - | server 6: - | server 7: 2,8 | server 8: - | server 9: 7"
462,462,after_slot_decision,"ADD:0,5;ADD:5,1;ADD:7,3;REMOVE:1,1;REMOVE:2,7;REMOVE:7,9",server 0: - | server 1: 5 | server 2: - | server 3: 7 | server 4: - | server 5: 0 | server 6: - | server 7: 8 | server 8: - | server 9: -
463,463,after_slot_decision,"ADD:0,7;ADD:4,2;ADD:5,2;ADD:7,9;REMOVE:0,5;REMOVE:5,1;REMOVE:7,3","server 0: - | server 1: - | server 2: 4,5 | server 3: - | server 4: - | server 5: - | server 6: - | server 7: 0,8 | server 8: - | server 9: 7"
464,464,after_slot_decision,"ADD:4,7;ADD:5,5;ADD:8,8;REMOVE:0,7;REMOVE:4,2;REMOVE:5,2;REMOVE:7,9;REMOVE:8,7",server 0: - | server 1: - | server 2: - | server 3: - | server 4: - | server 5: 5 | server 6: - | server 7: 4 | server 8: 8 | server 9: -
465,465,after_slot_decision,"ADD:0,7;ADD:1,0;ADD:4,9;ADD:5,3;ADD:7,2;ADD:8,7;REMOVE:4,7;REMOVE:5,5;REMOVE:8,8","server 0: 1 | server 1: - | server 2: 7 | server 3: 5 | server 4: - | server 5: - | server 6: - | server 7: 0,8 | server 8: - | server 9: 4"
466,466,after_slot_decision,"ADD:5,2;ADD:8,9;REMOVE:1,0;REMOVE:4,9;REMOVE:5,3;REMOVE:8,7","server 0: - | server 1: - | server 2: 5,7 | server 3: - | server 4: - | server 5: - | server 6: - | server 7: 0 | server 8: - | server 9: 8"
467,467,after_slot_decision,"ADD:0,2;ADD:5,3;ADD:7,4;ADD:8,8;REMOVE:0,7;REMOVE:5,2;REMOVE:7,2;REMOVE:8,9",server 0: - | server 1: - | server 2: 0 | server 3: 5 | server 4: 7 | server 5: - | server 6: - | server 7: - | server 8: 8 | server 9: -
468,468,after_slot_decision,"ADD:0,4;ADD:1,1;ADD:2,7;ADD:4,7;ADD:5,1;ADD:6,6;REMOVE:0,2;REMOVE:5,3;REMOVE:7,4","server 0: - | server 1: 1,5 | server 2: - | server 3: - | server 4: 0 | server 5: - | server 6: 6 | server 7: 2,4 | server 8: 8 | server 9: -"
469,469,after_slot_decision,"ADD:2,9;ADD:4,9;ADD:7,8;ADD:8,7;REMOVE:0,4;REMOVE:1,1;REMOVE:2,7;REMOVE:4,7;REMOVE:5,1;REMOVE:6,6;REMOVE:8,8","server 0: - | server 1: - | server 2: - | server 3: - | server 4: - | server 5: - | server 6: - | server 7: 8 | server 8: 7 | server 9: 2,4"
470,470,after_slot_decision,"ADD:2,3;ADD:5,6;ADD:6,5;ADD:7,1;REMOVE:2,9;REMOVE:4,9;REMOVE:7,8",server 0: - | server 1: 7 | server 2: - | server 3: 2 | server 4: - | server 5: 6 | server 6: 5 | server 7: 8 | server 8: - | server 9: -
471,471,after_slot_decision,"ADD:0,1;ADD:4,3;ADD:5,1;ADD:8,8;REMOVE:2,3;REMOVE:5,6;REMOVE:6,5;REMOVE:7,1;REMOVE:8,7","server 0: - | server 1: 0,5 | server 2: - | server 3: 4 | server 4: - | server 5: - | server 6: - | server 7: - | server 8: 8 | server 9: -"
472,472,after_slot_decision,"ADD:0,8;ADD:0,9;ADD:4,2;ADD:5,2;ADD:7,0;ADD:8,7;REMOVE:0,1;REMOVE:4,3;REMOVE:5,1;REMOVE:8,8","server 0: 7 | server 1: - | server 2: 4,5 | server 3: - | server 4: - | server 5: - | server 6: - | server 7: 8 | server 8: 0 | server 9: 0"
473,473,after_slot_decision,"ADD:0,2;ADD:4,8;ADD:5,3;ADD:7,1;ADD:8,8;REMOVE:0,8;REMOVE:0,9;REMOVE:4,2;REMOVE:5,2;REMOVE:7,0;REMOVE:8,7","server 0: - | server 1: 7 | server 2: 0 | server 3: 5 | server 4: - | server 5: - | server 6: - | server 7: - | server 8: 4,8 | server 9: -"
474,474,after_slot_decision,"ADD:0,3;ADD:0,9;ADD:1,5;ADD:2,5;ADD:2,8;ADD:4,7;ADD:5,7;ADD:7,9;ADD:8,7;REMOVE:0,2;REMOVE:4,8;REMOVE:5,3;REMOVE:7,1","server 0: - | server 1: - | server 2: - | server 3: 0 | server 4: - | server 5: 1,2 | server 6: - | server 7: 4,5,8 | server 8: 2,8 | server 9: 0,7"
475,475,after_slot_decision,"ADD:0,7;ADD:1,7;ADD:4,9;ADD:5,5;ADD:7,8;REMOVE:0,3;REMOVE:0,9;REMOVE:1,5;REMOVE:2,5;REMOVE:2,8;REMOVE:4,7;REMOVE:5,7;REMOVE:7,9;REMOVE:8,8","server 0: - | server 1: - | server 2: - | server 3: - | server 4: - | server 5: 5 | server 6: - | server 7: 0,1,8 | server 8: 7 | server 9: 4"
476,476,after_slot_decision,"ADD:2,2;ADD:4,6;ADD:7,6;ADD:8,8;REMOVE:1,7;REMOVE:4,9;REMOVE:5,5;REMOVE:7,8;REMOVE:8,7","server 0: - | server 1: - | server 2: 2 | server 3: - | server 4: - | server 5: - | server 6: 4,7 | server 7: 0 | server 8: 8 | server 9: -"
477,477,after_slot_decision,"ADD:1,2;ADD:2,9;ADD:4,3;ADD:5,1;ADD:7,1;REMOVE:0,7;REMOVE:2,2;REMOVE:4,6;REMOVE:7,6;REMOVE:8,8","server 0: - | server 1: 5,7 | server 2: 1 | server 3: 4 | server 4: - | server 5: - | server 6: - | server 7: - | server 8: - | server 9: 2"
478,478,after_slot_decision,"ADD:0,7;ADD:4,2;ADD:7,8;ADD:8,1;REMOVE:1,2;REMOVE:2,9;REMOVE:4,3;REMOVE:5,1;REMOVE:7,1",server 0: - | server 1: 8 | server 2: 4 | server 3: - | server 4: - | server 5: - | server 6: - | server 7: 0 | server 8: 7 | server 9: -
479,479,after_slot_decision,"ADD:1,2;ADD:2,2;ADD:4,8;ADD:7,7;ADD:8,3;ADD:8,7;REMOVE:0,7;REMOVE:4,2;REMOVE:7,8;REMOVE:8,1","server 0: - | server 1: - | server 2: 1,2 | server 3: 8 | server 4: - | server 5: - | server 6: - | server 7: 7,8 | server 8: 4 | server 9: -"
480,480,after_slot_decision,"ADD:1,7;ADD:2,6;ADD:4,7;ADD:5,8;REMOVE:1,2;REMOVE:2,2;REMOVE:4,8;REMOVE:8,3","server 0: - | server 1: - | server 2: - | server 3: - | server 4: - | server 5: - | server 6: 2 | server 7: 1,4,7,8 | server 8: 5 | server 9: -"
481,481,after_slot_decision,"ADD:0,3;ADD:1,5;ADD:2,5;ADD:5,0;REMOVE:1,7;REMOVE:2,6;REMOVE:5,8;REMOVE:7,7","server 0: 5 | server 1: - | server 2: - | server 3: 0 | server 4: - | server 5: 1,2 | server 6: - | server 7: 4,8 | server 8: - | server 9: -"
482,482,after_slot_decision,"ADD:0,2;ADD:1,7;ADD:4,4;ADD:5,2;ADD:8,2;REMOVE:0,3;REMOVE:1,5;REMOVE:4,7;REMOVE:5,0;REMOVE:8,7","server 0: - | server 1: - | server 2: 0,5,8 | server 3: - | server 4: 4 | server 5: 2 | server 6: - | server 7: 1 | server 8: - | server 9: -"
483,483,after_slot_decision,"ADD:0,7;ADD:1,5;ADD:4,9;ADD:7,8;REMOVE:0,2;REMOVE:1,7;REMOVE:2,5;REMOVE:4,4;REMOVE:5,2;REMOVE:8,2",server 0: - | server 1: - | server 2: - | server 3: - | server 4: - | server 5: 1 | server 6: - | server 7: 0 | server 8: 7 | server 9: 4
484,484,after_slot_decision,"ADD:0,4;ADD:4,0;ADD:7,9;ADD:8,5;REMOVE:0,7;REMOVE:1,5;REMOVE:4,9;REMOVE:7,8",server 0: 4 | server 1: - | server 2: - | server 3: - | server 4: 0 | server 5: 8 | server 6: - | server 7: - | server 8: - | server 9: 7
485,485,after_slot_decision,"ADD:4,4;ADD:5,9;ADD:8,8;ADD:8,9;REMOVE:0,4;REMOVE:4,0;REMOVE:8,5","server 0: - | server 1: - | server 2: - | server 3: - | server 4: 4 | server 5: - | server 6: - | server 7: - | server 8: 8 | server 9: 5,7,8"
486,486,after_slot_decision,"ADD:0,3;ADD:1,1;ADD:4,8;ADD:5,8;ADD:8,7;REMOVE:4,4;REMOVE:5,9;REMOVE:8,8;REMOVE:8,9","server 0: - | server 1: 1 | server 2: - | server 3: 0 | server 4: - | server 5: - | server 6: - | server 7: 8 | server 8: 4,5 | server 9: 7"
487,487,after_slot_decision,"ADD:0,4;ADD:4,0;ADD:6,7;ADD:7,1;REMOVE:0,3;REMOVE:1,1;REMOVE:4,8;REMOVE:5,8;REMOVE:7,9","server 0: 4 | server 1: 7 | server 2: - | server 3: - | server 4: 0 | server 5: - | server 6: - | server 7: 6,8 | server 8: - | server 9: -"
488,488,after_slot_decision,"ADD:0,7;ADD:1,6;ADD:1,8;ADD:4,7;ADD:5,9;ADD:6,5;ADD:7,2;REMOVE:0,4;REMOVE:4,0;REMOVE:6,7;REMOVE:7,1","server 0: - | server 1: - | server 2: 7 | server 3: - | server 4: - | server 5: 6 | server 6: 1 | server 7: 0,4,8 | server 8: 1 | server 9: 5"
489,489,after_slot_decision,"ADD:4,5;ADD:6,3;ADD:7,7;ADD:8,2;ADD:8,8;REMOVE:0,7;REMOVE:1,6;REMOVE:1,8;REMOVE:4,7;REMOVE:5,9;REMOVE:6,5;REMOVE:7,2;REMOVE:8,7",server 0: - | server 1: - | server 2: 8 | server 3: 6 | server 4: - | server 5: 4 | server 6: - | server 7: 7 | server 8: 8 | server 9: -
490,490,after_slot_decision,"ADD:7,4;ADD:8,7;REMOVE:4,5;REMOVE:6,3;REMOVE:7,7;REMOVE:8,2",server 0: - | server 1: - | server 2: - | server 3: - | server 4: 7 | server 5: - | server 6: - | server 7: 8 | server 8: 8 | server 9: -
491,491,after_slot_decision,"ADD:4,7;ADD:6,5;ADD:7,2;REMOVE:7,4;REMOVE:8,8","server 0: - | server 1: - | server 2: 7 | server 3: - | server 4: - | server 5: 6 | server 6: - | server 7: 4,8 | server 8: - | server 9: -"
492,492,after_slot_decision,"ADD:6,0;ADD:7,4;ADD:8,8;REMOVE:4,7;REMOVE:6,5;REMOVE:7,2;REMOVE:8,7",server 0: 6 | server 1: - | server 2: - | server 3: - | server 4: 7 | server 5: - | server 6: - | server 7: - | server 8: 8 | server 9: -
493,493,after_slot_decision,"ADD:4,2;ADD:8,7;REMOVE:6,0;REMOVE:7,4;REMOVE:8,8",server 0: - | server 1: - | server 2: 4 | server 3: - | server 4: - | server 5: - | server 6: - | server 7: 8 | server 8: - | server 9: -
494,494,after_slot_decision,"ADD:0,1;ADD:1,2;ADD:2,4;ADD:4,3;ADD:4,6;REMOVE:4,2",server 0: - | server 1: 0 | server 2: 1 | server 3: 4 | server 4: 2 | server 5: - | server 6: 4 | server 7: 8 | server 8: - | server 9: -
495,495,after_slot_decision,"ADD:0,2;ADD:1,4;ADD:3,6;ADD:4,2;ADD:5,3;REMOVE:0,1;REMOVE:1,2;REMOVE:2,4;REMOVE:4,3;REMOVE:4,6","server 0: - | server 1: - | server 2: 0,4 | server 3: 5 | server 4: 1 | server 5: - | server 6: 3 | server 7: 8 | server 8: - | server 9: -"
496,496,after_slot_decision,"ADD:0,9;ADD:1,8;ADD:2,4;ADD:7,8;ADD:8,8;REMOVE:0,2;REMOVE:1,4;REMOVE:3,6;REMOVE:4,2;REMOVE:5,3;REMOVE:8,7","server 0: - | server 1: - | server 2: - | server 3: - | server 4: 2 | server 5: - | server 6: - | server 7: - | server 8: 1,7,8 | server 9: 0"
497,497,after_slot_decision,"ADD:0,8;ADD:5,8;ADD:5,9;ADD:6,8;ADD:8,2;REMOVE:0,9;REMOVE:2,4;REMOVE:7,8;REMOVE:8,8","server 0: - | server 1: - | server 2: 8 | server 3: - | server 4: - | server 5: - | server 6: - | server 7: - | server 8: 0,1,5,6 | server 9: 5"
498,498,after_slot_decision,"ADD:1,6;ADD:4,1;ADD:5,1;ADD:6,9;ADD:7,7;ADD:8,1;REMOVE:0,8;REMOVE:1,8;REMOVE:5,8;REMOVE:5,9;REMOVE:6,8;REMOVE:8,2","server 0: - | server 1: 4,5,8 | server 2: - | server 3: - | server 4: - | server 5: - | server 6: 1 | server 7: 7 | server 8: - | server 9: 6"
499,499,after_slot_decision,"ADD:4,2;ADD:5,5;ADD:5,9;ADD:8,9;REMOVE:1,6;REMOVE:4,1;REMOVE:5,1;REMOVE:6,9;REMOVE:7,7;REMOVE:8,1","server 0: - | server 1: - | server 2: 4 | server 3: - | server 4: - | server 5: 5 | server 6: - | server 7: - | server 8: - | server 9: 5,8"
500,500,after_slot_decision,"ADD:1,7;ADD:2,8;ADD:3,4;ADD:4,3;ADD:5,7;ADD:7,9;ADD:8,7;REMOVE:4,2;REMOVE:5,5;REMOVE:5,9;REMOVE:8,9","server 0: - | server 1: - | server 2: - | server 3: 4 | server 4: 3 | server 5: - | server 6: - | server 7: 1,5,8 | server 8: 2 | server 9: 7"
501,501,after_slot_decision,"ADD:0,3;ADD:1,2;ADD:2,2;ADD:4,9;ADD:7,8;REMOVE:1,7;REMOVE:2,8;REMOVE:3,4;REMOVE:4,3;REMOVE:5,7;REMOVE:7,9","server 0: - | server 1: - | server 2: 1,2 | server 3: 0 | server 4: - | server 5: - | server 6: - | server 7: 8 | server 8: 7 | server 9: 4"
502,502,after_slot_decision,"ADD:4,8;ADD:5,8;ADD:6,5;ADD:7,7;REMOVE:0,3;REMOVE:4,9;REMOVE:7,8","server 0: - | server 1: - | server 2: 1,2 | server 3: - | server 4: - | server 5: 6 | server 6: - | server 7: 7,8 | server 8: 4,5 | server 9: -"
503,503,after_slot_decision,"ADD:1,8;ADD:2,3;ADD:4,6;ADD:5,7;REMOVE:1,2;REMOVE:2,2;REMOVE:4,8;REMOVE:5,8;REMOVE:6,5;REMOVE:7,7","server 0: - | server 1: - | server 2: - | server 3: 2 | server 4: - | server 5: - | server 6: 4 | server 7: 5,8 | server 8: 1 | server 9: -"
504,504,after_slot_decision,"ADD:2,7;ADD:4,9;ADD:6,8;ADD:7,8;REMOVE:2,3;REMOVE:4,6;REMOVE:5,7","server 0: - | server 1: - | server 2: - | server 3: - | server 4: - | server 5: - | server 6: - | server 7: 2,8 | server 8: 1,6,7 | server 9: 4"
505,505,after_slot_decision,"ADD:1,7;ADD:2,4;ADD:4,6;ADD:8,2;REMOVE:1,8;REMOVE:2,7;REMOVE:4,9;REMOVE:6,8;REMOVE:7,8;REMOVE:8,7",server 0: - | server 1: - | server 2: 8 | server 3: - | server 4: 2 | server 5: - | server 6: 4 | server 7: 1 | server 8: - | server 9: -
506,506,after_slot_decision,"ADD:2,6;ADD:3,4;ADD:4,4;ADD:5,1;ADD:6,6;ADD:7,2;REMOVE:1,7;REMOVE:2,4;REMOVE:4,6;REMOVE:8,2","server 0: - | server 1: 5 | server 2: 7 | server 3: - | server 4: 3,4 | server 5: - | server 6: 2,6 | server 7: - | server 8: - | server 9: -"
507,507,after_slot_decision,"ADD:2,0;ADD:4,6;ADD:5,7;ADD:6,8;ADD:8,7;REMOVE:2,6;REMOVE:3,4;REMOVE:4,4;REMOVE:5,1;REMOVE:6,6","server 0: 2 | server 1: - | server 2: 7 | server 3: - | server 4: - | server 5: - | server 6: 4 | server 7: 5,8 | server 8: 6 | server 9: -"
508,508,after_slot_decision,"ADD:2,7;ADD:3,6;ADD:4,7;ADD:5,3;ADD:7,7;REMOVE:2,0;REMOVE:4,6;REMOVE:5,7;REMOVE:6,8;REMOVE:7,2","server 0: - | server 1: - | server 2: - | server 3: 5 | server 4: - | server 5: - | server 6: 3 | server 7: 2,4,7,8 | server 8: - | server 9: -"
509,509,after_slot_decision,"ADD:2,3;ADD:2,5;ADD:3,7;ADD:5,7;ADD:6,9;ADD:7,4;ADD:8,8;REMOVE:2,7;REMOVE:3,6;REMOVE:5,3;REMOVE:7,7","server 0: - | server 1: - | server 2: - | server 3: 2 | server 4: 7 | server 5: 2 | server 6: - | server 7: 3,4,5,8 | server 8: 8 | server 9: 6"
510,510,after_slot_decision,"ADD:4,8;ADD:7,0;ADD:8,2;REMOVE:2,5;REMOVE:4,7;REMOVE:6,9;REMOVE:7,4;REMOVE:8,7;REMOVE:8,8","server 0: 7 | server 1: - | server 2: 8 | server 3: 2 | server 4: - | server 5: - | server 6: - | server 7: 3,5 | server 8: 4 | server 9: -"
511,511,after_slot_decision,"ADD:0,7;ADD:2,0;ADD:3,8;ADD:4,9;ADD:5,0;ADD:6,8;ADD:8,8;REMOVE:2,3;REMOVE:3,7;REMOVE:4,8;REMOVE:5,7;REMOVE:7,0;REMOVE:8,2","server 0: 2,5 | server 1: - | server 2: - | server 3: - | server 4: - | server 5: - | server 6: - | server 7: 0 | server 8: 3,6,8 | server 9: 4"
512,512,after_slot_decision,"ADD:2,7;ADD:3,7;ADD:4,7;ADD:5,9;ADD:6,7;ADD:7,0;ADD:8,7;REMOVE:0,7;REMOVE:2,0;REMOVE:3,8;REMOVE:4,9;REMOVE:5,0;REMOVE:6,8;REMOVE:8,8","server 0: 7 | server 1: - | server 2: - | server 3: - | server 4: - | server 5: - | server 6: - | server 7: 2,3,4,6,8 | server 8: - | server 9: 5"
513,513,after_slot_decision,"ADD:3,8;ADD:4,8;ADD:5,7;ADD:7,2;REMOVE:2,7;REMOVE:3,7;REMOVE:4,7;REMOVE:5,9;REMOVE:6,7;REMOVE:7,0","server 0: - | server 1: - | server 2: 7 | server 3: - | server 4: - | server 5: - | server 6: - | server 7: 5,8 | server 8: 3,4 | server 9: -"
514,514,after_slot_decision,"ADD:2,5;ADD:3,2;ADD:4,5;ADD:5,6;ADD:7,9;ADD:8,8;REMOVE:3,8;REMOVE:4,8;REMOVE:5,7;REMOVE:7,2","server 0: - | server 1: - | server 2: 3 | server 3: - | server 4: - | server 5: 2,4 | server 6: 5 | server 7: 8 | server 8: 8 | server 9: 7"
515,515,after_slot_decision,"ADD:0,5;ADD:2,7;ADD:4,8;ADD:5,7;ADD:6,1;ADD:7,8;ADD:8,2;REMOVE:2,5;REMOVE:3,2;REMOVE:4,5;REMOVE:5,6;REMOVE:7,9;REMOVE:8,8","server 0: - | server 1: 6 | server 2: 8 | server 3: - | server 4: - | server 5: 0 | server 6: - | server 7: 2,5,8 | server 8: 4,7 | server 9: -"
516,516,after_slot_decision,"ADD:0,2;ADD:2,8;ADD:3,2;ADD:4,4;ADD:5,0;ADD:8,8;REMOVE:0,5;REMOVE:2,7;REMOVE:4,8;REMOVE:5,7;REMOVE:6,1;REMOVE:8,2;REMOVE:8,7","server 0: 5 | server 1: - | server 2: 0,3 | server 3: - | server 4: 4 | server 5: - | server 6: - | server 7: - | server 8: 2,7,8 | server 9: -"
517,517,after_slot_decision,"ADD:2,9;ADD:4,7;ADD:5,3;ADD:6,2;ADD:7,7;ADD:8,7;REMOVE:0,2;REMOVE:2,8;REMOVE:3,2;REMOVE:4,4;REMOVE:5,0;REMOVE:7,8;REMOVE:8,8","server 0: - | server 1: - | server 2: 6 | server 3: 5 | server 4: - | server 5: - | server 6: - | server 7: 4,7,8 | server 8: - | server 9: 2"
518,518,after_slot_decision,"ADD:4,6;ADD:5,0;ADD:6,0;ADD:8,8;REMOVE:4,7;REMOVE:5,3;REMOVE:6,2;REMOVE:7,7;REMOVE:8,7","server 0: 5,6 | server 1: - | server 2: - | server 3: - | server 4: - | server 5: - | server 6: 4 | server 7: - | server 8: 8 | server 9: 2"
519,519,after_slot_decision,"ADD:3,4;ADD:4,4;ADD:7,4;ADD:8,9;REMOVE:2,9;REMOVE:4,6;REMOVE:5,0;REMOVE:6,0;REMOVE:8,8","server 0: - | server 1: - | server 2: - | server 3: - | server 4: 3,4,7 | server 5: - | server 6: - | server 7: - | server 8: - | server 9: 8"
520,520,after_slot_decision,"ADD:0,0;ADD:3,3;ADD:5,8;ADD:6,5;ADD:7,3;ADD:8,2;REMOVE:3,4;REMOVE:4,4;REMOVE:7,4;REMOVE:8,9","server 0: 0 | server 1: - | server 2: 8 | server 3: 3,7 | server 4: - | server 5: 6 | server 6: - | server 7: - | server 8: 5 | server 9: -"
521,521,after_slot_decision,"ADD:1,4;ADD:2,9;ADD:3,8;ADD:4,2;ADD:5,2;ADD:6,4;ADD:7,8;REMOVE:0,0;REMOVE:3,3;REMOVE:5,8;REMOVE:6,5;REMOVE:7,3","server 0: - | server 1: - | server 2: 4,5,8 | server 3: - | server 4: 1,6 | server 5: - | server 6: - | server 7: - | server 8: 3,7 | server 9: 2"
522,522,after_slot_decision,"ADD:1,7;ADD:2,2;ADD:3,3;ADD:4,7;ADD:5,5;ADD:5,9;ADD:7,3;ADD:8,7;REMOVE:1,4;REMOVE:2,9;REMOVE:3,8;REMOVE:4,2;REMOVE:5,2;REMOVE:6,4;REMOVE:7,8;REMOVE:8,2","server 0: - | server 1: - | server 2: 2 | server 3: 3,7 | server 4: - | server 5: 5 | server 6: - | server 7: 1,4,8 | server 8: - | server 9: 5"
523,523,after_slot_decision,"ADD:0,9;ADD:1,8;ADD:2,3;ADD:3,7;ADD:4,3;ADD:4,5;ADD:5,4;ADD:6,2;ADD:7,6;REMOVE:1,7;REMOVE:2,2;REMOVE:3,3;REMOVE:4,7;REMOVE:5,5;REMOVE:5,9;REMOVE:7,3","server 0: - | server 1: - | server 2: 6 | server 3: 2,4 | server 4: 5 | server 5: 4 | server 6: 7 | server 7: 3,8 | server 8: 1 | server 9: 0"
524,524,after_slot_decision,"ADD:3,8;ADD:4,0;ADD:5,9;ADD:7,2;ADD:8,8;REMOVE:0,9;REMOVE:1,8;REMOVE:3,7;REMOVE:4,3;REMOVE:4,5;REMOVE:5,4;REMOVE:6,2;REMOVE:7,6;REMOVE:8,7","server 0: 4 | server 1: - | server 2: 7 | server 3: 2 | server 4: - | server 5: - | server 6: - | server 7: - | server 8: 3,8 | server 9: 5"
525,525,after_slot_decision,"ADD:1,3;ADD:2,7;ADD:3,5;ADD:4,9;ADD:5,3;ADD:7,7;ADD:8,7;REMOVE:2,3;REMOVE:3,8;REMOVE:4,0;REMOVE:5,9;REMOVE:7,2;REMOVE:8,8","server 0: - | server 1: - | server 2: - | server 3: 1,5 | server 4: - | server 5: 3 | server 6: - | server 7: 2,7,8 | server 8: - | server 9: 4"
526,526,after_slot_decision,"ADD:3,9;ADD:4,1;ADD:5,8;ADD:7,9;REMOVE:1,3;REMOVE:2,7;REMOVE:3,5;REMOVE:4,9;REMOVE:5,3;REMOVE:7,7;REMOVE:8,7","server 0: - | server 1: 4 | server 2: - | server 3: - | server 4: - | server 5: - | server 6: - | server 7: - | server 8: 5 | server 9: 3,7"
527,527,after_slot_decision,"ADD:4,6;ADD:5,0;ADD:8,2;REMOVE:3,9;REMOVE:4,1;REMOVE:5,8;REMOVE:7,9",server 0: 5 | server 1: - | server 2: 8 | server 3: - | server 4: - | server 5: - | server 6: 4 | server 7: - | server 8: - | server 9: -
528,528,after_slot_decision,"ADD:1,8;ADD:2,8;ADD:3,7;ADD:4,8;ADD:5,9;ADD:7,1;ADD:8,0;REMOVE:4,6;REMOVE:5,0;REMOVE:8,2","server 0: 8 | server 1: 7 | server 2: - | server 3: - | server 4: - | server 5: - | server 6: - | server 7: 3 | server 8: 1,2,4 | server 9: 5"
529,529,after_slot_decision,"ADD:1,7;ADD:2,7;ADD:3,5;ADD:4,4;ADD:5,3;ADD:6,1;ADD:7,5;ADD:8,9;REMOVE:1,8;REMOVE:2,8;REMOVE:3,7;REMOVE:4,8;REMOVE:5,9;REMOVE:7,1;REMOVE:8,0","server 0: - | server 1: 6 | server 2: - | server 3: 5 | server 4: 4 | server 5: 3,7 | server 6: - | server 7: 1,2 | server 8: - | server 9: 8"
530,530,after_slot_decision,"ADD:1,5;ADD:3,9;ADD:4,1;ADD:7,8;ADD:8,2;REMOVE:1,7;REMOVE:3,5;REMOVE:4,4;REMOVE:5,3;REMOVE:6,1;REMOVE:7,5;REMOVE:8,9",server 0: - | server 1: 4 | server 2: 8 | server 3: - | server 4: - | server 5: 1 | server 6: - | server 7: 2 | server 8: 7 | server 9: 3
531,531,after_slot_decision,"ADD:0,7;ADD:1,3;ADD:2,9;ADD:3,3;ADD:4,7;ADD:5,7;ADD:6,3;ADD:8,7;REMOVE:1,5;REMOVE:2,7;REMOVE:3,9;REMOVE:4,1;REMOVE:8,2","server 0: - | server 1: - | server 2: - | server 3: 1,3,6 | server 4: - | server 5: - | server 6: - | server 7: 0,4,5,8 | server 8: 7 | server 9: 2"
532,532,after_slot_decision,"ADD:1,4;ADD:2,7;ADD:3,2;ADD:4,9;ADD:5,2;ADD:8,1;REMOVE:0,7;REMOVE:1,3;REMOVE:2,9;REMOVE:3,3;REMOVE:4,7;REMOVE:5,7;REMOVE:6,3;REMOVE:7,8;REMOVE:8,7","server 0: - | server 1: 8 | server 2: 3,5 | server 3: - | server 4: 1 | server 5: - | server 6: - | server 7: 2 | server 8: - | server 9: 4"
533,533,after_slot_decision,"ADD:2,9;ADD:7,4;ADD:8,8;REMOVE:1,4;REMOVE:2,7;REMOVE:3,2;REMOVE:4,9;REMOVE:5,2;REMOVE:8,1",server 0: - | server 1: - | server 2: - | server 3: - | server 4: 7 | server 5: - | server 6: - | server 7: - | server 8: 8 | server 9: 2
534,534,after_slot_decision,"ADD:4,4;ADD:5,6;ADD:8,3;REMOVE:2,9;REMOVE:7,4;REMOVE:8,8",server 0: - | server 1: - | server 2: - | server 3: 8 | server 4: 4 | server 5: - | server 6: 5 | server 7: - | server 8: - | server 9: -
535,535,after_slot_decision,"ADD:3,7;ADD:4,8;ADD:5,2;ADD:7,5;ADD:8,7;REMOVE:4,4;REMOVE:5,6;REMOVE:8,3","server 0: - | server 1: - | server 2: 5 | server 3: - | server 4: - | server 5: 7 | server 6: - | server 7: 3,8 | server 8: 4 | server 9: -"
536,536,after_slot_decision,"ADD:1,8;ADD:3,4;ADD:4,2;ADD:5,4;ADD:6,4;ADD:7,2;REMOVE:3,7;REMOVE:4,8;REMOVE:5,2;REMOVE:7,5","server 0: - | server 1: - | server 2: 4,7 | server 3: - | server 4: 3,5,6 | server 5: - | server 6: - | server 7: 8 | server 8: 1 | server 9: -"
537,537,after_slot_decision,"ADD:1,3;ADD:3,8;ADD:4,4;ADD:7,7;ADD:8,0;REMOVE:1,8;REMOVE:3,4;REMOVE:4,2;REMOVE:5,4;REMOVE:6,4;REMOVE:7,2","server 0: 8 | server 1: - | server 2: - | server 3: 1 | server 4: 4 | server 5: - | server 6: - | server 7: 7,8 | server 8: 3 | server 9: -"
538,538,after_slot_decision,"ADD:0,8;ADD:1,2;ADD:4,1;ADD:5,7;ADD:7,3;ADD:8,8;REMOVE:1,3;REMOVE:3,8;REMOVE:4,4;REMOVE:7,7;REMOVE:8,0;REMOVE:8,7","server 0: - | server 1: 4 | server 2: 1 | server 3: 7 | server 4: - | server 5: - | server 6: - | server 7: 5 | server 8: 0,8 | server 9: -"
539,539,after_slot_decision,"ADD:0,7;ADD:3,4;ADD:5,9;REMOVE:0,8;REMOVE:4,1;REMOVE:5,7;REMOVE:7,3",server 0: - | server 1: - | server 2: 1 | server 3: - | server 4: 3 | server 5: - | server 6: - | server 7: 0 | server 8: 8 | server 9: 5
540,540,after_slot_decision,"ADD:3,6;ADD:4,2;ADD:5,8;ADD:6,5;ADD:8,7;REMOVE:0,7;REMOVE:1,2;REMOVE:3,4;REMOVE:5,9;REMOVE:8,8",server 0: - | server 1: - | server 2: 4 | server 3: - | server 4: - | server 5: 6 | server 6: 3 | server 7: 8 | server 8: 5 | server 9: -
541,541,after_slot_decision,"ADD:0,4;ADD:1,1;ADD:3,7;ADD:5,7;ADD:8,4;REMOVE:3,6;REMOVE:4,2;REMOVE:5,8;REMOVE:6,5;REMOVE:8,7","server 0: - | server 1: 1 | server 2: - | server 3: - | server 4: 0,8 | server 5: - | server 6: - | server 7: 3,5 | server 8: - | server 9: -"
542,542,after_slot_decision,"ADD:0,9;ADD:4,4;ADD:5,9;ADD:7,5;ADD:7,7;ADD:8,7;REMOVE:0,4;REMOVE:1,1;REMOVE:3,7;REMOVE:5,7;REMOVE:8,4","server 0: - | server 1: - | server 2: - | server 3: - | server 4: 4 | server 5: 7 | server 6: - | server 7: 7,8 | server 8: - | server 9: 0,5"
543,543,after_slot_decision,"ADD:2,2;ADD:2,9;ADD:3,4;ADD:4,2;ADD:5,2;ADD:7,9;ADD:8,8;REMOVE:0,9;REMOVE:4,4;REMOVE:5,9;REMOVE:7,5;REMOVE:7,7;REMOVE:8,7","server 0: - | server 1: - | server 2: 2,4,5 | server 3: - | server 4: 3 | server 5: - | server 6: - | server 7: - | server 8: 8 | server 9: 2,7"
544,544,after_slot_decision,"ADD:0,8;ADD:1,7;ADD:2,8;ADD:4,6;ADD:5,8;ADD:7,8;ADD:8,6;REMOVE:2,2;REMOVE:2,9;REMOVE:3,4;REMOVE:4,2;REMOVE:5,2;REMOVE:7,9;REMOVE:8,8","server 0: - | server 1: - | server 2: - | server 3: - | server 4: - | server 5: - | server 6: 4,8 | server 7: 1 | server 8: 0,2,5,7 | server 9: -"
545,545,after_slot_decision,"ADD:0,7;ADD:1,8;ADD:4,4;ADD:6,2;ADD:7,7;ADD:8,9;REMOVE:0,8;REMOVE:1,7;REMOVE:4,6;REMOVE:7,8;REMOVE:8,6","server 0: - | server 1: - | server 2: 6 | server 3: - | server 4: 4 | server 5: - | server 6: - | server 7: 0,7 | server 8: 1,2,5 | server 9: 8"
546,546,after_slot_decision,"ADD:3,4;ADD:4,7;ADD:5,4;ADD:8,7;REMOVE:0,7;REMOVE:1,8;REMOVE:2,8;REMOVE:4,4;REMOVE:5,8;REMOVE:6,2;REMOVE:7,7;REMOVE:8,9","server 0: - | server 1: - | server 2: - | server 3: - | server 4: 3,5 | server 5: - | server 6: - | server 7: 4,8 | server 8: - | server 9: -"
547,547,after_slot_decision,"ADD:1,9;ADD:4,5;ADD:7,2;REMOVE:4,7;REMOVE:5,4;REMOVE:8,7",server 0: - | server 1: - | server 2: 7 | server 3: - | server 4: 3 | server 5: 4 | server 6: - | server 7: - | server 8: - | server 9: 1
548,548,after_slot_decision,"ADD:3,7;ADD:4,3;ADD:5,4;ADD:8,0;REMOVE:1,9;REMOVE:3,4;REMOVE:4,5",server 0: 8 | server 1: - | server 2: 7 | server 3: 4 | server 4: 5 | server 5: - | server 6: - | server 7: 3 | server 8: - | server 9: -
549,549,after_slot_decision,"ADD:1,2;ADD:3,1;ADD:4,7;ADD:5,8;ADD:7,7;ADD:8,4;REMOVE:3,7;REMOVE:4,3;REMOVE:5,4;REMOVE:7,2;REMOVE:8,0","server 0: - | server 1: 3 | server 2: 1 | server 3: - | server 4: 8 | server 5: - | server 6: - | server 7: 4,7 | server 8: 5 | server 9: -"
550,550,after_slot_decision,"ADD:0,9;ADD:3,2;ADD:3,8;ADD:4,2;ADD:5,2;ADD:7,6;ADD:8,1;REMOVE:3,1;REMOVE:4,7;REMOVE:5,8;REMOVE:7,7;REMOVE:8,4","server 0: - | server 1: 8 | server 2: 1,3,4,5 | server 3: - | server 4: - | server 5: - | server 6: 7 | server 7: - | server 8: 3 | server 9: 0"
551,551,after_slot_decision,"ADD:1,6;ADD:2,9;ADD:3,6;ADD:4,7;ADD:5,7;ADD:7,4;ADD:8,8;REMOVE:0,9;REMOVE:1,2;REMOVE:3,2;REMOVE:3,8;REMOVE:4,2;REMOVE:5,2;REMOVE:7,6;REMOVE:8,1","server 0: - | server 1: - | server 2: - | server 3: - | server 4: 7 | server 5: - | server 6: 1,3 | server 7: 4,5 | server 8: 8 | server 9: 2"
552,552,after_slot_decision,"ADD:1,9;ADD:3,2;ADD:4,9;ADD:8,7;REMOVE:1,6;REMOVE:2,9;REMOVE:3,6;REMOVE:4,7;REMOVE:8,8","server 0: - | server 1: - | server 2: 3 | server 3: - | server 4: 7 | server 5: - | server 6: - | server 7: 5,8 | server 8: - | server 9: 1,4"
553,553,after_slot_decision,"ADD:0,2;ADD:7,7;REMOVE:1,9;REMOVE:3,2;REMOVE:4,9;REMOVE:7,4","server 0: - | server 1: - | server 2: 0 | server 3: - | server 4: - | server 5: - | server 6: - | server 7: 5,7,8 | server 8: - | server 9: -"
554,554,after_slot_decision,"ADD:3,3;ADD:5,3;ADD:7,6;REMOVE:0,2;REMOVE:5,7;REMOVE:7,7;REMOVE:8,7","server 0: - | server 1: - | server 2: - | server 3: 3,5 | server 4: - | server 5: - | server 6: 7 | server 7: - | server 8: - | server 9: -"
555,555,after_slot_decision,"ADD:4,8;ADD:5,8;ADD:7,2;ADD:8,8;REMOVE:3,3;REMOVE:5,3;REMOVE:7,6","server 0: - | server 1: - | server 2: 7 | server 3: - | server 4: - | server 5: - | server 6: - | server 7: - | server 8: 4,5,8 | server 9: -"
556,556,after_slot_decision,"ADD:2,2;ADD:3,4;ADD:4,7;ADD:5,7;ADD:7,7;REMOVE:4,8;REMOVE:5,8;REMOVE:7,2","server 0: - | server 1: - | server 2: 2 | server 3: - | server 4: 3 | server 5: - | server 6: - | server 7: 4,5,7 | server 8: 8 | server 9: -"
557,557,after_slot_decision,"ADD:1,7;ADD:3,8;ADD:4,4;ADD:5,0;ADD:7,3;REMOVE:2,2;REMOVE:3,4;REMOVE:4,7;REMOVE:5,7;REMOVE:7,7","server 0: 5 | server 1: - | server 2: - | server 3: 7 | server 4: 4 | server 5: - | server 6: - | server 7: 1 | server 8: 3,8 | server 9: -"
558,558,after_slot_decision,"ADD:1,6;ADD:3,7;ADD:4,8;ADD:5,3;ADD:8,2;ADD:8,3;REMOVE:1,7;REMOVE:3,8;REMOVE:4,4;REMOVE:5,0;REMOVE:8,8","server 0: - | server 1: - | server 2: 8 | server 3: 5,7,8 | server 4: - | server 5: - | server 6: 1 | server 7: 3 | server 8: 4 | server 9: -"
559,559,after_slot_decision,"ADD:1,9;ADD:4,4;ADD:6,5;ADD:8,8;REMOVE:1,6;REMOVE:3,7;REMOVE:4,8;REMOVE:5,3;REMOVE:7,3;REMOVE:8,2;REMOVE:8,3",server 0: - | server 1: - | server 2: - | server 3: - | server 4: 4 | server 5: 6 | server 6: - | server 7: - | server 8: 8 | server 9: 1
560,560,after_slot_decision,"ADD:0,6;ADD:3,7;ADD:4,7;ADD:5,2;ADD:6,7;ADD:7,2;REMOVE:1,9;REMOVE:4,4;REMOVE:6,5","server 0: - | server 1: - | server 2: 5,7 | server 3: - | server 4: - | server 5: - | server 6: 0 | server 7: 3,4,6 | server 8: 8 | server 9: -"
561,561,after_slot_decision,"ADD:0,4;ADD:3,9;ADD:5,5;ADD:5,9;ADD:7,8;ADD:8,2;REMOVE:0,6;REMOVE:3,7;REMOVE:4,7;REMOVE:5,2;REMOVE:6,7;REMOVE:7,2;REMOVE:8,8","server 0: - | server 1: - | server 2: 8 | server 3: - | server 4: 0 | server 5: 5 | server 6: - | server 7: - | server 8: 7 | server 9: 3,5"
562,562,after_slot_decision,"ADD:0,8;ADD:1,6;ADD:4,9;ADD:7,1;ADD:8,8;REMOVE:0,4;REMOVE:3,9;REMOVE:5,5;REMOVE:7,8;REMOVE:8,2","server 0: - | server 1: 7 | server 2: - | server 3: - | server 4: - | server 5: - | server 6: 1 | server 7: - | server 8: 0,8 | server 9: 4,5"
563,563,after_slot_decision,"ADD:3,7;ADD:4,4;ADD:5,8;ADD:6,1;REMOVE:1,6;REMOVE:4,9;REMOVE:5,9;REMOVE:7,1","server 0: - | server 1: 6 | server 2: - | server 3: - | server 4: 4 | server 5: - | server 6: - | server 7: 3 | server 8: 0,5,8 | server 9: -"
564,564,after_slot_decision,"ADD:0,7;ADD:1,1;ADD:4,2;ADD:5,5;ADD:5,9;ADD:7,4;ADD:8,9;REMOVE:3,7;REMOVE:4,4;REMOVE:5,8;REMOVE:6,1;REMOVE:8,8","server 0: - | server 1: 1 | server 2: 4 | server 3: - | server 4: 7 | server 5: 5 | server 6: - | server 7: 0 | server 8: 0 | server 9: 5,8"
565,565,after_slot_decision,"ADD:0,2;ADD:3,7;ADD:4,7;ADD:5,8;ADD:6,4;ADD:7,5;REMOVE:0,7;REMOVE:0,8;REMOVE:1,1;REMOVE:4,2;REMOVE:5,5;REMOVE:5,9;REMOVE:7,4","server 0: - | server 1: - | server 2: 0 | server 3: - | server 4: 6 | server 5: 7 | server 6: - | server 7: 3,4 | server 8: 5 | server 9: 8"
566,566,after_slot_decision,"ADD:0,8;ADD:1,2;ADD:3,3;ADD:5,7;ADD:7,7;ADD:8,8;REMOVE:0,2;REMOVE:3,7;REMOVE:5,8;REMOVE:6,4;REMOVE:7,5","server 0: - | server 1: - | server 2: 1 | server 3: 3 | server 4: - | server 5: - | server 6: - | server 7: 4,5,7 | server 8: 0,8 | server 9: 8"
567,567,after_slot_decision,"ADD:0,7;ADD:2,8;ADD:3,4;ADD:4,4;ADD:7,9;REMOVE:0,8;REMOVE:1,2;REMOVE:3,3;REMOVE:4,7;REMOVE:5,7;REMOVE:7,7;REMOVE:8,9","server 0: - | server 1: - | server 2: - | server 3: - | server 4: 3,4 | server 5: - | server 6: - | server 7: 0 | server 8: 2,8 | server 9: 7"
568,568,after_slot_decision,"ADD:0,8;ADD:1,5;ADD:4,7;ADD:8,9;REMOVE:0,7;REMOVE:2,8;REMOVE:3,4;REMOVE:4,4;REMOVE:7,9;REMOVE:8,8",server 0: - | server 1: - | server 2: - | server 3: - | server 4: - | server 5: 1 | server 6: - | server 7: 4 | server 8: 0 | server 9: 8
569,569,after_slot_decision,"ADD:0,7;ADD:6,6;ADD:7,8;ADD:8,2;REMOVE:0,8;REMOVE:1,5;REMOVE:4,7;REMOVE:8,9",server 0: - | server 1: - | server 2: 8 | server 3: - | server 4: - | server 5: - | server 6: 6 | server 7: 0 | server 8: 7 | server 9: -
570,570,after_slot_decision,"ADD:3,8;ADD:4,7;ADD:5,1;ADD:7,2;ADD:8,4;REMOVE:6,6;REMOVE:7,8;REMOVE:8,2","server 0: - | server 1: 5 | server 2: 7 | server 3: - | server 4: 8 | server 5: - | server 6: - | server 7: 0,4 | server 8: 3 | server 9: -"
571,571,after_slot_decision,"ADD:0,2;ADD:0,8;ADD:1,7;ADD:2,8;ADD:3,0;ADD:5,7;ADD:6,8;ADD:8,7;REMOVE:0,7;REMOVE:3,8;REMOVE:5,1;REMOVE:7,2;REMOVE:8,4","server 0: 3 | server 1: - | server 2: 0 | server 3: - | server 4: - | server 5: - | server 6: - | server 7: 1,4,5,8 | server 8: 0,2,6 | server 9: -"
572,572,after_slot_decision,"ADD:2,7;ADD:3,3;ADD:7,8;ADD:8,9;REMOVE:0,2;REMOVE:2,8;REMOVE:3,0;REMOVE:5,7;REMOVE:6,8;REMOVE:8,7","server 0: - | server 1: - | server 2: - | server 3: 3 | server 4: - | server 5: - | server 6: - | server 7: 1,2,4 | server 8: 0,7 | server 9: 8"
573,573,after_slot_decision,"ADD:0,0;ADD:1,2;ADD:2,8;ADD:3,1;ADD:4,8;ADD:5,9;ADD:7,9;REMOVE:0,8;REMOVE:1,7;REMOVE:2,7;REMOVE:3,3;REMOVE:4,7;REMOVE:7,8","server 0: 0 | server 1: 3 | server 2: 1 | server 3: - | server 4: - | server 5: - | server 6: - | server 7: - | server 8: 2,4 | server 9: 5,7,8"
574,574,after_slot_decision,"ADD:0,3;ADD:4,1;ADD:7,3;ADD:8,8;REMOVE:0,0;REMOVE:1,2;REMOVE:3,1;REMOVE:4,8;REMOVE:5,9;REMOVE:7,9;REMOVE:8,9","server 0: - | server 1: 4 | server 2: - | server 3: 0,7 | server 4: - | server 5: - | server 6: - | server 7: - | server 8: 2,8 | server 9: -"
575,575,after_slot_decision,"ADD:0,8;ADD:2,1;ADD:6,1;ADD:8,4;REMOVE:0,3;REMOVE:2,8;REMOVE:7,3;REMOVE:8,8","server 0: - | server 1: 2,4,6 | server 2: - | server 3: - | server 4: 8 | server 5: - | server 6: - | server 7: - | server 8: 0 | server 9: -"
576,576,after_slot_decision,"ADD:3,2;ADD:4,4;ADD:5,0;ADD:7,6;REMOVE:0,8;REMOVE:2,1;REMOVE:4,1;REMOVE:6,1;REMOVE:8,4",server 0: 5 | server 1: - | server 2: 3 | server 3: - | server 4: 4 | server 5: - | server 6: 7 | server 7: - | server 8: - | server 9: -
577,577,after_slot_decision,"ADD:0,2;ADD:0,7;ADD:2,8;ADD:4,7;ADD:6,5;ADD:7,3;ADD:8,7;REMOVE:3,2;REMOVE:4,4;REMOVE:5,0;REMOVE:7,6","server 0: - | server 1: - | server 2: 0 | server 3: 7 | server 4: - | server 5: 6 | server 6: - | server 7: 0,4,8 | server 8: 2 | server 9: -"
578,578,after_slot_decision,"ADD:2,7;ADD:3,7;ADD:3,8;ADD:4,8;ADD:5,3;ADD:6,1;ADD:7,6;ADD:8,2;REMOVE:2,8;REMOVE:4,7;REMOVE:6,5;REMOVE:7,3;REMOVE:8,7","server 0: - | server 1: 6 | server 2: 0,8 | server 3: 5 | server 4: - | server 5: - | server 6: 7 | server 7: 0,2,3 | server 8: 3,4 | server 9: -"
579,579,after_slot_decision,"ADD:0,8;ADD:5,7;ADD:6,4;ADD:8,8;REMOVE:0,2;REMOVE:3,8;REMOVE:5,3;REMOVE:6,1;REMOVE:7,6;REMOVE:8,2","server 0: - | server 1: - | server 2: - | server 3: - | server 4: 6 | server 5: - | server 6: - | server 7: 0,2,3,5 | server 8: 0,4,8 | server 9: -"
580,580,after_slot_decision,"ADD:2,8;ADD:6,5;ADD:7,8;ADD:8,5;REMOVE:0,8;REMOVE:3,7;REMOVE:4,8;REMOVE:6,4;REMOVE:8,8","server 0: - | server 1: - | server 2: - | server 3: - | server 4: - | server 5: 6,8 | server 6: - | server 7: 0,2,5 | server 8: 2,7 | server 9: -"
581,581,after_slot_decision,"ADD:0,5;ADD:0,8;ADD:1,9;ADD:3,5;ADD:4,1;ADD:5,6;ADD:8,8;REMOVE:0,7;REMOVE:2,7;REMOVE:2,8;REMOVE:5,7;REMOVE:6,5;REMOVE:7,8;REMOVE:8,5","server 0: - | server 1: 4 | server 2: - | server 3: - | server 4: - | server 5: 0,3 | server 6: 5 | server 7: - | server 8: 0,8 | server 9: 1"
582,582,after_slot_decision,"ADD:0,4;ADD:2,1;ADD:3,4;ADD:4,7;ADD:5,2;ADD:8,4;REMOVE:0,5;REMOVE:0,8;REMOVE:1,9;REMOVE:3,5;REMOVE:4,1;REMOVE:5,6;REMOVE:8,8","server 0: - | server 1: 2 | server 2: 5 | server 3: - | server 4: 0,3,8 | server 5: - | server 6: - | server 7: 4 | server 8: - | server 9: -"
583,583,after_slot_decision,"ADD:0,9;ADD:4,8;ADD:5,0;ADD:8,9;REMOVE:0,4;REMOVE:2,1;REMOVE:3,4;REMOVE:4,7;REMOVE:5,2;REMOVE:8,4","server 0: 5 | server 1: - | server 2: - | server 3: - | server 4: - | server 5: - | server 6: - | server 7: - | server 8: 4 | server 9: 0,8"
584,584,after_slot_decision,"ADD:0,8;ADD:3,4;ADD:4,3;ADD:5,7;ADD:6,6;ADD:7,9;ADD:8,7;REMOVE:0,9;REMOVE:4,8;REMOVE:5,0;REMOVE:8,9","server 0: - | server 1: - | server 2: - | server 3: 4 | server 4: 3 | server 5: - | server 6: 6 | server 7: 5,8 | server 8: 0 | server 9: 7"
585,585,after_slot_decision,"ADD:0,9;ADD:3,7;ADD:4,7;ADD:4,8;ADD:5,9;ADD:6,2;ADD:6,9;ADD:7,8;ADD:8,2;REMOVE:0,8;REMOVE:3,4;REMOVE:4,3;REMOVE:5,7;REMOVE:6,6;REMOVE:8,7","server 0: - | server 1: - | server 2: 6,8 | server 3: - | server 4: - | server 5: - | server 6: - | server 7: 3,4 | server 8: 4,7 | server 9: 0,5,6,7"
586,586,after_slot_decision,"ADD:1,5;ADD:2,3;ADD:3,3;ADD:5,7;ADD:6,7;ADD:8,7;REMOVE:0,9;REMOVE:3,7;REMOVE:4,7;REMOVE:5,9;REMOVE:6,2;REMOVE:6,9;REMOVE:7,8;REMOVE:7,9;REMOVE:8,2","server 0: - | server 1: - | server 2: - | server 3: 2,3 | server 4: - | server 5: 1 | server 6: - | server 7: 5,6,8 | server 8: 4 | server 9: -"
587,587,after_slot_decision,"ADD:3,4;ADD:4,7;ADD:5,2;ADD:6,8;ADD:7,9;ADD:8,4;REMOVE:1,5;REMOVE:2,3;REMOVE:3,3;REMOVE:4,8;REMOVE:5,7;REMOVE:6,7;REMOVE:8,7","server 0: - | server 1: - | server 2: 5 | server 3: - | server 4: 3,8 | server 5: - | server 6: - | server 7: 4 | server 8: 6 | server 9: 7"
588,588,after_slot_decision,"ADD:3,7;ADD:4,3;ADD:5,4;ADD:6,7;ADD:7,7;ADD:8,1;REMOVE:3,4;REMOVE:4,7;REMOVE:5,2;REMOVE:6,8;REMOVE:7,9;REMOVE:8,4","server 0: - | server 1: 8 | server 2: - | server 3: 4 | server 4: 5 | server 5: - | server 6: - | server 7: 3,6,7 | server 8: - | server 9: -"
589,589,after_slot_decision,"ADD:2,6;ADD:3,4;ADD:4,2;ADD:5,7;ADD:6,8;ADD:8,6;REMOVE:3,7;REMOVE:4,3;REMOVE:5,4;REMOVE:6,7;REMOVE:7,7;REMOVE:8,1","server 0: - | server 1: - | server 2: 4 | server 3: - | server 4: 3 | server 5: - | server 6: 2,8 | server 7: 5 | server 8: 6 | server 9: -"
590,590,after_slot_decision,"ADD:1,1;ADD:4,9;ADD:5,9;ADD:7,7;ADD:8,4;REMOVE:2,6;REMOVE:3,4;REMOVE:4,2;REMOVE:5,7;REMOVE:8,6","server 0: - | server 1: 1 | server 2: - | server 3: - | server 4: 8 | server 5: - | server 6: - | server 7: 7 | server 8: 6 | server 9: 4,5"
591,591,after_slot_decision,"ADD:3,5;ADD:3,9;ADD:4,7;ADD:5,7;ADD:8,7;REMOVE:1,1;REMOVE:4,9;REMOVE:5,9;REMOVE:8,4","server 0: - | server 1: - | server 2: - | server 3: - | server 4: - | server 5: 3 | server 6: - | server 7: 4,5,7,8 | server 8: 6 | server 9: 3"
592,592,after_slot_decision,"ADD:2,9;ADD:3,7;ADD:4,3;ADD:6,7;REMOVE:3,5;REMOVE:3,9;REMOVE:6,8","server 0: - | server 1: - | server 2: - | server 3: 4 | server 4: - | server 5: - | server 6: - | server 7: 3,4,5,6,7,8 | server 8: - | server 9: 2"
593,593,after_slot_decision,"ADD:2,7;ADD:4,8;ADD:5,8;ADD:8,9;REMOVE:2,9;REMOVE:4,3;REMOVE:4,7;REMOVE:5,7;REMOVE:6,7;REMOVE:8,7","server 0: - | server 1: - | server 2: - | server 3: - | server 4: - | server 5: - | server 6: - | server 7: 2,3,7 | server 8: 4,5 | server 9: 8"
594,594,after_slot_decision,"ADD:2,9;ADD:3,8;ADD:4,2;ADD:5,7;ADD:7,4;REMOVE:2,7;REMOVE:3,7;REMOVE:4,8;REMOVE:5,8;REMOVE:7,7;REMOVE:8,9",server 0: - | server 1: - | server 2: 4 | server 3: - | server 4: 7 | server 5: - | server 6: - | server 7: 5 | server 8: 3 | server 9: 2
595,595,after_slot_decision,"ADD:0,0;ADD:3,0;ADD:5,2;ADD:7,2;ADD:8,7;REMOVE:3,8;REMOVE:5,7;REMOVE:7,4","server 0: 0,3 | server 1: - | server 2: 4,5,7 | server 3: - | server 4: - | server 5: - | server 6: - | server 7: 8 | server 8: - | server 9: 2"
596,596,after_slot_decision,"ADD:2,8;ADD:4,7;ADD:5,7;ADD:7,4;REMOVE:0,0;REMOVE:2,9;REMOVE:3,0;REMOVE:4,2;REMOVE:5,2;REMOVE:7,2;REMOVE:8,7","server 0: - | server 1: - | server 2: - | server 3: - | server 4: 7 | server 5: - | server 6: - | server 7: 4,5 | server 8: 2 | server 9: -"
597,597,after_slot_decision,"ADD:1,1;ADD:3,4;ADD:4,0;ADD:5,2;ADD:7,6;ADD:8,8;REMOVE:2,8;REMOVE:4,7;REMOVE:5,7;REMOVE:7,4",server 0: 4 | server 1: 1 | server 2: 5 | server 3: - | server 4: 3 | server 5: - | server 6: 7 | server 7: - | server 8: 8 | server 9: -
598,598,after_slot_decision,"ADD:0,8;ADD:2,8;ADD:3,1;ADD:4,8;ADD:5,7;ADD:7,3;ADD:8,2;REMOVE:1,1;REMOVE:3,4;REMOVE:4,0;REMOVE:7,6;REMOVE:8,8","server 0: - | server 1: 3 | server 2: 5,8 | server 3: 7 | server 4: - | server 5: - | server 6: - | server 7: 5 | server 8: 0,2,4 | server 9: -"
599,599,after_slot_decision,"ADD:0,2;ADD:2,7;ADD:3,7;ADD:5,3;ADD:7,8;ADD:8,8;REMOVE:0,8;REMOVE:2,8;REMOVE:3,1;REMOVE:5,2;REMOVE:5,7;REMOVE:7,3;REMOVE:8,2","server 0: - | server 1: - | server 2: 0 | server 3: 5 | server 4: - | server 5: - | server 6: - | server 7: 2,3 | server 8: 4,7,8 | server 9: -"
600,600,after_slot_decision,"ADD:0,8;ADD:2,9;ADD:4,7;ADD:5,1;ADD:8,6;REMOVE:2,7;REMOVE:3,7;REMOVE:4,8;REMOVE:5,3;REMOVE:8,8","server 0: - | server 1: 5 | server 2: 0 | server 3: - | server 4: - | server 5: - | server 6: 8 | server 7: 4 | server 8: 0,7 | server 9: 2"
601,601,after_slot_decision,"ADD:0,7;ADD:2,8;ADD:3,4;ADD:5,8;ADD:7,5;REMOVE:0,2;REMOVE:0,8;REMOVE:2,9;REMOVE:5,1;REMOVE:8,6","server 0: - | server 1: - | server 2: - | server 3: - | server 4: 3 | server 5: 7 | server 6: - | server 7: 0,4 | server 8: 2,5,7 | server 9: -"
602,602,after_slot_decision,"ADD:0,2;ADD:2,7;ADD:3,7;ADD:4,2;ADD:5,3;ADD:7,1;ADD:8,7;REMOVE:0,7;REMOVE:2,8;REMOVE:3,4;REMOVE:4,7;REMOVE:5,8;REMOVE:7,5;REMOVE:7,8","server 0: - | server 1: 7 | server 2: 0,4 | server 3: 5 | server 4: - | server 5: - | server 6: - | server 7: 2,3,8 | server 8: - | server 9: -"
603,603,after_slot_decision,"ADD:0,7;ADD:2,2;ADD:5,7;ADD:7,7;ADD:7,8;ADD:8,4;REMOVE:0,2;REMOVE:2,7;REMOVE:4,2;REMOVE:5,3;REMOVE:7,1;REMOVE:8,7","server 0: - | server 1: - | server 2: 2 | server 3: - | server 4: 8 | server 5: - | server 6: - | server 7: 0,3,5,7 | server 8: 7 | server 9: -"
604,604,after_slot_decision,"ADD:0,4;ADD:2,7;ADD:3,8;ADD:4,7;ADD:7,4;ADD:8,5;REMOVE:0,7;REMOVE:2,2;REMOVE:3,7;REMOVE:7,7;REMOVE:7,8;REMOVE:8,4","server 0: - | server 1: - | server 2: - | server 3: - | server 4: 0,7 | server 5: 8 | server 6: - | server 7: 2,4,5 | server 8: 3 | server 9: -"
605,605,after_slot_decision,"ADD:3,7;ADD:4,9;ADD:5,3;ADD:7,8;ADD:8,7;REMOVE:0,4;REMOVE:2,7;REMOVE:3,8;REMOVE:4,7;REMOVE:5,7;REMOVE:7,4;REMOVE:8,5","server 0: - | server 1: - | server 2: - | server 3: 5 | server 4: - | server 5: - | server 6: - | server 7: 3,8 | server 8: 7 | server 9: 4"
606,606,after_slot_decision,"ADD:0,9;ADD:1,2;ADD:2,3;ADD:3,9;ADD:4,2;ADD:5,7;ADD:6,4;ADD:7,7;ADD:8,4;REMOVE:3,7;REMOVE:4,9;REMOVE:5,3;REMOVE:8,7","server 0: - | server 1: - | server 2: 1,4 | server 3: 2 | server 4: 6,8 | server 5: - | server 6: - | server 7: 5,7 | server 8: 7 | server 9: 0,3"
607,607,after_slot_decision,"ADD:1,7;ADD:1,8;ADD:3,2;ADD:7,2;ADD:8,9;REMOVE:0,9;REMOVE:1,2;REMOVE:2,3;REMOVE:3,9;REMOVE:6,4;REMOVE:7,7;REMOVE:7,8;REMOVE:8,4","server 0: - | server 1: - | server 2: 3,4,7 | server 3: - | server 4: - | server 5: - | server 6: - | server 7: 1,5 | server 8: 1 | server 9: 8"
608,608,after_slot_decision,"ADD:0,7;ADD:1,4;ADD:4,8;ADD:7,5;ADD:8,7;REMOVE:1,7;REMOVE:1,8;REMOVE:4,2;REMOVE:7,2;REMOVE:8,9","server 0: - | server 1: - | server 2: 3 | server 3: - | server 4: 1 | server 5: 7 | server 6: - | server 7: 0,5,8 | server 8: 4 | server 9: -"
609,609,after_slot_decision,"ADD:0,8;ADD:1,7;ADD:3,8;ADD:4,7;ADD:7,0;REMOVE:1,4;REMOVE:3,2;REMOVE:4,8;REMOVE:7,5","server 0: 7 | server 1: - | server 2: - | server 3: - | server 4: - | server 5: - | server 6: - | server 7: 0,1,4,5,8 | server 8: 0,3 | server 9: -"
610,610,after_slot_decision,"ADD:3,3;ADD:4,9;ADD:5,8;REMOVE:0,8;REMOVE:3,8;REMOVE:4,7;REMOVE:5,7;REMOVE:7,0;REMOVE:8,7","server 0: - | server 1: - | server 2: - | server 3: 3 | server 4: - | server 5: - | server 6: - | server 7: 0,1 | server 8: 5 | server 9: 4"
611,611,after_slot_decision,"ADD:0,2;ADD:5,6;ADD:7,7;REMOVE:0,7;REMOVE:1,7;REMOVE:3,3;REMOVE:5,8",server 0: - | server 1: - | server 2: 0 | server 3: - | server 4: - | server 5: - | server 6: 5 | server 7: 7 | server 8: - | server 9: 4
612,612,after_slot_decision,"ADD:0,7;ADD:4,8;ADD:5,5;ADD:8,8;REMOVE:0,2;REMOVE:4,9;REMOVE:5,6","server 0: - | server 1: - | server 2: - | server 3: - | server 4: - | server 5: 5 | server 6: - | server 7: 0,7 | server 8: 4,8 | server 9: -"
613,613,after_slot_decision,"ADD:1,5;ADD:4,7;ADD:5,8;ADD:7,9;ADD:8,7;REMOVE:4,8;REMOVE:5,5;REMOVE:7,7;REMOVE:8,8","server 0: - | server 1: - | server 2: - | server 3: - | server 4: - | server 5: 1 | server 6: - | server 7: 0,4,8 | server 8: 5 | server 9: 7"
614,614,after_slot_decision,"ADD:0,8;ADD:4,8;ADD:5,7;ADD:7,8;REMOVE:0,7;REMOVE:1,5;REMOVE:4,7;REMOVE:5,8;REMOVE:7,9","server 0: - | server 1: - | server 2: - | server 3: - | server 4: - | server 5: - | server 6: - | server 7: 5,8 | server 8: 0,4,7 | server 9: -"
615,615,after_slot_decision,"ADD:0,7;ADD:1,4;ADD:2,3;ADD:3,2;ADD:4,2;ADD:7,2;REMOVE:0,8;REMOVE:7,8","server 0: - | server 1: - | server 2: 3,4,7 | server 3: 2 | server 4: 1 | server 5: - | server 6: - | server 7: 0,5,8 | server 8: 4 | server 9: -"
616,616,after_slot_decision,"ADD:1,7;ADD:3,3;ADD:5,2;ADD:7,4;REMOVE:0,7;REMOVE:1,4;REMOVE:2,3;REMOVE:3,2;REMOVE:4,8;REMOVE:5,7;REMOVE:7,2;REMOVE:8,7","server 0: - | server 1: - | server 2: 4,5 | server 3: 3 | server 4: 7 | server 5: - | server 6: - | server 7: 1 | server 8: - | server 9: -"
617,617,after_slot_decision,"ADD:1,9;ADD:4,7;ADD:5,9;REMOVE:1,7;REMOVE:3,3;REMOVE:4,2;REMOVE:5,2;REMOVE:7,4","server 0: - | server 1: - | server 2: - | server 3: - | server 4: - | server 5: - | server 6: - | server 7: 4 | server 8: - | server 9: 1,5"
618,618,after_slot_decision,"ADD:4,9;ADD:7,2;ADD:8,2;REMOVE:1,9;REMOVE:4,7;REMOVE:5,9","server 0: - | server 1: - | server 2: 7,8 | server 3: - | server 4: - | server 5: - | server 6: - | server 7: - | server 8: - | server 9: 4"
619,619,after_slot_decision,"ADD:0,2;ADD:0,7;ADD:1,7;ADD:2,7;ADD:2,8;ADD:4,3;ADD:4,7;ADD:5,8;ADD:8,7;REMOVE:4,9;REMOVE:8,2","server 0: - | server 1: - | server 2: 0,7 | server 3: 4 | server 4: - | server 5: - | server 6: - | server 7: 0,1,2,4,8 | server 8: 2,5 | server 9: -"
620,620,after_slot_decision,"ADD:0,8;ADD:1,2;ADD:4,9;ADD:7,7;REMOVE:0,2;REMOVE:1,7;REMOVE:2,7;REMOVE:4,3;REMOVE:4,7;REMOVE:7,2","server 0: - | server 1: - | server 2: 1 | server 3: - | server 4: - | server 5: - | server 6: - | server 7: 0,7,8 | server 8: 0,2,5 | server 9: 4"
621,621,after_slot_decision,"ADD:0,4;ADD:1,8;ADD:4,7;ADD:5,4;ADD:8,9;REMOVE:0,7;REMOVE:0,8;REMOVE:1,2;REMOVE:2,8;REMOVE:4,9;REMOVE:5,8;REMOVE:7,7;REMOVE:8,7","server 0: - | server 1: - | server 2: - | server 3: - | server 4: 0,5 | server 5: - | server 6: - | server 7: 4 | server 8: 1 | server 9: 8"
622,622,after_slot_decision,"ADD:3,9;ADD:4,3;ADD:5,7;ADD:8,8;REMOVE:0,4;REMOVE:1,8;REMOVE:4,7;REMOVE:5,4;REMOVE:8,9",server 0: - | server 1: - | server 2: - | server 3: 4 | server 4: - | server 5: - | server 6: - | server 7: 5 | server 8: 8 | server 9: 3
623,623,after_slot_decision,"ADD:4,7;ADD:5,8;ADD:6,2;ADD:7,8;ADD:8,3;REMOVE:3,9;REMOVE:4,3;REMOVE:5,7;REMOVE:8,8","server 0: - | server 1: - | server 2: 6 | server 3: 8 | server 4: - | server 5: - | server 6: - | server 7: 4 | server 8: 5,7 | server 9: -"
624,624,after_slot_decision,"ADD:0,8;ADD:3,4;ADD:4,8;ADD:5,1;ADD:7,1;ADD:8,5;REMOVE:4,7;REMOVE:5,8;REMOVE:6,2;REMOVE:7,8;REMOVE:8,3","server 0: - | server 1: 5,7 | server 2: - | server 3: - | server 4: 3 | server 5: 8 | server 6: - | server 7: - | server 8: 0,4 | server 9: -"
625,625,after_slot_decision,"ADD:4,7;ADD:5,7;ADD:7,3;REMOVE:0,8;REMOVE:3,4;REMOVE:4,8;REMOVE:5,1;REMOVE:7,1;REMOVE:8,5","server 0: - | server 1: - | server 2: - | server 3: 7 | server 4: - | server 5: - | server 6: - | server 7: 4,5 | server 8: - | server 9: -"
626,626,after_slot_decision,"ADD:0,7;ADD:2,9;ADD:4,2;ADD:5,8;ADD:7,7;ADD:8,8;REMOVE:4,7;REMOVE:5,7;REMOVE:7,3","server 0: - | server 1: - | server 2: 4 | server 3: - | server 4: - | server 5: - | server 6: - | server 7: 0,7 | server 8: 5,8 | server 9: 2"
627,627,after_slot_decision,"ADD:3,9;ADD:4,9;ADD:5,7;ADD:7,8;ADD:8,2;REMOVE:4,2;REMOVE:7,7;REMOVE:8,8","server 0: - | server 1: - | server 2: 8 | server 3: - | server 4: - | server 5: - | server 6: - | server 7: 0,5 | server 8: 5,7 | server 9: 2,3,4"
628,628,after_slot_decision,"ADD:4,7;ADD:5,1;ADD:7,1;ADD:8,5;REMOVE:2,9;REMOVE:3,9;REMOVE:4,9;REMOVE:5,7;REMOVE:5,8;REMOVE:8,2","server 0: - | server 1: 5,7 | server 2: - | server 3: - | server 4: - | server 5: 8 | server 6: - | server 7: 0,4 | server 8: 7 | server 9: -"
629,629,after_slot_decision,"ADD:0,8;ADD:4,2;ADD:4,9;ADD:5,2;ADD:7,3;ADD:8,9;REMOVE:4,7;REMOVE:5,1;REMOVE:7,1;REMOVE:7,8;REMOVE:8,5","server 0: - | server 1: - | server 2: 4,5 | server 3: 7 | server 4: - | server 5: - | server 6: - | server 7: 0 | server 8: 0 | server 9: 4,8"
630,630,after_slot_decision,"ADD:3,7;ADD:4,8;ADD:5,9;REMOVE:0,7;REMOVE:0,8;REMOVE:4,2;REMOVE:4,9;REMOVE:5,2;REMOVE:7,3","server 0: - | server 1: - | server 2: - | server 3: - | server 4: - | server 5: - | server 6: - | server 7: 3 | server 8: 4 | server 9: 5,8"
631,631,after_slot_decision,"ADD:3,8;ADD:4,7;ADD:5,8;ADD:7,9;ADD:8,7;REMOVE:3,7;REMOVE:4,8;REMOVE:5,9;REMOVE:8,9","server 0: - | server 1: - | server 2: - | server 3: - | server 4: - | server 5: - | server 6: - | server 7: 4,8 | server 8: 3,5 | server 9: 7"
632,632,after_slot_decision,"ADD:4,9;ADD:7,1;ADD:8,3;REMOVE:3,8;REMOVE:4,7;REMOVE:7,9;REMOVE:8,7",server 0: - | server 1: 7 | server 2: - | server 3: 8 | server 4: - | server 5: - | server 6: - | server 7: - | server 8: 5 | server 9: 4
633,633,after_slot_decision,"ADD:0,7;ADD:2,4;ADD:3,7;ADD:4,7;ADD:5,7;ADD:7,7;REMOVE:4,9;REMOVE:5,8;REMOVE:7,1;REMOVE:8,3","server 0: - | server 1: - | server 2: - | server 3: - | server 4: 2 | server 5: - | server 6: - | server 7: 0,3,4,5,7 | server 8: - | server 9: -"
634,634,after_slot_decision,"ADD:3,8;ADD:4,5;REMOVE:2,4;REMOVE:4,7","server 0: - | server 1: - | server 2: - | server 3: - | server 4: - | server 5: 4 | server 6: - | server 7: 0,3,5,7 | server 8: 3 | server 9: -"
635,635,after_slot_decision,"ADD:0,2;ADD:3,6;ADD:4,3;ADD:4,7;ADD:5,2;ADD:7,8;ADD:7,9;ADD:8,9;REMOVE:0,7;REMOVE:3,7;REMOVE:3,8;REMOVE:4,5;REMOVE:5,7;REMOVE:7,7","server 0: - | server 1: - | server 2: 0,5 | server 3: 4 | server 4: - | server 5: - | server 6: 3 | server 7: 4 | server 8: 7 | server 9: 7,8"
636,636,after_slot_decision,"ADD:0,7;ADD:0,8;ADD:3,5;ADD:4,9;ADD:5,8;ADD:7,1;ADD:8,7;REMOVE:0,2;REMOVE:3,6;REMOVE:4,3;REMOVE:4,7;REMOVE:5,2;REMOVE:7,8;REMOVE:7,9;REMOVE:8,9","server 0: - | server 1: 7 | server 2: - | server 3: - | server 4: - | server 5: 3 | server 6: - | server 7: 0,8 | server 8: 0,5 | server 9: 4"
637,637,after_slot_decision,"ADD:0,3;ADD:3,7;ADD:4,7;ADD:6,4;ADD:8,4;REMOVE:0,7;REMOVE:0,8;REMOVE:3,5;REMOVE:4,9;REMOVE:7,1;REMOVE:8,7","server 0: - | server 1: - | server 2: - | server 3: 0 | server 4: 6,8 | server 5: - | server 6: - | server 7: 3,4 | server 8: 5 | server 9: -"
638,638,after_slot_decision,"ADD:1,2;ADD:3,2;ADD:4,3;ADD:7,7;ADD:8,7;REMOVE:0,3;REMOVE:3,7;REMOVE:4,7;REMOVE:5,8;REMOVE:6,4;REMOVE:8,4","server 0: - | server 1: - | server 2: 1,3 | server 3: 4 | server 4: - | server 5: - | server 6: - | server 7: 7,8 | server 8: - | server 9: -"
639,639,after_slot_decision,"ADD:3,1;ADD:4,2;ADD:5,8;ADD:8,8;REMOVE:1,2;REMOVE:3,2;REMOVE:4,3;REMOVE:8,7","server 0: - | server 1: 3 | server 2: 4 | server 3: - | server 4: - | server 5: - | server 6: - | server 7: 7 | server 8: 5,8 | server 9: -"
640,640,after_slot_decision,"ADD:0,7;ADD:2,6;ADD:4,7;ADD:5,4;ADD:7,9;ADD:8,5;ADD:8,9;REMOVE:4,2;REMOVE:5,8;REMOVE:7,7;REMOVE:8,8","server 0: - | server 1: 3 | server 2: - | server 3: - | server 4: 5 | server 5: 8 | server 6: 2 | server 7: 0,4 | server 8: - | server 9: 7,8"
641,641,after_slot_decision,"ADD:0,2;ADD:3,7;ADD:5,7;ADD:7,8;ADD:8,8;REMOVE:0,7;REMOVE:2,6;REMOVE:3,1;REMOVE:5,4;REMOVE:7,9;REMOVE:8,5;REMOVE:8,9","server 0: - | server 1: - | server 2: 0 | server 3: - | server 4: - | server 5: - | server 6: - | server 7: 3,4,5 | server 8: 7,8 | server 9: -"
642,642,after_slot_decision,"ADD:0,7;ADD:1,2;ADD:3,8;ADD:4,5;ADD:4,8;ADD:7,9;REMOVE:0,2;REMOVE:3,7;REMOVE:4,7;REMOVE:7,8","server 0: - | server 1: - | server 2: 1 | server 3: - | server 4: - | server 5: 4 | server 6: - | server 7: 0,5 | server 8: 3,4,8 | server 9: 7"
643,643,after_slot_decision,"ADD:4,2;ADD:5,2;ADD:6,8;ADD:7,4;ADD:8,2;REMOVE:3,8;REMOVE:4,5;REMOVE:4,8;REMOVE:5,7;REMOVE:7,9;REMOVE:8,8","server 0: - | server 1: - | server 2: 1,4,5,8 | server 3: - | server 4: 7 | server 5: - | server 6: - | server 7: 0 | server 8: 6 | server 9: -"
644,644,after_slot_decision,"ADD:1,7;ADD:2,3;ADD:3,4;ADD:4,4;ADD:7,8;ADD:8,1;REMOVE:0,7;REMOVE:1,2;REMOVE:4,2;REMOVE:5,2;REMOVE:6,8;REMOVE:7,4;REMOVE:8,2","server 0: - | server 1: 8 | server 2: - | server 3: 2 | server 4: 3,4 | server 5: - | server 6: - | server 7: 1 | server 8: 7 | server 9: -"
645,645,after_slot_decision,"ADD:1,2;ADD:3,2;ADD:4,2;ADD:5,4;ADD:7,1;ADD:8,4;REMOVE:1,7;REMOVE:2,3;REMOVE:3,4;REMOVE:4,4;REMOVE:7,8;REMOVE:8,1","server 0: - | server 1: 7 | server 2: 1,3,4 | server 3: - | server 4: 5,8 | server 5: - | server 6: - | server 7: - | server 8: - | server 9: -"
646,646,after_slot_decision,"ADD:4,8;ADD:5,2;ADD:7,4;ADD:8,7;REMOVE:1,2;REMOVE:3,2;REMOVE:4,2;REMOVE:5,4;REMOVE:7,1;REMOVE:8,4",server 0: - | server 1: - | server 2: 5 | server 3: - | server 4: 7 | server 5: - | server 6: - | server 7: 8 | server 8: 4 | server 9: -
647,647,after_slot_decision,"ADD:0,6;ADD:1,3;ADD:1,7;ADD:2,9;ADD:4,2;ADD:5,4;ADD:7,9;REMOVE:4,8;REMOVE:5,2;REMOVE:7,4;REMOVE:8,7","server 0: - | server 1: - | server 2: 4 | server 3: 1 | server 4: 5 | server 5: - | server 6: 0 | server 7: 1 | server 8: - | server 9: 2,7"
648,648,after_slot_decision,"ADD:0,2;ADD:4,7;ADD:5,2;ADD:8,9;REMOVE:0,6;REMOVE:1,7;REMOVE:2,9;REMOVE:4,2;REMOVE:5,4","server 0: - | server 1: - | server 2: 0,5 | server 3: 1 | server 4: - | server 5: - | server 6: - | server 7: 4 | server 8: - | server 9: 7,8"
649,649,after_slot_decision,"ADD:0,7;ADD:1,8;ADD:2,7;ADD:3,4;ADD:4,8;ADD:5,8;ADD:8,7;REMOVE:0,2;REMOVE:1,3;REMOVE:4,7;REMOVE:5,2;REMOVE:7,9;REMOVE:8,9","server 0: - | server 1: - | server 2: - | server 3: - | server 4: 3 | server 5: - | server 6: - | server 7: 0,2,8 | server 8: 1,4,5 | server 9: -"
650,650,after_slot_decision,"ADD:1,7;ADD:3,7;ADD:4,9;ADD:5,2;ADD:7,9;ADD:8,4;REMOVE:1,8;REMOVE:2,7;REMOVE:3,4;REMOVE:4,8;REMOVE:5,8;REMOVE:8,7","server 0: - | server 1: - | server 2: 5 | server 3: - | server 4: 8 | server 5: - | server 6: - | server 7: 0,1,3 | server 8: - | server 9: 4,7"
651,651,after_slot_decision,"ADD:3,5;ADD:4,8;ADD:5,7;ADD:7,4;ADD:8,8;REMOVE:3,7;REMOVE:4,9;REMOVE:5,2;REMOVE:7,9;REMOVE:8,4","server 0: - | server 1: - | server 2: - | server 3: - | server 4: 7 | server 5: 3 | server 6: - | server 7: 0,1,5 | server 8: 4,8 | server 9: -"
652,652,after_slot_decision,"ADD:0,8;ADD:1,8;ADD:3,4;ADD:4,9;ADD:7,3;ADD:8,0;REMOVE:0,7;REMOVE:1,7;REMOVE:3,5;REMOVE:4,8;REMOVE:7,4;REMOVE:8,8","server 0: 8 | server 1: - | server 2: - | server 3: 7 | server 4: 3 | server 5: - | server 6: - | server 7: 5 | server 8: 0,1 | server 9: 4"
653,653,after_slot_decision,"ADD:0,4;ADD:1,4;ADD:3,9;ADD:4,3;ADD:4,7;ADD:7,9;ADD:8,2;REMOVE:0,8;REMOVE:1,8;REMOVE:3,4;REMOVE:4,9;REMOVE:7,3;REMOVE:8,0","server 0: - | server 1: - | server 2: 8 | server 3: 4 | server 4: 0,1 | server 5: - | server 6: - | server 7: 4,5 | server 8: - | server 9: 3,7"
654,654,after_slot_decision,"ADD:0,7;ADD:1,7;ADD:1,8;ADD:3,8;ADD:7,0;ADD:8,9;REMOVE:0,4;REMOVE:1,4;REMOVE:3,9;REMOVE:4,3;REMOVE:5,7;REMOVE:7,9;REMOVE:8,2","server 0: 7 | server 1: - | server 2: - | server 3: - | server 4: - | server 5: - | server 6: - | server 7: 0,1,4 | server 8: 1,3 | server 9: 8"
655,655,after_slot_decision,"ADD:3,3;ADD:5,7;ADD:8,2;REMOVE:1,7;REMOVE:3,8;REMOVE:7,0;REMOVE:8,9","server 0: - | server 1: - | server 2: 8 | server 3: 3 | server 4: - | server 5: - | server 6: - | server 7: 0,4,5 | server 8: 1 | server 9: -"
656,656,after_slot_decision,"ADD:2,9;ADD:3,4;ADD:7,4;REMOVE:3,3","server 0: - | server 1: - | server 2: 8 | server 3: - | server 4: 3,7 | server 5: - | server 6: - | server 7: 0,4,5 | server 8: 1 | server 9: 2"
657,657,after_slot_decision,"ADD:1,7;ADD:2,3;ADD:3,8;ADD:5,9;ADD:7,8;REMOVE:2,9;REMOVE:3,4;REMOVE:5,7;REMOVE:7,4","server 0: - | server 1: - | server 2: 8 | server 3: 2 | server 4: - | server 5: - | server 6: - | server 7: 0,1,4 | server 8: 1,3,7 | server 9: 5"
658,658,after_slot_decision,"ADD:0,2;ADD:1,9;ADD:3,7;ADD:5,2;ADD:8,7;REMOVE:0,7;REMOVE:1,7;REMOVE:1,8;REMOVE:2,3;REMOVE:3,8;REMOVE:5,9;REMOVE:7,8;REMOVE:8,2","server 0: - | server 1: - | server 2: 0,5 | server 3: - | server 4: - | server 5: - | server 6: - | server 7: 3,4,8 | server 8: - | server 9: 1"
659,659,after_slot_decision,"ADD:0,6;ADD:4,9;ADD:5,8;ADD:7,2;REMOVE:0,2;REMOVE:3,7;REMOVE:4,7;REMOVE:5,2;REMOVE:8,7","server 0: - | server 1: - | server 2: 7 | server 3: - | server 4: - | server 5: - | server 6: 0 | server 7: - | server 8: 5 | server 9: 1,4"
660,660,after_slot_decision,"ADD:0,2;ADD:1,2;ADD:3,4;ADD:4,7;ADD:4,8;ADD:5,3;ADD:7,7;ADD:8,8;REMOVE:0,6;REMOVE:1,9;REMOVE:4,9;REMOVE:5,8;REMOVE:7,2","server 0: - | server 1: - | server 2: 0,1 | server 3: 5 | server 4: 3 | server 5: - | server 6: - | server 7: 4,7 | server 8: 4,8 | server 9: -"
661,661,after_slot_decision,"ADD:0,3;ADD:0,8;ADD:1,8;ADD:3,2;ADD:4,5;ADD:5,7;ADD:7,2;REMOVE:0,2;REMOVE:1,2;REMOVE:3,4;REMOVE:4,7;REMOVE:4,8;REMOVE:5,3;REMOVE:7,7;REMOVE:8,8","server 0: - | server 1: - | server 2: 3,7 | server 3: 0 | server 4: - | server 5: 4 | server 6: - | server 7: 5 | server 8: 0,1 | server 9: -"
662,662,after_slot_decision,"ADD:0,6;ADD:1,3;ADD:1,7;ADD:2,7;ADD:3,1;ADD:4,7;ADD:7,3;ADD:8,7;REMOVE:0,3;REMOVE:1,8;REMOVE:3,2;REMOVE:4,5;REMOVE:7,2","server 0: - | server 1: 3 | server 2: - | server 3: 1,7 | server 4: - | server 5: - | server 6: 0 | server 7: 1,2,4,5,8 | server 8: 0 | server 9: -"
663,663,after_slot_decision,"ADD:1,8;ADD:2,3;ADD:7,2;ADD:8,8;REMOVE:0,6;REMOVE:1,3;REMOVE:3,1;REMOVE:7,3;REMOVE:8,7","server 0: - | server 1: - | server 2: 7 | server 3: 2 | server 4: - | server 5: - | server 6: - | server 7: 1,2,4,5 | server 8: 0,1,8 | server 9: -"
664,664,after_slot_decision,"ADD:0,9;ADD:5,5;ADD:5,9;ADD:6,7;ADD:8,7;REMOVE:0,8;REMOVE:1,7;REMOVE:2,3;REMOVE:5,7;REMOVE:8,8","server 0: - | server 1: - | server 2: 7 | server 3: - | server 4: - | server 5: 5 | server 6: - | server 7: 2,4,6,8 | server 8: 1 | server 9: 0,5"
665,665,after_slot_decision,"ADD:0,2;ADD:1,7;ADD:3,9;ADD:6,8;ADD:6,9;REMOVE:0,9;REMOVE:1,8;REMOVE:5,5;REMOVE:5,9;REMOVE:6,7;REMOVE:7,2;REMOVE:8,7","server 0: - | server 1: - | server 2: 0 | server 3: - | server 4: - | server 5: - | server 6: - | server 7: 1,2,4 | server 8: 6 | server 9: 3,6"
666,666,after_slot_decision,"ADD:0,4;ADD:1,4;ADD:4,9;ADD:5,8;ADD:8,2;REMOVE:0,2;REMOVE:1,7;REMOVE:3,9;REMOVE:4,7;REMOVE:6,8","server 0: - | server 1: - | server 2: 8 | server 3: - | server 4: 0,1 | server 5: - | server 6: - | server 7: 2 | server 8: 5 | server 9: 4,6"
667,667,after_slot_decision,"ADD:0,7;ADD:1,7;ADD:2,8;ADD:4,7;ADD:5,7;ADD:6,8;ADD:7,2;ADD:8,5;ADD:8,9;REMOVE:0,4;REMOVE:1,4;REMOVE:2,7;REMOVE:4,9;REMOVE:5,8;REMOVE:6,9;REMOVE:8,2","server 0: - | server 1: - | server 2: 7 | server 3: - | server 4: - | server 5: 8 | server 6: - | server 7: 0,1,4,5 | server 8: 2,6 | server 9: 8"
668,668,after_slot_decision,"ADD:1,8;ADD:2,7;ADD:3,7;ADD:4,8;ADD:4,9;ADD:5,9;ADD:6,9;ADD:7,8;ADD:8,7;REMOVE:1,7;REMOVE:2,8;REMOVE:4,7;REMOVE:5,7;REMOVE:6,8;REMOVE:7,2;REMOVE:8,5;REMOVE:8,9","server 0: - | server 1: - | server 2: - | server 3: - | server 4: - | server 5: - | server 6: - | server 7: 0,2,3,8 | server 8: 1,4,7 | server 9: 4,5,6"
669,669,after_slot_decision,"ADD:0,3;ADD:6,7;ADD:7,7;ADD:8,3;REMOVE:0,7;REMOVE:4,9;REMOVE:5,9;REMOVE:6,9;REMOVE:7,8;REMOVE:8,7","server 0: - | server 1: - | server 2: - | server 3: 0,8 | server 4: - | server 5: - | server 6: - | server 7: 2,3,6,7 | server 8: 1,4 | server 9: -"
670,670,after_slot_decision,"ADD:0,7;ADD:1,7;ADD:2,8;ADD:4,2;ADD:5,8;ADD:6,1;ADD:7,8;ADD:8,9;REMOVE:0,3;REMOVE:1,8;REMOVE:2,7;REMOVE:3,7;REMOVE:4,8;REMOVE:6,7;REMOVE:7,7;REMOVE:8,3","server 0: - | server 1: 6 | server 2: 4 | server 3: - | server 4: - | server 5: - | server 6: - | server 7: 0,1 | server 8: 2,5,7 | server 9: 8"
671,671,after_slot_decision,"ADD:0,3;ADD:0,5;ADD:1,4;ADD:2,7;ADD:3,3;ADD:4,7;ADD:5,3;ADD:6,7;ADD:7,7;ADD:8,1;REMOVE:0,7;REMOVE:1,7;REMOVE:2,8;REMOVE:4,2;REMOVE:5,8;REMOVE:6,1;REMOVE:7,8;REMOVE:8,9","server 0: - | server 1: 8 | server 2: - | server 3: 0,3,5 | server 4: 1 | server 5: 0 | server 6: - | server 7: 2,4,6,7 | server 8: - | server 9: -"
672,672,after_slot_decision,"ADD:0,2;ADD:1,6;ADD:3,1;ADD:4,9;ADD:6,6;ADD:8,4;REMOVE:0,3;REMOVE:0,5;REMOVE:1,4;REMOVE:3,3;REMOVE:4,7;REMOVE:6,7;REMOVE:8,1","server 0: - | server 1: 3 | server 2: 0 | server 3: 5 | server 4: 8 | server 5: - | server 6: 1,6 | server 7: 2,7 | server 8: - | server 9: 4"
673,673,after_slot_decision,"ADD:0,9;ADD:1,8;ADD:3,2;ADD:4,7;ADD:5,1;ADD:7,6;REMOVE:0,2;REMOVE:1,6;REMOVE:3,1;REMOVE:4,9;REMOVE:5,3;REMOVE:6,6;REMOVE:7,7;REMOVE:8,4","server 0: - | server 1: 5 | server 2: 3 | server 3: - | server 4: - | server 5: - | server 6: 7 | server 7: 2,4 | server 8: 1 | server 9: 0"
674,674,after_slot_decision,"ADD:0,2;ADD:4,9;ADD:5,7;ADD:6,9;ADD:7,2;ADD:7,7;ADD:8,7;REMOVE:0,9;REMOVE:2,7;REMOVE:3,2;REMOVE:4,7;REMOVE:5,1;REMOVE:7,6","server 0: - | server 1: - | server 2: 0,7 | server 3: - | server 4: - | server 5: - | server 6: - | server 7: 5,7,8 | server 8: 1 | server 9: 4,6"
675,675,after_slot_decision,"ADD:0,8;ADD:1,7;ADD:2,2;ADD:2,7;ADD:4,7;ADD:5,2;ADD:6,8;ADD:7,8;REMOVE:0,2;REMOVE:1,8;REMOVE:4,9;REMOVE:5,7;REMOVE:6,9;REMOVE:7,2;REMOVE:7,7","server 0: - | server 1: - | server 2: 2,5 | server 3: - | server 4: - | server 5: - | server 6: - | server 7: 1,2,4,8 | server 8: 0,6,7 | server 9: -"
676,676,after_slot_decision,"ADD:0,7;ADD:1,8;ADD:3,1;ADD:4,8;ADD:5,9;ADD:6,2;ADD:8,8;REMOVE:1,7;REMOVE:2,2;REMOVE:4,7;REMOVE:5,2;REMOVE:6,8;REMOVE:7,8;REMOVE:8,7","server 0: - | server 1: 3 | server 2: 6 | server 3: - | server 4: - | server 5: - | server 6: - | server 7: 0,2 | server 8: 0,1,4,8 | server 9: 5"
677,677,after_slot_decision,"ADD:0,2;ADD:0,9;ADD:1,7;ADD:2,5;ADD:2,9;ADD:3,5;ADD:5,8;ADD:6,7;ADD:7,8;ADD:7,9;REMOVE:0,7;REMOVE:0,8;REMOVE:1,8;REMOVE:2,7;REMOVE:3,1;REMOVE:5,9;REMOVE:6,2;REMOVE:8,8","server 0: - | server 1: - | server 2: 0 | server 3: - | server 4: - | server 5: 2,3 | server 6: - | server 7: 1,6 | server 8: 4,5,7 | server 9: 0,2,7"
678,678,after_slot_decision,"ADD:0,5;ADD:1,2;ADD:2,2;ADD:2,7;ADD:3,7;ADD:4,7;ADD:5,7;ADD:6,2;ADD:7,7;ADD:8,8;REMOVE:0,2;REMOVE:0,9;REMOVE:1,7;REMOVE:2,5;REMOVE:2,9;REMOVE:3,5;REMOVE:4,8;REMOVE:5,8;REMOVE:6,7;REMOVE:7,8;REMOVE:7,9","server 0: - | server 1: - | server 2: 1,2,6 | server 3: - | server 4: - | server 5: 0 | server 6: - | server 7: 2,3,4,5,7 | server 8: 8 | server 9: -"
679,679,after_slot_decision,"ADD:0,8;ADD:1,7;ADD:3,2;ADD:6,8;REMOVE:0,5;REMOVE:1,2;REMOVE:2,2;REMOVE:3,7;REMOVE:6,2","server 0: - | server 1: - | server 2: 3 | server 3: - | server 4: - | server 5: - | server 6: - | server 7: 1,2,4,5,7 | server 8: 0,6,8 | server 9: -"
680,680,after_slot_decision,"ADD:3,5;ADD:4,2;ADD:5,9;ADD:7,4;ADD:8,9;REMOVE:2,7;REMOVE:3,2;REMOVE:4,7;REMOVE:5,7;REMOVE:7,7;REMOVE:8,8","server 0: - | server 1: - | server 2: 4 | server 3: - | server 4: 7 | server 5: 3 | server 6: - | server 7: 1 | server 8: 0,6 | server 9: 5,8"
681,681,after_slot_decision,"ADD:0,7;ADD:3,4;ADD:5,2;ADD:6,2;ADD:7,1;ADD:8,7;REMOVE:0,8;REMOVE:1,7;REMOVE:3,5;REMOVE:4,2;REMOVE:5,9;REMOVE:6,8;REMOVE:7,4;REMOVE:8,9","server 0: - | server 1: 7 | server 2: 5,6 | server 3: - | server 4: 3 | server 5: - | server 6: - | server 7: 0,8 | server 8: - | server 9: -"
682,682,after_slot_decision,"ADD:0,2;ADD:1,7;ADD:2,2;ADD:4,9;ADD:5,3;ADD:5,5;ADD:6,7;ADD:6,8;ADD:7,8;ADD:8,3;REMOVE:3,4;REMOVE:5,2;REMOVE:6,2;REMOVE:7,1;REMOVE:8,7","server 0: - | server 1: - | server 2: 0,2 | server 3: 5,8 | server 4: - | server 5: 5 | server 6: - | server 7: 0,1,6 | server 8: 6,7 | server 9: 4"
683,683,after_slot_decision,"ADD:2,8;ADD:3,8;ADD:3,9;ADD:4,7;ADD:5,8;ADD:5,9;ADD:7,7;ADD:8,8;REMOVE:0,2;REMOVE:2,2;REMOVE:4,9;REMOVE:5,3;REMOVE:5,5;REMOVE:6,8;REMOVE:7,8;REMOVE:8,3","server 0: - | server 1: - | server 2: - | server 3: - | server 4: - | server 5: - | server 6: - | server 7: 0,1,4,6,7 | server 8: 2,3,5,8 | server 9: 3,5"
684,684,after_slot_decision,"ADD:0,9;ADD:2,7;ADD:3,7;ADD:6,2;ADD:7,3;ADD:8,9;REMOVE:0,7;REMOVE:3,8;REMOVE:3,9;REMOVE:5,9;REMOVE:6,7;REMOVE:7,7;REMOVE:8,8","server 0: - | server 1: - | server 2: 6 | server 3: 7 | server 4: - | server 5: - | server 6: - | server 7: 1,2,3,4 | server 8: 2,5 | server 9: 0,8"
685,685,after_slot_decision,"ADD:0,2;ADD:2,5;ADD:3,2;ADD:4,9;ADD:5,7;ADD:7,9;ADD:8,7;REMOVE:0,9;REMOVE:2,7;REMOVE:2,8;REMOVE:3,7;REMOVE:4,7;REMOVE:5,8;REMOVE:6,2;REMOVE:7,3;REMOVE:8,9","server 0: - | server 1: - | server 2: 0,3 | server 3: - | server 4: - | server 5: 2 | server 6: - | server 7: 1,5,8 | server 8: - | server 9: 4,7"
686,686,after_slot_decision,"ADD:0,7;ADD:1,9;ADD:2,7;ADD:3,8;ADD:4,7;ADD:5,2;ADD:6,9;ADD:7,7;ADD:8,9;REMOVE:0,2;REMOVE:1,7;REMOVE:2,5;REMOVE:3,2;REMOVE:4,9;REMOVE:5,7;REMOVE:7,9;REMOVE:8,7","server 0: - | server 1: - | server 2: 5 | server 3: - | server 4: - | server 5: - | server 6: - | server 7: 0,2,4,7 | server 8: 3 | server 9: 1,6,8"
687,687,after_slot_decision,"ADD:0,8;ADD:2,4;ADD:5,5;ADD:7,3;ADD:8,1;REMOVE:0,7;REMOVE:2,7;REMOVE:3,8;REMOVE:5,2;REMOVE:6,9;REMOVE:7,7;REMOVE:8,9",server 0: - | server 1: 8 | server 2: - | server 3: 7 | server 4: 2 | server 5: 5 | server 6: - | server 7: 4 | server 8: 0 | server 9: 1
688,688,after_slot_decision,"ADD:0,3;ADD:3,1;ADD:4,8;ADD:5,7;ADD:6,1;ADD:7,8;REMOVE:0,8;REMOVE:2,4;REMOVE:4,7;REMOVE:5,5;REMOVE:7,3;REMOVE:8,1","server 0: - | server 1: 3,6 | server 2: - | server 3: 0 | server 4: - | server 5: - | server 6: - | server 7: 5 | server 8: 4,7 | server 9: 1"
689,689,after_slot_decision,"ADD:0,7;ADD:1,3;ADD:2,2;ADD:3,2;ADD:4,6;ADD:5,8;ADD:8,8;REMOVE:0,3;REMOVE:1,9;REMOVE:3,1;REMOVE:4,8;REMOVE:5,7","server 0: - | server 1: 6 | server 2: 2,3 | server 3: 1 | server 4: - | server 5: - | server 6: 4 | server 7: 0 | server 8: 5,7,8 | server 9: -"
690,690,after_slot_decision,"ADD:1,7;ADD:3,8;ADD:4,2;ADD:5,5;ADD:6,8;ADD:7,7;REMOVE:1,3;REMOVE:2,2;REMOVE:3,2;REMOVE:4,6;REMOVE:5,8;REMOVE:6,1;REMOVE:7,8","server 0: - | server 1: - | server 2: 4 | server 3: - | server 4: - | server 5: 5 | server 6: - | server 7: 0,1,7 | server 8: 3,6,8 | server 9: -"
691,691,after_slot_decision,"ADD:3,6;ADD:4,3;ADD:5,8;ADD:6,7;ADD:7,1;REMOVE:1,7;REMOVE:3,8;REMOVE:4,2;REMOVE:5,5;REMOVE:6,8;REMOVE:7,7;REMOVE:8,8","server 0: - | server 1: 7 | server 2: - | server 3: 4 | server 4: - | server 5: - | server 6: 3 | server 7: 0,6 | server 8: 5 | server 9: -"
692,692,after_slot_decision,"ADD:4,2;ADD:6,8;REMOVE:3,6;REMOVE:4,3;REMOVE:6,7;REMOVE:7,1","server 0: - | server 1: - | server 2: 4 | server 3: - | server 4: - | server 5: - | server 6: - | server 7: 0 | server 8: 5,6 | server 9: -"
693,693,after_slot_decision,"ADD:0,8;ADD:1,8;ADD:3,1;ADD:4,8;ADD:5,2;ADD:6,7;ADD:7,8;ADD:8,6;REMOVE:0,7;REMOVE:4,2;REMOVE:5,8;REMOVE:6,8","server 0: - | server 1: 3 | server 2: 5 | server 3: - | server 4: - | server 5: - | server 6: 8 | server 7: 6 | server 8: 0,1,4,7 | server 9: -"
694,694,after_slot_decision,"ADD:3,7;ADD:4,2;ADD:6,2;ADD:8,7;REMOVE:1,8;REMOVE:3,1;REMOVE:4,8;REMOVE:5,2;REMOVE:6,7;REMOVE:7,8;REMOVE:8,6","server 0: - | server 1: - | server 2: 4,6 | server 3: - | server 4: - | server 5: - | server 6: - | server 7: 3,8 | server 8: 0 | server 9: -"
695,695,after_slot_decision,"ADD:0,5;ADD:4,8;ADD:5,1;ADD:7,7;ADD:8,2;REMOVE:0,8;REMOVE:4,2;REMOVE:6,2;REMOVE:8,7","server 0: - | server 1: 5 | server 2: 8 | server 3: - | server 4: - | server 5: 0 | server 6: - | server 7: 3,7 | server 8: 4 | server 9: -"
696,696,after_slot_decision,"ADD:0,7;ADD:0,8;ADD:1,4;ADD:2,2;ADD:3,2;ADD:4,7;ADD:5,5;ADD:6,7;ADD:8,5;REMOVE:0,5;REMOVE:3,7;REMOVE:4,8;REMOVE:5,1;REMOVE:8,2","server 0: - | server 1: - | server 2: 2,3 | server 3: - | server 4: 1 | server 5: 5,8 | server 6: - | server 7: 0,4,6,7 | server 8: 0 | server 9: -"
697,697,after_slot_decision,"ADD:1,8;ADD:2,7;ADD:3,6;ADD:5,7;ADD:7,5;ADD:8,7;REMOVE:0,8;REMOVE:1,4;REMOVE:2,2;REMOVE:3,2;REMOVE:5,5;REMOVE:7,7;REMOVE:8,5","server 0: - | server 1: - | server 2: - | server 3: - | server 4: - | server 5: 7 | server 6: 3 | server 7: 0,2,4,5,6,8 | server 8: 1 | server 9: -"
698,698,after_slot_decision,"ADD:0,8;ADD:1,3;ADD:1,7;ADD:3,8;ADD:4,3;ADD:4,9;ADD:5,3;ADD:6,8;ADD:7,8;REMOVE:0,7;REMOVE:1,8;REMOVE:3,6;REMOVE:4,7;REMOVE:5,7;REMOVE:6,7;REMOVE:7,5","server 0: - | server 1: - | server 2: - | server 3: 1,4,5 | server 4: - | server 5: - | server 6: - | server 7: 1,2,8 | server 8: 0,3,6,7 | server 9: 4"
699,699,after_slot_decision,"ADD:0,9;ADD:1,2;ADD:2,8;ADD:3,7;ADD:4,8;ADD:5,7;ADD:6,5;ADD:7,4;ADD:8,2;REMOVE:0,8;REMOVE:1,3;REMOVE:2,7;REMOVE:3,8;REMOVE:4,3;REMOVE:4,9;REMOVE:5,3;REMOVE:6,8;REMOVE:7,8;REMOVE:8,7","server 0: - | server 1: - | server 2: 1,8 | server 3: - | server 4: 7 | server 5: 6 | server 6: - | server 7: 1,3,5 | server 8: 2,4 | server 9: 0"
700,700,after_slot_decision,"ADD:0,7;ADD:3,1;ADD:4,3;ADD:5,9;ADD:6,4;ADD:7,1;ADD:8,3;REMOVE:0,9;REMOVE:1,2;REMOVE:1,7;REMOVE:3,7;REMOVE:4,8;REMOVE:5,7;REMOVE:6,5;REMOVE:7,4;REMOVE:8,2","server 0: - | server 1: 3,7 | server 2: - | server 3: 4,8 | server 4: 6 | server 5: - | server 6: - | server 7: 0 | server 8: 2 | server 9: 5"
701,701,after_slot_decision,"ADD:1,7;ADD:2,2;ADD:3,6;ADD:4,4;ADD:5,4;ADD:6,2;ADD:8,7;REMOVE:2,8;REMOVE:3,1;REMOVE:4,3;REMOVE:5,9;REMOVE:6,4;REMOVE:7,1;REMOVE:8,3","server 0: - | server 1: - | server 2: 2,6 | server 3: - | server 4: 4,5 | server 5: - | server 6: 3 | server 7: 0,1,8 | server 8: - | server 9: -"
702,702,after_slot_decision,"ADD:0,9;ADD:1,5;ADD:4,7;ADD:6,9;REMOVE:0,7;REMOVE:1,7;REMOVE:2,2;REMOVE:3,6;REMOVE:4,4;REMOVE:5,4;REMOVE:6,2;REMOVE:8,7","server 0: - | server 1: - | server 2: - | server 3: - | server 4: - | server 5: 1 | server 6: - | server 7: 4 | server 8: - | server 9: 0,6"
703,703,after_slot_decision,"ADD:0,7;ADD:1,7;ADD:2,7;ADD:3,7;ADD:4,8;ADD:5,2;ADD:6,7;ADD:7,8;ADD:8,0;REMOVE:0,9;REMOVE:1,5;REMOVE:4,7;REMOVE:6,9","server 0: 8 | server 1: - | server 2: 5 | server 3: - | server 4: - | server 5: - | server 6: - | server 7: 0,1,2,3,6 | server 8: 4,7 | server 9: -"
704,704,after_slot_decision,"ADD:1,2;ADD:2,2;ADD:3,9;ADD:4,7;ADD:5,7;ADD:7,9;ADD:8,7;REMOVE:1,7;REMOVE:2,7;REMOVE:3,7;REMOVE:4,8;REMOVE:5,2;REMOVE:7,8;REMOVE:8,0","server 0: - | server 1: - | server 2: 1,2 | server 3: - | server 4: - | server 5: - | server 6: - | server 7: 0,4,5,6,8 | server 8: - | server 9: 3,7"
705,705,after_slot_decision,"ADD:4,9;ADD:6,5;ADD:6,9;ADD:7,7;ADD:8,2;REMOVE:3,9;REMOVE:4,7;REMOVE:5,7;REMOVE:6,7;REMOVE:7,9;REMOVE:8,7","server 0: - | server 1: - | server 2: 1,2,8 | server 3: - | server 4: - | server 5: 6 | server 6: - | server 7: 0,7 | server 8: - | server 9: 4,6"
706,706,after_slot_decision,"ADD:0,1;ADD:1,7;ADD:4,8;ADD:5,7;ADD:6,7;ADD:7,1;ADD:8,3;ADD:8,9;REMOVE:0,7;REMOVE:1,2;REMOVE:4,9;REMOVE:6,5;REMOVE:6,9;REMOVE:7,7;REMOVE:8,2","server 0: - | server 1: 0,7 | server 2: 2 | server 3: 8 | server 4: - | server 5: - | server 6: - | server 7: 1,5,6 | server 8: 4 | server 9: 8"
707,707,after_slot_decision,"ADD:0,8;ADD:1,4;ADD:2,7;ADD:5,4;ADD:6,8;ADD:7,7;ADD:8,5;REMOVE:0,1;REMOVE:1,7;REMOVE:2,2;REMOVE:5,7;REMOVE:6,7;REMOVE:7,1;REMOVE:8,3","server 0: - | server 1: - | server 2: - | server 3: - | server 4: 1,5 | server 5: 8 | server 6: - | server 7: 2,7 | server 8: 0,4,6 | server 9: 8"
708,708,after_slot_decision,"ADD:0,7;ADD:1,7;ADD:2,8;ADD:3,2;ADD:5,7;REMOVE:0,8;REMOVE:1,4;REMOVE:2,7;REMOVE:5,4;REMOVE:8,5;REMOVE:8,9","server 0: - | server 1: - | server 2: 3 | server 3: - | server 4: - | server 5: - | server 6: - | server 7: 0,1,5,7 | server 8: 2,4,6 | server 9: -"
709,709,after_slot_decision,"ADD:0,8;ADD:0,9;ADD:5,1;ADD:7,5;REMOVE:0,7;REMOVE:1,7;REMOVE:2,8;REMOVE:5,7;REMOVE:7,7","server 0: - | server 1: 5 | server 2: 3 | server 3: - | server 4: - | server 5: 7 | server 6: - | server 7: - | server 8: 0,4,6 | server 9: 0"
710,710,after_slot_decision,"ADD:1,7;ADD:4,2;ADD:4,7;ADD:5,8;ADD:6,2;ADD:7,8;ADD:8,2;REMOVE:0,9;REMOVE:3,2;REMOVE:4,8;REMOVE:5,1;REMOVE:6,8;REMOVE:7,5","server 0: - | server 1: - | server 2: 4,6,8 | server 3: - | server 4: - | server 5: - | server 6: - | server 7: 1,4 | server 8: 0,5,7 | server 9: -"
711,711,after_slot_decision,"ADD:0,7;ADD:1,9;ADD:2,1;ADD:3,7;ADD:5,4;ADD:7,7;ADD:8,7;REMOVE:0,8;REMOVE:1,7;REMOVE:4,2;REMOVE:5,8;REMOVE:7,8;REMOVE:8,2","server 0: - | server 1: 2 | server 2: 6 | server 3: - | server 4: 5 | server 5: - | server 6: - | server 7: 0,3,4,7,8 | server 8: - | server 9: 1"
712,712,after_slot_decision,"ADD:0,9;ADD:3,9;ADD:5,7;ADD:6,9;ADD:7,6;ADD:8,5;REMOVE:0,7;REMOVE:1,9;REMOVE:2,1;REMOVE:3,7;REMOVE:5,4;REMOVE:6,2;REMOVE:7,7;REMOVE:8,7","server 0: - | server 1: - | server 2: - | server 3: - | server 4: - | server 5: 8 | server 6: 7 | server 7: 4,5 | server 8: - | server 9: 0,3,6"
713,713,after_slot_decision,"ADD:0,0;ADD:4,8;ADD:5,2;ADD:6,2;ADD:7,3;REMOVE:0,9;REMOVE:3,9;REMOVE:4,7;REMOVE:5,7;REMOVE:6,9;REMOVE:7,6;REMOVE:8,5","server 0: 0 | server 1: - | server 2: 5,6 | server 3: 7 | server 4: - | server 5: - | server 6: - | server 7: - | server 8: 4 | server 9: -"
714,714,after_slot_decision,"ADD:2,8;ADD:3,8;ADD:4,3;ADD:5,4;ADD:6,4;ADD:7,9;ADD:8,4;REMOVE:0,0;REMOVE:4,8;REMOVE:5,2;REMOVE:6,2;REMOVE:7,3","server 0: - | server 1: - | server 2: - | server 3: 4 | server 4: 5,6,8 | server 5: - | server 6: - | server 7: - | server 8: 2,3 | server 9: 7"
715,715,after_slot_decision,"ADD:0,7;ADD:2,9;ADD:3,9;ADD:4,8;ADD:5,3;ADD:6,5;ADD:7,4;REMOVE:2,8;REMOVE:3,8;REMOVE:4,3;REMOVE:5,4;REMOVE:6,4;REMOVE:7,9;REMOVE:8,4","server 0: - | server 1: - | server 2: - | server 3: 5 | server 4: 7 | server 5: 6 | server 6: - | server 7: 0 | server 8: 4 | server 9: 2,3"
716,716,after_slot_decision,"ADD:0,6;ADD:2,8;ADD:3,8;ADD:4,4;ADD:5,9;ADD:6,7;ADD:7,2;REMOVE:0,7;REMOVE:2,9;REMOVE:3,9;REMOVE:4,8;REMOVE:5,3;REMOVE:6,5;REMOVE:7,4","server 0: - | server 1: - | server 2: 7 | server 3: - | server 4: 4 | server 5: - | server 6: 0 | server 7: 6 | server 8: 2,3 | server 9: 5"
717,717,after_slot_decision,"ADD:0,8;ADD:3,6;ADD:4,3;ADD:6,8;ADD:7,4;ADD:8,2;REMOVE:0,6;REMOVE:2,8;REMOVE:3,8;REMOVE:4,4;REMOVE:6,7;REMOVE:7,2","server 0: - | server 1: - | server 2: 8 | server 3: 4 | server 4: 7 | server 5: - | server 6: 3 | server 7: - | server 8: 0,6 | server 9: 5"
718,718,after_slot_decision,"ADD:0,2;ADD:0,7;ADD:3,7;ADD:4,5;ADD:5,6;ADD:6,9;ADD:8,8;REMOVE:0,8;REMOVE:3,6;REMOVE:4,3;REMOVE:5,9;REMOVE:8,2","server 0: - | server 1: - | server 2: 0 | server 3: - | server 4: 7 | server 5: 4 | server 6: 5 | server 7: 0,3 | server 8: 6,8 | server 9: 6"
719,719,after_slot_decision,"ADD:1,4;ADD:3,8;ADD:4,9;REMOVE:0,2;REMOVE:3,7;REMOVE:4,5;REMOVE:6,9;REMOVE:7,4;REMOVE:8,8","server 0: - | server 1: - | server 2: - | server 3: - | server 4: 1 | server 5: - | server 6: 5 | server 7: 0 | server 8: 3,6 | server 9: 4"
720,720,after_slot_decision,"ADD:3,6;ADD:4,7;ADD:7,8;REMOVE:0,7;REMOVE:3,8;REMOVE:4,9;REMOVE:5,6;REMOVE:6,8",server 0: - | server 1: - | server 2: - | server 3: - | server 4: 1 | server 5: - | server 6: 3 | server 7: 4 | server 8: 7 | server 9: -
721,721,after_slot_decision,"ADD:0,7;ADD:4,5;ADD:4,8;ADD:5,7;ADD:6,4;ADD:8,8;REMOVE:1,4;REMOVE:3,6;REMOVE:4,7","server 0: - | server 1: - | server 2: - | server 3: - | server 4: 6 | server 5: 4 | server 6: - | server 7: 0,5 | server 8: 4,7,8 | server 9: -"
722,722,after_slot_decision,"ADD:0,9;ADD:3,2;ADD:4,4;ADD:6,8;ADD:8,7;REMOVE:0,7;REMOVE:4,5;REMOVE:4,8;REMOVE:6,4;REMOVE:7,8;REMOVE:8,8","server 0: - | server 1: - | server 2: 3 | server 3: - | server 4: 4 | server 5: - | server 6: - | server 7: 5,8 | server 8: 6 | server 9: 0"
723,723,after_slot_decision,"ADD:3,1;ADD:4,8;ADD:5,6;ADD:7,8;ADD:8,5;REMOVE:0,9;REMOVE:3,2;REMOVE:4,4;REMOVE:5,7;REMOVE:8,7","server 0: - | server 1: 3 | server 2: - | server 3: - | server 4: - | server 5: 8 | server 6: 5 | server 7: - | server 8: 4,6,7 | server 9: -"
724,724,after_slot_decision,"ADD:0,8;ADD:1,2;ADD:4,9;ADD:5,7;ADD:6,3;ADD:7,7;ADD:8,8;REMOVE:3,1;REMOVE:5,6;REMOVE:6,8;REMOVE:7,8;REMOVE:8,5","server 0: - | server 1: - | server 2: 1 | server 3: 6 | server 4: - | server 5: - | server 6: - | server 7: 5,7 | server 8: 0,4,8 | server 9: 4"
725,725,after_slot_decision,"ADD:0,5;ADD:1,7;ADD:3,3;ADD:3,9;ADD:4,7;ADD:5,8;ADD:6,7;ADD:8,5;REMOVE:0,8;REMOVE:1,2;REMOVE:4,9;REMOVE:5,7;REMOVE:6,3","server 0: - | server 1: - | server 2: - | server 3: 3 | server 4: - | server 5: 0,8 | server 6: - | server 7: 1,4,6,7 | server 8: 4,5,8 | server 9: 3"
726,726,after_slot_decision,"ADD:0,3;ADD:1,1;ADD:5,9;ADD:7,6;ADD:8,6;REMOVE:0,5;REMOVE:1,7;REMOVE:3,3;REMOVE:3,9;REMOVE:4,7;REMOVE:4,8;REMOVE:5,8;REMOVE:6,7;REMOVE:7,7;REMOVE:8,5;REMOVE:8,8","server 0: - | server 1: 1 | server 2: - | server 3: 0 | server 4: - | server 5: - | server 6: 7,8 | server 7: - | server 8: - | server 9: 5"
727,727,after_slot_decision,"ADD:1,8;ADD:3,7;ADD:4,5;ADD:4,7;ADD:5,7;ADD:6,7;ADD:7,8;ADD:8,7;REMOVE:1,1;REMOVE:5,9;REMOVE:7,6;REMOVE:8,6","server 0: - | server 1: - | server 2: - | server 3: 0 | server 4: - | server 5: 4 | server 6: - | server 7: 3,4,5,6,8 | server 8: 1,7 | server 9: -"
728,728,after_slot_decision,"ADD:1,7;ADD:6,8;ADD:7,2;ADD:8,6;REMOVE:0,3;REMOVE:4,5;REMOVE:6,7;REMOVE:7,8;REMOVE:8,7","server 0: - | server 1: - | server 2: 7 | server 3: - | server 4: - | server 5: - | server 6: 8 | server 7: 1,3,4,5 | server 8: 1,6 | server 9: -"
729,729,after_slot_decision,"ADD:3,4;ADD:5,3;ADD:5,9;ADD:6,9;ADD:7,6;ADD:8,8;REMOVE:1,8;REMOVE:3,7;REMOVE:5,7;REMOVE:6,8;REMOVE:7,2;REMOVE:8,6","server 0: - | server 1: - | server 2: - | server 3: 5 | server 4: 3 | server 5: - | server 6: 7 | server 7: 1,4 | server 8: 8 | server 9: 5,6"
730,730,after_slot_decision,"ADD:3,0;ADD:5,7;ADD:6,2;ADD:7,8;ADD:8,2;REMOVE:3,4;REMOVE:5,3;REMOVE:5,9;REMOVE:6,9;REMOVE:7,6;REMOVE:8,8","server 0: 3 | server 1: - | server 2: 6,8 | server 3: - | server 4: - | server 5: - | server 6: - | server 7: 1,4,5 | server 8: 7 | server 9: -"
731,731,after_slot_decision,"ADD:0,8;ADD:1,9;ADD:3,8;ADD:4,2;ADD:6,7;ADD:7,7;ADD:8,7;REMOVE:1,7;REMOVE:3,0;REMOVE:6,2;REMOVE:7,8;REMOVE:8,2","server 0: - | server 1: - | server 2: 4 | server 3: - | server 4: - | server 5: - | server 6: - | server 7: 4,5,6,7,8 | server 8: 0,3 | server 9: 1"
732,732,after_slot_decision,"ADD:0,7;ADD:1,7;ADD:3,7;ADD:5,3;ADD:6,8;ADD:7,1;REMOVE:0,8;REMOVE:1,9;REMOVE:3,8;REMOVE:5,7;REMOVE:6,7;REMOVE:7,7","server 0: - | server 1: 7 | server 2: 4 | server 3: 5 | server 4: - | server 5: - | server 6: - | server 7: 0,1,3,4,8 | server 8: 6 | server 9: -"
733,733,after_slot_decision,"ADD:3,0;ADD:4,8;ADD:5,7;ADD:6,1;ADD:7,7;REMOVE:3,7;REMOVE:4,2;REMOVE:5,3;REMOVE:6,8;REMOVE:7,1","server 0: 3 | server 1: 6 | server 2: - | server 3: - | server 4: - | server 5: - | server 6: - | server 7: 0,1,4,5,7,8 | server 8: 4 | server 9: -"
734,734,after_slot_decision,"ADD:0,9;ADD:6,7;ADD:7,8;REMOVE:0,7;REMOVE:3,0;REMOVE:4,7;REMOVE:6,1;REMOVE:7,7","server 0: - | server 1: - | server 2: - | server 3: - | server 4: - | server 5: - | server 6: - | server 7: 1,5,6,8 | server 8: 4,7 | server 9: 0"
735,735,after_slot_decision,"ADD:0,8;ADD:1,0;ADD:6,9;ADD:7,5;ADD:8,2;REMOVE:1,7;REMOVE:6,7;REMOVE:7,8;REMOVE:8,7","server 0: 1 | server 1: - | server 2: 8 | server 3: - | server 4: - | server 5: 7 | server 6: - | server 7: 5 | server 8: 0,4 | server 9: 0,6"
736,736,after_slot_decision,"ADD:5,8;ADD:6,7;ADD:7,7;REMOVE:0,9;REMOVE:1,0;REMOVE:5,7;REMOVE:6,9;REMOVE:7,5;REMOVE:8,2","server 0: - | server 1: - | server 2: - | server 3: - | server 4: - | server 5: - | server 6: - | server 7: 6,7 | server 8: 0,4,5 | server 9: -"
737,737,after_slot_decision,"ADD:0,7;ADD:5,3;ADD:6,0;ADD:7,3;ADD:7,9;ADD:8,7;ADD:8,8;REMOVE:0,8;REMOVE:5,8;REMOVE:6,7;REMOVE:7,7","server 0: 6 | server 1: - | server 2: - | server 3: 5,7 | server 4: - | server 5: - | server 6: - | server 7: 0,8 | server 8: 4,8 | server 9: 7"
738,738,after_slot_decision,"ADD:1,3;ADD:2,8;ADD:4,7;ADD:5,7;ADD:6,8;ADD:7,7;REMOVE:4,8;REMOVE:5,3;REMOVE:6,0;REMOVE:7,3;REMOVE:7,9;REMOVE:8,7;REMOVE:8,8","server 0: - | server 1: - | server 2: - | server 3: 1 | server 4: - | server 5: - | server 6: - | server 7: 0,4,5,7 | server 8: 2,6 | server 9: -"
739,739,after_slot_decision,"ADD:2,3;ADD:5,5;ADD:6,7;ADD:7,4;ADD:8,7;REMOVE:1,3;REMOVE:2,8;REMOVE:5,7;REMOVE:6,8;REMOVE:7,7","server 0: - | server 1: - | server 2: - | server 3: 2 | server 4: 7 | server 5: 5 | server 6: - | server 7: 0,4,6,8 | server 8: - | server 9: -"
740,740,after_slot_decision,"ADD:0,2;ADD:2,8;ADD:3,5;ADD:3,8;ADD:4,8;ADD:5,8;ADD:7,2;REMOVE:0,7;REMOVE:2,3;REMOVE:4,7;REMOVE:5,5;REMOVE:7,4","server 0: - | server 1: - | server 2: 0,7 | server 3: - | server 4: - | server 5: 3 | server 6: - | server 7: 6,8 | server 8: 2,3,4,5 | server 9: -"
741,741,after_slot_decision,"ADD:0,7;ADD:2,3;ADD:2,7;ADD:3,9;ADD:4,7;ADD:5,2;ADD:6,8;ADD:8,8;REMOVE:0,2;REMOVE:2,8;REMOVE:3,5;REMOVE:3,8;REMOVE:4,8;REMOVE:5,8;REMOVE:6,7;REMOVE:8,7","server 0: - | server 1: - | server 2: 5,7 | server 3: 2 | server 4: - | server 5: - | server 6: - | server 7: 0,2,4 | server 8: 6,8 | server 9: 3"
742,742,after_slot_decision,"ADD:0,2;ADD:2,9;ADD:3,8;ADD:4,2;ADD:5,8;ADD:6,7;ADD:7,8;ADD:8,7;REMOVE:0,7;REMOVE:2,3;REMOVE:2,7;REMOVE:3,9;REMOVE:4,7;REMOVE:5,2;REMOVE:6,8;REMOVE:7,2;REMOVE:8,8","server 0: - | server 1: - | server 2: 0,4 | server 3: - | server 4: - | server 5: - | server 6: - | server 7: 6,8 | server 8: 3,5,7 | server 9: 2"
743,743,after_slot_decision,"ADD:2,7;ADD:2,8;ADD:3,4;ADD:4,7;ADD:5,5;ADD:6,2;ADD:7,4;ADD:8,2;REMOVE:2,9;REMOVE:3,8;REMOVE:4,2;REMOVE:5,8;REMOVE:6,7;REMOVE:7,8;REMOVE:8,7","server 0: - | server 1: - | server 2: 0,6,8 | server 3: - | server 4: 3,7 | server 5: 5 | server 6: - | server 7: 2,4 | server 8: 2 | server 9: -"
744,744,after_slot_decision,"ADD:0,8;ADD:2,2;ADD:3,8;ADD:5,8;ADD:6,4;ADD:7,9;ADD:8,9;REMOVE:0,2;REMOVE:2,8;REMOVE:3,4;REMOVE:5,5;REMOVE:6,2;REMOVE:7,4;REMOVE:8,2","server 0: - | server 1: - | server 2: 2 | server 3: - | server 4: 6 | server 5: - | server 6: - | server 7: 2,4 | server 8: 0,3,5 | server 9: 7,8"
745,745,after_slot_decision,"ADD:0,7;ADD:3,7;ADD:5,5;ADD:6,2;ADD:7,3;ADD:8,5;REMOVE:0,8;REMOVE:2,2;REMOVE:3,8;REMOVE:6,4;REMOVE:7,9;REMOVE:8,9","server 0: - | server 1: - | server 2: 6 | server 3: 7 | server 4: - | server 5: 5,8 | server 6: - | server 7: 0,2,3,4 | server 8: 5 | server 9: -"
746,746,after_slot_decision,"ADD:0,2;ADD:5,2;ADD:6,6;ADD:7,8;ADD:8,2;REMOVE:0,7;REMOVE:5,5;REMOVE:5,8;REMOVE:6,2;REMOVE:7,3;REMOVE:8,5","server 0: - | server 1: - | server 2: 0,5,8 | server 3: - | server 4: - | server 5: - | server 6: 6 | server 7: 2,3,4 | server 8: 7 | server 9: -"
747,747,after_slot_decision,"ADD:0,8;ADD:2,2;ADD:3,8;ADD:4,2;ADD:5,7;ADD:7,3;ADD:8,7;REMOVE:0,2;REMOVE:2,7;REMOVE:3,7;REMOVE:4,7;REMOVE:5,2;REMOVE:7,8;REMOVE:8,2","server 0: - | server 1: - | server 2: 2,4 | server 3: 7 | server 4: - | server 5: - | server 6: 6 | server 7: 5,8 | server 8: 0,3 | server 9: -"
748,748,after_slot_decision,"ADD:0,7;ADD:1,4;ADD:4,8;ADD:5,8;ADD:6,7;ADD:7,4;ADD:8,8;REMOVE:0,8;REMOVE:5,7;REMOVE:6,6;REMOVE:7,3;REMOVE:8,7","server 0: - | server 1: - | server 2: 2,4 | server 3: - | server 4: 1,7 | server 5: - | server 6: - | server 7: 0,6 | server 8: 3,4,5,8 | server 9: -"
749,749,after_slot_decision,"ADD:1,2;ADD:2,7;ADD:3,7;ADD:4,3;ADD:5,7;ADD:6,2;ADD:7,5;ADD:7,8;REMOVE:1,4;REMOVE:3,8;REMOVE:4,2;REMOVE:4,8;REMOVE:5,8;REMOVE:6,7;REMOVE:7,4","server 0: - | server 1: - | server 2: 1,2,6 | server 3: 4 | server 4: - | server 5: 7 | server 6: - | server 7: 0,2,3,5 | server 8: 7,8 | server 9: -"
750,750,after_slot_decision,"ADD:0,3;ADD:3,6;ADD:3,8;ADD:4,9;ADD:6,8;ADD:7,7;REMOVE:0,7;REMOVE:1,2;REMOVE:2,2;REMOVE:3,7;REMOVE:4,3;REMOVE:6,2;REMOVE:7,5;REMOVE:7,8","server 0: - | server 1: - | server 2: - | server 3: 0 | server 4: - | server 5: - | server 6: 3 | server 7: 2,5,7 | server 8: 3,6,8 | server 9: 4"
751,751,after_slot_decision,"ADD:0,7;ADD:2,2;ADD:3,9;ADD:4,7;ADD:5,8;ADD:6,1;ADD:7,4;ADD:8,7;REMOVE:0,3;REMOVE:3,6;REMOVE:3,8;REMOVE:4,9;REMOVE:7,7;REMOVE:8,8","server 0: - | server 1: 6 | server 2: 2 | server 3: - | server 4: 7 | server 5: - | server 6: - | server 7: 0,2,4,5,8 | server 8: 5,6 | server 9: 3"
752,752,after_slot_decision,"ADD:0,8;ADD:5,1;ADD:6,9;ADD:7,8;ADD:7,9;ADD:8,2;REMOVE:2,2;REMOVE:5,7;REMOVE:5,8;REMOVE:6,1;REMOVE:6,8;REMOVE:7,4;REMOVE:8,7","server 0: - | server 1: 5 | server 2: 8 | server 3: - | server 4: - | server 5: - | server 6: - | server 7: 0,2,4 | server 8: 0,7 | server 9: 3,6,7"
753,753,after_slot_decision,"ADD:1,4;ADD:2,2;ADD:3,3;ADD:4,8;ADD:5,2;ADD:6,7;ADD:7,7;ADD:8,9;REMOVE:3,9;REMOVE:4,7;REMOVE:5,1;REMOVE:6,9;REMOVE:7,8;REMOVE:7,9;REMOVE:8,2","server 0: - | server 1: - | server 2: 2,5 | server 3: 3 | server 4: 1 | server 5: - | server 6: - | server 7: 0,2,6,7 | server 8: 0,4 | server 9: 8"
754,754,after_slot_decision,"ADD:0,2;ADD:2,8;ADD:4,2;ADD:6,2;ADD:7,2;ADD:8,8;REMOVE:0,7;REMOVE:0,8;REMOVE:1,4;REMOVE:2,7;REMOVE:3,3;REMOVE:4,8;REMOVE:6,7;REMOVE:7,7;REMOVE:8,9","server 0: - | server 1: - | server 2: 0,2,4,5,6,7 | server 3: - | server 4: - | server 5: - | server 6: - | server 7: - | server 8: 2,8 | server 9: -"
755,755,after_slot_decision,"ADD:0,7;ADD:3,7;ADD:4,7;ADD:5,1;ADD:8,7;REMOVE:0,2;REMOVE:2,2;REMOVE:4,2;REMOVE:5,2;REMOVE:8,8","server 0: - | server 1: 5 | server 2: 6,7 | server 3: - | server 4: - | server 5: - | server 6: - | server 7: 0,3,4,8 | server 8: 2 | server 9: -"
756,756,after_slot_decision,"ADD:2,2;ADD:4,2;ADD:5,7;ADD:6,7;ADD:7,8;REMOVE:2,8;REMOVE:5,1;REMOVE:6,2;REMOVE:7,2","server 0: - | server 1: - | server 2: 2,4 | server 3: - | server 4: - | server 5: - | server 6: - | server 7: 0,3,4,5,6,8 | server 8: 7 | server 9: -"
757,757,after_slot_decision,"ADD:2,8;ADD:4,8;ADD:7,6;ADD:8,5;REMOVE:2,2;REMOVE:4,2;REMOVE:4,7;REMOVE:6,7;REMOVE:7,8;REMOVE:8,7","server 0: - | server 1: - | server 2: - | server 3: - | server 4: - | server 5: 8 | server 6: 7 | server 7: 0,3,5 | server 8: 2,4 | server 9: -"
758,758,after_slot_decision,"ADD:0,3;ADD:4,7;ADD:8,1;REMOVE:3,7;REMOVE:4,8;REMOVE:7,6;REMOVE:8,5","server 0: - | server 1: 8 | server 2: - | server 3: 0 | server 4: - | server 5: - | server 6: - | server 7: 0,4,5 | server 8: 2 | server 9: -"
759,759,after_slot_decision,"ADD:0,8;ADD:3,7;ADD:4,8;ADD:5,2;ADD:6,7;ADD:7,7;ADD:8,7;REMOVE:0,3;REMOVE:0,7;REMOVE:5,7;REMOVE:8,1","server 0: - | server 1: - | server 2: 5 | server 3: - | server 4: - | server 5: - | server 6: - | server 7: 3,4,6,7,8 | server 8: 0,2,4 | server 9: -"
760,760,after_slot_decision,"ADD:0,3;ADD:0,7;ADD:2,7;ADD:3,8;ADD:4,2;ADD:8,2;REMOVE:0,8;REMOVE:3,7;REMOVE:4,8;REMOVE:8,7","server 0: - | server 1: - | server 2: 4,5,8 | server 3: 0 | server 4: - | server 5: - | server 6: - | server 7: 0,2,4,6,7 | server 8: 2,3 | server 9: -"
761,761,after_slot_decision,"ADD:0,2;ADD:3,7;ADD:8,7;REMOVE:2,7;REMOVE:3,8;REMOVE:4,2;REMOVE:8,2","server 0: - | server 1: - | server 2: 0,5 | server 3: 0 | server 4: - | server 5: - | server 6: - | server 7: 0,3,4,6,7,8 | server 8: 2 | server 9: -"
762,762,after_slot_decision,"ADD:1,7;ADD:3,8;ADD:3,9;ADD:4,2;ADD:5,7;ADD:6,8;ADD:7,3;ADD:8,3;REMOVE:0,3;REMOVE:0,7;REMOVE:3,7;REMOVE:4,7;REMOVE:5,2;REMOVE:6,7;REMOVE:7,7;REMOVE:8,7","server 0: - | server 1: - | server 2: 0,4 | server 3: 7,8 | server 4: - | server 5: - | server 6: - | server 7: 1,5 | server 8: 2,3,6 | server 9: 3"
763,763,after_slot_decision,"ADD:0,7;ADD:2,2;ADD:2,7;ADD:4,7;ADD:4,8;ADD:5,4;ADD:7,7;ADD:8,8;REMOVE:0,2;REMOVE:1,7;REMOVE:2,8;REMOVE:3,8;REMOVE:4,2;REMOVE:5,7;REMOVE:6,8;REMOVE:7,3;REMOVE:8,3","server 0: - | server 1: - | server 2: 2 | server 3: - | server 4: 5 | server 5: - | server 6: - | server 7: 0,2,4,7 | server 8: 4,8 | server 9: 3"
764,764,after_slot_decision,"ADD:0,8;ADD:2,4;ADD:3,2;ADD:4,5;ADD:5,7;ADD:6,2;ADD:7,2;ADD:8,7;REMOVE:0,7;REMOVE:2,2;REMOVE:2,7;REMOVE:3,9;REMOVE:4,7;REMOVE:4,8;REMOVE:5,4;REMOVE:7,7;REMOVE:8,8","server 0: - | server 1: - | server 2: 3,6,7 | server 3: - | server 4: 2 | server 5: 4 | server 6: - | server 7: 5,8 | server 8: 0 | server 9: -"
765,765,after_slot_decision,"ADD:2,3;ADD:3,1;ADD:4,7;ADD:5,9;ADD:6,8;ADD:7,8;ADD:8,2;REMOVE:0,8;REMOVE:2,4;REMOVE:3,2;REMOVE:4,5;REMOVE:5,7;REMOVE:6,2;REMOVE:7,2;REMOVE:8,7","server 0: - | server 1: 3 | server 2: 8 | server 3: 2 | server 4: - | server 5: - | server 6: - | server 7: 4 | server 8: 6,7 | server 9: 5"
766,766,after_slot_decision,"ADD:0,7;ADD:2,6;ADD:3,2;ADD:4,2;ADD:5,6;ADD:6,7;ADD:7,2;ADD:8,7;REMOVE:2,3;REMOVE:3,1;REMOVE:5,9;REMOVE:6,8;REMOVE:7,8;REMOVE:8,2","server 0: - | server 1: - | server 2: 3,4,7 | server 3: - | server 4: - | server 5: - | server 6: 2,5 | server 7: 0,4,6,8 | server 8: - | server 9: -"
767,767,after_slot_decision,"ADD:0,2;ADD:1,7;ADD:2,8;ADD:4,8;ADD:5,4;ADD:6,8;ADD:7,5;ADD:8,8;REMOVE:3,2;REMOVE:4,2;REMOVE:4,7;REMOVE:5,6;REMOVE:6,7;REMOVE:7,2;REMOVE:8,7","server 0: - | server 1: - | server 2: 0 | server 3: - | server 4: 5 | server 5: 7 | server 6: 2 | server 7: 0,1 | server 8: 2,4,6,8 | server 9: -"
768,768,after_slot_decision,"ADD:0,3;ADD:4,7;ADD:6,2;ADD:7,7;REMOVE:0,2;REMOVE:0,7;REMOVE:1,7;REMOVE:2,6;REMOVE:2,8;REMOVE:4,8;REMOVE:5,4;REMOVE:6,8;REMOVE:7,5","server 0: - | server 1: - | server 2: 6 | server 3: 0 | server 4: - | server 5: - | server 6: - | server 7: 4,7 | server 8: 8 | server 9: -"
769,769,after_slot_decision,"ADD:0,7;ADD:4,8;ADD:5,3;ADD:7,8;ADD:8,1;REMOVE:0,3;REMOVE:4,7;REMOVE:6,2;REMOVE:8,8","server 0: - | server 1: 8 | server 2: - | server 3: 5 | server 4: - | server 5: - | server 6: - | server 7: 0,7 | server 8: 4,7 | server 9: -"
770,770,after_slot_decision,"ADD:3,4;ADD:4,7;ADD:5,7;ADD:7,2;ADD:8,7;REMOVE:4,8;REMOVE:5,3;REMOVE:7,7;REMOVE:7,8;REMOVE:8,1","server 0: - | server 1: - | server 2: 7 | server 3: - | server 4: 3 | server 5: - | server 6: - | server 7: 0,4,5,8 | server 8: - | server 9: -"
771,771,after_slot_decision,"ADD:0,2;ADD:4,6;ADD:5,2;ADD:7,4;ADD:8,6;REMOVE:0,7;REMOVE:3,4;REMOVE:4,7;REMOVE:5,7;REMOVE:7,2;REMOVE:8,7","server 0: - | server 1: - | server 2: 0,5 | server 3: - | server 4: 7 | server 5: - | server 6: 4,8 | server 7: - | server 8: - | server 9: -"
772,772,after_slot_decision,"ADD:4,7;ADD:5,7;ADD:7,2;ADD:7,7;ADD:8,8;REMOVE:0,2;REMOVE:4,6;REMOVE:5,2;REMOVE:7,4;REMOVE:8,6","server 0: - | server 1: - | server 2: 7 | server 3: - | server 4: - | server 5: - | server 6: - | server 7: 4,5,7 | server 8: 8 | server 9: -"
773,773,after_slot_decision,"ADD:2,6;ADD:3,1;ADD:8,0;REMOVE:8,8","server 0: 8 | server 1: 3 | server 2: 7 | server 3: - | server 4: - | server 5: - | server 6: 2 | server 7: 4,5,7 | server 8: - | server 9: -"
774,774,after_slot_decision,"ADD:1,1;ADD:2,7;ADD:4,2;ADD:4,9;ADD:8,2;REMOVE:2,6;REMOVE:3,1;REMOVE:4,7;REMOVE:8,0","server 0: - | server 1: 1 | server 2: 4,7,8 | server 3: - | server 4: - | server 5: - | server 6: - | server 7: 2,5,7 | server 8: - | server 9: 4"
775,775,after_slot_decision,"ADD:2,4;ADD:3,4;ADD:4,3;ADD:4,7;ADD:5,2;ADD:6,2;ADD:7,8;ADD:8,7;REMOVE:1,1;REMOVE:2,7;REMOVE:4,2;REMOVE:4,9;REMOVE:5,7;REMOVE:7,2;REMOVE:7,7;REMOVE:8,2","server 0: - | server 1: - | server 2: 5,6 | server 3: 4 | server 4: 2,3 | server 5: - | server 6: - | server 7: 4,8 | server 8: 7 | server 9: -"
776,776,after_slot_decision,"ADD:0,1;ADD:2,8;ADD:7,7;ADD:8,9;REMOVE:2,4;REMOVE:3,4;REMOVE:4,3;REMOVE:7,8;REMOVE:8,7","server 0: - | server 1: 0 | server 2: 5,6 | server 3: - | server 4: - | server 5: - | server 6: - | server 7: 4,7 | server 8: 2 | server 9: 8"
777,777,after_slot_decision,"ADD:1,2;ADD:2,7;ADD:3,7;ADD:4,9;ADD:6,7;ADD:7,8;ADD:8,6;REMOVE:0,1;REMOVE:2,8;REMOVE:4,7;REMOVE:5,2;REMOVE:6,2;REMOVE:7,7;REMOVE:8,9","server 0: - | server 1: - | server 2: 1 | server 3: - | server 4: - | server 5: - | server 6: 8 | server 7: 2,3,6 | server 8: 7 | server 9: 4"
778,778,after_slot_decision,"ADD:3,2;ADD:4,6;ADD:5,8;ADD:6,2;ADD:8,7;REMOVE:1,2;REMOVE:3,7;REMOVE:4,9;REMOVE:6,7;REMOVE:8,6","server 0: - | server 1: - | server 2: 3,6 | server 3: - | server 4: - | server 5: - | server 6: 4 | server 7: 2,8 | server 8: 5,7 | server 9: -"
779,779,after_slot_decision,"ADD:3,8;ADD:4,3;ADD:4,7;ADD:5,7;ADD:6,7;ADD:7,2;REMOVE:3,2;REMOVE:4,6;REMOVE:5,8;REMOVE:6,2;REMOVE:7,8","server 0: - | server 1: - | server 2: 7 | server 3: 4 | server 4: - | server 5: - | server 6: - | server 7: 2,4,5,6,8 | server 8: 3 | server 9: -"
780,780,after_slot_decision,"ADD:0,4;ADD:2,8;ADD:3,7;ADD:7,7;ADD:8,8;REMOVE:2,7;REMOVE:3,8;REMOVE:4,3;REMOVE:7,2;REMOVE:8,7","server 0: - | server 1: - | server 2: - | server 3: - | server 4: 0 | server 5: - | server 6: - | server 7: 3,4,5,6,7 | server 8: 2,8 | server 9: -"
781,781,after_slot_decision,"ADD:1,9;ADD:2,3;ADD:2,5;ADD:4,8;ADD:5,5;ADD:7,2;REMOVE:0,4;REMOVE:2,8;REMOVE:5,7","server 0: - | server 1: - | server 2: 7 | server 3: 2 | server 4: - | server 5: 2,5 | server 6: - | server 7: 3,4,6,7 | server 8: 4,8 | server 9: 1"
782,782,after_slot_decision,"ADD:1,4;ADD:2,6;ADD:4,2;ADD:5,3;ADD:6,5;ADD:8,2;REMOVE:1,9;REMOVE:2,3;REMOVE:2,5;REMOVE:4,7;REMOVE:4,8;REMOVE:5,5;REMOVE:6,7;REMOVE:7,2;REMOVE:8,8","server 0: - | server 1: - | server 2: 4,8 | server 3: 5 | server 4: 1 | server 5: 6 | server 6: 2 | server 7: 3,7 | server 8: - | server 9: -"
783,783,after_slot_decision,"ADD:0,8;ADD:2,9;ADD:4,1;ADD:4,8;ADD:5,4;ADD:6,7;ADD:7,8;ADD:8,8;REMOVE:1,4;REMOVE:2,6;REMOVE:4,2;REMOVE:5,3;REMOVE:6,5;REMOVE:8,2","server 0: - | server 1: 4 | server 2: - | server 3: - | server 4: 5 | server 5: - | server 6: - | server 7: 3,6,7 | server 8: 0,4,7,8 | server 9: 2"
784,784,after_slot_decision,"ADD:0,2;ADD:1,2;ADD:2,2;ADD:4,7;ADD:5,9;ADD:6,9;ADD:7,9;ADD:8,7;REMOVE:0,8;REMOVE:2,9;REMOVE:4,1;REMOVE:4,8;REMOVE:5,4;REMOVE:6,7;REMOVE:7,7;REMOVE:7,8","server 0: - | server 1: - | server 2: 0,1,2 | server 3: - | server 4: - | server 5: - | server 6: - | server 7: 3,4,8 | server 8: 8 | server 9: 5,6,7"
785,785,after_slot_decision,"ADD:0,3;ADD:0,8;ADD:1,6;ADD:2,7;ADD:3,9;ADD:4,5;ADD:5,2;ADD:6,2;ADD:7,7;ADD:7,8;REMOVE:0,2;REMOVE:1,2;REMOVE:2,2;REMOVE:3,7;REMOVE:4,7;REMOVE:5,9;REMOVE:6,9;REMOVE:7,9;REMOVE:8,7","server 0: - | server 1: - | server 2: 5,6 | server 3: 0 | server 4: - | server 5: 4 | server 6: 1 | server 7: 2,7 | server 8: 0,7,8 | server 9: 3"
786,786,after_slot_decision,"ADD:2,8;ADD:4,7;ADD:5,7;ADD:6,8;ADD:8,6;REMOVE:0,3;REMOVE:1,6;REMOVE:2,7;REMOVE:4,5;REMOVE:6,2;REMOVE:7,8;REMOVE:8,8","server 0: - | server 1: - | server 2: 5 | server 3: - | server 4: - | server 5: - | server 6: 8 | server 7: 4,5,7 | server 8: 0,2,6 | server 9: 3"
787,787,after_slot_decision,"ADD:2,9;ADD:3,8;ADD:5,6;ADD:6,2;ADD:6,7;ADD:8,8;REMOVE:3,9;REMOVE:5,2;REMOVE:5,7;REMOVE:6,8;REMOVE:8,6","server 0: - | server 1: - | server 2: 6 | server 3: - | server 4: - | server 5: - | server 6: 5 | server 7: 4,6,7 | server 8: 0,2,3,8 | server 9: 2"
788,788,after_slot_decision,"ADD:0,4;ADD:3,9;ADD:4,8;ADD:5,3;ADD:7,8;ADD:8,7;REMOVE:0,8;REMOVE:2,8;REMOVE:2,9;REMOVE:3,8;REMOVE:4,7;REMOVE:5,6;REMOVE:6,2;REMOVE:8,8","server 0: - | server 1: - | server 2: - | server 3: 5 | server 4: 0 | server 5: - | server 6: - | server 7: 6,7,8 | server 8: 4,7 | server 9: 3"
789,789,after_slot_decision,"ADD:0,7;ADD:2,8;ADD:3,7;ADD:4,7;ADD:5,9;REMOVE:0,4;REMOVE:3,9;REMOVE:4,8;REMOVE:5,3;REMOVE:7,8","server 0: - | server 1: - | server 2: - | server 3: - | server 4: - | server 5: - | server 6: - | server 7: 0,3,4,6,7,8 | server 8: 2 | server 9: 5"
790,790,after_slot_decision,"ADD:2,7;ADD:3,9;ADD:4,2;ADD:5,7;ADD:6,8;ADD:7,2;ADD:8,5;REMOVE:2,8;REMOVE:3,7;REMOVE:4,7;REMOVE:5,9;REMOVE:6,7;REMOVE:8,7","server 0: - | server 1: - | server 2: 4,7 | server 3: - | server 4: - | server 5: 8 | server 6: - | server 7: 0,2,5,7 | server 8: 6 | server 9: 3"
791,791,after_slot_decision,"ADD:0,2;ADD:3,8;ADD:4,8;ADD:5,8;ADD:6,7;ADD:7,8;ADD:8,8;REMOVE:3,9;REMOVE:4,2;REMOVE:5,7;REMOVE:6,8;REMOVE:7,2;REMOVE:7,7;REMOVE:8,5","server 0: - | server 1: - | server 2: 0 | server 3: - | server 4: - | server 5: - | server 6: - | server 7: 0,2,6 | server 8: 3,4,5,7,8 | server 9: -"
792,792,after_slot_decision,"ADD:0,6;ADD:3,4;ADD:4,9;ADD:6,8;ADD:7,7;ADD:8,0;REMOVE:0,2;REMOVE:0,7;REMOVE:3,8;REMOVE:4,8;REMOVE:5,8;REMOVE:6,7;REMOVE:7,8;REMOVE:8,8","server 0: 8 | server 1: - | server 2: - | server 3: - | server 4: 3 | server 5: - | server 6: 0 | server 7: 2,7 | server 8: 6 | server 9: 4"
793,793,after_slot_decision,"ADD:2,5;ADD:3,0;ADD:3,7;ADD:4,7;ADD:5,2;ADD:6,7;ADD:7,2;REMOVE:0,6;REMOVE:2,7;REMOVE:3,4;REMOVE:4,9;REMOVE:8,0","server 0: 3 | server 1: - | server 2: 5,7 | server 3: - | server 4: - | server 5: 2 | server 6: - | server 7: 3,4,6,7 | server 8: 6 | server 9: -"
794,794,after_slot_decision,"ADD:0,9;ADD:2,9;ADD:4,4;ADD:5,5;ADD:8,8;REMOVE:2,5;REMOVE:3,0;REMOVE:4,7;REMOVE:5,2;REMOVE:6,8;REMOVE:7,2","server 0: - | server 1: - | server 2: - | server 3: - | server 4: 4 | server 5: 5 | server 6: - | server 7: 3,6,7 | server 8: 8 | server 9: 0,2"
795,795,after_slot_decision,"ADD:0,7;ADD:0,8;ADD:2,2;ADD:4,7;ADD:5,4;ADD:6,2;ADD:6,9;ADD:8,2;REMOVE:0,9;REMOVE:2,9;REMOVE:4,4;REMOVE:5,5;REMOVE:6,7;REMOVE:8,8","server 0: - | server 1: - | server 2: 2,6,8 | server 3: - | server 4: 5 | server 5: - | server 6: - | server 7: 0,3,4,7 | server 8: 0 | server 9: 6"
796,796,after_slot_decision,"ADD:1,2;ADD:3,2;ADD:4,2;ADD:5,5;ADD:6,7;ADD:8,5;REMOVE:0,8;REMOVE:2,2;REMOVE:3,7;REMOVE:4,7;REMOVE:5,4;REMOVE:6,2;REMOVE:6,9;REMOVE:8,2","server 0: - | server 1: - | server 2: 1,3,4 | server 3: - | server 4: - | server 5: 5,8 | server 6: - | server 7: 0,6,7 | server 8: - | server 9: -"
797,797,after_slot_decision,"ADD:1,1;ADD:3,7;ADD:4,9;ADD:5,8;ADD:6,4;ADD:8,9;REMOVE:1,2;REMOVE:3,2;REMOVE:4,2;REMOVE:5,5;REMOVE:6,7;REMOVE:8,5","server 0: - | server 1: 1 | server 2: - | server 3: - | server 4: 6 | server 5: - | server 6: - | server 7: 0,3,7 | server 8: 5 | server 9: 4,8"
798,798,after_slot_decision,"ADD:1,7;ADD:2,3;ADD:2,7;ADD:3,2;ADD:4,8;ADD:6,3;ADD:6,9;ADD:8,4;REMOVE:1,1;REMOVE:3,7;REMOVE:4,9;REMOVE:5,8;REMOVE:6,4;REMOVE:8,9","server 0: - | server 1: - | server 2: 3 | server 3: 2,6 | server 4: 8 | server 5: - | server 6: - | server 7: 0,1,2,7 | server 8: 4 | server 9: 6"
799,799,after_slot_decision,"ADD:0,2;ADD:2,8;ADD:3,7;ADD:4,9;ADD:5,8;ADD:6,2;ADD:8,1;REMOVE:0,7;REMOVE:2,3;REMOVE:2,7;REMOVE:3,2;REMOVE:4,8;REMOVE:6,3;REMOVE:6,9;REMOVE:8,4","server 0: - | server 1: 8 | server 2: 0,6 | server 3: - | server 4: - | server 5: - | server 6: - | server 7: 1,3,7 | server 8: 2,5 | server 9: 4"
800,800,after_slot_decision,"ADD:5,7;ADD:6,8;ADD:8,9;REMOVE:0,2;REMOVE:1,7;REMOVE:2,8;REMOVE:5,8;REMOVE:6,2;REMOVE:8,1","server 0: - | server 1: - | server 2: - | server 3: - | server 4: - | server 5: - | server 6: - | server 7: 3,5,7 | server 8: 6 | server 9: 4,8"
801,801,after_slot_decision,"ADD:0,5;ADD:0,9;ADD:2,5;ADD:3,8;ADD:4,8;ADD:5,2;ADD:7,2;REMOVE:3,7;REMOVE:4,9;REMOVE:5,7;REMOVE:6,8","server 0: - | server 1: - | server 2: 5,7 | server 3: - | server 4: - | server 5: 0,2 | server 6: - | server 7: 7 | server 8: 3,4 | server 9: 0,8"
802,802,after_slot_decision,"ADD:0,4;ADD:1,7;ADD:2,8;ADD:4,2;ADD:8,7;REMOVE:0,5;REMOVE:0,9;REMOVE:2,5;REMOVE:4,8;REMOVE:7,2;REMOVE:8,9","server 0: - | server 1: - | server 2: 4,5 | server 3: - | server 4: 0 | server 5: - | server 6: - | server 7: 1,7,8 | server 8: 2,3 | server 9: -"
803,803,after_slot_decision,"ADD:3,9;ADD:6,8;REMOVE:0,4;REMOVE:3,8","server 0: - | server 1: - | server 2: 4,5 | server 3: - | server 4: - | server 5: - | server 6: - | server 7: 1,7,8 | server 8: 2,6 | server 9: 3"
804,804,after_slot_decision,"ADD:3,2;ADD:4,7;ADD:5,1;ADD:6,9;ADD:7,9;REMOVE:1,7;REMOVE:3,9;REMOVE:4,2;REMOVE:5,2;REMOVE:6,8;REMOVE:7,7","server 0: - | server 1: 5 | server 2: 3 | server 3: - | server 4: - | server 5: - | server 6: - | server 7: 4,8 | server 8: 2 | server 9: 6,7"
805,805,after_slot_decision,"ADD:2,4;ADD:3,8;ADD:5,6;ADD:7,2;ADD:7,8;ADD:8,9;REMOVE:2,8;REMOVE:3,2;REMOVE:5,1;REMOVE:6,9;REMOVE:7,9;REMOVE:8,7","server 0: - | server 1: - | server 2: 7 | server 3: - | server 4: 2 | server 5: - | server 6: 5 | server 7: 4 | server 8: 3,7 | server 9: 8"
806,806,after_slot_decision,"ADD:2,3;ADD:3,6;ADD:4,3;ADD:5,7;ADD:8,1;REMOVE:2,4;REMOVE:3,8;REMOVE:4,7;REMOVE:5,6;REMOVE:7,2;REMOVE:8,9","server 0: - | server 1: 8 | server 2: - | server 3: 2,4 | server 4: - | server 5: - | server 6: 3 | server 7: 5 | server 8: 7 | server 9: -"
807,807,after_slot_decision,"ADD:2,2;ADD:3,0;ADD:4,1;ADD:8,2;REMOVE:2,3;REMOVE:3,6;REMOVE:4,3;REMOVE:8,1","server 0: 3 | server 1: 4 | server 2: 2,8 | server 3: - | server 4: - | server 5: - | server 6: - | server 7: 5 | server 8: 7 | server 9: -"
808,808,after_slot_decision,"ADD:1,7;ADD:2,0;ADD:3,5;ADD:4,2;ADD:5,3;ADD:7,7;REMOVE:2,2;REMOVE:3,0;REMOVE:4,1;REMOVE:5,7;REMOVE:7,8","server 0: 2 | server 1: - | server 2: 4,8 | server 3: 5 | server 4: - | server 5: 3 | server 6: - | server 7: 1,7 | server 8: - | server 9: -"
809,809,after_slot_decision,"ADD:1,2;ADD:2,7;ADD:3,7;ADD:4,8;ADD:5,9;ADD:6,6;ADD:7,2;ADD:7,8;ADD:8,4;REMOVE:1,7;REMOVE:2,0;REMOVE:3,5;REMOVE:4,2;REMOVE:5,3;REMOVE:7,7;REMOVE:8,2","server 0: - | server 1: - | server 2: 1,7 | server 3: - | server 4: 8 | server 5: - | server 6: 6 | server 7: 2,3 | server 8: 4,7 | server 9: 5"
810,810,after_slot_decision,"ADD:1,8;ADD:2,4;ADD:3,2;ADD:5,2;ADD:6,5;ADD:6,8;ADD:7,6;REMOVE:1,2;REMOVE:2,7;REMOVE:3,7;REMOVE:6,6;REMOVE:7,2;REMOVE:7,8","server 0: - | server 1: - | server 2: 3,5 | server 3: - | server 4: 2,8 | server 5: 6 | server 6: 7 | server 7: - | server 8: 1,4,6 | server 9: 5"
811,811,after_slot_decision,"ADD:2,8;ADD:3,7;ADD:5,6;ADD:6,6;ADD:7,7;ADD:8,7;REMOVE:2,4;REMOVE:3,2;REMOVE:5,2;REMOVE:5,9;REMOVE:6,5;REMOVE:6,8;REMOVE:7,6;REMOVE:8,4","server 0: - | server 1: - | server 2: - | server 3: - | server 4: - | server 5: - | server 6: 5,6 | server 7: 3,7,8 | server 8: 1,2,4 | server 9: -"
812,812,after_slot_decision,"ADD:1,9;ADD:2,7;ADD:5,7;ADD:6,2;ADD:8,3;REMOVE:2,8;REMOVE:5,6;REMOVE:6,6;REMOVE:8,7","server 0: - | server 1: - | server 2: 6 | server 3: 8 | server 4: - | server 5: - | server 6: - | server 7: 2,3,5,7 | server 8: 1,4 | server 9: 1"
813,813,after_slot_decision,"ADD:1,2;ADD:2,9;ADD:4,5;ADD:5,2;ADD:6,8;ADD:7,2;ADD:8,7;REMOVE:1,8;REMOVE:1,9;REMOVE:2,7;REMOVE:4,8;REMOVE:5,7;REMOVE:6,2;REMOVE:7,7;REMOVE:8,3","server 0: - | server 1: - | server 2: 1,5,7 | server 3: - | server 4: - | server 5: 4 | server 6: - | server 7: 3,8 | server 8: 6 | server 9: 2"
814,814,after_slot_decision,"ADD:4,7;ADD:5,8;ADD:6,9;ADD:7,8;ADD:7,9;REMOVE:1,2;REMOVE:2,9;REMOVE:3,7;REMOVE:4,5;REMOVE:5,2;REMOVE:6,8;REMOVE:7,2","server 0: - | server 1: - | server 2: - | server 3: - | server 4: - | server 5: - | server 6: - | server 7: 4,8 | server 8: 5,7 | server 9: 6,7"
815,815,after_slot_decision,"ADD:2,2;ADD:3,4;ADD:4,4;ADD:5,4;ADD:6,5;ADD:7,7;ADD:8,8;REMOVE:4,7;REMOVE:5,8;REMOVE:6,9;REMOVE:7,8;REMOVE:7,9;REMOVE:8,7","server 0: - | server 1: - | server 2: 2 | server 3: - | server 4: 3,4,5 | server 5: 6 | server 6: - | server 7: 7 | server 8: 8 | server 9: -"
816,816,after_slot_decision,"ADD:2,7;ADD:3,8;ADD:4,8;ADD:5,5;ADD:6,3;ADD:7,8;ADD:8,5;REMOVE:2,2;REMOVE:3,4;REMOVE:4,4;REMOVE:5,4;REMOVE:6,5;REMOVE:7,7;REMOVE:8,8","server 0: - | server 1: - | server 2: - | server 3: 6 | server 4: - | server 5: 5,8 | server 6: - | server 7: 2 | server 8: 3,4,7 | server 9: -"
817,817,after_slot_decision,"ADD:0,8;ADD:1,1;ADD:2,2;ADD:4,7;ADD:5,7;ADD:6,7;ADD:7,2;ADD:7,7;ADD:8,7;REMOVE:2,7;REMOVE:3,8;REMOVE:4,8;REMOVE:5,5;REMOVE:6,3;REMOVE:7,8;REMOVE:8,5","server 0: - | server 1: 1 | server 2: 2,7 | server 3: - | server 4: - | server 5: - | server 6: - | server 7: 4,5,6,7,8 | server 8: 0 | server 9: -"
818,818,after_slot_decision,"ADD:0,2;ADD:2,8;ADD:3,8;ADD:3,9;ADD:4,8;ADD:5,2;ADD:6,9;ADD:7,3;REMOVE:0,8;REMOVE:1,1;REMOVE:2,2;REMOVE:4,7;REMOVE:5,7;REMOVE:6,7;REMOVE:7,7","server 0: - | server 1: - | server 2: 0,5,7 | server 3: 7 | server 4: - | server 5: - | server 6: - | server 7: 8 | server 8: 2,3,4 | server 9: 3,6"
819,819,after_slot_decision,"ADD:0,7;ADD:3,2;ADD:4,7;ADD:5,5;ADD:5,8;ADD:7,7;ADD:8,4;REMOVE:0,2;REMOVE:3,8;REMOVE:3,9;REMOVE:4,8;REMOVE:5,2;REMOVE:6,9;REMOVE:7,3;REMOVE:8,7","server 0: - | server 1: - | server 2: 3,7 | server 3: - | server 4: 8 | server 5: 5 | server 6: - | server 7: 0,4,7 | server 8: 2,5 | server 9: -"
820,820,after_slot_decision,"ADD:1,3;ADD:2,9;ADD:3,4;ADD:4,8;ADD:5,7;ADD:6,8;ADD:7,8;ADD:8,9;REMOVE:0,7;REMOVE:2,8;REMOVE:3,2;REMOVE:4,7;REMOVE:5,5;REMOVE:5,8;REMOVE:7,2;REMOVE:7,7;REMOVE:8,4","server 0: - | server 1: - | server 2: - | server 3: 1 | server 4: 3 | server 5: - | server 6: - | server 7: 5 | server 8: 4,6,7 | server 9: 2,8"
821,821,after_slot_decision,"ADD:4,7;ADD:6,7;ADD:7,7;ADD:8,4;REMOVE:1,3;REMOVE:2,9;REMOVE:4,8;REMOVE:6,8;REMOVE:7,8;REMOVE:8,9","server 0: - | server 1: - | server 2: - | server 3: - | server 4: 3,8 | server 5: - | server 6: - | server 7: 4,5,6,7 | server 8: - | server 9: -"
822,822,after_slot_decision,"ADD:0,7;ADD:1,7;ADD:2,3;ADD:3,3;ADD:4,8;ADD:6,4;ADD:7,5;ADD:8,7;REMOVE:3,4;REMOVE:4,7;REMOVE:6,7;REMOVE:7,7;REMOVE:8,4","server 0: - | server 1: - | server 2: - | server 3: 2,3 | server 4: 6 | server 5: 7 | server 6: - | server 7: 0,1,5,8 | server 8: 4 | server 9: -"
823,823,after_slot_decision,"ADD:0,8;ADD:1,3;ADD:2,4;ADD:3,7;ADD:4,7;ADD:5,8;ADD:6,7;ADD:7,7;ADD:8,9;REMOVE:0,7;REMOVE:1,7;REMOVE:2,3;REMOVE:3,3;REMOVE:4,8;REMOVE:5,7;REMOVE:6,4;REMOVE:7,5;REMOVE:8,7","server 0: - | server 1: - | server 2: - | server 3: 1 | server 4: 2 | server 5: - | server 6: - | server 7: 3,4,6,7 | server 8: 0,5 | server 9: 8"
824,824,after_slot_decision,"ADD:0,7;ADD:1,2;ADD:3,9;ADD:8,7;REMOVE:0,8;REMOVE:1,3;REMOVE:2,4;REMOVE:3,7;REMOVE:5,8;REMOVE:8,9","server 0: - | server 1: - | server 2: 1 | server 3: - | server 4: - | server 5: - | server 6: - | server 7: 0,4,6,7,8 | server 8: - | server 9: 3"
825,825,after_slot_decision,"ADD:1,7;ADD:3,7;ADD:4,4;ADD:5,7;ADD:7,2;ADD:8,9;REMOVE:1,2;REMOVE:3,9;REMOVE:4,7;REMOVE:6,7;REMOVE:7,7;REMOVE:8,7","server 0: - | server 1: - | server 2: 7 | server 3: - | server 4: 4 | server 5: - | server 6: - | server 7: 0,1,3,5 | server 8: - | server 9: 8"
826,826,after_slot_decision,"ADD:0,3;ADD:1,1;ADD:2,2;ADD:3,8;ADD:4,7;ADD:5,9;ADD:6,7;ADD:7,8;ADD:8,8;REMOVE:0,7;REMOVE:1,7;REMOVE:4,4;REMOVE:5,7;REMOVE:7,2;REMOVE:8,9","server 0: - | server 1: 1 | server 2: 2 | server 3: 0 | server 4: - | server 5: - | server 6: - | server 7: 3,4,6 | server 8: 3,7,8 | server 9: 5"
827,827,after_slot_decision,"ADD:0,9;ADD:2,8;ADD:3,4;ADD:4,3;ADD:5,8;ADD:6,5;REMOVE:0,3;REMOVE:1,1;REMOVE:2,2;REMOVE:3,7;REMOVE:3,8;REMOVE:4,7;REMOVE:5,9;REMOVE:6,7;REMOVE:8,8","server 0: - | server 1: - | server 2: - | server 3: 4 | server 4: 3 | server 5: 6 | server 6: - | server 7: - | server 8: 2,5,7 | server 9: 0"
828,828,after_slot_decision,"ADD:0,7;ADD:2,2;ADD:3,7;ADD:4,5;ADD:6,7;ADD:7,7;ADD:8,9;REMOVE:0,9;REMOVE:2,8;REMOVE:3,4;REMOVE:4,3;REMOVE:5,8;REMOVE:6,5;REMOVE:7,8","server 0: - | server 1: - | server 2: 2 | server 3: - | server 4: - | server 5: 4 | server 6: - | server 7: 0,3,6,7 | server 8: - | server 9: 8"
829,829,after_slot_decision,"ADD:0,8;ADD:3,2;ADD:4,7;ADD:5,7;ADD:6,2;ADD:7,8;ADD:8,8;REMOVE:2,2;REMOVE:3,7;REMOVE:4,5;REMOVE:7,7;REMOVE:8,9","server 0: - | server 1: - | server 2: 3,6 | server 3: - | server 4: - | server 5: - | server 6: - | server 7: 0,4,5,6 | server 8: 0,7,8 | server 9: -"
830,830,after_slot_decision,"ADD:1,1;ADD:5,9;ADD:6,8;ADD:7,3;ADD:7,7;REMOVE:0,8;REMOVE:5,7;REMOVE:6,2;REMOVE:6,7;REMOVE:7,8","server 0: - | server 1: 1 | server 2: 3 | server 3: 7 | server 4: - | server 5: - | server 6: - | server 7: 0,4,7 | server 8: 6,8 | server 9: 5"
831,831,after_slot_decision,"ADD:0,8;ADD:3,7;ADD:4,8;ADD:5,6;ADD:6,9;ADD:8,7;REMOVE:1,1;REMOVE:3,2;REMOVE:4,7;REMOVE:5,9;REMOVE:6,8;REMOVE:7,3;REMOVE:8,8","server 0: - | server 1: - | server 2: - | server 3: - | server 4: - | server 5: - | server 6: 5 | server 7: 0,3,7,8 | server 8: 0,4 | server 9: 6"
832,832,after_slot_decision,"ADD:3,9;ADD:4,6;ADD:5,7;ADD:6,0;ADD:6,7;ADD:7,3;REMOVE:0,8;REMOVE:3,7;REMOVE:4,8;REMOVE:5,6;REMOVE:6,9;REMOVE:7,7","server 0: 6 | server 1: - | server 2: - | server 3: 7 | server 4: - | server 5: - | server 6: 4 | server 7: 0,5,6,8 | server 8: - | server 9: 3"
833,833,after_slot_decision,"ADD:2,2;ADD:3,8;ADD:4,4;ADD:5,2;ADD:7,2;REMOVE:3,9;REMOVE:4,6;REMOVE:5,7;REMOVE:6,0;REMOVE:7,3","server 0: - | server 1: - | server 2: 2,5,7 | server 3: - | server 4: 4 | server 5: - | server 6: - | server 7: 0,6,8 | server 8: 3 | server 9: -"
834,834,after_slot_decision,"ADD:2,1;ADD:3,3;ADD:4,3;ADD:5,4;ADD:6,4;ADD:7,8;REMOVE:2,2;REMOVE:3,8;REMOVE:4,4;REMOVE:5,2;REMOVE:6,7;REMOVE:7,2","server 0: - | server 1: 2 | server 2: - | server 3: 3,4 | server 4: 5,6 | server 5: - | server 6: - | server 7: 0,8 | server 8: 7 | server 9: -"
835,835,after_slot_decision,"ADD:3,4;ADD:4,7;ADD:5,7;ADD:6,3;ADD:7,7;ADD:8,2;REMOVE:2,1;REMOVE:3,3;REMOVE:4,3;REMOVE:5,4;REMOVE:6,4;REMOVE:7,8;REMOVE:8,7","server 0: - | server 1: - | server 2: 8 | server 3: 6 | server 4: 3 | server 5: - | server 6: - | server 7: 0,4,5,7 | server 8: - | server 9: -"
836,836,after_slot_decision,"ADD:0,8;ADD:2,2;ADD:3,2;ADD:4,9;ADD:5,3;ADD:6,7;ADD:8,1;REMOVE:0,7;REMOVE:3,4;REMOVE:4,7;REMOVE:5,7;REMOVE:6,3;REMOVE:8,2","server 0: - | server 1: 8 | server 2: 2,3 | server 3: 5 | server 4: - | server 5: - | server 6: - | server 7: 6,7 | server 8: 0 | server 9: 4"
837,837,after_slot_decision,"ADD:0,2;ADD:0,7;ADD:2,7;ADD:3,7;ADD:4,4;ADD:5,6;ADD:7,8;ADD:8,8;REMOVE:0,8;REMOVE:2,2;REMOVE:3,2;REMOVE:4,9;REMOVE:5,3;REMOVE:8,1","server 0: - | server 1: - | server 2: 0 | server 3: - | server 4: 4 | server 5: - | server 6: 5 | server 7: 0,2,3,6,7 | server 8: 7,8 | server 9: -"
838,838,after_slot_decision,"ADD:2,9;ADD:8,9;REMOVE:0,7;REMOVE:2,7;REMOVE:4,4;REMOVE:5,6;REMOVE:7,8;REMOVE:8,8","server 0: - | server 1: - | server 2: 0 | server 3: - | server 4: - | server 5: - | server 6: - | server 7: 3,6,7 | server 8: - | server 9: 2,8"
839,839,after_slot_decision,"ADD:0,3;ADD:2,7;ADD:3,8;ADD:4,2;ADD:5,1;ADD:8,4;REMOVE:2,9;REMOVE:8,9","server 0: - | server 1: 5 | server 2: 0,4 | server 3: 0 | server 4: 8 | server 5: - | server 6: - | server 7: 2,3,6,7 | server 8: 3 | server 9: -"
840,840,after_slot_decision,"ADD:0,8;ADD:5,4;ADD:8,8;REMOVE:0,2;REMOVE:0,3;REMOVE:2,7;REMOVE:3,8;REMOVE:5,1;REMOVE:6,7;REMOVE:8,4","server 0: - | server 1: - | server 2: 4 | server 3: - | server 4: 5 | server 5: - | server 6: - | server 7: 3,7 | server 8: 0,8 | server 9: -"
841,841,after_slot_decision,"ADD:0,6;ADD:3,2;ADD:4,4;ADD:5,2;ADD:6,8;ADD:8,7;REMOVE:0,8;REMOVE:3,7;REMOVE:4,2;REMOVE:5,4;REMOVE:8,8","server 0: - | server 1: - | server 2: 3,5 | server 3: - | server 4: 4 | server 5: - | server 6: 0 | server 7: 7,8 | server 8: 6 | server 9: -"
842,842,after_slot_decision,"ADD:0,7;ADD:2,5;ADD:2,9;ADD:3,8;ADD:5,9;ADD:6,3;REMOVE:0,6;REMOVE:3,2;REMOVE:4,4;REMOVE:5,2;REMOVE:6,8","server 0: - | server 1: - | server 2: - | server 3: 6 | server 4: - | server 5: 2 | server 6: - | server 7: 0,7,8 | server 8: 3 | server 9: 2,5"
843,843,after_slot_decision,"ADD:3,7;ADD:4,3;ADD:6,9;ADD:7,3;ADD:8,8;REMOVE:2,5;REMOVE:3,8;REMOVE:5,9;REMOVE:6,3;REMOVE:7,7;REMOVE:8,7","server 0: - | server 1: - | server 2: - | server 3: 4,7 | server 4: - | server 5: - | server 6: - | server 7: 0,3 | server 8: 8 | server 9: 2,6"
844,844,after_slot_decision,"ADD:0,8;ADD:3,8;ADD:4,0;ADD:5,7;ADD:6,7;ADD:7,7;ADD:7,8;ADD:8,4;REMOVE:3,7;REMOVE:4,3;REMOVE:6,9;REMOVE:7,3;REMOVE:8,8","server 0: 4 | server 1: - | server 2: - | server 3: - | server 4: 8 | server 5: - | server 6: - | server 7: 0,5,6,7 | server 8: 0,3,7 | server 9: 2"
845,845,after_slot_decision,"ADD:2,8;ADD:3,2;ADD:4,7;ADD:6,9;ADD:8,8;REMOVE:0,8;REMOVE:2,9;REMOVE:3,8;REMOVE:4,0;REMOVE:5,7;REMOVE:6,7;REMOVE:7,8;REMOVE:8,4","server 0: - | server 1: - | server 2: 3 | server 3: - | server 4: - | server 5: - | server 6: - | server 7: 0,4,7 | server 8: 2,8 | server 9: 6"
846,846,after_slot_decision,"ADD:4,8;ADD:6,7;ADD:8,2;REMOVE:0,7;REMOVE:4,7;REMOVE:6,9;REMOVE:8,8","server 0: - | server 1: - | server 2: 3,8 | server 3: - | server 4: - | server 5: - | server 6: - | server 7: 6,7 | server 8: 2,4 | server 9: -"
847,847,after_slot_decision,"ADD:0,7;ADD:2,2;ADD:3,8;ADD:4,4;ADD:5,7;ADD:6,8;ADD:7,2;REMOVE:2,8;REMOVE:3,2;REMOVE:4,8;REMOVE:6,7;REMOVE:7,7","server 0: - | server 1: - | server 2: 2,7,8 | server 3: - | server 4: 4 | server 5: - | server 6: - | server 7: 0,5 | server 8: 3,6 | server 9: -"
848,848,after_slot_decision,"ADD:3,4;ADD:6,2;ADD:7,9;ADD:8,6;REMOVE:0,7;REMOVE:2,2;REMOVE:3,8;REMOVE:5,7;REMOVE:6,8;REMOVE:7,2;REMOVE:8,2","server 0: - | server 1: - | server 2: 6 | server 3: - | server 4: 3,4 | server 5: - | server 6: 8 | server 7: - | server 8: - | server 9: 7"
849,849,after_slot_decision,"ADD:0,2;ADD:3,7;ADD:4,7;ADD:5,1;ADD:6,7;ADD:7,2;ADD:8,8;REMOVE:3,4;REMOVE:4,4;REMOVE:6,2;REMOVE:7,9;REMOVE:8,6","server 0: - | server 1: 5 | server 2: 0,7 | server 3: - | server 4: - | server 5: - | server 6: - | server 7: 3,4,6 | server 8: 8 | server 9: -"
850,850,after_slot_decision,"ADD:3,2;ADD:5,3;ADD:6,2;ADD:8,2;REMOVE:3,7;REMOVE:5,1;REMOVE:6,7;REMOVE:8,8","server 0: - | server 1: - | server 2: 0,3,6,7,8 | server 3: 5 | server 4: - | server 5: - | server 6: - | server 7: 4 | server 8: - | server 9: -"
851,851,after_slot_decision,"ADD:0,7;ADD:1,4;ADD:2,4;ADD:3,8;ADD:4,9;ADD:5,4;ADD:7,3;ADD:7,7;ADD:8,3;REMOVE:0,2;REMOVE:3,2;REMOVE:4,7;REMOVE:5,3;REMOVE:7,2;REMOVE:8,2","server 0: - | server 1: - | server 2: 6 | server 3: 7,8 | server 4: 1,2,5 | server 5: - | server 6: - | server 7: 0,7 | server 8: 3 | server 9: 4"
852,852,after_slot_decision,"ADD:0,8;ADD:2,5;ADD:2,9;ADD:3,7;ADD:4,2;ADD:8,8;REMOVE:0,7;REMOVE:1,4;REMOVE:2,4;REMOVE:3,8;REMOVE:4,9;REMOVE:5,4;REMOVE:7,3;REMOVE:8,3","server 0: - | server 1: - | server 2: 4,6 | server 3: - | server 4: - | server 5: 2 | server 6: - | server 7: 3,7 | server 8: 0,8 | server 9: 2"
853,853,after_slot_decision,"ADD:4,7;ADD:5,4;ADD:8,2;REMOVE:2,5;REMOVE:4,2;REMOVE:8,8","server 0: - | server 1: - | server 2: 6,8 | server 3: - | server 4: 5 | server 5: - | server 6: - | server 7: 3,4,7 | server 8: 0 | server 9: 2"
854,854,after_slot_decision,"ADD:0,9;ADD:2,3;ADD:4,2;ADD:5,0;ADD:6,1;ADD:7,8;ADD:8,5;REMOVE:0,8;REMOVE:2,9;REMOVE:4,7;REMOVE:5,4;REMOVE:6,2;REMOVE:7,7;REMOVE:8,2",server 0: 5 | server 1: 6 | server 2: 4 | server 3: 2 | server 4: - | server 5: 8 | server 6: - | server 7: 3 | server 8: 7 | server 9: 0
855,855,after_slot_decision,"ADD:0,7;ADD:3,3;ADD:4,6;ADD:6,8;ADD:7,9;REMOVE:0,9;REMOVE:2,3;REMOVE:3,7;REMOVE:4,2;REMOVE:5,0;REMOVE:6,1;REMOVE:7,8;REMOVE:8,5",server 0: - | server 1: - | server 2: - | server 3: 3 | server 4: - | server 5: - | server 6: 4 | server 7: 0 | server 8: 6 | server 9: 7
856,856,after_slot_decision,"ADD:0,8;ADD:2,3;ADD:3,8;ADD:4,1;ADD:5,9;ADD:6,7;ADD:7,7;REMOVE:0,7;REMOVE:3,3;REMOVE:4,6;REMOVE:6,8;REMOVE:7,9","server 0: - | server 1: 4 | server 2: - | server 3: 2 | server 4: - | server 5: - | server 6: - | server 7: 6,7 | server 8: 0,3 | server 9: 5"
857,857,after_slot_decision,"ADD:0,1;ADD:2,7;ADD:3,2;ADD:4,8;ADD:5,7;ADD:6,8;ADD:7,2;ADD:8,7;ADD:8,8;REMOVE:0,8;REMOVE:2,3;REMOVE:4,1;REMOVE:5,9;REMOVE:6,7","server 0: - | server 1: 0 | server 2: 3,7 | server 3: - | server 4: - | server 5: - | server 6: - | server 7: 2,5,7,8 | server 8: 3,4,6,8 | server 9: -"
858,858,after_slot_decision,"ADD:0,8;ADD:2,4;ADD:4,9;ADD:5,3;ADD:6,5;ADD:8,2;ADD:8,9;REMOVE:0,1;REMOVE:2,7;REMOVE:3,8;REMOVE:4,8;REMOVE:5,7;REMOVE:6,8;REMOVE:8,7;REMOVE:8,8","server 0: - | server 1: - | server 2: 3,7,8 | server 3: 5 | server 4: 2 | server 5: 6 | server 6: - | server 7: 7 | server 8: 0 | server 9: 4,8"
859,859,after_slot_decision,"ADD:0,7;ADD:1,5;ADD:2,8;ADD:3,7;ADD:5,5;ADD:6,7;ADD:8,8;REMOVE:0,8;REMOVE:2,4;REMOVE:5,3;REMOVE:6,5;REMOVE:7,2;REMOVE:8,2;REMOVE:8,9","server 0: - | server 1: - | server 2: 3 | server 3: - | server 4: - | server 5: 1,5 | server 6: - | server 7: 0,3,6,7 | server 8: 2,8 | server 9: 4"
860,860,after_slot_decision,"ADD:0,8;ADD:0,9;ADD:5,3;ADD:6,9;ADD:8,6;REMOVE:0,7;REMOVE:1,5;REMOVE:3,2;REMOVE:4,9;REMOVE:5,5;REMOVE:6,7;REMOVE:8,8","server 0: - | server 1: - | server 2: - | server 3: 5 | server 4: - | server 5: - | server 6: 8 | server 7: 3,7 | server 8: 0,2 | server 9: 0,6"
861,861,after_slot_decision,"ADD:1,9;ADD:2,7;ADD:3,8;ADD:5,7;ADD:6,2;ADD:7,2;ADD:7,8;ADD:8,4;REMOVE:0,8;REMOVE:0,9;REMOVE:2,8;REMOVE:3,7;REMOVE:5,3;REMOVE:6,9;REMOVE:7,7;REMOVE:8,6","server 0: - | server 1: - | server 2: 6,7 | server 3: - | server 4: 8 | server 5: - | server 6: - | server 7: 2,5 | server 8: 3,7 | server 9: 1"
862,862,after_slot_decision,"ADD:2,8;ADD:3,9;ADD:4,8;ADD:5,5;ADD:8,2;REMOVE:1,9;REMOVE:2,7;REMOVE:3,8;REMOVE:5,7;REMOVE:6,2;REMOVE:7,2;REMOVE:8,4","server 0: - | server 1: - | server 2: 8 | server 3: - | server 4: - | server 5: 5 | server 6: - | server 7: - | server 8: 2,4,7 | server 9: 3"
863,863,after_slot_decision,"ADD:0,5;ADD:3,7;ADD:4,5;ADD:5,2;ADD:6,4;ADD:7,9;REMOVE:2,8;REMOVE:3,9;REMOVE:5,5","server 0: - | server 1: - | server 2: 5,8 | server 3: - | server 4: 6 | server 5: 0,4 | server 6: - | server 7: 3 | server 8: 4,7 | server 9: 7"
864,864,after_slot_decision,"ADD:0,2;ADD:1,7;ADD:2,9;ADD:3,8;ADD:4,7;ADD:6,9;ADD:7,7;ADD:8,6;REMOVE:0,5;REMOVE:3,7;REMOVE:4,5;REMOVE:4,8;REMOVE:5,2;REMOVE:6,4;REMOVE:7,9;REMOVE:8,2","server 0: - | server 1: - | server 2: 0 | server 3: - | server 4: - | server 5: - | server 6: 8 | server 7: 1,4,7 | server 8: 3,7 | server 9: 2,6"
865,865,after_slot_decision,"ADD:0,7;ADD:2,7;ADD:2,8;ADD:3,4;ADD:4,3;ADD:5,8;ADD:6,7;ADD:6,8;ADD:8,8;REMOVE:0,2;REMOVE:2,9;REMOVE:3,8;REMOVE:6,9;REMOVE:8,6","server 0: - | server 1: - | server 2: - | server 3: 4 | server 4: 3 | server 5: - | server 6: - | server 7: 0,1,2,4,6,7 | server 8: 2,5,6,7,8 | server 9: -"
866,866,after_slot_decision,"ADD:1,8;ADD:3,6;ADD:5,9;ADD:6,2;ADD:8,7;REMOVE:3,4;REMOVE:4,3;REMOVE:5,8;REMOVE:6,8;REMOVE:7,8;REMOVE:8,8","server 0: - | server 1: - | server 2: 6 | server 3: - | server 4: - | server 5: - | server 6: 3 | server 7: 0,1,2,4,6,7,8 | server 8: 1,2 | server 9: 5"
867,867,after_slot_decision,"ADD:3,7;ADD:5,7;ADD:7,2;ADD:8,8;REMOVE:1,8;REMOVE:2,7;REMOVE:3,6;REMOVE:5,9;REMOVE:6,2;REMOVE:8,7","server 0: - | server 1: - | server 2: 7 | server 3: - | server 4: - | server 5: - | server 6: - | server 7: 0,1,3,4,5,6,7 | server 8: 2,8 | server 9: -"
868,868,after_slot_decision,"ADD:0,8;ADD:1,8;ADD:2,5;ADD:2,7;ADD:3,2;ADD:4,2;ADD:8,9;REMOVE:1,7;REMOVE:2,8;REMOVE:3,7;REMOVE:4,7;REMOVE:7,7","server 0: - | server 1: - | server 2: 3,4,7 | server 3: - | server 4: - | server 5: 2 | server 6: - | server 7: 0,2,5,6 | server 8: 0,1,8 | server 9: 8"
869,869,after_slot_decision,"ADD:1,2;ADD:2,8;ADD:3,8;ADD:4,9;ADD:5,8;ADD:6,8;ADD:7,8;ADD:8,7;REMOVE:0,8;REMOVE:1,8;REMOVE:2,5;REMOVE:2,7;REMOVE:3,2;REMOVE:4,2;REMOVE:5,7;REMOVE:6,7;REMOVE:7,2;REMOVE:8,8;REMOVE:8,9","server 0: - | server 1: - | server 2: 1 | server 3: - | server 4: - | server 5: - | server 6: - | server 7: 0,8 | server 8: 2,3,5,6,7 | server 9: 4"
870,870,after_slot_decision,"ADD:0,2;ADD:1,6;ADD:2,7;ADD:3,6;ADD:4,8;ADD:6,7;ADD:7,7;REMOVE:0,7;REMOVE:1,2;REMOVE:3,8;REMOVE:5,8;REMOVE:6,8;REMOVE:7,8","server 0: - | server 1: - | server 2: 0 | server 3: - | server 4: - | server 5: - | server 6: 1,3 | server 7: 2,6,7,8 | server 8: 2,4 | server 9: 4"
871,871,after_slot_decision,"ADD:0,7;ADD:1,7;ADD:3,7;ADD:4,2;ADD:4,7;ADD:5,6;ADD:6,2;REMOVE:1,6;REMOVE:2,7;REMOVE:2,8;REMOVE:3,6;REMOVE:4,8;REMOVE:4,9","server 0: - | server 1: - | server 2: 0,4,6 | server 3: - | server 4: - | server 5: - | server 6: 5 | server 7: 0,1,3,4,6,7,8 | server 8: - | server 9: -"
872,872,after_slot_decision,"ADD:1,2;ADD:2,7;ADD:2,8;ADD:4,8;ADD:5,5;ADD:5,8;ADD:6,3;ADD:7,8;REMOVE:0,2;REMOVE:1,7;REMOVE:4,2;REMOVE:4,7;REMOVE:5,6;REMOVE:6,7","server 0: - | server 1: - | server 2: 1,6 | server 3: 6 | server 4: - | server 5: 5 | server 6: - | server 7: 0,2,3,7,8 | server 8: 2,4,5,7 | server 9: -"
873,873,after_slot_decision,"ADD:1,7;ADD:3,6;ADD:4,7;ADD:5,2;ADD:6,7;ADD:7,9;ADD:8,9;REMOVE:1,2;REMOVE:2,8;REMOVE:3,7;REMOVE:4,8;REMOVE:5,5;REMOVE:5,8;REMOVE:6,2;REMOVE:6,3;REMOVE:7,7;REMOVE:7,8;REMOVE:8,7","server 0: - | server 1: - | server 2: 5 | server 3: - | server 4: - | server 5: - | server 6: 3 | server 7: 0,1,2,4,6 | server 8: - | server 9: 7,8"
874,874,after_slot_decision,"ADD:3,4;ADD:4,8;ADD:5,7;ADD:7,2;ADD:7,7;REMOVE:3,6;REMOVE:4,7;REMOVE:5,2;REMOVE:7,9;REMOVE:8,9","server 0: - | server 1: - | server 2: 7 | server 3: - | server 4: 3 | server 5: - | server 6: - | server 7: 0,1,2,5,6,7 | server 8: 4 | server 9: -"
875,875,after_slot_decision,"ADD:0,5;ADD:1,2;ADD:2,2;ADD:3,8;ADD:4,5;ADD:5,9;ADD:6,2;ADD:8,7;REMOVE:0,7;REMOVE:2,7;REMOVE:3,4;REMOVE:4,8;REMOVE:5,7;REMOVE:6,7;REMOVE:7,7","server 0: - | server 1: - | server 2: 1,2,6,7 | server 3: - | server 4: - | server 5: 0,4 | server 6: - | server 7: 1,8 | server 8: 3 | server 9: 5"
876,876,after_slot_decision,"ADD:0,8;ADD:1,9;ADD:2,8;ADD:3,6;ADD:4,9;ADD:6,8;ADD:7,8;REMOVE:0,5;REMOVE:1,2;REMOVE:1,7;REMOVE:2,2;REMOVE:3,8;REMOVE:4,5;REMOVE:6,2;REMOVE:7,2","server 0: - | server 1: - | server 2: - | server 3: - | server 4: - | server 5: - | server 6: 3 | server 7: 8 | server 8: 0,2,6,7 | server 9: 1,4,5"
877,877,after_slot_decision,"ADD:0,4;ADD:1,2;ADD:2,7;ADD:3,4;ADD:4,8;ADD:5,8;ADD:6,2;ADD:7,5;ADD:8,1;REMOVE:0,8;REMOVE:1,9;REMOVE:2,8;REMOVE:3,6;REMOVE:4,9;REMOVE:5,9;REMOVE:6,8;REMOVE:7,8;REMOVE:8,7","server 0: - | server 1: 8 | server 2: 1,6 | server 3: - | server 4: 0,3 | server 5: 7 | server 6: - | server 7: 2 | server 8: 4,5 | server 9: -"
878,878,after_slot_decision,"ADD:0,7;ADD:0,8;ADD:3,8;ADD:4,2;ADD:4,9;ADD:6,8;ADD:7,3;ADD:7,7;ADD:8,7;REMOVE:0,4;REMOVE:1,2;REMOVE:3,4;REMOVE:4,8;REMOVE:6,2;REMOVE:7,5;REMOVE:8,1","server 0: - | server 1: - | server 2: 4 | server 3: 7 | server 4: - | server 5: - | server 6: - | server 7: 0,2,7,8 | server 8: 0,3,5,6 | server 9: 4"
879,879,after_slot_decision,"ADD:1,7;ADD:2,8;ADD:3,4;ADD:4,7;ADD:5,2;ADD:7,8;ADD:8,9;REMOVE:0,8;REMOVE:2,7;REMOVE:3,8;REMOVE:4,2;REMOVE:4,9;REMOVE:5,8;REMOVE:7,3;REMOVE:8,7","server 0: - | server 1: - | server 2: 5 | server 3: - | server 4: 3 | server 5: - | server 6: - | server 7: 0,1,4,7 | server 8: 2,6,7 | server 9: 8"
880,880,after_slot_decision,"ADD:1,2;ADD:3,8;ADD:5,4;ADD:7,2;ADD:8,7;ADD:8,8;REMOVE:3,4;REMOVE:5,2;REMOVE:7,7;REMOVE:7,8;REMOVE:8,9","server 0: - | server 1: - | server 2: 1,7 | server 3: - | server 4: 5 | server 5: - | server 6: - | server 7: 0,1,4,8 | server 8: 2,3,6,8 | server 9: -"
881,881,after_slot_decision,"ADD:0,8;ADD:1,3;ADD:2,2;ADD:2,7;ADD:3,9;ADD:4,2;ADD:4,3;ADD:5,8;ADD:6,2;ADD:6,7;ADD:7,3;ADD:8,2;REMOVE:0,7;REMOVE:1,2;REMOVE:1,7;REMOVE:2,8;REMOVE:3,8;REMOVE:4,7;REMOVE:5,4;REMOVE:6,8;REMOVE:7,2;REMOVE:8,7;REMOVE:8,8","server 0: - | server 1: - | server 2: 2,4,6,8 | server 3: 1,4,7 | server 4: - | server 5: - | server 6: - | server 7: 2,6 | server 8: 0,5 | server 9: 3"
882,882,after_slot_decision,"ADD:0,7;ADD:1,8;ADD:3,5;ADD:4,9;ADD:5,9;ADD:7,7;ADD:8,9;REMOVE:1,3;REMOVE:2,7;REMOVE:3,9;REMOVE:4,3;REMOVE:5,8;REMOVE:6,7;REMOVE:7,3;REMOVE:8,2","server 0: - | server 1: - | server 2: 2,4,6 | server 3: - | server 4: - | server 5: 3 | server 6: - | server 7: 0,7 | server 8: 0,1 | server 9: 4,5,8"
883,883,after_slot_decision,"ADD:0,2;ADD:1,7;ADD:2,7;ADD:3,4;ADD:4,8;ADD:5,7;ADD:6,7;ADD:7,8;REMOVE:0,7;REMOVE:0,8;REMOVE:2,2;REMOVE:3,5;REMOVE:4,2;REMOVE:4,9;REMOVE:5,9;REMOVE:7,7;REMOVE:8,9","server 0: - | server 1: - | server 2: 0,6 | server 3: - | server 4: 3 | server 5: - | server 6: - | server 7: 1,2,5,6 | server 8: 1,4,7 | server 9: -"
884,884,after_slot_decision,"ADD:0,7;ADD:0,8;ADD:1,6;ADD:2,2;ADD:3,8;ADD:4,7;ADD:5,9;ADD:7,7;ADD:8,2;REMOVE:0,2;REMOVE:1,7;REMOVE:1,8;REMOVE:2,7;REMOVE:3,4;REMOVE:4,8;REMOVE:5,7;REMOVE:6,2;REMOVE:7,8","server 0: - | server 1: - | server 2: 2,8 | server 3: - | server 4: - | server 5: - | server 6: 1 | server 7: 0,4,6,7 | server 8: 0,3 | server 9: 5"
885,885,after_slot_decision,"ADD:0,2;ADD:1,7;ADD:2,8;ADD:5,7;REMOVE:0,8;REMOVE:1,6;REMOVE:5,9","server 0: - | server 1: - | server 2: 0,2,8 | server 3: - | server 4: - | server 5: - | server 6: - | server 7: 0,1,4,5,6,7 | server 8: 2,3 | server 9: -"
886,886,after_slot_decision,"ADD:1,9;ADD:2,7;ADD:5,8;ADD:6,8;ADD:7,8;ADD:8,3;ADD:8,7;REMOVE:0,2;REMOVE:1,7;REMOVE:2,8;REMOVE:5,7;REMOVE:8,2","server 0: - | server 1: - | server 2: 2 | server 3: 8 | server 4: - | server 5: - | server 6: - | server 7: 0,2,4,6,7,8 | server 8: 3,5,6,7 | server 9: 1"
887,887,after_slot_decision,"ADD:1,7;ADD:3,7;ADD:4,2;ADD:5,7;ADD:6,2;ADD:8,2;REMOVE:1,9;REMOVE:2,2;REMOVE:3,8;REMOVE:4,7;REMOVE:5,8;REMOVE:6,7;REMOVE:6,8;REMOVE:8,3;REMOVE:8,7","server 0: - | server 1: - | server 2: 4,6,8 | server 3: - | server 4: - | server 5: - | server 6: - | server 7: 0,1,2,3,5,7 | server 8: 7 | server 9: -"
888,888,after_slot_decision,"ADD:0,2;ADD:0,8;ADD:1,2;ADD:2,3;ADD:3,9;ADD:4,5;ADD:5,4;ADD:6,3;ADD:6,7;ADD:8,8;REMOVE:0,7;REMOVE:1,7;REMOVE:2,7;REMOVE:3,7;REMOVE:4,2;REMOVE:5,7;REMOVE:6,2;REMOVE:8,2","server 0: - | server 1: - | server 2: 0,1 | server 3: 2,6 | server 4: 5 | server 5: 4 | server 6: - | server 7: 6,7 | server 8: 0,7,8 | server 9: 3"
889,889,after_slot_decision,"ADD:0,7;ADD:1,7;ADD:1,8;ADD:2,8;ADD:3,7;ADD:4,2;ADD:8,6;REMOVE:0,2;REMOVE:0,8;REMOVE:1,2;REMOVE:2,3;REMOVE:3,9;REMOVE:4,5;REMOVE:5,4;REMOVE:6,3;REMOVE:7,8;REMOVE:8,8","server 0: - | server 1: - | server 2: 4 | server 3: - | server 4: - | server 5: - | server 6: 8 | server 7: 0,1,3,6,7 | server 8: 1,2 | server 9: -"
890,890,after_slot_decision,"ADD:0,8;ADD:1,4;ADD:4,7;ADD:5,8;ADD:6,8;ADD:7,5;ADD:8,9;REMOVE:0,7;REMOVE:1,7;REMOVE:1,8;REMOVE:4,2;REMOVE:6,7;REMOVE:7,7;REMOVE:8,6","server 0: - | server 1: - | server 2: - | server 3: - | server 4: 1 | server 5: 7 | server 6: - | server 7: 3,4 | server 8: 0,2,5,6 | server 9: 8"
891,891,after_slot_decision,"ADD:0,2;ADD:1,7;ADD:2,5;ADD:3,6;ADD:4,8;ADD:5,4;ADD:6,2;ADD:7,8;REMOVE:1,4;REMOVE:2,8;REMOVE:3,7;REMOVE:4,7;REMOVE:5,8;REMOVE:6,8;REMOVE:7,5;REMOVE:8,9","server 0: - | server 1: - | server 2: 0,6 | server 3: - | server 4: 5 | server 5: 2 | server 6: 3 | server 7: 1 | server 8: 0,4,7 | server 9: -"
892,892,after_slot_decision,"ADD:0,7;ADD:1,2;ADD:2,4;ADD:3,8;ADD:4,3;ADD:4,7;ADD:5,5;ADD:6,7;ADD:7,7;ADD:8,2;REMOVE:0,2;REMOVE:1,7;REMOVE:2,5;REMOVE:3,6;REMOVE:4,8;REMOVE:5,4;REMOVE:6,2;REMOVE:7,8","server 0: - | server 1: - | server 2: 1,8 | server 3: 4 | server 4: 2 | server 5: 5 | server 6: - | server 7: 0,4,6,7 | server 8: 0,3 | server 9: -"
893,893,after_slot_decision,"ADD:1,7;ADD:2,7;ADD:3,4;ADD:4,8;ADD:5,7;ADD:7,8;ADD:7,9;ADD:8,6;REMOVE:0,8;REMOVE:1,2;REMOVE:2,4;REMOVE:3,8;REMOVE:4,3;REMOVE:5,5;REMOVE:7,7;REMOVE:8,2","server 0: - | server 1: - | server 2: - | server 3: - | server 4: 3 | server 5: - | server 6: 8 | server 7: 0,1,2,4,5,6 | server 8: 4,7 | server 9: 7"
894,894,after_slot_decision,"ADD:0,8;ADD:1,3;ADD:2,2;ADD:3,9;ADD:5,3;ADD:6,8;ADD:7,7;ADD:8,7;REMOVE:1,7;REMOVE:2,7;REMOVE:3,4;REMOVE:4,8;REMOVE:5,7;REMOVE:6,7;REMOVE:7,8;REMOVE:7,9;REMOVE:8,6","server 0: - | server 1: - | server 2: 2 | server 3: 1,5 | server 4: - | server 5: - | server 6: - | server 7: 0,4,7,8 | server 8: 0,6 | server 9: 3"
895,895,after_slot_decision,"ADD:1,7;ADD:2,5;ADD:2,8;ADD:3,7;ADD:6,2;ADD:7,8;ADD:8,5;REMOVE:0,7;REMOVE:1,3;REMOVE:2,2;REMOVE:3,9;REMOVE:5,3;REMOVE:6,8;REMOVE:7,7;REMOVE:8,7","server 0: - | server 1: - | server 2: 6 | server 3: - | server 4: - | server 5: 2,8 | server 6: - | server 7: 1,3,4 | server 8: 0,2,7 | server 9: -"
896,896,after_slot_decision,"ADD:0,2;ADD:3,6;ADD:4,8;ADD:5,1;ADD:6,7;ADD:6,8;ADD:7,5;REMOVE:0,8;REMOVE:2,5;REMOVE:3,7;REMOVE:4,7;REMOVE:6,2;REMOVE:8,5","server 0: - | server 1: 5 | server 2: 0 | server 3: - | server 4: - | server 5: 7 | server 6: 3 | server 7: 1,6 | server 8: 2,4,6,7 | server 9: -"
897,897,after_slot_decision,"ADD:0,7;ADD:1,9;ADD:2,0;ADD:3,7;ADD:3,8;ADD:4,7;ADD:5,2;ADD:6,5;ADD:7,7;ADD:8,2;REMOVE:1,7;REMOVE:2,8;REMOVE:3,6;REMOVE:4,8;REMOVE:5,1;REMOVE:6,8;REMOVE:7,5;REMOVE:7,8","server 0: 2 | server 1: - | server 2: 0,5,8 | server 3: - | server 4: - | server 5: 6 | server 6: - | server 7: 0,3,4,6,7 | server 8: 3 | server 9: 1"
898,898,after_slot_decision,"ADD:0,8;ADD:1,7;ADD:2,2;ADD:2,7;ADD:4,2;ADD:4,8;ADD:5,6;ADD:7,2;REMOVE:0,2;REMOVE:1,9;REMOVE:2,0;REMOVE:3,7;REMOVE:4,7;REMOVE:5,2;REMOVE:6,5;REMOVE:7,7","server 0: - | server 1: - | server 2: 2,4,7,8 | server 3: - | server 4: - | server 5: - | server 6: 5 | server 7: 0,1,2,6 | server 8: 0,3,4 | server 9: -"
899,899,after_slot_decision,"ADD:5,5;ADD:6,8;ADD:7,7;ADD:8,7;REMOVE:2,7;REMOVE:4,2;REMOVE:5,6;REMOVE:6,7;REMOVE:7,2;REMOVE:8,2","server 0: - | server 1: - | server 2: 2 | server 3: - | server 4: - | server 5: 5 | server 6: - | server 7: 0,1,7,8 | server 8: 0,3,4,6 | server 9: -"
900,900,after_slot_decision,"ADD:0,2;ADD:2,7;ADD:3,7;ADD:4,7;ADD:5,2;ADD:6,9;ADD:8,2;REMOVE:0,8;REMOVE:2,2;REMOVE:3,8;REMOVE:5,5;REMOVE:6,8;REMOVE:8,7","server 0: - | server 1: - | server 2: 0,5,8 | server 3: - | server 4: - | server 5: - | server 6: - | server 7: 0,1,2,3,4,7 | server 8: 4 | server 9: 6"
901,901,after_slot_decision,"ADD:1,6;ADD:2,2;ADD:3,4;ADD:5,7;ADD:6,8;ADD:8,7;REMOVE:1,7;REMOVE:2,7;REMOVE:3,7;REMOVE:5,2;REMOVE:6,9;REMOVE:8,2","server 0: - | server 1: - | server 2: 0,2 | server 3: - | server 4: 3 | server 5: - | server 6: 1 | server 7: 0,4,5,7,8 | server 8: 4,6 | server 9: -"
902,902,after_slot_decision,"ADD:0,8;ADD:1,7;ADD:2,3;ADD:3,1;ADD:5,8;ADD:6,7;ADD:8,2;REMOVE:0,2;REMOVE:0,7;REMOVE:1,6;REMOVE:2,2;REMOVE:3,4;REMOVE:4,8;REMOVE:5,7;REMOVE:6,8;REMOVE:8,7","server 0: - | server 1: 3 | server 2: 8 | server 3: 2 | server 4: - | server 5: - | server 6: - | server 7: 1,4,6,7 | server 8: 0,5 | server 9: -"
903,903,after_slot_decision,"ADD:0,7;ADD:1,3;ADD:2,8;ADD:2,9;ADD:3,8;ADD:4,8;ADD:5,9;ADD:6,9;ADD:7,8;ADD:8,8;REMOVE:0,8;REMOVE:1,7;REMOVE:2,3;REMOVE:3,1;REMOVE:4,7;REMOVE:5,8;REMOVE:6,7;REMOVE:7,7;REMOVE:8,2","server 0: - | server 1: - | server 2: - | server 3: 1 | server 4: - | server 5: - | server 6: - | server 7: 0 | server 8: 2,3,4,7,8 | server 9: 2,5,6"
904,904,after_slot_decision,"ADD:0,9;ADD:1,4;ADD:2,7;ADD:3,9;ADD:4,9;ADD:6,7;ADD:8,5;REMOVE:0,7;REMOVE:1,3;REMOVE:2,8;REMOVE:2,9;REMOVE:3,8;REMOVE:4,8;REMOVE:6,9;REMOVE:8,8","server 0: - | server 1: - | server 2: - | server 3: - | server 4: 1 | server 5: 8 | server 6: - | server 7: 2,6 | server 8: 7 | server 9: 0,3,4,5"
905,905,after_slot_decision,"ADD:0,7;ADD:1,2;ADD:3,7;ADD:4,5;ADD:5,5;ADD:7,7;ADD:8,9;REMOVE:0,9;REMOVE:1,4;REMOVE:3,9;REMOVE:4,9;REMOVE:5,9;REMOVE:7,8;REMOVE:8,5","server 0: - | server 1: - | server 2: 1 | server 3: - | server 4: - | server 5: 4,5 | server 6: - | server 7: 0,2,3,6,7 | server 8: - | server 9: 8"
906,906,after_slot_decision,"ADD:0,8;ADD:2,2;ADD:3,2;ADD:4,2;ADD:5,4;ADD:7,2;ADD:8,8;REMOVE:0,7;REMOVE:2,7;REMOVE:4,5;REMOVE:5,5;REMOVE:7,7;REMOVE:8,9","server 0: - | server 1: - | server 2: 1,2,3,4,7 | server 3: - | server 4: 5 | server 5: - | server 6: - | server 7: 3,6 | server 8: 0,8 | server 9: -"
907,907,after_slot_decision,"ADD:0,7;ADD:1,7;ADD:2,9;ADD:3,8;ADD:4,7;ADD:7,7;ADD:8,7;REMOVE:0,8;REMOVE:1,2;REMOVE:2,2;REMOVE:3,2;REMOVE:3,7;REMOVE:7,2;REMOVE:8,8","server 0: - | server 1: - | server 2: 4 | server 3: - | server 4: 5 | server 5: - | server 6: - | server 7: 0,1,4,6,7,8 | server 8: 3 | server 9: 2"
908,908,after_slot_decision,"ADD:1,8;ADD:2,8;ADD:3,9;ADD:4,9;ADD:5,9;ADD:6,8;ADD:7,2;REMOVE:1,7;REMOVE:2,9;REMOVE:4,2;REMOVE:4,7;REMOVE:5,4;REMOVE:7,7","server 0: - | server 1: - | server 2: 7 | server 3: - | server 4: - | server 5: - | server 6: - | server 7: 0,6,8 | server 8: 1,2,3,6 | server 9: 3,4,5"
909,909,after_slot_decision,"ADD:0,2;ADD:1,7;ADD:3,2;ADD:4,5;ADD:5,7;ADD:7,7;ADD:8,9;REMOVE:1,8;REMOVE:3,8;REMOVE:3,9;REMOVE:4,9;REMOVE:5,9;REMOVE:6,7;REMOVE:7,2;REMOVE:8,7","server 0: - | server 1: - | server 2: 0,3 | server 3: - | server 4: - | server 5: 4 | server 6: - | server 7: 0,1,5,7 | server 8: 2,6 | server 9: 8"
910,910,after_slot_decision,"ADD:0,6;ADD:1,4;ADD:2,7;ADD:3,7;ADD:4,3;ADD:6,2;REMOVE:0,2;REMOVE:0,7;REMOVE:1,7;REMOVE:2,8;REMOVE:3,2;REMOVE:4,5;REMOVE:6,8;REMOVE:8,9","server 0: - | server 1: - | server 2: 6 | server 3: 4 | server 4: 1 | server 5: - | server 6: 0 | server 7: 2,3,5,7 | server 8: - | server 9: -"
911,911,after_slot_decision,"ADD:0,2;ADD:2,8;ADD:3,9;ADD:6,7;ADD:7,5;ADD:8,7;REMOVE:0,6;REMOVE:2,7;REMOVE:3,7;REMOVE:6,2;REMOVE:7,7","server 0: - | server 1: - | server 2: 0 | server 3: 4 | server 4: 1 | server 5: 7 | server 6: - | server 7: 5,6,8 | server 8: 2 | server 9: 3"
912,912,after_slot_decision,"ADD:0,7;ADD:2,7;ADD:3,7;ADD:6,4;ADD:7,4;ADD:8,9;REMOVE:0,2;REMOVE:1,4;REMOVE:2,8;REMOVE:3,9;REMOVE:4,3;REMOVE:6,7;REMOVE:7,5;REMOVE:8,7","server 0: - | server 1: - | server 2: - | server 3: - | server 4: 6,7 | server 5: - | server 6: - | server 7: 0,2,3,5 | server 8: - | server 9: 8"
913,913,after_slot_decision,"ADD:0,2;ADD:0,8;ADD:1,7;ADD:2,9;ADD:3,2;ADD:4,3;ADD:6,8;ADD:7,7;ADD:8,2;REMOVE:0,7;REMOVE:2,7;REMOVE:3,7;REMOVE:5,7;REMOVE:6,4;REMOVE:7,4;REMOVE:8,9","server 0: - | server 1: - | server 2: 0,3,8 | server 3: 4 | server 4: - | server 5: - | server 6: - | server 7: 1,7 | server 8: 0,6 | server 9: 2"
914,914,after_slot_decision,"ADD:0,7;ADD:1,8;ADD:2,7;ADD:3,7;ADD:3,8;ADD:4,2;ADD:4,8;ADD:5,7;ADD:6,7;ADD:8,8;REMOVE:0,2;REMOVE:0,8;REMOVE:1,7;REMOVE:2,9;REMOVE:3,2;REMOVE:4,3;REMOVE:6,8;REMOVE:8,2","server 0: - | server 1: - | server 2: 4 | server 3: - | server 4: - | server 5: - | server 6: - | server 7: 0,2,3,5,6,7 | server 8: 1,3,4,8 | server 9: -"
915,915,after_slot_decision,"ADD:1,7;ADD:3,2;ADD:4,9;ADD:7,2;ADD:8,4;REMOVE:1,8;REMOVE:3,7;REMOVE:4,2;REMOVE:4,8;REMOVE:7,7;REMOVE:8,8","server 0: - | server 1: - | server 2: 3,7 | server 3: - | server 4: 8 | server 5: - | server 6: - | server 7: 0,1,2,5,6 | server 8: 3 | server 9: 4"
916,916,after_slot_decision,"ADD:0,2;ADD:1,4;ADD:4,7;ADD:5,3;ADD:6,2;ADD:7,7;ADD:8,7;REMOVE:0,7;REMOVE:1,7;REMOVE:3,2;REMOVE:4,9;REMOVE:5,7;REMOVE:6,7;REMOVE:7,2;REMOVE:8,4","server 0: - | server 1: - | server 2: 0,6 | server 3: 5 | server 4: 1 | server 5: - | server 6: - | server 7: 2,4,7,8 | server 8: 3 | server 9: -"
917,917,after_slot_decision,"ADD:0,7;ADD:1,8;ADD:3,2;ADD:5,5;ADD:6,5;ADD:6,8;ADD:7,8;ADD:8,3;REMOVE:0,2;REMOVE:1,4;REMOVE:3,8;REMOVE:5,3;REMOVE:6,2","server 0: - | server 1: - | server 2: 3 | server 3: 8 | server 4: - | server 5: 5,6 | server 6: - | server 7: 0,2,4,7,8 | server 8: 1,6,7 | server 9: -"
918,918,after_slot_decision,"ADD:0,4;ADD:3,4;ADD:4,2;ADD:6,7;ADD:8,5;REMOVE:0,7;REMOVE:1,8;REMOVE:3,2;REMOVE:4,7;REMOVE:5,5;REMOVE:6,5;REMOVE:6,8;REMOVE:8,3;REMOVE:8,7","server 0: - | server 1: - | server 2: 4 | server 3: - | server 4: 0,3 | server 5: 8 | server 6: - | server 7: 2,6,7 | server 8: 7 | server 9: -"
919,919,after_slot_decision,"ADD:0,9;ADD:1,8;ADD:3,7;ADD:4,8;ADD:5,8;ADD:6,8;ADD:7,6;ADD:8,7;REMOVE:0,4;REMOVE:2,7;REMOVE:3,4;REMOVE:4,2;REMOVE:6,7;REMOVE:7,7;REMOVE:7,8;REMOVE:8,5","server 0: - | server 1: - | server 2: - | server 3: - | server 4: - | server 5: - | server 6: 7 | server 7: 3,8 | server 8: 1,4,5,6 | server 9: 0"
920,920,after_slot_decision,"ADD:0,7;ADD:0,8;ADD:1,2;ADD:3,2;ADD:3,8;ADD:4,2;ADD:4,7;ADD:5,7;ADD:6,2;ADD:6,7;ADD:7,7;REMOVE:0,9;REMOVE:1,8;REMOVE:3,7;REMOVE:4,8;REMOVE:5,8;REMOVE:6,8;REMOVE:7,6","server 0: - | server 1: - | server 2: 1,3,4,6 | server 3: - | server 4: - | server 5: - | server 6: - | server 7: 0,4,5,6,7,8 | server 8: 0,3 | server 9: -"
921,921,after_slot_decision,"ADD:0,5;ADD:1,7;ADD:2,7;ADD:5,5;ADD:7,2;ADD:7,9;ADD:8,2;ADD:9,8;REMOVE:0,8;REMOVE:1,2;REMOVE:3,2;REMOVE:4,2;REMOVE:5,7;REMOVE:7,7;REMOVE:8,7","server 0: - | server 1: - | server 2: 6,7,8 | server 3: - | server 4: - | server 5: 0,5 | server 6: - | server 7: 0,1,2,4,6 | server 8: 3,9 | server 9: 7"
922,922,after_slot_decision,"ADD:2,2;ADD:3,4;ADD:5,8;ADD:6,8;ADD:7,7;ADD:8,3;REMOVE:0,5;REMOVE:2,7;REMOVE:3,8;REMOVE:5,5;REMOVE:6,2;REMOVE:7,9;REMOVE:8,2;REMOVE:9,8","server 0: - | server 1: - | server 2: 2,7 | server 3: 8 | server 4: 3 | server 5: - | server 6: - | server 7: 0,1,4,6,7 | server 8: 5,6 | server 9: -"
923,923,after_slot_decision,"ADD:2,7;ADD:2,8;ADD:3,7;ADD:6,2;ADD:7,5;ADD:8,7;REMOVE:2,2;REMOVE:3,4;REMOVE:5,8;REMOVE:6,8;REMOVE:7,2;REMOVE:7,7;REMOVE:8,3","server 0: - | server 1: - | server 2: 6 | server 3: - | server 4: - | server 5: 7 | server 6: - | server 7: 0,1,2,3,4,6,8 | server 8: 2 | server 9: -"
924,924,after_slot_decision,"ADD:0,8;ADD:0,9;ADD:1,8;ADD:3,9;ADD:5,8;ADD:6,8;ADD:7,7;REMOVE:0,7;REMOVE:1,7;REMOVE:2,7;REMOVE:3,7;REMOVE:6,2;REMOVE:7,5","server 0: - | server 1: - | server 2: - | server 3: - | server 4: - | server 5: - | server 6: - | server 7: 4,6,7,8 | server 8: 0,1,2,5,6 | server 9: 0,3"
925,925,after_slot_decision,"ADD:0,7;ADD:2,9;ADD:3,7;ADD:3,8;ADD:4,9;ADD:8,8;REMOVE:0,8;REMOVE:0,9;REMOVE:2,8;REMOVE:3,9;REMOVE:4,7;REMOVE:6,8;REMOVE:8,7","server 0: - | server 1: - | server 2: - | server 3: - | server 4: - | server 5: - | server 6: - | server 7: 0,3,6,7 | server 8: 1,3,5,8 | server 9: 2,4"
926,926,after_slot_decision,"ADD:1,7;ADD:4,4;ADD:5,5;ADD:7,6;ADD:8,7;ADD:9,1;REMOVE:1,8;REMOVE:3,8;REMOVE:4,9;REMOVE:5,8;REMOVE:7,7;REMOVE:8,8","server 0: - | server 1: 9 | server 2: - | server 3: - | server 4: 4 | server 5: 5 | server 6: 7 | server 7: 0,1,3,6,8 | server 8: - | server 9: 2"
927,927,after_slot_decision,"ADD:0,2;ADD:4,7;ADD:5,7;ADD:6,2;ADD:7,7;REMOVE:0,7;REMOVE:4,4;REMOVE:5,5;REMOVE:7,6;REMOVE:9,1","server 0: - | server 1: - | server 2: 0,6 | server 3: - | server 4: - | server 5: - | server 6: - | server 7: 1,3,4,5,6,7,8 | server 8: - | server 9: 2"
928,928,after_slot_decision,"ADD:0,7;ADD:1,9;ADD:2,7;ADD:2,8;ADD:3,9;ADD:4,2;ADD:5,4;ADD:8,3;ADD:9,4;REMOVE:1,7;REMOVE:2,9;REMOVE:3,7;REMOVE:4,7;REMOVE:5,7;REMOVE:6,7;REMOVE:8,7","server 0: - | server 1: - | server 2: 0,4,6 | server 3: 8 | server 4: 5,9 | server 5: - | server 6: - | server 7: 0,2,7 | server 8: 2 | server 9: 1,3"
929,929,after_slot_decision,"ADD:1,7;ADD:2,1;ADD:3,7;ADD:4,8;ADD:5,8;ADD:6,7;ADD:8,8;ADD:8,9;ADD:9,5;REMOVE:0,2;REMOVE:1,9;REMOVE:2,7;REMOVE:2,8;REMOVE:3,9;REMOVE:4,2;REMOVE:5,4;REMOVE:6,2;REMOVE:8,3;REMOVE:9,4","server 0: - | server 1: 2 | server 2: - | server 3: - | server 4: - | server 5: 9 | server 6: - | server 7: 0,1,3,6,7 | server 8: 4,5,8 | server 9: 8"
930,930,after_slot_decision,"ADD:0,8;ADD:2,2;ADD:4,1;ADD:8,2;ADD:9,1;REMOVE:2,1;REMOVE:4,8;REMOVE:8,8;REMOVE:8,9;REMOVE:9,5","server 0: - | server 1: 4,9 | server 2: 2,8 | server 3: - | server 4: - | server 5: - | server 6: - | server 7: 0,1,3,6,7 | server 8: 0,5 | server 9: -"
931,931,after_slot_decision,"ADD:0,3;ADD:1,2;ADD:2,7;ADD:3,3;ADD:4,5;ADD:4,8;ADD:5,7;ADD:6,8;ADD:7,3;ADD:8,9;REMOVE:0,7;REMOVE:0,8;REMOVE:1,7;REMOVE:2,2;REMOVE:3,7;REMOVE:4,1;REMOVE:5,8;REMOVE:8,2;REMOVE:9,1","server 0: - | server 1: - | server 2: 1 | server 3: 0,3,7 | server 4: - | server 5: 4 | server 6: - | server 7: 2,5,6,7 | server 8: 4,6 | server 9: 8"
932,932,after_slot_decision,"ADD:0,2;ADD:1,8;ADD:3,6;ADD:4,2;ADD:5,2;ADD:6,6;ADD:7,9;ADD:8,4;REMOVE:0,3;REMOVE:1,2;REMOVE:3,3;REMOVE:4,5;REMOVE:4,8;REMOVE:5,7;REMOVE:6,7;REMOVE:6,8;REMOVE:7,3;REMOVE:7,7;REMOVE:8,9","server 0: - | server 1: - | server 2: 0,4,5 | server 3: - | server 4: 8 | server 5: - | server 6: 3,6 | server 7: 2 | server 8: 1 | server 9: 7"
933,933,after_slot_decision,"ADD:0,8;ADD:0,9;ADD:1,7;ADD:2,4;ADD:3,2;ADD:4,7;ADD:6,8;ADD:7,8;ADD:9,9;REMOVE:0,2;REMOVE:1,8;REMOVE:2,7;REMOVE:3,6;REMOVE:4,2;REMOVE:6,6;REMOVE:7,9;REMOVE:8,4","server 0: - | server 1: - | server 2: 3,5 | server 3: - | server 4: 2 | server 5: - | server 6: - | server 7: 1,4 | server 8: 0,6,7 | server 9: 0,9"
934,934,after_slot_decision,"ADD:1,8;ADD:2,8;ADD:3,7;ADD:3,8;ADD:4,8;ADD:4,9;ADD:5,8;ADD:6,7;ADD:7,7;ADD:8,8;ADD:9,8;REMOVE:1,7;REMOVE:2,4;REMOVE:3,2;REMOVE:4,7;REMOVE:5,2;REMOVE:6,8;REMOVE:7,8;REMOVE:9,9","server 0: - | server 1: - | server 2: - | server 3: - | server 4: - | server 5: - | server 6: - | server 7: 3,6,7 | server 8: 0,1,2,3,4,5,8,9 | server 9: 0,4"
935,935,after_slot_decision,"ADD:4,2;ADD:5,9;ADD:6,2;REMOVE:0,9;REMOVE:4,8;REMOVE:9,8","server 0: - | server 1: - | server 2: 4,6 | server 3: - | server 4: - | server 5: - | server 6: - | server 7: 3,6,7 | server 8: 0,1,2,3,5,8 | server 9: 4,5"
936,936,after_slot_decision,"ADD:0,7;ADD:1,2;ADD:5,7;ADD:6,3;ADD:8,7;ADD:9,5;REMOVE:1,8;REMOVE:3,7;REMOVE:4,2;REMOVE:5,8;REMOVE:5,9;REMOVE:6,2;REMOVE:6,7;REMOVE:8,8","server 0: - | server 1: - | server 2: 1 | server 3: 6 | server 4: - | server 5: 9 | server 6: - | server 7: 0,5,7,8 | server 8: 0,2,3 | server 9: 4"
937,937,after_slot_decision,"ADD:1,1;ADD:2,2;ADD:3,7;ADD:4,2;ADD:6,7;ADD:7,6;ADD:8,2;REMOVE:0,8;REMOVE:1,2;REMOVE:2,8;REMOVE:3,8;REMOVE:4,9;REMOVE:6,3;REMOVE:7,7;REMOVE:8,7;REMOVE:9,5","server 0: - | server 1: 1 | server 2: 2,4,8 | server 3: - | server 4: - | server 5: - | server 6: 7 | server 7: 0,3,5,6 | server 8: - | server 9: -"
938,938,after_slot_decision,"ADD:1,7;ADD:4,7;ADD:7,8;ADD:8,7;ADD:9,1;REMOVE:1,1;REMOVE:2,2;REMOVE:4,2;REMOVE:5,7;REMOVE:7,6;REMOVE:8,2","server 0: - | server 1: 9 | server 2: - | server 3: - | server 4: - | server 5: - | server 6: - | server 7: 0,1,3,4,6,8 | server 8: 7 | server 9: -"
939,939,after_slot_decision,"ADD:0,2;ADD:1,2;ADD:3,6;ADD:5,8;ADD:7,7;ADD:8,9;REMOVE:0,7;REMOVE:1,7;REMOVE:3,7;REMOVE:6,7;REMOVE:7,8;REMOVE:8,7;REMOVE:9,1","server 0: - | server 1: - | server 2: 0,1 | server 3: - | server 4: - | server 5: - | server 6: 3 | server 7: 4,7 | server 8: 5 | server 9: 8"
940,940,after_slot_decision,"ADD:0,5;ADD:3,7;ADD:7,9;REMOVE:0,2;REMOVE:3,6;REMOVE:7,7;REMOVE:8,9","server 0: - | server 1: - | server 2: 1 | server 3: - | server 4: - | server 5: 0 | server 6: - | server 7: 3,4 | server 8: 5 | server 9: 7"
941,941,after_slot_decision,"ADD:1,7;ADD:5,4;ADD:6,2;ADD:7,8;ADD:8,2;REMOVE:0,5;REMOVE:1,2;REMOVE:3,7;REMOVE:5,8;REMOVE:7,9","server 0: - | server 1: - | server 2: 6,8 | server 3: - | server 4: 5 | server 5: - | server 6: - | server 7: 1,4 | server 8: 7 | server 9: -"
942,942,after_slot_decision,"ADD:0,7;ADD:1,1;ADD:3,7;ADD:3,8;ADD:4,2;ADD:5,7;ADD:6,7;ADD:6,8;ADD:7,7;ADD:8,8;REMOVE:1,7;REMOVE:4,7;REMOVE:5,4;REMOVE:6,2;REMOVE:7,8;REMOVE:8,2","server 0: - | server 1: 1 | server 2: 4 | server 3: - | server 4: - | server 5: - | server 6: - | server 7: 0,3,5,6,7 | server 8: 3,6,8 | server 9: -"
943,943,after_slot_decision,"ADD:0,8;ADD:0,9;ADD:1,8;ADD:3,9;ADD:4,7;ADD:6,2;ADD:8,7;REMOVE:0,7;REMOVE:1,1;REMOVE:3,7;REMOVE:3,8;REMOVE:4,2;REMOVE:6,7;REMOVE:6,8;REMOVE:8,8","server 0: - | server 1: - | server 2: 6 | server 3: - | server 4: - | server 5: - | server 6: - | server 7: 4,5,7,8 | server 8: 0,1 | server 9: 0,3"
944,944,after_slot_decision,"ADD:0,7;ADD:1,7;ADD:3,7;ADD:4,9;ADD:5,5;ADD:6,7;ADD:7,9;REMOVE:0,8;REMOVE:0,9;REMOVE:1,8;REMOVE:3,9;REMOVE:4,7;REMOVE:5,7;REMOVE:6,2;REMOVE:7,7","server 0: - | server 1: - | server 2: - | server 3: - | server 4: - | server 5: 5 | server 6: - | server 7: 0,1,3,6,8 | server 8: - | server 9: 4,7"
945,945,after_slot_decision,"ADD:0,2;ADD:0,3;ADD:1,2;ADD:3,8;ADD:4,2;ADD:4,8;ADD:5,8;ADD:6,4;ADD:7,8;ADD:8,8;REMOVE:0,7;REMOVE:1,7;REMOVE:3,7;REMOVE:4,9;REMOVE:5,5;REMOVE:6,7;REMOVE:7,9;REMOVE:8,7","server 0: - | server 1: - | server 2: 0,1,4 | server 3: 0 | server 4: 6 | server 5: - | server 6: - | server 7: - | server 8: 3,4,5,7,8 | server 9: -"
946,946,after_slot_decision,"ADD:0,7;ADD:3,2;ADD:4,7;ADD:5,4;ADD:6,7;ADD:7,2;ADD:8,4;REMOVE:0,2;REMOVE:0,3;REMOVE:3,8;REMOVE:4,2;REMOVE:4,8;REMOVE:5,8;REMOVE:6,4;REMOVE:7,8;REMOVE:8,8","server 0: - | server 1: - | server 2: 1,3,7 | server 3: - | server 4: 5,8 | server 5: - | server 6: - | server 7: 0,4,6 | server 8: - | server 9: -"
947,947,after_slot_decision,"ADD:0,8;ADD:1,5;ADD:1,9;ADD:2,8;ADD:3,9;ADD:5,7;ADD:6,1;ADD:7,4;ADD:8,1;REMOVE:0,7;REMOVE:1,2;REMOVE:3,2;REMOVE:5,4;REMOVE:6,7;REMOVE:7,2;REMOVE:8,4","server 0: - | server 1: 6,8 | server 2: - | server 3: - | server 4: 7 | server 5: 1 | server 6: - | server 7: 4,5 | server 8: 0,2 | server 9: 1,3"
948,948,after_slot_decision,"ADD:3,7;ADD:4,8;ADD:5,2;ADD:6,9;ADD:7,9;ADD:8,3;REMOVE:1,5;REMOVE:2,8;REMOVE:3,9;REMOVE:4,7;REMOVE:5,7;REMOVE:6,1;REMOVE:7,4;REMOVE:8,1","server 0: - | server 1: - | server 2: 5 | server 3: 8 | server 4: - | server 5: - | server 6: - | server 7: 3 | server 8: 0,4 | server 9: 1,6,7"
949,949,after_slot_decision,"ADD:0,7;ADD:1,7;ADD:3,3;ADD:3,5;ADD:4,7;ADD:5,0;ADD:6,8;ADD:7,7;ADD:8,7;REMOVE:0,8;REMOVE:1,9;REMOVE:3,7;REMOVE:4,8;REMOVE:5,2;REMOVE:6,9;REMOVE:7,9;REMOVE:8,3","server 0: 5 | server 1: - | server 2: - | server 3: 3 | server 4: - | server 5: 3 | server 6: - | server 7: 0,1,4,7,8 | server 8: 6 | server 9: -"
950,950,after_slot_decision,"ADD:3,8;ADD:4,8;ADD:5,7;ADD:6,2;ADD:7,2;ADD:8,2;ADD:9,9;REMOVE:3,3;REMOVE:3,5;REMOVE:4,7;REMOVE:5,0;REMOVE:6,8;REMOVE:7,7;REMOVE:8,7","server 0: - | server 1: - | server 2: 6,7,8 | server 3: - | server 4: - | server 5: - | server 6: - | server 7: 0,1,5 | server 8: 3,4 | server 9: 9"
951,951,after_slot_decision,"ADD:1,8;ADD:2,4;ADD:4,7;ADD:5,8;ADD:6,9;ADD:7,7;ADD:8,5;REMOVE:1,7;REMOVE:4,8;REMOVE:5,7;REMOVE:6,2;REMOVE:7,2;REMOVE:8,2;REMOVE:9,9","server 0: - | server 1: - | server 2: - | server 3: - | server 4: 2 | server 5: 8 | server 6: - | server 7: 0,4,7 | server 8: 1,3,5 | server 9: 6"
952,952,after_slot_decision,"ADD:3,2;ADD:3,7;ADD:4,2;ADD:6,8;ADD:7,8;ADD:8,3;REMOVE:2,4;REMOVE:3,8;REMOVE:4,7;REMOVE:6,9;REMOVE:7,7;REMOVE:8,5","server 0: - | server 1: - | server 2: 3,4 | server 3: 8 | server 4: - | server 5: - | server 6: - | server 7: 0,3 | server 8: 1,5,6,7 | server 9: -"
953,953,after_slot_decision,"ADD:0,5;ADD:1,7;ADD:2,8;ADD:3,8;ADD:4,8;ADD:7,5;REMOVE:0,7;REMOVE:1,8;REMOVE:3,2;REMOVE:3,7;REMOVE:4,2;REMOVE:6,8;REMOVE:7,8;REMOVE:8,3","server 0: - | server 1: - | server 2: - | server 3: - | server 4: - | server 5: 0,7 | server 6: - | server 7: 1 | server 8: 2,3,4,5 | server 9: -"
954,954,after_slot_decision,"ADD:0,8;ADD:3,4;ADD:4,2;ADD:5,2;ADD:7,2;ADD:8,2;REMOVE:0,5;REMOVE:2,8;REMOVE:3,8;REMOVE:4,8;REMOVE:5,8;REMOVE:7,5","server 0: - | server 1: - | server 2: 4,5,7,8 | server 3: - | server 4: 3 | server 5: - | server 6: - | server 7: 1 | server 8: 0 | server 9: -"
955,955,after_slot_decision,"ADD:0,4;ADD:1,8;ADD:2,6;ADD:3,8;ADD:4,3;ADD:5,7;ADD:6,2;ADD:8,7;REMOVE:0,8;REMOVE:3,4;REMOVE:4,2;REMOVE:5,2;REMOVE:8,2","server 0: - | server 1: - | server 2: 6,7 | server 3: 4 | server 4: 0 | server 5: - | server 6: 2 | server 7: 1,5,8 | server 8: 1,3 | server 9: -"
956,956,after_slot_decision,"ADD:0,7;ADD:4,8;ADD:5,8;ADD:6,7;ADD:7,4;REMOVE:0,4;REMOVE:1,8;REMOVE:2,6;REMOVE:3,8;REMOVE:4,3;REMOVE:5,7;REMOVE:6,2;REMOVE:7,2","server 0: - | server 1: - | server 2: - | server 3: - | server 4: 7 | server 5: - | server 6: - | server 7: 0,1,6,8 | server 8: 4,5 | server 9: -"
957,957,after_slot_decision,"ADD:1,5;ADD:4,7;ADD:5,2;ADD:6,2;REMOVE:1,7;REMOVE:4,8;REMOVE:5,8;REMOVE:6,7;REMOVE:8,7","server 0: - | server 1: - | server 2: 5,6 | server 3: - | server 4: 7 | server 5: 1 | server 6: - | server 7: 0,4 | server 8: - | server 9: -"
958,958,after_slot_decision,"ADD:0,3;ADD:1,2;ADD:2,9;ADD:5,7;ADD:6,8;ADD:7,7;ADD:8,3;REMOVE:1,5;REMOVE:5,2;REMOVE:6,2;REMOVE:7,4","server 0: - | server 1: - | server 2: 1 | server 3: 0,8 | server 4: - | server 5: - | server 6: - | server 7: 0,4,5,7 | server 8: 6 | server 9: 2"
959,959,after_slot_decision,"ADD:0,8;ADD:1,7;ADD:2,7;ADD:4,8;ADD:5,2;ADD:6,9;ADD:8,7;REMOVE:0,3;REMOVE:1,2;REMOVE:2,9;REMOVE:4,7;REMOVE:5,7;REMOVE:6,8;REMOVE:8,3","server 0: - | server 1: - | server 2: 5 | server 3: - | server 4: - | server 5: - | server 6: - | server 7: 0,1,2,7,8 | server 8: 0,4 | server 9: 6"
960,960,after_slot_decision,"ADD:1,4;ADD:2,4;ADD:3,1;ADD:4,7;ADD:7,1;REMOVE:1,7;REMOVE:2,7;REMOVE:4,8;REMOVE:7,7;REMOVE:8,7","server 0: - | server 1: 3,7 | server 2: 5 | server 3: - | server 4: 1,2 | server 5: - | server 6: - | server 7: 0,4 | server 8: 0 | server 9: 6"
961,961,after_slot_decision,"ADD:1,8;ADD:5,7;ADD:7,7;REMOVE:0,8;REMOVE:1,4;REMOVE:2,4;REMOVE:3,1;REMOVE:5,2;REMOVE:7,1","server 0: - | server 1: - | server 2: - | server 3: - | server 4: - | server 5: - | server 6: - | server 7: 0,4,5,7 | server 8: 1 | server 9: 6"
962,962,after_slot_decision,"ADD:1,7;ADD:5,2;ADD:6,0;ADD:8,8;REMOVE:1,8;REMOVE:5,7;REMOVE:6,9","server 0: 6 | server 1: - | server 2: 5 | server 3: - | server 4: - | server 5: - | server 6: - | server 7: 0,1,4,7 | server 8: 8 | server 9: -"
963,963,after_slot_decision,"ADD:0,8;ADD:2,3;ADD:3,5;ADD:4,8;ADD:6,7;ADD:8,4;REMOVE:4,7;REMOVE:6,0;REMOVE:8,8","server 0: - | server 1: - | server 2: 5 | server 3: 2 | server 4: 8 | server 5: 3 | server 6: - | server 7: 0,1,6,7 | server 8: 0,4 | server 9: -"
964,964,after_slot_decision,"ADD:0,2;ADD:1,8;ADD:1,9;ADD:2,2;ADD:3,7;ADD:4,2;ADD:5,8;ADD:6,9;ADD:8,2;REMOVE:0,7;REMOVE:0,8;REMOVE:1,7;REMOVE:2,3;REMOVE:3,5;REMOVE:4,8;REMOVE:5,2;REMOVE:6,7;REMOVE:7,7;REMOVE:8,4","server 0: - | server 1: - | server 2: 0,2,4,8 | server 3: - | server 4: - | server 5: - | server 6: - | server 7: 3 | server 8: 1,5 | server 9: 1,6"
965,965,after_slot_decision,"ADD:0,8;ADD:1,7;ADD:2,1;ADD:3,2;ADD:4,7;ADD:5,7;ADD:6,7;ADD:7,8;REMOVE:1,8;REMOVE:1,9;REMOVE:2,2;REMOVE:3,7;REMOVE:4,2;REMOVE:5,8;REMOVE:6,9","server 0: - | server 1: 2 | server 2: 0,3,8 | server 3: - | server 4: - | server 5: - | server 6: - | server 7: 1,4,5,6 | server 8: 0,7 | server 9: -"
966,966,after_slot_decision,"ADD:0,7;ADD:1,2;ADD:1,8;ADD:2,8;ADD:3,8;ADD:5,2;ADD:6,8;ADD:7,2;ADD:8,8;REMOVE:0,2;REMOVE:0,8;REMOVE:1,7;REMOVE:2,1;REMOVE:3,2;REMOVE:5,7;REMOVE:7,8;REMOVE:8,2","server 0: - | server 1: - | server 2: 1,5,7 | server 3: - | server 4: - | server 5: - | server 6: - | server 7: 0,4,6 | server 8: 1,2,3,6,8 | server 9: -"
967,967,after_slot_decision,"ADD:0,9;ADD:2,7;ADD:3,6;ADD:5,0;ADD:7,7;REMOVE:0,7;REMOVE:1,2;REMOVE:2,8;REMOVE:3,8;REMOVE:5,2;REMOVE:6,8;REMOVE:7,2","server 0: 5 | server 1: - | server 2: - | server 3: - | server 4: - | server 5: - | server 6: 3 | server 7: 2,4,6,7 | server 8: 1,8 | server 9: 0"
968,968,after_slot_decision,"ADD:0,6;ADD:1,4;ADD:4,5;ADD:4,8;ADD:5,3;ADD:6,6;ADD:7,0;ADD:8,1;REMOVE:0,9;REMOVE:1,8;REMOVE:3,6;REMOVE:4,7;REMOVE:5,0;REMOVE:6,7;REMOVE:7,7;REMOVE:8,8","server 0: 7 | server 1: 8 | server 2: - | server 3: 5 | server 4: 1 | server 5: 4 | server 6: 0,6 | server 7: 2 | server 8: 4 | server 9: -"
969,969,after_slot_decision,"ADD:0,2;ADD:0,8;ADD:1,8;ADD:3,3;ADD:4,7;ADD:5,2;ADD:6,3;ADD:7,8;ADD:8,9;ADD:9,0;REMOVE:0,6;REMOVE:1,4;REMOVE:4,5;REMOVE:4,8;REMOVE:5,3;REMOVE:6,6;REMOVE:7,0;REMOVE:8,1","server 0: 9 | server 1: - | server 2: 0,5 | server 3: 3,6 | server 4: - | server 5: - | server 6: - | server 7: 2,4 | server 8: 0,1,7 | server 9: 8"
970,970,after_slot_decision,"ADD:1,7;ADD:2,8;ADD:3,2;ADD:5,6;ADD:8,7;REMOVE:0,2;REMOVE:1,8;REMOVE:2,7;REMOVE:3,3;REMOVE:5,2;REMOVE:8,9;REMOVE:9,0","server 0: - | server 1: - | server 2: 3 | server 3: 6 | server 4: - | server 5: - | server 6: 5 | server 7: 1,4,8 | server 8: 0,2,7 | server 9: -"
971,971,after_slot_decision,"ADD:0,7;ADD:1,2;ADD:5,3;ADD:7,9;REMOVE:0,8;REMOVE:1,7;REMOVE:5,6;REMOVE:6,3","server 0: - | server 1: - | server 2: 1,3 | server 3: 5 | server 4: - | server 5: - | server 6: - | server 7: 0,4,8 | server 8: 2,7 | server 9: 7"
972,972,after_slot_decision,"ADD:0,8;ADD:1,7;ADD:3,7;ADD:4,8;ADD:5,8;ADD:6,7;ADD:7,7;REMOVE:1,2;REMOVE:2,8;REMOVE:3,2;REMOVE:4,7;REMOVE:5,3;REMOVE:7,8;REMOVE:7,9","server 0: - | server 1: - | server 2: - | server 3: - | server 4: - | server 5: - | server 6: - | server 7: 0,1,3,6,7,8 | server 8: 0,4,5 | server 9: -"
973,973,after_slot_decision,"ADD:0,2;ADD:1,2;ADD:3,3;ADD:5,9;ADD:6,3;ADD:7,2;ADD:8,2;REMOVE:0,7;REMOVE:0,8;REMOVE:1,7;REMOVE:3,7;REMOVE:5,8;REMOVE:7,7","server 0: - | server 1: - | server 2: 0,1,7,8 | server 3: 3,6 | server 4: - | server 5: - | server 6: - | server 7: 6,8 | server 8: 4 | server 9: 5"
974,974,after_slot_decision,"ADD:0,7;ADD:1,7;ADD:3,4;ADD:5,4;ADD:6,4;ADD:7,7;REMOVE:1,2;REMOVE:3,3;REMOVE:5,9;REMOVE:6,3;REMOVE:6,7;REMOVE:7,2;REMOVE:8,7","server 0: - | server 1: - | server 2: 0,8 | server 3: - | server 4: 3,5,6 | server 5: - | server 6: - | server 7: 0,1,7 | server 8: 4 | server 9: -"
975,975,after_slot_decision,"ADD:0,3;ADD:2,2;ADD:4,7;ADD:6,2;ADD:7,4;ADD:8,8;REMOVE:0,2;REMOVE:0,7;REMOVE:3,4;REMOVE:4,8;REMOVE:5,4;REMOVE:6,4;REMOVE:7,7;REMOVE:8,2","server 0: - | server 1: - | server 2: 2,6 | server 3: 0 | server 4: 7 | server 5: - | server 6: - | server 7: 1,4 | server 8: 8 | server 9: -"
976,976,after_slot_decision,"ADD:4,2;ADD:5,6;ADD:6,7;ADD:7,7;ADD:8,6;REMOVE:0,3;REMOVE:1,7;REMOVE:2,2;REMOVE:4,7;REMOVE:6,2;REMOVE:7,4;REMOVE:8,8","server 0: - | server 1: - | server 2: 4 | server 3: - | server 4: - | server 5: - | server 6: 5,8 | server 7: 6,7 | server 8: - | server 9: -"
977,977,after_slot_decision,"ADD:0,1;ADD:1,7;ADD:3,7;ADD:4,3;ADD:4,7;ADD:5,7;ADD:8,7;ADD:8,8;REMOVE:4,2;REMOVE:5,6;REMOVE:8,6","server 0: - | server 1: 0 | server 2: - | server 3: 4 | server 4: - | server 5: - | server 6: - | server 7: 1,3,4,5,6,7,8 | server 8: 8 | server 9: -"
978,978,after_slot_decision,"ADD:1,8;ADD:2,5;ADD:4,2;ADD:6,8;ADD:8,2;REMOVE:0,1;REMOVE:4,3;REMOVE:4,7;REMOVE:6,7;REMOVE:8,7","server 0: - | server 1: - | server 2: 4,8 | server 3: - | server 4: - | server 5: 2 | server 6: - | server 7: 1,3,5,7 | server 8: 1,6,8 | server 9: -"
979,979,after_slot_decision,"ADD:2,9;ADD:4,7;ADD:6,7;ADD:8,3;ADD:8,7;REMOVE:1,7;REMOVE:2,5;REMOVE:4,2;REMOVE:6,8;REMOVE:8,2;REMOVE:8,8","server 0: - | server 1: - | server 2: - | server 3: 8 | server 4: - | server 5: - | server 6: - | server 7: 3,4,5,6,7,8 | server 8: 1 | server 9: 2"
980,980,after_slot_decision,"ADD:1,7;ADD:2,4;ADD:4,9;ADD:5,4;REMOVE:1,8;REMOVE:2,9;REMOVE:4,7;REMOVE:5,7;REMOVE:8,3","server 0: - | server 1: - | server 2: - | server 3: - | server 4: 2,5 | server 5: - | server 6: - | server 7: 1,3,6,7,8 | server 8: - | server 9: 4"
981,981,after_slot_decision,"ADD:1,8;ADD:4,8;ADD:6,8;ADD:8,9;REMOVE:1,7;REMOVE:2,4;REMOVE:3,7;REMOVE:4,9;REMOVE:5,4;REMOVE:6,7;REMOVE:8,7","server 0: - | server 1: - | server 2: - | server 3: - | server 4: - | server 5: - | server 6: - | server 7: 7 | server 8: 1,4,6 | server 9: 8"
982,982,after_slot_decision,"ADD:0,2;ADD:1,7;ADD:2,3;ADD:6,4;ADD:8,7;ADD:9,2;REMOVE:1,8;REMOVE:6,8;REMOVE:7,7;REMOVE:8,9","server 0: - | server 1: - | server 2: 0,9 | server 3: 2 | server 4: 6 | server 5: - | server 6: - | server 7: 1,8 | server 8: 4 | server 9: -"
983,983,after_slot_decision,"ADD:1,2;ADD:4,2;ADD:6,7;ADD:7,4;REMOVE:0,2;REMOVE:1,7;REMOVE:2,3;REMOVE:6,4;REMOVE:9,2","server 0: - | server 1: - | server 2: 1,4 | server 3: - | server 4: 7 | server 5: - | server 6: - | server 7: 6,8 | server 8: 4 | server 9: -"
984,984,after_slot_decision,"ADD:2,8;ADD:3,3;ADD:4,7;ADD:5,9;ADD:6,8;ADD:7,2;ADD:8,6;ADD:8,8;REMOVE:4,8;REMOVE:6,7;REMOVE:7,4;REMOVE:8,7","server 0: - | server 1: - | server 2: 1,4,7 | server 3: 3 | server 4: - | server 5: - | server 6: 8 | server 7: 4 | server 8: 2,6,8 | server 9: 5"
985,985,after_slot_decision,"ADD:1,3;ADD:1,7;ADD:3,8;ADD:4,8;ADD:5,3;ADD:5,7;ADD:8,2;REMOVE:1,2;REMOVE:2,8;REMOVE:3,3;REMOVE:4,7;REMOVE:5,9;REMOVE:8,6;REMOVE:8,8","server 0: - | server 1: - | server 2: 4,7,8 | server 3: 1,5 | server 4: - | server 5: - | server 6: - | server 7: 1,5 | server 8: 3,4,6 | server 9: -"
986,986,after_slot_decision,"ADD:2,2;ADD:3,2;ADD:4,7;ADD:5,9;ADD:6,4;ADD:8,7;ADD:8,8;REMOVE:1,3;REMOVE:3,8;REMOVE:4,2;REMOVE:4,8;REMOVE:5,3;REMOVE:5,7;REMOVE:6,8;REMOVE:8,2","server 0: - | server 1: - | server 2: 2,3,7 | server 3: - | server 4: 6 | server 5: - | server 6: - | server 7: 1,4,8 | server 8: 8 | server 9: 5"
987,987,after_slot_decision,"ADD:0,7;ADD:1,3;ADD:5,1;ADD:6,7;ADD:7,4;REMOVE:1,7;REMOVE:2,2;REMOVE:5,9;REMOVE:6,4;REMOVE:7,2;REMOVE:8,8","server 0: - | server 1: 5 | server 2: 3 | server 3: 1 | server 4: 7 | server 5: - | server 6: - | server 7: 0,4,6,8 | server 8: - | server 9: -"
988,988,after_slot_decision,"ADD:1,7;ADD:4,4;ADD:5,2;ADD:6,9;ADD:7,7;REMOVE:0,7;REMOVE:1,3;REMOVE:3,2;REMOVE:4,7;REMOVE:5,1;REMOVE:6,7;REMOVE:7,4","server 0: - | server 1: - | server 2: 5 | server 3: - | server 4: 4 | server 5: - | server 6: - | server 7: 1,7,8 | server 8: - | server 9: 6"
989,989,after_slot_decision,"ADD:2,2;ADD:3,2;ADD:4,2;ADD:6,8;ADD:9,0;REMOVE:4,4;REMOVE:5,2;REMOVE:6,9;REMOVE:7,7","server 0: 9 | server 1: - | server 2: 2,3,4 | server 3: - | server 4: - | server 5: - | server 6: - | server 7: 1,8 | server 8: 6 | server 9: -"
990,990,after_slot_decision,"ADD:0,8;ADD:2,8;ADD:4,3;ADD:4,7;ADD:5,5;ADD:6,4;ADD:7,7;ADD:7,8;REMOVE:2,2;REMOVE:3,2;REMOVE:4,2;REMOVE:6,8;REMOVE:9,0","server 0: - | server 1: - | server 2: - | server 3: 4 | server 4: 6 | server 5: 5 | server 6: - | server 7: 1,4,7,8 | server 8: 0,2,7 | server 9: -"
991,991,after_slot_decision,"ADD:0,2;ADD:0,7;ADD:2,5;ADD:5,7;ADD:6,2;ADD:6,7;ADD:7,2;ADD:7,9;REMOVE:0,8;REMOVE:2,8;REMOVE:4,3;REMOVE:5,5;REMOVE:6,4;REMOVE:7,7;REMOVE:7,8","server 0: - | server 1: - | server 2: 0,6,7 | server 3: - | server 4: - | server 5: 2 | server 6: - | server 7: 0,1,4,5,6,8 | server 8: - | server 9: 7"
992,992,after_slot_decision,"ADD:2,4;ADD:3,4;ADD:5,2;ADD:7,7;ADD:9,7;REMOVE:0,2;REMOVE:2,5;REMOVE:5,7;REMOVE:6,2;REMOVE:7,2;REMOVE:7,9","server 0: - | server 1: - | server 2: 5 | server 3: - | server 4: 2,3 | server 5: - | server 6: - | server 7: 0,1,4,6,7,8,9 | server 8: - | server 9: -"
993,993,after_slot_decision,"ADD:1,9;ADD:2,2;ADD:3,7;ADD:5,8;ADD:7,8;REMOVE:1,7;REMOVE:2,4;REMOVE:3,4;REMOVE:5,2;REMOVE:7,7;REMOVE:9,7","server 0: - | server 1: - | server 2: 2 | server 3: - | server 4: - | server 5: - | server 6: - | server 7: 0,3,4,6,8 | server 8: 5,7 | server 9: 1"
994,994,after_slot_decision,"ADD:1,7;ADD:1,8;ADD:2,9;ADD:4,3;ADD:6,8;ADD:7,2;ADD:8,5;REMOVE:1,9;REMOVE:2,2;REMOVE:6,7;REMOVE:7,8","server 0: - | server 1: - | server 2: 7 | server 3: 4 | server 4: - | server 5: 8 | server 6: - | server 7: 0,1,3,4,8 | server 8: 1,5,6 | server 9: 2"
995,995,after_slot_decision,"ADD:0,9;ADD:2,4;ADD:4,6;ADD:5,5;ADD:6,2;ADD:7,7;REMOVE:0,7;REMOVE:1,8;REMOVE:2,9;REMOVE:4,3;REMOVE:4,7;REMOVE:6,8;REMOVE:7,2;REMOVE:8,5","server 0: - | server 1: - | server 2: 6 | server 3: - | server 4: 2 | server 5: 5 | server 6: 4 | server 7: 1,3,7,8 | server 8: 5 | server 9: 0"
996,996,after_slot_decision,"ADD:0,4;ADD:3,2;ADD:4,7;ADD:5,9;ADD:6,7;ADD:8,0;REMOVE:0,9;REMOVE:2,4;REMOVE:3,7;REMOVE:4,6;REMOVE:5,5;REMOVE:5,8;REMOVE:6,2;REMOVE:8,7","server 0: 8 | server 1: - | server 2: 3 | server 3: - | server 4: 0 | server 5: - | server 6: - | server 7: 1,4,6,7 | server 8: - | server 9: 5"
997,997,after_slot_decision,"ADD:0,9;ADD:1,8;ADD:2,4;ADD:3,7;ADD:4,8;ADD:5,7;ADD:6,8;ADD:8,7;REMOVE:0,4;REMOVE:4,7;REMOVE:5,9;REMOVE:6,7;REMOVE:8,0","server 0: - | server 1: - | server 2: 3 | server 3: - | server 4: 2 | server 5: - | server 6: - | server 7: 1,3,5,7,8 | server 8: 1,4,6 | server 9: 0"
998,998,after_slot_decision,"ADD:0,8;ADD:2,3;ADD:4,7;ADD:5,8;ADD:6,7;ADD:7,2;REMOVE:0,9;REMOVE:1,7;REMOVE:2,4;REMOVE:3,2;REMOVE:4,8;REMOVE:6,8;REMOVE:7,7","server 0: - | server 1: - | server 2: 7 | server 3: 2 | server 4: - | server 5: - | server 6: - | server 7: 3,4,5,6,8 | server 8: 0,1,5 | server 9: -"
999,999,after_slot_decision,"ADD:0,7;ADD:2,5;ADD:2,9;ADD:4,8;ADD:6,8;ADD:8,8;REMOVE:0,8;REMOVE:2,3;REMOVE:5,8;REMOVE:6,7","server 0: - | server 1: - | server 2: 7 | server 3: - | server 4: - | server 5: 2 | server 6: - | server 7: 0,3,4,5,8 | server 8: 1,4,6,8 | server 9: 2"
1000,1000,after_slot_decision,"ADD:0,8;ADD:1,2;ADD:1,7;ADD:6,2;REMOVE:1,8;REMOVE:2,5;REMOVE:2,9;REMOVE:4,8;REMOVE:6,8","server 0: - | server 1: - | server 2: 1,6,7 | server 3: - | server 4: - | server 5: - | server 6: - | server 7: 0,1,3,4,5,8 | server 8: 0,8 | server 9: -"
1001,1001,after_slot_decision,"ADD:2,2;ADD:5,9;ADD:6,8;ADD:7,4;REMOVE:0,7;REMOVE:0,8;REMOVE:1,2;REMOVE:4,7;REMOVE:5,7;REMOVE:6,2;REMOVE:7,2","server 0: - | server 1: - | server 2: 2 | server 3: - | server 4: 7 | server 5: - | server 6: - | server 7: 1,3,8 | server 8: 6,8 | server 9: 5"
1002,1002,after_slot_decision,"ADD:1,3;ADD:2,4;ADD:5,8;ADD:6,4;ADD:7,7;REMOVE:1,7;REMOVE:2,2;REMOVE:5,9;REMOVE:6,8;REMOVE:7,4;REMOVE:8,7","server 0: - | server 1: - | server 2: - | server 3: 1 | server 4: 2,6 | server 5: - | server 6: - | server 7: 3,7 | server 8: 5,8 | server 9: -"
1003,1003,after_slot_decision,"ADD:1,7;ADD:2,1;ADD:4,4;ADD:5,4;ADD:6,9;ADD:8,4;REMOVE:1,3;REMOVE:2,4;REMOVE:5,8;REMOVE:6,4;REMOVE:8,8","server 0: - | server 1: 2 | server 2: - | server 3: - | server 4: 4,5,8 | server 5: - | server 6: - | server 7: 1,3,7 | server 8: - | server 9: 6"
1004,1004,after_slot_decision,"ADD:0,4;ADD:3,8;ADD:4,7;ADD:5,2;ADD:6,7;ADD:7,2;ADD:8,7;REMOVE:2,1;REMOVE:3,7;REMOVE:4,4;REMOVE:5,4;REMOVE:6,9;REMOVE:7,7;REMOVE:8,4","server 0: - | server 1: - | server 2: 5,7 | server 3: - | server 4: 0 | server 5: - | server 6: - | server 7: 1,4,6,8 | server 8: 3 | server 9: -"
1005,1005,after_slot_decision,"ADD:0,9;ADD:2,4;ADD:3,7;ADD:5,4;ADD:8,8;REMOVE:0,4;REMOVE:3,8;REMOVE:5,2;REMOVE:6,7","server 0: - | server 1: - | server 2: 7 | server 3: - | server 4: 2,5 | server 5: - | server 6: - | server 7: 1,3,4,8 | server 8: 8 | server 9: 0"
1006,1006,after_slot_decision,"ADD:0,8;ADD:1,8;ADD:2,8;ADD:3,2;ADD:4,8;ADD:5,7;REMOVE:0,9;REMOVE:1,7;REMOVE:2,4;REMOVE:3,7;REMOVE:4,7;REMOVE:5,4;REMOVE:8,7","server 0: - | server 1: - | server 2: 3,7 | server 3: - | server 4: - | server 5: - | server 6: - | server 7: 5 | server 8: 0,1,2,4,8 | server 9: -"
1007,1007,after_slot_decision,"ADD:0,0;ADD:0,7;ADD:2,5;ADD:5,8;ADD:5,9;ADD:6,7;ADD:7,8;ADD:8,7;REMOVE:0,8;REMOVE:2,8;REMOVE:5,7;REMOVE:7,2;REMOVE:8,8","server 0: 0 | server 1: - | server 2: 3 | server 3: - | server 4: - | server 5: 2 | server 6: - | server 7: 0,6,8 | server 8: 1,4,5,7 | server 9: 5"
1008,1008,after_slot_decision,"ADD:1,7;ADD:2,2;ADD:3,7;ADD:3,8;ADD:4,7;ADD:5,2;ADD:7,2;REMOVE:0,0;REMOVE:1,8;REMOVE:2,5;REMOVE:3,2;REMOVE:4,8;REMOVE:5,8;REMOVE:5,9;REMOVE:7,8","server 0: - | server 1: - | server 2: 2,5,7 | server 3: - | server 4: - | server 5: - | server 6: - | server 7: 0,1,3,4,6,8 | server 8: 3 | server 9: -"
1009,1009,after_slot_decision,"ADD:0,2;ADD:1,9;ADD:2,7;ADD:4,6;ADD:5,8;ADD:8,2;ADD:8,3;ADD:9,7;REMOVE:0,7;REMOVE:1,7;REMOVE:2,2;REMOVE:3,8;REMOVE:4,7;REMOVE:5,2;REMOVE:8,7","server 0: - | server 1: - | server 2: 0,7,8 | server 3: 8 | server 4: - | server 5: - | server 6: 4 | server 7: 2,3,6,9 | server 8: 5 | server 9: 1"
1010,1010,after_slot_decision,"ADD:0,8;ADD:1,2;ADD:4,9;ADD:5,7;ADD:7,8;ADD:8,8;REMOVE:0,2;REMOVE:1,9;REMOVE:2,7;REMOVE:3,7;REMOVE:4,6;REMOVE:5,8;REMOVE:6,7;REMOVE:7,2;REMOVE:8,2;REMOVE:8,3;REMOVE:9,7","server 0: - | server 1: - | server 2: 1 | server 3: - | server 4: - | server 5: - | server 6: - | server 7: 5 | server 8: 0,7,8 | server 9: 4"
1011,1011,after_slot_decision,"ADD:0,7;ADD:1,7;ADD:2,0;ADD:3,2;ADD:4,2;ADD:7,7;ADD:8,7;REMOVE:0,8;REMOVE:1,2;REMOVE:4,9;REMOVE:7,8;REMOVE:8,8","server 0: 2 | server 1: - | server 2: 3,4 | server 3: - | server 4: - | server 5: - | server 6: - | server 7: 0,1,5,7,8 | server 8: - | server 9: -"
1012,1012,after_slot_decision,"ADD:2,8;ADD:4,8;ADD:5,4;ADD:6,4;ADD:7,8;REMOVE:2,0;REMOVE:4,2;REMOVE:5,7;REMOVE:7,7","server 0: - | server 1: - | server 2: 3 | server 3: - | server 4: 5,6 | server 5: - | server 6: - | server 7: 0,1,8 | server 8: 2,4,7 | server 9: -"
1013,1013,after_slot_decision,"ADD:0,8;ADD:1,2;ADD:3,9;ADD:4,2;ADD:5,7;ADD:6,8;ADD:7,2;REMOVE:1,7;REMOVE:2,8;REMOVE:3,2;REMOVE:5,4;REMOVE:6,4;REMOVE:7,8","server 0: - | server 1: - | server 2: 1,4,7 | server 3: - | server 4: - | server 5: - | server 6: - | server 7: 0,5,8 | server 8: 0,4,6 | server 9: 3"
1014,1014,after_slot_decision,"ADD:1,7;ADD:2,7;ADD:3,7;ADD:4,6;ADD:5,2;ADD:6,3;ADD:7,7;ADD:8,8;REMOVE:0,8;REMOVE:3,9;REMOVE:4,2;REMOVE:4,8;REMOVE:5,7;REMOVE:6,8;REMOVE:7,2;REMOVE:8,7","server 0: - | server 1: - | server 2: 1,5 | server 3: 6 | server 4: - | server 5: - | server 6: 4 | server 7: 0,1,2,3,7 | server 8: 8 | server 9: -"
1015,1015,after_slot_decision,"ADD:0,2;ADD:0,8;ADD:4,8;ADD:5,9;ADD:6,9;ADD:7,8;ADD:9,2;REMOVE:0,7;REMOVE:1,7;REMOVE:2,7;REMOVE:4,6;REMOVE:5,2;REMOVE:6,3;REMOVE:7,7","server 0: - | server 1: - | server 2: 0,1,9 | server 3: - | server 4: - | server 5: - | server 6: - | server 7: 3 | server 8: 0,4,7,8 | server 9: 5,6"
1016,1016,after_slot_decision,"ADD:0,9;ADD:1,5;ADD:2,2;ADD:4,2;ADD:6,7;ADD:7,2;ADD:8,7;REMOVE:0,2;REMOVE:0,8;REMOVE:1,2;REMOVE:4,8;REMOVE:6,9;REMOVE:7,8;REMOVE:9,2","server 0: - | server 1: - | server 2: 2,4,7 | server 3: - | server 4: - | server 5: 1 | server 6: - | server 7: 3,6,8 | server 8: 8 | server 9: 0,5"
1017,1017,after_slot_decision,"ADD:0,2;ADD:1,9;ADD:3,4;ADD:4,4;ADD:5,2;ADD:7,9;ADD:8,6;REMOVE:0,9;REMOVE:1,5;REMOVE:3,7;REMOVE:4,2;REMOVE:5,9;REMOVE:7,2;REMOVE:8,7;REMOVE:8,8","server 0: - | server 1: - | server 2: 0,2,5 | server 3: - | server 4: 3,4 | server 5: - | server 6: 8 | server 7: 6 | server 8: - | server 9: 1,7"
1018,1018,after_slot_decision,"ADD:0,3;ADD:0,7;ADD:1,7;ADD:2,4;ADD:3,2;ADD:3,7;ADD:4,6;ADD:4,8;ADD:5,7;ADD:6,6;ADD:7,7;ADD:8,5;ADD:8,8;ADD:9,1;REMOVE:0,2;REMOVE:1,9;REMOVE:2,2;REMOVE:3,4;REMOVE:4,4;REMOVE:5,2;REMOVE:6,7;REMOVE:7,9;REMOVE:8,6","server 0: - | server 1: 9 | server 2: 3 | server 3: 0 | server 4: 2 | server 5: 8 | server 6: 4,6 | server 7: 0,1,3,5,7 | server 8: 4,8 | server 9: -"
1019,1019,after_slot_decision,"ADD:0,8;ADD:4,7;ADD:6,7;ADD:7,2;ADD:8,7;REMOVE:0,3;REMOVE:2,4;REMOVE:3,2;REMOVE:4,6;REMOVE:4,8;REMOVE:6,6;REMOVE:7,7;REMOVE:8,5;REMOVE:8,8;REMOVE:9,1","server 0: - | server 1: - | server 2: 7 | server 3: - | server 4: - | server 5: - | server 6: - | server 7: 0,1,3,4,5,6,8 | server 8: 0 | server 9: -"
1020,1020,after_slot_decision,"ADD:1,8;ADD:2,9;ADD:4,8;ADD:5,8;ADD:6,8;ADD:7,8;REMOVE:0,8;REMOVE:1,7;REMOVE:5,7;REMOVE:7,2","server 0: - | server 1: - | server 2: - | server 3: - | server 4: - | server 5: - | server 6: - | server 7: 0,3,4,6,8 | server 8: 1,4,5,6,7 | server 9: 2"
1021,1021,after_slot_decision,"ADD:0,8;ADD:2,4;ADD:3,8;ADD:5,7;ADD:7,7;REMOVE:2,9;REMOVE:3,7;REMOVE:4,8;REMOVE:5,8;REMOVE:6,8;REMOVE:7,8","server 0: - | server 1: - | server 2: - | server 3: - | server 4: 2 | server 5: - | server 6: - | server 7: 0,4,5,6,7,8 | server 8: 0,1,3 | server 9: -"
1022,1022,after_slot_decision,"ADD:0,2;ADD:1,2;ADD:1,9;ADD:3,4;ADD:5,8;ADD:6,9;ADD:7,6;ADD:8,2;REMOVE:0,7;REMOVE:0,8;REMOVE:1,8;REMOVE:2,4;REMOVE:3,8;REMOVE:5,7;REMOVE:6,7;REMOVE:7,7;REMOVE:8,7","server 0: - | server 1: - | server 2: 0,1,8 | server 3: - | server 4: 3 | server 5: - | server 6: 7 | server 7: 4 | server 8: 5 | server 9: 1,6"
1023,1023,after_slot_decision,"ADD:0,7;ADD:1,5;ADD:2,6;ADD:3,8;ADD:4,0;ADD:5,2;ADD:6,7;ADD:7,7;ADD:8,7;REMOVE:0,2;REMOVE:1,2;REMOVE:1,9;REMOVE:3,4;REMOVE:4,7;REMOVE:5,8;REMOVE:6,9;REMOVE:7,6;REMOVE:8,2","server 0: 4 | server 1: - | server 2: 5 | server 3: - | server 4: - | server 5: 1 | server 6: 2 | server 7: 0,6,7,8 | server 8: 3 | server 9: -"
1024,1024,after_slot_decision,"ADD:1,7;ADD:1,8;ADD:4,7;ADD:5,5;ADD:5,8;ADD:6,5;ADD:6,8;ADD:7,5;ADD:7,9;ADD:8,5;ADD:8,9;ADD:9,5;REMOVE:1,5;REMOVE:2,6;REMOVE:4,0;REMOVE:5,2;REMOVE:6,7;REMOVE:7,7;REMOVE:8,7","server 0: - | server 1: - | server 2: - | server 3: - | server 4: - | server 5: 5,6,7,8,9 | server 6: - | server 7: 0,1,4 | server 8: 1,3,5,6 | server 9: 7,8"
1025,1025,after_slot_decision,"ADD:0,2;ADD:2,9;ADD:3,7;ADD:4,8;ADD:5,2;ADD:6,2;ADD:7,7;ADD:8,7;REMOVE:0,7;REMOVE:1,8;REMOVE:3,8;REMOVE:4,7;REMOVE:5,5;REMOVE:5,8;REMOVE:6,5;REMOVE:6,8;REMOVE:7,5;REMOVE:7,9;REMOVE:8,5;REMOVE:8,9;REMOVE:9,5","server 0: - | server 1: - | server 2: 0,5,6 | server 3: - | server 4: - | server 5: - | server 6: - | server 7: 1,3,7,8 | server 8: 4 | server 9: 2"
1026,1026,after_slot_decision,"ADD:0,7;ADD:2,0;ADD:3,2;ADD:3,9;ADD:4,7;ADD:5,7;ADD:6,7;ADD:7,8;ADD:8,3;ADD:8,9;REMOVE:2,9;REMOVE:3,7;REMOVE:4,8;REMOVE:5,2;REMOVE:6,2;REMOVE:7,7;REMOVE:8,7","server 0: 2 | server 1: - | server 2: 0,3 | server 3: 8 | server 4: - | server 5: - | server 6: - | server 7: 0,1,4,5,6 | server 8: 7 | server 9: 3,8"
1027,1027,after_slot_decision,"ADD:0,8;ADD:1,2;ADD:2,3;ADD:3,7;ADD:6,8;ADD:7,3;ADD:8,7;ADD:8,8;ADD:9,4;REMOVE:0,2;REMOVE:0,7;REMOVE:1,7;REMOVE:2,0;REMOVE:3,2;REMOVE:3,9;REMOVE:6,7;REMOVE:7,8;REMOVE:8,3;REMOVE:8,9","server 0: - | server 1: - | server 2: 1 | server 3: 2,7 | server 4: 9 | server 5: - | server 6: - | server 7: 3,4,5,8 | server 8: 0,6,8 | server 9: -"
1028,1028,after_slot_decision,"ADD:0,2;ADD:1,5;ADD:1,7;ADD:2,4;ADD:3,8;ADD:5,8;ADD:6,4;ADD:7,7;REMOVE:0,8;REMOVE:1,2;REMOVE:2,3;REMOVE:3,7;REMOVE:5,7;REMOVE:6,8;REMOVE:7,3;REMOVE:8,7;REMOVE:9,4","server 0: - | server 1: - | server 2: 0 | server 3: - | server 4: 2,6 | server 5: 1 | server 6: - | server 7: 1,4,7 | server 8: 3,5,8 | server 9: -"
1029,1029,after_slot_decision,"ADD:0,8;ADD:3,2;ADD:4,8;ADD:5,2;ADD:6,2;ADD:7,8;ADD:8,3;REMOVE:0,2;REMOVE:1,5;REMOVE:2,4;REMOVE:3,8;REMOVE:5,8;REMOVE:6,4","server 0: - | server 1: - | server 2: 3,5,6 | server 3: 8 | server 4: - | server 5: - | server 6: - | server 7: 1,4,7 | server 8: 0,4,7,8 | server 9: -"
1030,1030,after_slot_decision,"ADD:0,2;ADD:1,8;ADD:3,8;ADD:5,1;ADD:6,5;REMOVE:0,8;REMOVE:1,7;REMOVE:3,2;REMOVE:4,8;REMOVE:5,2;REMOVE:6,2;REMOVE:7,8;REMOVE:8,3","server 0: - | server 1: 5 | server 2: 0 | server 3: - | server 4: - | server 5: 6 | server 6: - | server 7: 4,7 | server 8: 1,3,8 | server 9: -"
1031,1031,after_slot_decision,"ADD:0,8;ADD:2,8;ADD:3,7;ADD:4,8;ADD:5,9;ADD:7,9;ADD:8,2;REMOVE:0,2;REMOVE:3,8;REMOVE:4,7;REMOVE:5,1;REMOVE:6,5;REMOVE:7,7;REMOVE:8,8","server 0: - | server 1: - | server 2: 8 | server 3: - | server 4: - | server 5: - | server 6: - | server 7: 3 | server 8: 0,1,2,4 | server 9: 5,7"
1032,1032,after_slot_decision,"ADD:0,7;ADD:1,7;ADD:2,2;ADD:3,8;ADD:4,7;ADD:5,3;ADD:6,2;ADD:7,2;ADD:8,7;ADD:8,8;ADD:9,2;REMOVE:0,8;REMOVE:1,8;REMOVE:2,8;REMOVE:4,8;REMOVE:7,9;REMOVE:8,2","server 0: - | server 1: - | server 2: 2,6,7,9 | server 3: 5 | server 4: - | server 5: - | server 6: - | server 7: 0,1,3,4,8 | server 8: 3,8 | server 9: 5"
1033,1033,after_slot_decision,"ADD:1,8;ADD:2,8;ADD:4,8;ADD:5,4;ADD:6,7;ADD:7,7;REMOVE:2,2;REMOVE:3,8;REMOVE:5,3;REMOVE:5,9;REMOVE:6,2;REMOVE:7,2;REMOVE:8,8;REMOVE:9,2","server 0: - | server 1: - | server 2: - | server 3: - | server 4: 5 | server 5: - | server 6: - | server 7: 0,1,3,4,6,7,8 | server 8: 1,2,4 | server 9: -"
1034,1034,after_slot_decision,"ADD:0,8;ADD:1,5;ADD:2,1;ADD:3,2;ADD:5,1;ADD:7,2;ADD:7,3;ADD:8,2;ADD:9,4;REMOVE:0,7;REMOVE:1,7;REMOVE:1,8;REMOVE:2,8;REMOVE:3,7;REMOVE:4,7;REMOVE:5,4;REMOVE:7,7","server 0: - | server 1: 2,5 | server 2: 3,7,8 | server 3: 7 | server 4: 9 | server 5: 1 | server 6: - | server 7: 6,8 | server 8: 0,4 | server 9: -"
1035,1035,after_slot_decision,"ADD:0,2;ADD:0,7;ADD:1,7;ADD:2,7;ADD:3,8;ADD:4,7;ADD:5,7;ADD:7,6;ADD:7,8;REMOVE:0,8;REMOVE:1,5;REMOVE:2,1;REMOVE:3,2;REMOVE:4,8;REMOVE:5,1;REMOVE:7,2;REMOVE:7,3;REMOVE:8,2;REMOVE:9,4","server 0: - | server 1: - | server 2: 0 | server 3: - | server 4: - | server 5: - | server 6: 7 | server 7: 0,1,2,4,5,6,8 | server 8: 3,7 | server 9: -"
1036,1036,after_slot_decision,"ADD:1,8;ADD:2,2;ADD:3,7;ADD:4,8;ADD:6,2;ADD:7,2;ADD:8,8;ADD:9,5;REMOVE:0,2;REMOVE:1,7;REMOVE:2,7;REMOVE:3,8;REMOVE:4,7;REMOVE:6,7;REMOVE:7,6;REMOVE:7,8;REMOVE:8,7","server 0: - | server 1: - | server 2: 2,6,7 | server 3: - | server 4: - | server 5: 9 | server 6: - | server 7: 0,3,5 | server 8: 1,4,8 | server 9: -"
1037,1037,after_slot_decision,"ADD:0,3;ADD:1,9;ADD:3,2;ADD:4,2;ADD:5,9;ADD:6,4;ADD:7,7;ADD:8,7;ADD:9,6;REMOVE:1,8;REMOVE:3,7;REMOVE:4,8;REMOVE:5,7;REMOVE:6,2;REMOVE:7,2;REMOVE:8,8;REMOVE:9,5","server 0: - | server 1: - | server 2: 2,3,4 | server 3: 0 | server 4: 6 | server 5: - | server 6: 9 | server 7: 0,7,8 | server 8: - | server 9: 1,5"
1038,1038,after_slot_decision,"ADD:0,1;ADD:1,7;ADD:2,3;ADD:4,4;ADD:5,7;ADD:6,5;ADD:7,2;REMOVE:0,3;REMOVE:0,7;REMOVE:1,9;REMOVE:2,2;REMOVE:4,2;REMOVE:5,9;REMOVE:6,4;REMOVE:7,7;REMOVE:9,6","server 0: - | server 1: 0 | server 2: 3,7 | server 3: 2 | server 4: 4 | server 5: 6 | server 6: - | server 7: 1,5,8 | server 8: - | server 9: -"
1039,1039,after_slot_decision,"ADD:0,2;ADD:0,8;ADD:2,7;ADD:3,7;ADD:4,7;ADD:5,8;ADD:6,7;ADD:7,7;ADD:8,5;ADD:8,8;REMOVE:0,1;REMOVE:2,3;REMOVE:3,2;REMOVE:4,4;REMOVE:5,7;REMOVE:6,5;REMOVE:7,2;REMOVE:8,7","server 0: - | server 1: - | server 2: 0 | server 3: - | server 4: - | server 5: 8 | server 6: - | server 7: 1,2,3,4,6,7 | server 8: 0,5,8 | server 9: -"
1040,1040,after_slot_decision,"ADD:0,7;ADD:1,2;ADD:2,4;ADD:3,9;ADD:6,2;ADD:8,7;REMOVE:0,2;REMOVE:0,8;REMOVE:1,7;REMOVE:2,7;REMOVE:3,7;REMOVE:6,7;REMOVE:8,5;REMOVE:8,8","server 0: - | server 1: - | server 2: 1,6 | server 3: - | server 4: 2 | server 5: - | server 6: - | server 7: 0,4,7,8 | server 8: 5 | server 9: 3"
1041,1041,after_slot_decision,"ADD:0,2;ADD:0,8;ADD:1,7;ADD:3,7;ADD:3,8;ADD:5,0;ADD:8,2;ADD:8,8;REMOVE:0,7;REMOVE:1,2;REMOVE:3,9;REMOVE:5,8;REMOVE:8,7","server 0: 5 | server 1: - | server 2: 0,6,8 | server 3: - | server 4: 2 | server 5: - | server 6: - | server 7: 1,3,4,7 | server 8: 0,3,8 | server 9: -"
1042,1042,after_slot_decision,"ADD:0,7;ADD:3,2;ADD:4,9;ADD:5,7;ADD:7,8;ADD:8,9;ADD:9,4;REMOVE:0,8;REMOVE:3,7;REMOVE:3,8;REMOVE:4,7;REMOVE:5,0;REMOVE:7,7;REMOVE:8,2;REMOVE:8,8","server 0: - | server 1: - | server 2: 0,3,6 | server 3: - | server 4: 2,9 | server 5: - | server 6: - | server 7: 0,1,5 | server 8: 7 | server 9: 4,8"
1043,1043,after_slot_decision,"ADD:2,9;ADD:3,3;ADD:3,7;ADD:4,5;ADD:5,2;ADD:6,9;ADD:7,1;ADD:8,7;REMOVE:0,7;REMOVE:2,4;REMOVE:3,2;REMOVE:4,9;REMOVE:5,7;REMOVE:6,2;REMOVE:7,8;REMOVE:8,9;REMOVE:9,4","server 0: - | server 1: 7 | server 2: 0,5 | server 3: 3 | server 4: - | server 5: 4 | server 6: - | server 7: 1,3,8 | server 8: - | server 9: 2,6"
1044,1044,after_slot_decision,"ADD:1,8;ADD:3,8;ADD:4,7;ADD:6,6;ADD:7,2;REMOVE:1,7;REMOVE:2,9;REMOVE:3,3;REMOVE:3,7;REMOVE:4,5;REMOVE:6,9;REMOVE:7,1","server 0: - | server 1: - | server 2: 0,5,7 | server 3: - | server 4: - | server 5: - | server 6: 6 | server 7: 4,8 | server 8: 1,3 | server 9: -"
1045,1045,after_slot_decision,"ADD:0,7;ADD:1,5;ADD:1,7;ADD:2,9;ADD:3,7;ADD:4,4;ADD:6,1;ADD:7,8;REMOVE:0,2;REMOVE:1,8;REMOVE:3,8;REMOVE:4,7;REMOVE:6,6;REMOVE:7,2","server 0: - | server 1: 6 | server 2: 5 | server 3: - | server 4: 4 | server 5: 1 | server 6: - | server 7: 0,1,3,8 | server 8: 7 | server 9: 2"
1046,1046,after_slot_decision,"ADD:0,2;ADD:0,8;ADD:1,2;ADD:2,0;ADD:3,2;ADD:3,8;ADD:4,2;ADD:4,7;ADD:5,8;ADD:6,7;ADD:7,3;ADD:8,8;REMOVE:0,7;REMOVE:1,5;REMOVE:2,9;REMOVE:3,7;REMOVE:4,4;REMOVE:5,2;REMOVE:6,1;REMOVE:7,8;REMOVE:8,7","server 0: 2 | server 1: - | server 2: 0,1,3,4 | server 3: 7 | server 4: - | server 5: - | server 6: - | server 7: 1,4,6 | server 8: 0,3,5,8 | server 9: -"
1047,1047,after_slot_decision,"ADD:0,3;ADD:2,9;ADD:3,7;ADD:4,8;ADD:5,7;ADD:6,5;ADD:6,8;ADD:7,7;ADD:8,7;REMOVE:0,8;REMOVE:2,0;REMOVE:3,2;REMOVE:3,8;REMOVE:4,2;REMOVE:4,7;REMOVE:5,8;REMOVE:6,7;REMOVE:7,3","server 0: - | server 1: - | server 2: 0,1 | server 3: 0 | server 4: - | server 5: 6 | server 6: - | server 7: 1,3,5,7,8 | server 8: 4,6,8 | server 9: 2"
1048,1048,after_slot_decision,"ADD:0,9;ADD:2,2;ADD:2,7;ADD:3,2;ADD:4,7;ADD:5,8;ADD:6,7;ADD:7,2;REMOVE:0,3;REMOVE:1,2;REMOVE:2,9;REMOVE:4,8;REMOVE:5,7;REMOVE:6,5;REMOVE:6,8;REMOVE:8,8","server 0: - | server 1: - | server 2: 0,2,3,7 | server 3: - | server 4: - | server 5: - | server 6: - | server 7: 1,2,3,4,6,7,8 | server 8: 5 | server 9: 0"
1049,1049,after_slot_decision,"ADD:0,7;ADD:1,8;ADD:2,8;ADD:2,9;ADD:4,2;ADD:6,8;REMOVE:0,2;REMOVE:0,9;REMOVE:1,7;REMOVE:2,2;REMOVE:2,7;REMOVE:3,2;REMOVE:4,7;REMOVE:6,7;REMOVE:7,7","server 0: - | server 1: - | server 2: 4,7 | server 3: - | server 4: - | server 5: - | server 6: - | server 7: 0,3,8 | server 8: 1,2,5,6 | server 9: 2"
1050,1050,after_slot_decision,"ADD:3,2;ADD:4,7;ADD:4,8;ADD:5,7;ADD:6,7;ADD:8,3;REMOVE:2,9;REMOVE:3,7;REMOVE:4,2;REMOVE:5,8;REMOVE:6,8","server 0: - | server 1: - | server 2: 3,7 | server 3: 8 | server 4: - | server 5: - | server 6: - | server 7: 0,4,5,6,8 | server 8: 1,2,4 | server 9: -"
1051,1051,after_slot_decision,"ADD:0,2;ADD:1,9;ADD:3,7;ADD:4,9;ADD:5,2;ADD:6,2;ADD:7,4;ADD:8,2;ADD:9,7;REMOVE:1,8;REMOVE:3,2;REMOVE:4,7;REMOVE:4,8;REMOVE:5,7;REMOVE:6,7;REMOVE:7,2;REMOVE:8,3;REMOVE:8,7","server 0: - | server 1: - | server 2: 0,5,6,8 | server 3: - | server 4: 7 | server 5: - | server 6: - | server 7: 0,3,9 | server 8: 2 | server 9: 1,4"
1052,1052,after_slot_decision,"ADD:0,5;ADD:1,2;ADD:3,2;ADD:4,7;ADD:5,8;ADD:6,8;ADD:7,8;ADD:8,7;REMOVE:0,2;REMOVE:0,7;REMOVE:1,9;REMOVE:3,7;REMOVE:4,9;REMOVE:5,2;REMOVE:6,2;REMOVE:7,4;REMOVE:8,2;REMOVE:9,7","server 0: - | server 1: - | server 2: 1,3 | server 3: - | server 4: - | server 5: 0 | server 6: - | server 7: 4,8 | server 8: 2,5,6,7 | server 9: -"
1053,1053,after_slot_decision,"ADD:0,2;ADD:1,8;ADD:2,7;ADD:3,7;ADD:3,8;ADD:4,3;ADD:5,7;ADD:6,7;ADD:7,0;ADD:7,7;ADD:8,8;REMOVE:0,5;REMOVE:1,2;REMOVE:2,8;REMOVE:3,2;REMOVE:6,8;REMOVE:7,8","server 0: 7 | server 1: - | server 2: 0 | server 3: 4 | server 4: - | server 5: - | server 6: - | server 7: 2,3,4,5,6,7,8 | server 8: 1,3,5,8 | server 9: -"
1054,1054,after_slot_decision,"ADD:0,7;ADD:1,3;ADD:2,2;ADD:3,2;ADD:5,2;ADD:6,8;ADD:7,9;ADD:8,2;REMOVE:0,2;REMOVE:1,8;REMOVE:3,7;REMOVE:3,8;REMOVE:4,3;REMOVE:5,7;REMOVE:5,8;REMOVE:6,7;REMOVE:7,0;REMOVE:7,7;REMOVE:8,7;REMOVE:8,8","server 0: - | server 1: - | server 2: 2,3,5,8 | server 3: 1 | server 4: - | server 5: - | server 6: - | server 7: 0,2,4 | server 8: 6 | server 9: 7"
1055,1055,after_slot_decision,"ADD:0,8;ADD:1,7;ADD:4,3;ADD:5,3;ADD:6,7;ADD:7,5;ADD:8,1;REMOVE:0,7;REMOVE:1,3;REMOVE:2,2;REMOVE:4,7;REMOVE:5,2;REMOVE:6,8;REMOVE:7,9;REMOVE:8,2","server 0: - | server 1: 8 | server 2: 3 | server 3: 4,5 | server 4: - | server 5: 7 | server 6: - | server 7: 1,2,6 | server 8: 0 | server 9: -"
1056,1056,after_slot_decision,"ADD:0,7;ADD:1,6;ADD:4,7;ADD:5,9;ADD:6,0;ADD:7,2;REMOVE:0,8;REMOVE:1,7;REMOVE:3,2;REMOVE:4,3;REMOVE:5,3;REMOVE:6,7;REMOVE:7,5","server 0: 6 | server 1: 8 | server 2: 7 | server 3: - | server 4: - | server 5: - | server 6: 1 | server 7: 0,2,4 | server 8: - | server 9: 5"
1057,1057,after_slot_decision,"ADD:1,7;ADD:2,8;ADD:4,8;ADD:5,5;ADD:6,8;ADD:7,5;ADD:7,9;ADD:8,8;REMOVE:1,6;REMOVE:2,7;REMOVE:5,9;REMOVE:6,0;REMOVE:7,2;REMOVE:8,1","server 0: - | server 1: - | server 2: - | server 3: - | server 4: - | server 5: 5,7 | server 6: - | server 7: 0,1,4 | server 8: 2,4,6,8 | server 9: 7"
1058,1058,after_slot_decision,"ADD:0,2;ADD:1,8;ADD:2,2;ADD:5,9;ADD:7,7;ADD:8,7;ADD:9,1;REMOVE:0,7;REMOVE:1,7;REMOVE:2,8;REMOVE:4,8;REMOVE:5,5;REMOVE:7,5;REMOVE:7,9;REMOVE:8,8","server 0: - | server 1: 9 | server 2: 0,2 | server 3: - | server 4: - | server 5: - | server 6: - | server 7: 4,7,8 | server 8: 1,6 | server 9: 5"
1059,1059,after_slot_decision,"ADD:0,4;ADD:1,9;ADD:2,3;ADD:5,8;ADD:8,2;ADD:9,4;REMOVE:0,2;REMOVE:1,8;REMOVE:5,9;REMOVE:8,7;REMOVE:9,1","server 0: - | server 1: - | server 2: 2,8 | server 3: 2 | server 4: 0,9 | server 5: - | server 6: - | server 7: 4,7 | server 8: 5,6 | server 9: 1"
1060,1060,after_slot_decision,"ADD:1,7;ADD:2,9;ADD:3,9;ADD:4,8;ADD:5,2;ADD:5,7;ADD:6,7;ADD:7,2;ADD:8,7;REMOVE:0,4;REMOVE:1,9;REMOVE:2,2;REMOVE:2,3;REMOVE:4,7;REMOVE:5,8;REMOVE:6,8;REMOVE:7,7;REMOVE:9,4","server 0: - | server 1: - | server 2: 5,7,8 | server 3: - | server 4: - | server 5: - | server 6: - | server 7: 1,5,6,8 | server 8: 4 | server 9: 2,3"
1061,1061,after_slot_decision,"ADD:1,2;ADD:2,7;ADD:3,8;ADD:4,2;ADD:6,3;ADD:6,9;ADD:7,8;REMOVE:1,7;REMOVE:2,9;REMOVE:3,9;REMOVE:5,2;REMOVE:6,7;REMOVE:7,2","server 0: - | server 1: - | server 2: 1,4,8 | server 3: 6 | server 4: - | server 5: - | server 6: - | server 7: 2,5,8 | server 8: 3,4,7 | server 9: 6"
1062,1062,after_slot_decision,"ADD:1,8;ADD:2,8;ADD:4,7;ADD:5,8;ADD:6,8;ADD:7,7;REMOVE:3,8;REMOVE:4,2;REMOVE:5,7;REMOVE:6,3;REMOVE:6,9;REMOVE:7,8;REMOVE:8,2","server 0: - | server 1: - | server 2: 1 | server 3: - | server 4: - | server 5: - | server 6: - | server 7: 2,4,7,8 | server 8: 1,2,4,5,6 | server 9: -"
1063,1063,after_slot_decision,"ADD:0,2;ADD:1,3;ADD:2,2;ADD:2,9;ADD:5,5;ADD:7,3;REMOVE:1,8;REMOVE:2,7;REMOVE:2,8;REMOVE:4,7","server 0: - | server 1: - | server 2: 0,1,2 | server 3: 1,7 | server 4: - | server 5: 5 | server 6: - | server 7: 7,8 | server 8: 4,5,6 | server 9: 2"
1064,1064,after_slot_decision,"ADD:1,8;ADD:2,7;ADD:5,7;ADD:6,7;ADD:7,2;ADD:8,3;ADD:9,7;REMOVE:0,2;REMOVE:1,2;REMOVE:1,3;REMOVE:2,2;REMOVE:2,9;REMOVE:5,5;REMOVE:5,8;REMOVE:6,8;REMOVE:7,3;REMOVE:7,7;REMOVE:8,7","server 0: - | server 1: - | server 2: 7 | server 3: 8 | server 4: - | server 5: - | server 6: - | server 7: 2,5,6,9 | server 8: 1,4 | server 9: -"
1065,1065,after_slot_decision,"ADD:4,7;ADD:5,8;ADD:6,6;ADD:7,1;ADD:7,7;ADD:8,7;ADD:8,8;REMOVE:4,8;REMOVE:5,7;REMOVE:6,7;REMOVE:7,2;REMOVE:8,3;REMOVE:9,7","server 0: - | server 1: 7 | server 2: - | server 3: - | server 4: - | server 5: - | server 6: 6 | server 7: 2,4,7,8 | server 8: 1,5,8 | server 9: -"
1066,1066,after_slot_decision,"ADD:0,2;ADD:1,7;ADD:4,8;ADD:5,2;ADD:5,3;ADD:6,1;ADD:7,8;REMOVE:1,8;REMOVE:2,7;REMOVE:4,7;REMOVE:5,8;REMOVE:6,6;REMOVE:7,1;REMOVE:8,8","server 0: - | server 1: 6 | server 2: 0,5 | server 3: 5 | server 4: - | server 5: - | server 6: - | server 7: 1,7,8 | server 8: 4,7 | server 9: -"
1067,1067,after_slot_decision,"ADD:1,8;ADD:2,2;ADD:3,7;ADD:4,2;ADD:5,8;ADD:6,7;ADD:8,8;REMOVE:0,2;REMOVE:1,7;REMOVE:4,8;REMOVE:5,2;REMOVE:5,3;REMOVE:6,1;REMOVE:7,8","server 0: - | server 1: - | server 2: 2,4 | server 3: - | server 4: - | server 5: - | server 6: - | server 7: 3,6,7,8 | server 8: 1,5,8 | server 9: -"
1068,1068,after_slot_decision,"ADD:1,7;ADD:3,8;ADD:4,7;ADD:5,3;ADD:5,7;ADD:6,5;ADD:6,8;ADD:7,8;ADD:7,9;ADD:8,2;REMOVE:3,7;REMOVE:4,2;REMOVE:5,8;REMOVE:6,7;REMOVE:7,7;REMOVE:8,7;REMOVE:8,8","server 0: - | server 1: - | server 2: 2,8 | server 3: 5 | server 4: - | server 5: 6 | server 6: - | server 7: 1,4,5 | server 8: 1,3,6,7 | server 9: 7"
1069,1069,after_slot_decision,"ADD:0,9;ADD:2,7;ADD:3,2;ADD:4,1;ADD:4,3;ADD:6,7;ADD:7,2;REMOVE:1,8;REMOVE:2,2;REMOVE:3,8;REMOVE:4,7;REMOVE:5,3;REMOVE:6,5;REMOVE:6,8;REMOVE:7,9","server 0: - | server 1: 4 | server 2: 3,7,8 | server 3: 4 | server 4: - | server 5: - | server 6: - | server 7: 1,2,5,6 | server 8: 7 | server 9: 0"
1070,1070,after_slot_decision,"ADD:0,7;ADD:1,4;ADD:2,8;ADD:3,7;ADD:4,7;ADD:4,8;ADD:6,4;ADD:7,7;ADD:8,7;REMOVE:0,9;REMOVE:1,7;REMOVE:2,7;REMOVE:3,2;REMOVE:4,1;REMOVE:4,3;REMOVE:6,7;REMOVE:7,2;REMOVE:7,8;REMOVE:8,2","server 0: - | server 1: - | server 2: - | server 3: - | server 4: 1,6 | server 5: - | server 6: - | server 7: 0,3,4,5,7,8 | server 8: 2,4 | server 9: -"
1071,1071,after_slot_decision,"ADD:0,3;ADD:1,2;ADD:2,7;ADD:3,8;ADD:6,7;ADD:8,8;ADD:9,1;REMOVE:0,7;REMOVE:1,4;REMOVE:2,8;REMOVE:3,7;REMOVE:4,8;REMOVE:6,4","server 0: - | server 1: 9 | server 2: 1 | server 3: 0 | server 4: - | server 5: - | server 6: - | server 7: 2,4,5,6,7,8 | server 8: 3,8 | server 9: -"
1072,1072,after_slot_decision,"ADD:0,2;ADD:1,7;ADD:3,2;ADD:6,9;ADD:7,2;ADD:8,2;REMOVE:0,3;REMOVE:1,2;REMOVE:2,7;REMOVE:3,8;REMOVE:6,7;REMOVE:7,7;REMOVE:8,7;REMOVE:8,8;REMOVE:9,1","server 0: - | server 1: - | server 2: 0,3,7,8 | server 3: - | server 4: - | server 5: - | server 6: - | server 7: 1,4,5 | server 8: - | server 9: 6"
1073,1073,after_slot_decision,"ADD:3,8;ADD:4,2;ADD:4,8;ADD:5,2;ADD:6,7;ADD:7,7;ADD:8,8;ADD:9,8;REMOVE:0,2;REMOVE:3,2;REMOVE:4,7;REMOVE:5,7;REMOVE:6,9;REMOVE:7,2;REMOVE:8,2","server 0: - | server 1: - | server 2: 4,5 | server 3: - | server 4: - | server 5: - | server 6: - | server 7: 1,6,7 | server 8: 3,4,8,9 | server 9: -"
1074,1074,after_slot_decision,"ADD:1,2;ADD:2,5;ADD:4,7;ADD:5,7;REMOVE:3,8;REMOVE:4,2;REMOVE:4,8;REMOVE:9,8","server 0: - | server 1: - | server 2: 1,5 | server 3: - | server 4: - | server 5: 2 | server 6: - | server 7: 1,4,5,6,7 | server 8: 8 | server 9: -"
1075,1075,after_slot_decision,"ADD:3,3;ADD:8,7;ADD:9,7;ADD:9,8;REMOVE:1,2;REMOVE:2,5;REMOVE:5,2;REMOVE:8,8","server 0: - | server 1: - | server 2: - | server 3: 3 | server 4: - | server 5: - | server 6: - | server 7: 1,4,5,6,7,8,9 | server 8: 9 | server 9: -"
1076,1076,after_slot_decision,"ADD:2,2;ADD:3,8;ADD:5,8;ADD:9,2;REMOVE:3,3;REMOVE:5,7;REMOVE:9,8","server 0: - | server 1: - | server 2: 2,9 | server 3: - | server 4: - | server 5: - | server 6: - | server 7: 1,4,6,7,8,9 | server 8: 3,5 | server 9: -"
1077,1077,after_slot_decision,"ADD:2,3;ADD:3,5;ADD:3,9;ADD:4,2;ADD:6,2;ADD:7,8;ADD:8,2;ADD:9,8;REMOVE:2,2;REMOVE:3,8;REMOVE:5,8;REMOVE:6,7;REMOVE:7,7;REMOVE:9,2","server 0: - | server 1: - | server 2: 4,6,8 | server 3: 2 | server 4: - | server 5: 3 | server 6: - | server 7: 1,4,8,9 | server 8: 7,9 | server 9: 3"
1078,1078,after_slot_decision,"ADD:0,7;ADD:1,2;ADD:3,2;ADD:5,3;ADD:5,7;ADD:6,7;ADD:7,7;ADD:9,2;REMOVE:1,7;REMOVE:2,3;REMOVE:3,5;REMOVE:3,9;REMOVE:4,2;REMOVE:6,2;REMOVE:7,8;REMOVE:8,2;REMOVE:9,8","server 0: - | server 1: - | server 2: 1,3,9 | server 3: 5 | server 4: - | server 5: - | server 6: - | server 7: 0,4,5,6,7,8,9 | server 8: - | server 9: -"
1079,1079,after_slot_decision,"ADD:1,7;ADD:3,5;ADD:6,1;ADD:7,8;ADD:7,9;ADD:9,3;REMOVE:3,2;REMOVE:5,3;REMOVE:5,7;REMOVE:6,7;REMOVE:7,7;REMOVE:9,7","server 0: - | server 1: 6 | server 2: 1,9 | server 3: 9 | server 4: - | server 5: 3 | server 6: - | server 7: 0,1,4,8 | server 8: 7 | server 9: 7"
1080,1080,after_slot_decision,"ADD:0,8;ADD:1,8;ADD:4,8;ADD:5,7;ADD:6,8;ADD:7,2;ADD:8,4;ADD:9,7;ADD:9,8;REMOVE:1,2;REMOVE:1,7;REMOVE:3,5;REMOVE:6,1;REMOVE:7,8;REMOVE:7,9;REMOVE:8,7;REMOVE:9,2;REMOVE:9,3","server 0: - | server 1: - | server 2: 7 | server 3: - | server 4: 8 | server 5: - | server 6: - | server 7: 0,4,5,9 | server 8: 0,1,4,6,9 | server 9: -"
1081,1081,after_slot_decision,"ADD:1,2;ADD:4,2;ADD:5,6;ADD:7,7;ADD:7,8;ADD:8,7;ADD:8,8;ADD:9,2;REMOVE:1,8;REMOVE:4,8;REMOVE:5,7;REMOVE:7,2;REMOVE:8,4;REMOVE:9,8","server 0: - | server 1: - | server 2: 1,4,9 | server 3: - | server 4: - | server 5: - | server 6: 5 | server 7: 0,4,7,8,9 | server 8: 0,6,7,8 | server 9: -"
1082,1082,after_slot_decision,"ADD:0,3;ADD:0,5;ADD:1,7;ADD:2,7;ADD:4,8;ADD:5,7;ADD:5,8;REMOVE:0,7;REMOVE:0,8;REMOVE:1,2;REMOVE:4,2;REMOVE:4,7;REMOVE:5,6;REMOVE:7,8;REMOVE:8,8","server 0: - | server 1: - | server 2: 9 | server 3: 0 | server 4: - | server 5: 0 | server 6: - | server 7: 1,2,5,7,8,9 | server 8: 4,5,6 | server 9: -"
1083,1083,after_slot_decision,"ADD:0,7;ADD:4,7;ADD:7,3;ADD:8,2;REMOVE:0,3;REMOVE:0,5;REMOVE:2,7;REMOVE:4,8;REMOVE:6,8","server 0: - | server 1: - | server 2: 8,9 | server 3: 7 | server 4: - | server 5: - | server 6: - | server 7: 0,1,4,5,7,8,9 | server 8: 5 | server 9: -"
1084,1084,after_slot_decision,"ADD:0,2;ADD:0,3;ADD:1,8;ADD:3,2;ADD:3,8;ADD:4,8;ADD:6,7;ADD:8,8;ADD:9,8;REMOVE:0,7;REMOVE:4,7;REMOVE:5,7;REMOVE:7,3;REMOVE:7,7;REMOVE:8,7;REMOVE:9,2","server 0: - | server 1: - | server 2: 0,3,8 | server 3: 0 | server 4: - | server 5: - | server 6: - | server 7: 1,6,9 | server 8: 1,3,4,5,8,9 | server 9: -"
1085,1085,after_slot_decision,"ADD:0,7;ADD:1,4;ADD:2,2;ADD:3,7;ADD:6,0;ADD:7,6;REMOVE:0,2;REMOVE:0,3;REMOVE:1,7;REMOVE:1,8;REMOVE:3,2;REMOVE:3,8;REMOVE:6,7;REMOVE:8,8;REMOVE:9,8","server 0: 6 | server 1: - | server 2: 2,8 | server 3: - | server 4: 1 | server 5: - | server 6: 7 | server 7: 0,3,9 | server 8: 4,5 | server 9: -"
1086,1086,after_slot_decision,"ADD:0,8;ADD:1,7;ADD:1,8;ADD:2,7;ADD:3,4;ADD:5,4;ADD:6,9;ADD:8,7;ADD:9,8;REMOVE:0,7;REMOVE:1,4;REMOVE:2,2;REMOVE:3,7;REMOVE:5,8;REMOVE:6,0;REMOVE:8,2","server 0: - | server 1: - | server 2: - | server 3: - | server 4: 3,5 | server 5: - | server 6: 7 | server 7: 1,2,8,9 | server 8: 0,1,4,9 | server 9: 6"
1087,1087,after_slot_decision,"ADD:0,2;ADD:4,7;ADD:5,6;ADD:6,2;ADD:7,2;ADD:8,9;REMOVE:0,8;REMOVE:1,8;REMOVE:2,7;REMOVE:3,4;REMOVE:5,4;REMOVE:6,9;REMOVE:7,6;REMOVE:8,7;REMOVE:9,8","server 0: - | server 1: - | server 2: 0,6,7 | server 3: - | server 4: - | server 5: - | server 6: 5 | server 7: 1,4,9 | server 8: 4 | server 9: 8"
1088,1088,after_slot_decision,"ADD:0,7;ADD:2,2;ADD:3,7;ADD:5,9;ADD:6,8;ADD:7,1;ADD:8,7;ADD:9,2;REMOVE:4,8;REMOVE:5,6;REMOVE:6,2;REMOVE:7,2;REMOVE:8,9","server 0: - | server 1: 7 | server 2: 0,2,9 | server 3: - | server 4: - | server 5: - | server 6: - | server 7: 0,1,3,4,8,9 | server 8: 6 | server 9: 5"
1089,1089,after_slot_decision,"ADD:0,8;ADD:1,2;ADD:3,8;ADD:4,2;ADD:5,7;ADD:7,7;REMOVE:0,2;REMOVE:1,7;REMOVE:2,2;REMOVE:3,7;REMOVE:4,7;REMOVE:5,9;REMOVE:7,1","server 0: - | server 1: - | server 2: 1,4,9 | server 3: - | server 4: - | server 5: - | server 6: - | server 7: 0,5,7,8,9 | server 8: 0,3,6 | server 9: -"
1090,1090,after_slot_decision,"ADD:1,7;ADD:2,2;ADD:3,3;ADD:3,7;ADD:4,7;ADD:5,2;ADD:5,9;ADD:6,2;ADD:7,8;ADD:8,3;REMOVE:0,8;REMOVE:1,2;REMOVE:3,8;REMOVE:4,2;REMOVE:5,7;REMOVE:6,8;REMOVE:7,7","server 0: - | server 1: - | server 2: 2,5,6,9 | server 3: 3,8 | server 4: - | server 5: - | server 6: - | server 7: 0,1,3,4,8,9 | server 8: 7 | server 9: 5"
1091,1091,after_slot_decision,"ADD:2,4;ADD:4,2;ADD:4,8;ADD:5,7;ADD:6,7;ADD:7,7;ADD:8,8;REMOVE:2,2;REMOVE:3,3;REMOVE:3,7;REMOVE:4,7;REMOVE:5,2;REMOVE:5,9;REMOVE:6,2;REMOVE:7,8;REMOVE:8,3;REMOVE:8,7","server 0: - | server 1: - | server 2: 4,9 | server 3: - | server 4: 2 | server 5: - | server 6: - | server 7: 0,1,5,6,7,9 | server 8: 4,8 | server 9: -"
1092,1092,after_slot_decision,"ADD:0,8;ADD:6,9;ADD:8,7;REMOVE:2,4;REMOVE:4,8;REMOVE:6,7;REMOVE:8,8;REMOVE:9,2","server 0: - | server 1: - | server 2: 4 | server 3: - | server 4: - | server 5: - | server 6: - | server 7: 0,1,5,7,8,9 | server 8: 0 | server 9: 6"
1093,1093,after_slot_decision,"ADD:1,2;ADD:4,8;ADD:5,8;ADD:6,8;ADD:8,8;ADD:9,2;REMOVE:0,8;REMOVE:1,7;REMOVE:4,2;REMOVE:5,7;REMOVE:6,9","server 0: - | server 1: - | server 2: 1,9 | server 3: - | server 4: - | server 5: - | server 6: - | server 7: 0,7,8,9 | server 8: 4,5,6,8 | server 9: -"
1094,1094,after_slot_decision,"ADD:0,8;ADD:1,8;ADD:2,9;ADD:4,7;ADD:5,2;ADD:8,0;REMOVE:1,2;REMOVE:4,8;REMOVE:5,8;REMOVE:8,7;REMOVE:8,8","server 0: 8 | server 1: - | server 2: 5,9 | server 3: - | server 4: - | server 5: - | server 6: - | server 7: 0,4,7,9 | server 8: 0,1,6 | server 9: 2"
1095,1095,after_slot_decision,"ADD:1,7;ADD:2,1;ADD:5,7;ADD:6,7;ADD:7,2;ADD:8,2;ADD:8,7;REMOVE:0,8;REMOVE:1,8;REMOVE:2,9;REMOVE:5,2;REMOVE:6,8;REMOVE:8,0","server 0: - | server 1: 2 | server 2: 7,8,9 | server 3: - | server 4: - | server 5: - | server 6: - | server 7: 0,1,4,5,6,7,8,9 | server 8: - | server 9: -"
1096,1096,after_slot_decision,"ADD:0,8;ADD:1,9;ADD:3,7;ADD:3,8;ADD:4,2;ADD:6,3;REMOVE:0,7;REMOVE:1,7;REMOVE:7,2","server 0: - | server 1: 2 | server 2: 4,8,9 | server 3: 6 | server 4: - | server 5: - | server 6: - | server 7: 3,4,5,6,7,8,9 | server 8: 0,3 | server 9: 1"
1097,1097,after_slot_decision,"ADD:0,2;ADD:0,7;ADD:1,7;ADD:5,2;ADD:7,2;REMOVE:0,8;REMOVE:1,9;REMOVE:3,8;REMOVE:4,2;REMOVE:6,7","server 0: - | server 1: 2 | server 2: 0,5,7,8,9 | server 3: 6 | server 4: - | server 5: - | server 6: - | server 7: 0,1,3,4,5,7,8,9 | server 8: - | server 9: -"
1098,1098,after_slot_decision,"ADD:1,2;ADD:2,8;ADD:4,6;ADD:4,8;ADD:5,8;ADD:6,5;REMOVE:0,7;REMOVE:2,1;REMOVE:4,7;REMOVE:5,2;REMOVE:6,3;REMOVE:7,2","server 0: - | server 1: - | server 2: 0,1,8,9 | server 3: - | server 4: - | server 5: 6 | server 6: 4 | server 7: 1,3,5,7,8,9 | server 8: 2,4,5 | server 9: -"
1099,1099,after_slot_decision,"ADD:0,7;ADD:0,8;ADD:2,4;ADD:3,8;ADD:4,2;ADD:4,9;ADD:5,2;ADD:6,7;REMOVE:0,2;REMOVE:1,7;REMOVE:2,8;REMOVE:3,7;REMOVE:4,6;REMOVE:4,8;REMOVE:5,7;REMOVE:5,8;REMOVE:6,5","server 0: - | server 1: - | server 2: 1,4,5,8,9 | server 3: - | server 4: 2 | server 5: - | server 6: - | server 7: 0,6,7,8,9 | server 8: 0,3 | server 9: 4"
1100,1100,after_slot_decision,"ADD:0,2;ADD:1,7;ADD:1,8;ADD:2,7;ADD:2,8;ADD:3,3;ADD:3,7;ADD:4,7;ADD:5,8;ADD:6,5;REMOVE:0,7;REMOVE:1,2;REMOVE:2,4;REMOVE:3,8;REMOVE:4,2;REMOVE:4,9;REMOVE:5,2;REMOVE:6,7;REMOVE:8,2","server 0: - | server 1: - | server 2: 0,9 | server 3: 3 | server 4: - | server 5: 6 | server 6: - | server 7: 1,2,3,4,7,8,9 | server 8: 0,1,2,5 | server 9: -"
1101,1101,after_slot_decision,"ADD:1,2;ADD:2,2;ADD:5,7;ADD:6,7;ADD:9,8;REMOVE:1,8;REMOVE:2,7;REMOVE:2,8;REMOVE:3,3;REMOVE:5,8;REMOVE:6,5;REMOVE:9,2","server 0: - | server 1: - | server 2: 0,1,2 | server 3: - | server 4: - | server 5: - | server 6: - | server 7: 1,3,4,5,6,7,8,9 | server 8: 0,9 | server 9: -"
1102,1102,after_slot_decision,"ADD:0,7;ADD:1,8;ADD:2,7;ADD:3,2;ADD:3,9;ADD:4,8;ADD:5,8;ADD:6,2;ADD:6,8;ADD:7,2;ADD:8,2;ADD:9,2;REMOVE:0,8;REMOVE:1,2;REMOVE:1,7;REMOVE:2,2;REMOVE:3,7;REMOVE:6,7;REMOVE:9,8","server 0: - | server 1: - | server 2: 0,3,6,7,8,9 | server 3: - | server 4: - | server 5: - | server 6: - | server 7: 0,2,4,5,7,8,9 | server 8: 1,4,5,6 | server 9: 3"
1103,1103,after_slot_decision,"ADD:0,8;ADD:6,7;ADD:8,8;REMOVE:0,2;REMOVE:3,2;REMOVE:3,9;REMOVE:4,8;REMOVE:5,8;REMOVE:6,2;REMOVE:6,8;REMOVE:8,2","server 0: - | server 1: - | server 2: 7,9 | server 3: - | server 4: - | server 5: - | server 6: - | server 7: 0,2,4,5,6,7,8,9 | server 8: 0,1,8 | server 9: -"
1104,1104,after_slot_decision,"ADD:1,2;ADD:1,9;ADD:4,8;ADD:5,8;ADD:7,8;REMOVE:0,8;REMOVE:1,8;REMOVE:4,7;REMOVE:5,7;REMOVE:7,2;REMOVE:7,7;REMOVE:8,8","server 0: - | server 1: - | server 2: 1,9 | server 3: - | server 4: - | server 5: - | server 6: - | server 7: 0,2,6,8,9 | server 8: 4,5,7 | server 9: 1"
1105,1105,after_slot_decision,"ADD:0,2;ADD:3,7;ADD:4,7;ADD:5,3;ADD:8,2;REMOVE:0,7;REMOVE:1,9;REMOVE:4,8;REMOVE:5,8","server 0: - | server 1: - | server 2: 0,1,8,9 | server 3: 5 | server 4: - | server 5: - | server 6: - | server 7: 2,3,4,6,8,9 | server 8: 7 | server 9: -"
1106,1106,after_slot_decision,"ADD:0,7;ADD:1,7;ADD:2,2;ADD:3,2;ADD:4,2;ADD:5,2;ADD:5,7;ADD:6,8;ADD:7,2;ADD:7,7;REMOVE:5,3;REMOVE:7,8","server 0: - | server 1: - | server 2: 0,1,2,3,4,5,7,8,9 | server 3: - | server 4: - | server 5: - | server 6: - | server 7: 0,1,2,3,4,5,6,7,8,9 | server 8: 6 | server 9: -"
1107,1107,after_slot_decision,"ADD:5,8;REMOVE:0,2;REMOVE:1,2;REMOVE:2,2;REMOVE:4,2;REMOVE:5,2;REMOVE:7,2","server 0: - | server 1: - | server 2: 3,8,9 | server 3: - | server 4: - | server 5: - | server 6: - | server 7: 0,1,2,3,4,5,6,7,8,9 | server 8: 5,6 | server 9: -"
1108,1108,after_slot_decision,"ADD:2,2;ADD:3,1;ADD:4,9;ADD:6,2;ADD:7,8;REMOVE:2,7;REMOVE:3,2;REMOVE:3,7;REMOVE:4,7;REMOVE:5,7;REMOVE:6,7;REMOVE:6,8;REMOVE:7,7;REMOVE:8,2;REMOVE:8,7;REMOVE:9,2","server 0: - | server 1: 3 | server 2: 2,6 | server 3: - | server 4: - | server 5: - | server 6: - | server 7: 0,1,9 | server 8: 5,7 | server 9: 4"
1109,1109,after_slot_decision,"ADD:0,8;ADD:1,8;ADD:2,9;ADD:3,7;ADD:4,2;ADD:5,4;ADD:6,9;ADD:7,7;ADD:8,8;ADD:9,2;ADD:9,8;REMOVE:0,7;REMOVE:1,7;REMOVE:2,2;REMOVE:3,1;REMOVE:4,9;REMOVE:5,8;REMOVE:6,2;REMOVE:7,8;REMOVE:9,7","server 0: - | server 1: - | server 2: 4,9 | server 3: - | server 4: 5 | server 5: - | server 6: - | server 7: 3,7 | server 8: 0,1,8,9 | server 9: 2,6"
1110,1110,after_slot_decision,"ADD:0,7;ADD:1,7;ADD:2,4;ADD:3,2;ADD:4,8;ADD:5,7;ADD:6,7;ADD:7,8;ADD:9,7;REMOVE:0,8;REMOVE:2,9;REMOVE:4,2;REMOVE:5,4;REMOVE:6,9;REMOVE:9,2","server 0: - | server 1: - | server 2: 3 | server 3: - | server 4: 2 | server 5: - | server 6: - | server 7: 0,1,3,5,6,7,9 | server 8: 1,4,7,8,9 | server 9: -"
1111,1111,after_slot_decision,"ADD:1,2;ADD:2,2;ADD:3,8;ADD:4,7;ADD:5,2;ADD:6,2;ADD:8,2;ADD:8,7;REMOVE:1,8;REMOVE:2,4;REMOVE:3,2;REMOVE:3,7;REMOVE:4,8;REMOVE:5,7;REMOVE:7,8;REMOVE:8,8","server 0: - | server 1: - | server 2: 1,2,5,6,8 | server 3: - | server 4: - | server 5: - | server 6: - | server 7: 0,1,4,6,7,8,9 | server 8: 3,9 | server 9: -"
1112,1112,after_slot_decision,"ADD:1,8;ADD:2,7;ADD:4,2;ADD:5,7;ADD:8,8;REMOVE:1,2;REMOVE:1,7;REMOVE:2,2;REMOVE:3,8;REMOVE:5,2;REMOVE:6,2;REMOVE:8,2;REMOVE:9,8","server 0: - | server 1: - | server 2: 4 | server 3: - | server 4: - | server 5: - | server 6: - | server 7: 0,2,4,5,6,7,8,9 | server 8: 1,8 | server 9: -"
1113,1113,after_slot_decision,"ADD:0,8;ADD:1,7;ADD:3,8;ADD:5,8;ADD:5,9;ADD:9,2;REMOVE:2,7;REMOVE:5,7","server 0: - | server 1: - | server 2: 4,9 | server 3: - | server 4: - | server 5: - | server 6: - | server 7: 0,1,4,6,7,8,9 | server 8: 0,1,3,5,8 | server 9: 5"
1114,1114,after_slot_decision,"ADD:0,2;ADD:2,7;ADD:3,7;ADD:5,3;ADD:5,7;ADD:8,2;REMOVE:0,7;REMOVE:0,8;REMOVE:1,8;REMOVE:3,8;REMOVE:5,8;REMOVE:5,9;REMOVE:8,8","server 0: - | server 1: - | server 2: 0,4,8,9 | server 3: 5 | server 4: - | server 5: - | server 6: - | server 7: 1,2,3,4,5,6,7,8,9 | server 8: - | server 9: -"
1115,1115,after_slot_decision,"ADD:0,7;ADD:1,8;ADD:2,2;ADD:3,2;ADD:6,8;ADD:7,2;ADD:8,8;REMOVE:0,2;REMOVE:2,7;REMOVE:4,2;REMOVE:5,3;REMOVE:7,7;REMOVE:8,2","server 0: - | server 1: - | server 2: 2,3,7,9 | server 3: - | server 4: - | server 5: - | server 6: - | server 7: 0,1,3,4,5,6,8,9 | server 8: 1,6,8 | server 9: -"
1116,1116,after_slot_decision,"ADD:0,2;ADD:0,8;ADD:1,2;ADD:2,7;ADD:4,4;ADD:7,7;ADD:8,2;REMOVE:0,7;REMOVE:1,7;REMOVE:2,2;REMOVE:3,2;REMOVE:4,7;REMOVE:6,8;REMOVE:7,2;REMOVE:8,8","server 0: - | server 1: - | server 2: 0,1,8,9 | server 3: - | server 4: 4 | server 5: - | server 6: - | server 7: 2,3,5,6,7,8,9 | server 8: 0,1 | server 9: -"
1117,1117,after_slot_decision,"ADD:2,9;ADD:4,7;ADD:5,8;ADD:6,8;ADD:7,8;REMOVE:0,8;REMOVE:2,7;REMOVE:4,4;REMOVE:6,7;REMOVE:7,7;REMOVE:8,2;REMOVE:9,2","server 0: - | server 1: - | server 2: 0,1 | server 3: - | server 4: - | server 5: - | server 6: - | server 7: 3,4,5,8,9 | server 8: 1,5,6,7 | server 9: 2"
1118,1118,after_slot_decision,"ADD:0,7;ADD:2,7;ADD:4,8;ADD:6,7;ADD:7,7;ADD:9,2;REMOVE:0,2;REMOVE:2,9;REMOVE:5,8","server 0: - | server 1: - | server 2: 1,9 | server 3: - | server 4: - | server 5: - | server 6: - | server 7: 0,2,3,4,5,6,7,8,9 | server 8: 1,4,6,7 | server 9: -"
1119,1119,after_slot_decision,"ADD:0,2;ADD:1,7;ADD:8,8;ADD:9,8;REMOVE:1,2;REMOVE:1,8;REMOVE:4,8;REMOVE:7,8;REMOVE:9,2","server 0: - | server 1: - | server 2: 0 | server 3: - | server 4: - | server 5: - | server 6: - | server 7: 0,1,2,3,4,5,6,7,8,9 | server 8: 6,8,9 | server 9: -"
1120,1120,after_slot_decision,"ADD:0,3;ADD:2,8;ADD:3,3;ADD:4,8;ADD:7,2;ADD:9,2;REMOVE:0,2;REMOVE:2,7;REMOVE:6,7;REMOVE:7,7;REMOVE:8,8;REMOVE:9,8","server 0: - | server 1: - | server 2: 7,9 | server 3: 0,3 | server 4: - | server 5: - | server 6: - | server 7: 0,1,3,4,5,8,9 | server 8: 2,4,6 | server 9: -"
1121,1121,after_slot_decision,"ADD:0,8;ADD:1,2;ADD:3,8;ADD:7,7;REMOVE:0,3;REMOVE:3,3;REMOVE:3,7;REMOVE:7,2;REMOVE:9,2","server 0: - | server 1: - | server 2: 1 | server 3: - | server 4: - | server 5: - | server 6: - | server 7: 0,1,4,5,7,8,9 | server 8: 0,2,3,4,6 | server 9: -"
1122,1122,after_slot_decision,"ADD:2,2;ADD:3,7;ADD:4,2;ADD:5,8;ADD:6,7;ADD:9,8;REMOVE:1,2;REMOVE:2,8;REMOVE:4,7;REMOVE:5,7;REMOVE:6,8","server 0: - | server 1: - | server 2: 2,4 | server 3: - | server 4: - | server 5: - | server 6: - | server 7: 0,1,3,6,7,8,9 | server 8: 0,3,4,5,9 | server 9: -"
1123,1123,after_slot_decision,"ADD:1,2;ADD:3,2;ADD:4,7;ADD:5,5;ADD:7,2;ADD:8,2;ADD:8,8;ADD:9,2;REMOVE:2,2;REMOVE:3,7;REMOVE:4,2;REMOVE:4,8;REMOVE:6,7;REMOVE:7,7;REMOVE:8,7;REMOVE:9,8","server 0: - | server 1: - | server 2: 1,3,7,8,9 | server 3: - | server 4: - | server 5: 5 | server 6: - | server 7: 0,1,4,9 | server 8: 0,3,5,8 | server 9: -"
1124,1124,after_slot_decision,"ADD:1,8;ADD:2,3;ADD:4,8;ADD:5,9;ADD:6,7;REMOVE:1,2;REMOVE:1,7;REMOVE:3,2;REMOVE:4,7;REMOVE:5,5;REMOVE:5,8;REMOVE:8,2;REMOVE:8,8","server 0: - | server 1: - | server 2: 7,9 | server 3: 2 | server 4: - | server 5: - | server 6: - | server 7: 0,6,9 | server 8: 0,1,3,4 | server 9: 5"
1125,1125,after_slot_decision,"ADD:0,2;ADD:1,2;ADD:1,7;ADD:2,7;ADD:3,2;ADD:3,7;ADD:4,2;ADD:5,7;ADD:6,8;ADD:7,7;ADD:8,2;ADD:8,7;REMOVE:0,8;REMOVE:1,8;REMOVE:2,3;REMOVE:3,8;REMOVE:4,8;REMOVE:5,9;REMOVE:6,7","server 0: - | server 1: - | server 2: 0,1,3,4,7,8,9 | server 3: - | server 4: - | server 5: - | server 6: - | server 7: 0,1,2,3,5,7,8,9 | server 8: 6 | server 9: -"
1126,1126,after_slot_decision,"ADD:2,8;ADD:7,8;REMOVE:2,7;REMOVE:3,2;REMOVE:7,2;REMOVE:7,7","server 0: - | server 1: - | server 2: 0,1,4,8,9 | server 3: - | server 4: - | server 5: - | server 6: - | server 7: 0,1,3,5,8,9 | server 8: 2,6,7 | server 9: -"
1127,1127,after_slot_decision,"ADD:0,8;ADD:3,8;ADD:4,7;ADD:5,2;ADD:6,7;ADD:9,8;REMOVE:0,2;REMOVE:1,2;REMOVE:4,2;REMOVE:5,7;REMOVE:6,8;REMOVE:9,2","server 0: - | server 1: - | server 2: 5,8 | server 3: - | server 4: - | server 5: - | server 6: - | server 7: 0,1,3,4,6,8,9 | server 8: 0,2,3,7,9 | server 9: -"
1128,1128,after_slot_decision,"ADD:1,2;ADD:2,9;ADD:4,2;ADD:4,9;ADD:5,8;ADD:6,9;ADD:9,2;REMOVE:0,8;REMOVE:1,7;REMOVE:2,8;REMOVE:3,8;REMOVE:4,7;REMOVE:5,2;REMOVE:6,7;REMOVE:9,8","server 0: - | server 1: - | server 2: 1,4,8,9 | server 3: - | server 4: - | server 5: - | server 6: - | server 7: 0,3,8,9 | server 8: 5,7 | server 9: 2,4,6"
1129,1129,after_slot_decision,"ADD:1,7;ADD:2,7;ADD:3,2;ADD:4,3;ADD:5,7;ADD:6,2;ADD:9,8;REMOVE:1,2;REMOVE:2,9;REMOVE:4,2;REMOVE:4,9;REMOVE:6,9;REMOVE:8,2;REMOVE:9,2","server 0: - | server 1: - | server 2: 3,6 | server 3: 4 | server 4: - | server 5: - | server 6: - | server 7: 0,1,2,3,5,8,9 | server 8: 5,7,9 | server 9: -"
1130,1130,after_slot_decision,"ADD:0,2;ADD:2,2;ADD:4,5;ADD:7,5;ADD:8,2;ADD:8,8;ADD:9,2;REMOVE:0,7;REMOVE:2,7;REMOVE:3,2;REMOVE:4,3;REMOVE:5,8;REMOVE:6,2;REMOVE:7,8;REMOVE:8,7;REMOVE:9,8","server 0: - | server 1: - | server 2: 0,2,8,9 | server 3: - | server 4: - | server 5: 4,7 | server 6: - | server 7: 1,3,5,9 | server 8: 8 | server 9: -"
1131,1131,after_slot_decision,"ADD:0,7;ADD:1,2;ADD:2,7;ADD:3,1;ADD:3,3;ADD:4,7;ADD:5,2;ADD:6,8;ADD:7,7;ADD:8,3;REMOVE:0,2;REMOVE:2,2;REMOVE:3,7;REMOVE:4,5;REMOVE:5,7;REMOVE:7,5;REMOVE:8,2;REMOVE:8,8;REMOVE:9,2","server 0: - | server 1: 3 | server 2: 1,5 | server 3: 3,8 | server 4: - | server 5: - | server 6: - | server 7: 0,1,2,4,7,9 | server 8: 6 | server 9: -"
1132,1132,after_slot_decision,"ADD:3,2;ADD:5,6;ADD:5,8;ADD:6,2;ADD:8,7;ADD:9,2;REMOVE:1,2;REMOVE:3,1;REMOVE:3,3;REMOVE:5,2;REMOVE:8,3","server 0: - | server 1: - | server 2: 3,6,9 | server 3: - | server 4: - | server 5: - | server 6: 5 | server 7: 0,1,2,4,7,8,9 | server 8: 5,6 | server 9: -"
1133,1133,after_slot_decision,"ADD:0,2;ADD:3,7;ADD:4,8;ADD:5,4;ADD:6,7;ADD:7,3;ADD:8,2;ADD:9,8;REMOVE:3,2;REMOVE:4,7;REMOVE:5,6;REMOVE:5,8;REMOVE:6,2;REMOVE:6,8;REMOVE:9,2","server 0: - | server 1: - | server 2: 0,8 | server 3: 7 | server 4: 5 | server 5: - | server 6: - | server 7: 0,1,2,3,6,7,8,9 | server 8: 4,9 | server 9: -"
1134,1134,after_slot_decision,"ADD:0,3;ADD:1,3;ADD:2,9;ADD:3,2;ADD:4,7;ADD:5,8;ADD:6,2;ADD:8,8;ADD:9,2;REMOVE:0,2;REMOVE:1,7;REMOVE:2,7;REMOVE:3,7;REMOVE:4,8;REMOVE:5,4;REMOVE:6,7;REMOVE:8,2;REMOVE:9,8","server 0: - | server 1: - | server 2: 3,6,9 | server 3: 0,1,7 | server 4: - | server 5: - | server 6: - | server 7: 0,4,7,8,9 | server 8: 5,8 | server 9: 2"
1135,1135,after_slot_decision,"ADD:0,2;ADD:1,2;ADD:1,7;ADD:2,7;ADD:3,7;ADD:4,8;ADD:5,7;ADD:6,9;ADD:7,2;ADD:7,8;ADD:9,8;REMOVE:0,3;REMOVE:0,7;REMOVE:1,3;REMOVE:2,9;REMOVE:4,7;REMOVE:6,2;REMOVE:7,3;REMOVE:7,7;REMOVE:9,2","server 0: - | server 1: - | server 2: 0,1,3,7 | server 3: - | server 4: - | server 5: - | server 6: - | server 7: 1,2,3,5,8,9 | server 8: 4,5,7,8,9 | server 9: 6"
1136,1136,after_slot_decision,"ADD:0,7;ADD:1,8;ADD:3,8;ADD:4,7;ADD:5,3;ADD:6,7;ADD:7,7;REMOVE:0,2;REMOVE:1,7;REMOVE:3,7;REMOVE:4,8;REMOVE:5,7;REMOVE:5,8;REMOVE:6,9;REMOVE:7,8","server 0: - | server 1: - | server 2: 1,3,7 | server 3: 5 | server 4: - | server 5: - | server 6: - | server 7: 0,2,4,6,7,8,9 | server 8: 1,3,8,9 | server 9: -"
1137,1137,after_slot_decision,"ADD:0,5;ADD:1,7;ADD:2,2;ADD:3,7;ADD:5,8;ADD:7,8;ADD:7,9;REMOVE:0,7;REMOVE:1,2;REMOVE:1,8;REMOVE:2,7;REMOVE:3,2;REMOVE:5,3;REMOVE:7,2;REMOVE:7,7;REMOVE:8,8;REMOVE:9,8","server 0: - | server 1: - | server 2: 2 | server 3: - | server 4: - | server 5: 0 | server 6: - | server 7: 1,3,4,6,8,9 | server 8: 3,5,7 | server 9: 7"
1138,1138,after_slot_decision,"ADD:0,7;ADD:1,8;ADD:2,7;ADD:2,8;ADD:5,1;ADD:9,2;REMOVE:0,5;REMOVE:2,2;REMOVE:3,8;REMOVE:5,8;REMOVE:7,9","server 0: - | server 1: 5 | server 2: 9 | server 3: - | server 4: - | server 5: - | server 6: - | server 7: 0,1,2,3,4,6,8,9 | server 8: 1,2,7 | server 9: -"
1139,1139,after_slot_decision,"ADD:0,2;ADD:1,2;ADD:3,2;ADD:5,7;ADD:6,5;ADD:6,8;ADD:7,2;ADD:8,3;REMOVE:0,7;REMOVE:1,8;REMOVE:2,7;REMOVE:3,7;REMOVE:5,1;REMOVE:6,7;REMOVE:7,8;REMOVE:8,7","server 0: - | server 1: - | server 2: 0,1,3,7,9 | server 3: 8 | server 4: - | server 5: 6 | server 6: - | server 7: 1,4,5,9 | server 8: 2,6 | server 9: -"
1140,1140,after_slot_decision,"ADD:0,7;ADD:2,2;ADD:3,7;ADD:3,8;ADD:4,3;ADD:5,1;ADD:6,7;ADD:7,7;ADD:8,7;REMOVE:1,2;REMOVE:2,8;REMOVE:3,2;REMOVE:5,7;REMOVE:6,5;REMOVE:6,8;REMOVE:7,2;REMOVE:8,3","server 0: - | server 1: 5 | server 2: 0,2,9 | server 3: 4 | server 4: - | server 5: - | server 6: - | server 7: 0,1,3,4,6,7,8,9 | server 8: 3 | server 9: -"
1141,1141,after_slot_decision,"ADD:1,2;ADD:2,8;ADD:3,2;ADD:4,2;ADD:5,2;ADD:5,7;ADD:7,8;ADD:8,2;REMOVE:2,2;REMOVE:3,8;REMOVE:4,3;REMOVE:5,1;REMOVE:7,7","server 0: - | server 1: - | server 2: 0,1,3,4,5,8,9 | server 3: - | server 4: - | server 5: - | server 6: - | server 7: 0,1,3,4,5,6,8,9 | server 8: 2,7 | server 9: -"
1142,1142,after_slot_decision,"ADD:1,8;ADD:6,2;ADD:7,7;REMOVE:0,2;REMOVE:1,2;REMOVE:1,7;REMOVE:4,7;REMOVE:5,2;REMOVE:6,7;REMOVE:7,8;REMOVE:8,2","server 0: - | server 1: - | server 2: 3,4,6,9 | server 3: - | server 4: - | server 5: - | server 6: - | server 7: 0,3,5,7,8,9 | server 8: 1,2 | server 9: -"
1143,1143,after_slot_decision,"ADD:0,9;ADD:1,7;ADD:2,7;ADD:4,7;ADD:6,7;ADD:8,2;ADD:9,8;REMOVE:0,7;REMOVE:1,8;REMOVE:2,8;REMOVE:4,2;REMOVE:6,2;REMOVE:8,7;REMOVE:9,2","server 0: - | server 1: - | server 2: 3,8 | server 3: - | server 4: - | server 5: - | server 6: - | server 7: 1,2,3,4,5,6,7,9 | server 8: 9 | server 9: 0"
1144,1144,after_slot_decision,"ADD:0,7;ADD:1,4;ADD:3,8;ADD:4,8;ADD:5,8;ADD:7,8;ADD:8,8;REMOVE:0,9;REMOVE:1,7;REMOVE:3,2;REMOVE:3,7;REMOVE:4,7;REMOVE:5,7;REMOVE:8,2","server 0: - | server 1: - | server 2: - | server 3: - | server 4: 1 | server 5: - | server 6: - | server 7: 0,2,6,7,9 | server 8: 3,4,5,7,8,9 | server 9: -"
1145,1145,after_slot_decision,"ADD:0,2;ADD:0,8;ADD:1,7;ADD:2,8;ADD:3,2;ADD:4,2;ADD:4,7;ADD:5,7;ADD:6,8;ADD:8,2;ADD:8,7;ADD:9,2;REMOVE:0,7;REMOVE:1,4;REMOVE:2,7;REMOVE:3,8;REMOVE:4,8;REMOVE:5,8;REMOVE:6,7;REMOVE:7,8;REMOVE:8,8;REMOVE:9,8","server 0: - | server 1: - | server 2: 0,3,4,8,9 | server 3: - | server 4: - | server 5: - | server 6: - | server 7: 1,4,5,7,8,9 | server 8: 0,2,6 | server 9: -"
1146,1146,after_slot_decision,"ADD:0,7;ADD:1,8;ADD:2,2;ADD:3,5;ADD:6,7;ADD:8,8;ADD:9,8;REMOVE:0,2;REMOVE:0,8;REMOVE:2,8;REMOVE:3,2;REMOVE:6,8;REMOVE:8,2;REMOVE:9,2","server 0: - | server 1: - | server 2: 2,4 | server 3: - | server 4: - | server 5: 3 | server 6: - | server 7: 0,1,4,5,6,7,8,9 | server 8: 1,8,9 | server 9: -"
1147,1147,after_slot_decision,"ADD:0,2;ADD:0,8;ADD:2,3;ADD:2,7;ADD:3,7;ADD:5,2;ADD:6,8;ADD:7,8;REMOVE:0,7;REMOVE:1,8;REMOVE:2,2;REMOVE:3,5;REMOVE:4,7;REMOVE:6,7;REMOVE:8,8;REMOVE:9,8","server 0: - | server 1: - | server 2: 0,4,5 | server 3: 2 | server 4: - | server 5: - | server 6: - | server 7: 1,2,3,5,7,8,9 | server 8: 0,6,7 | server 9: -"
1148,1148,after_slot_decision,"ADD:0,7;ADD:1,2;ADD:2,9;ADD:3,2;ADD:3,9;ADD:4,7;ADD:4,8;ADD:6,7;ADD:7,3;ADD:8,2;ADD:9,8;REMOVE:0,2;REMOVE:0,8;REMOVE:2,3;REMOVE:2,7;REMOVE:3,7;REMOVE:4,2;REMOVE:5,2;REMOVE:6,8;REMOVE:7,8;REMOVE:8,7","server 0: - | server 1: - | server 2: 1,3,8 | server 3: 7 | server 4: - | server 5: - | server 6: - | server 7: 0,1,4,5,6,7,9 | server 8: 4,9 | server 9: 2,3"
1149,1149,after_slot_decision,"ADD:2,7;ADD:3,7;ADD:8,7;REMOVE:1,2;REMOVE:2,9;REMOVE:3,9;REMOVE:4,8;REMOVE:7,3","server 0: - | server 1: - | server 2: 3,8 | server 3: - | server 4: - | server 5: - | server 6: - | server 7: 0,1,2,3,4,5,6,7,8,9 | server 8: 9 | server 9: -"
1150,1150,after_slot_decision,"ADD:0,8;ADD:1,6;ADD:1,8;ADD:5,4;ADD:7,8;REMOVE:0,7;REMOVE:1,7;REMOVE:3,2;REMOVE:5,7;REMOVE:7,7","server 0: - | server 1: - | server 2: 8 | server 3: - | server 4: 5 | server 5: - | server 6: 1 | server 7: 2,3,4,6,8,9 | server 8: 0,1,7,9 | server 9: -"
1151,1151,after_slot_decision,"ADD:0,7;ADD:1,2;ADD:2,4;ADD:3,5;ADD:4,3;ADD:5,7;ADD:7,6;REMOVE:0,8;REMOVE:1,6;REMOVE:1,8;REMOVE:2,7;REMOVE:5,4;REMOVE:8,2;REMOVE:9,8","server 0: - | server 1: - | server 2: 1 | server 3: 4 | server 4: 2 | server 5: 3 | server 6: 7 | server 7: 0,3,4,5,6,8,9 | server 8: 7 | server 9: -"
1152,1152,after_slot_decision,"ADD:0,8;ADD:1,8;ADD:2,8;ADD:5,8;ADD:6,2;ADD:7,7;ADD:8,2;REMOVE:1,2;REMOVE:2,4;REMOVE:3,5;REMOVE:3,7;REMOVE:4,3;REMOVE:5,7;REMOVE:6,7;REMOVE:7,6;REMOVE:7,8","server 0: - | server 1: - | server 2: 6,8 | server 3: - | server 4: - | server 5: - | server 6: - | server 7: 0,4,7,8,9 | server 8: 0,1,2,5 | server 9: -"
1153,1153,after_slot_decision,"ADD:1,2;ADD:1,7;ADD:2,2;ADD:3,7;ADD:4,2;ADD:5,7;ADD:6,7;ADD:7,2;ADD:8,8;ADD:9,2;REMOVE:0,8;REMOVE:1,8;REMOVE:2,8;REMOVE:4,7;REMOVE:5,8;REMOVE:6,2;REMOVE:8,2","server 0: - | server 1: - | server 2: 1,2,4,7,9 | server 3: - | server 4: - | server 5: - | server 6: - | server 7: 0,1,3,5,6,7,8,9 | server 8: 8 | server 9: -"
1154,1154,after_slot_decision,"ADD:0,2;ADD:0,3;ADD:2,9;ADD:3,8;ADD:5,3;ADD:6,8;REMOVE:0,7;REMOVE:1,2;REMOVE:2,2;REMOVE:3,7;REMOVE:4,2;REMOVE:6,7;REMOVE:7,2","server 0: - | server 1: - | server 2: 0,9 | server 3: 0,5 | server 4: - | server 5: - | server 6: - | server 7: 1,5,7,8,9 | server 8: 3,6,8 | server 9: 2"
1155,1155,after_slot_decision,"ADD:0,8;ADD:1,3;ADD:2,2;ADD:2,7;ADD:3,7;ADD:5,4;REMOVE:0,2;REMOVE:0,3;REMOVE:2,9;REMOVE:3,8;REMOVE:5,3;REMOVE:5,7;REMOVE:8,8","server 0: - | server 1: - | server 2: 2,9 | server 3: 1 | server 4: 5 | server 5: - | server 6: - | server 7: 1,2,3,7,8,9 | server 8: 0,6 | server 9: -"
1156,1156,after_slot_decision,"ADD:0,7;ADD:1,8;ADD:5,9;ADD:6,7;ADD:9,3;REMOVE:0,8;REMOVE:1,3;REMOVE:5,4;REMOVE:6,8;REMOVE:9,2","server 0: - | server 1: - | server 2: 2 | server 3: 9 | server 4: - | server 5: - | server 6: - | server 7: 0,1,2,3,6,7,8,9 | server 8: 1 | server 9: 5"
1157,1157,after_slot_decision,"ADD:0,2;ADD:1,3;ADD:3,2;ADD:3,9;ADD:5,7;ADD:6,5;ADD:7,6;ADD:8,8;REMOVE:0,7;REMOVE:1,8;REMOVE:3,7;REMOVE:5,9;REMOVE:6,7;REMOVE:7,7;REMOVE:9,3","server 0: - | server 1: - | server 2: 0,2,3 | server 3: 1 | server 4: - | server 5: 6 | server 6: 7 | server 7: 1,2,5,8,9 | server 8: 8 | server 9: 3"
1158,1158,after_slot_decision,"ADD:0,8;ADD:1,2;ADD:3,7;ADD:3,8;ADD:4,7;ADD:6,7;ADD:7,8;ADD:8,9;REMOVE:0,2;REMOVE:1,3;REMOVE:1,7;REMOVE:2,2;REMOVE:3,2;REMOVE:3,9;REMOVE:6,5;REMOVE:7,6;REMOVE:8,7;REMOVE:8,8","server 0: - | server 1: - | server 2: 1 | server 3: - | server 4: - | server 5: - | server 6: - | server 7: 2,3,4,5,6,9 | server 8: 0,3,7 | server 9: 8"
1159,1159,after_slot_decision,"ADD:0,6;ADD:1,7;ADD:2,8;ADD:2,9;ADD:3,6;ADD:4,8;ADD:6,8;ADD:7,2;ADD:8,7;ADD:8,8;ADD:9,8;REMOVE:0,8;REMOVE:1,2;REMOVE:2,7;REMOVE:3,7;REMOVE:3,8;REMOVE:4,7;REMOVE:6,7;REMOVE:7,8;REMOVE:8,9","server 0: - | server 1: - | server 2: 7 | server 3: - | server 4: - | server 5: - | server 6: 0,3 | server 7: 1,5,8,9 | server 8: 2,4,6,8,9 | server 9: 2"
1160,1160,after_slot_decision,"ADD:0,2;ADD:0,7;ADD:2,7;ADD:3,7;ADD:5,8;ADD:7,7;ADD:8,2;REMOVE:0,6;REMOVE:2,9;REMOVE:3,6;REMOVE:4,8;REMOVE:8,8","server 0: - | server 1: - | server 2: 0,7,8 | server 3: - | server 4: - | server 5: - | server 6: - | server 7: 0,1,2,3,5,7,8,9 | server 8: 2,5,6,9 | server 9: -"
1161,1161,after_slot_decision,"ADD:0,8;ADD:2,2;ADD:3,8;ADD:5,9;ADD:6,2;ADD:7,8;ADD:8,8;ADD:9,2;REMOVE:0,2;REMOVE:2,8;REMOVE:3,7;REMOVE:5,7;REMOVE:5,8;REMOVE:6,8;REMOVE:7,2;REMOVE:8,2;REMOVE:9,8","server 0: - | server 1: - | server 2: 2,6,9 | server 3: - | server 4: - | server 5: - | server 6: - | server 7: 0,1,2,7,8,9 | server 8: 0,3,7,8 | server 9: 5"
1162,1162,after_slot_decision,"ADD:4,2;ADD:5,7;ADD:6,7;ADD:8,2;ADD:9,8;REMOVE:0,8;REMOVE:5,9;REMOVE:6,2;REMOVE:7,8;REMOVE:8,8;REMOVE:9,7","server 0: - | server 1: - | server 2: 2,4,8,9 | server 3: - | server 4: - | server 5: - | server 6: - | server 7: 0,1,2,5,6,7,8 | server 8: 3,9 | server 9: -"
1163,1163,after_slot_decision,"ADD:0,2;ADD:1,9;ADD:3,7;ADD:4,7;ADD:5,8;ADD:6,3;ADD:7,8;ADD:9,7;REMOVE:0,7;REMOVE:1,7;REMOVE:3,8;REMOVE:4,2;REMOVE:5,7;REMOVE:6,7;REMOVE:9,8","server 0: - | server 1: - | server 2: 0,2,8,9 | server 3: 6 | server 4: - | server 5: - | server 6: - | server 7: 2,3,4,7,8,9 | server 8: 5,7 | server 9: 1"
1164,1164,after_slot_decision,"ADD:0,3;ADD:1,5;ADD:1,8;ADD:2,8;ADD:3,8;ADD:6,5;ADD:8,8;REMOVE:1,9;REMOVE:2,2;REMOVE:6,3;REMOVE:7,7;REMOVE:8,2;REMOVE:9,7","server 0: - | server 1: - | server 2: 0,9 | server 3: 0 | server 4: - | server 5: 1,6 | server 6: - | server 7: 2,3,4,8 | server 8: 1,2,3,5,7,8 | server 9: -"
1165,1165,after_slot_decision,"ADD:0,4;ADD:1,2;ADD:4,3;ADD:7,7;ADD:9,7;REMOVE:0,2;REMOVE:0,3;REMOVE:1,5;REMOVE:1,8;REMOVE:2,8;REMOVE:3,8;REMOVE:6,5;REMOVE:7,8;REMOVE:8,8;REMOVE:9,2","server 0: - | server 1: - | server 2: 1 | server 3: 4 | server 4: 0 | server 5: - | server 6: - | server 7: 2,3,4,7,8,9 | server 8: 5 | server 9: -"
1166,1166,after_slot_decision,"ADD:0,2;ADD:1,0;ADD:4,2;ADD:5,7;ADD:7,2;ADD:8,8;REMOVE:0,4;REMOVE:1,2;REMOVE:2,7;REMOVE:3,7;REMOVE:4,3;REMOVE:5,8;REMOVE:7,7","server 0: 1 | server 1: - | server 2: 0,4,7 | server 3: - | server 4: - | server 5: - | server 6: - | server 7: 4,5,8,9 | server 8: 8 | server 9: -"
1167,1167,after_slot_decision,"ADD:0,7;ADD:0,8;ADD:1,2;ADD:2,7;ADD:3,7;ADD:3,8;ADD:4,8;ADD:5,8;ADD:7,9;ADD:9,8;REMOVE:0,2;REMOVE:1,0;REMOVE:4,2;REMOVE:7,2;REMOVE:8,7","server 0: - | server 1: - | server 2: 1 | server 3: - | server 4: - | server 5: - | server 6: - | server 7: 0,2,3,4,5,9 | server 8: 0,3,4,5,8,9 | server 9: 7"
1168,1168,after_slot_decision,"ADD:1,7;ADD:2,2;ADD:3,2;ADD:4,9;ADD:7,7;ADD:8,7;ADD:9,2;REMOVE:3,8;REMOVE:4,7;REMOVE:5,8;REMOVE:7,9;REMOVE:8,8;REMOVE:9,8","server 0: - | server 1: - | server 2: 1,2,3,9 | server 3: - | server 4: - | server 5: - | server 6: - | server 7: 0,1,2,3,5,7,8,9 | server 8: 0,4 | server 9: 4"
1169,1169,after_slot_decision,"ADD:3,3;ADD:4,7;ADD:5,2;ADD:7,9;REMOVE:0,8;REMOVE:1,2;REMOVE:3,7;REMOVE:4,8;REMOVE:4,9;REMOVE:5,7;REMOVE:7,7","server 0: - | server 1: - | server 2: 2,3,5,9 | server 3: 3 | server 4: - | server 5: - | server 6: - | server 7: 0,1,2,4,8,9 | server 8: - | server 9: 7"
1170,1170,after_slot_decision,"ADD:2,8;ADD:3,7;ADD:4,8;ADD:5,8;ADD:7,7;ADD:8,2;ADD:9,8;REMOVE:2,2;REMOVE:3,2;REMOVE:3,3;REMOVE:5,2;REMOVE:7,9;REMOVE:9,2","server 0: - | server 1: - | server 2: 8 | server 3: - | server 4: - | server 5: - | server 6: - | server 7: 0,1,2,3,4,7,8,9 | server 8: 2,4,5,9 | server 9: -"
1171,1171,after_slot_decision,"ADD:0,2;ADD:3,8;ADD:5,2;ADD:5,9;ADD:7,2;ADD:9,2;REMOVE:2,8;REMOVE:3,7;REMOVE:5,8;REMOVE:7,7;REMOVE:8,7;REMOVE:9,7;REMOVE:9,8","server 0: - | server 1: - | server 2: 0,5,7,8,9 | server 3: - | server 4: - | server 5: - | server 6: - | server 7: 0,1,2,4 | server 8: 3,4 | server 9: 5"
1172,1172,after_slot_decision,"ADD:1,2;ADD:2,2;ADD:3,3;ADD:3,7;ADD:4,9;ADD:7,7;ADD:8,7;ADD:9,7;REMOVE:0,2;REMOVE:1,7;REMOVE:3,8;REMOVE:4,7;REMOVE:4,8;REMOVE:5,2;REMOVE:8,2;REMOVE:9,2","server 0: - | server 1: - | server 2: 1,2,7 | server 3: 3 | server 4: - | server 5: - | server 6: - | server 7: 0,2,3,7,8,9 | server 8: - | server 9: 4,5"
1173,1173,after_slot_decision,"ADD:0,2;ADD:1,7;ADD:2,6;ADD:4,2;ADD:5,7;ADD:8,2;ADD:9,3;REMOVE:0,7;REMOVE:1,2;REMOVE:2,2;REMOVE:2,7;REMOVE:3,3;REMOVE:4,9;REMOVE:5,9;REMOVE:7,2;REMOVE:8,7","server 0: - | server 1: - | server 2: 0,4,8 | server 3: 9 | server 4: - | server 5: - | server 6: 2 | server 7: 1,3,5,7,9 | server 8: - | server 9: -"
1174,1174,after_slot_decision,"ADD:0,3;ADD:0,8;ADD:2,4;ADD:3,8;ADD:4,7;ADD:4,8;ADD:7,8;ADD:8,7;ADD:9,2;ADD:9,8;REMOVE:0,2;REMOVE:2,6;REMOVE:4,2;REMOVE:5,7;REMOVE:9,3;REMOVE:9,7","server 0: - | server 1: - | server 2: 8,9 | server 3: 0 | server 4: 2 | server 5: - | server 6: - | server 7: 1,3,4,7,8 | server 8: 0,3,4,7,9 | server 9: -"
1175,1175,after_slot_decision,"ADD:0,2;ADD:2,9;ADD:5,8;ADD:7,9;ADD:8,8;ADD:9,7;REMOVE:0,8;REMOVE:2,4;REMOVE:3,8;REMOVE:4,8;REMOVE:7,7;REMOVE:7,8;REMOVE:8,2;REMOVE:8,7;REMOVE:9,2;REMOVE:9,8","server 0: - | server 1: - | server 2: 0 | server 3: 0 | server 4: - | server 5: - | server 6: - | server 7: 1,3,4,9 | server 8: 5,8 | server 9: 2,7"
1176,1176,after_slot_decision,"ADD:0,1;ADD:2,7;ADD:3,2;ADD:4,8;ADD:5,4;ADD:7,4;ADD:8,7;REMOVE:0,2;REMOVE:0,3;REMOVE:2,9;REMOVE:3,7;REMOVE:4,7;REMOVE:5,8;REMOVE:7,9;REMOVE:8,8","server 0: - | server 1: 0 | server 2: 3 | server 3: - | server 4: 5,7 | server 5: - | server 6: - | server 7: 1,2,8,9 | server 8: 4 | server 9: -"
1177,1177,after_slot_decision,"ADD:0,7;ADD:1,2;ADD:2,2;ADD:2,3;ADD:3,7;ADD:4,7;ADD:5,2;ADD:7,2;ADD:7,9;ADD:8,2;REMOVE:0,1;REMOVE:2,7;REMOVE:3,2;REMOVE:4,8;REMOVE:5,4;REMOVE:7,4;REMOVE:8,7","server 0: - | server 1: - | server 2: 1,2,5,7,8 | server 3: 2 | server 4: - | server 5: - | server 6: - | server 7: 0,1,3,4,9 | server 8: - | server 9: 7"
1178,1178,after_slot_decision,"ADD:0,8;ADD:1,9;ADD:2,7;ADD:3,2;ADD:3,9;ADD:4,8;ADD:5,5;ADD:7,8;ADD:8,9;REMOVE:0,7;REMOVE:1,2;REMOVE:1,7;REMOVE:2,2;REMOVE:2,3;REMOVE:3,7;REMOVE:5,2;REMOVE:7,2;REMOVE:7,9;REMOVE:8,2","server 0: - | server 1: - | server 2: 3 | server 3: - | server 4: - | server 5: 5 | server 6: - | server 7: 2,4,9 | server 8: 0,4,7 | server 9: 1,3,8"
1179,1179,after_slot_decision,"ADD:0,7;ADD:1,6;ADD:2,3;ADD:4,2;ADD:5,7;ADD:7,7;ADD:8,7;REMOVE:1,9;REMOVE:2,7;REMOVE:3,2;REMOVE:4,8;REMOVE:5,5;REMOVE:7,8;REMOVE:8,9","server 0: - | server 1: - | server 2: 4 | server 3: 2 | server 4: - | server 5: - | server 6: 1 | server 7: 0,4,5,7,8,9 | server 8: 0 | server 9: 3"
1180,1180,after_slot_decision,"ADD:1,2;ADD:1,7;ADD:2,2;ADD:2,7;ADD:3,3;ADD:3,7;ADD:5,2;ADD:6,5;ADD:7,2;ADD:8,2;ADD:9,8;REMOVE:0,8;REMOVE:1,6;REMOVE:2,3;REMOVE:3,9;REMOVE:4,2;REMOVE:5,7","server 0: - | server 1: - | server 2: 1,2,5,7,8 | server 3: 3 | server 4: - | server 5: 6 | server 6: - | server 7: 0,1,2,3,4,7,8,9 | server 8: 9 | server 9: -"
1181,1181,after_slot_decision,"ADD:3,8;ADD:4,8;ADD:5,5;ADD:5,8;ADD:6,7;REMOVE:1,2;REMOVE:2,2;REMOVE:3,3;REMOVE:3,7;REMOVE:5,2;REMOVE:6,5;REMOVE:8,2","server 0: - | server 1: - | server 2: 7 | server 3: - | server 4: - | server 5: 5 | server 6: - | server 7: 0,1,2,4,6,7,8,9 | server 8: 3,4,5,9 | server 9: -"
1182,1182,after_slot_decision,"ADD:0,2;ADD:1,8;ADD:2,2;ADD:3,2;ADD:3,7;ADD:4,2;ADD:5,7;ADD:6,2;ADD:6,3;ADD:7,8;ADD:8,8;ADD:9,2;REMOVE:3,8;REMOVE:4,8;REMOVE:5,5;REMOVE:6,7;REMOVE:7,2;REMOVE:9,8","server 0: - | server 1: - | server 2: 0,2,3,4,6,9 | server 3: 6 | server 4: - | server 5: - | server 6: - | server 7: 0,1,2,3,4,5,7,8,9 | server 8: 1,5,7,8 | server 9: -"
1183,1183,after_slot_decision,"ADD:0,8;ADD:2,8;ADD:3,6;ADD:4,3;ADD:5,1;REMOVE:0,2;REMOVE:1,8;REMOVE:2,2;REMOVE:3,2;REMOVE:3,7;REMOVE:4,2;REMOVE:4,7;REMOVE:5,7;REMOVE:5,8;REMOVE:6,2;REMOVE:6,3;REMOVE:7,8","server 0: - | server 1: 5 | server 2: 9 | server 3: 4 | server 4: - | server 5: - | server 6: 3 | server 7: 0,1,2,7,8,9 | server 8: 0,2,8 | server 9: -"
1184,1184,after_slot_decision,"ADD:1,1;ADD:3,0;ADD:3,7;ADD:4,7;ADD:4,8;ADD:5,9;ADD:6,4;REMOVE:0,8;REMOVE:1,7;REMOVE:3,6;REMOVE:4,3;REMOVE:5,1;REMOVE:8,8;REMOVE:9,2","server 0: 3 | server 1: 1 | server 2: - | server 3: - | server 4: 6 | server 5: - | server 6: - | server 7: 0,2,3,4,7,8,9 | server 8: 2,4 | server 9: 5"
1185,1185,after_slot_decision,"ADD:1,2;ADD:2,2;ADD:5,7;ADD:6,8;ADD:7,2;ADD:9,8;REMOVE:1,1;REMOVE:2,7;REMOVE:2,8;REMOVE:3,0;REMOVE:4,8;REMOVE:5,9;REMOVE:6,4;REMOVE:7,7;REMOVE:8,7","server 0: - | server 1: - | server 2: 1,2,7 | server 3: - | server 4: - | server 5: - | server 6: - | server 7: 0,3,4,5,9 | server 8: 6,9 | server 9: -"
1186,1186,after_slot_decision,"ADD:0,3;ADD:4,2;ADD:5,2;ADD:7,9;ADD:8,7;ADD:9,5;REMOVE:2,2;REMOVE:4,7;REMOVE:5,7;REMOVE:6,8;REMOVE:7,2;REMOVE:9,8","server 0: - | server 1: - | server 2: 1,4,5 | server 3: 0 | server 4: - | server 5: 9 | server 6: - | server 7: 0,3,8,9 | server 8: - | server 9: 7"
1187,1187,after_slot_decision,"ADD:0,8;ADD:1,5;ADD:2,6;ADD:3,2;ADD:4,7;ADD:5,7;ADD:6,8;ADD:7,8;REMOVE:0,3;REMOVE:1,2;REMOVE:5,2;REMOVE:7,9;REMOVE:9,5","server 0: - | server 1: - | server 2: 3,4 | server 3: - | server 4: - | server 5: 1 | server 6: 2 | server 7: 0,3,4,5,8,9 | server 8: 0,6,7 | server 9: -"
1188,1188,after_slot_decision,"ADD:1,7;ADD:2,7;ADD:4,8;ADD:6,7;ADD:7,7;ADD:8,2;REMOVE:0,8;REMOVE:1,5;REMOVE:2,6;REMOVE:3,2;REMOVE:4,2;REMOVE:8,7","server 0: - | server 1: - | server 2: 8 | server 3: - | server 4: - | server 5: - | server 6: - | server 7: 0,1,2,3,4,5,6,7,9 | server 8: 4,6,7 | server 9: -"
1189,1189,after_slot_decision,"ADD:0,2;ADD:2,8;ADD:7,2;ADD:8,7;ADD:8,8;ADD:9,2;REMOVE:2,7;REMOVE:6,8;REMOVE:7,8;REMOVE:8,2","server 0: - | server 1: - | server 2: 0,7,9 | server 3: - | server 4: - | server 5: - | server 6: - | server 7: 0,1,3,4,5,6,7,8,9 | server 8: 2,4,8 | server 9: -"
1190,1190,after_slot_decision,"ADD:0,8;ADD:1,8;ADD:2,7;ADD:3,2;ADD:3,8;ADD:4,2;ADD:5,4;ADD:6,6;REMOVE:0,7;REMOVE:3,7;REMOVE:4,7;REMOVE:4,8;REMOVE:5,7;REMOVE:6,7;REMOVE:7,2;REMOVE:8,8","server 0: - | server 1: - | server 2: 0,3,4,9 | server 3: - | server 4: 5 | server 5: - | server 6: 6 | server 7: 1,2,7,8,9 | server 8: 0,1,2,3 | server 9: -"
1191,1191,after_slot_decision,"ADD:0,7;ADD:1,3;ADD:2,2;ADD:3,7;ADD:5,5;ADD:6,8;ADD:7,8;ADD:8,2;REMOVE:0,8;REMOVE:1,8;REMOVE:2,8;REMOVE:3,8;REMOVE:5,4;REMOVE:6,6;REMOVE:7,7;REMOVE:8,7;REMOVE:9,7","server 0: - | server 1: - | server 2: 0,2,3,4,8,9 | server 3: 1 | server 4: - | server 5: 5 | server 6: - | server 7: 0,1,2,3 | server 8: 6,7 | server 9: -"
1192,1192,after_slot_decision,"ADD:1,2;ADD:4,7;ADD:5,8;ADD:7,3;ADD:8,8;ADD:9,7;REMOVE:0,2;REMOVE:1,3;REMOVE:1,7;REMOVE:2,7;REMOVE:3,7;REMOVE:4,2;REMOVE:5,5;REMOVE:7,8;REMOVE:8,2","server 0: - | server 1: - | server 2: 1,2,3,9 | server 3: 7 | server 4: - | server 5: - | server 6: - | server 7: 0,4,9 | server 8: 5,6,8 | server 9: -"
1193,1193,after_slot_decision,"ADD:0,8;ADD:1,7;ADD:3,7;ADD:4,9;ADD:5,2;ADD:7,9;ADD:8,7;REMOVE:1,2;REMOVE:2,2;REMOVE:3,2;REMOVE:4,7;REMOVE:5,8;REMOVE:7,3;REMOVE:8,8;REMOVE:9,2","server 0: - | server 1: - | server 2: 5 | server 3: - | server 4: - | server 5: - | server 6: - | server 7: 0,1,3,8,9 | server 8: 0,6 | server 9: 4,7"
1194,1194,after_slot_decision,"ADD:1,2;ADD:2,7;ADD:3,2;ADD:3,8;ADD:4,2;ADD:5,8;ADD:6,2;ADD:7,2;ADD:9,8;REMOVE:0,8;REMOVE:3,7;REMOVE:4,9;REMOVE:5,2;REMOVE:6,8;REMOVE:7,9","server 0: - | server 1: - | server 2: 1,3,4,6,7 | server 3: - | server 4: - | server 5: - | server 6: - | server 7: 0,1,2,8,9 | server 8: 3,5,9 | server 9: -"
1195,1195,after_slot_decision,"ADD:0,2;ADD:1,8;ADD:2,8;ADD:3,9;ADD:4,7;ADD:6,7;ADD:7,6;ADD:8,2;ADD:9,2;REMOVE:0,7;REMOVE:1,2;REMOVE:1,7;REMOVE:3,2;REMOVE:3,8;REMOVE:4,2;REMOVE:6,2;REMOVE:7,2;REMOVE:9,8","server 0: - | server 1: - | server 2: 0,8,9 | server 3: - | server 4: - | server 5: - | server 6: 7 | server 7: 2,4,6,8,9 | server 8: 1,2,5 | server 9: 3"
1196,1196,after_slot_decision,"ADD:0,7;ADD:3,7;ADD:7,7;REMOVE:0,2;REMOVE:3,9;REMOVE:7,6;REMOVE:8,2","server 0: - | server 1: - | server 2: 9 | server 3: - | server 4: - | server 5: - | server 6: - | server 7: 0,2,3,4,6,7,8,9 | server 8: 1,2,5 | server 9: -"
1197,1197,after_slot_decision,"ADD:0,8;ADD:4,2;ADD:5,1;ADD:6,2;ADD:7,8;ADD:9,3;ADD:9,9;REMOVE:0,7;REMOVE:4,7;REMOVE:5,8;REMOVE:6,7;REMOVE:7,7;REMOVE:9,2;REMOVE:9,7","server 0: - | server 1: 5 | server 2: 4,6 | server 3: 9 | server 4: - | server 5: - | server 6: - | server 7: 2,3,8 | server 8: 0,1,2,7 | server 9: 9"
1198,1198,after_slot_decision,"ADD:0,7;ADD:1,7;ADD:2,2;ADD:3,1;ADD:4,3;ADD:5,7;ADD:8,8;ADD:9,7;REMOVE:1,8;REMOVE:2,7;REMOVE:2,8;REMOVE:3,7;REMOVE:4,2;REMOVE:5,1;REMOVE:8,7;REMOVE:9,3;REMOVE:9,9","server 0: - | server 1: 3 | server 2: 2,6 | server 3: 4 | server 4: - | server 5: - | server 6: - | server 7: 0,1,5,9 | server 8: 0,7,8 | server 9: -"
1199,1199,after_slot_decision,"ADD:1,2;ADD:2,8;ADD:3,3;ADD:3,7;ADD:4,4;ADD:6,5;ADD:7,5;ADD:8,3;REMOVE:0,7;REMOVE:2,2;REMOVE:3,1;REMOVE:4,3;REMOVE:6,2;REMOVE:7,8;REMOVE:8,8","server 0: - | server 1: - | server 2: 1 | server 3: 3,8 | server 4: 4 | server 5: 6,7 | server 6: - | server 7: 1,3,5,9 | server 8: 0,2 | server 9: -"
1200,1200,after_slot_decision,"ADD:0,7;ADD:1,8;ADD:2,7;ADD:4,9;ADD:6,2;ADD:7,9;ADD:8,2;ADD:8,9;ADD:9,8;REMOVE:0,8;REMOVE:1,2;REMOVE:1,7;REMOVE:2,8;REMOVE:3,3;REMOVE:4,4;REMOVE:6,5;REMOVE:7,5;REMOVE:8,3","server 0: - | server 1: - | server 2: 6,8 | server 3: - | server 4: - | server 5: - | server 6: - | server 7: 0,2,3,5,9 | server 8: 1,9 | server 9: 4,7,8"
1201,1201,after_slot_decision,"ADD:0,2;ADD:1,2;ADD:1,7;ADD:4,2;ADD:4,7;ADD:5,9;ADD:6,7;ADD:7,7;ADD:8,7;REMOVE:1,8;REMOVE:4,9;REMOVE:5,7;REMOVE:6,2;REMOVE:7,9;REMOVE:8,2;REMOVE:8,9;REMOVE:9,8","server 0: - | server 1: - | server 2: 0,1,4 | server 3: - | server 4: - | server 5: - | server 6: - | server 7: 0,1,2,3,4,6,7,8,9 | server 8: - | server 9: 5"
1202,1202,after_slot_decision,"ADD:1,8;ADD:2,2;ADD:3,2;ADD:5,7;ADD:9,8;REMOVE:0,2;REMOVE:1,2;REMOVE:3,7;REMOVE:4,2;REMOVE:5,9","server 0: - | server 1: - | server 2: 2,3 | server 3: - | server 4: - | server 5: - | server 6: - | server 7: 0,1,2,4,5,6,7,8,9 | server 8: 1,9 | server 9: -"
1203,1203,after_slot_decision,"ADD:3,8;ADD:5,4;ADD:6,8;ADD:7,8;ADD:9,2;REMOVE:1,7;REMOVE:2,2;REMOVE:3,2;REMOVE:5,7;REMOVE:6,7;REMOVE:7,7;REMOVE:9,7","server 0: - | server 1: - | server 2: 9 | server 3: - | server 4: 5 | server 5: - | server 6: - | server 7: 0,2,4,8 | server 8: 1,3,6,7,9 | server 9: -"
1204,1204,after_slot_decision,"ADD:2,9;ADD:3,7;ADD:4,2;ADD:4,3;ADD:6,7;ADD:7,7;ADD:8,8;ADD:9,7;REMOVE:2,7;REMOVE:3,8;REMOVE:4,7;REMOVE:6,8;REMOVE:7,8;REMOVE:8,7;REMOVE:9,8","server 0: - | server 1: - | server 2: 4,9 | server 3: 4 | server 4: 5 | server 5: - | server 6: - | server 7: 0,3,6,7,9 | server 8: 1,8 | server 9: 2"
1205,1205,after_slot_decision,"ADD:0,8;ADD:1,6;ADD:2,2;ADD:3,2;ADD:4,7;ADD:5,9;ADD:8,7;REMOVE:0,7;REMOVE:2,9;REMOVE:3,7;REMOVE:4,2;REMOVE:4,3;REMOVE:5,4;REMOVE:8,8;REMOVE:9,2","server 0: - | server 1: - | server 2: 2,3 | server 3: - | server 4: - | server 5: - | server 6: 1 | server 7: 4,6,7,8,9 | server 8: 0,1 | server 9: 5"
1206,1206,after_slot_decision,"ADD:0,7;ADD:1,7;ADD:2,7;ADD:5,8;ADD:6,2;ADD:7,2;ADD:7,9;ADD:9,6;REMOVE:0,8;REMOVE:1,6;REMOVE:1,8;REMOVE:5,9;REMOVE:6,7;REMOVE:7,7;REMOVE:9,7","server 0: - | server 1: - | server 2: 2,3,6,7 | server 3: - | server 4: - | server 5: - | server 6: 9 | server 7: 0,1,2,4,8 | server 8: 5 | server 9: 7"
1207,1207,after_slot_decision,"ADD:0,2;ADD:3,7;ADD:4,8;ADD:5,0;ADD:6,1;ADD:7,6;ADD:9,8;REMOVE:0,7;REMOVE:2,2;REMOVE:3,2;REMOVE:5,8;REMOVE:6,2;REMOVE:7,2;REMOVE:7,9;REMOVE:9,6","server 0: 5 | server 1: 6 | server 2: 0 | server 3: - | server 4: - | server 5: - | server 6: 7 | server 7: 1,2,3,4,8 | server 8: 4,9 | server 9: -"
1208,1208,after_slot_decision,"ADD:0,7;ADD:1,2;ADD:2,8;ADD:3,2;ADD:5,7;ADD:6,7;ADD:7,7;ADD:7,8;ADD:9,2;ADD:9,7;REMOVE:1,7;REMOVE:2,7;REMOVE:3,7;REMOVE:4,8;REMOVE:5,0;REMOVE:6,1;REMOVE:7,6;REMOVE:9,8","server 0: - | server 1: - | server 2: 0,1,3,9 | server 3: - | server 4: - | server 5: - | server 6: - | server 7: 0,4,5,6,7,8,9 | server 8: 2,7 | server 9: -"
1209,1209,after_slot_decision,"ADD:0,5;ADD:1,7;ADD:1,8;ADD:2,7;ADD:3,8;ADD:4,2;ADD:4,8;ADD:5,5;ADD:6,4;ADD:8,5;ADD:8,8;REMOVE:0,2;REMOVE:1,2;REMOVE:3,2;REMOVE:4,7;REMOVE:5,7;REMOVE:6,7;REMOVE:7,7;REMOVE:8,7","server 0: - | server 1: - | server 2: 4,9 | server 3: - | server 4: 6 | server 5: 0,5,8 | server 6: - | server 7: 0,1,2,9 | server 8: 1,2,3,4,7,8 | server 9: -"
1210,1210,after_slot_decision,"ADD:0,8;ADD:3,9;ADD:4,7;ADD:5,8;ADD:6,7;ADD:7,9;ADD:8,7;ADD:9,8;REMOVE:0,5;REMOVE:1,8;REMOVE:2,8;REMOVE:4,2;REMOVE:5,5;REMOVE:6,4;REMOVE:7,8;REMOVE:8,5;REMOVE:8,8;REMOVE:9,2","server 0: - | server 1: - | server 2: - | server 3: - | server 4: - | server 5: - | server 6: - | server 7: 0,1,2,4,6,8,9 | server 8: 0,3,4,5,9 | server 9: 3,7"
1211,1211,after_slot_decision,"ADD:1,2;ADD:2,2;ADD:3,7;ADD:5,7;ADD:7,5;REMOVE:0,8;REMOVE:1,7;REMOVE:2,7;REMOVE:3,8;REMOVE:3,9;REMOVE:4,8;REMOVE:5,8;REMOVE:6,7;REMOVE:7,9;REMOVE:9,8","server 0: - | server 1: - | server 2: 1,2 | server 3: - | server 4: - | server 5: 7 | server 6: - | server 7: 0,3,4,5,8,9 | server 8: - | server 9: -"
1212,1212,after_slot_decision,"ADD:1,7;ADD:2,4;ADD:3,2;ADD:3,9;ADD:5,2;ADD:5,8;ADD:6,2;ADD:7,7;REMOVE:1,2;REMOVE:2,2;REMOVE:3,7;REMOVE:5,7;REMOVE:7,5","server 0: - | server 1: - | server 2: 3,5,6 | server 3: - | server 4: 2 | server 5: - | server 6: - | server 7: 0,1,4,7,8,9 | server 8: 5 | server 9: 3"
1213,1213,after_slot_decision,"ADD:1,8;ADD:3,7;ADD:4,9;ADD:5,9;ADD:6,3;ADD:6,9;ADD:7,8;REMOVE:1,7;REMOVE:2,4;REMOVE:3,2;REMOVE:3,9;REMOVE:4,7;REMOVE:5,2;REMOVE:5,8;REMOVE:6,2","server 0: - | server 1: - | server 2: - | server 3: 6 | server 4: - | server 5: - | server 6: - | server 7: 0,3,7,8,9 | server 8: 1,7 | server 9: 4,5,6"
1214,1214,after_slot_decision,"ADD:0,2;ADD:1,7;ADD:2,7;ADD:3,2;ADD:4,7;ADD:5,7;ADD:6,7;REMOVE:0,7;REMOVE:1,8;REMOVE:3,7;REMOVE:4,9;REMOVE:5,9;REMOVE:6,3;REMOVE:6,9","server 0: - | server 1: - | server 2: 0,3 | server 3: - | server 4: - | server 5: - | server 6: - | server 7: 1,2,4,5,6,7,8,9 | server 8: 7 | server 9: -"
1215,1215,after_slot_decision,"ADD:2,8;ADD:3,7;ADD:3,8;ADD:4,2;ADD:5,5;ADD:9,2;REMOVE:2,7;REMOVE:3,2;REMOVE:5,7;REMOVE:7,8","server 0: - | server 1: - | server 2: 0,4,9 | server 3: - | server 4: - | server 5: 5 | server 6: - | server 7: 1,3,4,6,7,8,9 | server 8: 2,3 | server 9: -"
1216,1216,after_slot_decision,"ADD:0,8;ADD:1,8;ADD:2,7;ADD:5,9;ADD:6,2;ADD:7,8;ADD:8,8;REMOVE:1,7;REMOVE:2,8;REMOVE:3,7;REMOVE:4,2;REMOVE:5,5;REMOVE:6,7;REMOVE:7,7","server 0: - | server 1: - | server 2: 0,6,9 | server 3: - | server 4: - | server 5: - | server 6: - | server 7: 2,4,8,9 | server 8: 0,1,3,7,8 | server 9: 5"
1217,1217,after_slot_decision,"ADD:0,7;ADD:1,7;ADD:3,7;ADD:4,2;ADD:5,8;ADD:7,7;REMOVE:0,2;REMOVE:0,8;REMOVE:1,8;REMOVE:2,7;REMOVE:3,8;REMOVE:4,7;REMOVE:7,8;REMOVE:8,8;REMOVE:9,2","server 0: - | server 1: - | server 2: 4,6 | server 3: - | server 4: - | server 5: - | server 6: - | server 7: 0,1,3,7,8,9 | server 8: 5 | server 9: 5"
1218,1218,after_slot_decision,"ADD:0,8;ADD:2,8;ADD:3,8;ADD:4,8;ADD:4,9;ADD:5,7;ADD:8,2;ADD:9,3;ADD:9,9;REMOVE:0,7;REMOVE:3,7;REMOVE:4,2;REMOVE:5,8;REMOVE:5,9;REMOVE:9,7","server 0: - | server 1: - | server 2: 6,8 | server 3: 9 | server 4: - | server 5: - | server 6: - | server 7: 1,5,7,8 | server 8: 0,2,3,4 | server 9: 4,9"
1219,1219,after_slot_decision,"ADD:0,7;ADD:1,8;ADD:3,7;ADD:4,7;ADD:5,3;ADD:6,4;ADD:7,2;ADD:7,3;ADD:9,2;REMOVE:0,8;REMOVE:2,8;REMOVE:3,8;REMOVE:4,9;REMOVE:5,7;REMOVE:6,2;REMOVE:7,7;REMOVE:8,7;REMOVE:9,3;REMOVE:9,9","server 0: - | server 1: - | server 2: 7,8,9 | server 3: 5,7 | server 4: 6 | server 5: - | server 6: - | server 7: 0,1,3,4 | server 8: 1,4 | server 9: -"
1220,1220,after_slot_decision,"ADD:2,7;ADD:4,2;ADD:5,7;ADD:6,8;ADD:7,9;ADD:8,7;ADD:9,8;REMOVE:1,8;REMOVE:4,7;REMOVE:4,8;REMOVE:5,3;REMOVE:6,4;REMOVE:7,2;REMOVE:7,3;REMOVE:8,2;REMOVE:9,2","server 0: - | server 1: - | server 2: 4 | server 3: - | server 4: - | server 5: - | server 6: - | server 7: 0,1,2,3,5,8 | server 8: 6,9 | server 9: 7"
1221,1221,after_slot_decision,"ADD:2,5;ADD:3,2;ADD:4,8;ADD:5,8;ADD:6,9;ADD:9,9;REMOVE:2,7;REMOVE:4,2;REMOVE:5,7;REMOVE:6,8;REMOVE:9,8","server 0: - | server 1: - | server 2: 3 | server 3: - | server 4: - | server 5: 2 | server 6: - | server 7: 0,1,3,8 | server 8: 4,5 | server 9: 6,7,9"
1222,1222,after_slot_decision,"ADD:0,2;ADD:0,8;ADD:1,2;ADD:2,7;ADD:4,7;ADD:6,8;ADD:7,6;ADD:9,7;REMOVE:0,7;REMOVE:2,5;REMOVE:3,7;REMOVE:6,9;REMOVE:7,9;REMOVE:9,9","server 0: - | server 1: - | server 2: 0,1,3 | server 3: - | server 4: - | server 5: - | server 6: 7 | server 7: 1,2,4,8,9 | server 8: 0,4,5,6 | server 9: -"
1223,1223,after_slot_decision,"ADD:0,7;ADD:1,8;ADD:2,2;ADD:3,7;ADD:3,8;ADD:5,7;ADD:6,7;ADD:7,7;ADD:8,2;ADD:9,8;REMOVE:0,2;REMOVE:0,8;REMOVE:1,2;REMOVE:2,7;REMOVE:3,2;REMOVE:4,8;REMOVE:5,8;REMOVE:6,8;REMOVE:7,6","server 0: - | server 1: - | server 2: 2,8 | server 3: - | server 4: - | server 5: - | server 6: - | server 7: 0,1,3,4,5,6,7,8,9 | server 8: 1,3,9 | server 9: -"
1224,1224,after_slot_decision,"ADD:1,3;ADD:2,4;ADD:4,8;ADD:7,5;ADD:7,8;REMOVE:1,8;REMOVE:2,2;REMOVE:3,7;REMOVE:4,7;REMOVE:7,7;REMOVE:8,2;REMOVE:9,8","server 0: - | server 1: - | server 2: - | server 3: 1 | server 4: 2 | server 5: 7 | server 6: - | server 7: 0,1,5,6,8,9 | server 8: 3,4,7 | server 9: -"
1225,1225,after_slot_decision,"ADD:2,9;ADD:3,7;ADD:4,7;ADD:7,7;ADD:9,5;ADD:9,8;REMOVE:1,3;REMOVE:2,4;REMOVE:3,8;REMOVE:4,8;REMOVE:7,5;REMOVE:7,8;REMOVE:9,7","server 0: - | server 1: - | server 2: - | server 3: - | server 4: - | server 5: 9 | server 6: - | server 7: 0,1,3,4,5,6,7,8 | server 8: 9 | server 9: 2"
1226,1226,after_slot_decision,"ADD:0,2;ADD:1,4;ADD:2,7;ADD:3,8;ADD:4,8;ADD:5,6;ADD:6,4;ADD:8,8;ADD:9,7;REMOVE:0,7;REMOVE:1,7;REMOVE:2,9;REMOVE:4,7;REMOVE:5,7;REMOVE:6,7;REMOVE:9,5;REMOVE:9,8","server 0: - | server 1: - | server 2: 0 | server 3: - | server 4: 1,6 | server 5: - | server 6: 5 | server 7: 2,3,7,8,9 | server 8: 3,4,8 | server 9: -"
1227,1227,after_slot_decision,"ADD:0,7;ADD:1,8;ADD:4,7;ADD:5,9;ADD:6,8;ADD:7,2;REMOVE:0,2;REMOVE:1,4;REMOVE:2,7;REMOVE:3,7;REMOVE:4,8;REMOVE:5,6;REMOVE:6,4;REMOVE:7,7;REMOVE:8,7","server 0: - | server 1: - | server 2: 7 | server 3: - | server 4: - | server 5: - | server 6: - | server 7: 0,4,9 | server 8: 1,3,6,8 | server 9: 5"
1228,1228,after_slot_decision,"ADD:0,8;ADD:1,7;ADD:3,9;ADD:5,7;ADD:6,9;ADD:7,7;ADD:8,7;REMOVE:0,7;REMOVE:1,8;REMOVE:3,8;REMOVE:5,9;REMOVE:6,8;REMOVE:7,2;REMOVE:8,8","server 0: - | server 1: - | server 2: - | server 3: - | server 4: - | server 5: - | server 6: - | server 7: 1,4,5,7,8,9 | server 8: 0 | server 9: 3,6"
1229,1229,after_slot_decision,"ADD:0,2;ADD:1,8;ADD:2,4;ADD:3,8;ADD:6,7;ADD:9,8;REMOVE:3,9;REMOVE:6,9","server 0: - | server 1: - | server 2: 0 | server 3: - | server 4: 2 | server 5: - | server 6: - | server 7: 1,4,5,6,7,8,9 | server 8: 0,1,3,9 | server 9: -"
1230,1230,after_slot_decision,"ADD:0,7;ADD:2,7;ADD:3,2;ADD:3,3;ADD:5,2;REMOVE:0,2;REMOVE:1,8;REMOVE:2,4;REMOVE:3,8;REMOVE:5,7;REMOVE:9,8","server 0: - | server 1: - | server 2: 3,5 | server 3: 3 | server 4: - | server 5: - | server 6: - | server 7: 0,1,2,4,6,7,8,9 | server 8: 0 | server 9: -"
1231,1231,after_slot_decision,"ADD:0,2;ADD:1,2;ADD:1,9;ADD:2,6;ADD:3,7;ADD:4,8;ADD:4,9;ADD:5,3;ADD:6,8;ADD:8,2;ADD:9,2;ADD:9,8;REMOVE:0,7;REMOVE:0,8;REMOVE:1,7;REMOVE:2,7;REMOVE:3,2;REMOVE:3,3;REMOVE:4,7;REMOVE:5,2;REMOVE:6,7;REMOVE:9,7","server 0: - | server 1: - | server 2: 0,1,8,9 | server 3: 5 | server 4: - | server 5: - | server 6: 2 | server 7: 3,7,8 | server 8: 4,6,9 | server 9: 1,4"
1232,1232,after_slot_decision,"ADD:1,8;ADD:2,2;ADD:4,7;ADD:5,7;ADD:6,2;ADD:9,7;REMOVE:1,2;REMOVE:2,6;REMOVE:4,8;REMOVE:4,9;REMOVE:6,8;REMOVE:8,2;REMOVE:9,2;REMOVE:9,8","server 0: - | server 1: - | server 2: 0,2,6 | server 3: 5 | server 4: - | server 5: - | server 6: - | server 7: 3,4,5,7,8,9 | server 8: 1 | server 9: 1"
1233,1233,after_slot_decision,"ADD:0,7;ADD:1,7;ADD:2,6;ADD:6,8;ADD:7,9;ADD:8,2;REMOVE:0,2;REMOVE:1,8;REMOVE:1,9;REMOVE:2,2;REMOVE:5,3;REMOVE:6,2;REMOVE:7,7;REMOVE:8,7","server 0: - | server 1: - | server 2: 8 | server 3: - | server 4: - | server 5: - | server 6: 2 | server 7: 0,1,3,4,5,9 | server 8: 6 | server 9: 7"
1234,1234,after_slot_decision,"ADD:0,8;ADD:1,8;ADD:2,9;ADD:5,2;ADD:6,3;ADD:7,7;ADD:8,7;ADD:9,6;REMOVE:0,7;REMOVE:1,7;REMOVE:2,6;REMOVE:5,7;REMOVE:6,8;REMOVE:7,9;REMOVE:8,2;REMOVE:9,7","server 0: - | server 1: - | server 2: 5 | server 3: 6 | server 4: - | server 5: - | server 6: 9 | server 7: 3,4,7,8 | server 8: 0,1 | server 9: 2"
1235,1235,after_slot_decision,"ADD:0,3;ADD:0,7;ADD:1,9;ADD:2,6;ADD:3,2;ADD:4,8;ADD:5,4;ADD:6,7;ADD:8,9;ADD:9,8;REMOVE:0,8;REMOVE:1,8;REMOVE:2,9;REMOVE:3,7;REMOVE:4,7;REMOVE:5,2;REMOVE:6,3;REMOVE:8,7;REMOVE:9,6","server 0: - | server 1: - | server 2: 3 | server 3: 0 | server 4: 5 | server 5: - | server 6: 2 | server 7: 0,6,7 | server 8: 4,9 | server 9: 1,8"
1236,1236,after_slot_decision,"ADD:1,7;ADD:2,7;ADD:3,8;ADD:4,2;ADD:5,7;ADD:6,6;ADD:7,1;ADD:7,8;ADD:8,8;ADD:9,7;REMOVE:1,9;REMOVE:2,6;REMOVE:3,2;REMOVE:5,4;REMOVE:6,7;REMOVE:7,7;REMOVE:8,9;REMOVE:9,8","server 0: - | server 1: 7 | server 2: 4 | server 3: 0 | server 4: - | server 5: - | server 6: 6 | server 7: 0,1,2,5,9 | server 8: 3,4,7,8 | server 9: -"
1237,1237,after_slot_decision,"ADD:0,8;ADD:1,2;ADD:2,8;ADD:3,7;ADD:4,7;ADD:5,8;ADD:6,8;ADD:7,3;ADD:7,7;ADD:8,7;ADD:9,2;REMOVE:0,3;REMOVE:2,7;REMOVE:4,8;REMOVE:7,1;REMOVE:7,8;REMOVE:8,8","server 0: - | server 1: - | server 2: 1,4,9 | server 3: 7 | server 4: - | server 5: - | server 6: 6 | server 7: 0,1,3,4,5,7,8,9 | server 8: 0,2,3,5,6 | server 9: -"
1238,1238,after_slot_decision,"ADD:2,9;ADD:6,7;ADD:8,2;ADD:9,8;REMOVE:2,8;REMOVE:6,6;REMOVE:6,8;REMOVE:7,3;REMOVE:9,2","server 0: - | server 1: - | server 2: 1,4,8 | server 3: - | server 4: - | server 5: - | server 6: - | server 7: 0,1,3,4,5,6,7,8,9 | server 8: 0,3,5,9 | server 9: 2"
1239,1239,after_slot_decision,"ADD:2,5;ADD:2,8;ADD:3,2;ADD:5,2;ADD:7,2;ADD:7,8;ADD:9,2;REMOVE:1,2;REMOVE:2,9;REMOVE:3,8;REMOVE:4,2;REMOVE:5,8;REMOVE:7,7;REMOVE:9,8","server 0: - | server 1: - | server 2: 3,5,7,8,9 | server 3: - | server 4: - | server 5: 2 | server 6: - | server 7: 0,1,3,4,5,6,8,9 | server 8: 0,2,7 | server 9: -"
1240,1240,after_slot_decision,"ADD:1,2;ADD:2,2;ADD:7,7;REMOVE:2,5;REMOVE:2,8;REMOVE:3,2;REMOVE:7,2;REMOVE:7,8;REMOVE:8,2;REMOVE:9,2","server 0: - | server 1: - | server 2: 1,2,5 | server 3: - | server 4: - | server 5: - | server 6: - | server 7: 0,1,3,4,5,6,7,8,9 | server 8: 0 | server 9: -"
1241,1241,after_slot_decision,"ADD:1,8;ADD:2,9;ADD:4,8;ADD:6,9;ADD:7,2;REMOVE:0,8;REMOVE:1,2;REMOVE:2,2;REMOVE:5,2;REMOVE:6,7;REMOVE:7,7","server 0: - | server 1: - | server 2: 7 | server 3: - | server 4: - | server 5: - | server 6: - | server 7: 0,1,3,4,5,8,9 | server 8: 1,4 | server 9: 2,6"
1242,1242,after_slot_decision,"ADD:0,8;ADD:1,2;ADD:2,7;ADD:3,8;ADD:4,2;ADD:6,7;ADD:9,2;ADD:9,8;REMOVE:1,8;REMOVE:2,9;REMOVE:4,8;REMOVE:6,9;REMOVE:9,7","server 0: - | server 1: - | server 2: 1,4,7,9 | server 3: - | server 4: - | server 5: - | server 6: - | server 7: 0,1,2,3,4,5,6,8 | server 8: 0,3,9 | server 9: -"
1243,1243,after_slot_decision,"ADD:5,8;ADD:7,7;ADD:8,8;ADD:9,7;REMOVE:0,8;REMOVE:1,2;REMOVE:9,8","server 0: - | server 1: - | server 2: 4,7,9 | server 3: - | server 4: - | server 5: - | server 6: - | server 7: 0,1,2,3,4,5,6,7,8,9 | server 8: 3,5,8 | server 9: -"
1244,1244,after_slot_decision,"ADD:0,2;ADD:2,2;ADD:3,2;ADD:4,8;ADD:5,2;ADD:6,8;ADD:8,2;ADD:9,8;REMOVE:2,7;REMOVE:3,8;REMOVE:4,2;REMOVE:5,8;REMOVE:6,7;REMOVE:8,7;REMOVE:8,8;REMOVE:9,2","server 0: - | server 1: - | server 2: 0,2,3,5,7,8 | server 3: - | server 4: - | server 5: - | server 6: - | server 7: 0,1,3,4,5,7,9 | server 8: 4,6,9 | server 9: -"
1245,1245,after_slot_decision,"ADD:0,8;ADD:6,7;ADD:8,7;REMOVE:0,2;REMOVE:7,2;REMOVE:9,8","server 0: - | server 1: - | server 2: 2,3,5,8 | server 3: - | server 4: - | server 5: - | server 6: - | server 7: 0,1,3,4,5,6,7,8,9 | server 8: 0,4,6 | server 9: -"
1246,1246,after_slot_decision,"ADD:0,3;ADD:1,2;ADD:2,7;ADD:8,9;ADD:9,2;REMOVE:0,8;REMOVE:3,2;REMOVE:4,8;REMOVE:5,7;REMOVE:6,7;REMOVE:8,2;REMOVE:8,7;REMOVE:9,7","server 0: - | server 1: - | server 2: 1,2,5,9 | server 3: 0 | server 4: - | server 5: - | server 6: - | server 7: 0,1,2,3,4,7 | server 8: 6 | server 9: 8"
1247,1247,after_slot_decision,"ADD:0,2;ADD:4,3;ADD:6,2;ADD:7,2;ADD:8,7;ADD:9,7;REMOVE:0,3;REMOVE:6,8;REMOVE:7,7;REMOVE:8,9;REMOVE:9,2","server 0: - | server 1: - | server 2: 0,1,2,5,6,7 | server 3: 4 | server 4: - | server 5: - | server 6: - | server 7: 0,1,2,3,4,8,9 | server 8: - | server 9: -"
1248,1248,after_slot_decision,"ADD:2,8;ADD:4,2;ADD:4,8;ADD:5,7;ADD:6,7;ADD:7,6;REMOVE:0,2;REMOVE:1,2;REMOVE:2,2;REMOVE:4,3;REMOVE:4,7;REMOVE:5,2;REMOVE:6,2;REMOVE:7,2","server 0: - | server 1: - | server 2: 4 | server 3: - | server 4: - | server 5: - | server 6: 7 | server 7: 0,1,2,3,5,6,8,9 | server 8: 2,4 | server 9: -"
1249,1249,after_slot_decision,"ADD:2,2;ADD:4,7;ADD:7,7;ADD:8,2;ADD:8,8;ADD:9,2;REMOVE:2,8;REMOVE:4,8;REMOVE:7,6;REMOVE:8,7","server 0: - | server 1: - | server 2: 2,4,8,9 | server 3: - | server 4: - | server 5: - | server 6: - | server 7: 0,1,2,3,4,5,6,7,9 | server 8: 8 | server 9: -"
1250,1250,after_slot_decision,"ADD:0,8;ADD:1,8;ADD:3,8;ADD:5,2;ADD:9,8;REMOVE:2,2;REMOVE:8,8;REMOVE:9,2","server 0: - | server 1: - | server 2: 4,5,8 | server 3: - | server 4: - | server 5: - | server 6: - | server 7: 0,1,2,3,4,5,6,7,9 | server 8: 0,1,3,9 | server 9: -"
1251,1251,after_slot_decision,"ADD:2,2;ADD:7,2;ADD:8,7;ADD:8,8;ADD:9,2;REMOVE:0,8;REMOVE:8,2;REMOVE:9,8","server 0: - | server 1: - | server 2: 2,4,5,7,9 | server 3: - | server 4: - | server 5: - | server 6: - | server 7: 0,1,2,3,4,5,6,7,8,9 | server 8: 1,3,8 | server 9: -"
1252,1252,after_slot_decision,"ADD:0,2;ADD:4,8;ADD:5,8;ADD:6,2;ADD:8,5;REMOVE:1,8;REMOVE:3,7;REMOVE:4,2;REMOVE:5,2;REMOVE:7,2;REMOVE:8,8;REMOVE:9,2","server 0: - | server 1: - | server 2: 0,2,6 | server 3: - | server 4: - | server 5: 8 | server 6: - | server 7: 0,1,2,4,5,6,7,8,9 | server 8: 3,4,5 | server 9: -"
1253,1253,after_slot_decision,"ADD:0,8;ADD:1,4;ADD:2,8;ADD:3,7;ADD:7,3;ADD:9,8;REMOVE:0,2;REMOVE:1,7;REMOVE:2,2;REMOVE:4,7;REMOVE:5,8;REMOVE:7,7;REMOVE:8,5","server 0: - | server 1: - | server 2: 6 | server 3: 7 | server 4: 1 | server 5: - | server 6: - | server 7: 0,2,3,5,6,8,9 | server 8: 0,2,3,4,9 | server 9: -"
1254,1254,after_slot_decision,"ADD:1,7;ADD:2,3;ADD:4,2;ADD:4,7;ADD:5,2;ADD:6,8;ADD:7,8;ADD:8,1;ADD:9,2;REMOVE:1,4;REMOVE:2,8;REMOVE:3,8;REMOVE:4,8;REMOVE:5,7;REMOVE:6,2;REMOVE:7,3;REMOVE:8,7;REMOVE:9,8","server 0: - | server 1: 8 | server 2: 4,5,9 | server 3: 2 | server 4: - | server 5: - | server 6: - | server 7: 0,1,2,3,4,6,9 | server 8: 0,6,7 | server 9: -"
1255,1255,after_slot_decision,"ADD:1,8;ADD:5,7;ADD:7,2;ADD:8,7;REMOVE:0,8;REMOVE:2,3;REMOVE:4,7;REMOVE:5,2;REMOVE:6,8;REMOVE:7,8;REMOVE:8,1;REMOVE:9,2","server 0: - | server 1: - | server 2: 4,7 | server 3: - | server 4: - | server 5: - | server 6: - | server 7: 0,1,2,3,5,6,8,9 | server 8: 1 | server 9: -"
1256,1256,after_slot_decision,"ADD:0,2;ADD:2,8;ADD:3,2;ADD:5,2;ADD:5,8;ADD:7,7;ADD:8,8;REMOVE:1,7;REMOVE:3,7;REMOVE:5,7;REMOVE:7,2;REMOVE:8,7","server 0: - | server 1: - | server 2: 0,3,4,5 | server 3: - | server 4: - | server 5: - | server 6: - | server 7: 0,2,6,7,9 | server 8: 1,2,5,8 | server 9: -"
1257,1257,after_slot_decision,"ADD:1,7;ADD:2,2;ADD:3,7;ADD:3,8;ADD:4,7;ADD:5,7;ADD:6,8;ADD:6,9;ADD:7,8;ADD:8,7;ADD:9,8;REMOVE:2,8;REMOVE:3,2;REMOVE:5,8;REMOVE:6,7;REMOVE:7,7;REMOVE:8,8","server 0: - | server 1: - | server 2: 0,2,4,5 | server 3: - | server 4: - | server 5: - | server 6: - | server 7: 0,1,2,3,4,5,8,9 | server 8: 1,3,6,7,9 | server 9: 6"
1258,1258,after_slot_decision,"ADD:2,8;ADD:6,3;ADD:6,7;ADD:7,7;ADD:9,2;REMOVE:1,7;REMOVE:2,2;REMOVE:3,8;REMOVE:5,2;REMOVE:6,9;REMOVE:9,8","server 0: - | server 1: - | server 2: 0,4,9 | server 3: 6 | server 4: - | server 5: - | server 6: - | server 7: 0,2,3,4,5,6,7,8,9 | server 8: 1,2,6,7 | server 9: -"
1259,1259,after_slot_decision,"ADD:1,2;ADD:2,2;ADD:4,8;ADD:5,8;ADD:6,2;ADD:8,8;REMOVE:0,2;REMOVE:2,8;REMOVE:4,2;REMOVE:6,3;REMOVE:6,8;REMOVE:7,8;REMOVE:8,7","server 0: - | server 1: - | server 2: 1,2,6,9 | server 3: - | server 4: - | server 5: - | server 6: - | server 7: 0,2,3,4,5,6,7,9 | server 8: 1,4,5,8 | server 9: -"
1260,1260,after_slot_decision,"ADD:0,8;ADD:1,7;ADD:2,8;ADD:3,8;ADD:5,2;ADD:7,4;ADD:8,2;ADD:8,7;ADD:9,8;REMOVE:1,2;REMOVE:1,8;REMOVE:2,2;REMOVE:5,8;REMOVE:6,2;REMOVE:7,7;REMOVE:8,8;REMOVE:9,2","server 0: - | server 1: - | server 2: 5,8 | server 3: - | server 4: 7 | server 5: - | server 6: - | server 7: 0,1,2,3,4,5,6,8,9 | server 8: 0,2,3,4,9 | server 9: -"
1261,1261,after_slot_decision,"ADD:0,2;ADD:1,2;ADD:1,3;ADD:6,8;ADD:7,7;ADD:9,2;REMOVE:0,7;REMOVE:1,7;REMOVE:2,8;REMOVE:4,8;REMOVE:6,7;REMOVE:7,4;REMOVE:8,2;REMOVE:9,7;REMOVE:9,8","server 0: - | server 1: - | server 2: 0,1,5,9 | server 3: 1 | server 4: - | server 5: - | server 6: - | server 7: 2,3,4,5,7,8 | server 8: 0,3,6 | server 9: -"
1262,1262,after_slot_decision,"ADD:0,7;ADD:1,8;ADD:6,7;ADD:7,8;ADD:9,7;ADD:9,8;REMOVE:0,2;REMOVE:1,2;REMOVE:1,3;REMOVE:3,7;REMOVE:5,2;REMOVE:6,8;REMOVE:9,2","server 0: - | server 1: - | server 2: - | server 3: - | server 4: - | server 5: - | server 6: - | server 7: 0,2,4,5,6,7,8,9 | server 8: 0,1,3,7,9 | server 9: -"
1263,1263,after_slot_decision,"ADD:0,5;ADD:2,2;ADD:3,2;ADD:4,2;ADD:5,2;ADD:6,2;ADD:8,3;REMOVE:0,8;REMOVE:7,8;REMOVE:8,7;REMOVE:9,8","server 0: - | server 1: - | server 2: 2,3,4,5,6 | server 3: 8 | server 4: - | server 5: 0 | server 6: - | server 7: 0,2,4,5,6,7,9 | server 8: 1,3 | server 9: -"
1264,1264,after_slot_decision,"ADD:0,8;ADD:1,7;ADD:3,7;ADD:4,8;ADD:7,2;ADD:7,8;ADD:8,7;ADD:9,2;REMOVE:0,5;REMOVE:3,8;REMOVE:4,2;REMOVE:6,2;REMOVE:7,7;REMOVE:8,3","server 0: - | server 1: - | server 2: 2,3,5,7,9 | server 3: - | server 4: - | server 5: - | server 6: - | server 7: 0,1,2,3,4,5,6,8,9 | server 8: 0,1,4,7 | server 9: -"
1265,1265,after_slot_decision,"ADD:0,2;ADD:4,2;ADD:6,2;REMOVE:0,8;REMOVE:1,7;REMOVE:4,7;REMOVE:7,8","server 0: - | server 1: - | server 2: 0,2,3,4,5,6,7,9 | server 3: - | server 4: - | server 5: - | server 6: - | server 7: 0,2,3,5,6,8,9 | server 8: 1,4 | server 9: -"
1266,1266,after_slot_decision,"ADD:0,3;ADD:1,7;ADD:4,7;ADD:6,8;ADD:7,3;ADD:8,8;ADD:9,8;REMOVE:0,2;REMOVE:4,8;REMOVE:5,2;REMOVE:6,2;REMOVE:9,2","server 0: - | server 1: - | server 2: 2,3,4,7 | server 3: 0,7 | server 4: - | server 5: - | server 6: - | server 7: 0,1,2,3,4,5,6,8,9 | server 8: 1,6,8,9 | server 9: -"
1267,1267,after_slot_decision,"ADD:1,2;ADD:4,8;ADD:5,2;ADD:5,8;ADD:6,2;ADD:7,7;ADD:8,2;REMOVE:1,8;REMOVE:2,2;REMOVE:3,2;REMOVE:4,2;REMOVE:5,7;REMOVE:6,8;REMOVE:7,2;REMOVE:7,3;REMOVE:8,8","server 0: - | server 1: - | server 2: 1,5,6,8 | server 3: 0 | server 4: - | server 5: - | server 6: - | server 7: 0,1,2,3,4,6,7,8,9 | server 8: 4,5,9 | server 9: -"
1268,1268,after_slot_decision,"ADD:0,2;ADD:1,3;ADD:4,2;ADD:5,7;ADD:6,8;REMOVE:0,7;REMOVE:1,2;REMOVE:4,8;REMOVE:5,8;REMOVE:6,7;REMOVE:8,2;REMOVE:9,8","server 0: - | server 1: - | server 2: 0,4,5,6 | server 3: 0,1 | server 4: - | server 5: - | server 6: - | server 7: 1,2,3,4,5,7,8,9 | server 8: 6 | server 9: -"
1269,1269,after_slot_decision,"ADD:0,8;ADD:2,2;ADD:3,8;ADD:4,8;ADD:5,5;ADD:5,8;ADD:6,7;ADD:7,8;ADD:8,2;ADD:9,8;REMOVE:0,2;REMOVE:0,3;REMOVE:1,3;REMOVE:4,2;REMOVE:4,7;REMOVE:5,2;REMOVE:5,7;REMOVE:6,2;REMOVE:6,8;REMOVE:7,7;REMOVE:8,7","server 0: - | server 1: - | server 2: 2,8 | server 3: - | server 4: - | server 5: 5 | server 6: - | server 7: 1,2,3,6,9 | server 8: 0,3,4,5,7,9 | server 9: -"
1270,1270,after_slot_decision,"ADD:0,2;ADD:1,2;ADD:4,2;ADD:4,7;ADD:5,3;ADD:5,9;ADD:6,2;ADD:7,7;ADD:9,2;REMOVE:0,8;REMOVE:1,7;REMOVE:2,2;REMOVE:3,8;REMOVE:4,8;REMOVE:5,5;REMOVE:5,8;REMOVE:6,7;REMOVE:7,8;REMOVE:9,8","server 0: - | server 1: - | server 2: 0,1,4,6,8,9 | server 3: 5 | server 4: - | server 5: - | server 6: - | server 7: 2,3,4,7,9 | server 8: - | server 9: 5"
1271,1271,after_slot_decision,"ADD:0,7;ADD:1,8;ADD:5,7;ADD:6,8;ADD:8,8;REMOVE:0,2;REMOVE:1,2;REMOVE:4,2;REMOVE:5,3;REMOVE:5,9;REMOVE:6,2;REMOVE:8,2;REMOVE:9,2","server 0: - | server 1: - | server 2: - | server 3: - | server 4: - | server 5: - | server 6: - | server 7: 0,2,3,4,5,7,9 | server 8: 1,6,8 | server 9: -"
1272,1272,after_slot_decision,"ADD:0,3;ADD:1,7;ADD:2,2;ADD:3,2;ADD:4,2;ADD:5,2;ADD:6,7;ADD:7,2;ADD:8,2;ADD:9,2;REMOVE:1,8","server 0: - | server 1: - | server 2: 2,3,4,5,7,8,9 | server 3: 0 | server 4: - | server 5: - | server 6: - | server 7: 0,1,2,3,4,5,6,7,9 | server 8: 6,8 | server 9: -"
1273,1273,after_slot_decision,"ADD:1,2;ADD:3,8;ADD:5,8;ADD:6,2;ADD:7,8;REMOVE:0,3;REMOVE:3,2;REMOVE:5,2;REMOVE:6,8;REMOVE:7,2;REMOVE:8,2","server 0: - | server 1: - | server 2: 1,2,4,6,9 | server 3: - | server 4: - | server 5: - | server 6: - | server 7: 0,1,2,3,4,5,6,7,9 | server 8: 3,5,7,8 | server 9: -"
1274,1274,after_slot_decision,"ADD:0,2;ADD:6,8;ADD:8,7;REMOVE:1,2;REMOVE:5,7;REMOVE:6,2;REMOVE:7,8;REMOVE:8,8","server 0: - | server 1: - | server 2: 0,2,4,9 | server 3: - | server 4: - | server 5: - | server 6: - | server 7: 0,1,2,3,4,6,7,8,9 | server 8: 3,5,6 | server 9: -"
1275,1275,after_slot_decision,"ADD:1,8;ADD:5,7;ADD:7,2;ADD:7,3;REMOVE:0,2;REMOVE:1,7;REMOVE:2,2;REMOVE:4,2;REMOVE:6,7;REMOVE:7,7","server 0: - | server 1: - | server 2: 7,9 | server 3: 7 | server 4: - | server 5: - | server 6: - | server 7: 0,2,3,4,5,8,9 | server 8: 1,3,5,6 | server 9: -"
1276,1276,after_slot_decision,"ADD:1,7;ADD:3,3;ADD:4,2;ADD:6,2;ADD:6,7;ADD:7,7;ADD:8,2;REMOVE:1,8;REMOVE:3,8;REMOVE:5,8;REMOVE:6,8;REMOVE:7,3;REMOVE:8,7;REMOVE:9,2","server 0: - | server 1: - | server 2: 4,6,7,8 | server 3: 3 | server 4: - | server 5: - | server 6: - | server 7: 0,1,2,3,4,5,6,7,9 | server 8: - | server 9: -"
1277,1277,after_slot_decision,"ADD:0,2;ADD:0,9;ADD:1,8;ADD:2,2;ADD:3,2;ADD:4,8;ADD:5,4;ADD:8,8;REMOVE:0,7;REMOVE:1,7;REMOVE:3,3;REMOVE:4,2;REMOVE:5,7;REMOVE:6,2;REMOVE:7,7;REMOVE:8,2","server 0: - | server 1: - | server 2: 0,2,3,7 | server 3: - | server 4: 5 | server 5: - | server 6: - | server 7: 2,3,4,6,9 | server 8: 1,4,8 | server 9: 0"
1278,1278,after_slot_decision,"ADD:0,7;ADD:1,7;ADD:2,8;ADD:5,2;ADD:5,7;ADD:6,8;ADD:7,7;REMOVE:0,2;REMOVE:0,9;REMOVE:1,8;REMOVE:2,2;REMOVE:3,2;REMOVE:5,4;REMOVE:7,2","server 0: - | server 1: - | server 2: 5 | server 3: - | server 4: - | server 5: - | server 6: - | server 7: 0,1,2,3,4,5,6,7,9 | server 8: 2,4,6,8 | server 9: -"
1279,1279,after_slot_decision,"ADD:0,8;ADD:1,2;ADD:1,3;ADD:4,2;ADD:5,8;ADD:7,5;ADD:7,8;ADD:8,2;ADD:8,7;ADD:9,2;REMOVE:0,7;REMOVE:4,8;REMOVE:5,2;REMOVE:7,7;REMOVE:8,8","server 0: - | server 1: - | server 2: 1,4,8,9 | server 3: 1 | server 4: - | server 5: 7 | server 6: - | server 7: 1,2,3,4,5,6,8,9 | server 8: 0,2,5,6,7 | server 9: -"
1280,1280,after_slot_decision,"ADD:0,7;ADD:3,2;ADD:3,8;ADD:4,8;ADD:5,2;ADD:6,2;ADD:7,7;ADD:8,3;REMOVE:0,8;REMOVE:1,3;REMOVE:1,7;REMOVE:3,7;REMOVE:4,2;REMOVE:5,8;REMOVE:6,8;REMOVE:7,5;REMOVE:8,7","server 0: - | server 1: - | server 2: 1,3,5,6,8,9 | server 3: 8 | server 4: - | server 5: - | server 6: - | server 7: 0,2,4,5,6,7,9 | server 8: 2,3,4,7 | server 9: -"
1281,1281,after_slot_decision,"ADD:0,8;ADD:1,7;ADD:3,7;ADD:9,8;REMOVE:0,7;REMOVE:1,2;REMOVE:3,2;REMOVE:4,8;REMOVE:5,2;REMOVE:7,8;REMOVE:9,2","server 0: - | server 1: - | server 2: 6,8 | server 3: 8 | server 4: - | server 5: - | server 6: - | server 7: 1,2,3,4,5,6,7,9 | server 8: 0,2,3,9 | server 9: -"
1282,1282,after_slot_decision,"ADD:0,2;ADD:1,8;ADD:5,2;ADD:8,7;REMOVE:2,8;REMOVE:3,8;REMOVE:5,7;REMOVE:8,2;REMOVE:8,3;REMOVE:9,8","server 0: - | server 1: - | server 2: 0,5,6 | server 3: - | server 4: - | server 5: - | server 6: - | server 7: 1,2,3,4,6,7,8,9 | server 8: 0,1 | server 9: -"
1283,1283,after_slot_decision,"ADD:0,9;ADD:1,2;ADD:2,2;ADD:5,9;ADD:6,8;ADD:8,8;REMOVE:0,2;REMOVE:0,8;REMOVE:1,8;REMOVE:5,2;REMOVE:6,2;REMOVE:6,7","server 0: - | server 1: - | server 2: 1,2 | server 3: - | server 4: - | server 5: - | server 6: - | server 7: 1,2,3,4,7,8,9 | server 8: 6,8 | server 9: 0,5"
1284,1284,after_slot_decision,"ADD:0,3;ADD:0,5;ADD:1,8;ADD:2,3;ADD:3,3;ADD:4,2;ADD:5,2;ADD:5,3;ADD:6,2;ADD:7,8;ADD:8,5;ADD:9,8;REMOVE:0,9;REMOVE:1,2;REMOVE:1,7;REMOVE:2,2;REMOVE:2,7;REMOVE:5,9;REMOVE:7,7;REMOVE:8,7","server 0: - | server 1: - | server 2: 4,5,6 | server 3: 0,2,3,5 | server 4: - | server 5: 0,8 | server 6: - | server 7: 3,4,9 | server 8: 1,6,7,8,9 | server 9: -"
1285,1285,after_slot_decision,"ADD:0,2;ADD:0,7;ADD:1,7;ADD:2,7;ADD:2,8;ADD:3,2;ADD:4,8;ADD:5,7;ADD:5,8;ADD:6,7;ADD:7,2;ADD:8,7;REMOVE:0,3;REMOVE:0,5;REMOVE:1,8;REMOVE:2,3;REMOVE:3,3;REMOVE:4,2;REMOVE:5,2;REMOVE:5,3;REMOVE:6,2;REMOVE:6,8;REMOVE:8,5;REMOVE:8,8;REMOVE:9,8","server 0: - | server 1: - | server 2: 0,3,7 | server 3: - | server 4: - | server 5: - | server 6: - | server 7: 0,1,2,3,4,5,6,8,9 | server 8: 2,4,5,7 | server 9: -"
1286,1286,after_slot_decision,"ADD:5,2;ADD:6,2;ADD:7,7;ADD:8,2;ADD:9,2;REMOVE:3,2;REMOVE:4,8;REMOVE:5,8;REMOVE:7,8","server 0: - | server 1: - | server 2: 0,5,6,7,8,9 | server 3: - | server 4: - | server 5: - | server 6: - | server 7: 0,1,2,3,4,5,6,7,8,9 | server 8: 2 | server 9: -"
1287,1287,after_slot_decision,"ADD:1,5;ADD:2,2;ADD:3,2;ADD:5,3;ADD:7,8;REMOVE:0,7;REMOVE:1,7;REMOVE:2,8;REMOVE:5,2;REMOVE:5,7;REMOVE:7,2;REMOVE:8,2;REMOVE:9,2","server 0: - | server 1: - | server 2: 0,2,3,6 | server 3: 5 | server 4: - | server 5: 1 | server 6: - | server 7: 2,3,4,6,7,8,9 | server 8: 7 | server 9: -"
1288,1288,after_slot_decision,"ADD:0,8;ADD:3,3;ADD:4,2;ADD:5,2;ADD:5,7;ADD:8,2;ADD:8,8;REMOVE:1,5;REMOVE:2,2;REMOVE:3,2;REMOVE:5,3;REMOVE:7,8;REMOVE:8,7","server 0: - | server 1: - | server 2: 0,4,5,6,8 | server 3: 3 | server 4: - | server 5: - | server 6: - | server 7: 2,3,4,5,6,7,9 | server 8: 0,8 | server 9: -"
1289,1289,after_slot_decision,"ADD:0,7;ADD:2,2;ADD:6,8;ADD:7,2;ADD:8,7;REMOVE:0,2;REMOVE:3,3;REMOVE:4,2;REMOVE:6,2;REMOVE:7,7;REMOVE:8,2","server 0: - | server 1: - | server 2: 2,5,7 | server 3: - | server 4: - | server 5: - | server 6: - | server 7: 0,2,3,4,5,6,8,9 | server 8: 0,6,8 | server 9: -"
1290,1290,after_slot_decision,"ADD:0,5;ADD:6,2;ADD:7,8;ADD:7,9;REMOVE:0,7;REMOVE:0,8;REMOVE:2,2;REMOVE:5,2;REMOVE:6,7;REMOVE:6,8;REMOVE:7,2;REMOVE:8,7","server 0: - | server 1: - | server 2: 6 | server 3: - | server 4: - | server 5: 0 | server 6: - | server 7: 2,3,4,5,9 | server 8: 7,8 | server 9: 7"
1291,1291,after_slot_decision,"ADD:0,2;ADD:2,2;ADD:4,2;ADD:4,8;ADD:5,2;ADD:5,3;ADD:6,7;ADD:6,8;ADD:7,7;ADD:8,7;REMOVE:0,5;REMOVE:4,7;REMOVE:5,7;REMOVE:6,2;REMOVE:7,8;REMOVE:7,9;REMOVE:8,8","server 0: - | server 1: - | server 2: 0,2,4,5 | server 3: 5 | server 4: - | server 5: - | server 6: - | server 7: 2,3,6,7,8,9 | server 8: 4,6 | server 9: -"
1292,1292,after_slot_decision,"ADD:0,7;ADD:2,8;ADD:3,2;ADD:4,7;ADD:5,7;ADD:5,8;REMOVE:2,7;REMOVE:4,2;REMOVE:5,2;REMOVE:5,3;REMOVE:6,8","server 0: - | server 1: - | server 2: 0,2,3 | server 3: - | server 4: - | server 5: - | server 6: - | server 7: 0,3,4,5,6,7,8,9 | server 8: 2,4,5 | server 9: -"
1293,1293,after_slot_decision,"ADD:0,3;ADD:1,7;ADD:2,3;ADD:2,7;ADD:5,3;ADD:6,8;ADD:7,5;ADD:8,5;REMOVE:0,2;REMOVE:0,7;REMOVE:2,2;REMOVE:2,8;REMOVE:3,2;REMOVE:4,8;REMOVE:5,7;REMOVE:5,8;REMOVE:6,7;REMOVE:7,7","server 0: - | server 1: - | server 2: - | server 3: 0,2,5 | server 4: - | server 5: 7,8 | server 6: - | server 7: 1,2,3,4,8,9 | server 8: 6 | server 9: -"
1294,1294,after_slot_decision,"ADD:0,7;ADD:1,2;ADD:2,8;ADD:3,3;ADD:5,2;ADD:5,7;ADD:6,2;ADD:6,7;ADD:7,7;ADD:7,8;ADD:8,8;REMOVE:0,3;REMOVE:2,3;REMOVE:5,3;REMOVE:6,8;REMOVE:7,5;REMOVE:8,7","server 0: - | server 1: - | server 2: 1,5,6 | server 3: 3 | server 4: - | server 5: 8 | server 6: - | server 7: 0,1,2,3,4,5,6,7,9 | server 8: 2,7,8 | server 9: -"
1295,1295,after_slot_decision,"ADD:0,8;ADD:2,2;ADD:3,2;ADD:3,8;ADD:4,3;ADD:7,2;ADD:7,9;ADD:8,7;REMOVE:0,7;REMOVE:2,8;REMOVE:3,3;REMOVE:3,7;REMOVE:5,2;REMOVE:6,2;REMOVE:7,7;REMOVE:7,8;REMOVE:8,5;REMOVE:8,8","server 0: - | server 1: - | server 2: 1,2,3,7 | server 3: 4 | server 4: - | server 5: - | server 6: - | server 7: 1,2,4,5,6,8,9 | server 8: 0,3 | server 9: 7"
1296,1296,after_slot_decision,"ADD:0,9;ADD:1,3;ADD:3,7;ADD:4,2;ADD:5,9;ADD:6,3;REMOVE:0,8;REMOVE:1,2;REMOVE:1,7;REMOVE:3,2;REMOVE:3,8;REMOVE:4,3;REMOVE:5,7;REMOVE:7,2","server 0: - | server 1: - | server 2: 2,4 | server 3: 1,6 | server 4: - | server 5: - | server 6: - | server 7: 2,3,4,6,8,9 | server 8: - | server 9: 0,5,7"
1297,1297,after_slot_decision,"ADD:0,7;ADD:1,2;ADD:2,3;ADD:2,9;ADD:3,9;ADD:4,8;ADD:5,7;ADD:6,2;ADD:7,2;ADD:7,8;ADD:8,2;ADD:9,2;ADD:9,3;REMOVE:0,9;REMOVE:1,3;REMOVE:2,2;REMOVE:2,7;REMOVE:3,7;REMOVE:4,2;REMOVE:5,9;REMOVE:6,3;REMOVE:7,9;REMOVE:8,7;REMOVE:9,7","server 0: - | server 1: - | server 2: 1,6,7,8,9 | server 3: 2,9 | server 4: - | server 5: - | server 6: - | server 7: 0,4,5,6 | server 8: 4,7 | server 9: 2,3"
1298,1298,after_slot_decision,"ADD:1,8;ADD:2,7;ADD:3,7;ADD:7,5;ADD:9,7;REMOVE:1,2;REMOVE:2,3;REMOVE:2,9;REMOVE:3,9;REMOVE:6,2;REMOVE:7,2;REMOVE:7,8;REMOVE:9,3","server 0: - | server 1: - | server 2: 8,9 | server 3: - | server 4: - | server 5: 7 | server 6: - | server 7: 0,2,3,4,5,6,9 | server 8: 1,4 | server 9: -"
1299,1299,after_slot_decision,"ADD:0,8;ADD:1,2;ADD:2,8;ADD:3,2;ADD:4,9;ADD:5,2;ADD:5,8;ADD:6,2;ADD:7,7;ADD:8,7;ADD:8,8;REMOVE:1,8;REMOVE:3,7;REMOVE:4,7;REMOVE:5,7;REMOVE:7,5;REMOVE:8,2","server 0: - | server 1: - | server 2: 1,3,5,6,9 | server 3: - | server 4: - | server 5: - | server 6: - | server 7: 0,2,6,7,8,9 | server 8: 0,2,4,5,8 | server 9: 4"
1300,1300,after_slot_decision,"ADD:3,7;ADD:4,7;ADD:7,5;REMOVE:0,8;REMOVE:1,2;REMOVE:2,8;REMOVE:3,2;REMOVE:4,8;REMOVE:4,9;REMOVE:9,2","server 0: - | server 1: - | server 2: 5,6 | server 3: - | server 4: - | server 5: 7 | server 6: - | server 7: 0,2,3,4,6,7,8,9 | server 8: 5,8 | server 9: -"
1301,1301,after_slot_decision,"ADD:2,8;ADD:3,2;ADD:4,2;ADD:8,2;ADD:9,6;REMOVE:5,2;REMOVE:6,2;REMOVE:7,5;REMOVE:8,7;REMOVE:8,8;REMOVE:9,7","server 0: - | server 1: - | server 2: 3,4,8 | server 3: - | server 4: - | server 5: - | server 6: 9 | server 7: 0,2,3,4,6,7 | server 8: 2,5 | server 9: -"
1302,1302,after_slot_decision,"ADD:0,8;ADD:4,3;ADD:5,9;ADD:8,8;ADD:9,7;ADD:9,8;REMOVE:0,7;REMOVE:3,2;REMOVE:4,2;REMOVE:9,6","server 0: - | server 1: - | server 2: 8 | server 3: 4 | server 4: - | server 5: - | server 6: - | server 7: 2,3,4,6,7,9 | server 8: 0,2,5,8,9 | server 9: 5"
1303,1303,after_slot_decision,"ADD:0,2;ADD:2,2;ADD:3,2;ADD:3,8;ADD:5,7;ADD:7,4;ADD:8,3;ADD:8,7;ADD:9,3;REMOVE:2,8;REMOVE:3,7;REMOVE:4,3;REMOVE:5,9;REMOVE:7,7;REMOVE:8,2;REMOVE:8,8;REMOVE:9,8","server 0: - | server 1: - | server 2: 0,2,3 | server 3: 8,9 | server 4: 7 | server 5: - | server 6: - | server 7: 2,4,5,6,8,9 | server 8: 0,3,5 | server 9: -"
1304,1304,after_slot_decision,"ADD:0,9;ADD:1,1;ADD:3,7;ADD:4,2;ADD:6,8;ADD:7,7;ADD:8,8;ADD:9,2;REMOVE:0,2;REMOVE:0,8;REMOVE:3,2;REMOVE:3,8;REMOVE:4,7;REMOVE:5,8;REMOVE:7,4;REMOVE:8,3;REMOVE:8,7;REMOVE:9,3;REMOVE:9,7","server 0: - | server 1: 1 | server 2: 2,4,9 | server 3: - | server 4: - | server 5: - | server 6: - | server 7: 2,3,5,6,7 | server 8: 6,8 | server 9: 0"
1305,1305,after_slot_decision,"ADD:0,2;ADD:0,8;ADD:3,3;ADD:4,7;ADD:6,2;ADD:8,2;ADD:9,7;REMOVE:0,9;REMOVE:2,2;REMOVE:4,2;REMOVE:6,8;REMOVE:8,8;REMOVE:9,2","server 0: - | server 1: 1 | server 2: 0,6,8 | server 3: 3 | server 4: - | server 5: - | server 6: - | server 7: 2,3,4,5,6,7,9 | server 8: 0 | server 9: -"
1306,1306,after_slot_decision,"ADD:0,7;ADD:3,2;ADD:4,2;ADD:6,8;ADD:7,8;ADD:8,8;ADD:9,2;REMOVE:0,2;REMOVE:0,8;REMOVE:1,1;REMOVE:3,3;REMOVE:6,7;REMOVE:7,7;REMOVE:8,2","server 0: - | server 1: - | server 2: 3,4,6,9 | server 3: - | server 4: - | server 5: - | server 6: - | server 7: 0,2,3,4,5,9 | server 8: 6,7,8 | server 9: -"
1307,1307,after_slot_decision,"ADD:0,8;ADD:1,9;ADD:2,8;ADD:3,8;ADD:5,2;ADD:7,3;ADD:7,7;ADD:8,9;REMOVE:3,2;REMOVE:3,7;REMOVE:7,8;REMOVE:8,8","server 0: - | server 1: - | server 2: 4,5,6,9 | server 3: 7 | server 4: - | server 5: - | server 6: - | server 7: 0,2,4,5,7,9 | server 8: 0,2,3,6 | server 9: 1,8"
1308,1308,after_slot_decision,"ADD:0,2;ADD:1,6;ADD:2,3;ADD:3,2;ADD:4,8;ADD:5,3;ADD:6,9;ADD:8,7;REMOVE:0,8;REMOVE:1,9;REMOVE:2,8;REMOVE:3,8;REMOVE:4,2;REMOVE:5,2;REMOVE:6,8;REMOVE:7,3;REMOVE:8,9;REMOVE:9,2","server 0: - | server 1: - | server 2: 0,3,6 | server 3: 2,5 | server 4: - | server 5: - | server 6: 1 | server 7: 0,2,4,5,7,8,9 | server 8: 4 | server 9: 6"
1309,1309,after_slot_decision,"ADD:3,7;ADD:3,8;ADD:4,9;ADD:6,7;ADD:7,8;ADD:8,2;ADD:8,8;ADD:9,2;REMOVE:1,6;REMOVE:3,2;REMOVE:4,7;REMOVE:5,3;REMOVE:6,2;REMOVE:6,9;REMOVE:8,7","server 0: - | server 1: - | server 2: 0,8,9 | server 3: 2 | server 4: - | server 5: - | server 6: - | server 7: 0,2,3,5,6,7,9 | server 8: 3,4,7,8 | server 9: 4"
1310,1310,after_slot_decision,"ADD:0,3;ADD:1,7;ADD:2,2;ADD:4,2;ADD:5,2;ADD:6,2;ADD:8,7;ADD:9,8;REMOVE:0,2;REMOVE:2,3;REMOVE:3,8;REMOVE:4,8;REMOVE:7,8;REMOVE:8,2;REMOVE:8,8;REMOVE:9,2","server 0: - | server 1: - | server 2: 2,4,5,6 | server 3: 0 | server 4: - | server 5: - | server 6: - | server 7: 0,1,2,3,5,6,7,8,9 | server 8: 9 | server 9: 4"
1311,1311,after_slot_decision,"ADD:2,8;ADD:3,8;ADD:8,8;REMOVE:0,3;REMOVE:1,7;REMOVE:2,2;REMOVE:3,7;REMOVE:5,2;REMOVE:8,7","server 0: - | server 1: - | server 2: 4,6 | server 3: - | server 4: - | server 5: - | server 6: - | server 7: 0,2,5,6,7,9 | server 8: 2,3,8,9 | server 9: 4"
1312,1312,after_slot_decision,"ADD:0,2;ADD:3,3;ADD:3,9;ADD:4,7;ADD:4,8;ADD:5,2;ADD:7,2;ADD:7,3;ADD:8,2;REMOVE:2,8;REMOVE:3,8;REMOVE:4,2;REMOVE:4,9;REMOVE:6,7;REMOVE:7,7;REMOVE:8,8;REMOVE:9,7","server 0: - | server 1: - | server 2: 0,5,6,7,8 | server 3: 3,7 | server 4: - | server 5: - | server 6: - | server 7: 0,2,4,5 | server 8: 4,9 | server 9: 3"
1313,1313,after_slot_decision,"ADD:0,8;ADD:1,2;ADD:2,8;ADD:3,7;ADD:5,8;ADD:6,7;ADD:7,8;ADD:8,3;ADD:8,7;ADD:9,7;REMOVE:0,2;REMOVE:3,3;REMOVE:3,9;REMOVE:5,2;REMOVE:6,2;REMOVE:7,2;REMOVE:7,3;REMOVE:8,2","server 0: - | server 1: - | server 2: 1 | server 3: 8 | server 4: - | server 5: - | server 6: - | server 7: 0,2,3,4,5,6,8,9 | server 8: 0,2,4,5,7,9 | server 9: -"
1314,1314,after_slot_decision,"ADD:1,8;ADD:3,2;ADD:4,2;ADD:5,2;ADD:6,8;ADD:7,7;ADD:9,2;REMOVE:1,2;REMOVE:4,8;REMOVE:5,8;REMOVE:7,8;REMOVE:8,3;REMOVE:9,8","server 0: - | server 1: - | server 2: 3,4,5,9 | server 3: - | server 4: - | server 5: - | server 6: - | server 7: 0,2,3,4,5,6,7,8,9 | server 8: 0,1,2,6 | server 9: -"
1315,1315,after_slot_decision,"ADD:1,2;ADD:2,2;ADD:3,8;ADD:7,0;ADD:8,2;REMOVE:1,8;REMOVE:2,8;REMOVE:3,2;REMOVE:5,2;REMOVE:7,7;REMOVE:9,2","server 0: 7 | server 1: - | server 2: 1,2,4,8 | server 3: - | server 4: - | server 5: - | server 6: - | server 7: 0,2,3,4,5,6,8,9 | server 8: 0,3,6 | server 9: -"
1316,1316,after_slot_decision,"ADD:2,8;ADD:3,3;ADD:5,2;ADD:7,7;ADD:9,8;REMOVE:0,7;REMOVE:1,2;REMOVE:2,2;REMOVE:3,7;REMOVE:3,8;REMOVE:5,7;REMOVE:6,8;REMOVE:7,0;REMOVE:8,7","server 0: - | server 1: - | server 2: 4,5,8 | server 3: 3 | server 4: - | server 5: - | server 6: - | server 7: 2,4,6,7,9 | server 8: 0,2,9 | server 9: -"
1317,1317,after_slot_decision,"ADD:0,7;ADD:1,8;ADD:2,2;ADD:3,7;ADD:3,8;ADD:7,8;ADD:8,7;REMOVE:2,7;REMOVE:2,8;REMOVE:3,3;REMOVE:7,7;REMOVE:8,2;REMOVE:9,7","server 0: - | server 1: - | server 2: 2,4,5 | server 3: - | server 4: - | server 5: - | server 6: - | server 7: 0,3,4,6,8 | server 8: 0,1,3,7,9 | server 9: -"
1318,1318,after_slot_decision,"ADD:1,7;ADD:2,7;ADD:2,8;ADD:5,7;ADD:6,2;ADD:7,2;ADD:8,8;REMOVE:0,8;REMOVE:1,8;REMOVE:2,2;REMOVE:3,8;REMOVE:5,2;REMOVE:7,8;REMOVE:8,7","server 0: - | server 1: - | server 2: 4,6,7 | server 3: - | server 4: - | server 5: - | server 6: - | server 7: 0,1,2,3,4,5,6 | server 8: 2,8,9 | server 9: -"
1319,1319,after_slot_decision,"ADD:0,2;ADD:0,8;ADD:2,2;ADD:3,8;ADD:5,8;ADD:8,7;ADD:9,2;REMOVE:0,7;REMOVE:1,7;REMOVE:2,7;REMOVE:2,8;REMOVE:3,7;REMOVE:4,2;REMOVE:8,8;REMOVE:9,8","server 0: - | server 1: - | server 2: 0,2,6,7,9 | server 3: - | server 4: - | server 5: - | server 6: - | server 7: 4,5,6,8 | server 8: 0,3,5 | server 9: -"
1320,1320,after_slot_decision,"ADD:2,7;ADD:2,8;ADD:3,2;ADD:3,7;ADD:4,2;ADD:7,7;ADD:9,7;REMOVE:0,2;REMOVE:2,2;REMOVE:3,8;REMOVE:7,2","server 0: - | server 1: - | server 2: 3,4,6,9 | server 3: - | server 4: - | server 5: - | server 6: - | server 7: 2,3,4,5,6,7,8,9 | server 8: 0,2,5 | server 9: -"
1321,1321,after_slot_decision,"ADD:0,2;ADD:0,7;ADD:1,5;ADD:3,8;ADD:6,8;ADD:7,2;REMOVE:0,8;REMOVE:2,8;REMOVE:3,2;REMOVE:6,2;REMOVE:7,7;REMOVE:9,7","server 0: - | server 1: - | server 2: 0,4,7,9 | server 3: - | server 4: - | server 5: 1 | server 6: - | server 7: 0,2,3,4,5,6,8 | server 8: 3,5,6 | server 9: -"
1322,1322,after_slot_decision,"ADD:1,4;ADD:2,8;ADD:7,7;ADD:9,3;ADD:9,7;REMOVE:1,5;REMOVE:3,7;REMOVE:5,7;REMOVE:7,2;REMOVE:9,2","server 0: - | server 1: - | server 2: 0,4 | server 3: 9 | server 4: 1 | server 5: - | server 6: - | server 7: 0,2,4,6,7,8,9 | server 8: 2,3,5,6 | server 9: -"
1323,1323,after_slot_decision,"ADD:1,1;ADD:2,2;ADD:3,2;ADD:3,3;ADD:4,8;ADD:5,7;ADD:7,2;REMOVE:0,2;REMOVE:1,4;REMOVE:2,8;REMOVE:3,8;REMOVE:4,2;REMOVE:5,8;REMOVE:6,8","server 0: - | server 1: 1 | server 2: 2,3,7 | server 3: 3,9 | server 4: - | server 5: - | server 6: - | server 7: 0,2,4,5,6,7,8,9 | server 8: 4 | server 9: -"
1324,1324,after_slot_decision,"ADD:1,2;ADD:1,9;ADD:2,8;ADD:3,7;ADD:5,3;ADD:6,8;REMOVE:1,1;REMOVE:2,2;REMOVE:3,2;REMOVE:3,3;REMOVE:6,7;REMOVE:7,2;REMOVE:9,3","server 0: - | server 1: - | server 2: 1 | server 3: 5 | server 4: - | server 5: - | server 6: - | server 7: 0,2,3,4,5,7,8,9 | server 8: 2,4,6 | server 9: 1"
1325,1325,after_slot_decision,"ADD:0,2;ADD:0,8;ADD:1,7;ADD:5,2;ADD:6,7;REMOVE:0,7;REMOVE:1,2;REMOVE:1,9;REMOVE:4,8;REMOVE:5,7;REMOVE:6,8","server 0: - | server 1: - | server 2: 0,5 | server 3: 5 | server 4: - | server 5: - | server 6: - | server 7: 1,2,3,4,6,7,8,9 | server 8: 0,2 | server 9: -"
1326,1326,after_slot_decision,"ADD:0,7;ADD:2,2;ADD:3,2;ADD:3,3;ADD:4,8;ADD:5,7;REMOVE:0,2;REMOVE:0,8;REMOVE:2,8;REMOVE:3,7;REMOVE:5,2;REMOVE:5,3","server 0: - | server 1: - | server 2: 2,3 | server 3: 3 | server 4: - | server 5: - | server 6: - | server 7: 0,1,2,4,5,6,7,8,9 | server 8: 4 | server 9: -"
1327,1327,after_slot_decision,"ADD:0,8;ADD:2,3;ADD:3,7;ADD:3,8;ADD:7,2;ADD:7,8;ADD:8,8;REMOVE:0,7;REMOVE:2,2;REMOVE:3,2;REMOVE:3,3;REMOVE:7,7;REMOVE:8,7","server 0: - | server 1: - | server 2: 7 | server 3: 2 | server 4: - | server 5: - | server 6: - | server 7: 1,2,3,4,5,6,9 | server 8: 0,3,4,7,8 | server 9: -"
1328,1328,after_slot_decision,"ADD:0,2;ADD:2,8;ADD:4,2;ADD:6,2;ADD:7,3;ADD:7,7;ADD:8,2;ADD:9,2;REMOVE:2,3;REMOVE:4,8;REMOVE:7,2;REMOVE:7,8;REMOVE:8,8","server 0: - | server 1: - | server 2: 0,4,6,8,9 | server 3: 7 | server 4: - | server 5: - | server 6: - | server 7: 1,2,3,4,5,6,7,9 | server 8: 0,2,3 | server 9: -"
1329,1329,after_slot_decision,"ADD:0,7;ADD:1,2;ADD:2,2;ADD:3,2;ADD:4,8;ADD:5,3;ADD:6,8;ADD:8,8;ADD:9,3;REMOVE:0,2;REMOVE:0,8;REMOVE:1,7;REMOVE:2,7;REMOVE:2,8;REMOVE:3,7;REMOVE:3,8;REMOVE:4,2;REMOVE:6,2;REMOVE:7,3;REMOVE:9,2","server 0: - | server 1: - | server 2: 1,2,3,8 | server 3: 5,9 | server 4: - | server 5: - | server 6: - | server 7: 0,4,5,6,7,9 | server 8: 4,6,8 | server 9: -"
1330,1330,after_slot_decision,"ADD:1,7;ADD:1,8;ADD:2,8;ADD:3,7;ADD:5,2;ADD:8,7;REMOVE:1,2;REMOVE:3,2;REMOVE:4,8;REMOVE:5,3;REMOVE:6,8;REMOVE:8,2;REMOVE:8,8;REMOVE:9,3","server 0: - | server 1: - | server 2: 2,5 | server 3: - | server 4: - | server 5: - | server 6: - | server 7: 0,1,3,4,5,6,7,8,9 | server 8: 1,2 | server 9: -"
1331,1331,after_slot_decision,"ADD:0,8;ADD:1,2;ADD:2,3;ADD:2,7;ADD:3,5;ADD:3,8;ADD:4,2;ADD:6,2;ADD:7,8;ADD:9,8;REMOVE:1,8;REMOVE:2,2;REMOVE:2,8;REMOVE:3,7;REMOVE:5,2;REMOVE:9,7","server 0: - | server 1: - | server 2: 1,4,6 | server 3: 2 | server 4: - | server 5: 3 | server 6: - | server 7: 0,1,2,4,5,6,7,8 | server 8: 0,3,7,9 | server 9: -"
1332,1332,after_slot_decision,"ADD:1,9;ADD:7,3;ADD:8,2;ADD:9,7;REMOVE:0,8;REMOVE:1,2;REMOVE:1,7;REMOVE:2,3;REMOVE:3,5;REMOVE:4,2;REMOVE:6,2;REMOVE:7,7;REMOVE:7,8;REMOVE:8,7;REMOVE:9,8","server 0: - | server 1: - | server 2: 8 | server 3: 7 | server 4: - | server 5: - | server 6: - | server 7: 0,2,4,5,6,9 | server 8: 3 | server 9: 1"
1333,1333,after_slot_decision,"ADD:1,7;ADD:2,8;ADD:3,4;ADD:4,2;ADD:5,8;ADD:6,8;ADD:7,2;ADD:8,7;ADD:9,2;REMOVE:1,9;REMOVE:2,7;REMOVE:3,8;REMOVE:4,7;REMOVE:7,3;REMOVE:8,2","server 0: - | server 1: - | server 2: 4,7,9 | server 3: - | server 4: 3 | server 5: - | server 6: - | server 7: 0,1,5,6,8,9 | server 8: 2,5,6 | server 9: -"
1334,1334,after_slot_decision,"ADD:2,3;ADD:2,9;ADD:3,2;ADD:4,7;ADD:5,2;ADD:6,2;ADD:7,7;ADD:8,2;REMOVE:2,8;REMOVE:3,4;REMOVE:4,2;REMOVE:5,7;REMOVE:6,8;REMOVE:7,2;REMOVE:9,7","server 0: - | server 1: - | server 2: 3,5,6,8,9 | server 3: 2 | server 4: - | server 5: - | server 6: - | server 7: 0,1,4,6,7,8 | server 8: 5 | server 9: 2"
1335,1335,after_slot_decision,"ADD:0,8;ADD:1,2;ADD:2,2;ADD:2,7;ADD:3,7;ADD:5,7;ADD:7,3;ADD:9,7;REMOVE:0,7;REMOVE:1,7;REMOVE:2,3;REMOVE:2,9;REMOVE:5,2;REMOVE:5,8","server 0: - | server 1: - | server 2: 1,2,3,6,8,9 | server 3: 7 | server 4: - | server 5: - | server 6: - | server 7: 2,3,4,5,6,7,8,9 | server 8: 0 | server 9: -"
1336,1336,after_slot_decision,"ADD:0,2;ADD:0,7;ADD:1,7;ADD:4,2;ADD:5,3;ADD:6,8;ADD:6,9;ADD:7,2;ADD:9,8;REMOVE:0,8;REMOVE:1,2;REMOVE:3,2;REMOVE:6,2;REMOVE:6,7;REMOVE:7,7;REMOVE:8,7;REMOVE:9,2","server 0: - | server 1: - | server 2: 0,2,4,7,8 | server 3: 5,7 | server 4: - | server 5: - | server 6: - | server 7: 0,1,2,3,4,5,9 | server 8: 6,9 | server 9: 6"
1337,1337,after_slot_decision,"ADD:0,8;ADD:1,2;ADD:5,2;ADD:6,7;ADD:7,7;ADD:8,7;ADD:9,2;REMOVE:0,2;REMOVE:0,7;REMOVE:1,7;REMOVE:2,2;REMOVE:5,3;REMOVE:6,8;REMOVE:6,9;REMOVE:7,2;REMOVE:7,3;REMOVE:9,8","server 0: - | server 1: - | server 2: 1,4,5,8,9 | server 3: - | server 4: - | server 5: - | server 6: - | server 7: 2,3,4,5,6,7,8,9 | server 8: 0 | server 9: -"
1338,1338,after_slot_decision,"ADD:0,7;ADD:1,7;ADD:1,8;ADD:2,2;ADD:3,8;ADD:5,8;ADD:6,2;REMOVE:0,8;REMOVE:1,2;REMOVE:5,2;REMOVE:5,7;REMOVE:8,2","server 0: - | server 1: - | server 2: 2,4,6,9 | server 3: - | server 4: - | server 5: - | server 6: - | server 7: 0,1,2,3,4,6,7,8,9 | server 8: 1,3,5 | server 9: -"
1339,1339,after_slot_decision,"ADD:2,8;ADD:3,6;ADD:5,7;ADD:7,4;REMOVE:1,7;REMOVE:2,2;REMOVE:2,7;REMOVE:3,7;REMOVE:5,8;REMOVE:7,7;REMOVE:9,2","server 0: - | server 1: - | server 2: 4,6 | server 3: - | server 4: 7 | server 5: - | server 6: 3 | server 7: 0,4,5,6,8,9 | server 8: 1,2,3 | server 9: -"
1340,1340,after_slot_decision,"ADD:1,7;ADD:2,2;ADD:2,7;ADD:3,7;ADD:5,8;ADD:6,8;ADD:7,2;ADD:9,2;REMOVE:1,8;REMOVE:2,8;REMOVE:3,6;REMOVE:3,8;REMOVE:4,2;REMOVE:5,7;REMOVE:6,7;REMOVE:7,4","server 0: - | server 1: - | server 2: 2,6,7,9 | server 3: - | server 4: - | server 5: - | server 6: - | server 7: 0,1,2,3,4,8,9 | server 8: 5,6 | server 9: -"
1341,1341,after_slot_decision,"ADD:0,8;ADD:1,2;ADD:3,2;ADD:4,2;ADD:5,2;ADD:6,7;ADD:7,3;ADD:7,7;ADD:8,2;ADD:9,3;REMOVE:2,2;REMOVE:6,8;REMOVE:7,2;REMOVE:9,2","server 0: - | server 1: - | server 2: 1,3,4,5,6,8 | server 3: 7,9 | server 4: - | server 5: - | server 6: - | server 7: 0,1,2,3,4,6,7,8,9 | server 8: 0,5 | server 9: -"
1342,1342,after_slot_decision,"ADD:0,2;ADD:7,2;ADD:7,8;ADD:9,8;REMOVE:0,8;REMOVE:5,8;REMOVE:7,3;REMOVE:7,7;REMOVE:9,3","server 0: - | server 1: - | server 2: 0,1,3,4,5,6,7,8 | server 3: - | server 4: - | server 5: - | server 6: - | server 7: 0,1,2,3,4,6,8,9 | server 8: 7,9 | server 9: -"
1343,1343,after_slot_decision,"ADD:1,8;ADD:2,2;ADD:4,8;ADD:5,7;ADD:6,8;ADD:7,7;REMOVE:0,7;REMOVE:1,2;REMOVE:3,2;REMOVE:4,2;REMOVE:4,7;REMOVE:5,2;REMOVE:6,2;REMOVE:7,2;REMOVE:7,8;REMOVE:8,2;REMOVE:9,8","server 0: - | server 1: - | server 2: 0,2 | server 3: - | server 4: - | server 5: - | server 6: - | server 7: 1,2,3,5,6,7,8,9 | server 8: 1,4,6 | server 9: -"
1344,1344,after_slot_decision,"ADD:0,7;ADD:1,2;ADD:2,3;ADD:3,2;ADD:4,7;ADD:5,2;ADD:6,3;ADD:8,2;ADD:8,9;ADD:9,8;REMOVE:0,2;REMOVE:1,7;REMOVE:2,7;REMOVE:4,8;REMOVE:6,8;REMOVE:8,7","server 0: - | server 1: - | server 2: 1,2,3,5,8 | server 3: 2,6 | server 4: - | server 5: - | server 6: - | server 7: 0,3,4,5,6,7,9 | server 8: 1,9 | server 9: 8"
1345,1345,after_slot_decision,"ADD:1,7;ADD:2,7;ADD:4,2;ADD:6,2;ADD:7,2;ADD:8,7;ADD:9,2;REMOVE:1,2;REMOVE:1,8;REMOVE:2,2;REMOVE:2,3;REMOVE:4,7;REMOVE:6,7;REMOVE:7,7;REMOVE:8,2;REMOVE:8,9;REMOVE:9,8","server 0: - | server 1: - | server 2: 3,4,5,6,7,9 | server 3: 6 | server 4: - | server 5: - | server 6: - | server 7: 0,1,2,3,5,8,9 | server 8: - | server 9: -"
1346,1346,after_slot_decision,"ADD:1,2;ADD:1,8;ADD:4,7;ADD:4,8;ADD:5,8;ADD:6,7;ADD:7,7;ADD:9,8;REMOVE:1,7;REMOVE:3,2;REMOVE:4,2;REMOVE:5,2;REMOVE:6,2;REMOVE:6,3;REMOVE:7,2;REMOVE:9,2","server 0: - | server 1: - | server 2: 1 | server 3: - | server 4: - | server 5: - | server 6: - | server 7: 0,2,3,4,5,6,7,8,9 | server 8: 1,4,5,9 | server 9: -"
1347,1347,after_slot_decision,"ADD:0,8;ADD:2,8;ADD:3,2;ADD:3,8;ADD:8,2;REMOVE:1,2;REMOVE:3,7;REMOVE:4,8;REMOVE:5,8;REMOVE:9,7","server 0: - | server 1: - | server 2: 3,8 | server 3: - | server 4: - | server 5: - | server 6: - | server 7: 0,2,4,5,6,7,8 | server 8: 0,1,2,3,9 | server 9: -"
1348,1348,after_slot_decision,"ADD:1,2;ADD:1,7;ADD:3,7;ADD:4,3;ADD:5,2;ADD:7,8;ADD:9,2;REMOVE:1,8;REMOVE:3,2;REMOVE:7,7","server 0: - | server 1: - | server 2: 1,5,8,9 | server 3: 4 | server 4: - | server 5: - | server 6: - | server 7: 0,1,2,3,4,5,6,8 | server 8: 0,2,3,7,9 | server 9: -"
1349,1349,after_slot_decision,"ADD:0,2;ADD:2,2;ADD:3,2;ADD:4,2;ADD:6,8;ADD:7,7;ADD:8,8;ADD:8,9;ADD:9,7;REMOVE:0,8;REMOVE:1,2;REMOVE:2,8;REMOVE:3,7;REMOVE:3,8;REMOVE:4,3;REMOVE:5,2;REMOVE:7,8;REMOVE:8,2;REMOVE:8,7;REMOVE:9,8","server 0: - | server 1: - | server 2: 0,2,3,4,9 | server 3: - | server 4: - | server 5: - | server 6: - | server 7: 0,1,2,4,5,6,7,9 | server 8: 6,8 | server 9: 8"
1350,1350,after_slot_decision,"ADD:3,7;ADD:4,8;ADD:5,2;ADD:6,2;REMOVE:2,2;REMOVE:3,2;REMOVE:4,2;REMOVE:6,8;REMOVE:8,8;REMOVE:9,2","server 0: - | server 1: - | server 2: 0,5,6 | server 3: - | server 4: - | server 5: - | server 6: - | server 7: 0,1,2,3,4,5,6,7,9 | server 8: 4 | server 9: 8"
1351,1351,after_slot_decision,"ADD:0,8;ADD:1,5;ADD:2,3;ADD:5,8;ADD:8,2;ADD:9,8;REMOVE:0,2;REMOVE:5,2;REMOVE:6,2","server 0: - | server 1: - | server 2: 8 | server 3: 2 | server 4: - | server 5: 1 | server 6: - | server 7: 0,1,2,3,4,5,6,7,9 | server 8: 0,4,5,9 | server 9: 8"
1352,1352,after_slot_decision,"ADD:2,2;ADD:3,8;ADD:7,8;ADD:9,2;REMOVE:1,5;REMOVE:2,3;REMOVE:7,7;REMOVE:8,9;REMOVE:9,8","server 0: - | server 1: - | server 2: 2,8,9 | server 3: - | server 4: - | server 5: - | server 6: - | server 7: 0,1,2,3,4,5,6,9 | server 8: 0,3,4,5,7 | server 9: -"
1353,1353,after_slot_decision,"ADD:4,2;ADD:6,8;ADD:7,2;ADD:8,8;REMOVE:0,8;REMOVE:2,2;REMOVE:3,8;REMOVE:4,8;REMOVE:5,8;REMOVE:6,7;REMOVE:7,8;REMOVE:8,2","server 0: - | server 1: - | server 2: 4,7,9 | server 3: - | server 4: - | server 5: - | server 6: - | server 7: 0,1,2,3,4,5,9 | server 8: 6,8 | server 9: -"
1354,1354,after_slot_decision,"ADD:0,2;ADD:2,2;ADD:3,2;ADD:3,8;ADD:4,8;ADD:5,2;ADD:6,2;ADD:6,7;ADD:7,7;ADD:8,7;ADD:9,8;REMOVE:3,7;REMOVE:4,2;REMOVE:6,8;REMOVE:7,2;REMOVE:8,8;REMOVE:9,2","server 0: - | server 1: - | server 2: 0,2,3,5,6 | server 3: - | server 4: - | server 5: - | server 6: - | server 7: 0,1,2,4,5,6,7,8,9 | server 8: 3,4,9 | server 9: -"
1355,1355,after_slot_decision,"ADD:1,8;ADD:3,7;ADD:4,2;ADD:7,8;ADD:9,2;REMOVE:3,8;REMOVE:4,8;REMOVE:5,2;REMOVE:9,8","server 0: - | server 1: - | server 2: 0,2,3,4,6,9 | server 3: - | server 4: - | server 5: - | server 6: - | server 7: 0,1,2,3,4,5,6,7,8,9 | server 8: 1,7 | server 9: -"
1356,1356,after_slot_decision,"ADD:0,8;ADD:2,8;ADD:3,8;ADD:6,8;ADD:7,1;ADD:8,2;ADD:8,9;ADD:9,8;REMOVE:0,2;REMOVE:1,8;REMOVE:2,2;REMOVE:3,2;REMOVE:6,2;REMOVE:7,7;REMOVE:7,8;REMOVE:8,7;REMOVE:9,2","server 0: - | server 1: 7 | server 2: 4,8 | server 3: - | server 4: - | server 5: - | server 6: - | server 7: 0,1,2,3,4,5,6,9 | server 8: 0,2,3,6,9 | server 9: 8"
1357,1357,after_slot_decision,"ADD:0,2;ADD:1,2;ADD:2,2;ADD:4,8;ADD:5,2;ADD:7,7;ADD:8,7;REMOVE:0,7;REMOVE:0,8;REMOVE:1,7;REMOVE:2,8;REMOVE:3,8;REMOVE:4,2;REMOVE:6,8;REMOVE:7,1;REMOVE:8,2;REMOVE:8,9;REMOVE:9,7","server 0: - | server 1: - | server 2: 0,1,2,5 | server 3: - | server 4: - | server 5: - | server 6: - | server 7: 2,3,4,5,6,7,8 | server 8: 4,9 | server 9: -"
1358,1358,after_slot_decision,"ADD:0,7;ADD:0,8;ADD:1,7;ADD:7,2;ADD:8,8;ADD:9,7;REMOVE:0,2;REMOVE:1,2;REMOVE:2,2;REMOVE:4,8;REMOVE:7,7;REMOVE:9,8","server 0: - | server 1: - | server 2: 5,7 | server 3: - | server 4: - | server 5: - | server 6: - | server 7: 0,1,2,3,4,5,6,8,9 | server 8: 0,8 | server 9: -"
1359,1359,after_slot_decision,"ADD:1,8;ADD:1,9;ADD:2,2;ADD:4,2;ADD:4,8;ADD:6,2;ADD:6,8;ADD:7,7;ADD:9,2;REMOVE:0,8;REMOVE:1,7;REMOVE:4,7;REMOVE:6,7;REMOVE:7,2;REMOVE:8,8;REMOVE:9,7","server 0: - | server 1: - | server 2: 2,4,5,6,9 | server 3: - | server 4: - | server 5: - | server 6: - | server 7: 0,2,3,5,7,8 | server 8: 1,4,6 | server 9: 1"
1360,1360,after_slot_decision,"ADD:0,2;ADD:1,7;ADD:3,2;ADD:3,8;ADD:4,7;ADD:6,7;ADD:7,5;ADD:7,8;ADD:9,8;REMOVE:0,7;REMOVE:1,8;REMOVE:1,9;REMOVE:3,7;REMOVE:4,8;REMOVE:6,2;REMOVE:6,8;REMOVE:7,7;REMOVE:9,2","server 0: - | server 1: - | server 2: 0,2,3,4,5 | server 3: - | server 4: - | server 5: 7 | server 6: - | server 7: 1,2,4,5,6,8 | server 8: 3,7,9 | server 9: -"
1361,1361,after_slot_decision,"ADD:0,7;ADD:0,8;ADD:2,8;ADD:8,8;REMOVE:0,2;REMOVE:2,2;REMOVE:3,8;REMOVE:5,2;REMOVE:7,5;REMOVE:8,7;REMOVE:9,8","server 0: - | server 1: - | server 2: 3,4 | server 3: - | server 4: - | server 5: - | server 6: - | server 7: 0,1,2,4,5,6 | server 8: 0,2,7,8 | server 9: -"
1362,1362,after_slot_decision,"ADD:0,2;ADD:3,7;ADD:5,2;ADD:5,9;ADD:7,7;ADD:8,7;ADD:9,7;REMOVE:0,8;REMOVE:4,2;REMOVE:5,7;REMOVE:7,8;REMOVE:8,8","server 0: - | server 1: - | server 2: 0,3,5 | server 3: - | server 4: - | server 5: - | server 6: - | server 7: 0,1,2,3,4,6,7,8,9 | server 8: 2 | server 9: 5"
1363,1363,after_slot_decision,"ADD:0,8;ADD:4,8;ADD:5,7;ADD:6,8;ADD:8,2;ADD:9,2;REMOVE:0,2;REMOVE:0,7;REMOVE:5,2;REMOVE:5,9;REMOVE:9,7","server 0: - | server 1: - | server 2: 3,8,9 | server 3: - | server 4: - | server 5: - | server 6: - | server 7: 1,2,3,4,5,6,7,8 | server 8: 0,2,4,6 | server 9: -"
1364,1364,after_slot_decision,"ADD:0,9;ADD:1,8;ADD:2,2;ADD:5,8;ADD:6,2;ADD:9,7;REMOVE:0,8;REMOVE:2,7;REMOVE:3,2;REMOVE:6,8;REMOVE:9,2","server 0: - | server 1: - | server 2: 2,6,8 | server 3: - | server 4: - | server 5: - | server 6: - | server 7: 1,3,4,5,6,7,8,9 | server 8: 1,2,4,5 | server 9: 0"
1365,1365,after_slot_decision,"ADD:0,7;ADD:2,7;ADD:4,2;ADD:8,8;REMOVE:0,9;REMOVE:2,8;REMOVE:4,8;REMOVE:5,8;REMOVE:6,2;REMOVE:8,2;REMOVE:8,7","server 0: - | server 1: - | server 2: 2,4 | server 3: - | server 4: - | server 5: - | server 6: - | server 7: 0,1,2,3,4,5,6,7,9 | server 8: 1,8 | server 9: -"
1366,1366,after_slot_decision,"ADD:1,2;ADD:2,8;ADD:3,8;ADD:4,8;ADD:5,8;ADD:8,9;REMOVE:1,7;REMOVE:1,8;REMOVE:2,2;REMOVE:4,2;REMOVE:8,8","server 0: - | server 1: - | server 2: 1 | server 3: - | server 4: - | server 5: - | server 6: - | server 7: 0,2,3,4,5,6,7,9 | server 8: 2,3,4,5 | server 9: 8"
1367,1367,after_slot_decision,"ADD:1,8;ADD:2,2;ADD:4,2;ADD:6,2;ADD:7,2;ADD:8,7;ADD:9,8;REMOVE:1,2;REMOVE:2,8;REMOVE:4,8;REMOVE:5,8;REMOVE:7,7;REMOVE:8,9;REMOVE:9,7","server 0: - | server 1: - | server 2: 2,4,6,7 | server 3: - | server 4: - | server 5: - | server 6: - | server 7: 0,2,3,4,5,6,8 | server 8: 1,3,9 | server 9: -"
1368,1368,after_slot_decision,"ADD:1,7;ADD:4,8;ADD:5,3;ADD:6,8;ADD:7,7;ADD:8,2;ADD:8,9;ADD:9,7;REMOVE:1,8;REMOVE:2,7;REMOVE:3,8;REMOVE:4,2;REMOVE:4,7;REMOVE:6,2;REMOVE:7,2;REMOVE:8,7;REMOVE:9,8","server 0: - | server 1: - | server 2: 2,8 | server 3: 5 | server 4: - | server 5: - | server 6: - | server 7: 0,1,3,5,6,7,9 | server 8: 4,6 | server 9: 8"
1369,1369,after_slot_decision,"ADD:0,8;ADD:1,2;ADD:2,7;ADD:3,2;ADD:4,2;ADD:4,7;ADD:5,8;ADD:6,2;ADD:7,2;ADD:8,7;ADD:9,2;REMOVE:1,7;REMOVE:4,8;REMOVE:5,3;REMOVE:6,8;REMOVE:8,9;REMOVE:9,7","server 0: - | server 1: - | server 2: 1,2,3,4,6,7,8,9 | server 3: - | server 4: - | server 5: - | server 6: - | server 7: 0,2,3,4,5,6,7,8 | server 8: 0,5 | server 9: -"
1370,1370,after_slot_decision,"ADD:1,7;ADD:1,8;ADD:4,8;ADD:6,8;ADD:9,7;REMOVE:0,8;REMOVE:1,2;REMOVE:3,2;REMOVE:4,2;REMOVE:6,2;REMOVE:7,2;REMOVE:8,2;REMOVE:9,2","server 0: - | server 1: - | server 2: 2 | server 3: - | server 4: - | server 5: - | server 6: - | server 7: 0,1,2,3,4,5,6,7,8,9 | server 8: 1,4,5,6 | server 9: -"
1371,1371,after_slot_decision,"ADD:0,2;ADD:1,2;ADD:7,2;ADD:8,8;ADD:8,9;REMOVE:1,8;REMOVE:7,7;REMOVE:8,7","server 0: - | server 1: - | server 2: 0,1,2,7 | server 3: - | server 4: - | server 5: - | server 6: - | server 7: 0,1,2,3,4,5,6,9 | server 8: 4,5,6,8 | server 9: 8"
1372,1372,after_slot_decision,"ADD:2,8;ADD:3,8;ADD:7,8;REMOVE:2,2","server 0: - | server 1: - | server 2: 0,1,7 | server 3: - | server 4: - | server 5: - | server 6: - | server 7: 0,1,2,3,4,5,6,9 | server 8: 2,3,4,5,6,7,8 | server 9: 8"
1373,1373,after_slot_decision,"ADD:3,3;ADD:7,7;ADD:8,7;REMOVE:3,8;REMOVE:5,8;REMOVE:7,2;REMOVE:7,8;REMOVE:8,8;REMOVE:8,9","server 0: - | server 1: - | server 2: 0,1 | server 3: 3 | server 4: - | server 5: - | server 6: - | server 7: 0,1,2,3,4,5,6,7,8,9 | server 8: 2,4,6 | server 9: -"
1374,1374,after_slot_decision,"ADD:0,8;ADD:2,3;ADD:4,2;ADD:5,8;ADD:6,2;ADD:7,2;ADD:8,8;REMOVE:0,2;REMOVE:0,7;REMOVE:1,2;REMOVE:2,8;REMOVE:4,7;REMOVE:4,8;REMOVE:6,7;REMOVE:7,7;REMOVE:8,7","server 0: - | server 1: - | server 2: 4,6,7 | server 3: 2,3 | server 4: - | server 5: - | server 6: - | server 7: 1,2,3,5,9 | server 8: 0,5,6,8 | server 9: -"
1375,1375,after_slot_decision,"ADD:0,7;ADD:2,8;ADD:4,7;ADD:5,3;ADD:6,7;ADD:7,7;ADD:8,7;ADD:9,8;REMOVE:0,8;REMOVE:2,3;REMOVE:3,3;REMOVE:5,8;REMOVE:6,2;REMOVE:7,2;REMOVE:8,8;REMOVE:9,7","server 0: - | server 1: - | server 2: 4 | server 3: 5 | server 4: - | server 5: - | server 6: - | server 7: 0,1,2,3,4,5,6,7,8 | server 8: 2,6,9 | server 9: -"
1376,1376,after_slot_decision,"ADD:2,2;ADD:8,2;ADD:9,7;REMOVE:2,8;REMOVE:5,3;REMOVE:6,8;REMOVE:8,7;REMOVE:9,8","server 0: - | server 1: - | server 2: 2,4,8 | server 3: - | server 4: - | server 5: - | server 6: - | server 7: 0,1,2,3,4,5,6,7,9 | server 8: - | server 9: -"
1377,1377,after_slot_decision,"ADD:0,2;ADD:2,8;ADD:3,2;ADD:4,8;ADD:5,2;ADD:6,2;ADD:7,8;ADD:8,7;ADD:8,8;ADD:9,2;ADD:9,9;REMOVE:2,2;REMOVE:4,2;REMOVE:8,2;REMOVE:9,7","server 0: - | server 1: - | server 2: 0,3,5,6,9 | server 3: - | server 4: - | server 5: - | server 6: - | server 7: 0,1,2,3,4,5,6,7,8 | server 8: 2,4,7,8 | server 9: 9"
1378,1378,after_slot_decision,"ADD:1,8;ADD:5,8;ADD:7,3;ADD:8,2;ADD:9,7;REMOVE:0,2;REMOVE:2,8;REMOVE:3,2;REMOVE:5,2;REMOVE:6,2;REMOVE:7,7;REMOVE:7,8;REMOVE:8,8;REMOVE:9,2;REMOVE:9,9","server 0: - | server 1: - | server 2: 8 | server 3: 7 | server 4: - | server 5: - | server 6: - | server 7: 0,1,2,3,4,5,6,8,9 | server 8: 1,4,5 | server 9: -"
1379,1379,after_slot_decision,"ADD:0,3;ADD:2,2;ADD:3,2;ADD:6,2;ADD:7,2;ADD:8,5;ADD:8,8;ADD:9,8;REMOVE:1,8;REMOVE:5,8;REMOVE:8,2;REMOVE:8,7;REMOVE:9,7","server 0: - | server 1: - | server 2: 2,3,6,7 | server 3: 0,7 | server 4: - | server 5: 8 | server 6: - | server 7: 0,1,2,3,4,5,6 | server 8: 4,8,9 | server 9: -"
1380,1380,after_slot_decision,"ADD:0,2;ADD:1,3;ADD:1,8;ADD:4,2;ADD:5,8;ADD:7,7;ADD:7,8;ADD:8,2;ADD:8,7;ADD:9,7;REMOVE:0,3;REMOVE:1,7;REMOVE:2,2;REMOVE:4,8;REMOVE:5,7;REMOVE:7,2;REMOVE:7,3;REMOVE:8,5;REMOVE:8,8;REMOVE:9,8","server 0: - | server 1: - | server 2: 0,3,4,6,8 | server 3: 1 | server 4: - | server 5: - | server 6: - | server 7: 0,2,3,4,6,7,8,9 | server 8: 1,5,7 | server 9: -"
1381,1381,after_slot_decision,"ADD:0,8;ADD:1,2;ADD:2,8;ADD:4,8;ADD:5,2;ADD:5,7;ADD:9,1;ADD:9,8;REMOVE:0,2;REMOVE:1,3;REMOVE:1,8;REMOVE:3,2;REMOVE:4,2;REMOVE:5,8;REMOVE:6,2;REMOVE:8,2;REMOVE:9,7","server 0: - | server 1: 9 | server 2: 1,5 | server 3: - | server 4: - | server 5: - | server 6: - | server 7: 0,2,3,4,5,6,7,8 | server 8: 0,2,4,7,9 | server 9: -"
1382,1382,after_slot_decision,"ADD:0,2;ADD:3,2;ADD:5,3;ADD:7,2;ADD:8,2;ADD:8,8;ADD:9,7;REMOVE:0,7;REMOVE:0,8;REMOVE:5,7;REMOVE:7,7;REMOVE:7,8;REMOVE:8,7;REMOVE:9,1;REMOVE:9,8","server 0: - | server 1: - | server 2: 0,1,3,5,7,8 | server 3: 5 | server 4: - | server 5: - | server 6: - | server 7: 2,3,4,6,9 | server 8: 2,4,8 | server 9: -"
1383,1383,after_slot_decision,"ADD:0,7;ADD:0,8;ADD:1,7;ADD:2,2;ADD:5,7;ADD:6,2;ADD:7,7;ADD:8,7;REMOVE:0,2;REMOVE:2,8;REMOVE:4,8;REMOVE:5,3;REMOVE:7,2;REMOVE:8,8","server 0: - | server 1: - | server 2: 1,2,3,5,6,8 | server 3: - | server 4: - | server 5: - | server 6: - | server 7: 0,1,2,3,4,5,6,7,8,9 | server 8: 0 | server 9: -"
1384,1384,after_slot_decision,"ADD:4,2;ADD:6,8;ADD:7,2;ADD:8,8;ADD:9,2;ADD:9,8;REMOVE:0,8;REMOVE:1,2;REMOVE:2,2;REMOVE:5,2;REMOVE:6,2;REMOVE:8,2;REMOVE:9,7","server 0: - | server 1: - | server 2: 3,4,7,9 | server 3: - | server 4: - | server 5: - | server 6: - | server 7: 0,1,2,3,4,5,6,7,8 | server 8: 6,8,9 | server 9: -"
1385,1385,after_slot_decision,"ADD:0,2;ADD:1,2;ADD:2,2;ADD:4,8;ADD:5,2;REMOVE:1,7;REMOVE:3,2;REMOVE:4,2;REMOVE:7,2;REMOVE:8,8;REMOVE:9,2","server 0: - | server 1: - | server 2: 0,1,2,5 | server 3: - | server 4: - | server 5: - | server 6: - | server 7: 0,2,3,4,5,6,7,8 | server 8: 4,6,9 | server 9: -"
1386,1386,after_slot_decision,"ADD:3,8;ADD:4,2;ADD:7,8;ADD:9,7;REMOVE:0,7;REMOVE:4,8;REMOVE:5,2;REMOVE:6,8;REMOVE:9,8","server 0: - | server 1: - | server 2: 0,1,2,4 | server 3: - | server 4: - | server 5: - | server 6: - | server 7: 2,3,4,5,6,7,8,9 | server 8: 3,7 | server 9: -"
1387,1387,after_slot_decision,"ADD:0,7;ADD:1,7;ADD:3,2;ADD:4,8;ADD:5,8;ADD:6,2;ADD:7,3;ADD:7,5;ADD:9,9;REMOVE:0,2;REMOVE:1,2;REMOVE:3,7;REMOVE:3,8;REMOVE:4,2;REMOVE:7,7;REMOVE:7,8;REMOVE:9,7","server 0: - | server 1: - | server 2: 2,3,6 | server 3: 7 | server 4: - | server 5: 7 | server 6: - | server 7: 0,1,2,4,5,6,8 | server 8: 4,5 | server 9: 9"
1388,1388,after_slot_decision,"ADD:0,2;ADD:0,8;ADD:1,8;ADD:2,9;ADD:3,7;ADD:4,9;ADD:5,2;ADD:6,8;ADD:7,7;ADD:9,3;REMOVE:0,7;REMOVE:2,2;REMOVE:2,7;REMOVE:4,7;REMOVE:5,7;REMOVE:5,8;REMOVE:6,7;REMOVE:7,3;REMOVE:7,5;REMOVE:9,9","server 0: - | server 1: - | server 2: 0,3,5,6 | server 3: 9 | server 4: - | server 5: - | server 6: - | server 7: 1,3,7,8 | server 8: 0,1,4,6 | server 9: 2,4"
1389,1389,after_slot_decision,"ADD:0,7;ADD:2,7;ADD:2,8;ADD:4,2;ADD:5,7;ADD:5,8;ADD:6,7;ADD:9,7;REMOVE:0,2;REMOVE:0,8;REMOVE:1,8;REMOVE:2,9;REMOVE:3,7;REMOVE:4,8;REMOVE:5,2;REMOVE:6,8;REMOVE:9,3","server 0: - | server 1: - | server 2: 3,4,6 | server 3: - | server 4: - | server 5: - | server 6: - | server 7: 0,1,2,5,6,7,8,9 | server 8: 2,5 | server 9: 4"
1390,1390,after_slot_decision,"ADD:0,8;ADD:1,2;ADD:7,8;REMOVE:2,7;REMOVE:5,7;REMOVE:7,7","server 0: - | server 1: - | server 2: 1,3,4,6 | server 3: - | server 4: - | server 5: - | server 6: - | server 7: 0,1,6,8,9 | server 8: 0,2,5,7 | server 9: 4"
1391,1391,after_slot_decision,"ADD:2,7;ADD:3,7;ADD:3,8;ADD:4,7;ADD:5,7;ADD:8,8;ADD:9,8;REMOVE:0,8;REMOVE:1,2;REMOVE:2,8;REMOVE:3,2;REMOVE:4,2;REMOVE:4,9;REMOVE:5,8;REMOVE:6,2;REMOVE:8,7;REMOVE:9,7","server 0: - | server 1: - | server 2: - | server 3: - | server 4: - | server 5: - | server 6: - | server 7: 0,1,2,3,4,5,6 | server 8: 3,7,8,9 | server 9: -"
1392,1392,after_slot_decision,"ADD:2,2;ADD:4,2;ADD:5,6;ADD:6,2;ADD:6,8;ADD:7,2;ADD:8,2;REMOVE:3,8;REMOVE:5,7;REMOVE:6,7;REMOVE:7,8;REMOVE:8,8","server 0: - | server 1: - | server 2: 2,4,6,7,8 | server 3: - | server 4: - | server 5: - | server 6: 5 | server 7: 0,1,2,3,4 | server 8: 6,9 | server 9: -"
1393,1393,after_slot_decision,"ADD:3,2;ADD:5,7;ADD:5,8;ADD:6,7;ADD:7,4;ADD:9,2;REMOVE:0,7;REMOVE:2,2;REMOVE:4,2;REMOVE:5,6;REMOVE:6,2;REMOVE:6,8;REMOVE:7,2;REMOVE:9,8","server 0: - | server 1: - | server 2: 3,8,9 | server 3: - | server 4: 7 | server 5: - | server 6: - | server 7: 1,2,3,4,5,6 | server 8: 5 | server 9: -"
1394,1394,after_slot_decision,"ADD:0,8;ADD:1,2;ADD:3,8;ADD:4,8;ADD:5,2;ADD:6,8;ADD:7,2;ADD:8,7;ADD:8,8;ADD:9,8;REMOVE:1,7;REMOVE:3,2;REMOVE:3,7;REMOVE:4,7;REMOVE:5,8;REMOVE:7,4;REMOVE:8,2;REMOVE:9,2","server 0: - | server 1: - | server 2: 1,5,7 | server 3: - | server 4: - | server 5: - | server 6: - | server 7: 2,5,6,8 | server 8: 0,3,4,6,8,9 | server 9: -"
1395,1395,after_slot_decision,"ADD:1,7;ADD:3,2;ADD:4,2;ADD:4,7;ADD:7,8;ADD:8,2;ADD:9,7;REMOVE:0,8;REMOVE:1,2;REMOVE:3,8;REMOVE:4,8;REMOVE:5,2;REMOVE:6,8;REMOVE:7,2;REMOVE:8,8;REMOVE:9,8","server 0: - | server 1: - | server 2: 3,4,8 | server 3: - | server 4: - | server 5: - | server 6: - | server 7: 1,2,4,5,6,8,9 | server 8: 7 | server 9: -"
1396,1396,after_slot_decision,"ADD:3,8;ADD:4,8;ADD:5,6;ADD:7,5;REMOVE:4,2;REMOVE:5,7;REMOVE:7,8;REMOVE:8,2","server 0: - | server 1: - | server 2: 3 | server 3: - | server 4: - | server 5: 7 | server 6: 5 | server 7: 1,2,4,6,8,9 | server 8: 3,4 | server 9: -"
1397,1397,after_slot_decision,"ADD:2,8;ADD:3,7;ADD:4,2;ADD:5,5;ADD:5,8;ADD:7,7;REMOVE:3,8;REMOVE:4,8;REMOVE:5,6;REMOVE:7,5","server 0: - | server 1: - | server 2: 3,4 | server 3: - | server 4: - | server 5: 5 | server 6: - | server 7: 1,2,3,4,6,7,8,9 | server 8: 2,5 | server 9: -"
1398,1398,after_slot_decision,"ADD:0,6;ADD:3,8;ADD:4,8;ADD:5,2;ADD:8,2;REMOVE:2,8;REMOVE:3,2;REMOVE:4,2;REMOVE:5,5;REMOVE:8,7","server 0: - | server 1: - | server 2: 5,8 | server 3: - | server 4: - | server 5: - | server 6: 0 | server 7: 1,2,3,4,6,7,9 | server 8: 3,4,5 | server 9: -"
1399,1399,after_slot_decision,"ADD:0,8;ADD:5,7;ADD:7,4;ADD:8,8;ADD:9,2;REMOVE:0,6;REMOVE:4,7;REMOVE:5,2;REMOVE:5,8;REMOVE:7,7;REMOVE:8,2;REMOVE:9,7","server 0: - | server 1: - | server 2: 9 | server 3: - | server 4: 7 | server 5: - | server 6: - | server 7: 1,2,3,5,6 | server 8: 0,3,4,8 | server 9: -"
1400,1400,after_slot_decision,"ADD:1,3;ADD:3,2;ADD:3,3;ADD:4,2;ADD:4,7;ADD:5,2;ADD:7,7;ADD:8,7;ADD:9,7;REMOVE:0,8;REMOVE:3,7;REMOVE:3,8;REMOVE:4,8;REMOVE:7,4;REMOVE:8,8;REMOVE:9,2","server 0: - | server 1: - | server 2: 3,4,5 | server 3: 1,3 | server 4: - | server 5: - | server 6: - | server 7: 1,2,4,5,6,7,8,9 | server 8: - | server 9: -"
1401,1401,after_slot_decision,"ADD:0,9;ADD:1,5;ADD:2,8;ADD:3,7;ADD:6,8;ADD:8,2;ADD:8,8;ADD:9,5;ADD:9,8;REMOVE:1,3;REMOVE:1,7;REMOVE:3,3;REMOVE:4,2;REMOVE:5,2;REMOVE:8,7;REMOVE:9,7","server 0: - | server 1: - | server 2: 3,8 | server 3: - | server 4: - | server 5: 1,9 | server 6: - | server 7: 2,3,4,5,6,7 | server 8: 2,6,8,9 | server 9: 0"
1402,1402,after_slot_decision,"ADD:0,7;ADD:1,7;ADD:3,9;ADD:7,8;ADD:9,6;REMOVE:0,9;REMOVE:1,5;REMOVE:2,8;REMOVE:3,2;REMOVE:3,7;REMOVE:6,8;REMOVE:7,7;REMOVE:9,5;REMOVE:9,8","server 0: - | server 1: - | server 2: 8 | server 3: - | server 4: - | server 5: - | server 6: 9 | server 7: 0,1,2,4,5,6 | server 8: 7,8 | server 9: 3"
1403,1403,after_slot_decision,"ADD:1,2;ADD:2,2;ADD:3,8;ADD:4,2;ADD:4,8;ADD:6,2;ADD:7,4;ADD:9,7;REMOVE:1,7;REMOVE:2,7;REMOVE:3,9;REMOVE:4,7;REMOVE:7,8;REMOVE:8,8;REMOVE:9,6","server 0: - | server 1: - | server 2: 1,2,4,6,8 | server 3: - | server 4: 7 | server 5: - | server 6: - | server 7: 0,5,6,9 | server 8: 3,4 | server 9: -"
1404,1404,after_slot_decision,"ADD:0,8;ADD:0,9;ADD:1,5;ADD:2,7;ADD:3,7;ADD:4,7;ADD:7,7;ADD:8,7;ADD:9,8;REMOVE:0,7;REMOVE:1,2;REMOVE:3,8;REMOVE:4,2;REMOVE:6,2;REMOVE:7,4;REMOVE:9,7","server 0: - | server 1: - | server 2: 2,8 | server 3: - | server 4: - | server 5: 1 | server 6: - | server 7: 2,3,4,5,6,7,8 | server 8: 0,4,9 | server 9: 0"
1405,1405,after_slot_decision,"ADD:0,7;ADD:1,2;ADD:4,2;ADD:6,8;ADD:7,8;ADD:8,8;ADD:9,2;REMOVE:0,8;REMOVE:0,9;REMOVE:1,5;REMOVE:2,2;REMOVE:4,8;REMOVE:6,7;REMOVE:7,7;REMOVE:8,2;REMOVE:9,8","server 0: - | server 1: - | server 2: 1,4,9 | server 3: - | server 4: - | server 5: - | server 6: - | server 7: 0,2,3,4,5,8 | server 8: 6,7,8 | server 9: -"
1406,1406,after_slot_decision,"ADD:0,2;ADD:1,8;ADD:3,8;ADD:4,8;ADD:5,2;ADD:6,5;ADD:8,9;ADD:9,7;REMOVE:1,2;REMOVE:3,7;REMOVE:4,7;REMOVE:5,7;REMOVE:6,8;REMOVE:8,7;REMOVE:8,8;REMOVE:9,2","server 0: - | server 1: - | server 2: 0,4,5 | server 3: - | server 4: - | server 5: 6 | server 6: - | server 7: 0,2,9 | server 8: 1,3,4,7 | server 9: 8"
1407,1407,after_slot_decision,"ADD:1,7;ADD:3,3;ADD:4,7;ADD:5,7;ADD:6,8;ADD:7,7;ADD:8,7;ADD:9,8;REMOVE:0,2;REMOVE:1,8;REMOVE:3,8;REMOVE:4,2;REMOVE:4,8;REMOVE:5,2;REMOVE:6,5;REMOVE:7,8;REMOVE:8,9;REMOVE:9,7","server 0: - | server 1: - | server 2: - | server 3: 3 | server 4: - | server 5: - | server 6: - | server 7: 0,1,2,4,5,7,8 | server 8: 6,9 | server 9: -"
1408,1408,after_slot_decision,"ADD:0,8;ADD:2,2;ADD:3,7;ADD:4,2;ADD:5,5;ADD:6,7;ADD:8,8;ADD:9,3;REMOVE:2,7;REMOVE:3,3;REMOVE:5,7;REMOVE:6,8;REMOVE:8,7;REMOVE:9,8","server 0: - | server 1: - | server 2: 2,4 | server 3: 9 | server 4: - | server 5: 5 | server 6: - | server 7: 0,1,3,4,6,7 | server 8: 0,8 | server 9: -"
1409,1409,after_slot_decision,"ADD:1,8;ADD:2,7;ADD:3,8;ADD:5,7;ADD:7,5;ADD:7,8;ADD:8,7;ADD:9,4;REMOVE:0,8;REMOVE:1,7;REMOVE:2,2;REMOVE:4,7;REMOVE:5,5;REMOVE:7,7;REMOVE:8,8;REMOVE:9,3","server 0: - | server 1: - | server 2: 4 | server 3: - | server 4: 9 | server 5: 7 | server 6: - | server 7: 0,2,3,5,6,8 | server 8: 1,3,7 | server 9: -"
1410,1410,after_slot_decision,"ADD:1,7;ADD:2,8;ADD:3,4;ADD:4,7;ADD:5,5;ADD:5,8;ADD:6,8;ADD:7,3;ADD:8,3;REMOVE:2,7;REMOVE:3,7;REMOVE:3,8;REMOVE:5,7;REMOVE:6,7;REMOVE:7,5;REMOVE:7,8;REMOVE:8,7","server 0: - | server 1: - | server 2: 4 | server 3: 7,8 | server 4: 3,9 | server 5: 5 | server 6: - | server 7: 0,1,4 | server 8: 1,2,5,6 | server 9: -"
1411,1411,after_slot_decision,"ADD:2,3;ADD:2,7;ADD:3,7;ADD:5,7;ADD:6,2;ADD:7,8;ADD:8,8;ADD:9,7;REMOVE:2,8;REMOVE:3,4;REMOVE:5,5;REMOVE:6,8;REMOVE:7,3;REMOVE:8,3;REMOVE:9,4","server 0: - | server 1: - | server 2: 4,6 | server 3: 2 | server 4: - | server 5: - | server 6: - | server 7: 0,1,2,3,4,5,9 | server 8: 1,5,7,8 | server 9: -"
1412,1412,after_slot_decision,"ADD:0,8;ADD:0,9;ADD:5,2;ADD:6,7;ADD:6,8;ADD:7,5;ADD:8,7;ADD:9,2;REMOVE:0,7;REMOVE:1,8;REMOVE:2,3;REMOVE:4,2;REMOVE:5,7;REMOVE:5,8;REMOVE:6,2;REMOVE:7,8;REMOVE:8,8;REMOVE:9,7","server 0: - | server 1: - | server 2: 5,9 | server 3: - | server 4: - | server 5: 7 | server 6: - | server 7: 1,2,3,4,6,8 | server 8: 0,6 | server 9: 0"
1413,1413,after_slot_decision,"ADD:0,7;ADD:3,5;ADD:5,7;ADD:6,5;ADD:7,2;ADD:8,8;ADD:9,4;REMOVE:0,8;REMOVE:0,9;REMOVE:3,7;REMOVE:5,2;REMOVE:6,7;REMOVE:7,5;REMOVE:8,7;REMOVE:9,2","server 0: - | server 1: - | server 2: 7 | server 3: - | server 4: 9 | server 5: 3,6 | server 6: - | server 7: 0,1,2,4,5 | server 8: 6,8 | server 9: -"
1414,1414,after_slot_decision,"ADD:0,3;ADD:3,9;ADD:4,8;ADD:7,8;ADD:8,6;REMOVE:0,7;REMOVE:3,5;REMOVE:4,7;REMOVE:6,5;REMOVE:6,8;REMOVE:7,2;REMOVE:8,8;REMOVE:9,4","server 0: - | server 1: - | server 2: - | server 3: 0 | server 4: - | server 5: - | server 6: 8 | server 7: 1,2,5 | server 8: 4,7 | server 9: 3"
1415,1415,after_slot_decision,"ADD:0,9;ADD:2,2;ADD:3,8;ADD:4,3;ADD:5,9;ADD:6,7;ADD:7,2;ADD:8,9;ADD:9,7;REMOVE:0,3;REMOVE:2,7;REMOVE:3,9;REMOVE:4,8;REMOVE:5,7;REMOVE:7,8;REMOVE:8,6","server 0: - | server 1: - | server 2: 2,7 | server 3: 4 | server 4: - | server 5: - | server 6: - | server 7: 1,6,9 | server 8: 3 | server 9: 0,5,8"
1416,1416,after_slot_decision,"ADD:1,4;ADD:2,7;ADD:3,7;ADD:4,7;ADD:5,6;ADD:8,8;ADD:9,2;REMOVE:1,7;REMOVE:2,2;REMOVE:3,8;REMOVE:4,3;REMOVE:5,9;REMOVE:8,9;REMOVE:9,7","server 0: - | server 1: - | server 2: 7,9 | server 3: - | server 4: 1 | server 5: - | server 6: 5 | server 7: 2,3,4,6 | server 8: 8 | server 9: 0"
1417,1417,after_slot_decision,"ADD:0,8;ADD:1,6;ADD:5,7;ADD:6,9;ADD:8,7;ADD:9,7;REMOVE:0,9;REMOVE:1,4;REMOVE:5,6;REMOVE:6,7;REMOVE:7,2;REMOVE:8,8;REMOVE:9,2","server 0: - | server 1: - | server 2: - | server 3: - | server 4: - | server 5: - | server 6: 1 | server 7: 2,3,4,5,8,9 | server 8: 0 | server 9: 6"
1418,1418,after_slot_decision,"ADD:0,2;ADD:0,9;ADD:1,8;ADD:3,2;ADD:4,2;ADD:5,8;ADD:6,7;ADD:7,7;ADD:8,8;ADD:8,9;REMOVE:0,8;REMOVE:1,6;REMOVE:3,7;REMOVE:6,9;REMOVE:8,7","server 0: - | server 1: - | server 2: 0,3,4 | server 3: - | server 4: - | server 5: - | server 6: - | server 7: 2,4,5,6,7,9 | server 8: 1,5,8 | server 9: 0,8"
1419,1419,after_slot_decision,"ADD:0,7;ADD:1,9;ADD:2,8;ADD:4,8;ADD:6,8;ADD:6,9;ADD:7,2;ADD:8,7;ADD:9,9;REMOVE:0,2;REMOVE:0,9;REMOVE:1,8;REMOVE:4,2;REMOVE:4,7;REMOVE:5,8;REMOVE:6,7;REMOVE:7,7;REMOVE:8,8;REMOVE:8,9;REMOVE:9,7","server 0: - | server 1: - | server 2: 3,7 | server 3: - | server 4: - | server 5: - | server 6: - | server 7: 0,2,5,8 | server 8: 2,4,6 | server 9: 1,6,9"
1420,1420,after_slot_decision,"ADD:0,4;ADD:2,2;ADD:5,4;ADD:8,8;ADD:9,8;REMOVE:0,7;REMOVE:1,9;REMOVE:2,7;REMOVE:2,8;REMOVE:5,7;REMOVE:6,9;REMOVE:8,7;REMOVE:9,9","server 0: - | server 1: - | server 2: 2,3,7 | server 3: - | server 4: 0,5 | server 5: - | server 6: - | server 7: - | server 8: 4,6,8,9 | server 9: -"
1421,1421,after_slot_decision,"ADD:1,8;ADD:2,3;ADD:2,7;ADD:3,7;ADD:5,8;ADD:6,2;ADD:9,1;REMOVE:2,2;REMOVE:3,2;REMOVE:5,4;REMOVE:6,8;REMOVE:9,8","server 0: - | server 1: 9 | server 2: 6,7 | server 3: 2 | server 4: 0 | server 5: - | server 6: - | server 7: 2,3 | server 8: 1,4,5,8 | server 9: -"
1422,1422,after_slot_decision,"ADD:0,7;ADD:1,7;ADD:2,9;ADD:5,2;ADD:6,8;ADD:7,9;ADD:8,2;ADD:9,7;REMOVE:0,4;REMOVE:1,8;REMOVE:2,3;REMOVE:2,7;REMOVE:5,8;REMOVE:6,2;REMOVE:7,2;REMOVE:8,8;REMOVE:9,1","server 0: - | server 1: - | server 2: 5,8 | server 3: - | server 4: - | server 5: - | server 6: - | server 7: 0,1,3,9 | server 8: 4,6 | server 9: 2,7"
1423,1423,after_slot_decision,"ADD:0,9;ADD:1,8;ADD:2,7;ADD:2,8;ADD:3,2;ADD:4,3;ADD:5,4;ADD:7,8;REMOVE:0,7;REMOVE:1,7;REMOVE:2,9;REMOVE:3,7;REMOVE:4,8;REMOVE:5,2;REMOVE:7,9","server 0: - | server 1: - | server 2: 3,8 | server 3: 4 | server 4: 5 | server 5: - | server 6: - | server 7: 2,9 | server 8: 1,2,6,7 | server 9: 0"
1424,1424,after_slot_decision,"ADD:0,2;ADD:1,4;ADD:2,6;ADD:4,8;ADD:5,8;ADD:6,7;ADD:7,9;ADD:8,9;ADD:9,4;REMOVE:0,9;REMOVE:1,8;REMOVE:2,7;REMOVE:2,8;REMOVE:4,3;REMOVE:5,4;REMOVE:6,8;REMOVE:7,8;REMOVE:8,2;REMOVE:9,7","server 0: - | server 1: - | server 2: 0,3 | server 3: - | server 4: 1,9 | server 5: - | server 6: 2 | server 7: 6 | server 8: 4,5 | server 9: 7,8"
1425,1425,after_slot_decision,"ADD:0,7;ADD:1,2;ADD:2,7;ADD:3,8;ADD:4,9;ADD:5,7;ADD:6,8;ADD:7,8;ADD:8,7;ADD:9,2;REMOVE:0,2;REMOVE:1,4;REMOVE:2,6;REMOVE:3,2;REMOVE:4,8;REMOVE:5,8;REMOVE:6,7;REMOVE:7,9;REMOVE:8,9;REMOVE:9,4","server 0: - | server 1: - | server 2: 1,9 | server 3: - | server 4: - | server 5: - | server 6: - | server 7: 0,2,5,8 | server 8: 3,6,7 | server 9: 4"
1426,1426,after_slot_decision,"ADD:0,9;ADD:1,7;ADD:2,8;ADD:4,7;ADD:8,8;ADD:9,7;REMOVE:0,7;REMOVE:1,2;REMOVE:4,9;REMOVE:6,8;REMOVE:9,2","server 0: - | server 1: - | server 2: - | server 3: - | server 4: - | server 5: - | server 6: - | server 7: 1,2,4,5,8,9 | server 8: 2,3,7,8 | server 9: 0"
1427,1427,after_slot_decision,"ADD:0,2;ADD:2,2;ADD:4,8;ADD:7,2;ADD:8,6;ADD:9,3;REMOVE:2,7;REMOVE:2,8;REMOVE:7,8;REMOVE:8,7;REMOVE:8,8","server 0: - | server 1: - | server 2: 0,2,7 | server 3: 9 | server 4: - | server 5: - | server 6: 8 | server 7: 1,4,5,9 | server 8: 3,4 | server 9: 0"
1428,1428,after_slot_decision,"ADD:0,7;ADD:2,5;ADD:3,5;ADD:4,1;ADD:5,9;ADD:7,9;ADD:9,2;REMOVE:0,2;REMOVE:0,9;REMOVE:1,7;REMOVE:2,2;REMOVE:3,8;REMOVE:4,7;REMOVE:4,8;REMOVE:5,7;REMOVE:7,2;REMOVE:8,6;REMOVE:9,3;REMOVE:9,7","server 0: - | server 1: 4 | server 2: 9 | server 3: - | server 4: - | server 5: 2,3 | server 6: - | server 7: 0 | server 8: - | server 9: 5,7"
1429,1429,after_slot_decision,"ADD:0,8;ADD:1,7;ADD:2,2;ADD:3,1;ADD:4,7;ADD:5,4;ADD:6,7;ADD:7,7;ADD:8,1;ADD:9,9;REMOVE:0,7;REMOVE:2,5;REMOVE:3,5;REMOVE:4,1;REMOVE:5,9;REMOVE:7,9;REMOVE:9,2","server 0: - | server 1: 3,8 | server 2: 2 | server 3: - | server 4: 5 | server 5: - | server 6: - | server 7: 1,4,6,7 | server 8: 0 | server 9: 9"
1430,1430,after_slot_decision,"ADD:0,7;ADD:1,9;ADD:2,6;ADD:3,6;ADD:4,2;ADD:4,9;ADD:5,7;ADD:8,2;ADD:9,7;ADD:9,8;REMOVE:0,8;REMOVE:1,7;REMOVE:2,2;REMOVE:3,1;REMOVE:4,7;REMOVE:5,4;REMOVE:7,7;REMOVE:8,1;REMOVE:9,9","server 0: - | server 1: - | server 2: 4,8 | server 3: - | server 4: - | server 5: - | server 6: 2,3 | server 7: 0,5,6,9 | server 8: 9 | server 9: 1,4"
1431,1431,after_slot_decision,"ADD:0,4;ADD:2,2;ADD:2,8;ADD:3,8;ADD:4,7;ADD:5,8;ADD:6,8;ADD:8,7;REMOVE:0,7;REMOVE:2,6;REMOVE:3,6;REMOVE:4,2;REMOVE:4,9;REMOVE:5,7;REMOVE:6,7;REMOVE:8,2;REMOVE:9,8","server 0: - | server 1: - | server 2: 2 | server 3: - | server 4: 0 | server 5: - | server 6: - | server 7: 4,8,9 | server 8: 2,3,5,6 | server 9: 1"
1432,1432,after_slot_decision,"ADD:1,1;ADD:2,0;ADD:3,7;ADD:5,2;ADD:6,3;ADD:7,2;ADD:9,9;REMOVE:1,9;REMOVE:2,2;REMOVE:2,8;REMOVE:3,8;REMOVE:5,8;REMOVE:6,8;REMOVE:9,7","server 0: 2 | server 1: 1 | server 2: 5,7 | server 3: 6 | server 4: 0 | server 5: - | server 6: - | server 7: 3,4,8 | server 8: - | server 9: 9"
1433,1433,after_slot_decision,"ADD:0,7;ADD:1,9;ADD:2,7;ADD:3,8;ADD:4,8;ADD:5,7;ADD:6,7;ADD:7,7;ADD:9,8;REMOVE:0,4;REMOVE:1,1;REMOVE:2,0;REMOVE:3,7;REMOVE:4,7;REMOVE:5,2;REMOVE:6,3;REMOVE:7,2","server 0: - | server 1: - | server 2: - | server 3: - | server 4: - | server 5: - | server 6: - | server 7: 0,2,5,6,7,8 | server 8: 3,4,9 | server 9: 1,9"
1434,1434,after_slot_decision,"ADD:0,9;ADD:1,8;ADD:4,3;ADD:4,7;ADD:6,9;ADD:8,2;REMOVE:0,7;REMOVE:4,8;REMOVE:6,7;REMOVE:8,7;REMOVE:9,9","server 0: - | server 1: - | server 2: 8 | server 3: 4 | server 4: - | server 5: - | server 6: - | server 7: 2,4,5,7 | server 8: 1,3,9 | server 9: 0,1,6"
1435,1435,after_slot_decision,"ADD:0,7;ADD:1,1;ADD:2,2;ADD:3,6;ADD:4,8;ADD:5,1;ADD:6,8;ADD:8,1;ADD:9,7;REMOVE:0,9;REMOVE:1,8;REMOVE:1,9;REMOVE:2,7;REMOVE:3,8;REMOVE:4,3;REMOVE:4,7;REMOVE:5,7;REMOVE:6,9;REMOVE:8,2;REMOVE:9,8","server 0: - | server 1: 1,5,8 | server 2: 2 | server 3: - | server 4: - | server 5: - | server 6: 3 | server 7: 0,7,9 | server 8: 4,6 | server 9: -"
1436,1436,after_slot_decision,"ADD:0,8;ADD:1,2;ADD:2,7;ADD:3,8;ADD:4,3;ADD:5,9;ADD:6,0;ADD:7,4;ADD:8,7;ADD:9,5;REMOVE:0,7;REMOVE:1,1;REMOVE:2,2;REMOVE:3,6;REMOVE:4,8;REMOVE:5,1;REMOVE:6,8;REMOVE:7,7;REMOVE:8,1;REMOVE:9,7","server 0: 6 | server 1: - | server 2: 1 | server 3: 4 | server 4: 7 | server 5: 9 | server 6: - | server 7: 2,8 | server 8: 0,3 | server 9: 5"
1437,1437,after_slot_decision,"ADD:0,5;ADD:1,9;ADD:2,2;ADD:3,7;ADD:4,8;ADD:5,5;ADD:6,7;ADD:7,1;ADD:9,8;REMOVE:0,8;REMOVE:1,2;REMOVE:2,7;REMOVE:3,8;REMOVE:4,3;REMOVE:6,0;REMOVE:7,4;REMOVE:9,5","server 0: - | server 1: 7 | server 2: 2 | server 3: - | server 4: - | server 5: 0,5 | server 6: - | server 7: 3,6,8 | server 8: 4,9 | server 9: 1,5"
1438,1438,after_slot_decision,"ADD:0,8;ADD:1,7;ADD:2,9;ADD:3,8;ADD:4,7;ADD:5,7;ADD:6,8;ADD:7,4;ADD:9,7;REMOVE:0,5;REMOVE:1,9;REMOVE:2,2;REMOVE:3,7;REMOVE:4,8;REMOVE:5,5;REMOVE:5,9;REMOVE:6,7;REMOVE:7,1","server 0: - | server 1: - | server 2: - | server 3: - | server 4: 7 | server 5: - | server 6: - | server 7: 1,4,5,8,9 | server 8: 0,3,6,9 | server 9: 2"
1439,1439,after_slot_decision,"ADD:0,7;ADD:1,2;ADD:3,2;ADD:6,3;ADD:7,9;REMOVE:0,8;REMOVE:1,7;REMOVE:3,8;REMOVE:6,8;REMOVE:7,4;REMOVE:9,7","server 0: - | server 1: - | server 2: 1,3 | server 3: 6 | server 4: - | server 5: - | server 6: - | server 7: 0,4,5,8 | server 8: 9 | server 9: 2,7"
1440,1440,after_slot_decision,"ADD:0,8;ADD:1,7;ADD:2,8;ADD:3,3;ADD:3,5;ADD:5,8;ADD:6,7;ADD:7,7;ADD:9,5;REMOVE:0,7;REMOVE:1,2;REMOVE:2,9;REMOVE:3,2;REMOVE:5,7;REMOVE:6,3;REMOVE:7,9;REMOVE:9,8","server 0: - | server 1: - | server 2: - | server 3: 3 | server 4: - | server 5: 3,9 | server 6: - | server 7: 1,4,6,7,8 | server 8: 0,2,5 | server 9: -"
1441,1441,after_slot_decision,"ADD:2,2;ADD:2,7;ADD:3,7;ADD:5,7;ADD:7,4;ADD:8,4;ADD:9,4;REMOVE:2,8;REMOVE:3,3;REMOVE:3,5;REMOVE:5,8;REMOVE:7,7;REMOVE:8,7;REMOVE:9,5","server 0: - | server 1: - | server 2: 2 | server 3: - | server 4: 7,8,9 | server 5: - | server 6: - | server 7: 1,2,3,4,5,6 | server 8: 0 | server 9: -"
1442,1442,after_slot_decision,"ADD:0,7;ADD:2,5;ADD:3,2;ADD:5,3;ADD:6,4;ADD:8,9;ADD:9,0;REMOVE:0,8;REMOVE:2,2;REMOVE:2,7;REMOVE:3,7;REMOVE:5,7;REMOVE:6,7;REMOVE:7,4;REMOVE:8,4;REMOVE:9,4","server 0: 9 | server 1: - | server 2: 3 | server 3: 5 | server 4: 6 | server 5: 2 | server 6: - | server 7: 0,1,4 | server 8: - | server 9: 8"
1443,1443,after_slot_decision,"ADD:0,4;ADD:1,5;ADD:2,2;ADD:4,2;ADD:6,2;ADD:9,9;REMOVE:0,7;REMOVE:1,7;REMOVE:2,5;REMOVE:4,7;REMOVE:5,3;REMOVE:6,4;REMOVE:9,0","server 0: - | server 1: - | server 2: 2,3,4,6 | server 3: - | server 4: 0 | server 5: 1 | server 6: - | server 7: - | server 8: - | server 9: 8,9"
1444,1444,after_slot_decision,"ADD:0,2;ADD:2,0;ADD:5,2;ADD:8,5;REMOVE:0,4;REMOVE:1,5;REMOVE:2,2;REMOVE:6,2;REMOVE:8,9;REMOVE:9,9","server 0: 2 | server 1: - | server 2: 0,3,4,5 | server 3: - | server 4: - | server 5: 8 | server 6: - | server 7: - | server 8: - | server 9: -"
1445,1445,after_slot_decision,"ADD:1,3;ADD:6,8;ADD:8,8;ADD:9,7;REMOVE:2,0;REMOVE:3,2;REMOVE:5,2;REMOVE:8,5","server 0: - | server 1: - | server 2: 0,4 | server 3: 1 | server 4: - | server 5: - | server 6: - | server 7: 9 | server 8: 6,8 | server 9: -"
1446,1446,after_slot_decision,"ADD:0,8;ADD:1,5;ADD:2,0;ADD:3,8;ADD:5,7;ADD:7,9;ADD:8,2;ADD:9,4;REMOVE:0,2;REMOVE:1,3;REMOVE:8,8;REMOVE:9,7","server 0: 2 | server 1: - | server 2: 4,8 | server 3: - | server 4: 9 | server 5: 1 | server 6: - | server 7: 5 | server 8: 0,3,6 | server 9: 7"
1447,1447,after_slot_decision,"ADD:0,7;ADD:1,2;ADD:2,7;ADD:3,5;ADD:4,7;ADD:5,4;ADD:6,7;ADD:7,2;ADD:8,7;REMOVE:0,8;REMOVE:1,5;REMOVE:2,0;REMOVE:3,8;REMOVE:5,7;REMOVE:6,8;REMOVE:7,9;REMOVE:8,2;REMOVE:9,4","server 0: - | server 1: - | server 2: 1,4,7 | server 3: - | server 4: 5 | server 5: 3 | server 6: - | server 7: 0,2,4,6,8 | server 8: - | server 9: -"
1448,1448,after_slot_decision,"ADD:0,3;ADD:2,3;ADD:3,8;ADD:4,1;ADD:5,9;ADD:7,7;ADD:8,2;ADD:9,2;REMOVE:0,7;REMOVE:1,2;REMOVE:2,7;REMOVE:3,5;REMOVE:4,2;REMOVE:4,7;REMOVE:5,4;REMOVE:7,2","server 0: - | server 1: 4 | server 2: 8,9 | server 3: 0,2 | server 4: - | server 5: - | server 6: - | server 7: 6,7,8 | server 8: 3 | server 9: 5"
1449,1449,after_slot_decision,"ADD:0,9;ADD:1,8;ADD:2,7;ADD:3,4;ADD:4,3;ADD:4,7;ADD:5,7;ADD:6,8;ADD:7,1;ADD:9,7;ADD:9,8;REMOVE:0,3;REMOVE:2,3;REMOVE:3,8;REMOVE:4,1;REMOVE:5,9;REMOVE:6,7;REMOVE:7,7;REMOVE:8,2;REMOVE:9,2","server 0: - | server 1: 7 | server 2: - | server 3: 4 | server 4: 3 | server 5: - | server 6: - | server 7: 2,4,5,8,9 | server 8: 1,6,9 | server 9: 0"
1450,1450,after_slot_decision,"ADD:0,7;ADD:1,9;ADD:2,8;ADD:2,9;ADD:3,2;ADD:4,8;ADD:5,8;ADD:6,2;ADD:7,8;ADD:8,5;ADD:8,9;REMOVE:0,9;REMOVE:1,8;REMOVE:2,7;REMOVE:3,4;REMOVE:4,3;REMOVE:4,7;REMOVE:5,7;REMOVE:6,8;REMOVE:7,1;REMOVE:8,7;REMOVE:9,7","server 0: - | server 1: - | server 2: 3,6 | server 3: - | server 4: - | server 5: 8 | server 6: - | server 7: 0 | server 8: 2,4,5,7,9 | server 9: 1,2,8"
1451,1451,after_slot_decision,"ADD:0,6;ADD:1,8;ADD:3,7;ADD:4,7;ADD:5,1;ADD:6,3;ADD:8,7;ADD:9,9;REMOVE:0,7;REMOVE:1,9;REMOVE:2,9;REMOVE:3,2;REMOVE:4,8;REMOVE:5,8;REMOVE:6,2;REMOVE:7,8;REMOVE:8,5;REMOVE:8,9;REMOVE:9,8","server 0: - | server 1: 5 | server 2: - | server 3: 6 | server 4: - | server 5: - | server 6: 0 | server 7: 3,4,8 | server 8: 1,2 | server 9: 9"
