slot,timestamp,action_count,adds,removes,actions,placement_before,placement_after,demand,attachment_points,total_requests,demand_pairs,covered_pairs_after,uncovered_pairs_after,coverage_ratio_after,objective,R_nominal,B_nominal,R_wc,B_wc,Op_cost,solve_time,status
1,0,5,1,4,"ADD:4,8;REMOVE:0,4;REMOVE:0,8;REMOVE:1,5;REMOVE:1,7",0:4|8;1:5|7;2:5|7|8;3:5|6|8;4:7|9;5:0|1|8|9;6:8;7:0|3|4|5|6;8:3|4|5|8;9:0|7|8,0:-;1:-;2:5|7|8;3:5|6|8;4:7|8|9;5:0|1|8|9;6:8;7:0|3|4|5|6;8:3|4|5|8;9:0|7|8,2@0=1;2@2=1;4@5=1;4@7=1;4@8=1;5@9=1,"0,2,5,7,8,9",6,6,6,0,1.0,0.087713519805868,0.13793103448275862,0.04978248532310938,0.0,0.0,0.1,0.29543375968933105,Feasible|selected=beam_search
2,1,26,1,25,"ADD:2,3;REMOVE:2,5;REMOVE:2,7;REMOVE:2,8;REMOVE:3,5;REMOVE:3,6;REMOVE:3,8;REMOVE:4,7;REMOVE:4,8;REMOVE:4,9;REMOVE:5,0;REMOVE:5,1;REMOVE:5,8;REMOVE:6,8;REMOVE:7,0;REMOVE:7,3;REMOVE:7,4;REMOVE:7,5;REMOVE:7,6;REMOVE:8,3;REMOVE:8,4;REMOVE:8,5;REMOVE:8,8;REMOVE:9,0;REMOVE:9,7;REMOVE:9,8",0:-;1:-;2:5|7|8;3:5|6|8;4:7|8|9;5:0|1|8|9;6:8;7:0|3|4|5|6;8:3|4|5|8;9:0|7|8,0:-;1:-;2:3;3:-;4:-;5:9;6:-;7:-;8:-;9:-,2@1=1;2@2=1;2@3=2;5@7=1,"1,2,3,7",5,4,4,0,1.0,0.9068400935061448,0.9615384615384616,0.04530163196768329,0.0,0.0,0.1,0.24776506423950195,Feasible|selected=greedy
3,2,4,2,2,"ADD:2,1;ADD:4,3;REMOVE:2,3;REMOVE:5,9",0:-;1:-;2:3;3:-;4:-;5:9;6:-;7:-;8:-;9:-,0:-;1:-;2:1;3:-;4:3;5:-;6:-;7:-;8:-;9:-,2@3=1;4@3=1,3,2,2,2,0,1.0,0.8504218963033687,1.0,0.050421896303368595,0.0,0.0,0.2,0.22661423683166504,Feasible|selected=beam_search
4,3,2,1,1,"ADD:4,1;REMOVE:4,3",0:-;1:-;2:1;3:-;4:3;5:-;6:-;7:-;8:-;9:-,0:-;1:-;2:1;3:-;4:1;5:-;6:-;7:-;8:-;9:-,2@1=1;4@1=2,1,3,2,2,0,1.0,0.5059842636045686,0.5,0.10598426360456857,0.0,0.0,0.1,0.17074203491210938,Feasible|selected=greedy
5,4,5,3,2,"ADD:2,4;ADD:5,4;ADD:6,3;REMOVE:2,1;REMOVE:4,1",0:-;1:-;2:1;3:-;4:1;5:-;6:-;7:-;8:-;9:-,0:-;1:-;2:4;3:-;4:-;5:4;6:3;7:-;8:-;9:-,2@4=1;2@6=1;2@7=1;5@4=1;6@3=1,"4,6,7,3",5,5,5,0,1.0,0.7598044750433874,1.0,0.059804475043387546,0.0,0.0,0.30000000000000004,0.21459007263183594,Feasible|selected=beam_search
6,5,3,1,2,"ADD:4,7;REMOVE:5,4;REMOVE:6,3",0:-;1:-;2:4;3:-;4:-;5:4;6:3;7:-;8:-;9:-,0:-;1:-;2:4;3:-;4:7;5:-;6:-;7:-;8:-;9:-,2@4=1;4@7=1,"4,7",2,2,2,0,1.0,0.6822460049922605,0.6666666666666666,0.1155793383255939,0.0,0.0,0.1,0.18742990493774414,Feasible|selected=greedy
7,6,3,1,2,"ADD:4,4;REMOVE:2,4;REMOVE:4,7",0:-;1:-;2:4;3:-;4:7;5:-;6:-;7:-;8:-;9:-,0:-;1:-;2:-;3:-;4:4;5:-;6:-;7:-;8:-;9:-,4@4=1,4,1,1,1,0,1.0,1.015718550795881,1.0,0.11571855079588109,0.0,0.0,0.1,0.15743613243103027,Feasible|selected=beam_search
8,7,2,1,1,"ADD:6,5;REMOVE:4,4",0:-;1:-;2:-;3:-;4:4;5:-;6:-;7:-;8:-;9:-,0:-;1:-;2:-;3:-;4:-;5:-;6:5;7:-;8:-;9:-,6@5=1,5,1,1,1,0,1.0,0.9920827386445231,1.0,0.09208273864452313,0.0,0.0,0.1,0.14954185485839844,Feasible|selected=beam_search
9,8,2,1,1,"ADD:4,8;REMOVE:6,5",0:-;1:-;2:-;3:-;4:-;5:-;6:5;7:-;8:-;9:-,0:-;1:-;2:-;3:-;4:8;5:-;6:-;7:-;8:-;9:-,4@1=1;4@2=1;4@8=1,"1,2,8",3,3,3,0,1.0,0.9383950647866784,1.0,0.03839506478667843,0.0,0.0,0.1,0.17826318740844727,Feasible|selected=beam_search
10,9,3,2,1,"ADD:3,8;ADD:4,3;REMOVE:4,8",0:-;1:-;2:-;3:-;4:8;5:-;6:-;7:-;8:-;9:-,0:-;1:-;2:-;3:8;4:3;5:-;6:-;7:-;8:-;9:-,3@8=1;4@3=1,"8,3",2,2,2,0,1.0,0.907851506265555,1.0,0.107851506265555,0.0,0.0,0.2,0.17119622230529785,Feasible|selected=greedy
11,10,5,3,2,"ADD:4,1;ADD:4,2;ADD:5,6;REMOVE:3,8;REMOVE:4,3",0:-;1:-;2:-;3:8;4:3;5:-;6:-;7:-;8:-;9:-,0:-;1:-;2:-;3:-;4:1|2;5:6;6:-;7:-;8:-;9:-,4@1=1;4@2=1;5@6=1,"1,2,6",3,3,3,0,1.0,0.7975340396522952,1.0,0.09753403965229517,0.0,0.0,0.30000000000000004,0.1929628849029541,Feasible|selected=beam_search
12,11,4,1,3,"ADD:4,3;REMOVE:4,1;REMOVE:4,2;REMOVE:5,6",0:-;1:-;2:-;3:-;4:1|2;5:6;6:-;7:-;8:-;9:-,0:-;1:-;2:-;3:-;4:3;5:-;6:-;7:-;8:-;9:-,4@3=1,3,1,1,1,0,1.0,1.0024961768752871,1.0,0.10249617687528731,0.0,0.0,0.1,0.15614604949951172,Feasible|selected=greedy
13,12,4,3,1,"ADD:3,8;ADD:4,0;ADD:5,8;REMOVE:4,3",0:-;1:-;2:-;3:-;4:3;5:-;6:-;7:-;8:-;9:-,0:-;1:-;2:-;3:8;4:0;5:8;6:-;7:-;8:-;9:-,3@6=1;3@8=1;4@0=1;5@8=1,"6,8,0",4,4,4,0,1.0,0.7735280774180691,1.0,0.07352807741806908,0.0,0.0,0.30000000000000004,0.20016789436340332,Feasible|selected=greedy
14,13,6,3,3,"ADD:2,4;ADD:2,9;ADD:4,5;REMOVE:3,8;REMOVE:4,0;REMOVE:5,8",0:-;1:-;2:-;3:8;4:0;5:8;6:-;7:-;8:-;9:-,0:-;1:-;2:4|9;3:-;4:5;5:-;6:-;7:-;8:-;9:-,2@4=1;2@9=1;4@5=1,"4,9,5",3,3,3,0,1.0,0.7914603973777807,1.0,0.09146039737778072,0.0,0.0,0.30000000000000004,0.193464994430542,Feasible|selected=beam_search
15,14,6,3,3,"ADD:2,6;ADD:4,9;ADD:5,1;REMOVE:2,4;REMOVE:2,9;REMOVE:4,5",0:-;1:-;2:4|9;3:-;4:5;5:-;6:-;7:-;8:-;9:-,0:-;1:-;2:6;3:-;4:9;5:1;6:-;7:-;8:-;9:-,2@6=1;4@6=1;4@2=2;5@1=1,"6,2,1",5,4,4,0,1.0,0.7420511303957784,1.0,0.04205113039577856,0.0,0.0,0.30000000000000004,0.19878125190734863,Feasible|selected=greedy
16,15,5,2,3,"ADD:2,0;ADD:4,5;REMOVE:2,6;REMOVE:4,9;REMOVE:5,1",0:-;1:-;2:6;3:-;4:9;5:1;6:-;7:-;8:-;9:-,0:-;1:-;2:0;3:-;4:5;5:-;6:-;7:-;8:-;9:-,2@0=1;2@2=1;4@5=1,"0,2,5",3,3,3,0,1.0,0.8675918185121891,1.0,0.067591818512189,0.0,0.0,0.2,0.20286893844604492,Feasible|selected=beam_search
17,16,3,1,2,"ADD:4,3;REMOVE:2,0;REMOVE:4,5",0:-;1:-;2:0;3:-;4:5;5:-;6:-;7:-;8:-;9:-,0:-;1:-;2:-;3:-;4:3;5:-;6:-;7:-;8:-;9:-,4@2=1;4@3=1,"2,3",2,2,2,0,1.0,0.9471526961615925,1.0,0.04715269616159257,0.0,0.0,0.1,0.17105317115783691,Feasible|selected=greedy
18,17,2,1,1,"ADD:4,4;REMOVE:4,3",0:-;1:-;2:-;3:-;4:3;5:-;6:-;7:-;8:-;9:-,0:-;1:-;2:-;3:-;4:4;5:-;6:-;7:-;8:-;9:-,4@4=1,4,1,1,1,0,1.0,0.9844194491247279,1.0,0.0844194491247279,0.0,0.0,0.1,0.1577160358428955,Feasible|selected=beam_search
19,18,2,1,1,"ADD:5,2;REMOVE:4,4",0:-;1:-;2:-;3:-;4:4;5:-;6:-;7:-;8:-;9:-,0:-;1:-;2:-;3:-;4:-;5:2;6:-;7:-;8:-;9:-,5@2=1,2,1,1,1,0,1.0,1.0037377425923668,1.0,0.10373774259236698,0.0,0.0,0.1,0.15477299690246582,Feasible|selected=greedy
20,19,3,2,1,"ADD:4,0;ADD:6,7;REMOVE:5,2",0:-;1:-;2:-;3:-;4:-;5:2;6:-;7:-;8:-;9:-,0:-;1:-;2:-;3:-;4:0;5:-;6:7;7:-;8:-;9:-,4@0=1;6@2=1;6@7=2,"0,2,7",4,3,3,0,1.0,0.8745439070684475,1.0,0.07454390706844753,0.0,0.0,0.2,0.20018482208251953,Feasible|selected=beam_search
21,20,4,2,2,"ADD:2,9;ADD:4,4;REMOVE:4,0;REMOVE:6,7",0:-;1:-;2:-;3:-;4:0;5:-;6:7;7:-;8:-;9:-,0:-;1:-;2:9;3:-;4:4;5:-;6:-;7:-;8:-;9:-,2@9=1;4@4=1,"9,4",2,2,2,0,1.0,0.9039407142138565,1.0,0.10394071421385646,0.0,0.0,0.2,0.19447970390319824,Feasible|selected=greedy
22,21,3,1,2,"ADD:4,2;REMOVE:2,9;REMOVE:4,4",0:-;1:-;2:9;3:-;4:4;5:-;6:-;7:-;8:-;9:-,0:-;1:-;2:-;3:-;4:2;5:-;6:-;7:-;8:-;9:-,4@0=1;4@2=1;4@4=1,"0,2,4",3,3,3,0,1.0,0.9324070163351464,1.0,0.032407016335146525,0.0,0.0,0.1,0.1845860481262207,Feasible|selected=greedy
23,22,2,1,1,"ADD:4,7;REMOVE:4,2",0:-;1:-;2:-;3:-;4:2;5:-;6:-;7:-;8:-;9:-,0:-;1:-;2:-;3:-;4:7;5:-;6:-;7:-;8:-;9:-,4@1=1;4@2=2;4@7=1,"1,2,7",4,3,3,0,1.0,0.9248337717634642,1.0,0.024833771763464026,0.0,0.0,0.1,0.18581318855285645,Feasible|selected=beam_search
24,23,3,2,1,"ADD:5,9;ADD:6,3;REMOVE:4,7",0:-;1:-;2:-;3:-;4:7;5:-;6:-;7:-;8:-;9:-,0:-;1:-;2:-;3:-;4:-;5:9;6:3;7:-;8:-;9:-,5@9=1;6@3=1,"9,3",2,2,2,0,1.0,0.898808193720346,1.0,0.09880819372034608,0.0,0.0,0.2,0.1693708896636963,Feasible|selected=beam_search
25,24,3,2,1,"ADD:4,2;ADD:6,1;REMOVE:6,3",0:-;1:-;2:-;3:-;4:-;5:9;6:3;7:-;8:-;9:-,0:-;1:-;2:-;3:-;4:2;5:9;6:1;7:-;8:-;9:-,4@2=1;5@2=1;5@6=1;6@1=1,"2,6,1",4,4,4,0,1.0,0.35097798698714205,0.5,0.050977986987142086,0.0,0.0,0.2,0.1957550048828125,Feasible|selected=beam_search
26,25,5,2,3,"ADD:4,5;ADD:4,6;REMOVE:4,2;REMOVE:5,9;REMOVE:6,1",0:-;1:-;2:-;3:-;4:2;5:9;6:1;7:-;8:-;9:-,0:-;1:-;2:-;3:-;4:5|6;5:-;6:-;7:-;8:-;9:-,4@5=2;4@6=2,"5,6",4,2,2,0,1.0,0.9130091608822581,1.0,0.11300916088225806,0.0,0.0,0.2,0.17529082298278809,Feasible|selected=beam_search
27,26,4,2,2,"ADD:4,7;ADD:5,4;REMOVE:4,5;REMOVE:4,6",0:-;1:-;2:-;3:-;4:5|6;5:-;6:-;7:-;8:-;9:-,0:-;1:-;2:-;3:-;4:7;5:4;6:-;7:-;8:-;9:-,4@1=2;4@4=1;4@7=1;4@9=1;5@4=1,"1,4,7,9",6,5,5,0,1.0,0.8286042771393995,1.0,0.028604277139399607,0.0,0.0,0.2,0.1978011131286621,Feasible|selected=beam_search
28,27,4,2,2,"ADD:4,0;ADD:6,2;REMOVE:4,7;REMOVE:5,4",0:-;1:-;2:-;3:-;4:7;5:4;6:-;7:-;8:-;9:-,0:-;1:-;2:-;3:-;4:0;5:-;6:2;7:-;8:-;9:-,4@7=1;6@2=1,"7,2",2,2,2,0,1.0,0.8541661570930872,1.0,0.05416615709308722,0.0,0.0,0.2,0.176497220993042,Feasible|selected=beam_search
29,28,6,4,2,"ADD:2,7;ADD:4,3;ADD:5,5;ADD:6,6;REMOVE:4,0;REMOVE:6,2",0:-;1:-;2:-;3:-;4:0;5:-;6:2;7:-;8:-;9:-,0:-;1:-;2:7;3:-;4:3;5:5;6:6;7:-;8:-;9:-,2@0=1;2@1=1;2@2=1;2@3=1;2@6=1;4@3=1;5@5=1;6@1=2;6@6=1,"0,1,2,3,6,5",10,9,9,0,1.0,0.6326280699407355,1.0,0.03262806994073555,0.0,0.0,0.4,0.2565288543701172,Feasible|selected=greedy
30,29,4,1,3,"ADD:4,4;REMOVE:2,7;REMOVE:4,3;REMOVE:5,5",0:-;1:-;2:7;3:-;4:3;5:5;6:6;7:-;8:-;9:-,0:-;1:-;2:-;3:-;4:4;5:-;6:6;7:-;8:-;9:-,4@4=1;4@6=1;4@8=1;6@4=1,"4,6,8",4,4,4,0,1.0,0.6792956600963318,0.75,0.029295660096331742,0.0,0.0,0.1,0.19630098342895508,Feasible|selected=beam_search
31,30,4,2,2,"ADD:4,2;ADD:6,8;REMOVE:4,4;REMOVE:6,6",0:-;1:-;2:-;3:-;4:4;5:-;6:6;7:-;8:-;9:-,0:-;1:-;2:-;3:-;4:2;5:-;6:8;7:-;8:-;9:-,4@0=1;4@2=2;4@5=1;6@2=1;6@1=1;6@8=1,"0,2,5,1,8",7,6,6,0,1.0,0.841885384081503,1.0,0.04188538408150308,0.0,0.0,0.2,0.21061396598815918,Feasible|selected=beam_search
32,31,5,3,2,"ADD:3,6;ADD:4,6;ADD:5,1;REMOVE:4,2;REMOVE:6,8",0:-;1:-;2:-;3:-;4:2;5:-;6:8;7:-;8:-;9:-,0:-;1:-;2:-;3:6;4:6;5:1;6:-;7:-;8:-;9:-,3@6=1;4@6=1;4@4=1;5@1=1,"6,4,1",4,4,4,0,1.0,0.7763665486558442,1.0,0.0763665486558442,0.0,0.0,0.30000000000000004,0.19323015213012695,Feasible|selected=beam_search
33,32,6,3,3,"ADD:4,8;ADD:5,7;ADD:6,7;REMOVE:3,6;REMOVE:4,6;REMOVE:5,1",0:-;1:-;2:-;3:6;4:6;5:1;6:-;7:-;8:-;9:-,0:-;1:-;2:-;3:-;4:8;5:7;6:7;7:-;8:-;9:-,4@4=1;4@7=1;4@8=1;5@7=1;5@1=1;6@1=1;6@0=1;6@2=1,"4,7,8,1,0,2",8,8,8,0,1.0,0.7212537412460596,1.0,0.021253741246059506,0.0,0.0,0.30000000000000004,0.24428582191467285,Feasible|selected=greedy
34,33,4,1,3,"ADD:4,4;REMOVE:4,8;REMOVE:5,7;REMOVE:6,7",0:-;1:-;2:-;3:-;4:8;5:7;6:7;7:-;8:-;9:-,0:-;1:-;2:-;3:-;4:4;5:-;6:-;7:-;8:-;9:-,4@4=1,4,1,1,1,0,1.0,1.0154298386556069,1.0,0.11542983865560696,0.0,0.0,0.1,0.16185927391052246,Feasible|selected=greedy
35,34,3,2,1,"ADD:4,9;ADD:6,7;REMOVE:4,4",0:-;1:-;2:-;3:-;4:4;5:-;6:-;7:-;8:-;9:-,0:-;1:-;2:-;3:-;4:9;5:-;6:7;7:-;8:-;9:-,4@3=1;4@6=1;6@4=1;6@9=1,"3,6,4,9",4,4,4,0,1.0,0.8,1.0,0.0,0.0,0.0,0.2,0.2042832374572754,Feasible|selected=greedy
36,35,4,3,1,"ADD:3,8;ADD:4,7;ADD:5,3;REMOVE:4,9",0:-;1:-;2:-;3:-;4:9;5:-;6:7;7:-;8:-;9:-,0:-;1:-;2:-;3:8;4:7;5:3;6:7;7:-;8:-;9:-,3@8=1;4@4=1;4@7=1;4@9=1;5@3=2;6@0=2;6@2=1;6@6=1,"8,4,7,9,3,0,2,6",10,8,8,0,1.0,0.23967500190495994,0.5,0.03967500190496,0.0,0.0,0.30000000000000004,0.266115665435791,Feasible|selected=greedy
37,36,4,1,3,"ADD:4,1;REMOVE:3,8;REMOVE:4,7;REMOVE:5,3",0:-;1:-;2:-;3:8;4:7;5:3;6:7;7:-;8:-;9:-,0:-;1:-;2:-;3:-;4:1;5:-;6:7;7:-;8:-;9:-,4@1=1;6@0=1;6@6=1,"1,0,6",3,3,3,0,1.0,0.6850537558494847,0.75,0.035053755849484634,0.0,0.0,0.1,0.19140887260437012,Feasible|selected=greedy
38,37,4,2,2,"ADD:4,6;ADD:6,9;REMOVE:4,1;REMOVE:6,7",0:-;1:-;2:-;3:-;4:1;5:-;6:7;7:-;8:-;9:-,0:-;1:-;2:-;3:-;4:6;5:-;6:9;7:-;8:-;9:-,4@6=1;6@3=1;6@9=1,"6,3,9",3,3,3,0,1.0,0.8693810427764541,1.0,0.06938104277645402,0.0,0.0,0.2,0.1877119541168213,Feasible|selected=greedy
39,38,4,2,2,"ADD:4,7;ADD:6,4;REMOVE:4,6;REMOVE:6,9",0:-;1:-;2:-;3:-;4:6;5:-;6:9;7:-;8:-;9:-,0:-;1:-;2:-;3:-;4:7;5:-;6:4;7:-;8:-;9:-,4@3=1;4@7=1;6@4=1,"3,7,4",3,3,3,0,1.0,0.8618914657032108,1.0,0.06189146570321083,0.0,0.0,0.2,0.1930220127105713,Feasible|selected=greedy
40,39,4,2,2,"ADD:2,2;ADD:4,8;REMOVE:4,7;REMOVE:6,4",0:-;1:-;2:-;3:-;4:7;5:-;6:4;7:-;8:-;9:-,0:-;1:-;2:2;3:-;4:8;5:-;6:-;7:-;8:-;9:-,2@0=1;2@2=2;2@4=1;2@8=1;4@4=1;4@1=1,"0,2,4,8,1",7,6,6,0,1.0,0.8314789263528917,1.0,0.03147892635289154,0.0,0.0,0.2,0.21947216987609863,Feasible|selected=greedy
41,40,4,3,1,"ADD:2,1;ADD:5,4;ADD:6,6;REMOVE:2,2",0:-;1:-;2:2;3:-;4:8;5:-;6:-;7:-;8:-;9:-,0:-;1:-;2:1;3:-;4:8;5:4;6:6;7:-;8:-;9:-,2@1=3;4@8=1;5@4=1;6@6=1,"1,8,4,6",6,4,4,0,1.0,0.29826419647757973,0.5,0.09826419647757981,0.0,0.0,0.30000000000000004,0.2107079029083252,Feasible|selected=greedy
42,41,5,2,3,"ADD:4,2;ADD:6,2;REMOVE:2,1;REMOVE:4,8;REMOVE:6,6",0:-;1:-;2:1;3:-;4:8;5:4;6:6;7:-;8:-;9:-,0:-;1:-;2:-;3:-;4:2;5:4;6:2;7:-;8:-;9:-,4@0=1;4@4=1;4@5=1;4@9=1;5@4=1;6@2=1,"0,4,5,9,2",6,6,6,0,1.0,0.5813898523996084,0.75,0.03138985239960834,0.0,0.0,0.2,0.22605490684509277,Feasible|selected=greedy
43,42,5,2,3,"ADD:4,6;ADD:6,9;REMOVE:4,2;REMOVE:5,4;REMOVE:6,2",0:-;1:-;2:-;3:-;4:2;5:4;6:2;7:-;8:-;9:-,0:-;1:-;2:-;3:-;4:6;5:-;6:9;7:-;8:-;9:-,4@6=1;6@9=1,"6,9",2,2,2,0,1.0,0.9103170554626014,1.0,0.11031705546260136,0.0,0.0,0.2,0.1795799732208252,Feasible|selected=beam_search
44,43,3,1,2,"ADD:4,2;REMOVE:4,6;REMOVE:6,9",0:-;1:-;2:-;3:-;4:6;5:-;6:9;7:-;8:-;9:-,0:-;1:-;2:-;3:-;4:2;5:-;6:-;7:-;8:-;9:-,4@2=1,2,1,1,1,0,1.0,0.9833080284851511,1.0,0.08330802848515109,0.0,0.0,0.1,0.16646814346313477,Feasible|selected=greedy
45,44,2,1,1,"ADD:4,8;REMOVE:4,2",0:-;1:-;2:-;3:-;4:2;5:-;6:-;7:-;8:-;9:-,0:-;1:-;2:-;3:-;4:8;5:-;6:-;7:-;8:-;9:-,4@2=1;4@4=1;4@5=1;4@8=2,"2,4,5,8",5,4,4,0,1.0,0.9364107410954613,1.0,0.03641074109546118,0.0,0.0,0.1,0.19471192359924316,Feasible|selected=greedy
46,45,4,3,1,"ADD:4,2;ADD:4,9;ADD:6,2;REMOVE:4,8",0:-;1:-;2:-;3:-;4:8;5:-;6:-;7:-;8:-;9:-,0:-;1:-;2:-;3:-;4:2|9;5:-;6:2;7:-;8:-;9:-,4@0=1;4@1=1;4@4=1;4@9=2;6@2=1,"0,1,4,9,2",6,5,5,0,1.0,0.7530965368037663,1.0,0.05309653680376636,0.0,0.0,0.30000000000000004,0.2216658592224121,Feasible|selected=beam_search
47,46,6,4,2,"ADD:3,4;ADD:5,1;ADD:6,5;ADD:6,6;REMOVE:4,9;REMOVE:6,2",0:-;1:-;2:-;3:-;4:2|9;5:-;6:2;7:-;8:-;9:-,0:-;1:-;2:-;3:4;4:2;5:1;6:5|6;7:-;8:-;9:-,3@4=1;4@2=1;4@8=1;5@1=1;6@5=1;6@6=1,"4,2,8,1,5,6",6,6,6,0,1.0,0.34261229631789225,0.6666666666666666,0.07594562965122562,0.0,0.0,0.4,0.2614161968231201,Feasible|selected=beam_search
48,47,6,1,5,"ADD:4,8;REMOVE:3,4;REMOVE:4,2;REMOVE:5,1;REMOVE:6,5;REMOVE:6,6",0:-;1:-;2:-;3:4;4:2;5:1;6:5|6;7:-;8:-;9:-,0:-;1:-;2:-;3:-;4:8;5:-;6:-;7:-;8:-;9:-,4@1=1;4@4=1,"1,4",2,2,2,0,1.0,0.9,1.0,0.0,0.0,0.0,0.1,0.20751690864562988,Feasible|selected=greedy
49,48,2,1,1,"ADD:4,7;REMOVE:4,8",0:-;1:-;2:-;3:-;4:8;5:-;6:-;7:-;8:-;9:-,0:-;1:-;2:-;3:-;4:7;5:-;6:-;7:-;8:-;9:-,4@4=1;4@9=1,"4,9",2,2,2,0,1.0,0.9,1.0,0.0,0.0,0.0,0.1,0.20439982414245605,Feasible|selected=greedy
50,49,2,2,0,"ADD:6,2;ADD:7,9",0:-;1:-;2:-;3:-;4:7;5:-;6:-;7:-;8:-;9:-,0:-;1:-;2:-;3:-;4:7;5:-;6:2;7:9;8:-;9:-,4@1=1;4@2=1;4@7=1;6@2=1,"1,2,7",4,4,4,0,1.0,-0.15229059996712693,0.0,0.04770940003287307,0.0,0.0,0.2,0.3291342258453369,Feasible|selected=greedy
51,50,3,1,2,"ADD:5,6;REMOVE:6,2;REMOVE:7,9",0:-;1:-;2:-;3:-;4:7;5:-;6:2;7:9;8:-;9:-,0:-;1:-;2:-;3:-;4:7;5:6;6:-;7:-;8:-;9:-,4@0=1;4@1=1;4@7=1;5@6=1,"0,1,7,6",4,4,4,0,1.0,0.6106954841102293,0.6666666666666666,0.044028817443562726,0.0,0.0,0.1,0.31368303298950195,Feasible|selected=greedy
52,51,5,4,1,"ADD:1,0;ADD:1,1;ADD:4,8;ADD:5,1;REMOVE:5,6",0:-;1:-;2:-;3:-;4:7;5:6;6:-;7:-;8:-;9:-,0:-;1:0|1;2:-;3:-;4:7|8;5:1;6:-;7:-;8:-;9:-,1@0=1;1@1=1;4@0=1;4@2=1;4@3=1;4@4=1;4@5=1;4@7=1;4@8=1;5@1=1;5@6=1,"0,1,2,3,4,5,7,8,6",11,11,11,0,1.0,0.14629697915520024,0.5,0.046296979155200285,0.0,0.0,0.4,0.40868616104125977,Feasible|selected=beam_search
53,52,8,3,5,"ADD:4,5;ADD:5,7;ADD:6,1;REMOVE:1,0;REMOVE:1,1;REMOVE:4,7;REMOVE:4,8;REMOVE:5,1",0:-;1:0|1;2:-;3:-;4:7|8;5:1;6:-;7:-;8:-;9:-,0:-;1:-;2:-;3:-;4:5;5:7;6:1;7:-;8:-;9:-,4@5=1;5@0=1;5@1=1;6@1=1,"5,0,1",4,4,4,0,1.0,0.7531091135380574,1.0,0.0531091135380574,0.0,0.0,0.30000000000000004,0.23736119270324707,Feasible|selected=greedy
54,53,4,1,3,"ADD:4,2;REMOVE:4,5;REMOVE:5,7;REMOVE:6,1",0:-;1:-;2:-;3:-;4:5;5:7;6:1;7:-;8:-;9:-,0:-;1:-;2:-;3:-;4:2;5:-;6:-;7:-;8:-;9:-,4@2=1,2,1,1,1,0,1.0,1.0143445428859867,1.0,0.11434454288598679,0.0,0.0,0.1,0.19157910346984863,Feasible|selected=beam_search
55,54,4,3,1,"ADD:3,9;ADD:4,7;ADD:6,1;REMOVE:4,2",0:-;1:-;2:-;3:-;4:2;5:-;6:-;7:-;8:-;9:-,0:-;1:-;2:-;3:9;4:7;5:-;6:1;7:-;8:-;9:-,3@9=1;4@1=1;4@2=1;4@3=1;4@4=1;4@6=1;4@7=1;6@1=1,"9,1,2,3,4,6,7",8,8,8,0,1.0,0.7398254389173817,1.0,0.0398254389173817,0.0,0.0,0.30000000000000004,0.29769182205200195,Feasible|selected=greedy
56,55,5,3,2,"ADD:1,1;ADD:3,4;ADD:6,2;REMOVE:3,9;REMOVE:6,1",0:-;1:-;2:-;3:9;4:7;5:-;6:1;7:-;8:-;9:-,0:-;1:1;2:-;3:4;4:7;5:-;6:2;7:-;8:-;9:-,1@1=1;3@4=1;4@7=1;6@2=1,"1,4,7,2",4,4,4,0,1.0,0.45737746053616135,0.6666666666666666,0.09071079386949474,0.0,0.0,0.30000000000000004,0.2678408622741699,Feasible|selected=greedy
57,56,6,3,3,"ADD:2,1;ADD:5,9;ADD:6,4;REMOVE:1,1;REMOVE:3,4;REMOVE:6,2",0:-;1:1;2:-;3:4;4:7;5:-;6:2;7:-;8:-;9:-,0:-;1:-;2:1;3:-;4:7;5:9;6:4;7:-;8:-;9:-,2@1=1;4@7=1;5@9=1;6@4=1,"1,7,9,4",4,4,4,0,1.0,0.5425474778482475,0.75,0.09254747784824752,0.0,0.0,0.30000000000000004,0.2970850467681885,Feasible|selected=greedy
58,57,8,4,4,"ADD:2,7;ADD:4,2;ADD:5,1;ADD:6,0;REMOVE:2,1;REMOVE:4,7;REMOVE:5,9;REMOVE:6,4",0:-;1:-;2:1;3:-;4:7;5:9;6:4;7:-;8:-;9:-,0:-;1:-;2:7;3:-;4:2;5:1;6:0;7:-;8:-;9:-,2@1=1;2@3=1;2@4=2;2@6=2;4@2=1;5@1=1;6@0=1,"1,3,4,6,2,0",9,7,7,0,1.0,0.6376729359857879,1.0,0.03767293598578784,0.0,0.0,0.4,0.28183722496032715,Feasible|selected=greedy
59,58,7,3,4,"ADD:3,2;ADD:4,8;ADD:5,4;REMOVE:2,7;REMOVE:4,2;REMOVE:5,1;REMOVE:6,0",0:-;1:-;2:7;3:-;4:2;5:1;6:0;7:-;8:-;9:-,0:-;1:-;2:-;3:2;4:8;5:4;6:-;7:-;8:-;9:-,3@2=1;4@1=1;4@5=1;4@7=1;5@4=1,"2,1,5,7,4",5,5,5,0,1.0,0.7367478905748113,1.0,0.03674789057481136,0.0,0.0,0.30000000000000004,0.3188211917877197,Feasible|selected=greedy
60,59,6,3,3,"ADD:3,1;ADD:4,1;ADD:5,5;REMOVE:3,2;REMOVE:4,8;REMOVE:5,4",0:-;1:-;2:-;3:2;4:8;5:4;6:-;7:-;8:-;9:-,0:-;1:-;2:-;3:1;4:1;5:5;6:-;7:-;8:-;9:-,3@1=1;4@1=1;5@2=1;5@5=1,"1,2,5",4,4,4,0,1.0,0.7719663725004684,1.0,0.07196637250046847,0.0,0.0,0.30000000000000004,0.31020188331604004,Feasible|selected=greedy
61,60,3,1,2,"ADD:5,2;REMOVE:4,1;REMOVE:5,5",0:-;1:-;2:-;3:1;4:1;5:5;6:-;7:-;8:-;9:-,0:-;1:-;2:-;3:1;4:-;5:2;6:-;7:-;8:-;9:-,3@9=1;5@2=1,"9,2",2,2,2,0,1.0,0.6104067591927994,0.6666666666666666,0.04374009252613273,0.0,0.0,0.1,0.25627684593200684,Feasible|selected=beam_search
62,61,3,1,2,"ADD:4,4;REMOVE:3,1;REMOVE:5,2",0:-;1:-;2:-;3:1;4:-;5:2;6:-;7:-;8:-;9:-,0:-;1:-;2:-;3:-;4:4;5:-;6:-;7:-;8:-;9:-,4@2=1;4@4=1,"2,4",2,2,2,0,1.0,0.9471378867197086,1.0,0.047137886719708436,0.0,0.0,0.1,0.2752108573913574,Feasible|selected=greedy
63,62,5,4,1,"ADD:2,4;ADD:3,1;ADD:3,2;ADD:5,2;REMOVE:4,4",0:-;1:-;2:-;3:-;4:4;5:-;6:-;7:-;8:-;9:-,0:-;1:-;2:4;3:1|2;4:-;5:2;6:-;7:-;8:-;9:-,2@4=1;3@1=1;3@2=1;5@2=1,"4,1,2",4,4,4,0,1.0,0.7067967349495673,1.0,0.10679673494956728,0.0,0.0,0.4,0.27237868309020996,Feasible|selected=beam_search
64,63,4,2,2,"ADD:4,4;ADD:6,9;REMOVE:3,1;REMOVE:3,2",0:-;1:-;2:4;3:1|2;4:-;5:2;6:-;7:-;8:-;9:-,0:-;1:-;2:4;3:-;4:4;5:2;6:9;7:-;8:-;9:-,2@2=1;2@4=2;4@4=1;5@2=1;6@2=1;6@9=1,"2,4,9",7,6,6,0,1.0,0.365127192901423,0.5,0.06512719290142302,0.0,0.0,0.2,0.2749760150909424,Feasible|selected=greedy
65,64,9,6,3,"ADD:0,1;ADD:0,7;ADD:2,2;ADD:2,5;ADD:2,9;ADD:4,1;REMOVE:2,4;REMOVE:5,2;REMOVE:6,9",0:-;1:-;2:4;3:-;4:4;5:2;6:9;7:-;8:-;9:-,0:1|7;1:-;2:2|5|9;3:-;4:1|4;5:-;6:-;7:-;8:-;9:-,0@1=2;0@2=1;0@7=1;0@9=1;2@2=1;2@7=1;2@9=2;2@4=2;2@5=1;4@1=1;4@4=1,"1,2,7,9,4,5",14,11,11,0,1.0,0.21949924807893162,0.75,0.06949924807893158,0.0,0.0,0.6,0.3208048343658447,Feasible|selected=beam_search
66,65,6,2,4,"ADD:0,2;ADD:1,2;REMOVE:0,1;REMOVE:0,7;REMOVE:2,5;REMOVE:2,9",0:1|7;1:-;2:2|5|9;3:-;4:1|4;5:-;6:-;7:-;8:-;9:-,0:2;1:2;2:2;3:-;4:1|4;5:-;6:-;7:-;8:-;9:-,0@0=1;0@2=2;0@4=4;0@5=1;0@8=1;0@9=2;1@2=1;2@4=1;2@3=1,"0,2,4,5,8,9,3",14,9,9,0,1.0,0.3952752480147222,0.5714285714285714,0.023846676586150757,0.0,0.0,0.2,0.298245906829834,Feasible|selected=beam_search
67,66,9,4,5,"ADD:0,7;ADD:1,7;ADD:1,8;ADD:2,4;REMOVE:0,2;REMOVE:1,2;REMOVE:2,2;REMOVE:4,1;REMOVE:4,4",0:2;1:2;2:2;3:-;4:1|4;5:-;6:-;7:-;8:-;9:-,0:7;1:7|8;2:4;3:-;4:-;5:-;6:-;7:-;8:-;9:-,0@0=1;0@1=1;0@2=1;0@3=1;0@6=1;1@0=1;1@1=1;1@6=2;1@4=1;1@5=2;1@9=1;2@2=2;2@6=2;2@4=2,"0,1,2,3,6,4,5,9",19,14,14,0,1.0,0.6125791833902511,1.0,0.012579183390251077,0.0,0.0,0.4,0.34423232078552246,Feasible|selected=greedy
68,67,7,3,4,"ADD:1,6;ADD:2,7;ADD:4,9;REMOVE:0,7;REMOVE:1,7;REMOVE:1,8;REMOVE:2,4",0:7;1:7|8;2:4;3:-;4:-;5:-;6:-;7:-;8:-;9:-,0:-;1:6;2:7;3:-;4:9;5:-;6:-;7:-;8:-;9:-,1@1=1;1@4=2;1@6=1;2@2=2;2@7=1;4@1=1;4@9=1,"1,4,6,2,7,9",9,7,7,0,1.0,0.7325807077027582,1.0,0.032580707702758206,0.0,0.0,0.30000000000000004,0.27303338050842285,Feasible|selected=greedy
69,68,5,3,2,"ADD:1,0;ADD:1,3;ADD:1,4;REMOVE:1,6;REMOVE:4,9",0:-;1:6;2:7;3:-;4:9;5:-;6:-;7:-;8:-;9:-,0:-;1:0|3|4;2:7;3:-;4:-;5:-;6:-;7:-;8:-;9:-,1@0=1;1@1=1;1@3=1;1@4=1;1@9=1;2@7=1;2@8=1,"0,1,3,4,9,7,8",7,7,7,0,1.0,0.42841668168809266,0.6666666666666666,0.061750015021426116,0.0,0.0,0.30000000000000004,0.29000186920166016,Feasible|selected=beam_search
70,69,9,5,4,"ADD:1,2;ADD:2,3;ADD:3,7;ADD:4,1;ADD:5,2;REMOVE:1,0;REMOVE:1,3;REMOVE:1,4;REMOVE:2,7",0:-;1:0|3|4;2:7;3:-;4:-;5:-;6:-;7:-;8:-;9:-,0:-;1:2;2:3;3:7;4:1;5:2;6:-;7:-;8:-;9:-,1@0=1;1@2=1;1@9=1;2@1=1;2@3=1;2@5=2;3@7=1;4@1=1;5@2=1,"0,2,9,1,3,5,7",10,9,9,0,1.0,0.5477382323520739,1.0,0.04773823235207393,0.0,0.0,0.5,0.33710312843322754,Feasible|selected=greedy
71,70,7,2,5,"ADD:2,0;ADD:3,4;REMOVE:1,2;REMOVE:2,3;REMOVE:3,7;REMOVE:4,1;REMOVE:5,2",0:-;1:2;2:3;3:7;4:1;5:2;6:-;7:-;8:-;9:-,0:-;1:-;2:0;3:4;4:-;5:-;6:-;7:-;8:-;9:-,2@0=1;3@4=1,"0,4",2,2,2,0,1.0,0.9006421448908923,1.0,0.10064214489089232,0.0,0.0,0.2,0.21890902519226074,Feasible|selected=greedy
72,71,6,4,2,"ADD:2,7;ADD:3,7;ADD:4,7;ADD:6,4;REMOVE:2,0;REMOVE:3,4",0:-;1:-;2:0;3:4;4:-;5:-;6:-;7:-;8:-;9:-,0:-;1:-;2:7;3:7;4:7;5:-;6:4;7:-;8:-;9:-,2@1=1;2@2=1;2@3=1;2@6=1;2@7=1;3@2=1;3@7=1;4@4=1;4@9=1;6@4=1,"1,2,3,6,7,4,9",10,10,10,0,1.0,0.6313569018528203,1.0,0.03135690185282029,0.0,0.0,0.4,0.42573094367980957,Feasible|selected=greedy
73,72,5,1,4,"ADD:4,2;REMOVE:2,7;REMOVE:3,7;REMOVE:4,7;REMOVE:6,4",0:-;1:-;2:7;3:7;4:7;5:-;6:4;7:-;8:-;9:-,0:-;1:-;2:-;3:-;4:2;5:-;6:-;7:-;8:-;9:-,4@2=2,2,2,1,1,0,1.0,1.004000542195492,1.0,0.10400054219549215,0.0,0.0,0.1,0.1935122013092041,Feasible|selected=greedy
74,73,2,1,1,"ADD:5,9;REMOVE:4,2",0:-;1:-;2:-;3:-;4:2;5:-;6:-;7:-;8:-;9:-,0:-;1:-;2:-;3:-;4:-;5:9;6:-;7:-;8:-;9:-,5@1=1;5@9=1,"1,9",2,2,2,0,1.0,0.9453751666901308,1.0,0.04537516669013067,0.0,0.0,0.1,0.1972808837890625,Feasible|selected=greedy
75,74,3,2,1,"ADD:4,4;ADD:5,7;REMOVE:5,9",0:-;1:-;2:-;3:-;4:-;5:9;6:-;7:-;8:-;9:-,0:-;1:-;2:-;3:-;4:4;5:7;6:-;7:-;8:-;9:-,4@4=1;5@4=1;5@9=1,"4,9",3,3,3,0,1.0,0.8386973476649009,1.0,0.0386973476649009,0.0,0.0,0.2,0.2389209270477295,Feasible|selected=greedy
76,75,1,0,1,"REMOVE:5,7",0:-;1:-;2:-;3:-;4:4;5:7;6:-;7:-;8:-;9:-,0:-;1:-;2:-;3:-;4:4;5:-;6:-;7:-;8:-;9:-,4@4=1,4,1,1,1,0,1.0,0.5823975746856361,0.5,0.08239757468563612,0.0,0.0,0.0,0.20432114601135254,Feasible|selected=greedy
77,76,5,4,1,"ADD:3,1;ADD:4,8;ADD:4,9;ADD:6,4;REMOVE:4,4",0:-;1:-;2:-;3:-;4:4;5:-;6:-;7:-;8:-;9:-,0:-;1:-;2:-;3:1;4:8|9;5:-;6:4;7:-;8:-;9:-,3@1=1;4@1=1;4@2=1;4@4=1;4@8=1;4@9=1;6@4=1,"1,2,4,8,9",7,7,7,0,1.0,0.659378273150912,1.0,0.05937827315091211,0.0,0.0,0.4,0.34308409690856934,Feasible|selected=beam_search
78,77,7,3,4,"ADD:1,4;ADD:4,3;ADD:6,3;REMOVE:3,1;REMOVE:4,8;REMOVE:4,9;REMOVE:6,4",0:-;1:-;2:-;3:1;4:8|9;5:-;6:4;7:-;8:-;9:-,0:-;1:4;2:-;3:-;4:3;5:-;6:3;7:-;8:-;9:-,1@4=1;4@3=1;6@3=1,"4,3",3,3,3,0,1.0,0.7995552384769096,1.0,0.09955523847690965,0.0,0.0,0.30000000000000004,0.24429011344909668,Feasible|selected=greedy
79,78,8,5,3,"ADD:1,7;ADD:2,8;ADD:3,9;ADD:4,1;ADD:6,1;REMOVE:1,4;REMOVE:4,3;REMOVE:6,3",0:-;1:4;2:-;3:-;4:3;5:-;6:3;7:-;8:-;9:-,0:-;1:7;2:8;3:9;4:1;5:-;6:1;7:-;8:-;9:-,1@2=1;1@3=1;1@4=1;1@6=1;1@8=1;2@2=1;2@4=1;2@1=1;3@2=1;3@6=1;4@1=1;6@1=1,"2,3,4,6,8,1",12,12,12,0,1.0,0.5158080477325149,1.0,0.015808047732514978,0.0,0.0,0.5,0.42986392974853516,Feasible|selected=greedy
80,79,7,3,4,"ADD:1,9;ADD:3,4;ADD:4,8;REMOVE:1,7;REMOVE:3,9;REMOVE:4,1;REMOVE:6,1",0:-;1:7;2:8;3:9;4:1;5:-;6:1;7:-;8:-;9:-,0:-;1:9;2:8;3:4;4:8;5:-;6:-;7:-;8:-;9:-,1@1=1;1@2=1;1@6=1;2@2=2;2@5=1;2@8=1;3@4=1;4@1=1;4@8=1;4@4=1,"1,2,6,5,8,4",11,10,10,0,1.0,0.5237549534815096,0.8,0.023754953481509602,0.0,0.0,0.30000000000000004,0.28973913192749023,Feasible|selected=greedy
81,80,9,5,4,"ADD:1,7;ADD:1,8;ADD:2,2;ADD:4,3;ADD:5,3;REMOVE:1,9;REMOVE:2,8;REMOVE:3,4;REMOVE:4,8",0:-;1:9;2:8;3:4;4:8;5:-;6:-;7:-;8:-;9:-,0:-;1:7|8;2:2;3:-;4:3;5:3;6:-;7:-;8:-;9:-,1@0=1;1@1=2;1@4=1;1@5=2;1@6=1;1@8=2;2@2=1;4@3=1;5@3=2,"0,1,4,5,6,8,2,3",13,9,9,0,1.0,0.5451358339689039,1.0,0.045135833968903874,0.0,0.0,0.5,0.32141590118408203,Feasible|selected=greedy
82,81,5,2,3,"ADD:2,1;ADD:2,8;REMOVE:1,8;REMOVE:2,2;REMOVE:4,3",0:-;1:7|8;2:2;3:-;4:3;5:3;6:-;7:-;8:-;9:-,0:-;1:7;2:1|8;3:-;4:-;5:3;6:-;7:-;8:-;9:-,1@0=1;1@1=1;1@4=2;1@7=1;1@8=1;2@1=1;2@4=1;2@8=1;2@6=1;5@1=1,"0,1,4,7,8,6",11,10,10,0,1.0,0.4287148260658969,0.6,0.02871482606589696,0.0,0.0,0.2,0.28888893127441406,Feasible|selected=beam_search
83,82,7,3,4,"ADD:1,2;ADD:4,1;ADD:6,7;REMOVE:1,7;REMOVE:2,1;REMOVE:2,8;REMOVE:5,3",0:-;1:7;2:1|8;3:-;4:-;5:3;6:-;7:-;8:-;9:-,0:-;1:2;2:-;3:-;4:1;5:-;6:7;7:-;8:-;9:-,1@2=2;1@4=1;1@5=1;1@7=1;4@1=1;6@1=1;6@0=1,"2,4,5,7,1,0",8,7,7,0,1.0,0.7352659376241792,1.0,0.03526593762417921,0.0,0.0,0.30000000000000004,0.293809175491333,Feasible|selected=greedy
84,83,4,1,3,"ADD:4,4;REMOVE:1,2;REMOVE:4,1;REMOVE:6,7",0:-;1:2;2:-;3:-;4:1;5:-;6:7;7:-;8:-;9:-,0:-;1:-;2:-;3:-;4:4;5:-;6:-;7:-;8:-;9:-,4@4=1,4,1,1,1,0,1.0,1.01739690731058,1.0,0.11739690731058006,0.0,0.0,0.1,0.21114516258239746,Feasible|selected=greedy
85,84,4,3,1,"ADD:2,7;ADD:4,6;ADD:6,5;REMOVE:4,4",0:-;1:-;2:-;3:-;4:4;5:-;6:-;7:-;8:-;9:-,0:-;1:-;2:7;3:-;4:6;5:-;6:5;7:-;8:-;9:-,2@3=1;2@4=1;4@6=1;6@3=1;6@5=1,"3,4,6,5",5,5,5,0,1.0,0.7419091327107237,1.0,0.04190913271072372,0.0,0.0,0.30000000000000004,0.2902870178222656,Feasible|selected=greedy
86,85,6,3,3,"ADD:2,3;ADD:4,0;ADD:5,4;REMOVE:2,7;REMOVE:4,6;REMOVE:6,5",0:-;1:-;2:7;3:-;4:6;5:-;6:5;7:-;8:-;9:-,0:-;1:-;2:3;3:-;4:0;5:4;6:-;7:-;8:-;9:-,2@1=1;2@2=1;4@2=1;4@0=1;5@4=1,"1,2,0,4",5,5,5,0,1.0,0.7417026008077081,1.0,0.04170260080770806,0.0,0.0,0.30000000000000004,0.2607431411743164,Feasible|selected=beam_search
87,86,6,3,3,"ADD:2,4;ADD:3,3;ADD:5,8;REMOVE:2,3;REMOVE:4,0;REMOVE:5,4",0:-;1:-;2:3;3:-;4:0;5:4;6:-;7:-;8:-;9:-,0:-;1:-;2:4;3:3;4:-;5:8;6:-;7:-;8:-;9:-,2@2=1;2@4=2;3@3=1;5@4=1;5@8=1,"2,4,3,8",6,5,5,0,1.0,0.7708718167783561,1.0,0.07087181677835609,0.0,0.0,0.30000000000000004,0.26840806007385254,Feasible|selected=greedy
88,87,6,3,3,"ADD:3,9;ADD:4,8;ADD:6,3;REMOVE:2,4;REMOVE:3,3;REMOVE:5,8",0:-;1:-;2:4;3:3;4:-;5:8;6:-;7:-;8:-;9:-,0:-;1:-;2:-;3:9;4:8;5:-;6:3;7:-;8:-;9:-,3@9=1;4@4=1;4@5=1;6@3=1,"9,4,5,3",4,4,4,0,1.0,0.7422053655796759,1.0,0.04220536557967581,0.0,0.0,0.30000000000000004,0.29427671432495117,Feasible|selected=greedy
89,88,4,2,2,"ADD:1,8;ADD:6,2;REMOVE:3,9;REMOVE:6,3",0:-;1:-;2:-;3:9;4:8;5:-;6:3;7:-;8:-;9:-,0:-;1:8;2:-;3:-;4:8;5:-;6:2;7:-;8:-;9:-,1@5=1;1@8=1;4@8=1;4@4=1;6@9=1,"5,8,4,9",5,5,5,0,1.0,0.5108761328536888,0.6666666666666666,0.0442094661870221,0.0,0.0,0.2,0.2601299285888672,Feasible|selected=greedy
90,89,6,3,3,"ADD:1,5;ADD:2,7;ADD:3,7;REMOVE:1,8;REMOVE:4,8;REMOVE:6,2",0:-;1:8;2:-;3:-;4:8;5:-;6:2;7:-;8:-;9:-,0:-;1:5;2:7;3:7;4:-;5:-;6:-;7:-;8:-;9:-,1@5=1;2@0=1;2@1=1;2@2=2;2@4=1;2@7=2;3@7=1,"5,0,1,2,4,7",9,7,7,0,1.0,0.7436888471431184,1.0,0.04368884714311851,0.0,0.0,0.30000000000000004,0.2955892086029053,Feasible|selected=beam_search
91,90,7,4,3,"ADD:1,2;ADD:3,8;ADD:4,4;ADD:5,6;REMOVE:1,5;REMOVE:2,7;REMOVE:3,7",0:-;1:5;2:7;3:7;4:-;5:-;6:-;7:-;8:-;9:-,0:-;1:2;2:-;3:8;4:4;5:6;6:-;7:-;8:-;9:-,1@0=1;1@2=1;1@3=1;1@4=2;1@5=1;3@5=1;3@7=1;4@4=1;5@6=1,"0,2,3,4,5,7,6",10,9,9,0,1.0,0.6308981395999066,1.0,0.030898139599906674,0.0,0.0,0.4,0.3102741241455078,Feasible|selected=greedy
92,91,9,5,4,"ADD:1,8;ADD:2,9;ADD:4,0;ADD:5,7;ADD:6,6;REMOVE:1,2;REMOVE:3,8;REMOVE:4,4;REMOVE:5,6",0:-;1:2;2:-;3:8;4:4;5:6;6:-;7:-;8:-;9:-,0:-;1:8;2:9;3:-;4:0;5:7;6:6;7:-;8:-;9:-,1@1=2;1@2=1;1@4=1;1@5=2;1@6=1;2@9=2;4@0=1;5@7=1;6@6=1,"1,2,4,5,6,9,0,7",12,9,9,0,1.0,0.54394588524458,1.0,0.043945885244579964,0.0,0.0,0.5,0.3259437084197998,Feasible|selected=greedy
93,92,9,4,5,"ADD:1,5;ADD:2,7;ADD:3,5;ADD:6,1;REMOVE:1,8;REMOVE:2,9;REMOVE:4,0;REMOVE:5,7;REMOVE:6,6",0:-;1:8;2:9;3:-;4:0;5:7;6:6;7:-;8:-;9:-,0:-;1:5;2:7;3:5;4:-;5:-;6:1;7:-;8:-;9:-,1@0=1;1@2=1;1@5=1;1@8=1;2@0=1;2@2=1;2@1=1;3@5=1;6@1=1,"0,2,5,8,1",9,9,9,0,1.0,0.6326122747603063,1.0,0.03261227476030644,0.0,0.0,0.4,0.2889559268951416,Feasible|selected=greedy
94,93,8,4,4,"ADD:1,7;ADD:2,2;ADD:4,2;ADD:5,8;REMOVE:1,5;REMOVE:2,7;REMOVE:3,5;REMOVE:6,1",0:-;1:5;2:7;3:5;4:-;5:-;6:1;7:-;8:-;9:-,0:-;1:7;2:2;3:-;4:2;5:8;6:-;7:-;8:-;9:-,1@0=1;1@1=1;1@2=2;1@9=1;2@2=1;4@2=1;5@8=1,"0,1,2,9,8",8,7,7,0,1.0,0.6365293655837151,1.0,0.03652936558371508,0.0,0.0,0.4,0.3088252544403076,Feasible|selected=greedy
95,94,3,1,2,"ADD:4,4;REMOVE:4,2;REMOVE:5,8",0:-;1:7;2:2;3:-;4:2;5:8;6:-;7:-;8:-;9:-,0:-;1:7;2:2;3:-;4:4;5:-;6:-;7:-;8:-;9:-,1@3=1;1@6=2;2@0=1;2@4=1;4@4=1,"3,6,0,4",6,5,5,0,1.0,0.4143005051466352,0.5,0.014300505146635207,0.0,0.0,0.1,0.26140809059143066,Feasible|selected=beam_search
96,95,6,4,2,"ADD:1,8;ADD:2,3;ADD:5,7;ADD:7,9;REMOVE:1,7;REMOVE:2,2",0:-;1:7;2:2;3:-;4:4;5:-;6:-;7:-;8:-;9:-,0:-;1:8;2:3;3:-;4:4;5:7;6:-;7:9;8:-;9:-,1@2=1;1@4=1;1@5=1;1@6=1;1@8=1;2@3=1;4@2=1;4@4=1;5@6=1;5@0=1;7@9=1,"2,4,5,6,8,3,0,9",11,11,11,0,1.0,0.30224261491923,0.6666666666666666,0.03557594825256337,0.0,0.0,0.4,0.34822607040405273,Feasible|selected=greedy
97,96,9,4,5,"ADD:1,9;ADD:2,9;ADD:4,2;ADD:6,2;REMOVE:1,8;REMOVE:2,3;REMOVE:4,4;REMOVE:5,7;REMOVE:7,9",0:-;1:8;2:3;3:-;4:4;5:7;6:-;7:9;8:-;9:-,0:-;1:9;2:9;3:-;4:2;5:-;6:2;7:-;8:-;9:-,1@1=1;1@2=1;1@9=1;2@9=1;4@9=1;4@4=1;4@5=1;6@2=1,"1,2,9,4,5",8,8,8,0,1.0,0.6358615803049771,1.0,0.035861580304977124,0.0,0.0,0.4,0.29149603843688965,Feasible|selected=greedy
98,97,2,0,2,"REMOVE:1,9;REMOVE:4,2",0:-;1:9;2:9;3:-;4:2;5:-;6:2;7:-;8:-;9:-,0:-;1:-;2:9;3:-;4:-;5:-;6:2;7:-;8:-;9:-,2@1=1;2@9=1;6@2=1;6@5=1;6@7=1,"1,9,2,5,7",5,5,5,0,1.0,0.5451941220202327,0.5,0.045194122020232645,0.0,0.0,0.0,0.2381429672241211,Feasible|selected=greedy
99,98,7,5,2,"ADD:2,4;ADD:3,5;ADD:4,9;ADD:5,7;ADD:6,8;REMOVE:2,9;REMOVE:6,2",0:-;1:-;2:9;3:-;4:-;5:-;6:2;7:-;8:-;9:-,0:-;1:-;2:4;3:5;4:9;5:7;6:8;7:-;8:-;9:-,2@4=1;3@5=1;4@6=1;4@9=1;5@7=1;6@8=1,"4,5,6,9,7,8",6,6,6,0,1.0,0.5814539666576386,1.0,0.08145396665763864,0.0,0.0,0.5,0.2886829376220703,Feasible|selected=beam_search
100,99,7,2,5,"ADD:2,8;ADD:4,2;REMOVE:2,4;REMOVE:3,5;REMOVE:4,9;REMOVE:5,7;REMOVE:6,8",0:-;1:-;2:4;3:5;4:9;5:7;6:8;7:-;8:-;9:-,0:-;1:-;2:8;3:-;4:2;5:-;6:-;7:-;8:-;9:-,2@4=2;2@5=1;4@2=1,"4,5,2",4,3,3,0,1.0,0.8222473085827948,1.0,0.02224730858279473,0.0,0.0,0.2,0.22795414924621582,Feasible|selected=greedy
101,100,5,3,2,"ADD:4,1;ADD:5,7;ADD:6,2;REMOVE:2,8;REMOVE:4,2",0:-;1:-;2:8;3:-;4:2;5:-;6:-;7:-;8:-;9:-,0:-;1:-;2:-;3:-;4:1;5:7;6:2;7:-;8:-;9:-,4@1=1;5@2=1;5@7=2;6@2=1,"1,2,7",5,4,4,0,1.0,0.7801935850331112,1.0,0.08019358503311116,0.0,0.0,0.30000000000000004,0.26970696449279785,Feasible|selected=greedy
102,101,6,3,3,"ADD:2,8;ADD:4,0;ADD:5,2;REMOVE:4,1;REMOVE:5,7;REMOVE:6,2",0:-;1:-;2:-;3:-;4:1;5:7;6:2;7:-;8:-;9:-,0:-;1:-;2:8;3:-;4:0;5:2;6:-;7:-;8:-;9:-,2@4=1;2@8=1;4@0=1;5@2=1,"4,8,0,2",4,4,4,0,1.0,0.7734535947856711,1.0,0.07345359478567107,0.0,0.0,0.30000000000000004,0.2899811267852783,Feasible|selected=greedy
103,102,5,2,3,"ADD:2,0;ADD:2,3;REMOVE:2,8;REMOVE:4,0;REMOVE:5,2",0:-;1:-;2:8;3:-;4:0;5:2;6:-;7:-;8:-;9:-,0:-;1:-;2:0|3;3:-;4:-;5:-;6:-;7:-;8:-;9:-,2@0=1;2@1=1;2@3=1;2@7=1,"0,1,3,7",4,4,4,0,1.0,0.8579333217379013,1.0,0.05793332173790115,0.0,0.0,0.2,0.24446988105773926,Feasible|selected=beam_search
104,103,3,1,2,"ADD:2,5;REMOVE:2,0;REMOVE:2,3",0:-;1:-;2:0|3;3:-;4:-;5:-;6:-;7:-;8:-;9:-,0:-;1:-;2:5;3:-;4:-;5:-;6:-;7:-;8:-;9:-,2@5=1,5,1,1,1,0,1.0,1.0111599535673652,1.0,0.11115995356736522,0.0,0.0,0.1,0.18438720703125,Feasible|selected=greedy
105,104,6,5,1,"ADD:1,8;ADD:2,2;ADD:2,7;ADD:4,9;ADD:5,2;REMOVE:2,5",0:-;1:-;2:5;3:-;4:-;5:-;6:-;7:-;8:-;9:-,0:-;1:8;2:2|7;3:-;4:9;5:2;6:-;7:-;8:-;9:-,1@1=1;1@5=1;2@1=1;2@5=2;2@0=1;2@4=2;2@7=1;2@9=1;4@7=1;4@9=1;5@2=1,"1,5,0,4,7,9,2",13,11,11,0,1.0,0.5210775432746089,1.0,0.02107754327460882,0.0,0.0,0.5,0.35974621772766113,Feasible|selected=greedy
106,105,6,3,3,"ADD:1,6;ADD:2,8;ADD:6,3;REMOVE:1,8;REMOVE:2,2;REMOVE:2,7",0:-;1:8;2:2|7;3:-;4:9;5:2;6:-;7:-;8:-;9:-,0:-;1:6;2:8;3:-;4:9;5:2;6:3;7:-;8:-;9:-,1@1=1;1@4=1;1@6=1;1@9=1;2@2=1;2@7=1;2@8=1;4@9=1;4@2=2;4@7=2;5@2=3;6@3=1,"1,4,6,9,2,7,8,3",16,12,12,0,1.0,0.3404658483138775,0.6,0.04046584831387754,0.0,0.0,0.30000000000000004,0.3856337070465088,Feasible|selected=greedy
107,106,7,3,4,"ADD:1,7;ADD:2,5;ADD:4,5;REMOVE:1,6;REMOVE:2,8;REMOVE:5,2;REMOVE:6,3",0:-;1:6;2:8;3:-;4:9;5:2;6:3;7:-;8:-;9:-,0:-;1:7;2:5;3:-;4:5|9;5:-;6:-;7:-;8:-;9:-,1@1=2;1@2=1;1@3=1;1@4=1;1@8=1;2@5=1;4@5=1;4@9=1,"1,2,3,4,8,5,9",9,8,8,0,1.0,0.5350481667774867,0.8,0.035048166777486685,0.0,0.0,0.30000000000000004,0.3970160484313965,Feasible|selected=greedy
108,107,6,3,3,"ADD:1,8;ADD:2,8;ADD:5,4;REMOVE:1,7;REMOVE:2,5;REMOVE:4,5",0:-;1:7;2:5;3:-;4:5|9;5:-;6:-;7:-;8:-;9:-,0:-;1:8;2:8;3:-;4:9;5:4;6:-;7:-;8:-;9:-,1@1=1;1@2=2;1@4=2;1@5=1;1@8=1;2@1=2;2@2=2;2@5=1;4@1=1;4@2=1;5@4=1,"1,2,4,5,8",15,11,11,0,1.0,0.4640561463888012,0.75,0.014056146388801287,0.0,0.0,0.30000000000000004,0.29439401626586914,Feasible|selected=greedy
109,108,8,4,4,"ADD:1,7;ADD:2,2;ADD:4,4;ADD:5,3;REMOVE:1,8;REMOVE:2,8;REMOVE:4,9;REMOVE:5,4",0:-;1:8;2:8;3:-;4:9;5:4;6:-;7:-;8:-;9:-,0:-;1:7;2:2;3:-;4:4;5:3;6:-;7:-;8:-;9:-,1@0=1;1@4=1;1@8=1;2@0=1;2@4=3;2@2=1;4@4=1;5@3=1,"0,4,8,2,3",10,8,8,0,1.0,0.6268196060956618,1.0,0.026819606095661714,0.0,0.0,0.4,0.2774851322174072,Feasible|selected=greedy
110,109,7,3,4,"ADD:1,1;ADD:4,2;ADD:5,8;REMOVE:1,7;REMOVE:2,2;REMOVE:4,4;REMOVE:5,3",0:-;1:7;2:2;3:-;4:4;5:3;6:-;7:-;8:-;9:-,0:-;1:1;2:-;3:-;4:2;5:8;6:-;7:-;8:-;9:-,1@1=1;4@2=1;5@6=2;5@8=1,"1,2,6,8",5,4,4,0,1.0,0.7655812756364249,1.0,0.06558127563642487,0.0,0.0,0.30000000000000004,0.30638599395751953,Feasible|selected=greedy
111,110,7,4,3,"ADD:1,7;ADD:2,9;ADD:4,7;ADD:5,1;REMOVE:1,1;REMOVE:4,2;REMOVE:5,8",0:-;1:1;2:-;3:-;4:2;5:8;6:-;7:-;8:-;9:-,0:-;1:7;2:9;3:-;4:7;5:1;6:-;7:-;8:-;9:-,1@0=1;1@3=1;2@1=1;2@2=1;4@4=2;4@7=1;5@1=1,"0,3,1,2,4,7",8,7,7,0,1.0,0.6225745062463094,1.0,0.02257450624630939,0.0,0.0,0.4,0.3260369300842285,Feasible|selected=greedy
112,111,9,5,4,"ADD:1,8;ADD:2,8;ADD:4,4;ADD:5,5;ADD:6,2;REMOVE:1,7;REMOVE:2,9;REMOVE:4,7;REMOVE:5,1",0:-;1:7;2:9;3:-;4:7;5:1;6:-;7:-;8:-;9:-,0:-;1:8;2:8;3:-;4:4;5:5;6:2;7:-;8:-;9:-,1@4=1;1@5=1;2@8=1;4@4=1;5@5=1;6@2=1,"4,5,8,2",6,6,6,0,1.0,0.5599079445923318,1.0,0.05990794459233182,0.0,0.0,0.5,0.26964902877807617,Feasible|selected=greedy
113,112,9,4,5,"ADD:1,2;ADD:2,3;ADD:3,4;ADD:5,6;REMOVE:1,8;REMOVE:2,8;REMOVE:4,4;REMOVE:5,5;REMOVE:6,2",0:-;1:8;2:8;3:-;4:4;5:5;6:2;7:-;8:-;9:-,0:-;1:2;2:3;3:4;4:-;5:6;6:-;7:-;8:-;9:-,1@0=1;1@2=4;1@8=1;1@9=1;2@3=2;3@4=1;5@6=2,"0,2,8,9,3,4,6",12,7,7,0,1.0,0.6724376044294927,1.0,0.07243760442949272,0.0,0.0,0.4,0.3297548294067383,Feasible|selected=greedy
114,113,6,3,3,"ADD:1,8;ADD:2,9;ADD:5,4;REMOVE:2,3;REMOVE:3,4;REMOVE:5,6",0:-;1:2;2:3;3:4;4:-;5:6;6:-;7:-;8:-;9:-,0:-;1:2|8;2:9;3:-;4:-;5:4;6:-;7:-;8:-;9:-,1@2=1;1@3=1;1@4=1;1@5=1;1@6=1;1@8=1;2@9=1;5@2=1;5@4=1,"2,3,4,5,6,8,9",9,9,9,0,1.0,0.4951945083655155,0.75,0.04519450836551548,0.0,0.0,0.30000000000000004,0.34143710136413574,Feasible|selected=greedy
115,114,8,5,3,"ADD:1,7;ADD:2,6;ADD:4,5;ADD:4,9;ADD:5,8;REMOVE:1,2;REMOVE:2,9;REMOVE:5,4",0:-;1:2|8;2:9;3:-;4:-;5:4;6:-;7:-;8:-;9:-,0:-;1:7|8;2:6;3:-;4:5|9;5:8;6:-;7:-;8:-;9:-,1@0=1;1@1=1;1@4=1;1@5=1;1@6=1;2@1=1;2@6=1;4@5=1;4@9=1;5@1=1;5@4=1;5@8=1,"0,1,4,5,6,9,8",12,12,12,0,1.0,0.281832614526743,0.75,0.03183261452674303,0.0,0.0,0.5,0.4503450393676758,Feasible|selected=greedy
116,115,6,2,4,"ADD:2,7;ADD:3,5;REMOVE:1,8;REMOVE:2,6;REMOVE:4,5;REMOVE:5,8",0:-;1:7|8;2:6;3:-;4:5|9;5:8;6:-;7:-;8:-;9:-,0:-;1:7;2:7;3:5;4:9;5:-;6:-;7:-;8:-;9:-,1@0=2;1@1=1;1@2=1;1@3=2;1@9=1;2@0=1;2@1=2;3@5=1;4@1=1;4@9=1,"0,1,2,3,9,5",13,10,10,0,1.0,0.47986103408018516,0.6666666666666666,0.013194367413518484,0.0,0.0,0.2,0.40317392349243164,Feasible|selected=greedy
117,116,8,4,4,"ADD:1,2;ADD:2,2;ADD:4,8;ADD:6,7;REMOVE:1,7;REMOVE:2,7;REMOVE:3,5;REMOVE:4,9",0:-;1:7;2:7;3:5;4:9;5:-;6:-;7:-;8:-;9:-,0:-;1:2;2:2;3:-;4:8;5:-;6:7;7:-;8:-;9:-,1@0=1;1@2=2;1@4=1;2@2=1;4@7=1;4@8=1;6@0=1;6@1=1,"0,2,4,7,8,1",9,8,8,0,1.0,0.6389088839195233,1.0,0.03890888391952335,0.0,0.0,0.4,0.3211708068847656,Feasible|selected=greedy
118,117,8,4,4,"ADD:1,4;ADD:4,5;ADD:4,9;ADD:6,5;REMOVE:1,2;REMOVE:2,2;REMOVE:4,8;REMOVE:6,7",0:-;1:2;2:2;3:-;4:8;5:-;6:7;7:-;8:-;9:-,0:-;1:4;2:-;3:-;4:5|9;5:-;6:5;7:-;8:-;9:-,1@2=2;1@4=1;4@5=1;4@9=1;6@2=1;6@5=1,"2,4,5,9",7,6,6,0,1.0,0.6561247518779877,1.0,0.05612475187798775,0.0,0.0,0.4,0.2614471912384033,Feasible|selected=greedy
119,118,6,3,3,"ADD:1,7;ADD:2,8;ADD:5,5;REMOVE:1,4;REMOVE:4,5;REMOVE:6,5",0:-;1:4;2:-;3:-;4:5|9;5:-;6:5;7:-;8:-;9:-,0:-;1:7;2:8;3:-;4:9;5:5;6:-;7:-;8:-;9:-,1@0=1;1@4=2;2@2=1;2@5=1;2@8=1;4@9=1;5@5=1,"0,4,2,5,8,9",8,7,7,0,1.0,0.4891107811556288,0.75,0.03911078115562887,0.0,0.0,0.30000000000000004,0.31633615493774414,Feasible|selected=greedy
120,119,5,3,2,"ADD:2,7;ADD:4,8;ADD:6,0;REMOVE:4,9;REMOVE:5,5",0:-;1:7;2:8;3:-;4:9;5:5;6:-;7:-;8:-;9:-,0:-;1:7;2:7|8;3:-;4:8;5:-;6:0;7:-;8:-;9:-,1@3=1;1@4=1;1@6=1;1@7=1;2@3=1;2@7=1;2@5=1;2@8=1;4@6=2;4@8=1;6@0=1,"3,4,6,7,5,8,0",12,11,11,0,1.0,0.24249677269036407,0.5,0.04249677269036411,0.0,0.0,0.30000000000000004,0.3123950958251953,Feasible|selected=greedy
121,120,6,2,4,"ADD:1,2;ADD:4,7;REMOVE:1,7;REMOVE:2,8;REMOVE:4,8;REMOVE:6,0",0:-;1:7;2:7|8;3:-;4:8;5:-;6:0;7:-;8:-;9:-,0:-;1:2;2:7;3:-;4:7;5:-;6:-;7:-;8:-;9:-,1@2=1;1@4=1;1@5=1;2@2=1;2@0=1;2@1=1;4@7=2,"2,4,5,0,1,7",8,7,7,0,1.0,0.6363912148129971,0.8,0.03639121481299702,0.0,0.0,0.2,0.2780749797821045,Feasible|selected=greedy
122,121,7,4,3,"ADD:1,8;ADD:2,9;ADD:4,2;ADD:5,4;REMOVE:1,2;REMOVE:2,7;REMOVE:4,7",0:-;1:2;2:7;3:-;4:7;5:-;6:-;7:-;8:-;9:-,0:-;1:8;2:9;3:-;4:2;5:4;6:-;7:-;8:-;9:-,1@5=1;1@6=1;1@8=2;2@6=1;2@2=1;4@2=1;4@0=1;5@2=1;5@4=1,"5,6,8,2,0,4",10,9,9,0,1.0,0.6398359550427498,1.0,0.03983595504274982,0.0,0.0,0.4,0.3016977310180664,Feasible|selected=greedy
123,122,6,2,4,"ADD:1,9;ADD:2,7;REMOVE:1,8;REMOVE:2,9;REMOVE:4,2;REMOVE:5,4",0:-;1:8;2:9;3:-;4:2;5:4;6:-;7:-;8:-;9:-,0:-;1:9;2:7;3:-;4:-;5:-;6:-;7:-;8:-;9:-,1@1=1;1@2=2;2@3=1;2@6=1;2@7=1,"1,2,3,6,7",6,5,5,0,1.0,0.8139610023336064,1.0,0.013961002333606271,0.0,0.0,0.2,0.2529470920562744,Feasible|selected=greedy
124,123,4,2,2,"ADD:1,3;ADD:4,2;REMOVE:1,9;REMOVE:2,7",0:-;1:9;2:7;3:-;4:-;5:-;6:-;7:-;8:-;9:-,0:-;1:3;2:-;3:-;4:2;5:-;6:-;7:-;8:-;9:-,1@2=1;1@3=1;4@2=1,"2,3",3,3,3,0,1.0,0.8710460289629471,1.0,0.07104602896294718,0.0,0.0,0.2,0.3098130226135254,Feasible|selected=greedy
125,124,5,3,2,"ADD:1,8;ADD:2,8;ADD:6,5;REMOVE:1,3;REMOVE:4,2",0:-;1:3;2:-;3:-;4:2;5:-;6:-;7:-;8:-;9:-,0:-;1:8;2:8;3:-;4:-;5:-;6:5;7:-;8:-;9:-,1@1=1;1@4=1;1@5=1;1@6=1;1@8=1;2@6=2;2@8=1;6@5=1;6@0=1,"1,4,5,6,8,0",10,9,9,0,1.0,0.7302487942364493,1.0,0.03024879423644927,0.0,0.0,0.30000000000000004,0.40048980712890625,Feasible|selected=greedy
126,125,7,4,3,"ADD:1,7;ADD:2,2;ADD:3,4;ADD:4,9;REMOVE:1,8;REMOVE:2,8;REMOVE:6,5",0:-;1:8;2:8;3:-;4:-;5:-;6:5;7:-;8:-;9:-,0:-;1:7;2:2;3:4;4:9;5:-;6:-;7:-;8:-;9:-,1@1=1;1@2=1;1@7=1;2@2=1;3@4=1;4@6=1;4@9=1,"1,2,7,4,6,9",7,7,7,0,1.0,0.6526552651492336,1.0,0.0526552651492335,0.0,0.0,0.4,0.4068729877471924,Feasible|selected=greedy
127,126,5,2,3,"ADD:1,1;ADD:4,4;REMOVE:1,7;REMOVE:3,4;REMOVE:4,9",0:-;1:7;2:2;3:4;4:9;5:-;6:-;7:-;8:-;9:-,0:-;1:1;2:2;3:-;4:4;5:-;6:-;7:-;8:-;9:-,1@1=2;1@6=1;2@2=2;4@4=1,"1,6,2,4",6,4,4,0,1.0,0.6225963718806897,0.75,0.07259637188068975,0.0,0.0,0.2,0.3745296001434326,Feasible|selected=greedy
128,127,3,1,2,"ADD:4,8;REMOVE:1,1;REMOVE:4,4",0:-;1:1;2:2;3:-;4:4;5:-;6:-;7:-;8:-;9:-,0:-;1:-;2:2;3:-;4:8;5:-;6:-;7:-;8:-;9:-,2@2=1;4@8=1,"2,8",2,2,2,0,1.0,0.660322316470997,0.6666666666666666,0.09365564980433042,0.0,0.0,0.1,0.2998530864715576,Feasible|selected=greedy
129,128,5,3,2,"ADD:2,6;ADD:4,2;ADD:5,1;REMOVE:2,2;REMOVE:4,8",0:-;1:-;2:2;3:-;4:8;5:-;6:-;7:-;8:-;9:-,0:-;1:-;2:6;3:-;4:2;5:1;6:-;7:-;8:-;9:-,2@1=1;2@6=1;4@2=1;4@5=1;4@9=1;5@1=1;5@3=1;5@8=1,"1,6,2,5,9,3,8",8,8,8,0,1.0,0.731604409889935,1.0,0.03160440988993511,0.0,0.0,0.30000000000000004,0.38870716094970703,Feasible|selected=greedy
130,129,6,3,3,"ADD:2,8;ADD:4,1;ADD:5,0;REMOVE:2,6;REMOVE:4,2;REMOVE:5,1",0:-;1:-;2:6;3:-;4:2;5:1;6:-;7:-;8:-;9:-,0:-;1:-;2:8;3:-;4:1;5:0;6:-;7:-;8:-;9:-,2@4=1;2@8=1;4@1=1;5@0=1,"4,8,1,0",4,4,4,0,1.0,0.7718100090453339,1.0,0.07181000904533405,0.0,0.0,0.30000000000000004,0.25255918502807617,Feasible|selected=greedy
131,130,5,2,3,"ADD:1,3;ADD:2,6;REMOVE:2,8;REMOVE:4,1;REMOVE:5,0",0:-;1:-;2:8;3:-;4:1;5:0;6:-;7:-;8:-;9:-,0:-;1:3;2:6;3:-;4:-;5:-;6:-;7:-;8:-;9:-,1@2=1;1@3=1;2@6=1,"2,3,6",3,3,3,0,1.0,0.8691085126474916,1.0,0.06910851264749153,0.0,0.0,0.2,0.24178194999694824,Feasible|selected=greedy
132,131,4,2,2,"ADD:1,8;ADD:5,7;REMOVE:1,3;REMOVE:2,6",0:-;1:3;2:6;3:-;4:-;5:-;6:-;7:-;8:-;9:-,0:-;1:8;2:-;3:-;4:-;5:7;6:-;7:-;8:-;9:-,1@5=1;1@7=1;5@0=1;5@1=1;5@2=1,"5,7,0,1,2",5,5,5,0,1.0,0.8,1.0,0.0,0.0,0.0,0.2,0.2663280963897705,Feasible|selected=greedy
133,132,3,2,1,"ADD:1,3;ADD:6,5;REMOVE:1,8",0:-;1:8;2:-;3:-;4:-;5:7;6:-;7:-;8:-;9:-,0:-;1:3;2:-;3:-;4:-;5:7;6:5;7:-;8:-;9:-,1@2=1;1@3=1;5@4=1;5@9=1;6@5=1,"2,3,4,9,5",5,5,5,0,1.0,0.33981288191128617,0.5,0.039812881911286235,0.0,0.0,0.2,0.2805168628692627,Feasible|selected=greedy
134,133,6,3,3,"ADD:1,7;ADD:2,2;ADD:6,3;REMOVE:1,3;REMOVE:5,7;REMOVE:6,5",0:-;1:3;2:-;3:-;4:-;5:7;6:5;7:-;8:-;9:-,0:-;1:7;2:2;3:-;4:-;5:-;6:3;7:-;8:-;9:-,1@0=1;1@4=1;2@2=1;6@3=1,"0,4,2,3",4,4,4,0,1.0,0.7543044238780556,1.0,0.0543044238780556,0.0,0.0,0.30000000000000004,0.2500460147857666,Feasible|selected=greedy
135,134,10,7,3,"ADD:0,2;ADD:1,4;ADD:2,1;ADD:3,4;ADD:4,4;ADD:5,0;ADD:6,7;REMOVE:1,7;REMOVE:2,2;REMOVE:6,3",0:-;1:7;2:2;3:-;4:-;5:-;6:3;7:-;8:-;9:-,0:2;1:4;2:1;3:4;4:4;5:0;6:7;7:-;8:-;9:-,0@2=1;1@2=1;1@4=1;2@1=2;3@2=1;3@4=1;4@4=1;5@0=1;6@3=1;6@8=1,"2,4,1,0,3,8",11,10,10,0,1.0,0.3619411223658855,1.0,0.06194112236588545,0.0,0.0,0.7,0.36267805099487305,Feasible|selected=greedy
136,135,11,4,7,"ADD:1,7;ADD:2,4;ADD:4,7;ADD:5,7;REMOVE:0,2;REMOVE:1,4;REMOVE:2,1;REMOVE:3,4;REMOVE:4,4;REMOVE:5,0;REMOVE:6,7",0:2;1:4;2:1;3:4;4:4;5:0;6:7;7:-;8:-;9:-,0:-;1:7;2:4;3:-;4:7;5:7;6:-;7:-;8:-;9:-,1@1=1;1@2=1;1@3=1;1@8=1;2@4=1;4@0=1;4@7=1;5@1=1;5@3=1;5@4=1,"1,2,3,8,4,0,7",10,10,10,0,1.0,0.6215096300450259,1.0,0.02150963004502596,0.0,0.0,0.4,0.32531094551086426,Feasible|selected=greedy
137,136,8,4,4,"ADD:1,8;ADD:2,2;ADD:4,1;ADD:5,9;REMOVE:1,7;REMOVE:2,4;REMOVE:4,7;REMOVE:5,7",0:-;1:7;2:4;3:-;4:7;5:7;6:-;7:-;8:-;9:-,0:-;1:8;2:2;3:-;4:1;5:9;6:-;7:-;8:-;9:-,1@8=1;2@2=1;4@1=1;5@9=1,"8,2,1,9",4,4,4,0,1.0,0.697334767805814,1.0,0.0973347678058141,0.0,0.0,0.4,0.2293870449066162,Feasible|selected=greedy
138,137,8,4,4,"ADD:1,9;ADD:3,7;ADD:4,0;ADD:5,4;REMOVE:1,8;REMOVE:2,2;REMOVE:4,1;REMOVE:5,9",0:-;1:8;2:2;3:-;4:1;5:9;6:-;7:-;8:-;9:-,0:-;1:9;2:-;3:7;4:0;5:4;6:-;7:-;8:-;9:-,1@6=1;1@9=1;3@7=1;4@0=1;5@4=1,"6,9,7,0,4",5,5,5,0,1.0,0.6905875226140176,1.0,0.09058752261401759,0.0,0.0,0.4,0.2650480270385742,Feasible|selected=greedy
139,138,7,3,4,"ADD:1,2;ADD:4,5;ADD:6,1;REMOVE:1,9;REMOVE:3,7;REMOVE:4,0;REMOVE:5,4",0:-;1:9;2:-;3:7;4:0;5:4;6:-;7:-;8:-;9:-,0:-;1:2;2:-;3:-;4:5;5:-;6:1;7:-;8:-;9:-,1@0=1;1@2=1;1@4=1;4@5=1;6@1=1,"0,2,4,5,1",5,5,5,0,1.0,0.7540003435399281,1.0,0.05400034353992819,0.0,0.0,0.30000000000000004,0.275831937789917,Feasible|selected=greedy
140,139,5,2,3,"ADD:2,7;ADD:7,8;REMOVE:1,2;REMOVE:4,5;REMOVE:6,1",0:-;1:2;2:-;3:-;4:5;5:-;6:1;7:-;8:-;9:-,0:-;1:-;2:7;3:-;4:-;5:-;6:-;7:8;8:-;9:-,2@7=1;7@8=1,"7,8",2,2,2,0,1.0,0.899894562417934,1.0,0.099894562417934,0.0,0.0,0.2,0.2339620590209961,Feasible|selected=greedy
141,140,4,2,2,"ADD:1,2;ADD:2,4;REMOVE:2,7;REMOVE:7,8",0:-;1:-;2:7;3:-;4:-;5:-;6:-;7:8;8:-;9:-,0:-;1:2;2:4;3:-;4:-;5:-;6:-;7:-;8:-;9:-,1@2=1;1@3=1;1@8=1;2@4=1,"2,3,8,4",4,4,4,0,1.0,0.8536783172184967,1.0,0.053678317218496606,0.0,0.0,0.2,0.28235292434692383,Feasible|selected=greedy
142,141,6,4,2,"ADD:1,9;ADD:2,3;ADD:3,7;ADD:5,0;REMOVE:1,2;REMOVE:2,4",0:-;1:2;2:4;3:-;4:-;5:-;6:-;7:-;8:-;9:-,0:-;1:9;2:3;3:7;4:-;5:0;6:-;7:-;8:-;9:-,1@2=1;1@9=1;2@3=1;3@7=1;5@0=1,"2,9,3,7,0",5,5,5,0,1.0,0.6878344911409221,1.0,0.08783449114092211,0.0,0.0,0.4,0.2701237201690674,Feasible|selected=greedy
143,142,6,2,4,"ADD:1,8;ADD:4,8;REMOVE:1,9;REMOVE:2,3;REMOVE:3,7;REMOVE:5,0",0:-;1:9;2:3;3:7;4:-;5:0;6:-;7:-;8:-;9:-,0:-;1:8;2:-;3:-;4:8;5:-;6:-;7:-;8:-;9:-,1@6=1;1@8=1;4@8=1,"6,8",3,3,3,0,1.0,0.8786221037141648,1.0,0.0786221037141648,0.0,0.0,0.2,0.24801206588745117,Feasible|selected=greedy
144,143,5,3,2,"ADD:1,3;ADD:2,5;ADD:6,3;REMOVE:1,8;REMOVE:4,8",0:-;1:8;2:-;3:-;4:8;5:-;6:-;7:-;8:-;9:-,0:-;1:3;2:5;3:-;4:-;5:-;6:3;7:-;8:-;9:-,1@3=1;2@2=1;2@5=1;6@3=1;6@2=1,"3,2,5",5,5,5,0,1.0,0.7630427237310902,1.0,0.06304272373109017,0.0,0.0,0.30000000000000004,0.28606390953063965,Feasible|selected=greedy
145,144,5,2,3,"ADD:2,7;ADD:4,4;REMOVE:1,3;REMOVE:2,5;REMOVE:6,3",0:-;1:3;2:5;3:-;4:-;5:-;6:3;7:-;8:-;9:-,0:-;1:-;2:7;3:-;4:4;5:-;6:-;7:-;8:-;9:-,2@0=1;2@8=1;4@4=1,"0,8,4",3,3,3,0,1.0,0.8385070696048025,1.0,0.03850706960480237,0.0,0.0,0.2,0.2290971279144287,Feasible|selected=greedy
146,145,3,1,2,"ADD:4,1;REMOVE:2,7;REMOVE:4,4",0:-;1:-;2:7;3:-;4:4;5:-;6:-;7:-;8:-;9:-,0:-;1:-;2:-;3:-;4:1;5:-;6:-;7:-;8:-;9:-,4@1=1,1,1,1,1,0,1.0,1.0197972678632308,1.0,0.11979726786323079,0.0,0.0,0.1,0.19384002685546875,Feasible|selected=greedy
147,146,6,5,1,"ADD:1,4;ADD:2,5;ADD:2,9;ADD:4,4;ADD:5,2;REMOVE:4,1",0:-;1:-;2:-;3:-;4:1;5:-;6:-;7:-;8:-;9:-,0:-;1:4;2:5|9;3:-;4:4;5:2;6:-;7:-;8:-;9:-,1@4=1;2@5=1;2@9=1;4@4=1;5@2=1,"4,5,9,2",5,5,5,0,1.0,0.5986187559821945,1.0,0.09861875598219445,0.0,0.0,0.5,0.26517820358276367,Feasible|selected=greedy
148,147,7,3,4,"ADD:1,2;ADD:5,1;ADD:6,0;REMOVE:2,5;REMOVE:2,9;REMOVE:4,4;REMOVE:5,2",0:-;1:4;2:5|9;3:-;4:4;5:2;6:-;7:-;8:-;9:-,0:-;1:2|4;2:-;3:-;4:-;5:1;6:0;7:-;8:-;9:-,1@0=1;1@2=1;1@6=2;5@1=1;6@0=1,"0,2,6,1",6,5,5,0,1.0,0.5502580067394637,0.8,0.05025800673946365,0.0,0.0,0.30000000000000004,0.25734496116638184,Feasible|selected=beam_search
149,148,7,3,4,"ADD:2,7;ADD:4,7;ADD:5,2;REMOVE:1,2;REMOVE:1,4;REMOVE:5,1;REMOVE:6,0",0:-;1:2|4;2:-;3:-;4:-;5:1;6:0;7:-;8:-;9:-,0:-;1:-;2:7;3:-;4:7;5:2;6:-;7:-;8:-;9:-,2@0=1;2@6=1;4@7=1;5@2=1;5@4=1;5@9=1,"0,6,7,2,4,9",6,6,6,0,1.0,0.7326334983025533,1.0,0.03263349830255346,0.0,0.0,0.30000000000000004,0.339461088180542,Feasible|selected=greedy
150,149,6,3,3,"ADD:1,6;ADD:2,4;ADD:4,1;REMOVE:2,7;REMOVE:4,7;REMOVE:5,2",0:-;1:-;2:7;3:-;4:7;5:2;6:-;7:-;8:-;9:-,0:-;1:6;2:4;3:-;4:1;5:-;6:-;7:-;8:-;9:-,1@4=1;1@6=1;2@4=1;4@1=1,"4,6,1",4,4,4,0,1.0,0.7740901171161205,1.0,0.07409011711612054,0.0,0.0,0.30000000000000004,0.22805309295654297,Feasible|selected=greedy
151,150,8,5,3,"ADD:1,8;ADD:2,5;ADD:4,9;ADD:5,2;ADD:6,4;REMOVE:1,6;REMOVE:2,4;REMOVE:4,1",0:-;1:6;2:4;3:-;4:1;5:-;6:-;7:-;8:-;9:-,0:-;1:8;2:5;3:-;4:9;5:2;6:4;7:-;8:-;9:-,1@2=1;1@8=1;2@5=1;4@1=1;4@7=1;4@9=1;5@2=1;6@4=1,"2,8,5,1,7,9,4",8,8,8,0,1.0,0.5634225598712703,1.0,0.06342255987127025,0.0,0.0,0.5,0.3093440532684326,Feasible|selected=greedy
152,151,9,5,4,"ADD:1,9;ADD:2,1;ADD:3,5;ADD:4,2;ADD:5,8;REMOVE:1,8;REMOVE:2,5;REMOVE:4,9;REMOVE:5,2",0:-;1:8;2:5;3:-;4:9;5:2;6:4;7:-;8:-;9:-,0:-;1:9;2:1;3:5;4:2;5:8;6:4;7:-;8:-;9:-,1@1=1;1@2=1;2@1=1;3@5=2;4@2=1;5@8=1;6@4=1,"1,2,5,8,4",8,7,7,0,1.0,0.3731594768791554,0.8,0.07315947687915536,0.0,0.0,0.5,0.2953207492828369,Feasible|selected=greedy
153,152,8,2,6,"ADD:1,7;ADD:4,7;REMOVE:1,9;REMOVE:2,1;REMOVE:3,5;REMOVE:4,2;REMOVE:5,8;REMOVE:6,4",0:-;1:9;2:1;3:5;4:2;5:8;6:4;7:-;8:-;9:-,0:-;1:7;2:-;3:-;4:7;5:-;6:-;7:-;8:-;9:-,1@0=1;1@1=1;4@3=1;4@4=1,"0,1,3,4",4,4,4,0,1.0,0.8,1.0,0.0,0.0,0.0,0.2,0.26671600341796875,Feasible|selected=greedy
154,153,5,4,1,"ADD:2,8;ADD:3,9;ADD:5,5;ADD:6,2;REMOVE:4,7",0:-;1:7;2:-;3:-;4:7;5:-;6:-;7:-;8:-;9:-,0:-;1:7;2:8;3:9;4:-;5:5;6:2;7:-;8:-;9:-,1@4=1;1@6=1;1@7=1;1@8=1;1@9=1;2@4=2;2@8=1;3@9=1;5@5=1;6@4=2;6@5=1;6@0=1,"4,6,7,8,9,5,0",14,12,12,0,1.0,0.12737491156006353,0.5,0.027374911560063536,0.0,0.0,0.4,0.3472459316253662,Feasible|selected=greedy
155,154,6,2,4,"ADD:2,7;ADD:4,2;REMOVE:2,8;REMOVE:3,9;REMOVE:5,5;REMOVE:6,2",0:-;1:7;2:8;3:9;4:-;5:5;6:2;7:-;8:-;9:-,0:-;1:7;2:7;3:-;4:2;5:-;6:-;7:-;8:-;9:-,1@0=1;1@8=1;1@9=1;2@0=1;2@1=1;2@2=1;4@0=1;4@2=1;4@3=1,"0,8,9,1,2,3",9,9,9,0,1.0,0.6112538390310285,0.8,0.011253839031028553,0.0,0.0,0.2,0.298447847366333,Feasible|selected=greedy
156,155,5,2,3,"ADD:1,8;ADD:4,6;REMOVE:1,7;REMOVE:2,7;REMOVE:4,2",0:-;1:7;2:7;3:-;4:2;5:-;6:-;7:-;8:-;9:-,0:-;1:8;2:-;3:-;4:6;5:-;6:-;7:-;8:-;9:-,1@1=2;1@2=1;1@7=1;1@8=1;4@6=1,"1,2,7,8,6",6,5,5,0,1.0,0.8329551582194632,1.0,0.03295515821946322,0.0,0.0,0.2,0.33931589126586914,Feasible|selected=greedy
157,156,3,1,2,"ADD:4,1;REMOVE:1,8;REMOVE:4,6",0:-;1:8;2:-;3:-;4:6;5:-;6:-;7:-;8:-;9:-,0:-;1:-;2:-;3:-;4:1;5:-;6:-;7:-;8:-;9:-,4@1=2,1,2,1,1,0,1.0,0.989242984454478,1.0,0.08924298445447798,0.0,0.0,0.1,0.18389511108398438,Feasible|selected=greedy
158,157,4,3,1,"ADD:1,0;ADD:2,0;ADD:4,2;REMOVE:4,1",0:-;1:-;2:-;3:-;4:1;5:-;6:-;7:-;8:-;9:-,0:-;1:0;2:0;3:-;4:2;5:-;6:-;7:-;8:-;9:-,1@0=2;2@0=1;4@2=1,"0,2",4,3,3,0,1.0,0.7891252218171816,1.0,0.0891252218171817,0.0,0.0,0.30000000000000004,0.21406197547912598,Feasible|selected=greedy
159,158,5,2,3,"ADD:2,2;ADD:4,7;REMOVE:1,0;REMOVE:2,0;REMOVE:4,2",0:-;1:0;2:0;3:-;4:2;5:-;6:-;7:-;8:-;9:-,0:-;1:-;2:2;3:-;4:7;5:-;6:-;7:-;8:-;9:-,2@2=1;4@7=1,"2,7",2,2,2,0,1.0,0.8900927833335424,1.0,0.09009278333354234,0.0,0.0,0.2,0.22657084465026855,Feasible|selected=greedy
160,159,5,3,2,"ADD:1,8;ADD:2,7;ADD:4,5;REMOVE:2,2;REMOVE:4,7",0:-;1:-;2:2;3:-;4:7;5:-;6:-;7:-;8:-;9:-,0:-;1:8;2:7;3:-;4:5;5:-;6:-;7:-;8:-;9:-,1@2=1;1@5=1;1@8=1;2@7=1;4@5=1;4@3=1,"2,5,8,7,3",6,6,6,0,1.0,0.754685898880354,1.0,0.0546858988803541,0.0,0.0,0.30000000000000004,0.2769010066986084,Feasible|selected=greedy
161,160,3,2,1,"ADD:1,7;ADD:6,1;REMOVE:1,8",0:-;1:8;2:7;3:-;4:5;5:-;6:-;7:-;8:-;9:-,0:-;1:7;2:7;3:-;4:5;5:-;6:1;7:-;8:-;9:-,1@3=1;1@4=1;1@6=1;1@8=1;2@3=1;2@7=2;4@0=1;4@5=1;6@1=1,"3,4,6,8,7,0,5,1",10,9,9,0,1.0,0.1747391351312142,0.3333333333333333,0.04140580179788091,0.0,0.0,0.2,0.3197360038757324,Feasible|selected=greedy
162,161,7,3,4,"ADD:1,9;ADD:2,9;ADD:4,7;REMOVE:1,7;REMOVE:2,7;REMOVE:4,5;REMOVE:6,1",0:-;1:7;2:7;3:-;4:5;5:-;6:1;7:-;8:-;9:-,0:-;1:9;2:9;3:-;4:7;5:-;6:-;7:-;8:-;9:-,1@9=2;2@1=1;2@2=1;4@9=1;4@4=2,"9,1,2,4",7,5,5,0,1.0,0.7315335665524156,1.0,0.03153356655241573,0.0,0.0,0.30000000000000004,0.2575089931488037,Feasible|selected=greedy
163,162,3,1,2,"ADD:5,3;REMOVE:2,9;REMOVE:4,7",0:-;1:9;2:9;3:-;4:7;5:-;6:-;7:-;8:-;9:-,0:-;1:9;2:-;3:-;4:-;5:3;6:-;7:-;8:-;9:-,1@9=1;5@3=1,"9,3",2,2,2,0,1.0,0.6582138033662362,0.6666666666666666,0.09154713669956964,0.0,0.0,0.1,0.24320507049560547,Feasible|selected=greedy
164,163,4,3,1,"ADD:2,4;ADD:4,0;ADD:5,2;REMOVE:5,3",0:-;1:9;2:-;3:-;4:-;5:3;6:-;7:-;8:-;9:-,0:-;1:9;2:4;3:-;4:0;5:2;6:-;7:-;8:-;9:-,1@1=1;1@3=1;1@6=1;1@9=1;2@4=1;4@0=1;5@0=1;5@2=1,"1,3,6,9,4,0,2",8,8,8,0,1.0,0.25113003572717785,0.5,0.05113003572717787,0.0,0.0,0.30000000000000004,0.3136789798736572,Feasible|selected=greedy
165,164,7,4,3,"ADD:2,7;ADD:3,7;ADD:5,9;ADD:6,6;REMOVE:2,4;REMOVE:4,0;REMOVE:5,2",0:-;1:9;2:4;3:-;4:0;5:2;6:-;7:-;8:-;9:-,0:-;1:9;2:7;3:7;4:-;5:9;6:6;7:-;8:-;9:-,1@1=1;1@7=1;1@9=1;2@7=1;3@7=1;5@9=1;5@3=1;6@6=1,"1,7,9,3,6",8,8,8,0,1.0,0.4161182994919108,0.75,0.06611829949191086,0.0,0.0,0.4,0.2915823459625244,Feasible|selected=greedy
166,165,8,3,5,"ADD:2,2;ADD:4,7;ADD:5,8;REMOVE:1,9;REMOVE:2,7;REMOVE:3,7;REMOVE:5,9;REMOVE:6,6",0:-;1:9;2:7;3:7;4:-;5:9;6:6;7:-;8:-;9:-,0:-;1:-;2:2;3:-;4:7;5:8;6:-;7:-;8:-;9:-,2@2=2;4@7=1;5@4=1;5@8=1,"2,7,4,8",5,4,4,0,1.0,0.7767614512880914,1.0,0.07676145128809152,0.0,0.0,0.30000000000000004,0.3119328022003174,Feasible|selected=greedy
167,166,4,2,2,"ADD:0,8;ADD:1,9;REMOVE:4,7;REMOVE:5,8",0:-;1:-;2:2;3:-;4:7;5:8;6:-;7:-;8:-;9:-,0:8;1:9;2:2;3:-;4:-;5:-;6:-;7:-;8:-;9:-,0@8=1;1@2=1;1@9=1;2@2=1,"8,2,9",4,4,4,0,1.0,0.5400018926902039,0.6666666666666666,0.07333522602353729,0.0,0.0,0.2,0.3366210460662842,Feasible|selected=greedy
168,167,6,4,2,"ADD:1,4;ADD:4,7;ADD:5,6;ADD:6,9;REMOVE:0,8;REMOVE:1,9",0:8;1:9;2:2;3:-;4:-;5:-;6:-;7:-;8:-;9:-,0:-;1:4;2:2;3:-;4:7;5:6;6:9;7:-;8:-;9:-,1@4=1;2@2=1;4@4=1;4@7=2;5@6=1;6@9=1,"4,2,7,6,9",7,6,6,0,1.0,0.3518844162265756,0.6666666666666666,0.08521774955990896,0.0,0.0,0.4,0.32713866233825684,Feasible|selected=greedy
169,168,11,6,5,"ADD:1,7;ADD:2,4;ADD:3,5;ADD:4,4;ADD:5,7;ADD:6,2;REMOVE:1,4;REMOVE:2,2;REMOVE:4,7;REMOVE:5,6;REMOVE:6,9",0:-;1:4;2:2;3:-;4:7;5:6;6:9;7:-;8:-;9:-,0:-;1:7;2:4;3:5;4:4;5:7;6:2;7:-;8:-;9:-,1@4=2;1@7=1;2@4=1;3@5=1;4@4=1;4@2=2;5@3=1;5@8=1;6@2=1,"4,7,5,2,3,8",11,9,9,0,1.0,0.4457813854057643,1.0,0.045781385405764236,0.0,0.0,0.6,0.3071329593658447,Feasible|selected=greedy
170,169,9,4,5,"ADD:1,4;ADD:2,7;ADD:4,5;ADD:6,3;REMOVE:1,7;REMOVE:2,4;REMOVE:4,4;REMOVE:5,7;REMOVE:6,2",0:-;1:7;2:4;3:5;4:4;5:7;6:2;7:-;8:-;9:-,0:-;1:4;2:7;3:5;4:5;5:-;6:3;7:-;8:-;9:-,1@4=1;2@0=1;2@1=1;2@2=1;2@8=1;3@5=1;4@5=1;6@3=1,"4,0,1,2,8,5,3",8,8,8,0,1.0,0.48021368313000035,0.8333333333333334,0.04688034979666701,0.0,0.0,0.4,0.29671287536621094,Feasible|selected=greedy
171,170,8,4,4,"ADD:1,8;ADD:4,4;ADD:5,4;ADD:7,8;REMOVE:1,4;REMOVE:3,5;REMOVE:4,5;REMOVE:6,3",0:-;1:4;2:7;3:5;4:5;5:-;6:3;7:-;8:-;9:-,0:-;1:8;2:7;3:-;4:4;5:4;6:-;7:8;8:-;9:-,1@1=1;1@2=1;1@4=2;1@8=1;2@4=1;2@0=1;2@9=1;4@2=1;4@4=2;5@4=2;7@8=1,"1,2,4,8,0,9",14,11,11,0,1.0,0.4418069300066211,0.8,0.04180693000662105,0.0,0.0,0.4,0.32146596908569336,Feasible|selected=greedy
172,171,8,4,4,"ADD:0,4;ADD:2,6;ADD:4,9;ADD:6,9;REMOVE:2,7;REMOVE:4,4;REMOVE:5,4;REMOVE:7,8",0:-;1:8;2:7;3:-;4:4;5:4;6:-;7:8;8:-;9:-,0:4;1:8;2:6;3:-;4:9;5:-;6:9;7:-;8:-;9:-,0@4=1;1@7=1;1@8=1;2@6=1;4@9=1;6@9=1,"4,7,8,6,9",6,6,6,0,1.0,0.48802664547371954,0.8,0.08802664547371951,0.0,0.0,0.4,0.27605199813842773,Feasible|selected=greedy
173,172,8,3,5,"ADD:3,8;ADD:4,6;ADD:5,9;REMOVE:0,4;REMOVE:1,8;REMOVE:2,6;REMOVE:4,9;REMOVE:6,9",0:4;1:8;2:6;3:-;4:9;5:-;6:9;7:-;8:-;9:-,0:-;1:-;2:-;3:8;4:6;5:9;6:-;7:-;8:-;9:-,3@8=1;4@1=1;4@6=1;5@6=1;5@2=1,"8,1,6,2",5,5,5,0,1.0,0.7463479464227494,1.0,0.04634794642274944,0.0,0.0,0.30000000000000004,0.2554290294647217,Feasible|selected=greedy
174,173,5,3,2,"ADD:1,9;ADD:4,9;ADD:6,9;REMOVE:3,8;REMOVE:4,6",0:-;1:-;2:-;3:8;4:6;5:9;6:-;7:-;8:-;9:-,0:-;1:9;2:-;3:-;4:9;5:9;6:9;7:-;8:-;9:-,1@1=1;1@2=2;4@2=1;4@9=1;5@1=1;5@2=2;6@9=1,"1,2,9",9,7,7,0,1.0,0.38620541345248116,0.6666666666666666,0.019538746785814545,0.0,0.0,0.30000000000000004,0.28279590606689453,Feasible|selected=greedy
175,174,10,6,4,"ADD:0,1;ADD:1,7;ADD:2,9;ADD:4,8;ADD:5,7;ADD:6,3;REMOVE:1,9;REMOVE:4,9;REMOVE:5,9;REMOVE:6,9",0:-;1:9;2:-;3:-;4:9;5:9;6:9;7:-;8:-;9:-,0:1;1:7;2:9;3:-;4:8;5:7;6:3;7:-;8:-;9:-,0@1=1;1@4=1;1@9=2;2@9=1;2@7=2;4@1=1;4@4=1;4@2=1;5@4=3;5@7=1;6@1=1;6@3=1,"1,4,9,7,2,3",16,12,12,0,1.0,0.42552758919600986,1.0,0.0255275891960098,0.0,0.0,0.6,0.34825611114501953,Feasible|selected=greedy
176,175,6,2,4,"ADD:1,9;ADD:6,0;REMOVE:0,1;REMOVE:1,7;REMOVE:5,7;REMOVE:6,3",0:1;1:7;2:9;3:-;4:8;5:7;6:3;7:-;8:-;9:-,0:-;1:9;2:9;3:-;4:8;5:-;6:0;7:-;8:-;9:-,1@2=1;1@7=1;1@9=1;2@2=1;2@7=1;2@9=1;4@1=1;4@8=1;6@0=1,"2,7,9,1,8,0",9,9,9,0,1.0,0.5099890896427297,0.6666666666666666,0.04332242297606309,0.0,0.0,0.2,0.3528900146484375,Feasible|selected=greedy
177,176,4,1,3,"ADD:1,2;REMOVE:1,9;REMOVE:2,9;REMOVE:6,0",0:-;1:9;2:9;3:-;4:8;5:-;6:0;7:-;8:-;9:-,0:-;1:2;2:-;3:-;4:8;5:-;6:-;7:-;8:-;9:-,1@0=1;1@2=1;1@8=1;4@8=1,"0,2,8",4,4,4,0,1.0,0.6968888603348592,0.75,0.04688886033485915,0.0,0.0,0.1,0.23137402534484863,Feasible|selected=greedy
178,177,3,2,1,"ADD:4,5;ADD:5,7;REMOVE:4,8",0:-;1:2;2:-;3:-;4:8;5:-;6:-;7:-;8:-;9:-,0:-;1:2;2:-;3:-;4:5;5:7;6:-;7:-;8:-;9:-,1@2=1;4@0=1;4@5=1;4@8=1;5@2=1;5@7=1,"2,0,5,8,7",6,6,6,0,1.0,0.354264958158859,0.5,0.05426495815885903,0.0,0.0,0.2,0.263592004776001,Feasible|selected=greedy
179,178,6,3,3,"ADD:1,8;ADD:4,2;ADD:5,6;REMOVE:1,2;REMOVE:4,5;REMOVE:5,7",0:-;1:2;2:-;3:-;4:5;5:7;6:-;7:-;8:-;9:-,0:-;1:8;2:-;3:-;4:2;5:6;6:-;7:-;8:-;9:-,1@1=1;1@4=2;1@8=1;4@2=1;5@4=1;5@6=1,"1,4,8,2,6",7,6,6,0,1.0,0.7389882579677904,1.0,0.03898825796779051,0.0,0.0,0.30000000000000004,0.31344103813171387,Feasible|selected=greedy
180,179,4,1,3,"ADD:4,1;REMOVE:1,8;REMOVE:4,2;REMOVE:5,6",0:-;1:8;2:-;3:-;4:2;5:6;6:-;7:-;8:-;9:-,0:-;1:-;2:-;3:-;4:1;5:-;6:-;7:-;8:-;9:-,4@1=1;4@8=1,"1,8",2,2,2,0,1.0,0.9544903113289293,1.0,0.05449031132892916,0.0,0.0,0.1,0.20496606826782227,Feasible|selected=greedy
181,180,4,3,1,"ADD:1,7;ADD:2,3;ADD:5,2;REMOVE:4,1",0:-;1:-;2:-;3:-;4:1;5:-;6:-;7:-;8:-;9:-,0:-;1:7;2:3;3:-;4:-;5:2;6:-;7:-;8:-;9:-,1@0=1;1@2=1;1@6=1;2@2=1;2@3=1;5@2=1,"0,2,6,3",6,6,6,0,1.0,0.7330411971105071,1.0,0.03304119711050708,0.0,0.0,0.30000000000000004,0.2637171745300293,Feasible|selected=greedy
182,181,8,5,3,"ADD:2,9;ADD:4,5;ADD:5,8;ADD:5,9;ADD:6,1;REMOVE:1,7;REMOVE:2,3;REMOVE:5,2",0:-;1:7;2:3;3:-;4:-;5:2;6:-;7:-;8:-;9:-,0:-;1:-;2:9;3:-;4:5;5:8|9;6:1;7:-;8:-;9:-,2@9=1;4@3=1;4@5=1;4@8=1;5@9=1;5@8=2;6@1=1,"9,3,5,8,1",8,7,7,0,1.0,0.5768295530328129,1.0,0.07682955303281291,0.0,0.0,0.5,0.2805929183959961,Feasible|selected=greedy
183,182,8,4,4,"ADD:2,4;ADD:3,2;ADD:4,7;ADD:6,4;REMOVE:2,9;REMOVE:4,5;REMOVE:5,9;REMOVE:6,1",0:-;1:-;2:9;3:-;4:5;5:8|9;6:1;7:-;8:-;9:-,0:-;1:-;2:4;3:2;4:7;5:8;6:4;7:-;8:-;9:-,2@4=1;3@2=1;4@7=1;5@6=1;5@8=2;6@4=1,"4,2,7,6,8",7,6,6,0,1.0,0.4829747598220474,0.8,0.08297475982204741,0.0,0.0,0.4,0.29429125785827637,Feasible|selected=greedy
184,183,9,4,5,"ADD:0,3;ADD:2,2;ADD:4,1;ADD:5,4;REMOVE:2,4;REMOVE:3,2;REMOVE:4,7;REMOVE:5,8;REMOVE:6,4",0:-;1:-;2:4;3:2;4:7;5:8;6:4;7:-;8:-;9:-,0:3;1:-;2:2;3:-;4:1;5:4;6:-;7:-;8:-;9:-,0@3=1;2@3=1;2@2=1;2@8=1;4@1=1;5@2=1;5@4=1,"3,2,8,1,4",7,7,7,0,1.0,0.653843711664449,1.0,0.053843711664448964,0.0,0.0,0.4,0.2777070999145508,Feasible|selected=greedy
185,184,8,4,4,"ADD:1,7;ADD:5,7;ADD:6,9;ADD:7,4;REMOVE:0,3;REMOVE:2,2;REMOVE:4,1;REMOVE:5,4",0:3;1:-;2:2;3:-;4:1;5:4;6:-;7:-;8:-;9:-,0:-;1:7;2:-;3:-;4:-;5:7;6:9;7:4;8:-;9:-,1@7=1;5@7=1;5@2=1;5@6=1;6@2=1;6@1=1;7@4=1,"7,2,6,1,4",7,7,7,0,1.0,0.6442743665545284,1.0,0.04427436655452852,0.0,0.0,0.4,0.31328797340393066,Feasible|selected=greedy
186,185,8,4,4,"ADD:0,9;ADD:4,1;ADD:5,0;ADD:6,6;REMOVE:1,7;REMOVE:5,7;REMOVE:6,9;REMOVE:7,4",0:-;1:7;2:-;3:-;4:-;5:7;6:9;7:4;8:-;9:-,0:9;1:-;2:-;3:-;4:1;5:0;6:6;7:-;8:-;9:-,0@9=1;4@1=1;5@0=1;6@1=1;6@4=1;6@6=1,"9,1,0,4,6",6,6,6,0,1.0,0.6624603558744638,1.0,0.06246035587446397,0.0,0.0,0.4,0.26274800300598145,Feasible|selected=greedy
187,186,5,1,4,"ADD:4,0;REMOVE:0,9;REMOVE:4,1;REMOVE:5,0;REMOVE:6,6",0:9;1:-;2:-;3:-;4:1;5:0;6:6;7:-;8:-;9:-,0:-;1:-;2:-;3:-;4:0;5:-;6:-;7:-;8:-;9:-,4@0=1,0,1,1,1,0,1.0,1.011311458415075,1.0,0.11131145841507514,0.0,0.0,0.1,0.20419788360595703,Feasible|selected=greedy
188,187,2,1,1,"ADD:4,7;REMOVE:4,0",0:-;1:-;2:-;3:-;4:0;5:-;6:-;7:-;8:-;9:-,0:-;1:-;2:-;3:-;4:7;5:-;6:-;7:-;8:-;9:-,4@0=1;4@1=1;4@3=1;4@7=1,"0,1,3,7",4,4,4,0,1.0,0.9221053542795555,1.0,0.02210535427955549,0.0,0.0,0.1,0.25571203231811523,Feasible|selected=beam_search
189,188,3,2,1,"ADD:0,4;ADD:4,1;REMOVE:4,7",0:-;1:-;2:-;3:-;4:7;5:-;6:-;7:-;8:-;9:-,0:4;1:-;2:-;3:-;4:1;5:-;6:-;7:-;8:-;9:-,0@4=1;4@1=1,"4,1",2,2,2,0,1.0,0.9117236473416932,1.0,0.11172364734169324,0.0,0.0,0.2,0.20175504684448242,Feasible|selected=greedy
190,189,8,6,2,"ADD:0,3;ADD:1,5;ADD:3,2;ADD:4,2;ADD:5,9;ADD:6,7;REMOVE:0,4;REMOVE:4,1",0:4;1:-;2:-;3:-;4:1;5:-;6:-;7:-;8:-;9:-,0:3;1:5;2:-;3:2;4:2;5:9;6:7;7:-;8:-;9:-,0@3=1;1@5=1;3@2=1;4@2=2;5@9=1;6@0=1;6@4=1,"3,5,2,9,0,4",8,7,7,0,1.0,0.4740309174082845,1.0,0.07403091740828446,0.0,0.0,0.6,0.3213329315185547,Feasible|selected=greedy
191,190,11,5,6,"ADD:1,9;ADD:2,1;ADD:4,9;ADD:5,7;ADD:6,4;REMOVE:0,3;REMOVE:1,5;REMOVE:3,2;REMOVE:4,2;REMOVE:5,9;REMOVE:6,7",0:3;1:5;2:-;3:2;4:2;5:9;6:7;7:-;8:-;9:-,0:-;1:9;2:1;3:-;4:9;5:7;6:4;7:-;8:-;9:-,1@1=1;1@2=1;1@6=1;2@1=1;4@9=1;5@7=1;6@4=2,"1,2,6,9,7,4",8,7,7,0,1.0,0.5657816082814937,1.0,0.06578160828149367,0.0,0.0,0.5,0.28873109817504883,Feasible|selected=greedy
192,191,10,5,5,"ADD:1,7;ADD:2,8;ADD:3,7;ADD:4,8;ADD:5,4;REMOVE:1,9;REMOVE:2,1;REMOVE:4,9;REMOVE:5,7;REMOVE:6,4",0:-;1:9;2:1;3:-;4:9;5:7;6:4;7:-;8:-;9:-,0:-;1:7;2:8;3:7;4:8;5:4;6:-;7:-;8:-;9:-,1@1=1;1@2=2;1@3=1;1@8=1;2@1=2;2@2=2;2@8=1;3@2=1;3@6=1;3@7=1;4@6=1;4@4=1;4@5=1;5@4=1,"1,2,3,8,6,7,4,5",17,14,14,0,1.0,0.5181997537437353,1.0,0.01819975374373535,0.0,0.0,0.5,0.3710007667541504,Feasible|selected=greedy
193,192,8,4,4,"ADD:1,3;ADD:2,5;ADD:3,2;ADD:5,3;REMOVE:1,7;REMOVE:2,8;REMOVE:3,7;REMOVE:5,4",0:-;1:7;2:8;3:7;4:8;5:4;6:-;7:-;8:-;9:-,0:-;1:3;2:5;3:2;4:8;5:3;6:-;7:-;8:-;9:-,1@3=1;2@5=1;3@2=1;4@8=1;5@3=1;5@1=1,"3,5,2,8,1",6,6,6,0,1.0,0.481701416841787,0.8,0.08170141684178696,0.0,0.0,0.4,0.2563471794128418,Feasible|selected=greedy
194,193,9,4,5,"ADD:1,1;ADD:2,1;ADD:4,6;ADD:5,8;REMOVE:1,3;REMOVE:2,5;REMOVE:3,2;REMOVE:4,8;REMOVE:5,3",0:-;1:3;2:5;3:2;4:8;5:3;6:-;7:-;8:-;9:-,0:-;1:1;2:1;3:-;4:6;5:8;6:-;7:-;8:-;9:-,1@1=1;2@1=1;4@6=1;5@8=1,"1,6,8",4,4,4,0,1.0,0.7054329937815892,1.0,0.10543299378158913,0.0,0.0,0.4,0.23929691314697266,Feasible|selected=greedy
195,194,7,4,3,"ADD:0,8;ADD:1,0;ADD:2,9;ADD:6,7;REMOVE:1,1;REMOVE:2,1;REMOVE:5,8",0:-;1:1;2:1;3:-;4:6;5:8;6:-;7:-;8:-;9:-,0:8;1:0;2:9;3:-;4:6;5:-;6:7;7:-;8:-;9:-,0@5=1;0@8=1;1@0=1;2@1=1;2@9=1;4@6=1;6@4=1;6@7=1,"5,8,0,1,9,6,4,7",8,8,8,0,1.0,0.4171273733891484,0.75,0.0671273733891484,0.0,0.0,0.4,0.33227086067199707,Feasible|selected=greedy
196,195,11,6,5,"ADD:1,7;ADD:2,0;ADD:4,8;ADD:4,9;ADD:5,8;ADD:6,8;REMOVE:0,8;REMOVE:1,0;REMOVE:2,9;REMOVE:4,6;REMOVE:6,7",0:8;1:0;2:9;3:-;4:6;5:-;6:7;7:-;8:-;9:-,0:-;1:7;2:0;3:-;4:8|9;5:8;6:8;7:-;8:-;9:-,1@0=1;1@1=2;1@3=1;2@0=1;4@8=1;4@9=1;5@8=1;5@2=1;6@4=1;6@5=1,"0,1,3,8,9,2,4,5",11,10,10,0,1.0,0.439621779105695,1.0,0.03962177910569496,0.0,0.0,0.6,0.33274006843566895,Feasible|selected=greedy
197,196,9,4,5,"ADD:0,0;ADD:2,7;ADD:4,5;ADD:6,1;REMOVE:1,7;REMOVE:2,0;REMOVE:4,8;REMOVE:4,9;REMOVE:6,8",0:-;1:7;2:0;3:-;4:8|9;5:8;6:8;7:-;8:-;9:-,0:0;1:-;2:7;3:-;4:5;5:8;6:1;7:-;8:-;9:-,0@0=1;2@0=1;2@2=2;2@7=1;4@0=2;4@2=1;4@5=1;4@8=1;5@2=1;5@1=1;5@4=1;6@1=1,"0,2,7,5,8,1,4",14,12,12,0,1.0,0.46209645182451375,0.8333333333333334,0.028763118491180403,0.0,0.0,0.4,0.3258237838745117,Feasible|selected=greedy
198,197,8,3,5,"ADD:2,3;ADD:4,3;ADD:5,4;REMOVE:0,0;REMOVE:2,7;REMOVE:4,5;REMOVE:5,8;REMOVE:6,1",0:0;1:-;2:7;3:-;4:5;5:8;6:1;7:-;8:-;9:-,0:-;1:-;2:3;3:-;4:3;5:4;6:-;7:-;8:-;9:-,2@3=1;4@3=1;5@4=1,"3,4",3,3,3,0,1.0,0.7916097733590779,1.0,0.0916097733590779,0.0,0.0,0.30000000000000004,0.2142789363861084,Feasible|selected=greedy
199,198,4,2,2,"ADD:1,7;ADD:3,2;REMOVE:2,3;REMOVE:5,4",0:-;1:-;2:3;3:-;4:3;5:4;6:-;7:-;8:-;9:-,0:-;1:7;2:-;3:2;4:3;5:-;6:-;7:-;8:-;9:-,1@4=2;1@7=1;3@7=1;3@2=1;3@5=1;4@7=1;4@5=1;4@3=1,"4,7,2,5,3",9,8,8,0,1.0,0.5014594275892561,0.6666666666666666,0.034792760922589414,0.0,0.0,0.2,0.28589916229248047,Feasible|selected=greedy
200,199,3,2,1,"ADD:2,2;ADD:3,5;REMOVE:3,2",0:-;1:7;2:-;3:2;4:3;5:-;6:-;7:-;8:-;9:-,0:-;1:7;2:2;3:5;4:3;5:-;6:-;7:-;8:-;9:-,1@4=1;1@7=1;1@9=1;2@2=1;3@5=1;4@3=1,"4,7,9,2,5,3",6,6,6,0,1.0,0.1974170972638637,0.3333333333333333,0.06408376393053039,0.0,0.0,0.2,0.2907578945159912,Feasible|selected=greedy
201,200,8,4,4,"ADD:1,3;ADD:1,5;ADD:2,8;ADD:4,5;REMOVE:1,7;REMOVE:2,2;REMOVE:3,5;REMOVE:4,3",0:-;1:7;2:2;3:5;4:3;5:-;6:-;7:-;8:-;9:-,0:-;1:3|5;2:8;3:-;4:5;5:-;6:-;7:-;8:-;9:-,1@0=1;1@1=1;1@3=1;1@5=1;2@8=1;4@0=1;4@5=1,"0,1,3,5,8",7,7,7,0,1.0,0.6489123242093165,1.0,0.04891232420931655,0.0,0.0,0.4,0.32070398330688477,Feasible|selected=greedy
202,201,8,5,3,"ADD:1,4;ADD:2,2;ADD:3,3;ADD:4,9;ADD:6,2;REMOVE:1,3;REMOVE:1,5;REMOVE:2,8",0:-;1:3|5;2:8;3:-;4:5;5:-;6:-;7:-;8:-;9:-,0:-;1:4;2:2;3:3;4:5|9;5:-;6:2;7:-;8:-;9:-,1@4=1;2@4=1;2@0=1;2@5=1;3@3=1;4@5=1;4@9=1;6@2=1,"4,0,5,3,9,2",8,8,8,0,1.0,0.3135701755976199,0.75,0.06357017559761988,0.0,0.0,0.5,0.40734314918518066,Feasible|selected=greedy
203,202,9,3,6,"ADD:2,7;ADD:4,8;ADD:5,8;REMOVE:1,4;REMOVE:2,2;REMOVE:3,3;REMOVE:4,5;REMOVE:4,9;REMOVE:6,2",0:-;1:4;2:2;3:3;4:5|9;5:-;6:2;7:-;8:-;9:-,0:-;1:-;2:7;3:-;4:8;5:8;6:-;7:-;8:-;9:-,2@1=2;2@4=1;2@9=1;4@4=2;4@5=1;5@5=2;5@7=1,"1,4,9,5,7",10,7,7,0,1.0,0.7,1.0,0.0,0.0,0.0,0.30000000000000004,0.27743005752563477,Feasible|selected=greedy
204,203,6,4,2,"ADD:1,7;ADD:2,8;ADD:5,2;ADD:6,1;REMOVE:2,7;REMOVE:5,8",0:-;1:-;2:7;3:-;4:8;5:8;6:-;7:-;8:-;9:-,0:-;1:7;2:8;3:-;4:8;5:2;6:1;7:-;8:-;9:-,1@0=2;1@1=1;1@7=1;2@7=1;2@5=1;2@6=1;4@1=1;4@2=1;4@4=1;5@2=1;6@1=1,"0,1,7,5,6,2,4",12,11,11,0,1.0,0.2900007390905066,0.6666666666666666,0.023334072423839964,0.0,0.0,0.4,0.331514835357666,Feasible|selected=greedy
205,204,6,2,4,"ADD:2,7;ADD:4,2;REMOVE:2,8;REMOVE:4,8;REMOVE:5,2;REMOVE:6,1",0:-;1:7;2:8;3:-;4:8;5:2;6:1;7:-;8:-;9:-,0:-;1:7;2:7;3:-;4:2;5:-;6:-;7:-;8:-;9:-,1@2=1;1@3=1;1@4=2;1@6=1;2@0=1;2@9=1;4@2=1,"2,3,4,6,0,9",8,7,7,0,1.0,0.6109800195444326,0.8,0.010980019544432538,0.0,0.0,0.2,0.2795281410217285,Feasible|selected=greedy
206,205,3,1,2,"ADD:8,2;REMOVE:1,7;REMOVE:2,7",0:-;1:7;2:7;3:-;4:2;5:-;6:-;7:-;8:-;9:-,0:-;1:-;2:-;3:-;4:2;5:-;6:-;7:-;8:2;9:-,4@2=1;8@2=1,2,2,2,2,0,1.0,0.6638861131901962,0.6666666666666666,0.09721944652352954,0.0,0.0,0.1,0.20282506942749023,Feasible|selected=greedy
207,206,5,3,2,"ADD:2,4;ADD:4,7;ADD:5,9;REMOVE:4,2;REMOVE:8,2",0:-;1:-;2:-;3:-;4:2;5:-;6:-;7:-;8:2;9:-,0:-;1:-;2:4;3:-;4:7;5:9;6:-;7:-;8:-;9:-,2@4=1;4@4=2;4@7=1;5@3=1;5@9=1,"4,7,3,9",6,5,5,0,1.0,0.7482154082792796,1.0,0.048215408279279504,0.0,0.0,0.30000000000000004,0.24547600746154785,Feasible|selected=greedy
208,207,4,2,2,"ADD:4,2;ADD:6,3;REMOVE:2,4;REMOVE:4,7",0:-;1:-;2:4;3:-;4:7;5:9;6:-;7:-;8:-;9:-,0:-;1:-;2:-;3:-;4:2;5:9;6:3;7:-;8:-;9:-,4@3=1;4@4=1;4@5=1;5@9=1;6@3=1,"3,4,5,9",5,5,5,0,1.0,0.5064021443439133,0.6666666666666666,0.03973547767724674,0.0,0.0,0.2,0.2808189392089844,Feasible|selected=greedy
209,208,5,3,2,"ADD:2,8;ADD:4,9;ADD:6,1;REMOVE:4,2;REMOVE:6,3",0:-;1:-;2:-;3:-;4:2;5:9;6:3;7:-;8:-;9:-,0:-;1:-;2:8;3:-;4:9;5:9;6:1;7:-;8:-;9:-,2@5=1;2@8=1;4@1=1;4@2=1;5@9=1;6@1=1,"5,8,1,2,9",6,6,6,0,1.0,0.4121524915602909,0.6666666666666666,0.045485824893624335,0.0,0.0,0.30000000000000004,0.3070812225341797,Feasible|selected=greedy
210,209,8,4,4,"ADD:4,7;ADD:5,3;ADD:6,2;ADD:7,9;REMOVE:2,8;REMOVE:4,9;REMOVE:5,9;REMOVE:6,1",0:-;1:-;2:8;3:-;4:9;5:9;6:1;7:-;8:-;9:-,0:-;1:-;2:-;3:-;4:7;5:3;6:2;7:9;8:-;9:-,4@1=1;4@2=1;4@4=1;4@7=1;4@9=1;5@3=1;6@2=1;6@4=1;6@3=1;7@1=1;7@2=1,"1,2,4,7,9,3",11,11,11,0,1.0,0.6286788401364062,1.0,0.028678840136406127,0.0,0.0,0.4,0.31507205963134766,Feasible|selected=greedy
211,210,6,3,3,"ADD:2,9;ADD:5,1;ADD:6,3;REMOVE:5,3;REMOVE:6,2;REMOVE:7,9",0:-;1:-;2:-;3:-;4:7;5:3;6:2;7:9;8:-;9:-,0:-;1:-;2:9;3:-;4:7;5:1;6:3;7:-;8:-;9:-,2@9=1;4@0=1;4@1=1;4@6=1;4@8=1;5@1=1;6@3=1,"9,0,1,6,8,3",7,7,7,0,1.0,0.49071889898432586,0.75,0.04071889898432594,0.0,0.0,0.30000000000000004,0.27546024322509766,Feasible|selected=greedy
212,211,6,2,4,"ADD:4,9;ADD:7,4;REMOVE:2,9;REMOVE:4,7;REMOVE:5,1;REMOVE:6,3",0:-;1:-;2:9;3:-;4:7;5:1;6:3;7:-;8:-;9:-,0:-;1:-;2:-;3:-;4:9;5:-;6:-;7:4;8:-;9:-,4@9=1;7@4=1;7@7=1,"9,4,7",3,3,3,0,1.0,0.8659107856187078,1.0,0.06591078561870782,0.0,0.0,0.2,0.22455501556396484,Feasible|selected=greedy
213,212,5,3,2,"ADD:4,1;ADD:5,1;ADD:6,4;REMOVE:4,9;REMOVE:7,4",0:-;1:-;2:-;3:-;4:9;5:-;6:-;7:4;8:-;9:-,0:-;1:-;2:-;3:-;4:1;5:1;6:4;7:-;8:-;9:-,4@1=1;5@1=1;6@4=1,"1,4",3,3,3,0,1.0,0.7928909156783737,1.0,0.09289091567837368,0.0,0.0,0.30000000000000004,0.21412014961242676,Feasible|selected=greedy
214,213,7,4,3,"ADD:2,6;ADD:5,5;ADD:6,3;ADD:7,5;REMOVE:4,1;REMOVE:5,1;REMOVE:6,4",0:-;1:-;2:-;3:-;4:1;5:1;6:4;7:-;8:-;9:-,0:-;1:-;2:6;3:-;4:-;5:5;6:3;7:5;8:-;9:-,2@6=1;5@2=1;5@5=1;6@3=1;7@5=1,"6,2,5,3",5,5,5,0,1.0,0.6789731010121663,1.0,0.07897310101216645,0.0,0.0,0.4,0.29076504707336426,Feasible|selected=greedy
215,214,7,3,4,"ADD:4,4;ADD:5,7;ADD:6,4;REMOVE:2,6;REMOVE:5,5;REMOVE:6,3;REMOVE:7,5",0:-;1:-;2:6;3:-;4:-;5:5;6:3;7:5;8:-;9:-,0:-;1:-;2:-;3:-;4:4;5:7;6:4;7:-;8:-;9:-,4@2=1;4@4=1;5@0=1;5@1=1;5@9=1;6@4=1,"2,4,0,1,9",6,6,6,0,1.0,0.7332833650169557,1.0,0.03328336501695562,0.0,0.0,0.30000000000000004,0.296875,Feasible|selected=greedy
216,215,6,4,2,"ADD:3,4;ADD:5,2;ADD:6,7;ADD:7,7;REMOVE:5,7;REMOVE:6,4",0:-;1:-;2:-;3:-;4:4;5:7;6:4;7:-;8:-;9:-,0:-;1:-;2:-;3:4;4:4;5:2;6:7;7:7;8:-;9:-,3@4=1;4@4=1;4@2=1;5@2=1;6@0=1;6@7=1;7@4=1;7@0=1;7@3=1,"4,2,0,7,3",9,9,9,0,1.0,0.31218845773999615,0.6666666666666666,0.04552179107332955,0.0,0.0,0.4,0.3170039653778076,Feasible|selected=greedy
217,216,8,4,4,"ADD:1,8;ADD:5,7;ADD:6,8;ADD:6,9;REMOVE:3,4;REMOVE:4,4;REMOVE:5,2;REMOVE:6,7",0:-;1:-;2:-;3:4;4:4;5:2;6:7;7:7;8:-;9:-,0:-;1:8;2:-;3:-;4:-;5:7;6:8|9;7:7;8:-;9:-,1@8=1;5@0=1;5@4=1;6@8=1;6@3=1;6@5=1;6@6=1;6@9=1;7@8=1;7@3=1;7@6=1;7@7=1,"8,0,4,3,5,6,9,7",12,12,12,0,1.0,0.4324309459208583,0.8,0.03243094592085831,0.0,0.0,0.4,0.32961297035217285,Feasible|selected=greedy
218,217,8,4,4,"ADD:2,4;ADD:4,7;ADD:5,5;ADD:6,0;REMOVE:1,8;REMOVE:5,7;REMOVE:6,8;REMOVE:6,9",0:-;1:8;2:-;3:-;4:-;5:7;6:8|9;7:7;8:-;9:-,0:-;1:-;2:4;3:-;4:7;5:5;6:0;7:7;8:-;9:-,2@4=1;4@3=1;4@8=1;5@2=2;5@5=1;6@0=1;7@3=1;7@8=1,"4,3,8,2,5,0",9,8,8,0,1.0,0.4323744463821636,0.8,0.032374446382163614,0.0,0.0,0.4,0.30173206329345703,Feasible|selected=greedy
219,218,5,2,3,"ADD:1,8;ADD:2,2;REMOVE:2,4;REMOVE:5,5;REMOVE:6,0",0:-;1:-;2:4;3:-;4:7;5:5;6:0;7:7;8:-;9:-,0:-;1:8;2:2;3:-;4:7;5:-;6:-;7:7;8:-;9:-,1@4=1;1@5=1;1@8=1;2@2=1;2@7=1;4@7=1;4@6=1;7@4=1;7@3=1;7@9=1,"4,5,8,2,7,6,3,9",10,10,10,0,1.0,0.43260511218683323,0.6,0.03260511218683328,0.0,0.0,0.2,0.3226149082183838,Feasible|selected=greedy
220,219,4,2,2,"ADD:5,9;ADD:6,7;REMOVE:4,7;REMOVE:7,7",0:-;1:8;2:2;3:-;4:7;5:-;6:-;7:7;8:-;9:-,0:-;1:8;2:2;3:-;4:-;5:9;6:7;7:-;8:-;9:-,1@1=1;1@2=1;1@4=1;2@2=1;5@9=1;6@7=1,"1,2,4,9,7",6,6,6,0,1.0,0.34770030909266786,0.5,0.04770030909266785,0.0,0.0,0.2,0.27254796028137207,Feasible|selected=greedy
221,220,8,4,4,"ADD:1,7;ADD:2,7;ADD:5,7;ADD:7,2;REMOVE:1,8;REMOVE:2,2;REMOVE:5,9;REMOVE:6,7",0:-;1:8;2:2;3:-;4:-;5:9;6:7;7:-;8:-;9:-,0:-;1:7;2:7;3:-;4:-;5:7;6:-;7:2;8:-;9:-,1@3=1;1@7=1;2@3=1;2@7=1;5@7=1;7@0=1;7@2=1,"3,7,0,2",7,7,7,0,1.0,0.6585200697464003,1.0,0.05852006974640031,0.0,0.0,0.4,0.3033621311187744,Feasible|selected=greedy
222,221,8,4,4,"ADD:2,2;ADD:4,4;ADD:5,8;ADD:7,7;REMOVE:1,7;REMOVE:2,7;REMOVE:5,7;REMOVE:7,2",0:-;1:7;2:7;3:-;4:-;5:7;6:-;7:2;8:-;9:-,0:-;1:-;2:2;3:-;4:4;5:8;6:-;7:7;8:-;9:-,2@2=1;2@5=1;2@7=1;4@4=1;5@4=1;5@1=1;7@0=1;7@3=1;7@8=1,"2,5,7,4,1,0,3,8",9,9,9,0,1.0,0.6215490954559263,1.0,0.021549095455926346,0.0,0.0,0.4,0.3917849063873291,Feasible|selected=greedy
223,222,10,6,4,"ADD:2,7;ADD:2,8;ADD:4,8;ADD:5,7;ADD:6,6;ADD:7,2;REMOVE:2,2;REMOVE:4,4;REMOVE:5,8;REMOVE:7,7",0:-;1:-;2:2;3:-;4:4;5:8;6:-;7:7;8:-;9:-,0:-;1:-;2:7|8;3:-;4:8;5:7;6:6;7:2;8:-;9:-,2@0=1;2@1=2;2@4=1;2@5=1;4@1=1;4@8=1;5@3=1;5@7=1;6@6=1;7@4=1;7@2=1;7@9=1,"0,1,4,5,8,3,7,6,2,9",13,12,12,0,1.0,0.4340193604335515,1.0,0.03401936043355155,0.0,0.0,0.6,0.43843603134155273,Feasible|selected=greedy
224,223,8,3,5,"ADD:2,6;ADD:4,4;ADD:7,4;REMOVE:2,7;REMOVE:2,8;REMOVE:4,8;REMOVE:6,6;REMOVE:7,2",0:-;1:-;2:7|8;3:-;4:8;5:7;6:6;7:2;8:-;9:-,0:-;1:-;2:6;3:-;4:4;5:7;6:-;7:4;8:-;9:-,2@6=1;4@6=2;4@2=2;4@4=1;5@7=1;7@2=1;7@4=1,"6,2,4,7",9,7,7,0,1.0,0.5821545071935993,0.8333333333333334,0.04882117386026601,0.0,0.0,0.30000000000000004,0.23406434059143066,Feasible|selected=greedy
225,224,4,1,3,"ADD:7,9;REMOVE:2,6;REMOVE:4,4;REMOVE:7,4",0:-;1:-;2:6;3:-;4:4;5:7;6:-;7:4;8:-;9:-,0:-;1:-;2:-;3:-;4:-;5:7;6:-;7:9;8:-;9:-,5@2=1;5@4=1;5@7=1;7@1=1;7@6=1;7@9=2,"2,4,7,1,6,9",7,6,6,0,1.0,0.6907574271880289,0.75,0.040757427188028904,0.0,0.0,0.1,0.26209425926208496,Feasible|selected=greedy
226,225,5,3,2,"ADD:1,6;ADD:6,7;ADD:7,7;REMOVE:5,7;REMOVE:7,9",0:-;1:-;2:-;3:-;4:-;5:7;6:-;7:9;8:-;9:-,0:-;1:6;2:-;3:-;4:-;5:-;6:7;7:7;8:-;9:-,1@1=1;1@6=1;6@6=1;6@0=1;6@3=1;7@7=1,"1,6,0,3,7",6,6,6,0,1.0,0.733184416842301,1.0,0.03318441684230108,0.0,0.0,0.30000000000000004,0.34229516983032227,Feasible|selected=greedy
227,226,7,4,3,"ADD:1,8;ADD:4,3;ADD:5,4;ADD:6,1;REMOVE:1,6;REMOVE:6,7;REMOVE:7,7",0:-;1:6;2:-;3:-;4:-;5:-;6:7;7:7;8:-;9:-,0:-;1:8;2:-;3:-;4:3;5:4;6:1;7:-;8:-;9:-,1@2=1;1@8=1;4@1=1;4@3=1;5@4=1;6@1=1,"2,8,1,3,4",6,6,6,0,1.0,0.6667519499092426,1.0,0.0667519499092426,0.0,0.0,0.4,0.2699739933013916,Feasible|selected=greedy
228,227,7,4,3,"ADD:0,2;ADD:1,9;ADD:4,9;ADD:7,9;REMOVE:1,8;REMOVE:4,3;REMOVE:6,1",0:-;1:8;2:-;3:-;4:3;5:4;6:1;7:-;8:-;9:-,0:2;1:9;2:-;3:-;4:9;5:4;6:-;7:9;8:-;9:-,0@2=1;1@2=1;1@1=1;4@2=1;4@1=1;5@4=2;7@2=2;7@9=1,"2,1,4,9",10,8,8,0,1.0,0.3935056366887595,0.75,0.04350563668875952,0.0,0.0,0.4,0.28442978858947754,Feasible|selected=greedy
229,228,9,4,5,"ADD:1,7;ADD:2,6;ADD:4,6;ADD:6,3;REMOVE:0,2;REMOVE:1,9;REMOVE:4,9;REMOVE:5,4;REMOVE:7,9",0:2;1:9;2:-;3:-;4:9;5:4;6:-;7:9;8:-;9:-,0:-;1:7;2:6;3:-;4:6;5:-;6:3;7:-;8:-;9:-,1@4=1;1@6=1;1@7=1;2@6=1;4@6=1;6@3=1,"4,6,7,3",6,6,6,0,1.0,0.6663975782257338,1.0,0.0663975782257337,0.0,0.0,0.4,0.2603600025177002,Feasible|selected=greedy
230,229,10,6,4,"ADD:1,6;ADD:2,7;ADD:4,3;ADD:5,5;ADD:6,2;ADD:7,4;REMOVE:1,7;REMOVE:2,6;REMOVE:4,6;REMOVE:6,3",0:-;1:7;2:6;3:-;4:6;5:-;6:3;7:-;8:-;9:-,0:-;1:6;2:7;3:-;4:3;5:5;6:2;7:4;8:-;9:-,1@1=2;1@6=2;2@6=1;2@2=1;2@3=1;2@4=2;4@3=1;5@2=2;5@5=1;6@2=1;7@4=1,"1,6,2,3,4,5",15,11,11,0,1.0,0.4382536013655737,1.0,0.03825360136557375,0.0,0.0,0.6,0.331557035446167,Feasible|selected=greedy
231,230,9,3,6,"ADD:1,8;ADD:2,8;ADD:4,8;REMOVE:1,6;REMOVE:2,7;REMOVE:4,3;REMOVE:5,5;REMOVE:6,2;REMOVE:7,4",0:-;1:6;2:7;3:-;4:3;5:5;6:2;7:4;8:-;9:-,0:-;1:8;2:8;3:-;4:8;5:-;6:-;7:-;8:-;9:-,1@8=1;2@1=1;2@4=2;4@8=1;4@4=1,"8,1,4",6,5,5,0,1.0,0.7326075572108608,1.0,0.032607557210860914,0.0,0.0,0.30000000000000004,0.24174165725708008,Feasible|selected=greedy
232,231,5,3,2,"ADD:2,2;ADD:5,3;ADD:7,8;REMOVE:1,8;REMOVE:2,8",0:-;1:8;2:8;3:-;4:8;5:-;6:-;7:-;8:-;9:-,0:-;1:-;2:2;3:-;4:8;5:3;6:-;7:8;8:-;9:-,2@0=1;2@2=1;4@5=1;4@6=1;5@2=2;5@3=1;7@2=1;7@1=1;7@4=1,"0,2,5,6,3,1,4",10,9,9,0,1.0,0.3843135138389814,0.6666666666666666,0.017646847172314784,0.0,0.0,0.30000000000000004,0.31491613388061523,Feasible|selected=greedy
233,232,7,3,4,"ADD:4,7;ADD:5,7;ADD:7,7;REMOVE:2,2;REMOVE:4,8;REMOVE:5,3;REMOVE:7,8",0:-;1:-;2:2;3:-;4:8;5:3;6:-;7:8;8:-;9:-,0:-;1:-;2:-;3:-;4:7;5:7;6:-;7:7;8:-;9:-,4@4=1;4@9=1;5@1=2;5@3=1;5@7=1;7@1=1;7@7=1,"4,9,1,3,7",8,7,7,0,1.0,0.7225982658175343,1.0,0.022598265817534303,0.0,0.0,0.30000000000000004,0.3104970455169678,Feasible|selected=greedy
234,233,5,3,2,"ADD:0,4;ADD:4,3;ADD:5,3;REMOVE:4,7;REMOVE:5,7",0:-;1:-;2:-;3:-;4:7;5:7;6:-;7:7;8:-;9:-,0:4;1:-;2:-;3:-;4:3;5:3;6:-;7:7;8:-;9:-,0@4=1;4@2=1;4@3=1;5@3=1;7@4=1;7@2=1;7@7=1,"4,2,3,7",7,7,7,0,1.0,0.4216696878475703,0.6666666666666666,0.05500302118090377,0.0,0.0,0.30000000000000004,0.40287208557128906,Feasible|selected=greedy
235,234,5,1,4,"ADD:4,4;REMOVE:0,4;REMOVE:4,3;REMOVE:5,3;REMOVE:7,7",0:4;1:-;2:-;3:-;4:3;5:3;6:-;7:7;8:-;9:-,0:-;1:-;2:-;3:-;4:4;5:-;6:-;7:-;8:-;9:-,4@4=1,4,1,1,1,0,1.0,1.0194632991575743,1.0,0.11946329915757434,0.0,0.0,0.1,0.18786406517028809,Feasible|selected=greedy
236,235,2,2,0,"ADD:5,8;ADD:7,2",0:-;1:-;2:-;3:-;4:4;5:-;6:-;7:-;8:-;9:-,0:-;1:-;2:-;3:-;4:4;5:8;6:-;7:2;8:-;9:-,4@4=1;5@4=1;5@1=1;5@2=1;7@2=1;7@0=1,"4,1,2,0",6,6,6,0,1.0,-0.16263412663127844,0.0,0.037365873368721575,0.0,0.0,0.2,0.24235820770263672,Feasible|selected=greedy
237,236,7,4,3,"ADD:1,8;ADD:4,9;ADD:5,6;ADD:7,0;REMOVE:4,4;REMOVE:5,8;REMOVE:7,2",0:-;1:-;2:-;3:-;4:4;5:8;6:-;7:2;8:-;9:-,0:-;1:8;2:-;3:-;4:9;5:6;6:-;7:0;8:-;9:-,1@2=1;1@8=1;4@6=1;4@9=3;5@6=1;5@9=1;5@1=1;5@4=1;7@0=1,"2,8,6,9,1,4,0",11,9,9,0,1.0,0.6522403812862269,1.0,0.05224038128622698,0.0,0.0,0.4,0.2779970169067383,Feasible|selected=greedy
238,237,10,6,4,"ADD:2,8;ADD:3,7;ADD:4,5;ADD:5,7;ADD:6,5;ADD:7,4;REMOVE:1,8;REMOVE:4,9;REMOVE:5,6;REMOVE:7,0",0:-;1:8;2:-;3:-;4:9;5:6;6:-;7:0;8:-;9:-,0:-;1:-;2:8;3:7;4:5;5:7;6:5;7:4;8:-;9:-,2@8=1;3@4=1;3@7=1;4@5=1;5@4=1;5@7=1;5@6=1;6@5=1;7@4=1,"8,4,7,5,6",9,9,9,0,1.0,0.46451590827750866,1.0,0.06451590827750857,0.0,0.0,0.6,0.3019278049468994,Feasible|selected=greedy
239,238,10,4,6,"ADD:4,4;ADD:5,8;ADD:7,3;ADD:8,3;REMOVE:2,8;REMOVE:3,7;REMOVE:4,5;REMOVE:5,7;REMOVE:6,5;REMOVE:7,4",0:-;1:-;2:8;3:7;4:5;5:7;6:5;7:4;8:-;9:-,0:-;1:-;2:-;3:-;4:4;5:8;6:-;7:3;8:3;9:-,4@2=1;4@4=1;5@2=1;5@8=1;7@2=1;7@3=1;8@3=1,"2,4,8,3",7,7,7,0,1.0,0.6576452186849989,1.0,0.057645218684998896,0.0,0.0,0.4,0.2501180171966553,Feasible|selected=greedy
240,239,7,3,4,"ADD:3,2;ADD:6,6;ADD:7,6;REMOVE:4,4;REMOVE:5,8;REMOVE:7,3;REMOVE:8,3",0:-;1:-;2:-;3:-;4:4;5:8;6:-;7:3;8:3;9:-,0:-;1:-;2:-;3:2;4:-;5:-;6:6;7:6;8:-;9:-,3@2=1;6@6=1;7@6=1;7@1=1,"2,6,1",4,4,4,0,1.0,0.7744959816941048,1.0,0.07449598169410498,0.0,0.0,0.30000000000000004,0.23471307754516602,Feasible|selected=greedy
241,240,6,3,3,"ADD:1,9;ADD:4,5;ADD:5,5;REMOVE:3,2;REMOVE:6,6;REMOVE:7,6",0:-;1:-;2:-;3:2;4:-;5:-;6:6;7:6;8:-;9:-,0:-;1:9;2:-;3:-;4:5;5:5;6:-;7:-;8:-;9:-,1@9=1;4@2=2;4@3=1;4@5=1;5@5=2,"9,2,3,5",7,5,5,0,1.0,0.7505343980218351,1.0,0.05053439802183516,0.0,0.0,0.30000000000000004,0.2448887825012207,Feasible|selected=greedy
242,241,6,3,3,"ADD:4,7;ADD:5,8;ADD:7,9;REMOVE:1,9;REMOVE:4,5;REMOVE:5,5",0:-;1:9;2:-;3:-;4:5;5:5;6:-;7:-;8:-;9:-,0:-;1:-;2:-;3:-;4:7;5:8;6:-;7:9;8:-;9:-,4@0=1;4@3=1;4@4=1;4@9=1;5@8=1;7@3=1;7@6=1,"0,3,4,9,8,6",7,7,7,0,1.0,0.7138489970414779,1.0,0.01384899704147785,0.0,0.0,0.30000000000000004,0.2832801342010498,Feasible|selected=greedy
243,242,7,4,3,"ADD:4,6;ADD:5,6;ADD:6,3;ADD:7,8;REMOVE:4,7;REMOVE:5,8;REMOVE:7,9",0:-;1:-;2:-;3:-;4:7;5:8;6:-;7:9;8:-;9:-,0:-;1:-;2:-;3:-;4:6;5:6;6:3;7:8;8:-;9:-,4@1=1;4@6=1;5@6=2;6@3=1;7@1=2;7@5=1,"1,6,3,5",8,6,6,0,1.0,0.6491129923974456,1.0,0.0491129923974457,0.0,0.0,0.4,0.24997401237487793,Feasible|selected=greedy
244,243,7,3,4,"ADD:5,0;ADD:6,9;ADD:7,7;REMOVE:4,6;REMOVE:5,6;REMOVE:6,3;REMOVE:7,8",0:-;1:-;2:-;3:-;4:6;5:6;6:3;7:8;8:-;9:-,0:-;1:-;2:-;3:-;4:-;5:0;6:9;7:7;8:-;9:-,5@0=1;6@3=1;6@6=1;7@7=1,"0,3,6,7",4,4,4,0,1.0,0.7498698380783473,1.0,0.049869838078347245,0.0,0.0,0.30000000000000004,0.28290510177612305,Feasible|selected=greedy
245,244,7,4,3,"ADD:4,2;ADD:5,4;ADD:6,4;ADD:7,9;REMOVE:5,0;REMOVE:6,9;REMOVE:7,7",0:-;1:-;2:-;3:-;4:-;5:0;6:9;7:7;8:-;9:-,0:-;1:-;2:-;3:-;4:2;5:4;6:4;7:9;8:-;9:-,4@2=2;5@4=1;6@2=1;6@4=2;7@1=1;7@6=1;7@9=1,"2,4,1,6,9",9,7,7,0,1.0,0.6610216835504356,1.0,0.06102168355043552,0.0,0.0,0.4,0.3948819637298584,Feasible|selected=greedy
246,245,7,3,4,"ADD:5,3;ADD:6,7;ADD:7,8;REMOVE:4,2;REMOVE:5,4;REMOVE:6,4;REMOVE:7,9",0:-;1:-;2:-;3:-;4:2;5:4;6:4;7:9;8:-;9:-,0:-;1:-;2:-;3:-;4:-;5:3;6:7;7:8;8:-;9:-,5@3=1;6@7=1;7@7=1;7@1=1;7@2=2;7@8=1,"3,7,1,2,8",7,6,6,0,1.0,0.7429498873597935,1.0,0.04294988735979353,0.0,0.0,0.30000000000000004,0.46430110931396484,Feasible|selected=greedy
247,246,8,5,3,"ADD:2,7;ADD:4,9;ADD:5,4;ADD:6,8;ADD:7,9;REMOVE:5,3;REMOVE:6,7;REMOVE:7,8",0:-;1:-;2:-;3:-;4:-;5:3;6:7;7:8;8:-;9:-,0:-;1:-;2:7;3:-;4:9;5:4;6:8;7:9;8:-;9:-,2@3=1;2@4=1;4@9=1;5@4=1;5@2=1;6@2=1;6@5=1;6@6=1;7@2=1;7@1=1,"3,4,9,2,5,6,1",10,10,10,0,1.0,0.521231812582738,1.0,0.02123181258273802,0.0,0.0,0.5,0.42508697509765625,Feasible|selected=greedy
248,247,11,6,5,"ADD:2,8;ADD:3,2;ADD:4,7;ADD:5,3;ADD:6,0;ADD:7,7;REMOVE:2,7;REMOVE:4,9;REMOVE:5,4;REMOVE:6,8;REMOVE:7,9",0:-;1:-;2:7;3:-;4:9;5:4;6:8;7:9;8:-;9:-,0:-;1:-;2:8;3:2;4:7;5:3;6:0;7:7;8:-;9:-,2@2=1;2@5=1;2@8=1;3@2=1;4@8=1;4@0=1;4@6=1;5@3=1;6@0=1;7@2=1;7@1=1;7@7=1,"2,5,8,0,6,3,1,7",12,12,12,0,1.0,0.4403696957771498,1.0,0.040369695777149696,0.0,0.0,0.6,0.44202303886413574,Feasible|selected=greedy
249,248,11,5,6,"ADD:2,7;ADD:4,8;ADD:5,2;ADD:6,8;ADD:7,2;REMOVE:2,8;REMOVE:3,2;REMOVE:4,7;REMOVE:5,3;REMOVE:6,0;REMOVE:7,7",0:-;1:-;2:8;3:2;4:7;5:3;6:0;7:7;8:-;9:-,0:-;1:-;2:7;3:-;4:8;5:2;6:8;7:2;8:-;9:-,2@3=1;2@6=1;2@7=1;4@8=1;5@2=1;6@1=1;6@5=2;7@2=1;7@0=1,"3,6,7,8,2,1,5,0",10,9,9,0,1.0,0.5406281813877292,1.0,0.0406281813877292,0.0,0.0,0.5,0.3490898609161377,Feasible|selected=greedy
250,249,8,4,4,"ADD:2,8;ADD:5,4;ADD:6,2;ADD:7,1;REMOVE:2,7;REMOVE:5,2;REMOVE:6,8;REMOVE:7,2",0:-;1:-;2:7;3:-;4:8;5:2;6:8;7:2;8:-;9:-,0:-;1:-;2:8;3:-;4:8;5:4;6:2;7:1;8:-;9:-,2@1=1;2@2=1;2@5=1;4@6=1;4@8=1;5@4=1;6@2=1;7@1=1,"1,2,5,6,8,4",8,8,8,0,1.0,0.4442334724184891,0.8,0.04423347241848906,0.0,0.0,0.4,0.28054285049438477,Feasible|selected=greedy
251,250,7,3,4,"ADD:1,4;ADD:6,4;ADD:7,5;REMOVE:4,8;REMOVE:5,4;REMOVE:6,2;REMOVE:7,1",0:-;1:-;2:8;3:-;4:8;5:4;6:2;7:1;8:-;9:-,0:-;1:4;2:8;3:-;4:-;5:-;6:4;7:5;8:-;9:-,1@4=1;2@6=2;2@8=1;6@4=1;7@5=1,"4,6,8,5",6,5,5,0,1.0,0.5689789543244419,0.8,0.06897895432444194,0.0,0.0,0.30000000000000004,0.22993707656860352,Feasible|selected=greedy
252,251,10,6,4,"ADD:1,2;ADD:2,4;ADD:4,7;ADD:5,7;ADD:6,9;ADD:7,4;REMOVE:1,4;REMOVE:2,8;REMOVE:6,4;REMOVE:7,5",0:-;1:4;2:8;3:-;4:-;5:-;6:4;7:5;8:-;9:-,0:-;1:2;2:4;3:-;4:7;5:7;6:9;7:4;8:-;9:-,1@0=2;1@2=1;1@5=1;1@9=2;2@2=2;2@4=1;2@6=2;4@4=1;4@7=1;5@0=2;5@4=1;5@6=1;6@9=1;7@4=1,"0,2,5,9,4,6,7",19,14,14,0,1.0,0.4257663133501933,1.0,0.02576631335019337,0.0,0.0,0.6,0.3564872741699219,Feasible|selected=greedy
253,252,11,5,6,"ADD:1,8;ADD:2,7;ADD:3,8;ADD:4,0;ADD:5,9;REMOVE:1,2;REMOVE:2,4;REMOVE:4,7;REMOVE:5,7;REMOVE:6,9;REMOVE:7,4",0:-;1:2;2:4;3:-;4:7;5:7;6:9;7:4;8:-;9:-,0:-;1:8;2:7;3:8;4:0;5:9;6:-;7:-;8:-;9:-,1@1=2;1@7=1;1@8=2;2@3=1;2@4=1;3@1=1;3@8=1;4@0=1;5@1=2;5@2=1,"1,7,8,3,4,0,2",13,10,10,0,1.0,0.5303333656237645,1.0,0.030333365623764593,0.0,0.0,0.5,0.2846381664276123,Feasible|selected=greedy
254,253,9,5,4,"ADD:2,2;ADD:3,9;ADD:4,8;ADD:5,8;ADD:7,4;REMOVE:2,7;REMOVE:3,8;REMOVE:4,0;REMOVE:5,9",0:-;1:8;2:7;3:8;4:0;5:9;6:-;7:-;8:-;9:-,0:-;1:8;2:2;3:9;4:8;5:8;6:-;7:4;8:-;9:-,1@4=1;1@8=1;2@4=3;2@2=1;2@9=1;3@9=1;4@8=1;4@2=1;4@5=1;5@2=1;5@5=1;5@1=1;7@4=1,"4,8,2,9,5,1",15,13,13,0,1.0,0.3354880806944356,0.8,0.03548808069443555,0.0,0.0,0.5,0.3110079765319824,Feasible|selected=greedy
255,254,11,5,6,"ADD:2,8;ADD:4,4;ADD:5,4;ADD:6,9;ADD:7,3;REMOVE:1,8;REMOVE:2,2;REMOVE:3,9;REMOVE:4,8;REMOVE:5,8;REMOVE:7,4",0:-;1:8;2:2;3:9;4:8;5:8;6:-;7:4;8:-;9:-,0:-;1:-;2:8;3:-;4:4;5:4;6:9;7:3;8:-;9:-,2@2=1;2@4=1;2@8=1;4@4=1;5@2=1;5@4=1;6@9=1;7@2=1;7@3=1,"2,4,8,9,3",9,9,9,0,1.0,0.5565579420773501,1.0,0.05655794207734999,0.0,0.0,0.5,0.27114105224609375,Feasible|selected=greedy
256,255,7,2,5,"ADD:2,9;ADD:4,9;REMOVE:2,8;REMOVE:4,4;REMOVE:5,4;REMOVE:6,9;REMOVE:7,3",0:-;1:-;2:8;3:-;4:4;5:4;6:9;7:3;8:-;9:-,0:-;1:-;2:9;3:-;4:9;5:-;6:-;7:-;8:-;9:-,2@6=1;2@9=1;4@9=1,"6,9",3,3,3,0,1.0,0.8671228709957639,1.0,0.06712287099576389,0.0,0.0,0.2,0.2083418369293213,Feasible|selected=greedy
257,256,3,2,1,"ADD:4,5;ADD:6,1;REMOVE:4,9",0:-;1:-;2:9;3:-;4:9;5:-;6:-;7:-;8:-;9:-,0:-;1:-;2:9;3:-;4:5;5:-;6:1;7:-;8:-;9:-,2@9=1;4@5=1;6@1=1,"9,5,1",3,3,3,0,1.0,0.3894826621887814,0.5,0.08948266218878138,0.0,0.0,0.2,0.2115030288696289,Feasible|selected=greedy
258,257,8,5,3,"ADD:2,5;ADD:3,4;ADD:4,9;ADD:5,2;ADD:7,7;REMOVE:2,9;REMOVE:4,5;REMOVE:6,1",0:-;1:-;2:9;3:-;4:5;5:-;6:1;7:-;8:-;9:-,0:-;1:-;2:5;3:4;4:9;5:2;6:-;7:7;8:-;9:-,2@2=1;2@5=1;3@4=1;4@2=1;4@6=1;5@2=1;7@4=1;7@9=1,"2,5,4,6,9",8,8,8,0,1.0,0.5334202332707101,1.0,0.03342023327071017,0.0,0.0,0.5,0.3029768466949463,Feasible|selected=greedy
259,258,9,4,5,"ADD:4,2;ADD:5,8;ADD:6,8;ADD:7,8;REMOVE:2,5;REMOVE:3,4;REMOVE:4,9;REMOVE:5,2;REMOVE:7,7",0:-;1:-;2:5;3:4;4:9;5:2;6:-;7:7;8:-;9:-,0:-;1:-;2:-;3:-;4:2;5:8;6:8;7:8;8:-;9:-,4@2=1;5@1=1;5@5=1;5@6=1;5@7=1;6@5=1;6@4=1;7@5=1;7@4=1,"2,1,5,6,7,4",9,9,9,0,1.0,0.6111566605959712,1.0,0.011156660595971098,0.0,0.0,0.4,0.3052327632904053,Feasible|selected=greedy
260,259,6,2,4,"ADD:1,7;ADD:7,7;REMOVE:4,2;REMOVE:5,8;REMOVE:6,8;REMOVE:7,8",0:-;1:-;2:-;3:-;4:2;5:8;6:8;7:8;8:-;9:-,0:-;1:7;2:-;3:-;4:-;5:-;6:-;7:7;8:-;9:-,1@7=1;7@7=1;7@0=1;7@4=1,"7,0,4",4,4,4,0,1.0,0.8510214772229943,1.0,0.051021477222994306,0.0,0.0,0.2,0.22663402557373047,Feasible|selected=greedy
261,260,6,5,1,"ADD:0,8;ADD:2,5;ADD:4,7;ADD:5,8;ADD:7,8;REMOVE:7,7",0:-;1:7;2:-;3:-;4:-;5:-;6:-;7:7;8:-;9:-,0:8;1:7;2:5;3:-;4:7;5:8;6:-;7:8;8:-;9:-,0@1=1;0@2=1;0@4=1;1@1=2;1@2=2;1@0=1;1@9=1;2@5=1;4@4=1;4@9=1;4@3=1;5@5=1;5@8=1;7@1=1;7@4=1,"1,2,4,0,9,5,3,8",17,15,15,0,1.0,0.012580992695812476,0.5,0.0125809926958125,0.0,0.0,0.5,0.37554407119750977,Feasible|selected=greedy
262,261,9,4,5,"ADD:0,7;ADD:1,2;ADD:5,4;ADD:7,7;REMOVE:0,8;REMOVE:1,7;REMOVE:4,7;REMOVE:5,8;REMOVE:7,8",0:8;1:7;2:5;3:-;4:7;5:8;6:-;7:8;8:-;9:-,0:7;1:2;2:5;3:-;4:-;5:4;6:-;7:7;8:-;9:-,0@4=2;0@6=1;0@7=1;1@2=1;2@5=1;5@4=1;7@7=1,"4,6,7,2,5",8,7,7,0,1.0,0.4934030856905528,0.8333333333333334,0.06006975235721947,0.0,0.0,0.4,0.23852324485778809,Feasible|selected=greedy
263,262,7,3,4,"ADD:0,8;ADD:6,9;ADD:7,0;REMOVE:0,7;REMOVE:2,5;REMOVE:5,4;REMOVE:7,7",0:7;1:2;2:5;3:-;4:-;5:4;6:-;7:7;8:-;9:-,0:8;1:2;2:-;3:-;4:-;5:-;6:9;7:0;8:-;9:-,0@2=2;0@4=1;0@5=1;0@6=1;0@7=1;1@2=1;1@3=1;1@8=1;6@9=1;7@0=1,"2,4,5,6,7,3,8,9,0",11,10,10,0,1.0,0.5258989333562767,0.8,0.025898933356276656,0.0,0.0,0.30000000000000004,0.28811073303222656,Feasible|selected=greedy
264,263,7,4,3,"ADD:1,7;ADD:2,4;ADD:5,7;ADD:6,1;REMOVE:1,2;REMOVE:6,9;REMOVE:7,0",0:8;1:2;2:-;3:-;4:-;5:-;6:9;7:0;8:-;9:-,0:8;1:7;2:4;3:-;4:-;5:7;6:1;7:-;8:-;9:-,0@4=1;0@8=1;1@4=1;1@7=1;1@9=1;2@4=1;5@7=1;6@1=1,"4,8,7,9,1",8,8,8,0,1.0,0.4144394923574767,0.75,0.06443949235747667,0.0,0.0,0.4,0.27933216094970703,Feasible|selected=greedy
265,264,9,5,4,"ADD:0,7;ADD:4,6;ADD:5,6;ADD:6,9;ADD:7,3;REMOVE:0,8;REMOVE:2,4;REMOVE:5,7;REMOVE:6,1",0:8;1:7;2:4;3:-;4:-;5:7;6:1;7:-;8:-;9:-,0:7;1:7;2:-;3:-;4:6;5:6;6:9;7:3;8:-;9:-,0@1=1;0@2=1;0@4=3;0@7=1;1@4=1;1@7=1;1@0=1;1@9=1;4@6=1;5@1=1;5@6=1;6@9=1;7@2=4;7@3=1,"1,2,4,7,0,9,6,3",19,14,14,0,1.0,0.3324191804834289,0.8,0.03241918048342881,0.0,0.0,0.5,0.390592098236084,Feasible|selected=greedy
266,265,10,5,5,"ADD:1,8;ADD:2,7;ADD:4,8;ADD:6,6;ADD:7,2;REMOVE:1,7;REMOVE:4,6;REMOVE:5,6;REMOVE:6,9;REMOVE:7,3",0:7;1:7;2:-;3:-;4:6;5:6;6:9;7:3;8:-;9:-,0:7;1:8;2:7;3:-;4:8;5:-;6:6;7:2;8:-;9:-,0@0=1;0@2=3;0@4=2;0@7=1;0@8=1;0@9=1;1@2=1;1@4=3;1@7=1;1@8=1;1@1=1;1@5=1;1@6=1;2@7=1;4@2=1;4@4=1;4@1=1;6@6=1;7@0=1;7@2=3;7@3=1,"0,2,4,7,8,9,1,5,6,3",28,21,21,0,1.0,0.358135362949212,0.8333333333333334,0.024802029615878636,0.0,0.0,0.5,0.4433128833770752,Feasible|selected=greedy
267,266,11,5,6,"ADD:0,1;ADD:1,2;ADD:4,2;ADD:5,4;ADD:7,7;REMOVE:0,7;REMOVE:1,8;REMOVE:2,7;REMOVE:4,8;REMOVE:6,6;REMOVE:7,2",0:7;1:8;2:7;3:-;4:8;5:-;6:6;7:2;8:-;9:-,0:1;1:2;2:-;3:-;4:2;5:4;6:-;7:7;8:-;9:-,0@1=1;0@3=1;0@6=1;0@8=1;1@2=3;4@2=1;5@4=1;7@3=2;7@0=2,"1,3,6,8,2,4,0",13,9,9,0,1.0,0.5466430062095271,1.0,0.04664300620952702,0.0,0.0,0.5,0.31049084663391113,Feasible|selected=greedy
268,267,8,3,5,"ADD:0,7;ADD:4,8;ADD:6,8;REMOVE:0,1;REMOVE:1,2;REMOVE:4,2;REMOVE:5,4;REMOVE:7,7",0:1;1:2;2:-;3:-;4:2;5:4;6:-;7:7;8:-;9:-,0:7;1:-;2:-;3:-;4:8;5:-;6:8;7:-;8:-;9:-,0@4=1;0@6=1;0@7=1;4@1=1;4@8=1;6@8=1,"4,6,7,1,8",6,6,6,0,1.0,0.7464484825182933,1.0,0.04644848251829334,0.0,0.0,0.30000000000000004,0.3105499744415283,Feasible|selected=greedy
269,268,7,5,2,"ADD:2,9;ADD:4,2;ADD:5,1;ADD:6,7;ADD:7,9;REMOVE:4,8;REMOVE:6,8",0:7;1:-;2:-;3:-;4:8;5:-;6:8;7:-;8:-;9:-,0:7;1:-;2:9;3:-;4:2;5:1;6:7;7:9;8:-;9:-,0@0=1;0@1=1;0@3=1;0@4=1;0@8=1;2@1=1;2@2=2;4@2=2;5@1=1;6@7=1;7@9=1,"0,1,3,4,8,2,7,9",13,11,11,0,1.0,0.20502857064254298,0.6666666666666666,0.03836190397587631,0.0,0.0,0.5,0.35025691986083984,Feasible|selected=greedy
270,269,13,7,6,"ADD:0,9;ADD:1,4;ADD:2,2;ADD:4,5;ADD:5,6;ADD:6,1;ADD:7,7;REMOVE:0,7;REMOVE:2,9;REMOVE:4,2;REMOVE:5,1;REMOVE:6,7;REMOVE:7,9",0:7;1:-;2:9;3:-;4:2;5:1;6:7;7:9;8:-;9:-,0:9;1:4;2:2;3:-;4:5;5:6;6:1;7:7;8:-;9:-,0@2=2;0@6=1;1@2=1;1@4=1;2@2=1;4@2=1;4@5=2;5@6=1;6@1=1;7@2=1;7@6=1;7@7=1,"2,6,4,5,1,7",14,12,12,0,1.0,0.3480387254948647,1.0,0.04803872549486472,0.0,0.0,0.7,0.29253482818603516,Feasible|selected=greedy
271,270,11,4,7,"ADD:0,3;ADD:2,7;ADD:5,7;ADD:7,6;REMOVE:0,9;REMOVE:1,4;REMOVE:2,2;REMOVE:4,5;REMOVE:5,6;REMOVE:6,1;REMOVE:7,7",0:9;1:4;2:2;3:-;4:5;5:6;6:1;7:7;8:-;9:-,0:3;1:-;2:7;3:-;4:-;5:7;6:-;7:6;8:-;9:-,0@2=1;0@3=1;0@5=1;0@7=1;2@7=1;2@4=1;2@6=1;5@7=1;7@6=1,"2,3,5,7,4,6",9,9,9,0,1.0,0.647199470010367,1.0,0.04719947001036713,0.0,0.0,0.4,0.2903780937194824,Feasible|selected=greedy
272,271,6,2,4,"ADD:0,7;ADD:7,8;REMOVE:0,3;REMOVE:2,7;REMOVE:5,7;REMOVE:7,6",0:3;1:-;2:7;3:-;4:-;5:7;6:-;7:6;8:-;9:-,0:7;1:-;2:-;3:-;4:-;5:-;6:-;7:8;8:-;9:-,0@0=1;0@1=1;0@2=1;0@6=1;7@2=1;7@8=2,"0,1,2,6,8",7,6,6,0,1.0,0.8331335432986284,1.0,0.03313354329862844,0.0,0.0,0.2,0.25133395195007324,Feasible|selected=greedy
273,272,4,3,1,"ADD:3,2;ADD:5,6;ADD:7,2;REMOVE:7,8",0:7;1:-;2:-;3:-;4:-;5:-;6:-;7:8;8:-;9:-,0:7;1:-;2:-;3:2;4:-;5:6;6:-;7:2;8:-;9:-,0@0=1;0@1=3;0@2=1;0@4=1;0@7=2;0@9=1;3@2=1;5@4=1;5@6=2;7@2=1;7@4=1;7@9=1,"0,1,2,4,7,9,6",16,12,12,0,1.0,0.23991032076992447,0.5,0.0399103207699245,0.0,0.0,0.30000000000000004,0.30765795707702637,Feasible|selected=greedy
274,273,8,4,4,"ADD:0,8;ADD:4,2;ADD:6,8;ADD:7,7;REMOVE:0,7;REMOVE:3,2;REMOVE:5,6;REMOVE:7,2",0:7;1:-;2:-;3:2;4:-;5:6;6:-;7:2;8:-;9:-,0:8;1:-;2:-;3:-;4:2;5:-;6:8;7:7;8:-;9:-,0@1=3;0@2=2;0@4=1;0@5=1;0@8=1;4@2=1;4@4=1;4@3=1;6@4=1;6@5=1;7@1=1;7@2=1;7@7=1,"1,2,4,5,8,3,7",16,13,13,0,1.0,0.6185356413851218,1.0,0.018535641385121766,0.0,0.0,0.4,0.3237769603729248,Feasible|selected=greedy
275,274,7,3,4,"ADD:0,7;ADD:4,9;ADD:7,0;REMOVE:0,8;REMOVE:4,2;REMOVE:6,8;REMOVE:7,7",0:8;1:-;2:-;3:-;4:2;5:-;6:8;7:7;8:-;9:-,0:7;1:-;2:-;3:-;4:9;5:-;6:-;7:0;8:-;9:-,0@0=1;0@1=1;0@4=2;0@8=1;4@2=1;4@6=1;7@0=2,"0,1,4,8,2,6",9,7,7,0,1.0,0.7242478019209657,1.0,0.02424780192096569,0.0,0.0,0.30000000000000004,0.24419593811035156,Feasible|selected=greedy
276,275,6,3,3,"ADD:0,8;ADD:5,7;ADD:7,1;REMOVE:0,7;REMOVE:4,9;REMOVE:7,0",0:7;1:-;2:-;3:-;4:9;5:-;6:-;7:0;8:-;9:-,0:8;1:-;2:-;3:-;4:-;5:7;6:-;7:1;8:-;9:-,0@1=1;0@2=2;0@5=1;0@6=2;0@8=1;5@4=1;5@7=1;7@1=1,"1,2,5,6,8,4,7",10,8,8,0,1.0,0.7326559546430869,1.0,0.032655954643086904,0.0,0.0,0.30000000000000004,0.2953619956970215,Feasible|selected=greedy
277,276,7,4,3,"ADD:0,4;ADD:4,4;ADD:5,9;ADD:7,9;REMOVE:0,8;REMOVE:5,7;REMOVE:7,1",0:8;1:-;2:-;3:-;4:-;5:7;6:-;7:1;8:-;9:-,0:4;1:-;2:-;3:-;4:4;5:9;6:-;7:9;8:-;9:-,0@4=1;4@4=1;5@1=1;5@2=1;7@1=1;7@9=1,"4,1,2,9",6,6,6,0,1.0,0.6488739947396535,1.0,0.04887399473965353,0.0,0.0,0.4,0.2550978660583496,Feasible|selected=greedy
278,277,6,3,3,"ADD:0,9;ADD:5,7;ADD:7,7;REMOVE:0,4;REMOVE:5,9;REMOVE:7,9",0:4;1:-;2:-;3:-;4:4;5:9;6:-;7:9;8:-;9:-,0:9;1:-;2:-;3:-;4:4;5:7;6:-;7:7;8:-;9:-,0@2=2;0@9=1;4@4=1;5@4=1;5@3=1;5@7=1;7@2=1;7@7=1,"2,9,4,3,7",9,8,8,0,1.0,0.49084333240328337,0.75,0.04084333240328341,0.0,0.0,0.30000000000000004,0.43032073974609375,Feasible|selected=greedy
279,278,9,5,4,"ADD:0,7;ADD:4,5;ADD:5,8;ADD:6,1;ADD:7,9;REMOVE:0,9;REMOVE:4,4;REMOVE:5,7;REMOVE:7,7",0:9;1:-;2:-;3:-;4:4;5:7;6:-;7:7;8:-;9:-,0:7;1:-;2:-;3:-;4:5;5:8;6:1;7:9;8:-;9:-,0@0=1;0@1=1;0@2=1;0@4=3;0@7=1;4@3=2;4@5=1;5@2=1;5@4=1;5@7=1;5@8=1;6@1=1;7@2=1;7@6=1;7@9=1,"0,1,2,4,7,3,5,8,6,9",18,15,15,0,1.0,0.5264020017827771,1.0,0.026402001782777084,0.0,0.0,0.5,0.3969383239746094,Feasible|selected=greedy
280,279,12,7,5,"ADD:0,3;ADD:1,4;ADD:2,7;ADD:4,8;ADD:5,4;ADD:7,8;ADD:9,2;REMOVE:0,7;REMOVE:4,5;REMOVE:5,8;REMOVE:6,1;REMOVE:7,9",0:7;1:-;2:-;3:-;4:5;5:8;6:1;7:9;8:-;9:-,0:3;1:4;2:7;3:-;4:8;5:4;6:-;7:8;8:-;9:2,0@3=1;1@4=1;2@0=1;2@9=1;4@1=1;4@2=2;4@5=1;5@4=1;7@4=3;7@1=1;7@8=1,"3,4,0,9,1,2,5,8",14,11,11,0,1.0,0.3318303464397261,1.0,0.031830346439726084,0.0,0.0,0.7,0.31372904777526855,Feasible|selected=greedy
281,280,7,3,4,"ADD:1,3;ADD:2,9;ADD:5,7;REMOVE:1,4;REMOVE:2,7;REMOVE:5,4;REMOVE:9,2",0:3;1:4;2:7;3:-;4:8;5:4;6:-;7:8;8:-;9:2,0:3;1:3;2:9;3:-;4:8;5:7;6:-;7:8;8:-;9:-,0@1=1;0@2=1;0@3=1;1@1=1;1@2=1;1@3=1;1@5=1;1@7=1;2@1=1;2@7=1;2@9=1;4@7=1;4@8=1;5@7=1;5@4=2;7@2=1;7@5=2;7@7=1;7@8=1;7@4=1,"1,2,3,5,7,9,8,4",22,20,20,0,1.0,0.2990323682102831,0.5714285714285714,0.02760379678171173,0.0,0.0,0.30000000000000004,0.3712780475616455,Feasible|selected=greedy
282,281,13,7,6,"ADD:0,7;ADD:1,9;ADD:2,7;ADD:4,7;ADD:5,9;ADD:6,8;ADD:7,9;REMOVE:0,3;REMOVE:1,3;REMOVE:2,9;REMOVE:4,8;REMOVE:5,7;REMOVE:7,8",0:3;1:3;2:9;3:-;4:8;5:7;6:-;7:8;8:-;9:-,0:7;1:9;2:7;3:-;4:7;5:9;6:8;7:9;8:-;9:-,0@0=1;0@1=1;0@2=2;0@6=1;0@8=1;1@1=1;1@2=2;1@3=1;1@9=1;2@1=2;2@2=1;2@8=1;2@9=1;2@7=1;4@0=1;4@1=1;4@2=1;5@2=1;5@9=2;6@8=1;7@2=1;7@6=1;7@9=1,"0,1,2,6,8,3,9,7",27,23,23,0,1.0,0.322986442632331,1.0,0.022986442632330864,0.0,0.0,0.7,0.406339168548584,Feasible|selected=greedy
283,282,9,3,6,"ADD:4,8;ADD:6,5;ADD:7,2;REMOVE:1,9;REMOVE:2,7;REMOVE:4,7;REMOVE:5,9;REMOVE:6,8;REMOVE:7,9",0:7;1:9;2:7;3:-;4:7;5:9;6:8;7:9;8:-;9:-,0:7;1:-;2:-;3:-;4:8;5:-;6:5;7:2;8:-;9:-,0@4=1;0@6=1;0@7=1;4@4=1;4@6=1;4@2=1;4@8=1;6@2=1;6@5=1;7@4=2;7@2=2;7@9=1,"4,6,7,2,8,5,9",14,12,12,0,1.0,0.5920070356284883,0.8571428571428571,0.03486417848563126,0.0,0.0,0.30000000000000004,0.2873189449310303,Feasible|selected=greedy
284,283,9,6,3,"ADD:2,7;ADD:4,3;ADD:4,5;ADD:5,7;ADD:6,8;ADD:7,7;REMOVE:4,8;REMOVE:6,5;REMOVE:7,2",0:7;1:-;2:-;3:-;4:8;5:-;6:5;7:2;8:-;9:-,0:7;1:-;2:7;3:-;4:3|5;5:7;6:8;7:7;8:-;9:-,0@3=1;0@8=1;2@8=1;2@0=1;2@4=2;4@3=1;4@0=1;4@1=1;4@2=1;4@5=1;5@3=1;5@0=1;6@8=1;7@0=1;7@4=1,"3,8,0,4,1,2,5",16,15,15,0,1.0,0.16782616685581786,0.75,0.017826166855817806,0.0,0.0,0.6,0.31943225860595703,Feasible|selected=greedy
285,284,7,1,6,"ADD:5,4;REMOVE:2,7;REMOVE:4,3;REMOVE:4,5;REMOVE:5,7;REMOVE:6,8;REMOVE:7,7",0:7;1:-;2:7;3:-;4:3|5;5:7;6:8;7:7;8:-;9:-,0:7;1:-;2:-;3:-;4:-;5:4;6:-;7:-;8:-;9:-,0@7=1;5@4=1,"7,4",2,2,2,0,1.0,0.8476238246689131,0.8571428571428571,0.0904809675260559,0.0,0.0,0.1,0.23354125022888184,Feasible|selected=greedy
286,285,4,3,1,"ADD:2,7;ADD:5,9;ADD:7,8;REMOVE:5,4",0:7;1:-;2:-;3:-;4:-;5:4;6:-;7:-;8:-;9:-,0:7;1:-;2:7;3:-;4:-;5:9;6:-;7:8;8:-;9:-,0@1=1;0@3=1;0@4=1;2@3=1;2@4=1;2@6=1;5@6=1;5@2=1;7@1=1;7@4=1;7@2=1;7@5=1,"1,3,4,6,2,5",12,12,12,0,1.0,0.19999999999999996,0.5,0.0,0.0,0.0,0.30000000000000004,0.4307839870452881,Feasible|selected=greedy
287,286,9,6,3,"ADD:0,3;ADD:1,7;ADD:4,8;ADD:5,4;ADD:6,1;ADD:7,7;REMOVE:0,7;REMOVE:5,9;REMOVE:7,8",0:7;1:-;2:7;3:-;4:-;5:9;6:-;7:8;8:-;9:-,0:3;1:7;2:7;3:-;4:8;5:4;6:1;7:7;8:-;9:-,0@3=1;0@5=1;0@9=2;1@2=1;1@4=1;1@6=2;1@7=1;2@7=1;2@1=1;4@4=2;4@1=1;5@2=1;5@4=2;6@3=1;6@6=1;6@1=1;7@9=1;7@2=1;7@4=1;7@1=3;7@8=1,"3,5,9,2,4,6,7,1,8",27,21,21,0,1.0,0.17192874171509065,0.75,0.02192874171509059,0.0,0.0,0.6,0.4824540615081787,Feasible|selected=greedy
288,287,10,4,6,"ADD:0,1;ADD:4,3;ADD:5,2;ADD:7,4;REMOVE:0,3;REMOVE:1,7;REMOVE:2,7;REMOVE:4,8;REMOVE:5,4;REMOVE:7,7",0:3;1:7;2:7;3:-;4:8;5:4;6:1;7:7;8:-;9:-,0:1;1:-;2:-;3:-;4:3;5:2;6:1;7:4;8:-;9:-,0@1=2;4@1=1;4@3=1;5@2=1;6@1=1;7@2=1;7@4=3;7@6=1,"1,3,2,4,6",11,8,8,0,1.0,0.5278177019614487,0.8571428571428571,0.0706748448185917,0.0,0.0,0.4,0.2507610321044922,Feasible|selected=greedy
289,288,10,5,5,"ADD:0,8;ADD:4,2;ADD:5,9;ADD:6,7;ADD:7,7;REMOVE:0,1;REMOVE:4,3;REMOVE:5,2;REMOVE:6,1;REMOVE:7,4",0:1;1:-;2:-;3:-;4:3;5:2;6:1;7:4;8:-;9:-,0:8;1:-;2:-;3:-;4:2;5:9;6:7;7:7;8:-;9:-,0@1=1;0@4=1;4@2=1;5@1=1;5@2=1;6@4=1;6@0=1;6@3=1;7@1=1;7@4=1;7@2=1;7@0=1;7@3=1;7@8=1,"1,4,2,0,3,8",14,14,14,0,1.0,0.5065604989843895,1.0,0.006560498984389492,0.0,0.0,0.5,0.3112821578979492,Feasible|selected=greedy
290,289,10,5,5,"ADD:0,7;ADD:1,2;ADD:4,7;ADD:5,4;ADD:6,1;REMOVE:0,8;REMOVE:4,2;REMOVE:5,9;REMOVE:6,7;REMOVE:7,7",0:8;1:-;2:-;3:-;4:2;5:9;6:7;7:7;8:-;9:-,0:7;1:2;2:-;3:-;4:7;5:4;6:1;7:-;8:-;9:-,0@3=1;0@7=1;0@8=1;0@9=1;1@9=1;1@2=1;1@4=2;4@7=1;5@2=1;5@4=1;6@1=1,"3,7,8,9,2,4,1",12,11,11,0,1.0,0.5384302611266032,1.0,0.03843026112660312,0.0,0.0,0.5,0.3300008773803711,Feasible|selected=greedy
291,290,11,6,5,"ADD:0,8;ADD:1,8;ADD:2,5;ADD:4,2;ADD:5,8;ADD:7,3;REMOVE:0,7;REMOVE:1,2;REMOVE:4,7;REMOVE:5,4;REMOVE:6,1",0:7;1:2;2:-;3:-;4:7;5:4;6:1;7:-;8:-;9:-,0:8;1:8;2:5;3:-;4:2;5:8;6:-;7:3;8:-;9:-,0@4=1;0@8=1;1@8=1;2@5=1;4@2=2;5@8=1;5@6=1;7@5=1;7@2=1;7@1=2;7@9=1,"4,8,5,2,6,1,9",13,11,11,0,1.0,0.4444053758777117,1.0,0.044405375877711636,0.0,0.0,0.6,0.32672810554504395,Feasible|selected=greedy
292,291,10,4,6,"ADD:0,5;ADD:6,4;ADD:7,7;ADD:8,4;REMOVE:0,8;REMOVE:1,8;REMOVE:2,5;REMOVE:4,2;REMOVE:5,8;REMOVE:7,3",0:8;1:8;2:5;3:-;4:2;5:8;6:-;7:3;8:-;9:-,0:5;1:-;2:-;3:-;4:-;5:-;6:4;7:7;8:4;9:-,0@5=2;6@4=1;7@4=1;7@1=2;7@7=1;8@4=1,"5,4,1,7",8,6,6,0,1.0,0.6623844286421566,1.0,0.062384428642156584,0.0,0.0,0.4,0.2223351001739502,Feasible|selected=greedy
293,292,9,5,4,"ADD:0,3;ADD:1,9;ADD:4,5;ADD:5,2;ADD:8,1;REMOVE:0,5;REMOVE:6,4;REMOVE:7,7;REMOVE:8,4",0:5;1:-;2:-;3:-;4:-;5:-;6:4;7:7;8:4;9:-,0:3;1:9;2:-;3:-;4:5;5:2;6:-;7:-;8:1;9:-,0@2=1;0@3=1;1@2=1;1@1=1;1@6=1;4@5=1;5@2=2;8@1=1,"2,3,1,6,5",9,8,8,0,1.0,0.5580141443441009,1.0,0.05801414434410087,0.0,0.0,0.5,0.2936990261077881,Feasible|selected=greedy
294,293,9,5,4,"ADD:0,4;ADD:4,1;ADD:5,8;ADD:6,2;ADD:7,6;REMOVE:0,3;REMOVE:4,5;REMOVE:5,2;REMOVE:8,1",0:3;1:9;2:-;3:-;4:5;5:2;6:-;7:-;8:1;9:-,0:4;1:9;2:-;3:-;4:1;5:8;6:2;7:6;8:-;9:-,0@2=2;0@4=1;1@9=1;4@1=2;5@4=1;5@5=1;6@2=1;7@4=1;7@6=1,"2,4,9,1,5,6",11,9,9,0,1.0,0.35731536117801044,0.8,0.05731536117801043,0.0,0.0,0.5,0.2911951541900635,Feasible|selected=greedy
295,294,11,5,6,"ADD:0,8;ADD:2,4;ADD:5,7;ADD:6,5;ADD:7,7;REMOVE:0,4;REMOVE:1,9;REMOVE:4,1;REMOVE:5,8;REMOVE:6,2;REMOVE:7,6",0:4;1:9;2:-;3:-;4:1;5:8;6:2;7:6;8:-;9:-,0:8;1:-;2:4;3:-;4:-;5:7;6:5;7:7;8:-;9:-,0@1=1;0@2=1;0@6=1;0@8=1;2@4=1;5@4=1;5@0=1;5@3=1;6@5=1;7@2=1;7@6=1;7@0=1;7@7=1,"1,2,6,8,4,0,3,5,7",13,13,13,0,1.0,0.5279204661466161,1.0,0.027920466146616113,0.0,0.0,0.5,0.34908580780029297,Feasible|selected=greedy
296,295,10,6,4,"ADD:0,7;ADD:1,3;ADD:3,1;ADD:4,6;ADD:6,1;ADD:7,3;REMOVE:0,8;REMOVE:2,4;REMOVE:6,5;REMOVE:7,7",0:8;1:-;2:4;3:-;4:-;5:7;6:5;7:7;8:-;9:-,0:7;1:3;2:-;3:1;4:6;5:7;6:1;7:3;8:-;9:-,0@0=1;0@3=1;0@4=1;1@3=1;3@1=1;4@6=1;5@4=1;5@1=1;5@7=1;6@1=1;7@3=1;7@1=1,"0,3,4,1,6,7",12,12,12,0,1.0,0.25178859295809564,0.8,0.05178859295809559,0.0,0.0,0.6,0.30220985412597656,Feasible|selected=greedy
297,296,15,8,7,"ADD:0,3;ADD:1,5;ADD:1,9;ADD:3,9;ADD:4,2;ADD:5,1;ADD:6,7;ADD:7,6;REMOVE:0,7;REMOVE:1,3;REMOVE:3,1;REMOVE:4,6;REMOVE:5,7;REMOVE:6,1;REMOVE:7,3",0:7;1:3;2:-;3:1;4:6;5:7;6:1;7:3;8:-;9:-,0:3;1:5|9;2:-;3:9;4:2;5:1;6:7;7:6;8:-;9:-,0@1=1;0@3=1;1@5=1;1@9=1;3@9=1;4@5=1;4@0=1;4@4=1;5@1=1;6@7=1;7@4=1;7@6=2,"1,3,5,9,0,4,7,6",13,12,12,0,1.0,0.26429524651343905,1.0,0.06429524651343899,0.0,0.0,0.7999999999999999,0.3286571502685547,Feasible|selected=greedy
298,297,9,2,7,"ADD:1,2;ADD:7,8;REMOVE:0,3;REMOVE:1,5;REMOVE:1,9;REMOVE:3,9;REMOVE:4,2;REMOVE:6,7;REMOVE:7,6",0:3;1:5|9;2:-;3:9;4:2;5:1;6:7;7:6;8:-;9:-,0:-;1:2;2:-;3:-;4:-;5:1;6:-;7:8;8:-;9:-,1@2=1;1@4=1;1@9=1;5@1=1;7@8=1,"2,4,9,1,8",5,5,5,0,1.0,0.7313245331952385,0.875,0.05632453319523839,0.0,0.0,0.2,0.25757288932800293,Feasible|selected=greedy
299,298,7,4,3,"ADD:1,9;ADD:4,6;ADD:6,2;ADD:7,9;REMOVE:1,2;REMOVE:5,1;REMOVE:7,8",0:-;1:2;2:-;3:-;4:-;5:1;6:-;7:8;8:-;9:-,0:-;1:9;2:-;3:-;4:6;5:-;6:2;7:9;8:-;9:-,1@1=1;1@2=1;1@3=1;1@6=1;4@6=1;6@2=1;7@9=1,"1,2,3,6,9",7,7,7,0,1.0,0.6454855919459893,1.0,0.04548559194598926,0.0,0.0,0.4,0.28291893005371094,Feasible|selected=greedy
300,299,9,5,4,"ADD:0,7;ADD:1,7;ADD:4,7;ADD:5,6;ADD:7,2;REMOVE:1,9;REMOVE:4,6;REMOVE:6,2;REMOVE:7,9",0:-;1:9;2:-;3:-;4:6;5:-;6:2;7:9;8:-;9:-,0:7;1:7;2:-;3:-;4:7;5:6;6:-;7:2;8:-;9:-,0@4=2;0@6=1;0@7=1;1@4=1;1@0=1;1@1=1;1@2=1;4@4=1;4@0=1;4@1=1;4@9=1;5@6=1;7@7=1;7@2=1;7@5=1,"4,6,7,0,1,2,9,5",16,15,15,0,1.0,0.519474125850339,1.0,0.01947412585033898,0.0,0.0,0.5,0.3520371913909912,Feasible|selected=greedy
301,300,9,6,3,"ADD:0,2;ADD:2,8;ADD:4,4;ADD:5,7;ADD:6,5;ADD:7,7;REMOVE:4,7;REMOVE:5,6;REMOVE:7,2",0:7;1:7;2:-;3:-;4:7;5:6;6:-;7:2;8:-;9:-,0:2|7;1:7;2:8;3:-;4:4;5:7;6:5;7:7;8:-;9:-,0@0=1;0@1=1;0@2=1;0@5=1;0@7=1;1@1=1;1@2=1;1@7=1;1@8=1;1@9=1;2@2=1;2@8=1;2@4=1;4@2=1;4@4=2;4@6=1;5@7=1;6@5=1;7@9=1;7@4=1;7@3=1,"0,1,2,5,7,8,9,4,6,3",22,21,21,0,1.0,0.03637398954360682,0.6,0.03637398954360684,0.0,0.0,0.6,0.385098934173584,Feasible|selected=greedy
302,301,11,5,6,"ADD:0,8;ADD:1,9;ADD:2,1;ADD:4,7;ADD:5,4;REMOVE:0,2;REMOVE:1,7;REMOVE:2,8;REMOVE:4,4;REMOVE:5,7;REMOVE:6,5",0:2|7;1:7;2:8;3:-;4:4;5:7;6:5;7:7;8:-;9:-,0:7|8;1:9;2:1;3:-;4:7;5:4;6:-;7:7;8:-;9:-,0@1=1;0@3=1;0@4=2;0@5=1;0@7=1;0@8=1;1@2=2;1@9=1;2@1=1;4@7=1;5@4=1;7@1=2;7@3=1;7@4=3;7@9=1;7@0=1,"1,3,4,5,7,8,2,9,0",21,16,16,0,1.0,0.27935392769032974,0.75,0.029353927690329792,0.0,0.0,0.5,0.3249499797821045,Feasible|selected=greedy
303,302,8,3,5,"ADD:2,4;ADD:6,4;ADD:7,4;REMOVE:0,8;REMOVE:1,9;REMOVE:2,1;REMOVE:5,4;REMOVE:7,7",0:7|8;1:9;2:1;3:-;4:7;5:4;6:-;7:7;8:-;9:-,0:7;1:-;2:4;3:-;4:7;5:-;6:4;7:4;8:-;9:-,0@1=2;0@3=1;0@6=2;0@7=1;0@8=1;0@9=1;2@4=1;4@8=1;4@0=1;6@4=1;7@4=2;7@2=1,"1,3,6,7,8,9,4,0,2",15,12,12,0,1.0,0.4500700549672706,0.7142857142857143,0.03578434068155631,0.0,0.0,0.30000000000000004,0.29910874366760254,Feasible|selected=greedy
304,303,12,7,5,"ADD:0,2;ADD:1,9;ADD:3,0;ADD:4,0;ADD:5,4;ADD:6,2;ADD:7,9;REMOVE:0,7;REMOVE:2,4;REMOVE:4,7;REMOVE:6,4;REMOVE:7,4",0:7;1:-;2:4;3:-;4:7;5:-;6:4;7:4;8:-;9:-,0:2;1:9;2:-;3:0;4:0;5:4;6:2;7:9;8:-;9:-,0@0=1;0@4=1;0@5=2;1@1=1;1@3=1;1@6=1;1@7=1;1@9=1;3@0=1;4@0=1;5@4=1;6@2=1;7@9=1;7@2=2,"0,4,5,1,3,6,7,9,2",16,14,14,0,1.0,0.33481478610693016,1.0,0.03481478610693003,0.0,0.0,0.7,0.33024096488952637,Feasible|selected=greedy
305,304,13,6,7,"ADD:0,1;ADD:1,3;ADD:2,6;ADD:4,7;ADD:5,6;ADD:6,7;REMOVE:0,2;REMOVE:1,9;REMOVE:3,0;REMOVE:4,0;REMOVE:5,4;REMOVE:6,2;REMOVE:7,9",0:2;1:9;2:-;3:0;4:0;5:4;6:2;7:9;8:-;9:-,0:1;1:3;2:6;3:-;4:7;5:6;6:7;7:-;8:-;9:-,0@1=2;1@3=1;2@6=1;4@3=1;4@7=1;5@6=1;6@6=1;6@0=1;6@9=1,"1,3,6,7,0,9",10,9,9,0,1.0,0.46026550850717685,1.0,0.060265508507176734,0.0,0.0,0.6,0.2755911350250244,Feasible|selected=greedy
306,305,11,5,6,"ADD:0,5;ADD:2,7;ADD:4,3;ADD:6,2;ADD:7,4;REMOVE:0,1;REMOVE:1,3;REMOVE:2,6;REMOVE:4,7;REMOVE:5,6;REMOVE:6,7",0:1;1:3;2:6;3:-;4:7;5:6;6:7;7:-;8:-;9:-,0:5;1:-;2:7;3:-;4:3;5:-;6:2;7:4;8:-;9:-,0@5=1;2@0=1;2@9=1;4@3=1;6@2=1;7@2=1;7@4=1,"5,0,9,3,2,4",7,7,7,0,1.0,0.5513992393412614,1.0,0.05139923934126136,0.0,0.0,0.5,0.25641894340515137,Feasible|selected=greedy
307,306,11,6,5,"ADD:0,9;ADD:2,6;ADD:4,2;ADD:5,8;ADD:7,5;ADD:8,4;REMOVE:0,5;REMOVE:2,7;REMOVE:4,3;REMOVE:6,2;REMOVE:7,4",0:5;1:-;2:7;3:-;4:3;5:-;6:2;7:4;8:-;9:-,0:9;1:-;2:6;3:-;4:2;5:8;6:-;7:5;8:4;9:-,0@1=1;0@3=1;0@6=1;0@9=1;2@1=1;2@6=1;2@9=1;2@4=1;4@2=1;5@6=1;5@2=3;5@5=1;7@5=1;8@4=1,"1,3,6,9,4,2,5",16,14,14,0,1.0,0.4323578645142804,1.0,0.03235786451428035,0.0,0.0,0.6,0.3374042510986328,Feasible|selected=greedy
308,307,11,6,5,"ADD:0,2;ADD:1,8;ADD:2,3;ADD:4,5;ADD:6,1;ADD:7,4;REMOVE:0,9;REMOVE:2,6;REMOVE:4,2;REMOVE:7,5;REMOVE:8,4",0:9;1:-;2:6;3:-;4:2;5:8;6:-;7:5;8:4;9:-,0:2;1:8;2:3;3:-;4:5;5:8;6:1;7:4;8:-;9:-,0@0=1;0@2=2;0@4=1;0@8=1;1@8=1;2@2=1;2@1=1;2@3=1;4@5=2;5@2=1;5@4=1;5@8=1;6@1=1;7@2=1;7@4=1,"0,2,4,8,1,3,5",17,15,15,0,1.0,0.28338648995502147,0.8333333333333334,0.050053156621688105,0.0,0.0,0.6,0.3342761993408203,Feasible|selected=greedy
309,308,14,7,7,"ADD:0,9;ADD:1,2;ADD:2,7;ADD:4,6;ADD:5,4;ADD:6,5;ADD:7,2;REMOVE:0,2;REMOVE:1,8;REMOVE:2,3;REMOVE:4,5;REMOVE:5,8;REMOVE:6,1;REMOVE:7,4",0:2;1:8;2:3;3:-;4:5;5:8;6:1;7:4;8:-;9:-,0:9;1:2;2:7;3:-;4:6;5:4;6:5;7:2;8:-;9:-,0@2=1;0@9=2;1@2=1;1@4=1;2@4=1;2@0=1;4@6=1;5@4=1;6@5=1;7@2=2;7@9=1;7@0=1;7@5=2,"2,9,4,0,6,5",16,13,13,0,1.0,0.3485736677706106,1.0,0.04857366777061045,0.0,0.0,0.7,0.3128798007965088,Feasible|selected=greedy
310,309,10,5,5,"ADD:1,9;ADD:4,9;ADD:5,7;ADD:6,0;ADD:7,4;REMOVE:1,2;REMOVE:4,6;REMOVE:5,4;REMOVE:6,5;REMOVE:7,2",0:9;1:2;2:7;3:-;4:6;5:4;6:5;7:2;8:-;9:-,0:9;1:9;2:7;3:-;4:9;5:7;6:0;7:4;8:-;9:-,0@1=1;0@2=1;0@6=1;1@2=1;1@9=1;2@1=1;2@0=1;2@7=1;4@9=1;5@0=1;5@3=1;6@0=1;7@2=2;7@4=1,"1,2,6,9,0,7,3,4",15,14,14,0,1.0,0.24878743772833622,0.7142857142857143,0.034501723442621944,0.0,0.0,0.5,0.32012176513671875,Feasible|selected=greedy
311,310,9,4,5,"ADD:0,3;ADD:4,2;ADD:6,4;ADD:7,2;REMOVE:0,9;REMOVE:4,9;REMOVE:5,7;REMOVE:6,0;REMOVE:7,4",0:9;1:9;2:7;3:-;4:9;5:7;6:0;7:4;8:-;9:-,0:3;1:9;2:7;3:-;4:2;5:-;6:4;7:2;8:-;9:-,0@3=1;1@1=1;1@9=1;2@3=1;2@1=1;2@4=1;4@2=1;6@4=2;7@9=2;7@2=1;7@8=1,"3,1,9,4,2,8",13,11,11,0,1.0,0.36613149834397873,0.7142857142857143,0.051845784058264434,0.0,0.0,0.4,0.30177903175354004,Feasible|selected=greedy
312,311,13,7,6,"ADD:2,4;ADD:3,6;ADD:4,8;ADD:4,9;ADD:5,2;ADD:6,7;ADD:7,7;REMOVE:0,3;REMOVE:1,9;REMOVE:2,7;REMOVE:4,2;REMOVE:6,4;REMOVE:7,2",0:3;1:9;2:7;3:-;4:2;5:-;6:4;7:2;8:-;9:-,0:-;1:-;2:4;3:6;4:8|9;5:2;6:7;7:7;8:-;9:-,2@4=2;3@6=1;4@8=1;4@9=1;5@0=1;5@2=1;6@4=1;6@9=1;7@4=1;7@2=2;7@1=1;7@3=1,"4,6,8,9,0,2,1,3",14,12,12,0,1.0,0.344827898939261,1.0,0.04482789893926103,0.0,0.0,0.7,0.338029146194458,Feasible|selected=greedy
313,312,10,4,6,"ADD:1,6;ADD:4,4;ADD:6,8;ADD:7,0;REMOVE:2,4;REMOVE:3,6;REMOVE:4,8;REMOVE:4,9;REMOVE:6,7;REMOVE:7,7",0:-;1:-;2:4;3:6;4:8|9;5:2;6:7;7:7;8:-;9:-,0:-;1:6;2:-;3:-;4:4;5:2;6:8;7:0;8:-;9:-,1@6=1;4@4=1;5@4=1;5@3=1;5@5=1;6@8=1;7@0=1,"6,4,3,5,8,0",7,7,7,0,1.0,0.517569166886514,0.8571428571428571,0.060426309743656884,0.0,0.0,0.4,0.27459287643432617,Feasible|selected=greedy
314,313,12,7,5,"ADD:1,9;ADD:2,7;ADD:3,7;ADD:4,9;ADD:5,8;ADD:6,4;ADD:7,8;REMOVE:1,6;REMOVE:4,4;REMOVE:5,2;REMOVE:6,8;REMOVE:7,0",0:-;1:6;2:-;3:-;4:4;5:2;6:8;7:0;8:-;9:-,0:-;1:9;2:7;3:7;4:9;5:8;6:4;7:8;8:-;9:-,1@2=1;1@9=2;2@0=1;2@1=1;2@6=1;3@7=1;4@2=1;4@9=1;5@4=1;5@8=1;6@4=1;7@2=1;7@1=2;7@7=1;7@5=1,"2,9,0,1,6,7,4,8,5",17,15,15,0,1.0,0.33803333869374086,1.0,0.0380333386937409,0.0,0.0,0.7,0.4121737480163574,Feasible|selected=greedy
315,314,12,6,6,"ADD:1,2;ADD:2,6;ADD:4,2;ADD:5,5;ADD:6,8;ADD:7,5;REMOVE:1,9;REMOVE:2,7;REMOVE:3,7;REMOVE:4,9;REMOVE:5,8;REMOVE:6,4",0:-;1:9;2:7;3:7;4:9;5:8;6:4;7:8;8:-;9:-,0:-;1:2;2:6;3:-;4:2;5:5;6:8;7:5|8;8:-;9:-,1@0=2;1@2=1;2@1=1;2@4=2;2@6=1;2@9=1;4@2=1;5@0=1;5@5=1;6@8=1;7@1=1;7@5=1;7@8=1;7@3=1,"0,2,1,4,6,9,5,8,3",16,14,14,0,1.0,0.2978223836743593,0.8571428571428571,0.04067952653150224,0.0,0.0,0.6,0.31998205184936523,Feasible|selected=greedy
316,315,11,5,6,"ADD:1,7;ADD:2,0;ADD:4,4;ADD:5,8;ADD:6,9;REMOVE:1,2;REMOVE:2,6;REMOVE:4,2;REMOVE:5,5;REMOVE:6,8;REMOVE:7,5",0:-;1:2;2:6;3:-;4:2;5:5;6:8;7:5|8;8:-;9:-,0:-;1:7;2:0;3:-;4:4;5:8;6:9;7:8;8:-;9:-,1@1=1;1@3=1;1@4=1;2@0=1;4@4=1;4@2=1;5@8=1;6@1=1;6@9=1;7@5=1;7@7=1,"1,3,4,0,2,8,9,5,7",11,11,11,0,1.0,0.3941797713908014,0.8571428571428571,0.03703691424794428,0.0,0.0,0.5,0.307797908782959,Feasible|selected=greedy
317,316,9,4,5,"ADD:2,2;ADD:4,7;ADD:5,1;ADD:7,9;REMOVE:2,0;REMOVE:4,4;REMOVE:5,8;REMOVE:6,9;REMOVE:7,8",0:-;1:7;2:0;3:-;4:4;5:8;6:9;7:8;8:-;9:-,0:-;1:7;2:2;3:-;4:7;5:1;6:-;7:9;8:-;9:-,1@1=2;1@7=1;2@2=1;4@0=2;4@4=1;5@1=1;7@3=1;7@9=1,"1,7,2,0,4,3,9",10,8,8,0,1.0,0.47439109652630274,0.8333333333333334,0.04105776319296939,0.0,0.0,0.4,0.2964200973510742,Feasible|selected=greedy
318,317,10,5,5,"ADD:1,2;ADD:2,9;ADD:4,8;ADD:5,9;ADD:7,8;REMOVE:1,7;REMOVE:2,2;REMOVE:4,7;REMOVE:5,1;REMOVE:7,9",0:-;1:7;2:2;3:-;4:7;5:1;6:-;7:9;8:-;9:-,0:-;1:2;2:9;3:-;4:8;5:9;6:-;7:8;8:-;9:-,1@2=1;2@2=1;2@1=1;2@9=1;4@2=1;4@8=1;5@9=1;7@2=2;7@8=1,"2,1,9,8",10,9,9,0,1.0,0.5489056418795815,1.0,0.04890564187958136,0.0,0.0,0.5,0.2911720275878906,Feasible|selected=greedy
319,318,8,3,5,"ADD:1,8;ADD:4,9;ADD:7,4;REMOVE:1,2;REMOVE:2,9;REMOVE:4,8;REMOVE:5,9;REMOVE:7,8",0:-;1:2;2:9;3:-;4:8;5:9;6:-;7:8;8:-;9:-,0:-;1:8;2:-;3:-;4:9;5:-;6:-;7:4;8:-;9:-,1@8=1;4@3=1;4@6=1;7@4=1,"8,3,6,4",4,4,4,0,1.0,0.7487558378852299,1.0,0.04875583788522998,0.0,0.0,0.30000000000000004,0.22805118560791016,Feasible|selected=greedy
320,319,7,4,3,"ADD:1,7;ADD:2,9;ADD:4,4;ADD:5,9;REMOVE:1,8;REMOVE:4,9;REMOVE:7,4",0:-;1:8;2:-;3:-;4:9;5:-;6:-;7:4;8:-;9:-,0:-;1:7;2:9;3:-;4:4;5:9;6:-;7:-;8:-;9:-,1@1=1;1@3=1;1@4=1;2@2=1;2@9=1;4@4=1;4@2=1;5@1=2;5@2=1,"1,3,4,2,9",10,9,9,0,1.0,0.6231512844978592,1.0,0.023151284497859276,0.0,0.0,0.4,0.2963869571685791,Feasible|selected=greedy
321,320,6,3,3,"ADD:2,4;ADD:4,2;ADD:7,2;REMOVE:2,9;REMOVE:4,4;REMOVE:5,9",0:-;1:7;2:9;3:-;4:4;5:9;6:-;7:-;8:-;9:-,0:-;1:7;2:4;3:-;4:2;5:-;6:-;7:2;8:-;9:-,1@0=1;1@1=1;1@2=1;1@4=2;1@7=1;2@2=1;2@4=1;4@4=1;4@5=1;4@9=2;7@0=1;7@2=1;7@4=1,"0,1,2,4,7,5,9",15,13,13,0,1.0,0.4680190714040814,0.75,0.01801907140408139,0.0,0.0,0.30000000000000004,0.3111453056335449,Feasible|selected=greedy
322,321,7,3,4,"ADD:1,2;ADD:2,6;ADD:7,3;REMOVE:1,7;REMOVE:2,4;REMOVE:4,2;REMOVE:7,2",0:-;1:7;2:4;3:-;4:2;5:-;6:-;7:2;8:-;9:-,0:-;1:2;2:6;3:-;4:-;5:-;6:-;7:3;8:-;9:-,1@4=1;1@5=1;1@7=1;1@9=1;2@6=1;7@3=1,"4,5,7,9,6,3",6,6,6,0,1.0,0.7311881331523551,1.0,0.031188133152355156,0.0,0.0,0.30000000000000004,0.24191880226135254,Feasible|selected=greedy
323,322,8,5,3,"ADD:1,0;ADD:2,7;ADD:4,4;ADD:6,5;ADD:7,8;REMOVE:1,2;REMOVE:2,6;REMOVE:7,3",0:-;1:2;2:6;3:-;4:-;5:-;6:-;7:3;8:-;9:-,0:-;1:0;2:7;3:-;4:4;5:-;6:5;7:8;8:-;9:-,1@0=1;2@1=1;2@3=1;2@4=1;2@8=1;4@4=1;6@5=1;7@1=1;7@4=1,"0,1,3,4,8,5",9,9,9,0,1.0,0.534161234651064,1.0,0.03416123465106406,0.0,0.0,0.5,0.2857980728149414,Feasible|selected=greedy
324,323,10,5,5,"ADD:1,3;ADD:2,8;ADD:4,2;ADD:5,3;ADD:7,7;REMOVE:1,0;REMOVE:2,7;REMOVE:4,4;REMOVE:6,5;REMOVE:7,8",0:-;1:0;2:7;3:-;4:4;5:-;6:5;7:8;8:-;9:-,0:-;1:3;2:8;3:-;4:2;5:3;6:-;7:7;8:-;9:-,1@1=1;1@3=2;2@8=1;4@0=1;4@4=1;4@5=1;5@3=1;7@3=1;7@4=1;7@7=2,"1,3,8,0,4,5,7",12,10,10,0,1.0,0.5521903830509465,1.0,0.05219038305094655,0.0,0.0,0.5,0.31056976318359375,Feasible|selected=greedy
325,324,8,4,4,"ADD:1,9;ADD:2,4;ADD:4,6;ADD:6,8;REMOVE:1,3;REMOVE:2,8;REMOVE:4,2;REMOVE:5,3",0:-;1:3;2:8;3:-;4:2;5:3;6:-;7:7;8:-;9:-,0:-;1:9;2:4;3:-;4:6;5:-;6:8;7:7;8:-;9:-,1@1=1;1@2=1;2@4=1;4@6=2;6@4=1;6@5=1;7@0=1;7@3=1;7@7=1;7@8=1,"1,2,4,6,5,0,3,7,8",11,10,10,0,1.0,0.43940212154557645,0.8,0.039402121545576464,0.0,0.0,0.4,0.3353450298309326,Feasible|selected=greedy
326,325,9,4,5,"ADD:2,2;ADD:4,2;ADD:5,1;ADD:7,8;REMOVE:1,9;REMOVE:2,4;REMOVE:4,6;REMOVE:6,8;REMOVE:7,7",0:-;1:9;2:4;3:-;4:6;5:-;6:8;7:7;8:-;9:-,0:-;1:-;2:2;3:-;4:2;5:1;6:-;7:8;8:-;9:-,2@2=2;4@2=1;5@1=1;7@5=1;7@8=1,"2,1,5,8",6,5,5,0,1.0,0.6828054442738,1.0,0.08280544427380004,0.0,0.0,0.4,0.25139379501342773,Feasible|selected=greedy
327,326,7,3,4,"ADD:1,6;ADD:2,8;ADD:7,6;REMOVE:2,2;REMOVE:4,2;REMOVE:5,1;REMOVE:7,8",0:-;1:-;2:2;3:-;4:2;5:1;6:-;7:8;8:-;9:-,0:-;1:6;2:8;3:-;4:-;5:-;6:-;7:6;8:-;9:-,1@1=1;1@6=1;2@8=1;7@6=1,"1,6,8",4,4,4,0,1.0,0.7805868851393698,1.0,0.08058688513936992,0.0,0.0,0.30000000000000004,0.22234296798706055,Feasible|selected=greedy
328,327,9,6,3,"ADD:0,1;ADD:1,2;ADD:2,7;ADD:5,7;ADD:6,4;ADD:7,2;REMOVE:1,6;REMOVE:2,8;REMOVE:7,6",0:-;1:6;2:8;3:-;4:-;5:-;6:-;7:6;8:-;9:-,0:1;1:2;2:7;3:-;4:-;5:7;6:4;7:2;8:-;9:-,0@1=1;1@2=1;2@0=1;2@3=1;2@9=1;5@2=1;5@7=1;6@4=1;7@2=1;7@4=1;7@5=1,"1,2,0,3,9,7,4,5",11,11,11,0,1.0,0.4466992331814196,1.0,0.046699233181419546,0.0,0.0,0.6,0.3591330051422119,Feasible|selected=greedy
329,328,10,5,5,"ADD:1,7;ADD:2,2;ADD:4,2;ADD:6,7;ADD:7,8;REMOVE:0,1;REMOVE:1,2;REMOVE:2,7;REMOVE:6,4;REMOVE:7,2",0:1;1:2;2:7;3:-;4:-;5:7;6:4;7:2;8:-;9:-,0:-;1:7;2:2;3:-;4:2;5:7;6:7;7:8;8:-;9:-,1@0=1;1@1=1;1@8=1;1@9=1;2@2=1;4@2=1;5@3=1;5@4=1;6@7=1;7@4=1;7@7=1;7@5=1,"0,1,8,9,2,3,4,7,5",12,12,12,0,1.0,0.3578836282059391,0.8333333333333334,0.024550294872605783,0.0,0.0,0.5,0.32268428802490234,Feasible|selected=greedy
330,329,8,3,5,"ADD:4,4;ADD:6,0;ADD:7,7;REMOVE:1,7;REMOVE:4,2;REMOVE:5,7;REMOVE:6,7;REMOVE:7,8",0:-;1:7;2:2;3:-;4:2;5:7;6:7;7:8;8:-;9:-,0:-;1:-;2:2;3:-;4:4;5:-;6:0;7:7;8:-;9:-,2@2=2;4@4=1;6@0=1;7@1=1;7@3=1;7@7=1,"2,4,0,1,3,7",7,6,6,0,1.0,0.6033900969339028,0.8333333333333334,0.07005676360056946,0.0,0.0,0.30000000000000004,0.2542541027069092,Feasible|selected=greedy
331,330,7,4,3,"ADD:1,6;ADD:2,7;ADD:5,8;ADD:7,4;REMOVE:2,2;REMOVE:4,4;REMOVE:7,7",0:-;1:-;2:2;3:-;4:4;5:-;6:0;7:7;8:-;9:-,0:-;1:6;2:7;3:-;4:-;5:8;6:0;7:4;8:-;9:-,1@6=1;2@0=1;2@1=2;2@4=1;5@8=1;6@0=1;7@4=1;7@2=1,"6,0,1,4,8,2",9,8,8,0,1.0,0.394208760021875,0.75,0.04420876002187503,0.0,0.0,0.4,0.3005659580230713,Feasible|selected=greedy
332,331,6,3,3,"ADD:1,8;ADD:2,0;ADD:4,5;REMOVE:1,6;REMOVE:2,7;REMOVE:6,0",0:-;1:6;2:7;3:-;4:-;5:8;6:0;7:4;8:-;9:-,0:-;1:8;2:0;3:-;4:5;5:8;6:-;7:4;8:-;9:-,1@6=1;1@8=1;2@0=1;4@5=1;5@6=1;5@8=1;7@4=1,"6,8,0,5,4",7,7,7,0,1.0,0.3739153865998237,0.6,0.07391538659982379,0.0,0.0,0.30000000000000004,0.2698671817779541,Feasible|selected=greedy
333,332,8,4,4,"ADD:2,2;ADD:4,7;ADD:6,5;ADD:7,7;REMOVE:1,8;REMOVE:2,0;REMOVE:4,5;REMOVE:7,4",0:-;1:8;2:0;3:-;4:5;5:8;6:-;7:4;8:-;9:-,0:-;1:-;2:2;3:-;4:7;5:8;6:5;7:7;8:-;9:-,2@0=1;2@2=1;4@0=1;4@1=1;5@1=1;5@4=1;6@5=1;7@0=1;7@4=1,"0,2,1,4,5",9,9,9,0,1.0,0.42424595593461867,0.8,0.024245955934618646,0.0,0.0,0.4,0.29077911376953125,Feasible|selected=greedy
334,333,8,4,4,"ADD:1,7;ADD:2,5;ADD:6,2;ADD:7,2;REMOVE:2,2;REMOVE:5,8;REMOVE:6,5;REMOVE:7,7",0:-;1:-;2:2;3:-;4:7;5:8;6:5;7:7;8:-;9:-,0:-;1:7;2:5;3:-;4:7;5:-;6:2;7:2;8:-;9:-,1@3=1;1@7=1;2@5=1;4@0=1;4@9=1;6@2=1;7@2=1,"3,7,5,0,9,2",7,7,7,0,1.0,0.4553405809748706,0.8,0.0553405809748706,0.0,0.0,0.4,0.2874150276184082,Feasible|selected=greedy
335,334,10,5,5,"ADD:1,0;ADD:4,5;ADD:5,8;ADD:7,7;ADD:7,8;REMOVE:1,7;REMOVE:2,5;REMOVE:4,7;REMOVE:6,2;REMOVE:7,2",0:-;1:7;2:5;3:-;4:7;5:-;6:2;7:2;8:-;9:-,0:-;1:0;2:-;3:-;4:5;5:8;6:-;7:7|8;8:-;9:-,1@0=1;4@3=1;4@5=1;5@2=1;5@8=1;7@0=1;7@5=1;7@8=1;7@7=1,"0,3,5,2,8,7",9,9,9,0,1.0,0.5586662667583968,1.0,0.058666266758396764,0.0,0.0,0.5,0.2796931266784668,Feasible|selected=greedy
336,335,11,6,5,"ADD:0,8;ADD:1,2;ADD:2,7;ADD:4,1;ADD:5,7;ADD:7,2;REMOVE:1,0;REMOVE:4,5;REMOVE:5,8;REMOVE:7,7;REMOVE:7,8",0:-;1:0;2:-;3:-;4:5;5:8;6:-;7:7|8;8:-;9:-,0:8;1:2;2:7;3:-;4:1;5:7;6:-;7:2;8:-;9:-,0@8=1;1@2=1;2@0=1;2@1=1;4@1=1;5@2=1;5@1=1;5@7=1;7@2=1;7@0=1;7@4=1;7@9=1,"8,2,0,1,7,4,9",12,12,12,0,1.0,0.4416745637114504,1.0,0.04167456371145037,0.0,0.0,0.6,0.32321810722351074,Feasible|selected=greedy
337,336,10,4,6,"ADD:0,4;ADD:1,3;ADD:2,1;ADD:7,7;REMOVE:0,8;REMOVE:1,2;REMOVE:2,7;REMOVE:4,1;REMOVE:5,7;REMOVE:7,2",0:8;1:2;2:7;3:-;4:1;5:7;6:-;7:2;8:-;9:-,0:4;1:3;2:1;3:-;4:-;5:-;6:-;7:7;8:-;9:-,0@2=1;0@4=1;1@1=1;1@3=1;2@1=1;7@2=1;7@4=2;7@1=1;7@6=1;7@8=1;7@9=1,"2,4,1,3,6,8,9",12,11,11,0,1.0,0.6232522005167506,1.0,0.02325220051675051,0.0,0.0,0.4,0.29265522956848145,Feasible|selected=greedy
338,337,6,2,4,"ADD:1,9;ADD:7,3;REMOVE:0,4;REMOVE:1,3;REMOVE:2,1;REMOVE:7,7",0:4;1:3;2:1;3:-;4:-;5:-;6:-;7:7;8:-;9:-,0:-;1:9;2:-;3:-;4:-;5:-;6:-;7:3;8:-;9:-,1@1=1;1@2=1;7@1=3;7@2=1;7@3=1,"1,2,3",7,5,5,0,1.0,0.8162989908431144,1.0,0.016298990843114338,0.0,0.0,0.2,0.2284867763519287,Feasible|selected=greedy
339,338,6,5,1,"ADD:2,7;ADD:3,6;ADD:4,6;ADD:5,4;ADD:7,2;REMOVE:7,3",0:-;1:9;2:-;3:-;4:-;5:-;6:-;7:3;8:-;9:-,0:-;1:9;2:7;3:6;4:6;5:4;6:-;7:2;8:-;9:-,1@3=1;1@6=1;2@3=1;2@1=1;2@2=1;2@4=2;3@6=1;4@6=1;5@4=1;7@2=1,"3,6,1,2,4",11,10,10,0,1.0,0.0314411977180985,0.5,0.031441197718098536,0.0,0.0,0.5,0.33875608444213867,Feasible|selected=greedy
340,339,9,3,6,"ADD:1,8;ADD:5,9;ADD:7,7;REMOVE:1,9;REMOVE:2,7;REMOVE:3,6;REMOVE:4,6;REMOVE:5,4;REMOVE:7,2",0:-;1:9;2:7;3:6;4:6;5:4;6:-;7:2;8:-;9:-,0:-;1:8;2:-;3:-;4:-;5:9;6:-;7:7;8:-;9:-,1@1=1;1@5=1;5@9=1;7@0=1;7@3=1,"1,5,9,0,3",5,5,5,0,1.0,0.7190793820967363,1.0,0.01907938209673623,0.0,0.0,0.30000000000000004,0.2873039245605469,Feasible|selected=greedy
341,340,8,5,3,"ADD:3,7;ADD:4,3;ADD:5,7;ADD:6,4;ADD:7,1;REMOVE:1,8;REMOVE:5,9;REMOVE:7,7",0:-;1:8;2:-;3:-;4:-;5:9;6:-;7:7;8:-;9:-,0:-;1:-;2:-;3:7;4:3;5:7;6:4;7:1;8:-;9:-,3@7=1;4@1=1;4@3=1;5@3=1;5@4=1;6@4=1;7@1=1,"7,1,3,4",7,7,7,0,1.0,0.5616485992930447,1.0,0.0616485992930446,0.0,0.0,0.5,0.27786874771118164,Feasible|selected=greedy
342,341,10,5,5,"ADD:0,9;ADD:4,8;ADD:5,5;ADD:6,5;ADD:7,9;REMOVE:3,7;REMOVE:4,3;REMOVE:5,7;REMOVE:6,4;REMOVE:7,1",0:-;1:-;2:-;3:7;4:3;5:7;6:4;7:1;8:-;9:-,0:9;1:-;2:-;3:-;4:8;5:5;6:5;7:9;8:-;9:-,0@7=1;0@9=1;4@1=1;4@5=1;5@5=1;6@5=1;7@2=1;7@6=1,"7,9,1,5,2,6",8,8,8,0,1.0,0.5353198147722877,1.0,0.03531981477228773,0.0,0.0,0.5,0.2999870777130127,Feasible|selected=greedy
343,342,10,5,5,"ADD:0,7;ADD:1,1;ADD:4,6;ADD:5,6;ADD:7,2;REMOVE:0,9;REMOVE:4,8;REMOVE:5,5;REMOVE:6,5;REMOVE:7,9",0:9;1:-;2:-;3:-;4:8;5:5;6:5;7:9;8:-;9:-,0:7;1:1;2:-;3:-;4:6;5:6;6:-;7:2;8:-;9:-,0@0=1;0@1=2;0@4=1;0@8=2;1@1=1;1@8=1;1@3=1;4@4=1;4@6=1;5@6=1;7@4=2;7@2=1;7@9=1,"0,1,4,8,3,6,2,9",16,13,13,0,1.0,0.5259775668097642,1.0,0.025977566809764135,0.0,0.0,0.5,0.3239459991455078,Feasible|selected=greedy
344,343,10,5,5,"ADD:0,8;ADD:1,3;ADD:2,8;ADD:4,1;ADD:6,8;REMOVE:0,7;REMOVE:1,1;REMOVE:4,6;REMOVE:5,6;REMOVE:7,2",0:7;1:1;2:-;3:-;4:6;5:6;6:-;7:2;8:-;9:-,0:8;1:3;2:8;3:-;4:1;5:-;6:8;7:-;8:-;9:-,0@1=1;0@5=1;1@1=1;1@2=1;1@3=1;2@8=1;4@1=2;6@8=1,"1,5,2,3,8",9,8,8,0,1.0,0.5619777923992026,1.0,0.06197779239920257,0.0,0.0,0.5,0.25796985626220703,Feasible|selected=greedy
345,344,11,6,5,"ADD:0,2;ADD:1,2;ADD:2,7;ADD:3,1;ADD:4,8;ADD:7,7;REMOVE:0,8;REMOVE:1,3;REMOVE:2,8;REMOVE:4,1;REMOVE:6,8",0:8;1:3;2:8;3:-;4:1;5:-;6:8;7:-;8:-;9:-,0:2;1:2;2:7;3:1;4:8;5:-;6:-;7:7;8:-;9:-,0@0=2;0@2=2;0@3=1;0@4=1;1@2=2;2@0=1;2@3=1;3@1=1;4@4=1;4@6=1;4@8=1;7@7=1,"0,2,3,4,1,6,8,7",15,12,12,0,1.0,0.44569482044213504,1.0,0.045694820442135055,0.0,0.0,0.6,0.34778404235839844,Feasible|selected=greedy
346,345,9,4,5,"ADD:0,7;ADD:1,8;ADD:5,1;ADD:7,2;REMOVE:0,2;REMOVE:1,2;REMOVE:3,1;REMOVE:4,8;REMOVE:7,7",0:2;1:2;2:7;3:1;4:8;5:-;6:-;7:7;8:-;9:-,0:7;1:8;2:7;3:-;4:-;5:1;6:-;7:2;8:-;9:-,0@0=1;0@4=1;0@7=1;0@9=1;1@8=1;2@7=2;2@2=1;5@1=1;7@0=1;7@4=1;7@2=1,"0,4,7,9,8,2,1",12,11,11,0,1.0,0.47971000891737736,0.8333333333333334,0.04637667558404398,0.0,0.0,0.4,0.28341221809387207,Feasible|selected=greedy
347,346,9,5,4,"ADD:0,4;ADD:2,6;ADD:4,5;ADD:6,1;ADD:7,9;REMOVE:0,7;REMOVE:1,8;REMOVE:2,7;REMOVE:7,2",0:7;1:8;2:7;3:-;4:-;5:1;6:-;7:2;8:-;9:-,0:4;1:-;2:6;3:-;4:5;5:1;6:1;7:9;8:-;9:-,0@4=2;2@9=1;4@5=1;5@1=1;6@1=1;7@9=1;7@1=1,"4,9,5,1",8,7,7,0,1.0,0.37045509104138774,0.8,0.07045509104138774,0.0,0.0,0.5,0.2610800266265869,Feasible|selected=greedy
348,347,11,5,6,"ADD:0,9;ADD:1,9;ADD:2,7;ADD:6,4;ADD:7,7;REMOVE:0,4;REMOVE:2,6;REMOVE:4,5;REMOVE:5,1;REMOVE:6,1;REMOVE:7,9",0:4;1:-;2:6;3:-;4:5;5:1;6:1;7:9;8:-;9:-,0:9;1:9;2:7;3:-;4:-;5:-;6:4;7:7;8:-;9:-,0@2=1;0@6=1;0@9=1;1@9=1;2@9=1;2@4=2;6@4=1;7@0=1;7@8=2,"2,6,9,4,0,8",11,9,9,0,1.0,0.5265820971963477,1.0,0.026582097196347774,0.0,0.0,0.5,0.3076901435852051,Feasible|selected=greedy
349,348,10,6,4,"ADD:0,8;ADD:1,5;ADD:2,8;ADD:4,5;ADD:5,3;ADD:7,4;REMOVE:0,9;REMOVE:2,7;REMOVE:6,4;REMOVE:7,7",0:9;1:9;2:7;3:-;4:-;5:-;6:4;7:7;8:-;9:-,0:8;1:5|9;2:8;3:-;4:5;5:3;6:-;7:4;8:-;9:-,0@1=1;0@2=1;0@4=2;0@6=1;0@8=1;1@2=1;1@6=1;1@3=1;1@5=1;2@8=1;2@7=1;4@8=1;4@5=1;4@0=1;5@1=1;5@2=1;5@3=1;7@4=1,"1,2,4,6,8,3,5,7,0",19,18,18,0,1.0,0.23259095029520005,0.8,0.03259095029519998,0.0,0.0,0.6,0.3862919807434082,Feasible|selected=greedy
350,349,11,5,6,"ADD:1,4;ADD:3,4;ADD:4,7;ADD:5,7;ADD:7,7;REMOVE:1,5;REMOVE:1,9;REMOVE:2,8;REMOVE:4,5;REMOVE:5,3;REMOVE:7,4",0:8;1:5|9;2:8;3:-;4:5;5:3;6:-;7:4;8:-;9:-,0:8;1:4;2:-;3:4;4:7;5:7;6:-;7:7;8:-;9:-,0@7=1;0@8=1;1@2=1;1@4=1;3@2=1;3@4=1;4@7=1;5@0=1;5@1=1;7@7=1,"7,8,2,4,0,1",10,10,10,0,1.0,0.4058111199941722,0.8571428571428571,0.04866826285131509,0.0,0.0,0.5,0.2982628345489502,Feasible|selected=greedy
351,350,7,2,5,"ADD:3,6;ADD:5,2;REMOVE:0,8;REMOVE:1,4;REMOVE:3,4;REMOVE:4,7;REMOVE:5,7",0:8;1:4;2:-;3:4;4:7;5:7;6:-;7:7;8:-;9:-,0:-;1:-;2:-;3:6;4:-;5:2;6:-;7:7;8:-;9:-,3@4=1;3@6=1;5@2=1;7@2=1;7@1=2;7@7=1,"4,6,2,1,7",7,6,6,0,1.0,0.6767491134817545,0.8333333333333334,0.043415780148421214,0.0,0.0,0.2,0.22913408279418945,Feasible|selected=greedy
352,351,4,1,3,"ADD:7,5;REMOVE:3,6;REMOVE:5,2;REMOVE:7,7",0:-;1:-;2:-;3:6;4:-;5:2;6:-;7:7;8:-;9:-,0:-;1:-;2:-;3:-;4:-;5:-;6:-;7:5;8:-;9:-,7@5=1,5,1,1,1,0,1.0,1.0171223324025311,1.0,0.11712233240253118,0.0,0.0,0.1,0.16656112670898438,Feasible|selected=greedy
353,352,3,2,1,"ADD:6,1;ADD:7,4;REMOVE:7,5",0:-;1:-;2:-;3:-;4:-;5:-;6:-;7:5;8:-;9:-,0:-;1:-;2:-;3:-;4:-;5:-;6:1;7:4;8:-;9:-,6@1=1;7@4=1,"1,4",2,2,2,0,1.0,0.8935387479635346,1.0,0.0935387479635346,0.0,0.0,0.2,0.22230792045593262,Feasible|selected=greedy
354,353,8,6,2,"ADD:0,4;ADD:1,7;ADD:2,2;ADD:4,3;ADD:5,7;ADD:7,9;REMOVE:6,1;REMOVE:7,4",0:-;1:-;2:-;3:-;4:-;5:-;6:1;7:4;8:-;9:-,0:4;1:7;2:2;3:-;4:3;5:7;6:-;7:9;8:-;9:-,0@4=1;1@4=1;1@1=1;1@6=1;1@7=1;2@2=1;4@3=1;5@1=1;5@6=1;5@2=1;5@0=1;7@9=1,"4,1,6,7,2,3,0,9",12,12,12,0,1.0,0.4380959827459897,1.0,0.038095982745989763,0.0,0.0,0.6,0.3889279365539551,Feasible|selected=greedy
355,354,8,2,6,"ADD:4,9;ADD:7,4;REMOVE:0,4;REMOVE:1,7;REMOVE:2,2;REMOVE:4,3;REMOVE:5,7;REMOVE:7,9",0:4;1:7;2:2;3:-;4:3;5:7;6:-;7:9;8:-;9:-,0:-;1:-;2:-;3:-;4:9;5:-;6:-;7:4;8:-;9:-,4@2=1;4@9=1;7@2=1;7@4=1,"2,9,4",4,4,4,0,1.0,0.8436816116897277,1.0,0.04368161168972756,0.0,0.0,0.2,0.20455598831176758,Feasible|selected=greedy
356,355,4,3,1,"ADD:1,9;ADD:3,0;ADD:7,2;REMOVE:7,4",0:-;1:-;2:-;3:-;4:9;5:-;6:-;7:4;8:-;9:-,0:-;1:9;2:-;3:0;4:9;5:-;6:-;7:2;8:-;9:-,1@2=1;1@6=2;1@9=1;3@0=1;4@6=1;4@9=1;7@9=1;7@3=1;7@4=2;7@5=1,"2,6,9,0,3,4,5",12,10,10,0,1.0,0.22500439517421844,0.5,0.02500439517421846,0.0,0.0,0.30000000000000004,0.29267001152038574,Feasible|selected=greedy
357,356,7,3,4,"ADD:1,8;ADD:4,8;ADD:7,8;REMOVE:1,9;REMOVE:3,0;REMOVE:4,9;REMOVE:7,2",0:-;1:9;2:-;3:0;4:9;5:-;6:-;7:2;8:-;9:-,0:-;1:8;2:-;3:-;4:8;5:-;6:-;7:8;8:-;9:-,1@4=1;1@8=1;4@4=1;4@8=1;7@8=1,"4,8",5,5,5,0,1.0,0.7599406972464018,1.0,0.05994069724640173,0.0,0.0,0.30000000000000004,0.21805477142333984,Feasible|selected=greedy
358,357,7,5,2,"ADD:1,5;ADD:5,4;ADD:6,3;ADD:7,7;ADD:8,4;REMOVE:1,8;REMOVE:7,8",0:-;1:8;2:-;3:-;4:8;5:-;6:-;7:8;8:-;9:-,0:-;1:5;2:-;3:-;4:8;5:4;6:3;7:7;8:4;9:-,1@2=4;1@5=1;4@2=1;4@1=1;4@8=1;5@2=1;5@4=1;6@3=1;7@4=1;7@0=1;7@6=1;8@4=1,"2,5,1,8,4,3,0,6",15,12,12,0,1.0,0.20335184545370122,0.6666666666666666,0.03668517878703462,0.0,0.0,0.5,0.34264492988586426,Feasible|selected=greedy
359,358,8,2,6,"ADD:1,1;ADD:2,2;REMOVE:1,5;REMOVE:4,8;REMOVE:5,4;REMOVE:6,3;REMOVE:7,7;REMOVE:8,4",0:-;1:5;2:-;3:-;4:8;5:4;6:3;7:7;8:4;9:-,0:-;1:1;2:2;3:-;4:-;5:-;6:-;7:-;8:-;9:-,1@1=1;1@3=1;1@8=1;2@2=1,"1,3,8,2",4,4,4,0,1.0,0.849515343849178,1.0,0.049515343849178106,0.0,0.0,0.2,0.20990991592407227,Feasible|selected=greedy
360,359,6,4,2,"ADD:1,5;ADD:4,9;ADD:5,3;ADD:7,1;REMOVE:1,1;REMOVE:2,2",0:-;1:1;2:2;3:-;4:-;5:-;6:-;7:-;8:-;9:-,0:-;1:5;2:-;3:-;4:9;5:3;6:-;7:1;8:-;9:-,1@5=1;4@1=1;4@9=1;5@3=1;7@1=1,"5,1,9,3",5,5,5,0,1.0,0.6790241822150939,1.0,0.07902418221509393,0.0,0.0,0.4,0.22484087944030762,Feasible|selected=greedy
361,360,5,2,3,"ADD:1,2;ADD:7,9;REMOVE:1,5;REMOVE:5,3;REMOVE:7,1",0:-;1:5;2:-;3:-;4:9;5:3;6:-;7:1;8:-;9:-,0:-;1:2;2:-;3:-;4:9;5:-;6:-;7:9;8:-;9:-,1@2=1;4@2=1;4@1=1;7@1=1;7@9=1,"2,1,9",5,5,5,0,1.0,0.5910098979631782,0.75,0.0410098979631781,0.0,0.0,0.2,0.23976588249206543,Feasible|selected=greedy
362,361,5,3,2,"ADD:1,9;ADD:4,7;ADD:5,8;REMOVE:1,2;REMOVE:4,9",0:-;1:2;2:-;3:-;4:9;5:-;6:-;7:9;8:-;9:-,0:-;1:9;2:-;3:-;4:7;5:8;6:-;7:9;8:-;9:-,1@9=1;4@9=1;4@4=1;4@7=1;5@7=1;5@8=1;7@9=1,"9,4,7,8",7,7,7,0,1.0,0.4212391072780338,0.6666666666666666,0.05457244061136725,0.0,0.0,0.30000000000000004,0.2603342533111572,Feasible|selected=greedy
363,362,9,5,4,"ADD:0,2;ADD:1,6;ADD:4,4;ADD:5,3;ADD:7,7;REMOVE:1,9;REMOVE:4,7;REMOVE:5,8;REMOVE:7,9",0:-;1:9;2:-;3:-;4:7;5:8;6:-;7:9;8:-;9:-,0:2;1:6;2:-;3:-;4:4;5:3;6:-;7:7;8:-;9:-,0@2=1;1@1=1;1@6=1;4@4=1;5@3=1;7@6=1;7@4=1;7@3=1,"2,1,6,4,3",8,8,8,0,1.0,0.5498079610186422,1.0,0.049807961018642065,0.0,0.0,0.5,0.28587889671325684,Feasible|selected=greedy
364,363,8,3,5,"ADD:0,3;ADD:1,2;ADD:7,1;REMOVE:0,2;REMOVE:1,6;REMOVE:4,4;REMOVE:5,3;REMOVE:7,7",0:2;1:6;2:-;3:-;4:4;5:3;6:-;7:7;8:-;9:-,0:3;1:2;2:-;3:-;4:-;5:-;6:-;7:1;8:-;9:-,0@3=1;1@2=1;7@1=1,"3,2,1",3,3,3,0,1.0,0.7868411232938484,1.0,0.0868411232938484,0.0,0.0,0.30000000000000004,0.22369694709777832,Feasible|selected=greedy
365,364,6,3,3,"ADD:1,4;ADD:4,2;ADD:7,2;REMOVE:0,3;REMOVE:1,2;REMOVE:7,1",0:3;1:2;2:-;3:-;4:-;5:-;6:-;7:1;8:-;9:-,0:-;1:4;2:-;3:-;4:2;5:-;6:-;7:2;8:-;9:-,1@4=1;4@2=1;7@2=1,"4,2",3,3,3,0,1.0,0.8018568908658501,1.0,0.10185689086585015,0.0,0.0,0.30000000000000004,0.21766090393066406,Feasible|selected=greedy
366,365,5,2,3,"ADD:1,9;ADD:7,1;REMOVE:1,4;REMOVE:4,2;REMOVE:7,2",0:-;1:4;2:-;3:-;4:2;5:-;6:-;7:2;8:-;9:-,0:-;1:9;2:-;3:-;4:-;5:-;6:-;7:1;8:-;9:-,1@9=1;7@1=1,"9,1",2,2,2,0,1.0,0.9078045036444446,1.0,0.10780450364444465,0.0,0.0,0.2,0.20747709274291992,Feasible|selected=greedy
367,366,6,4,2,"ADD:1,6;ADD:5,4;ADD:6,0;ADD:7,8;REMOVE:1,9;REMOVE:7,1",0:-;1:9;2:-;3:-;4:-;5:-;6:-;7:1;8:-;9:-,0:-;1:6;2:-;3:-;4:-;5:4;6:0;7:8;8:-;9:-,1@6=1;5@4=1;6@0=1;7@6=1;7@1=1;7@5=4,"6,4,0,1,5",9,6,6,0,1.0,0.633331045481459,1.0,0.03333104548145901,0.0,0.0,0.4,0.2607150077819824,Feasible|selected=greedy
368,367,7,3,4,"ADD:1,9;ADD:4,2;ADD:7,2;REMOVE:1,6;REMOVE:5,4;REMOVE:6,0;REMOVE:7,8",0:-;1:6;2:-;3:-;4:-;5:4;6:0;7:8;8:-;9:-,0:-;1:9;2:-;3:-;4:2;5:-;6:-;7:2;8:-;9:-,1@2=1;1@9=1;4@2=1;7@2=1;7@0=1;7@4=1,"2,9,0,4",6,6,6,0,1.0,0.7577892234312453,1.0,0.05778922343124531,0.0,0.0,0.30000000000000004,0.25823068618774414,Feasible|selected=greedy
369,368,1,0,1,"REMOVE:4,2",0:-;1:9;2:-;3:-;4:2;5:-;6:-;7:2;8:-;9:-,0:-;1:9;2:-;3:-;4:-;5:-;6:-;7:2;8:-;9:-,1@9=2;7@0=1;7@2=1;7@3=1;7@4=1,"9,0,2,3,4",6,5,5,0,1.0,0.3889412619525929,0.3333333333333333,0.05560792861925956,0.0,0.0,0.0,0.23448491096496582,Feasible|selected=greedy
370,369,3,1,2,"ADD:1,8;REMOVE:1,9;REMOVE:7,2",0:-;1:9;2:-;3:-;4:-;5:-;6:-;7:2;8:-;9:-,0:-;1:8;2:-;3:-;4:-;5:-;6:-;7:-;8:-;9:-,1@5=1;1@6=1;1@7=1;1@8=1,"5,6,7,8",4,4,4,0,1.0,0.9213585493245274,1.0,0.02135854932452743,0.0,0.0,0.1,0.22251391410827637,Feasible|selected=greedy
371,370,5,4,1,"ADD:2,3;ADD:3,6;ADD:4,7;ADD:8,2;REMOVE:1,8",0:-;1:8;2:-;3:-;4:-;5:-;6:-;7:-;8:-;9:-,0:-;1:-;2:3;3:6;4:7;5:-;6:-;7:-;8:2;9:-,2@2=1;2@3=1;3@6=1;4@7=1;8@2=1,"2,3,6,7",5,5,5,0,1.0,0.670791650409914,1.0,0.07079165040991396,0.0,0.0,0.4,0.25522708892822266,Feasible|selected=greedy
372,371,7,3,4,"ADD:2,1;ADD:4,1;ADD:7,7;REMOVE:2,3;REMOVE:3,6;REMOVE:4,7;REMOVE:8,2",0:-;1:-;2:3;3:6;4:7;5:-;6:-;7:-;8:2;9:-,0:-;1:-;2:1;3:-;4:1;5:-;6:-;7:7;8:-;9:-,2@1=1;4@1=1;7@3=1;7@8=1,"1,3,8",4,4,4,0,1.0,0.7499049139162257,1.0,0.04990491391622573,0.0,0.0,0.30000000000000004,0.22730588912963867,Feasible|selected=greedy
373,372,8,5,3,"ADD:2,4;ADD:3,8;ADD:4,7;ADD:5,3;ADD:7,2;REMOVE:2,1;REMOVE:4,1;REMOVE:7,7",0:-;1:-;2:1;3:-;4:1;5:-;6:-;7:7;8:-;9:-,0:-;1:-;2:4;3:8;4:7;5:3;6:-;7:2;8:-;9:-,2@4=1;3@2=1;3@8=1;4@4=1;4@0=1;4@1=1;5@3=1;7@2=1,"4,2,8,0,1,3",8,8,8,0,1.0,0.5499988879297499,1.0,0.04999888792975001,0.0,0.0,0.5,0.3005650043487549,Feasible|selected=greedy
374,373,10,5,5,"ADD:1,2;ADD:2,8;ADD:5,9;ADD:6,1;ADD:7,3;REMOVE:2,4;REMOVE:3,8;REMOVE:4,7;REMOVE:5,3;REMOVE:7,2",0:-;1:-;2:4;3:8;4:7;5:3;6:-;7:2;8:-;9:-,0:-;1:2;2:8;3:-;4:-;5:9;6:1;7:3;8:-;9:-,1@2=1;2@5=1;2@7=1;5@1=1;5@9=1;6@1=1;7@1=1;7@3=1,"2,5,7,1,9,3",8,8,8,0,1.0,0.5484941928967306,1.0,0.04849419289673066,0.0,0.0,0.5,0.27895569801330566,Feasible|selected=greedy
375,374,8,3,5,"ADD:3,3;ADD:4,6;ADD:7,4;REMOVE:1,2;REMOVE:2,8;REMOVE:5,9;REMOVE:6,1;REMOVE:7,3",0:-;1:2;2:8;3:-;4:-;5:9;6:1;7:3;8:-;9:-,0:-;1:-;2:-;3:3;4:6;5:-;6:-;7:4;8:-;9:-,3@3=1;4@6=1;7@4=1,"3,6,4",3,3,3,0,1.0,0.7889363367282984,1.0,0.08893633672829851,0.0,0.0,0.30000000000000004,0.22376394271850586,Feasible|selected=greedy
376,375,7,4,3,"ADD:1,7;ADD:4,8;ADD:5,3;ADD:7,8;REMOVE:3,3;REMOVE:4,6;REMOVE:7,4",0:-;1:-;2:-;3:3;4:6;5:-;6:-;7:4;8:-;9:-,0:-;1:7;2:-;3:-;4:8;5:3;6:-;7:8;8:-;9:-,1@0=1;1@8=1;1@9=1;4@8=1;4@2=3;5@3=1;7@8=1;7@2=3;7@1=1;7@5=1,"0,8,9,2,3,1,5",14,10,10,0,1.0,0.6233344463142171,1.0,0.023334446314216998,0.0,0.0,0.4,0.3151969909667969,Feasible|selected=greedy
377,376,7,3,4,"ADD:1,1;ADD:4,7;ADD:7,2;REMOVE:1,7;REMOVE:4,8;REMOVE:5,3;REMOVE:7,8",0:-;1:7;2:-;3:-;4:8;5:3;6:-;7:8;8:-;9:-,0:-;1:1;2:-;3:-;4:7;5:-;6:-;7:2;8:-;9:-,1@1=1;4@0=1;4@4=1;7@2=1,"1,0,4,2",4,4,4,0,1.0,0.7535144160619152,1.0,0.053514416061915246,0.0,0.0,0.30000000000000004,0.21225905418395996,Feasible|selected=greedy
378,377,9,6,3,"ADD:0,9;ADD:1,4;ADD:4,9;ADD:5,1;ADD:6,7;ADD:7,7;REMOVE:1,1;REMOVE:4,7;REMOVE:7,2",0:-;1:1;2:-;3:-;4:7;5:-;6:-;7:2;8:-;9:-,0:9;1:4;2:-;3:-;4:9;5:1;6:7;7:7;8:-;9:-,0@9=1;1@4=1;4@9=1;5@1=1;6@7=1;7@0=1;7@6=1;7@8=1,"9,4,1,7,0,6,8",8,8,8,0,1.0,0.4621968352245026,1.0,0.06219683522450261,0.0,0.0,0.6,0.3123002052307129,Feasible|selected=greedy
379,378,11,5,6,"ADD:1,8;ADD:4,8;ADD:5,7;ADD:6,0;ADD:7,0;REMOVE:0,9;REMOVE:1,4;REMOVE:4,9;REMOVE:5,1;REMOVE:6,7;REMOVE:7,7",0:9;1:4;2:-;3:-;4:9;5:1;6:7;7:7;8:-;9:-,0:-;1:8;2:-;3:-;4:8;5:7;6:0;7:0;8:-;9:-,1@7=1;1@8=1;4@8=1;5@8=1;5@0=1;6@0=1;7@0=1,"7,8,0",7,7,7,0,1.0,0.559792180121256,1.0,0.059792180121256006,0.0,0.0,0.5,0.22529816627502441,Feasible|selected=greedy
380,379,8,3,5,"ADD:1,7;ADD:4,3;ADD:7,8;REMOVE:1,8;REMOVE:4,8;REMOVE:5,7;REMOVE:6,0;REMOVE:7,0",0:-;1:8;2:-;3:-;4:8;5:7;6:0;7:0;8:-;9:-,0:-;1:7;2:-;3:-;4:3;5:-;6:-;7:8;8:-;9:-,1@2=2;1@7=1;4@2=1;4@1=1;4@3=2;7@2=2;7@4=1;7@5=1;7@8=1,"2,7,1,3,4,5,8",12,9,9,0,1.0,0.7361627919608207,1.0,0.03616279196082072,0.0,0.0,0.30000000000000004,0.287611722946167,Feasible|selected=greedy
381,380,5,2,3,"ADD:4,7;ADD:7,9;REMOVE:1,7;REMOVE:4,3;REMOVE:7,8",0:-;1:7;2:-;3:-;4:3;5:-;6:-;7:8;8:-;9:-,0:-;1:-;2:-;3:-;4:7;5:-;6:-;7:9;8:-;9:-,4@3=1;4@6=1;4@8=1;7@9=1,"3,6,8,9",4,4,4,0,1.0,0.8298665219115391,1.0,0.02986652191153908,0.0,0.0,0.2,0.21596503257751465,Feasible|selected=greedy
382,381,6,4,2,"ADD:1,6;ADD:4,2;ADD:5,8;ADD:7,7;REMOVE:4,7;REMOVE:7,9",0:-;1:-;2:-;3:-;4:7;5:-;6:-;7:9;8:-;9:-,0:-;1:6;2:-;3:-;4:2;5:8;6:-;7:7;8:-;9:-,1@6=1;4@2=1;4@4=3;4@5=1;5@8=2;7@2=1;7@4=1;7@7=1,"6,2,4,5,8,7",11,8,8,0,1.0,0.6461922568191035,1.0,0.04619225681910356,0.0,0.0,0.4,0.2963888645172119,Feasible|selected=greedy
383,382,9,5,4,"ADD:1,7;ADD:2,9;ADD:4,8;ADD:5,3;ADD:7,2;REMOVE:1,6;REMOVE:4,2;REMOVE:5,8;REMOVE:7,7",0:-;1:6;2:-;3:-;4:2;5:8;6:-;7:7;8:-;9:-,0:-;1:7;2:9;3:-;4:8;5:3;6:-;7:2;8:-;9:-,1@1=2;1@2=1;1@3=1;1@4=1;1@8=1;2@9=1;4@5=1;4@6=1;5@1=1;5@3=1;7@2=1;7@4=2;7@5=1;7@7=1,"1,2,3,4,8,9,5,6,7",16,14,14,0,1.0,0.5208329278977444,1.0,0.020832927897744297,0.0,0.0,0.5,0.3762350082397461,Feasible|selected=greedy
384,383,9,4,5,"ADD:1,1;ADD:4,2;ADD:6,2;ADD:7,1;REMOVE:1,7;REMOVE:2,9;REMOVE:4,8;REMOVE:5,3;REMOVE:7,2",0:-;1:7;2:9;3:-;4:8;5:3;6:-;7:2;8:-;9:-,0:-;1:1;2:-;3:-;4:2;5:-;6:2;7:1;8:-;9:-,1@1=1;4@2=1;6@2=1;7@1=1,"1,2",4,4,4,0,1.0,0.6926511469848798,1.0,0.09265114698487983,0.0,0.0,0.4,0.20317316055297852,Feasible|selected=greedy
385,384,7,3,4,"ADD:1,8;ADD:4,8;ADD:7,5;REMOVE:1,1;REMOVE:4,2;REMOVE:6,2;REMOVE:7,1",0:-;1:1;2:-;3:-;4:2;5:-;6:2;7:1;8:-;9:-,0:-;1:8;2:-;3:-;4:8;5:-;6:-;7:5;8:-;9:-,1@5=1;1@7=1;4@5=1;4@1=1;4@2=1;4@6=1;7@5=1,"5,7,1,2,6",7,7,7,0,1.0,0.7124070246531642,1.0,0.012407024653164199,0.0,0.0,0.30000000000000004,0.23868584632873535,Feasible|selected=greedy
386,385,7,4,3,"ADD:4,0;ADD:5,8;ADD:6,2;ADD:7,2;REMOVE:1,8;REMOVE:4,8;REMOVE:7,5",0:-;1:8;2:-;3:-;4:8;5:-;6:-;7:5;8:-;9:-,0:-;1:-;2:-;3:-;4:0;5:8;6:2;7:2;8:-;9:-,4@0=1;5@1=1;5@4=1;6@2=1;7@2=1,"0,1,4,2",5,5,5,0,1.0,0.6633409834632836,1.0,0.06334098346328369,0.0,0.0,0.4,0.24537968635559082,Feasible|selected=greedy
387,386,10,6,4,"ADD:1,7;ADD:2,2;ADD:4,7;ADD:5,6;ADD:6,5;ADD:7,7;REMOVE:4,0;REMOVE:5,8;REMOVE:6,2;REMOVE:7,2",0:-;1:-;2:-;3:-;4:0;5:8;6:2;7:2;8:-;9:-,0:-;1:7;2:2;3:-;4:7;5:6;6:5;7:7;8:-;9:-,1@1=1;1@4=1;1@9=1;2@4=1;2@0=1;2@2=1;2@3=1;4@4=1;4@9=2;5@6=1;6@5=1;7@4=1;7@2=1;7@7=1,"1,4,9,0,2,3,6,5,7",15,14,14,0,1.0,0.4264756319219186,1.0,0.026475631921918683,0.0,0.0,0.6,0.35993528366088867,Feasible|selected=greedy
388,387,9,4,5,"ADD:2,8;ADD:3,2;ADD:5,2;ADD:7,2;REMOVE:1,7;REMOVE:2,2;REMOVE:5,6;REMOVE:6,5;REMOVE:7,7",0:-;1:7;2:2;3:-;4:7;5:6;6:5;7:7;8:-;9:-,0:-;1:-;2:8;3:2;4:7;5:2;6:-;7:2;8:-;9:-,2@2=1;2@4=1;2@6=1;2@8=1;3@2=1;4@7=1;5@2=1;7@2=1;7@4=1;7@9=1,"2,4,6,8,7,9",10,10,10,0,1.0,0.4811051697866613,0.8333333333333334,0.0477718364533279,0.0,0.0,0.4,0.30292510986328125,Feasible|selected=greedy
389,388,7,2,5,"ADD:4,8;ADD:5,4;REMOVE:2,8;REMOVE:3,2;REMOVE:4,7;REMOVE:5,2;REMOVE:7,2",0:-;1:-;2:8;3:2;4:7;5:2;6:-;7:2;8:-;9:-,0:-;1:-;2:-;3:-;4:8;5:4;6:-;7:-;8:-;9:-,4@1=2;4@2=1;4@4=2;4@6=1;5@4=1,"1,2,4,6",7,5,5,0,1.0,0.815184529926835,1.0,0.015184529926834979,0.0,0.0,0.2,0.23891401290893555,Feasible|selected=greedy
390,389,3,2,1,"ADD:4,7;ADD:6,7;REMOVE:4,8",0:-;1:-;2:-;3:-;4:8;5:4;6:-;7:-;8:-;9:-,0:-;1:-;2:-;3:-;4:7;5:4;6:7;7:-;8:-;9:-,4@0=1;4@4=1;4@8=1;5@4=1;6@4=1;6@3=1;6@9=1,"0,4,8,3,9",7,7,7,0,1.0,0.31187731695254145,0.5,0.011877316952541512,0.0,0.0,0.2,0.3363158702850342,Feasible|selected=greedy
391,390,3,2,1,"ADD:5,2;ADD:7,2;REMOVE:5,4",0:-;1:-;2:-;3:-;4:7;5:4;6:7;7:-;8:-;9:-,0:-;1:-;2:-;3:-;4:7;5:2;6:7;7:2;8:-;9:-,4@4=3;4@6=1;4@7=1;4@9=1;5@2=2;6@7=1;6@2=1;6@3=1;7@4=1;7@7=1;7@2=1;7@5=1,"4,6,7,9,2,3,5",15,12,12,0,1.0,0.1686192772458746,0.3333333333333333,0.03528594391254129,0.0,0.0,0.2,0.4269680976867676,Feasible|selected=greedy
392,391,5,1,4,"ADD:5,7;REMOVE:4,7;REMOVE:5,2;REMOVE:6,7;REMOVE:7,2",0:-;1:-;2:-;3:-;4:7;5:2;6:7;7:2;8:-;9:-,0:-;1:-;2:-;3:-;4:-;5:7;6:-;7:-;8:-;9:-,5@1=1;5@4=1;5@7=1,"1,4,7",3,3,3,0,1.0,0.9281632067802837,1.0,0.02816320678028371,0.0,0.0,0.1,0.19592666625976562,Feasible|selected=greedy
393,392,4,3,1,"ADD:4,7;ADD:5,2;ADD:7,5;REMOVE:5,7",0:-;1:-;2:-;3:-;4:-;5:7;6:-;7:-;8:-;9:-,0:-;1:-;2:-;3:-;4:7;5:2;6:-;7:5;8:-;9:-,4@1=1;4@7=1;5@2=1;7@5=1,"1,7,2,5",4,4,4,0,1.0,0.7758022999870287,1.0,0.0758022999870287,0.0,0.0,0.30000000000000004,0.23027896881103516,Feasible|selected=greedy
394,393,7,5,2,"ADD:0,2;ADD:4,8;ADD:6,0;ADD:7,7;ADD:7,8;REMOVE:5,2;REMOVE:7,5",0:-;1:-;2:-;3:-;4:7;5:2;6:-;7:5;8:-;9:-,0:2;1:-;2:-;3:-;4:7|8;5:-;6:0;7:7|8;8:-;9:-,0@2=1;4@2=2;4@1=1;4@5=1;4@7=1;4@8=1;4@9=1;6@0=1;7@1=1;7@5=1;7@0=1;7@4=2;7@6=1,"2,1,5,7,8,9,0,4,6",15,13,13,0,1.0,0.19472296437873815,0.6666666666666666,0.02805629771207154,0.0,0.0,0.5,0.3340420722961426,Feasible|selected=greedy
395,394,8,3,5,"ADD:4,6;ADD:5,5;ADD:6,4;REMOVE:0,2;REMOVE:4,7;REMOVE:4,8;REMOVE:6,0;REMOVE:7,8",0:2;1:-;2:-;3:-;4:7|8;5:-;6:0;7:7|8;8:-;9:-,0:-;1:-;2:-;3:-;4:6;5:5;6:4;7:7;8:-;9:-,4@1=1;4@6=1;5@5=1;6@4=1;7@6=1;7@4=1;7@0=3;7@7=1,"1,6,5,4,0,7",10,8,8,0,1.0,0.5734435112968694,0.8333333333333334,0.040110177963536164,0.0,0.0,0.30000000000000004,0.2528049945831299,Feasible|selected=greedy
396,395,7,4,3,"ADD:4,7;ADD:5,2;ADD:6,3;ADD:8,7;REMOVE:4,6;REMOVE:5,5;REMOVE:6,4",0:-;1:-;2:-;3:-;4:6;5:5;6:4;7:7;8:-;9:-,0:-;1:-;2:-;3:-;4:7;5:2;6:3;7:7;8:7;9:-,4@2=1;4@4=2;4@7=1;5@2=1;6@2=1;6@1=2;6@3=1;7@2=1;7@4=1;7@1=1;7@9=1;8@7=1,"2,4,7,1,3,9",14,12,12,0,1.0,0.3775238080617278,0.75,0.027523808061727866,0.0,0.0,0.4,0.3328719139099121,Feasible|selected=greedy
397,396,7,3,4,"ADD:3,2;ADD:6,7;ADD:7,4;REMOVE:5,2;REMOVE:6,3;REMOVE:7,7;REMOVE:8,7",0:-;1:-;2:-;3:-;4:7;5:2;6:3;7:7;8:7;9:-,0:-;1:-;2:-;3:2;4:7;5:-;6:7;7:4;8:-;9:-,3@2=1;4@6=1;4@7=1;6@0=1;6@4=1;6@9=1;7@4=2,"2,6,7,0,4,9",8,7,7,0,1.0,0.5519894354643722,0.8,0.05198943546437216,0.0,0.0,0.30000000000000004,0.25710606575012207,Feasible|selected=greedy
398,397,7,4,3,"ADD:2,6;ADD:4,8;ADD:5,7;ADD:7,8;REMOVE:3,2;REMOVE:4,7;REMOVE:7,4",0:-;1:-;2:-;3:2;4:7;5:-;6:7;7:4;8:-;9:-,0:-;1:-;2:6;3:-;4:8;5:7;6:7;7:8;8:-;9:-,2@6=1;4@6=1;4@5=1;5@7=1;6@3=1;6@4=1;7@4=1;7@1=1,"6,5,7,3,4,1",8,8,8,0,1.0,0.37603352327921036,0.75,0.026033523279210345,0.0,0.0,0.4,0.3083791732788086,Feasible|selected=greedy
399,398,8,3,5,"ADD:4,2;ADD:6,8;ADD:7,9;REMOVE:2,6;REMOVE:4,8;REMOVE:5,7;REMOVE:6,7;REMOVE:7,8",0:-;1:-;2:6;3:-;4:8;5:7;6:7;7:8;8:-;9:-,0:-;1:-;2:-;3:-;4:2;5:-;6:8;7:9;8:-;9:-,4@0=1;4@2=1;6@1=1;6@5=1;7@2=1;7@1=1,"0,2,1,5",6,6,6,0,1.0,0.7137407325829044,1.0,0.013740732582904532,0.0,0.0,0.30000000000000004,0.23448514938354492,Feasible|selected=greedy
400,399,4,2,2,"ADD:4,7;ADD:5,6;REMOVE:6,8;REMOVE:7,9",0:-;1:-;2:-;3:-;4:2;5:-;6:8;7:9;8:-;9:-,0:-;1:-;2:-;3:-;4:2|7;5:6;6:-;7:-;8:-;9:-,4@0=1;4@1=2;4@2=1;4@5=1;4@7=1;5@6=2,"0,1,2,5,7,6",8,6,6,0,1.0,0.5154740044619017,0.6666666666666666,0.048807337795235106,0.0,0.0,0.2,0.25438380241394043,Feasible|selected=greedy
401,400,7,4,3,"ADD:4,3;ADD:5,8;ADD:6,4;ADD:7,9;REMOVE:4,2;REMOVE:4,7;REMOVE:5,6",0:-;1:-;2:-;3:-;4:2|7;5:6;6:-;7:-;8:-;9:-,0:-;1:-;2:-;3:-;4:3;5:8;6:4;7:9;8:-;9:-,4@3=1;5@4=1;5@5=1;6@4=1;7@1=2;7@2=2,"3,4,5,1,2",8,6,6,0,1.0,0.6286844070051577,1.0,0.02868440700515763,0.0,0.0,0.4,0.272813081741333,Feasible|selected=greedy
402,401,7,4,3,"ADD:5,7;ADD:6,6;ADD:7,7;ADD:8,9;REMOVE:5,8;REMOVE:6,4;REMOVE:7,9",0:-;1:-;2:-;3:-;4:3;5:8;6:4;7:9;8:-;9:-,0:-;1:-;2:-;3:-;4:3;5:7;6:6;7:7;8:9;9:-,4@2=1;4@3=2;4@5=1;4@9=1;5@3=1;5@4=1;6@4=1;6@6=1;7@3=1;7@4=1;7@0=1;7@8=1;8@2=1;8@1=1,"2,3,5,9,4,6,0,8,1",15,14,14,0,1.0,0.3676612717235671,0.75,0.017661271723567164,0.0,0.0,0.4,0.42160582542419434,Feasible|selected=greedy
403,402,10,5,5,"ADD:4,2;ADD:4,9;ADD:5,2;ADD:6,8;ADD:7,2;REMOVE:4,3;REMOVE:5,7;REMOVE:6,6;REMOVE:7,7;REMOVE:8,9",0:-;1:-;2:-;3:-;4:3;5:7;6:6;7:7;8:9;9:-,0:-;1:-;2:-;3:-;4:2|9;5:2;6:8;7:2;8:-;9:-,4@1=1;4@2=2;4@4=1;4@5=2;4@9=2;5@2=2;6@1=1;6@4=1;7@2=1;7@4=1;7@9=1;7@0=2;7@8=1,"1,2,4,5,9,0,8",18,13,13,0,1.0,0.5387982615877716,1.0,0.03879826158777165,0.0,0.0,0.5,0.28866004943847656,Feasible|selected=greedy
404,403,8,4,4,"ADD:2,2;ADD:3,4;ADD:4,4;ADD:7,7;REMOVE:4,2;REMOVE:4,9;REMOVE:5,2;REMOVE:7,2",0:-;1:-;2:-;3:-;4:2|9;5:2;6:8;7:2;8:-;9:-,0:-;1:-;2:2;3:4;4:4;5:-;6:8;7:7;8:-;9:-,2@2=1;3@4=1;4@2=2;4@4=1;6@8=1;7@4=1;7@8=1;7@0=1,"2,4,8,0",9,8,8,0,1.0,0.4425251560605665,0.8,0.04252515606056654,0.0,0.0,0.4,0.25716519355773926,Feasible|selected=greedy
405,404,7,3,4,"ADD:6,2;ADD:7,8;ADD:8,0;REMOVE:2,2;REMOVE:3,4;REMOVE:6,8;REMOVE:7,7",0:-;1:-;2:2;3:4;4:4;5:-;6:8;7:7;8:-;9:-,0:-;1:-;2:-;3:-;4:4;5:-;6:2;7:8;8:0;9:-,4@4=1;6@2=1;7@4=1;7@2=1;7@1=1;7@8=1;8@0=1,"4,2,1,8,0",7,7,7,0,1.0,0.5554601228544762,0.8,0.05546012285447621,0.0,0.0,0.30000000000000004,0.2558598518371582,Feasible|selected=greedy
406,405,9,5,4,"ADD:1,5;ADD:4,7;ADD:5,7;ADD:7,9;ADD:8,1;REMOVE:4,4;REMOVE:6,2;REMOVE:7,8;REMOVE:8,0",0:-;1:-;2:-;3:-;4:4;5:-;6:2;7:8;8:0;9:-,0:-;1:5;2:-;3:-;4:7;5:7;6:-;7:9;8:1;9:-,1@5=1;4@7=1;5@7=1;7@9=1;8@1=1,"5,7,9,1",5,5,5,0,1.0,0.5960948642592383,1.0,0.09609486425923819,0.0,0.0,0.5,0.2646620273590088,Feasible|selected=greedy
407,406,11,6,5,"ADD:1,1;ADD:4,5;ADD:5,6;ADD:6,7;ADD:7,7;ADD:8,2;REMOVE:1,5;REMOVE:4,7;REMOVE:5,7;REMOVE:7,9;REMOVE:8,1",0:-;1:5;2:-;3:-;4:7;5:7;6:-;7:9;8:1;9:-,0:-;1:1;2:-;3:-;4:5;5:6;6:7;7:7;8:2;9:-,1@1=1;4@0=1;4@5=1;5@6=1;6@1=1;6@0=1;7@1=1;7@0=2;7@9=1;8@0=1;8@5=1;8@4=1;8@7=1,"1,0,5,6,9,4,7",14,13,13,0,1.0,0.41935634615411377,1.0,0.019356346154113715,0.0,0.0,0.6,0.3423001766204834,Feasible|selected=greedy
408,407,12,7,5,"ADD:1,2;ADD:1,7;ADD:4,7;ADD:5,8;ADD:6,2;ADD:7,3;ADD:8,8;REMOVE:1,1;REMOVE:4,5;REMOVE:5,6;REMOVE:6,7;REMOVE:7,7",0:-;1:1;2:-;3:-;4:5;5:6;6:7;7:7;8:2;9:-,0:-;1:2|7;2:-;3:-;4:7;5:8;6:2;7:3;8:2|8;9:-,1@0=2;1@1=1;1@2=2;1@4=1;1@5=1;1@6=1;1@7=2;1@9=1;4@0=1;4@1=2;4@3=1;4@8=1;5@1=3;5@2=1;5@6=1;5@8=1;6@2=1;7@1=1;7@3=1;8@1=1;8@2=1;8@5=1;8@9=1;8@8=1,"0,1,2,4,5,6,7,9,3,8",30,24,24,0,1.0,0.16350825418101567,0.8333333333333334,0.03017492084768224,0.0,0.0,0.7,0.40184903144836426,Feasible|selected=greedy
409,408,12,7,5,"ADD:0,8;ADD:0,9;ADD:3,4;ADD:4,2;ADD:5,4;ADD:6,7;ADD:7,2;REMOVE:1,2;REMOVE:4,7;REMOVE:5,8;REMOVE:6,2;REMOVE:7,3",0:-;1:2|7;2:-;3:-;4:7;5:8;6:2;7:3;8:2|8;9:-,0:8|9;1:7;2:-;3:4;4:2;5:4;6:7;7:2;8:2|8;9:-,0@1=1;0@4=1;0@5=1;0@9=1;1@4=2;1@9=1;1@2=2;1@6=1;1@7=1;1@8=1;3@4=1;3@2=1;4@4=1;4@5=1;4@9=1;4@2=2;4@0=1;5@4=1;6@9=2;6@0=3;7@5=1;7@9=1;7@2=2;7@7=1;7@8=1;7@3=2;8@4=2;8@5=1;8@2=4;8@6=1;8@8=1;8@0=1;8@3=1,"1,4,5,9,2,6,7,8,0,3",45,33,33,0,1.0,-0.044267804231234,0.625,0.030732195768765992,0.0,0.0,0.7,0.4887828826904297,Feasible|selected=greedy
410,409,14,7,7,"ADD:1,2;ADD:2,1;ADD:4,8;ADD:5,7;ADD:6,6;ADD:7,7;ADD:7,8;REMOVE:0,9;REMOVE:3,4;REMOVE:4,2;REMOVE:5,4;REMOVE:6,7;REMOVE:7,2;REMOVE:8,8",0:8|9;1:7;2:-;3:4;4:2;5:4;6:7;7:2;8:2|8;9:-,0:8;1:2|7;2:1;3:-;4:8;5:7;6:6;7:7|8;8:2;9:-,0@1=1;0@2=2;0@4=1;0@5=1;0@7=1;1@1=1;1@2=1;1@5=1;1@7=1;1@0=1;1@3=1;1@6=2;1@8=2;1@9=1;2@1=1;4@4=3;4@8=2;5@2=4;5@4=1;5@7=1;5@6=1;5@9=2;6@6=1;7@1=3;7@4=3;7@5=2;7@0=1;7@8=1;7@9=1;8@2=3;8@4=2;8@3=1;8@8=3;8@9=1,"1,2,4,5,7,0,3,6,8,9",54,34,34,0,1.0,0.019582934446388922,0.7,0.019582934446388953,0.0,0.0,0.7,0.4744079113006592,Feasible|selected=greedy
411,410,16,7,9,"ADD:1,5;ADD:1,8;ADD:3,7;ADD:4,7;ADD:5,2;ADD:7,2;ADD:8,9;REMOVE:0,8;REMOVE:1,2;REMOVE:1,7;REMOVE:2,1;REMOVE:4,8;REMOVE:5,7;REMOVE:6,6;REMOVE:7,7;REMOVE:8,2",0:8;1:2|7;2:1;3:-;4:8;5:7;6:6;7:7|8;8:2;9:-,0:-;1:5|8;2:-;3:7;4:7;5:2;6:-;7:2|8;8:9;9:-,1@0=2;1@4=1;1@5=3;1@8=1;3@7=1;4@7=1;4@1=2;4@3=1;5@0=1;5@4=3;5@5=1;5@2=1;7@4=2;7@5=1;7@8=1;7@1=2;7@3=2;7@2=1;7@9=1;8@7=2;8@1=1;8@2=1;8@9=1,"0,4,5,8,7,1,3,2,9",33,23,23,0,1.0,0.23139819502199033,0.9,0.03139819502199029,0.0,0.0,0.7,0.3984670639038086,Feasible|selected=greedy
412,411,10,3,7,"ADD:1,6;ADD:3,4;ADD:7,4;REMOVE:1,5;REMOVE:1,8;REMOVE:3,7;REMOVE:5,2;REMOVE:7,2;REMOVE:7,8;REMOVE:8,9",0:-;1:5|8;2:-;3:7;4:7;5:2;6:-;7:2|8;8:9;9:-,0:-;1:6;2:-;3:4;4:7;5:-;6:-;7:4;8:-;9:-,1@6=1;3@4=1;4@1=2;4@2=1;4@3=1;4@8=1;7@4=1;7@2=1,"6,4,1,2,3,8",9,8,8,0,1.0,0.6064650759715607,0.875,0.03146507597156078,0.0,0.0,0.30000000000000004,0.2490699291229248,Feasible|selected=greedy
413,412,8,4,4,"ADD:1,1;ADD:4,1;ADD:7,9;ADD:8,8;REMOVE:1,6;REMOVE:3,4;REMOVE:4,7;REMOVE:7,4",0:-;1:6;2:-;3:4;4:7;5:-;6:-;7:4;8:-;9:-,0:-;1:1;2:-;3:-;4:1;5:-;6:-;7:9;8:8;9:-,1@1=1;4@1=1;7@2=1;7@9=1;8@8=1,"1,2,9,8",5,5,5,0,1.0,0.6810401441013131,1.0,0.08104014410131316,0.0,0.0,0.4,0.2237851619720459,Feasible|selected=greedy
414,413,9,5,4,"ADD:1,7;ADD:4,9;ADD:5,2;ADD:7,8;ADD:8,7;REMOVE:1,1;REMOVE:4,1;REMOVE:7,9;REMOVE:8,8",0:-;1:1;2:-;3:-;4:1;5:-;6:-;7:9;8:8;9:-,0:-;1:7;2:-;3:-;4:9;5:2;6:-;7:8;8:7;9:-,1@0=1;1@4=1;1@7=1;4@2=2;4@6=1;5@2=1;7@4=1;7@5=1;8@4=2;8@9=1,"0,4,7,2,6,5,9",12,10,10,0,1.0,0.516059591947287,1.0,0.01605959194728698,0.0,0.0,0.5,0.3004648685455322,Feasible|selected=greedy
415,414,10,5,5,"ADD:4,7;ADD:5,1;ADD:6,8;ADD:7,9;ADD:8,9;REMOVE:1,7;REMOVE:4,9;REMOVE:5,2;REMOVE:7,8;REMOVE:8,7",0:-;1:7;2:-;3:-;4:9;5:2;6:-;7:8;8:7;9:-,0:-;1:-;2:-;3:-;4:7;5:1;6:8;7:9;8:9;9:-,4@0=1;4@3=1;4@6=1;4@7=1;4@9=1;5@1=1;6@8=1;7@7=2;7@9=1;7@2=2;8@6=1;8@7=1;8@9=1,"0,3,6,7,9,1,8,2",15,13,13,0,1.0,0.5344527057046939,1.0,0.03445270570469384,0.0,0.0,0.5,0.31148195266723633,Feasible|selected=greedy
416,415,10,5,5,"ADD:4,2;ADD:5,8;ADD:6,1;ADD:7,7;ADD:8,1;REMOVE:4,7;REMOVE:5,1;REMOVE:6,8;REMOVE:7,9;REMOVE:8,9",0:-;1:-;2:-;3:-;4:7;5:1;6:8;7:9;8:9;9:-,0:-;1:-;2:-;3:-;4:2;5:8;6:1;7:7;8:1;9:-,4@2=1;5@1=1;5@4=1;6@1=1;7@4=2;7@0=1;7@8=1;7@9=1;8@1=2,"2,1,4,0,8,9",11,9,9,0,1.0,0.5374657936931029,1.0,0.03746579369310298,0.0,0.0,0.5,0.26342201232910156,Feasible|selected=greedy
417,416,10,5,5,"ADD:1,1;ADD:4,7;ADD:5,7;ADD:7,2;ADD:8,7;REMOVE:4,2;REMOVE:5,8;REMOVE:6,1;REMOVE:7,7;REMOVE:8,1",0:-;1:-;2:-;3:-;4:2;5:8;6:1;7:7;8:1;9:-,0:-;1:1;2:-;3:-;4:7;5:7;6:-;7:2;8:7;9:-,1@1=1;4@1=1;4@2=1;4@4=2;4@8=1;4@9=1;5@0=1;5@7=1;7@2=1;8@4=2;8@9=1;8@0=1;8@7=1;8@6=1,"1,2,4,8,9,0,7,6",16,14,14,0,1.0,0.5247897002869968,1.0,0.0247897002869967,0.0,0.0,0.5,0.34856605529785156,Feasible|selected=greedy
418,417,6,1,5,"ADD:7,0;REMOVE:1,1;REMOVE:4,7;REMOVE:5,7;REMOVE:7,2;REMOVE:8,7",0:-;1:1;2:-;3:-;4:7;5:7;6:-;7:2;8:7;9:-,0:-;1:-;2:-;3:-;4:-;5:-;6:-;7:0;8:-;9:-,7@0=1,0,1,1,1,0,1.0,1.0023683082259744,1.0,0.1023683082259745,0.0,0.0,0.1,0.16089606285095215,Feasible|selected=greedy
419,418,9,8,1,"ADD:0,8;ADD:1,2;ADD:2,9;ADD:4,2;ADD:5,2;ADD:6,3;ADD:7,7;ADD:8,7;REMOVE:7,0",0:-;1:-;2:-;3:-;4:-;5:-;6:-;7:0;8:-;9:-,0:8;1:2;2:9;3:-;4:2;5:2;6:3;7:7;8:7;9:-,0@8=2;1@8=1;1@4=1;1@5=1;1@9=1;2@9=2;2@2=1;4@2=3;5@4=1;5@2=1;5@0=1;5@3=1;6@2=1;6@3=1;6@1=1;7@8=1;7@9=1;7@0=1;7@1=2;7@6=1;7@7=1;8@9=1;8@0=1;8@3=1;8@1=2;8@7=2,"8,4,5,9,2,0,3,1,6,7",33,26,26,0,1.0,0.23593780637491524,1.0,0.03593780637491513,0.0,0.0,0.7999999999999999,0.5636899471282959,Feasible|selected=greedy
420,419,11,3,8,"ADD:4,8;ADD:7,2;ADD:8,2;REMOVE:0,8;REMOVE:1,2;REMOVE:2,9;REMOVE:4,2;REMOVE:5,2;REMOVE:6,3;REMOVE:7,7;REMOVE:8,7",0:8;1:2;2:9;3:-;4:2;5:2;6:3;7:7;8:7;9:-,0:-;1:-;2:-;3:-;4:8;5:-;6:-;7:2;8:2;9:-,4@4=1;4@5=2;7@4=1;7@0=1;7@2=1;7@3=1;8@4=2;8@2=1;8@9=1,"4,5,0,2,3,9",11,9,9,0,1.0,0.7170516359353065,1.0,0.017051635935306522,0.0,0.0,0.30000000000000004,0.2579982280731201,Feasible|selected=greedy
421,420,8,6,2,"ADD:1,8;ADD:2,7;ADD:4,9;ADD:5,9;ADD:7,8;ADD:8,3;REMOVE:7,2;REMOVE:8,2",0:-;1:-;2:-;3:-;4:8;5:-;6:-;7:2;8:2;9:-,0:-;1:8;2:7;3:-;4:8|9;5:9;6:-;7:8;8:3;9:-,1@1=1;1@4=2;2@1=2;2@0=2;2@2=1;2@6=1;4@1=1;4@2=1;4@6=1;4@8=1;4@9=1;5@2=1;5@6=1;7@1=1;7@8=1;7@5=1;8@2=2;8@3=1,"1,4,0,2,6,8,9,5,3",22,18,18,0,1.0,0.08613804021877824,0.6666666666666666,0.01947137355211155,0.0,0.0,0.6,0.38525390625,Feasible|selected=greedy
422,421,11,5,6,"ADD:4,4;ADD:5,8;ADD:7,5;ADD:7,9;ADD:8,6;REMOVE:1,8;REMOVE:4,8;REMOVE:4,9;REMOVE:5,9;REMOVE:7,8;REMOVE:8,3",0:-;1:8;2:7;3:-;4:8|9;5:9;6:-;7:8;8:3;9:-,0:-;1:-;2:7;3:-;4:4;5:8;6:-;7:5|9;8:6;9:-,2@0=1;2@1=1;2@7=1;4@4=1;5@1=2;5@8=2;7@5=1;7@9=1;8@4=1;8@6=1,"0,1,7,4,8,5,9,6",12,10,10,0,1.0,0.41577131809693235,0.8571428571428571,0.058628460954075236,0.0,0.0,0.5,0.28967785835266113,Feasible|selected=greedy
423,422,11,5,6,"ADD:2,9;ADD:4,3;ADD:5,2;ADD:7,8;ADD:8,7;REMOVE:2,7;REMOVE:4,4;REMOVE:5,8;REMOVE:7,5;REMOVE:7,9;REMOVE:8,6",0:-;1:-;2:7;3:-;4:4;5:8;6:-;7:5|9;8:6;9:-,0:-;1:-;2:9;3:-;4:3;5:2;6:-;7:8;8:7;9:-,2@1=1;2@2=1;2@9=1;4@1=1;4@3=1;5@2=1;5@3=2;5@8=1;7@2=2;7@4=1;7@5=1;7@6=1;7@7=1;8@9=1;8@4=1,"1,2,9,3,8,4,5,6,7",17,15,15,0,1.0,0.5176448525104258,1.0,0.01764485251042583,0.0,0.0,0.5,0.3317282199859619,Feasible|selected=greedy
424,423,9,4,5,"ADD:3,3;ADD:4,7;ADD:7,7;ADD:8,4;REMOVE:2,9;REMOVE:4,3;REMOVE:5,2;REMOVE:7,8;REMOVE:8,7",0:-;1:-;2:9;3:-;4:3;5:2;6:-;7:8;8:7;9:-,0:-;1:-;2:-;3:3;4:7;5:-;6:-;7:7;8:4;9:-,3@3=1;4@3=1;4@4=2;4@9=1;7@3=1;7@4=1;7@1=2;7@6=1;7@7=1;8@4=2,"3,4,9,1,6,7",13,10,10,0,1.0,0.6354176132530415,1.0,0.035417613253041554,0.0,0.0,0.4,0.26376771926879883,Feasible|selected=greedy
425,424,10,6,4,"ADD:4,2;ADD:4,9;ADD:5,5;ADD:7,9;ADD:8,2;ADD:8,7;REMOVE:3,3;REMOVE:4,7;REMOVE:7,7;REMOVE:8,4",0:-;1:-;2:-;3:3;4:7;5:-;6:-;7:7;8:4;9:-,0:-;1:-;2:-;3:-;4:2|9;5:5;6:-;7:9;8:2|7;9:-,4@0=1;4@2=2;4@5=1;4@6=1;4@9=1;5@0=1;5@5=1;7@9=1;7@3=1;8@0=1;8@2=2;8@5=1;8@6=1;8@9=1;8@1=1;8@4=2;8@7=1,"0,2,5,6,9,3,1,4,7",20,17,17,0,1.0,0.44121389950632783,1.0,0.04121389950632779,0.0,0.0,0.6,0.3328278064727783,Feasible|selected=greedy
426,425,10,4,6,"ADD:4,6;ADD:5,1;ADD:7,5;ADD:8,5;REMOVE:4,2;REMOVE:4,9;REMOVE:5,5;REMOVE:7,9;REMOVE:8,2;REMOVE:8,7",0:-;1:-;2:-;3:-;4:2|9;5:5;6:-;7:9;8:2|7;9:-,0:-;1:-;2:-;3:-;4:6;5:1;6:-;7:5;8:5;9:-,4@6=1;5@1=2;7@5=1;8@5=1;8@0=1;8@3=1,"6,1,5,0,3",7,6,6,0,1.0,0.675212727693684,1.0,0.07521272769368396,0.0,0.0,0.4,0.23193001747131348,Feasible|selected=greedy
427,426,8,4,4,"ADD:3,2;ADD:4,7;ADD:7,8;ADD:8,8;REMOVE:4,6;REMOVE:5,1;REMOVE:7,5;REMOVE:8,5",0:-;1:-;2:-;3:-;4:6;5:1;6:-;7:5;8:5;9:-,0:-;1:-;2:-;3:2;4:7;5:-;6:-;7:8;8:8;9:-,3@2=1;4@0=1;4@1=1;7@8=1;8@8=1;8@6=1,"2,0,1,8,6",6,6,6,0,1.0,0.6499051776975252,1.0,0.04990517769752515,0.0,0.0,0.4,0.2514972686767578,Feasible|selected=greedy
428,427,5,2,3,"ADD:5,4;ADD:7,1;REMOVE:3,2;REMOVE:4,7;REMOVE:7,8",0:-;1:-;2:-;3:2;4:7;5:-;6:-;7:8;8:8;9:-,0:-;1:-;2:-;3:-;4:-;5:4;6:-;7:1;8:8;9:-,5@4=1;7@1=1;8@4=1;8@5=1,"4,1,5",4,4,4,0,1.0,0.5975606394971513,0.75,0.04756063949715125,0.0,0.0,0.2,0.2170708179473877,Feasible|selected=greedy
429,428,6,3,3,"ADD:1,2;ADD:7,4;ADD:8,4;REMOVE:5,4;REMOVE:7,1;REMOVE:8,8",0:-;1:-;2:-;3:-;4:-;5:4;6:-;7:1;8:8;9:-,0:-;1:2;2:-;3:-;4:-;5:-;6:-;7:4;8:4;9:-,1@2=1;7@4=1;8@2=1;8@4=1,"2,4",4,4,4,0,1.0,0.7817954963832507,1.0,0.08179549638325082,0.0,0.0,0.30000000000000004,0.20976805686950684,Feasible|selected=greedy
430,429,7,4,3,"ADD:4,5;ADD:5,8;ADD:7,2;ADD:8,7;REMOVE:1,2;REMOVE:7,4;REMOVE:8,4",0:-;1:2;2:-;3:-;4:-;5:-;6:-;7:4;8:4;9:-,0:-;1:-;2:-;3:-;4:5;5:8;6:-;7:2;8:7;9:-,4@5=1;5@5=1;5@1=1;5@2=1;7@2=1;8@1=1;8@4=1;8@8=1;8@9=1,"5,1,2,4,8,9",9,9,9,0,1.0,0.620118387485649,1.0,0.020118387485649036,0.0,0.0,0.4,0.2856130599975586,Feasible|selected=greedy
431,430,5,2,3,"ADD:1,4;ADD:8,8;REMOVE:4,5;REMOVE:5,8;REMOVE:8,7",0:-;1:-;2:-;3:-;4:5;5:8;6:-;7:2;8:7;9:-,0:-;1:4;2:-;3:-;4:-;5:-;6:-;7:2;8:8;9:-,1@4=1;7@0=1;7@5=1;7@9=1;8@4=1;8@1=1;8@6=1;8@8=1,"4,0,5,9,1,6,8",8,8,8,0,1.0,0.5786481955172353,0.75,0.02864819551723543,0.0,0.0,0.2,0.2633509635925293,Feasible|selected=greedy
432,431,6,3,3,"ADD:5,4;ADD:7,7;ADD:8,0;REMOVE:1,4;REMOVE:7,2;REMOVE:8,8",0:-;1:4;2:-;3:-;4:-;5:-;6:-;7:2;8:8;9:-,0:-;1:-;2:-;3:-;4:-;5:4;6:-;7:7;8:0;9:-,5@4=1;7@4=1;7@0=1;8@0=1,"4,0",4,4,4,0,1.0,0.7526042066325598,1.0,0.052604206632559804,0.0,0.0,0.30000000000000004,0.20600128173828125,Feasible|selected=greedy
433,432,5,2,3,"ADD:7,2;ADD:8,2;REMOVE:5,4;REMOVE:7,7;REMOVE:8,0",0:-;1:-;2:-;3:-;4:-;5:4;6:-;7:7;8:0;9:-,0:-;1:-;2:-;3:-;4:-;5:-;6:-;7:2;8:2;9:-,7@2=1;8@2=2,2,3,2,2,0,1.0,0.9032689529943452,1.0,0.10326895299434516,0.0,0.0,0.2,0.2012617588043213,Feasible|selected=greedy
434,433,6,4,2,"ADD:2,9;ADD:4,8;ADD:5,9;ADD:8,3;REMOVE:7,2;REMOVE:8,2",0:-;1:-;2:-;3:-;4:-;5:-;6:-;7:2;8:2;9:-,0:-;1:-;2:9;3:-;4:8;5:9;6:-;7:-;8:3;9:-,2@9=1;4@2=1;4@8=1;5@9=1;8@3=1,"9,2,8,3",5,5,5,0,1.0,0.6842877442296486,1.0,0.08428774422964867,0.0,0.0,0.4,0.2587120532989502,Feasible|selected=greedy
435,434,6,3,3,"ADD:1,3;ADD:5,3;ADD:7,7;REMOVE:2,9;REMOVE:4,8;REMOVE:5,9",0:-;1:-;2:9;3:-;4:8;5:9;6:-;7:-;8:3;9:-,0:-;1:3;2:-;3:-;4:-;5:3;6:-;7:7;8:3;9:-,1@3=1;5@3=1;7@0=1;7@1=1;8@3=1;8@1=1;8@2=1,"3,0,1,2",7,7,7,0,1.0,0.49416804151352123,0.75,0.04416804151352125,0.0,0.0,0.30000000000000004,0.29189205169677734,Feasible|selected=greedy
436,435,9,5,4,"ADD:3,2;ADD:4,2;ADD:5,8;ADD:7,0;ADD:8,6;REMOVE:1,3;REMOVE:5,3;REMOVE:7,7;REMOVE:8,3",0:-;1:3;2:-;3:-;4:-;5:3;6:-;7:7;8:3;9:-,0:-;1:-;2:-;3:2;4:2;5:8;6:-;7:0;8:6;9:-,3@2=1;4@2=1;5@1=1;5@8=1;7@0=1;8@6=1,"2,1,8,0,6",6,6,6,0,1.0,0.5862820032793166,1.0,0.08628200327931654,0.0,0.0,0.5,0.2828958034515381,Feasible|selected=greedy
437,436,7,2,5,"ADD:4,9;ADD:8,4;REMOVE:3,2;REMOVE:4,2;REMOVE:5,8;REMOVE:7,0;REMOVE:8,6",0:-;1:-;2:-;3:2;4:2;5:8;6:-;7:0;8:6;9:-,0:-;1:-;2:-;3:-;4:9;5:-;6:-;7:-;8:4;9:-,4@7=1;4@9=1;8@2=1;8@4=1,"7,9,2,4",4,4,4,0,1.0,0.8496895601988887,1.0,0.04968956019888871,0.0,0.0,0.2,0.24268317222595215,Feasible|selected=greedy
438,437,7,5,2,"ADD:1,2;ADD:4,0;ADD:5,9;ADD:7,9;ADD:8,7;REMOVE:4,9;REMOVE:8,4",0:-;1:-;2:-;3:-;4:9;5:-;6:-;7:-;8:4;9:-,0:-;1:2;2:-;3:-;4:0;5:9;6:-;7:9;8:7;9:-,1@2=1;4@0=1;5@1=1;5@9=1;7@2=1;7@6=1;8@2=2;8@1=1;8@9=1;8@4=1,"2,0,1,9,6,4",11,10,10,0,1.0,0.52995305376682,1.0,0.029953053766819983,0.0,0.0,0.5,0.3290731906890869,Feasible|selected=greedy
439,438,6,2,4,"ADD:4,7;ADD:7,4;REMOVE:1,2;REMOVE:4,0;REMOVE:5,9;REMOVE:7,9",0:-;1:2;2:-;3:-;4:0;5:9;6:-;7:9;8:7;9:-,0:-;1:-;2:-;3:-;4:7;5:-;6:-;7:4;8:7;9:-,4@4=1;4@9=1;7@4=1;8@0=1;8@8=1,"4,9,0,8",5,5,5,0,1.0,0.6219757560698314,0.8,0.021975756069831428,0.0,0.0,0.2,0.217329740524292,Feasible|selected=greedy
440,439,4,2,2,"ADD:0,1;ADD:4,4;REMOVE:4,7;REMOVE:7,4",0:-;1:-;2:-;3:-;4:7;5:-;6:-;7:4;8:7;9:-,0:1;1:-;2:-;3:-;4:4;5:-;6:-;7:-;8:7;9:-,0@1=1;4@4=1;8@1=1;8@4=1;8@3=1;8@8=2,"1,4,3,8",7,6,6,0,1.0,0.4924814221298461,0.6666666666666666,0.025814755463179483,0.0,0.0,0.2,0.23218798637390137,Feasible|selected=greedy
441,440,7,5,2,"ADD:1,0;ADD:4,6;ADD:5,2;ADD:6,5;ADD:7,8;REMOVE:0,1;REMOVE:4,4",0:1;1:-;2:-;3:-;4:4;5:-;6:-;7:-;8:7;9:-,0:-;1:0;2:-;3:-;4:6;5:2;6:5;7:8;8:7;9:-,1@0=1;4@4=1;4@6=2;5@0=1;5@2=1;5@3=1;6@5=1;7@4=1;7@2=1;7@1=1;8@7=1,"0,4,6,2,3,5,1,7",12,11,11,0,1.0,0.2201434746632015,0.6666666666666666,0.05347680799653489,0.0,0.0,0.5,0.3326301574707031,Feasible|selected=greedy
442,441,9,4,5,"ADD:1,4;ADD:4,9;ADD:6,8;ADD:8,6;REMOVE:1,0;REMOVE:4,6;REMOVE:5,2;REMOVE:6,5;REMOVE:8,7",0:-;1:0;2:-;3:-;4:6;5:2;6:5;7:8;8:7;9:-,0:-;1:4;2:-;3:-;4:9;5:-;6:8;7:8;8:6;9:-,1@4=1;4@9=1;6@8=1;7@8=1;7@1=1;7@2=1;7@5=1;8@6=1,"4,9,8,1,2,5,6",8,8,8,0,1.0,0.5000802433031996,0.8333333333333334,0.06674690996986622,0.0,0.0,0.4,0.25885605812072754,Feasible|selected=greedy
443,442,10,5,5,"ADD:4,2;ADD:5,6;ADD:6,1;ADD:7,7;ADD:8,7;REMOVE:1,4;REMOVE:4,9;REMOVE:6,8;REMOVE:7,8;REMOVE:8,6",0:-;1:4;2:-;3:-;4:9;5:-;6:8;7:8;8:6;9:-,0:-;1:-;2:-;3:-;4:2;5:6;6:1;7:7;8:7;9:-,4@2=1;5@6=1;6@1=1;7@2=1;7@1=1;7@7=1;7@8=1;7@9=1;8@0=1;8@4=1,"2,6,1,7,8,9,0,4",10,10,10,0,1.0,0.5398651062411135,1.0,0.0398651062411134,0.0,0.0,0.5,0.3506758213043213,Feasible|selected=greedy
444,443,10,5,5,"ADD:0,4;ADD:4,6;ADD:5,7;ADD:7,3;ADD:8,8;REMOVE:4,2;REMOVE:5,6;REMOVE:6,1;REMOVE:7,7;REMOVE:8,7",0:-;1:-;2:-;3:-;4:2;5:6;6:1;7:7;8:7;9:-,0:4;1:-;2:-;3:-;4:6;5:7;6:-;7:3;8:8;9:-,0@4=1;4@1=1;4@6=1;5@4=1;5@7=1;7@3=3;8@2=1;8@5=1;8@8=2,"4,1,6,7,3,2,5,8",12,9,9,0,1.0,0.5655125871494331,1.0,0.06551258714943307,0.0,0.0,0.5,0.3659050464630127,Feasible|selected=greedy
445,444,9,4,5,"ADD:4,7;ADD:5,6;ADD:7,7;ADD:8,7;REMOVE:0,4;REMOVE:4,6;REMOVE:5,7;REMOVE:7,3;REMOVE:8,8",0:4;1:-;2:-;3:-;4:6;5:7;6:-;7:3;8:8;9:-,0:-;1:-;2:-;3:-;4:7;5:6;6:-;7:7;8:7;9:-,4@0=1;4@4=1;4@8=1;5@6=1;7@0=1;7@1=1;7@2=2;8@0=1;8@4=1;8@1=2;8@2=2,"0,4,8,6,1,2",14,11,11,0,1.0,0.6079876850695992,1.0,0.007987685069599279,0.0,0.0,0.4,0.31310272216796875,Feasible|selected=greedy
446,445,7,4,3,"ADD:0,2;ADD:2,4;ADD:4,5;ADD:5,2;REMOVE:4,7;REMOVE:5,6;REMOVE:7,7",0:-;1:-;2:-;3:-;4:7;5:6;6:-;7:7;8:7;9:-,0:2;1:-;2:4;3:-;4:5;5:2;6:-;7:-;8:7;9:-,0@2=1;2@4=1;4@5=1;5@2=1;8@4=2;8@3=1;8@7=1;8@8=1,"2,4,5,3,7,8",9,8,8,0,1.0,0.4073873334716184,0.75,0.05738733347161836,0.0,0.0,0.4,0.30405211448669434,Feasible|selected=greedy
447,446,10,6,4,"ADD:1,8;ADD:2,8;ADD:4,8;ADD:5,8;ADD:6,1;ADD:7,8;REMOVE:0,2;REMOVE:2,4;REMOVE:4,5;REMOVE:5,2",0:2;1:-;2:4;3:-;4:5;5:2;6:-;7:-;8:7;9:-,0:-;1:8;2:8;3:-;4:8;5:8;6:1;7:8;8:7;9:-,1@2=2;1@8=1;2@1=2;2@4=1;4@8=1;5@8=1;5@4=1;6@1=1;7@8=1;7@1=1;7@6=1;8@8=1;8@1=1;8@4=1;8@3=1,"2,8,1,4,6,3",17,15,15,0,1.0,0.2280942481480679,0.8,0.028094248148067776,0.0,0.0,0.6,0.372772216796875,Feasible|selected=greedy
448,447,10,5,5,"ADD:2,9;ADD:4,9;ADD:5,2;ADD:7,5;ADD:8,4;REMOVE:2,8;REMOVE:4,8;REMOVE:5,8;REMOVE:6,1;REMOVE:8,7",0:-;1:8;2:8;3:-;4:8;5:8;6:1;7:8;8:7;9:-,0:-;1:8;2:9;3:-;4:9;5:2;6:-;7:5|8;8:4;9:-,1@2=1;1@6=1;1@8=1;2@2=1;2@1=1;4@6=1;4@3=1;5@2=1;5@4=1;5@9=1;7@2=1;7@1=1;7@0=1;7@5=1;8@4=1,"2,6,8,1,3,4,9,0,5",15,15,15,0,1.0,0.24222985161658617,0.7142857142857143,0.027944137330871813,0.0,0.0,0.5,0.35596394538879395,Feasible|selected=greedy
449,448,12,5,7,"ADD:0,3;ADD:2,6;ADD:5,4;ADD:6,7;ADD:8,3;REMOVE:1,8;REMOVE:2,9;REMOVE:4,9;REMOVE:5,2;REMOVE:7,5;REMOVE:7,8;REMOVE:8,4",0:-;1:8;2:9;3:-;4:9;5:2;6:-;7:5|8;8:4;9:-,0:3;1:-;2:6;3:-;4:-;5:4;6:7;7:-;8:3;9:-,0@9=1;2@1=1;2@6=1;5@4=1;6@7=1;8@9=1;8@1=1;8@2=1;8@5=1,"9,1,6,4,7,2,5",9,9,9,0,1.0,0.5357751008735567,1.0,0.03577510087355675,0.0,0.0,0.5,0.2812619209289551,Feasible|selected=greedy
450,449,9,4,5,"ADD:4,7;ADD:5,7;ADD:7,7;ADD:8,2;REMOVE:0,3;REMOVE:2,6;REMOVE:5,4;REMOVE:6,7;REMOVE:8,3",0:3;1:-;2:6;3:-;4:-;5:4;6:7;7:-;8:3;9:-,0:-;1:-;2:-;3:-;4:7;5:7;6:-;7:7;8:2;9:-,4@0=1;4@3=1;4@8=1;5@3=2;5@8=1;7@2=1;7@4=2;7@7=1;8@2=1,"0,3,8,2,4,7",11,9,9,0,1.0,0.6181541045434141,1.0,0.018154104543414123,0.0,0.0,0.4,0.2752878665924072,Feasible|selected=greedy
451,450,5,4,1,"ADD:1,3;ADD:2,4;ADD:7,8;ADD:8,8;REMOVE:7,7",0:-;1:-;2:-;3:-;4:7;5:7;6:-;7:7;8:2;9:-,0:-;1:3;2:4;3:-;4:7;5:7;6:-;7:8;8:2|8;9:-,1@3=1;2@4=1;4@3=1;4@4=1;4@0=1;4@6=1;5@3=1;5@4=1;5@2=1;5@7=1;7@6=1;7@1=1;7@8=1;8@4=1;8@0=1;8@2=1;8@1=1;8@5=1,"3,4,0,6,2,7,1,8,5",18,18,18,0,1.0,-0.12020752489540065,0.25,0.029792475104599373,0.0,0.0,0.4,0.38100504875183105,Feasible|selected=greedy
452,451,11,5,6,"ADD:2,2;ADD:4,8;ADD:5,4;ADD:7,5;ADD:8,9;REMOVE:1,3;REMOVE:2,4;REMOVE:4,7;REMOVE:5,7;REMOVE:7,8;REMOVE:8,2",0:-;1:3;2:4;3:-;4:7;5:7;6:-;7:8;8:2|8;9:-,0:-;1:-;2:2;3:-;4:8;5:4;6:-;7:5;8:8|9;9:-,2@2=1;4@2=1;4@4=1;4@8=1;5@2=1;5@4=1;7@5=1;8@4=1;8@5=3;8@1=2;8@9=1,"2,4,8,5,1,9",14,11,11,0,1.0,0.3922240533556328,0.8571428571428571,0.035081196212775716,0.0,0.0,0.5,0.2742891311645508,Feasible|selected=greedy
453,452,9,3,6,"ADD:4,5;ADD:5,2;ADD:8,7;REMOVE:2,2;REMOVE:4,8;REMOVE:5,4;REMOVE:7,5;REMOVE:8,8;REMOVE:8,9",0:-;1:-;2:2;3:-;4:8;5:4;6:-;7:5;8:8|9;9:-,0:-;1:-;2:-;3:-;4:5;5:2;6:-;7:-;8:7;9:-,4@5=2;5@5=1;5@2=1;5@7=1;8@7=1;8@4=2;8@9=1,"5,2,7,4,9",9,7,7,0,1.0,0.7440810239291837,1.0,0.0440810239291838,0.0,0.0,0.30000000000000004,0.23239827156066895,Feasible|selected=greedy
454,453,6,4,2,"ADD:0,4;ADD:4,1;ADD:5,4;ADD:7,3;REMOVE:4,5;REMOVE:5,2",0:-;1:-;2:-;3:-;4:5;5:2;6:-;7:-;8:7;9:-,0:4;1:-;2:-;3:-;4:1;5:4;6:-;7:3;8:7;9:-,0@4=2;4@1=1;5@4=1;7@2=1;7@3=1;8@4=2;8@1=1;8@3=2;8@0=1;8@9=1,"4,1,2,3,0,9",13,10,10,0,1.0,0.3063037589459794,0.6666666666666666,0.03963709227931278,0.0,0.0,0.4,0.3140387535095215,Feasible|selected=greedy
455,454,10,5,5,"ADD:0,7;ADD:5,7;ADD:6,2;ADD:7,5;ADD:8,8;REMOVE:0,4;REMOVE:4,1;REMOVE:5,4;REMOVE:7,3;REMOVE:8,7",0:4;1:-;2:-;3:-;4:1;5:4;6:-;7:3;8:7;9:-,0:7;1:-;2:-;3:-;4:-;5:7;6:2;7:5;8:8;9:-,0@1=2;0@3=1;0@6=1;0@7=1;5@0=1;5@4=1;6@2=1;7@0=1;7@5=1;8@1=2;8@6=1;8@8=1,"1,3,6,7,0,4,2,5,8",14,12,12,0,1.0,0.5288399851606733,1.0,0.02883998516067327,0.0,0.0,0.5,0.3608121871948242,Feasible|selected=greedy
456,455,6,1,5,"ADD:7,2;REMOVE:0,7;REMOVE:5,7;REMOVE:6,2;REMOVE:7,5;REMOVE:8,8",0:7;1:-;2:-;3:-;4:-;5:7;6:2;7:5;8:8;9:-,0:-;1:-;2:-;3:-;4:-;5:-;6:-;7:2;8:-;9:-,7@2=1,2,1,1,1,0,1.0,0.9911735146227659,1.0,0.09117351462276595,0.0,0.0,0.1,0.1770639419555664,Feasible|selected=greedy
457,456,4,3,1,"ADD:5,0;ADD:7,0;ADD:8,2;REMOVE:7,2",0:-;1:-;2:-;3:-;4:-;5:-;6:-;7:2;8:-;9:-,0:-;1:-;2:-;3:-;4:-;5:0;6:-;7:0;8:2;9:-,5@0=1;7@0=1;8@4=1;8@5=1;8@9=1,"0,4,5,9",5,5,5,0,1.0,0.7371680915468153,1.0,0.0371680915468154,0.0,0.0,0.30000000000000004,0.22732019424438477,Feasible|selected=greedy
458,457,9,6,3,"ADD:2,8;ADD:4,1;ADD:5,7;ADD:7,3;ADD:7,5;ADD:8,7;REMOVE:5,0;REMOVE:7,0;REMOVE:8,2",0:-;1:-;2:-;3:-;4:-;5:0;6:-;7:0;8:2;9:-,0:-;1:-;2:8;3:-;4:1;5:7;6:-;7:3|5;8:7;9:-,2@1=1;2@5=1;2@7=2;2@8=1;4@1=1;5@3=1;5@4=1;7@1=1;7@5=1;7@3=1;7@0=1;7@2=2;8@1=1;8@8=1;8@3=1;8@0=3;8@2=1;8@9=1,"1,5,7,8,3,4,0,2,9",22,18,18,0,1.0,0.4170652598433623,1.0,0.0170652598433623,0.0,0.0,0.6,0.39528393745422363,Feasible|selected=greedy
459,458,6,1,5,"ADD:7,4;REMOVE:2,8;REMOVE:4,1;REMOVE:5,7;REMOVE:7,3;REMOVE:7,5",0:-;1:-;2:8;3:-;4:1;5:7;6:-;7:3|5;8:7;9:-,0:-;1:-;2:-;3:-;4:-;5:-;6:-;7:4;8:7;9:-,7@4=1;8@0=2;8@1=1;8@8=1,"4,0,1,8",5,4,4,0,1.0,0.7517727559474033,0.8333333333333334,0.01843942261406996,0.0,0.0,0.1,0.20903992652893066,Feasible|selected=greedy
460,459,6,4,2,"ADD:1,3;ADD:2,7;ADD:7,9;ADD:8,2;REMOVE:7,4;REMOVE:8,7",0:-;1:-;2:-;3:-;4:-;5:-;6:-;7:4;8:7;9:-,0:-;1:3;2:7;3:-;4:-;5:-;6:-;7:9;8:2;9:-,1@3=1;2@0=1;2@7=1;2@8=1;7@2=1;7@6=1;7@9=1;8@3=1;8@2=1;8@4=3,"3,0,7,8,2,6,9,4",12,10,10,0,1.0,0.6300510234228581,1.0,0.03005102342285817,0.0,0.0,0.4,0.28654003143310547,Feasible|selected=greedy
461,460,4,2,2,"ADD:1,1;ADD:8,7;REMOVE:1,3;REMOVE:8,2",0:-;1:3;2:7;3:-;4:-;5:-;6:-;7:9;8:2;9:-,0:-;1:1;2:7;3:-;4:-;5:-;6:-;7:9;8:7;9:-,1@1=1;2@2=1;2@4=2;2@7=1;7@1=1;7@2=1;7@7=1;7@9=1;8@1=1;8@2=3;8@4=1;8@0=2,"1,2,4,7,9,0",16,12,12,0,1.0,0.3188890148284877,0.5,0.018889014828487757,0.0,0.0,0.2,0.2693061828613281,Feasible|selected=greedy
462,461,6,3,3,"ADD:0,5;ADD:5,1;ADD:7,3;REMOVE:1,1;REMOVE:2,7;REMOVE:7,9",0:-;1:1;2:7;3:-;4:-;5:-;6:-;7:9;8:7;9:-,0:5;1:-;2:-;3:-;4:-;5:1;6:-;7:3;8:7;9:-,0@2=1;0@3=1;0@5=1;5@1=1;7@3=1;8@2=1;8@1=1;8@6=1;8@7=1,"2,3,5,1,6,7",9,9,9,0,1.0,0.49840086123896543,0.75,0.048400861238965524,0.0,0.0,0.30000000000000004,0.27875804901123047,Feasible|selected=greedy
463,462,7,4,3,"ADD:0,7;ADD:4,2;ADD:5,2;ADD:7,9;REMOVE:0,5;REMOVE:5,1;REMOVE:7,3",0:5;1:-;2:-;3:-;4:-;5:1;6:-;7:3;8:7;9:-,0:7;1:-;2:-;3:-;4:2;5:2;6:-;7:9;8:7;9:-,0@3=1;0@4=1;0@8=1;4@2=1;5@2=1;7@2=1;7@9=1;8@4=1;8@9=1,"3,4,8,2,9",9,9,9,0,1.0,0.38369982680863857,0.75,0.033699826808638644,0.0,0.0,0.4,0.3051331043243408,Feasible|selected=greedy
464,463,8,3,5,"ADD:4,7;ADD:5,5;ADD:8,8;REMOVE:0,7;REMOVE:4,2;REMOVE:5,2;REMOVE:7,9;REMOVE:8,7",0:7;1:-;2:-;3:-;4:2;5:2;6:-;7:9;8:7;9:-,0:-;1:-;2:-;3:-;4:7;5:5;6:-;7:-;8:8;9:-,4@3=1;4@7=1;5@5=1;8@8=1,"3,7,5,8",4,4,4,0,1.0,0.7793682864941456,1.0,0.07936828649414558,0.0,0.0,0.30000000000000004,0.2446458339691162,Feasible|selected=greedy
465,464,9,6,3,"ADD:0,7;ADD:1,0;ADD:4,9;ADD:5,3;ADD:7,2;ADD:8,7;REMOVE:4,7;REMOVE:5,5;REMOVE:8,8",0:-;1:-;2:-;3:-;4:7;5:5;6:-;7:-;8:8;9:-,0:7;1:0;2:-;3:-;4:9;5:3;6:-;7:2;8:7;9:-,0@2=1;0@7=1;0@8=1;0@9=1;1@0=1;4@9=1;5@3=1;7@2=1;8@0=2;8@3=1;8@1=1,"2,7,8,9,0,3,1",12,11,11,0,1.0,0.4415721342497897,1.0,0.0415721342497897,0.0,0.0,0.6,0.32032084465026855,Feasible|selected=greedy
466,465,6,2,4,"ADD:5,2;ADD:8,9;REMOVE:1,0;REMOVE:4,9;REMOVE:5,3;REMOVE:8,7",0:7;1:0;2:-;3:-;4:9;5:3;6:-;7:2;8:7;9:-,0:7;1:-;2:-;3:-;4:-;5:2;6:-;7:2;8:9;9:-,0@1=1;0@3=1;0@4=1;5@2=1;7@4=1;7@2=1;7@0=1;8@3=1;8@6=1,"1,3,4,2,0,6",9,9,9,0,1.0,0.4894828241344778,0.6666666666666666,0.022816157467811217,0.0,0.0,0.2,0.25745081901550293,Feasible|selected=greedy
467,466,8,4,4,"ADD:0,2;ADD:5,3;ADD:7,4;ADD:8,8;REMOVE:0,7;REMOVE:5,2;REMOVE:7,2;REMOVE:8,9",0:7;1:-;2:-;3:-;4:-;5:2;6:-;7:2;8:9;9:-,0:2;1:-;2:-;3:-;4:-;5:3;6:-;7:4;8:8;9:-,0@2=2;5@1=1;5@3=1;7@2=2;7@4=1;8@2=1;8@8=1,"2,1,3,4,8",9,7,7,0,1.0,0.6556457368560106,1.0,0.0556457368560106,0.0,0.0,0.4,0.2696256637573242,Feasible|selected=greedy
468,467,9,6,3,"ADD:0,4;ADD:1,1;ADD:2,7;ADD:4,7;ADD:5,1;ADD:6,6;REMOVE:0,2;REMOVE:5,3;REMOVE:7,4",0:2;1:-;2:-;3:-;4:-;5:3;6:-;7:4;8:8;9:-,0:4;1:1;2:7;3:-;4:7;5:1;6:6;7:-;8:8;9:-,0@4=1;1@1=1;2@0=1;2@6=1;4@1=2;4@0=1;4@9=1;5@1=1;6@6=1;8@2=1;8@7=1;8@8=1,"4,1,0,6,9,2,7,8",13,12,12,0,1.0,0.1895007646497251,0.75,0.0395007646497251,0.0,0.0,0.6,0.3601357936859131,Feasible|selected=greedy
469,468,11,4,7,"ADD:2,9;ADD:4,9;ADD:7,8;ADD:8,7;REMOVE:0,4;REMOVE:1,1;REMOVE:2,7;REMOVE:4,7;REMOVE:5,1;REMOVE:6,6;REMOVE:8,8",0:4;1:1;2:7;3:-;4:7;5:1;6:6;7:-;8:8;9:-,0:-;1:-;2:9;3:-;4:9;5:-;6:-;7:8;8:7;9:-,2@1=1;2@2=1;2@6=1;4@6=1;4@3=2;7@1=1;7@4=1;8@2=1;8@7=1,"1,2,6,3,4,7",10,9,9,0,1.0,0.6112245001743696,1.0,0.01122450017436968,0.0,0.0,0.4,0.26816368103027344,Feasible|selected=greedy
470,469,7,4,3,"ADD:2,3;ADD:5,6;ADD:6,5;ADD:7,1;REMOVE:2,9;REMOVE:4,9;REMOVE:7,8",0:-;1:-;2:9;3:-;4:9;5:-;6:-;7:8;8:7;9:-,0:-;1:-;2:3;3:-;4:-;5:6;6:5;7:1;8:7;9:-,2@3=1;5@6=1;6@5=1;7@1=1;8@7=1,"3,6,5,1,7",5,5,5,0,1.0,0.4501555216831342,0.75,0.10015552168313427,0.0,0.0,0.4,0.2612721920013428,Feasible|selected=greedy
471,470,9,4,5,"ADD:0,1;ADD:4,3;ADD:5,1;ADD:8,8;REMOVE:2,3;REMOVE:5,6;REMOVE:6,5;REMOVE:7,1;REMOVE:8,7",0:-;1:-;2:3;3:-;4:-;5:6;6:5;7:1;8:7;9:-,0:1;1:-;2:-;3:-;4:3;5:1;6:-;7:-;8:8;9:-,0@1=1;4@3=1;5@1=1;5@3=1;8@8=1,"1,3,8",5,5,5,0,1.0,0.6855421893466117,1.0,0.08554218934661183,0.0,0.0,0.4,0.239943265914917,Feasible|selected=greedy
472,471,10,6,4,"ADD:0,8;ADD:0,9;ADD:4,2;ADD:5,2;ADD:7,0;ADD:8,7;REMOVE:0,1;REMOVE:4,3;REMOVE:5,1;REMOVE:8,8",0:1;1:-;2:-;3:-;4:3;5:1;6:-;7:-;8:8;9:-,0:8|9;1:-;2:-;3:-;4:2;5:2;6:-;7:0;8:7;9:-,0@1=1;0@2=1;0@8=1;0@9=1;4@2=1;4@9=1;4@5=1;4@7=1;5@2=1;7@0=1;8@7=1;8@3=1,"1,2,8,9,5,7,0,3",12,12,12,0,1.0,0.4507496639210903,1.0,0.050749663921090246,0.0,0.0,0.6,0.3300480842590332,Feasible|selected=greedy
473,472,11,5,6,"ADD:0,2;ADD:4,8;ADD:5,3;ADD:7,1;ADD:8,8;REMOVE:0,8;REMOVE:0,9;REMOVE:4,2;REMOVE:5,2;REMOVE:7,0;REMOVE:8,7",0:8|9;1:-;2:-;3:-;4:2;5:2;6:-;7:0;8:7;9:-,0:2;1:-;2:-;3:-;4:8;5:3;6:-;7:1;8:8;9:-,0@0=2;0@2=1;0@3=1;4@4=2;4@8=1;5@3=1;7@1=1;8@2=1;8@4=1;8@5=1;8@6=1,"0,2,3,4,8,1,5,6",13,11,11,0,1.0,0.5311955083091977,1.0,0.031195508309197692,0.0,0.0,0.5,0.2909538745880127,Feasible|selected=greedy
474,473,13,9,4,"ADD:0,3;ADD:0,9;ADD:1,5;ADD:2,5;ADD:2,8;ADD:4,7;ADD:5,7;ADD:7,9;ADD:8,7;REMOVE:0,2;REMOVE:4,8;REMOVE:5,3;REMOVE:7,1",0:2;1:-;2:-;3:-;4:8;5:3;6:-;7:1;8:8;9:-,0:3|9;1:5;2:5|8;3:-;4:7;5:7;6:-;7:9;8:7|8;9:-,0@3=1;0@5=1;0@6=1;0@7=1;0@9=1;1@5=1;2@3=1;2@5=1;2@6=1;2@8=1;4@7=1;4@4=1;5@7=1;5@4=1;7@3=1;7@6=1;8@5=1;8@6=1;8@9=1;8@8=1;8@4=2;8@1=2;8@2=2,"3,5,6,7,9,8,4,1,2",26,23,23,0,1.0,-0.07061628802227948,0.8,0.02938371197772034,0.0,0.0,0.8999999999999999,0.42795801162719727,Feasible|selected=greedy
475,474,14,5,9,"ADD:0,7;ADD:1,7;ADD:4,9;ADD:5,5;ADD:7,8;REMOVE:0,3;REMOVE:0,9;REMOVE:1,5;REMOVE:2,5;REMOVE:2,8;REMOVE:4,7;REMOVE:5,7;REMOVE:7,9;REMOVE:8,8",0:3|9;1:5;2:5|8;3:-;4:7;5:7;6:-;7:9;8:7|8;9:-,0:7;1:7;2:-;3:-;4:9;5:5;6:-;7:8;8:7;9:-,0@1=1;0@2=3;0@3=2;0@4=1;1@1=1;1@4=1;1@0=1;4@2=2;4@6=1;5@5=1;7@8=1;8@1=1;8@2=1;8@4=1;8@9=1,"1,2,3,4,0,6,5,8,9",19,15,15,0,1.0,0.410329192331482,0.9,0.010329192331481983,0.0,0.0,0.5,0.35129284858703613,Feasible|selected=greedy
476,475,9,4,5,"ADD:2,2;ADD:4,6;ADD:7,6;ADD:8,8;REMOVE:1,7;REMOVE:4,9;REMOVE:5,5;REMOVE:7,8;REMOVE:8,7",0:7;1:7;2:-;3:-;4:9;5:5;6:-;7:8;8:7;9:-,0:7;1:-;2:2;3:-;4:6;5:-;6:-;7:6;8:8;9:-,0@1=1;0@2=1;0@6=2;0@7=1;2@2=1;4@6=1;7@6=1;8@1=1;8@8=1,"1,2,6,7,8",10,9,9,0,1.0,0.482400968995058,0.8333333333333334,0.04906763566172463,0.0,0.0,0.4,0.2565889358520508,Feasible|selected=greedy
477,476,10,5,5,"ADD:1,2;ADD:2,9;ADD:4,3;ADD:5,1;ADD:7,1;REMOVE:0,7;REMOVE:2,2;REMOVE:4,6;REMOVE:7,6;REMOVE:8,8",0:7;1:-;2:2;3:-;4:6;5:-;6:-;7:6;8:8;9:-,0:-;1:2;2:9;3:-;4:3;5:1;6:-;7:1;8:-;9:-,1@2=1;2@9=1;4@3=1;5@1=1;7@1=1,"2,9,3,1",5,5,5,0,1.0,0.5954464126173522,1.0,0.09544641261735227,0.0,0.0,0.5,0.23947477340698242,Feasible|selected=greedy
478,477,9,4,5,"ADD:0,7;ADD:4,2;ADD:7,8;ADD:8,1;REMOVE:1,2;REMOVE:2,9;REMOVE:4,3;REMOVE:5,1;REMOVE:7,1",0:-;1:2;2:9;3:-;4:3;5:1;6:-;7:1;8:-;9:-,0:7;1:-;2:-;3:-;4:2;5:-;6:-;7:8;8:1;9:-,0@7=1;4@0=1;4@2=1;7@7=1;7@5=1;8@1=1,"7,0,2,5,1",6,6,6,0,1.0,0.64580307432688,1.0,0.045803074326880036,0.0,0.0,0.4,0.2839019298553467,Feasible|selected=greedy
479,478,10,6,4,"ADD:1,2;ADD:2,2;ADD:4,8;ADD:7,7;ADD:8,3;ADD:8,7;REMOVE:0,7;REMOVE:4,2;REMOVE:7,8;REMOVE:8,1",0:7;1:-;2:-;3:-;4:2;5:-;6:-;7:8;8:1;9:-,0:-;1:2;2:2;3:-;4:8;5:-;6:-;7:7;8:3|7;9:-,1@2=1;2@2=1;4@4=1;4@5=1;7@4=1;7@0=1;7@3=1;8@2=1;8@5=1;8@0=1;8@3=1;8@1=1;8@7=1,"2,4,5,0,3,1,7",13,13,13,0,1.0,0.43104839713791987,1.0,0.03104839713791985,0.0,0.0,0.6,0.3701469898223877,Feasible|selected=greedy
480,479,8,4,4,"ADD:1,7;ADD:2,6;ADD:4,7;ADD:5,8;REMOVE:1,2;REMOVE:2,2;REMOVE:4,8;REMOVE:8,3",0:-;1:2;2:2;3:-;4:8;5:-;6:-;7:7;8:3|7;9:-,0:-;1:7;2:6;3:-;4:7;5:8;6:-;7:7;8:7;9:-,1@7=1;2@1=1;2@6=1;4@7=1;4@2=2;4@4=1;5@1=1;5@8=1;7@7=1;8@7=2;8@1=1;8@6=1;8@2=1;8@4=2;8@9=1,"7,1,6,2,4,8,9",18,15,15,0,1.0,0.30479898734232325,0.6666666666666666,0.03813232067565661,0.0,0.0,0.4,0.35918498039245605,Feasible|selected=greedy
481,480,8,4,4,"ADD:0,3;ADD:1,5;ADD:2,5;ADD:5,0;REMOVE:1,7;REMOVE:2,6;REMOVE:5,8;REMOVE:7,7",0:-;1:7;2:6;3:-;4:7;5:8;6:-;7:7;8:7;9:-,0:3;1:5;2:5;3:-;4:7;5:0;6:-;7:-;8:7;9:-,0@1=1;0@2=1;0@3=1;1@3=1;1@5=1;2@2=2;2@3=1;2@5=1;4@2=1;4@7=1;5@0=1;8@1=1;8@2=1;8@3=1;8@7=1;8@4=1,"1,2,3,5,7,0,4",17,16,16,0,1.0,0.30363549165543835,0.6666666666666666,0.036968824988771756,0.0,0.0,0.4,0.33121204376220703,Feasible|selected=greedy
482,481,10,5,5,"ADD:0,2;ADD:1,7;ADD:4,4;ADD:5,2;ADD:8,2;REMOVE:0,3;REMOVE:1,5;REMOVE:4,7;REMOVE:5,0;REMOVE:8,7",0:3;1:5;2:5;3:-;4:7;5:0;6:-;7:-;8:7;9:-,0:2;1:7;2:5;3:-;4:4;5:2;6:-;7:-;8:2;9:-,0@0=2;0@2=1;0@4=2;1@0=1;1@6=1;2@0=1;2@5=1;4@2=1;4@4=1;5@2=1;8@2=1,"0,2,4,6,5",13,11,11,0,1.0,0.374670346505369,0.8333333333333334,0.04133701317203563,0.0,0.0,0.5,0.27880406379699707,Feasible|selected=greedy
483,482,10,4,6,"ADD:0,7;ADD:1,5;ADD:4,9;ADD:7,8;REMOVE:0,2;REMOVE:1,7;REMOVE:2,5;REMOVE:4,4;REMOVE:5,2;REMOVE:8,2",0:2;1:7;2:5;3:-;4:4;5:2;6:-;7:-;8:2;9:-,0:7;1:5;2:-;3:-;4:9;5:-;6:-;7:8;8:-;9:-,0@0=1;0@4=1;1@5=1;4@1=1;4@9=1;7@4=1;7@5=1;7@7=1;7@8=1,"0,4,5,1,9,7,8",9,9,9,0,1.0,0.6326977508786541,1.0,0.032697750878654126,0.0,0.0,0.4,0.336536169052124,Feasible|selected=greedy
484,483,8,4,4,"ADD:0,4;ADD:4,0;ADD:7,9;ADD:8,5;REMOVE:0,7;REMOVE:1,5;REMOVE:4,9;REMOVE:7,8",0:7;1:5;2:-;3:-;4:9;5:-;6:-;7:8;8:-;9:-,0:4;1:-;2:-;3:-;4:0;5:-;6:-;7:9;8:5;9:-,0@2=1;0@4=1;4@0=1;7@2=1;7@3=1;7@6=1;8@5=2,"2,4,0,3,6,5",8,7,7,0,1.0,0.6524601691399176,1.0,0.052460169139917655,0.0,0.0,0.4,0.3131718635559082,Feasible|selected=greedy
485,484,7,4,3,"ADD:4,4;ADD:5,9;ADD:8,8;ADD:8,9;REMOVE:0,4;REMOVE:4,0;REMOVE:8,5",0:4;1:-;2:-;3:-;4:0;5:-;6:-;7:9;8:5;9:-,0:-;1:-;2:-;3:-;4:4;5:9;6:-;7:9;8:8|9;9:-,4@4=1;5@1=2;5@2=1;5@7=1;5@9=1;7@2=1;7@6=1;8@9=1;8@8=1,"4,1,2,7,9,6,8",10,9,9,0,1.0,0.3930828633769705,0.75,0.043082863376970516,0.0,0.0,0.4,0.3731091022491455,Feasible|selected=greedy
486,485,9,5,4,"ADD:0,3;ADD:1,1;ADD:4,8;ADD:5,8;ADD:8,7;REMOVE:4,4;REMOVE:5,9;REMOVE:8,8;REMOVE:8,9",0:-;1:-;2:-;3:-;4:4;5:9;6:-;7:9;8:8|9;9:-,0:3;1:1;2:-;3:-;4:8;5:8;6:-;7:9;8:7;9:-,0@3=1;1@1=2;4@1=1;4@5=1;5@5=1;5@4=1;7@7=1;7@9=1;8@7=1;8@9=1;8@0=1;8@2=1;8@8=1,"3,1,5,4,7,9,0,2,8",14,13,13,0,1.0,0.33447989675008116,0.8,0.03447989675008111,0.0,0.0,0.5,0.37726783752441406,Feasible|selected=greedy
487,486,9,4,5,"ADD:0,4;ADD:4,0;ADD:6,7;ADD:7,1;REMOVE:0,3;REMOVE:1,1;REMOVE:4,8;REMOVE:5,8;REMOVE:7,9",0:3;1:1;2:-;3:-;4:8;5:8;6:-;7:9;8:7;9:-,0:4;1:-;2:-;3:-;4:0;5:-;6:7;7:1;8:7;9:-,0@4=1;4@0=1;6@7=1;7@1=2;8@4=2;8@7=1;8@1=2;8@2=1;8@3=1;8@8=1,"4,0,7,1,2,3,8",13,10,10,0,1.0,0.4795570480951332,0.8333333333333334,0.0462237147617999,0.0,0.0,0.4,0.2780020236968994,Feasible|selected=greedy
488,487,11,7,4,"ADD:0,7;ADD:1,6;ADD:1,8;ADD:4,7;ADD:5,9;ADD:6,5;ADD:7,2;REMOVE:0,4;REMOVE:4,0;REMOVE:6,7;REMOVE:7,1",0:4;1:-;2:-;3:-;4:0;5:-;6:7;7:1;8:7;9:-,0:7;1:6|8;2:-;3:-;4:7;5:9;6:5;7:2;8:7;9:-,0@1=2;0@2=1;0@3=1;0@8=1;1@1=1;1@8=1;1@4=1;1@5=2;1@6=1;1@9=1;4@1=1;4@8=1;4@0=1;4@7=1;5@2=1;5@3=1;5@6=1;6@5=1;7@2=1;8@2=1;8@3=2;8@8=1;8@4=3;8@9=2;8@7=1,"1,2,3,8,4,5,6,9,0,7",31,25,25,0,1.0,0.12004498691355026,0.8,0.020044986913550136,0.0,0.0,0.7,0.4599621295928955,Feasible|selected=greedy
489,488,13,5,8,"ADD:4,5;ADD:6,3;ADD:7,7;ADD:8,2;ADD:8,8;REMOVE:0,7;REMOVE:1,6;REMOVE:1,8;REMOVE:4,7;REMOVE:5,9;REMOVE:6,5;REMOVE:7,2;REMOVE:8,7",0:7;1:6|8;2:-;3:-;4:7;5:9;6:5;7:2;8:7;9:-,0:-;1:-;2:-;3:-;4:5;5:-;6:3;7:7;8:2|8;9:-,4@5=1;6@3=1;7@7=1;8@5=1;8@0=2;8@1=1;8@2=1;8@4=2;8@8=1,"5,3,7,0,1,2,4,8",11,9,9,0,1.0,0.5445372032219147,1.0,0.04453720322191459,0.0,0.0,0.5,0.27822327613830566,Feasible|selected=greedy
490,489,6,2,4,"ADD:7,4;ADD:8,7;REMOVE:4,5;REMOVE:6,3;REMOVE:7,7;REMOVE:8,2",0:-;1:-;2:-;3:-;4:5;5:-;6:3;7:7;8:2|8;9:-,0:-;1:-;2:-;3:-;4:-;5:-;6:-;7:4;8:7|8;9:-,7@4=1;8@4=3;8@1=5;8@2=2;8@5=1;8@6=2;8@7=1;8@8=3;8@9=2,"4,1,2,5,6,7,8,9",20,9,9,0,1.0,0.622432252446157,0.8,0.022432252446156917,0.0,0.0,0.2,0.2544698715209961,Feasible|selected=greedy
491,490,5,3,2,"ADD:4,7;ADD:6,5;ADD:7,2;REMOVE:7,4;REMOVE:8,8",0:-;1:-;2:-;3:-;4:-;5:-;6:-;7:4;8:7|8;9:-,0:-;1:-;2:-;3:-;4:7;5:-;6:5;7:2;8:7;9:-,4@2=1;4@3=1;4@7=1;6@5=1;7@2=1;7@5=1;7@4=1;8@2=2;8@3=2;8@7=2;8@1=2,"2,3,7,5,4,1",15,11,11,0,1.0,0.4004812463530327,0.6666666666666666,0.03381457968636617,0.0,0.0,0.30000000000000004,0.2698681354522705,Feasible|selected=greedy
492,491,7,3,4,"ADD:6,0;ADD:7,4;ADD:8,8;REMOVE:4,7;REMOVE:6,5;REMOVE:7,2;REMOVE:8,7",0:-;1:-;2:-;3:-;4:7;5:-;6:5;7:2;8:7;9:-,0:-;1:-;2:-;3:-;4:-;5:-;6:0;7:4;8:8;9:-,6@0=1;7@4=1;8@2=1;8@8=1,"0,4,2,8",4,4,4,0,1.0,0.7788313309759991,1.0,0.07883133097599923,0.0,0.0,0.30000000000000004,0.2128157615661621,Feasible|selected=greedy
493,492,5,2,3,"ADD:4,2;ADD:8,7;REMOVE:6,0;REMOVE:7,4;REMOVE:8,8",0:-;1:-;2:-;3:-;4:-;5:-;6:0;7:4;8:8;9:-,0:-;1:-;2:-;3:-;4:2;5:-;6:-;7:-;8:7;9:-,4@0=1;4@2=2;4@4=1;8@0=1;8@2=5;8@6=2;8@8=1,"0,2,4,6,8",13,7,7,0,1.0,0.8157852141368551,1.0,0.015785214136855005,0.0,0.0,0.2,0.24344277381896973,Feasible|selected=greedy
494,493,6,5,1,"ADD:0,1;ADD:1,2;ADD:2,4;ADD:4,3;ADD:4,6;REMOVE:4,2",0:-;1:-;2:-;3:-;4:2;5:-;6:-;7:-;8:7;9:-,0:1;1:2;2:4;3:-;4:3|6;5:-;6:-;7:-;8:7;9:-,0@1=2;0@3=1;0@6=1;1@0=1;1@2=1;1@8=1;2@2=1;2@4=1;4@3=1;4@6=1;4@5=1;4@7=1;8@1=1;8@3=2;8@6=1;8@0=2;8@2=2;8@4=2;8@7=2,"1,3,6,0,2,8,4,5,7",25,19,19,0,1.0,0.031958830335177324,0.5,0.03195883033517728,0.0,0.0,0.5,0.3795499801635742,Feasible|selected=greedy
495,494,10,5,5,"ADD:0,2;ADD:1,4;ADD:3,6;ADD:4,2;ADD:5,3;REMOVE:0,1;REMOVE:1,2;REMOVE:2,4;REMOVE:4,3;REMOVE:4,6",0:1;1:2;2:4;3:-;4:3|6;5:-;6:-;7:-;8:7;9:-,0:2;1:4;2:-;3:6;4:2;5:3;6:-;7:-;8:7;9:-,0@2=2;1@2=1;1@4=1;3@4=1;3@6=1;4@2=1;5@2=1;5@3=1;8@2=3;8@4=1;8@6=1;8@3=1;8@1=1;8@7=1;8@9=1,"2,4,6,3,1,7,9",18,15,15,0,1.0,0.37091969088370014,0.8333333333333334,0.037586357550366725,0.0,0.0,0.5,0.33113765716552734,Feasible|selected=greedy
496,495,11,5,6,"ADD:0,9;ADD:1,8;ADD:2,4;ADD:7,8;ADD:8,8;REMOVE:0,2;REMOVE:1,4;REMOVE:3,6;REMOVE:4,2;REMOVE:5,3;REMOVE:8,7",0:2;1:4;2:-;3:6;4:2;5:3;6:-;7:-;8:7;9:-,0:9;1:8;2:4;3:-;4:-;5:-;6:-;7:8;8:8;9:-,0@1=1;0@2=2;1@7=1;1@8=1;2@4=1;7@4=1;7@5=1;7@6=1;8@8=1;8@4=5,"1,2,7,8,4,5,6",15,10,10,0,1.0,0.5192959267135153,1.0,0.01929592671351542,0.0,0.0,0.5,0.28864002227783203,Feasible|selected=greedy
497,496,9,5,4,"ADD:0,8;ADD:5,8;ADD:5,9;ADD:6,8;ADD:8,2;REMOVE:0,9;REMOVE:2,4;REMOVE:7,8;REMOVE:8,8",0:9;1:8;2:4;3:-;4:-;5:-;6:-;7:8;8:8;9:-,0:8;1:8;2:-;3:-;4:-;5:8|9;6:8;7:-;8:2;9:-,0@4=1;0@5=1;0@7=1;1@4=2;1@5=1;1@6=1;5@8=1;5@9=1;6@7=1;6@8=1;8@4=1;8@5=1;8@8=1;8@0=1;8@2=2,"4,5,7,6,8,9,0,2",17,15,15,0,1.0,0.33081505848244175,0.8,0.030815058482441687,0.0,0.0,0.5,0.3625149726867676,Feasible|selected=greedy
498,497,12,6,6,"ADD:1,6;ADD:4,1;ADD:5,1;ADD:6,9;ADD:7,7;ADD:8,1;REMOVE:0,8;REMOVE:1,8;REMOVE:5,8;REMOVE:5,9;REMOVE:6,8;REMOVE:8,2",0:8;1:8;2:-;3:-;4:-;5:8|9;6:8;7:-;8:2;9:-,0:-;1:6;2:-;3:-;4:1;5:1;6:9;7:7;8:1;9:-,1@4=2;1@6=1;1@9=1;4@1=1;5@1=2;6@6=1;6@2=1;7@7=1;8@6=1;8@9=1;8@1=1;8@3=1;8@8=1,"4,6,9,1,2,7,3,8",15,13,13,0,1.0,0.4402671003546682,1.0,0.04026710035466811,0.0,0.0,0.6,0.3208470344543457,Feasible|selected=greedy
499,498,10,4,6,"ADD:4,2;ADD:5,5;ADD:5,9;ADD:8,9;REMOVE:1,6;REMOVE:4,1;REMOVE:5,1;REMOVE:6,9;REMOVE:7,7;REMOVE:8,1",0:-;1:6;2:-;3:-;4:1;5:1;6:9;7:7;8:1;9:-,0:-;1:-;2:-;3:-;4:2;5:5|9;6:-;7:-;8:9;9:-,4@2=1;5@5=1;5@9=1;8@2=1;8@9=1;8@3=3;8@7=1,"2,5,9,3,7",9,7,7,0,1.0,0.6441389375852385,1.0,0.04413893758523847,0.0,0.0,0.4,0.24193191528320312,Feasible|selected=greedy
500,499,11,7,4,"ADD:1,7;ADD:2,8;ADD:3,4;ADD:4,3;ADD:5,7;ADD:7,9;ADD:8,7;REMOVE:4,2;REMOVE:5,5;REMOVE:5,9;REMOVE:8,9",0:-;1:-;2:-;3:-;4:2;5:5|9;6:-;7:-;8:9;9:-,0:-;1:7;2:8;3:4;4:3;5:7;6:-;7:9;8:7;9:-,1@3=1;1@4=1;1@6=1;2@8=1;3@4=1;4@1=1;4@2=2;4@5=2;4@9=1;5@3=1;5@1=1;5@7=1;7@3=1;7@9=2;8@2=2;8@7=1,"3,4,6,8,1,2,5,9,7",20,16,16,0,1.0,0.32909767821216884,1.0,0.029097678212168698,0.0,0.0,0.7,0.3827648162841797,Feasible|selected=greedy
501,500,11,5,6,"ADD:0,3;ADD:1,2;ADD:2,2;ADD:4,9;ADD:7,8;REMOVE:1,7;REMOVE:2,8;REMOVE:3,4;REMOVE:4,3;REMOVE:5,7;REMOVE:7,9",0:-;1:7;2:8;3:4;4:3;5:7;6:-;7:9;8:7;9:-,0:3;1:2;2:2;3:-;4:9;5:-;6:-;7:8;8:7;9:-,0@3=1;1@0=1;1@2=1;2@2=1;2@4=1;2@5=1;4@3=1;4@6=1;4@7=1;4@9=2;7@5=1;7@6=1;8@3=1;8@0=1;8@4=3;8@6=1;8@1=1,"3,0,2,4,5,6,7,9,1",20,17,17,0,1.0,0.38294803517927667,0.8571428571428571,0.02580517803641954,0.0,0.0,0.5,0.3505227565765381,Feasible|selected=greedy
502,501,7,4,3,"ADD:4,8;ADD:5,8;ADD:6,5;ADD:7,7;REMOVE:0,3;REMOVE:4,9;REMOVE:7,8",0:3;1:2;2:2;3:-;4:9;5:-;6:-;7:8;8:7;9:-,0:-;1:2;2:2;3:-;4:8;5:8;6:5;7:7;8:7;9:-,1@2=1;2@2=1;4@1=1;4@4=2;4@5=1;5@2=1;5@4=2;5@5=2;5@6=1;5@7=1;6@5=1;7@7=1;7@0=1;8@1=2;8@4=2;8@6=1;8@7=1;8@3=1;8@8=2,"2,1,4,5,6,7,0,3,8",25,19,19,0,1.0,0.11818802278943263,0.5,0.018188022789432694,0.0,0.0,0.4,0.37924623489379883,Feasible|selected=greedy
503,502,10,4,6,"ADD:1,8;ADD:2,3;ADD:4,6;ADD:5,7;REMOVE:1,2;REMOVE:2,2;REMOVE:4,8;REMOVE:5,8;REMOVE:6,5;REMOVE:7,7",0:-;1:2;2:2;3:-;4:8;5:8;6:5;7:7;8:7;9:-,0:-;1:8;2:3;3:-;4:6;5:7;6:-;7:-;8:7;9:-,1@1=1;1@4=1;1@8=2;2@2=1;2@3=1;4@8=1;4@6=2;4@9=1;5@7=1;8@4=1;8@3=1;8@9=1;8@0=1,"1,4,8,2,3,6,9,7,0",15,13,13,0,1.0,0.5016223339797382,0.8571428571428571,0.04447947683688118,0.0,0.0,0.4,0.31830692291259766,Feasible|selected=greedy
504,503,7,4,3,"ADD:2,7;ADD:4,9;ADD:6,8;ADD:7,8;REMOVE:2,3;REMOVE:4,6;REMOVE:5,7",0:-;1:8;2:3;3:-;4:6;5:7;6:-;7:-;8:7;9:-,0:-;1:8;2:7;3:-;4:9;5:-;6:8;7:8;8:7;9:-,1@1=1;1@2=1;1@4=1;1@5=1;2@1=1;2@2=1;2@4=1;2@3=1;2@6=2;4@6=1;4@9=1;6@8=1;7@8=1;8@1=2;8@2=1;8@6=1;8@8=1;8@0=1,"1,2,4,5,3,6,9,8,0",20,18,18,0,1.0,0.21648484807096668,0.6,0.016484848070966725,0.0,0.0,0.4,0.3462049961090088,Feasible|selected=greedy
505,504,10,4,6,"ADD:1,7;ADD:2,4;ADD:4,6;ADD:8,2;REMOVE:1,8;REMOVE:2,7;REMOVE:4,9;REMOVE:6,8;REMOVE:7,8;REMOVE:8,7",0:-;1:8;2:7;3:-;4:9;5:-;6:8;7:8;8:7;9:-,0:-;1:7;2:4;3:-;4:6;5:-;6:-;7:-;8:2;9:-,1@7=1;2@4=1;4@6=2;8@4=2;8@0=2;8@2=1;8@3=1;8@5=1,"7,4,6,0,2,3,5",11,8,8,0,1.0,0.6435160760309963,1.0,0.04351607603099626,0.0,0.0,0.4,0.26328396797180176,Feasible|selected=greedy
506,505,10,6,4,"ADD:2,6;ADD:3,4;ADD:4,4;ADD:5,1;ADD:6,6;ADD:7,2;REMOVE:1,7;REMOVE:2,4;REMOVE:4,6;REMOVE:8,2",0:-;1:7;2:4;3:-;4:6;5:-;6:-;7:-;8:2;9:-,0:-;1:-;2:6;3:4;4:4;5:1;6:6;7:2;8:-;9:-,2@4=1;2@6=1;3@4=1;4@4=1;5@1=1;6@6=1;6@1=1;7@2=1,"4,6,1,2",8,8,8,0,1.0,0.4757240813550151,1.0,0.0757240813550151,0.0,0.0,0.6,0.2604038715362549,Feasible|selected=greedy
507,506,10,5,5,"ADD:2,0;ADD:4,6;ADD:5,7;ADD:6,8;ADD:8,7;REMOVE:2,6;REMOVE:3,4;REMOVE:4,4;REMOVE:5,1;REMOVE:6,6",0:-;1:-;2:6;3:4;4:4;5:1;6:6;7:2;8:-;9:-,0:-;1:-;2:0;3:-;4:6;5:7;6:8;7:2;8:7;9:-,2@0=1;4@4=1;4@6=1;4@9=1;5@1=1;5@7=1;6@2=1;6@8=1;7@2=1;8@4=2;8@9=1;8@1=2;8@2=2,"0,4,6,9,1,7,2,8",16,13,13,0,1.0,0.3627172399493068,0.8333333333333334,0.029383906615973437,0.0,0.0,0.5,0.3508172035217285,Feasible|selected=greedy
508,507,10,5,5,"ADD:2,7;ADD:3,6;ADD:4,7;ADD:5,3;ADD:7,7;REMOVE:2,0;REMOVE:4,6;REMOVE:5,7;REMOVE:6,8;REMOVE:7,2",0:-;1:-;2:0;3:-;4:6;5:7;6:8;7:2;8:7;9:-,0:-;1:-;2:7;3:6;4:7;5:3;6:-;7:7;8:7;9:-,2@0=1;2@1=1;2@4=3;3@4=1;3@6=1;4@0=1;4@3=1;4@9=1;5@3=1;5@2=1;7@4=1;7@9=1;8@1=2;8@4=2;8@9=2;8@2=1;8@7=1,"0,1,4,6,3,9,2,7",22,17,17,0,1.0,0.34513178693036106,0.8333333333333334,0.011798453597027745,0.0,0.0,0.5,0.34250521659851074,Feasible|selected=greedy
509,508,11,7,4,"ADD:2,3;ADD:2,5;ADD:3,7;ADD:5,7;ADD:6,9;ADD:7,4;ADD:8,8;REMOVE:2,7;REMOVE:3,6;REMOVE:5,3;REMOVE:7,7",0:-;1:-;2:7;3:6;4:7;5:3;6:-;7:7;8:7;9:-,0:-;1:-;2:3|5;3:7;4:7;5:7;6:9;7:4;8:7|8;9:-,2@0=1;2@1=2;2@3=1;2@5=1;3@4=1;3@7=1;4@0=1;4@3=1;4@9=1;5@0=1;5@3=1;5@7=1;5@2=2;6@9=1;7@4=1;8@1=2;8@5=1;8@4=3;8@9=1;8@2=3;8@6=1;8@8=2,"0,1,3,5,4,7,9,2,6,8",30,22,22,0,1.0,-0.005890602785107335,0.6666666666666666,0.027442730548226,0.0,0.0,0.7,0.3856039047241211,Feasible|selected=greedy
510,509,9,3,6,"ADD:4,8;ADD:7,0;ADD:8,2;REMOVE:2,5;REMOVE:4,7;REMOVE:6,9;REMOVE:7,4;REMOVE:8,7;REMOVE:8,8",0:-;1:-;2:3|5;3:7;4:7;5:7;6:9;7:4;8:7|8;9:-,0:-;1:-;2:3;3:7;4:8;5:7;6:-;7:0;8:2;9:-,2@2=1;2@3=1;2@5=2;2@7=1;3@7=1;4@1=1;4@4=1;5@2=1;5@7=2;5@1=1;7@0=1;8@2=3;8@3=1;8@5=2;8@7=1;8@4=1;8@0=1;8@8=1;8@9=1,"2,3,5,7,1,4,0,8,9",24,19,19,0,1.0,0.39859249338831626,0.6666666666666666,0.03192582672164969,0.0,0.0,0.30000000000000004,0.3473501205444336,Feasible|selected=greedy
511,510,13,7,6,"ADD:0,7;ADD:2,0;ADD:3,8;ADD:4,9;ADD:5,0;ADD:6,8;ADD:8,8;REMOVE:2,3;REMOVE:3,7;REMOVE:4,8;REMOVE:5,7;REMOVE:7,0;REMOVE:8,2",0:-;1:-;2:3;3:7;4:8;5:7;6:-;7:0;8:2;9:-,0:7;1:-;2:0;3:8;4:9;5:0;6:8;7:-;8:8;9:-,0@7=1;2@7=1;2@0=2;2@5=2;3@1=2;3@8=1;4@1=1;4@2=1;5@0=1;6@8=1;8@7=2;8@5=2;8@8=1;8@2=1;8@6=1,"7,0,5,1,8,2,6",20,15,15,0,1.0,0.3337595664824422,1.0,0.03375956648244212,0.0,0.0,0.7,0.33668088912963867,Feasible|selected=greedy
512,511,14,7,7,"ADD:2,7;ADD:3,7;ADD:4,7;ADD:5,9;ADD:6,7;ADD:7,0;ADD:8,7;REMOVE:0,7;REMOVE:2,0;REMOVE:3,8;REMOVE:4,9;REMOVE:5,0;REMOVE:6,8;REMOVE:8,8",0:7;1:-;2:0;3:8;4:9;5:0;6:8;7:-;8:8;9:-,0:-;1:-;2:7;3:7;4:7;5:9;6:7;7:0;8:7;9:-,2@0=1;2@4=1;3@7=1;4@0=1;4@1=1;5@9=1;6@7=1;7@0=1;7@5=1;8@0=1;8@1=1;8@2=2;8@6=1;8@8=1,"0,4,7,1,9,5,2,6,8",15,14,14,0,1.0,0.32715115037441445,1.0,0.02715115037441438,0.0,0.0,0.7,0.3499729633331299,Feasible|selected=greedy
513,512,10,4,6,"ADD:3,8;ADD:4,8;ADD:5,7;ADD:7,2;REMOVE:2,7;REMOVE:3,7;REMOVE:4,7;REMOVE:5,9;REMOVE:6,7;REMOVE:7,0",0:-;1:-;2:7;3:7;4:7;5:9;6:7;7:0;8:7;9:-,0:-;1:-;2:-;3:8;4:8;5:7;6:-;7:2;8:7;9:-,3@8=1;4@1=1;4@2=1;4@5=1;5@2=1;5@4=1;5@7=2;7@2=1;8@1=1;8@7=1;8@0=1;8@3=2;8@9=1,"8,1,2,5,4,7,0,3,9",15,13,13,0,1.0,0.49183617838312876,0.8571428571428571,0.0346933212402717,0.0,0.0,0.4,0.31794190406799316,Feasible|selected=greedy
514,513,10,6,4,"ADD:2,5;ADD:3,2;ADD:4,5;ADD:5,6;ADD:7,9;ADD:8,8;REMOVE:3,8;REMOVE:4,8;REMOVE:5,7;REMOVE:7,2",0:-;1:-;2:-;3:8;4:8;5:7;6:-;7:2;8:7;9:-,0:-;1:-;2:5;3:2;4:5;5:6;6:-;7:9;8:7|8;9:-,2@5=1;3@2=1;4@5=1;5@6=1;7@9=2;8@5=1;8@2=3;8@6=1;8@9=1;8@0=1;8@1=1;8@8=1,"5,2,6,9,0,1,8",15,12,12,0,1.0,0.24427504299370462,0.8,0.04427504299370456,0.0,0.0,0.6,0.2843339443206787,Feasible|selected=greedy
515,514,13,7,6,"ADD:0,5;ADD:2,7;ADD:4,8;ADD:5,7;ADD:6,1;ADD:7,8;ADD:8,2;REMOVE:2,5;REMOVE:3,2;REMOVE:4,5;REMOVE:5,6;REMOVE:7,9;REMOVE:8,8",0:-;1:-;2:5;3:2;4:5;5:6;6:-;7:9;8:7|8;9:-,0:5;1:-;2:7;3:-;4:8;5:7;6:1;7:8;8:2|7;9:-,0@5=1;2@2=1;2@3=1;2@7=1;4@7=1;4@1=1;4@4=1;4@8=1;5@2=1;5@7=1;6@1=1;7@5=1;7@2=1;7@1=2;7@4=2;8@5=2;8@2=1;8@7=1;8@1=4;8@0=2,"5,2,3,7,1,4,8,0",27,20,20,0,1.0,0.18289524837294158,0.8571428571428571,0.025752391230084427,0.0,0.0,0.7,0.42025327682495117,Feasible|selected=greedy
516,515,13,6,7,"ADD:0,2;ADD:2,8;ADD:3,2;ADD:4,4;ADD:5,0;ADD:8,8;REMOVE:0,5;REMOVE:2,7;REMOVE:4,8;REMOVE:5,7;REMOVE:6,1;REMOVE:8,2;REMOVE:8,7",0:5;1:-;2:7;3:-;4:8;5:7;6:1;7:8;8:2|7;9:-,0:2;1:-;2:8;3:2;4:4;5:0;6:-;7:8;8:8;9:-,0@2=1;2@8=1;3@2=1;3@0=1;4@4=1;5@0=1;7@8=1;8@2=1;8@8=1,"2,8,0,4",9,9,9,0,1.0,0.35165050419572463,0.875,0.07665050419572461,0.0,0.0,0.6,0.2569406032562256,Feasible|selected=greedy
517,516,13,6,7,"ADD:2,9;ADD:4,7;ADD:5,3;ADD:6,2;ADD:7,7;ADD:8,7;REMOVE:0,2;REMOVE:2,8;REMOVE:3,2;REMOVE:4,4;REMOVE:5,0;REMOVE:7,8;REMOVE:8,8",0:2;1:-;2:8;3:2;4:4;5:0;6:-;7:8;8:8;9:-,0:-;1:-;2:9;3:-;4:7;5:3;6:2;7:7;8:7;9:-,2@1=1;2@9=1;4@3=1;4@7=1;5@3=1;6@2=1;7@7=1;8@7=1;8@2=2;8@4=1,"1,9,3,7,2,4",11,10,10,0,1.0,0.4524054178479998,1.0,0.052405417847999736,0.0,0.0,0.6,0.30112195014953613,Feasible|selected=greedy
518,517,9,4,5,"ADD:4,6;ADD:5,0;ADD:6,0;ADD:8,8;REMOVE:4,7;REMOVE:5,3;REMOVE:6,2;REMOVE:7,7;REMOVE:8,7",0:-;1:-;2:9;3:-;4:7;5:3;6:2;7:7;8:7;9:-,0:-;1:-;2:9;3:-;4:6;5:0;6:0;7:-;8:8;9:-,2@1=1;2@9=1;4@4=2;4@6=1;5@0=1;6@0=1;8@1=1;8@2=1;8@8=1,"1,9,4,6,0,2,8",10,9,9,0,1.0,0.48299696800252667,0.8333333333333334,0.04966363466919328,0.0,0.0,0.4,0.2996790409088135,Feasible|selected=greedy
519,518,9,4,5,"ADD:3,4;ADD:4,4;ADD:7,4;ADD:8,9;REMOVE:2,9;REMOVE:4,6;REMOVE:5,0;REMOVE:6,0;REMOVE:8,8",0:-;1:-;2:9;3:-;4:6;5:0;6:0;7:-;8:8;9:-,0:-;1:-;2:-;3:4;4:4;5:-;6:-;7:4;8:9;9:-,3@2=1;3@4=1;4@4=1;7@4=2;8@2=2;8@9=1,"2,4,9",8,6,6,0,1.0,0.6633438430058282,1.0,0.06334384300582827,0.0,0.0,0.4,0.23605990409851074,Feasible|selected=greedy
520,519,10,6,4,"ADD:0,0;ADD:3,3;ADD:5,8;ADD:6,5;ADD:7,3;ADD:8,2;REMOVE:3,4;REMOVE:4,4;REMOVE:7,4;REMOVE:8,9",0:-;1:-;2:-;3:4;4:4;5:-;6:-;7:4;8:9;9:-,0:0;1:-;2:-;3:3;4:-;5:8;6:5;7:3;8:2;9:-,0@0=1;3@2=2;3@3=1;5@1=2;5@4=1;5@5=1;5@7=1;6@5=1;7@2=1;7@3=1;8@4=2;8@5=1;8@9=1,"0,2,3,1,4,5,7,9",16,13,13,0,1.0,0.4251581201884954,1.0,0.02515812018849547,0.0,0.0,0.6,0.36841487884521484,Feasible|selected=greedy
521,520,12,7,5,"ADD:1,4;ADD:2,9;ADD:3,8;ADD:4,2;ADD:5,2;ADD:6,4;ADD:7,8;REMOVE:0,0;REMOVE:3,3;REMOVE:5,8;REMOVE:6,5;REMOVE:7,3",0:0;1:-;2:-;3:3;4:-;5:8;6:5;7:3;8:2;9:-,0:-;1:4;2:9;3:8;4:2;5:2;6:4;7:8;8:2;9:-,1@4=1;2@3=1;2@6=1;2@9=1;3@6=1;3@2=1;3@5=2;4@2=1;4@0=1;5@2=1;6@4=1;7@8=1;8@4=1;8@3=1;8@9=1;8@2=2;8@5=1;8@0=1;8@8=3,"4,3,6,9,2,5,0,8",23,19,19,0,1.0,0.16834675983363723,0.8333333333333334,0.03501342650030378,0.0,0.0,0.7,0.3874540328979492,Feasible|selected=greedy
522,521,16,8,8,"ADD:1,7;ADD:2,2;ADD:3,3;ADD:4,7;ADD:5,5;ADD:5,9;ADD:7,3;ADD:8,7;REMOVE:1,4;REMOVE:2,9;REMOVE:3,8;REMOVE:4,2;REMOVE:5,2;REMOVE:6,4;REMOVE:7,8;REMOVE:8,2",0:-;1:4;2:9;3:8;4:2;5:2;6:4;7:8;8:2;9:-,0:-;1:7;2:2;3:3;4:7;5:5|9;6:-;7:3;8:7;9:-,1@3=1;1@4=1;2@3=1;2@4=2;2@2=1;2@8=1;3@3=1;4@7=1;5@5=1;5@9=1;7@3=1;8@4=2;8@2=1;8@9=1;8@0=2;8@1=4,"3,4,2,8,7,5,9,0,1",22,16,16,0,1.0,0.22756968125064347,1.0,0.027569681250643387,0.0,0.0,0.7999999999999999,0.36220383644104004,Feasible|selected=greedy
523,522,16,9,7,"ADD:0,9;ADD:1,8;ADD:2,3;ADD:3,7;ADD:4,3;ADD:4,5;ADD:5,4;ADD:6,2;ADD:7,6;REMOVE:1,7;REMOVE:2,2;REMOVE:3,3;REMOVE:4,7;REMOVE:5,5;REMOVE:5,9;REMOVE:7,3",0:-;1:7;2:2;3:3;4:7;5:5|9;6:-;7:3;8:7;9:-,0:9;1:8;2:3;3:7;4:3|5;5:4;6:2;7:6;8:7;9:-,0@9=1;1@4=2;1@5=1;2@1=1;2@3=1;3@9=1;3@4=1;3@0=1;4@5=1;4@1=1;4@3=1;4@0=1;5@4=2;5@2=1;6@2=1;7@4=1;7@6=1;8@4=2;8@1=1;8@0=2;8@8=2,"9,4,5,1,3,0,2,6,8",26,21,21,0,1.0,0.005065405881860774,0.875,0.030065405881860637,0.0,0.0,0.8999999999999999,0.446911096572876,Feasible|selected=greedy
524,523,14,5,9,"ADD:3,8;ADD:4,0;ADD:5,9;ADD:7,2;ADD:8,8;REMOVE:0,9;REMOVE:1,8;REMOVE:3,7;REMOVE:4,3;REMOVE:4,5;REMOVE:5,4;REMOVE:6,2;REMOVE:7,6;REMOVE:8,7",0:9;1:8;2:3;3:7;4:3|5;5:4;6:2;7:6;8:7;9:-,0:-;1:-;2:3;3:8;4:0;5:9;6:-;7:2;8:8;9:-,2@3=1;3@5=1;3@7=1;3@8=2;4@0=1;5@1=1;5@9=1;7@2=1;8@8=1;8@2=1;8@4=1;8@6=1,"3,5,7,8,0,1,9,2,4,6",13,12,12,0,1.0,0.45183341491289586,0.9,0.0518334149128958,0.0,0.0,0.5,0.33000802993774414,Feasible|selected=greedy
525,524,13,7,6,"ADD:1,3;ADD:2,7;ADD:3,5;ADD:4,9;ADD:5,3;ADD:7,7;ADD:8,7;REMOVE:2,3;REMOVE:3,8;REMOVE:4,0;REMOVE:5,9;REMOVE:7,2;REMOVE:8,8",0:-;1:-;2:3;3:8;4:0;5:9;6:-;7:2;8:8;9:-,0:-;1:3;2:7;3:5;4:9;5:3;6:-;7:7;8:7;9:-,1@3=1;2@3=1;2@0=1;2@1=1;2@4=1;3@5=1;4@2=1;4@6=1;5@3=1;7@3=1;7@4=1;7@6=1;8@1=2;8@6=1;8@7=1,"3,0,1,4,5,2,6,7",16,15,15,0,1.0,0.32314196081365765,1.0,0.023141960813657558,0.0,0.0,0.7,0.3358149528503418,Feasible|selected=greedy
526,525,11,4,7,"ADD:3,9;ADD:4,1;ADD:5,8;ADD:7,9;REMOVE:1,3;REMOVE:2,7;REMOVE:3,5;REMOVE:4,9;REMOVE:5,3;REMOVE:7,7;REMOVE:8,7",0:-;1:3;2:7;3:5;4:9;5:3;6:-;7:7;8:7;9:-,0:-;1:-;2:-;3:9;4:1;5:8;6:-;7:9;8:-;9:-,3@2=1;3@6=1;4@1=1;5@5=1;5@8=1;7@9=1,"2,6,1,5,8,9",6,6,6,0,1.0,0.6518155691943351,1.0,0.05181556919433527,0.0,0.0,0.4,0.2482438087463379,Feasible|selected=greedy
527,526,7,3,4,"ADD:4,6;ADD:5,0;ADD:8,2;REMOVE:3,9;REMOVE:4,1;REMOVE:5,8;REMOVE:7,9",0:-;1:-;2:-;3:9;4:1;5:8;6:-;7:9;8:-;9:-,0:-;1:-;2:-;3:-;4:6;5:0;6:-;7:-;8:2;9:-,4@6=1;5@0=1;8@0=1;8@2=1;8@4=1,"6,0,2,4",5,5,5,0,1.0,0.7594823659847245,1.0,0.05948236598472452,0.0,0.0,0.30000000000000004,0.2305300235748291,Feasible|selected=greedy
528,527,10,7,3,"ADD:1,8;ADD:2,8;ADD:3,7;ADD:4,8;ADD:5,9;ADD:7,1;ADD:8,0;REMOVE:4,6;REMOVE:5,0;REMOVE:8,2",0:-;1:-;2:-;3:-;4:6;5:0;6:-;7:-;8:2;9:-,0:-;1:8;2:8;3:7;4:8;5:9;6:-;7:1;8:0;9:-,1@8=1;2@1=1;2@2=2;2@4=1;2@5=1;3@1=1;3@4=1;3@7=1;4@8=1;4@1=1;5@2=2;5@9=1;7@1=2;7@9=1;7@6=1;8@0=2,"8,1,2,4,5,7,9,6,0",20,16,16,0,1.0,0.34191720878531306,1.0,0.041917208785313104,0.0,0.0,0.7,0.380342960357666,Feasible|selected=greedy
529,528,15,8,7,"ADD:1,7;ADD:2,7;ADD:3,5;ADD:4,4;ADD:5,3;ADD:6,1;ADD:7,5;ADD:8,9;REMOVE:1,8;REMOVE:2,8;REMOVE:3,7;REMOVE:4,8;REMOVE:5,9;REMOVE:7,1;REMOVE:8,0",0:-;1:8;2:8;3:7;4:8;5:9;6:-;7:1;8:0;9:-,0:-;1:7;2:7;3:5;4:4;5:3;6:1;7:5;8:9;9:-,1@1=1;1@7=1;2@1=1;2@7=2;2@0=1;2@2=1;2@4=2;2@6=1;3@5=2;4@2=2;4@4=1;5@1=2;5@3=1;6@1=1;7@5=1;8@9=3,"1,7,0,2,4,6,5,3,9",23,16,16,0,1.0,0.2537207042359161,1.0,0.05372070423591594,0.0,0.0,0.7999999999999999,0.3590247631072998,Feasible|selected=greedy
530,529,12,5,7,"ADD:1,5;ADD:3,9;ADD:4,1;ADD:7,8;ADD:8,2;REMOVE:1,7;REMOVE:3,5;REMOVE:4,4;REMOVE:5,3;REMOVE:6,1;REMOVE:7,5;REMOVE:8,9",0:-;1:7;2:7;3:5;4:4;5:3;6:1;7:5;8:9;9:-,0:-;1:5;2:7;3:9;4:1;5:-;6:-;7:8;8:2;9:-,1@0=1;1@5=1;2@3=2;2@4=1;2@8=1;3@9=1;4@1=1;7@4=1;7@1=1;8@2=1,"0,5,3,4,8,9,1,2",11,10,10,0,1.0,0.412899295844416,0.875,0.037899295844415974,0.0,0.0,0.5,0.30283188819885254,Feasible|selected=greedy
531,530,13,8,5,"ADD:0,7;ADD:1,3;ADD:2,9;ADD:3,3;ADD:4,7;ADD:5,7;ADD:6,3;ADD:8,7;REMOVE:1,5;REMOVE:2,7;REMOVE:3,9;REMOVE:4,1;REMOVE:8,2",0:-;1:5;2:7;3:9;4:1;5:-;6:-;7:8;8:2;9:-,0:7;1:3;2:9;3:3;4:7;5:7;6:3;7:8;8:7;9:-,0@0=1;0@4=1;0@9=1;1@3=1;2@9=1;2@1=2;2@6=1;3@3=1;4@0=1;4@4=1;4@9=1;4@2=1;4@7=1;5@1=1;5@7=1;6@3=1;7@1=1;7@2=1;7@5=1;8@0=1;8@9=1;8@8=1,"0,4,9,3,1,6,2,7,5,8",23,22,22,0,1.0,0.06012930880554679,0.8333333333333334,0.026795975472213334,0.0,0.0,0.7999999999999999,0.44054079055786133,Feasible|selected=greedy
532,531,15,6,9,"ADD:1,4;ADD:2,7;ADD:3,2;ADD:4,9;ADD:5,2;ADD:8,1;REMOVE:0,7;REMOVE:1,3;REMOVE:2,9;REMOVE:3,3;REMOVE:4,7;REMOVE:5,7;REMOVE:6,3;REMOVE:7,8;REMOVE:8,7",0:7;1:3;2:9;3:3;4:7;5:7;6:3;7:8;8:7;9:-,0:-;1:4;2:7;3:2;4:9;5:2;6:-;7:-;8:1;9:-,1@4=1;2@4=1;2@0=1;2@1=1;2@7=1;3@4=1;3@3=1;3@5=1;4@1=1;4@2=1;5@2=1;8@1=1;8@3=1;8@6=1,"4,0,1,7,3,5,2,6",14,14,14,0,1.0,0.42915839597227945,1.0,0.029158395972279427,0.0,0.0,0.6,0.3286597728729248,Feasible|selected=greedy
533,532,9,3,6,"ADD:2,9;ADD:7,4;ADD:8,8;REMOVE:1,4;REMOVE:2,7;REMOVE:3,2;REMOVE:4,9;REMOVE:5,2;REMOVE:8,1",0:-;1:4;2:7;3:2;4:9;5:2;6:-;7:-;8:1;9:-,0:-;1:-;2:9;3:-;4:-;5:-;6:-;7:4;8:8;9:-,2@2=1;2@7=1;2@9=1;7@4=1;8@4=1;8@1=1,"2,7,9,4,1",6,6,6,0,1.0,0.7332122003385264,1.0,0.03321220033852654,0.0,0.0,0.30000000000000004,0.23041987419128418,Feasible|selected=greedy
534,533,6,3,3,"ADD:4,4;ADD:5,6;ADD:8,3;REMOVE:2,9;REMOVE:7,4;REMOVE:8,8",0:-;1:-;2:9;3:-;4:-;5:-;6:-;7:4;8:8;9:-,0:-;1:-;2:-;3:-;4:4;5:6;6:-;7:-;8:3;9:-,4@4=1;5@6=1;5@8=1;5@9=1;8@1=2;8@2=1;8@3=2,"4,6,8,9,1,2,3",9,7,7,0,1.0,0.7422110073676131,1.0,0.042211007367613254,0.0,0.0,0.30000000000000004,0.2540168762207031,Feasible|selected=greedy
535,534,8,5,3,"ADD:3,7;ADD:4,8;ADD:5,2;ADD:7,5;ADD:8,7;REMOVE:4,4;REMOVE:5,6;REMOVE:8,3",0:-;1:-;2:-;3:-;4:4;5:6;6:-;7:-;8:3;9:-,0:-;1:-;2:-;3:7;4:8;5:2;6:-;7:5;8:7;9:-,3@1=1;3@4=1;3@7=1;4@5=1;4@8=1;5@2=1;7@5=1;8@2=2;8@0=1;8@6=1,"1,4,7,5,8,2,0,6",11,10,10,0,1.0,0.5361474907596682,1.0,0.03614749075966817,0.0,0.0,0.5,0.3130640983581543,Feasible|selected=greedy
536,535,10,6,4,"ADD:1,8;ADD:3,4;ADD:4,2;ADD:5,4;ADD:6,4;ADD:7,2;REMOVE:3,7;REMOVE:4,8;REMOVE:5,2;REMOVE:7,5",0:-;1:-;2:-;3:7;4:8;5:2;6:-;7:5;8:7;9:-,0:-;1:8;2:-;3:4;4:2;5:4;6:4;7:2;8:7;9:-,1@4=1;1@5=1;1@8=1;3@4=2;3@2=1;4@2=1;5@4=1;5@2=1;6@4=1;7@2=1;7@0=1;8@2=1;8@3=1;8@7=1,"4,5,8,2,0,3,7",15,14,14,0,1.0,0.25001765461929604,0.8,0.05001765461929598,0.0,0.0,0.6,0.31996917724609375,Feasible|selected=greedy
537,536,11,5,6,"ADD:1,3;ADD:3,8;ADD:4,4;ADD:7,7;ADD:8,0;REMOVE:1,8;REMOVE:3,4;REMOVE:4,2;REMOVE:5,4;REMOVE:6,4;REMOVE:7,2",0:-;1:8;2:-;3:4;4:2;5:4;6:4;7:2;8:7;9:-,0:-;1:3;2:-;3:8;4:4;5:-;6:-;7:7;8:0|7;9:-,1@3=1;3@1=1;3@4=1;4@4=1;4@2=1;7@7=1;8@1=1;8@7=1;8@0=1;8@5=2,"3,1,4,2,7,0,5",11,10,10,0,1.0,0.40195162122058037,0.8571428571428571,0.04480876407772331,0.0,0.0,0.5,0.28792285919189453,Feasible|selected=greedy
538,537,12,6,6,"ADD:0,8;ADD:1,2;ADD:4,1;ADD:5,7;ADD:7,3;ADD:8,8;REMOVE:1,3;REMOVE:3,8;REMOVE:4,4;REMOVE:7,7;REMOVE:8,0;REMOVE:8,7",0:-;1:3;2:-;3:8;4:4;5:-;6:-;7:7;8:0|7;9:-,0:8;1:2;2:-;3:-;4:1;5:7;6:-;7:3;8:8;9:-,0@1=1;0@8=1;1@2=1;4@1=1;5@1=1;5@2=1;5@3=1;5@4=1;7@1=1;7@3=1;8@1=1;8@2=2;8@4=1,"1,8,2,3,4",14,13,13,0,1.0,0.43021112199846,1.0,0.030211121998459895,0.0,0.0,0.6,0.2968728542327881,Feasible|selected=greedy
539,538,7,3,4,"ADD:0,7;ADD:3,4;ADD:5,9;REMOVE:0,8;REMOVE:4,1;REMOVE:5,7;REMOVE:7,3",0:8;1:2;2:-;3:-;4:1;5:7;6:-;7:3;8:8;9:-,0:7;1:2;2:-;3:4;4:-;5:9;6:-;7:-;8:8;9:-,0@2=2;0@3=1;0@7=1;1@2=1;3@4=1;5@2=1;5@9=1;8@8=1,"2,3,7,4,9,8",9,8,8,0,1.0,0.42634992423357543,0.6666666666666666,0.0596832575669088,0.0,0.0,0.30000000000000004,0.2787513732910156,Feasible|selected=greedy
540,539,10,5,5,"ADD:3,6;ADD:4,2;ADD:5,8;ADD:6,5;ADD:8,7;REMOVE:0,7;REMOVE:1,2;REMOVE:3,4;REMOVE:5,9;REMOVE:8,8",0:7;1:2;2:-;3:4;4:-;5:9;6:-;7:-;8:8;9:-,0:-;1:-;2:-;3:6;4:2;5:8;6:5;7:-;8:7;9:-,3@6=1;4@0=1;4@2=1;5@4=1;5@5=1;6@2=1;6@5=1;8@2=1;8@4=1;8@3=1;8@7=1,"6,0,2,4,5,3,7",11,11,11,0,1.0,0.538108062749953,1.0,0.03810806274995313,0.0,0.0,0.5,0.3175241947174072,Feasible|selected=greedy
541,540,10,5,5,"ADD:0,4;ADD:1,1;ADD:3,7;ADD:5,7;ADD:8,4;REMOVE:3,6;REMOVE:4,2;REMOVE:5,8;REMOVE:6,5;REMOVE:8,7",0:-;1:-;2:-;3:6;4:2;5:8;6:5;7:-;8:7;9:-,0:4;1:1;2:-;3:7;4:-;5:7;6:-;7:-;8:4;9:-,0@4=1;1@1=1;3@0=1;3@9=1;5@7=1;8@4=1;8@2=1,"4,1,0,9,7,2",7,7,7,0,1.0,0.5558808669941524,1.0,0.0558808669941523,0.0,0.0,0.5,0.2565150260925293,Feasible|selected=greedy
542,541,11,6,5,"ADD:0,9;ADD:4,4;ADD:5,9;ADD:7,5;ADD:7,7;ADD:8,7;REMOVE:0,4;REMOVE:1,1;REMOVE:3,7;REMOVE:5,7;REMOVE:8,4",0:4;1:1;2:-;3:7;4:-;5:7;6:-;7:-;8:4;9:-,0:9;1:-;2:-;3:-;4:4;5:9;6:-;7:5|7;8:7;9:-,0@2=1;0@6=1;4@2=1;4@4=1;5@6=1;5@9=1;7@4=1;7@0=1;7@1=1;7@3=1;7@5=1;8@2=1;8@6=2;8@0=1;8@7=1,"2,6,4,9,0,1,3,5,7",16,15,15,0,1.0,0.4255785442403729,1.0,0.025578544240372952,0.0,0.0,0.6,0.36299705505371094,Feasible|selected=greedy
543,542,13,7,6,"ADD:2,2;ADD:2,9;ADD:3,4;ADD:4,2;ADD:5,2;ADD:7,9;ADD:8,8;REMOVE:0,9;REMOVE:4,4;REMOVE:5,9;REMOVE:7,5;REMOVE:7,7;REMOVE:8,7",0:9;1:-;2:-;3:-;4:4;5:9;6:-;7:5|7;8:7;9:-,0:-;1:-;2:2|9;3:4;4:2;5:2;6:-;7:9;8:8;9:-,2@1=1;2@2=1;2@4=1;2@5=1;2@9=1;3@4=1;4@2=1;5@2=1;5@0=1;5@3=1;5@8=1;7@9=1;7@7=1;8@1=1;8@5=1;8@8=1;8@7=1;8@6=1,"1,2,4,5,9,0,3,8,7,6",18,18,18,0,1.0,0.3392882579416707,1.0,0.03928825794167074,0.0,0.0,0.7,0.37541699409484863,Feasible|selected=greedy
544,543,14,7,7,"ADD:0,8;ADD:1,7;ADD:2,8;ADD:4,6;ADD:5,8;ADD:7,8;ADD:8,6;REMOVE:2,2;REMOVE:2,9;REMOVE:3,4;REMOVE:4,2;REMOVE:5,2;REMOVE:7,9;REMOVE:8,8",0:-;1:-;2:2|9;3:4;4:2;5:2;6:-;7:9;8:8;9:-,0:8;1:7;2:8;3:-;4:6;5:8;6:-;7:8;8:6;9:-,0@1=1;0@2=1;0@4=1;1@4=1;1@0=1;1@9=1;2@2=1;2@8=1;4@4=2;4@6=1;5@2=2;5@4=2;5@6=1;5@5=1;7@8=1;7@5=1;8@4=1;8@6=1,"1,2,4,0,9,8,6,5",21,18,18,0,1.0,0.318177354826507,1.0,0.018177354826506904,0.0,0.0,0.7,0.38939690589904785,Feasible|selected=greedy
545,544,11,6,5,"ADD:0,7;ADD:1,8;ADD:4,4;ADD:6,2;ADD:7,7;ADD:8,9;REMOVE:0,8;REMOVE:1,7;REMOVE:4,6;REMOVE:7,8;REMOVE:8,6",0:8;1:7;2:8;3:-;4:6;5:8;6:-;7:8;8:6;9:-,0:7;1:8;2:8;3:-;4:4;5:8;6:2;7:7;8:9;9:-,0@3=1;0@4=1;0@7=1;0@9=1;1@4=1;1@7=1;1@1=1;1@5=1;2@4=1;2@1=1;2@2=1;2@6=1;2@8=1;4@4=1;5@8=1;6@2=1;7@7=1;8@9=1;8@2=2,"3,4,7,9,1,5,2,6,8",20,19,19,0,1.0,0.14692046377840706,0.7142857142857143,0.0326347494926927,0.0,0.0,0.6,0.3845329284667969,Feasible|selected=greedy
546,545,12,4,8,"ADD:3,4;ADD:4,7;ADD:5,4;ADD:8,7;REMOVE:0,7;REMOVE:1,8;REMOVE:2,8;REMOVE:4,4;REMOVE:5,8;REMOVE:6,2;REMOVE:7,7;REMOVE:8,9",0:7;1:8;2:8;3:-;4:4;5:8;6:2;7:7;8:9;9:-,0:-;1:-;2:-;3:4;4:7;5:4;6:-;7:-;8:7;9:-,3@4=1;4@4=1;4@7=1;5@4=1;8@4=1;8@7=1,"4,7",6,6,6,0,1.0,0.6670617869356871,1.0,0.06706178693568701,0.0,0.0,0.4,0.2142200469970703,Feasible|selected=greedy
547,546,6,3,3,"ADD:1,9;ADD:4,5;ADD:7,2;REMOVE:4,7;REMOVE:5,4;REMOVE:8,7",0:-;1:-;2:-;3:4;4:7;5:4;6:-;7:-;8:7;9:-,0:-;1:9;2:-;3:4;4:5;5:-;6:-;7:2;8:-;9:-,1@9=1;3@4=1;4@5=1;7@2=1,"9,4,5,2",4,4,4,0,1.0,0.5570336517467843,0.75,0.10703365174678439,0.0,0.0,0.30000000000000004,0.2138659954071045,Feasible|selected=greedy
548,547,7,4,3,"ADD:3,7;ADD:4,3;ADD:5,4;ADD:8,0;REMOVE:1,9;REMOVE:3,4;REMOVE:4,5",0:-;1:9;2:-;3:4;4:5;5:-;6:-;7:2;8:-;9:-,0:-;1:-;2:-;3:7;4:3;5:4;6:-;7:2;8:0;9:-,3@4=3;3@9=1;4@3=1;5@4=1;7@2=1;8@0=1,"4,9,3,2,0",8,6,6,0,1.0,0.39543084074534407,0.75,0.04543084074534412,0.0,0.0,0.4,0.23986101150512695,Feasible|selected=greedy
549,548,11,6,5,"ADD:1,2;ADD:3,1;ADD:4,7;ADD:5,8;ADD:7,7;ADD:8,4;REMOVE:3,7;REMOVE:4,3;REMOVE:5,4;REMOVE:7,2;REMOVE:8,0",0:-;1:-;2:-;3:7;4:3;5:4;6:-;7:2;8:0;9:-,0:-;1:2;2:-;3:1;4:7;5:8;6:-;7:7;8:4;9:-,1@2=1;3@1=1;4@3=1;4@8=1;5@2=1;5@8=1;7@8=2;7@4=2;7@9=1;8@4=3,"2,1,3,8,4,9",14,10,10,0,1.0,0.44429190741545244,1.0,0.04429190741545252,0.0,0.0,0.6,0.2945082187652588,Feasible|selected=greedy
550,549,12,7,5,"ADD:0,9;ADD:3,2;ADD:3,8;ADD:4,2;ADD:5,2;ADD:7,6;ADD:8,1;REMOVE:3,1;REMOVE:4,7;REMOVE:5,8;REMOVE:7,7;REMOVE:8,4",0:-;1:2;2:-;3:1;4:7;5:8;6:-;7:7;8:4;9:-,0:9;1:2;2:-;3:2|8;4:2;5:2;6:-;7:6;8:1;9:-,0@9=1;1@2=1;1@4=1;1@5=1;3@9=1;3@2=1;3@5=1;3@1=1;3@8=1;4@9=1;4@2=1;4@4=1;5@2=1;5@4=2;5@5=1;7@6=1;8@1=1,"9,2,4,5,1,8,6",18,17,17,0,1.0,0.1769575819875815,0.8333333333333334,0.04362424865424809,0.0,0.0,0.7,0.3436279296875,Feasible|selected=greedy
551,550,15,7,8,"ADD:1,6;ADD:2,9;ADD:3,6;ADD:4,7;ADD:5,7;ADD:7,4;ADD:8,8;REMOVE:0,9;REMOVE:1,2;REMOVE:3,2;REMOVE:3,8;REMOVE:4,2;REMOVE:5,2;REMOVE:7,6;REMOVE:8,1",0:9;1:2;2:-;3:2|8;4:2;5:2;6:-;7:6;8:1;9:-,0:-;1:6;2:9;3:6;4:7;5:7;6:-;7:4;8:8;9:-,1@6=1;2@9=1;3@6=1;3@4=1;4@4=1;4@3=1;5@3=1;5@0=1;5@1=2;5@7=2;5@8=1;7@4=1;7@2=2;8@1=1;8@7=1;8@2=2;8@5=1,"6,9,4,3,0,1,7,8,2,5",21,17,17,0,1.0,0.3301156676771533,1.0,0.030115667677153218,0.0,0.0,0.7,0.37309789657592773,Feasible|selected=greedy
552,551,9,4,5,"ADD:1,9;ADD:3,2;ADD:4,9;ADD:8,7;REMOVE:1,6;REMOVE:2,9;REMOVE:3,6;REMOVE:4,7;REMOVE:8,8",0:-;1:6;2:9;3:6;4:7;5:7;6:-;7:4;8:8;9:-,0:-;1:9;2:-;3:2;4:9;5:7;6:-;7:4;8:7;9:-,1@9=1;3@2=1;4@9=1;4@2=1;5@9=1;5@0=1;5@6=1;7@4=1;8@4=1;8@1=1;8@7=1,"9,2,0,6,4,1,7",11,11,11,0,1.0,0.36062614714339536,0.7142857142857143,0.04634043285768103,0.0,0.0,0.4,0.2899281978607178,Feasible|selected=greedy
553,552,6,2,4,"ADD:0,2;ADD:7,7;REMOVE:1,9;REMOVE:3,2;REMOVE:4,9;REMOVE:7,4",0:-;1:9;2:-;3:2;4:9;5:7;6:-;7:4;8:7;9:-,0:2;1:-;2:-;3:-;4:-;5:7;6:-;7:7;8:7;9:-,0@2=1;5@3=1;5@7=1;7@3=1;7@0=1;8@2=1;8@0=1;8@4=1;8@6=1;8@9=1,"2,3,7,0,4,6,9",10,10,10,0,1.0,0.48753214449109,0.6666666666666666,0.020865477824423388,0.0,0.0,0.2,0.2798299789428711,Feasible|selected=greedy
554,553,7,3,4,"ADD:3,3;ADD:5,3;ADD:7,6;REMOVE:0,2;REMOVE:5,7;REMOVE:7,7;REMOVE:8,7",0:2;1:-;2:-;3:-;4:-;5:7;6:-;7:7;8:7;9:-,0:-;1:-;2:-;3:3;4:-;5:3;6:-;7:6;8:-;9:-,3@3=1;5@3=1;7@6=1,"3,6",3,3,3,0,1.0,0.8049276758642492,1.0,0.10492767586424918,0.0,0.0,0.30000000000000004,0.19840693473815918,Feasible|selected=greedy
555,554,7,4,3,"ADD:4,8;ADD:5,8;ADD:7,2;ADD:8,8;REMOVE:3,3;REMOVE:5,3;REMOVE:7,6",0:-;1:-;2:-;3:3;4:-;5:3;6:-;7:6;8:-;9:-,0:-;1:-;2:-;3:-;4:8;5:8;6:-;7:2;8:8;9:-,4@8=1;5@8=1;5@4=1;7@2=1;8@8=1;8@2=2;8@1=1;8@5=2;8@7=1,"8,4,2,1,5,7",11,9,9,0,1.0,0.632421653827615,1.0,0.03242165382761497,0.0,0.0,0.4,0.37815403938293457,Feasible|selected=greedy
556,555,8,5,3,"ADD:2,2;ADD:3,4;ADD:4,7;ADD:5,7;ADD:7,7;REMOVE:4,8;REMOVE:5,8;REMOVE:7,2",0:-;1:-;2:-;3:-;4:8;5:8;6:-;7:2;8:8;9:-,0:-;1:-;2:2;3:4;4:7;5:7;6:-;7:7;8:8;9:-,2@2=1;3@4=1;4@0=1;4@6=1;5@4=2;5@0=1;7@2=2;7@4=1;7@0=1;7@6=1;8@4=2;8@6=1;8@1=2;8@5=2;8@7=1,"2,4,0,6,1,5,7",20,15,15,0,1.0,0.26150924120687635,0.75,0.011509241206876379,0.0,0.0,0.5,0.336716890335083,Feasible|selected=greedy
557,556,10,5,5,"ADD:1,7;ADD:3,8;ADD:4,4;ADD:5,0;ADD:7,3;REMOVE:2,2;REMOVE:3,4;REMOVE:4,7;REMOVE:5,7;REMOVE:7,7",0:-;1:-;2:2;3:4;4:7;5:7;6:-;7:7;8:8;9:-,0:-;1:7;2:-;3:8;4:4;5:0;6:-;7:3;8:8;9:-,1@0=1;1@1=1;1@2=1;1@9=1;3@4=2;3@8=1;4@2=1;4@4=1;5@0=1;7@1=1;7@3=1;8@1=2;8@2=1;8@4=2;8@8=2,"0,1,2,9,4,8,3",19,15,15,0,1.0,0.3645784741701038,0.8333333333333334,0.031245140836770467,0.0,0.0,0.5,0.33302998542785645,Feasible|selected=greedy
558,557,11,6,5,"ADD:1,6;ADD:3,7;ADD:4,8;ADD:5,3;ADD:8,2;ADD:8,3;REMOVE:1,7;REMOVE:3,8;REMOVE:4,4;REMOVE:5,0;REMOVE:8,8",0:-;1:7;2:-;3:8;4:4;5:0;6:-;7:3;8:8;9:-,0:-;1:6;2:-;3:7;4:8;5:3;6:-;7:3;8:2|3;9:-,1@6=1;3@7=1;4@2=1;4@8=1;5@3=1;7@3=1;8@2=2;8@3=2;8@1=1;8@4=1;8@5=1,"6,7,2,8,3,1,4,5",13,11,11,0,1.0,0.30464841845165436,0.8333333333333334,0.07131508511832092,0.0,0.0,0.6,0.2987630367279053,Feasible|selected=greedy
559,558,11,4,7,"ADD:1,9;ADD:4,4;ADD:6,5;ADD:8,8;REMOVE:1,6;REMOVE:3,7;REMOVE:4,8;REMOVE:5,3;REMOVE:7,3;REMOVE:8,2;REMOVE:8,3",0:-;1:6;2:-;3:7;4:8;5:3;6:-;7:3;8:2|3;9:-,0:-;1:9;2:-;3:-;4:4;5:-;6:5;7:-;8:8;9:-,1@9=1;4@2=1;4@4=2;6@5=1;8@8=1,"9,2,4,5,8",6,5,5,0,1.0,0.689602903482084,1.0,0.0896029034820839,0.0,0.0,0.4,0.24208307266235352,Feasible|selected=greedy
560,559,9,6,3,"ADD:0,6;ADD:3,7;ADD:4,7;ADD:5,2;ADD:6,7;ADD:7,2;REMOVE:1,9;REMOVE:4,4;REMOVE:6,5",0:-;1:9;2:-;3:-;4:4;5:-;6:5;7:-;8:8;9:-,0:6;1:-;2:-;3:7;4:7;5:2;6:7;7:2;8:8;9:-,0@1=1;0@4=1;0@6=1;0@9=1;3@1=1;3@9=1;3@0=1;4@1=1;4@4=2;4@3=1;5@2=1;6@1=2;6@4=1;6@0=1;7@2=1;8@8=1,"1,4,6,9,0,3,2,8",18,16,16,0,1.0,0.1720254248574392,0.75,0.02202542485743917,0.0,0.0,0.6,0.3985610008239746,Feasible|selected=greedy
561,560,13,6,7,"ADD:0,4;ADD:3,9;ADD:5,5;ADD:5,9;ADD:7,8;ADD:8,2;REMOVE:0,6;REMOVE:3,7;REMOVE:4,7;REMOVE:5,2;REMOVE:6,7;REMOVE:7,2;REMOVE:8,8",0:6;1:-;2:-;3:7;4:7;5:2;6:7;7:2;8:8;9:-,0:4;1:-;2:-;3:9;4:-;5:5|9;6:-;7:8;8:2;9:-,0@2=2;0@4=2;0@6=1;3@1=1;3@9=1;5@9=1;5@5=1;7@2=1;7@1=1;7@5=1;8@2=2;8@4=1;8@5=1,"2,4,6,1,9,5",16,13,13,0,1.0,0.4411223233777163,1.0,0.04112232337771621,0.0,0.0,0.6,0.292802095413208,Feasible|selected=greedy
562,561,10,5,5,"ADD:0,8;ADD:1,6;ADD:4,9;ADD:7,1;ADD:8,8;REMOVE:0,4;REMOVE:3,9;REMOVE:5,5;REMOVE:7,8;REMOVE:8,2",0:4;1:-;2:-;3:9;4:-;5:5|9;6:-;7:8;8:2;9:-,0:8;1:6;2:-;3:-;4:9;5:9;6:-;7:1;8:8;9:-,0@1=1;0@2=1;0@4=1;0@6=1;0@8=2;1@6=1;4@9=2;5@9=1;7@1=1;8@4=2;8@5=1;8@7=1,"1,2,4,6,8,9,5,7",15,12,12,0,1.0,0.3810910676635355,0.8333333333333334,0.04775773433020212,0.0,0.0,0.5,0.3036510944366455,Feasible|selected=greedy
563,562,8,4,4,"ADD:3,7;ADD:4,4;ADD:5,8;ADD:6,1;REMOVE:1,6;REMOVE:4,9;REMOVE:5,9;REMOVE:7,1",0:8;1:6;2:-;3:-;4:9;5:9;6:-;7:1;8:8;9:-,0:8;1:-;2:-;3:7;4:4;5:8;6:1;7:-;8:8;9:-,0@1=1;0@2=1;0@4=2;0@7=1;0@8=3;3@7=1;4@2=1;4@4=1;5@1=1;5@4=1;6@1=1;8@1=1;8@2=1;8@8=1;8@5=1,"1,2,4,7,8,5",18,15,15,0,1.0,0.30466412545953825,0.6666666666666666,0.03799745879287162,0.0,0.0,0.4,0.3166379928588867,Feasible|selected=greedy
564,563,12,7,5,"ADD:0,7;ADD:1,1;ADD:4,2;ADD:5,5;ADD:5,9;ADD:7,4;ADD:8,9;REMOVE:3,7;REMOVE:4,4;REMOVE:5,8;REMOVE:6,1;REMOVE:8,8",0:8;1:-;2:-;3:7;4:4;5:8;6:1;7:-;8:8;9:-,0:7|8;1:1;2:-;3:-;4:2;5:5|9;6:-;7:4;8:9;9:-,0@0=1;0@1=1;0@4=1;0@5=1;0@6=1;0@9=1;1@1=1;4@4=1;4@5=1;4@9=1;5@5=1;5@9=1;7@4=1;8@9=1;8@2=2,"0,1,4,5,6,9,2",16,15,15,0,1.0,0.16503934642565998,0.8333333333333334,0.03170601309232653,0.0,0.0,0.7,0.34784412384033203,Feasible|selected=greedy
565,564,13,6,7,"ADD:0,2;ADD:3,7;ADD:4,7;ADD:5,8;ADD:6,4;ADD:7,5;REMOVE:0,7;REMOVE:0,8;REMOVE:1,1;REMOVE:4,2;REMOVE:5,5;REMOVE:5,9;REMOVE:7,4",0:7|8;1:1;2:-;3:-;4:2;5:5|9;6:-;7:4;8:9;9:-,0:2;1:-;2:-;3:7;4:7;5:8;6:4;7:5;8:9;9:-,0@0=2;0@2=1;0@3=2;0@4=2;0@5=2;3@0=1;3@4=1;4@3=1;4@4=1;5@4=1;5@7=1;5@8=1;6@4=1;7@5=1;8@7=1;8@6=1;8@9=1,"0,2,3,4,5,7,8,6,9",21,17,17,0,1.0,0.30085053900651626,0.875,0.025850539006516234,0.0,0.0,0.6,0.3582451343536377,Feasible|selected=greedy
566,565,11,6,5,"ADD:0,8;ADD:1,2;ADD:3,3;ADD:5,7;ADD:7,7;ADD:8,8;REMOVE:0,2;REMOVE:3,7;REMOVE:5,8;REMOVE:6,4;REMOVE:7,5",0:2;1:-;2:-;3:7;4:7;5:8;6:4;7:5;8:9;9:-,0:8;1:2;2:-;3:3;4:7;5:7;6:-;7:7;8:8|9;9:-,0@1=1;0@2=2;0@4=1;0@8=1;1@8=1;1@5=1;1@9=1;3@3=1;4@4=2;4@9=1;5@1=1;5@2=2;5@4=1;5@8=1;5@9=1;5@6=2;7@6=1;7@0=1;8@8=1;8@9=1,"1,2,4,8,5,9,3,6,0",24,20,20,0,1.0,0.13102540585798772,0.7142857142857143,0.016739691572273452,0.0,0.0,0.6,0.38884806632995605,Feasible|selected=greedy
567,566,12,5,7,"ADD:0,7;ADD:2,8;ADD:3,4;ADD:4,4;ADD:7,9;REMOVE:0,8;REMOVE:1,2;REMOVE:3,3;REMOVE:4,7;REMOVE:5,7;REMOVE:7,7;REMOVE:8,9",0:8;1:2;2:-;3:3;4:7;5:7;6:-;7:7;8:8|9;9:-,0:7;1:-;2:8;3:4;4:4;5:-;6:-;7:9;8:8;9:-,0@0=1;0@1=1;0@2=2;0@4=1;0@6=1;0@9=1;2@1=1;2@2=1;2@8=1;3@4=1;4@4=1;7@9=1;8@2=3;8@6=1;8@5=1,"0,1,2,4,6,9,8,5",18,15,15,0,1.0,0.3951394899408408,0.875,0.020139489940840798,0.0,0.0,0.5,0.327070951461792,Feasible|selected=greedy
568,567,10,4,6,"ADD:0,8;ADD:1,5;ADD:4,7;ADD:8,9;REMOVE:0,7;REMOVE:2,8;REMOVE:3,4;REMOVE:4,4;REMOVE:7,9;REMOVE:8,8",0:7;1:-;2:8;3:4;4:4;5:-;6:-;7:9;8:8;9:-,0:8;1:5;2:-;3:-;4:7;5:-;6:-;7:-;8:9;9:-,0@4=1;0@5=1;1@5=1;1@2=1;4@4=1;4@3=1;4@6=1;4@7=1;8@6=1;8@9=1,"4,5,2,3,6,7,9",10,10,10,0,1.0,0.632008317254727,1.0,0.03200831725472706,0.0,0.0,0.4,0.2794671058654785,Feasible|selected=greedy
569,568,8,4,4,"ADD:0,7;ADD:6,6;ADD:7,8;ADD:8,2;REMOVE:0,8;REMOVE:1,5;REMOVE:4,7;REMOVE:8,9",0:8;1:5;2:-;3:-;4:7;5:-;6:-;7:-;8:9;9:-,0:7;1:-;2:-;3:-;4:-;5:-;6:6;7:8;8:2;9:-,0@1=1;0@7=2;6@6=1;7@8=1;8@0=1;8@2=1;8@4=1,"1,7,6,8,0,2,4",8,7,7,0,1.0,0.6586111073474311,1.0,0.05861110734743119,0.0,0.0,0.4,0.2613520622253418,Feasible|selected=greedy
570,569,8,5,3,"ADD:3,8;ADD:4,7;ADD:5,1;ADD:7,2;ADD:8,4;REMOVE:6,6;REMOVE:7,8;REMOVE:8,2",0:7;1:-;2:-;3:-;4:-;5:-;6:6;7:8;8:2;9:-,0:7;1:-;2:-;3:8;4:7;5:1;6:-;7:2;8:4;9:-,0@1=3;0@2=1;0@3=1;0@7=1;3@1=1;3@5=1;3@6=1;4@1=1;4@2=1;4@3=1;4@4=1;5@1=1;7@2=2;8@2=1;8@6=1;8@4=3,"1,2,3,7,5,6,4",21,16,16,0,1.0,0.282992250257623,0.75,0.032992250257623035,0.0,0.0,0.5,0.3681480884552002,Feasible|selected=greedy
571,570,13,8,5,"ADD:0,2;ADD:0,8;ADD:1,7;ADD:2,8;ADD:3,0;ADD:5,7;ADD:6,8;ADD:8,7;REMOVE:0,7;REMOVE:3,8;REMOVE:5,1;REMOVE:7,2;REMOVE:8,4",0:7;1:-;2:-;3:8;4:7;5:1;6:-;7:2;8:4;9:-,0:2|8;1:7;2:8;3:0;4:7;5:7;6:8;7:-;8:7;9:-,0@1=2;0@2=1;0@3=1;0@4=2;0@5=1;0@8=2;1@2=1;1@7=1;2@1=1;2@2=1;2@8=2;3@0=1;4@3=1;4@7=1;5@1=2;5@2=1;5@8=2;5@7=1;5@0=1;6@8=1;8@1=3;8@8=1;8@0=1;8@6=1,"1,2,3,4,5,8,7,0,6",32,24,24,0,1.0,0.06166984779715967,0.8333333333333334,0.028336514463826245,0.0,0.0,0.7999999999999999,0.4856879711151123,Feasible|selected=greedy
572,571,10,4,6,"ADD:2,7;ADD:3,3;ADD:7,8;ADD:8,9;REMOVE:0,2;REMOVE:2,8;REMOVE:3,0;REMOVE:5,7;REMOVE:6,8;REMOVE:8,7",0:2|8;1:7;2:8;3:0;4:7;5:7;6:8;7:-;8:7;9:-,0:8;1:7;2:7;3:3;4:7;5:-;6:-;7:8;8:9;9:-,0@1=1;0@4=2;0@5=1;1@4=1;1@3=1;2@1=2;2@4=1;2@3=1;2@0=1;2@2=1;2@6=1;3@3=1;4@7=1;7@1=1;7@4=1;8@1=1;8@2=1;8@9=1,"1,4,5,3,0,2,6,7,9",20,18,18,0,1.0,0.2807694293247578,0.6666666666666666,0.014102762658091175,0.0,0.0,0.4,0.382871150970459,Feasible|selected=greedy
573,572,13,7,6,"ADD:0,0;ADD:1,2;ADD:2,8;ADD:3,1;ADD:4,8;ADD:5,9;ADD:7,9;REMOVE:0,8;REMOVE:1,7;REMOVE:2,7;REMOVE:3,3;REMOVE:4,7;REMOVE:7,8",0:8;1:7;2:7;3:3;4:7;5:-;6:-;7:8;8:9;9:-,0:0;1:2;2:8;3:1;4:8;5:9;6:-;7:9;8:9;9:-,0@0=1;1@2=1;2@2=1;2@1=1;2@5=1;2@6=1;3@1=2;4@5=1;4@8=1;5@7=1;5@9=1;7@1=1;7@9=1;8@1=1;8@9=1;8@3=1,"0,2,1,5,6,8,7,9,3",17,16,16,0,1.0,0.20458283678867772,0.8571428571428571,0.047439979645820606,0.0,0.0,0.7,0.36167001724243164,Feasible|selected=greedy
574,573,11,4,7,"ADD:0,3;ADD:4,1;ADD:7,3;ADD:8,8;REMOVE:0,0;REMOVE:1,2;REMOVE:3,1;REMOVE:4,8;REMOVE:5,9;REMOVE:7,9;REMOVE:8,9",0:0;1:2;2:8;3:1;4:8;5:9;6:-;7:9;8:9;9:-,0:3;1:-;2:8;3:-;4:1;5:-;6:-;7:3;8:8;9:-,0@2=1;0@3=1;2@1=3;2@4=2;4@1=1;7@3=1;8@1=1;8@5=1;8@7=1,"2,3,1,4,5,7",12,9,9,0,1.0,0.5016353686334483,0.875,0.02663536863344828,0.0,0.0,0.4,0.2666330337524414,Feasible|selected=greedy
575,574,8,4,4,"ADD:0,8;ADD:2,1;ADD:6,1;ADD:8,4;REMOVE:0,3;REMOVE:2,8;REMOVE:7,3;REMOVE:8,8",0:3;1:-;2:8;3:-;4:1;5:-;6:-;7:3;8:8;9:-,0:8;1:-;2:1;3:-;4:1;5:-;6:1;7:-;8:4;9:-,0@1=1;0@4=1;2@1=1;2@3=1;2@6=1;4@1=1;6@1=1;8@4=1,"1,4,3,6",8,8,8,0,1.0,0.4511345548088812,0.8,0.051134554808881225,0.0,0.0,0.4,0.23907184600830078,Feasible|selected=greedy
576,575,9,4,5,"ADD:3,2;ADD:4,4;ADD:5,0;ADD:7,6;REMOVE:0,8;REMOVE:2,1;REMOVE:4,1;REMOVE:6,1;REMOVE:8,4",0:8;1:-;2:1;3:-;4:1;5:-;6:1;7:-;8:4;9:-,0:-;1:-;2:-;3:2;4:4;5:0;6:-;7:6;8:-;9:-,3@2=2;3@8=1;4@4=1;5@0=1;7@6=1,"2,8,4,0,6",6,5,5,0,1.0,0.6849281296666286,1.0,0.08492812966662873,0.0,0.0,0.4,0.23250102996826172,Feasible|selected=greedy
577,576,11,7,4,"ADD:0,2;ADD:0,7;ADD:2,8;ADD:4,7;ADD:6,5;ADD:7,3;ADD:8,7;REMOVE:3,2;REMOVE:4,4;REMOVE:5,0;REMOVE:7,6",0:-;1:-;2:-;3:2;4:4;5:0;6:-;7:6;8:-;9:-,0:2|7;1:-;2:8;3:-;4:7;5:-;6:5;7:3;8:7;9:-,0@0=1;0@1=2;0@3=1;0@4=2;0@5=1;0@8=1;0@9=1;2@5=1;2@2=2;2@6=1;4@0=1;4@9=1;4@2=1;4@6=1;6@0=1;6@5=1;7@3=1;7@2=1;8@0=1;8@3=1;8@4=1,"0,1,3,4,5,8,9,2,6",24,21,21,0,1.0,0.3089788069230801,1.0,0.008978806923080037,0.0,0.0,0.7,0.4787118434906006,Feasible|selected=greedy
578,577,13,8,5,"ADD:2,7;ADD:3,7;ADD:3,8;ADD:4,8;ADD:5,3;ADD:6,1;ADD:7,6;ADD:8,2;REMOVE:2,8;REMOVE:4,7;REMOVE:6,5;REMOVE:7,3;REMOVE:8,7",0:2|7;1:-;2:8;3:-;4:7;5:-;6:5;7:3;8:7;9:-,0:2|7;1:-;2:7;3:7|8;4:8;5:3;6:1;7:6;8:2;9:-,0@0=1;0@1=1;0@2=1;0@3=2;0@4=2;0@5=1;0@6=2;0@9=2;2@0=1;2@1=2;2@2=2;2@4=2;3@0=1;3@1=1;3@4=1;3@5=1;4@2=1;4@4=1;4@8=1;5@1=2;5@2=1;5@3=1;6@1=1;7@4=2;7@6=1;8@2=2;8@4=1;8@5=1;8@9=1,"0,1,2,3,4,5,6,9,8",39,29,29,0,1.0,-0.06828705474649877,0.7142857142857143,0.017427230967786922,0.0,0.0,0.7999999999999999,0.4898502826690674,Feasible|selected=greedy
579,578,10,4,6,"ADD:0,8;ADD:5,7;ADD:6,4;ADD:8,8;REMOVE:0,2;REMOVE:3,8;REMOVE:5,3;REMOVE:6,1;REMOVE:7,6;REMOVE:8,2",0:2|7;1:-;2:7;3:7|8;4:8;5:3;6:1;7:6;8:2;9:-,0:7|8;1:-;2:7;3:7;4:8;5:7;6:4;7:-;8:8;9:-,0@0=1;0@1=1;0@3=1;0@4=1;0@5=1;0@8=1;2@0=1;2@4=1;2@8=1;3@3=1;3@2=1;3@7=1;4@1=1;4@4=3;5@4=1;5@9=1;6@4=1;6@2=1;6@6=1;8@8=1;8@7=1,"0,1,3,4,5,8,2,7,9,6",23,21,21,0,1.0,0.21723719719951684,0.6,0.017237197199516868,0.0,0.0,0.4,0.3859670162200928,Feasible|selected=greedy
580,579,9,4,5,"ADD:2,8;ADD:6,5;ADD:7,8;ADD:8,5;REMOVE:0,8;REMOVE:3,7;REMOVE:4,8;REMOVE:6,4;REMOVE:8,8",0:7|8;1:-;2:7;3:7;4:8;5:7;6:4;7:-;8:8;9:-,0:7;1:-;2:7|8;3:-;4:-;5:7;6:5;7:8;8:5;9:-,0@0=1;0@1=1;0@2=2;0@4=1;2@0=2;2@1=1;2@2=1;2@4=1;2@5=1;2@6=1;2@7=1;2@8=1;5@0=1;5@1=1;6@5=1;7@4=1;7@5=1;8@5=1,"0,1,2,4,5,6,7,8",20,18,18,0,1.0,0.24624691360728657,0.625,0.021246913607286543,0.0,0.0,0.4,0.34030795097351074,Feasible|selected=greedy
581,580,14,7,7,"ADD:0,5;ADD:0,8;ADD:1,9;ADD:3,5;ADD:4,1;ADD:5,6;ADD:8,8;REMOVE:0,7;REMOVE:2,7;REMOVE:2,8;REMOVE:5,7;REMOVE:6,5;REMOVE:7,8;REMOVE:8,5",0:7;1:-;2:7|8;3:-;4:-;5:7;6:5;7:8;8:5;9:-,0:5|8;1:9;2:-;3:5;4:1;5:6;6:-;7:-;8:8;9:-,0@2=2;0@3=1;0@5=2;0@6=1;0@8=1;1@2=1;1@1=1;3@5=1;4@1=1;5@6=1;5@1=1;5@4=2;8@2=1;8@6=1;8@8=3;8@1=2;8@4=1,"2,3,5,6,8,1,4",23,17,17,0,1.0,0.3405333449796988,1.0,0.04053334497969877,0.0,0.0,0.7,0.34268808364868164,Feasible|selected=greedy
582,581,13,6,7,"ADD:0,4;ADD:2,1;ADD:3,4;ADD:4,7;ADD:5,2;ADD:8,4;REMOVE:0,5;REMOVE:0,8;REMOVE:1,9;REMOVE:3,5;REMOVE:4,1;REMOVE:5,6;REMOVE:8,8",0:5|8;1:9;2:-;3:5;4:1;5:6;6:-;7:-;8:8;9:-,0:4;1:-;2:1;3:4;4:7;5:2;6:-;7:-;8:4;9:-,0@4=1;2@1=1;3@4=1;4@7=1;5@2=1;8@4=1,"4,1,7,2",6,6,6,0,1.0,0.5077338773172152,1.0,0.10773387731721508,0.0,0.0,0.6,0.23865318298339844,Feasible|selected=greedy
583,582,10,4,6,"ADD:0,9;ADD:4,8;ADD:5,0;ADD:8,9;REMOVE:0,4;REMOVE:2,1;REMOVE:3,4;REMOVE:4,7;REMOVE:5,2;REMOVE:8,4",0:4;1:-;2:1;3:4;4:7;5:2;6:-;7:-;8:4;9:-,0:9;1:-;2:-;3:-;4:8;5:0;6:-;7:-;8:9;9:-,0@9=1;4@1=1;4@2=1;4@4=2;5@0=1;8@1=1;8@2=2;8@6=1,"9,1,2,4,0,6",10,8,8,0,1.0,0.6228847306409496,1.0,0.022884730640949598,0.0,0.0,0.4,0.254580020904541,Feasible|selected=greedy
584,583,11,7,4,"ADD:0,8;ADD:3,4;ADD:4,3;ADD:5,7;ADD:6,6;ADD:7,9;ADD:8,7;REMOVE:0,9;REMOVE:4,8;REMOVE:5,0;REMOVE:8,9",0:9;1:-;2:-;3:-;4:8;5:0;6:-;7:-;8:9;9:-,0:8;1:-;2:-;3:4;4:3;5:7;6:6;7:9;8:7;9:-,0@1=1;0@2=1;0@4=1;0@5=1;0@6=1;3@4=1;4@1=1;4@2=1;4@3=1;5@2=1;5@4=1;5@6=2;5@9=2;6@6=1;7@2=2;7@3=1;7@9=1;8@9=1;8@0=1;8@8=1,"1,2,4,5,6,3,9,0,8",23,20,20,0,1.0,0.3181949948399989,1.0,0.018194994839998806,0.0,0.0,0.7,0.4218871593475342,Feasible|selected=greedy
585,584,15,9,6,"ADD:0,9;ADD:3,7;ADD:4,7;ADD:4,8;ADD:5,9;ADD:6,2;ADD:6,9;ADD:7,8;ADD:8,2;REMOVE:0,8;REMOVE:3,4;REMOVE:4,3;REMOVE:5,7;REMOVE:6,6;REMOVE:8,7",0:8;1:-;2:-;3:4;4:3;5:7;6:6;7:9;8:7;9:-,0:9;1:-;2:-;3:7;4:7|8;5:9;6:2|9;7:8|9;8:2;9:-,0@1=1;0@2=1;3@1=1;3@2=1;3@0=1;3@4=2;4@1=2;4@4=2;4@3=1;4@5=1;4@6=2;4@7=1;5@9=1;6@1=1;6@2=1;6@4=2;6@5=3;6@9=1;7@9=1;7@8=2;8@2=2;8@0=1;8@4=1;8@5=1,"1,2,0,4,3,5,6,7,9,8",33,24,24,0,1.0,-0.018346424003798267,0.8571428571428571,0.024510718853344594,0.0,0.0,0.8999999999999999,0.4199252128601074,Feasible|selected=greedy
586,585,15,6,9,"ADD:1,5;ADD:2,3;ADD:3,3;ADD:5,7;ADD:6,7;ADD:8,7;REMOVE:0,9;REMOVE:3,7;REMOVE:4,7;REMOVE:5,9;REMOVE:6,2;REMOVE:6,9;REMOVE:7,8;REMOVE:7,9;REMOVE:8,2",0:9;1:-;2:-;3:7;4:7|8;5:9;6:2|9;7:8|9;8:2;9:-,0:-;1:5;2:3;3:3;4:8;5:7;6:7;7:-;8:7;9:-,1@5=1;2@3=1;3@5=1;3@3=1;3@9=1;4@1=1;4@4=2;4@6=1;4@8=2;5@9=1;5@4=1;5@6=1;5@8=1;5@2=1;6@3=1;6@4=1;6@6=3;6@8=1;6@2=2;6@0=1;8@7=1,"5,3,9,1,4,6,8,2,0,7",26,21,21,0,1.0,0.32227252274255036,0.9,0.022272522742550274,0.0,0.0,0.6,0.38902807235717773,Feasible|selected=greedy
587,586,13,6,7,"ADD:3,4;ADD:4,7;ADD:5,2;ADD:6,8;ADD:7,9;ADD:8,4;REMOVE:1,5;REMOVE:2,3;REMOVE:3,3;REMOVE:4,8;REMOVE:5,7;REMOVE:6,7;REMOVE:8,7",0:-;1:5;2:3;3:3;4:8;5:7;6:7;7:-;8:7;9:-,0:-;1:-;2:-;3:4;4:7;5:2;6:8;7:9;8:4;9:-,3@4=1;4@4=1;4@1=1;4@2=4;4@3=1;4@6=1;5@4=1;5@2=2;5@0=1;6@4=1;6@1=2;6@2=1;6@7=1;6@8=1;7@6=1;7@9=1;8@4=1;8@2=2,"4,1,2,3,6,0,7,8,9",24,18,18,0,1.0,0.4237189273355052,1.0,0.02371892733550513,0.0,0.0,0.6,0.35262393951416016,Feasible|selected=greedy
588,587,12,6,6,"ADD:3,7;ADD:4,3;ADD:5,4;ADD:6,7;ADD:7,7;ADD:8,1;REMOVE:3,4;REMOVE:4,7;REMOVE:5,2;REMOVE:6,8;REMOVE:7,9;REMOVE:8,4",0:-;1:-;2:-;3:4;4:7;5:2;6:8;7:9;8:4;9:-,0:-;1:-;2:-;3:7;4:3;5:4;6:7;7:7;8:1;9:-,3@4=2;3@9=1;4@9=1;4@1=1;4@2=2;4@3=1;4@5=1;5@4=2;6@4=1;6@9=1;6@1=1;6@2=3;6@6=1;6@7=1;7@4=1;7@9=1;7@1=1;7@3=1;7@7=1;8@1=1,"4,9,1,2,3,5,6,7",25,20,20,0,1.0,0.4220066029768318,1.0,0.022006602976831692,0.0,0.0,0.6,0.35361218452453613,Feasible|selected=greedy
589,588,12,6,6,"ADD:2,6;ADD:3,4;ADD:4,2;ADD:5,7;ADD:6,8;ADD:8,6;REMOVE:3,7;REMOVE:4,3;REMOVE:5,4;REMOVE:6,7;REMOVE:7,7;REMOVE:8,1",0:-;1:-;2:-;3:7;4:3;5:4;6:7;7:7;8:1;9:-,0:-;1:-;2:6;3:4;4:2;5:7;6:8;7:-;8:6;9:-,2@6=1;3@4=1;4@4=2;4@0=2;4@2=1;4@3=1;4@8=1;5@4=1;5@9=1;6@8=1;8@6=1,"6,4,0,2,3,8,9",13,11,11,0,1.0,0.439715972136023,1.0,0.03971597213602307,0.0,0.0,0.6,0.2895088195800781,Feasible|selected=greedy
590,589,10,5,5,"ADD:1,1;ADD:4,9;ADD:5,9;ADD:7,7;ADD:8,4;REMOVE:2,6;REMOVE:3,4;REMOVE:4,2;REMOVE:5,7;REMOVE:8,6",0:-;1:-;2:6;3:4;4:2;5:7;6:8;7:-;8:6;9:-,0:-;1:1;2:-;3:-;4:9;5:9;6:8;7:7;8:4;9:-,1@1=1;4@9=1;5@9=1;5@2=1;6@2=1;6@4=1;6@8=1;7@4=1;7@7=1;8@4=1,"1,9,2,4,8,7",10,10,10,0,1.0,0.39373843969763334,0.8333333333333334,0.060405106364299986,0.0,0.0,0.5,0.27880287170410156,Feasible|selected=greedy
591,590,9,5,4,"ADD:3,5;ADD:3,9;ADD:4,7;ADD:5,7;ADD:8,7;REMOVE:1,1;REMOVE:4,9;REMOVE:5,9;REMOVE:8,4",0:-;1:1;2:-;3:-;4:9;5:9;6:8;7:7;8:4;9:-,0:-;1:-;2:-;3:5|9;4:7;5:7;6:8;7:7;8:7;9:-,3@3=1;3@5=2;3@6=1;4@3=1;4@6=2;4@0=1;4@1=1;4@2=2;4@4=1;4@7=1;4@8=1;5@6=1;5@0=1;5@1=1;5@9=2;6@8=1;7@3=1;7@4=1;8@6=1;8@1=1;8@2=1;8@4=1;8@7=1;8@9=1,"3,5,6,0,1,2,4,7,8,9",28,24,24,0,1.0,0.18509268869813644,0.6666666666666666,0.01842602203146979,0.0,0.0,0.5,0.4133579730987549,Feasible|selected=greedy
592,591,7,4,3,"ADD:2,9;ADD:3,7;ADD:4,3;ADD:6,7;REMOVE:3,5;REMOVE:3,9;REMOVE:6,8",0:-;1:-;2:-;3:5|9;4:7;5:7;6:8;7:7;8:7;9:-,0:-;1:-;2:9;3:7;4:3|7;5:7;6:7;7:7;8:7;9:-,2@9=1;3@0=1;3@1=2;3@3=1;3@4=2;3@6=1;4@9=2;4@1=1;4@3=1;4@4=4;4@6=1;4@5=1;5@9=1;5@0=2;5@1=1;5@4=2;5@7=1;6@9=1;6@1=2;6@4=1;6@2=1;7@9=1;7@4=2;7@7=1;7@2=2;8@9=1;8@1=1;8@4=1;8@8=1,"9,0,1,3,4,6,5,7,2,8",40,29,29,0,1.0,0.038204230912072534,0.42857142857142855,0.009632802340643995,0.0,0.0,0.4,0.43425917625427246,Feasible|selected=greedy
593,592,10,4,6,"ADD:2,7;ADD:4,8;ADD:5,8;ADD:8,9;REMOVE:2,9;REMOVE:4,3;REMOVE:4,7;REMOVE:5,7;REMOVE:6,7;REMOVE:8,7",0:-;1:-;2:9;3:7;4:3|7;5:7;6:7;7:7;8:7;9:-,0:-;1:-;2:7;3:7;4:8;5:8;6:-;7:7;8:9;9:-,2@1=1;2@4=1;2@6=1;2@7=2;3@1=1;3@6=1;3@7=1;3@0=1;3@2=2;4@4=1;4@6=1;4@7=1;4@2=2;4@8=1;5@6=1;5@2=1;5@8=1;5@5=1;7@4=2;7@6=1;7@0=1;7@2=2;7@8=1;7@3=1;7@9=1;8@6=1;8@2=2;8@3=1,"1,4,6,7,0,2,8,5,3,9",34,28,28,0,1.0,0.3655453568851236,0.75,0.015545356885123566,0.0,0.0,0.4,0.41393303871154785,Feasible|selected=greedy
594,593,11,5,6,"ADD:2,9;ADD:3,8;ADD:4,2;ADD:5,7;ADD:7,4;REMOVE:2,7;REMOVE:3,7;REMOVE:4,8;REMOVE:5,8;REMOVE:7,7;REMOVE:8,9",0:-;1:-;2:7;3:7;4:8;5:8;6:-;7:7;8:9;9:-,0:-;1:-;2:9;3:8;4:2;5:7;6:-;7:4;8:-;9:-,2@9=1;3@1=1;3@2=2;3@4=2;4@9=1;4@2=1;4@5=1;5@4=2;5@3=1;5@6=2;7@2=3;7@4=1,"9,1,2,4,5,3,6",18,12,12,0,1.0,0.5157040017900714,1.0,0.015704001790071274,0.0,0.0,0.5,0.2892570495605469,Feasible|selected=greedy
595,594,8,5,3,"ADD:0,0;ADD:3,0;ADD:5,2;ADD:7,2;ADD:8,7;REMOVE:3,8;REMOVE:5,7;REMOVE:7,4",0:-;1:-;2:9;3:8;4:2;5:7;6:-;7:4;8:-;9:-,0:0;1:-;2:9;3:0;4:2;5:2;6:-;7:2;8:7;9:-,0@0=1;2@1=1;2@2=1;2@9=1;3@0=1;4@2=2;4@3=1;4@4=1;4@5=1;5@0=2;5@2=1;5@8=1;7@2=1;7@9=1;7@3=1;7@4=2;7@5=1;8@0=1;8@1=1;8@4=3,"0,1,2,9,3,4,5,8",25,20,20,0,1.0,0.12996628369566532,0.6,0.029966283695665306,0.0,0.0,0.5,0.37996912002563477,Feasible|selected=greedy
596,595,11,4,7,"ADD:2,8;ADD:4,7;ADD:5,7;ADD:7,4;REMOVE:0,0;REMOVE:2,9;REMOVE:3,0;REMOVE:4,2;REMOVE:5,2;REMOVE:7,2;REMOVE:8,7",0:0;1:-;2:9;3:0;4:2;5:2;6:-;7:2;8:7;9:-,0:-;1:-;2:8;3:-;4:7;5:7;6:-;7:4;8:-;9:-,2@1=2;2@4=1;4@0=1;4@7=1;5@4=1;5@7=1;7@4=1,"1,4,0,7",8,7,7,0,1.0,0.6386224947108247,1.0,0.03862249471082472,0.0,0.0,0.4,0.23328685760498047,Feasible|selected=greedy
597,596,10,6,4,"ADD:1,1;ADD:3,4;ADD:4,0;ADD:5,2;ADD:7,6;ADD:8,8;REMOVE:2,8;REMOVE:4,7;REMOVE:5,7;REMOVE:7,4",0:-;1:-;2:8;3:-;4:7;5:7;6:-;7:4;8:-;9:-,0:-;1:1;2:-;3:4;4:0;5:2;6:-;7:6;8:8;9:-,1@1=1;3@4=1;4@0=1;5@4=1;5@2=1;5@9=1;7@1=1;7@6=1;8@4=1;8@6=2;8@5=1;8@8=1,"1,4,0,2,9,6,5,8",13,12,12,0,1.0,0.44640507670565877,1.0,0.0464050767056587,0.0,0.0,0.6,0.3075981140136719,Feasible|selected=greedy
598,597,12,7,5,"ADD:0,8;ADD:2,8;ADD:3,1;ADD:4,8;ADD:5,7;ADD:7,3;ADD:8,2;REMOVE:1,1;REMOVE:3,4;REMOVE:4,0;REMOVE:7,6;REMOVE:8,8",0:-;1:1;2:-;3:4;4:0;5:2;6:-;7:6;8:8;9:-,0:8;1:-;2:8;3:1;4:8;5:2|7;6:-;7:3;8:2;9:-,0@1=2;0@2=1;0@4=1;0@5=1;0@6=1;0@8=1;2@4=1;2@5=1;3@1=1;4@2=1;4@4=3;4@6=3;4@8=3;5@2=2;5@4=2;5@5=1;5@6=1;5@0=1;5@3=1;7@1=1;7@2=1;7@5=1;7@3=1;7@9=1;8@2=1;8@8=1;8@3=1;8@9=1,"1,2,4,5,6,8,0,3,9",37,28,28,0,1.0,0.1593517360545168,0.8333333333333334,0.026018402721183363,0.0,0.0,0.7,0.49173808097839355,Feasible|selected=greedy
599,598,13,6,7,"ADD:0,2;ADD:2,7;ADD:3,7;ADD:5,3;ADD:7,8;ADD:8,8;REMOVE:0,8;REMOVE:2,8;REMOVE:3,1;REMOVE:5,2;REMOVE:5,7;REMOVE:7,3;REMOVE:8,2",0:8;1:-;2:8;3:1;4:8;5:2|7;6:-;7:3;8:2;9:-,0:2;1:-;2:7;3:7;4:8;5:3;6:-;7:8;8:8;9:-,0@0=2;0@2=2;0@3=1;0@4=1;0@5=1;0@7=1;0@8=1;2@3=1;2@4=1;2@9=2;3@0=1;3@2=1;3@7=1;3@9=1;4@4=1;4@1=2;5@3=1;7@2=2;7@4=1;7@8=1;8@8=1;8@6=1,"0,2,3,4,5,7,8,9,1,6",27,22,22,0,1.0,0.2974550926497441,0.875,0.02245509264974413,0.0,0.0,0.6,0.4217519760131836,Feasible|selected=greedy
600,599,10,5,5,"ADD:0,8;ADD:2,9;ADD:4,7;ADD:5,1;ADD:8,6;REMOVE:2,7;REMOVE:3,7;REMOVE:4,8;REMOVE:5,3;REMOVE:8,8",0:2;1:-;2:7;3:7;4:8;5:3;6:-;7:8;8:8;9:-,0:2|8;1:-;2:9;3:-;4:7;5:1;6:-;7:8;8:6;9:-,0@0=1;0@1=2;0@2=3;0@3=3;0@4=1;0@5=1;0@8=1;2@1=1;2@2=1;2@7=3;2@9=2;4@2=1;4@7=2;5@1=1;5@3=1;5@8=1;7@1=1;7@8=2;7@6=1;8@4=2;8@9=1;8@6=1,"0,1,2,3,4,5,8,7,9,6",33,22,22,0,1.0,0.24768070627848693,0.7142857142857143,0.03339499199277266,0.0,0.0,0.5,0.38755106925964355,Feasible|selected=greedy
601,600,10,5,5,"ADD:0,7;ADD:2,8;ADD:3,4;ADD:5,8;ADD:7,5;REMOVE:0,2;REMOVE:0,8;REMOVE:2,9;REMOVE:5,1;REMOVE:8,6",0:2|8;1:-;2:9;3:-;4:7;5:1;6:-;7:8;8:6;9:-,0:7;1:-;2:8;3:4;4:7;5:8;6:-;7:5|8;8:-;9:-,0@1=1;0@2=1;0@3=1;0@4=1;0@6=1;2@1=1;2@4=1;2@5=1;2@7=1;3@4=1;4@1=3;4@2=1;4@6=1;4@7=1;5@2=1;5@8=1;7@1=1;7@5=1;7@7=1,"1,2,3,4,6,5,7,8",21,19,19,0,1.0,0.23394504603684207,0.7142857142857143,0.019659331751127808,0.0,0.0,0.5,0.37415623664855957,Feasible|selected=greedy
602,601,14,7,7,"ADD:0,2;ADD:2,7;ADD:3,7;ADD:4,2;ADD:5,3;ADD:7,1;ADD:8,7;REMOVE:0,7;REMOVE:2,8;REMOVE:3,4;REMOVE:4,7;REMOVE:5,8;REMOVE:7,5;REMOVE:7,8",0:7;1:-;2:8;3:4;4:7;5:8;6:-;7:5|8;8:-;9:-,0:2;1:-;2:7;3:7;4:2;5:3;6:-;7:1;8:7;9:-,0@2=1;0@4=1;0@8=1;0@9=1;2@2=1;2@4=1;2@9=1;2@0=1;2@6=1;3@6=1;3@7=1;4@2=1;5@3=1;7@1=1;8@4=1;8@7=1;8@1=1,"2,4,8,9,0,6,7,3,1",17,17,17,0,1.0,0.3335002010821073,1.0,0.033500201082107314,0.0,0.0,0.7,0.36189985275268555,Feasible|selected=greedy
603,602,12,6,6,"ADD:0,7;ADD:2,2;ADD:5,7;ADD:7,7;ADD:7,8;ADD:8,4;REMOVE:0,2;REMOVE:2,7;REMOVE:4,2;REMOVE:5,3;REMOVE:7,1;REMOVE:8,7",0:2;1:-;2:7;3:7;4:2;5:3;6:-;7:1;8:7;9:-,0:7;1:-;2:2;3:7;4:-;5:7;6:-;7:7|8;8:4;9:-,0@0=1;0@1=1;0@2=1;0@6=1;2@4=2;2@5=1;2@9=1;3@7=1;5@6=1;5@7=1;7@6=1;7@4=1;7@5=1;7@3=1;8@2=2;8@4=2,"0,1,2,6,4,5,9,7,3",19,16,16,0,1.0,0.2774827704602165,0.8571428571428571,0.020339913317359445,0.0,0.0,0.6,0.359050989151001,Feasible|selected=greedy
604,603,12,6,6,"ADD:0,4;ADD:2,7;ADD:3,8;ADD:4,7;ADD:7,4;ADD:8,5;REMOVE:0,7;REMOVE:2,2;REMOVE:3,7;REMOVE:7,7;REMOVE:7,8;REMOVE:8,4",0:7;1:-;2:2;3:7;4:-;5:7;6:-;7:7|8;8:4;9:-,0:4;1:-;2:7;3:8;4:7;5:7;6:-;7:4;8:5;9:-,0@4=1;2@2=1;2@7=1;3@6=1;3@8=1;4@4=2;4@2=1;4@7=1;4@3=2;5@4=2;5@7=1;5@6=1;5@9=1;7@4=1;8@5=1,"4,2,7,6,8,3,9,5",18,15,15,0,1.0,0.298113304940986,0.8571428571428571,0.04097044779812886,0.0,0.0,0.6,0.32552480697631836,Feasible|selected=greedy
605,604,12,5,7,"ADD:3,7;ADD:4,9;ADD:5,3;ADD:7,8;ADD:8,7;REMOVE:0,4;REMOVE:2,7;REMOVE:3,8;REMOVE:4,7;REMOVE:5,7;REMOVE:7,4;REMOVE:8,5",0:4;1:-;2:7;3:8;4:7;5:7;6:-;7:4;8:5;9:-,0:-;1:-;2:-;3:7;4:9;5:3;6:-;7:8;8:7;9:-,3@0=1;3@9=1;4@9=1;4@2=1;4@6=2;4@7=1;5@2=1;5@3=1;7@2=1;7@6=1;7@5=1;8@7=1;8@1=1,"0,9,2,6,7,3,5,1",14,13,13,0,1.0,0.519685159805547,1.0,0.019685159805546946,0.0,0.0,0.5,0.32117486000061035,Feasible|selected=greedy
606,605,13,9,4,"ADD:0,9;ADD:1,2;ADD:2,3;ADD:3,9;ADD:4,2;ADD:5,7;ADD:6,4;ADD:7,7;ADD:8,4;REMOVE:3,7;REMOVE:4,9;REMOVE:5,3;REMOVE:8,7",0:-;1:-;2:-;3:7;4:9;5:3;6:-;7:8;8:7;9:-,0:9;1:2;2:3;3:9;4:2;5:7;6:4;7:7|8;8:4;9:-,0@9=1;1@2=1;2@3=1;3@9=1;3@7=1;4@9=1;4@2=4;4@0=1;4@4=2;4@8=1;5@3=1;5@0=1;5@8=1;5@1=1;6@4=1;7@9=1;7@7=1;7@4=1;7@1=2;7@5=1;8@4=1,"9,2,3,7,0,4,8,1,5",26,21,21,0,1.0,-0.060424450059114676,0.8,0.03957554994088523,0.0,0.0,0.8999999999999999,0.4195058345794678,Feasible|selected=greedy
607,606,13,5,8,"ADD:1,7;ADD:1,8;ADD:3,2;ADD:7,2;ADD:8,9;REMOVE:0,9;REMOVE:1,2;REMOVE:2,3;REMOVE:3,9;REMOVE:6,4;REMOVE:7,7;REMOVE:7,8;REMOVE:8,4",0:9;1:2;2:3;3:9;4:2;5:7;6:4;7:7|8;8:4;9:-,0:-;1:7|8;2:-;3:2;4:2;5:7;6:-;7:2;8:9;9:-,1@0=1;1@1=2;1@2=2;1@4=1;1@5=1;1@6=1;1@8=1;1@9=1;3@2=1;4@0=1;4@2=2;4@4=2;4@5=1;5@1=1;5@2=1;5@4=1;5@7=1;7@2=1;7@5=1;7@7=1;8@9=1,"0,1,2,4,5,6,8,9,7",25,21,21,0,1.0,0.33017829871720084,0.8,0.030178298717200753,0.0,0.0,0.5,0.3695061206817627,Feasible|selected=greedy
608,607,10,5,5,"ADD:0,7;ADD:1,4;ADD:4,8;ADD:7,5;ADD:8,7;REMOVE:1,7;REMOVE:1,8;REMOVE:4,2;REMOVE:7,2;REMOVE:8,9",0:-;1:7|8;2:-;3:2;4:2;5:7;6:-;7:2;8:9;9:-,0:7;1:4;2:-;3:2;4:8;5:7;6:-;7:5;8:7;9:-,0@1=1;0@2=1;0@4=1;0@6=1;0@8=1;0@9=2;1@2=2;1@4=5;1@6=1;3@2=1;3@4=1;3@9=1;4@1=1;4@2=2;4@4=1;4@8=1;4@5=1;5@1=1;5@4=2;5@3=1;7@5=1;7@0=1;8@1=1;8@4=1;8@9=1;8@3=1,"1,2,4,6,8,9,5,3,0",34,26,26,0,1.0,0.23872353661792467,0.7142857142857143,0.024437822332210393,0.0,0.0,0.5,0.4179511070251465,Feasible|selected=greedy
609,608,9,5,4,"ADD:0,8;ADD:1,7;ADD:3,8;ADD:4,7;ADD:7,0;REMOVE:1,4;REMOVE:3,2;REMOVE:4,8;REMOVE:7,5",0:7;1:4;2:-;3:2;4:8;5:7;6:-;7:5;8:7;9:-,0:7|8;1:7;2:-;3:8;4:7;5:7;6:-;7:0;8:7;9:-,0@1=1;0@2=1;0@3=1;0@4=1;0@5=1;0@6=1;0@7=1;0@8=2;1@1=1;1@2=1;1@3=1;1@4=1;1@7=1;1@0=1;1@9=3;3@2=1;3@5=1;3@8=1;4@2=4;4@4=2;4@7=2;5@1=1;5@2=1;5@4=1;5@7=1;7@0=1;8@3=1;8@4=1,"1,2,3,4,5,6,7,8,0,9",36,28,28,0,1.0,0.09630935355271475,0.5714285714285714,0.02488078212414332,0.0,0.0,0.5,0.4226400852203369,Feasible|selected=greedy
610,609,9,3,6,"ADD:3,3;ADD:4,9;ADD:5,8;REMOVE:0,8;REMOVE:3,8;REMOVE:4,7;REMOVE:5,7;REMOVE:7,0;REMOVE:8,7",0:7|8;1:7;2:-;3:8;4:7;5:7;6:-;7:0;8:7;9:-,0:7;1:7;2:-;3:3;4:9;5:8;6:-;7:-;8:-;9:-,0@1=1;0@2=1;0@3=1;0@4=1;0@6=2;1@1=1;1@2=1;1@0=1;1@7=1;3@3=1;4@1=1;4@2=1;5@1=1;5@4=1;5@5=1,"1,2,3,4,6,0,7,5",16,15,15,0,1.0,0.4629030466219701,0.75,0.012903046621970149,0.0,0.0,0.30000000000000004,0.32105422019958496,Feasible|selected=greedy
611,610,7,3,4,"ADD:0,2;ADD:5,6;ADD:7,7;REMOVE:0,7;REMOVE:1,7;REMOVE:3,3;REMOVE:5,8",0:7;1:7;2:-;3:3;4:9;5:8;6:-;7:-;8:-;9:-,0:2;1:-;2:-;3:-;4:9;5:6;6:-;7:7;8:-;9:-,0@0=1;0@2=1;4@9=1;5@1=1;5@6=1;7@0=1;7@3=1,"0,2,9,1,6,3",7,7,7,0,1.0,0.5453426798801282,0.8,0.045342679880128155,0.0,0.0,0.30000000000000004,0.24255704879760742,Feasible|selected=greedy
612,611,7,4,3,"ADD:0,7;ADD:4,8;ADD:5,5;ADD:8,8;REMOVE:0,2;REMOVE:4,9;REMOVE:5,6",0:2;1:-;2:-;3:-;4:9;5:6;6:-;7:7;8:-;9:-,0:7;1:-;2:-;3:-;4:8;5:5;6:-;7:7;8:8;9:-,0@2=1;0@4=4;0@7=1;4@2=2;4@7=1;4@6=1;4@8=1;5@0=1;5@5=1;7@4=1;7@0=1;7@1=1;8@2=2;8@4=2;8@1=1,"2,4,7,6,8,0,5,1",21,15,15,0,1.0,0.3646911631536792,0.75,0.014691163153679293,0.0,0.0,0.4,0.3263070583343506,Feasible|selected=greedy
613,612,9,5,4,"ADD:1,5;ADD:4,7;ADD:5,8;ADD:7,9;ADD:8,7;REMOVE:4,8;REMOVE:5,5;REMOVE:7,7;REMOVE:8,8",0:7;1:-;2:-;3:-;4:8;5:5;6:-;7:7;8:8;9:-,0:7;1:5;2:-;3:-;4:7;5:8;6:-;7:9;8:7;9:-,0@0=2;0@1=1;0@2=4;0@4=3;0@7=1;0@9=1;1@5=1;4@0=1;4@2=2;4@7=1;4@9=1;4@8=1;5@1=1;5@4=1;5@8=1;7@9=1;7@3=1;7@6=1;8@7=1,"0,1,2,4,7,9,5,8,3,6",26,19,19,0,1.0,0.32285274483923165,0.8,0.022852744839231654,0.0,0.0,0.5,0.36400628089904785,Feasible|selected=greedy
614,613,9,4,5,"ADD:0,8;ADD:4,8;ADD:5,7;ADD:7,8;REMOVE:0,7;REMOVE:1,5;REMOVE:4,7;REMOVE:5,8;REMOVE:7,9",0:7;1:5;2:-;3:-;4:7;5:8;6:-;7:9;8:7;9:-,0:8;1:-;2:-;3:-;4:8;5:7;6:-;7:8;8:7;9:-,0@2=1;0@8=3;4@5=2;4@7=1;5@3=1;5@4=1;5@6=1;7@8=1;7@6=1;8@7=1,"2,8,5,7,3,4,6",13,10,10,0,1.0,0.4697654087060025,0.8333333333333334,0.03643207537266909,0.0,0.0,0.4,0.2892642021179199,Feasible|selected=greedy
615,614,8,6,2,"ADD:0,7;ADD:1,4;ADD:2,3;ADD:3,2;ADD:4,2;ADD:7,2;REMOVE:0,8;REMOVE:7,8",0:8;1:-;2:-;3:-;4:8;5:7;6:-;7:8;8:7;9:-,0:7;1:4;2:3;3:2;4:2|8;5:7;6:-;7:2;8:7;9:-,0@2=3;0@4=1;0@6=1;0@7=1;1@2=2;1@4=1;2@3=1;3@2=1;4@2=1;4@4=2;4@0=2;4@1=1;4@5=3;5@2=1;5@4=1;5@6=1;5@7=1;5@1=1;5@9=1;7@2=1;8@4=1;8@3=1;8@8=1,"2,4,6,7,3,0,1,5,9,8",30,23,23,0,1.0,-0.17704173412831326,0.4,0.022958265871686694,0.0,0.0,0.6,0.4134180545806885,Feasible|selected=greedy
616,615,12,4,8,"ADD:1,7;ADD:3,3;ADD:5,2;ADD:7,4;REMOVE:0,7;REMOVE:1,4;REMOVE:2,3;REMOVE:3,2;REMOVE:4,8;REMOVE:5,7;REMOVE:7,2;REMOVE:8,7",0:7;1:4;2:3;3:2;4:2|8;5:7;6:-;7:2;8:7;9:-,0:-;1:7;2:-;3:3;4:2;5:2;6:-;7:4;8:-;9:-,1@1=1;1@2=2;1@3=1;1@4=1;1@8=3;3@3=1;4@2=1;4@3=1;4@4=1;4@5=1;4@9=1;5@2=1;7@2=1;7@4=1,"1,2,3,4,8,5,9",17,14,14,0,1.0,0.5119499470488035,0.8888888888888888,0.023061058159914667,0.0,0.0,0.4,0.30304789543151855,Feasible|selected=greedy
617,616,8,3,5,"ADD:1,9;ADD:4,7;ADD:5,9;REMOVE:1,7;REMOVE:3,3;REMOVE:4,2;REMOVE:5,2;REMOVE:7,4",0:-;1:7;2:-;3:3;4:2;5:2;6:-;7:4;8:-;9:-,0:-;1:9;2:-;3:-;4:7;5:9;6:-;7:-;8:-;9:-,1@3=2;1@6=1;1@9=1;4@3=1;4@6=1;4@9=1;4@2=2;4@4=1;5@9=1,"3,6,9,2,4",11,9,9,0,1.0,0.7196482986172694,1.0,0.019648298617269556,0.0,0.0,0.30000000000000004,0.24024701118469238,Feasible|selected=greedy
618,617,6,3,3,"ADD:4,9;ADD:7,2;ADD:8,2;REMOVE:1,9;REMOVE:4,7;REMOVE:5,9",0:-;1:9;2:-;3:-;4:7;5:9;6:-;7:-;8:-;9:-,0:-;1:-;2:-;3:-;4:9;5:-;6:-;7:2;8:2;9:-,4@1=1;4@9=1;7@0=1;7@4=1;7@5=1;8@4=1;8@2=2;8@3=1,"1,9,0,4,5,2,3",9,8,8,0,1.0,0.7347405590809075,1.0,0.0347405590809076,0.0,0.0,0.30000000000000004,0.2560842037200928,Feasible|selected=greedy
619,618,11,9,2,"ADD:0,2;ADD:0,7;ADD:1,7;ADD:2,7;ADD:2,8;ADD:4,3;ADD:4,7;ADD:5,8;ADD:8,7;REMOVE:4,9;REMOVE:8,2",0:-;1:-;2:-;3:-;4:9;5:-;6:-;7:2;8:2;9:-,0:2|7;1:7;2:7|8;3:-;4:3|7;5:8;6:-;7:2;8:7;9:-,0@0=1;0@2=1;0@3=1;0@4=1;0@5=2;0@6=1;0@7=1;1@0=1;1@2=2;1@4=1;1@6=1;1@7=1;1@1=1;2@0=2;2@5=2;2@7=1;2@1=1;2@8=1;4@2=1;4@3=1;4@4=1;4@5=1;4@7=1;4@1=1;5@4=1;5@8=1;7@2=2;8@0=1;8@2=1;8@7=1,"0,2,3,4,5,6,7,1,8",35,30,30,0,1.0,-0.2037578311841669,0.6666666666666666,0.029575502149166415,0.0,0.0,0.8999999999999999,0.5058901309967041,Feasible|selected=greedy
620,619,10,4,6,"ADD:0,8;ADD:1,2;ADD:4,9;ADD:7,7;REMOVE:0,2;REMOVE:1,7;REMOVE:2,7;REMOVE:4,3;REMOVE:4,7;REMOVE:7,2",0:2|7;1:7;2:7|8;3:-;4:3|7;5:8;6:-;7:2;8:7;9:-,0:7|8;1:2;2:8;3:-;4:9;5:8;6:-;7:7;8:7;9:-,0@1=3;0@2=3;0@4=1;0@5=1;0@6=2;0@7=2;0@9=1;1@2=3;1@4=2;1@5=1;1@7=2;1@9=1;1@3=1;1@8=1;2@4=1;2@8=1;4@1=2;4@6=1;4@9=1;4@3=2;5@4=1;5@5=1;5@8=1;7@1=1;7@0=1;8@4=2;8@6=1;8@0=1,"1,2,4,5,6,7,9,3,8,0",41,28,28,0,1.0,0.21971419251606905,0.6,0.019714192516069127,0.0,0.0,0.4,0.42003464698791504,Feasible|selected=greedy
621,620,13,5,8,"ADD:0,4;ADD:1,8;ADD:4,7;ADD:5,4;ADD:8,9;REMOVE:0,7;REMOVE:0,8;REMOVE:1,2;REMOVE:2,8;REMOVE:4,9;REMOVE:5,8;REMOVE:7,7;REMOVE:8,7",0:7|8;1:2;2:8;3:-;4:9;5:8;6:-;7:7;8:7;9:-,0:4;1:8;2:-;3:-;4:7;5:4;6:-;7:-;8:9;9:-,0@4=1;1@4=1;1@5=1;1@6=1;4@4=2;4@1=1;4@2=1;4@3=1;5@4=1;8@6=1;8@1=1;8@2=2,"4,5,6,1,2,3",14,12,12,0,1.0,0.5126175332584899,1.0,0.01261753325848985,0.0,0.0,0.5,0.28070926666259766,Feasible|selected=greedy
622,621,9,4,5,"ADD:3,9;ADD:4,3;ADD:5,7;ADD:8,8;REMOVE:0,4;REMOVE:1,8;REMOVE:4,7;REMOVE:5,4;REMOVE:8,9",0:4;1:8;2:-;3:-;4:7;5:4;6:-;7:-;8:9;9:-,0:-;1:-;2:-;3:9;4:3;5:7;6:-;7:-;8:8;9:-,3@1=2;3@9=1;4@3=1;5@0=1;5@4=1;8@1=1;8@4=1;8@2=1,"1,9,3,0,4,2",9,8,8,0,1.0,0.6217448598799064,1.0,0.021744859879906455,0.0,0.0,0.4,0.2527921199798584,Feasible|selected=greedy
623,622,9,5,4,"ADD:4,7;ADD:5,8;ADD:6,2;ADD:7,8;ADD:8,3;REMOVE:3,9;REMOVE:4,3;REMOVE:5,7;REMOVE:8,8",0:-;1:-;2:-;3:9;4:3;5:7;6:-;7:-;8:8;9:-,0:-;1:-;2:-;3:-;4:7;5:8;6:2;7:8;8:3;9:-,4@1=1;4@3=3;4@4=2;4@6=1;4@8=1;5@1=1;5@8=1;6@2=1;7@1=1;7@5=1;8@1=1;8@3=1,"1,3,4,6,8,2,5",15,12,12,0,1.0,0.52180327445793,1.0,0.02180327445792988,0.0,0.0,0.5,0.299252986907959,Feasible|selected=greedy
624,623,11,6,5,"ADD:0,8;ADD:3,4;ADD:4,8;ADD:5,1;ADD:7,1;ADD:8,5;REMOVE:4,7;REMOVE:5,8;REMOVE:6,2;REMOVE:7,8;REMOVE:8,3",0:-;1:-;2:-;3:-;4:7;5:8;6:2;7:8;8:3;9:-,0:8;1:-;2:-;3:4;4:8;5:1;6:-;7:1;8:5;9:-,0@8=1;3@4=2;4@4=1;4@1=1;4@2=1;4@5=1;5@1=1;7@1=1;8@5=1,"8,4,1,2,5",10,9,9,0,1.0,0.4642899300255078,1.0,0.06428993002550781,0.0,0.0,0.6,0.25520801544189453,Feasible|selected=greedy
625,624,9,3,6,"ADD:4,7;ADD:5,7;ADD:7,3;REMOVE:0,8;REMOVE:3,4;REMOVE:4,8;REMOVE:5,1;REMOVE:7,1;REMOVE:8,5",0:8;1:-;2:-;3:4;4:8;5:1;6:-;7:1;8:5;9:-,0:-;1:-;2:-;3:-;4:7;5:7;6:-;7:3;8:-;9:-,4@0=1;4@4=1;5@4=1;5@9=1;7@3=1,"0,4,9,3",5,5,5,0,1.0,0.7231962669248797,1.0,0.023196266924879784,0.0,0.0,0.30000000000000004,0.2167518138885498,Feasible|selected=greedy
626,625,9,6,3,"ADD:0,7;ADD:2,9;ADD:4,2;ADD:5,8;ADD:7,7;ADD:8,8;REMOVE:4,7;REMOVE:5,7;REMOVE:7,3",0:-;1:-;2:-;3:-;4:7;5:7;6:-;7:3;8:-;9:-,0:7;1:-;2:9;3:-;4:2;5:8;6:-;7:7;8:8;9:-,0@4=1;0@7=1;2@9=1;4@4=2;4@0=1;4@2=1;4@5=1;5@4=2;5@7=1;5@5=1;7@4=2;7@0=1;7@3=1;8@2=3;8@5=1;8@1=1,"4,7,9,0,2,5,3,1",21,16,16,0,1.0,0.4121964624411768,1.0,0.01219646244117686,0.0,0.0,0.6,0.3615128993988037,Feasible|selected=greedy
627,626,8,5,3,"ADD:3,9;ADD:4,9;ADD:5,7;ADD:7,8;ADD:8,2;REMOVE:4,2;REMOVE:7,7;REMOVE:8,8",0:7;1:-;2:9;3:-;4:2;5:8;6:-;7:7;8:8;9:-,0:7;1:-;2:9;3:9;4:9;5:7|8;6:-;7:8;8:2;9:-,0@0=1;0@2=1;0@7=1;2@9=1;3@9=1;4@2=1;4@9=1;4@1=1;4@6=1;5@0=1;5@2=2;5@1=1;5@6=1;5@5=1;7@5=1;7@4=1;8@2=1;8@9=1;8@4=2,"0,2,7,9,1,6,5,4",21,19,19,0,1.0,0.02406058307271053,0.5,0.024060583072710497,0.0,0.0,0.5,0.3720211982727051,Feasible|selected=greedy
628,627,10,4,6,"ADD:4,7;ADD:5,1;ADD:7,1;ADD:8,5;REMOVE:2,9;REMOVE:3,9;REMOVE:4,9;REMOVE:5,7;REMOVE:5,8;REMOVE:8,2",0:7;1:-;2:9;3:9;4:9;5:7|8;6:-;7:8;8:2;9:-,0:7;1:-;2:-;3:-;4:7;5:1;6:-;7:1|8;8:5;9:-,0@2=1;0@4=1;0@7=1;4@4=1;4@0=1;4@6=1;5@1=1;7@2=1;7@4=1;7@1=2;8@2=1;8@3=1;8@5=1,"2,4,7,0,6,1,3,5",14,13,13,0,1.0,0.3879701577072927,0.75,0.037970157707292694,0.0,0.0,0.4,0.3060898780822754,Feasible|selected=greedy
629,628,11,6,5,"ADD:0,8;ADD:4,2;ADD:4,9;ADD:5,2;ADD:7,3;ADD:8,9;REMOVE:4,7;REMOVE:5,1;REMOVE:7,1;REMOVE:7,8;REMOVE:8,5",0:7;1:-;2:-;3:-;4:7;5:1;6:-;7:1|8;8:5;9:-,0:7|8;1:-;2:-;3:-;4:2|9;5:2;6:-;7:3;8:9;9:-,0@1=2;0@2=3;0@4=2;0@5=1;0@7=4;0@8=1;0@9=1;4@1=1;4@2=1;4@5=3;4@9=1;4@0=1;4@6=1;5@2=1;7@3=1;8@1=1;8@2=1,"1,2,4,5,7,8,9,0,6,3",26,17,17,0,1.0,0.2723553409791645,0.8333333333333334,0.03902200764583108,0.0,0.0,0.6,0.349689245223999,Feasible|selected=greedy
630,629,9,3,6,"ADD:3,7;ADD:4,8;ADD:5,9;REMOVE:0,7;REMOVE:0,8;REMOVE:4,2;REMOVE:4,9;REMOVE:5,2;REMOVE:7,3",0:7|8;1:-;2:-;3:-;4:2|9;5:2;6:-;7:3;8:9;9:-,0:-;1:-;2:-;3:7;4:8;5:9;6:-;7:-;8:9;9:-,3@1=2;3@2=1;3@3=1;3@4=1;4@2=2;4@4=2;4@5=1;4@8=2;5@2=1;5@6=1;8@1=1;8@2=1,"1,2,3,4,5,8,6",16,12,12,0,1.0,0.5709362322715313,0.8571428571428571,0.013793375128674238,0.0,0.0,0.30000000000000004,0.2944011688232422,Feasible|selected=greedy
631,630,9,5,4,"ADD:3,8;ADD:4,7;ADD:5,8;ADD:7,9;ADD:8,7;REMOVE:3,7;REMOVE:4,8;REMOVE:5,9;REMOVE:8,9",0:-;1:-;2:-;3:7;4:8;5:9;6:-;7:-;8:9;9:-,0:-;1:-;2:-;3:8;4:7;5:8;6:-;7:9;8:7;9:-,3@1=1;3@4=2;4@4=1;4@0=1;4@7=1;4@8=1;5@8=1;5@2=1;7@2=1;7@9=1;8@4=1;8@0=1;8@3=1;8@6=1,"1,4,0,7,8,2,9,3,6",15,14,14,0,1.0,0.5215926606792476,1.0,0.021592660679247658,0.0,0.0,0.5,0.33406901359558105,Feasible|selected=greedy
632,631,7,3,4,"ADD:4,9;ADD:7,1;ADD:8,3;REMOVE:3,8;REMOVE:4,7;REMOVE:7,9;REMOVE:8,7",0:-;1:-;2:-;3:8;4:7;5:8;6:-;7:9;8:7;9:-,0:-;1:-;2:-;3:-;4:9;5:8;6:-;7:1;8:3;9:-,4@3=1;4@9=1;5@1=1;5@4=1;7@1=1;8@3=1;8@2=1,"3,9,1,4,2",7,7,7,0,1.0,0.5385443022334114,0.8,0.03854430223341143,0.0,0.0,0.30000000000000004,0.24148201942443848,Feasible|selected=greedy
633,632,10,6,4,"ADD:0,7;ADD:2,4;ADD:3,7;ADD:4,7;ADD:5,7;ADD:7,7;REMOVE:4,9;REMOVE:5,8;REMOVE:7,1;REMOVE:8,3",0:-;1:-;2:-;3:-;4:9;5:8;6:-;7:1;8:3;9:-,0:7;1:-;2:4;3:7;4:7;5:7;6:-;7:7;8:-;9:-,0@1=3;0@2=1;0@3=1;0@4=1;0@8=1;0@9=1;2@4=1;3@1=1;3@2=1;3@3=1;3@4=1;3@0=1;4@1=1;4@2=2;4@0=3;4@7=1;5@1=1;5@3=1;5@4=1;5@0=1;5@6=1;7@7=1,"1,2,3,4,8,9,0,7,6",27,22,22,0,1.0,0.41131512513563806,1.0,0.01131512513563812,0.0,0.0,0.6,0.4424729347229004,Feasible|selected=greedy
634,633,4,2,2,"ADD:3,8;ADD:4,5;REMOVE:2,4;REMOVE:4,7",0:7;1:-;2:4;3:7;4:7;5:7;6:-;7:7;8:-;9:-,0:7;1:-;2:-;3:7|8;4:5;5:7;6:-;7:7;8:-;9:-,0@2=1;0@4=1;0@6=1;0@7=1;3@4=1;3@0=2;3@1=1;3@5=1;4@0=2;4@5=1;5@4=2;5@1=2;5@3=1;7@4=1;7@1=1;7@9=1,"2,4,6,7,0,1,5,3,9",20,16,16,0,1.0,0.14285437571216536,0.3333333333333333,0.009521042378832063,0.0,0.0,0.2,0.3206777572631836,Feasible|selected=greedy
635,634,14,8,6,"ADD:0,2;ADD:3,6;ADD:4,3;ADD:4,7;ADD:5,2;ADD:7,8;ADD:7,9;ADD:8,9;REMOVE:0,7;REMOVE:3,7;REMOVE:3,8;REMOVE:4,5;REMOVE:5,7;REMOVE:7,7",0:7;1:-;2:-;3:7|8;4:5;5:7;6:-;7:7;8:-;9:-,0:2;1:-;2:-;3:6;4:3|7;5:2;6:-;7:8|9;8:9;9:-,0@0=1;0@2=1;0@4=1;0@5=2;0@9=2;3@1=1;3@6=1;4@0=1;4@2=1;4@5=2;4@9=1;4@1=1;4@6=1;4@3=1;5@0=1;5@2=1;5@4=1;5@3=1;7@4=1;7@5=1;7@9=1;7@1=1;8@9=1,"0,2,4,5,9,1,6,3",26,23,23,0,1.0,0.22261599817897781,1.0,0.02261599817897767,0.0,0.0,0.7999999999999999,0.37027502059936523,Feasible|selected=greedy
636,635,15,7,8,"ADD:0,7;ADD:0,8;ADD:3,5;ADD:4,9;ADD:5,8;ADD:7,1;ADD:8,7;REMOVE:0,2;REMOVE:3,6;REMOVE:4,3;REMOVE:4,7;REMOVE:5,2;REMOVE:7,8;REMOVE:7,9;REMOVE:8,9",0:2;1:-;2:-;3:6;4:3|7;5:2;6:-;7:8|9;8:9;9:-,0:7|8;1:-;2:-;3:5;4:9;5:8;6:-;7:1;8:7;9:-,0@1=1;0@2=2;0@3=1;0@4=1;0@5=1;0@6=1;0@7=1;0@8=1;3@5=1;4@1=1;4@2=1;4@6=1;5@1=2;5@4=1;7@1=1;8@1=1;8@3=1;8@4=1;8@8=1;8@9=1,"1,2,3,4,5,6,7,8,9",22,20,20,0,1.0,0.3175626286751223,1.0,0.017562628675122177,0.0,0.0,0.7,0.3599281311035156,Feasible|selected=greedy
637,636,11,5,6,"ADD:0,3;ADD:3,7;ADD:4,7;ADD:6,4;ADD:8,4;REMOVE:0,7;REMOVE:0,8;REMOVE:3,5;REMOVE:4,9;REMOVE:7,1;REMOVE:8,7",0:7|8;1:-;2:-;3:5;4:9;5:8;6:-;7:1;8:7;9:-,0:3;1:-;2:-;3:7;4:7;5:8;6:4;7:-;8:4;9:-,0@1=2;0@2=2;0@3=1;3@1=1;3@3=1;3@0=1;4@2=2;4@0=2;4@7=1;4@9=2;5@2=2;5@8=1;6@4=1;8@4=1,"1,2,3,0,7,9,8,4",20,14,14,0,1.0,0.38039479563291057,0.8571428571428571,0.02325193849005344,0.0,0.0,0.5,0.3168649673461914,Feasible|selected=greedy
638,637,11,5,6,"ADD:1,2;ADD:3,2;ADD:4,3;ADD:7,7;ADD:8,7;REMOVE:0,3;REMOVE:3,7;REMOVE:4,7;REMOVE:5,8;REMOVE:6,4;REMOVE:8,4",0:3;1:-;2:-;3:7;4:7;5:8;6:4;7:-;8:4;9:-,0:-;1:2;2:-;3:2;4:3;5:-;6:-;7:7;8:7;9:-,1@2=1;3@2=1;3@4=1;4@1=1;4@5=1;4@9=1;7@2=1;7@1=1;7@9=1;7@0=1;7@3=1;8@4=1;8@0=1;8@8=1,"2,4,1,5,9,0,3,8",14,14,14,0,1.0,0.5143450451277647,1.0,0.014345045127764784,0.0,0.0,0.5,0.32299280166625977,Feasible|selected=greedy
639,638,8,4,4,"ADD:3,1;ADD:4,2;ADD:5,8;ADD:8,8;REMOVE:1,2;REMOVE:3,2;REMOVE:4,3;REMOVE:8,7",0:-;1:2;2:-;3:2;4:3;5:-;6:-;7:7;8:7;9:-,0:-;1:-;2:-;3:1;4:2;5:8;6:-;7:7;8:8;9:-,3@1=1;4@2=1;4@3=1;4@4=1;4@8=1;5@1=2;5@4=1;5@5=1;5@6=1;7@1=1;7@0=1;8@8=1;8@5=1;8@6=1,"1,2,3,4,8,5,6,0",15,14,14,0,1.0,0.42190643337429723,0.8,0.021906433374297176,0.0,0.0,0.4,0.32908105850219727,Feasible|selected=greedy
640,639,11,7,4,"ADD:0,7;ADD:2,6;ADD:4,7;ADD:5,4;ADD:7,9;ADD:8,5;ADD:8,9;REMOVE:4,2;REMOVE:5,8;REMOVE:7,7;REMOVE:8,8",0:-;1:-;2:-;3:1;4:2;5:8;6:-;7:7;8:8;9:-,0:7;1:-;2:6;3:1;4:7;5:4;6:-;7:9;8:5|9;9:-,0@1=1;0@2=1;0@7=1;2@6=1;3@1=2;4@6=2;4@0=1;4@4=1;4@8=1;5@2=1;5@4=1;7@6=1;7@9=1;8@1=1;8@0=1;8@9=1;8@5=1,"1,2,7,6,0,4,8,9,5",19,17,17,0,1.0,0.13895876840182053,0.8,0.03895876840182049,0.0,0.0,0.7,0.37913966178894043,Feasible|selected=greedy
641,640,12,5,7,"ADD:0,2;ADD:3,7;ADD:5,7;ADD:7,8;ADD:8,8;REMOVE:0,7;REMOVE:2,6;REMOVE:3,1;REMOVE:5,4;REMOVE:7,9;REMOVE:8,5;REMOVE:8,9",0:7;1:-;2:6;3:1;4:7;5:4;6:-;7:9;8:5|9;9:-,0:2;1:-;2:-;3:7;4:7;5:7;6:-;7:8;8:8;9:-,0@0=3;0@3=1;0@4=3;0@5=1;0@9=1;3@1=1;3@6=2;3@7=1;4@3=1;4@4=1;4@9=1;4@1=2;5@4=1;5@1=1;5@7=1;7@2=1;7@8=1;8@4=1;8@8=1,"0,3,4,5,9,1,6,7,2,8",25,19,19,0,1.0,0.3912848451821308,0.875,0.01628484518213085,0.0,0.0,0.5,0.3743929862976074,Feasible|selected=greedy
642,641,10,6,4,"ADD:0,7;ADD:1,2;ADD:3,8;ADD:4,5;ADD:4,8;ADD:7,9;REMOVE:0,2;REMOVE:3,7;REMOVE:4,7;REMOVE:7,8",0:2;1:-;2:-;3:7;4:7;5:7;6:-;7:8;8:8;9:-,0:7;1:2;2:-;3:8;4:5|8;5:7;6:-;7:9;8:8;9:-,0@0=1;0@2=2;0@4=2;0@6=1;0@8=1;0@9=1;1@0=1;1@2=1;1@8=1;3@4=1;3@1=1;4@0=1;4@8=1;4@1=1;4@5=1;5@4=1;5@7=2;7@2=1;7@1=1;8@2=1;8@8=1,"0,2,4,6,8,9,1,5,7",24,21,21,0,1.0,0.09412019913648595,0.6666666666666666,0.027453532469819273,0.0,0.0,0.6,0.3869950771331787,Feasible|selected=greedy
643,642,11,5,6,"ADD:4,2;ADD:5,2;ADD:6,8;ADD:7,4;ADD:8,2;REMOVE:3,8;REMOVE:4,5;REMOVE:4,8;REMOVE:5,7;REMOVE:7,9;REMOVE:8,8",0:7;1:2;2:-;3:8;4:5|8;5:7;6:-;7:9;8:8;9:-,0:7;1:2;2:-;3:-;4:2;5:2;6:8;7:4;8:2;9:-,0@1=1;0@2=3;0@3=1;0@7=1;1@2=2;1@0=1;4@3=1;4@4=1;4@5=1;5@2=1;5@3=1;5@8=1;5@9=1;6@7=1;6@8=1;7@2=1;7@4=1;8@2=1;8@3=1;8@8=1,"1,2,3,7,0,4,5,8,9",23,20,20,0,1.0,0.2807913796033744,0.75,0.030791379603374438,0.0,0.0,0.5,0.3857839107513428,Feasible|selected=greedy
644,643,13,6,7,"ADD:1,7;ADD:2,3;ADD:3,4;ADD:4,4;ADD:7,8;ADD:8,1;REMOVE:0,7;REMOVE:1,2;REMOVE:4,2;REMOVE:5,2;REMOVE:6,8;REMOVE:7,4;REMOVE:8,2",0:7;1:2;2:-;3:-;4:2;5:2;6:8;7:4;8:2;9:-,0:-;1:7;2:3;3:4;4:4;5:-;6:-;7:8;8:1;9:-,1@1=1;1@7=1;1@9=1;2@3=1;3@4=1;4@4=1;7@1=1;7@4=1;8@1=1,"1,7,9,3,4",9,9,9,0,1.0,0.45516999017507354,1.0,0.05516999017507352,0.0,0.0,0.6,0.2670559883117676,Feasible|selected=greedy
645,644,12,6,6,"ADD:1,2;ADD:3,2;ADD:4,2;ADD:5,4;ADD:7,1;ADD:8,4;REMOVE:1,7;REMOVE:2,3;REMOVE:3,4;REMOVE:4,4;REMOVE:7,8;REMOVE:8,1",0:-;1:7;2:3;3:4;4:4;5:-;6:-;7:8;8:1;9:-,0:-;1:2;2:-;3:2;4:2;5:4;6:-;7:1;8:4;9:-,1@2=2;1@3=1;1@4=2;3@2=1;4@2=1;4@3=1;4@8=1;5@2=1;5@4=1;7@1=1;8@4=1,"2,3,4,8,1",13,11,11,0,1.0,0.45332743113914875,1.0,0.05332743113914878,0.0,0.0,0.6,0.2906379699707031,Feasible|selected=greedy
646,645,10,4,6,"ADD:4,8;ADD:5,2;ADD:7,4;ADD:8,7;REMOVE:1,2;REMOVE:3,2;REMOVE:4,2;REMOVE:5,4;REMOVE:7,1;REMOVE:8,4",0:-;1:2;2:-;3:2;4:2;5:4;6:-;7:1;8:4;9:-,0:-;1:-;2:-;3:-;4:8;5:2;6:-;7:4;8:7;9:-,4@1=1;4@6=1;4@8=1;5@2=1;7@4=1;8@6=1;8@4=1;8@7=1,"1,6,8,2,4,7",8,8,8,0,1.0,0.6500028215464327,1.0,0.05000282154643286,0.0,0.0,0.4,0.2611510753631592,Feasible|selected=greedy
647,646,11,7,4,"ADD:0,6;ADD:1,3;ADD:1,7;ADD:2,9;ADD:4,2;ADD:5,4;ADD:7,9;REMOVE:4,8;REMOVE:5,2;REMOVE:7,4;REMOVE:8,7",0:-;1:-;2:-;3:-;4:8;5:2;6:-;7:4;8:7;9:-,0:6;1:3|7;2:9;3:-;4:2;5:4;6:-;7:9;8:-;9:-,0@1=1;0@4=2;0@6=1;0@8=1;0@9=1;1@1=1;1@4=2;1@9=1;1@2=1;1@3=1;1@5=1;1@7=1;2@9=1;4@4=2;4@9=1;4@3=1;4@5=1;4@0=1;5@4=2;5@2=1;7@9=1,"1,4,6,8,9,2,3,5,7,0",25,21,21,0,1.0,0.32758238361338643,1.0,0.027582383613386493,0.0,0.0,0.7,0.42797112464904785,Feasible|selected=greedy
648,647,9,4,5,"ADD:0,2;ADD:4,7;ADD:5,2;ADD:8,9;REMOVE:0,6;REMOVE:1,7;REMOVE:2,9;REMOVE:4,2;REMOVE:5,4",0:6;1:3|7;2:9;3:-;4:2;5:4;6:-;7:9;8:-;9:-,0:2;1:3;2:-;3:-;4:7;5:2;6:-;7:9;8:9;9:-,0@0=1;0@4=1;0@5=4;1@5=1;1@2=3;1@3=2;1@9=1;4@2=1;4@3=1;4@1=1;4@7=2;4@8=1;5@0=1;5@4=1;5@2=2;5@8=1;7@2=3;7@9=1;7@6=1;8@2=1;8@1=1,"0,4,5,2,3,9,1,7,8,6",31,21,21,0,1.0,0.33411821518061646,0.7142857142857143,0.019832500894902207,0.0,0.0,0.4,0.39881205558776855,Feasible|selected=greedy
649,648,13,7,6,"ADD:0,7;ADD:1,8;ADD:2,7;ADD:3,4;ADD:4,8;ADD:5,8;ADD:8,7;REMOVE:0,2;REMOVE:1,3;REMOVE:4,7;REMOVE:5,2;REMOVE:7,9;REMOVE:8,9",0:2;1:3;2:-;3:-;4:7;5:2;6:-;7:9;8:9;9:-,0:7;1:8;2:7;3:4;4:8;5:8;6:-;7:-;8:7;9:-,0@1=2;0@2=1;0@3=2;0@4=1;1@1=1;1@2=2;1@4=1;1@6=2;2@7=1;3@2=1;3@4=1;4@1=2;4@2=2;4@5=1;5@1=1;5@4=1;5@8=1;8@7=1,"1,2,3,4,6,7,5,8",24,18,18,0,1.0,0.3166395938197384,1.0,0.016639593819738292,0.0,0.0,0.7,0.43575215339660645,Feasible|selected=greedy
650,649,12,6,6,"ADD:1,7;ADD:3,7;ADD:4,9;ADD:5,2;ADD:7,9;ADD:8,4;REMOVE:1,8;REMOVE:2,7;REMOVE:3,4;REMOVE:4,8;REMOVE:5,8;REMOVE:8,7",0:7;1:8;2:7;3:4;4:8;5:8;6:-;7:-;8:7;9:-,0:7;1:7;2:-;3:7;4:9;5:2;6:-;7:9;8:4;9:-,0@0=1;0@1=2;0@2=1;0@9=1;1@0=1;1@1=1;1@9=1;1@3=1;1@4=1;3@9=1;3@3=1;3@6=1;3@8=1;4@1=1;4@9=1;4@3=1;4@7=1;5@2=1;7@1=1;7@2=1;7@6=1;8@2=1;8@4=1,"0,1,2,9,3,4,6,8,7",24,23,23,0,1.0,0.2699945949026952,0.8571428571428571,0.012851737759838066,0.0,0.0,0.6,0.5445129871368408,Feasible|selected=greedy
651,650,10,5,5,"ADD:3,5;ADD:4,8;ADD:5,7;ADD:7,4;ADD:8,8;REMOVE:3,7;REMOVE:4,9;REMOVE:5,2;REMOVE:7,9;REMOVE:8,4",0:7;1:7;2:-;3:7;4:9;5:2;6:-;7:9;8:4;9:-,0:7;1:7;2:-;3:5;4:8;5:7;6:-;7:4;8:8;9:-,0@0=1;0@2=1;0@3=1;0@4=1;0@7=1;1@7=1;3@0=1;3@2=1;3@5=1;4@2=1;4@5=1;4@1=2;4@6=1;5@2=1;5@4=1;5@7=1;7@2=1;7@4=1;8@4=2;8@6=1;8@8=1,"0,2,3,4,7,5,1,6,8",23,21,21,0,1.0,0.24064485184452022,0.7142857142857143,0.026359137558805895,0.0,0.0,0.5,0.4300382137298584,Feasible|selected=greedy
652,651,12,6,6,"ADD:0,8;ADD:1,8;ADD:3,4;ADD:4,9;ADD:7,3;ADD:8,0;REMOVE:0,7;REMOVE:1,7;REMOVE:3,5;REMOVE:4,8;REMOVE:7,4;REMOVE:8,8",0:7;1:7;2:-;3:5;4:8;5:7;6:-;7:4;8:8;9:-,0:8;1:8;2:-;3:4;4:9;5:7;6:-;7:3;8:0;9:-,0@2=1;0@8=1;1@1=2;1@4=2;3@4=1;4@2=1;4@1=2;4@9=1;5@4=1;5@0=1;5@7=1;7@3=1;8@0=1,"2,8,1,4,9,0,7,3",16,13,13,0,1.0,0.2978515138757374,0.8571428571428571,0.04070865673288025,0.0,0.0,0.6,0.4848020076751709,Feasible|selected=greedy
653,652,13,7,6,"ADD:0,4;ADD:1,4;ADD:3,9;ADD:4,3;ADD:4,7;ADD:7,9;ADD:8,2;REMOVE:0,8;REMOVE:1,8;REMOVE:3,4;REMOVE:4,9;REMOVE:7,3;REMOVE:8,0",0:8;1:8;2:-;3:4;4:9;5:7;6:-;7:3;8:0;9:-,0:4;1:4;2:-;3:9;4:3|7;5:7;6:-;7:9;8:2;9:-,0@4=1;1@4=1;3@2=1;3@9=1;4@2=1;4@3=1;4@5=1;4@6=1;4@7=1;5@4=2;5@3=1;5@0=1;5@1=1;5@8=1;7@2=1;7@6=1;8@2=1,"4,2,9,3,5,6,7,0,1,8",18,17,17,0,1.0,0.18789374998921127,0.8571428571428571,0.03075089284635417,0.0,0.0,0.7,0.5032479763031006,Feasible|selected=greedy
654,653,13,6,7,"ADD:0,7;ADD:1,7;ADD:1,8;ADD:3,8;ADD:7,0;ADD:8,9;REMOVE:0,4;REMOVE:1,4;REMOVE:3,9;REMOVE:4,3;REMOVE:5,7;REMOVE:7,9;REMOVE:8,2",0:4;1:4;2:-;3:9;4:3|7;5:7;6:-;7:9;8:2;9:-,0:7;1:7|8;2:-;3:8;4:7;5:-;6:-;7:0;8:9;9:-,0@0=1;0@1=1;0@3=1;0@4=2;0@8=1;1@1=1;1@3=1;1@4=1;1@5=1;1@6=1;3@1=1;3@5=2;4@1=1;4@2=1;4@7=1;7@0=1;8@3=1;8@6=1;8@9=1,"0,1,3,4,8,5,6,2,7,9",21,19,19,0,1.0,0.29102978469847973,0.875,0.016029784698479745,0.0,0.0,0.6,0.4024312496185303,Feasible|selected=greedy
655,654,7,3,4,"ADD:3,3;ADD:5,7;ADD:8,2;REMOVE:1,7;REMOVE:3,8;REMOVE:7,0;REMOVE:8,9",0:7;1:7|8;2:-;3:8;4:7;5:-;6:-;7:0;8:9;9:-,0:7;1:8;2:-;3:3;4:7;5:7;6:-;7:-;8:2;9:-,0@1=2;0@4=1;0@7=1;0@9=3;1@1=2;1@7=1;1@6=1;1@8=1;3@2=1;3@3=1;4@4=1;4@7=1;4@6=1;4@2=2;5@1=2;5@4=1;5@3=1;8@2=2,"1,4,7,9,6,8,2,3",25,18,18,0,1.0,0.2950736656477344,0.5714285714285714,0.023645094219163092,0.0,0.0,0.30000000000000004,0.3727538585662842,Feasible|selected=greedy
656,655,4,3,1,"ADD:2,9;ADD:3,4;ADD:7,4;REMOVE:3,3",0:7;1:8;2:-;3:3;4:7;5:7;6:-;7:-;8:2;9:-,0:7;1:8;2:9;3:4;4:7;5:7;6:-;7:4;8:2;9:-,0@1=2;0@2=1;0@3=1;0@4=3;0@8=1;1@2=2;1@4=1;1@8=1;2@1=1;2@9=1;3@4=1;4@2=1;4@3=1;4@9=1;4@0=1;4@7=1;5@1=2;5@2=1;5@3=2;5@4=2;5@9=1;5@7=1;7@2=1;7@4=2;8@2=1,"1,2,3,4,8,9,0,7",33,25,25,0,1.0,-0.10791563187787168,0.16666666666666666,0.025417701455461697,0.0,0.0,0.30000000000000004,0.47121405601501465,Feasible|selected=greedy
657,656,9,5,4,"ADD:1,7;ADD:2,3;ADD:3,8;ADD:5,9;ADD:7,8;REMOVE:2,9;REMOVE:3,4;REMOVE:5,7;REMOVE:7,4",0:7;1:8;2:9;3:4;4:7;5:7;6:-;7:4;8:2;9:-,0:7;1:7|8;2:3;3:8;4:7;5:9;6:-;7:8;8:2;9:-,0@0=1;0@3=1;0@4=2;0@8=1;1@3=1;1@4=1;1@8=1;1@1=2;1@5=1;2@3=1;3@4=2;3@8=1;3@5=1;3@2=1;4@7=1;5@1=3;5@9=1;7@4=1;7@8=1;7@5=1;7@2=1;7@7=1;8@4=1;8@2=1;8@9=1,"0,3,4,8,1,5,2,7,9",30,25,25,0,1.0,0.023600682963773267,0.5,0.023600682963773288,0.0,0.0,0.5,0.4351658821105957,Feasible|selected=greedy
658,657,13,5,8,"ADD:0,2;ADD:1,9;ADD:3,7;ADD:5,2;ADD:8,7;REMOVE:0,7;REMOVE:1,7;REMOVE:1,8;REMOVE:2,3;REMOVE:3,8;REMOVE:5,9;REMOVE:7,8;REMOVE:8,2",0:7;1:7|8;2:3;3:8;4:7;5:9;6:-;7:8;8:2;9:-,0:2;1:9;2:-;3:7;4:7;5:2;6:-;7:-;8:7;9:-,0@2=1;0@3=1;0@4=1;0@5=1;0@8=1;0@9=1;1@3=1;1@9=1;3@3=1;3@8=1;3@0=1;4@3=1;4@4=2;5@2=1;5@9=1;5@0=1;8@3=1;8@0=1,"2,3,4,5,8,9,0",19,18,18,0,1.0,0.40353961465678156,0.8888888888888888,0.014650725767892723,0.0,0.0,0.5,0.3740658760070801,Feasible|selected=greedy
659,658,9,4,5,"ADD:0,6;ADD:4,9;ADD:5,8;ADD:7,2;REMOVE:0,2;REMOVE:3,7;REMOVE:4,7;REMOVE:5,2;REMOVE:8,7",0:2;1:9;2:-;3:7;4:7;5:2;6:-;7:-;8:7;9:-,0:6;1:9;2:-;3:-;4:9;5:8;6:-;7:2;8:-;9:-,0@4=1;0@6=1;1@7=2;1@9=1;4@9=1;5@6=1;5@7=1;5@5=1;7@2=1,"4,6,7,9,5,2",10,9,9,0,1.0,0.4713572665116784,0.8333333333333334,0.038023933178345015,0.0,0.0,0.4,0.3499000072479248,Feasible|selected=greedy
660,659,13,8,5,"ADD:0,2;ADD:1,2;ADD:3,4;ADD:4,7;ADD:4,8;ADD:5,3;ADD:7,7;ADD:8,8;REMOVE:0,6;REMOVE:1,9;REMOVE:4,9;REMOVE:5,8;REMOVE:7,2",0:6;1:9;2:-;3:-;4:9;5:8;6:-;7:2;8:-;9:-,0:2;1:2;2:-;3:4;4:7|8;5:3;6:-;7:7;8:8;9:-,0@0=1;0@2=1;0@4=1;0@8=1;1@0=1;1@4=1;1@3=1;1@5=1;3@4=1;4@0=1;4@4=1;4@5=2;4@6=1;5@3=1;7@0=1;7@4=1;7@9=1;8@4=1;8@5=1,"0,2,4,8,3,5,6,9",20,19,19,0,1.0,0.21292152060876546,1.0,0.012921520608765412,0.0,0.0,0.7999999999999999,0.5541558265686035,Feasible|selected=greedy
661,660,15,7,8,"ADD:0,3;ADD:0,8;ADD:1,8;ADD:3,2;ADD:4,5;ADD:5,7;ADD:7,2;REMOVE:0,2;REMOVE:1,2;REMOVE:3,4;REMOVE:4,7;REMOVE:4,8;REMOVE:5,3;REMOVE:7,7;REMOVE:8,8",0:2;1:2;2:-;3:4;4:7|8;5:3;6:-;7:7;8:8;9:-,0:3|8;1:8;2:-;3:2;4:5;5:7;6:-;7:2;8:-;9:-,0@1=1;0@3=1;0@4=2;0@5=1;1@5=2;1@6=1;3@2=1;4@3=1;4@5=2;5@1=1;5@4=1;5@2=1;5@8=1;5@9=1;7@4=1;7@2=1;7@9=1,"1,3,4,5,6,2,8,9",20,17,17,0,1.0,0.32510983766406953,1.0,0.02510983766406956,0.0,0.0,0.7,0.37519216537475586,Feasible|selected=greedy
662,661,13,8,5,"ADD:0,6;ADD:1,3;ADD:1,7;ADD:2,7;ADD:3,1;ADD:4,7;ADD:7,3;ADD:8,7;REMOVE:0,3;REMOVE:1,8;REMOVE:3,2;REMOVE:4,5;REMOVE:7,2",0:3|8;1:8;2:-;3:2;4:5;5:7;6:-;7:2;8:-;9:-,0:6|8;1:3|7;2:7;3:1;4:7;5:7;6:-;7:3;8:7;9:-,0@4=1;0@5=1;0@6=1;0@9=1;1@4=1;1@5=1;1@1=2;1@3=1;1@7=1;2@9=1;2@1=1;2@0=2;2@2=2;2@8=1;3@1=1;4@4=3;4@6=1;4@9=1;4@0=1;4@2=1;5@4=1;5@6=1;5@9=1;5@7=1;5@0=1;5@2=1;7@1=1;7@3=1;8@6=1;8@1=1;8@7=1;8@2=1,"4,5,6,9,1,3,7,0,2,8",37,32,32,0,1.0,-0.06612792009293178,0.7142857142857143,0.019586365621353824,0.0,0.0,0.7999999999999999,0.6496739387512207,Feasible|selected=greedy
663,662,9,4,5,"ADD:1,8;ADD:2,3;ADD:7,2;ADD:8,8;REMOVE:0,6;REMOVE:1,3;REMOVE:3,1;REMOVE:7,3;REMOVE:8,7",0:6|8;1:3|7;2:7;3:1;4:7;5:7;6:-;7:3;8:7;9:-,0:8;1:7|8;2:3|7;3:-;4:7;5:7;6:-;7:2;8:8;9:-,0@5=1;0@6=1;0@8=1;1@5=1;1@6=1;1@0=1;1@1=1;1@2=3;1@4=2;2@5=1;2@6=1;2@1=1;2@2=3;2@4=2;2@3=1;2@7=1;2@9=1;4@1=1;4@4=2;4@9=1;5@8=1;5@0=1;5@2=2;5@7=1;7@0=1;7@2=1;7@9=1;8@5=1;8@8=1;8@4=1,"5,6,8,0,1,2,4,3,7,9",38,30,30,0,1.0,0.11673134402506624,0.5,0.01673134402506626,0.0,0.0,0.4,0.5801362991333008,Feasible|selected=greedy
664,663,10,5,5,"ADD:0,9;ADD:5,5;ADD:5,9;ADD:6,7;ADD:8,7;REMOVE:0,8;REMOVE:1,7;REMOVE:2,3;REMOVE:5,7;REMOVE:8,8",0:8;1:7|8;2:3|7;3:-;4:7;5:7;6:-;7:2;8:8;9:-,0:9;1:8;2:7;3:-;4:7;5:5|9;6:7;7:2;8:7;9:-,0@3=1;0@6=2;1@1=2;1@2=1;1@8=1;2@4=2;2@7=1;4@3=2;4@1=1;4@8=1;4@4=1;5@5=1;5@9=1;6@3=1;6@1=1;6@2=1;6@0=2;7@5=1;7@9=1;7@0=2;8@3=1;8@7=1,"3,6,1,2,8,4,7,5,9,0",28,22,22,0,1.0,0.07283183438696228,0.5555555555555556,0.017276278831406738,0.0,0.0,0.5,0.4709649085998535,Feasible|selected=greedy
665,664,12,5,7,"ADD:0,2;ADD:1,7;ADD:3,9;ADD:6,8;ADD:6,9;REMOVE:0,9;REMOVE:1,8;REMOVE:5,5;REMOVE:5,9;REMOVE:6,7;REMOVE:7,2;REMOVE:8,7",0:9;1:8;2:7;3:-;4:7;5:5|9;6:7;7:2;8:7;9:-,0:2;1:7;2:7;3:9;4:7;5:-;6:8|9;7:-;8:-;9:-,0@0=2;0@2=1;0@4=1;0@5=1;0@9=1;1@4=2;1@9=2;2@0=1;2@2=1;2@9=1;2@1=1;2@3=1;2@7=1;3@9=1;4@7=1;6@4=1;6@5=1;6@9=1;6@1=1,"0,2,4,5,9,1,3,7",22,19,19,0,1.0,0.2976206517526052,0.7777777777777778,0.01984287397482737,0.0,0.0,0.5,0.43543195724487305,Feasible|selected=greedy
666,665,10,5,5,"ADD:0,4;ADD:1,4;ADD:4,9;ADD:5,8;ADD:8,2;REMOVE:0,2;REMOVE:1,7;REMOVE:3,9;REMOVE:4,7;REMOVE:6,8",0:2;1:7;2:7;3:9;4:7;5:-;6:8|9;7:-;8:-;9:-,0:4;1:4;2:7;3:-;4:9;5:8;6:9;7:-;8:2;9:-,0@2=1;0@4=1;1@4=1;2@0=2;2@3=1;2@7=1;2@8=1;4@1=1;4@9=2;5@4=1;5@5=2;6@2=1;6@6=1;8@2=1,"2,4,0,3,7,8,1,9,5,6",17,14,14,0,1.0,0.25084488864275145,0.7142857142857143,0.03655917435703714,0.0,0.0,0.5,0.3453202247619629,Feasible|selected=greedy
667,666,16,9,7,"ADD:0,7;ADD:1,7;ADD:2,8;ADD:4,7;ADD:5,7;ADD:6,8;ADD:7,2;ADD:8,5;ADD:8,9;REMOVE:0,4;REMOVE:1,4;REMOVE:2,7;REMOVE:4,9;REMOVE:5,8;REMOVE:6,9;REMOVE:8,2",0:4;1:4;2:7;3:-;4:9;5:8;6:9;7:-;8:2;9:-,0:7;1:7;2:8;3:-;4:7;5:7;6:8;7:2;8:5|9;9:-,0@2=2;0@3=1;0@4=1;0@7=1;0@9=1;1@4=1;1@7=1;1@0=1;1@6=1;1@8=1;2@4=2;2@5=1;4@4=1;4@0=1;5@3=1;5@4=2;5@0=1;6@2=1;6@6=1;6@5=1;6@1=1;7@2=1;8@9=1;8@5=2,"2,3,4,7,9,0,6,8,5,1",28,24,24,0,1.0,0.12222354327843954,1.0,0.02222354327843936,0.0,0.0,0.8999999999999999,0.511599063873291,Feasible|selected=greedy
668,667,17,9,8,"ADD:1,8;ADD:2,7;ADD:3,7;ADD:4,8;ADD:4,9;ADD:5,9;ADD:6,9;ADD:7,8;ADD:8,7;REMOVE:1,7;REMOVE:2,8;REMOVE:4,7;REMOVE:5,7;REMOVE:6,8;REMOVE:7,2;REMOVE:8,5;REMOVE:8,9",0:7;1:7;2:8;3:-;4:7;5:7;6:8;7:2;8:5|9;9:-,0:7;1:8;2:7;3:7;4:8|9;5:9;6:9;7:8;8:7;9:-,0@0=1;0@1=1;0@3=1;0@4=2;0@9=1;1@5=2;1@6=1;1@7=1;2@4=1;2@9=1;2@6=1;2@2=1;3@1=1;3@3=1;3@9=1;3@2=1;3@8=1;4@9=1;4@6=1;4@2=1;4@8=1;5@1=1;5@9=1;5@7=1;5@2=1;6@9=1;6@2=2;7@1=2;7@4=1;7@8=1;8@1=1;8@3=2;8@4=1,"0,1,3,4,9,5,6,7,2,8",38,33,33,0,1.0,0.001967747329382652,0.8888888888888888,0.013078858440493668,0.0,0.0,0.8999999999999999,0.6868307590484619,Feasible|selected=greedy
669,668,10,4,6,"ADD:0,3;ADD:6,7;ADD:7,7;ADD:8,3;REMOVE:0,7;REMOVE:4,9;REMOVE:5,9;REMOVE:6,9;REMOVE:7,8;REMOVE:8,7",0:7;1:8;2:7;3:7;4:8|9;5:9;6:9;7:8;8:7;9:-,0:3;1:8;2:7;3:7;4:8;5:-;6:7;7:7;8:3;9:-,0@2=1;0@3=1;1@2=2;1@1=3;1@5=1;1@7=1;2@1=1;2@4=1;2@8=1;2@9=1;3@0=1;3@6=1;4@1=2;4@4=1;4@8=2;4@6=2;6@2=1;6@1=1;6@8=1;6@0=1;7@2=2;7@0=1;7@6=1;8@5=1;8@7=1;8@9=1,"2,3,1,5,7,4,8,9,0,6",33,26,26,0,1.0,0.20895380095385463,0.6,0.008953800953854667,0.0,0.0,0.4,0.555150032043457,Feasible|selected=greedy
670,669,16,8,8,"ADD:0,7;ADD:1,7;ADD:2,8;ADD:4,2;ADD:5,8;ADD:6,1;ADD:7,8;ADD:8,9;REMOVE:0,3;REMOVE:1,8;REMOVE:2,7;REMOVE:3,7;REMOVE:4,8;REMOVE:6,7;REMOVE:7,7;REMOVE:8,3",0:3;1:8;2:7;3:7;4:8;5:-;6:7;7:7;8:3;9:-,0:7;1:7;2:8;3:-;4:2;5:8;6:1;7:8;8:9;9:-,0@0=1;0@3=2;0@7=1;0@8=1;1@0=1;1@4=1;2@8=1;2@4=1;2@1=1;2@6=1;4@3=1;4@4=1;4@2=1;4@9=1;5@1=1;5@5=1;6@3=1;6@8=1;6@1=2;7@8=1;7@4=1;7@5=1;8@1=1;8@2=1,"0,3,7,8,4,1,6,2,9,5",26,24,24,0,1.0,0.22392304472025126,1.0,0.02392304472025122,0.0,0.0,0.7999999999999999,0.5721440315246582,Feasible|selected=greedy
671,670,18,10,8,"ADD:0,3;ADD:0,5;ADD:1,4;ADD:2,7;ADD:3,3;ADD:4,7;ADD:5,3;ADD:6,7;ADD:7,7;ADD:8,1;REMOVE:0,7;REMOVE:1,7;REMOVE:2,8;REMOVE:4,2;REMOVE:5,8;REMOVE:6,1;REMOVE:7,8;REMOVE:8,9",0:7;1:7;2:8;3:-;4:2;5:8;6:1;7:8;8:9;9:-,0:3|5;1:4;2:7;3:3;4:7;5:3;6:7;7:7;8:1;9:-,0@0=1;0@1=1;0@2=2;0@3=1;0@5=1;1@4=1;2@3=1;2@4=1;2@6=1;2@7=1;2@9=1;3@3=1;4@0=1;4@1=2;4@4=1;4@6=1;4@7=1;5@3=2;6@1=2;6@2=1;6@3=1;6@4=1;6@9=1;7@2=1;7@6=1;7@7=1;8@1=1,"0,1,2,3,5,4,6,7,9",31,27,27,0,1.0,0.030017994605439413,1.0,0.030017994605439326,0.0,0.0,0.9999999999999999,0.481687068939209,Feasible|selected=greedy
672,671,13,6,7,"ADD:0,2;ADD:1,6;ADD:3,1;ADD:4,9;ADD:6,6;ADD:8,4;REMOVE:0,3;REMOVE:0,5;REMOVE:1,4;REMOVE:3,3;REMOVE:4,7;REMOVE:6,7;REMOVE:8,1",0:3|5;1:4;2:7;3:3;4:7;5:3;6:7;7:7;8:1;9:-,0:2;1:6;2:7;3:1;4:9;5:3;6:6;7:7;8:4;9:-,0@2=1;0@4=1;0@9=1;1@4=1;1@1=1;1@6=1;2@2=2;2@4=1;2@1=1;2@0=1;2@8=1;3@1=1;4@9=1;4@6=1;4@3=2;4@7=1;5@3=1;6@4=1;6@1=1;6@6=1;7@2=1;7@0=1;7@7=1;8@4=1,"2,4,9,1,6,0,8,3,7",26,24,24,0,1.0,0.1302574628967902,0.7,0.030257462896790235,0.0,0.0,0.6,0.40903687477111816,Feasible|selected=greedy
673,672,14,6,8,"ADD:0,9;ADD:1,8;ADD:3,2;ADD:4,7;ADD:5,1;ADD:7,6;REMOVE:0,2;REMOVE:1,6;REMOVE:3,1;REMOVE:4,9;REMOVE:5,3;REMOVE:6,6;REMOVE:7,7;REMOVE:8,4",0:2;1:6;2:7;3:1;4:9;5:3;6:6;7:7;8:4;9:-,0:9;1:8;2:7;3:2;4:7;5:1;6:-;7:6;8:-;9:-,0@1=1;0@2=1;0@6=1;1@1=1;1@2=1;1@4=1;2@1=1;2@2=2;2@4=1;2@9=2;3@2=1;4@1=1;4@4=2;4@0=1;4@3=1;5@1=1;7@6=1,"1,2,6,4,9,0,3",20,17,17,0,1.0,0.3054045479419072,0.8888888888888888,0.01651565905301832,0.0,0.0,0.6,0.36598992347717285,Feasible|selected=greedy
674,673,13,7,6,"ADD:0,2;ADD:4,9;ADD:5,7;ADD:6,9;ADD:7,2;ADD:7,7;ADD:8,7;REMOVE:0,9;REMOVE:2,7;REMOVE:3,2;REMOVE:4,7;REMOVE:5,1;REMOVE:7,6",0:9;1:8;2:7;3:2;4:7;5:1;6:-;7:6;8:-;9:-,0:2;1:8;2:-;3:-;4:9;5:7;6:9;7:2|7;8:7;9:-,0@2=1;0@4=1;0@5=2;1@2=1;1@5=2;1@8=1;4@2=2;4@1=1;5@2=1;5@1=1;5@0=1;6@2=1;6@1=1;6@3=1;6@9=1;7@2=1;7@4=1;7@5=1;7@1=1;7@9=1;7@7=1;8@7=1,"2,4,5,8,1,0,3,9,7",25,22,22,0,1.0,0.181510037060707,0.8571428571428571,0.024367179917849837,0.0,0.0,0.7,0.5444900989532471,Feasible|selected=greedy
675,674,15,8,7,"ADD:0,8;ADD:1,7;ADD:2,2;ADD:2,7;ADD:4,7;ADD:5,2;ADD:6,8;ADD:7,8;REMOVE:0,2;REMOVE:1,8;REMOVE:4,9;REMOVE:5,7;REMOVE:6,9;REMOVE:7,2;REMOVE:7,7",0:2;1:8;2:-;3:-;4:9;5:7;6:9;7:2|7;8:7;9:-,0:8;1:7;2:2|7;3:-;4:7;5:2;6:8;7:8;8:7;9:-,0@1=1;0@2=1;0@7=1;0@8=3;1@1=2;1@0=2;1@4=1;1@6=2;2@7=1;2@0=1;2@4=1;2@6=1;2@5=1;2@9=1;4@1=1;4@2=3;4@0=1;4@6=1;5@8=1;5@4=1;5@5=1;5@9=2;6@2=2;6@7=1;6@8=1;6@4=2;7@8=2;7@4=1;8@7=1;8@0=1;8@9=1,"1,2,7,8,0,4,6,5,9",42,31,31,0,1.0,0.09359537253857997,0.875,0.018595372538579923,0.0,0.0,0.7999999999999999,0.4873020648956299,Feasible|selected=greedy
676,675,14,7,7,"ADD:0,7;ADD:1,8;ADD:3,1;ADD:4,8;ADD:5,9;ADD:6,2;ADD:8,8;REMOVE:1,7;REMOVE:2,2;REMOVE:4,7;REMOVE:5,2;REMOVE:6,8;REMOVE:7,8;REMOVE:8,7",0:8;1:7;2:2|7;3:-;4:7;5:2;6:8;7:8;8:7;9:-,0:7|8;1:8;2:7;3:1;4:8;5:9;6:2;7:-;8:8;9:-,0@0=1;0@1=2;0@4=1;0@5=2;0@8=1;1@1=1;1@4=1;2@0=1;2@1=1;2@4=1;2@7=1;2@9=1;3@1=1;4@4=1;4@8=1;4@7=1;4@2=1;4@6=1;5@7=1;5@9=1;5@2=1;5@3=1;6@0=1;6@4=1;6@8=1;6@9=1;6@2=1;8@1=1;8@4=1,"0,1,4,5,8,7,9,2,6,3",31,29,29,0,1.0,0.09609683369395827,0.7777777777777778,0.01831905591618046,0.0,0.0,0.7,0.456132173538208,Feasible|selected=greedy
677,676,18,10,8,"ADD:0,2;ADD:0,9;ADD:1,7;ADD:2,5;ADD:2,9;ADD:3,5;ADD:5,8;ADD:6,7;ADD:7,8;ADD:7,9;REMOVE:0,7;REMOVE:0,8;REMOVE:1,8;REMOVE:2,7;REMOVE:3,1;REMOVE:5,9;REMOVE:6,2;REMOVE:8,8",0:7|8;1:8;2:7;3:1;4:8;5:9;6:2;7:-;8:8;9:-,0:2|9;1:7;2:5|9;3:5;4:8;5:8;6:7;7:8|9;8:-;9:-,0@2=3;0@3=1;0@5=1;0@6=1;0@8=1;0@9=3;1@2=1;1@0=2;1@1=2;1@4=1;1@7=1;2@2=1;2@3=1;2@5=1;2@6=2;3@5=1;4@8=1;4@1=2;5@5=1;5@1=1;5@4=3;6@3=1;6@0=1;7@8=1;7@9=1,"2,3,5,6,8,9,0,1,4,7",35,25,25,0,1.0,-0.07694422748391705,0.8888888888888888,0.03416688362719402,0.0,0.0,0.9999999999999999,0.787459135055542,Feasible|selected=greedy
678,677,21,10,11,"ADD:0,5;ADD:1,2;ADD:2,2;ADD:2,7;ADD:3,7;ADD:4,7;ADD:5,7;ADD:6,2;ADD:7,7;ADD:8,8;REMOVE:0,2;REMOVE:0,9;REMOVE:1,7;REMOVE:2,5;REMOVE:2,9;REMOVE:3,5;REMOVE:4,8;REMOVE:5,8;REMOVE:6,7;REMOVE:7,8;REMOVE:7,9",0:2|9;1:7;2:5|9;3:5;4:8;5:8;6:7;7:8|9;8:-;9:-,0:5;1:2;2:2|7;3:7;4:7;5:7;6:2;7:7;8:8;9:-,0@0=1;0@2=1;0@3=1;0@5=1;1@2=3;1@5=2;1@4=1;2@0=1;2@2=1;2@5=1;2@4=3;2@1=3;2@7=1;3@3=1;3@8=1;3@9=1;4@0=1;4@2=1;4@4=1;4@1=1;4@7=1;5@2=1;5@3=1;5@4=2;5@1=2;6@2=1;7@2=1;7@4=1;7@1=1;7@9=1;8@4=2;8@1=1,"0,2,3,5,4,1,7,8,9",42,32,32,0,1.0,0.017259513243950475,1.0,0.017259513243950336,0.0,0.0,0.9999999999999999,0.9330270290374756,Feasible|selected=greedy
679,678,9,4,5,"ADD:0,8;ADD:1,7;ADD:3,2;ADD:6,8;REMOVE:0,5;REMOVE:1,2;REMOVE:2,2;REMOVE:3,7;REMOVE:6,2",0:5;1:2;2:2|7;3:7;4:7;5:7;6:2;7:7;8:8;9:-,0:8;1:7;2:7;3:2;4:7;5:7;6:8;7:7;8:8;9:-,0@4=2;0@8=1;1@4=1;1@3=1;1@9=3;2@4=1;2@0=2;2@7=1;3@2=1;4@4=2;4@0=3;4@1=1;5@7=1;5@1=1;6@8=1;7@0=1;7@6=1;8@4=1;8@8=1,"4,8,3,9,0,7,2,1,6",26,19,19,0,1.0,0.12276055264330321,0.5,0.022760552643303286,0.0,0.0,0.4,0.44135499000549316,Feasible|selected=greedy
680,679,11,5,6,"ADD:3,5;ADD:4,2;ADD:5,9;ADD:7,4;ADD:8,9;REMOVE:2,7;REMOVE:3,2;REMOVE:4,7;REMOVE:5,7;REMOVE:7,7;REMOVE:8,8",0:8;1:7;2:7;3:2;4:7;5:7;6:8;7:7;8:8;9:-,0:8;1:7;2:-;3:5;4:2;5:9;6:8;7:4;8:9;9:-,0@1=1;0@2=1;0@4=1;1@4=2;1@7=1;1@9=1;3@0=1;3@5=1;4@2=1;4@4=1;4@9=1;4@0=1;4@3=1;5@9=2;6@1=1;6@5=1;7@4=1;8@9=1,"1,2,4,7,9,0,5,3",20,18,18,0,1.0,0.2006593943749524,0.6666666666666666,0.033992727708285785,0.0,0.0,0.5,0.430819034576416,Feasible|selected=greedy
681,680,14,6,8,"ADD:0,7;ADD:3,4;ADD:5,2;ADD:6,2;ADD:7,1;ADD:8,7;REMOVE:0,8;REMOVE:1,7;REMOVE:3,5;REMOVE:4,2;REMOVE:5,9;REMOVE:6,8;REMOVE:7,4;REMOVE:8,9",0:8;1:7;2:-;3:5;4:2;5:9;6:8;7:4;8:9;9:-,0:7;1:-;2:-;3:4;4:-;5:2;6:2;7:1;8:7;9:-,0@3=1;0@7=1;3@4=1;5@2=2;6@2=1;7@1=1;8@1=2;8@0=1,"3,7,4,2,1,0",10,8,8,0,1.0,0.4641935336367661,1.0,0.06419353363676614,0.0,0.0,0.6,0.3175020217895508,Feasible|selected=greedy
682,681,15,10,5,"ADD:0,2;ADD:1,7;ADD:2,2;ADD:4,9;ADD:5,3;ADD:5,5;ADD:6,7;ADD:6,8;ADD:7,8;ADD:8,3;REMOVE:3,4;REMOVE:5,2;REMOVE:6,2;REMOVE:7,1;REMOVE:8,7",0:7;1:-;2:-;3:4;4:-;5:2;6:2;7:1;8:7;9:-,0:2|7;1:7;2:2;3:-;4:9;5:3|5;6:7|8;7:8;8:3;9:-,0@0=2;0@1=1;0@2=2;0@3=1;0@4=1;0@5=1;0@9=1;1@2=1;1@4=1;1@6=1;1@7=1;2@2=1;4@1=1;4@2=1;4@3=1;4@9=2;4@7=1;5@0=1;5@1=2;5@3=1;5@5=1;6@0=3;6@1=1;6@2=1;6@4=1;6@5=1;6@6=2;7@2=1;7@8=2;8@2=1;8@3=1,"0,1,2,3,4,5,9,6,7,8",39,31,31,0,1.0,-0.13776448511010675,0.8333333333333334,0.028902181556559742,0.0,0.0,0.9999999999999999,0.595221996307373,Feasible|selected=greedy
683,682,16,8,8,"ADD:2,8;ADD:3,8;ADD:3,9;ADD:4,7;ADD:5,8;ADD:5,9;ADD:7,7;ADD:8,8;REMOVE:0,2;REMOVE:2,2;REMOVE:4,9;REMOVE:5,3;REMOVE:5,5;REMOVE:6,8;REMOVE:7,8;REMOVE:8,3",0:2|7;1:7;2:2;3:-;4:9;5:3|5;6:7|8;7:8;8:3;9:-,0:7;1:7;2:8;3:8|9;4:7;5:8|9;6:7;7:7;8:8;9:-,0@1=1;0@3=1;0@6=4;0@7=1;0@8=1;1@1=1;1@7=2;1@0=1;1@4=1;2@1=1;2@6=1;2@8=1;2@4=2;2@2=1;3@6=2;3@8=1;3@2=1;3@9=1;4@0=1;4@9=1;5@8=1;5@9=1;6@1=2;6@0=1;7@1=1;7@7=1;7@8=1;7@0=1;7@4=2;8@7=1;8@8=1;8@2=1,"1,3,6,7,8,0,4,2,9",40,32,32,0,1.0,-0.04951680295684879,0.7272727272727273,0.023210469770423875,0.0,0.0,0.7999999999999999,0.5157308578491211,Feasible|selected=greedy
684,683,13,6,7,"ADD:0,9;ADD:2,7;ADD:3,7;ADD:6,2;ADD:7,3;ADD:8,9;REMOVE:0,7;REMOVE:3,8;REMOVE:3,9;REMOVE:5,9;REMOVE:6,7;REMOVE:7,7;REMOVE:8,8",0:7;1:7;2:8;3:8|9;4:7;5:8|9;6:7;7:7;8:8;9:-,0:9;1:7;2:7|8;3:7;4:7;5:8;6:2;7:3;8:9;9:-,0@2=2;0@9=1;1@9=1;1@1=1;1@4=1;1@6=1;1@7=1;1@8=1;2@1=1;2@4=2;2@6=1;2@7=1;2@0=1;2@3=1;2@5=2;3@6=1;3@7=1;3@0=1;4@1=1;4@8=1;4@0=1;5@4=1;5@8=2;5@5=1;6@2=1;6@4=2;6@0=1;6@5=1;7@3=1;8@2=1;8@9=1;8@1=1;8@6=1;8@3=1,"2,9,1,4,6,7,8,0,3,5",39,34,34,0,1.0,0.06049744253766942,0.6363636363636364,0.02413380617403305,0.0,0.0,0.6,0.5232439041137695,Feasible|selected=greedy
685,684,16,7,9,"ADD:0,2;ADD:2,5;ADD:3,2;ADD:4,9;ADD:5,7;ADD:7,9;ADD:8,7;REMOVE:0,9;REMOVE:2,7;REMOVE:2,8;REMOVE:3,7;REMOVE:4,7;REMOVE:5,8;REMOVE:6,2;REMOVE:7,3;REMOVE:8,9",0:9;1:7;2:7|8;3:7;4:7;5:8;6:2;7:3;8:9;9:-,0:2;1:7;2:5;3:2;4:9;5:7;6:-;7:9;8:7;9:-,0@2=1;1@0=1;1@3=1;2@3=1;2@5=1;3@2=1;3@5=1;3@4=1;4@2=1;4@1=2;5@4=2;5@8=1;5@9=1;7@3=1;7@1=1;7@9=1;7@6=1;8@1=2;8@7=1,"2,0,3,5,4,1,8,9,6,7",22,19,19,0,1.0,0.22164757977313498,0.9,0.02164757977313493,0.0,0.0,0.7,0.39286303520202637,Feasible|selected=greedy
686,685,17,9,8,"ADD:0,7;ADD:1,9;ADD:2,7;ADD:3,8;ADD:4,7;ADD:5,2;ADD:6,9;ADD:7,7;ADD:8,9;REMOVE:0,2;REMOVE:1,7;REMOVE:2,5;REMOVE:3,2;REMOVE:4,9;REMOVE:5,7;REMOVE:7,9;REMOVE:8,7",0:2;1:7;2:5;3:2;4:9;5:7;6:-;7:9;8:7;9:-,0:7;1:9;2:7;3:8;4:7;5:2;6:9;7:7;8:9;9:-,0@2=1;0@3=1;0@6=1;0@7=1;1@7=1;1@9=1;2@2=1;2@6=1;2@9=1;2@1=1;2@4=1;3@2=1;3@7=1;3@1=2;3@5=1;4@3=1;4@7=1;5@2=2;5@3=2;5@4=1;5@5=1;6@2=1;6@7=2;6@9=1;6@1=1;7@3=1;7@9=1;7@8=1;8@6=1;8@9=1,"2,3,6,7,9,1,4,5,8",34,30,30,0,1.0,0.11927271689199825,1.0,0.0192727168919982,0.0,0.0,0.8999999999999999,0.5019180774688721,Feasible|selected=greedy
687,686,12,5,7,"ADD:0,8;ADD:2,4;ADD:5,5;ADD:7,3;ADD:8,1;REMOVE:0,7;REMOVE:2,7;REMOVE:3,8;REMOVE:5,2;REMOVE:6,9;REMOVE:7,7;REMOVE:8,9",0:7;1:9;2:7;3:8;4:7;5:2;6:9;7:7;8:9;9:-,0:8;1:9;2:4;3:-;4:7;5:5;6:-;7:3;8:1;9:-,0@2=1;0@6=1;0@7=1;0@8=2;1@7=1;1@3=1;1@9=1;2@4=1;4@7=2;4@8=1;4@9=1;4@0=1;5@3=2;5@5=1;7@3=1;7@1=1;8@1=1,"2,6,7,8,3,9,4,0,5,1",20,17,17,0,1.0,0.325813910405911,0.7777777777777778,0.04803613262813317,0.0,0.0,0.5,0.35244321823120117,Feasible|selected=greedy
688,687,12,6,6,"ADD:0,3;ADD:3,1;ADD:4,8;ADD:5,7;ADD:6,1;ADD:7,8;REMOVE:0,8;REMOVE:2,4;REMOVE:4,7;REMOVE:5,5;REMOVE:7,3;REMOVE:8,1",0:8;1:9;2:4;3:-;4:7;5:5;6:-;7:3;8:1;9:-,0:3;1:9;2:-;3:1;4:8;5:7;6:1;7:8;8:-;9:-,0@1=1;0@5=1;0@9=1;1@1=1;1@9=1;1@2=1;3@1=1;4@2=1;4@4=1;4@8=1;5@9=1;5@0=1;5@3=1;6@1=1;7@1=1;7@5=1;7@4=1,"1,5,9,2,4,8,0,3",17,17,17,0,1.0,0.27942455775692876,0.8571428571428571,0.022281700614071635,0.0,0.0,0.6,0.35727572441101074,Feasible|selected=greedy
689,688,12,7,5,"ADD:0,7;ADD:1,3;ADD:2,2;ADD:3,2;ADD:4,6;ADD:5,8;ADD:8,8;REMOVE:0,3;REMOVE:1,9;REMOVE:3,1;REMOVE:4,8;REMOVE:5,7",0:3;1:9;2:-;3:1;4:8;5:7;6:1;7:8;8:-;9:-,0:7;1:3;2:2;3:2;4:6;5:8;6:1;7:8;8:8;9:-,0@0=1;0@2=3;0@4=1;0@6=1;0@7=1;0@9=1;1@2=1;1@1=1;1@3=1;2@2=1;2@4=1;2@5=1;3@2=1;3@4=1;3@3=2;4@4=1;4@6=1;4@1=2;5@2=3;5@4=1;5@5=1;5@8=1;6@1=1;7@2=1;7@4=1;7@1=1;8@2=1;8@4=1;8@1=1,"0,2,4,6,7,9,1,3,5,8",35,29,29,0,1.0,0.0339026808315156,0.7142857142857143,0.019616966545801275,0.0,0.0,0.7,0.5115540027618408,Feasible|selected=greedy
690,689,13,6,7,"ADD:1,7;ADD:3,8;ADD:4,2;ADD:5,5;ADD:6,8;ADD:7,7;REMOVE:1,3;REMOVE:2,2;REMOVE:3,2;REMOVE:4,6;REMOVE:5,8;REMOVE:6,1;REMOVE:7,8",0:7;1:3;2:2;3:2;4:6;5:8;6:1;7:8;8:8;9:-,0:7;1:7;2:-;3:8;4:2;5:5;6:8;7:7;8:8;9:-,0@0=2;0@2=5;0@4=3;0@7=2;1@4=1;1@9=1;3@2=2;3@1=2;3@8=1;4@2=1;4@7=1;4@9=1;4@5=1;5@5=1;6@2=1;6@7=1;6@1=1;6@8=1;7@2=1;7@4=1;7@9=2;7@6=1;8@2=1;8@7=1;8@8=1,"0,2,4,7,9,1,8,5,6",36,25,25,0,1.0,0.19751432457423634,0.7777777777777778,0.01973654679645851,0.0,0.0,0.6,0.4706850051879883,Feasible|selected=greedy
691,690,12,5,7,"ADD:3,6;ADD:4,3;ADD:5,8;ADD:6,7;ADD:7,1;REMOVE:1,7;REMOVE:3,8;REMOVE:4,2;REMOVE:5,5;REMOVE:6,8;REMOVE:7,7;REMOVE:8,8",0:7;1:7;2:-;3:8;4:2;5:5;6:8;7:7;8:8;9:-,0:7;1:-;2:-;3:6;4:3;5:8;6:7;7:1;8:-;9:-,0@0=1;0@1=1;0@2=1;0@4=4;3@6=1;4@1=1;4@2=3;4@3=1;5@4=1;5@8=2;6@1=1;6@4=2;6@3=1;7@1=1,"0,1,2,4,6,3,8",21,14,14,0,1.0,0.4003222385005082,0.875,0.02532223850050817,0.0,0.0,0.5,0.3340568542480469,Feasible|selected=greedy
692,691,6,2,4,"ADD:4,2;ADD:6,8;REMOVE:3,6;REMOVE:4,3;REMOVE:6,7;REMOVE:7,1",0:7;1:-;2:-;3:6;4:3;5:8;6:7;7:1;8:-;9:-,0:7;1:-;2:-;3:-;4:2;5:8;6:8;7:-;8:-;9:-,0@0=1;0@4=1;0@8=1;0@9=1;4@0=1;4@9=1;4@2=1;4@5=1;5@8=1;5@2=1;6@8=1,"0,4,8,9,2,5",11,11,11,0,1.0,0.49127574457478146,0.6666666666666666,0.024609077908114788,0.0,0.0,0.2,0.33621883392333984,Feasible|selected=greedy
693,692,12,8,4,"ADD:0,8;ADD:1,8;ADD:3,1;ADD:4,8;ADD:5,2;ADD:6,7;ADD:7,8;ADD:8,6;REMOVE:0,7;REMOVE:4,2;REMOVE:5,8;REMOVE:6,8",0:7;1:-;2:-;3:-;4:2;5:8;6:8;7:-;8:-;9:-,0:8;1:8;2:-;3:1;4:8;5:2;6:7;7:8;8:6;9:-,0@2=2;0@5=2;0@8=1;1@1=1;1@4=1;3@1=1;4@2=1;4@5=1;4@4=1;4@6=1;4@7=1;5@2=1;6@2=1;6@1=1;6@0=1;7@8=1;7@7=1;8@6=1,"2,5,8,1,4,6,7,0",20,18,18,0,1.0,0.22526811087448972,1.0,0.025268110874489717,0.0,0.0,0.7999999999999999,0.4572601318359375,Feasible|selected=greedy
694,693,11,4,7,"ADD:3,7;ADD:4,2;ADD:6,2;ADD:8,7;REMOVE:1,8;REMOVE:3,1;REMOVE:4,8;REMOVE:5,2;REMOVE:6,7;REMOVE:7,8;REMOVE:8,6",0:8;1:8;2:-;3:1;4:8;5:2;6:7;7:8;8:6;9:-,0:8;1:-;2:-;3:7;4:2;5:-;6:2;7:-;8:7;9:-,0@1=2;0@2=1;0@4=2;0@8=1;3@1=1;3@0=1;4@4=1;4@8=1;4@5=1;4@9=1;6@2=1;8@7=1,"1,2,4,8,0,5,9,7",14,12,12,0,1.0,0.4967549363027285,0.875,0.0217549363027285,0.0,0.0,0.4,0.3813169002532959,Feasible|selected=greedy
695,694,9,5,4,"ADD:0,5;ADD:4,8;ADD:5,1;ADD:7,7;ADD:8,2;REMOVE:0,8;REMOVE:4,2;REMOVE:6,2;REMOVE:8,7",0:8;1:-;2:-;3:7;4:2;5:-;6:2;7:-;8:7;9:-,0:5;1:-;2:-;3:7;4:8;5:1;6:-;7:7;8:2;9:-,0@5=1;3@0=1;3@8=1;4@5=1;4@4=1;5@1=1;7@0=1;7@1=1;7@6=1;8@8=1;8@2=1;8@9=1,"5,0,8,4,1,6,2,9",12,12,12,0,1.0,0.32636177307333947,0.8,0.026361773073339447,0.0,0.0,0.5,0.3683788776397705,Feasible|selected=greedy
696,695,14,9,5,"ADD:0,7;ADD:0,8;ADD:1,4;ADD:2,2;ADD:3,2;ADD:4,7;ADD:5,5;ADD:6,7;ADD:8,5;REMOVE:0,5;REMOVE:3,7;REMOVE:4,8;REMOVE:5,1;REMOVE:8,2",0:5;1:-;2:-;3:7;4:8;5:1;6:-;7:7;8:2;9:-,0:7|8;1:4;2:2;3:2;4:7;5:5;6:7;7:7;8:5;9:-,0@1=2;0@2=2;0@4=1;0@5=1;0@6=1;0@7=3;0@9=1;1@4=1;2@2=1;2@4=1;2@0=1;3@2=2;4@1=1;4@2=2;4@4=1;4@7=1;5@5=1;5@0=1;6@1=3;6@2=1;6@4=1;6@0=2;7@1=1;7@4=1;7@7=1;7@9=1;8@2=1;8@5=1,"1,2,4,5,6,7,9,0",37,28,28,0,1.0,-0.036733263043849496,0.8333333333333334,0.029933403622817073,0.0,0.0,0.8999999999999999,0.509509801864624,Feasible|selected=greedy
697,696,13,6,7,"ADD:1,8;ADD:2,7;ADD:3,6;ADD:5,7;ADD:7,5;ADD:8,7;REMOVE:0,8;REMOVE:1,4;REMOVE:2,2;REMOVE:3,2;REMOVE:5,5;REMOVE:7,7;REMOVE:8,5",0:7|8;1:4;2:2;3:2;4:7;5:5;6:7;7:7;8:5;9:-,0:7;1:8;2:7;3:6;4:7;5:7;6:7;7:5;8:7;9:-,0@1=1;0@2=1;0@4=2;0@9=1;1@1=1;1@2=2;1@4=3;2@1=2;2@4=3;2@0=1;2@6=2;2@7=1;2@8=1;3@6=1;4@1=1;4@2=1;4@4=2;4@0=1;5@1=2;5@2=1;5@4=1;5@0=1;6@1=1;6@4=2;6@0=1;6@7=1;6@3=2;7@2=1;7@0=1;7@8=2;7@3=2;7@5=1;8@7=1,"1,2,4,9,0,6,7,8,3,5",47,33,33,0,1.0,0.11013274290089314,0.7,0.010132742900893207,0.0,0.0,0.6,0.5463242530822754,Feasible|selected=greedy
698,697,16,9,7,"ADD:0,8;ADD:1,3;ADD:1,7;ADD:3,8;ADD:4,3;ADD:4,9;ADD:5,3;ADD:6,8;ADD:7,8;REMOVE:0,7;REMOVE:1,8;REMOVE:3,6;REMOVE:4,7;REMOVE:5,7;REMOVE:6,7;REMOVE:7,5",0:7;1:8;2:7;3:6;4:7;5:7;6:7;7:5;8:7;9:-,0:8;1:3|7;2:7;3:8;4:3|9;5:3;6:8;7:8;8:7;9:-,0@2=1;0@4=1;0@5=1;0@6=1;1@4=2;1@5=1;1@3=1;1@7=1;2@4=1;2@7=1;3@8=1;4@2=1;4@5=2;4@6=2;4@3=1;4@7=1;4@1=3;4@9=1;5@2=1;5@5=1;5@3=1;5@7=1;5@9=1;6@2=1;6@4=1;6@8=1;6@1=1;7@8=1;8@3=1;8@0=1,"2,4,5,6,3,7,8,1,9,0",35,30,30,0,1.0,-0.09665309091960073,0.7777777777777778,0.025569131302621378,0.0,0.0,0.8999999999999999,0.4884490966796875,Feasible|selected=greedy
699,698,19,9,10,"ADD:0,9;ADD:1,2;ADD:2,8;ADD:3,7;ADD:4,8;ADD:5,7;ADD:6,5;ADD:7,4;ADD:8,2;REMOVE:0,8;REMOVE:1,3;REMOVE:2,7;REMOVE:3,8;REMOVE:4,3;REMOVE:4,9;REMOVE:5,3;REMOVE:6,8;REMOVE:7,8;REMOVE:8,7",0:8;1:3|7;2:7;3:8;4:3|9;5:3;6:8;7:8;8:7;9:-,0:9;1:2|7;2:8;3:7;4:8;5:7;6:5;7:4;8:2;9:-,0@3=1;0@6=1;1@6=1;1@0=1;1@2=1;1@5=1;1@7=1;2@2=1;2@1=2;2@4=1;3@6=1;3@2=2;3@7=1;4@2=2;4@5=1;4@7=1;4@1=1;5@0=1;5@8=1;5@9=2;6@2=2;6@5=1;7@4=1;8@2=1;8@8=1;8@9=1,"3,6,0,2,5,7,1,4,8,9",31,26,26,0,1.0,0.029484481637711113,0.9090909090909091,0.02039357254680196,0.0,0.0,0.8999999999999999,0.4469001293182373,Feasible|selected=greedy
700,699,16,7,9,"ADD:0,7;ADD:3,1;ADD:4,3;ADD:5,9;ADD:6,4;ADD:7,1;ADD:8,3;REMOVE:0,9;REMOVE:1,2;REMOVE:1,7;REMOVE:3,7;REMOVE:4,8;REMOVE:5,7;REMOVE:6,5;REMOVE:7,4;REMOVE:8,2",0:9;1:2|7;2:8;3:7;4:8;5:7;6:5;7:4;8:2;9:-,0:7;1:-;2:8;3:1;4:3;5:9;6:4;7:1;8:3;9:-,0@0=1;0@1=1;0@3=3;0@6=1;0@8=1;0@9=1;2@1=3;2@2=1;2@4=2;2@5=1;2@7=2;3@1=1;4@3=1;4@9=4;4@2=1;4@5=1;5@1=1;5@2=2;6@6=1;6@2=1;6@4=1;7@1=2;8@3=1;8@2=1,"0,1,3,6,8,9,2,4,5,7",35,24,24,0,1.0,0.21688677538394951,0.9,0.016886775383949493,0.0,0.0,0.7,0.43871593475341797,Feasible|selected=greedy
701,700,14,7,7,"ADD:1,7;ADD:2,2;ADD:3,6;ADD:4,4;ADD:5,4;ADD:6,2;ADD:8,7;REMOVE:2,8;REMOVE:3,1;REMOVE:4,3;REMOVE:5,9;REMOVE:6,4;REMOVE:7,1;REMOVE:8,3",0:7;1:-;2:8;3:1;4:3;5:9;6:4;7:1;8:3;9:-,0:7;1:7;2:2;3:6;4:4;5:4;6:2;7:-;8:7;9:-,0@0=1;0@2=2;0@7=1;1@7=1;1@6=1;2@0=2;2@2=1;2@4=1;3@6=1;3@8=1;3@9=1;4@4=1;5@2=1;5@4=1;6@2=1;8@4=1;8@3=1,"0,2,7,6,4,8,9,3",19,17,17,0,1.0,0.21081337411702583,0.875,0.03581337411702577,0.0,0.0,0.7,0.3725459575653076,Feasible|selected=greedy
702,701,12,4,8,"ADD:0,9;ADD:1,5;ADD:4,7;ADD:6,9;REMOVE:0,7;REMOVE:1,7;REMOVE:2,2;REMOVE:3,6;REMOVE:4,4;REMOVE:5,4;REMOVE:6,2;REMOVE:8,7",0:7;1:7;2:2;3:6;4:4;5:4;6:2;7:-;8:7;9:-,0:9;1:5;2:-;3:-;4:7;5:-;6:9;7:-;8:-;9:-,0@9=1;1@5=1;4@9=1;4@4=2;6@9=1;6@3=1,"9,5,4,3",7,6,6,0,1.0,0.6438566258085193,1.0,0.043856625808519276,0.0,0.0,0.4,0.23627805709838867,Feasible|selected=greedy
703,702,13,9,4,"ADD:0,7;ADD:1,7;ADD:2,7;ADD:3,7;ADD:4,8;ADD:5,2;ADD:6,7;ADD:7,8;ADD:8,0;REMOVE:0,9;REMOVE:1,5;REMOVE:4,7;REMOVE:6,9",0:9;1:5;2:-;3:-;4:7;5:-;6:9;7:-;8:-;9:-,0:7;1:7;2:7;3:7;4:8;5:2;6:7;7:8;8:0;9:-,0@1=1;0@2=1;0@3=1;0@4=1;0@6=1;0@8=1;1@2=1;1@3=1;1@7=1;2@1=1;2@8=1;2@7=1;2@9=1;3@6=1;3@0=1;4@4=2;4@5=1;5@2=2;6@3=1;6@0=1;7@6=1;7@5=3;8@0=1,"1,2,3,4,6,8,7,9,0,5",27,23,23,0,1.0,0.11825951728783601,1.0,0.018259517287835817,0.0,0.0,0.8999999999999999,0.565824031829834,Feasible|selected=greedy
704,703,14,7,7,"ADD:1,2;ADD:2,2;ADD:3,9;ADD:4,7;ADD:5,7;ADD:7,9;ADD:8,7;REMOVE:1,7;REMOVE:2,7;REMOVE:3,7;REMOVE:4,8;REMOVE:5,2;REMOVE:7,8;REMOVE:8,0",0:7;1:7;2:7;3:7;4:8;5:2;6:7;7:8;8:0;9:-,0:7;1:2;2:2;3:9;4:7;5:7;6:7;7:9;8:7;9:-,0@0=1;0@1=1;0@2=2;0@3=1;0@6=1;0@8=1;1@2=1;1@3=1;1@4=2;2@0=1;2@2=1;2@4=3;3@1=1;3@2=1;3@9=1;4@0=1;4@1=1;4@6=1;4@4=1;4@9=2;5@1=1;5@2=1;5@4=2;5@9=1;6@0=1;6@1=1;6@2=2;6@3=1;6@6=1;6@4=1;6@9=1;6@7=2;7@9=1;8@0=1;8@6=1;8@9=1;8@7=1,"0,1,2,3,6,8,4,9,7",45,37,37,0,1.0,0.09343081734730241,0.7777777777777778,0.01565303956952456,0.0,0.0,0.7,0.523608922958374,Feasible|selected=greedy
705,704,11,5,6,"ADD:4,9;ADD:6,5;ADD:6,9;ADD:7,7;ADD:8,2;REMOVE:3,9;REMOVE:4,7;REMOVE:5,7;REMOVE:6,7;REMOVE:7,9;REMOVE:8,7",0:7;1:2;2:2;3:9;4:7;5:7;6:7;7:9;8:7;9:-,0:7;1:2;2:2;3:-;4:9;5:-;6:5|9;7:7;8:2;9:-,0@2=1;0@3=1;0@4=2;0@6=1;1@2=1;1@5=1;1@7=1;2@2=1;2@3=1;2@4=1;2@5=1;2@7=1;2@8=1;4@2=2;4@3=1;4@6=2;6@5=1;6@9=1;7@3=1;7@4=2;7@0=1;8@2=1,"2,3,4,6,5,7,8,9,0",26,22,22,0,1.0,0.18349069966035236,0.6666666666666666,0.016824032993685754,0.0,0.0,0.5,0.39116978645324707,Feasible|selected=greedy
706,705,15,8,7,"ADD:0,1;ADD:1,7;ADD:4,8;ADD:5,7;ADD:6,7;ADD:7,1;ADD:8,3;ADD:8,9;REMOVE:0,7;REMOVE:1,2;REMOVE:4,9;REMOVE:6,5;REMOVE:6,9;REMOVE:7,7;REMOVE:8,2",0:7;1:2;2:2;3:-;4:9;5:-;6:5|9;7:7;8:2;9:-,0:1;1:7;2:2;3:-;4:8;5:7;6:7;7:1;8:3|9;9:-,0@1=1;0@8=1;0@9=1;1@0=1;1@2=1;1@6=1;2@2=1;4@1=2;4@8=2;4@2=1;4@4=2;4@7=1;5@1=1;5@7=1;5@3=1;6@0=1;6@6=1;6@4=1;7@1=1;8@1=1;8@2=1;8@6=1;8@3=1;8@5=1,"1,8,9,0,2,6,4,7,3,5",27,24,24,0,1.0,0.10281205256452486,0.875,0.02781205256452483,0.0,0.0,0.7999999999999999,0.560189962387085,Feasible|selected=greedy
707,706,14,7,7,"ADD:0,8;ADD:1,4;ADD:2,7;ADD:5,4;ADD:6,8;ADD:7,7;ADD:8,5;REMOVE:0,1;REMOVE:1,7;REMOVE:2,2;REMOVE:5,7;REMOVE:6,7;REMOVE:7,1;REMOVE:8,3",0:1;1:7;2:2;3:-;4:8;5:7;6:7;7:1;8:3|9;9:-,0:8;1:4;2:7;3:-;4:8;5:4;6:8;7:7;8:5|9;9:-,0@1=1;0@4=2;1@4=1;2@1=1;2@4=2;2@2=1;2@7=1;4@4=1;4@2=2;4@8=1;5@4=1;5@2=1;6@1=1;6@4=1;6@2=1;7@4=1;7@7=1;8@5=1;8@9=1,"1,4,2,7,8,5,9",22,19,19,0,1.0,0.10988136543543692,0.7777777777777778,0.032103587657659124,0.0,0.0,0.7,0.40368103981018066,Feasible|selected=greedy
708,707,11,5,6,"ADD:0,7;ADD:1,7;ADD:2,8;ADD:3,2;ADD:5,7;REMOVE:0,8;REMOVE:1,4;REMOVE:2,7;REMOVE:5,4;REMOVE:8,5;REMOVE:8,9",0:8;1:4;2:7;3:-;4:8;5:4;6:8;7:7;8:5|9;9:-,0:7;1:7;2:8;3:2;4:8;5:7;6:8;7:7;8:-;9:-,0@0=1;0@4=2;1@6=1;1@7=1;2@8=1;3@2=1;4@4=1;4@8=1;4@5=1;5@0=1;5@6=1;5@1=1;6@4=1;6@6=1;6@7=1;6@8=1;7@4=2;7@8=1;7@3=1,"0,4,6,7,8,2,5,1,3",21,19,19,0,1.0,0.19105223828966156,0.6666666666666666,0.02438557162299493,0.0,0.0,0.5,0.3864860534667969,Feasible|selected=greedy
709,708,9,4,5,"ADD:0,8;ADD:0,9;ADD:5,1;ADD:7,5;REMOVE:0,7;REMOVE:1,7;REMOVE:2,8;REMOVE:5,7;REMOVE:7,7",0:7;1:7;2:8;3:2;4:8;5:7;6:8;7:7;8:-;9:-,0:8|9;1:-;2:-;3:2;4:8;5:1;6:8;7:5;8:-;9:-,0@5=1;0@6=1;0@9=1;3@2=2;4@2=1;4@4=4;4@7=1;4@8=1;5@1=1;6@2=1;6@7=1;6@8=1;6@1=1;7@5=1,"5,6,9,2,4,7,8,1",18,14,14,0,1.0,0.2630656679941419,0.625,0.03806566799414187,0.0,0.0,0.4,0.31624484062194824,Feasible|selected=greedy
710,709,13,7,6,"ADD:1,7;ADD:4,2;ADD:4,7;ADD:5,8;ADD:6,2;ADD:7,8;ADD:8,2;REMOVE:0,9;REMOVE:3,2;REMOVE:4,8;REMOVE:5,1;REMOVE:6,8;REMOVE:7,5",0:8|9;1:-;2:-;3:2;4:8;5:1;6:8;7:5;8:-;9:-,0:8;1:7;2:-;3:-;4:2|7;5:8;6:2;7:8;8:2;9:-,0@4=1;0@6=1;0@8=1;1@4=1;1@8=1;1@2=1;1@7=1;1@9=1;4@4=1;4@6=1;4@8=1;4@2=1;4@7=1;4@9=1;4@0=1;4@1=1;4@3=1;4@5=1;5@4=2;5@8=1;6@2=1;6@9=1;6@5=1;7@4=1;7@2=1;7@1=1;7@5=1;8@4=2;8@2=1;8@0=1;8@5=1,"4,6,8,2,7,9,0,1,3,5",33,31,31,0,1.0,0.17847928618479691,0.8571428571428571,0.02133642904193981,0.0,0.0,0.7,0.5246729850769043,Feasible|selected=greedy
711,710,13,7,6,"ADD:0,7;ADD:1,9;ADD:2,1;ADD:3,7;ADD:5,4;ADD:7,7;ADD:8,7;REMOVE:0,8;REMOVE:1,7;REMOVE:4,2;REMOVE:5,8;REMOVE:7,8;REMOVE:8,2",0:8;1:7;2:-;3:-;4:2|7;5:8;6:2;7:8;8:2;9:-,0:7;1:9;2:1;3:7;4:7;5:4;6:2;7:7;8:7;9:-,0@0=1;0@1=1;0@9=1;1@2=1;1@6=1;2@1=1;3@2=1;3@4=1;3@7=1;4@1=2;4@2=1;4@6=1;4@4=1;4@7=1;5@2=4;5@4=1;6@0=1;6@4=1;6@5=1;7@0=1;7@6=1;7@3=1;8@9=1;8@4=1,"0,1,9,2,6,4,7,5,3",28,24,24,0,1.0,0.06375801230784106,0.75,0.013758012307841058,0.0,0.0,0.7,0.44982075691223145,Feasible|selected=greedy
712,711,14,6,8,"ADD:0,9;ADD:3,9;ADD:5,7;ADD:6,9;ADD:7,6;ADD:8,5;REMOVE:0,7;REMOVE:1,9;REMOVE:2,1;REMOVE:3,7;REMOVE:5,4;REMOVE:6,2;REMOVE:7,7;REMOVE:8,7",0:7;1:9;2:1;3:7;4:7;5:4;6:2;7:7;8:7;9:-,0:9;1:-;2:-;3:9;4:7;5:7;6:9;7:6;8:5;9:-,0@1=2;0@7=2;0@9=1;3@3=1;3@6=1;4@7=1;4@3=2;4@0=1;4@2=2;4@8=1;5@3=1;5@4=1;6@1=1;6@3=1;6@6=1;6@2=1;7@1=1;7@6=1;8@3=1;8@2=1;8@5=1,"1,7,9,3,6,0,2,8,4,5",25,21,21,0,1.0,0.30615789332985455,0.8888888888888888,0.017269004440965737,0.0,0.0,0.6,0.39869070053100586,Feasible|selected=greedy
713,712,12,5,7,"ADD:0,0;ADD:4,8;ADD:5,2;ADD:6,2;ADD:7,3;REMOVE:0,9;REMOVE:3,9;REMOVE:4,7;REMOVE:5,7;REMOVE:6,9;REMOVE:7,6;REMOVE:8,5",0:9;1:-;2:-;3:9;4:7;5:7;6:9;7:6;8:5;9:-,0:0;1:-;2:-;3:-;4:8;5:2;6:2;7:3;8:-;9:-,0@0=1;0@5=1;0@7=1;4@7=1;4@1=1;4@8=1;5@0=1;5@2=1;5@4=1;6@2=1;6@4=1;6@3=1;7@3=1,"0,5,7,1,8,2,4,3",13,13,13,0,1.0,0.5386714322536359,1.0,0.03867143225363595,0.0,0.0,0.5,0.3121657371520996,Feasible|selected=greedy
714,713,12,7,5,"ADD:2,8;ADD:3,8;ADD:4,3;ADD:5,4;ADD:6,4;ADD:7,9;ADD:8,4;REMOVE:0,0;REMOVE:4,8;REMOVE:5,2;REMOVE:6,2;REMOVE:7,3",0:0;1:-;2:-;3:-;4:8;5:2;6:2;7:3;8:-;9:-,0:-;1:-;2:8;3:8;4:3;5:4;6:4;7:9;8:4;9:-,2@2=4;2@8=1;3@8=1;4@3=1;5@4=1;6@2=1;6@4=1;7@2=2;7@9=2;8@4=1,"2,8,3,4,9",15,10,10,0,1.0,0.3540310580155295,1.0,0.05403105801552936,0.0,0.0,0.7,0.28807997703552246,Feasible|selected=greedy
715,714,14,7,7,"ADD:0,7;ADD:2,9;ADD:3,9;ADD:4,8;ADD:5,3;ADD:6,5;ADD:7,4;REMOVE:2,8;REMOVE:3,8;REMOVE:4,3;REMOVE:5,4;REMOVE:6,4;REMOVE:7,9;REMOVE:8,4",0:-;1:-;2:8;3:8;4:3;5:4;6:4;7:9;8:4;9:-,0:7;1:-;2:9;3:9;4:8;5:3;6:5;7:4;8:-;9:-,0@4=2;0@9=1;2@1=1;2@2=1;3@9=1;4@4=1;4@1=1;5@2=1;5@3=1;6@5=1;7@4=1,"4,9,1,2,3,5",12,11,11,0,1.0,0.3318319424082907,1.0,0.031831942408290737,0.0,0.0,0.7,0.3074979782104492,Feasible|selected=greedy
716,715,14,7,7,"ADD:0,6;ADD:2,8;ADD:3,8;ADD:4,4;ADD:5,9;ADD:6,7;ADD:7,2;REMOVE:0,7;REMOVE:2,9;REMOVE:3,9;REMOVE:4,8;REMOVE:5,3;REMOVE:6,5;REMOVE:7,4",0:7;1:-;2:9;3:9;4:8;5:3;6:5;7:4;8:-;9:-,0:6;1:-;2:8;3:8;4:4;5:9;6:7;7:2;8:-;9:-,0@6=1;2@1=1;2@8=1;3@1=1;3@4=1;4@4=1;4@2=1;5@9=1;6@4=1;6@0=1;7@2=1;7@0=1,"6,1,8,4,2,9,0",12,12,12,0,1.0,0.3440965689360016,1.0,0.04409656893600154,0.0,0.0,0.7,0.31822800636291504,Feasible|selected=greedy
717,716,12,6,6,"ADD:0,8;ADD:3,6;ADD:4,3;ADD:6,8;ADD:7,4;ADD:8,2;REMOVE:0,6;REMOVE:2,8;REMOVE:3,8;REMOVE:4,4;REMOVE:6,7;REMOVE:7,2",0:6;1:-;2:8;3:8;4:4;5:9;6:7;7:2;8:-;9:-,0:8;1:-;2:-;3:6;4:3;5:9;6:8;7:4;8:2;9:-,0@4=1;0@5=1;3@4=1;3@1=1;3@6=1;4@5=1;4@2=1;4@3=1;4@9=1;5@6=1;5@9=1;6@2=1;6@8=1;7@4=1;8@2=1,"4,5,1,6,2,3,9,8",15,15,15,0,1.0,0.2939260575280641,0.8571428571428571,0.03678320038520702,0.0,0.0,0.6,0.3674929141998291,Feasible|selected=greedy
718,717,12,7,5,"ADD:0,2;ADD:0,7;ADD:3,7;ADD:4,5;ADD:5,6;ADD:6,9;ADD:8,8;REMOVE:0,8;REMOVE:3,6;REMOVE:4,3;REMOVE:5,9;REMOVE:8,2",0:8;1:-;2:-;3:6;4:3;5:9;6:8;7:4;8:2;9:-,0:2|7;1:-;2:-;3:7;4:5;5:6;6:8|9;7:4;8:8;9:-,0@0=1;0@1=1;0@2=3;0@5=3;0@7=1;0@9=1;3@2=2;3@7=1;3@3=1;4@0=1;4@2=1;4@5=1;4@3=1;5@1=1;5@9=1;5@4=1;5@6=1;6@1=1;6@2=2;6@9=1;6@6=1;6@8=1;7@2=1;7@4=1;8@1=1;8@4=1,"0,1,2,5,7,9,3,4,6,8",32,26,26,0,1.0,0.04604939566837796,0.7142857142857143,0.03176368138266366,0.0,0.0,0.7,0.4481627941131592,Feasible|selected=greedy
719,718,9,3,6,"ADD:1,4;ADD:3,8;ADD:4,9;REMOVE:0,2;REMOVE:3,7;REMOVE:4,5;REMOVE:6,9;REMOVE:7,4;REMOVE:8,8",0:2|7;1:-;2:-;3:7;4:5;5:6;6:8|9;7:4;8:8;9:-,0:7;1:4;2:-;3:8;4:9;5:6;6:8;7:-;8:-;9:-,0@0=1;0@2=1;0@4=1;0@7=1;0@9=1;1@4=1;3@2=1;3@1=1;3@6=1;3@8=1;4@2=2;4@9=1;4@3=1;5@1=1;5@6=2;6@2=1;6@4=1;6@1=1;6@8=1,"0,2,4,7,9,1,6,8,3",21,19,19,0,1.0,0.3978337732415276,0.6666666666666666,0.03116710657486104,0.0,0.0,0.30000000000000004,0.35949182510375977,Feasible|selected=greedy
720,719,8,3,5,"ADD:3,6;ADD:4,7;ADD:7,8;REMOVE:0,7;REMOVE:3,8;REMOVE:4,9;REMOVE:5,6;REMOVE:6,8",0:7;1:4;2:-;3:8;4:9;5:6;6:8;7:-;8:-;9:-,0:-;1:4;2:-;3:6;4:7;5:-;6:-;7:8;8:-;9:-,1@4=1;3@6=1;4@4=2;4@1=2;4@9=1;7@2=1;7@8=1,"4,6,1,9,2,8",9,7,7,0,1.0,0.5702877925873397,0.8333333333333334,0.036954459254006436,0.0,0.0,0.30000000000000004,0.24577903747558594,Feasible|selected=greedy
721,720,9,6,3,"ADD:0,7;ADD:4,5;ADD:4,8;ADD:5,7;ADD:6,4;ADD:8,8;REMOVE:1,4;REMOVE:3,6;REMOVE:4,7",0:-;1:4;2:-;3:6;4:7;5:-;6:-;7:8;8:-;9:-,0:7;1:-;2:-;3:-;4:5|8;5:7;6:4;7:8;8:8;9:-,0@1=1;0@2=1;0@4=1;0@6=1;0@7=1;4@1=1;4@0=1;4@5=1;4@8=1;5@0=1;5@3=2;5@9=1;6@2=1;6@4=1;6@6=1;7@5=1;7@8=1;8@4=1;8@8=1,"1,2,4,6,7,0,5,8,3,9",20,19,19,0,1.0,0.18050852405165896,0.75,0.030508524051658922,0.0,0.0,0.6,0.3891792297363281,Feasible|selected=greedy
722,721,11,5,6,"ADD:0,9;ADD:3,2;ADD:4,4;ADD:6,8;ADD:8,7;REMOVE:0,7;REMOVE:4,5;REMOVE:4,8;REMOVE:6,4;REMOVE:7,8;REMOVE:8,8",0:7;1:-;2:-;3:-;4:5|8;5:7;6:4;7:8;8:8;9:-,0:9;1:-;2:-;3:2;4:4;5:7;6:8;7:-;8:7;9:-,0@1=1;0@2=1;3@2=1;3@0=1;3@4=1;3@5=1;4@4=2;5@1=1;5@0=2;5@6=1;6@1=1;6@2=1;6@4=1;8@3=1;8@8=1,"1,2,0,4,5,6,3,8",17,15,15,0,1.0,0.3747024156908192,0.8571428571428571,0.017559558547962126,0.0,0.0,0.5,0.3365907669067383,Feasible|selected=greedy
723,722,10,5,5,"ADD:3,1;ADD:4,8;ADD:5,6;ADD:7,8;ADD:8,5;REMOVE:0,9;REMOVE:3,2;REMOVE:4,4;REMOVE:5,7;REMOVE:8,7",0:9;1:-;2:-;3:2;4:4;5:7;6:8;7:-;8:7;9:-,0:-;1:-;2:-;3:1;4:8;5:6;6:8;7:8;8:5;9:-,3@1=1;4@1=1;4@2=2;4@4=2;4@6=1;5@6=1;6@8=1;7@1=2;7@2=1;7@5=1;8@5=1,"1,2,4,6,8,5",14,11,11,0,1.0,0.363906649987755,0.8333333333333334,0.030573316654421617,0.0,0.0,0.5,0.29118895530700684,Feasible|selected=greedy
724,723,12,7,5,"ADD:0,8;ADD:1,2;ADD:4,9;ADD:5,7;ADD:6,3;ADD:7,7;ADD:8,8;REMOVE:3,1;REMOVE:5,6;REMOVE:6,8;REMOVE:7,8;REMOVE:8,5",0:-;1:-;2:-;3:1;4:8;5:6;6:8;7:8;8:5;9:-,0:8;1:2;2:-;3:-;4:8|9;5:7;6:3;7:7;8:8;9:-,0@1=2;0@2=1;0@4=1;1@2=1;1@4=2;1@3=1;4@1=1;4@2=1;4@5=1;4@6=2;4@8=1;4@9=1;5@2=1;5@4=1;5@8=1;5@9=1;5@0=1;5@7=1;6@2=2;6@3=1;7@2=1;7@0=1;7@7=1;8@1=1;8@4=1,"1,2,4,3,5,6,8,9,0,7",29,25,25,0,1.0,0.15457782567834144,0.8333333333333334,0.021244492345007974,0.0,0.0,0.7,0.4926168918609619,Feasible|selected=greedy
725,724,13,8,5,"ADD:0,5;ADD:1,7;ADD:3,3;ADD:3,9;ADD:4,7;ADD:5,8;ADD:6,7;ADD:8,5;REMOVE:0,8;REMOVE:1,2;REMOVE:4,9;REMOVE:5,7;REMOVE:6,3",0:8;1:2;2:-;3:-;4:8|9;5:7;6:3;7:7;8:8;9:-,0:5;1:7;2:-;3:3|9;4:7|8;5:8;6:7;7:7;8:5|8;9:-,0@5=1;1@3=1;1@8=2;3@5=1;3@3=1;3@2=4;3@6=1;3@9=1;4@5=1;4@8=2;4@9=1;4@1=2;4@4=1;4@7=1;5@8=1;5@2=1;5@7=1;6@2=3;6@9=2;6@1=1;6@4=1;7@4=1;7@7=1;7@0=2;8@5=1;8@6=1;8@0=1,"5,3,8,2,6,9,1,4,7,0",37,27,27,0,1.0,-0.14994410791624735,0.625,0.02505589208375261,0.0,0.0,0.7999999999999999,0.45250821113586426,Feasible|selected=greedy
726,725,16,5,11,"ADD:0,3;ADD:1,1;ADD:5,9;ADD:7,6;ADD:8,6;REMOVE:0,5;REMOVE:1,7;REMOVE:3,3;REMOVE:3,9;REMOVE:4,7;REMOVE:4,8;REMOVE:5,8;REMOVE:6,7;REMOVE:7,7;REMOVE:8,5;REMOVE:8,8",0:5;1:7;2:-;3:3|9;4:7|8;5:8;6:7;7:7;8:5|8;9:-,0:3;1:1;2:-;3:-;4:-;5:9;6:-;7:6;8:6;9:-,0@3=1;1@1=1;5@1=1;5@9=1;7@6=1;8@6=1,"3,1,9,6",6,6,6,0,1.0,0.5791531446494351,1.0,0.07915314464943508,0.0,0.0,0.5,0.23143506050109863,Feasible|selected=greedy
727,726,12,8,4,"ADD:1,8;ADD:3,7;ADD:4,5;ADD:4,7;ADD:5,7;ADD:6,7;ADD:7,8;ADD:8,7;REMOVE:1,1;REMOVE:5,9;REMOVE:7,6;REMOVE:8,6",0:3;1:1;2:-;3:-;4:-;5:9;6:-;7:6;8:6;9:-,0:3;1:8;2:-;3:7;4:5|7;5:7;6:7;7:8;8:7;9:-,0@3=1;0@5=2;0@9=1;1@6=2;1@8=1;3@9=1;3@0=1;4@3=1;4@5=2;4@6=2;4@0=1;5@3=1;5@6=1;5@0=1;6@4=1;6@7=1;7@5=1;7@8=1;7@7=1;7@2=1;8@3=1;8@4=1,"3,5,9,6,8,0,4,7,2",26,22,22,0,1.0,0.022053863077070357,0.8,0.02205386307707027,0.0,0.0,0.7999999999999999,0.43573689460754395,Feasible|selected=greedy
728,727,9,4,5,"ADD:1,7;ADD:6,8;ADD:7,2;ADD:8,6;REMOVE:0,3;REMOVE:4,5;REMOVE:6,7;REMOVE:7,8;REMOVE:8,7",0:3;1:8;2:-;3:7;4:5|7;5:7;6:7;7:8;8:7;9:-,0:-;1:7|8;2:-;3:7;4:7;5:7;6:8;7:2;8:6;9:-,1@0=1;1@1=1;1@4=1;1@5=1;3@1=1;3@4=2;3@3=1;3@7=1;3@8=1;4@0=2;4@1=3;4@4=2;4@3=1;4@7=1;4@8=2;4@2=2;4@9=1;5@4=1;5@2=1;5@9=1;5@6=1;6@1=2;6@4=3;6@7=3;6@8=1;6@2=1;7@8=1;7@2=1;7@9=1;8@6=1,"0,1,4,5,3,7,8,2,9,6",42,30,30,0,1.0,0.1668362717804992,0.5555555555555556,0.01128071622494362,0.0,0.0,0.4,0.43842196464538574,Feasible|selected=greedy
729,728,12,6,6,"ADD:3,4;ADD:5,3;ADD:5,9;ADD:6,9;ADD:7,6;ADD:8,8;REMOVE:1,8;REMOVE:3,7;REMOVE:5,7;REMOVE:6,8;REMOVE:7,2;REMOVE:8,6",0:-;1:7|8;2:-;3:7;4:7;5:7;6:8;7:2;8:6;9:-,0:-;1:7;2:-;3:4;4:7;5:3|9;6:9;7:6;8:8;9:-,1@1=1;1@7=1;3@4=1;4@1=2;4@0=1;4@2=1;4@6=3;4@8=2;5@2=1;5@6=1;5@3=1;5@5=1;5@9=1;6@1=1;6@2=1;6@6=1;6@9=1;7@4=2;7@6=1;8@6=1;8@5=1,"1,7,4,0,2,6,8,3,5,9",26,21,21,0,1.0,0.1732337906731778,0.75,0.023233790673177733,0.0,0.0,0.6,0.4695580005645752,Feasible|selected=greedy
730,729,11,5,6,"ADD:3,0;ADD:5,7;ADD:6,2;ADD:7,8;ADD:8,2;REMOVE:3,4;REMOVE:5,3;REMOVE:5,9;REMOVE:6,9;REMOVE:7,6;REMOVE:8,8",0:-;1:7;2:-;3:4;4:7;5:3|9;6:9;7:6;8:8;9:-,0:-;1:7;2:-;3:0;4:7;5:7;6:2;7:8;8:2;9:-,1@0=1;1@2=2;1@6=1;3@0=1;4@0=1;4@2=1;4@1=1;4@4=2;4@7=1;4@8=1;4@9=1;5@0=1;5@2=2;5@1=1;5@4=1;5@7=1;5@8=1;5@9=1;5@3=1;6@0=1;6@4=1;6@9=1;6@5=1;7@2=1;7@1=1;7@4=2;8@2=1,"0,2,6,1,4,7,8,9,3,5",31,27,27,0,1.0,0.2631619123652922,0.75,0.013161912365292202,0.0,0.0,0.5,0.49966001510620117,Feasible|selected=greedy
731,730,12,7,5,"ADD:0,8;ADD:1,9;ADD:3,8;ADD:4,2;ADD:6,7;ADD:7,7;ADD:8,7;REMOVE:1,7;REMOVE:3,0;REMOVE:6,2;REMOVE:7,8;REMOVE:8,2",0:-;1:7;2:-;3:0;4:7;5:7;6:2;7:8;8:2;9:-,0:8;1:9;2:-;3:8;4:2|7;5:7;6:7;7:7;8:7;9:-,0@1=2;0@4=1;1@1=1;1@2=2;1@6=1;3@4=1;3@5=1;3@7=1;4@1=1;4@4=3;4@2=2;4@5=1;4@7=2;4@0=1;4@3=1;4@8=1;5@7=2;5@0=1;5@8=1;5@9=1;6@1=1;6@2=1;6@0=2;7@0=1;7@3=2;7@8=2;8@1=1;8@4=2;8@2=1;8@9=1,"1,4,2,6,5,7,0,3,8,9",41,30,30,0,1.0,0.029145612762375928,0.7142857142857143,0.0148598984766616,0.0,0.0,0.7,0.5281050205230713,Feasible|selected=greedy
732,731,12,6,6,"ADD:0,7;ADD:1,7;ADD:3,7;ADD:5,3;ADD:6,8;ADD:7,1;REMOVE:0,8;REMOVE:1,9;REMOVE:3,8;REMOVE:5,7;REMOVE:6,7;REMOVE:7,7",0:8;1:9;2:-;3:8;4:2|7;5:7;6:7;7:7;8:7;9:-,0:7;1:7;2:-;3:7;4:2|7;5:3;6:8;7:1;8:7;9:-,0@0=1;0@1=1;0@4=1;0@7=2;0@9=1;1@4=1;1@7=1;1@9=1;1@3=1;1@6=2;1@8=1;3@0=1;3@1=1;3@7=1;4@0=1;4@1=3;4@4=1;4@7=1;4@9=1;4@6=2;4@2=5;4@5=2;5@7=1;5@3=1;5@5=1;6@4=1;6@5=4;7@1=1;8@4=2;8@7=1;8@6=1,"0,1,4,7,9,3,6,8,2,5",45,31,31,0,1.0,0.09407486178998237,0.6666666666666666,0.027408195123315715,0.0,0.0,0.6,0.47551631927490234,Feasible|selected=greedy
733,732,10,5,5,"ADD:3,0;ADD:4,8;ADD:5,7;ADD:6,1;ADD:7,7;REMOVE:3,7;REMOVE:4,2;REMOVE:5,3;REMOVE:6,8;REMOVE:7,1",0:7;1:7;2:-;3:7;4:2|7;5:3;6:8;7:1;8:7;9:-,0:7;1:7;2:-;3:0;4:7|8;5:7;6:1;7:7;8:7;9:-,0@0=1;0@1=2;0@6=1;1@1=1;1@2=1;1@4=1;1@7=1;3@0=1;4@1=2;4@6=2;4@2=4;4@4=4;4@7=1;4@5=1;4@8=1;4@9=2;5@1=1;5@6=1;5@2=1;5@8=1;5@3=1;6@1=1;7@1=1;7@4=1;7@9=1;8@0=2;8@1=1;8@2=1;8@8=1,"0,1,6,2,4,7,5,8,9,3",40,29,29,0,1.0,0.0688130242439482,0.5555555555555556,0.013257468688392641,0.0,0.0,0.5,0.5141260623931885,Feasible|selected=greedy
734,733,8,3,5,"ADD:0,9;ADD:6,7;ADD:7,8;REMOVE:0,7;REMOVE:3,0;REMOVE:4,7;REMOVE:6,1;REMOVE:7,7",0:7;1:7;2:-;3:0;4:7|8;5:7;6:1;7:7;8:7;9:-,0:9;1:7;2:-;3:-;4:8;5:7;6:7;7:8;8:7;9:-,0@2=2;0@3=1;0@6=1;1@2=2;1@3=1;1@7=1;4@2=1;4@7=1;4@1=2;4@4=2;4@5=1;5@7=1;5@4=1;5@8=1;5@9=1;6@2=1;6@3=2;6@6=1;6@4=1;6@8=1;6@9=2;7@1=1;7@4=1;7@5=1;7@8=1;8@7=1;8@1=1,"2,3,6,7,1,4,5,8,9",33,27,27,0,1.0,0.2670967396801075,0.5555555555555556,0.01154118412455201,0.0,0.0,0.30000000000000004,0.46050405502319336,Feasible|selected=greedy
735,734,9,5,4,"ADD:0,8;ADD:1,0;ADD:6,9;ADD:7,5;ADD:8,2;REMOVE:1,7;REMOVE:6,7;REMOVE:7,8;REMOVE:8,7",0:9;1:7;2:-;3:-;4:8;5:7;6:7;7:8;8:7;9:-,0:8|9;1:0;2:-;3:-;4:8;5:7;6:9;7:5;8:2;9:-,0@1=1;0@5=1;0@6=1;0@9=2;1@0=1;4@1=1;4@6=1;4@2=2;4@4=1;5@6=1;5@2=1;5@7=1;6@9=1;7@5=1;8@2=1,"1,5,6,9,0,2,4,7",17,15,15,0,1.0,0.11284950445997044,0.5714285714285714,0.04142093303139901,0.0,0.0,0.5,0.31636595726013184,Feasible|selected=greedy
736,735,9,3,6,"ADD:5,8;ADD:6,7;ADD:7,7;REMOVE:0,9;REMOVE:1,0;REMOVE:5,7;REMOVE:6,9;REMOVE:7,5;REMOVE:8,2",0:8|9;1:0;2:-;3:-;4:8;5:7;6:9;7:5;8:2;9:-,0:8;1:-;2:-;3:-;4:8;5:8;6:7;7:7;8:-;9:-,0@2=1;0@4=2;0@5=1;0@6=2;4@2=4;4@4=1;4@7=1;4@8=1;5@2=1;5@4=1;5@5=1;5@7=1;5@1=1;6@2=2;6@7=1;6@0=1;7@7=1,"2,4,5,6,7,8,1,0",23,17,17,0,1.0,0.4633456569690677,0.75,0.013345656969067806,0.0,0.0,0.30000000000000004,0.34293293952941895,Feasible|selected=greedy
737,736,11,7,4,"ADD:0,7;ADD:5,3;ADD:6,0;ADD:7,3;ADD:7,9;ADD:8,7;ADD:8,8;REMOVE:0,8;REMOVE:5,8;REMOVE:6,7;REMOVE:7,7",0:8;1:-;2:-;3:-;4:8;5:8;6:7;7:7;8:-;9:-,0:7;1:-;2:-;3:-;4:8;5:3;6:0;7:3|9;8:7|8;9:-,0@0=2;0@2=1;0@3=1;0@7=1;0@8=1;0@9=2;4@2=1;4@8=1;4@1=1;5@2=1;5@3=1;5@7=1;5@9=2;5@5=1;6@0=1;7@2=2;7@3=1;7@9=1;7@5=1;7@6=1;8@0=1;8@5=1;8@6=1;8@4=1,"0,2,3,7,8,9,1,5,6,4",28,24,24,0,1.0,0.12230153103981078,0.8,0.022301531039810713,0.0,0.0,0.7,0.4066040515899658,Feasible|selected=greedy
738,737,13,6,7,"ADD:1,3;ADD:2,8;ADD:4,7;ADD:5,7;ADD:6,8;ADD:7,7;REMOVE:4,8;REMOVE:5,3;REMOVE:6,0;REMOVE:7,3;REMOVE:7,9;REMOVE:8,7;REMOVE:8,8",0:7;1:-;2:-;3:-;4:8;5:3;6:0;7:3|9;8:7|8;9:-,0:7;1:3;2:8;3:-;4:7;5:7;6:8;7:7;8:-;9:-,0@1=1;0@2=4;0@3=1;0@4=4;0@7=1;0@9=2;1@3=1;2@8=1;4@1=2;4@2=3;4@3=1;4@8=4;4@6=2;5@2=1;5@3=1;5@4=1;5@7=1;5@9=1;6@1=1;6@2=2;6@8=1;7@7=2;7@9=1;7@8=1,"1,2,3,4,7,9,8,6",40,24,24,0,1.0,0.2922633544666635,0.875,0.017263354466663522,0.0,0.0,0.6,0.44136595726013184,Feasible|selected=greedy
739,738,10,5,5,"ADD:2,3;ADD:5,5;ADD:6,7;ADD:7,4;ADD:8,7;REMOVE:1,3;REMOVE:2,8;REMOVE:5,7;REMOVE:6,8;REMOVE:7,7",0:7;1:3;2:8;3:-;4:7;5:7;6:8;7:7;8:-;9:-,0:7;1:-;2:3;3:-;4:7;5:5;6:7;7:4;8:7;9:-,0@0=1;0@6=1;0@8=2;2@3=1;4@0=1;4@1=2;4@2=2;4@4=2;4@7=1;5@2=1;5@5=1;6@3=1;6@1=1;6@2=2;6@4=1;7@4=2;8@7=1,"0,6,8,3,1,2,4,7,5",23,17,17,0,1.0,0.23801165170778626,0.7142857142857143,0.023725937422072015,0.0,0.0,0.5,0.3580601215362549,Feasible|selected=greedy
740,739,12,7,5,"ADD:0,2;ADD:2,8;ADD:3,5;ADD:3,8;ADD:4,8;ADD:5,8;ADD:7,2;REMOVE:0,7;REMOVE:2,3;REMOVE:4,7;REMOVE:5,5;REMOVE:7,4",0:7;1:-;2:3;3:-;4:7;5:5;6:7;7:4;8:7;9:-,0:2;1:-;2:8;3:5|8;4:8;5:8;6:7;7:2;8:7;9:-,0@2=2;0@3=2;0@5=2;0@7=2;0@8=1;2@2=5;2@8=1;2@1=2;2@4=3;2@6=1;3@2=1;3@5=1;3@1=1;3@0=1;4@7=1;4@8=2;4@4=2;5@2=1;5@5=1;5@7=1;5@8=1;6@3=1;6@7=1;6@4=1;7@2=2;7@3=1;7@4=1;8@4=3;8@0=1,"2,3,5,7,8,1,4,6,0",45,29,29,0,1.0,0.03558123186903284,0.7142857142857143,0.02129551758331846,0.0,0.0,0.7,0.49437808990478516,Feasible|selected=greedy
741,740,16,8,8,"ADD:0,7;ADD:2,3;ADD:2,7;ADD:3,9;ADD:4,7;ADD:5,2;ADD:6,8;ADD:8,8;REMOVE:0,2;REMOVE:2,8;REMOVE:3,5;REMOVE:3,8;REMOVE:4,8;REMOVE:5,8;REMOVE:6,7;REMOVE:8,7",0:2;1:-;2:8;3:5|8;4:8;5:8;6:7;7:2;8:7;9:-,0:7;1:-;2:3|7;3:9;4:7;5:2;6:8;7:2;8:8;9:-,0@0=2;0@1=1;0@4=2;0@8=2;2@1=3;2@4=4;2@2=2;2@3=1;2@5=1;2@6=1;2@9=1;3@1=1;3@2=1;3@3=1;3@6=1;3@9=1;3@7=1;4@0=1;4@1=2;4@8=1;4@2=1;4@6=1;4@9=2;5@4=1;5@8=1;5@2=1;5@9=2;6@1=1;6@4=1;6@2=1;6@6=1;7@0=1;7@4=4;7@2=1;7@5=1;8@8=1;8@2=1,"0,1,4,8,2,3,5,6,9,7",52,37,37,0,1.0,0.0985034562750865,0.8888888888888888,0.009614567386197597,0.0,0.0,0.7999999999999999,0.5904510021209717,Feasible|selected=greedy
742,741,17,8,9,"ADD:0,2;ADD:2,9;ADD:3,8;ADD:4,2;ADD:5,8;ADD:6,7;ADD:7,8;ADD:8,7;REMOVE:0,7;REMOVE:2,3;REMOVE:2,7;REMOVE:3,9;REMOVE:4,7;REMOVE:5,2;REMOVE:6,8;REMOVE:7,2;REMOVE:8,8",0:7;1:-;2:3|7;3:9;4:7;5:2;6:8;7:2;8:8;9:-,0:2;1:-;2:9;3:8;4:2;5:8;6:7;7:8;8:7;9:-,0@2=2;0@3=1;0@4=2;0@8=1;2@2=1;2@6=4;2@7=1;2@9=1;3@4=1;3@5=1;4@2=3;4@3=1;4@4=2;4@8=3;4@5=4;5@2=4;5@6=1;5@5=1;6@2=2;6@6=1;6@9=3;6@0=1;6@1=1;7@4=1;7@1=1;8@2=1;8@7=2;8@0=1,"2,3,4,8,6,7,9,5,0,1",48,28,28,0,1.0,0.21833494289708344,1.0,0.018334942897083314,0.0,0.0,0.7999999999999999,0.49689316749572754,Feasible|selected=greedy
743,742,15,8,7,"ADD:2,7;ADD:2,8;ADD:3,4;ADD:4,7;ADD:5,5;ADD:6,2;ADD:7,4;ADD:8,2;REMOVE:2,9;REMOVE:3,8;REMOVE:4,2;REMOVE:5,8;REMOVE:6,7;REMOVE:7,8;REMOVE:8,7",0:2;1:-;2:9;3:8;4:2;5:8;6:7;7:8;8:7;9:-,0:2;1:-;2:7|8;3:4;4:7;5:5;6:2;7:4;8:2;9:-,0@2=1;0@4=1;0@9=1;2@4=1;2@9=1;2@5=1;2@7=1;2@8=1;3@4=1;4@4=1;4@8=1;4@3=1;5@5=1;6@4=1;6@5=1;6@0=1;7@4=1;8@2=1,"2,4,9,5,7,8,3,0",18,18,18,0,1.0,0.1131689240268271,0.875,0.03816892402682699,0.0,0.0,0.7999999999999999,0.34345221519470215,Feasible|selected=greedy
744,743,14,7,7,"ADD:0,8;ADD:2,2;ADD:3,8;ADD:5,8;ADD:6,4;ADD:7,9;ADD:8,9;REMOVE:0,2;REMOVE:2,8;REMOVE:3,4;REMOVE:5,5;REMOVE:6,2;REMOVE:7,4;REMOVE:8,2",0:2;1:-;2:7|8;3:4;4:7;5:5;6:2;7:4;8:2;9:-,0:8;1:-;2:2|7;3:8;4:7;5:8;6:4;7:9;8:9;9:-,0@7=1;0@8=1;2@7=1;2@8=1;2@2=1;2@3=1;2@4=1;2@5=2;2@6=1;2@9=1;3@4=1;3@1=1;4@2=3;4@4=1;4@6=1;4@9=1;4@1=1;5@8=1;5@1=1;6@2=1;6@4=3;7@2=2;7@6=1;8@9=1,"7,8,2,3,4,5,6,9,1",30,24,24,0,1.0,0.10445412859658731,0.7777777777777778,0.026676350818809494,0.0,0.0,0.7,0.4475381374359131,Feasible|selected=greedy
745,744,12,6,6,"ADD:0,7;ADD:3,7;ADD:5,5;ADD:6,2;ADD:7,3;ADD:8,5;REMOVE:0,8;REMOVE:2,2;REMOVE:3,8;REMOVE:6,4;REMOVE:7,9;REMOVE:8,9",0:8;1:-;2:2|7;3:8;4:7;5:8;6:4;7:9;8:9;9:-,0:7;1:-;2:7;3:7;4:7;5:5|8;6:2;7:3;8:5;9:-,0@1=2;0@2=1;0@3=2;0@4=3;0@6=1;0@7=1;0@9=1;2@2=4;2@7=1;3@7=1;3@9=1;3@0=1;4@1=1;4@3=2;4@4=2;4@6=1;4@0=1;4@8=1;5@4=1;5@0=1;5@8=1;5@5=2;6@2=3;6@3=2;6@7=2;6@0=1;6@8=1;6@5=1;7@3=1;8@2=1;8@5=1,"1,2,3,4,6,7,9,0,8,5",45,31,31,0,1.0,0.09293487159015767,0.6666666666666666,0.026268204923490978,0.0,0.0,0.6,0.5192089080810547,Feasible|selected=greedy
746,745,11,5,6,"ADD:0,2;ADD:5,2;ADD:6,6;ADD:7,8;ADD:8,2;REMOVE:0,7;REMOVE:5,5;REMOVE:5,8;REMOVE:6,2;REMOVE:7,3;REMOVE:8,5",0:7;1:-;2:7;3:7;4:7;5:5|8;6:2;7:3;8:5;9:-,0:2;1:-;2:7;3:7;4:7;5:2;6:6;7:8;8:2;9:-,0@0=1;0@2=5;0@4=3;0@9=1;2@0=1;2@2=2;2@4=1;2@1=1;2@3=2;2@6=1;2@7=1;2@8=1;3@0=1;3@4=2;3@9=2;3@3=1;4@2=1;4@4=1;4@9=2;4@1=2;5@2=2;5@4=2;5@9=1;5@5=1;6@4=1;6@9=1;6@1=1;6@6=1;7@4=3;7@1=1;7@7=1;7@5=1;8@2=1;8@4=1;8@3=1;8@5=1,"0,2,4,9,1,3,6,7,8,5",52,36,36,0,1.0,0.1848716272547779,0.6666666666666666,0.018204960588111246,0.0,0.0,0.5,0.7393519878387451,Feasible|selected=greedy
747,746,14,7,7,"ADD:0,8;ADD:2,2;ADD:3,8;ADD:4,2;ADD:5,7;ADD:7,3;ADD:8,7;REMOVE:0,2;REMOVE:2,7;REMOVE:3,7;REMOVE:4,7;REMOVE:5,2;REMOVE:7,8;REMOVE:8,2",0:2;1:-;2:7;3:7;4:7;5:2;6:6;7:8;8:2;9:-,0:8;1:-;2:2;3:8;4:2;5:7;6:6;7:3;8:7;9:-,0@2=1;0@4=3;0@5=1;0@7=1;0@8=2;2@2=3;2@4=2;2@5=1;2@8=1;2@0=1;2@3=1;3@5=1;3@1=1;4@2=2;4@4=3;4@8=1;4@9=1;5@2=1;5@4=3;5@0=1;5@1=1;5@6=1;6@4=1;6@1=1;6@9=1;6@6=1;7@3=1;7@1=1;8@2=1;8@4=2;8@8=1;8@3=1;8@1=1,"2,4,5,7,8,0,3,1,9,6",45,33,33,0,1.0,0.19396863216662907,0.875,0.018968632166629026,0.0,0.0,0.7,0.8263301849365234,Feasible|selected=greedy
748,747,12,7,5,"ADD:0,7;ADD:1,4;ADD:4,8;ADD:5,8;ADD:6,7;ADD:7,4;ADD:8,8;REMOVE:0,8;REMOVE:5,7;REMOVE:6,6;REMOVE:7,3;REMOVE:8,7",0:8;1:-;2:2;3:8;4:2;5:7;6:6;7:3;8:7;9:-,0:7;1:4;2:2;3:8;4:2|8;5:8;6:7;7:4;8:8;9:-,0@1=1;0@2=1;0@3=2;0@4=3;0@7=1;0@8=1;0@9=3;1@4=1;2@2=2;2@4=1;2@8=1;2@9=1;2@5=1;3@2=1;3@8=1;3@5=1;4@1=1;4@2=2;4@4=2;4@8=1;4@9=1;4@5=1;5@4=1;5@8=1;5@5=1;5@6=1;6@1=2;6@4=4;6@8=1;6@9=2;6@0=1;7@4=1;8@8=1,"1,2,3,4,7,8,9,5,6,0",46,33,33,0,1.0,-0.050930483192267006,0.625,0.02406951680773291,0.0,0.0,0.7,0.8537201881408691,Feasible|selected=greedy
749,748,15,8,7,"ADD:1,2;ADD:2,7;ADD:3,7;ADD:4,3;ADD:5,7;ADD:6,2;ADD:7,5;ADD:7,8;REMOVE:1,4;REMOVE:3,8;REMOVE:4,2;REMOVE:4,8;REMOVE:5,8;REMOVE:6,7;REMOVE:7,4",0:7;1:4;2:2;3:8;4:2|8;5:8;6:7;7:4;8:8;9:-,0:7;1:2;2:2|7;3:7;4:3;5:7;6:2;7:5|8;8:8;9:-,0@1=2;0@3=1;0@4=1;0@6=1;0@9=1;1@4=1;1@2=2;1@5=1;2@1=2;2@4=1;2@9=1;2@2=2;2@5=1;2@0=1;2@7=1;2@8=1;3@4=1;3@6=1;3@2=1;3@0=1;3@8=1;4@1=2;4@3=2;4@9=2;4@5=1;4@7=1;5@4=1;5@9=1;5@0=1;5@7=1;6@3=1;6@9=1;6@2=2;6@5=2;6@0=1;7@4=2;7@5=1;7@0=1;7@8=1;8@1=1;8@6=1;8@2=1;8@7=1;8@8=2,"1,3,4,6,9,2,5,0,7,8",55,44,44,0,1.0,-0.07561728395060008,0.7,0.024382716049399955,0.0,0.0,0.7999999999999999,1.1996428966522217,Feasible|selected=greedy
750,749,14,6,8,"ADD:0,3;ADD:3,6;ADD:3,8;ADD:4,9;ADD:6,8;ADD:7,7;REMOVE:0,7;REMOVE:1,2;REMOVE:2,2;REMOVE:3,7;REMOVE:4,3;REMOVE:6,2;REMOVE:7,5;REMOVE:7,8",0:7;1:2;2:2|7;3:7;4:3;5:7;6:2;7:5|8;8:8;9:-,0:3;1:-;2:7;3:6|8;4:9;5:7;6:8;7:7;8:8;9:-,0@1=2;0@3=1;0@5=2;2@2=1;2@4=3;2@6=2;2@8=1;2@9=2;3@5=1;3@4=1;3@6=1;3@9=1;4@1=2;4@3=1;4@2=2;4@6=1;5@1=1;5@2=2;5@4=1;5@9=1;5@7=1;6@8=1;7@7=1;7@0=1;8@8=1,"1,3,5,2,4,6,8,9,7,0",34,25,25,0,1.0,0.14628068596994404,0.7272727272727273,0.019007958697216703,0.0,0.0,0.6,0.9707117080688477,Feasible|selected=greedy
751,750,14,8,6,"ADD:0,7;ADD:2,2;ADD:3,9;ADD:4,7;ADD:5,8;ADD:6,1;ADD:7,4;ADD:8,7;REMOVE:0,3;REMOVE:3,6;REMOVE:3,8;REMOVE:4,9;REMOVE:7,7;REMOVE:8,8",0:3;1:-;2:7;3:6|8;4:9;5:7;6:8;7:7;8:8;9:-,0:7;1:-;2:2|7;3:9;4:7;5:7|8;6:1|8;7:4;8:7;9:-,0@1=2;0@2=1;0@3=2;0@8=1;2@1=2;2@2=1;2@3=1;2@0=1;2@4=2;2@5=1;2@6=1;2@9=2;3@2=1;3@9=1;4@1=2;4@0=2;4@7=1;5@1=1;5@3=1;5@0=1;5@4=2;5@5=2;5@6=1;6@1=1;6@8=1;6@5=1;6@9=1;7@4=1;8@0=1;8@4=1,"1,2,3,8,0,4,5,6,9,7",39,30,30,0,1.0,-0.11795312460245533,0.6666666666666666,0.01538020873087794,0.0,0.0,0.7999999999999999,1.0529768466949463,Feasible|selected=greedy
752,751,13,6,7,"ADD:0,8;ADD:5,1;ADD:6,9;ADD:7,8;ADD:7,9;ADD:8,2;REMOVE:2,2;REMOVE:5,7;REMOVE:5,8;REMOVE:6,1;REMOVE:6,8;REMOVE:7,4;REMOVE:8,7",0:7;1:-;2:2|7;3:9;4:7;5:7|8;6:1|8;7:4;8:7;9:-,0:7|8;1:-;2:7;3:9;4:7;5:1;6:9;7:8|9;8:2;9:-,0@1=1;0@3=1;0@4=3;0@5=1;0@6=1;0@8=1;0@9=3;2@4=1;2@9=1;2@2=2;2@7=2;3@1=1;3@9=1;3@7=1;4@1=2;4@6=1;4@2=2;4@0=2;5@1=1;6@1=1;6@3=1;6@9=1;6@2=2;7@1=1;7@4=1;7@5=1;7@9=1;8@3=1;8@5=1;8@8=1;8@9=1;8@2=1;8@0=1,"1,3,4,5,6,8,9,2,7,0",43,33,33,0,1.0,0.05479653375515536,0.6363636363636364,0.018432897391518984,0.0,0.0,0.6,1.0395920276641846,Feasible|selected=greedy
753,752,15,8,7,"ADD:1,4;ADD:2,2;ADD:3,3;ADD:4,8;ADD:5,2;ADD:6,7;ADD:7,7;ADD:8,9;REMOVE:3,9;REMOVE:4,7;REMOVE:5,1;REMOVE:6,9;REMOVE:7,8;REMOVE:7,9;REMOVE:8,2",0:7|8;1:-;2:7;3:9;4:7;5:1;6:9;7:8|9;8:2;9:-,0:7|8;1:4;2:2|7;3:3;4:8;5:2;6:7;7:7;8:9;9:-,0@1=1;0@2=1;0@3=1;0@4=5;0@5=1;0@6=1;0@7=1;0@8=2;0@9=1;1@4=1;2@1=4;2@2=2;2@3=1;2@4=4;2@5=1;2@7=2;2@8=1;2@0=1;3@1=2;3@2=1;3@5=1;3@7=1;3@9=1;4@1=1;4@4=2;5@2=1;5@4=1;5@5=1;5@7=1;6@1=3;6@3=1;6@4=1;7@1=1;7@2=1;7@3=1;7@4=1;8@2=1;8@6=1,"1,2,3,4,5,6,7,8,9,0",55,38,38,0,1.0,-0.08352734935517914,0.7,0.01647265064482089,0.0,0.0,0.7999999999999999,1.4948492050170898,Feasible|selected=greedy
754,753,15,6,9,"ADD:0,2;ADD:2,8;ADD:4,2;ADD:6,2;ADD:7,2;ADD:8,8;REMOVE:0,7;REMOVE:0,8;REMOVE:1,4;REMOVE:2,7;REMOVE:3,3;REMOVE:4,8;REMOVE:6,7;REMOVE:7,7;REMOVE:8,9",0:7|8;1:4;2:2|7;3:3;4:8;5:2;6:7;7:7;8:9;9:-,0:2;1:-;2:2|8;3:-;4:2;5:2;6:2;7:2;8:8;9:-,0@0=2;0@2=1;0@3=2;0@4=1;0@9=1;2@2=2;2@3=1;2@4=2;2@1=5;2@5=1;2@8=1;4@0=1;4@2=1;4@4=2;4@9=1;4@5=4;4@8=1;5@2=1;6@0=3;6@2=2;6@3=1;6@9=1;6@5=1;6@7=1;7@4=2;7@9=1;7@5=1;8@2=1;8@1=1;8@5=1;8@8=1,"0,2,3,4,9,1,5,8,7",47,31,31,0,1.0,0.23937368665970515,0.8181818181818182,0.0211918684778869,0.0,0.0,0.6,1.0224790573120117,Feasible|selected=greedy
755,754,10,5,5,"ADD:0,7;ADD:3,7;ADD:4,7;ADD:5,1;ADD:8,7;REMOVE:0,2;REMOVE:2,2;REMOVE:4,2;REMOVE:5,2;REMOVE:8,8",0:2;1:-;2:2|8;3:-;4:2;5:2;6:2;7:2;8:8;9:-,0:7;1:-;2:8;3:7;4:7;5:1;6:2;7:2;8:7;9:-,0@0=1;0@1=1;0@2=2;0@6=1;0@7=2;0@8=3;2@1=2;2@2=2;2@6=2;2@4=2;3@1=1;3@2=2;3@6=1;3@4=1;3@9=1;4@1=1;4@7=1;4@4=2;5@1=2;6@0=1;6@2=1;6@4=2;6@9=1;7@2=1;7@4=1;7@3=1;7@5=1;8@1=1;8@7=1,"0,1,2,6,7,8,4,9,3,5",41,29,29,0,1.0,0.14509170591105058,0.625,0.02009170591105059,0.0,0.0,0.5,0.8237559795379639,Feasible|selected=greedy
756,755,9,5,4,"ADD:2,2;ADD:4,2;ADD:5,7;ADD:6,7;ADD:7,8;REMOVE:2,8;REMOVE:5,1;REMOVE:6,2;REMOVE:7,2",0:7;1:-;2:8;3:7;4:7;5:1;6:2;7:2;8:7;9:-,0:7;1:-;2:2;3:7;4:2|7;5:7;6:7;7:8;8:7;9:-,0@0=1;0@1=1;0@2=4;0@4=1;0@6=1;0@7=1;0@9=2;2@2=1;2@4=2;2@7=3;2@9=1;2@3=1;2@5=1;3@2=2;3@6=1;3@3=1;3@8=1;4@1=2;4@2=2;4@4=1;4@7=1;4@9=1;4@5=2;5@1=1;5@2=1;5@4=1;5@7=1;5@9=1;6@0=1;6@4=1;6@8=2;7@2=1;7@4=1;7@6=1;7@5=1;8@0=1;8@2=2;8@4=1;8@6=1;8@3=1;8@8=1,"0,1,2,4,6,7,9,3,5,8",54,41,41,0,1.0,0.010078970770985074,0.5,0.01007897077098506,0.0,0.0,0.5,0.9089698791503906,Feasible|selected=greedy
757,756,10,4,6,"ADD:2,8;ADD:4,8;ADD:7,6;ADD:8,5;REMOVE:2,2;REMOVE:4,2;REMOVE:4,7;REMOVE:6,7;REMOVE:7,8;REMOVE:8,7",0:7;1:-;2:2;3:7;4:2|7;5:7;6:7;7:8;8:7;9:-,0:7;1:-;2:8;3:7;4:8;5:7;6:-;7:6;8:5;9:-,0@2=4;0@3=2;0@4=1;0@6=1;0@7=1;2@2=2;2@8=2;3@2=1;3@3=2;3@7=2;3@8=1;3@1=1;4@4=1;4@5=1;5@2=1;5@6=1;5@8=1;5@1=1;5@0=2;7@4=1;7@6=1;8@3=1;8@5=1,"2,3,4,6,7,8,1,5,0",32,23,23,0,1.0,0.28771737586361856,0.6666666666666666,0.02105070919695196,0.0,0.0,0.4,0.6226110458374023,Feasible|selected=greedy
758,757,7,3,4,"ADD:0,3;ADD:4,7;ADD:8,1;REMOVE:3,7;REMOVE:4,8;REMOVE:7,6;REMOVE:8,5",0:7;1:-;2:8;3:7;4:8;5:7;6:-;7:6;8:5;9:-,0:3|7;1:-;2:8;3:-;4:7;5:7;6:-;7:-;8:1;9:-,0@0=1;0@1=1;0@3=1;0@5=1;0@6=1;0@7=1;2@1=2;2@5=1;2@2=1;2@8=1;4@0=2;4@6=1;4@2=2;4@8=1;4@4=5;5@0=2;5@1=2;8@1=1,"0,1,3,5,6,7,2,8,4",27,18,18,0,1.0,0.28643069398949517,0.5714285714285714,0.015002122560923797,0.0,0.0,0.30000000000000004,0.5012679100036621,Feasible|selected=greedy
759,758,11,7,4,"ADD:0,8;ADD:3,7;ADD:4,8;ADD:5,2;ADD:6,7;ADD:7,7;ADD:8,7;REMOVE:0,3;REMOVE:0,7;REMOVE:5,7;REMOVE:8,1",0:3|7;1:-;2:8;3:-;4:7;5:7;6:-;7:-;8:1;9:-,0:8;1:-;2:8;3:7;4:7|8;5:2;6:7;7:7;8:7;9:-,0@8=1;2@5=1;2@6=1;2@7=1;3@3=1;3@4=2;4@8=2;4@5=2;4@3=1;4@4=1;4@0=1;4@1=2;5@2=1;6@4=2;6@9=1;7@7=1;7@4=1;7@1=1;8@7=1;8@1=1,"8,5,6,7,3,4,0,1,2,9",25,20,20,0,1.0,-0.009293033022853336,0.6666666666666666,0.024040300310480024,0.0,0.0,0.7,0.6309669017791748,Feasible|selected=greedy
760,759,10,6,4,"ADD:0,3;ADD:0,7;ADD:2,7;ADD:3,8;ADD:4,2;ADD:8,2;REMOVE:0,8;REMOVE:3,7;REMOVE:4,8;REMOVE:8,7",0:8;1:-;2:8;3:7;4:7|8;5:2;6:7;7:7;8:7;9:-,0:3|7;1:-;2:7|8;3:8;4:2|7;5:2;6:7;7:7;8:2;9:-,0@1=3;0@2=1;0@3=1;0@4=2;0@5=2;0@6=1;0@7=1;0@9=1;2@1=2;2@2=1;2@3=2;2@4=4;2@5=1;2@6=3;2@0=1;2@8=1;3@4=2;3@7=1;3@8=1;4@1=1;4@2=1;4@3=1;4@4=2;4@5=1;4@6=1;4@7=1;4@9=1;4@0=1;5@2=2;6@1=1;6@2=3;6@6=1;6@0=1;6@8=1;7@1=1;7@2=1;7@3=2;7@4=1;7@6=1;7@0=1;7@8=1;8@2=2;8@4=1;8@0=1,"1,2,3,4,5,6,7,9,0,8",62,44,44,0,1.0,-0.13882066865535775,0.4444444444444444,0.016734886900197792,0.0,0.0,0.6,0.8109040260314941,Feasible|selected=greedy
761,760,7,3,4,"ADD:0,2;ADD:3,7;ADD:8,7;REMOVE:2,7;REMOVE:3,8;REMOVE:4,2;REMOVE:8,2",0:3|7;1:-;2:7|8;3:8;4:2|7;5:2;6:7;7:7;8:2;9:-,0:2|3|7;1:-;2:8;3:7;4:7;5:2;6:7;7:7;8:7;9:-,0@0=1;0@1=1;0@2=2;0@3=3;0@5=1;0@8=1;0@9=1;2@1=1;2@5=3;2@4=1;2@6=2;3@4=1;3@7=3;4@2=2;4@3=1;4@8=1;4@4=1;4@7=1;5@0=2;5@2=1;5@9=1;6@0=1;6@1=1;6@2=2;6@9=1;6@4=3;6@7=1;7@3=2;7@4=1;7@6=2;8@1=1;8@8=1;8@9=1;8@4=1,"0,1,2,3,5,8,9,4,6,7",49,34,34,0,1.0,0.08624672903771624,0.36363636363636365,0.02261036540135262,0.0,0.0,0.30000000000000004,0.5373249053955078,Feasible|selected=greedy
762,761,16,8,8,"ADD:1,7;ADD:3,8;ADD:3,9;ADD:4,2;ADD:5,7;ADD:6,8;ADD:7,3;ADD:8,3;REMOVE:0,3;REMOVE:0,7;REMOVE:3,7;REMOVE:4,7;REMOVE:5,2;REMOVE:6,7;REMOVE:7,7;REMOVE:8,7",0:2|3|7;1:-;2:8;3:7;4:7;5:2;6:7;7:7;8:7;9:-,0:2;1:7;2:8;3:8|9;4:2;5:7;6:8;7:3;8:3;9:-,0@0=1;0@2=3;0@5=1;0@7=2;0@9=1;1@7=1;2@2=4;2@1=1;2@4=3;2@6=1;2@8=1;3@2=2;3@9=2;3@1=2;3@8=2;4@0=1;4@2=1;4@4=1;4@8=2;4@3=1;5@0=1;5@1=1;6@2=3;6@7=1;6@6=1;6@8=1;7@2=1;7@1=1;7@3=1;8@2=2;8@3=1,"0,2,5,7,9,1,4,6,8,3",47,31,31,0,1.0,0.025901689106620385,0.8,0.02590168910662022,0.0,0.0,0.7999999999999999,0.5641372203826904,Feasible|selected=greedy
763,762,17,8,9,"ADD:0,7;ADD:2,2;ADD:2,7;ADD:4,7;ADD:4,8;ADD:5,4;ADD:7,7;ADD:8,8;REMOVE:0,2;REMOVE:1,7;REMOVE:2,8;REMOVE:3,8;REMOVE:4,2;REMOVE:5,7;REMOVE:6,8;REMOVE:7,3;REMOVE:8,3",0:2;1:7;2:8;3:8|9;4:2;5:7;6:8;7:3;8:3;9:-,0:7;1:-;2:2|7;3:9;4:7|8;5:4;6:-;7:7;8:8;9:-,0@0=1;0@1=2;0@2=2;0@4=1;0@6=1;0@7=2;0@8=1;2@0=1;2@1=2;2@2=2;2@4=2;2@6=1;2@8=1;2@3=1;2@5=1;2@9=2;3@1=1;3@2=1;4@1=2;4@2=2;4@4=2;4@6=1;4@7=1;4@5=2;4@9=1;5@2=1;5@4=1;7@2=1;7@4=1;7@6=1;7@9=1;8@1=1;8@2=1;8@4=1,"0,1,2,4,6,7,8,3,5,9",45,34,34,0,1.0,0.11392086058535511,0.9,0.013920860585355053,0.0,0.0,0.7999999999999999,0.542229175567627,Feasible|selected=greedy
764,763,17,8,9,"ADD:0,8;ADD:2,4;ADD:3,2;ADD:4,5;ADD:5,7;ADD:6,2;ADD:7,2;ADD:8,7;REMOVE:0,7;REMOVE:2,2;REMOVE:2,7;REMOVE:3,9;REMOVE:4,7;REMOVE:4,8;REMOVE:5,4;REMOVE:7,7;REMOVE:8,8",0:7;1:-;2:2|7;3:9;4:7|8;5:4;6:-;7:7;8:8;9:-,0:8;1:-;2:4;3:2;4:5;5:7;6:2;7:2;8:7;9:-,0@5=1;0@6=1;2@4=3;2@7=2;3@0=1;3@2=1;4@5=1;4@0=1;4@2=1;4@8=1;5@4=2;5@7=1;6@2=1;7@2=1;8@7=1;8@2=1,"5,6,4,7,0,2,8",20,16,16,0,1.0,0.24455596754291042,1.0,0.04455596754291033,0.0,0.0,0.7999999999999999,0.4296550750732422,Feasible|selected=greedy
765,764,15,7,8,"ADD:2,3;ADD:3,1;ADD:4,7;ADD:5,9;ADD:6,8;ADD:7,8;ADD:8,2;REMOVE:0,8;REMOVE:2,4;REMOVE:3,2;REMOVE:4,5;REMOVE:5,7;REMOVE:6,2;REMOVE:7,2;REMOVE:8,7",0:8;1:-;2:4;3:2;4:5;5:7;6:2;7:2;8:7;9:-,0:-;1:-;2:3;3:1;4:7;5:9;6:8;7:8;8:2;9:-,2@3=1;3@1=1;4@3=1;4@0=1;4@2=2;4@7=1;4@8=1;4@9=1;5@3=1;5@1=1;5@9=1;5@6=1;6@1=1;6@4=1;7@1=1;7@4=1;7@5=1;8@0=2;8@2=1,"3,1,0,2,7,8,9,6,4,5",21,19,19,0,1.0,0.32291887979630873,1.0,0.022918879796308654,0.0,0.0,0.7,0.5551102161407471,Feasible|selected=greedy
766,765,14,8,6,"ADD:0,7;ADD:2,6;ADD:3,2;ADD:4,2;ADD:5,6;ADD:6,7;ADD:7,2;ADD:8,7;REMOVE:2,3;REMOVE:3,1;REMOVE:5,9;REMOVE:6,8;REMOVE:7,8;REMOVE:8,2",0:-;1:-;2:3;3:1;4:7;5:9;6:8;7:8;8:2;9:-,0:7;1:-;2:6;3:2;4:2|7;5:6;6:7;7:2;8:7;9:-,0@0=2;0@2=1;0@6=1;0@7=1;0@8=1;2@6=1;2@4=2;2@9=1;3@2=1;4@0=1;4@2=1;4@7=1;4@8=1;4@4=2;4@9=1;4@1=1;4@5=1;5@6=1;5@8=1;5@9=1;6@0=1;6@6=3;6@1=1;7@2=2;7@8=1;7@4=1;7@9=1;8@2=2;8@6=1;8@4=1;8@1=1;8@3=1,"0,2,6,7,8,4,9,1,5,3",39,32,32,0,1.0,0.0764868639016133,0.8571428571428571,0.019344006758756135,0.0,0.0,0.7999999999999999,0.6192271709442139,Feasible|selected=greedy
767,766,15,8,7,"ADD:0,2;ADD:1,7;ADD:2,8;ADD:4,8;ADD:5,4;ADD:6,8;ADD:7,5;ADD:8,8;REMOVE:3,2;REMOVE:4,2;REMOVE:4,7;REMOVE:5,6;REMOVE:6,7;REMOVE:7,2;REMOVE:8,7",0:7;1:-;2:6;3:2;4:2|7;5:6;6:7;7:2;8:7;9:-,0:2|7;1:7;2:6|8;3:-;4:8;5:4;6:8;7:5;8:8;9:-,0@0=1;0@2=3;0@4=3;0@5=1;0@6=1;0@9=1;1@4=1;1@9=1;2@5=1;2@6=1;2@9=2;2@1=1;2@8=1;4@2=1;4@4=1;4@5=1;4@6=1;4@1=1;4@8=1;4@7=2;5@4=1;6@6=1;6@8=1;7@2=1;7@5=1;7@3=1;8@2=2;8@4=3;8@5=2;8@6=1;8@1=1,"0,2,4,5,6,9,1,8,7,3",41,31,31,0,1.0,-0.0005566705381880865,0.7777777777777778,0.021665551684034008,0.0,0.0,0.7999999999999999,0.47071290016174316,Feasible|selected=greedy
768,767,13,4,9,"ADD:0,3;ADD:4,7;ADD:6,2;ADD:7,7;REMOVE:0,2;REMOVE:0,7;REMOVE:1,7;REMOVE:2,6;REMOVE:2,8;REMOVE:4,8;REMOVE:5,4;REMOVE:6,8;REMOVE:7,5",0:2|7;1:7;2:6|8;3:-;4:8;5:4;6:8;7:5;8:8;9:-,0:3;1:-;2:-;3:-;4:7;5:-;6:2;7:7;8:8;9:-,0@2=1;0@3=1;4@0=1;4@4=1;4@6=2;4@7=3;6@2=1;6@7=1;6@5=1;7@2=1;7@0=1;7@4=2;7@1=3;7@8=1;8@4=1;8@5=1,"2,3,0,4,6,7,5,1,8",22,16,16,0,1.0,0.5211522635934815,0.9,0.021152263593481567,0.0,0.0,0.4,0.372866153717041,Feasible|selected=greedy
769,768,9,5,4,"ADD:0,7;ADD:4,8;ADD:5,3;ADD:7,8;ADD:8,1;REMOVE:0,3;REMOVE:4,7;REMOVE:6,2;REMOVE:8,8",0:3;1:-;2:-;3:-;4:7;5:-;6:2;7:7;8:8;9:-,0:7;1:-;2:-;3:-;4:8;5:3;6:-;7:7|8;8:1;9:-,0@4=1;0@7=1;0@9=1;4@4=1;4@1=1;4@2=1;4@5=1;5@3=1;7@4=4;7@7=1;7@1=1;7@2=2;7@5=2;7@3=1;7@0=1;7@6=1;7@8=3;8@1=1,"4,7,9,1,2,5,3,0,6,8",25,18,18,0,1.0,0.3286833844457314,0.8,0.028683384445731364,0.0,0.0,0.5,0.48726987838745117,Feasible|selected=greedy
770,769,10,5,5,"ADD:3,4;ADD:4,7;ADD:5,7;ADD:7,2;ADD:8,7;REMOVE:4,8;REMOVE:5,3;REMOVE:7,7;REMOVE:7,8;REMOVE:8,1",0:7;1:-;2:-;3:-;4:8;5:3;6:-;7:7|8;8:1;9:-,0:7;1:-;2:-;3:4;4:7;5:7;6:-;7:2;8:7;9:-,0@0=1;0@1=1;0@7=1;0@8=1;3@4=1;4@0=1;4@1=1;4@8=1;4@4=1;4@2=1;4@9=1;5@0=1;5@8=1;7@0=2;7@8=2;7@4=2;7@2=1;7@3=1;7@5=1;8@0=1;8@7=1;8@8=2;8@2=2;8@3=1,"0,1,7,8,4,2,9,3,5",29,24,24,0,1.0,0.3465414046783414,0.8333333333333334,0.013208071345008,0.0,0.0,0.5,0.5889809131622314,Feasible|selected=greedy
771,770,11,5,6,"ADD:0,2;ADD:4,6;ADD:5,2;ADD:7,4;ADD:8,6;REMOVE:0,7;REMOVE:3,4;REMOVE:4,7;REMOVE:5,7;REMOVE:7,2;REMOVE:8,7",0:7;1:-;2:-;3:4;4:7;5:7;6:-;7:2;8:7;9:-,0:2;1:-;2:-;3:-;4:6;5:2;6:-;7:4;8:6;9:-,0@2=2;4@1=2;4@4=1;4@6=1;5@2=1;7@4=1;8@6=1,"2,1,4,6",9,7,7,0,1.0,0.5635021628537316,1.0,0.0635021628537316,0.0,0.0,0.5,0.2446730136871338,Feasible|selected=greedy
772,771,10,5,5,"ADD:4,7;ADD:5,7;ADD:7,2;ADD:7,7;ADD:8,8;REMOVE:0,2;REMOVE:4,6;REMOVE:5,2;REMOVE:7,4;REMOVE:8,6",0:2;1:-;2:-;3:-;4:6;5:2;6:-;7:4;8:6;9:-,0:-;1:-;2:-;3:-;4:7;5:7;6:-;7:2|7;8:8;9:-,4@0=1;4@1=1;4@4=1;4@8=1;5@0=1;5@1=1;5@7=1;7@0=1;7@1=4;7@4=6;7@2=1;7@3=1;7@5=1;8@8=1;8@2=1,"0,1,4,8,7,2,3,5",23,15,15,0,1.0,0.5119482870923984,1.0,0.011948287092398263,0.0,0.0,0.5,0.4109959602355957,Feasible|selected=greedy
773,772,4,3,1,"ADD:2,6;ADD:3,1;ADD:8,0;REMOVE:8,8",0:-;1:-;2:-;3:-;4:7;5:7;6:-;7:2|7;8:8;9:-,0:-;1:-;2:6;3:1;4:7;5:7;6:-;7:2|7;8:0;9:-,2@6=1;3@1=1;4@1=1;4@0=1;4@3=1;4@4=1;5@2=1;5@7=2;7@1=2;7@0=2;7@3=1;7@4=2;7@5=2;7@8=1;7@9=2;8@0=1,"6,1,0,3,4,2,7,5,8,9",22,16,16,0,1.0,-0.07701952384933267,0.2,0.02298047615066737,0.0,0.0,0.30000000000000004,0.38710594177246094,Feasible|selected=greedy
774,773,9,5,4,"ADD:1,1;ADD:2,7;ADD:4,2;ADD:4,9;ADD:8,2;REMOVE:2,6;REMOVE:3,1;REMOVE:4,7;REMOVE:8,0",0:-;1:-;2:6;3:1;4:7;5:7;6:-;7:2|7;8:0;9:-,0:-;1:1;2:7;3:-;4:2|9;5:7;6:-;7:2|7;8:2;9:-,1@1=1;2@1=1;2@7=1;4@2=1;4@3=1;4@4=1;4@5=1;4@6=2;4@9=1;5@7=2;5@9=1;5@8=1;7@1=1;7@2=1;7@4=1;7@5=3;7@6=1;7@9=1;7@0=1;8@2=1;8@4=2;8@9=1;8@0=1,"1,7,2,3,4,5,6,9,8,0",28,23,23,0,1.0,0.10070065619489244,0.5714285714285714,0.029272084766321056,0.0,0.0,0.5,0.5240559577941895,Feasible|selected=greedy
775,774,16,8,8,"ADD:2,4;ADD:3,4;ADD:4,3;ADD:4,7;ADD:5,2;ADD:6,2;ADD:7,8;ADD:8,7;REMOVE:1,1;REMOVE:2,7;REMOVE:4,2;REMOVE:4,9;REMOVE:5,7;REMOVE:7,2;REMOVE:7,7;REMOVE:8,2",0:-;1:1;2:7;3:-;4:2|9;5:7;6:-;7:2|7;8:2;9:-,0:-;1:-;2:4;3:4;4:3|7;5:2;6:2;7:8;8:7;9:-,2@4=1;3@4=2;4@4=2;4@1=1;4@2=1;4@3=1;4@5=1;4@7=1;4@9=1;5@4=1;5@2=3;6@2=1;6@3=1;6@0=1;7@1=2;7@2=3;7@5=2;7@7=2;7@6=2;8@1=1;8@0=1;8@6=1,"4,1,2,3,5,7,9,0,6",32,22,22,0,1.0,0.22816241692649009,1.0,0.02816241692649,0.0,0.0,0.7999999999999999,0.5849819183349609,Feasible|selected=greedy
776,775,9,4,5,"ADD:0,1;ADD:2,8;ADD:7,7;ADD:8,9;REMOVE:2,4;REMOVE:3,4;REMOVE:4,3;REMOVE:7,8;REMOVE:8,7",0:-;1:-;2:4;3:4;4:3|7;5:2;6:2;7:8;8:7;9:-,0:1;1:-;2:8;3:-;4:7;5:2;6:2;7:7;8:9;9:-,0@1=1;2@8=1;4@1=1;4@0=1;4@4=2;5@4=1;5@2=2;5@9=1;6@4=1;6@2=1;6@3=1;6@5=1;7@8=1;7@4=2;7@2=1;7@3=3;7@7=2;8@1=1;8@9=1;8@7=1;8@6=1,"1,8,0,4,2,9,3,5,7,6",27,21,21,0,1.0,0.25326908638489787,0.625,0.028269086384897887,0.0,0.0,0.4,0.5583570003509521,Feasible|selected=greedy
777,776,14,7,7,"ADD:1,2;ADD:2,7;ADD:3,7;ADD:4,9;ADD:6,7;ADD:7,8;ADD:8,6;REMOVE:0,1;REMOVE:2,8;REMOVE:4,7;REMOVE:5,2;REMOVE:6,2;REMOVE:7,7;REMOVE:8,9",0:1;1:-;2:8;3:-;4:7;5:2;6:2;7:7;8:9;9:-,0:-;1:2;2:7;3:7;4:9;5:-;6:7;7:8;8:6;9:-,1@2=1;2@0=1;2@4=1;2@9=1;3@0=1;3@9=1;4@2=1;4@9=1;6@2=1;6@0=1;6@1=1;6@3=1;6@7=1;7@2=2;7@4=2;7@7=1;7@5=1;7@6=1;8@4=1;8@6=1,"2,0,4,9,1,3,7,5,6",22,20,20,0,1.0,0.32033012018120166,1.0,0.020330120181201627,0.0,0.0,0.7,0.45036816596984863,Feasible|selected=greedy
778,777,10,5,5,"ADD:3,2;ADD:4,6;ADD:5,8;ADD:6,2;ADD:8,7;REMOVE:1,2;REMOVE:3,7;REMOVE:4,9;REMOVE:6,7;REMOVE:8,6",0:-;1:2;2:7;3:7;4:9;5:-;6:7;7:8;8:6;9:-,0:-;1:-;2:7;3:2;4:6;5:8;6:2;7:8;8:7;9:-,2@4=1;2@7=1;3@2=1;4@4=1;4@6=1;5@4=1;5@1=1;6@4=1;6@7=1;6@0=1;6@5=1;7@6=1;7@1=1;7@8=1;8@7=1;8@6=1;8@3=1,"4,7,2,6,1,0,5,8,3",17,17,17,0,1.0,0.24571806284731879,0.7142857142857143,0.03143234856160452,0.0,0.0,0.5,0.5105338096618652,Feasible|selected=greedy
779,778,11,6,5,"ADD:3,8;ADD:4,3;ADD:4,7;ADD:5,7;ADD:6,7;ADD:7,2;REMOVE:3,2;REMOVE:4,6;REMOVE:5,8;REMOVE:6,2;REMOVE:7,8",0:-;1:-;2:7;3:2;4:6;5:8;6:2;7:8;8:7;9:-,0:-;1:-;2:7;3:8;4:3|7;5:7;6:7;7:2;8:7;9:-,2@1=1;2@3=1;2@4=2;2@6=1;2@7=2;2@8=1;3@4=2;3@8=1;3@2=1;4@3=1;4@7=1;4@8=1;4@5=1;4@9=1;5@1=1;5@7=1;6@1=2;6@3=1;6@4=1;7@3=2;7@4=2;7@5=1;7@9=1;8@3=1;8@4=1;8@6=1;8@0=1,"1,3,4,6,7,8,2,5,9,0",33,27,27,0,1.0,0.1315669348522459,0.7142857142857143,0.017281220566531547,0.0,0.0,0.6,0.5958149433135986,Feasible|selected=greedy
780,779,10,5,5,"ADD:0,4;ADD:2,8;ADD:3,7;ADD:7,7;ADD:8,8;REMOVE:2,7;REMOVE:3,8;REMOVE:4,3;REMOVE:7,2;REMOVE:8,7",0:-;1:-;2:7;3:8;4:3|7;5:7;6:7;7:2;8:7;9:-,0:4;1:-;2:8;3:7;4:7;5:7;6:7;7:7;8:8;9:-,0@2=1;0@4=1;2@4=1;2@6=1;2@8=1;3@2=1;3@6=1;3@7=1;4@4=2;4@7=1;4@1=1;4@3=1;5@2=2;5@1=1;5@0=1;6@2=2;6@4=1;6@6=1;6@7=3;6@9=1;7@2=4;7@4=2;7@8=3;7@7=1;7@1=2;7@3=1;8@2=2;8@1=1;8@5=1,"2,4,6,8,7,1,3,0,9,5",42,29,29,0,1.0,0.14617497428102755,0.625,0.021174974281027558,0.0,0.0,0.5,0.5927488803863525,Feasible|selected=greedy
781,780,9,6,3,"ADD:1,9;ADD:2,3;ADD:2,5;ADD:4,8;ADD:5,5;ADD:7,2;REMOVE:0,4;REMOVE:2,8;REMOVE:5,7",0:4;1:-;2:8;3:7;4:7;5:7;6:7;7:7;8:8;9:-,0:-;1:9;2:3|5;3:7;4:7|8;5:5;6:7;7:2|7;8:8;9:-,1@9=1;2@9=2;2@3=1;2@5=1;2@8=2;3@3=1;3@1=1;3@2=2;3@4=1;3@7=1;4@5=1;4@1=1;4@4=1;4@7=1;4@0=1;5@5=1;5@2=1;6@0=1;6@6=1;7@9=2;7@3=2;7@5=1;7@1=3;7@2=3;7@4=1;7@0=1;7@6=1;8@5=1;8@1=2,"9,3,5,8,1,2,4,7,0,6",39,29,29,0,1.0,-0.2003226736417194,0.375,0.024677326358280557,0.0,0.0,0.6,0.6107757091522217,Feasible|selected=greedy
782,781,15,6,9,"ADD:1,4;ADD:2,6;ADD:4,2;ADD:5,3;ADD:6,5;ADD:8,2;REMOVE:1,9;REMOVE:2,3;REMOVE:2,5;REMOVE:4,7;REMOVE:4,8;REMOVE:5,5;REMOVE:6,7;REMOVE:7,2;REMOVE:8,8",0:-;1:9;2:3|5;3:7;4:7|8;5:5;6:7;7:2|7;8:8;9:-,0:-;1:4;2:6;3:7;4:2;5:3;6:5;7:7;8:2;9:-,1@4=1;2@4=1;2@1=1;2@6=2;3@4=1;3@1=1;3@7=2;4@4=1;4@2=1;4@3=1;4@8=1;5@3=1;6@2=1;6@3=1;6@8=2;6@5=1;7@4=1;7@1=5;7@2=1;7@0=1;7@9=2;8@4=1;8@2=2;8@3=1,"4,1,6,7,2,3,8,5,0,9",33,24,24,0,1.0,0.24913482438529877,0.8181818181818182,0.030953006203480463,0.0,0.0,0.6,0.4348258972167969,Feasible|selected=greedy
783,782,14,8,6,"ADD:0,8;ADD:2,9;ADD:4,1;ADD:4,8;ADD:5,4;ADD:6,7;ADD:7,8;ADD:8,8;REMOVE:1,4;REMOVE:2,6;REMOVE:4,2;REMOVE:5,3;REMOVE:6,5;REMOVE:8,2",0:-;1:4;2:6;3:7;4:2;5:3;6:5;7:7;8:2;9:-,0:8;1:-;2:9;3:7;4:1|8;5:4;6:7;7:7|8;8:8;9:-,0@1=1;0@2=1;0@4=2;0@8=1;2@1=1;2@9=1;3@1=1;3@2=1;3@4=1;3@9=1;4@1=1;4@8=1;4@9=1;4@5=3;5@4=1;6@6=1;6@7=1;7@1=1;7@4=3;7@5=2;7@6=1;7@0=1;8@1=2;8@4=1,"1,2,4,8,9,5,6,7,0",31,24,24,0,1.0,-0.030227180537098497,0.75,0.019772819462901402,0.0,0.0,0.7999999999999999,0.4745748043060303,Feasible|selected=greedy
784,783,16,8,8,"ADD:0,2;ADD:1,2;ADD:2,2;ADD:4,7;ADD:5,9;ADD:6,9;ADD:7,9;ADD:8,7;REMOVE:0,8;REMOVE:2,9;REMOVE:4,1;REMOVE:4,8;REMOVE:5,4;REMOVE:6,7;REMOVE:7,7;REMOVE:7,8",0:8;1:-;2:9;3:7;4:1|8;5:4;6:7;7:7|8;8:8;9:-,0:2;1:2;2:2;3:7;4:7;5:9;6:9;7:9;8:7|8;9:-,0@2=1;1@2=1;2@2=1;2@4=1;2@5=2;3@4=1;3@7=1;4@2=2;4@4=2;4@7=3;4@0=1;4@1=1;4@6=1;4@8=1;4@9=2;5@2=1;5@1=1;6@2=2;6@1=2;6@6=1;7@2=3;7@1=1;8@2=1;8@5=1;8@0=1;8@1=2;8@6=1,"2,4,5,7,0,1,6,8,9",38,27,27,0,1.0,0.017725408934913256,0.8,0.017725408934913096,0.0,0.0,0.7999999999999999,0.5247807502746582,Feasible|selected=greedy
785,784,19,10,9,"ADD:0,3;ADD:0,8;ADD:1,6;ADD:2,7;ADD:3,9;ADD:4,5;ADD:5,2;ADD:6,2;ADD:7,7;ADD:7,8;REMOVE:0,2;REMOVE:1,2;REMOVE:2,2;REMOVE:3,7;REMOVE:4,7;REMOVE:5,9;REMOVE:6,9;REMOVE:7,9;REMOVE:8,7",0:2;1:2;2:2;3:7;4:7;5:9;6:9;7:9;8:7|8;9:-,0:3|8;1:6;2:7;3:9;4:5;5:2;6:2;7:7|8;8:8;9:-,0@1=1;0@3=1;0@4=1;0@5=1;1@6=1;2@3=1;2@4=1;3@1=1;3@9=1;4@3=1;4@5=1;5@4=1;5@5=1;5@2=1;6@5=2;6@9=2;6@0=1;7@1=2;7@4=2;7@5=1;7@6=3;7@9=1;7@2=2;7@0=1;7@7=1;7@8=1;8@4=1;8@5=1,"1,3,4,5,6,9,2,0,7,8",35,28,28,0,1.0,-0.08123021797995222,0.9,0.01876978202004763,0.0,0.0,0.9999999999999999,0.5875871181488037,Feasible|selected=greedy
786,785,12,5,7,"ADD:2,8;ADD:4,7;ADD:5,7;ADD:6,8;ADD:8,6;REMOVE:0,3;REMOVE:1,6;REMOVE:2,7;REMOVE:4,5;REMOVE:6,2;REMOVE:7,8;REMOVE:8,8",0:3|8;1:6;2:7;3:9;4:5;5:2;6:2;7:7|8;8:8;9:-,0:8;1:-;2:8;3:9;4:7;5:2|7;6:8;7:7;8:6;9:-,0@1=2;0@8=2;2@8=2;3@1=1;3@2=2;3@3=1;3@9=1;4@1=1;4@2=1;4@9=1;4@4=3;5@2=2;5@9=1;5@4=1;5@0=1;5@5=1;5@6=1;5@7=1;6@5=1;6@7=1;7@8=1;7@2=5;7@3=1;7@7=2;8@1=1;8@6=1,"1,8,2,3,9,4,0,5,6,7",38,26,26,0,1.0,0.16351837467705255,0.6363636363636364,0.027154738313416193,0.0,0.0,0.5,0.4710671901702881,Feasible|selected=greedy
787,786,11,6,5,"ADD:2,9;ADD:3,8;ADD:5,6;ADD:6,2;ADD:6,7;ADD:8,8;REMOVE:3,9;REMOVE:5,2;REMOVE:5,7;REMOVE:6,8;REMOVE:8,6",0:8;1:-;2:8;3:9;4:7;5:2|7;6:8;7:7;8:6;9:-,0:8;1:-;2:8|9;3:8;4:7;5:6;6:2|7;7:7;8:8;9:-,0@1=1;0@2=2;0@4=2;0@5=2;0@7=1;0@8=1;2@2=1;2@8=1;2@6=1;2@9=1;3@2=2;3@4=1;3@8=1;3@6=1;4@2=1;4@4=1;4@6=1;4@0=1;4@3=1;5@6=1;6@2=1;6@4=1;6@5=1;6@6=1;6@0=1;6@3=1;7@1=2;7@2=2;7@4=2;7@7=2;7@6=2;7@0=2;8@1=1;8@2=1;8@8=1,"1,2,4,5,7,8,6,9,0,3",45,35,35,0,1.0,-0.022799386173172342,0.5555555555555556,0.021645058271272014,0.0,0.0,0.6,0.8320808410644531,Feasible|selected=greedy
788,787,14,6,8,"ADD:0,4;ADD:3,9;ADD:4,8;ADD:5,3;ADD:7,8;ADD:8,7;REMOVE:0,8;REMOVE:2,8;REMOVE:2,9;REMOVE:3,8;REMOVE:4,7;REMOVE:5,6;REMOVE:6,2;REMOVE:8,8",0:8;1:-;2:8|9;3:8;4:7;5:6;6:2|7;7:7;8:8;9:-,0:4;1:-;2:-;3:9;4:8;5:3;6:7;7:7|8;8:7;9:-,0@2=1;0@4=2;0@6=1;3@2=1;3@1=2;3@9=1;4@4=3;4@6=1;4@8=1;5@1=1;5@3=1;6@2=2;6@4=1;6@6=1;6@1=1;6@9=1;6@3=1;6@0=1;7@2=1;7@6=1;7@1=4;7@9=1;7@8=1;7@0=1;7@5=1;7@7=1;8@7=1,"2,4,6,1,9,8,3,0,5,7",35,27,27,0,1.0,0.2229467403329063,0.8,0.022946740332906276,0.0,0.0,0.6,0.5647809505462646,Feasible|selected=greedy
789,788,10,5,5,"ADD:0,7;ADD:2,8;ADD:3,7;ADD:4,7;ADD:5,9;REMOVE:0,4;REMOVE:3,9;REMOVE:4,8;REMOVE:5,3;REMOVE:7,8",0:4;1:-;2:-;3:9;4:8;5:3;6:7;7:7|8;8:7;9:-,0:7;1:-;2:8;3:7;4:7;5:9;6:7;7:7;8:7;9:-,0@0=1;0@1=2;0@2=1;0@3=3;0@6=1;0@7=1;0@8=3;2@8=1;2@4=1;3@1=1;3@2=2;3@3=2;3@6=1;3@7=1;4@6=2;4@7=2;4@4=2;5@3=1;5@9=1;6@0=1;6@1=2;6@2=1;6@3=1;6@6=1;6@8=1;6@4=3;7@0=1;7@6=2;7@7=2;7@4=2;7@9=1;8@3=2;8@6=1;8@7=1;8@4=2;8@9=1,"0,1,2,3,6,7,8,4,9",54,36,36,0,1.0,0.14045553219290285,0.625,0.015455532192902903,0.0,0.0,0.5,0.4879648685455322,Feasible|selected=greedy
790,789,13,7,6,"ADD:2,7;ADD:3,9;ADD:4,2;ADD:5,7;ADD:6,8;ADD:7,2;ADD:8,5;REMOVE:2,8;REMOVE:3,7;REMOVE:4,7;REMOVE:5,9;REMOVE:6,7;REMOVE:8,7",0:7;1:-;2:8;3:7;4:7;5:9;6:7;7:7;8:7;9:-,0:7;1:-;2:7;3:9;4:2;5:7;6:8;7:2|7;8:5;9:-,0@0=1;0@4=2;2@4=1;2@3=2;2@8=1;2@9=1;3@9=1;3@2=2;4@4=1;4@3=2;4@2=1;5@4=1;5@9=1;5@1=1;6@2=1;6@1=1;6@5=3;6@7=1;7@0=1;7@4=1;7@9=1;7@2=1;7@1=1;7@5=1;7@7=1;8@2=1;8@5=1,"0,4,3,8,9,2,1,5,7",33,27,27,0,1.0,0.06507512655645242,0.75,0.015075126556452413,0.0,0.0,0.7,0.4404759407043457,Feasible|selected=greedy
791,790,14,7,7,"ADD:0,2;ADD:3,8;ADD:4,8;ADD:5,8;ADD:6,7;ADD:7,8;ADD:8,8;REMOVE:3,9;REMOVE:4,2;REMOVE:5,7;REMOVE:6,8;REMOVE:7,2;REMOVE:7,7;REMOVE:8,5",0:7;1:-;2:7;3:9;4:2;5:7;6:8;7:2|7;8:5;9:-,0:2|7;1:-;2:7;3:8;4:8;5:8;6:7;7:8;8:8;9:-,0@0=1;0@2=3;0@4=1;0@5=2;0@6=1;0@9=1;2@2=1;2@7=1;3@2=1;3@5=1;3@6=1;3@7=1;3@8=1;4@2=1;4@4=2;4@5=1;4@7=4;4@1=2;5@4=2;5@5=1;6@4=1;6@9=1;6@3=1;7@2=1;7@4=4;7@5=1;7@1=1;8@2=1;8@8=1;8@1=1,"0,2,4,5,6,9,7,8,1,3",42,30,30,0,1.0,0.09105590098401661,0.7777777777777778,0.013278123206238739,0.0,0.0,0.7,0.5242140293121338,Feasible|selected=greedy
792,791,14,6,8,"ADD:0,6;ADD:3,4;ADD:4,9;ADD:6,8;ADD:7,7;ADD:8,0;REMOVE:0,2;REMOVE:0,7;REMOVE:3,8;REMOVE:4,8;REMOVE:5,8;REMOVE:6,7;REMOVE:7,8;REMOVE:8,8",0:2|7;1:-;2:7;3:8;4:8;5:8;6:7;7:8;8:8;9:-,0:6;1:-;2:7;3:4;4:9;5:-;6:8;7:7;8:0;9:-,0@1=1;0@6=1;2@6=1;2@0=1;2@2=1;3@2=1;3@4=1;4@1=1;4@6=1;4@2=1;4@3=1;6@6=1;6@2=1;6@4=1;6@5=2;7@1=2;7@0=1;7@2=2;7@4=1;7@8=1;8@0=1,"1,6,0,2,4,3,5,8",24,21,21,0,1.0,0.3018703737213687,0.8888888888888888,0.012981484832479857,0.0,0.0,0.6,0.4070730209350586,Feasible|selected=greedy
793,792,12,7,5,"ADD:2,5;ADD:3,0;ADD:3,7;ADD:4,7;ADD:5,2;ADD:6,7;ADD:7,2;REMOVE:0,6;REMOVE:2,7;REMOVE:3,4;REMOVE:4,9;REMOVE:8,0",0:6;1:-;2:7;3:4;4:9;5:-;6:8;7:7;8:0;9:-,0:-;1:-;2:5;3:0|7;4:7;5:2;6:7|8;7:2|7;8:-;9:-,2@5=1;3@5=1;3@0=1;3@6=1;3@7=1;4@7=1;4@1=1;5@2=2;6@5=1;6@0=1;6@6=1;6@1=1;6@4=1;7@5=1;7@0=1;7@1=2;7@2=1;7@4=1;7@3=2;7@9=1,"5,0,6,7,1,2,4,3,9",23,20,20,0,1.0,0.04333523924775262,0.7142857142857143,0.02904952496203833,0.0,0.0,0.7,0.4162120819091797,Feasible|selected=greedy
794,793,11,5,6,"ADD:0,9;ADD:2,9;ADD:4,4;ADD:5,5;ADD:8,8;REMOVE:2,5;REMOVE:3,0;REMOVE:4,7;REMOVE:5,2;REMOVE:6,8;REMOVE:7,2",0:-;1:-;2:5;3:0|7;4:7;5:2;6:7|8;7:2|7;8:-;9:-,0:9;1:-;2:9;3:7;4:4;5:5;6:7;7:7;8:8;9:-,0@1=1;0@6=2;0@7=1;0@9=1;2@6=1;2@2=1;3@1=1;3@6=1;3@2=1;3@3=1;3@4=3;3@8=1;4@2=1;4@4=2;5@3=1;5@0=1;5@5=1;6@6=1;6@7=1;6@9=1;6@2=1;6@3=1;6@4=2;7@6=1;7@7=1;7@2=2;7@3=1;7@4=1;8@2=1;8@4=1;8@8=1,"1,6,7,9,2,3,4,8,0,5",37,31,31,0,1.0,0.18623684663155948,0.6666666666666666,0.01957017996489289,0.0,0.0,0.5,0.5065741539001465,Feasible|selected=greedy
795,794,14,8,6,"ADD:0,7;ADD:0,8;ADD:2,2;ADD:4,7;ADD:5,4;ADD:6,2;ADD:6,9;ADD:8,2;REMOVE:0,9;REMOVE:2,9;REMOVE:4,4;REMOVE:5,5;REMOVE:6,7;REMOVE:8,8",0:9;1:-;2:9;3:7;4:4;5:5;6:7;7:7;8:8;9:-,0:7|8;1:-;2:2;3:7;4:7;5:4;6:2|9;7:7;8:2;9:-,0@0=1;0@1=1;0@3=2;0@4=3;0@5=2;0@8=1;2@0=1;2@2=2;3@0=1;3@1=1;3@9=1;4@0=1;4@3=2;4@4=3;4@9=1;5@4=1;5@2=1;5@6=1;6@5=1;6@2=2;6@9=1;6@6=1;7@1=2;7@4=2;7@2=1;7@6=2;7@7=2;8@0=1;8@3=2;8@4=1;8@2=2,"0,1,3,4,5,8,2,9,6,7",46,31,31,0,1.0,-0.02638118164929082,0.75,0.02361881835070907,0.0,0.0,0.7999999999999999,0.5297000408172607,Feasible|selected=greedy
796,795,14,6,8,"ADD:1,2;ADD:3,2;ADD:4,2;ADD:5,5;ADD:6,7;ADD:8,5;REMOVE:0,8;REMOVE:2,2;REMOVE:3,7;REMOVE:4,7;REMOVE:5,4;REMOVE:6,2;REMOVE:6,9;REMOVE:8,2",0:7|8;1:-;2:2;3:7;4:7;5:4;6:2|9;7:7;8:2;9:-,0:7;1:2;2:-;3:2;4:2;5:5;6:7;7:7;8:5;9:-,0@1=1;0@2=2;0@3=2;0@7=1;0@8=1;1@3=1;1@4=1;1@5=2;3@3=2;3@4=3;3@5=1;3@9=1;4@3=1;4@7=2;4@4=2;4@5=1;4@0=1;5@3=2;5@5=1;6@2=1;6@7=2;6@4=1;6@0=1;7@1=1;7@2=2;7@8=1;7@4=3;7@0=3;8@5=1,"1,2,3,7,8,4,5,9,0",44,29,29,0,1.0,0.211763193124905,0.8,0.011763193124904937,0.0,0.0,0.6,0.47611403465270996,Feasible|selected=greedy
797,796,12,6,6,"ADD:1,1;ADD:3,7;ADD:4,9;ADD:5,8;ADD:6,4;ADD:8,9;REMOVE:1,2;REMOVE:3,2;REMOVE:4,2;REMOVE:5,5;REMOVE:6,7;REMOVE:8,5",0:7;1:2;2:-;3:2;4:2;5:5;6:7;7:7;8:5;9:-,0:7;1:1;2:-;3:7;4:9;5:8;6:4;7:7;8:9;9:-,0@1=1;0@3=1;0@7=1;0@8=1;1@1=1;1@8=2;1@9=2;3@1=1;3@9=1;3@2=3;3@4=2;4@9=1;5@1=1;5@5=1;6@2=1;6@4=1;7@1=1;7@7=2;7@4=3;8@1=1;8@9=1;8@2=1,"1,3,7,8,9,2,4,5",30,22,22,0,1.0,0.17299650523863497,0.75,0.022996505238634935,0.0,0.0,0.6,0.42984867095947266,Feasible|selected=greedy
798,797,14,8,6,"ADD:1,7;ADD:2,3;ADD:2,7;ADD:3,2;ADD:4,8;ADD:6,3;ADD:6,9;ADD:8,4;REMOVE:1,1;REMOVE:3,7;REMOVE:4,9;REMOVE:5,8;REMOVE:6,4;REMOVE:8,9",0:7;1:1;2:-;3:7;4:9;5:8;6:4;7:7;8:9;9:-,0:7;1:7;2:3|7;3:2;4:8;5:-;6:3|9;7:7;8:4;9:-,0@0=1;0@3=1;0@4=1;0@9=1;1@4=2;1@9=1;1@1=1;2@3=2;2@4=1;2@1=1;2@5=1;2@7=1;3@0=2;3@3=1;3@4=1;3@5=1;4@4=1;4@2=1;4@8=1;6@3=1;6@9=1;6@1=1;6@5=1;6@7=2;6@6=2;7@3=1;7@4=2;7@1=1;7@8=2;8@4=1,"0,3,4,9,1,5,7,2,8,6",37,30,30,0,1.0,-0.03039455169173766,0.75,0.019605448308262313,0.0,0.0,0.7999999999999999,0.5569641590118408,Feasible|selected=greedy
799,798,15,7,8,"ADD:0,2;ADD:2,8;ADD:3,7;ADD:4,9;ADD:5,8;ADD:6,2;ADD:8,1;REMOVE:0,7;REMOVE:2,3;REMOVE:2,7;REMOVE:3,2;REMOVE:4,8;REMOVE:6,3;REMOVE:6,9;REMOVE:8,4",0:7;1:7;2:3|7;3:2;4:8;5:-;6:3|9;7:7;8:4;9:-,0:2;1:7;2:8;3:7;4:9;5:8;6:2;7:7;8:1;9:-,0@0=1;0@2=1;0@4=1;1@7=1;2@2=1;2@8=1;3@2=1;3@7=1;3@8=1;3@1=1;3@3=1;3@9=1;4@2=1;4@1=1;4@9=1;5@4=1;5@8=1;5@1=1;6@2=1;6@4=1;6@5=1;7@4=1;7@7=1;7@1=1;8@1=2,"0,2,4,7,8,1,3,9,5",26,25,25,0,1.0,0.1350394701160471,0.8,0.03503947011604707,0.0,0.0,0.7,0.4623129367828369,Feasible|selected=greedy
800,799,9,3,6,"ADD:5,7;ADD:6,8;ADD:8,9;REMOVE:0,2;REMOVE:1,7;REMOVE:2,8;REMOVE:5,8;REMOVE:6,2;REMOVE:8,1",0:2;1:7;2:8;3:7;4:9;5:8;6:2;7:7;8:1;9:-,0:-;1:-;2:-;3:7;4:9;5:7;6:8;7:7;8:9;9:-,3@0=1;3@2=2;3@7=1;4@2=1;4@9=1;5@9=1;5@4=1;5@8=1;6@4=1;6@1=1;7@0=1;7@2=1;7@7=2;7@9=1;7@8=1;8@2=1;8@9=1;8@3=1,"0,2,7,9,4,8,1,3",20,18,18,0,1.0,0.391620953179208,0.6666666666666666,0.024954286512541387,0.0,0.0,0.30000000000000004,0.4085812568664551,Feasible|selected=greedy
801,800,11,7,4,"ADD:0,5;ADD:0,9;ADD:2,5;ADD:3,8;ADD:4,8;ADD:5,2;ADD:7,2;REMOVE:3,7;REMOVE:4,9;REMOVE:5,7;REMOVE:6,8",0:-;1:-;2:-;3:7;4:9;5:7;6:8;7:7;8:9;9:-,0:5|9;1:-;2:5;3:8;4:8;5:2;6:-;7:2|7;8:9;9:-,0@5=1;0@9=1;2@5=1;3@2=2;3@4=3;3@7=3;3@8=2;4@5=1;4@2=1;4@6=1;5@2=2;5@0=1;7@5=1;7@2=1;7@4=2;7@0=6;7@1=1;7@3=1;8@9=1;8@2=1;8@1=1,"5,9,2,4,7,8,6,0,1,3",34,21,21,0,1.0,-0.0061599330893887805,0.6666666666666666,0.027173400243944563,0.0,0.0,0.7,0.4608728885650635,Feasible|selected=greedy
802,801,11,5,6,"ADD:0,4;ADD:1,7;ADD:2,8;ADD:4,2;ADD:8,7;REMOVE:0,5;REMOVE:0,9;REMOVE:2,5;REMOVE:4,8;REMOVE:7,2;REMOVE:8,9",0:5|9;1:-;2:5;3:8;4:8;5:2;6:-;7:2|7;8:9;9:-,0:4;1:7;2:8;3:8;4:2;5:2;6:-;7:7;8:7;9:-,0@4=1;1@4=2;1@1=2;1@2=2;1@3=1;1@8=1;2@4=1;2@1=1;3@4=3;3@1=2;3@2=1;3@8=1;4@4=2;4@2=1;4@9=1;5@2=1;5@0=1;7@4=1;7@1=1;7@2=1;7@3=2;7@9=1;7@0=2;7@6=1;8@4=1;8@0=1,"4,1,2,3,8,9,0,6",35,26,26,0,1.0,0.17857411628792486,0.6666666666666666,0.011907449621258205,0.0,0.0,0.5,0.48603010177612305,Feasible|selected=greedy
803,802,4,2,2,"ADD:3,9;ADD:6,8;REMOVE:0,4;REMOVE:3,8",0:4;1:7;2:8;3:8;4:2;5:2;6:-;7:7;8:7;9:-,0:-;1:7;2:8;3:9;4:2;5:2;6:8;7:7;8:7;9:-,1@3=1;1@4=2;1@7=1;1@9=1;2@4=1;2@1=2;2@5=1;2@6=1;2@8=1;3@1=1;3@2=1;4@3=1;4@4=1;4@5=3;4@8=1;4@2=1;5@2=1;6@6=1;6@8=1;6@2=1;7@3=2;7@4=1;7@9=2;7@1=1;7@2=2;8@7=1,"3,4,7,9,1,5,6,8,2",33,26,26,0,1.0,0.06883819516117129,0.25,0.01883819516117131,0.0,0.0,0.2,0.41971492767333984,Feasible|selected=greedy
804,803,11,5,6,"ADD:3,2;ADD:4,7;ADD:5,1;ADD:6,9;ADD:7,9;REMOVE:1,7;REMOVE:3,9;REMOVE:4,2;REMOVE:5,2;REMOVE:6,8;REMOVE:7,7",0:-;1:7;2:8;3:9;4:2;5:2;6:8;7:7;8:7;9:-,0:-;1:-;2:8;3:2;4:7;5:1;6:9;7:9;8:7;9:-,2@1=1;2@2=2;2@4=1;3@4=1;3@0=1;3@3=1;3@5=1;4@2=1;4@3=1;4@7=1;5@1=3;6@1=1;6@2=2;7@1=1;7@2=1;7@9=1;8@4=1;8@3=1,"1,2,4,0,3,5,7,9",22,18,18,0,1.0,0.27509572819234573,0.75,0.025095728192345707,0.0,0.0,0.5,0.3728373050689697,Feasible|selected=greedy
805,804,12,6,6,"ADD:2,4;ADD:3,8;ADD:5,6;ADD:7,2;ADD:7,8;ADD:8,9;REMOVE:2,8;REMOVE:3,2;REMOVE:5,1;REMOVE:6,9;REMOVE:7,9;REMOVE:8,7",0:-;1:-;2:8;3:2;4:7;5:1;6:9;7:9;8:7;9:-,0:-;1:-;2:4;3:8;4:7;5:6;6:-;7:2|8;8:9;9:-,2@4=1;3@4=1;3@2=1;3@5=1;3@7=1;3@8=1;4@4=1;4@7=2;4@0=1;4@1=1;4@6=1;5@6=1;7@4=2;7@2=1;7@5=2;7@0=1;7@1=1;8@9=1,"4,2,5,7,8,0,1,6,9",21,18,18,0,1.0,0.29165213803146306,0.8571428571428571,0.03450928088860595,0.0,0.0,0.6,0.3952620029449463,Feasible|selected=greedy
806,805,11,5,6,"ADD:2,3;ADD:3,6;ADD:4,3;ADD:5,7;ADD:8,1;REMOVE:2,4;REMOVE:3,8;REMOVE:4,7;REMOVE:5,6;REMOVE:7,2;REMOVE:8,9",0:-;1:-;2:4;3:8;4:7;5:6;6:-;7:2|8;8:9;9:-,0:-;1:-;2:3;3:6;4:3;5:7;6:-;7:8;8:1;9:-,2@1=1;2@3=1;3@1=1;3@4=1;3@6=1;3@7=1;4@3=1;4@2=1;5@0=1;5@8=1;7@8=1;7@5=1;8@1=1,"1,3,4,6,7,2,0,8,5",13,13,13,0,1.0,0.397498818206275,0.8571428571428571,0.040355961063417885,0.0,0.0,0.5,0.37288594245910645,Feasible|selected=greedy
807,806,8,4,4,"ADD:2,2;ADD:3,0;ADD:4,1;ADD:8,2;REMOVE:2,3;REMOVE:3,6;REMOVE:4,3;REMOVE:8,1",0:-;1:-;2:3;3:6;4:3;5:7;6:-;7:8;8:1;9:-,0:-;1:-;2:2;3:0;4:1;5:7;6:-;7:8;8:2;9:-,2@2=1;3@0=1;4@1=1;4@3=1;4@6=1;5@0=1;5@4=1;7@1=2;7@4=5;7@7=3;7@8=1;8@2=1;8@3=1;8@4=1,"2,0,1,3,6,4,7,8",21,14,14,0,1.0,0.29116110800379613,0.6666666666666666,0.024494441337129497,0.0,0.0,0.4,0.3705120086669922,Feasible|selected=greedy
808,807,11,6,5,"ADD:1,7;ADD:2,0;ADD:3,5;ADD:4,2;ADD:5,3;ADD:7,7;REMOVE:2,2;REMOVE:3,0;REMOVE:4,1;REMOVE:5,7;REMOVE:7,8",0:-;1:-;2:2;3:0;4:1;5:7;6:-;7:8;8:2;9:-,0:-;1:7;2:0;3:5;4:2;5:3;6:-;7:7;8:2;9:-,1@1=1;1@4=2;1@7=2;1@8=1;1@9=1;2@7=2;2@0=1;2@5=1;3@5=1;4@4=1;4@9=2;4@5=1;4@2=1;5@1=1;5@7=1;5@9=1;5@5=1;7@1=2;7@4=1;7@7=1;7@9=1;7@2=2;8@4=1;8@9=1;8@5=1,"1,4,7,8,9,0,5,2",31,25,25,0,1.0,0.2529065832231312,0.8333333333333334,0.01957324988979777,0.0,0.0,0.6,0.4679429531097412,Feasible|selected=greedy
809,808,16,9,7,"ADD:1,2;ADD:2,7;ADD:3,7;ADD:4,8;ADD:5,9;ADD:6,6;ADD:7,2;ADD:7,8;ADD:8,4;REMOVE:1,7;REMOVE:2,0;REMOVE:3,5;REMOVE:4,2;REMOVE:5,3;REMOVE:7,7;REMOVE:8,2",0:-;1:7;2:0;3:5;4:2;5:3;6:-;7:7;8:2;9:-,0:-;1:2;2:7;3:7;4:8;5:9;6:6;7:2|8;8:4;9:-,1@2=1;1@5=1;1@9=1;2@2=2;2@0=1;2@1=3;2@4=1;3@2=1;3@0=1;3@4=3;3@3=1;3@7=1;4@2=1;4@1=1;4@4=2;5@9=1;5@6=1;6@4=1;6@6=1;7@2=1;7@5=1;7@4=2;7@3=1;7@6=2;7@8=1;8@4=1,"2,5,9,0,1,4,3,7,6,8",34,26,26,0,1.0,0.12018356946713249,1.0,0.020183569467132338,0.0,0.0,0.8999999999999999,0.5085639953613281,Feasible|selected=greedy
810,809,13,7,6,"ADD:1,8;ADD:2,4;ADD:3,2;ADD:5,2;ADD:6,5;ADD:6,8;ADD:7,6;REMOVE:1,2;REMOVE:2,7;REMOVE:3,7;REMOVE:6,6;REMOVE:7,2;REMOVE:7,8",0:-;1:2;2:7;3:7;4:8;5:9;6:6;7:2|8;8:4;9:-,0:-;1:8;2:4;3:2;4:8;5:2|9;6:5|8;7:6;8:4;9:-,1@4=1;1@8=1;2@4=1;3@4=1;3@2=2;3@5=1;3@7=1;3@9=1;4@4=1;4@8=1;4@2=2;4@1=1;4@6=1;5@2=1;5@5=1;5@9=1;5@6=1;6@8=1;6@2=4;6@5=1;6@6=1;6@0=1;7@8=1;7@9=2;7@1=1;7@6=1;8@4=1,"4,8,2,5,7,9,1,6,0",33,27,27,0,1.0,0.0005807912734472342,0.6666666666666666,0.033914124606780574,0.0,0.0,0.7,0.4587409496307373,Feasible|selected=greedy
811,810,14,6,8,"ADD:2,8;ADD:3,7;ADD:5,6;ADD:6,6;ADD:7,7;ADD:8,7;REMOVE:2,4;REMOVE:3,2;REMOVE:5,2;REMOVE:5,9;REMOVE:6,5;REMOVE:6,8;REMOVE:7,6;REMOVE:8,4",0:-;1:8;2:4;3:2;4:8;5:2|9;6:5|8;7:6;8:4;9:-,0:-;1:8;2:8;3:7;4:8;5:6;6:6;7:7;8:7;9:-,1@4=2;1@8=1;2@1=1;2@2=2;2@5=1;2@6=1;3@4=1;3@7=1;4@4=1;4@8=1;4@5=1;4@6=1;5@6=1;6@6=1;7@8=1;7@1=1;7@0=1;7@9=1;8@4=1;8@1=1;8@2=2;8@6=1;8@0=1,"4,8,1,2,5,6,7,0,9",26,23,23,0,1.0,0.219606031961194,0.8,0.01960603196119392,0.0,0.0,0.6,0.4605989456176758,Feasible|selected=greedy
812,811,9,5,4,"ADD:1,9;ADD:2,7;ADD:5,7;ADD:6,2;ADD:8,3;REMOVE:2,8;REMOVE:5,6;REMOVE:6,6;REMOVE:8,7",0:-;1:8;2:8;3:7;4:8;5:6;6:6;7:7;8:7;9:-,0:-;1:8|9;2:7;3:7;4:8;5:7;6:2;7:7;8:3;9:-,1@2=1;1@6=1;1@8=1;1@9=1;2@2=3;2@0=1;2@7=1;3@7=1;3@4=2;4@2=1;4@8=1;4@5=1;5@7=1;5@1=2;6@2=1;6@8=2;6@4=1;6@3=1;7@8=1;7@0=1;7@7=2;7@4=1;8@1=1;8@3=1,"2,6,8,9,0,7,4,5,1,3",30,24,24,0,1.0,0.03129808880590079,0.5,0.03129808880590079,0.0,0.0,0.5,0.4402799606323242,Feasible|selected=greedy
813,812,15,7,8,"ADD:1,2;ADD:2,9;ADD:4,5;ADD:5,2;ADD:6,8;ADD:7,2;ADD:8,7;REMOVE:1,8;REMOVE:1,9;REMOVE:2,7;REMOVE:4,8;REMOVE:5,7;REMOVE:6,2;REMOVE:7,7;REMOVE:8,3",0:-;1:8|9;2:7;3:7;4:8;5:7;6:2;7:7;8:3;9:-,0:-;1:2;2:9;3:7;4:5;5:2;6:8;7:2;8:7;9:-,1@0=1;1@2=1;1@3=1;2@9=1;3@2=1;3@9=1;3@4=1;3@7=1;4@2=3;4@5=1;5@2=1;5@9=1;5@8=1;6@4=1;6@8=1;6@6=1;7@0=1;7@2=3;7@7=1;7@5=2;7@8=2;8@0=1;8@9=1;8@7=1,"0,2,3,9,4,7,5,8,6",30,24,24,0,1.0,0.2201809101400677,0.8888888888888888,0.031292021251178755,0.0,0.0,0.7,0.42534828186035156,Feasible|selected=greedy
814,813,12,5,7,"ADD:4,7;ADD:5,8;ADD:6,9;ADD:7,8;ADD:7,9;REMOVE:1,2;REMOVE:2,9;REMOVE:3,7;REMOVE:4,5;REMOVE:5,2;REMOVE:6,8;REMOVE:7,2",0:-;1:2;2:9;3:7;4:5;5:2;6:8;7:2;8:7;9:-,0:-;1:-;2:-;3:-;4:7;5:8;6:9;7:8|9;8:7;9:-,4@1=1;4@3=1;4@4=1;4@8=1;5@1=1;5@4=2;6@1=1;6@2=1;6@6=1;7@1=1;7@4=1;7@5=3;7@9=1;8@2=1;8@0=1;8@7=1,"1,3,4,8,2,6,5,9,0,7",19,16,16,0,1.0,0.3853835950335216,0.875,0.010383595033521546,0.0,0.0,0.5,0.37802982330322266,Feasible|selected=greedy
815,814,13,7,6,"ADD:2,2;ADD:3,4;ADD:4,4;ADD:5,4;ADD:6,5;ADD:7,7;ADD:8,8;REMOVE:4,7;REMOVE:5,8;REMOVE:6,9;REMOVE:7,8;REMOVE:7,9;REMOVE:8,7",0:-;1:-;2:-;3:-;4:7;5:8;6:9;7:8|9;8:7;9:-,0:-;1:-;2:2;3:4;4:4;5:4;6:5;7:7;8:8;9:-,2@0=1;2@2=1;2@4=1;3@4=1;4@2=1;4@4=1;5@4=1;6@0=1;6@2=1;6@5=2;7@0=1;7@2=1;7@4=4;7@1=2;7@8=1;7@9=1;8@2=1;8@1=1;8@8=1,"0,2,4,5,1,8,9",24,19,19,0,1.0,0.3308581644353088,1.0,0.030858164435308644,0.0,0.0,0.7,0.4127490520477295,Feasible|selected=greedy
816,815,14,7,7,"ADD:2,7;ADD:3,8;ADD:4,8;ADD:5,5;ADD:6,3;ADD:7,8;ADD:8,5;REMOVE:2,2;REMOVE:3,4;REMOVE:4,4;REMOVE:5,4;REMOVE:6,5;REMOVE:7,7;REMOVE:8,8",0:-;1:-;2:2;3:4;4:4;5:4;6:5;7:7;8:8;9:-,0:-;1:-;2:7;3:8;4:8;5:5;6:3;7:8;8:5;9:-,2@1=1;2@2=4;2@6=1;2@7=1;3@2=1;3@4=1;3@8=1;4@1=1;4@2=2;4@4=1;4@5=1;5@5=1;5@3=1;6@1=1;6@5=1;6@3=1;7@1=4;7@2=1;7@6=1;7@4=1;7@8=1;8@2=1;8@5=1;8@3=1,"1,2,6,7,4,8,5,3",31,24,24,0,1.0,0.3206226675283168,1.0,0.02062266752831685,0.0,0.0,0.7,0.5787093639373779,Feasible|selected=greedy
817,816,16,9,7,"ADD:0,8;ADD:1,1;ADD:2,2;ADD:4,7;ADD:5,7;ADD:6,7;ADD:7,2;ADD:7,7;ADD:8,7;REMOVE:2,7;REMOVE:3,8;REMOVE:4,8;REMOVE:5,5;REMOVE:6,3;REMOVE:7,8;REMOVE:8,5",0:-;1:-;2:7;3:8;4:8;5:5;6:3;7:8;8:5;9:-,0:8;1:1;2:2;3:-;4:7;5:7;6:7;7:2|7;8:7;9:-,0@1=2;0@4=2;0@6=1;0@8=1;1@1=1;2@4=1;2@0=1;2@2=2;2@3=1;4@4=1;4@7=3;4@9=1;5@4=2;5@0=1;6@6=1;6@0=1;6@9=1;7@4=2;7@6=1;7@0=1;7@2=3;7@3=1;7@9=1;7@5=1;8@4=1;8@3=1;8@7=1,"1,4,6,8,0,2,3,7,9,5",36,27,27,0,1.0,0.13362419020836858,1.0,0.03362419020836853,0.0,0.0,0.8999999999999999,0.49144911766052246,Feasible|selected=greedy
818,817,15,8,7,"ADD:0,2;ADD:2,8;ADD:3,8;ADD:3,9;ADD:4,8;ADD:5,2;ADD:6,9;ADD:7,3;REMOVE:0,8;REMOVE:1,1;REMOVE:2,2;REMOVE:4,7;REMOVE:5,7;REMOVE:6,7;REMOVE:7,7",0:8;1:1;2:2;3:-;4:7;5:7;6:7;7:2|7;8:7;9:-,0:2;1:-;2:8;3:8|9;4:8;5:2;6:9;7:2|3;8:7;9:-,0@2=1;0@4=2;0@5=1;0@7=1;0@9=3;2@2=2;2@4=1;2@6=2;2@8=1;3@5=1;3@9=1;3@6=1;4@8=1;4@1=1;5@2=1;6@2=2;6@6=2;6@1=1;7@2=1;7@4=1;7@5=2;7@1=1;7@3=1;8@2=2;8@4=1;8@9=1;8@1=2;8@0=1,"2,4,5,7,9,6,8,1,3,0",38,28,28,0,1.0,-0.005375040652550234,0.7777777777777778,0.016847181569671858,0.0,0.0,0.7999999999999999,0.458179235458374,Feasible|selected=greedy
819,818,15,7,8,"ADD:0,7;ADD:3,2;ADD:4,7;ADD:5,5;ADD:5,8;ADD:7,7;ADD:8,4;REMOVE:0,2;REMOVE:3,8;REMOVE:3,9;REMOVE:4,8;REMOVE:5,2;REMOVE:6,9;REMOVE:7,3;REMOVE:8,7",0:2;1:-;2:8;3:8|9;4:8;5:2;6:9;7:2|3;8:7;9:-,0:7;1:-;2:8;3:2;4:7;5:5|8;6:-;7:2|7;8:4;9:-,0@4=1;0@9=1;2@4=1;2@1=1;3@2=1;4@4=1;4@3=1;5@1=1;5@0=1;5@5=1;7@4=1;7@1=2;7@2=1;7@3=1;7@0=2;7@5=1;7@7=1;8@4=2,"4,9,1,2,3,0,5,7",21,18,18,0,1.0,0.12936747658792314,0.8,0.029367476587923005,0.0,0.0,0.7,0.34507298469543457,Feasible|selected=greedy
820,819,17,8,9,"ADD:1,3;ADD:2,9;ADD:3,4;ADD:4,8;ADD:5,7;ADD:6,8;ADD:7,8;ADD:8,9;REMOVE:0,7;REMOVE:2,8;REMOVE:3,2;REMOVE:4,7;REMOVE:5,5;REMOVE:5,8;REMOVE:7,2;REMOVE:7,7;REMOVE:8,4",0:7;1:-;2:8;3:2;4:7;5:5|8;6:-;7:2|7;8:4;9:-,0:-;1:3;2:9;3:4;4:8;5:7;6:8;7:8;8:9;9:-,1@3=1;2@1=1;2@2=1;3@4=1;4@4=1;4@8=1;5@1=2;5@0=1;6@8=1;7@1=1;7@2=2;7@4=2;7@5=1;7@6=1;7@7=4;8@3=1;8@2=1;8@9=1,"3,1,2,4,8,0,5,6,7,9",24,18,18,0,1.0,0.22107744115516847,1.0,0.02107744115516833,0.0,0.0,0.7999999999999999,0.40355992317199707,Feasible|selected=greedy
821,820,10,4,6,"ADD:4,7;ADD:6,7;ADD:7,7;ADD:8,4;REMOVE:1,3;REMOVE:2,9;REMOVE:4,8;REMOVE:6,8;REMOVE:7,8;REMOVE:8,9",0:-;1:3;2:9;3:4;4:8;5:7;6:8;7:8;8:9;9:-,0:-;1:-;2:-;3:4;4:7;5:7;6:7;7:7;8:4;9:-,3@4=1;4@4=2;4@3=1;4@6=1;5@7=1;6@0=1;6@9=1;7@4=4;7@0=1;7@1=1;7@2=1;8@4=1,"4,3,6,7,0,9,1,2",16,12,12,0,1.0,0.3675709599939947,0.75,0.017570959993994672,0.0,0.0,0.4,0.3612480163574219,Feasible|selected=greedy
822,821,13,8,5,"ADD:0,7;ADD:1,7;ADD:2,3;ADD:3,3;ADD:4,8;ADD:6,4;ADD:7,5;ADD:8,7;REMOVE:3,4;REMOVE:4,7;REMOVE:6,7;REMOVE:7,7;REMOVE:8,4",0:-;1:-;2:-;3:4;4:7;5:7;6:7;7:7;8:4;9:-,0:7;1:7;2:3;3:3;4:8;5:7;6:4;7:5;8:7;9:-,0@1=3;0@3=2;0@4=1;0@7=1;0@8=1;1@0=1;1@2=1;1@6=1;2@3=1;3@3=1;4@1=1;4@4=1;4@2=1;5@4=2;5@8=1;5@9=1;6@4=1;6@2=1;7@2=1;7@5=1;8@4=1;8@9=1,"1,3,4,7,8,0,2,6,9,5",26,22,22,0,1.0,0.05192928905110239,0.8333333333333334,0.018595955717768963,0.0,0.0,0.7999999999999999,0.5207440853118896,Feasible|selected=greedy
823,822,18,9,9,"ADD:0,8;ADD:1,3;ADD:2,4;ADD:3,7;ADD:4,7;ADD:5,8;ADD:6,7;ADD:7,7;ADD:8,9;REMOVE:0,7;REMOVE:1,7;REMOVE:2,3;REMOVE:3,3;REMOVE:4,8;REMOVE:5,7;REMOVE:6,4;REMOVE:7,5;REMOVE:8,7",0:7;1:7;2:3;3:3;4:8;5:7;6:4;7:5;8:7;9:-,0:8;1:3;2:4;3:7;4:7;5:8;6:7;7:7;8:9;9:-,0@1=2;0@2=1;0@4=1;0@6=1;1@1=2;1@3=2;1@5=1;2@4=1;3@1=2;3@2=1;3@3=2;3@8=1;4@2=1;4@3=2;4@7=1;5@1=1;5@4=1;6@4=1;6@3=1;6@8=1;6@0=1;7@4=2;7@8=1;7@7=2;7@0=1;8@6=1;8@9=3,"1,2,4,6,3,5,8,7,0,9",37,27,27,0,1.0,0.12443214550807924,1.0,0.024432145508079237,0.0,0.0,0.8999999999999999,0.49136996269226074,Feasible|selected=greedy
824,823,10,4,6,"ADD:0,7;ADD:1,2;ADD:3,9;ADD:8,7;REMOVE:0,8;REMOVE:1,3;REMOVE:2,4;REMOVE:3,7;REMOVE:5,8;REMOVE:8,9",0:8;1:3;2:4;3:7;4:7;5:8;6:7;7:7;8:9;9:-,0:7;1:2;2:-;3:9;4:7;5:-;6:7;7:7;8:7;9:-,0@1=1;0@2=1;0@3=3;0@4=2;1@2=2;1@3=1;1@4=1;1@5=2;1@8=1;3@9=1;4@1=1;4@8=1;4@0=1;6@1=1;6@4=4;6@8=1;6@9=1;6@0=1;7@2=1;7@4=1;7@9=1;7@6=1;8@1=1;8@3=1;8@8=1;8@0=2,"1,2,3,4,5,8,9,0,6",35,26,26,0,1.0,0.2758081645085205,0.6666666666666666,0.009141497841853918,0.0,0.0,0.4,0.42270636558532715,Feasible|selected=greedy
825,824,12,6,6,"ADD:1,7;ADD:3,7;ADD:4,4;ADD:5,7;ADD:7,2;ADD:8,9;REMOVE:1,2;REMOVE:3,9;REMOVE:4,7;REMOVE:6,7;REMOVE:7,7;REMOVE:8,7",0:7;1:2;2:-;3:9;4:7;5:-;6:7;7:7;8:7;9:-,0:7;1:7;2:-;3:7;4:4;5:7;6:-;7:2;8:9;9:-,0@0=1;0@1=1;0@3=1;0@7=1;0@8=2;0@9=1;1@1=1;1@7=1;1@4=1;3@1=1;3@7=1;4@4=1;5@9=1;5@4=1;7@0=2;7@8=2;7@4=1;7@2=2;7@5=1;8@1=1;8@9=1;8@2=3,"0,1,3,7,8,9,4,2,5",28,22,22,0,1.0,0.2803574822060423,0.8571428571428571,0.023214625063185185,0.0,0.0,0.6,0.4002101421356201,Feasible|selected=greedy
826,825,15,9,6,"ADD:0,3;ADD:1,1;ADD:2,2;ADD:3,8;ADD:4,7;ADD:5,9;ADD:6,7;ADD:7,8;ADD:8,8;REMOVE:0,7;REMOVE:1,7;REMOVE:4,4;REMOVE:5,7;REMOVE:7,2;REMOVE:8,9",0:7;1:7;2:-;3:7;4:4;5:7;6:-;7:2;8:9;9:-,0:3;1:1;2:2;3:7|8;4:7;5:9;6:7;7:8;8:8;9:-,0@2=1;0@3=1;0@5=1;0@7=2;1@1=1;2@2=1;3@2=2;3@3=1;3@5=1;3@1=1;3@4=2;3@6=1;3@8=1;4@3=1;4@7=1;4@4=1;5@9=1;6@2=2;6@7=2;6@4=1;6@6=1;7@2=2;7@5=1;7@1=1;7@6=1;7@8=1;8@2=1;8@8=1,"2,3,5,7,1,4,6,8,9",34,28,28,0,1.0,-0.011778142098363809,0.8571428571428571,0.031079000758778976,0.0,0.0,0.8999999999999999,0.5260622501373291,Feasible|selected=greedy
827,826,15,6,9,"ADD:0,9;ADD:2,8;ADD:3,4;ADD:4,3;ADD:5,8;ADD:6,5;REMOVE:0,3;REMOVE:1,1;REMOVE:2,2;REMOVE:3,7;REMOVE:3,8;REMOVE:4,7;REMOVE:5,9;REMOVE:6,7;REMOVE:8,8",0:3;1:1;2:2;3:7|8;4:7;5:9;6:7;7:8;8:8;9:-,0:9;1:-;2:8;3:4;4:3;5:8;6:5;7:8;8:-;9:-,0@1=1;0@2=1;0@6=1;2@1=1;2@4=1;3@4=2;4@3=1;5@1=1;5@2=2;5@4=1;6@5=1;7@1=2;7@5=1,"1,2,6,4,3,5",16,13,13,0,1.0,0.32229715127906133,0.9,0.022297151279061282,0.0,0.0,0.6,0.3079061508178711,Feasible|selected=greedy
828,827,14,7,7,"ADD:0,7;ADD:2,2;ADD:3,7;ADD:4,5;ADD:6,7;ADD:7,7;ADD:8,9;REMOVE:0,9;REMOVE:2,8;REMOVE:3,4;REMOVE:4,3;REMOVE:5,8;REMOVE:6,5;REMOVE:7,8",0:9;1:-;2:8;3:4;4:3;5:8;6:5;7:8;8:-;9:-,0:7;1:-;2:2;3:7;4:5;5:-;6:7;7:7;8:9;9:-,0@1=1;0@3=1;0@4=2;0@7=2;0@8=1;2@2=1;3@7=1;3@0=1;3@6=2;4@5=1;6@3=1;6@4=1;7@1=1;7@3=1;7@4=1;7@2=1;8@9=1,"1,3,4,7,8,2,0,6,5,9",20,17,17,0,1.0,0.3312113064100024,1.0,0.031211306410002373,0.0,0.0,0.7,0.3946499824523926,Feasible|selected=greedy
829,828,12,7,5,"ADD:0,8;ADD:3,2;ADD:4,7;ADD:5,7;ADD:6,2;ADD:7,8;ADD:8,8;REMOVE:2,2;REMOVE:3,7;REMOVE:4,5;REMOVE:7,7;REMOVE:8,9",0:7;1:-;2:2;3:7;4:5;5:-;6:7;7:7;8:9;9:-,0:7|8;1:-;2:-;3:2;4:7;5:7;6:2|7;7:8;8:8;9:-,0@1=3;0@2=1;0@4=1;0@5=1;0@7=2;0@8=1;0@9=2;3@4=1;3@5=1;3@7=1;3@0=1;4@1=3;4@2=1;4@4=1;4@7=1;4@9=1;5@4=2;5@0=1;6@2=1;6@4=1;6@5=2;6@9=1;6@0=1;6@3=1;6@6=1;7@1=1;7@2=2;7@4=2;7@5=2;7@7=1;7@8=1;8@2=1;8@5=2;8@6=1,"1,2,4,5,7,8,9,0,3,6",46,34,34,0,1.0,0.028656145872176908,0.7142857142857143,0.01437043158646259,0.0,0.0,0.7,0.552588939666748,Feasible|selected=greedy
830,829,10,5,5,"ADD:1,1;ADD:5,9;ADD:6,8;ADD:7,3;ADD:7,7;REMOVE:0,8;REMOVE:5,7;REMOVE:6,2;REMOVE:6,7;REMOVE:7,8",0:7|8;1:-;2:-;3:2;4:7;5:7;6:2|7;7:8;8:8;9:-,0:7;1:1;2:-;3:2;4:7;5:9;6:8;7:3|7;8:8;9:-,0@0=2;0@1=2;0@3=2;0@4=1;1@1=1;3@2=2;4@4=3;4@2=1;4@7=1;5@1=1;5@2=1;5@6=1;6@4=1;6@7=1;6@6=1;6@5=1;7@3=1;7@2=1;7@7=1;7@6=1;7@5=1;8@1=1;8@4=1;8@2=1,"0,1,3,4,2,7,6,5",30,24,24,0,1.0,0.07773024921879113,0.5555555555555556,0.022174693663235583,0.0,0.0,0.5,0.39945483207702637,Feasible|selected=greedy
831,830,13,6,7,"ADD:0,8;ADD:3,7;ADD:4,8;ADD:5,6;ADD:6,9;ADD:8,7;REMOVE:1,1;REMOVE:3,2;REMOVE:4,7;REMOVE:5,9;REMOVE:6,8;REMOVE:7,3;REMOVE:8,8",0:7;1:1;2:-;3:2;4:7;5:9;6:8;7:3|7;8:8;9:-,0:7|8;1:-;2:-;3:7;4:8;5:6;6:9;7:7;8:7;9:-,0@0=1;0@1=1;0@2=2;0@4=4;0@5=1;0@6=1;0@8=1;3@4=2;3@7=1;4@1=1;4@4=1;5@6=1;6@2=1;6@6=1;7@4=2;7@9=1;8@2=3;8@4=1;8@6=1;8@8=1;8@9=1;8@3=1,"0,1,2,4,5,6,8,7,9,3",30,22,22,0,1.0,0.1862526637973395,0.7777777777777778,0.008474886019561726,0.0,0.0,0.6,0.42128682136535645,Feasible|selected=greedy
832,831,12,6,6,"ADD:3,9;ADD:4,6;ADD:5,7;ADD:6,0;ADD:6,7;ADD:7,3;REMOVE:0,8;REMOVE:3,7;REMOVE:4,8;REMOVE:5,6;REMOVE:6,9;REMOVE:7,7",0:7|8;1:-;2:-;3:7;4:8;5:6;6:9;7:7;8:7;9:-,0:7;1:-;2:-;3:9;4:6;5:7;6:0|7;7:3;8:7;9:-,0@2=1;0@4=1;0@7=1;0@9=1;3@7=1;3@9=1;4@4=1;4@6=1;5@7=1;6@7=1;6@0=1;6@1=1;6@5=2;7@2=1;7@7=1;7@1=3;7@5=1;7@3=1;8@0=1;8@3=1,"2,4,7,9,6,0,1,5,3",23,20,20,0,1.0,0.18351637343897298,0.75,0.033516373438972985,0.0,0.0,0.6,0.413161039352417,Feasible|selected=greedy
833,832,10,5,5,"ADD:2,2;ADD:3,8;ADD:4,4;ADD:5,2;ADD:7,2;REMOVE:3,9;REMOVE:4,6;REMOVE:5,7;REMOVE:6,0;REMOVE:7,3",0:7;1:-;2:-;3:9;4:6;5:7;6:0|7;7:3;8:7;9:-,0:7;1:-;2:2;3:8;4:4;5:2;6:7;7:2;8:7;9:-,0@0=1;0@1=1;0@3=1;0@4=3;0@6=1;0@8=1;0@9=1;2@2=1;3@8=2;3@5=1;4@4=1;5@0=1;5@4=1;5@2=1;6@3=1;6@4=1;7@3=1;7@4=1;7@9=1;7@2=3;7@5=1;8@0=1;8@6=1,"0,1,3,4,6,8,9,2,5",28,23,23,0,1.0,0.15143430588991702,0.625,0.026434305889917006,0.0,0.0,0.5,0.44078493118286133,Feasible|selected=greedy
834,833,12,6,6,"ADD:2,1;ADD:3,3;ADD:4,3;ADD:5,4;ADD:6,4;ADD:7,8;REMOVE:2,2;REMOVE:3,8;REMOVE:4,4;REMOVE:5,2;REMOVE:6,7;REMOVE:7,2",0:7;1:-;2:2;3:8;4:4;5:2;6:7;7:2;8:7;9:-,0:7;1:-;2:1;3:3;4:3;5:4;6:4;7:8;8:7;9:-,0@3=1;0@4=1;0@7=1;0@9=2;2@1=2;3@3=1;4@3=1;5@4=1;6@4=1;7@4=1;7@1=1;7@2=3;8@4=1;8@9=1,"3,4,7,9,1,2",18,14,14,0,1.0,0.18965633614767508,0.75,0.03965633614767506,0.0,0.0,0.6,0.43131494522094727,Feasible|selected=greedy
835,834,13,6,7,"ADD:3,4;ADD:4,7;ADD:5,7;ADD:6,3;ADD:7,7;ADD:8,2;REMOVE:2,1;REMOVE:3,3;REMOVE:4,3;REMOVE:5,4;REMOVE:6,4;REMOVE:7,8;REMOVE:8,7",0:7;1:-;2:1;3:3;4:3;5:4;6:4;7:8;8:7;9:-,0:7;1:-;2:-;3:4;4:7;5:7;6:3;7:7;8:2;9:-,0@0=1;0@4=1;3@4=1;4@0=1;4@4=2;4@1=1;4@2=1;5@4=1;5@7=1;6@2=1;6@3=1;7@0=1;7@4=1;7@3=2;7@9=1;8@0=1;8@2=1;8@8=1,"0,4,1,2,7,3,9,8",20,18,18,0,1.0,0.2963319472240562,0.875,0.021331947224056208,0.0,0.0,0.6,0.4921410083770752,Feasible|selected=greedy
836,835,13,7,6,"ADD:0,8;ADD:2,2;ADD:3,2;ADD:4,9;ADD:5,3;ADD:6,7;ADD:8,1;REMOVE:0,7;REMOVE:3,4;REMOVE:4,7;REMOVE:5,7;REMOVE:6,3;REMOVE:8,2",0:7;1:-;2:-;3:4;4:7;5:7;6:3;7:7;8:2;9:-,0:8;1:-;2:2;3:2;4:9;5:3;6:7;7:7;8:1;9:-,0@4=1;0@6=1;0@7=2;0@8=1;2@0=1;2@2=1;2@3=1;3@4=1;3@0=1;3@2=2;4@6=1;4@3=1;5@2=1;5@3=1;6@0=1;6@1=1;7@4=1;7@7=1;7@2=3;8@8=1;8@1=2;8@9=1,"4,6,7,8,0,2,3,1,9",27,22,22,0,1.0,0.1862467629466995,0.8571428571428571,0.029103905803842322,0.0,0.0,0.7,0.46202993392944336,Feasible|selected=greedy
837,836,14,8,6,"ADD:0,2;ADD:0,7;ADD:2,7;ADD:3,7;ADD:4,4;ADD:5,6;ADD:7,8;ADD:8,8;REMOVE:0,8;REMOVE:2,2;REMOVE:3,2;REMOVE:4,9;REMOVE:5,3;REMOVE:8,1",0:8;1:-;2:2;3:2;4:9;5:3;6:7;7:7;8:1;9:-,0:2|7;1:-;2:7;3:7;4:4;5:6;6:7;7:7|8;8:8;9:-,0@0=1;0@1=1;0@2=2;0@3=2;0@4=3;0@5=1;0@6=1;2@1=2;2@7=1;3@0=1;3@3=1;3@4=3;3@8=2;4@4=1;5@6=1;6@2=1;6@3=1;6@7=1;6@8=1;6@9=2;7@1=1;7@2=2;7@3=1;7@5=1;7@6=1;7@7=1;7@8=2;7@9=1;8@4=1;8@5=1,"0,1,2,3,4,5,6,7,8,9",41,30,30,0,1.0,-0.028355128261504214,0.75,0.021644871738495757,0.0,0.0,0.7999999999999999,0.5079360008239746,Feasible|selected=greedy
838,837,8,2,6,"ADD:2,9;ADD:8,9;REMOVE:0,7;REMOVE:2,7;REMOVE:4,4;REMOVE:5,6;REMOVE:7,8;REMOVE:8,8",0:2|7;1:-;2:7;3:7;4:4;5:6;6:7;7:7|8;8:8;9:-,0:2;1:-;2:9;3:7;4:-;5:-;6:7;7:7;8:9;9:-,0@0=1;0@3=2;0@4=1;0@5=1;2@3=1;2@9=1;3@0=4;3@3=1;3@9=5;3@2=2;3@6=1;3@8=2;6@0=1;6@4=1;7@4=2;7@2=3;7@6=1;7@1=2;7@7=1;8@9=1;8@1=1,"0,3,4,5,9,2,6,8,1,7",35,21,21,0,1.0,0.4083386910954832,0.6,0.008338691095483202,0.0,0.0,0.2,0.36854076385498047,Feasible|selected=greedy
839,838,8,6,2,"ADD:0,3;ADD:2,7;ADD:3,8;ADD:4,2;ADD:5,1;ADD:8,4;REMOVE:2,9;REMOVE:8,9",0:2;1:-;2:9;3:7;4:-;5:-;6:7;7:7;8:9;9:-,0:2|3;1:-;2:7;3:7|8;4:2;5:1;6:7;7:7;8:4;9:-,0@1=3;0@2=1;0@3=1;0@4=2;0@5=1;2@1=1;2@0=1;3@1=2;3@2=5;3@3=1;3@4=1;3@5=2;3@6=1;3@7=1;4@2=3;5@1=1;6@1=1;6@4=1;6@0=1;7@1=3;7@2=1;7@4=1;7@6=1;7@9=2;8@2=1;8@4=1,"1,2,3,4,5,0,6,7,9",40,26,26,0,1.0,-0.247196763523365,0.3333333333333333,0.019469903143301673,0.0,0.0,0.6,0.4871358871459961,Feasible|selected=greedy
840,839,10,3,7,"ADD:0,8;ADD:5,4;ADD:8,8;REMOVE:0,2;REMOVE:0,3;REMOVE:2,7;REMOVE:3,8;REMOVE:5,1;REMOVE:6,7;REMOVE:8,4",0:2|3;1:-;2:7;3:7|8;4:2;5:1;6:7;7:7;8:4;9:-,0:8;1:-;2:-;3:7;4:2;5:4;6:-;7:7;8:8;9:-,0@1=1;0@2=1;0@4=1;3@1=1;3@4=1;3@3=1;3@7=1;4@2=1;5@4=2;7@2=1;7@4=1;7@7=3;7@0=1;7@9=3;8@1=1;8@4=1,"1,2,4,3,7,0,9",21,16,16,0,1.0,0.43274572768761455,0.7,0.03274572768761466,0.0,0.0,0.30000000000000004,0.3493690490722656,Feasible|selected=greedy
841,840,11,6,5,"ADD:0,6;ADD:3,2;ADD:4,4;ADD:5,2;ADD:6,8;ADD:8,7;REMOVE:0,8;REMOVE:3,7;REMOVE:4,2;REMOVE:5,4;REMOVE:8,8",0:8;1:-;2:-;3:7;4:2;5:4;6:-;7:7;8:8;9:-,0:6;1:-;2:-;3:2;4:4;5:2;6:8;7:7;8:7;9:-,0@1=1;0@6=1;3@0=1;3@2=1;3@3=1;3@8=1;4@4=1;5@2=1;5@5=1;5@7=1;6@1=1;6@4=1;7@0=1;7@2=2;7@4=1;7@7=1;7@9=2;8@3=1;8@8=1,"1,6,0,2,3,8,4,5,7,9",21,19,19,0,1.0,0.2557747514621357,0.8333333333333334,0.02244141812880226,0.0,0.0,0.6,0.4233682155609131,Feasible|selected=greedy
842,841,11,6,5,"ADD:0,7;ADD:2,5;ADD:2,9;ADD:3,8;ADD:5,9;ADD:6,3;REMOVE:0,6;REMOVE:3,2;REMOVE:4,4;REMOVE:5,2;REMOVE:6,8",0:6;1:-;2:-;3:2;4:4;5:2;6:8;7:7;8:7;9:-,0:7;1:-;2:5|9;3:8;4:-;5:9;6:3;7:7;8:7;9:-,0@0=1;0@2=1;0@7=1;2@5=1;2@9=2;3@2=2;3@7=1;3@5=1;3@1=1;3@4=3;3@6=2;5@9=1;6@2=1;6@3=1;7@2=2;7@7=1;7@1=1;7@4=1;8@0=1;8@4=1,"0,2,7,5,9,1,4,6,3",26,20,20,0,1.0,0.1413767512152777,0.7142857142857143,0.027091036929563383,0.0,0.0,0.6,0.4086799621582031,Feasible|selected=greedy
843,842,11,5,6,"ADD:3,7;ADD:4,3;ADD:6,9;ADD:7,3;ADD:8,8;REMOVE:2,5;REMOVE:3,8;REMOVE:5,9;REMOVE:6,3;REMOVE:7,7;REMOVE:8,7",0:7;1:-;2:5|9;3:8;4:-;5:9;6:3;7:7;8:7;9:-,0:7;1:-;2:9;3:7;4:3;5:-;6:9;7:3;8:8;9:-,0@0=1;0@1=2;0@2=1;0@7=1;0@9=1;2@1=1;2@2=1;3@0=1;3@2=4;3@4=2;3@6=1;4@2=1;4@3=1;6@9=1;7@1=2;7@2=3;7@3=1;8@1=1;8@5=1,"0,1,2,7,9,4,6,3,5",27,19,19,0,1.0,0.26487852884782803,0.75,0.014878528847828077,0.0,0.0,0.5,0.5781219005584717,Feasible|selected=greedy
844,843,13,8,5,"ADD:0,8;ADD:3,8;ADD:4,0;ADD:5,7;ADD:6,7;ADD:7,7;ADD:7,8;ADD:8,4;REMOVE:3,7;REMOVE:4,3;REMOVE:6,9;REMOVE:7,3;REMOVE:8,8",0:7;1:-;2:9;3:7;4:3;5:-;6:9;7:3;8:8;9:-,0:7|8;1:-;2:9;3:8;4:0;5:7;6:7;7:7|8;8:4;9:-,0@0=1;0@1=1;0@3=1;0@4=1;0@5=2;0@6=1;0@7=1;2@9=1;3@4=2;3@5=1;3@8=1;4@0=1;5@1=1;5@4=1;5@9=1;6@0=1;6@1=1;6@4=1;6@6=1;6@8=1;6@2=1;7@0=1;7@1=1;7@3=1;7@4=1;7@5=2;7@6=1;7@8=1;7@2=3;8@4=1;8@2=2,"0,1,3,4,5,6,7,9,8,2",37,31,31,0,1.0,-0.07013797350739981,0.7142857142857143,0.015576312206885814,0.0,0.0,0.7999999999999999,0.7234549522399902,Feasible|selected=greedy
845,844,13,5,8,"ADD:2,8;ADD:3,2;ADD:4,7;ADD:6,9;ADD:8,8;REMOVE:0,8;REMOVE:2,9;REMOVE:3,8;REMOVE:4,0;REMOVE:5,7;REMOVE:6,7;REMOVE:7,8;REMOVE:8,4",0:7|8;1:-;2:9;3:8;4:0;5:7;6:7;7:7|8;8:4;9:-,0:7;1:-;2:8;3:2;4:7;5:-;6:9;7:7;8:8;9:-,0@0=1;0@1=2;0@2=2;2@1=2;2@2=1;2@5=1;3@0=2;3@2=1;3@5=1;3@4=1;3@9=1;4@3=1;4@8=1;6@1=1;6@2=1;6@9=1;7@0=1;7@9=1;7@8=2;7@6=2;8@2=3;8@4=1;8@8=1,"0,1,2,5,4,9,3,8,6",31,23,23,0,1.0,0.309406920960864,0.8,0.009406920960863962,0.0,0.0,0.5,0.6995129585266113,Feasible|selected=greedy
846,845,7,3,4,"ADD:4,8;ADD:6,7;ADD:8,2;REMOVE:0,7;REMOVE:4,7;REMOVE:6,9;REMOVE:8,8",0:7;1:-;2:8;3:2;4:7;5:-;6:9;7:7;8:8;9:-,0:-;1:-;2:8;3:2;4:8;5:-;6:7;7:7;8:2;9:-,2@5=1;2@6=1;3@5=1;3@0=1;3@2=1;3@4=2;3@9=1;4@5=1;4@2=1;4@4=1;4@8=1;6@0=1;6@9=1;7@0=2;7@9=1;7@3=2;7@7=2;8@5=1;8@2=1;8@4=1,"5,6,0,2,4,9,8,3,7",24,20,20,0,1.0,0.291275151902726,0.5714285714285714,0.019846580474154683,0.0,0.0,0.30000000000000004,0.6232528686523438,Feasible|selected=greedy
847,846,12,7,5,"ADD:0,7;ADD:2,2;ADD:3,8;ADD:4,4;ADD:5,7;ADD:6,8;ADD:7,2;REMOVE:2,8;REMOVE:3,2;REMOVE:4,8;REMOVE:6,7;REMOVE:7,7",0:-;1:-;2:8;3:2;4:8;5:-;6:7;7:7;8:2;9:-,0:7;1:-;2:2;3:8;4:4;5:7;6:8;7:2;8:2;9:-,0@3=1;0@4=1;2@2=2;3@2=1;3@1=1;3@5=1;3@6=1;3@7=1;4@4=1;5@7=1;6@2=1;6@1=1;6@6=1;6@7=1;6@8=1;7@3=3;7@4=2;7@2=2;7@5=2;7@7=1;7@0=1;8@2=1,"3,4,2,1,5,6,7,8,0",28,22,22,0,1.0,0.16263558518360177,0.8333333333333334,0.02930225185026832,0.0,0.0,0.7,0.7289059162139893,Feasible|selected=greedy
848,847,11,4,7,"ADD:3,4;ADD:6,2;ADD:7,9;ADD:8,6;REMOVE:0,7;REMOVE:2,2;REMOVE:3,8;REMOVE:5,7;REMOVE:6,8;REMOVE:7,2;REMOVE:8,2",0:7;1:-;2:2;3:8;4:4;5:7;6:8;7:2;8:2;9:-,0:-;1:-;2:-;3:4;4:4;5:-;6:2;7:9;8:6;9:-,3@2=1;3@4=2;4@4=2;6@4=1;6@0=1;6@5=1;7@2=1;7@6=1;8@6=1,"2,4,0,5,6",11,9,9,0,1.0,0.5205983254807584,0.875,0.04559832548075833,0.0,0.0,0.4,0.46749114990234375,Feasible|selected=greedy
849,848,12,7,5,"ADD:0,2;ADD:3,7;ADD:4,7;ADD:5,1;ADD:6,7;ADD:7,2;ADD:8,8;REMOVE:3,4;REMOVE:4,4;REMOVE:6,2;REMOVE:7,9;REMOVE:8,6",0:-;1:-;2:-;3:4;4:4;5:-;6:2;7:9;8:6;9:-,0:2;1:-;2:-;3:7;4:7;5:1;6:7;7:2;8:8;9:-,0@3=1;0@4=2;0@5=1;3@0=3;3@7=1;4@0=1;4@1=1;4@2=1;5@1=1;6@7=1;7@0=1;7@2=2;7@8=1;8@8=2;8@6=1,"3,4,5,0,7,1,2,8,6",20,15,15,0,1.0,0.3342084960927467,1.0,0.03420849609274661,0.0,0.0,0.7,0.8202109336853027,Feasible|selected=greedy
850,849,8,4,4,"ADD:3,2;ADD:5,3;ADD:6,2;ADD:8,2;REMOVE:3,7;REMOVE:5,1;REMOVE:6,7;REMOVE:8,8",0:2;1:-;2:-;3:7;4:7;5:1;6:7;7:2;8:8;9:-,0:2;1:-;2:-;3:2;4:7;5:3;6:2;7:2;8:2;9:-,0@2=1;0@3=1;0@4=1;0@5=1;0@7=2;0@8=1;0@9=1;3@2=2;3@0=1;4@9=1;4@0=2;4@1=1;5@2=1;5@3=1;6@2=2;7@2=2;7@4=2;7@9=1;8@2=1,"2,3,4,5,7,8,9,0,1",25,19,19,0,1.0,0.20617577477181592,0.5714285714285714,0.034747203343244576,0.0,0.0,0.4,0.6683790683746338,Feasible|selected=greedy
851,850,15,9,6,"ADD:0,7;ADD:1,4;ADD:2,4;ADD:3,8;ADD:4,9;ADD:5,4;ADD:7,3;ADD:7,7;ADD:8,3;REMOVE:0,2;REMOVE:3,2;REMOVE:4,7;REMOVE:5,3;REMOVE:7,2;REMOVE:8,2",0:2;1:-;2:-;3:2;4:7;5:3;6:2;7:2;8:2;9:-,0:7;1:4;2:4;3:8;4:9;5:4;6:2;7:3|7;8:3;9:-,0@2=3;0@7=1;0@8=1;0@9=1;1@4=1;2@2=1;2@4=1;3@2=2;3@7=2;3@4=2;3@5=1;3@6=1;4@9=1;4@6=1;4@1=2;4@3=1;5@4=1;6@2=4;6@8=1;6@4=1;6@3=1;7@2=1;7@9=1;7@5=1;7@6=1;7@1=1;7@3=1;7@0=1;8@2=1;8@5=1;8@1=1;8@3=1,"2,7,8,9,4,5,6,1,3,0",41,32,32,0,1.0,-0.016950715255296123,0.8571428571428571,0.025906427601846686,0.0,0.0,0.8999999999999999,0.7855720520019531,Feasible|selected=greedy
852,851,14,6,8,"ADD:0,8;ADD:2,5;ADD:2,9;ADD:3,7;ADD:4,2;ADD:8,8;REMOVE:0,7;REMOVE:1,4;REMOVE:2,4;REMOVE:3,8;REMOVE:4,9;REMOVE:5,4;REMOVE:7,3;REMOVE:8,3",0:7;1:4;2:4;3:8;4:9;5:4;6:2;7:3|7;8:3;9:-,0:8;1:-;2:5|9;3:7;4:2;5:-;6:2;7:7;8:8;9:-,0@1=1;0@2=1;0@4=2;2@5=1;2@9=1;3@1=1;3@4=4;3@0=3;3@3=1;3@6=1;3@8=1;4@2=1;4@9=1;4@0=1;6@2=1;7@1=1;7@2=4;7@9=2;7@3=1;7@8=1;8@2=1;8@8=1,"1,2,4,5,9,0,3,6,8",32,22,22,0,1.0,0.2159832779085572,0.8,0.0159832779085571,0.0,0.0,0.6,0.4885540008544922,Feasible|selected=greedy
853,852,6,3,3,"ADD:4,7;ADD:5,4;ADD:8,2;REMOVE:2,5;REMOVE:4,2;REMOVE:8,8",0:8;1:-;2:5|9;3:7;4:2;5:-;6:2;7:7;8:8;9:-,0:8;1:-;2:9;3:7;4:7;5:4;6:2;7:7;8:2;9:-,0@1=1;0@2=1;0@4=3;0@5=1;2@9=1;3@1=1;3@2=2;3@4=2;3@0=1;3@3=1;3@6=1;3@8=1;4@4=1;4@0=1;4@8=2;5@2=1;5@4=1;6@2=1;6@4=1;6@3=1;7@1=2;7@2=3;7@0=1;7@7=1;8@2=1,"1,2,4,5,9,0,3,6,8,7",33,25,25,0,1.0,0.08988374186857268,0.375,0.014883741868572713,0.0,0.0,0.30000000000000004,0.49429988861083984,Feasible|selected=greedy
854,853,14,7,7,"ADD:0,9;ADD:2,3;ADD:4,2;ADD:5,0;ADD:6,1;ADD:7,8;ADD:8,5;REMOVE:0,8;REMOVE:2,9;REMOVE:4,7;REMOVE:5,4;REMOVE:6,2;REMOVE:7,7;REMOVE:8,2",0:8;1:-;2:9;3:7;4:7;5:4;6:2;7:7;8:2;9:-,0:9;1:-;2:3;3:7;4:2;5:0;6:1;7:8;8:5;9:-,0@2=1;0@6=2;2@3=1;3@3=2;3@1=1;3@4=2;3@8=1;3@9=1;4@2=2;4@0=1;5@0=1;6@1=1;7@1=2;7@4=2;7@5=2;7@7=2;8@5=1,"2,6,3,1,4,8,9,0,5,7",25,17,17,0,1.0,0.19857208240919388,0.875,0.02357208240919385,0.0,0.0,0.7,0.4004521369934082,Feasible|selected=greedy
855,854,13,5,8,"ADD:0,7;ADD:3,3;ADD:4,6;ADD:6,8;ADD:7,9;REMOVE:0,9;REMOVE:2,3;REMOVE:3,7;REMOVE:4,2;REMOVE:5,0;REMOVE:6,1;REMOVE:7,8;REMOVE:8,5",0:9;1:-;2:3;3:7;4:2;5:0;6:1;7:8;8:5;9:-,0:7;1:-;2:-;3:3;4:6;5:-;6:8;7:9;8:-;9:-,0@2=1;0@4=1;0@7=1;3@3=1;4@4=1;4@6=1;6@4=1;6@5=1;7@2=2;7@1=2,"2,4,7,3,6,5,1",12,10,10,0,1.0,0.5271659864945906,1.0,0.027165986494590587,0.0,0.0,0.5,0.3379700183868408,Feasible|selected=greedy
856,855,12,7,5,"ADD:0,8;ADD:2,3;ADD:3,8;ADD:4,1;ADD:5,9;ADD:6,7;ADD:7,7;REMOVE:0,7;REMOVE:3,3;REMOVE:4,6;REMOVE:6,8;REMOVE:7,9",0:7;1:-;2:-;3:3;4:6;5:-;6:8;7:9;8:-;9:-,0:8;1:-;2:3;3:8;4:1;5:9;6:7;7:7;8:-;9:-,0@8=1;2@3=1;3@1=1;3@5=1;4@1=1;5@9=1;6@7=1;7@8=1;7@1=1;7@0=1,"8,3,1,5,9,7,0",10,10,10,0,1.0,0.35097500270152304,1.0,0.05097500270152297,0.0,0.0,0.7,0.39774370193481445,Feasible|selected=greedy
857,856,14,9,5,"ADD:0,1;ADD:2,7;ADD:3,2;ADD:4,8;ADD:5,7;ADD:6,8;ADD:7,2;ADD:8,7;ADD:8,8;REMOVE:0,8;REMOVE:2,3;REMOVE:4,1;REMOVE:5,9;REMOVE:6,7",0:8;1:-;2:3;3:8;4:1;5:9;6:7;7:7;8:-;9:-,0:1;1:-;2:7;3:2|8;4:8;5:7;6:8;7:2|7;8:7|8;9:-,0@1=1;2@0=1;2@4=1;3@1=1;3@4=3;3@2=2;3@5=1;3@8=3;3@9=1;4@1=1;4@5=2;4@8=1;5@1=1;5@7=1;6@8=1;7@1=1;7@0=1;7@4=2;7@2=2;7@5=2;7@9=1;7@7=2;7@3=2;8@4=1;8@5=1;8@3=1;8@6=1,"1,0,4,2,5,8,9,7,3,6",38,27,27,0,1.0,-0.1522952175095197,0.7142857142857143,0.03341906820476595,0.0,0.0,0.8999999999999999,0.5100400447845459,Feasible|selected=greedy
858,857,15,7,8,"ADD:0,8;ADD:2,4;ADD:4,9;ADD:5,3;ADD:6,5;ADD:8,2;ADD:8,9;REMOVE:0,1;REMOVE:2,7;REMOVE:3,8;REMOVE:4,8;REMOVE:5,7;REMOVE:6,8;REMOVE:8,7;REMOVE:8,8",0:1;1:-;2:7;3:2|8;4:8;5:7;6:8;7:2|7;8:7|8;9:-,0:8;1:-;2:4;3:2;4:9;5:3;6:5;7:2|7;8:2|9;9:-,0@1=2;0@2=1;0@6=2;0@7=1;0@8=1;2@4=1;3@2=4;3@4=1;3@3=1;3@5=2;3@9=1;4@7=1;4@9=1;5@3=1;6@5=1;7@1=3;7@2=1;7@7=1;7@8=1;7@3=1;7@5=2;7@9=1;7@0=1;8@2=1;8@6=1;8@5=1;8@9=1;8@0=1,"1,2,6,7,8,4,3,5,9,0",37,28,28,0,1.0,0.06496212422910341,0.7272727272727273,0.03768939695637609,0.0,0.0,0.7,0.42331910133361816,Feasible|selected=greedy
859,858,14,7,7,"ADD:0,7;ADD:1,5;ADD:2,8;ADD:3,7;ADD:5,5;ADD:6,7;ADD:8,8;REMOVE:0,8;REMOVE:2,4;REMOVE:5,3;REMOVE:6,5;REMOVE:7,2;REMOVE:8,2;REMOVE:8,9",0:8;1:-;2:4;3:2;4:9;5:3;6:5;7:2|7;8:2|9;9:-,0:7;1:5;2:8;3:2|7;4:9;5:5;6:7;7:7;8:8;9:-,0@2=2;0@7=2;1@5=1;2@1=2;2@6=1;2@8=1;3@2=1;3@7=1;3@5=1;3@1=1;3@6=1;3@0=1;3@3=1;3@4=2;3@9=3;4@9=1;5@2=1;5@5=1;6@0=1;6@9=1;7@1=1;7@0=1;7@3=1;8@1=1;8@8=1;8@4=1,"2,7,5,1,6,8,0,3,4,9",32,26,26,0,1.0,0.027502155012429363,0.7,0.027502155012429412,0.0,0.0,0.7,0.4552319049835205,Feasible|selected=greedy
860,859,12,5,7,"ADD:0,8;ADD:0,9;ADD:5,3;ADD:6,9;ADD:8,6;REMOVE:0,7;REMOVE:1,5;REMOVE:3,2;REMOVE:4,9;REMOVE:5,5;REMOVE:6,7;REMOVE:8,8",0:7;1:5;2:8;3:2|7;4:9;5:5;6:7;7:7;8:8;9:-,0:8|9;1:-;2:8;3:7;4:-;5:3;6:9;7:7;8:6;9:-,0@8=1;0@9=1;2@1=1;2@4=2;3@1=1;3@4=2;3@0=1;3@2=5;3@3=4;3@7=2;5@3=1;6@1=1;6@2=2;7@1=2;7@2=1;7@7=1;8@6=1,"8,9,1,4,0,2,3,7,6",29,17,17,0,1.0,0.2239765558233,0.7,0.023976555823300064,0.0,0.0,0.5,0.3676331043243408,Feasible|selected=greedy
861,860,16,8,8,"ADD:1,9;ADD:2,7;ADD:3,8;ADD:5,7;ADD:6,2;ADD:7,2;ADD:7,8;ADD:8,4;REMOVE:0,8;REMOVE:0,9;REMOVE:2,8;REMOVE:3,7;REMOVE:5,3;REMOVE:6,9;REMOVE:7,7;REMOVE:8,6",0:8|9;1:-;2:8;3:7;4:-;5:3;6:9;7:7;8:6;9:-,0:-;1:9;2:7;3:8;4:-;5:7;6:2;7:2|8;8:4;9:-,1@9=1;2@1=1;2@3=1;2@4=2;3@1=2;3@2=1;3@5=1;3@6=1;3@7=1;5@1=2;5@3=1;5@4=3;5@2=2;5@6=2;5@7=4;5@0=1;6@9=1;6@2=1;6@5=1;6@8=1;7@1=1;7@4=2;7@2=2;7@5=1;7@0=1;7@8=1;8@4=1,"9,1,3,4,2,5,6,7,0,8",39,27,27,0,1.0,0.22857170517600778,1.0,0.028571705176007656,0.0,0.0,0.7999999999999999,0.5362639427185059,Feasible|selected=greedy
862,861,12,5,7,"ADD:2,8;ADD:3,9;ADD:4,8;ADD:5,5;ADD:8,2;REMOVE:1,9;REMOVE:2,7;REMOVE:3,8;REMOVE:5,7;REMOVE:6,2;REMOVE:7,2;REMOVE:8,4",0:-;1:9;2:7;3:8;4:-;5:7;6:2;7:2|8;8:4;9:-,0:-;1:-;2:8;3:9;4:8;5:5;6:-;7:8;8:2;9:-,2@1=1;2@8=1;3@1=1;3@7=1;3@9=3;4@8=1;4@2=1;5@5=1;7@2=2;7@5=1;7@4=1;7@6=1;8@2=2,"1,8,7,9,2,5,4,6",17,13,13,0,1.0,0.4192615581482668,0.875,0.04426155814826678,0.0,0.0,0.5,0.3500669002532959,Feasible|selected=greedy
863,862,9,6,3,"ADD:0,5;ADD:3,7;ADD:4,5;ADD:5,2;ADD:6,4;ADD:7,9;REMOVE:2,8;REMOVE:3,9;REMOVE:5,5",0:-;1:-;2:8;3:9;4:8;5:5;6:-;7:8;8:2;9:-,0:5;1:-;2:-;3:7;4:5|8;5:2;6:4;7:8|9;8:2;9:-,0@5=1;3@2=1;3@3=1;3@6=1;3@7=1;4@5=1;4@2=1;4@0=1;4@1=1;5@2=1;6@4=1;7@2=1;7@1=1;7@8=1;7@9=1;8@2=1;8@0=1;8@4=1,"5,2,3,6,7,0,1,4,8,9",18,18,18,0,1.0,-0.05714505061842767,0.5,0.04285494938157232,0.0,0.0,0.6,0.4163780212402344,Feasible|selected=greedy
864,863,16,8,8,"ADD:0,2;ADD:1,7;ADD:2,9;ADD:3,8;ADD:4,7;ADD:6,9;ADD:7,7;ADD:8,6;REMOVE:0,5;REMOVE:3,7;REMOVE:4,5;REMOVE:4,8;REMOVE:5,2;REMOVE:6,4;REMOVE:7,9;REMOVE:8,2",0:5;1:-;2:-;3:7;4:5|8;5:2;6:4;7:8|9;8:2;9:-,0:2;1:7;2:9;3:8;4:7;5:-;6:9;7:7|8;8:6;9:-,0@2=2;0@3=1;0@4=1;1@2=1;1@6=1;1@7=2;2@2=1;2@9=1;3@2=1;3@6=1;3@5=1;3@8=2;4@3=1;4@4=1;4@1=1;6@3=1;6@9=1;7@2=2;7@4=1;7@6=1;7@9=1;7@5=1;7@8=1;7@1=1;8@4=1;8@6=1;8@9=1,"2,3,4,6,7,9,5,8,1",31,27,27,0,1.0,0.12059423186493312,0.8888888888888888,0.03170534297604424,0.0,0.0,0.7999999999999999,0.4974038600921631,Feasible|selected=greedy
865,864,14,9,5,"ADD:0,7;ADD:2,7;ADD:2,8;ADD:3,4;ADD:4,3;ADD:5,8;ADD:6,7;ADD:6,8;ADD:8,8;REMOVE:0,2;REMOVE:2,9;REMOVE:3,8;REMOVE:6,9;REMOVE:8,6",0:2;1:7;2:9;3:8;4:7;5:-;6:9;7:7|8;8:6;9:-,0:7;1:7;2:7|8;3:4;4:3|7;5:8;6:7|8;7:7|8;8:8;9:-,0@0=2;0@2=2;0@4=1;0@6=1;0@8=1;0@9=1;1@0=1;1@2=1;1@4=1;1@8=2;1@3=1;1@7=1;2@2=3;2@4=3;2@6=1;2@9=1;2@7=1;2@1=2;2@5=4;3@2=3;3@4=1;4@4=2;4@3=2;4@7=1;4@1=1;4@5=1;5@2=2;5@4=1;5@1=2;6@0=1;6@4=4;6@1=1;6@5=1;7@0=1;7@4=3;7@6=2;7@9=1;7@1=1;7@5=2;8@4=1;8@8=1,"0,2,4,6,8,9,3,7,1,5",65,41,41,0,1.0,-0.3334906153085061,0.5555555555555556,0.01095382913593821,0.0,0.0,0.8999999999999999,0.5914740562438965,Feasible|selected=greedy
866,865,11,5,6,"ADD:1,8;ADD:3,6;ADD:5,9;ADD:6,2;ADD:8,7;REMOVE:3,4;REMOVE:4,3;REMOVE:5,8;REMOVE:6,8;REMOVE:7,8;REMOVE:8,8",0:7;1:7;2:7|8;3:4;4:3|7;5:8;6:7|8;7:7|8;8:8;9:-,0:7;1:7|8;2:7|8;3:6;4:7;5:9;6:2|7;7:7;8:7;9:-,0@0=2;0@1=1;0@2=2;0@4=1;0@7=1;0@8=1;1@0=1;1@1=2;1@4=1;1@7=1;1@8=1;1@3=1;1@5=1;2@0=1;2@1=1;2@2=1;2@4=4;2@7=1;2@8=1;2@5=1;2@6=1;2@9=1;3@1=1;3@6=1;4@0=2;4@1=2;4@2=1;4@4=1;4@7=1;4@8=2;4@3=2;5@2=1;5@6=1;6@0=1;6@1=1;6@2=1;6@7=1;6@8=3;6@3=1;6@5=1;6@6=1;6@9=2;7@0=2;7@1=2;7@2=1;7@4=4;7@8=1;7@3=1;7@6=1;7@9=1;8@0=1;8@3=2,"0,1,2,4,7,8,3,5,6,9",71,52,52,0,1.0,-0.025526300762061527,0.46153846153846156,0.012935237699476927,0.0,0.0,0.5,0.6056630611419678,Feasible|selected=greedy
867,866,10,4,6,"ADD:3,7;ADD:5,7;ADD:7,2;ADD:8,8;REMOVE:1,8;REMOVE:2,7;REMOVE:3,6;REMOVE:5,9;REMOVE:6,2;REMOVE:8,7",0:7;1:7|8;2:7|8;3:6;4:7;5:9;6:2|7;7:7;8:7;9:-,0:7;1:7;2:8;3:7;4:7;5:7;6:7;7:2|7;8:8;9:-,0@0=2;0@1=1;0@2=2;0@3=2;0@4=3;0@9=1;1@0=1;1@4=2;1@7=1;1@8=1;2@4=1;2@8=1;2@6=1;3@0=1;3@3=1;3@8=1;4@3=1;4@4=4;4@8=1;5@3=1;5@4=1;5@6=1;6@0=1;6@1=2;6@2=1;6@3=1;6@4=1;7@0=1;7@2=2;7@7=1;7@6=1;7@5=1;8@1=1;8@4=1;8@5=1,"0,1,2,3,4,9,7,8,6,5",46,35,35,0,1.0,0.11115244880934827,0.5,0.011152448809348334,0.0,0.0,0.4,0.5422251224517822,Feasible|selected=greedy
868,867,12,7,5,"ADD:0,8;ADD:1,8;ADD:2,5;ADD:2,7;ADD:3,2;ADD:4,2;ADD:8,9;REMOVE:1,7;REMOVE:2,8;REMOVE:3,7;REMOVE:4,7;REMOVE:7,7",0:7;1:7;2:8;3:7;4:7;5:7;6:7;7:2|7;8:8;9:-,0:7|8;1:8;2:5|7;3:2;4:2;5:7;6:7;7:2;8:8|9;9:-,0@0=2;0@1=2;0@2=1;0@4=2;0@5=1;0@7=1;0@8=1;1@1=1;1@2=1;1@4=4;1@5=1;1@8=1;2@0=1;2@1=1;2@2=3;2@5=2;2@3=1;2@6=1;3@2=1;3@4=1;3@3=1;4@0=1;4@2=1;4@4=2;4@5=1;4@9=1;5@4=1;5@3=1;6@1=1;6@2=2;6@4=2;6@3=1;7@0=1;7@2=1;7@4=1;7@8=1;8@8=1;8@9=1,"0,1,2,4,5,7,8,3,6,9",50,38,38,0,1.0,-0.1804225154841782,0.5,0.01957748451582175,0.0,0.0,0.7,0.5532510280609131,Feasible|selected=greedy
869,868,19,8,11,"ADD:1,2;ADD:2,8;ADD:3,8;ADD:4,9;ADD:5,8;ADD:6,8;ADD:7,8;ADD:8,7;REMOVE:0,8;REMOVE:1,8;REMOVE:2,5;REMOVE:2,7;REMOVE:3,2;REMOVE:4,2;REMOVE:5,7;REMOVE:6,7;REMOVE:7,2;REMOVE:8,8;REMOVE:8,9",0:7|8;1:8;2:5|7;3:2;4:2;5:7;6:7;7:2;8:8|9;9:-,0:7;1:2;2:8;3:8;4:9;5:8;6:8;7:8;8:7;9:-,0@2=2;0@3=1;0@7=1;0@8=1;1@2=2;1@0=1;1@4=3;1@5=1;2@2=1;2@4=4;2@5=1;2@1=2;3@2=1;3@4=1;3@1=1;4@1=2;4@9=1;5@8=1;6@2=1;6@5=2;6@6=1;7@2=2;7@4=3;7@5=2;7@6=1;8@4=1;8@9=1,"2,3,7,8,0,4,5,1,9,6",41,27,27,0,1.0,0.12884613448772597,0.9166666666666666,0.012179467821059326,0.0,0.0,0.7999999999999999,0.46756792068481445,Feasible|selected=greedy
870,869,13,7,6,"ADD:0,2;ADD:1,6;ADD:2,7;ADD:3,6;ADD:4,8;ADD:6,7;ADD:7,7;REMOVE:0,7;REMOVE:1,2;REMOVE:3,8;REMOVE:5,8;REMOVE:6,8;REMOVE:7,8",0:7;1:2;2:8;3:8;4:9;5:8;6:8;7:8;8:7;9:-,0:2;1:6;2:7|8;3:6;4:8|9;5:-;6:7;7:7;8:7;9:-,0@0=1;0@2=5;0@4=3;0@8=1;0@9=1;1@6=1;2@2=2;2@4=1;2@8=1;2@6=1;2@1=1;2@3=1;2@5=1;3@4=1;3@8=1;3@9=1;3@6=1;4@2=1;4@8=1;4@9=1;4@6=2;4@1=2;6@2=1;6@4=1;6@8=1;6@1=1;6@3=2;7@0=1;7@4=1;7@9=1;8@0=1;8@9=1;8@1=1;8@7=2,"0,2,4,8,9,6,1,3,5,7",45,34,34,0,1.0,-0.005887445813762215,0.6666666666666666,0.02744588751957115,0.0,0.0,0.7,0.5259678363800049,Feasible|selected=greedy
871,870,13,7,6,"ADD:0,7;ADD:1,7;ADD:3,7;ADD:4,2;ADD:4,7;ADD:5,6;ADD:6,2;REMOVE:1,6;REMOVE:2,7;REMOVE:2,8;REMOVE:3,6;REMOVE:4,8;REMOVE:4,9",0:2;1:6;2:7|8;3:6;4:8|9;5:-;6:7;7:7;8:7;9:-,0:2|7;1:7;2:-;3:7;4:2|7;5:6;6:2|7;7:7;8:7;9:-,0@0=1;0@2=4;0@4=2;0@5=1;0@6=2;0@7=1;0@8=1;0@9=1;1@0=1;1@4=1;1@9=1;3@0=1;3@9=2;3@1=1;4@0=1;4@2=2;4@4=2;4@5=1;4@7=1;4@8=3;4@9=2;4@1=2;5@4=1;5@6=1;6@0=1;6@2=2;6@4=2;6@5=2;6@7=1;6@1=3;7@0=1;7@2=2;7@4=1;7@7=2;7@8=1;7@1=2;8@0=1;8@2=1;8@9=1;8@1=1,"0,2,4,5,6,7,8,9,1",60,40,40,0,1.0,-0.07768639290671231,0.6,0.022313607093287675,0.0,0.0,0.7,0.5680530071258545,Feasible|selected=greedy
872,871,14,8,6,"ADD:1,2;ADD:2,7;ADD:2,8;ADD:4,8;ADD:5,5;ADD:5,8;ADD:6,3;ADD:7,8;REMOVE:0,2;REMOVE:1,7;REMOVE:4,2;REMOVE:4,7;REMOVE:5,6;REMOVE:6,7",0:2|7;1:7;2:-;3:7;4:2|7;5:6;6:2|7;7:7;8:7;9:-,0:7;1:2;2:7|8;3:7;4:8;5:5|8;6:2|3;7:7|8;8:7;9:-,0@0=1;0@1=2;0@2=3;0@3=1;0@4=1;0@6=1;0@7=1;0@9=2;1@2=1;1@3=1;1@4=1;1@9=1;1@5=1;2@0=2;2@1=2;2@2=1;2@3=2;2@4=2;2@6=1;2@7=2;2@5=1;2@8=2;3@2=1;3@4=1;3@7=2;3@9=1;4@1=2;4@2=2;4@4=1;4@6=1;4@7=2;4@8=1;5@3=1;5@6=1;5@5=1;5@8=1;6@1=2;6@2=2;6@3=2;6@4=1;6@9=2;6@5=1;7@0=1;7@1=1;7@2=2;7@7=1;7@5=1;7@8=2;8@3=1;8@4=1;8@9=1;8@8=2,"0,1,2,3,4,6,7,9,5,8",73,52,52,0,1.0,-0.22922563423844733,0.5454545454545454,0.02531982030700722,0.0,0.0,0.7999999999999999,0.6324539184570312,Feasible|selected=greedy
873,872,18,7,11,"ADD:1,7;ADD:3,6;ADD:4,7;ADD:5,2;ADD:6,7;ADD:7,9;ADD:8,9;REMOVE:1,2;REMOVE:2,8;REMOVE:3,7;REMOVE:4,8;REMOVE:5,5;REMOVE:5,8;REMOVE:6,2;REMOVE:6,3;REMOVE:7,7;REMOVE:7,8;REMOVE:8,7",0:7;1:2;2:7|8;3:7;4:8;5:5|8;6:2|3;7:7|8;8:7;9:-,0:7;1:7;2:7;3:6;4:7;5:2;6:7;7:9;8:9;9:-,0@1=1;0@2=1;0@3=2;0@7=4;0@8=3;0@9=1;1@1=1;1@7=1;1@8=1;1@9=1;1@0=2;2@1=2;2@2=3;2@8=1;2@9=1;2@0=2;2@4=2;3@6=1;4@2=3;4@7=2;4@9=1;4@4=1;5@2=2;5@8=1;5@9=1;5@4=1;6@1=1;6@2=3;6@9=1;6@0=1;6@4=1;7@2=2;7@3=1;7@6=3;8@1=1;8@2=3;8@6=1,"1,2,3,7,8,9,0,4,6",60,37,37,0,1.0,0.16261031356342714,0.8461538461538461,0.016456467409580997,0.0,0.0,0.7,0.6080667972564697,Feasible|selected=greedy
874,873,10,5,5,"ADD:3,4;ADD:4,8;ADD:5,7;ADD:7,2;ADD:7,7;REMOVE:3,6;REMOVE:4,7;REMOVE:5,2;REMOVE:7,9;REMOVE:8,9",0:7;1:7;2:7;3:6;4:7;5:2;6:7;7:9;8:9;9:-,0:7;1:7;2:7;3:4;4:8;5:7;6:7;7:2|7;8:-;9:-,0@0=3;0@1=3;0@2=2;0@3=1;0@4=2;0@6=2;0@8=2;1@0=1;1@1=1;1@2=1;1@4=1;1@8=1;2@1=1;2@2=3;2@3=2;2@4=2;3@4=1;4@1=2;4@2=1;4@4=3;4@8=1;4@5=2;5@0=1;5@4=2;5@8=2;5@7=1;6@0=1;6@1=1;6@2=1;6@4=4;7@0=1;7@1=1;7@2=2;7@4=1;7@5=2;7@7=1,"0,1,2,3,4,6,8,5,7",59,36,36,0,1.0,0.06633208746444885,0.5555555555555556,0.01077653190889329,0.0,0.0,0.5,0.7246699333190918,Feasible|selected=greedy
875,874,15,8,7,"ADD:0,5;ADD:1,2;ADD:2,2;ADD:3,8;ADD:4,5;ADD:5,9;ADD:6,2;ADD:8,7;REMOVE:0,7;REMOVE:2,7;REMOVE:3,4;REMOVE:4,8;REMOVE:5,7;REMOVE:6,7;REMOVE:7,7",0:7;1:7;2:7;3:4;4:8;5:7;6:7;7:2|7;8:-;9:-,0:5;1:2|7;2:2;3:8;4:5;5:9;6:2;7:2;8:7;9:-,0@0=1;0@5=1;1@0=1;1@5=1;1@1=1;1@2=2;1@3=1;1@4=2;1@7=1;2@0=1;2@5=1;2@3=1;2@4=2;3@1=1;3@2=1;3@4=1;4@5=1;4@2=1;4@3=1;4@8=1;5@9=1;6@0=2;6@2=1;6@4=3;6@9=1;7@5=1;7@2=1;7@3=1;7@4=2;7@7=2;8@2=1;8@4=1;8@7=2,"0,5,1,2,3,4,7,8,9",42,33,33,0,1.0,0.000683721045424468,0.7777777777777778,0.02290594326764663,0.0,0.0,0.7999999999999999,0.6678740978240967,Feasible|selected=greedy
876,875,15,7,8,"ADD:0,8;ADD:1,9;ADD:2,8;ADD:3,6;ADD:4,9;ADD:6,8;ADD:7,8;REMOVE:0,5;REMOVE:1,2;REMOVE:1,7;REMOVE:2,2;REMOVE:3,8;REMOVE:4,5;REMOVE:6,2;REMOVE:7,2",0:5;1:2|7;2:2;3:8;4:5;5:9;6:2;7:2;8:7;9:-,0:8;1:9;2:8;3:6;4:9;5:9;6:8;7:8;8:7;9:-,0@2=2;0@8=1;1@2=1;1@6=1;2@2=1;2@6=1;2@4=2;2@5=1;2@7=1;3@6=1;4@6=1;4@9=1;5@2=1;5@1=1;6@6=1;6@4=1;6@5=1;7@2=1;7@6=1;7@5=1;8@2=1;8@4=1;8@7=1,"2,8,6,4,5,7,9,1",25,23,23,0,1.0,0.1162308258464857,0.8,0.01623082584648558,0.0,0.0,0.7,0.428051233291626,Feasible|selected=greedy
877,876,18,9,9,"ADD:0,4;ADD:1,2;ADD:2,7;ADD:3,4;ADD:4,8;ADD:5,8;ADD:6,2;ADD:7,5;ADD:8,1;REMOVE:0,8;REMOVE:1,9;REMOVE:2,8;REMOVE:3,6;REMOVE:4,9;REMOVE:5,9;REMOVE:6,8;REMOVE:7,8;REMOVE:8,7",0:8;1:9;2:8;3:6;4:9;5:9;6:8;7:8;8:7;9:-,0:4;1:2;2:7;3:4;4:8;5:8;6:2;7:5;8:1;9:-,0@4=1;1@4=1;1@5=1;1@7=1;1@9=1;2@4=1;2@0=1;2@1=1;2@2=2;2@3=1;3@4=1;3@2=1;4@4=3;4@2=1;4@8=1;5@4=1;5@8=1;6@2=1;7@5=1;7@0=1;7@2=4;8@1=2,"4,5,7,9,0,1,2,3,8",29,22,22,0,1.0,0.12550690253926278,1.0,0.025506902539262636,0.0,0.0,0.8999999999999999,0.5367920398712158,Feasible|selected=greedy
878,877,16,9,7,"ADD:0,7;ADD:0,8;ADD:3,8;ADD:4,2;ADD:4,9;ADD:6,8;ADD:7,3;ADD:7,7;ADD:8,7;REMOVE:0,4;REMOVE:1,2;REMOVE:3,4;REMOVE:4,8;REMOVE:6,2;REMOVE:7,5;REMOVE:8,1",0:4;1:2;2:7;3:4;4:8;5:8;6:2;7:5;8:1;9:-,0:7|8;1:-;2:7;3:8;4:2|9;5:8;6:8;7:3|7;8:7;9:-,0@0=2;0@1=1;0@4=1;0@5=2;0@6=1;0@9=1;2@0=1;2@1=1;2@4=2;2@2=1;3@8=1;4@1=3;4@4=2;4@5=1;4@9=1;4@2=1;5@1=1;5@5=1;6@1=1;6@4=1;6@2=2;7@0=1;7@1=1;7@4=2;7@5=4;7@3=1;7@7=1;8@0=1;8@4=2;8@6=1;8@7=1,"0,1,4,5,6,9,2,8,3,7",43,31,31,0,1.0,-0.10781347086154391,0.7777777777777778,0.014408751360678151,0.0,0.0,0.8999999999999999,0.5392091274261475,Feasible|selected=greedy
879,878,15,7,8,"ADD:1,7;ADD:2,8;ADD:3,4;ADD:4,7;ADD:5,2;ADD:7,8;ADD:8,9;REMOVE:0,8;REMOVE:2,7;REMOVE:3,8;REMOVE:4,2;REMOVE:4,9;REMOVE:5,8;REMOVE:7,3;REMOVE:8,7",0:7|8;1:-;2:7;3:8;4:2|9;5:8;6:8;7:3|7;8:7;9:-,0:7;1:7;2:8;3:4;4:7;5:2;6:8;7:7|8;8:9;9:-,0@0=2;0@2=2;0@3=3;0@4=1;0@7=2;0@9=1;1@4=2;1@9=1;1@1=2;2@2=1;2@4=2;2@1=4;3@2=2;3@4=2;4@0=2;4@2=1;4@3=1;4@4=3;4@7=1;4@9=1;4@1=1;5@2=1;5@7=1;5@5=1;6@2=4;6@7=1;6@1=1;6@6=1;6@8=1;7@0=1;7@2=1;7@4=2;7@7=1;7@1=2;7@5=1;7@6=1;8@2=1;8@6=1,"0,2,3,4,7,9,1,5,6,8",59,38,38,0,1.0,0.040814727147065355,0.7272727272727273,0.013541999874338054,0.0,0.0,0.7,0.5148930549621582,Feasible|selected=greedy
880,879,11,6,5,"ADD:1,2;ADD:3,8;ADD:5,4;ADD:7,2;ADD:8,7;ADD:8,8;REMOVE:3,4;REMOVE:5,2;REMOVE:7,7;REMOVE:7,8;REMOVE:8,9",0:7;1:7;2:8;3:4;4:7;5:2;6:8;7:7|8;8:9;9:-,0:7;1:2|7;2:8;3:8;4:7;5:4;6:8;7:2;8:7|8;9:-,0@2=1;0@3=1;0@4=4;0@7=1;0@9=1;1@2=2;1@3=1;1@4=2;1@9=1;1@0=2;1@1=1;1@5=2;2@7=2;2@1=2;2@5=1;2@6=1;2@8=2;3@2=1;3@4=1;3@1=1;4@2=2;4@4=1;4@0=2;4@1=2;4@8=1;5@4=2;6@2=1;6@4=2;6@7=1;6@1=1;6@6=1;6@8=3;7@2=3;7@3=1;7@4=2;7@0=1;7@5=1;8@2=3;8@7=1;8@0=2;8@1=2;8@5=1;8@6=1,"2,3,4,7,9,0,1,5,6,8",67,43,43,0,1.0,-0.07847359720192582,0.5,0.021526402798074194,0.0,0.0,0.6,0.545166015625,Feasible|selected=greedy
881,880,23,12,11,"ADD:0,8;ADD:1,3;ADD:2,2;ADD:2,7;ADD:3,9;ADD:4,2;ADD:4,3;ADD:5,8;ADD:6,2;ADD:6,7;ADD:7,3;ADD:8,2;REMOVE:0,7;REMOVE:1,2;REMOVE:1,7;REMOVE:2,8;REMOVE:3,8;REMOVE:4,7;REMOVE:5,4;REMOVE:6,8;REMOVE:7,2;REMOVE:8,7;REMOVE:8,8",0:7;1:2|7;2:8;3:8;4:7;5:4;6:8;7:2;8:7|8;9:-,0:8;1:3;2:2|7;3:9;4:2|3;5:8;6:2|7;7:3;8:2;9:-,0@1=3;0@2=3;0@5=1;0@6=2;0@8=2;1@1=3;1@2=1;1@5=1;1@9=2;2@1=4;2@5=1;2@9=1;2@0=3;2@4=2;3@9=1;4@1=1;4@2=1;4@5=1;4@9=1;4@4=2;4@3=2;5@1=1;5@8=1;5@4=2;6@1=2;6@2=3;6@5=1;6@0=1;6@4=1;6@7=2;7@5=1;7@9=1;7@7=3;8@2=1;8@5=1;8@9=1;8@4=1,"1,2,5,6,8,9,0,4,3,7",61,37,37,0,1.0,-0.17746342294475026,1.0,0.02253657705524972,0.0,0.0,1.2,0.6300468444824219,Feasible|selected=greedy
882,881,15,7,8,"ADD:0,7;ADD:1,8;ADD:3,5;ADD:4,9;ADD:5,9;ADD:7,7;ADD:8,9;REMOVE:1,3;REMOVE:2,7;REMOVE:3,9;REMOVE:4,3;REMOVE:5,8;REMOVE:6,7;REMOVE:7,3;REMOVE:8,2",0:8;1:3;2:2|7;3:9;4:2|3;5:8;6:2|7;7:3;8:2;9:-,0:7|8;1:8;2:2;3:5;4:2|9;5:9;6:2;7:7;8:9;9:-,0@0=1;0@3=1;0@4=4;0@5=4;0@6=1;0@8=1;1@4=1;1@5=1;1@6=2;2@3=1;2@4=1;2@2=2;2@7=1;2@9=1;3@5=1;4@4=1;4@5=2;4@2=1;4@9=2;4@1=1;5@9=1;5@1=1;6@0=1;6@4=2;6@5=1;6@2=2;6@7=1;7@4=1;7@2=2;7@9=1;7@1=1;8@3=1;8@6=1;8@9=1;8@1=2,"0,3,4,5,6,8,2,7,9,1",49,35,35,0,1.0,-0.012000586529280488,0.6666666666666666,0.021332746804052814,0.0,0.0,0.7,0.7161509990692139,Feasible|selected=greedy
883,882,17,8,9,"ADD:0,2;ADD:1,7;ADD:2,7;ADD:3,4;ADD:4,8;ADD:5,7;ADD:6,7;ADD:7,8;REMOVE:0,7;REMOVE:0,8;REMOVE:2,2;REMOVE:3,5;REMOVE:4,2;REMOVE:4,9;REMOVE:5,9;REMOVE:7,7;REMOVE:8,9",0:7|8;1:8;2:2;3:5;4:2|9;5:9;6:2;7:7;8:9;9:-,0:2;1:7|8;2:7;3:4;4:8;5:7;6:2|7;7:8;8:-;9:-,0@0=1;0@2=3;0@4=1;0@5=1;0@9=1;1@4=1;1@5=1;1@3=1;1@6=1;2@0=1;2@2=1;2@4=2;2@6=1;2@7=1;3@2=1;3@4=2;4@2=1;4@5=1;4@6=1;5@7=1;6@2=1;6@4=2;6@5=1;6@9=1;6@6=1;6@7=2;7@1=1;7@8=1,"0,2,4,5,9,3,6,7,1,8",34,28,28,0,1.0,0.051543795876475285,0.8181818181818182,0.033361977694656965,0.0,0.0,0.7999999999999999,0.6001646518707275,Feasible|selected=greedy
884,883,18,9,9,"ADD:0,7;ADD:0,8;ADD:1,6;ADD:2,2;ADD:3,8;ADD:4,7;ADD:5,9;ADD:7,7;ADD:8,2;REMOVE:0,2;REMOVE:1,7;REMOVE:1,8;REMOVE:2,7;REMOVE:3,4;REMOVE:4,8;REMOVE:5,7;REMOVE:6,2;REMOVE:7,8",0:2;1:7|8;2:7;3:4;4:8;5:7;6:2|7;7:8;8:-;9:-,0:7|8;1:6;2:2;3:8;4:7;5:9;6:7;7:7;8:2;9:-,0@1=1;0@4=2;0@5=1;0@8=1;0@9=1;1@1=1;1@4=2;1@9=1;1@6=1;2@4=1;2@5=1;2@0=1;2@2=3;3@1=2;3@4=1;3@2=1;4@8=2;4@9=1;4@2=2;4@7=1;5@1=1;5@2=2;6@1=3;6@4=1;6@6=1;6@7=1;7@1=1;7@8=1;7@9=1;7@0=1;7@2=1;8@2=1,"1,4,5,8,9,6,0,2,7",42,32,32,0,1.0,0.019761009174471322,0.9,0.0197610091744712,0.0,0.0,0.8999999999999999,0.6430380344390869,Feasible|selected=greedy
885,884,7,4,3,"ADD:0,2;ADD:1,7;ADD:2,8;ADD:5,7;REMOVE:0,8;REMOVE:1,6;REMOVE:5,9",0:7|8;1:6;2:2;3:8;4:7;5:9;6:7;7:7;8:2;9:-,0:2|7;1:7;2:2|8;3:8;4:7;5:7;6:7;7:7;8:2;9:-,0@0=1;0@1=1;0@2=1;0@3=1;0@4=3;0@5=1;1@1=1;1@7=1;2@0=1;2@1=1;2@2=1;2@4=2;2@5=1;2@8=1;3@1=1;3@2=1;3@4=2;3@7=1;3@8=1;4@2=2;4@4=2;4@7=1;4@9=1;5@0=1;5@3=1;5@4=1;6@1=1;6@2=1;6@3=2;6@4=3;6@8=1;6@6=2;7@3=1;7@4=1;7@6=3;8@0=1;8@2=2;8@4=2;8@5=1,"0,1,2,3,4,5,7,8,9,6",53,39,39,0,1.0,-0.08541709561370392,0.3,0.014582904386296135,0.0,0.0,0.4,0.656013011932373,Feasible|selected=greedy
886,885,12,7,5,"ADD:1,9;ADD:2,7;ADD:5,8;ADD:6,8;ADD:7,8;ADD:8,3;ADD:8,7;REMOVE:0,2;REMOVE:1,7;REMOVE:2,8;REMOVE:5,7;REMOVE:8,2",0:2|7;1:7;2:2|8;3:8;4:7;5:7;6:7;7:7;8:2;9:-,0:7;1:9;2:2|7;3:8;4:7;5:8;6:7|8;7:7|8;8:3|7;9:-,0@1=1;0@2=2;0@3=1;0@4=3;0@6=1;0@9=2;1@2=1;1@6=1;1@9=1;2@1=1;2@2=4;2@3=3;2@4=3;2@6=1;2@9=1;2@0=1;2@5=1;2@8=1;3@2=3;3@8=1;3@7=1;4@1=1;4@2=1;4@3=1;4@4=1;5@6=2;5@8=2;5@7=1;6@1=2;6@2=4;6@4=2;6@6=1;6@0=1;6@5=2;6@8=1;6@7=2;7@1=2;7@2=1;7@3=2;7@4=1;7@6=4;7@5=1;8@1=1;8@2=1;8@3=1;8@4=1;8@5=1;8@7=1,"1,2,3,4,6,9,0,5,8,7",75,48,48,0,1.0,-0.22922521902196014,0.45454545454545453,0.016229326432585286,0.0,0.0,0.7,0.6233580112457275,Feasible|selected=greedy
887,886,15,6,9,"ADD:1,7;ADD:3,7;ADD:4,2;ADD:5,7;ADD:6,2;ADD:8,2;REMOVE:1,9;REMOVE:2,2;REMOVE:3,8;REMOVE:4,7;REMOVE:5,8;REMOVE:6,7;REMOVE:6,8;REMOVE:8,3;REMOVE:8,7",0:7;1:9;2:2|7;3:8;4:7;5:8;6:7|8;7:7|8;8:3|7;9:-,0:7;1:7;2:7;3:7;4:2;5:7;6:2;7:7|8;8:2;9:-,0@0=2;0@2=4;0@3=1;0@4=3;0@6=1;0@8=3;0@9=2;1@2=1;1@3=2;1@4=1;1@6=1;1@1=1;2@2=1;2@4=1;2@9=1;2@1=4;3@4=1;3@7=1;4@2=1;4@4=1;4@9=1;4@5=1;5@4=1;5@7=1;6@2=1;6@3=2;6@4=1;6@9=1;7@3=1;7@4=2;7@6=1;7@8=1;7@9=2;7@1=1;7@5=1;8@0=1;8@2=1;8@4=1;8@8=1,"0,2,3,4,6,8,9,1,7,5",55,39,39,0,1.0,0.10221451510528623,0.6923076923076923,0.009906822797593896,0.0,0.0,0.6,0.5291471481323242,Feasible|selected=greedy
888,887,18,10,8,"ADD:0,2;ADD:0,8;ADD:1,2;ADD:2,3;ADD:3,9;ADD:4,5;ADD:5,4;ADD:6,3;ADD:6,7;ADD:8,8;REMOVE:0,7;REMOVE:1,7;REMOVE:2,7;REMOVE:3,7;REMOVE:4,2;REMOVE:5,7;REMOVE:6,2;REMOVE:8,2",0:7;1:7;2:7;3:7;4:2;5:7;6:2;7:7|8;8:2;9:-,0:2|8;1:2;2:3;3:9;4:5;5:4;6:3|7;7:7|8;8:8;9:-,0@0=1;0@2=1;0@5=1;0@6=1;0@8=1;0@9=1;1@2=1;2@2=1;2@1=1;2@3=1;3@2=1;3@6=1;3@1=1;4@0=2;4@2=1;4@5=1;5@2=1;5@4=1;6@5=1;6@9=1;6@1=1;6@3=1;6@4=1;6@7=1;7@2=2;7@5=1;7@6=1;7@1=1;7@3=1;7@4=3;8@5=1;8@1=1,"0,2,5,6,8,9,1,3,4,7",36,32,32,0,1.0,-0.1797617238818463,0.8,0.020238276118153493,0.0,0.0,0.9999999999999999,0.5795137882232666,Feasible|selected=greedy
889,888,17,7,10,"ADD:0,7;ADD:1,7;ADD:1,8;ADD:2,8;ADD:3,7;ADD:4,2;ADD:8,6;REMOVE:0,2;REMOVE:0,8;REMOVE:1,2;REMOVE:2,3;REMOVE:3,9;REMOVE:4,5;REMOVE:5,4;REMOVE:6,3;REMOVE:7,8;REMOVE:8,8",0:2|8;1:2;2:3;3:9;4:5;5:4;6:3|7;7:7|8;8:8;9:-,0:7;1:7|8;2:8;3:7;4:2;5:-;6:7;7:7;8:6;9:-,0@0=1;0@2=2;0@6=1;0@8=1;1@6=1;1@1=1;1@3=1;1@4=1;1@5=1;2@2=3;2@8=1;2@1=1;2@4=1;2@5=1;3@2=1;3@6=1;3@3=1;3@4=1;3@9=1;4@4=1;4@5=1;4@9=1;4@7=1;6@2=1;6@1=1;6@3=1;6@4=3;6@9=2;6@7=1;7@2=1;7@6=1;7@1=1;7@4=1;7@9=1;8@6=1,"0,2,6,8,1,3,4,5,9,7",41,35,35,0,1.0,0.14070540370398255,0.8333333333333334,0.007372070370649178,0.0,0.0,0.7,0.5595619678497314,Feasible|selected=greedy
890,889,14,7,7,"ADD:0,8;ADD:1,4;ADD:4,7;ADD:5,8;ADD:6,8;ADD:7,5;ADD:8,9;REMOVE:0,7;REMOVE:1,7;REMOVE:1,8;REMOVE:4,2;REMOVE:6,7;REMOVE:7,7;REMOVE:8,6",0:7;1:7|8;2:8;3:7;4:2;5:-;6:7;7:7;8:6;9:-,0:8;1:4;2:8;3:7;4:7;5:8;6:8;7:5;8:9;9:-,0@4=1;0@5=1;1@4=1;2@5=1;2@1=2;2@6=1;3@1=1;3@7=1;4@1=2;4@6=1;4@0=1;5@8=1;6@1=1;6@8=1;6@2=1;7@5=1;8@1=2;8@2=3;8@9=1,"4,5,1,6,7,0,8,2,9",24,19,19,0,1.0,0.10238843765858519,0.7777777777777778,0.024610659880807313,0.0,0.0,0.7,0.5274128913879395,Feasible|selected=greedy
891,890,16,8,8,"ADD:0,2;ADD:1,7;ADD:2,5;ADD:3,6;ADD:4,8;ADD:5,4;ADD:6,2;ADD:7,8;REMOVE:1,4;REMOVE:2,8;REMOVE:3,7;REMOVE:4,7;REMOVE:5,8;REMOVE:6,8;REMOVE:7,5;REMOVE:8,9",0:8;1:4;2:8;3:7;4:7;5:8;6:8;7:5;8:9;9:-,0:2|8;1:7;2:5;3:6;4:8;5:4;6:2;7:8;8:-;9:-,0@0=1;0@1=2;0@2=1;0@4=1;0@5=2;1@0=1;1@1=1;1@4=1;1@8=1;2@5=1;3@6=1;4@2=1;4@8=1;5@4=2;6@2=1;6@4=1;6@5=1;7@1=1;7@2=2;7@8=1,"0,1,2,4,5,8,6",24,20,20,0,1.0,0.12180481084318007,0.8888888888888888,0.03291592195429121,0.0,0.0,0.7999999999999999,0.434218168258667,Feasible|selected=greedy
892,891,18,10,8,"ADD:0,7;ADD:1,2;ADD:2,4;ADD:3,8;ADD:4,3;ADD:4,7;ADD:5,5;ADD:6,7;ADD:7,7;ADD:8,2;REMOVE:0,2;REMOVE:1,7;REMOVE:2,5;REMOVE:3,6;REMOVE:4,8;REMOVE:5,4;REMOVE:6,2;REMOVE:7,8",0:2|8;1:7;2:5;3:6;4:8;5:4;6:2;7:8;8:-;9:-,0:7|8;1:2;2:4;3:8;4:3|7;5:5;6:7;7:7;8:2;9:-,0@0=1;0@1=2;0@4=2;0@5=3;0@8=1;0@9=1;1@4=1;1@8=2;1@9=1;1@2=2;2@4=1;2@2=1;2@6=1;3@4=4;3@8=1;3@2=1;4@0=1;4@1=2;4@5=1;4@9=1;4@3=1;4@7=1;5@5=1;6@1=1;6@4=2;6@8=2;6@6=1;6@3=1;6@7=1;7@1=1;7@4=2;7@9=1;7@2=1;7@6=1;8@0=1;8@5=1;8@8=1;8@2=2;8@3=1;8@7=1,"0,1,4,5,8,9,2,6,3,7",54,40,40,0,1.0,-0.0914969449142855,0.8888888888888888,0.01961416619682554,0.0,0.0,0.9999999999999999,0.6927201747894287,Feasible|selected=greedy
893,892,16,8,8,"ADD:1,7;ADD:2,7;ADD:3,4;ADD:4,8;ADD:5,7;ADD:7,8;ADD:7,9;ADD:8,6;REMOVE:0,8;REMOVE:1,2;REMOVE:2,4;REMOVE:3,8;REMOVE:4,3;REMOVE:5,5;REMOVE:7,7;REMOVE:8,2",0:7|8;1:2;2:4;3:8;4:3|7;5:5;6:7;7:7;8:2;9:-,0:7;1:7;2:7;3:4;4:7|8;5:7;6:7;7:8|9;8:6;9:-,0@0=1;0@1=1;0@4=1;0@6=3;0@8=1;1@1=1;1@4=1;1@6=1;1@2=1;1@7=1;2@0=1;2@1=1;2@4=2;2@6=1;2@2=2;3@4=1;3@2=1;4@0=2;4@1=3;4@4=3;4@6=1;4@8=2;4@2=1;4@5=3;5@0=1;5@1=1;5@4=1;5@2=2;5@7=1;5@3=1;6@0=2;6@1=1;6@6=1;6@8=2;6@2=2;6@9=2;7@1=1;7@4=2;7@5=1;7@9=1;8@6=1,"0,1,4,6,8,2,7,5,3,9",59,41,41,0,1.0,-0.059806308461756386,0.7272727272727273,0.012920964265516208,0.0,0.0,0.7999999999999999,0.6407179832458496,Feasible|selected=greedy
894,893,17,8,9,"ADD:0,8;ADD:1,3;ADD:2,2;ADD:3,9;ADD:5,3;ADD:6,8;ADD:7,7;ADD:8,7;REMOVE:1,7;REMOVE:2,7;REMOVE:3,4;REMOVE:4,8;REMOVE:5,7;REMOVE:6,7;REMOVE:7,8;REMOVE:7,9;REMOVE:8,6",0:7;1:7;2:7;3:4;4:7|8;5:7;6:7;7:8|9;8:6;9:-,0:7|8;1:3;2:2;3:9;4:7;5:3;6:8;7:7;8:7;9:-,0@0=1;0@1=1;0@2=4;0@3=3;0@4=1;0@5=1;0@6=1;0@8=1;1@2=1;1@3=1;2@0=1;2@2=1;2@3=3;2@4=2;2@8=1;3@2=2;3@6=1;3@9=2;4@2=2;4@3=1;4@6=1;4@8=1;5@1=1;5@3=1;5@5=1;6@4=5;6@5=1;6@6=1;6@8=1;7@2=1;7@4=2;7@6=1;7@9=1;7@7=1;8@1=1;8@2=1;8@3=1;8@8=1,"0,1,2,3,4,5,6,8,9,7",54,38,38,0,1.0,0.033241070209346635,0.8181818181818182,0.015059252027528305,0.0,0.0,0.7999999999999999,0.5500369071960449,Feasible|selected=greedy
895,894,15,7,8,"ADD:1,7;ADD:2,5;ADD:2,8;ADD:3,7;ADD:6,2;ADD:7,8;ADD:8,5;REMOVE:0,7;REMOVE:1,3;REMOVE:2,2;REMOVE:3,9;REMOVE:5,3;REMOVE:6,8;REMOVE:7,7;REMOVE:8,7",0:7|8;1:3;2:2;3:9;4:7;5:3;6:8;7:7;8:7;9:-,0:8;1:7;2:5|8;3:7;4:7;5:-;6:2;7:8;8:5;9:-,0@2=1;0@4=1;0@5=2;0@6=1;0@7=1;1@2=1;1@4=1;1@6=1;1@7=1;1@0=1;2@2=1;2@5=1;2@6=2;2@0=2;3@7=1;4@2=1;4@4=1;4@7=1;4@1=1;4@3=2;6@2=2;6@5=1;6@7=1;6@8=2;6@9=1;7@2=1;7@4=1;7@7=1;7@8=2;8@5=1;8@0=1,"2,4,5,6,7,0,1,3,8,9",38,31,31,0,1.0,0.12406205281759486,0.8,0.024062052817594787,0.0,0.0,0.7,0.4823179244995117,Feasible|selected=greedy
896,895,13,7,6,"ADD:0,2;ADD:3,6;ADD:4,8;ADD:5,1;ADD:6,7;ADD:6,8;ADD:7,5;REMOVE:0,8;REMOVE:2,5;REMOVE:3,7;REMOVE:4,7;REMOVE:6,2;REMOVE:8,5",0:8;1:7;2:5|8;3:7;4:7;5:-;6:2;7:8;8:5;9:-,0:2;1:7;2:8;3:6;4:8;5:1;6:7|8;7:5|8;8:-;9:-,0@0=1;0@2=1;0@4=2;0@5=1;1@0=1;1@4=1;1@1=1;1@6=1;1@7=2;1@8=1;2@2=2;2@5=1;2@1=1;2@7=3;3@4=1;3@6=1;4@4=3;4@1=2;4@8=1;5@1=1;6@0=1;6@4=1;6@5=1;6@1=1;6@7=1;6@8=1;7@4=2;7@5=1;7@8=2;7@3=1,"0,2,4,5,1,6,7,8,3",40,30,30,0,1.0,-0.006403753600791928,0.6666666666666666,0.026929579732541446,0.0,0.0,0.7,0.45250415802001953,Feasible|selected=greedy
897,896,18,10,8,"ADD:0,7;ADD:1,9;ADD:2,0;ADD:3,7;ADD:3,8;ADD:4,7;ADD:5,2;ADD:6,5;ADD:7,7;ADD:8,2;REMOVE:1,7;REMOVE:2,8;REMOVE:3,6;REMOVE:4,8;REMOVE:5,1;REMOVE:6,8;REMOVE:7,5;REMOVE:7,8",0:2;1:7;2:8;3:6;4:8;5:1;6:7|8;7:5|8;8:-;9:-,0:2|7;1:9;2:0;3:7|8;4:7;5:2;6:5|7;7:7;8:2;9:-,0@0=1;0@1=2;0@4=1;0@5=2;0@9=1;1@9=1;1@2=1;2@0=1;3@0=1;3@1=1;3@4=2;3@5=1;3@6=1;3@7=1;4@0=1;4@1=1;4@9=1;4@6=1;4@7=1;5@2=1;6@0=1;6@5=1;6@2=1;6@6=2;6@3=1;7@1=1;7@4=1;7@3=1;8@0=2;8@2=1;8@8=1,"0,1,4,5,9,2,6,7,3,8",36,31,31,0,1.0,-0.18013564418893913,0.8,0.01986435581106077,0.0,0.0,0.9999999999999999,0.5260519981384277,Feasible|selected=greedy
898,897,16,8,8,"ADD:0,8;ADD:1,7;ADD:2,2;ADD:2,7;ADD:4,2;ADD:4,8;ADD:5,6;ADD:7,2;REMOVE:0,2;REMOVE:1,9;REMOVE:2,0;REMOVE:3,7;REMOVE:4,7;REMOVE:5,2;REMOVE:6,5;REMOVE:7,7",0:2|7;1:9;2:0;3:7|8;4:7;5:2;6:5|7;7:7;8:2;9:-,0:7|8;1:7;2:2|7;3:8;4:2|8;5:6;6:7;7:2;8:2;9:-,0@1=2;0@3=1;0@4=2;0@5=1;0@6=1;0@7=2;1@7=1;2@4=2;2@5=1;2@6=1;2@0=1;2@2=1;2@9=2;3@4=1;3@2=2;3@8=1;4@3=1;4@4=1;4@5=1;4@6=1;4@2=1;5@6=2;6@6=2;6@7=1;6@0=1;7@0=1;7@2=2;7@9=1;7@8=1;8@5=1;8@7=1;8@0=1;8@2=1,"1,3,4,5,6,7,0,2,9,8",42,33,33,0,1.0,-0.10559353395486759,0.6666666666666666,0.027739799378465678,0.0,0.0,0.7999999999999999,0.5223801136016846,Feasible|selected=greedy
899,898,10,4,6,"ADD:5,5;ADD:6,8;ADD:7,7;ADD:8,7;REMOVE:2,7;REMOVE:4,2;REMOVE:5,6;REMOVE:6,7;REMOVE:7,2;REMOVE:8,2",0:7|8;1:7;2:2|7;3:8;4:2|8;5:6;6:7;7:2;8:2;9:-,0:7|8;1:7;2:2;3:8;4:8;5:5;6:8;7:7;8:7;9:-,0@0=2;0@1=1;0@2=3;0@3=1;0@5=1;0@6=1;0@8=2;1@1=2;1@6=2;1@4=1;1@7=1;1@9=1;2@0=1;2@2=1;2@5=2;2@8=1;2@4=1;2@9=1;3@5=1;3@8=1;4@1=3;4@2=1;4@4=4;5@5=1;6@1=1;6@2=1;6@5=2;6@6=1;6@4=3;6@7=1;7@2=1;7@6=1;7@4=1;7@9=2;8@1=2;8@2=1;8@3=1;8@4=1;8@9=1,"0,1,2,3,5,6,8,4,7,9",56,39,39,0,1.0,0.11028052314363368,0.5,0.01028052314363367,0.0,0.0,0.4,0.5664129257202148,Feasible|selected=greedy
900,899,13,7,6,"ADD:0,2;ADD:2,7;ADD:3,7;ADD:4,7;ADD:5,2;ADD:6,9;ADD:8,2;REMOVE:0,8;REMOVE:2,2;REMOVE:3,8;REMOVE:5,5;REMOVE:6,8;REMOVE:8,7",0:7|8;1:7;2:2;3:8;4:8;5:5;6:8;7:7;8:7;9:-,0:2|7;1:7;2:7;3:7;4:7|8;5:2;6:9;7:7;8:2;9:-,0@0=1;0@1=1;0@2=3;0@3=1;0@4=2;0@5=1;0@7=2;0@9=2;1@1=1;1@2=1;1@4=1;1@9=1;2@0=1;2@1=1;2@2=3;2@3=3;2@7=1;2@6=1;3@0=3;3@4=2;3@6=2;4@3=1;4@4=1;4@5=1;4@7=2;4@6=1;5@2=2;6@1=1;6@9=1;7@0=1;7@2=1;7@3=1;7@4=3;7@7=2;7@8=1;8@2=1;8@3=1;8@4=1,"0,1,2,3,4,5,7,9,6,8",56,38,38,0,1.0,-0.07453367626587537,0.6,0.025466323734124576,0.0,0.0,0.7,0.5376110076904297,Feasible|selected=greedy
901,900,12,6,6,"ADD:1,6;ADD:2,2;ADD:3,4;ADD:5,7;ADD:6,8;ADD:8,7;REMOVE:1,7;REMOVE:2,7;REMOVE:3,7;REMOVE:5,2;REMOVE:6,9;REMOVE:8,2",0:2|7;1:7;2:7;3:7;4:7|8;5:2;6:9;7:7;8:2;9:-,0:2|7;1:6;2:2;3:4;4:7|8;5:7;6:8;7:7;8:7;9:-,0@0=1;0@1=2;0@2=3;0@4=2;0@5=1;0@6=1;0@9=1;1@6=1;2@2=1;2@4=1;2@3=1;2@8=1;3@2=1;3@4=1;4@0=1;4@1=1;4@4=3;4@5=1;4@8=1;4@7=1;5@7=2;6@1=1;6@2=4;6@4=1;6@5=1;6@6=2;6@7=1;7@2=4;7@4=1;7@9=1;7@3=2;7@7=2;8@0=2;8@2=3;8@4=1;8@6=1;8@3=1,"0,1,2,4,5,6,9,3,8,7",56,37,37,0,1.0,-0.03320422540547374,0.5454545454545454,0.021341229139980798,0.0,0.0,0.6,0.5405468940734863,Feasible|selected=greedy
902,901,16,7,9,"ADD:0,8;ADD:1,7;ADD:2,3;ADD:3,1;ADD:5,8;ADD:6,7;ADD:8,2;REMOVE:0,2;REMOVE:0,7;REMOVE:1,6;REMOVE:2,2;REMOVE:3,4;REMOVE:4,8;REMOVE:5,7;REMOVE:6,8;REMOVE:8,7",0:2|7;1:6;2:2;3:4;4:7|8;5:7;6:8;7:7;8:7;9:-,0:8;1:7;2:3;3:1;4:7;5:8;6:7;7:7;8:2;9:-,0@2=6;0@4=1;0@5=2;0@6=2;0@8=1;1@2=2;1@4=1;1@0=2;1@1=1;2@1=2;2@3=1;3@6=1;3@1=3;3@3=1;4@2=2;4@4=1;4@6=1;4@8=2;4@1=2;4@3=1;4@7=1;5@4=1;5@1=2;6@2=1;6@1=2;6@7=1;7@2=1;7@4=3;7@6=1;7@0=1;7@1=1;7@7=1;8@4=3;8@5=1;8@3=1,"2,4,5,6,8,0,1,3,7",56,35,35,0,1.0,0.13296375273993566,0.8181818181818182,0.014781934558117398,0.0,0.0,0.7,0.5881407260894775,Feasible|selected=greedy
903,902,19,10,9,"ADD:0,7;ADD:1,3;ADD:2,8;ADD:2,9;ADD:3,8;ADD:4,8;ADD:5,9;ADD:6,9;ADD:7,8;ADD:8,8;REMOVE:0,8;REMOVE:1,7;REMOVE:2,3;REMOVE:3,1;REMOVE:4,7;REMOVE:5,8;REMOVE:6,7;REMOVE:7,7;REMOVE:8,2",0:8;1:7;2:3;3:1;4:7;5:8;6:7;7:7;8:2;9:-,0:7;1:3;2:8|9;3:8;4:8;5:9;6:9;7:8;8:8;9:-,0@1=4;0@2=1;0@3=1;0@4=1;0@7=1;0@9=1;1@3=1;2@1=1;2@4=1;2@9=2;2@5=1;3@1=1;3@2=1;3@4=1;3@6=1;3@8=1;4@1=2;4@4=1;4@5=1;4@8=1;5@9=1;6@7=1;6@9=1;6@6=1;7@2=1;7@8=1;8@4=1;8@5=1;8@6=1,"1,2,3,4,7,9,5,6,8",34,29,29,0,1.0,0.026353945155953462,1.0,0.0263539451559534,0.0,0.0,0.9999999999999999,0.674015998840332,Feasible|selected=greedy
904,903,15,7,8,"ADD:0,9;ADD:1,4;ADD:2,7;ADD:3,9;ADD:4,9;ADD:6,7;ADD:8,5;REMOVE:0,7;REMOVE:1,3;REMOVE:2,8;REMOVE:2,9;REMOVE:3,8;REMOVE:4,8;REMOVE:6,9;REMOVE:8,8",0:7;1:3;2:8|9;3:8;4:8;5:9;6:9;7:8;8:8;9:-,0:9;1:4;2:7;3:9;4:9;5:9;6:7;7:8;8:5;9:-,0@2=3;0@6=1;1@4=1;2@4=1;2@3=1;2@9=1;3@3=1;3@9=2;4@9=1;4@1=1;5@2=1;5@9=1;6@3=1;6@7=1;7@6=1;7@4=2;7@5=1;8@5=1,"2,6,4,3,9,1,7,5",22,18,18,0,1.0,0.1326561928021862,0.8,0.03265619280218617,0.0,0.0,0.7,0.5347850322723389,Feasible|selected=greedy
905,904,14,7,7,"ADD:0,7;ADD:1,2;ADD:3,7;ADD:4,5;ADD:5,5;ADD:7,7;ADD:8,9;REMOVE:0,9;REMOVE:1,4;REMOVE:3,9;REMOVE:4,9;REMOVE:5,9;REMOVE:7,8;REMOVE:8,5",0:9;1:4;2:7;3:9;4:9;5:9;6:7;7:8;8:5;9:-,0:7;1:2;2:7;3:7;4:5;5:5;6:7;7:7;8:9;9:-,0@2=1;0@4=1;0@7=2;1@2=1;1@4=1;1@0=1;2@0=1;2@6=1;3@4=1;3@7=1;3@0=1;3@9=1;4@3=1;4@5=1;5@2=1;5@5=2;6@4=1;6@0=1;6@6=1;6@1=2;7@4=1;7@3=1;7@8=1;8@2=1;8@6=2,"2,4,7,0,6,9,3,5,1,8",29,25,25,0,1.0,0.10058864322675565,0.7777777777777778,0.022810865448977796,0.0,0.0,0.7,0.7135066986083984,Feasible|selected=greedy
906,905,13,7,6,"ADD:0,8;ADD:2,2;ADD:3,2;ADD:4,2;ADD:5,4;ADD:7,2;ADD:8,8;REMOVE:0,7;REMOVE:2,7;REMOVE:4,5;REMOVE:5,5;REMOVE:7,7;REMOVE:8,9",0:7;1:2;2:7;3:7;4:5;5:5;6:7;7:7;8:9;9:-,0:8;1:2;2:2;3:2|7;4:2;5:4;6:7;7:2;8:8;9:-,0@1=1;0@2=1;0@6=1;0@8=1;1@2=3;1@8=1;1@0=1;1@3=1;1@4=1;2@2=2;2@3=1;2@4=1;2@5=1;3@2=2;3@6=1;3@0=1;3@3=2;3@4=1;3@5=3;3@7=2;4@2=1;4@3=1;4@4=1;4@9=2;5@2=1;5@4=1;6@6=1;6@8=1;6@4=1;6@7=1;6@9=1;7@2=3;7@4=1;7@5=2;7@9=1;8@1=3;8@2=1;8@4=2;8@5=1;8@7=1,"1,2,6,8,0,3,4,5,7,9",55,40,40,0,1.0,-0.003813389729800609,0.6666666666666666,0.0295199436035327,0.0,0.0,0.7,0.717134952545166,Feasible|selected=greedy
907,906,14,7,7,"ADD:0,7;ADD:1,7;ADD:2,9;ADD:3,8;ADD:4,7;ADD:7,7;ADD:8,7;REMOVE:0,8;REMOVE:1,2;REMOVE:2,2;REMOVE:3,2;REMOVE:3,7;REMOVE:7,2;REMOVE:8,8",0:8;1:2;2:2;3:2|7;4:2;5:4;6:7;7:2;8:8;9:-,0:7;1:7;2:9;3:8;4:2|7;5:4;6:7;7:7;8:7;9:-,0@0=1;0@1=1;0@2=1;0@4=2;0@6=1;0@7=1;0@9=3;1@0=1;1@1=1;1@9=2;1@3=2;1@8=1;2@2=1;2@7=1;2@9=2;2@3=1;3@1=2;3@2=2;3@6=2;3@7=1;3@5=1;4@0=1;4@2=2;4@4=1;4@6=1;4@9=1;4@5=2;5@4=1;6@0=2;6@1=1;6@2=3;6@4=2;6@6=1;6@3=1;6@8=1;7@0=2;7@1=6;7@2=2;7@4=3;7@9=1;7@3=1;8@0=1;8@1=1;8@4=1,"0,1,2,4,6,7,9,3,8,5",68,44,44,0,1.0,0.008866805396699595,0.7,0.00886680539669959,0.0,0.0,0.7,0.6048719882965088,Feasible|selected=greedy
908,907,13,7,6,"ADD:1,8;ADD:2,8;ADD:3,9;ADD:4,9;ADD:5,9;ADD:6,8;ADD:7,2;REMOVE:1,7;REMOVE:2,9;REMOVE:4,2;REMOVE:4,7;REMOVE:5,4;REMOVE:7,7",0:7;1:7;2:9;3:8;4:2|7;5:4;6:7;7:7;8:7;9:-,0:7;1:8;2:8;3:8|9;4:9;5:9;6:7|8;7:2;8:7;9:-,0@0=3;0@2=1;0@4=2;0@6=1;0@7=1;0@8=1;0@9=1;1@2=2;1@4=1;1@6=1;1@8=1;1@5=1;2@2=2;2@4=1;2@8=1;2@5=1;2@1=1;3@2=2;3@4=2;3@6=1;3@9=1;3@5=1;3@1=1;4@2=1;4@6=2;4@1=1;5@2=1;5@1=1;6@0=2;6@4=2;6@6=1;6@9=1;6@5=1;6@1=1;7@2=1;7@4=1;7@9=1;7@5=1;8@2=1;8@7=1;8@8=1;8@1=1;8@3=1,"0,2,4,6,7,8,9,5,1,3",53,43,43,0,1.0,-0.0885728911372553,0.6,0.011427108862744723,0.0,0.0,0.7,0.7280077934265137,Feasible|selected=greedy
909,908,15,7,8,"ADD:0,2;ADD:1,7;ADD:3,2;ADD:4,5;ADD:5,7;ADD:7,7;ADD:8,9;REMOVE:1,8;REMOVE:3,8;REMOVE:3,9;REMOVE:4,9;REMOVE:5,9;REMOVE:6,7;REMOVE:7,2;REMOVE:8,7",0:7;1:8;2:8;3:8|9;4:9;5:9;6:7|8;7:2;8:7;9:-,0:2|7;1:7;2:8;3:2;4:5;5:7;6:8;7:7;8:9;9:-,0@0=2;0@1=3;0@2=1;0@3=1;0@4=1;0@5=1;0@7=1;0@8=1;1@0=1;1@1=1;1@2=1;1@4=1;1@9=1;2@1=1;2@2=1;2@4=2;3@2=5;3@3=3;3@4=1;3@5=1;3@7=1;3@8=1;3@9=3;4@3=2;4@5=1;5@7=1;6@2=2;6@5=1;6@6=1;7@2=1;7@7=1;8@9=1;8@6=1,"0,1,2,3,4,5,7,8,9,6",47,33,33,0,1.0,0.05096502786087398,0.7272727272727273,0.023692300588146628,0.0,0.0,0.7,0.8226110935211182,Feasible|selected=greedy
910,909,14,6,8,"ADD:0,6;ADD:1,4;ADD:2,7;ADD:3,7;ADD:4,3;ADD:6,2;REMOVE:0,2;REMOVE:0,7;REMOVE:1,7;REMOVE:2,8;REMOVE:3,2;REMOVE:4,5;REMOVE:6,8;REMOVE:8,9",0:2|7;1:7;2:8;3:2;4:5;5:7;6:8;7:7;8:9;9:-,0:6;1:4;2:7;3:7;4:3;5:7;6:2;7:7;8:-;9:-,0@6=4;1@4=1;2@6=1;2@4=1;2@1=2;2@2=3;2@3=1;2@7=1;3@4=2;3@3=1;4@2=1;4@3=1;5@3=1;5@8=1;6@4=1;6@5=1;6@9=2;7@6=1;7@1=2;7@2=1;7@7=1;7@8=1;7@0=1,"6,4,1,2,3,7,8,5,9,0",32,23,23,0,1.0,0.22641272428370196,0.8,0.026412724283701845,0.0,0.0,0.6,0.7476398944854736,Feasible|selected=greedy
911,910,11,6,5,"ADD:0,2;ADD:2,8;ADD:3,9;ADD:6,7;ADD:7,5;ADD:8,7;REMOVE:0,6;REMOVE:2,7;REMOVE:3,7;REMOVE:6,2;REMOVE:7,7",0:6;1:4;2:7;3:7;4:3;5:7;6:2;7:7;8:-;9:-,0:2;1:4;2:8;3:9;4:3;5:7;6:7;7:5;8:7;9:-,0@0=1;0@2=2;0@3=1;1@4=2;2@2=1;2@4=1;2@1=1;3@3=1;3@9=1;4@2=1;4@3=1;4@1=1;5@7=1;6@0=1;6@3=1;7@2=1;7@3=2;7@5=1;8@0=1;8@3=1;8@8=2,"0,2,3,4,1,9,7,5,8",25,21,21,0,1.0,0.05734499008947935,0.625,0.032344990089479296,0.0,0.0,0.6,0.6831932067871094,Feasible|selected=greedy
912,911,14,6,8,"ADD:0,7;ADD:2,7;ADD:3,7;ADD:6,4;ADD:7,4;ADD:8,9;REMOVE:0,2;REMOVE:1,4;REMOVE:2,8;REMOVE:3,9;REMOVE:4,3;REMOVE:6,7;REMOVE:7,5;REMOVE:8,7",0:2;1:4;2:8;3:9;4:3;5:7;6:7;7:5;8:7;9:-,0:7;1:-;2:7;3:7;4:-;5:7;6:4;7:4;8:9;9:-,0@1=1;0@2=1;0@3=1;0@4=2;0@6=1;2@1=1;2@3=1;2@4=1;2@6=2;2@8=1;2@9=2;3@1=1;3@2=1;3@8=1;3@0=1;5@7=1;6@2=1;6@4=1;7@4=1;8@1=1;8@2=1,"1,2,3,4,6,8,9,0,7",24,21,21,0,1.0,0.3029851504186336,0.8888888888888888,0.014096261529744712,0.0,0.0,0.6,0.44585490226745605,Feasible|selected=greedy
913,912,16,9,7,"ADD:0,2;ADD:0,8;ADD:1,7;ADD:2,9;ADD:3,2;ADD:4,3;ADD:6,8;ADD:7,7;ADD:8,2;REMOVE:0,7;REMOVE:2,7;REMOVE:3,7;REMOVE:5,7;REMOVE:6,4;REMOVE:7,4;REMOVE:8,9",0:7;1:-;2:7;3:7;4:-;5:7;6:4;7:4;8:9;9:-,0:2|8;1:7;2:9;3:2;4:3;5:-;6:8;7:7;8:2;9:-,0@0=1;0@2=2;0@4=1;0@5=1;0@6=2;1@0=1;1@4=1;2@2=3;2@6=1;3@0=1;3@4=3;3@5=2;4@3=1;6@4=2;6@1=1;6@7=1;6@8=1;7@0=1;7@2=1;7@6=2;8@0=1;8@2=1;8@4=2,"0,2,4,5,6,3,1,7,8",33,23,23,0,1.0,0.11524720945524147,1.0,0.01524720945524144,0.0,0.0,0.8999999999999999,0.5869801044464111,Feasible|selected=greedy
914,913,18,10,8,"ADD:0,7;ADD:1,8;ADD:2,7;ADD:3,7;ADD:3,8;ADD:4,2;ADD:4,8;ADD:5,7;ADD:6,7;ADD:8,8;REMOVE:0,2;REMOVE:0,8;REMOVE:1,7;REMOVE:2,9;REMOVE:3,2;REMOVE:4,3;REMOVE:6,8;REMOVE:8,2",0:2|8;1:7;2:9;3:2;4:3;5:-;6:8;7:7;8:2;9:-,0:7;1:8;2:7;3:7|8;4:2|8;5:7;6:7;7:7;8:8;9:-,0@1=3;0@2=2;0@4=1;0@9=2;1@1=1;1@4=1;2@1=1;2@9=2;2@0=1;2@3=1;3@1=3;3@4=3;3@0=1;3@3=1;3@5=1;3@6=2;4@1=2;4@2=2;4@4=1;4@9=1;4@0=1;4@5=2;4@8=1;5@4=1;5@9=1;5@7=1;6@2=2;6@4=2;6@0=1;6@6=1;6@8=1;6@7=1;7@1=2;7@2=2;7@4=1;7@9=1;7@3=1;7@7=1;8@1=1;8@4=2;8@8=1;8@7=1,"1,2,4,9,0,3,5,6,8,7",60,42,42,0,1.0,-0.0989425053262708,0.8888888888888888,0.012168605784840197,0.0,0.0,0.9999999999999999,0.7140510082244873,Feasible|selected=greedy
915,914,11,5,6,"ADD:1,7;ADD:3,2;ADD:4,9;ADD:7,2;ADD:8,4;REMOVE:1,8;REMOVE:3,7;REMOVE:4,2;REMOVE:4,8;REMOVE:7,7;REMOVE:8,8",0:7;1:8;2:7;3:7|8;4:2|8;5:7;6:7;7:7;8:8;9:-,0:7;1:7;2:7;3:2|8;4:9;5:7;6:7;7:2;8:4;9:-,0@1=2;0@3=2;0@4=1;0@8=1;0@9=2;1@4=2;1@9=1;1@7=1;2@1=2;2@3=1;2@4=2;2@8=1;2@9=1;2@0=1;2@2=1;3@1=2;3@4=2;3@8=1;3@9=1;3@2=3;3@5=1;4@9=1;4@6=2;5@1=1;5@3=1;5@4=2;5@9=1;6@1=1;6@4=4;6@9=2;6@7=3;6@0=3;6@2=4;7@4=5;7@0=2;7@2=2;8@4=1,"1,3,4,8,9,7,0,2,5,6",66,37,37,0,1.0,0.06481820903108049,0.5454545454545454,0.019363663576535097,0.0,0.0,0.5,0.4978160858154297,Feasible|selected=greedy
916,915,15,7,8,"ADD:0,2;ADD:1,4;ADD:4,7;ADD:5,3;ADD:6,2;ADD:7,7;ADD:8,7;REMOVE:0,7;REMOVE:1,7;REMOVE:3,2;REMOVE:4,9;REMOVE:5,7;REMOVE:6,7;REMOVE:7,2;REMOVE:8,4",0:7;1:7;2:7;3:2|8;4:9;5:7;6:7;7:2;8:4;9:-,0:2;1:4;2:7;3:8;4:7;5:3;6:2;7:7;8:7;9:-,0@0=1;0@2=2;0@3=1;0@4=2;0@9=1;1@4=1;2@0=1;2@2=1;2@4=1;2@6=1;2@7=1;2@8=1;3@4=2;3@8=1;3@1=1;3@5=1;4@0=1;4@3=4;4@4=3;4@9=1;4@6=1;4@7=1;4@1=2;5@2=2;5@3=1;5@1=1;6@0=2;6@3=1;6@4=3;6@5=1;7@0=2;7@3=1;7@4=1;7@8=1;8@2=1;8@3=1;8@4=2;8@6=1;8@7=1;8@8=1;8@1=1,"0,2,3,4,9,6,7,8,1,5",56,41,41,0,1.0,0.11426149128168839,0.8,0.01426149128168834,0.0,0.0,0.7,0.5769240856170654,Feasible|selected=greedy
917,916,13,8,5,"ADD:0,7;ADD:1,8;ADD:3,2;ADD:5,5;ADD:6,5;ADD:6,8;ADD:7,8;ADD:8,3;REMOVE:0,2;REMOVE:1,4;REMOVE:3,8;REMOVE:5,3;REMOVE:6,2",0:2;1:4;2:7;3:8;4:7;5:3;6:2;7:7;8:7;9:-,0:7;1:8;2:7;3:2;4:7;5:5;6:5|8;7:7|8;8:3|7;9:-,0@0=2;0@4=1;0@6=1;0@7=1;1@1=1;1@8=1;2@0=1;2@4=2;2@3=1;3@2=1;4@0=1;4@6=1;4@2=3;5@5=1;6@0=1;6@1=2;6@5=1;7@0=1;7@4=2;7@6=1;7@1=2;7@8=2;7@2=3;7@5=1;7@9=2;8@4=3;8@7=1;8@1=1;8@3=1;8@5=1,"0,4,6,7,1,8,3,2,5,9",43,30,30,0,1.0,-0.2226987842049183,0.5555555555555556,0.021745660239526052,0.0,0.0,0.7999999999999999,0.48163318634033203,Feasible|selected=greedy
918,917,14,5,9,"ADD:0,4;ADD:3,4;ADD:4,2;ADD:6,7;ADD:8,5;REMOVE:0,7;REMOVE:1,8;REMOVE:3,2;REMOVE:4,7;REMOVE:5,5;REMOVE:6,5;REMOVE:6,8;REMOVE:8,3;REMOVE:8,7",0:7;1:8;2:7;3:2;4:7;5:5;6:5|8;7:7|8;8:3|7;9:-,0:4;1:-;2:7;3:4;4:2;5:-;6:7;7:7|8;8:5;9:-,0@4=1;2@4=1;2@0=1;3@4=2;3@2=1;4@4=1;4@2=1;4@9=1;6@4=1;6@0=1;6@2=1;6@1=1;6@3=1;6@6=1;7@2=1;7@9=1;7@6=1;7@5=1;7@7=1;7@8=1;8@5=1,"4,0,2,9,1,3,6,5,7,8",22,21,21,0,1.0,0.28172654187254986,0.75,0.03172654187254991,0.0,0.0,0.5,0.42461371421813965,Feasible|selected=greedy
919,918,16,8,8,"ADD:0,9;ADD:1,8;ADD:3,7;ADD:4,8;ADD:5,8;ADD:6,8;ADD:7,6;ADD:8,7;REMOVE:0,4;REMOVE:2,7;REMOVE:3,4;REMOVE:4,2;REMOVE:6,7;REMOVE:7,7;REMOVE:7,8;REMOVE:8,5",0:4;1:-;2:7;3:4;4:2;5:-;6:7;7:7|8;8:5;9:-,0:9;1:8;2:-;3:7;4:8;5:8;6:8;7:6;8:7;9:-,0@1=1;0@2=1;1@1=1;1@2=2;1@4=1;1@5=1;1@7=1;3@1=2;3@4=2;3@9=1;4@2=1;4@8=1;5@4=1;5@8=1;6@1=1;6@2=3;6@4=1;6@5=1;6@7=3;7@1=1;7@6=1;8@4=1;8@3=1,"1,2,4,5,7,9,8,6,3",30,23,23,0,1.0,0.21012966886232964,1.0,0.010129668862329603,0.0,0.0,0.7999999999999999,0.5655088424682617,Feasible|selected=greedy
920,919,18,11,7,"ADD:0,7;ADD:0,8;ADD:1,2;ADD:3,2;ADD:3,8;ADD:4,2;ADD:4,7;ADD:5,7;ADD:6,2;ADD:6,7;ADD:7,7;REMOVE:0,9;REMOVE:1,8;REMOVE:3,7;REMOVE:4,8;REMOVE:5,8;REMOVE:6,8;REMOVE:7,6",0:9;1:8;2:-;3:7;4:8;5:8;6:8;7:6;8:7;9:-,0:7|8;1:2;2:-;3:2|8;4:2|7;5:7;6:2|7;7:7;8:7;9:-,0@0=1;0@1=1;0@2=3;0@4=3;0@5=1;0@6=2;0@7=1;1@2=1;1@4=1;1@9=1;3@2=2;3@5=2;3@6=1;3@9=2;3@8=1;4@2=2;4@4=1;4@5=3;4@6=2;4@7=1;4@9=1;4@8=2;4@3=2;5@0=1;5@1=2;5@4=2;6@0=1;6@1=1;6@2=2;6@4=3;6@5=1;6@7=1;6@9=1;7@0=1;7@1=2;7@2=1;7@4=2;7@3=2;8@0=1;8@1=1;8@2=1;8@4=3;8@7=1;8@9=1;8@3=1,"0,1,2,4,5,6,7,9,8,3",69,45,45,0,1.0,-0.2073743695661029,0.875,0.017625630433897,0.0,0.0,1.0999999999999999,0.6319007873535156,Feasible|selected=greedy
921,920,15,8,7,"ADD:0,5;ADD:1,7;ADD:2,7;ADD:5,5;ADD:7,2;ADD:7,9;ADD:8,2;ADD:9,8;REMOVE:0,8;REMOVE:1,2;REMOVE:3,2;REMOVE:4,2;REMOVE:5,7;REMOVE:7,7;REMOVE:8,7",0:7|8;1:2;2:-;3:2|8;4:2|7;5:7;6:2|7;7:7;8:7;9:-,0:5|7;1:7;2:7;3:8;4:7;5:5;6:2|7;7:2|9;8:2;9:8,0@0=1;0@1=2;0@3=1;0@5=3;0@8=1;0@9=1;1@9=1;1@4=2;2@0=2;2@1=3;2@3=1;2@4=2;2@2=4;3@1=2;3@5=1;3@8=1;3@4=2;3@2=1;3@6=1;4@1=2;4@8=2;4@9=1;4@4=2;4@2=4;4@6=1;4@7=1;5@5=1;6@0=2;6@1=1;6@5=1;6@4=3;6@2=4;6@7=2;7@1=4;7@5=1;7@9=1;7@4=2;7@2=2;8@0=1;8@8=2;8@2=2;9@8=1,"0,1,3,5,8,9,4,2,6,7",75,42,42,0,1.0,-0.19162070875211068,0.5833333333333334,0.025045957914555862,0.0,0.0,0.7999999999999999,0.6441888809204102,Feasible|selected=greedy
922,921,14,6,8,"ADD:2,2;ADD:3,4;ADD:5,8;ADD:6,8;ADD:7,7;ADD:8,3;REMOVE:0,5;REMOVE:2,7;REMOVE:3,8;REMOVE:5,5;REMOVE:6,2;REMOVE:7,9;REMOVE:8,2;REMOVE:9,8",0:5|7;1:7;2:7;3:8;4:7;5:5;6:2|7;7:2|9;8:2;9:8,0:7;1:7;2:2;3:4;4:7;5:8;6:7|8;7:2|7;8:3;9:-,0@0=1;0@1=2;0@2=4;0@4=2;0@7=1;1@0=1;1@1=1;2@2=4;2@4=1;2@5=2;2@8=1;2@9=1;3@2=3;3@4=3;4@0=1;4@2=1;4@4=2;4@6=1;5@5=1;5@8=1;6@1=1;6@2=1;6@4=2;6@5=2;6@6=1;6@3=1;7@0=1;7@1=3;7@2=1;7@4=1;7@7=1;7@5=1;7@9=1;7@3=1;8@1=2;8@2=2;8@3=2,"0,1,2,4,7,5,8,9,6,3",58,37,37,0,1.0,0.03703843265679352,0.6153846153846154,0.021653817272178088,0.0,0.0,0.6,0.6633098125457764,Feasible|selected=greedy
923,922,13,6,7,"ADD:2,7;ADD:2,8;ADD:3,7;ADD:6,2;ADD:7,5;ADD:8,7;REMOVE:2,2;REMOVE:3,4;REMOVE:5,8;REMOVE:6,8;REMOVE:7,2;REMOVE:7,7;REMOVE:8,3",0:7;1:7;2:2;3:4;4:7;5:8;6:7|8;7:2|7;8:3;9:-,0:7;1:7;2:7|8;3:7;4:7;5:-;6:2|7;7:5;8:7;9:-,0@0=1;0@1=1;0@2=2;0@4=2;0@7=1;0@8=1;1@0=1;1@3=1;2@0=1;2@1=2;2@2=1;2@7=1;2@5=2;2@6=1;3@1=2;3@2=1;3@4=3;3@7=2;3@8=1;3@3=1;3@6=1;4@0=1;4@7=1;4@6=1;4@9=1;6@0=2;6@1=1;6@2=1;6@4=3;6@7=1;6@5=1;6@9=1;7@2=1;7@5=1;8@1=2;8@7=2,"0,1,2,4,7,8,3,5,6,9",49,36,36,0,1.0,0.057405587223956944,0.6363636363636364,0.021041950860320572,0.0,0.0,0.6,0.48654913902282715,Feasible|selected=greedy
924,923,13,7,6,"ADD:0,8;ADD:0,9;ADD:1,8;ADD:3,9;ADD:5,8;ADD:6,8;ADD:7,7;REMOVE:0,7;REMOVE:1,7;REMOVE:2,7;REMOVE:3,7;REMOVE:6,2;REMOVE:7,5",0:7;1:7;2:7|8;3:7;4:7;5:-;6:2|7;7:5;8:7;9:-,0:8|9;1:8;2:8;3:9;4:7;5:8;6:7|8;7:7;8:7;9:-,0@1=1;0@2=2;0@6=1;0@8=1;0@9=1;1@1=2;1@5=1;2@2=1;2@8=1;2@5=1;3@1=1;3@9=1;3@7=1;4@1=1;4@2=1;4@7=1;4@0=1;4@3=1;5@1=2;5@2=1;5@5=1;6@1=1;6@2=1;6@6=1;6@5=1;6@7=1;6@0=1;7@1=1;7@2=2;7@6=1;7@8=1;7@0=1;7@3=1;8@1=2;8@6=1;8@0=1,"1,2,6,8,9,5,7,0,3",41,36,36,0,1.0,-0.08567444822381332,0.6,0.014325551776186616,0.0,0.0,0.7,0.5530269145965576,Feasible|selected=greedy
925,924,13,6,7,"ADD:0,7;ADD:2,9;ADD:3,7;ADD:3,8;ADD:4,9;ADD:8,8;REMOVE:0,8;REMOVE:0,9;REMOVE:2,8;REMOVE:3,9;REMOVE:4,7;REMOVE:6,8;REMOVE:8,7",0:8|9;1:8;2:8;3:9;4:7;5:8;6:7|8;7:7;8:7;9:-,0:7;1:8;2:9;3:7|8;4:9;5:8;6:7;7:7;8:8;9:-,0@0=1;0@1=1;1@1=1;1@8=1;2@1=3;2@2=1;3@3=2;3@4=1;3@5=2;3@6=1;4@3=1;4@9=1;5@8=2;5@6=1;5@7=1;6@8=1;6@4=1;6@9=1;7@0=1;7@1=1;7@4=2;7@9=1;8@8=1;8@7=1,"0,1,8,2,3,4,5,6,9,7",30,24,24,0,1.0,0.05286043997385503,0.6363636363636364,0.016496803610218665,0.0,0.0,0.6,0.4670090675354004,Feasible|selected=greedy
926,925,12,6,6,"ADD:1,7;ADD:4,4;ADD:5,5;ADD:7,6;ADD:8,7;ADD:9,1;REMOVE:1,8;REMOVE:3,8;REMOVE:4,9;REMOVE:5,8;REMOVE:7,7;REMOVE:8,8",0:7;1:8;2:9;3:7|8;4:9;5:8;6:7;7:7;8:8;9:-,0:7;1:7;2:9;3:7;4:4;5:5;6:7;7:6;8:7;9:1,0@0=1;0@1=1;0@2=1;0@3=1;0@4=1;0@9=2;1@2=2;1@3=1;1@6=1;1@7=1;1@8=1;2@9=1;3@4=1;3@9=1;3@8=1;4@2=1;4@4=1;5@5=1;6@4=1;6@7=1;7@6=2;8@2=4;8@6=1;8@7=1;9@1=1,"0,1,2,3,4,9,6,7,8,5",31,25,25,0,1.0,0.02918908827871336,0.6,0.029189088278713356,0.0,0.0,0.6,0.4356672763824463,Feasible|selected=greedy
927,926,10,5,5,"ADD:0,2;ADD:4,7;ADD:5,7;ADD:6,2;ADD:7,7;REMOVE:0,7;REMOVE:4,4;REMOVE:5,5;REMOVE:7,6;REMOVE:9,1",0:7;1:7;2:9;3:7;4:4;5:5;6:7;7:6;8:7;9:1,0:2;1:7;2:9;3:7;4:7;5:7;6:2|7;7:7;8:7;9:-,0@3=1;0@4=3;0@5=2;0@7=1;0@8=1;0@9=2;1@3=1;1@4=1;1@7=2;1@8=1;1@9=1;1@2=1;2@3=1;2@6=1;3@3=1;3@4=1;3@7=1;3@2=1;3@0=1;3@1=1;4@3=1;4@7=1;4@6=2;4@1=2;5@0=1;5@1=1;6@3=3;6@4=2;6@5=1;6@7=2;6@8=2;6@2=1;6@0=1;6@1=2;7@3=1;7@4=1;7@7=1;7@9=1;7@2=2;7@6=1;7@0=1;8@3=1;8@4=1;8@7=2;8@9=1,"3,4,5,7,8,9,2,6,0,1",60,45,45,0,1.0,0.01703343820062153,0.5,0.017033438200621562,0.0,0.0,0.5,0.5930047035217285,Feasible|selected=greedy
928,927,16,9,7,"ADD:0,7;ADD:1,9;ADD:2,7;ADD:2,8;ADD:3,9;ADD:4,2;ADD:5,4;ADD:8,3;ADD:9,4;REMOVE:1,7;REMOVE:2,9;REMOVE:3,7;REMOVE:4,7;REMOVE:5,7;REMOVE:6,7;REMOVE:8,7",0:2;1:7;2:9;3:7;4:7;5:7;6:2|7;7:7;8:7;9:-,0:2|7;1:9;2:7|8;3:9;4:2;5:4;6:2;7:7;8:3;9:4,0@2=1;0@4=3;0@5=2;0@6=1;0@7=1;0@9=1;1@7=1;1@9=1;1@3=2;2@5=1;2@7=1;2@9=1;2@8=2;3@2=1;3@9=1;3@3=1;3@1=1;4@2=2;4@4=1;4@5=1;4@3=1;5@4=2;6@2=1;6@3=1;6@8=1;6@0=2;7@7=1;7@3=1;7@1=1;8@2=2;8@3=1;8@1=3;9@4=1,"2,4,5,6,7,9,3,8,1,0",44,33,33,0,1.0,-0.1657870373626118,0.7,0.03421296263738821,0.0,0.0,0.8999999999999999,0.5501587390899658,Feasible|selected=greedy
929,928,19,9,10,"ADD:1,7;ADD:2,1;ADD:3,7;ADD:4,8;ADD:5,8;ADD:6,7;ADD:8,8;ADD:8,9;ADD:9,5;REMOVE:0,2;REMOVE:1,9;REMOVE:2,7;REMOVE:2,8;REMOVE:3,9;REMOVE:4,2;REMOVE:5,4;REMOVE:6,2;REMOVE:8,3;REMOVE:9,4",0:2|7;1:9;2:7|8;3:9;4:2;5:4;6:2;7:7;8:3;9:4,0:7;1:7;2:1;3:7;4:8;5:8;6:7;7:7;8:8|9;9:5,0@0=1;0@1=1;0@2=1;0@3=2;0@7=1;0@9=1;1@3=1;1@7=1;1@4=1;2@1=2;2@3=1;2@6=1;2@8=3;3@0=1;3@2=1;3@9=2;3@4=1;3@6=1;3@8=1;4@7=2;4@6=1;4@5=1;5@1=1;5@2=1;5@8=1;6@0=1;6@2=1;6@7=1;6@9=1;6@4=2;6@8=2;7@0=1;7@3=1;7@6=1;7@8=2;8@1=1;8@2=1;8@7=1;8@9=1;8@6=1;8@5=1;9@5=1,"0,1,2,3,7,9,4,6,8,5",51,42,42,0,1.0,-0.052505663055097074,0.8333333333333334,0.014161003611569519,0.0,0.0,0.8999999999999999,0.6603968143463135,Feasible|selected=greedy
930,929,10,5,5,"ADD:0,8;ADD:2,2;ADD:4,1;ADD:8,2;ADD:9,1;REMOVE:2,1;REMOVE:4,8;REMOVE:8,8;REMOVE:8,9;REMOVE:9,5",0:7;1:7;2:1;3:7;4:8;5:8;6:7;7:7;8:8|9;9:5,0:7|8;1:7;2:2;3:7;4:1;5:8;6:7;7:7;8:2;9:1,0@0=2;0@1=2;0@4=4;0@5=3;0@6=1;1@1=1;1@4=1;2@0=1;2@4=2;2@5=1;3@0=2;3@1=1;3@4=2;3@2=1;3@9=1;4@1=3;4@9=2;4@3=1;4@8=1;5@8=1;6@0=1;6@4=2;7@1=1;7@4=1;7@9=2;7@8=1;8@4=1;8@5=1;8@2=3;9@1=1,"0,1,4,5,6,2,9,3,8",47,30,30,0,1.0,-0.026706205683687922,0.45454545454545453,0.01874833977085756,0.0,0.0,0.5,0.4784538745880127,Feasible|selected=greedy
931,930,19,10,9,"ADD:0,3;ADD:1,2;ADD:2,7;ADD:3,3;ADD:4,5;ADD:4,8;ADD:5,7;ADD:6,8;ADD:7,3;ADD:8,9;REMOVE:0,7;REMOVE:0,8;REMOVE:1,7;REMOVE:2,2;REMOVE:3,7;REMOVE:4,1;REMOVE:5,8;REMOVE:8,2;REMOVE:9,1",0:7|8;1:7;2:2;3:7;4:1;5:8;6:7;7:7;8:2;9:1,0:3;1:2;2:7;3:3;4:5|8;5:7;6:7|8;7:3|7;8:9;9:-,0@1=1;0@3=2;0@5=1;1@0=2;1@2=2;2@1=2;2@0=1;2@2=1;3@1=2;3@3=2;3@5=1;3@7=1;4@5=1;4@0=2;4@2=1;4@6=1;5@1=1;5@0=1;5@6=1;6@1=2;6@5=1;6@0=2;6@2=1;6@7=1;6@6=1;6@4=3;6@8=1;7@1=1;7@3=1;7@5=1;7@7=1;7@4=1;8@1=1;8@2=1;8@9=1,"1,3,5,0,2,7,6,4,8,9",46,35,35,0,1.0,-0.15687246162598167,0.8181818181818182,0.024945720192199972,0.0,0.0,0.9999999999999999,0.5566427707672119,Feasible|selected=greedy
932,931,19,8,11,"ADD:0,2;ADD:1,8;ADD:3,6;ADD:4,2;ADD:5,2;ADD:6,6;ADD:7,9;ADD:8,4;REMOVE:0,3;REMOVE:1,2;REMOVE:3,3;REMOVE:4,5;REMOVE:4,8;REMOVE:5,7;REMOVE:6,7;REMOVE:6,8;REMOVE:7,3;REMOVE:7,7;REMOVE:8,9",0:3;1:2;2:7;3:3;4:5|8;5:7;6:7|8;7:3|7;8:9;9:-,0:2;1:8;2:7;3:6;4:2;5:2;6:6;7:9;8:4;9:-,0@2=1;0@5=3;0@7=1;1@7=1;1@1=1;1@8=1;2@7=1;2@1=1;2@4=2;3@6=1;4@5=1;4@7=1;4@4=1;4@0=1;4@3=1;4@9=1;5@2=1;6@4=1;6@6=1;6@9=1;7@2=1;7@9=1;8@4=2,"2,5,7,1,8,4,6,0,3,9",27,23,23,0,1.0,0.14877357280408265,0.9166666666666666,0.03210690613741596,0.0,0.0,0.7999999999999999,0.4409952163696289,Feasible|selected=greedy
933,932,17,9,8,"ADD:0,8;ADD:0,9;ADD:1,7;ADD:2,4;ADD:3,2;ADD:4,7;ADD:6,8;ADD:7,8;ADD:9,9;REMOVE:0,2;REMOVE:1,8;REMOVE:2,7;REMOVE:3,6;REMOVE:4,2;REMOVE:6,6;REMOVE:7,9;REMOVE:8,4",0:2;1:8;2:7;3:6;4:2;5:2;6:6;7:9;8:4;9:-,0:8|9;1:7;2:4;3:2;4:7;5:2;6:8;7:8;8:-;9:9,0@1=1;0@2=1;0@5=1;0@6=1;0@9=1;1@1=1;1@2=1;1@9=1;1@4=1;1@8=1;2@4=1;3@2=1;3@5=1;3@9=1;3@7=1;4@1=1;4@9=1;4@4=1;4@3=1;5@2=1;6@1=1;6@5=1;6@6=1;7@1=1;7@4=1;9@9=1,"1,2,5,6,9,4,8,7,3",26,26,26,0,1.0,0.006354448900071419,0.8888888888888888,0.017465560011182504,0.0,0.0,0.8999999999999999,0.6031041145324707,Feasible|selected=greedy
934,933,19,11,8,"ADD:1,8;ADD:2,8;ADD:3,7;ADD:3,8;ADD:4,8;ADD:4,9;ADD:5,8;ADD:6,7;ADD:7,7;ADD:8,8;ADD:9,8;REMOVE:1,7;REMOVE:2,4;REMOVE:3,2;REMOVE:4,7;REMOVE:5,2;REMOVE:6,8;REMOVE:7,8;REMOVE:9,9",0:8|9;1:7;2:4;3:2;4:7;5:2;6:8;7:8;8:-;9:9,0:8|9;1:8;2:8;3:7|8;4:8|9;5:8;6:7;7:7;8:8;9:8,0@1=2;0@2=1;0@4=1;0@5=1;0@6=1;0@9=1;1@1=1;1@2=3;1@4=2;1@5=2;1@7=1;1@8=1;2@1=3;2@4=1;3@1=3;3@4=2;3@5=1;3@9=1;3@8=1;4@2=1;4@6=1;4@9=1;4@8=1;5@1=1;5@4=3;5@6=1;5@7=1;5@8=1;6@1=1;6@2=5;6@4=1;6@7=1;6@8=1;6@0=1;7@2=2;7@4=2;7@6=1;7@9=2;7@0=1;7@3=1;8@1=2;8@2=1;8@4=4;8@6=1;9@4=1;9@5=1,"1,2,4,5,6,9,7,8,0,3",69,46,46,0,1.0,-0.2904249047893762,0.8,0.009575095210623653,0.0,0.0,1.0999999999999999,1.0106251239776611,Feasible|selected=greedy
935,934,6,3,3,"ADD:4,2;ADD:5,9;ADD:6,2;REMOVE:0,9;REMOVE:4,8;REMOVE:9,8",0:8|9;1:8;2:8;3:7|8;4:8|9;5:8;6:7;7:7;8:8;9:8,0:8;1:8;2:8;3:7|8;4:2|9;5:8|9;6:2|7;7:7;8:8;9:-,0@2=1;0@4=5;0@5=1;0@6=1;0@7=1;0@8=1;1@4=1;1@8=1;2@4=3;2@5=2;2@6=4;2@8=1;2@1=1;3@2=1;3@4=2;3@5=1;3@6=1;3@7=2;3@1=1;3@9=1;4@2=1;4@5=2;4@6=1;4@9=1;5@8=2;5@9=1;6@2=3;6@4=1;6@5=2;6@6=1;6@8=1;6@9=2;6@0=1;6@3=1;7@2=2;7@4=1;7@6=1;7@8=1;7@1=1;7@0=1;8@4=2;8@1=1,"2,4,5,6,7,8,1,9,0,3",62,42,42,0,1.0,-0.04877446363996474,0.23076923076923078,0.020456305590804504,0.0,0.0,0.30000000000000004,0.5262248516082764,Feasible|selected=greedy
936,935,14,6,8,"ADD:0,7;ADD:1,2;ADD:5,7;ADD:6,3;ADD:8,7;ADD:9,5;REMOVE:1,8;REMOVE:3,7;REMOVE:4,2;REMOVE:5,8;REMOVE:5,9;REMOVE:6,2;REMOVE:6,7;REMOVE:8,8",0:8;1:8;2:8;3:7|8;4:2|9;5:8|9;6:2|7;7:7;8:8;9:-,0:7|8;1:2;2:8;3:8;4:9;5:7;6:3;7:7;8:7;9:5,0@0=2;0@1=2;0@2=2;0@4=3;0@5=2;0@6=2;0@8=1;1@2=1;1@4=2;1@9=2;2@1=1;2@2=1;2@4=2;2@5=1;2@6=1;2@8=2;3@1=1;3@2=1;3@4=2;3@6=1;3@8=1;4@9=1;4@3=1;4@7=1;5@4=1;5@6=1;5@8=1;5@3=1;6@1=1;6@2=1;6@3=2;7@0=1;7@1=1;7@4=1;7@6=1;7@7=3;8@2=1;8@6=1;8@7=1;9@5=1,"0,1,2,4,5,6,8,9,3,7",55,40,40,0,1.0,0.03796676308369373,0.6153846153846154,0.022582147699078327,0.0,0.0,0.6,0.5923001766204834,Feasible|selected=greedy
937,936,16,7,9,"ADD:1,1;ADD:2,2;ADD:3,7;ADD:4,2;ADD:6,7;ADD:7,6;ADD:8,2;REMOVE:0,8;REMOVE:1,2;REMOVE:2,8;REMOVE:3,8;REMOVE:4,9;REMOVE:6,3;REMOVE:7,7;REMOVE:8,7;REMOVE:9,5",0:7|8;1:2;2:8;3:8;4:9;5:7;6:3;7:7;8:7;9:5,0:7;1:1;2:2;3:7;4:2;5:7;6:7;7:6;8:2;9:-,0@0=1;0@3=1;0@4=1;0@7=1;0@8=1;1@3=1;1@8=1;1@1=1;2@0=1;2@4=4;2@2=2;3@0=1;3@3=1;3@4=1;3@7=1;3@2=2;4@3=1;4@4=1;4@7=1;4@2=1;4@5=1;4@9=1;5@0=1;5@8=1;5@1=1;5@9=1;6@0=1;6@7=1;6@1=1;7@4=2;7@8=1;7@1=1;7@9=1;7@6=1;8@0=1;8@4=1;8@8=1;8@2=1;8@9=2,"0,3,4,7,8,1,2,5,9,6",46,39,39,0,1.0,0.1391625277482017,0.8181818181818182,0.02098070956638348,0.0,0.0,0.7,0.6342432498931885,Feasible|selected=greedy
938,937,11,5,6,"ADD:1,7;ADD:4,7;ADD:7,8;ADD:8,7;ADD:9,1;REMOVE:1,1;REMOVE:2,2;REMOVE:4,2;REMOVE:5,7;REMOVE:7,6;REMOVE:8,2",0:7;1:1;2:2;3:7;4:2;5:7;6:7;7:6;8:2;9:-,0:7;1:7;2:-;3:7;4:7;5:-;6:7;7:8;8:7;9:1,0@1=1;0@2=1;0@3=1;0@4=2;1@1=2;1@3=2;1@4=1;1@6=2;1@7=1;1@8=1;1@9=2;3@1=1;3@2=1;3@8=2;3@9=1;3@0=1;4@1=1;4@2=2;4@3=1;4@8=1;4@9=1;6@3=1;6@4=2;6@0=1;7@8=1;8@7=1;9@1=1,"1,2,3,4,6,7,8,9,0",35,27,27,0,1.0,0.1777958030890372,0.6666666666666666,0.011129136422370595,0.0,0.0,0.5,0.42794275283813477,Feasible|selected=greedy
939,938,13,6,7,"ADD:0,2;ADD:1,2;ADD:3,6;ADD:5,8;ADD:7,7;ADD:8,9;REMOVE:0,7;REMOVE:1,7;REMOVE:3,7;REMOVE:6,7;REMOVE:7,8;REMOVE:8,7;REMOVE:9,1",0:7;1:7;2:-;3:7;4:7;5:-;6:7;7:8;8:7;9:1,0:2;1:2;2:-;3:6;4:7;5:8;6:-;7:7;8:9;9:-,0@2=2;1@2=1;3@1=1;3@4=1;3@6=1;3@8=1;3@9=2;4@8=2;4@9=1;4@3=1;5@1=1;5@4=1;7@7=1;8@9=1,"2,1,4,6,8,9,3,7",17,14,14,0,1.0,0.3131647833322645,0.875,0.03816478333226453,0.0,0.0,0.6,0.3605968952178955,Feasible|selected=greedy
940,939,7,3,4,"ADD:0,5;ADD:3,7;ADD:7,9;REMOVE:0,2;REMOVE:3,6;REMOVE:7,7;REMOVE:8,9",0:2;1:2;2:-;3:6;4:7;5:8;6:-;7:7;8:9;9:-,0:5;1:2;2:-;3:7;4:7;5:8;6:-;7:9;8:-;9:-,0@0=1;0@2=2;0@5=1;1@0=1;1@2=1;3@2=1;3@7=1;4@2=1;4@7=1;5@8=1;7@2=1;7@1=1,"0,2,5,7,8,1",13,12,12,0,1.0,0.30742400162415395,0.5714285714285714,0.035995430195582594,0.0,0.0,0.30000000000000004,0.437471866607666,Feasible|selected=greedy
941,940,10,5,5,"ADD:1,7;ADD:5,4;ADD:6,2;ADD:7,8;ADD:8,2;REMOVE:0,5;REMOVE:1,2;REMOVE:3,7;REMOVE:5,8;REMOVE:7,9",0:5;1:2;2:-;3:7;4:7;5:8;6:-;7:9;8:-;9:-,0:-;1:7;2:-;3:-;4:7;5:4;6:2;7:8;8:2;9:-,1@0=2;1@4=1;1@6=1;1@8=1;1@9=2;4@0=2;4@4=1;4@9=1;4@1=1;5@4=1;5@6=1;5@2=2;6@4=1;6@9=2;6@2=1;7@4=1;7@6=2;7@8=1;7@2=2;7@5=3;7@7=1;8@0=1;8@8=1;8@9=2;8@2=1,"0,4,6,8,9,1,2,5,7",35,25,25,0,1.0,0.3449200679151788,0.8333333333333334,0.011586734581845448,0.0,0.0,0.5,0.5318911075592041,Feasible|selected=greedy
942,941,16,10,6,"ADD:0,7;ADD:1,1;ADD:3,7;ADD:3,8;ADD:4,2;ADD:5,7;ADD:6,7;ADD:6,8;ADD:7,7;ADD:8,8;REMOVE:1,7;REMOVE:4,7;REMOVE:5,4;REMOVE:6,2;REMOVE:7,8;REMOVE:8,2",0:-;1:7;2:-;3:-;4:7;5:4;6:2;7:8;8:2;9:-,0:7;1:1;2:-;3:7|8;4:2;5:7;6:7|8;7:7;8:8;9:-,0@0=1;0@1=1;0@2=2;0@4=5;0@6=1;0@7=1;0@9=1;1@1=1;3@1=1;3@2=2;3@4=2;3@6=1;3@7=2;3@9=1;3@5=1;4@0=1;4@2=3;4@4=2;4@5=1;5@1=1;5@2=1;5@4=1;5@9=1;6@1=2;6@4=3;6@7=2;6@9=1;6@5=1;6@3=1;6@8=1;7@1=2;7@2=2;7@4=2;7@6=3;7@9=2;7@3=2;7@8=1;8@1=2;8@2=1;8@4=2;8@6=1;8@5=1,"0,1,2,4,6,7,9,5,3,8",66,42,42,0,1.0,0.015054869479738886,1.0,0.015054869479738777,0.0,0.0,0.9999999999999999,0.6855738162994385,Feasible|selected=greedy
943,942,15,7,8,"ADD:0,8;ADD:0,9;ADD:1,8;ADD:3,9;ADD:4,7;ADD:6,2;ADD:8,7;REMOVE:0,7;REMOVE:1,1;REMOVE:3,7;REMOVE:3,8;REMOVE:4,2;REMOVE:6,7;REMOVE:6,8;REMOVE:8,8",0:7;1:1;2:-;3:7|8;4:2;5:7;6:7|8;7:7;8:8;9:-,0:8|9;1:8;2:-;3:9;4:7;5:7;6:2;7:7;8:7;9:-,0@1=2;0@2=3;0@4=2;0@5=1;0@6=1;0@9=1;1@1=1;1@2=4;1@4=2;1@7=1;1@8=1;3@1=2;3@2=1;3@9=1;3@3=1;4@1=2;4@2=2;4@4=2;4@3=1;4@0=1;5@1=2;5@2=2;5@4=1;5@3=1;6@2=3;6@4=1;6@8=1;6@3=2;6@0=1;7@1=1;7@2=1;7@4=2;7@9=1;7@8=1;8@1=2;8@0=2,"1,2,4,5,6,9,7,8,3,0",56,36,36,0,1.0,0.11096734916758266,0.8,0.010967349167582569,0.0,0.0,0.7,0.503972053527832,Feasible|selected=greedy
944,943,15,7,8,"ADD:0,7;ADD:1,7;ADD:3,7;ADD:4,9;ADD:5,5;ADD:6,7;ADD:7,9;REMOVE:0,8;REMOVE:0,9;REMOVE:1,8;REMOVE:3,9;REMOVE:4,7;REMOVE:5,7;REMOVE:6,2;REMOVE:7,7",0:8|9;1:8;2:-;3:9;4:7;5:7;6:2;7:7;8:7;9:-,0:7;1:7;2:-;3:7;4:9;5:5;6:7;7:9;8:7;9:-,0@1=1;0@2=2;0@4=4;0@7=1;1@4=2;1@7=1;1@0=2;1@9=2;3@1=1;3@4=2;3@9=2;4@1=2;4@2=1;4@7=1;4@9=1;4@6=2;5@2=1;5@3=2;5@5=1;6@1=1;6@7=1;7@1=1;7@2=1;7@6=1;8@1=2;8@4=1;8@7=1;8@3=1,"1,2,4,7,0,9,6,3,5",41,28,28,0,1.0,0.2026011989475489,0.8888888888888888,0.013712310058660028,0.0,0.0,0.7,0.4539170265197754,Feasible|selected=greedy
945,944,18,10,8,"ADD:0,2;ADD:0,3;ADD:1,2;ADD:3,8;ADD:4,2;ADD:4,8;ADD:5,8;ADD:6,4;ADD:7,8;ADD:8,8;REMOVE:0,7;REMOVE:1,7;REMOVE:3,7;REMOVE:4,9;REMOVE:5,5;REMOVE:6,7;REMOVE:7,9;REMOVE:8,7",0:7;1:7;2:-;3:7;4:9;5:5;6:7;7:9;8:7;9:-,0:2|3;1:2;2:-;3:8;4:2|8;5:8;6:4;7:8;8:8;9:-,0@1=2;0@2=1;0@3=1;0@4=1;0@5=4;0@9=1;1@2=1;1@3=1;1@4=3;1@5=1;1@8=1;3@2=1;3@4=3;3@8=1;4@1=1;4@2=1;4@3=1;4@4=2;4@5=1;4@8=1;4@0=1;5@1=1;5@2=1;5@4=1;5@8=1;6@4=1;7@4=1;7@5=1;7@8=1;7@6=1;7@7=1;8@4=1;8@5=1,"1,2,3,4,5,9,8,0,6,7",42,33,33,0,1.0,0.02124940377918605,1.0,0.021249403779186025,0.0,0.0,0.9999999999999999,0.5230832099914551,Feasible|selected=greedy
946,945,16,7,9,"ADD:0,7;ADD:3,2;ADD:4,7;ADD:5,4;ADD:6,7;ADD:7,2;ADD:8,4;REMOVE:0,2;REMOVE:0,3;REMOVE:3,8;REMOVE:4,2;REMOVE:4,8;REMOVE:5,8;REMOVE:6,4;REMOVE:7,8;REMOVE:8,8",0:2|3;1:2;2:-;3:8;4:2|8;5:8;6:4;7:8;8:8;9:-,0:7;1:2;2:-;3:2;4:7;5:4;6:7;7:2;8:4;9:-,0@1=2;0@2=1;0@3=1;0@4=2;0@7=2;1@2=2;1@4=1;1@9=1;3@2=1;4@2=2;4@4=1;4@7=1;4@0=1;4@6=1;5@4=1;6@3=1;6@7=1;7@2=1;7@3=2;7@4=1;7@9=1;8@2=2;8@4=1;8@6=1,"1,2,3,4,7,9,0,6",31,24,24,0,1.0,0.2349090484131675,0.9,0.034909048413167436,0.0,0.0,0.7,0.4039649963378906,Feasible|selected=greedy
947,946,16,9,7,"ADD:0,8;ADD:1,5;ADD:1,9;ADD:2,8;ADD:3,9;ADD:5,7;ADD:6,1;ADD:7,4;ADD:8,1;REMOVE:0,7;REMOVE:1,2;REMOVE:3,2;REMOVE:5,4;REMOVE:6,7;REMOVE:7,2;REMOVE:8,4",0:7;1:2;2:-;3:2;4:7;5:4;6:7;7:2;8:4;9:-,0:8;1:5|9;2:8;3:9;4:7;5:7;6:1;7:4;8:1;9:-,0@2=1;0@4=2;0@8=1;1@0=1;1@1=1;1@5=1;1@9=1;2@8=1;3@2=1;3@9=1;4@8=1;4@0=1;4@7=1;5@4=1;5@1=2;5@3=1;6@1=2;7@2=1;7@4=1;7@6=1;8@1=1,"2,4,8,0,1,5,9,7,3,6",24,21,21,0,1.0,0.016289908929247754,0.875,0.04128990892924766,0.0,0.0,0.8999999999999999,0.4284627437591553,Feasible|selected=greedy
948,947,14,6,8,"ADD:3,7;ADD:4,8;ADD:5,2;ADD:6,9;ADD:7,9;ADD:8,3;REMOVE:1,5;REMOVE:2,8;REMOVE:3,9;REMOVE:4,7;REMOVE:5,7;REMOVE:6,1;REMOVE:7,4;REMOVE:8,1",0:8;1:5|9;2:8;3:9;4:7;5:7;6:1;7:4;8:1;9:-,0:8;1:9;2:-;3:7;4:8;5:2;6:9;7:9;8:3;9:-,0@1=1;0@2=2;0@4=1;1@1=1;1@2=1;1@9=1;3@1=1;3@2=1;3@3=1;3@8=1;4@1=1;4@2=5;4@4=2;4@8=1;4@5=1;4@6=1;5@2=1;6@9=1;7@1=1;7@2=2;7@6=1;8@1=1;8@3=1,"1,2,4,9,3,8,5,6",30,23,23,0,1.0,0.21634507161320038,0.8,0.01634507161320028,0.0,0.0,0.6,0.4006359577178955,Feasible|selected=greedy
949,948,17,9,8,"ADD:0,7;ADD:1,7;ADD:3,3;ADD:3,5;ADD:4,7;ADD:5,0;ADD:6,8;ADD:7,7;ADD:8,7;REMOVE:0,8;REMOVE:1,9;REMOVE:3,7;REMOVE:4,8;REMOVE:5,2;REMOVE:6,9;REMOVE:7,9;REMOVE:8,3",0:8;1:9;2:-;3:7;4:8;5:2;6:9;7:9;8:3;9:-,0:7;1:7;2:-;3:3|5;4:7;5:0;6:8;7:7;8:7;9:-,0@0=3;0@4=2;0@6=1;0@7=2;0@9=1;1@4=2;1@9=1;1@1=1;1@2=1;3@0=1;3@1=1;3@2=2;3@3=1;3@5=1;4@4=1;4@6=1;4@7=1;4@9=1;4@2=1;5@0=1;6@6=1;6@5=1;7@0=2;7@4=1;7@9=1;7@1=2;7@8=1;8@4=1;8@6=1;8@7=1;8@9=1;8@1=1;8@2=2;8@3=1;8@8=1,"0,4,6,7,9,1,2,3,5,8",44,35,35,0,1.0,0.11614199620012577,1.0,0.016141996200125602,0.0,0.0,0.8999999999999999,0.5759317874908447,Feasible|selected=greedy
950,949,14,7,7,"ADD:3,8;ADD:4,8;ADD:5,7;ADD:6,2;ADD:7,2;ADD:8,2;ADD:9,9;REMOVE:3,3;REMOVE:3,5;REMOVE:4,7;REMOVE:5,0;REMOVE:6,8;REMOVE:7,7;REMOVE:8,7",0:7;1:7;2:-;3:3|5;4:7;5:0;6:8;7:7;8:7;9:-,0:7;1:7;2:-;3:8;4:8;5:7;6:2;7:2;8:2;9:9,0@2=1;0@3=1;0@4=2;0@7=1;0@9=1;1@2=4;1@3=1;1@4=1;1@9=1;1@0=1;1@1=1;1@6=1;3@4=2;3@1=1;3@5=1;4@2=1;4@4=3;4@7=2;4@1=2;4@5=1;4@8=2;5@4=1;5@9=1;6@2=1;7@2=1;7@4=2;7@9=1;7@8=1;8@2=1;9@9=1,"2,3,4,7,9,0,1,6,5,8",41,30,30,0,1.0,0.09352867561398104,0.7777777777777778,0.01575089783620315,0.0,0.0,0.7,0.498690128326416,Feasible|selected=greedy
951,950,14,7,7,"ADD:1,8;ADD:2,4;ADD:4,7;ADD:5,8;ADD:6,9;ADD:7,7;ADD:8,5;REMOVE:1,7;REMOVE:4,8;REMOVE:5,7;REMOVE:6,2;REMOVE:7,2;REMOVE:8,2;REMOVE:9,9",0:7;1:7;2:-;3:8;4:8;5:7;6:2;7:2;8:2;9:9,0:7;1:8;2:4;3:8;4:7;5:8;6:9;7:7;8:5;9:-,0@0=2;0@1=1;0@2=1;0@4=2;0@6=2;0@9=1;1@1=1;1@2=2;1@4=2;2@4=1;3@4=1;3@6=1;3@5=1;4@1=1;4@4=2;4@6=1;4@9=1;4@3=1;4@7=1;5@1=3;5@5=1;6@2=1;6@9=1;7@4=1;7@9=2;8@5=1;8@3=1,"0,1,2,4,6,9,5,3,7",36,27,27,0,1.0,0.0888271980141464,0.7777777777777778,0.011049420236368597,0.0,0.0,0.7,0.44096803665161133,Feasible|selected=greedy
952,951,12,6,6,"ADD:3,2;ADD:3,7;ADD:4,2;ADD:6,8;ADD:7,8;ADD:8,3;REMOVE:2,4;REMOVE:3,8;REMOVE:4,7;REMOVE:6,9;REMOVE:7,7;REMOVE:8,5",0:7;1:8;2:4;3:8;4:7;5:8;6:9;7:7;8:5;9:-,0:7;1:8;2:-;3:2|7;4:2;5:8;6:8;7:8;8:3;9:-,0@2=2;0@3=1;0@4=2;0@7=1;0@8=1;1@2=1;1@4=3;1@8=1;1@1=1;1@5=1;1@6=1;3@2=1;3@3=1;3@4=3;3@7=2;3@1=2;3@5=2;3@6=1;3@0=1;4@2=1;4@4=1;4@5=1;4@0=1;4@9=1;5@2=2;5@4=2;5@1=1;5@6=1;6@8=1;6@1=1;7@4=1;7@5=1;8@3=1;8@1=1,"2,3,4,7,8,1,5,6,0,9",45,34,34,0,1.0,0.08528646371157411,0.6666666666666666,0.018619797044907446,0.0,0.0,0.6,0.5273497104644775,Feasible|selected=greedy
953,952,14,6,8,"ADD:0,5;ADD:1,7;ADD:2,8;ADD:3,8;ADD:4,8;ADD:7,5;REMOVE:0,7;REMOVE:1,8;REMOVE:3,2;REMOVE:3,7;REMOVE:4,2;REMOVE:6,8;REMOVE:7,8;REMOVE:8,3",0:7;1:8;2:-;3:2|7;4:2;5:8;6:8;7:8;8:3;9:-,0:5;1:7;2:8;3:8;4:8;5:8;6:-;7:5;8:-;9:-,0@2=1;0@5=1;1@3=1;1@4=1;1@7=1;1@9=1;2@8=1;3@5=1;3@4=1;3@7=1;3@1=1;4@7=2;4@8=2;4@1=1;5@2=2;5@5=1;5@4=1;5@1=1;7@5=1;7@0=2,"2,5,3,4,7,9,8,1,0",24,20,20,0,1.0,0.31209833632249895,0.8888888888888888,0.023209447433610125,0.0,0.0,0.6,0.389117956161499,Feasible|selected=greedy
954,953,12,6,6,"ADD:0,8;ADD:3,4;ADD:4,2;ADD:5,2;ADD:7,2;ADD:8,2;REMOVE:0,5;REMOVE:2,8;REMOVE:3,8;REMOVE:4,8;REMOVE:5,8;REMOVE:7,5",0:5;1:7;2:8;3:8;4:8;5:8;6:-;7:5;8:-;9:-,0:8;1:7;2:-;3:4;4:2;5:2;6:-;7:2;8:2;9:-,0@1=1;0@2=1;0@4=1;1@0=1;1@8=1;1@9=1;3@4=1;4@2=1;4@4=1;4@8=1;4@9=1;5@2=1;5@0=1;7@2=1;7@0=1;8@2=1,"1,2,4,0,8,9",16,16,16,0,1.0,0.289158445267389,0.8571428571428571,0.03201558812453187,0.0,0.0,0.6,0.33368611335754395,Feasible|selected=greedy
955,954,13,8,5,"ADD:0,4;ADD:1,8;ADD:2,6;ADD:3,8;ADD:4,3;ADD:5,7;ADD:6,2;ADD:8,7;REMOVE:0,8;REMOVE:3,4;REMOVE:4,2;REMOVE:5,2;REMOVE:8,2",0:8;1:7;2:-;3:4;4:2;5:2;6:-;7:2;8:2;9:-,0:4;1:7|8;2:6;3:8;4:3;5:7;6:2;7:2;8:7;9:-,0@2=1;0@4=2;1@2=1;1@4=2;1@0=1;1@1=2;1@5=1;1@6=1;2@4=1;2@6=1;3@4=2;3@1=1;3@5=1;4@2=1;4@1=1;4@3=2;5@4=2;5@0=1;5@1=1;5@6=2;5@3=1;6@2=1;7@2=1;7@4=2;7@5=1;7@7=1;7@9=1;8@2=1;8@0=1;8@6=1;8@3=1;8@7=1,"2,4,0,1,5,6,3,7,9",40,32,32,0,1.0,-0.06372251368418969,0.7142857142857143,0.021991772030095898,0.0,0.0,0.7999999999999999,0.5231428146362305,Feasible|selected=greedy
956,955,13,5,8,"ADD:0,7;ADD:4,8;ADD:5,8;ADD:6,7;ADD:7,4;REMOVE:0,4;REMOVE:1,8;REMOVE:2,6;REMOVE:3,8;REMOVE:4,3;REMOVE:5,7;REMOVE:6,2;REMOVE:7,2",0:4;1:7|8;2:6;3:8;4:3;5:7;6:2;7:2;8:7;9:-,0:7;1:7;2:-;3:-;4:8;5:8;6:7;7:4;8:7;9:-,0@0=2;0@1=2;0@3=1;0@4=1;0@7=1;0@9=1;1@0=2;1@1=2;1@4=2;1@7=2;1@2=1;1@8=1;4@1=3;4@4=2;5@4=2;5@8=1;5@5=1;6@0=1;6@4=1;7@4=1;7@2=1;8@0=1;8@9=1,"0,1,3,4,7,9,2,8,5",33,23,23,0,1.0,0.31470332732452,0.8,0.014703327324520003,0.0,0.0,0.5,0.39493608474731445,Feasible|selected=greedy
957,956,9,4,5,"ADD:1,5;ADD:4,7;ADD:5,2;ADD:6,2;REMOVE:1,7;REMOVE:4,8;REMOVE:5,8;REMOVE:6,7;REMOVE:8,7",0:7;1:7;2:-;3:-;4:8;5:8;6:7;7:4;8:7;9:-,0:7;1:5;2:-;3:-;4:7;5:2;6:2;7:4;8:-;9:-,0@1=1;0@2=5;0@3=3;0@4=1;0@6=1;0@7=1;0@9=2;1@3=1;1@5=2;4@1=1;4@2=2;4@6=1;4@7=1;4@0=2;4@8=1;5@2=1;5@4=1;5@5=1;6@2=1;6@4=1;6@5=1;7@2=1;7@4=1,"1,2,3,4,6,7,9,5,0,8",33,23,23,0,1.0,0.3342419345114175,0.7142857142857143,0.0199562202257032,0.0,0.0,0.4,0.4381129741668701,Feasible|selected=greedy
958,957,11,7,4,"ADD:0,3;ADD:1,2;ADD:2,9;ADD:5,7;ADD:6,8;ADD:7,7;ADD:8,3;REMOVE:1,5;REMOVE:5,2;REMOVE:6,2;REMOVE:7,4",0:7;1:5;2:-;3:-;4:7;5:2;6:2;7:4;8:-;9:-,0:3|7;1:2;2:9;3:-;4:7;5:7;6:8;7:7;8:3;9:-,0@0=1;0@1=2;0@3=1;0@4=1;0@5=1;0@7=1;0@9=2;1@3=1;1@4=3;1@5=2;1@9=2;1@2=1;2@9=1;4@1=2;4@4=2;4@7=2;4@9=1;4@2=2;5@1=1;5@4=2;5@7=1;6@5=1;6@6=1;7@0=1;7@3=1;7@7=1;7@6=1;8@1=1;8@3=1;8@5=1,"0,1,3,4,5,7,9,2,6",41,30,30,0,1.0,-0.009814975448454555,0.6666666666666666,0.02351835788487882,0.0,0.0,0.7,0.5623881816864014,Feasible|selected=greedy
959,958,14,7,7,"ADD:0,8;ADD:1,7;ADD:2,7;ADD:4,8;ADD:5,2;ADD:6,9;ADD:8,7;REMOVE:0,3;REMOVE:1,2;REMOVE:2,9;REMOVE:4,7;REMOVE:5,7;REMOVE:6,8;REMOVE:8,3",0:3|7;1:2;2:9;3:-;4:7;5:7;6:8;7:7;8:3;9:-,0:7|8;1:7;2:7;3:-;4:8;5:2;6:9;7:7;8:7;9:-,0@1=1;0@3=1;0@4=2;0@5=2;0@7=1;0@8=1;1@1=1;1@3=2;1@8=1;1@0=1;2@7=1;4@1=1;4@8=1;4@2=1;4@6=1;5@0=1;5@2=1;6@2=1;6@9=1;7@4=1;7@0=1;8@3=1;8@8=1,"1,3,4,5,7,8,0,2,6,9",26,23,23,0,1.0,0.10011261350393841,0.7777777777777778,0.022334835726160535,0.0,0.0,0.7,0.42110514640808105,Feasible|selected=greedy
960,959,10,5,5,"ADD:1,4;ADD:2,4;ADD:3,1;ADD:4,7;ADD:7,1;REMOVE:1,7;REMOVE:2,7;REMOVE:4,8;REMOVE:7,7;REMOVE:8,7",0:7|8;1:7;2:7;3:-;4:8;5:2;6:9;7:7;8:7;9:-,0:7|8;1:4;2:4;3:1;4:7;5:2;6:9;7:1;8:-;9:-,0@0=1;0@1=1;0@4=1;0@5=1;0@8=3;0@9=1;1@4=2;2@4=1;3@1=1;4@0=1;4@4=1;5@0=1;5@2=1;6@9=1;7@1=1,"0,1,4,5,8,9,2",18,15,15,0,1.0,0.11302876795878536,0.5555555555555556,0.057473212403229765,0.0,0.0,0.5,0.31068992614746094,Feasible|selected=greedy
961,960,9,3,6,"ADD:1,8;ADD:5,7;ADD:7,7;REMOVE:0,8;REMOVE:1,4;REMOVE:2,4;REMOVE:3,1;REMOVE:5,2;REMOVE:7,1",0:7|8;1:4;2:4;3:1;4:7;5:2;6:9;7:1;8:-;9:-,0:7;1:8;2:-;3:-;4:7;5:7;6:9;7:7;8:-;9:-,0@7=1;1@4=1;1@5=1;4@4=2;4@1=1;4@2=1;4@6=1;4@8=1;4@9=1;5@1=1;5@6=1;5@0=1;6@1=1;6@2=1;7@7=1;7@6=2;7@8=1;7@0=1,"7,4,5,1,2,6,8,9,0",20,18,18,0,1.0,0.37523562335801186,0.6666666666666666,0.00856895669134526,0.0,0.0,0.30000000000000004,0.35944509506225586,Feasible|selected=greedy
962,961,7,4,3,"ADD:1,7;ADD:5,2;ADD:6,0;ADD:8,8;REMOVE:1,8;REMOVE:5,7;REMOVE:6,9",0:7;1:8;2:-;3:-;4:7;5:7;6:9;7:7;8:-;9:-,0:7;1:7;2:-;3:-;4:7;5:2;6:0;7:7;8:8;9:-,0@1=1;0@2=2;0@4=1;0@7=1;0@9=2;1@2=1;1@3=1;1@6=1;1@8=1;4@1=3;4@2=2;4@7=1;4@9=1;4@3=1;4@0=2;5@2=2;5@4=1;5@9=1;5@5=1;6@0=1;7@4=1;7@0=1;8@1=1;8@4=1,"1,2,4,7,9,3,6,8,0,5",31,24,24,0,1.0,0.11621912937705303,0.5,0.01621912937705304,0.0,0.0,0.4,0.42823100090026855,Feasible|selected=greedy
963,962,9,6,3,"ADD:0,8;ADD:2,3;ADD:3,5;ADD:4,8;ADD:6,7;ADD:8,4;REMOVE:4,7;REMOVE:6,0;REMOVE:8,8",0:7;1:7;2:-;3:-;4:7;5:2;6:0;7:7;8:8;9:-,0:7|8;1:7;2:3;3:5;4:8;5:2;6:7;7:7;8:4;9:-,0@0=1;0@1=1;0@2=2;0@4=1;0@5=1;0@6=1;0@8=1;0@9=1;1@4=3;1@9=1;1@3=1;2@3=1;3@5=1;4@1=1;4@2=1;4@4=1;4@5=1;4@6=2;4@8=2;5@2=1;5@5=1;5@8=1;5@9=1;6@1=1;6@4=1;6@8=1;6@3=2;7@0=1;7@1=1;7@2=3;7@4=2;7@6=1;7@8=2;8@2=2;8@4=1,"0,1,2,4,5,6,8,9,3",46,35,35,0,1.0,-0.156046409139167,0.42857142857142855,0.015382162289404398,0.0,0.0,0.6,0.504439115524292,Feasible|selected=greedy
964,963,19,9,10,"ADD:0,2;ADD:1,8;ADD:1,9;ADD:2,2;ADD:3,7;ADD:4,2;ADD:5,8;ADD:6,9;ADD:8,2;REMOVE:0,7;REMOVE:0,8;REMOVE:1,7;REMOVE:2,3;REMOVE:3,5;REMOVE:4,8;REMOVE:5,2;REMOVE:6,7;REMOVE:7,7;REMOVE:8,4",0:7|8;1:7;2:3;3:5;4:8;5:2;6:7;7:7;8:4;9:-,0:2;1:8|9;2:2;3:7;4:2;5:8;6:9;7:-;8:2;9:-,0@2=1;0@3=1;0@4=1;0@9=1;1@9=2;1@8=1;2@2=1;3@4=1;3@8=1;3@0=1;3@7=2;4@2=2;5@4=4;5@1=1;6@2=2;6@9=1;6@7=1;6@6=2;8@2=1,"2,3,4,9,8,0,7,1,6",27,19,19,0,1.0,0.14074024115231665,1.0,0.04074024115231649,0.0,0.0,0.8999999999999999,0.40366101264953613,Feasible|selected=greedy
965,964,15,8,7,"ADD:0,8;ADD:1,7;ADD:2,1;ADD:3,2;ADD:4,7;ADD:5,7;ADD:6,7;ADD:7,8;REMOVE:1,8;REMOVE:1,9;REMOVE:2,2;REMOVE:3,7;REMOVE:4,2;REMOVE:5,8;REMOVE:6,9",0:2;1:8|9;2:2;3:7;4:2;5:8;6:9;7:-;8:2;9:-,0:2|8;1:7;2:1;3:2;4:7;5:7;6:7;7:8;8:2;9:-,0@0=1;0@1=1;0@2=1;0@4=1;0@5=1;0@8=2;1@0=1;1@1=1;1@2=2;1@8=1;2@1=1;3@2=2;3@5=1;3@7=1;4@1=1;4@2=1;4@4=2;4@7=1;4@3=1;4@6=1;5@0=1;5@1=1;5@2=3;5@4=1;5@7=1;5@3=1;5@9=1;6@1=1;6@2=1;6@4=1;6@7=1;7@4=1;7@5=1;7@7=1;7@6=1;8@2=1;8@4=1;8@5=3;8@7=1;8@3=1,"0,1,2,4,5,8,7,3,6,9",48,40,40,0,1.0,-0.00014827719141807805,0.7777777777777778,0.022073945030804027,0.0,0.0,0.7999999999999999,0.636713981628418,Feasible|selected=greedy
966,965,17,9,8,"ADD:0,7;ADD:1,2;ADD:1,8;ADD:2,8;ADD:3,8;ADD:5,2;ADD:6,8;ADD:7,2;ADD:8,8;REMOVE:0,2;REMOVE:0,8;REMOVE:1,7;REMOVE:2,1;REMOVE:3,2;REMOVE:5,7;REMOVE:7,8;REMOVE:8,2",0:2|8;1:7;2:1;3:2;4:7;5:7;6:7;7:8;8:2;9:-,0:7;1:2|8;2:8;3:8;4:7;5:2;6:7|8;7:2;8:8;9:-,0@1=1;0@2=1;0@3=2;0@4=3;0@9=1;1@1=2;1@2=1;1@4=1;1@0=1;1@5=1;2@1=1;2@4=1;3@2=1;3@4=3;3@5=1;3@7=1;3@8=1;4@1=1;4@3=1;4@4=1;4@0=1;4@7=1;5@2=1;6@1=1;6@2=1;6@0=1;6@5=1;6@7=1;6@8=1;6@6=1;7@2=1;7@4=1;7@0=1;7@8=1;8@1=1;8@2=1;8@4=1,"1,2,3,4,9,0,5,7,8,6",43,37,37,0,1.0,-0.08257620105237329,0.8,0.01742379894762658,0.0,0.0,0.8999999999999999,0.5322182178497314,Feasible|selected=greedy
967,966,12,5,7,"ADD:0,9;ADD:2,7;ADD:3,6;ADD:5,0;ADD:7,7;REMOVE:0,7;REMOVE:1,2;REMOVE:2,8;REMOVE:3,8;REMOVE:5,2;REMOVE:6,8;REMOVE:7,2",0:7;1:2|8;2:8;3:8;4:7;5:2;6:7|8;7:2;8:8;9:-,0:9;1:8;2:7;3:6;4:7;5:0;6:7;7:7;8:8;9:-,0@1=1;0@9=1;1@1=1;1@4=1;1@5=2;2@2=1;2@7=1;3@4=1;3@6=1;4@4=3;4@6=2;4@0=1;5@0=1;6@7=1;7@4=1;7@7=2;8@4=1;8@5=1,"1,9,4,5,2,7,6,0",23,18,18,0,1.0,0.1683578841195138,0.6363636363636364,0.031994247755877496,0.0,0.0,0.5,0.4201340675354004,Feasible|selected=greedy
968,967,16,8,8,"ADD:0,6;ADD:1,4;ADD:4,5;ADD:4,8;ADD:5,3;ADD:6,6;ADD:7,0;ADD:8,1;REMOVE:0,9;REMOVE:1,8;REMOVE:3,6;REMOVE:4,7;REMOVE:5,0;REMOVE:6,7;REMOVE:7,7;REMOVE:8,8",0:9;1:8;2:7;3:6;4:7;5:0;6:7;7:7;8:8;9:-,0:6;1:4;2:7;3:-;4:5|8;5:3;6:6;7:0;8:1;9:-,0@1=1;0@4=1;0@6=1;0@9=2;1@4=1;1@2=1;2@4=1;2@7=1;4@1=1;4@2=1;4@0=1;4@5=1;5@9=1;5@5=1;5@3=1;6@6=1;7@0=1;8@1=1,"1,4,6,9,2,7,0,5,3",19,18,18,0,1.0,0.13067038291315358,0.8888888888888888,0.04178149402426464,0.0,0.0,0.7999999999999999,0.49550294876098633,Feasible|selected=greedy
969,968,18,10,8,"ADD:0,2;ADD:0,8;ADD:1,8;ADD:3,3;ADD:4,7;ADD:5,2;ADD:6,3;ADD:7,8;ADD:8,9;ADD:9,0;REMOVE:0,6;REMOVE:1,4;REMOVE:4,5;REMOVE:4,8;REMOVE:5,3;REMOVE:6,6;REMOVE:7,0;REMOVE:8,1",0:6;1:4;2:7;3:-;4:5|8;5:3;6:6;7:0;8:1;9:-,0:2|8;1:8;2:7;3:3;4:7;5:2;6:3;7:8;8:9;9:0,0@0=2;0@1=1;0@2=2;0@3=1;0@4=1;0@5=1;0@8=1;1@2=2;1@4=3;1@5=1;1@8=2;2@0=1;2@1=1;2@3=1;3@1=1;3@3=1;3@5=1;3@7=1;4@2=4;4@3=2;4@4=1;4@8=1;4@7=1;4@6=1;5@2=3;5@3=1;5@4=1;6@2=2;6@3=2;7@1=1;7@4=1;7@5=1;8@2=1;8@6=1;8@9=1;9@0=1,"0,1,2,3,4,5,8,7,6,9",50,36,36,0,1.0,-0.08116844245821708,0.8888888888888888,0.02994266865289402,0.0,0.0,0.9999999999999999,0.6588191986083984,Feasible|selected=greedy
970,969,12,5,7,"ADD:1,7;ADD:2,8;ADD:3,2;ADD:5,6;ADD:8,7;REMOVE:0,2;REMOVE:1,8;REMOVE:2,7;REMOVE:3,3;REMOVE:5,2;REMOVE:8,9;REMOVE:9,0",0:2|8;1:8;2:7;3:3;4:7;5:2;6:3;7:8;8:9;9:0,0:8;1:7;2:8;3:2;4:7;5:6;6:3;7:8;8:7;9:-,0@1=2;0@2=1;0@4=3;0@5=1;0@8=1;1@2=1;1@4=1;1@3=1;1@6=1;1@9=2;2@1=1;2@2=1;2@5=1;3@2=1;3@4=1;3@5=1;3@8=1;3@0=3;4@1=1;4@4=3;4@8=1;4@3=1;4@9=1;5@4=1;5@6=1;6@5=2;6@3=1;6@9=1;7@4=2;7@5=1;7@8=1;8@1=1;8@4=1;8@8=1;8@3=1;8@9=1,"1,2,4,5,8,3,6,9,0",46,36,36,0,1.0,0.1477009864772637,0.6363636363636364,0.01133735011362739,0.0,0.0,0.5,0.5442290306091309,Feasible|selected=greedy
971,970,8,4,4,"ADD:0,7;ADD:1,2;ADD:5,3;ADD:7,9;REMOVE:0,8;REMOVE:1,7;REMOVE:5,6;REMOVE:6,3",0:8;1:7;2:8;3:2;4:7;5:6;6:3;7:8;8:7;9:-,0:7;1:2;2:8;3:2;4:7;5:3;6:-;7:8|9;8:7;9:-,0@0=1;0@3=1;0@8=3;0@9=1;1@0=1;1@2=1;2@5=1;2@6=1;3@0=1;3@8=1;3@2=1;3@5=1;3@4=6;4@0=1;4@8=1;4@2=1;4@4=1;4@1=2;5@9=1;5@5=1;5@1=1;5@7=1;7@8=2;7@9=1;7@2=2;7@1=1;8@0=1;8@8=1;8@9=1;8@4=2;8@1=1,"0,3,8,9,2,5,6,4,1,7",42,31,31,0,1.0,0.055728484860734784,0.4444444444444444,0.011284040416290412,0.0,0.0,0.4,0.5732200145721436,Feasible|selected=greedy
972,971,14,7,7,"ADD:0,8;ADD:1,7;ADD:3,7;ADD:4,8;ADD:5,8;ADD:6,7;ADD:7,7;REMOVE:1,2;REMOVE:2,8;REMOVE:3,2;REMOVE:4,7;REMOVE:5,3;REMOVE:7,8;REMOVE:7,9",0:7;1:2;2:8;3:2;4:7;5:3;6:-;7:8|9;8:7;9:-,0:7|8;1:7;2:-;3:7;4:8;5:8;6:7;7:7;8:7;9:-,0@0=1;0@1=1;0@2=1;0@4=4;0@5=2;0@6=2;0@7=1;1@1=1;1@2=1;1@6=1;1@3=1;1@8=1;3@0=1;3@1=1;3@4=1;3@7=1;3@3=1;3@9=1;4@2=2;4@6=2;4@8=1;5@1=1;5@6=1;5@8=1;6@4=1;6@9=1;7@0=1;7@1=2;7@2=1;7@4=1;7@6=1;7@7=1;7@9=1;8@0=1;8@1=2;8@2=2;8@6=2;8@3=2;8@8=1,"0,1,2,4,5,6,7,3,8,9",51,39,39,0,1.0,0.08808817681992376,0.7777777777777778,0.010310399042145868,0.0,0.0,0.7,0.5857298374176025,Feasible|selected=greedy
973,972,13,7,6,"ADD:0,2;ADD:1,2;ADD:3,3;ADD:5,9;ADD:6,3;ADD:7,2;ADD:8,2;REMOVE:0,7;REMOVE:0,8;REMOVE:1,7;REMOVE:3,7;REMOVE:5,8;REMOVE:7,7",0:7|8;1:7;2:-;3:7;4:8;5:8;6:7;7:7;8:7;9:-,0:2;1:2;2:-;3:3;4:8;5:9;6:3|7;7:2;8:2|7;9:-,0@0=1;0@2=1;0@3=1;0@5=2;0@9=2;1@2=1;1@9=1;1@4=2;1@8=1;3@2=3;3@5=1;3@9=1;3@1=2;4@4=2;4@8=1;4@1=1;4@6=1;5@2=2;5@9=1;5@1=1;6@3=1;6@5=1;6@9=2;6@4=1;6@6=1;7@2=2;8@0=1;8@2=4;8@5=1;8@9=1;8@4=2;8@8=1;8@1=1;8@7=2,"0,2,3,5,9,4,8,1,6,7",49,34,34,0,1.0,-0.008488263747960412,0.6666666666666666,0.024845069585372952,0.0,0.0,0.7,0.4923861026763916,Feasible|selected=greedy
974,973,13,6,7,"ADD:0,7;ADD:1,7;ADD:3,4;ADD:5,4;ADD:6,4;ADD:7,7;REMOVE:1,2;REMOVE:3,3;REMOVE:5,9;REMOVE:6,3;REMOVE:6,7;REMOVE:7,2;REMOVE:8,7",0:2;1:2;2:-;3:3;4:8;5:9;6:3|7;7:2;8:2|7;9:-,0:2|7;1:7;2:-;3:4;4:8;5:4;6:4;7:7;8:2;9:-,0@0=1;0@1=1;0@2=1;0@5=1;0@7=1;1@1=2;1@3=1;1@4=1;1@6=1;1@8=1;3@4=1;4@1=1;4@5=1;4@7=1;4@4=1;4@6=1;5@4=1;6@4=1;7@0=1;7@1=1;7@2=1;8@2=2;8@3=1;8@8=1,"0,1,2,5,7,3,4,6,8",26,24,24,0,1.0,0.12694252065277034,0.7,0.02694252065277037,0.0,0.0,0.6,0.4181082248687744,Feasible|selected=greedy
975,974,14,6,8,"ADD:0,3;ADD:2,2;ADD:4,7;ADD:6,2;ADD:7,4;ADD:8,8;REMOVE:0,2;REMOVE:0,7;REMOVE:3,4;REMOVE:4,8;REMOVE:5,4;REMOVE:6,4;REMOVE:7,7;REMOVE:8,2",0:2|7;1:7;2:-;3:4;4:8;5:4;6:4;7:7;8:2;9:-,0:3;1:7;2:2;3:-;4:7;5:-;6:2;7:4;8:8;9:-,0@1=1;0@3=1;0@5=1;0@9=1;1@3=1;1@9=1;1@2=1;1@4=1;1@6=1;2@2=1;4@3=1;4@4=1;6@2=1;7@2=2;7@4=1;8@5=1;8@4=1,"1,3,5,9,2,4,6",18,17,17,0,1.0,0.30897870236993275,0.8888888888888888,0.020089813481043915,0.0,0.0,0.6,0.3409430980682373,Feasible|selected=greedy
976,975,12,5,7,"ADD:4,2;ADD:5,6;ADD:6,7;ADD:7,7;ADD:8,6;REMOVE:0,3;REMOVE:1,7;REMOVE:2,2;REMOVE:4,7;REMOVE:6,2;REMOVE:7,4;REMOVE:8,8",0:3;1:7;2:2;3:-;4:7;5:-;6:2;7:4;8:8;9:-,0:-;1:-;2:-;3:-;4:2;5:6;6:7;7:7;8:6;9:-,4@0=2;4@2=1;4@4=1;4@8=1;4@9=1;5@6=1;6@0=3;6@2=1;6@4=1;6@1=1;7@0=1;7@4=1;7@8=1;7@3=1;8@4=1;8@6=1;8@1=1,"0,2,4,8,9,6,1,3",20,17,17,0,1.0,0.5158766274546376,1.0,0.015876627454637665,0.0,0.0,0.5,0.35497498512268066,Feasible|selected=greedy
977,976,11,8,3,"ADD:0,1;ADD:1,7;ADD:3,7;ADD:4,3;ADD:4,7;ADD:5,7;ADD:8,7;ADD:8,8;REMOVE:4,2;REMOVE:5,6;REMOVE:8,6",0:-;1:-;2:-;3:-;4:2;5:6;6:7;7:7;8:6;9:-,0:1;1:7;2:-;3:7;4:3|7;5:7;6:7;7:7;8:7|8;9:-,0@1=1;1@1=1;1@0=3;1@3=1;1@4=2;3@1=1;3@0=1;3@4=2;3@2=2;3@6=1;3@7=1;4@1=3;4@3=1;4@4=1;4@2=1;4@6=3;4@5=2;4@9=1;5@2=1;5@7=1;5@9=1;5@8=1;6@1=1;6@0=1;6@4=2;6@2=1;6@6=1;6@9=1;7@1=2;7@4=1;7@6=1;7@7=1;8@1=1;8@3=1;8@4=1;8@2=1;8@7=1;8@5=1;8@8=1,"1,0,3,4,2,6,7,5,9,8",51,39,39,0,1.0,-0.18590337363759546,0.6,0.014096626362404515,0.0,0.0,0.7999999999999999,0.6035077571868896,Feasible|selected=greedy
978,977,10,5,5,"ADD:1,8;ADD:2,5;ADD:4,2;ADD:6,8;ADD:8,2;REMOVE:0,1;REMOVE:4,3;REMOVE:4,7;REMOVE:6,7;REMOVE:8,7",0:1;1:7;2:-;3:7;4:3|7;5:7;6:7;7:7;8:7|8;9:-,0:-;1:7|8;2:5;3:7;4:2;5:7;6:8;7:7;8:2|8;9:-,1@0=2;1@1=1;1@5=1;1@6=1;1@9=1;2@0=1;2@5=1;2@2=1;2@8=1;3@0=2;3@6=2;3@9=1;3@2=1;3@4=2;4@5=1;4@9=1;4@8=1;5@0=1;5@1=1;5@6=1;5@2=2;5@4=2;6@8=1;6@4=2;7@0=1;7@8=1;8@1=2;8@5=2;8@9=2;8@2=2;8@8=1;8@4=2;8@3=4,"0,1,5,6,9,2,8,4,3",48,33,33,0,1.0,0.011467911730958735,0.5,0.01146791173095871,0.0,0.0,0.5,0.4592127799987793,Feasible|selected=greedy
979,978,11,5,6,"ADD:2,9;ADD:4,7;ADD:6,7;ADD:8,3;ADD:8,7;REMOVE:1,7;REMOVE:2,5;REMOVE:4,2;REMOVE:6,8;REMOVE:8,2;REMOVE:8,8",0:-;1:7|8;2:5;3:7;4:2;5:7;6:8;7:7;8:2|8;9:-,0:-;1:8;2:9;3:7;4:7;5:7;6:7;7:7;8:3|7;9:-,1@2=1;1@4=2;1@7=1;1@8=2;2@2=1;2@6=1;3@2=1;3@4=3;3@7=1;3@1=1;4@2=2;4@4=1;4@1=1;4@3=1;4@9=1;5@7=1;5@1=2;5@0=1;6@2=2;6@7=1;6@1=1;6@0=1;7@4=2;7@7=1;7@8=2;7@1=1;7@9=1;7@0=1;8@4=1;8@7=2;8@1=2;8@3=1;8@9=1;8@5=1,"2,4,7,8,6,1,3,9,0,5",45,34,34,0,1.0,0.12149920144065407,0.6,0.02149920144065413,0.0,0.0,0.5,0.4862368106842041,Feasible|selected=greedy
980,979,9,4,5,"ADD:1,7;ADD:2,4;ADD:4,9;ADD:5,4;REMOVE:1,8;REMOVE:2,9;REMOVE:4,7;REMOVE:5,7;REMOVE:8,3",0:-;1:8;2:9;3:7;4:7;5:7;6:7;7:7;8:3|7;9:-,0:-;1:7;2:4;3:7;4:9;5:4;6:7;7:7;8:7;9:-,1@1=2;1@2=1;1@3=2;1@4=1;1@7=1;1@9=1;2@2=1;2@4=1;3@1=1;3@2=1;3@4=1;3@0=1;3@6=1;3@8=1;4@1=1;4@2=2;4@9=2;5@4=1;6@1=2;6@2=1;6@4=1;6@0=1;6@8=1;7@1=1;7@3=1;7@0=1;7@8=1;8@2=1;8@3=1;8@4=3;8@7=1;8@6=2;8@8=2,"1,2,3,4,7,9,0,6,8",42,33,33,0,1.0,0.16931598158246675,0.5555555555555556,0.013760426026911163,0.0,0.0,0.4,0.4550440311431885,Feasible|selected=greedy
981,980,11,4,7,"ADD:1,8;ADD:4,8;ADD:6,8;ADD:8,9;REMOVE:1,7;REMOVE:2,4;REMOVE:3,7;REMOVE:4,9;REMOVE:5,4;REMOVE:6,7;REMOVE:8,7",0:-;1:7;2:4;3:7;4:9;5:4;6:7;7:7;8:7;9:-,0:-;1:8;2:-;3:-;4:8;5:-;6:8;7:7;8:9;9:-,1@2=1;1@4=1;1@5=1;1@8=2;4@2=1;4@4=3;4@1=2;6@8=1;6@1=1;6@6=1;7@2=1;7@4=1;7@8=1;7@6=1;7@0=1;7@3=1;7@9=1;8@2=2;8@1=3,"2,4,5,8,1,6,0,3,9",26,19,19,0,1.0,0.48684187425848513,0.875,0.01184187425848517,0.0,0.0,0.4,0.39066219329833984,Feasible|selected=greedy
982,981,10,6,4,"ADD:0,2;ADD:1,7;ADD:2,3;ADD:6,4;ADD:8,7;ADD:9,2;REMOVE:1,8;REMOVE:6,8;REMOVE:7,7;REMOVE:8,9",0:-;1:8;2:-;3:-;4:8;5:-;6:8;7:7;8:9;9:-,0:2;1:7;2:3;3:-;4:8;5:-;6:4;7:-;8:7;9:2,0@2=1;1@3=1;1@4=2;1@7=1;2@3=1;2@1=1;4@2=2;4@4=1;4@7=1;4@5=1;4@6=1;4@8=1;6@4=1;8@2=2;8@3=3;8@1=1;8@6=2;8@8=1;8@9=1;9@2=1;9@4=1,"2,3,4,7,1,5,6,8,9",27,21,21,0,1.0,0.22170564407867466,0.8,0.02170564407867457,0.0,0.0,0.6,0.4279608726501465,Feasible|selected=greedy
983,982,9,4,5,"ADD:1,2;ADD:4,2;ADD:6,7;ADD:7,4;REMOVE:0,2;REMOVE:1,7;REMOVE:2,3;REMOVE:6,4;REMOVE:9,2",0:2;1:7;2:3;3:-;4:8;5:-;6:4;7:-;8:7;9:2,0:-;1:2;2:-;3:-;4:2|8;5:-;6:7;7:4;8:7;9:-,1@2=3;1@4=2;1@5=1;4@2=1;4@4=2;4@5=1;4@0=1;4@3=1;4@6=2;4@8=1;6@2=2;6@4=1;6@0=1;6@6=1;7@2=3;7@4=1;8@2=1;8@4=4;8@3=1;8@8=2;8@1=2;8@7=1,"2,4,5,0,3,6,8,1,7",35,22,22,0,1.0,0.33423358444253404,0.7142857142857143,0.019947870156819734,0.0,0.0,0.4,0.37578892707824707,Feasible|selected=greedy
984,983,12,8,4,"ADD:2,8;ADD:3,3;ADD:4,7;ADD:5,9;ADD:6,8;ADD:7,2;ADD:8,6;ADD:8,8;REMOVE:4,8;REMOVE:6,7;REMOVE:7,4;REMOVE:8,7",0:-;1:2;2:-;3:-;4:2|8;5:-;6:7;7:4;8:7;9:-,0:-;1:2;2:8;3:3;4:2|7;5:9;6:8;7:2;8:6|8;9:-,1@2=1;1@3=1;1@4=1;1@5=1;1@7=2;2@4=1;2@5=1;2@6=1;3@3=1;4@2=1;4@4=1;4@5=1;4@7=1;4@0=1;4@1=2;5@2=1;5@1=1;5@9=1;6@2=2;6@7=1;6@1=2;6@8=1;7@3=1;7@4=3;7@5=1;8@4=1;8@5=1;8@6=2;8@9=1,"2,3,4,5,7,6,0,1,9,8",36,29,29,0,1.0,-0.11027158659589198,0.6666666666666666,0.023061746737441276,0.0,0.0,0.7999999999999999,0.5427718162536621,Feasible|selected=greedy
985,984,14,7,7,"ADD:1,3;ADD:1,7;ADD:3,8;ADD:4,8;ADD:5,3;ADD:5,7;ADD:8,2;REMOVE:1,2;REMOVE:2,8;REMOVE:3,3;REMOVE:4,7;REMOVE:5,9;REMOVE:8,6;REMOVE:8,8",0:-;1:2;2:8;3:3;4:2|7;5:9;6:8;7:2;8:6|8;9:-,0:-;1:3|7;2:-;3:8;4:2|8;5:3|7;6:8;7:2;8:2;9:-,1@1=1;1@2=1;1@3=1;1@4=1;1@5=1;1@6=1;1@9=1;3@5=1;3@7=1;4@2=2;4@3=1;4@4=1;4@5=1;4@6=1;4@8=2;5@2=1;5@3=2;5@6=2;5@0=1;6@1=2;6@2=2;6@8=2;7@4=2;7@5=1;7@9=2;7@7=2;7@0=1;8@2=2;8@3=1;8@4=2;8@5=1;8@8=1,"1,2,3,4,5,6,9,7,8,0",44,32,32,0,1.0,0.025899669830906635,0.7,0.0258996698309066,0.0,0.0,0.7,0.4926159381866455,Feasible|selected=greedy
986,985,15,7,8,"ADD:2,2;ADD:3,2;ADD:4,7;ADD:5,9;ADD:6,4;ADD:8,7;ADD:8,8;REMOVE:1,3;REMOVE:3,8;REMOVE:4,2;REMOVE:4,8;REMOVE:5,3;REMOVE:5,7;REMOVE:6,8;REMOVE:8,2",0:-;1:3|7;2:-;3:8;4:2|8;5:3|7;6:8;7:2;8:2;9:-,0:-;1:7;2:2;3:2;4:7;5:9;6:4;7:2;8:7|8;9:-,1@2=1;1@4=1;1@7=1;1@9=1;2@2=1;3@2=4;3@4=2;3@0=1;4@2=2;4@4=1;4@9=1;4@6=1;5@2=1;5@9=1;5@1=1;6@2=1;6@4=2;7@2=1;7@4=3;7@3=1;7@5=1;7@8=2;8@2=1;8@4=1;8@9=2;8@6=2;8@1=1;8@5=1;8@8=1,"2,4,7,9,0,6,1,3,5,8",40,29,29,0,1.0,0.12816597095931337,0.8,0.02816597095931328,0.0,0.0,0.7,0.4874229431152344,Feasible|selected=greedy
987,986,11,5,6,"ADD:0,7;ADD:1,3;ADD:5,1;ADD:6,7;ADD:7,4;REMOVE:1,7;REMOVE:2,2;REMOVE:5,9;REMOVE:6,4;REMOVE:7,2;REMOVE:8,8",0:-;1:7;2:2;3:2;4:7;5:9;6:4;7:2;8:7|8;9:-,0:7;1:3;2:-;3:2;4:7;5:1;6:7;7:4;8:7;9:-,0@7=1;1@1=1;1@2=1;1@5=1;1@9=1;3@2=1;3@0=1;4@7=2;4@1=1;4@2=1;4@0=1;4@3=1;5@1=1;6@1=1;6@2=1;6@0=1;6@4=1;6@6=1;7@2=1;7@4=1;7@6=1;8@7=1;8@0=2;8@4=2,"7,1,2,5,9,0,3,4,6",27,24,24,0,1.0,0.1937440427503465,0.6666666666666666,0.027077376083679914,0.0,0.0,0.5,0.45404577255249023,Feasible|selected=greedy
988,987,12,5,7,"ADD:1,7;ADD:4,4;ADD:5,2;ADD:6,9;ADD:7,7;REMOVE:0,7;REMOVE:1,3;REMOVE:3,2;REMOVE:4,7;REMOVE:5,1;REMOVE:6,7;REMOVE:7,4",0:7;1:3;2:-;3:2;4:7;5:1;6:7;7:4;8:7;9:-,0:-;1:7;2:-;3:-;4:4;5:2;6:9;7:7;8:7;9:-,1@0=3;1@1=1;1@2=2;1@4=2;1@8=3;1@9=1;4@4=1;5@0=1;5@2=1;5@8=1;6@2=1;6@6=1;7@1=1;7@7=1;8@2=1;8@4=1;8@9=1;8@6=1;8@7=1;8@3=1,"0,1,2,4,8,9,6,7,3",26,20,20,0,1.0,0.39066362922176434,0.875,0.015663629221764324,0.0,0.0,0.5,0.3744950294494629,Feasible|selected=greedy
989,988,9,5,4,"ADD:2,2;ADD:3,2;ADD:4,2;ADD:6,8;ADD:9,0;REMOVE:4,4;REMOVE:5,2;REMOVE:6,9;REMOVE:7,7",0:-;1:7;2:-;3:-;4:4;5:2;6:9;7:7;8:7;9:-,0:-;1:7;2:2;3:2;4:2;5:-;6:8;7:-;8:7;9:0,1@2=1;1@3=1;1@7=1;2@0=1;2@5=1;2@9=1;3@2=1;4@2=1;4@9=1;4@4=1;6@4=2;6@8=1;8@2=1;8@9=1;8@4=2;8@1=1;9@0=1,"2,3,7,0,5,9,4,8,1",19,17,17,0,1.0,0.1908286853656581,0.6666666666666666,0.02416201869899145,0.0,0.0,0.5,0.37390589714050293,Feasible|selected=greedy
990,989,13,8,5,"ADD:0,8;ADD:2,8;ADD:4,3;ADD:4,7;ADD:5,5;ADD:6,4;ADD:7,7;ADD:7,8;REMOVE:2,2;REMOVE:3,2;REMOVE:4,2;REMOVE:6,8;REMOVE:9,0",0:-;1:7;2:2;3:2;4:2;5:-;6:8;7:-;8:7;9:0,0:8;1:7;2:8;3:-;4:3|7;5:5;6:4;7:7|8;8:7;9:-,0@1=2;0@5=2;1@2=1;1@4=2;1@7=1;2@8=1;4@1=1;4@5=3;4@2=2;4@4=2;4@7=1;4@3=3;4@9=3;5@5=1;6@4=1;7@1=2;7@5=1;7@2=1;7@7=2;7@8=1;7@0=1;8@1=4;8@4=3;8@7=1;8@8=1;8@0=2,"1,5,2,4,7,8,3,9,0",45,26,26,0,1.0,-0.061093197769709895,0.7142857142857143,0.024621087944575733,0.0,0.0,0.7999999999999999,0.4279139041900635,Feasible|selected=greedy
991,990,15,8,7,"ADD:0,2;ADD:0,7;ADD:2,5;ADD:5,7;ADD:6,2;ADD:6,7;ADD:7,2;ADD:7,9;REMOVE:0,8;REMOVE:2,8;REMOVE:4,3;REMOVE:5,5;REMOVE:6,4;REMOVE:7,7;REMOVE:7,8",0:8;1:7;2:8;3:-;4:3|7;5:5;6:4;7:7|8;8:7;9:-,0:2|7;1:7;2:5;3:-;4:7;5:7;6:2|7;7:2|9;8:7;9:-,0@0=1;0@2=3;0@3=1;0@4=3;0@5=2;0@6=1;0@7=1;0@9=1;1@4=3;1@7=1;1@9=2;1@1=2;2@5=1;4@2=2;4@3=1;4@4=1;4@6=1;4@1=1;4@8=1;5@2=1;5@7=1;6@0=1;6@4=1;6@5=1;6@7=1;6@9=1;6@1=1;7@0=2;7@2=3;7@5=1;7@6=1;7@9=1;7@1=1;8@2=2;8@3=1;8@4=6;8@7=2;8@9=1;8@1=2;8@8=2,"0,2,3,4,5,6,7,9,1,8",62,40,40,0,1.0,-0.07736951002152581,0.7,0.02263048997847414,0.0,0.0,0.7999999999999999,0.5963387489318848,Feasible|selected=greedy
992,991,11,5,6,"ADD:2,4;ADD:3,4;ADD:5,2;ADD:7,7;ADD:9,7;REMOVE:0,2;REMOVE:2,5;REMOVE:5,7;REMOVE:6,2;REMOVE:7,2;REMOVE:7,9",0:2|7;1:7;2:5;3:-;4:7;5:7;6:2|7;7:2|9;8:7;9:-,0:7;1:7;2:4;3:4;4:7;5:2;6:7;7:7;8:7;9:7,0@1=1;0@4=1;0@8=1;0@9=2;1@4=1;1@8=3;1@9=1;1@2=1;1@7=2;2@4=1;3@4=2;3@2=2;4@4=1;4@8=4;4@2=2;4@7=1;4@3=1;4@6=1;5@4=3;5@9=1;5@3=1;5@0=1;5@5=1;6@9=1;6@2=1;6@6=1;6@0=2;7@1=2;7@4=1;7@9=1;7@3=1;7@6=1;8@4=1;8@2=1;8@7=2;8@6=1;9@4=1;9@3=1,"1,4,8,9,2,7,3,6,0,5",53,38,38,0,1.0,0.06053241381544039,0.5454545454545454,0.015077868360894921,0.0,0.0,0.5,0.6241939067840576,Feasible|selected=greedy
993,992,11,5,6,"ADD:1,9;ADD:2,2;ADD:3,7;ADD:5,8;ADD:7,8;REMOVE:1,7;REMOVE:2,4;REMOVE:3,4;REMOVE:5,2;REMOVE:7,7;REMOVE:9,7",0:7;1:7;2:4;3:4;4:7;5:2;6:7;7:7;8:7;9:7,0:7;1:9;2:2;3:7;4:7;5:8;6:7;7:8;8:7;9:-,0@0=1;0@1=1;0@2=5;0@3=1;0@4=2;0@6=1;1@1=1;1@3=1;1@7=1;1@9=1;2@4=1;2@9=1;2@5=1;3@2=4;3@4=2;3@7=2;3@9=1;3@8=1;4@0=1;4@2=1;4@3=1;4@7=1;4@9=2;5@2=1;5@4=1;5@7=1;5@8=1;6@2=1;6@3=1;6@4=3;6@6=1;6@9=2;7@2=2;7@8=1;8@0=2;8@1=2;8@3=2;8@4=1;8@6=1;8@7=1;8@8=1,"0,1,2,3,4,6,7,9,5,8",59,41,41,0,1.0,0.11212778312918137,0.6,0.012127783129181339,0.0,0.0,0.5,0.5635802745819092,Feasible|selected=greedy
994,993,11,7,4,"ADD:1,7;ADD:1,8;ADD:2,9;ADD:4,3;ADD:6,8;ADD:7,2;ADD:8,5;REMOVE:1,9;REMOVE:2,2;REMOVE:6,7;REMOVE:7,8",0:7;1:9;2:2;3:7;4:7;5:8;6:7;7:8;8:7;9:-,0:7;1:7|8;2:9;3:7;4:3|7;5:8;6:8;7:2;8:5|7;9:-,0@1=1;0@2=2;0@7=1;1@1=1;1@2=2;1@7=1;1@4=4;1@5=1;1@6=1;1@9=2;2@2=1;2@6=1;2@9=1;3@1=1;3@2=3;3@6=1;3@9=1;3@0=1;3@8=1;4@1=1;4@2=1;4@7=1;4@5=1;4@0=1;4@3=1;5@2=1;5@8=1;6@1=1;6@7=1;6@4=1;6@5=1;7@2=2;7@0=1;7@8=1;8@4=2;8@5=2;8@6=1;8@0=1;8@3=1,"1,2,7,4,5,6,9,0,8,3",50,39,39,0,1.0,-0.23433458756911063,0.4444444444444444,0.0212209679864449,0.0,0.0,0.7,0.5791680812835693,Feasible|selected=greedy
995,994,14,6,8,"ADD:0,9;ADD:2,4;ADD:4,6;ADD:5,5;ADD:6,2;ADD:7,7;REMOVE:0,7;REMOVE:1,8;REMOVE:2,9;REMOVE:4,3;REMOVE:4,7;REMOVE:6,8;REMOVE:7,2;REMOVE:8,5",0:7;1:7|8;2:9;3:7;4:3|7;5:8;6:8;7:2;8:5|7;9:-,0:9;1:7;2:4;3:7;4:6;5:5|8;6:2;7:7;8:7;9:-,0@1=1;0@3=1;0@7=1;0@9=1;1@7=1;2@2=1;2@4=1;3@1=1;3@9=1;3@4=2;4@6=1;5@1=1;5@0=1;5@5=1;6@2=1;7@7=1;7@2=1;8@1=1;8@9=1;8@2=1;8@4=1,"1,3,7,9,2,4,6,0,5",22,21,21,0,1.0,0.09984076850780155,0.6666666666666666,0.033174101841134854,0.0,0.0,0.6,0.4031651020050049,Feasible|selected=greedy
996,995,14,6,8,"ADD:0,4;ADD:3,2;ADD:4,7;ADD:5,9;ADD:6,7;ADD:8,0;REMOVE:0,9;REMOVE:2,4;REMOVE:3,7;REMOVE:4,6;REMOVE:5,5;REMOVE:5,8;REMOVE:6,2;REMOVE:8,7",0:9;1:7;2:4;3:7;4:6;5:5|8;6:2;7:7;8:7;9:-,0:4;1:7;2:-;3:2;4:7;5:9;6:7;7:7;8:0;9:-,0@4=1;1@6=1;1@7=1;3@4=1;3@0=1;3@2=2;3@8=4;4@4=1;4@7=1;4@2=1;5@7=1;5@2=1;5@9=1;6@7=1;6@1=1;7@4=1;7@6=1;7@7=1;7@2=1;7@1=1;8@0=2,"4,6,7,0,2,8,9,1",26,21,21,0,1.0,0.23811116504028507,0.8,0.03811116504028498,0.0,0.0,0.6,0.48045802116394043,Feasible|selected=greedy
997,996,13,8,5,"ADD:0,9;ADD:1,8;ADD:2,4;ADD:3,7;ADD:4,8;ADD:5,7;ADD:6,8;ADD:8,7;REMOVE:0,4;REMOVE:4,7;REMOVE:5,9;REMOVE:6,7;REMOVE:8,0",0:4;1:7;2:-;3:2;4:7;5:9;6:7;7:7;8:0;9:-,0:9;1:7|8;2:4;3:2|7;4:8;5:7;6:8;7:7;8:7;9:-,0@1=2;0@2=1;1@1=1;1@2=1;1@3=1;1@4=1;1@5=1;1@7=1;1@8=1;2@4=1;3@2=1;3@3=1;3@4=1;3@5=1;3@7=1;3@0=1;3@6=2;4@2=2;4@4=2;4@8=1;4@6=1;5@1=1;5@2=2;5@8=1;5@0=1;6@1=1;6@2=1;6@4=1;6@5=2;7@1=2;7@2=1;7@3=1;7@4=3;7@9=1;8@1=1;8@2=6;8@3=1;8@4=4;8@0=1;8@6=1,"1,2,3,4,5,7,8,0,6,9",57,40,40,0,1.0,-0.16464958278136355,0.625,0.010350417218636384,0.0,0.0,0.7999999999999999,0.6152389049530029,Feasible|selected=greedy
998,997,13,6,7,"ADD:0,8;ADD:2,3;ADD:4,7;ADD:5,8;ADD:6,7;ADD:7,2;REMOVE:0,9;REMOVE:1,7;REMOVE:2,4;REMOVE:3,2;REMOVE:4,8;REMOVE:6,8;REMOVE:7,7",0:9;1:7|8;2:4;3:2|7;4:8;5:7;6:8;7:7;8:7;9:-,0:8;1:8;2:3;3:7;4:7;5:7|8;6:7;7:2;8:7;9:-,0@2=4;0@4=2;0@8=1;1@2=3;1@1=1;1@5=1;2@1=1;2@5=1;2@3=1;3@2=1;3@4=1;3@1=1;3@3=2;3@0=1;3@9=2;4@2=1;4@4=2;4@3=1;4@6=2;5@4=2;5@8=1;5@1=1;5@5=1;5@3=1;5@0=1;6@8=1;6@1=1;6@0=1;6@9=1;7@2=1;7@4=1;7@8=1;7@5=1;7@0=1;8@3=1;8@0=1,"2,4,8,1,5,3,0,9,6",47,36,36,0,1.0,0.04475367191225743,0.6363636363636364,0.008390035548621071,0.0,0.0,0.6,0.566936731338501,Feasible|selected=greedy
999,998,10,6,4,"ADD:0,7;ADD:2,5;ADD:2,9;ADD:4,8;ADD:6,8;ADD:8,8;REMOVE:0,8;REMOVE:2,3;REMOVE:5,8;REMOVE:6,7",0:8;1:8;2:3;3:7;4:7;5:7|8;6:7;7:2;8:7;9:-,0:7;1:8;2:5|9;3:7;4:7|8;5:7;6:8;7:2;8:7|8;9:-,0@0=1;0@4=1;0@6=1;0@7=1;0@8=1;1@4=2;1@8=1;1@5=1;2@6=1;2@5=1;2@3=1;3@4=4;3@7=2;3@1=1;3@2=1;4@0=1;4@4=1;4@5=1;4@1=1;5@7=1;5@1=1;6@8=1;6@1=1;6@2=2;7@4=1;7@5=1;7@2=3;8@4=2;8@6=2;8@7=2;8@8=1;8@5=2;8@3=1;8@1=1;8@2=2;8@9=1,"0,4,6,7,8,5,3,1,2,9",49,36,36,0,1.0,-0.17372504554432544,0.4,0.026274954455674543,0.0,0.0,0.6,0.521420955657959,Feasible|selected=greedy
1000,999,9,4,5,"ADD:0,8;ADD:1,2;ADD:1,7;ADD:6,2;REMOVE:1,8;REMOVE:2,5;REMOVE:2,9;REMOVE:4,8;REMOVE:6,8",0:7;1:8;2:5|9;3:7;4:7|8;5:7;6:8;7:2;8:7|8;9:-,0:7|8;1:2|7;2:-;3:7;4:7;5:7;6:2;7:2;8:7|8;9:-,0@0=2;0@1=3;0@2=1;0@4=1;0@5=1;0@7=1;0@8=1;1@0=2;1@2=1;1@4=1;1@5=1;1@7=1;1@6=1;3@2=2;3@7=2;4@1=1;4@4=1;4@3=1;5@0=1;5@1=3;5@2=2;5@8=1;6@2=1;7@0=3;7@4=1;7@5=1;7@7=1;8@0=1;8@2=3;8@5=2;8@7=2;8@8=2;8@6=1,"0,1,2,4,5,7,8,6,3",49,33,33,0,1.0,0.03824057732406466,0.4166666666666667,0.021573910657398023,0.0,0.0,0.4,0.47617506980895996,Feasible|selected=greedy
1001,1000,11,4,7,"ADD:2,2;ADD:5,9;ADD:6,8;ADD:7,4;REMOVE:0,7;REMOVE:0,8;REMOVE:1,2;REMOVE:4,7;REMOVE:5,7;REMOVE:6,2;REMOVE:7,2",0:7|8;1:2|7;2:-;3:7;4:7;5:7;6:2;7:2;8:7|8;9:-,0:-;1:7;2:2;3:7;4:-;5:9;6:8;7:4;8:7|8;9:-,1@0=1;1@4=1;2@2=1;3@4=1;3@8=1;3@9=1;5@2=3;5@1=1;6@2=1;6@8=1;6@1=1;7@4=1;8@0=2;8@4=4;8@1=1;8@5=1;8@6=1,"0,4,2,8,9,1,5,6",23,17,17,0,1.0,0.25017502679101367,0.6363636363636364,0.013811390427377286,0.0,0.0,0.4,0.3504650592803955,Feasible|selected=greedy
1002,1001,11,5,6,"ADD:1,3;ADD:2,4;ADD:5,8;ADD:6,4;ADD:7,7;REMOVE:1,7;REMOVE:2,2;REMOVE:5,9;REMOVE:6,8;REMOVE:7,4;REMOVE:8,7",0:-;1:7;2:2;3:7;4:-;5:9;6:8;7:4;8:7|8;9:-,0:-;1:3;2:4;3:7;4:-;5:8;6:4;7:7;8:8;9:-,1@1=1;1@5=1;1@7=1;1@9=1;2@4=1;3@1=1;3@7=2;3@2=1;5@5=2;5@6=1;6@4=1;7@9=1;7@4=1;8@7=1;8@6=1;8@8=1,"1,5,7,9,4,2,6,8",18,16,16,0,1.0,0.27437650645591927,0.75,0.02437650645591931,0.0,0.0,0.5,0.34170007705688477,Feasible|selected=greedy
1003,1002,11,6,5,"ADD:1,7;ADD:2,1;ADD:4,4;ADD:5,4;ADD:6,9;ADD:8,4;REMOVE:1,3;REMOVE:2,4;REMOVE:5,8;REMOVE:6,4;REMOVE:8,8",0:-;1:3;2:4;3:7;4:-;5:8;6:4;7:7;8:8;9:-,0:-;1:7;2:1;3:7;4:4;5:4;6:9;7:7;8:4;9:-,1@0=2;1@2=1;1@6=1;2@1=1;3@2=1;3@4=1;3@7=1;4@2=1;4@4=1;5@4=1;6@2=1;6@1=1;6@9=1;7@0=1;7@2=1;7@1=1;7@9=1;8@4=2,"0,2,6,1,4,7,9",20,18,18,0,1.0,0.14671360343566964,0.7142857142857143,0.03242788914995533,0.0,0.0,0.6,0.3656342029571533,Feasible|selected=greedy
1004,1003,14,7,7,"ADD:0,4;ADD:3,8;ADD:4,7;ADD:5,2;ADD:6,7;ADD:7,2;ADD:8,7;REMOVE:2,1;REMOVE:3,7;REMOVE:4,4;REMOVE:5,4;REMOVE:6,9;REMOVE:7,7;REMOVE:8,4",0:-;1:7;2:1;3:7;4:4;5:4;6:9;7:7;8:4;9:-,0:4;1:7;2:-;3:8;4:7;5:2;6:7;7:2;8:7;9:-,0@4=1;1@4=2;1@0=2;1@1=1;1@3=1;1@9=1;3@4=1;3@1=1;3@2=2;3@7=1;3@8=1;4@4=1;4@1=1;4@3=1;4@7=2;4@8=2;4@6=1;5@0=1;5@3=2;5@2=1;5@8=1;6@3=1;6@7=1;7@4=1;7@0=1;7@2=2;7@5=1;8@4=3;8@0=1;8@2=2;8@7=1;8@8=1;8@6=2,"4,0,1,3,9,2,7,8,6,5",44,33,33,0,1.0,0.19450800849376237,0.875,0.0195080084937623,0.0,0.0,0.7,0.5069808959960938,Feasible|selected=greedy
1005,1004,9,5,4,"ADD:0,9;ADD:2,4;ADD:3,7;ADD:5,4;ADD:8,8;REMOVE:0,4;REMOVE:3,8;REMOVE:5,2;REMOVE:6,7",0:4;1:7;2:-;3:8;4:7;5:2;6:7;7:2;8:7;9:-,0:9;1:7;2:4;3:7;4:7;5:4;6:-;7:2;8:7|8;9:-,0@1=1;0@2=3;0@3=3;0@7=1;0@9=2;1@1=3;1@3=1;1@7=1;1@9=1;1@0=2;1@4=1;2@4=1;3@1=2;3@2=2;3@3=1;3@7=2;3@9=2;3@0=1;3@6=1;3@8=2;4@7=1;4@9=1;4@4=1;5@4=1;7@2=2;7@0=1;7@4=1;8@1=2;8@2=2;8@3=2;8@7=1;8@4=1;8@6=2;8@5=1,"1,2,3,7,9,0,4,6,8,5",52,34,34,0,1.0,0.02263435702368588,0.5,0.022634357023685835,0.0,0.0,0.5,0.4903590679168701,Feasible|selected=greedy
1006,1005,13,6,7,"ADD:0,8;ADD:1,8;ADD:2,8;ADD:3,2;ADD:4,8;ADD:5,7;REMOVE:0,9;REMOVE:1,7;REMOVE:2,4;REMOVE:3,7;REMOVE:4,7;REMOVE:5,4;REMOVE:8,7",0:9;1:7;2:4;3:7;4:7;5:4;6:-;7:2;8:7|8;9:-,0:8;1:8;2:8;3:2;4:8;5:7;6:-;7:2;8:8;9:-,0@5=1;0@6=2;0@7=1;1@5=2;1@1=2;1@4=2;2@1=1;2@4=1;3@2=2;4@5=1;4@7=1;4@4=3;4@2=2;4@8=2;5@7=1;5@1=1;5@4=2;5@2=1;5@0=1;5@9=1;7@5=1;7@7=1;7@4=1;7@2=1;7@9=1;8@5=1;8@1=1;8@2=1,"5,6,7,1,4,2,8,0,9",38,28,28,0,1.0,0.19236528339107828,0.7777777777777778,0.014587505613300451,0.0,0.0,0.6,0.45910120010375977,Feasible|selected=greedy
1007,1006,13,8,5,"ADD:0,0;ADD:0,7;ADD:2,5;ADD:5,8;ADD:5,9;ADD:6,7;ADD:7,8;ADD:8,7;REMOVE:0,8;REMOVE:2,8;REMOVE:5,7;REMOVE:7,2;REMOVE:8,8",0:8;1:8;2:8;3:2;4:8;5:7;6:-;7:2;8:8;9:-,0:0|7;1:8;2:5;3:2;4:8;5:8|9;6:7;7:8;8:7;9:-,0@0=1;0@1=2;0@2=4;0@3=1;0@4=1;0@5=1;0@7=1;1@2=2;1@4=3;1@8=3;2@5=1;3@2=3;3@3=1;3@4=3;3@5=2;4@1=2;4@2=1;4@4=3;4@5=1;5@1=1;5@4=1;5@5=1;5@9=3;6@1=2;6@2=2;6@3=1;6@7=1;7@5=1;7@8=1;8@0=2;8@1=2;8@4=1;8@9=1,"0,1,2,3,4,5,7,8,9",56,33,33,0,1.0,-0.1499620068427232,0.625,0.02503799315727669,0.0,0.0,0.7999999999999999,0.5027399063110352,Feasible|selected=greedy
1008,1007,15,7,8,"ADD:1,7;ADD:2,2;ADD:3,7;ADD:3,8;ADD:4,7;ADD:5,2;ADD:7,2;REMOVE:0,0;REMOVE:1,8;REMOVE:2,5;REMOVE:3,2;REMOVE:4,8;REMOVE:5,8;REMOVE:5,9;REMOVE:7,8",0:0|7;1:8;2:5;3:2;4:8;5:8|9;6:7;7:8;8:7;9:-,0:7;1:7;2:2;3:7|8;4:7;5:2;6:7;7:2;8:7;9:-,0@1=1;0@2=1;0@7=3;0@8=1;0@9=1;1@1=2;1@2=3;1@9=1;1@4=2;2@2=1;3@1=1;3@7=2;3@8=1;3@9=1;3@4=1;3@3=1;3@5=1;4@1=2;4@2=2;4@4=2;4@0=1;5@2=2;5@0=1;6@1=3;6@7=2;7@2=1;7@4=1;7@5=1;8@1=1;8@2=1;8@7=1;8@4=1;8@3=1;8@6=1,"1,2,7,8,9,4,3,5,0,6",48,34,34,0,1.0,0.054777264360685196,0.7272727272727273,0.02750453708795789,0.0,0.0,0.7,0.507404088973999,Feasible|selected=greedy
1009,1008,15,8,7,"ADD:0,2;ADD:1,9;ADD:2,7;ADD:4,6;ADD:5,8;ADD:8,2;ADD:8,3;ADD:9,7;REMOVE:0,7;REMOVE:1,7;REMOVE:2,2;REMOVE:3,8;REMOVE:4,7;REMOVE:5,2;REMOVE:8,7",0:7;1:7;2:2;3:7|8;4:7;5:2;6:7;7:2;8:7;9:-,0:2;1:9;2:7;3:7;4:6;5:8;6:7;7:2;8:2|3;9:7,0@0=2;0@2=2;0@4=1;0@5=1;0@7=1;0@9=1;1@9=1;1@3=1;2@7=1;3@4=1;3@9=1;3@3=1;4@4=3;4@1=3;4@6=1;5@4=2;5@1=1;6@4=1;6@3=1;7@0=1;7@2=1;7@5=1;7@9=1;7@3=1;8@2=2;8@4=2;8@5=1;8@9=1;8@3=1;8@1=1;9@4=1;9@3=1,"0,2,4,5,7,9,3,1,6",41,32,32,0,1.0,-0.07734212291691156,0.7,0.022657877083088453,0.0,0.0,0.7999999999999999,0.5004758834838867,Feasible|selected=greedy
1010,1009,17,6,11,"ADD:0,8;ADD:1,2;ADD:4,9;ADD:5,7;ADD:7,8;ADD:8,8;REMOVE:0,2;REMOVE:1,9;REMOVE:2,7;REMOVE:3,7;REMOVE:4,6;REMOVE:5,8;REMOVE:6,7;REMOVE:7,2;REMOVE:8,2;REMOVE:8,3;REMOVE:9,7",0:2;1:9;2:7;3:7;4:6;5:8;6:7;7:2;8:2|3;9:7,0:8;1:2;2:-;3:-;4:9;5:7;6:-;7:8;8:8;9:-,0@1=1;0@2=1;0@6=1;0@8=2;1@8=1;1@0=1;1@4=2;1@5=1;1@7=1;1@9=1;4@1=2;4@2=1;5@0=1;5@7=2;7@1=1;7@4=1;8@1=2;8@2=2;8@5=1,"1,2,6,8,0,4,5,7,9",25,19,19,0,1.0,0.4168883907375015,1.0,0.01688839073750158,0.0,0.0,0.6,0.40058112144470215,Feasible|selected=greedy
1011,1010,12,7,5,"ADD:0,7;ADD:1,7;ADD:2,0;ADD:3,2;ADD:4,2;ADD:7,7;ADD:8,7;REMOVE:0,8;REMOVE:1,2;REMOVE:4,9;REMOVE:7,8;REMOVE:8,8",0:8;1:2;2:-;3:-;4:9;5:7;6:-;7:8;8:8;9:-,0:7;1:7;2:0;3:2;4:2;5:7;6:-;7:7;8:7;9:-,0@0=1;0@1=2;0@2=2;0@3=1;0@8=3;1@1=1;1@2=1;1@3=1;1@8=1;1@4=1;1@6=1;1@7=1;1@9=1;2@0=1;3@2=1;3@8=1;3@4=1;3@9=1;3@5=1;4@2=1;4@3=1;4@4=1;4@9=1;5@0=1;5@8=1;5@4=2;7@0=1;7@1=2;7@3=1;7@4=1;7@9=1;8@1=1;8@2=3;8@3=1;8@4=2;8@6=1;8@7=1,"0,1,2,3,8,4,6,7,9,5",46,37,37,0,1.0,0.14436162298986577,0.8333333333333334,0.011028289656532325,0.0,0.0,0.7,0.5641558170318604,Feasible|selected=greedy
1012,1011,9,5,4,"ADD:2,8;ADD:4,8;ADD:5,4;ADD:6,4;ADD:7,8;REMOVE:2,0;REMOVE:4,2;REMOVE:5,7;REMOVE:7,7",0:7;1:7;2:0;3:2;4:2;5:7;6:-;7:7;8:7;9:-,0:7;1:7;2:8;3:2;4:8;5:4;6:4;7:8;8:7;9:-,0@1=1;0@2=2;0@3=1;0@4=1;0@8=1;0@9=1;1@2=4;1@3=1;1@4=1;1@6=1;1@7=1;2@8=1;3@2=3;3@3=3;3@4=1;4@4=1;4@8=3;4@7=1;4@5=3;5@4=2;6@4=1;7@1=1;7@2=1;7@4=1;7@6=1;7@5=1;8@2=2;8@4=3;8@6=1;8@7=1,"1,2,3,4,8,9,6,7,5",46,30,30,0,1.0,0.024782995470931657,0.5,0.02478299547093161,0.0,0.0,0.5,0.44986915588378906,Feasible|selected=greedy
1013,1012,13,7,6,"ADD:0,8;ADD:1,2;ADD:3,9;ADD:4,2;ADD:5,7;ADD:6,8;ADD:7,2;REMOVE:1,7;REMOVE:2,8;REMOVE:3,2;REMOVE:5,4;REMOVE:6,4;REMOVE:7,8",0:7;1:7;2:8;3:2;4:8;5:4;6:4;7:8;8:7;9:-,0:7|8;1:2;2:-;3:9;4:2|8;5:7;6:8;7:2;8:7;9:-,0@0=1;0@1=1;0@3=1;0@5=1;0@6=2;0@7=1;0@8=2;0@9=1;1@0=1;1@8=1;1@9=1;1@2=3;3@3=1;3@6=1;4@0=2;4@1=1;4@3=2;4@5=1;4@8=1;4@2=1;4@4=2;5@3=1;5@6=1;5@9=1;5@4=1;6@1=2;6@4=1;7@0=1;7@8=1;7@2=1;8@0=2;8@7=1;8@9=3;8@4=1,"0,1,3,5,6,7,8,9,2,4",45,34,34,0,1.0,-0.010709403978804488,0.6666666666666666,0.02262392935452886,0.0,0.0,0.7,0.5216119289398193,Feasible|selected=greedy
1014,1013,16,8,8,"ADD:1,7;ADD:2,7;ADD:3,7;ADD:4,6;ADD:5,2;ADD:6,3;ADD:7,7;ADD:8,8;REMOVE:0,8;REMOVE:3,9;REMOVE:4,2;REMOVE:4,8;REMOVE:5,7;REMOVE:6,8;REMOVE:7,2;REMOVE:8,7",0:7|8;1:2;2:-;3:9;4:2|8;5:7;6:8;7:2;8:7;9:-,0:7;1:2|7;2:7;3:7;4:6;5:2;6:3;7:7;8:8;9:-,0@0=1;0@1=4;0@2=2;0@8=1;0@9=1;1@2=1;1@3=1;1@4=2;1@5=1;1@6=1;1@7=1;2@2=1;2@7=1;3@1=1;3@9=1;3@4=1;3@7=1;4@1=2;4@6=2;5@0=1;5@4=1;5@5=1;5@7=1;6@1=3;6@9=1;6@5=1;6@7=2;7@0=1;7@4=1;8@1=2;8@2=4;8@4=1,"0,1,2,8,9,3,4,5,6,7",46,32,32,0,1.0,0.013430562534763602,0.8,0.013430562534763442,0.0,0.0,0.7999999999999999,0.5907721519470215,Feasible|selected=greedy
1015,1014,14,7,7,"ADD:0,2;ADD:0,8;ADD:4,8;ADD:5,9;ADD:6,9;ADD:7,8;ADD:9,2;REMOVE:0,7;REMOVE:1,7;REMOVE:2,7;REMOVE:4,6;REMOVE:5,2;REMOVE:6,3;REMOVE:7,7",0:7;1:2|7;2:7;3:7;4:6;5:2;6:3;7:7;8:8;9:-,0:2|8;1:2;2:-;3:7;4:8;5:9;6:9;7:8;8:8;9:2,0@1=1;0@2=1;0@3=1;0@4=1;0@5=1;0@8=1;0@9=1;1@2=3;1@3=1;1@4=1;3@1=1;3@4=1;3@0=1;3@6=1;4@4=1;4@5=1;4@8=1;5@9=1;6@9=1;7@4=1;7@5=1;8@1=1;8@2=1;8@4=1;8@8=1;9@2=1,"1,2,3,4,5,8,9,0,6",28,26,26,0,1.0,0.037584553871441995,0.7,0.03758455387144198,0.0,0.0,0.7,0.5375251770019531,Feasible|selected=greedy
1016,1015,14,7,7,"ADD:0,9;ADD:1,5;ADD:2,2;ADD:4,2;ADD:6,7;ADD:7,2;ADD:8,7;REMOVE:0,2;REMOVE:0,8;REMOVE:1,2;REMOVE:4,8;REMOVE:6,9;REMOVE:7,8;REMOVE:9,2",0:2|8;1:2;2:-;3:7;4:8;5:9;6:9;7:8;8:8;9:2,0:9;1:5;2:2;3:7;4:2;5:9;6:7;7:2;8:7|8;9:-,0@2=2;0@6=1;1@5=2;2@2=1;3@0=1;3@9=1;4@2=1;5@2=1;5@9=1;5@7=1;6@7=1;6@3=1;6@4=1;6@8=1;7@2=1;8@2=2;8@6=1;8@5=1;8@0=1;8@7=1;8@3=2;8@8=1;8@1=1,"2,6,5,0,9,7,3,4,8,1",27,23,23,0,1.0,0.03262498853335494,0.7,0.03262498853335493,0.0,0.0,0.7,0.5668292045593262,Feasible|selected=greedy
1017,1016,15,7,8,"ADD:0,2;ADD:1,9;ADD:3,4;ADD:4,4;ADD:5,2;ADD:7,9;ADD:8,6;REMOVE:0,9;REMOVE:1,5;REMOVE:3,7;REMOVE:4,2;REMOVE:5,9;REMOVE:7,2;REMOVE:8,7;REMOVE:8,8",0:9;1:5;2:2;3:7;4:2;5:9;6:7;7:2;8:7|8;9:-,0:2;1:9;2:2;3:4;4:4;5:2;6:7;7:9;8:6;9:-,0@0=1;0@2=2;0@8=2;1@2=2;1@1=3;1@3=2;1@6=1;1@7=1;1@9=2;2@2=1;3@2=2;3@4=2;4@2=3;4@4=3;5@2=2;6@2=1;6@7=1;7@2=1;7@1=2;8@6=1,"0,2,8,1,3,6,7,9,4",35,20,20,0,1.0,0.14199956826789784,0.8,0.0419995682678977,0.0,0.0,0.7,0.40550804138183594,Feasible|selected=greedy
1018,1017,23,14,9,"ADD:0,3;ADD:0,7;ADD:1,7;ADD:2,4;ADD:3,2;ADD:3,7;ADD:4,6;ADD:4,8;ADD:5,7;ADD:6,6;ADD:7,7;ADD:8,5;ADD:8,8;ADD:9,1;REMOVE:0,2;REMOVE:1,9;REMOVE:2,2;REMOVE:3,4;REMOVE:4,4;REMOVE:5,2;REMOVE:6,7;REMOVE:7,9;REMOVE:8,6",0:2;1:9;2:2;3:4;4:4;5:2;6:7;7:9;8:6;9:-,0:3|7;1:7;2:4;3:2|7;4:6|8;5:7;6:6;7:7;8:5|8;9:1,0@1=1;0@2=1;0@3=1;0@4=2;0@5=1;0@6=1;0@9=3;1@1=2;1@2=1;1@3=1;1@4=2;1@6=1;1@9=1;1@7=1;2@4=1;3@1=1;3@2=3;3@3=2;3@4=1;3@5=3;3@6=1;3@9=2;3@0=2;3@8=1;4@1=2;4@2=2;4@4=3;4@6=2;5@1=1;5@2=2;5@3=2;5@6=2;5@0=1;6@4=1;6@6=1;7@3=1;7@6=2;7@7=1;8@2=2;8@5=1;8@6=1;8@0=1;9@1=1,"1,2,3,4,5,6,9,7,0,8",65,43,43,0,1.0,-0.38081605461603485,1.0,0.019183945383965284,0.0,0.0,1.4000000000000001,0.6469900608062744,Feasible|selected=greedy
1019,1018,15,5,10,"ADD:0,8;ADD:4,7;ADD:6,7;ADD:7,2;ADD:8,7;REMOVE:0,3;REMOVE:2,4;REMOVE:3,2;REMOVE:4,6;REMOVE:4,8;REMOVE:6,6;REMOVE:7,7;REMOVE:8,5;REMOVE:8,8;REMOVE:9,1",0:3|7;1:7;2:4;3:2|7;4:6|8;5:7;6:6;7:7;8:5|8;9:1,0:7|8;1:7;2:-;3:7;4:7;5:7;6:7;7:2;8:7;9:-,0@0=1;0@1=1;0@2=2;0@4=2;0@5=1;0@6=1;0@7=2;0@8=4;0@9=2;1@0=2;1@1=1;1@2=1;1@4=1;1@6=1;1@8=1;1@3=1;3@1=1;3@2=1;3@4=1;3@6=1;3@9=2;3@3=1;4@0=1;4@2=1;4@4=1;4@6=1;4@7=1;5@2=2;5@4=3;5@7=1;5@9=1;6@2=3;6@4=1;6@7=2;7@0=1;7@2=2;7@4=1;7@5=1;7@7=1;7@3=1;8@1=1;8@4=2;8@7=1;8@3=1,"0,1,2,4,5,6,7,8,9,3",61,44,44,0,1.0,0.23467332727075818,0.7142857142857143,0.02038761298504392,0.0,0.0,0.5,0.8124170303344727,Feasible|selected=greedy
1020,1019,10,6,4,"ADD:1,8;ADD:2,9;ADD:4,8;ADD:5,8;ADD:6,8;ADD:7,8;REMOVE:0,8;REMOVE:1,7;REMOVE:5,7;REMOVE:7,2",0:7|8;1:7;2:-;3:7;4:7;5:7;6:7;7:2;8:7;9:-,0:7;1:8;2:9;3:7;4:7|8;5:8;6:7|8;7:8;8:7;9:-,0@1=2;0@2=1;0@3=2;0@4=1;0@6=3;1@2=3;1@4=1;1@6=1;1@5=1;1@7=1;1@8=1;2@2=1;2@9=2;3@4=3;3@7=2;3@8=1;3@9=1;3@0=1;4@1=1;4@2=3;4@4=1;4@6=1;4@5=1;4@0=1;5@8=1;6@1=2;6@5=1;6@7=1;6@8=1;6@0=1;7@2=2;7@8=1;8@2=2;8@3=2;8@4=1;8@6=1;8@9=1;8@0=1,"1,2,3,4,6,5,7,8,9,0",54,38,38,0,1.0,-0.13981994349252957,0.4444444444444444,0.015735612063026004,0.0,0.0,0.6,0.9489309787750244,Feasible|selected=greedy
1021,1020,11,5,6,"ADD:0,8;ADD:2,4;ADD:3,8;ADD:5,7;ADD:7,7;REMOVE:2,9;REMOVE:3,7;REMOVE:4,8;REMOVE:5,8;REMOVE:6,8;REMOVE:7,8",0:7;1:8;2:9;3:7;4:7|8;5:8;6:7|8;7:8;8:7;9:-,0:7|8;1:8;2:4;3:8;4:7;5:7;6:7;7:7;8:7;9:-,0@1=1;0@2=1;0@3=2;0@4=1;0@5=1;0@6=2;1@1=2;1@2=1;1@4=1;2@4=2;3@1=1;3@2=1;3@4=2;3@5=1;4@2=1;4@3=3;4@4=1;4@6=1;4@0=1;4@7=1;4@8=1;4@9=1;5@2=1;5@4=1;5@6=2;5@7=1;5@8=1;5@9=1;6@2=1;6@4=1;6@7=1;6@8=1;6@9=1;7@2=1;7@6=2;7@7=1;8@2=3;8@3=2;8@4=1;8@7=1,"1,2,3,4,5,6,0,7,8,9",52,40,40,0,1.0,0.05899852694679597,0.5454545454545454,0.01354398149225054,0.0,0.0,0.5,0.8237521648406982,Feasible|selected=greedy
1022,1021,17,8,9,"ADD:0,2;ADD:1,2;ADD:1,9;ADD:3,4;ADD:5,8;ADD:6,9;ADD:7,6;ADD:8,2;REMOVE:0,7;REMOVE:0,8;REMOVE:1,8;REMOVE:2,4;REMOVE:3,8;REMOVE:5,7;REMOVE:6,7;REMOVE:7,7;REMOVE:8,7",0:7|8;1:8;2:4;3:8;4:7;5:7;6:7;7:7;8:7;9:-,0:2;1:2|9;2:-;3:4;4:7;5:8;6:9;7:6;8:2;9:-,0@2=3;0@5=1;0@8=1;0@9=1;1@2=1;1@5=2;1@9=1;1@1=1;1@4=1;3@2=2;3@4=2;4@8=1;4@4=1;4@0=1;4@6=2;4@7=1;5@5=3;5@8=1;5@4=1;6@2=1;6@1=1;7@1=2;7@4=2;7@6=1;8@5=1;8@9=1;8@4=2,"2,5,8,9,1,4,0,6,7",38,27,27,0,1.0,0.12723823683396818,0.9,0.02723823683396806,0.0,0.0,0.7999999999999999,0.512847900390625,Feasible|selected=greedy
1023,1022,18,9,9,"ADD:0,7;ADD:1,5;ADD:2,6;ADD:3,8;ADD:4,0;ADD:5,2;ADD:6,7;ADD:7,7;ADD:8,7;REMOVE:0,2;REMOVE:1,2;REMOVE:1,9;REMOVE:3,4;REMOVE:4,7;REMOVE:5,8;REMOVE:6,9;REMOVE:7,6;REMOVE:8,2",0:2;1:2|9;2:-;3:4;4:7;5:8;6:9;7:6;8:2;9:-,0:7;1:5;2:6;3:8;4:0;5:2;6:7;7:7;8:7;9:-,0@6=1;0@7=1;1@3=1;1@5=1;1@8=1;2@6=1;3@6=1;3@1=1;3@2=1;3@4=1;4@0=1;5@5=1;5@2=1;5@4=3;5@9=1;6@7=1;6@3=1;7@7=1;8@6=1;8@8=2;8@1=1;8@2=2;8@4=2;8@0=1;8@9=1,"6,7,3,5,8,1,2,4,0,9",30,25,25,0,1.0,0.12405164761748377,1.0,0.024051647617483688,0.0,0.0,0.8999999999999999,0.5812079906463623,Feasible|selected=greedy
1024,1023,19,12,7,"ADD:1,7;ADD:1,8;ADD:4,7;ADD:5,5;ADD:5,8;ADD:6,5;ADD:6,8;ADD:7,5;ADD:7,9;ADD:8,5;ADD:8,9;ADD:9,5;REMOVE:1,5;REMOVE:2,6;REMOVE:4,0;REMOVE:5,2;REMOVE:6,7;REMOVE:7,7;REMOVE:8,7",0:7;1:5;2:6;3:8;4:0;5:2;6:7;7:7;8:7;9:-,0:7;1:7|8;2:-;3:8;4:7;5:5|8;6:5|8;7:5|9;8:5|9;9:5,0@1=2;0@2=1;0@3=1;0@4=1;0@8=1;1@3=1;1@4=3;1@5=2;1@6=1;1@7=1;3@2=1;3@4=1;3@5=1;3@6=1;3@7=1;4@1=1;4@4=2;4@6=1;4@0=1;5@1=1;5@3=1;5@8=1;5@5=1;6@1=1;6@8=1;6@5=1;6@0=1;7@1=1;7@5=1;7@0=1;7@9=1;8@5=1;8@9=1;9@5=1,"1,2,3,4,8,5,6,7,0,9",39,34,34,0,1.0,-0.3989111418586957,0.7777777777777778,0.02331108036352647,0.0,0.0,1.2,0.6970131397247314,Feasible|selected=greedy
1025,1024,21,8,13,"ADD:0,2;ADD:2,9;ADD:3,7;ADD:4,8;ADD:5,2;ADD:6,2;ADD:7,7;ADD:8,7;REMOVE:0,7;REMOVE:1,8;REMOVE:3,8;REMOVE:4,7;REMOVE:5,5;REMOVE:5,8;REMOVE:6,5;REMOVE:6,8;REMOVE:7,5;REMOVE:7,9;REMOVE:8,5;REMOVE:8,9;REMOVE:9,5",0:7;1:7|8;2:-;3:8;4:7;5:5|8;6:5|8;7:5|9;8:5|9;9:5,0:2;1:7;2:9;3:7;4:8;5:2;6:2;7:7;8:7;9:-,0@3=2;0@4=2;0@5=2;1@3=1;1@0=1;1@1=1;1@2=3;1@7=2;2@2=1;2@9=1;3@3=1;3@4=1;3@1=1;3@2=2;3@9=4;4@4=3;4@1=1;4@2=1;5@4=3;5@5=2;5@0=1;6@2=1;7@4=1;7@2=1;7@9=1;7@6=1;8@3=1;8@4=5;8@1=3;8@2=1;8@6=1;8@8=2,"3,4,5,0,1,2,7,9,6,8",54,32,32,0,1.0,0.1360580862960029,0.9285714285714286,0.007486657724574273,0.0,0.0,0.7999999999999999,0.5378499031066895,Feasible|selected=greedy
1026,1025,17,10,7,"ADD:0,7;ADD:2,0;ADD:3,2;ADD:3,9;ADD:4,7;ADD:5,7;ADD:6,7;ADD:7,8;ADD:8,3;ADD:8,9;REMOVE:2,9;REMOVE:3,7;REMOVE:4,8;REMOVE:5,2;REMOVE:6,2;REMOVE:7,7;REMOVE:8,7",0:2;1:7;2:9;3:7;4:8;5:2;6:2;7:7;8:7;9:-,0:2|7;1:7;2:0;3:2|9;4:7;5:7;6:7;7:8;8:3|9;9:-,0@0=3;0@1=1;0@2=1;0@4=1;0@5=1;0@6=1;0@9=2;1@0=1;1@1=1;1@2=3;1@4=2;1@3=1;1@8=2;2@0=1;3@0=1;3@1=1;3@2=3;3@5=1;3@6=1;3@9=3;4@1=2;4@2=1;4@4=2;4@3=1;4@8=1;5@1=1;5@4=1;5@9=1;5@8=1;5@7=1;6@1=2;6@3=1;6@7=1;7@2=1;7@4=2;7@8=1;8@1=2;8@2=2;8@5=1;8@6=1;8@9=1;8@3=1,"0,1,2,4,5,6,9,3,8,7",59,42,42,0,1.0,-0.1993623145194996,0.7777777777777778,0.022859907702722483,0.0,0.0,0.9999999999999999,0.6203341484069824,Feasible|selected=greedy
1027,1026,19,9,10,"ADD:0,8;ADD:1,2;ADD:2,3;ADD:3,7;ADD:6,8;ADD:7,3;ADD:8,7;ADD:8,8;ADD:9,4;REMOVE:0,2;REMOVE:0,7;REMOVE:1,7;REMOVE:2,0;REMOVE:3,2;REMOVE:3,9;REMOVE:6,7;REMOVE:7,8;REMOVE:8,3;REMOVE:8,9",0:2|7;1:7;2:0;3:2|9;4:7;5:7;6:7;7:8;8:3|9;9:-,0:8;1:2;2:3;3:7;4:7;5:7;6:8;7:3;8:7|8;9:4,0@1=3;0@4=2;1@4=2;1@2=1;1@3=1;1@5=1;1@8=1;2@2=1;2@3=1;3@4=1;3@2=1;3@3=1;3@7=1;4@1=1;4@4=2;4@7=1;4@9=4;5@1=1;5@4=2;5@3=1;6@1=1;6@4=1;6@2=2;6@8=1;6@7=1;7@1=2;7@2=1;7@3=1;7@5=1;7@9=1;8@1=1;8@2=3;8@3=1;8@5=2;8@8=1;8@6=1;9@4=1,"1,4,2,3,5,8,7,9,6",51,37,37,0,1.0,-0.050785954512297726,0.8333333333333334,0.015880712154368766,0.0,0.0,0.8999999999999999,0.5393218994140625,Feasible|selected=greedy
1028,1027,17,8,9,"ADD:0,2;ADD:1,5;ADD:1,7;ADD:2,4;ADD:3,8;ADD:5,8;ADD:6,4;ADD:7,7;REMOVE:0,8;REMOVE:1,2;REMOVE:2,3;REMOVE:3,7;REMOVE:5,7;REMOVE:6,8;REMOVE:7,3;REMOVE:8,7;REMOVE:9,4",0:8;1:2;2:3;3:7;4:7;5:7;6:8;7:3;8:7|8;9:4,0:2;1:5|7;2:4;3:8;4:7;5:8;6:4;7:7;8:8;9:-,0@2=5;0@4=2;0@9=1;1@0=1;1@3=1;1@5=1;1@7=1;2@4=1;3@2=1;3@4=1;3@7=1;3@1=2;3@8=1;4@2=3;4@0=1;4@7=1;4@1=1;5@2=1;5@4=4;5@1=2;6@2=2;6@4=1;7@2=1;7@4=1;7@9=1;7@8=1;7@6=1;8@2=1;8@4=2;8@5=2;8@1=1;8@6=1,"2,4,9,0,3,5,7,1,8,6",47,32,32,0,1.0,0.04012478233952865,0.8181818181818182,0.021942964157710323,0.0,0.0,0.7999999999999999,0.49928998947143555,Feasible|selected=greedy
1029,1028,13,7,6,"ADD:0,8;ADD:3,2;ADD:4,8;ADD:5,2;ADD:6,2;ADD:7,8;ADD:8,3;REMOVE:0,2;REMOVE:1,5;REMOVE:2,4;REMOVE:3,8;REMOVE:5,8;REMOVE:6,4",0:2;1:5|7;2:4;3:8;4:7;5:8;6:4;7:7;8:8;9:-,0:8;1:7;2:-;3:2;4:7|8;5:2;6:2;7:7|8;8:3|8;9:-,0@2=2;0@4=3;0@5=1;0@6=1;1@4=4;1@0=2;1@9=1;3@4=2;3@5=1;3@0=2;3@3=1;4@2=2;4@4=1;4@5=1;4@6=1;4@3=1;4@1=2;5@2=2;6@2=1;6@4=1;6@3=1;7@5=1;7@6=1;7@0=1;7@1=1;8@4=2;8@5=1;8@3=1;8@1=1,"2,4,5,6,0,9,3,1",42,29,29,0,1.0,-0.09014735702595489,0.6,0.009852642974045079,0.0,0.0,0.7,0.4691352844238281,Feasible|selected=greedy
1030,1029,13,5,8,"ADD:0,2;ADD:1,8;ADD:3,8;ADD:5,1;ADD:6,5;REMOVE:0,8;REMOVE:1,7;REMOVE:3,2;REMOVE:4,8;REMOVE:5,2;REMOVE:6,2;REMOVE:7,8;REMOVE:8,3",0:8;1:7;2:-;3:2;4:7|8;5:2;6:2;7:7|8;8:3|8;9:-,0:2;1:8;2:-;3:8;4:7;5:1;6:5;7:7;8:8;9:-,0@2=3;1@2=2;1@1=1;1@4=1;1@5=1;1@7=1;3@5=1;3@6=1;4@2=1;4@1=1;4@0=1;5@1=1;6@5=1;7@1=1;7@4=1;7@7=2;8@2=1;8@4=1;8@7=1;8@6=1;8@8=1,"2,1,4,5,7,6,0,8",25,21,21,0,1.0,0.2596787075099075,0.7272727272727273,0.03240598023718018,0.0,0.0,0.5,0.3831660747528076,Feasible|selected=greedy
1031,1030,14,7,7,"ADD:0,8;ADD:2,8;ADD:3,7;ADD:4,8;ADD:5,9;ADD:7,9;ADD:8,2;REMOVE:0,2;REMOVE:3,8;REMOVE:4,7;REMOVE:5,1;REMOVE:6,5;REMOVE:7,7;REMOVE:8,8",0:2;1:8;2:-;3:8;4:7;5:1;6:5;7:7;8:8;9:-,0:8;1:8;2:8;3:7;4:8;5:9;6:-;7:9;8:2;9:-,0@1=2;0@2=1;0@4=3;0@6=1;1@1=1;1@2=1;1@4=2;1@8=1;2@8=1;3@0=1;3@3=1;3@7=2;4@1=2;4@4=1;5@1=2;5@2=1;5@6=1;5@9=1;7@9=1;8@2=1;8@4=1;8@3=2;8@5=1,"1,2,4,6,8,0,3,7,9,5",31,23,23,0,1.0,0.19741252555275646,0.875,0.022412525552756465,0.0,0.0,0.7,0.446444034576416,Feasible|selected=greedy
1032,1031,17,11,6,"ADD:0,7;ADD:1,7;ADD:2,2;ADD:3,8;ADD:4,7;ADD:5,3;ADD:6,2;ADD:7,2;ADD:8,7;ADD:8,8;ADD:9,2;REMOVE:0,8;REMOVE:1,8;REMOVE:2,8;REMOVE:4,8;REMOVE:7,9;REMOVE:8,2",0:8;1:8;2:8;3:7;4:8;5:9;6:-;7:9;8:2;9:-,0:7;1:7;2:2;3:7|8;4:7;5:3|9;6:2;7:2;8:7|8;9:2,0@0=3;0@1=1;0@2=2;0@4=3;0@8=1;0@9=1;1@0=2;1@2=2;1@9=2;1@6=1;2@0=1;2@2=1;2@3=1;3@0=2;3@1=1;3@2=1;3@8=1;3@6=3;3@3=1;3@5=1;4@0=1;4@1=1;4@2=1;4@4=1;4@8=1;4@9=1;4@6=1;4@3=2;4@7=1;5@1=2;5@2=1;5@6=1;5@3=1;5@5=1;6@2=1;6@4=2;6@9=1;6@3=1;6@5=1;6@7=1;7@2=1;7@4=1;7@5=1;8@1=2;8@2=3;8@4=1;8@6=1;8@3=1;8@5=2;9@2=1,"0,1,2,4,8,9,6,3,5,7",68,50,50,0,1.0,-0.3400563472319438,0.75,0.009943652768056097,0.0,0.0,1.0999999999999999,0.8066339492797852,Feasible|selected=greedy
1033,1032,14,6,8,"ADD:1,8;ADD:2,8;ADD:4,8;ADD:5,4;ADD:6,7;ADD:7,7;REMOVE:2,2;REMOVE:3,8;REMOVE:5,3;REMOVE:5,9;REMOVE:6,2;REMOVE:7,2;REMOVE:8,8;REMOVE:9,2",0:7;1:7;2:2;3:7|8;4:7;5:3|9;6:2;7:2;8:7|8;9:2,0:7;1:7|8;2:8;3:7;4:7|8;5:4;6:7;7:7;8:7;9:-,0@0=2;0@1=1;0@7=1;0@8=1;1@1=3;1@8=1;1@3=1;1@4=2;1@5=2;2@8=1;2@5=1;3@0=1;3@1=2;3@8=1;3@3=1;3@4=2;3@2=2;4@0=1;4@1=1;4@7=1;4@8=1;4@4=2;4@5=1;4@6=1;5@4=1;5@2=1;5@6=2;6@0=1;6@1=1;6@7=1;6@8=1;6@3=1;7@1=1;7@7=1;7@4=2;7@6=1;8@0=2;8@1=2;8@7=1;8@2=2;8@9=1,"0,1,7,8,3,4,5,2,6,9",55,41,41,0,1.0,0.03132925569488665,0.6153846153846154,0.015944640310271263,0.0,0.0,0.6,0.579740047454834,Feasible|selected=greedy
1034,1033,17,9,8,"ADD:0,8;ADD:1,5;ADD:2,1;ADD:3,2;ADD:5,1;ADD:7,2;ADD:7,3;ADD:8,2;ADD:9,4;REMOVE:0,7;REMOVE:1,7;REMOVE:1,8;REMOVE:2,8;REMOVE:3,7;REMOVE:4,7;REMOVE:5,4;REMOVE:7,7",0:7;1:7|8;2:8;3:7;4:7|8;5:4;6:7;7:7;8:7;9:-,0:8;1:5;2:1;3:2;4:8;5:1;6:7;7:2|3;8:2|7;9:4,0@1=1;0@2=1;0@5=1;0@6=1;0@7=1;1@2=2;1@5=2;1@0=2;2@1=1;3@2=3;3@0=1;4@5=1;4@4=1;5@1=1;6@0=1;6@4=1;7@1=2;7@2=1;7@5=1;7@4=1;7@3=1;7@9=1;8@1=1;8@2=3;8@5=2;8@0=1;8@4=1;8@3=1;9@2=1;9@6=1;9@4=1,"1,2,5,6,7,0,4,3,9",40,31,31,0,1.0,-0.1369026285976136,0.7272727272727273,0.035824644129659036,0.0,0.0,0.8999999999999999,0.4855368137359619,Feasible|selected=greedy
1035,1034,19,9,10,"ADD:0,2;ADD:0,7;ADD:1,7;ADD:2,7;ADD:3,8;ADD:4,7;ADD:5,7;ADD:7,6;ADD:7,8;REMOVE:0,8;REMOVE:1,5;REMOVE:2,1;REMOVE:3,2;REMOVE:4,8;REMOVE:5,1;REMOVE:7,2;REMOVE:7,3;REMOVE:8,2;REMOVE:9,4",0:8;1:5;2:1;3:2;4:8;5:1;6:7;7:2|3;8:2|7;9:4,0:2|7;1:7;2:7;3:8;4:7;5:7;6:7;7:6|8;8:7;9:-,0@1=3;0@2=3;0@4=1;0@5=1;0@7=2;0@9=1;1@1=2;1@4=1;1@7=1;1@9=1;2@7=1;3@2=1;3@8=1;4@8=3;4@3=2;5@2=2;5@4=2;5@3=1;5@6=1;6@2=2;6@4=1;6@7=1;6@3=1;7@4=1;7@5=1;7@9=1;7@8=1;7@6=1;8@1=3;8@2=2;8@4=2;8@9=2;8@8=1;8@6=1,"1,2,4,5,7,9,8,3,6",51,34,34,0,1.0,-0.04604674137451792,0.8333333333333334,0.02061992529214863,0.0,0.0,0.8999999999999999,0.5308029651641846,Feasible|selected=greedy
1036,1035,17,8,9,"ADD:1,8;ADD:2,2;ADD:3,7;ADD:4,8;ADD:6,2;ADD:7,2;ADD:8,8;ADD:9,5;REMOVE:0,2;REMOVE:1,7;REMOVE:2,7;REMOVE:3,8;REMOVE:4,7;REMOVE:6,7;REMOVE:7,6;REMOVE:7,8;REMOVE:8,7",0:2|7;1:7;2:7;3:8;4:7;5:7;6:7;7:6|8;8:7;9:-,0:7;1:8;2:2;3:7;4:8;5:7;6:2;7:2;8:8;9:5,0@0=1;0@1=1;0@3=1;0@4=1;0@8=2;0@9=1;1@1=2;1@8=2;1@2=2;1@6=2;2@3=1;2@4=1;2@5=1;3@4=1;3@9=1;3@2=1;3@7=2;4@1=2;4@8=1;4@2=1;4@7=1;5@0=3;5@1=1;5@3=1;5@8=1;5@9=1;6@4=3;6@9=1;6@2=1;7@2=1;8@1=2;8@4=1;8@8=1;9@5=1,"0,1,3,4,8,9,2,6,5,7",46,34,34,0,1.0,0.038631138257102626,0.8181818181818182,0.020449320075284307,0.0,0.0,0.7999999999999999,0.5137600898742676,Feasible|selected=greedy
1037,1036,17,9,8,"ADD:0,3;ADD:1,9;ADD:3,2;ADD:4,2;ADD:5,9;ADD:6,4;ADD:7,7;ADD:8,7;ADD:9,6;REMOVE:1,8;REMOVE:3,7;REMOVE:4,8;REMOVE:5,7;REMOVE:6,2;REMOVE:7,2;REMOVE:8,8;REMOVE:9,5",0:7;1:8;2:2;3:7;4:8;5:7;6:2;7:2;8:8;9:5,0:3|7;1:9;2:2;3:2;4:2;5:9;6:4;7:7;8:7;9:6,0@0=1;0@1=2;0@3=1;0@4=1;0@5=1;0@9=1;1@3=1;1@9=1;1@2=1;1@7=1;2@0=1;2@2=2;3@3=1;3@4=1;3@9=2;3@2=2;3@8=1;4@0=1;4@2=2;5@1=1;5@2=2;6@4=1;7@1=1;7@4=1;7@7=1;8@1=1;8@4=1;8@9=1;9@6=1,"0,1,3,4,5,9,2,7,8,6",35,29,29,0,1.0,-0.06911718731149219,0.8,0.030882812688507722,0.0,0.0,0.8999999999999999,0.4929211139678955,Feasible|selected=greedy
1038,1037,16,7,9,"ADD:0,1;ADD:1,7;ADD:2,3;ADD:4,4;ADD:5,7;ADD:6,5;ADD:7,2;REMOVE:0,3;REMOVE:0,7;REMOVE:1,9;REMOVE:2,2;REMOVE:4,2;REMOVE:5,9;REMOVE:6,4;REMOVE:7,7;REMOVE:9,6",0:3|7;1:9;2:2;3:2;4:2;5:9;6:4;7:7;8:7;9:6,0:1;1:7;2:3;3:2;4:4;5:7;6:5;7:2;8:7;9:-,0@1=2;0@3=1;0@6=2;0@8=1;1@1=1;1@8=1;1@0=2;1@4=3;2@1=1;2@3=1;3@0=1;3@4=1;3@5=1;3@7=1;3@9=1;4@6=1;4@4=1;4@2=1;5@4=1;5@7=1;6@5=1;7@8=1;7@0=1;7@4=1;7@5=1;7@2=1;8@1=1;8@0=1;8@4=4;8@7=1;8@9=1,"1,3,6,8,0,4,5,7,9,2",39,31,31,0,1.0,0.1390318164808121,0.8181818181818182,0.020849998298993793,0.0,0.0,0.7,0.5128750801086426,Feasible|selected=greedy
1039,1038,18,10,8,"ADD:0,2;ADD:0,8;ADD:2,7;ADD:3,7;ADD:4,7;ADD:5,8;ADD:6,7;ADD:7,7;ADD:8,5;ADD:8,8;REMOVE:0,1;REMOVE:2,3;REMOVE:3,2;REMOVE:4,4;REMOVE:5,7;REMOVE:6,5;REMOVE:7,2;REMOVE:8,7",0:1;1:7;2:3;3:2;4:4;5:7;6:5;7:2;8:7;9:-,0:2|8;1:7;2:7;3:7;4:7;5:8;6:7;7:7;8:5|8;9:-,0@2=4;0@3=1;0@4=7;0@5=1;0@6=1;0@8=1;1@2=2;1@3=1;1@4=2;1@6=1;1@0=1;1@9=1;2@6=1;2@7=1;3@2=2;3@3=2;3@4=1;3@6=1;3@0=1;3@9=1;4@2=2;4@6=1;4@0=1;4@9=1;4@1=1;5@5=1;5@6=1;5@8=1;6@2=1;6@3=1;6@4=3;6@6=1;6@8=2;6@7=1;7@2=4;7@3=1;7@4=2;7@6=1;7@9=1;7@7=1;8@2=3;8@3=3;8@5=1;8@8=1;8@1=3,"2,3,4,5,6,8,0,9,7,1",72,45,45,0,1.0,-0.09714844321637428,0.8888888888888888,0.013962667894736738,0.0,0.0,0.9999999999999999,0.6648292541503906,Feasible|selected=greedy
1040,1039,14,6,8,"ADD:0,7;ADD:1,2;ADD:2,4;ADD:3,9;ADD:6,2;ADD:8,7;REMOVE:0,2;REMOVE:0,8;REMOVE:1,7;REMOVE:2,7;REMOVE:3,7;REMOVE:6,7;REMOVE:8,5;REMOVE:8,8",0:2|8;1:7;2:7;3:7;4:7;5:8;6:7;7:7;8:5|8;9:-,0:7;1:2;2:4;3:9;4:7;5:8;6:2;7:7;8:7;9:-,0@0=1;0@2=1;0@3=2;0@4=1;0@6=1;0@7=1;1@2=1;1@3=1;1@4=2;1@7=1;1@5=1;2@4=1;3@2=1;3@6=1;3@9=3;4@3=1;4@4=1;4@1=1;4@8=2;5@2=2;5@4=2;5@6=1;5@5=1;6@2=1;6@4=2;6@5=1;7@2=1;7@4=1;7@7=1;8@2=1;8@4=1;8@6=1;8@9=1,"0,2,3,4,6,7,5,9,1,8",41,33,33,0,1.0,0.14639824917291022,0.7272727272727273,0.019125521900182955,0.0,0.0,0.6,0.4895801544189453,Feasible|selected=greedy
1041,1040,13,8,5,"ADD:0,2;ADD:0,8;ADD:1,7;ADD:3,7;ADD:3,8;ADD:5,0;ADD:8,2;ADD:8,8;REMOVE:0,7;REMOVE:1,2;REMOVE:3,9;REMOVE:5,8;REMOVE:8,7",0:7;1:2;2:4;3:9;4:7;5:8;6:2;7:7;8:7;9:-,0:2|8;1:7;2:4;3:7|8;4:7;5:0;6:2;7:7;8:2|8;9:-,0@0=1;0@2=5;0@3=1;0@4=2;0@5=2;0@6=2;0@8=1;1@2=4;1@7=2;2@4=1;3@0=1;3@2=1;3@4=1;3@5=1;3@6=1;3@1=1;4@0=1;4@2=2;4@1=1;5@0=1;5@5=1;5@7=1;6@2=3;6@4=1;6@5=2;7@3=1;7@4=1;7@7=1;8@0=1;8@2=1;8@4=1;8@5=2;8@6=1,"0,2,3,4,5,6,8,7,1",49,33,33,0,1.0,-0.21275755830629073,0.5555555555555556,0.03168688613815358,0.0,0.0,0.7999999999999999,0.4965779781341553,Feasible|selected=greedy
1042,1041,15,7,8,"ADD:0,7;ADD:3,2;ADD:4,9;ADD:5,7;ADD:7,8;ADD:8,9;ADD:9,4;REMOVE:0,8;REMOVE:3,7;REMOVE:3,8;REMOVE:4,7;REMOVE:5,0;REMOVE:7,7;REMOVE:8,2;REMOVE:8,8",0:2|8;1:7;2:4;3:7|8;4:7;5:0;6:2;7:7;8:2|8;9:-,0:2|7;1:7;2:4;3:2;4:9;5:7;6:2;7:8;8:9;9:4,0@0=1;0@1=1;0@2=2;0@3=1;0@4=1;0@5=1;1@0=1;1@1=2;1@2=1;1@3=1;1@4=2;1@6=1;1@7=1;1@9=1;2@4=1;3@2=2;3@4=1;3@9=1;4@2=2;4@6=1;4@9=1;5@0=1;5@2=1;5@4=1;5@6=1;5@9=1;5@8=1;6@0=1;6@2=1;6@4=1;6@8=1;7@1=1;7@2=2;7@8=1;8@1=2;8@2=1;8@7=2;8@9=1;9@4=1,"0,1,2,3,4,5,6,7,9,8",47,39,39,0,1.0,-0.01094046763491252,0.6666666666666666,0.02239286569842081,0.0,0.0,0.7,0.5379397869110107,Feasible|selected=greedy
1043,1042,17,8,9,"ADD:2,9;ADD:3,3;ADD:3,7;ADD:4,5;ADD:5,2;ADD:6,9;ADD:7,1;ADD:8,7;REMOVE:0,7;REMOVE:2,4;REMOVE:3,2;REMOVE:4,9;REMOVE:5,7;REMOVE:6,2;REMOVE:7,8;REMOVE:8,9;REMOVE:9,4",0:2|7;1:7;2:4;3:2;4:9;5:7;6:2;7:8;8:9;9:4,0:2;1:7;2:9;3:3|7;4:5;5:2;6:9;7:1;8:7;9:-,0@3=2;0@4=3;0@5=3;0@7=3;0@8=1;0@9=1;1@3=1;1@4=3;1@1=1;1@2=3;2@2=1;2@6=1;3@3=1;3@4=2;3@5=1;3@7=1;3@9=1;3@1=1;3@2=2;3@6=2;4@3=1;4@5=1;4@0=1;5@2=4;6@3=2;6@2=1;6@6=2;7@1=2;8@4=2;8@7=1;8@9=1;8@1=1;8@2=1;8@6=1;8@0=1,"3,4,5,7,8,9,1,2,6,0",56,35,35,0,1.0,0.035370718918937505,0.8181818181818182,0.01718890073711926,0.0,0.0,0.7999999999999999,0.5426580905914307,Feasible|selected=greedy
1044,1043,12,5,7,"ADD:1,8;ADD:3,8;ADD:4,7;ADD:6,6;ADD:7,2;REMOVE:1,7;REMOVE:2,9;REMOVE:3,3;REMOVE:3,7;REMOVE:4,5;REMOVE:6,9;REMOVE:7,1",0:2;1:7;2:9;3:3|7;4:5;5:2;6:9;7:1;8:7;9:-,0:2;1:8;2:-;3:8;4:7;5:2;6:6;7:2;8:7;9:-,0@0=1;0@2=1;1@2=2;1@4=1;1@5=1;1@8=1;3@4=1;3@5=1;3@8=1;3@1=1;4@4=1;4@3=1;4@6=1;5@2=2;5@4=1;5@5=1;5@8=1;5@3=1;6@4=1;6@6=1;7@2=3;8@7=1,"0,2,4,5,8,1,3,6,7",26,22,22,0,1.0,0.23812996275220266,0.7,0.03812996275220272,0.0,0.0,0.5,0.4095780849456787,Feasible|selected=greedy
1045,1044,14,8,6,"ADD:0,7;ADD:1,5;ADD:1,7;ADD:2,9;ADD:3,7;ADD:4,4;ADD:6,1;ADD:7,8;REMOVE:0,2;REMOVE:1,8;REMOVE:3,8;REMOVE:4,7;REMOVE:6,6;REMOVE:7,2",0:2;1:8;2:-;3:8;4:7;5:2;6:6;7:2;8:7;9:-,0:7;1:5|7;2:9;3:7;4:4;5:2;6:1;7:8;8:7;9:-,0@1=1;0@2=1;0@4=1;0@7=1;1@1=1;1@4=1;1@0=1;1@3=1;1@5=1;2@1=1;2@2=1;3@1=1;3@0=1;4@2=1;4@4=1;5@2=1;5@4=2;5@0=1;5@3=2;5@5=1;6@1=1;7@1=1;7@2=1;7@7=1;7@8=1;8@1=1;8@2=2;8@4=1;8@7=1;8@3=2;8@8=1;8@6=4,"1,2,4,7,0,3,5,8,6",39,32,32,0,1.0,-0.03169975368112532,0.75,0.018300246318874575,0.0,0.0,0.7999999999999999,0.504112720489502,Feasible|selected=greedy
1046,1045,21,12,9,"ADD:0,2;ADD:0,8;ADD:1,2;ADD:2,0;ADD:3,2;ADD:3,8;ADD:4,2;ADD:4,7;ADD:5,8;ADD:6,7;ADD:7,3;ADD:8,8;REMOVE:0,7;REMOVE:1,5;REMOVE:2,9;REMOVE:3,7;REMOVE:4,4;REMOVE:5,2;REMOVE:6,1;REMOVE:7,8;REMOVE:8,7",0:7;1:5|7;2:9;3:7;4:4;5:2;6:1;7:8;8:7;9:-,0:2|8;1:2|7;2:0;3:2|8;4:2|7;5:8;6:7;7:3;8:8;9:-,0@0=2;0@2=1;0@4=3;0@5=3;0@6=1;0@8=1;0@9=1;1@0=1;1@2=2;1@4=2;1@5=1;1@1=1;1@3=2;2@0=1;3@0=1;3@2=1;3@4=1;3@5=2;3@8=1;3@1=5;3@3=1;4@0=2;4@2=2;4@4=3;4@5=1;4@6=3;4@9=2;4@1=3;5@4=3;5@1=2;6@2=3;6@1=1;6@3=1;6@7=1;7@2=1;7@1=1;7@3=2;8@2=1;8@4=4;8@5=1;8@6=1;8@8=1;8@1=1,"0,2,4,5,6,8,9,1,3,7",74,43,43,0,1.0,-0.2831818952449846,0.9,0.016818104755015363,0.0,0.0,1.2,0.6117544174194336,Feasible|selected=greedy
1047,1046,18,9,9,"ADD:0,3;ADD:2,9;ADD:3,7;ADD:4,8;ADD:5,7;ADD:6,5;ADD:6,8;ADD:7,7;ADD:8,7;REMOVE:0,8;REMOVE:2,0;REMOVE:3,2;REMOVE:3,8;REMOVE:4,2;REMOVE:4,7;REMOVE:5,8;REMOVE:6,7;REMOVE:7,3",0:2|8;1:2|7;2:0;3:2|8;4:2|7;5:8;6:7;7:3;8:8;9:-,0:2|3;1:2|7;2:9;3:7;4:8;5:7;6:5|8;7:7;8:7|8;9:-,0@1=4;0@2=2;0@3=2;0@4=2;0@5=1;0@9=2;1@1=3;1@2=2;1@3=1;1@5=1;1@9=1;1@0=1;1@8=2;2@2=1;2@3=1;2@9=1;3@1=3;3@2=1;3@3=1;3@4=2;3@9=2;3@0=1;3@6=1;4@2=3;4@8=1;4@6=1;4@7=1;5@1=2;5@2=1;5@4=1;5@7=1;6@3=1;6@5=1;6@8=2;6@6=1;7@1=3;7@2=2;7@4=2;7@9=1;8@1=2;8@3=1;8@4=2;8@5=1;8@8=1;8@7=1,"1,2,3,4,5,9,0,8,6,7",70,45,45,0,1.0,-0.18919816461838312,0.6923076923076923,0.018494143073924538,0.0,0.0,0.8999999999999999,0.5855038166046143,Feasible|selected=greedy
1048,1047,16,8,8,"ADD:0,9;ADD:2,2;ADD:2,7;ADD:3,2;ADD:4,7;ADD:5,8;ADD:6,7;ADD:7,2;REMOVE:0,3;REMOVE:1,2;REMOVE:2,9;REMOVE:4,8;REMOVE:5,7;REMOVE:6,5;REMOVE:6,8;REMOVE:8,8",0:2|3;1:2|7;2:9;3:7;4:8;5:7;6:5|8;7:7;8:7|8;9:-,0:2|9;1:7;2:2|7;3:2|7;4:7;5:8;6:7;7:2|7;8:7;9:-,0@2=1;0@5=1;0@6=1;0@7=1;0@9=1;1@7=4;1@9=1;1@0=2;1@1=3;1@4=1;1@8=1;2@2=2;2@5=2;2@6=1;2@7=2;2@0=1;2@4=1;2@8=1;2@3=1;3@2=1;3@5=1;3@7=1;3@0=2;3@1=2;3@4=2;3@3=2;4@7=2;4@9=1;4@1=1;4@4=1;4@8=2;4@3=3;5@5=1;5@1=2;5@4=3;6@9=1;6@1=2;6@4=1;7@2=1;7@5=2;7@6=1;7@0=1;7@1=1;7@4=2;7@3=1;8@2=2;8@7=1;8@9=2;8@4=3;8@3=1,"2,5,6,7,9,0,1,4,8,3",77,50,50,0,1.0,-0.16195425981891298,0.6153846153846154,0.022661124796471577,0.0,0.0,0.7999999999999999,0.6625218391418457,Feasible|selected=greedy
1049,1048,15,6,9,"ADD:0,7;ADD:1,8;ADD:2,8;ADD:2,9;ADD:4,2;ADD:6,8;REMOVE:0,2;REMOVE:0,9;REMOVE:1,7;REMOVE:2,2;REMOVE:2,7;REMOVE:3,2;REMOVE:4,7;REMOVE:6,7;REMOVE:7,7",0:2|9;1:7;2:2|7;3:2|7;4:7;5:8;6:7;7:2|7;8:7;9:-,0:7;1:8;2:8|9;3:7;4:2;5:8;6:8;7:2;8:7;9:-,0@0=1;0@1=1;0@3=1;0@4=1;0@7=3;0@8=1;1@1=1;1@4=1;1@2=1;1@5=1;2@7=2;2@5=1;2@6=1;2@9=1;3@3=1;3@4=1;3@7=1;3@8=2;3@2=1;4@3=2;4@4=2;4@7=1;4@2=3;4@5=1;4@9=3;5@8=1;5@2=1;6@1=2;6@4=1;6@8=1;6@2=1;7@8=1;7@2=1;7@5=2;7@9=1;8@1=3;8@4=3;8@7=1;8@6=1,"0,1,3,4,7,8,2,5,6,9",55,39,39,0,1.0,0.11338535580916331,0.6923076923076923,0.02107766350147105,0.0,0.0,0.6,0.5256807804107666,Feasible|selected=greedy
1050,1049,11,6,5,"ADD:3,2;ADD:4,7;ADD:4,8;ADD:5,7;ADD:6,7;ADD:8,3;REMOVE:2,9;REMOVE:3,7;REMOVE:4,2;REMOVE:5,8;REMOVE:6,8",0:7;1:8;2:8|9;3:7;4:2;5:8;6:8;7:2;8:7;9:-,0:7;1:8;2:8;3:2;4:7|8;5:7;6:7;7:2;8:3|7;9:-,0@0=2;0@3=1;0@4=1;1@1=2;1@5=2;1@6=1;2@4=1;2@1=1;2@2=1;3@4=1;3@5=1;3@2=1;4@0=1;4@4=1;4@1=2;4@5=1;4@6=1;4@2=1;4@8=2;5@0=1;5@4=1;5@1=2;6@4=2;6@2=1;6@7=1;7@0=1;7@4=1;7@2=1;7@9=1;8@3=1;8@4=1;8@1=1;8@5=1;8@9=1,"0,3,4,1,5,6,2,8,7,9",41,34,34,0,1.0,-0.08441495930034948,0.5,0.01558504069965046,0.0,0.0,0.6,0.5163238048553467,Feasible|selected=greedy
1051,1050,18,9,9,"ADD:0,2;ADD:1,9;ADD:3,7;ADD:4,9;ADD:5,2;ADD:6,2;ADD:7,4;ADD:8,2;ADD:9,7;REMOVE:1,8;REMOVE:3,2;REMOVE:4,7;REMOVE:4,8;REMOVE:5,7;REMOVE:6,7;REMOVE:7,2;REMOVE:8,3;REMOVE:8,7",0:7;1:8;2:8;3:2;4:7|8;5:7;6:7;7:2;8:3|7;9:-,0:2|7;1:9;2:8;3:7;4:9;5:2;6:2;7:4;8:2;9:7,0@0=1;0@2=1;0@4=1;0@5=1;0@6=2;0@7=1;0@9=1;1@2=2;1@9=2;2@2=1;2@1=1;2@8=1;3@2=1;3@4=1;3@7=2;3@9=1;4@2=2;4@6=2;5@0=1;5@2=1;5@8=1;5@3=1;6@2=2;7@2=2;7@4=1;8@0=1;8@2=1;8@4=2;8@5=2;8@9=1;8@3=1;9@7=1,"0,2,4,5,6,7,9,1,8,3",42,32,32,0,1.0,-0.05044712789302752,0.8181818181818182,0.03137105392515411,0.0,0.0,0.8999999999999999,0.5157699584960938,Feasible|selected=greedy
1052,1051,18,8,10,"ADD:0,5;ADD:1,2;ADD:3,2;ADD:4,7;ADD:5,8;ADD:6,8;ADD:7,8;ADD:8,7;REMOVE:0,2;REMOVE:0,7;REMOVE:1,9;REMOVE:3,7;REMOVE:4,9;REMOVE:5,2;REMOVE:6,2;REMOVE:7,4;REMOVE:8,2;REMOVE:9,7",0:2|7;1:9;2:8;3:7;4:9;5:2;6:2;7:4;8:2;9:7,0:5;1:2;2:8;3:2;4:7;5:8;6:8;7:8;8:7;9:-,0@3=1;0@5=1;1@5=1;1@2=2;1@4=1;1@8=2;1@9=1;2@5=1;2@2=1;2@4=1;2@1=1;3@2=1;4@2=1;4@4=1;4@1=2;4@0=1;5@4=2;5@8=3;6@2=1;6@4=1;6@8=1;7@2=1;7@4=1;7@8=1;7@1=1;7@6=1;8@3=1;8@4=2;8@0=1;8@6=1,"3,5,2,4,8,9,1,0,6",37,30,30,0,1.0,0.1336892022214925,0.9090909090909091,0.024598293130583374,0.0,0.0,0.7999999999999999,0.4808652400970459,Feasible|selected=greedy
1053,1052,17,11,6,"ADD:0,2;ADD:1,8;ADD:2,7;ADD:3,7;ADD:3,8;ADD:4,3;ADD:5,7;ADD:6,7;ADD:7,0;ADD:7,7;ADD:8,8;REMOVE:0,5;REMOVE:1,2;REMOVE:2,8;REMOVE:3,2;REMOVE:6,8;REMOVE:7,8",0:5;1:2;2:8;3:2;4:7;5:8;6:8;7:8;8:7;9:-,0:2;1:8;2:7;3:7|8;4:3|7;5:7|8;6:7;7:0|7;8:7|8;9:-,0@2=1;0@3=1;0@4=1;0@8=1;1@2=2;1@4=2;1@8=1;1@1=2;1@5=1;2@2=1;2@3=1;2@4=1;2@1=1;2@0=1;2@7=1;2@9=1;3@4=1;3@8=1;3@1=1;3@5=1;3@0=1;3@7=1;4@2=2;4@3=1;4@4=4;4@1=2;4@5=1;4@7=1;5@2=2;5@4=1;5@8=1;5@1=1;5@5=1;5@0=2;5@9=2;5@6=1;6@3=1;6@4=1;6@7=3;7@4=2;7@1=1;7@5=1;7@0=2;7@7=1;7@9=1;7@6=1;8@3=1;8@4=2;8@8=2;8@1=1;8@5=2;8@7=1;8@9=2;8@6=3,"2,3,4,8,1,5,0,7,9,6",75,54,54,0,1.0,-0.4106973466927839,0.6666666666666666,0.022635986640549343,0.0,0.0,1.0999999999999999,0.7316219806671143,Feasible|selected=greedy
1054,1053,20,8,12,"ADD:0,7;ADD:1,3;ADD:2,2;ADD:3,2;ADD:5,2;ADD:6,8;ADD:7,9;ADD:8,2;REMOVE:0,2;REMOVE:1,8;REMOVE:3,7;REMOVE:3,8;REMOVE:4,3;REMOVE:5,7;REMOVE:5,8;REMOVE:6,7;REMOVE:7,0;REMOVE:7,7;REMOVE:8,7;REMOVE:8,8",0:2;1:8;2:7;3:7|8;4:3|7;5:7|8;6:7;7:0|7;8:7|8;9:-,0:7;1:3;2:2|7;3:2;4:7;5:2;6:8;7:9;8:2;9:-,0@3=1;0@4=2;0@7=1;0@8=1;1@3=1;1@7=1;1@1=1;1@5=2;1@9=1;2@3=1;2@4=1;2@8=1;2@5=1;2@9=1;2@0=2;2@2=3;2@6=1;3@2=2;4@3=1;4@4=2;4@7=2;4@1=3;4@0=1;4@6=1;5@4=4;5@0=1;5@2=1;6@4=1;6@8=1;6@5=1;6@2=2;7@1=1;7@2=2;7@6=1;8@4=3;8@5=1;8@0=1;8@2=1,"3,4,7,8,1,5,9,0,2,6",55,38,38,0,1.0,0.0796895444772423,0.8571428571428571,0.022546687334385127,0.0,0.0,0.7999999999999999,0.5397720336914062,Feasible|selected=greedy
1055,1054,15,7,8,"ADD:0,8;ADD:1,7;ADD:4,3;ADD:5,3;ADD:6,7;ADD:7,5;ADD:8,1;REMOVE:0,7;REMOVE:1,3;REMOVE:2,2;REMOVE:4,7;REMOVE:5,2;REMOVE:6,8;REMOVE:7,9;REMOVE:8,2",0:7;1:3;2:2|7;3:2;4:7;5:2;6:8;7:9;8:2;9:-,0:8;1:7;2:7;3:2;4:3;5:3;6:7;7:5;8:1;9:-,0@1=1;0@2=3;0@4=1;0@6=1;0@7=1;0@8=2;1@2=2;1@4=1;1@6=1;1@7=1;1@0=1;2@1=2;2@4=1;2@6=1;2@3=2;3@2=1;3@7=1;3@5=2;4@1=1;4@2=1;4@5=1;4@9=1;5@1=1;5@5=1;5@9=1;6@8=1;6@3=1;7@8=1;7@0=2;7@5=2;8@1=1;8@8=2;8@3=1,"1,2,4,6,7,8,0,3,5,9",43,33,33,0,1.0,0.11531259138896699,0.8,0.015312591388966944,0.0,0.0,0.7,0.5347001552581787,Feasible|selected=greedy
1056,1055,13,6,7,"ADD:0,7;ADD:1,6;ADD:4,7;ADD:5,9;ADD:6,0;ADD:7,2;REMOVE:0,8;REMOVE:1,7;REMOVE:3,2;REMOVE:4,3;REMOVE:5,3;REMOVE:6,7;REMOVE:7,5",0:8;1:7;2:7;3:2;4:3;5:3;6:7;7:5;8:1;9:-,0:7;1:6;2:7;3:-;4:7;5:9;6:0;7:2;8:1;9:-,0@2=1;0@3=1;0@7=1;1@4=1;1@6=1;2@7=1;2@1=1;2@8=1;2@9=1;4@4=1;4@1=1;4@9=1;5@9=1;6@0=2;7@2=1;8@1=1,"2,3,7,4,6,1,8,9,0",17,16,16,0,1.0,0.2263426987171686,0.7777777777777778,0.04856492093939079,0.0,0.0,0.6,0.34436702728271484,Feasible|selected=greedy
1057,1056,14,8,6,"ADD:1,7;ADD:2,8;ADD:4,8;ADD:5,5;ADD:6,8;ADD:7,5;ADD:7,9;ADD:8,8;REMOVE:1,6;REMOVE:2,7;REMOVE:5,9;REMOVE:6,0;REMOVE:7,2;REMOVE:8,1",0:7;1:6;2:7;3:-;4:7;5:9;6:0;7:2;8:1;9:-,0:7;1:7;2:8;3:-;4:7|8;5:5;6:8;7:5|9;8:8;9:-,0@2=2;0@3=1;0@7=1;1@0=1;1@4=1;1@6=1;1@9=1;2@2=2;2@7=1;2@4=1;2@1=2;2@5=1;4@0=1;4@6=1;4@1=2;4@5=1;5@2=1;5@5=1;6@4=1;6@6=1;6@1=1;6@5=1;7@0=2;7@9=1;7@1=1;7@5=1;8@2=1;8@4=1;8@6=1;8@1=1;8@5=1;8@8=1,"2,3,7,0,4,6,9,1,5,8",37,32,32,0,1.0,-0.03590747621603707,0.75,0.014092523783962817,0.0,0.0,0.7999999999999999,0.5237979888916016,Feasible|selected=greedy
1058,1057,15,7,8,"ADD:0,2;ADD:1,8;ADD:2,2;ADD:5,9;ADD:7,7;ADD:8,7;ADD:9,1;REMOVE:0,7;REMOVE:1,7;REMOVE:2,8;REMOVE:4,8;REMOVE:5,5;REMOVE:7,5;REMOVE:7,9;REMOVE:8,8",0:7;1:7;2:8;3:-;4:7|8;5:5;6:8;7:5|9;8:8;9:-,0:2;1:8;2:2;3:-;4:7;5:9;6:8;7:7;8:7;9:1,0@2=1;1@2=1;1@1=1;1@4=1;1@5=1;1@6=1;2@2=1;4@1=1;4@4=2;4@7=1;4@8=2;4@9=1;5@2=1;5@1=1;5@6=1;6@2=2;6@4=1;6@5=1;6@6=1;6@8=1;7@2=1;7@1=1;7@0=1;8@2=3;8@1=2;8@0=2;8@3=1;9@1=1,"2,1,4,5,6,7,8,9,0,3",35,28,28,0,1.0,0.11527015622388137,0.8,0.015270156223881334,0.0,0.0,0.7,0.46739697456359863,Feasible|selected=greedy
1059,1058,11,6,5,"ADD:0,4;ADD:1,9;ADD:2,3;ADD:5,8;ADD:8,2;ADD:9,4;REMOVE:0,2;REMOVE:1,8;REMOVE:5,9;REMOVE:8,7;REMOVE:9,1",0:2;1:8;2:2;3:-;4:7;5:9;6:8;7:7;8:7;9:1,0:4;1:9;2:2|3;3:-;4:7;5:8;6:8;7:7;8:2;9:4,0@4=1;1@1=2;1@2=1;1@6=1;2@4=1;2@1=2;2@2=1;2@3=1;2@5=1;4@4=1;4@1=2;4@2=2;4@3=1;4@0=2;4@7=1;5@4=1;5@5=2;5@7=1;6@1=1;6@2=2;6@7=1;6@8=1;7@4=1;7@1=1;7@0=2;7@8=2;8@4=2;8@2=2;8@0=1;9@4=1;9@2=1,"4,1,2,6,3,5,0,7,8",42,31,31,0,1.0,-0.024741034518346083,0.5555555555555556,0.019703409926098276,0.0,0.0,0.6,0.47556018829345703,Feasible|selected=greedy
1060,1059,18,9,9,"ADD:1,7;ADD:2,9;ADD:3,9;ADD:4,8;ADD:5,2;ADD:5,7;ADD:6,7;ADD:7,2;ADD:8,7;REMOVE:0,4;REMOVE:1,9;REMOVE:2,2;REMOVE:2,3;REMOVE:4,7;REMOVE:5,8;REMOVE:6,8;REMOVE:7,7;REMOVE:9,4",0:4;1:9;2:2|3;3:-;4:7;5:8;6:8;7:7;8:2;9:4,0:-;1:7;2:9;3:9;4:8;5:2|7;6:7;7:2;8:2|7;9:-,1@3=1;1@8=1;1@9=1;2@9=1;2@2=1;3@3=1;3@9=1;3@2=2;4@8=4;4@2=2;4@1=2;4@4=3;4@7=1;5@9=1;5@2=1;5@1=5;5@4=2;5@0=1;5@5=2;5@6=2;6@3=1;6@8=1;6@4=3;7@3=1;7@8=2;7@2=3;7@4=2;7@5=1;8@9=2;8@2=2;8@1=2;8@4=5;8@0=1;8@5=2;8@6=1,"3,8,9,2,1,4,7,0,5,6",64,35,35,0,1.0,0.01792294170683495,0.9,0.017922941706834845,0.0,0.0,0.8999999999999999,0.5531542301177979,Feasible|selected=greedy
1061,1060,13,7,6,"ADD:1,2;ADD:2,7;ADD:3,8;ADD:4,2;ADD:6,3;ADD:6,9;ADD:7,8;REMOVE:1,7;REMOVE:2,9;REMOVE:3,9;REMOVE:5,2;REMOVE:6,7;REMOVE:7,2",0:-;1:7;2:9;3:9;4:8;5:2|7;6:7;7:2;8:2|7;9:-,0:-;1:2;2:7;3:8;4:2|8;5:7;6:3|9;7:8;8:2|7;9:-,1@0=1;1@2=1;1@3=1;1@4=1;2@0=1;2@2=2;2@4=2;2@1=4;2@6=2;2@7=1;2@9=1;3@8=1;4@0=2;4@2=2;4@4=1;4@6=1;4@9=3;4@8=1;4@5=1;5@2=1;5@3=1;5@4=1;5@7=1;5@9=1;6@2=1;6@3=1;6@1=1;6@6=1;6@5=1;7@4=1;7@1=1;7@6=1;7@7=3;7@8=1;7@5=2;8@0=1;8@2=1;8@3=1;8@1=2;8@6=2;8@7=1;8@9=1;8@8=3;8@5=1,"0,2,3,4,1,6,7,9,8,5",61,44,44,0,1.0,-0.0813163874308136,0.6,0.018683612569186357,0.0,0.0,0.7,0.5763769149780273,Feasible|selected=greedy
1062,1061,13,6,7,"ADD:1,8;ADD:2,8;ADD:4,7;ADD:5,8;ADD:6,8;ADD:7,7;REMOVE:3,8;REMOVE:4,2;REMOVE:5,7;REMOVE:6,3;REMOVE:6,9;REMOVE:7,8;REMOVE:8,2",0:-;1:2;2:7;3:8;4:2|8;5:7;6:3|9;7:8;8:2|7;9:-,0:-;1:2|8;2:7|8;3:-;4:7|8;5:8;6:8;7:7;8:7;9:-,1@2=1;1@3=1;1@4=3;1@5=1;1@6=1;1@8=1;1@9=2;2@2=2;2@3=1;2@5=1;2@6=1;2@8=2;2@1=1;2@7=1;4@2=1;4@5=1;4@6=1;4@8=1;4@1=3;4@0=2;5@2=1;5@5=2;5@8=1;5@1=1;6@2=1;6@4=6;6@5=1;6@1=2;6@7=1;7@2=1;7@4=1;7@6=1;7@9=2;7@0=1;8@2=1;8@3=1;8@6=1;8@1=1;8@0=1,"2,3,4,5,6,8,9,1,7,0",55,39,39,0,1.0,0.04820022845499761,0.6363636363636364,0.011836592091361191,0.0,0.0,0.6,0.5240209102630615,Feasible|selected=greedy
1063,1062,10,6,4,"ADD:0,2;ADD:1,3;ADD:2,2;ADD:2,9;ADD:5,5;ADD:7,3;REMOVE:1,8;REMOVE:2,7;REMOVE:2,8;REMOVE:4,7",0:-;1:2|8;2:7|8;3:-;4:7|8;5:8;6:8;7:7;8:7;9:-,0:2;1:2|3;2:2|9;3:-;4:8;5:5|8;6:8;7:3|7;8:7;9:-,0@2=1;1@2=3;1@1=2;1@3=1;1@4=1;1@5=1;1@9=1;2@2=2;2@1=1;2@4=2;2@5=1;2@9=2;4@2=1;4@1=1;4@4=4;4@5=2;5@2=1;5@1=1;5@5=1;5@0=1;6@1=1;6@4=1;6@5=2;6@7=1;7@1=1;7@3=1;7@4=1;7@5=1;7@0=1;7@7=1;8@2=1;8@1=2;8@4=2;8@0=1;8@8=1,"2,1,3,4,5,9,0,7,8",48,35,35,0,1.0,-0.17445400973396058,0.4,0.025545990266039365,0.0,0.0,0.6,0.47841310501098633,Feasible|selected=greedy
1064,1063,18,7,11,"ADD:1,8;ADD:2,7;ADD:5,7;ADD:6,7;ADD:7,2;ADD:8,3;ADD:9,7;REMOVE:0,2;REMOVE:1,2;REMOVE:1,3;REMOVE:2,2;REMOVE:2,9;REMOVE:5,5;REMOVE:5,8;REMOVE:6,8;REMOVE:7,3;REMOVE:7,7;REMOVE:8,7",0:2;1:2|3;2:2|9;3:-;4:8;5:5|8;6:8;7:3|7;8:7;9:-,0:-;1:8;2:7;3:-;4:8;5:7;6:7;7:2;8:3;9:7,1@2=2;1@4=1;1@5=1;1@6=1;2@4=1;2@0=1;2@8=1;4@2=3;4@4=2;4@1=1;5@4=1;5@3=1;6@2=2;6@4=1;6@1=1;6@3=1;6@7=1;6@9=1;7@2=2;7@0=1;8@2=1;8@5=1;8@1=1;8@3=1;9@7=1,"2,4,5,6,0,8,1,3,7,9",31,25,25,0,1.0,0.23265996969705005,0.9166666666666666,0.015993303030383422,0.0,0.0,0.7,0.4451568126678467,Feasible|selected=greedy
1065,1064,13,7,6,"ADD:4,7;ADD:5,8;ADD:6,6;ADD:7,1;ADD:7,7;ADD:8,7;ADD:8,8;REMOVE:4,8;REMOVE:5,7;REMOVE:6,7;REMOVE:7,2;REMOVE:8,3;REMOVE:9,7",0:-;1:8;2:7;3:-;4:8;5:7;6:7;7:2;8:3;9:7,0:-;1:8;2:7;3:-;4:7;5:8;6:6;7:1|7;8:7|8;9:-,1@1=1;1@4=1;2@4=1;2@3=1;2@6=1;2@8=1;4@4=2;4@2=1;4@7=2;4@9=1;5@1=1;5@4=2;5@6=2;5@2=2;6@4=1;6@6=1;7@1=1;7@6=1;7@2=1;7@7=1;8@3=1;8@8=1;8@7=1;8@5=1,"1,4,3,6,8,2,7,9,5",29,24,24,0,1.0,0.07433155762307309,0.75,0.024331557623073003,0.0,0.0,0.7,0.400022029876709,Feasible|selected=greedy
1066,1065,14,7,7,"ADD:0,2;ADD:1,7;ADD:4,8;ADD:5,2;ADD:5,3;ADD:6,1;ADD:7,8;REMOVE:1,8;REMOVE:2,7;REMOVE:4,7;REMOVE:5,8;REMOVE:6,6;REMOVE:7,1;REMOVE:8,8",0:-;1:8;2:7;3:-;4:7;5:8;6:6;7:1|7;8:7|8;9:-,0:2;1:7;2:-;3:-;4:8;5:2|3;6:1;7:7|8;8:7;9:-,0@2=1;1@2=2;1@1=1;1@3=1;1@4=1;1@9=1;4@2=4;4@4=2;4@6=1;4@8=1;5@2=3;5@1=1;5@3=1;5@4=2;5@5=1;6@1=1;7@4=1;7@8=1;7@5=2;7@0=1;7@7=1;8@2=4;8@1=1;8@3=1;8@4=1;8@6=1;8@0=1;8@7=2,"2,1,3,4,9,6,8,5,0,7",41,28,28,0,1.0,0.10397855434683867,0.7777777777777778,0.026200776569060828,0.0,0.0,0.7,0.4387211799621582,Feasible|selected=greedy
1067,1066,14,7,7,"ADD:1,8;ADD:2,2;ADD:3,7;ADD:4,2;ADD:5,8;ADD:6,7;ADD:8,8;REMOVE:0,2;REMOVE:1,7;REMOVE:4,8;REMOVE:5,2;REMOVE:5,3;REMOVE:6,1;REMOVE:7,8",0:2;1:7;2:-;3:-;4:8;5:2|3;6:1;7:7|8;8:7;9:-,0:-;1:8;2:2;3:7;4:2;5:8;6:7;7:7;8:7|8;9:-,1@1=1;1@2=1;1@4=2;1@5=1;1@6=1;1@7=2;2@2=1;2@5=1;2@7=1;3@2=1;3@4=2;3@7=1;3@9=1;4@2=2;4@4=4;4@5=1;4@7=1;4@9=1;4@0=2;5@1=2;5@2=2;5@4=3;5@5=1;6@1=1;6@2=2;6@4=1;6@7=1;6@9=1;7@1=2;7@2=1;7@4=1;7@0=4;7@8=1;8@4=1;8@5=2;8@6=1;8@7=1;8@9=1;8@8=1;8@3=1,"1,2,4,5,6,7,9,0,8,3",58,40,40,0,1.0,0.08988672623681071,0.7777777777777778,0.012108948459032822,0.0,0.0,0.7,0.5941407680511475,Feasible|selected=greedy
1068,1067,17,10,7,"ADD:1,7;ADD:3,8;ADD:4,7;ADD:5,3;ADD:5,7;ADD:6,5;ADD:6,8;ADD:7,8;ADD:7,9;ADD:8,2;REMOVE:3,7;REMOVE:4,2;REMOVE:5,8;REMOVE:6,7;REMOVE:7,7;REMOVE:8,7;REMOVE:8,8",0:-;1:8;2:2;3:7;4:2;5:8;6:7;7:7;8:7|8;9:-,0:-;1:7|8;2:2;3:8;4:7;5:3|7;6:5|8;7:8|9;8:2;9:-,1@1=2;1@5=2;1@7=1;1@8=1;1@9=1;2@5=1;2@7=1;2@9=1;2@0=1;2@2=2;3@1=4;3@5=1;3@2=2;4@1=3;4@7=1;4@0=2;4@2=1;4@3=1;4@6=1;5@1=2;5@5=1;5@9=2;5@0=1;5@2=1;5@3=3;5@6=1;6@1=1;6@5=1;6@8=1;6@0=2;6@2=1;7@1=1;7@5=1;7@7=1;7@9=1;7@2=1;7@6=1;8@9=1;8@0=1;8@2=2;8@4=2,"1,5,7,8,9,0,2,3,6,4",58,41,41,0,1.0,-0.20017601269054597,0.7777777777777778,0.022046209531676107,0.0,0.0,0.9999999999999999,0.563399076461792,Feasible|selected=greedy
1069,1068,15,7,8,"ADD:0,9;ADD:2,7;ADD:3,2;ADD:4,1;ADD:4,3;ADD:6,7;ADD:7,2;REMOVE:1,8;REMOVE:2,2;REMOVE:3,8;REMOVE:4,7;REMOVE:5,3;REMOVE:6,5;REMOVE:6,8;REMOVE:7,9",0:-;1:7|8;2:2;3:8;4:7;5:3|7;6:5|8;7:8|9;8:2;9:-,0:9;1:7;2:7;3:2;4:1|3;5:7;6:7;7:2|8;8:2;9:-,0@9=1;1@9=2;1@0=1;1@2=2;1@4=1;1@6=1;1@8=1;2@0=2;2@2=5;2@4=3;2@6=1;2@7=1;3@9=2;3@0=2;3@2=1;3@4=2;3@5=2;4@9=1;4@8=2;4@5=1;4@1=1;4@3=1;5@9=3;5@2=1;5@6=1;5@8=2;5@7=1;6@2=1;6@4=1;6@8=1;6@1=1;6@3=1;7@0=2;7@2=3;7@4=2;7@8=1;7@5=2;7@1=1;8@0=1;8@2=1;8@4=3,"9,0,2,4,6,8,7,5,1,3",65,41,41,0,1.0,-0.017383085266059584,0.6666666666666666,0.015950248067273787,0.0,0.0,0.7,0.564856767654419,Feasible|selected=greedy
1070,1069,19,9,10,"ADD:0,7;ADD:1,4;ADD:2,8;ADD:3,7;ADD:4,7;ADD:4,8;ADD:6,4;ADD:7,7;ADD:8,7;REMOVE:0,9;REMOVE:1,7;REMOVE:2,7;REMOVE:3,2;REMOVE:4,1;REMOVE:4,3;REMOVE:6,7;REMOVE:7,2;REMOVE:7,8;REMOVE:8,2",0:9;1:7;2:7;3:2;4:1|3;5:7;6:7;7:2|8;8:2;9:-,0:7;1:4;2:8;3:7;4:7|8;5:7;6:4;7:7;8:7;9:-,0@7=1;1@2=1;1@4=1;2@7=1;2@4=1;2@5=2;2@8=1;3@7=1;3@2=2;3@4=4;3@3=2;3@9=1;4@4=3;4@5=1;4@0=1;4@6=1;5@3=1;5@9=1;5@0=1;6@4=1;7@2=1;7@8=1;7@3=1;7@6=1;7@1=2;8@7=4;8@2=1;8@4=3;8@1=2,"7,2,4,5,8,3,9,0,6,1",44,29,29,0,1.0,0.029245938076417066,0.9090909090909091,0.02015502898550795,0.0,0.0,0.8999999999999999,0.4653897285461426,Feasible|selected=greedy
1071,1070,13,7,6,"ADD:0,3;ADD:1,2;ADD:2,7;ADD:3,8;ADD:6,7;ADD:8,8;ADD:9,1;REMOVE:0,7;REMOVE:1,4;REMOVE:2,8;REMOVE:3,7;REMOVE:4,8;REMOVE:6,4",0:7;1:4;2:8;3:7;4:7|8;5:7;6:4;7:7;8:7;9:-,0:3;1:2;2:7;3:8;4:7;5:7;6:7;7:7;8:7|8;9:1,0@3=1;1@0=1;1@2=2;2@3=1;2@0=1;2@2=1;2@1=1;2@6=1;2@8=1;3@2=1;3@1=3;3@6=2;3@8=1;3@4=1;4@0=2;4@1=1;4@7=1;5@3=1;5@4=2;6@0=1;6@1=1;6@6=1;6@4=4;7@3=1;7@1=2;7@4=1;7@9=1;8@0=2;8@2=1;8@1=3;8@6=1;8@8=1;8@5=1;9@1=1,"3,0,2,1,6,8,4,7,9,5",47,34,34,0,1.0,-0.08578461342528532,0.6,0.014215386574714701,0.0,0.0,0.7,0.5380380153656006,Feasible|selected=greedy
1072,1071,15,6,9,"ADD:0,2;ADD:1,7;ADD:3,2;ADD:6,9;ADD:7,2;ADD:8,2;REMOVE:0,3;REMOVE:1,2;REMOVE:2,7;REMOVE:3,8;REMOVE:6,7;REMOVE:7,7;REMOVE:8,7;REMOVE:8,8;REMOVE:9,1",0:3;1:2;2:7;3:8;4:7;5:7;6:7;7:7;8:7|8;9:1,0:2;1:7;2:-;3:2;4:7;5:7;6:9;7:2;8:2;9:-,0@2=1;1@0=1;1@4=2;1@6=1;3@2=1;3@4=1;3@3=1;4@2=1;4@0=1;4@4=2;4@3=1;4@1=1;4@8=1;5@4=2;5@3=1;5@8=1;6@2=1;6@7=2;6@9=1;7@2=1;8@2=1;8@0=1;8@4=2;8@3=1;8@9=1;8@5=1,"2,0,4,6,3,1,8,7,9,5",31,26,26,0,1.0,0.23286716710469757,0.8181818181818182,0.01468534892287927,0.0,0.0,0.6,0.4308319091796875,Feasible|selected=greedy
1073,1072,15,8,7,"ADD:3,8;ADD:4,2;ADD:4,8;ADD:5,2;ADD:6,7;ADD:7,7;ADD:8,8;ADD:9,8;REMOVE:0,2;REMOVE:3,2;REMOVE:4,7;REMOVE:5,7;REMOVE:6,9;REMOVE:7,2;REMOVE:8,2",0:2;1:7;2:-;3:2;4:7;5:7;6:9;7:2;8:2;9:-,0:-;1:7;2:-;3:8;4:2|8;5:2;6:7;7:7;8:8;9:8,1@3=1;1@4=2;3@8=1;4@4=1;4@8=1;4@0=1;4@2=1;4@5=1;4@6=1;5@3=1;5@0=2;5@2=2;6@4=1;6@8=1;6@0=1;7@1=1;7@7=1;8@5=1;8@6=1;9@8=1,"3,4,8,0,2,5,6,1,7",23,20,20,0,1.0,0.1040807046847615,0.875,0.029080704684761455,0.0,0.0,0.7999999999999999,0.40689921379089355,Feasible|selected=greedy
1074,1073,8,4,4,"ADD:1,2;ADD:2,5;ADD:4,7;ADD:5,7;REMOVE:3,8;REMOVE:4,2;REMOVE:4,8;REMOVE:9,8",0:-;1:7;2:-;3:8;4:2|8;5:2;6:7;7:7;8:8;9:8,0:-;1:2|7;2:5;3:-;4:7;5:2|7;6:7;7:7;8:8;9:-,1@0=2;1@1=2;1@4=4;1@5=1;1@9=1;2@5=1;4@4=1;4@9=1;4@8=2;5@0=1;5@1=1;5@4=3;5@5=1;5@2=1;5@3=1;5@7=1;6@0=1;6@1=1;6@8=1;6@3=1;6@6=3;7@0=1;7@1=1;7@4=1;7@2=2;7@3=1;7@7=1;8@4=1;8@5=2;8@8=3;8@2=1;8@6=2,"0,1,4,5,9,8,2,3,7,6",47,32,32,0,1.0,0.06035663391354673,0.4444444444444444,0.01591218946910234,0.0,0.0,0.4,0.4472236633300781,Feasible|selected=greedy
1075,1074,8,4,4,"ADD:3,3;ADD:8,7;ADD:9,7;ADD:9,8;REMOVE:1,2;REMOVE:2,5;REMOVE:5,2;REMOVE:8,8",0:-;1:2|7;2:5;3:-;4:7;5:2|7;6:7;7:7;8:8;9:-,0:-;1:7;2:-;3:3;4:7;5:7;6:7;7:7;8:7;9:7|8,1@0=1;1@1=1;1@2=3;1@3=1;1@6=1;1@7=2;1@8=1;3@2=1;3@3=1;4@0=1;4@1=2;4@2=1;4@6=1;4@4=3;5@0=1;5@2=1;5@7=1;5@8=1;5@4=1;6@2=2;6@3=1;6@7=1;6@4=3;7@0=3;7@2=1;7@6=1;7@4=1;8@0=1;8@1=2;8@2=4;8@7=1;8@4=1;9@0=2;9@7=1;9@8=1;9@4=1;9@5=2,"0,1,2,3,6,7,8,4,5",54,37,37,0,1.0,0.05947358716374673,0.4444444444444444,0.015029142719302354,0.0,0.0,0.4,0.51743483543396,Feasible|selected=greedy
1076,1075,7,4,3,"ADD:2,2;ADD:3,8;ADD:5,8;ADD:9,2;REMOVE:3,3;REMOVE:5,7;REMOVE:9,8",0:-;1:7;2:-;3:3;4:7;5:7;6:7;7:7;8:7;9:7|8,0:-;1:7;2:2;3:8;4:7;5:8;6:7;7:7;8:7;9:2|7,1@0=2;1@1=1;1@2=1;1@3=1;1@4=1;1@7=1;2@2=1;3@8=1;4@1=1;4@2=1;4@3=1;4@4=3;4@6=2;5@2=2;5@4=1;5@6=2;5@5=1;6@4=1;6@7=1;7@2=1;7@4=1;7@7=1;7@9=1;8@2=4;8@3=1;8@4=3;8@6=1;9@0=3;9@1=1;9@2=1;9@4=1;9@7=1;9@6=2;9@5=1;9@9=1,"0,1,2,3,4,7,8,6,5,9",49,35,35,0,1.0,-0.0527861224669961,0.3333333333333333,0.013880544199670632,0.0,0.0,0.4,0.5162448883056641,Feasible|selected=greedy
1077,1076,14,8,6,"ADD:2,3;ADD:3,5;ADD:3,9;ADD:4,2;ADD:6,2;ADD:7,8;ADD:8,2;ADD:9,8;REMOVE:2,2;REMOVE:3,8;REMOVE:5,8;REMOVE:6,7;REMOVE:7,7;REMOVE:9,2",0:-;1:7;2:2;3:8;4:7;5:8;6:7;7:7;8:7;9:2|7,0:-;1:7;2:3;3:5|9;4:2|7;5:-;6:2;7:8;8:2|7;9:7|8,1@1=1;1@2=5;1@3=2;1@4=1;1@8=1;1@9=1;2@1=1;2@2=1;2@3=1;3@9=1;3@5=1;4@2=3;4@3=2;4@4=2;4@9=1;4@5=1;4@6=1;4@7=1;6@2=1;6@9=1;6@0=1;7@1=1;7@2=1;7@4=1;7@8=2;8@1=2;8@2=4;8@3=1;8@4=1;8@5=2;8@0=1;9@1=4;9@2=8;9@4=7;9@8=2;9@9=1;9@5=1;9@6=2;9@7=1,"1,2,3,4,8,9,5,6,7,0",72,39,39,0,1.0,-0.17670456084064556,0.6,0.023295439159354395,0.0,0.0,0.7999999999999999,0.5302658081054688,Feasible|selected=greedy
1078,1077,17,8,9,"ADD:0,7;ADD:1,2;ADD:3,2;ADD:5,3;ADD:5,7;ADD:6,7;ADD:7,7;ADD:9,2;REMOVE:1,7;REMOVE:2,3;REMOVE:3,5;REMOVE:3,9;REMOVE:4,2;REMOVE:6,2;REMOVE:7,8;REMOVE:8,2;REMOVE:9,8",0:-;1:7;2:3;3:5|9;4:2|7;5:-;6:2;7:8;8:2|7;9:7|8,0:7;1:2;2:-;3:2;4:7;5:3|7;6:7;7:7;8:7;9:2|7,0@1=1;0@2=3;0@3=1;0@4=3;0@6=1;0@7=1;1@2=2;1@3=1;1@7=1;1@5=2;1@8=1;1@9=1;3@2=1;4@1=2;4@2=2;4@3=2;4@4=2;4@6=1;4@7=1;4@9=1;4@0=1;5@3=2;5@4=1;5@7=2;5@5=1;6@2=2;6@3=1;6@4=2;6@6=1;6@0=1;7@2=1;7@4=1;7@6=1;7@0=2;8@1=2;8@2=3;8@3=2;8@4=2;8@6=1;8@8=1;8@9=1;8@0=1;9@1=4;9@2=5;9@4=4;9@7=4;9@5=2;9@9=1;9@0=1,"1,2,3,4,6,7,5,8,9,0",83,49,49,0,1.0,-0.028830511158800975,0.75,0.021169488841198965,0.0,0.0,0.7999999999999999,0.6605710983276367,Feasible|selected=greedy
1079,1078,12,6,6,"ADD:1,7;ADD:3,5;ADD:6,1;ADD:7,8;ADD:7,9;ADD:9,3;REMOVE:3,2;REMOVE:5,3;REMOVE:5,7;REMOVE:6,7;REMOVE:7,7;REMOVE:9,7",0:7;1:2;2:-;3:2;4:7;5:3|7;6:7;7:7;8:7;9:2|7,0:7;1:2|7;2:-;3:5;4:7;5:-;6:1;7:8|9;8:7;9:2|3,0@2=2;0@4=2;0@6=2;0@9=1;1@2=2;1@0=1;1@1=2;1@3=1;1@5=1;1@7=1;1@8=2;3@5=1;4@2=1;4@9=1;4@0=1;4@1=1;4@7=2;6@1=1;7@9=1;7@8=1;8@4=1;8@1=2;8@3=3;8@7=2;9@2=1;9@4=4;9@1=4;9@3=1;9@5=2,"2,4,6,9,0,1,3,5,7,8",47,29,29,0,1.0,-0.026026024106584056,0.5454545454545454,0.028519430438870536,0.0,0.0,0.6,0.43537402153015137,Feasible|selected=greedy
1080,1079,18,9,9,"ADD:0,8;ADD:1,8;ADD:4,8;ADD:5,7;ADD:6,8;ADD:7,2;ADD:8,4;ADD:9,7;ADD:9,8;REMOVE:1,2;REMOVE:1,7;REMOVE:3,5;REMOVE:6,1;REMOVE:7,8;REMOVE:7,9;REMOVE:8,7;REMOVE:9,2;REMOVE:9,3",0:7;1:2|7;2:-;3:5;4:7;5:-;6:1;7:8|9;8:7;9:2|3,0:7|8;1:8;2:-;3:-;4:7|8;5:7;6:8;7:2;8:4;9:7|8,0@1=2;0@2=3;0@4=3;0@5=2;0@6=1;0@7=2;0@9=1;1@2=3;1@4=1;1@5=1;1@8=1;4@4=2;4@5=2;4@6=1;4@9=1;4@8=1;4@3=1;5@4=2;5@9=1;6@1=1;6@4=3;6@5=1;6@7=1;7@2=1;8@4=1;9@1=1;9@2=4;9@4=3;9@5=2;9@6=1;9@7=2;9@8=1;9@0=1,"1,2,4,5,6,7,9,8,3,0",54,33,33,0,1.0,-0.06517775174147655,0.8181818181818182,0.01664043007670509,0.0,0.0,0.8999999999999999,0.5000419616699219,Feasible|selected=greedy
1081,1080,14,8,6,"ADD:1,2;ADD:4,2;ADD:5,6;ADD:7,7;ADD:7,8;ADD:8,7;ADD:8,8;ADD:9,2;REMOVE:1,8;REMOVE:4,8;REMOVE:5,7;REMOVE:7,2;REMOVE:8,4;REMOVE:9,8",0:7|8;1:8;2:-;3:-;4:7|8;5:7;6:8;7:2;8:4;9:7|8,0:7|8;1:2;2:-;3:-;4:2|7;5:6;6:8;7:7|8;8:7|8;9:2|7,0@1=3;0@3=2;0@4=5;0@5=2;0@6=1;0@7=5;0@8=1;0@9=1;1@3=1;1@5=2;1@7=1;1@0=2;1@2=1;4@1=2;4@4=2;4@5=1;4@7=1;4@8=1;4@9=2;4@0=2;4@2=3;5@4=1;5@6=4;5@8=2;5@9=1;6@8=1;7@1=2;7@3=1;7@4=1;7@5=1;7@6=1;8@1=1;8@3=1;8@4=2;8@5=1;8@6=1;8@8=1;8@9=1;8@2=1;9@1=5;9@3=3;9@4=10;9@5=3;9@6=4;9@7=7;9@8=6;9@9=8;9@0=5;9@2=11,"1,3,4,5,6,7,8,9,0,2",127,49,49,0,1.0,-0.22768754767122223,0.5454545454545454,0.026857906874232305,0.0,0.0,0.7999999999999999,0.5733888149261475,Feasible|selected=greedy
1082,1081,15,7,8,"ADD:0,3;ADD:0,5;ADD:1,7;ADD:2,7;ADD:4,8;ADD:5,7;ADD:5,8;REMOVE:0,7;REMOVE:0,8;REMOVE:1,2;REMOVE:4,2;REMOVE:4,7;REMOVE:5,6;REMOVE:7,8;REMOVE:8,8",0:7|8;1:2;2:-;3:-;4:2|7;5:6;6:8;7:7|8;8:7|8;9:2|7,0:3|5;1:7;2:7;3:-;4:8;5:7|8;6:8;7:7;8:7;9:2|7,0@0=4;0@1=1;0@2=2;0@3=2;0@5=2;1@0=1;1@3=1;1@4=2;1@6=1;1@7=1;1@8=1;2@3=1;2@8=1;4@1=1;4@2=1;4@5=1;4@4=1;4@7=2;5@0=1;5@3=1;5@5=1;5@4=3;5@6=1;5@8=1;6@1=3;6@2=1;6@4=1;6@6=1;7@0=1;7@1=3;7@2=1;7@8=1;8@0=4;8@1=1;8@2=4;8@3=1;8@4=2;8@7=2;8@8=1;8@9=2;9@0=2;9@1=7;9@2=6;9@3=3;9@5=5;9@4=7;9@6=5;9@7=7;9@8=2;9@9=3,"0,1,2,3,5,4,6,7,8,9",110,50,50,0,1.0,-0.06509854307563889,0.6153846153846154,0.019516841539745672,0.0,0.0,0.7,0.6321401596069336,Feasible|selected=greedy
1083,1082,9,4,5,"ADD:0,7;ADD:4,7;ADD:7,3;ADD:8,2;REMOVE:0,3;REMOVE:0,5;REMOVE:2,7;REMOVE:4,8;REMOVE:6,8",0:3|5;1:7;2:7;3:-;4:8;5:7|8;6:8;7:7;8:7;9:2|7,0:7;1:7;2:-;3:-;4:7;5:7|8;6:-;7:3|7;8:2|7;9:2|7,0@0=1;0@1=2;0@2=1;0@4=2;0@8=1;1@0=1;1@1=1;1@2=1;1@4=1;1@8=1;1@7=1;1@9=1;4@1=1;4@4=2;4@8=1;4@7=1;4@9=2;4@3=1;5@0=1;5@1=1;5@4=2;5@7=1;5@5=2;7@1=1;7@2=1;7@4=1;7@7=1;7@9=2;7@3=1;7@5=3;7@6=2;8@0=2;8@1=1;8@2=2;8@4=4;8@7=3;8@3=1;8@5=3;9@0=2;9@1=5;9@2=12;9@4=8;9@8=3;9@7=3;9@9=2;9@3=4;9@5=1;9@6=3,"0,1,2,4,8,7,9,3,5,6",100,48,48,0,1.0,0.04357400453492433,0.4166666666666667,0.02690733786825765,0.0,0.0,0.4,0.5568490028381348,Feasible|selected=greedy
1084,1083,16,9,7,"ADD:0,2;ADD:0,3;ADD:1,8;ADD:3,2;ADD:3,8;ADD:4,8;ADD:6,7;ADD:8,8;ADD:9,8;REMOVE:0,7;REMOVE:4,7;REMOVE:5,7;REMOVE:7,3;REMOVE:7,7;REMOVE:8,7;REMOVE:9,2",0:7;1:7;2:-;3:-;4:7;5:7|8;6:-;7:3|7;8:2|7;9:2|7,0:2|3;1:7|8;2:-;3:2|8;4:8;5:8;6:7;7:-;8:2|8;9:7|8,0@1=2;0@2=1;0@3=2;0@4=1;0@5=2;0@9=2;1@3=2;1@4=3;1@5=2;1@6=1;3@1=1;3@2=1;3@4=1;3@5=1;3@9=1;3@0=1;3@8=1;4@1=1;4@2=2;4@4=2;5@4=1;5@5=1;5@6=1;6@1=1;6@3=1;6@4=1;6@7=2;8@1=4;8@2=5;8@3=1;8@4=1;8@5=1;8@0=1;8@8=1;9@1=6;9@2=8;9@3=1;9@4=6;9@5=1;9@9=1;9@6=3;9@8=1,"1,2,3,4,5,9,6,0,8,7",79,42,42,0,1.0,-0.24637376119950127,0.6363636363636364,0.01726260243686233,0.0,0.0,0.8999999999999999,0.5788578987121582,Feasible|selected=greedy
1085,1084,15,6,9,"ADD:0,7;ADD:1,4;ADD:2,2;ADD:3,7;ADD:6,0;ADD:7,6;REMOVE:0,2;REMOVE:0,3;REMOVE:1,7;REMOVE:1,8;REMOVE:3,2;REMOVE:3,8;REMOVE:6,7;REMOVE:8,8;REMOVE:9,8",0:2|3;1:7|8;2:-;3:2|8;4:8;5:8;6:7;7:-;8:2|8;9:7|8,0:7;1:4;2:2;3:7;4:8;5:8;6:0;7:6;8:2;9:7,0@1=2;0@2=1;0@3=1;0@4=1;1@2=1;1@4=1;1@6=1;2@2=1;3@2=1;3@3=1;3@4=1;3@6=2;3@8=1;4@2=1;4@4=2;4@6=1;4@5=1;5@4=1;5@5=1;5@7=1;6@0=1;7@1=1;7@6=1;8@3=1;8@4=3;8@5=1;8@9=1;9@1=3;9@2=6;9@3=1;9@4=5;9@6=2;9@8=2;9@7=2;9@0=2;9@9=1,"1,2,3,4,6,8,5,7,0,9",56,36,36,0,1.0,0.10303741372995279,0.6923076923076923,0.010729721422260476,0.0,0.0,0.6,0.5107576847076416,Feasible|selected=greedy
1086,1085,16,9,7,"ADD:0,8;ADD:1,7;ADD:1,8;ADD:2,7;ADD:3,4;ADD:5,4;ADD:6,9;ADD:8,7;ADD:9,8;REMOVE:0,7;REMOVE:1,4;REMOVE:2,2;REMOVE:3,7;REMOVE:5,8;REMOVE:6,0;REMOVE:8,2",0:7;1:4;2:2;3:7;4:8;5:8;6:0;7:6;8:2;9:7,0:8;1:7|8;2:7;3:4;4:8;5:4;6:9;7:6;8:7;9:7|8,0@1=2;0@5=1;0@6=1;1@1=2;1@5=1;1@4=1;1@8=1;1@9=1;2@7=1;3@4=1;4@1=3;4@6=1;4@4=2;4@8=1;4@2=1;5@4=1;5@2=1;6@1=1;6@2=1;7@1=1;7@6=1;7@4=1;8@4=1;8@7=1;8@2=1;8@0=1;9@1=3;9@5=1;9@4=1;9@8=2;9@7=1;9@2=4;9@0=1,"1,5,6,4,8,9,7,2,0",44,33,33,0,1.0,-0.17773688413620714,0.7,0.02226311586379286,0.0,0.0,0.8999999999999999,0.5092630386352539,Feasible|selected=greedy
1087,1086,15,6,9,"ADD:0,2;ADD:4,7;ADD:5,6;ADD:6,2;ADD:7,2;ADD:8,9;REMOVE:0,8;REMOVE:1,8;REMOVE:2,7;REMOVE:3,4;REMOVE:5,4;REMOVE:6,9;REMOVE:7,6;REMOVE:8,7;REMOVE:9,8",0:8;1:7|8;2:7;3:4;4:8;5:4;6:9;7:6;8:7;9:7|8,0:2;1:7;2:-;3:-;4:7|8;5:6;6:2;7:2;8:9;9:7,0@0=1;0@2=2;0@4=1;0@8=1;0@9=1;1@0=1;1@2=1;1@4=1;1@8=1;1@1=1;1@6=1;1@7=1;4@2=2;4@4=2;4@1=1;4@6=1;4@7=3;4@3=2;4@5=2;5@6=2;6@2=1;7@0=1;7@2=1;7@9=1;8@2=1;8@1=1;9@0=1;9@2=1;9@4=4;9@9=3;9@1=4;9@6=1;9@7=1;9@3=2,"0,2,4,8,9,1,6,7,3,5",51,34,34,0,1.0,0.1729201126783969,0.75,0.02292011267839689,0.0,0.0,0.6,0.48772287368774414,Feasible|selected=greedy
1088,1087,13,8,5,"ADD:0,7;ADD:2,2;ADD:3,7;ADD:5,9;ADD:6,8;ADD:7,1;ADD:8,7;ADD:9,2;REMOVE:4,8;REMOVE:5,6;REMOVE:6,2;REMOVE:7,2;REMOVE:8,9",0:2;1:7;2:-;3:-;4:7|8;5:6;6:2;7:2;8:9;9:7,0:2|7;1:7;2:2;3:7;4:7;5:9;6:8;7:1;8:7;9:2|7,0@0=1;0@1=1;0@2=1;0@3=2;0@4=1;0@5=1;0@8=1;0@9=2;1@2=1;1@4=3;1@8=1;1@9=1;1@6=2;2@2=3;2@3=1;2@8=1;2@9=1;3@1=1;3@3=1;3@4=4;3@8=2;4@0=1;4@1=1;4@2=1;4@3=1;4@4=1;5@1=2;5@2=2;5@9=1;5@7=1;6@1=2;6@4=1;6@8=1;6@6=1;7@1=1;8@0=1;8@1=1;8@2=3;8@4=3;8@9=1;8@7=4;9@0=2;9@1=6;9@2=4;9@3=2;9@4=6;9@5=2;9@8=1;9@9=3;9@6=4;9@7=3,"0,1,2,3,4,5,8,9,6,7",95,51,51,0,1.0,-0.2245027633994352,0.5555555555555556,0.01994168104500917,0.0,0.0,0.7999999999999999,0.722693920135498,Feasible|selected=greedy
1089,1088,13,6,7,"ADD:0,8;ADD:1,2;ADD:3,8;ADD:4,2;ADD:5,7;ADD:7,7;REMOVE:0,2;REMOVE:1,7;REMOVE:2,2;REMOVE:3,7;REMOVE:4,7;REMOVE:5,9;REMOVE:7,1",0:2|7;1:7;2:2;3:7;4:7;5:9;6:8;7:1;8:7;9:2|7,0:7|8;1:2;2:-;3:8;4:2;5:7;6:8;7:7;8:7;9:2|7,0@1=1;0@2=3;0@3=1;0@4=2;0@5=1;0@6=2;0@8=2;1@2=2;1@3=2;1@4=2;1@5=1;1@8=3;3@1=3;3@2=2;3@4=3;4@2=1;4@3=2;4@5=3;4@8=3;4@9=1;5@1=2;5@8=1;5@0=1;6@2=1;6@5=1;6@6=1;6@7=2;7@2=3;7@8=1;7@0=1;7@7=2;8@1=1;8@2=1;8@3=1;8@4=1;8@9=2;8@0=2;9@1=5;9@2=9;9@3=5;9@4=13;9@5=6;9@6=5;9@8=3;9@9=1;9@0=7;9@7=2,"1,2,3,4,5,6,8,9,0,7",120,47,47,0,1.0,-0.000977491019140797,0.5833333333333334,0.015689175647525783,0.0,0.0,0.6,0.6098520755767822,Feasible|selected=greedy
1090,1089,17,10,7,"ADD:1,7;ADD:2,2;ADD:3,3;ADD:3,7;ADD:4,7;ADD:5,2;ADD:5,9;ADD:6,2;ADD:7,8;ADD:8,3;REMOVE:0,8;REMOVE:1,2;REMOVE:3,8;REMOVE:4,2;REMOVE:5,7;REMOVE:6,8;REMOVE:7,7",0:7|8;1:2;2:-;3:8;4:2;5:7;6:8;7:7;8:7;9:2|7,0:7;1:7;2:2;3:3|7;4:7;5:2|9;6:2;7:8;8:3|7;9:2|7,0@1=5;0@2=3;0@3=1;0@7=1;0@8=1;1@1=1;1@2=3;1@3=1;1@7=1;1@0=1;1@4=4;1@6=1;1@9=1;2@2=1;2@0=1;2@4=1;3@3=1;3@7=2;3@4=1;3@6=1;3@9=1;3@5=1;4@1=1;4@2=1;4@3=1;4@7=1;4@4=1;4@9=2;5@1=2;5@2=4;5@4=1;5@9=1;5@5=1;6@2=1;6@3=2;6@4=4;6@9=2;6@5=3;7@1=3;7@7=1;7@4=4;7@5=1;8@1=3;8@3=1;8@7=1;8@0=3;8@4=2;8@6=1;8@9=2;8@5=2;9@1=5;9@2=13;9@3=3;9@7=6;9@8=6;9@0=8;9@4=7;9@6=4;9@9=3;9@5=2,"1,2,3,7,8,0,4,6,9,5",143,60,60,0,1.0,-0.33838040218139886,0.6363636363636364,0.02525596145496464,0.0,0.0,0.9999999999999999,0.8288981914520264,Feasible|selected=greedy
1091,1090,17,7,10,"ADD:2,4;ADD:4,2;ADD:4,8;ADD:5,7;ADD:6,7;ADD:7,7;ADD:8,8;REMOVE:2,2;REMOVE:3,3;REMOVE:3,7;REMOVE:4,7;REMOVE:5,2;REMOVE:5,9;REMOVE:6,2;REMOVE:7,8;REMOVE:8,3;REMOVE:8,7",0:7;1:7;2:2;3:3|7;4:7;5:2|9;6:2;7:8;8:3|7;9:2|7,0:7;1:7;2:4;3:-;4:2|8;5:7;6:7;7:7;8:8;9:2|7,0@1=2;0@2=3;0@3=1;0@4=3;0@8=1;0@9=2;1@1=2;1@2=2;1@3=1;1@4=1;1@8=2;2@2=1;2@4=1;4@1=2;4@2=2;4@4=3;4@0=1;4@5=1;5@1=1;5@2=1;5@3=1;5@8=2;6@1=1;6@2=4;6@4=1;6@0=3;6@7=2;7@1=1;7@2=2;7@4=2;7@8=1;7@9=1;7@6=1;8@2=2;8@4=3;8@8=2;8@7=1;9@1=12;9@2=11;9@3=2;9@4=10;9@8=3;9@9=8;9@0=4;9@5=4;9@7=3;9@6=3,"1,2,3,4,8,9,0,5,7,6",123,47,47,0,1.0,0.03374605411431253,0.7142857142857143,0.019460339828598214,0.0,0.0,0.7,0.5891520977020264,Feasible|selected=greedy
1092,1091,8,3,5,"ADD:0,8;ADD:6,9;ADD:8,7;REMOVE:2,4;REMOVE:4,8;REMOVE:6,7;REMOVE:8,8;REMOVE:9,2",0:7;1:7;2:4;3:-;4:2|8;5:7;6:7;7:7;8:8;9:2|7,0:7|8;1:7;2:-;3:-;4:2;5:7;6:9;7:7;8:7;9:7,0@1=3;0@2=5;0@3=1;0@4=1;0@5=1;0@6=1;0@7=1;0@8=1;0@9=1;1@3=1;1@4=1;1@9=1;4@2=5;4@4=1;4@5=2;4@7=2;4@8=1;4@0=2;5@1=1;5@2=2;5@3=1;5@4=1;5@0=1;6@2=1;6@9=1;7@1=1;7@2=1;7@3=1;7@6=1;7@8=1;7@9=2;8@2=3;8@3=1;8@4=4;8@6=2;8@9=2;8@0=1;9@1=4;9@2=2;9@4=1;9@6=6;9@7=1;9@8=1;9@9=4;9@0=2,"1,2,3,4,5,6,7,8,9,0",80,45,45,0,1.0,0.1656006076642912,0.45454545454545453,0.011055153118836711,0.0,0.0,0.30000000000000004,0.5437519550323486,Feasible|selected=greedy
1093,1092,11,6,5,"ADD:1,2;ADD:4,8;ADD:5,8;ADD:6,8;ADD:8,8;ADD:9,2;REMOVE:0,8;REMOVE:1,7;REMOVE:4,2;REMOVE:5,7;REMOVE:6,9",0:7|8;1:7;2:-;3:-;4:2;5:7;6:9;7:7;8:7;9:7,0:7;1:2;2:-;3:-;4:8;5:8;6:8;7:7;8:7|8;9:2|7,0@1=1;0@2=3;0@3=2;0@4=1;0@6=1;0@7=1;0@8=1;1@2=1;1@4=1;1@8=1;1@0=1;4@1=1;4@2=3;4@4=3;4@6=1;4@8=1;4@5=2;5@7=1;5@8=1;6@2=1;6@4=1;6@8=2;6@5=1;7@1=2;7@3=1;7@4=3;7@6=1;7@7=1;7@0=1;8@1=1;8@4=1;8@6=2;8@7=2;8@8=1;8@0=1;8@5=1;8@9=1;9@1=2;9@2=5;9@3=2;9@4=7;9@6=2;9@7=3;9@0=2;9@5=1;9@9=1,"1,2,3,4,6,7,8,0,5,9",76,46,46,0,1.0,-0.021104121613641502,0.5555555555555556,0.023340322830802934,0.0,0.0,0.6,0.58371901512146,Feasible|selected=greedy
1094,1093,11,6,5,"ADD:0,8;ADD:1,8;ADD:2,9;ADD:4,7;ADD:5,2;ADD:8,0;REMOVE:1,2;REMOVE:4,8;REMOVE:5,8;REMOVE:8,7;REMOVE:8,8",0:7;1:2;2:-;3:-;4:8;5:8;6:8;7:7;8:7|8;9:2|7,0:7|8;1:8;2:9;3:-;4:7;5:2;6:8;7:7;8:0;9:2|7,0@1=3;0@2=2;0@4=1;0@5=2;0@6=1;0@7=1;0@8=1;0@9=2;1@1=1;1@2=1;1@4=2;2@9=1;4@2=1;4@4=2;4@6=3;4@9=1;4@3=1;5@4=4;5@5=4;5@8=1;5@9=2;6@7=1;6@8=1;7@2=1;7@4=1;7@6=2;7@9=1;7@3=1;8@0=1;9@1=3;9@2=6;9@4=5;9@5=1;9@6=3;9@7=3;9@8=1;9@9=2;9@3=1;9@0=4,"1,2,4,5,6,7,8,9,3,0",75,39,39,0,1.0,-0.08029235980608007,0.5,0.019707640193919868,0.0,0.0,0.6,0.5461628437042236,Feasible|selected=greedy
1095,1094,13,7,6,"ADD:1,7;ADD:2,1;ADD:5,7;ADD:6,7;ADD:7,2;ADD:8,2;ADD:8,7;REMOVE:0,8;REMOVE:1,8;REMOVE:2,9;REMOVE:5,2;REMOVE:6,8;REMOVE:8,0",0:7|8;1:8;2:9;3:-;4:7;5:2;6:8;7:7;8:0;9:2|7,0:7;1:7;2:1;3:-;4:7;5:7;6:7;7:2|7;8:2|7;9:2|7,0@1=3;0@2=2;0@3=2;0@4=4;0@8=1;0@9=1;1@2=3;1@3=2;1@4=3;1@9=1;1@6=1;2@1=2;4@1=3;4@2=3;4@3=1;4@8=2;4@9=2;4@6=1;4@0=2;5@1=2;5@2=2;5@3=2;5@4=1;5@8=2;5@9=1;5@7=1;6@1=1;6@4=1;6@9=1;6@0=1;7@2=5;7@3=1;7@4=2;7@8=4;7@9=1;7@6=2;7@0=1;7@7=1;7@5=1;8@1=2;8@2=3;8@4=2;8@9=2;8@6=1;8@0=1;8@7=1;8@5=2;9@1=5;9@2=10;9@3=4;9@4=9;9@8=12;9@9=3;9@6=7;9@0=3;9@7=7;9@5=4,"1,2,3,4,8,9,6,0,7,5",150,57,57,0,1.0,-0.1345126737555773,0.5454545454545454,0.020032780789877247,0.0,0.0,0.7,0.7018401622772217,Feasible|selected=greedy
1096,1095,9,6,3,"ADD:0,8;ADD:1,9;ADD:3,7;ADD:3,8;ADD:4,2;ADD:6,3;REMOVE:0,7;REMOVE:1,7;REMOVE:7,2",0:7;1:7;2:1;3:-;4:7;5:7;6:7;7:2|7;8:2|7;9:2|7,0:8;1:9;2:1;3:7|8;4:2|7;5:7;6:3|7;7:7;8:2|7;9:2|7,0@1=1;0@2=2;0@4=2;0@5=1;0@8=2;1@1=3;1@2=4;2@1=1;3@1=2;3@2=2;3@4=2;3@5=2;3@8=1;3@0=1;3@6=1;3@7=1;4@1=2;4@2=3;4@4=4;4@5=3;4@0=2;4@6=1;4@3=1;4@9=2;5@2=1;5@4=1;5@7=2;5@3=1;6@1=3;6@2=2;6@5=1;6@0=1;6@7=1;6@3=1;6@9=2;7@1=2;7@2=1;7@4=3;7@3=1;7@9=3;8@2=3;8@4=3;8@5=2;8@8=1;8@6=3;8@7=1;8@3=1;8@9=1;9@1=9;9@2=7;9@4=9;9@5=7;9@8=8;9@0=3;9@6=4;9@7=1;9@3=3;9@9=7,"1,2,4,5,8,0,6,7,3,9",145,58,58,0,1.0,-0.33352295040848745,0.25,0.016477049591512555,0.0,0.0,0.6,0.6985878944396973,Feasible|selected=greedy
1097,1096,10,5,5,"ADD:0,2;ADD:0,7;ADD:1,7;ADD:5,2;ADD:7,2;REMOVE:0,8;REMOVE:1,9;REMOVE:3,8;REMOVE:4,2;REMOVE:6,7",0:8;1:9;2:1;3:7|8;4:2|7;5:7;6:3|7;7:7;8:2|7;9:2|7,0:2|7;1:7;2:1;3:7;4:7;5:2|7;6:3;7:2|7;8:2|7;9:2|7,0@0=1;0@1=1;0@2=2;0@3=1;0@4=3;0@5=2;0@6=4;0@7=2;0@8=1;0@9=2;1@0=1;1@1=1;1@2=4;1@3=1;1@6=1;1@8=1;2@1=1;2@8=2;2@9=1;3@0=1;3@1=1;3@2=1;3@9=1;4@1=1;4@2=3;4@3=1;4@4=1;4@6=1;4@9=2;5@0=1;5@1=4;5@2=2;5@4=1;5@5=1;5@7=1;5@8=2;5@9=1;6@1=1;6@2=6;6@5=1;6@9=1;7@0=1;7@1=1;7@2=1;7@3=1;7@4=4;7@5=1;7@7=1;8@0=2;8@1=2;8@2=3;8@3=2;8@4=1;8@5=1;8@6=1;8@7=2;9@0=4;9@1=4;9@2=13;9@3=8;9@4=10;9@5=5;9@6=2;9@7=3;9@8=4;9@9=3,"0,1,2,3,4,5,6,7,8,9",147,66,66,0,1.0,-0.14430941283471338,0.3333333333333333,0.022357253831953305,0.0,0.0,0.5,0.7492518424987793,Feasible|selected=greedy
1098,1097,12,6,6,"ADD:1,2;ADD:2,8;ADD:4,6;ADD:4,8;ADD:5,8;ADD:6,5;REMOVE:0,7;REMOVE:2,1;REMOVE:4,7;REMOVE:5,2;REMOVE:6,3;REMOVE:7,2",0:2|7;1:7;2:1;3:7;4:7;5:2|7;6:3;7:2|7;8:2|7;9:2|7,0:2;1:2|7;2:8;3:7;4:6|8;5:7|8;6:5;7:7;8:2|7;9:2|7,0@0=1;0@2=3;0@3=1;0@4=2;0@5=1;0@7=1;0@9=1;1@0=1;1@2=1;1@4=3;1@5=1;1@7=2;1@1=2;2@2=2;2@4=1;2@5=1;2@1=1;3@0=1;3@2=3;3@3=2;3@4=3;3@7=2;3@9=1;3@1=1;3@8=1;4@4=3;4@5=2;4@9=2;4@8=4;4@6=2;5@2=2;5@3=1;5@4=2;5@5=2;5@7=2;5@8=1;5@6=1;6@0=1;6@2=3;6@3=1;6@5=1;6@8=2;7@2=2;7@4=2;7@9=2;7@1=1;7@6=1;8@0=1;8@2=2;8@3=1;8@4=1;8@5=2;8@7=1;8@9=1;8@1=1;8@8=1;9@0=5;9@2=6;9@3=1;9@4=7;9@5=2;9@7=3;9@9=5;9@1=4;9@8=4;9@6=3,"0,2,3,4,5,7,9,1,8,6",130,66,66,0,1.0,-0.17680919439798976,0.4,0.023190805602010187,0.0,0.0,0.6,0.7359178066253662,Feasible|selected=greedy
1099,1098,17,8,9,"ADD:0,7;ADD:0,8;ADD:2,4;ADD:3,8;ADD:4,2;ADD:4,9;ADD:5,2;ADD:6,7;REMOVE:0,2;REMOVE:1,7;REMOVE:2,8;REMOVE:3,7;REMOVE:4,6;REMOVE:4,8;REMOVE:5,7;REMOVE:5,8;REMOVE:6,5",0:2;1:2|7;2:8;3:7;4:6|8;5:7|8;6:5;7:7;8:2|7;9:2|7,0:7|8;1:2;2:4;3:8;4:2|9;5:2;6:7;7:7;8:2|7;9:2|7,0@0=1;0@1=2;0@3=1;0@4=2;0@5=1;0@6=2;0@7=1;0@8=2;1@0=1;1@4=3;1@2=3;2@4=1;2@2=1;3@1=2;3@4=2;3@5=1;3@6=1;3@8=2;3@2=4;4@0=1;4@5=2;4@6=1;4@2=3;4@9=1;5@3=1;5@4=2;5@2=2;6@1=3;6@3=2;6@4=1;6@2=2;7@0=1;7@1=2;7@3=1;7@4=1;7@6=1;7@8=1;7@9=2;8@0=1;8@1=3;8@3=2;8@4=4;8@5=1;8@6=2;8@8=1;8@2=4;8@9=2;9@0=3;9@1=2;9@3=7;9@4=4;9@5=1;9@6=3;9@7=2;9@8=3;9@2=7;9@9=2,"0,1,3,4,5,6,7,8,2,9",117,57,57,0,1.0,-0.17850144201645546,0.6,0.021498557983544477,0.0,0.0,0.7999999999999999,0.6946349143981934,Feasible|selected=greedy
1100,1099,19,10,9,"ADD:0,2;ADD:1,7;ADD:1,8;ADD:2,7;ADD:2,8;ADD:3,3;ADD:3,7;ADD:4,7;ADD:5,8;ADD:6,5;REMOVE:0,7;REMOVE:1,2;REMOVE:2,4;REMOVE:3,8;REMOVE:4,2;REMOVE:4,9;REMOVE:5,2;REMOVE:6,7;REMOVE:8,2",0:7|8;1:2;2:4;3:8;4:2|9;5:2;6:7;7:7;8:2|7;9:2|7,0:2|8;1:7|8;2:7|8;3:3|7;4:7;5:8;6:5;7:7;8:7;9:2|7,0@0=1;0@2=2;0@3=2;0@4=2;0@5=2;0@6=2;0@8=4;1@0=2;1@4=2;1@5=1;1@1=2;1@7=2;2@0=1;2@4=1;2@5=1;2@6=1;2@7=1;3@2=1;3@3=1;3@4=7;3@5=2;3@6=1;3@1=2;3@7=1;3@9=1;4@0=2;4@2=1;4@3=1;4@6=1;4@8=2;4@9=1;5@2=1;5@4=3;5@8=1;5@1=3;6@0=1;6@3=1;6@5=1;6@8=1;7@2=1;7@3=2;7@4=1;7@6=1;7@1=2;7@7=1;7@9=1;8@2=1;8@3=1;8@4=2;8@6=2;8@1=2;8@9=2;9@0=1;9@2=1;9@3=1;9@4=5;9@5=1;9@8=3;9@1=1;9@9=1,"0,2,3,4,5,6,8,1,7,9",98,60,60,0,1.0,-0.3416039778000307,0.6428571428571429,0.015538879342826228,0.0,0.0,0.9999999999999999,0.7239489555358887,Feasible|selected=greedy
1101,1100,12,5,7,"ADD:1,2;ADD:2,2;ADD:5,7;ADD:6,7;ADD:9,8;REMOVE:1,8;REMOVE:2,7;REMOVE:2,8;REMOVE:3,3;REMOVE:5,8;REMOVE:6,5;REMOVE:9,2",0:2|8;1:7|8;2:7|8;3:3|7;4:7;5:8;6:5;7:7;8:7;9:2|7,0:2|8;1:2|7;2:2;3:7;4:7;5:7;6:7;7:7;8:7;9:7|8,0@1=3;0@2=3;0@3=1;0@4=3;0@5=2;0@8=1;0@9=2;1@2=1;1@3=1;1@4=1;1@5=1;1@9=1;1@0=1;1@6=1;2@2=1;2@3=1;2@4=2;2@9=1;3@1=4;3@2=2;3@3=1;3@0=1;3@6=1;4@2=3;4@3=1;4@4=2;4@8=1;4@9=2;4@0=2;4@7=1;5@3=2;5@4=3;5@8=2;5@9=1;5@6=2;6@4=1;6@0=2;7@1=1;7@2=1;7@4=2;7@8=1;7@9=1;7@6=1;8@1=1;8@3=1;8@8=1;8@0=2;8@6=1;9@1=3;9@2=5;9@4=4;9@5=1;9@8=4;9@9=1;9@0=1;9@6=1,"1,2,3,4,5,8,9,0,6,7",94,56,56,0,1.0,-0.02084230127219816,0.4666666666666667,0.012491032061135141,0.0,0.0,0.5,0.6468348503112793,Feasible|selected=greedy
1102,1101,19,12,7,"ADD:0,7;ADD:1,8;ADD:2,7;ADD:3,2;ADD:3,9;ADD:4,8;ADD:5,8;ADD:6,2;ADD:6,8;ADD:7,2;ADD:8,2;ADD:9,2;REMOVE:0,8;REMOVE:1,2;REMOVE:1,7;REMOVE:2,2;REMOVE:3,7;REMOVE:6,7;REMOVE:9,8",0:2|8;1:2|7;2:2;3:7;4:7;5:7;6:7;7:7;8:7;9:7|8,0:2|7;1:8;2:7;3:2|9;4:7|8;5:7|8;6:2|8;7:2|7;8:2|7;9:2|7,0@0=2;0@1=6;0@2=3;0@3=2;0@4=8;0@5=2;0@6=2;0@7=1;0@9=1;1@2=2;1@4=1;1@5=1;1@6=2;1@7=1;2@1=1;2@2=2;2@4=2;2@7=1;2@9=2;3@1=1;3@2=5;3@4=1;3@5=2;3@9=2;4@1=3;4@2=3;4@4=7;4@5=1;4@6=2;4@7=3;4@9=3;4@8=1;5@0=2;5@1=2;5@3=2;5@4=2;5@5=1;5@6=1;5@8=1;6@1=1;6@2=1;6@3=1;6@4=1;6@5=2;6@8=1;7@0=1;7@1=3;7@2=3;7@4=2;7@5=1;7@7=1;7@9=1;7@8=1;8@0=1;8@1=2;8@2=2;8@3=1;8@4=1;8@5=1;8@9=2;8@8=2;9@0=4;9@1=6;9@2=12;9@3=4;9@4=5;9@5=3;9@6=1;9@7=4;9@9=2;9@8=3,"0,1,2,3,4,5,6,7,9,8",163,71,71,0,1.0,-0.6351671322310963,0.5384615384615384,0.02637132930736514,0.0,0.0,1.2,0.8140442371368408,Feasible|selected=greedy
1103,1102,11,3,8,"ADD:0,8;ADD:6,7;ADD:8,8;REMOVE:0,2;REMOVE:3,2;REMOVE:3,9;REMOVE:4,8;REMOVE:5,8;REMOVE:6,2;REMOVE:6,8;REMOVE:8,2",0:2|7;1:8;2:7;3:2|9;4:7|8;5:7|8;6:2|8;7:2|7;8:2|7;9:2|7,0:7|8;1:8;2:7;3:-;4:7;5:7;6:7;7:2|7;8:7|8;9:2|7,0@0=1;0@1=4;0@3=5;0@4=3;0@5=2;0@6=2;0@7=1;0@8=1;0@9=1;1@1=1;1@5=2;1@8=2;1@2=1;2@1=1;2@4=2;2@6=1;2@8=1;2@9=1;2@2=1;4@1=4;4@3=1;4@7=2;4@8=2;4@2=4;5@0=1;5@1=2;5@4=1;5@7=1;5@2=1;6@0=3;6@1=2;6@4=4;6@2=2;7@3=3;7@4=1;7@5=1;7@6=1;7@7=1;7@2=1;8@0=3;8@1=3;8@4=1;8@5=2;8@6=2;8@7=1;8@8=1;8@9=2;8@2=1;9@0=3;9@1=3;9@3=4;9@4=9;9@5=6;9@6=6;9@7=4;9@8=2;9@9=4;9@2=7,"0,1,3,4,5,6,7,8,9,2",135,58,58,0,1.0,0.16148715710136574,0.4444444444444444,0.01704271265692136,0.0,0.0,0.30000000000000004,0.6563253402709961,Feasible|selected=greedy
1104,1103,12,5,7,"ADD:1,2;ADD:1,9;ADD:4,8;ADD:5,8;ADD:7,8;REMOVE:0,8;REMOVE:1,8;REMOVE:4,7;REMOVE:5,7;REMOVE:7,2;REMOVE:7,7;REMOVE:8,8",0:7|8;1:8;2:7;3:-;4:7;5:7;6:7;7:2|7;8:7|8;9:2|7,0:7;1:2|9;2:7;3:-;4:8;5:8;6:7;7:8;8:7;9:2|7,0@1=4;0@2=4;0@4=2;0@7=1;0@9=1;1@2=1;1@4=4;1@9=2;1@5=1;1@6=1;2@9=1;2@6=2;2@0=1;2@3=1;4@1=3;4@2=2;4@4=3;4@5=1;5@1=1;5@2=3;5@4=2;5@7=1;5@6=2;5@8=1;6@4=3;6@7=1;6@6=2;6@3=1;7@1=1;7@2=4;7@5=1;7@6=1;8@1=5;8@2=2;8@4=1;8@7=1;8@9=1;8@6=3;8@0=1;8@3=1;8@8=1;9@1=6;9@2=7;9@4=6;9@7=1;9@9=3;9@5=5;9@6=3;9@0=2;9@3=2;9@8=3,"1,2,4,7,9,5,6,0,3,8",113,51,51,0,1.0,0.05111860218709097,0.5384615384615384,0.012657063725552512,0.0,0.0,0.5,0.6032509803771973,Feasible|selected=greedy
1105,1104,9,5,4,"ADD:0,2;ADD:3,7;ADD:4,7;ADD:5,3;ADD:8,2;REMOVE:0,7;REMOVE:1,9;REMOVE:4,8;REMOVE:5,8",0:7;1:2|9;2:7;3:-;4:8;5:8;6:7;7:8;8:7;9:2|7,0:2;1:2;2:7;3:7;4:7;5:3;6:7;7:8;8:2|7;9:2|7,0@0=1;0@2=1;0@3=1;0@4=3;0@5=1;0@9=2;1@0=1;1@2=1;1@8=2;2@4=1;2@7=1;3@7=1;4@2=1;4@3=1;4@4=1;4@1=1;5@3=1;6@9=1;6@8=1;6@7=1;6@1=1;6@6=2;7@2=1;7@4=2;7@5=1;7@8=1;8@0=2;8@2=1;8@4=2;8@5=1;8@9=2;8@8=1;8@7=2;8@1=2;9@0=1;9@2=2;9@3=2;9@4=3;9@5=2;9@9=2;9@8=4;9@7=1;9@1=4,"0,2,3,4,5,9,8,7,1,6",66,43,43,0,1.0,-0.11648775251136928,0.36363636363636365,0.019875883852267056,0.0,0.0,0.5,0.599606990814209,Feasible|selected=greedy
1106,1105,12,10,2,"ADD:0,7;ADD:1,7;ADD:2,2;ADD:3,2;ADD:4,2;ADD:5,2;ADD:5,7;ADD:6,8;ADD:7,2;ADD:7,7;REMOVE:5,3;REMOVE:7,8",0:2;1:2;2:7;3:7;4:7;5:3;6:7;7:8;8:2|7;9:2|7,0:2|7;1:2|7;2:2|7;3:2|7;4:2|7;5:2|7;6:7|8;7:2|7;8:2|7;9:2|7,0@0=1;0@1=4;0@2=10;0@3=7;0@4=18;0@5=9;0@6=7;0@7=4;0@8=4;0@9=2;1@0=8;1@1=7;1@2=9;1@3=1;1@4=10;1@5=4;1@6=5;1@7=3;1@8=1;1@9=4;2@0=2;2@1=3;2@2=4;2@3=3;2@4=3;2@5=3;2@6=1;2@9=6;3@0=5;3@1=7;3@2=16;3@3=5;3@4=9;3@5=3;3@6=5;3@7=5;3@8=7;3@9=6;4@0=4;4@1=6;4@2=9;4@3=4;4@4=8;4@5=3;4@6=1;4@7=1;4@8=3;4@9=6;5@0=3;5@1=4;5@2=11;5@3=3;5@4=6;5@5=6;5@6=3;5@7=2;5@8=1;5@9=2;6@0=2;6@1=1;6@2=4;6@3=2;6@4=4;6@5=1;6@6=2;6@7=2;6@8=3;7@0=2;7@1=5;7@2=7;7@3=5;7@4=6;7@5=4;7@6=3;7@7=3;7@8=1;7@9=5;8@0=5;8@1=8;8@2=11;8@3=1;8@4=15;8@5=6;8@6=6;8@7=4;8@8=4;8@9=5;9@0=11;9@1=16;9@2=16;9@3=9;9@4=22;9@5=12;9@6=15;9@7=4;9@8=5;9@9=7,"0,1,2,3,4,5,6,7,8,9",541,97,97,0,1.0,-0.8103776197424758,0.16666666666666666,0.02295571359085744,0.0,0.0,0.9999999999999999,1.0752320289611816,Feasible|selected=greedy
1107,1106,7,1,6,"ADD:5,8;REMOVE:0,2;REMOVE:1,2;REMOVE:2,2;REMOVE:4,2;REMOVE:5,2;REMOVE:7,2",0:2|7;1:2|7;2:2|7;3:2|7;4:2|7;5:2|7;6:7|8;7:2|7;8:2|7;9:2|7,0:7;1:7;2:7;3:2|7;4:7;5:7|8;6:7|8;7:7;8:2|7;9:2|7,0@0=3;0@2=7;0@3=1;0@4=4;0@6=2;0@7=1;0@8=1;0@9=3;1@0=1;1@2=1;1@3=2;1@4=2;1@7=1;1@8=2;1@9=1;1@1=7;2@4=1;2@6=1;2@7=1;2@1=1;3@0=2;3@2=6;3@3=2;3@4=2;3@6=1;3@7=2;3@9=2;3@1=3;3@5=2;4@0=1;4@2=1;4@4=4;4@6=2;4@8=2;4@9=2;4@1=3;5@0=2;5@2=2;5@4=1;5@6=2;5@8=1;5@9=3;5@1=1;5@5=1;6@2=6;6@4=2;6@6=3;6@8=1;6@9=1;6@1=4;6@5=2;7@0=1;7@2=1;7@4=2;7@6=2;7@7=1;7@8=1;7@9=1;8@0=2;8@2=4;8@3=3;8@4=3;8@6=3;8@7=3;8@8=2;8@9=2;8@1=3;8@5=5;9@0=6;9@2=8;9@3=1;9@4=3;9@7=1;9@8=1;9@9=2;9@1=9;9@5=3,"0,2,3,4,6,7,8,9,1,5",185,77,77,0,1.0,0.21581402729464502,0.3,0.015814027294645035,0.0,0.0,0.1,0.7427899837493896,Feasible|selected=greedy
1108,1107,16,5,11,"ADD:2,2;ADD:3,1;ADD:4,9;ADD:6,2;ADD:7,8;REMOVE:2,7;REMOVE:3,2;REMOVE:3,7;REMOVE:4,7;REMOVE:5,7;REMOVE:6,7;REMOVE:6,8;REMOVE:7,7;REMOVE:8,2;REMOVE:8,7;REMOVE:9,2",0:7;1:7;2:7;3:2|7;4:7;5:7|8;6:7|8;7:7;8:2|7;9:2|7,0:7;1:7;2:2;3:1;4:9;5:8;6:2;7:8;8:-;9:7,0@2=1;0@4=2;0@6=1;0@9=1;1@2=2;1@4=1;1@3=1;1@7=1;2@2=1;3@9=1;3@1=1;3@8=1;4@2=1;4@6=1;4@3=1;4@1=1;5@8=1;6@2=1;6@9=1;6@8=1;7@4=1;7@7=1;7@1=1;7@8=2;7@5=1;9@2=5;9@4=5;9@6=1;9@3=2;9@1=1;9@8=1;9@0=1,"2,4,6,9,3,7,1,8,5,0",44,32,32,0,1.0,0.2501526936134649,0.7333333333333333,0.016819360280131628,0.0,0.0,0.5,0.48132920265197754,Feasible|selected=greedy
1109,1108,20,11,9,"ADD:0,8;ADD:1,8;ADD:2,9;ADD:3,7;ADD:4,2;ADD:5,4;ADD:6,9;ADD:7,7;ADD:8,8;ADD:9,2;ADD:9,8;REMOVE:0,7;REMOVE:1,7;REMOVE:2,2;REMOVE:3,1;REMOVE:4,9;REMOVE:5,8;REMOVE:6,2;REMOVE:7,8;REMOVE:9,7",0:7;1:7;2:2;3:1;4:9;5:8;6:2;7:8;8:-;9:7,0:8;1:8;2:9;3:7;4:2;5:4;6:9;7:7;8:8;9:2|8,0@1=1;0@2=2;0@4=2;1@4=2;1@5=1;1@6=1;2@1=1;2@2=1;3@4=1;3@3=1;4@2=1;4@4=1;4@5=1;5@4=1;6@2=1;6@6=1;7@4=1;7@3=1;8@4=2;8@5=2;8@6=1;8@7=2;9@2=3;9@4=4;9@5=1;9@6=2;9@3=1;9@8=1;9@9=1,"1,2,4,5,6,3,7,8,9",41,29,29,0,1.0,-0.08389925739882553,1.0,0.016100742601174337,0.0,0.0,1.0999999999999999,0.5319528579711914,Feasible|selected=greedy
1110,1109,15,9,6,"ADD:0,7;ADD:1,7;ADD:2,4;ADD:3,2;ADD:4,8;ADD:5,7;ADD:6,7;ADD:7,8;ADD:9,7;REMOVE:0,8;REMOVE:2,9;REMOVE:4,2;REMOVE:5,4;REMOVE:6,9;REMOVE:9,2",0:8;1:8;2:9;3:7;4:2;5:4;6:9;7:7;8:8;9:2|8,0:7;1:7|8;2:4;3:2|7;4:8;5:7;6:7;7:7|8;8:8;9:7|8,0@0=1;0@1=2;0@2=1;0@4=2;0@6=1;0@7=1;0@8=4;0@9=1;1@0=2;1@1=1;1@2=1;1@4=1;1@6=2;1@7=1;1@8=2;1@3=2;1@5=1;2@2=2;2@4=1;2@6=1;3@0=1;3@1=3;3@2=2;3@4=4;3@6=2;3@7=1;3@3=1;3@5=1;4@1=1;4@2=4;4@4=1;4@6=1;4@7=1;4@5=1;5@1=1;5@4=3;5@7=3;5@9=1;6@7=1;7@0=2;7@1=1;7@4=1;7@7=1;7@5=2;8@1=1;8@2=1;8@4=1;8@7=2;8@8=1;9@1=3;9@2=8;9@4=5;9@6=1;9@7=2;9@8=2;9@9=2;9@3=1;9@5=4,"0,1,2,4,6,7,8,9,3,5",104,58,58,0,1.0,-0.33595709559700737,0.5454545454545454,0.018588358948447153,0.0,0.0,0.8999999999999999,0.7710580825805664,Feasible|selected=greedy
1111,1110,16,8,8,"ADD:1,2;ADD:2,2;ADD:3,8;ADD:4,7;ADD:5,2;ADD:6,2;ADD:8,2;ADD:8,7;REMOVE:1,8;REMOVE:2,4;REMOVE:3,2;REMOVE:3,7;REMOVE:4,8;REMOVE:5,7;REMOVE:7,8;REMOVE:8,8",0:7;1:7|8;2:4;3:2|7;4:8;5:7;6:7;7:7|8;8:8;9:7|8,0:7;1:2|7;2:2;3:8;4:7;5:2;6:2|7;7:7;8:2|7;9:7|8,0@0=1;0@1=1;0@2=2;0@3=1;0@4=5;0@6=1;0@7=1;0@8=2;1@0=2;1@1=3;1@2=1;1@3=1;1@4=1;1@6=2;1@7=4;1@5=3;1@9=1;2@0=1;2@2=2;2@3=1;2@7=1;2@5=2;2@9=2;3@2=3;3@4=1;3@8=3;4@0=1;4@1=6;4@2=5;4@3=1;4@4=1;4@6=2;4@7=3;4@8=1;4@9=2;5@2=4;5@4=3;5@7=1;5@8=3;5@5=1;5@9=1;6@0=2;6@1=1;6@2=2;6@3=2;6@4=1;6@6=1;6@7=1;6@5=1;7@1=1;7@2=1;7@3=2;7@4=1;7@7=1;7@9=1;8@0=1;8@1=5;8@2=3;8@3=1;8@6=1;8@7=1;8@8=1;8@5=1;8@9=2;9@0=1;9@1=2;9@2=9;9@3=2;9@4=7;9@6=5;9@7=3;9@8=4;9@5=1,"0,1,2,3,4,6,7,8,5,9",151,73,73,0,1.0,-0.20602944128630307,0.5714285714285714,0.02254198728512548,0.0,0.0,0.7999999999999999,0.8450589179992676,Feasible|selected=greedy
1112,1111,13,5,8,"ADD:1,8;ADD:2,7;ADD:4,2;ADD:5,7;ADD:8,8;REMOVE:1,2;REMOVE:1,7;REMOVE:2,2;REMOVE:3,8;REMOVE:5,2;REMOVE:6,2;REMOVE:8,2;REMOVE:9,8",0:7;1:2|7;2:2;3:8;4:7;5:2;6:2|7;7:7;8:2|7;9:7|8,0:7;1:8;2:7;3:-;4:2|7;5:7;6:7;7:7;8:7|8;9:7,0@0=2;0@1=3;0@2=6;0@4=4;0@7=1;0@8=1;0@9=1;1@1=1;1@2=1;1@4=3;1@7=2;1@8=1;1@6=2;2@0=1;2@4=1;2@7=1;2@3=1;4@0=1;4@1=3;4@2=2;4@4=3;4@7=1;4@9=3;4@6=3;4@3=2;4@5=1;5@1=3;5@2=3;5@4=1;5@7=2;5@8=1;5@6=1;5@3=1;6@0=2;6@1=2;6@4=1;6@7=5;6@8=1;6@6=2;7@0=3;7@1=1;7@2=4;7@4=2;7@7=2;7@8=1;7@6=1;7@3=1;8@0=2;8@1=3;8@2=3;8@4=5;8@7=1;8@8=2;8@9=3;8@6=3;8@5=2;9@0=4;9@1=5;9@2=3;9@4=8;9@7=2;9@8=2;9@9=1;9@6=6;9@3=3,"0,1,2,4,7,8,9,6,3,5",149,65,65,0,1.0,0.0848264290902011,0.5714285714285714,0.013397857661629738,0.0,0.0,0.5,0.6788520812988281,Feasible|selected=greedy
1113,1112,8,6,2,"ADD:0,8;ADD:1,7;ADD:3,8;ADD:5,8;ADD:5,9;ADD:9,2;REMOVE:2,7;REMOVE:5,7",0:7;1:8;2:7;3:-;4:2|7;5:7;6:7;7:7;8:7|8;9:7,0:7|8;1:7|8;2:-;3:8;4:2|7;5:8|9;6:7;7:7;8:7|8;9:2|7,0@1=4;0@2=3;0@3=1;0@4=4;0@5=1;0@6=1;0@7=2;0@8=1;0@9=4;1@1=3;1@3=1;1@4=2;1@5=1;1@6=1;1@7=2;3@1=1;3@2=3;3@4=3;3@8=1;4@1=2;4@2=3;4@3=1;4@4=3;4@5=5;4@6=1;4@9=2;4@0=3;5@1=1;5@2=3;5@3=1;5@5=1;5@6=1;5@8=1;5@9=1;6@1=1;6@2=1;6@3=2;6@4=1;6@6=1;6@7=1;6@8=2;7@2=2;7@4=3;7@6=1;7@7=1;7@9=2;8@1=5;8@2=2;8@4=6;8@5=2;8@6=1;8@7=1;8@8=1;8@9=2;8@0=2;9@1=3;9@2=3;9@3=1;9@4=5;9@5=4;9@6=3;9@7=5;9@8=3;9@9=3;9@0=1,"1,2,3,4,5,6,7,8,9,0",139,65,65,0,1.0,-0.4011429015410956,0.18181818181818182,0.017038916640722535,0.0,0.0,0.6,0.7236018180847168,Feasible|selected=greedy
1114,1113,13,6,7,"ADD:0,2;ADD:2,7;ADD:3,7;ADD:5,3;ADD:5,7;ADD:8,2;REMOVE:0,7;REMOVE:0,8;REMOVE:1,8;REMOVE:3,8;REMOVE:5,8;REMOVE:5,9;REMOVE:8,8",0:7|8;1:7|8;2:-;3:8;4:2|7;5:8|9;6:7;7:7;8:7|8;9:2|7,0:2;1:7;2:7;3:7;4:2|7;5:3|7;6:7;7:7;8:2|7;9:2|7,0@0=1;0@2=4;0@3=1;0@4=2;0@5=3;0@7=1;0@8=1;0@9=1;1@0=1;1@3=2;1@4=4;1@1=3;2@0=1;2@3=1;2@4=1;2@7=1;2@8=1;2@1=1;3@2=2;3@3=1;3@4=5;3@7=2;3@1=2;4@0=1;4@4=1;4@5=3;4@7=1;4@9=1;4@1=4;5@3=1;5@4=3;5@5=1;5@7=2;5@9=1;5@1=3;6@0=2;6@3=1;6@7=1;6@1=3;7@0=1;7@2=2;7@3=1;7@4=2;7@8=2;7@9=1;7@1=1;8@0=1;8@2=2;8@3=3;8@4=2;8@5=1;8@7=1;8@1=4;8@6=2;9@0=5;9@2=3;9@3=3;9@4=7;9@5=3;9@7=1;9@8=1;9@9=1;9@1=4;9@6=1,"0,2,3,4,5,7,8,9,1,6",126,64,64,0,1.0,-0.11880932937649408,0.4666666666666667,0.014524003956839235,0.0,0.0,0.6,0.6900019645690918,Feasible|selected=greedy
1115,1114,13,7,6,"ADD:0,7;ADD:1,8;ADD:2,2;ADD:3,2;ADD:6,8;ADD:7,2;ADD:8,8;REMOVE:0,2;REMOVE:2,7;REMOVE:4,2;REMOVE:5,3;REMOVE:7,7;REMOVE:8,2",0:2;1:7;2:7;3:7;4:2|7;5:3|7;6:7;7:7;8:2|7;9:2|7,0:7;1:7|8;2:2;3:2|7;4:7;5:7;6:7|8;7:2;8:7|8;9:2|7,0@1=1;0@2=7;0@3=1;0@4=2;0@6=3;0@9=1;1@1=3;1@3=1;1@4=2;1@6=1;1@0=2;1@5=1;2@2=3;2@4=2;2@0=2;2@5=1;2@8=1;3@1=1;3@2=4;3@3=4;3@4=3;3@9=1;3@0=4;3@5=1;3@8=1;4@1=2;4@2=1;4@3=3;4@4=2;4@6=3;4@8=1;4@7=1;5@1=1;5@2=2;5@4=3;5@7=1;6@1=1;6@4=1;6@6=2;6@0=2;6@5=1;6@7=1;7@2=2;7@4=2;7@9=1;7@5=1;8@1=3;8@2=4;8@4=2;8@6=2;8@9=1;8@0=1;8@5=3;8@8=1;9@1=4;9@2=9;9@3=7;9@4=9;9@6=2;9@9=2;9@0=1;9@5=1;9@8=4,"1,2,3,4,6,9,0,5,8,7",143,63,63,0,1.0,-0.2555270869182831,0.42857142857142855,0.015901484510288305,0.0,0.0,0.7,0.7446870803833008,Feasible|selected=greedy
1116,1115,15,7,8,"ADD:0,2;ADD:0,8;ADD:1,2;ADD:2,7;ADD:4,4;ADD:7,7;ADD:8,2;REMOVE:0,7;REMOVE:1,7;REMOVE:2,2;REMOVE:3,2;REMOVE:4,7;REMOVE:6,8;REMOVE:7,2;REMOVE:8,8",0:7;1:7|8;2:2;3:2|7;4:7;5:7;6:7|8;7:2;8:7|8;9:2|7,0:2|8;1:2|8;2:7;3:7;4:4;5:7;6:7;7:7;8:2|7;9:2|7,0@2=3;0@3=2;0@4=2;0@5=1;0@6=1;0@8=2;0@9=2;1@2=3;1@3=1;1@4=1;1@5=1;1@8=1;1@0=1;1@1=2;2@2=1;2@3=1;2@7=1;3@2=4;3@3=1;3@6=3;3@8=1;3@1=1;3@7=1;4@4=1;5@2=1;5@3=1;5@4=3;5@0=1;5@1=1;5@7=1;6@2=1;6@6=1;6@0=2;6@1=2;7@2=2;7@4=1;7@8=1;7@0=2;7@7=1;8@2=1;8@3=1;8@4=3;8@5=1;8@0=1;8@1=1;8@7=1;9@2=3;9@3=1;9@4=4;9@5=1;9@6=1;9@9=1;9@0=2;9@1=1;9@7=1,"2,3,4,5,6,8,9,0,1,7",83,55,55,0,1.0,-0.14332906192943295,0.5333333333333333,0.023337604737233668,0.0,0.0,0.7,0.6182112693786621,Feasible|selected=greedy
1117,1116,12,5,7,"ADD:2,9;ADD:4,7;ADD:5,8;ADD:6,8;ADD:7,8;REMOVE:0,8;REMOVE:2,7;REMOVE:4,4;REMOVE:6,7;REMOVE:7,7;REMOVE:8,2;REMOVE:9,2",0:2|8;1:2|8;2:7;3:7;4:4;5:7;6:7;7:7;8:2|7;9:2|7,0:2;1:2|8;2:9;3:7;4:7;5:7|8;6:8;7:8;8:7;9:7,0@0=2;0@2=2;0@3=1;0@4=4;0@5=1;0@7=1;0@9=1;1@2=1;1@3=1;1@4=3;1@5=1;1@9=1;1@1=1;1@8=2;2@9=1;3@0=1;3@2=2;3@3=1;3@4=4;3@7=1;3@8=3;3@6=1;4@0=1;4@2=4;4@3=1;4@4=2;4@1=2;4@8=1;4@6=1;5@0=1;5@4=2;5@5=2;5@7=1;5@1=1;5@8=1;6@2=1;6@4=1;6@5=1;6@7=1;6@1=1;6@8=1;7@4=2;7@1=1;7@8=1;8@3=1;8@7=1;8@6=1;9@0=1;9@2=5;9@3=1;9@4=2;9@7=1;9@9=1;9@1=2;9@8=3;9@6=5,"0,2,3,4,5,7,9,1,8,6",90,56,56,0,1.0,0.01371928720689286,0.5,0.01371928720689281,0.0,0.0,0.5,0.6653790473937988,Feasible|selected=greedy
1118,1117,9,6,3,"ADD:0,7;ADD:2,7;ADD:4,8;ADD:6,7;ADD:7,7;ADD:9,2;REMOVE:0,2;REMOVE:2,9;REMOVE:5,8",0:2;1:2|8;2:9;3:7;4:7;5:7|8;6:8;7:8;8:7;9:7,0:7;1:2|8;2:7;3:7;4:7|8;5:7;6:7|8;7:7|8;8:7;9:2|7,0@0=1;0@2=3;0@4=1;0@6=1;0@7=1;0@8=1;0@9=2;1@0=1;1@2=3;1@4=5;1@6=1;1@7=2;1@1=2;1@3=2;1@5=2;2@0=2;2@4=1;2@6=2;3@0=2;3@2=2;3@4=4;3@7=3;3@8=2;3@9=2;3@1=3;3@3=1;4@2=4;4@4=4;4@6=2;4@7=1;4@1=1;4@3=1;4@5=1;5@0=1;5@2=2;5@4=2;5@8=1;5@1=2;5@3=2;6@0=1;6@4=3;6@6=4;6@7=1;6@8=1;6@1=2;6@3=1;6@5=1;7@0=1;7@2=3;7@4=2;7@6=1;7@8=1;7@1=1;7@5=3;8@2=2;8@4=2;8@6=2;8@7=1;8@8=1;8@9=1;8@1=2;9@0=1;9@2=7;9@4=5;9@6=2;9@7=3;9@8=5;9@9=1;9@1=2;9@3=1;9@5=6,"0,2,4,6,7,8,9,1,3,5",146,71,71,0,1.0,-0.3345887104001174,0.25,0.015411289599882586,0.0,0.0,0.6,0.8260033130645752,Feasible|selected=greedy
1119,1118,9,4,5,"ADD:0,2;ADD:1,7;ADD:8,8;ADD:9,8;REMOVE:1,2;REMOVE:1,8;REMOVE:4,8;REMOVE:7,8;REMOVE:9,2",0:7;1:2|8;2:7;3:7;4:7|8;5:7;6:7|8;7:7|8;8:7;9:2|7,0:2|7;1:7;2:7;3:7;4:7;5:7;6:7|8;7:7;8:7|8;9:7|8,0@0=2;0@1=1;0@2=3;0@3=3;0@4=1;0@5=1;0@7=1;0@9=1;1@0=1;1@1=2;1@2=4;1@4=1;1@9=2;1@6=1;1@8=3;2@0=1;2@2=2;2@7=1;2@9=1;3@0=1;3@3=1;3@4=6;3@9=2;3@8=3;4@0=3;4@1=2;4@2=3;4@3=1;4@4=3;4@7=4;4@9=1;4@6=1;4@8=1;5@1=2;5@4=1;5@9=1;6@1=1;6@2=1;6@4=1;6@5=1;6@7=1;6@9=1;6@6=3;6@8=1;7@0=1;7@1=2;7@2=3;7@3=3;7@4=3;7@9=1;7@6=1;7@8=1;8@0=1;8@1=3;8@2=1;8@3=2;8@4=5;8@5=3;8@7=2;8@6=1;8@8=1;9@1=4;9@2=1;9@4=8;9@5=2;9@7=3;9@9=2;9@6=2,"0,1,2,3,4,5,7,9,6,8",134,68,68,0,1.0,-0.05439012926624187,0.3333333333333333,0.012276537400424864,0.0,0.0,0.4,0.7079999446868896,Feasible|selected=greedy
1120,1119,12,6,6,"ADD:0,3;ADD:2,8;ADD:3,3;ADD:4,8;ADD:7,2;ADD:9,2;REMOVE:0,2;REMOVE:2,7;REMOVE:6,7;REMOVE:7,7;REMOVE:8,8;REMOVE:9,8",0:2|7;1:7;2:7;3:7;4:7;5:7;6:7|8;7:7;8:7|8;9:7|8,0:3|7;1:7;2:8;3:3|7;4:7|8;5:7;6:8;7:2;8:7;9:2|7,0@0=1;0@1=3;0@2=4;0@3=1;0@5=2;0@6=2;0@7=2;0@9=1;1@0=1;1@1=2;1@2=1;1@9=1;1@8=2;2@5=1;2@7=1;2@4=1;3@1=4;3@2=2;3@3=4;3@5=2;3@7=1;3@9=2;3@4=2;4@1=2;4@2=2;4@3=2;4@5=1;4@7=2;4@8=2;4@4=2;5@0=1;5@2=1;5@7=1;5@4=1;6@2=1;6@5=1;6@8=1;7@2=2;7@3=1;7@5=1;7@7=2;7@4=4;8@0=2;8@1=3;8@2=1;8@3=3;8@9=1;8@8=1;8@4=2;9@0=1;9@1=4;9@2=4;9@3=2;9@5=2;9@6=4;9@7=2;9@9=5;9@8=3;9@4=5,"0,1,2,3,5,6,7,9,8,4",118,59,59,0,1.0,-0.1525778650598495,0.42857142857142855,0.01885070636872191,0.0,0.0,0.6,0.6933941841125488,Feasible|selected=greedy
1121,1120,9,4,5,"ADD:0,8;ADD:1,2;ADD:3,8;ADD:7,7;REMOVE:0,3;REMOVE:3,3;REMOVE:3,7;REMOVE:7,2;REMOVE:9,2",0:3|7;1:7;2:8;3:3|7;4:7|8;5:7;6:8;7:2;8:7;9:2|7,0:7|8;1:2|7;2:8;3:8;4:7|8;5:7;6:8;7:7;8:7;9:7,0@0=2;0@1=1;0@2=4;0@4=2;0@5=1;0@6=1;0@7=2;0@8=1;0@9=1;1@0=3;1@1=2;1@2=1;1@5=2;1@6=2;1@7=1;1@9=1;2@1=1;2@2=2;2@4=1;2@6=1;3@1=2;3@2=2;3@4=1;4@1=3;4@4=4;4@5=1;4@7=2;4@9=1;5@0=1;5@4=2;5@6=2;5@8=2;5@3=1;6@2=1;6@5=1;6@7=1;6@8=2;7@0=1;7@1=3;7@2=2;7@4=1;7@6=1;7@7=1;7@3=2;8@0=2;8@1=1;8@2=2;8@4=4;8@6=2;8@8=3;8@9=1;9@1=3;9@2=5;9@4=2;9@7=4;9@8=3;9@9=3;9@3=1,"0,1,2,4,5,6,7,8,9,3",108,58,58,0,1.0,-0.03059756259492935,0.35714285714285715,0.012259580262213512,0.0,0.0,0.4,0.6635189056396484,Feasible|selected=greedy
1122,1121,11,6,5,"ADD:2,2;ADD:3,7;ADD:4,2;ADD:5,8;ADD:6,7;ADD:9,8;REMOVE:1,2;REMOVE:2,8;REMOVE:4,7;REMOVE:5,7;REMOVE:6,8",0:7|8;1:2|7;2:8;3:8;4:7|8;5:7;6:8;7:7;8:7;9:7,0:7|8;1:7;2:2;3:7|8;4:2|8;5:8;6:7;7:7;8:7;9:7|8,0@3=2;0@4=1;0@5=1;0@6=1;1@4=1;1@1=2;1@7=1;1@9=2;2@2=1;3@4=1;3@5=1;3@6=1;3@1=1;3@7=1;3@9=1;4@4=3;4@5=1;4@1=1;4@9=1;4@2=1;4@8=1;5@4=1;5@5=2;5@1=2;5@2=1;6@4=2;6@1=1;6@0=2;7@3=1;7@4=1;7@0=2;8@3=1;8@6=1;8@1=1;8@7=3;8@9=2;8@2=2;8@8=2;8@0=1;9@3=2;9@4=4;9@5=3;9@6=1;9@1=1;9@7=2;9@2=2;9@8=5;9@0=2,"3,4,5,6,1,7,9,2,8,0",76,48,48,0,1.0,-0.1952078061239929,0.38461538461538464,0.02017680926062241,0.0,0.0,0.6,0.612368106842041,Feasible|selected=greedy
1123,1122,16,8,8,"ADD:1,2;ADD:3,2;ADD:4,7;ADD:5,5;ADD:7,2;ADD:8,2;ADD:8,8;ADD:9,2;REMOVE:2,2;REMOVE:3,7;REMOVE:4,2;REMOVE:4,8;REMOVE:6,7;REMOVE:7,7;REMOVE:8,7;REMOVE:9,8",0:7|8;1:7;2:2;3:7|8;4:2|8;5:8;6:7;7:7;8:7;9:7|8,0:7|8;1:2|7;2:-;3:2|8;4:7;5:5|8;6:-;7:2;8:2|8;9:2|7,0@1=2;0@2=2;0@3=1;0@4=2;0@5=2;0@6=3;1@2=1;1@3=2;1@4=1;1@5=3;1@6=1;1@0=1;1@8=1;1@9=1;3@1=1;3@2=2;3@3=2;3@4=2;3@5=1;3@0=1;3@8=1;4@2=1;4@4=2;4@0=1;4@7=1;5@3=1;5@4=1;5@5=1;5@8=1;7@2=3;7@0=1;7@9=1;8@1=1;8@2=1;8@4=1;8@5=1;8@0=1;8@8=1;8@9=1;9@2=1;9@3=1;9@4=4;9@5=3;9@6=2;9@0=1;9@9=3,"1,2,3,4,5,6,0,8,9,7",69,46,46,0,1.0,-0.2104634865331464,0.5714285714285714,0.018107942038282133,0.0,0.0,0.7999999999999999,0.5588321685791016,Feasible|selected=greedy
1124,1123,13,5,8,"ADD:1,8;ADD:2,3;ADD:4,8;ADD:5,9;ADD:6,7;REMOVE:1,2;REMOVE:1,7;REMOVE:3,2;REMOVE:4,7;REMOVE:5,5;REMOVE:5,8;REMOVE:8,2;REMOVE:8,8",0:7|8;1:2|7;2:-;3:2|8;4:7;5:5|8;6:-;7:2;8:2|8;9:2|7,0:7|8;1:8;2:3;3:8;4:8;5:9;6:7;7:2;8:-;9:2|7,0@4=1;0@5=1;0@6=1;0@7=2;0@8=1;0@9=2;1@4=1;1@5=1;1@6=1;1@8=1;1@1=3;1@2=2;2@1=3;2@3=2;3@4=3;3@5=1;3@6=1;3@7=1;3@1=1;3@2=1;4@4=2;4@8=1;4@1=3;4@2=1;5@6=1;5@2=2;6@4=3;6@6=2;6@9=1;6@2=1;6@3=2;7@8=1;7@2=1;7@3=1;9@4=1;9@5=1;9@6=2;9@7=2;9@8=4;9@9=1;9@1=3;9@2=3;9@3=1;9@0=4,"4,5,6,7,8,9,1,2,3,0",74,44,44,0,1.0,0.08915698556082974,0.5714285714285714,0.0177284141322583,0.0,0.0,0.5,0.5856528282165527,Feasible|selected=greedy
1125,1124,19,12,7,"ADD:0,2;ADD:1,2;ADD:1,7;ADD:2,7;ADD:3,2;ADD:3,7;ADD:4,2;ADD:5,7;ADD:6,8;ADD:7,7;ADD:8,2;ADD:8,7;REMOVE:0,8;REMOVE:1,8;REMOVE:2,3;REMOVE:3,8;REMOVE:4,8;REMOVE:5,9;REMOVE:6,7",0:7|8;1:8;2:3;3:8;4:8;5:9;6:7;7:2;8:-;9:2|7,0:2|7;1:2|7;2:7;3:2|7;4:2;5:7;6:8;7:2|7;8:2|7;9:2|7,0@0=1;0@1=2;0@2=3;0@4=2;0@5=1;0@7=1;1@0=2;1@1=2;1@2=2;1@4=2;1@5=2;1@7=3;1@6=1;1@9=1;2@0=1;2@1=1;2@2=2;3@1=4;3@2=2;3@4=1;3@5=2;3@7=3;3@9=1;4@0=1;4@2=1;4@4=3;4@5=1;5@0=1;5@1=1;5@2=1;5@4=2;5@6=3;5@3=1;6@1=1;6@4=3;6@5=1;7@0=1;7@1=1;7@2=3;7@4=3;7@5=3;7@9=2;7@3=2;8@0=2;8@1=1;8@4=3;8@5=1;8@7=2;8@9=1;9@0=4;9@1=3;9@2=6;9@4=5;9@5=2;9@6=2;9@9=1;9@3=5;9@8=1,"0,1,2,4,5,7,6,9,3,8",116,58,58,0,1.0,-0.5415733683325661,0.6363636363636364,0.022062995303797538,0.0,0.0,1.2,0.7893309593200684,Feasible|selected=greedy
1126,1125,6,2,4,"ADD:2,8;ADD:7,8;REMOVE:2,7;REMOVE:3,2;REMOVE:7,2;REMOVE:7,7",0:2|7;1:2|7;2:7;3:2|7;4:2;5:7;6:8;7:2|7;8:2|7;9:2|7,0:2|7;1:2|7;2:8;3:7;4:2;5:7;6:8;7:8;8:2|7;9:2|7,0@0=1;0@1=1;0@2=2;0@3=2;0@4=2;0@5=2;0@6=3;0@7=2;0@8=1;0@9=1;1@0=1;1@2=3;1@3=1;1@4=1;1@5=2;1@6=1;1@9=1;2@1=2;2@5=2;2@6=1;2@8=1;3@0=1;3@1=2;3@2=2;3@3=1;3@4=1;3@6=1;3@8=2;3@9=2;4@2=2;4@3=1;4@4=3;4@5=1;4@7=1;4@9=1;5@0=1;5@2=3;5@3=1;5@4=1;5@7=1;5@9=1;6@1=1;6@2=3;6@4=1;6@5=1;6@7=1;6@8=1;7@1=1;7@2=2;7@4=2;8@0=1;8@1=3;8@2=2;8@3=2;8@4=2;8@6=1;8@7=1;8@8=2;8@9=1;9@0=4;9@1=3;9@2=6;9@3=3;9@4=5;9@5=4;9@6=4;9@7=3;9@8=2;9@9=1,"0,1,2,3,4,5,6,7,8,9",125,69,69,0,1.0,0.07024390934400976,0.25,0.020243909344009783,0.0,0.0,0.2,0.7111179828643799,Feasible|selected=greedy
1127,1126,12,6,6,"ADD:0,8;ADD:3,8;ADD:4,7;ADD:5,2;ADD:6,7;ADD:9,8;REMOVE:0,2;REMOVE:1,2;REMOVE:4,2;REMOVE:5,7;REMOVE:6,8;REMOVE:9,2",0:2|7;1:2|7;2:8;3:7;4:2;5:7;6:8;7:8;8:2|7;9:2|7,0:7|8;1:7;2:8;3:7|8;4:7;5:2;6:7;7:8;8:2|7;9:7|8,0@1=1;0@3=1;0@4=2;0@5=1;0@8=1;1@1=1;1@3=1;1@4=1;1@8=2;1@0=1;1@2=2;1@6=1;1@7=1;2@5=3;2@2=1;2@6=1;3@1=2;3@3=1;3@4=2;3@5=2;3@8=2;3@2=1;3@6=1;3@9=4;4@3=2;4@4=3;4@8=1;4@2=3;4@7=2;5@0=1;5@2=3;6@1=1;6@3=1;6@4=1;6@8=1;6@2=1;6@6=1;7@1=1;7@4=2;7@8=1;7@2=2;7@7=1;8@3=1;8@4=5;8@5=2;8@0=1;8@2=4;8@6=1;8@9=2;9@1=7;9@4=8;9@5=4;9@8=2;9@0=4;9@2=9;9@6=5;9@7=2;9@9=1,"1,3,4,5,8,0,2,6,7,9",122,58,58,0,1.0,-0.15597322362480992,0.42857142857142855,0.015455347803761533,0.0,0.0,0.6,0.6582200527191162,Feasible|selected=greedy
1128,1127,15,7,8,"ADD:1,2;ADD:2,9;ADD:4,2;ADD:4,9;ADD:5,8;ADD:6,9;ADD:9,2;REMOVE:0,8;REMOVE:1,7;REMOVE:2,8;REMOVE:3,8;REMOVE:4,7;REMOVE:5,2;REMOVE:6,7;REMOVE:9,8",0:7|8;1:7;2:8;3:7|8;4:7;5:2;6:7;7:8;8:2|7;9:7|8,0:7;1:2;2:9;3:7;4:2|9;5:8;6:9;7:8;8:2|7;9:2|7,0@1=1;0@2=3;0@3=1;0@4=2;0@6=1;0@8=1;1@3=1;1@4=2;1@0=1;1@5=2;1@7=1;2@1=1;2@2=1;3@1=1;3@2=1;3@3=3;3@4=1;3@6=1;3@0=1;3@9=1;4@1=1;4@2=3;4@4=1;4@5=1;4@9=1;5@1=3;5@8=1;5@5=2;6@1=1;6@2=1;6@3=1;6@9=1;7@2=2;7@4=2;7@8=1;8@1=2;8@2=4;8@3=1;8@4=2;8@6=2;8@8=2;8@0=1;8@5=1;8@9=1;9@1=3;9@2=8;9@3=1;9@4=11;9@6=2;9@8=1;9@0=2;9@5=3;9@7=3;9@9=2,"1,2,3,4,6,8,0,5,7,9",101,54,54,0,1.0,-0.107645048479452,0.5714285714285714,0.020926380091976563,0.0,0.0,0.7,0.6572370529174805,Feasible|selected=greedy
1129,1128,14,7,7,"ADD:1,7;ADD:2,7;ADD:3,2;ADD:4,3;ADD:5,7;ADD:6,2;ADD:9,8;REMOVE:1,2;REMOVE:2,9;REMOVE:4,2;REMOVE:4,9;REMOVE:6,9;REMOVE:8,2;REMOVE:9,2",0:7;1:2;2:9;3:7;4:2|9;5:8;6:9;7:8;8:2|7;9:2|7,0:7;1:7;2:7;3:2|7;4:3;5:7|8;6:2;7:8;8:7;9:7|8,0@0=2;0@3=3;0@4=1;0@9=2;1@4=2;1@9=1;1@1=1;1@2=1;2@4=2;2@9=1;3@0=1;3@4=4;3@1=2;3@2=1;3@5=1;3@7=1;4@3=1;4@1=1;5@3=1;5@4=2;5@1=2;5@2=2;5@5=1;5@6=1;6@9=1;6@2=1;6@5=1;6@7=1;7@4=2;7@1=2;7@2=2;7@6=3;8@0=1;8@3=1;8@9=1;8@1=2;8@2=4;9@0=4;9@3=2;9@4=4;9@1=1;9@2=5;9@5=2;9@7=2;9@6=1;9@8=1,"0,3,4,9,1,2,5,7,6,8",81,46,46,0,1.0,-0.15283512650598696,0.5384615384615384,0.008703335032474595,0.0,0.0,0.7,0.6154758930206299,Feasible|selected=greedy
1130,1129,16,7,9,"ADD:0,2;ADD:2,2;ADD:4,5;ADD:7,5;ADD:8,2;ADD:8,8;ADD:9,2;REMOVE:0,7;REMOVE:2,7;REMOVE:3,2;REMOVE:4,3;REMOVE:5,8;REMOVE:6,2;REMOVE:7,8;REMOVE:8,7;REMOVE:9,8",0:7;1:7;2:7;3:2|7;4:3;5:7|8;6:2;7:8;8:7;9:7|8,0:2;1:7;2:2;3:7;4:5;5:7;6:-;7:5;8:2|8;9:2|7,0@2=3;0@3=3;0@4=1;0@8=3;1@3=1;1@4=1;1@8=1;1@1=2;1@9=1;2@2=3;3@2=1;3@3=1;3@4=2;3@9=1;3@0=2;3@6=1;4@2=1;4@3=2;4@0=1;4@5=2;5@2=1;5@3=1;5@4=1;5@7=1;7@2=1;7@3=1;7@0=2;7@5=1;8@2=5;8@3=1;8@4=3;8@8=3;8@6=2;8@5=1;9@2=2;9@3=2;9@4=2;9@1=2;9@9=1;9@0=3;9@6=1;9@5=2;9@7=1,"2,3,4,8,1,9,0,6,5,7",73,43,43,0,1.0,0.019368703184987734,0.6923076923076923,0.027061010877295382,0.0,0.0,0.7,0.5790021419525146,Feasible|selected=greedy
1131,1130,19,10,9,"ADD:0,7;ADD:1,2;ADD:2,7;ADD:3,1;ADD:3,3;ADD:4,7;ADD:5,2;ADD:6,8;ADD:7,7;ADD:8,3;REMOVE:0,2;REMOVE:2,2;REMOVE:3,7;REMOVE:4,5;REMOVE:5,7;REMOVE:7,5;REMOVE:8,2;REMOVE:8,8;REMOVE:9,2",0:2;1:7;2:2;3:7;4:5;5:7;6:-;7:5;8:2|8;9:2|7,0:7;1:2|7;2:7;3:1|3;4:7;5:2;6:8;7:7;8:3;9:7,0@0=1;0@1=1;0@2=4;0@4=3;0@8=1;0@9=2;1@0=1;1@1=1;1@2=2;1@4=1;1@5=1;1@7=1;2@0=1;2@4=1;2@8=1;3@1=1;3@5=1;3@3=1;3@6=2;4@1=2;4@4=3;4@8=1;4@9=3;5@2=3;5@4=1;5@5=1;6@1=1;6@4=1;6@8=2;6@6=1;7@0=2;7@1=2;7@2=2;7@4=1;7@7=1;7@6=4;8@1=1;8@2=3;8@9=1;8@5=1;8@3=2;9@0=4;9@1=3;9@2=4;9@4=2;9@8=2;9@9=2;9@7=2;9@3=1;9@6=3,"0,1,2,4,8,9,5,7,3,6",89,50,50,0,1.0,-0.16576312078592692,0.8181818181818182,0.016055061032254774,0.0,0.0,0.9999999999999999,0.6787080764770508,Feasible|selected=greedy
1132,1131,11,6,5,"ADD:3,2;ADD:5,6;ADD:5,8;ADD:6,2;ADD:8,7;ADD:9,2;REMOVE:1,2;REMOVE:3,1;REMOVE:3,3;REMOVE:5,2;REMOVE:8,3",0:7;1:2|7;2:7;3:1|3;4:7;5:2;6:8;7:7;8:3;9:7,0:7;1:7;2:7;3:2;4:7;5:6|8;6:2|8;7:7;8:7;9:2|7,0@0=1;0@2=2;0@3=1;0@4=3;0@6=2;0@7=4;1@2=3;1@3=1;1@4=1;1@7=1;2@4=3;2@1=1;2@9=1;3@2=4;3@3=1;3@4=2;3@7=5;3@9=1;3@5=2;3@8=1;4@2=2;4@4=1;4@1=2;4@9=1;4@8=1;5@4=1;5@6=1;5@9=1;5@5=1;5@8=1;6@2=1;6@3=1;6@4=1;6@6=1;6@5=1;6@8=1;7@2=2;7@3=2;7@4=1;7@7=1;7@1=2;7@9=2;7@8=2;8@0=1;8@2=3;8@3=1;8@4=3;8@6=1;8@7=2;8@1=2;8@8=2;9@0=2;9@2=2;9@3=2;9@4=8;9@6=3;9@7=1;9@1=5;9@9=3;9@5=3;9@8=6,"0,2,3,4,6,7,1,9,5,8",120,61,61,0,1.0,-0.16748805158672114,0.4166666666666667,0.015845281746612146,0.0,0.0,0.6,0.730079174041748,Feasible|selected=greedy
1133,1132,15,8,7,"ADD:0,2;ADD:3,7;ADD:4,8;ADD:5,4;ADD:6,7;ADD:7,3;ADD:8,2;ADD:9,8;REMOVE:3,2;REMOVE:4,7;REMOVE:5,6;REMOVE:5,8;REMOVE:6,2;REMOVE:6,8;REMOVE:9,2",0:7;1:7;2:7;3:2;4:7;5:6|8;6:2|8;7:7;8:7;9:2|7,0:2|7;1:7;2:7;3:7;4:8;5:4;6:7;7:3|7;8:2|7;9:7|8,0@0=1;0@1=3;0@2=2;0@4=3;0@5=1;0@7=2;0@9=1;1@0=1;1@1=2;1@2=2;1@4=3;1@7=1;1@9=2;1@3=1;1@6=2;1@8=1;2@0=1;2@1=1;2@4=1;3@0=1;3@1=2;3@2=3;3@6=1;4@1=1;4@4=2;4@7=1;4@6=2;4@8=1;5@4=1;6@0=1;6@7=2;6@8=1;7@0=2;7@1=1;7@4=2;7@5=2;7@7=1;7@3=1;8@0=1;8@1=2;8@2=2;8@4=6;8@5=1;8@7=1;8@9=1;8@8=3;9@0=3;9@1=4;9@2=9;9@4=4;9@5=1;9@9=1;9@6=3;9@8=3,"0,1,2,4,5,7,9,3,6,8",104,54,54,0,1.0,-0.2442991740974384,0.5384615384615384,0.01723928744102306,0.0,0.0,0.7999999999999999,0.6481618881225586,Feasible|selected=greedy
1134,1133,18,9,9,"ADD:0,3;ADD:1,3;ADD:2,9;ADD:3,2;ADD:4,7;ADD:5,8;ADD:6,2;ADD:8,8;ADD:9,2;REMOVE:0,2;REMOVE:1,7;REMOVE:2,7;REMOVE:3,7;REMOVE:4,8;REMOVE:5,4;REMOVE:6,7;REMOVE:8,2;REMOVE:9,8",0:2|7;1:7;2:7;3:7;4:8;5:4;6:7;7:3|7;8:2|7;9:7|8,0:3|7;1:3;2:9;3:2;4:7;5:8;6:2;7:3|7;8:7|8;9:2|7,0@0=2;0@1=2;0@5=1;0@7=3;0@9=1;1@1=1;1@5=2;1@7=3;1@2=1;1@3=1;2@2=1;2@3=1;2@6=3;3@0=1;3@5=2;3@7=1;3@9=1;3@2=2;3@3=1;3@8=1;4@0=1;4@1=1;4@7=1;4@9=1;4@2=2;4@3=2;4@6=1;4@8=1;4@4=4;5@5=1;5@4=1;6@0=1;6@5=1;6@3=1;6@4=2;7@0=1;7@1=1;7@5=1;7@7=1;7@9=1;7@2=1;7@3=1;7@4=1;8@0=1;8@1=3;8@5=1;8@7=1;8@2=4;8@3=1;8@6=2;8@8=1;8@4=3;9@0=1;9@5=1;9@7=2;9@9=2;9@2=1;9@3=1;9@6=4;9@8=3;9@4=7,"0,1,5,7,9,2,3,6,8,4",99,61,61,0,1.0,-0.2435022436362677,0.6428571428571429,0.013640613506589246,0.0,0.0,0.8999999999999999,0.7221498489379883,Feasible|selected=greedy
1135,1134,20,11,9,"ADD:0,2;ADD:1,2;ADD:1,7;ADD:2,7;ADD:3,7;ADD:4,8;ADD:5,7;ADD:6,9;ADD:7,2;ADD:7,8;ADD:9,8;REMOVE:0,3;REMOVE:0,7;REMOVE:1,3;REMOVE:2,9;REMOVE:4,7;REMOVE:6,2;REMOVE:7,3;REMOVE:7,7;REMOVE:9,2",0:3|7;1:3;2:9;3:2;4:7;5:8;6:2;7:3|7;8:7|8;9:2|7,0:2;1:2|7;2:7;3:2|7;4:8;5:7|8;6:9;7:2|8;8:7|8;9:7|8,0@2=2;0@3=3;0@4=1;0@5=1;0@7=1;0@9=1;1@2=2;1@3=1;1@4=2;1@5=1;1@7=1;1@9=1;1@1=1;1@8=1;2@4=1;2@9=1;2@8=1;2@0=1;3@2=1;3@4=2;3@5=1;3@7=1;3@9=3;3@8=4;3@0=2;3@6=1;4@2=2;4@4=2;4@5=2;4@1=3;4@8=2;4@6=1;5@4=1;5@5=1;5@7=2;5@9=1;5@1=1;5@0=1;5@6=2;6@2=1;6@7=2;6@9=1;6@1=2;7@2=3;7@5=1;7@9=2;7@8=1;7@0=1;7@6=2;8@2=2;8@3=1;8@4=3;8@5=2;8@7=1;8@9=1;8@1=4;8@8=1;8@6=1;9@2=1;9@3=6;9@4=5;9@5=3;9@7=1;9@1=1;9@8=1;9@0=1;9@6=3,"2,3,4,5,7,9,1,8,0,6",113,67,67,0,1.0,-0.43987609106885084,0.6428571428571429,0.017266766074006165,0.0,0.0,1.0999999999999999,0.7968430519104004,Feasible|selected=greedy
1136,1135,15,7,8,"ADD:0,7;ADD:1,8;ADD:3,8;ADD:4,7;ADD:5,3;ADD:6,7;ADD:7,7;REMOVE:0,2;REMOVE:1,7;REMOVE:3,7;REMOVE:4,8;REMOVE:5,7;REMOVE:5,8;REMOVE:6,9;REMOVE:7,8",0:2;1:2|7;2:7;3:2|7;4:8;5:7|8;6:9;7:2|8;8:7|8;9:7|8,0:7;1:2|8;2:7;3:2|8;4:7;5:3;6:7;7:2|7;8:7|8;9:7|8,0@0=1;0@2=1;0@3=3;0@4=4;0@6=2;0@7=2;0@8=2;1@0=2;1@2=2;1@3=1;1@4=1;1@8=1;1@1=1;1@5=2;2@0=1;2@2=1;2@6=2;2@7=2;2@8=1;3@2=2;3@3=1;3@4=4;3@6=2;3@5=2;4@0=1;4@2=1;4@4=1;4@6=1;4@8=1;5@2=1;5@7=1;5@1=1;5@5=1;5@9=1;6@0=1;6@2=1;6@1=1;6@9=2;7@0=1;7@2=2;7@4=2;7@1=1;7@5=1;7@9=3;8@2=1;8@3=4;8@4=1;8@6=1;8@7=1;8@8=1;8@1=1;8@5=1;9@0=1;9@2=4;9@4=7;9@6=3;9@7=2;9@8=2;9@1=3;9@5=1;9@9=1,"0,2,3,4,6,7,8,1,5,9",103,61,61,0,1.0,-0.18379248832471162,0.5,0.016207511675288284,0.0,0.0,0.7,0.6876490116119385,Feasible|selected=greedy
1137,1136,17,7,10,"ADD:0,5;ADD:1,7;ADD:2,2;ADD:3,7;ADD:5,8;ADD:7,8;ADD:7,9;REMOVE:0,7;REMOVE:1,2;REMOVE:1,8;REMOVE:2,7;REMOVE:3,2;REMOVE:5,3;REMOVE:7,2;REMOVE:7,7;REMOVE:8,8;REMOVE:9,8",0:7;1:2|8;2:7;3:2|8;4:7;5:3;6:7;7:2|7;8:7|8;9:7|8,0:5;1:7;2:2;3:7|8;4:7;5:8;6:7;7:8|9;8:7;9:7,0@2=1;0@3=2;0@5=1;1@2=1;1@0=1;1@4=2;1@7=1;1@9=1;2@2=1;2@3=1;2@4=2;2@8=1;3@2=1;3@5=1;3@0=1;3@9=1;3@8=1;3@1=1;3@6=1;4@4=1;4@7=1;4@9=1;4@6=1;5@2=1;5@4=1;5@8=1;6@3=1;6@4=1;6@9=1;7@5=1;7@4=1;7@9=1;7@1=1;8@2=2;8@3=1;8@0=2;8@4=3;8@7=1;8@9=1;8@1=2;9@2=3;9@3=2;9@0=1;9@4=2;9@7=3;9@9=1;9@1=4,"2,3,5,0,4,7,9,8,1,6",64,47,47,0,1.0,-0.01496102428267354,0.6666666666666666,0.018372309050659782,0.0,0.0,0.7,0.593127965927124,Feasible|selected=greedy
1138,1137,11,6,5,"ADD:0,7;ADD:1,8;ADD:2,7;ADD:2,8;ADD:5,1;ADD:9,2;REMOVE:0,5;REMOVE:2,2;REMOVE:3,8;REMOVE:5,8;REMOVE:7,9",0:5;1:7;2:2;3:7|8;4:7;5:8;6:7;7:8|9;8:7;9:7,0:7;1:7|8;2:7|8;3:7;4:7;5:1;6:7;7:8;8:7;9:2|7,0@0=2;0@1=1;0@4=4;0@7=1;0@8=2;1@0=1;1@1=1;1@2=1;1@5=2;1@6=1;2@1=1;2@4=3;2@8=1;2@5=1;2@3=1;3@0=2;3@4=2;3@8=1;3@6=2;3@9=2;4@0=1;4@1=1;4@4=1;4@7=1;4@3=1;5@1=1;5@8=2;5@3=2;5@9=1;6@1=1;6@4=1;6@7=2;6@8=1;6@3=1;7@2=2;7@5=1;7@6=2;8@4=1;8@2=1;8@6=1;8@9=1;9@0=1;9@1=6;9@4=4;9@7=1;9@8=2;9@2=5;9@5=1;9@6=3;9@3=1;9@9=1,"0,1,4,7,8,2,5,6,3,9",83,51,51,0,1.0,-0.16797725610979125,0.4166666666666667,0.015356077223542047,0.0,0.0,0.6,0.6697289943695068,Feasible|selected=greedy
1139,1138,16,8,8,"ADD:0,2;ADD:1,2;ADD:3,2;ADD:5,7;ADD:6,5;ADD:6,8;ADD:7,2;ADD:8,3;REMOVE:0,7;REMOVE:1,8;REMOVE:2,7;REMOVE:3,7;REMOVE:5,1;REMOVE:6,7;REMOVE:7,8;REMOVE:8,7",0:7;1:7|8;2:7|8;3:7;4:7;5:1;6:7;7:8;8:7;9:2|7,0:2;1:2|7;2:8;3:2;4:7;5:7;6:5|8;7:2;8:3;9:2|7,0@2=1;0@3=1;0@4=5;0@8=1;1@2=2;1@4=1;1@0=2;1@5=1;1@6=1;1@7=1;1@9=1;2@5=1;2@6=1;3@2=1;3@3=2;3@4=1;3@0=2;3@5=3;3@7=2;4@2=2;4@3=1;4@0=1;4@7=1;4@1=4;5@4=1;5@9=1;6@2=2;6@3=1;6@8=1;6@5=1;6@6=1;7@2=3;7@3=1;7@8=1;7@9=1;8@2=1;8@5=1;8@7=1;8@9=1;8@1=4;9@2=7;9@3=2;9@4=1;9@8=3;9@0=2;9@5=2;9@6=1;9@7=5;9@9=2;9@1=3,"2,3,4,8,0,5,6,7,9,1",89,50,50,0,1.0,-0.15790063831820822,0.6153846153846154,0.026714746297176257,0.0,0.0,0.7999999999999999,0.643604040145874,Feasible|selected=greedy
1140,1139,17,9,8,"ADD:0,7;ADD:2,2;ADD:3,7;ADD:3,8;ADD:4,3;ADD:5,1;ADD:6,7;ADD:7,7;ADD:8,7;REMOVE:1,2;REMOVE:2,8;REMOVE:3,2;REMOVE:5,7;REMOVE:6,5;REMOVE:6,8;REMOVE:7,2;REMOVE:8,3",0:2;1:2|7;2:8;3:2;4:7;5:7;6:5|8;7:2;8:3;9:2|7,0:2|7;1:7;2:2;3:7|8;4:3|7;5:1;6:7;7:7;8:7;9:2|7,0@1=7;0@2=1;0@4=4;0@5=1;0@7=1;0@9=1;1@4=1;1@7=1;1@9=2;1@0=2;1@3=1;1@8=1;2@2=1;2@3=1;2@8=2;3@1=1;3@2=1;3@4=3;3@5=1;3@3=1;3@6=1;4@1=1;4@2=4;4@4=1;4@5=2;4@7=2;4@3=1;5@1=2;5@3=1;5@8=1;6@2=1;6@4=1;6@7=1;6@9=1;6@0=1;6@3=1;7@1=1;7@4=2;7@9=1;7@0=1;7@3=2;7@6=1;8@1=2;8@2=3;8@4=6;8@7=3;8@0=1;8@3=1;8@8=1;8@6=1;9@1=3;9@2=4;9@4=7;9@5=1;9@7=4;9@9=5;9@0=1;9@3=1;9@6=1,"1,2,4,5,7,9,0,3,8,6",109,59,59,0,1.0,-0.265456286827369,0.6153846153846154,0.019159097788015552,0.0,0.0,0.8999999999999999,0.7922229766845703,Feasible|selected=greedy
1141,1140,13,8,5,"ADD:1,2;ADD:2,8;ADD:3,2;ADD:4,2;ADD:5,2;ADD:5,7;ADD:7,8;ADD:8,2;REMOVE:2,2;REMOVE:3,8;REMOVE:4,3;REMOVE:5,1;REMOVE:7,7",0:2|7;1:7;2:2;3:7|8;4:3|7;5:1;6:7;7:7;8:7;9:2|7,0:2|7;1:2|7;2:8;3:2|7;4:2|7;5:2|7;6:7;7:8;8:2|7;9:2|7,0@0=1;0@2=4;0@4=6;0@5=2;0@6=1;0@7=1;1@0=1;1@2=1;1@4=6;1@5=1;1@7=1;1@1=1;1@3=2;2@2=3;2@4=2;2@5=1;2@8=1;3@2=2;3@4=5;3@5=1;3@6=2;3@7=1;3@3=1;3@9=1;4@0=1;4@2=4;4@4=1;4@5=1;4@6=1;4@7=2;4@1=1;4@9=3;5@0=1;5@2=4;5@4=3;5@5=2;5@1=2;5@3=1;5@9=1;6@0=1;6@4=5;6@6=1;6@1=2;6@8=3;7@2=4;7@4=2;7@5=1;7@6=2;7@1=4;8@0=1;8@2=1;8@4=1;8@5=3;8@6=1;8@7=2;8@1=3;8@3=1;8@9=2;9@0=5;9@2=4;9@4=8;9@5=2;9@6=1;9@7=1;9@1=1;9@3=5;9@8=2;9@9=1,"0,2,4,5,6,7,1,3,8,9",146,68,68,0,1.0,-0.4234407457087755,0.35714285714285715,0.01941639714836728,0.0,0.0,0.7999999999999999,0.7377347946166992,Feasible|selected=greedy
1142,1141,11,3,8,"ADD:1,8;ADD:6,2;ADD:7,7;REMOVE:0,2;REMOVE:1,2;REMOVE:1,7;REMOVE:4,7;REMOVE:5,2;REMOVE:6,7;REMOVE:7,8;REMOVE:8,2",0:2|7;1:2|7;2:8;3:2|7;4:2|7;5:2|7;6:7;7:8;8:2|7;9:2|7,0:7;1:8;2:8;3:2|7;4:2;5:7;6:2;7:7;8:7;9:2|7,0@0=1;0@1=2;0@2=3;0@3=1;0@4=3;0@7=1;0@8=1;0@9=1;1@1=1;1@2=1;1@7=2;1@8=4;1@5=2;1@6=1;2@1=1;2@2=1;2@5=1;2@6=1;3@0=1;3@1=2;3@2=4;3@3=1;3@4=2;3@8=1;3@9=3;3@5=1;3@6=3;4@0=1;4@2=3;4@8=1;4@9=2;5@1=1;5@2=1;5@3=1;5@4=1;5@9=1;6@0=2;6@2=1;6@3=1;6@4=1;6@8=1;7@0=1;7@1=2;7@2=2;7@4=1;7@9=1;8@0=2;8@1=1;8@2=1;8@3=1;8@4=4;8@7=1;8@8=2;9@0=3;9@1=4;9@2=4;9@3=2;9@4=6;9@7=3;9@8=1;9@9=5;9@5=2;9@6=2,"0,1,2,3,4,7,8,9,5,6",115,63,63,0,1.0,0.18976670580068955,0.47058823529411764,0.019178470506571944,0.0,0.0,0.30000000000000004,0.6966710090637207,Feasible|selected=greedy
1143,1142,14,7,7,"ADD:0,9;ADD:1,7;ADD:2,7;ADD:4,7;ADD:6,7;ADD:8,2;ADD:9,8;REMOVE:0,7;REMOVE:1,8;REMOVE:2,8;REMOVE:4,2;REMOVE:6,2;REMOVE:8,7;REMOVE:9,2",0:7;1:8;2:8;3:2|7;4:2;5:7;6:2;7:7;8:7;9:2|7,0:9;1:7;2:7;3:2|7;4:7;5:7;6:7;7:7;8:2;9:7|8,0@1=2;0@2=2;0@3=1;0@9=1;1@1=2;1@2=2;1@4=2;1@6=2;1@7=1;2@1=1;2@2=2;2@3=1;2@9=1;2@4=1;2@6=2;2@7=1;2@8=1;3@1=1;3@2=3;3@3=3;3@9=2;3@4=2;3@0=2;3@5=2;4@2=2;4@9=1;4@4=3;4@6=2;4@0=1;5@1=2;5@9=1;5@4=2;5@8=1;6@1=1;6@2=3;6@9=2;6@4=1;6@7=1;7@1=1;7@2=3;7@3=2;7@4=3;7@7=1;7@8=1;7@0=1;8@2=2;8@3=1;8@4=1;8@7=1;8@0=1;8@5=1;9@1=2;9@2=1;9@3=1;9@4=3;9@6=2;9@7=2;9@8=1;9@0=2;9@5=1,"1,2,3,9,4,6,7,8,0,5",97,60,60,0,1.0,-0.10291048737382713,0.5833333333333334,0.013756179292839475,0.0,0.0,0.7,0.693472146987915,Feasible|selected=greedy
1144,1143,14,7,7,"ADD:0,7;ADD:1,4;ADD:3,8;ADD:4,8;ADD:5,8;ADD:7,8;ADD:8,8;REMOVE:0,9;REMOVE:1,7;REMOVE:3,2;REMOVE:3,7;REMOVE:4,7;REMOVE:5,7;REMOVE:8,2",0:9;1:7;2:7;3:2|7;4:7;5:7;6:7;7:7;8:2;9:7|8,0:7;1:4;2:7;3:8;4:8;5:8;6:7;7:7|8;8:8;9:7|8,0@1=1;0@2=2;0@3=1;0@4=2;1@2=3;1@4=3;1@6=1;2@3=1;2@4=1;2@0=2;3@4=2;3@5=1;4@1=2;4@2=3;4@5=2;4@7=1;5@2=1;5@8=1;6@2=1;6@4=2;6@7=1;6@9=1;7@1=1;7@2=1;7@3=1;7@4=1;7@6=2;7@5=2;7@8=1;8@1=3;8@2=1;8@4=2;8@5=2;9@1=5;9@2=5;9@3=5;9@4=1;9@6=2;9@0=3;9@5=2;9@7=2;9@8=1,"1,2,3,4,6,0,5,7,8,9",78,42,42,0,1.0,-0.10444424093656801,0.5833333333333334,0.01222242573009862,0.0,0.0,0.7,0.5841548442840576,Feasible|selected=greedy
1145,1144,22,12,10,"ADD:0,2;ADD:0,8;ADD:1,7;ADD:2,8;ADD:3,2;ADD:4,2;ADD:4,7;ADD:5,7;ADD:6,8;ADD:8,2;ADD:8,7;ADD:9,2;REMOVE:0,7;REMOVE:1,4;REMOVE:2,7;REMOVE:3,8;REMOVE:4,8;REMOVE:5,8;REMOVE:6,7;REMOVE:7,8;REMOVE:8,8;REMOVE:9,8",0:7;1:4;2:7;3:8;4:8;5:8;6:7;7:7|8;8:8;9:7|8,0:2|8;1:7;2:8;3:2;4:2|7;5:7;6:8;7:7;8:2|7;9:2|7,0@1=3;0@2=6;0@3=1;0@4=1;0@5=1;0@8=1;0@9=1;1@3=2;1@4=2;1@8=1;1@0=2;2@1=1;2@8=1;3@2=4;3@3=1;3@4=1;3@8=1;3@0=1;4@1=1;4@2=2;4@4=3;4@5=1;4@9=1;4@0=3;4@6=1;5@1=1;5@2=2;5@4=3;5@9=1;5@7=1;6@1=1;6@2=1;6@4=2;6@6=1;7@1=2;7@2=1;7@4=1;7@8=1;7@9=1;7@0=1;7@7=1;8@1=1;8@2=8;8@4=1;8@5=1;8@9=1;8@0=1;8@6=3;8@7=1;9@1=2;9@2=3;9@3=4;9@4=8;9@5=2;9@8=2;9@9=1;9@0=1;9@6=3;9@7=1,"1,2,3,4,5,8,9,0,6,7",108,59,59,0,1.0,-0.3400271464553263,0.8333333333333334,0.026639520211340317,0.0,0.0,1.2,0.7520861625671387,Feasible|selected=greedy
1146,1145,14,7,7,"ADD:0,7;ADD:1,8;ADD:2,2;ADD:3,5;ADD:6,7;ADD:8,8;ADD:9,8;REMOVE:0,2;REMOVE:0,8;REMOVE:2,8;REMOVE:3,2;REMOVE:6,8;REMOVE:8,2;REMOVE:9,2",0:2|8;1:7;2:8;3:2;4:2|7;5:7;6:8;7:7;8:2|7;9:2|7,0:7;1:7|8;2:2;3:5;4:2|7;5:7;6:7;7:7;8:7|8;9:7|8,0@0=1;0@1=3;0@2=2;0@3=1;0@4=4;0@7=2;0@8=1;1@1=1;1@2=1;1@4=2;1@7=1;1@5=1;1@6=1;1@9=1;2@2=3;2@3=1;2@4=1;3@5=1;4@0=2;4@1=1;4@2=3;4@3=1;4@4=3;4@7=1;4@8=3;4@5=1;4@6=1;4@9=1;5@0=1;5@1=3;5@4=2;5@7=1;5@6=2;5@9=1;6@0=2;6@1=1;6@2=3;6@3=1;7@1=3;7@2=2;7@3=1;7@7=2;7@8=1;7@9=1;8@1=2;8@2=2;8@3=2;8@4=4;8@8=1;8@5=1;8@6=1;9@1=6;9@2=4;9@3=4;9@4=8;9@7=1;9@8=2;9@5=3;9@6=2;9@9=4,"0,1,2,3,4,7,8,5,6,9",119,60,60,0,1.0,-0.18569432063874758,0.5,0.014305679361252429,0.0,0.0,0.7,0.6715052127838135,Feasible|selected=greedy
1147,1146,16,8,8,"ADD:0,2;ADD:0,8;ADD:2,3;ADD:2,7;ADD:3,7;ADD:5,2;ADD:6,8;ADD:7,8;REMOVE:0,7;REMOVE:1,8;REMOVE:2,2;REMOVE:3,5;REMOVE:4,7;REMOVE:6,7;REMOVE:8,8;REMOVE:9,8",0:7;1:7|8;2:2;3:5;4:2|7;5:7;6:7;7:7;8:7|8;9:7|8,0:2|8;1:7;2:3|7;3:7;4:2;5:2|7;6:8;7:7|8;8:7;9:7,0@1=4;0@2=9;0@3=1;0@4=3;0@5=2;0@8=1;1@1=1;1@2=1;1@4=3;1@8=1;1@0=2;1@7=1;1@9=1;2@1=2;2@2=1;2@3=1;2@5=1;2@0=1;2@7=1;3@2=5;3@4=4;3@0=1;3@7=2;3@9=1;3@6=1;4@2=2;4@3=1;4@4=1;4@9=2;5@1=2;5@2=2;5@5=1;5@0=1;5@7=2;6@1=1;6@2=4;6@4=2;6@5=1;7@1=1;7@2=2;7@3=2;7@4=1;7@5=1;7@8=1;7@0=1;7@6=1;8@1=2;8@2=1;8@3=1;8@4=2;8@7=1;8@9=1;9@1=4;9@2=9;9@3=3;9@4=7;9@8=3;9@7=3;9@9=3;9@6=3,"1,2,3,4,5,8,0,7,9,6",126,60,60,0,1.0,-0.20844116883717245,0.5714285714285714,0.020130259734256115,0.0,0.0,0.7999999999999999,0.7483129501342773,Feasible|selected=greedy
1148,1147,21,11,10,"ADD:0,7;ADD:1,2;ADD:2,9;ADD:3,2;ADD:3,9;ADD:4,7;ADD:4,8;ADD:6,7;ADD:7,3;ADD:8,2;ADD:9,8;REMOVE:0,2;REMOVE:0,8;REMOVE:2,3;REMOVE:2,7;REMOVE:3,7;REMOVE:4,2;REMOVE:5,2;REMOVE:6,8;REMOVE:7,8;REMOVE:8,7",0:2|8;1:7;2:3|7;3:7;4:2;5:2|7;6:8;7:7|8;8:7;9:7,0:7;1:2|7;2:9;3:2|9;4:7|8;5:7;6:7;7:3|7;8:2;9:7|8,0@1=2;0@2=2;0@4=2;0@6=1;0@8=1;0@9=1;1@1=1;1@2=2;1@4=1;1@6=1;1@8=2;1@9=2;1@0=1;1@3=1;1@5=2;1@7=2;2@1=1;2@9=1;3@1=2;3@2=2;3@4=1;3@9=4;3@5=1;4@1=1;4@2=1;4@8=1;4@0=1;4@5=1;4@7=1;5@1=1;5@2=1;5@4=1;5@8=4;5@7=1;6@1=3;6@2=3;6@4=1;6@9=2;6@3=1;6@7=2;7@1=1;7@2=1;7@4=3;7@6=1;7@9=1;7@3=2;7@5=1;8@2=1;8@4=6;8@8=1;8@9=1;8@3=1;8@5=1;8@7=1;9@1=4;9@2=4;9@4=4;9@6=1;9@8=1;9@9=2;9@0=1;9@5=2;9@7=1,"1,2,4,6,8,9,0,3,5,7",104,63,63,0,1.0,-0.36585077603316185,0.7142857142857143,0.01986350968112376,0.0,0.0,1.0999999999999999,0.7386250495910645,Feasible|selected=greedy
1149,1148,8,3,5,"ADD:2,7;ADD:3,7;ADD:8,7;REMOVE:1,2;REMOVE:2,9;REMOVE:3,9;REMOVE:4,8;REMOVE:7,3",0:7;1:2|7;2:9;3:2|9;4:7|8;5:7;6:7;7:3|7;8:2;9:7|8,0:7;1:7;2:7;3:2|7;4:7;5:7;6:7;7:7;8:2|7;9:7|8,0@0=2;0@2=3;0@4=2;0@7=1;0@8=1;1@2=1;1@4=2;1@7=1;1@1=1;1@3=1;2@0=1;2@2=1;2@7=1;2@1=1;2@6=1;3@0=1;3@2=3;3@4=5;3@7=1;3@1=3;3@5=2;3@9=2;4@0=1;4@2=1;4@7=1;4@8=1;4@1=3;4@3=1;4@6=1;4@9=2;5@4=3;5@8=1;5@3=1;6@0=1;6@2=2;6@4=1;6@7=1;6@3=1;7@4=1;7@7=1;7@1=2;7@3=3;7@9=1;8@0=2;8@2=2;8@4=1;8@7=1;8@3=1;8@6=1;8@5=2;9@0=2;9@2=3;9@4=2;9@7=4;9@8=4;9@1=3;9@3=5;9@6=2;9@5=1,"0,2,4,7,8,1,3,6,5,9",103,59,59,0,1.0,0.05411297595982972,0.3333333333333333,0.020779642626496432,0.0,0.0,0.30000000000000004,0.6704649925231934,Feasible|selected=greedy
1150,1149,10,5,5,"ADD:0,8;ADD:1,6;ADD:1,8;ADD:5,4;ADD:7,8;REMOVE:0,7;REMOVE:1,7;REMOVE:3,2;REMOVE:5,7;REMOVE:7,7",0:7;1:7;2:7;3:2|7;4:7;5:7;6:7;7:7;8:2|7;9:7|8,0:8;1:6|8;2:7;3:7;4:7;5:4;6:7;7:8;8:2|7;9:7|8,0@4=1;0@5=1;0@6=1;0@7=1;0@8=1;1@4=2;1@5=2;1@6=1;1@1=4;1@9=1;2@7=1;3@4=2;3@7=1;3@1=1;4@4=1;4@6=1;4@1=1;4@2=2;4@3=2;5@4=1;5@6=2;5@2=1;6@4=1;6@6=1;6@7=1;6@8=1;6@1=1;6@3=1;7@6=1;7@7=2;7@8=2;7@1=2;7@2=2;8@4=1;8@5=1;8@8=1;8@1=1;8@9=1;8@3=1;8@0=2;9@4=3;9@5=3;9@6=1;9@7=4;9@1=3;9@2=2;9@3=2,"4,5,6,7,8,1,9,2,3,0",72,47,47,0,1.0,-0.09835060719382915,0.38461538461538464,0.017034008190786203,0.0,0.0,0.5,0.5871100425720215,Feasible|selected=greedy
1151,1150,14,7,7,"ADD:0,7;ADD:1,2;ADD:2,4;ADD:3,5;ADD:4,3;ADD:5,7;ADD:7,6;REMOVE:0,8;REMOVE:1,6;REMOVE:1,8;REMOVE:2,7;REMOVE:5,4;REMOVE:8,2;REMOVE:9,8",0:8;1:6|8;2:7;3:7;4:7;5:4;6:7;7:8;8:2|7;9:7|8,0:7;1:2;2:4;3:5|7;4:3|7;5:7;6:7;7:6|8;8:7;9:7,0@0=1;0@1=2;0@4=1;0@7=2;1@0=1;1@4=1;1@7=2;1@2=1;1@5=1;2@4=1;3@0=1;3@1=1;3@4=1;3@5=1;3@3=1;4@0=1;4@1=2;4@4=3;4@7=1;4@5=2;4@3=1;4@6=1;4@9=2;5@0=1;5@1=2;5@2=1;6@4=2;6@7=1;7@1=1;7@4=1;7@5=2;7@6=1;7@9=1;8@0=1;8@1=1;8@4=3;8@7=1;8@9=2;8@8=1;9@0=2;9@1=3;9@4=4;9@2=4;9@6=2;9@8=1,"0,1,4,7,2,5,3,6,9,8",69,45,45,0,1.0,-0.1473248128899164,0.5384615384615384,0.014213648648545095,0.0,0.0,0.7,0.6314249038696289,Feasible|selected=greedy
1152,1151,16,7,9,"ADD:0,8;ADD:1,8;ADD:2,8;ADD:5,8;ADD:6,2;ADD:7,7;ADD:8,2;REMOVE:1,2;REMOVE:2,4;REMOVE:3,5;REMOVE:3,7;REMOVE:4,3;REMOVE:5,7;REMOVE:6,7;REMOVE:7,6;REMOVE:7,8",0:7;1:2;2:4;3:5|7;4:3|7;5:7;6:7;7:6|8;8:7;9:7,0:7|8;1:8;2:8;3:-;4:7;5:8;6:2;7:7;8:2|7;9:7,0@0=1;0@1=1;0@4=1;0@5=1;0@6=1;0@7=1;0@8=1;1@1=1;1@4=1;2@8=1;4@0=1;4@1=1;4@4=1;4@8=1;4@2=2;4@3=1;4@9=2;5@1=2;5@4=1;5@7=1;5@8=1;5@2=1;6@4=3;6@2=1;6@9=1;7@0=4;7@1=1;7@4=1;7@8=1;7@2=2;8@0=1;8@1=3;8@4=1;8@5=1;8@7=1;8@2=1;9@1=5;9@4=6;9@6=1;9@7=1;9@8=1;9@2=4;9@9=3,"0,1,4,5,6,7,8,2,3,9",68,43,43,0,1.0,0.003996005174170758,0.6923076923076923,0.01168831286647846,0.0,0.0,0.7,0.5952770709991455,Feasible|selected=greedy
1153,1152,17,10,7,"ADD:1,2;ADD:1,7;ADD:2,2;ADD:3,7;ADD:4,2;ADD:5,7;ADD:6,7;ADD:7,2;ADD:8,8;ADD:9,2;REMOVE:0,8;REMOVE:1,8;REMOVE:2,8;REMOVE:4,7;REMOVE:5,8;REMOVE:6,2;REMOVE:8,2",0:7|8;1:8;2:8;3:-;4:7;5:8;6:2;7:7;8:2|7;9:7,0:7;1:2|7;2:2;3:7;4:2;5:7;6:7;7:2|7;8:7|8;9:2|7,0@0=1;0@1=3;0@2=3;0@3=1;0@4=5;0@8=2;1@0=3;1@1=2;1@2=2;1@3=3;1@4=1;1@5=2;1@6=2;2@2=1;2@4=1;2@5=1;3@0=1;3@1=1;3@2=1;3@4=1;3@8=1;4@0=1;4@2=1;4@4=1;4@5=1;5@0=1;5@1=1;5@2=1;5@4=3;5@6=1;5@7=1;6@0=1;6@2=1;6@3=1;6@4=1;6@7=2;7@0=1;7@1=1;7@2=1;7@3=2;7@4=5;7@5=1;7@6=1;8@0=1;8@1=2;8@3=3;8@4=3;8@8=2;8@5=1;8@6=2;8@7=2;9@0=4;9@1=4;9@2=6;9@3=4;9@4=4;9@8=1;9@5=2;9@6=1;9@7=4;9@9=3,"0,1,2,3,4,8,5,6,7,9",117,61,61,0,1.0,-0.34458416549027937,0.6363636363636364,0.01905219814608413,0.0,0.0,0.9999999999999999,0.7947907447814941,Feasible|selected=greedy
1154,1153,13,6,7,"ADD:0,2;ADD:0,3;ADD:2,9;ADD:3,8;ADD:5,3;ADD:6,8;REMOVE:0,7;REMOVE:1,2;REMOVE:2,2;REMOVE:3,7;REMOVE:4,2;REMOVE:6,7;REMOVE:7,2",0:7;1:2|7;2:2;3:7;4:2;5:7;6:7;7:2|7;8:7|8;9:2|7,0:2|3;1:7;2:9;3:8;4:-;5:3|7;6:8;7:7;8:7|8;9:2|7,0@1=2;0@2=2;0@3=1;0@4=3;0@5=1;1@2=1;1@3=1;1@4=1;1@7=3;2@9=1;3@1=1;3@2=3;3@7=1;3@8=1;5@1=1;5@3=2;5@4=2;5@5=1;5@7=1;5@9=2;5@0=1;6@2=2;6@4=1;6@8=1;6@6=1;7@1=3;7@2=2;7@4=2;7@7=3;8@2=5;8@3=1;8@4=2;8@5=2;8@7=2;8@8=3;8@6=1;9@1=4;9@2=3;9@3=2;9@4=6;9@5=2;9@7=3;9@9=3;9@8=2;9@0=1;9@6=3,"1,2,3,4,5,7,9,8,0,6",92,46,46,0,1.0,-0.07185628979313463,0.5,0.028143710206865395,0.0,0.0,0.6,0.5715079307556152,Feasible|selected=greedy
1155,1154,13,6,7,"ADD:0,8;ADD:1,3;ADD:2,2;ADD:2,7;ADD:3,7;ADD:5,4;REMOVE:0,2;REMOVE:0,3;REMOVE:2,9;REMOVE:3,8;REMOVE:5,3;REMOVE:5,7;REMOVE:8,8",0:2|3;1:7;2:9;3:8;4:-;5:3|7;6:8;7:7;8:7|8;9:2|7,0:8;1:3|7;2:2|7;3:7;4:-;5:4;6:8;7:7;8:7;9:2|7,0@1=1;0@2=1;0@4=2;0@6=2;1@1=2;1@2=2;1@4=2;1@3=3;1@5=1;1@7=1;1@9=1;2@1=5;2@2=4;2@6=1;2@5=2;2@7=3;2@9=2;2@0=3;3@4=2;3@6=1;3@0=1;3@8=3;5@2=2;5@4=1;6@4=3;6@5=2;6@7=2;7@2=1;7@6=1;7@9=1;7@0=1;7@8=1;8@2=1;8@4=2;8@6=6;8@7=1;8@9=1;9@1=2;9@2=4;9@4=3;9@6=3;9@3=1;9@5=2;9@7=2;9@9=2;9@0=1;9@8=2,"1,2,4,6,3,5,7,9,0,8",93,47,47,0,1.0,-0.0425000448288928,0.5384615384615384,0.019038416709568705,0.0,0.0,0.6,0.5996530055999756,Feasible|selected=greedy
1156,1155,10,5,5,"ADD:0,7;ADD:1,8;ADD:5,9;ADD:6,7;ADD:9,3;REMOVE:0,8;REMOVE:1,3;REMOVE:5,4;REMOVE:6,8;REMOVE:9,2",0:8;1:3|7;2:2|7;3:7;4:-;5:4;6:8;7:7;8:7;9:2|7,0:7;1:7|8;2:2|7;3:7;4:-;5:9;6:7;7:7;8:7;9:3|7,0@1=4;0@2=2;0@3=2;0@4=3;0@6=1;0@8=2;0@9=1;1@2=5;1@3=1;1@4=3;1@6=1;1@8=1;1@5=1;1@7=2;2@1=2;2@3=1;2@4=2;2@8=1;2@9=1;2@5=1;2@7=3;2@0=1;3@1=1;3@2=5;3@3=2;3@4=1;3@6=2;3@9=1;5@2=4;5@3=1;5@9=1;6@3=1;6@4=2;6@6=1;6@7=1;7@1=2;7@3=2;7@4=2;7@6=1;7@8=1;7@0=1;8@1=2;8@2=1;8@3=1;8@4=2;8@6=1;8@8=2;8@9=1;8@7=1;9@1=1;9@3=1;9@4=3;9@9=2;9@5=1;9@7=2,"1,2,3,4,6,8,9,5,7,0",94,55,55,0,1.0,-0.07140366258232139,0.4166666666666667,0.011929670751011924,0.0,0.0,0.5,0.6296370029449463,Feasible|selected=greedy
1157,1156,15,8,7,"ADD:0,2;ADD:1,3;ADD:3,2;ADD:3,9;ADD:5,7;ADD:6,5;ADD:7,6;ADD:8,8;REMOVE:0,7;REMOVE:1,8;REMOVE:3,7;REMOVE:5,9;REMOVE:6,7;REMOVE:7,7;REMOVE:9,3",0:7;1:7|8;2:2|7;3:7;4:-;5:9;6:7;7:7;8:7;9:3|7,0:2;1:3|7;2:2|7;3:2|9;4:-;5:7;6:5;7:6;8:7|8;9:7,0@4=3;0@5=2;0@8=1;0@9=1;1@4=1;1@5=1;1@9=1;1@1=1;1@2=3;1@3=1;1@7=1;2@4=6;2@5=1;2@9=1;2@1=2;2@2=3;2@3=1;2@7=1;2@0=2;2@6=2;3@4=1;3@5=1;3@9=1;3@2=1;3@6=1;5@4=1;5@1=2;5@2=2;5@3=1;5@7=2;5@6=2;6@5=2;7@6=1;8@4=2;8@5=2;8@8=1;8@1=1;8@2=1;8@0=3;8@6=2;9@4=2;9@8=1;9@1=4;9@2=4;9@0=1;9@6=1,"4,5,8,9,1,2,3,7,0,6",78,46,46,0,1.0,-0.19962478497837366,0.5833333333333334,0.017041881688292928,0.0,0.0,0.7999999999999999,0.5739321708679199,Feasible|selected=greedy
1158,1157,18,8,10,"ADD:0,8;ADD:1,2;ADD:3,7;ADD:3,8;ADD:4,7;ADD:6,7;ADD:7,8;ADD:8,9;REMOVE:0,2;REMOVE:1,3;REMOVE:1,7;REMOVE:2,2;REMOVE:3,2;REMOVE:3,9;REMOVE:6,5;REMOVE:7,6;REMOVE:8,7;REMOVE:8,8",0:2;1:3|7;2:2|7;3:2|9;4:-;5:7;6:5;7:6;8:7|8;9:7,0:8;1:2;2:7;3:7|8;4:7;5:7;6:7;7:8;8:9;9:7,0@1=1;0@4=1;0@6=2;0@7=1;0@8=2;1@8=1;1@5=1;1@9=2;2@1=1;2@4=3;2@8=1;2@9=1;2@0=1;2@2=1;2@3=2;3@1=3;3@4=1;3@6=1;3@5=1;3@0=1;4@7=1;5@4=1;5@8=1;5@9=1;6@4=1;6@8=1;6@3=1;7@4=1;7@6=2;7@8=1;7@5=2;8@1=2;8@9=1;8@2=2;9@1=2;9@4=5;9@6=1;9@9=1;9@0=1;9@2=2;9@3=1,"1,4,6,7,8,5,9,0,2,3",59,41,41,0,1.0,-0.022829497275628774,0.7692307692307693,0.007939733493601839,0.0,0.0,0.7999999999999999,0.5765650272369385,Feasible|selected=greedy
1159,1158,20,11,9,"ADD:0,6;ADD:1,7;ADD:2,8;ADD:2,9;ADD:3,6;ADD:4,8;ADD:6,8;ADD:7,2;ADD:8,7;ADD:8,8;ADD:9,8;REMOVE:0,8;REMOVE:1,2;REMOVE:2,7;REMOVE:3,7;REMOVE:3,8;REMOVE:4,7;REMOVE:6,7;REMOVE:7,8;REMOVE:8,9",0:8;1:2;2:7;3:7|8;4:7;5:7;6:7;7:8;8:9;9:7,0:6;1:7;2:8|9;3:6;4:8;5:7;6:8;7:2;8:7|8;9:7|8,0@1=1;0@4=2;0@6=2;1@1=1;1@4=2;1@2=1;1@3=1;1@8=1;2@1=1;2@2=1;2@8=1;2@9=1;3@6=1;4@8=1;5@1=1;5@4=1;5@6=1;5@7=1;6@1=1;6@4=2;6@6=3;6@7=1;6@5=2;7@4=2;7@2=1;7@3=2;7@5=1;8@1=3;8@4=2;8@6=1;8@2=3;8@3=2;8@8=1;8@9=1;8@5=1;9@1=2;9@4=5;9@6=1;9@2=1;9@8=1;9@7=4;9@5=1;9@0=1,"1,4,6,2,3,8,9,7,5,0",66,43,43,0,1.0,-0.2621756710808837,0.8181818181818182,0.019642510737297978,0.0,0.0,1.0999999999999999,0.582751989364624,Feasible|selected=greedy
1160,1159,12,7,5,"ADD:0,2;ADD:0,7;ADD:2,7;ADD:3,7;ADD:5,8;ADD:7,7;ADD:8,2;REMOVE:0,6;REMOVE:2,9;REMOVE:3,6;REMOVE:4,8;REMOVE:8,8",0:6;1:7;2:8|9;3:6;4:8;5:7;6:8;7:2;8:7|8;9:7|8,0:2|7;1:7;2:7|8;3:7;4:-;5:7|8;6:8;7:2|7;8:2|7;9:7|8,0@0=1;0@1=2;0@2=2;0@3=1;0@4=4;0@5=1;0@6=1;0@7=1;1@0=1;1@2=2;1@3=3;1@4=2;1@6=1;2@1=1;2@2=6;2@3=1;2@4=3;2@5=3;2@6=2;2@7=1;2@8=1;2@9=1;3@0=1;3@1=1;3@2=2;3@6=1;3@7=1;3@9=1;5@0=1;5@1=2;5@2=1;5@3=2;5@4=3;5@5=1;5@6=1;5@7=1;5@8=1;6@1=2;6@2=1;6@4=2;7@0=1;7@1=2;7@2=5;7@3=1;7@4=2;7@5=1;7@9=1;8@0=3;8@1=2;8@2=1;8@4=2;8@5=2;8@7=4;8@8=3;8@9=3;9@1=3;9@2=3;9@3=1;9@4=8;9@5=4;9@6=3;9@7=5;9@8=1;9@9=1,"0,1,2,3,4,5,6,7,8,9",128,64,64,0,1.0,-0.294973971371656,0.38461538461538464,0.020410644012959313,0.0,0.0,0.7,0.7102029323577881,Feasible|selected=greedy
1161,1160,17,8,9,"ADD:0,8;ADD:2,2;ADD:3,8;ADD:5,9;ADD:6,2;ADD:7,8;ADD:8,8;ADD:9,2;REMOVE:0,2;REMOVE:2,8;REMOVE:3,7;REMOVE:5,7;REMOVE:5,8;REMOVE:6,8;REMOVE:7,2;REMOVE:8,2;REMOVE:9,8",0:2|7;1:7;2:7|8;3:7;4:-;5:7|8;6:8;7:2|7;8:2|7;9:7|8,0:7|8;1:7;2:2|7;3:8;4:-;5:9;6:2;7:7|8;8:7|8;9:2|7,0@0=1;0@1=1;0@2=5;0@4=1;0@5=1;0@6=1;0@7=1;0@8=1;1@0=2;1@1=2;1@4=2;1@7=1;1@9=2;2@0=3;2@1=3;2@2=6;2@4=2;2@5=4;2@7=2;2@8=2;2@9=1;2@3=1;3@1=2;3@2=1;3@4=3;3@5=1;3@7=1;3@8=3;5@1=1;5@2=2;5@7=1;5@9=1;6@0=2;6@2=2;6@4=1;6@8=1;6@9=2;7@1=1;7@2=3;7@4=1;7@5=1;7@6=1;7@7=1;7@9=1;8@0=1;8@1=3;8@4=2;8@5=1;8@7=1;8@8=1;9@0=1;9@1=7;9@2=3;9@4=4;9@5=1;9@6=2;9@7=2;9@9=2;9@3=2,"0,1,2,4,5,6,7,8,9,3",111,59,59,0,1.0,-0.17782910039327737,0.6,0.022170899606722635,0.0,0.0,0.7999999999999999,0.6555969715118408,Feasible|selected=greedy
1162,1161,11,5,6,"ADD:4,2;ADD:5,7;ADD:6,7;ADD:8,2;ADD:9,8;REMOVE:0,8;REMOVE:5,9;REMOVE:6,2;REMOVE:7,8;REMOVE:8,8;REMOVE:9,7",0:7|8;1:7;2:2|7;3:8;4:-;5:9;6:2;7:7|8;8:7|8;9:2|7,0:7;1:7;2:2|7;3:8;4:2;5:7;6:7;7:7;8:2|7;9:2|8,0@0=1;0@2=1;0@3=1;0@4=2;0@6=1;0@8=2;1@2=1;1@8=1;1@1=1;1@7=2;1@9=1;2@0=1;2@2=6;2@3=5;2@4=1;2@6=1;2@8=1;2@1=2;2@7=2;2@9=1;2@5=2;3@2=2;3@4=2;3@1=1;4@2=1;5@2=2;5@4=5;5@8=2;5@7=1;5@9=1;6@2=2;6@3=1;6@6=1;6@8=1;6@1=1;7@2=3;7@4=5;7@6=1;7@8=1;7@9=1;8@0=1;8@2=4;8@3=1;8@4=2;8@6=3;8@8=2;8@7=2;8@5=2;9@0=1;9@2=7;9@4=2;9@8=2;9@1=3;9@9=3;9@5=2,"0,2,3,4,6,8,1,7,9,5",107,55,55,0,1.0,-0.04709410213059162,0.42857142857142855,0.02433446929797981,0.0,0.0,0.5,0.6552009582519531,Feasible|selected=greedy
1163,1162,15,8,7,"ADD:0,2;ADD:1,9;ADD:3,7;ADD:4,7;ADD:5,8;ADD:6,3;ADD:7,8;ADD:9,7;REMOVE:0,7;REMOVE:1,7;REMOVE:3,8;REMOVE:4,2;REMOVE:5,7;REMOVE:6,7;REMOVE:9,8",0:7;1:7;2:2|7;3:8;4:2;5:7;6:7;7:7;8:2|7;9:2|8,0:2;1:9;2:2|7;3:7;4:7;5:8;6:3;7:7|8;8:2|7;9:2|7,0@0=2;0@2=2;0@4=5;0@8=1;1@2=2;1@1=4;1@3=1;1@6=3;1@9=2;2@2=4;2@4=2;2@8=4;2@1=2;2@3=1;2@6=1;2@9=1;2@5=3;3@0=1;3@4=1;3@8=2;3@1=2;3@6=1;3@9=1;4@0=1;4@1=1;5@2=1;5@4=1;5@8=1;5@6=4;5@5=1;5@7=1;6@2=2;6@3=1;6@9=1;6@5=2;6@7=1;7@0=1;7@2=2;7@4=1;7@1=2;7@6=2;7@5=1;8@0=1;8@2=1;8@4=2;8@1=1;8@3=1;8@5=1;9@2=6;9@4=4;9@8=2;9@3=2;9@6=3;9@9=1;9@5=2;9@7=1,"0,2,4,8,1,3,6,9,5,7",103,56,56,0,1.0,-0.24396735352214183,0.5384615384615384,0.01757110801631964,0.0,0.0,0.7999999999999999,0.711759090423584,Feasible|selected=greedy
1164,1163,13,7,6,"ADD:0,3;ADD:1,5;ADD:1,8;ADD:2,8;ADD:3,8;ADD:6,5;ADD:8,8;REMOVE:1,9;REMOVE:2,2;REMOVE:6,3;REMOVE:7,7;REMOVE:8,2;REMOVE:9,7",0:2;1:9;2:2|7;3:7;4:7;5:8;6:3;7:7|8;8:2|7;9:2|7,0:2|3;1:5|8;2:7|8;3:7|8;4:7;5:8;6:5;7:8;8:7|8;9:2,0@1=1;0@2=1;0@3=1;0@4=2;0@5=1;1@4=3;1@5=1;1@0=1;1@8=2;2@1=3;2@2=4;2@4=1;2@5=2;2@0=2;2@8=1;2@6=2;2@9=2;3@1=1;3@2=1;3@3=1;3@4=2;3@5=1;3@8=1;3@6=1;3@7=2;4@2=2;4@4=1;4@0=1;4@8=2;4@9=2;4@7=1;5@8=1;5@6=1;6@2=1;6@5=1;7@4=1;7@5=2;7@8=1;8@1=2;8@4=1;8@5=2;8@8=1;8@6=1;8@9=1;8@7=1;9@2=4;9@3=2;9@4=2;9@5=1;9@0=1;9@8=1;9@9=2;9@7=1,"1,2,3,4,5,0,8,6,9,7",80,53,53,0,1.0,-0.24695975721717967,0.42857142857142855,0.024468814211391753,0.0,0.0,0.7,0.6549491882324219,Feasible|selected=greedy
1165,1164,15,5,10,"ADD:0,4;ADD:1,2;ADD:4,3;ADD:7,7;ADD:9,7;REMOVE:0,2;REMOVE:0,3;REMOVE:1,5;REMOVE:1,8;REMOVE:2,8;REMOVE:3,8;REMOVE:6,5;REMOVE:7,8;REMOVE:8,8;REMOVE:9,2",0:2|3;1:5|8;2:7|8;3:7|8;4:7;5:8;6:5;7:8;8:7|8;9:2,0:4;1:2;2:7;3:7;4:3|7;5:8;6:-;7:7;8:7;9:7,0@2=1;0@4=2;1@2=3;2@4=2;2@0=2;2@1=2;2@6=1;2@9=1;3@2=1;3@4=1;3@0=1;3@1=1;4@4=4;4@1=1;4@9=1;4@3=1;4@5=1;5@2=1;5@4=3;5@1=1;5@5=1;5@7=1;7@4=2;7@1=1;7@9=1;8@2=2;8@4=4;8@1=1;8@9=1;8@7=1;8@8=2;9@2=1;9@4=3;9@1=1;9@6=2;9@3=1;9@8=3,"2,4,0,1,6,9,3,5,7,8",59,37,37,0,1.0,0.17890936373672595,0.6666666666666666,0.01224269707005932,0.0,0.0,0.5,0.5342240333557129,Feasible|selected=greedy
1166,1165,13,6,7,"ADD:0,2;ADD:1,0;ADD:4,2;ADD:5,7;ADD:7,2;ADD:8,8;REMOVE:0,4;REMOVE:1,2;REMOVE:2,7;REMOVE:3,7;REMOVE:4,3;REMOVE:5,8;REMOVE:7,7",0:4;1:2;2:7;3:7;4:3|7;5:8;6:-;7:7;8:7;9:7,0:2;1:0;2:-;3:-;4:2|7;5:7;6:-;7:2;8:7|8;9:7,0@0=1;0@2=3;0@3=2;0@4=3;0@8=2;1@0=1;4@0=2;4@2=1;4@3=1;4@4=3;4@8=1;4@5=1;4@6=2;4@9=2;5@2=1;5@4=1;5@6=2;5@7=1;7@4=2;7@5=1;7@9=1;8@2=1;8@3=1;8@4=1;8@8=1;8@5=1;8@6=2;8@9=1;8@7=2;8@1=1;9@0=2;9@2=3;9@3=2;9@4=4;9@8=1;9@6=2;9@9=1,"0,2,3,4,8,5,6,9,7,1",60,37,37,0,1.0,0.11416436912256,0.7,0.014164369122560014,0.0,0.0,0.6,0.4806339740753174,Feasible|selected=greedy
1167,1166,15,10,5,"ADD:0,7;ADD:0,8;ADD:1,2;ADD:2,7;ADD:3,7;ADD:3,8;ADD:4,8;ADD:5,8;ADD:7,9;ADD:9,8;REMOVE:0,2;REMOVE:1,0;REMOVE:4,2;REMOVE:7,2;REMOVE:8,7",0:2;1:0;2:-;3:-;4:2|7;5:7;6:-;7:2;8:7|8;9:7,0:7|8;1:2;2:7;3:7|8;4:7|8;5:7|8;6:-;7:9;8:8;9:7|8,0@1=3;0@2=1;0@3=1;0@4=1;0@5=1;0@7=1;0@8=2;1@2=1;1@3=1;1@4=1;1@5=3;1@7=1;2@1=1;2@2=2;2@3=2;2@4=2;2@7=1;2@8=1;2@0=1;2@9=4;3@1=2;3@5=2;3@0=1;3@9=1;3@6=1;4@1=4;4@2=2;4@3=1;4@4=3;4@5=1;4@8=1;4@0=1;4@6=3;5@1=2;5@4=2;5@5=3;5@7=2;5@8=1;5@9=1;5@6=1;7@1=1;7@9=3;8@1=1;8@2=4;8@4=1;8@5=1;8@6=2;9@1=6;9@2=5;9@4=4;9@5=2;9@7=1;9@8=3;9@0=2;9@6=4,"1,2,3,4,5,7,8,0,9,6",106,55,55,0,1.0,-0.4295168227147895,0.5555555555555556,0.01492762172965473,0.0,0.0,0.9999999999999999,0.7213129997253418,Feasible|selected=greedy
1168,1167,13,7,6,"ADD:1,7;ADD:2,2;ADD:3,2;ADD:4,9;ADD:7,7;ADD:8,7;ADD:9,2;REMOVE:3,8;REMOVE:4,7;REMOVE:5,8;REMOVE:7,9;REMOVE:8,8;REMOVE:9,8",0:7|8;1:2;2:7;3:7|8;4:7|8;5:7|8;6:-;7:9;8:8;9:7|8,0:7|8;1:2|7;2:2|7;3:2|7;4:8|9;5:7;6:-;7:7;8:7;9:2|7,0@2=1;0@4=2;0@5=2;0@6=1;0@7=2;0@8=3;0@9=5;1@2=1;1@4=5;1@5=2;1@6=1;1@9=1;1@0=2;1@3=1;2@2=4;2@4=2;2@5=2;2@6=2;2@7=3;2@8=4;2@9=4;2@0=1;2@3=1;2@1=2;3@2=1;3@4=3;3@5=1;3@6=1;3@7=1;3@9=3;3@0=1;3@3=1;3@1=4;4@2=4;4@6=1;4@8=1;4@9=2;4@1=2;5@2=2;5@4=1;5@6=1;5@9=2;7@2=1;7@4=3;7@6=2;7@8=1;7@0=1;7@3=2;8@2=1;8@4=2;8@6=3;8@7=1;8@8=1;8@9=1;8@3=1;9@2=6;9@4=3;9@5=3;9@6=1;9@7=2;9@8=3;9@9=2;9@0=1;9@3=1;9@1=1,"2,4,5,6,7,8,9,0,3,1",129,65,65,0,1.0,-0.24973922755662498,0.42857142857142855,0.02168934387194645,0.0,0.0,0.7,0.7254500389099121,Feasible|selected=greedy
1169,1168,11,4,7,"ADD:3,3;ADD:4,7;ADD:5,2;ADD:7,9;REMOVE:0,8;REMOVE:1,2;REMOVE:3,7;REMOVE:4,8;REMOVE:4,9;REMOVE:5,7;REMOVE:7,7",0:7|8;1:2|7;2:2|7;3:2|7;4:8|9;5:7;6:-;7:7;8:7;9:2|7,0:7;1:7;2:2|7;3:2|3;4:7;5:2;6:-;7:9;8:7;9:2|7,0@1=1;0@2=2;0@3=1;0@4=2;0@6=4;0@9=2;1@1=1;1@2=1;1@9=1;1@0=3;1@8=1;2@2=2;2@4=4;2@6=3;2@9=3;2@0=2;2@8=2;2@5=3;2@7=1;3@1=2;3@2=3;3@3=1;3@4=1;3@5=2;4@1=2;4@2=3;4@4=1;4@9=4;4@8=2;4@7=1;5@2=2;5@3=1;5@4=1;5@9=2;5@8=3;7@1=1;7@2=2;7@6=1;8@1=3;8@4=3;8@6=2;8@9=1;8@0=1;8@8=1;9@1=2;9@2=4;9@3=2;9@4=1;9@6=2;9@9=1;9@0=3;9@8=2;9@5=3,"1,2,3,4,6,9,0,8,5,7",105,53,53,0,1.0,0.07890111356874768,0.4666666666666667,0.012234446902081047,0.0,0.0,0.4,0.5889053344726562,Feasible|selected=greedy
1170,1169,13,7,6,"ADD:2,8;ADD:3,7;ADD:4,8;ADD:5,8;ADD:7,7;ADD:8,2;ADD:9,8;REMOVE:2,2;REMOVE:3,2;REMOVE:3,3;REMOVE:5,2;REMOVE:7,9;REMOVE:9,2",0:7;1:7;2:2|7;3:2|3;4:7;5:2;6:-;7:9;8:7;9:2|7,0:7;1:7;2:7|8;3:7;4:7|8;5:8;6:-;7:7;8:2|7;9:7|8,0@0=1;0@4=1;0@7=1;1@4=2;1@1=2;1@2=2;1@3=2;1@8=1;2@4=4;2@7=1;2@1=2;2@2=2;2@3=2;2@8=1;2@5=1;2@6=2;2@9=1;3@0=4;3@4=3;3@7=2;3@1=1;3@2=5;3@3=1;3@9=1;4@0=1;4@4=2;4@7=1;4@1=2;4@3=3;4@8=2;4@5=2;4@6=2;5@7=1;5@1=1;5@2=1;5@8=2;7@0=1;7@4=2;7@7=1;7@1=1;7@3=1;7@6=1;8@0=1;8@1=1;8@2=2;8@3=1;8@8=1;8@5=1;8@9=1;9@0=1;9@4=4;9@7=1;9@2=1;9@8=1;9@5=3;9@6=2,"0,4,7,1,2,3,8,5,6,9",93,56,56,0,1.0,-0.18407301426562128,0.5,0.015926985734378694,0.0,0.0,0.7,0.6581640243530273,Feasible|selected=greedy
1171,1170,13,6,7,"ADD:0,2;ADD:3,8;ADD:5,2;ADD:5,9;ADD:7,2;ADD:9,2;REMOVE:2,8;REMOVE:3,7;REMOVE:5,8;REMOVE:7,7;REMOVE:8,7;REMOVE:9,7;REMOVE:9,8",0:7;1:7;2:7|8;3:7;4:7|8;5:8;6:-;7:7;8:2|7;9:7|8,0:2|7;1:7;2:7;3:8;4:7|8;5:2|9;6:-;7:2;8:2;9:2,0@0=3;0@1=2;0@2=2;0@3=1;0@4=2;0@5=1;0@9=1;1@0=1;1@1=1;1@2=1;1@4=2;1@9=1;2@0=1;2@1=2;2@2=2;2@3=1;2@4=3;2@6=1;3@2=3;3@4=1;3@8=1;4@1=3;4@3=1;4@4=1;4@5=2;4@8=2;5@1=1;5@2=2;5@4=1;5@5=1;5@9=2;7@0=1;7@2=2;7@4=2;8@0=2;8@3=1;8@4=1;8@5=1;8@8=1;9@0=2;9@3=1;9@4=2;9@5=1;9@8=2,"0,1,2,3,4,5,9,6,8",68,44,44,0,1.0,-0.04401848904573691,0.5384615384615384,0.017519972492724595,0.0,0.0,0.6,0.5444200038909912,Feasible|selected=greedy
1172,1171,16,8,8,"ADD:1,2;ADD:2,2;ADD:3,3;ADD:3,7;ADD:4,9;ADD:7,7;ADD:8,7;ADD:9,7;REMOVE:0,2;REMOVE:1,7;REMOVE:3,8;REMOVE:4,7;REMOVE:4,8;REMOVE:5,2;REMOVE:8,2;REMOVE:9,2",0:2|7;1:7;2:7;3:8;4:7|8;5:2|9;6:-;7:2;8:2;9:2,0:7;1:2;2:2|7;3:3|7;4:9;5:9;6:-;7:2|7;8:7;9:7,0@1=1;0@2=1;0@4=1;0@7=1;1@2=1;1@8=1;1@9=1;2@1=2;2@2=2;2@4=1;2@7=1;2@9=1;2@0=1;2@5=1;2@6=1;3@4=1;3@7=2;3@9=2;3@5=1;3@6=1;3@3=1;4@1=1;4@2=1;4@9=1;4@6=1;4@3=1;5@2=1;5@6=2;7@2=1;7@4=1;7@7=1;7@9=1;7@5=1;7@6=1;8@1=1;8@2=3;8@4=1;8@7=1;8@6=1;8@3=2;9@1=1;9@2=3;9@4=2;9@9=2;9@0=1;9@6=2;9@3=1,"1,2,4,7,8,9,0,5,6,3",60,47,47,0,1.0,-0.11408731590939103,0.6666666666666666,0.01924601742394228,0.0,0.0,0.7999999999999999,0.6380660533905029,Feasible|selected=greedy
1173,1172,16,7,9,"ADD:0,2;ADD:1,7;ADD:2,6;ADD:4,2;ADD:5,7;ADD:8,2;ADD:9,3;REMOVE:0,7;REMOVE:1,2;REMOVE:2,2;REMOVE:2,7;REMOVE:3,3;REMOVE:4,9;REMOVE:5,9;REMOVE:7,2;REMOVE:8,7",0:7;1:2;2:2|7;3:3|7;4:9;5:9;6:-;7:2|7;8:7;9:7,0:2;1:7;2:6;3:7;4:2;5:7;6:-;7:7;8:2;9:3|7,0@0=1;0@2=3;0@4=2;0@8=1;1@1=1;1@7=1;2@6=1;3@2=1;3@8=1;3@1=1;3@7=2;3@6=1;3@9=1;4@2=2;4@4=1;4@8=1;4@9=1;4@3=2;5@2=1;5@7=1;5@6=1;7@2=1;7@8=1;7@1=1;7@7=1;7@9=1;8@2=1;8@4=3;8@8=1;8@3=4;9@4=2;9@1=1;9@7=2;9@6=3;9@9=1;9@3=1;9@5=1,"0,2,4,8,1,7,6,9,3,5",52,37,37,0,1.0,0.07917664530248558,0.75,0.02917664530248549,0.0,0.0,0.7,0.523618221282959,Feasible|selected=greedy
1174,1173,16,10,6,"ADD:0,3;ADD:0,8;ADD:2,4;ADD:3,8;ADD:4,7;ADD:4,8;ADD:7,8;ADD:8,7;ADD:9,2;ADD:9,8;REMOVE:0,2;REMOVE:2,6;REMOVE:4,2;REMOVE:5,7;REMOVE:9,3;REMOVE:9,7",0:2;1:7;2:6;3:7;4:2;5:7;6:-;7:7;8:2;9:3|7,0:3|8;1:7;2:4;3:7|8;4:7|8;5:-;6:-;7:7|8;8:2|7;9:2|8,0@1=4;0@3=2;0@4=3;0@5=1;1@1=1;1@3=1;1@4=2;1@0=1;1@2=2;1@8=2;2@4=1;3@1=1;3@4=1;3@5=1;3@2=2;3@8=1;3@7=1;3@9=1;4@1=1;4@4=5;4@5=2;4@2=6;4@7=1;4@9=1;4@6=1;7@1=1;7@4=3;7@5=1;7@2=3;7@7=1;7@9=1;7@6=1;8@1=1;8@3=1;8@4=5;8@5=3;8@0=3;8@2=1;8@8=5;8@7=2;9@1=2;9@4=6;9@5=1;9@0=2;9@2=7;9@8=5;9@9=1,"1,3,4,5,0,2,8,7,9,6",101,47,47,0,1.0,-0.3774314213478426,0.6,0.022568578652157365,0.0,0.0,0.9999999999999999,0.5814929008483887,Feasible|selected=greedy
1175,1174,16,6,10,"ADD:0,2;ADD:2,9;ADD:5,8;ADD:7,9;ADD:8,8;ADD:9,7;REMOVE:0,8;REMOVE:2,4;REMOVE:3,8;REMOVE:4,8;REMOVE:7,7;REMOVE:7,8;REMOVE:8,2;REMOVE:8,7;REMOVE:9,2;REMOVE:9,8",0:3|8;1:7;2:4;3:7|8;4:7|8;5:-;6:-;7:7|8;8:2|7;9:2|8,0:2|3;1:7;2:9;3:7;4:7;5:8;6:-;7:9;8:8;9:7,0@1=1;0@2=1;0@3=1;0@5=1;0@8=1;0@9=1;1@1=1;1@3=2;1@9=1;1@0=1;2@9=1;3@1=2;3@2=1;3@3=1;3@8=1;3@4=1;4@1=1;4@2=1;4@9=1;4@4=1;4@6=1;5@8=1;5@4=1;7@2=1;7@6=2;8@2=1;8@8=1;8@4=1;8@6=1;9@1=3;9@2=2;9@8=2;9@9=1;9@0=1;9@4=3;9@6=3;9@7=1,"1,2,3,5,8,9,0,4,6,7",48,37,37,0,1.0,0.12686022825862775,0.7142857142857143,0.012574513972913464,0.0,0.0,0.6,0.5124790668487549,Feasible|selected=greedy
1176,1175,15,7,8,"ADD:0,1;ADD:2,7;ADD:3,2;ADD:4,8;ADD:5,4;ADD:7,4;ADD:8,7;REMOVE:0,2;REMOVE:0,3;REMOVE:2,9;REMOVE:3,7;REMOVE:4,7;REMOVE:5,8;REMOVE:7,9;REMOVE:8,8",0:2|3;1:7;2:9;3:7;4:7;5:8;6:-;7:9;8:8;9:7,0:1;1:7;2:7;3:2;4:8;5:4;6:-;7:4;8:7;9:7,0@1=1;1@1=1;1@2=3;1@3=1;1@7=1;2@1=1;2@2=2;2@3=2;2@4=1;3@2=2;3@0=1;3@9=1;4@2=2;4@8=1;5@4=1;7@2=1;7@4=1;8@4=1;8@0=1;8@8=2;9@1=2;9@2=1;9@4=1;9@9=1,"1,2,3,7,4,0,9,8",32,24,24,0,1.0,0.12109957964961404,0.8,0.021099579649613988,0.0,0.0,0.7,0.4138789176940918,Feasible|selected=greedy
1177,1176,17,10,7,"ADD:0,7;ADD:1,2;ADD:2,2;ADD:2,3;ADD:3,7;ADD:4,7;ADD:5,2;ADD:7,2;ADD:7,9;ADD:8,2;REMOVE:0,1;REMOVE:2,7;REMOVE:3,2;REMOVE:4,8;REMOVE:5,4;REMOVE:7,4;REMOVE:8,7",0:1;1:7;2:7;3:2;4:8;5:4;6:-;7:4;8:7;9:7,0:7;1:2|7;2:2|3;3:7;4:7;5:2;6:-;7:2|9;8:2;9:7,0@0=1;0@1=1;0@4=1;0@9=1;1@0=1;1@4=1;1@2=3;1@3=1;1@5=1;1@6=1;1@7=2;1@8=2;2@1=1;2@4=1;2@9=2;2@2=2;2@3=1;2@5=1;3@0=1;3@2=1;3@3=1;3@7=3;3@8=3;4@1=1;4@4=3;4@9=2;4@2=4;4@3=2;4@6=1;4@7=2;5@0=1;5@4=2;5@3=1;5@5=1;5@7=1;7@1=1;7@4=2;7@9=1;7@2=1;7@5=1;8@0=3;8@4=4;8@9=1;8@2=1;8@8=1;9@1=2;9@4=3;9@9=2;9@2=4;9@3=3;9@7=1;9@8=1,"0,1,4,9,2,3,5,6,7,8",86,52,52,0,1.0,-0.20214305895891826,0.7777777777777778,0.020079163263303796,0.0,0.0,0.9999999999999999,0.6770439147949219,Feasible|selected=greedy
1178,1177,19,9,10,"ADD:0,8;ADD:1,9;ADD:2,7;ADD:3,2;ADD:3,9;ADD:4,8;ADD:5,5;ADD:7,8;ADD:8,9;REMOVE:0,7;REMOVE:1,2;REMOVE:1,7;REMOVE:2,2;REMOVE:2,3;REMOVE:3,7;REMOVE:5,2;REMOVE:7,2;REMOVE:7,9;REMOVE:8,2",0:7;1:2|7;2:2|3;3:7;4:7;5:2;6:-;7:2|9;8:2;9:7,0:8;1:9;2:7;3:2|9;4:7|8;5:5;6:-;7:8;8:9;9:7,0@2=1;0@4=1;0@6=2;0@8=1;1@2=1;1@1=1;1@9=1;2@2=4;2@4=3;2@1=1;2@0=1;2@3=1;2@7=1;3@2=1;3@4=1;3@6=1;3@9=1;3@3=1;3@5=2;4@2=2;4@4=2;4@6=2;4@1=2;4@0=1;4@5=1;5@2=1;5@5=1;7@2=2;7@8=1;7@1=1;8@6=1;8@1=1;8@9=1;9@2=1;9@4=1;9@8=1;9@1=3;9@9=1;9@3=1,"2,4,6,8,1,9,0,3,7,5",53,39,39,0,1.0,-0.05185736462173751,0.8333333333333334,0.014809302044928979,0.0,0.0,0.8999999999999999,0.5327098369598389,Feasible|selected=greedy
1179,1178,14,7,7,"ADD:0,7;ADD:1,6;ADD:2,3;ADD:4,2;ADD:5,7;ADD:7,7;ADD:8,7;REMOVE:1,9;REMOVE:2,7;REMOVE:3,2;REMOVE:4,8;REMOVE:5,5;REMOVE:7,8;REMOVE:8,9",0:8;1:9;2:7;3:2|9;4:7|8;5:5;6:-;7:8;8:9;9:7,0:7|8;1:6;2:3;3:9;4:2|7;5:7;6:-;7:7;8:7;9:7,0@3=1;0@4=3;0@5=1;0@6=1;0@7=1;1@6=1;2@3=1;3@3=1;3@2=1;3@9=1;4@3=1;4@4=3;4@5=1;4@6=1;4@2=1;4@0=1;4@1=1;5@3=1;5@4=3;5@8=1;7@6=2;7@0=1;8@3=1;8@4=1;8@7=1;8@2=2;8@9=1;8@1=1;9@3=1;9@4=2;9@2=3;9@9=2;9@0=1;9@1=4,"3,4,5,6,7,2,9,0,1,8",49,34,34,0,1.0,-0.05031279997823468,0.6363636363636364,0.013323563658128939,0.0,0.0,0.7,0.49926209449768066,Feasible|selected=greedy
1180,1179,17,11,6,"ADD:1,2;ADD:1,7;ADD:2,2;ADD:2,7;ADD:3,3;ADD:3,7;ADD:5,2;ADD:6,5;ADD:7,2;ADD:8,2;ADD:9,8;REMOVE:0,8;REMOVE:1,6;REMOVE:2,3;REMOVE:3,9;REMOVE:4,2;REMOVE:5,7",0:7|8;1:6;2:3;3:9;4:2|7;5:7;6:-;7:7;8:7;9:7,0:7;1:2|7;2:2|7;3:3|7;4:7;5:2;6:5;7:2|7;8:2|7;9:7|8,0@0=2;0@1=1;0@2=2;0@4=3;0@6=2;0@8=1;0@9=4;1@0=2;1@1=1;1@2=1;1@4=1;1@6=1;1@3=1;1@5=1;2@0=1;2@1=2;2@2=1;2@4=2;2@8=1;2@9=2;2@3=2;2@5=1;2@7=1;3@1=2;3@2=3;3@4=4;3@9=2;3@3=1;3@5=1;3@7=2;4@1=2;4@2=2;4@4=1;4@6=2;4@9=2;4@3=1;4@7=1;5@2=1;5@4=1;5@9=1;5@5=1;5@7=1;6@3=2;6@5=1;7@0=1;7@1=1;7@2=2;7@4=1;7@6=1;7@9=1;7@3=1;7@5=1;8@0=2;8@2=3;8@4=2;8@6=1;8@8=1;8@9=1;8@3=1;8@5=1;8@7=1;9@0=1;9@1=3;9@2=4;9@4=4;9@6=1;9@8=2;9@9=1;9@5=1;9@7=1,"0,1,2,4,6,8,9,3,5,7",110,70,70,0,1.0,-0.5379024771700263,0.5454545454545454,0.01664297737542818,0.0,0.0,1.0999999999999999,0.9147830009460449,Feasible|selected=greedy
1181,1180,12,5,7,"ADD:3,8;ADD:4,8;ADD:5,5;ADD:5,8;ADD:6,7;REMOVE:1,2;REMOVE:2,2;REMOVE:3,3;REMOVE:3,7;REMOVE:5,2;REMOVE:6,5;REMOVE:8,2",0:7;1:2|7;2:2|7;3:3|7;4:7;5:2;6:5;7:2|7;8:2|7;9:7|8,0:7;1:7;2:7;3:8;4:7|8;5:5|8;6:7;7:2|7;8:7;9:7|8,0@1=3;0@2=1;0@3=2;0@4=2;0@7=1;0@8=2;1@3=1;1@4=1;2@1=2;2@2=3;2@3=1;2@4=5;2@7=2;2@8=1;2@0=1;2@6=1;2@9=2;3@1=3;3@2=1;3@4=2;3@8=1;3@5=1;4@1=2;4@3=1;4@4=2;4@7=1;4@8=1;4@6=1;4@5=1;5@1=1;5@3=1;5@8=1;5@5=1;6@1=1;6@3=1;6@4=1;6@0=2;7@1=1;7@2=1;7@3=1;7@4=1;7@8=1;7@0=1;7@6=1;7@9=1;7@5=2;8@1=2;8@3=3;8@7=1;8@8=1;8@0=1;8@6=1;8@9=2;9@1=1;9@3=3;9@4=3;9@7=1;9@8=2;9@0=1;9@6=2;9@9=3;9@5=1,"1,2,3,4,7,8,0,6,9,5",95,62,62,0,1.0,-0.048619071663435764,0.4375,0.013880928336564253,0.0,0.0,0.5,0.7055158615112305,Feasible|selected=greedy
1182,1181,18,12,6,"ADD:0,2;ADD:1,8;ADD:2,2;ADD:3,2;ADD:3,7;ADD:4,2;ADD:5,7;ADD:6,2;ADD:6,3;ADD:7,8;ADD:8,8;ADD:9,2;REMOVE:3,8;REMOVE:4,8;REMOVE:5,5;REMOVE:6,7;REMOVE:7,2;REMOVE:9,8",0:7;1:7;2:7;3:8;4:7|8;5:5|8;6:7;7:2|7;8:7;9:7|8,0:2|7;1:7|8;2:2|7;3:2|7;4:2|7;5:7|8;6:2|3;7:7|8;8:7|8;9:2|7,0@1=2;0@2=8;0@3=2;0@4=6;0@5=3;0@7=1;0@8=1;0@9=1;1@2=2;1@4=5;1@5=2;1@7=1;1@8=1;1@0=1;1@6=3;2@1=3;2@2=1;2@3=1;2@4=3;2@5=1;2@7=1;2@9=2;2@0=1;2@6=1;3@2=1;3@4=4;3@5=2;3@7=2;3@8=2;3@9=2;3@0=2;3@6=1;4@1=2;4@2=3;4@4=5;4@5=1;4@7=1;4@9=1;4@0=2;4@6=2;5@1=2;5@2=2;5@3=2;5@4=3;5@5=2;5@7=1;5@8=1;5@6=3;6@1=2;6@2=1;6@3=1;6@5=2;6@8=2;6@9=1;7@1=3;7@2=3;7@3=4;7@4=2;7@5=1;7@7=1;7@8=2;7@9=1;7@6=1;8@1=2;8@2=4;8@3=4;8@4=3;8@5=3;8@7=2;8@8=3;8@9=2;8@6=1;9@1=2;9@2=4;9@3=3;9@4=3;9@5=2;9@7=4;9@8=2;9@9=3;9@0=3;9@6=3,"1,2,3,4,5,7,8,9,0,6",182,82,82,0,1.0,-0.7489184546002412,0.42857142857142855,0.02251011682833016,0.0,0.0,1.2,0.8585090637207031,Feasible|selected=greedy
1183,1182,17,5,12,"ADD:0,8;ADD:2,8;ADD:3,6;ADD:4,3;ADD:5,1;REMOVE:0,2;REMOVE:1,8;REMOVE:2,2;REMOVE:3,2;REMOVE:3,7;REMOVE:4,2;REMOVE:4,7;REMOVE:5,7;REMOVE:5,8;REMOVE:6,2;REMOVE:6,3;REMOVE:7,8",0:2|7;1:7|8;2:2|7;3:2|7;4:2|7;5:7|8;6:2|3;7:7|8;8:7|8;9:2|7,0:7|8;1:7;2:7|8;3:6;4:3;5:1;6:-;7:7;8:7|8;9:2|7,0@0=1;0@1=1;0@4=1;0@5=1;0@6=2;0@9=1;1@1=1;1@3=1;1@7=2;2@0=1;2@1=1;2@4=1;2@5=3;2@6=1;2@9=1;2@2=3;2@8=3;3@4=1;3@6=2;3@9=1;4@1=1;4@5=1;4@9=1;4@3=1;4@7=2;4@2=1;5@1=3;5@9=1;5@3=1;5@8=1;7@1=1;7@3=1;7@7=1;7@2=2;7@8=1;8@1=1;8@4=2;8@5=1;8@3=1;8@7=1;8@2=2;8@8=1;9@0=1;9@1=1;9@4=4;9@5=2;9@9=1;9@2=4,"0,1,4,5,6,9,3,7,2,8",70,48,48,0,1.0,0.12575930820465064,0.6,0.02575930820465068,0.0,0.0,0.5,0.5713090896606445,Feasible|selected=greedy
1184,1183,14,7,7,"ADD:1,1;ADD:3,0;ADD:3,7;ADD:4,7;ADD:4,8;ADD:5,9;ADD:6,4;REMOVE:0,8;REMOVE:1,7;REMOVE:3,6;REMOVE:4,3;REMOVE:5,1;REMOVE:8,8;REMOVE:9,2",0:7|8;1:7;2:7|8;3:6;4:3;5:1;6:-;7:7;8:7|8;9:2|7,0:7;1:1;2:7|8;3:0|7;4:7|8;5:9;6:4;7:7;8:7;9:7,0@0=1;0@1=1;0@4=1;1@1=1;1@3=2;1@8=2;2@0=1;2@1=1;2@4=2;2@8=2;2@2=1;2@5=2;2@6=1;2@7=2;3@0=1;3@1=4;3@5=1;3@7=2;4@1=1;4@4=1;4@3=2;4@5=2;4@6=1;4@7=1;5@1=2;5@2=1;6@4=1;7@1=2;7@4=2;7@9=1;8@1=4;8@4=1;8@3=1;8@8=1;8@2=3;8@6=1;8@9=1;9@0=1;9@1=2;9@4=2;9@8=1;9@7=2;9@9=1,"0,1,4,3,8,2,5,6,7,9",66,43,43,0,1.0,-0.14271583520535014,0.5384615384615384,0.018822626333111422,0.0,0.0,0.7,0.5873689651489258,Feasible|selected=greedy
1185,1184,15,6,9,"ADD:1,2;ADD:2,2;ADD:5,7;ADD:6,8;ADD:7,2;ADD:9,8;REMOVE:1,1;REMOVE:2,7;REMOVE:2,8;REMOVE:3,0;REMOVE:4,8;REMOVE:5,9;REMOVE:6,4;REMOVE:7,7;REMOVE:8,7",0:7;1:1;2:7|8;3:0|7;4:7|8;5:9;6:4;7:7;8:7;9:7,0:7;1:2;2:2;3:7;4:7;5:7;6:8;7:2;8:-;9:7|8,0@1=2;0@3=1;0@4=2;0@9=2;1@4=2;1@0=1;1@2=1;1@5=1;2@3=1;2@4=1;2@0=1;2@2=2;3@1=1;3@3=1;3@4=1;3@0=1;3@2=1;4@4=1;4@9=1;4@0=1;4@2=2;4@6=1;4@8=1;5@0=2;5@7=1;6@1=2;6@8=1;6@7=1;7@2=1;9@1=1;9@4=1;9@9=2;9@0=1;9@5=2;9@6=1;9@8=1,"1,3,4,9,0,2,5,6,8,7",46,36,36,0,1.0,0.10723675416969003,0.6923076923076923,0.014929061861997772,0.0,0.0,0.6,0.5474889278411865,Feasible|selected=greedy
1186,1185,12,6,6,"ADD:0,3;ADD:4,2;ADD:5,2;ADD:7,9;ADD:8,7;ADD:9,5;REMOVE:2,2;REMOVE:4,7;REMOVE:5,7;REMOVE:6,8;REMOVE:7,2;REMOVE:9,8",0:7;1:2;2:2;3:7;4:7;5:7;6:8;7:2;8:-;9:7|8,0:3|7;1:2;2:-;3:7;4:2;5:2;6:-;7:9;8:7;9:5|7,0@3=3;0@4=1;0@5=2;0@7=1;1@3=2;1@4=2;1@2=1;3@4=1;3@7=2;3@0=1;3@1=1;4@3=1;4@2=2;4@0=1;5@2=1;5@0=1;5@9=1;7@3=1;7@2=1;7@9=2;8@3=1;8@4=2;8@2=2;8@0=1;8@1=2;8@9=1;9@3=3;9@5=2;9@7=1;9@0=1;9@8=1,"3,4,5,7,2,0,1,9,8",45,31,31,0,1.0,0.03330947690875852,0.6,0.03330947690875852,0.0,0.0,0.6,0.47553515434265137,Feasible|selected=greedy
1187,1186,13,8,5,"ADD:0,8;ADD:1,5;ADD:2,6;ADD:3,2;ADD:4,7;ADD:5,7;ADD:6,8;ADD:7,8;REMOVE:0,3;REMOVE:1,2;REMOVE:5,2;REMOVE:7,9;REMOVE:9,5",0:3|7;1:2;2:-;3:7;4:2;5:2;6:-;7:9;8:7;9:5|7,0:7|8;1:5;2:6;3:2|7;4:2|7;5:7;6:8;7:8;8:7;9:7,0@0=1;0@4=1;0@5=4;0@6=1;0@7=2;0@8=1;0@9=2;1@5=1;1@2=2;2@4=2;2@6=1;2@9=1;2@1=2;3@0=2;3@5=1;3@7=2;3@8=1;3@9=3;3@2=1;3@1=2;4@0=1;4@4=1;4@5=2;4@6=2;4@8=1;4@9=2;4@2=4;4@1=2;4@3=1;5@4=1;5@6=1;5@9=1;5@3=1;6@4=2;6@7=1;6@8=1;6@2=2;7@4=4;7@5=1;7@6=1;7@2=2;8@0=1;8@4=1;8@6=1;8@7=1;8@2=1;8@3=1;9@0=2;9@4=5;9@6=2;9@9=1;9@2=6;9@3=1,"0,4,5,6,7,8,9,2,1,3",90,53,53,0,1.0,-0.28538575210335504,0.5,0.014614247896644918,0.0,0.0,0.7999999999999999,0.7000918388366699,Feasible|selected=greedy
1188,1187,12,6,6,"ADD:1,7;ADD:2,7;ADD:4,8;ADD:6,7;ADD:7,7;ADD:8,2;REMOVE:0,8;REMOVE:1,5;REMOVE:2,6;REMOVE:3,2;REMOVE:4,2;REMOVE:8,7",0:7|8;1:5;2:6;3:2|7;4:2|7;5:7;6:8;7:8;8:7;9:7,0:7;1:7;2:7;3:7;4:7|8;5:7;6:7|8;7:7|8;8:2;9:7,0@1=2;0@2=4;0@4=2;0@9=2;1@1=1;1@4=3;1@9=1;1@3=2;1@6=1;1@7=1;1@8=1;2@1=1;2@2=1;2@4=3;2@9=1;2@7=2;2@8=1;2@0=1;3@1=1;3@2=2;3@4=3;3@9=1;3@3=1;3@7=2;3@8=1;4@1=1;4@2=1;4@4=2;4@9=2;4@7=1;4@8=1;4@5=1;5@1=2;5@2=1;5@4=2;5@9=1;5@3=1;6@1=1;6@4=2;6@9=2;6@8=2;6@5=1;7@1=1;7@2=1;7@4=1;7@3=1;7@6=2;7@7=2;7@8=1;7@5=1;8@2=1;8@4=2;8@3=2;8@7=1;8@5=1;9@1=2;9@2=2;9@4=3;9@9=1;9@3=3;9@6=2;9@8=3,"1,2,4,9,3,6,7,8,0,5",98,62,62,0,1.0,-0.12517683470000562,0.46153846153846156,0.013284703761532795,0.0,0.0,0.6,0.7683279514312744,Feasible|selected=greedy
1189,1188,10,6,4,"ADD:0,2;ADD:2,8;ADD:7,2;ADD:8,7;ADD:8,8;ADD:9,2;REMOVE:2,7;REMOVE:6,8;REMOVE:7,8;REMOVE:8,2",0:7;1:7;2:7;3:7;4:7|8;5:7;6:7|8;7:7|8;8:2;9:7,0:2|7;1:7;2:8;3:7;4:7|8;5:7;6:7;7:2|7;8:7|8;9:2|7,0@0=1;0@1=1;0@2=4;0@4=2;0@5=1;0@6=1;0@9=1;1@0=4;1@1=2;1@4=1;1@6=1;1@9=1;1@3=2;1@7=1;1@8=2;2@1=1;2@2=2;2@4=3;2@5=3;3@0=3;3@1=1;3@2=1;3@4=1;3@9=1;3@7=1;4@1=1;4@2=2;4@4=1;4@5=2;4@6=1;4@3=1;4@7=1;4@8=1;5@1=1;5@4=1;5@3=1;6@0=2;6@1=2;6@2=1;6@6=1;7@0=1;7@1=2;7@2=1;7@4=1;7@5=1;7@9=1;7@3=1;7@8=1;8@0=1;8@1=1;8@2=2;8@4=2;8@5=1;8@6=1;8@9=1;8@8=1;9@0=1;9@1=3;9@2=3;9@4=1;9@5=1;9@9=1;9@3=1;9@7=1;9@8=3,"0,1,2,4,5,6,9,3,7,8",95,65,65,0,1.0,-0.2771761114094933,0.3076923076923077,0.015131580898199012,0.0,0.0,0.6,0.7329831123352051,Feasible|selected=greedy
1190,1189,16,8,8,"ADD:0,8;ADD:1,8;ADD:2,7;ADD:3,2;ADD:3,8;ADD:4,2;ADD:5,4;ADD:6,6;REMOVE:0,7;REMOVE:3,7;REMOVE:4,7;REMOVE:4,8;REMOVE:5,7;REMOVE:6,7;REMOVE:7,2;REMOVE:8,8",0:2|7;1:7;2:8;3:7;4:7|8;5:7;6:7;7:2|7;8:7|8;9:2|7,0:2|8;1:7|8;2:7|8;3:2|8;4:2;5:4;6:6;7:7;8:7;9:2|7,0@0=1;0@1=2;0@2=1;0@4=2;0@5=1;1@0=1;1@1=1;1@4=1;1@5=2;1@3=1;1@8=1;2@2=2;2@5=1;2@8=1;2@6=1;2@7=2;2@9=1;3@2=2;3@5=2;3@8=2;3@6=1;3@9=1;4@0=1;4@2=2;4@4=3;4@5=1;4@8=1;5@4=1;6@4=1;6@6=2;7@1=1;7@2=1;7@4=1;7@6=1;7@7=1;7@9=1;8@1=2;8@2=1;8@4=1;8@6=1;8@7=1;9@0=2;9@2=4;9@4=1;9@5=2;9@3=1;9@8=1;9@6=1;9@7=1,"0,1,2,4,5,3,8,6,7,9",67,49,49,0,1.0,-0.23441809826237914,0.5333333333333333,0.03224856840428748,0.0,0.0,0.7999999999999999,0.5932910442352295,Feasible|selected=greedy
1191,1190,17,8,9,"ADD:0,7;ADD:1,3;ADD:2,2;ADD:3,7;ADD:5,5;ADD:6,8;ADD:7,8;ADD:8,2;REMOVE:0,8;REMOVE:1,8;REMOVE:2,8;REMOVE:3,8;REMOVE:5,4;REMOVE:6,6;REMOVE:7,7;REMOVE:8,7;REMOVE:9,7",0:2|8;1:7|8;2:7|8;3:2|8;4:2;5:4;6:6;7:7;8:7;9:2|7,0:2|7;1:3|7;2:2|7;3:2|7;4:2;5:5;6:8;7:8;8:2;9:2,0@0=1;0@2=5;0@3=2;0@4=4;0@5=1;0@6=1;1@2=3;1@3=1;1@5=1;1@6=1;1@1=2;1@7=1;2@2=5;2@3=1;2@4=3;2@5=2;2@1=2;2@7=3;2@8=1;2@9=3;3@0=1;3@2=1;3@3=2;3@4=1;3@5=1;3@1=1;3@7=1;4@0=1;4@2=1;4@3=1;4@4=4;5@5=1;6@1=1;6@8=1;7@2=3;7@6=1;7@1=1;7@8=1;8@2=4;8@3=1;8@4=2;8@5=1;8@7=1;8@8=1;8@9=1;9@0=1;9@2=2;9@4=2;9@5=1;9@7=1;9@9=2,"0,2,3,4,5,6,1,7,8,9",87,51,51,0,1.0,-0.17038567082276246,0.6,0.029614329177237532,0.0,0.0,0.7999999999999999,0.6090137958526611,Feasible|selected=greedy
1192,1191,15,6,9,"ADD:1,2;ADD:4,7;ADD:5,8;ADD:7,3;ADD:8,8;ADD:9,7;REMOVE:0,2;REMOVE:1,3;REMOVE:1,7;REMOVE:2,7;REMOVE:3,7;REMOVE:4,2;REMOVE:5,5;REMOVE:7,8;REMOVE:8,2",0:2|7;1:3|7;2:2|7;3:2|7;4:2;5:5;6:8;7:8;8:2;9:2,0:7;1:2;2:2;3:2;4:7;5:8;6:8;7:3;8:8;9:2|7,0@1=1;0@7=1;1@7=2;1@2=2;1@4=1;1@5=1;2@2=1;2@4=1;2@3=1;2@8=1;3@2=1;3@4=1;3@8=1;3@0=1;3@9=1;4@1=1;4@7=1;4@4=3;4@3=1;4@8=1;4@6=1;5@4=1;5@5=1;5@6=1;6@7=1;6@2=2;6@8=2;6@6=2;7@1=1;7@2=1;7@3=1;8@2=2;8@4=1;8@8=1;9@1=1;9@7=1;9@2=2;9@4=1;9@5=1;9@3=3;9@0=1;9@9=1;9@6=2,"1,7,2,4,5,3,8,0,9,6",55,43,43,0,1.0,0.06740915783561274,0.6428571428571429,0.02455201497846976,0.0,0.0,0.6,0.6347541809082031,Feasible|selected=greedy
1193,1192,15,7,8,"ADD:0,8;ADD:1,7;ADD:3,7;ADD:4,9;ADD:5,2;ADD:7,9;ADD:8,7;REMOVE:1,2;REMOVE:2,2;REMOVE:3,2;REMOVE:4,7;REMOVE:5,8;REMOVE:7,3;REMOVE:8,8;REMOVE:9,2",0:7;1:2;2:2;3:2;4:7;5:8;6:8;7:3;8:8;9:2|7,0:7|8;1:7;2:-;3:7;4:9;5:2;6:8;7:9;8:7;9:7,0@1=1;0@3=1;0@4=4;0@5=3;0@7=1;0@8=1;1@1=2;1@4=1;1@8=2;1@0=1;1@9=1;3@1=1;3@4=3;3@7=1;4@3=3;4@7=2;4@9=1;4@2=1;4@6=2;5@4=1;5@5=1;5@8=1;5@0=1;5@2=1;6@4=2;6@5=1;7@1=1;7@9=1;8@3=1;8@4=1;8@7=1;8@0=1;8@2=2;9@1=6;9@3=1;9@4=1;9@7=1;9@0=1;9@2=1;9@6=2,"1,3,4,5,7,8,0,9,2,6",61,40,40,0,1.0,0.03955867202548735,0.7272727272727273,0.01228594475276006,0.0,0.0,0.7,0.5555591583251953,Feasible|selected=greedy
1194,1193,15,9,6,"ADD:1,2;ADD:2,7;ADD:3,2;ADD:3,8;ADD:4,2;ADD:5,8;ADD:6,2;ADD:7,2;ADD:9,8;REMOVE:0,8;REMOVE:3,7;REMOVE:4,9;REMOVE:5,2;REMOVE:6,8;REMOVE:7,9",0:7|8;1:7;2:-;3:7;4:9;5:2;6:8;7:9;8:7;9:7,0:7;1:2|7;2:7;3:2|8;4:2;5:8;6:2;7:2;8:7;9:7|8,0@0=1;0@1=4;0@2=4;0@3=2;0@4=5;0@8=1;1@0=1;1@1=3;1@2=2;1@3=2;1@4=2;1@5=3;1@6=2;1@9=3;2@0=2;2@1=1;2@2=2;2@3=1;2@4=2;2@6=1;2@9=1;2@7=2;3@1=1;3@2=2;3@8=1;3@5=2;3@9=1;4@0=1;4@2=1;4@3=1;4@4=2;4@5=2;4@9=2;5@1=1;5@5=1;6@2=2;6@5=1;6@9=1;7@2=3;7@3=1;7@4=1;7@9=1;8@1=1;8@3=1;8@4=2;8@8=1;8@9=1;9@0=1;9@1=3;9@2=5;9@4=6;9@5=1;9@6=1;9@7=1,"0,1,2,3,4,8,5,6,9,7",99,54,54,0,1.0,-0.28495539268712233,0.6,0.015044607312877569,0.0,0.0,0.8999999999999999,0.7359039783477783,Feasible|selected=greedy
1195,1194,18,9,9,"ADD:0,2;ADD:1,8;ADD:2,8;ADD:3,9;ADD:4,7;ADD:6,7;ADD:7,6;ADD:8,2;ADD:9,2;REMOVE:0,7;REMOVE:1,2;REMOVE:1,7;REMOVE:3,2;REMOVE:3,8;REMOVE:4,2;REMOVE:6,2;REMOVE:7,2;REMOVE:9,8",0:7;1:2|7;2:7;3:2|8;4:2;5:8;6:2;7:2;8:7;9:7|8,0:2;1:8;2:7|8;3:9;4:7;5:8;6:7;7:6;8:2|7;9:2|7,0@0=1;0@2=2;0@4=1;0@8=1;1@4=3;1@1=4;1@5=1;1@6=2;2@2=2;2@4=4;2@8=3;2@1=2;2@5=2;2@3=3;2@7=1;3@2=3;3@6=2;3@7=1;3@9=2;4@4=3;4@8=1;4@1=1;4@3=1;4@9=1;5@1=4;5@5=1;6@4=1;6@8=3;6@1=1;6@6=1;6@3=1;7@8=1;7@1=3;7@6=2;7@9=1;8@0=1;8@2=2;8@4=1;8@1=3;8@5=2;8@6=3;8@3=2;8@7=2;8@9=1;9@0=2;9@2=3;9@4=4;9@1=2;9@5=3;9@6=1;9@7=2;9@9=1,"0,2,4,8,1,5,6,3,7,9",101,52,52,0,1.0,-0.18945816557391304,0.6923076923076923,0.018234142118394563,0.0,0.0,0.8999999999999999,0.655322790145874,Feasible|selected=greedy
1196,1195,7,3,4,"ADD:0,7;ADD:3,7;ADD:7,7;REMOVE:0,2;REMOVE:3,9;REMOVE:7,6;REMOVE:8,2",0:2;1:8;2:7|8;3:9;4:7;5:8;6:7;7:6;8:2|7;9:2|7,0:7;1:8;2:7|8;3:7;4:7;5:8;6:7;7:7;8:7;9:2|7,0@0=1;0@1=2;0@2=1;0@3=1;0@4=1;0@8=1;0@9=1;1@1=2;1@2=1;1@8=1;1@5=1;1@7=1;2@0=1;2@1=2;2@2=1;2@3=1;2@4=4;2@8=3;2@5=2;2@6=1;3@1=1;3@3=1;3@7=1;4@0=1;4@2=1;4@8=1;4@9=1;4@7=1;4@6=1;5@1=1;5@4=1;5@8=1;6@0=1;6@6=1;7@0=1;7@3=2;7@4=3;7@8=1;7@7=1;8@0=3;8@1=1;8@2=2;8@4=1;9@0=2;9@1=1;9@2=2;9@3=2;9@4=2;9@8=1;9@5=2;9@7=1,"0,1,2,3,4,8,9,5,7,6",71,51,51,0,1.0,0.0222559775567861,0.3076923076923077,0.014563669864478412,0.0,0.0,0.30000000000000004,0.6264729499816895,Feasible|selected=greedy
1197,1196,14,7,7,"ADD:0,8;ADD:4,2;ADD:5,1;ADD:6,2;ADD:7,8;ADD:9,3;ADD:9,9;REMOVE:0,7;REMOVE:4,7;REMOVE:5,8;REMOVE:6,7;REMOVE:7,7;REMOVE:9,2;REMOVE:9,7",0:7;1:8;2:7|8;3:7;4:7;5:8;6:7;7:7;8:7;9:2|7,0:8;1:8;2:7|8;3:7;4:2;5:1;6:2;7:8;8:7;9:3|9,0@1=1;0@2=2;0@4=2;0@5=1;0@7=1;1@1=2;1@5=1;2@1=2;2@2=1;2@4=6;2@5=1;2@7=1;2@6=2;2@8=2;2@9=2;3@2=2;3@4=1;3@7=1;3@3=2;4@2=1;4@4=2;4@9=1;4@3=1;5@1=1;6@2=1;6@4=2;6@3=1;7@1=3;7@2=1;7@4=1;7@5=1;7@8=1;8@1=1;8@4=1;8@9=1;9@1=2;9@2=3;9@5=1;9@6=1;9@3=1,"1,2,4,5,7,6,8,9,3",61,40,40,0,1.0,-0.10235287047480857,0.5833333333333334,0.014313796191857965,0.0,0.0,0.7,0.528904914855957,Feasible|selected=greedy
1198,1197,17,8,9,"ADD:0,7;ADD:1,7;ADD:2,2;ADD:3,1;ADD:4,3;ADD:5,7;ADD:8,8;ADD:9,7;REMOVE:1,8;REMOVE:2,7;REMOVE:2,8;REMOVE:3,7;REMOVE:4,2;REMOVE:5,1;REMOVE:8,7;REMOVE:9,3;REMOVE:9,9",0:8;1:8;2:7|8;3:7;4:2;5:1;6:2;7:8;8:7;9:3|9,0:7|8;1:7;2:2;3:1;4:3;5:7;6:2;7:8;8:8;9:7,0@0=1;0@1=1;0@3=1;0@4=1;0@5=1;0@6=1;0@7=1;1@0=1;1@1=3;1@3=1;1@4=1;1@7=2;1@2=2;2@4=2;2@5=1;2@7=2;2@2=3;2@9=1;3@1=2;3@9=1;3@8=1;4@1=1;4@3=1;4@2=1;5@0=1;5@4=1;5@7=1;5@2=3;6@2=1;7@1=1;7@5=1;7@7=1;8@1=2;8@4=2;8@6=1;8@8=1;9@0=1;9@4=2;9@7=1;9@2=1;9@8=1,"0,1,3,4,5,6,7,2,9,8",55,41,41,0,1.0,-0.027402415913404865,0.75,0.022597584086595016,0.0,0.0,0.7999999999999999,0.620049238204956,Feasible|selected=greedy
1199,1198,15,8,7,"ADD:1,2;ADD:2,8;ADD:3,3;ADD:3,7;ADD:4,4;ADD:6,5;ADD:7,5;ADD:8,3;REMOVE:0,7;REMOVE:2,2;REMOVE:3,1;REMOVE:4,3;REMOVE:6,2;REMOVE:7,8;REMOVE:8,8",0:7|8;1:7;2:2;3:1;4:3;5:7;6:2;7:8;8:8;9:7,0:8;1:2|7;2:8;3:3|7;4:4;5:7;6:5;7:5;8:3;9:7,0@1=1;0@2=1;0@4=1;0@6=1;1@2=3;1@6=1;1@0=1;1@3=1;1@5=1;1@7=1;1@9=1;2@4=1;2@5=2;2@7=1;2@8=1;3@1=3;3@0=2;3@5=1;3@7=1;3@9=2;4@4=1;5@1=2;5@6=2;5@0=1;5@7=1;6@5=1;7@5=2;8@1=1;8@5=1;8@9=1;9@1=2;9@2=1;9@4=2;9@0=2;9@7=1;9@9=1,"1,2,4,6,0,3,5,7,9,8",49,36,36,0,1.0,-0.14076509157662953,0.6363636363636364,0.022871272059734066,0.0,0.0,0.7999999999999999,0.5146498680114746,Feasible|selected=greedy
1200,1199,18,9,9,"ADD:0,7;ADD:1,8;ADD:2,7;ADD:4,9;ADD:6,2;ADD:7,9;ADD:8,2;ADD:8,9;ADD:9,8;REMOVE:0,8;REMOVE:1,2;REMOVE:1,7;REMOVE:2,8;REMOVE:3,3;REMOVE:4,4;REMOVE:6,5;REMOVE:7,5;REMOVE:8,3",0:8;1:2|7;2:8;3:3|7;4:4;5:7;6:5;7:5;8:3;9:7,0:7;1:8;2:7;3:7;4:9;5:7;6:2;7:9;8:2|9;9:7|8,0@0=2;0@2=1;0@3=2;0@4=2;0@7=1;0@9=2;1@2=1;1@1=2;1@5=1;1@6=1;2@2=2;2@3=1;2@9=2;2@1=1;2@6=1;2@8=1;3@3=1;3@9=1;3@6=2;3@8=1;4@2=1;4@3=1;4@1=1;4@6=1;5@0=1;5@2=1;5@1=1;6@2=1;6@9=1;6@5=2;7@2=1;7@6=3;8@2=2;8@4=2;8@9=1;8@5=2;8@6=1;9@0=1;9@2=2;9@7=3;9@1=2;9@5=1;9@6=1,"0,2,3,4,7,9,1,5,6,8",61,43,43,0,1.0,-0.1364478019270331,0.75,0.01355219807296678,0.0,0.0,0.8999999999999999,0.662804126739502,Feasible|selected=greedy
1201,1200,17,9,8,"ADD:0,2;ADD:1,2;ADD:1,7;ADD:4,2;ADD:4,7;ADD:5,9;ADD:6,7;ADD:7,7;ADD:8,7;REMOVE:1,8;REMOVE:4,9;REMOVE:5,7;REMOVE:6,2;REMOVE:7,9;REMOVE:8,2;REMOVE:8,9;REMOVE:9,8",0:7;1:8;2:7;3:7;4:9;5:7;6:2;7:9;8:2|9;9:7|8,0:2|7;1:2|7;2:7;3:7;4:2|7;5:9;6:7;7:7;8:7;9:7,0@0=3;0@1=2;0@2=1;0@4=1;0@5=2;0@6=1;0@9=2;1@0=2;1@2=2;1@4=1;1@5=1;1@6=1;1@7=1;2@0=1;2@1=3;2@2=1;2@4=2;2@9=1;2@7=1;2@3=1;3@0=1;3@2=3;3@4=3;3@6=1;3@7=2;3@3=1;4@0=1;4@1=1;4@2=2;4@4=3;4@5=2;4@7=2;4@3=1;4@8=3;5@9=2;6@0=1;6@1=1;6@2=1;6@6=1;6@7=2;6@8=1;7@0=1;7@1=2;7@2=1;7@9=2;7@3=2;7@8=2;8@0=1;8@4=1;8@6=1;8@9=1;8@7=1;8@3=1;9@0=3;9@1=1;9@2=6;9@6=2;9@9=2;9@7=1;9@8=1,"0,1,2,4,5,6,9,7,3,8",97,60,60,0,1.0,-0.21521085128166606,0.6666666666666666,0.01812248205166725,0.0,0.0,0.8999999999999999,0.7280480861663818,Feasible|selected=greedy
1202,1201,10,5,5,"ADD:1,8;ADD:2,2;ADD:3,2;ADD:5,7;ADD:9,8;REMOVE:0,2;REMOVE:1,2;REMOVE:3,7;REMOVE:4,2;REMOVE:5,9",0:2|7;1:2|7;2:7;3:7;4:2|7;5:9;6:7;7:7;8:7;9:7,0:7;1:7|8;2:2|7;3:2;4:7;5:7;6:7;7:7;8:7;9:7|8,0@1=2;0@2=3;0@3=1;0@6=2;0@7=2;1@1=1;1@2=1;1@3=2;1@6=1;1@7=1;1@4=1;1@5=1;1@8=1;2@1=2;2@2=2;2@3=2;2@5=2;2@8=2;2@0=1;2@9=3;3@2=4;3@3=1;3@4=4;3@5=1;3@8=1;3@0=1;4@1=2;4@2=4;4@3=1;4@7=1;4@4=4;4@9=1;5@4=1;5@0=2;6@3=1;6@6=1;6@7=2;6@4=2;6@0=1;6@9=1;7@2=1;7@6=1;7@7=1;7@4=1;7@8=1;7@9=1;8@1=1;8@2=5;8@3=3;8@6=1;8@7=1;8@8=1;8@0=3;8@9=3;9@1=1;9@3=1;9@4=3;9@5=2;9@8=2;9@0=1,"1,2,3,6,7,4,5,8,0,9",103,60,60,0,1.0,-0.09769779978172338,0.38461538461538464,0.017686815602891995,0.0,0.0,0.5,0.6987559795379639,Feasible|selected=greedy
1203,1202,12,5,7,"ADD:3,8;ADD:5,4;ADD:6,8;ADD:7,8;ADD:9,2;REMOVE:1,7;REMOVE:2,2;REMOVE:3,2;REMOVE:5,7;REMOVE:6,7;REMOVE:7,7;REMOVE:9,7",0:7;1:7|8;2:2|7;3:2;4:7;5:7;6:7;7:7;8:7;9:7|8,0:7;1:8;2:7;3:8;4:7;5:4;6:8;7:8;8:7;9:2|8,0@0=1;0@2=1;0@4=1;0@6=1;0@8=1;1@2=2;1@4=3;1@8=2;1@1=2;1@5=1;1@7=2;2@2=3;2@4=1;2@8=2;2@1=2;2@7=1;2@3=1;2@9=2;3@2=1;3@6=1;3@1=2;3@5=1;4@0=2;4@4=3;4@6=1;4@7=1;5@4=2;6@2=3;6@4=1;6@6=2;6@1=1;6@5=1;7@2=3;7@4=4;7@8=1;7@1=1;7@5=1;8@2=2;8@4=2;8@6=1;8@1=1;8@9=1;9@2=1;9@4=4;9@6=1;9@8=1;9@5=2;9@3=3;9@9=2,"0,2,4,6,8,1,5,7,3,9",82,49,49,0,1.0,0.04924082858258916,0.5384615384615384,0.01077929012105071,0.0,0.0,0.5,0.6032369136810303,Feasible|selected=greedy
1204,1203,15,8,7,"ADD:2,9;ADD:3,7;ADD:4,2;ADD:4,3;ADD:6,7;ADD:7,7;ADD:8,8;ADD:9,7;REMOVE:2,7;REMOVE:3,8;REMOVE:4,7;REMOVE:6,8;REMOVE:7,8;REMOVE:8,7;REMOVE:9,8",0:7;1:8;2:7;3:8;4:7;5:4;6:8;7:8;8:7;9:2|8,0:7;1:8;2:9;3:7;4:2|3;5:4;6:7;7:7;8:8;9:2|7,0@0=1;0@1=3;0@2=2;0@4=2;0@9=1;1@2=2;1@4=1;1@6=1;1@7=1;1@8=1;2@1=1;2@2=1;2@6=1;2@3=1;3@2=2;3@4=1;3@6=1;3@7=1;3@8=1;3@3=1;4@1=1;4@2=2;4@4=2;4@3=1;4@5=2;5@2=1;5@8=1;6@0=1;6@1=1;6@2=2;6@4=1;6@3=1;7@4=1;7@6=3;7@3=1;8@1=1;8@2=2;8@4=3;8@6=1;9@0=1;9@1=2;9@2=4;9@4=1;9@9=1;9@7=1;9@8=2;9@3=2;9@5=2,"0,1,2,4,9,6,7,8,3,5",70,48,48,0,1.0,-0.14778127156730247,0.6363636363636364,0.015855092069061074,0.0,0.0,0.7999999999999999,0.623039960861206,Feasible|selected=greedy
1205,1204,15,7,8,"ADD:0,8;ADD:1,6;ADD:2,2;ADD:3,2;ADD:4,7;ADD:5,9;ADD:8,7;REMOVE:0,7;REMOVE:2,9;REMOVE:3,7;REMOVE:4,2;REMOVE:4,3;REMOVE:5,4;REMOVE:8,8;REMOVE:9,2",0:7;1:8;2:9;3:7;4:2|3;5:4;6:7;7:7;8:8;9:2|7,0:8;1:6|8;2:2;3:2;4:7;5:9;6:7;7:7;8:7;9:7,0@2=2;0@4=2;0@5=1;0@8=1;1@4=1;1@5=1;1@1=2;1@6=1;1@9=1;2@2=1;2@4=3;2@5=1;2@9=1;2@7=1;3@2=1;3@4=1;3@5=2;3@9=1;4@4=4;4@1=1;4@3=2;5@2=2;5@6=1;6@4=1;6@3=1;7@4=1;7@1=1;7@7=3;8@2=1;8@4=2;8@1=2;8@6=1;8@9=2;9@2=3;9@8=1;9@7=2;9@3=2,"2,4,5,8,1,6,9,7,3",57,37,37,0,1.0,-0.01765581644174019,0.6666666666666666,0.015677516891593104,0.0,0.0,0.7,0.5630841255187988,Feasible|selected=greedy
1206,1205,15,8,7,"ADD:0,7;ADD:1,7;ADD:2,7;ADD:5,8;ADD:6,2;ADD:7,2;ADD:7,9;ADD:9,6;REMOVE:0,8;REMOVE:1,6;REMOVE:1,8;REMOVE:5,9;REMOVE:6,7;REMOVE:7,7;REMOVE:9,7",0:8;1:6|8;2:2;3:2;4:7;5:9;6:7;7:7;8:7;9:7,0:7;1:7;2:2|7;3:2;4:7;5:8;6:2;7:2|9;8:7;9:6,0@1=1;0@2=1;0@3=1;0@4=1;0@7=1;0@8=1;1@2=1;1@4=3;1@7=1;1@0=1;1@6=1;2@1=1;2@2=2;2@3=1;2@4=1;2@7=1;2@0=2;2@6=2;2@5=2;3@2=3;3@3=1;3@4=2;4@1=2;4@2=4;4@4=1;4@0=2;4@6=1;4@9=1;5@1=1;5@2=2;5@4=2;5@6=1;6@2=1;6@0=1;7@1=1;7@2=2;7@4=1;7@5=1;7@9=1;8@2=1;8@4=1;8@7=1;8@9=1;9@1=3;9@4=1;9@6=3,"1,2,3,4,7,8,0,6,5,9",67,46,46,0,1.0,-0.13962913372175734,0.6363636363636364,0.024007229914606243,0.0,0.0,0.7999999999999999,0.6125669479370117,Feasible|selected=greedy
1207,1206,15,7,8,"ADD:0,2;ADD:3,7;ADD:4,8;ADD:5,0;ADD:6,1;ADD:7,6;ADD:9,8;REMOVE:0,7;REMOVE:2,2;REMOVE:3,2;REMOVE:5,8;REMOVE:6,2;REMOVE:7,2;REMOVE:7,9;REMOVE:9,6",0:7;1:7;2:2|7;3:2;4:7;5:8;6:2;7:2|9;8:7;9:6,0:2;1:7;2:7;3:7;4:7|8;5:0;6:1;7:6;8:7;9:8,0@0=1;0@2=2;0@3=2;0@4=3;1@2=1;1@4=1;1@1=1;1@9=1;2@0=1;2@3=1;2@6=1;2@8=2;3@0=2;3@2=1;3@1=1;3@7=1;4@0=3;4@2=2;4@4=2;4@1=1;4@8=1;4@7=1;4@5=1;5@0=1;6@1=1;7@6=1;8@0=1;8@4=2;8@6=1;9@4=2;9@1=2;9@8=1,"0,2,3,4,1,9,6,8,7,5",45,32,32,0,1.0,-0.01247972530830499,0.6666666666666666,0.02085360802502834,0.0,0.0,0.7,0.49881982803344727,Feasible|selected=greedy
1208,1207,18,10,8,"ADD:0,7;ADD:1,2;ADD:2,8;ADD:3,2;ADD:5,7;ADD:6,7;ADD:7,7;ADD:7,8;ADD:9,2;ADD:9,7;REMOVE:1,7;REMOVE:2,7;REMOVE:3,7;REMOVE:4,8;REMOVE:5,0;REMOVE:6,1;REMOVE:7,6;REMOVE:9,8",0:2;1:7;2:7;3:7;4:7|8;5:0;6:1;7:6;8:7;9:8,0:2|7;1:2;2:8;3:2;4:7;5:7;6:7;7:7|8;8:7;9:2|7,0@0=1;0@1=1;0@2=1;0@3=2;0@4=1;0@5=2;0@6=2;0@7=1;0@9=1;1@2=1;1@5=1;1@7=1;2@1=1;2@2=2;2@4=2;2@5=1;2@6=1;2@8=1;3@2=3;3@3=2;3@4=4;4@0=1;4@2=2;4@4=2;4@6=2;4@7=1;5@1=1;5@3=1;5@4=1;5@6=1;5@9=1;5@8=2;6@0=1;6@4=2;6@6=1;6@7=1;7@0=1;7@3=1;7@4=1;7@5=1;7@6=1;7@7=1;7@8=1;8@0=1;8@1=1;8@2=1;8@3=1;8@4=3;8@6=1;8@9=2;8@8=1;9@0=4;9@1=1;9@2=1;9@3=1;9@4=3;9@5=1;9@6=2;9@7=2;9@9=1;9@8=1,"0,1,2,3,4,5,6,7,9,8",87,61,61,0,1.0,-0.25814552503726784,0.7272727272727273,0.014581747690004738,0.0,0.0,0.9999999999999999,0.8455641269683838,Feasible|selected=greedy
1209,1208,19,11,8,"ADD:0,5;ADD:1,7;ADD:1,8;ADD:2,7;ADD:3,8;ADD:4,2;ADD:4,8;ADD:5,5;ADD:6,4;ADD:8,5;ADD:8,8;REMOVE:0,2;REMOVE:1,2;REMOVE:3,2;REMOVE:4,7;REMOVE:5,7;REMOVE:6,7;REMOVE:7,7;REMOVE:8,7",0:2|7;1:2;2:8;3:2;4:7;5:7;6:7;7:7|8;8:7;9:2|7,0:5|7;1:7|8;2:7|8;3:8;4:2|8;5:5;6:4;7:8;8:5|8;9:2|7,0@0=2;0@1=1;0@3=1;0@4=2;0@5=1;1@0=2;1@1=2;1@3=1;1@4=1;1@5=2;1@2=3;1@6=1;1@7=4;1@8=1;2@0=3;2@1=7;2@4=2;2@5=1;2@2=2;2@6=1;2@7=1;2@8=4;3@1=1;3@4=4;3@2=1;4@0=1;4@4=3;4@5=1;4@2=3;4@6=3;4@8=1;4@9=2;5@0=1;5@5=1;6@4=2;6@2=2;7@1=1;7@4=1;7@2=1;8@0=3;8@1=1;8@3=2;8@5=1;8@2=4;8@8=3;9@0=1;9@1=1;9@3=3;9@4=3;9@5=2;9@2=3;9@6=3;9@7=5;9@8=4;9@9=1,"0,1,3,4,5,2,6,7,8,9",114,55,55,0,1.0,-0.4580195359679232,0.6153846153846154,0.026595848647461267,0.0,0.0,1.0999999999999999,0.6793882846832275,Feasible|selected=greedy
1210,1209,18,8,10,"ADD:0,8;ADD:3,9;ADD:4,7;ADD:5,8;ADD:6,7;ADD:7,9;ADD:8,7;ADD:9,8;REMOVE:0,5;REMOVE:1,8;REMOVE:2,8;REMOVE:4,2;REMOVE:5,5;REMOVE:6,4;REMOVE:7,8;REMOVE:8,5;REMOVE:8,8;REMOVE:9,2",0:5|7;1:7|8;2:7|8;3:8;4:2|8;5:5;6:4;7:8;8:5|8;9:2|7,0:7|8;1:7;2:7;3:8|9;4:7|8;5:8;6:7;7:9;8:7;9:7|8,0@1=1;0@2=2;0@5=1;0@6=1;0@7=3;0@8=1;0@9=1;1@2=1;1@6=1;1@7=1;1@9=1;1@0=1;2@1=2;2@2=2;2@7=1;2@9=1;2@0=1;2@4=1;3@1=2;3@2=2;3@5=1;3@6=1;3@9=1;3@4=1;4@1=2;4@5=1;4@6=1;4@7=2;4@8=2;4@3=1;5@1=5;5@2=1;5@4=1;6@6=1;6@7=1;6@4=1;7@2=1;7@9=1;7@3=2;8@1=2;8@2=1;8@6=2;8@8=1;8@0=1;9@1=4;9@2=6;9@5=3;9@6=1;9@7=1;9@8=2;9@9=1;9@4=4;9@3=1,"1,2,5,6,7,8,9,0,4,3",84,53,53,0,1.0,-0.1555452272446033,0.625,0.019454772755396598,0.0,0.0,0.7999999999999999,0.6562700271606445,Feasible|selected=greedy
1211,1210,15,5,10,"ADD:1,2;ADD:2,2;ADD:3,7;ADD:5,7;ADD:7,5;REMOVE:0,8;REMOVE:1,7;REMOVE:2,7;REMOVE:3,8;REMOVE:3,9;REMOVE:4,8;REMOVE:5,8;REMOVE:6,7;REMOVE:7,9;REMOVE:9,8",0:7|8;1:7;2:7;3:8|9;4:7|8;5:8;6:7;7:9;8:7;9:7|8,0:7;1:2;2:2;3:7;4:7;5:7;6:-;7:5;8:7;9:7,0@0=1;0@2=1;0@3=1;0@4=1;0@6=2;1@2=1;1@4=5;1@5=1;1@7=1;1@9=3;2@2=3;2@3=1;2@4=4;2@5=1;2@7=1;3@0=1;3@2=2;3@7=1;3@9=2;3@1=1;4@0=1;4@2=1;4@6=1;4@7=1;4@9=1;4@1=1;4@8=1;5@3=2;5@4=2;5@7=1;5@1=1;7@2=3;7@3=1;7@5=1;7@8=1;8@2=3;8@3=1;8@4=1;8@6=1;8@7=3;8@1=2;9@0=3;9@2=1;9@3=1;9@4=1;9@7=2;9@9=1;9@1=1;9@8=1,"0,2,3,4,6,5,7,9,1,8",75,49,49,0,1.0,0.23209416660996574,0.7142857142857143,0.01780845232425147,0.0,0.0,0.5,0.63979172706604,Feasible|selected=greedy
1212,1211,13,8,5,"ADD:1,7;ADD:2,4;ADD:3,2;ADD:3,9;ADD:5,2;ADD:5,8;ADD:6,2;ADD:7,7;REMOVE:1,2;REMOVE:2,2;REMOVE:3,7;REMOVE:5,7;REMOVE:7,5",0:7;1:2;2:2;3:7;4:7;5:7;6:-;7:5;8:7;9:7,0:7;1:7;2:4;3:2|9;4:7;5:2|8;6:2;7:7;8:7;9:7,0@3=1;0@4=1;0@7=3;0@9=1;1@3=1;1@4=1;1@7=1;1@0=3;1@1=2;1@6=1;2@4=1;3@4=1;3@9=1;3@1=1;3@2=1;3@5=1;4@4=1;4@9=1;4@0=1;4@6=2;4@8=1;5@4=1;5@0=1;5@6=3;5@2=2;5@5=1;5@8=1;6@2=1;7@7=1;7@1=1;7@6=1;8@4=3;8@0=2;8@1=1;8@2=4;9@4=2;9@7=1;9@9=1;9@6=1;9@2=1;9@8=1,"3,4,7,9,0,1,6,2,5,8",57,41,41,0,1.0,-0.22199576829637357,0.5555555555555556,0.02244867614807078,0.0,0.0,0.7999999999999999,0.5801188945770264,Feasible|selected=greedy
1213,1212,15,7,8,"ADD:1,8;ADD:3,7;ADD:4,9;ADD:5,9;ADD:6,3;ADD:6,9;ADD:7,8;REMOVE:1,7;REMOVE:2,4;REMOVE:3,2;REMOVE:3,9;REMOVE:4,7;REMOVE:5,2;REMOVE:5,8;REMOVE:6,2",0:7;1:7;2:4;3:2|9;4:7;5:2|8;6:2;7:7;8:7;9:7,0:7;1:8;2:-;3:7;4:9;5:9;6:3|9;7:7|8;8:7;9:7,0@1=2;0@3=1;0@4=2;1@5=1;1@8=1;3@8=1;3@0=1;3@2=1;3@7=1;4@1=1;4@2=1;4@9=2;5@1=2;5@2=2;6@1=4;6@3=1;6@5=1;6@2=1;6@9=1;6@6=1;7@1=1;7@4=2;7@5=2;7@2=2;7@7=1;7@9=1;7@6=1;8@1=1;8@4=1;8@2=2;8@9=1;9@1=1;9@4=1;9@0=1;9@7=1,"1,3,4,5,8,0,2,7,9,6",47,35,35,0,1.0,-0.015138672277908216,0.6666666666666666,0.01819466105542514,0.0,0.0,0.7,0.5209300518035889,Feasible|selected=greedy
1214,1213,14,7,7,"ADD:0,2;ADD:1,7;ADD:2,7;ADD:3,2;ADD:4,7;ADD:5,7;ADD:6,7;REMOVE:0,7;REMOVE:1,8;REMOVE:3,7;REMOVE:4,9;REMOVE:5,9;REMOVE:6,3;REMOVE:6,9",0:7;1:8;2:-;3:7;4:9;5:9;6:3|9;7:7|8;8:7;9:7,0:2;1:7;2:7;3:2;4:7;5:7;6:7;7:7|8;8:7;9:7,0@2=1;0@5=1;0@8=1;0@9=1;1@0=1;1@1=1;1@3=1;1@4=1;1@6=2;2@3=1;2@4=1;3@2=1;3@8=1;3@3=1;3@4=1;4@8=1;4@9=1;4@0=1;4@1=3;4@4=3;4@7=2;5@8=1;5@3=1;6@2=1;6@9=1;6@0=1;6@1=3;6@6=1;7@5=1;7@8=1;7@0=2;7@1=2;7@6=1;8@2=1;8@6=1;8@7=1;9@2=1;9@8=1;9@0=2;9@1=1;9@3=2;9@4=2;9@6=1;9@7=1,"2,5,8,9,0,1,3,4,6,7",57,44,44,0,1.0,-0.05182573963376391,0.6363636363636364,0.011810624002599674,0.0,0.0,0.7,0.6725277900695801,Feasible|selected=greedy
1215,1214,10,6,4,"ADD:2,8;ADD:3,7;ADD:3,8;ADD:4,2;ADD:5,5;ADD:9,2;REMOVE:2,7;REMOVE:3,2;REMOVE:5,7;REMOVE:7,8",0:2;1:7;2:7;3:2;4:7;5:7;6:7;7:7|8;8:7;9:7,0:2;1:7;2:8;3:7|8;4:2|7;5:5;6:7;7:7;8:7;9:2|7,0@2=3;0@3=2;0@4=2;0@9=1;1@4=2;1@0=1;1@1=3;1@8=2;2@2=1;2@8=1;3@4=1;3@9=1;3@0=1;3@1=2;3@8=2;3@5=2;3@7=3;4@2=2;4@3=2;4@4=5;4@9=2;4@0=2;4@1=2;4@8=1;4@5=1;4@7=3;5@2=1;5@5=1;6@0=2;6@8=1;6@6=1;7@2=1;7@4=1;7@9=1;7@1=1;7@8=1;8@2=2;8@3=3;8@4=1;8@9=1;8@0=1;8@1=3;8@6=1;9@2=2;9@3=1;9@4=2;9@0=2;9@1=4;9@8=1;9@5=1;9@7=1,"2,3,4,9,0,1,8,5,7,6",87,51,51,0,1.0,-0.21529008079445244,0.36363636363636365,0.021073555569183902,0.0,0.0,0.6,0.6361007690429688,Feasible|selected=greedy
1216,1215,14,7,7,"ADD:0,8;ADD:1,8;ADD:2,7;ADD:5,9;ADD:6,2;ADD:7,8;ADD:8,8;REMOVE:1,7;REMOVE:2,8;REMOVE:3,7;REMOVE:4,2;REMOVE:5,5;REMOVE:6,7;REMOVE:7,7",0:2;1:7;2:8;3:7|8;4:2|7;5:5;6:7;7:7;8:7;9:2|7,0:2|8;1:8;2:7;3:8;4:7;5:9;6:2;7:8;8:7|8;9:2|7,0@1=3;0@2=1;0@3=1;0@4=6;0@5=4;0@8=1;1@1=1;1@2=1;1@4=1;1@5=2;1@8=1;1@7=1;2@7=1;3@1=1;3@5=1;4@1=1;4@4=1;4@8=1;4@7=1;4@6=1;4@9=1;5@2=1;5@3=1;5@6=1;5@9=1;6@2=3;6@3=1;6@4=1;6@5=1;6@7=1;7@2=2;7@8=1;8@1=1;8@2=1;8@4=1;8@5=1;8@7=1;8@6=1;8@9=1;9@1=1;9@2=2;9@3=1;9@4=3;9@5=2;9@6=1;9@9=2;9@0=1,"1,2,3,4,5,8,7,6,9,0",66,47,47,0,1.0,-0.14204429489298664,0.5384615384615384,0.01949416664547485,0.0,0.0,0.7,0.6313517093658447,Feasible|selected=greedy
1217,1216,15,6,9,"ADD:0,7;ADD:1,7;ADD:3,7;ADD:4,2;ADD:5,8;ADD:7,7;REMOVE:0,2;REMOVE:0,8;REMOVE:1,8;REMOVE:2,7;REMOVE:3,8;REMOVE:4,7;REMOVE:7,8;REMOVE:8,8;REMOVE:9,2",0:2|8;1:8;2:7;3:8;4:7;5:9;6:2;7:8;8:7|8;9:2|7,0:7;1:7;2:-;3:7;4:2;5:8|9;6:2;7:7;8:7;9:7,0@1=1;0@2=1;0@4=4;0@7=1;0@9=1;1@1=4;1@2=3;1@0=1;1@6=2;1@8=1;3@1=2;3@2=1;3@4=1;3@7=1;3@9=1;3@8=1;4@2=1;4@4=1;4@7=2;4@9=1;4@0=1;4@3=1;4@5=1;5@1=1;5@2=1;5@4=3;5@9=1;5@6=1;5@5=1;6@2=3;6@9=1;6@8=1;7@2=1;7@7=1;7@9=1;7@8=1;8@1=1;8@2=2;8@4=1;8@7=1;8@9=1;8@0=2;8@6=1;8@8=1;9@2=4;9@4=2;9@7=1;9@9=1;9@0=3;9@6=3;9@3=1,"1,2,4,7,9,0,6,8,3,5",76,51,51,0,1.0,0.10453483002186148,0.6923076923076923,0.012227137714169112,0.0,0.0,0.6,0.6476821899414062,Feasible|selected=greedy
1218,1217,15,9,6,"ADD:0,8;ADD:2,8;ADD:3,8;ADD:4,8;ADD:4,9;ADD:5,7;ADD:8,2;ADD:9,3;ADD:9,9;REMOVE:0,7;REMOVE:3,7;REMOVE:4,2;REMOVE:5,8;REMOVE:5,9;REMOVE:9,7",0:7;1:7;2:-;3:7;4:2;5:8|9;6:2;7:7;8:7;9:7,0:8;1:7;2:8;3:8;4:8|9;5:7;6:2;7:7;8:2|7;9:3|9,0@1=1;0@2=1;0@8=1;1@1=2;1@2=2;1@8=3;1@0=1;2@8=1;3@2=1;3@8=2;3@4=3;3@5=1;3@7=1;4@2=1;4@8=1;4@6=2;4@9=2;5@2=1;5@7=1;5@6=1;5@3=1;6@2=1;7@1=1;7@2=4;7@4=1;7@7=1;7@3=1;8@1=1;8@2=3;8@0=1;8@5=1;8@7=1;8@6=2;8@9=2;9@1=1;9@5=1;9@6=1;9@9=2;9@3=4,"1,2,8,0,4,5,7,6,9,3",59,39,39,0,1.0,-0.2632677708441885,0.6,0.036732229155811404,0.0,0.0,0.8999999999999999,0.5689589977264404,Feasible|selected=greedy
1219,1218,19,9,10,"ADD:0,7;ADD:1,8;ADD:3,7;ADD:4,7;ADD:5,3;ADD:6,4;ADD:7,2;ADD:7,3;ADD:9,2;REMOVE:0,8;REMOVE:2,8;REMOVE:3,8;REMOVE:4,9;REMOVE:5,7;REMOVE:6,2;REMOVE:7,7;REMOVE:8,7;REMOVE:9,3;REMOVE:9,9",0:8;1:7;2:8;3:8;4:8|9;5:7;6:2;7:7;8:2|7;9:3|9,0:7;1:7|8;2:-;3:7;4:7|8;5:3;6:4;7:2|3;8:2;9:2,0@1=1;0@2=2;0@4=2;0@6=2;0@7=2;0@9=1;1@1=1;1@4=1;1@6=1;1@0=1;1@5=1;3@1=1;3@4=1;3@7=1;3@9=1;3@0=1;3@3=1;4@2=3;4@6=2;4@7=1;4@9=1;4@5=1;4@8=1;5@1=1;5@3=1;6@4=2;7@1=1;7@2=1;7@4=1;7@5=1;7@3=1;8@2=1;8@4=1;8@7=2;8@9=1;8@0=1;8@5=1;9@2=3;9@4=2;9@9=2;9@8=1,"1,2,4,6,7,9,0,5,3,8",54,41,41,0,1.0,-0.10501551649394114,0.7692307692307693,0.02575371427528947,0.0,0.0,0.8999999999999999,0.568079948425293,Feasible|selected=greedy
1220,1219,16,7,9,"ADD:2,7;ADD:4,2;ADD:5,7;ADD:6,8;ADD:7,9;ADD:8,7;ADD:9,8;REMOVE:1,8;REMOVE:4,7;REMOVE:4,8;REMOVE:5,3;REMOVE:6,4;REMOVE:7,2;REMOVE:7,3;REMOVE:8,2;REMOVE:9,2",0:7;1:7|8;2:-;3:7;4:7|8;5:3;6:4;7:2|3;8:2;9:2,0:7;1:7;2:7;3:7;4:2;5:7;6:8;7:9;8:7;9:8,0@1=1;0@2=1;0@3=1;0@4=1;0@9=1;1@1=1;1@3=1;1@4=1;1@7=1;1@8=2;2@3=1;2@4=1;2@7=1;2@6=1;3@1=1;3@2=1;3@3=1;3@4=2;3@0=2;4@4=1;4@9=1;4@5=2;5@1=2;5@2=2;5@4=1;5@8=1;5@6=1;5@0=1;6@1=1;6@8=1;7@1=1;7@2=3;7@9=1;7@7=1;8@2=1;8@3=2;8@4=1;8@7=1;8@6=2;9@2=2;9@7=2;9@6=2;9@5=1,"1,2,3,4,9,7,8,6,0,5",56,43,43,0,1.0,0.05865240141372852,0.75,0.008652401413728443,0.0,0.0,0.7,0.636371374130249,Feasible|selected=greedy
1221,1220,11,6,5,"ADD:2,5;ADD:3,2;ADD:4,8;ADD:5,8;ADD:6,9;ADD:9,9;REMOVE:2,7;REMOVE:4,2;REMOVE:5,7;REMOVE:6,8;REMOVE:9,8",0:7;1:7;2:7;3:7;4:2;5:7;6:8;7:9;8:7;9:8,0:7;1:7;2:5;3:2|7;4:8;5:8;6:9;7:9;8:7;9:9,0@0=1;0@2=1;0@6=1;0@8=1;0@9=2;1@0=2;1@2=4;1@6=3;1@8=2;1@9=5;1@1=1;1@4=2;2@0=1;2@8=1;2@5=1;3@0=1;3@2=1;3@1=1;3@4=2;3@5=1;3@3=1;4@2=3;4@1=2;4@5=2;4@7=3;5@2=1;5@8=1;5@1=1;5@4=1;6@9=1;6@7=1;7@2=1;7@6=1;8@0=1;8@6=1;8@4=1;9@2=2;9@9=2;9@1=1;9@3=1;9@7=1,"0,2,6,8,9,1,4,5,3,7",63,41,41,0,1.0,-0.09039560882316455,0.5,0.009604391176835472,0.0,0.0,0.6,0.5827221870422363,Feasible|selected=greedy
1222,1221,14,8,6,"ADD:0,2;ADD:0,8;ADD:1,2;ADD:2,7;ADD:4,7;ADD:6,8;ADD:7,6;ADD:9,7;REMOVE:0,7;REMOVE:2,5;REMOVE:3,7;REMOVE:6,9;REMOVE:7,9;REMOVE:9,9",0:7;1:7;2:5;3:2|7;4:8;5:8;6:9;7:9;8:7;9:9,0:2|8;1:2|7;2:7;3:2;4:7|8;5:8;6:8;7:6;8:7;9:7,0@1=1;0@2=4;0@3=2;0@4=5;0@5=2;0@8=2;0@9=2;1@1=1;1@2=3;1@3=1;1@4=1;1@5=1;1@8=1;1@9=1;1@0=1;1@7=1;2@9=1;2@0=1;3@2=2;3@4=4;3@5=1;3@9=1;3@0=1;3@7=1;4@1=3;4@2=2;4@3=1;4@4=4;4@5=2;4@8=3;4@0=2;4@7=1;4@6=1;5@1=3;5@2=2;5@4=1;5@5=1;5@6=1;6@4=1;6@5=1;7@1=3;7@4=2;7@8=1;7@9=2;7@6=1;8@1=1;8@2=1;8@3=1;8@8=1;8@9=1;8@0=2;8@7=1;8@6=1;9@1=3;9@2=2;9@4=3;9@8=2;9@9=1;9@0=1;9@7=3;9@6=1,"1,2,3,4,5,8,9,0,7,6",104,61,61,0,1.0,-0.23454262882987043,0.5454545454545454,0.02000282571558412,0.0,0.0,0.7999999999999999,0.824470043182373,Feasible|selected=greedy
1223,1222,19,10,9,"ADD:0,7;ADD:1,8;ADD:2,2;ADD:3,7;ADD:3,8;ADD:5,7;ADD:6,7;ADD:7,7;ADD:8,2;ADD:9,8;REMOVE:0,2;REMOVE:0,8;REMOVE:1,2;REMOVE:2,7;REMOVE:3,2;REMOVE:4,8;REMOVE:5,8;REMOVE:6,8;REMOVE:7,6",0:2|8;1:2|7;2:7;3:2;4:7|8;5:8;6:8;7:6;8:7;9:7,0:7;1:7|8;2:2;3:7|8;4:7;5:7;6:7;7:7;8:2|7;9:7|8,0@0=1;0@1=3;0@2=3;0@3=2;0@4=2;0@6=2;0@7=2;0@8=1;0@9=1;1@1=1;1@2=3;1@4=2;1@7=1;1@8=2;1@9=2;1@5=1;2@0=1;2@4=1;2@5=1;3@0=2;3@1=1;3@2=1;3@6=1;3@8=2;3@5=2;4@0=2;4@2=3;4@4=1;4@6=1;4@8=1;4@9=1;5@0=1;5@1=2;5@3=1;5@4=2;6@0=1;6@1=1;6@2=1;6@3=2;6@4=1;6@7=1;6@8=2;7@2=2;7@3=1;7@4=2;7@6=1;7@7=1;7@9=1;8@0=1;8@2=3;8@3=1;8@4=1;8@6=1;8@9=1;8@5=1;9@1=1;9@2=1;9@4=4;9@6=1;9@7=1;9@8=2;9@9=1;9@5=2,"0,1,2,3,4,6,7,8,9,5",95,63,63,0,1.0,-0.29294426015467767,0.6923076923076923,0.014748047537629951,0.0,0.0,0.9999999999999999,0.8090429306030273,Feasible|selected=greedy
1224,1223,12,5,7,"ADD:1,3;ADD:2,4;ADD:4,8;ADD:7,5;ADD:7,8;REMOVE:1,8;REMOVE:2,2;REMOVE:3,7;REMOVE:4,7;REMOVE:7,7;REMOVE:8,2;REMOVE:9,8",0:7;1:7|8;2:2;3:7|8;4:7;5:7;6:7;7:7;8:2|7;9:7|8,0:7;1:3|7;2:4;3:8;4:8;5:7;6:7;7:5|8;8:7;9:7,0@0=2;0@1=2;0@2=4;0@3=1;0@4=1;0@8=3;1@1=2;1@2=2;1@3=2;1@4=2;1@5=1;1@7=1;2@2=1;2@4=1;3@1=2;3@2=1;3@8=1;4@1=1;4@2=2;4@4=3;4@5=2;4@7=2;4@6=1;5@0=1;5@6=1;5@9=2;6@3=1;6@4=1;6@8=1;7@0=2;7@8=1;7@5=1;7@6=1;8@0=2;8@1=1;8@2=1;8@3=1;8@4=2;8@6=1;9@0=1;9@2=1;9@3=2;9@4=1;9@7=1,"0,1,2,3,4,8,5,7,6,9",66,44,44,0,1.0,0.011400697631969936,0.5,0.011400697631969936,0.0,0.0,0.5,0.5743427276611328,Feasible|selected=greedy
1225,1224,13,6,7,"ADD:2,9;ADD:3,7;ADD:4,7;ADD:7,7;ADD:9,5;ADD:9,8;REMOVE:1,3;REMOVE:2,4;REMOVE:3,8;REMOVE:4,8;REMOVE:7,5;REMOVE:7,8;REMOVE:9,7",0:7;1:3|7;2:4;3:8;4:8;5:7;6:7;7:5|8;8:7;9:7,0:7;1:7;2:9;3:7;4:7;5:7;6:7;7:7;8:7;9:5|8,0@0=1;0@1=3;0@2=3;0@6=1;0@7=1;0@8=1;0@9=1;1@0=1;1@1=2;1@2=2;1@6=1;1@8=1;1@9=1;1@4=1;2@1=3;2@6=2;2@9=1;2@3=1;3@1=1;3@7=1;3@9=1;3@4=2;3@3=2;4@1=1;4@2=2;4@8=1;4@9=2;4@4=1;5@1=1;5@2=1;5@8=1;5@9=1;5@3=1;6@4=2;6@3=1;7@0=1;7@1=1;7@2=1;7@7=2;7@9=1;7@4=1;8@1=1;8@2=1;8@6=2;8@7=1;8@8=1;8@9=2;8@4=1;9@0=1;9@1=1;9@8=1;9@5=1,"0,1,2,6,7,8,9,4,3,5",69,52,52,0,1.0,-0.00419145626381201,0.5833333333333334,0.012475210402854582,0.0,0.0,0.6,0.6586642265319824,Feasible|selected=greedy
1226,1225,17,9,8,"ADD:0,2;ADD:1,4;ADD:2,7;ADD:3,8;ADD:4,8;ADD:5,6;ADD:6,4;ADD:8,8;ADD:9,7;REMOVE:0,7;REMOVE:1,7;REMOVE:2,9;REMOVE:4,7;REMOVE:5,7;REMOVE:6,7;REMOVE:9,5;REMOVE:9,8",0:7;1:7;2:9;3:7;4:7;5:7;6:7;7:7;8:7;9:5|8,0:2;1:4;2:7;3:7|8;4:8;5:6;6:4;7:7;8:7|8;9:7,0@2=1;0@3=1;0@8=2;0@9=1;1@2=3;1@4=1;2@6=1;2@7=1;3@2=1;3@8=1;3@4=2;3@7=2;3@0=1;3@1=1;3@5=2;4@4=2;4@6=1;4@7=1;4@1=1;4@5=1;5@8=1;5@9=1;5@4=1;5@6=1;6@2=2;6@4=1;7@2=1;7@7=1;7@1=1;8@8=1;8@9=1;8@4=1;8@7=2;8@1=3;8@5=1;9@2=2;9@4=1;9@6=1;9@0=1;9@1=1,"2,3,8,9,4,6,7,0,1,5",52,40,40,0,1.0,-0.14909380428794483,0.7272727272727273,0.023633468439327763,0.0,0.0,0.8999999999999999,0.5677287578582764,Feasible|selected=greedy
1227,1226,15,6,9,"ADD:0,7;ADD:1,8;ADD:4,7;ADD:5,9;ADD:6,8;ADD:7,2;REMOVE:0,2;REMOVE:1,4;REMOVE:2,7;REMOVE:3,7;REMOVE:4,8;REMOVE:5,6;REMOVE:6,4;REMOVE:7,7;REMOVE:8,7",0:2;1:4;2:7;3:7|8;4:8;5:6;6:4;7:7;8:7|8;9:7,0:7;1:8;2:-;3:8;4:7;5:9;6:8;7:2;8:8;9:7,0@1=1;0@2=2;0@3=1;0@4=1;1@5=1;1@7=2;3@1=1;3@2=1;3@4=1;3@8=1;4@1=2;4@3=1;4@4=1;4@7=1;4@8=1;5@9=1;6@1=1;6@4=2;7@2=2;7@5=1;7@7=1;7@8=1;7@9=1;8@8=2;9@3=1;9@4=1;9@6=1,"1,2,3,4,5,7,8,9,6",33,27,27,0,1.0,0.17189682933706985,0.75,0.021896829337069774,0.0,0.0,0.6,0.4571089744567871,Feasible|selected=greedy
1228,1227,14,7,7,"ADD:0,8;ADD:1,7;ADD:3,9;ADD:5,7;ADD:6,9;ADD:7,7;ADD:8,7;REMOVE:0,7;REMOVE:1,8;REMOVE:3,8;REMOVE:5,9;REMOVE:6,8;REMOVE:7,2;REMOVE:8,8",0:7;1:8;2:-;3:8;4:7;5:9;6:8;7:2;8:8;9:7,0:8;1:7;2:-;3:9;4:7;5:7;6:9;7:7;8:7;9:7,0@5=1;0@6=1;0@8=2;1@1=1;1@4=2;1@7=2;1@9=1;3@1=2;3@9=1;3@2=1;4@6=1;4@8=2;4@1=3;4@9=1;4@2=1;4@0=3;5@8=1;5@1=1;5@4=1;5@2=2;5@0=1;6@6=2;6@2=1;6@3=1;7@7=1;7@3=3;8@6=1;8@1=2;8@4=1;8@7=1;9@6=1;9@1=1;9@4=1;9@7=1;9@2=2;9@0=1,"5,6,8,1,4,7,9,2,0,3",51,36,36,0,1.0,0.09516050285005373,0.7777777777777778,0.01738272507227587,0.0,0.0,0.7,0.5408897399902344,Feasible|selected=greedy
1229,1228,8,6,2,"ADD:0,2;ADD:1,8;ADD:2,4;ADD:3,8;ADD:6,7;ADD:9,8;REMOVE:3,9;REMOVE:6,9",0:8;1:7;2:-;3:9;4:7;5:7;6:9;7:7;8:7;9:7,0:2|8;1:7|8;2:4;3:8;4:7;5:7;6:7;7:7;8:7;9:7|8,0@2=2;0@3=1;0@4=2;0@5=1;0@6=1;0@8=1;0@9=1;1@2=2;1@3=1;1@4=2;1@5=1;1@6=1;1@8=1;1@9=1;1@1=2;1@7=2;2@2=1;2@4=2;3@2=3;3@4=1;3@8=1;3@1=2;3@7=2;4@2=1;4@3=1;4@4=3;4@8=1;4@9=1;4@1=1;4@0=2;5@2=1;5@4=2;5@9=2;5@1=2;6@2=3;6@3=1;6@4=1;6@6=1;6@0=1;7@3=1;7@4=1;7@9=1;7@0=2;8@2=1;8@3=3;8@4=4;8@6=1;8@1=1;8@7=1;8@0=2;9@2=2;9@3=2;9@4=1;9@5=2;9@6=2;9@8=1;9@1=1,"2,3,4,5,6,8,9,1,7,0",87,57,57,0,1.0,-0.3641699470965945,0.2222222222222222,0.013607830681183253,0.0,0.0,0.6,0.7020862102508545,Feasible|selected=greedy
1230,1229,11,5,6,"ADD:0,7;ADD:2,7;ADD:3,2;ADD:3,3;ADD:5,2;REMOVE:0,2;REMOVE:1,8;REMOVE:2,4;REMOVE:3,8;REMOVE:5,7;REMOVE:9,8",0:2|8;1:7|8;2:4;3:8;4:7;5:7;6:7;7:7;8:7;9:7|8,0:7|8;1:7;2:7;3:2|3;4:7;5:2;6:7;7:7;8:7;9:7,0@1=1;0@3=2;0@4=2;0@5=1;0@6=1;0@7=1;0@8=1;0@9=1;1@1=1;1@3=1;1@4=3;1@6=1;1@7=1;1@9=2;1@0=1;1@2=2;2@1=1;2@0=2;3@1=3;3@3=1;3@4=1;3@5=1;3@9=1;3@2=3;4@1=2;4@3=3;4@4=3;4@7=1;4@9=1;4@2=2;5@3=1;5@4=3;5@9=1;5@2=2;6@1=1;6@4=1;6@9=2;6@0=1;7@1=1;7@3=1;7@4=2;7@9=1;7@0=1;7@2=1;8@1=2;8@4=2;8@8=1;8@0=1;8@2=4;9@1=3;9@4=3;9@7=1;9@8=1;9@9=1;9@2=4,"1,3,4,5,6,7,8,9,0,2",89,55,55,0,1.0,-0.02598729531053151,0.46153846153846156,0.012474243151006943,0.0,0.0,0.5,0.6517970561981201,Feasible|selected=greedy
1231,1230,22,12,10,"ADD:0,2;ADD:1,2;ADD:1,9;ADD:2,6;ADD:3,7;ADD:4,8;ADD:4,9;ADD:5,3;ADD:6,8;ADD:8,2;ADD:9,2;ADD:9,8;REMOVE:0,7;REMOVE:0,8;REMOVE:1,7;REMOVE:2,7;REMOVE:3,2;REMOVE:3,3;REMOVE:4,7;REMOVE:5,2;REMOVE:6,7;REMOVE:9,7",0:7|8;1:7;2:7;3:2|3;4:7;5:2;6:7;7:7;8:7;9:7,0:2;1:2|9;2:6;3:7;4:8|9;5:3;6:8;7:7;8:2|7;9:2|8,0@2=3;0@3=1;0@4=2;0@9=2;1@2=2;1@4=1;1@9=1;1@1=1;1@5=2;2@4=2;2@6=2;3@2=4;3@3=2;3@1=1;3@6=1;3@0=1;3@7=1;3@8=2;4@2=1;4@9=2;4@1=1;4@5=1;4@6=1;4@8=2;5@2=1;5@9=1;5@1=1;5@5=1;5@7=1;6@4=1;6@5=2;7@2=1;7@4=1;7@9=1;7@1=1;8@2=3;8@3=1;8@4=2;8@9=1;8@1=1;8@5=1;8@0=1;8@7=1;8@8=6;9@2=1;9@4=4;9@5=3;9@6=1;9@0=1;9@8=3,"2,3,4,9,1,5,6,0,7,8",81,50,50,0,1.0,-0.34171085667434054,0.8333333333333334,0.02495580999232606,0.0,0.0,1.2,0.6689190864562988,Feasible|selected=greedy
1232,1231,14,6,8,"ADD:1,8;ADD:2,2;ADD:4,7;ADD:5,7;ADD:6,2;ADD:9,7;REMOVE:1,2;REMOVE:2,6;REMOVE:4,8;REMOVE:4,9;REMOVE:6,8;REMOVE:8,2;REMOVE:9,2;REMOVE:9,8",0:2;1:2|9;2:6;3:7;4:8|9;5:3;6:8;7:7;8:2|7;9:2|8,0:2;1:8|9;2:2;3:7;4:7;5:3|7;6:2;7:7;8:7;9:7,0@2=4;0@3=1;0@4=2;0@5=2;0@7=4;1@2=2;1@1=1;1@8=1;1@9=3;2@2=1;2@0=1;3@2=4;3@4=2;3@7=1;3@0=2;4@2=3;4@3=1;4@4=3;4@1=1;4@8=1;4@6=1;5@2=1;5@3=1;5@5=1;5@7=2;5@1=1;5@6=1;6@4=2;6@5=1;6@8=1;6@9=1;7@2=1;7@4=2;7@7=1;7@1=1;7@6=2;8@2=2;8@3=1;8@4=1;8@1=1;8@9=1;8@0=1;8@6=2;9@2=1;9@4=2;9@7=1;9@1=4;9@8=1;9@9=1,"2,3,4,5,7,1,8,9,0,6",79,49,49,0,1.0,-0.00983788711191913,0.5714285714285714,0.018733541459509433,0.0,0.0,0.6,0.6189258098602295,Feasible|selected=greedy
1233,1232,14,6,8,"ADD:0,7;ADD:1,7;ADD:2,6;ADD:6,8;ADD:7,9;ADD:8,2;REMOVE:0,2;REMOVE:1,8;REMOVE:1,9;REMOVE:2,2;REMOVE:5,3;REMOVE:6,2;REMOVE:7,7;REMOVE:8,7",0:2;1:8|9;2:2;3:7;4:7;5:3|7;6:2;7:7;8:7;9:7,0:7;1:7;2:6;3:7;4:7;5:7;6:8;7:9;8:2;9:7,0@0=1;0@1=1;0@2=4;0@3=1;0@4=2;1@1=1;1@2=1;1@4=2;1@7=1;2@6=1;3@0=1;3@2=3;3@3=1;3@4=1;3@7=1;3@6=1;3@8=1;4@1=1;4@2=3;4@3=1;4@4=3;4@7=1;4@8=1;4@9=1;5@0=1;5@4=3;6@1=2;6@2=1;6@4=1;6@6=1;6@8=2;6@5=2;7@1=1;7@2=2;8@0=1;8@2=2;8@8=1;9@2=2;9@3=1;9@4=3;9@7=1;9@8=1,"0,1,2,3,4,7,6,8,9,5",63,42,42,0,1.0,0.08004708649770187,0.6666666666666666,0.013380419831035205,0.0,0.0,0.6,0.5759339332580566,Feasible|selected=greedy
1234,1233,16,8,8,"ADD:0,8;ADD:1,8;ADD:2,9;ADD:5,2;ADD:6,3;ADD:7,7;ADD:8,7;ADD:9,6;REMOVE:0,7;REMOVE:1,7;REMOVE:2,6;REMOVE:5,7;REMOVE:6,8;REMOVE:7,9;REMOVE:8,2;REMOVE:9,7",0:7;1:7;2:6;3:7;4:7;5:7;6:8;7:9;8:2;9:7,0:8;1:8;2:9;3:7;4:7;5:2;6:3;7:7;8:7;9:6,0@2=1;0@4=1;0@5=1;0@8=1;1@8=1;1@1=1;2@2=1;2@1=1;3@2=3;3@1=1;3@0=1;3@3=1;3@9=1;4@2=2;4@8=1;4@1=1;4@3=1;4@9=1;4@7=2;5@2=2;5@0=1;5@3=1;5@9=1;6@3=1;7@2=2;7@0=1;7@6=1;8@2=3;8@4=1;8@3=1;8@7=1;9@4=4;9@9=1;9@6=2,"2,4,5,8,1,0,3,9,7,6",46,34,34,0,1.0,0.022577413682747793,0.8,0.022577413682747727,0.0,0.0,0.7999999999999999,0.5240938663482666,Feasible|selected=greedy
1235,1234,19,10,9,"ADD:0,3;ADD:0,7;ADD:1,9;ADD:2,6;ADD:3,2;ADD:4,8;ADD:5,4;ADD:6,7;ADD:8,9;ADD:9,8;REMOVE:0,8;REMOVE:1,8;REMOVE:2,9;REMOVE:3,7;REMOVE:4,7;REMOVE:5,2;REMOVE:6,3;REMOVE:8,7;REMOVE:9,6",0:8;1:8;2:9;3:7;4:7;5:2;6:3;7:7;8:7;9:6,0:3|7;1:9;2:6;3:2;4:8;5:4;6:7;7:7;8:9;9:8,0@1=1;0@3=1;0@4=3;0@5=1;0@9=1;1@9=2;1@2=2;1@7=1;2@4=2;2@6=1;3@4=4;3@5=1;3@2=1;3@0=1;4@1=1;4@4=3;4@8=1;5@4=2;6@2=1;6@6=1;6@0=1;7@7=1;7@6=1;8@1=2;8@3=2;8@2=1;8@6=1;9@1=1;9@4=2;9@2=2;9@8=2,"1,3,4,5,9,2,7,6,0,8",47,31,31,0,1.0,-0.07519278551619746,0.9,0.024807214483802426,0.0,0.0,0.9999999999999999,0.528989315032959,Feasible|selected=greedy
1236,1235,18,10,8,"ADD:1,7;ADD:2,7;ADD:3,8;ADD:4,2;ADD:5,7;ADD:6,6;ADD:7,1;ADD:7,8;ADD:8,8;ADD:9,7;REMOVE:1,9;REMOVE:2,6;REMOVE:3,2;REMOVE:5,4;REMOVE:6,7;REMOVE:7,7;REMOVE:8,9;REMOVE:9,8",0:3|7;1:9;2:6;3:2;4:8;5:4;6:7;7:7;8:9;9:8,0:3|7;1:7;2:7;3:8;4:2|8;5:7;6:6;7:1|8;8:8;9:7,0@0=2;0@3=1;0@5=2;0@7=2;1@0=2;1@3=1;1@4=1;1@8=1;1@9=1;2@7=1;2@4=1;3@7=1;3@4=1;3@8=1;3@2=3;3@6=1;4@3=1;4@5=1;4@4=2;4@8=2;4@2=2;4@1=1;5@4=2;5@9=1;5@1=2;6@4=2;6@6=1;7@3=1;7@5=1;7@8=1;7@9=1;7@6=1;7@1=1;8@7=1;8@8=1;8@6=1;8@1=1;9@0=1;9@7=1;9@4=4;9@6=1,"0,3,5,7,4,8,9,2,6,1",56,41,41,0,1.0,-0.24810729870000503,0.7272727272727273,0.024619974027267576,0.0,0.0,0.9999999999999999,0.6187090873718262,Feasible|selected=greedy
1237,1236,17,11,6,"ADD:0,8;ADD:1,2;ADD:2,8;ADD:3,7;ADD:4,7;ADD:5,8;ADD:6,8;ADD:7,3;ADD:7,7;ADD:8,7;ADD:9,2;REMOVE:0,3;REMOVE:2,7;REMOVE:4,8;REMOVE:7,1;REMOVE:7,8;REMOVE:8,8",0:3|7;1:7;2:7;3:8;4:2|8;5:7;6:6;7:1|8;8:8;9:7,0:7|8;1:2|7;2:8;3:7|8;4:2|7;5:7|8;6:6|8;7:3|7;8:7;9:2|7,0@0=4;0@1=6;0@2=4;0@3=2;0@4=2;0@5=3;0@6=2;0@7=3;0@8=2;1@0=1;1@1=6;1@2=5;1@3=4;1@4=2;1@5=3;1@7=1;1@9=3;2@1=1;2@2=3;2@6=2;2@8=1;3@1=5;3@2=1;3@3=1;3@4=6;3@5=3;3@6=1;3@8=1;3@9=1;4@0=2;4@1=4;4@2=4;4@3=5;4@4=4;4@5=4;4@6=5;4@7=3;4@8=4;4@9=1;5@1=4;5@2=3;5@3=6;5@4=3;5@5=3;5@6=2;5@7=1;5@8=1;6@1=2;6@2=1;6@4=2;6@5=1;6@6=4;6@8=2;6@9=1;7@1=1;7@2=1;7@3=1;7@4=2;7@5=2;7@7=3;8@0=2;8@1=1;8@2=2;8@4=4;8@6=1;8@7=1;8@8=1;8@9=1;9@0=1;9@1=5;9@2=4;9@3=2;9@4=1;9@5=1;9@6=3;9@7=2;9@8=2;9@9=1,"0,1,2,3,4,5,6,7,8,9",196,78,78,0,1.0,-0.6176914718169488,0.46153846153846156,0.02077006664458942,0.0,0.0,1.0999999999999999,0.8397550582885742,Feasible|selected=greedy
1238,1237,9,4,5,"ADD:2,9;ADD:6,7;ADD:8,2;ADD:9,8;REMOVE:2,8;REMOVE:6,6;REMOVE:6,8;REMOVE:7,3;REMOVE:9,2",0:7|8;1:2|7;2:8;3:7|8;4:2|7;5:7|8;6:6|8;7:3|7;8:7;9:2|7,0:7|8;1:2|7;2:9;3:7|8;4:2|7;5:7|8;6:7;7:7;8:2|7;9:7|8,0@1=3;0@2=3;0@3=2;0@4=2;0@5=5;0@6=1;0@7=1;0@8=1;0@9=1;1@1=3;1@2=3;1@3=3;1@4=3;1@5=3;1@8=4;1@9=2;1@0=5;2@2=1;2@6=1;3@1=6;3@2=4;3@3=2;3@4=6;3@5=1;3@6=3;3@7=3;3@8=1;3@9=2;4@1=1;4@2=5;4@3=6;4@4=4;4@5=7;4@6=4;4@7=1;4@8=2;4@9=2;4@0=3;5@1=6;5@2=1;5@4=4;5@5=1;5@6=1;5@8=4;5@0=3;6@1=3;6@2=5;6@7=1;6@8=2;6@0=2;7@1=2;7@3=4;7@4=1;7@6=1;7@7=1;7@8=2;7@9=1;7@0=3;8@1=1;8@2=5;8@4=2;8@5=1;8@6=1;8@9=1;8@0=1;9@1=3;9@3=4;9@4=4;9@5=1;9@6=1;9@7=2;9@8=1;9@9=2;9@0=4,"1,2,3,4,5,6,7,8,9,0",192,74,74,0,1.0,-0.10754191000705465,0.2777777777777778,0.014680312215167553,0.0,0.0,0.4,0.746783971786499,Feasible|selected=greedy
1239,1238,14,7,7,"ADD:2,5;ADD:2,8;ADD:3,2;ADD:5,2;ADD:7,2;ADD:7,8;ADD:9,2;REMOVE:1,2;REMOVE:2,9;REMOVE:3,8;REMOVE:4,2;REMOVE:5,8;REMOVE:7,7;REMOVE:9,8",0:7|8;1:2|7;2:9;3:7|8;4:2|7;5:7|8;6:7;7:7;8:2|7;9:7|8,0:7|8;1:7;2:5|8;3:2|7;4:7;5:2|7;6:7;7:2|8;8:2|7;9:2|7,0@0=1;0@1=2;0@2=4;0@4=4;0@5=2;0@6=1;0@7=2;0@8=1;0@9=2;1@0=1;1@1=1;1@2=4;1@4=7;1@6=2;1@7=1;1@8=3;1@9=1;1@3=2;2@2=2;2@5=1;2@6=1;2@8=2;2@3=1;3@0=4;3@1=3;3@2=2;3@4=1;3@5=2;3@6=2;3@7=1;3@8=1;3@9=3;3@3=2;4@0=1;4@1=2;4@2=12;4@4=4;4@6=4;4@8=3;4@9=2;4@3=4;5@0=2;5@1=1;5@2=5;5@4=9;5@5=1;5@6=1;5@7=2;5@9=1;6@0=1;6@2=3;6@4=4;6@7=1;6@8=3;6@9=1;6@3=1;7@0=2;7@2=2;7@4=3;7@5=3;7@6=4;7@8=1;7@3=1;8@0=1;8@1=1;8@2=3;8@4=4;8@5=1;8@8=2;8@9=1;8@3=3;9@0=1;9@1=2;9@2=3;9@4=1;9@5=2;9@6=3;9@8=2;9@9=2;9@3=3,"0,1,2,4,5,6,7,8,9,3",188,80,80,0,1.0,-0.2730681139985466,0.4117647058823529,0.015167180119100473,0.0,0.0,0.7,0.7848782539367676,Feasible|selected=greedy
1240,1239,10,3,7,"ADD:1,2;ADD:2,2;ADD:7,7;REMOVE:2,5;REMOVE:2,8;REMOVE:3,2;REMOVE:7,2;REMOVE:7,8;REMOVE:8,2;REMOVE:9,2",0:7|8;1:7;2:5|8;3:2|7;4:7;5:2|7;6:7;7:2|8;8:2|7;9:2|7,0:7|8;1:2|7;2:2;3:7;4:7;5:2|7;6:7;7:7;8:7;9:7,0@0=1;0@1=1;0@2=1;0@4=2;0@5=2;0@6=2;0@8=2;0@9=1;1@0=3;1@1=4;1@2=4;1@4=1;1@5=3;1@6=1;1@3=2;2@0=1;2@2=1;2@5=1;2@9=1;3@0=1;3@2=4;3@4=3;3@8=2;3@9=4;3@7=2;4@0=2;4@1=2;4@2=2;4@4=2;4@6=5;4@8=3;4@9=2;4@3=2;4@7=1;5@0=1;5@1=5;5@2=3;5@5=3;5@8=2;5@9=2;5@7=1;6@1=3;6@4=4;6@8=1;6@9=2;6@3=1;6@7=2;7@0=1;7@2=1;7@4=2;7@6=3;7@8=1;7@7=1;8@0=1;8@1=1;8@4=4;8@9=1;9@0=2;9@1=2;9@2=3;9@4=6;9@6=2;9@8=1;9@9=5;9@3=1;9@7=1,"0,1,2,4,5,6,8,9,3,7",140,66,66,0,1.0,0.12387142440670945,0.4117647058823529,0.012106718524356554,0.0,0.0,0.30000000000000004,0.70670485496521,Feasible|selected=greedy
1241,1240,11,5,6,"ADD:1,8;ADD:2,9;ADD:4,8;ADD:6,9;ADD:7,2;REMOVE:0,8;REMOVE:1,2;REMOVE:2,2;REMOVE:5,2;REMOVE:6,7;REMOVE:7,7",0:7|8;1:2|7;2:2;3:7;4:7;5:2|7;6:7;7:7;8:7;9:7,0:7;1:7|8;2:9;3:7;4:7|8;5:7;6:9;7:2;8:7;9:7,0@0=2;0@1=1;0@2=2;0@3=1;0@4=2;0@6=1;0@7=1;0@8=2;0@9=1;1@1=1;1@2=4;1@4=4;1@6=1;1@7=1;1@9=1;1@5=3;2@1=1;2@2=1;3@1=2;3@4=3;3@7=2;3@8=1;3@9=1;4@1=4;4@2=1;4@3=1;4@4=5;4@6=2;4@7=2;4@8=1;4@9=1;4@5=2;5@0=1;5@1=2;5@2=2;5@3=1;5@4=4;5@6=2;5@7=2;5@8=2;5@9=2;6@2=2;6@6=1;6@9=1;7@2=1;7@4=1;7@7=1;7@9=1;7@5=1;8@0=1;8@2=2;8@3=3;8@4=2;8@7=1;9@0=1;9@1=2;9@2=1;9@4=2;9@6=1;9@7=2;9@8=1;9@9=1,"0,1,2,3,4,6,7,8,9,5",105,62,62,0,1.0,-0.024908010938812952,0.46153846153846156,0.013553527522725487,0.0,0.0,0.5,0.6988739967346191,Feasible|selected=greedy
1242,1241,13,8,5,"ADD:0,8;ADD:1,2;ADD:2,7;ADD:3,8;ADD:4,2;ADD:6,7;ADD:9,2;ADD:9,8;REMOVE:1,8;REMOVE:2,9;REMOVE:4,8;REMOVE:6,9;REMOVE:9,7",0:7;1:7|8;2:9;3:7;4:7|8;5:7;6:9;7:2;8:7;9:7,0:7|8;1:2|7;2:7;3:7|8;4:2|7;5:7;6:7;7:2;8:7;9:2|8,0@1=5;0@2=5;0@4=4;0@5=2;0@6=2;0@7=3;0@8=1;0@9=3;1@1=3;1@2=2;1@4=4;1@5=1;1@6=2;1@7=1;1@9=3;1@0=1;1@3=1;2@6=1;2@0=1;3@1=4;3@2=5;3@4=1;3@5=4;3@7=1;3@8=2;3@0=1;4@1=4;4@2=1;4@4=1;4@5=2;4@7=1;4@8=1;4@9=2;4@0=1;4@3=2;5@1=4;5@2=3;5@4=1;5@6=2;5@7=2;5@8=1;5@9=3;5@3=1;6@1=1;6@4=2;6@7=1;6@8=1;6@9=1;6@0=2;6@3=1;7@2=1;7@4=1;7@9=1;7@3=1;8@1=1;8@4=1;8@6=1;8@8=1;8@9=1;8@0=1;8@3=1;9@2=4;9@4=2;9@5=1;9@6=4;9@8=1;9@9=1;9@3=2,"1,2,4,5,6,7,8,9,0,3",130,68,68,0,1.0,-0.3673294398030399,0.4166666666666667,0.016003893530293377,0.0,0.0,0.7999999999999999,0.7667670249938965,Feasible|selected=greedy
1243,1242,7,4,3,"ADD:5,8;ADD:7,7;ADD:8,8;ADD:9,7;REMOVE:0,8;REMOVE:1,2;REMOVE:9,8",0:7|8;1:2|7;2:7;3:7|8;4:2|7;5:7;6:7;7:2;8:7;9:2|8,0:7;1:7;2:7;3:7|8;4:2|7;5:7|8;6:7;7:2|7;8:7|8;9:2|7,0@0=2;0@2=6;0@3=2;0@4=4;0@6=2;0@7=3;0@9=1;1@2=8;1@4=2;1@6=1;1@9=1;1@1=2;2@0=1;2@2=1;2@1=1;3@2=3;3@3=3;3@4=5;3@6=2;3@7=4;3@9=1;3@1=4;3@5=2;3@8=4;4@2=8;4@3=2;4@4=7;4@6=2;4@9=3;4@1=3;4@5=1;4@8=3;5@2=5;5@4=5;5@6=1;5@9=2;5@1=1;5@5=3;5@8=1;6@0=1;6@2=3;6@3=2;6@4=2;6@6=1;6@7=1;6@9=2;6@1=2;6@8=1;7@0=3;7@2=3;7@3=2;7@4=4;7@6=1;7@7=1;7@9=1;7@1=2;7@5=1;8@2=2;8@4=2;8@6=1;8@7=4;8@9=2;8@1=1;8@5=1;9@0=1;9@2=7;9@3=2;9@4=6;9@6=1;9@7=3;9@9=1;9@1=5;9@5=4;9@8=2,"0,2,3,4,6,7,9,1,5,8",190,74,74,0,1.0,-0.18029742530212853,0.2,0.019702574697871473,0.0,0.0,0.4,0.7801699638366699,Feasible|selected=greedy
1244,1243,16,8,8,"ADD:0,2;ADD:2,2;ADD:3,2;ADD:4,8;ADD:5,2;ADD:6,8;ADD:8,2;ADD:9,8;REMOVE:2,7;REMOVE:3,8;REMOVE:4,2;REMOVE:5,8;REMOVE:6,7;REMOVE:8,7;REMOVE:8,8;REMOVE:9,2",0:7;1:7;2:7;3:7|8;4:2|7;5:7|8;6:7;7:2|7;8:7|8;9:2|7,0:2|7;1:7;2:2;3:2|7;4:7|8;5:2|7;6:8;7:2|7;8:2;9:7|8,0@0=1;0@1=2;0@2=7;0@3=3;0@4=3;0@5=1;0@6=1;0@7=4;0@8=1;0@9=1;1@0=4;1@1=2;1@2=2;1@3=1;1@4=2;1@6=2;1@7=3;1@8=1;2@2=1;2@4=1;2@9=1;3@0=1;3@1=2;3@2=3;3@3=2;3@4=5;3@5=2;3@6=2;3@7=1;4@1=4;4@2=7;4@3=1;4@4=6;4@5=1;4@6=3;4@8=3;4@9=2;5@0=2;5@1=1;5@2=6;5@3=1;5@4=9;5@5=2;5@7=2;5@9=1;6@2=3;6@4=2;6@7=1;6@8=1;7@0=1;7@1=1;7@2=1;7@3=1;7@4=1;7@5=1;7@6=2;7@7=1;7@8=1;7@9=1;8@0=1;8@2=1;8@3=1;8@4=2;8@5=2;8@7=2;9@0=4;9@1=1;9@2=3;9@3=1;9@4=6;9@5=2;9@6=3;9@8=1,"0,1,2,3,4,5,6,7,8,9",161,73,73,0,1.0,-0.27776862997748863,0.5,0.022231370022511264,0.0,0.0,0.7999999999999999,0.7327077388763428,Feasible|selected=greedy
1245,1244,6,3,3,"ADD:0,8;ADD:6,7;ADD:8,7;REMOVE:0,2;REMOVE:7,2;REMOVE:9,8",0:2|7;1:7;2:2;3:2|7;4:7|8;5:2|7;6:8;7:2|7;8:2;9:7|8,0:7|8;1:7;2:2;3:2|7;4:7|8;5:2|7;6:7|8;7:7;8:2|7;9:7,0@1=2;0@2=4;0@4=4;0@5=1;0@6=1;0@8=3;0@9=3;1@1=1;1@2=1;1@4=2;1@6=2;1@8=1;1@9=2;1@0=1;1@3=1;1@7=1;2@2=1;2@4=1;2@8=1;2@9=1;3@1=2;3@2=1;3@4=6;3@5=2;3@6=1;3@9=4;3@0=2;4@1=4;4@2=3;4@4=13;4@5=4;4@6=2;4@8=1;4@9=3;4@0=2;4@3=1;5@1=2;5@2=3;5@4=4;5@5=3;5@6=2;5@8=3;5@9=1;5@0=3;5@3=2;5@7=2;6@1=2;6@2=2;6@4=1;6@5=3;6@8=1;6@3=1;6@7=1;7@2=2;7@4=1;7@8=2;7@9=1;7@0=3;8@1=1;8@2=4;8@4=5;8@5=1;8@8=1;8@0=2;8@3=1;8@7=2;9@1=2;9@2=7;9@4=1;9@6=1;9@8=1;9@3=1;9@7=1,"1,2,4,5,6,8,9,0,3,7",161,73,73,0,1.0,-0.09939623275297696,0.1875,0.013103767247023076,0.0,0.0,0.30000000000000004,0.7382330894470215,Feasible|selected=greedy
1246,1245,13,5,8,"ADD:0,3;ADD:1,2;ADD:2,7;ADD:8,9;ADD:9,2;REMOVE:0,8;REMOVE:3,2;REMOVE:4,8;REMOVE:5,7;REMOVE:6,7;REMOVE:8,2;REMOVE:8,7;REMOVE:9,7",0:7|8;1:7;2:2;3:2|7;4:7|8;5:2|7;6:7|8;7:7;8:2|7;9:7,0:3|7;1:2|7;2:2|7;3:7;4:7;5:2;6:8;7:7;8:9;9:2,0@1=1;0@2=2;0@3=1;0@4=4;0@5=1;0@6=1;0@7=1;0@9=2;1@1=4;1@2=4;1@3=1;1@4=1;1@5=2;1@7=1;1@9=1;1@0=2;1@8=1;2@1=3;2@2=7;2@3=1;2@4=3;2@5=2;2@6=1;2@7=1;2@9=3;2@0=5;2@8=3;3@1=3;3@2=4;3@3=2;3@4=2;3@6=3;3@0=3;3@8=1;4@1=7;4@2=4;4@3=1;4@4=2;4@6=2;4@7=2;4@9=3;4@0=1;5@2=2;5@4=4;5@5=4;5@7=1;5@9=1;5@0=2;6@2=3;6@4=1;6@5=2;6@6=2;6@7=1;6@8=1;7@1=2;7@2=4;7@3=1;7@9=3;7@8=1;8@2=1;8@3=2;8@9=1;9@2=1;9@3=2;9@4=3;9@5=2;9@7=2;9@9=1;9@0=1;9@8=2,"1,2,3,4,5,6,7,9,0,8",152,70,70,0,1.0,0.014710479093970275,0.5,0.014710479093970242,0.0,0.0,0.5,0.7487599849700928,Feasible|selected=greedy
1247,1246,11,6,5,"ADD:0,2;ADD:4,3;ADD:6,2;ADD:7,2;ADD:8,7;ADD:9,7;REMOVE:0,3;REMOVE:6,8;REMOVE:7,7;REMOVE:8,9;REMOVE:9,2",0:3|7;1:2|7;2:2|7;3:7;4:7;5:2;6:8;7:7;8:9;9:2,0:2|7;1:2|7;2:2|7;3:7;4:3|7;5:2;6:2;7:2;8:7;9:7,0@0=1;0@1=3;0@2=1;0@3=1;0@4=4;0@5=1;0@6=2;0@8=1;0@9=2;1@0=1;1@1=2;1@2=3;1@3=4;1@4=3;1@5=2;1@8=3;1@9=1;1@7=2;2@0=3;2@1=2;2@2=7;2@3=1;2@4=3;2@5=1;2@6=2;2@8=2;2@9=3;3@0=4;3@2=4;3@3=4;3@4=1;3@6=2;3@8=1;3@7=2;4@0=1;4@1=2;4@2=5;4@3=1;4@5=5;4@6=2;4@9=1;4@7=1;5@2=1;5@3=2;5@4=5;5@8=2;5@9=1;6@2=3;6@4=1;6@8=1;6@9=1;7@0=1;7@2=1;7@3=1;7@4=1;7@5=1;7@8=1;8@0=1;8@1=1;8@2=1;8@4=1;8@6=1;8@9=1;8@7=1;9@0=2;9@1=1;9@2=6;9@3=1;9@4=3;9@6=1;9@7=1,"0,1,2,3,4,5,6,8,9,7",142,71,71,0,1.0,-0.19803859640675475,0.38461538461538464,0.017346018977860575,0.0,0.0,0.6,0.795525074005127,Feasible|selected=greedy
1248,1247,14,6,8,"ADD:2,8;ADD:4,2;ADD:4,8;ADD:5,7;ADD:6,7;ADD:7,6;REMOVE:0,2;REMOVE:1,2;REMOVE:2,2;REMOVE:4,3;REMOVE:4,7;REMOVE:5,2;REMOVE:6,2;REMOVE:7,2",0:2|7;1:2|7;2:2|7;3:7;4:3|7;5:2;6:2;7:2;8:7;9:7,0:7;1:7;2:7|8;3:7;4:2|8;5:7;6:7;7:6;8:7;9:7,0@0=1;0@2=1;0@3=2;0@4=4;0@6=1;0@7=4;0@8=1;1@2=1;1@4=3;1@6=2;1@7=2;1@1=3;2@0=1;2@2=4;2@3=1;2@4=7;2@6=2;2@7=1;2@8=1;2@1=1;2@5=3;3@2=6;3@3=2;3@4=2;3@6=2;3@7=2;3@8=2;3@1=2;3@9=1;4@0=1;4@2=3;4@4=5;4@8=3;4@1=4;4@5=1;4@9=1;5@0=1;5@2=4;5@3=2;5@4=1;5@6=1;5@7=2;5@1=1;5@9=1;6@2=2;6@3=2;6@4=3;6@8=2;6@1=3;6@9=2;7@4=1;7@6=1;7@9=1;8@3=1;8@4=1;8@7=1;8@8=1;8@1=1;9@0=1;9@2=2;9@4=2;9@6=2;9@7=1;9@8=1;9@1=1;9@9=2,"0,2,3,4,6,7,8,1,5,9",130,66,66,0,1.0,-0.012112476499933411,0.5714285714285714,0.0164589520714952,0.0,0.0,0.6,0.715378999710083,Feasible|selected=greedy
1249,1248,10,6,4,"ADD:2,2;ADD:4,7;ADD:7,7;ADD:8,2;ADD:8,8;ADD:9,2;REMOVE:2,8;REMOVE:4,8;REMOVE:7,6;REMOVE:8,7",0:7;1:7;2:7|8;3:7;4:2|8;5:7;6:7;7:6;8:7;9:7,0:7;1:7;2:2|7;3:7;4:2|7;5:7;6:7;7:7;8:2|8;9:2|7,0@0=2;0@1=1;0@2=1;0@6=2;1@0=1;1@1=1;1@2=2;1@6=1;1@4=1;1@7=3;1@8=3;1@9=1;2@0=1;2@1=1;2@2=7;2@6=2;2@4=4;2@7=1;2@9=1;2@3=3;2@5=1;3@0=2;3@1=2;3@4=1;3@7=2;3@9=2;4@0=2;4@1=1;4@2=3;4@4=5;4@7=4;4@8=1;4@9=1;4@3=1;4@5=1;5@0=1;5@1=3;5@2=7;5@4=3;5@7=4;5@8=1;5@9=2;5@3=2;6@0=1;6@1=2;6@2=2;6@4=3;6@9=1;6@3=1;7@1=1;7@4=2;7@3=2;8@1=1;8@2=4;8@4=3;8@8=1;8@9=2;8@5=2;9@0=1;9@1=1;9@2=2;9@4=1;9@7=2;9@8=3;9@3=1;9@5=2,"0,1,2,6,4,7,8,9,3,5",132,66,66,0,1.0,-0.24036975208198108,0.3333333333333333,0.02629691458468561,0.0,0.0,0.6,0.7179930210113525,Feasible|selected=greedy
1250,1249,8,5,3,"ADD:0,8;ADD:1,8;ADD:3,8;ADD:5,2;ADD:9,8;REMOVE:2,2;REMOVE:8,8;REMOVE:9,2",0:7;1:7;2:2|7;3:7;4:2|7;5:7;6:7;7:7;8:2|8;9:2|7,0:7|8;1:7|8;2:7;3:7|8;4:2|7;5:2|7;6:7;7:7;8:2;9:7|8,0@0=3;0@1=3;0@2=4;0@4=3;0@5=3;0@6=3;0@8=3;0@9=1;1@1=4;1@2=4;1@4=3;1@5=2;1@8=2;1@9=4;1@7=1;2@0=3;2@1=3;2@2=7;2@4=5;2@6=5;2@8=2;2@9=1;2@7=5;3@0=4;3@1=3;3@2=3;3@4=5;3@5=1;3@8=2;3@7=3;4@0=1;4@1=2;4@2=5;4@4=7;4@5=1;4@6=3;4@8=5;4@9=4;4@7=2;4@3=2;5@1=7;5@2=2;5@4=1;5@5=2;5@9=4;5@7=1;6@1=2;6@2=2;6@4=3;6@8=3;6@3=1;7@1=4;7@2=1;7@4=4;7@3=1;8@2=1;8@4=3;8@5=1;8@3=1;9@1=3;9@2=3;9@4=2;9@5=4;9@6=2;9@7=3;9@3=4,"0,1,2,4,5,6,8,9,7,3",192,66,66,0,1.0,-0.2716733149262167,0.21428571428571427,0.014040970788069028,0.0,0.0,0.5,0.7228560447692871,Feasible|selected=greedy
1251,1250,8,5,3,"ADD:2,2;ADD:7,2;ADD:8,7;ADD:8,8;ADD:9,2;REMOVE:0,8;REMOVE:8,2;REMOVE:9,8",0:7|8;1:7|8;2:7;3:7|8;4:2|7;5:2|7;6:7;7:7;8:2;9:7|8,0:7;1:7|8;2:2|7;3:7|8;4:2|7;5:2|7;6:7;7:2|7;8:7|8;9:2|7,0@0=4;0@1=4;0@2=1;0@4=1;0@6=2;0@7=1;0@9=4;1@1=2;1@2=5;1@4=4;1@6=1;1@3=3;1@8=2;2@0=2;2@1=8;2@2=5;2@4=5;2@7=1;2@3=4;2@8=6;2@5=3;3@1=1;3@2=1;3@4=5;3@6=2;3@7=2;3@9=1;3@3=1;3@8=4;3@5=3;4@0=4;4@1=3;4@2=5;4@4=4;4@6=1;4@7=4;4@9=2;4@3=3;4@8=1;4@5=4;5@0=1;5@1=2;5@2=6;5@4=2;5@7=3;5@9=1;5@3=2;5@8=2;5@5=3;6@0=1;6@1=1;6@2=2;6@4=1;6@7=1;6@9=2;6@3=1;6@8=1;7@0=1;7@1=2;7@2=2;7@4=2;7@3=1;7@5=1;8@0=2;8@1=1;8@2=4;8@4=3;8@6=1;8@3=2;8@8=1;8@5=1;9@0=1;9@1=2;9@2=2;9@4=1;9@7=1;9@9=2;9@5=2,"0,1,2,4,6,7,9,3,8,5",186,78,78,0,1.0,-0.2913058691176884,0.1875,0.02119413088231156,0.0,0.0,0.5,0.7983169555664062,Feasible|selected=greedy
1252,1251,12,5,7,"ADD:0,2;ADD:4,8;ADD:5,8;ADD:6,2;ADD:8,5;REMOVE:1,8;REMOVE:3,7;REMOVE:4,2;REMOVE:5,2;REMOVE:7,2;REMOVE:8,8;REMOVE:9,2",0:7;1:7|8;2:2|7;3:7|8;4:2|7;5:2|7;6:7;7:2|7;8:7|8;9:2|7,0:2|7;1:7;2:2|7;3:8;4:7|8;5:7|8;6:2|7;7:7;8:5|7;9:7,0@2=5;0@3=2;0@4=3;0@5=1;0@6=3;0@7=3;0@8=2;0@9=3;1@2=2;1@3=1;1@8=1;1@1=2;2@2=6;2@3=2;2@4=6;2@5=4;2@6=1;2@7=1;2@8=4;2@9=1;2@1=2;2@0=4;3@2=2;3@4=5;3@5=3;3@6=4;3@7=1;3@8=3;3@1=3;4@2=4;4@3=1;4@4=2;4@5=2;4@6=2;4@7=1;4@1=5;5@2=6;5@3=3;5@4=1;5@5=1;5@6=1;5@1=4;6@2=3;6@3=1;6@4=5;6@5=2;6@7=1;6@8=4;6@9=1;6@1=5;6@0=2;7@2=1;7@3=2;7@4=2;7@6=1;7@7=1;7@9=1;7@1=1;8@2=1;8@3=2;8@5=2;8@6=1;8@0=3;9@2=5;9@4=2;9@6=3;9@7=2;9@1=2;9@0=5,"2,3,4,5,6,7,8,9,1,0",174,69,69,0,1.0,-0.09511179263133884,0.3888888888888889,0.015999318479772245,0.0,0.0,0.5,0.7173008918762207,Feasible|selected=greedy
1253,1252,13,6,7,"ADD:0,8;ADD:1,4;ADD:2,8;ADD:3,7;ADD:7,3;ADD:9,8;REMOVE:0,2;REMOVE:1,7;REMOVE:2,2;REMOVE:4,7;REMOVE:5,8;REMOVE:7,7;REMOVE:8,5",0:2|7;1:7;2:2|7;3:8;4:7|8;5:7|8;6:2|7;7:7;8:5|7;9:7,0:7|8;1:4;2:7|8;3:7|8;4:8;5:7;6:2|7;7:3;8:7;9:7|8,0@1=8;0@2=3;0@4=1;0@5=2;0@6=2;0@7=1;0@9=1;1@2=2;1@4=1;2@1=1;2@2=3;2@4=4;2@5=2;2@6=2;2@7=1;2@0=2;2@3=3;2@8=2;3@1=2;3@2=2;3@4=3;3@5=2;3@6=2;3@3=2;4@1=4;4@2=5;4@4=4;4@5=4;4@6=2;4@7=1;5@2=4;5@4=3;5@6=1;5@7=2;5@9=2;6@1=1;6@2=2;6@5=1;6@6=2;6@7=2;6@9=1;6@0=3;6@3=2;6@8=2;7@1=1;7@2=1;7@5=1;7@9=1;7@3=1;8@1=1;8@2=1;8@7=1;8@9=1;8@0=2;9@1=1;9@2=2;9@4=2;9@5=1;9@6=1;9@7=1;9@9=2,"1,2,4,5,6,7,9,0,3,8",123,61,61,0,1.0,-0.1507769807451308,0.4375,0.011723019254869183,0.0,0.0,0.6,0.6867818832397461,Feasible|selected=greedy
1254,1253,18,9,9,"ADD:1,7;ADD:2,3;ADD:4,2;ADD:4,7;ADD:5,2;ADD:6,8;ADD:7,8;ADD:8,1;ADD:9,2;REMOVE:1,4;REMOVE:2,8;REMOVE:3,8;REMOVE:4,8;REMOVE:5,7;REMOVE:6,2;REMOVE:7,3;REMOVE:8,7;REMOVE:9,8",0:7|8;1:4;2:7|8;3:7|8;4:8;5:7;6:2|7;7:3;8:7;9:7|8,0:7|8;1:7;2:3|7;3:7;4:2|7;5:2;6:7|8;7:8;8:1;9:2|7,0@1=3;0@2=2;0@3=1;0@4=4;0@5=1;0@7=1;0@8=3;1@1=3;1@2=3;1@4=4;1@8=2;1@0=1;1@9=1;2@1=3;2@2=6;2@3=1;2@4=2;2@5=1;2@7=1;2@9=3;3@1=2;3@2=2;3@3=2;3@4=1;3@0=3;3@9=1;3@6=2;4@2=3;4@4=3;4@5=2;4@0=4;4@9=1;4@6=1;5@2=6;5@3=2;5@4=1;5@5=1;5@7=2;5@8=2;5@0=3;6@1=1;6@2=1;6@3=1;6@4=4;6@5=5;6@7=2;6@6=3;7@1=1;7@2=2;7@4=3;7@5=2;8@1=1;8@3=1;8@8=1;9@1=2;9@2=3;9@3=1;9@4=3;9@5=1;9@7=1;9@0=1;9@9=1;9@6=1,"1,2,3,4,5,7,8,0,9,6",132,63,63,0,1.0,-0.2834224844413008,0.6,0.016577515558699126,0.0,0.0,0.8999999999999999,0.7434508800506592,Feasible|selected=greedy
1255,1254,12,4,8,"ADD:1,8;ADD:5,7;ADD:7,2;ADD:8,7;REMOVE:0,8;REMOVE:2,3;REMOVE:4,7;REMOVE:5,2;REMOVE:6,8;REMOVE:7,8;REMOVE:8,1;REMOVE:9,2",0:7|8;1:7;2:3|7;3:7;4:2|7;5:2;6:7|8;7:8;8:1;9:2|7,0:7;1:7|8;2:7;3:7;4:2;5:7;6:7;7:2;8:7;9:7,0@0=1;0@1=1;0@2=1;0@4=1;0@6=2;0@7=1;0@9=3;1@0=1;1@4=1;1@6=1;1@5=1;1@8=1;2@1=2;2@2=5;2@4=4;2@6=1;2@7=4;2@9=2;2@3=1;3@0=2;3@1=2;3@2=1;3@4=2;3@6=1;3@9=2;3@8=1;3@3=1;4@0=2;4@4=3;4@7=1;4@9=3;4@5=1;4@8=3;4@3=1;5@1=1;5@2=3;5@4=4;5@6=1;5@7=1;5@9=1;5@3=1;6@0=1;6@1=2;6@2=3;6@4=1;6@6=1;6@9=1;6@8=2;6@3=2;7@0=2;7@2=1;7@8=1;8@0=1;8@6=2;8@3=1;9@0=1;9@2=3;9@6=2;9@7=2;9@9=1;9@8=1,"0,1,2,4,6,7,9,5,8,3",103,61,61,0,1.0,0.14406014715293214,0.5333333333333333,0.010726813819598831,0.0,0.0,0.4,0.7247581481933594,Feasible|selected=greedy
1256,1255,12,7,5,"ADD:0,2;ADD:2,8;ADD:3,2;ADD:5,2;ADD:5,8;ADD:7,7;ADD:8,8;REMOVE:1,7;REMOVE:3,7;REMOVE:5,7;REMOVE:7,2;REMOVE:8,7",0:7;1:7|8;2:7;3:7;4:2;5:7;6:7;7:2;8:7;9:7,0:2|7;1:8;2:7|8;3:2;4:2;5:2|8;6:7;7:7;8:8;9:7,0@0=2;0@1=3;0@2=3;0@3=3;0@4=3;0@5=1;0@7=2;0@8=1;1@2=3;1@4=1;1@8=1;2@0=1;2@1=3;2@2=5;2@4=3;2@5=2;2@7=4;2@8=2;2@6=3;3@0=2;3@2=2;3@3=1;3@4=3;3@8=4;3@9=2;4@0=1;4@2=4;4@3=2;4@4=3;4@5=1;4@7=1;4@8=2;4@9=1;5@0=1;5@1=1;5@2=3;5@4=4;5@5=1;5@8=2;6@1=2;6@2=2;6@3=2;6@4=2;6@8=1;6@6=2;7@1=2;7@2=1;7@4=2;7@7=1;7@8=1;7@9=1;8@1=2;8@2=1;8@4=2;8@5=2;8@7=1;8@8=1;9@0=4;9@1=1;9@2=2;9@3=1;9@4=5;9@7=4;9@8=2,"0,1,2,3,4,5,7,8,6,9",134,64,64,0,1.0,-0.2234524876573894,0.45454545454545453,0.022002057797156017,0.0,0.0,0.7,0.7319862842559814,Feasible|selected=greedy
1257,1256,17,11,6,"ADD:1,7;ADD:2,2;ADD:3,7;ADD:3,8;ADD:4,7;ADD:5,7;ADD:6,8;ADD:6,9;ADD:7,8;ADD:8,7;ADD:9,8;REMOVE:2,8;REMOVE:3,2;REMOVE:5,8;REMOVE:6,7;REMOVE:7,7;REMOVE:8,8",0:2|7;1:8;2:7|8;3:2;4:2;5:2|8;6:7;7:7;8:8;9:7,0:2|7;1:7|8;2:2|7;3:7|8;4:2|7;5:2|7;6:8|9;7:8;8:7;9:7|8,0@0=2;0@1=2;0@2=3;0@3=2;0@4=5;0@5=1;0@6=1;0@7=3;0@8=2;0@9=1;1@1=1;1@5=1;1@6=1;1@7=1;1@8=2;1@9=1;2@0=2;2@1=6;2@2=4;2@3=4;2@4=5;2@5=1;2@6=1;2@7=3;2@8=2;2@9=2;3@1=2;3@2=9;3@4=3;3@5=1;3@6=1;3@7=1;3@8=1;3@9=1;4@0=1;4@1=4;4@2=8;4@3=2;4@4=2;4@5=4;4@6=3;4@8=1;4@9=2;5@0=3;5@1=2;5@2=3;5@3=3;5@4=1;5@5=4;5@6=2;5@7=1;5@9=2;6@1=4;6@2=4;6@4=3;6@5=2;6@6=2;6@9=2;7@1=5;7@2=2;7@5=1;7@7=1;8@2=1;8@3=1;8@4=2;8@6=2;8@7=2;9@1=2;9@2=5;9@3=2;9@4=6;9@5=1;9@6=2;9@7=1;9@8=4,"0,1,2,3,4,5,6,7,8,9",183,75,75,0,1.0,-0.6171244814959279,0.46153846153846156,0.021337056965610397,0.0,0.0,1.0999999999999999,0.8561561107635498,Feasible|selected=greedy
1258,1257,11,5,6,"ADD:2,8;ADD:6,3;ADD:6,7;ADD:7,7;ADD:9,2;REMOVE:1,7;REMOVE:2,2;REMOVE:3,8;REMOVE:5,2;REMOVE:6,9;REMOVE:9,8",0:2|7;1:7|8;2:2|7;3:7|8;4:2|7;5:2|7;6:8|9;7:8;8:7;9:7|8,0:2|7;1:8;2:7|8;3:7;4:2|7;5:7;6:3|7|8;7:7|8;8:7;9:2|7,0@0=2;0@1=3;0@2=3;0@3=1;0@4=2;0@5=3;0@6=1;1@1=3;1@2=2;1@4=2;1@6=1;1@7=1;1@8=2;2@0=3;2@1=9;2@2=1;2@3=2;2@4=5;2@5=3;2@6=1;2@7=4;2@8=2;3@0=3;3@1=3;3@2=1;3@3=3;3@4=2;3@6=2;3@7=3;3@8=2;3@9=2;4@0=1;4@1=3;4@2=3;4@3=1;4@4=3;4@5=1;4@6=2;4@7=2;4@8=5;4@9=2;5@1=1;5@2=2;5@4=8;5@6=1;5@7=4;5@8=4;5@9=4;6@1=5;6@2=5;6@3=1;6@4=5;6@5=1;6@6=2;6@7=2;6@9=2;7@1=2;7@2=2;7@4=1;7@5=2;7@6=1;7@8=3;7@9=1;8@0=1;8@1=1;8@2=1;8@3=1;8@4=3;8@7=1;8@8=1;9@0=1;9@1=1;9@2=6;9@3=1;9@4=5;9@5=1;9@8=1;9@9=1,"0,1,2,3,4,5,6,7,8,9",185,78,78,0,1.0,-0.14548254423863394,0.3333333333333333,0.021184122428032772,0.0,0.0,0.5,0.7622280120849609,Feasible|selected=greedy
1259,1258,13,6,7,"ADD:1,2;ADD:2,2;ADD:4,8;ADD:5,8;ADD:6,2;ADD:8,8;REMOVE:0,2;REMOVE:2,8;REMOVE:4,2;REMOVE:6,3;REMOVE:6,8;REMOVE:7,8;REMOVE:8,7",0:2|7;1:8;2:7|8;3:7;4:2|7;5:7;6:3|7|8;7:7|8;8:7;9:2|7,0:7;1:2|8;2:2|7;3:7;4:7|8;5:7|8;6:2|7;7:7;8:8;9:2|7,0@0=2;0@1=2;0@2=4;0@3=3;0@4=1;0@6=1;0@8=4;1@0=1;1@1=2;1@2=5;1@4=3;1@5=1;2@0=2;2@1=1;2@2=6;2@4=3;2@8=3;2@5=1;2@7=2;2@9=3;3@0=2;3@1=2;3@2=2;3@3=3;3@4=4;3@6=2;3@8=1;3@9=1;4@1=2;4@2=2;4@4=5;4@8=1;4@5=1;4@7=2;4@9=3;5@0=1;5@1=1;5@2=2;5@4=3;5@6=2;5@8=2;5@5=1;5@7=1;5@9=1;6@0=1;6@1=4;6@2=5;6@3=1;6@4=2;6@6=1;6@8=1;6@5=2;6@7=1;6@9=1;7@1=1;7@2=1;7@3=1;7@4=3;7@6=1;7@7=1;7@9=1;8@1=2;8@2=1;8@4=3;8@8=1;8@7=1;9@0=1;9@1=4;9@2=4;9@4=4;9@6=3;9@5=1;9@9=2,"0,1,2,3,4,6,8,5,7,9",152,73,73,0,1.0,-0.16832569100382394,0.4117647058823529,0.019909603113823136,0.0,0.0,0.6,0.7429320812225342,Feasible|selected=greedy
1260,1259,17,9,8,"ADD:0,8;ADD:1,7;ADD:2,8;ADD:3,8;ADD:5,2;ADD:7,4;ADD:8,2;ADD:8,7;ADD:9,8;REMOVE:1,2;REMOVE:1,8;REMOVE:2,2;REMOVE:5,8;REMOVE:6,2;REMOVE:7,7;REMOVE:8,8;REMOVE:9,2",0:7;1:2|8;2:2|7;3:7;4:7|8;5:7|8;6:2|7;7:7;8:8;9:2|7,0:7|8;1:7;2:7|8;3:7|8;4:7|8;5:2|7;6:7;7:4;8:2|7;9:7|8,0@0=1;0@1=2;0@2=6;0@4=2;0@5=1;0@6=2;1@0=2;1@2=1;1@6=2;1@8=1;2@0=1;2@1=3;2@2=3;2@4=5;2@5=1;2@6=1;2@8=1;2@3=1;2@7=2;3@0=1;3@1=2;3@4=7;3@5=2;3@6=1;3@7=1;3@9=1;4@1=2;4@2=8;4@4=4;4@5=2;4@6=2;4@8=1;4@3=1;4@7=2;4@9=1;5@1=2;5@2=1;5@4=3;5@5=1;5@8=1;5@3=2;6@0=1;6@1=3;6@2=1;6@4=5;6@6=1;6@8=2;6@3=1;7@2=1;7@4=2;8@1=1;8@2=4;8@4=2;8@5=2;8@8=1;8@3=1;8@7=1;8@9=1;9@0=4;9@1=1;9@2=2;9@5=2;9@6=3;9@8=1;9@3=1,"0,1,2,4,5,6,8,3,7,9",130,65,65,0,1.0,-0.3882232386256702,0.5,0.011776761374329715,0.0,0.0,0.8999999999999999,0.7084481716156006,Feasible|selected=greedy
1261,1260,15,6,9,"ADD:0,2;ADD:1,2;ADD:1,3;ADD:6,8;ADD:7,7;ADD:9,2;REMOVE:0,7;REMOVE:1,7;REMOVE:2,8;REMOVE:4,8;REMOVE:6,7;REMOVE:7,4;REMOVE:8,2;REMOVE:9,7;REMOVE:9,8",0:7|8;1:7;2:7|8;3:7|8;4:7|8;5:2|7;6:7;7:4;8:2|7;9:7|8,0:2|8;1:2|3;2:7;3:7|8;4:7;5:2|7;6:8;7:7;8:7;9:2,0@0=1;0@1=1;0@2=4;0@4=3;0@5=1;0@8=1;0@9=1;1@1=1;1@2=1;1@4=1;1@5=1;1@9=2;1@3=1;2@0=3;2@1=1;2@2=4;2@4=3;2@8=1;2@3=2;2@6=1;2@7=2;3@0=2;3@1=3;3@2=2;3@4=3;3@5=4;3@8=3;3@9=1;3@6=1;4@0=1;4@1=3;4@2=2;4@4=2;4@6=1;4@7=1;5@0=2;5@1=2;5@2=3;5@4=1;5@5=1;5@9=1;5@3=2;5@6=1;5@7=3;6@1=2;6@2=3;6@4=3;6@6=1;7@0=1;7@1=1;7@2=1;7@9=1;8@1=1;8@2=3;8@4=2;8@9=2;8@7=2;9@2=4;9@4=3;9@5=2;9@8=2;9@9=1;9@7=4,"0,1,2,4,5,8,9,3,6,7",120,63,63,0,1.0,-0.05076672855559439,0.5294117647058824,0.019821506738523283,0.0,0.0,0.6,0.720811128616333,Feasible|selected=greedy
1262,1261,13,6,7,"ADD:0,7;ADD:1,8;ADD:6,7;ADD:7,8;ADD:9,7;ADD:9,8;REMOVE:0,2;REMOVE:1,2;REMOVE:1,3;REMOVE:3,7;REMOVE:5,2;REMOVE:6,8;REMOVE:9,2",0:2|8;1:2|3;2:7;3:7|8;4:7;5:2|7;6:8;7:7;8:7;9:2,0:7|8;1:8;2:7;3:8;4:7;5:7;6:7;7:7|8;8:7;9:7|8,0@0=1;0@1=1;0@2=2;0@4=1;0@5=1;0@6=1;0@8=2;0@9=1;1@1=2;1@4=1;1@5=2;2@0=2;2@1=1;2@2=2;2@4=2;2@6=1;2@3=1;2@7=1;3@1=3;3@2=1;3@4=1;3@8=1;3@7=1;4@1=3;4@2=6;4@4=3;4@6=1;4@8=2;4@3=2;4@7=2;5@0=1;5@1=4;5@2=3;5@4=4;5@8=1;5@9=1;5@3=2;5@7=1;6@0=2;6@1=3;6@2=2;6@4=2;6@6=1;6@8=1;6@9=1;7@0=1;7@1=1;7@5=1;7@6=1;8@0=1;8@4=2;8@9=1;9@0=2;9@1=3;9@2=3;9@4=1;9@5=1;9@6=2;9@8=1;9@9=3,"0,1,2,4,5,6,8,9,3,7",104,60,60,0,1.0,-0.09184291464311234,0.5,0.008157085356887674,0.0,0.0,0.6,0.694101095199585,Feasible|selected=greedy
1263,1262,11,7,4,"ADD:0,5;ADD:2,2;ADD:3,2;ADD:4,2;ADD:5,2;ADD:6,2;ADD:8,3;REMOVE:0,8;REMOVE:7,8;REMOVE:8,7;REMOVE:9,8",0:7|8;1:8;2:7;3:8;4:7;5:7;6:7;7:7|8;8:7;9:7|8,0:5|7;1:8;2:2|7;3:2|8;4:2|7;5:2|7;6:2|7;7:7;8:3;9:7,0@0=1;0@1=1;0@2=4;0@3=1;0@5=1;0@6=2;1@1=2;1@5=2;1@4=1;1@8=1;2@0=1;2@1=2;2@2=2;2@3=1;2@5=1;2@6=1;2@4=1;2@8=2;2@7=4;2@9=1;3@0=1;3@1=2;3@2=1;3@3=1;3@5=2;3@6=2;3@4=2;3@8=2;3@7=1;3@9=3;4@0=1;4@1=2;4@2=2;4@3=1;4@5=1;4@6=2;4@4=2;4@8=2;4@9=2;5@0=3;5@1=2;5@2=2;5@3=2;5@5=1;5@6=3;5@4=4;5@8=3;5@9=2;6@0=3;6@1=6;6@2=4;6@3=1;6@5=1;6@6=1;6@4=2;6@8=2;6@7=2;6@9=1;7@1=1;7@2=1;7@3=1;7@4=1;7@9=1;8@1=1;8@3=2;9@0=1;9@1=2;9@2=3;9@3=2;9@6=1;9@4=2;9@9=1,"0,1,2,3,5,6,4,8,7,9",129,72,72,0,1.0,-0.37487133817614804,0.3076923076923077,0.01743635413154423,0.0,0.0,0.7,0.7914302349090576,Feasible|selected=greedy
1264,1263,14,8,6,"ADD:0,8;ADD:1,7;ADD:3,7;ADD:4,8;ADD:7,2;ADD:7,8;ADD:8,7;ADD:9,2;REMOVE:0,5;REMOVE:3,8;REMOVE:4,2;REMOVE:6,2;REMOVE:7,7;REMOVE:8,3",0:5|7;1:8;2:2|7;3:2|8;4:2|7;5:2|7;6:2|7;7:7;8:3;9:7,0:7|8;1:7|8;2:2|7;3:2|7;4:7|8;5:2|7;6:7;7:2|8;8:7;9:2|7,0@0=6;0@1=3;0@2=6;0@4=6;0@5=3;0@6=1;0@8=1;1@0=3;1@1=1;1@2=3;1@4=5;1@5=1;1@6=1;1@8=4;1@3=1;2@0=2;2@1=3;2@2=4;2@4=6;2@5=4;2@6=4;2@7=1;2@9=1;3@0=1;3@1=2;3@2=2;3@4=9;3@5=2;3@6=3;3@8=3;3@3=2;3@9=2;4@1=2;4@2=5;4@4=5;4@5=3;4@6=2;4@8=6;4@3=2;4@7=2;4@9=1;5@0=1;5@1=4;5@2=3;5@4=3;5@5=4;5@6=3;5@8=1;5@3=1;5@7=1;5@9=2;6@1=2;6@2=6;6@4=3;6@6=3;6@8=1;6@3=4;6@7=1;6@9=2;7@0=3;7@1=2;7@2=1;7@4=3;7@5=1;7@8=2;8@1=2;8@2=3;8@4=3;8@8=1;8@3=1;9@0=1;9@1=3;9@2=3;9@4=4;9@5=3;9@6=1;9@8=1;9@3=2;9@9=1,"0,1,2,4,5,6,8,3,7,9",210,79,79,0,1.0,-0.4113309635305886,0.375,0.013669036469411285,0.0,0.0,0.7999999999999999,0.8162379264831543,Feasible|selected=greedy
1265,1264,7,3,4,"ADD:0,2;ADD:4,2;ADD:6,2;REMOVE:0,8;REMOVE:1,7;REMOVE:4,7;REMOVE:7,8",0:7|8;1:7|8;2:2|7;3:2|7;4:7|8;5:2|7;6:7;7:2|8;8:7;9:2|7,0:2|7;1:8;2:2|7;3:2|7;4:2|8;5:2|7;6:2|7;7:2;8:7;9:2|7,0@1=3;0@2=3;0@3=1;0@4=7;0@5=2;0@7=1;0@8=1;0@9=2;1@1=2;1@2=1;1@4=4;1@5=2;1@7=1;1@6=2;2@1=1;2@2=2;2@3=1;2@4=7;2@5=2;2@7=1;2@8=1;2@9=1;2@6=2;2@0=1;3@1=2;3@2=1;3@4=2;3@5=2;3@7=2;3@9=3;3@6=1;3@0=3;4@1=5;4@2=3;4@3=2;4@4=5;4@5=5;4@7=2;4@8=2;4@9=1;4@6=1;4@0=4;5@1=2;5@2=4;5@3=1;5@4=5;5@5=2;5@7=2;5@8=2;5@9=4;5@6=1;5@0=2;6@1=2;6@2=4;6@4=6;6@5=2;6@7=3;6@8=1;6@9=2;6@0=3;7@2=2;7@3=1;7@4=1;7@5=1;7@7=2;7@8=1;7@0=2;8@1=1;8@2=1;8@4=4;8@7=1;9@1=5;9@2=3;9@3=2;9@4=5;9@5=1;9@8=1;9@9=1;9@6=1;9@0=3,"1,2,3,4,5,7,8,9,6,0",184,80,80,0,1.0,-0.05915369142701632,0.2222222222222222,0.018624086350761522,0.0,0.0,0.30000000000000004,0.7607791423797607,Feasible|selected=greedy
1266,1265,12,7,5,"ADD:0,3;ADD:1,7;ADD:4,7;ADD:6,8;ADD:7,3;ADD:8,8;ADD:9,8;REMOVE:0,2;REMOVE:4,8;REMOVE:5,2;REMOVE:6,2;REMOVE:9,2",0:2|7;1:8;2:2|7;3:2|7;4:2|8;5:2|7;6:2|7;7:2;8:7;9:2|7,0:3|7;1:7|8;2:2|7;3:2|7;4:2|7;5:7;6:7|8;7:2|3;8:7|8;9:7|8,0@1=2;0@2=4;0@3=1;0@4=8;0@5=4;0@6=4;0@7=2;0@9=1;1@1=2;1@2=1;1@3=1;1@4=4;1@5=1;1@6=1;1@9=1;1@8=2;2@1=4;2@2=5;2@3=1;2@4=5;2@5=3;2@6=1;2@7=1;2@9=6;2@8=1;2@0=1;3@1=5;3@2=3;3@3=1;3@4=4;3@5=3;3@7=3;3@9=2;3@8=1;3@0=2;4@1=8;4@2=4;4@3=1;4@4=5;4@5=1;4@7=4;4@9=2;4@8=1;4@0=3;5@1=1;5@2=1;5@3=4;5@4=1;5@6=1;5@9=3;5@8=1;5@0=1;6@1=2;6@2=5;6@3=3;6@4=3;6@5=2;6@6=1;6@9=2;6@8=1;7@1=2;7@2=1;7@3=2;7@4=1;7@5=1;8@1=4;8@4=1;8@5=1;8@6=2;8@0=2;9@1=1;9@2=1;9@4=2;9@5=1;9@7=4;9@8=2;9@0=1,"1,2,3,4,5,6,7,9,8,0",181,77,77,0,1.0,-0.38600374267183934,0.29411764705882354,0.01987861026933707,0.0,0.0,0.7,0.774090051651001,Feasible|selected=greedy
1267,1266,16,7,9,"ADD:1,2;ADD:4,8;ADD:5,2;ADD:5,8;ADD:6,2;ADD:7,7;ADD:8,2;REMOVE:1,8;REMOVE:2,2;REMOVE:3,2;REMOVE:4,2;REMOVE:5,7;REMOVE:6,8;REMOVE:7,2;REMOVE:7,3;REMOVE:8,8",0:3|7;1:7|8;2:2|7;3:2|7;4:2|7;5:7;6:7|8;7:2|3;8:7|8;9:7|8,0:3|7;1:2|7;2:7;3:7;4:7|8;5:2|8;6:2|7;7:7;8:2|7;9:7|8,0@0=2;0@1=1;0@2=2;0@3=1;0@4=2;0@5=1;0@6=2;0@7=1;0@8=1;0@9=1;1@0=1;1@1=2;1@2=2;1@3=1;1@4=2;1@5=2;1@7=1;1@8=1;1@9=1;2@0=1;2@2=4;2@3=2;2@4=5;2@6=2;2@8=3;2@9=2;3@0=2;3@1=2;3@2=2;3@3=1;3@4=3;3@6=2;3@8=2;3@9=4;4@2=2;4@3=1;4@4=9;4@5=1;4@6=2;4@7=2;4@8=1;5@0=1;5@1=6;5@2=3;5@4=6;5@5=1;5@8=1;5@9=2;6@0=2;6@1=1;6@2=7;6@3=1;6@4=1;6@5=1;7@1=2;7@2=2;7@4=2;7@6=1;7@7=1;7@9=1;8@0=1;8@1=2;8@2=3;8@3=1;8@4=1;8@5=1;8@7=1;8@8=1;9@0=2;9@1=1;9@2=4;9@4=3;9@5=1;9@6=1;9@7=1;9@8=2;9@9=2,"0,1,2,3,4,5,6,7,8,9",152,77,77,0,1.0,-0.20897561810962856,0.47368421052631576,0.017340171364055634,0.0,0.0,0.7,0.7673799991607666,Feasible|selected=greedy
1268,1267,12,5,7,"ADD:0,2;ADD:1,3;ADD:4,2;ADD:5,7;ADD:6,8;REMOVE:0,7;REMOVE:1,2;REMOVE:4,8;REMOVE:5,8;REMOVE:6,7;REMOVE:8,2;REMOVE:9,8",0:3|7;1:2|7;2:7;3:7;4:7|8;5:2|8;6:2|7;7:7;8:2|7;9:7|8,0:2|3;1:3|7;2:7;3:7;4:2|7;5:2|7;6:2|8;7:7;8:7;9:7,0@1=1;0@2=4;0@3=1;0@4=5;0@5=3;0@7=2;0@8=2;0@9=2;1@1=1;1@3=1;1@4=1;1@5=1;1@7=1;2@1=2;2@2=5;2@3=2;2@4=2;2@7=3;2@8=1;2@0=4;2@6=3;3@1=1;3@2=1;3@3=1;3@4=2;3@7=3;3@8=1;3@0=1;3@6=1;4@1=2;4@2=9;4@3=2;4@4=8;4@5=3;4@7=2;4@8=1;4@9=3;4@0=3;5@1=2;5@2=5;5@3=2;5@4=2;5@5=1;5@7=1;5@9=1;5@0=2;5@6=2;6@2=2;6@3=4;6@4=2;6@5=2;6@8=1;6@9=2;6@6=2;7@1=3;7@2=3;7@3=3;7@4=4;7@8=1;8@1=1;8@2=2;8@4=1;8@8=1;8@9=2;8@0=1;9@1=1;9@2=3;9@3=2;9@4=1;9@7=2,"1,2,3,4,5,7,8,9,0,6",155,70,70,0,1.0,-0.06589524161532018,0.4117647058823529,0.022340052502326912,0.0,0.0,0.5,0.7005100250244141,Feasible|selected=greedy
1269,1268,21,10,11,"ADD:0,8;ADD:2,2;ADD:3,8;ADD:4,8;ADD:5,5;ADD:5,8;ADD:6,7;ADD:7,8;ADD:8,2;ADD:9,8;REMOVE:0,2;REMOVE:0,3;REMOVE:1,3;REMOVE:4,2;REMOVE:4,7;REMOVE:5,2;REMOVE:5,7;REMOVE:6,2;REMOVE:6,8;REMOVE:7,7;REMOVE:8,7",0:2|3;1:3|7;2:7;3:7;4:2|7;5:2|7;6:2|8;7:7;8:7;9:7,0:8;1:7;2:2|7;3:7|8;4:8;5:5|8;6:7;7:8;8:2;9:7|8,0@1=1;0@4=3;0@6=2;0@7=1;0@8=1;1@1=1;1@0=1;1@3=1;2@1=1;2@4=4;2@7=1;2@8=2;2@0=1;2@2=1;2@5=2;2@9=3;3@1=3;3@4=2;3@6=1;3@3=2;3@5=1;4@1=3;4@4=2;4@6=4;4@7=2;4@8=1;4@2=2;4@5=1;5@4=1;5@8=2;5@0=1;5@5=1;6@1=2;6@4=1;6@8=1;6@0=2;6@3=1;6@2=1;6@9=1;7@1=2;7@4=1;7@2=1;8@4=1;8@8=1;8@0=1;8@2=1;9@1=3;9@4=1;9@6=2;9@8=1;9@0=2;9@3=1;9@5=1;9@9=1,"1,4,6,7,8,0,3,2,5,9",84,54,54,0,1.0,-0.256224843231489,0.7333333333333333,0.010441823435177645,0.0,0.0,0.9999999999999999,0.652674674987793,Feasible|selected=greedy
1270,1269,19,9,10,"ADD:0,2;ADD:1,2;ADD:4,2;ADD:4,7;ADD:5,3;ADD:5,9;ADD:6,2;ADD:7,7;ADD:9,2;REMOVE:0,8;REMOVE:1,7;REMOVE:2,2;REMOVE:3,8;REMOVE:4,8;REMOVE:5,5;REMOVE:5,8;REMOVE:6,7;REMOVE:7,8;REMOVE:9,8",0:8;1:7;2:2|7;3:7|8;4:8;5:5|8;6:7;7:8;8:2;9:7|8,0:2;1:2;2:7;3:7;4:2|7;5:3|9;6:2;7:7;8:2;9:2|7,0@0=1;0@2=2;0@4=2;0@8=1;0@9=1;1@4=1;1@3=1;1@5=1;2@0=1;2@2=4;2@4=1;2@8=1;2@9=1;2@3=2;2@1=1;3@8=3;3@9=1;3@1=1;3@7=1;4@0=2;4@2=2;4@4=1;4@8=2;4@9=1;4@3=3;4@5=2;4@1=1;4@7=2;4@6=1;5@2=1;5@9=1;5@3=1;5@5=1;5@1=2;5@6=2;6@0=2;6@2=1;6@4=1;6@8=1;6@3=1;6@5=1;6@7=1;7@0=2;7@4=1;7@9=1;8@2=1;8@8=1;8@9=1;8@3=4;9@2=3;9@4=1;9@3=1;9@5=2;9@7=2;9@6=1,"0,2,4,8,9,3,5,1,7,6",81,55,55,0,1.0,-0.16660835933438878,0.7142857142857143,0.019105926379896835,0.0,0.0,0.8999999999999999,0.7318060398101807,Feasible|selected=greedy
1271,1270,13,5,8,"ADD:0,7;ADD:1,8;ADD:5,7;ADD:6,8;ADD:8,8;REMOVE:0,2;REMOVE:1,2;REMOVE:4,2;REMOVE:5,3;REMOVE:5,9;REMOVE:6,2;REMOVE:8,2;REMOVE:9,2",0:2;1:2;2:7;3:7;4:2|7;5:3|9;6:2;7:7;8:2;9:2|7,0:7;1:8;2:7;3:7;4:7;5:7;6:8;7:7;8:8;9:7,0@0=1;0@1=1;0@2=1;0@3=2;0@4=1;1@2=1;1@4=1;1@6=1;1@8=1;2@1=3;2@2=1;2@3=4;2@4=2;2@6=1;2@8=1;3@1=2;3@2=1;3@4=3;3@6=1;3@9=1;4@0=3;4@1=1;4@2=5;4@3=2;4@4=3;4@8=1;4@9=1;5@0=1;5@1=1;5@2=3;5@3=2;5@4=2;5@8=2;5@9=3;5@7=1;6@1=1;6@2=2;6@4=1;6@6=1;6@8=2;6@7=1;6@5=1;7@1=1;7@2=2;7@4=2;7@6=1;7@9=1;7@7=1;8@1=1;8@4=1;9@0=2;9@1=1;9@2=1;9@4=2;9@6=2,"0,1,2,3,4,6,8,9,7,5",88,55,55,0,1.0,0.1209236737255387,0.6153846153846154,0.005539058340923287,0.0,0.0,0.5,0.6848959922790527,Feasible|selected=greedy
1272,1271,11,10,1,"ADD:0,3;ADD:1,7;ADD:2,2;ADD:3,2;ADD:4,2;ADD:5,2;ADD:6,7;ADD:7,2;ADD:8,2;ADD:9,2;REMOVE:1,8",0:7;1:8;2:7;3:7;4:7;5:7;6:8;7:7;8:8;9:7,0:3|7;1:7;2:2|7;3:2|7;4:2|7;5:2|7;6:7|8;7:2|7;8:2|8;9:2|7,0@0=1;0@1=1;0@2=7;0@3=1;0@5=1;0@6=1;0@7=5;0@9=1;1@2=2;1@3=1;1@6=2;1@9=2;1@4=3;2@0=1;2@1=5;2@2=1;2@3=2;2@5=2;2@6=2;2@7=5;2@9=1;2@4=3;2@8=5;3@0=2;3@1=1;3@2=3;3@5=2;3@6=1;3@7=2;3@9=1;3@4=3;4@0=2;4@1=3;4@2=1;4@3=4;4@5=2;4@6=2;4@7=4;4@9=4;4@4=13;4@8=2;5@0=3;5@1=4;5@2=3;5@3=1;5@5=1;5@7=2;5@9=2;5@4=4;5@8=4;6@1=1;6@2=1;6@3=2;6@5=1;6@6=1;6@7=1;6@4=1;6@8=1;7@0=1;7@1=1;7@2=2;7@5=1;7@7=2;7@4=1;8@1=1;8@2=2;8@5=2;8@9=1;8@4=2;8@8=1;9@0=2;9@1=2;9@2=4;9@3=1;9@5=1;9@6=1;9@7=4;9@9=1;9@4=4,"0,1,2,3,5,6,7,9,4,8",177,79,79,0,1.0,-0.8753886311041923,0.1,0.02461136889580762,0.0,0.0,0.9999999999999999,0.9279201030731201,Feasible|selected=greedy
1273,1272,11,5,6,"ADD:1,2;ADD:3,8;ADD:5,8;ADD:6,2;ADD:7,8;REMOVE:0,3;REMOVE:3,2;REMOVE:5,2;REMOVE:6,8;REMOVE:7,2;REMOVE:8,2",0:3|7;1:7;2:2|7;3:2|7;4:2|7;5:2|7;6:7|8;7:2|7;8:2|8;9:2|7,0:7;1:2|7;2:2|7;3:7|8;4:2|7;5:7|8;6:2|7;7:7|8;8:8;9:2|7,0@0=4;0@1=3;0@2=4;0@3=2;0@4=1;0@6=1;0@8=1;0@9=1;1@0=3;1@1=2;1@2=1;1@3=1;1@4=5;1@9=1;1@5=1;1@7=1;2@0=1;2@2=5;2@4=6;2@6=2;2@8=3;2@9=1;2@5=2;2@7=2;3@1=2;3@2=2;3@4=4;3@8=3;3@9=1;3@5=4;3@7=3;4@0=2;4@1=3;4@2=6;4@3=3;4@4=3;4@6=1;4@8=3;4@9=1;4@5=3;4@7=2;5@0=1;5@1=3;5@2=4;5@3=4;5@4=6;5@6=3;5@8=4;5@5=2;6@0=1;6@1=3;6@2=4;6@3=1;6@4=5;6@6=3;6@9=1;6@5=5;7@1=1;7@2=2;7@4=2;7@6=2;7@8=2;7@9=2;7@5=1;8@2=3;8@4=3;8@6=1;8@5=2;9@0=1;9@1=3;9@2=3;9@3=6;9@4=6;9@6=1;9@8=2;9@9=1;9@5=3;9@7=3,"0,1,2,3,4,6,8,9,5,7",200,78,78,0,1.0,-0.16285270244727473,0.3157894736842105,0.021357823868514734,0.0,0.0,0.5,0.7499608993530273,Feasible|selected=greedy
1274,1273,8,3,5,"ADD:0,2;ADD:6,8;ADD:8,7;REMOVE:1,2;REMOVE:5,7;REMOVE:6,2;REMOVE:7,8;REMOVE:8,8",0:7;1:2|7;2:2|7;3:7|8;4:2|7;5:7|8;6:2|7;7:7|8;8:8;9:2|7,0:2|7;1:7;2:2|7;3:7|8;4:2|7;5:8;6:7|8;7:7;8:7;9:2|7,0@0=1;0@1=3;0@2=4;0@3=2;0@4=3;0@5=2;0@6=2;0@8=4;0@9=3;1@1=2;1@2=3;1@3=5;1@4=4;1@6=1;1@8=2;1@9=3;1@7=2;2@0=1;2@1=4;2@2=5;2@3=3;2@4=5;2@5=3;2@6=1;2@8=2;2@9=1;2@7=1;3@1=2;3@2=1;3@4=2;3@5=2;3@6=1;3@8=4;3@9=1;3@7=2;4@0=1;4@1=4;4@2=1;4@3=4;4@4=6;4@5=2;4@6=3;4@8=2;4@9=1;4@7=1;5@2=3;5@4=5;5@5=3;5@6=2;5@8=3;5@7=1;6@0=1;6@1=4;6@2=3;6@4=1;6@5=3;6@8=2;6@7=3;7@0=2;7@2=1;7@3=1;7@4=2;7@6=1;7@7=1;8@1=2;8@2=1;8@3=1;8@4=1;8@8=1;8@9=2;9@0=1;9@1=2;9@2=1;9@3=1;9@4=4;9@5=4;9@6=2;9@8=1;9@9=1;9@7=2,"0,1,2,3,4,5,6,8,9,7",181,80,80,0,1.0,-0.004316413502591654,0.2777777777777778,0.0179058087196306,0.0,0.0,0.30000000000000004,0.7814841270446777,Feasible|selected=greedy
1275,1274,10,4,6,"ADD:1,8;ADD:5,7;ADD:7,2;ADD:7,3;REMOVE:0,2;REMOVE:1,7;REMOVE:2,2;REMOVE:4,2;REMOVE:6,7;REMOVE:7,7",0:2|7;1:7;2:2|7;3:7|8;4:2|7;5:8;6:7|8;7:7;8:7;9:2|7,0:7;1:8;2:7;3:7|8;4:7;5:7|8;6:8;7:2|3;8:7;9:2|7,0@0=1;0@1=2;0@2=3;0@4=6;0@6=4;0@7=2;0@8=1;0@9=3;1@1=1;1@2=2;1@4=1;1@7=2;1@5=2;2@0=3;2@1=2;2@2=8;2@4=1;2@6=1;2@7=1;2@3=2;3@0=1;3@1=6;3@2=5;3@4=2;3@6=3;3@7=1;3@5=2;4@1=2;4@2=4;4@4=5;4@7=2;4@8=3;4@3=1;5@0=1;5@1=6;5@2=7;5@4=3;5@6=1;5@7=2;5@8=3;5@5=3;5@3=2;6@1=3;6@2=5;6@4=5;6@6=3;6@7=2;6@8=1;6@5=3;7@1=2;7@2=3;7@4=4;7@9=2;7@5=1;7@3=2;8@2=1;8@4=1;8@7=3;8@3=1;9@0=3;9@1=2;9@2=2;9@4=1;9@6=1;9@7=2;9@8=1;9@9=1;9@5=2;9@3=1,"0,1,2,4,6,7,8,9,5,3",171,69,69,0,1.0,-0.010829657784101943,0.375,0.014170342215898083,0.0,0.0,0.4,0.7427499294281006,Feasible|selected=greedy
1276,1275,14,7,7,"ADD:1,7;ADD:3,3;ADD:4,2;ADD:6,2;ADD:6,7;ADD:7,7;ADD:8,2;REMOVE:1,8;REMOVE:3,8;REMOVE:5,8;REMOVE:6,8;REMOVE:7,3;REMOVE:8,7;REMOVE:9,2",0:7;1:8;2:7;3:7|8;4:7;5:7|8;6:8;7:2|3;8:7;9:2|7,0:7;1:7;2:7;3:3|7;4:2|7;5:7;6:2|7;7:2|7;8:2;9:7,0@1=3;0@3=1;0@4=2;0@6=1;0@8=1;1@3=1;1@4=2;1@6=1;1@2=2;1@7=1;2@1=2;2@3=1;2@4=7;2@6=1;2@8=1;2@2=1;2@0=1;2@9=1;3@1=1;3@3=1;3@6=2;3@2=3;3@7=1;3@0=1;3@9=2;3@5=2;4@1=1;4@3=1;4@4=1;4@6=1;4@8=1;4@2=3;4@0=1;4@9=1;4@5=2;5@1=2;5@4=2;5@6=2;5@8=2;5@7=1;5@0=2;6@1=1;6@4=1;6@6=1;6@2=3;6@0=1;6@9=1;6@5=2;7@1=2;7@4=1;7@2=4;7@0=1;7@9=1;7@5=1;8@4=1;8@2=3;8@0=1;8@9=1;9@1=1;9@3=1;9@4=3;9@2=3;9@9=1,"1,3,4,6,8,2,7,0,9,5",101,63,63,0,1.0,-0.1822995871155485,0.5,0.017700412884451483,0.0,0.0,0.7,0.6951649188995361,Feasible|selected=greedy
1277,1276,16,8,8,"ADD:0,2;ADD:0,9;ADD:1,8;ADD:2,2;ADD:3,2;ADD:4,8;ADD:5,4;ADD:8,8;REMOVE:0,7;REMOVE:1,7;REMOVE:3,3;REMOVE:4,2;REMOVE:5,7;REMOVE:6,2;REMOVE:7,7;REMOVE:8,2",0:7;1:7;2:7;3:3|7;4:2|7;5:7;6:2|7;7:2|7;8:2;9:7,0:2|9;1:8;2:2|7;3:2|7;4:7|8;5:4;6:7;7:2;8:8;9:7,0@1=2;0@2=6;0@4=5;0@5=1;0@9=1;1@1=2;1@2=1;1@4=2;1@6=1;2@1=3;2@2=3;2@4=4;2@5=2;2@9=1;2@0=2;2@3=2;2@7=1;2@8=2;3@1=1;3@2=1;3@4=1;3@5=1;3@9=3;3@0=2;3@3=1;3@7=2;3@8=1;4@1=6;4@4=3;4@5=4;4@0=2;4@8=2;5@2=2;5@4=2;6@1=1;6@2=4;6@0=1;6@3=1;6@7=1;7@2=1;7@4=1;7@5=1;8@1=1;8@2=1;8@4=2;9@2=3;9@4=2;9@6=1;9@0=2;9@7=1;9@8=1,"1,2,4,5,9,6,0,3,7,8",100,51,51,0,1.0,-0.20781388574998227,0.5714285714285714,0.0207575428214463,0.0,0.0,0.7999999999999999,0.6244120597839355,Feasible|selected=greedy
1278,1277,14,7,7,"ADD:0,7;ADD:1,7;ADD:2,8;ADD:5,2;ADD:5,7;ADD:6,8;ADD:7,7;REMOVE:0,2;REMOVE:0,9;REMOVE:1,8;REMOVE:2,2;REMOVE:3,2;REMOVE:5,4;REMOVE:7,2",0:2|9;1:8;2:2|7;3:2|7;4:7|8;5:4;6:7;7:2;8:8;9:7,0:7;1:7;2:7|8;3:7;4:7|8;5:2|7;6:7|8;7:7;8:8;9:7,0@0=1;0@1=4;0@2=2;0@3=2;0@4=2;0@6=3;0@7=2;0@8=1;0@9=1;1@1=1;1@2=1;1@3=1;1@4=1;1@6=1;2@0=4;2@1=3;2@2=3;2@4=2;2@6=2;2@7=3;2@8=1;2@9=5;2@5=2;3@0=4;3@1=5;3@2=1;3@3=1;3@4=2;3@7=2;3@8=3;3@9=3;4@0=1;4@1=2;4@3=2;4@4=6;4@6=3;4@7=1;4@8=2;4@5=5;5@0=1;5@1=1;5@2=2;5@3=2;5@4=3;5@6=1;5@7=2;5@8=1;5@9=2;5@5=1;6@0=1;6@1=5;6@2=8;6@3=1;6@4=4;6@6=1;6@7=1;6@8=1;6@5=1;7@0=1;7@1=1;7@2=1;7@3=1;7@4=3;7@6=2;8@1=2;8@2=1;8@4=1;8@6=1;9@0=2;9@1=2;9@2=6;9@3=1;9@4=6;9@6=1;9@7=3,"0,1,2,3,4,6,7,8,9,5",165,75,75,0,1.0,-0.18854288546295006,0.5,0.011457114537049885,0.0,0.0,0.7,0.8154811859130859,Feasible|selected=greedy
1279,1278,15,10,5,"ADD:0,8;ADD:1,2;ADD:1,3;ADD:4,2;ADD:5,8;ADD:7,5;ADD:7,8;ADD:8,2;ADD:8,7;ADD:9,2;REMOVE:0,7;REMOVE:4,8;REMOVE:5,2;REMOVE:7,7;REMOVE:8,8",0:7;1:7;2:7|8;3:7;4:7|8;5:2|7;6:7|8;7:7;8:8;9:7,0:8;1:2|3|7;2:7|8;3:7;4:2|7;5:7|8;6:7|8;7:5|8;8:2|7;9:2|7,0@1=3;0@2=2;0@4=2;0@5=1;0@6=4;0@8=2;1@1=1;1@2=6;1@5=2;1@0=3;1@3=2;1@9=2;2@1=4;2@2=2;2@4=3;2@5=1;2@6=1;2@8=2;2@0=3;2@3=1;2@7=1;3@1=2;3@2=3;3@4=5;3@6=1;3@8=2;3@0=3;3@7=1;4@1=5;4@2=5;4@4=8;4@5=2;4@6=4;4@8=3;4@0=3;4@3=2;4@9=2;4@7=1;5@1=2;5@2=5;5@4=2;5@5=1;5@6=1;5@8=2;5@3=3;5@9=3;5@7=1;6@1=1;6@2=5;6@4=3;6@5=2;6@6=2;6@8=2;6@0=2;6@9=2;6@7=3;7@1=1;7@5=1;7@8=1;7@0=1;8@1=1;8@2=3;8@4=3;8@5=1;8@6=1;8@0=1;8@3=1;9@1=5;9@2=7;9@4=3;9@5=3;9@6=2;9@8=1;9@0=1;9@3=1;9@9=5;9@7=2,"1,2,4,5,6,8,0,3,9,7",187,77,77,0,1.0,-0.6199650286070981,0.35714285714285715,0.022892114250044622,0.0,0.0,0.9999999999999999,0.8078477382659912,Feasible|selected=greedy
1280,1279,17,8,9,"ADD:0,7;ADD:3,2;ADD:3,8;ADD:4,8;ADD:5,2;ADD:6,2;ADD:7,7;ADD:8,3;REMOVE:0,8;REMOVE:1,3;REMOVE:1,7;REMOVE:3,7;REMOVE:4,2;REMOVE:5,8;REMOVE:6,8;REMOVE:7,5;REMOVE:8,7",0:8;1:2|3|7;2:7|8;3:7;4:2|7;5:7|8;6:7|8;7:5|8;8:2|7;9:2|7,0:7;1:2;2:7|8;3:2|8;4:7|8;5:2|7;6:2|7;7:7|8;8:2|3;9:2|7,0@0=2;0@2=6;0@3=2;0@4=1;0@7=1;0@8=2;0@9=2;1@2=1;1@4=1;1@9=1;1@5=1;2@0=1;2@2=6;2@3=2;2@4=5;2@7=1;2@8=2;2@5=2;2@1=2;2@6=1;3@2=4;3@4=6;3@8=2;3@9=4;3@5=1;3@1=1;4@2=4;4@3=1;4@4=4;4@8=1;4@9=1;4@5=2;4@1=3;4@6=1;5@0=1;5@2=3;5@3=4;5@4=5;5@5=2;5@1=3;5@6=1;6@2=4;6@3=1;6@4=1;6@7=3;6@5=1;6@6=2;7@2=1;7@3=2;7@4=2;7@7=1;7@8=1;7@5=2;7@1=2;8@2=1;8@3=1;8@4=1;8@5=1;8@1=3;9@2=2;9@4=4;9@7=1;9@9=1;9@5=1;9@1=2,"0,2,3,4,7,8,9,5,1,6",137,65,65,0,1.0,-0.30437642837356954,0.47368421052631576,0.02193936110011462,0.0,0.0,0.7999999999999999,0.7004070281982422,Feasible|selected=greedy
1281,1280,11,4,7,"ADD:0,8;ADD:1,7;ADD:3,7;ADD:9,8;REMOVE:0,7;REMOVE:1,2;REMOVE:3,2;REMOVE:4,8;REMOVE:5,2;REMOVE:7,8;REMOVE:9,2",0:7;1:2;2:7|8;3:2|8;4:7|8;5:2|7;6:2|7;7:7|8;8:2|3;9:2|7,0:8;1:7;2:7|8;3:7|8;4:7;5:7;6:2|7;7:7;8:2|3;9:7|8,0@1=1;0@2=4;0@4=2;0@6=2;0@8=1;1@1=2;1@2=2;1@4=1;1@3=1;1@9=1;2@1=3;2@2=2;2@4=4;2@6=1;2@8=2;2@3=3;2@9=2;2@0=1;2@5=1;2@7=1;3@1=1;3@2=2;3@4=5;3@6=1;3@8=2;3@3=1;3@9=2;3@5=2;3@7=1;4@1=6;4@2=3;4@4=5;4@6=3;4@3=1;4@9=2;4@7=2;5@1=1;5@2=4;5@4=4;5@6=3;5@8=1;5@0=2;5@7=2;6@1=1;6@2=4;6@4=2;6@8=1;6@9=2;6@0=1;6@5=1;6@7=2;7@1=2;7@6=1;7@8=1;7@0=1;8@1=2;8@2=2;8@4=1;8@3=1;8@0=2;8@5=1;9@1=2;9@2=3;9@4=2;9@6=1;9@8=5;9@3=3;9@5=3;9@7=1,"1,2,4,6,8,3,9,0,5,7",141,69,69,0,1.0,0.006411714005359281,0.3888888888888889,0.017522825116470384,0.0,0.0,0.4,0.7121610641479492,Feasible|selected=greedy
1282,1281,10,4,6,"ADD:0,2;ADD:1,8;ADD:5,2;ADD:8,7;REMOVE:2,8;REMOVE:3,8;REMOVE:5,7;REMOVE:8,2;REMOVE:8,3;REMOVE:9,8",0:8;1:7;2:7|8;3:7|8;4:7;5:7;6:2|7;7:7;8:2|3;9:7|8,0:2|8;1:7|8;2:7;3:7;4:7;5:2;6:2|7;7:7;8:7;9:7,0@1=4;0@2=1;0@4=2;0@5=1;0@8=2;0@9=1;1@1=3;1@2=2;1@4=4;1@5=1;1@0=1;1@6=2;2@1=4;2@2=1;2@4=5;2@8=2;2@9=3;2@0=1;3@1=1;3@2=1;3@4=2;3@9=1;3@0=2;3@6=4;3@3=2;3@7=1;4@1=1;4@2=2;4@4=1;4@9=1;4@0=1;4@6=1;4@3=1;4@7=1;5@4=4;5@5=4;5@9=1;6@1=2;6@2=5;6@4=3;6@5=1;6@8=1;6@9=1;6@0=3;6@6=1;6@3=1;7@1=1;7@2=3;7@4=1;7@9=2;7@0=1;7@6=1;8@1=1;8@2=1;8@4=2;8@3=1;9@1=2;9@2=2;9@4=3;9@9=1;9@0=3;9@6=1;9@3=1;9@7=1,"1,2,4,5,8,9,0,6,3,7",118,64,64,0,1.0,0.010187082694301464,0.4,0.010187082694301438,0.0,0.0,0.4,0.7030737400054932,Feasible|selected=greedy
1283,1282,12,6,6,"ADD:0,9;ADD:1,2;ADD:2,2;ADD:5,9;ADD:6,8;ADD:8,8;REMOVE:0,2;REMOVE:0,8;REMOVE:1,8;REMOVE:5,2;REMOVE:6,2;REMOVE:6,7",0:2|8;1:7|8;2:7;3:7;4:7;5:2;6:2|7;7:7;8:7;9:7,0:9;1:2|7;2:2|7;3:7;4:7;5:9;6:8;7:7;8:7|8;9:7,0@1=1;0@2=1;0@3=1;0@6=1;0@7=1;0@9=2;1@1=2;1@2=1;1@3=3;1@7=1;1@0=2;1@4=1;1@5=1;2@1=1;2@2=3;2@3=1;2@7=1;2@0=1;2@4=5;2@5=1;2@8=1;3@1=1;3@2=2;3@7=1;3@0=2;3@4=1;3@8=2;4@1=1;4@2=3;4@6=1;4@7=1;4@9=2;4@4=2;5@1=1;5@2=1;6@2=1;6@7=1;6@4=1;6@5=1;6@8=1;7@1=1;7@2=1;7@0=1;7@4=1;8@1=1;8@9=2;8@0=1;8@4=1;8@5=1;8@8=1;9@2=4;9@3=2;9@6=2;9@0=2;9@4=1,"1,2,3,6,7,9,0,4,5,8",80,55,55,0,1.0,-0.12252738374731192,0.46153846153846156,0.015934154714226493,0.0,0.0,0.6,0.6563019752502441,Feasible|selected=greedy
1284,1283,20,12,8,"ADD:0,3;ADD:0,5;ADD:1,8;ADD:2,3;ADD:3,3;ADD:4,2;ADD:5,2;ADD:5,3;ADD:6,2;ADD:7,8;ADD:8,5;ADD:9,8;REMOVE:0,9;REMOVE:1,2;REMOVE:1,7;REMOVE:2,2;REMOVE:2,7;REMOVE:5,9;REMOVE:7,7;REMOVE:8,7",0:9;1:2|7;2:2|7;3:7;4:7;5:9;6:8;7:7;8:7|8;9:7,0:3|5;1:8;2:3;3:3|7;4:2|7;5:2|3;6:2|8;7:8;8:5|8;9:7|8,0@3=3;0@5=1;0@8=1;0@9=1;1@5=2;1@8=1;1@1=1;2@5=2;2@9=1;2@1=1;2@2=3;3@3=2;3@5=1;3@9=2;3@1=4;3@2=1;3@4=4;3@7=1;4@3=3;4@5=1;4@8=2;4@9=1;4@1=3;4@2=4;4@4=5;4@0=2;4@6=1;5@3=2;5@5=1;5@1=1;5@2=1;5@4=1;6@5=2;6@8=2;6@9=1;6@2=2;6@4=1;6@0=1;6@6=2;7@8=1;7@2=1;7@7=1;7@6=1;8@3=1;8@5=1;8@8=1;8@0=1;8@6=1;9@5=1;9@9=2;9@1=1;9@2=1;9@4=1;9@7=3;9@6=3,"3,5,8,9,1,2,4,7,0,6",92,55,55,0,1.0,-0.5585803745253124,0.6153846153846154,0.026035010090072145,0.0,0.0,1.2,0.7392568588256836,Feasible|selected=greedy
1285,1284,25,12,13,"ADD:0,2;ADD:0,7;ADD:1,7;ADD:2,7;ADD:2,8;ADD:3,2;ADD:4,8;ADD:5,7;ADD:5,8;ADD:6,7;ADD:7,2;ADD:8,7;REMOVE:0,3;REMOVE:0,5;REMOVE:1,8;REMOVE:2,3;REMOVE:3,3;REMOVE:4,2;REMOVE:5,2;REMOVE:5,3;REMOVE:6,2;REMOVE:6,8;REMOVE:8,5;REMOVE:8,8;REMOVE:9,8",0:3|5;1:8;2:3;3:3|7;4:2|7;5:2|3;6:2|8;7:8;8:5|8;9:7|8,0:2|7;1:7;2:7|8;3:2|7;4:7|8;5:7|8;6:7;7:2|8;8:7;9:7,0@0=3;0@1=1;0@2=2;0@3=1;0@4=7;0@5=1;0@7=2;0@9=1;1@1=1;1@2=2;1@7=1;1@6=1;2@1=4;2@2=4;2@3=1;2@4=4;2@5=1;2@9=4;2@6=1;2@8=1;3@2=5;3@3=2;3@4=3;3@5=1;3@7=1;3@9=1;3@6=1;4@1=6;4@2=4;4@4=4;4@5=1;4@7=1;4@9=1;4@6=2;5@0=2;5@4=2;5@5=2;5@7=2;5@9=2;5@6=1;5@8=3;6@0=2;6@1=1;6@2=4;6@3=4;6@4=4;6@9=3;6@8=2;7@1=1;7@2=1;7@4=2;7@5=1;7@9=1;7@8=2;8@0=1;8@1=2;8@2=1;8@4=3;8@9=1;9@1=3;9@2=2;9@3=2;9@4=3;9@7=1;9@9=2;9@6=1,"0,1,2,3,4,5,7,9,6,8",140,66,66,0,1.0,-0.418276040994476,0.7647058823529411,0.017018076652582852,0.0,0.0,1.2,0.7674250602722168,Feasible|selected=greedy
1286,1285,9,5,4,"ADD:5,2;ADD:6,2;ADD:7,7;ADD:8,2;ADD:9,2;REMOVE:3,2;REMOVE:4,8;REMOVE:5,8;REMOVE:7,8",0:2|7;1:7;2:7|8;3:2|7;4:7|8;5:7|8;6:7;7:2|8;8:7;9:7,0:2|7;1:7;2:7|8;3:7;4:7;5:2|7;6:2|7;7:2|7;8:2|7;9:2|7,0@0=2;0@1=6;0@2=1;0@3=1;0@4=2;0@5=1;0@7=2;0@9=1;1@3=1;1@8=1;2@1=4;2@2=3;2@4=1;2@5=3;2@7=2;2@9=1;2@6=1;3@0=2;3@1=2;3@2=3;3@3=2;3@4=2;3@7=1;3@9=2;3@8=3;4@0=2;4@1=3;4@2=2;4@3=3;4@4=3;4@7=2;4@6=1;5@0=2;5@2=2;5@3=1;5@4=3;5@5=1;5@7=1;5@8=1;5@6=1;6@0=2;6@1=3;6@2=3;6@3=2;6@5=2;6@7=1;6@9=3;6@8=2;6@6=2;7@0=1;7@1=3;7@2=1;7@3=1;7@4=3;7@5=1;7@9=1;7@8=1;8@0=1;8@2=2;8@4=3;8@5=1;8@9=2;8@6=2;9@1=3;9@2=2;9@3=1;9@4=4;9@5=2;9@9=1,"0,1,2,3,4,5,7,9,8,6",134,69,69,0,1.0,-0.23658750665290584,0.25,0.013412493347094184,0.0,0.0,0.5,0.7291820049285889,Feasible|selected=greedy
1287,1286,13,5,8,"ADD:1,5;ADD:2,2;ADD:3,2;ADD:5,3;ADD:7,8;REMOVE:0,7;REMOVE:1,7;REMOVE:2,8;REMOVE:5,2;REMOVE:5,7;REMOVE:7,2;REMOVE:8,2;REMOVE:9,2",0:2|7;1:7;2:7|8;3:7;4:7;5:2|7;6:2|7;7:2|7;8:2|7;9:2|7,0:2;1:5;2:2|7;3:2|7;4:7;5:3;6:2|7;7:7|8;8:7;9:7,0@2=2;0@3=3;0@4=3;0@5=2;0@7=3;0@8=2;1@5=1;2@2=3;2@3=1;2@4=3;2@5=1;2@8=3;2@0=2;2@1=1;2@6=1;2@9=3;3@2=2;3@3=1;3@4=1;3@5=2;3@7=1;3@0=1;3@1=1;3@6=2;3@9=2;4@2=2;4@3=3;4@4=4;4@7=3;4@8=4;4@1=3;4@6=2;4@9=3;5@3=2;5@5=1;5@1=3;5@9=1;6@2=6;6@3=1;6@4=4;6@5=1;6@7=2;6@8=2;6@0=1;6@1=2;7@2=3;7@4=1;7@5=2;7@7=1;7@1=2;7@6=1;7@9=1;8@2=6;8@3=2;8@4=5;8@7=1;8@0=1;8@1=1;8@6=1;9@2=3;9@3=2;9@4=1;9@7=1;9@8=1;9@0=3;9@1=1;9@6=2;9@9=1,"2,3,4,5,7,8,0,1,6,9",140,68,68,0,1.0,-0.0118583715182764,0.47058823529411764,0.017553393187605973,0.0,0.0,0.5,0.7005412578582764,Feasible|selected=greedy
1288,1287,13,7,6,"ADD:0,8;ADD:3,3;ADD:4,2;ADD:5,2;ADD:5,7;ADD:8,2;ADD:8,8;REMOVE:1,5;REMOVE:2,2;REMOVE:3,2;REMOVE:5,3;REMOVE:7,8;REMOVE:8,7",0:2;1:5;2:2|7;3:2|7;4:7;5:3;6:2|7;7:7|8;8:7;9:7,0:2|8;1:-;2:7;3:3|7;4:2|7;5:2|7;6:2|7;7:7;8:2|8;9:7,0@1=2;0@2=1;0@4=2;0@5=1;0@8=2;0@9=1;2@1=1;2@2=5;2@4=3;2@8=2;2@9=1;2@6=1;3@1=1;3@2=1;3@5=1;3@8=1;3@9=5;3@3=2;3@7=1;4@1=1;4@2=4;4@4=3;4@5=1;4@8=3;4@9=8;4@6=2;4@3=3;4@7=1;4@0=1;5@1=2;5@2=1;5@4=1;5@5=2;5@8=1;5@9=1;5@3=2;5@7=1;6@1=3;6@2=2;6@4=8;6@5=1;6@8=1;6@3=5;6@7=2;6@0=1;7@1=1;7@2=2;7@4=3;7@9=1;7@3=1;8@1=2;8@2=1;8@4=1;8@5=1;8@8=1;8@3=1;8@0=1;9@1=1;9@2=4;9@4=2;9@8=1;9@9=2;9@6=1;9@7=1;9@0=2,"1,2,4,5,8,9,6,3,7,0",125,65,65,0,1.0,-0.25514314437533214,0.42857142857142855,0.016285427053239255,0.0,0.0,0.7,0.7108728885650635,Feasible|selected=greedy
1289,1288,11,5,6,"ADD:0,7;ADD:2,2;ADD:6,8;ADD:7,2;ADD:8,7;REMOVE:0,2;REMOVE:3,3;REMOVE:4,2;REMOVE:6,2;REMOVE:7,7;REMOVE:8,2",0:2|8;1:-;2:7;3:3|7;4:2|7;5:2|7;6:2|7;7:7;8:2|8;9:7,0:7|8;1:-;2:2|7;3:7;4:7;5:2|7;6:7|8;7:2;8:7|8;9:7,0@0=2;0@1=1;0@2=4;0@4=5;0@5=2;0@6=2;0@7=2;0@8=1;0@9=2;2@0=3;2@1=3;2@2=5;2@5=1;2@7=1;2@8=2;2@9=1;3@1=2;3@2=2;3@4=1;3@6=1;3@7=1;3@9=1;4@1=2;4@2=1;4@4=2;4@6=1;4@7=1;4@8=1;4@3=1;5@0=2;5@1=2;5@2=4;5@4=4;5@5=1;5@9=2;6@0=1;6@1=1;6@2=5;6@4=3;6@5=2;6@6=1;6@7=2;6@8=3;7@0=1;7@2=5;7@5=2;7@8=1;7@9=4;8@0=1;8@1=1;8@2=1;8@4=2;8@5=1;8@6=1;8@8=3;8@9=2;9@0=2;9@1=2;9@4=1;9@6=1;9@7=1;9@8=1;9@9=1,"0,1,2,4,5,6,7,8,9,3",121,63,63,0,1.0,-0.07805756136089292,0.4,0.02194243863910707,0.0,0.0,0.5,0.6625840663909912,Feasible|selected=greedy
1290,1289,12,4,8,"ADD:0,5;ADD:6,2;ADD:7,8;ADD:7,9;REMOVE:0,7;REMOVE:0,8;REMOVE:2,2;REMOVE:5,2;REMOVE:6,7;REMOVE:6,8;REMOVE:7,2;REMOVE:8,7",0:7|8;1:-;2:2|7;3:7;4:7;5:2|7;6:7|8;7:2;8:7|8;9:7,0:5;1:-;2:7;3:7;4:7;5:7;6:2;7:8|9;8:8;9:7,0@2=1;0@3=1;0@5=3;2@3=1;2@1=1;2@4=1;2@6=1;2@7=1;2@8=2;3@3=1;3@4=1;3@8=1;4@2=3;4@3=2;4@1=2;4@6=2;4@7=2;4@8=1;4@0=2;4@9=2;5@2=5;5@1=1;5@6=1;5@7=1;5@8=1;5@9=1;6@2=4;6@3=2;6@4=2;6@8=1;7@5=1;7@1=2;7@4=1;7@9=1;8@5=1;8@1=2;8@6=1;8@8=2;9@2=3;9@1=3;9@4=3;9@7=1;9@8=2;9@9=1,"2,3,5,1,4,6,7,8,0,9",74,44,44,0,1.0,0.1912183867192161,0.5714285714285714,0.01978981529064476,0.0,0.0,0.4,0.543726921081543,Feasible|selected=greedy
1291,1290,17,10,7,"ADD:0,2;ADD:2,2;ADD:4,2;ADD:4,8;ADD:5,2;ADD:5,3;ADD:6,7;ADD:6,8;ADD:7,7;ADD:8,7;REMOVE:0,5;REMOVE:4,7;REMOVE:5,7;REMOVE:6,2;REMOVE:7,8;REMOVE:7,9;REMOVE:8,8",0:5;1:-;2:7;3:7;4:7;5:7;6:2;7:8|9;8:8;9:7,0:2;1:-;2:2|7;3:7;4:2|8;5:2|3;6:7|8;7:7;8:7;9:7,0@2=3;0@3=1;0@5=3;0@7=2;0@8=1;0@9=1;2@2=5;2@3=1;2@5=1;2@7=1;2@8=1;2@9=1;2@0=1;2@1=3;2@4=1;3@2=1;3@3=1;3@0=1;3@1=1;3@4=2;4@2=2;4@5=2;4@8=2;4@9=1;4@4=1;4@6=2;5@2=3;5@3=2;5@5=1;5@1=1;5@4=1;6@2=2;6@5=1;6@8=1;6@9=1;6@1=2;6@4=2;6@6=1;7@2=1;7@3=1;7@7=3;7@8=1;7@1=2;7@4=2;8@7=1;8@1=1;8@6=1;9@2=2;9@3=2;9@8=4;9@1=4,"2,3,5,7,8,9,0,1,4,6",85,51,51,0,1.0,-0.27145379540843584,0.7,0.0285462045915641,0.0,0.0,0.9999999999999999,0.6316652297973633,Feasible|selected=greedy
1292,1291,11,6,5,"ADD:0,7;ADD:2,8;ADD:3,2;ADD:4,7;ADD:5,7;ADD:5,8;REMOVE:2,7;REMOVE:4,2;REMOVE:5,2;REMOVE:5,3;REMOVE:6,8",0:2;1:-;2:2|7;3:7;4:2|8;5:2|3;6:7|8;7:7;8:7;9:7,0:2|7;1:-;2:2|8;3:2|7;4:7|8;5:7|8;6:7;7:7;8:7;9:7,0@0=1;0@1=4;0@2=6;0@4=2;0@5=3;0@6=3;0@7=1;0@9=1;2@0=1;2@1=3;2@2=3;2@4=3;2@5=1;2@9=2;2@8=1;3@0=1;3@1=1;3@2=2;3@5=1;3@7=3;3@9=2;4@1=6;4@2=6;4@4=5;4@5=1;4@6=1;4@8=1;4@3=1;5@0=1;5@1=1;5@2=3;5@4=3;5@5=1;5@6=1;5@9=1;5@8=1;6@0=3;6@1=1;6@2=4;6@4=1;6@9=1;7@0=2;7@1=3;7@6=1;7@7=2;7@9=1;8@1=3;8@2=1;8@4=4;8@7=1;8@9=1;8@3=1;9@1=2;9@2=6;9@4=3;9@6=1;9@9=1;9@8=1,"0,1,2,4,5,6,7,9,8,3",122,58,58,0,1.0,-0.1973600616461223,0.38461538461538464,0.01802455373849304,0.0,0.0,0.6,0.6428279876708984,Feasible|selected=greedy
1293,1292,18,8,10,"ADD:0,3;ADD:1,7;ADD:2,3;ADD:2,7;ADD:5,3;ADD:6,8;ADD:7,5;ADD:8,5;REMOVE:0,2;REMOVE:0,7;REMOVE:2,2;REMOVE:2,8;REMOVE:3,2;REMOVE:4,8;REMOVE:5,7;REMOVE:5,8;REMOVE:6,7;REMOVE:7,7",0:2|7;1:-;2:2|8;3:2|7;4:7|8;5:7|8;6:7;7:7;8:7;9:7,0:3;1:7;2:3|7;3:7;4:7;5:3;6:8;7:5;8:5|7;9:7,0@2=1;0@3=1;0@5=1;0@7=1;0@9=1;1@7=1;1@0=1;1@1=1;1@4=3;1@6=2;1@8=1;2@2=6;2@3=1;2@5=1;2@7=1;2@9=2;2@1=5;2@4=6;2@6=1;3@2=2;3@3=1;3@7=3;3@0=1;3@1=2;3@4=3;3@6=1;4@2=7;4@3=3;4@7=2;4@9=1;4@0=3;4@1=5;4@4=4;4@6=1;4@8=1;5@2=2;5@3=3;5@1=1;6@2=5;6@5=1;6@7=3;6@1=1;6@4=6;7@2=2;7@3=2;7@5=1;7@0=2;7@8=1;8@3=2;8@5=1;8@0=2;8@4=1;8@6=1;9@2=4;9@3=2;9@0=2;9@1=3;9@4=4;9@6=2;9@8=2,"2,3,5,7,9,0,1,4,6,8",133,60,60,0,1.0,-0.07515931956288613,0.7142857142857143,0.010554966151399527,0.0,0.0,0.7999999999999999,0.7348980903625488,Feasible|selected=greedy
1294,1293,17,11,6,"ADD:0,7;ADD:1,2;ADD:2,8;ADD:3,3;ADD:5,2;ADD:5,7;ADD:6,2;ADD:6,7;ADD:7,7;ADD:7,8;ADD:8,8;REMOVE:0,3;REMOVE:2,3;REMOVE:5,3;REMOVE:6,8;REMOVE:7,5;REMOVE:8,7",0:3;1:7;2:3|7;3:7;4:7;5:3;6:8;7:5;8:5|7;9:7,0:7;1:2|7;2:7|8;3:3|7;4:7;5:2|7;6:2|7;7:7|8;8:5|8;9:7,0@0=1;0@1=2;0@2=1;0@3=1;0@4=1;0@7=2;0@8=1;1@0=2;1@1=2;1@2=3;1@7=2;1@5=1;2@1=4;2@2=2;2@3=1;2@4=6;2@7=4;2@8=2;2@5=3;2@6=2;2@9=1;3@0=1;3@1=1;3@2=1;3@3=1;3@7=1;3@5=2;3@9=1;4@0=1;4@1=2;4@2=1;4@3=2;4@4=5;4@7=1;5@0=2;5@1=1;5@2=2;5@4=6;5@7=1;5@5=1;5@9=2;6@0=1;6@1=3;6@2=2;6@3=1;6@4=5;6@5=2;6@6=3;6@9=1;7@1=1;7@2=1;7@3=1;7@4=1;7@5=1;7@6=1;8@1=2;8@2=1;8@3=2;8@4=1;8@7=1;8@8=2;8@5=2;9@0=1;9@1=1;9@2=5;9@3=1;9@4=2;9@7=2;9@9=1,"0,1,2,3,4,7,8,5,6,9",127,69,69,0,1.0,-0.5797935617648766,0.5,0.0202064382351232,0.0,0.0,1.0999999999999999,0.8549308776855469,Feasible|selected=greedy
1295,1294,18,8,10,"ADD:0,8;ADD:2,2;ADD:3,2;ADD:3,8;ADD:4,3;ADD:7,2;ADD:7,9;ADD:8,7;REMOVE:0,7;REMOVE:2,8;REMOVE:3,3;REMOVE:3,7;REMOVE:5,2;REMOVE:6,2;REMOVE:7,7;REMOVE:7,8;REMOVE:8,5;REMOVE:8,8",0:7;1:2|7;2:7|8;3:3|7;4:7;5:2|7;6:2|7;7:7|8;8:5|8;9:7,0:8;1:2|7;2:2|7;3:2|8;4:3|7;5:7;6:7;7:2|9;8:7;9:7,0@4=1;0@6=4;0@7=1;0@8=1;1@4=1;1@7=1;1@8=2;1@0=1;1@1=2;1@2=1;1@3=1;1@5=1;2@4=5;2@6=4;2@7=3;2@8=1;2@0=2;2@1=5;2@2=2;2@3=1;2@5=1;2@9=1;3@4=3;3@6=1;3@8=1;3@2=1;3@5=1;3@9=1;4@4=4;4@6=2;4@7=1;4@1=1;4@2=1;4@3=1;4@5=3;4@9=1;5@4=1;5@6=1;5@1=2;5@2=2;5@3=2;5@9=1;6@4=6;6@6=1;6@7=1;6@8=1;6@0=1;6@1=2;6@2=3;6@3=1;6@9=1;7@6=4;7@2=4;7@5=1;7@9=2;8@4=1;8@6=1;8@7=1;8@1=3;8@2=1;8@3=1;9@6=1;9@7=2;9@8=1;9@0=2;9@1=2;9@2=2;9@3=1;9@9=1,"4,6,7,8,0,1,2,3,5,9",121,69,69,0,1.0,-0.19357102010539196,0.5882352941176471,0.018193685776960858,0.0,0.0,0.7999999999999999,0.7043540477752686,Feasible|selected=greedy
1296,1295,14,6,8,"ADD:0,9;ADD:1,3;ADD:3,7;ADD:4,2;ADD:5,9;ADD:6,3;REMOVE:0,8;REMOVE:1,2;REMOVE:1,7;REMOVE:3,2;REMOVE:3,8;REMOVE:4,3;REMOVE:5,7;REMOVE:7,2",0:8;1:2|7;2:2|7;3:2|8;4:3|7;5:7;6:7;7:2|9;8:7;9:7,0:9;1:3;2:2|7;3:7;4:2|7;5:9;6:3|7;7:9;8:7;9:7,0@1=2;0@2=5;0@3=1;0@6=1;1@1=3;1@2=3;1@3=1;1@5=1;2@2=3;2@3=2;2@6=3;2@5=3;2@0=1;2@4=1;2@7=1;2@9=1;3@1=1;3@2=2;3@3=1;3@4=2;3@7=1;3@9=1;4@1=1;4@2=5;4@3=3;4@5=1;4@0=1;4@4=3;4@9=1;4@8=1;5@1=1;5@2=1;5@3=1;5@6=2;5@7=1;5@9=1;6@1=2;6@2=2;6@3=2;6@6=1;6@5=1;6@4=2;6@9=1;7@2=1;7@3=1;7@6=1;8@1=2;8@2=2;8@3=1;8@6=2;8@4=3;9@1=1;9@2=1;9@3=1;9@6=1;9@4=1;9@7=2,"1,2,3,6,5,0,4,7,9,8",94,57,57,0,1.0,-0.05016690295486825,0.5333333333333333,0.01649976371179842,0.0,0.0,0.6,0.65342116355896,Feasible|selected=greedy
1297,1296,24,13,11,"ADD:0,7;ADD:1,2;ADD:2,3;ADD:2,9;ADD:3,9;ADD:4,8;ADD:5,7;ADD:6,2;ADD:7,2;ADD:7,8;ADD:8,2;ADD:9,2;ADD:9,3;REMOVE:0,9;REMOVE:1,3;REMOVE:2,2;REMOVE:2,7;REMOVE:3,7;REMOVE:4,2;REMOVE:5,9;REMOVE:6,3;REMOVE:7,9;REMOVE:8,7;REMOVE:9,7",0:9;1:3;2:2|7;3:7;4:2|7;5:9;6:3|7;7:9;8:7;9:7,0:7;1:2;2:3|9;3:9;4:7|8;5:7;6:2|7;7:2|8;8:2;9:2|3,0@0=1;0@3=2;0@4=3;0@6=1;0@9=1;1@3=1;1@4=3;1@2=1;2@3=1;2@6=2;2@2=1;2@1=2;2@5=1;3@6=1;3@2=1;4@9=1;4@2=3;4@1=2;4@5=1;4@7=1;4@8=1;5@0=1;5@3=1;5@4=5;5@9=1;5@1=2;6@3=4;6@4=1;6@9=1;6@2=3;6@1=1;6@5=1;6@7=1;6@8=1;7@3=2;7@4=1;7@2=1;7@1=2;7@5=1;7@8=1;8@3=1;8@4=2;8@2=1;9@3=1;9@4=1;9@9=1;9@2=1;9@1=1;9@5=1,"0,3,4,6,9,2,1,5,7,8",72,49,49,0,1.0,-0.43535979446852247,0.8461538461538461,0.01848635937763142,0.0,0.0,1.3,0.6913158893585205,Feasible|selected=greedy
1298,1297,13,5,8,"ADD:1,8;ADD:2,7;ADD:3,7;ADD:7,5;ADD:9,7;REMOVE:1,2;REMOVE:2,3;REMOVE:2,9;REMOVE:3,9;REMOVE:6,2;REMOVE:7,2;REMOVE:7,8;REMOVE:9,3",0:7;1:2;2:3|9;3:9;4:7|8;5:7;6:2|7;7:2|8;8:2;9:2|3,0:7;1:8;2:7;3:7;4:7|8;5:7;6:7;7:5;8:2;9:2|7,0@0=1;0@1=1;0@2=2;0@3=2;0@6=1;0@8=1;1@2=1;1@6=1;1@4=1;1@5=1;1@7=1;2@1=1;2@3=1;2@6=2;2@8=1;2@4=1;2@7=1;3@0=3;3@1=3;3@6=1;3@8=1;3@4=2;3@9=1;4@0=1;4@1=1;4@2=2;4@6=1;4@8=1;4@4=2;4@5=1;4@7=1;4@9=1;5@4=2;5@7=1;6@0=1;6@1=2;6@2=2;6@3=1;6@8=1;6@4=1;6@9=3;7@3=1;7@5=1;8@2=2;8@3=2;8@4=1;9@0=1;9@2=3;9@6=1;9@4=3;9@5=1;9@7=1;9@9=1,"0,1,2,3,6,8,4,5,7,9",74,53,53,0,1.0,0.049167995925572416,0.5333333333333333,0.015834662592239097,0.0,0.0,0.5,0.6954939365386963,Feasible|selected=greedy
1299,1298,17,11,6,"ADD:0,8;ADD:1,2;ADD:2,8;ADD:3,2;ADD:4,9;ADD:5,2;ADD:5,8;ADD:6,2;ADD:7,7;ADD:8,7;ADD:8,8;REMOVE:1,8;REMOVE:3,7;REMOVE:4,7;REMOVE:5,7;REMOVE:7,5;REMOVE:8,2",0:7;1:8;2:7;3:7;4:7|8;5:7;6:7;7:5;8:2;9:2|7,0:7|8;1:2;2:7|8;3:2;4:8|9;5:2|8;6:2|7;7:7;8:7|8;9:2|7,0@0=2;0@1=2;0@2=1;0@4=1;0@5=3;0@6=2;0@7=1;0@8=1;0@9=1;1@2=1;1@4=2;1@8=1;1@3=1;2@0=1;2@1=5;2@2=4;2@4=1;2@5=1;2@6=2;2@7=3;2@8=1;2@9=4;3@0=1;3@2=1;3@4=5;3@5=2;3@7=1;3@8=3;3@9=1;4@1=2;4@2=2;4@5=2;4@6=1;4@8=3;4@9=1;4@3=1;5@1=2;5@2=1;5@4=4;5@5=2;5@8=1;5@9=1;5@3=1;6@2=3;6@4=3;6@5=1;6@6=1;6@7=3;6@9=3;6@3=2;7@1=1;7@2=3;7@4=2;7@7=2;7@8=1;7@9=1;8@0=1;8@1=2;8@4=1;8@5=2;8@6=1;8@7=1;8@8=1;8@9=1;8@3=2;9@0=1;9@1=4;9@2=2;9@4=4;9@5=2;9@7=2;9@8=1;9@3=1,"0,1,2,4,5,6,7,8,9,3",134,73,73,0,1.0,-0.5786545093646357,0.5,0.0213454906353642,0.0,0.0,1.0999999999999999,0.8715131282806396,Feasible|selected=greedy
1300,1299,10,3,7,"ADD:3,7;ADD:4,7;ADD:7,5;REMOVE:0,8;REMOVE:1,2;REMOVE:2,8;REMOVE:3,2;REMOVE:4,8;REMOVE:4,9;REMOVE:9,2",0:7|8;1:2;2:7|8;3:2;4:8|9;5:2|8;6:2|7;7:7;8:7|8;9:2|7,0:7;1:-;2:7;3:7;4:7;5:2|8;6:2|7;7:5|7;8:7|8;9:7,0@0=1;0@1=3;0@2=2;0@3=1;0@4=3;0@7=1;0@9=4;2@0=1;2@1=2;2@2=3;2@3=4;2@4=2;2@7=2;2@9=2;2@8=1;3@0=1;3@2=2;3@3=1;3@4=3;3@9=2;3@8=3;3@6=1;4@1=3;4@2=3;4@3=1;4@4=5;4@7=2;4@9=2;4@6=2;5@0=2;5@1=4;5@2=7;5@3=2;5@4=2;5@8=3;5@5=1;6@0=2;6@1=1;6@2=5;6@3=2;6@4=4;6@7=3;6@9=2;6@8=1;6@6=1;6@5=1;7@0=2;7@1=1;7@3=2;7@4=3;7@5=1;8@3=1;8@4=3;8@6=3;8@5=2;9@0=1;9@2=2;9@3=1;9@4=1;9@7=1;9@8=3,"0,1,2,3,4,7,9,8,6,5",133,61,61,0,1.0,0.12928782948436934,0.4117647058823529,0.017523123602016476,0.0,0.0,0.30000000000000004,0.6557431221008301,Feasible|selected=greedy
1301,1300,11,5,6,"ADD:2,8;ADD:3,2;ADD:4,2;ADD:8,2;ADD:9,6;REMOVE:5,2;REMOVE:6,2;REMOVE:7,5;REMOVE:8,7;REMOVE:8,8;REMOVE:9,7",0:7;1:-;2:7;3:7;4:7;5:2|8;6:2|7;7:5|7;8:7|8;9:7,0:7;1:-;2:7|8;3:2|7;4:2|7;5:8;6:7;7:7;8:2;9:6,0@0=1;0@1=1;0@2=1;0@4=4;0@7=1;0@8=1;2@0=1;2@1=1;2@2=6;2@4=2;2@7=1;2@8=1;2@5=1;2@6=1;3@0=1;3@1=3;3@2=3;3@4=3;3@8=1;3@5=1;3@6=1;3@3=2;3@9=1;4@0=1;4@1=5;4@2=2;4@4=2;4@8=1;4@5=1;4@3=2;4@9=1;5@1=1;5@2=4;5@4=2;5@7=1;5@8=1;5@5=1;6@0=1;6@1=1;6@2=5;6@4=2;6@7=1;6@8=2;6@6=2;7@0=1;7@1=1;7@4=2;7@3=1;8@2=1;8@4=1;8@5=2;8@3=2;8@9=2;9@1=2;9@4=3;9@6=1;9@9=2,"0,1,2,4,7,8,5,6,3,9",99,57,57,0,1.0,-0.02671424552651036,0.46153846153846156,0.011747292935028054,0.0,0.0,0.5,0.6358411312103271,Feasible|selected=greedy
1302,1301,10,6,4,"ADD:0,8;ADD:4,3;ADD:5,9;ADD:8,8;ADD:9,7;ADD:9,8;REMOVE:0,7;REMOVE:3,2;REMOVE:4,2;REMOVE:9,6",0:7;1:-;2:7|8;3:2|7;4:2|7;5:8;6:7;7:7;8:2;9:6,0:8;1:-;2:7|8;3:7;4:3|7;5:8|9;6:7;7:7;8:2|8;9:7|8,0@1=3;0@2=2;0@4=1;0@6=1;2@1=3;2@2=3;2@4=2;2@6=3;2@0=1;2@5=1;2@7=1;2@8=2;2@9=2;3@1=2;3@2=1;3@4=3;3@6=2;3@3=1;4@1=3;4@2=2;4@4=1;4@5=1;4@7=1;4@9=1;4@3=1;5@1=3;5@2=2;5@6=2;5@5=2;5@8=2;5@9=1;6@2=5;6@4=3;6@6=2;6@0=1;6@8=2;6@9=2;7@1=2;7@2=2;7@4=3;7@6=1;7@7=1;7@8=1;7@9=1;8@1=1;8@2=1;8@4=3;8@0=1;8@5=1;9@1=2;9@2=1;9@4=2;9@6=1;9@5=1;9@8=1;9@3=2,"1,2,4,6,0,5,7,8,9,3",99,56,56,0,1.0,-0.25549239675900776,0.3333333333333333,0.01117426990765889,0.0,0.0,0.6,0.6544089317321777,Feasible|selected=greedy
1303,1302,17,9,8,"ADD:0,2;ADD:2,2;ADD:3,2;ADD:3,8;ADD:5,7;ADD:7,4;ADD:8,3;ADD:8,7;ADD:9,3;REMOVE:2,8;REMOVE:3,7;REMOVE:4,3;REMOVE:5,9;REMOVE:7,7;REMOVE:8,2;REMOVE:8,8;REMOVE:9,8",0:8;1:-;2:7|8;3:7;4:3|7;5:8|9;6:7;7:7;8:2|8;9:7|8,0:2|8;1:-;2:2|7;3:2|8;4:7;5:7|8;6:7;7:4;8:3|7;9:3|7,0@1=3;0@2=2;0@4=1;0@5=1;0@8=1;0@9=2;2@1=4;2@2=1;2@4=3;2@5=1;2@0=2;2@3=1;2@6=3;3@1=4;3@2=2;3@4=1;3@5=2;3@8=1;3@3=1;4@1=1;4@2=4;4@4=4;4@8=2;4@9=1;4@3=3;4@6=1;5@1=1;5@4=2;5@5=2;5@8=1;5@9=1;5@0=1;5@3=5;5@6=1;5@7=1;6@1=1;6@2=1;6@4=3;6@8=1;6@3=1;6@6=2;7@2=1;7@4=2;7@6=1;8@1=2;8@5=2;8@9=2;8@0=1;8@3=1;8@6=1;8@7=1;9@1=1;9@2=2;9@4=2;9@5=1;9@9=2;9@3=2;9@7=1,"1,2,4,5,8,9,0,3,6,7",101,58,58,0,1.0,-0.31259912313152416,0.5714285714285714,0.01597230543990432,0.0,0.0,0.8999999999999999,0.6438961029052734,Feasible|selected=greedy
1304,1303,19,8,11,"ADD:0,9;ADD:1,1;ADD:3,7;ADD:4,2;ADD:6,8;ADD:7,7;ADD:8,8;ADD:9,2;REMOVE:0,2;REMOVE:0,8;REMOVE:3,2;REMOVE:3,8;REMOVE:4,7;REMOVE:5,8;REMOVE:7,4;REMOVE:8,3;REMOVE:8,7;REMOVE:9,3;REMOVE:9,7",0:2|8;1:-;2:2|7;3:2|8;4:7;5:7|8;6:7;7:4;8:3|7;9:3|7,0:9;1:1;2:2|7;3:7;4:2;5:7;6:7|8;7:7;8:8;9:2,0@2=1;0@3=1;0@7=1;0@9=1;1@1=1;2@2=1;2@3=1;2@1=1;2@0=1;2@4=1;2@5=2;3@3=2;3@9=1;3@1=1;3@0=2;3@4=1;3@6=1;4@2=1;4@3=1;4@7=1;4@9=1;4@4=1;4@5=2;4@8=1;5@2=3;5@3=1;5@9=2;5@1=2;5@0=2;5@4=2;5@8=1;6@2=1;6@1=1;6@0=1;6@5=1;6@6=1;7@7=1;7@1=1;7@0=1;7@6=1;8@2=2;8@1=1;8@5=1;8@6=1;9@2=2;9@3=1;9@4=2,"2,3,7,9,1,0,4,5,6,8",60,47,47,0,1.0,-0.05428780019520407,0.7333333333333333,0.012378866471462625,0.0,0.0,0.7999999999999999,0.6209330558776855,Feasible|selected=greedy
1305,1304,13,7,6,"ADD:0,2;ADD:0,8;ADD:3,3;ADD:4,7;ADD:6,2;ADD:8,2;ADD:9,7;REMOVE:0,9;REMOVE:2,2;REMOVE:4,2;REMOVE:6,8;REMOVE:8,8;REMOVE:9,2",0:9;1:1;2:2|7;3:7;4:2;5:7;6:7|8;7:7;8:8;9:2,0:2|8;1:1;2:7;3:3|7;4:7;5:7;6:2|7;7:7;8:2;9:7,0@0=3;0@1=2;0@2=1;0@4=4;0@5=1;1@1=1;2@0=2;2@2=3;2@4=2;2@6=1;2@7=1;2@9=1;3@1=1;3@2=2;3@4=2;3@5=1;3@7=1;3@3=1;4@0=2;4@1=1;4@2=5;4@4=3;4@3=1;4@8=1;5@0=1;5@1=1;5@2=2;5@6=1;5@7=1;5@9=2;5@3=1;6@0=4;6@2=1;6@4=3;6@5=1;6@6=2;6@7=1;6@3=1;7@0=1;7@2=1;7@4=3;7@7=3;8@2=1;8@9=2;8@3=1;8@8=1;9@0=2;9@1=3;9@2=1;9@4=2;9@6=1;9@7=1;9@8=2,"0,1,2,4,5,6,7,9,3,8",90,53,53,0,1.0,-0.18552786184296743,0.5,0.01447213815703248,0.0,0.0,0.7,0.6685159206390381,Feasible|selected=greedy
1306,1305,14,7,7,"ADD:0,7;ADD:3,2;ADD:4,2;ADD:6,8;ADD:7,8;ADD:8,8;ADD:9,2;REMOVE:0,2;REMOVE:0,8;REMOVE:1,1;REMOVE:3,3;REMOVE:6,7;REMOVE:7,7;REMOVE:8,2",0:2|8;1:1;2:7;3:3|7;4:7;5:7;6:2|7;7:7;8:2;9:7,0:7;1:-;2:7;3:2|7;4:2|7;5:7;6:2|8;7:8;8:8;9:2|7,0@0=1;0@1=1;0@2=1;0@3=2;0@4=4;0@6=1;0@7=1;0@8=1;2@0=2;2@1=5;2@2=3;2@3=2;2@4=2;2@6=2;2@7=1;2@8=2;2@9=1;3@0=1;3@1=2;3@2=7;3@3=2;3@4=4;3@6=1;3@7=1;3@8=1;3@9=1;3@5=1;4@0=2;4@2=5;4@3=3;4@4=2;4@6=1;4@7=3;4@8=3;4@9=2;4@5=1;5@0=1;5@1=2;5@4=2;5@6=1;5@8=2;6@2=3;6@4=1;6@6=1;6@8=2;6@9=2;6@5=2;7@1=1;7@2=2;7@4=3;7@8=1;8@1=3;8@2=4;8@4=2;8@8=1;8@5=1;9@0=1;9@1=2;9@2=6;9@3=1;9@4=3;9@7=2;9@8=1;9@9=1;9@5=2,"0,1,2,3,4,6,7,8,9,5",131,65,65,0,1.0,-0.1362872029782094,0.5384615384615384,0.025251258560252156,0.0,0.0,0.7,0.6868202686309814,Feasible|selected=greedy
1307,1306,12,8,4,"ADD:0,8;ADD:1,9;ADD:2,8;ADD:3,8;ADD:5,2;ADD:7,3;ADD:7,7;ADD:8,9;REMOVE:3,2;REMOVE:3,7;REMOVE:7,8;REMOVE:8,8",0:7;1:-;2:7;3:2|7;4:2|7;5:7;6:2|8;7:8;8:8;9:2|7,0:7|8;1:9;2:7|8;3:8;4:2|7;5:2|7;6:2|8;7:3|7;8:9;9:2|7,0@0=1;0@1=2;0@2=2;0@4=1;0@5=1;0@6=1;0@8=2;0@9=1;1@2=1;1@6=1;2@0=1;2@1=1;2@2=2;2@4=4;2@5=1;2@6=2;2@8=2;2@9=1;2@7=4;3@2=2;3@4=5;3@8=1;3@7=1;4@0=1;4@1=3;4@2=2;4@4=5;4@5=2;4@6=5;4@8=1;4@9=1;4@7=2;4@3=1;5@0=1;5@1=2;5@2=1;5@4=2;5@5=1;5@6=1;5@9=1;5@7=1;5@3=1;6@0=2;6@1=3;6@2=2;6@4=3;6@5=2;6@8=4;6@3=1;7@1=1;7@2=1;7@4=6;7@5=1;7@6=2;7@9=2;7@7=1;7@3=2;8@2=1;8@9=1;8@3=1;9@0=1;9@2=3;9@4=2;9@5=1;9@6=2;9@8=1;9@9=2;9@7=4;9@3=3,"0,1,2,4,5,6,8,9,7,3",129,69,69,0,1.0,-0.4686389292480819,0.3076923076923077,0.023668763059610274,0.0,0.0,0.7999999999999999,0.8042011260986328,Feasible|selected=greedy
1308,1307,18,8,10,"ADD:0,2;ADD:1,6;ADD:2,3;ADD:3,2;ADD:4,8;ADD:5,3;ADD:6,9;ADD:8,7;REMOVE:0,8;REMOVE:1,9;REMOVE:2,8;REMOVE:3,8;REMOVE:4,2;REMOVE:5,2;REMOVE:6,8;REMOVE:7,3;REMOVE:8,9;REMOVE:9,2",0:7|8;1:9;2:7|8;3:8;4:2|7;5:2|7;6:2|8;7:3|7;8:9;9:2|7,0:2|7;1:6;2:3|7;3:2;4:7|8;5:3|7;6:2|9;7:7;8:7;9:7,0@0=1;0@1=1;0@2=1;0@4=2;0@5=2;0@7=2;0@9=3;1@6=1;2@0=3;2@1=1;2@4=4;2@5=1;2@9=2;2@6=5;2@3=1;3@0=3;3@2=1;3@4=1;3@5=1;3@7=2;3@9=2;3@3=1;3@8=2;4@1=4;4@4=4;4@5=2;4@7=2;4@6=1;4@3=2;4@8=1;5@0=1;5@1=4;5@4=2;5@5=1;5@7=1;5@9=1;5@3=1;6@2=3;6@4=3;6@5=2;6@9=3;6@6=2;7@1=2;7@4=1;7@7=3;7@9=1;7@6=1;8@1=1;8@2=2;8@4=3;8@6=3;8@3=1;9@0=1;9@1=1;9@2=1;9@4=1;9@7=1;9@3=1;9@8=2,"0,1,2,4,5,7,9,6,3,8",109,59,59,0,1.0,-0.1927269227017474,0.5882352941176471,0.0190377831806054,0.0,0.0,0.7999999999999999,0.6571371555328369,Feasible|selected=greedy
1309,1308,15,8,7,"ADD:3,7;ADD:3,8;ADD:4,9;ADD:6,7;ADD:7,8;ADD:8,2;ADD:8,8;ADD:9,2;REMOVE:1,6;REMOVE:3,2;REMOVE:4,7;REMOVE:5,3;REMOVE:6,2;REMOVE:6,9;REMOVE:8,7",0:2|7;1:6;2:3|7;3:2;4:7|8;5:3|7;6:2|9;7:7;8:7;9:7,0:2|7;1:-;2:3|7;3:7|8;4:8|9;5:7;6:7;7:7|8;8:2|8;9:2|7,0@0=1;0@1=3;0@2=2;0@3=2;0@4=2;0@5=1;0@6=1;0@7=2;2@1=2;2@2=4;2@3=3;2@4=1;2@5=3;2@6=2;2@7=2;2@9=1;3@1=2;3@2=2;3@3=1;3@4=2;3@5=4;3@6=1;4@1=3;4@2=3;4@3=1;4@5=3;4@6=4;4@9=1;4@8=2;5@0=1;5@1=2;5@2=1;5@4=2;6@0=1;6@1=2;6@2=4;6@3=1;6@4=6;6@6=3;6@8=2;7@1=1;7@2=2;7@3=1;7@4=1;7@5=1;7@6=1;8@0=1;8@1=2;8@2=1;8@4=1;8@5=1;8@8=1;9@0=4;9@1=3;9@2=3;9@4=1;9@5=1;9@6=2;9@9=1,"0,1,2,3,4,5,6,7,9,8",115,59,59,0,1.0,-0.3183186324758193,0.4666666666666667,0.015014700857513958,0.0,0.0,0.7999999999999999,0.6757619380950928,Feasible|selected=greedy
1310,1309,16,8,8,"ADD:0,3;ADD:1,7;ADD:2,2;ADD:4,2;ADD:5,2;ADD:6,2;ADD:8,7;ADD:9,8;REMOVE:0,2;REMOVE:2,3;REMOVE:3,8;REMOVE:4,8;REMOVE:7,8;REMOVE:8,2;REMOVE:8,8;REMOVE:9,2",0:2|7;1:-;2:3|7;3:7|8;4:8|9;5:7;6:7;7:7|8;8:2|8;9:2|7,0:3|7;1:7;2:2|7;3:7;4:2|9;5:2|7;6:2|7;7:7;8:7;9:7|8,0@1=4;0@2=3;0@3=1;0@4=2;0@5=1;0@7=1;1@7=1;2@1=4;2@2=5;2@3=2;2@4=3;2@5=2;2@7=1;2@0=1;2@8=4;2@9=2;3@1=2;3@2=3;3@4=4;3@7=1;3@0=1;3@9=3;3@6=1;4@1=2;4@2=2;4@4=1;4@5=2;4@7=1;4@0=1;4@9=1;4@6=3;5@1=1;5@2=1;5@3=1;5@4=2;5@5=1;5@0=1;5@8=1;5@9=1;5@6=1;6@1=1;6@2=2;6@4=3;6@5=1;6@7=1;6@0=3;6@9=3;7@4=1;7@7=1;7@0=1;8@1=4;8@2=2;8@4=1;8@0=2;8@8=2;9@3=1;9@4=3;9@5=1;9@7=1;9@6=3,"1,2,3,4,5,7,0,8,9,6",112,60,60,0,1.0,-0.2825268321940665,0.5,0.01747316780593342,0.0,0.0,0.7999999999999999,0.69999098777771,Feasible|selected=greedy
1311,1310,9,3,6,"ADD:2,8;ADD:3,8;ADD:8,8;REMOVE:0,3;REMOVE:1,7;REMOVE:2,2;REMOVE:3,7;REMOVE:5,2;REMOVE:8,7",0:3|7;1:7;2:2|7;3:7;4:2|9;5:2|7;6:2|7;7:7;8:7;9:7|8,0:7;1:-;2:7|8;3:8;4:2|9;5:7;6:2|7;7:7;8:8;9:7|8,0@0=1;0@1=2;0@2=3;0@3=1;0@4=1;0@8=1;2@0=1;2@1=1;2@2=1;2@3=1;2@8=1;2@5=1;2@6=2;2@7=1;3@4=1;3@8=2;3@6=1;4@1=1;4@2=2;4@4=1;4@5=3;4@9=1;5@1=1;5@3=2;5@4=1;5@6=1;6@1=3;6@2=1;6@3=1;6@4=2;6@8=1;6@5=2;6@7=1;6@9=2;7@8=1;7@6=2;7@7=2;8@4=2;8@8=1;9@0=1;9@1=2;9@2=1;9@4=2;9@8=1;9@5=2;9@6=2;9@7=1,"0,1,2,3,4,8,5,6,7,9",68,47,47,0,1.0,0.09540932269258323,0.375,0.020409322692583293,0.0,0.0,0.30000000000000004,0.5490388870239258,Feasible|selected=greedy
1312,1311,17,9,8,"ADD:0,2;ADD:3,3;ADD:3,9;ADD:4,7;ADD:4,8;ADD:5,2;ADD:7,2;ADD:7,3;ADD:8,2;REMOVE:2,8;REMOVE:3,8;REMOVE:4,2;REMOVE:4,9;REMOVE:6,7;REMOVE:7,7;REMOVE:8,8;REMOVE:9,7",0:7;1:-;2:7|8;3:8;4:2|9;5:7;6:2|7;7:7;8:8;9:7|8,0:2|7;1:-;2:7;3:3|9;4:7|8;5:2|7;6:2;7:2|3;8:2;9:8,0@0=1;0@1=1;0@2=3;0@4=4;0@5=2;0@7=3;2@1=2;2@2=5;2@4=2;2@7=2;2@3=2;2@6=2;2@8=3;2@9=1;3@1=1;3@2=4;3@5=4;3@3=1;3@6=1;3@9=1;4@0=2;4@1=1;4@2=5;4@4=3;4@5=2;4@7=1;4@3=1;4@6=2;4@8=2;5@0=1;5@1=2;5@2=2;5@4=1;5@5=1;5@7=1;6@0=1;6@2=3;6@4=4;6@5=2;6@7=2;6@3=1;6@8=4;6@9=2;7@1=3;7@2=3;7@4=2;7@5=3;7@3=1;7@9=1;8@2=1;8@4=3;8@5=1;8@7=1;8@3=1;8@9=1;9@2=3;9@8=1,"0,1,2,4,5,7,3,6,8,9",116,57,57,0,1.0,-0.26272368086833753,0.6153846153846154,0.02189170374704701,0.0,0.0,0.8999999999999999,0.6823570728302002,Feasible|selected=greedy
1313,1312,18,10,8,"ADD:0,8;ADD:1,2;ADD:2,8;ADD:3,7;ADD:5,8;ADD:6,7;ADD:7,8;ADD:8,3;ADD:8,7;ADD:9,7;REMOVE:0,2;REMOVE:3,3;REMOVE:3,9;REMOVE:5,2;REMOVE:6,2;REMOVE:7,2;REMOVE:7,3;REMOVE:8,2",0:2|7;1:-;2:7;3:3|9;4:7|8;5:2|7;6:2;7:2|3;8:2;9:8,0:7|8;1:2;2:7|8;3:7;4:7|8;5:7|8;6:7;7:8;8:3|7;9:7|8,0@0=2;0@1=4;0@2=4;0@4=3;0@5=3;0@6=1;0@7=3;1@2=1;2@0=4;2@1=1;2@2=7;2@4=8;2@5=2;2@6=1;2@7=4;2@8=3;3@0=2;3@1=2;3@2=3;3@4=2;3@6=1;3@7=1;3@3=1;4@1=4;4@2=3;4@4=8;4@5=4;4@6=5;4@7=2;4@8=1;4@9=2;5@0=1;5@1=2;5@2=2;5@5=1;5@6=1;5@7=1;5@8=4;6@0=2;6@1=3;6@2=8;6@4=2;6@6=3;6@7=2;6@8=1;6@9=2;7@1=1;7@4=2;7@5=1;7@7=2;7@8=1;8@0=1;8@1=3;8@2=4;8@5=1;8@6=1;8@7=1;8@3=1;9@1=5;9@2=4;9@4=1;9@5=1;9@6=2;9@8=1;9@3=1;9@9=2,"0,1,2,4,5,6,7,8,3,9",163,66,66,0,1.0,-0.41288824038428207,0.5714285714285714,0.015683188187146386,0.0,0.0,0.9999999999999999,0.7622542381286621,Feasible|selected=greedy
1314,1313,13,7,6,"ADD:1,8;ADD:3,2;ADD:4,2;ADD:5,2;ADD:6,8;ADD:7,7;ADD:9,2;REMOVE:1,2;REMOVE:4,8;REMOVE:5,8;REMOVE:7,8;REMOVE:8,3;REMOVE:9,8",0:7|8;1:2;2:7|8;3:7;4:7|8;5:7|8;6:7;7:8;8:3|7;9:7|8,0:7|8;1:8;2:7|8;3:2|7;4:2|7;5:2|7;6:7|8;7:7;8:7;9:2|7,0@1=3;0@2=4;0@3=2;0@4=1;0@5=1;0@6=1;0@7=1;0@8=1;0@9=1;1@8=1;2@1=2;2@2=2;2@4=1;2@5=3;2@6=1;2@7=4;2@8=2;2@0=3;3@1=2;3@2=5;3@3=1;3@4=1;3@5=1;3@7=1;3@0=2;4@1=1;4@2=8;4@3=2;4@4=8;4@5=1;4@6=1;4@7=1;4@8=1;4@9=2;4@0=1;5@1=1;5@2=2;5@4=4;5@5=1;5@6=1;5@9=1;5@0=1;6@1=2;6@2=3;6@4=4;6@5=1;6@6=2;6@7=1;6@0=1;7@1=3;7@2=2;7@3=3;7@4=2;7@6=2;8@1=1;8@2=1;8@4=1;8@6=1;8@7=1;9@1=7;9@2=2;9@3=1;9@4=3;9@5=2;9@7=3;9@8=3;9@9=1,"1,2,3,4,5,6,7,8,9,0",137,67,67,0,1.0,-0.3018353214207762,0.375,0.023164678579223802,0.0,0.0,0.7,0.7123639583587646,Feasible|selected=greedy
1315,1314,11,5,6,"ADD:1,2;ADD:2,2;ADD:3,8;ADD:7,0;ADD:8,2;REMOVE:1,8;REMOVE:2,8;REMOVE:3,2;REMOVE:5,2;REMOVE:7,7;REMOVE:9,2",0:7|8;1:8;2:7|8;3:2|7;4:2|7;5:2|7;6:7|8;7:7;8:7;9:2|7,0:7|8;1:2;2:2|7;3:7|8;4:2|7;5:7;6:7|8;7:0;8:2|7;9:7,0@1=1;0@2=3;0@3=1;0@5=2;0@6=1;0@7=1;0@8=2;1@2=1;2@1=1;2@2=4;2@3=1;2@5=1;2@6=1;2@8=2;2@0=3;2@4=3;2@9=1;3@1=1;3@2=3;3@3=1;3@5=1;3@7=2;3@8=1;3@4=2;4@1=2;4@2=6;4@3=2;4@5=1;4@7=3;4@8=1;4@0=1;5@1=4;5@2=3;5@7=1;5@4=5;5@9=2;6@1=3;6@2=4;6@3=1;6@5=3;6@6=3;6@7=3;6@8=1;6@4=7;6@9=2;7@0=1;8@1=1;8@2=1;8@3=1;8@5=2;8@8=1;8@0=1;8@9=2;9@1=1;9@2=2;9@6=1;9@7=2;9@8=1;9@4=4,"1,2,3,5,6,7,8,0,4,9",119,59,59,0,1.0,-0.12389763347307808,0.35294117647058826,0.023161190056333637,0.0,0.0,0.5,0.6293349266052246,Feasible|selected=greedy
1316,1315,14,5,9,"ADD:2,8;ADD:3,3;ADD:5,2;ADD:7,7;ADD:9,8;REMOVE:0,7;REMOVE:1,2;REMOVE:2,2;REMOVE:3,7;REMOVE:3,8;REMOVE:5,7;REMOVE:6,8;REMOVE:7,0;REMOVE:8,7",0:7|8;1:2;2:2|7;3:7|8;4:2|7;5:7;6:7|8;7:0;8:2|7;9:7,0:8;1:-;2:7|8;3:3;4:2|7;5:2;6:7;7:7;8:2;9:7|8,0@1=3;0@2=2;0@4=3;0@6=1;0@7=3;0@8=1;2@1=1;2@2=5;2@4=3;2@6=2;2@7=2;2@8=1;2@0=1;2@3=1;2@5=2;3@1=3;3@2=3;3@3=1;3@5=1;3@9=2;4@1=4;4@2=7;4@4=7;4@6=2;4@7=2;4@0=2;4@3=2;4@5=1;5@2=3;5@4=1;5@0=1;5@5=1;5@9=1;6@1=2;6@2=4;6@4=2;6@6=2;6@7=1;6@0=2;7@2=2;7@4=1;7@7=1;7@8=1;7@0=1;8@2=1;8@4=1;8@7=1;8@8=3;8@0=3;8@5=1;8@9=2;9@1=1;9@2=2;9@6=2;9@7=1;9@8=3;9@3=2;9@5=1;9@9=1,"1,2,4,6,7,8,0,3,5,9",119,59,59,0,1.0,0.08250278710069969,0.5625,0.02000278710069964,0.0,0.0,0.5,0.6707792282104492,Feasible|selected=greedy
1317,1316,13,7,6,"ADD:0,7;ADD:1,8;ADD:2,2;ADD:3,7;ADD:3,8;ADD:7,8;ADD:8,7;REMOVE:2,7;REMOVE:2,8;REMOVE:3,3;REMOVE:7,7;REMOVE:8,2;REMOVE:9,7",0:8;1:-;2:7|8;3:3;4:2|7;5:2;6:7;7:7;8:2;9:7|8,0:7|8;1:8;2:2;3:7|8;4:2|7;5:2;6:7;7:8;8:7;9:8,0@1=1;0@2=2;0@4=1;0@5=1;0@7=1;0@8=1;0@9=2;1@5=1;1@8=1;2@2=4;2@4=1;2@5=1;2@7=1;2@8=1;2@0=3;2@3=1;3@1=1;3@2=3;3@5=2;3@7=2;3@8=2;3@9=1;3@0=1;3@6=2;4@1=2;4@2=5;4@4=4;4@5=3;4@7=1;4@8=3;4@9=1;4@0=2;4@3=1;5@2=6;5@4=2;5@5=6;5@7=1;5@8=3;5@3=1;6@1=4;6@4=5;6@7=1;6@8=4;6@9=2;6@0=4;6@3=4;6@6=2;7@2=1;7@4=1;7@7=1;7@8=1;8@2=2;8@4=1;8@8=1;8@0=1;8@3=1;8@6=1;9@1=2;9@2=3;9@4=3;9@5=1;9@7=4;9@8=1;9@6=2,"1,2,4,5,7,8,9,0,3,6",131,64,64,0,1.0,-0.17890325982494093,0.5,0.021096740175058984,0.0,0.0,0.7,0.7368888854980469,Feasible|selected=greedy
1318,1317,14,7,7,"ADD:1,7;ADD:2,7;ADD:2,8;ADD:5,7;ADD:6,2;ADD:7,2;ADD:8,8;REMOVE:0,8;REMOVE:1,8;REMOVE:2,2;REMOVE:3,8;REMOVE:5,2;REMOVE:7,8;REMOVE:8,7",0:7|8;1:8;2:2;3:7|8;4:2|7;5:2;6:7;7:8;8:7;9:8,0:7;1:7;2:7|8;3:7;4:2|7;5:7;6:2|7;7:2;8:8;9:8,0@1=2;0@2=1;0@3=1;0@4=5;0@6=2;0@7=2;0@8=3;0@9=1;1@2=1;1@7=1;2@1=2;2@2=1;2@3=1;2@4=2;2@6=1;2@7=1;2@8=1;2@5=1;3@1=1;3@2=1;3@3=2;3@4=2;3@6=2;3@8=1;4@2=2;4@3=1;4@4=1;4@6=2;4@7=1;4@5=1;5@2=2;5@3=5;5@4=1;5@6=1;5@9=1;6@1=1;6@2=4;6@3=1;6@4=3;6@6=1;6@8=1;6@9=1;6@5=1;6@0=1;7@4=2;7@5=1;7@0=1;8@1=1;8@4=5;8@8=1;8@5=1;9@1=1;9@2=3;9@8=1,"1,2,3,4,6,7,8,9,5,0",87,54,54,0,1.0,-0.14464162691371696,0.5384615384615384,0.016896834624744603,0.0,0.0,0.7,0.6720960140228271,Feasible|selected=greedy
1319,1318,15,7,8,"ADD:0,2;ADD:0,8;ADD:2,2;ADD:3,8;ADD:5,8;ADD:8,7;ADD:9,2;REMOVE:0,7;REMOVE:1,7;REMOVE:2,7;REMOVE:2,8;REMOVE:3,7;REMOVE:4,2;REMOVE:8,8;REMOVE:9,8",0:7;1:7;2:7|8;3:7;4:2|7;5:7;6:2|7;7:2;8:8;9:8,0:2|8;1:-;2:2;3:8;4:7;5:7|8;6:2|7;7:2;8:7;9:2,0@0=1;0@1=1;0@2=5;0@4=5;0@5=1;0@8=2;2@0=2;2@2=2;2@4=1;2@5=1;2@8=3;2@3=1;2@7=2;2@9=3;3@1=3;3@2=1;3@4=1;3@8=3;3@7=1;3@6=1;4@0=1;4@1=2;4@2=2;4@4=3;4@8=1;4@7=2;4@9=2;4@6=1;5@0=2;5@1=5;5@2=1;5@4=1;5@5=2;5@7=2;5@6=2;6@0=2;6@2=3;6@4=2;6@5=1;6@8=1;6@7=3;6@9=3;6@6=1;7@2=1;8@0=2;8@1=1;8@2=2;8@4=1;8@8=1;9@0=1;9@2=2;9@4=5;9@5=1;9@8=1;9@3=1;9@9=3,"0,1,2,4,5,8,3,7,9,6",107,56,56,0,1.0,-0.06001910467745941,0.6153846153846154,0.024596279937925094,0.0,0.0,0.7,0.6563589572906494,Feasible|selected=greedy
1320,1319,11,7,4,"ADD:2,7;ADD:2,8;ADD:3,2;ADD:3,7;ADD:4,2;ADD:7,7;ADD:9,7;REMOVE:0,2;REMOVE:2,2;REMOVE:3,8;REMOVE:7,2",0:2|8;1:-;2:2;3:8;4:7;5:7|8;6:2|7;7:2;8:7;9:2,0:8;1:-;2:7|8;3:2|7;4:2|7;5:7|8;6:2|7;7:7;8:7;9:2|7,0@1=1;0@2=7;0@4=2;0@5=4;0@6=3;0@7=1;0@8=2;2@1=2;2@2=2;2@4=6;2@5=3;2@6=2;2@8=5;2@0=1;2@3=2;3@1=2;3@2=2;3@4=7;3@5=1;3@6=1;3@7=2;3@0=1;3@3=2;4@1=1;4@2=3;4@4=6;4@5=3;4@6=4;4@8=1;4@0=1;4@3=1;4@9=2;5@1=3;5@2=3;5@5=1;5@6=1;5@7=2;5@8=3;5@3=1;5@9=1;6@1=2;6@2=2;6@4=5;6@5=1;6@6=1;6@7=3;6@0=1;6@3=1;6@9=3;7@1=1;7@2=2;7@4=2;7@6=1;7@7=3;7@3=1;8@1=4;8@2=3;8@7=1;8@8=1;8@0=1;8@9=1;9@2=2;9@4=4;9@5=2;9@6=2;9@7=2;9@8=1;9@0=1;9@3=4;9@9=1,"1,2,4,5,6,7,8,0,3,9",157,70,70,0,1.0,-0.34706948743310745,0.3333333333333333,0.019597179233559213,0.0,0.0,0.7,0.7741799354553223,Feasible|selected=greedy
1321,1320,12,6,6,"ADD:0,2;ADD:0,7;ADD:1,5;ADD:3,8;ADD:6,8;ADD:7,2;REMOVE:0,8;REMOVE:2,8;REMOVE:3,2;REMOVE:6,2;REMOVE:7,7;REMOVE:9,7",0:8;1:-;2:7|8;3:2|7;4:2|7;5:7|8;6:2|7;7:7;8:7;9:2|7,0:2|7;1:5;2:7;3:7|8;4:2|7;5:7|8;6:7|8;7:2;8:7;9:2,0@0=1;0@2=1;0@3=1;0@4=4;0@5=1;0@6=3;0@7=1;0@9=2;1@5=1;2@2=3;2@3=3;2@4=3;2@6=1;2@1=2;2@8=1;3@2=2;3@3=1;3@4=2;3@5=1;3@6=1;3@7=1;3@9=2;3@1=2;3@8=2;4@0=2;4@2=5;4@4=4;4@5=2;4@6=2;4@7=1;4@9=4;4@1=1;4@8=1;5@0=2;5@2=8;5@3=1;5@4=2;5@5=2;5@6=2;5@1=1;5@8=3;6@2=4;6@3=2;6@4=2;6@5=1;6@6=1;6@7=2;6@9=1;6@1=2;6@8=4;7@2=1;7@4=2;7@5=1;7@9=1;7@8=1;8@0=1;8@4=3;8@9=1;8@8=1;9@2=3;9@3=1;9@4=5;9@5=2,"0,2,3,4,5,6,7,9,1,8",127,63,63,0,1.0,-0.18105707187730036,0.4,0.018942928122699612,0.0,0.0,0.6,0.7166750431060791,Feasible|selected=greedy
1322,1321,10,5,5,"ADD:1,4;ADD:2,8;ADD:7,7;ADD:9,3;ADD:9,7;REMOVE:1,5;REMOVE:3,7;REMOVE:5,7;REMOVE:7,2;REMOVE:9,2",0:2|7;1:5;2:7;3:7|8;4:2|7;5:7|8;6:7|8;7:2;8:7;9:2,0:2|7;1:4;2:7|8;3:8;4:2|7;5:8;6:7|8;7:7;8:7;9:3|7,0@0=1;0@1=3;0@2=5;0@3=2;0@4=1;0@5=1;0@6=2;0@7=2;0@9=3;1@4=1;2@1=4;2@2=4;2@3=2;2@4=2;2@5=1;2@6=1;2@7=2;2@9=2;2@8=2;3@1=2;3@2=2;3@4=3;3@5=1;3@7=2;4@0=1;4@1=5;4@2=8;4@3=4;4@4=2;4@5=3;4@7=4;4@9=1;4@8=1;5@1=2;5@2=2;5@4=3;5@5=1;5@7=1;5@8=1;6@1=2;6@2=3;6@4=3;6@5=1;6@6=1;6@9=3;6@8=1;7@0=1;7@1=1;7@2=1;7@3=1;7@4=2;7@8=1;8@0=1;8@1=2;8@2=1;8@4=4;8@6=1;8@9=1;8@8=3;9@1=1;9@2=3;9@3=1;9@4=2;9@5=1;9@6=3;9@7=1;9@9=2,"0,1,2,3,4,5,6,7,9,8",138,67,67,0,1.0,-0.14593422751360297,0.3333333333333333,0.020732439153063748,0.0,0.0,0.5,0.762117862701416,Feasible|selected=greedy
1323,1322,14,7,7,"ADD:1,1;ADD:2,2;ADD:3,2;ADD:3,3;ADD:4,8;ADD:5,7;ADD:7,2;REMOVE:0,2;REMOVE:1,4;REMOVE:2,8;REMOVE:3,8;REMOVE:4,2;REMOVE:5,8;REMOVE:6,8",0:2|7;1:4;2:7|8;3:8;4:2|7;5:8;6:7|8;7:7;8:7;9:3|7,0:7;1:1;2:2|7;3:2|3;4:7|8;5:7;6:7;7:2|7;8:7;9:3|7,0@0=1;0@1=4;0@2=4;0@4=1;0@7=1;0@8=1;1@1=1;2@0=3;2@1=2;2@2=3;2@4=6;2@7=1;2@8=1;2@3=1;2@5=2;2@6=2;2@9=3;3@1=2;3@2=4;3@4=3;3@3=1;3@5=1;3@9=1;4@0=1;4@1=3;4@2=4;4@4=3;4@7=2;4@8=3;4@3=1;4@5=1;4@6=4;5@1=5;5@2=3;5@4=3;5@8=2;5@6=2;5@9=1;6@0=1;6@1=2;6@2=4;6@4=1;6@3=2;7@1=1;7@2=1;7@4=1;7@7=1;7@5=1;7@9=1;8@0=1;8@2=4;8@4=1;8@7=2;8@8=2;8@6=2;9@0=1;9@1=1;9@2=4;9@4=1;9@3=1;9@5=1,"0,1,2,4,7,8,3,5,6,9",124,61,61,0,1.0,-0.21745830580407738,0.4666666666666667,0.01587502752925588,0.0,0.0,0.7,0.6946170330047607,Feasible|selected=greedy
1324,1323,13,6,7,"ADD:1,2;ADD:1,9;ADD:2,8;ADD:3,7;ADD:5,3;ADD:6,8;REMOVE:1,1;REMOVE:2,2;REMOVE:3,2;REMOVE:3,3;REMOVE:6,7;REMOVE:7,2;REMOVE:9,3",0:7;1:1;2:2|7;3:2|3;4:7|8;5:7;6:7;7:2|7;8:7;9:3|7,0:7;1:2|9;2:7|8;3:7;4:7|8;5:3|7;6:8;7:7;8:7;9:7,0@1=3;0@2=2;0@3=3;0@4=3;0@6=1;0@7=1;0@8=1;0@9=2;1@2=4;1@3=1;1@4=1;1@6=1;1@9=1;1@5=1;2@1=3;2@2=4;2@3=2;2@4=2;2@6=1;2@7=2;2@8=2;2@5=1;2@0=1;3@1=4;3@2=2;3@3=1;3@4=3;3@7=2;3@8=2;3@9=2;4@1=2;4@2=1;4@4=3;4@6=2;4@7=4;4@8=1;4@9=1;4@5=2;4@0=1;5@1=6;5@2=1;5@3=2;5@4=2;5@6=1;5@7=1;5@9=2;5@5=1;6@1=1;6@2=2;6@4=3;6@6=2;6@7=2;6@8=2;7@2=1;7@3=1;7@4=1;7@6=1;7@7=1;7@8=1;7@9=2;8@1=1;8@4=4;8@6=1;8@7=1;8@9=1;8@0=2;9@1=1;9@3=1;9@4=4;9@7=1;9@9=3;9@0=1,"1,2,3,4,6,7,8,9,5,0",133,72,72,0,1.0,-0.11357055248380349,0.4666666666666667,0.019762780849529836,0.0,0.0,0.6,0.7369210720062256,Feasible|selected=greedy
1325,1324,11,5,6,"ADD:0,2;ADD:0,8;ADD:1,7;ADD:5,2;ADD:6,7;REMOVE:0,7;REMOVE:1,2;REMOVE:1,9;REMOVE:4,8;REMOVE:5,7;REMOVE:6,8",0:7;1:2|9;2:7|8;3:7;4:7|8;5:3|7;6:8;7:7;8:7;9:7,0:2|8;1:7;2:7|8;3:7;4:7;5:2|3;6:7;7:7;8:7;9:7,0@0=1;0@1=2;0@2=2;0@4=1;0@5=2;0@8=1;1@1=2;1@2=1;1@4=2;1@7=1;1@9=1;2@0=1;2@1=3;2@2=5;2@4=1;2@5=1;2@8=2;2@3=2;2@6=3;3@0=2;3@1=2;3@4=1;3@9=1;3@3=1;3@6=1;4@0=2;4@1=2;4@2=4;4@8=1;4@3=1;4@6=2;5@1=1;5@2=1;5@4=1;5@5=1;5@3=1;6@1=1;6@7=1;6@6=3;7@2=2;7@4=1;7@8=1;7@9=1;7@6=1;8@1=1;8@2=2;8@4=2;8@8=1;8@7=1;8@3=1;9@0=1;9@2=3;9@4=3;9@7=1;9@9=1;9@3=1,"0,1,2,4,5,8,7,9,3,6",88,56,56,0,1.0,-0.05862218116967938,0.42857142857142855,0.012806390258892096,0.0,0.0,0.5,0.636448860168457,Feasible|selected=greedy
1326,1325,12,6,6,"ADD:0,7;ADD:2,2;ADD:3,2;ADD:3,3;ADD:4,8;ADD:5,7;REMOVE:0,2;REMOVE:0,8;REMOVE:2,8;REMOVE:3,7;REMOVE:5,2;REMOVE:5,3",0:2|8;1:7;2:7|8;3:7;4:7;5:2|3;6:7;7:7;8:7;9:7,0:7;1:7;2:2|7;3:2|3;4:7|8;5:7;6:7;7:7;8:7;9:7,0@0=1;0@4=3;0@6=1;0@8=1;0@9=1;1@4=2;1@6=1;1@8=2;1@9=1;1@1=3;1@2=6;1@3=3;2@0=3;2@4=1;2@6=3;2@8=1;2@9=2;2@2=2;2@5=3;2@7=1;3@4=1;3@9=1;3@1=2;3@2=4;3@3=1;3@5=3;4@0=1;4@4=2;4@6=3;4@8=3;4@9=1;4@1=5;4@2=3;4@5=2;5@0=2;5@4=5;5@6=2;5@1=1;5@2=4;5@3=1;6@0=3;6@4=4;6@6=2;6@9=3;6@1=3;6@2=3;6@3=1;7@4=1;7@8=2;7@9=1;7@1=1;7@2=1;7@7=1;8@4=1;8@8=1;8@9=1;8@1=1;8@2=1;8@7=1;9@0=3;9@4=2;9@9=3;9@1=2;9@2=2;9@7=1,"0,4,6,8,9,1,2,3,5,7",133,65,65,0,1.0,-0.12806762762997081,0.46153846153846156,0.010393910831567581,0.0,0.0,0.6,0.706550121307373,Feasible|selected=greedy
1327,1326,13,7,6,"ADD:0,8;ADD:2,3;ADD:3,7;ADD:3,8;ADD:7,2;ADD:7,8;ADD:8,8;REMOVE:0,7;REMOVE:2,2;REMOVE:3,2;REMOVE:3,3;REMOVE:7,7;REMOVE:8,7",0:7;1:7;2:2|7;3:2|3;4:7|8;5:7;6:7;7:7;8:7;9:7,0:8;1:7;2:3|7;3:7|8;4:7|8;5:7;6:7;7:2|8;8:8;9:7,0@1=2;0@2=4;0@4=5;0@5=1;0@7=2;1@2=2;1@7=2;1@0=3;1@3=2;1@9=1;2@1=2;2@2=2;2@4=5;2@5=1;2@7=2;2@3=1;2@9=1;2@6=2;3@1=1;3@2=4;3@4=2;3@5=2;3@9=1;3@6=2;3@8=3;4@1=1;4@2=3;4@4=1;4@5=2;4@3=2;4@9=1;4@6=3;4@8=1;5@1=4;5@2=1;5@4=6;5@7=1;5@3=2;5@9=2;6@1=2;6@2=1;6@4=2;6@7=2;6@0=3;6@3=3;6@8=2;7@1=1;7@2=1;7@4=6;7@5=1;7@3=2;7@8=1;8@2=1;8@4=2;8@5=1;8@7=1;8@6=1;8@8=1;9@1=2;9@2=4;9@4=4;9@7=2;9@0=1;9@3=4;9@6=2,"1,2,4,5,7,0,3,9,6,8",138,65,65,0,1.0,-0.2260507128056814,0.46153846153846156,0.012410825655856978,0.0,0.0,0.7,0.7214858531951904,Feasible|selected=greedy
1328,1327,13,8,5,"ADD:0,2;ADD:2,8;ADD:4,2;ADD:6,2;ADD:7,3;ADD:7,7;ADD:8,2;ADD:9,2;REMOVE:2,3;REMOVE:4,8;REMOVE:7,2;REMOVE:7,8;REMOVE:8,8",0:8;1:7;2:3|7;3:7|8;4:7|8;5:7;6:7;7:2|8;8:8;9:7,0:2|8;1:7;2:7|8;3:7|8;4:2|7;5:7;6:2|7;7:3|7;8:2;9:2|7,0@1=4;0@2=3;0@4=1;0@5=3;0@8=2;0@9=1;1@1=4;1@2=3;1@4=3;1@0=1;1@3=1;1@6=2;1@7=3;2@1=1;2@2=2;2@4=6;2@5=1;2@0=1;2@6=2;2@7=1;3@1=1;3@2=5;3@4=2;3@5=2;3@8=1;3@9=4;3@0=1;3@6=2;4@1=4;4@2=2;4@4=5;4@5=1;4@8=1;4@9=2;4@0=4;4@3=1;4@6=2;4@7=1;5@1=1;5@2=3;5@4=5;5@8=3;5@3=3;6@1=1;6@2=3;6@4=6;6@5=4;6@8=1;6@9=1;6@0=1;6@3=3;6@6=3;7@1=1;7@5=2;7@0=1;7@3=1;7@7=1;8@2=1;8@5=1;8@0=2;8@7=1;9@1=3;9@2=5;9@4=1;9@5=2;9@8=2;9@9=1;9@0=2;9@3=1;9@7=1,"1,2,4,5,8,9,0,3,6,7",153,70,70,0,1.0,-0.425864519628686,0.35714285714285715,0.01699262322845681,0.0,0.0,0.7999999999999999,0.7452378273010254,Feasible|selected=greedy
1329,1328,20,9,11,"ADD:0,7;ADD:1,2;ADD:2,2;ADD:3,2;ADD:4,8;ADD:5,3;ADD:6,8;ADD:8,8;ADD:9,3;REMOVE:0,2;REMOVE:0,8;REMOVE:1,7;REMOVE:2,7;REMOVE:2,8;REMOVE:3,7;REMOVE:3,8;REMOVE:4,2;REMOVE:6,2;REMOVE:7,3;REMOVE:9,2",0:2|8;1:7;2:7|8;3:7|8;4:2|7;5:7;6:2|7;7:3|7;8:2;9:2|7,0:7;1:2;2:2;3:2;4:7|8;5:3|7;6:7|8;7:7;8:2|8;9:3|7,0@0=3;0@1=1;0@2=3;0@3=1;0@4=2;0@7=3;1@2=2;1@4=1;1@5=1;1@9=1;2@0=2;2@2=3;2@3=1;2@4=3;2@9=1;3@2=2;3@3=2;3@4=5;3@5=2;3@8=1;4@0=2;4@1=5;4@2=1;4@4=1;4@7=3;4@5=1;4@9=4;4@8=1;4@6=2;5@1=1;5@2=1;5@3=2;5@4=2;5@7=1;5@5=2;6@0=2;6@1=2;6@2=1;6@3=4;6@4=2;6@7=1;6@5=4;6@8=2;6@6=1;7@1=3;7@2=1;7@4=2;7@7=1;7@9=1;7@8=1;7@6=1;8@0=2;8@1=2;8@2=4;8@7=1;8@5=1;8@8=1;8@6=3;9@0=2;9@1=3;9@2=1;9@3=1;9@5=1;9@9=2;9@6=1,"0,1,2,3,4,7,5,9,8,6",123,65,65,0,1.0,-0.23205237619537855,0.6470588235294118,0.02088880027520957,0.0,0.0,0.8999999999999999,0.7404751777648926,Feasible|selected=greedy
1330,1329,14,6,8,"ADD:1,7;ADD:1,8;ADD:2,8;ADD:3,7;ADD:5,2;ADD:8,7;REMOVE:1,2;REMOVE:3,2;REMOVE:4,8;REMOVE:5,3;REMOVE:6,8;REMOVE:8,2;REMOVE:8,8;REMOVE:9,3",0:7;1:2;2:2;3:2;4:7|8;5:3|7;6:7|8;7:7;8:2|8;9:3|7,0:7;1:7|8;2:2|8;3:7;4:7;5:2|7;6:7;7:7;8:7;9:7,0@1=3;0@2=3;0@3=1;0@4=6;0@6=1;0@7=3;0@8=1;1@1=1;1@2=2;1@4=2;1@6=2;1@0=1;1@5=4;2@1=5;2@2=3;2@4=1;2@8=1;2@5=1;2@9=3;3@1=2;3@2=3;3@3=2;3@4=4;3@6=1;3@0=1;4@1=2;4@2=3;4@3=2;4@4=5;4@6=2;4@8=2;4@0=2;5@1=2;5@2=3;5@4=1;5@7=1;5@8=3;5@0=1;5@5=2;5@9=1;6@1=4;6@2=1;6@3=1;6@4=2;6@6=1;6@7=1;6@8=2;6@0=3;6@9=1;7@1=1;7@2=1;7@4=3;7@0=3;8@1=1;8@4=2;8@8=2;8@0=2;8@9=1;9@1=1;9@2=3;9@3=1;9@4=2;9@0=2,"1,2,3,4,6,7,8,0,5,9",130,63,63,0,1.0,-0.05768546269419428,0.5333333333333333,0.008981203972472417,0.0,0.0,0.6,0.7438070774078369,Feasible|selected=greedy
1331,1330,16,10,6,"ADD:0,8;ADD:1,2;ADD:2,3;ADD:2,7;ADD:3,5;ADD:3,8;ADD:4,2;ADD:6,2;ADD:7,8;ADD:9,8;REMOVE:1,8;REMOVE:2,2;REMOVE:2,8;REMOVE:3,7;REMOVE:5,2;REMOVE:9,7",0:7;1:7|8;2:2|8;3:7;4:7;5:2|7;6:7;7:7;8:7;9:7,0:7|8;1:2|7;2:3|7;3:5|8;4:2|7;5:7;6:2|7;7:7|8;8:7;9:8,0@0=1;0@1=1;0@2=3;0@4=4;0@5=1;0@6=2;0@7=1;1@0=3;1@1=2;1@2=1;1@4=1;1@5=3;1@3=1;2@0=1;2@1=1;2@2=2;2@5=3;2@6=1;2@7=1;2@3=4;2@9=1;3@0=2;3@1=2;3@2=1;3@5=1;3@3=2;3@8=1;4@0=3;4@2=3;4@4=3;4@5=1;4@6=2;4@3=3;4@9=1;4@8=1;5@1=1;5@2=1;5@3=2;5@8=3;6@0=1;6@1=2;6@2=5;6@4=4;6@5=1;6@6=2;6@7=1;6@3=1;6@9=1;7@0=1;7@1=2;7@4=1;7@5=1;7@6=1;7@9=1;8@1=1;8@2=2;8@4=1;8@7=2;8@9=2;9@1=2;9@4=3;9@5=2;9@6=1;9@8=1,"0,1,2,4,5,6,7,3,9,8",113,64,64,0,1.0,-0.519183457033169,0.46153846153846156,0.019278081428369266,0.0,0.0,0.9999999999999999,0.7430729866027832,Feasible|selected=greedy
1332,1331,15,4,11,"ADD:1,9;ADD:7,3;ADD:8,2;ADD:9,7;REMOVE:0,8;REMOVE:1,2;REMOVE:1,7;REMOVE:2,3;REMOVE:3,5;REMOVE:4,2;REMOVE:6,2;REMOVE:7,7;REMOVE:7,8;REMOVE:8,7;REMOVE:9,8",0:7|8;1:2|7;2:3|7;3:5|8;4:2|7;5:7;6:2|7;7:7|8;8:7;9:8,0:7;1:9;2:7;3:8;4:7;5:7;6:7;7:3;8:2;9:7,0@0=1;0@1=3;0@3=1;0@4=4;0@6=1;0@7=2;0@9=2;1@9=1;2@0=1;2@1=2;2@3=1;2@4=2;2@6=1;2@7=1;2@9=2;2@2=1;3@1=1;3@4=3;3@6=2;3@5=2;4@0=2;4@4=1;4@7=1;4@9=1;4@2=2;4@8=1;5@0=2;5@1=1;5@4=1;5@6=1;5@7=2;5@2=2;5@8=1;6@0=1;6@1=3;6@4=1;6@6=1;6@9=1;6@2=1;6@8=1;7@3=5;7@7=1;7@9=1;7@5=2;8@7=1;8@9=1;8@2=1;8@5=1;9@0=1;9@1=1;9@2=1;9@8=1,"0,1,3,4,6,7,9,2,5,8",78,52,52,0,1.0,0.2637547257685343,0.6470588235294118,0.016695902239122526,0.0,0.0,0.4,0.6357600688934326,Feasible|selected=greedy
1333,1332,15,9,6,"ADD:1,7;ADD:2,8;ADD:3,4;ADD:4,2;ADD:5,8;ADD:6,8;ADD:7,2;ADD:8,7;ADD:9,2;REMOVE:1,9;REMOVE:2,7;REMOVE:3,8;REMOVE:4,7;REMOVE:7,3;REMOVE:8,2",0:7;1:9;2:7;3:8;4:7;5:7;6:7;7:3;8:2;9:7,0:7;1:7;2:8;3:4;4:2;5:7|8;6:7|8;7:2;8:7;9:2|7,0@1=1;0@2=1;0@4=1;0@6=2;0@8=2;0@9=2;1@1=2;1@4=1;1@6=1;1@9=2;1@0=2;2@1=2;2@2=4;2@4=2;2@6=3;2@8=2;2@5=1;2@7=1;3@2=1;3@4=1;4@2=1;4@4=1;4@0=1;4@5=2;4@7=1;4@3=2;5@1=2;5@2=3;5@4=1;5@6=2;5@8=1;5@9=1;5@0=2;5@5=1;5@7=1;6@1=2;6@2=3;6@4=4;6@6=2;6@5=1;6@7=3;6@3=1;7@2=2;7@9=1;7@5=1;7@7=1;8@1=1;8@2=2;8@4=2;8@6=1;8@0=1;8@7=1;8@3=1;9@1=1;9@2=3;9@4=1;9@6=1;9@9=1;9@0=2;9@5=1;9@3=1,"1,2,4,6,8,9,0,5,7,3",97,61,61,0,1.0,-0.2843466845014184,0.6,0.015653315498581483,0.0,0.0,0.8999999999999999,0.775972843170166,Feasible|selected=greedy
1334,1333,15,8,7,"ADD:2,3;ADD:2,9;ADD:3,2;ADD:4,7;ADD:5,2;ADD:6,2;ADD:7,7;ADD:8,2;REMOVE:2,8;REMOVE:3,4;REMOVE:4,2;REMOVE:5,7;REMOVE:6,8;REMOVE:7,2;REMOVE:9,7",0:7;1:7;2:8;3:4;4:2;5:7|8;6:7|8;7:2;8:7;9:2|7,0:7;1:7;2:3|9;3:2;4:7;5:2|8;6:2|7;7:7;8:2|7;9:2,0@0=2;0@2=1;0@3=2;0@4=4;0@6=1;1@4=1;1@7=1;1@8=2;1@9=1;2@2=1;2@3=1;2@6=2;2@1=3;2@5=2;3@0=1;3@4=2;3@8=3;3@9=1;3@5=2;4@2=3;4@3=2;4@4=2;4@6=1;4@1=2;5@0=1;5@2=2;5@3=2;5@4=4;5@8=1;5@1=1;5@5=1;6@0=2;6@2=4;6@3=3;6@4=2;6@6=2;6@7=1;6@8=1;6@9=1;6@1=3;6@5=1;7@2=1;7@3=1;7@4=3;7@7=2;7@8=1;7@9=1;7@1=2;8@2=1;8@4=1;8@7=2;8@9=1;8@1=1;8@5=1;9@2=3;9@3=1;9@4=1;9@8=1;9@5=2,"0,2,3,4,6,7,8,9,1,5",101,59,59,0,1.0,-0.24316902700420184,0.5384615384615384,0.01836943453425967,0.0,0.0,0.7999999999999999,0.7351961135864258,Feasible|selected=greedy
1335,1334,14,8,6,"ADD:0,8;ADD:1,2;ADD:2,2;ADD:2,7;ADD:3,7;ADD:5,7;ADD:7,3;ADD:9,7;REMOVE:0,7;REMOVE:1,7;REMOVE:2,3;REMOVE:2,9;REMOVE:5,2;REMOVE:5,8",0:7;1:7;2:3|9;3:2;4:7;5:2|8;6:2|7;7:7;8:2|7;9:2,0:8;1:2;2:2|7;3:2|7;4:7;5:7;6:2|7;7:3|7;8:2|7;9:2|7,0@1=2;0@2=3;0@4=1;0@5=1;0@6=1;0@7=1;0@8=1;1@2=2;1@4=4;1@5=1;2@1=1;2@2=2;2@4=9;2@5=1;2@6=2;2@8=4;2@0=2;2@3=1;2@9=1;3@1=2;3@2=3;3@4=2;3@5=1;3@7=1;3@8=2;3@3=1;3@9=2;4@1=7;4@2=6;4@4=2;4@7=1;4@8=1;4@0=2;4@3=1;5@1=3;5@2=1;5@4=3;5@6=1;5@7=2;5@8=1;5@0=4;5@3=3;5@9=1;6@1=3;6@2=4;6@4=4;6@5=1;6@6=1;6@7=3;6@8=2;6@0=2;6@3=4;6@9=1;7@1=2;7@2=5;7@4=3;7@5=4;7@7=1;7@3=1;8@1=1;8@2=1;8@4=1;8@5=3;8@7=1;8@9=1;9@1=1;9@2=2;9@4=4;9@5=3;9@7=1;9@8=2;9@3=1;9@9=1,"1,2,4,5,6,7,8,0,3,9",157,73,73,0,1.0,-0.35427834124157065,0.42857142857142855,0.017150230187000765,0.0,0.0,0.7999999999999999,0.8220310211181641,Feasible|selected=greedy
1336,1335,17,9,8,"ADD:0,2;ADD:0,7;ADD:1,7;ADD:4,2;ADD:5,3;ADD:6,8;ADD:6,9;ADD:7,2;ADD:9,8;REMOVE:0,8;REMOVE:1,2;REMOVE:3,2;REMOVE:6,2;REMOVE:6,7;REMOVE:7,7;REMOVE:8,7;REMOVE:9,2",0:8;1:2;2:2|7;3:2|7;4:7;5:7;6:2|7;7:3|7;8:2|7;9:2|7,0:2|7;1:7;2:2|7;3:7;4:2|7;5:3|7;6:8|9;7:2|3;8:2;9:7|8,0@0=2;0@1=5;0@2=3;0@4=3;0@5=2;0@7=2;1@1=1;1@2=2;1@4=1;1@7=1;1@6=2;1@9=3;2@0=1;2@1=2;2@2=2;2@4=5;2@5=2;2@7=1;2@6=3;2@9=2;2@3=1;2@8=1;3@0=2;3@1=4;3@2=1;3@4=6;3@7=1;3@6=1;3@9=2;4@0=1;4@1=4;4@2=7;4@4=7;4@5=1;4@6=2;4@9=1;5@1=2;5@2=2;5@4=6;5@5=1;5@7=2;5@6=1;5@9=3;5@3=1;6@1=1;6@2=2;6@5=2;6@6=5;6@9=3;6@8=2;7@1=2;7@2=1;7@4=1;7@5=1;7@3=1;8@2=6;8@4=2;8@5=1;8@7=2;8@9=3;8@3=1;9@0=1;9@1=4;9@2=3;9@4=1;9@5=2;9@7=2;9@6=2,"0,1,2,4,5,7,6,9,3,8",156,68,68,0,1.0,-0.3766205368508768,0.5,0.023379463149123134,0.0,0.0,0.8999999999999999,0.7395391464233398,Feasible|selected=greedy
1337,1336,17,7,10,"ADD:0,8;ADD:1,2;ADD:5,2;ADD:6,7;ADD:7,7;ADD:8,7;ADD:9,2;REMOVE:0,2;REMOVE:0,7;REMOVE:1,7;REMOVE:2,2;REMOVE:5,3;REMOVE:6,8;REMOVE:6,9;REMOVE:7,2;REMOVE:7,3;REMOVE:9,8",0:2|7;1:7;2:2|7;3:7;4:2|7;5:3|7;6:8|9;7:2|3;8:2;9:7|8,0:8;1:2;2:7;3:7;4:2|7;5:2|7;6:7;7:7;8:2|7;9:2|7,0@1=5;0@4=3;0@5=1;0@6=2;0@8=1;1@4=4;1@5=1;1@2=2;1@7=3;1@9=2;2@1=2;2@4=8;2@6=2;2@8=6;2@2=1;2@9=2;2@0=1;3@1=3;3@4=3;3@6=1;3@8=1;3@7=2;3@9=1;3@3=2;4@1=3;4@4=3;4@5=1;4@2=1;4@7=2;4@0=1;5@4=2;5@5=1;5@6=3;5@2=1;5@7=2;5@3=1;6@1=2;6@4=2;6@6=1;6@8=2;6@2=4;6@7=2;6@9=1;7@1=1;7@2=1;7@7=1;7@3=1;8@4=3;8@5=1;8@6=1;8@2=2;8@7=2;8@9=3;9@4=5;9@5=1;9@6=3;9@8=2;9@2=4;9@7=1;9@9=2;9@0=1,"1,4,5,6,8,2,7,9,0,3",129,61,61,0,1.0,-0.09363358732244398,0.5882352941176471,0.0181311185599089,0.0,0.0,0.7,0.6774859428405762,Feasible|selected=greedy
1338,1337,12,7,5,"ADD:0,7;ADD:1,7;ADD:1,8;ADD:2,2;ADD:3,8;ADD:5,8;ADD:6,2;REMOVE:0,8;REMOVE:1,2;REMOVE:5,2;REMOVE:5,7;REMOVE:8,2",0:8;1:2;2:7;3:7;4:2|7;5:2|7;6:7;7:7;8:2|7;9:2|7,0:7;1:7|8;2:2|7;3:7|8;4:2|7;5:8;6:2|7;7:7;8:7;9:2|7,0@0=1;0@1=4;0@2=2;0@3=1;0@4=4;0@6=2;1@1=2;1@2=3;1@3=1;1@4=2;1@6=3;1@5=2;1@7=1;1@8=1;1@9=1;2@0=1;2@1=2;2@2=5;2@3=1;2@4=3;2@5=1;2@7=1;2@8=2;3@0=1;3@4=2;3@6=1;3@5=1;4@0=1;4@1=4;4@2=2;4@3=2;4@4=1;4@5=1;4@7=1;4@8=2;4@9=2;5@1=1;5@2=4;5@4=2;5@5=1;5@8=2;6@0=1;6@1=1;6@2=1;6@3=2;6@4=2;6@5=1;6@7=2;6@8=1;6@9=1;7@1=2;7@2=2;7@3=1;7@4=3;7@6=1;7@7=2;8@0=1;8@1=1;8@2=2;8@3=2;8@4=2;8@6=1;8@7=1;9@0=2;9@1=2;9@2=4;9@3=2;9@4=2;9@5=1;9@9=1,"0,1,2,3,4,6,5,7,8,9",124,70,70,0,1.0,-0.3233996614199384,0.35714285714285715,0.01945748143720439,0.0,0.0,0.7,0.7798457145690918,Feasible|selected=greedy
1339,1338,11,4,7,"ADD:2,8;ADD:3,6;ADD:5,7;ADD:7,4;REMOVE:1,7;REMOVE:2,2;REMOVE:2,7;REMOVE:3,7;REMOVE:5,8;REMOVE:7,7;REMOVE:9,2",0:7;1:7|8;2:2|7;3:7|8;4:2|7;5:8;6:2|7;7:7;8:7;9:2|7,0:7;1:8;2:8;3:6|8;4:2|7;5:7;6:2|7;7:4;8:7;9:7,0@0=1;0@2=2;0@3=1;0@4=1;0@6=1;0@7=1;1@2=2;1@7=2;1@1=1;1@8=1;2@2=7;2@4=3;2@6=2;2@8=1;3@4=2;3@6=1;3@1=1;3@5=1;3@9=2;4@0=1;4@2=4;4@3=1;4@4=3;4@1=1;4@8=1;4@5=1;4@9=1;5@0=2;5@2=1;5@4=5;5@6=3;5@1=2;5@8=1;5@9=1;6@0=2;6@2=2;6@3=1;6@4=1;6@6=2;6@7=1;6@1=1;6@8=2;6@5=2;6@9=1;7@2=1;7@4=2;8@0=1;8@2=3;8@4=1;8@6=2;9@0=1;9@2=1;9@3=1;9@4=7;9@1=4;9@8=3;9@9=1,"0,2,3,4,6,7,1,8,5,9",104,57,57,0,1.0,0.04955062539815869,0.4375,0.012050625398158734,0.0,0.0,0.4,0.6742720603942871,Feasible|selected=greedy
1340,1339,16,8,8,"ADD:1,7;ADD:2,2;ADD:2,7;ADD:3,7;ADD:5,8;ADD:6,8;ADD:7,2;ADD:9,2;REMOVE:1,8;REMOVE:2,8;REMOVE:3,6;REMOVE:3,8;REMOVE:4,2;REMOVE:5,7;REMOVE:6,7;REMOVE:7,4",0:7;1:8;2:8;3:6|8;4:2|7;5:7;6:2|7;7:4;8:7;9:7,0:7;1:7;2:2|7;3:7;4:7;5:8;6:2|8;7:2;8:7;9:2|7,0@0=1;0@1=2;0@2=2;0@3=2;0@6=1;0@7=2;0@8=3;0@9=3;1@0=1;1@2=2;1@6=1;1@7=2;1@8=1;1@4=4;2@0=1;2@1=1;2@2=5;2@3=1;2@6=1;2@7=3;2@8=1;2@9=4;2@4=5;2@5=1;3@1=2;3@2=3;3@7=3;3@8=4;3@9=2;4@1=2;4@2=3;4@3=1;4@6=1;4@7=1;4@8=2;4@9=2;4@4=7;5@1=1;5@2=3;5@6=2;5@4=1;6@1=3;6@2=3;6@8=1;6@9=2;6@4=2;6@5=1;7@0=2;7@9=1;7@4=1;7@5=1;8@1=1;8@2=1;8@6=1;8@7=1;8@9=2;8@4=1;9@0=2;9@2=1;9@3=2;9@6=1;9@7=1;9@8=1;9@9=1;9@4=2;9@5=1,"0,1,2,3,6,7,8,9,4,5",126,66,66,0,1.0,-0.16739971644485885,0.6153846153846154,0.017215668170525656,0.0,0.0,0.7999999999999999,0.7509250640869141,Feasible|selected=greedy
1341,1340,14,10,4,"ADD:0,8;ADD:1,2;ADD:3,2;ADD:4,2;ADD:5,2;ADD:6,7;ADD:7,3;ADD:7,7;ADD:8,2;ADD:9,3;REMOVE:2,2;REMOVE:6,8;REMOVE:7,2;REMOVE:9,2",0:7;1:7;2:2|7;3:7;4:7;5:8;6:2|8;7:2;8:7;9:2|7,0:7|8;1:2|7;2:7;3:2|7;4:2|7;5:2|8;6:2|7;7:3|7;8:2|7;9:3|7,0@0=1;0@2=3;0@4=5;0@5=2;0@6=1;0@7=2;0@8=1;1@2=1;1@4=5;1@5=1;1@7=1;1@1=2;1@9=1;2@0=2;2@4=3;2@6=1;2@7=4;2@8=1;2@1=2;2@9=1;2@3=1;3@0=2;3@2=2;3@4=4;3@5=1;3@1=2;3@9=2;3@3=1;4@0=2;4@2=3;4@4=1;4@5=1;4@6=1;4@8=4;4@1=1;4@9=1;4@3=1;5@0=2;5@2=3;5@4=5;5@5=3;5@8=1;5@1=2;6@0=3;6@2=3;6@5=2;6@6=1;6@7=1;6@8=1;6@1=3;6@9=1;6@3=1;7@0=1;7@2=1;7@5=1;7@6=1;7@1=1;7@9=1;7@3=1;8@0=2;8@2=1;8@4=3;8@5=2;8@6=1;8@1=3;8@9=2;8@3=2;9@2=2;9@4=7;9@5=1;9@7=1;9@1=1;9@9=1;9@3=2,"0,2,4,5,6,7,8,1,9,3",140,74,74,0,1.0,-0.6724718265038176,0.3076923076923077,0.01983586580387452,0.0,0.0,0.9999999999999999,0.8270108699798584,Feasible|selected=greedy
1342,1341,9,4,5,"ADD:0,2;ADD:7,2;ADD:7,8;ADD:9,8;REMOVE:0,8;REMOVE:5,8;REMOVE:7,3;REMOVE:7,7;REMOVE:9,3",0:7|8;1:2|7;2:7;3:2|7;4:2|7;5:2|8;6:2|7;7:3|7;8:2|7;9:3|7,0:2|7;1:2|7;2:7;3:2|7;4:2|7;5:2;6:2|7;7:2|8;8:2|7;9:7|8,0@0=1;0@1=2;0@2=1;0@3=1;0@4=5;0@5=1;0@6=4;0@7=1;0@9=3;1@0=1;1@1=2;1@2=3;1@3=1;1@4=2;1@5=1;1@6=1;1@7=2;1@9=2;2@0=3;2@1=4;2@2=1;2@3=3;2@4=4;2@8=2;3@0=5;3@2=3;3@4=4;3@5=1;3@6=1;3@7=4;3@9=3;4@0=2;4@1=2;4@2=2;4@3=1;4@4=3;4@5=1;4@6=2;4@7=2;4@9=2;4@8=2;5@2=4;5@4=1;5@5=1;5@7=2;5@9=2;6@0=1;6@1=2;6@2=5;6@3=2;6@4=4;6@5=1;6@7=3;6@9=2;6@8=2;7@0=2;7@1=2;7@2=1;7@4=2;7@5=1;7@8=3;8@0=1;8@1=1;8@2=2;8@3=1;8@4=2;8@5=1;9@0=2;9@1=1;9@3=2;9@4=5;9@5=4;9@6=1;9@7=3,"0,1,2,3,4,5,6,7,9,8",160,74,74,0,1.0,-0.11113455415876039,0.2631578947368421,0.025707551104397517,0.0,0.0,0.4,0.7123878002166748,Feasible|selected=greedy
1343,1342,17,6,11,"ADD:1,8;ADD:2,2;ADD:4,8;ADD:5,7;ADD:6,8;ADD:7,7;REMOVE:0,7;REMOVE:1,2;REMOVE:3,2;REMOVE:4,2;REMOVE:4,7;REMOVE:5,2;REMOVE:6,2;REMOVE:7,2;REMOVE:7,8;REMOVE:8,2;REMOVE:9,8",0:2|7;1:2|7;2:7;3:2|7;4:2|7;5:2;6:2|7;7:2|8;8:2|7;9:7|8,0:2;1:7|8;2:2|7;3:7;4:8;5:7;6:7|8;7:7;8:7;9:7,0@0=4;0@2=1;0@4=2;0@5=2;0@7=1;0@9=2;1@2=4;1@4=2;1@5=1;1@9=1;1@1=3;1@6=1;1@8=2;2@0=2;2@2=4;2@4=5;2@5=2;2@9=1;2@1=3;3@2=8;3@4=1;3@7=1;3@9=1;3@1=4;3@6=1;3@3=2;4@2=1;4@4=4;4@5=2;4@7=1;4@1=4;4@6=5;4@8=2;5@2=2;5@4=3;5@9=1;5@1=1;5@6=1;5@8=1;5@3=1;6@0=1;6@2=2;6@4=5;6@5=1;6@7=2;6@9=1;6@1=3;6@6=3;6@8=2;7@0=1;7@2=1;7@4=2;7@7=2;7@9=1;7@1=1;7@6=1;7@3=1;8@2=1;8@4=1;8@7=1;8@8=1;8@3=1;9@0=3;9@2=1;9@4=4;9@7=1;9@9=4;9@1=4;9@3=1,"0,2,4,5,7,9,1,6,8,3",143,69,69,0,1.0,0.023441375065319403,0.6111111111111112,0.012330263954208236,0.0,0.0,0.6,0.7455921173095703,Feasible|selected=greedy
1344,1343,16,10,6,"ADD:0,7;ADD:1,2;ADD:2,3;ADD:3,2;ADD:4,7;ADD:5,2;ADD:6,3;ADD:8,2;ADD:8,9;ADD:9,8;REMOVE:0,2;REMOVE:1,7;REMOVE:2,7;REMOVE:4,8;REMOVE:6,8;REMOVE:8,7",0:2;1:7|8;2:2|7;3:7;4:8;5:7;6:7|8;7:7;8:7;9:7,0:7;1:2|8;2:2|3;3:2|7;4:7;5:2|7;6:3|7;7:7;8:2|9;9:7|8,0@1=1;0@2=3;0@4=2;0@7=1;0@8=1;0@9=1;1@1=1;1@2=1;1@4=1;1@8=1;1@0=3;1@5=1;2@1=3;2@2=2;2@4=3;2@9=1;2@5=3;2@3=1;3@1=1;3@2=7;3@4=3;3@8=1;3@9=1;3@0=1;3@5=2;3@3=1;3@6=4;4@1=4;4@2=4;4@4=1;4@7=3;4@8=1;4@9=2;4@0=1;4@3=1;4@6=1;5@1=1;5@2=4;5@4=2;5@7=1;5@9=1;5@0=1;5@5=1;6@1=1;6@2=2;6@4=2;6@7=2;6@9=3;6@5=3;6@3=1;7@1=1;7@7=1;7@8=1;7@0=1;7@3=1;8@2=2;8@9=1;8@5=2;8@6=1;9@1=3;9@4=3;9@7=3;9@8=1;9@9=3;9@0=3;9@5=2;9@3=1;9@6=1,"1,2,4,7,8,9,0,5,3,6",125,68,68,0,1.0,-0.5144298149383141,0.46153846153846156,0.024031723523224233,0.0,0.0,0.9999999999999999,0.7786200046539307,Feasible|selected=greedy
1345,1344,17,7,10,"ADD:1,7;ADD:2,7;ADD:4,2;ADD:6,2;ADD:7,2;ADD:8,7;ADD:9,2;REMOVE:1,2;REMOVE:1,8;REMOVE:2,2;REMOVE:2,3;REMOVE:4,7;REMOVE:6,7;REMOVE:7,7;REMOVE:8,2;REMOVE:8,9;REMOVE:9,8",0:7;1:2|8;2:2|3;3:2|7;4:7;5:2|7;6:3|7;7:7;8:2|9;9:7|8,0:7;1:7;2:7;3:2|7;4:2;5:2|7;6:2|3;7:2;8:7;9:2|7,0@1=1;0@2=3;0@4=3;0@6=2;0@9=1;1@2=2;1@4=1;1@9=1;1@0=1;1@3=1;1@7=1;2@1=1;2@2=3;2@4=6;2@6=1;2@9=2;2@0=1;2@3=1;2@7=1;3@1=1;3@2=2;3@4=4;3@6=2;3@9=1;3@0=2;3@3=1;3@7=1;3@5=1;3@8=2;4@2=1;4@4=1;4@9=5;4@0=3;4@3=4;4@5=3;4@8=4;5@1=2;5@2=3;5@4=1;5@9=1;5@0=2;5@3=1;5@7=2;5@5=1;5@8=2;6@1=2;6@2=3;6@4=3;6@9=6;6@3=2;6@5=2;7@2=3;7@4=2;7@3=1;7@7=1;7@5=3;8@1=2;8@2=1;8@4=2;8@9=1;8@0=1;8@7=1;9@1=3;9@2=3;9@4=3;9@9=2;9@0=3;9@5=1,"1,2,4,6,9,0,3,7,5,8",137,68,68,0,1.0,-0.09548657685658257,0.5882352941176471,0.016278129025770253,0.0,0.0,0.7,0.725275993347168,Feasible|selected=greedy
1346,1345,16,8,8,"ADD:1,2;ADD:1,8;ADD:4,7;ADD:4,8;ADD:5,8;ADD:6,7;ADD:7,7;ADD:9,8;REMOVE:1,7;REMOVE:3,2;REMOVE:4,2;REMOVE:5,2;REMOVE:6,2;REMOVE:6,3;REMOVE:7,2;REMOVE:9,2",0:7;1:7;2:7;3:2|7;4:2;5:2|7;6:2|3;7:2;8:7;9:2|7,0:7;1:2|8;2:7;3:7;4:7|8;5:7|8;6:7;7:7;8:7;9:7|8,0@0=3;0@1=3;0@3=1;0@4=4;0@6=1;0@7=1;1@0=3;1@1=1;1@4=2;1@2=1;1@5=2;1@8=1;1@9=2;2@1=3;2@4=4;2@7=1;2@2=4;2@9=2;3@0=2;3@1=1;3@3=3;3@4=1;3@6=1;3@7=1;3@2=2;3@8=1;3@9=1;4@1=2;4@3=1;4@4=4;4@6=2;4@7=2;4@2=4;4@5=3;4@8=1;5@1=1;5@3=1;5@6=1;5@7=3;5@2=2;5@5=1;5@8=1;5@9=1;6@0=2;6@1=1;6@3=1;6@4=1;6@6=3;6@7=1;6@2=2;6@9=2;7@0=1;7@4=1;7@6=2;7@7=4;8@0=2;8@1=1;8@3=1;8@4=2;8@7=1;8@2=4;8@9=1;9@1=4;9@4=3;9@6=1;9@2=1;9@5=1;9@8=4;9@9=1,"0,1,3,4,6,7,2,5,8,9",130,69,69,0,1.0,-0.21118995681361297,0.5714285714285714,0.017381471757815615,0.0,0.0,0.7999999999999999,0.7730841636657715,Feasible|selected=greedy
1347,1346,10,5,5,"ADD:0,8;ADD:2,8;ADD:3,2;ADD:3,8;ADD:8,2;REMOVE:1,2;REMOVE:3,7;REMOVE:4,8;REMOVE:5,8;REMOVE:9,7",0:7;1:2|8;2:7;3:7;4:7|8;5:7|8;6:7;7:7;8:7;9:7|8,0:7|8;1:8;2:7|8;3:2|8;4:7;5:7;6:7;7:7;8:2|7;9:8,0@2=1;0@4=2;0@5=3;0@6=1;0@7=1;0@8=1;0@9=2;1@2=1;1@4=2;1@1=1;2@2=3;2@4=2;2@5=1;2@6=3;2@7=1;2@8=1;2@1=2;2@0=1;2@3=3;3@2=2;3@4=4;3@5=1;3@8=1;3@9=2;3@1=2;4@2=4;4@4=1;4@6=2;4@8=2;4@9=3;4@1=3;4@0=1;5@2=1;5@4=1;5@6=2;5@8=1;5@1=1;5@0=2;5@3=2;6@2=2;6@4=4;6@6=1;6@8=1;6@9=1;6@1=2;6@0=3;7@4=2;7@6=1;7@7=1;7@0=1;8@2=3;8@4=2;8@5=1;8@1=1;8@0=1;8@3=1;9@2=2;9@4=1;9@6=2;9@8=1,"2,4,5,6,7,8,9,1,0,3",104,60,60,0,1.0,-0.13120149714010165,0.35714285714285715,0.011655645717041207,0.0,0.0,0.5,0.6967940330505371,Feasible|selected=greedy
1348,1347,10,7,3,"ADD:1,2;ADD:1,7;ADD:3,7;ADD:4,3;ADD:5,2;ADD:7,8;ADD:9,2;REMOVE:1,8;REMOVE:3,2;REMOVE:7,7",0:7|8;1:8;2:7|8;3:2|8;4:7;5:7;6:7;7:7;8:2|7;9:8,0:7|8;1:2|7;2:7|8;3:7|8;4:3|7;5:2|7;6:7;7:8;8:2|7;9:2|8,0@0=3;0@1=2;0@2=2;0@3=1;0@4=1;0@5=2;0@6=2;0@7=1;0@8=3;1@2=7;1@3=1;1@5=1;1@6=2;1@7=1;1@8=4;1@9=2;2@0=2;2@1=4;2@2=8;2@4=6;2@5=1;2@6=2;2@8=1;2@9=2;3@0=1;3@1=2;3@2=5;3@3=4;3@4=2;3@5=2;3@6=1;3@7=1;3@8=1;4@1=3;4@2=5;4@3=1;4@4=5;4@5=3;4@7=2;5@0=1;5@1=4;5@2=3;5@4=9;5@5=1;5@6=1;5@7=2;5@9=1;6@0=2;6@1=3;6@2=3;6@4=6;6@6=2;6@7=1;6@8=3;6@9=1;7@2=1;7@4=1;7@6=1;7@8=1;8@0=1;8@1=2;8@2=1;8@3=1;8@4=4;8@5=1;8@6=1;8@7=1;8@9=2;9@2=3;9@3=1;9@4=4;9@5=2;9@6=4;9@8=2;9@9=5,"0,1,2,3,4,5,6,7,8,9",181,75,75,0,1.0,-0.4678290640836048,0.21428571428571427,0.01788522163068088,0.0,0.0,0.7,0.7789931297302246,Feasible|selected=greedy
1349,1348,20,9,11,"ADD:0,2;ADD:2,2;ADD:3,2;ADD:4,2;ADD:6,8;ADD:7,7;ADD:8,8;ADD:8,9;ADD:9,7;REMOVE:0,8;REMOVE:1,2;REMOVE:2,8;REMOVE:3,7;REMOVE:3,8;REMOVE:4,3;REMOVE:5,2;REMOVE:7,8;REMOVE:8,2;REMOVE:8,7;REMOVE:9,8",0:7|8;1:2|7;2:7|8;3:7|8;4:3|7;5:2|7;6:7;7:8;8:2|7;9:2|8,0:2|7;1:7;2:2|7;3:2;4:2|7;5:7;6:7|8;7:7;8:8|9;9:2|7,0@0=3;0@1=5;0@2=4;0@3=3;0@4=1;0@5=3;0@6=2;0@8=5;0@9=1;1@0=1;1@1=2;1@2=4;1@4=3;1@6=2;1@9=2;1@7=1;2@0=2;2@1=4;2@2=8;2@3=1;2@4=5;2@5=1;2@6=1;2@8=3;2@9=4;3@0=1;3@2=6;3@3=2;3@4=1;3@5=1;3@8=2;3@9=1;4@0=3;4@1=2;4@2=6;4@3=3;4@4=7;4@5=1;4@6=2;4@8=1;4@9=1;4@7=2;5@0=2;5@1=3;5@2=3;5@3=2;5@4=5;5@6=2;5@8=2;5@7=1;6@0=6;6@1=7;6@2=5;6@3=5;6@4=5;6@5=4;6@6=1;6@8=2;6@7=2;7@1=2;7@2=1;7@4=4;7@7=2;8@1=2;8@2=2;8@4=4;8@5=2;8@6=1;8@9=1;9@0=2;9@2=5;9@3=1;9@4=4;9@5=2;9@6=2;9@8=1;9@9=2,"0,1,2,3,4,5,6,8,9,7",210,77,77,0,1.0,-0.26954055531345034,0.6111111111111112,0.019348333575438435,0.0,0.0,0.8999999999999999,0.757026195526123,Feasible|selected=greedy
1350,1349,10,4,6,"ADD:3,7;ADD:4,8;ADD:5,2;ADD:6,2;REMOVE:2,2;REMOVE:3,2;REMOVE:4,2;REMOVE:6,8;REMOVE:8,8;REMOVE:9,2",0:2|7;1:7;2:2|7;3:2;4:2|7;5:7;6:7|8;7:7;8:8|9;9:2|7,0:2|7;1:7;2:7;3:7;4:7|8;5:2|7;6:2|7;7:7;8:9;9:7,0@0=4;0@1=1;0@2=8;0@3=2;0@4=4;0@5=1;0@7=1;0@8=2;0@9=3;1@1=1;1@2=3;1@4=1;1@7=1;1@6=2;2@0=1;2@1=2;2@2=2;2@3=3;2@4=2;2@7=2;2@8=3;2@9=1;3@0=1;3@1=1;3@4=1;3@8=1;3@6=1;4@0=1;4@1=3;4@2=2;4@3=1;4@4=7;4@5=3;4@8=1;4@6=2;5@0=1;5@1=4;5@2=4;5@3=1;5@4=2;5@5=1;5@7=1;5@8=3;5@9=2;5@6=2;6@0=1;6@1=5;6@2=3;6@3=1;6@5=2;6@8=1;6@9=1;6@6=1;7@0=1;7@1=3;7@2=1;7@3=1;7@8=1;7@9=1;8@1=1;8@2=2;8@3=1;8@7=1;9@1=2;9@2=3;9@4=5;9@7=1;9@9=1,"0,1,2,3,4,5,7,8,9,6",136,68,68,0,1.0,-0.009640867081592008,0.375,0.01535913291840801,0.0,0.0,0.4,0.7315330505371094,Feasible|selected=greedy
1351,1350,9,6,3,"ADD:0,8;ADD:1,5;ADD:2,3;ADD:5,8;ADD:8,2;ADD:9,8;REMOVE:0,2;REMOVE:5,2;REMOVE:6,2",0:2|7;1:7;2:7;3:7;4:7|8;5:2|7;6:2|7;7:7;8:9;9:7,0:7|8;1:5|7;2:3|7;3:7;4:7|8;5:7|8;6:7;7:7;8:2|9;9:7|8,0@0=2;0@1=1;0@2=4;0@4=8;0@5=2;0@6=1;0@7=1;0@8=2;0@9=1;1@0=2;1@1=3;1@2=2;1@5=3;1@6=1;1@3=1;2@1=2;2@2=4;2@4=2;2@5=1;2@6=2;2@9=2;2@3=1;3@0=1;3@1=3;3@2=6;3@4=3;3@6=2;3@7=2;3@3=1;4@1=5;4@4=5;4@5=1;4@7=3;4@8=2;4@9=3;4@3=3;5@0=1;5@1=2;5@2=1;5@4=3;5@5=1;5@6=1;5@8=1;5@9=2;6@0=2;6@1=3;6@2=4;6@4=6;6@7=2;6@8=1;6@3=1;7@0=2;7@2=1;7@6=1;7@8=1;7@9=2;7@3=3;8@0=2;8@1=2;8@2=4;8@4=2;8@5=1;8@3=1;9@0=1;9@1=1;9@4=2;9@5=1;9@6=1;9@7=2;9@8=2;9@3=3,"0,1,2,4,5,6,7,8,9,3",154,71,71,0,1.0,-0.3686687788480415,0.21428571428571427,0.017045506866244238,0.0,0.0,0.6,0.7518279552459717,Feasible|selected=greedy
1352,1351,9,4,5,"ADD:2,2;ADD:3,8;ADD:7,8;ADD:9,2;REMOVE:1,5;REMOVE:2,3;REMOVE:7,7;REMOVE:8,9;REMOVE:9,8",0:7|8;1:5|7;2:3|7;3:7;4:7|8;5:7|8;6:7;7:7;8:2|9;9:7|8,0:7|8;1:7;2:2|7;3:7|8;4:7|8;5:7|8;6:7;7:8;8:2;9:2|7,0@1=1;0@3=2;0@4=3;0@5=2;0@7=2;0@8=2;0@9=1;1@1=2;1@4=2;1@8=1;1@0=1;1@2=1;2@1=3;2@3=1;2@4=5;2@5=1;2@7=2;2@8=2;2@0=2;2@2=3;3@1=2;3@4=5;3@5=1;3@7=1;3@8=1;3@9=2;3@0=1;3@6=3;4@1=2;4@3=1;4@4=4;4@5=2;4@7=2;4@8=2;4@2=3;5@1=3;5@3=2;5@4=3;5@5=1;5@7=2;5@8=2;5@0=1;5@2=1;5@6=2;6@1=2;6@3=2;6@4=5;6@7=1;6@8=4;6@0=1;6@2=2;6@6=2;7@4=2;7@5=1;7@8=1;7@2=2;7@6=1;8@4=3;8@8=1;8@9=1;8@0=1;8@2=2;9@1=2;9@3=1;9@4=4;9@5=2;9@7=2;9@0=2;9@2=4;9@6=3,"1,3,4,5,7,8,9,0,2,6",142,70,70,0,1.0,-0.0847482556488513,0.29411764705882354,0.021134097292325182,0.0,0.0,0.4,0.7182681560516357,Feasible|selected=greedy
1353,1352,12,4,8,"ADD:4,2;ADD:6,8;ADD:7,2;ADD:8,8;REMOVE:0,8;REMOVE:2,2;REMOVE:3,8;REMOVE:4,8;REMOVE:5,8;REMOVE:6,7;REMOVE:7,8;REMOVE:8,2",0:7|8;1:7;2:2|7;3:7|8;4:7|8;5:7|8;6:7;7:8;8:2;9:2|7,0:7;1:7;2:7;3:7;4:2|7;5:7;6:8;7:2;8:8;9:2|7,0@0=1;0@1=3;0@2=2;0@3=3;0@4=2;0@8=1;0@9=1;1@1=2;1@4=1;1@8=1;1@9=2;2@0=1;2@1=1;2@2=1;2@9=2;2@7=2;3@0=1;3@2=1;3@8=2;3@7=2;3@6=2;4@1=1;4@2=3;4@3=1;4@4=1;4@8=1;4@9=1;4@7=2;4@5=1;5@1=1;5@2=4;5@3=2;5@4=2;6@1=1;6@2=3;6@4=2;6@8=1;6@7=1;7@2=2;7@9=1;7@5=1;8@2=2;8@8=1;9@0=1;9@1=1;9@2=5;9@3=1;9@4=1;9@7=2;9@5=3,"0,1,2,3,4,8,9,7,6,5",83,50,50,0,1.0,0.12528196510032863,0.5,0.025281965100328613,0.0,0.0,0.4,0.6079187393188477,Feasible|selected=greedy
1354,1353,17,11,6,"ADD:0,2;ADD:2,2;ADD:3,2;ADD:3,8;ADD:4,8;ADD:5,2;ADD:6,2;ADD:6,7;ADD:7,7;ADD:8,7;ADD:9,8;REMOVE:3,7;REMOVE:4,2;REMOVE:6,8;REMOVE:7,2;REMOVE:8,8;REMOVE:9,2",0:7;1:7;2:7;3:7;4:2|7;5:7;6:8;7:2;8:8;9:2|7,0:2|7;1:7;2:2|7;3:2|8;4:7|8;5:2|7;6:2|7;7:7;8:7;9:7|8,0@0=1;0@1=2;0@2=5;0@3=1;0@4=2;0@5=2;0@6=1;0@7=1;0@8=1;0@9=2;1@0=1;1@1=1;1@3=1;1@4=2;1@6=2;2@0=1;2@1=3;2@2=3;2@4=2;2@5=2;2@6=1;2@9=2;3@1=2;3@2=2;3@3=1;3@4=4;3@5=1;3@8=1;3@9=3;4@0=1;4@1=2;4@2=4;4@4=1;4@5=2;4@6=4;4@7=2;4@8=2;4@9=1;5@0=1;5@1=1;5@2=2;5@3=1;5@4=4;5@5=1;5@6=1;5@7=1;5@9=1;6@0=2;6@1=3;6@2=4;6@3=3;6@4=6;6@5=2;6@8=2;6@9=1;7@1=1;7@2=2;7@4=3;7@8=1;7@9=1;8@0=1;8@2=2;8@4=2;8@6=1;9@2=6;9@3=3;9@4=3;9@5=1;9@6=3;9@7=3;9@8=2,"0,1,2,3,4,5,6,7,8,9",143,71,71,0,1.0,-0.5796908531479116,0.5,0.020309146852088324,0.0,0.0,1.0999999999999999,0.8117530345916748,Feasible|selected=greedy
1355,1354,9,5,4,"ADD:1,8;ADD:3,7;ADD:4,2;ADD:7,8;ADD:9,2;REMOVE:3,8;REMOVE:4,8;REMOVE:5,2;REMOVE:9,8",0:2|7;1:7;2:2|7;3:2|8;4:7|8;5:2|7;6:2|7;7:7;8:7;9:7|8,0:2|7;1:7|8;2:2|7;3:2|7;4:2|7;5:7;6:2|7;7:7|8;8:7;9:2|7,0@0=2;0@1=3;0@2=6;0@3=2;0@4=1;0@5=2;0@6=1;0@7=4;0@8=1;0@9=1;1@0=1;1@1=7;1@2=2;1@4=4;1@5=1;1@6=1;1@7=1;1@8=1;1@9=2;2@0=1;2@1=4;2@2=3;2@3=4;2@5=2;2@6=1;2@7=4;2@8=5;2@9=2;3@0=2;3@1=2;3@2=2;3@3=1;3@4=3;3@5=2;3@7=1;3@8=2;3@9=3;4@0=1;4@1=3;4@2=5;4@3=1;4@4=3;4@5=6;4@6=2;4@7=1;4@8=2;4@9=2;5@0=1;5@1=5;5@2=3;5@3=4;5@4=3;5@6=1;5@7=1;5@8=1;5@9=4;6@0=5;6@1=2;6@2=5;6@3=1;6@4=4;6@5=3;6@7=2;6@8=3;6@9=2;7@1=1;7@2=1;7@3=1;7@4=4;7@5=2;7@6=1;7@8=1;7@9=3;8@0=1;8@1=1;8@2=3;8@3=1;8@4=2;8@7=2;9@0=2;9@1=4;9@2=2;9@3=1;9@4=3;9@5=4;9@6=2;9@7=1;9@8=3;9@9=3,"0,1,2,3,4,5,6,7,8,9",212,89,89,0,1.0,-0.24421222012023658,0.23529411764705882,0.020493662232704598,0.0,0.0,0.5,0.8268680572509766,Feasible|selected=greedy
1356,1355,17,8,9,"ADD:0,8;ADD:2,8;ADD:3,8;ADD:6,8;ADD:7,1;ADD:8,2;ADD:8,9;ADD:9,8;REMOVE:0,2;REMOVE:1,8;REMOVE:2,2;REMOVE:3,2;REMOVE:6,2;REMOVE:7,7;REMOVE:7,8;REMOVE:8,7;REMOVE:9,2",0:2|7;1:7|8;2:2|7;3:2|7;4:2|7;5:7;6:2|7;7:7|8;8:7;9:2|7,0:7|8;1:7;2:7|8;3:7|8;4:2|7;5:7;6:7|8;7:1;8:2|9;9:7|8,0@0=1;0@1=4;0@4=3;0@5=3;0@7=2;0@8=2;1@0=1;1@1=1;1@4=2;1@8=1;1@2=1;1@6=5;1@9=1;2@1=3;2@4=3;2@5=1;2@8=1;2@2=3;2@6=2;2@3=2;3@0=2;3@1=2;3@4=1;3@5=2;3@7=1;3@8=2;3@2=3;3@6=1;3@9=1;4@0=1;4@1=3;4@4=6;4@5=1;4@7=3;4@8=2;4@2=2;4@9=3;5@0=1;5@1=2;5@4=1;5@7=2;5@8=2;5@6=1;6@1=2;6@4=2;6@5=4;6@7=1;6@8=1;6@2=8;6@6=1;6@9=1;7@1=1;7@8=1;7@6=1;7@9=1;7@3=2;8@1=1;8@4=1;8@5=1;8@2=3;8@9=1;9@1=2;9@4=2;9@5=1;9@8=1;9@2=2;9@6=3;9@9=1,"0,1,4,5,7,8,2,6,9,3",132,68,68,0,1.0,-0.2824272932060743,0.5,0.01757270679392559,0.0,0.0,0.7999999999999999,0.688878059387207,Feasible|selected=greedy
1357,1356,18,7,11,"ADD:0,2;ADD:1,2;ADD:2,2;ADD:4,8;ADD:5,2;ADD:7,7;ADD:8,7;REMOVE:0,7;REMOVE:0,8;REMOVE:1,7;REMOVE:2,8;REMOVE:3,8;REMOVE:4,2;REMOVE:6,8;REMOVE:7,1;REMOVE:8,2;REMOVE:8,9;REMOVE:9,7",0:7|8;1:7;2:7|8;3:7|8;4:2|7;5:7;6:7|8;7:1;8:2|9;9:7|8,0:2;1:2;2:2|7;3:7;4:7|8;5:2|7;6:7;7:7;8:7;9:8,0@0=2;0@3=1;0@4=5;0@5=2;0@7=3;0@8=1;1@4=3;1@5=1;1@7=1;1@8=2;1@2=2;1@9=1;2@0=2;2@3=1;2@4=2;2@5=2;2@7=1;2@8=1;2@2=4;2@9=1;2@1=3;2@6=1;3@4=5;3@7=1;3@2=3;3@9=2;3@1=3;3@6=1;4@3=3;4@4=2;4@5=1;4@7=2;4@8=1;4@2=7;4@9=1;4@1=2;4@6=2;5@0=2;5@3=1;5@4=3;5@5=3;5@7=3;5@8=2;5@2=5;5@9=1;5@6=3;6@0=1;6@3=1;6@4=6;6@8=3;6@2=5;6@9=1;6@1=1;6@6=1;7@0=2;7@3=1;7@4=4;7@7=2;7@1=2;7@6=1;8@0=2;8@3=1;8@4=2;8@8=1;9@4=1;9@5=1;9@7=2;9@8=1;9@2=3;9@1=1;9@6=1,"0,3,4,5,7,8,2,9,1,6",148,71,71,0,1.0,-0.03837929340489099,0.6470588235294118,0.014561883065697218,0.0,0.0,0.7,0.7687339782714844,Feasible|selected=greedy
1358,1357,12,6,6,"ADD:0,7;ADD:0,8;ADD:1,7;ADD:7,2;ADD:8,8;ADD:9,7;REMOVE:0,2;REMOVE:1,2;REMOVE:2,2;REMOVE:4,8;REMOVE:7,7;REMOVE:9,8",0:2;1:2;2:2|7;3:7;4:7|8;5:2|7;6:7;7:7;8:7;9:8,0:7|8;1:7;2:7;3:7;4:7;5:2|7;6:7;7:2;8:7|8;9:7,0@0=2;0@1=3;0@2=2;0@3=3;0@4=2;0@5=2;0@6=1;0@7=1;0@8=2;1@0=1;1@1=1;1@2=2;1@4=2;1@6=1;1@9=1;2@1=4;2@2=6;2@3=1;2@4=3;2@6=1;2@8=2;2@9=2;3@2=1;3@3=1;3@4=3;3@6=4;3@7=3;3@8=1;4@1=3;4@2=5;4@4=2;4@6=1;4@7=1;4@8=1;4@9=2;5@0=2;5@1=3;5@2=2;5@3=1;5@4=1;5@5=1;5@6=3;5@7=2;5@8=2;5@9=3;6@0=1;6@1=4;6@3=2;6@4=5;6@7=1;7@2=2;7@3=1;7@4=3;7@8=1;7@9=2;8@2=1;8@4=2;8@5=2;8@6=2;8@7=1;8@8=2;8@9=1;9@1=1;9@2=1;9@4=1;9@6=1;9@8=2;9@9=1,"0,1,2,3,4,5,6,7,8,9",133,68,68,0,1.0,-0.125456210388194,0.46153846153846156,0.013005328073344416,0.0,0.0,0.6,0.7635128498077393,Feasible|selected=greedy
1359,1358,16,9,7,"ADD:1,8;ADD:1,9;ADD:2,2;ADD:4,2;ADD:4,8;ADD:6,2;ADD:6,8;ADD:7,7;ADD:9,2;REMOVE:0,8;REMOVE:1,7;REMOVE:4,7;REMOVE:6,7;REMOVE:7,2;REMOVE:8,8;REMOVE:9,7",0:7|8;1:7;2:7;3:7;4:7;5:2|7;6:7;7:2;8:7|8;9:7,0:7;1:8|9;2:2|7;3:7;4:2|8;5:2|7;6:2|8;7:7;8:7;9:2,0@0=1;0@1=3;0@2=1;0@4=4;0@6=2;0@7=2;0@8=3;1@1=3;1@2=3;1@6=1;1@8=1;1@5=1;1@9=1;2@0=3;2@1=3;2@2=1;2@4=4;2@8=3;2@5=1;2@9=3;2@3=1;3@0=1;3@1=2;3@4=2;3@6=3;3@3=2;4@0=1;4@1=1;4@2=2;4@4=2;4@8=4;4@5=3;4@9=2;5@0=1;5@1=2;5@2=3;5@4=2;5@6=1;5@7=1;5@5=1;5@9=1;6@1=3;6@2=3;6@4=1;6@8=1;6@5=2;6@9=1;6@3=1;7@2=2;7@4=1;7@6=1;7@7=1;8@0=1;8@1=1;8@2=2;8@4=3;8@6=1;8@8=1;9@2=1;9@4=1;9@5=1;9@3=2,"0,1,2,4,6,7,8,5,9,3",113,62,62,0,1.0,-0.3435365933360607,0.5384615384615384,0.018001868202400757,0.0,0.0,0.8999999999999999,0.7392590045928955,Feasible|selected=greedy
1360,1359,18,9,9,"ADD:0,2;ADD:1,7;ADD:3,2;ADD:3,8;ADD:4,7;ADD:6,7;ADD:7,5;ADD:7,8;ADD:9,8;REMOVE:0,7;REMOVE:1,8;REMOVE:1,9;REMOVE:3,7;REMOVE:4,8;REMOVE:6,2;REMOVE:6,8;REMOVE:7,7;REMOVE:9,2",0:7;1:8|9;2:2|7;3:7;4:2|8;5:2|7;6:2|8;7:7;8:7;9:2,0:2;1:7;2:2|7;3:2|8;4:2|7;5:2|7;6:7;7:5|8;8:7;9:8,0@2=3;0@3=2;0@4=3;0@9=1;1@3=1;1@4=3;1@9=1;1@1=1;1@6=1;2@2=5;2@3=2;2@4=1;2@1=2;2@0=2;2@5=1;3@2=3;3@3=1;3@4=5;3@6=1;3@5=2;3@8=1;4@2=5;4@3=1;4@4=4;4@9=1;4@1=2;4@0=1;4@5=1;4@8=2;5@2=2;5@4=2;5@9=3;5@1=1;5@0=2;5@5=1;5@7=1;6@2=4;6@3=1;6@4=4;6@7=1;7@2=1;7@3=1;7@6=1;7@0=1;7@5=2;7@8=1;8@3=3;8@1=3;8@7=1;9@2=1;9@1=1;9@5=1;9@7=1,"2,3,4,9,1,6,0,5,8,7",99,53,53,0,1.0,-0.27467736731030923,0.6,0.025322632689690674,0.0,0.0,0.8999999999999999,0.6346240043640137,Feasible|selected=greedy
1361,1360,11,4,7,"ADD:0,7;ADD:0,8;ADD:2,8;ADD:8,8;REMOVE:0,2;REMOVE:2,2;REMOVE:3,8;REMOVE:5,2;REMOVE:7,5;REMOVE:8,7;REMOVE:9,8",0:2;1:7;2:2|7;3:2|8;4:2|7;5:2|7;6:7;7:5|8;8:7;9:8,0:7|8;1:7;2:7|8;3:2;4:2|7;5:7;6:7;7:8;8:8;9:-,0@0=2;0@1=4;0@3=1;0@5=3;0@6=1;0@7=1;0@8=3;1@3=1;1@7=1;1@8=1;1@2=3;1@4=3;1@9=1;2@1=6;2@3=1;2@5=1;2@7=1;2@8=2;2@2=2;2@4=5;3@3=1;3@5=2;3@7=2;3@8=2;3@2=2;3@4=1;4@0=1;4@1=1;4@3=1;4@5=3;4@6=2;4@7=2;4@8=1;4@2=2;4@4=5;4@9=1;5@1=4;5@3=1;5@7=1;5@8=2;5@2=2;6@0=1;6@1=2;6@7=2;6@8=2;6@2=1;6@4=1;6@9=1;7@5=2;7@6=1;7@7=1;7@2=1;8@5=2;8@7=1;8@8=1;8@2=1;8@4=1,"0,1,3,5,6,7,8,2,4,9",103,57,57,0,1.0,0.08365233310181353,0.4666666666666667,0.01698566643514686,0.0,0.0,0.4,0.6298990249633789,Feasible|selected=greedy
1362,1361,12,7,5,"ADD:0,2;ADD:3,7;ADD:5,2;ADD:5,9;ADD:7,7;ADD:8,7;ADD:9,7;REMOVE:0,8;REMOVE:4,2;REMOVE:5,7;REMOVE:7,8;REMOVE:8,8",0:7|8;1:7;2:7|8;3:2;4:2|7;5:7;6:7;7:8;8:8;9:-,0:2|7;1:7;2:7|8;3:2|7;4:7;5:2|9;6:7;7:7;8:7;9:7,0@0=4;0@2=2;0@3=1;0@4=1;0@5=1;0@6=3;0@9=1;1@0=2;1@2=3;1@4=3;1@9=2;1@7=1;1@8=2;2@0=5;2@2=4;2@4=8;2@5=2;2@6=3;2@7=2;2@8=1;2@1=4;3@0=1;3@2=2;3@4=3;3@5=2;3@9=2;3@7=1;3@1=2;4@0=1;4@2=3;4@3=4;4@4=3;4@6=1;4@9=2;4@7=1;4@8=1;4@1=3;5@2=2;5@4=4;5@5=2;5@9=2;5@1=1;6@0=3;6@2=6;6@3=2;6@4=2;6@6=2;6@9=1;6@8=2;6@1=1;7@2=1;7@4=1;7@9=2;7@8=1;7@1=1;8@0=2;8@2=1;8@3=1;8@4=1;8@7=1;8@8=3;8@1=2;9@2=2;9@4=2;9@6=1;9@9=2;9@7=1;9@8=1,"0,2,3,4,5,6,9,7,8,1",143,68,68,0,1.0,-0.2728121108424532,0.4166666666666667,0.010521222490880038,0.0,0.0,0.7,0.7940120697021484,Feasible|selected=greedy
1363,1362,11,6,5,"ADD:0,8;ADD:4,8;ADD:5,7;ADD:6,8;ADD:8,2;ADD:9,2;REMOVE:0,2;REMOVE:0,7;REMOVE:5,2;REMOVE:5,9;REMOVE:9,7",0:2|7;1:7;2:7|8;3:2|7;4:7;5:2|9;6:7;7:7;8:7;9:7,0:8;1:7;2:7|8;3:2|7;4:7|8;5:7;6:7|8;7:7;8:2|7;9:2,0@1=2;0@2=5;0@4=2;0@6=1;0@8=1;1@1=2;1@2=1;1@4=4;1@6=1;1@8=2;1@0=2;2@1=2;2@2=1;2@4=8;2@6=2;2@8=2;2@5=2;2@9=1;3@1=2;3@2=1;3@4=4;3@6=2;3@0=3;3@5=2;3@9=1;3@7=2;4@1=2;4@4=7;4@6=3;4@0=1;4@5=3;4@7=2;4@3=1;5@1=3;5@2=2;5@4=2;5@6=1;5@8=2;5@0=1;5@9=4;5@3=2;6@1=2;6@2=5;6@4=1;6@6=2;6@8=1;6@5=4;6@9=1;6@7=4;6@3=2;7@2=1;7@4=2;7@6=2;7@9=1;7@7=1;8@2=1;8@4=3;8@6=3;8@0=2;8@5=1;8@7=1;8@3=1;9@2=1;9@4=1;9@9=1,"1,2,4,6,8,0,5,9,7,3",138,65,65,0,1.0,-0.23029133100853982,0.35714285714285715,0.012565811848602995,0.0,0.0,0.6,0.7158222198486328,Feasible|selected=greedy
1364,1363,11,6,5,"ADD:0,9;ADD:1,8;ADD:2,2;ADD:5,8;ADD:6,2;ADD:9,7;REMOVE:0,8;REMOVE:2,7;REMOVE:3,2;REMOVE:6,8;REMOVE:9,2",0:8;1:7;2:7|8;3:2|7;4:7|8;5:7;6:7|8;7:7;8:2|7;9:2,0:9;1:7|8;2:2|8;3:7;4:7|8;5:7|8;6:2|7;7:7;8:2|7;9:7,0@1=4;0@2=3;0@3=2;0@6=1;0@7=3;0@9=2;1@1=1;1@6=2;1@7=1;1@0=2;1@4=1;1@5=2;1@8=1;2@1=3;2@2=6;2@3=2;2@7=1;2@9=2;2@0=2;2@4=4;2@5=2;2@8=2;3@1=2;3@2=3;3@3=2;3@0=3;3@4=3;3@8=1;4@1=2;4@2=4;4@3=2;4@6=2;4@7=1;4@9=3;4@4=2;4@5=2;4@8=1;5@1=2;5@2=2;5@6=3;5@7=1;5@0=1;5@4=3;5@5=2;6@1=3;6@2=5;6@3=1;6@7=1;6@9=1;6@0=2;6@4=3;6@5=1;7@1=2;7@6=2;7@7=1;7@4=2;8@1=2;8@2=1;8@9=1;8@0=3;8@4=3;8@5=1;9@1=1;9@2=1;9@7=1;9@9=2;9@4=1;9@8=1,"1,2,3,6,7,9,0,4,5,8",138,68,68,0,1.0,-0.2500730100276813,0.3333333333333333,0.016593656638985353,0.0,0.0,0.6,0.7433919906616211,Feasible|selected=greedy
1365,1364,11,4,7,"ADD:0,7;ADD:2,7;ADD:4,2;ADD:8,8;REMOVE:0,9;REMOVE:2,8;REMOVE:4,8;REMOVE:5,8;REMOVE:6,2;REMOVE:8,2;REMOVE:8,7",0:9;1:7|8;2:2|8;3:7;4:7|8;5:7|8;6:2|7;7:7;8:2|7;9:7,0:7;1:7|8;2:2|7;3:7;4:2|7;5:7;6:7;7:7;8:8;9:7,0@1=3;0@2=1;0@7=1;1@1=1;1@2=4;1@0=2;1@3=2;1@4=2;1@5=2;1@6=1;1@8=3;2@1=3;2@2=2;2@7=1;2@0=1;2@3=3;2@5=2;2@8=1;2@9=1;3@1=3;3@2=5;3@7=2;3@0=1;3@3=1;3@4=1;3@6=2;3@8=3;3@9=1;4@1=2;4@2=1;4@0=2;4@3=1;4@4=3;4@5=3;4@6=2;4@9=2;5@2=4;5@7=2;5@0=1;5@4=3;5@6=5;5@8=1;5@9=1;6@1=1;6@2=3;6@7=1;6@0=1;6@3=1;6@4=3;6@6=1;6@8=1;6@9=1;7@0=1;7@3=1;7@4=2;7@6=1;7@9=2;8@1=2;8@2=2;8@4=1;8@5=1;8@6=2;8@8=1;9@7=1;9@4=1;9@6=1;9@9=1,"1,2,7,0,3,4,5,6,8,9",121,67,67,0,1.0,0.04981317673863128,0.4375,0.012313176738631328,0.0,0.0,0.4,0.6775569915771484,Feasible|selected=greedy
1366,1365,11,6,5,"ADD:1,2;ADD:2,8;ADD:3,8;ADD:4,8;ADD:5,8;ADD:8,9;REMOVE:1,7;REMOVE:1,8;REMOVE:2,2;REMOVE:4,2;REMOVE:8,8",0:7;1:7|8;2:2|7;3:7;4:2|7;5:7;6:7;7:7;8:8;9:7,0:7;1:2;2:7|8;3:7|8;4:7|8;5:7|8;6:7;7:7;8:9;9:7,0@0=1;0@1=2;0@2=1;0@4=1;0@8=4;0@9=1;1@0=1;1@2=2;1@4=2;1@8=1;1@3=1;1@5=2;1@7=1;2@0=1;2@1=3;2@2=5;2@4=6;2@8=1;2@9=1;2@5=1;2@7=1;2@6=1;3@1=2;3@2=1;3@4=3;3@8=3;3@3=1;3@5=2;3@7=1;3@6=1;4@1=3;4@4=1;4@8=2;4@9=3;4@3=2;4@5=1;4@7=1;4@6=3;5@1=1;5@2=1;5@4=1;5@8=1;5@3=1;5@5=1;5@6=1;6@0=2;6@1=2;6@2=1;6@4=1;6@8=4;6@9=2;6@3=1;6@6=1;7@1=2;7@2=1;7@4=3;7@9=1;7@3=2;7@7=2;7@6=1;8@1=2;8@9=1;8@3=1;8@6=1;9@9=1;9@7=1;9@6=1,"0,1,2,4,8,9,3,5,7,6",111,67,67,0,1.0,-0.2015444438143339,0.38461538461538464,0.013840171570281435,0.0,0.0,0.6,0.7183449268341064,Feasible|selected=greedy
1367,1366,14,7,7,"ADD:1,8;ADD:2,2;ADD:4,2;ADD:6,2;ADD:7,2;ADD:8,7;ADD:9,8;REMOVE:1,2;REMOVE:2,8;REMOVE:4,8;REMOVE:5,8;REMOVE:7,7;REMOVE:8,9;REMOVE:9,7",0:7;1:2;2:7|8;3:7|8;4:7|8;5:7|8;6:7;7:7;8:9;9:7,0:7;1:8;2:2|7;3:7|8;4:2|7;5:7;6:2|7;7:2;8:7;9:8,0@0=1;0@1=1;0@8=1;0@9=1;1@1=2;1@8=3;1@4=4;1@7=2;2@0=1;2@1=5;2@4=6;2@2=2;2@3=1;2@5=1;2@6=2;3@1=2;3@9=1;3@4=2;3@7=1;3@2=2;3@5=1;3@6=3;4@0=1;4@1=5;4@8=1;4@9=2;4@4=4;4@7=1;4@2=3;4@3=2;4@5=3;4@6=2;5@8=1;5@9=1;5@4=1;5@2=3;5@3=1;5@6=1;6@0=3;6@9=4;6@4=2;6@7=2;6@2=1;6@3=2;6@5=1;6@6=1;7@0=1;7@8=2;7@9=2;7@4=1;7@2=1;7@5=2;8@8=2;8@9=1;8@2=2;8@3=1;8@6=1;9@4=1;9@5=2,"0,1,8,9,4,7,2,3,5,6",112,59,59,0,1.0,-0.18697129911128507,0.5,0.013028700888714852,0.0,0.0,0.7,0.6983370780944824,Feasible|selected=greedy
1368,1367,17,8,9,"ADD:1,7;ADD:4,8;ADD:5,3;ADD:6,8;ADD:7,7;ADD:8,2;ADD:8,9;ADD:9,7;REMOVE:1,8;REMOVE:2,7;REMOVE:3,8;REMOVE:4,2;REMOVE:4,7;REMOVE:6,2;REMOVE:7,2;REMOVE:8,7;REMOVE:9,8",0:7;1:8;2:2|7;3:7|8;4:2|7;5:7;6:2|7;7:2;8:7;9:8,0:7;1:7;2:2;3:7;4:8;5:3|7;6:7|8;7:7;8:2|9;9:7,0@0=1;0@3=1;0@4=3;0@7=4;0@8=1;1@3=2;1@4=3;1@8=3;1@2=2;1@6=1;2@3=1;2@4=1;2@8=3;2@2=3;3@0=1;3@3=2;3@4=1;3@8=1;3@6=1;3@1=3;3@9=1;4@4=1;4@7=2;4@2=1;4@6=4;4@1=1;4@5=3;5@0=1;5@3=2;5@7=1;5@2=1;5@6=3;5@1=1;5@5=1;6@0=1;6@4=3;6@7=1;6@2=5;6@6=2;6@1=1;6@5=3;7@3=1;7@4=1;7@8=1;7@2=3;7@1=1;8@0=1;8@3=2;8@2=2;8@6=1;8@9=2;8@5=1;9@0=1;9@7=1;9@2=1;9@1=2,"0,3,4,7,8,2,6,1,9,5",98,56,56,0,1.0,-0.1411153134660147,0.6428571428571429,0.01602754367684235,0.0,0.0,0.7999999999999999,0.6943378448486328,Feasible|selected=greedy
1369,1368,17,11,6,"ADD:0,8;ADD:1,2;ADD:2,7;ADD:3,2;ADD:4,2;ADD:4,7;ADD:5,8;ADD:6,2;ADD:7,2;ADD:8,7;ADD:9,2;REMOVE:1,7;REMOVE:4,8;REMOVE:5,3;REMOVE:6,8;REMOVE:8,9;REMOVE:9,7",0:7;1:7;2:2;3:7;4:8;5:3|7;6:7|8;7:7;8:2|9;9:7,0:7|8;1:2;2:2|7;3:2|7;4:2|7;5:7|8;6:2|7;7:2|7;8:2|7;9:2,0@0=3;0@1=3;0@2=4;0@4=6;0@5=1;0@6=1;0@7=2;0@8=2;0@9=1;1@0=1;1@2=3;1@4=1;1@5=1;1@7=2;1@8=2;1@3=1;2@0=1;2@1=5;2@2=2;2@4=2;2@5=2;2@6=2;2@7=1;2@8=5;2@9=1;2@3=2;3@0=1;3@2=3;3@4=3;3@5=1;3@6=1;3@7=3;3@8=3;3@9=2;3@3=1;4@0=1;4@1=3;4@2=3;4@4=1;4@5=1;4@6=5;4@7=3;4@8=4;4@9=2;4@3=1;5@0=1;5@1=2;5@2=1;5@4=3;5@5=2;5@6=1;5@8=3;5@9=1;6@0=1;6@1=5;6@2=4;6@4=5;6@5=1;6@6=1;6@7=2;6@8=1;6@9=1;6@3=1;7@0=1;7@1=1;7@2=4;7@4=3;7@5=1;7@7=1;7@8=1;7@9=2;8@1=2;8@2=2;8@4=1;8@5=1;8@6=2;8@9=1;8@3=1;9@2=2;9@4=1;9@3=2,"0,1,2,4,5,6,7,8,9,3",164,81,81,0,1.0,-0.6148038889466375,0.46153846153846156,0.023657649514900802,0.0,0.0,1.0999999999999999,0.9034750461578369,Feasible|selected=greedy
1370,1369,13,5,8,"ADD:1,7;ADD:1,8;ADD:4,8;ADD:6,8;ADD:9,7;REMOVE:0,8;REMOVE:1,2;REMOVE:3,2;REMOVE:4,2;REMOVE:6,2;REMOVE:7,2;REMOVE:8,2;REMOVE:9,2",0:7|8;1:2;2:2|7;3:2|7;4:2|7;5:7|8;6:2|7;7:2|7;8:2|7;9:2,0:7;1:7|8;2:2|7;3:7;4:7|8;5:7|8;6:7|8;7:7;8:7;9:7,0@0=1;0@4=3;0@6=1;0@7=1;0@8=1;1@0=2;1@4=1;1@6=1;1@7=1;1@8=1;1@1=3;1@2=1;1@3=1;1@5=1;2@0=4;2@4=3;2@6=1;2@7=2;2@8=1;2@1=3;2@2=3;2@3=1;2@5=1;2@9=2;3@4=3;3@6=2;3@7=4;3@2=2;3@3=2;3@9=3;4@0=1;4@4=3;4@7=1;4@8=3;4@1=6;4@2=3;4@5=2;5@0=1;5@4=1;5@6=2;5@8=2;5@1=1;5@2=3;5@3=2;5@5=1;6@0=1;6@4=1;6@6=1;6@7=1;6@8=2;6@1=1;6@2=1;6@3=2;6@5=2;7@0=1;7@4=4;7@8=2;7@1=1;7@9=1;8@4=3;8@6=1;8@7=3;8@1=1;8@2=4;9@0=1;9@7=1;9@1=1;9@2=1;9@3=1;9@9=1,"0,4,6,7,8,1,2,3,5,9",127,70,70,0,1.0,-0.03597202800455984,0.4444444444444444,0.019583527550995735,0.0,0.0,0.5,0.7262389659881592,Feasible|selected=greedy
1371,1370,8,5,3,"ADD:0,2;ADD:1,2;ADD:7,2;ADD:8,8;ADD:8,9;REMOVE:1,8;REMOVE:7,7;REMOVE:8,7",0:7;1:7|8;2:2|7;3:7;4:7|8;5:7|8;6:7|8;7:7;8:7;9:7,0:2|7;1:2|7;2:2|7;3:7;4:7|8;5:7|8;6:7|8;7:2;8:8|9;9:7,0@0=2;0@1=1;0@2=1;0@4=2;0@5=1;0@7=2;0@8=1;0@9=1;1@0=1;1@1=1;1@2=4;1@4=1;1@5=2;1@9=1;1@3=1;1@6=2;2@0=1;2@1=1;2@2=3;2@4=3;2@5=1;2@9=1;2@6=1;3@0=2;3@1=3;3@2=2;3@4=4;3@7=1;3@8=2;3@9=1;3@3=7;4@1=3;4@2=1;4@4=1;4@5=3;4@7=2;4@8=1;4@3=1;4@6=3;5@1=1;5@5=1;5@7=2;5@8=1;5@3=1;5@6=3;6@0=1;6@1=3;6@2=5;6@4=4;6@5=2;6@7=1;6@8=2;6@9=1;6@6=2;7@2=1;7@5=1;7@7=1;7@9=1;8@1=3;8@2=3;8@4=3;8@5=2;8@9=2;8@6=1;9@0=1;9@2=2;9@4=3;9@7=1;9@6=1,"0,1,2,4,5,7,8,9,3,6",128,69,69,0,1.0,-0.28058549053004245,0.2,0.019414509469957562,0.0,0.0,0.5,0.7329308986663818,Feasible|selected=greedy
1372,1371,4,3,1,"ADD:2,8;ADD:3,8;ADD:7,8;REMOVE:2,2",0:2|7;1:2|7;2:2|7;3:7;4:7|8;5:7|8;6:7|8;7:2;8:8|9;9:7,0:2|7;1:2|7;2:7|8;3:7|8;4:7|8;5:7|8;6:7|8;7:2|8;8:8|9;9:7,0@0=1;0@2=3;0@4=2;0@5=1;0@6=1;0@7=1;0@8=1;0@9=1;1@0=4;1@2=1;1@4=2;1@5=2;1@7=2;1@8=1;1@9=2;1@1=3;2@0=2;2@2=4;2@4=1;2@5=4;2@6=2;2@8=1;2@1=4;2@3=3;3@4=3;3@5=2;3@7=1;3@8=1;3@9=1;4@0=2;4@2=6;4@5=2;4@6=1;4@8=2;4@9=3;4@1=1;5@0=1;5@2=4;5@4=1;5@5=1;5@6=1;5@7=1;5@8=2;5@9=2;5@1=4;6@0=1;6@2=3;6@4=4;6@5=3;6@6=3;6@7=2;6@8=1;6@1=2;7@2=1;7@4=2;7@5=1;7@8=1;7@1=1;7@3=1;8@4=3;8@5=1;8@6=1;8@8=1;8@9=2;9@4=1,"0,2,4,5,6,7,8,9,1,3",126,65,65,0,1.0,-0.2234342144692344,0.058823529411764705,0.01774225611900095,0.0,0.0,0.30000000000000004,0.6714842319488525,Feasible|selected=greedy
1373,1372,9,3,6,"ADD:3,3;ADD:7,7;ADD:8,7;REMOVE:3,8;REMOVE:5,8;REMOVE:7,2;REMOVE:7,8;REMOVE:8,8;REMOVE:8,9",0:2|7;1:2|7;2:7|8;3:7|8;4:7|8;5:7|8;6:7|8;7:2|8;8:8|9;9:7,0:2|7;1:2|7;2:7|8;3:3|7;4:7|8;5:7;6:7|8;7:7;8:7;9:7,0@0=1;0@1=1;0@2=3;0@3=2;0@4=4;0@5=3;0@6=1;0@8=3;0@9=1;1@2=4;1@3=1;1@4=2;1@5=3;1@6=1;1@8=1;1@7=2;2@1=4;2@2=1;2@3=3;2@4=1;2@5=1;2@8=1;2@7=2;3@1=1;3@2=4;3@3=1;3@4=1;3@5=2;3@6=2;3@9=2;3@7=3;4@0=2;4@1=3;4@2=2;4@3=1;4@4=2;4@5=2;4@6=2;4@8=1;5@2=4;5@3=2;5@4=2;5@6=1;5@8=1;5@9=2;6@1=2;6@2=2;6@3=1;6@4=2;6@5=2;6@6=2;6@8=2;7@0=1;7@2=2;7@4=2;7@6=1;7@8=2;7@9=1;7@7=2;8@3=3;8@4=5;8@8=1;8@9=2;9@0=1;9@1=1;9@2=1;9@4=1,"0,1,2,3,4,5,6,8,9,7",128,67,67,0,1.0,0.03142736757246356,0.3157894736842105,0.0156378938882531,0.0,0.0,0.30000000000000004,0.6768791675567627,Feasible|selected=greedy
1374,1373,16,7,9,"ADD:0,8;ADD:2,3;ADD:4,2;ADD:5,8;ADD:6,2;ADD:7,2;ADD:8,8;REMOVE:0,2;REMOVE:0,7;REMOVE:1,2;REMOVE:2,8;REMOVE:4,7;REMOVE:4,8;REMOVE:6,7;REMOVE:7,7;REMOVE:8,7",0:2|7;1:2|7;2:7|8;3:3|7;4:7|8;5:7;6:7|8;7:7;8:7;9:7,0:8;1:7;2:3|7;3:3|7;4:2;5:7|8;6:2|8;7:2;8:8;9:7,0@2=3;0@4=2;0@5=1;0@8=1;1@2=2;1@4=1;1@0=1;1@1=1;1@9=1;2@2=4;2@4=3;2@5=1;2@1=1;2@9=2;2@3=3;2@6=1;3@2=3;3@4=5;3@0=1;3@1=1;3@9=1;3@3=1;3@7=1;4@2=2;4@4=1;4@5=2;4@8=1;4@0=1;4@3=2;4@7=1;5@2=2;5@4=2;5@5=2;5@1=3;5@3=2;5@6=1;6@2=1;6@4=1;6@5=1;6@8=1;6@9=2;6@3=2;6@6=1;7@2=2;7@4=2;7@5=2;7@8=2;7@9=1;8@2=2;8@4=1;8@5=2;8@1=1;8@7=1;9@4=1;9@0=1;9@1=2,"2,4,5,8,0,1,9,3,6,7",92,56,56,0,1.0,-0.12427743806417291,0.5625,0.013222561935827064,0.0,0.0,0.7,0.6624062061309814,Feasible|selected=greedy
1375,1374,16,8,8,"ADD:0,7;ADD:2,8;ADD:4,7;ADD:5,3;ADD:6,7;ADD:7,7;ADD:8,7;ADD:9,8;REMOVE:0,8;REMOVE:2,3;REMOVE:3,3;REMOVE:5,8;REMOVE:6,2;REMOVE:7,2;REMOVE:8,8;REMOVE:9,7",0:8;1:7;2:3|7;3:3|7;4:2;5:7|8;6:2|8;7:2;8:8;9:7,0:7;1:7;2:7|8;3:7;4:2|7;5:3|7;6:7|8;7:7;8:7;9:8,0@2=1;0@3=1;0@4=1;0@7=1;0@8=2;0@9=1;1@2=2;1@3=1;1@4=2;1@8=1;1@9=1;1@0=1;1@1=3;1@6=4;2@2=1;2@4=5;2@8=1;2@9=3;2@0=2;2@1=3;2@6=3;2@5=1;3@2=5;3@3=1;3@4=2;3@9=1;3@0=2;3@1=1;3@6=2;4@2=3;4@3=1;4@4=1;4@7=1;4@9=2;4@0=2;4@1=2;4@6=2;4@5=3;5@2=2;5@3=1;5@7=2;5@0=2;5@1=3;5@6=3;5@5=2;6@2=5;6@3=3;6@4=4;6@7=1;6@8=2;6@0=3;6@1=1;6@6=1;6@5=3;7@2=2;7@3=2;7@4=1;7@8=1;7@9=1;7@1=2;8@2=1;8@3=1;8@4=1;8@8=1;8@6=1;9@2=2;9@4=1;9@1=1;9@6=1,"2,3,4,7,8,9,0,1,6,5",129,69,69,0,1.0,-0.21930704115371125,0.5714285714285714,0.009264387417717315,0.0,0.0,0.7999999999999999,0.7460441589355469,Feasible|selected=greedy
1376,1375,8,3,5,"ADD:2,2;ADD:8,2;ADD:9,7;REMOVE:2,8;REMOVE:5,3;REMOVE:6,8;REMOVE:8,7;REMOVE:9,8",0:7;1:7;2:7|8;3:7;4:2|7;5:3|7;6:7|8;7:7;8:7;9:8,0:7;1:7;2:2|7;3:7;4:2|7;5:7;6:7;7:7;8:2;9:7,0@1=4;0@2=1;0@3=3;0@4=3;0@6=2;0@7=2;0@8=1;0@9=1;1@1=2;1@4=2;1@6=1;1@7=1;1@8=1;1@9=1;1@0=1;2@1=4;2@2=7;2@3=1;2@4=2;2@6=2;2@8=2;2@9=1;2@0=1;2@5=1;3@1=1;3@2=8;3@3=2;3@4=3;3@7=2;3@8=2;3@0=2;4@1=1;4@2=4;4@3=2;4@4=6;4@7=1;4@8=3;4@9=4;4@5=3;5@1=1;5@2=1;5@3=1;5@4=3;5@7=2;5@8=3;5@9=1;5@0=4;6@1=2;6@2=6;6@4=3;6@6=1;6@7=3;6@8=2;6@9=1;6@0=2;7@1=1;7@2=4;7@3=1;7@4=3;7@6=1;7@8=1;7@9=1;8@2=3;8@3=3;8@4=3;8@8=1;8@9=1;8@0=1;8@5=1;9@1=1;9@2=2;9@4=2;9@8=4;9@9=1;9@0=2,"1,2,3,4,6,7,8,9,0,5",164,75,75,0,1.0,0.07234467977014136,0.35714285714285715,0.015201822627284273,0.0,0.0,0.30000000000000004,0.9586548805236816,Feasible|selected=greedy
1377,1376,15,11,4,"ADD:0,2;ADD:2,8;ADD:3,2;ADD:4,8;ADD:5,2;ADD:6,2;ADD:7,8;ADD:8,7;ADD:8,8;ADD:9,2;ADD:9,9;REMOVE:2,2;REMOVE:4,2;REMOVE:8,2;REMOVE:9,7",0:7;1:7;2:2|7;3:7;4:2|7;5:7;6:7;7:7;8:2;9:7,0:2|7;1:7;2:7|8;3:2|7;4:7|8;5:2|7;6:2|7;7:7|8;8:7|8;9:2|9,0@0=2;0@1=2;0@2=2;0@3=1;0@4=2;0@5=1;0@6=2;0@7=1;0@8=1;0@9=1;1@1=2;1@2=3;1@3=1;1@7=1;1@8=1;1@9=2;2@1=2;2@2=3;2@3=1;2@5=3;2@6=1;2@7=1;2@8=2;2@9=1;3@0=3;3@1=2;3@2=1;3@3=2;3@4=2;3@5=1;3@7=2;4@1=1;4@2=5;4@3=2;4@4=2;4@5=1;4@6=2;4@7=3;4@8=2;4@9=4;5@0=4;5@1=1;5@2=3;5@3=5;5@4=1;5@5=2;5@6=1;5@7=1;5@8=1;5@9=1;6@0=1;6@1=2;6@2=3;6@3=2;6@4=1;6@5=2;6@6=1;6@9=2;7@1=2;7@2=3;7@4=2;7@5=1;7@6=1;7@7=1;7@8=2;7@9=1;8@1=2;8@3=1;8@4=5;8@5=4;8@6=2;8@7=2;9@0=1;9@2=2;9@3=1;9@5=2;9@6=1;9@9=2,"0,1,2,3,4,5,6,7,8,9",146,78,78,0,1.0,-0.7451309152839324,0.3333333333333333,0.02153575138273418,0.0,0.0,1.0999999999999999,1.030228853225708,Feasible|selected=greedy
1378,1377,15,5,10,"ADD:1,8;ADD:5,8;ADD:7,3;ADD:8,2;ADD:9,7;REMOVE:0,2;REMOVE:2,8;REMOVE:3,2;REMOVE:5,2;REMOVE:6,2;REMOVE:7,7;REMOVE:7,8;REMOVE:8,8;REMOVE:9,2;REMOVE:9,9",0:2|7;1:7;2:7|8;3:2|7;4:7|8;5:2|7;6:2|7;7:7|8;8:7|8;9:2|9,0:7;1:7|8;2:7;3:7;4:7|8;5:7|8;6:7;7:3;8:2|7;9:7,0@0=1;0@1=3;0@2=5;0@3=1;0@4=9;0@7=2;0@8=1;0@9=1;1@1=1;1@2=2;1@3=1;1@4=1;1@8=1;1@5=1;1@6=1;2@0=1;2@1=1;2@2=3;2@3=2;2@4=2;2@7=3;2@8=2;2@6=2;3@0=1;3@2=2;3@3=3;3@4=4;3@9=1;3@6=3;4@1=3;4@2=3;4@3=2;4@4=5;4@7=1;4@8=3;4@5=1;4@6=1;5@1=2;5@2=4;5@4=1;5@7=2;5@9=1;5@5=1;5@6=2;6@0=3;6@2=8;6@3=1;6@4=2;6@7=1;6@8=2;6@9=1;6@6=1;7@2=1;7@3=2;8@0=3;8@1=2;8@2=2;8@3=1;8@4=3;8@5=2;9@0=1;9@1=1;9@3=1;9@4=2;9@7=1;9@9=2;9@6=1,"0,1,2,3,4,7,8,9,5,6",137,67,67,0,1.0,0.03860550064259283,0.5263157894736842,0.012289711168908696,0.0,0.0,0.5,0.699713945388794,Feasible|selected=greedy
1379,1378,13,8,5,"ADD:0,3;ADD:2,2;ADD:3,2;ADD:6,2;ADD:7,2;ADD:8,5;ADD:8,8;ADD:9,8;REMOVE:1,8;REMOVE:5,8;REMOVE:8,2;REMOVE:8,7;REMOVE:9,7",0:7;1:7|8;2:7;3:7;4:7|8;5:7|8;6:7;7:3;8:2|7;9:7,0:3|7;1:7;2:2|7;3:2|7;4:7|8;5:7;6:2|7;7:2|3;8:5|8;9:8,0@1=3;0@2=5;0@3=1;0@4=1;0@5=1;0@6=2;0@7=1;0@9=1;1@1=1;1@2=3;1@4=3;1@9=2;2@1=2;2@2=5;2@4=3;2@5=1;2@7=1;2@9=1;2@0=2;3@1=1;3@2=5;3@3=2;3@4=1;3@5=1;3@7=1;3@9=1;3@0=3;3@8=1;4@1=2;4@2=3;4@4=1;4@5=2;4@6=3;4@0=3;5@2=3;5@3=1;5@4=3;5@6=3;5@8=1;6@1=5;6@2=6;6@3=1;6@4=1;6@5=1;6@7=1;6@9=4;6@0=1;6@8=1;7@1=1;7@2=1;7@3=1;7@4=1;7@5=3;8@3=2;8@4=1;8@5=2;8@8=1;9@1=1;9@2=1;9@4=1;9@5=1;9@7=1;9@8=1,"1,2,3,4,5,6,7,9,0,8",120,63,63,0,1.0,-0.4216787076254668,0.35714285714285715,0.021178435231676004,0.0,0.0,0.7999999999999999,0.7422592639923096,Feasible|selected=greedy
1380,1379,20,10,10,"ADD:0,2;ADD:1,3;ADD:1,8;ADD:4,2;ADD:5,8;ADD:7,7;ADD:7,8;ADD:8,2;ADD:8,7;ADD:9,7;REMOVE:0,3;REMOVE:1,7;REMOVE:2,2;REMOVE:4,8;REMOVE:5,7;REMOVE:7,2;REMOVE:7,3;REMOVE:8,5;REMOVE:8,8;REMOVE:9,8",0:3|7;1:7;2:2|7;3:2|7;4:7|8;5:7;6:2|7;7:2|3;8:5|8;9:8,0:2|7;1:3|8;2:7;3:2|7;4:2|7;5:8;6:2|7;7:7|8;8:2|7;9:7,0@0=3;0@1=1;0@2=3;0@3=3;0@4=3;0@5=1;0@6=1;0@8=2;0@9=1;1@1=2;1@3=1;1@4=1;1@5=1;2@0=1;2@1=4;2@2=3;2@3=3;2@4=1;2@8=1;2@9=2;3@0=1;3@2=1;3@3=1;3@4=2;3@5=2;3@6=1;3@8=2;3@9=1;3@7=1;4@0=1;4@1=2;4@2=4;4@3=1;4@4=5;4@5=3;4@6=1;4@9=1;5@1=2;5@2=1;5@4=4;5@5=1;5@8=1;5@7=1;6@0=2;6@1=1;6@2=2;6@3=2;6@4=2;6@5=1;6@6=1;6@8=1;6@9=2;6@7=2;7@0=1;7@1=2;7@4=2;7@5=1;7@8=1;7@7=1;8@0=2;8@1=2;8@2=2;8@3=1;8@4=2;8@5=2;8@8=2;8@9=1;8@7=2;9@0=1;9@2=2;9@3=1;9@4=1;9@8=1;9@9=1;9@7=2,"0,1,2,3,4,5,6,8,9,7",127,75,75,0,1.0,-0.3942887566697899,0.5882352941176471,0.017475949212562927,0.0,0.0,0.9999999999999999,0.7993569374084473,Feasible|selected=greedy
1381,1380,17,8,9,"ADD:0,8;ADD:1,2;ADD:2,8;ADD:4,8;ADD:5,2;ADD:5,7;ADD:9,1;ADD:9,8;REMOVE:0,2;REMOVE:1,3;REMOVE:1,8;REMOVE:3,2;REMOVE:4,2;REMOVE:5,8;REMOVE:6,2;REMOVE:8,2;REMOVE:9,7",0:2|7;1:3|8;2:7;3:2|7;4:2|7;5:8;6:2|7;7:7|8;8:2|7;9:7,0:7|8;1:2;2:7|8;3:7;4:7|8;5:2|7;6:7;7:7|8;8:7;9:1|8,0@1=3;0@4=2;0@5=1;0@6=2;0@7=1;0@9=1;1@0=2;1@2=1;2@1=3;2@4=6;2@5=1;2@6=1;2@7=1;2@9=1;2@0=2;2@3=1;2@8=1;3@4=1;3@7=3;3@0=1;3@2=2;3@3=2;4@1=2;4@4=1;4@5=1;4@6=1;4@7=1;4@0=1;4@2=2;4@3=2;4@8=1;5@1=1;5@4=1;5@5=2;5@7=1;5@9=1;5@0=2;5@2=1;5@3=1;6@1=2;6@4=5;6@6=1;6@7=2;6@9=1;6@2=3;6@8=3;7@1=2;7@4=2;7@5=3;7@6=1;7@0=1;7@2=1;7@8=2;8@4=1;8@7=1;8@9=1;8@2=2;8@8=1;9@1=1;9@5=1;9@9=1;9@8=1,"1,4,5,6,7,9,0,2,3,8",100,62,62,0,1.0,-0.2523358996339726,0.5294117647058824,0.0182523356601449,0.0,0.0,0.7999999999999999,0.7241537570953369,Feasible|selected=greedy
1382,1381,15,7,8,"ADD:0,2;ADD:3,2;ADD:5,3;ADD:7,2;ADD:8,2;ADD:8,8;ADD:9,7;REMOVE:0,7;REMOVE:0,8;REMOVE:5,7;REMOVE:7,7;REMOVE:7,8;REMOVE:8,7;REMOVE:9,1;REMOVE:9,8",0:7|8;1:2;2:7|8;3:7;4:7|8;5:2|7;6:7;7:7|8;8:7;9:1|8,0:2;1:2;2:7|8;3:2|7;4:7|8;5:2|3;6:7;7:2;8:2|8;9:7,0@0=1;0@3=1;0@4=1;0@5=2;0@7=3;0@9=1;1@0=1;1@3=1;1@4=1;1@5=1;1@7=1;1@9=1;1@2=1;1@8=1;2@0=1;2@3=1;2@4=3;2@5=1;2@7=3;2@2=1;2@8=5;2@1=2;2@6=2;3@0=7;3@4=3;3@5=1;3@7=1;3@9=1;3@2=2;3@8=1;3@1=1;4@0=4;4@5=4;4@7=1;4@9=2;4@2=2;4@8=1;4@1=3;4@6=1;5@3=1;5@5=1;5@9=1;5@2=1;5@8=1;5@1=4;6@0=1;6@4=1;6@7=1;6@9=3;6@2=1;6@1=2;6@6=2;7@0=1;7@4=2;7@9=2;7@2=1;8@4=4;8@5=1;8@9=3;8@2=3;8@8=1;8@1=2;9@0=2;9@3=1;9@4=2;9@7=2;9@9=2;9@8=1;9@6=1,"0,3,4,5,7,9,2,8,1,6",122,69,69,0,1.0,-0.18028516808054784,0.5,0.019714831919452135,0.0,0.0,0.7,1.0989928245544434,Feasible|selected=greedy
1383,1382,14,8,6,"ADD:0,7;ADD:0,8;ADD:1,7;ADD:2,2;ADD:5,7;ADD:6,2;ADD:7,7;ADD:8,7;REMOVE:0,2;REMOVE:2,8;REMOVE:4,8;REMOVE:5,3;REMOVE:7,2;REMOVE:8,8",0:2;1:2;2:7|8;3:2|7;4:7|8;5:2|3;6:7;7:2;8:2|8;9:7,0:7|8;1:2|7;2:2|7;3:2|7;4:7;5:2|7;6:2|7;7:7;8:2|7;9:7,0@1=1;0@2=3;0@3=2;0@4=3;0@5=1;0@6=3;0@8=1;1@1=2;1@2=2;1@3=1;1@4=2;1@5=3;1@6=2;1@0=1;1@9=1;2@1=3;2@2=3;2@3=2;2@4=2;2@5=2;2@8=1;2@0=2;2@9=1;2@7=2;3@1=4;3@2=3;3@3=2;3@4=4;3@5=3;3@8=1;3@7=1;4@1=4;4@2=2;4@3=1;4@4=4;4@6=3;5@1=4;5@2=4;5@3=2;5@4=4;5@5=2;5@6=4;5@0=1;5@7=1;6@1=1;6@2=3;6@3=1;6@4=4;6@5=1;6@8=3;6@0=1;6@7=1;7@1=1;7@3=1;7@4=2;7@0=1;7@9=1;8@1=1;8@2=1;8@3=4;8@4=2;8@5=1;8@8=2;8@0=3;8@7=2;9@1=3;9@2=1;9@3=1;9@4=1;9@6=1;9@0=1,"1,2,3,4,5,6,8,0,9,7",145,71,71,0,1.0,-0.3832820343005701,0.4,0.01671796569942979,0.0,0.0,0.7999999999999999,0.9617109298706055,Feasible|selected=greedy
1384,1383,13,6,7,"ADD:4,2;ADD:6,8;ADD:7,2;ADD:8,8;ADD:9,2;ADD:9,8;REMOVE:0,8;REMOVE:1,2;REMOVE:2,2;REMOVE:5,2;REMOVE:6,2;REMOVE:8,2;REMOVE:9,7",0:7|8;1:2|7;2:2|7;3:2|7;4:7;5:2|7;6:2|7;7:7;8:2|7;9:7,0:7;1:7;2:7;3:2|7;4:2|7;5:7;6:7|8;7:2|7;8:7|8;9:2|8,0@0=3;0@1=3;0@2=6;0@3=2;0@4=2;0@6=1;0@7=3;0@8=1;0@9=2;1@0=1;1@1=2;1@2=3;1@4=2;1@9=2;2@0=2;2@1=2;2@2=3;2@4=3;2@6=1;2@9=2;3@0=3;3@1=1;3@2=6;3@3=1;3@4=3;3@6=1;3@7=1;3@8=1;3@9=1;3@5=2;4@0=1;4@1=2;4@2=3;4@3=2;4@4=5;4@6=2;4@7=1;4@8=2;4@9=4;4@5=3;5@0=1;5@1=2;5@2=2;5@3=2;5@4=4;5@6=2;5@7=4;5@9=2;6@1=5;6@2=4;6@3=1;6@4=4;6@6=1;6@7=2;6@5=1;7@0=2;7@1=1;7@2=1;7@3=1;7@4=2;7@9=1;7@5=2;8@1=2;8@2=3;8@4=1;8@6=5;8@8=1;8@9=1;8@5=1;9@0=1;9@1=2;9@2=1;9@4=1;9@5=1,"0,1,2,3,4,6,7,8,9,5",158,74,74,0,1.0,-0.17389462409062367,0.4117647058823529,0.01434067002702338,0.0,0.0,0.6,0.8089718818664551,Feasible|selected=greedy
1385,1384,11,5,6,"ADD:0,2;ADD:1,2;ADD:2,2;ADD:4,8;ADD:5,2;REMOVE:1,7;REMOVE:3,2;REMOVE:4,2;REMOVE:7,2;REMOVE:8,8;REMOVE:9,2",0:7;1:7;2:7;3:2|7;4:2|7;5:7;6:7|8;7:2|7;8:7|8;9:2|8,0:2|7;1:2;2:2|7;3:7;4:7|8;5:2|7;6:7|8;7:7;8:7;9:8,0@0=1;0@1=1;0@2=2;0@3=2;0@4=4;0@5=2;0@6=2;0@7=2;0@8=1;0@9=1;1@2=5;1@3=2;1@4=4;1@8=1;1@9=2;2@2=4;2@3=2;2@4=7;2@5=1;2@6=1;2@7=1;2@8=1;2@9=3;3@0=1;3@1=1;3@2=2;3@3=3;3@4=1;3@7=1;3@9=2;4@1=2;4@2=2;4@4=3;4@5=3;4@7=2;4@8=2;4@9=1;5@0=2;5@1=4;5@2=2;5@3=1;5@4=4;5@5=2;5@6=3;5@7=1;5@9=2;6@1=3;6@2=5;6@3=1;6@4=3;6@5=1;6@6=3;6@7=2;7@0=2;7@1=1;7@2=4;7@4=2;7@6=2;8@0=1;8@1=1;8@2=4;8@4=1;8@6=2;8@9=1;9@1=1;9@2=2;9@4=2;9@8=1,"0,1,2,3,4,5,6,7,8,9",144,68,68,0,1.0,-0.10813114616826702,0.375,0.016868853831732974,0.0,0.0,0.5,0.7717900276184082,Feasible|selected=greedy
1386,1385,9,4,5,"ADD:3,8;ADD:4,2;ADD:7,8;ADD:9,7;REMOVE:0,7;REMOVE:4,8;REMOVE:5,2;REMOVE:6,8;REMOVE:9,8",0:2|7;1:2;2:2|7;3:7;4:7|8;5:2|7;6:7|8;7:7;8:7;9:8,0:2;1:2;2:2|7;3:7|8;4:2|7;5:7;6:7;7:7|8;8:7;9:7,0@2=2;0@3=1;0@4=1;0@5=2;0@7=1;0@9=1;1@2=3;1@3=1;1@4=1;1@5=1;1@7=1;1@9=1;2@2=3;2@3=2;2@4=1;2@5=3;2@7=3;2@0=2;2@1=2;2@8=2;3@2=2;3@3=3;3@4=1;3@5=1;3@7=1;3@1=4;3@8=2;4@2=1;4@3=3;4@4=3;4@5=4;4@7=1;4@9=1;4@0=1;4@1=5;4@8=1;4@6=1;5@2=4;5@3=1;5@4=1;5@7=1;5@9=1;5@1=1;5@6=1;6@2=5;6@4=4;6@9=1;6@0=1;6@1=3;6@8=2;7@2=2;7@4=1;7@5=1;7@0=1;7@1=1;7@6=2;8@2=2;8@3=1;8@4=4;8@7=2;8@1=1;9@2=1;9@7=2;9@0=1;9@1=1;9@8=1,"2,3,4,5,7,9,0,1,8,6",119,66,66,0,1.0,-0.04850657566652605,0.3333333333333333,0.01816009100014068,0.0,0.0,0.4,0.7383170127868652,Feasible|selected=greedy
1387,1386,17,9,8,"ADD:0,7;ADD:1,7;ADD:3,2;ADD:4,8;ADD:5,8;ADD:6,2;ADD:7,3;ADD:7,5;ADD:9,9;REMOVE:0,2;REMOVE:1,2;REMOVE:3,7;REMOVE:3,8;REMOVE:4,2;REMOVE:7,7;REMOVE:7,8;REMOVE:9,7",0:2;1:2;2:2|7;3:7|8;4:2|7;5:7;6:7;7:7|8;8:7;9:7,0:7;1:7;2:2|7;3:2;4:7|8;5:7|8;6:2|7;7:3|5;8:7;9:9,0@1=2;0@2=1;0@3=1;0@4=1;0@6=1;0@7=1;1@1=2;1@2=1;1@4=2;1@7=1;1@0=1;1@8=1;2@1=1;2@2=3;2@4=2;2@7=1;2@0=3;2@8=2;2@5=2;2@9=2;3@2=3;3@4=1;3@7=1;3@5=1;3@9=1;4@1=4;4@2=4;4@3=1;4@4=3;4@6=1;4@7=1;4@5=2;5@1=1;5@2=3;5@6=1;5@7=2;5@0=2;5@8=1;5@5=1;5@9=2;6@1=1;6@2=3;6@3=3;6@4=5;6@6=3;6@0=1;6@5=1;7@1=2;7@2=1;7@3=1;7@0=2;7@5=1;8@2=1;8@4=1;8@6=1;8@0=1;9@1=1;9@6=3;9@7=1;9@9=1,"1,2,3,4,6,7,0,8,5,9",101,60,60,0,1.0,-0.3102358456415232,0.5714285714285714,0.01833558292990532,0.0,0.0,0.8999999999999999,0.7064409255981445,Feasible|selected=greedy
1388,1387,20,10,10,"ADD:0,2;ADD:0,8;ADD:1,8;ADD:2,9;ADD:3,7;ADD:4,9;ADD:5,2;ADD:6,8;ADD:7,7;ADD:9,3;REMOVE:0,7;REMOVE:2,2;REMOVE:2,7;REMOVE:4,7;REMOVE:5,7;REMOVE:5,8;REMOVE:6,7;REMOVE:7,3;REMOVE:7,5;REMOVE:9,9",0:7;1:7;2:2|7;3:2;4:7|8;5:7|8;6:2|7;7:3|5;8:7;9:9,0:2|8;1:7|8;2:9;3:2|7;4:8|9;5:2;6:2|8;7:7;8:7;9:3,0@0=2;0@1=1;0@2=1;0@4=2;0@5=1;0@8=2;0@9=1;1@0=2;1@4=1;1@5=1;1@6=1;2@1=3;2@2=3;2@9=1;2@7=1;3@0=2;3@2=4;3@5=1;3@8=1;3@9=3;3@6=1;3@3=2;4@1=3;4@2=2;4@4=2;4@5=1;4@9=2;4@6=2;5@2=5;5@4=1;5@5=1;5@8=1;5@3=2;6@1=2;6@2=4;6@4=5;6@5=3;6@8=3;6@9=1;6@3=1;7@0=1;7@2=5;7@4=1;7@8=1;7@9=1;7@6=1;8@2=1;8@4=1;8@7=1;8@3=2;9@3=2,"0,1,2,4,5,8,9,6,7,3",95,51,51,0,1.0,-0.3076028673396092,0.6666666666666666,0.025730465993724135,0.0,0.0,0.9999999999999999,0.6452679634094238,Feasible|selected=greedy
1389,1388,17,8,9,"ADD:0,7;ADD:2,7;ADD:2,8;ADD:4,2;ADD:5,7;ADD:5,8;ADD:6,7;ADD:9,7;REMOVE:0,2;REMOVE:0,8;REMOVE:1,8;REMOVE:2,9;REMOVE:3,7;REMOVE:4,8;REMOVE:5,2;REMOVE:6,8;REMOVE:9,3",0:2|8;1:7|8;2:9;3:2|7;4:8|9;5:2;6:2|8;7:7;8:7;9:3,0:7;1:7;2:7|8;3:2;4:2|9;5:7|8;6:2|7;7:7;8:7;9:7,0@1=1;0@2=1;0@3=2;0@4=3;0@6=1;1@2=1;1@4=1;1@6=2;1@7=1;1@9=1;2@1=3;2@2=4;2@4=4;2@6=1;2@7=1;2@9=1;2@0=3;2@5=2;2@8=1;3@2=4;3@3=2;3@4=2;3@5=1;4@1=3;4@2=7;4@3=1;4@4=3;4@6=2;4@7=1;4@9=3;4@0=1;4@5=2;4@8=2;5@1=2;5@2=3;5@4=3;5@6=1;5@0=1;5@5=2;5@8=1;6@1=1;6@2=3;6@3=2;6@4=3;6@6=1;6@9=1;6@0=1;6@5=2;7@1=1;7@2=1;7@3=1;7@4=2;7@9=2;7@0=1;7@8=2;8@1=1;8@2=1;8@3=1;8@4=3;8@6=1;9@1=2;9@2=2;9@7=1,"1,2,3,4,6,7,9,0,5,8",117,63,63,0,1.0,-0.1799174640936677,0.6,0.020082535906332265,0.0,0.0,0.7999999999999999,0.7772328853607178,Feasible|selected=greedy
1390,1389,6,3,3,"ADD:0,8;ADD:1,2;ADD:7,8;REMOVE:2,7;REMOVE:5,7;REMOVE:7,7",0:7;1:7;2:7|8;3:2;4:2|9;5:7|8;6:2|7;7:7;8:7;9:7,0:7|8;1:2|7;2:8;3:2;4:2|9;5:8;6:2|7;7:8;8:7;9:7,0@1=1;0@2=2;0@3=1;0@4=2;0@5=1;0@7=1;0@8=1;1@1=2;1@2=4;1@3=1;1@4=3;1@5=1;1@7=2;1@0=1;1@9=1;2@1=2;2@2=3;2@4=2;2@5=2;2@7=2;3@2=3;3@4=6;3@5=1;3@7=1;3@8=1;3@9=4;4@1=2;4@2=2;4@3=1;4@4=1;4@5=2;4@7=2;4@8=3;4@0=3;4@9=1;4@6=2;5@1=1;5@2=3;5@4=4;5@8=3;6@1=2;6@2=2;6@3=2;6@5=1;6@8=1;6@0=1;6@9=3;6@6=4;7@2=1;7@4=3;7@8=1;8@1=1;8@2=1;8@3=2;8@4=3;8@7=2;8@0=1;8@6=2;9@1=1;9@3=1;9@4=1;9@9=1;9@6=1,"1,2,3,4,5,7,8,0,9,6",119,63,63,0,1.0,-0.06758002085950537,0.21428571428571427,0.018134264854780393,0.0,0.0,0.30000000000000004,0.7796406745910645,Feasible|selected=greedy
1391,1390,17,7,10,"ADD:2,7;ADD:3,7;ADD:3,8;ADD:4,7;ADD:5,7;ADD:8,8;ADD:9,8;REMOVE:0,8;REMOVE:1,2;REMOVE:2,8;REMOVE:3,2;REMOVE:4,2;REMOVE:4,9;REMOVE:5,8;REMOVE:6,2;REMOVE:8,7;REMOVE:9,7",0:7|8;1:2|7;2:8;3:2;4:2|9;5:8;6:2|7;7:8;8:7;9:7,0:7;1:7;2:7;3:7|8;4:7;5:7;6:7;7:8;8:8;9:8,0@0=1;0@2=1;0@3=1;0@4=3;0@6=1;0@7=2;0@9=1;1@2=2;1@4=3;1@6=1;1@9=1;2@0=1;2@2=4;2@3=1;2@4=2;2@6=1;2@9=2;3@0=1;3@2=5;3@4=3;3@6=1;3@7=1;3@1=2;3@5=1;4@0=2;4@2=2;4@4=2;4@6=4;4@9=1;4@1=1;4@8=1;5@2=1;5@3=1;5@4=3;5@6=1;5@9=1;5@1=1;5@8=1;6@0=2;6@2=3;6@3=1;6@4=1;6@6=1;6@7=2;6@8=1;7@2=2;7@4=1;7@7=4;7@8=1;8@4=2;8@6=2;8@1=2;8@8=1;9@4=1;9@1=2,"0,2,3,4,6,7,9,1,5,8",93,55,55,0,1.0,0.02217424167722737,0.7142857142857143,0.007888527391512974,0.0,0.0,0.7,0.6655359268188477,Feasible|selected=greedy
1392,1391,12,7,5,"ADD:2,2;ADD:4,2;ADD:5,6;ADD:6,2;ADD:6,8;ADD:7,2;ADD:8,2;REMOVE:3,8;REMOVE:5,7;REMOVE:6,7;REMOVE:7,8;REMOVE:8,8",0:7;1:7;2:7;3:7|8;4:7;5:7;6:7;7:8;8:8;9:8,0:7;1:7;2:2|7;3:7;4:2|7;5:6;6:2|8;7:2;8:2;9:8,0@0=1;0@1=1;0@4=4;0@6=1;1@1=2;1@4=1;1@6=1;1@2=1;1@7=1;1@9=3;2@0=1;2@4=4;2@6=1;2@2=5;2@7=1;2@3=1;2@5=3;3@0=2;3@1=4;3@4=2;3@6=2;3@2=3;3@9=1;4@0=2;4@1=1;4@4=1;4@2=3;4@7=2;4@9=1;4@5=2;4@8=1;5@1=2;5@6=2;5@9=1;5@8=2;6@1=1;6@4=5;6@2=1;6@3=2;6@5=3;6@8=2;7@0=1;7@4=1;7@2=1;7@9=1;7@5=2;8@4=2;8@2=2;8@9=1;8@8=1;9@1=3;9@2=1;9@8=3,"0,1,4,6,2,7,9,3,5,8",99,53,53,0,1.0,-0.22110438043503855,0.45454545454545453,0.0243501650195069,0.0,0.0,0.7,0.681351900100708,Feasible|selected=greedy
1393,1392,14,6,8,"ADD:3,2;ADD:5,7;ADD:5,8;ADD:6,7;ADD:7,4;ADD:9,2;REMOVE:0,7;REMOVE:2,2;REMOVE:4,2;REMOVE:5,6;REMOVE:6,2;REMOVE:6,8;REMOVE:7,2;REMOVE:9,8",0:7;1:7;2:2|7;3:7;4:2|7;5:6;6:2|8;7:2;8:2;9:8,0:-;1:7;2:7;3:2|7;4:7;5:7|8;6:7;7:4;8:2;9:2,1@1=1;1@2=2;1@3=1;1@4=2;1@7=1;2@2=2;2@3=1;2@4=3;2@6=3;2@8=2;3@2=2;3@3=1;3@4=5;3@6=1;3@8=1;3@0=1;3@5=1;3@9=2;4@2=2;4@3=3;4@7=1;4@6=1;4@8=2;4@0=1;4@9=1;5@1=1;5@2=1;5@3=1;5@4=3;5@6=1;5@8=1;5@0=2;5@5=1;6@1=2;6@2=2;6@3=2;6@4=1;6@8=2;6@9=1;7@4=3;8@2=1;8@4=1;8@0=2;9@2=1,"1,2,3,4,7,6,8,0,5,9",72,44,44,0,1.0,0.029402732364181783,0.6153846153846154,0.0140181169795663,0.0,0.0,0.6,0.5636439323425293,Feasible|selected=greedy
1394,1393,18,10,8,"ADD:0,8;ADD:1,2;ADD:3,8;ADD:4,8;ADD:5,2;ADD:6,8;ADD:7,2;ADD:8,7;ADD:8,8;ADD:9,8;REMOVE:1,7;REMOVE:3,2;REMOVE:3,7;REMOVE:4,7;REMOVE:5,8;REMOVE:7,4;REMOVE:8,2;REMOVE:9,2",0:-;1:7;2:7;3:2|7;4:7;5:7|8;6:7;7:4;8:2;9:2,0:8;1:2;2:7;3:8;4:8;5:2|7;6:7|8;7:2;8:7|8;9:8,0@8=1;1@0=1;1@2=1;1@4=1;1@5=2;1@9=1;2@2=3;2@4=3;2@1=1;2@3=2;3@8=2;3@2=5;3@4=2;3@5=1;3@1=1;3@6=2;4@2=1;4@5=1;4@6=2;5@0=2;5@2=1;5@4=3;5@5=1;5@9=1;5@1=2;5@6=1;5@7=1;6@8=1;6@2=1;6@4=4;6@5=2;6@9=1;6@1=2;6@3=1;6@6=2;7@8=1;7@0=1;7@2=2;7@4=1;7@9=1;7@3=2;8@8=1;8@4=1;8@5=1;8@9=1;8@1=1;8@7=2;9@8=1;9@4=1;9@6=1;9@7=2,"8,0,2,4,5,9,1,3,6,7",79,51,51,0,1.0,-0.2569460080645839,0.7272727272727273,0.0157812646626887,0.0,0.0,0.9999999999999999,0.6952049732208252,Feasible|selected=greedy
1395,1394,16,7,9,"ADD:1,7;ADD:3,2;ADD:4,2;ADD:4,7;ADD:7,8;ADD:8,2;ADD:9,7;REMOVE:0,8;REMOVE:1,2;REMOVE:3,8;REMOVE:4,8;REMOVE:5,2;REMOVE:6,8;REMOVE:7,2;REMOVE:8,8;REMOVE:9,8",0:8;1:2;2:7;3:8;4:8;5:2|7;6:7|8;7:2;8:7|8;9:8,0:-;1:7;2:7;3:2;4:2|7;5:7;6:7;7:8;8:2|7;9:7,1@1=3;1@2=1;1@4=1;1@8=1;1@9=2;2@2=4;2@4=1;2@9=1;2@0=3;2@3=1;2@7=1;3@2=1;3@8=1;3@0=1;4@1=1;4@2=1;4@4=1;4@9=1;4@0=1;4@3=1;4@5=1;4@6=1;5@1=1;5@2=1;5@4=1;5@9=1;5@0=1;5@7=3;6@1=2;6@4=3;6@8=1;6@0=1;7@2=2;7@8=1;7@5=2;8@1=2;8@2=2;8@0=1;8@7=1;8@5=1;9@1=1;9@2=4;9@4=2;9@7=1,"1,2,4,8,9,0,3,7,5,6",65,44,44,0,1.0,0.009364372464395032,0.6923076923076923,0.01705668015670264,0.0,0.0,0.7,0.5807960033416748,Feasible|selected=greedy
1396,1395,8,4,4,"ADD:3,8;ADD:4,8;ADD:5,6;ADD:7,5;REMOVE:4,2;REMOVE:5,7;REMOVE:7,8;REMOVE:8,2",0:-;1:7;2:7;3:2;4:2|7;5:7;6:7;7:8;8:2|7;9:7,0:-;1:7;2:7;3:2|8;4:7|8;5:6;6:7;7:5;8:7;9:7,1@0=1;1@2=1;1@4=1;1@6=1;2@0=1;2@2=1;2@4=1;2@1=2;2@3=2;3@0=1;3@2=2;3@6=2;3@5=1;3@8=1;3@9=2;4@0=2;4@2=1;4@4=3;4@6=1;4@1=3;4@5=1;4@7=1;5@4=1;5@6=1;5@1=3;6@0=1;6@2=1;6@4=5;6@6=1;6@3=1;6@9=2;6@7=1;7@0=1;7@5=2;8@0=1;8@2=1;8@4=2;8@1=3;8@7=1;9@0=1;9@2=1;9@4=1;9@6=1;9@8=1,"0,2,4,6,1,3,5,8,9,7",65,44,44,0,1.0,-0.021718955373210225,0.36363636363636365,0.014644680990426151,0.0,0.0,0.4,0.5403900146484375,Feasible|selected=greedy
1397,1396,10,6,4,"ADD:2,8;ADD:3,7;ADD:4,2;ADD:5,5;ADD:5,8;ADD:7,7;REMOVE:3,8;REMOVE:4,8;REMOVE:5,6;REMOVE:7,5",0:-;1:7;2:7;3:2|8;4:7|8;5:6;6:7;7:5;8:7;9:7,0:-;1:7;2:7|8;3:2|7;4:2|7;5:5|8;6:7;7:7;8:7;9:7,1@0=3;1@1=1;1@2=1;1@6=2;1@7=2;1@8=1;1@9=2;2@0=1;2@1=1;2@2=2;2@6=1;2@7=2;2@8=1;2@3=1;2@4=3;2@5=1;3@0=2;3@1=3;3@2=2;3@6=1;3@7=1;3@9=1;3@3=1;3@4=2;3@5=2;4@0=4;4@2=1;4@6=1;4@7=3;4@8=2;4@9=1;4@3=1;4@4=5;4@5=2;5@6=1;5@8=1;5@3=1;5@5=2;6@0=3;6@1=2;6@2=2;6@7=1;6@9=2;6@3=1;6@4=1;7@0=1;7@2=3;7@6=1;7@7=2;7@4=2;8@1=1;8@2=3;8@6=1;8@7=1;8@9=1;8@3=1;8@4=2;9@0=1;9@1=1;9@2=4;9@4=1,"0,1,2,6,7,8,9,3,4,5",103,61,61,0,1.0,-0.2184645000977271,0.36363636363636365,0.017899136265909207,0.0,0.0,0.6,0.6737539768218994,Feasible|selected=greedy
1398,1397,10,5,5,"ADD:0,6;ADD:3,8;ADD:4,8;ADD:5,2;ADD:8,2;REMOVE:2,8;REMOVE:3,2;REMOVE:4,2;REMOVE:5,5;REMOVE:8,7",0:-;1:7;2:7|8;3:2|7;4:2|7;5:5|8;6:7;7:7;8:7;9:7,0:6;1:7;2:7;3:7|8;4:7|8;5:2|8;6:7;7:7;8:2;9:7,0@1=2;0@4=1;0@6=1;1@1=1;1@4=1;1@6=1;1@2=3;1@3=2;1@7=1;1@8=1;2@1=2;2@4=4;2@2=3;2@3=1;2@7=1;2@8=2;2@0=3;3@1=3;3@4=2;3@6=1;3@2=1;3@7=1;3@8=1;3@5=1;3@9=1;4@1=7;4@4=1;4@6=1;4@2=2;4@7=1;4@8=1;4@0=1;4@5=2;4@9=1;5@4=3;5@6=2;5@2=2;5@8=3;5@0=2;5@5=1;6@1=1;6@4=3;6@6=2;6@2=5;6@3=1;6@7=1;6@8=1;6@0=2;6@9=1;7@4=2;7@6=1;7@8=1;7@0=1;8@4=3;8@2=4;8@8=1;8@0=1;8@5=1;8@9=2;9@4=1;9@0=1,"1,4,6,2,3,7,8,0,5,9",107,61,61,0,1.0,-0.09978495702880891,0.38461538461538464,0.015599658355806435,0.0,0.0,0.5,0.6733438968658447,Feasible|selected=greedy
1399,1398,12,5,7,"ADD:0,8;ADD:5,7;ADD:7,4;ADD:8,8;ADD:9,2;REMOVE:0,6;REMOVE:4,7;REMOVE:5,2;REMOVE:5,8;REMOVE:7,7;REMOVE:8,2;REMOVE:9,7",0:6;1:7;2:7;3:7|8;4:7|8;5:2|8;6:7;7:7;8:2;9:7,0:8;1:7;2:7;3:7|8;4:8;5:7;6:7;7:4;8:8;9:2,0@4=3;0@7=1;0@8=1;1@4=1;1@0=1;1@1=3;1@3=1;1@9=3;2@4=2;2@7=1;2@0=2;2@1=4;2@3=1;2@9=4;2@2=1;3@4=6;3@7=1;3@8=1;3@0=3;3@1=2;3@3=1;3@2=1;3@5=1;3@6=1;4@4=4;4@7=1;4@8=2;4@1=4;4@2=3;4@5=2;5@4=3;5@7=2;5@1=2;5@2=1;5@6=1;6@4=2;6@7=1;6@1=1;6@3=1;6@9=1;6@2=2;6@6=1;7@4=1;7@2=2;8@7=1;8@8=1;8@1=1;8@6=1;9@4=3;9@8=1;9@0=1;9@9=2;9@2=2,"4,7,8,0,1,3,9,2,5,6",96,53,53,0,1.0,0.05163414943860811,0.5384615384615384,0.013172610977069683,0.0,0.0,0.5,0.6380012035369873,Feasible|selected=greedy
1400,1399,16,9,7,"ADD:1,3;ADD:3,2;ADD:3,3;ADD:4,2;ADD:4,7;ADD:5,2;ADD:7,7;ADD:8,7;ADD:9,7;REMOVE:0,8;REMOVE:3,7;REMOVE:3,8;REMOVE:4,8;REMOVE:7,4;REMOVE:8,8;REMOVE:9,2",0:8;1:7;2:7;3:7|8;4:8;5:7;6:7;7:4;8:8;9:2,0:-;1:3|7;2:7;3:2|3;4:2|7;5:2|7;6:7;7:7;8:7;9:7,1@0=1;1@1=1;1@3=1;1@4=1;1@5=1;1@7=1;2@0=3;2@1=1;2@4=3;2@7=1;2@2=2;2@6=1;2@9=1;3@1=1;3@3=1;3@4=2;3@5=2;3@2=3;3@9=1;4@0=1;4@1=1;4@3=2;4@4=2;4@5=1;4@2=4;4@9=1;4@8=1;5@0=1;5@4=1;5@5=1;5@7=1;5@2=1;5@6=3;6@1=1;6@3=2;6@4=2;6@2=2;6@8=1;7@4=1;7@7=2;8@0=1;8@3=1;8@4=2;8@6=2;8@8=1;9@1=2;9@3=1;9@4=3;9@7=1;9@2=1;9@8=1,"0,1,3,4,5,7,2,6,9,8",76,51,51,0,1.0,-0.24241946509412016,0.6363636363636364,0.021216898542243377,0.0,0.0,0.8999999999999999,0.638927698135376,Feasible|selected=greedy
1401,1400,16,9,7,"ADD:0,9;ADD:1,5;ADD:2,8;ADD:3,7;ADD:6,8;ADD:8,2;ADD:8,8;ADD:9,5;ADD:9,8;REMOVE:1,3;REMOVE:1,7;REMOVE:3,3;REMOVE:4,2;REMOVE:5,2;REMOVE:8,7;REMOVE:9,7",0:-;1:3|7;2:7;3:2|3;4:2|7;5:2|7;6:7;7:7;8:7;9:7,0:9;1:5;2:7|8;3:2|7;4:7;5:7;6:7|8;7:7;8:2|8;9:5|8,0@1=1;0@9=1;1@0=1;1@2=1;1@5=1;2@1=2;2@0=1;2@2=1;2@5=1;2@7=1;2@8=1;3@1=1;3@9=1;3@0=2;3@2=2;3@5=1;3@8=1;3@3=1;3@4=1;3@6=2;4@1=1;4@9=1;4@0=1;4@2=1;4@4=3;5@1=1;5@0=1;5@2=1;5@4=1;6@1=1;6@9=2;6@0=2;6@2=2;6@5=1;6@7=1;6@8=1;6@6=1;7@7=1;8@1=1;8@9=1;8@0=1;8@2=2;8@5=1;8@8=1;8@4=2;9@1=1;9@0=1;9@2=2;9@5=3,"1,9,0,2,5,7,8,3,4,6",63,49,49,0,1.0,-0.33873077178746414,0.5384615384615384,0.022807689750997385,0.0,0.0,0.8999999999999999,0.6402029991149902,Feasible|selected=greedy
1402,1401,14,5,9,"ADD:0,7;ADD:1,7;ADD:3,9;ADD:7,8;ADD:9,6;REMOVE:0,9;REMOVE:1,5;REMOVE:2,8;REMOVE:3,2;REMOVE:3,7;REMOVE:6,8;REMOVE:7,7;REMOVE:9,5;REMOVE:9,8",0:9;1:5;2:7|8;3:2|7;4:7;5:7;6:7|8;7:7;8:2|8;9:5|8,0:7;1:7;2:7;3:9;4:7;5:7;6:7;7:8;8:2|8;9:6,0@1=2;0@2=2;0@4=1;0@9=2;1@4=2;1@9=1;1@3=1;1@8=1;2@4=1;2@9=1;2@0=1;3@1=2;3@2=1;3@6=1;4@1=2;4@2=1;4@9=1;4@0=1;4@6=2;5@2=1;5@4=2;5@9=1;5@3=1;5@6=2;5@7=1;6@1=1;6@4=3;6@3=1;6@8=1;6@6=1;6@7=1;7@1=1;7@4=2;8@1=1;8@2=1;8@4=2;8@8=1;8@0=1;8@5=1;9@6=1,"1,2,4,9,3,8,0,6,7,5",53,40,40,0,1.0,0.11002985802732002,0.6,0.010029858027320029,0.0,0.0,0.5,0.5545430183410645,Feasible|selected=greedy
1403,1402,15,8,7,"ADD:1,2;ADD:2,2;ADD:3,8;ADD:4,2;ADD:4,8;ADD:6,2;ADD:7,4;ADD:9,7;REMOVE:1,7;REMOVE:2,7;REMOVE:3,9;REMOVE:4,7;REMOVE:7,8;REMOVE:8,8;REMOVE:9,6",0:7;1:7;2:7;3:9;4:7;5:7;6:7;7:8;8:2|8;9:6,0:7;1:2;2:2;3:8;4:2|8;5:7;6:2|7;7:4;8:2;9:7,0@6=1;0@7=1;1@0=1;1@2=2;1@4=1;1@8=1;2@2=2;2@8=1;2@3=2;2@9=1;3@6=1;3@2=1;3@4=1;3@1=1;4@0=1;4@2=2;4@4=1;4@8=1;4@1=2;4@5=2;5@7=1;5@2=1;5@3=1;5@1=1;6@0=1;6@2=4;6@4=1;6@3=1;6@1=3;6@5=1;7@4=1;8@2=1;8@8=1;8@9=1;8@5=2;9@7=1;9@2=1;9@4=1,"6,7,0,2,4,8,3,9,1,5",50,38,38,0,1.0,-0.13320913812289714,0.6363636363636364,0.030427225513466452,0.0,0.0,0.7999999999999999,0.5543692111968994,Feasible|selected=greedy
1404,1403,16,9,7,"ADD:0,8;ADD:0,9;ADD:1,5;ADD:2,7;ADD:3,7;ADD:4,7;ADD:7,7;ADD:8,7;ADD:9,8;REMOVE:0,7;REMOVE:1,2;REMOVE:3,8;REMOVE:4,2;REMOVE:6,2;REMOVE:7,4;REMOVE:9,7",0:7;1:2;2:2;3:8;4:2|8;5:7;6:2|7;7:4;8:2;9:7,0:8|9;1:5;2:2|7;3:7;4:7|8;5:7;6:7;7:7;8:2|7;9:8,0@8=1;0@9=1;1@2=1;1@3=1;1@5=1;2@2=1;2@3=3;2@5=1;2@0=2;2@1=1;2@4=1;2@7=1;3@2=3;3@0=1;3@4=1;3@6=1;4@2=3;4@5=2;4@0=1;4@1=1;4@4=3;4@7=1;4@6=1;5@8=1;5@3=1;5@1=2;5@4=2;5@7=3;6@9=2;6@1=1;6@4=1;6@7=1;6@6=2;7@2=2;7@0=2;7@7=1;7@6=1;8@2=2;8@5=2;8@0=2;8@7=3;8@6=1;9@8=2;9@2=1;9@1=1;9@4=1,"8,9,2,3,5,0,1,4,7,6",70,46,46,0,1.0,-0.2909177174245594,0.5833333333333334,0.025748949242107157,0.0,0.0,0.8999999999999999,0.600848913192749,Feasible|selected=greedy
1405,1404,16,7,9,"ADD:0,7;ADD:1,2;ADD:4,2;ADD:6,8;ADD:7,8;ADD:8,8;ADD:9,2;REMOVE:0,8;REMOVE:0,9;REMOVE:1,5;REMOVE:2,2;REMOVE:4,8;REMOVE:6,7;REMOVE:7,7;REMOVE:8,2;REMOVE:9,8",0:8|9;1:5;2:2|7;3:7;4:7|8;5:7;6:7;7:7;8:2|7;9:8,0:7;1:2;2:7;3:7;4:2|7;5:7;6:8;7:8;8:7|8;9:2,0@0=2;0@1=2;0@2=2;0@3=1;0@6=1;0@7=1;0@8=1;0@9=1;1@0=1;1@2=1;1@8=1;2@3=2;2@6=1;2@7=1;2@9=1;2@4=6;3@1=1;3@2=1;3@6=1;3@7=1;3@8=1;3@9=1;3@4=3;4@0=1;4@1=2;4@2=2;4@3=2;4@7=2;4@9=1;4@4=1;4@5=1;5@0=2;5@1=1;5@2=1;5@3=1;5@7=1;5@9=2;5@4=2;6@2=3;6@6=1;6@7=1;6@8=1;6@4=2;7@6=1;7@4=1;7@5=1;8@1=2;8@2=1;8@3=1;8@7=1;8@8=1;8@4=1;8@5=1;9@3=2;9@9=1;9@4=2;9@5=1,"0,1,2,3,6,7,8,9,4,5",81,57,57,0,1.0,-0.04284044977781154,0.6428571428571429,0.014302407365045462,0.0,0.0,0.7,0.6803009510040283,Feasible|selected=greedy
1406,1405,16,8,8,"ADD:0,2;ADD:1,8;ADD:3,8;ADD:4,8;ADD:5,2;ADD:6,5;ADD:8,9;ADD:9,7;REMOVE:1,2;REMOVE:3,7;REMOVE:4,7;REMOVE:5,7;REMOVE:6,8;REMOVE:8,7;REMOVE:8,8;REMOVE:9,2",0:7;1:2;2:7;3:7;4:2|7;5:7;6:8;7:8;8:7|8;9:2,0:2|7;1:8;2:7;3:8;4:2|8;5:2;6:5;7:8;8:9;9:7,0@0=1;0@4=1;0@5=1;0@6=1;0@9=3;1@4=1;1@6=1;1@1=2;1@8=1;2@4=3;2@6=1;2@2=2;2@3=2;2@7=1;3@4=1;3@5=1;3@6=2;3@2=1;3@7=2;4@4=1;4@5=1;4@6=1;4@9=2;4@8=3;4@2=1;5@0=1;5@4=2;5@5=1;5@9=1;5@2=1;6@0=1;6@5=1;6@8=2;6@3=1;7@8=1;8@9=1;8@1=2;9@4=2;9@6=1;9@2=2;9@3=2,"0,4,5,6,9,1,8,2,3,7",59,41,41,0,1.0,-0.11672459383305023,0.6666666666666666,0.016608739500283094,0.0,0.0,0.7999999999999999,0.5963468551635742,Feasible|selected=greedy
1407,1406,18,8,10,"ADD:1,7;ADD:3,3;ADD:4,7;ADD:5,7;ADD:6,8;ADD:7,7;ADD:8,7;ADD:9,8;REMOVE:0,2;REMOVE:1,8;REMOVE:3,8;REMOVE:4,2;REMOVE:4,8;REMOVE:5,2;REMOVE:6,5;REMOVE:7,8;REMOVE:8,9;REMOVE:9,7",0:2|7;1:8;2:7;3:8;4:2|8;5:2;6:5;7:8;8:9;9:7,0:7;1:7;2:7;3:3;4:7;5:7;6:8;7:7;8:7;9:8,0@0=3;0@1=3;0@2=1;0@7=1;1@0=2;1@2=2;1@7=2;1@4=2;1@8=2;2@1=2;2@2=2;2@4=1;2@8=2;2@3=1;2@6=1;3@1=1;3@2=3;3@5=2;3@9=1;4@0=1;4@1=1;4@7=1;4@4=1;4@8=1;4@3=1;5@1=1;5@4=2;5@8=1;5@3=1;5@9=1;6@1=2;6@2=2;6@7=1;6@8=1;6@6=1;6@5=2;7@0=1;7@2=1;7@7=1;7@3=1;8@1=1;8@7=3;8@4=3;9@2=2;9@4=2;9@8=1,"0,1,2,7,4,8,3,6,5,9",71,46,46,0,1.0,0.04825070174659862,0.8333333333333334,0.014917368413265165,0.0,0.0,0.7999999999999999,0.6384079456329346,Feasible|selected=greedy
1408,1407,14,8,6,"ADD:0,8;ADD:2,2;ADD:3,7;ADD:4,2;ADD:5,5;ADD:6,7;ADD:8,8;ADD:9,3;REMOVE:2,7;REMOVE:3,3;REMOVE:5,7;REMOVE:6,8;REMOVE:8,7;REMOVE:9,8",0:7;1:7;2:7;3:3;4:7;5:7;6:8;7:7;8:7;9:8,0:7|8;1:7;2:2;3:7;4:2|7;5:5;6:7;7:7;8:8;9:3,0@0=1;0@1=1;0@4=2;0@5=1;0@7=1;0@8=1;0@9=1;1@7=1;1@3=1;2@0=1;2@4=3;2@9=1;2@2=5;3@0=1;3@1=2;3@4=1;3@9=1;3@2=4;4@4=2;4@5=1;4@7=2;4@9=1;4@2=1;4@6=1;5@5=1;5@2=1;6@0=1;6@1=1;7@0=1;7@9=1;8@1=1;8@4=1;8@2=1;9@1=1;9@5=1;9@9=1;9@2=1,"0,1,4,5,7,8,9,3,2,6",50,37,37,0,1.0,-0.174790164352843,0.6,0.0252098356471569,0.0,0.0,0.7999999999999999,0.5645592212677002,Feasible|selected=greedy
1409,1408,16,8,8,"ADD:1,8;ADD:2,7;ADD:3,8;ADD:5,7;ADD:7,5;ADD:7,8;ADD:8,7;ADD:9,4;REMOVE:0,8;REMOVE:1,7;REMOVE:2,2;REMOVE:4,7;REMOVE:5,5;REMOVE:7,7;REMOVE:8,8;REMOVE:9,3",0:7|8;1:7;2:2;3:7;4:2|7;5:5;6:7;7:7;8:8;9:3,0:7;1:8;2:7;3:7|8;4:2;5:7;6:7;7:5|8;8:7;9:4,0@0=2;0@1=1;0@2=1;0@4=1;0@6=1;0@7=1;1@1=2;1@2=1;1@4=1;2@0=1;2@1=1;2@4=1;2@9=1;3@1=2;3@7=1;3@3=1;3@5=1;3@8=1;4@2=2;4@4=2;4@3=1;4@8=2;5@1=1;5@4=1;5@3=1;5@8=1;6@0=1;6@4=3;6@6=1;6@7=1;7@0=1;7@1=1;7@5=1;8@0=1;8@1=1;8@2=1;8@4=1;8@6=1;8@9=3;8@8=1;9@2=1;9@4=2,"0,1,2,4,6,7,9,3,5,8",53,42,42,0,1.0,-0.11617391560205159,0.6666666666666666,0.017159417731281754,0.0,0.0,0.7999999999999999,0.6339480876922607,Feasible|selected=greedy
1410,1409,17,9,8,"ADD:1,7;ADD:2,8;ADD:3,4;ADD:4,7;ADD:5,5;ADD:5,8;ADD:6,8;ADD:7,3;ADD:8,3;REMOVE:2,7;REMOVE:3,7;REMOVE:3,8;REMOVE:5,7;REMOVE:6,7;REMOVE:7,5;REMOVE:7,8;REMOVE:8,7",0:7;1:8;2:7;3:7|8;4:2;5:7;6:7;7:5|8;8:7;9:4,0:7;1:7|8;2:8;3:4;4:2|7;5:5|8;6:8;7:3;8:3;9:4,0@4=1;0@7=2;0@9=1;1@0=1;1@1=1;1@5=1;1@6=1;2@1=1;2@6=1;2@2=1;2@8=2;3@4=1;4@7=1;4@9=2;4@0=2;4@5=1;4@6=1;4@2=2;5@0=1;5@1=1;5@5=1;5@2=2;5@8=1;5@3=1;6@4=3;6@1=1;6@2=3;7@3=1;8@9=1;8@5=1;8@2=2;8@3=2;9@4=1;9@2=2,"4,7,9,0,1,5,6,2,8,3",47,34,34,0,1.0,-0.20363608105951758,0.6666666666666666,0.029697252273815672,0.0,0.0,0.8999999999999999,0.516815185546875,Feasible|selected=greedy
1411,1410,15,8,7,"ADD:2,3;ADD:2,7;ADD:3,7;ADD:5,7;ADD:6,2;ADD:7,8;ADD:8,8;ADD:9,7;REMOVE:2,8;REMOVE:3,4;REMOVE:5,5;REMOVE:6,8;REMOVE:7,3;REMOVE:8,3;REMOVE:9,4",0:7;1:7|8;2:8;3:4;4:2|7;5:5|8;6:8;7:3;8:3;9:4,0:7;1:7|8;2:3|7;3:7;4:2|7;5:7|8;6:2;7:8;8:8;9:7,0@4=1;0@7=1;1@4=1;1@7=1;1@0=2;1@5=1;1@6=1;1@8=1;1@9=2;2@0=1;2@5=1;2@6=1;2@9=1;2@1=1;2@2=3;2@3=2;3@4=1;3@0=1;3@9=1;3@1=1;3@2=3;4@4=1;4@7=1;4@0=1;4@5=1;4@1=1;4@2=2;4@3=1;5@0=1;5@5=1;5@6=1;5@1=2;5@2=2;6@4=2;6@0=2;6@9=1;6@2=1;7@8=1;7@1=2;7@2=3;8@4=2;8@1=1;8@2=1;9@4=2;9@0=1;9@1=1;9@2=1;9@3=1,"4,7,0,5,6,8,9,1,2,3",65,48,48,0,1.0,-0.24568239050214447,0.5384615384615384,0.01585607103631698,0.0,0.0,0.7999999999999999,0.6918480396270752,Feasible|selected=greedy
1412,1411,18,8,10,"ADD:0,8;ADD:0,9;ADD:5,2;ADD:6,7;ADD:6,8;ADD:7,5;ADD:8,7;ADD:9,2;REMOVE:0,7;REMOVE:1,8;REMOVE:2,3;REMOVE:4,2;REMOVE:5,7;REMOVE:5,8;REMOVE:6,2;REMOVE:7,8;REMOVE:8,8;REMOVE:9,7",0:7;1:7|8;2:3|7;3:7;4:2|7;5:7|8;6:2;7:8;8:8;9:7,0:8|9;1:7;2:7;3:7;4:7;5:2;6:7|8;7:5;8:7;9:2,0@1=1;0@2=1;0@5=2;0@6=2;0@8=1;0@9=3;1@2=3;1@3=1;1@7=1;2@2=1;2@6=2;2@8=1;2@9=1;2@4=3;3@3=1;3@7=1;4@1=2;4@8=1;4@9=2;4@7=1;4@4=1;5@2=1;5@5=1;5@9=1;5@4=1;6@1=1;6@2=2;6@5=2;6@6=1;6@8=1;6@9=2;6@4=2;7@2=4;7@5=1;8@1=2;8@9=1;8@4=2;8@0=1;9@2=2;9@5=1;9@9=1;9@7=1;9@4=1,"1,2,5,6,8,9,3,7,4,0",64,43,43,0,1.0,-0.06702499867919431,0.7142857142857143,0.018689287035091297,0.0,0.0,0.7999999999999999,0.6153049468994141,Feasible|selected=greedy
1413,1412,15,7,8,"ADD:0,7;ADD:3,5;ADD:5,7;ADD:6,5;ADD:7,2;ADD:8,8;ADD:9,4;REMOVE:0,8;REMOVE:0,9;REMOVE:3,7;REMOVE:5,2;REMOVE:6,7;REMOVE:7,5;REMOVE:8,7;REMOVE:9,2",0:8|9;1:7;2:7;3:7;4:7;5:2;6:7|8;7:5;8:7;9:2,0:7;1:7;2:7;3:5;4:7;5:7;6:5|8;7:2;8:8;9:4,0@0=1;0@1=2;0@9=1;1@0=1;1@9=2;1@7=1;2@0=1;2@1=1;2@7=1;2@2=2;2@3=1;2@4=1;2@6=1;3@3=1;3@5=1;4@0=1;4@4=3;5@7=1;5@2=2;6@0=1;6@2=1;6@6=2;6@5=1;7@0=1;7@2=1;8@2=1;8@4=2;8@6=1;8@8=1;9@4=1,"0,1,9,7,2,3,4,6,5,8",38,30,30,0,1.0,-0.013771260324556334,0.6666666666666666,0.01956207300877694,0.0,0.0,0.7,0.4681379795074463,Feasible|selected=greedy
1414,1413,13,5,8,"ADD:0,3;ADD:3,9;ADD:4,8;ADD:7,8;ADD:8,6;REMOVE:0,7;REMOVE:3,5;REMOVE:4,7;REMOVE:6,5;REMOVE:6,8;REMOVE:7,2;REMOVE:8,8;REMOVE:9,4",0:7;1:7;2:7;3:5;4:7;5:7;6:5|8;7:2;8:8;9:4,0:3;1:7;2:7;3:9;4:8;5:7;6:-;7:8;8:6;9:-,0@2=1;0@3=1;1@0=2;1@1=1;2@0=1;2@1=1;3@2=2;3@3=1;3@6=1;4@2=1;4@6=1;4@4=2;4@8=1;5@0=1;5@1=2;5@4=1;7@8=1;8@6=1;8@4=1,"2,3,0,1,6,4,8",23,19,19,0,1.0,0.24507206537296555,0.7272727272727273,0.017799338100238298,0.0,0.0,0.5,0.3608367443084717,Feasible|selected=greedy
1415,1414,16,9,7,"ADD:0,9;ADD:2,2;ADD:3,8;ADD:4,3;ADD:5,9;ADD:6,7;ADD:7,2;ADD:8,9;ADD:9,7;REMOVE:0,3;REMOVE:2,7;REMOVE:3,9;REMOVE:4,8;REMOVE:5,7;REMOVE:7,8;REMOVE:8,6",0:3;1:7;2:7;3:9;4:8;5:7;6:-;7:8;8:6;9:-,0:9;1:7;2:2;3:8;4:3;5:9;6:7;7:2;8:9;9:7,0@3=1;0@7=1;0@9=1;1@3=1;1@1=1;1@4=1;2@7=1;2@4=1;2@0=1;2@2=1;2@5=1;3@1=1;3@4=2;3@2=2;3@5=1;3@6=1;4@3=1;4@2=1;5@3=2;5@7=1;5@9=1;5@1=1;5@2=1;5@6=1;6@7=1;6@2=1;7@4=2;7@0=1;7@2=1;8@3=1;8@9=1;8@1=1;8@6=2;9@3=1;9@9=1;9@1=1;9@4=1,"3,7,9,1,4,0,2,5,6",42,37,37,0,1.0,-0.009209711661649411,0.875,0.015790288338350524,0.0,0.0,0.8999999999999999,0.5899598598480225,Feasible|selected=greedy
1416,1415,14,7,7,"ADD:1,4;ADD:2,7;ADD:3,7;ADD:4,7;ADD:5,6;ADD:8,8;ADD:9,2;REMOVE:1,7;REMOVE:2,2;REMOVE:3,8;REMOVE:4,3;REMOVE:5,9;REMOVE:8,9;REMOVE:9,7",0:9;1:7;2:2;3:8;4:3;5:9;6:7;7:2;8:9;9:7,0:9;1:4;2:7;3:7;4:7;5:6;6:7;7:2;8:8;9:2,0@3=1;0@9=1;1@4=1;2@9=1;2@4=1;2@2=1;2@6=2;3@1=1;3@7=1;4@3=1;4@2=1;4@6=1;4@1=3;4@0=1;5@6=2;5@1=2;6@1=1;6@7=1;7@4=2;7@2=1;7@0=1;8@2=1;8@1=3;8@5=1;9@4=1;9@2=1;9@7=1;9@5=1,"3,9,4,2,6,1,7,0,5",36,28,28,0,1.0,0.021757840886579616,0.7,0.02175784088657962,0.0,0.0,0.7,0.4718191623687744,Feasible|selected=greedy
1417,1416,13,6,7,"ADD:0,8;ADD:1,6;ADD:5,7;ADD:6,9;ADD:8,7;ADD:9,7;REMOVE:0,9;REMOVE:1,4;REMOVE:5,6;REMOVE:6,7;REMOVE:7,2;REMOVE:8,8;REMOVE:9,2",0:9;1:4;2:7;3:7;4:7;5:6;6:7;7:2;8:8;9:2,0:8;1:6;2:7;3:7;4:7;5:7;6:9;7:-;8:7;9:7,0@2=1;0@5=1;0@6=2;0@8=1;1@6=1;1@4=3;1@9=1;2@2=1;2@6=1;2@4=1;2@9=1;2@0=1;2@1=1;3@2=1;3@8=3;3@0=2;3@7=1;4@2=1;4@4=1;4@9=1;4@1=1;4@3=2;5@2=1;5@6=1;5@8=1;5@4=1;5@9=1;5@1=2;6@2=1;6@6=1;6@9=1;6@3=1;8@2=1;8@6=1;8@4=2;8@0=3;8@1=1;8@3=1;9@4=1;9@9=1;9@1=1;9@7=1;9@3=1,"2,5,6,8,4,9,0,1,7,3",54,43,43,0,1.0,0.10886018032635636,0.7,0.008860180326356363,0.0,0.0,0.6,0.6074869632720947,Feasible|selected=greedy
1418,1417,15,10,5,"ADD:0,2;ADD:0,9;ADD:1,8;ADD:3,2;ADD:4,2;ADD:5,8;ADD:6,7;ADD:7,7;ADD:8,8;ADD:8,9;REMOVE:0,8;REMOVE:1,6;REMOVE:3,7;REMOVE:6,9;REMOVE:8,7",0:8;1:6;2:7;3:7;4:7;5:7;6:9;7:-;8:7;9:7,0:2|9;1:8;2:7;3:2;4:2|7;5:7|8;6:7;7:7;8:8|9;9:7,0@0=1;0@2=2;0@3=1;0@5=1;0@6=1;0@9=3;1@5=1;1@4=3;2@3=2;2@9=2;2@4=3;2@7=1;3@0=1;3@2=3;3@3=1;3@9=1;3@4=1;4@0=1;4@2=1;4@3=2;4@5=2;4@6=1;4@9=1;4@4=2;4@8=1;5@2=2;5@3=2;5@5=2;5@6=1;5@7=2;5@8=2;5@1=1;6@6=3;6@9=1;6@4=1;6@7=1;7@0=1;7@9=1;7@4=1;8@2=4;8@6=1;8@9=2;8@8=1;8@1=1;9@0=1;9@2=2;9@3=1;9@6=1;9@4=1;9@7=1;9@8=1,"0,2,3,5,6,9,4,7,8,1",77,51,51,0,1.0,-0.42144470977646464,0.5555555555555556,0.022999734667979704,0.0,0.0,0.9999999999999999,0.6954329013824463,Feasible|selected=greedy
1419,1418,20,9,11,"ADD:0,7;ADD:1,9;ADD:2,8;ADD:4,8;ADD:6,8;ADD:6,9;ADD:7,2;ADD:8,7;ADD:9,9;REMOVE:0,2;REMOVE:0,9;REMOVE:1,8;REMOVE:4,2;REMOVE:4,7;REMOVE:5,8;REMOVE:6,7;REMOVE:7,7;REMOVE:8,8;REMOVE:8,9;REMOVE:9,7",0:2|9;1:8;2:7;3:2;4:2|7;5:7|8;6:7;7:7;8:8|9;9:7,0:7;1:9;2:7|8;3:2;4:8;5:7;6:8|9;7:2;8:7;9:9,0@1=1;0@2=1;0@3=2;0@4=2;0@6=1;0@9=4;1@2=3;1@9=1;2@1=2;2@2=2;2@4=1;2@6=2;2@0=1;2@5=1;2@7=1;3@3=2;3@4=1;3@0=1;3@5=1;3@8=1;4@1=1;4@2=4;4@4=2;4@5=1;4@7=1;5@3=1;5@4=1;5@6=1;5@9=1;5@7=2;5@8=1;6@1=1;6@2=1;6@4=1;6@6=2;6@9=1;6@5=1;7@2=1;8@2=1;8@3=1;8@4=1;8@6=1;8@0=1;9@9=1;9@7=2,"1,2,3,4,6,9,0,5,7,8",63,45,45,0,1.0,-0.10292958252743145,0.7857142857142857,0.011356131758282732,0.0,0.0,0.8999999999999999,0.6022830009460449,Feasible|selected=greedy
1420,1419,13,5,8,"ADD:0,4;ADD:2,2;ADD:5,4;ADD:8,8;ADD:9,8;REMOVE:0,7;REMOVE:1,9;REMOVE:2,7;REMOVE:2,8;REMOVE:5,7;REMOVE:6,9;REMOVE:8,7;REMOVE:9,9",0:7;1:9;2:7|8;3:2;4:8;5:7;6:8|9;7:2;8:7;9:9,0:4;1:-;2:2;3:2;4:8;5:4;6:8;7:2;8:8;9:8,0@2=1;0@4=1;0@6=1;2@2=2;2@4=2;2@3=1;2@5=1;2@8=2;2@9=1;3@2=4;4@5=4;4@1=1;5@2=1;5@4=1;6@4=1;6@6=1;6@5=1;7@2=2;8@8=1;8@1=3;8@7=1;9@4=1;9@6=1;9@5=1,"2,4,6,3,5,8,9,1,7",36,24,24,0,1.0,0.19902046500097426,0.6666666666666666,0.03235379833430767,0.0,0.0,0.5,0.4294760227203369,Feasible|selected=greedy
1421,1420,12,7,5,"ADD:1,8;ADD:2,3;ADD:2,7;ADD:3,7;ADD:5,8;ADD:6,2;ADD:9,1;REMOVE:2,2;REMOVE:3,2;REMOVE:5,4;REMOVE:6,8;REMOVE:9,8",0:4;1:-;2:2;3:2;4:8;5:4;6:8;7:2;8:8;9:8,0:4;1:8;2:3|7;3:7;4:8;5:8;6:2;7:2;8:8;9:1,0@4=1;1@4=1;1@1=1;1@2=1;2@1=1;2@2=2;2@0=2;2@3=1;2@5=2;2@7=1;2@9=1;3@4=2;3@1=1;3@0=1;3@7=1;4@1=2;4@2=1;4@5=1;4@7=2;4@8=1;5@4=2;5@5=1;5@6=1;6@4=2;6@2=1;6@0=2;6@5=1;7@4=1;7@2=1;7@3=1;8@4=1;8@1=1;8@5=1;8@6=1;9@1=1;9@3=1;9@6=1,"4,1,2,0,3,5,7,9,8,6",46,37,37,0,1.0,-0.12743828386290823,0.5555555555555556,0.017006160581536135,0.0,0.0,0.7,0.5719192028045654,Feasible|selected=greedy
1422,1421,17,8,9,"ADD:0,7;ADD:1,7;ADD:2,9;ADD:5,2;ADD:6,8;ADD:7,9;ADD:8,2;ADD:9,7;REMOVE:0,4;REMOVE:1,8;REMOVE:2,3;REMOVE:2,7;REMOVE:5,8;REMOVE:6,2;REMOVE:7,2;REMOVE:8,8;REMOVE:9,1",0:4;1:8;2:3|7;3:7;4:8;5:8;6:2;7:2;8:8;9:1,0:7;1:7;2:9;3:7;4:8;5:2;6:8;7:9;8:2;9:7,0@1=2;0@4=2;0@9=2;1@4=2;1@9=2;2@1=1;2@2=1;3@4=1;3@9=1;3@3=1;3@6=1;3@8=1;4@4=1;4@5=1;5@4=1;5@9=1;5@2=1;5@5=1;6@1=1;6@2=1;6@8=1;7@9=1;7@6=1;8@4=1;8@2=1;8@5=1;9@4=2;9@2=1;9@3=1;9@7=1,"1,4,9,2,3,6,8,5,7",36,30,30,0,1.0,0.030926611557362316,0.8181818181818182,0.012744793375544022,0.0,0.0,0.7999999999999999,0.5046300888061523,Feasible|selected=greedy
1423,1422,15,8,7,"ADD:0,9;ADD:1,8;ADD:2,7;ADD:2,8;ADD:3,2;ADD:4,3;ADD:5,4;ADD:7,8;REMOVE:0,7;REMOVE:1,7;REMOVE:2,9;REMOVE:3,7;REMOVE:4,8;REMOVE:5,2;REMOVE:7,9",0:7;1:7;2:9;3:7;4:8;5:2;6:8;7:9;8:2;9:7,0:9;1:8;2:7|8;3:2;4:3;5:4;6:8;7:8;8:2;9:7,0@1=1;0@2=2;1@4=1;1@5=1;2@1=1;2@2=1;2@4=3;2@5=1;2@0=1;2@6=1;2@7=1;2@8=1;3@2=1;3@0=1;3@3=2;4@3=1;5@4=1;6@1=1;6@2=2;6@4=1;7@8=1;8@2=1;8@4=2;8@5=2;8@7=1;8@3=1;9@4=1;9@0=1,"1,2,4,5,0,6,7,8,3",35,28,28,0,1.0,-0.08017448444769504,0.7,0.01982551555230491,0.0,0.0,0.7999999999999999,0.46495580673217773,Feasible|selected=greedy
1424,1423,19,9,10,"ADD:0,2;ADD:1,4;ADD:2,6;ADD:4,8;ADD:5,8;ADD:6,7;ADD:7,9;ADD:8,9;ADD:9,4;REMOVE:0,9;REMOVE:1,8;REMOVE:2,7;REMOVE:2,8;REMOVE:4,3;REMOVE:5,4;REMOVE:6,8;REMOVE:7,8;REMOVE:8,2;REMOVE:9,7",0:9;1:8;2:7|8;3:2;4:3;5:4;6:8;7:8;8:2;9:7,0:2;1:4;2:6;3:2;4:8;5:8;6:7;7:9;8:9;9:4,0@2=1;0@3=1;0@8=1;1@4=1;2@4=1;2@1=1;2@6=1;3@2=2;3@4=2;3@5=1;4@2=1;4@8=1;4@4=1;4@1=2;4@6=1;5@2=1;5@4=1;5@1=2;6@2=2;6@4=1;6@1=1;6@9=1;7@2=1;7@1=1;8@3=1;8@6=1;8@9=2;9@2=2;9@4=1,"2,3,8,4,1,6,5,9",36,29,29,0,1.0,0.034440187392020816,0.9090909090909091,0.025349278301111663,0.0,0.0,0.8999999999999999,0.49062490463256836,Feasible|selected=greedy
1425,1424,20,10,10,"ADD:0,7;ADD:1,2;ADD:2,7;ADD:3,8;ADD:4,9;ADD:5,7;ADD:6,8;ADD:7,8;ADD:8,7;ADD:9,2;REMOVE:0,2;REMOVE:1,4;REMOVE:2,6;REMOVE:3,2;REMOVE:4,8;REMOVE:5,8;REMOVE:6,7;REMOVE:7,9;REMOVE:8,9;REMOVE:9,4",0:2;1:4;2:6;3:2;4:8;5:8;6:7;7:9;8:9;9:4,0:7;1:2;2:7;3:8;4:9;5:7;6:8;7:8;8:7;9:2,0@2=3;0@4=2;0@6=1;0@9=1;1@2=1;2@4=2;2@1=2;2@3=1;2@8=2;3@2=1;3@4=2;3@1=1;3@8=1;3@5=1;4@2=2;4@6=1;4@9=2;4@3=1;5@4=1;5@6=1;5@1=1;5@3=1;6@2=1;6@8=1;7@2=2;7@1=2;7@8=1;7@7=1;8@2=1;8@1=1;8@3=2;8@8=1;8@0=1;9@4=1;9@9=2;9@3=1;9@8=1;9@5=1;9@0=1,"2,4,6,9,1,3,8,5,7,0",52,39,39,0,1.0,0.011397431443437855,1.0,0.011397431443437642,0.0,0.0,0.9999999999999999,0.650770902633667,Feasible|selected=greedy
1426,1425,11,6,5,"ADD:0,9;ADD:1,7;ADD:2,8;ADD:4,7;ADD:8,8;ADD:9,7;REMOVE:0,7;REMOVE:1,2;REMOVE:4,9;REMOVE:6,8;REMOVE:9,2",0:7;1:2;2:7;3:8;4:9;5:7;6:8;7:8;8:7;9:2,0:9;1:7;2:7|8;3:8;4:7;5:7;6:-;7:8;8:7|8;9:7,0@1=2;0@2=1;0@3=1;0@9=2;1@1=3;1@3=1;1@9=1;1@4=1;1@7=2;1@8=1;2@1=1;2@2=1;2@3=2;2@7=1;2@8=1;2@5=1;3@1=1;3@2=1;3@5=1;3@6=1;4@1=2;4@2=2;4@8=1;4@0=1;5@3=1;5@9=1;5@8=1;5@6=1;5@0=1;7@1=1;7@4=1;7@7=1;7@8=1;8@1=1;8@2=2;8@5=1;8@6=1;8@0=1;9@1=1;9@2=1;9@3=1;9@8=1,"1,2,3,9,4,7,8,5,6,0",51,42,42,0,1.0,-0.08600573301825765,0.5,0.013994266981742321,0.0,0.0,0.6,0.5924108028411865,Feasible|selected=greedy
1427,1426,11,6,5,"ADD:0,2;ADD:2,2;ADD:4,8;ADD:7,2;ADD:8,6;ADD:9,3;REMOVE:2,7;REMOVE:2,8;REMOVE:7,8;REMOVE:8,7;REMOVE:8,8",0:9;1:7;2:7|8;3:8;4:7;5:7;6:-;7:8;8:7|8;9:7,0:2|9;1:7;2:2;3:8;4:7|8;5:7;6:-;7:2;8:6;9:3|7,0@0=1;0@1=1;0@2=1;0@5=1;0@9=4;1@1=1;1@9=1;1@4=1;1@6=1;1@7=2;2@2=1;2@5=1;2@9=2;2@4=4;2@7=1;2@3=2;2@8=1;3@1=1;3@5=1;3@4=3;3@6=1;4@0=1;4@5=1;4@4=2;4@6=1;4@8=1;5@0=1;5@2=2;5@4=2;5@6=2;7@2=1;7@5=1;7@4=2;8@4=1;8@6=2;9@5=1;9@6=1;9@7=1;9@3=2,"0,1,2,5,9,4,6,7,3,8",57,39,39,0,1.0,-0.11831533941764383,0.45454545454545453,0.027139206036901634,0.0,0.0,0.6,0.5242362022399902,Feasible|selected=greedy
1428,1427,19,7,12,"ADD:0,7;ADD:2,5;ADD:3,5;ADD:4,1;ADD:5,9;ADD:7,9;ADD:9,2;REMOVE:0,2;REMOVE:0,9;REMOVE:1,7;REMOVE:2,2;REMOVE:3,8;REMOVE:4,7;REMOVE:4,8;REMOVE:5,7;REMOVE:7,2;REMOVE:8,6;REMOVE:9,3;REMOVE:9,7",0:2|9;1:7;2:2;3:8;4:7|8;5:7;6:-;7:2;8:6;9:3|7,0:7;1:-;2:5;3:5;4:1;5:9;6:-;7:9;8:-;9:2,0@0=1;0@1=1;0@2=1;0@4=1;0@9=1;2@5=1;3@2=1;3@5=2;4@1=1;4@3=1;4@6=1;4@8=1;5@2=2;5@9=1;7@1=1;7@2=1;9@2=2,"0,1,2,4,9,5,3,6,8",20,17,17,0,1.0,0.33549885257511414,1.0,0.03549885257511403,0.0,0.0,0.7,0.3544347286224365,Feasible|selected=greedy
1429,1428,17,10,7,"ADD:0,8;ADD:1,7;ADD:2,2;ADD:3,1;ADD:4,7;ADD:5,4;ADD:6,7;ADD:7,7;ADD:8,1;ADD:9,9;REMOVE:0,7;REMOVE:2,5;REMOVE:3,5;REMOVE:4,1;REMOVE:5,9;REMOVE:7,9;REMOVE:9,2",0:7;1:-;2:5;3:5;4:1;5:9;6:-;7:9;8:-;9:2,0:8;1:7;2:2;3:1;4:7;5:4;6:7;7:7;8:1;9:9,0@4=1;0@5=1;1@2=1;1@7=2;2@4=2;2@5=1;2@3=2;2@9=1;3@1=1;4@4=2;4@3=1;4@9=1;4@1=1;4@0=1;4@6=1;5@4=1;5@2=2;6@7=1;6@1=2;7@9=1;7@1=1;7@0=1;7@6=1;8@3=1;8@1=1;8@8=1;9@2=1;9@6=1,"4,5,2,7,3,9,1,0,6,8",34,28,28,0,1.0,0.016087402490980396,1.0,0.01608740249098029,0.0,0.0,0.9999999999999999,0.5806357860565186,Feasible|selected=greedy
1430,1429,19,10,9,"ADD:0,7;ADD:1,9;ADD:2,6;ADD:3,6;ADD:4,2;ADD:4,9;ADD:5,7;ADD:8,2;ADD:9,7;ADD:9,8;REMOVE:0,8;REMOVE:1,7;REMOVE:2,2;REMOVE:3,1;REMOVE:4,7;REMOVE:5,4;REMOVE:7,7;REMOVE:8,1;REMOVE:9,9",0:8;1:7;2:2;3:1;4:7;5:4;6:7;7:7;8:1;9:9,0:7;1:9;2:6;3:6;4:2|9;5:7;6:7;7:-;8:2;9:7|8,0@1=1;0@4=1;0@8=1;0@9=1;1@9=1;2@6=1;3@4=1;3@9=1;3@6=1;4@9=1;4@6=2;4@2=2;4@5=1;5@4=1;5@9=1;5@7=1;6@4=1;6@0=1;8@4=1;8@2=1;8@3=1;9@1=1;9@4=1;9@5=2;9@0=1,"1,4,8,9,6,2,5,7,0,3",28,25,25,0,1.0,-0.06975098946966618,0.9,0.030249010530333662,0.0,0.0,0.9999999999999999,0.47090888023376465,Feasible|selected=greedy
1431,1430,17,8,9,"ADD:0,4;ADD:2,2;ADD:2,8;ADD:3,8;ADD:4,7;ADD:5,8;ADD:6,8;ADD:8,7;REMOVE:0,7;REMOVE:2,6;REMOVE:3,6;REMOVE:4,2;REMOVE:4,9;REMOVE:5,7;REMOVE:6,7;REMOVE:8,2;REMOVE:9,8",0:7;1:9;2:6;3:6;4:2|9;5:7;6:7;7:-;8:2;9:7|8,0:4;1:9;2:2|8;3:8;4:7;5:8;6:8;7:-;8:7;9:7,0@4=1;1@1=1;1@2=2;2@4=1;2@1=1;2@2=1;2@0=1;2@5=1;2@8=1;3@2=1;3@5=1;3@6=1;4@1=2;4@3=1;4@7=1;5@4=1;5@1=1;5@8=1;6@4=1;6@1=1;6@2=1;8@2=1;8@7=1;9@4=1;9@9=1,"4,1,2,0,5,8,6,3,7,9",27,25,25,0,1.0,0.0385492840223578,0.8181818181818182,0.020367465840539552,0.0,0.0,0.7999999999999999,0.4478640556335449,Feasible|selected=greedy
1432,1431,14,7,7,"ADD:1,1;ADD:2,0;ADD:3,7;ADD:5,2;ADD:6,3;ADD:7,2;ADD:9,9;REMOVE:1,9;REMOVE:2,2;REMOVE:2,8;REMOVE:3,8;REMOVE:5,8;REMOVE:6,8;REMOVE:9,7",0:4;1:9;2:2|8;3:8;4:7;5:8;6:8;7:-;8:7;9:7,0:4;1:1;2:0;3:7;4:7;5:2;6:3;7:2;8:7;9:9,0@2=2;0@4=2;1@1=2;2@0=1;2@5=2;2@7=1;3@2=1;3@4=1;3@7=2;4@4=2;4@1=1;4@0=1;4@7=1;4@6=2;4@8=1;4@9=1;5@2=1;5@4=2;5@9=1;5@3=1;6@2=1;6@3=1;7@2=1;7@4=1;7@5=1;8@4=1;8@0=1;8@9=1;8@3=1;9@2=1;9@1=1,"2,4,1,0,5,7,6,8,9,3",39,31,31,0,1.0,0.027319773067816966,0.7,0.027319773067816952,0.0,0.0,0.7,0.5048141479492188,Feasible|selected=greedy
1433,1432,17,9,8,"ADD:0,7;ADD:1,9;ADD:2,7;ADD:3,8;ADD:4,8;ADD:5,7;ADD:6,7;ADD:7,7;ADD:9,8;REMOVE:0,4;REMOVE:1,1;REMOVE:2,0;REMOVE:3,7;REMOVE:4,7;REMOVE:5,2;REMOVE:6,3;REMOVE:7,2",0:4;1:1;2:0;3:7;4:7;5:2;6:3;7:2;8:7;9:9,0:7;1:9;2:7;3:8;4:8;5:7;6:7;7:7;8:7;9:8|9,0@1=1;0@2=1;0@3=1;0@4=1;0@6=1;0@8=1;0@9=1;1@1=1;1@2=1;2@1=1;2@2=1;2@3=2;2@4=1;2@8=1;2@9=1;2@7=1;3@1=1;3@2=1;3@4=1;4@1=1;4@2=2;4@5=1;5@2=3;5@4=1;5@7=1;5@0=1;6@3=1;6@7=1;7@2=1;7@6=1;7@7=1;8@1=2;8@2=1;8@3=1;8@9=2;8@7=1;8@0=1;9@8=1;9@9=1,"1,2,3,4,6,8,9,7,5,0",45,39,39,0,1.0,-0.08537042630869351,0.8,0.0146295736913063,0.0,0.0,0.8999999999999999,0.6077368259429932,Feasible|selected=greedy
1434,1433,11,6,5,"ADD:0,9;ADD:1,8;ADD:4,3;ADD:4,7;ADD:6,9;ADD:8,2;REMOVE:0,7;REMOVE:4,8;REMOVE:6,7;REMOVE:8,7;REMOVE:9,9",0:7;1:9;2:7;3:8;4:8;5:7;6:7;7:7;8:7;9:8|9,0:9;1:8|9;2:7;3:8;4:3|7;5:7;6:9;7:7;8:2;9:8,0@1=1;0@2=1;0@9=1;1@9=2;1@5=1;1@6=1;2@1=2;2@4=1;2@7=1;3@1=1;3@5=1;3@7=2;4@1=1;4@2=2;4@9=1;4@5=1;4@6=2;4@0=1;4@3=2;5@1=1;5@2=2;5@7=1;6@1=1;6@2=2;6@9=1;7@2=1;7@7=1;8@2=2;8@0=1;9@1=1;9@4=1;9@7=1;9@8=1,"1,2,9,5,6,4,7,0,3,8",42,33,33,0,1.0,-0.11468144469227887,0.45454545454545453,0.030773100762266574,0.0,0.0,0.6,0.5176310539245605,Feasible|selected=greedy
1435,1434,20,9,11,"ADD:0,7;ADD:1,1;ADD:2,2;ADD:3,6;ADD:4,8;ADD:5,1;ADD:6,8;ADD:8,1;ADD:9,7;REMOVE:0,9;REMOVE:1,8;REMOVE:1,9;REMOVE:2,7;REMOVE:3,8;REMOVE:4,3;REMOVE:4,7;REMOVE:5,7;REMOVE:6,9;REMOVE:8,2;REMOVE:9,8",0:9;1:8|9;2:7;3:8;4:3|7;5:7;6:9;7:7;8:2;9:8,0:7;1:1;2:2;3:6;4:8;5:1;6:8;7:7;8:1;9:7,0@0=1;0@1=1;0@2=1;0@6=1;1@1=1;2@2=3;3@1=1;3@6=1;4@6=1;4@7=1;4@8=1;5@1=2;6@6=1;6@7=1;6@4=1;6@5=1;7@7=1;7@4=1;8@1=2;9@0=1;9@8=2;9@4=1;9@3=1;9@9=1,"0,1,2,6,7,8,4,5,3,9",29,24,24,0,1.0,0.0554912385334303,0.9166666666666666,0.038824571866763566,0.0,0.0,0.8999999999999999,0.4616372585296631,Feasible|selected=greedy
1436,1435,20,10,10,"ADD:0,8;ADD:1,2;ADD:2,7;ADD:3,8;ADD:4,3;ADD:5,9;ADD:6,0;ADD:7,4;ADD:8,7;ADD:9,5;REMOVE:0,7;REMOVE:1,1;REMOVE:2,2;REMOVE:3,6;REMOVE:4,8;REMOVE:5,1;REMOVE:6,8;REMOVE:7,7;REMOVE:8,1;REMOVE:9,7",0:7;1:1;2:2;3:6;4:8;5:1;6:8;7:7;8:1;9:7,0:8;1:2;2:7;3:8;4:3;5:9;6:0;7:4;8:7;9:5,0@4=2;0@6=2;0@8=2;1@2=2;2@4=1;2@6=1;2@2=2;2@0=1;2@1=2;3@6=1;3@2=1;3@5=2;4@5=1;4@7=1;4@9=1;5@7=2;5@9=2;6@0=1;7@4=1;8@4=2;8@6=2;8@8=1;8@2=1;8@1=1;8@3=1;9@5=2,"4,6,8,2,0,1,5,7,9,3",38,26,26,0,1.0,0.026284481644693325,1.0,0.026284481644693193,0.0,0.0,0.9999999999999999,0.48293399810791016,Feasible|selected=greedy
1437,1436,17,9,8,"ADD:0,5;ADD:1,9;ADD:2,2;ADD:3,7;ADD:4,8;ADD:5,5;ADD:6,7;ADD:7,1;ADD:9,8;REMOVE:0,8;REMOVE:1,2;REMOVE:2,7;REMOVE:3,8;REMOVE:4,3;REMOVE:6,0;REMOVE:7,4;REMOVE:9,5",0:8;1:2;2:7;3:8;4:3;5:9;6:0;7:4;8:7;9:5,0:5;1:9;2:2;3:7;4:8;5:5|9;6:7;7:1;8:7;9:8,0@2=1;0@5=1;1@2=1;1@9=1;2@2=2;2@5=1;2@9=1;2@3=1;2@4=1;3@9=1;3@4=1;3@0=2;3@6=2;4@2=1;4@4=1;4@1=1;5@5=1;5@9=1;6@3=1;6@7=1;6@8=1;7@1=1;8@2=3;8@1=1;8@7=1;9@2=1;9@1=2;9@7=1;9@8=1,"2,5,9,3,4,0,6,1,7,8",35,29,29,0,1.0,-0.07213273403211129,0.8,0.02786726596788853,0.0,0.0,0.8999999999999999,0.5426356792449951,Feasible|selected=greedy
1438,1437,18,9,9,"ADD:0,8;ADD:1,7;ADD:2,9;ADD:3,8;ADD:4,7;ADD:5,7;ADD:6,8;ADD:7,4;ADD:9,7;REMOVE:0,5;REMOVE:1,9;REMOVE:2,2;REMOVE:3,7;REMOVE:4,8;REMOVE:5,5;REMOVE:5,9;REMOVE:6,7;REMOVE:7,1",0:5;1:9;2:2;3:7;4:8;5:5|9;6:7;7:1;8:7;9:8,0:8;1:7;2:9;3:8;4:7;5:7;6:8;7:4;8:7;9:7|8,0@2=3;0@4=1;0@8=1;1@2=2;1@8=1;1@0=1;1@6=1;2@6=1;2@7=2;2@9=2;3@4=1;3@1=2;4@2=2;4@7=1;4@1=1;5@2=1;5@4=2;5@7=2;5@9=1;5@3=1;6@4=1;6@8=1;7@4=1;8@0=1;8@3=1;9@4=1;9@0=1;9@1=1;9@5=1,"2,4,8,0,6,7,9,1,3,5",38,29,29,0,1.0,-0.06096897509813415,0.8181818181818182,0.020849206720047538,0.0,0.0,0.8999999999999999,0.500960111618042,Feasible|selected=greedy
1439,1438,11,5,6,"ADD:0,7;ADD:1,2;ADD:3,2;ADD:6,3;ADD:7,9;REMOVE:0,8;REMOVE:1,7;REMOVE:3,8;REMOVE:6,8;REMOVE:7,4;REMOVE:9,7",0:8;1:7;2:9;3:8;4:7;5:7;6:8;7:4;8:7;9:7|8,0:7;1:2;2:9;3:2;4:7;5:7;6:3;7:9;8:7;9:8,0@1=2;0@7=1;1@2=1;2@7=1;2@2=2;2@3=1;2@9=1;3@0=1;3@4=2;3@5=1;4@1=2;4@2=1;4@0=1;4@4=1;5@1=1;5@2=2;5@3=1;5@0=1;6@3=1;7@2=1;7@3=1;7@9=1;8@1=1;8@3=1;8@4=1;8@6=1;8@8=1;9@1=1;9@2=1;9@6=1;9@8=1,"1,7,2,3,9,0,4,5,6,8",36,31,31,0,1.0,0.06212933796048914,0.5454545454545454,0.016674792505943673,0.0,0.0,0.5,0.4937870502471924,Feasible|selected=greedy
1440,1439,17,9,8,"ADD:0,8;ADD:1,7;ADD:2,8;ADD:3,3;ADD:3,5;ADD:5,8;ADD:6,7;ADD:7,7;ADD:9,5;REMOVE:0,7;REMOVE:1,2;REMOVE:2,9;REMOVE:3,2;REMOVE:5,7;REMOVE:6,3;REMOVE:7,9;REMOVE:9,8",0:7;1:2;2:9;3:2;4:7;5:7;6:3;7:9;8:7;9:8,0:8;1:7;2:8;3:3|5;4:7;5:8;6:7;7:7;8:7;9:5,0@6=1;0@8=1;1@0=1;1@2=2;1@4=1;1@7=1;2@8=1;2@4=1;2@5=1;3@0=1;3@2=2;3@5=1;3@1=1;3@3=1;4@0=1;4@2=2;4@4=3;4@1=1;5@8=1;5@4=1;5@1=1;6@0=1;6@2=1;6@4=1;6@7=1;6@1=1;6@3=1;7@4=1;7@7=1;8@8=1;8@0=1;8@4=1;8@1=2;9@5=1,"6,8,0,2,4,7,5,1,3",40,34,34,0,1.0,-0.0767955314296822,0.8,0.023204468570317695,0.0,0.0,0.8999999999999999,0.5065748691558838,Feasible|selected=greedy
1441,1440,14,7,7,"ADD:2,2;ADD:2,7;ADD:3,7;ADD:5,7;ADD:7,4;ADD:8,4;ADD:9,4;REMOVE:2,8;REMOVE:3,3;REMOVE:3,5;REMOVE:5,8;REMOVE:7,7;REMOVE:8,7;REMOVE:9,5",0:8;1:7;2:8;3:3|5;4:7;5:8;6:7;7:7;8:7;9:5,0:8;1:7;2:2|7;3:7;4:7;5:7;6:7;7:4;8:4;9:4,0@1=1;0@2=2;0@4=1;1@7=1;2@1=1;2@4=1;2@0=2;2@5=2;2@9=2;3@7=1;4@1=1;4@2=1;4@4=1;4@7=1;5@1=1;5@0=1;5@3=1;6@4=1;6@7=1;6@6=1;7@2=1;7@4=1;8@2=1;8@4=2;9@4=1,"1,2,4,7,0,5,9,3,6",30,25,25,0,1.0,-0.03574163371401495,0.6363636363636364,0.02789472992234863,0.0,0.0,0.7,0.45934414863586426,Feasible|selected=greedy
1442,1441,16,7,9,"ADD:0,7;ADD:2,5;ADD:3,2;ADD:5,3;ADD:6,4;ADD:8,9;ADD:9,0;REMOVE:0,8;REMOVE:2,2;REMOVE:2,7;REMOVE:3,7;REMOVE:5,7;REMOVE:6,7;REMOVE:7,4;REMOVE:8,4;REMOVE:9,4",0:8;1:7;2:2|7;3:7;4:7;5:7;6:7;7:4;8:4;9:4,0:7;1:7;2:5;3:2;4:7;5:3;6:4;7:-;8:9;9:0,0@4=1;0@9=1;1@9=1;1@0=1;2@2=1;2@5=1;3@4=1;3@9=1;3@0=1;3@5=1;4@4=5;4@3=2;4@8=1;5@3=1;5@1=1;6@4=1;8@9=1;8@2=1;8@3=1;8@6=3;9@0=1,"4,9,0,2,5,3,8,1,6",28,21,21,0,1.0,0.1351168412381858,0.8181818181818182,0.01693502305636748,0.0,0.0,0.7,0.4056539535522461,Feasible|selected=greedy
1443,1442,13,6,7,"ADD:0,4;ADD:1,5;ADD:2,2;ADD:4,2;ADD:6,2;ADD:9,9;REMOVE:0,7;REMOVE:1,7;REMOVE:2,5;REMOVE:4,7;REMOVE:5,3;REMOVE:6,4;REMOVE:9,0",0:7;1:7;2:5;3:2;4:7;5:3;6:4;7:-;8:9;9:0,0:4;1:5;2:2;3:2;4:2;5:-;6:2;7:-;8:9;9:9,0@4=2;1@5=1;2@4=1;2@5=1;2@2=1;2@3=1;3@2=1;4@2=2;4@0=1;6@4=1;6@2=1;6@3=1;6@0=1;8@2=1;8@9=1;9@2=1;9@9=1;9@1=1,"4,5,2,3,0,9,1",20,18,18,0,1.0,0.22805378116538488,0.7777777777777778,0.05027600338760708,0.0,0.0,0.6,0.37481093406677246,Feasible|selected=greedy
1444,1443,10,4,6,"ADD:0,2;ADD:2,0;ADD:5,2;ADD:8,5;REMOVE:0,4;REMOVE:1,5;REMOVE:2,2;REMOVE:6,2;REMOVE:8,9;REMOVE:9,9",0:4;1:5;2:2;3:2;4:2;5:-;6:2;7:-;8:9;9:9,0:2;1:-;2:0;3:2;4:2;5:2;6:-;7:-;8:5;9:-,0@2=1;2@0=1;3@2=1;4@2=1;5@2=1;5@0=1;8@5=1,"2,0,5",7,7,7,0,1.0,0.43229789200894964,0.75,0.0822978920089496,0.0,0.0,0.4,0.23753118515014648,Feasible|selected=greedy
1445,1444,8,4,4,"ADD:1,3;ADD:6,8;ADD:8,8;ADD:9,7;REMOVE:2,0;REMOVE:3,2;REMOVE:5,2;REMOVE:8,5",0:2;1:-;2:0;3:2;4:2;5:2;6:-;7:-;8:5;9:-,0:2;1:3;2:-;3:-;4:2;5:-;6:8;7:-;8:8;9:7,0@2=1;1@3=1;4@2=1;4@0=1;6@8=1;8@8=1;9@7=1,"2,3,0,8,7",7,7,7,0,1.0,0.35395380851749525,0.6666666666666666,0.0872871418508286,0.0,0.0,0.4,0.2608630657196045,Feasible|selected=greedy
1446,1445,12,8,4,"ADD:0,8;ADD:1,5;ADD:2,0;ADD:3,8;ADD:5,7;ADD:7,9;ADD:8,2;ADD:9,4;REMOVE:0,2;REMOVE:1,3;REMOVE:8,8;REMOVE:9,7",0:2;1:3;2:-;3:-;4:2;5:-;6:8;7:-;8:8;9:7,0:8;1:5;2:0;3:8;4:2;5:7;6:8;7:9;8:2;9:4,0@1=1;0@5=1;0@6=1;1@5=1;1@0=1;1@2=1;2@0=1;3@4=3;3@8=1;4@0=1;4@2=2;4@4=1;5@2=1;5@3=1;5@7=1;6@1=1;6@5=1;6@2=1;6@4=1;6@7=1;7@1=2;7@2=1;8@5=1;8@2=1;8@4=1;9@2=1;9@4=1,"1,5,6,0,2,4,8,3,7",31,27,27,0,1.0,-0.1052564539410199,0.6666666666666666,0.02807687939231345,0.0,0.0,0.7999999999999999,0.48562192916870117,Feasible|selected=greedy
1447,1446,18,9,9,"ADD:0,7;ADD:1,2;ADD:2,7;ADD:3,5;ADD:4,7;ADD:5,4;ADD:6,7;ADD:7,2;ADD:8,7;REMOVE:0,8;REMOVE:1,5;REMOVE:2,0;REMOVE:3,8;REMOVE:5,7;REMOVE:6,8;REMOVE:7,9;REMOVE:8,2;REMOVE:9,4",0:8;1:5;2:0;3:8;4:2;5:7;6:8;7:9;8:2;9:4,0:7;1:2;2:7;3:5;4:2|7;5:4;6:7;7:2;8:7;9:-,0@0=1;0@4=1;0@7=1;0@8=1;1@0=1;1@4=1;1@2=1;2@4=1;2@7=2;2@8=2;2@1=1;2@9=1;3@5=1;4@0=1;4@4=1;4@7=1;4@2=2;4@1=1;4@5=1;5@4=2;5@2=2;5@6=2;6@0=1;6@2=1;6@9=1;6@6=1;7@4=1;7@2=1;7@9=1;8@7=2;8@3=1,"0,4,7,8,2,1,9,5,6,3",38,31,31,0,1.0,0.03199048790986547,0.9,0.031990487909865396,0.0,0.0,0.8999999999999999,0.5280807018280029,Feasible|selected=greedy
1448,1447,16,8,8,"ADD:0,3;ADD:2,3;ADD:3,8;ADD:4,1;ADD:5,9;ADD:7,7;ADD:8,2;ADD:9,2;REMOVE:0,7;REMOVE:1,2;REMOVE:2,7;REMOVE:3,5;REMOVE:4,2;REMOVE:4,7;REMOVE:5,4;REMOVE:7,2",0:7;1:2;2:7;3:5;4:2|7;5:4;6:7;7:2;8:7;9:-,0:3;1:-;2:3;3:8;4:1;5:9;6:7;7:7;8:2|7;9:2,0@1=1;0@5=1;0@7=2;0@9=1;2@1=1;2@5=1;2@9=1;2@2=2;2@3=2;3@1=2;3@2=1;3@4=1;4@1=3;5@1=1;5@9=1;5@2=1;5@3=1;5@6=1;6@1=1;6@3=1;6@4=1;6@0=1;6@8=1;7@7=1;7@2=1;7@6=2;7@0=2;8@1=1;8@5=2;8@7=1;8@2=1;8@3=1;8@4=2;8@0=1;9@2=2,"1,5,7,9,2,3,4,6,0,8",46,35,35,0,1.0,0.023698292867168735,0.8,0.0236982928671686,0.0,0.0,0.7999999999999999,0.568854808807373,Feasible|selected=greedy
1449,1448,20,11,9,"ADD:0,9;ADD:1,8;ADD:2,7;ADD:3,4;ADD:4,3;ADD:4,7;ADD:5,7;ADD:6,8;ADD:7,1;ADD:9,7;ADD:9,8;REMOVE:0,3;REMOVE:2,3;REMOVE:3,8;REMOVE:4,1;REMOVE:5,9;REMOVE:6,7;REMOVE:7,7;REMOVE:8,2;REMOVE:9,2",0:3;1:-;2:3;3:8;4:1;5:9;6:7;7:7;8:2|7;9:2,0:9;1:8;2:7;3:4;4:3|7;5:7;6:8;7:1;8:7;9:7|8,0@1=1;0@2=1;0@6=2;1@1=1;1@2=2;1@4=1;1@5=1;1@7=1;1@8=1;2@1=2;2@2=1;2@6=1;2@4=1;2@8=2;2@9=1;3@4=2;4@2=1;4@6=1;4@5=2;4@7=2;4@3=1;5@1=1;5@6=2;5@0=2;6@1=2;6@2=2;6@6=1;6@4=2;6@7=1;6@8=1;7@1=1;8@1=1;8@2=1;8@4=1;8@3=1;8@0=1;9@1=1;9@2=2;9@6=1;9@4=2;9@5=1;9@8=1;9@9=1,"1,2,6,4,5,7,8,9,3,0",57,43,43,0,1.0,-0.18375075407170616,0.9,0.016249245928293642,0.0,0.0,1.0999999999999999,0.6492950916290283,Feasible|selected=greedy
1450,1449,22,11,11,"ADD:0,7;ADD:1,9;ADD:2,8;ADD:2,9;ADD:3,2;ADD:4,8;ADD:5,8;ADD:6,2;ADD:7,8;ADD:8,5;ADD:8,9;REMOVE:0,9;REMOVE:1,8;REMOVE:2,7;REMOVE:3,4;REMOVE:4,3;REMOVE:4,7;REMOVE:5,7;REMOVE:6,8;REMOVE:7,1;REMOVE:8,7;REMOVE:9,7",0:9;1:8;2:7;3:4;4:3|7;5:7;6:8;7:1;8:7;9:7|8,0:7;1:9;2:8|9;3:2;4:8;5:8;6:2;7:8;8:5|9;9:8,0@3=3;0@4=1;1@1=2;1@2=1;2@1=2;2@2=3;2@8=1;2@9=1;3@2=1;3@9=1;3@0=1;4@4=1;4@2=1;4@8=2;4@5=1;4@6=1;5@4=1;5@1=1;5@2=1;5@8=1;5@6=1;6@3=1;6@4=1;6@2=1;6@9=1;6@0=1;7@4=1;7@1=1;8@1=1;8@9=1;8@0=1;8@5=1;9@4=2;9@1=1;9@2=1;9@8=1;9@7=2,"3,4,1,2,8,9,0,5,6,7",46,37,37,0,1.0,-0.16171918991602396,0.9166666666666666,0.021614143417309235,0.0,0.0,1.0999999999999999,0.5744950771331787,Feasible|selected=greedy
1451,1450,19,8,11,"ADD:0,6;ADD:1,8;ADD:3,7;ADD:4,7;ADD:5,1;ADD:6,3;ADD:8,7;ADD:9,9;REMOVE:0,7;REMOVE:1,9;REMOVE:2,9;REMOVE:3,2;REMOVE:4,8;REMOVE:5,8;REMOVE:6,2;REMOVE:7,8;REMOVE:8,5;REMOVE:8,9;REMOVE:9,8",0:7;1:9;2:8|9;3:2;4:8;5:8;6:2;7:8;8:5|9;9:8,0:6;1:8;2:8;3:7;4:7;5:1;6:3;7:-;8:7;9:9,0@6=1;1@8=1;2@1=1;2@2=1;2@4=1;3@1=1;3@4=1;3@3=1;4@1=1;4@0=1;4@7=1;5@1=1;6@3=1;8@1=1;8@2=1;8@4=1;8@9=1;9@1=3;9@3=1;9@7=2;9@9=1,"6,8,1,2,4,3,0,7,9",24,21,21,0,1.0,0.14022447691254647,0.9166666666666666,0.023557810245879763,0.0,0.0,0.7999999999999999,0.41628384590148926,Feasible|selected=greedy
