slot,timestamp,action_count,adds,removes,actions,placement_before,placement_after,demand,attachment_points,total_requests,demand_pairs,covered_pairs_after,uncovered_pairs_after,coverage_ratio_after,objective,R_nominal,B_nominal,R_wc,B_wc,Op_cost,solve_time,status
1,0,26,1,25,"ADD:4,5;REMOVE:0,4;REMOVE:0,8;REMOVE:1,5;REMOVE:1,7;REMOVE:2,8;REMOVE:3,5;REMOVE:3,6;REMOVE:3,8;REMOVE:4,9;REMOVE:5,0;REMOVE:5,1;REMOVE:5,8;REMOVE:6,8;REMOVE:7,0;REMOVE:7,3;REMOVE:7,4;REMOVE:7,5;REMOVE:7,6;REMOVE:8,3;REMOVE:8,4;REMOVE:8,5;REMOVE:8,8;REMOVE:9,0;REMOVE:9,7;REMOVE:9,8",0:4|8;1:5|7;2:5|7|8;3:5|6|8;4:7|9;5:0|1|8|9;6:8;7:0|3|4|5|6;8:3|4|5|8;9:0|7|8,0:-;1:-;2:5|7;3:-;4:5|7;5:9;6:-;7:-;8:-;9:-,2@0=1;2@2=1;4@5=1;4@7=1;4@8=1;5@9=1,"0,2,5,7,8,9",6,6,6,0,1.0,0.6343560743986332,0.8620689655172413,0.049035443211593394,0.0,0.02736273707782669,0.1,2.7890849113464355,Optimal
2,1,7,2,5,"ADD:2,9;ADD:5,7;REMOVE:2,5;REMOVE:2,7;REMOVE:4,5;REMOVE:4,7;REMOVE:5,9",0:-;1:-;2:5|7;3:-;4:5|7;5:9;6:-;7:-;8:-;9:-,0:-;1:-;2:9;3:-;4:-;5:7;6:-;7:-;8:-;9:-,2@1=1;2@2=1;2@3=2;5@7=1,"1,2,3,7",5,4,4,0,1.0,0.613171233304358,1.0,0.0164640416304473,0.0,0.0,0.2,1.240731954574585,Optimal
3,2,4,2,2,"ADD:2,3;ADD:4,3;REMOVE:2,9;REMOVE:5,7",0:-;1:-;2:9;3:-;4:-;5:7;6:-;7:-;8:-;9:-,0:-;1:-;2:3;3:-;4:3;5:-;6:-;7:-;8:-;9:-,2@3=1;4@3=1,3,2,2,2,0,1.0,0.6738929812105696,1.0,0.092366226513212,0.0,0.0,0.2,0.3391396999359131,Optimal
4,3,4,2,2,"ADD:2,1;ADD:4,1;REMOVE:2,3;REMOVE:4,3",0:-;1:-;2:3;3:-;4:3;5:-;6:-;7:-;8:-;9:-,0:-;1:-;2:1;3:-;4:1;5:-;6:-;7:-;8:-;9:-,2@1=1;4@1=2,1,3,2,2,0,1.0,0.6847874108836549,1.0,0.10598426360456857,0.0,0.0,0.2,0.35819101333618164,Optimal
5,4,6,4,2,"ADD:2,6;ADD:2,7;ADD:5,4;ADD:6,3;REMOVE:2,1;REMOVE:4,1",0:-;1:-;2:1;3:-;4:1;5:-;6:-;7:-;8:-;9:-,0:-;1:-;2:6|7;3:-;4:-;5:4;6:3;7:-;8:-;9:-,2@4=1;2@6=1;2@7=1;5@4=1;6@3=1,"4,6,7,3",5,5,5,0,1.0,0.4698350352434536,1.0,0.07563804109003627,0.0,0.04662301185712263,0.4,3.4220900535583496,Optimal
6,5,6,2,4,"ADD:2,4;ADD:4,7;REMOVE:2,6;REMOVE:2,7;REMOVE:5,4;REMOVE:6,3",0:-;1:-;2:6|7;3:-;4:-;5:4;6:3;7:-;8:-;9:-,0:-;1:-;2:4;3:-;4:7;5:-;6:-;7:-;8:-;9:-,2@4=1;4@7=1,"4,7",2,2,2,0,1.0,0.7021678798312994,1.0,0.1155793383255939,0.0,0.04852204585412122,0.2,0.856982946395874,Optimal
7,6,3,1,2,"ADD:4,4;REMOVE:2,4;REMOVE:4,7",0:-;1:-;2:4;3:-;4:7;5:-;6:-;7:-;8:-;9:-,0:-;1:-;2:-;3:-;4:4;5:-;6:-;7:-;8:-;9:-,4@4=1,4,1,1,1,0,1.0,0.7925748406367049,1.0,0.11571855079588109,0.0,0.0,0.1,0.3887600898742676,Optimal
8,7,2,1,1,"ADD:6,5;REMOVE:4,4",0:-;1:-;2:-;3:-;4:4;5:-;6:-;7:-;8:-;9:-,0:-;1:-;2:-;3:-;4:-;5:-;6:5;7:-;8:-;9:-,6@5=1,5,1,1,1,0,1.0,0.7736661909156185,1.0,0.09208273864452313,0.0,0.0,0.1,0.369293212890625,Optimal
9,8,2,1,1,"ADD:4,7;REMOVE:6,5",0:-;1:-;2:-;3:-;4:-;5:-;6:5;7:-;8:-;9:-,0:-;1:-;2:-;3:-;4:7;5:-;6:-;7:-;8:-;9:-,4@1=1;4@2=1;4@8=1,"1,2,8",3,3,3,0,1.0,0.7000000000000001,1.0,0.0,0.0,0.0,0.1,0.726707935333252,Optimal
10,9,3,2,1,"ADD:3,8;ADD:4,3;REMOVE:4,7",0:-;1:-;2:-;3:-;4:7;5:-;6:-;7:-;8:-;9:-,0:-;1:-;2:-;3:8;4:3;5:-;6:-;7:-;8:-;9:-,3@8=1;4@3=1,"8,3",2,2,2,0,1.0,0.6940420233260998,1.0,0.107851506265555,0.0,0.03880409156827934,0.2,0.6830761432647705,Optimal
11,10,4,2,2,"ADD:4,7;ADD:5,6;REMOVE:3,8;REMOVE:4,3",0:-;1:-;2:-;3:8;4:3;5:-;6:-;7:-;8:-;9:-,0:-;1:-;2:-;3:-;4:7;5:6;6:-;7:-;8:-;9:-,4@1=1;4@2=1;5@6=1,"1,2,6",3,3,3,0,1.0,0.6225942465037058,1.0,0.028242808129632115,0.0,0.0,0.2,0.9076211452484131,Optimal
12,11,3,1,2,"ADD:4,3;REMOVE:4,7;REMOVE:5,6",0:-;1:-;2:-;3:-;4:7;5:6;6:-;7:-;8:-;9:-,0:-;1:-;2:-;3:-;4:3;5:-;6:-;7:-;8:-;9:-,4@3=1,3,1,1,1,0,1.0,0.7819969415002298,1.0,0.10249617687528731,0.0,0.0,0.1,0.3389739990234375,Optimal
13,12,5,4,1,"ADD:3,6;ADD:3,8;ADD:4,0;ADD:5,8;REMOVE:4,3",0:-;1:-;2:-;3:-;4:3;5:-;6:-;7:-;8:-;9:-,0:-;1:-;2:-;3:6|8;4:0;5:8;6:-;7:-;8:-;9:-,3@6=1;3@8=1;4@0=1;5@8=1,"6,8,0",4,4,4,0,1.0,0.49211010450400405,1.0,0.10290574460454247,0.0,0.048927544101849726,0.4,3.561471939086914,Optimal
14,13,6,2,4,"ADD:2,6;ADD:4,5;REMOVE:3,6;REMOVE:3,8;REMOVE:4,0;REMOVE:5,8",0:-;1:-;2:-;3:6|8;4:0;5:8;6:-;7:-;8:-;9:-,0:-;1:-;2:6;3:-;4:5;5:-;6:-;7:-;8:-;9:-,2@4=1;2@9=1;4@5=1,"4,9,5",3,3,3,0,1.0,0.6221714705839936,1.0,0.027714338229991736,0.0,0.0,0.2,1.318411111831665,Optimal
15,14,5,3,2,"ADD:2,9;ADD:4,9;ADD:5,1;REMOVE:2,6;REMOVE:4,5",0:-;1:-;2:6;3:-;4:5;5:-;6:-;7:-;8:-;9:-,0:-;1:-;2:9;3:-;4:9;5:1;6:-;7:-;8:-;9:-,2@6=1;4@6=1;4@2=2;5@1=1,"6,2,1",5,4,4,0,1.0,0.518179573242209,1.0,0.022724466552761332,0.0,0.0,0.30000000000000004,1.1772830486297607,Optimal
16,15,5,2,3,"ADD:2,7;ADD:4,5;REMOVE:2,9;REMOVE:4,9;REMOVE:5,1",0:-;1:-;2:9;3:-;4:9;5:1;6:-;7:-;8:-;9:-,0:-;1:-;2:7;3:-;4:5;5:-;6:-;7:-;8:-;9:-,2@0=1;2@2=1;4@5=1,"0,2,5",3,3,3,0,1.0,0.6248588301717415,1.0,0.031073537714676913,0.0,0.0,0.2,1.9694581031799316,Optimal
17,16,3,1,2,"ADD:4,7;REMOVE:2,7;REMOVE:4,5",0:-;1:-;2:7;3:-;4:5;5:-;6:-;7:-;8:-;9:-,0:-;1:-;2:-;3:-;4:7;5:-;6:-;7:-;8:-;9:-,4@2=1;4@3=1,"2,3",2,2,2,0,1.0,0.7000000000000001,1.0,0.0,0.0,0.0,0.1,1.0262830257415771,Optimal
18,17,2,1,1,"ADD:4,4;REMOVE:4,7",0:-;1:-;2:-;3:-;4:7;5:-;6:-;7:-;8:-;9:-,0:-;1:-;2:-;3:-;4:4;5:-;6:-;7:-;8:-;9:-,4@4=1,4,1,1,1,0,1.0,0.7675355592997823,1.0,0.0844194491247279,0.0,0.0,0.1,0.3706810474395752,Optimal
19,18,2,1,1,"ADD:5,2;REMOVE:4,4",0:-;1:-;2:-;3:-;4:4;5:-;6:-;7:-;8:-;9:-,0:-;1:-;2:-;3:-;4:-;5:2;6:-;7:-;8:-;9:-,5@2=1,2,1,1,1,0,1.0,0.7829901940738936,1.0,0.10373774259236698,0.0,0.0,0.1,0.33285093307495117,Optimal
20,19,3,2,1,"ADD:4,0;ADD:6,9;REMOVE:5,2",0:-;1:-;2:-;3:-;4:-;5:2;6:-;7:-;8:-;9:-,0:-;1:-;2:-;3:-;4:0;5:-;6:9;7:-;8:-;9:-,4@0=1;6@2=1;6@7=2,"0,2,7",4,3,3,0,1.0,0.6178385666634905,1.0,0.02229820832936306,0.0,0.0,0.2,1.2633178234100342,Optimal
21,20,4,2,2,"ADD:2,9;ADD:4,4;REMOVE:4,0;REMOVE:6,9",0:-;1:-;2:-;3:-;4:0;5:-;6:9;7:-;8:-;9:-,0:-;1:-;2:9;3:-;4:4;5:-;6:-;7:-;8:-;9:-,2@9=1;4@4=1,"9,4",2,2,2,0,1.0,0.6913976550570828,1.0,0.10394071421385646,0.0,0.041225418429988996,0.2,0.4477367401123047,Optimal
22,21,3,1,2,"ADD:4,7;REMOVE:2,9;REMOVE:4,4",0:-;1:-;2:9;3:-;4:4;5:-;6:-;7:-;8:-;9:-,0:-;1:-;2:-;3:-;4:7;5:-;6:-;7:-;8:-;9:-,4@0=1;4@2=1;4@4=1,"0,2,4",3,3,3,0,1.0,0.7000000000000001,1.0,0.0,0.0,0.0,0.1,0.5648119449615479,Optimal
23,22,2,1,1,"ADD:4,3;REMOVE:4,7",0:-;1:-;2:-;3:-;4:7;5:-;6:-;7:-;8:-;9:-,0:-;1:-;2:-;3:-;4:3;5:-;6:-;7:-;8:-;9:-,4@1=1;4@2=2;4@7=1,"1,2,7",4,3,3,0,1.0,0.7000000000000001,1.0,0.0,0.0,0.0,0.1,0.32416629791259766,Optimal
24,23,3,2,1,"ADD:5,9;ADD:6,3;REMOVE:4,3",0:-;1:-;2:-;3:-;4:3;5:-;6:-;7:-;8:-;9:-,0:-;1:-;2:-;3:-;4:-;5:9;6:3;7:-;8:-;9:-,5@9=1;6@3=1,"9,3",2,2,2,0,1.0,0.6866607379288567,1.0,0.09880819372034608,0.0,0.03807091476290008,0.2,0.4425678253173828,Optimal
25,24,6,4,2,"ADD:4,2;ADD:5,2;ADD:5,6;ADD:6,1;REMOVE:5,9;REMOVE:6,3",0:-;1:-;2:-;3:-;4:-;5:9;6:3;7:-;8:-;9:-,0:-;1:-;2:-;3:-;4:2;5:2|6;6:1;7:-;8:-;9:-,4@2=1;5@2=1;5@6=1;6@1=1,"2,6,1",4,4,4,0,1.0,0.4868816595342188,1.0,0.09835478413791217,0.0,0.04098916111944517,0.4,2.008671998977661,Optimal
26,25,5,1,4,"ADD:4,8;REMOVE:4,2;REMOVE:5,2;REMOVE:5,6;REMOVE:6,1",0:-;1:-;2:-;3:-;4:2;5:2|6;6:1;7:-;8:-;9:-,0:-;1:-;2:-;3:-;4:8;5:-;6:-;7:-;8:-;9:-,4@5=2;4@6=2,"5,6",4,2,2,0,1.0,0.7000000000000001,1.0,0.0,0.0,0.0,0.1,0.5269548892974854,Optimal
27,26,3,2,1,"ADD:4,6;ADD:5,4;REMOVE:4,8",0:-;1:-;2:-;3:-;4:8;5:-;6:-;7:-;8:-;9:-,0:-;1:-;2:-;3:-;4:6;5:4;6:-;7:-;8:-;9:-,4@1=2;4@4=1;4@7=1;4@9=1;5@4=1,"1,4,7,9",6,5,5,0,1.0,0.6114001793005119,1.0,0.014250224125639895,0.0,0.0,0.2,1.446423053741455,Optimal
28,27,4,2,2,"ADD:4,7;ADD:6,2;REMOVE:4,6;REMOVE:5,4",0:-;1:-;2:-;3:-;4:6;5:4;6:-;7:-;8:-;9:-,0:-;1:-;2:-;3:-;4:7;5:-;6:2;7:-;8:-;9:-,4@7=1;6@2=1,"7,2",2,2,2,0,1.0,0.6878226164759433,1.0,0.09979582607953,0.0,0.03992977806159634,0.2,0.5256168842315674,Optimal
29,28,9,7,2,"ADD:2,0;ADD:2,3;ADD:2,6;ADD:4,3;ADD:5,5;ADD:6,1;ADD:6,6;REMOVE:4,7;REMOVE:6,2",0:-;1:-;2:-;3:-;4:7;5:-;6:2;7:-;8:-;9:-,0:-;1:-;2:0|3|6;3:-;4:3;5:5;6:1|6;7:-;8:-;9:-,2@0=1;2@1=1;2@2=1;2@3=1;2@6=1;4@3=1;5@5=1;6@1=2;6@6=1,"0,1,2,3,6,5",10,9,9,0,1.0,0.1805708784177501,1.0,0.08650881560122803,0.0,0.056819129683837497,0.7,3.9015769958496094,Optimal
30,29,9,2,7,"ADD:4,7;ADD:6,4;REMOVE:2,0;REMOVE:2,3;REMOVE:2,6;REMOVE:4,3;REMOVE:5,5;REMOVE:6,1;REMOVE:6,6",0:-;1:-;2:0|3|6;3:-;4:3;5:5;6:1|6;7:-;8:-;9:-,0:-;1:-;2:-;3:-;4:7;5:-;6:4;7:-;8:-;9:-,4@4=1;4@6=1;4@8=1;6@4=1,"4,6,8",4,4,4,0,1.0,0.6162340035204972,1.0,0.020292504400621445,0.0,0.0,0.2,1.2001447677612305,Optimal
31,30,6,4,2,"ADD:4,2;ADD:4,5;ADD:6,1;ADD:6,2;REMOVE:4,7;REMOVE:6,4",0:-;1:-;2:-;3:-;4:7;5:-;6:4;7:-;8:-;9:-,0:-;1:-;2:-;3:-;4:2|5;5:-;6:1|2;7:-;8:-;9:-,4@0=1;4@2=2;4@5=1;6@2=1;6@1=1;6@8=1,"0,2,5,1,8",7,6,6,0,1.0,0.46102529780146706,1.0,0.06964221978390513,0.0,0.026557609871715033,0.4,2.773521900177002,Optimal
32,31,8,4,4,"ADD:3,6;ADD:4,4;ADD:4,6;ADD:5,1;REMOVE:4,2;REMOVE:4,5;REMOVE:6,1;REMOVE:6,2",0:-;1:-;2:-;3:-;4:2|5;5:-;6:1|2;7:-;8:-;9:-,0:-;1:-;2:-;3:6;4:4|6;5:1;6:-;7:-;8:-;9:-,3@6=1;4@6=1;4@4=1;5@1=1,"6,4,1",4,4,4,0,1.0,0.48683996193523404,1.0,0.09860581068034972,0.0,0.039776566954771025,0.4,1.65472412109375,Optimal
33,32,11,7,4,"ADD:4,7;ADD:4,8;ADD:5,7;ADD:5,9;ADD:6,0;ADD:6,1;ADD:6,2;REMOVE:3,6;REMOVE:4,4;REMOVE:4,6;REMOVE:5,1",0:-;1:-;2:-;3:6;4:4|6;5:1;6:-;7:-;8:-;9:-,0:-;1:-;2:-;3:-;4:7|8;5:7|9;6:0|1|2;7:-;8:-;9:-,4@4=1;4@7=1;4@8=1;5@7=1;5@1=1;6@1=1;6@0=1;6@2=1,"4,7,8,1,0,2",8,8,8,0,1.0,0.16621173988868487,1.0,0.0721208535427635,0.0,0.04257528527236965,0.7,6.283146142959595,Optimal
34,33,8,1,7,"ADD:4,4;REMOVE:4,7;REMOVE:4,8;REMOVE:5,7;REMOVE:5,9;REMOVE:6,0;REMOVE:6,1;REMOVE:6,2",0:-;1:-;2:-;3:-;4:7|8;5:7|9;6:0|1|2;7:-;8:-;9:-,0:-;1:-;2:-;3:-;4:4;5:-;6:-;7:-;8:-;9:-,4@4=1,4,1,1,1,0,1.0,0.7923438709244857,1.0,0.11542983865560696,0.0,0.0,0.1,0.3500838279724121,Optimal
35,34,3,2,1,"ADD:4,9;ADD:6,2;REMOVE:4,4",0:-;1:-;2:-;3:-;4:4;5:-;6:-;7:-;8:-;9:-,0:-;1:-;2:-;3:-;4:9;5:-;6:2;7:-;8:-;9:-,4@3=1;4@6=1;6@4=1;6@9=1,"3,6,4,9",4,4,4,0,1.0,0.6000000000000001,1.0,0.0,0.0,0.0,0.2,0.38695812225341797,Optimal
36,35,9,7,2,"ADD:3,8;ADD:4,2;ADD:4,7;ADD:5,3;ADD:6,0;ADD:6,5;ADD:6,6;REMOVE:4,9;REMOVE:6,2",0:-;1:-;2:-;3:-;4:9;5:-;6:2;7:-;8:-;9:-,0:-;1:-;2:-;3:8;4:2|7;5:3;6:0|5|6;7:-;8:-;9:-,3@8=1;4@4=1;4@7=1;4@9=1;5@3=2;6@0=2;6@2=1;6@6=1,"8,4,7,9,3,0,2,6",10,8,8,0,1.0,0.16087129025955982,1.0,0.06603558918472859,0.0,0.04021409455888392,0.7,7.472269058227539,Optimal
37,36,9,2,7,"ADD:4,1;ADD:6,7;REMOVE:3,8;REMOVE:4,2;REMOVE:4,7;REMOVE:5,3;REMOVE:6,0;REMOVE:6,5;REMOVE:6,6",0:-;1:-;2:-;3:8;4:2|7;5:3;6:0|5|6;7:-;8:-;9:-,0:-;1:-;2:-;3:-;4:1;5:-;6:7;7:-;8:-;9:-,4@1=1;6@0=1;6@6=1,"1,0,6",3,3,3,0,1.0,0.6280430046795877,1.0,0.035053755849484634,0.0,0.0,0.2,0.6559748649597168,Optimal
38,37,5,3,2,"ADD:4,6;ADD:6,3;ADD:6,9;REMOVE:4,1;REMOVE:6,7",0:-;1:-;2:-;3:-;4:1;5:-;6:7;7:-;8:-;9:-,0:-;1:-;2:-;3:-;4:6;5:-;6:3|9;7:-;8:-;9:-,4@6=1;6@3=1;6@9=1,"6,3,9",3,3,3,0,1.0,0.5886792747590766,1.0,0.0988526437259262,0.0,0.0479857988916777,0.30000000000000004,2.2986910343170166,Optimal
39,38,6,3,3,"ADD:4,3;ADD:4,7;ADD:6,4;REMOVE:4,6;REMOVE:6,3;REMOVE:6,9",0:-;1:-;2:-;3:-;4:6;5:-;6:3|9;7:-;8:-;9:-,0:-;1:-;2:-;3:-;4:3|7;5:-;6:4;7:-;8:-;9:-,4@3=1;4@7=1;6@4=1,"3,7,4",3,3,3,0,1.0,0.5830440221364571,1.0,0.09316258550592817,0.0,0.04256976865857289,0.30000000000000004,2.541301965713501,Optimal
40,39,5,2,3,"ADD:2,7;ADD:4,8;REMOVE:4,3;REMOVE:4,7;REMOVE:6,4",0:-;1:-;2:-;3:-;4:3|7;5:-;6:4;7:-;8:-;9:-,0:-;1:-;2:7;3:-;4:8;5:-;6:-;7:-;8:-;9:-,2@0=1;2@2=2;2@4=1;2@8=1;4@4=1;4@1=1,"0,2,4,8,1",7,6,6,0,1.0,0.6000000000000001,1.0,0.0,0.0,0.0,0.2,0.8494913578033447,Optimal
41,40,7,5,2,"ADD:2,1;ADD:4,6;ADD:4,7;ADD:5,4;ADD:6,6;REMOVE:2,7;REMOVE:4,8",0:-;1:-;2:7;3:-;4:8;5:-;6:-;7:-;8:-;9:-,0:-;1:-;2:1;3:-;4:6|7;5:4;6:6;7:-;8:-;9:-,2@1=3;4@8=1;5@4=1;6@6=1,"1,8,4,6",6,4,4,0,1.0,0.36976667344032776,1.0,0.08049547729843849,0.0,0.026851458007884365,0.5,2.967846155166626,Optimal
42,41,9,5,4,"ADD:4,0;ADD:4,4;ADD:4,5;ADD:4,9;ADD:6,2;REMOVE:2,1;REMOVE:4,6;REMOVE:4,7;REMOVE:6,6",0:-;1:-;2:1;3:-;4:6|7;5:4;6:6;7:-;8:-;9:-,0:-;1:-;2:-;3:-;4:0|4|5|9;5:4;6:2;7:-;8:-;9:-,4@0=1;4@4=1;4@5=1;4@9=1;5@4=1;6@2=1,"0,4,5,9,2",6,6,6,0,1.0,0.2379297150041001,0.8,0.10633411909636425,0.0,0.06431209863504314,0.5,6.3492751121521,Optimal
43,42,8,2,6,"ADD:4,6;ADD:6,9;REMOVE:4,0;REMOVE:4,4;REMOVE:4,5;REMOVE:4,9;REMOVE:5,4;REMOVE:6,2",0:-;1:-;2:-;3:-;4:0|4|5|9;5:4;6:2;7:-;8:-;9:-,0:-;1:-;2:-;3:-;4:6;5:-;6:9;7:-;8:-;9:-,4@6=1;6@9=1,"6,9",2,2,2,0,1.0,0.6974836042230692,1.0,0.11031705546260136,0.0,0.04614979926494045,0.2,0.43987369537353516,Optimal
44,43,3,1,2,"ADD:4,2;REMOVE:4,6;REMOVE:6,9",0:-;1:-;2:-;3:-;4:6;5:-;6:9;7:-;8:-;9:-,0:-;1:-;2:-;3:-;4:2;5:-;6:-;7:-;8:-;9:-,4@2=1,2,1,1,1,0,1.0,0.7666464227881209,1.0,0.08330802848515109,0.0,0.0,0.1,0.3243098258972168,Optimal
45,44,3,2,1,"ADD:4,4;ADD:4,5;REMOVE:4,2",0:-;1:-;2:-;3:-;4:2;5:-;6:-;7:-;8:-;9:-,0:-;1:-;2:-;3:-;4:4|5;5:-;6:-;7:-;8:-;9:-,4@2=1;4@4=1;4@5=1;4@8=2,"2,4,5,8",5,4,4,0,1.0,0.6328174332466481,1.0,0.03743894906127335,0.0,0.014331369988147163,0.2,1.0765912532806396,Optimal
46,45,4,2,2,"ADD:4,7;ADD:6,2;REMOVE:4,4;REMOVE:4,5",0:-;1:-;2:-;3:-;4:4|5;5:-;6:-;7:-;8:-;9:-,0:-;1:-;2:-;3:-;4:7;5:-;6:2;7:-;8:-;9:-,4@0=1;4@1=1;4@4=1;4@9=2;6@2=1,"0,1,4,9,2",6,5,5,0,1.0,0.6132855811069857,1.0,0.016606976383732305,0.0,0.0,0.2,0.845099925994873,Optimal
47,46,8,6,2,"ADD:3,4;ADD:4,2;ADD:4,8;ADD:5,1;ADD:6,5;ADD:6,6;REMOVE:4,7;REMOVE:6,2",0:-;1:-;2:-;3:-;4:7;5:-;6:2;7:-;8:-;9:-,0:-;1:-;2:-;3:4;4:2|8;5:1;6:5|6;7:-;8:-;9:-,3@4=1;4@2=1;4@8=1;5@1=1;6@5=1;6@6=1,"4,2,8,1,5,6",6,6,6,0,1.0,0.2886274559865476,1.0,0.0936843890725281,0.0,0.0683997236426252,0.6,2.4750068187713623,Optimal
48,47,7,1,6,"ADD:4,6;REMOVE:3,4;REMOVE:4,2;REMOVE:4,8;REMOVE:5,1;REMOVE:6,5;REMOVE:6,6",0:-;1:-;2:-;3:4;4:2|8;5:1;6:5|6;7:-;8:-;9:-,0:-;1:-;2:-;3:-;4:6;5:-;6:-;7:-;8:-;9:-,4@1=1;4@4=1,"1,4",2,2,2,0,1.0,0.7000000000000001,1.0,0.0,0.0,0.0,0.1,0.24128198623657227,Optimal
49,48,2,1,1,"ADD:4,2;REMOVE:4,6",0:-;1:-;2:-;3:-;4:6;5:-;6:-;7:-;8:-;9:-,0:-;1:-;2:-;3:-;4:2;5:-;6:-;7:-;8:-;9:-,4@4=1;4@9=1,"4,9",2,2,2,0,1.0,0.7000000000000001,1.0,0.0,0.0,0.0,0.1,0.24343109130859375,Optimal
50,49,3,2,1,"ADD:4,3;ADD:6,2;REMOVE:4,2",0:-;1:-;2:-;3:-;4:2;5:-;6:-;7:-;8:-;9:-,0:-;1:-;2:-;3:-;4:3;5:-;6:2;7:-;8:-;9:-,4@1=1;4@2=1;4@7=1;6@2=1,"1,2,7",4,4,4,0,1.0,0.6200272300229472,1.0,0.025034037528683918,0.0,0.0,0.2,1.0281169414520264,Optimal
51,50,5,3,2,"ADD:4,0;ADD:4,1;ADD:5,6;REMOVE:4,3;REMOVE:6,2",0:-;1:-;2:-;3:-;4:3;5:-;6:2;7:-;8:-;9:-,0:-;1:-;2:-;3:-;4:0|1;5:6;6:-;7:-;8:-;9:-,4@0=1;4@1=1;4@7=1;5@6=1,"0,1,7,6",4,4,4,0,1.0,0.5677801271123452,1.0,0.07535328770963103,0.0,0.03748748472320142,0.30000000000000004,0.9883320331573486,Optimal
52,51,10,7,3,"ADD:1,0;ADD:1,1;ADD:4,5;ADD:4,7;ADD:4,8;ADD:5,1;ADD:5,7;REMOVE:4,0;REMOVE:4,1;REMOVE:5,6",0:-;1:-;2:-;3:-;4:0|1;5:6;6:-;7:-;8:-;9:-,0:-;1:0|1;2:-;3:-;4:5|7|8;5:1|7;6:-;7:-;8:-;9:-,1@0=1;1@1=1;4@0=1;4@2=1;4@3=1;4@4=1;4@5=1;4@7=1;4@8=1;5@1=1;5@6=1,"0,1,2,3,4,5,7,8,6",11,11,11,0,1.0,0.1495940149016145,1.0,0.053872714258215465,0.0,0.03247921747521044,0.7,5.560760736465454,Optimal
53,52,7,2,5,"ADD:5,0;ADD:6,1;REMOVE:1,0;REMOVE:1,1;REMOVE:4,7;REMOVE:4,8;REMOVE:5,7",0:-;1:0|1;2:-;3:-;4:5|7|8;5:1|7;6:-;7:-;8:-;9:-,0:-;1:-;2:-;3:-;4:5;5:0|1;6:1;7:-;8:-;9:-,4@5=1;5@0=1;5@1=1;6@1=1,"5,0,1",4,4,4,0,1.0,0.4649685373612806,0.7142857142857143,0.10798722488660646,0.0,0.03575093011711934,0.2,0.9747672080993652,Optimal
54,53,5,1,4,"ADD:4,2;REMOVE:4,5;REMOVE:5,0;REMOVE:5,1;REMOVE:6,1",0:-;1:-;2:-;3:-;4:5;5:0|1;6:1;7:-;8:-;9:-,0:-;1:-;2:-;3:-;4:2;5:-;6:-;7:-;8:-;9:-,4@2=1,2,1,1,1,0,1.0,0.7914756343087895,1.0,0.11434454288598679,0.0,0.0,0.1,0.33869218826293945,Optimal
55,54,6,5,1,"ADD:3,9;ADD:4,1;ADD:4,4;ADD:4,7;ADD:6,1;REMOVE:4,2",0:-;1:-;2:-;3:-;4:2;5:-;6:-;7:-;8:-;9:-,0:-;1:-;2:-;3:9;4:1|4|7;5:-;6:1;7:-;8:-;9:-,3@9=1;4@1=1;4@2=1;4@3=1;4@4=1;4@6=1;4@7=1;6@1=1,"9,1,2,3,4,6,7",8,8,8,0,1.0,0.3616102373366751,1.0,0.06808139144481569,0.0,0.035725620904112625,0.5,4.265717029571533,Optimal
56,55,7,3,4,"ADD:1,1;ADD:3,4;ADD:6,2;REMOVE:3,9;REMOVE:4,1;REMOVE:4,4;REMOVE:6,1",0:-;1:-;2:-;3:9;4:1|4|7;5:-;6:1;7:-;8:-;9:-,0:-;1:1;2:-;3:4;4:7;5:-;6:2;7:-;8:-;9:-,1@1=1;3@4=1;4@7=1;6@2=1,"1,4,7,2",4,4,4,0,1.0,0.4230642698972157,0.8,0.09071079386949474,0.0,0.05247817400809904,0.30000000000000004,3.487924814224243,Optimal
57,56,6,3,3,"ADD:2,1;ADD:5,9;ADD:6,4;REMOVE:1,1;REMOVE:3,4;REMOVE:6,2",0:-;1:1;2:-;3:4;4:7;5:-;6:2;7:-;8:-;9:-,0:-;1:-;2:1;3:-;4:7;5:9;6:4;7:-;8:-;9:-,2@1=1;4@7=1;5@9=1;6@4=1,"1,7,9,4",4,4,4,0,1.0,0.3852410762450986,0.75,0.09254747784824752,0.0,0.05601546983250297,0.30000000000000004,4.015094041824341,Optimal
58,57,10,6,4,"ADD:2,3;ADD:2,4;ADD:2,6;ADD:4,2;ADD:5,1;ADD:6,0;REMOVE:2,1;REMOVE:4,7;REMOVE:5,9;REMOVE:6,4",0:-;1:-;2:1;3:-;4:7;5:9;6:4;7:-;8:-;9:-,0:-;1:-;2:3|4|6;3:-;4:2;5:1;6:0;7:-;8:-;9:-,2@1=1;2@3=1;2@4=2;2@6=2;4@2=1;5@1=1;6@0=1,"1,3,4,6,2,0",9,7,7,0,1.0,0.28085882109697013,1.0,0.08629283969665898,0.0,0.05912274669821464,0.6,4.197886943817139,Optimal
59,58,10,4,6,"ADD:3,2;ADD:4,3;ADD:4,8;ADD:5,4;REMOVE:2,3;REMOVE:2,4;REMOVE:2,6;REMOVE:4,2;REMOVE:5,1;REMOVE:6,0",0:-;1:-;2:3|4|6;3:-;4:2;5:1;6:0;7:-;8:-;9:-,0:-;1:-;2:-;3:2;4:3|8;5:4;6:-;7:-;8:-;9:-,3@2=1;4@1=1;4@5=1;4@7=1;5@4=1,"2,1,5,7,4",5,5,5,0,1.0,0.4319181381049877,1.0,0.03674789057481136,0.0,0.012599128225693274,0.4,5.104868173599243,Optimal
60,59,7,3,4,"ADD:3,1;ADD:4,1;ADD:5,3;REMOVE:3,2;REMOVE:4,3;REMOVE:4,8;REMOVE:5,4",0:-;1:-;2:-;3:2;4:3|8;5:4;6:-;7:-;8:-;9:-,0:-;1:-;2:-;3:1;4:1;5:3;6:-;7:-;8:-;9:-,3@1=1;4@1=1;5@2=1;5@5=1,"1,2,5",4,4,4,0,1.0,0.5397755542916786,1.0,0.04971944286459819,0.0,0.0,0.30000000000000004,2.094187021255493,Optimal
61,60,5,2,3,"ADD:3,9;ADD:5,2;REMOVE:3,1;REMOVE:4,1;REMOVE:5,3",0:-;1:-;2:-;3:1;4:1;5:3;6:-;7:-;8:-;9:-,0:-;1:-;2:-;3:9;4:-;5:2;6:-;7:-;8:-;9:-,3@9=1;5@2=1,"9,2",2,2,2,0,1.0,0.6763530036044303,1.0,0.08738302003223639,0.0,0.03223293789320573,0.2,0.41552305221557617,Optimal
62,61,3,1,2,"ADD:4,7;REMOVE:3,9;REMOVE:5,2",0:-;1:-;2:-;3:9;4:-;5:2;6:-;7:-;8:-;9:-,0:-;1:-;2:-;3:-;4:7;5:-;6:-;7:-;8:-;9:-,4@2=1;4@4=1,"2,4",2,2,2,0,1.0,0.7000000000000001,1.0,0.0,0.0,0.0,0.1,0.7997901439666748,Optimal
63,62,5,4,1,"ADD:2,4;ADD:3,1;ADD:3,2;ADD:5,2;REMOVE:4,7",0:-;1:-;2:-;3:-;4:7;5:-;6:-;7:-;8:-;9:-,0:-;1:-;2:4;3:1|2;4:-;5:2;6:-;7:-;8:-;9:-,2@4=1;3@1=1;3@2=1;5@2=1,"4,1,2",4,4,4,0,1.0,0.4942285921918349,1.0,0.10679673494956728,0.0,0.04395602116090552,0.4,2.169116258621216,Optimal
64,63,8,4,4,"ADD:2,7;ADD:4,4;ADD:5,0;ADD:6,3;REMOVE:2,4;REMOVE:3,1;REMOVE:3,2;REMOVE:5,2",0:-;1:-;2:4;3:1|2;4:-;5:2;6:-;7:-;8:-;9:-,0:-;1:-;2:7;3:-;4:4;5:0;6:3;7:-;8:-;9:-,2@2=1;2@4=2;4@4=1;5@2=1;6@2=1;6@9=1,"2,4,9",7,6,6,0,1.0,0.4103310037015604,1.0,0.012913754626950446,0.0,0.0,0.4,1.4267621040344238,Optimal
65,64,11,7,4,"ADD:0,1;ADD:0,2;ADD:2,4;ADD:2,5;ADD:2,9;ADD:4,7;ADD:4,8;REMOVE:2,7;REMOVE:4,4;REMOVE:5,0;REMOVE:6,3",0:-;1:-;2:7;3:-;4:4;5:0;6:3;7:-;8:-;9:-,0:1|2;1:-;2:4|5|9;3:-;4:7|8;5:-;6:-;7:-;8:-;9:-,0@1=2;0@2=1;0@7=1;0@9=1;2@2=1;2@7=1;2@9=2;2@4=2;2@5=1;4@1=1;4@4=1,"1,2,7,9,4,5",14,11,11,0,1.0,0.15370519533475224,1.0,0.05819386439382122,0.0,0.03575051909847634,0.7,4.417947053909302,Optimal
66,65,11,5,6,"ADD:0,5;ADD:0,6;ADD:0,7;ADD:1,2;ADD:2,3;REMOVE:0,1;REMOVE:0,2;REMOVE:2,5;REMOVE:2,9;REMOVE:4,7;REMOVE:4,8",0:1|2;1:-;2:4|5|9;3:-;4:7|8;5:-;6:-;7:-;8:-;9:-,0:5|6|7;1:2;2:3|4;3:-;4:-;5:-;6:-;7:-;8:-;9:-,0@0=1;0@2=2;0@4=4;0@5=1;0@8=1;0@9=2;1@2=1;2@4=1;2@3=1,"0,2,4,5,8,9,3",14,9,9,0,1.0,0.21384295171608625,0.8571428571428571,0.030599769181482384,0.0,0.018244253283072824,0.5,6.8023459911346436,Optimal
67,66,8,3,5,"ADD:1,5;ADD:1,7;ADD:2,7;REMOVE:0,5;REMOVE:0,6;REMOVE:1,2;REMOVE:2,3;REMOVE:2,4",0:5|6|7;1:2;2:3|4;3:-;4:-;5:-;6:-;7:-;8:-;9:-,0:7;1:5|7;2:7;3:-;4:-;5:-;6:-;7:-;8:-;9:-,0@0=1;0@1=1;0@2=1;0@3=1;0@6=1;1@0=1;1@1=1;1@6=2;1@4=1;1@5=2;1@9=1;2@2=2;2@6=2;2@4=2,"0,1,2,3,6,4,5,9",19,14,14,0,1.0,0.37429978680268394,0.8333333333333334,0.009541400170021603,0.0,0.0,0.30000000000000004,2.127162218093872,Optimal
68,67,10,6,4,"ADD:1,1;ADD:1,4;ADD:2,2;ADD:2,4;ADD:4,1;ADD:4,9;REMOVE:0,7;REMOVE:1,5;REMOVE:1,7;REMOVE:2,7",0:7;1:5|7;2:7;3:-;4:-;5:-;6:-;7:-;8:-;9:-,0:-;1:1|4;2:2|4;3:-;4:1|9;5:-;6:-;7:-;8:-;9:-,1@1=1;1@4=2;1@6=1;2@2=2;2@7=1;4@1=1;4@9=1,"1,4,6,2,7,9",9,7,7,0,1.0,0.2733489710358241,1.0,0.08030508910028966,0.0,0.04552449877796192,0.6,6.4803948402404785,Optimal
69,68,11,5,6,"ADD:1,2;ADD:1,3;ADD:1,7;ADD:2,7;ADD:2,8;REMOVE:1,1;REMOVE:1,4;REMOVE:2,2;REMOVE:2,4;REMOVE:4,1;REMOVE:4,9",0:-;1:1|4;2:2|4;3:-;4:1|9;5:-;6:-;7:-;8:-;9:-,0:-;1:2|3|7;2:7|8;3:-;4:-;5:-;6:-;7:-;8:-;9:-,1@0=1;1@1=1;1@3=1;1@4=1;1@9=1;2@7=1;2@8=1,"0,1,3,4,9,7,8",7,7,7,0,1.0,0.3419418768815592,1.0,0.04677469442049136,0.0,0.022610606725830183,0.5,8.053815841674805,Optimal
70,69,12,7,5,"ADD:1,0;ADD:1,9;ADD:2,1;ADD:2,5;ADD:3,7;ADD:4,1;ADD:5,2;REMOVE:1,2;REMOVE:1,3;REMOVE:1,7;REMOVE:2,7;REMOVE:2,8",0:-;1:2|3|7;2:7|8;3:-;4:-;5:-;6:-;7:-;8:-;9:-,0:-;1:0|9;2:1|5;3:7;4:1;5:2;6:-;7:-;8:-;9:-,1@0=1;1@2=1;1@9=1;2@1=1;2@3=1;2@5=2;3@7=1;4@1=1;5@2=1,"0,2,9,1,3,5,7",10,9,9,0,1.0,0.17807876040525106,1.0,0.0838275086831762,0.0,0.05508376729355054,0.7,3.583077907562256,Optimal
71,70,9,2,7,"ADD:2,0;ADD:3,4;REMOVE:1,0;REMOVE:1,9;REMOVE:2,1;REMOVE:2,5;REMOVE:3,7;REMOVE:4,1;REMOVE:5,2",0:-;1:0|9;2:1|5;3:7;4:1;5:2;6:-;7:-;8:-;9:-,0:-;1:-;2:0;3:4;4:-;5:-;6:-;7:-;8:-;9:-,2@0=1;3@4=1,"0,4",2,2,2,0,1.0,0.6883707955752458,1.0,0.10064214489089232,0.0,0.039285398312659606,0.2,0.4173300266265869,Optimal
72,71,9,7,2,"ADD:2,7;ADD:2,9;ADD:3,2;ADD:3,7;ADD:4,4;ADD:4,9;ADD:6,4;REMOVE:2,0;REMOVE:3,4",0:-;1:-;2:0;3:4;4:-;5:-;6:-;7:-;8:-;9:-,0:-;1:-;2:7|9;3:2|7;4:4|9;5:-;6:4;7:-;8:-;9:-,2@1=1;2@2=1;2@3=1;2@6=1;2@7=1;3@2=1;3@7=1;4@4=1;4@9=1;6@4=1,"1,2,3,6,7,4,9",10,10,10,0,1.0,0.15570798534302488,1.0,0.0609992352822932,0.0,0.034542985585950786,0.7,7.846731185913086,Optimal
73,72,8,1,7,"ADD:4,2;REMOVE:2,7;REMOVE:2,9;REMOVE:3,2;REMOVE:3,7;REMOVE:4,4;REMOVE:4,9;REMOVE:6,4",0:-;1:-;2:7|9;3:2|7;4:4|9;5:-;6:4;7:-;8:-;9:-,0:-;1:-;2:-;3:-;4:2;5:-;6:-;7:-;8:-;9:-,4@2=2,2,2,1,1,0,1.0,0.7832004337563938,1.0,0.10400054219549215,0.0,0.0,0.1,0.458118200302124,Optimal
74,73,2,1,1,"ADD:5,7;REMOVE:4,2",0:-;1:-;2:-;3:-;4:2;5:-;6:-;7:-;8:-;9:-,0:-;1:-;2:-;3:-;4:-;5:7;6:-;7:-;8:-;9:-,5@1=1;5@9=1,"1,9",2,2,2,0,1.0,0.7000000000000001,1.0,0.0,0.0,0.0,0.1,0.722855806350708,Optimal
75,74,3,2,1,"ADD:4,4;ADD:5,6;REMOVE:5,7",0:-;1:-;2:-;3:-;4:-;5:7;6:-;7:-;8:-;9:-,0:-;1:-;2:-;3:-;4:4;5:6;6:-;7:-;8:-;9:-,4@4=1;5@4=1;5@9=1,"4,9",3,3,3,0,1.0,0.6309578781319207,1.0,0.0386973476649009,0.0,0.0,0.2,0.8012702465057373,Optimal
76,75,3,1,2,"ADD:4,8;REMOVE:4,4;REMOVE:5,6",0:-;1:-;2:-;3:-;4:4;5:6;6:-;7:-;8:-;9:-,0:-;1:-;2:-;3:-;4:8;5:-;6:-;7:-;8:-;9:-,4@4=1,4,1,1,1,0,1.0,0.7000000000000001,1.0,0.0,0.0,0.0,0.1,0.2049858570098877,Optimal
77,76,6,5,1,"ADD:3,1;ADD:4,1;ADD:4,4;ADD:4,9;ADD:6,4;REMOVE:4,8",0:-;1:-;2:-;3:-;4:8;5:-;6:-;7:-;8:-;9:-,0:-;1:-;2:-;3:1;4:1|4|9;5:-;6:4;7:-;8:-;9:-,3@1=1;4@1=1;4@2=1;4@4=1;4@8=1;4@9=1;6@4=1,"1,2,4,8,9",7,7,7,0,1.0,0.36011141533163593,1.0,0.06716839674470156,0.0,0.03188348967937303,0.5,3.0019142627716064,Optimal
78,77,8,3,5,"ADD:1,4;ADD:4,3;ADD:6,3;REMOVE:3,1;REMOVE:4,1;REMOVE:4,4;REMOVE:4,9;REMOVE:6,4",0:-;1:-;2:-;3:1;4:1|4|9;5:-;6:4;7:-;8:-;9:-,0:-;1:4;2:-;3:-;4:3;5:-;6:3;7:-;8:-;9:-,1@4=1;4@3=1;6@3=1,"4,3",3,3,3,0,1.0,0.584679975089063,1.0,0.09955523847690965,0.0,0.025178921537676084,0.30000000000000004,0.44614100456237793,Optimal
79,78,8,5,3,"ADD:1,7;ADD:2,8;ADD:3,8;ADD:4,1;ADD:6,1;REMOVE:1,4;REMOVE:4,3;REMOVE:6,3",0:-;1:4;2:-;3:-;4:3;5:-;6:3;7:-;8:-;9:-,0:-;1:7;2:8;3:8;4:1;5:-;6:1;7:-;8:-;9:-,1@2=1;1@3=1;1@4=1;1@6=1;1@8=1;2@2=1;2@4=1;2@1=1;3@2=1;3@6=1;4@1=1;6@1=1,"2,3,4,6,8,1",12,12,12,0,1.0,0.3126464381860119,1.0,0.015808047732514978,0.0,0.0,0.5,1.1489877700805664,Optimal
80,79,12,7,5,"ADD:1,8;ADD:1,9;ADD:2,2;ADD:2,5;ADD:3,4;ADD:4,7;ADD:4,8;REMOVE:1,7;REMOVE:2,8;REMOVE:3,8;REMOVE:4,1;REMOVE:6,1",0:-;1:7;2:8;3:8;4:1;5:-;6:1;7:-;8:-;9:-,0:-;1:8|9;2:2|5;3:4;4:7|8;5:-;6:-;7:-;8:-;9:-,1@1=1;1@2=1;1@6=1;2@2=2;2@5=1;2@8=1;3@4=1;4@1=1;4@8=1;4@4=1,"1,2,6,5,8,4",11,10,10,0,1.0,0.13851074972312682,1.0,0.04301105206311338,0.0,0.020509540363180333,0.7,7.286158084869385,Optimal
81,80,11,5,6,"ADD:1,5;ADD:1,6;ADD:1,7;ADD:4,3;ADD:5,3;REMOVE:1,8;REMOVE:1,9;REMOVE:2,5;REMOVE:3,4;REMOVE:4,7;REMOVE:4,8",0:-;1:8|9;2:2|5;3:4;4:7|8;5:-;6:-;7:-;8:-;9:-,0:-;1:5|6|7;2:2;3:-;4:3;5:3;6:-;7:-;8:-;9:-,1@0=1;1@1=2;1@4=1;1@5=2;1@6=1;1@8=2;2@2=1;4@3=1;5@3=2,"0,1,4,5,6,8,2,3",13,9,9,0,1.0,0.23328466038512952,0.8571428571428571,0.05323084068032839,0.0,0.024928510632905507,0.5,9.751984119415283,Optimal
82,81,12,6,6,"ADD:1,0;ADD:1,1;ADD:1,4;ADD:2,6;ADD:2,8;ADD:5,1;REMOVE:1,5;REMOVE:1,6;REMOVE:1,7;REMOVE:2,2;REMOVE:4,3;REMOVE:5,3",0:-;1:5|6|7;2:2;3:-;4:3;5:3;6:-;7:-;8:-;9:-,0:-;1:0|1|4;2:6|8;3:-;4:-;5:1;6:-;7:-;8:-;9:-,1@0=1;1@1=1;1@4=2;1@7=1;1@8=1;2@1=1;2@4=1;2@8=1;2@6=1;5@1=1,"0,1,4,7,8,6",11,10,10,0,1.0,0.25387756974952824,1.0,0.058661246955753296,0.0,0.034742860924627875,0.6,3.730883836746216,Optimal
83,82,9,3,6,"ADD:1,8;ADD:4,1;ADD:6,7;REMOVE:1,0;REMOVE:1,1;REMOVE:1,4;REMOVE:2,6;REMOVE:2,8;REMOVE:5,1",0:-;1:0|1|4;2:6|8;3:-;4:-;5:1;6:-;7:-;8:-;9:-,0:-;1:8;2:-;3:-;4:1;5:-;6:7;7:-;8:-;9:-,1@2=2;1@4=1;1@5=1;1@7=1;4@1=1;6@1=1;6@0=1,"2,4,5,7,1,0",8,7,7,0,1.0,0.5083780992151405,1.0,0.010472624018925717,0.0,0.0,0.30000000000000004,1.5840582847595215,Optimal
84,83,4,1,3,"ADD:4,4;REMOVE:1,8;REMOVE:4,1;REMOVE:6,7",0:-;1:8;2:-;3:-;4:1;5:-;6:7;7:-;8:-;9:-,0:-;1:-;2:-;3:-;4:4;5:-;6:-;7:-;8:-;9:-,4@4=1,4,1,1,1,0,1.0,0.7939175258484641,1.0,0.11739690731058006,0.0,0.0,0.1,0.31487298011779785,Optimal
85,84,6,5,1,"ADD:2,3;ADD:2,4;ADD:4,6;ADD:6,3;ADD:6,5;REMOVE:4,4",0:-;1:-;2:-;3:-;4:4;5:-;6:-;7:-;8:-;9:-,0:-;1:-;2:3|4;3:-;4:6;5:-;6:3|5;7:-;8:-;9:-,2@3=1;2@4=1;4@6=1;6@3=1;6@5=1,"3,4,6,5",5,5,5,0,1.0,0.3902791997564762,1.0,0.10004551518707054,0.0,0.05121393803409868,0.5,2.1109561920166016,Optimal
86,85,8,3,5,"ADD:2,8;ADD:4,7;ADD:5,4;REMOVE:2,3;REMOVE:2,4;REMOVE:4,6;REMOVE:6,3;REMOVE:6,5",0:-;1:-;2:3|4;3:-;4:6;5:-;6:3|5;7:-;8:-;9:-,0:-;1:-;2:8;3:-;4:7;5:4;6:-;7:-;8:-;9:-,2@1=1;2@2=1;4@2=1;4@0=1;5@4=1,"1,2,0,4",5,5,5,0,1.0,0.514844650547093,1.0,0.018555813183866388,0.0,0.0,0.30000000000000004,1.9049110412597656,Optimal
87,86,6,3,3,"ADD:2,7;ADD:3,3;ADD:5,7;REMOVE:2,8;REMOVE:4,7;REMOVE:5,4",0:-;1:-;2:8;3:-;4:7;5:4;6:-;7:-;8:-;9:-,0:-;1:-;2:7;3:3;4:-;5:7;6:-;7:-;8:-;9:-,2@2=1;2@4=2;3@3=1;5@4=1;5@8=1,"2,4,3,8",6,5,5,0,1.0,0.5151508526673998,1.0,0.018938565834249806,0.0,0.0,0.30000000000000004,1.9926469326019287,Optimal
88,87,7,4,3,"ADD:3,9;ADD:4,4;ADD:4,5;ADD:6,3;REMOVE:2,7;REMOVE:3,3;REMOVE:5,7",0:-;1:-;2:7;3:3;4:-;5:7;6:-;7:-;8:-;9:-,0:-;1:-;2:-;3:9;4:4|5;5:-;6:3;7:-;8:-;9:-,3@9=1;4@4=1;4@5=1;6@3=1,"9,4,5,3",4,4,4,0,1.0,0.4873500259313517,1.0,0.09531112251418475,0.0,0.055505639600019224,0.4,1.5656089782714844,Optimal
89,88,9,5,4,"ADD:1,5;ADD:1,8;ADD:4,7;ADD:4,8;ADD:6,9;REMOVE:3,9;REMOVE:4,4;REMOVE:4,5;REMOVE:6,3",0:-;1:-;2:-;3:9;4:4|5;5:-;6:3;7:-;8:-;9:-,0:-;1:5|8;2:-;3:-;4:7|8;5:-;6:9;7:-;8:-;9:-,1@5=1;1@8=1;4@8=1;4@4=1;6@9=1,"5,8,4,9",5,5,5,0,1.0,0.3681517822382404,1.0,0.07831064980401745,0.0,0.027516311975132577,0.5,3.087350845336914,Optimal
90,89,8,4,4,"ADD:2,1;ADD:2,2;ADD:2,7;ADD:3,7;REMOVE:1,8;REMOVE:4,7;REMOVE:4,8;REMOVE:6,9",0:-;1:5|8;2:-;3:-;4:7|8;5:-;6:9;7:-;8:-;9:-,0:-;1:5;2:1|2|7;3:7;4:-;5:-;6:-;7:-;8:-;9:-,1@5=1;2@0=1;2@1=1;2@2=2;2@4=1;2@7=2;3@7=1,"5,0,1,2,4,7",9,7,7,0,1.0,0.30497959248561723,0.8,0.07313872949275052,0.0,0.03234304445708367,0.4,4.103651762008667,Optimal
91,90,12,7,5,"ADD:1,0;ADD:1,3;ADD:1,4;ADD:3,2;ADD:3,3;ADD:4,4;ADD:5,6;REMOVE:1,5;REMOVE:2,1;REMOVE:2,2;REMOVE:2,7;REMOVE:3,7",0:-;1:5;2:1|2|7;3:7;4:-;5:-;6:-;7:-;8:-;9:-,0:-;1:0|3|4;2:-;3:2|3;4:4;5:6;6:-;7:-;8:-;9:-,1@0=1;1@2=1;1@3=1;1@4=2;1@5=1;3@5=1;3@7=1;4@4=1;5@6=1,"0,2,3,4,5,7,6",10,9,9,0,1.0,0.15002536637603092,1.0,0.05623201829457069,0.0,0.025198758701871826,0.7,11.038919925689697,Optimal
92,91,12,6,6,"ADD:1,1;ADD:1,5;ADD:2,9;ADD:4,0;ADD:5,7;ADD:6,6;REMOVE:1,0;REMOVE:1,3;REMOVE:3,2;REMOVE:3,3;REMOVE:4,4;REMOVE:5,6",0:-;1:0|3|4;2:-;3:2|3;4:4;5:6;6:-;7:-;8:-;9:-,0:-;1:1|4|5;2:9;3:-;4:0;5:7;6:6;7:-;8:-;9:-,1@1=2;1@2=1;1@4=1;1@5=2;1@6=1;2@9=2;4@0=1;5@7=1;6@6=1,"1,2,4,5,6,9,0,7",12,9,9,0,1.0,0.16693509316631294,0.8571428571428571,0.08597358477374842,0.0,0.062209698165142484,0.6,9.589735984802246,Optimal
93,92,14,7,7,"ADD:1,0;ADD:1,8;ADD:2,0;ADD:2,1;ADD:2,2;ADD:3,5;ADD:6,1;REMOVE:1,1;REMOVE:1,4;REMOVE:1,5;REMOVE:2,9;REMOVE:4,0;REMOVE:5,7;REMOVE:6,6",0:-;1:1|4|5;2:9;3:-;4:0;5:7;6:6;7:-;8:-;9:-,0:-;1:0|8;2:0|1|2;3:5;4:-;5:-;6:1;7:-;8:-;9:-,1@0=1;1@2=1;1@5=1;1@8=1;2@0=1;2@2=1;2@1=1;3@5=1;6@1=1,"0,2,5,8,1",9,9,9,0,1.0,0.166857194122067,1.0,0.07247005280275051,0.0,0.04440575939933275,0.7,6.952599763870239,Optimal
94,93,11,5,6,"ADD:1,2;ADD:1,7;ADD:1,9;ADD:4,2;ADD:5,8;REMOVE:1,0;REMOVE:1,8;REMOVE:2,0;REMOVE:2,1;REMOVE:3,5;REMOVE:6,1",0:-;1:0|8;2:0|1|2;3:5;4:-;5:-;6:1;7:-;8:-;9:-,0:-;1:2|7|9;2:2;3:-;4:2;5:8;6:-;7:-;8:-;9:-,1@0=1;1@1=1;1@2=2;1@9=1;2@2=1;4@2=1;5@8=1,"0,1,2,9,8",8,7,7,0,1.0,0.24839499319776015,0.8571428571428571,0.07282679416092142,0.0,0.022096360773686013,0.5,8.522783994674683,Optimal
95,94,7,2,5,"ADD:2,7;ADD:4,4;REMOVE:1,2;REMOVE:1,7;REMOVE:2,2;REMOVE:4,2;REMOVE:5,8",0:-;1:2|7|9;2:2;3:-;4:2;5:8;6:-;7:-;8:-;9:-,0:-;1:9;2:7;3:-;4:4;5:-;6:-;7:-;8:-;9:-,1@3=1;1@6=2;2@0=1;2@4=1;4@4=1,"3,6,0,4",6,5,5,0,1.0,0.4781070707839749,0.8333333333333334,0.014300505146635207,0.0,0.0,0.2,1.6146998405456543,Optimal
96,95,12,9,3,"ADD:1,2;ADD:1,4;ADD:1,8;ADD:2,3;ADD:4,2;ADD:4,8;ADD:5,0;ADD:5,6;ADD:7,9;REMOVE:1,9;REMOVE:2,7;REMOVE:4,4",0:-;1:9;2:7;3:-;4:4;5:-;6:-;7:-;8:-;9:-,0:-;1:2|4|8;2:3;3:-;4:2|8;5:0|6;6:-;7:9;8:-;9:-,1@2=1;1@4=1;1@5=1;1@6=1;1@8=1;2@3=1;4@2=1;4@4=1;5@6=1;5@0=1;7@9=1,"2,4,5,6,8,3,0,9",11,11,11,0,1.0,-0.031004555950131518,1.0,0.07333344675072767,0.0,0.05164343324643116,0.8999999999999999,6.243236780166626,Optimal
97,96,14,6,8,"ADD:1,1;ADD:2,9;ADD:4,4;ADD:4,5;ADD:4,9;ADD:6,2;REMOVE:1,4;REMOVE:1,8;REMOVE:2,3;REMOVE:4,2;REMOVE:4,8;REMOVE:5,0;REMOVE:5,6;REMOVE:7,9",0:-;1:2|4|8;2:3;3:-;4:2|8;5:0|6;6:-;7:9;8:-;9:-,0:-;1:1|2;2:9;3:-;4:4|5|9;5:-;6:2;7:-;8:-;9:-,1@1=1;1@2=1;1@9=1;2@9=1;4@9=1;4@4=1;4@5=1;6@2=1,"1,2,9,4,5",8,8,8,0,1.0,0.19225392950547415,0.8888888888888888,0.08754747828492118,0.0,0.055524178832130476,0.6,4.29315185546875,Optimal
98,97,9,3,6,"ADD:2,1;ADD:6,5;ADD:6,7;REMOVE:1,1;REMOVE:1,2;REMOVE:4,4;REMOVE:4,5;REMOVE:4,9;REMOVE:6,2",0:-;1:1|2;2:9;3:-;4:4|5|9;5:-;6:2;7:-;8:-;9:-,0:-;1:-;2:1|9;3:-;4:-;5:-;6:5|7;7:-;8:-;9:-,2@1=1;2@9=1;6@2=1;6@5=1;6@7=1,"1,9,2,5,7",5,5,5,0,1.0,0.4641423594425027,0.8571428571428571,0.08456153376337383,0.0,0.05389423358758956,0.30000000000000004,8.548987865447998,Optimal
99,98,10,6,4,"ADD:2,4;ADD:3,5;ADD:4,6;ADD:4,9;ADD:5,7;ADD:6,8;REMOVE:2,1;REMOVE:2,9;REMOVE:6,5;REMOVE:6,7",0:-;1:-;2:1|9;3:-;4:-;5:-;6:5|7;7:-;8:-;9:-,0:-;1:-;2:4;3:5;4:6|9;5:7;6:8;7:-;8:-;9:-,2@4=1;3@5=1;4@6=1;4@9=1;5@7=1;6@8=1,"4,5,6,9,7,8",6,6,6,0,1.0,0.2911703683582262,1.0,0.09641618408366938,0.0,0.07018710545645307,0.6,4.015503883361816,Optimal
100,99,7,2,5,"ADD:2,5;ADD:4,2;REMOVE:3,5;REMOVE:4,6;REMOVE:4,9;REMOVE:5,7;REMOVE:6,8",0:-;1:-;2:4;3:5;4:6|9;5:7;6:8;7:-;8:-;9:-,0:-;1:-;2:4|5;3:-;4:2;5:-;6:-;7:-;8:-;9:-,2@4=2;2@5=1;4@2=1,"4,5,2",4,3,3,0,1.0,0.5486933466587776,0.8333333333333334,0.09275346365816564,0.0,0.039119545327892066,0.2,1.4107861518859863,Optimal
101,100,7,4,3,"ADD:4,1;ADD:5,2;ADD:5,7;ADD:6,2;REMOVE:2,4;REMOVE:2,5;REMOVE:4,2",0:-;1:-;2:4|5;3:-;4:2;5:-;6:-;7:-;8:-;9:-,0:-;1:-;2:-;3:-;4:1;5:2|7;6:2;7:-;8:-;9:-,4@1=1;5@2=1;5@7=2;6@2=1,"1,2,7",5,4,4,0,1.0,0.4890277424883094,1.0,0.09937671606405785,0.0,0.047631848185315837,0.4,3.7278590202331543,Optimal
102,101,7,3,4,"ADD:2,6;ADD:4,0;ADD:5,9;REMOVE:4,1;REMOVE:5,2;REMOVE:5,7;REMOVE:6,2",0:-;1:-;2:-;3:-;4:1;5:2|7;6:2;7:-;8:-;9:-,0:-;1:-;2:6;3:-;4:0;5:9;6:-;7:-;8:-;9:-,2@4=1;2@8=1;4@0=1;5@2=1,"4,8,0,2",4,4,4,0,1.0,0.5161183872470779,1.0,0.020147984058847455,0.0,0.0,0.30000000000000004,2.478455066680908,Optimal
103,102,5,2,3,"ADD:2,0;ADD:2,9;REMOVE:2,6;REMOVE:4,0;REMOVE:5,9",0:-;1:-;2:6;3:-;4:0;5:9;6:-;7:-;8:-;9:-,0:-;1:-;2:0|9;3:-;4:-;5:-;6:-;7:-;8:-;9:-,2@0=1;2@1=1;2@3=1;2@7=1,"0,1,3,7",4,4,4,0,1.0,0.6239054510594522,1.0,0.029881813824315057,0.0,0.0,0.2,1.9957668781280518,Optimal
104,103,3,1,2,"ADD:2,5;REMOVE:2,0;REMOVE:2,9",0:-;1:-;2:0|9;3:-;4:-;5:-;6:-;7:-;8:-;9:-,0:-;1:-;2:5;3:-;4:-;5:-;6:-;7:-;8:-;9:-,2@5=1,5,1,1,1,0,1.0,0.7889279628538923,1.0,0.11115995356736522,0.0,0.0,0.1,0.6397171020507812,Optimal
105,104,9,8,1,"ADD:1,1;ADD:1,5;ADD:2,2;ADD:2,3;ADD:2,7;ADD:4,7;ADD:4,9;ADD:5,2;REMOVE:2,5",0:-;1:-;2:5;3:-;4:-;5:-;6:-;7:-;8:-;9:-,0:-;1:1|5;2:2|3|7;3:-;4:7|9;5:2;6:-;7:-;8:-;9:-,1@1=1;1@5=1;2@1=1;2@5=2;2@0=1;2@4=2;2@7=1;2@9=1;4@7=1;4@9=1;5@2=1,"1,5,0,4,7,9,2",13,11,11,0,1.0,0.038955192274436,1.0,0.04273301945471717,0.0,0.023843883553310897,0.7999999999999999,9.948825120925903,Optimal
106,105,10,5,5,"ADD:1,6;ADD:1,7;ADD:2,8;ADD:4,2;ADD:6,3;REMOVE:1,1;REMOVE:1,5;REMOVE:2,2;REMOVE:2,3;REMOVE:4,7",0:-;1:1|5;2:2|3|7;3:-;4:7|9;5:2;6:-;7:-;8:-;9:-,0:-;1:6|7;2:7|8;3:-;4:2|9;5:2;6:3;7:-;8:-;9:-,1@1=1;1@4=1;1@6=1;1@9=1;2@2=1;2@7=1;2@8=1;4@9=1;4@2=2;4@7=2;5@2=3;6@3=1,"1,4,6,9,2,7,8,3",16,12,12,0,1.0,0.07842082445836962,0.625,0.06151413847931285,0.125,0.02104756837459636,0.5,9.323532104492188,Optimal
107,106,12,5,7,"ADD:1,1;ADD:1,3;ADD:1,4;ADD:2,5;ADD:4,5;REMOVE:1,6;REMOVE:1,7;REMOVE:2,7;REMOVE:2,8;REMOVE:4,2;REMOVE:5,2;REMOVE:6,3",0:-;1:6|7;2:7|8;3:-;4:2|9;5:2;6:3;7:-;8:-;9:-,0:-;1:1|3|4;2:5;3:-;4:5|9;5:-;6:-;7:-;8:-;9:-,1@1=2;1@2=1;1@3=1;1@4=1;1@8=1;2@5=1;4@5=1;4@9=1,"1,2,3,4,8,5,9",9,8,8,0,1.0,0.2755641823019197,0.875,0.08192643156297374,0.0,0.050115185257703185,0.5,12.412479877471924,Optimal
108,107,14,8,6,"ADD:1,2;ADD:1,6;ADD:1,8;ADD:2,3;ADD:2,8;ADD:4,1;ADD:4,2;ADD:5,4;REMOVE:1,1;REMOVE:1,3;REMOVE:1,4;REMOVE:2,5;REMOVE:4,5;REMOVE:4,9",0:-;1:1|3|4;2:5;3:-;4:5|9;5:-;6:-;7:-;8:-;9:-,0:-;1:2|6|8;2:3|8;3:-;4:1|2;5:4;6:-;7:-;8:-;9:-,1@1=1;1@2=2;1@4=2;1@5=1;1@8=1;2@1=2;2@2=2;2@5=1;4@1=1;4@2=1;5@4=1,"1,2,4,5,8",15,11,11,0,1.0,0.03544920236463678,1.0,0.04001774517876788,0.0,0.01717503110811178,0.7999999999999999,12.680942058563232,Optimal
109,108,12,5,7,"ADD:1,7;ADD:2,0;ADD:2,4;ADD:4,4;ADD:5,3;REMOVE:1,6;REMOVE:1,8;REMOVE:2,3;REMOVE:2,8;REMOVE:4,1;REMOVE:4,2;REMOVE:5,4",0:-;1:2|6|8;2:3|8;3:-;4:1|2;5:4;6:-;7:-;8:-;9:-,0:-;1:2|7;2:0|4;3:-;4:4;5:3;6:-;7:-;8:-;9:-,1@0=1;1@4=1;1@8=1;2@0=1;2@4=3;2@2=1;4@4=1;5@3=1,"0,4,8,2,3",10,8,8,0,1.0,0.2586398612779388,0.875,0.06095018100883005,0.0,0.049398582354373624,0.5,6.85874605178833,Optimal
110,109,10,4,6,"ADD:1,1;ADD:4,2;ADD:5,6;ADD:5,8;REMOVE:1,2;REMOVE:1,7;REMOVE:2,0;REMOVE:2,4;REMOVE:4,4;REMOVE:5,3",0:-;1:2|7;2:0|4;3:-;4:4;5:3;6:-;7:-;8:-;9:-,0:-;1:1;2:-;3:-;4:2;5:6|8;6:-;7:-;8:-;9:-,1@1=1;4@2=1;5@6=2;5@8=1,"1,2,6,8",5,4,4,0,1.0,0.4963290496510695,1.0,0.10645127552608784,0.0,0.055840146150996,0.4,3.1462719440460205,Optimal
111,110,11,7,4,"ADD:1,0;ADD:1,3;ADD:2,1;ADD:2,2;ADD:4,4;ADD:4,7;ADD:5,1;REMOVE:1,1;REMOVE:4,2;REMOVE:5,6;REMOVE:5,8",0:-;1:1;2:-;3:-;4:2;5:6|8;6:-;7:-;8:-;9:-,0:-;1:0|3;2:1|2;3:-;4:4|7;5:1;6:-;7:-;8:-;9:-,1@0=1;1@3=1;2@1=1;2@2=1;4@4=2;4@7=1;5@1=1,"0,3,1,2,4,7",8,7,7,0,1.0,0.19108160134973828,1.0,0.09760540293811011,0.0,0.06498639499625056,0.7,8.198527097702026,Optimal
112,111,11,5,6,"ADD:1,4;ADD:1,5;ADD:2,8;ADD:5,5;ADD:6,2;REMOVE:1,0;REMOVE:1,3;REMOVE:2,1;REMOVE:2,2;REMOVE:4,7;REMOVE:5,1",0:-;1:0|3;2:1|2;3:-;4:4|7;5:1;6:-;7:-;8:-;9:-,0:-;1:4|5;2:8;3:-;4:4;5:5;6:2;7:-;8:-;9:-,1@4=1;1@5=1;2@8=1;4@4=1;5@5=1;6@2=1,"4,5,8,2",6,6,6,0,1.0,0.26985651446900305,0.8571428571428571,0.09301927242196054,0.0,0.048634054085744664,0.5,2.301927089691162,Optimal
113,112,11,5,6,"ADD:1,2;ADD:1,7;ADD:2,3;ADD:3,4;ADD:5,6;REMOVE:1,4;REMOVE:1,5;REMOVE:2,8;REMOVE:4,4;REMOVE:5,5;REMOVE:6,2",0:-;1:4|5;2:8;3:-;4:4;5:5;6:2;7:-;8:-;9:-,0:-;1:2|7;2:3;3:4;4:-;5:6;6:-;7:-;8:-;9:-,1@0=1;1@2=4;1@8=1;1@9=1;2@3=2;3@4=1;5@6=2,"0,2,8,9,3,4,6",12,7,7,0,1.0,0.364595585232272,1.0,0.07243760442949272,0.0,0.03322750844338841,0.5,1.8667259216308594,Optimal
114,113,11,6,5,"ADD:1,3;ADD:1,6;ADD:1,8;ADD:2,9;ADD:5,2;ADD:5,4;REMOVE:1,2;REMOVE:1,7;REMOVE:2,3;REMOVE:3,4;REMOVE:5,6",0:-;1:2|7;2:3;3:4;4:-;5:6;6:-;7:-;8:-;9:-,0:-;1:3|6|8;2:9;3:-;4:-;5:2|4;6:-;7:-;8:-;9:-,1@2=1;1@3=1;1@4=1;1@5=1;1@6=1;1@8=1;2@9=1;5@2=1;5@4=1,"2,3,4,5,6,8,9",9,9,9,0,1.0,0.26619601155019246,1.0,0.07015367645713201,0.0,0.05036535192243383,0.6,4.722597122192383,Optimal
115,114,13,8,5,"ADD:1,5;ADD:1,7;ADD:2,1;ADD:2,6;ADD:4,5;ADD:4,9;ADD:5,7;ADD:5,8;REMOVE:1,3;REMOVE:1,8;REMOVE:2,9;REMOVE:5,2;REMOVE:5,4",0:-;1:3|6|8;2:9;3:-;4:-;5:2|4;6:-;7:-;8:-;9:-,0:-;1:5|6|7;2:1|6;3:-;4:5|9;5:7|8;6:-;7:-;8:-;9:-,1@0=1;1@1=1;1@4=1;1@5=1;1@6=1;2@1=1;2@6=1;4@5=1;4@9=1;5@1=1;5@4=1;5@8=1,"0,1,4,5,6,9,8",12,12,12,0,1.0,-0.07995746098051781,0.8333333333333334,0.0578991533875415,0.0,0.03528274821391099,0.7999999999999999,14.357383012771606,Optimal
116,115,11,5,6,"ADD:1,0;ADD:1,3;ADD:2,0;ADD:3,5;ADD:4,1;REMOVE:1,5;REMOVE:1,6;REMOVE:2,6;REMOVE:4,5;REMOVE:5,7;REMOVE:5,8",0:-;1:5|6|7;2:1|6;3:-;4:5|9;5:7|8;6:-;7:-;8:-;9:-,0:-;1:0|3|7;2:0|1;3:5;4:1|9;5:-;6:-;7:-;8:-;9:-,1@0=2;1@1=1;1@2=1;1@3=2;1@9=1;2@0=1;2@1=2;3@5=1;4@1=1;4@9=1,"0,1,2,3,9,5",13,10,10,0,1.0,0.12726637275788022,0.6666666666666666,0.07795463643227948,0.1111111111111111,0.046735540282505594,0.5,9.065186023712158,Optimal
117,116,11,5,6,"ADD:1,2;ADD:2,2;ADD:4,8;ADD:6,0;ADD:6,1;REMOVE:1,0;REMOVE:1,3;REMOVE:2,0;REMOVE:2,1;REMOVE:3,5;REMOVE:4,9",0:-;1:0|3|7;2:0|1;3:5;4:1|9;5:-;6:-;7:-;8:-;9:-,0:-;1:2|7;2:2;3:-;4:1|8;5:-;6:0|1;7:-;8:-;9:-,1@0=1;1@2=2;1@4=1;2@2=1;4@7=1;4@8=1;6@0=1;6@1=1,"0,2,4,7,8,1",9,8,8,0,1.0,0.1764886030273911,0.75,0.0581179261258159,0.125,0.024971310633691846,0.5,4.234490871429443,Optimal
118,117,11,5,6,"ADD:1,4;ADD:4,5;ADD:4,9;ADD:6,2;ADD:6,5;REMOVE:1,7;REMOVE:2,2;REMOVE:4,1;REMOVE:4,8;REMOVE:6,0;REMOVE:6,1",0:-;1:2|7;2:2;3:-;4:1|8;5:-;6:0|1;7:-;8:-;9:-,0:-;1:2|4;2:-;3:-;4:5|9;5:-;6:2|5;7:-;8:-;9:-,1@2=2;1@4=1;4@5=1;4@9=1;6@2=1;6@5=1,"2,4,5,9",7,6,6,0,1.0,0.27407595088300285,0.8571428571428571,0.09842923770063085,0.0,0.048091375041062,0.5,4.157754898071289,Optimal
119,118,8,4,4,"ADD:1,0;ADD:2,2;ADD:2,8;ADD:5,5;REMOVE:1,2;REMOVE:4,5;REMOVE:6,2;REMOVE:6,5",0:-;1:2|4;2:-;3:-;4:5|9;5:-;6:2|5;7:-;8:-;9:-,0:-;1:0|4;2:2|8;3:-;4:9;5:5;6:-;7:-;8:-;9:-,1@0=1;1@4=2;2@2=1;2@5=1;2@8=1;4@9=1;5@5=1,"0,4,2,5,8,9",8,7,7,0,1.0,0.21381003046027536,0.6666666666666666,0.08600669196360111,0.0,0.058356717780305704,0.4,5.9966349601745605,Optimal
120,119,14,8,6,"ADD:1,3;ADD:1,6;ADD:1,7;ADD:2,5;ADD:2,7;ADD:4,6;ADD:4,8;ADD:6,0;REMOVE:1,0;REMOVE:1,4;REMOVE:2,2;REMOVE:2,8;REMOVE:4,9;REMOVE:5,5",0:-;1:0|4;2:2|8;3:-;4:9;5:5;6:-;7:-;8:-;9:-,0:-;1:3|6|7;2:5|7;3:-;4:6|8;5:-;6:0;7:-;8:-;9:-,1@3=1;1@4=1;1@6=1;1@7=1;2@3=1;2@7=1;2@5=1;2@8=1;4@6=2;4@8=1;6@0=1,"3,4,6,7,5,8,0",12,11,11,0,1.0,0.07091296291634952,1.0,0.07727864164948503,0.0,0.04545024798380703,0.7999999999999999,7.75662899017334,Optimal
121,120,14,6,8,"ADD:1,4;ADD:1,5;ADD:2,0;ADD:2,1;ADD:2,2;ADD:4,7;REMOVE:1,3;REMOVE:1,6;REMOVE:1,7;REMOVE:2,5;REMOVE:2,7;REMOVE:4,6;REMOVE:4,8;REMOVE:6,0",0:-;1:3|6|7;2:5|7;3:-;4:6|8;5:-;6:0;7:-;8:-;9:-,0:-;1:4|5;2:0|1|2;3:-;4:7;5:-;6:-;7:-;8:-;9:-,1@2=1;1@4=1;1@5=1;2@2=1;2@0=1;2@1=1;4@7=2,"2,4,5,0,1,7",8,7,7,0,1.0,0.2826277903055411,1.0,0.08839226235426775,0.0,0.05956990211063461,0.6,5.215232849121094,Optimal
122,121,12,7,5,"ADD:1,6;ADD:2,7;ADD:2,8;ADD:4,0;ADD:4,2;ADD:5,2;ADD:5,4;REMOVE:1,4;REMOVE:2,0;REMOVE:2,1;REMOVE:2,2;REMOVE:4,7",0:-;1:4|5;2:0|1|2;3:-;4:7;5:-;6:-;7:-;8:-;9:-,0:-;1:5|6;2:7|8;3:-;4:0|2;5:2|4;6:-;7:-;8:-;9:-,1@5=1;1@6=1;1@8=2;2@6=1;2@2=1;4@2=1;4@0=1;5@2=1;5@4=1,"5,6,8,2,0,4",10,9,9,0,1.0,0.018364158963612653,0.8333333333333334,0.055997088564601026,0.0,0.034499107226324856,0.7,6.023964881896973,Optimal
123,122,10,2,8,"ADD:1,8;ADD:2,1;REMOVE:1,5;REMOVE:1,6;REMOVE:2,7;REMOVE:2,8;REMOVE:4,0;REMOVE:4,2;REMOVE:5,2;REMOVE:5,4",0:-;1:5|6;2:7|8;3:-;4:0|2;5:2|4;6:-;7:-;8:-;9:-,0:-;1:8;2:1;3:-;4:-;5:-;6:-;7:-;8:-;9:-,1@1=1;1@2=2;2@3=1;2@6=1;2@7=1,"1,2,3,6,7",6,5,5,0,1.0,0.6000000000000001,1.0,0.0,0.0,0.0,0.2,0.83986496925354,Optimal
124,123,4,2,2,"ADD:1,5;ADD:4,2;REMOVE:1,8;REMOVE:2,1",0:-;1:8;2:1;3:-;4:-;5:-;6:-;7:-;8:-;9:-,0:-;1:5;2:-;3:-;4:2;5:-;6:-;7:-;8:-;9:-,1@2=1;1@3=1;4@2=1,"2,3",3,3,3,0,1.0,0.6276137686773979,1.0,0.0345172108467474,0.0,0.0,0.2,0.7294049263000488,Optimal
125,124,9,7,2,"ADD:1,1;ADD:1,2;ADD:1,8;ADD:2,6;ADD:2,8;ADD:6,0;ADD:6,5;REMOVE:1,5;REMOVE:4,2",0:-;1:5;2:-;3:-;4:2;5:-;6:-;7:-;8:-;9:-,0:-;1:1|2|8;2:6|8;3:-;4:-;5:-;6:0|5;7:-;8:-;9:-,1@1=1;1@4=1;1@5=1;1@6=1;1@8=1;2@6=2;2@8=1;6@5=1;6@0=1,"1,4,5,6,8,0",10,9,9,0,1.0,0.16695708657523034,1.0,0.07269729715769623,0.0,0.04399624424536594,0.7,6.756730318069458,Optimal
126,125,13,6,7,"ADD:1,7;ADD:1,9;ADD:2,2;ADD:3,4;ADD:4,6;ADD:4,9;REMOVE:1,1;REMOVE:1,2;REMOVE:1,8;REMOVE:2,6;REMOVE:2,8;REMOVE:6,0;REMOVE:6,5",0:-;1:1|2|8;2:6|8;3:-;4:-;5:-;6:0|5;7:-;8:-;9:-,0:-;1:7|9;2:2;3:4;4:6|9;5:-;6:-;7:-;8:-;9:-,1@1=1;1@2=1;1@7=1;2@2=1;3@4=1;4@6=1;4@9=1,"1,2,7,4,6,9",7,7,7,0,1.0,0.2617334341920077,1.0,0.06585660238882728,0.0,0.04524076140472934,0.6,4.301118850708008,Optimal
127,126,9,3,6,"ADD:1,8;ADD:2,0;ADD:4,4;REMOVE:1,7;REMOVE:1,9;REMOVE:2,2;REMOVE:3,4;REMOVE:4,6;REMOVE:4,9",0:-;1:7|9;2:2;3:4;4:6|9;5:-;6:-;7:-;8:-;9:-,0:-;1:8;2:0;3:-;4:4;5:-;6:-;7:-;8:-;9:-,1@1=2;1@6=1;2@2=2;4@4=1,"1,6,2,4",6,4,4,0,1.0,0.5117067479650965,1.0,0.01463343495637049,0.0,0.0,0.30000000000000004,1.7816476821899414,Optimal
128,127,5,2,3,"ADD:2,2;ADD:4,8;REMOVE:1,8;REMOVE:2,0;REMOVE:4,4",0:-;1:8;2:0;3:-;4:4;5:-;6:-;7:-;8:-;9:-,0:-;1:-;2:2;3:-;4:8;5:-;6:-;7:-;8:-;9:-,2@2=1;4@8=1,"2,8",2,2,2,0,1.0,0.6821884425626243,1.0,0.09365564980433042,0.0,0.036319613595799695,0.2,0.4272129535675049,Optimal
129,128,8,6,2,"ADD:2,1;ADD:2,6;ADD:4,5;ADD:4,9;ADD:5,3;ADD:5,8;REMOVE:2,2;REMOVE:4,8",0:-;1:-;2:2;3:-;4:8;5:-;6:-;7:-;8:-;9:-,0:-;1:-;2:1|6;3:-;4:5|9;5:3|8;6:-;7:-;8:-;9:-,2@1=1;2@6=1;4@2=1;4@5=1;4@9=1;5@1=1;5@3=1;5@8=1,"1,6,2,5,9,3,8",8,8,8,0,1.0,0.2759415224904962,1.0,0.08001471930051776,0.0,0.059648735250409174,0.6,6.204687833786011,Optimal
130,129,10,4,6,"ADD:2,4;ADD:2,8;ADD:4,1;ADD:5,0;REMOVE:2,1;REMOVE:2,6;REMOVE:4,5;REMOVE:4,9;REMOVE:5,3;REMOVE:5,8",0:-;1:-;2:1|6;3:-;4:5|9;5:3|8;6:-;7:-;8:-;9:-,0:-;1:-;2:4|8;3:-;4:1;5:0;6:-;7:-;8:-;9:-,2@4=1;2@8=1;4@1=1;5@0=1,"4,8,1,0",4,4,4,0,1.0,0.4883407241153165,1.0,0.09614093597200579,0.0,0.05713987668855903,0.4,2.512604236602783,Optimal
131,130,6,2,4,"ADD:1,5;ADD:2,6;REMOVE:2,4;REMOVE:2,8;REMOVE:4,1;REMOVE:5,0",0:-;1:-;2:4|8;3:-;4:1;5:0;6:-;7:-;8:-;9:-,0:-;1:5;2:6;3:-;4:-;5:-;6:-;7:-;8:-;9:-,1@2=1;1@3=1;2@6=1,"2,3,6",3,3,3,0,1.0,0.6234102827387866,1.0,0.029262853423483278,0.0,0.0,0.2,1.7391018867492676,Optimal
132,131,4,2,2,"ADD:1,0;ADD:5,7;REMOVE:1,5;REMOVE:2,6",0:-;1:5;2:6;3:-;4:-;5:-;6:-;7:-;8:-;9:-,0:-;1:0;2:-;3:-;4:-;5:7;6:-;7:-;8:-;9:-,1@5=1;1@7=1;5@0=1;5@1=1;5@2=1,"5,7,0,1,2",5,5,5,0,1.0,0.6000000000000001,1.0,0.0,0.0,0.0,0.2,0.35953593254089355,Optimal
133,132,5,3,2,"ADD:1,9;ADD:5,6;ADD:6,5;REMOVE:1,0;REMOVE:5,7",0:-;1:0;2:-;3:-;4:-;5:7;6:-;7:-;8:-;9:-,0:-;1:9;2:-;3:-;4:-;5:6;6:5;7:-;8:-;9:-,1@2=1;1@3=1;5@4=1;5@9=1;6@5=1,"2,3,4,9,5",5,5,5,0,1.0,0.517175480587653,1.0,0.0214693507345663,0.0,0.0,0.30000000000000004,1.9877917766571045,Optimal
134,133,7,4,3,"ADD:1,0;ADD:1,4;ADD:2,2;ADD:6,3;REMOVE:1,9;REMOVE:5,6;REMOVE:6,5",0:-;1:9;2:-;3:-;4:-;5:6;6:5;7:-;8:-;9:-,0:-;1:0|4;2:2;3:-;4:-;5:-;6:3;7:-;8:-;9:-,1@0=1;1@4=1;2@2=1;6@3=1,"0,4,2,3",4,4,4,0,1.0,0.49462833007739904,1.0,0.10265793868468151,0.0,0.06250989564826866,0.4,1.4285259246826172,Optimal
135,134,14,10,4,"ADD:0,2;ADD:1,2;ADD:1,7;ADD:2,1;ADD:3,2;ADD:3,4;ADD:4,4;ADD:5,0;ADD:6,5;ADD:6,7;REMOVE:1,0;REMOVE:1,4;REMOVE:2,2;REMOVE:6,3",0:-;1:0|4;2:2;3:-;4:-;5:-;6:3;7:-;8:-;9:-,0:2;1:2|7;2:1;3:2|4;4:4;5:0;6:5|7;7:-;8:-;9:-,0@2=1;1@2=1;1@4=1;2@1=2;3@2=1;3@4=1;4@4=1;5@0=1;6@3=1;6@8=1,"2,4,1,0,3,8",11,10,10,0,1.0,-0.1339885151785173,1.0,0.0718848495016408,0.0,0.04251802610084961,0.9999999999999999,5.538718938827515,Optimal
136,135,14,6,8,"ADD:1,1;ADD:2,4;ADD:4,0;ADD:5,1;ADD:5,3;ADD:5,4;REMOVE:0,2;REMOVE:1,7;REMOVE:2,1;REMOVE:3,2;REMOVE:3,4;REMOVE:5,0;REMOVE:6,5;REMOVE:6,7",0:2;1:2|7;2:1;3:2|4;4:4;5:0;6:5|7;7:-;8:-;9:-,0:-;1:1|2;2:4;3:-;4:0|4;5:1|3|4;6:-;7:-;8:-;9:-,1@1=1;1@2=1;1@3=1;1@8=1;2@4=1;4@0=1;4@7=1;5@1=1;5@3=1;5@4=1,"1,2,3,8,4,0,7",10,10,10,0,1.0,0.10735511477339532,0.8,0.07252336944820309,0.0,0.04668209607416363,0.6,8.228560209274292,Optimal
137,136,12,4,8,"ADD:1,8;ADD:2,2;ADD:4,1;ADD:5,9;REMOVE:1,1;REMOVE:1,2;REMOVE:2,4;REMOVE:4,0;REMOVE:4,4;REMOVE:5,1;REMOVE:5,3;REMOVE:5,4",0:-;1:1|2;2:4;3:-;4:0|4;5:1|3|4;6:-;7:-;8:-;9:-,0:-;1:8;2:2;3:-;4:1;5:9;6:-;7:-;8:-;9:-,1@8=1;2@2=1;4@1=1;5@9=1,"8,2,1,9",4,4,4,0,1.0,0.4897719828628444,1.0,0.0973347678058141,0.0,0.059520843090965406,0.4,0.8108680248260498,Optimal
138,137,9,5,4,"ADD:1,6;ADD:1,9;ADD:3,7;ADD:4,0;ADD:5,4;REMOVE:1,8;REMOVE:2,2;REMOVE:4,1;REMOVE:5,9",0:-;1:8;2:2;3:-;4:1;5:9;6:-;7:-;8:-;9:-,0:-;1:6|9;2:-;3:7;4:0;5:4;6:-;7:-;8:-;9:-,1@6=1;1@9=1;3@7=1;4@0=1;5@4=1,"6,9,7,0,4",5,5,5,0,1.0,0.40167107568021343,1.0,0.10895886848492399,0.0,0.07251990446137063,0.5,2.464035749435425,Optimal
139,138,9,4,5,"ADD:1,0;ADD:1,4;ADD:4,5;ADD:6,1;REMOVE:1,6;REMOVE:1,9;REMOVE:3,7;REMOVE:4,0;REMOVE:5,4",0:-;1:6|9;2:-;3:7;4:0;5:4;6:-;7:-;8:-;9:-,0:-;1:0|4;2:-;3:-;4:5;5:-;6:1;7:-;8:-;9:-,1@0=1;1@2=1;1@4=1;4@5=1;6@1=1,"0,2,4,5,1",5,5,5,0,1.0,0.4652749138465577,1.0,0.07026483648198942,0.0,0.045315223304831134,0.4,1.7209420204162598,Optimal
140,139,6,2,4,"ADD:2,7;ADD:7,8;REMOVE:1,0;REMOVE:1,4;REMOVE:4,5;REMOVE:6,1",0:-;1:0|4;2:-;3:-;4:5;5:-;6:1;7:-;8:-;9:-,0:-;1:-;2:7;3:-;4:-;5:-;6:-;7:8;8:-;9:-,2@7=1;7@8=1,"7,8",2,2,2,0,1.0,0.687573146048982,1.0,0.099894562417934,0.0,0.03828748057317365,0.2,0.5819473266601562,Optimal
141,140,4,2,2,"ADD:1,5;ADD:2,4;REMOVE:2,7;REMOVE:7,8",0:-;1:-;2:7;3:-;4:-;5:-;6:-;7:8;8:-;9:-,0:-;1:5;2:4;3:-;4:-;5:-;6:-;7:-;8:-;9:-,1@2=1;1@3=1;1@8=1;2@4=1,"2,3,8,4",4,4,4,0,1.0,0.6194299078317256,1.0,0.024287384789656963,0.0,0.0,0.2,1.1006240844726562,Optimal
142,141,7,5,2,"ADD:1,2;ADD:1,9;ADD:2,3;ADD:3,7;ADD:5,0;REMOVE:1,5;REMOVE:2,4",0:-;1:5;2:4;3:-;4:-;5:-;6:-;7:-;8:-;9:-,0:-;1:2|9;2:3;3:7;4:-;5:0;6:-;7:-;8:-;9:-,1@2=1;1@9=1;2@3=1;3@7=1;5@0=1,"2,9,3,7,0",5,5,5,0,1.0,0.3990577361411517,1.0,0.10582861084993446,0.0,0.0719742373060206,0.5,2.7012250423431396,Optimal
143,142,7,2,5,"ADD:1,7;ADD:4,8;REMOVE:1,2;REMOVE:1,9;REMOVE:2,3;REMOVE:3,7;REMOVE:5,0",0:-;1:2|9;2:3;3:7;4:-;5:0;6:-;7:-;8:-;9:-,0:-;1:7;2:-;3:-;4:8;5:-;6:-;7:-;8:-;9:-,1@6=1;1@8=1;4@8=1,"6,8",3,3,3,0,1.0,0.6319990417460675,1.0,0.03999880218258442,0.0,0.0,0.2,0.8789467811584473,Optimal
144,143,5,3,2,"ADD:1,3;ADD:2,0;ADD:6,7;REMOVE:1,7;REMOVE:4,8",0:-;1:7;2:-;3:-;4:8;5:-;6:-;7:-;8:-;9:-,0:-;1:3;2:0;3:-;4:-;5:-;6:7;7:-;8:-;9:-,1@3=1;2@2=1;2@5=1;6@3=1;6@2=1,"3,2,5",5,5,5,0,1.0,0.5138942842543225,1.0,0.01736785531790316,0.0,0.0,0.30000000000000004,1.6708543300628662,Optimal
145,144,5,2,3,"ADD:2,7;ADD:4,4;REMOVE:1,3;REMOVE:2,0;REMOVE:6,7",0:-;1:3;2:0;3:-;4:-;5:-;6:7;7:-;8:-;9:-,0:-;1:-;2:7;3:-;4:4;5:-;6:-;7:-;8:-;9:-,2@0=1;2@8=1;4@4=1,"0,8,4",3,3,3,0,1.0,0.630805655683842,1.0,0.03850706960480237,0.0,0.0,0.2,0.7319509983062744,Optimal
146,145,3,1,2,"ADD:4,1;REMOVE:2,7;REMOVE:4,4",0:-;1:-;2:7;3:-;4:4;5:-;6:-;7:-;8:-;9:-,0:-;1:-;2:-;3:-;4:1;5:-;6:-;7:-;8:-;9:-,4@1=1,1,1,1,1,0,1.0,0.7958378142905848,1.0,0.11979726786323079,0.0,0.0,0.1,0.32717418670654297,Optimal
147,146,6,5,1,"ADD:1,4;ADD:2,5;ADD:2,9;ADD:4,4;ADD:5,2;REMOVE:4,1",0:-;1:-;2:-;3:-;4:1;5:-;6:-;7:-;8:-;9:-,0:-;1:4;2:5|9;3:-;4:4;5:2;6:-;7:-;8:-;9:-,1@4=1;2@5=1;2@9=1;4@4=1;5@2=1,"4,5,9,2",5,5,5,0,1.0,0.38814748733733784,1.0,0.09861875598219445,0.0,0.046262412757911056,0.5,1.5378012657165527,Optimal
148,147,10,5,5,"ADD:1,0;ADD:1,2;ADD:1,6;ADD:5,1;ADD:6,0;REMOVE:1,4;REMOVE:2,5;REMOVE:2,9;REMOVE:4,4;REMOVE:5,2",0:-;1:4;2:5|9;3:-;4:4;5:2;6:-;7:-;8:-;9:-,0:-;1:0|2|6;2:-;3:-;4:-;5:1;6:0;7:-;8:-;9:-,1@0=1;1@2=1;1@6=2;5@1=1;6@0=1,"0,2,6,1",6,5,5,0,1.0,0.3886731172730007,1.0,0.09738990985128174,0.0,0.053805946959876186,0.5,3.2878427505493164,Optimal
149,148,10,5,5,"ADD:2,0;ADD:2,6;ADD:4,7;ADD:5,4;ADD:5,9;REMOVE:1,0;REMOVE:1,2;REMOVE:1,6;REMOVE:5,1;REMOVE:6,0",0:-;1:0|2|6;2:-;3:-;4:-;5:1;6:0;7:-;8:-;9:-,0:-;1:-;2:0|6;3:-;4:7;5:4|9;6:-;7:-;8:-;9:-,2@0=1;2@6=1;4@7=1;5@2=1;5@4=1;5@9=1,"0,6,7,2,4,9",6,6,6,0,1.0,0.37979313305440177,1.0,0.08566554522250776,0.0,0.056303484381977416,0.5,2.0542571544647217,Optimal
150,149,9,4,5,"ADD:1,4;ADD:1,6;ADD:2,4;ADD:4,1;REMOVE:2,0;REMOVE:2,6;REMOVE:4,7;REMOVE:5,4;REMOVE:5,9",0:-;1:-;2:0|6;3:-;4:7;5:4|9;6:-;7:-;8:-;9:-,0:-;1:4|6;2:4;3:-;4:1;5:-;6:-;7:-;8:-;9:-,1@4=1;1@6=1;2@4=1;4@1=1,"4,6,1",4,4,4,0,1.0,0.4872238697853106,1.0,0.09921882852493555,0.0,0.039244034826811054,0.4,1.6722822189331055,Optimal
151,150,11,7,4,"ADD:1,2;ADD:1,8;ADD:2,5;ADD:4,7;ADD:4,9;ADD:5,2;ADD:6,4;REMOVE:1,4;REMOVE:1,6;REMOVE:2,4;REMOVE:4,1",0:-;1:4|6;2:4;3:-;4:1;5:-;6:-;7:-;8:-;9:-,0:-;1:2|8;2:5;3:-;4:7|9;5:2;6:4;7:-;8:-;9:-,1@2=1;1@8=1;2@5=1;4@1=1;4@7=1;4@9=1;5@2=1;6@4=1,"2,8,5,1,7,9,4",8,8,8,0,1.0,0.1854871557891229,1.0,0.0919827697000046,0.0,0.059504700145595404,0.7,5.4718780517578125,Optimal
152,151,10,5,5,"ADD:1,1;ADD:2,1;ADD:3,5;ADD:4,2;ADD:5,8;REMOVE:1,8;REMOVE:2,5;REMOVE:4,7;REMOVE:4,9;REMOVE:5,2",0:-;1:2|8;2:5;3:-;4:7|9;5:2;6:4;7:-;8:-;9:-,0:-;1:1|2;2:1;3:5;4:2;5:8;6:4;7:-;8:-;9:-,1@1=1;1@2=1;2@1=1;3@5=2;4@2=1;5@8=1;6@4=1,"1,2,5,8,4",8,7,7,0,1.0,0.1653130712597466,0.7142857142857143,0.10082428026602896,0.0,0.06612537809175974,0.5,7.15754508972168,Optimal
153,152,9,2,7,"ADD:1,7;ADD:4,7;REMOVE:1,1;REMOVE:1,2;REMOVE:2,1;REMOVE:3,5;REMOVE:4,2;REMOVE:5,8;REMOVE:6,4",0:-;1:1|2;2:1;3:5;4:2;5:8;6:4;7:-;8:-;9:-,0:-;1:7;2:-;3:-;4:7;5:-;6:-;7:-;8:-;9:-,1@0=1;1@1=1;4@3=1;4@4=1,"0,1,3,4",4,4,4,0,1.0,0.6000000000000001,1.0,0.0,0.0,0.0,0.2,0.3862779140472412,Optimal
154,153,11,9,2,"ADD:1,2;ADD:1,6;ADD:2,4;ADD:2,8;ADD:3,9;ADD:5,5;ADD:6,0;ADD:6,4;ADD:6,5;REMOVE:1,7;REMOVE:4,7",0:-;1:7;2:-;3:-;4:7;5:-;6:-;7:-;8:-;9:-,0:-;1:2|6;2:4|8;3:9;4:-;5:5;6:0|4|5;7:-;8:-;9:-,1@4=1;1@6=1;1@7=1;1@8=1;1@9=1;2@4=2;2@8=1;3@9=1;5@5=1;6@4=2;6@5=1;6@0=1,"4,6,7,8,9,5,0",14,12,12,0,1.0,-0.035674620288315584,1.0,0.07113288698229071,0.0,0.037095350629258866,0.8999999999999999,6.507575035095215,Optimal
155,154,12,3,9,"ADD:1,7;ADD:2,7;ADD:4,7;REMOVE:1,2;REMOVE:1,6;REMOVE:2,4;REMOVE:2,8;REMOVE:3,9;REMOVE:5,5;REMOVE:6,0;REMOVE:6,4;REMOVE:6,5",0:-;1:2|6;2:4|8;3:9;4:-;5:5;6:0|4|5;7:-;8:-;9:-,0:-;1:7;2:7;3:-;4:7;5:-;6:-;7:-;8:-;9:-,1@0=1;1@8=1;1@9=1;2@0=1;2@1=1;2@2=1;4@0=1;4@2=1;4@3=1,"0,8,9,1,2,3",9,9,9,0,1.0,0.5,1.0,0.0,0.0,0.0,0.30000000000000004,1.0130839347839355,Optimal
156,155,6,3,3,"ADD:1,1;ADD:1,2;ADD:4,6;REMOVE:1,7;REMOVE:2,7;REMOVE:4,7",0:-;1:7;2:7;3:-;4:7;5:-;6:-;7:-;8:-;9:-,0:-;1:1|2;2:-;3:-;4:6;5:-;6:-;7:-;8:-;9:-,1@1=2;1@2=1;1@7=1;1@8=1;4@6=1,"1,2,7,8,6",6,5,5,0,1.0,0.5563558439072456,1.0,0.06475382160023344,0.0,0.022763933135294158,0.30000000000000004,1.3459341526031494,Optimal
157,156,4,1,3,"ADD:4,1;REMOVE:1,1;REMOVE:1,2;REMOVE:4,6",0:-;1:1|2;2:-;3:-;4:6;5:-;6:-;7:-;8:-;9:-,0:-;1:-;2:-;3:-;4:1;5:-;6:-;7:-;8:-;9:-,4@1=2,1,2,1,1,0,1.0,0.7713943875635825,1.0,0.08924298445447798,0.0,0.0,0.1,0.38030099868774414,Optimal
158,157,4,3,1,"ADD:1,0;ADD:2,0;ADD:4,2;REMOVE:4,1",0:-;1:-;2:-;3:-;4:1;5:-;6:-;7:-;8:-;9:-,0:-;1:0;2:0;3:-;4:2;5:-;6:-;7:-;8:-;9:-,1@0=2;2@0=1;4@2=1,"0,2",4,3,3,0,1.0,0.5752475509900159,1.0,0.0891252218171817,0.0,0.019736867681352938,0.30000000000000004,0.44088292121887207,Optimal
159,158,5,2,3,"ADD:2,2;ADD:4,7;REMOVE:1,0;REMOVE:2,0;REMOVE:4,2",0:-;1:0;2:0;3:-;4:2;5:-;6:-;7:-;8:-;9:-,0:-;1:-;2:2;3:-;4:7;5:-;6:-;7:-;8:-;9:-,2@2=1;4@7=1,"2,7",2,2,2,0,1.0,0.6792073528988634,1.0,0.09009278333354234,0.0,0.03566563116014773,0.2,0.41724109649658203,Optimal
160,159,7,5,2,"ADD:1,2;ADD:1,8;ADD:2,7;ADD:4,3;ADD:4,5;REMOVE:2,2;REMOVE:4,7",0:-;1:-;2:2;3:-;4:7;5:-;6:-;7:-;8:-;9:-,0:-;1:2|8;2:7;3:-;4:3|5;5:-;6:-;7:-;8:-;9:-,1@2=1;1@5=1;1@8=1;2@7=1;4@5=1;4@3=1,"2,5,8,7,3",6,6,6,0,1.0,0.37960747198524725,1.0,0.08484559951302169,0.0,0.05865496187414908,0.5,2.8456780910491943,Optimal
161,160,13,8,5,"ADD:1,3;ADD:1,4;ADD:1,6;ADD:2,2;ADD:2,3;ADD:4,0;ADD:4,2;ADD:6,1;REMOVE:1,2;REMOVE:1,8;REMOVE:2,7;REMOVE:4,3;REMOVE:4,5",0:-;1:2|8;2:7;3:-;4:3|5;5:-;6:-;7:-;8:-;9:-,0:-;1:3|4|6;2:2|3;3:-;4:0|2;5:-;6:1;7:-;8:-;9:-,1@3=1;1@4=1;1@6=1;1@8=1;2@3=1;2@7=2;4@0=1;4@5=1;6@1=1,"3,4,6,8,7,0,5,1",10,9,9,0,1.0,0.05574760016790492,1.0,0.061397870660123824,0.0,0.033146518199028065,0.7999999999999999,11.167104959487915,Optimal
162,161,11,4,7,"ADD:1,9;ADD:2,1;ADD:4,4;ADD:4,9;REMOVE:1,3;REMOVE:1,4;REMOVE:1,6;REMOVE:2,3;REMOVE:4,0;REMOVE:4,2;REMOVE:6,1",0:-;1:3|4|6;2:2|3;3:-;4:0|2;5:-;6:1;7:-;8:-;9:-,0:-;1:9;2:1|2;3:-;4:4|9;5:-;6:-;7:-;8:-;9:-,1@9=2;2@1=1;2@2=1;4@9=1;4@4=2,"9,1,2,4",7,5,5,0,1.0,0.3932120017269315,0.875,0.1043721079017023,0.0,0.04857157702784806,0.4,3.418276071548462,Optimal
163,162,7,2,5,"ADD:1,7;ADD:5,3;REMOVE:1,9;REMOVE:2,1;REMOVE:2,2;REMOVE:4,4;REMOVE:4,9",0:-;1:9;2:1|2;3:-;4:4|9;5:-;6:-;7:-;8:-;9:-,0:-;1:7;2:-;3:-;4:-;5:3;6:-;7:-;8:-;9:-,1@9=1;5@3=1,"9,3",2,2,2,0,1.0,0.6344278267157564,1.0,0.04303478339469529,0.0,0.0,0.2,0.5991110801696777,Optimal
164,163,8,6,2,"ADD:1,3;ADD:1,6;ADD:2,4;ADD:4,0;ADD:5,0;ADD:5,2;REMOVE:1,7;REMOVE:5,3",0:-;1:7;2:-;3:-;4:-;5:3;6:-;7:-;8:-;9:-,0:-;1:3|6;2:4;3:-;4:0;5:0|2;6:-;7:-;8:-;9:-,1@1=1;1@3=1;1@6=1;1@9=1;2@4=1;4@0=1;5@0=1;5@2=1,"1,3,6,9,4,0,2",8,8,8,0,1.0,0.2699735267305111,1.0,0.07615524729964368,0.0,0.04524664445398056,0.6,4.680269002914429,Optimal
165,164,13,7,6,"ADD:1,1;ADD:1,9;ADD:2,7;ADD:3,7;ADD:5,3;ADD:5,9;ADD:6,6;REMOVE:1,3;REMOVE:1,6;REMOVE:2,4;REMOVE:4,0;REMOVE:5,0;REMOVE:5,2",0:-;1:3|6;2:4;3:-;4:0;5:0|2;6:-;7:-;8:-;9:-,0:-;1:1|9;2:7;3:7;4:-;5:3|9;6:6;7:-;8:-;9:-,1@1=1;1@7=1;1@9=1;2@7=1;3@7=1;5@9=1;5@3=1;6@6=1,"1,7,9,3,6",8,8,8,0,1.0,0.18536979675368637,1.0,0.09193382827755217,0.0,0.05911367065822268,0.7,3.9659881591796875,Optimal
166,165,11,4,7,"ADD:2,2;ADD:4,7;ADD:5,4;ADD:5,8;REMOVE:1,1;REMOVE:1,9;REMOVE:2,7;REMOVE:3,7;REMOVE:5,3;REMOVE:5,9;REMOVE:6,6",0:-;1:1|9;2:7;3:7;4:-;5:3|9;6:6;7:-;8:-;9:-,0:-;1:-;2:2;3:-;4:7;5:4|8;6:-;7:-;8:-;9:-,2@2=2;4@7=1;5@4=1;5@8=1,"2,7,4,8",5,4,4,0,1.0,0.4853672569184202,1.0,0.09358792396861328,0.0,0.052484588717647836,0.4,2.8109688758850098,Optimal
167,166,7,3,4,"ADD:0,8;ADD:1,7;ADD:2,0;REMOVE:2,2;REMOVE:4,7;REMOVE:5,4;REMOVE:5,8",0:-;1:-;2:2;3:-;4:7;5:4|8;6:-;7:-;8:-;9:-,0:8;1:7;2:0;3:-;4:-;5:-;6:-;7:-;8:-;9:-,0@8=1;1@2=1;1@9=1;2@2=1,"8,2,9",4,4,4,0,1.0,0.520893459784691,1.0,0.026116824730863814,0.0,0.0,0.30000000000000004,1.6550359725952148,Optimal
168,167,9,6,3,"ADD:1,4;ADD:2,2;ADD:4,4;ADD:4,7;ADD:5,6;ADD:6,9;REMOVE:0,8;REMOVE:1,7;REMOVE:2,0",0:8;1:7;2:0;3:-;4:-;5:-;6:-;7:-;8:-;9:-,0:-;1:4;2:2;3:-;4:4|7;5:6;6:9;7:-;8:-;9:-,1@4=1;2@2=1;4@4=1;4@7=2;5@6=1;6@9=1,"4,2,7,6,9",7,6,6,0,1.0,0.2899875828378148,1.0,0.09738342828069362,0.0,0.060404201066299026,0.6,3.492576837539673,Optimal
169,168,15,9,6,"ADD:1,2;ADD:1,7;ADD:2,4;ADD:3,5;ADD:4,2;ADD:4,8;ADD:5,3;ADD:5,8;ADD:6,2;REMOVE:1,4;REMOVE:2,2;REMOVE:4,4;REMOVE:4,7;REMOVE:5,6;REMOVE:6,9",0:-;1:4;2:2;3:-;4:4|7;5:6;6:9;7:-;8:-;9:-,0:-;1:2|7;2:4;3:5;4:2|8;5:3|8;6:2;7:-;8:-;9:-,1@4=2;1@7=1;2@4=1;3@5=1;4@4=1;4@2=2;5@3=1;5@8=1;6@2=1,"4,7,5,2,3,8",11,9,9,0,1.0,-0.03295118165081923,1.0,0.07294689234644093,0.0,0.043456522360139395,0.8999999999999999,7.185734033584595,Optimal
170,169,14,6,8,"ADD:1,4;ADD:2,0;ADD:2,1;ADD:2,8;ADD:4,5;ADD:6,3;REMOVE:1,2;REMOVE:1,7;REMOVE:2,4;REMOVE:4,2;REMOVE:4,8;REMOVE:5,3;REMOVE:5,8;REMOVE:6,2",0:-;1:2|7;2:4;3:5;4:2|8;5:3|8;6:2;7:-;8:-;9:-,0:-;1:4;2:0|1|8;3:5;4:5;5:-;6:3;7:-;8:-;9:-,1@4=1;2@0=1;2@1=1;2@2=1;2@8=1;3@5=1;4@5=1;6@3=1,"4,0,1,2,8,5,3",8,8,8,0,1.0,0.19010024095424216,0.8888888888888888,0.08500432961199915,0.0,0.05492833076765838,0.6,4.500135898590088,Optimal
171,170,15,8,7,"ADD:1,7;ADD:1,8;ADD:2,2;ADD:2,7;ADD:4,2;ADD:4,4;ADD:5,4;ADD:7,8;REMOVE:1,4;REMOVE:2,0;REMOVE:2,1;REMOVE:2,8;REMOVE:3,5;REMOVE:4,5;REMOVE:6,3",0:-;1:4;2:0|1|8;3:5;4:5;5:-;6:3;7:-;8:-;9:-,0:-;1:7|8;2:2|7;3:-;4:2|4;5:4;6:-;7:8;8:-;9:-,1@1=1;1@2=1;1@4=2;1@8=1;2@4=1;2@0=1;2@9=1;4@2=1;4@4=2;5@4=2;7@8=1,"1,2,4,8,0,9",14,11,11,0,1.0,0.04153244280251722,1.0,0.04797254243122797,0.0,0.015772044287673346,0.7999999999999999,3.4404029846191406,Optimal
172,171,10,4,6,"ADD:0,4;ADD:2,6;ADD:4,9;ADD:6,9;REMOVE:2,2;REMOVE:2,7;REMOVE:4,2;REMOVE:4,4;REMOVE:5,4;REMOVE:7,8",0:-;1:7|8;2:2|7;3:-;4:2|4;5:4;6:-;7:8;8:-;9:-,0:4;1:7|8;2:6;3:-;4:9;5:-;6:9;7:-;8:-;9:-,0@4=1;1@7=1;1@8=1;2@6=1;4@9=1;6@9=1,"4,7,8,6,9",6,6,6,0,1.0,0.2994467729876503,0.75,0.10436263404177683,0.0,0.07978332877114405,0.4,2.5122201442718506,Optimal
173,172,7,2,5,"ADD:3,8;ADD:5,9;REMOVE:0,4;REMOVE:1,7;REMOVE:1,8;REMOVE:2,6;REMOVE:6,9",0:4;1:7|8;2:6;3:-;4:9;5:-;6:9;7:-;8:-;9:-,0:-;1:-;2:-;3:8;4:9;5:9;6:-;7:-;8:-;9:-,3@8=1;4@1=1;4@6=1;5@6=1;5@2=1,"8,1,6,2",5,5,5,0,1.0,0.48497240809104997,0.8333333333333334,0.022882176780479085,0.0,0.0,0.2,1.8581619262695312,Optimal
174,173,10,7,3,"ADD:1,1;ADD:1,2;ADD:4,2;ADD:4,7;ADD:5,1;ADD:5,2;ADD:6,9;REMOVE:3,8;REMOVE:4,9;REMOVE:5,9",0:-;1:-;2:-;3:8;4:9;5:9;6:-;7:-;8:-;9:-,0:-;1:1|2;2:-;3:-;4:2|7;5:1|2;6:9;7:-;8:-;9:-,1@1=1;1@2=2;4@2=1;4@9=1;5@1=1;5@2=2;6@9=1,"1,2,9",9,7,7,0,1.0,0.17898961203607688,1.0,0.09141582191284287,0.0,0.029284772529012144,0.7,1.8668220043182373,Optimal
175,174,12,8,4,"ADD:0,1;ADD:1,4;ADD:1,9;ADD:2,7;ADD:2,9;ADD:4,8;ADD:5,4;ADD:6,3;REMOVE:1,1;REMOVE:1,2;REMOVE:4,2;REMOVE:5,2",0:-;1:1|2;2:-;3:-;4:2|7;5:1|2;6:9;7:-;8:-;9:-,0:1;1:4|9;2:7|9;3:-;4:7|8;5:1|4;6:3|9;7:-;8:-;9:-,0@1=1;1@4=1;1@9=2;2@9=1;2@7=2;4@1=1;4@4=1;4@2=1;5@4=3;5@7=1;6@1=1;6@3=1,"1,4,9,7,2,3",16,12,12,0,1.0,-0.21820152253893887,0.5714285714285714,0.07391790830086191,0.2857142857142857,0.041892182673286614,0.7999999999999999,4.391722917556763,Optimal
176,175,6,1,5,"ADD:6,0;REMOVE:0,1;REMOVE:5,1;REMOVE:5,4;REMOVE:6,3;REMOVE:6,9",0:1;1:4|9;2:7|9;3:-;4:7|8;5:1|4;6:3|9;7:-;8:-;9:-,0:-;1:4|9;2:7|9;3:-;4:7|8;5:-;6:0;7:-;8:-;9:-,1@2=1;1@7=1;1@9=1;2@2=1;2@7=1;2@9=1;4@1=1;4@8=1;6@0=1,"2,7,9,1,8,0",9,9,9,0,1.0,0.33181814684188826,0.45454545454545453,0.05521223623314502,0.09090909090909091,0.029150880185952133,0.1,3.4846317768096924,Optimal
177,176,7,1,6,"ADD:1,5;REMOVE:1,4;REMOVE:1,9;REMOVE:2,7;REMOVE:2,9;REMOVE:4,7;REMOVE:6,0",0:-;1:4|9;2:7|9;3:-;4:7|8;5:-;6:0;7:-;8:-;9:-,0:-;1:5;2:-;3:-;4:8;5:-;6:-;7:-;8:-;9:-,1@0=1;1@2=1;1@8=1;4@8=1,"0,2,8",4,4,4,0,1.0,0.6044874458544534,0.8571428571428571,0.02346645017520949,0.0,0.0,0.1,0.7104430198669434,Optimal
178,177,7,5,2,"ADD:1,2;ADD:4,2;ADD:4,5;ADD:5,2;ADD:5,7;REMOVE:1,5;REMOVE:4,8",0:-;1:5;2:-;3:-;4:8;5:-;6:-;7:-;8:-;9:-,0:-;1:2;2:-;3:-;4:2|5;5:2|7;6:-;7:-;8:-;9:-,1@2=1;4@0=1;4@5=1;4@8=1;5@2=1;5@7=1,"2,0,5,8,7",6,6,6,0,1.0,0.3598010385476066,1.0,0.0677447701138825,0.0,0.028026112282502576,0.5,3.532048225402832,Optimal
179,178,8,4,4,"ADD:1,1;ADD:1,4;ADD:5,4;ADD:5,6;REMOVE:1,2;REMOVE:4,5;REMOVE:5,2;REMOVE:5,7",0:-;1:2;2:-;3:-;4:2|5;5:2|7;6:-;7:-;8:-;9:-,0:-;1:1|4;2:-;3:-;4:2;5:4|6;6:-;7:-;8:-;9:-,1@1=1;1@4=2;1@8=1;4@2=1;5@4=1;5@6=1,"1,4,8,2,6",7,6,6,0,1.0,0.31129470043833785,0.8,0.08107063721999697,0.0,0.03219095331170078,0.4,2.9479877948760986,Optimal
180,179,6,1,5,"ADD:4,6;REMOVE:1,1;REMOVE:1,4;REMOVE:4,2;REMOVE:5,4;REMOVE:5,6",0:-;1:1|4;2:-;3:-;4:2;5:4|6;6:-;7:-;8:-;9:-,0:-;1:-;2:-;3:-;4:6;5:-;6:-;7:-;8:-;9:-,4@1=1;4@8=1,"1,8",2,2,2,0,1.0,0.7000000000000001,1.0,0.0,0.0,0.0,0.1,0.49384498596191406,Optimal
181,180,4,3,1,"ADD:1,7;ADD:2,5;ADD:5,2;REMOVE:4,6",0:-;1:-;2:-;3:-;4:6;5:-;6:-;7:-;8:-;9:-,0:-;1:7;2:5;3:-;4:-;5:2;6:-;7:-;8:-;9:-,1@0=1;1@2=1;1@6=1;2@2=1;2@3=1;5@2=1,"0,2,6,3",6,6,6,0,1.0,0.5109398637069582,1.0,0.013674829633697616,0.0,0.0,0.30000000000000004,0.8993279933929443,Optimal
182,181,9,6,3,"ADD:2,9;ADD:4,3;ADD:4,8;ADD:5,8;ADD:5,9;ADD:6,1;REMOVE:1,7;REMOVE:2,5;REMOVE:5,2",0:-;1:7;2:5;3:-;4:-;5:2;6:-;7:-;8:-;9:-,0:-;1:-;2:9;3:-;4:3|8;5:8|9;6:1;7:-;8:-;9:-,2@9=1;4@3=1;4@5=1;4@8=1;5@9=1;5@8=2;6@1=1,"9,3,5,8,1",8,7,7,0,1.0,0.2821473432777064,1.0,0.09085328236974885,0.0,0.0473235869095368,0.6,2.7854628562927246,Optimal
183,182,12,6,6,"ADD:2,4;ADD:3,2;ADD:4,7;ADD:5,6;ADD:5,7;ADD:6,4;REMOVE:2,9;REMOVE:4,3;REMOVE:4,8;REMOVE:5,8;REMOVE:5,9;REMOVE:6,1",0:-;1:-;2:9;3:-;4:3|8;5:8|9;6:1;7:-;8:-;9:-,0:-;1:-;2:4;3:2;4:7;5:6|7;6:4;7:-;8:-;9:-,2@4=1;3@2=1;4@7=1;5@6=1;5@8=2;6@4=1,"4,2,7,6,8",7,6,6,0,1.0,0.26256447562874485,1.0,0.07009439600355505,0.0,0.032444794129504156,0.6,1.9029419422149658,Optimal
184,183,12,6,6,"ADD:0,3;ADD:2,3;ADD:2,8;ADD:4,1;ADD:5,2;ADD:5,4;REMOVE:2,4;REMOVE:3,2;REMOVE:4,7;REMOVE:5,6;REMOVE:5,7;REMOVE:6,4",0:-;1:-;2:4;3:2;4:7;5:6|7;6:4;7:-;8:-;9:-,0:3;1:-;2:3|8;3:-;4:1;5:2|4;6:-;7:-;8:-;9:-,0@3=1;2@3=1;2@2=1;2@8=1;4@1=1;5@2=1;5@4=1,"3,2,8,1,4",7,7,7,0,1.0,0.2804361487536903,1.0,0.08707452281013549,0.0,0.05388265252790884,0.6,2.392199993133545,Optimal
185,184,12,6,6,"ADD:1,7;ADD:5,7;ADD:5,8;ADD:6,1;ADD:6,2;ADD:7,4;REMOVE:0,3;REMOVE:2,3;REMOVE:2,8;REMOVE:4,1;REMOVE:5,2;REMOVE:5,4",0:3;1:-;2:3|8;3:-;4:1;5:2|4;6:-;7:-;8:-;9:-,0:-;1:7;2:-;3:-;4:-;5:7|8;6:1|2;7:4;8:-;9:-,1@7=1;5@7=1;5@2=1;5@6=1;6@2=1;6@1=1;7@4=1,"7,2,6,1,4",7,7,7,0,1.0,0.2655548280424831,1.0,0.0724423756284105,0.0,0.03800463769877289,0.6,3.0626282691955566,Optimal
186,185,11,5,6,"ADD:0,9;ADD:4,1;ADD:5,0;ADD:6,6;ADD:6,7;REMOVE:1,7;REMOVE:5,7;REMOVE:5,8;REMOVE:6,1;REMOVE:6,2;REMOVE:7,4",0:-;1:7;2:-;3:-;4:-;5:7|8;6:1|2;7:4;8:-;9:-,0:9;1:-;2:-;3:-;4:1;5:0;6:6|7;7:-;8:-;9:-,0@9=1;4@1=1;5@0=1;6@1=1;6@4=1;6@6=1,"9,1,0,4,6",6,6,6,0,1.0,0.3573561368373227,1.0,0.06246035587446397,0.0,0.03693926068875786,0.5,1.9143800735473633,Optimal
187,186,6,1,5,"ADD:4,0;REMOVE:0,9;REMOVE:4,1;REMOVE:5,0;REMOVE:6,6;REMOVE:6,7",0:9;1:-;2:-;3:-;4:1;5:0;6:6|7;7:-;8:-;9:-,0:-;1:-;2:-;3:-;4:0;5:-;6:-;7:-;8:-;9:-,4@0=1,0,1,1,1,0,1.0,0.7890491667320602,1.0,0.11131145841507514,0.0,0.0,0.1,0.23376178741455078,Optimal
188,187,3,2,1,"ADD:4,5;ADD:4,8;REMOVE:4,0",0:-;1:-;2:-;3:-;4:0;5:-;6:-;7:-;8:-;9:-,0:-;1:-;2:-;3:-;4:5|8;5:-;6:-;7:-;8:-;9:-,4@0=1;4@1=1;4@3=1;4@7=1,"0,1,3,7",4,4,4,0,1.0,0.6000000000000001,1.0,0.0,0.0,0.0,0.2,1.455798864364624,Optimal
189,188,4,2,2,"ADD:0,4;ADD:4,1;REMOVE:4,5;REMOVE:4,8",0:-;1:-;2:-;3:-;4:5|8;5:-;6:-;7:-;8:-;9:-,0:4;1:-;2:-;3:-;4:1;5:-;6:-;7:-;8:-;9:-,0@4=1;4@1=1,"4,1",2,2,2,0,1.0,0.697013388954631,1.0,0.11172364734169324,0.0,0.038172355406382905,0.2,0.27884984016418457,Optimal
190,189,9,7,2,"ADD:0,3;ADD:1,5;ADD:3,2;ADD:4,2;ADD:5,9;ADD:6,0;ADD:6,4;REMOVE:0,4;REMOVE:4,1",0:4;1:-;2:-;3:-;4:1;5:-;6:-;7:-;8:-;9:-,0:3;1:5;2:-;3:2;4:2;5:9;6:0|4;7:-;8:-;9:-,0@3=1;1@5=1;3@2=1;4@2=2;5@9=1;6@0=1;6@4=1,"3,5,2,9,0,4",8,7,7,0,1.0,0.18730984183132138,1.0,0.0962183063430592,0.0,0.05167598378436939,0.7,1.0593798160552979,Optimal
191,190,11,5,6,"ADD:1,8;ADD:1,9;ADD:2,1;ADD:4,9;ADD:5,7;REMOVE:0,3;REMOVE:1,5;REMOVE:3,2;REMOVE:4,2;REMOVE:5,9;REMOVE:6,0",0:3;1:5;2:-;3:2;4:2;5:9;6:0|4;7:-;8:-;9:-,0:-;1:8|9;2:1;3:-;4:9;5:7;6:4;7:-;8:-;9:-,1@1=1;1@2=1;1@6=1;2@1=1;4@9=1;5@7=1;6@4=2,"1,2,6,9,7,4",8,7,7,0,1.0,0.24440554655500102,0.8571428571428571,0.06578160828149367,0.0,0.030329871077601926,0.5,3.228072166442871,Optimal
192,191,16,10,6,"ADD:1,1;ADD:1,2;ADD:2,8;ADD:2,9;ADD:3,2;ADD:3,6;ADD:4,4;ADD:4,5;ADD:4,6;ADD:5,4;REMOVE:1,8;REMOVE:1,9;REMOVE:2,1;REMOVE:4,9;REMOVE:5,7;REMOVE:6,4",0:-;1:8|9;2:1;3:-;4:9;5:7;6:4;7:-;8:-;9:-,0:-;1:1|2;2:8|9;3:2|6;4:4|5|6;5:4;6:-;7:-;8:-;9:-,1@1=1;1@2=2;1@3=1;1@8=1;2@1=2;2@2=2;2@8=1;3@2=1;3@6=1;3@7=1;4@6=1;4@4=1;4@5=1;5@4=1,"1,2,3,8,6,7,4,5",17,14,14,0,1.0,-0.14386466651779672,1.0,0.060531224128487174,0.0,0.03855177089706696,0.9999999999999999,3.874650716781616,Optimal
193,192,14,5,9,"ADD:1,3;ADD:2,5;ADD:4,8;ADD:5,1;ADD:5,3;REMOVE:1,1;REMOVE:1,2;REMOVE:2,8;REMOVE:2,9;REMOVE:3,6;REMOVE:4,4;REMOVE:4,5;REMOVE:4,6;REMOVE:5,4",0:-;1:1|2;2:8|9;3:2|6;4:4|5|6;5:4;6:-;7:-;8:-;9:-,0:-;1:3;2:5;3:2;4:8;5:1|3;6:-;7:-;8:-;9:-,1@3=1;2@5=1;3@2=1;4@8=1;5@3=1;5@1=1,"3,5,2,8,1",6,6,6,0,1.0,0.3139896861812953,0.9,0.10164121509748077,0.0,0.06338357051655356,0.5,3.8945138454437256,Optimal
194,193,10,4,6,"ADD:1,1;ADD:2,1;ADD:4,6;ADD:5,8;REMOVE:1,3;REMOVE:2,5;REMOVE:3,2;REMOVE:4,8;REMOVE:5,1;REMOVE:5,3",0:-;1:3;2:5;3:2;4:8;5:1|3;6:-;7:-;8:-;9:-,0:-;1:1;2:1;3:-;4:6;5:8;6:-;7:-;8:-;9:-,1@1=1;2@1=1;4@6=1;5@8=1,"1,6,8",4,4,4,0,1.0,0.49192500448847076,1.0,0.10543299378158913,0.0,0.03789304731599661,0.4,0.4331352710723877,Optimal
195,194,10,7,3,"ADD:0,5;ADD:0,8;ADD:1,0;ADD:2,6;ADD:2,9;ADD:6,4;ADD:6,7;REMOVE:1,1;REMOVE:2,1;REMOVE:5,8",0:-;1:1;2:1;3:-;4:6;5:8;6:-;7:-;8:-;9:-,0:5|8;1:0;2:6|9;3:-;4:6;5:-;6:4|7;7:-;8:-;9:-,0@5=1;0@8=1;1@0=1;2@1=1;2@9=1;4@6=1;6@4=1;6@7=1,"5,8,0,1,9,6,4,7",8,8,8,0,1.0,-0.012670029507191316,0.75,0.09145867624878119,0.0,0.07081514746891798,0.7,5.079680919647217,Optimal
196,195,14,8,6,"ADD:1,1;ADD:1,3;ADD:2,0;ADD:4,8;ADD:4,9;ADD:5,2;ADD:5,8;ADD:6,5;REMOVE:0,5;REMOVE:0,8;REMOVE:2,6;REMOVE:2,9;REMOVE:4,6;REMOVE:6,7",0:5|8;1:0;2:6|9;3:-;4:6;5:-;6:4|7;7:-;8:-;9:-,0:-;1:0|1|3;2:0;3:-;4:8|9;5:2|8;6:4|5;7:-;8:-;9:-,1@0=1;1@1=2;1@3=1;2@0=1;4@8=1;4@9=1;5@8=1;5@2=1;6@4=1;6@5=1,"0,1,3,8,9,2,4,5",11,10,10,0,1.0,-0.09972731984994576,0.75,0.10567471368786603,0.0,0.07866454599880629,0.7999999999999999,6.305843114852905,Optimal
197,196,12,5,7,"ADD:0,0;ADD:2,2;ADD:4,0;ADD:5,7;ADD:6,1;REMOVE:1,0;REMOVE:1,1;REMOVE:1,3;REMOVE:4,9;REMOVE:5,2;REMOVE:6,4;REMOVE:6,5",0:-;1:0|1|3;2:0;3:-;4:8|9;5:2|8;6:4|5;7:-;8:-;9:-,0:0;1:-;2:0|2;3:-;4:0|8;5:7|8;6:1;7:-;8:-;9:-,0@0=1;2@0=1;2@2=2;2@7=1;4@0=2;4@2=1;4@5=1;4@8=1;5@2=1;5@1=1;5@4=1;6@1=1,"0,2,7,5,8,1,4",14,12,12,0,1.0,0.13135320189297606,0.7,0.057531457402205784,0.1,0.02664017985605714,0.5,2.732196092605591,Optimal
198,197,11,3,8,"ADD:2,3;ADD:4,3;ADD:5,4;REMOVE:0,0;REMOVE:2,0;REMOVE:2,2;REMOVE:4,0;REMOVE:4,8;REMOVE:5,7;REMOVE:5,8;REMOVE:6,1",0:0;1:-;2:0|2;3:-;4:0|8;5:7|8;6:1;7:-;8:-;9:-,0:-;1:-;2:3;3:-;4:3;5:4;6:-;7:-;8:-;9:-,2@3=1;4@3=1;5@4=1,"3,4",3,3,3,0,1.0,0.5771815827702351,1.0,0.0916097733590779,0.0,0.019468820414864002,0.30000000000000004,0.31081318855285645,Optimal
199,198,9,6,3,"ADD:1,4;ADD:1,7;ADD:3,5;ADD:3,7;ADD:4,5;ADD:4,7;REMOVE:2,3;REMOVE:4,3;REMOVE:5,4",0:-;1:-;2:3;3:-;4:3;5:4;6:-;7:-;8:-;9:-,0:-;1:4|7;2:-;3:5|7;4:5|7;5:-;6:-;7:-;8:-;9:-,1@4=2;1@7=1;3@7=1;3@2=1;3@5=1;4@7=1;4@5=1;4@3=1,"4,7,2,5,3",9,8,8,0,1.0,0.2665487583675632,1.0,0.07413177638957308,0.0,0.036216686279524055,0.6,2.9484872817993164,Optimal
200,199,7,3,4,"ADD:1,9;ADD:2,2;ADD:4,3;REMOVE:1,7;REMOVE:3,7;REMOVE:4,5;REMOVE:4,7",0:-;1:4|7;2:-;3:5|7;4:5|7;5:-;6:-;7:-;8:-;9:-,0:-;1:4|9;2:2;3:5;4:3;5:-;6:-;7:-;8:-;9:-,1@4=1;1@7=1;1@9=1;2@2=1;3@5=1;4@3=1,"4,7,9,2,5,3",6,6,6,0,1.0,0.31309960020108907,0.6666666666666666,0.08514421369936133,0.0,0.058254479541333865,0.30000000000000004,2.897207021713257,Optimal
201,200,11,6,5,"ADD:1,0;ADD:1,1;ADD:1,5;ADD:2,8;ADD:4,0;ADD:4,5;REMOVE:1,4;REMOVE:1,9;REMOVE:2,2;REMOVE:3,5;REMOVE:4,3",0:-;1:4|9;2:2;3:5;4:3;5:-;6:-;7:-;8:-;9:-,0:-;1:0|1|5;2:8;3:-;4:0|5;5:-;6:-;7:-;8:-;9:-,1@0=1;1@1=1;1@3=1;1@5=1;2@8=1;4@0=1;4@5=1,"0,1,3,5,8",7,7,7,0,1.0,0.27485876643213025,1.0,0.0820294725706148,0.0,0.046175941878192114,0.6,2.077462911605835,Optimal
202,201,14,8,6,"ADD:1,4;ADD:2,0;ADD:2,4;ADD:2,5;ADD:3,3;ADD:4,2;ADD:4,3;ADD:6,2;REMOVE:1,0;REMOVE:1,1;REMOVE:1,5;REMOVE:2,8;REMOVE:4,0;REMOVE:4,5",0:-;1:0|1|5;2:8;3:-;4:0|5;5:-;6:-;7:-;8:-;9:-,0:-;1:4;2:0|4|5;3:3;4:2|3;5:-;6:2;7:-;8:-;9:-,1@4=1;2@4=1;2@0=1;2@5=1;3@3=1;4@5=1;4@9=1;6@2=1,"4,0,5,3,9,2",8,8,8,0,1.0,0.06631935567266711,1.0,0.07239061904450886,0.0,0.042034302185299334,0.7999999999999999,3.6002371311187744,Optimal
203,202,9,2,7,"ADD:2,7;ADD:5,0;REMOVE:1,4;REMOVE:2,0;REMOVE:2,4;REMOVE:2,5;REMOVE:3,3;REMOVE:4,3;REMOVE:6,2",0:-;1:4;2:0|4|5;3:3;4:2|3;5:-;6:2;7:-;8:-;9:-,0:-;1:-;2:7;3:-;4:2;5:0;6:-;7:-;8:-;9:-,2@1=2;2@4=1;2@9=1;4@4=2;4@5=1;5@5=2;5@7=1,"1,4,9,5,7",10,7,7,0,1.0,0.5,0.875,0.0,0.0,0.0,0.2,0.29111599922180176,Optimal
204,203,12,9,3,"ADD:1,0;ADD:1,1;ADD:2,1;ADD:2,5;ADD:2,6;ADD:4,7;ADD:4,8;ADD:5,2;ADD:6,1;REMOVE:2,7;REMOVE:4,2;REMOVE:5,0",0:-;1:-;2:7;3:-;4:2;5:0;6:-;7:-;8:-;9:-,0:-;1:0|1;2:1|5|6;3:-;4:7|8;5:2;6:1;7:-;8:-;9:-,1@0=2;1@1=1;1@7=1;2@7=1;2@5=1;2@6=1;4@1=1;4@2=1;4@4=1;5@2=1;6@1=1,"0,1,7,5,6,2,4",12,11,11,0,1.0,-0.04705304384083753,1.0,0.057031275245923475,0.0,0.03660967981211794,0.8999999999999999,5.151618957519531,Optimal
205,204,10,2,8,"ADD:1,7;ADD:2,2;REMOVE:1,0;REMOVE:1,1;REMOVE:2,1;REMOVE:2,5;REMOVE:2,6;REMOVE:4,7;REMOVE:5,2;REMOVE:6,1",0:-;1:0|1;2:1|5|6;3:-;4:7|8;5:2;6:1;7:-;8:-;9:-,0:-;1:7;2:2;3:-;4:8;5:-;6:-;7:-;8:-;9:-,1@2=1;1@3=1;1@4=2;1@6=1;2@0=1;2@9=1;4@2=1,"2,3,4,6,0,9",8,7,7,0,1.0,0.5111111111111111,0.8888888888888888,0.0,0.0,0.0,0.2,0.4070160388946533,Optimal
206,205,5,2,3,"ADD:4,2;ADD:8,2;REMOVE:1,7;REMOVE:2,2;REMOVE:4,8",0:-;1:7;2:2;3:-;4:8;5:-;6:-;7:-;8:-;9:-,0:-;1:-;2:-;3:-;4:2;5:-;6:-;7:-;8:2;9:-,4@2=1;8@2=1,2,2,2,2,0,1.0,0.6777755572188238,1.0,0.09721944652352954,0.0,0.0,0.2,0.2556140422821045,Optimal
207,206,7,5,2,"ADD:2,4;ADD:4,4;ADD:4,7;ADD:5,3;ADD:5,9;REMOVE:4,2;REMOVE:8,2",0:-;1:-;2:-;3:-;4:2;5:-;6:-;7:-;8:2;9:-,0:-;1:-;2:4;3:-;4:4|7;5:3|9;6:-;7:-;8:-;9:-,2@4=1;4@4=2;4@7=1;5@3=1;5@9=1,"4,7,3,9",6,5,5,0,1.0,0.3918701399723564,1.0,0.10407801686576065,0.0,0.04303863239873892,0.5,2.861558198928833,Optimal
208,207,9,4,5,"ADD:4,3;ADD:4,8;ADD:5,6;ADD:6,3;REMOVE:2,4;REMOVE:4,4;REMOVE:4,7;REMOVE:5,3;REMOVE:5,9",0:-;1:-;2:4;3:-;4:4|7;5:3|9;6:-;7:-;8:-;9:-,0:-;1:-;2:-;3:-;4:3|8;5:6;6:3;7:-;8:-;9:-,4@3=1;4@4=1;4@5=1;5@9=1;6@3=1,"3,4,5,9",5,5,5,0,1.0,0.432647657569893,1.0,0.04080957196236614,0.0,0.0,0.4,1.7395830154418945,Optimal
209,208,10,6,4,"ADD:2,5;ADD:2,8;ADD:4,1;ADD:4,2;ADD:5,9;ADD:6,1;REMOVE:4,3;REMOVE:4,8;REMOVE:5,6;REMOVE:6,3",0:-;1:-;2:-;3:-;4:3|8;5:6;6:3;7:-;8:-;9:-,0:-;1:-;2:5|8;3:-;4:1|2;5:9;6:1;7:-;8:-;9:-,2@5=1;2@8=1;4@1=1;4@2=1;5@9=1;6@1=1,"5,8,1,2,9",6,6,6,0,1.0,0.2873360774772641,1.0,0.09621311306502046,0.0,0.05182793512623815,0.6,2.3447418212890625,Optimal
210,209,14,8,6,"ADD:4,4;ADD:4,7;ADD:4,9;ADD:5,3;ADD:6,3;ADD:6,4;ADD:7,1;ADD:7,2;REMOVE:2,5;REMOVE:2,8;REMOVE:4,1;REMOVE:4,2;REMOVE:5,9;REMOVE:6,1",0:-;1:-;2:5|8;3:-;4:1|2;5:9;6:1;7:-;8:-;9:-,0:-;1:-;2:-;3:-;4:4|7|9;5:3;6:3|4;7:1|2;8:-;9:-,4@1=1;4@2=1;4@4=1;4@7=1;4@9=1;5@3=1;6@2=1;6@4=1;6@3=1;7@1=1;7@2=1,"1,2,4,7,9,3",11,11,11,0,1.0,0.0685821362967145,1.0,0.07349937737375867,0.0,0.0489131719885373,0.7999999999999999,5.957051038742065,Optimal
211,210,12,5,7,"ADD:2,9;ADD:4,0;ADD:4,6;ADD:4,8;ADD:5,1;REMOVE:4,4;REMOVE:4,7;REMOVE:4,9;REMOVE:5,3;REMOVE:6,4;REMOVE:7,1;REMOVE:7,2",0:-;1:-;2:-;3:-;4:4|7|9;5:3;6:3|4;7:1|2;8:-;9:-,0:-;1:-;2:9;3:-;4:0|6|8;5:1;6:3;7:-;8:-;9:-,2@9=1;4@0=1;4@1=1;4@6=1;4@8=1;5@1=1;6@3=1,"9,0,1,6,8,3",7,7,7,0,1.0,0.28070778984470135,0.875,0.08552363298299212,0.0,0.06144441729153805,0.5,3.3282930850982666,Optimal
212,211,8,2,6,"ADD:4,9;ADD:7,8;REMOVE:2,9;REMOVE:4,0;REMOVE:4,6;REMOVE:4,8;REMOVE:5,1;REMOVE:6,3",0:-;1:-;2:9;3:-;4:0|6|8;5:1;6:3;7:-;8:-;9:-,0:-;1:-;2:-;3:-;4:9;5:-;6:-;7:8;8:-;9:-,4@9=1;7@4=1;7@7=1,"9,4,7",3,3,3,0,1.0,0.6223521049885223,1.0,0.02794013123565287,0.0,0.0,0.2,0.9271206855773926,Optimal
213,212,5,3,2,"ADD:4,1;ADD:5,1;ADD:6,4;REMOVE:4,9;REMOVE:7,8",0:-;1:-;2:-;3:-;4:9;5:-;6:-;7:8;8:-;9:-,0:-;1:-;2:-;3:-;4:1;5:1;6:4;7:-;8:-;9:-,4@1=1;5@1=1;6@4=1,"1,4",3,3,3,0,1.0,0.5804878965667919,1.0,0.09289091567837368,0.0,0.03087582012046431,0.30000000000000004,0.27446794509887695,Optimal
214,213,8,5,3,"ADD:2,6;ADD:5,2;ADD:5,5;ADD:6,3;ADD:7,5;REMOVE:4,1;REMOVE:5,1;REMOVE:6,4",0:-;1:-;2:-;3:-;4:1;5:1;6:4;7:-;8:-;9:-,0:-;1:-;2:6;3:-;4:-;5:2|5;6:3;7:5;8:-;9:-,2@6=1;5@2=1;5@5=1;6@3=1;7@5=1,"6,2,5,3",5,5,5,0,1.0,0.3874761706187242,1.0,0.09755634227766118,0.0,0.04715548398297608,0.5,1.7512238025665283,Optimal
215,214,8,3,5,"ADD:4,8;ADD:5,7;ADD:6,4;REMOVE:2,6;REMOVE:5,2;REMOVE:5,5;REMOVE:6,3;REMOVE:7,5",0:-;1:-;2:6;3:-;4:-;5:2|5;6:3;7:5;8:-;9:-,0:-;1:-;2:-;3:-;4:8;5:7;6:4;7:-;8:-;9:-,4@2=1;4@4=1;5@0=1;5@1=1;5@9=1;6@4=1,"2,4,0,1,9",6,6,6,0,1.0,0.5127897578020526,1.0,0.015987197252565876,0.0,0.0,0.30000000000000004,0.9491519927978516,Optimal
216,215,11,8,3,"ADD:3,4;ADD:4,2;ADD:4,4;ADD:5,2;ADD:6,0;ADD:6,7;ADD:7,2;ADD:7,7;REMOVE:4,8;REMOVE:5,7;REMOVE:6,4",0:-;1:-;2:-;3:-;4:8;5:7;6:4;7:-;8:-;9:-,0:-;1:-;2:-;3:4;4:2|4;5:2;6:0|7;7:2|7;8:-;9:-,3@4=1;4@4=1;4@2=1;5@2=1;6@0=1;6@7=1;7@4=1;7@0=1;7@3=1,"4,2,0,7,3",9,9,9,0,1.0,0.06228181071611949,1.0,0.06838714940338426,0.0,0.03786045596705972,0.7999999999999999,1.8885278701782227,Optimal
217,216,14,7,7,"ADD:1,8;ADD:5,0;ADD:5,4;ADD:6,3;ADD:6,8;ADD:6,9;ADD:7,1;REMOVE:3,4;REMOVE:4,2;REMOVE:4,4;REMOVE:5,2;REMOVE:6,0;REMOVE:6,7;REMOVE:7,2",0:-;1:-;2:-;3:4;4:2|4;5:2;6:0|7;7:2|7;8:-;9:-,0:-;1:8;2:-;3:-;4:-;5:0|4;6:3|8|9;7:1|7;8:-;9:-,1@8=1;5@0=1;5@4=1;6@8=1;6@3=1;6@5=1;6@6=1;6@9=1;7@8=1;7@3=1;7@6=1;7@7=1,"8,0,4,3,5,6,9,7",12,12,12,0,1.0,0.05548557068309168,0.875,0.05769705152272331,0.0,0.04663964732456439,0.7,8.730968713760376,Optimal
218,217,16,8,8,"ADD:2,4;ADD:4,3;ADD:4,8;ADD:5,2;ADD:5,5;ADD:6,0;ADD:7,3;ADD:7,8;REMOVE:1,8;REMOVE:5,0;REMOVE:5,4;REMOVE:6,3;REMOVE:6,8;REMOVE:6,9;REMOVE:7,1;REMOVE:7,7",0:-;1:8;2:-;3:-;4:-;5:0|4;6:3|8|9;7:1|7;8:-;9:-,0:-;1:-;2:4;3:-;4:3|8;5:2|5;6:0;7:3|8;8:-;9:-,2@4=1;4@3=1;4@8=1;5@2=2;5@5=1;6@0=1;7@3=1;7@8=1,"4,3,8,2,5,0",9,8,8,0,1.0,0.09465510648692599,1.0,0.10123580605554708,0.0,0.06833230821244085,0.7999999999999999,3.3256771564483643,Optimal
219,218,12,6,6,"ADD:1,4;ADD:1,5;ADD:2,2;ADD:4,7;ADD:7,2;ADD:7,7;REMOVE:4,3;REMOVE:5,2;REMOVE:5,5;REMOVE:6,0;REMOVE:7,3;REMOVE:7,8",0:-;1:-;2:4;3:-;4:3|8;5:2|5;6:0;7:3|8;8:-;9:-,0:-;1:4|5;2:2|4;3:-;4:7|8;5:-;6:-;7:2|7;8:-;9:-,1@4=1;1@5=1;1@8=1;2@2=1;2@7=1;4@7=1;4@6=1;7@4=1;7@3=1;7@9=1,"4,5,8,2,7,6,3,9",10,10,10,0,1.0,0.05970520706472282,0.75,0.03796866056953806,0.125,0.021651393045461396,0.6,5.411725997924805,Optimal
220,219,11,4,7,"ADD:1,7;ADD:1,8;ADD:5,9;ADD:6,7;REMOVE:1,4;REMOVE:1,5;REMOVE:2,4;REMOVE:4,7;REMOVE:4,8;REMOVE:7,2;REMOVE:7,7",0:-;1:4|5;2:2|4;3:-;4:7|8;5:-;6:-;7:2|7;8:-;9:-,0:-;1:7|8;2:2;3:-;4:-;5:9;6:7;7:-;8:-;9:-,1@1=1;1@2=1;1@4=1;2@2=1;5@9=1;6@7=1,"1,2,4,9,7",6,6,6,0,1.0,0.34296387739210143,0.875,0.04770030909266785,0.0,0.02401815058983543,0.4,2.8346610069274902,Optimal
221,220,12,7,5,"ADD:1,1;ADD:1,3;ADD:2,3;ADD:2,7;ADD:5,7;ADD:7,0;ADD:7,2;REMOVE:1,7;REMOVE:1,8;REMOVE:2,2;REMOVE:5,9;REMOVE:6,7",0:-;1:7|8;2:2;3:-;4:-;5:9;6:7;7:-;8:-;9:-,0:-;1:1|3;2:3|7;3:-;4:-;5:7;6:-;7:0|2;8:-;9:-,1@3=1;1@7=1;2@3=1;2@7=1;5@7=1;7@0=1;7@2=1,"3,7,0,2",7,7,7,0,1.0,0.17924372666949384,1.0,0.0863784621326073,0.0,0.050704784817039245,0.7,2.4016659259796143,Optimal
222,221,11,4,7,"ADD:2,8;ADD:4,4;ADD:5,6;ADD:7,7;REMOVE:1,1;REMOVE:1,3;REMOVE:2,3;REMOVE:2,7;REMOVE:5,7;REMOVE:7,0;REMOVE:7,2",0:-;1:1|3;2:3|7;3:-;4:-;5:7;6:-;7:0|2;8:-;9:-,0:-;1:-;2:8;3:-;4:4;5:6;6:-;7:7;8:-;9:-,2@2=1;2@5=1;2@7=1;4@4=1;5@4=1;5@1=1;7@0=1;7@3=1;7@8=1,"2,5,7,4,1,0,3,8",9,9,9,0,1.0,0.409487390665362,1.0,0.011859238331702361,0.0,0.0,0.4,1.7250571250915527,Optimal
223,222,14,10,4,"ADD:2,5;ADD:2,6;ADD:2,7;ADD:4,1;ADD:4,8;ADD:5,3;ADD:5,7;ADD:6,6;ADD:7,4;ADD:7,9;REMOVE:2,8;REMOVE:4,4;REMOVE:5,6;REMOVE:7,7",0:-;1:-;2:8;3:-;4:4;5:6;6:-;7:7;8:-;9:-,0:-;1:-;2:5|6|7;3:-;4:1|8;5:3|7;6:6;7:4|9;8:-;9:-,2@0=1;2@1=2;2@4=1;2@5=1;4@1=1;4@8=1;5@3=1;5@7=1;6@6=1;7@4=1;7@2=1;7@9=1,"0,1,4,5,8,3,7,6,2,9",13,12,12,0,1.0,-0.13841995910560267,1.0,0.06444730651853717,0.0,0.05011097839783685,0.9999999999999999,5.691973924636841,Optimal
224,223,8,2,6,"ADD:4,2;ADD:4,6;REMOVE:2,5;REMOVE:2,7;REMOVE:4,1;REMOVE:4,8;REMOVE:5,3;REMOVE:6,6",0:-;1:-;2:5|6|7;3:-;4:1|8;5:3|7;6:6;7:4|9;8:-;9:-,0:-;1:-;2:6;3:-;4:2|6;5:7;6:-;7:4|9;8:-;9:-,2@6=1;4@6=2;4@2=2;4@4=1;5@7=1;7@2=1;7@4=1,"6,2,4,7",9,7,7,0,1.0,0.35650699597445407,0.6,0.080244629913119,0.0,0.061556460219794544,0.2,1.2980537414550781,Optimal
225,224,8,2,6,"ADD:5,8;ADD:7,7;REMOVE:2,6;REMOVE:4,2;REMOVE:4,6;REMOVE:5,7;REMOVE:7,4;REMOVE:7,9",0:-;1:-;2:6;3:-;4:2|6;5:7;6:-;7:4|9;8:-;9:-,0:-;1:-;2:-;3:-;4:-;5:8;6:-;7:7;8:-;9:-,5@2=1;5@4=1;5@7=1;7@1=1;7@6=1;7@9=2,"2,4,7,1,6,9",7,6,6,0,1.0,0.6000000000000001,1.0,0.0,0.0,0.0,0.2,1.4971201419830322,Optimal
226,225,5,3,2,"ADD:1,8;ADD:6,7;ADD:7,3;REMOVE:5,8;REMOVE:7,7",0:-;1:-;2:-;3:-;4:-;5:8;6:-;7:7;8:-;9:-,0:-;1:8;2:-;3:-;4:-;5:-;6:7;7:3;8:-;9:-,1@1=1;1@6=1;6@6=1;6@0=1;6@3=1;7@7=1,"1,6,0,3,7",6,6,6,0,1.0,0.5,1.0,0.0,0.0,0.0,0.30000000000000004,1.0246872901916504,Optimal
227,226,9,6,3,"ADD:1,2;ADD:1,7;ADD:4,1;ADD:4,3;ADD:5,4;ADD:6,1;REMOVE:1,8;REMOVE:6,7;REMOVE:7,3",0:-;1:8;2:-;3:-;4:-;5:-;6:7;7:3;8:-;9:-,0:-;1:2|7;2:-;3:-;4:1|3;5:4;6:1;7:-;8:-;9:-,1@2=1;1@8=1;4@1=1;4@3=1;5@4=1;6@1=1,"2,8,1,3,4",6,6,6,0,1.0,0.2761680437751788,1.0,0.08388631697082868,0.0,0.04529495099257947,0.6,2.5118210315704346,Optimal
228,227,12,7,5,"ADD:0,2;ADD:1,3;ADD:1,8;ADD:4,7;ADD:4,9;ADD:7,2;ADD:7,9;REMOVE:1,2;REMOVE:1,7;REMOVE:4,1;REMOVE:4,3;REMOVE:6,1",0:-;1:2|7;2:-;3:-;4:1|3;5:4;6:1;7:-;8:-;9:-,0:2;1:3|8;2:-;3:-;4:7|9;5:4;6:-;7:2|9;8:-;9:-,0@2=1;1@2=1;1@1=1;4@2=1;4@1=1;5@4=2;7@2=2;7@9=1,"2,1,4,9",10,8,8,0,1.0,0.02182013649937964,0.8333333333333334,0.062147949778316065,0.0,0.02717555005030021,0.7,3.4906461238861084,Optimal
229,228,13,5,8,"ADD:1,4;ADD:1,7;ADD:2,6;ADD:4,6;ADD:6,3;REMOVE:0,2;REMOVE:1,3;REMOVE:1,8;REMOVE:4,7;REMOVE:4,9;REMOVE:5,4;REMOVE:7,2;REMOVE:7,9",0:2;1:3|8;2:-;3:-;4:7|9;5:4;6:-;7:2|9;8:-;9:-,0:-;1:4|7;2:6;3:-;4:6;5:-;6:3;7:-;8:-;9:-,1@4=1;1@6=1;1@7=1;2@6=1;4@6=1;6@3=1,"4,6,7,3",6,6,6,0,1.0,0.3723632896412955,1.0,0.08057379438197816,0.0,0.039521270678564834,0.5,1.1868948936462402,Optimal
230,229,15,10,5,"ADD:1,1;ADD:1,6;ADD:2,3;ADD:2,4;ADD:2,9;ADD:4,3;ADD:5,2;ADD:5,5;ADD:6,2;ADD:7,4;REMOVE:1,4;REMOVE:1,7;REMOVE:2,6;REMOVE:4,6;REMOVE:6,3",0:-;1:4|7;2:6;3:-;4:6;5:-;6:3;7:-;8:-;9:-,0:-;1:1|6;2:3|4|9;3:-;4:3;5:2|5;6:2;7:4;8:-;9:-,1@1=2;1@6=2;2@6=1;2@2=1;2@3=1;2@4=2;4@3=1;5@2=2;5@5=1;6@2=1;7@4=1,"1,6,2,3,4,5",15,11,11,0,1.0,-0.12154705652797082,1.0,0.08379561172369901,0.0,0.05708227046534906,0.9999999999999999,4.525389909744263,Optimal
231,230,11,2,9,"ADD:2,6;ADD:4,2;REMOVE:1,1;REMOVE:2,3;REMOVE:2,4;REMOVE:2,9;REMOVE:4,3;REMOVE:5,2;REMOVE:5,5;REMOVE:6,2;REMOVE:7,4",0:-;1:1|6;2:3|4|9;3:-;4:3;5:2|5;6:2;7:4;8:-;9:-,0:-;1:6;2:6;3:-;4:2;5:-;6:-;7:-;8:-;9:-,1@8=1;2@1=1;2@4=2;4@8=1;4@4=1,"8,1,4",6,5,5,0,1.0,0.52,0.9,0.0,0.0,0.0,0.2,0.655073881149292,Optimal
232,231,7,4,3,"ADD:2,5;ADD:4,8;ADD:5,5;ADD:7,8;REMOVE:1,6;REMOVE:2,6;REMOVE:4,2",0:-;1:6;2:6;3:-;4:2;5:-;6:-;7:-;8:-;9:-,0:-;1:-;2:5;3:-;4:8;5:5;6:-;7:8;8:-;9:-,2@0=1;2@2=1;4@5=1;4@6=1;5@2=2;5@3=1;7@2=1;7@1=1;7@4=1,"0,2,5,6,3,1,4",10,9,9,0,1.0,0.4,1.0,0.0,0.0,0.0,0.4,1.448441982269287,Optimal
233,232,7,3,4,"ADD:4,6;ADD:5,9;ADD:7,9;REMOVE:2,5;REMOVE:4,8;REMOVE:5,5;REMOVE:7,8",0:-;1:-;2:5;3:-;4:8;5:5;6:-;7:8;8:-;9:-,0:-;1:-;2:-;3:-;4:6;5:9;6:-;7:9;8:-;9:-,4@4=1;4@9=1;5@1=2;5@3=1;5@7=1;7@1=1;7@7=1,"4,9,1,3,7",8,7,7,0,1.0,0.5,1.0,0.0,0.0,0.0,0.30000000000000004,1.5197749137878418,Optimal
234,233,9,6,3,"ADD:0,4;ADD:4,2;ADD:4,3;ADD:5,3;ADD:7,2;ADD:7,7;REMOVE:4,6;REMOVE:5,9;REMOVE:7,9",0:-;1:-;2:-;3:-;4:6;5:9;6:-;7:9;8:-;9:-,0:4;1:-;2:-;3:-;4:2|3;5:3;6:-;7:2|7;8:-;9:-,0@4=1;4@2=1;4@3=1;5@3=1;7@4=1;7@2=1;7@7=1,"4,2,3,7",7,7,7,0,1.0,0.2758752028271031,1.0,0.08242701589968067,0.0,0.049667950536792765,0.6,2.14019775390625,Optimal
235,234,7,1,6,"ADD:4,4;REMOVE:0,4;REMOVE:4,2;REMOVE:4,3;REMOVE:5,3;REMOVE:7,2;REMOVE:7,7",0:4;1:-;2:-;3:-;4:2|3;5:3;6:-;7:2|7;8:-;9:-,0:-;1:-;2:-;3:-;4:4;5:-;6:-;7:-;8:-;9:-,4@4=1,4,1,1,1,0,1.0,0.7955706393260595,1.0,0.11946329915757434,0.0,0.0,0.1,0.1911170482635498,Optimal
236,235,4,3,1,"ADD:4,8;ADD:5,8;ADD:7,5;REMOVE:4,4",0:-;1:-;2:-;3:-;4:4;5:-;6:-;7:-;8:-;9:-,0:-;1:-;2:-;3:-;4:8;5:8;6:-;7:5;8:-;9:-,4@4=1;5@4=1;5@1=1;5@2=1;7@2=1;7@0=1,"4,1,2,0",6,6,6,0,1.0,0.5,1.0,0.0,0.0,0.0,0.30000000000000004,0.762721061706543,Optimal
237,236,10,7,3,"ADD:1,2;ADD:1,8;ADD:4,6;ADD:4,9;ADD:5,6;ADD:5,7;ADD:7,0;REMOVE:4,8;REMOVE:5,8;REMOVE:7,5",0:-;1:-;2:-;3:-;4:8;5:8;6:-;7:5;8:-;9:-,0:-;1:2|8;2:-;3:-;4:6|9;5:6|7;6:-;7:0;8:-;9:-,1@2=1;1@8=1;4@6=1;4@9=3;5@6=1;5@9=1;5@1=1;5@4=1;7@0=1,"2,8,6,9,1,4,0",11,9,9,0,1.0,0.1633011921895472,1.0,0.06885433990634905,0.0,0.04108860132233946,0.7,3.506537914276123,Optimal
238,237,15,8,7,"ADD:2,8;ADD:3,4;ADD:3,7;ADD:4,5;ADD:5,1;ADD:5,4;ADD:6,5;ADD:7,4;REMOVE:1,2;REMOVE:1,8;REMOVE:4,6;REMOVE:4,9;REMOVE:5,6;REMOVE:5,7;REMOVE:7,0",0:-;1:2|8;2:-;3:-;4:6|9;5:6|7;6:-;7:0;8:-;9:-,0:-;1:-;2:8;3:4|7;4:5;5:1|4;6:5;7:4;8:-;9:-,2@8=1;3@4=1;3@7=1;4@5=1;5@4=1;5@7=1;5@6=1;6@5=1;7@4=1,"8,4,7,5,6",9,9,9,0,1.0,0.06598302421497648,1.0,0.07364176089949562,0.0,0.035348077476899,0.7999999999999999,1.6784439086914062,Optimal
239,238,12,4,8,"ADD:4,7;ADD:5,7;ADD:7,7;ADD:8,3;REMOVE:2,8;REMOVE:3,4;REMOVE:3,7;REMOVE:4,5;REMOVE:5,1;REMOVE:5,4;REMOVE:6,5;REMOVE:7,4",0:-;1:-;2:8;3:4|7;4:5;5:1|4;6:5;7:4;8:-;9:-,0:-;1:-;2:-;3:-;4:7;5:7;6:-;7:7;8:3;9:-,4@2=1;4@4=1;5@2=1;5@8=1;7@2=1;7@3=1;8@3=1,"2,4,8,3",7,7,7,0,1.0,0.41352923693786303,1.0,0.016911546172328807,0.0,0.0,0.4,1.1375949382781982,Optimal
240,239,8,4,4,"ADD:3,2;ADD:6,6;ADD:7,1;ADD:7,6;REMOVE:4,7;REMOVE:5,7;REMOVE:7,7;REMOVE:8,3",0:-;1:-;2:-;3:-;4:7;5:7;6:-;7:7;8:3;9:-,0:-;1:-;2:-;3:2;4:-;5:-;6:6;7:1|6;8:-;9:-,3@2=1;6@6=1;7@6=1;7@1=1,"2,6,1",4,4,4,0,1.0,0.48997766030402456,1.0,0.10108651832465847,0.0,0.045542228221488304,0.4,1.009856939315796,Optimal
241,240,8,4,4,"ADD:1,9;ADD:4,2;ADD:4,3;ADD:5,5;REMOVE:3,2;REMOVE:6,6;REMOVE:7,1;REMOVE:7,6",0:-;1:-;2:-;3:2;4:-;5:-;6:6;7:1|6;8:-;9:-,0:-;1:9;2:-;3:-;4:2|3;5:5;6:-;7:-;8:-;9:-,1@9=1;4@2=2;4@3=1;4@5=1;5@5=2,"9,2,3,5",7,5,5,0,1.0,0.4668884374165332,1.0,0.07309345717111866,0.0,0.04206835839819122,0.4,0.907555103302002,Optimal
242,241,7,4,3,"ADD:4,7;ADD:5,8;ADD:7,3;ADD:7,6;REMOVE:1,9;REMOVE:4,3;REMOVE:5,5",0:-;1:9;2:-;3:-;4:2|3;5:5;6:-;7:-;8:-;9:-,0:-;1:-;2:-;3:-;4:2|7;5:8;6:-;7:3|6;8:-;9:-,4@0=1;4@3=1;4@4=1;4@9=1;5@8=1;7@3=1;7@6=1,"0,3,4,9,8,6",7,7,7,0,1.0,0.24113974716566322,0.75,0.04268997259087437,0.0,0.03493884546481851,0.4,2.189819097518921,Optimal
243,242,11,6,5,"ADD:4,1;ADD:4,6;ADD:5,6;ADD:6,3;ADD:7,1;ADD:7,5;REMOVE:4,2;REMOVE:4,7;REMOVE:5,8;REMOVE:7,3;REMOVE:7,6",0:-;1:-;2:-;3:-;4:2|7;5:8;6:-;7:3|6;8:-;9:-,0:-;1:-;2:-;3:-;4:1|6;5:6;6:3;7:1|5;8:-;9:-,4@1=1;4@6=1;5@6=2;6@3=1;7@1=2;7@5=1,"1,6,3,5",8,6,6,0,1.0,0.28978410711757707,1.0,0.0987370597661635,0.0,0.05397229652323164,0.6,2.0289559364318848,Optimal
244,243,8,3,5,"ADD:5,0;ADD:6,6;ADD:7,7;REMOVE:4,1;REMOVE:4,6;REMOVE:5,6;REMOVE:7,1;REMOVE:7,5",0:-;1:-;2:-;3:-;4:1|6;5:6;6:3;7:1|5;8:-;9:-,0:-;1:-;2:-;3:-;4:-;5:0;6:3|6;7:7;8:-;9:-,5@0=1;6@3=1;6@6=1;7@7=1,"0,3,6,7",4,4,4,0,1.0,0.4565405950887784,0.8333333333333334,0.09777002529973977,0.0,0.0582895409115997,0.30000000000000004,2.0507147312164307,Optimal
245,244,10,6,4,"ADD:4,2;ADD:5,4;ADD:6,2;ADD:6,4;ADD:7,6;ADD:7,9;REMOVE:5,0;REMOVE:6,3;REMOVE:6,6;REMOVE:7,7",0:-;1:-;2:-;3:-;4:-;5:0;6:3|6;7:7;8:-;9:-,0:-;1:-;2:-;3:-;4:2;5:4;6:2|4;7:6|9;8:-;9:-,4@2=2;5@4=1;6@2=1;6@4=2;7@1=1;7@6=1;7@9=1,"2,4,1,6,9",9,7,7,0,1.0,0.27412606721380695,1.0,0.08159350110339396,0.0,0.04425633165545895,0.6,2.641026020050049,Optimal
246,245,10,4,6,"ADD:5,3;ADD:6,7;ADD:7,1;ADD:7,2;REMOVE:4,2;REMOVE:5,4;REMOVE:6,2;REMOVE:6,4;REMOVE:7,6;REMOVE:7,9",0:-;1:-;2:-;3:-;4:2;5:4;6:2|4;7:6|9;8:-;9:-,0:-;1:-;2:-;3:-;4:-;5:3;6:7;7:1|2;8:-;9:-,5@3=1;6@7=1;7@7=1;7@1=1;7@2=2;7@8=1,"3,7,1,2,8",7,6,6,0,1.0,0.46266787099181805,1.0,0.06931421481491662,0.0,0.03608249569942355,0.4,1.0985188484191895,Optimal
247,246,14,10,4,"ADD:2,3;ADD:2,4;ADD:4,9;ADD:5,2;ADD:5,4;ADD:6,2;ADD:6,5;ADD:6,6;ADD:7,7;ADD:7,9;REMOVE:5,3;REMOVE:6,7;REMOVE:7,1;REMOVE:7,2",0:-;1:-;2:-;3:-;4:-;5:3;6:7;7:1|2;8:-;9:-,0:-;1:-;2:3|4;3:-;4:9;5:2|4;6:2|5|6;7:7|9;8:-;9:-,2@3=1;2@4=1;4@9=1;5@4=1;5@2=1;6@2=1;6@5=1;6@6=1;7@2=1;7@1=1,"3,4,9,2,5,6,1",10,10,10,0,1.0,-0.1173394778615583,1.0,0.08821405435862438,0.0,0.0604463932577105,0.9999999999999999,3.991953134536743,Optimal
248,247,12,6,6,"ADD:2,5;ADD:3,2;ADD:4,0;ADD:4,8;ADD:5,3;ADD:6,0;REMOVE:2,3;REMOVE:5,2;REMOVE:5,4;REMOVE:6,2;REMOVE:6,5;REMOVE:6,6",0:-;1:-;2:3|4;3:-;4:9;5:2|4;6:2|5|6;7:7|9;8:-;9:-,0:-;1:-;2:4|5;3:2;4:0|8|9;5:3;6:0;7:7|9;8:-;9:-,2@2=1;2@5=1;2@8=1;3@2=1;4@8=1;4@0=1;4@6=1;5@3=1;6@0=1;7@2=1;7@1=1;7@7=1,"2,5,8,0,6,3,1,7",12,12,12,0,1.0,-0.04015670129083038,0.6,0.06090204415385913,0.1,0.05560831693041097,0.6,5.8907458782196045,Optimal
249,248,14,6,8,"ADD:2,3;ADD:2,6;ADD:5,2;ADD:6,1;ADD:6,5;ADD:7,2;REMOVE:2,4;REMOVE:2,5;REMOVE:3,2;REMOVE:4,0;REMOVE:4,9;REMOVE:5,3;REMOVE:6,0;REMOVE:7,9",0:-;1:-;2:4|5;3:2;4:0|8|9;5:3;6:0;7:7|9;8:-;9:-,0:-;1:-;2:3|6;3:-;4:8;5:2;6:1|5;7:2|7;8:-;9:-,2@3=1;2@6=1;2@7=1;4@8=1;5@2=1;6@1=1;6@5=2;7@2=1;7@0=1,"3,6,7,8,2,1,5,0",10,9,9,0,1.0,0.10976577767732731,0.8,0.07421564410687834,0.0,0.051966311959122796,0.6,5.769687175750732,Optimal
250,249,11,5,6,"ADD:2,8;ADD:4,6;ADD:5,4;ADD:6,2;ADD:7,1;REMOVE:2,6;REMOVE:5,2;REMOVE:6,1;REMOVE:6,5;REMOVE:7,2;REMOVE:7,7",0:-;1:-;2:3|6;3:-;4:8;5:2;6:1|5;7:2|7;8:-;9:-,0:-;1:-;2:3|8;3:-;4:6|8;5:4;6:2;7:1;8:-;9:-,2@1=1;2@2=1;2@5=1;4@6=1;4@8=1;5@4=1;6@2=1;7@1=1,"1,2,5,6,8,4",8,8,8,0,1.0,0.15234483990947,0.75,0.055260471596492264,0.0,0.040682313161381045,0.5,5.412171840667725,Optimal
251,250,10,4,6,"ADD:1,4;ADD:2,6;ADD:6,4;ADD:7,5;REMOVE:2,3;REMOVE:4,6;REMOVE:4,8;REMOVE:5,4;REMOVE:6,2;REMOVE:7,1",0:-;1:-;2:3|8;3:-;4:6|8;5:4;6:2;7:1;8:-;9:-,0:-;1:4;2:6|8;3:-;4:-;5:-;6:4;7:5;8:-;9:-,1@4=1;2@6=2;2@8=1;6@4=1;7@5=1,"4,6,8,5",6,5,5,0,1.0,0.37749041008270645,0.8571428571428571,0.09956106043554214,0.0,0.0606363800999353,0.4,2.008608818054199,Optimal
252,251,17,12,5,"ADD:1,0;ADD:1,5;ADD:1,9;ADD:2,4;ADD:2,7;ADD:4,4;ADD:4,7;ADD:5,0;ADD:5,4;ADD:5,6;ADD:6,9;ADD:7,4;REMOVE:1,4;REMOVE:2,6;REMOVE:2,8;REMOVE:6,4;REMOVE:7,5",0:-;1:4;2:6|8;3:-;4:-;5:-;6:4;7:5;8:-;9:-,0:-;1:0|5|9;2:4|7;3:-;4:4|7;5:0|4|6;6:9;7:4;8:-;9:-,1@0=2;1@2=1;1@5=1;1@9=2;2@2=2;2@4=1;2@6=2;4@4=1;4@7=1;5@0=2;5@4=1;5@6=1;6@9=1;7@4=1,"0,2,5,9,4,6,7",19,14,14,0,1.0,-0.32847851071488876,1.0,0.07691959248890587,0.0,0.04992907646993251,1.2,4.673425912857056,Optimal
253,252,17,7,10,"ADD:1,8;ADD:2,2;ADD:3,1;ADD:3,8;ADD:4,0;ADD:5,1;ADD:5,2;REMOVE:1,0;REMOVE:1,5;REMOVE:2,4;REMOVE:4,4;REMOVE:4,7;REMOVE:5,0;REMOVE:5,4;REMOVE:5,6;REMOVE:6,9;REMOVE:7,4",0:-;1:0|5|9;2:4|7;3:-;4:4|7;5:0|4|6;6:9;7:4;8:-;9:-,0:-;1:8|9;2:2|7;3:1|8;4:0;5:1|2;6:-;7:-;8:-;9:-,1@1=2;1@7=1;1@8=2;2@3=1;2@4=1;3@1=1;3@8=1;4@0=1;5@1=2;5@2=1,"1,7,8,3,4,0,2",13,10,10,0,1.0,0.0378419029814836,0.8333333333333334,0.06022620178887405,0.08333333333333333,0.031638041085254476,0.7,8.354455947875977,Optimal
254,253,11,6,5,"ADD:1,4;ADD:3,9;ADD:4,8;ADD:5,3;ADD:5,8;ADD:7,4;REMOVE:1,9;REMOVE:3,1;REMOVE:3,8;REMOVE:5,1;REMOVE:5,2",0:-;1:8|9;2:2|7;3:1|8;4:0;5:1|2;6:-;7:-;8:-;9:-,0:-;1:4|8;2:2|7;3:9;4:0|8;5:3|8;6:-;7:4;8:-;9:-,1@4=1;1@8=1;2@4=3;2@2=1;2@9=1;3@9=1;4@8=1;4@2=1;4@5=1;5@2=1;5@5=1;5@1=1;7@4=1,"4,8,2,9,5,1",15,13,13,0,1.0,-0.09500846224811632,0.5555555555555556,0.04178226426717585,0.1111111111111111,0.02449529835738137,0.6,7.71905517578125,Optimal
255,254,10,4,6,"ADD:4,4;ADD:5,4;ADD:6,9;ADD:7,3;REMOVE:1,4;REMOVE:1,8;REMOVE:3,9;REMOVE:4,0;REMOVE:4,8;REMOVE:5,8",0:-;1:4|8;2:2|7;3:9;4:0|8;5:3|8;6:-;7:4;8:-;9:-,0:-;1:-;2:2|7;3:-;4:4;5:3|4;6:9;7:3|4;8:-;9:-,2@2=1;2@4=1;2@8=1;4@4=1;5@2=1;5@4=1;6@9=1;7@2=1;7@3=1,"2,4,8,9,3",9,9,9,0,1.0,0.15250444581157485,0.6,0.05744323040662242,0.1,0.03274930743138462,0.4,3.9103968143463135,Optimal
256,255,8,1,7,"ADD:4,9;REMOVE:2,2;REMOVE:4,4;REMOVE:5,3;REMOVE:5,4;REMOVE:6,9;REMOVE:7,3;REMOVE:7,4",0:-;1:-;2:2|7;3:-;4:4;5:3|4;6:9;7:3|4;8:-;9:-,0:-;1:-;2:7;3:-;4:9;5:-;6:-;7:-;8:-;9:-,2@6=1;2@9=1;4@9=1,"6,9",3,3,3,0,1.0,0.6288977050370118,0.875,0.036122131296264626,0.0,0.0,0.1,0.6598479747772217,Optimal
257,256,5,3,2,"ADD:2,9;ADD:4,5;ADD:6,1;REMOVE:2,7;REMOVE:4,9",0:-;1:-;2:7;3:-;4:9;5:-;6:-;7:-;8:-;9:-,0:-;1:-;2:9;3:-;4:5;5:-;6:1;7:-;8:-;9:-,2@9=1;4@5=1;6@1=1,"9,5,1",3,3,3,0,1.0,0.5805328232894978,1.0,0.08948266218878138,0.0,0.04473346769236357,0.30000000000000004,0.4736487865447998,Optimal
258,257,11,8,3,"ADD:2,2;ADD:2,5;ADD:3,4;ADD:4,2;ADD:4,6;ADD:5,2;ADD:7,4;ADD:7,9;REMOVE:2,9;REMOVE:4,5;REMOVE:6,1",0:-;1:-;2:9;3:-;4:5;5:-;6:1;7:-;8:-;9:-,0:-;1:-;2:2|5;3:4;4:2|6;5:2;6:-;7:4|9;8:-;9:-,2@2=1;2@5=1;3@4=1;4@2=1;4@6=1;5@2=1;7@4=1;7@9=1,"2,5,4,6,9",8,8,8,0,1.0,0.08711629496584294,1.0,0.09532189362923389,0.0,0.05429390031227837,0.7999999999999999,4.85529088973999,Optimal
259,258,10,3,7,"ADD:5,8;ADD:6,8;ADD:7,8;REMOVE:2,2;REMOVE:2,5;REMOVE:3,4;REMOVE:4,6;REMOVE:5,2;REMOVE:7,4;REMOVE:7,9",0:-;1:-;2:2|5;3:4;4:2|6;5:2;6:-;7:4|9;8:-;9:-,0:-;1:-;2:-;3:-;4:2;5:8;6:8;7:8;8:-;9:-,4@2=1;5@1=1;5@5=1;5@6=1;5@7=1;6@5=1;6@4=1;7@5=1;7@4=1,"2,1,5,6,7,4",9,9,9,0,1.0,0.4089253284767769,0.875,0.011156660595971098,0.0,0.0,0.30000000000000004,0.9657201766967773,Optimal
260,259,6,2,4,"ADD:1,7;ADD:7,2;REMOVE:4,2;REMOVE:5,8;REMOVE:6,8;REMOVE:7,8",0:-;1:-;2:-;3:-;4:2;5:8;6:8;7:8;8:-;9:-,0:-;1:7;2:-;3:-;4:-;5:-;6:-;7:2;8:-;9:-,1@7=1;7@7=1;7@0=1;7@4=1,"7,0,4",4,4,4,0,1.0,0.6168292615460613,1.0,0.02103657693257666,0.0,0.0,0.2,0.5992109775543213,Optimal
261,260,14,12,2,"ADD:0,7;ADD:0,8;ADD:1,0;ADD:1,1;ADD:1,2;ADD:2,5;ADD:4,2;ADD:4,7;ADD:5,5;ADD:5,8;ADD:7,1;ADD:7,4;REMOVE:1,7;REMOVE:7,2",0:-;1:7;2:-;3:-;4:-;5:-;6:-;7:2;8:-;9:-,0:7|8;1:0|1|2;2:5;3:-;4:2|7;5:5|8;6:-;7:1|4;8:-;9:-,0@1=1;0@2=1;0@4=1;1@1=2;1@2=2;1@0=1;1@9=1;2@5=1;4@4=1;4@9=1;4@3=1;5@5=1;5@8=1;7@1=1;7@4=1,"1,2,4,0,9,5,3,8",17,15,15,0,1.0,-0.34249547739351927,1.0,0.06233933564922092,0.0,0.03816527043551905,1.2,8.752903938293457,Optimal
262,261,10,2,8,"ADD:5,4;ADD:7,7;REMOVE:1,0;REMOVE:1,1;REMOVE:4,2;REMOVE:4,7;REMOVE:5,5;REMOVE:5,8;REMOVE:7,1;REMOVE:7,4",0:7|8;1:0|1|2;2:5;3:-;4:2|7;5:5|8;6:-;7:1|4;8:-;9:-,0:7|8;1:2;2:5;3:-;4:-;5:4;6:-;7:7;8:-;9:-,0@4=2;0@6=1;0@7=1;1@2=1;2@5=1;5@4=1;7@7=1,"4,6,7,2,5",8,7,7,0,1.0,0.38718063556336163,0.6666666666666666,0.06006975235721947,0.0,0.028957501721264118,0.2,3.269404888153076,Optimal
263,262,13,7,6,"ADD:0,2;ADD:0,5;ADD:0,6;ADD:1,3;ADD:1,8;ADD:6,9;ADD:7,0;REMOVE:0,7;REMOVE:0,8;REMOVE:1,2;REMOVE:2,5;REMOVE:5,4;REMOVE:7,7",0:7|8;1:2;2:5;3:-;4:-;5:4;6:-;7:7;8:-;9:-,0:2|5|6;1:3|8;2:-;3:-;4:-;5:-;6:9;7:0;8:-;9:-,0@2=2;0@4=1;0@5=1;0@6=1;0@7=1;1@2=1;1@3=1;1@8=1;6@9=1;7@0=1,"2,4,5,6,7,3,8,9,0",11,10,10,0,1.0,0.169569715019957,1.0,0.07477286506273155,0.0,0.04875711484885884,0.7,5.450443983078003,Optimal
264,263,14,7,7,"ADD:0,4;ADD:0,8;ADD:1,4;ADD:1,9;ADD:2,4;ADD:5,7;ADD:6,1;REMOVE:0,2;REMOVE:0,5;REMOVE:0,6;REMOVE:1,3;REMOVE:1,8;REMOVE:6,9;REMOVE:7,0",0:2|5|6;1:3|8;2:-;3:-;4:-;5:-;6:9;7:0;8:-;9:-,0:4|8;1:4|9;2:4;3:-;4:-;5:7;6:1;7:-;8:-;9:-,0@4=1;0@8=1;1@4=1;1@7=1;1@9=1;2@4=1;5@7=1;6@1=1,"4,8,7,9,1",8,8,8,0,1.0,0.1802667811619546,1.0,0.08895378751501384,0.0,0.045518755749716824,0.7,2.7833411693573,Optimal
265,264,15,9,6,"ADD:0,7;ADD:1,2;ADD:1,7;ADD:4,6;ADD:5,1;ADD:5,6;ADD:6,9;ADD:7,2;ADD:7,3;REMOVE:0,4;REMOVE:1,4;REMOVE:1,9;REMOVE:2,4;REMOVE:5,7;REMOVE:6,1",0:4|8;1:4|9;2:4;3:-;4:-;5:7;6:1;7:-;8:-;9:-,0:7|8;1:2|7;2:-;3:-;4:6;5:1|6;6:9;7:2|3;8:-;9:-,0@1=1;0@2=1;0@4=3;0@7=1;1@4=1;1@7=1;1@0=1;1@9=1;4@6=1;5@1=1;5@6=1;6@9=1;7@2=4;7@3=1,"1,2,4,7,0,9,6,3",19,14,14,0,1.0,-0.1600159921969474,0.8571428571428571,0.05765233711318681,0.0,0.040739261991086656,0.8999999999999999,7.1141037940979,Optimal
266,265,13,7,6,"ADD:0,2;ADD:1,8;ADD:2,7;ADD:4,7;ADD:4,8;ADD:6,6;ADD:7,7;REMOVE:0,8;REMOVE:4,6;REMOVE:5,1;REMOVE:5,6;REMOVE:6,9;REMOVE:7,3",0:7|8;1:2|7;2:-;3:-;4:6;5:1|6;6:9;7:2|3;8:-;9:-,0:2|7;1:2|7|8;2:7;3:-;4:7|8;5:-;6:6;7:2|7;8:-;9:-,0@0=1;0@2=3;0@4=2;0@7=1;0@8=1;0@9=1;1@2=1;1@4=3;1@7=1;1@8=1;1@1=1;1@5=1;1@6=1;2@7=1;4@2=1;4@4=1;4@1=1;6@6=1;7@0=1;7@2=3;7@3=1,"0,2,4,7,8,9,1,5,6,3",28,21,21,0,1.0,-0.16304803567902715,0.6,0.04308918345085177,0.1,0.012403087801456941,0.7,9.546293020248413,Optimal
267,266,10,3,7,"ADD:0,1;ADD:4,2;ADD:5,4;REMOVE:0,2;REMOVE:1,7;REMOVE:1,8;REMOVE:2,7;REMOVE:4,7;REMOVE:4,8;REMOVE:6,6",0:2|7;1:2|7|8;2:7;3:-;4:7|8;5:-;6:6;7:2|7;8:-;9:-,0:1|7;1:2;2:-;3:-;4:2;5:4;6:-;7:2|7;8:-;9:-,0@1=1;0@3=1;0@6=1;0@8=1;1@2=3;4@2=1;5@4=1;7@3=2;7@0=2,"1,3,6,8,2,4,0",13,9,9,0,1.0,0.2544851881984942,0.6363636363636364,0.04664300620952702,0.0,0.040399370699817846,0.30000000000000004,3.904146909713745,Optimal
268,267,12,5,7,"ADD:0,4;ADD:0,6;ADD:4,1;ADD:4,8;ADD:6,8;REMOVE:0,1;REMOVE:0,7;REMOVE:1,2;REMOVE:4,2;REMOVE:5,4;REMOVE:7,2;REMOVE:7,7",0:1|7;1:2;2:-;3:-;4:2;5:4;6:-;7:2|7;8:-;9:-,0:4|6;1:-;2:-;3:-;4:1|8;5:-;6:8;7:-;8:-;9:-,0@4=1;0@6=1;0@7=1;4@1=1;4@8=1;6@8=1,"4,6,7,1,8",6,6,6,0,1.0,0.37821016017343745,1.0,0.08623450808106593,0.0,0.04611276854292323,0.5,2.4208080768585205,Optimal
269,268,14,9,5,"ADD:0,2;ADD:0,3;ADD:0,7;ADD:2,1;ADD:2,2;ADD:4,2;ADD:5,1;ADD:6,7;ADD:7,9;REMOVE:0,4;REMOVE:0,6;REMOVE:4,1;REMOVE:4,8;REMOVE:6,8",0:4|6;1:-;2:-;3:-;4:1|8;5:-;6:8;7:-;8:-;9:-,0:2|3|7;1:-;2:1|2;3:-;4:2;5:1;6:7;7:9;8:-;9:-,0@0=1;0@1=1;0@3=1;0@4=1;0@8=1;2@1=1;2@2=2;4@2=2;5@1=1;6@7=1;7@9=1,"0,1,3,4,8,2,7,9",13,11,11,0,1.0,-0.03824760529818316,1.0,0.06813112410000094,0.0,0.03623747710907997,0.8999999999999999,4.858405828475952,Optimal
270,269,12,7,5,"ADD:0,6;ADD:1,2;ADD:1,4;ADD:4,5;ADD:5,6;ADD:6,1;ADD:7,7;REMOVE:0,3;REMOVE:0,7;REMOVE:2,1;REMOVE:5,1;REMOVE:6,7",0:2|3|7;1:-;2:1|2;3:-;4:2;5:1;6:7;7:9;8:-;9:-,0:2|6;1:2|4;2:2;3:-;4:2|5;5:6;6:1;7:7|9;8:-;9:-,0@2=2;0@6=1;1@2=1;1@4=1;2@2=1;4@2=1;4@5=2;5@6=1;6@1=1;7@2=1;7@6=1;7@7=1,"2,6,4,5,1,7",14,12,12,0,1.0,-0.15470356162710797,0.5555555555555556,0.0877306064086542,0.1111111111111111,0.04222643289650937,0.7,7.608229160308838,Optimal
271,270,13,4,9,"ADD:0,3;ADD:2,6;ADD:5,7;ADD:7,6;REMOVE:0,6;REMOVE:1,2;REMOVE:1,4;REMOVE:4,2;REMOVE:4,5;REMOVE:5,6;REMOVE:6,1;REMOVE:7,7;REMOVE:7,9",0:2|6;1:2|4;2:2;3:-;4:2|5;5:6;6:1;7:7|9;8:-;9:-,0:2|3;1:-;2:2|6;3:-;4:-;5:7;6:-;7:6;8:-;9:-,0@2=1;0@3=1;0@5=1;0@7=1;2@7=1;2@4=1;2@6=1;5@7=1;7@6=1,"2,3,5,7,4,6",9,9,9,0,1.0,0.30567140932266523,0.8181818181818182,0.05424912887110365,0.0,0.0386332584016387,0.4,5.928177118301392,Optimal
272,271,9,3,6,"ADD:0,0;ADD:0,9;ADD:7,4;REMOVE:0,2;REMOVE:0,3;REMOVE:2,2;REMOVE:2,6;REMOVE:5,7;REMOVE:7,6",0:2|3;1:-;2:2|6;3:-;4:-;5:7;6:-;7:6;8:-;9:-,0:0|9;1:-;2:-;3:-;4:-;5:-;6:-;7:4;8:-;9:-,0@0=1;0@1=1;0@2=1;0@6=1;7@2=1;7@8=2,"0,1,2,6,8",7,6,6,0,1.0,0.5125035888090759,1.0,0.015629486011344812,0.0,0.0,0.30000000000000004,3.015716791152954,Optimal
273,272,11,8,3,"ADD:0,1;ADD:0,2;ADD:0,7;ADD:3,2;ADD:5,4;ADD:5,6;ADD:7,2;ADD:7,7;REMOVE:0,0;REMOVE:0,9;REMOVE:7,4",0:0|9;1:-;2:-;3:-;4:-;5:-;6:-;7:4;8:-;9:-,0:1|2|7;1:-;2:-;3:2;4:-;5:4|6;6:-;7:2|7;8:-;9:-,0@0=1;0@1=3;0@2=1;0@4=1;0@7=2;0@9=1;3@2=1;5@4=1;5@6=2;7@2=1;7@4=1;7@9=1,"0,1,2,4,7,9,6",16,12,12,0,1.0,0.06784494682514797,1.0,0.07298776628949737,0.0,0.04727366896774986,0.7999999999999999,4.266127109527588,Optimal
274,273,11,6,5,"ADD:0,8;ADD:4,3;ADD:4,4;ADD:6,4;ADD:6,5;ADD:7,3;REMOVE:0,7;REMOVE:3,2;REMOVE:5,4;REMOVE:5,6;REMOVE:7,2",0:1|2|7;1:-;2:-;3:2;4:-;5:4|6;6:-;7:2|7;8:-;9:-,0:1|2|8;1:-;2:-;3:-;4:3|4;5:-;6:4|5;7:3|7;8:-;9:-,0@1=3;0@2=2;0@4=1;0@5=1;0@8=1;4@2=1;4@4=1;4@3=1;6@4=1;6@5=1;7@1=1;7@2=1;7@7=1,"1,2,4,5,8,3,7",16,13,13,0,1.0,-0.012607827097410484,0.625,0.06568001545192063,0.125,0.04924080270526505,0.6,7.906030893325806,Optimal
275,274,10,2,8,"ADD:0,7;ADD:7,0;REMOVE:0,1;REMOVE:0,2;REMOVE:0,8;REMOVE:4,3;REMOVE:6,4;REMOVE:6,5;REMOVE:7,3;REMOVE:7,7",0:1|2|8;1:-;2:-;3:-;4:3|4;5:-;6:4|5;7:3|7;8:-;9:-,0:7;1:-;2:-;3:-;4:4;5:-;6:-;7:0;8:-;9:-,0@0=1;0@1=1;0@4=2;0@8=1;4@2=1;4@6=1;7@0=2,"0,1,4,8,2,6",9,7,7,0,1.0,0.5305093526478837,0.8888888888888888,0.02424780192096569,0.0,0.0,0.2,1.1736900806427002,Optimal
276,275,9,6,3,"ADD:0,2;ADD:0,6;ADD:0,8;ADD:5,4;ADD:5,7;ADD:7,1;REMOVE:0,7;REMOVE:4,4;REMOVE:7,0",0:7;1:-;2:-;3:-;4:4;5:-;6:-;7:0;8:-;9:-,0:2|6|8;1:-;2:-;3:-;4:-;5:4|7;6:-;7:1;8:-;9:-,0@1=1;0@2=2;0@5=1;0@6=2;0@8=1;5@4=1;5@7=1;7@1=1,"1,2,5,6,8,4,7",10,8,8,0,1.0,0.27501220374547775,1.0,0.07990205993196074,0.0,0.05545277899954597,0.6,5.500888109207153,Optimal
277,276,8,3,5,"ADD:0,4;ADD:4,4;ADD:7,6;REMOVE:0,2;REMOVE:0,6;REMOVE:0,8;REMOVE:5,4;REMOVE:7,1",0:2|6|8;1:-;2:-;3:-;4:-;5:4|7;6:-;7:1;8:-;9:-,0:4;1:-;2:-;3:-;4:4;5:7;6:-;7:6;8:-;9:-,0@4=1;4@4=1;5@1=1;5@2=1;7@1=1;7@9=1,"4,1,2,9",6,6,6,0,1.0,0.39370573974980216,0.8333333333333334,0.03379884135391929,0.0,0.0,0.30000000000000004,1.9695570468902588,Optimal
278,277,9,6,3,"ADD:0,2;ADD:0,9;ADD:5,3;ADD:5,4;ADD:7,2;ADD:7,7;REMOVE:0,4;REMOVE:5,7;REMOVE:7,6",0:4;1:-;2:-;3:-;4:4;5:7;6:-;7:6;8:-;9:-,0:2|9;1:-;2:-;3:-;4:4;5:3|4;6:-;7:2|7;8:-;9:-,0@2=2;0@9=1;4@4=1;5@4=1;5@3=1;5@7=1;7@2=1;7@7=1,"2,9,4,3,7",9,8,8,0,1.0,0.0732799904200111,0.75,0.08086927583743608,0.0,0.04292284875031062,0.6,4.534250020980835,Optimal
279,278,17,10,7,"ADD:0,0;ADD:0,1;ADD:0,4;ADD:4,3;ADD:4,5;ADD:5,7;ADD:5,8;ADD:6,1;ADD:7,4;ADD:7,9;REMOVE:0,2;REMOVE:0,9;REMOVE:4,4;REMOVE:5,3;REMOVE:5,4;REMOVE:7,2;REMOVE:7,7",0:2|9;1:-;2:-;3:-;4:4;5:3|4;6:-;7:2|7;8:-;9:-,0:0|1|4;1:-;2:-;3:-;4:3|5;5:7|8;6:1;7:4|9;8:-;9:-,0@0=1;0@1=1;0@2=1;0@4=3;0@7=1;4@3=2;4@5=1;5@2=1;5@4=1;5@7=1;5@8=1;6@1=1;7@2=1;7@6=1;7@9=1,"0,1,2,4,7,3,5,8,6,9",18,15,15,0,1.0,-0.13670569867535687,1.0,0.06716756673363468,0.0,0.04780123968867603,0.9999999999999999,8.23296594619751,Optimal
280,279,15,7,8,"ADD:0,3;ADD:1,4;ADD:2,0;ADD:2,9;ADD:4,8;ADD:5,4;ADD:7,1;REMOVE:0,0;REMOVE:0,1;REMOVE:0,4;REMOVE:4,5;REMOVE:5,7;REMOVE:5,8;REMOVE:6,1;REMOVE:7,9",0:0|1|4;1:-;2:-;3:-;4:3|5;5:7|8;6:1;7:4|9;8:-;9:-,0:3;1:4;2:0|9;3:-;4:3|8;5:4;6:-;7:1|4;8:-;9:-,0@3=1;1@4=1;2@0=1;2@9=1;4@1=1;4@2=2;4@5=1;5@4=1;7@4=3;7@1=1;7@8=1,"3,4,0,9,1,2,5,8",14,11,11,0,1.0,0.0038008363290312763,0.8,0.06683363822321875,0.0,0.051669628752280594,0.7,7.224097013473511,Optimal
281,280,13,8,5,"ADD:0,7;ADD:1,3;ADD:1,8;ADD:2,1;ADD:4,6;ADD:5,2;ADD:7,2;ADD:7,8;REMOVE:1,4;REMOVE:2,0;REMOVE:4,3;REMOVE:7,1;REMOVE:7,4",0:3;1:4;2:0|9;3:-;4:3|8;5:4;6:-;7:1|4;8:-;9:-,0:3|7;1:3|8;2:1|9;3:-;4:6|8;5:2|4;6:-;7:2|8;8:-;9:-,0@1=1;0@2=1;0@3=1;1@1=1;1@2=1;1@3=1;1@5=1;1@7=1;2@1=1;2@7=1;2@9=1;4@7=1;4@8=1;5@7=1;5@4=2;7@2=1;7@5=2;7@7=1;7@8=1;7@4=1,"1,2,3,5,7,9,8,4",22,20,20,0,1.0,-0.2529794284720136,0.5555555555555556,0.04209313948843868,0.3333333333333333,0.0111747441306211,0.7999999999999999,7.9454991817474365,Optimal
282,281,13,8,5,"ADD:0,1;ADD:0,2;ADD:1,7;ADD:2,2;ADD:4,0;ADD:5,9;ADD:6,8;ADD:7,9;REMOVE:0,3;REMOVE:1,8;REMOVE:2,9;REMOVE:5,4;REMOVE:7,2",0:3|7;1:3|8;2:1|9;3:-;4:6|8;5:2|4;6:-;7:2|8;8:-;9:-,0:1|2|7;1:3|7;2:1|2;3:-;4:0|6|8;5:2|9;6:8;7:8|9;8:-;9:-,0@0=1;0@1=1;0@2=2;0@6=1;0@8=1;1@1=1;1@2=2;1@3=1;1@9=1;2@1=2;2@2=1;2@8=1;2@9=1;2@7=1;4@0=1;4@1=1;4@2=1;5@2=1;5@9=2;6@8=1;7@2=1;7@6=1;7@9=1,"0,1,2,6,8,3,9,7",27,23,23,0,1.0,-0.3739500045290142,0.4166666666666667,0.046508382254459274,0.25,0.027549781670424708,0.7999999999999999,9.576221942901611,Optimal
283,282,15,4,11,"ADD:0,6;ADD:4,4;ADD:6,2;ADD:7,4;REMOVE:0,1;REMOVE:0,2;REMOVE:1,3;REMOVE:1,7;REMOVE:2,1;REMOVE:2,2;REMOVE:4,0;REMOVE:4,6;REMOVE:5,2;REMOVE:5,9;REMOVE:7,8",0:1|2|7;1:3|7;2:1|2;3:-;4:0|6|8;5:2|9;6:8;7:8|9;8:-;9:-,0:6|7;1:-;2:-;3:-;4:4|8;5:-;6:2|8;7:4|9;8:-;9:-,0@4=1;0@6=1;0@7=1;4@4=1;4@6=1;4@2=1;4@8=1;6@2=1;6@5=1;7@4=2;7@2=2;7@9=1,"4,6,7,2,8,5,9",14,12,12,0,1.0,0.2500983009743156,0.7333333333333333,0.05365506736103303,0.06666666666666667,0.03587123542744626,0.4,7.362617015838623,Optimal
284,283,12,8,4,"ADD:0,5;ADD:2,2;ADD:2,7;ADD:4,0;ADD:4,3;ADD:5,0;ADD:5,3;ADD:7,0;REMOVE:0,6;REMOVE:4,4;REMOVE:6,2;REMOVE:7,9",0:6|7;1:-;2:-;3:-;4:4|8;5:-;6:2|8;7:4|9;8:-;9:-,0:5|7;1:-;2:2|7;3:-;4:0|3|8;5:0|3;6:8;7:0|4;8:-;9:-,0@3=1;0@8=1;2@8=1;2@0=1;2@4=2;4@3=1;4@0=1;4@1=1;4@2=1;4@5=1;5@3=1;5@0=1;6@8=1;7@0=1;7@4=1,"3,8,0,4,1,2,5",16,15,15,0,1.0,-0.3394285884303112,0.5,0.03819026594517636,0.125,0.025095994067737895,0.7999999999999999,9.634650945663452,Optimal
285,284,12,1,11,"ADD:5,4;REMOVE:0,5;REMOVE:2,2;REMOVE:2,7;REMOVE:4,0;REMOVE:4,3;REMOVE:4,8;REMOVE:5,0;REMOVE:5,3;REMOVE:6,8;REMOVE:7,0;REMOVE:7,4",0:5|7;1:-;2:2|7;3:-;4:0|3|8;5:0|3;6:8;7:0|4;8:-;9:-,0:7;1:-;2:-;3:-;4:-;5:4;6:-;7:-;8:-;9:-,0@7=1;5@4=1,"7,4",2,2,2,0,1.0,0.7119718741050376,0.9166666666666666,0.0904809675260559,0.0,0.03126883375429698,0.1,0.3875081539154053,Optimal
286,285,7,5,2,"ADD:0,3;ADD:0,6;ADD:2,7;ADD:5,9;ADD:7,8;REMOVE:0,7;REMOVE:5,4",0:7;1:-;2:-;3:-;4:-;5:4;6:-;7:-;8:-;9:-,0:3|6;1:-;2:7;3:-;4:-;5:9;6:-;7:8;8:-;9:-,0@1=1;0@3=1;0@4=1;2@3=1;2@4=1;2@6=1;5@6=1;5@2=1;7@1=1;7@4=1;7@2=1;7@5=1,"1,3,4,6,2,5",12,12,12,0,1.0,0.30763129277697154,1.0,0.00953911597121429,0.0,0.0,0.5,1.6516921520233154,Optimal
287,286,20,15,5,"ADD:0,5;ADD:0,9;ADD:1,2;ADD:1,6;ADD:2,1;ADD:2,6;ADD:4,1;ADD:4,4;ADD:5,2;ADD:5,4;ADD:6,3;ADD:6,6;ADD:7,1;ADD:7,4;ADD:7,9;REMOVE:0,3;REMOVE:0,6;REMOVE:2,7;REMOVE:5,9;REMOVE:7,8",0:3|6;1:-;2:7;3:-;4:-;5:9;6:-;7:8;8:-;9:-,0:5|9;1:2|6;2:1|6;3:-;4:1|4;5:2|4;6:3|6;7:1|4|9;8:-;9:-,0@3=1;0@5=1;0@9=2;1@2=1;1@4=1;1@6=2;1@7=1;2@7=1;2@1=1;4@4=2;4@1=1;5@2=1;5@4=2;6@3=1;6@6=1;6@1=1;7@9=1;7@2=1;7@4=1;7@1=3;7@8=1,"3,5,9,2,4,6,7,1,8",27,21,21,0,1.0,-0.6337988189166551,1.0,0.07060279751745853,0.0,0.04859471534689088,1.5000000000000002,8.620840787887573,Optimal
288,287,14,3,11,"ADD:0,1;ADD:4,3;ADD:6,1;REMOVE:0,5;REMOVE:0,9;REMOVE:1,2;REMOVE:1,6;REMOVE:2,1;REMOVE:2,6;REMOVE:4,4;REMOVE:5,4;REMOVE:6,3;REMOVE:6,6;REMOVE:7,1",0:5|9;1:2|6;2:1|6;3:-;4:1|4;5:2|4;6:3|6;7:1|4|9;8:-;9:-,0:1;1:-;2:-;3:-;4:1|3;5:2;6:1;7:4|9;8:-;9:-,0@1=2;4@1=1;4@3=1;5@2=1;6@1=1;7@2=1;7@4=3;7@6=1,"1,3,2,4,6",11,8,8,0,1.0,0.37032056537059665,0.7333333333333333,0.07855577184292903,0.06666666666666667,0.0373797394812675,0.30000000000000004,3.450744867324829,Optimal
289,288,12,5,7,"ADD:0,7;ADD:4,2;ADD:5,9;ADD:6,7;ADD:7,7;REMOVE:0,1;REMOVE:4,1;REMOVE:4,3;REMOVE:5,2;REMOVE:6,1;REMOVE:7,4;REMOVE:7,9",0:1;1:-;2:-;3:-;4:1|3;5:2;6:1;7:4|9;8:-;9:-,0:7;1:-;2:-;3:-;4:2;5:9;6:7;7:7;8:-;9:-,0@1=1;0@4=1;4@2=1;5@1=1;5@2=1;6@4=1;6@0=1;6@3=1;7@1=1;7@4=1;7@2=1;7@0=1;7@3=1;7@8=1,"1,4,2,0,3,8",14,14,14,0,1.0,0.3052483991875117,1.0,0.006560498984389492,0.0,0.0,0.5,1.0608439445495605,Optimal
290,289,13,8,5,"ADD:0,1;ADD:0,2;ADD:1,4;ADD:1,9;ADD:4,7;ADD:5,2;ADD:5,4;ADD:6,1;REMOVE:0,7;REMOVE:4,2;REMOVE:5,9;REMOVE:6,7;REMOVE:7,7",0:7;1:-;2:-;3:-;4:2;5:9;6:7;7:7;8:-;9:-,0:1|2;1:4|9;2:-;3:-;4:7;5:2|4;6:1;7:-;8:-;9:-,0@3=1;0@7=1;0@8=1;0@9=1;1@9=1;1@2=1;1@4=2;4@7=1;5@2=1;5@4=1;6@1=1,"3,7,8,9,2,4,1",12,11,11,0,1.0,0.04725467369137626,1.0,0.05233311635652869,0.0,0.026940903030766815,0.7999999999999999,5.758749961853027,Optimal
291,290,14,8,6,"ADD:0,4;ADD:1,8;ADD:2,5;ADD:4,2;ADD:5,6;ADD:7,1;ADD:7,5;ADD:7,9;REMOVE:0,2;REMOVE:1,4;REMOVE:1,9;REMOVE:4,7;REMOVE:5,4;REMOVE:6,1",0:1|2;1:4|9;2:-;3:-;4:7;5:2|4;6:1;7:-;8:-;9:-,0:1|4;1:8;2:5;3:-;4:2;5:2|6;6:-;7:1|5|9;8:-;9:-,0@4=1;0@8=1;1@8=1;2@5=1;4@2=2;5@8=1;5@6=1;7@5=1;7@2=1;7@1=2;7@9=1,"4,8,5,2,6,1,9",13,11,11,0,1.0,-0.10276147723869145,0.75,0.07635725721690376,0.125,0.055763584938927385,0.7999999999999999,5.827270030975342,Optimal
292,291,13,4,9,"ADD:0,5;ADD:6,4;ADD:7,4;ADD:8,4;REMOVE:0,1;REMOVE:0,4;REMOVE:1,8;REMOVE:2,5;REMOVE:4,2;REMOVE:5,2;REMOVE:5,6;REMOVE:7,5;REMOVE:7,9",0:1|4;1:8;2:5;3:-;4:2;5:2|6;6:-;7:1|5|9;8:-;9:-,0:5;1:-;2:-;3:-;4:-;5:-;6:4;7:1|4;8:4;9:-,0@5=2;6@4=1;7@4=1;7@1=2;7@7=1;8@4=1,"5,4,1,7",8,6,6,0,1.0,0.40158001779904773,0.9,0.0911977585239872,0.0,0.04310905489928943,0.4,1.7395172119140625,Optimal
293,292,12,7,5,"ADD:0,2;ADD:0,3;ADD:1,8;ADD:1,9;ADD:4,5;ADD:5,2;ADD:8,1;REMOVE:0,5;REMOVE:6,4;REMOVE:7,1;REMOVE:7,4;REMOVE:8,4",0:5;1:-;2:-;3:-;4:-;5:-;6:4;7:1|4;8:4;9:-,0:2|3;1:8|9;2:-;3:-;4:5;5:2;6:-;7:-;8:1;9:-,0@2=1;0@3=1;1@2=1;1@1=1;1@6=1;4@5=1;5@2=2;8@1=1,"2,3,1,6,5",9,8,8,0,1.0,0.1595298970299841,1.0,0.0677047721505729,0.0,0.026830396547629087,0.7,5.178617000579834,Optimal
294,293,12,7,5,"ADD:0,4;ADD:4,1;ADD:5,4;ADD:5,5;ADD:6,2;ADD:7,4;ADD:7,6;REMOVE:0,3;REMOVE:1,8;REMOVE:4,5;REMOVE:5,2;REMOVE:8,1",0:2|3;1:8|9;2:-;3:-;4:5;5:2;6:-;7:-;8:1;9:-,0:2|4;1:9;2:-;3:-;4:1;5:4|5;6:2;7:4|6;8:-;9:-,0@2=2;0@4=1;1@9=1;4@1=2;5@4=1;5@5=1;6@2=1;7@4=1;7@6=1,"2,4,9,1,5,6",11,9,9,0,1.0,-0.03362511007415436,0.7142857142857143,0.1018518913844237,0.0,0.06732402694867587,0.7,4.3358049392700195,Optimal
295,294,14,7,7,"ADD:0,7;ADD:0,8;ADD:2,4;ADD:5,2;ADD:5,7;ADD:6,5;ADD:7,0;REMOVE:0,2;REMOVE:0,4;REMOVE:1,9;REMOVE:4,1;REMOVE:5,4;REMOVE:5,5;REMOVE:6,2",0:2|4;1:9;2:-;3:-;4:1;5:4|5;6:2;7:4|6;8:-;9:-,0:7|8;1:-;2:4;3:-;4:-;5:2|7;6:5;7:0|4|6;8:-;9:-,0@1=1;0@2=1;0@6=1;0@8=1;2@4=1;5@4=1;5@0=1;5@3=1;6@5=1;7@2=1;7@6=1;7@0=1;7@7=1,"1,2,6,8,4,0,3,5,7",13,13,13,0,1.0,-0.04451900089741323,0.7777777777777778,0.0352429229833517,0.0,0.025322192468415616,0.7,8.531753063201904,Optimal
296,295,13,7,6,"ADD:0,2;ADD:1,3;ADD:3,1;ADD:4,6;ADD:5,8;ADD:6,1;ADD:7,3;REMOVE:0,8;REMOVE:2,4;REMOVE:5,2;REMOVE:6,5;REMOVE:7,0;REMOVE:7,4",0:7|8;1:-;2:4;3:-;4:-;5:2|7;6:5;7:0|4|6;8:-;9:-,0:2|7;1:3;2:-;3:1;4:6;5:7|8;6:1;7:3|6;8:-;9:-,0@0=1;0@3=1;0@4=1;1@3=1;3@1=1;4@6=1;5@4=1;5@1=1;5@7=1;6@1=1;7@3=1;7@1=1,"0,3,4,1,6,7",12,12,12,0,1.0,-0.09520353727587927,0.6666666666666666,0.05178859295809559,0.1111111111111111,0.03905016401044345,0.7,4.600029945373535,Optimal
297,296,14,8,6,"ADD:0,1;ADD:1,2;ADD:3,9;ADD:4,2;ADD:4,5;ADD:5,1;ADD:6,7;ADD:7,4;REMOVE:0,2;REMOVE:3,1;REMOVE:5,7;REMOVE:5,8;REMOVE:6,1;REMOVE:7,3",0:2|7;1:3;2:-;3:1;4:6;5:7|8;6:1;7:3|6;8:-;9:-,0:1|7;1:2|3;2:-;3:9;4:2|5|6;5:1;6:7;7:4|6;8:-;9:-,0@1=1;0@3=1;1@5=1;1@9=1;3@9=1;4@5=1;4@0=1;4@4=1;5@1=1;6@7=1;7@4=1;7@6=2,"1,3,5,9,0,4,7,6",13,12,12,0,1.0,-0.21841091472127294,0.6,0.06550858818327705,0.2,0.04591107366052655,0.7999999999999999,10.016650915145874,Optimal
298,297,11,1,10,"ADD:1,7;REMOVE:0,1;REMOVE:0,7;REMOVE:1,2;REMOVE:1,3;REMOVE:3,9;REMOVE:4,2;REMOVE:4,5;REMOVE:4,6;REMOVE:6,7;REMOVE:7,6",0:1|7;1:2|3;2:-;3:9;4:2|5|6;5:1;6:7;7:4|6;8:-;9:-,0:-;1:7;2:-;3:-;4:-;5:1;6:-;7:4;8:-;9:-,1@2=1;1@4=1;1@9=1;5@1=1;7@8=1,"2,4,9,1,8",5,5,5,0,1.0,0.583730468342266,0.8333333333333334,0.021329752094499214,0.0,0.0,0.1,1.575103998184204,Optimal
299,298,9,6,3,"ADD:1,1;ADD:1,2;ADD:1,6;ADD:4,6;ADD:6,2;ADD:7,9;REMOVE:1,7;REMOVE:5,1;REMOVE:7,4",0:-;1:7;2:-;3:-;4:-;5:1;6:-;7:4;8:-;9:-,0:-;1:1|2|6;2:-;3:-;4:6;5:-;6:2;7:9;8:-;9:-,1@1=1;1@2=1;1@3=1;1@6=1;4@6=1;6@2=1;7@9=1,"1,2,3,6,9",7,7,7,0,1.0,0.2829891357527011,1.0,0.09097497189768425,0.0,0.05104579117276875,0.6,3.324169874191284,Optimal
300,299,17,11,6,"ADD:0,4;ADD:0,6;ADD:1,0;ADD:1,7;ADD:1,8;ADD:4,2;ADD:4,7;ADD:4,9;ADD:5,6;ADD:7,5;ADD:7,7;REMOVE:1,1;REMOVE:1,2;REMOVE:1,6;REMOVE:4,6;REMOVE:6,2;REMOVE:7,9",0:-;1:1|2|6;2:-;3:-;4:6;5:-;6:2;7:9;8:-;9:-,0:4|6;1:0|7|8;2:-;3:-;4:2|7|9;5:6;6:-;7:5|7;8:-;9:-,0@4=2;0@6=1;0@7=1;1@4=1;1@0=1;1@1=1;1@2=1;4@4=1;4@0=1;4@1=1;4@9=1;5@6=1;7@7=1;7@2=1;7@5=1,"4,6,7,0,1,2,9,5",16,15,15,0,1.0,-0.2535974365435464,1.0,0.049996427295680296,0.0,0.032027108099546106,1.0999999999999999,9.865411281585693,Optimal
301,300,16,9,7,"ADD:0,0;ADD:0,3;ADD:1,9;ADD:2,2;ADD:2,8;ADD:4,4;ADD:5,7;ADD:6,5;ADD:7,2;REMOVE:0,4;REMOVE:1,0;REMOVE:1,7;REMOVE:4,2;REMOVE:4,7;REMOVE:5,6;REMOVE:7,5",0:4|6;1:0|7|8;2:-;3:-;4:2|7|9;5:6;6:-;7:5|7;8:-;9:-,0:0|3|6;1:8|9;2:2|8;3:-;4:4|9;5:7;6:5;7:2|7;8:-;9:-,0@0=1;0@1=1;0@2=1;0@5=1;0@7=1;1@1=1;1@2=1;1@7=1;1@8=1;1@9=1;2@2=1;2@8=1;2@4=1;4@2=1;4@4=2;4@6=1;5@7=1;6@5=1;7@9=1;7@4=1;7@3=1,"0,1,2,5,7,8,9,4,6,3",22,21,21,0,1.0,-0.3162810653717907,0.6363636363636364,0.04028771432971997,0.18181818181818182,0.030171088549439066,0.8999999999999999,8.708585023880005,Optimal
302,301,12,5,7,"ADD:0,8;ADD:2,1;ADD:4,7;ADD:5,4;ADD:7,1;REMOVE:0,0;REMOVE:2,2;REMOVE:2,8;REMOVE:4,4;REMOVE:4,9;REMOVE:5,7;REMOVE:6,5",0:0|3|6;1:8|9;2:2|8;3:-;4:4|9;5:7;6:5;7:2|7;8:-;9:-,0:3|6|8;1:8|9;2:1;3:-;4:7;5:4;6:-;7:1|2|7;8:-;9:-,0@1=1;0@3=1;0@4=2;0@5=1;0@7=1;0@8=1;1@2=2;1@9=1;2@1=1;4@7=1;5@4=1;7@1=2;7@3=1;7@4=3;7@9=1;7@0=1,"1,3,4,5,7,8,2,9,0",21,16,16,0,1.0,-0.016898335211745996,0.5384615384615384,0.038551229926636635,0.07692307692307693,0.030534173465492517,0.5,6.883823871612549,Optimal
303,302,8,3,5,"ADD:2,4;ADD:4,5;ADD:6,4;REMOVE:1,8;REMOVE:1,9;REMOVE:2,1;REMOVE:5,4;REMOVE:7,1",0:3|6|8;1:8|9;2:1;3:-;4:7;5:4;6:-;7:1|2|7;8:-;9:-,0:3|6|8;1:-;2:4;3:-;4:5|7;5:-;6:4;7:2|7;8:-;9:-,0@1=2;0@3=1;0@6=2;0@7=1;0@8=1;0@9=1;2@4=1;4@8=1;4@0=1;6@4=1;7@4=2;7@2=1,"1,3,6,7,8,9,4,0,2",15,12,12,0,1.0,0.12982605151073412,0.45454545454545453,0.049827417162310275,0.09090909090909091,0.04072967981352082,0.30000000000000004,6.410224914550781,Optimal
304,303,12,7,5,"ADD:0,0;ADD:1,1;ADD:1,9;ADD:3,0;ADD:4,0;ADD:5,4;ADD:6,2;REMOVE:0,3;REMOVE:2,4;REMOVE:4,5;REMOVE:4,7;REMOVE:6,4",0:3|6|8;1:-;2:4;3:-;4:5|7;5:-;6:4;7:2|7;8:-;9:-,0:0|6|8;1:1|9;2:-;3:0;4:0;5:4;6:2;7:2|7;8:-;9:-,0@0=1;0@4=1;0@5=2;1@1=1;1@3=1;1@6=1;1@7=1;1@9=1;3@0=1;4@0=1;5@4=1;6@2=1;7@9=1;7@2=2,"0,4,5,1,3,6,7,9,2",16,14,14,0,1.0,-0.17962571288947182,0.5555555555555556,0.05859683962783661,0.1111111111111111,0.03415074370796084,0.7,6.336384057998657,Optimal
305,304,16,7,9,"ADD:0,1;ADD:1,3;ADD:2,6;ADD:4,3;ADD:5,6;ADD:6,0;ADD:6,6;REMOVE:0,0;REMOVE:0,6;REMOVE:0,8;REMOVE:1,1;REMOVE:1,9;REMOVE:3,0;REMOVE:5,4;REMOVE:7,2;REMOVE:7,7",0:0|6|8;1:1|9;2:-;3:0;4:0;5:4;6:2;7:2|7;8:-;9:-,0:1;1:3;2:6;3:-;4:0|3;5:6;6:0|2|6;7:-;8:-;9:-,0@1=2;1@3=1;2@6=1;4@3=1;4@7=1;5@6=1;6@6=1;6@0=1;6@9=1,"1,3,6,7,0,9",10,9,9,0,1.0,0.045708505049563475,0.8181818181818182,0.07973114380346442,0.09090909090909091,0.0459815863975954,0.7,3.639594078063965,Optimal
306,305,12,5,7,"ADD:0,5;ADD:2,0;ADD:2,9;ADD:7,2;ADD:7,4;REMOVE:0,1;REMOVE:1,3;REMOVE:2,6;REMOVE:4,0;REMOVE:5,6;REMOVE:6,0;REMOVE:6,6",0:1;1:3;2:6;3:-;4:0|3;5:6;6:0|2|6;7:-;8:-;9:-,0:5;1:-;2:0|9;3:-;4:3;5:-;6:2;7:2|4;8:-;9:-,0@5=1;2@0=1;2@9=1;4@3=1;6@2=1;7@2=1;7@4=1,"5,0,9,3,2,4",7,7,7,0,1.0,0.21089265943052704,0.7777777777777778,0.09522342520375901,0.0,0.062458485226487295,0.5,1.991091012954712,Optimal
307,306,17,10,7,"ADD:0,1;ADD:0,9;ADD:2,6;ADD:2,7;ADD:4,2;ADD:5,2;ADD:5,5;ADD:5,6;ADD:7,5;ADD:8,4;REMOVE:0,5;REMOVE:2,0;REMOVE:2,9;REMOVE:4,3;REMOVE:6,2;REMOVE:7,2;REMOVE:7,4",0:5;1:-;2:0|9;3:-;4:3;5:-;6:2;7:2|4;8:-;9:-,0:1|9;1:-;2:6|7;3:-;4:2;5:2|5|6;6:-;7:5;8:4;9:-,0@1=1;0@3=1;0@6=1;0@9=1;2@1=1;2@6=1;2@9=1;2@4=1;4@2=1;5@6=1;5@2=3;5@5=1;7@5=1;8@4=1,"1,3,6,9,4,2,5",16,14,14,0,1.0,-0.13548588298246644,1.0,0.07047421207947514,0.0,0.04067373676976604,0.9999999999999999,6.084078788757324,Optimal
308,307,13,7,6,"ADD:0,2;ADD:0,7;ADD:1,8;ADD:2,3;ADD:4,5;ADD:6,1;ADD:7,4;REMOVE:0,1;REMOVE:0,9;REMOVE:2,6;REMOVE:4,2;REMOVE:5,5;REMOVE:8,4",0:1|9;1:-;2:6|7;3:-;4:2;5:2|5|6;6:-;7:5;8:4;9:-,0:2|7;1:8;2:3|7;3:-;4:5;5:2|6;6:1;7:4|5;8:-;9:-,0@0=1;0@2=2;0@4=1;0@8=1;1@8=1;2@2=1;2@1=1;2@3=1;4@5=2;5@2=1;5@4=1;5@8=1;6@1=1;7@2=1;7@4=1,"0,2,4,8,1,3,5",17,15,15,0,1.0,-0.13445259927318864,0.6,0.04980028649766449,0.2,0.028535857643398783,0.7,3.4516310691833496,Optimal
309,308,13,7,6,"ADD:1,4;ADD:2,2;ADD:4,6;ADD:5,4;ADD:6,5;ADD:7,0;ADD:7,9;REMOVE:2,3;REMOVE:4,5;REMOVE:5,2;REMOVE:5,6;REMOVE:6,1;REMOVE:7,4",0:2|7;1:8;2:3|7;3:-;4:5;5:2|6;6:1;7:4|5;8:-;9:-,0:2|7;1:4|8;2:2|7;3:-;4:6;5:4;6:5;7:0|5|9;8:-;9:-,0@2=1;0@9=2;1@2=1;1@4=1;2@4=1;2@0=1;4@6=1;5@4=1;6@5=1;7@2=2;7@9=1;7@0=1;7@5=2,"2,9,4,0,6,5",16,13,13,0,1.0,-0.17277047777928067,0.5454545454545454,0.05902911615244738,0.18181818181818182,0.03639478285744313,0.7,4.955851793289185,Optimal
310,309,18,9,9,"ADD:0,8;ADD:1,9;ADD:2,0;ADD:2,1;ADD:4,9;ADD:5,0;ADD:5,3;ADD:6,0;ADD:7,4;REMOVE:0,2;REMOVE:1,4;REMOVE:2,2;REMOVE:2,7;REMOVE:4,6;REMOVE:5,4;REMOVE:6,5;REMOVE:7,5;REMOVE:7,9",0:2|7;1:4|8;2:2|7;3:-;4:6;5:4;6:5;7:0|5|9;8:-;9:-,0:7|8;1:8|9;2:0|1;3:-;4:9;5:0|3;6:0;7:0|4;8:-;9:-,0@1=1;0@2=1;0@6=1;1@2=1;1@9=1;2@1=1;2@0=1;2@7=1;4@9=1;5@0=1;5@3=1;6@0=1;7@2=2;7@4=1,"1,2,6,9,0,7,3,4",15,14,14,0,1.0,-0.22704109992875066,0.75,0.05713537279801902,0.08333333333333333,0.05291967583083689,0.8999999999999999,5.699998140335083,Optimal
311,310,16,7,9,"ADD:0,3;ADD:2,3;ADD:2,4;ADD:4,2;ADD:6,4;ADD:7,8;ADD:7,9;REMOVE:0,7;REMOVE:0,8;REMOVE:2,0;REMOVE:4,9;REMOVE:5,0;REMOVE:5,3;REMOVE:6,0;REMOVE:7,0;REMOVE:7,4",0:7|8;1:8|9;2:0|1;3:-;4:9;5:0|3;6:0;7:0|4;8:-;9:-,0:3;1:8|9;2:1|3|4;3:-;4:2;5:-;6:4;7:8|9;8:-;9:-,0@3=1;1@1=1;1@9=1;2@3=1;2@1=1;2@4=1;4@2=1;6@4=2;7@9=2;7@2=1;7@8=1,"3,1,9,4,2,8",13,11,11,0,1.0,-0.0020579427663283134,0.75,0.08892030457731896,0.08333333333333333,0.05069573452574893,0.7,4.748454809188843,Optimal
312,311,11,6,5,"ADD:3,6;ADD:4,1;ADD:5,0;ADD:5,2;ADD:6,9;ADD:7,7;REMOVE:0,3;REMOVE:1,8;REMOVE:1,9;REMOVE:2,1;REMOVE:2,3",0:3;1:8|9;2:1|3|4;3:-;4:2;5:-;6:4;7:8|9;8:-;9:-,0:-;1:-;2:4;3:6;4:1|2;5:0|2;6:4|9;7:7|8|9;8:-;9:-,2@4=2;3@6=1;4@8=1;4@9=1;5@0=1;5@2=1;6@4=1;6@9=1;7@4=1;7@2=2;7@1=1;7@3=1,"4,6,8,9,0,2,1,3",14,12,12,0,1.0,-0.1268877307205714,0.5,0.05395229330528124,0.1,0.04975217317601758,0.6,5.227648019790649,Optimal
313,312,16,6,10,"ADD:1,6;ADD:4,4;ADD:5,4;ADD:5,5;ADD:6,8;ADD:7,0;REMOVE:2,4;REMOVE:3,6;REMOVE:4,1;REMOVE:4,2;REMOVE:5,0;REMOVE:6,4;REMOVE:6,9;REMOVE:7,7;REMOVE:7,8;REMOVE:7,9",0:-;1:-;2:4;3:6;4:1|2;5:0|2;6:4|9;7:7|8|9;8:-;9:-,0:-;1:6;2:-;3:-;4:4;5:2|4|5;6:8;7:0;8:-;9:-,1@6=1;4@4=1;5@4=1;5@3=1;5@5=1;6@8=1;7@0=1,"6,4,3,5,8,0",7,7,7,0,1.0,0.21331708273608652,0.9090909090909091,0.09061942880021552,0.0,0.06774406211593378,0.6,3.1674420833587646,Optimal
314,313,20,13,7,"ADD:1,2;ADD:1,9;ADD:2,0;ADD:2,1;ADD:2,6;ADD:3,7;ADD:4,2;ADD:4,9;ADD:5,6;ADD:5,8;ADD:6,4;ADD:7,3;ADD:7,8;REMOVE:1,6;REMOVE:4,4;REMOVE:5,2;REMOVE:5,4;REMOVE:5,5;REMOVE:6,8;REMOVE:7,0",0:-;1:6;2:-;3:-;4:4;5:2|4|5;6:8;7:0;8:-;9:-,0:-;1:2|9;2:0|1|6;3:7;4:2|9;5:6|8;6:4;7:3|8;8:-;9:-,1@2=1;1@9=2;2@0=1;2@1=1;2@6=1;3@7=1;4@2=1;4@9=1;5@4=1;5@8=1;6@4=1;7@2=1;7@1=2;7@7=1;7@5=1,"2,9,0,1,6,7,4,8,5",17,15,15,0,1.0,-0.4372740850492186,1.0,0.06705154746593199,0.0,0.04542338489017909,1.3,5.022308826446533,Optimal
315,314,11,4,7,"ADD:1,5;ADD:2,7;ADD:5,0;ADD:6,8;REMOVE:1,9;REMOVE:2,0;REMOVE:2,1;REMOVE:3,7;REMOVE:4,9;REMOVE:5,6;REMOVE:6,4",0:-;1:2|9;2:0|1|6;3:7;4:2|9;5:6|8;6:4;7:3|8;8:-;9:-,0:-;1:2|5;2:6|7;3:-;4:2;5:0|8;6:8;7:3|8;8:-;9:-,1@0=2;1@2=1;2@1=1;2@4=2;2@6=1;2@9=1;4@2=1;5@0=1;5@5=1;6@8=1;7@1=1;7@5=1;7@8=1;7@3=1,"0,2,1,4,6,9,5,8,3",16,14,14,0,1.0,0.09798176050448493,0.5384615384615384,0.041780175055705915,0.15384615384615385,0.015095794607293298,0.4,4.502166986465454,Optimal
316,315,9,5,4,"ADD:1,1;ADD:1,4;ADD:2,0;ADD:4,4;ADD:6,9;REMOVE:1,2;REMOVE:2,6;REMOVE:2,7;REMOVE:5,0",0:-;1:2|5;2:6|7;3:-;4:2;5:0|8;6:8;7:3|8;8:-;9:-,0:-;1:1|4|5;2:0;3:-;4:2|4;5:8;6:8|9;7:3|8;8:-;9:-,1@1=1;1@3=1;1@4=1;2@0=1;4@4=1;4@2=1;5@8=1;6@1=1;6@9=1;7@5=1;7@7=1,"1,3,4,0,2,8,9,5,7",11,11,11,0,1.0,-0.08190444008257802,0.4,0.0625642196009883,0.2,0.04022092118315645,0.5,5.925496816635132,Optimal
317,316,11,4,7,"ADD:2,2;ADD:4,0;ADD:5,1;ADD:7,9;REMOVE:1,5;REMOVE:2,0;REMOVE:4,2;REMOVE:5,8;REMOVE:6,8;REMOVE:6,9;REMOVE:7,8",0:-;1:1|4|5;2:0;3:-;4:2|4;5:8;6:8|9;7:3|8;8:-;9:-,0:-;1:1|4;2:2;3:-;4:0|4;5:1;6:-;7:3|9;8:-;9:-,1@1=2;1@7=1;2@2=1;4@0=2;4@4=1;5@1=1;7@3=1;7@9=1,"1,7,2,0,4,3,9",10,8,8,0,1.0,0.20743601993351402,0.6363636363636364,0.08968572005536224,0.09090909090909091,0.04207358308248484,0.4,4.118865013122559,Optimal
318,317,14,7,7,"ADD:1,2;ADD:2,1;ADD:4,2;ADD:4,8;ADD:5,9;ADD:7,2;ADD:7,8;REMOVE:1,1;REMOVE:1,4;REMOVE:4,0;REMOVE:4,4;REMOVE:5,1;REMOVE:7,3;REMOVE:7,9",0:-;1:1|4;2:2;3:-;4:0|4;5:1;6:-;7:3|9;8:-;9:-,0:-;1:2;2:1|2;3:-;4:2|8;5:9;6:-;7:2|8;8:-;9:-,1@2=1;2@2=1;2@1=1;2@9=1;4@2=1;4@8=1;5@9=1;7@2=2;7@8=1,"2,1,9,8",10,9,9,0,1.0,0.08205211339927698,0.875,0.09375262847318423,0.0,0.035250053103647344,0.7,2.8411238193511963,Optimal
319,318,12,4,8,"ADD:1,8;ADD:4,3;ADD:4,6;ADD:7,4;REMOVE:1,2;REMOVE:2,1;REMOVE:2,2;REMOVE:4,2;REMOVE:4,8;REMOVE:5,9;REMOVE:7,2;REMOVE:7,8",0:-;1:2;2:1|2;3:-;4:2|8;5:9;6:-;7:2|8;8:-;9:-,0:-;1:8;2:-;3:-;4:3|6;5:-;6:-;7:4;8:-;9:-,1@8=1;4@3=1;4@6=1;7@4=1,"8,3,6,4",4,4,4,0,1.0,0.4905636823816649,1.0,0.09905323908412018,0.0,0.056605455571844404,0.4,1.20306396484375,Optimal
320,319,13,9,4,"ADD:1,1;ADD:1,3;ADD:1,4;ADD:2,2;ADD:2,9;ADD:4,2;ADD:4,4;ADD:5,1;ADD:5,2;REMOVE:1,8;REMOVE:4,3;REMOVE:4,6;REMOVE:7,4",0:-;1:8;2:-;3:-;4:3|6;5:-;6:-;7:4;8:-;9:-,0:-;1:1|3|4;2:2|9;3:-;4:2|4;5:1|2;6:-;7:-;8:-;9:-,1@1=1;1@3=1;1@4=1;2@2=1;2@9=1;4@4=1;4@2=1;5@1=2;5@2=1,"1,3,4,2,9",10,9,9,0,1.0,-0.00856677086591906,1.0,0.09847483151971764,0.0,0.06326681959153325,0.8999999999999999,3.9121389389038086,Optimal
321,320,11,6,5,"ADD:1,2;ADD:1,7;ADD:2,4;ADD:4,3;ADD:7,0;ADD:7,4;REMOVE:1,3;REMOVE:1,4;REMOVE:2,2;REMOVE:5,1;REMOVE:5,2",0:-;1:1|3|4;2:2|9;3:-;4:2|4;5:1|2;6:-;7:-;8:-;9:-,0:-;1:1|2|7;2:4|9;3:-;4:2|3|4;5:-;6:-;7:0|4;8:-;9:-,1@0=1;1@1=1;1@2=1;1@4=2;1@7=1;2@2=1;2@4=1;4@4=1;4@5=1;4@9=2;7@0=1;7@2=1;7@4=1,"0,1,2,4,7,5,9",15,13,13,0,1.0,-0.07158078861046457,0.5555555555555556,0.04554244469476132,0.2222222222222222,0.015481833724187426,0.6,4.691532850265503,Optimal
322,321,11,3,8,"ADD:1,5;ADD:2,6;ADD:7,3;REMOVE:1,1;REMOVE:2,4;REMOVE:2,9;REMOVE:4,2;REMOVE:4,3;REMOVE:4,4;REMOVE:7,0;REMOVE:7,4",0:-;1:1|2|7;2:4|9;3:-;4:2|3|4;5:-;6:-;7:0|4;8:-;9:-,0:-;1:2|5|7;2:6;3:-;4:-;5:-;6:-;7:3;8:-;9:-,1@4=1;1@5=1;1@7=1;1@9=1;2@6=1;7@3=1,"4,5,7,9,6,3",6,6,6,0,1.0,0.39985734649511195,0.8,0.06515039095821164,0.0,0.038685168642713354,0.30000000000000004,3.9401159286499023,Optimal
323,322,13,8,5,"ADD:1,0;ADD:2,1;ADD:2,3;ADD:2,4;ADD:4,4;ADD:6,5;ADD:7,1;ADD:7,4;REMOVE:1,2;REMOVE:1,5;REMOVE:1,7;REMOVE:2,6;REMOVE:7,3",0:-;1:2|5|7;2:6;3:-;4:-;5:-;6:-;7:3;8:-;9:-,0:-;1:0;2:1|3|4;3:-;4:4;5:-;6:5;7:1|4;8:-;9:-,1@0=1;2@1=1;2@3=1;2@4=1;2@8=1;4@4=1;6@5=1;7@1=1;7@4=1,"0,1,3,4,8,5",9,9,9,0,1.0,0.08036953765891819,1.0,0.08793360587834953,0.0,0.05011326478119265,0.7999999999999999,3.1066229343414307,Optimal
324,323,15,8,7,"ADD:1,1;ADD:1,3;ADD:2,8;ADD:4,0;ADD:4,5;ADD:5,3;ADD:7,2;ADD:7,7;REMOVE:1,0;REMOVE:2,1;REMOVE:2,3;REMOVE:2,4;REMOVE:6,5;REMOVE:7,1;REMOVE:7,4",0:-;1:0;2:1|3|4;3:-;4:4;5:-;6:5;7:1|4;8:-;9:-,0:-;1:1|3;2:8;3:-;4:0|4|5;5:3;6:-;7:2|7;8:-;9:-,1@1=1;1@3=2;2@8=1;4@0=1;4@4=1;4@5=1;5@3=1;7@3=1;7@4=1;7@7=2,"1,3,8,0,4,5,7",12,10,10,0,1.0,-0.02009360450087949,0.875,0.08572732994848345,0.0,0.05662265770166814,0.7999999999999999,5.122160911560059,Optimal
325,324,11,5,6,"ADD:1,8;ADD:2,4;ADD:4,6;ADD:6,4;ADD:6,5;REMOVE:1,1;REMOVE:2,8;REMOVE:4,0;REMOVE:4,4;REMOVE:4,5;REMOVE:5,3",0:-;1:1|3;2:8;3:-;4:0|4|5;5:3;6:-;7:2|7;8:-;9:-,0:-;1:3|8;2:4;3:-;4:6;5:-;6:4|5;7:2|7;8:-;9:-,1@1=1;1@2=1;2@4=1;4@6=2;6@4=1;6@5=1;7@0=1;7@3=1;7@7=1;7@8=1,"1,2,4,6,5,0,3,7,8",11,10,10,0,1.0,0.10825086556782904,0.6666666666666666,0.0555981105068322,0.1111111111111111,0.041084108034038905,0.5,2.7615509033203125,Optimal
326,325,13,5,8,"ADD:2,2;ADD:4,2;ADD:5,1;ADD:7,5;ADD:7,8;REMOVE:1,3;REMOVE:1,8;REMOVE:2,4;REMOVE:4,6;REMOVE:6,4;REMOVE:6,5;REMOVE:7,2;REMOVE:7,7",0:-;1:3|8;2:4;3:-;4:6;5:-;6:4|5;7:2|7;8:-;9:-,0:-;1:-;2:2;3:-;4:2;5:1;6:-;7:5|8;8:-;9:-,2@2=2;4@2=1;5@1=1;7@5=1;7@8=1,"2,1,5,8",6,5,5,0,1.0,0.3870524424659947,1.0,0.09778552538376582,0.0,0.04412011079490955,0.5,0.908038854598999,Optimal
327,326,9,4,5,"ADD:1,1;ADD:1,6;ADD:2,8;ADD:7,6;REMOVE:2,2;REMOVE:4,2;REMOVE:5,1;REMOVE:7,5;REMOVE:7,8",0:-;1:-;2:2;3:-;4:2;5:1;6:-;7:5|8;8:-;9:-,0:-;1:1|6;2:8;3:-;4:-;5:-;6:-;7:6;8:-;9:-,1@1=1;1@6=1;2@8=1;7@6=1,"1,6,8",4,4,4,0,1.0,0.4885518647262439,1.0,0.10116261841680067,0.0,0.03810884996401701,0.4,1.3690240383148193,Optimal
328,327,13,9,4,"ADD:0,1;ADD:1,2;ADD:2,2;ADD:2,7;ADD:5,2;ADD:5,7;ADD:6,4;ADD:7,4;ADD:7,5;REMOVE:1,1;REMOVE:1,6;REMOVE:2,8;REMOVE:7,6",0:-;1:1|6;2:8;3:-;4:-;5:-;6:-;7:6;8:-;9:-,0:1;1:2;2:2|7;3:-;4:-;5:2|7;6:4;7:4|5;8:-;9:-,0@1=1;1@2=1;2@0=1;2@3=1;2@9=1;5@2=1;5@7=1;6@4=1;7@2=1;7@4=1;7@5=1,"1,2,0,3,9,7,4,5",11,11,11,0,1.0,-0.03933899852561318,1.0,0.06568065245061638,0.0,0.040582397569468215,0.8999999999999999,4.742863655090332,Optimal
329,328,9,3,6,"ADD:1,7;ADD:4,2;ADD:7,8;REMOVE:0,1;REMOVE:1,2;REMOVE:2,7;REMOVE:5,2;REMOVE:7,4;REMOVE:7,5",0:1;1:2;2:2|7;3:-;4:-;5:2|7;6:4;7:4|5;8:-;9:-,0:-;1:7;2:2;3:-;4:2;5:7;6:4;7:8;8:-;9:-,1@0=1;1@1=1;1@8=1;1@9=1;2@2=1;4@2=1;5@3=1;5@4=1;6@7=1;7@4=1;7@7=1;7@5=1,"0,1,8,9,2,3,4,7,5",12,12,12,0,1.0,0.24605494605053002,0.6666666666666666,0.015902015896495928,0.0,0.0,0.30000000000000004,0.8676972389221191,Optimal
330,329,9,4,5,"ADD:4,4;ADD:6,0;ADD:7,3;ADD:7,7;REMOVE:1,7;REMOVE:4,2;REMOVE:5,7;REMOVE:6,4;REMOVE:7,8",0:-;1:7;2:2;3:-;4:2;5:7;6:4;7:8;8:-;9:-,0:-;1:-;2:2;3:-;4:4;5:-;6:0;7:3|7;8:-;9:-,2@2=2;4@4=1;6@0=1;7@1=1;7@3=1;7@7=1,"2,4,0,1,3,7",7,6,6,0,1.0,0.34568675983468555,0.8333333333333334,0.08554475342103378,0.0,0.05292145215595917,0.4,3.683767795562744,Optimal
331,330,11,7,4,"ADD:1,6;ADD:2,0;ADD:2,1;ADD:2,4;ADD:5,8;ADD:7,2;ADD:7,4;REMOVE:2,2;REMOVE:4,4;REMOVE:7,3;REMOVE:7,7",0:-;1:-;2:2;3:-;4:4;5:-;6:0;7:3|7;8:-;9:-,0:-;1:6;2:0|1|4;3:-;4:-;5:8;6:0;7:2|4;8:-;9:-,1@6=1;2@0=1;2@1=2;2@4=1;5@8=1;6@0=1;7@4=1;7@2=1,"6,0,1,4,8,2",9,8,8,0,1.0,0.031213521343406936,0.8,0.09702584305934536,0.0,0.06796423447965258,0.7,3.0502848625183105,Optimal
332,331,7,3,4,"ADD:1,8;ADD:4,5;ADD:5,6;REMOVE:2,1;REMOVE:2,4;REMOVE:6,0;REMOVE:7,2",0:-;1:6;2:0|1|4;3:-;4:-;5:8;6:0;7:2|4;8:-;9:-,0:-;1:6|8;2:0;3:-;4:5;5:6|8;6:-;7:4;8:-;9:-,1@6=1;1@8=1;2@0=1;4@5=1;5@6=1;5@8=1;7@4=1,"6,8,0,5,4",7,7,7,0,1.0,0.19050557546153862,0.5,0.09811438894742126,0.0,0.06007032151800783,0.30000000000000004,1.7490570545196533,Optimal
333,332,12,5,7,"ADD:2,7;ADD:4,7;ADD:5,7;ADD:6,5;ADD:7,7;REMOVE:1,6;REMOVE:1,8;REMOVE:2,0;REMOVE:4,5;REMOVE:5,6;REMOVE:5,8;REMOVE:7,4",0:-;1:6|8;2:0;3:-;4:5;5:6|8;6:-;7:4;8:-;9:-,0:-;1:-;2:7;3:-;4:7;5:7;6:5;7:7;8:-;9:-,2@0=1;2@2=1;4@0=1;4@1=1;5@1=1;5@4=1;6@5=1;7@0=1;7@4=1,"0,2,1,4,5",9,9,9,0,1.0,0.3094233812919781,1.0,0.011779226614972518,0.0,0.0,0.5,0.8322732448577881,Optimal
334,333,12,7,5,"ADD:1,3;ADD:1,7;ADD:2,5;ADD:4,0;ADD:4,9;ADD:6,2;ADD:7,2;REMOVE:2,7;REMOVE:4,7;REMOVE:5,7;REMOVE:6,5;REMOVE:7,7",0:-;1:-;2:7;3:-;4:7;5:7;6:5;7:7;8:-;9:-,0:-;1:3|7;2:5;3:-;4:0|9;5:-;6:2;7:2;8:-;9:-,1@3=1;1@7=1;2@5=1;4@0=1;4@9=1;6@2=1;7@2=1,"3,7,5,0,9,2",7,7,7,0,1.0,0.1866713617542496,1.0,0.09285798169783888,0.0,0.061924881979891946,0.7,1.8605220317840576,Optimal
335,334,14,7,7,"ADD:1,0;ADD:4,3;ADD:4,5;ADD:5,2;ADD:5,8;ADD:7,5;ADD:7,7;REMOVE:1,3;REMOVE:1,7;REMOVE:2,5;REMOVE:4,0;REMOVE:4,9;REMOVE:6,2;REMOVE:7,2",0:-;1:3|7;2:5;3:-;4:0|9;5:-;6:2;7:2;8:-;9:-,0:-;1:0;2:-;3:-;4:3|5;5:2|8;6:-;7:5|7;8:-;9:-,1@0=1;4@3=1;4@5=1;5@2=1;5@8=1;7@0=1;7@5=1;7@8=1;7@7=1,"0,3,5,2,8,7",9,9,9,0,1.0,0.1735674937607371,1.0,0.07954316389645523,0.0,0.04966481321786418,0.7,2.529340982437134,Optimal
336,335,12,7,5,"ADD:0,8;ADD:1,2;ADD:2,0;ADD:2,1;ADD:4,1;ADD:5,3;ADD:7,2;REMOVE:1,0;REMOVE:4,3;REMOVE:4,5;REMOVE:5,2;REMOVE:7,5",0:-;1:0;2:-;3:-;4:3|5;5:2|8;6:-;7:5|7;8:-;9:-,0:8;1:2;2:0|1;3:-;4:1;5:3|8;6:-;7:2|7;8:-;9:-,0@8=1;1@2=1;2@0=1;2@1=1;4@1=1;5@2=1;5@1=1;5@7=1;7@2=1;7@0=1;7@4=1;7@9=1,"8,2,0,1,7,4,9",12,12,12,0,1.0,-0.05410823912834306,0.7142857142857143,0.04975693120565264,0.14285714285714285,0.030431079535673894,0.7,3.051999092102051,Optimal
337,336,7,1,6,"ADD:1,9;REMOVE:1,2;REMOVE:2,0;REMOVE:4,1;REMOVE:5,3;REMOVE:5,8;REMOVE:7,2",0:8;1:2;2:0|1;3:-;4:1;5:3|8;6:-;7:2|7;8:-;9:-,0:8;1:9;2:1;3:-;4:-;5:-;6:-;7:7;8:-;9:-,0@2=1;0@4=1;1@1=1;1@3=1;2@1=1;7@2=1;7@4=2;7@1=1;7@6=1;7@8=1;7@9=1,"2,4,1,3,6,8,9",12,11,11,0,1.0,0.43960251740388967,0.6666666666666666,0.00783648008819542,0.0,0.0,0.1,1.0691990852355957,Optimal
338,337,6,2,4,"ADD:1,7;ADD:7,9;REMOVE:0,8;REMOVE:1,9;REMOVE:2,1;REMOVE:7,7",0:8;1:9;2:1;3:-;4:-;5:-;6:-;7:7;8:-;9:-,0:-;1:7;2:-;3:-;4:-;5:-;6:-;7:9;8:-;9:-,1@1=1;1@2=1;7@1=3;7@2=1;7@3=1,"1,2,3",7,5,5,0,1.0,0.6000000000000001,1.0,0.0,0.0,0.0,0.2,0.665492057800293,Optimal
339,338,11,9,2,"ADD:1,3;ADD:1,6;ADD:2,1;ADD:2,3;ADD:2,4;ADD:3,6;ADD:4,6;ADD:5,4;ADD:7,2;REMOVE:1,7;REMOVE:7,9",0:-;1:7;2:-;3:-;4:-;5:-;6:-;7:9;8:-;9:-,0:-;1:3|6;2:1|3|4;3:6;4:6;5:4;6:-;7:2;8:-;9:-,1@3=1;1@6=1;2@3=1;2@1=1;2@2=1;2@4=2;3@6=1;4@6=1;5@4=1;7@2=1,"3,6,1,2,4",11,10,10,0,1.0,-0.023658861604118675,1.0,0.08232439444991307,0.0,0.052408114179753634,0.8999999999999999,3.34519100189209,Optimal
340,339,14,5,9,"ADD:1,1;ADD:1,5;ADD:5,9;ADD:7,0;ADD:7,3;REMOVE:1,3;REMOVE:1,6;REMOVE:2,1;REMOVE:2,3;REMOVE:2,4;REMOVE:3,6;REMOVE:4,6;REMOVE:5,4;REMOVE:7,2",0:-;1:3|6;2:1|3|4;3:6;4:6;5:4;6:-;7:2;8:-;9:-,0:-;1:1|5;2:-;3:-;4:-;5:9;6:-;7:0|3;8:-;9:-,1@1=1;1@5=1;5@9=1;7@0=1;7@3=1,"1,5,9,0,3",5,5,5,0,1.0,0.3932471507724078,1.0,0.09970302043792613,0.0,0.06742367211033468,0.5,2.343596935272217,Optimal
341,340,12,7,5,"ADD:3,7;ADD:4,1;ADD:4,3;ADD:5,3;ADD:5,4;ADD:6,4;ADD:7,1;REMOVE:1,1;REMOVE:1,5;REMOVE:5,9;REMOVE:7,0;REMOVE:7,3",0:-;1:1|5;2:-;3:-;4:-;5:9;6:-;7:0|3;8:-;9:-,0:-;1:-;2:-;3:7;4:1|3;5:3|4;6:4;7:1;8:-;9:-,3@7=1;4@1=1;4@3=1;5@3=1;5@4=1;6@4=1;7@1=1,"7,1,3,4",7,7,7,0,1.0,0.19828655588614863,1.0,0.10626367625261342,0.0,0.06637807442028912,0.7,1.5128560066223145,Optimal
342,341,13,7,6,"ADD:0,7;ADD:0,9;ADD:4,5;ADD:5,5;ADD:6,5;ADD:7,2;ADD:7,6;REMOVE:3,7;REMOVE:4,3;REMOVE:5,3;REMOVE:5,4;REMOVE:6,4;REMOVE:7,1",0:-;1:-;2:-;3:7;4:1|3;5:3|4;6:4;7:1;8:-;9:-,0:7|9;1:-;2:-;3:-;4:1|5;5:5;6:5;7:2|6;8:-;9:-,0@7=1;0@9=1;4@1=1;4@5=1;5@5=1;6@5=1;7@2=1;7@6=1,"7,9,1,5,2,6",8,8,8,0,1.0,0.06879105101794714,0.8571428571428571,0.09097059638221294,0.0,0.05150144098945471,0.7,3.965907096862793,Optimal
343,342,11,4,7,"ADD:1,7;ADD:4,8;ADD:5,6;ADD:7,7;REMOVE:0,9;REMOVE:4,1;REMOVE:4,5;REMOVE:5,5;REMOVE:6,5;REMOVE:7,2;REMOVE:7,6",0:7|9;1:-;2:-;3:-;4:1|5;5:5;6:5;7:2|6;8:-;9:-,0:7;1:7;2:-;3:-;4:8;5:6;6:-;7:7;8:-;9:-,0@0=1;0@1=2;0@4=1;0@8=2;1@1=1;1@8=1;1@3=1;4@4=1;4@6=1;5@6=1;7@4=2;7@2=1;7@9=1,"0,1,4,8,3,6,2,9",16,13,13,0,1.0,0.30563021421648096,0.875,0.007037767770601201,0.0,0.0,0.4,2.3095202445983887,Optimal
344,343,12,7,5,"ADD:0,1;ADD:0,5;ADD:1,1;ADD:1,2;ADD:2,8;ADD:4,1;ADD:6,8;REMOVE:0,7;REMOVE:1,7;REMOVE:4,8;REMOVE:5,6;REMOVE:7,7",0:7;1:7;2:-;3:-;4:8;5:6;6:-;7:7;8:-;9:-,0:1|5;1:1|2;2:8;3:-;4:1;5:-;6:8;7:-;8:-;9:-,0@1=1;0@5=1;1@1=1;1@2=1;1@3=1;2@8=1;4@1=2;6@8=1,"1,5,2,3,8",9,8,8,0,1.0,0.18141389137845143,1.0,0.09207442500542967,0.0,0.03877175687053776,0.7,2.0736680030822754,Optimal
345,344,14,8,6,"ADD:0,2;ADD:0,7;ADD:2,0;ADD:2,3;ADD:3,1;ADD:4,6;ADD:4,8;ADD:7,7;REMOVE:0,1;REMOVE:0,5;REMOVE:1,1;REMOVE:2,8;REMOVE:4,1;REMOVE:6,8",0:1|5;1:1|2;2:8;3:-;4:1;5:-;6:8;7:-;8:-;9:-,0:2|7;1:2;2:0|3;3:1;4:6|8;5:-;6:-;7:7;8:-;9:-,0@0=2;0@2=2;0@3=1;0@4=1;1@2=2;2@0=1;2@3=1;3@1=1;4@4=1;4@6=1;4@8=1;7@7=1,"0,2,3,4,1,6,8,7",15,12,12,0,1.0,-0.053040119492816284,0.8571428571428571,0.06718675626744092,0.0,0.037480948894725995,0.7999999999999999,5.132598876953125,Optimal
346,345,7,3,4,"ADD:1,8;ADD:5,1;ADD:7,2;REMOVE:1,2;REMOVE:3,1;REMOVE:4,6;REMOVE:4,8",0:2|7;1:2;2:0|3;3:1;4:6|8;5:-;6:-;7:7;8:-;9:-,0:2|7;1:8;2:0|3;3:-;4:-;5:1;6:-;7:2|7;8:-;9:-,0@0=1;0@4=1;0@7=1;0@9=1;1@8=1;2@7=2;2@2=1;5@1=1;7@0=1;7@4=1;7@2=1,"0,4,7,9,8,2,1",12,11,11,0,1.0,0.10722888823416116,0.4444444444444444,0.03173174778925724,0.1111111111111111,0.020328561124888067,0.30000000000000004,2.9568681716918945,Optimal
347,346,13,6,7,"ADD:0,4;ADD:2,9;ADD:4,5;ADD:6,1;ADD:7,1;ADD:7,9;REMOVE:0,2;REMOVE:0,7;REMOVE:1,8;REMOVE:2,0;REMOVE:2,3;REMOVE:7,2;REMOVE:7,7",0:2|7;1:8;2:0|3;3:-;4:-;5:1;6:-;7:2|7;8:-;9:-,0:4;1:-;2:9;3:-;4:5;5:1;6:1;7:1|9;8:-;9:-,0@4=2;2@9=1;4@5=1;5@1=1;6@1=1;7@9=1;7@1=1,"4,9,5,1",8,7,7,0,1.0,0.18612354212888083,0.875,0.09543118907701376,0.0,0.048892954336348465,0.6,1.6714510917663574,Optimal
348,347,13,7,6,"ADD:0,2;ADD:0,6;ADD:1,9;ADD:2,4;ADD:6,4;ADD:7,0;ADD:7,8;REMOVE:0,4;REMOVE:4,5;REMOVE:5,1;REMOVE:6,1;REMOVE:7,1;REMOVE:7,9",0:4;1:-;2:9;3:-;4:5;5:1;6:1;7:1|9;8:-;9:-,0:2|6;1:9;2:4|9;3:-;4:-;5:-;6:4;7:0|8;8:-;9:-,0@2=1;0@6=1;0@9=1;1@9=1;2@9=1;2@4=2;6@4=1;7@0=1;7@8=2,"2,6,9,4,0,8",11,9,9,0,1.0,0.06211931986346919,0.8571428571428571,0.08280103373900853,0.0,0.05082103578988313,0.7,3.8028790950775146,Optimal
349,348,16,10,6,"ADD:0,7;ADD:0,8;ADD:1,5;ADD:1,6;ADD:2,7;ADD:4,0;ADD:4,8;ADD:5,1;ADD:5,2;ADD:7,4;REMOVE:0,2;REMOVE:0,6;REMOVE:2,9;REMOVE:6,4;REMOVE:7,0;REMOVE:7,8",0:2|6;1:9;2:4|9;3:-;4:-;5:-;6:4;7:0|8;8:-;9:-,0:7|8;1:5|6|9;2:4|7;3:-;4:0|8;5:1|2;6:-;7:4;8:-;9:-,0@1=1;0@2=1;0@4=2;0@6=1;0@8=1;1@2=1;1@6=1;1@3=1;1@5=1;2@8=1;2@7=1;4@8=1;4@5=1;4@0=1;5@1=1;5@2=1;5@3=1;7@4=1,"1,2,4,6,8,3,5,7,0",19,18,18,0,1.0,-0.3275903224602832,0.75,0.049160005625386784,0.125,0.04040836519703599,0.9999999999999999,6.579028129577637,Optimal
350,349,14,6,8,"ADD:1,2;ADD:3,2;ADD:3,4;ADD:4,7;ADD:5,0;ADD:7,7;REMOVE:1,5;REMOVE:1,9;REMOVE:2,4;REMOVE:2,7;REMOVE:4,0;REMOVE:4,8;REMOVE:5,2;REMOVE:7,4",0:7|8;1:5|6|9;2:4|7;3:-;4:0|8;5:1|2;6:-;7:4;8:-;9:-,0:7|8;1:2|6;2:-;3:2|4;4:7;5:0|1;6:-;7:7;8:-;9:-,0@7=1;0@8=1;1@2=1;1@4=1;3@2=1;3@4=1;4@7=1;5@0=1;5@1=1;7@7=1,"7,8,2,4,0,1",10,10,10,0,1.0,0.03407122189223,0.6666666666666666,0.09170782409871452,0.08333333333333333,0.05352481306629216,0.6,3.0374839305877686,Optimal
351,350,13,3,10,"ADD:3,8;ADD:5,2;ADD:7,3;REMOVE:0,7;REMOVE:0,8;REMOVE:1,2;REMOVE:1,6;REMOVE:3,2;REMOVE:3,4;REMOVE:4,7;REMOVE:5,0;REMOVE:5,1;REMOVE:7,7",0:7|8;1:2|6;2:-;3:2|4;4:7;5:0|1;6:-;7:7;8:-;9:-,0:-;1:-;2:-;3:8;4:-;5:2;6:-;7:3;8:-;9:-,3@4=1;3@6=1;5@2=1;7@2=1;7@1=2;7@7=1,"4,6,2,1,7",7,6,6,0,1.0,0.5134403159096083,1.0,0.01680039488701035,0.0,0.0,0.30000000000000004,1.69858717918396,Optimal
352,351,4,1,3,"ADD:7,5;REMOVE:3,8;REMOVE:5,2;REMOVE:7,3",0:-;1:-;2:-;3:8;4:-;5:2;6:-;7:3;8:-;9:-,0:-;1:-;2:-;3:-;4:-;5:-;6:-;7:5;8:-;9:-,7@5=1,5,1,1,1,0,1.0,0.7936978659220251,1.0,0.11712233240253118,0.0,0.0,0.1,0.19350290298461914,Optimal
353,352,3,2,1,"ADD:6,1;ADD:7,4;REMOVE:7,5",0:-;1:-;2:-;3:-;4:-;5:-;6:-;7:5;8:-;9:-,0:-;1:-;2:-;3:-;4:-;5:-;6:1;7:4;8:-;9:-,6@1=1;7@4=1,"1,4",2,2,2,0,1.0,0.6814819637119394,1.0,0.0935387479635346,0.0,0.033254826705558266,0.2,0.2673981189727783,Optimal
354,353,11,9,2,"ADD:0,4;ADD:1,1;ADD:1,4;ADD:2,2;ADD:4,3;ADD:5,0;ADD:5,1;ADD:5,7;ADD:7,9;REMOVE:6,1;REMOVE:7,4",0:-;1:-;2:-;3:-;4:-;5:-;6:1;7:4;8:-;9:-,0:4;1:1|4;2:2;3:-;4:3;5:0|1|7;6:-;7:9;8:-;9:-,0@4=1;1@4=1;1@1=1;1@6=1;1@7=1;2@2=1;4@3=1;5@1=1;5@6=1;5@2=1;5@0=1;7@9=1,"4,1,6,7,2,3,0,9",12,12,12,0,1.0,-0.03744191853754342,1.0,0.06710966909393523,0.0,0.04435173093654161,0.8999999999999999,4.293911933898926,Optimal
355,354,11,2,9,"ADD:4,7;ADD:7,8;REMOVE:0,4;REMOVE:1,1;REMOVE:1,4;REMOVE:2,2;REMOVE:4,3;REMOVE:5,0;REMOVE:5,1;REMOVE:5,7;REMOVE:7,9",0:4;1:1|4;2:2;3:-;4:3;5:0|1|7;6:-;7:9;8:-;9:-,0:-;1:-;2:-;3:-;4:7;5:-;6:-;7:8;8:-;9:-,4@2=1;4@9=1;7@2=1;7@4=1,"2,9,4",4,4,4,0,1.0,0.6000000000000001,1.0,0.0,0.0,0.0,0.2,1.1038179397583008,Optimal
356,355,10,8,2,"ADD:1,2;ADD:1,6;ADD:3,0;ADD:4,6;ADD:4,9;ADD:7,4;ADD:7,5;ADD:7,9;REMOVE:4,7;REMOVE:7,8",0:-;1:-;2:-;3:-;4:7;5:-;6:-;7:8;8:-;9:-,0:-;1:2|6;2:-;3:0;4:6|9;5:-;6:-;7:4|5|9;8:-;9:-,1@2=1;1@6=2;1@9=1;3@0=1;4@6=1;4@9=1;7@9=1;7@3=1;7@4=2;7@5=1,"2,6,9,0,3,4,5",12,10,10,0,1.0,0.07111826430195989,1.0,0.07662919643903567,0.0,0.04907453575365618,0.7999999999999999,2.922516107559204,Optimal
357,356,7,1,6,"ADD:7,8;REMOVE:1,2;REMOVE:3,0;REMOVE:4,9;REMOVE:7,4;REMOVE:7,5;REMOVE:7,9",0:-;1:2|6;2:-;3:0;4:6|9;5:-;6:-;7:4|5|9;8:-;9:-,0:-;1:6;2:-;3:-;4:6;5:-;6:-;7:8;8:-;9:-,1@4=1;1@8=1;4@4=1;4@8=1;7@8=1,"4,8",5,5,5,0,1.0,0.5167347309983407,0.75,0.020918413747925708,0.0,0.0,0.1,0.47745800018310547,Optimal
358,357,14,11,3,"ADD:1,2;ADD:1,5;ADD:4,1;ADD:4,2;ADD:5,2;ADD:5,4;ADD:6,3;ADD:7,0;ADD:7,4;ADD:7,6;ADD:8,4;REMOVE:1,6;REMOVE:4,6;REMOVE:7,8",0:-;1:6;2:-;3:-;4:6;5:-;6:-;7:8;8:-;9:-,0:-;1:2|5;2:-;3:-;4:1|2;5:2|4;6:3;7:0|4|6;8:4;9:-,1@2=4;1@5=1;4@2=1;4@1=1;4@8=1;5@2=1;5@4=1;6@3=1;7@4=1;7@0=1;7@6=1;8@4=1,"2,5,1,8,4,3,0,6",15,12,12,0,1.0,-0.21291284513988873,1.0,0.09513896881866238,0.0,0.054879899025905926,1.0999999999999999,4.071227073669434,Optimal
359,358,13,2,11,"ADD:1,7;ADD:2,2;REMOVE:1,2;REMOVE:1,5;REMOVE:4,1;REMOVE:4,2;REMOVE:5,2;REMOVE:5,4;REMOVE:6,3;REMOVE:7,0;REMOVE:7,4;REMOVE:7,6;REMOVE:8,4",0:-;1:2|5;2:-;3:-;4:1|2;5:2|4;6:3;7:0|4|6;8:4;9:-,0:-;1:7;2:2;3:-;4:-;5:-;6:-;7:-;8:-;9:-,1@1=1;1@3=1;1@8=1;2@2=1,"1,3,8,2",4,4,4,0,1.0,0.6199017885683691,1.0,0.02487723571046125,0.0,0.0,0.2,0.746845006942749,Optimal
360,359,7,5,2,"ADD:1,5;ADD:4,1;ADD:4,9;ADD:5,3;ADD:7,1;REMOVE:1,7;REMOVE:2,2",0:-;1:7;2:2;3:-;4:-;5:-;6:-;7:-;8:-;9:-,0:-;1:5;2:-;3:-;4:1|9;5:3;6:-;7:1;8:-;9:-,1@5=1;4@1=1;4@9=1;5@3=1;7@1=1,"5,1,9,3",5,5,5,0,1.0,0.38735944478355333,1.0,0.09542680452583063,0.0,0.05509000581444391,0.5,1.4575450420379639,Optimal
361,360,8,3,5,"ADD:1,2;ADD:4,7;ADD:7,7;REMOVE:1,5;REMOVE:4,1;REMOVE:4,9;REMOVE:5,3;REMOVE:7,1",0:-;1:5;2:-;3:-;4:1|9;5:3;6:-;7:1;8:-;9:-,0:-;1:2;2:-;3:-;4:7;5:-;6:-;7:7;8:-;9:-,1@2=1;4@2=1;4@1=1;7@1=1;7@9=1,"2,1,9",5,5,5,0,1.0,0.5179127764540585,1.0,0.022390970567573082,0.0,0.0,0.30000000000000004,1.1236209869384766,Optimal
362,361,9,6,3,"ADD:1,9;ADD:4,4;ADD:4,9;ADD:5,7;ADD:5,8;ADD:7,9;REMOVE:1,2;REMOVE:4,7;REMOVE:7,7",0:-;1:2;2:-;3:-;4:7;5:-;6:-;7:7;8:-;9:-,0:-;1:9;2:-;3:-;4:4|9;5:7|8;6:-;7:9;8:-;9:-,1@9=1;4@9=1;4@4=1;4@7=1;5@7=1;5@8=1;7@9=1,"9,4,7,8",7,7,7,0,1.0,0.2776350589098101,1.0,0.08690015814296286,0.0,0.04057466197719846,0.6,2.1419010162353516,Optimal
363,362,12,7,5,"ADD:0,2;ADD:1,1;ADD:1,6;ADD:5,3;ADD:7,3;ADD:7,4;ADD:7,6;REMOVE:1,9;REMOVE:4,9;REMOVE:5,7;REMOVE:5,8;REMOVE:7,9",0:-;1:9;2:-;3:-;4:4|9;5:7|8;6:-;7:9;8:-;9:-,0:2;1:1|6;2:-;3:-;4:4;5:3;6:-;7:3|4|6;8:-;9:-,0@2=1;1@1=1;1@6=1;4@4=1;5@3=1;7@6=1;7@4=1;7@3=1,"2,1,6,4,3",8,8,8,0,1.0,0.05745668382519753,0.8333333333333334,0.0974610241334719,0.0,0.06410598925876602,0.7,3.2800590991973877,Optimal
364,363,11,3,8,"ADD:0,3;ADD:1,2;ADD:7,1;REMOVE:0,2;REMOVE:1,1;REMOVE:1,6;REMOVE:4,4;REMOVE:5,3;REMOVE:7,3;REMOVE:7,4;REMOVE:7,6",0:2;1:1|6;2:-;3:-;4:4;5:3;6:-;7:3|4|6;8:-;9:-,0:3;1:2;2:-;3:-;4:-;5:-;6:-;7:1;8:-;9:-,0@3=1;1@2=1;7@1=1,"3,2,1",3,3,3,0,1.0,0.578715381065441,1.0,0.0868411232938484,0.0,0.0462124121518108,0.30000000000000004,0.3265573978424072,Optimal
365,364,6,3,3,"ADD:1,4;ADD:4,2;ADD:7,2;REMOVE:0,3;REMOVE:1,2;REMOVE:7,1",0:3;1:2;2:-;3:-;4:-;5:-;6:-;7:1;8:-;9:-,0:-;1:4;2:-;3:-;4:2;5:-;6:-;7:2;8:-;9:-,1@4=1;4@2=1;7@2=1,"4,2",3,3,3,0,1.0,0.5859044786305084,1.0,0.10185689086585015,0.0,0.022094829689141726,0.30000000000000004,0.2683899402618408,Optimal
366,365,5,2,3,"ADD:1,9;ADD:7,1;REMOVE:1,4;REMOVE:4,2;REMOVE:7,2",0:-;1:4;2:-;3:-;4:2;5:-;6:-;7:2;8:-;9:-,0:-;1:9;2:-;3:-;4:-;5:-;6:-;7:1;8:-;9:-,1@9=1;7@1=1,"9,1",2,2,2,0,1.0,0.6938701504243563,1.0,0.10780450364444465,0.0,0.03813273754400305,0.2,0.29598402976989746,Optimal
367,366,8,6,2,"ADD:1,6;ADD:5,4;ADD:6,0;ADD:7,3;ADD:7,5;ADD:7,6;REMOVE:1,9;REMOVE:7,1",0:-;1:9;2:-;3:-;4:-;5:-;6:-;7:1;8:-;9:-,0:-;1:6;2:-;3:-;4:-;5:4;6:0;7:3|5|6;8:-;9:-,1@6=1;5@4=1;6@0=1;7@6=1;7@1=1;7@5=4,"6,4,0,1,5",9,6,6,0,1.0,0.28536348243762033,1.0,0.09664387229997806,0.0,0.04024192298818918,0.6,2.1673390865325928,Optimal
368,367,9,3,6,"ADD:1,7;ADD:4,2;ADD:7,7;REMOVE:1,6;REMOVE:5,4;REMOVE:6,0;REMOVE:7,3;REMOVE:7,5;REMOVE:7,6",0:-;1:6;2:-;3:-;4:-;5:4;6:0;7:3|5|6;8:-;9:-,0:-;1:7;2:-;3:-;4:2;5:-;6:-;7:7;8:-;9:-,1@2=1;1@9=1;4@2=1;7@2=1;7@0=1;7@4=1,"2,9,0,4",6,6,6,0,1.0,0.5157033770959313,1.0,0.019629221369914053,0.0,0.0,0.30000000000000004,0.6898119449615479,Optimal
369,368,7,4,3,"ADD:1,9;ADD:7,0;ADD:7,3;ADD:7,4;REMOVE:1,7;REMOVE:4,2;REMOVE:7,7",0:-;1:7;2:-;3:-;4:2;5:-;6:-;7:7;8:-;9:-,0:-;1:9;2:-;3:-;4:-;5:-;6:-;7:0|3|4;8:-;9:-,1@9=2;7@0=1;7@2=1;7@3=1;7@4=1,"9,0,2,3,4",6,5,5,0,1.0,0.48002080738764696,1.0,0.08939927049213162,0.0,0.04250695496970852,0.4,1.1688261032104492,Optimal
370,369,6,2,4,"ADD:1,2;ADD:1,6;REMOVE:1,9;REMOVE:7,0;REMOVE:7,3;REMOVE:7,4",0:-;1:9;2:-;3:-;4:-;5:-;6:-;7:0|3|4;8:-;9:-,0:-;1:2|6;2:-;3:-;4:-;5:-;6:-;7:-;8:-;9:-,1@5=1;1@6=1;1@7=1;1@8=1,"5,6,7,8",4,4,4,0,1.0,0.6212715305729808,1.0,0.02658941321622591,0.0,0.0,0.2,1.425590991973877,Optimal
371,370,7,5,2,"ADD:2,2;ADD:2,3;ADD:3,6;ADD:4,7;ADD:8,2;REMOVE:1,2;REMOVE:1,6",0:-;1:2|6;2:-;3:-;4:-;5:-;6:-;7:-;8:-;9:-,0:-;1:-;2:2|3;3:6;4:7;5:-;6:-;7:-;8:2;9:-,2@2=1;2@3=1;3@6=1;4@7=1;8@2=1,"2,3,6,7",5,5,5,0,1.0,0.3843535969618388,1.0,0.09437831531213384,0.0,0.04425472356065809,0.5,1.4994261264801025,Optimal
372,371,8,3,5,"ADD:2,1;ADD:4,1;ADD:7,7;REMOVE:2,2;REMOVE:2,3;REMOVE:3,6;REMOVE:4,7;REMOVE:8,2",0:-;1:-;2:2|3;3:6;4:7;5:-;6:-;7:-;8:2;9:-,0:-;1:-;2:1;3:-;4:1;5:-;6:-;7:7;8:-;9:-,2@1=1;4@1=1;7@3=1;7@8=1,"1,3,8",4,4,4,0,1.0,0.5399239311329807,1.0,0.04990491391622573,0.0,0.0,0.30000000000000004,0.3938019275665283,Optimal
373,372,11,8,3,"ADD:2,4;ADD:3,2;ADD:3,8;ADD:4,0;ADD:4,7;ADD:4,8;ADD:5,3;ADD:7,2;REMOVE:2,1;REMOVE:4,1;REMOVE:7,7",0:-;1:-;2:1;3:-;4:1;5:-;6:-;7:7;8:-;9:-,0:-;1:-;2:4;3:2|8;4:0|7|8;5:3;6:-;7:2;8:-;9:-,2@4=1;3@2=1;3@8=1;4@4=1;4@0=1;4@1=1;5@3=1;7@2=1,"4,2,8,0,1,3",8,8,8,0,1.0,0.06903308089590232,1.0,0.07446123857601626,0.0,0.04732045017544663,0.7999999999999999,3.421462059020996,Optimal
374,373,12,6,6,"ADD:1,2;ADD:2,5;ADD:2,7;ADD:5,9;ADD:6,1;ADD:7,1;REMOVE:2,4;REMOVE:3,2;REMOVE:3,8;REMOVE:4,0;REMOVE:4,7;REMOVE:4,8",0:-;1:-;2:4;3:2|8;4:0|7|8;5:3;6:-;7:2;8:-;9:-,0:-;1:2;2:5|7;3:-;4:-;5:3|9;6:1;7:1|2;8:-;9:-,1@2=1;2@5=1;2@7=1;5@1=1;5@9=1;6@1=1;7@1=1;7@3=1,"2,5,7,1,9,3",8,8,8,0,1.0,0.09614440675545388,0.75,0.07773099336232793,0.125,0.044798060327957814,0.6,3.4060139656066895,Optimal
375,374,11,3,8,"ADD:3,3;ADD:4,6;ADD:7,4;REMOVE:1,2;REMOVE:2,5;REMOVE:2,7;REMOVE:5,3;REMOVE:5,9;REMOVE:6,1;REMOVE:7,1;REMOVE:7,2",0:-;1:2;2:5|7;3:-;4:-;5:3|9;6:1;7:1|2;8:-;9:-,0:-;1:-;2:-;3:3;4:6;5:-;6:-;7:4;8:-;9:-,3@3=1;4@6=1;7@4=1,"3,6,4",3,3,3,0,1.0,0.5797185076869432,1.0,0.08893633672829851,0.0,0.04284719152152225,0.30000000000000004,0.33390378952026367,Optimal
376,375,10,7,3,"ADD:1,2;ADD:1,7;ADD:4,2;ADD:4,8;ADD:5,3;ADD:7,3;ADD:7,8;REMOVE:3,3;REMOVE:4,6;REMOVE:7,4",0:-;1:-;2:-;3:3;4:6;5:-;6:-;7:4;8:-;9:-,0:-;1:2|7;2:-;3:-;4:2|8;5:3;6:-;7:3|8;8:-;9:-,1@0=1;1@8=1;1@9=1;4@8=1;4@2=3;5@3=1;7@8=1;7@2=3;7@1=1;7@5=1,"0,8,9,2,3,1,5",14,10,10,0,1.0,0.13923184077056805,1.0,0.04385984629918714,0.0,0.020719818656091255,0.7,3.2862210273742676,Optimal
377,376,11,4,7,"ADD:1,1;ADD:4,0;ADD:4,4;ADD:7,2;REMOVE:1,2;REMOVE:1,7;REMOVE:4,2;REMOVE:4,8;REMOVE:5,3;REMOVE:7,3;REMOVE:7,8",0:-;1:2|7;2:-;3:-;4:2|8;5:3;6:-;7:3|8;8:-;9:-,0:-;1:1;2:-;3:-;4:0|4;5:-;6:-;7:2;8:-;9:-,1@1=1;4@0=1;4@4=1;7@2=1,"1,0,4,2",4,4,4,0,1.0,0.4943455362923539,1.0,0.10262865332614028,0.0,0.0612130681572084,0.4,0.6687679290771484,Optimal
378,377,12,8,4,"ADD:0,9;ADD:1,4;ADD:4,9;ADD:5,1;ADD:6,7;ADD:7,0;ADD:7,6;ADD:7,8;REMOVE:1,1;REMOVE:4,0;REMOVE:4,4;REMOVE:7,2",0:-;1:1;2:-;3:-;4:0|4;5:-;6:-;7:2;8:-;9:-,0:9;1:4;2:-;3:-;4:9;5:1;6:7;7:0|6|8;8:-;9:-,0@9=1;1@4=1;4@9=1;5@1=1;6@7=1;7@0=1;7@6=1;7@8=1,"9,4,1,7,0,6,8",8,8,8,0,1.0,0.09161303551724331,1.0,0.09788791192719289,0.0,0.06651352987744429,0.7999999999999999,3.239635944366455,Optimal
379,378,13,6,7,"ADD:1,7;ADD:1,8;ADD:4,8;ADD:5,0;ADD:5,8;ADD:6,0;REMOVE:0,9;REMOVE:1,4;REMOVE:4,9;REMOVE:5,1;REMOVE:6,7;REMOVE:7,6;REMOVE:7,8",0:9;1:4;2:-;3:-;4:9;5:1;6:7;7:0|6|8;8:-;9:-,0:-;1:7|8;2:-;3:-;4:8;5:0|8;6:0;7:0;8:-;9:-,1@7=1;1@8=1;4@8=1;5@8=1;5@0=1;6@0=1;7@0=1,"7,8,0",7,7,7,0,1.0,0.1907758326901673,0.875,0.10089437158441616,0.0,0.050301677113171545,0.6,2.38569712638855,Optimal
380,379,9,4,5,"ADD:1,2;ADD:4,3;ADD:7,2;ADD:7,8;REMOVE:1,8;REMOVE:5,0;REMOVE:5,8;REMOVE:6,0;REMOVE:7,0",0:-;1:7|8;2:-;3:-;4:8;5:0|8;6:0;7:0;8:-;9:-,0:-;1:2|7;2:-;3:-;4:3|8;5:-;6:-;7:2|8;8:-;9:-,1@2=2;1@7=1;4@2=1;4@1=1;4@3=2;7@2=2;7@4=1;7@5=1;7@8=1,"2,7,1,3,4,5,8",12,9,9,0,1.0,0.26008208004166355,0.7142857142857143,0.06723804982266714,0.14285714285714285,0.031458200917649094,0.4,3.2515487670898438,Optimal
381,380,9,3,6,"ADD:4,1;ADD:4,7;ADD:7,9;REMOVE:1,2;REMOVE:1,7;REMOVE:4,3;REMOVE:4,8;REMOVE:7,2;REMOVE:7,8",0:-;1:2|7;2:-;3:-;4:3|8;5:-;6:-;7:2|8;8:-;9:-,0:-;1:-;2:-;3:-;4:1|7;5:-;6:-;7:9;8:-;9:-,4@3=1;4@6=1;4@8=1;7@9=1,"3,6,8,9",4,4,4,0,1.0,0.5238932175292312,1.0,0.02986652191153908,0.0,0.0,0.30000000000000004,2.1461057662963867,Optimal
382,381,9,6,3,"ADD:1,6;ADD:4,4;ADD:4,5;ADD:5,8;ADD:7,2;ADD:7,7;REMOVE:4,1;REMOVE:4,7;REMOVE:7,9",0:-;1:-;2:-;3:-;4:1|7;5:-;6:-;7:9;8:-;9:-,0:-;1:6;2:-;3:-;4:4|5;5:8;6:-;7:2|7;8:-;9:-,1@6=1;4@2=1;4@4=3;4@5=1;5@8=2;7@2=1;7@4=1;7@7=1,"6,2,4,5,8,7",11,8,8,0,1.0,0.27610569449185685,1.0,0.08319633969273163,0.0,0.04774311368835764,0.6,1.7480618953704834,Optimal
383,382,12,8,4,"ADD:1,1;ADD:1,2;ADD:1,8;ADD:2,9;ADD:4,6;ADD:5,1;ADD:5,3;ADD:7,8;REMOVE:1,6;REMOVE:4,4;REMOVE:5,8;REMOVE:7,7",0:-;1:6;2:-;3:-;4:4|5;5:8;6:-;7:2|7;8:-;9:-,0:-;1:1|2|8;2:9;3:-;4:5|6;5:1|3;6:-;7:2|8;8:-;9:-,1@1=2;1@2=1;1@3=1;1@4=1;1@8=1;2@9=1;4@5=1;4@6=1;5@1=1;5@3=1;7@2=1;7@4=2;7@5=1;7@7=1,"1,2,3,4,8,9,5,6,7",16,14,14,0,1.0,-0.2057382699440461,0.6666666666666666,0.06463129021343345,0.0,0.04611682275936838,0.7999999999999999,6.947218179702759,Optimal
384,383,12,3,9,"ADD:4,2;ADD:6,2;ADD:7,1;REMOVE:1,2;REMOVE:1,8;REMOVE:2,9;REMOVE:4,5;REMOVE:4,6;REMOVE:5,1;REMOVE:5,3;REMOVE:7,2;REMOVE:7,8",0:-;1:1|2|8;2:9;3:-;4:5|6;5:1|3;6:-;7:2|8;8:-;9:-,0:-;1:1;2:-;3:-;4:2;5:-;6:2;7:1;8:-;9:-,1@1=1;4@2=1;6@2=1;7@1=1,"1,2",4,4,4,0,1.0,0.5010129299078491,0.9,0.09265114698487983,0.0,0.034460061599726075,0.30000000000000004,0.5038447380065918,Optimal
385,384,7,3,4,"ADD:1,8;ADD:4,8;ADD:7,5;REMOVE:1,1;REMOVE:4,2;REMOVE:6,2;REMOVE:7,1",0:-;1:1;2:-;3:-;4:2;5:-;6:2;7:1;8:-;9:-,0:-;1:8;2:-;3:-;4:8;5:-;6:-;7:5;8:-;9:-,1@5=1;1@7=1;4@5=1;4@1=1;4@2=1;4@6=1;7@5=1,"5,7,1,2,6",7,7,7,0,1.0,0.5099256197225314,1.0,0.012407024653164199,0.0,0.0,0.30000000000000004,1.689429759979248,Optimal
386,385,8,5,3,"ADD:4,0;ADD:5,1;ADD:5,4;ADD:6,2;ADD:7,2;REMOVE:1,8;REMOVE:4,8;REMOVE:7,5",0:-;1:8;2:-;3:-;4:8;5:-;6:-;7:5;8:-;9:-,0:-;1:-;2:-;3:-;4:0;5:1|4;6:2;7:2;8:-;9:-,4@0=1;5@1=1;5@4=1;6@2=1;7@2=1,"0,1,4,2",5,5,5,0,1.0,0.3914237628164373,1.0,0.10107390406669683,0.0,0.0528231978153991,0.5,1.379490852355957,Optimal
387,386,15,10,5,"ADD:1,6;ADD:1,7;ADD:2,2;ADD:2,7;ADD:4,4;ADD:4,9;ADD:5,6;ADD:6,5;ADD:7,4;ADD:7,7;REMOVE:4,0;REMOVE:5,1;REMOVE:5,4;REMOVE:6,2;REMOVE:7,2",0:-;1:-;2:-;3:-;4:0;5:1|4;6:2;7:2;8:-;9:-,0:-;1:6|7;2:2|7;3:-;4:4|9;5:6;6:5;7:4|7;8:-;9:-,1@1=1;1@4=1;1@9=1;2@4=1;2@0=1;2@2=1;2@3=1;4@4=1;4@9=2;5@6=1;6@5=1;7@4=1;7@2=1;7@7=1,"1,4,9,0,2,3,6,5,7",15,14,14,0,1.0,-0.1535690208913829,1.0,0.049390746600337994,0.0,0.03459190914173234,0.9999999999999999,5.930262088775635,Optimal
388,387,9,2,7,"ADD:3,2;ADD:5,2;REMOVE:1,6;REMOVE:1,7;REMOVE:2,2;REMOVE:4,4;REMOVE:5,6;REMOVE:6,5;REMOVE:7,4",0:-;1:6|7;2:2|7;3:-;4:4|9;5:6;6:5;7:4|7;8:-;9:-,0:-;1:-;2:7;3:2;4:9;5:2;6:-;7:7;8:-;9:-,2@2=1;2@4=1;2@6=1;2@8=1;3@2=1;4@7=1;5@2=1;7@2=1;7@4=1;7@9=1,"2,4,6,8,7,9",10,10,10,0,1.0,0.37784212568892567,0.7,0.0223026571111571,0.0,0.0,0.2,0.5744588375091553,Optimal
389,388,7,2,5,"ADD:4,8;ADD:5,4;REMOVE:2,7;REMOVE:3,2;REMOVE:4,9;REMOVE:5,2;REMOVE:7,7",0:-;1:-;2:7;3:2;4:9;5:2;6:-;7:7;8:-;9:-,0:-;1:-;2:-;3:-;4:8;5:4;6:-;7:-;8:-;9:-,4@1=2;4@2=1;4@4=2;4@6=1;5@4=1,"1,2,4,6",7,5,5,0,1.0,0.612147623941468,1.0,0.015184529926834979,0.0,0.0,0.2,0.5129940509796143,Optimal
390,389,5,3,2,"ADD:4,7;ADD:5,6;ADD:6,7;REMOVE:4,8;REMOVE:5,4",0:-;1:-;2:-;3:-;4:8;5:4;6:-;7:-;8:-;9:-,0:-;1:-;2:-;3:-;4:7;5:6;6:7;7:-;8:-;9:-,4@0=1;4@4=1;4@8=1;5@4=1;6@4=1;6@3=1;6@9=1,"0,4,8,3,9",7,7,7,0,1.0,0.5,1.0,0.0,0.0,0.0,0.30000000000000004,0.30313920974731445,Optimal
391,390,10,7,3,"ADD:4,4;ADD:4,9;ADD:5,2;ADD:6,2;ADD:6,3;ADD:7,2;ADD:7,8;REMOVE:4,7;REMOVE:5,6;REMOVE:6,7",0:-;1:-;2:-;3:-;4:7;5:6;6:7;7:-;8:-;9:-,0:-;1:-;2:-;3:-;4:4|9;5:2;6:2|3;7:2|8;8:-;9:-,4@4=3;4@6=1;4@7=1;4@9=1;5@2=2;6@7=1;6@2=1;6@3=1;7@4=1;7@7=1;7@2=1;7@5=1,"4,6,7,9,2,3,5",15,12,12,0,1.0,0.1548965457571655,1.0,0.06130472705960156,0.0,0.02926382054742067,0.7,3.5122909545898438,Optimal
392,391,8,1,7,"ADD:5,6;REMOVE:4,4;REMOVE:4,9;REMOVE:5,2;REMOVE:6,2;REMOVE:6,3;REMOVE:7,2;REMOVE:7,8",0:-;1:-;2:-;3:-;4:4|9;5:2;6:2|3;7:2|8;8:-;9:-,0:-;1:-;2:-;3:-;4:-;5:6;6:-;7:-;8:-;9:-,5@1=1;5@4=1;5@7=1,"1,4,7",3,3,3,0,1.0,0.7000000000000001,1.0,0.0,0.0,0.0,0.1,0.4094531536102295,Optimal
393,392,5,4,1,"ADD:4,1;ADD:4,7;ADD:5,2;ADD:7,5;REMOVE:5,6",0:-;1:-;2:-;3:-;4:-;5:6;6:-;7:-;8:-;9:-,0:-;1:-;2:-;3:-;4:1|7;5:2;6:-;7:5;8:-;9:-,4@1=1;4@7=1;5@2=1;7@5=1,"1,7,2,5",4,4,4,0,1.0,0.492667448247863,1.0,0.10068056487673742,0.0,0.06061498173236461,0.4,1.9126672744750977,Optimal
394,393,12,8,4,"ADD:0,2;ADD:4,2;ADD:4,8;ADD:4,9;ADD:6,0;ADD:7,0;ADD:7,6;ADD:7,8;REMOVE:4,1;REMOVE:4,7;REMOVE:5,2;REMOVE:7,5",0:-;1:-;2:-;3:-;4:1|7;5:2;6:-;7:5;8:-;9:-,0:2;1:-;2:-;3:-;4:2|8|9;5:-;6:0;7:0|6|8;8:-;9:-,0@2=1;4@2=2;4@1=1;4@5=1;4@7=1;4@8=1;4@9=1;6@0=1;7@1=1;7@5=1;7@0=1;7@4=2;7@6=1,"2,1,5,7,8,9,0,4,6",15,13,13,0,1.0,0.0496571826765575,1.0,0.05455955337476199,0.0,0.030047699883739076,0.7999999999999999,4.777541875839233,Optimal
395,394,9,4,5,"ADD:4,1;ADD:5,5;ADD:6,4;ADD:7,7;REMOVE:0,2;REMOVE:4,2;REMOVE:4,8;REMOVE:6,0;REMOVE:7,8",0:2;1:-;2:-;3:-;4:2|8|9;5:-;6:0;7:0|6|8;8:-;9:-,0:-;1:-;2:-;3:-;4:1|9;5:5;6:4;7:0|6|7;8:-;9:-,4@1=1;4@6=1;5@5=1;6@4=1;7@6=1;7@4=1;7@0=3;7@7=1,"1,6,5,4,0,7",10,8,8,0,1.0,0.19817276993113875,0.625,0.07610883899325423,0.125,0.0614284936826766,0.4,4.484989881515503,Optimal
396,395,16,9,7,"ADD:4,2;ADD:4,4;ADD:5,2;ADD:6,1;ADD:6,2;ADD:7,1;ADD:7,4;ADD:7,9;ADD:8,7;REMOVE:4,1;REMOVE:4,9;REMOVE:5,5;REMOVE:6,4;REMOVE:7,0;REMOVE:7,6;REMOVE:7,7",0:-;1:-;2:-;3:-;4:1|9;5:5;6:4;7:0|6|7;8:-;9:-,0:-;1:-;2:-;3:-;4:2|4;5:2;6:1|2;7:1|4|9;8:7;9:-,4@2=1;4@4=2;4@7=1;5@2=1;6@2=1;6@1=2;6@3=1;7@2=1;7@4=1;7@1=1;7@9=1;8@7=1,"2,4,7,1,3,9",14,12,12,0,1.0,-0.026997389897498114,1.0,0.07904286486109234,0.0,0.048841591068139706,0.8999999999999999,3.9112708568573,Optimal
397,396,9,3,6,"ADD:3,2;ADD:4,6;ADD:6,7;REMOVE:4,2;REMOVE:5,2;REMOVE:6,1;REMOVE:7,1;REMOVE:7,9;REMOVE:8,7",0:-;1:-;2:-;3:-;4:2|4;5:2;6:1|2;7:1|4|9;8:7;9:-,0:-;1:-;2:-;3:2;4:4|6;5:-;6:2|7;7:4;8:-;9:-,3@2=1;4@6=1;4@7=1;6@0=1;6@4=1;6@9=1;7@4=2,"2,6,7,0,4,9",8,7,7,0,1.0,0.3021539284498155,0.6666666666666666,0.05270085165527978,0.1111111111111111,0.022188457850180147,0.30000000000000004,2.7500550746917725,Optimal
398,397,12,7,5,"ADD:2,6;ADD:4,5;ADD:5,7;ADD:6,3;ADD:6,4;ADD:7,7;ADD:7,8;REMOVE:3,2;REMOVE:4,4;REMOVE:6,2;REMOVE:6,7;REMOVE:7,4",0:-;1:-;2:-;3:2;4:4|6;5:-;6:2|7;7:4;8:-;9:-,0:-;1:-;2:6;3:-;4:5|6;5:7;6:3|4;7:7|8;8:-;9:-,2@6=1;4@6=1;4@5=1;5@7=1;6@3=1;6@4=1;7@4=1;7@1=1,"6,5,7,3,4,1",8,8,8,0,1.0,0.03781371153870361,0.8333333333333334,0.07773664394698437,0.0,0.04478864857224719,0.7,2.4505181312561035,Optimal
399,398,5,0,5,"REMOVE:2,6;REMOVE:4,6;REMOVE:5,7;REMOVE:6,4;REMOVE:7,7",0:-;1:-;2:6;3:-;4:5|6;5:7;6:3|4;7:7|8;8:-;9:-,0:-;1:-;2:-;3:-;4:5;5:-;6:3;7:8;8:-;9:-,4@0=1;4@2=1;6@1=1;6@5=1;7@2=1;7@1=1,"0,2,1,5",6,6,6,0,1.0,0.5,0.625,0.0,0.0,0.0,0.0,0.7831590175628662,Optimal
400,399,7,4,3,"ADD:4,0;ADD:4,1;ADD:4,2;ADD:5,6;REMOVE:4,5;REMOVE:6,3;REMOVE:7,8",0:-;1:-;2:-;3:-;4:5;5:-;6:3;7:8;8:-;9:-,0:-;1:-;2:-;3:-;4:0|1|2;5:6;6:-;7:-;8:-;9:-,4@0=1;4@1=2;4@2=1;4@5=1;4@7=1;5@6=2,"0,1,2,5,7,6",8,6,6,0,1.0,0.4690363750625608,1.0,0.076402105993108,0.0,0.03957345134037233,0.4,2.0168447494506836,Optimal
401,400,10,6,4,"ADD:4,3;ADD:5,4;ADD:5,5;ADD:6,4;ADD:7,1;ADD:7,2;REMOVE:4,0;REMOVE:4,1;REMOVE:4,2;REMOVE:5,6",0:-;1:-;2:-;3:-;4:0|1|2;5:6;6:-;7:-;8:-;9:-,0:-;1:-;2:-;3:-;4:3;5:4|5;6:4;7:1|2;8:-;9:-,4@3=1;5@4=1;5@5=1;6@4=1;7@1=2;7@2=2,"3,4,5,1,2",8,6,6,0,1.0,0.2974390911318443,1.0,0.10539428813095512,0.0,0.06561830313540087,0.6,2.043307065963745,Optimal
402,401,12,8,4,"ADD:4,5;ADD:4,9;ADD:5,2;ADD:5,7;ADD:6,6;ADD:7,7;ADD:8,1;ADD:8,2;REMOVE:4,3;REMOVE:5,4;REMOVE:5,5;REMOVE:7,1",0:-;1:-;2:-;3:-;4:3;5:4|5;6:4;7:1|2;8:-;9:-,0:-;1:-;2:-;3:-;4:5|9;5:2|7;6:4|6;7:2|7;8:1|2;9:-,4@2=1;4@3=2;4@5=1;4@9=1;5@3=1;5@4=1;6@4=1;6@6=1;7@3=1;7@4=1;7@0=1;7@8=1;8@2=1;8@1=1,"2,3,5,9,4,6,0,8,1",15,14,14,0,1.0,-0.19754301857639867,0.6666666666666666,0.03922397336469709,0.16666666666666666,0.022055680325884706,0.7999999999999999,4.706222772598267,Optimal
403,402,8,3,5,"ADD:4,2;ADD:4,8;ADD:6,8;REMOVE:4,5;REMOVE:5,7;REMOVE:6,4;REMOVE:8,1;REMOVE:8,2",0:-;1:-;2:-;3:-;4:5|9;5:2|7;6:4|6;7:2|7;8:1|2;9:-,0:-;1:-;2:-;3:-;4:2|8|9;5:2;6:6|8;7:2|7;8:-;9:-,4@1=1;4@2=2;4@4=1;4@5=2;4@9=2;5@2=2;6@1=1;6@4=1;7@2=1;7@4=1;7@9=1;7@0=2;7@8=1,"1,2,4,5,9,0,8",18,13,13,0,1.0,0.15298544564647715,0.5,0.03879826158777165,0.1,0.009734181881299014,0.30000000000000004,3.9908409118652344,Optimal
404,403,7,3,4,"ADD:2,2;ADD:3,4;ADD:4,4;REMOVE:4,2;REMOVE:4,8;REMOVE:5,2;REMOVE:6,6",0:-;1:-;2:-;3:-;4:2|8|9;5:2;6:6|8;7:2|7;8:-;9:-,0:-;1:-;2:2;3:4;4:4|9;5:-;6:8;7:2|7;8:-;9:-,2@2=1;3@4=1;4@2=2;4@4=1;6@8=1;7@4=1;7@8=1;7@0=1,"2,4,8,0",9,8,8,0,1.0,0.16272554651969107,0.5,0.04252515606056654,0.125,0.018527108356189495,0.30000000000000004,2.172053098678589,Optimal
405,404,8,3,5,"ADD:6,2;ADD:7,8;ADD:8,0;REMOVE:2,2;REMOVE:3,4;REMOVE:4,9;REMOVE:6,8;REMOVE:7,2",0:-;1:-;2:2;3:4;4:4|9;5:-;6:8;7:2|7;8:-;9:-,0:-;1:-;2:-;3:-;4:4;5:-;6:2;7:7|8;8:0;9:-,4@4=1;6@2=1;7@4=1;7@2=1;7@1=1;7@8=1;8@0=1,"4,2,1,8,0",7,7,7,0,1.0,0.3228170566030407,0.7142857142857143,0.05546012285447621,0.0,0.03510193445444202,0.30000000000000004,1.9833571910858154,Optimal
406,405,10,5,5,"ADD:1,5;ADD:4,7;ADD:5,7;ADD:7,9;ADD:8,1;REMOVE:4,4;REMOVE:6,2;REMOVE:7,7;REMOVE:7,8;REMOVE:8,0",0:-;1:-;2:-;3:-;4:4;5:-;6:2;7:7|8;8:0;9:-,0:-;1:5;2:-;3:-;4:7;5:7;6:-;7:9;8:1;9:-,1@5=1;4@7=1;5@7=1;7@9=1;8@1=1,"5,7,9,1",5,5,5,0,1.0,0.3869048638681267,1.0,0.09609486425923819,0.0,0.05014486230368027,0.5,0.403872013092041,Optimal
407,406,17,12,5,"ADD:1,1;ADD:4,0;ADD:4,5;ADD:5,6;ADD:6,0;ADD:6,1;ADD:7,0;ADD:7,1;ADD:7,7;ADD:8,4;ADD:8,5;ADD:8,7;REMOVE:1,5;REMOVE:4,7;REMOVE:5,7;REMOVE:7,9;REMOVE:8,1",0:-;1:5;2:-;3:-;4:7;5:7;6:-;7:9;8:1;9:-,0:-;1:1;2:-;3:-;4:0|5;5:6;6:0|1;7:0|1|7;8:4|5|7;9:-,1@1=1;4@0=1;4@5=1;5@6=1;6@1=1;6@0=1;7@1=1;7@0=2;7@9=1;8@0=1;8@5=1;8@4=1;8@7=1,"1,0,5,6,9,4,7",14,13,13,0,1.0,-0.32117959542301855,1.0,0.0853390891675041,0.0,0.0527456662148905,1.2,6.068122148513794,Optimal
408,407,14,8,6,"ADD:1,2;ADD:1,7;ADD:1,8;ADD:4,1;ADD:5,7;ADD:5,8;ADD:6,2;ADD:8,9;REMOVE:1,1;REMOVE:5,6;REMOVE:6,0;REMOVE:6,1;REMOVE:7,0;REMOVE:8,4",0:-;1:1;2:-;3:-;4:0|5;5:6;6:0|1;7:0|1|7;8:4|5|7;9:-,0:-;1:2|7|8;2:-;3:-;4:0|1|5;5:7|8;6:2;7:1|7;8:5|7|9;9:-,1@0=2;1@1=1;1@2=2;1@4=1;1@5=1;1@6=1;1@7=2;1@9=1;4@0=1;4@1=2;4@3=1;4@8=1;5@1=3;5@2=1;5@6=1;5@8=1;6@2=1;7@1=1;7@3=1;8@1=1;8@2=1;8@5=1;8@9=1;8@8=1,"0,1,2,4,5,6,7,9,3,8",30,24,24,0,1.0,-0.3432476598263081,0.5,0.04208030519135679,0.08333333333333333,0.032107146769698634,0.7999999999999999,17.999964952468872,Optimal
409,408,19,12,7,"ADD:0,5;ADD:0,6;ADD:0,7;ADD:1,6;ADD:3,2;ADD:3,4;ADD:4,2;ADD:4,7;ADD:5,4;ADD:6,7;ADD:7,5;ADD:8,4;REMOVE:1,7;REMOVE:1,8;REMOVE:4,1;REMOVE:4,5;REMOVE:5,7;REMOVE:5,8;REMOVE:8,9",0:-;1:2|7|8;2:-;3:-;4:0|1|5;5:7|8;6:2;7:1|7;8:5|7|9;9:-,0:5|6|7;1:2|6;2:-;3:2|4;4:0|2|7;5:4;6:2|7;7:1|5|7;8:4|5|7;9:-,0@1=1;0@4=1;0@5=1;0@9=1;1@4=2;1@9=1;1@2=2;1@6=1;1@7=1;1@8=1;3@4=1;3@2=1;4@4=1;4@5=1;4@9=1;4@2=2;4@0=1;5@4=1;6@9=2;6@0=3;7@5=1;7@9=1;7@2=2;7@7=1;7@8=1;7@3=2;8@4=2;8@5=1;8@2=4;8@6=1;8@8=1;8@0=1;8@3=1,"1,4,5,9,2,6,7,8,0,3",45,33,33,0,1.0,-0.7544159840025556,0.5,0.032606907231153774,0.07142857142857142,0.02606387963403509,1.2,17.589810132980347,Optimal
410,409,16,7,9,"ADD:1,7;ADD:1,8;ADD:2,1;ADD:5,9;ADD:6,6;ADD:7,6;ADD:8,2;REMOVE:1,6;REMOVE:3,2;REMOVE:3,4;REMOVE:4,0;REMOVE:6,2;REMOVE:6,7;REMOVE:7,1;REMOVE:8,4;REMOVE:8,5",0:5|6|7;1:2|6;2:-;3:2|4;4:0|2|7;5:4;6:2|7;7:1|5|7;8:4|5|7;9:-,0:5|6|7;1:2|7|8;2:1;3:-;4:2|7;5:4|9;6:6;7:5|6|7;8:2|7;9:-,0@1=1;0@2=2;0@4=1;0@5=1;0@7=1;1@1=1;1@2=1;1@5=1;1@7=1;1@0=1;1@3=1;1@6=2;1@8=2;1@9=1;2@1=1;4@4=3;4@8=2;5@2=4;5@4=1;5@7=1;5@6=1;5@9=2;6@6=1;7@1=3;7@4=3;7@5=2;7@0=1;7@8=1;7@9=1;8@2=3;8@4=2;8@3=1;8@8=3;8@9=1,"1,2,4,5,7,0,3,6,8,9",54,34,34,0,1.0,-0.2925207085791224,0.47368421052631576,0.029713420787925705,0.0,0.023805931847422024,0.7,12.051821231842041,Optimal
411,410,13,5,8,"ADD:3,7;ADD:4,1;ADD:5,0;ADD:5,8;ADD:8,9;REMOVE:0,5;REMOVE:0,6;REMOVE:0,7;REMOVE:2,1;REMOVE:4,7;REMOVE:5,9;REMOVE:6,6;REMOVE:8,2",0:5|6|7;1:2|7|8;2:1;3:-;4:2|7;5:4|9;6:6;7:5|6|7;8:2|7;9:-,0:-;1:2|7|8;2:-;3:7;4:1|2;5:0|4|8;6:-;7:5|6|7;8:7|9;9:-,1@0=2;1@4=1;1@5=3;1@8=1;3@7=1;4@7=1;4@1=2;4@3=1;5@0=1;5@4=3;5@5=1;5@2=1;7@4=2;7@5=1;7@8=1;7@1=2;7@3=2;7@2=1;7@9=1;8@7=2;8@1=1;8@2=1;8@9=1,"0,4,5,8,7,1,3,2,9",33,23,23,0,1.0,-0.05815754644605792,0.47058823529411764,0.03428131367831524,0.1764705882352941,0.013263483644684725,0.5,8.812933206558228,Optimal
412,411,14,3,11,"ADD:1,6;ADD:3,4;ADD:7,4;REMOVE:1,2;REMOVE:1,7;REMOVE:1,8;REMOVE:3,7;REMOVE:5,0;REMOVE:5,4;REMOVE:5,8;REMOVE:7,6;REMOVE:7,7;REMOVE:8,7;REMOVE:8,9",0:-;1:2|7|8;2:-;3:7;4:1|2;5:0|4|8;6:-;7:5|6|7;8:7|9;9:-,0:-;1:6;2:-;3:4;4:1|2;5:-;6:-;7:4|5;8:-;9:-,1@6=1;3@4=1;4@1=2;4@2=1;4@3=1;4@8=1;7@4=1;7@2=1,"6,4,1,2,3,8",9,8,8,0,1.0,0.38703261580431236,0.7857142857142857,0.06425597168448613,0.0,0.03528204942647463,0.30000000000000004,3.2916080951690674,Optimal
413,412,9,4,5,"ADD:1,1;ADD:7,2;ADD:7,9;ADD:8,8;REMOVE:1,6;REMOVE:3,4;REMOVE:4,2;REMOVE:7,4;REMOVE:7,5",0:-;1:6;2:-;3:4;4:1|2;5:-;6:-;7:4|5;8:-;9:-,0:-;1:1;2:-;3:-;4:1;5:-;6:-;7:2|9;8:8;9:-,1@1=1;4@1=1;7@2=1;7@9=1;8@8=1,"1,2,9,8",5,5,5,0,1.0,0.3590358376901913,0.8333333333333334,0.10220236346882483,0.0,0.053036401242323374,0.4,3.36372709274292,Optimal
414,413,14,9,5,"ADD:1,0;ADD:1,4;ADD:4,2;ADD:4,6;ADD:5,2;ADD:7,4;ADD:7,5;ADD:8,4;ADD:8,9;REMOVE:1,1;REMOVE:4,1;REMOVE:7,2;REMOVE:7,9;REMOVE:8,8",0:-;1:1;2:-;3:-;4:1;5:-;6:-;7:2|9;8:8;9:-,0:-;1:0|4;2:-;3:-;4:2|6;5:2;6:-;7:4|5;8:4|9;9:-,1@0=1;1@4=1;1@7=1;4@2=2;4@6=1;5@2=1;7@4=1;7@5=1;8@4=2;8@9=1,"0,4,7,2,6,5,9",12,10,10,0,1.0,-0.020411904217292887,1.0,0.08690593356140566,0.0,0.0503167446679118,0.8999999999999999,4.3197009563446045,Optimal
415,414,8,4,4,"ADD:4,7;ADD:5,1;ADD:6,8;ADD:7,9;REMOVE:1,0;REMOVE:1,4;REMOVE:5,2;REMOVE:7,5",0:-;1:0|4;2:-;3:-;4:2|6;5:2;6:-;7:4|5;8:4|9;9:-,0:-;1:-;2:-;3:-;4:2|6|7;5:1;6:8;7:4|9;8:4|9;9:-,4@0=1;4@3=1;4@6=1;4@7=1;4@9=1;5@1=1;6@8=1;7@7=2;7@9=1;7@2=2;8@6=1;8@7=1;8@9=1,"0,3,6,7,9,1,8,2",15,13,13,0,1.0,0.03594296432258526,0.4444444444444444,0.04054914040162821,0.2222222222222222,0.01751826000641355,0.4,5.4445960521698,Optimal
416,415,12,5,7,"ADD:5,4;ADD:6,1;ADD:7,2;ADD:7,7;ADD:8,1;REMOVE:4,6;REMOVE:4,7;REMOVE:6,8;REMOVE:7,4;REMOVE:7,9;REMOVE:8,4;REMOVE:8,9",0:-;1:-;2:-;3:-;4:2|6|7;5:1;6:8;7:4|9;8:4|9;9:-,0:-;1:-;2:-;3:-;4:2;5:1|4;6:1;7:2|7;8:1;9:-,4@2=1;5@1=1;5@4=1;6@1=1;7@4=2;7@0=1;7@8=1;7@9=1;8@1=2,"2,1,4,0,8,9",11,9,9,0,1.0,0.16908712927724423,0.7777777777777778,0.0549497581731345,0.0,0.014525502582571787,0.5,3.8384077548980713,Optimal
417,416,15,9,6,"ADD:1,1;ADD:4,4;ADD:4,8;ADD:4,9;ADD:5,0;ADD:5,7;ADD:8,0;ADD:8,4;ADD:8,9;REMOVE:4,2;REMOVE:5,1;REMOVE:5,4;REMOVE:6,1;REMOVE:7,7;REMOVE:8,1",0:-;1:-;2:-;3:-;4:2;5:1|4;6:1;7:2|7;8:1;9:-,0:-;1:1;2:-;3:-;4:4|8|9;5:0|7;6:-;7:2;8:0|4|9;9:-,1@1=1;4@1=1;4@2=1;4@4=2;4@8=1;4@9=1;5@0=1;5@7=1;7@2=1;8@4=2;8@9=1;8@0=1;8@7=1;8@6=1,"1,2,4,8,9,0,7,6",16,14,14,0,1.0,-0.1434227580730698,0.8571428571428571,0.07678199290686205,0.0,0.047186809435773816,0.8999999999999999,9.327538013458252,Optimal
418,417,11,1,10,"ADD:7,0;REMOVE:1,1;REMOVE:4,4;REMOVE:4,8;REMOVE:4,9;REMOVE:5,0;REMOVE:5,7;REMOVE:7,2;REMOVE:8,0;REMOVE:8,4;REMOVE:8,9",0:-;1:1;2:-;3:-;4:4|8|9;5:0|7;6:-;7:2;8:0|4|9;9:-,0:-;1:-;2:-;3:-;4:-;5:-;6:-;7:0;8:-;9:-,7@0=1,0,1,1,1,0,1.0,0.7818946465807797,1.0,0.1023683082259745,0.0,0.0,0.1,0.30818724632263184,Optimal
419,418,18,17,1,"ADD:0,8;ADD:1,4;ADD:1,5;ADD:1,9;ADD:2,2;ADD:2,9;ADD:4,2;ADD:5,2;ADD:5,7;ADD:6,1;ADD:6,2;ADD:7,1;ADD:7,2;ADD:7,7;ADD:8,0;ADD:8,1;ADD:8,7;REMOVE:7,0",0:-;1:-;2:-;3:-;4:-;5:-;6:-;7:0;8:-;9:-,0:8;1:4|5|9;2:2|9;3:-;4:2;5:2|7;6:1|2;7:1|2|7;8:0|1|7;9:-,0@8=2;1@8=1;1@4=1;1@5=1;1@9=1;2@9=2;2@2=1;4@2=3;5@4=1;5@2=1;5@0=1;5@3=1;6@2=1;6@3=1;6@1=1;7@8=1;7@9=1;7@0=1;7@1=2;7@6=1;7@7=1;8@9=1;8@0=1;8@3=1;8@1=2;8@7=2,"8,4,5,9,2,0,3,1,6,7",33,26,26,0,1.0,-0.8377411962829224,1.0,0.06655699109171845,0.0,0.045066054218515304,1.7000000000000004,8.479186296463013,Optimal
420,419,16,1,15,"ADD:4,8;REMOVE:0,8;REMOVE:1,4;REMOVE:1,5;REMOVE:1,9;REMOVE:2,2;REMOVE:2,9;REMOVE:4,2;REMOVE:5,2;REMOVE:5,7;REMOVE:6,1;REMOVE:6,2;REMOVE:7,1;REMOVE:7,2;REMOVE:8,0;REMOVE:8,1",0:8;1:4|5|9;2:2|9;3:-;4:2;5:2|7;6:1|2;7:1|2|7;8:0|1|7;9:-,0:-;1:-;2:-;3:-;4:8;5:-;6:-;7:7;8:7;9:-,4@4=1;4@5=2;7@4=1;7@0=1;7@2=1;7@3=1;8@4=2;8@2=1;8@9=1,"4,5,0,2,3,9",11,9,9,0,1.0,0.6058823529411765,0.8823529411764706,0.0,0.0,0.0,0.1,0.9883298873901367,Optimal
421,420,17,14,3,"ADD:1,1;ADD:1,4;ADD:2,0;ADD:2,1;ADD:2,7;ADD:4,2;ADD:4,6;ADD:4,9;ADD:5,2;ADD:5,6;ADD:7,1;ADD:7,5;ADD:8,2;ADD:8,3;REMOVE:4,8;REMOVE:7,7;REMOVE:8,7",0:-;1:-;2:-;3:-;4:8;5:-;6:-;7:7;8:7;9:-,0:-;1:1|4;2:0|1|7;3:-;4:2|6|9;5:2|6;6:-;7:1|5;8:2|3;9:-,1@1=1;1@4=2;2@1=2;2@0=2;2@2=1;2@6=1;4@1=1;4@2=1;4@6=1;4@8=1;4@9=1;5@2=1;5@6=1;7@1=1;7@8=1;7@5=1;8@2=2;8@3=1,"1,4,0,2,6,8,9,5,3",22,18,18,0,1.0,-0.5310075795795094,1.0,0.07324668661939375,0.0,0.0519753556248784,1.4000000000000001,10.128121852874756,Optimal
422,421,13,4,9,"ADD:4,4;ADD:5,1;ADD:7,9;ADD:8,6;REMOVE:1,1;REMOVE:1,4;REMOVE:2,7;REMOVE:4,2;REMOVE:4,6;REMOVE:4,9;REMOVE:5,6;REMOVE:7,1;REMOVE:8,3",0:-;1:1|4;2:0|1|7;3:-;4:2|6|9;5:2|6;6:-;7:1|5;8:2|3;9:-,0:-;1:-;2:0|1;3:-;4:4;5:1|2;6:-;7:5|9;8:2|6;9:-,2@0=1;2@1=1;2@7=1;4@4=1;5@1=2;5@8=2;7@5=1;7@9=1;8@4=1;8@6=1,"0,1,7,4,8,5,9,6",12,10,10,0,1.0,0.18528976997031044,0.6428571428571429,0.07256007708565929,0.0,0.06477997008034347,0.4,5.218730926513672,Optimal
423,422,8,5,3,"ADD:2,2;ADD:4,1;ADD:4,3;ADD:7,4;ADD:8,7;REMOVE:2,0;REMOVE:4,4;REMOVE:8,2",0:-;1:-;2:0|1;3:-;4:4;5:1|2;6:-;7:5|9;8:2|6;9:-,0:-;1:-;2:1|2;3:-;4:1|3;5:1|2;6:-;7:4|5|9;8:6|7;9:-,2@1=1;2@2=1;2@9=1;4@1=1;4@3=1;5@2=1;5@3=2;5@8=1;7@2=2;7@4=1;7@5=1;7@6=1;7@7=1;8@9=1;8@4=1,"1,2,9,3,8,4,5,6,7",17,15,15,0,1.0,-0.15298467942511806,0.3333333333333333,0.03863609252201565,0.2222222222222222,0.024976677230791493,0.5,8.861314058303833,Optimal
424,423,14,5,9,"ADD:3,3;ADD:4,2;ADD:4,7;ADD:7,1;ADD:8,4;REMOVE:2,1;REMOVE:2,2;REMOVE:4,1;REMOVE:4,3;REMOVE:5,1;REMOVE:5,2;REMOVE:7,5;REMOVE:8,6;REMOVE:8,7",0:-;1:-;2:1|2;3:-;4:1|3;5:1|2;6:-;7:4|5|9;8:6|7;9:-,0:-;1:-;2:-;3:3;4:2|7;5:-;6:-;7:1|4|9;8:4;9:-,3@3=1;4@3=1;4@4=2;4@9=1;7@3=1;7@4=1;7@1=2;7@6=1;7@7=1;8@4=2,"3,4,9,1,6,7",13,10,10,0,1.0,0.1993638943020679,0.8181818181818182,0.04916200531433874,0.0,0.027444177525711377,0.5,8.185512065887451,Optimal
425,424,13,8,5,"ADD:4,0;ADD:4,6;ADD:5,0;ADD:5,5;ADD:7,3;ADD:8,5;ADD:8,6;ADD:8,7;REMOVE:3,3;REMOVE:4,7;REMOVE:7,1;REMOVE:7,4;REMOVE:8,4",0:-;1:-;2:-;3:3;4:2|7;5:-;6:-;7:1|4|9;8:4;9:-,0:-;1:-;2:-;3:-;4:0|2|6;5:0|5;6:-;7:3|9;8:5|6|7;9:-,4@0=1;4@2=2;4@5=1;4@6=1;4@9=1;5@0=1;5@5=1;7@9=1;7@3=1;8@0=1;8@2=2;8@5=1;8@6=1;8@9=1;8@1=1;8@4=2;8@7=1,"0,2,5,6,9,3,1,4,7",20,17,17,0,1.0,-0.14875773372557455,0.7142857142857143,0.055254962561855095,0.14285714285714285,0.035191481124706395,0.7999999999999999,10.099992752075195,Optimal
426,425,9,2,7,"ADD:5,1;ADD:7,5;REMOVE:4,0;REMOVE:4,2;REMOVE:5,0;REMOVE:5,5;REMOVE:7,3;REMOVE:7,9;REMOVE:8,6",0:-;1:-;2:-;3:-;4:0|2|6;5:0|5;6:-;7:3|9;8:5|6|7;9:-,0:-;1:-;2:-;3:-;4:6;5:1;6:-;7:5;8:5|7;9:-,4@6=1;5@1=2;7@5=1;8@5=1;8@0=1;8@3=1,"6,1,5,0,3",7,6,6,0,1.0,0.42750955156009934,0.7,0.07521272769368396,0.0,0.036696847025761196,0.2,1.9008591175079346,Optimal
427,426,11,6,5,"ADD:3,2;ADD:4,0;ADD:4,1;ADD:7,8;ADD:8,6;ADD:8,8;REMOVE:4,6;REMOVE:5,1;REMOVE:7,5;REMOVE:8,5;REMOVE:8,7",0:-;1:-;2:-;3:-;4:6;5:1;6:-;7:5;8:5|7;9:-,0:-;1:-;2:-;3:2;4:0|1;5:-;6:-;7:8;8:6|8;9:-,3@2=1;4@0=1;4@1=1;7@8=1;8@8=1;8@6=1,"2,0,1,8,6",6,6,6,0,1.0,0.29439037350409014,1.0,0.10342017772581946,0.0,0.058271156617172276,0.6,2.6512908935546875,Optimal
428,427,10,4,6,"ADD:5,4;ADD:7,1;ADD:8,4;ADD:8,5;REMOVE:3,2;REMOVE:4,0;REMOVE:4,1;REMOVE:7,8;REMOVE:8,6;REMOVE:8,8",0:-;1:-;2:-;3:2;4:0|1;5:-;6:-;7:8;8:6|8;9:-,0:-;1:-;2:-;3:-;4:-;5:4;6:-;7:1;8:4|5;9:-,5@4=1;7@1=1;8@4=1;8@5=1,"4,1,5",4,4,4,0,1.0,0.4857276073696467,1.0,0.09773244671493068,0.0,0.03770824998851056,0.4,1.2860112190246582,Optimal
429,428,8,4,4,"ADD:1,2;ADD:7,4;ADD:8,2;ADD:8,7;REMOVE:5,4;REMOVE:7,1;REMOVE:8,4;REMOVE:8,5",0:-;1:-;2:-;3:-;4:-;5:4;6:-;7:1;8:4|5;9:-,0:-;1:2;2:-;3:-;4:-;5:-;6:-;7:4;8:2|7;9:-,1@2=1;7@4=1;8@2=1;8@4=1,"2,4",4,4,4,0,1.0,0.46905619274173505,1.0,0.08041080869907002,0.0,0.023637728912395226,0.4,1.2466301918029785,Optimal
430,429,11,7,4,"ADD:4,5;ADD:5,3;ADD:5,8;ADD:7,2;ADD:8,4;ADD:8,8;ADD:8,9;REMOVE:1,2;REMOVE:7,4;REMOVE:8,2;REMOVE:8,7",0:-;1:2;2:-;3:-;4:-;5:-;6:-;7:4;8:2|7;9:-,0:-;1:-;2:-;3:-;4:5;5:3|8;6:-;7:2;8:4|8|9;9:-,4@5=1;5@5=1;5@1=1;5@2=1;7@2=1;8@1=1;8@4=1;8@8=1;8@9=1,"5,1,2,4,8,9",9,9,9,0,1.0,0.15344206642193858,1.0,0.05724430385623495,0.0,0.03823311668475292,0.7,6.418442964553833,Optimal
431,430,9,4,5,"ADD:1,4;ADD:7,0;ADD:7,9;ADD:8,6;REMOVE:4,5;REMOVE:5,3;REMOVE:5,8;REMOVE:8,4;REMOVE:8,9",0:-;1:-;2:-;3:-;4:5;5:3|8;6:-;7:2;8:4|8|9;9:-,0:-;1:4;2:-;3:-;4:-;5:-;6:-;7:0|2|9;8:6|8;9:-,1@4=1;7@0=1;7@5=1;7@9=1;8@4=1;8@1=1;8@6=1;8@8=1,"4,0,5,9,1,6,8",8,8,8,0,1.0,0.25799959626865376,0.7142857142857143,0.0643016560261114,0.14285714285714285,0.032791357238823524,0.4,4.896569013595581,Optimal
432,431,8,3,5,"ADD:5,4;ADD:7,4;ADD:8,0;REMOVE:1,4;REMOVE:7,2;REMOVE:7,9;REMOVE:8,6;REMOVE:8,8",0:-;1:4;2:-;3:-;4:-;5:-;6:-;7:0|2|9;8:6|8;9:-,0:-;1:-;2:-;3:-;4:-;5:4;6:-;7:0|4;8:0;9:-,5@4=1;7@4=1;7@0=1;8@0=1,"4,0",4,4,4,0,1.0,0.4533679355406821,0.8333333333333334,0.09965342157518835,0.0,0.03489265806932383,0.30000000000000004,1.2351748943328857,Optimal
433,432,6,2,4,"ADD:7,2;ADD:8,2;REMOVE:5,4;REMOVE:7,0;REMOVE:7,4;REMOVE:8,0",0:-;1:-;2:-;3:-;4:-;5:4;6:-;7:0|4;8:0;9:-,0:-;1:-;2:-;3:-;4:-;5:-;6:-;7:2;8:2;9:-,7@2=1;8@2=2,2,3,2,2,0,1.0,0.6826151623954761,1.0,0.10326895299434516,0.0,0.0,0.2,0.29906797409057617,Optimal
434,433,7,5,2,"ADD:2,9;ADD:4,2;ADD:4,8;ADD:5,9;ADD:8,3;REMOVE:7,2;REMOVE:8,2",0:-;1:-;2:-;3:-;4:-;5:-;6:-;7:2;8:2;9:-,0:-;1:-;2:9;3:-;4:2|8;5:9;6:-;7:-;8:3;9:-,2@9=1;4@2=1;4@8=1;5@9=1;8@3=1,"9,2,8,3",5,5,5,0,1.0,0.39003411823765655,1.0,0.10090079541318182,0.0,0.04656740953555545,0.5,2.5097930431365967,Optimal
435,434,9,4,5,"ADD:1,3;ADD:5,3;ADD:7,7;ADD:8,9;REMOVE:2,9;REMOVE:4,2;REMOVE:4,8;REMOVE:5,9;REMOVE:8,3",0:-;1:-;2:9;3:-;4:2|8;5:9;6:-;7:-;8:3;9:-,0:-;1:3;2:-;3:-;4:-;5:3;6:-;7:7;8:9;9:-,1@3=1;5@3=1;7@0=1;7@1=1;8@3=1;8@1=1;8@2=1,"3,0,1,2",7,7,7,0,1.0,0.422872427643015,1.0,0.02859053455376869,0.0,0.0,0.4,0.7797138690948486,Optimal
436,435,10,6,4,"ADD:3,2;ADD:4,2;ADD:5,1;ADD:5,8;ADD:7,0;ADD:8,6;REMOVE:1,3;REMOVE:5,3;REMOVE:7,7;REMOVE:8,9",0:-;1:3;2:-;3:-;4:-;5:3;6:-;7:7;8:9;9:-,0:-;1:-;2:-;3:2;4:2;5:1|8;6:-;7:0;8:6;9:-,3@2=1;4@2=1;5@1=1;5@8=1;7@0=1;8@6=1,"2,1,8,0,6",6,6,6,0,1.0,0.29178711107348443,1.0,0.09993497759604943,0.0,0.059195644983224355,0.6,2.3178939819335938,Optimal
437,436,10,4,6,"ADD:4,7;ADD:4,9;ADD:8,2;ADD:8,4;REMOVE:3,2;REMOVE:4,2;REMOVE:5,1;REMOVE:5,8;REMOVE:7,0;REMOVE:8,6",0:-;1:-;2:-;3:2;4:2;5:1|8;6:-;7:0;8:6;9:-,0:-;1:-;2:-;3:-;4:7|9;5:-;6:-;7:-;8:2|4;9:-,4@7=1;4@9=1;8@2=1;8@4=1,"7,9,2,4",4,4,4,0,1.0,0.49502890817217693,1.0,0.1029970136903616,0.0,0.06315648609943805,0.4,3.5206501483917236,Optimal
438,437,13,9,4,"ADD:1,2;ADD:4,0;ADD:5,1;ADD:5,9;ADD:7,2;ADD:7,6;ADD:8,7;ADD:8,8;ADD:8,9;REMOVE:4,7;REMOVE:4,9;REMOVE:8,2;REMOVE:8,4",0:-;1:-;2:-;3:-;4:7|9;5:-;6:-;7:-;8:2|4;9:-,0:-;1:2;2:-;3:-;4:0;5:1|9;6:-;7:2|6;8:7|8|9;9:-,1@2=1;4@0=1;5@1=1;5@9=1;7@2=1;7@6=1;8@2=2;8@1=1;8@9=1;8@4=1,"2,0,1,9,6,4",11,10,10,0,1.0,-0.040071751722889126,1.0,0.06464280133936177,0.0,0.041070036028106056,0.8999999999999999,6.001755952835083,Optimal
439,438,10,2,8,"ADD:4,7;ADD:7,4;REMOVE:1,2;REMOVE:4,0;REMOVE:5,1;REMOVE:5,9;REMOVE:7,2;REMOVE:7,6;REMOVE:8,8;REMOVE:8,9",0:-;1:2;2:-;3:-;4:0;5:1|9;6:-;7:2|6;8:7|8|9;9:-,0:-;1:-;2:-;3:-;4:7;5:-;6:-;7:4;8:7;9:-,4@4=1;4@9=1;7@4=1;8@0=1;8@8=1,"4,9,0,8",5,5,5,0,1.0,0.5286917159669762,0.8888888888888888,0.021975756069831428,0.0,0.0,0.2,1.2742221355438232,Optimal
440,439,8,5,3,"ADD:0,1;ADD:4,4;ADD:8,3;ADD:8,4;ADD:8,8;REMOVE:4,7;REMOVE:7,4;REMOVE:8,7",0:-;1:-;2:-;3:-;4:7;5:-;6:-;7:4;8:7;9:-,0:1;1:-;2:-;3:-;4:4;5:-;6:-;7:-;8:3|4|8;9:-,0@1=1;4@4=1;8@1=1;8@4=1;8@3=1;8@8=2,"1,4,3,8",7,6,6,0,1.0,0.3761166669398628,1.0,0.08391897582326698,0.0,0.04490743140624604,0.5,2.798609733581543,Optimal
441,440,14,9,5,"ADD:1,0;ADD:4,2;ADD:4,6;ADD:5,0;ADD:5,3;ADD:6,5;ADD:7,7;ADD:7,8;ADD:8,7;REMOVE:0,1;REMOVE:4,4;REMOVE:8,3;REMOVE:8,4;REMOVE:8,8",0:1;1:-;2:-;3:-;4:4;5:-;6:-;7:-;8:3|4|8;9:-,0:-;1:0;2:-;3:-;4:2|6;5:0|3;6:5;7:7|8;8:7;9:-,1@0=1;4@4=1;4@6=2;5@0=1;5@2=1;5@3=1;6@5=1;7@4=1;7@2=1;7@1=1;8@7=1,"0,4,6,2,3,5,1,7",12,11,11,0,1.0,-0.04576978364484374,1.0,0.0589368154175336,0.0,0.03540382010564633,0.8999999999999999,7.017025947570801,Optimal
442,441,13,5,8,"ADD:1,4;ADD:4,9;ADD:6,8;ADD:7,3;ADD:8,6;REMOVE:1,0;REMOVE:4,2;REMOVE:4,6;REMOVE:5,0;REMOVE:5,3;REMOVE:6,5;REMOVE:7,7;REMOVE:8,7",0:-;1:0;2:-;3:-;4:2|6;5:0|3;6:5;7:7|8;8:7;9:-,0:-;1:4;2:-;3:-;4:9;5:-;6:8;7:3|8;8:6;9:-,1@4=1;4@9=1;6@8=1;7@8=1;7@1=1;7@2=1;7@5=1;8@6=1,"4,9,8,1,2,5,6",8,8,8,0,1.0,0.2712832068523163,0.8888888888888888,0.06674690996986622,0.0,0.03387283882656151,0.5,2.7243618965148926,Optimal
443,442,13,7,6,"ADD:4,2;ADD:5,6;ADD:6,1;ADD:7,1;ADD:7,2;ADD:8,0;ADD:8,4;REMOVE:1,4;REMOVE:4,9;REMOVE:6,8;REMOVE:7,3;REMOVE:7,8;REMOVE:8,6",0:-;1:4;2:-;3:-;4:9;5:-;6:8;7:3|8;8:6;9:-,0:-;1:-;2:-;3:-;4:2;5:6;6:1;7:1|2;8:0|4;9:-,4@2=1;5@6=1;6@1=1;7@2=1;7@1=1;7@7=1;7@8=1;7@9=1;8@0=1;8@4=1,"2,6,1,7,8,9,0,4",10,10,10,0,1.0,0.16699202153685433,1.0,0.07207312436311217,0.0,0.04666761023182325,0.7,2.1847951412200928,Optimal
444,443,15,8,7,"ADD:0,4;ADD:4,1;ADD:4,6;ADD:5,4;ADD:5,7;ADD:7,3;ADD:8,2;ADD:8,8;REMOVE:4,2;REMOVE:5,6;REMOVE:6,1;REMOVE:7,1;REMOVE:7,2;REMOVE:8,0;REMOVE:8,4",0:-;1:-;2:-;3:-;4:2;5:6;6:1;7:1|2;8:0|4;9:-,0:4;1:-;2:-;3:-;4:1|6;5:4|7;6:-;7:3;8:2|8;9:-,0@4=1;4@1=1;4@6=1;5@4=1;5@7=1;7@3=3;8@2=1;8@5=1;8@8=2,"4,1,6,7,3,2,5,8",12,9,9,0,1.0,0.0851429622318205,1.0,0.0912550968343635,0.0,0.06069442382164756,0.7999999999999999,6.648782968521118,Optimal
445,444,12,4,8,"ADD:4,7;ADD:5,6;ADD:7,7;ADD:8,7;REMOVE:0,4;REMOVE:4,1;REMOVE:4,6;REMOVE:5,4;REMOVE:5,7;REMOVE:7,3;REMOVE:8,2;REMOVE:8,8",0:4;1:-;2:-;3:-;4:1|6;5:4|7;6:-;7:3;8:2|8;9:-,0:-;1:-;2:-;3:-;4:7;5:6;6:-;7:7;8:7;9:-,4@0=1;4@4=1;4@8=1;5@6=1;7@0=1;7@1=1;7@2=2;8@0=1;8@4=1;8@1=2;8@2=2,"0,4,8,6,1,2",14,11,11,0,1.0,0.4063901480556794,1.0,0.007987685069599279,0.0,0.0,0.4,1.3399028778076172,Optimal
446,445,11,7,4,"ADD:0,2;ADD:2,4;ADD:4,5;ADD:5,2;ADD:8,3;ADD:8,4;ADD:8,8;REMOVE:4,7;REMOVE:5,6;REMOVE:7,7;REMOVE:8,7",0:-;1:-;2:-;3:-;4:7;5:6;6:-;7:7;8:7;9:-,0:2;1:-;2:4;3:-;4:5;5:2;6:-;7:-;8:3|4|8;9:-,0@2=1;2@4=1;4@5=1;5@2=1;8@4=2;8@3=1;8@7=1;8@8=1,"2,4,5,3,7,8",9,8,8,0,1.0,0.17914893987801328,1.0,0.08702850068651834,0.0,0.04763069664399294,0.7,3.3868470191955566,Optimal
447,446,14,10,4,"ADD:1,2;ADD:1,8;ADD:2,1;ADD:4,8;ADD:5,4;ADD:6,1;ADD:7,1;ADD:7,6;ADD:8,1;ADD:8,7;REMOVE:0,2;REMOVE:4,5;REMOVE:8,3;REMOVE:8,4",0:2;1:-;2:4;3:-;4:5;5:2;6:-;7:-;8:3|4|8;9:-,0:-;1:2|8;2:1|4;3:-;4:8;5:2|4;6:1;7:1|6;8:1|7|8;9:-,1@2=2;1@8=1;2@1=2;2@4=1;4@8=1;5@8=1;5@4=1;6@1=1;7@8=1;7@1=1;7@6=1;8@8=1;8@1=1;8@4=1;8@3=1,"2,8,1,4,6,3",17,15,15,0,1.0,-0.43851843139893265,0.5714285714285714,0.08081423492434615,0.14285714285714285,0.05557947473652266,0.9999999999999999,6.5197508335113525,Optimal
448,447,17,8,9,"ADD:1,4;ADD:2,2;ADD:4,3;ADD:4,6;ADD:5,7;ADD:7,0;ADD:7,3;ADD:8,4;REMOVE:1,2;REMOVE:2,4;REMOVE:4,8;REMOVE:5,4;REMOVE:6,1;REMOVE:7,6;REMOVE:8,1;REMOVE:8,7;REMOVE:8,8",0:-;1:2|8;2:1|4;3:-;4:8;5:2|4;6:1;7:1|6;8:1|7|8;9:-,0:-;1:4|8;2:1|2;3:-;4:3|6;5:2|7;6:-;7:0|1|3;8:4;9:-,1@2=1;1@6=1;1@8=1;2@2=1;2@1=1;4@6=1;4@3=1;5@2=1;5@4=1;5@9=1;7@2=1;7@1=1;7@0=1;7@5=1;8@4=1,"2,6,8,1,3,4,9,0,5",15,15,15,0,1.0,-0.16292100729317294,0.6923076923076923,0.058264340607256125,0.15384615384615385,0.02926067802818761,0.7999999999999999,10.126281976699829,Optimal
449,448,18,7,11,"ADD:0,9;ADD:2,6;ADD:5,4;ADD:6,7;ADD:8,1;ADD:8,5;ADD:8,9;REMOVE:1,4;REMOVE:1,8;REMOVE:2,2;REMOVE:4,3;REMOVE:4,6;REMOVE:5,2;REMOVE:5,7;REMOVE:7,0;REMOVE:7,1;REMOVE:7,3;REMOVE:8,4",0:-;1:4|8;2:1|2;3:-;4:3|6;5:2|7;6:-;7:0|1|3;8:4;9:-,0:9;1:-;2:1|6;3:-;4:-;5:4;6:7;7:-;8:1|5|9;9:-,0@9=1;2@1=1;2@6=1;5@4=1;6@7=1;8@9=1;8@1=1;8@2=1;8@5=1,"9,1,6,4,7,2,5",9,9,9,0,1.0,0.12409709651952072,0.9166666666666666,0.09685671940490721,0.0,0.066391938311308,0.7,4.435222864151001,Optimal
450,449,15,7,8,"ADD:4,2;ADD:4,7;ADD:5,3;ADD:5,8;ADD:7,2;ADD:7,4;ADD:8,2;REMOVE:0,9;REMOVE:2,1;REMOVE:2,6;REMOVE:5,4;REMOVE:6,7;REMOVE:8,1;REMOVE:8,5;REMOVE:8,9",0:9;1:-;2:1|6;3:-;4:-;5:4;6:7;7:-;8:1|5|9;9:-,0:-;1:-;2:-;3:-;4:2|7;5:3|8;6:-;7:2|4;8:2;9:-,4@0=1;4@3=1;4@8=1;5@3=2;5@8=1;7@2=1;7@4=2;7@7=1;8@2=1,"0,3,8,2,4,7",11,9,9,0,1.0,0.16039728470624903,1.0,0.0658753203609103,0.0,0.03848514208760305,0.7,3.923957109451294,Optimal
451,450,15,10,5,"ADD:1,3;ADD:2,4;ADD:4,5;ADD:4,6;ADD:5,2;ADD:5,7;ADD:7,1;ADD:8,0;ADD:8,7;ADD:8,8;REMOVE:4,2;REMOVE:5,3;REMOVE:5,8;REMOVE:7,2;REMOVE:8,2",0:-;1:-;2:-;3:-;4:2|7;5:3|8;6:-;7:2|4;8:2;9:-,0:-;1:3;2:4;3:-;4:5|6|7;5:2|7;6:-;7:1|4;8:0|7|8;9:-,1@3=1;2@4=1;4@3=1;4@4=1;4@0=1;4@6=1;5@3=1;5@4=1;5@2=1;5@7=1;7@6=1;7@1=1;7@8=1;8@4=1;8@0=1;8@2=1;8@1=1;8@5=1,"3,4,0,6,2,7,1,8,5",18,18,18,0,1.0,-0.3611570529574497,0.7142857142857143,0.04072647899097786,0.14285714285714285,0.03130881924883947,0.9999999999999999,13.197544813156128,Optimal
452,451,11,4,7,"ADD:2,2;ADD:4,4;ADD:7,5;ADD:8,3;REMOVE:1,3;REMOVE:2,4;REMOVE:4,6;REMOVE:4,7;REMOVE:7,1;REMOVE:7,4;REMOVE:8,0",0:-;1:3;2:4;3:-;4:5|6|7;5:2|7;6:-;7:1|4;8:0|7|8;9:-,0:-;1:-;2:2;3:-;4:4|5;5:2|7;6:-;7:5;8:3|7|8;9:-,2@2=1;4@2=1;4@4=1;4@8=1;5@2=1;5@4=1;7@5=1;8@4=1;8@5=3;8@1=2;8@9=1,"2,4,8,5,1,9",14,11,11,0,1.0,0.10916482845229258,0.5833333333333334,0.026567430368736884,0.08333333333333333,0.022887754119848714,0.4,6.441417932510376,Optimal
453,452,10,2,8,"ADD:5,8;ADD:8,6;REMOVE:2,2;REMOVE:4,4;REMOVE:5,2;REMOVE:5,7;REMOVE:7,5;REMOVE:8,3;REMOVE:8,7;REMOVE:8,8",0:-;1:-;2:2;3:-;4:4|5;5:2|7;6:-;7:5;8:3|7|8;9:-,0:-;1:-;2:-;3:-;4:5;5:8;6:-;7:-;8:6;9:-,4@5=2;5@5=1;5@2=1;5@7=1;8@7=1;8@4=2;8@9=1,"5,2,7,4,9",9,7,7,0,1.0,0.5279024781834314,0.8888888888888888,0.020989208840400238,0.0,0.0,0.2,1.6224987506866455,Optimal
454,453,11,8,3,"ADD:0,4;ADD:4,1;ADD:5,4;ADD:7,2;ADD:7,3;ADD:8,2;ADD:8,3;ADD:8,7;REMOVE:4,5;REMOVE:5,8;REMOVE:8,6",0:-;1:-;2:-;3:-;4:5;5:8;6:-;7:-;8:6;9:-,0:4;1:-;2:-;3:-;4:1;5:4;6:-;7:2|3;8:2|3|7;9:-,0@4=2;4@1=1;5@4=1;7@2=1;7@3=1;8@4=2;8@1=1;8@3=2;8@0=1;8@9=1,"4,1,2,3,0,9",13,10,10,0,1.0,0.05567107539678118,1.0,0.06141291230836832,0.0,0.03270372775043262,0.7999999999999999,3.5591018199920654,Optimal
455,454,11,6,5,"ADD:0,1;ADD:0,7;ADD:5,0;ADD:6,2;ADD:7,5;ADD:8,1;REMOVE:0,4;REMOVE:4,1;REMOVE:7,3;REMOVE:8,2;REMOVE:8,3",0:4;1:-;2:-;3:-;4:1;5:4;6:-;7:2|3;8:2|3|7;9:-,0:1|7;1:-;2:-;3:-;4:-;5:0|4;6:2;7:2|5;8:1|7;9:-,0@1=2;0@3=1;0@6=1;0@7=1;5@0=1;5@4=1;6@2=1;7@0=1;7@5=1;8@1=2;8@6=1;8@8=1,"1,3,6,7,0,4,2,5,8",14,12,12,0,1.0,-0.020986618186261463,0.625,0.05984617292828219,0.125,0.03068221735556363,0.6,5.619322776794434,Optimal
456,455,8,0,8,"REMOVE:0,1;REMOVE:0,7;REMOVE:5,0;REMOVE:5,4;REMOVE:6,2;REMOVE:7,5;REMOVE:8,1;REMOVE:8,7",0:1|7;1:-;2:-;3:-;4:-;5:0|4;6:2;7:2|5;8:1|7;9:-,0:-;1:-;2:-;3:-;4:-;5:-;6:-;7:2;8:-;9:-,7@2=1,2,1,1,1,0,1.0,0.7840499228093238,0.8888888888888888,0.09117351462276595,0.0,0.0,0.0,0.19441509246826172,Optimal
457,456,4,3,1,"ADD:5,0;ADD:7,0;ADD:8,2;REMOVE:7,2",0:-;1:-;2:-;3:-;4:-;5:-;6:-;7:2;8:-;9:-,0:-;1:-;2:-;3:-;4:-;5:0;6:-;7:0;8:2;9:-,5@0=1;7@0=1;8@4=1;8@5=1;8@9=1,"0,4,5,9",5,5,5,0,1.0,0.5297344732374523,1.0,0.0371680915468154,0.0,0.0,0.30000000000000004,0.4266507625579834,Optimal
458,457,14,11,3,"ADD:2,3;ADD:2,8;ADD:4,1;ADD:5,3;ADD:5,4;ADD:7,1;ADD:7,2;ADD:7,5;ADD:8,0;ADD:8,1;ADD:8,7;REMOVE:5,0;REMOVE:7,0;REMOVE:8,2",0:-;1:-;2:-;3:-;4:-;5:0;6:-;7:0;8:2;9:-,0:-;1:-;2:3|8;3:-;4:1;5:3|4;6:-;7:1|2|5;8:0|1|7;9:-,2@1=1;2@5=1;2@7=2;2@8=1;4@1=1;5@3=1;5@4=1;7@1=1;7@5=1;7@3=1;7@0=1;7@2=2;8@1=1;8@8=1;8@3=1;8@0=3;8@2=1;8@9=1,"1,5,7,8,3,4,0,2,9",22,18,18,0,1.0,-0.25022996780684914,1.0,0.05342674417988233,0.0,0.0351431842462242,1.0999999999999999,5.638025999069214,Optimal
459,458,9,0,9,"REMOVE:2,3;REMOVE:2,8;REMOVE:4,1;REMOVE:5,3;REMOVE:5,4;REMOVE:7,1;REMOVE:7,5;REMOVE:8,0;REMOVE:8,1",0:-;1:-;2:3|8;3:-;4:1;5:3|4;6:-;7:1|2|5;8:0|1|7;9:-,0:-;1:-;2:-;3:-;4:-;5:-;6:-;7:2;8:7;9:-,7@4=1;8@0=2;8@1=1;8@8=1,"4,0,1,8",5,4,4,0,1.0,0.6545454545454547,0.8181818181818182,0.0,0.0,0.0,0.0,0.23657608032226562,Optimal
460,459,9,7,2,"ADD:1,3;ADD:2,0;ADD:2,8;ADD:7,4;ADD:7,9;ADD:8,3;ADD:8,4;REMOVE:7,2;REMOVE:8,7",0:-;1:-;2:-;3:-;4:-;5:-;6:-;7:2;8:7;9:-,0:-;1:3;2:0|8;3:-;4:-;5:-;6:-;7:4|9;8:3|4;9:-,1@3=1;2@0=1;2@7=1;2@8=1;7@2=1;7@6=1;7@9=1;8@3=1;8@2=1;8@4=3,"3,0,7,8,2,6,9,4",12,10,10,0,1.0,0.15859555403679604,1.0,0.06390301833780701,0.0,0.03736569683275126,0.7,2.907197952270508,Optimal
461,460,15,8,7,"ADD:1,1;ADD:2,4;ADD:2,7;ADD:7,1;ADD:7,2;ADD:8,1;ADD:8,2;ADD:8,7;REMOVE:1,3;REMOVE:2,0;REMOVE:2,8;REMOVE:7,4;REMOVE:7,9;REMOVE:8,3;REMOVE:8,4",0:-;1:3;2:0|8;3:-;4:-;5:-;6:-;7:4|9;8:3|4;9:-,0:-;1:1;2:4|7;3:-;4:-;5:-;6:-;7:1|2;8:1|2|7;9:-,1@1=1;2@2=1;2@4=2;2@7=1;7@1=1;7@2=1;7@7=1;7@9=1;8@1=1;8@2=3;8@4=1;8@0=2,"1,2,4,7,9,0",16,12,12,0,1.0,0.06150524540201263,1.0,0.0679722030832425,0.0,0.03563741467709237,0.7999999999999999,4.404399871826172,Optimal
462,461,12,5,7,"ADD:0,3;ADD:0,5;ADD:5,1;ADD:7,3;ADD:8,8;REMOVE:1,1;REMOVE:2,4;REMOVE:2,7;REMOVE:7,1;REMOVE:7,2;REMOVE:8,1;REMOVE:8,2",0:-;1:1;2:4|7;3:-;4:-;5:-;6:-;7:1|2;8:1|2|7;9:-,0:3|5;1:-;2:-;3:-;4:-;5:1;6:-;7:3;8:7|8;9:-,0@2=1;0@3=1;0@5=1;5@1=1;7@3=1;8@2=1;8@1=1;8@6=1;8@7=1,"2,3,5,1,6,7",9,9,9,0,1.0,0.2574111184143233,0.875,0.06126758935440799,0.0,0.041985234653983704,0.5,3.7678139209747314,Optimal
463,462,14,8,6,"ADD:0,2;ADD:0,7;ADD:4,2;ADD:5,2;ADD:7,2;ADD:7,9;ADD:8,4;ADD:8,9;REMOVE:0,3;REMOVE:0,5;REMOVE:5,1;REMOVE:7,3;REMOVE:8,7;REMOVE:8,8",0:3|5;1:-;2:-;3:-;4:-;5:1;6:-;7:3;8:7|8;9:-,0:2|7;1:-;2:-;3:-;4:2;5:2;6:-;7:2|9;8:4|9;9:-,0@3=1;0@4=1;0@8=1;4@2=1;5@2=1;7@2=1;7@9=1;8@4=1;8@9=1,"3,4,8,2,9",9,9,9,0,1.0,0.05704164394515698,1.0,0.06489406975342325,0.0,0.025631940712091364,0.7999999999999999,4.100895881652832,Optimal
464,463,12,4,8,"ADD:4,3;ADD:4,7;ADD:5,5;ADD:8,8;REMOVE:0,2;REMOVE:0,7;REMOVE:4,2;REMOVE:5,2;REMOVE:7,2;REMOVE:7,9;REMOVE:8,4;REMOVE:8,9",0:2|7;1:-;2:-;3:-;4:2;5:2;6:-;7:2|9;8:4|9;9:-,0:-;1:-;2:-;3:-;4:3|7;5:5;6:-;7:-;8:8;9:-,4@3=1;4@7=1;5@5=1;8@8=1,"3,7,5,8",4,4,4,0,1.0,0.49754604789304335,1.0,0.10601020712377991,0.0,0.06368941097009742,0.4,1.78249192237854,Optimal
465,464,13,9,4,"ADD:0,2;ADD:0,7;ADD:1,0;ADD:4,9;ADD:5,3;ADD:7,2;ADD:8,0;ADD:8,1;ADD:8,3;REMOVE:4,3;REMOVE:4,7;REMOVE:5,5;REMOVE:8,8",0:-;1:-;2:-;3:-;4:3|7;5:5;6:-;7:-;8:8;9:-,0:2|7;1:0;2:-;3:-;4:9;5:3;6:-;7:2;8:0|1|3;9:-,0@2=1;0@7=1;0@8=1;0@9=1;1@0=1;4@9=1;5@3=1;7@2=1;8@0=2;8@3=1;8@1=1,"2,7,8,9,0,3,1",12,11,11,0,1.0,-0.020648703415076186,1.0,0.08503790520462226,0.0,0.05660486210612964,0.8999999999999999,3.4911487102508545,Optimal
466,465,9,2,7,"ADD:7,7;ADD:8,9;REMOVE:0,2;REMOVE:1,0;REMOVE:4,9;REMOVE:7,2;REMOVE:8,0;REMOVE:8,1;REMOVE:8,3",0:2|7;1:0;2:-;3:-;4:9;5:3;6:-;7:2;8:0|1|3;9:-,0:7;1:-;2:-;3:-;4:-;5:3;6:-;7:7;8:9;9:-,0@1=1;0@3=1;0@4=1;5@2=1;7@4=1;7@2=1;7@0=1;8@3=1;8@6=1,"1,3,4,2,0,6",9,9,9,0,1.0,0.4222222222222222,0.7777777777777778,0.0,0.0,0.0,0.2,1.316166877746582,Optimal
467,466,11,7,4,"ADD:0,2;ADD:5,1;ADD:5,9;ADD:7,2;ADD:7,4;ADD:8,2;ADD:8,8;REMOVE:0,7;REMOVE:5,3;REMOVE:7,7;REMOVE:8,9",0:7;1:-;2:-;3:-;4:-;5:3;6:-;7:7;8:9;9:-,0:2;1:-;2:-;3:-;4:-;5:1|9;6:-;7:2|4;8:2|8;9:-,0@2=2;5@1=1;5@3=1;7@2=2;7@4=1;8@2=1;8@8=1,"2,1,3,4,8",9,7,7,0,1.0,0.1793826145809001,1.0,0.09187365170326268,0.0,0.02941846609144888,0.7,3.4148638248443604,Optimal
468,467,16,10,6,"ADD:0,4;ADD:1,1;ADD:2,0;ADD:2,6;ADD:4,0;ADD:4,1;ADD:4,9;ADD:6,6;ADD:8,4;ADD:8,7;REMOVE:0,2;REMOVE:5,9;REMOVE:7,2;REMOVE:7,4;REMOVE:8,2;REMOVE:8,8",0:2;1:-;2:-;3:-;4:-;5:1|9;6:-;7:2|4;8:2|8;9:-,0:4;1:1;2:0|6;3:-;4:0|1|9;5:1;6:6;7:-;8:4|7;9:-,0@4=1;1@1=1;2@0=1;2@6=1;4@1=2;4@0=1;4@9=1;5@1=1;6@6=1;8@2=1;8@7=1;8@8=1,"4,1,0,6,9,2,7,8",13,12,12,0,1.0,-0.23598038570091573,0.8571428571428571,0.08544274496523804,0.0,0.04975566306303948,0.9999999999999999,4.6505560874938965,Optimal
469,468,11,2,9,"ADD:2,9;ADD:7,6;REMOVE:0,4;REMOVE:1,1;REMOVE:2,0;REMOVE:2,6;REMOVE:4,0;REMOVE:4,1;REMOVE:5,1;REMOVE:6,6;REMOVE:8,7",0:4;1:1;2:0|6;3:-;4:0|1|9;5:1;6:6;7:-;8:4|7;9:-,0:-;1:-;2:9;3:-;4:9;5:-;6:-;7:6;8:4;9:-,2@1=1;2@2=1;2@6=1;4@6=1;4@3=2;7@1=1;7@4=1;8@2=1;8@7=1,"1,2,6,3,4,7",10,9,9,0,1.0,0.45454545454545464,0.8181818181818182,0.0,0.0,0.0,0.2,1.046600103378296,Optimal
470,469,9,5,4,"ADD:2,3;ADD:5,6;ADD:6,5;ADD:7,1;ADD:8,7;REMOVE:2,9;REMOVE:4,9;REMOVE:7,6;REMOVE:8,4",0:-;1:-;2:9;3:-;4:9;5:-;6:-;7:6;8:4;9:-,0:-;1:-;2:3;3:-;4:-;5:6;6:5;7:1;8:7;9:-,2@3=1;5@6=1;6@5=1;7@1=1;8@7=1,"3,6,5,1,7",5,5,5,0,1.0,0.3946159614522332,1.0,0.10015552168313427,0.0,0.07245772052862853,0.5,0.5391139984130859,Optimal
471,470,10,5,5,"ADD:0,1;ADD:4,3;ADD:5,1;ADD:5,3;ADD:8,8;REMOVE:2,3;REMOVE:5,6;REMOVE:6,5;REMOVE:7,1;REMOVE:8,7",0:-;1:-;2:3;3:-;4:-;5:6;6:5;7:1;8:7;9:-,0:1;1:-;2:-;3:-;4:3;5:1|3;6:-;7:-;8:8;9:-,0@1=1;4@3=1;5@1=1;5@3=1;8@8=1,"1,3,8",5,5,5,0,1.0,0.39814683972506315,1.0,0.10929803348169204,0.0,0.05354206469854738,0.5,1.084294080734253,Optimal
472,471,11,7,4,"ADD:0,8;ADD:0,9;ADD:4,2;ADD:5,2;ADD:7,0;ADD:8,3;ADD:8,7;REMOVE:0,1;REMOVE:5,1;REMOVE:5,3;REMOVE:8,8",0:1;1:-;2:-;3:-;4:3;5:1|3;6:-;7:-;8:8;9:-,0:8|9;1:-;2:-;3:-;4:2|3;5:2;6:-;7:0;8:3|7;9:-,0@1=1;0@2=1;0@8=1;0@9=1;4@2=1;4@9=1;4@5=1;4@7=1;5@2=1;7@0=1;8@7=1;8@3=1,"1,2,8,9,5,7,0,3",12,12,12,0,1.0,-0.004079423791873982,0.8,0.06012333781099598,0.0,0.039109529796645476,0.7,4.627027988433838,Optimal
473,472,13,7,6,"ADD:0,0;ADD:0,3;ADD:4,4;ADD:5,3;ADD:7,1;ADD:8,5;ADD:8,6;REMOVE:0,8;REMOVE:0,9;REMOVE:4,3;REMOVE:5,2;REMOVE:7,0;REMOVE:8,3",0:8|9;1:-;2:-;3:-;4:2|3;5:2;6:-;7:0;8:3|7;9:-,0:0|3;1:-;2:-;3:-;4:2|4;5:3;6:-;7:1;8:5|6|7;9:-,0@0=2;0@2=1;0@3=1;4@4=2;4@8=1;5@3=1;7@1=1;8@2=1;8@4=1;8@5=1;8@6=1,"0,2,3,4,8,1,5,6",13,11,11,0,1.0,-0.011309653210527126,0.75,0.06726356064046946,0.125,0.049397491385486346,0.7,4.839663982391357,Optimal
474,473,7,7,0,"ADD:0,6;ADD:1,5;ADD:2,3;ADD:2,5;ADD:2,6;ADD:5,4;ADD:7,9",0:0|3;1:-;2:-;3:-;4:2|4;5:3;6:-;7:1;8:5|6|7;9:-,0:0|3|6;1:5;2:3|5|6;3:-;4:2|4;5:3|4;6:-;7:1|9;8:5|6|7;9:-,0@3=1;0@5=1;0@6=1;0@7=1;0@9=1;1@5=1;2@3=1;2@5=1;2@6=1;2@8=1;4@7=1;4@4=1;5@7=1;5@4=1;7@3=1;7@6=1;8@5=1;8@6=1;8@9=1;8@8=1;8@4=2;8@1=2;8@2=2,"3,5,6,7,9,8,4,1,2",26,23,23,0,1.0,-0.5972529898322876,0.0,0.03808670739616394,0.3333333333333333,0.028054887920572456,0.7,8.281131029129028,Optimal
475,474,15,6,9,"ADD:0,2;ADD:1,7;ADD:1,8;ADD:4,6;ADD:5,5;ADD:7,8;REMOVE:0,0;REMOVE:2,3;REMOVE:2,5;REMOVE:2,6;REMOVE:4,4;REMOVE:5,3;REMOVE:5,4;REMOVE:7,1;REMOVE:7,9",0:0|3|6;1:5;2:3|5|6;3:-;4:2|4;5:3|4;6:-;7:1|9;8:5|6|7;9:-,0:2|3|6;1:5|7|8;2:-;3:-;4:2|6;5:5;6:-;7:8;8:5|6|7;9:-,0@1=1;0@2=3;0@3=2;0@4=1;1@1=1;1@4=1;1@0=1;4@2=2;4@6=1;5@5=1;7@8=1;8@1=1;8@2=1;8@4=1;8@9=1,"1,2,3,4,0,6,5,8,9",19,15,15,0,1.0,-0.08587023851131859,0.5625,0.053033486452212376,0.0625,0.04601486163455722,0.6,6.255115032196045,Optimal
476,475,9,2,7,"ADD:2,2;ADD:7,6;REMOVE:1,5;REMOVE:1,7;REMOVE:1,8;REMOVE:4,2;REMOVE:5,5;REMOVE:7,8;REMOVE:8,5",0:2|3|6;1:5|7|8;2:-;3:-;4:2|6;5:5;6:-;7:8;8:5|6|7;9:-,0:2|3|6;1:-;2:2;3:-;4:6;5:-;6:-;7:6;8:6|7;9:-,0@1=1;0@2=1;0@6=2;0@7=1;2@2=1;4@6=1;7@6=1;8@1=1;8@8=1,"1,2,6,7,8",10,9,9,0,1.0,0.2972896150407314,0.5384615384615384,0.06182374173954441,0.07692307692307693,0.008383877476248825,0.2,2.3381879329681396,Optimal
477,476,13,5,8,"ADD:1,2;ADD:2,9;ADD:4,3;ADD:5,1;ADD:7,1;REMOVE:0,2;REMOVE:0,3;REMOVE:0,6;REMOVE:2,2;REMOVE:4,6;REMOVE:7,6;REMOVE:8,6;REMOVE:8,7",0:2|3|6;1:-;2:2;3:-;4:6;5:-;6:-;7:6;8:6|7;9:-,0:-;1:2;2:9;3:-;4:3;5:1;6:-;7:1;8:-;9:-,1@2=1;2@9=1;4@3=1;5@1=1;7@1=1,"2,9,3,1",5,5,5,0,1.0,0.3859669719889115,1.0,0.09544641261735227,0.0,0.048049209475148284,0.5,0.43360471725463867,Optimal
478,477,11,6,5,"ADD:0,7;ADD:4,0;ADD:4,2;ADD:7,5;ADD:7,7;ADD:8,1;REMOVE:1,2;REMOVE:2,9;REMOVE:4,3;REMOVE:5,1;REMOVE:7,1",0:-;1:2;2:9;3:-;4:3;5:1;6:-;7:1;8:-;9:-,0:7;1:-;2:-;3:-;4:0|2;5:-;6:-;7:5|7;8:1;9:-,0@7=1;4@0=1;4@2=1;7@7=1;7@5=1;8@1=1,"7,0,2,5,1",6,6,6,0,1.0,0.28525458523571035,1.0,0.09276937785827047,0.0,0.055195414745469254,0.6,2.213481903076172,Optimal
479,478,13,8,5,"ADD:1,2;ADD:2,2;ADD:4,4;ADD:4,5;ADD:7,2;ADD:8,3;ADD:8,5;ADD:8,7;REMOVE:0,7;REMOVE:4,0;REMOVE:4,2;REMOVE:7,5;REMOVE:8,1",0:7;1:-;2:-;3:-;4:0|2;5:-;6:-;7:5|7;8:1;9:-,0:-;1:2;2:2;3:-;4:4|5;5:-;6:-;7:2|7;8:3|5|7;9:-,1@2=1;2@2=1;4@4=1;4@5=1;7@4=1;7@0=1;7@3=1;8@2=1;8@5=1;8@0=1;8@3=1;8@1=1;8@7=1,"2,4,5,0,3,1,7",13,13,13,0,1.0,-0.08391687069424592,0.8333333333333334,0.05335779758142318,0.0,0.03365112286974332,0.7999999999999999,3.137814998626709,Optimal
480,479,12,7,5,"ADD:1,7;ADD:2,1;ADD:2,6;ADD:4,2;ADD:5,1;ADD:5,8;ADD:8,4;REMOVE:1,2;REMOVE:2,2;REMOVE:4,5;REMOVE:7,2;REMOVE:8,5",0:-;1:2;2:2;3:-;4:4|5;5:-;6:-;7:2|7;8:3|5|7;9:-,0:-;1:7;2:1|6;3:-;4:2|4;5:1|8;6:-;7:7;8:3|4|7;9:-,1@7=1;2@1=1;2@6=1;4@7=1;4@2=2;4@4=1;5@1=1;5@8=1;7@7=1;8@7=2;8@1=1;8@6=1;8@2=1;8@4=2;8@9=1,"7,1,6,2,4,8,9",18,15,15,0,1.0,-0.1700207428325472,0.5555555555555556,0.06940787384543441,0.1111111111111111,0.03893145712219254,0.7,4.570796012878418,Optimal
481,480,11,6,5,"ADD:0,1;ADD:0,2;ADD:1,5;ADD:2,2;ADD:2,5;ADD:5,0;REMOVE:2,1;REMOVE:2,6;REMOVE:5,1;REMOVE:5,8;REMOVE:7,7",0:-;1:7;2:1|6;3:-;4:2|4;5:1|8;6:-;7:7;8:3|4|7;9:-,0:1|2;1:5|7;2:2|5;3:-;4:2|4;5:0;6:-;7:-;8:3|4|7;9:-,0@1=1;0@2=1;0@3=1;1@3=1;1@5=1;2@2=2;2@3=1;2@5=1;4@2=1;4@7=1;5@0=1;8@1=1;8@2=1;8@3=1;8@7=1;8@4=1,"1,2,3,5,7,0,4",17,16,16,0,1.0,-0.15342117579248593,0.45454545454545453,0.0667724438617122,0.09090909090909091,0.056713436499812225,0.6,6.155194044113159,Optimal
482,481,12,5,7,"ADD:0,7;ADD:1,0;ADD:1,6;ADD:5,2;ADD:8,2;REMOVE:0,1;REMOVE:1,5;REMOVE:1,7;REMOVE:5,0;REMOVE:8,3;REMOVE:8,4;REMOVE:8,7",0:1|2;1:5|7;2:2|5;3:-;4:2|4;5:0;6:-;7:-;8:3|4|7;9:-,0:2|7;1:0|6;2:2|5;3:-;4:2|4;5:2;6:-;7:-;8:2;9:-,0@0=2;0@2=1;0@4=2;1@0=1;1@6=1;2@0=1;2@5=1;4@2=1;4@4=1;5@2=1;8@2=1,"0,2,4,6,5",13,11,11,0,1.0,0.024295125500183312,0.5833333333333334,0.06468929437511814,0.0,0.029385116667110314,0.5,3.1967365741729736,Optimal
483,482,11,4,7,"ADD:1,5;ADD:4,1;ADD:7,2;ADD:7,8;REMOVE:1,0;REMOVE:1,6;REMOVE:2,2;REMOVE:2,5;REMOVE:4,4;REMOVE:5,2;REMOVE:8,2",0:2|7;1:0|6;2:2|5;3:-;4:2|4;5:2;6:-;7:-;8:2;9:-,0:2|7;1:5;2:-;3:-;4:1|2;5:-;6:-;7:2|8;8:-;9:-,0@0=1;0@4=1;1@5=1;4@1=1;4@9=1;7@4=1;7@5=1;7@7=1;7@8=1,"0,4,5,1,9,7,8",9,9,9,0,1.0,0.19233525015422548,0.7,0.03336012731175665,0.0,0.02823574152410068,0.4,4.856299161911011,Optimal
484,483,11,5,6,"ADD:0,4;ADD:4,0;ADD:7,7;ADD:7,9;ADD:8,5;REMOVE:0,7;REMOVE:1,5;REMOVE:4,1;REMOVE:4,2;REMOVE:7,2;REMOVE:7,8",0:2|7;1:5;2:-;3:-;4:1|2;5:-;6:-;7:2|8;8:-;9:-,0:2|4;1:-;2:-;3:-;4:0;5:-;6:-;7:7|9;8:5;9:-,0@2=1;0@4=1;4@0=1;7@2=1;7@3=1;7@6=1;8@5=2,"2,4,0,3,6,5",8,7,7,0,1.0,0.24787880328420608,0.8571428571428571,0.06695797755946188,0.0,0.04299067761175437,0.5,5.412952899932861,Optimal
485,484,13,7,6,"ADD:4,4;ADD:5,1;ADD:5,2;ADD:7,2;ADD:7,6;ADD:8,8;ADD:8,9;REMOVE:0,2;REMOVE:0,4;REMOVE:4,0;REMOVE:7,7;REMOVE:7,9;REMOVE:8,5",0:2|4;1:-;2:-;3:-;4:0;5:-;6:-;7:7|9;8:5;9:-,0:-;1:-;2:-;3:-;4:4;5:1|2;6:-;7:2|6;8:8|9;9:-,4@4=1;5@1=2;5@2=1;5@7=1;5@9=1;7@2=1;7@6=1;8@9=1;8@8=1,"4,1,2,7,9,6,8",10,9,9,0,1.0,0.17686736533200142,1.0,0.08210306164953356,0.0,0.055924580061872314,0.7,4.127624273300171,Optimal
486,485,17,10,7,"ADD:0,3;ADD:1,1;ADD:4,1;ADD:4,5;ADD:5,4;ADD:5,5;ADD:7,7;ADD:7,9;ADD:8,2;ADD:8,7;REMOVE:4,4;REMOVE:5,1;REMOVE:5,2;REMOVE:7,2;REMOVE:7,6;REMOVE:8,8;REMOVE:8,9",0:-;1:-;2:-;3:-;4:4;5:1|2;6:-;7:2|6;8:8|9;9:-,0:3;1:1;2:-;3:-;4:1|5;5:4|5;6:-;7:7|9;8:2|7;9:-,0@3=1;1@1=2;4@1=1;4@5=1;5@5=1;5@4=1;7@7=1;7@9=1;8@7=1;8@9=1;8@0=1;8@2=1;8@8=1,"3,1,5,4,7,9,0,2,8",14,13,13,0,1.0,-0.12841904139338578,1.0,0.07587230791410696,0.0,0.05441556137664216,0.9999999999999999,4.4925291538238525,Optimal
487,486,13,5,8,"ADD:0,4;ADD:4,0;ADD:6,7;ADD:7,1;ADD:8,1;REMOVE:0,3;REMOVE:1,1;REMOVE:4,1;REMOVE:4,5;REMOVE:5,4;REMOVE:5,5;REMOVE:7,7;REMOVE:7,9",0:3;1:1;2:-;3:-;4:1|5;5:4|5;6:-;7:7|9;8:2|7;9:-,0:4;1:-;2:-;3:-;4:0;5:-;6:7;7:1;8:1|2|7;9:-,0@4=1;4@0=1;6@7=1;7@1=2;8@4=2;8@7=1;8@1=2;8@2=1;8@3=1;8@8=1,"4,0,7,1,2,3,8",13,10,10,0,1.0,0.2015834268074499,0.8,0.0653030613941621,0.0,0.0467048884606009,0.5,6.125663995742798,Optimal
488,487,15,11,4,"ADD:0,1;ADD:0,2;ADD:1,5;ADD:1,6;ADD:1,7;ADD:4,1;ADD:4,5;ADD:5,7;ADD:5,9;ADD:6,5;ADD:7,2;REMOVE:0,4;REMOVE:6,7;REMOVE:7,1;REMOVE:8,1",0:4;1:-;2:-;3:-;4:0;5:-;6:7;7:1;8:1|2|7;9:-,0:1|2;1:5|6|7;2:-;3:-;4:0|1|5;5:7|9;6:5;7:2;8:2|7;9:-,0@1=2;0@2=1;0@3=1;0@8=1;1@1=1;1@8=1;1@4=1;1@5=2;1@6=1;1@9=1;4@1=1;4@8=1;4@0=1;4@7=1;5@2=1;5@3=1;5@6=1;6@5=1;7@2=1;8@2=1;8@3=2;8@8=1;8@4=3;8@9=2;8@7=1,"1,2,3,8,4,5,6,9,0,7",31,25,25,0,1.0,-0.5780462841593649,0.5714285714285714,0.03959957466988249,0.14285714285714285,0.022798851952216224,1.0999999999999999,7.695379972457886,Optimal
489,488,14,3,11,"ADD:6,3;ADD:7,7;ADD:8,8;REMOVE:0,1;REMOVE:0,2;REMOVE:1,5;REMOVE:1,6;REMOVE:1,7;REMOVE:4,0;REMOVE:4,1;REMOVE:5,7;REMOVE:5,9;REMOVE:6,5;REMOVE:7,2",0:1|2;1:5|6|7;2:-;3:-;4:0|1|5;5:7|9;6:5;7:2;8:2|7;9:-,0:-;1:-;2:-;3:-;4:5;5:-;6:3;7:7;8:2|7|8;9:-,4@5=1;6@3=1;7@7=1;8@5=1;8@0=2;8@1=1;8@2=1;8@4=2;8@8=1,"5,3,7,0,1,2,4,8",11,9,9,0,1.0,0.370443610638413,0.7857142857142857,0.04453720322191459,0.0,0.031212097447263925,0.30000000000000004,2.6685826778411865,Optimal
490,489,8,3,5,"ADD:7,4;ADD:8,3;ADD:8,6;REMOVE:4,5;REMOVE:6,3;REMOVE:7,7;REMOVE:8,2;REMOVE:8,7",0:-;1:-;2:-;3:-;4:5;5:-;6:3;7:7;8:2|7|8;9:-,0:-;1:-;2:-;3:-;4:-;5:-;6:-;7:4;8:3|6|8;9:-,7@4=1;8@4=3;8@1=5;8@2=2;8@5=1;8@6=2;8@7=1;8@8=3;8@9=2,"4,1,2,5,6,7,8,9",20,9,9,0,1.0,0.3919581806893385,0.8333333333333334,0.028707626969259506,0.0,0.011627062236320825,0.30000000000000004,6.054305076599121,Optimal
491,490,8,4,4,"ADD:4,9;ADD:6,5;ADD:7,8;ADD:8,9;REMOVE:7,4;REMOVE:8,3;REMOVE:8,6;REMOVE:8,8",0:-;1:-;2:-;3:-;4:-;5:-;6:-;7:4;8:3|6|8;9:-,0:-;1:-;2:-;3:-;4:9;5:-;6:5;7:8;8:9;9:-,4@2=1;4@3=1;4@7=1;6@5=1;7@2=1;7@5=1;7@4=1;8@2=2;8@3=2;8@7=2;8@1=2,"2,3,7,5,4,1",15,11,11,0,1.0,0.4063363655090113,1.0,0.007920456886264061,0.0,0.0,0.4,1.9771230220794678,Optimal
492,491,8,4,4,"ADD:6,0;ADD:7,4;ADD:8,2;ADD:8,8;REMOVE:4,9;REMOVE:6,5;REMOVE:7,8;REMOVE:8,9",0:-;1:-;2:-;3:-;4:9;5:-;6:5;7:8;8:9;9:-,0:-;1:-;2:-;3:-;4:-;5:-;6:0;7:4;8:2|8;9:-,6@0=1;7@4=1;8@2=1;8@8=1,"0,4,2,8",4,4,4,0,1.0,0.49128798439683774,1.0,0.09943392539744575,0.0,0.05870422039440598,0.4,1.6088008880615234,Optimal
493,492,6,2,4,"ADD:4,7;ADD:8,7;REMOVE:6,0;REMOVE:7,4;REMOVE:8,2;REMOVE:8,8",0:-;1:-;2:-;3:-;4:-;5:-;6:0;7:4;8:2|8;9:-,0:-;1:-;2:-;3:-;4:7;5:-;6:-;7:-;8:7;9:-,4@0=1;4@2=2;4@4=1;8@0=1;8@2=5;8@6=2;8@8=1,"0,2,4,6,8",13,7,7,0,1.0,0.6000000000000001,1.0,0.0,0.0,0.0,0.2,0.6019971370697021,Optimal
494,493,15,13,2,"ADD:0,1;ADD:0,9;ADD:1,0;ADD:1,8;ADD:2,2;ADD:2,4;ADD:4,3;ADD:4,5;ADD:4,6;ADD:8,0;ADD:8,2;ADD:8,3;ADD:8,6;REMOVE:4,7;REMOVE:8,7",0:-;1:-;2:-;3:-;4:7;5:-;6:-;7:-;8:7;9:-,0:1|9;1:0|8;2:2|4;3:-;4:3|5|6;5:-;6:-;7:-;8:0|2|3|6;9:-,0@1=2;0@3=1;0@6=1;1@0=1;1@2=1;1@8=1;2@2=1;2@4=1;4@3=1;4@6=1;4@5=1;4@7=1;8@1=1;8@3=2;8@6=1;8@0=2;8@2=2;8@4=2;8@7=2,"1,3,6,0,2,8,4,5,7",25,19,19,0,1.0,-0.442157303667597,1.0,0.06085590660581074,0.0,0.045789855238771944,1.3,7.447908163070679,Optimal
495,494,16,7,9,"ADD:0,2;ADD:1,4;ADD:3,4;ADD:3,6;ADD:4,2;ADD:5,2;ADD:5,3;REMOVE:0,1;REMOVE:0,9;REMOVE:1,0;REMOVE:2,2;REMOVE:2,4;REMOVE:4,3;REMOVE:4,5;REMOVE:4,6;REMOVE:8,0",0:1|9;1:0|8;2:2|4;3:-;4:3|5|6;5:-;6:-;7:-;8:0|2|3|6;9:-,0:2;1:4|8;2:-;3:4|6;4:2;5:2|3;6:-;7:-;8:2|3|6;9:-,0@2=2;1@2=1;1@4=1;3@4=1;3@6=1;4@2=1;5@2=1;5@3=1;8@2=3;8@4=1;8@6=1;8@3=1;8@1=1;8@7=1;8@9=1,"2,4,6,3,1,7,9",18,15,15,0,1.0,-0.0665645850031722,0.6923076923076923,0.07269053110181942,0.07692307692307693,0.03026110442301487,0.7,5.185484170913696,Optimal
496,495,11,5,6,"ADD:0,1;ADD:2,4;ADD:7,4;ADD:7,5;ADD:7,6;REMOVE:3,4;REMOVE:3,6;REMOVE:4,2;REMOVE:5,2;REMOVE:5,3;REMOVE:8,3",0:2;1:4|8;2:-;3:4|6;4:2;5:2|3;6:-;7:-;8:2|3|6;9:-,0:1|2;1:4|8;2:4;3:-;4:-;5:-;6:-;7:4|5|6;8:2|6;9:-,0@1=1;0@2=2;1@7=1;1@8=1;2@4=1;7@4=1;7@5=1;7@6=1;8@8=1;8@4=5,"1,2,7,8,4,5,6",15,10,10,0,1.0,0.002555193625247365,0.5454545454545454,0.05200667618871308,0.09090909090909091,0.03202199064411156,0.5,4.389878988265991,Optimal
497,496,12,7,5,"ADD:0,8;ADD:1,5;ADD:5,8;ADD:5,9;ADD:6,7;ADD:6,8;ADD:8,5;REMOVE:0,1;REMOVE:2,4;REMOVE:7,4;REMOVE:7,5;REMOVE:7,6",0:1|2;1:4|8;2:4;3:-;4:-;5:-;6:-;7:4|5|6;8:2|6;9:-,0:2|8;1:4|5|8;2:-;3:-;4:-;5:8|9;6:7|8;7:-;8:2|5|6;9:-,0@4=1;0@5=1;0@7=1;1@4=2;1@5=1;1@6=1;5@8=1;5@9=1;6@7=1;6@8=1;8@4=1;8@5=1;8@8=1;8@0=1;8@2=2,"4,5,7,6,8,9,0,2",17,15,15,0,1.0,-0.2225004442923208,0.5,0.06092750818124543,0.1,0.04378774581341368,0.7,5.871222019195557,Optimal
498,497,15,6,9,"ADD:1,9;ADD:4,1;ADD:5,1;ADD:7,7;ADD:8,1;ADD:8,7;REMOVE:0,2;REMOVE:0,8;REMOVE:1,5;REMOVE:1,8;REMOVE:5,8;REMOVE:5,9;REMOVE:8,2;REMOVE:8,5;REMOVE:8,6",0:2|8;1:4|5|8;2:-;3:-;4:-;5:8|9;6:7|8;7:-;8:2|5|6;9:-,0:-;1:4|9;2:-;3:-;4:1;5:1;6:7|8;7:7;8:1|7;9:-,1@4=2;1@6=1;1@9=1;4@1=1;5@1=2;6@6=1;6@2=1;7@7=1;8@6=1;8@9=1;8@1=1;8@3=1;8@8=1,"4,6,9,1,2,7,3,8",15,13,13,0,1.0,0.05266900332178159,0.75,0.05538386766516592,0.0,0.041809545948243994,0.6,6.987653017044067,Optimal
499,498,12,4,8,"ADD:4,2;ADD:5,5;ADD:5,9;ADD:8,3;REMOVE:1,4;REMOVE:1,9;REMOVE:4,1;REMOVE:5,1;REMOVE:6,7;REMOVE:6,8;REMOVE:7,7;REMOVE:8,1",0:-;1:4|9;2:-;3:-;4:1;5:1;6:7|8;7:7;8:1|7;9:-,0:-;1:-;2:-;3:-;4:2;5:5|9;6:-;7:-;8:3|7;9:-,4@2=1;5@5=1;5@9=1;8@2=1;8@9=1;8@3=3;8@7=1,"2,5,9,3,7",9,7,7,0,1.0,0.3829350657255528,0.8888888888888888,0.07956005133969941,0.0,0.04087956771341026,0.4,1.6659190654754639,Optimal
500,499,19,14,5,"ADD:1,3;ADD:1,4;ADD:1,6;ADD:2,8;ADD:3,4;ADD:4,1;ADD:4,5;ADD:4,9;ADD:5,3;ADD:5,7;ADD:7,3;ADD:7,9;ADD:8,2;ADD:8,4;REMOVE:4,2;REMOVE:5,5;REMOVE:5,9;REMOVE:8,3;REMOVE:8,7",0:-;1:-;2:-;3:-;4:2;5:5|9;6:-;7:-;8:3|7;9:-,0:-;1:3|4|6;2:8;3:4;4:1|5|9;5:3|7;6:-;7:3|9;8:2|4;9:-,1@3=1;1@4=1;1@6=1;2@8=1;3@4=1;4@1=1;4@2=2;4@5=2;4@9=1;5@3=1;5@1=1;5@7=1;7@3=1;7@9=2;8@2=2;8@7=1,"3,4,6,8,1,2,5,9,7",20,16,16,0,1.0,-0.523796011467928,1.0,0.08028038637469188,0.0,0.05989839716159294,1.4000000000000001,5.954751014709473,Optimal
501,500,16,7,9,"ADD:0,3;ADD:1,0;ADD:2,2;ADD:7,5;ADD:7,6;ADD:8,6;ADD:8,7;REMOVE:1,3;REMOVE:1,6;REMOVE:3,4;REMOVE:4,5;REMOVE:5,3;REMOVE:5,7;REMOVE:7,3;REMOVE:7,9;REMOVE:8,4",0:-;1:3|4|6;2:8;3:4;4:1|5|9;5:3|7;6:-;7:3|9;8:2|4;9:-,0:3;1:0|4;2:2|8;3:-;4:1|9;5:-;6:-;7:5|6;8:2|6|7;9:-,0@3=1;1@0=1;1@2=1;2@2=1;2@4=1;2@5=1;4@3=1;4@6=1;4@7=1;4@9=2;7@5=1;7@6=1;8@3=1;8@0=1;8@4=3;8@6=1;8@1=1,"3,0,2,4,5,6,7,9,1",20,17,17,0,1.0,-0.11882291089561359,0.6428571428571429,0.039884341593524865,0.14285714285714285,0.032062364862117894,0.7,6.568434953689575,Optimal
502,501,14,8,6,"ADD:1,2;ADD:4,2;ADD:4,8;ADD:5,4;ADD:5,5;ADD:5,7;ADD:6,5;ADD:7,0;REMOVE:0,3;REMOVE:1,0;REMOVE:1,4;REMOVE:2,8;REMOVE:4,9;REMOVE:7,5",0:3;1:0|4;2:2|8;3:-;4:1|9;5:-;6:-;7:5|6;8:2|6|7;9:-,0:-;1:2;2:2;3:-;4:1|2|8;5:4|5|7;6:5;7:0|6;8:2|6|7;9:-,1@2=1;2@2=1;4@1=1;4@4=2;4@5=1;5@2=1;5@4=2;5@5=2;5@6=1;5@7=1;6@5=1;7@7=1;7@0=1;8@1=2;8@4=2;8@6=1;8@7=1;8@3=1;8@8=2,"2,1,4,5,6,7,0,3,8",25,19,19,0,1.0,-0.32345661040211227,0.5,0.04593574464159358,0.16666666666666666,0.03230730275639737,0.7999999999999999,7.278915643692017,Optimal
503,502,13,4,9,"ADD:1,1;ADD:1,4;ADD:2,3;ADD:4,6;REMOVE:1,2;REMOVE:4,2;REMOVE:4,8;REMOVE:5,4;REMOVE:5,5;REMOVE:6,5;REMOVE:7,0;REMOVE:7,6;REMOVE:8,6",0:-;1:2;2:2;3:-;4:1|2|8;5:4|5|7;6:5;7:0|6;8:2|6|7;9:-,0:-;1:1|4;2:2|3;3:-;4:1|6;5:7;6:-;7:-;8:2|7;9:-,1@1=1;1@4=1;1@8=2;2@2=1;2@3=1;4@8=1;4@6=2;4@9=1;5@7=1;8@4=1;8@3=1;8@9=1;8@0=1,"1,4,8,2,3,6,9,7,0",15,13,13,0,1.0,0.17884379197885292,0.6428571428571429,0.05252005393990359,0.07142857142857142,0.04128160127750744,0.4,4.811636924743652,Optimal
504,503,8,6,2,"ADD:1,2;ADD:1,8;ADD:2,6;ADD:6,8;ADD:7,8;ADD:8,1;REMOVE:1,4;REMOVE:5,7",0:-;1:1|4;2:2|3;3:-;4:1|6;5:7;6:-;7:-;8:2|7;9:-,0:-;1:1|2|8;2:2|3|6;3:-;4:1|6;5:-;6:8;7:8;8:1|2|7;9:-,1@1=1;1@2=1;1@4=1;1@5=1;2@1=1;2@2=1;2@4=1;2@3=1;2@6=2;4@6=1;4@9=1;6@8=1;7@8=1;8@1=2;8@2=1;8@6=1;8@8=1;8@0=1,"1,2,4,5,3,6,9,8,0",20,18,18,0,1.0,-0.3227305067350778,0.2222222222222222,0.061021690144049984,0.2222222222222222,0.031149594637299837,0.6,6.618536949157715,Optimal
505,504,13,3,10,"ADD:1,7;ADD:2,4;ADD:8,0;REMOVE:1,1;REMOVE:1,2;REMOVE:1,8;REMOVE:2,2;REMOVE:2,3;REMOVE:2,6;REMOVE:4,1;REMOVE:6,8;REMOVE:7,8;REMOVE:8,1",0:-;1:1|2|8;2:2|3|6;3:-;4:1|6;5:-;6:8;7:8;8:1|2|7;9:-,0:-;1:7;2:4;3:-;4:6;5:-;6:-;7:-;8:0|2|7;9:-,1@7=1;2@4=1;4@6=2;8@4=2;8@0=2;8@2=1;8@3=1;8@5=1,"7,4,6,0,2,3,5",11,8,8,0,1.0,0.3703969958393716,0.7692307692307693,0.05811384700813272,0.0,0.04260651424124992,0.30000000000000004,3.875680923461914,Optimal
506,505,14,8,6,"ADD:2,6;ADD:2,8;ADD:3,4;ADD:4,4;ADD:5,1;ADD:6,1;ADD:6,6;ADD:7,2;REMOVE:1,7;REMOVE:2,4;REMOVE:4,6;REMOVE:8,0;REMOVE:8,2;REMOVE:8,7",0:-;1:7;2:4;3:-;4:6;5:-;6:-;7:-;8:0|2|7;9:-,0:-;1:-;2:6|8;3:4;4:4;5:1;6:1|6;7:2;8:-;9:-,2@4=1;2@6=1;3@4=1;4@4=1;5@1=1;6@6=1;6@1=1;7@2=1,"4,6,1,2",8,8,8,0,1.0,0.08382139794346333,1.0,0.09056898027314819,0.0,0.05683106862472309,0.7999999999999999,2.1856768131256104,Optimal
507,506,11,7,4,"ADD:2,0;ADD:4,9;ADD:5,7;ADD:6,2;ADD:8,1;ADD:8,2;ADD:8,4;REMOVE:2,6;REMOVE:2,8;REMOVE:3,4;REMOVE:6,1",0:-;1:-;2:6|8;3:4;4:4;5:1;6:1|6;7:2;8:-;9:-,0:-;1:-;2:0;3:-;4:4|9;5:1|7;6:2|6;7:2;8:1|2|4;9:-,2@0=1;4@4=1;4@6=1;4@9=1;5@1=1;5@7=1;6@2=1;6@8=1;7@2=1;8@4=2;8@9=1;8@1=2;8@2=2,"0,4,6,9,1,7,2,8",16,13,13,0,1.0,-0.20145640573056323,0.5,0.0805002434906025,0.125,0.04571699738477372,0.7,5.676883935928345,Optimal
508,507,13,8,5,"ADD:2,1;ADD:2,4;ADD:3,4;ADD:3,6;ADD:4,2;ADD:4,7;ADD:5,3;ADD:7,6;REMOVE:4,4;REMOVE:4,9;REMOVE:5,1;REMOVE:6,2;REMOVE:6,6",0:-;1:-;2:0;3:-;4:4|9;5:1|7;6:2|6;7:2;8:1|2|4;9:-,0:-;1:-;2:0|1|4;3:4|6;4:2|7;5:3|7;6:-;7:2|6;8:1|2|4;9:-,2@0=1;2@1=1;2@4=3;3@4=1;3@6=1;4@0=1;4@3=1;4@9=1;5@3=1;5@2=1;7@4=1;7@9=1;8@1=2;8@4=2;8@9=2;8@2=1;8@7=1,"0,1,4,6,3,9,2,7",22,17,17,0,1.0,-0.36222403513993917,0.45454545454545453,0.057641271644753383,0.09090909090909091,0.049223828630381085,0.7999999999999999,6.664114952087402,Optimal
509,508,10,5,5,"ADD:2,5;ADD:5,2;ADD:6,9;ADD:7,4;ADD:8,8;REMOVE:2,4;REMOVE:5,3;REMOVE:7,2;REMOVE:7,6;REMOVE:8,4",0:-;1:-;2:0|1|4;3:4|6;4:2|7;5:3|7;6:-;7:2|6;8:1|2|4;9:-,0:-;1:-;2:0|1|5;3:4|6;4:2|7;5:2|7;6:9;7:4;8:1|2|8;9:-,2@0=1;2@1=2;2@3=1;2@5=1;3@4=1;3@7=1;4@0=1;4@3=1;4@9=1;5@0=1;5@3=1;5@7=1;5@2=2;6@9=1;7@4=1;8@1=2;8@5=1;8@4=3;8@9=1;8@2=3;8@6=1;8@8=2,"0,1,3,5,4,7,9,2,6,8",30,22,22,0,1.0,-0.13049225114891538,0.35714285714285715,0.06032393664008403,0.14285714285714285,0.03481442626651539,0.5,7.611877918243408,Optimal
510,509,12,5,7,"ADD:3,7;ADD:4,6;ADD:5,9;ADD:7,0;ADD:8,7;REMOVE:3,4;REMOVE:3,6;REMOVE:4,2;REMOVE:5,2;REMOVE:6,9;REMOVE:7,4;REMOVE:8,1",0:-;1:-;2:0|1|5;3:4|6;4:2|7;5:2|7;6:9;7:4;8:1|2|8;9:-,0:-;1:-;2:0|1|5;3:7;4:6|7;5:7|9;6:-;7:0;8:2|7|8;9:-,2@2=1;2@3=1;2@5=2;2@7=1;3@7=1;4@1=1;4@4=1;5@2=1;5@7=2;5@1=1;7@0=1;8@2=3;8@3=1;8@5=2;8@7=1;8@4=1;8@0=1;8@8=1;8@9=1,"2,3,5,7,1,4,0,8,9",24,19,19,0,1.0,-0.017752279494214762,0.5,0.0443135792110575,0.21428571428571427,0.019698571398981884,0.5,7.914193153381348,Optimal
511,510,12,6,6,"ADD:0,7;ADD:2,2;ADD:3,1;ADD:4,9;ADD:5,0;ADD:6,8;REMOVE:2,1;REMOVE:2,5;REMOVE:4,6;REMOVE:5,7;REMOVE:5,9;REMOVE:7,0",0:-;1:-;2:0|1|5;3:7;4:6|7;5:7|9;6:-;7:0;8:2|7|8;9:-,0:7;1:-;2:0|2;3:1|7;4:7|9;5:0;6:8;7:-;8:2|7|8;9:-,0@7=1;2@7=1;2@0=2;2@5=2;3@1=2;3@8=1;4@1=1;4@2=1;5@0=1;6@8=1;8@7=2;8@5=2;8@8=1;8@2=1;8@6=1,"7,0,5,1,8,2,6",20,15,15,0,1.0,-0.11664905387189745,0.5,0.056477336855731156,0.16666666666666666,0.02417871655092099,0.6,4.751400947570801,Optimal
512,511,14,7,7,"ADD:2,4;ADD:4,0;ADD:4,1;ADD:5,9;ADD:6,7;ADD:7,0;ADD:7,5;REMOVE:0,7;REMOVE:2,2;REMOVE:3,1;REMOVE:4,7;REMOVE:4,9;REMOVE:5,0;REMOVE:6,8",0:7;1:-;2:0|2;3:1|7;4:7|9;5:0;6:8;7:-;8:2|7|8;9:-,0:-;1:-;2:0|4;3:7;4:0|1;5:9;6:7;7:0|5;8:2|7|8;9:-,2@0=1;2@4=1;3@7=1;4@0=1;4@1=1;5@9=1;6@7=1;7@0=1;7@5=1;8@0=1;8@1=1;8@2=2;8@6=1;8@8=1,"0,4,7,1,9,5,2,6,8",15,14,14,0,1.0,-0.15418785819388459,0.5833333333333334,0.08257679754810386,0.0,0.06542018550482767,0.7,4.2303149700164795,Optimal
513,512,10,4,6,"ADD:3,8;ADD:4,3;ADD:5,4;ADD:7,2;REMOVE:2,0;REMOVE:2,4;REMOVE:3,7;REMOVE:6,7;REMOVE:7,0;REMOVE:7,5",0:-;1:-;2:0|4;3:7;4:0|1;5:9;6:7;7:0|5;8:2|7|8;9:-,0:-;1:-;2:-;3:8;4:0|1|3;5:4|9;6:-;7:2;8:2|7|8;9:-,3@8=1;4@1=1;4@2=1;4@5=1;5@2=1;5@4=1;5@7=2;7@2=1;8@1=1;8@7=1;8@0=1;8@3=2;8@9=1,"8,1,2,5,4,7,0,3,9",15,13,13,0,1.0,0.07991094360092477,0.5,0.03349967020481703,0.25,0.015556037185355859,0.4,4.933995962142944,Optimal
514,513,12,5,7,"ADD:2,5;ADD:3,2;ADD:4,5;ADD:5,6;ADD:7,9;REMOVE:3,8;REMOVE:4,0;REMOVE:4,1;REMOVE:4,3;REMOVE:5,4;REMOVE:5,9;REMOVE:7,2",0:-;1:-;2:-;3:8;4:0|1|3;5:4|9;6:-;7:2;8:2|7|8;9:-,0:-;1:-;2:5;3:2;4:5;5:6;6:-;7:9;8:2|7|8;9:-,2@5=1;3@2=1;4@5=1;5@6=1;7@9=2;8@5=1;8@2=3;8@6=1;8@9=1;8@0=1;8@1=1;8@8=1,"5,2,6,9,0,1,8",15,12,12,0,1.0,0.1186020467247072,0.7,0.0645560241979899,0.0,0.03478613683157637,0.5,5.120964050292969,Optimal
515,514,16,11,5,"ADD:0,5;ADD:2,7;ADD:4,7;ADD:4,8;ADD:5,2;ADD:6,1;ADD:7,1;ADD:7,4;ADD:7,5;ADD:8,0;ADD:8,1;REMOVE:3,2;REMOVE:4,5;REMOVE:7,9;REMOVE:8,2;REMOVE:8,7",0:-;1:-;2:5;3:2;4:5;5:6;6:-;7:9;8:2|7|8;9:-,0:5;1:-;2:5|7;3:-;4:7|8;5:2|6;6:1;7:1|4|5;8:0|1|8;9:-,0@5=1;2@2=1;2@3=1;2@7=1;4@7=1;4@1=1;4@4=1;4@8=1;5@2=1;5@7=1;6@1=1;7@5=1;7@2=1;7@1=2;7@4=2;8@5=2;8@2=1;8@7=1;8@1=4;8@0=2,"5,2,3,7,1,4,8,0",27,20,20,0,1.0,-0.4917672735002585,0.625,0.060829117175946766,0.25,0.04784716379491964,1.0999999999999999,9.070255041122437,Optimal
516,515,19,7,12,"ADD:0,2;ADD:2,8;ADD:3,0;ADD:3,2;ADD:4,4;ADD:5,0;ADD:7,8;REMOVE:0,5;REMOVE:2,5;REMOVE:2,7;REMOVE:4,7;REMOVE:4,8;REMOVE:5,2;REMOVE:5,6;REMOVE:6,1;REMOVE:7,1;REMOVE:7,4;REMOVE:7,5;REMOVE:8,1",0:5;1:-;2:5|7;3:-;4:7|8;5:2|6;6:1;7:1|4|5;8:0|1|8;9:-,0:2;1:-;2:8;3:0|2;4:4;5:0;6:-;7:8;8:0|8;9:-,0@2=1;2@8=1;3@2=1;3@0=1;4@4=1;5@0=1;7@8=1;8@2=1;8@8=1,"2,8,0,4",9,9,9,0,1.0,0.06812957753471316,0.8571428571428571,0.08935943314656786,0.0,0.0546387265158662,0.7,2.8309900760650635,Optimal
517,516,12,6,6,"ADD:2,9;ADD:4,3;ADD:5,3;ADD:6,2;ADD:7,7;ADD:8,2;REMOVE:0,2;REMOVE:3,0;REMOVE:3,2;REMOVE:5,0;REMOVE:7,8;REMOVE:8,0",0:2;1:-;2:8;3:0|2;4:4;5:0;6:-;7:8;8:0|8;9:-,0:-;1:-;2:8|9;3:-;4:3|4;5:3;6:2;7:7;8:2|8;9:-,2@1=1;2@9=1;4@3=1;4@7=1;5@3=1;6@2=1;7@7=1;8@7=1;8@2=2;8@4=1,"1,9,3,7,2,4",11,10,10,0,1.0,0.018622993180481884,0.6666666666666666,0.06396595358651028,0.1111111111111111,0.059473373778590626,0.6,3.6124720573425293,Optimal
518,517,11,5,6,"ADD:2,1;ADD:4,6;ADD:5,0;ADD:6,0;ADD:8,7;REMOVE:2,8;REMOVE:4,3;REMOVE:5,3;REMOVE:6,2;REMOVE:7,7;REMOVE:8,2",0:-;1:-;2:8|9;3:-;4:3|4;5:3;6:2;7:7;8:2|8;9:-,0:-;1:-;2:1|9;3:-;4:4|6;5:0;6:0;7:-;8:7|8;9:-,2@1=1;2@9=1;4@4=2;4@6=1;5@0=1;6@0=1;8@1=1;8@2=1;8@8=1,"1,9,4,6,0,2,8",10,9,9,0,1.0,0.14917175652778802,0.6666666666666666,0.08104086408905099,0.2222222222222222,0.03280643739384723,0.5,4.325563192367554,Optimal
519,518,8,2,6,"ADD:3,8;ADD:7,4;REMOVE:2,1;REMOVE:2,9;REMOVE:4,6;REMOVE:5,0;REMOVE:6,0;REMOVE:8,8",0:-;1:-;2:1|9;3:-;4:4|6;5:0;6:0;7:-;8:7|8;9:-,0:-;1:-;2:-;3:8;4:4;5:-;6:-;7:4;8:7;9:-,3@2=1;3@4=1;4@4=1;7@4=2;8@2=2;8@9=1,"2,4,9",8,6,6,0,1.0,0.42994543417580827,0.75,0.03743179271976026,0.0,0.0,0.2,0.9497621059417725,Optimal
520,519,16,12,4,"ADD:0,0;ADD:3,2;ADD:3,3;ADD:5,1;ADD:5,4;ADD:5,5;ADD:6,5;ADD:7,2;ADD:7,3;ADD:8,4;ADD:8,5;ADD:8,9;REMOVE:3,8;REMOVE:4,4;REMOVE:7,4;REMOVE:8,7",0:-;1:-;2:-;3:8;4:4;5:-;6:-;7:4;8:7;9:-,0:0;1:-;2:-;3:2|3;4:-;5:1|4|5;6:5;7:2|3;8:4|5|9;9:-,0@0=1;3@2=2;3@3=1;5@1=2;5@4=1;5@5=1;5@7=1;6@5=1;7@2=1;7@3=1;8@4=2;8@5=1;8@9=1,"0,2,3,1,4,5,7,9",16,13,13,0,1.0,-0.3099744362356578,1.0,0.09521978852420002,0.0,0.06924866472490997,1.2,4.834707021713257,Optimal
521,520,20,11,9,"ADD:1,4;ADD:2,3;ADD:2,6;ADD:3,6;ADD:4,0;ADD:4,2;ADD:5,2;ADD:6,4;ADD:7,8;ADD:8,2;ADD:8,7;REMOVE:0,0;REMOVE:5,1;REMOVE:5,4;REMOVE:5,5;REMOVE:6,5;REMOVE:7,2;REMOVE:7,3;REMOVE:8,4;REMOVE:8,9",0:0;1:-;2:-;3:2|3;4:-;5:1|4|5;6:5;7:2|3;8:4|5|9;9:-,0:-;1:4;2:3|6;3:2|3|6;4:0|2;5:2;6:4;7:8;8:2|5|7;9:-,1@4=1;2@3=1;2@6=1;2@9=1;3@6=1;3@2=1;3@5=2;4@2=1;4@0=1;5@2=1;6@4=1;7@8=1;8@4=1;8@3=1;8@9=1;8@2=2;8@5=1;8@0=1;8@8=3,"4,3,6,9,2,5,0,8",23,19,19,0,1.0,-0.4474076405236278,0.75,0.05735238278793881,0.0,0.033552266230104585,1.0999999999999999,7.0326337814331055,Optimal
522,521,13,6,7,"ADD:1,3;ADD:2,4;ADD:4,7;ADD:5,3;ADD:7,3;ADD:8,1;REMOVE:3,2;REMOVE:3,6;REMOVE:4,0;REMOVE:4,2;REMOVE:6,4;REMOVE:7,8;REMOVE:8,5",0:-;1:4;2:3|6;3:2|3|6;4:0|2;5:2;6:4;7:8;8:2|5|7;9:-,0:-;1:3|4;2:3|4|6;3:3;4:7;5:2|3;6:-;7:3;8:1|2|7;9:-,1@3=1;1@4=1;2@3=1;2@4=2;2@2=1;2@8=1;3@3=1;4@7=1;5@5=1;5@9=1;7@3=1;8@4=2;8@2=1;8@9=1;8@0=2;8@1=4,"3,4,2,8,7,5,9,0,1",22,16,16,0,1.0,-0.12969018486826417,0.5,0.058081052579550284,0.07142857142857142,0.04779629391190626,0.6,5.324319839477539,Optimal
523,522,15,10,5,"ADD:0,9;ADD:1,5;ADD:3,2;ADD:3,7;ADD:4,0;ADD:4,3;ADD:5,4;ADD:6,2;ADD:7,4;ADD:7,6;REMOVE:1,3;REMOVE:2,4;REMOVE:3,3;REMOVE:5,3;REMOVE:7,3",0:-;1:3|4;2:3|4|6;3:3;4:7;5:2|3;6:-;7:3;8:1|2|7;9:-,0:9;1:4|5;2:3|6;3:2|7;4:0|3|7;5:2|4;6:2;7:4|6;8:1|2|7;9:-,0@9=1;1@4=2;1@5=1;2@1=1;2@3=1;3@9=1;3@4=1;3@0=1;4@5=1;4@1=1;4@3=1;4@0=1;5@4=2;5@2=1;6@2=1;7@4=1;7@6=1;8@4=2;8@1=1;8@0=2;8@8=2,"9,4,5,1,3,0,2,6,8",26,21,21,0,1.0,-0.6101692658124924,0.38461538461538464,0.052918523640761835,0.15384615384615385,0.045171884066797306,0.9999999999999999,7.981580018997192,Optimal
524,523,14,3,11,"ADD:3,5;ADD:5,1;ADD:7,2;REMOVE:0,9;REMOVE:1,4;REMOVE:1,5;REMOVE:2,6;REMOVE:3,2;REMOVE:4,3;REMOVE:4,7;REMOVE:5,4;REMOVE:6,2;REMOVE:7,4;REMOVE:7,6",0:9;1:4|5;2:3|6;3:2|7;4:0|3|7;5:2|4;6:2;7:4|6;8:1|2|7;9:-,0:-;1:-;2:3;3:5|7;4:0;5:1|2;6:-;7:2;8:1|2|7;9:-,2@3=1;3@5=1;3@7=1;3@8=2;4@0=1;5@1=1;5@9=1;7@2=1;8@8=1;8@2=1;8@4=1;8@6=1,"3,5,7,8,0,1,9,2,4,6",13,12,12,0,1.0,0.2501597407617261,0.6111111111111112,0.054032649250253285,0.05555555555555555,0.034668106807616755,0.30000000000000004,7.7485151290893555,Optimal
525,524,13,8,5,"ADD:1,3;ADD:2,2;ADD:2,7;ADD:4,2;ADD:4,6;ADD:5,3;ADD:7,3;ADD:7,6;REMOVE:3,7;REMOVE:4,0;REMOVE:5,1;REMOVE:5,2;REMOVE:8,2",0:-;1:-;2:3;3:5|7;4:0;5:1|2;6:-;7:2;8:1|2|7;9:-,0:-;1:3;2:2|3|7;3:5;4:2|6;5:3;6:-;7:2|3|6;8:1|7;9:-,1@3=1;2@3=1;2@0=1;2@1=1;2@4=1;3@5=1;4@2=1;4@6=1;5@3=1;7@3=1;7@4=1;7@6=1;8@1=2;8@6=1;8@7=1,"3,0,1,4,5,2,6,7",16,15,15,0,1.0,-0.31676322614327995,0.5,0.06539506931793103,0.1,0.05460359201187578,0.7999999999999999,9.634114027023315,Optimal
526,525,17,5,12,"ADD:3,2;ADD:3,6;ADD:4,1;ADD:5,8;ADD:7,9;REMOVE:1,3;REMOVE:2,2;REMOVE:2,3;REMOVE:2,7;REMOVE:3,5;REMOVE:4,2;REMOVE:4,6;REMOVE:7,2;REMOVE:7,3;REMOVE:7,6;REMOVE:8,1;REMOVE:8,7",0:-;1:3;2:2|3|7;3:5;4:2|6;5:3;6:-;7:2|3|6;8:1|7;9:-,0:-;1:-;2:-;3:2|6;4:1;5:3|8;6:-;7:9;8:-;9:-,3@2=1;3@6=1;4@1=1;5@5=1;5@8=1;7@9=1,"2,6,1,5,8,9",6,6,6,0,1.0,0.31815492700689607,0.9230769230769231,0.08478239182883278,0.0,0.05933737541145617,0.5,5.073340892791748,Optimal
527,526,10,4,6,"ADD:4,6;ADD:5,0;ADD:8,0;ADD:8,4;REMOVE:3,2;REMOVE:3,6;REMOVE:4,1;REMOVE:5,3;REMOVE:5,8;REMOVE:7,9",0:-;1:-;2:-;3:2|6;4:1;5:3|8;6:-;7:9;8:-;9:-,0:-;1:-;2:-;3:-;4:6;5:0;6:-;7:-;8:0|4;9:-,4@6=1;5@0=1;8@0=1;8@2=1;8@4=1,"6,0,2,4",5,5,5,0,1.0,0.47443570880400465,1.0,0.0849739742672689,0.0,0.032282646950947694,0.4,1.3375968933105469,Optimal
528,527,15,12,3,"ADD:1,8;ADD:2,1;ADD:2,4;ADD:2,5;ADD:3,1;ADD:3,4;ADD:4,1;ADD:4,8;ADD:5,2;ADD:5,9;ADD:7,1;ADD:7,6;REMOVE:4,6;REMOVE:5,0;REMOVE:8,4",0:-;1:-;2:-;3:-;4:6;5:0;6:-;7:-;8:0|4;9:-,0:-;1:8;2:1|4|5;3:1|4;4:1|8;5:2|9;6:-;7:1|6;8:0;9:-,1@8=1;2@1=1;2@2=2;2@4=1;2@5=1;3@1=1;3@4=1;3@7=1;4@8=1;4@1=1;5@2=2;5@9=1;7@1=2;7@9=1;7@6=1;8@0=2,"8,1,2,4,5,7,9,6,0",20,16,16,0,1.0,-0.5244066149727428,0.75,0.08126576397997183,0.0,0.05290386921639818,1.2,6.859127998352051,Optimal
529,528,16,8,8,"ADD:1,7;ADD:2,0;ADD:3,5;ADD:4,2;ADD:5,1;ADD:6,1;ADD:7,5;ADD:8,9;REMOVE:2,5;REMOVE:3,1;REMOVE:3,4;REMOVE:4,1;REMOVE:5,2;REMOVE:7,1;REMOVE:7,6;REMOVE:8,0",0:-;1:8;2:1|4|5;3:1|4;4:1|8;5:2|9;6:-;7:1|6;8:0;9:-,0:-;1:7|8;2:0|1|4;3:5;4:2|8;5:1|9;6:1;7:5;8:9;9:-,1@1=1;1@7=1;2@1=1;2@7=2;2@0=1;2@2=1;2@4=2;2@6=1;3@5=2;4@2=2;4@4=1;5@1=2;5@3=1;6@1=1;7@5=1;8@9=3,"1,7,0,2,4,6,5,3,9",23,16,16,0,1.0,-0.22126368717373157,0.6153846153846154,0.07205124750371208,0.07692307692307693,0.0670150356549551,0.7999999999999999,10.110640287399292,Optimal
530,529,17,7,10,"ADD:1,5;ADD:2,3;ADD:3,9;ADD:4,1;ADD:7,1;ADD:7,4;ADD:8,2;REMOVE:1,8;REMOVE:2,0;REMOVE:3,5;REMOVE:4,2;REMOVE:4,8;REMOVE:5,1;REMOVE:5,9;REMOVE:6,1;REMOVE:7,5;REMOVE:8,9",0:-;1:7|8;2:0|1|4;3:5;4:2|8;5:1|9;6:1;7:5;8:9;9:-,0:-;1:5|7;2:1|3|4;3:9;4:1;5:-;6:-;7:1|4;8:2;9:-,1@0=1;1@5=1;2@3=2;2@4=1;2@8=1;3@9=1;4@1=1;7@4=1;7@1=1;8@2=1,"0,5,3,4,8,9,1,2",11,10,10,0,1.0,0.007651452342033016,0.7692307692307693,0.08223923826341867,0.07692307692307693,0.05545415481033608,0.7,8.368651866912842,Optimal
531,530,21,13,8,"ADD:0,2;ADD:0,7;ADD:1,3;ADD:2,9;ADD:3,3;ADD:4,2;ADD:4,7;ADD:5,1;ADD:5,7;ADD:6,3;ADD:7,3;ADD:7,8;ADD:8,7;REMOVE:1,5;REMOVE:1,7;REMOVE:2,3;REMOVE:2,4;REMOVE:3,9;REMOVE:4,1;REMOVE:7,1;REMOVE:7,4",0:-;1:5|7;2:1|3|4;3:9;4:1;5:-;6:-;7:1|4;8:2;9:-,0:2|7;1:3;2:1|9;3:3;4:2|7;5:1|7;6:3;7:3|8;8:2|7;9:-,0@0=1;0@4=1;0@9=1;1@3=1;2@9=1;2@1=2;2@6=1;3@3=1;4@0=1;4@4=1;4@9=1;4@2=1;4@7=1;5@1=1;5@7=1;6@3=1;7@1=1;7@2=1;7@5=1;8@0=1;8@9=1;8@8=1,"0,4,9,3,1,6,2,7,5,8",23,22,22,0,1.0,-0.5983901161722963,0.8,0.04542203546168871,0.1,0.026361277291763848,1.3,8.426267862319946,Optimal
532,531,19,8,11,"ADD:1,4;ADD:2,0;ADD:2,4;ADD:3,4;ADD:3,5;ADD:4,1;ADD:5,2;ADD:8,1;REMOVE:0,2;REMOVE:0,7;REMOVE:1,3;REMOVE:2,9;REMOVE:4,7;REMOVE:5,1;REMOVE:5,7;REMOVE:6,3;REMOVE:7,3;REMOVE:7,8;REMOVE:8,2",0:2|7;1:3;2:1|9;3:3;4:2|7;5:1|7;6:3;7:3|8;8:2|7;9:-,0:-;1:4;2:0|1|4;3:3|4|5;4:1|2;5:2;6:-;7:-;8:1|7;9:-,1@4=1;2@4=1;2@0=1;2@1=1;2@7=1;3@4=1;3@3=1;3@5=1;4@1=1;4@2=1;5@2=1;8@1=1;8@3=1;8@6=1,"4,0,1,7,3,5,2,6",14,14,14,0,1.0,-0.12486065100512667,0.7333333333333333,0.0816550033124074,0.06666666666666667,0.049076731724737165,0.7999999999999999,7.316242933273315,Optimal
533,532,13,3,10,"ADD:2,2;ADD:7,4;ADD:8,4;REMOVE:1,4;REMOVE:2,0;REMOVE:2,4;REMOVE:3,3;REMOVE:3,4;REMOVE:3,5;REMOVE:4,1;REMOVE:4,2;REMOVE:5,2;REMOVE:8,7",0:-;1:4;2:0|1|4;3:3|4|5;4:1|2;5:2;6:-;7:-;8:1|7;9:-,0:-;1:-;2:1|2;3:-;4:-;5:-;6:-;7:4;8:1|4;9:-,2@2=1;2@7=1;2@9=1;7@4=1;8@4=1;8@1=1,"2,7,9,4,1",6,6,6,0,1.0,0.42910850253982324,0.8333333333333334,0.06780434834872505,0.0,0.040991785970882696,0.30000000000000004,4.467815160751343,Optimal
534,533,8,3,5,"ADD:4,4;ADD:5,7;ADD:8,7;REMOVE:2,1;REMOVE:2,2;REMOVE:7,4;REMOVE:8,1;REMOVE:8,4",0:-;1:-;2:1|2;3:-;4:-;5:-;6:-;7:4;8:1|4;9:-,0:-;1:-;2:-;3:-;4:4;5:7;6:-;7:-;8:7;9:-,4@4=1;5@6=1;5@8=1;5@9=1;8@1=2;8@2=1;8@3=2,"4,6,8,9,1,2,3",9,7,7,0,1.0,0.5083005421210842,1.0,0.010375677651355344,0.0,0.0,0.30000000000000004,2.6431570053100586,Optimal
535,534,12,9,3,"ADD:3,1;ADD:3,4;ADD:4,5;ADD:4,8;ADD:5,2;ADD:7,5;ADD:8,0;ADD:8,2;ADD:8,6;REMOVE:4,4;REMOVE:5,7;REMOVE:8,7",0:-;1:-;2:-;3:-;4:4;5:7;6:-;7:-;8:7;9:-,0:-;1:-;2:-;3:1|4;4:5|8;5:2;6:-;7:5;8:0|2|6;9:-,3@1=1;3@4=1;3@7=1;4@5=1;4@8=1;5@2=1;7@5=1;8@2=2;8@0=1;8@6=1,"1,4,7,5,8,2,0,6",11,10,10,0,1.0,-0.013100623415388313,1.0,0.09391289896894552,0.0,0.058845287047275555,0.8999999999999999,6.009546995162964,Optimal
536,535,13,8,5,"ADD:1,4;ADD:1,5;ADD:3,7;ADD:4,2;ADD:5,4;ADD:6,4;ADD:7,0;ADD:8,7;REMOVE:3,1;REMOVE:4,5;REMOVE:4,8;REMOVE:8,0;REMOVE:8,6",0:-;1:-;2:-;3:1|4;4:5|8;5:2;6:-;7:5;8:0|2|6;9:-,0:-;1:4|5;2:-;3:4|7;4:2;5:2|4;6:4;7:0|5;8:2|7;9:-,1@4=1;1@5=1;1@8=1;3@4=2;3@2=1;4@2=1;5@4=1;5@2=1;6@4=1;7@2=1;7@0=1;8@2=1;8@3=1;8@7=1,"4,5,8,2,0,3,7",15,14,14,0,1.0,-0.248133320091655,0.5555555555555556,0.07117744381435048,0.2222222222222222,0.030179179839878348,0.7999999999999999,5.868390798568726,Optimal
537,536,15,6,9,"ADD:1,3;ADD:3,1;ADD:4,4;ADD:7,7;ADD:8,1;ADD:8,5;REMOVE:1,4;REMOVE:1,5;REMOVE:3,7;REMOVE:5,2;REMOVE:5,4;REMOVE:6,4;REMOVE:7,0;REMOVE:7,5;REMOVE:8,2",0:-;1:4|5;2:-;3:4|7;4:2;5:2|4;6:4;7:0|5;8:2|7;9:-,0:-;1:3;2:-;3:1|4;4:2|4;5:-;6:-;7:7;8:1|5|7;9:-,1@3=1;3@1=1;3@4=1;4@4=1;4@2=1;7@7=1;8@1=1;8@7=1;8@0=1;8@5=2,"3,1,4,2,7,0,5",11,10,10,0,1.0,0.10560789279976912,0.75,0.09659054707581953,0.08333333333333333,0.05834394236223446,0.6,6.8499720096588135,Optimal
538,537,16,9,7,"ADD:0,1;ADD:0,8;ADD:1,2;ADD:4,1;ADD:5,1;ADD:5,3;ADD:5,4;ADD:7,3;ADD:8,8;REMOVE:1,3;REMOVE:3,1;REMOVE:3,4;REMOVE:4,2;REMOVE:4,4;REMOVE:8,1;REMOVE:8,5",0:-;1:3;2:-;3:1|4;4:2|4;5:-;6:-;7:7;8:1|5|7;9:-,0:1|8;1:2;2:-;3:-;4:1;5:1|3|4;6:-;7:3|7;8:7|8;9:-,0@1=1;0@8=1;1@2=1;4@1=1;5@1=1;5@2=1;5@3=1;5@4=1;7@1=1;7@3=1;8@1=1;8@2=2;8@4=1,"1,8,2,3,4",14,13,13,0,1.0,-0.21847602482422723,0.7777777777777778,0.06006334145992459,0.0,0.05625539892805335,0.8999999999999999,5.217740058898926,Optimal
539,538,10,3,7,"ADD:0,2;ADD:3,4;ADD:5,9;REMOVE:0,8;REMOVE:4,1;REMOVE:5,1;REMOVE:5,3;REMOVE:7,3;REMOVE:7,7;REMOVE:8,7",0:1|8;1:2;2:-;3:-;4:1;5:1|3|4;6:-;7:3|7;8:7|8;9:-,0:1|2;1:2;2:-;3:4;4:-;5:4|9;6:-;7:-;8:8;9:-,0@2=2;0@3=1;0@7=1;1@2=1;3@4=1;5@2=1;5@9=1;8@8=1,"2,3,7,4,9,8",9,8,8,0,1.0,0.29134422729034615,0.6363636363636364,0.07223663588770218,0.09090909090909091,0.03141095653728633,0.30000000000000004,3.037385940551758,Optimal
540,539,14,8,6,"ADD:3,6;ADD:4,0;ADD:4,2;ADD:5,5;ADD:6,2;ADD:6,5;ADD:8,3;ADD:8,4;REMOVE:0,1;REMOVE:0,2;REMOVE:1,2;REMOVE:3,4;REMOVE:5,9;REMOVE:8,8",0:1|2;1:2;2:-;3:4;4:-;5:4|9;6:-;7:-;8:8;9:-,0:-;1:-;2:-;3:6;4:0|2;5:4|5;6:2|5;7:-;8:3|4;9:-,3@6=1;4@0=1;4@2=1;5@4=1;5@5=1;6@2=1;6@5=1;8@2=1;8@4=1;8@3=1;8@7=1,"6,0,2,4,5,3,7",11,11,11,0,1.0,-0.03936388499785137,0.8571428571428571,0.0797856824019242,0.0,0.055466416831617946,0.7999999999999999,4.761609315872192,Optimal
541,540,14,6,8,"ADD:0,4;ADD:1,1;ADD:3,0;ADD:3,9;ADD:5,7;ADD:8,2;REMOVE:3,6;REMOVE:4,0;REMOVE:4,2;REMOVE:5,4;REMOVE:5,5;REMOVE:6,2;REMOVE:6,5;REMOVE:8,3",0:-;1:-;2:-;3:6;4:0|2;5:4|5;6:2|5;7:-;8:3|4;9:-,0:4;1:1;2:-;3:0|9;4:-;5:7;6:-;7:-;8:2|4;9:-,0@4=1;1@1=1;3@0=1;3@9=1;5@7=1;8@4=1;8@2=1,"4,1,0,9,7,2",7,7,7,0,1.0,0.20580716384532105,0.8888888888888888,0.10210024368268913,0.0,0.06507928894029291,0.6,2.2971601486206055,Optimal
542,541,19,12,7,"ADD:0,2;ADD:0,6;ADD:4,2;ADD:4,4;ADD:5,6;ADD:5,9;ADD:7,2;ADD:7,3;ADD:7,7;ADD:8,0;ADD:8,6;ADD:8,7;REMOVE:0,4;REMOVE:1,1;REMOVE:3,0;REMOVE:3,9;REMOVE:5,7;REMOVE:8,2;REMOVE:8,4",0:4;1:1;2:-;3:0|9;4:-;5:7;6:-;7:-;8:2|4;9:-,0:2|6;1:-;2:-;3:-;4:2|4;5:6|9;6:-;7:2|3|7;8:0|6|7;9:-,0@2=1;0@6=1;4@2=1;4@4=1;5@6=1;5@9=1;7@4=1;7@0=1;7@1=1;7@3=1;7@5=1;8@2=1;8@6=2;8@0=1;8@7=1,"2,6,4,9,0,1,3,5,7",16,15,15,0,1.0,-0.33767823627669,1.0,0.06776976399949022,0.0,0.04052976261858779,1.2,9.712399244308472,Optimal
543,542,14,7,7,"ADD:2,1;ADD:2,2;ADD:2,8;ADD:3,4;ADD:5,2;ADD:5,7;ADD:8,8;REMOVE:0,2;REMOVE:0,6;REMOVE:4,4;REMOVE:5,6;REMOVE:5,9;REMOVE:7,2;REMOVE:8,7",0:2|6;1:-;2:-;3:-;4:2|4;5:6|9;6:-;7:2|3|7;8:0|6|7;9:-,0:-;1:-;2:1|2|8;3:4;4:2;5:2|7;6:-;7:3|7;8:0|6|8;9:-,2@1=1;2@2=1;2@4=1;2@5=1;2@9=1;3@4=1;4@2=1;5@2=1;5@0=1;5@3=1;5@8=1;7@9=1;7@7=1;8@1=1;8@5=1;8@8=1;8@7=1;8@6=1,"1,2,4,5,9,0,3,8,7,6",18,18,18,0,1.0,-0.171832814492356,0.5833333333333334,0.0463674435748518,0.08333333333333333,0.038699486572145954,0.7,13.257240056991577,Optimal
544,543,11,7,4,"ADD:0,7;ADD:0,8;ADD:1,2;ADD:1,7;ADD:4,6;ADD:5,8;ADD:7,5;REMOVE:2,8;REMOVE:3,4;REMOVE:7,3;REMOVE:8,0",0:-;1:-;2:1|2|8;3:4;4:2;5:2|7;6:-;7:3|7;8:0|6|8;9:-,0:7|8;1:2|7;2:1|2;3:-;4:2|6;5:2|7|8;6:-;7:5|7;8:6|8;9:-,0@1=1;0@2=1;0@4=1;1@4=1;1@0=1;1@9=1;2@2=1;2@8=1;4@4=2;4@6=1;5@2=2;5@4=2;5@6=1;5@5=1;7@8=1;7@5=1;8@4=1;8@6=1,"1,2,4,0,9,8,6,5",21,18,18,0,1.0,-0.35729972517337794,0.3333333333333333,0.02941706636098678,0.25,0.012499775355829686,0.7,8.842396974563599,Optimal
545,544,13,6,7,"ADD:0,2;ADD:1,8;ADD:2,6;ADD:4,4;ADD:6,2;ADD:8,2;REMOVE:0,8;REMOVE:4,2;REMOVE:4,6;REMOVE:5,2;REMOVE:5,7;REMOVE:7,5;REMOVE:8,8",0:7|8;1:2|7;2:1|2;3:-;4:2|6;5:2|7|8;6:-;7:5|7;8:6|8;9:-,0:2|7;1:2|7|8;2:1|2|6;3:-;4:4;5:8;6:2;7:7;8:2|6;9:-,0@3=1;0@4=1;0@7=1;0@9=1;1@4=1;1@7=1;1@1=1;1@5=1;2@4=1;2@1=1;2@2=1;2@6=1;2@8=1;4@4=1;5@8=1;6@2=1;7@7=1;8@9=1;8@2=2,"3,4,7,9,1,5,2,6,8",20,19,19,0,1.0,-0.15274699445046058,0.4666666666666667,0.05356871671589544,0.13333333333333333,0.021990160884114884,0.6,7.668959140777588,Optimal
546,545,14,3,11,"ADD:3,4;ADD:4,7;ADD:5,4;REMOVE:0,2;REMOVE:0,7;REMOVE:1,2;REMOVE:1,7;REMOVE:1,8;REMOVE:2,1;REMOVE:2,2;REMOVE:2,6;REMOVE:5,8;REMOVE:6,2;REMOVE:7,7",0:2|7;1:2|7|8;2:1|2|6;3:-;4:4;5:8;6:2;7:7;8:2|6;9:-,0:-;1:-;2:-;3:4;4:4|7;5:4;6:-;7:-;8:2|6;9:-,3@4=1;4@4=1;4@7=1;5@4=1;8@4=1;8@7=1,"4,7",6,6,6,0,1.0,0.3983564101003775,0.7857142857142857,0.06659694446778237,0.07142857142857142,0.011108558345043722,0.30000000000000004,1.8780441284179688,Optimal
547,546,8,3,5,"ADD:1,9;ADD:4,5;ADD:7,2;REMOVE:4,4;REMOVE:4,7;REMOVE:5,4;REMOVE:8,2;REMOVE:8,6",0:-;1:-;2:-;3:4;4:4|7;5:4;6:-;7:-;8:2|6;9:-,0:-;1:9;2:-;3:4;4:5;5:-;6:-;7:2;8:-;9:-,1@9=1;3@4=1;4@5=1;7@2=1,"9,4,5,2",4,4,4,0,1.0,0.46556483102027457,0.8333333333333334,0.10703365174678439,0.0,0.06635621478090215,0.30000000000000004,1.794287919998169,Optimal
548,547,8,5,3,"ADD:3,2;ADD:3,7;ADD:4,3;ADD:5,4;ADD:8,0;REMOVE:1,9;REMOVE:3,4;REMOVE:4,5",0:-;1:9;2:-;3:4;4:5;5:-;6:-;7:2;8:-;9:-,0:-;1:-;2:-;3:2|7;4:3;5:4;6:-;7:2;8:0;9:-,3@4=3;3@9=1;4@3=1;5@4=1;7@2=1;8@0=1,"4,9,3,2,0",8,6,6,0,1.0,0.14187424318068098,0.75,0.04543084074534412,0.0,0.02764785292202836,0.5,4.964535713195801,Optimal
549,548,15,9,6,"ADD:1,2;ADD:3,1;ADD:4,1;ADD:4,2;ADD:5,2;ADD:5,8;ADD:7,6;ADD:7,7;ADD:8,4;REMOVE:3,2;REMOVE:3,7;REMOVE:4,3;REMOVE:5,4;REMOVE:7,2;REMOVE:8,0",0:-;1:-;2:-;3:2|7;4:3;5:4;6:-;7:2;8:0;9:-,0:-;1:2;2:-;3:1;4:1|2;5:2|8;6:-;7:6|7;8:4;9:-,1@2=1;3@1=1;4@3=1;4@8=1;5@2=1;5@8=1;7@8=2;7@4=2;7@9=1;8@4=3,"2,1,3,8,4,9",14,10,10,0,1.0,-0.054221390778892764,1.0,0.051122460806009316,0.0,0.02440320288149822,0.8999999999999999,5.388293981552124,Optimal
550,549,9,6,3,"ADD:0,9;ADD:1,8;ADD:3,5;ADD:3,9;ADD:4,7;ADD:8,1;REMOVE:4,1;REMOVE:7,7;REMOVE:8,4",0:-;1:2;2:-;3:1;4:1|2;5:2|8;6:-;7:6|7;8:4;9:-,0:9;1:2|8;2:-;3:1|5|9;4:2|7;5:2|8;6:-;7:6;8:1;9:-,0@9=1;1@2=1;1@4=1;1@5=1;3@9=1;3@2=1;3@5=1;3@1=1;3@8=1;4@9=1;4@2=1;4@4=1;5@2=1;5@4=2;5@5=1;7@6=1;8@1=1,"9,2,4,5,1,8,6",18,17,17,0,1.0,-0.2666028909326111,0.3333333333333333,0.04917100315755257,0.1111111111111111,0.02585708826228981,0.6,5.558013916015625,Optimal
551,550,13,7,6,"ADD:1,6;ADD:2,9;ADD:3,4;ADD:5,7;ADD:7,2;ADD:8,3;ADD:8,8;REMOVE:0,9;REMOVE:1,2;REMOVE:1,8;REMOVE:3,1;REMOVE:3,5;REMOVE:8,1",0:9;1:2|8;2:-;3:1|5|9;4:2|7;5:2|8;6:-;7:6;8:1;9:-,0:-;1:6;2:9;3:4|9;4:2|7;5:2|7|8;6:-;7:2|6;8:3|8;9:-,1@6=1;2@9=1;3@6=1;3@4=1;4@4=1;4@3=1;5@3=1;5@0=1;5@1=2;5@7=2;5@8=1;7@4=1;7@2=2;8@1=1;8@7=1;8@2=2;8@5=1,"6,9,4,3,0,1,7,8,2,5",21,17,17,0,1.0,-0.23117476648270402,0.5,0.039016719995823165,0.16666666666666666,0.021392620936520338,0.7,9.613574266433716,Optimal
552,551,7,0,7,"REMOVE:2,9;REMOVE:3,4;REMOVE:4,2;REMOVE:5,2;REMOVE:5,8;REMOVE:7,2;REMOVE:8,3",0:-;1:6;2:9;3:4|9;4:2|7;5:2|7|8;6:-;7:2|6;8:3|8;9:-,0:-;1:6;2:-;3:9;4:7;5:7;6:-;7:6;8:8;9:-,1@9=1;3@2=1;4@9=1;4@2=1;5@9=1;5@0=1;5@6=1;7@4=1;8@4=1;8@1=1;8@7=1,"9,2,0,6,4,1,7",11,11,11,0,1.0,0.4307692307692308,0.5384615384615384,0.0,0.0,0.0,0.0,0.9389650821685791,Optimal
553,552,10,4,6,"ADD:0,2;ADD:5,1;ADD:7,5;ADD:8,7;REMOVE:1,6;REMOVE:3,9;REMOVE:4,7;REMOVE:5,7;REMOVE:7,6;REMOVE:8,8",0:-;1:6;2:-;3:9;4:7;5:7;6:-;7:6;8:8;9:-,0:2;1:-;2:-;3:-;4:-;5:1;6:-;7:5;8:7;9:-,0@2=1;5@3=1;5@7=1;7@3=1;7@0=1;8@2=1;8@0=1;8@4=1;8@6=1;8@9=1,"2,3,7,0,4,6,9",10,10,10,0,1.0,0.40954601160622883,1.0,0.011932514507786075,0.0,0.0,0.4,1.5282771587371826,Optimal
554,553,7,3,4,"ADD:3,3;ADD:5,3;ADD:7,6;REMOVE:0,2;REMOVE:5,1;REMOVE:7,5;REMOVE:8,7",0:2;1:-;2:-;3:-;4:-;5:1;6:-;7:5;8:7;9:-,0:-;1:-;2:-;3:3;4:-;5:3;6:-;7:6;8:-;9:-,3@3=1;5@3=1;7@6=1,"3,6",3,3,3,0,1.0,0.589189453228526,1.0,0.10492767586424918,0.0,0.02623656268563332,0.30000000000000004,0.40111279487609863,Optimal
555,554,9,6,3,"ADD:4,8;ADD:5,4;ADD:5,8;ADD:7,2;ADD:8,3;ADD:8,8;REMOVE:3,3;REMOVE:5,3;REMOVE:7,6",0:-;1:-;2:-;3:3;4:-;5:3;6:-;7:6;8:-;9:-,0:-;1:-;2:-;3:-;4:8;5:4|8;6:-;7:2;8:3|8;9:-,4@8=1;5@8=1;5@4=1;7@2=1;8@8=1;8@2=2;8@1=1;8@5=2;8@7=1,"8,4,2,1,5,7",11,9,9,0,1.0,0.23746377954222686,1.0,0.04290438189552707,0.0,0.015701370129025845,0.6,4.286946058273315,Optimal
556,555,18,12,6,"ADD:2,2;ADD:3,4;ADD:4,0;ADD:4,6;ADD:5,2;ADD:5,7;ADD:7,0;ADD:7,4;ADD:7,6;ADD:8,1;ADD:8,4;ADD:8,5;REMOVE:4,8;REMOVE:5,4;REMOVE:5,8;REMOVE:7,2;REMOVE:8,3;REMOVE:8,8",0:-;1:-;2:-;3:-;4:8;5:4|8;6:-;7:2;8:3|8;9:-,0:-;1:-;2:2;3:4;4:0|6;5:2|7;6:-;7:0|4|6;8:1|4|5;9:-,2@2=1;3@4=1;4@0=1;4@6=1;5@4=2;5@0=1;7@2=2;7@4=1;7@0=1;7@6=1;8@4=2;8@6=1;8@1=2;8@5=2;8@7=1,"2,4,0,6,1,5,7",20,15,15,0,1.0,-0.3410256344091782,1.0,0.06370713101976685,0.0,0.04004330387504146,1.2,5.216145038604736,Optimal
557,556,13,7,6,"ADD:1,0;ADD:1,1;ADD:1,9;ADD:3,8;ADD:4,2;ADD:5,0;ADD:7,3;REMOVE:2,2;REMOVE:4,0;REMOVE:5,2;REMOVE:5,7;REMOVE:7,0;REMOVE:7,4",0:-;1:-;2:2;3:4;4:0|6;5:2|7;6:-;7:0|4|6;8:1|4|5;9:-,0:-;1:0|1|9;2:-;3:4|8;4:2|6;5:0;6:-;7:3|6;8:1|4|5;9:-,1@0=1;1@1=1;1@2=1;1@9=1;3@4=2;3@8=1;4@2=1;4@4=1;5@0=1;7@1=1;7@3=1;8@1=2;8@2=1;8@4=2;8@8=2,"0,1,2,9,4,8,3",19,15,15,0,1.0,-0.205512522969923,0.5,0.06599887284952623,0.16666666666666666,0.041775227085612945,0.7,10.447813987731934,Optimal
558,557,10,3,7,"ADD:1,6;ADD:3,7;ADD:5,3;REMOVE:1,0;REMOVE:1,1;REMOVE:1,9;REMOVE:3,4;REMOVE:3,8;REMOVE:5,0;REMOVE:7,6",0:-;1:0|1|9;2:-;3:4|8;4:2|6;5:0;6:-;7:3|6;8:1|4|5;9:-,0:-;1:6;2:-;3:7;4:2|6;5:3;6:-;7:3;8:1|4|5;9:-,1@6=1;3@7=1;4@2=1;4@8=1;5@3=1;7@3=1;8@2=2;8@3=2;8@1=1;8@4=1;8@5=1,"6,7,2,8,3,1,4,5",13,11,11,0,1.0,0.19126933440192107,0.5384615384615384,0.06290638380447146,0.0,0.05087498294556611,0.30000000000000004,7.152885913848877,Optimal
559,558,12,4,8,"ADD:1,9;ADD:4,4;ADD:6,5;ADD:8,8;REMOVE:1,6;REMOVE:3,7;REMOVE:4,6;REMOVE:5,3;REMOVE:7,3;REMOVE:8,1;REMOVE:8,4;REMOVE:8,5",0:-;1:6;2:-;3:7;4:2|6;5:3;6:-;7:3;8:1|4|5;9:-,0:-;1:9;2:-;3:-;4:2|4;5:-;6:5;7:-;8:8;9:-,1@9=1;4@2=1;4@4=2;6@5=1;8@8=1,"9,2,4,5,8",6,5,5,0,1.0,0.4091106805067738,0.8888888888888888,0.10653919386409615,0.0,0.06384107152192875,0.4,1.8973610401153564,Optimal
560,559,12,7,5,"ADD:0,7;ADD:3,7;ADD:4,7;ADD:5,2;ADD:6,7;ADD:7,2;ADD:8,4;REMOVE:1,9;REMOVE:4,2;REMOVE:4,4;REMOVE:6,5;REMOVE:8,8",0:-;1:9;2:-;3:-;4:2|4;5:-;6:5;7:-;8:8;9:-,0:7;1:-;2:-;3:7;4:7;5:2;6:7;7:2;8:4;9:-,0@1=1;0@4=1;0@6=1;0@9=1;3@1=1;3@9=1;3@0=1;4@1=1;4@4=2;4@3=1;5@2=1;6@1=2;6@4=1;6@0=1;7@2=1;8@8=1,"1,4,6,9,0,3,2,8",18,16,16,0,1.0,0.10902185566573952,1.0,0.011277319582174306,0.0,0.0,0.7,2.4039642810821533,Optimal
561,560,17,10,7,"ADD:0,2;ADD:0,6;ADD:3,1;ADD:3,9;ADD:5,5;ADD:5,9;ADD:7,3;ADD:7,8;ADD:8,2;ADD:8,8;REMOVE:0,7;REMOVE:3,7;REMOVE:4,7;REMOVE:5,2;REMOVE:6,7;REMOVE:7,2;REMOVE:8,4",0:7;1:-;2:-;3:7;4:7;5:2;6:7;7:2;8:4;9:-,0:2|6;1:-;2:-;3:1|9;4:-;5:5|9;6:-;7:3|8;8:2|8;9:-,0@2=2;0@4=2;0@6=1;3@1=1;3@9=1;5@9=1;5@5=1;7@2=1;7@1=1;7@5=1;8@2=2;8@4=1;8@5=1,"2,4,6,1,9,5",16,13,13,0,1.0,-0.15043762553716022,1.0,0.054807756170626956,0.0,0.028580847631690047,0.9999999999999999,7.703487873077393,Optimal
562,561,12,5,7,"ADD:0,7;ADD:0,8;ADD:1,6;ADD:4,9;ADD:7,1;REMOVE:0,2;REMOVE:0,6;REMOVE:3,1;REMOVE:3,9;REMOVE:5,5;REMOVE:7,3;REMOVE:7,8",0:2|6;1:-;2:-;3:1|9;4:-;5:5|9;6:-;7:3|8;8:2|8;9:-,0:7|8;1:6;2:-;3:-;4:9;5:9;6:-;7:1;8:2|8;9:-,0@1=1;0@2=1;0@4=1;0@6=1;0@8=2;1@6=1;4@9=2;5@9=1;7@1=1;8@4=2;8@5=1;8@7=1,"1,2,4,6,8,9,5,7",15,12,12,0,1.0,0.10386994686545648,0.7,0.04775773433020212,0.0,0.028318797006474328,0.5,4.532519817352295,Optimal
563,562,10,6,4,"ADD:3,7;ADD:4,4;ADD:5,1;ADD:5,4;ADD:6,1;ADD:8,3;REMOVE:1,6;REMOVE:5,9;REMOVE:7,1;REMOVE:8,2",0:7|8;1:6;2:-;3:-;4:9;5:9;6:-;7:1;8:2|8;9:-,0:7|8;1:-;2:-;3:7;4:4|9;5:1|4;6:1;7:-;8:3|8;9:-,0@1=1;0@2=1;0@4=2;0@7=1;0@8=3;3@7=1;4@2=1;4@4=1;5@1=1;5@4=1;6@1=1;8@1=1;8@2=1;8@8=1;8@5=1,"1,2,4,7,8,5",18,15,15,0,1.0,-0.12633136881699158,0.5,0.053561292395581106,0.125,0.02909798633271777,0.6,4.306096076965332,Optimal
564,563,14,8,6,"ADD:0,5;ADD:0,6;ADD:1,1;ADD:4,5;ADD:5,5;ADD:5,9;ADD:7,4;ADD:8,2;REMOVE:0,8;REMOVE:3,7;REMOVE:5,1;REMOVE:5,4;REMOVE:6,1;REMOVE:8,8",0:7|8;1:-;2:-;3:7;4:4|9;5:1|4;6:1;7:-;8:3|8;9:-,0:5|6|7;1:1;2:-;3:-;4:4|5|9;5:5|9;6:-;7:4;8:2|3;9:-,0@0=1;0@1=1;0@4=1;0@5=1;0@6=1;0@9=1;1@1=1;4@4=1;4@5=1;4@9=1;5@5=1;5@9=1;7@4=1;8@9=1;8@2=2,"0,1,4,5,6,9,2",16,15,15,0,1.0,-0.23256615935446323,0.6,0.07206883415863338,0.1,0.04889386659315016,0.7999999999999999,9.495668888092041,Optimal
565,564,15,8,7,"ADD:3,0;ADD:3,4;ADD:4,3;ADD:5,7;ADD:5,8;ADD:6,4;ADD:7,5;ADD:8,6;REMOVE:1,1;REMOVE:4,5;REMOVE:4,9;REMOVE:5,5;REMOVE:5,9;REMOVE:7,4;REMOVE:8,2",0:5|6|7;1:1;2:-;3:-;4:4|5|9;5:5|9;6:-;7:4;8:2|3;9:-,0:5|6|7;1:-;2:-;3:0|4;4:3|4;5:7|8;6:4;7:5;8:3|6;9:-,0@0=2;0@2=1;0@3=2;0@4=2;0@5=2;3@0=1;3@4=1;4@3=1;4@4=1;5@4=1;5@7=1;5@8=1;6@4=1;7@5=1;8@7=1;8@6=1;8@9=1,"0,2,3,4,5,7,8,6,9",21,17,17,0,1.0,-0.2831095363217815,0.5833333333333334,0.051797619568390706,0.0,0.043928506784195895,0.7999999999999999,8.27527403831482,Optimal
566,565,18,10,8,"ADD:0,8;ADD:1,5;ADD:1,8;ADD:1,9;ADD:3,3;ADD:4,9;ADD:5,2;ADD:7,0;ADD:7,6;ADD:8,2;REMOVE:0,5;REMOVE:0,6;REMOVE:3,0;REMOVE:3,4;REMOVE:4,3;REMOVE:6,4;REMOVE:7,5;REMOVE:8,3",0:5|6|7;1:-;2:-;3:0|4;4:3|4;5:7|8;6:4;7:5;8:3|6;9:-,0:7|8;1:5|8|9;2:-;3:3;4:4|9;5:2|7|8;6:-;7:0|6;8:2|6;9:-,0@1=1;0@2=2;0@4=1;0@8=1;1@8=1;1@5=1;1@9=1;3@3=1;4@4=2;4@9=1;5@1=1;5@2=2;5@4=1;5@8=1;5@9=1;5@6=2;7@6=1;7@0=1;8@8=1;8@9=1,"1,2,4,8,5,9,3,6,0",24,20,20,0,1.0,-0.44043818724207084,0.6153846153846154,0.05518919932910991,0.07692307692307693,0.03859072801166669,0.9999999999999999,11.736107110977173,Optimal
567,566,16,6,10,"ADD:0,2;ADD:2,1;ADD:2,2;ADD:3,4;ADD:7,9;ADD:8,5;REMOVE:1,5;REMOVE:1,8;REMOVE:1,9;REMOVE:3,3;REMOVE:4,9;REMOVE:5,2;REMOVE:5,7;REMOVE:5,8;REMOVE:7,0;REMOVE:7,6",0:7|8;1:5|8|9;2:-;3:3;4:4|9;5:2|7|8;6:-;7:0|6;8:2|6;9:-,0:2|7|8;1:-;2:1|2;3:4;4:4;5:-;6:-;7:9;8:2|5|6;9:-,0@0=1;0@1=1;0@2=2;0@4=1;0@6=1;0@9=1;2@1=1;2@2=1;2@8=1;3@4=1;4@4=1;7@9=1;8@2=3;8@6=1;8@5=1,"0,1,2,4,6,9,8,5",18,15,15,0,1.0,0.006129976748149968,0.6666666666666666,0.06701704758602806,0.06666666666666667,0.02924836006330462,0.6,5.426015138626099,Optimal
568,567,10,4,6,"ADD:1,2;ADD:1,5;ADD:4,3;ADD:4,6;REMOVE:0,7;REMOVE:2,1;REMOVE:2,2;REMOVE:3,4;REMOVE:7,9;REMOVE:8,5",0:2|7|8;1:-;2:1|2;3:4;4:4;5:-;6:-;7:9;8:2|5|6;9:-,0:2|8;1:2|5;2:-;3:-;4:3|4|6;5:-;6:-;7:-;8:2|6;9:-,0@4=1;0@5=1;1@5=1;1@2=1;4@4=1;4@3=1;4@6=1;4@7=1;8@6=1;8@9=1,"4,5,2,3,6,7,9",10,10,10,0,1.0,0.1115139078713846,0.5454545454545454,0.06189504815867764,0.09090909090909091,0.03726207399493969,0.4,6.42532205581665,Optimal
569,568,11,4,7,"ADD:0,1;ADD:6,6;ADD:7,8;ADD:8,7;REMOVE:0,2;REMOVE:1,2;REMOVE:1,5;REMOVE:4,3;REMOVE:4,4;REMOVE:4,6;REMOVE:8,6",0:2|8;1:2|5;2:-;3:-;4:3|4|6;5:-;6:-;7:-;8:2|6;9:-,0:1|8;1:-;2:-;3:-;4:-;5:-;6:6;7:8;8:2|7;9:-,0@1=1;0@7=2;6@6=1;7@8=1;8@0=1;8@2=1;8@4=1,"1,7,6,8,0,2,4",8,7,7,0,1.0,0.28840430166764,0.7777777777777778,0.050240582759884765,0.1111111111111111,0.01883695507643845,0.4,3.472954750061035,Optimal
570,569,18,12,6,"ADD:0,3;ADD:0,7;ADD:3,1;ADD:3,5;ADD:3,6;ADD:4,1;ADD:4,3;ADD:4,4;ADD:5,1;ADD:7,2;ADD:8,4;ADD:8,9;REMOVE:0,1;REMOVE:0,8;REMOVE:6,6;REMOVE:7,8;REMOVE:8,2;REMOVE:8,7",0:1|8;1:-;2:-;3:-;4:-;5:-;6:6;7:8;8:2|7;9:-,0:3|7;1:-;2:-;3:1|5|6;4:1|3|4;5:1;6:-;7:2;8:4|9;9:-,0@1=3;0@2=1;0@3=1;0@7=1;3@1=1;3@5=1;3@6=1;4@1=1;4@2=1;4@3=1;4@4=1;5@1=1;7@2=2;8@2=1;8@6=1;8@4=3,"1,2,3,7,5,6,4",21,16,16,0,1.0,-0.33832504639577,1.0,0.06650793082718488,0.0,0.04234304471240955,1.2,5.5189361572265625,Optimal
571,570,17,11,6,"ADD:0,8;ADD:1,2;ADD:1,7;ADD:2,1;ADD:2,2;ADD:3,0;ADD:5,0;ADD:5,8;ADD:6,8;ADD:8,0;ADD:8,1;REMOVE:3,1;REMOVE:3,5;REMOVE:3,6;REMOVE:4,1;REMOVE:7,2;REMOVE:8,9",0:3|7;1:-;2:-;3:1|5|6;4:1|3|4;5:1;6:-;7:2;8:4|9;9:-,0:3|7|8;1:2|7;2:1|2;3:0;4:3|4;5:0|1|8;6:8;7:-;8:0|1|4;9:-,0@1=2;0@2=1;0@3=1;0@4=2;0@5=1;0@8=2;1@2=1;1@7=1;2@1=1;2@2=1;2@8=2;3@0=1;4@3=1;4@7=1;5@1=2;5@2=1;5@8=2;5@7=1;5@0=1;6@8=1;8@1=3;8@8=1;8@0=1;8@6=1,"1,2,3,4,5,8,7,0,6",32,24,24,0,1.0,-0.6163795650306545,0.5,0.054009238987028495,0.16666666666666666,0.03539855223194591,1.0999999999999999,12.537381887435913,Optimal
572,571,12,5,7,"ADD:2,7;ADD:3,3;ADD:7,1;ADD:7,4;ADD:8,2;REMOVE:3,0;REMOVE:5,0;REMOVE:5,1;REMOVE:5,8;REMOVE:6,8;REMOVE:8,0;REMOVE:8,4",0:3|7|8;1:2|7;2:1|2;3:0;4:3|4;5:0|1|8;6:8;7:-;8:0|1|4;9:-,0:3|7|8;1:2|7;2:1|2|7;3:3;4:3|4;5:-;6:-;7:1|4;8:1|2;9:-,0@1=1;0@4=2;0@5=1;1@4=1;1@3=1;2@1=2;2@4=1;2@3=1;2@0=1;2@2=1;2@6=1;3@3=1;4@7=1;7@1=1;7@4=1;8@1=1;8@2=1;8@9=1,"1,4,5,3,0,2,6,7,9",20,18,18,0,1.0,-0.09556022987335289,0.4117647058823529,0.04052654916089675,0.1764705882352941,0.03656324222494254,0.5,7.2874062061309814,Optimal
573,572,15,7,8,"ADD:0,0;ADD:2,8;ADD:3,1;ADD:4,5;ADD:5,7;ADD:5,9;ADD:7,9;REMOVE:0,3;REMOVE:0,7;REMOVE:0,8;REMOVE:1,7;REMOVE:2,1;REMOVE:3,3;REMOVE:4,3;REMOVE:7,4",0:3|7|8;1:2|7;2:1|2|7;3:3;4:3|4;5:-;6:-;7:1|4;8:1|2;9:-,0:0;1:2;2:2|7|8;3:1;4:4|5;5:7|9;6:-;7:1|9;8:1|2;9:-,0@0=1;1@2=1;2@2=1;2@1=1;2@5=1;2@6=1;3@1=2;4@5=1;4@8=1;5@7=1;5@9=1;7@1=1;7@9=1;8@1=1;8@9=1;8@3=1,"0,2,1,5,6,8,7,9,3",17,16,16,0,1.0,-0.17636988837905054,0.5333333333333333,0.0633140976976163,0.2,0.03156083398094806,0.7,7.022036075592041,Optimal
574,573,15,3,12,"ADD:0,9;ADD:4,1;ADD:8,8;REMOVE:0,0;REMOVE:1,2;REMOVE:2,2;REMOVE:2,7;REMOVE:3,1;REMOVE:4,4;REMOVE:4,5;REMOVE:5,7;REMOVE:5,9;REMOVE:7,1;REMOVE:8,1;REMOVE:8,2",0:0;1:2;2:2|7|8;3:1;4:4|5;5:7|9;6:-;7:1|9;8:1|2;9:-,0:9;1:-;2:8;3:-;4:1;5:-;6:-;7:9;8:8;9:-,0@2=1;0@3=1;2@1=3;2@4=2;4@1=1;7@3=1;8@1=1;8@5=1;8@7=1,"2,3,1,4,5,7",12,9,9,0,1.0,0.39278952555059266,0.8571428571428571,0.008844049795383628,0.0,0.0,0.30000000000000004,1.901092767715454,Optimal
575,574,10,6,4,"ADD:0,1;ADD:0,4;ADD:2,3;ADD:2,6;ADD:6,1;ADD:8,4;REMOVE:0,9;REMOVE:2,8;REMOVE:7,9;REMOVE:8,8",0:9;1:-;2:8;3:-;4:1;5:-;6:-;7:9;8:8;9:-,0:1|4;1:-;2:3|6;3:-;4:1;5:-;6:1;7:-;8:4;9:-,0@1=1;0@4=1;2@1=1;2@3=1;2@6=1;4@1=1;6@1=1;8@4=1,"1,4,3,6",8,8,8,0,1.0,0.11616460745448975,0.8,0.08487862271789917,0.0,0.04130854640085163,0.6,3.2375078201293945,Optimal
576,575,12,5,7,"ADD:3,2;ADD:3,8;ADD:4,4;ADD:5,0;ADD:7,6;REMOVE:0,1;REMOVE:0,4;REMOVE:2,3;REMOVE:2,6;REMOVE:4,1;REMOVE:6,1;REMOVE:8,4",0:1|4;1:-;2:3|6;3:-;4:1;5:-;6:1;7:-;8:4;9:-,0:-;1:-;2:-;3:2|8;4:4;5:0;6:-;7:6;8:-;9:-,3@2=2;3@8=1;4@4=1;5@0=1;7@6=1,"2,8,4,0,6",6,5,5,0,1.0,0.3913329680523925,1.0,0.10006655852570279,0.0,0.05639860615915118,0.5,2.0710229873657227,Optimal
577,576,20,15,5,"ADD:0,2;ADD:0,7;ADD:0,8;ADD:2,2;ADD:2,5;ADD:2,6;ADD:4,0;ADD:4,6;ADD:4,9;ADD:6,0;ADD:6,5;ADD:7,2;ADD:7,3;ADD:8,2;ADD:8,7;REMOVE:3,2;REMOVE:3,8;REMOVE:4,4;REMOVE:5,0;REMOVE:7,6",0:-;1:-;2:-;3:2|8;4:4;5:0;6:-;7:6;8:-;9:-,0:2|7|8;1:-;2:2|5|6;3:-;4:0|6|9;5:-;6:0|5;7:2|3;8:2|7;9:-,0@0=1;0@1=2;0@3=1;0@4=2;0@5=1;0@8=1;0@9=1;2@5=1;2@2=2;2@6=1;4@0=1;4@9=1;4@2=1;4@6=1;6@0=1;6@5=1;7@3=1;7@2=1;8@0=1;8@3=1;8@4=1,"0,1,3,4,5,8,9,2,6",24,21,21,0,1.0,-0.652768578525817,1.0,0.050115978643633576,0.0,0.035693192796381105,1.5000000000000002,11.144278764724731,Optimal
578,577,16,10,6,"ADD:2,7;ADD:3,5;ADD:3,7;ADD:3,8;ADD:4,2;ADD:5,1;ADD:5,2;ADD:6,1;ADD:7,6;ADD:8,5;REMOVE:2,2;REMOVE:4,0;REMOVE:4,9;REMOVE:6,0;REMOVE:6,5;REMOVE:7,3",0:2|7|8;1:-;2:2|5|6;3:-;4:0|6|9;5:-;6:0|5;7:2|3;8:2|7;9:-,0:2|7|8;1:-;2:5|6|7;3:5|7|8;4:2|6;5:1|2;6:1;7:2|6;8:2|5|7;9:-,0@0=1;0@1=1;0@2=1;0@3=2;0@4=2;0@5=1;0@6=2;0@9=2;2@0=1;2@1=2;2@2=2;2@4=2;3@0=1;3@1=1;3@4=1;3@5=1;4@2=1;4@4=1;4@8=1;5@1=2;5@2=1;5@3=1;6@1=1;7@4=2;7@6=1;8@2=2;8@4=1;8@5=1;8@9=1,"0,1,2,3,4,5,6,9,8",39,29,29,0,1.0,-0.6285349582806534,0.4,0.02748419290304948,0.13333333333333333,0.014055103651200829,0.9999999999999999,10.386693954467773,Optimal
579,578,11,4,7,"ADD:4,8;ADD:5,6;ADD:6,2;ADD:6,6;REMOVE:3,8;REMOVE:4,2;REMOVE:5,1;REMOVE:6,1;REMOVE:7,2;REMOVE:7,6;REMOVE:8,5",0:2|7|8;1:-;2:5|6|7;3:5|7|8;4:2|6;5:1|2;6:1;7:2|6;8:2|5|7;9:-,0:2|7|8;1:-;2:5|6|7;3:5|7;4:6|8;5:2|6;6:2|6;7:-;8:2|7;9:-,0@0=1;0@1=1;0@3=1;0@4=1;0@5=1;0@8=1;2@0=1;2@4=1;2@8=1;3@3=1;3@2=1;3@7=1;4@1=1;4@4=3;5@4=1;5@9=1;6@4=1;6@2=1;6@6=1;8@8=1;8@7=1,"0,1,3,4,5,8,2,7,9,6",23,21,21,0,1.0,-0.06534494416072706,0.3684210526315789,0.020857592182734908,0.10526315789473684,0.010897542044372464,0.4,5.785175085067749,Optimal
580,579,16,6,10,"ADD:5,0;ADD:5,1;ADD:6,5;ADD:7,4;ADD:7,5;ADD:8,5;REMOVE:3,5;REMOVE:3,7;REMOVE:4,6;REMOVE:4,8;REMOVE:5,2;REMOVE:5,6;REMOVE:6,2;REMOVE:6,6;REMOVE:8,2;REMOVE:8,7",0:2|7|8;1:-;2:5|6|7;3:5|7;4:6|8;5:2|6;6:2|6;7:-;8:2|7;9:-,0:2|7|8;1:-;2:5|6|7;3:-;4:-;5:0|1;6:5;7:4|5;8:5;9:-,0@0=1;0@1=1;0@2=2;0@4=1;2@0=2;2@1=1;2@2=1;2@4=1;2@5=1;2@6=1;2@7=1;2@8=1;5@0=1;5@1=1;6@5=1;7@4=1;7@5=1;8@5=1,"0,1,2,4,5,6,7,8",20,18,18,0,1.0,-0.04439125691386947,0.625,0.05756120186180936,0.0,0.04779890798341507,0.6,4.263671875,Optimal
581,580,15,7,8,"ADD:1,1;ADD:1,2;ADD:3,5;ADD:4,1;ADD:5,4;ADD:8,7;ADD:8,8;REMOVE:2,5;REMOVE:2,6;REMOVE:2,7;REMOVE:5,0;REMOVE:6,5;REMOVE:7,4;REMOVE:7,5;REMOVE:8,5",0:2|7|8;1:-;2:5|6|7;3:-;4:-;5:0|1;6:5;7:4|5;8:5;9:-,0:2|7|8;1:1|2;2:-;3:5;4:1;5:1|4;6:-;7:-;8:7|8;9:-,0@2=2;0@3=1;0@5=2;0@6=1;0@8=1;1@2=1;1@1=1;3@5=1;4@1=1;5@6=1;5@1=1;5@4=2;8@2=1;8@6=1;8@8=3;8@1=2;8@4=1,"2,3,5,6,8,1,4",23,17,17,0,1.0,-0.11372788174327642,0.6666666666666666,0.05721319773698922,0.0,0.03584113366899482,0.7,6.832504987716675,Optimal
582,581,17,6,11,"ADD:0,4;ADD:2,1;ADD:3,4;ADD:4,7;ADD:5,2;ADD:8,4;REMOVE:0,2;REMOVE:0,7;REMOVE:0,8;REMOVE:1,1;REMOVE:1,2;REMOVE:3,5;REMOVE:4,1;REMOVE:5,1;REMOVE:5,4;REMOVE:8,7;REMOVE:8,8",0:2|7|8;1:1|2;2:-;3:5;4:1;5:1|4;6:-;7:-;8:7|8;9:-,0:4;1:-;2:1;3:4;4:7;5:2;6:-;7:-;8:4;9:-,0@4=1;2@1=1;3@4=1;4@7=1;5@2=1;8@4=1,"4,1,7,2",6,6,6,0,1.0,0.29494980950550465,1.0,0.10773387731721508,0.0,0.04381353825866231,0.6,2.0388119220733643,Optimal
583,582,10,5,5,"ADD:0,9;ADD:4,8;ADD:5,0;ADD:8,7;ADD:8,9;REMOVE:0,4;REMOVE:2,1;REMOVE:3,4;REMOVE:5,2;REMOVE:8,4",0:4;1:-;2:1;3:4;4:7;5:2;6:-;7:-;8:4;9:-,0:9;1:-;2:-;3:-;4:7|8;5:0;6:-;7:-;8:7|9;9:-,0@9=1;4@1=1;4@2=1;4@4=2;5@0=1;8@1=1;8@2=2;8@6=1,"9,1,2,4,0,6",10,8,8,0,1.0,0.18857966137820725,0.8333333333333334,0.022884730640949598,0.0,0.01802605099390374,0.5,5.624664068222046,Optimal
584,583,17,12,5,"ADD:0,1;ADD:0,4;ADD:0,5;ADD:3,4;ADD:4,1;ADD:4,2;ADD:5,4;ADD:5,9;ADD:6,6;ADD:7,2;ADD:7,9;ADD:8,2;REMOVE:0,9;REMOVE:4,7;REMOVE:4,8;REMOVE:5,0;REMOVE:8,9",0:9;1:-;2:-;3:-;4:7|8;5:0;6:-;7:-;8:7|9;9:-,0:1|4|5;1:-;2:-;3:4;4:1|2;5:4|9;6:6;7:2|9;8:2|7;9:-,0@1=1;0@2=1;0@4=1;0@5=1;0@6=1;3@4=1;4@1=1;4@2=1;4@3=1;5@2=1;5@4=1;5@6=2;5@9=2;6@6=1;7@2=2;7@3=1;7@9=1;8@9=1;8@0=1;8@8=1,"1,2,4,5,6,3,9,0,8",23,20,20,0,1.0,-0.47937119894675195,0.8333333333333334,0.05716860008219742,0.0,0.04113627160411716,1.2,7.886783123016357,Optimal
585,584,12,8,4,"ADD:0,2;ADD:3,0;ADD:3,1;ADD:4,8;ADD:6,5;ADD:6,7;ADD:7,8;ADD:8,5;REMOVE:0,4;REMOVE:0,5;REMOVE:5,4;REMOVE:7,2",0:1|4|5;1:-;2:-;3:4;4:1|2;5:4|9;6:6;7:2|9;8:2|7;9:-,0:1|2;1:-;2:-;3:0|1|4;4:1|2|8;5:9;6:5|6|7;7:8|9;8:2|5|7;9:-,0@1=1;0@2=1;3@1=1;3@2=1;3@0=1;3@4=2;4@1=2;4@4=2;4@3=1;4@5=1;4@6=2;4@7=1;5@9=1;6@1=1;6@2=1;6@4=2;6@5=3;6@9=1;7@9=1;7@8=2;8@2=2;8@0=1;8@4=1;8@5=1,"1,2,0,4,3,5,6,7,9,8",33,24,24,0,1.0,-0.48745828245444917,0.3076923076923077,0.0533844654888397,0.07692307692307693,0.04147841808008736,0.7999999999999999,14.759861946105957,Optimal
586,585,13,5,8,"ADD:1,5;ADD:2,3;ADD:3,3;ADD:5,2;ADD:5,6;REMOVE:0,1;REMOVE:0,2;REMOVE:3,4;REMOVE:5,9;REMOVE:7,8;REMOVE:7,9;REMOVE:8,2;REMOVE:8,5",0:1|2;1:-;2:-;3:0|1|4;4:1|2|8;5:9;6:5|6|7;7:8|9;8:2|5|7;9:-,0:-;1:5;2:3;3:0|1|3;4:1|2|8;5:2|6;6:5|6|7;7:-;8:7;9:-,1@5=1;2@3=1;3@5=1;3@3=1;3@9=1;4@1=1;4@4=2;4@6=1;4@8=2;5@9=1;5@4=1;5@6=1;5@8=1;5@2=1;6@3=1;6@4=1;6@6=3;6@8=1;6@2=2;6@0=1;8@7=1,"5,3,9,1,4,6,8,2,0,7",26,21,21,0,1.0,-0.03470381805463407,0.47058823529411764,0.04708999746884618,0.23529411764705882,0.020473861027914975,0.5,8.945329904556274,Optimal
587,586,14,6,8,"ADD:3,4;ADD:5,7;ADD:6,8;ADD:7,6;ADD:7,9;ADD:8,4;REMOVE:1,5;REMOVE:2,3;REMOVE:3,0;REMOVE:3,1;REMOVE:3,3;REMOVE:5,6;REMOVE:6,5;REMOVE:6,6",0:-;1:5;2:3;3:0|1|3;4:1|2|8;5:2|6;6:5|6|7;7:-;8:7;9:-,0:-;1:-;2:-;3:4;4:1|2|8;5:2|7;6:7|8;7:6|9;8:4|7;9:-,3@4=1;4@4=1;4@1=1;4@2=4;4@3=1;4@6=1;5@4=1;5@2=2;5@0=1;6@4=1;6@1=2;6@2=1;6@7=1;6@8=1;7@6=1;7@9=1;8@4=1;8@2=2,"4,1,2,3,6,0,7,8,9",24,18,18,0,1.0,-0.07918964283991481,0.5714285714285714,0.05134472051338737,0.07142857142857142,0.04153004660401953,0.6,5.742046117782593,Optimal
588,587,9,5,4,"ADD:3,9;ADD:5,4;ADD:6,2;ADD:7,7;ADD:8,1;REMOVE:5,2;REMOVE:5,7;REMOVE:8,4;REMOVE:8,7",0:-;1:-;2:-;3:4;4:1|2|8;5:2|7;6:7|8;7:6|9;8:4|7;9:-,0:-;1:-;2:-;3:4|9;4:1|2|8;5:4;6:2|7|8;7:6|7|9;8:1;9:-,3@4=2;3@9=1;4@9=1;4@1=1;4@2=2;4@3=1;4@5=1;5@4=2;6@4=1;6@9=1;6@1=1;6@2=3;6@6=1;6@7=1;7@4=1;7@9=1;7@1=1;7@3=1;7@7=1;8@1=1,"4,9,1,2,3,5,6,7",25,20,20,0,1.0,-0.1582850826228489,0.3333333333333333,0.060634217622624685,0.08333333333333333,0.04937104972859013,0.5,8.656877040863037,Optimal
589,588,13,4,9,"ADD:2,6;ADD:4,7;ADD:5,9;ADD:8,6;REMOVE:3,9;REMOVE:4,1;REMOVE:4,8;REMOVE:6,2;REMOVE:6,7;REMOVE:7,6;REMOVE:7,7;REMOVE:7,9;REMOVE:8,1",0:-;1:-;2:-;3:4|9;4:1|2|8;5:4;6:2|7|8;7:6|7|9;8:1;9:-,0:-;1:-;2:6;3:4;4:2|7;5:4|9;6:8;7:-;8:6;9:-,2@6=1;3@4=1;4@4=2;4@0=2;4@2=1;4@3=1;4@8=1;5@4=1;5@9=1;6@8=1;8@6=1,"6,4,0,2,3,8,9",13,11,11,0,1.0,0.20722822913707972,0.6923076923076923,0.05596008068405655,0.0,0.04307005371840336,0.4,3.902055025100708,Optimal
590,589,13,7,6,"ADD:1,1;ADD:4,9;ADD:5,2;ADD:6,4;ADD:7,4;ADD:7,7;ADD:8,4;REMOVE:2,6;REMOVE:3,4;REMOVE:4,2;REMOVE:4,7;REMOVE:5,4;REMOVE:8,6",0:-;1:-;2:6;3:4;4:2|7;5:4|9;6:8;7:-;8:6;9:-,0:-;1:1;2:-;3:-;4:9;5:2|9;6:4|8;7:4|7;8:4;9:-,1@1=1;4@9=1;5@9=1;5@2=1;6@2=1;6@4=1;6@8=1;7@4=1;7@7=1;8@4=1,"1,9,2,4,8,7",10,10,10,0,1.0,0.00891438142678913,0.75,0.09341098339698142,0.125,0.04592797354601953,0.7,4.560020923614502,Optimal
591,590,14,10,4,"ADD:3,3;ADD:3,5;ADD:3,6;ADD:4,2;ADD:4,7;ADD:5,0;ADD:5,1;ADD:7,2;ADD:8,1;ADD:8,2;REMOVE:1,1;REMOVE:5,2;REMOVE:6,4;REMOVE:7,4",0:-;1:1;2:-;3:-;4:9;5:2|9;6:4|8;7:4|7;8:4;9:-,0:-;1:-;2:-;3:3|5|6;4:2|7|9;5:0|1|9;6:8;7:2|7;8:1|2|4;9:-,3@3=1;3@5=2;3@6=1;4@3=1;4@6=2;4@0=1;4@1=1;4@2=2;4@4=1;4@7=1;4@8=1;5@6=1;5@0=1;5@1=1;5@9=2;6@8=1;7@3=1;7@4=1;8@6=1;8@1=1;8@2=1;8@4=1;8@7=1;8@9=1,"3,5,6,0,1,2,4,7,8,9",28,24,24,0,1.0,-0.5519844211875358,0.4444444444444444,0.05191218281308276,0.2222222222222222,0.03242916280998987,0.9999999999999999,10.99608302116394,Optimal
592,591,8,6,2,"ADD:2,9;ADD:3,7;ADD:4,8;ADD:5,4;ADD:6,4;ADD:6,9;REMOVE:3,3;REMOVE:4,7",0:-;1:-;2:-;3:3|5|6;4:2|7|9;5:0|1|9;6:8;7:2|7;8:1|2|4;9:-,0:-;1:-;2:9;3:5|6|7;4:2|8|9;5:0|1|4|9;6:4|8|9;7:2|7;8:1|2|4;9:-,2@9=1;3@0=1;3@1=2;3@3=1;3@4=2;3@6=1;4@9=2;4@1=1;4@3=1;4@4=4;4@6=1;4@5=1;5@9=1;5@0=2;5@1=1;5@4=2;5@7=1;6@9=1;6@1=2;6@4=1;6@2=1;7@9=1;7@4=2;7@7=1;7@2=2;8@9=1;8@1=1;8@4=1;8@8=1,"9,0,1,3,4,6,5,7,2,8",40,29,29,0,1.0,-0.4039290240766088,0.13333333333333333,0.03981852552105748,0.26666666666666666,0.02108077753272576,0.6,11.06087613105774,Optimal
593,592,10,4,6,"ADD:2,6;ADD:2,7;ADD:5,8;ADD:7,4;REMOVE:2,9;REMOVE:5,4;REMOVE:5,9;REMOVE:6,4;REMOVE:6,8;REMOVE:6,9",0:-;1:-;2:9;3:5|6|7;4:2|8|9;5:0|1|4|9;6:4|8|9;7:2|7;8:1|2|4;9:-,0:-;1:-;2:6|7;3:5|6|7;4:2|8|9;5:0|1|8;6:-;7:2|4|7;8:1|2|4;9:-,2@1=1;2@4=1;2@6=1;2@7=2;3@1=1;3@6=1;3@7=1;3@0=1;3@2=2;4@4=1;4@6=1;4@7=1;4@2=2;4@8=1;5@6=1;5@2=1;5@8=1;5@5=1;7@4=2;7@6=1;7@0=1;7@2=2;7@8=1;7@3=1;7@9=1;8@6=1;8@2=2;8@3=1,"1,4,6,7,0,2,8,5,3,9",34,28,28,0,1.0,-0.0622966653369989,0.3157894736842105,0.04536942779496177,0.21052631578947367,0.033354751608842576,0.4,9.260689973831177,Optimal
594,593,6,1,5,"ADD:5,7;REMOVE:5,0;REMOVE:7,7;REMOVE:8,1;REMOVE:8,2;REMOVE:8,4",0:-;1:-;2:6|7;3:5|6|7;4:2|8|9;5:0|1|8;6:-;7:2|4|7;8:1|2|4;9:-,0:-;1:-;2:6|7;3:5|6|7;4:2|8|9;5:1|7|8;6:-;7:2|4;8:-;9:-,2@9=1;3@1=1;3@2=2;3@4=2;4@9=1;4@2=1;4@5=1;5@4=2;5@3=1;5@6=2;7@2=3;7@4=1,"9,1,2,4,5,3,6",18,12,12,0,1.0,0.19789747335664185,0.29411764705882354,0.030490271680556826,0.1764705882352941,0.014585103590393445,0.1,6.5245201587677,Optimal
595,594,14,8,6,"ADD:0,0;ADD:2,9;ADD:3,0;ADD:5,5;ADD:7,3;ADD:8,0;ADD:8,1;ADD:8,4;REMOVE:2,6;REMOVE:3,5;REMOVE:3,6;REMOVE:3,7;REMOVE:5,1;REMOVE:5,8",0:-;1:-;2:6|7;3:5|6|7;4:2|8|9;5:1|7|8;6:-;7:2|4;8:-;9:-,0:0;1:-;2:7|9;3:0;4:2|8|9;5:5|7;6:-;7:2|3|4;8:0|1|4;9:-,0@0=1;2@1=1;2@2=1;2@9=1;3@0=1;4@2=2;4@3=1;4@4=1;4@5=1;5@0=2;5@2=1;5@8=1;7@2=1;7@9=1;7@3=1;7@4=2;7@5=1;8@0=1;8@1=1;8@4=3,"0,1,2,9,3,4,5,8",25,20,20,0,1.0,-0.3491667913241723,0.46153846153846156,0.05438161246247219,0.15384615384615385,0.03663959352924942,0.7999999999999999,6.828237056732178,Optimal
596,595,14,3,11,"ADD:2,8;ADD:4,0;ADD:5,4;REMOVE:0,0;REMOVE:2,9;REMOVE:3,0;REMOVE:4,2;REMOVE:4,8;REMOVE:5,5;REMOVE:7,2;REMOVE:7,3;REMOVE:8,0;REMOVE:8,1;REMOVE:8,4",0:0;1:-;2:7|9;3:0;4:2|8|9;5:5|7;6:-;7:2|3|4;8:0|1|4;9:-,0:-;1:-;2:7|8;3:-;4:0|9;5:4|7;6:-;7:4;8:-;9:-,2@1=2;2@4=1;4@0=1;4@7=1;5@4=1;5@7=1;7@4=1,"1,4,0,7",8,7,7,0,1.0,0.34886755170651385,0.7333333333333333,0.05304865603465818,0.06666666666666667,0.032143134393937005,0.30000000000000004,3.882852792739868,Optimal
597,596,15,9,6,"ADD:1,1;ADD:3,4;ADD:5,2;ADD:5,6;ADD:7,1;ADD:7,6;ADD:8,4;ADD:8,5;ADD:8,6;REMOVE:2,7;REMOVE:2,8;REMOVE:4,9;REMOVE:5,4;REMOVE:5,7;REMOVE:7,4",0:-;1:-;2:7|8;3:-;4:0|9;5:4|7;6:-;7:4;8:-;9:-,0:-;1:1;2:-;3:4;4:0;5:2|6;6:-;7:1|6;8:4|5|6;9:-,1@1=1;3@4=1;4@0=1;5@4=1;5@2=1;5@9=1;7@1=1;7@6=1;8@4=1;8@6=2;8@5=1;8@8=1,"1,4,0,2,9,6,5,8",13,12,12,0,1.0,-0.13850160758819685,0.8571428571428571,0.08178693608082581,0.0,0.051772789164284114,0.8999999999999999,6.372205018997192,Optimal
598,597,20,13,7,"ADD:0,1;ADD:0,2;ADD:0,8;ADD:2,4;ADD:2,5;ADD:3,1;ADD:4,4;ADD:4,8;ADD:5,5;ADD:7,2;ADD:7,3;ADD:8,2;ADD:8,7;REMOVE:1,1;REMOVE:3,4;REMOVE:4,0;REMOVE:7,6;REMOVE:8,4;REMOVE:8,5;REMOVE:8,6",0:-;1:1;2:-;3:4;4:0;5:2|6;6:-;7:1|6;8:4|5|6;9:-,0:1|2|8;1:-;2:4|5;3:1;4:4|8;5:2|5|6;6:-;7:1|2|3;8:2|7;9:-,0@1=2;0@2=1;0@4=1;0@5=1;0@6=1;0@8=1;2@4=1;2@5=1;3@1=1;4@2=1;4@4=3;4@6=3;4@8=3;5@2=2;5@4=2;5@5=1;5@6=1;5@0=1;5@3=1;7@1=1;7@2=1;7@5=1;7@3=1;7@9=1;8@2=1;8@8=1;8@3=1;8@9=1,"1,2,4,5,6,8,0,3,9",37,28,28,0,1.0,-0.6670585301376776,0.7,0.05681593309104907,0.1,0.03744361694741634,1.3,15.319591045379639,Optimal
599,598,17,8,9,"ADD:0,5;ADD:2,9;ADD:3,0;ADD:3,9;ADD:4,7;ADD:5,3;ADD:7,4;ADD:8,6;REMOVE:0,1;REMOVE:3,1;REMOVE:4,4;REMOVE:5,2;REMOVE:5,5;REMOVE:5,6;REMOVE:7,1;REMOVE:7,3;REMOVE:8,2",0:1|2|8;1:-;2:4|5;3:1;4:4|8;5:2|5|6;6:-;7:1|2|3;8:2|7;9:-,0:2|5|8;1:-;2:4|5|9;3:0|9;4:7|8;5:3;6:-;7:2|4;8:6|7;9:-,0@0=2;0@2=2;0@3=1;0@4=1;0@5=1;0@7=1;0@8=1;2@3=1;2@4=1;2@9=2;3@0=1;3@2=1;3@7=1;3@9=1;4@4=1;4@1=2;5@3=1;7@2=2;7@4=1;7@8=1;8@8=1;8@6=1,"0,2,3,4,5,7,8,9,1,6",27,22,22,0,1.0,-0.26197204940835606,0.5625,0.05378636779296863,0.1875,0.037494281786344626,0.7999999999999999,14.91168475151062,Optimal
600,599,10,4,6,"ADD:0,7;ADD:2,3;ADD:5,8;ADD:7,1;REMOVE:0,5;REMOVE:2,4;REMOVE:2,5;REMOVE:3,0;REMOVE:3,9;REMOVE:7,2",0:2|5|8;1:-;2:4|5|9;3:0|9;4:7|8;5:3;6:-;7:2|4;8:6|7;9:-,0:2|7|8;1:-;2:3|9;3:-;4:7|8;5:3|8;6:-;7:1|4;8:6|7;9:-,0@0=1;0@1=2;0@2=3;0@3=3;0@4=1;0@5=1;0@8=1;2@1=1;2@2=1;2@7=3;2@9=2;4@2=1;4@7=2;5@1=1;5@3=1;5@8=1;7@1=1;7@8=2;7@6=1;8@4=2;8@9=1;8@6=1,"0,1,2,3,4,5,8,7,9,6",33,22,22,0,1.0,-0.021404200359551373,0.4,0.03462955643259638,0.13333333333333333,0.021127439138524287,0.4,11.609405994415283,Optimal
601,600,7,4,3,"ADD:2,2;ADD:2,6;ADD:3,4;ADD:7,5;REMOVE:2,9;REMOVE:8,6;REMOVE:8,7",0:2|7|8;1:-;2:3|9;3:-;4:7|8;5:3|8;6:-;7:1|4;8:6|7;9:-,0:2|7|8;1:-;2:2|3|6;3:4;4:7|8;5:3|8;6:-;7:1|4|5;8:-;9:-,0@1=1;0@2=1;0@3=1;0@4=1;0@6=1;2@1=1;2@4=1;2@5=1;2@7=1;3@4=1;4@1=3;4@2=1;4@6=1;4@7=1;5@2=1;5@8=1;7@1=1;7@5=1;7@7=1,"1,2,3,4,6,5,7,8",21,19,19,0,1.0,-0.14358011490569506,0.23076923076923078,0.027708290347120638,0.23076923076923078,0.01742011023688821,0.4,13.034255266189575,Optimal
602,601,12,5,7,"ADD:2,0;ADD:3,7;ADD:4,2;ADD:8,1;ADD:8,4;REMOVE:0,8;REMOVE:2,3;REMOVE:4,7;REMOVE:4,8;REMOVE:5,8;REMOVE:7,4;REMOVE:7,5",0:2|7|8;1:-;2:2|3|6;3:4;4:7|8;5:3|8;6:-;7:1|4|5;8:-;9:-,0:2|7;1:-;2:0|2|6;3:4|7;4:2;5:3;6:-;7:1;8:1|4;9:-,0@2=1;0@4=1;0@8=1;0@9=1;2@2=1;2@4=1;2@9=1;2@0=1;2@6=1;3@6=1;3@7=1;4@2=1;5@3=1;7@1=1;8@4=1;8@7=1;8@1=1,"2,4,8,9,0,6,7,3,1",17,17,17,0,1.0,-0.03300060659903076,0.5,0.056668544756158346,0.07142857142857142,0.036894216551641164,0.5,13.682766199111938,Optimal
603,602,8,5,3,"ADD:0,6;ADD:5,6;ADD:7,4;ADD:7,5;ADD:8,8;REMOVE:3,4;REMOVE:4,2;REMOVE:8,1",0:2|7;1:-;2:0|2|6;3:4|7;4:2;5:3;6:-;7:1;8:1|4;9:-,0:2|6|7;1:-;2:0|2|6;3:7;4:-;5:3|6;6:-;7:1|4|5;8:4|8;9:-,0@0=1;0@1=1;0@2=1;0@6=1;2@4=2;2@5=1;2@9=1;3@7=1;5@6=1;5@7=1;7@6=1;7@4=1;7@5=1;7@3=1;8@2=2;8@4=2,"0,1,2,6,4,5,9,7,3",19,16,16,0,1.0,-0.20981151859491154,0.25,0.04413741279480191,0.25,0.02439275584623443,0.5,12.219229936599731,Optimal
604,603,15,6,9,"ADD:0,4;ADD:3,8;ADD:4,3;ADD:4,4;ADD:5,7;ADD:8,5;REMOVE:0,2;REMOVE:0,6;REMOVE:0,7;REMOVE:2,6;REMOVE:5,3;REMOVE:7,1;REMOVE:7,5;REMOVE:8,4;REMOVE:8,8",0:2|6|7;1:-;2:0|2|6;3:7;4:-;5:3|6;6:-;7:1|4|5;8:4|8;9:-,0:4;1:-;2:0|2;3:7|8;4:3|4;5:6|7;6:-;7:4;8:5;9:-,0@4=1;2@2=1;2@7=1;3@6=1;3@8=1;4@4=2;4@2=1;4@7=1;4@3=2;5@4=2;5@7=1;5@6=1;5@9=1;7@4=1;8@5=1,"4,2,7,6,8,3,9,5",18,15,15,0,1.0,-0.014788280084592875,0.6428571428571429,0.05860238273863355,0.07142857142857142,0.04879192576535758,0.6,6.823462247848511,Optimal
605,604,14,7,7,"ADD:3,2;ADD:4,9;ADD:5,2;ADD:7,5;ADD:7,6;ADD:8,1;ADD:8,7;REMOVE:0,4;REMOVE:2,0;REMOVE:2,2;REMOVE:3,8;REMOVE:4,3;REMOVE:5,6;REMOVE:8,5",0:4;1:-;2:0|2;3:7|8;4:3|4;5:6|7;6:-;7:4;8:5;9:-,0:-;1:-;2:-;3:2|7;4:4|9;5:2|7;6:-;7:4|5|6;8:1|7;9:-,3@0=1;3@9=1;4@9=1;4@2=1;4@6=2;4@7=1;5@2=1;5@3=1;7@2=1;7@6=1;7@5=1;8@7=1;8@1=1,"0,9,2,6,7,3,5,1",14,13,13,0,1.0,-0.11503091950512512,0.6363636363636364,0.041501685387103505,0.18181818181818182,0.03156593365323248,0.7,7.861476898193359,Optimal
606,605,14,9,5,"ADD:0,9;ADD:1,2;ADD:2,3;ADD:4,2;ADD:4,7;ADD:5,1;ADD:6,4;ADD:7,7;ADD:8,4;REMOVE:4,4;REMOVE:4,9;REMOVE:7,4;REMOVE:8,1;REMOVE:8,7",0:-;1:-;2:-;3:2|7;4:4|9;5:2|7;6:-;7:4|5|6;8:1|7;9:-,0:9;1:2;2:3;3:2|7;4:2|7;5:1|2|7;6:4;7:5|6|7;8:4;9:-,0@9=1;1@2=1;2@3=1;3@9=1;3@7=1;4@9=1;4@2=4;4@0=1;4@4=2;4@8=1;5@3=1;5@0=1;5@8=1;5@1=1;6@4=1;7@9=1;7@7=1;7@4=1;7@1=2;7@5=1;8@4=1,"9,2,3,7,0,4,8,1,5",26,21,21,0,1.0,-0.49080650687174177,0.45454545454545453,0.04797619062773374,0.0,0.035880884948537396,0.8999999999999999,8.288419961929321,Optimal
607,606,10,4,6,"ADD:1,7;ADD:1,8;ADD:4,5;ADD:8,9;REMOVE:0,9;REMOVE:2,3;REMOVE:3,7;REMOVE:6,4;REMOVE:7,6;REMOVE:8,4",0:9;1:2;2:3;3:2|7;4:2|7;5:1|2|7;6:4;7:5|6|7;8:4;9:-,0:-;1:2|7|8;2:-;3:2;4:2|5|7;5:1|2|7;6:-;7:5|7;8:9;9:-,1@0=1;1@1=2;1@2=2;1@4=1;1@5=1;1@6=1;1@8=1;1@9=1;3@2=1;4@0=1;4@2=2;4@4=2;4@5=1;5@1=1;5@2=1;5@4=1;5@7=1;7@2=1;7@5=1;7@7=1;8@9=1,"0,1,2,4,5,6,8,9,7",25,21,21,0,1.0,-0.02948964388727432,0.4,0.05262277716407024,0.0,0.04206067190734706,0.4,7.03883695602417,Optimal
608,607,9,7,2,"ADD:0,1;ADD:0,4;ADD:0,9;ADD:3,7;ADD:4,8;ADD:8,1;ADD:8,4;REMOVE:1,2;REMOVE:4,5",0:-;1:2|7|8;2:-;3:2;4:2|5|7;5:1|2|7;6:-;7:5|7;8:9;9:-,0:1|4|9;1:7|8;2:-;3:2|7;4:2|7|8;5:1|2|7;6:-;7:5|7;8:1|4|9;9:-,0@1=1;0@2=1;0@4=1;0@6=1;0@8=1;0@9=2;1@2=2;1@4=5;1@6=1;3@2=1;3@4=1;3@9=1;4@1=1;4@2=2;4@4=1;4@8=1;4@5=1;5@1=1;5@4=2;5@3=1;7@5=1;7@0=1;8@1=1;8@4=1;8@9=1;8@3=1,"1,2,4,6,8,9,5,3,0",34,26,26,0,1.0,-0.5079576744687194,0.15384615384615385,0.040176930040974,0.15384615384615385,0.030273138261737303,0.7,14.584255933761597,Optimal
609,608,6,3,3,"ADD:0,5;ADD:1,2;ADD:3,8;REMOVE:0,9;REMOVE:3,7;REMOVE:4,7",0:1|4|9;1:7|8;2:-;3:2|7;4:2|7|8;5:1|2|7;6:-;7:5|7;8:1|4|9;9:-,0:1|4|5;1:2|7|8;2:-;3:2|8;4:2|8;5:1|2|7;6:-;7:5|7;8:1|4|9;9:-,0@1=1;0@2=1;0@3=1;0@4=1;0@5=1;0@6=1;0@7=1;0@8=2;1@1=1;1@2=1;1@3=1;1@4=1;1@7=1;1@0=1;1@9=3;3@2=1;3@5=1;3@8=1;4@2=4;4@4=2;4@7=2;5@1=1;5@2=1;5@4=1;5@7=1;7@0=1;8@3=1;8@4=1,"1,2,3,4,5,6,7,8,0,9",36,28,28,0,1.0,-0.0949962697438165,0.16666666666666666,0.0405483249623898,0.16666666666666666,0.029492018098025125,0.30000000000000004,8.899677991867065,Optimal
610,609,12,3,9,"ADD:3,3;ADD:4,1;ADD:5,8;REMOVE:3,2;REMOVE:3,8;REMOVE:4,8;REMOVE:5,7;REMOVE:7,5;REMOVE:7,7;REMOVE:8,1;REMOVE:8,4;REMOVE:8,9",0:1|4|5;1:2|7|8;2:-;3:2|8;4:2|8;5:1|2|7;6:-;7:5|7;8:1|4|9;9:-,0:1|4|5;1:2|7|8;2:-;3:3;4:1|2;5:1|2|8;6:-;7:-;8:-;9:-,0@1=1;0@2=1;0@3=1;0@4=1;0@6=2;1@1=1;1@2=1;1@0=1;1@7=1;3@3=1;4@1=1;4@2=1;5@1=1;5@4=1;5@5=1,"1,2,3,4,6,0,7,5",16,15,15,0,1.0,0.17006636958472526,0.5,0.04975737093184629,0.1111111111111111,0.0401912530851303,0.30000000000000004,6.2935309410095215,Optimal
611,610,10,1,9,"ADD:7,2;REMOVE:0,1;REMOVE:0,4;REMOVE:1,2;REMOVE:1,7;REMOVE:1,8;REMOVE:3,3;REMOVE:4,1;REMOVE:5,1;REMOVE:5,2",0:1|4|5;1:2|7|8;2:-;3:3;4:1|2;5:1|2|8;6:-;7:-;8:-;9:-,0:5;1:-;2:-;3:-;4:2;5:8;6:-;7:2;8:-;9:-,0@0=1;0@2=1;4@9=1;5@1=1;5@6=1;7@0=1;7@3=1,"0,2,9,1,6,3",7,7,7,0,1.0,0.5000000000000001,0.75,0.0,0.0,0.0,0.1,1.3366641998291016,Optimal
612,611,15,11,4,"ADD:0,4;ADD:0,7;ADD:4,7;ADD:4,8;ADD:5,0;ADD:5,5;ADD:7,0;ADD:7,1;ADD:7,4;ADD:8,7;ADD:8,8;REMOVE:0,5;REMOVE:4,2;REMOVE:5,8;REMOVE:7,2",0:5;1:-;2:-;3:-;4:2;5:8;6:-;7:2;8:-;9:-,0:4|7;1:-;2:-;3:-;4:7|8;5:0|5;6:-;7:0|1|4;8:7|8;9:-,0@2=1;0@4=4;0@7=1;4@2=2;4@7=1;4@6=1;4@8=1;5@0=1;5@5=1;7@4=1;7@0=1;7@1=1;8@2=2;8@4=2;8@1=1,"2,4,7,6,8,0,5,1",21,15,15,0,1.0,-0.24737309521632878,1.0,0.05821070050786887,0.0,0.030291721886879938,1.0999999999999999,8.992769002914429,Optimal
613,612,14,7,7,"ADD:0,2;ADD:0,9;ADD:1,5;ADD:4,2;ADD:5,1;ADD:5,4;ADD:7,9;REMOVE:0,4;REMOVE:4,8;REMOVE:5,0;REMOVE:5,5;REMOVE:7,0;REMOVE:7,4;REMOVE:8,8",0:4|7;1:-;2:-;3:-;4:7|8;5:0|5;6:-;7:0|1|4;8:7|8;9:-,0:2|7|9;1:5;2:-;3:-;4:2|7;5:1|4;6:-;7:1|9;8:7;9:-,0@0=2;0@1=1;0@2=4;0@4=3;0@7=1;0@9=1;1@5=1;4@0=1;4@2=2;4@7=1;4@9=1;4@8=1;5@1=1;5@4=1;5@8=1;7@9=1;7@3=1;7@6=1;8@7=1,"0,1,2,4,7,9,5,8,3,6",26,19,19,0,1.0,-0.12367151908790786,0.6363636363636364,0.05412659251489505,0.09090909090909091,0.02877239813724409,0.7,9.41689395904541,Optimal
614,613,7,3,4,"ADD:4,5;ADD:5,3;ADD:7,8;REMOVE:0,9;REMOVE:1,5;REMOVE:4,2;REMOVE:7,1",0:2|7|9;1:5;2:-;3:-;4:2|7;5:1|4;6:-;7:1|9;8:7;9:-,0:2|7;1:-;2:-;3:-;4:5|7;5:1|3|4;6:-;7:8|9;8:7;9:-,0@2=1;0@8=3;4@5=2;4@7=1;5@3=1;5@4=1;5@6=1;7@8=1;7@6=1;8@7=1,"2,8,5,7,3,4,6",13,10,10,0,1.0,0.08459852663269196,0.36363636363636365,0.061398277180262584,0.18181818181818182,0.04103588807877311,0.30000000000000004,11.183641195297241,Optimal
615,614,11,8,3,"ADD:0,6;ADD:1,2;ADD:1,4;ADD:2,3;ADD:3,2;ADD:4,8;ADD:7,2;ADD:8,2;REMOVE:0,7;REMOVE:7,8;REMOVE:7,9",0:2|7;1:-;2:-;3:-;4:5|7;5:1|3|4;6:-;7:8|9;8:7;9:-,0:2|6;1:2|4;2:3;3:2;4:5|7|8;5:1|3|4;6:-;7:2;8:2|7;9:-,0@2=3;0@4=1;0@6=1;0@7=1;1@2=2;1@4=1;2@3=1;3@2=1;4@2=1;4@4=2;4@0=2;4@1=1;4@5=3;5@2=1;5@4=1;5@6=1;5@7=1;5@1=1;5@9=1;7@2=1;8@4=1;8@3=1;8@8=1,"2,4,6,7,3,0,1,5,9,8",30,23,23,0,1.0,-0.49012390326725686,0.3,0.050549034510720584,0.1,0.04718434562083291,0.7999999999999999,10.40372109413147,Optimal
616,615,12,4,8,"ADD:1,1;ADD:3,3;ADD:4,2;ADD:7,4;REMOVE:0,2;REMOVE:0,6;REMOVE:2,3;REMOVE:3,2;REMOVE:4,8;REMOVE:5,1;REMOVE:8,2;REMOVE:8,7",0:2|6;1:2|4;2:3;3:2;4:5|7|8;5:1|3|4;6:-;7:2;8:2|7;9:-,0:-;1:1|2|4;2:-;3:3;4:2|5|7;5:3|4;6:-;7:2|4;8:-;9:-,1@1=1;1@2=2;1@3=1;1@4=1;1@8=3;3@3=1;4@2=1;4@3=1;4@4=1;4@5=1;4@9=1;5@2=1;7@2=1;7@4=1,"1,2,3,4,8,5,9",17,14,14,0,1.0,0.10027260091459311,0.5333333333333333,0.05261257416033367,0.13333333333333333,0.02424604126496384,0.4,6.685631036758423,Optimal
617,616,8,0,8,"REMOVE:1,2;REMOVE:1,4;REMOVE:3,3;REMOVE:4,2;REMOVE:4,5;REMOVE:5,4;REMOVE:7,2;REMOVE:7,4",0:-;1:1|2|4;2:-;3:3;4:2|5|7;5:3|4;6:-;7:2|4;8:-;9:-,0:-;1:1;2:-;3:-;4:7;5:3;6:-;7:-;8:-;9:-,1@3=2;1@6=1;1@9=1;4@3=1;4@6=1;4@9=1;4@2=2;4@4=1;5@9=1,"3,6,9,2,4",11,9,9,0,1.0,0.5818181818181819,0.7272727272727273,0.0,0.0,0.0,0.0,1.0065579414367676,Optimal
618,617,10,7,3,"ADD:4,1;ADD:4,9;ADD:7,0;ADD:7,4;ADD:7,5;ADD:8,2;ADD:8,7;REMOVE:1,1;REMOVE:4,7;REMOVE:5,3",0:-;1:1;2:-;3:-;4:7;5:3;6:-;7:-;8:-;9:-,0:-;1:-;2:-;3:-;4:1|9;5:-;6:-;7:0|4|5;8:2|7;9:-,4@1=1;4@9=1;7@0=1;7@4=1;7@5=1;8@4=1;8@2=2;8@3=1,"1,9,0,4,5,2,3",9,8,8,0,1.0,0.16654059206552385,1.0,0.07231999259129035,0.0,0.043422989962457484,0.7,69.39023017883301,Optimal
619,618,20,15,5,"ADD:0,4;ADD:0,5;ADD:0,7;ADD:1,1;ADD:1,2;ADD:1,7;ADD:2,0;ADD:2,1;ADD:2,5;ADD:4,2;ADD:4,8;ADD:5,4;ADD:5,8;ADD:7,2;ADD:8,0;REMOVE:4,9;REMOVE:7,0;REMOVE:7,4;REMOVE:7,5;REMOVE:8,2",0:-;1:-;2:-;3:-;4:1|9;5:-;6:-;7:0|4|5;8:2|7;9:-,0:4|5|7;1:1|2|7;2:0|1|5;3:-;4:1|2|8;5:4|8;6:-;7:2;8:0|7;9:-,0@0=1;0@2=1;0@3=1;0@4=1;0@5=2;0@6=1;0@7=1;1@0=1;1@2=2;1@4=1;1@6=1;1@7=1;1@1=1;2@0=2;2@5=2;2@7=1;2@1=1;2@8=1;4@2=1;4@3=1;4@4=1;4@5=1;4@7=1;4@1=1;5@4=1;5@8=1;7@2=2;8@0=1;8@2=1;8@7=1,"0,2,3,4,5,6,7,1,8",35,30,30,0,1.0,-0.8428601283333644,0.7142857142857143,0.06104849282169295,0.14285714285714285,0.04150538704640657,1.5000000000000002,12.8939528465271,Optimal
620,619,13,7,6,"ADD:0,6;ADD:1,5;ADD:2,4;ADD:5,2;ADD:7,0;ADD:7,1;ADD:8,4;REMOVE:0,4;REMOVE:1,1;REMOVE:2,0;REMOVE:2,1;REMOVE:5,4;REMOVE:7,2",0:4|5|7;1:1|2|7;2:0|1|5;3:-;4:1|2|8;5:4|8;6:-;7:2;8:0|7;9:-,0:5|6|7;1:2|5|7;2:4|5;3:-;4:1|2|8;5:2|8;6:-;7:0|1;8:0|4|7;9:-,0@1=3;0@2=3;0@4=1;0@5=1;0@6=2;0@7=2;0@9=1;1@2=3;1@4=2;1@5=1;1@7=2;1@9=1;1@3=1;1@8=1;2@4=1;2@8=1;4@1=2;4@6=1;4@9=1;4@3=2;5@4=1;5@5=1;5@8=1;7@1=1;7@0=1;8@4=2;8@6=1;8@0=1,"1,2,4,5,6,7,9,3,8,0",41,28,28,0,1.0,-0.32471107955572354,0.35294117647058826,0.04884164001304079,0.23529411764705882,0.03401921863980701,0.7,9.103673934936523,Optimal
621,620,14,1,13,"ADD:4,7;REMOVE:0,5;REMOVE:0,7;REMOVE:1,2;REMOVE:2,4;REMOVE:2,5;REMOVE:4,1;REMOVE:4,2;REMOVE:4,8;REMOVE:5,2;REMOVE:7,0;REMOVE:7,1;REMOVE:8,0;REMOVE:8,4",0:5|6|7;1:2|5|7;2:4|5;3:-;4:1|2|8;5:2|8;6:-;7:0|1;8:0|4|7;9:-,0:6;1:5|7;2:-;3:-;4:7;5:8;6:-;7:-;8:7;9:-,0@4=1;1@4=1;1@5=1;1@6=1;4@4=2;4@1=1;4@2=1;4@3=1;5@4=1;8@6=1;8@1=1;8@2=2,"4,5,6,1,2,3",14,12,12,0,1.0,0.484498031898995,0.7222222222222222,0.008400317651521548,0.0,0.0,0.1,1.584963083267212,Optimal
622,621,11,6,5,"ADD:3,1;ADD:3,9;ADD:4,3;ADD:5,0;ADD:5,4;ADD:8,8;REMOVE:0,6;REMOVE:1,5;REMOVE:1,7;REMOVE:4,7;REMOVE:5,8",0:6;1:5|7;2:-;3:-;4:7;5:8;6:-;7:-;8:7;9:-,0:-;1:-;2:-;3:1|9;4:3;5:0|4;6:-;7:-;8:7|8;9:-,3@1=2;3@9=1;4@3=1;5@0=1;5@4=1;8@1=1;8@4=1;8@2=1,"1,9,3,0,4,2",9,8,8,0,1.0,0.12637231199202148,0.8333333333333334,0.06097023653417043,0.0,0.054647280490091696,0.6,4.367946624755859,Optimal
623,622,13,8,5,"ADD:4,1;ADD:4,4;ADD:5,1;ADD:5,8;ADD:6,2;ADD:7,1;ADD:7,5;ADD:8,9;REMOVE:3,1;REMOVE:3,9;REMOVE:5,0;REMOVE:5,4;REMOVE:8,8",0:-;1:-;2:-;3:1|9;4:3;5:0|4;6:-;7:-;8:7|8;9:-,0:-;1:-;2:-;3:-;4:1|3|4;5:1|8;6:2;7:1|5;8:7|9;9:-,4@1=1;4@3=3;4@4=2;4@6=1;4@8=1;5@1=1;5@8=1;6@2=1;7@1=1;7@5=1;8@1=1;8@3=1,"1,3,4,6,8,2,5",15,12,12,0,1.0,-0.1279191156271503,0.7142857142857143,0.0775741031275003,0.14285714285714285,0.050108009354246495,0.7999999999999999,7.4874348640441895,Optimal
624,623,10,4,6,"ADD:0,8;ADD:3,4;ADD:4,5;ADD:8,5;REMOVE:4,3;REMOVE:5,8;REMOVE:6,2;REMOVE:7,5;REMOVE:8,7;REMOVE:8,9",0:-;1:-;2:-;3:-;4:1|3|4;5:1|8;6:2;7:1|5;8:7|9;9:-,0:8;1:-;2:-;3:4;4:1|4|5;5:1;6:-;7:1;8:5;9:-,0@8=1;3@4=2;4@4=1;4@1=1;4@2=1;4@5=1;5@1=1;7@1=1;8@5=1,"8,4,1,2,5",10,9,9,0,1.0,0.17011214048334156,0.6,0.09832406594839833,0.0,0.057264438623113915,0.4,3.5055179595947266,Optimal
625,624,11,3,8,"ADD:4,7;ADD:5,6;ADD:7,3;REMOVE:0,8;REMOVE:3,4;REMOVE:4,1;REMOVE:4,4;REMOVE:4,5;REMOVE:5,1;REMOVE:7,1;REMOVE:8,5",0:8;1:-;2:-;3:4;4:1|4|5;5:1;6:-;7:1;8:5;9:-,0:-;1:-;2:-;3:-;4:7;5:6;6:-;7:3;8:-;9:-,4@0=1;4@4=1;5@4=1;5@9=1;7@3=1,"0,4,9,3",5,5,5,0,1.0,0.5185570135399038,1.0,0.023196266924879784,0.0,0.0,0.30000000000000004,0.6850368976593018,Optimal
626,625,15,12,3,"ADD:0,4;ADD:0,7;ADD:2,9;ADD:4,0;ADD:4,4;ADD:4,5;ADD:5,2;ADD:5,8;ADD:7,2;ADD:7,7;ADD:8,3;ADD:8,8;REMOVE:4,7;REMOVE:5,6;REMOVE:7,3",0:-;1:-;2:-;3:-;4:7;5:6;6:-;7:3;8:-;9:-,0:4|7;1:-;2:9;3:-;4:0|4|5;5:2|8;6:-;7:2|7;8:3|8;9:-,0@4=1;0@7=1;2@9=1;4@4=2;4@0=1;4@2=1;4@5=1;5@4=2;5@7=1;5@5=1;7@4=2;7@0=1;7@3=1;8@2=3;8@5=1;8@1=1,"4,7,9,0,2,5,3,1",21,16,16,0,1.0,-0.3713421493821899,1.0,0.03192120464945933,0.0,0.015604434491213065,1.2,7.504447937011719,Optimal
627,626,15,8,7,"ADD:0,0;ADD:3,9;ADD:4,7;ADD:4,9;ADD:5,7;ADD:7,8;ADD:8,4;ADD:8,9;REMOVE:0,4;REMOVE:4,0;REMOVE:4,4;REMOVE:4,5;REMOVE:7,7;REMOVE:8,3;REMOVE:8,8",0:4|7;1:-;2:9;3:-;4:0|4|5;5:2|8;6:-;7:2|7;8:3|8;9:-,0:0|7;1:-;2:9;3:9;4:7|9;5:2|7|8;6:-;7:2|8;8:4|9;9:-,0@0=1;0@2=1;0@7=1;2@9=1;3@9=1;4@2=1;4@9=1;4@1=1;4@6=1;5@0=1;5@2=2;5@1=1;5@6=1;5@5=1;7@5=1;7@4=1;8@2=1;8@9=1;8@4=2,"0,2,7,9,1,6,5,4",21,19,19,0,1.0,-0.274646774909306,0.5833333333333334,0.04546693558260721,0.08333333333333333,0.028231716456374026,0.7999999999999999,11.556553840637207,Optimal
628,627,13,5,8,"ADD:0,4;ADD:4,2;ADD:5,1;ADD:7,7;ADD:8,5;REMOVE:0,7;REMOVE:2,9;REMOVE:3,9;REMOVE:5,2;REMOVE:5,7;REMOVE:5,8;REMOVE:7,2;REMOVE:8,4",0:0|7;1:-;2:9;3:9;4:7|9;5:2|7|8;6:-;7:2|8;8:4|9;9:-,0:0|4;1:-;2:-;3:-;4:2|7|9;5:1;6:-;7:7|8;8:5|9;9:-,0@2=1;0@4=1;0@7=1;4@4=1;4@0=1;4@6=1;5@1=1;7@2=1;7@4=1;7@1=2;8@2=1;8@3=1;8@5=1,"2,4,7,0,6,1,3,5",14,13,13,0,1.0,0.044494061069943136,0.6153846153846154,0.022144114901101655,0.15384615384615385,0.01850923036069295,0.5,7.303618907928467,Optimal
629,628,14,7,7,"ADD:0,2;ADD:0,7;ADD:0,8;ADD:4,8;ADD:5,2;ADD:7,3;ADD:8,3;REMOVE:0,0;REMOVE:0,4;REMOVE:4,9;REMOVE:5,1;REMOVE:7,7;REMOVE:7,8;REMOVE:8,5",0:0|4;1:-;2:-;3:-;4:2|7|9;5:1;6:-;7:7|8;8:5|9;9:-,0:2|7|8;1:-;2:-;3:-;4:2|7|8;5:2;6:-;7:3;8:3|9;9:-,0@1=2;0@2=3;0@4=2;0@5=1;0@7=4;0@8=1;0@9=1;4@1=1;4@2=1;4@5=3;4@9=1;4@0=1;4@6=1;5@2=1;7@3=1;8@1=1;8@2=1,"1,2,4,5,7,8,9,0,6,3",26,17,17,0,1.0,-0.077051649403171,0.7,0.04801818039598408,0.1,0.022669031400208865,0.7,20.154571771621704,Optimal
630,629,9,4,5,"ADD:3,1;ADD:3,3;ADD:3,4;ADD:5,6;REMOVE:0,2;REMOVE:0,7;REMOVE:0,8;REMOVE:4,7;REMOVE:7,3",0:2|7|8;1:-;2:-;3:-;4:2|7|8;5:2;6:-;7:3;8:3|9;9:-,0:-;1:-;2:-;3:1|3|4;4:2|8;5:2|6;6:-;7:-;8:3|9;9:-,3@1=2;3@2=1;3@3=1;3@4=1;4@2=2;4@4=2;4@5=1;4@8=2;5@2=1;5@6=1;8@1=1;8@2=1,"1,2,3,4,5,8,6",16,12,12,0,1.0,0.07974251712300251,0.5,0.0645237708065354,0.1,0.04061750238887113,0.4,8.666114091873169,Optimal
631,630,8,5,3,"ADD:4,7;ADD:7,2;ADD:7,9;ADD:8,2;ADD:8,7;REMOVE:3,3;REMOVE:4,8;REMOVE:8,3",0:-;1:-;2:-;3:1|3|4;4:2|8;5:2|6;6:-;7:-;8:3|9;9:-,0:-;1:-;2:-;3:1|4;4:2|7;5:2|6;6:-;7:2|9;8:2|7|9;9:-,3@1=1;3@4=2;4@4=1;4@0=1;4@7=1;4@8=1;5@8=1;5@2=1;7@2=1;7@9=1;8@4=1;8@0=1;8@3=1;8@6=1,"1,4,0,7,8,2,9,3,6",15,14,14,0,1.0,-0.16638218928677478,0.3333333333333333,0.0485715131293276,0.1111111111111111,0.029358556604371137,0.5,10.044628143310547,Optimal
632,631,7,0,7,"REMOVE:3,1;REMOVE:3,4;REMOVE:4,2;REMOVE:5,2;REMOVE:7,2;REMOVE:8,2;REMOVE:8,7",0:-;1:-;2:-;3:1|4;4:2|7;5:2|6;6:-;7:2|9;8:2|7|9;9:-,0:-;1:-;2:-;3:-;4:7;5:6;6:-;7:9;8:9;9:-,4@3=1;4@9=1;5@1=1;5@4=1;7@1=1;8@3=1;8@2=1,"3,9,1,4,2",7,7,7,0,1.0,0.5090909090909091,0.6363636363636364,0.0,0.0,0.0,0.0,1.1693918704986572,Optimal
633,632,18,14,4,"ADD:0,1;ADD:0,2;ADD:0,8;ADD:2,4;ADD:3,2;ADD:3,3;ADD:3,7;ADD:4,0;ADD:4,1;ADD:4,2;ADD:5,1;ADD:5,2;ADD:5,7;ADD:7,7;REMOVE:4,7;REMOVE:5,6;REMOVE:7,9;REMOVE:8,9",0:-;1:-;2:-;3:-;4:7;5:6;6:-;7:9;8:9;9:-,0:1|2|8;1:-;2:4;3:2|3|7;4:0|1|2;5:1|2|7;6:-;7:7;8:-;9:-,0@1=3;0@2=1;0@3=1;0@4=1;0@8=1;0@9=1;2@4=1;3@1=1;3@2=1;3@3=1;3@4=1;3@0=1;4@1=1;4@2=2;4@0=3;4@7=1;5@1=1;5@3=1;5@4=1;5@0=1;5@6=1;7@7=1,"1,2,3,4,8,9,0,7,6",27,22,22,0,1.0,-0.5414698918486526,1.0,0.06367591868230824,0.0,0.03794686602750515,1.4000000000000001,14.63118290901184,Optimal
634,633,8,0,8,"REMOVE:0,1;REMOVE:0,2;REMOVE:2,4;REMOVE:3,3;REMOVE:4,0;REMOVE:4,1;REMOVE:5,1;REMOVE:5,2",0:1|2|8;1:-;2:4;3:2|3|7;4:0|1|2;5:1|2|7;6:-;7:7;8:-;9:-,0:8;1:-;2:-;3:2|7;4:2;5:7;6:-;7:7;8:-;9:-,0@2=1;0@4=1;0@6=1;0@7=1;3@4=1;3@0=2;3@1=1;3@5=1;4@0=2;4@5=1;5@4=2;5@1=2;5@3=1;7@4=1;7@1=1;7@9=1,"2,4,6,7,0,1,5,3,9",20,16,16,0,1.0,0.45714285714285713,0.5714285714285714,0.0,0.0,0.0,0.0,2.187486171722412,Optimal
635,634,18,13,5,"ADD:0,2;ADD:0,5;ADD:0,7;ADD:3,1;ADD:3,6;ADD:4,1;ADD:4,5;ADD:4,7;ADD:5,2;ADD:7,2;ADD:7,8;ADD:7,9;ADD:8,9;REMOVE:0,8;REMOVE:3,2;REMOVE:3,7;REMOVE:4,2;REMOVE:7,7",0:8;1:-;2:-;3:2|7;4:2;5:7;6:-;7:7;8:-;9:-,0:2|5|7;1:-;2:-;3:1|6;4:1|5|7;5:2|7;6:-;7:2|8|9;8:9;9:-,0@0=1;0@2=1;0@4=1;0@5=2;0@9=2;3@1=1;3@6=1;4@0=1;4@2=1;4@5=2;4@9=1;4@1=1;4@6=1;4@3=1;5@0=1;5@2=1;5@4=1;5@3=1;7@4=1;7@5=1;7@9=1;7@1=1;8@9=1,"0,2,4,5,9,1,6,3",26,23,23,0,1.0,-0.5937079838504956,0.8333333333333334,0.041464945898702366,0.0,0.03226696381937874,1.3,14.573125839233398,Optimal
636,635,16,7,9,"ADD:0,8;ADD:3,5;ADD:4,9;ADD:5,6;ADD:7,1;ADD:8,1;ADD:8,4;REMOVE:0,5;REMOVE:3,1;REMOVE:3,6;REMOVE:4,1;REMOVE:4,5;REMOVE:5,2;REMOVE:7,2;REMOVE:7,8;REMOVE:7,9",0:2|5|7;1:-;2:-;3:1|6;4:1|5|7;5:2|7;6:-;7:2|8|9;8:9;9:-,0:2|7|8;1:-;2:-;3:5;4:7|9;5:6|7;6:-;7:1;8:1|4|9;9:-,0@1=1;0@2=2;0@3=1;0@4=1;0@5=1;0@6=1;0@7=1;0@8=1;3@5=1;4@1=1;4@2=1;4@6=1;5@1=2;5@4=1;7@1=1;8@1=1;8@3=1;8@4=1;8@8=1;8@9=1,"1,2,3,4,5,6,7,8,9",22,20,20,0,1.0,-0.1348161855409148,0.6428571428571429,0.038981796685930166,0.07142857142857142,0.027134742694562043,0.7,16.001560926437378,Optimal
637,636,13,6,7,"ADD:0,3;ADD:3,0;ADD:3,1;ADD:4,0;ADD:5,2;ADD:6,4;REMOVE:0,2;REMOVE:0,7;REMOVE:4,7;REMOVE:5,7;REMOVE:7,1;REMOVE:8,1;REMOVE:8,9",0:2|7|8;1:-;2:-;3:5;4:7|9;5:6|7;6:-;7:1;8:1|4|9;9:-,0:3|8;1:-;2:-;3:0|1|5;4:0|9;5:2|6;6:4;7:-;8:4;9:-,0@1=2;0@2=2;0@3=1;3@1=1;3@3=1;3@0=1;4@2=2;4@0=2;4@7=1;4@9=2;5@2=2;5@8=1;6@4=1;8@4=1,"1,2,3,0,7,9,8,4",20,14,14,0,1.0,-0.05002177045780498,0.5833333333333334,0.052448540911628615,0.16666666666666666,0.040096984064460044,0.6,11.753711938858032,Optimal
638,637,16,8,8,"ADD:1,2;ADD:3,4;ADD:4,3;ADD:7,0;ADD:7,1;ADD:7,9;ADD:8,2;ADD:8,7;REMOVE:0,3;REMOVE:0,8;REMOVE:3,0;REMOVE:3,1;REMOVE:5,2;REMOVE:5,6;REMOVE:6,4;REMOVE:8,4",0:3|8;1:-;2:-;3:0|1|5;4:0|9;5:2|6;6:4;7:-;8:4;9:-,0:-;1:2;2:-;3:4|5;4:0|3|9;5:-;6:-;7:0|1|9;8:2|7;9:-,1@2=1;3@2=1;3@4=1;4@1=1;4@5=1;4@9=1;7@2=1;7@1=1;7@9=1;7@0=1;7@3=1;8@4=1;8@0=1;8@8=1,"2,4,1,5,9,0,3,8",14,14,14,0,1.0,-0.16252150529969034,0.7272727272727273,0.03807765634583028,0.09090909090909091,0.0350818481182262,0.7999999999999999,15.432690858840942,Optimal
639,638,17,8,9,"ADD:3,1;ADD:4,2;ADD:4,7;ADD:5,1;ADD:5,4;ADD:5,5;ADD:8,5;ADD:8,6;REMOVE:1,2;REMOVE:3,4;REMOVE:3,5;REMOVE:4,0;REMOVE:4,3;REMOVE:4,9;REMOVE:7,9;REMOVE:8,2;REMOVE:8,7",0:-;1:2;2:-;3:4|5;4:0|3|9;5:-;6:-;7:0|1|9;8:2|7;9:-,0:-;1:-;2:-;3:1;4:2|7;5:1|4|5;6:-;7:0|1;8:5|6;9:-,3@1=1;4@2=1;4@3=1;4@4=1;4@8=1;5@1=2;5@4=1;5@5=1;5@6=1;7@1=1;7@0=1;8@8=1;8@5=1;8@6=1,"1,2,3,4,8,5,6,0",15,14,14,0,1.0,-0.08704401089240765,0.8181818181818182,0.06431235124960934,0.0,0.03480326781225122,0.7999999999999999,10.693578958511353,Optimal
640,639,8,6,2,"ADD:0,1;ADD:0,2;ADD:2,6;ADD:4,6;ADD:7,9;ADD:8,7;REMOVE:5,1;REMOVE:7,0",0:-;1:-;2:-;3:1;4:2|7;5:1|4|5;6:-;7:0|1;8:5|6;9:-,0:1|2;1:-;2:6;3:1;4:2|6|7;5:4|5;6:-;7:1|9;8:5|6|7;9:-,0@1=1;0@2=1;0@7=1;2@6=1;3@1=2;4@6=2;4@0=1;4@4=1;4@8=1;5@2=1;5@4=1;7@6=1;7@9=1;8@1=1;8@0=1;8@9=1;8@5=1,"1,2,7,6,0,4,8,9,5",19,17,17,0,1.0,-0.3525254358781218,0.2,0.04851533794885597,0.2,0.04331146881396677,0.6,13.799465894699097,Optimal
641,640,10,5,5,"ADD:0,0;ADD:0,7;ADD:3,6;ADD:5,1;ADD:7,8;REMOVE:0,1;REMOVE:2,6;REMOVE:5,5;REMOVE:7,1;REMOVE:8,5",0:1|2;1:-;2:6;3:1;4:2|6|7;5:4|5;6:-;7:1|9;8:5|6|7;9:-,0:0|2|7;1:-;2:-;3:1|6;4:2|6|7;5:1|4;6:-;7:8|9;8:6|7;9:-,0@0=3;0@3=1;0@4=3;0@5=1;0@9=1;3@1=1;3@6=2;3@7=1;4@3=1;4@4=1;4@9=1;4@1=2;5@4=1;5@1=1;5@7=1;7@2=1;7@8=1;8@4=1;8@8=1,"0,3,4,5,9,1,6,7,2,8",25,19,19,0,1.0,-0.15274929342493504,0.35714285714285715,0.034216159842027215,0.14285714285714285,0.027960322078644618,0.5,15.450378894805908,Optimal
642,641,10,6,4,"ADD:0,6;ADD:1,0;ADD:1,8;ADD:3,8;ADD:4,5;ADD:8,2;REMOVE:0,7;REMOVE:3,1;REMOVE:4,2;REMOVE:8,6",0:0|2|7;1:-;2:-;3:1|6;4:2|6|7;5:1|4;6:-;7:8|9;8:6|7;9:-,0:0|2|6;1:0|8;2:-;3:6|8;4:5|6|7;5:1|4;6:-;7:8|9;8:2|7;9:-,0@0=1;0@2=2;0@4=2;0@6=1;0@8=1;0@9=1;1@0=1;1@2=1;1@8=1;3@4=1;3@1=1;4@0=1;4@8=1;4@1=1;4@5=1;5@4=1;5@7=2;7@2=1;7@1=1;8@2=1;8@8=1,"0,2,4,6,8,9,1,5,7",24,21,21,0,1.0,-0.28029866419151567,0.2857142857142857,0.03694193179171935,0.2857142857142857,0.022167523304115488,0.6,16.98677682876587,Optimal
643,642,11,5,6,"ADD:0,1;ADD:5,2;ADD:6,7;ADD:6,8;ADD:7,4;REMOVE:0,0;REMOVE:0,6;REMOVE:3,6;REMOVE:3,8;REMOVE:5,4;REMOVE:7,8",0:0|2|6;1:0|8;2:-;3:6|8;4:5|6|7;5:1|4;6:-;7:8|9;8:2|7;9:-,0:1|2;1:0|8;2:-;3:-;4:5|6|7;5:1|2;6:7|8;7:4|9;8:2|7;9:-,0@1=1;0@2=3;0@3=1;0@7=1;1@2=2;1@0=1;4@3=1;4@4=1;4@5=1;5@2=1;5@3=1;5@8=1;5@9=1;6@7=1;6@8=1;7@2=1;7@4=1;8@2=1;8@3=1;8@8=1,"1,2,3,7,0,4,5,8,9",23,20,20,0,1.0,-0.12100521309948309,0.375,0.04613056658545377,0.1875,0.022951668160769212,0.5,14.108584880828857,Optimal
644,643,19,6,13,"ADD:1,9;ADD:2,3;ADD:3,4;ADD:4,4;ADD:7,1;ADD:8,1;REMOVE:0,1;REMOVE:0,2;REMOVE:1,0;REMOVE:4,5;REMOVE:4,6;REMOVE:4,7;REMOVE:5,1;REMOVE:5,2;REMOVE:6,7;REMOVE:6,8;REMOVE:7,9;REMOVE:8,2;REMOVE:8,7",0:1|2;1:0|8;2:-;3:-;4:5|6|7;5:1|2;6:7|8;7:4|9;8:2|7;9:-,0:-;1:8|9;2:3;3:4;4:4;5:-;6:-;7:1|4;8:1;9:-,1@1=1;1@7=1;1@9=1;2@3=1;3@4=1;4@4=1;7@1=1;7@4=1;8@1=1,"1,7,9,3,4",9,9,9,0,1.0,0.16469561378572184,0.8666666666666667,0.07459681844729672,0.0,0.05842412847275544,0.6,4.28586483001709,Optimal
645,644,15,8,7,"ADD:1,3;ADD:1,4;ADD:3,2;ADD:4,3;ADD:4,8;ADD:5,2;ADD:5,4;ADD:8,4;REMOVE:1,8;REMOVE:1,9;REMOVE:2,3;REMOVE:3,4;REMOVE:4,4;REMOVE:7,4;REMOVE:8,1",0:-;1:8|9;2:3;3:4;4:4;5:-;6:-;7:1|4;8:1;9:-,0:-;1:3|4;2:-;3:2;4:3|8;5:2|4;6:-;7:1;8:4;9:-,1@2=2;1@3=1;1@4=2;3@2=1;4@2=1;4@3=1;4@8=1;5@2=1;5@4=1;7@1=1;8@4=1,"2,3,4,8,1",13,11,11,0,1.0,-0.02631923799872804,0.875,0.08112960639087409,0.0,0.04388538444286255,0.7999999999999999,3.3825390338897705,Optimal
646,645,9,3,6,"ADD:4,6;ADD:7,4;ADD:8,7;REMOVE:1,3;REMOVE:1,4;REMOVE:3,2;REMOVE:4,3;REMOVE:5,4;REMOVE:7,1",0:-;1:3|4;2:-;3:2;4:3|8;5:2|4;6:-;7:1;8:4;9:-,0:-;1:-;2:-;3:-;4:6|8;5:2;6:-;7:4;8:4|7;9:-,4@1=1;4@6=1;4@8=1;5@2=1;7@4=1;8@6=1;8@4=1;8@7=1,"1,6,8,2,4,7",8,8,8,0,1.0,0.32262491557635264,0.6666666666666666,0.07599778234137261,0.1111111111111111,0.0313556707384956,0.30000000000000004,3.4761548042297363,Optimal
647,646,18,12,6,"ADD:0,6;ADD:0,7;ADD:1,2;ADD:1,3;ADD:1,7;ADD:2,9;ADD:4,0;ADD:4,2;ADD:4,7;ADD:5,4;ADD:5,9;ADD:7,9;REMOVE:4,6;REMOVE:4,8;REMOVE:5,2;REMOVE:7,4;REMOVE:8,4;REMOVE:8,7",0:-;1:-;2:-;3:-;4:6|8;5:2;6:-;7:4;8:4|7;9:-,0:6|7;1:2|3|7;2:9;3:-;4:0|2|7;5:4|9;6:-;7:9;8:-;9:-,0@1=1;0@4=2;0@6=1;0@8=1;0@9=1;1@1=1;1@4=2;1@9=1;1@2=1;1@3=1;1@5=1;1@7=1;2@9=1;4@4=2;4@9=1;4@3=1;4@5=1;4@0=1;5@4=2;5@2=1;7@9=1,"1,4,6,8,9,2,3,5,7,0",25,21,21,0,1.0,-0.3663927891644496,1.0,0.03580155467202155,0.0,0.024829835489664498,1.2,12.687644004821777,Optimal
648,647,13,7,6,"ADD:0,5;ADD:4,1;ADD:5,2;ADD:5,7;ADD:7,7;ADD:8,1;ADD:8,2;REMOVE:1,7;REMOVE:2,9;REMOVE:4,0;REMOVE:4,7;REMOVE:5,4;REMOVE:5,9",0:6|7;1:2|3|7;2:9;3:-;4:0|2|7;5:4|9;6:-;7:9;8:-;9:-,0:5|6|7;1:2|3;2:-;3:-;4:1|2;5:2|7;6:-;7:7|9;8:1|2;9:-,0@0=1;0@4=1;0@5=4;1@5=1;1@2=3;1@3=2;1@9=1;4@2=1;4@3=1;4@1=1;4@7=2;4@8=1;5@0=1;5@4=1;5@2=2;5@8=1;7@2=3;7@9=1;7@6=1;8@2=1;8@1=1,"0,4,5,2,3,9,1,7,8,6",31,21,21,0,1.0,-0.23600605130665436,0.5,0.049357880844511266,0.08333333333333333,0.03920488675534931,0.7,10.055684804916382,Optimal
649,648,12,7,5,"ADD:1,6;ADD:2,7;ADD:3,2;ADD:3,4;ADD:4,8;ADD:5,8;ADD:8,7;REMOVE:5,2;REMOVE:7,7;REMOVE:7,9;REMOVE:8,1;REMOVE:8,2",0:5|6|7;1:2|3;2:-;3:-;4:1|2;5:2|7;6:-;7:7|9;8:1|2;9:-,0:5|6|7;1:2|3|6;2:7;3:2|4;4:1|2|8;5:7|8;6:-;7:-;8:7;9:-,0@1=2;0@2=1;0@3=2;0@4=1;1@1=1;1@2=2;1@4=1;1@6=2;2@7=1;3@2=1;3@4=1;4@1=2;4@2=2;4@5=1;5@1=1;5@4=1;5@8=1;8@7=1,"1,2,3,4,6,7,5,8",24,18,18,0,1.0,-0.29683845807006476,0.38461538461538464,0.05478827523413311,0.23076923076923078,0.027423839482374236,0.7,12.829828262329102,Optimal
650,649,11,6,5,"ADD:1,7;ADD:3,1;ADD:5,2;ADD:7,7;ADD:7,8;ADD:8,2;REMOVE:1,6;REMOVE:2,7;REMOVE:4,8;REMOVE:5,7;REMOVE:5,8",0:5|6|7;1:2|3|6;2:7;3:2|4;4:1|2|8;5:7|8;6:-;7:-;8:7;9:-,0:5|6|7;1:2|3|7;2:-;3:1|2|4;4:1|2;5:2;6:-;7:7|8;8:2|7;9:-,0@0=1;0@1=2;0@2=1;0@9=1;1@0=1;1@1=1;1@9=1;1@3=1;1@4=1;3@9=1;3@3=1;3@6=1;3@8=1;4@1=1;4@9=1;4@3=1;4@7=1;5@2=1;7@1=1;7@2=1;7@6=1;8@2=1;8@4=1,"0,1,2,9,3,4,6,8,7",24,23,23,0,1.0,-0.27690776856374616,0.3333333333333333,0.01686867526200929,0.2,0.014653122799898475,0.6,14.038120985031128,Optimal
651,650,9,4,5,"ADD:3,0;ADD:4,8;ADD:5,4;ADD:8,4;REMOVE:1,2;REMOVE:1,3;REMOVE:3,1;REMOVE:3,4;REMOVE:8,2",0:5|6|7;1:2|3|7;2:-;3:1|2|4;4:1|2;5:2;6:-;7:7|8;8:2|7;9:-,0:5|6|7;1:7;2:-;3:0|2;4:1|2|8;5:2|4;6:-;7:7|8;8:4|7;9:-,0@0=1;0@2=1;0@3=1;0@4=1;0@7=1;1@7=1;3@0=1;3@2=1;3@5=1;4@2=1;4@5=1;4@1=2;4@6=1;5@2=1;5@4=1;5@7=1;7@2=1;7@4=1;8@4=2;8@6=1;8@8=1,"0,2,3,4,7,5,1,6,8",23,21,21,0,1.0,-0.059723803329644776,0.3125,0.04689872913376129,0.25,0.013786066816730867,0.4,10.170728921890259,Optimal
652,651,14,5,9,"ADD:1,6;ADD:3,4;ADD:5,0;ADD:7,3;ADD:8,0;REMOVE:0,6;REMOVE:3,0;REMOVE:3,2;REMOVE:4,8;REMOVE:5,2;REMOVE:7,7;REMOVE:7,8;REMOVE:8,4;REMOVE:8,7",0:5|6|7;1:7;2:-;3:0|2;4:1|2|8;5:2|4;6:-;7:7|8;8:4|7;9:-,0:5|7;1:6|7;2:-;3:4;4:1|2;5:0|4;6:-;7:3;8:0;9:-,0@2=1;0@8=1;1@1=2;1@4=2;3@4=1;4@2=1;4@1=2;4@9=1;5@4=1;5@0=1;5@7=1;7@3=1;8@0=1,"2,8,1,4,9,0,7,3",16,13,13,0,1.0,0.030416239772228404,0.6,0.05115304277557936,0.0,0.04746902775882434,0.5,5.9540979862213135,Optimal
653,652,18,10,8,"ADD:0,4;ADD:1,4;ADD:3,9;ADD:4,8;ADD:5,2;ADD:5,3;ADD:5,7;ADD:7,2;ADD:7,6;ADD:8,2;REMOVE:0,5;REMOVE:0,7;REMOVE:1,6;REMOVE:1,7;REMOVE:5,0;REMOVE:5,4;REMOVE:7,3;REMOVE:8,0",0:5|7;1:6|7;2:-;3:4;4:1|2;5:0|4;6:-;7:3;8:0;9:-,0:4;1:4;2:-;3:4|9;4:1|2|8;5:2|3|7;6:-;7:2|6;8:2;9:-,0@4=1;1@4=1;3@2=1;3@9=1;4@2=1;4@3=1;4@5=1;4@6=1;4@7=1;5@4=2;5@3=1;5@0=1;5@1=1;5@8=1;7@2=1;7@6=1;8@2=1,"4,2,9,3,5,6,7,0,1,8",18,17,17,0,1.0,-0.36115678166753473,0.7272727272727273,0.04274793886398903,0.09090909090909091,0.02322433620636883,0.9999999999999999,14.617469072341919,Optimal
654,653,20,10,10,"ADD:0,2;ADD:0,7;ADD:0,8;ADD:1,1;ADD:1,5;ADD:3,1;ADD:3,5;ADD:7,0;ADD:8,3;ADD:8,6;REMOVE:0,4;REMOVE:3,4;REMOVE:3,9;REMOVE:4,8;REMOVE:5,2;REMOVE:5,3;REMOVE:5,7;REMOVE:7,2;REMOVE:7,6;REMOVE:8,2",0:4;1:4;2:-;3:4|9;4:1|2|8;5:2|3|7;6:-;7:2|6;8:2;9:-,0:2|7|8;1:1|4|5;2:-;3:1|5;4:1|2;5:-;6:-;7:0;8:3|6;9:-,0@0=1;0@1=1;0@3=1;0@4=2;0@8=1;1@1=1;1@3=1;1@4=1;1@5=1;1@6=1;3@1=1;3@5=2;4@1=1;4@2=1;4@7=1;7@0=1;8@3=1;8@6=1;8@9=1,"0,1,3,4,8,5,6,2,7,9",21,19,19,0,1.0,-0.33308619824658503,0.7692307692307693,0.05517371788947985,0.0,0.036951060286077135,0.9999999999999999,12.131936073303223,Optimal
655,654,15,7,8,"ADD:0,6;ADD:3,3;ADD:4,6;ADD:5,1;ADD:5,3;ADD:5,4;ADD:8,2;REMOVE:0,2;REMOVE:0,8;REMOVE:1,5;REMOVE:3,1;REMOVE:4,1;REMOVE:7,0;REMOVE:8,3;REMOVE:8,6",0:2|7|8;1:1|4|5;2:-;3:1|5;4:1|2;5:-;6:-;7:0;8:3|6;9:-,0:6|7;1:1|4;2:-;3:3|5;4:2|6;5:1|3|4;6:-;7:-;8:2;9:-,0@1=2;0@4=1;0@7=1;0@9=3;1@1=2;1@7=1;1@6=1;1@8=1;3@2=1;3@3=1;4@4=1;4@7=1;4@6=1;4@2=2;5@1=2;5@4=1;5@3=1;8@2=2,"1,4,7,9,6,8,2,3",25,18,18,0,1.0,-0.12918893057755565,0.6153846153846154,0.05242647280333726,0.15384615384615385,0.02896484051425654,0.7,7.773046970367432,Optimal
656,655,12,8,4,"ADD:0,3;ADD:1,2;ADD:2,1;ADD:2,9;ADD:3,4;ADD:4,7;ADD:7,2;ADD:7,4;REMOVE:1,1;REMOVE:3,3;REMOVE:3,5;REMOVE:4,6",0:6|7;1:1|4;2:-;3:3|5;4:2|6;5:1|3|4;6:-;7:-;8:2;9:-,0:3|6|7;1:2|4;2:1|9;3:4;4:2|7;5:1|3|4;6:-;7:2|4;8:2;9:-,0@1=2;0@2=1;0@3=1;0@4=3;0@8=1;1@2=2;1@4=1;1@8=1;2@1=1;2@9=1;3@4=1;4@2=1;4@3=1;4@9=1;4@0=1;4@7=1;5@1=2;5@2=1;5@3=2;5@4=2;5@9=1;5@7=1;7@2=1;7@4=2;8@2=1,"1,2,3,4,8,9,0,7",33,25,25,0,1.0,-0.44460241100451275,0.3333333333333333,0.06046909848797697,0.16666666666666666,0.03511155102552781,0.7999999999999999,9.663044929504395,Optimal
657,656,12,6,6,"ADD:0,2;ADD:1,3;ADD:1,8;ADD:3,5;ADD:7,8;ADD:8,7;REMOVE:0,3;REMOVE:0,6;REMOVE:1,2;REMOVE:4,2;REMOVE:5,4;REMOVE:7,4",0:3|6|7;1:2|4;2:1|9;3:4;4:2|7;5:1|3|4;6:-;7:2|4;8:2;9:-,0:2|7;1:3|4|8;2:1|9;3:4|5;4:7;5:1|3;6:-;7:2|8;8:2|7;9:-,0@0=1;0@3=1;0@4=2;0@8=1;1@3=1;1@4=1;1@8=1;1@1=2;1@5=1;2@3=1;3@4=2;3@8=1;3@5=1;3@2=1;4@7=1;5@1=3;5@9=1;7@4=1;7@8=1;7@5=1;7@2=1;7@7=1;8@4=1;8@2=1;8@9=1,"0,3,4,8,1,5,2,7,9",30,25,25,0,1.0,-0.2241684737350959,0.375,0.040872522588853544,0.1875,0.028167540969106092,0.6,7.418137073516846,Optimal
658,657,12,5,7,"ADD:0,3;ADD:1,9;ADD:3,7;ADD:4,2;ADD:5,0;REMOVE:1,4;REMOVE:1,8;REMOVE:2,1;REMOVE:2,9;REMOVE:3,4;REMOVE:7,2;REMOVE:7,8",0:2|7;1:3|4|8;2:1|9;3:4|5;4:7;5:1|3;6:-;7:2|8;8:2|7;9:-,0:2|3|7;1:3|9;2:-;3:5|7;4:2|7;5:0|1|3;6:-;7:-;8:2|7;9:-,0@2=1;0@3=1;0@4=1;0@5=1;0@8=1;0@9=1;1@3=1;1@9=1;3@3=1;3@8=1;3@0=1;4@3=1;4@4=2;5@2=1;5@9=1;5@0=1;8@3=1;8@0=1,"2,3,4,5,8,9,0",19,18,18,0,1.0,-0.10058174937586734,0.4375,0.02590259257964712,0.125,0.018480882802074772,0.5,6.198455095291138,Optimal
659,658,13,4,9,"ADD:0,4;ADD:4,9;ADD:5,8;ADD:7,2;REMOVE:0,2;REMOVE:0,3;REMOVE:3,5;REMOVE:3,7;REMOVE:4,2;REMOVE:4,7;REMOVE:5,3;REMOVE:8,2;REMOVE:8,7",0:2|3|7;1:3|9;2:-;3:5|7;4:2|7;5:0|1|3;6:-;7:-;8:2|7;9:-,0:4|7;1:3|9;2:-;3:-;4:9;5:0|1|8;6:-;7:2;8:-;9:-,0@4=1;0@6=1;1@7=2;1@9=1;4@9=1;5@6=1;5@7=1;5@5=1;7@2=1,"4,6,7,9,5,2",10,9,9,0,1.0,0.1801918319803163,0.6428571428571429,0.03835300759262078,0.14285714285714285,0.033261415245384264,0.4,6.269622087478638,Optimal
660,659,17,11,6,"ADD:0,2;ADD:1,0;ADD:1,4;ADD:3,4;ADD:4,5;ADD:4,6;ADD:4,7;ADD:5,3;ADD:7,7;ADD:8,4;ADD:8,5;REMOVE:0,4;REMOVE:1,9;REMOVE:4,9;REMOVE:5,0;REMOVE:5,1;REMOVE:5,8",0:4|7;1:3|9;2:-;3:-;4:9;5:0|1|8;6:-;7:2;8:-;9:-,0:2|7;1:0|3|4;2:-;3:4;4:5|6|7;5:3;6:-;7:2|7;8:4|5;9:-,0@0=1;0@2=1;0@4=1;0@8=1;1@0=1;1@4=1;1@3=1;1@5=1;3@4=1;4@0=1;4@4=1;4@5=2;4@6=1;5@3=1;7@0=1;7@4=1;7@9=1;8@4=1;8@5=1,"0,2,4,8,3,5,6,9",20,19,19,0,1.0,-0.5177224855277591,0.6666666666666666,0.050411487766349065,0.0,0.04307495462914113,1.0999999999999999,7.8591859340667725,Optimal
661,660,13,6,7,"ADD:0,3;ADD:1,5;ADD:1,6;ADD:3,2;ADD:5,1;ADD:5,4;REMOVE:1,0;REMOVE:1,3;REMOVE:1,4;REMOVE:3,4;REMOVE:4,6;REMOVE:8,4;REMOVE:8,5",0:2|7;1:0|3|4;2:-;3:4;4:5|6|7;5:3;6:-;7:2|7;8:4|5;9:-,0:2|3|7;1:5|6;2:-;3:2;4:5|7;5:1|3|4;6:-;7:2|7;8:-;9:-,0@1=1;0@3=1;0@4=2;0@5=1;1@5=2;1@6=1;3@2=1;4@3=1;4@5=2;5@1=1;5@4=1;5@2=1;5@8=1;5@9=1;7@4=1;7@2=1;7@9=1,"1,3,4,5,6,2,8,9",20,17,17,0,1.0,-0.13578550551583501,0.5,0.05072212369036028,0.07142857142857142,0.04675540623081197,0.6,6.986798048019409,Optimal
662,661,17,12,5,"ADD:0,6;ADD:1,7;ADD:2,0;ADD:2,1;ADD:2,2;ADD:3,1;ADD:4,6;ADD:5,0;ADD:5,9;ADD:7,1;ADD:8,7;ADD:8,8;REMOVE:0,7;REMOVE:3,2;REMOVE:5,1;REMOVE:5,3;REMOVE:7,7",0:2|3|7;1:5|6;2:-;3:2;4:5|7;5:1|3|4;6:-;7:2|7;8:-;9:-,0:2|3|6;1:5|6|7;2:0|1|2;3:1;4:5|6|7;5:0|4|9;6:-;7:1|2;8:7|8;9:-,0@4=1;0@5=1;0@6=1;0@9=1;1@4=1;1@5=1;1@1=2;1@3=1;1@7=1;2@9=1;2@1=1;2@0=2;2@2=2;2@8=1;3@1=1;4@4=3;4@6=1;4@9=1;4@0=1;4@2=1;5@4=1;5@6=1;5@9=1;5@7=1;5@0=1;5@2=1;7@1=1;7@3=1;8@6=1;8@1=1;8@7=1;8@2=1,"4,5,6,9,1,3,7,0,2,8",37,32,32,0,1.0,-0.8218566931991262,0.38461538461538464,0.04144011157254869,0.15384615384615385,0.032648395406481207,1.2,12.917290925979614,Optimal
663,662,11,4,7,"ADD:2,8;ADD:5,8;ADD:7,7;ADD:8,2;REMOVE:2,0;REMOVE:3,1;REMOVE:4,5;REMOVE:5,4;REMOVE:5,9;REMOVE:7,1;REMOVE:8,7",0:2|3|6;1:5|6|7;2:0|1|2;3:1;4:5|6|7;5:0|4|9;6:-;7:1|2;8:7|8;9:-,0:2|3|6;1:5|6|7;2:1|2|8;3:-;4:6|7;5:0|8;6:-;7:2|7;8:2|8;9:-,0@5=1;0@6=1;0@8=1;1@5=1;1@6=1;1@0=1;1@1=1;1@2=3;1@4=2;2@5=1;2@6=1;2@1=1;2@2=3;2@4=2;2@3=1;2@7=1;2@9=1;4@1=1;4@4=2;4@9=1;5@8=1;5@0=1;5@2=2;5@7=1;7@0=1;7@2=1;7@9=1;8@5=1;8@8=1;8@4=1,"5,6,8,0,1,2,4,3,7,9",38,30,30,0,1.0,-0.07352025764689413,0.35,0.028597625632040137,0.1,0.01800820923736883,0.4,8.840459823608398,Optimal
664,663,10,7,3,"ADD:4,3;ADD:5,9;ADD:6,0;ADD:6,1;ADD:6,2;ADD:7,0;ADD:8,3;REMOVE:0,2;REMOVE:2,1;REMOVE:8,8",0:2|3|6;1:5|6|7;2:1|2|8;3:-;4:6|7;5:0|8;6:-;7:2|7;8:2|8;9:-,0:3|6;1:5|6|7;2:2|8;3:-;4:3|6|7;5:0|8|9;6:0|1|2;7:0|2|7;8:2|3;9:-,0@3=1;0@6=2;1@1=2;1@2=1;1@8=1;2@4=2;2@7=1;4@3=2;4@1=1;4@8=1;4@4=1;5@5=1;5@9=1;6@3=1;6@1=1;6@2=1;6@0=2;7@5=1;7@9=1;7@0=2;8@3=1;8@7=1,"3,6,1,2,8,4,7,5,9,0",28,22,22,0,1.0,-0.4788144971861005,0.17647058823529413,0.045495602417147424,0.1764705882352941,0.041592163224436984,0.7,8.901394128799438,Optimal
665,664,18,5,13,"ADD:0,0;ADD:0,2;ADD:2,7;ADD:3,9;ADD:6,8;REMOVE:0,3;REMOVE:1,5;REMOVE:4,3;REMOVE:4,6;REMOVE:5,0;REMOVE:5,8;REMOVE:5,9;REMOVE:6,0;REMOVE:7,0;REMOVE:7,2;REMOVE:7,7;REMOVE:8,2;REMOVE:8,3",0:3|6;1:5|6|7;2:2|8;3:-;4:3|6|7;5:0|8|9;6:0|1|2;7:0|2|7;8:2|3;9:-,0:0|2|6;1:6|7;2:2|7|8;3:9;4:7;5:-;6:1|2|8;7:-;8:-;9:-,0@0=2;0@2=1;0@4=1;0@5=1;0@9=1;1@4=2;1@9=2;2@0=1;2@2=1;2@9=1;2@1=1;2@3=1;2@7=1;3@9=1;4@7=1;6@4=1;6@5=1;6@9=1;6@1=1,"0,2,4,5,9,1,3,7",22,19,19,0,1.0,0.04469884119293921,0.6190476190476191,0.03267081136139181,0.09523809523809523,0.02138238909055683,0.5,5.360307931900024,Optimal
666,665,13,6,7,"ADD:1,4;ADD:4,9;ADD:5,4;ADD:5,5;ADD:6,4;ADD:8,2;REMOVE:0,0;REMOVE:1,6;REMOVE:1,7;REMOVE:2,8;REMOVE:3,9;REMOVE:6,1;REMOVE:6,2",0:0|2|6;1:6|7;2:2|7|8;3:9;4:7;5:-;6:1|2|8;7:-;8:-;9:-,0:2|6;1:4;2:2|7;3:-;4:7|9;5:4|5;6:4|8;7:-;8:2;9:-,0@2=1;0@4=1;1@4=1;2@0=2;2@3=1;2@7=1;2@8=1;4@1=1;4@9=2;5@4=1;5@5=2;6@2=1;6@6=1;8@2=1,"2,4,0,3,7,8,1,9,5,6",17,14,14,0,1.0,-0.08784495724502928,0.5384615384615384,0.05376945929450151,0.15384615384615385,0.03800506890453985,0.6,6.2216150760650635,Optimal
667,666,12,9,3,"ADD:0,7;ADD:1,0;ADD:1,6;ADD:2,8;ADD:4,2;ADD:5,7;ADD:6,3;ADD:7,2;ADD:8,3;REMOVE:0,6;REMOVE:2,7;REMOVE:4,9",0:2|6;1:4;2:2|7;3:-;4:7|9;5:4|5;6:4|8;7:-;8:2;9:-,0:2|7;1:0|4|6;2:2|8;3:-;4:2|7;5:4|5|7;6:3|4|8;7:2;8:2|3;9:-,0@2=2;0@3=1;0@4=1;0@7=1;0@9=1;1@4=1;1@7=1;1@0=1;1@6=1;1@8=1;2@4=2;2@5=1;4@4=1;4@0=1;5@3=1;5@4=2;5@0=1;6@2=1;6@6=1;6@5=1;6@1=1;7@2=1;8@9=1;8@5=2,"2,3,4,7,9,0,6,8,5,1",28,24,24,0,1.0,-0.6035992570203657,0.25,0.03472369048003405,0.3333333333333333,0.009775619644701866,0.8999999999999999,7.9747231006622314,Optimal
668,667,19,11,8,"ADD:0,1;ADD:1,8;ADD:2,6;ADD:3,1;ADD:3,2;ADD:4,6;ADD:5,9;ADD:6,9;ADD:7,1;ADD:7,4;ADD:8,6;REMOVE:1,4;REMOVE:2,8;REMOVE:4,7;REMOVE:5,4;REMOVE:5,5;REMOVE:6,3;REMOVE:6,8;REMOVE:7,2",0:2|7;1:0|4|6;2:2|8;3:-;4:2|7;5:4|5|7;6:3|4|8;7:2;8:2|3;9:-,0:1|2|7;1:0|6|8;2:2|6;3:1|2;4:2|6;5:7|9;6:4|9;7:1|4;8:2|3|6;9:-,0@0=1;0@1=1;0@3=1;0@4=2;0@9=1;1@5=2;1@6=1;1@7=1;2@4=1;2@9=1;2@6=1;2@2=1;3@1=1;3@3=1;3@9=1;3@2=1;3@8=1;4@9=1;4@6=1;4@2=1;4@8=1;5@1=1;5@9=1;5@7=1;5@2=1;6@9=1;6@2=2;7@1=2;7@4=1;7@8=1;8@1=1;8@3=2;8@4=1,"0,1,3,4,9,5,6,7,2,8",38,33,33,0,1.0,-0.6601967487388875,0.4444444444444444,0.042730723757661855,0.2222222222222222,0.028093361274914675,1.0999999999999999,11.424430847167969,Optimal
669,668,13,6,7,"ADD:2,7;ADD:3,7;ADD:4,8;ADD:6,0;ADD:6,1;ADD:7,0;REMOVE:0,1;REMOVE:2,2;REMOVE:4,2;REMOVE:5,7;REMOVE:5,9;REMOVE:6,9;REMOVE:8,6",0:1|2|7;1:0|6|8;2:2|6;3:1|2;4:2|6;5:7|9;6:4|9;7:1|4;8:2|3|6;9:-,0:2|7;1:0|6|8;2:6|7;3:1|2|7;4:6|8;5:-;6:0|1|4;7:0|1|4;8:2|3;9:-,0@2=1;0@3=1;1@2=2;1@1=3;1@5=1;1@7=1;2@1=1;2@4=1;2@8=1;2@9=1;3@0=1;3@6=1;4@1=2;4@4=1;4@8=2;4@6=2;6@2=1;6@1=1;6@8=1;6@0=1;7@2=2;7@0=1;7@6=1;8@5=1;8@7=1;8@9=1,"2,3,1,5,7,4,8,9,0,6",33,26,26,0,1.0,-0.2525244031366938,0.3333333333333333,0.025154327537018732,0.2857142857142857,0.017713055120836797,0.6,7.726979970932007,Optimal
670,669,14,6,8,"ADD:4,3;ADD:5,1;ADD:5,5;ADD:6,7;ADD:7,5;ADD:8,9;REMOVE:3,1;REMOVE:3,2;REMOVE:3,7;REMOVE:6,0;REMOVE:6,4;REMOVE:7,0;REMOVE:7,1;REMOVE:8,2",0:2|7;1:0|6|8;2:6|7;3:1|2|7;4:6|8;5:-;6:0|1|4;7:0|1|4;8:2|3;9:-,0:2|7;1:0|6|8;2:6|7;3:-;4:3|6|8;5:1|5;6:1|7;7:4|5;8:3|9;9:-,0@0=1;0@3=2;0@7=1;0@8=1;1@0=1;1@4=1;2@8=1;2@4=1;2@1=1;2@6=1;4@3=1;4@4=1;4@2=1;4@9=1;5@1=1;5@5=1;6@3=1;6@8=1;6@1=2;7@8=1;7@4=1;7@5=1;8@1=1;8@2=1,"0,3,7,8,4,1,6,2,9,5",26,24,24,0,1.0,-0.21324921442819417,0.4,0.03967667608788739,0.15000000000000002,0.025047223507479243,0.6,7.142746925354004,Optimal
671,670,9,6,3,"ADD:0,3;ADD:2,9;ADD:3,3;ADD:4,0;ADD:6,4;ADD:7,9;REMOVE:1,0;REMOVE:4,3;REMOVE:7,5",0:2|7;1:0|6|8;2:6|7;3:-;4:3|6|8;5:1|5;6:1|7;7:4|5;8:3|9;9:-,0:2|3|7;1:6|8;2:6|7|9;3:3;4:0|6|8;5:1|5;6:1|4|7;7:4|9;8:3|9;9:-,0@0=1;0@1=1;0@2=2;0@3=1;0@5=1;1@4=1;2@3=1;2@4=1;2@6=1;2@7=1;2@9=1;3@3=1;4@0=1;4@1=2;4@4=1;4@6=1;4@7=1;5@3=2;6@1=2;6@2=1;6@3=1;6@4=1;6@9=1;7@2=1;7@6=1;7@7=1;8@1=1,"0,1,2,3,5,4,6,7,9",31,27,27,0,1.0,-0.37499783493904143,0.16666666666666666,0.03808927639554882,0.2777777777777778,0.02820927527815299,0.6,9.381712198257446,Optimal
672,671,14,5,9,"ADD:2,2;ADD:3,1;ADD:4,3;ADD:7,0;ADD:8,4;REMOVE:0,3;REMOVE:2,6;REMOVE:3,3;REMOVE:4,0;REMOVE:4,8;REMOVE:6,7;REMOVE:7,9;REMOVE:8,3;REMOVE:8,9",0:2|3|7;1:6|8;2:6|7|9;3:3;4:0|6|8;5:1|5;6:1|4|7;7:4|9;8:3|9;9:-,0:2|7;1:6|8;2:2|7|9;3:1;4:3|6;5:1|5;6:1|4;7:0|4;8:4;9:-,0@2=1;0@4=1;0@9=1;1@4=1;1@1=1;1@6=1;2@2=2;2@4=1;2@1=1;2@0=1;2@8=1;3@1=1;4@9=1;4@6=1;4@3=2;4@7=1;5@3=1;6@4=1;6@1=1;6@6=1;7@2=1;7@0=1;7@7=1;8@4=1,"2,4,9,1,6,0,8,3,7",26,24,24,0,1.0,-0.08390970950176013,0.42857142857142855,0.045257833948863624,0.14285714285714285,0.042277259552887636,0.5,8.067574739456177,Optimal
673,672,16,6,10,"ADD:0,8;ADD:1,7;ADD:3,2;ADD:4,2;ADD:4,7;ADD:7,6;REMOVE:0,2;REMOVE:1,6;REMOVE:3,1;REMOVE:4,6;REMOVE:5,5;REMOVE:6,1;REMOVE:6,4;REMOVE:7,0;REMOVE:7,4;REMOVE:8,4",0:2|7;1:6|8;2:2|7|9;3:1;4:3|6;5:1|5;6:1|4;7:0|4;8:4;9:-,0:7|8;1:7|8;2:2|7|9;3:2;4:2|3|7;5:1;6:-;7:6;8:-;9:-,0@1=1;0@2=1;0@6=1;1@1=1;1@2=1;1@4=1;2@1=1;2@2=2;2@4=1;2@9=2;3@2=1;4@1=1;4@4=2;4@0=1;4@3=1;5@1=1;7@6=1,"1,2,6,4,9,0,3",20,17,17,0,1.0,-0.08919637972220618,0.5882352941176471,0.04098139781059753,0.0,0.03715133367599059,0.6,8.490431070327759,Optimal
674,673,16,9,7,"ADD:0,2;ADD:1,5;ADD:5,0;ADD:5,9;ADD:6,1;ADD:6,2;ADD:7,5;ADD:7,7;ADD:8,7;REMOVE:0,7;REMOVE:1,7;REMOVE:2,2;REMOVE:2,7;REMOVE:2,9;REMOVE:3,2;REMOVE:4,2",0:7|8;1:7|8;2:2|7|9;3:2;4:2|3|7;5:1;6:-;7:6;8:-;9:-,0:2|8;1:5|8;2:-;3:-;4:3|7;5:0|1|9;6:1|2;7:5|6|7;8:7;9:-,0@2=1;0@4=1;0@5=2;1@2=1;1@5=2;1@8=1;4@2=2;4@1=1;5@2=1;5@1=1;5@0=1;6@2=1;6@1=1;6@3=1;6@9=1;7@2=1;7@4=1;7@5=1;7@1=1;7@9=1;7@7=1;8@7=1,"2,4,5,8,1,0,3,9,7",25,22,22,0,1.0,-0.38367845051210625,0.5384615384615384,0.04311380622125507,0.23076923076923078,0.024537137939063584,0.8999999999999999,9.720737934112549,Optimal
675,674,17,11,6,"ADD:0,7;ADD:1,7;ADD:2,5;ADD:2,6;ADD:2,7;ADD:4,0;ADD:4,6;ADD:5,2;ADD:5,8;ADD:6,4;ADD:8,2;REMOVE:0,2;REMOVE:4,7;REMOVE:5,0;REMOVE:5,1;REMOVE:6,1;REMOVE:7,5",0:2|8;1:5|8;2:-;3:-;4:3|7;5:0|1|9;6:1|2;7:5|6|7;8:7;9:-,0:7|8;1:5|7|8;2:5|6|7;3:-;4:0|3|6;5:2|8|9;6:2|4;7:6|7;8:2|7;9:-,0@1=1;0@2=1;0@7=1;0@8=3;1@1=2;1@0=2;1@4=1;1@6=2;2@7=1;2@0=1;2@4=1;2@6=1;2@5=1;2@9=1;4@1=1;4@2=3;4@0=1;4@6=1;5@8=1;5@4=1;5@5=1;5@9=2;6@2=2;6@7=1;6@8=1;6@4=2;7@8=2;7@4=1;8@7=1;8@0=1;8@9=1,"1,2,7,8,0,4,6,5,9",42,31,31,0,1.0,-0.7030764960250684,0.4,0.04077157489667584,0.2,0.021531220287953845,1.0999999999999999,8.740628004074097,Optimal
676,675,13,5,8,"ADD:0,5;ADD:3,1;ADD:4,2;ADD:6,7;ADD:8,8;REMOVE:1,5;REMOVE:4,0;REMOVE:4,3;REMOVE:5,8;REMOVE:6,4;REMOVE:7,6;REMOVE:7,7;REMOVE:8,2",0:7|8;1:5|7|8;2:5|6|7;3:-;4:0|3|6;5:2|8|9;6:2|4;7:6|7;8:2|7;9:-,0:5|7|8;1:7|8;2:5|6|7;3:1;4:2|6;5:2|9;6:2|7;7:-;8:7|8;9:-,0@0=1;0@1=2;0@4=1;0@5=2;0@8=1;1@1=1;1@4=1;2@0=1;2@1=1;2@4=1;2@7=1;2@9=1;3@1=1;4@4=1;4@8=1;4@7=1;4@2=1;4@6=1;5@7=1;5@9=1;5@2=1;5@3=1;6@0=1;6@4=1;6@8=1;6@9=1;6@2=1;8@1=1;8@4=1,"0,1,4,5,8,7,9,2,6,3",31,29,29,0,1.0,-0.14039013632941794,0.4,0.03108125385777756,0.05,0.02372430292179977,0.5,8.32784628868103,Optimal
677,676,12,7,5,"ADD:0,2;ADD:1,0;ADD:3,5;ADD:4,1;ADD:5,8;ADD:7,8;ADD:7,9;REMOVE:0,5;REMOVE:3,1;REMOVE:4,2;REMOVE:8,7;REMOVE:8,8",0:5|7|8;1:7|8;2:5|6|7;3:1;4:2|6;5:2|9;6:2|7;7:-;8:7|8;9:-,0:2|7|8;1:0|7|8;2:5|6|7;3:5;4:1|6;5:2|8|9;6:2|7;7:8|9;8:-;9:-,0@2=3;0@3=1;0@5=1;0@6=1;0@8=1;0@9=3;1@2=1;1@0=2;1@1=2;1@4=1;1@7=1;2@2=1;2@3=1;2@5=1;2@6=2;3@5=1;4@8=1;4@1=2;5@5=1;5@1=1;5@4=3;6@3=1;6@0=1;7@8=1;7@9=1,"2,3,5,6,8,9,0,1,4,7",35,25,25,0,1.0,-0.3840117214764345,0.29411764705882354,0.04737026799352738,0.1764705882352941,0.037519144173129446,0.7,5.381643056869507,Optimal
678,677,10,7,3,"ADD:3,1;ADD:3,7;ADD:4,2;ADD:4,7;ADD:7,4;ADD:8,1;ADD:8,4;REMOVE:3,5;REMOVE:4,6;REMOVE:6,7",0:2|7|8;1:0|7|8;2:5|6|7;3:5;4:1|6;5:2|8|9;6:2|7;7:8|9;8:-;9:-,0:2|7|8;1:0|7|8;2:5|6|7;3:1|7;4:1|2|7;5:2|8|9;6:2;7:4|8|9;8:1|4;9:-,0@0=1;0@2=1;0@3=1;0@5=1;1@2=3;1@5=2;1@4=1;2@0=1;2@2=1;2@5=1;2@4=3;2@1=3;2@7=1;3@3=1;3@8=1;3@9=1;4@0=1;4@2=1;4@4=1;4@1=1;4@7=1;5@2=1;5@3=1;5@4=2;5@1=2;6@2=1;7@2=1;7@4=1;7@1=1;7@9=1;8@4=2;8@1=1,"0,2,3,5,4,1,7,8,9",42,32,32,0,1.0,-0.5110953248848131,0.15789473684210525,0.03177254001888724,0.15789473684210525,0.02795953128985912,0.7,11.094951152801514,Optimal
679,678,12,4,8,"ADD:1,2;ADD:3,2;ADD:6,8;ADD:7,0;REMOVE:0,7;REMOVE:1,0;REMOVE:1,8;REMOVE:3,1;REMOVE:3,7;REMOVE:5,2;REMOVE:6,2;REMOVE:7,4",0:2|7|8;1:0|7|8;2:5|6|7;3:1|7;4:1|2|7;5:2|8|9;6:2;7:4|8|9;8:1|4;9:-,0:2|8;1:2|7;2:5|6|7;3:2;4:1|2|7;5:8|9;6:8;7:0|8|9;8:1|4;9:-,0@4=2;0@8=1;1@4=1;1@3=1;1@9=3;2@4=1;2@0=2;2@7=1;3@2=1;4@4=2;4@0=3;4@1=1;5@7=1;5@1=1;6@8=1;7@0=1;7@6=1;8@4=1;8@8=1,"4,8,3,9,0,7,2,1,6",26,19,19,0,1.0,-0.062802356690005,0.34782608695652173,0.02522513661726801,0.17391304347826086,0.019870278776555235,0.4,5.381358861923218,Optimal
680,679,16,5,11,"ADD:0,7;ADD:3,0;ADD:6,3;ADD:7,4;ADD:8,9;REMOVE:0,2;REMOVE:2,5;REMOVE:2,6;REMOVE:2,7;REMOVE:4,1;REMOVE:5,8;REMOVE:7,0;REMOVE:7,8;REMOVE:7,9;REMOVE:8,1;REMOVE:8,4",0:2|8;1:2|7;2:5|6|7;3:2;4:1|2|7;5:8|9;6:8;7:0|8|9;8:1|4;9:-,0:7|8;1:2|7;2:-;3:0|2;4:2|7;5:9;6:3|8;7:4;8:9;9:-,0@1=1;0@2=1;0@4=1;1@4=2;1@7=1;1@9=1;3@0=1;3@5=1;4@2=1;4@4=1;4@9=1;4@0=1;4@3=1;5@9=2;6@1=1;6@5=1;7@4=1;8@9=1,"1,2,4,7,9,0,5,3",20,18,18,0,1.0,0.016693773007892876,0.5789473684210527,0.034150186189581475,0.10526315789473684,0.025815488702191247,0.5,6.237997055053711,Optimal
681,680,19,7,12,"ADD:0,3;ADD:3,4;ADD:5,2;ADD:6,2;ADD:7,1;ADD:8,0;ADD:8,1;REMOVE:0,8;REMOVE:1,2;REMOVE:1,7;REMOVE:3,0;REMOVE:3,2;REMOVE:4,2;REMOVE:4,7;REMOVE:5,9;REMOVE:6,3;REMOVE:6,8;REMOVE:7,4;REMOVE:8,9",0:7|8;1:2|7;2:-;3:0|2;4:2|7;5:9;6:3|8;7:4;8:9;9:-,0:3|7;1:-;2:-;3:4;4:-;5:2;6:2;7:1;8:0|1;9:-,0@3=1;0@7=1;3@4=1;5@2=2;6@2=1;7@1=1;8@1=2;8@0=1,"3,7,4,2,1,0",10,8,8,0,1.0,0.13764361898776578,0.9230769230769231,0.10374074460841824,0.0,0.08094742419746322,0.7,3.7541041374206543,Optimal
682,681,20,15,5,"ADD:0,5;ADD:0,6;ADD:1,4;ADD:1,7;ADD:2,2;ADD:4,3;ADD:4,9;ADD:5,0;ADD:5,1;ADD:5,5;ADD:6,0;ADD:6,6;ADD:6,8;ADD:7,2;ADD:8,3;REMOVE:0,3;REMOVE:3,4;REMOVE:5,2;REMOVE:6,2;REMOVE:8,1",0:3|7;1:-;2:-;3:4;4:-;5:2;6:2;7:1;8:0|1;9:-,0:5|6|7;1:4|7;2:2;3:-;4:3|9;5:0|1|5;6:0|6|8;7:1|2;8:0|3;9:-,0@0=2;0@1=1;0@2=2;0@3=1;0@4=1;0@5=1;0@9=1;1@2=1;1@4=1;1@6=1;1@7=1;2@2=1;4@1=1;4@2=1;4@3=1;4@9=2;4@7=1;5@0=1;5@1=2;5@3=1;5@5=1;6@0=3;6@1=1;6@2=1;6@4=1;6@5=1;6@6=2;7@2=1;7@8=2;8@2=1;8@3=1,"0,1,2,3,4,5,9,6,7,8",39,31,31,0,1.0,-0.90535048183681,0.625,0.04732252615290057,0.25,0.033957486204348436,1.5000000000000002,12.126296997070312,Optimal
683,682,16,10,6,"ADD:1,0;ADD:1,1;ADD:2,7;ADD:2,8;ADD:3,2;ADD:3,6;ADD:4,0;ADD:5,6;ADD:7,7;ADD:8,8;REMOVE:1,7;REMOVE:2,2;REMOVE:4,3;REMOVE:5,0;REMOVE:5,5;REMOVE:8,0",0:5|6|7;1:4|7;2:2;3:-;4:3|9;5:0|1|5;6:0|6|8;7:1|2;8:0|3;9:-,0:5|6|7;1:0|1|4;2:7|8;3:2|6;4:0|9;5:1|6;6:0|6|8;7:1|2|7;8:3|8;9:-,0@1=1;0@3=1;0@6=4;0@7=1;0@8=1;1@1=1;1@7=2;1@0=1;1@4=1;2@1=1;2@6=1;2@8=1;2@4=2;2@2=1;3@6=2;3@8=1;3@2=1;3@9=1;4@0=1;4@9=1;5@8=1;5@9=1;6@1=2;6@0=1;7@1=1;7@7=1;7@8=1;7@0=1;7@4=2;8@7=1;8@8=1;8@2=1,"1,3,6,7,8,0,4,2,9",40,32,32,0,1.0,-0.6552938173284608,0.3333333333333333,0.04646023181679272,0.16666666666666666,0.03768998609052408,0.9999999999999999,6.628957986831665,Optimal
684,683,12,7,5,"ADD:1,6;ADD:2,5;ADD:3,0;ADD:4,8;ADD:5,4;ADD:5,5;ADD:8,9;REMOVE:1,0;REMOVE:3,2;REMOVE:5,1;REMOVE:5,6;REMOVE:7,7",0:5|6|7;1:0|1|4;2:7|8;3:2|6;4:0|9;5:1|6;6:0|6|8;7:1|2|7;8:3|8;9:-,0:5|6|7;1:1|4|6;2:5|7|8;3:0|6;4:0|8|9;5:4|5;6:0|6|8;7:1|2;8:3|8|9;9:-,0@2=2;0@9=1;1@9=1;1@1=1;1@4=1;1@6=1;1@7=1;1@8=1;2@1=1;2@4=2;2@6=1;2@7=1;2@0=1;2@3=1;2@5=2;3@6=1;3@7=1;3@0=1;4@1=1;4@8=1;4@0=1;5@4=1;5@8=2;5@5=1;6@2=1;6@4=2;6@0=1;6@5=1;7@3=1;8@2=1;8@9=1;8@1=1;8@6=1;8@3=1,"2,9,1,4,6,7,8,0,3,5",39,34,34,0,1.0,-0.42742011303189786,0.22727272727272727,0.038633433170992215,0.27272727272727276,0.026547520338359474,0.7,12.255868911743164,Optimal
685,684,16,5,11,"ADD:1,0;ADD:1,3;ADD:3,2;ADD:5,9;ADD:7,9;REMOVE:0,6;REMOVE:1,1;REMOVE:1,4;REMOVE:1,6;REMOVE:2,8;REMOVE:4,0;REMOVE:6,0;REMOVE:6,6;REMOVE:6,8;REMOVE:7,2;REMOVE:8,8",0:5|6|7;1:1|4|6;2:5|7|8;3:0|6;4:0|8|9;5:4|5;6:0|6|8;7:1|2;8:3|8|9;9:-,0:5|7;1:0|3;2:5|7;3:0|2|6;4:8|9;5:4|5|9;6:-;7:1|9;8:3|9;9:-,0@2=1;1@0=1;1@3=1;2@3=1;2@5=1;3@2=1;3@5=1;3@4=1;4@2=1;4@1=2;5@4=2;5@8=1;5@9=1;7@3=1;7@1=1;7@9=1;7@6=1;8@1=2;8@7=1,"2,0,3,5,4,1,8,9,6,7",22,19,19,0,1.0,-0.0546215131881731,0.4583333333333333,0.039523243284909367,0.20833333333333331,0.027132794252830144,0.5,6.770318031311035,Optimal
686,685,15,9,6,"ADD:0,9;ADD:1,7;ADD:2,6;ADD:3,8;ADD:4,3;ADD:6,7;ADD:6,9;ADD:7,2;ADD:8,6;REMOVE:0,5;REMOVE:1,0;REMOVE:3,0;REMOVE:4,9;REMOVE:7,9;REMOVE:8,3",0:5|7;1:0|3;2:5|7;3:0|2|6;4:8|9;5:4|5|9;6:-;7:1|9;8:3|9;9:-,0:7|9;1:3|7;2:5|6|7;3:2|6|8;4:3|8;5:4|5|9;6:7|9;7:1|2;8:6|9;9:-,0@2=1;0@3=1;0@6=1;0@7=1;1@7=1;1@9=1;2@2=1;2@6=1;2@9=1;2@1=1;2@4=1;3@2=1;3@7=1;3@1=2;3@5=1;4@3=1;4@7=1;5@2=2;5@3=2;5@4=1;5@5=1;6@2=1;6@7=2;6@9=1;6@1=1;7@3=1;7@9=1;7@8=1;8@6=1;8@9=1,"2,3,6,7,9,1,4,5,8",34,30,30,0,1.0,-0.5367264212638281,0.3333333333333333,0.03357215446616297,0.33333333333333337,0.01541260914954068,0.8999999999999999,8.836957216262817,Optimal
687,686,13,3,10,"ADD:0,8;ADD:4,2;ADD:4,7;REMOVE:0,9;REMOVE:2,5;REMOVE:3,2;REMOVE:3,6;REMOVE:3,8;REMOVE:4,3;REMOVE:4,8;REMOVE:5,4;REMOVE:6,7;REMOVE:6,9",0:7|9;1:3|7;2:5|6|7;3:2|6|8;4:3|8;5:4|5|9;6:7|9;7:1|2;8:6|9;9:-,0:7|8;1:3|7;2:6|7;3:-;4:2|7;5:5|9;6:-;7:1|2;8:6|9;9:-,0@2=1;0@6=1;0@7=1;0@8=2;1@7=1;1@3=1;1@9=1;2@4=1;4@7=2;4@8=1;4@9=1;4@0=1;5@3=2;5@5=1;7@3=1;7@1=1;8@1=1,"2,6,7,8,3,9,4,0,5,1",20,17,17,0,1.0,0.14958879348339676,0.47619047619047616,0.044693594205705234,0.14285714285714285,0.021550542975115383,0.30000000000000004,5.7255659103393555,Optimal
688,687,17,5,12,"ADD:0,3;ADD:3,1;ADD:5,7;ADD:6,1;ADD:7,8;REMOVE:0,7;REMOVE:0,8;REMOVE:1,3;REMOVE:2,6;REMOVE:2,7;REMOVE:4,2;REMOVE:5,5;REMOVE:5,9;REMOVE:7,1;REMOVE:7,2;REMOVE:8,6;REMOVE:8,9",0:7|8;1:3|7;2:6|7;3:-;4:2|7;5:5|9;6:-;7:1|2;8:6|9;9:-,0:3;1:7;2:-;3:1;4:7;5:7;6:1;7:8;8:-;9:-,0@1=1;0@5=1;0@9=1;1@1=1;1@9=1;1@2=1;3@1=1;4@2=1;4@4=1;4@8=1;5@9=1;5@0=1;5@3=1;6@1=1;7@1=1;7@5=1;7@4=1,"1,5,9,2,4,8,0,3",17,17,17,0,1.0,0.19455281601144025,0.8571428571428571,0.011048162871443218,0.0,0.0,0.5,1.1850061416625977,Optimal
689,688,21,16,5,"ADD:0,2;ADD:0,7;ADD:0,9;ADD:1,1;ADD:1,2;ADD:2,4;ADD:2,5;ADD:3,3;ADD:3,4;ADD:4,1;ADD:4,4;ADD:5,2;ADD:5,8;ADD:7,7;ADD:8,7;ADD:8,8;REMOVE:0,3;REMOVE:1,7;REMOVE:3,1;REMOVE:4,7;REMOVE:5,7",0:3;1:7;2:-;3:1;4:7;5:7;6:1;7:8;8:-;9:-,0:2|7|9;1:1|2;2:4|5;3:3|4;4:1|4;5:2|8;6:1;7:7|8;8:7|8;9:-,0@0=1;0@2=3;0@4=1;0@6=1;0@7=1;0@9=1;1@2=1;1@1=1;1@3=1;2@2=1;2@4=1;2@5=1;3@2=1;3@4=1;3@3=2;4@4=1;4@6=1;4@1=2;5@2=3;5@4=1;5@5=1;5@8=1;6@1=1;7@2=1;7@4=1;7@1=1;8@2=1;8@4=1;8@1=1,"0,2,4,6,7,9,1,3,5,8",35,29,29,0,1.0,-0.9707762765854975,0.7142857142857143,0.059153633830434274,0.0,0.052361224607919615,1.6000000000000003,5.162397861480713,Optimal
690,689,13,6,7,"ADD:1,6;ADD:3,8;ADD:4,2;ADD:4,3;ADD:6,2;ADD:7,9;REMOVE:0,9;REMOVE:1,1;REMOVE:2,4;REMOVE:2,5;REMOVE:3,4;REMOVE:4,1;REMOVE:4,4",0:2|7|9;1:1|2;2:4|5;3:3|4;4:1|4;5:2|8;6:1;7:7|8;8:7|8;9:-,0:2|7;1:2|6;2:-;3:3|8;4:2|3;5:2|8;6:1|2;7:7|8|9;8:7|8;9:-,0@0=2;0@2=5;0@4=3;0@7=2;1@4=1;1@9=1;3@2=2;3@1=2;3@8=1;4@2=1;4@7=1;4@9=1;4@5=1;5@5=1;6@2=1;6@7=1;6@1=1;6@8=1;7@2=1;7@4=1;7@9=2;7@6=1;8@2=1;8@7=1;8@8=1,"0,2,4,7,9,1,8,5,6",36,25,25,0,1.0,-0.22925378741101526,0.3888888888888889,0.04040478403085351,0.1111111111111111,0.025445260154842504,0.6,6.215328931808472,Optimal
691,690,12,4,8,"ADD:0,1;ADD:3,6;ADD:4,1;ADD:6,7;REMOVE:1,2;REMOVE:1,6;REMOVE:3,3;REMOVE:3,8;REMOVE:4,3;REMOVE:7,7;REMOVE:8,7;REMOVE:8,8",0:2|7;1:2|6;2:-;3:3|8;4:2|3;5:2|8;6:1|2;7:7|8|9;8:7|8;9:-,0:1|2|7;1:-;2:-;3:6;4:1|2;5:2|8;6:1|2|7;7:8|9;8:-;9:-,0@0=1;0@1=1;0@2=1;0@4=4;3@6=1;4@1=1;4@2=3;4@3=1;5@4=1;5@8=2;6@1=1;6@4=2;6@3=1;7@1=1,"0,1,2,4,6,3,8",21,14,14,0,1.0,0.04428027495137232,0.47058823529411764,0.049847026503420246,0.11764705882352941,0.022013268743180818,0.4,3.322232961654663,Optimal
692,691,9,2,7,"ADD:4,0;ADD:6,8;REMOVE:0,1;REMOVE:3,6;REMOVE:6,1;REMOVE:6,2;REMOVE:6,7;REMOVE:7,8;REMOVE:7,9",0:1|2|7;1:-;2:-;3:6;4:1|2;5:2|8;6:1|2|7;7:8|9;8:-;9:-,0:2|7;1:-;2:-;3:-;4:0|1|2;5:2|8;6:8;7:-;8:-;9:-,0@0=1;0@4=1;0@8=1;0@9=1;4@0=1;4@9=1;4@2=1;4@5=1;5@8=1;5@2=1;6@8=1,"0,4,8,9,2,5",11,11,11,0,1.0,0.26821128683908035,0.5384615384615384,0.04144490285799725,0.0,0.021430668917258987,0.2,3.957712173461914,Optimal
