slot,timestamp,action_count,adds,removes,actions,placement_before,placement_after,demand,attachment_points,total_requests,demand_pairs,covered_pairs_after,uncovered_pairs_after,coverage_ratio_after,objective,R_nominal,B_nominal,R_wc,B_wc,Op_cost,solve_time,status
1,0,0,0,0,-,0:4|8;1:5|7;2:5|7|8;3:5|6|8;4:7|9;5:0|1|8|9;6:8;7:0|3|4|5|6;8:3|4|5|8;9:0|7|8,0:-;1:-;2:-;3:-;4:-;5:-;6:-;7:-;8:-;9:-,2@0=1;2@2=1;4@5=1;4@7=1;4@8=1;5@9=1,"0,2,5,7,8,9",6,6,0,6,0.0,0.0,0.0,0.0,0.0,0.0,0.0,0.0,"Feasible(status=11,gap=13.876511)"
2,1,0,0,0,-,0:4|8;1:5|7;2:5|7|8;3:5|6|8;4:7|9;5:0|1|8|9;6:8;7:0|3|4|5|6;8:3|4|5|8;9:0|7|8,0:-;1:-;2:-;3:-;4:-;5:-;6:-;7:-;8:-;9:-,2@1=1;2@2=1;2@3=2;5@7=1,"1,2,3,7",5,4,0,4,0.0,0.0,0.0,0.0,0.0,0.0,0.0,0.0,"Feasible(status=11,gap=13.876511)"
3,2,0,0,0,-,0:4|8;1:5|7;2:5|7|8;3:5|6|8;4:7|9;5:0|1|8|9;6:8;7:0|3|4|5|6;8:3|4|5|8;9:0|7|8,0:-;1:-;2:-;3:-;4:-;5:-;6:-;7:-;8:-;9:-,2@3=1;4@3=1,3,2,2,0,2,0.0,0.0,0.0,0.0,0.0,0.0,0.0,0.0,"Feasible(status=11,gap=13.876511)"
4,3,0,0,0,-,0:4|8;1:5|7;2:5|7|8;3:5|6|8;4:7|9;5:0|1|8|9;6:8;7:0|3|4|5|6;8:3|4|5|8;9:0|7|8,0:-;1:-;2:-;3:-;4:-;5:-;6:-;7:-;8:-;9:-,2@1=1;4@1=2,1,3,2,0,2,0.0,0.0,0.0,0.0,0.0,0.0,0.0,0.0,"Feasible(status=11,gap=13.876511)"
5,4,0,0,0,-,0:4|8;1:5|7;2:5|7|8;3:5|6|8;4:7|9;5:0|1|8|9;6:8;7:0|3|4|5|6;8:3|4|5|8;9:0|7|8,0:-;1:-;2:-;3:-;4:-;5:-;6:-;7:-;8:-;9:-,2@4=1;2@6=1;2@7=1;5@4=1;6@3=1,"4,6,7,3",5,5,0,5,0.0,0.0,0.0,0.0,0.0,0.0,0.0,0.0,"Feasible(status=11,gap=13.876511)"
6,5,0,0,0,-,0:4|8;1:5|7;2:5|7|8;3:5|6|8;4:7|9;5:0|1|8|9;6:8;7:0|3|4|5|6;8:3|4|5|8;9:0|7|8,0:-;1:-;2:-;3:-;4:-;5:-;6:-;7:-;8:-;9:-,2@4=1;4@7=1,"4,7",2,2,0,2,0.0,0.0,0.0,0.0,0.0,0.0,0.0,0.0,"Feasible(status=11,gap=13.876511)"
7,6,0,0,0,-,0:4|8;1:5|7;2:5|7|8;3:5|6|8;4:7|9;5:0|1|8|9;6:8;7:0|3|4|5|6;8:3|4|5|8;9:0|7|8,0:-;1:-;2:-;3:-;4:-;5:-;6:-;7:-;8:-;9:-,4@4=1,4,1,1,0,1,0.0,0.0,0.0,0.0,0.0,0.0,0.0,0.0,"Feasible(status=11,gap=13.876511)"
8,7,0,0,0,-,0:4|8;1:5|7;2:5|7|8;3:5|6|8;4:7|9;5:0|1|8|9;6:8;7:0|3|4|5|6;8:3|4|5|8;9:0|7|8,0:-;1:-;2:-;3:-;4:-;5:-;6:-;7:-;8:-;9:-,6@5=1,5,1,1,0,1,0.0,0.0,0.0,0.0,0.0,0.0,0.0,0.0,"Feasible(status=11,gap=13.876511)"
9,8,0,0,0,-,0:4|8;1:5|7;2:5|7|8;3:5|6|8;4:7|9;5:0|1|8|9;6:8;7:0|3|4|5|6;8:3|4|5|8;9:0|7|8,0:-;1:-;2:-;3:-;4:-;5:-;6:-;7:-;8:-;9:-,4@1=1;4@2=1;4@8=1,"1,2,8",3,3,0,3,0.0,0.0,0.0,0.0,0.0,0.0,0.0,0.0,"Feasible(status=11,gap=13.876511)"
10,9,0,0,0,-,0:4|8;1:5|7;2:5|7|8;3:5|6|8;4:7|9;5:0|1|8|9;6:8;7:0|3|4|5|6;8:3|4|5|8;9:0|7|8,0:-;1:-;2:-;3:-;4:-;5:-;6:-;7:-;8:-;9:-,3@8=1;4@3=1,"8,3",2,2,0,2,0.0,0.0,0.0,0.0,0.0,0.0,0.0,0.0,"Feasible(status=11,gap=13.876511)"
11,10,0,0,0,-,0:4|8;1:5|7;2:5|7|8;3:5|6|8;4:7|9;5:0|1|8|9;6:8;7:0|3|4|5|6;8:3|4|5|8;9:0|7|8,0:-;1:-;2:-;3:-;4:-;5:-;6:-;7:-;8:-;9:-,4@1=1;4@2=1;5@6=1,"1,2,6",3,3,0,3,0.0,0.0,0.0,0.0,0.0,0.0,0.0,0.0,"Feasible(status=11,gap=13.876511)"
12,11,0,0,0,-,0:4|8;1:5|7;2:5|7|8;3:5|6|8;4:7|9;5:0|1|8|9;6:8;7:0|3|4|5|6;8:3|4|5|8;9:0|7|8,0:-;1:-;2:-;3:-;4:-;5:-;6:-;7:-;8:-;9:-,4@3=1,3,1,1,0,1,0.0,0.0,0.0,0.0,0.0,0.0,0.0,0.0,"Feasible(status=11,gap=13.876511)"
13,12,0,0,0,-,0:4|8;1:5|7;2:5|7|8;3:5|6|8;4:7|9;5:0|1|8|9;6:8;7:0|3|4|5|6;8:3|4|5|8;9:0|7|8,0:-;1:-;2:-;3:-;4:-;5:-;6:-;7:-;8:-;9:-,3@6=1;3@8=1;4@0=1;5@8=1,"6,8,0",4,4,0,4,0.0,0.0,0.0,0.0,0.0,0.0,0.0,0.0,"Feasible(status=11,gap=13.876511)"
14,13,0,0,0,-,0:4|8;1:5|7;2:5|7|8;3:5|6|8;4:7|9;5:0|1|8|9;6:8;7:0|3|4|5|6;8:3|4|5|8;9:0|7|8,0:-;1:-;2:-;3:-;4:-;5:-;6:-;7:-;8:-;9:-,2@4=1;2@9=1;4@5=1,"4,9,5",3,3,0,3,0.0,0.0,0.0,0.0,0.0,0.0,0.0,0.0,"Feasible(status=11,gap=13.876511)"
15,14,0,0,0,-,0:4|8;1:5|7;2:5|7|8;3:5|6|8;4:7|9;5:0|1|8|9;6:8;7:0|3|4|5|6;8:3|4|5|8;9:0|7|8,0:-;1:-;2:-;3:-;4:-;5:-;6:-;7:-;8:-;9:-,2@6=1;4@6=1;4@2=2;5@1=1,"6,2,1",5,4,0,4,0.0,0.0,0.0,0.0,0.0,0.0,0.0,0.0,"Feasible(status=11,gap=13.876511)"
16,15,0,0,0,-,0:4|8;1:5|7;2:5|7|8;3:5|6|8;4:7|9;5:0|1|8|9;6:8;7:0|3|4|5|6;8:3|4|5|8;9:0|7|8,0:-;1:-;2:-;3:-;4:-;5:-;6:-;7:-;8:-;9:-,2@0=1;2@2=1;4@5=1,"0,2,5",3,3,0,3,0.0,0.0,0.0,0.0,0.0,0.0,0.0,0.0,"Feasible(status=11,gap=13.876511)"
17,16,0,0,0,-,0:4|8;1:5|7;2:5|7|8;3:5|6|8;4:7|9;5:0|1|8|9;6:8;7:0|3|4|5|6;8:3|4|5|8;9:0|7|8,0:-;1:-;2:-;3:-;4:-;5:-;6:-;7:-;8:-;9:-,4@2=1;4@3=1,"2,3",2,2,0,2,0.0,0.0,0.0,0.0,0.0,0.0,0.0,0.0,"Feasible(status=11,gap=13.876511)"
18,17,0,0,0,-,0:4|8;1:5|7;2:5|7|8;3:5|6|8;4:7|9;5:0|1|8|9;6:8;7:0|3|4|5|6;8:3|4|5|8;9:0|7|8,0:-;1:-;2:-;3:-;4:-;5:-;6:-;7:-;8:-;9:-,4@4=1,4,1,1,0,1,0.0,0.0,0.0,0.0,0.0,0.0,0.0,0.0,"Feasible(status=11,gap=13.876511)"
19,18,0,0,0,-,0:4|8;1:5|7;2:5|7|8;3:5|6|8;4:7|9;5:0|1|8|9;6:8;7:0|3|4|5|6;8:3|4|5|8;9:0|7|8,0:-;1:-;2:-;3:-;4:-;5:-;6:-;7:-;8:-;9:-,5@2=1,2,1,1,0,1,0.0,0.0,0.0,0.0,0.0,0.0,0.0,0.0,"Feasible(status=11,gap=13.876511)"
20,19,0,0,0,-,0:4|8;1:5|7;2:5|7|8;3:5|6|8;4:7|9;5:0|1|8|9;6:8;7:0|3|4|5|6;8:3|4|5|8;9:0|7|8,0:-;1:-;2:-;3:-;4:-;5:-;6:-;7:-;8:-;9:-,4@0=1;6@2=1;6@7=2,"0,2,7",4,3,0,3,0.0,0.0,0.0,0.0,0.0,0.0,0.0,0.0,"Feasible(status=11,gap=13.876511)"
21,20,0,0,0,-,0:4|8;1:5|7;2:5|7|8;3:5|6|8;4:7|9;5:0|1|8|9;6:8;7:0|3|4|5|6;8:3|4|5|8;9:0|7|8,0:-;1:-;2:-;3:-;4:-;5:-;6:-;7:-;8:-;9:-,2@9=1;4@4=1,"9,4",2,2,0,2,0.0,0.0,0.0,0.0,0.0,0.0,0.0,0.0,"Feasible(status=11,gap=13.876511)"
22,21,0,0,0,-,0:4|8;1:5|7;2:5|7|8;3:5|6|8;4:7|9;5:0|1|8|9;6:8;7:0|3|4|5|6;8:3|4|5|8;9:0|7|8,0:-;1:-;2:-;3:-;4:-;5:-;6:-;7:-;8:-;9:-,4@0=1;4@2=1;4@4=1,"0,2,4",3,3,0,3,0.0,0.0,0.0,0.0,0.0,0.0,0.0,0.0,"Feasible(status=11,gap=13.876511)"
23,22,0,0,0,-,0:4|8;1:5|7;2:5|7|8;3:5|6|8;4:7|9;5:0|1|8|9;6:8;7:0|3|4|5|6;8:3|4|5|8;9:0|7|8,0:-;1:-;2:-;3:-;4:-;5:-;6:-;7:-;8:-;9:-,4@1=1;4@2=2;4@7=1,"1,2,7",4,3,0,3,0.0,0.0,0.0,0.0,0.0,0.0,0.0,0.0,"Feasible(status=11,gap=13.876511)"
24,23,0,0,0,-,0:4|8;1:5|7;2:5|7|8;3:5|6|8;4:7|9;5:0|1|8|9;6:8;7:0|3|4|5|6;8:3|4|5|8;9:0|7|8,0:-;1:-;2:-;3:-;4:-;5:-;6:-;7:-;8:-;9:-,5@9=1;6@3=1,"9,3",2,2,0,2,0.0,0.0,0.0,0.0,0.0,0.0,0.0,0.0,"Feasible(status=11,gap=13.876511)"
25,24,0,0,0,-,0:4|8;1:5|7;2:5|7|8;3:5|6|8;4:7|9;5:0|1|8|9;6:8;7:0|3|4|5|6;8:3|4|5|8;9:0|7|8,0:-;1:-;2:-;3:-;4:-;5:-;6:-;7:-;8:-;9:-,4@2=1;5@2=1;5@6=1;6@1=1,"2,6,1",4,4,0,4,0.0,0.0,0.0,0.0,0.0,0.0,0.0,0.0,"Feasible(status=11,gap=13.876511)"
26,25,0,0,0,-,0:4|8;1:5|7;2:5|7|8;3:5|6|8;4:7|9;5:0|1|8|9;6:8;7:0|3|4|5|6;8:3|4|5|8;9:0|7|8,0:-;1:-;2:-;3:-;4:-;5:-;6:-;7:-;8:-;9:-,4@5=2;4@6=2,"5,6",4,2,0,2,0.0,0.0,0.0,0.0,0.0,0.0,0.0,0.0,"Feasible(status=11,gap=13.876511)"
27,26,0,0,0,-,0:4|8;1:5|7;2:5|7|8;3:5|6|8;4:7|9;5:0|1|8|9;6:8;7:0|3|4|5|6;8:3|4|5|8;9:0|7|8,0:-;1:-;2:-;3:-;4:-;5:-;6:-;7:-;8:-;9:-,4@1=2;4@4=1;4@7=1;4@9=1;5@4=1,"1,4,7,9",6,5,0,5,0.0,0.0,0.0,0.0,0.0,0.0,0.0,0.0,"Feasible(status=11,gap=13.876511)"
28,27,0,0,0,-,0:4|8;1:5|7;2:5|7|8;3:5|6|8;4:7|9;5:0|1|8|9;6:8;7:0|3|4|5|6;8:3|4|5|8;9:0|7|8,0:-;1:-;2:-;3:-;4:-;5:-;6:-;7:-;8:-;9:-,4@7=1;6@2=1,"7,2",2,2,0,2,0.0,0.0,0.0,0.0,0.0,0.0,0.0,0.0,"Feasible(status=11,gap=13.876511)"
29,28,0,0,0,-,0:4|8;1:5|7;2:5|7|8;3:5|6|8;4:7|9;5:0|1|8|9;6:8;7:0|3|4|5|6;8:3|4|5|8;9:0|7|8,0:-;1:-;2:-;3:-;4:-;5:-;6:-;7:-;8:-;9:-,2@0=1;2@1=1;2@2=1;2@3=1;2@6=1;4@3=1;5@5=1;6@1=2;6@6=1,"0,1,2,3,6,5",10,9,0,9,0.0,0.0,0.0,0.0,0.0,0.0,0.0,0.0,"Feasible(status=11,gap=13.876511)"
30,29,0,0,0,-,0:4|8;1:5|7;2:5|7|8;3:5|6|8;4:7|9;5:0|1|8|9;6:8;7:0|3|4|5|6;8:3|4|5|8;9:0|7|8,0:-;1:-;2:-;3:-;4:-;5:-;6:-;7:-;8:-;9:-,4@4=1;4@6=1;4@8=1;6@4=1,"4,6,8",4,4,0,4,0.0,0.0,0.0,0.0,0.0,0.0,0.0,0.0,"Feasible(status=11,gap=13.876511)"
31,30,0,0,0,-,0:4|8;1:5|7;2:5|7|8;3:5|6|8;4:7|9;5:0|1|8|9;6:8;7:0|3|4|5|6;8:3|4|5|8;9:0|7|8,0:-;1:-;2:-;3:-;4:-;5:-;6:-;7:-;8:-;9:-,4@0=1;4@2=2;4@5=1;6@2=1;6@1=1;6@8=1,"0,2,5,1,8",7,6,0,6,0.0,0.0,0.0,0.0,0.0,0.0,0.0,0.0,"Feasible(status=11,gap=13.876511)"
32,31,0,0,0,-,0:4|8;1:5|7;2:5|7|8;3:5|6|8;4:7|9;5:0|1|8|9;6:8;7:0|3|4|5|6;8:3|4|5|8;9:0|7|8,0:-;1:-;2:-;3:-;4:-;5:-;6:-;7:-;8:-;9:-,3@6=1;4@6=1;4@4=1;5@1=1,"6,4,1",4,4,0,4,0.0,0.0,0.0,0.0,0.0,0.0,0.0,0.0,"Feasible(status=11,gap=13.876511)"
33,32,0,0,0,-,0:4|8;1:5|7;2:5|7|8;3:5|6|8;4:7|9;5:0|1|8|9;6:8;7:0|3|4|5|6;8:3|4|5|8;9:0|7|8,0:-;1:-;2:-;3:-;4:-;5:-;6:-;7:-;8:-;9:-,4@4=1;4@7=1;4@8=1;5@7=1;5@1=1;6@1=1;6@0=1;6@2=1,"4,7,8,1,0,2",8,8,0,8,0.0,0.0,0.0,0.0,0.0,0.0,0.0,0.0,"Feasible(status=11,gap=13.876511)"
34,33,0,0,0,-,0:4|8;1:5|7;2:5|7|8;3:5|6|8;4:7|9;5:0|1|8|9;6:8;7:0|3|4|5|6;8:3|4|5|8;9:0|7|8,0:-;1:-;2:-;3:-;4:-;5:-;6:-;7:-;8:-;9:-,4@4=1,4,1,1,0,1,0.0,0.0,0.0,0.0,0.0,0.0,0.0,0.0,"Feasible(status=11,gap=13.876511)"
35,34,0,0,0,-,0:4|8;1:5|7;2:5|7|8;3:5|6|8;4:7|9;5:0|1|8|9;6:8;7:0|3|4|5|6;8:3|4|5|8;9:0|7|8,0:-;1:-;2:-;3:-;4:-;5:-;6:-;7:-;8:-;9:-,4@3=1;4@6=1;6@4=1;6@9=1,"3,6,4,9",4,4,0,4,0.0,0.0,0.0,0.0,0.0,0.0,0.0,0.0,"Feasible(status=11,gap=13.876511)"
36,35,0,0,0,-,0:4|8;1:5|7;2:5|7|8;3:5|6|8;4:7|9;5:0|1|8|9;6:8;7:0|3|4|5|6;8:3|4|5|8;9:0|7|8,0:-;1:-;2:-;3:-;4:-;5:-;6:-;7:-;8:-;9:-,3@8=1;4@4=1;4@7=1;4@9=1;5@3=2;6@0=2;6@2=1;6@6=1,"8,4,7,9,3,0,2,6",10,8,0,8,0.0,0.0,0.0,0.0,0.0,0.0,0.0,0.0,"Feasible(status=11,gap=13.876511)"
37,36,0,0,0,-,0:4|8;1:5|7;2:5|7|8;3:5|6|8;4:7|9;5:0|1|8|9;6:8;7:0|3|4|5|6;8:3|4|5|8;9:0|7|8,0:-;1:-;2:-;3:-;4:-;5:-;6:-;7:-;8:-;9:-,4@1=1;6@0=1;6@6=1,"1,0,6",3,3,0,3,0.0,0.0,0.0,0.0,0.0,0.0,0.0,0.0,"Feasible(status=11,gap=13.876511)"
38,37,0,0,0,-,0:4|8;1:5|7;2:5|7|8;3:5|6|8;4:7|9;5:0|1|8|9;6:8;7:0|3|4|5|6;8:3|4|5|8;9:0|7|8,0:-;1:-;2:-;3:-;4:-;5:-;6:-;7:-;8:-;9:-,4@6=1;6@3=1;6@9=1,"6,3,9",3,3,0,3,0.0,0.0,0.0,0.0,0.0,0.0,0.0,0.0,"Feasible(status=11,gap=13.876511)"
39,38,0,0,0,-,0:4|8;1:5|7;2:5|7|8;3:5|6|8;4:7|9;5:0|1|8|9;6:8;7:0|3|4|5|6;8:3|4|5|8;9:0|7|8,0:-;1:-;2:-;3:-;4:-;5:-;6:-;7:-;8:-;9:-,4@3=1;4@7=1;6@4=1,"3,7,4",3,3,0,3,0.0,0.0,0.0,0.0,0.0,0.0,0.0,0.0,"Feasible(status=11,gap=13.876511)"
40,39,0,0,0,-,0:4|8;1:5|7;2:5|7|8;3:5|6|8;4:7|9;5:0|1|8|9;6:8;7:0|3|4|5|6;8:3|4|5|8;9:0|7|8,0:-;1:-;2:-;3:-;4:-;5:-;6:-;7:-;8:-;9:-,2@0=1;2@2=2;2@4=1;2@8=1;4@4=1;4@1=1,"0,2,4,8,1",7,6,0,6,0.0,0.0,0.0,0.0,0.0,0.0,0.0,0.0,"Feasible(status=11,gap=13.876511)"
41,40,0,0,0,-,0:4|8;1:5|7;2:5|7|8;3:5|6|8;4:7|9;5:0|1|8|9;6:8;7:0|3|4|5|6;8:3|4|5|8;9:0|7|8,0:-;1:-;2:-;3:-;4:-;5:-;6:-;7:-;8:-;9:-,2@1=3;4@8=1;5@4=1;6@6=1,"1,8,4,6",6,4,0,4,0.0,0.0,0.0,0.0,0.0,0.0,0.0,0.0,"Feasible(status=11,gap=13.876511)"
42,41,0,0,0,-,0:4|8;1:5|7;2:5|7|8;3:5|6|8;4:7|9;5:0|1|8|9;6:8;7:0|3|4|5|6;8:3|4|5|8;9:0|7|8,0:-;1:-;2:-;3:-;4:-;5:-;6:-;7:-;8:-;9:-,4@0=1;4@4=1;4@5=1;4@9=1;5@4=1;6@2=1,"0,4,5,9,2",6,6,0,6,0.0,0.0,0.0,0.0,0.0,0.0,0.0,0.0,"Feasible(status=11,gap=13.876511)"
43,42,0,0,0,-,0:4|8;1:5|7;2:5|7|8;3:5|6|8;4:7|9;5:0|1|8|9;6:8;7:0|3|4|5|6;8:3|4|5|8;9:0|7|8,0:-;1:-;2:-;3:-;4:-;5:-;6:-;7:-;8:-;9:-,4@6=1;6@9=1,"6,9",2,2,0,2,0.0,0.0,0.0,0.0,0.0,0.0,0.0,0.0,"Feasible(status=11,gap=13.876511)"
44,43,0,0,0,-,0:4|8;1:5|7;2:5|7|8;3:5|6|8;4:7|9;5:0|1|8|9;6:8;7:0|3|4|5|6;8:3|4|5|8;9:0|7|8,0:-;1:-;2:-;3:-;4:-;5:-;6:-;7:-;8:-;9:-,4@2=1,2,1,1,0,1,0.0,0.0,0.0,0.0,0.0,0.0,0.0,0.0,"Feasible(status=11,gap=13.876511)"
45,44,0,0,0,-,0:4|8;1:5|7;2:5|7|8;3:5|6|8;4:7|9;5:0|1|8|9;6:8;7:0|3|4|5|6;8:3|4|5|8;9:0|7|8,0:-;1:-;2:-;3:-;4:-;5:-;6:-;7:-;8:-;9:-,4@2=1;4@4=1;4@5=1;4@8=2,"2,4,5,8",5,4,0,4,0.0,0.0,0.0,0.0,0.0,0.0,0.0,0.0,"Feasible(status=11,gap=13.876511)"
46,45,0,0,0,-,0:4|8;1:5|7;2:5|7|8;3:5|6|8;4:7|9;5:0|1|8|9;6:8;7:0|3|4|5|6;8:3|4|5|8;9:0|7|8,0:-;1:-;2:-;3:-;4:-;5:-;6:-;7:-;8:-;9:-,4@0=1;4@1=1;4@4=1;4@9=2;6@2=1,"0,1,4,9,2",6,5,0,5,0.0,0.0,0.0,0.0,0.0,0.0,0.0,0.0,"Feasible(status=11,gap=13.876511)"
47,46,0,0,0,-,0:4|8;1:5|7;2:5|7|8;3:5|6|8;4:7|9;5:0|1|8|9;6:8;7:0|3|4|5|6;8:3|4|5|8;9:0|7|8,0:-;1:-;2:-;3:-;4:-;5:-;6:-;7:-;8:-;9:-,3@4=1;4@2=1;4@8=1;5@1=1;6@5=1;6@6=1,"4,2,8,1,5,6",6,6,0,6,0.0,0.0,0.0,0.0,0.0,0.0,0.0,0.0,"Feasible(status=11,gap=13.876511)"
48,47,0,0,0,-,0:4|8;1:5|7;2:5|7|8;3:5|6|8;4:7|9;5:0|1|8|9;6:8;7:0|3|4|5|6;8:3|4|5|8;9:0|7|8,0:-;1:-;2:-;3:-;4:-;5:-;6:-;7:-;8:-;9:-,4@1=1;4@4=1,"1,4",2,2,0,2,0.0,0.0,0.0,0.0,0.0,0.0,0.0,0.0,"Feasible(status=11,gap=13.876511)"
49,48,0,0,0,-,0:4|8;1:5|7;2:5|7|8;3:5|6|8;4:7|9;5:0|1|8|9;6:8;7:0|3|4|5|6;8:3|4|5|8;9:0|7|8,0:-;1:-;2:-;3:-;4:-;5:-;6:-;7:-;8:-;9:-,4@4=1;4@9=1,"4,9",2,2,0,2,0.0,0.0,0.0,0.0,0.0,0.0,0.0,0.0,"Feasible(status=11,gap=13.876511)"
50,49,0,0,0,-,0:4|8;1:5|7;2:5|7|8;3:5|6|8;4:7|9;5:0|1|8|9;6:8;7:0|3|4|5|6;8:3|4|5|8;9:0|7|8,0:-;1:-;2:-;3:-;4:-;5:-;6:-;7:-;8:-;9:-,4@1=1;4@2=1;4@7=1;6@2=1,"1,2,7",4,4,0,4,0.0,0.0,0.0,0.0,0.0,0.0,0.0,0.0,"Feasible(status=11,gap=13.876511)"
51,50,0,0,0,-,0:4|8;1:5|7;2:5|7|8;3:5|6|8;4:7|9;5:0|1|8|9;6:8;7:0|3|4|5|6;8:3|4|5|8;9:0|7|8,0:-;1:-;2:-;3:-;4:-;5:-;6:-;7:-;8:-;9:-,4@0=1;4@1=1;4@7=1;5@6=1,"0,1,7,6",4,4,0,4,0.0,0.0,0.0,0.0,0.0,0.0,0.0,0.0,"Feasible(status=11,gap=13.876511)"
52,51,0,0,0,-,0:4|8;1:5|7;2:5|7|8;3:5|6|8;4:7|9;5:0|1|8|9;6:8;7:0|3|4|5|6;8:3|4|5|8;9:0|7|8,0:-;1:-;2:-;3:-;4:-;5:-;6:-;7:-;8:-;9:-,1@0=1;1@1=1;4@0=1;4@2=1;4@3=1;4@4=1;4@5=1;4@7=1;4@8=1;5@1=1;5@6=1,"0,1,2,3,4,5,7,8,6",11,11,0,11,0.0,0.0,0.0,0.0,0.0,0.0,0.0,0.0,"Feasible(status=11,gap=13.876511)"
53,52,0,0,0,-,0:4|8;1:5|7;2:5|7|8;3:5|6|8;4:7|9;5:0|1|8|9;6:8;7:0|3|4|5|6;8:3|4|5|8;9:0|7|8,0:-;1:-;2:-;3:-;4:-;5:-;6:-;7:-;8:-;9:-,4@5=1;5@0=1;5@1=1;6@1=1,"5,0,1",4,4,0,4,0.0,0.0,0.0,0.0,0.0,0.0,0.0,0.0,"Feasible(status=11,gap=13.876511)"
54,53,0,0,0,-,0:4|8;1:5|7;2:5|7|8;3:5|6|8;4:7|9;5:0|1|8|9;6:8;7:0|3|4|5|6;8:3|4|5|8;9:0|7|8,0:-;1:-;2:-;3:-;4:-;5:-;6:-;7:-;8:-;9:-,4@2=1,2,1,1,0,1,0.0,0.0,0.0,0.0,0.0,0.0,0.0,0.0,"Feasible(status=11,gap=13.876511)"
55,54,0,0,0,-,0:4|8;1:5|7;2:5|7|8;3:5|6|8;4:7|9;5:0|1|8|9;6:8;7:0|3|4|5|6;8:3|4|5|8;9:0|7|8,0:-;1:-;2:-;3:-;4:-;5:-;6:-;7:-;8:-;9:-,3@9=1;4@1=1;4@2=1;4@3=1;4@4=1;4@6=1;4@7=1;6@1=1,"9,1,2,3,4,6,7",8,8,0,8,0.0,0.0,0.0,0.0,0.0,0.0,0.0,0.0,"Feasible(status=11,gap=13.876511)"
56,55,0,0,0,-,0:4|8;1:5|7;2:5|7|8;3:5|6|8;4:7|9;5:0|1|8|9;6:8;7:0|3|4|5|6;8:3|4|5|8;9:0|7|8,0:-;1:-;2:-;3:-;4:-;5:-;6:-;7:-;8:-;9:-,1@1=1;3@4=1;4@7=1;6@2=1,"1,4,7,2",4,4,0,4,0.0,0.0,0.0,0.0,0.0,0.0,0.0,0.0,"Feasible(status=11,gap=13.876511)"
57,56,0,0,0,-,0:4|8;1:5|7;2:5|7|8;3:5|6|8;4:7|9;5:0|1|8|9;6:8;7:0|3|4|5|6;8:3|4|5|8;9:0|7|8,0:-;1:-;2:-;3:-;4:-;5:-;6:-;7:-;8:-;9:-,2@1=1;4@7=1;5@9=1;6@4=1,"1,7,9,4",4,4,0,4,0.0,0.0,0.0,0.0,0.0,0.0,0.0,0.0,"Feasible(status=11,gap=13.876511)"
58,57,0,0,0,-,0:4|8;1:5|7;2:5|7|8;3:5|6|8;4:7|9;5:0|1|8|9;6:8;7:0|3|4|5|6;8:3|4|5|8;9:0|7|8,0:-;1:-;2:-;3:-;4:-;5:-;6:-;7:-;8:-;9:-,2@1=1;2@3=1;2@4=2;2@6=2;4@2=1;5@1=1;6@0=1,"1,3,4,6,2,0",9,7,0,7,0.0,0.0,0.0,0.0,0.0,0.0,0.0,0.0,"Feasible(status=11,gap=13.876511)"
59,58,0,0,0,-,0:4|8;1:5|7;2:5|7|8;3:5|6|8;4:7|9;5:0|1|8|9;6:8;7:0|3|4|5|6;8:3|4|5|8;9:0|7|8,0:-;1:-;2:-;3:-;4:-;5:-;6:-;7:-;8:-;9:-,3@2=1;4@1=1;4@5=1;4@7=1;5@4=1,"2,1,5,7,4",5,5,0,5,0.0,0.0,0.0,0.0,0.0,0.0,0.0,0.0,"Feasible(status=11,gap=13.876511)"
60,59,0,0,0,-,0:4|8;1:5|7;2:5|7|8;3:5|6|8;4:7|9;5:0|1|8|9;6:8;7:0|3|4|5|6;8:3|4|5|8;9:0|7|8,0:-;1:-;2:-;3:-;4:-;5:-;6:-;7:-;8:-;9:-,3@1=1;4@1=1;5@2=1;5@5=1,"1,2,5",4,4,0,4,0.0,0.0,0.0,0.0,0.0,0.0,0.0,0.0,"Feasible(status=11,gap=13.876511)"
61,60,0,0,0,-,0:4|8;1:5|7;2:5|7|8;3:5|6|8;4:7|9;5:0|1|8|9;6:8;7:0|3|4|5|6;8:3|4|5|8;9:0|7|8,0:-;1:-;2:-;3:-;4:-;5:-;6:-;7:-;8:-;9:-,3@9=1;5@2=1,"9,2",2,2,0,2,0.0,0.0,0.0,0.0,0.0,0.0,0.0,0.0,"Feasible(status=11,gap=13.876511)"
62,61,0,0,0,-,0:4|8;1:5|7;2:5|7|8;3:5|6|8;4:7|9;5:0|1|8|9;6:8;7:0|3|4|5|6;8:3|4|5|8;9:0|7|8,0:-;1:-;2:-;3:-;4:-;5:-;6:-;7:-;8:-;9:-,4@2=1;4@4=1,"2,4",2,2,0,2,0.0,0.0,0.0,0.0,0.0,0.0,0.0,0.0,"Feasible(status=11,gap=13.876511)"
63,62,0,0,0,-,0:4|8;1:5|7;2:5|7|8;3:5|6|8;4:7|9;5:0|1|8|9;6:8;7:0|3|4|5|6;8:3|4|5|8;9:0|7|8,0:-;1:-;2:-;3:-;4:-;5:-;6:-;7:-;8:-;9:-,2@4=1;3@1=1;3@2=1;5@2=1,"4,1,2",4,4,0,4,0.0,0.0,0.0,0.0,0.0,0.0,0.0,0.0,"Feasible(status=11,gap=13.876511)"
64,63,0,0,0,-,0:4|8;1:5|7;2:5|7|8;3:5|6|8;4:7|9;5:0|1|8|9;6:8;7:0|3|4|5|6;8:3|4|5|8;9:0|7|8,0:-;1:-;2:-;3:-;4:-;5:-;6:-;7:-;8:-;9:-,2@2=1;2@4=2;4@4=1;5@2=1;6@2=1;6@9=1,"2,4,9",7,6,0,6,0.0,0.0,0.0,0.0,0.0,0.0,0.0,0.0,"Feasible(status=11,gap=13.876511)"
65,64,0,0,0,-,0:4|8;1:5|7;2:5|7|8;3:5|6|8;4:7|9;5:0|1|8|9;6:8;7:0|3|4|5|6;8:3|4|5|8;9:0|7|8,0:-;1:-;2:-;3:-;4:-;5:-;6:-;7:-;8:-;9:-,0@1=2;0@2=1;0@7=1;0@9=1;2@2=1;2@7=1;2@9=2;2@4=2;2@5=1;4@1=1;4@4=1,"1,2,7,9,4,5",14,11,0,11,0.0,0.0,0.0,0.0,0.0,0.0,0.0,0.0,"Feasible(status=11,gap=13.876511)"
66,65,0,0,0,-,0:4|8;1:5|7;2:5|7|8;3:5|6|8;4:7|9;5:0|1|8|9;6:8;7:0|3|4|5|6;8:3|4|5|8;9:0|7|8,0:-;1:-;2:-;3:-;4:-;5:-;6:-;7:-;8:-;9:-,0@0=1;0@2=2;0@4=4;0@5=1;0@8=1;0@9=2;1@2=1;2@4=1;2@3=1,"0,2,4,5,8,9,3",14,9,0,9,0.0,0.0,0.0,0.0,0.0,0.0,0.0,0.0,"Feasible(status=11,gap=13.876511)"
67,66,0,0,0,-,0:4|8;1:5|7;2:5|7|8;3:5|6|8;4:7|9;5:0|1|8|9;6:8;7:0|3|4|5|6;8:3|4|5|8;9:0|7|8,0:-;1:-;2:-;3:-;4:-;5:-;6:-;7:-;8:-;9:-,0@0=1;0@1=1;0@2=1;0@3=1;0@6=1;1@0=1;1@1=1;1@6=2;1@4=1;1@5=2;1@9=1;2@2=2;2@6=2;2@4=2,"0,1,2,3,6,4,5,9",19,14,0,14,0.0,0.0,0.0,0.0,0.0,0.0,0.0,0.0,"Feasible(status=11,gap=13.876511)"
68,67,0,0,0,-,0:4|8;1:5|7;2:5|7|8;3:5|6|8;4:7|9;5:0|1|8|9;6:8;7:0|3|4|5|6;8:3|4|5|8;9:0|7|8,0:-;1:-;2:-;3:-;4:-;5:-;6:-;7:-;8:-;9:-,1@1=1;1@4=2;1@6=1;2@2=2;2@7=1;4@1=1;4@9=1,"1,4,6,2,7,9",9,7,0,7,0.0,0.0,0.0,0.0,0.0,0.0,0.0,0.0,"Feasible(status=11,gap=13.876511)"
69,68,0,0,0,-,0:4|8;1:5|7;2:5|7|8;3:5|6|8;4:7|9;5:0|1|8|9;6:8;7:0|3|4|5|6;8:3|4|5|8;9:0|7|8,0:-;1:-;2:-;3:-;4:-;5:-;6:-;7:-;8:-;9:-,1@0=1;1@1=1;1@3=1;1@4=1;1@9=1;2@7=1;2@8=1,"0,1,3,4,9,7,8",7,7,0,7,0.0,0.0,0.0,0.0,0.0,0.0,0.0,0.0,"Feasible(status=11,gap=13.876511)"
70,69,0,0,0,-,0:4|8;1:5|7;2:5|7|8;3:5|6|8;4:7|9;5:0|1|8|9;6:8;7:0|3|4|5|6;8:3|4|5|8;9:0|7|8,0:-;1:-;2:-;3:-;4:-;5:-;6:-;7:-;8:-;9:-,1@0=1;1@2=1;1@9=1;2@1=1;2@3=1;2@5=2;3@7=1;4@1=1;5@2=1,"0,2,9,1,3,5,7",10,9,0,9,0.0,0.0,0.0,0.0,0.0,0.0,0.0,0.0,"Feasible(status=11,gap=13.876511)"
71,70,0,0,0,-,0:4|8;1:5|7;2:5|7|8;3:5|6|8;4:7|9;5:0|1|8|9;6:8;7:0|3|4|5|6;8:3|4|5|8;9:0|7|8,0:-;1:-;2:-;3:-;4:-;5:-;6:-;7:-;8:-;9:-,2@0=1;3@4=1,"0,4",2,2,0,2,0.0,0.0,0.0,0.0,0.0,0.0,0.0,0.0,"Feasible(status=11,gap=13.876511)"
72,71,0,0,0,-,0:4|8;1:5|7;2:5|7|8;3:5|6|8;4:7|9;5:0|1|8|9;6:8;7:0|3|4|5|6;8:3|4|5|8;9:0|7|8,0:-;1:-;2:-;3:-;4:-;5:-;6:-;7:-;8:-;9:-,2@1=1;2@2=1;2@3=1;2@6=1;2@7=1;3@2=1;3@7=1;4@4=1;4@9=1;6@4=1,"1,2,3,6,7,4,9",10,10,0,10,0.0,0.0,0.0,0.0,0.0,0.0,0.0,0.0,"Feasible(status=11,gap=13.876511)"
73,72,0,0,0,-,0:4|8;1:5|7;2:5|7|8;3:5|6|8;4:7|9;5:0|1|8|9;6:8;7:0|3|4|5|6;8:3|4|5|8;9:0|7|8,0:-;1:-;2:-;3:-;4:-;5:-;6:-;7:-;8:-;9:-,4@2=2,2,2,1,0,1,0.0,0.0,0.0,0.0,0.0,0.0,0.0,0.0,"Feasible(status=11,gap=13.876511)"
74,73,0,0,0,-,0:4|8;1:5|7;2:5|7|8;3:5|6|8;4:7|9;5:0|1|8|9;6:8;7:0|3|4|5|6;8:3|4|5|8;9:0|7|8,0:-;1:-;2:-;3:-;4:-;5:-;6:-;7:-;8:-;9:-,5@1=1;5@9=1,"1,9",2,2,0,2,0.0,0.0,0.0,0.0,0.0,0.0,0.0,0.0,"Feasible(status=11,gap=13.876511)"
75,74,0,0,0,-,0:4|8;1:5|7;2:5|7|8;3:5|6|8;4:7|9;5:0|1|8|9;6:8;7:0|3|4|5|6;8:3|4|5|8;9:0|7|8,0:-;1:-;2:-;3:-;4:-;5:-;6:-;7:-;8:-;9:-,4@4=1;5@4=1;5@9=1,"4,9",3,3,0,3,0.0,0.0,0.0,0.0,0.0,0.0,0.0,0.0,"Feasible(status=11,gap=13.876511)"
76,75,0,0,0,-,0:4|8;1:5|7;2:5|7|8;3:5|6|8;4:7|9;5:0|1|8|9;6:8;7:0|3|4|5|6;8:3|4|5|8;9:0|7|8,0:-;1:-;2:-;3:-;4:-;5:-;6:-;7:-;8:-;9:-,4@4=1,4,1,1,0,1,0.0,0.0,0.0,0.0,0.0,0.0,0.0,0.0,"Feasible(status=11,gap=13.876511)"
77,76,0,0,0,-,0:4|8;1:5|7;2:5|7|8;3:5|6|8;4:7|9;5:0|1|8|9;6:8;7:0|3|4|5|6;8:3|4|5|8;9:0|7|8,0:-;1:-;2:-;3:-;4:-;5:-;6:-;7:-;8:-;9:-,3@1=1;4@1=1;4@2=1;4@4=1;4@8=1;4@9=1;6@4=1,"1,2,4,8,9",7,7,0,7,0.0,0.0,0.0,0.0,0.0,0.0,0.0,0.0,"Feasible(status=11,gap=13.876511)"
78,77,0,0,0,-,0:4|8;1:5|7;2:5|7|8;3:5|6|8;4:7|9;5:0|1|8|9;6:8;7:0|3|4|5|6;8:3|4|5|8;9:0|7|8,0:-;1:-;2:-;3:-;4:-;5:-;6:-;7:-;8:-;9:-,1@4=1;4@3=1;6@3=1,"4,3",3,3,0,3,0.0,0.0,0.0,0.0,0.0,0.0,0.0,0.0,"Feasible(status=11,gap=13.876511)"
79,78,0,0,0,-,0:4|8;1:5|7;2:5|7|8;3:5|6|8;4:7|9;5:0|1|8|9;6:8;7:0|3|4|5|6;8:3|4|5|8;9:0|7|8,0:-;1:-;2:-;3:-;4:-;5:-;6:-;7:-;8:-;9:-,1@2=1;1@3=1;1@4=1;1@6=1;1@8=1;2@2=1;2@4=1;2@1=1;3@2=1;3@6=1;4@1=1;6@1=1,"2,3,4,6,8,1",12,12,0,12,0.0,0.0,0.0,0.0,0.0,0.0,0.0,0.0,"Feasible(status=11,gap=13.876511)"
80,79,0,0,0,-,0:4|8;1:5|7;2:5|7|8;3:5|6|8;4:7|9;5:0|1|8|9;6:8;7:0|3|4|5|6;8:3|4|5|8;9:0|7|8,0:-;1:-;2:-;3:-;4:-;5:-;6:-;7:-;8:-;9:-,1@1=1;1@2=1;1@6=1;2@2=2;2@5=1;2@8=1;3@4=1;4@1=1;4@8=1;4@4=1,"1,2,6,5,8,4",11,10,0,10,0.0,0.0,0.0,0.0,0.0,0.0,0.0,0.0,"Feasible(status=11,gap=13.876511)"
81,80,0,0,0,-,0:4|8;1:5|7;2:5|7|8;3:5|6|8;4:7|9;5:0|1|8|9;6:8;7:0|3|4|5|6;8:3|4|5|8;9:0|7|8,0:-;1:-;2:-;3:-;4:-;5:-;6:-;7:-;8:-;9:-,1@0=1;1@1=2;1@4=1;1@5=2;1@6=1;1@8=2;2@2=1;4@3=1;5@3=2,"0,1,4,5,6,8,2,3",13,9,0,9,0.0,0.0,0.0,0.0,0.0,0.0,0.0,0.0,"Feasible(status=11,gap=13.876511)"
82,81,0,0,0,-,0:4|8;1:5|7;2:5|7|8;3:5|6|8;4:7|9;5:0|1|8|9;6:8;7:0|3|4|5|6;8:3|4|5|8;9:0|7|8,0:-;1:-;2:-;3:-;4:-;5:-;6:-;7:-;8:-;9:-,1@0=1;1@1=1;1@4=2;1@7=1;1@8=1;2@1=1;2@4=1;2@8=1;2@6=1;5@1=1,"0,1,4,7,8,6",11,10,0,10,0.0,0.0,0.0,0.0,0.0,0.0,0.0,0.0,"Feasible(status=11,gap=13.876511)"
83,82,0,0,0,-,0:4|8;1:5|7;2:5|7|8;3:5|6|8;4:7|9;5:0|1|8|9;6:8;7:0|3|4|5|6;8:3|4|5|8;9:0|7|8,0:-;1:-;2:-;3:-;4:-;5:-;6:-;7:-;8:-;9:-,1@2=2;1@4=1;1@5=1;1@7=1;4@1=1;6@1=1;6@0=1,"2,4,5,7,1,0",8,7,0,7,0.0,0.0,0.0,0.0,0.0,0.0,0.0,0.0,"Feasible(status=11,gap=13.876511)"
84,83,0,0,0,-,0:4|8;1:5|7;2:5|7|8;3:5|6|8;4:7|9;5:0|1|8|9;6:8;7:0|3|4|5|6;8:3|4|5|8;9:0|7|8,0:-;1:-;2:-;3:-;4:-;5:-;6:-;7:-;8:-;9:-,4@4=1,4,1,1,0,1,0.0,0.0,0.0,0.0,0.0,0.0,0.0,0.0,"Feasible(status=11,gap=13.876511)"
85,84,0,0,0,-,0:4|8;1:5|7;2:5|7|8;3:5|6|8;4:7|9;5:0|1|8|9;6:8;7:0|3|4|5|6;8:3|4|5|8;9:0|7|8,0:-;1:-;2:-;3:-;4:-;5:-;6:-;7:-;8:-;9:-,2@3=1;2@4=1;4@6=1;6@3=1;6@5=1,"3,4,6,5",5,5,0,5,0.0,0.0,0.0,0.0,0.0,0.0,0.0,0.0,"Feasible(status=11,gap=13.876511)"
86,85,0,0,0,-,0:4|8;1:5|7;2:5|7|8;3:5|6|8;4:7|9;5:0|1|8|9;6:8;7:0|3|4|5|6;8:3|4|5|8;9:0|7|8,0:-;1:-;2:-;3:-;4:-;5:-;6:-;7:-;8:-;9:-,2@1=1;2@2=1;4@2=1;4@0=1;5@4=1,"1,2,0,4",5,5,0,5,0.0,0.0,0.0,0.0,0.0,0.0,0.0,0.0,"Feasible(status=11,gap=13.876511)"
87,86,0,0,0,-,0:4|8;1:5|7;2:5|7|8;3:5|6|8;4:7|9;5:0|1|8|9;6:8;7:0|3|4|5|6;8:3|4|5|8;9:0|7|8,0:-;1:-;2:-;3:-;4:-;5:-;6:-;7:-;8:-;9:-,2@2=1;2@4=2;3@3=1;5@4=1;5@8=1,"2,4,3,8",6,5,0,5,0.0,0.0,0.0,0.0,0.0,0.0,0.0,0.0,"Feasible(status=11,gap=13.876511)"
88,87,0,0,0,-,0:4|8;1:5|7;2:5|7|8;3:5|6|8;4:7|9;5:0|1|8|9;6:8;7:0|3|4|5|6;8:3|4|5|8;9:0|7|8,0:-;1:-;2:-;3:-;4:-;5:-;6:-;7:-;8:-;9:-,3@9=1;4@4=1;4@5=1;6@3=1,"9,4,5,3",4,4,0,4,0.0,0.0,0.0,0.0,0.0,0.0,0.0,0.0,"Feasible(status=11,gap=13.876511)"
89,88,0,0,0,-,0:4|8;1:5|7;2:5|7|8;3:5|6|8;4:7|9;5:0|1|8|9;6:8;7:0|3|4|5|6;8:3|4|5|8;9:0|7|8,0:-;1:-;2:-;3:-;4:-;5:-;6:-;7:-;8:-;9:-,1@5=1;1@8=1;4@8=1;4@4=1;6@9=1,"5,8,4,9",5,5,0,5,0.0,0.0,0.0,0.0,0.0,0.0,0.0,0.0,"Feasible(status=11,gap=13.876511)"
90,89,0,0,0,-,0:4|8;1:5|7;2:5|7|8;3:5|6|8;4:7|9;5:0|1|8|9;6:8;7:0|3|4|5|6;8:3|4|5|8;9:0|7|8,0:-;1:-;2:-;3:-;4:-;5:-;6:-;7:-;8:-;9:-,1@5=1;2@0=1;2@1=1;2@2=2;2@4=1;2@7=2;3@7=1,"5,0,1,2,4,7",9,7,0,7,0.0,0.0,0.0,0.0,0.0,0.0,0.0,0.0,"Feasible(status=11,gap=13.876511)"
91,90,0,0,0,-,0:4|8;1:5|7;2:5|7|8;3:5|6|8;4:7|9;5:0|1|8|9;6:8;7:0|3|4|5|6;8:3|4|5|8;9:0|7|8,0:-;1:-;2:-;3:-;4:-;5:-;6:-;7:-;8:-;9:-,1@0=1;1@2=1;1@3=1;1@4=2;1@5=1;3@5=1;3@7=1;4@4=1;5@6=1,"0,2,3,4,5,7,6",10,9,0,9,0.0,0.0,0.0,0.0,0.0,0.0,0.0,0.0,"Feasible(status=11,gap=13.876511)"
92,91,0,0,0,-,0:4|8;1:5|7;2:5|7|8;3:5|6|8;4:7|9;5:0|1|8|9;6:8;7:0|3|4|5|6;8:3|4|5|8;9:0|7|8,0:-;1:-;2:-;3:-;4:-;5:-;6:-;7:-;8:-;9:-,1@1=2;1@2=1;1@4=1;1@5=2;1@6=1;2@9=2;4@0=1;5@7=1;6@6=1,"1,2,4,5,6,9,0,7",12,9,0,9,0.0,0.0,0.0,0.0,0.0,0.0,0.0,0.0,"Feasible(status=11,gap=13.876511)"
93,92,0,0,0,-,0:4|8;1:5|7;2:5|7|8;3:5|6|8;4:7|9;5:0|1|8|9;6:8;7:0|3|4|5|6;8:3|4|5|8;9:0|7|8,0:-;1:-;2:-;3:-;4:-;5:-;6:-;7:-;8:-;9:-,1@0=1;1@2=1;1@5=1;1@8=1;2@0=1;2@2=1;2@1=1;3@5=1;6@1=1,"0,2,5,8,1",9,9,0,9,0.0,0.0,0.0,0.0,0.0,0.0,0.0,0.0,"Feasible(status=11,gap=13.876511)"
94,93,0,0,0,-,0:4|8;1:5|7;2:5|7|8;3:5|6|8;4:7|9;5:0|1|8|9;6:8;7:0|3|4|5|6;8:3|4|5|8;9:0|7|8,0:-;1:-;2:-;3:-;4:-;5:-;6:-;7:-;8:-;9:-,1@0=1;1@1=1;1@2=2;1@9=1;2@2=1;4@2=1;5@8=1,"0,1,2,9,8",8,7,0,7,0.0,0.0,0.0,0.0,0.0,0.0,0.0,0.0,"Feasible(status=11,gap=13.876511)"
95,94,0,0,0,-,0:4|8;1:5|7;2:5|7|8;3:5|6|8;4:7|9;5:0|1|8|9;6:8;7:0|3|4|5|6;8:3|4|5|8;9:0|7|8,0:-;1:-;2:-;3:-;4:-;5:-;6:-;7:-;8:-;9:-,1@3=1;1@6=2;2@0=1;2@4=1;4@4=1,"3,6,0,4",6,5,0,5,0.0,0.0,0.0,0.0,0.0,0.0,0.0,0.0,"Feasible(status=11,gap=13.876511)"
96,95,0,0,0,-,0:4|8;1:5|7;2:5|7|8;3:5|6|8;4:7|9;5:0|1|8|9;6:8;7:0|3|4|5|6;8:3|4|5|8;9:0|7|8,0:-;1:-;2:-;3:-;4:-;5:-;6:-;7:-;8:-;9:-,1@2=1;1@4=1;1@5=1;1@6=1;1@8=1;2@3=1;4@2=1;4@4=1;5@6=1;5@0=1;7@9=1,"2,4,5,6,8,3,0,9",11,11,0,11,0.0,0.0,0.0,0.0,0.0,0.0,0.0,0.0,"Feasible(status=11,gap=13.876511)"
97,96,0,0,0,-,0:4|8;1:5|7;2:5|7|8;3:5|6|8;4:7|9;5:0|1|8|9;6:8;7:0|3|4|5|6;8:3|4|5|8;9:0|7|8,0:-;1:-;2:-;3:-;4:-;5:-;6:-;7:-;8:-;9:-,1@1=1;1@2=1;1@9=1;2@9=1;4@9=1;4@4=1;4@5=1;6@2=1,"1,2,9,4,5",8,8,0,8,0.0,0.0,0.0,0.0,0.0,0.0,0.0,0.0,"Feasible(status=11,gap=13.876511)"
98,97,0,0,0,-,0:4|8;1:5|7;2:5|7|8;3:5|6|8;4:7|9;5:0|1|8|9;6:8;7:0|3|4|5|6;8:3|4|5|8;9:0|7|8,0:-;1:-;2:-;3:-;4:-;5:-;6:-;7:-;8:-;9:-,2@1=1;2@9=1;6@2=1;6@5=1;6@7=1,"1,9,2,5,7",5,5,0,5,0.0,0.0,0.0,0.0,0.0,0.0,0.0,0.0,"Feasible(status=11,gap=13.876511)"
99,98,0,0,0,-,0:4|8;1:5|7;2:5|7|8;3:5|6|8;4:7|9;5:0|1|8|9;6:8;7:0|3|4|5|6;8:3|4|5|8;9:0|7|8,0:-;1:-;2:-;3:-;4:-;5:-;6:-;7:-;8:-;9:-,2@4=1;3@5=1;4@6=1;4@9=1;5@7=1;6@8=1,"4,5,6,9,7,8",6,6,0,6,0.0,0.0,0.0,0.0,0.0,0.0,0.0,0.0,"Feasible(status=11,gap=13.876511)"
100,99,0,0,0,-,0:4|8;1:5|7;2:5|7|8;3:5|6|8;4:7|9;5:0|1|8|9;6:8;7:0|3|4|5|6;8:3|4|5|8;9:0|7|8,0:-;1:-;2:-;3:-;4:-;5:-;6:-;7:-;8:-;9:-,2@4=2;2@5=1;4@2=1,"4,5,2",4,3,0,3,0.0,0.0,0.0,0.0,0.0,0.0,0.0,0.0,"Feasible(status=11,gap=13.876511)"
101,100,0,0,0,-,0:4|8;1:5|7;2:5|7|8;3:5|6|8;4:7|9;5:0|1|8|9;6:8;7:0|3|4|5|6;8:3|4|5|8;9:0|7|8,0:-;1:-;2:-;3:-;4:-;5:-;6:-;7:-;8:-;9:-,4@1=1;5@2=1;5@7=2;6@2=1,"1,2,7",5,4,0,4,0.0,0.0,0.0,0.0,0.0,0.0,0.0,0.0,"Feasible(status=11,gap=13.876511)"
102,101,0,0,0,-,0:4|8;1:5|7;2:5|7|8;3:5|6|8;4:7|9;5:0|1|8|9;6:8;7:0|3|4|5|6;8:3|4|5|8;9:0|7|8,0:-;1:-;2:-;3:-;4:-;5:-;6:-;7:-;8:-;9:-,2@4=1;2@8=1;4@0=1;5@2=1,"4,8,0,2",4,4,0,4,0.0,0.0,0.0,0.0,0.0,0.0,0.0,0.0,"Feasible(status=11,gap=13.876511)"
103,102,0,0,0,-,0:4|8;1:5|7;2:5|7|8;3:5|6|8;4:7|9;5:0|1|8|9;6:8;7:0|3|4|5|6;8:3|4|5|8;9:0|7|8,0:-;1:-;2:-;3:-;4:-;5:-;6:-;7:-;8:-;9:-,2@0=1;2@1=1;2@3=1;2@7=1,"0,1,3,7",4,4,0,4,0.0,0.0,0.0,0.0,0.0,0.0,0.0,0.0,"Feasible(status=11,gap=13.876511)"
104,103,0,0,0,-,0:4|8;1:5|7;2:5|7|8;3:5|6|8;4:7|9;5:0|1|8|9;6:8;7:0|3|4|5|6;8:3|4|5|8;9:0|7|8,0:-;1:-;2:-;3:-;4:-;5:-;6:-;7:-;8:-;9:-,2@5=1,5,1,1,0,1,0.0,0.0,0.0,0.0,0.0,0.0,0.0,0.0,"Feasible(status=11,gap=13.876511)"
105,104,0,0,0,-,0:4|8;1:5|7;2:5|7|8;3:5|6|8;4:7|9;5:0|1|8|9;6:8;7:0|3|4|5|6;8:3|4|5|8;9:0|7|8,0:-;1:-;2:-;3:-;4:-;5:-;6:-;7:-;8:-;9:-,1@1=1;1@5=1;2@1=1;2@5=2;2@0=1;2@4=2;2@7=1;2@9=1;4@7=1;4@9=1;5@2=1,"1,5,0,4,7,9,2",13,11,0,11,0.0,0.0,0.0,0.0,0.0,0.0,0.0,0.0,"Feasible(status=11,gap=13.876511)"
106,105,0,0,0,-,0:4|8;1:5|7;2:5|7|8;3:5|6|8;4:7|9;5:0|1|8|9;6:8;7:0|3|4|5|6;8:3|4|5|8;9:0|7|8,0:-;1:-;2:-;3:-;4:-;5:-;6:-;7:-;8:-;9:-,1@1=1;1@4=1;1@6=1;1@9=1;2@2=1;2@7=1;2@8=1;4@9=1;4@2=2;4@7=2;5@2=3;6@3=1,"1,4,6,9,2,7,8,3",16,12,0,12,0.0,0.0,0.0,0.0,0.0,0.0,0.0,0.0,"Feasible(status=11,gap=13.876511)"
107,106,0,0,0,-,0:4|8;1:5|7;2:5|7|8;3:5|6|8;4:7|9;5:0|1|8|9;6:8;7:0|3|4|5|6;8:3|4|5|8;9:0|7|8,0:-;1:-;2:-;3:-;4:-;5:-;6:-;7:-;8:-;9:-,1@1=2;1@2=1;1@3=1;1@4=1;1@8=1;2@5=1;4@5=1;4@9=1,"1,2,3,4,8,5,9",9,8,0,8,0.0,0.0,0.0,0.0,0.0,0.0,0.0,0.0,"Feasible(status=11,gap=13.876511)"
108,107,0,0,0,-,0:4|8;1:5|7;2:5|7|8;3:5|6|8;4:7|9;5:0|1|8|9;6:8;7:0|3|4|5|6;8:3|4|5|8;9:0|7|8,0:-;1:-;2:-;3:-;4:-;5:-;6:-;7:-;8:-;9:-,1@1=1;1@2=2;1@4=2;1@5=1;1@8=1;2@1=2;2@2=2;2@5=1;4@1=1;4@2=1;5@4=1,"1,2,4,5,8",15,11,0,11,0.0,0.0,0.0,0.0,0.0,0.0,0.0,0.0,"Feasible(status=11,gap=13.876511)"
109,108,0,0,0,-,0:4|8;1:5|7;2:5|7|8;3:5|6|8;4:7|9;5:0|1|8|9;6:8;7:0|3|4|5|6;8:3|4|5|8;9:0|7|8,0:-;1:-;2:-;3:-;4:-;5:-;6:-;7:-;8:-;9:-,1@0=1;1@4=1;1@8=1;2@0=1;2@4=3;2@2=1;4@4=1;5@3=1,"0,4,8,2,3",10,8,0,8,0.0,0.0,0.0,0.0,0.0,0.0,0.0,0.0,"Feasible(status=11,gap=13.876511)"
110,109,0,0,0,-,0:4|8;1:5|7;2:5|7|8;3:5|6|8;4:7|9;5:0|1|8|9;6:8;7:0|3|4|5|6;8:3|4|5|8;9:0|7|8,0:-;1:-;2:-;3:-;4:-;5:-;6:-;7:-;8:-;9:-,1@1=1;4@2=1;5@6=2;5@8=1,"1,2,6,8",5,4,0,4,0.0,0.0,0.0,0.0,0.0,0.0,0.0,0.0,"Feasible(status=11,gap=13.876511)"
111,110,0,0,0,-,0:4|8;1:5|7;2:5|7|8;3:5|6|8;4:7|9;5:0|1|8|9;6:8;7:0|3|4|5|6;8:3|4|5|8;9:0|7|8,0:-;1:-;2:-;3:-;4:-;5:-;6:-;7:-;8:-;9:-,1@0=1;1@3=1;2@1=1;2@2=1;4@4=2;4@7=1;5@1=1,"0,3,1,2,4,7",8,7,0,7,0.0,0.0,0.0,0.0,0.0,0.0,0.0,0.0,"Feasible(status=11,gap=13.876511)"
112,111,0,0,0,-,0:4|8;1:5|7;2:5|7|8;3:5|6|8;4:7|9;5:0|1|8|9;6:8;7:0|3|4|5|6;8:3|4|5|8;9:0|7|8,0:-;1:-;2:-;3:-;4:-;5:-;6:-;7:-;8:-;9:-,1@4=1;1@5=1;2@8=1;4@4=1;5@5=1;6@2=1,"4,5,8,2",6,6,0,6,0.0,0.0,0.0,0.0,0.0,0.0,0.0,0.0,"Feasible(status=11,gap=13.876511)"
113,112,0,0,0,-,0:4|8;1:5|7;2:5|7|8;3:5|6|8;4:7|9;5:0|1|8|9;6:8;7:0|3|4|5|6;8:3|4|5|8;9:0|7|8,0:-;1:-;2:-;3:-;4:-;5:-;6:-;7:-;8:-;9:-,1@0=1;1@2=4;1@8=1;1@9=1;2@3=2;3@4=1;5@6=2,"0,2,8,9,3,4,6",12,7,0,7,0.0,0.0,0.0,0.0,0.0,0.0,0.0,0.0,"Feasible(status=11,gap=13.876511)"
114,113,0,0,0,-,0:4|8;1:5|7;2:5|7|8;3:5|6|8;4:7|9;5:0|1|8|9;6:8;7:0|3|4|5|6;8:3|4|5|8;9:0|7|8,0:-;1:-;2:-;3:-;4:-;5:-;6:-;7:-;8:-;9:-,1@2=1;1@3=1;1@4=1;1@5=1;1@6=1;1@8=1;2@9=1;5@2=1;5@4=1,"2,3,4,5,6,8,9",9,9,0,9,0.0,0.0,0.0,0.0,0.0,0.0,0.0,0.0,"Feasible(status=11,gap=13.876511)"
115,114,0,0,0,-,0:4|8;1:5|7;2:5|7|8;3:5|6|8;4:7|9;5:0|1|8|9;6:8;7:0|3|4|5|6;8:3|4|5|8;9:0|7|8,0:-;1:-;2:-;3:-;4:-;5:-;6:-;7:-;8:-;9:-,1@0=1;1@1=1;1@4=1;1@5=1;1@6=1;2@1=1;2@6=1;4@5=1;4@9=1;5@1=1;5@4=1;5@8=1,"0,1,4,5,6,9,8",12,12,0,12,0.0,0.0,0.0,0.0,0.0,0.0,0.0,0.0,"Feasible(status=11,gap=13.876511)"
116,115,0,0,0,-,0:4|8;1:5|7;2:5|7|8;3:5|6|8;4:7|9;5:0|1|8|9;6:8;7:0|3|4|5|6;8:3|4|5|8;9:0|7|8,0:-;1:-;2:-;3:-;4:-;5:-;6:-;7:-;8:-;9:-,1@0=2;1@1=1;1@2=1;1@3=2;1@9=1;2@0=1;2@1=2;3@5=1;4@1=1;4@9=1,"0,1,2,3,9,5",13,10,0,10,0.0,0.0,0.0,0.0,0.0,0.0,0.0,0.0,"Feasible(status=11,gap=13.876511)"
117,116,0,0,0,-,0:4|8;1:5|7;2:5|7|8;3:5|6|8;4:7|9;5:0|1|8|9;6:8;7:0|3|4|5|6;8:3|4|5|8;9:0|7|8,0:-;1:-;2:-;3:-;4:-;5:-;6:-;7:-;8:-;9:-,1@0=1;1@2=2;1@4=1;2@2=1;4@7=1;4@8=1;6@0=1;6@1=1,"0,2,4,7,8,1",9,8,0,8,0.0,0.0,0.0,0.0,0.0,0.0,0.0,0.0,"Feasible(status=11,gap=13.876511)"
118,117,0,0,0,-,0:4|8;1:5|7;2:5|7|8;3:5|6|8;4:7|9;5:0|1|8|9;6:8;7:0|3|4|5|6;8:3|4|5|8;9:0|7|8,0:-;1:-;2:-;3:-;4:-;5:-;6:-;7:-;8:-;9:-,1@2=2;1@4=1;4@5=1;4@9=1;6@2=1;6@5=1,"2,4,5,9",7,6,0,6,0.0,0.0,0.0,0.0,0.0,0.0,0.0,0.0,"Feasible(status=11,gap=13.876511)"
119,118,0,0,0,-,0:4|8;1:5|7;2:5|7|8;3:5|6|8;4:7|9;5:0|1|8|9;6:8;7:0|3|4|5|6;8:3|4|5|8;9:0|7|8,0:-;1:-;2:-;3:-;4:-;5:-;6:-;7:-;8:-;9:-,1@0=1;1@4=2;2@2=1;2@5=1;2@8=1;4@9=1;5@5=1,"0,4,2,5,8,9",8,7,0,7,0.0,0.0,0.0,0.0,0.0,0.0,0.0,0.0,"Feasible(status=11,gap=13.876511)"
120,119,0,0,0,-,0:4|8;1:5|7;2:5|7|8;3:5|6|8;4:7|9;5:0|1|8|9;6:8;7:0|3|4|5|6;8:3|4|5|8;9:0|7|8,0:-;1:-;2:-;3:-;4:-;5:-;6:-;7:-;8:-;9:-,1@3=1;1@4=1;1@6=1;1@7=1;2@3=1;2@7=1;2@5=1;2@8=1;4@6=2;4@8=1;6@0=1,"3,4,6,7,5,8,0",12,11,0,11,0.0,0.0,0.0,0.0,0.0,0.0,0.0,0.0,"Feasible(status=11,gap=13.876511)"
121,120,0,0,0,-,0:4|8;1:5|7;2:5|7|8;3:5|6|8;4:7|9;5:0|1|8|9;6:8;7:0|3|4|5|6;8:3|4|5|8;9:0|7|8,0:-;1:-;2:-;3:-;4:-;5:-;6:-;7:-;8:-;9:-,1@2=1;1@4=1;1@5=1;2@2=1;2@0=1;2@1=1;4@7=2,"2,4,5,0,1,7",8,7,0,7,0.0,0.0,0.0,0.0,0.0,0.0,0.0,0.0,"Feasible(status=11,gap=13.876511)"
122,121,0,0,0,-,0:4|8;1:5|7;2:5|7|8;3:5|6|8;4:7|9;5:0|1|8|9;6:8;7:0|3|4|5|6;8:3|4|5|8;9:0|7|8,0:-;1:-;2:-;3:-;4:-;5:-;6:-;7:-;8:-;9:-,1@5=1;1@6=1;1@8=2;2@6=1;2@2=1;4@2=1;4@0=1;5@2=1;5@4=1,"5,6,8,2,0,4",10,9,0,9,0.0,0.0,0.0,0.0,0.0,0.0,0.0,0.0,"Feasible(status=11,gap=13.876511)"
123,122,0,0,0,-,0:4|8;1:5|7;2:5|7|8;3:5|6|8;4:7|9;5:0|1|8|9;6:8;7:0|3|4|5|6;8:3|4|5|8;9:0|7|8,0:-;1:-;2:-;3:-;4:-;5:-;6:-;7:-;8:-;9:-,1@1=1;1@2=2;2@3=1;2@6=1;2@7=1,"1,2,3,6,7",6,5,0,5,0.0,0.0,0.0,0.0,0.0,0.0,0.0,0.0,"Feasible(status=11,gap=13.876511)"
124,123,0,0,0,-,0:4|8;1:5|7;2:5|7|8;3:5|6|8;4:7|9;5:0|1|8|9;6:8;7:0|3|4|5|6;8:3|4|5|8;9:0|7|8,0:-;1:-;2:-;3:-;4:-;5:-;6:-;7:-;8:-;9:-,1@2=1;1@3=1;4@2=1,"2,3",3,3,0,3,0.0,0.0,0.0,0.0,0.0,0.0,0.0,0.0,"Feasible(status=11,gap=13.876511)"
125,124,0,0,0,-,0:4|8;1:5|7;2:5|7|8;3:5|6|8;4:7|9;5:0|1|8|9;6:8;7:0|3|4|5|6;8:3|4|5|8;9:0|7|8,0:-;1:-;2:-;3:-;4:-;5:-;6:-;7:-;8:-;9:-,1@1=1;1@4=1;1@5=1;1@6=1;1@8=1;2@6=2;2@8=1;6@5=1;6@0=1,"1,4,5,6,8,0",10,9,0,9,0.0,0.0,0.0,0.0,0.0,0.0,0.0,0.0,"Feasible(status=11,gap=13.876511)"
126,125,0,0,0,-,0:4|8;1:5|7;2:5|7|8;3:5|6|8;4:7|9;5:0|1|8|9;6:8;7:0|3|4|5|6;8:3|4|5|8;9:0|7|8,0:-;1:-;2:-;3:-;4:-;5:-;6:-;7:-;8:-;9:-,1@1=1;1@2=1;1@7=1;2@2=1;3@4=1;4@6=1;4@9=1,"1,2,7,4,6,9",7,7,0,7,0.0,0.0,0.0,0.0,0.0,0.0,0.0,0.0,"Feasible(status=11,gap=13.876511)"
127,126,0,0,0,-,0:4|8;1:5|7;2:5|7|8;3:5|6|8;4:7|9;5:0|1|8|9;6:8;7:0|3|4|5|6;8:3|4|5|8;9:0|7|8,0:-;1:-;2:-;3:-;4:-;5:-;6:-;7:-;8:-;9:-,1@1=2;1@6=1;2@2=2;4@4=1,"1,6,2,4",6,4,0,4,0.0,0.0,0.0,0.0,0.0,0.0,0.0,0.0,"Feasible(status=11,gap=13.876511)"
128,127,0,0,0,-,0:4|8;1:5|7;2:5|7|8;3:5|6|8;4:7|9;5:0|1|8|9;6:8;7:0|3|4|5|6;8:3|4|5|8;9:0|7|8,0:-;1:-;2:-;3:-;4:-;5:-;6:-;7:-;8:-;9:-,2@2=1;4@8=1,"2,8",2,2,0,2,0.0,0.0,0.0,0.0,0.0,0.0,0.0,0.0,"Feasible(status=11,gap=13.876511)"
129,128,0,0,0,-,0:4|8;1:5|7;2:5|7|8;3:5|6|8;4:7|9;5:0|1|8|9;6:8;7:0|3|4|5|6;8:3|4|5|8;9:0|7|8,0:-;1:-;2:-;3:-;4:-;5:-;6:-;7:-;8:-;9:-,2@1=1;2@6=1;4@2=1;4@5=1;4@9=1;5@1=1;5@3=1;5@8=1,"1,6,2,5,9,3,8",8,8,0,8,0.0,0.0,0.0,0.0,0.0,0.0,0.0,0.0,"Feasible(status=11,gap=13.876511)"
130,129,0,0,0,-,0:4|8;1:5|7;2:5|7|8;3:5|6|8;4:7|9;5:0|1|8|9;6:8;7:0|3|4|5|6;8:3|4|5|8;9:0|7|8,0:-;1:-;2:-;3:-;4:-;5:-;6:-;7:-;8:-;9:-,2@4=1;2@8=1;4@1=1;5@0=1,"4,8,1,0",4,4,0,4,0.0,0.0,0.0,0.0,0.0,0.0,0.0,0.0,"Feasible(status=11,gap=13.876511)"
131,130,0,0,0,-,0:4|8;1:5|7;2:5|7|8;3:5|6|8;4:7|9;5:0|1|8|9;6:8;7:0|3|4|5|6;8:3|4|5|8;9:0|7|8,0:-;1:-;2:-;3:-;4:-;5:-;6:-;7:-;8:-;9:-,1@2=1;1@3=1;2@6=1,"2,3,6",3,3,0,3,0.0,0.0,0.0,0.0,0.0,0.0,0.0,0.0,"Feasible(status=11,gap=13.876511)"
132,131,0,0,0,-,0:4|8;1:5|7;2:5|7|8;3:5|6|8;4:7|9;5:0|1|8|9;6:8;7:0|3|4|5|6;8:3|4|5|8;9:0|7|8,0:-;1:-;2:-;3:-;4:-;5:-;6:-;7:-;8:-;9:-,1@5=1;1@7=1;5@0=1;5@1=1;5@2=1,"5,7,0,1,2",5,5,0,5,0.0,0.0,0.0,0.0,0.0,0.0,0.0,0.0,"Feasible(status=11,gap=13.876511)"
133,132,0,0,0,-,0:4|8;1:5|7;2:5|7|8;3:5|6|8;4:7|9;5:0|1|8|9;6:8;7:0|3|4|5|6;8:3|4|5|8;9:0|7|8,0:-;1:-;2:-;3:-;4:-;5:-;6:-;7:-;8:-;9:-,1@2=1;1@3=1;5@4=1;5@9=1;6@5=1,"2,3,4,9,5",5,5,0,5,0.0,0.0,0.0,0.0,0.0,0.0,0.0,0.0,"Feasible(status=11,gap=13.876511)"
134,133,0,0,0,-,0:4|8;1:5|7;2:5|7|8;3:5|6|8;4:7|9;5:0|1|8|9;6:8;7:0|3|4|5|6;8:3|4|5|8;9:0|7|8,0:-;1:-;2:-;3:-;4:-;5:-;6:-;7:-;8:-;9:-,1@0=1;1@4=1;2@2=1;6@3=1,"0,4,2,3",4,4,0,4,0.0,0.0,0.0,0.0,0.0,0.0,0.0,0.0,"Feasible(status=11,gap=13.876511)"
135,134,0,0,0,-,0:4|8;1:5|7;2:5|7|8;3:5|6|8;4:7|9;5:0|1|8|9;6:8;7:0|3|4|5|6;8:3|4|5|8;9:0|7|8,0:-;1:-;2:-;3:-;4:-;5:-;6:-;7:-;8:-;9:-,0@2=1;1@2=1;1@4=1;2@1=2;3@2=1;3@4=1;4@4=1;5@0=1;6@3=1;6@8=1,"2,4,1,0,3,8",11,10,0,10,0.0,0.0,0.0,0.0,0.0,0.0,0.0,0.0,"Feasible(status=11,gap=13.876511)"
136,135,0,0,0,-,0:4|8;1:5|7;2:5|7|8;3:5|6|8;4:7|9;5:0|1|8|9;6:8;7:0|3|4|5|6;8:3|4|5|8;9:0|7|8,0:-;1:-;2:-;3:-;4:-;5:-;6:-;7:-;8:-;9:-,1@1=1;1@2=1;1@3=1;1@8=1;2@4=1;4@0=1;4@7=1;5@1=1;5@3=1;5@4=1,"1,2,3,8,4,0,7",10,10,0,10,0.0,0.0,0.0,0.0,0.0,0.0,0.0,0.0,"Feasible(status=11,gap=13.876511)"
137,136,0,0,0,-,0:4|8;1:5|7;2:5|7|8;3:5|6|8;4:7|9;5:0|1|8|9;6:8;7:0|3|4|5|6;8:3|4|5|8;9:0|7|8,0:-;1:-;2:-;3:-;4:-;5:-;6:-;7:-;8:-;9:-,1@8=1;2@2=1;4@1=1;5@9=1,"8,2,1,9",4,4,0,4,0.0,0.0,0.0,0.0,0.0,0.0,0.0,0.0,"Feasible(status=11,gap=13.876511)"
138,137,0,0,0,-,0:4|8;1:5|7;2:5|7|8;3:5|6|8;4:7|9;5:0|1|8|9;6:8;7:0|3|4|5|6;8:3|4|5|8;9:0|7|8,0:-;1:-;2:-;3:-;4:-;5:-;6:-;7:-;8:-;9:-,1@6=1;1@9=1;3@7=1;4@0=1;5@4=1,"6,9,7,0,4",5,5,0,5,0.0,0.0,0.0,0.0,0.0,0.0,0.0,0.0,"Feasible(status=11,gap=13.876511)"
139,138,0,0,0,-,0:4|8;1:5|7;2:5|7|8;3:5|6|8;4:7|9;5:0|1|8|9;6:8;7:0|3|4|5|6;8:3|4|5|8;9:0|7|8,0:-;1:-;2:-;3:-;4:-;5:-;6:-;7:-;8:-;9:-,1@0=1;1@2=1;1@4=1;4@5=1;6@1=1,"0,2,4,5,1",5,5,0,5,0.0,0.0,0.0,0.0,0.0,0.0,0.0,0.0,"Feasible(status=11,gap=13.876511)"
140,139,0,0,0,-,0:4|8;1:5|7;2:5|7|8;3:5|6|8;4:7|9;5:0|1|8|9;6:8;7:0|3|4|5|6;8:3|4|5|8;9:0|7|8,0:-;1:-;2:-;3:-;4:-;5:-;6:-;7:-;8:-;9:-,2@7=1;7@8=1,"7,8",2,2,0,2,0.0,0.0,0.0,0.0,0.0,0.0,0.0,0.0,"Feasible(status=11,gap=13.876511)"
141,140,0,0,0,-,0:4|8;1:5|7;2:5|7|8;3:5|6|8;4:7|9;5:0|1|8|9;6:8;7:0|3|4|5|6;8:3|4|5|8;9:0|7|8,0:-;1:-;2:-;3:-;4:-;5:-;6:-;7:-;8:-;9:-,1@2=1;1@3=1;1@8=1;2@4=1,"2,3,8,4",4,4,0,4,0.0,0.0,0.0,0.0,0.0,0.0,0.0,0.0,"Feasible(status=11,gap=13.876511)"
142,141,0,0,0,-,0:4|8;1:5|7;2:5|7|8;3:5|6|8;4:7|9;5:0|1|8|9;6:8;7:0|3|4|5|6;8:3|4|5|8;9:0|7|8,0:-;1:-;2:-;3:-;4:-;5:-;6:-;7:-;8:-;9:-,1@2=1;1@9=1;2@3=1;3@7=1;5@0=1,"2,9,3,7,0",5,5,0,5,0.0,0.0,0.0,0.0,0.0,0.0,0.0,0.0,"Feasible(status=11,gap=13.876511)"
143,142,0,0,0,-,0:4|8;1:5|7;2:5|7|8;3:5|6|8;4:7|9;5:0|1|8|9;6:8;7:0|3|4|5|6;8:3|4|5|8;9:0|7|8,0:-;1:-;2:-;3:-;4:-;5:-;6:-;7:-;8:-;9:-,1@6=1;1@8=1;4@8=1,"6,8",3,3,0,3,0.0,0.0,0.0,0.0,0.0,0.0,0.0,0.0,"Feasible(status=11,gap=13.876511)"
144,143,0,0,0,-,0:4|8;1:5|7;2:5|7|8;3:5|6|8;4:7|9;5:0|1|8|9;6:8;7:0|3|4|5|6;8:3|4|5|8;9:0|7|8,0:-;1:-;2:-;3:-;4:-;5:-;6:-;7:-;8:-;9:-,1@3=1;2@2=1;2@5=1;6@3=1;6@2=1,"3,2,5",5,5,0,5,0.0,0.0,0.0,0.0,0.0,0.0,0.0,0.0,"Feasible(status=11,gap=13.876511)"
145,144,0,0,0,-,0:4|8;1:5|7;2:5|7|8;3:5|6|8;4:7|9;5:0|1|8|9;6:8;7:0|3|4|5|6;8:3|4|5|8;9:0|7|8,0:-;1:-;2:-;3:-;4:-;5:-;6:-;7:-;8:-;9:-,2@0=1;2@8=1;4@4=1,"0,8,4",3,3,0,3,0.0,0.0,0.0,0.0,0.0,0.0,0.0,0.0,"Feasible(status=11,gap=13.876511)"
146,145,0,0,0,-,0:4|8;1:5|7;2:5|7|8;3:5|6|8;4:7|9;5:0|1|8|9;6:8;7:0|3|4|5|6;8:3|4|5|8;9:0|7|8,0:-;1:-;2:-;3:-;4:-;5:-;6:-;7:-;8:-;9:-,4@1=1,1,1,1,0,1,0.0,0.0,0.0,0.0,0.0,0.0,0.0,0.0,"Feasible(status=11,gap=13.876511)"
147,146,0,0,0,-,0:4|8;1:5|7;2:5|7|8;3:5|6|8;4:7|9;5:0|1|8|9;6:8;7:0|3|4|5|6;8:3|4|5|8;9:0|7|8,0:-;1:-;2:-;3:-;4:-;5:-;6:-;7:-;8:-;9:-,1@4=1;2@5=1;2@9=1;4@4=1;5@2=1,"4,5,9,2",5,5,0,5,0.0,0.0,0.0,0.0,0.0,0.0,0.0,0.0,"Feasible(status=11,gap=13.876511)"
148,147,0,0,0,-,0:4|8;1:5|7;2:5|7|8;3:5|6|8;4:7|9;5:0|1|8|9;6:8;7:0|3|4|5|6;8:3|4|5|8;9:0|7|8,0:-;1:-;2:-;3:-;4:-;5:-;6:-;7:-;8:-;9:-,1@0=1;1@2=1;1@6=2;5@1=1;6@0=1,"0,2,6,1",6,5,0,5,0.0,0.0,0.0,0.0,0.0,0.0,0.0,0.0,"Feasible(status=11,gap=13.876511)"
149,148,0,0,0,-,0:4|8;1:5|7;2:5|7|8;3:5|6|8;4:7|9;5:0|1|8|9;6:8;7:0|3|4|5|6;8:3|4|5|8;9:0|7|8,0:-;1:-;2:-;3:-;4:-;5:-;6:-;7:-;8:-;9:-,2@0=1;2@6=1;4@7=1;5@2=1;5@4=1;5@9=1,"0,6,7,2,4,9",6,6,0,6,0.0,0.0,0.0,0.0,0.0,0.0,0.0,0.0,"Feasible(status=11,gap=13.876511)"
150,149,0,0,0,-,0:4|8;1:5|7;2:5|7|8;3:5|6|8;4:7|9;5:0|1|8|9;6:8;7:0|3|4|5|6;8:3|4|5|8;9:0|7|8,0:-;1:-;2:-;3:-;4:-;5:-;6:-;7:-;8:-;9:-,1@4=1;1@6=1;2@4=1;4@1=1,"4,6,1",4,4,0,4,0.0,0.0,0.0,0.0,0.0,0.0,0.0,0.0,"Feasible(status=11,gap=13.876511)"
151,150,0,0,0,-,0:4|8;1:5|7;2:5|7|8;3:5|6|8;4:7|9;5:0|1|8|9;6:8;7:0|3|4|5|6;8:3|4|5|8;9:0|7|8,0:-;1:-;2:-;3:-;4:-;5:-;6:-;7:-;8:-;9:-,1@2=1;1@8=1;2@5=1;4@1=1;4@7=1;4@9=1;5@2=1;6@4=1,"2,8,5,1,7,9,4",8,8,0,8,0.0,0.0,0.0,0.0,0.0,0.0,0.0,0.0,"Feasible(status=11,gap=13.876511)"
152,151,0,0,0,-,0:4|8;1:5|7;2:5|7|8;3:5|6|8;4:7|9;5:0|1|8|9;6:8;7:0|3|4|5|6;8:3|4|5|8;9:0|7|8,0:-;1:-;2:-;3:-;4:-;5:-;6:-;7:-;8:-;9:-,1@1=1;1@2=1;2@1=1;3@5=2;4@2=1;5@8=1;6@4=1,"1,2,5,8,4",8,7,0,7,0.0,0.0,0.0,0.0,0.0,0.0,0.0,0.0,"Feasible(status=11,gap=13.876511)"
153,152,0,0,0,-,0:4|8;1:5|7;2:5|7|8;3:5|6|8;4:7|9;5:0|1|8|9;6:8;7:0|3|4|5|6;8:3|4|5|8;9:0|7|8,0:-;1:-;2:-;3:-;4:-;5:-;6:-;7:-;8:-;9:-,1@0=1;1@1=1;4@3=1;4@4=1,"0,1,3,4",4,4,0,4,0.0,0.0,0.0,0.0,0.0,0.0,0.0,0.0,"Feasible(status=11,gap=13.876511)"
154,153,0,0,0,-,0:4|8;1:5|7;2:5|7|8;3:5|6|8;4:7|9;5:0|1|8|9;6:8;7:0|3|4|5|6;8:3|4|5|8;9:0|7|8,0:-;1:-;2:-;3:-;4:-;5:-;6:-;7:-;8:-;9:-,1@4=1;1@6=1;1@7=1;1@8=1;1@9=1;2@4=2;2@8=1;3@9=1;5@5=1;6@4=2;6@5=1;6@0=1,"4,6,7,8,9,5,0",14,12,0,12,0.0,0.0,0.0,0.0,0.0,0.0,0.0,0.0,"Feasible(status=11,gap=13.876511)"
155,154,0,0,0,-,0:4|8;1:5|7;2:5|7|8;3:5|6|8;4:7|9;5:0|1|8|9;6:8;7:0|3|4|5|6;8:3|4|5|8;9:0|7|8,0:-;1:-;2:-;3:-;4:-;5:-;6:-;7:-;8:-;9:-,1@0=1;1@8=1;1@9=1;2@0=1;2@1=1;2@2=1;4@0=1;4@2=1;4@3=1,"0,8,9,1,2,3",9,9,0,9,0.0,0.0,0.0,0.0,0.0,0.0,0.0,0.0,"Feasible(status=11,gap=13.876511)"
156,155,0,0,0,-,0:4|8;1:5|7;2:5|7|8;3:5|6|8;4:7|9;5:0|1|8|9;6:8;7:0|3|4|5|6;8:3|4|5|8;9:0|7|8,0:-;1:-;2:-;3:-;4:-;5:-;6:-;7:-;8:-;9:-,1@1=2;1@2=1;1@7=1;1@8=1;4@6=1,"1,2,7,8,6",6,5,0,5,0.0,0.0,0.0,0.0,0.0,0.0,0.0,0.0,"Feasible(status=11,gap=13.876511)"
157,156,0,0,0,-,0:4|8;1:5|7;2:5|7|8;3:5|6|8;4:7|9;5:0|1|8|9;6:8;7:0|3|4|5|6;8:3|4|5|8;9:0|7|8,0:-;1:-;2:-;3:-;4:-;5:-;6:-;7:-;8:-;9:-,4@1=2,1,2,1,0,1,0.0,0.0,0.0,0.0,0.0,0.0,0.0,0.0,"Feasible(status=11,gap=13.876511)"
158,157,0,0,0,-,0:4|8;1:5|7;2:5|7|8;3:5|6|8;4:7|9;5:0|1|8|9;6:8;7:0|3|4|5|6;8:3|4|5|8;9:0|7|8,0:-;1:-;2:-;3:-;4:-;5:-;6:-;7:-;8:-;9:-,1@0=2;2@0=1;4@2=1,"0,2",4,3,0,3,0.0,0.0,0.0,0.0,0.0,0.0,0.0,0.0,"Feasible(status=11,gap=13.876511)"
159,158,0,0,0,-,0:4|8;1:5|7;2:5|7|8;3:5|6|8;4:7|9;5:0|1|8|9;6:8;7:0|3|4|5|6;8:3|4|5|8;9:0|7|8,0:-;1:-;2:-;3:-;4:-;5:-;6:-;7:-;8:-;9:-,2@2=1;4@7=1,"2,7",2,2,0,2,0.0,0.0,0.0,0.0,0.0,0.0,0.0,0.0,"Feasible(status=11,gap=13.876511)"
160,159,0,0,0,-,0:4|8;1:5|7;2:5|7|8;3:5|6|8;4:7|9;5:0|1|8|9;6:8;7:0|3|4|5|6;8:3|4|5|8;9:0|7|8,0:-;1:-;2:-;3:-;4:-;5:-;6:-;7:-;8:-;9:-,1@2=1;1@5=1;1@8=1;2@7=1;4@5=1;4@3=1,"2,5,8,7,3",6,6,0,6,0.0,0.0,0.0,0.0,0.0,0.0,0.0,0.0,"Feasible(status=11,gap=13.876511)"
161,160,0,0,0,-,0:4|8;1:5|7;2:5|7|8;3:5|6|8;4:7|9;5:0|1|8|9;6:8;7:0|3|4|5|6;8:3|4|5|8;9:0|7|8,0:-;1:-;2:-;3:-;4:-;5:-;6:-;7:-;8:-;9:-,1@3=1;1@4=1;1@6=1;1@8=1;2@3=1;2@7=2;4@0=1;4@5=1;6@1=1,"3,4,6,8,7,0,5,1",10,9,0,9,0.0,0.0,0.0,0.0,0.0,0.0,0.0,0.0,"Feasible(status=11,gap=13.876511)"
162,161,0,0,0,-,0:4|8;1:5|7;2:5|7|8;3:5|6|8;4:7|9;5:0|1|8|9;6:8;7:0|3|4|5|6;8:3|4|5|8;9:0|7|8,0:-;1:-;2:-;3:-;4:-;5:-;6:-;7:-;8:-;9:-,1@9=2;2@1=1;2@2=1;4@9=1;4@4=2,"9,1,2,4",7,5,0,5,0.0,0.0,0.0,0.0,0.0,0.0,0.0,0.0,"Feasible(status=11,gap=13.876511)"
163,162,0,0,0,-,0:4|8;1:5|7;2:5|7|8;3:5|6|8;4:7|9;5:0|1|8|9;6:8;7:0|3|4|5|6;8:3|4|5|8;9:0|7|8,0:-;1:-;2:-;3:-;4:-;5:-;6:-;7:-;8:-;9:-,1@9=1;5@3=1,"9,3",2,2,0,2,0.0,0.0,0.0,0.0,0.0,0.0,0.0,0.0,"Feasible(status=11,gap=13.876511)"
164,163,0,0,0,-,0:4|8;1:5|7;2:5|7|8;3:5|6|8;4:7|9;5:0|1|8|9;6:8;7:0|3|4|5|6;8:3|4|5|8;9:0|7|8,0:-;1:-;2:-;3:-;4:-;5:-;6:-;7:-;8:-;9:-,1@1=1;1@3=1;1@6=1;1@9=1;2@4=1;4@0=1;5@0=1;5@2=1,"1,3,6,9,4,0,2",8,8,0,8,0.0,0.0,0.0,0.0,0.0,0.0,0.0,0.0,"Feasible(status=11,gap=13.876511)"
165,164,0,0,0,-,0:4|8;1:5|7;2:5|7|8;3:5|6|8;4:7|9;5:0|1|8|9;6:8;7:0|3|4|5|6;8:3|4|5|8;9:0|7|8,0:-;1:-;2:-;3:-;4:-;5:-;6:-;7:-;8:-;9:-,1@1=1;1@7=1;1@9=1;2@7=1;3@7=1;5@9=1;5@3=1;6@6=1,"1,7,9,3,6",8,8,0,8,0.0,0.0,0.0,0.0,0.0,0.0,0.0,0.0,"Feasible(status=11,gap=13.876511)"
166,165,0,0,0,-,0:4|8;1:5|7;2:5|7|8;3:5|6|8;4:7|9;5:0|1|8|9;6:8;7:0|3|4|5|6;8:3|4|5|8;9:0|7|8,0:-;1:-;2:-;3:-;4:-;5:-;6:-;7:-;8:-;9:-,2@2=2;4@7=1;5@4=1;5@8=1,"2,7,4,8",5,4,0,4,0.0,0.0,0.0,0.0,0.0,0.0,0.0,0.0,"Feasible(status=11,gap=13.876511)"
167,166,0,0,0,-,0:4|8;1:5|7;2:5|7|8;3:5|6|8;4:7|9;5:0|1|8|9;6:8;7:0|3|4|5|6;8:3|4|5|8;9:0|7|8,0:-;1:-;2:-;3:-;4:-;5:-;6:-;7:-;8:-;9:-,0@8=1;1@2=1;1@9=1;2@2=1,"8,2,9",4,4,0,4,0.0,0.0,0.0,0.0,0.0,0.0,0.0,0.0,"Feasible(status=11,gap=13.876511)"
168,167,0,0,0,-,0:4|8;1:5|7;2:5|7|8;3:5|6|8;4:7|9;5:0|1|8|9;6:8;7:0|3|4|5|6;8:3|4|5|8;9:0|7|8,0:-;1:-;2:-;3:-;4:-;5:-;6:-;7:-;8:-;9:-,1@4=1;2@2=1;4@4=1;4@7=2;5@6=1;6@9=1,"4,2,7,6,9",7,6,0,6,0.0,0.0,0.0,0.0,0.0,0.0,0.0,0.0,"Feasible(status=11,gap=13.876511)"
169,168,0,0,0,-,0:4|8;1:5|7;2:5|7|8;3:5|6|8;4:7|9;5:0|1|8|9;6:8;7:0|3|4|5|6;8:3|4|5|8;9:0|7|8,0:-;1:-;2:-;3:-;4:-;5:-;6:-;7:-;8:-;9:-,1@4=2;1@7=1;2@4=1;3@5=1;4@4=1;4@2=2;5@3=1;5@8=1;6@2=1,"4,7,5,2,3,8",11,9,0,9,0.0,0.0,0.0,0.0,0.0,0.0,0.0,0.0,"Feasible(status=11,gap=13.876511)"
170,169,0,0,0,-,0:4|8;1:5|7;2:5|7|8;3:5|6|8;4:7|9;5:0|1|8|9;6:8;7:0|3|4|5|6;8:3|4|5|8;9:0|7|8,0:-;1:-;2:-;3:-;4:-;5:-;6:-;7:-;8:-;9:-,1@4=1;2@0=1;2@1=1;2@2=1;2@8=1;3@5=1;4@5=1;6@3=1,"4,0,1,2,8,5,3",8,8,0,8,0.0,0.0,0.0,0.0,0.0,0.0,0.0,0.0,"Feasible(status=11,gap=13.876511)"
171,170,0,0,0,-,0:4|8;1:5|7;2:5|7|8;3:5|6|8;4:7|9;5:0|1|8|9;6:8;7:0|3|4|5|6;8:3|4|5|8;9:0|7|8,0:-;1:-;2:-;3:-;4:-;5:-;6:-;7:-;8:-;9:-,1@1=1;1@2=1;1@4=2;1@8=1;2@4=1;2@0=1;2@9=1;4@2=1;4@4=2;5@4=2;7@8=1,"1,2,4,8,0,9",14,11,0,11,0.0,0.0,0.0,0.0,0.0,0.0,0.0,0.0,"Feasible(status=11,gap=13.876511)"
172,171,0,0,0,-,0:4|8;1:5|7;2:5|7|8;3:5|6|8;4:7|9;5:0|1|8|9;6:8;7:0|3|4|5|6;8:3|4|5|8;9:0|7|8,0:-;1:-;2:-;3:-;4:-;5:-;6:-;7:-;8:-;9:-,0@4=1;1@7=1;1@8=1;2@6=1;4@9=1;6@9=1,"4,7,8,6,9",6,6,0,6,0.0,0.0,0.0,0.0,0.0,0.0,0.0,0.0,"Feasible(status=11,gap=13.876511)"
173,172,0,0,0,-,0:4|8;1:5|7;2:5|7|8;3:5|6|8;4:7|9;5:0|1|8|9;6:8;7:0|3|4|5|6;8:3|4|5|8;9:0|7|8,0:-;1:-;2:-;3:-;4:-;5:-;6:-;7:-;8:-;9:-,3@8=1;4@1=1;4@6=1;5@6=1;5@2=1,"8,1,6,2",5,5,0,5,0.0,0.0,0.0,0.0,0.0,0.0,0.0,0.0,"Feasible(status=11,gap=13.876511)"
174,173,0,0,0,-,0:4|8;1:5|7;2:5|7|8;3:5|6|8;4:7|9;5:0|1|8|9;6:8;7:0|3|4|5|6;8:3|4|5|8;9:0|7|8,0:-;1:-;2:-;3:-;4:-;5:-;6:-;7:-;8:-;9:-,1@1=1;1@2=2;4@2=1;4@9=1;5@1=1;5@2=2;6@9=1,"1,2,9",9,7,0,7,0.0,0.0,0.0,0.0,0.0,0.0,0.0,0.0,"Feasible(status=11,gap=13.876511)"
175,174,0,0,0,-,0:4|8;1:5|7;2:5|7|8;3:5|6|8;4:7|9;5:0|1|8|9;6:8;7:0|3|4|5|6;8:3|4|5|8;9:0|7|8,0:-;1:-;2:-;3:-;4:-;5:-;6:-;7:-;8:-;9:-,0@1=1;1@4=1;1@9=2;2@9=1;2@7=2;4@1=1;4@4=1;4@2=1;5@4=3;5@7=1;6@1=1;6@3=1,"1,4,9,7,2,3",16,12,0,12,0.0,0.0,0.0,0.0,0.0,0.0,0.0,0.0,"Feasible(status=11,gap=13.876511)"
176,175,0,0,0,-,0:4|8;1:5|7;2:5|7|8;3:5|6|8;4:7|9;5:0|1|8|9;6:8;7:0|3|4|5|6;8:3|4|5|8;9:0|7|8,0:-;1:-;2:-;3:-;4:-;5:-;6:-;7:-;8:-;9:-,1@2=1;1@7=1;1@9=1;2@2=1;2@7=1;2@9=1;4@1=1;4@8=1;6@0=1,"2,7,9,1,8,0",9,9,0,9,0.0,0.0,0.0,0.0,0.0,0.0,0.0,0.0,"Feasible(status=11,gap=13.876511)"
177,176,0,0,0,-,0:4|8;1:5|7;2:5|7|8;3:5|6|8;4:7|9;5:0|1|8|9;6:8;7:0|3|4|5|6;8:3|4|5|8;9:0|7|8,0:-;1:-;2:-;3:-;4:-;5:-;6:-;7:-;8:-;9:-,1@0=1;1@2=1;1@8=1;4@8=1,"0,2,8",4,4,0,4,0.0,0.0,0.0,0.0,0.0,0.0,0.0,0.0,"Feasible(status=11,gap=13.876511)"
178,177,0,0,0,-,0:4|8;1:5|7;2:5|7|8;3:5|6|8;4:7|9;5:0|1|8|9;6:8;7:0|3|4|5|6;8:3|4|5|8;9:0|7|8,0:-;1:-;2:-;3:-;4:-;5:-;6:-;7:-;8:-;9:-,1@2=1;4@0=1;4@5=1;4@8=1;5@2=1;5@7=1,"2,0,5,8,7",6,6,0,6,0.0,0.0,0.0,0.0,0.0,0.0,0.0,0.0,"Feasible(status=11,gap=13.876511)"
179,178,0,0,0,-,0:4|8;1:5|7;2:5|7|8;3:5|6|8;4:7|9;5:0|1|8|9;6:8;7:0|3|4|5|6;8:3|4|5|8;9:0|7|8,0:-;1:-;2:-;3:-;4:-;5:-;6:-;7:-;8:-;9:-,1@1=1;1@4=2;1@8=1;4@2=1;5@4=1;5@6=1,"1,4,8,2,6",7,6,0,6,0.0,0.0,0.0,0.0,0.0,0.0,0.0,0.0,"Feasible(status=11,gap=13.876511)"
180,179,0,0,0,-,0:4|8;1:5|7;2:5|7|8;3:5|6|8;4:7|9;5:0|1|8|9;6:8;7:0|3|4|5|6;8:3|4|5|8;9:0|7|8,0:-;1:-;2:-;3:-;4:-;5:-;6:-;7:-;8:-;9:-,4@1=1;4@8=1,"1,8",2,2,0,2,0.0,0.0,0.0,0.0,0.0,0.0,0.0,0.0,"Feasible(status=11,gap=13.876511)"
181,180,0,0,0,-,0:4|8;1:5|7;2:5|7|8;3:5|6|8;4:7|9;5:0|1|8|9;6:8;7:0|3|4|5|6;8:3|4|5|8;9:0|7|8,0:-;1:-;2:-;3:-;4:-;5:-;6:-;7:-;8:-;9:-,1@0=1;1@2=1;1@6=1;2@2=1;2@3=1;5@2=1,"0,2,6,3",6,6,0,6,0.0,0.0,0.0,0.0,0.0,0.0,0.0,0.0,"Feasible(status=11,gap=13.876511)"
182,181,0,0,0,-,0:4|8;1:5|7;2:5|7|8;3:5|6|8;4:7|9;5:0|1|8|9;6:8;7:0|3|4|5|6;8:3|4|5|8;9:0|7|8,0:-;1:-;2:-;3:-;4:-;5:-;6:-;7:-;8:-;9:-,2@9=1;4@3=1;4@5=1;4@8=1;5@9=1;5@8=2;6@1=1,"9,3,5,8,1",8,7,0,7,0.0,0.0,0.0,0.0,0.0,0.0,0.0,0.0,"Feasible(status=11,gap=13.876511)"
183,182,0,0,0,-,0:4|8;1:5|7;2:5|7|8;3:5|6|8;4:7|9;5:0|1|8|9;6:8;7:0|3|4|5|6;8:3|4|5|8;9:0|7|8,0:-;1:-;2:-;3:-;4:-;5:-;6:-;7:-;8:-;9:-,2@4=1;3@2=1;4@7=1;5@6=1;5@8=2;6@4=1,"4,2,7,6,8",7,6,0,6,0.0,0.0,0.0,0.0,0.0,0.0,0.0,0.0,"Feasible(status=11,gap=13.876511)"
184,183,0,0,0,-,0:4|8;1:5|7;2:5|7|8;3:5|6|8;4:7|9;5:0|1|8|9;6:8;7:0|3|4|5|6;8:3|4|5|8;9:0|7|8,0:-;1:-;2:-;3:-;4:-;5:-;6:-;7:-;8:-;9:-,0@3=1;2@3=1;2@2=1;2@8=1;4@1=1;5@2=1;5@4=1,"3,2,8,1,4",7,7,0,7,0.0,0.0,0.0,0.0,0.0,0.0,0.0,0.0,"Feasible(status=11,gap=13.876511)"
185,184,0,0,0,-,0:4|8;1:5|7;2:5|7|8;3:5|6|8;4:7|9;5:0|1|8|9;6:8;7:0|3|4|5|6;8:3|4|5|8;9:0|7|8,0:-;1:-;2:-;3:-;4:-;5:-;6:-;7:-;8:-;9:-,1@7=1;5@7=1;5@2=1;5@6=1;6@2=1;6@1=1;7@4=1,"7,2,6,1,4",7,7,0,7,0.0,0.0,0.0,0.0,0.0,0.0,0.0,0.0,"Feasible(status=11,gap=13.876511)"
186,185,0,0,0,-,0:4|8;1:5|7;2:5|7|8;3:5|6|8;4:7|9;5:0|1|8|9;6:8;7:0|3|4|5|6;8:3|4|5|8;9:0|7|8,0:-;1:-;2:-;3:-;4:-;5:-;6:-;7:-;8:-;9:-,0@9=1;4@1=1;5@0=1;6@1=1;6@4=1;6@6=1,"9,1,0,4,6",6,6,0,6,0.0,0.0,0.0,0.0,0.0,0.0,0.0,0.0,"Feasible(status=11,gap=13.876511)"
187,186,0,0,0,-,0:4|8;1:5|7;2:5|7|8;3:5|6|8;4:7|9;5:0|1|8|9;6:8;7:0|3|4|5|6;8:3|4|5|8;9:0|7|8,0:-;1:-;2:-;3:-;4:-;5:-;6:-;7:-;8:-;9:-,4@0=1,0,1,1,0,1,0.0,0.0,0.0,0.0,0.0,0.0,0.0,0.0,"Feasible(status=11,gap=13.876511)"
188,187,0,0,0,-,0:4|8;1:5|7;2:5|7|8;3:5|6|8;4:7|9;5:0|1|8|9;6:8;7:0|3|4|5|6;8:3|4|5|8;9:0|7|8,0:-;1:-;2:-;3:-;4:-;5:-;6:-;7:-;8:-;9:-,4@0=1;4@1=1;4@3=1;4@7=1,"0,1,3,7",4,4,0,4,0.0,0.0,0.0,0.0,0.0,0.0,0.0,0.0,"Feasible(status=11,gap=13.876511)"
189,188,0,0,0,-,0:4|8;1:5|7;2:5|7|8;3:5|6|8;4:7|9;5:0|1|8|9;6:8;7:0|3|4|5|6;8:3|4|5|8;9:0|7|8,0:-;1:-;2:-;3:-;4:-;5:-;6:-;7:-;8:-;9:-,0@4=1;4@1=1,"4,1",2,2,0,2,0.0,0.0,0.0,0.0,0.0,0.0,0.0,0.0,"Feasible(status=11,gap=13.876511)"
190,189,0,0,0,-,0:4|8;1:5|7;2:5|7|8;3:5|6|8;4:7|9;5:0|1|8|9;6:8;7:0|3|4|5|6;8:3|4|5|8;9:0|7|8,0:-;1:-;2:-;3:-;4:-;5:-;6:-;7:-;8:-;9:-,0@3=1;1@5=1;3@2=1;4@2=2;5@9=1;6@0=1;6@4=1,"3,5,2,9,0,4",8,7,0,7,0.0,0.0,0.0,0.0,0.0,0.0,0.0,0.0,"Feasible(status=11,gap=13.876511)"
191,190,0,0,0,-,0:4|8;1:5|7;2:5|7|8;3:5|6|8;4:7|9;5:0|1|8|9;6:8;7:0|3|4|5|6;8:3|4|5|8;9:0|7|8,0:-;1:-;2:-;3:-;4:-;5:-;6:-;7:-;8:-;9:-,1@1=1;1@2=1;1@6=1;2@1=1;4@9=1;5@7=1;6@4=2,"1,2,6,9,7,4",8,7,0,7,0.0,0.0,0.0,0.0,0.0,0.0,0.0,0.0,"Feasible(status=11,gap=13.876511)"
192,191,0,0,0,-,0:4|8;1:5|7;2:5|7|8;3:5|6|8;4:7|9;5:0|1|8|9;6:8;7:0|3|4|5|6;8:3|4|5|8;9:0|7|8,0:-;1:-;2:-;3:-;4:-;5:-;6:-;7:-;8:-;9:-,1@1=1;1@2=2;1@3=1;1@8=1;2@1=2;2@2=2;2@8=1;3@2=1;3@6=1;3@7=1;4@6=1;4@4=1;4@5=1;5@4=1,"1,2,3,8,6,7,4,5",17,14,0,14,0.0,0.0,0.0,0.0,0.0,0.0,0.0,0.0,"Feasible(status=11,gap=13.876511)"
193,192,0,0,0,-,0:4|8;1:5|7;2:5|7|8;3:5|6|8;4:7|9;5:0|1|8|9;6:8;7:0|3|4|5|6;8:3|4|5|8;9:0|7|8,0:-;1:-;2:-;3:-;4:-;5:-;6:-;7:-;8:-;9:-,1@3=1;2@5=1;3@2=1;4@8=1;5@3=1;5@1=1,"3,5,2,8,1",6,6,0,6,0.0,0.0,0.0,0.0,0.0,0.0,0.0,0.0,"Feasible(status=11,gap=13.876511)"
194,193,0,0,0,-,0:4|8;1:5|7;2:5|7|8;3:5|6|8;4:7|9;5:0|1|8|9;6:8;7:0|3|4|5|6;8:3|4|5|8;9:0|7|8,0:-;1:-;2:-;3:-;4:-;5:-;6:-;7:-;8:-;9:-,1@1=1;2@1=1;4@6=1;5@8=1,"1,6,8",4,4,0,4,0.0,0.0,0.0,0.0,0.0,0.0,0.0,0.0,"Feasible(status=11,gap=13.876511)"
195,194,0,0,0,-,0:4|8;1:5|7;2:5|7|8;3:5|6|8;4:7|9;5:0|1|8|9;6:8;7:0|3|4|5|6;8:3|4|5|8;9:0|7|8,0:-;1:-;2:-;3:-;4:-;5:-;6:-;7:-;8:-;9:-,0@5=1;0@8=1;1@0=1;2@1=1;2@9=1;4@6=1;6@4=1;6@7=1,"5,8,0,1,9,6,4,7",8,8,0,8,0.0,0.0,0.0,0.0,0.0,0.0,0.0,0.0,"Feasible(status=11,gap=13.876511)"
196,195,0,0,0,-,0:4|8;1:5|7;2:5|7|8;3:5|6|8;4:7|9;5:0|1|8|9;6:8;7:0|3|4|5|6;8:3|4|5|8;9:0|7|8,0:-;1:-;2:-;3:-;4:-;5:-;6:-;7:-;8:-;9:-,1@0=1;1@1=2;1@3=1;2@0=1;4@8=1;4@9=1;5@8=1;5@2=1;6@4=1;6@5=1,"0,1,3,8,9,2,4,5",11,10,0,10,0.0,0.0,0.0,0.0,0.0,0.0,0.0,0.0,"Feasible(status=11,gap=13.876511)"
197,196,0,0,0,-,0:4|8;1:5|7;2:5|7|8;3:5|6|8;4:7|9;5:0|1|8|9;6:8;7:0|3|4|5|6;8:3|4|5|8;9:0|7|8,0:-;1:-;2:-;3:-;4:-;5:-;6:-;7:-;8:-;9:-,0@0=1;2@0=1;2@2=2;2@7=1;4@0=2;4@2=1;4@5=1;4@8=1;5@2=1;5@1=1;5@4=1;6@1=1,"0,2,7,5,8,1,4",14,12,0,12,0.0,0.0,0.0,0.0,0.0,0.0,0.0,0.0,"Feasible(status=11,gap=13.876511)"
198,197,0,0,0,-,0:4|8;1:5|7;2:5|7|8;3:5|6|8;4:7|9;5:0|1|8|9;6:8;7:0|3|4|5|6;8:3|4|5|8;9:0|7|8,0:-;1:-;2:-;3:-;4:-;5:-;6:-;7:-;8:-;9:-,2@3=1;4@3=1;5@4=1,"3,4",3,3,0,3,0.0,0.0,0.0,0.0,0.0,0.0,0.0,0.0,"Feasible(status=11,gap=13.876511)"
199,198,0,0,0,-,0:4|8;1:5|7;2:5|7|8;3:5|6|8;4:7|9;5:0|1|8|9;6:8;7:0|3|4|5|6;8:3|4|5|8;9:0|7|8,0:-;1:-;2:-;3:-;4:-;5:-;6:-;7:-;8:-;9:-,1@4=2;1@7=1;3@7=1;3@2=1;3@5=1;4@7=1;4@5=1;4@3=1,"4,7,2,5,3",9,8,0,8,0.0,0.0,0.0,0.0,0.0,0.0,0.0,0.0,"Feasible(status=11,gap=13.876511)"
200,199,0,0,0,-,0:4|8;1:5|7;2:5|7|8;3:5|6|8;4:7|9;5:0|1|8|9;6:8;7:0|3|4|5|6;8:3|4|5|8;9:0|7|8,0:-;1:-;2:-;3:-;4:-;5:-;6:-;7:-;8:-;9:-,1@4=1;1@7=1;1@9=1;2@2=1;3@5=1;4@3=1,"4,7,9,2,5,3",6,6,0,6,0.0,0.0,0.0,0.0,0.0,0.0,0.0,0.0,"Feasible(status=11,gap=13.876511)"
201,200,0,0,0,-,0:4|8;1:5|7;2:5|7|8;3:5|6|8;4:7|9;5:0|1|8|9;6:8;7:0|3|4|5|6;8:3|4|5|8;9:0|7|8,0:-;1:-;2:-;3:-;4:-;5:-;6:-;7:-;8:-;9:-,1@0=1;1@1=1;1@3=1;1@5=1;2@8=1;4@0=1;4@5=1,"0,1,3,5,8",7,7,0,7,0.0,0.0,0.0,0.0,0.0,0.0,0.0,0.0,"Feasible(status=11,gap=13.876511)"
202,201,0,0,0,-,0:4|8;1:5|7;2:5|7|8;3:5|6|8;4:7|9;5:0|1|8|9;6:8;7:0|3|4|5|6;8:3|4|5|8;9:0|7|8,0:-;1:-;2:-;3:-;4:-;5:-;6:-;7:-;8:-;9:-,1@4=1;2@4=1;2@0=1;2@5=1;3@3=1;4@5=1;4@9=1;6@2=1,"4,0,5,3,9,2",8,8,0,8,0.0,0.0,0.0,0.0,0.0,0.0,0.0,0.0,"Feasible(status=11,gap=13.876511)"
203,202,0,0,0,-,0:4|8;1:5|7;2:5|7|8;3:5|6|8;4:7|9;5:0|1|8|9;6:8;7:0|3|4|5|6;8:3|4|5|8;9:0|7|8,0:-;1:-;2:-;3:-;4:-;5:-;6:-;7:-;8:-;9:-,2@1=2;2@4=1;2@9=1;4@4=2;4@5=1;5@5=2;5@7=1,"1,4,9,5,7",10,7,0,7,0.0,0.0,0.0,0.0,0.0,0.0,0.0,0.0,"Feasible(status=11,gap=13.876511)"
204,203,0,0,0,-,0:4|8;1:5|7;2:5|7|8;3:5|6|8;4:7|9;5:0|1|8|9;6:8;7:0|3|4|5|6;8:3|4|5|8;9:0|7|8,0:-;1:-;2:-;3:-;4:-;5:-;6:-;7:-;8:-;9:-,1@0=2;1@1=1;1@7=1;2@7=1;2@5=1;2@6=1;4@1=1;4@2=1;4@4=1;5@2=1;6@1=1,"0,1,7,5,6,2,4",12,11,0,11,0.0,0.0,0.0,0.0,0.0,0.0,0.0,0.0,"Feasible(status=11,gap=13.876511)"
205,204,0,0,0,-,0:4|8;1:5|7;2:5|7|8;3:5|6|8;4:7|9;5:0|1|8|9;6:8;7:0|3|4|5|6;8:3|4|5|8;9:0|7|8,0:-;1:-;2:-;3:-;4:-;5:-;6:-;7:-;8:-;9:-,1@2=1;1@3=1;1@4=2;1@6=1;2@0=1;2@9=1;4@2=1,"2,3,4,6,0,9",8,7,0,7,0.0,0.0,0.0,0.0,0.0,0.0,0.0,0.0,"Feasible(status=11,gap=13.876511)"
206,205,0,0,0,-,0:4|8;1:5|7;2:5|7|8;3:5|6|8;4:7|9;5:0|1|8|9;6:8;7:0|3|4|5|6;8:3|4|5|8;9:0|7|8,0:-;1:-;2:-;3:-;4:-;5:-;6:-;7:-;8:-;9:-,4@2=1;8@2=1,2,2,2,0,2,0.0,0.0,0.0,0.0,0.0,0.0,0.0,0.0,"Feasible(status=11,gap=13.876511)"
207,206,0,0,0,-,0:4|8;1:5|7;2:5|7|8;3:5|6|8;4:7|9;5:0|1|8|9;6:8;7:0|3|4|5|6;8:3|4|5|8;9:0|7|8,0:-;1:-;2:-;3:-;4:-;5:-;6:-;7:-;8:-;9:-,2@4=1;4@4=2;4@7=1;5@3=1;5@9=1,"4,7,3,9",6,5,0,5,0.0,0.0,0.0,0.0,0.0,0.0,0.0,0.0,"Feasible(status=11,gap=13.876511)"
208,207,0,0,0,-,0:4|8;1:5|7;2:5|7|8;3:5|6|8;4:7|9;5:0|1|8|9;6:8;7:0|3|4|5|6;8:3|4|5|8;9:0|7|8,0:-;1:-;2:-;3:-;4:-;5:-;6:-;7:-;8:-;9:-,4@3=1;4@4=1;4@5=1;5@9=1;6@3=1,"3,4,5,9",5,5,0,5,0.0,0.0,0.0,0.0,0.0,0.0,0.0,0.0,"Feasible(status=11,gap=13.876511)"
209,208,0,0,0,-,0:4|8;1:5|7;2:5|7|8;3:5|6|8;4:7|9;5:0|1|8|9;6:8;7:0|3|4|5|6;8:3|4|5|8;9:0|7|8,0:-;1:-;2:-;3:-;4:-;5:-;6:-;7:-;8:-;9:-,2@5=1;2@8=1;4@1=1;4@2=1;5@9=1;6@1=1,"5,8,1,2,9",6,6,0,6,0.0,0.0,0.0,0.0,0.0,0.0,0.0,0.0,"Feasible(status=11,gap=13.876511)"
210,209,0,0,0,-,0:4|8;1:5|7;2:5|7|8;3:5|6|8;4:7|9;5:0|1|8|9;6:8;7:0|3|4|5|6;8:3|4|5|8;9:0|7|8,0:-;1:-;2:-;3:-;4:-;5:-;6:-;7:-;8:-;9:-,4@1=1;4@2=1;4@4=1;4@7=1;4@9=1;5@3=1;6@2=1;6@4=1;6@3=1;7@1=1;7@2=1,"1,2,4,7,9,3",11,11,0,11,0.0,0.0,0.0,0.0,0.0,0.0,0.0,0.0,"Feasible(status=11,gap=13.876511)"
211,210,0,0,0,-,0:4|8;1:5|7;2:5|7|8;3:5|6|8;4:7|9;5:0|1|8|9;6:8;7:0|3|4|5|6;8:3|4|5|8;9:0|7|8,0:-;1:-;2:-;3:-;4:-;5:-;6:-;7:-;8:-;9:-,2@9=1;4@0=1;4@1=1;4@6=1;4@8=1;5@1=1;6@3=1,"9,0,1,6,8,3",7,7,0,7,0.0,0.0,0.0,0.0,0.0,0.0,0.0,0.0,"Feasible(status=11,gap=13.876511)"
212,211,0,0,0,-,0:4|8;1:5|7;2:5|7|8;3:5|6|8;4:7|9;5:0|1|8|9;6:8;7:0|3|4|5|6;8:3|4|5|8;9:0|7|8,0:-;1:-;2:-;3:-;4:-;5:-;6:-;7:-;8:-;9:-,4@9=1;7@4=1;7@7=1,"9,4,7",3,3,0,3,0.0,0.0,0.0,0.0,0.0,0.0,0.0,0.0,"Feasible(status=11,gap=13.876511)"
213,212,0,0,0,-,0:4|8;1:5|7;2:5|7|8;3:5|6|8;4:7|9;5:0|1|8|9;6:8;7:0|3|4|5|6;8:3|4|5|8;9:0|7|8,0:-;1:-;2:-;3:-;4:-;5:-;6:-;7:-;8:-;9:-,4@1=1;5@1=1;6@4=1,"1,4",3,3,0,3,0.0,0.0,0.0,0.0,0.0,0.0,0.0,0.0,"Feasible(status=11,gap=13.876511)"
214,213,0,0,0,-,0:4|8;1:5|7;2:5|7|8;3:5|6|8;4:7|9;5:0|1|8|9;6:8;7:0|3|4|5|6;8:3|4|5|8;9:0|7|8,0:-;1:-;2:-;3:-;4:-;5:-;6:-;7:-;8:-;9:-,2@6=1;5@2=1;5@5=1;6@3=1;7@5=1,"6,2,5,3",5,5,0,5,0.0,0.0,0.0,0.0,0.0,0.0,0.0,0.0,"Feasible(status=11,gap=13.876511)"
215,214,0,0,0,-,0:4|8;1:5|7;2:5|7|8;3:5|6|8;4:7|9;5:0|1|8|9;6:8;7:0|3|4|5|6;8:3|4|5|8;9:0|7|8,0:-;1:-;2:-;3:-;4:-;5:-;6:-;7:-;8:-;9:-,4@2=1;4@4=1;5@0=1;5@1=1;5@9=1;6@4=1,"2,4,0,1,9",6,6,0,6,0.0,0.0,0.0,0.0,0.0,0.0,0.0,0.0,"Feasible(status=11,gap=13.876511)"
216,215,0,0,0,-,0:4|8;1:5|7;2:5|7|8;3:5|6|8;4:7|9;5:0|1|8|9;6:8;7:0|3|4|5|6;8:3|4|5|8;9:0|7|8,0:-;1:-;2:-;3:-;4:-;5:-;6:-;7:-;8:-;9:-,3@4=1;4@4=1;4@2=1;5@2=1;6@0=1;6@7=1;7@4=1;7@0=1;7@3=1,"4,2,0,7,3",9,9,0,9,0.0,0.0,0.0,0.0,0.0,0.0,0.0,0.0,"Feasible(status=11,gap=13.876511)"
217,216,0,0,0,-,0:4|8;1:5|7;2:5|7|8;3:5|6|8;4:7|9;5:0|1|8|9;6:8;7:0|3|4|5|6;8:3|4|5|8;9:0|7|8,0:-;1:-;2:-;3:-;4:-;5:-;6:-;7:-;8:-;9:-,1@8=1;5@0=1;5@4=1;6@8=1;6@3=1;6@5=1;6@6=1;6@9=1;7@8=1;7@3=1;7@6=1;7@7=1,"8,0,4,3,5,6,9,7",12,12,0,12,0.0,0.0,0.0,0.0,0.0,0.0,0.0,0.0,"Feasible(status=11,gap=13.876511)"
218,217,0,0,0,-,0:4|8;1:5|7;2:5|7|8;3:5|6|8;4:7|9;5:0|1|8|9;6:8;7:0|3|4|5|6;8:3|4|5|8;9:0|7|8,0:-;1:-;2:-;3:-;4:-;5:-;6:-;7:-;8:-;9:-,2@4=1;4@3=1;4@8=1;5@2=2;5@5=1;6@0=1;7@3=1;7@8=1,"4,3,8,2,5,0",9,8,0,8,0.0,0.0,0.0,0.0,0.0,0.0,0.0,0.0,"Feasible(status=11,gap=13.876511)"
219,218,0,0,0,-,0:4|8;1:5|7;2:5|7|8;3:5|6|8;4:7|9;5:0|1|8|9;6:8;7:0|3|4|5|6;8:3|4|5|8;9:0|7|8,0:-;1:-;2:-;3:-;4:-;5:-;6:-;7:-;8:-;9:-,1@4=1;1@5=1;1@8=1;2@2=1;2@7=1;4@7=1;4@6=1;7@4=1;7@3=1;7@9=1,"4,5,8,2,7,6,3,9",10,10,0,10,0.0,0.0,0.0,0.0,0.0,0.0,0.0,0.0,"Feasible(status=11,gap=13.876511)"
220,219,0,0,0,-,0:4|8;1:5|7;2:5|7|8;3:5|6|8;4:7|9;5:0|1|8|9;6:8;7:0|3|4|5|6;8:3|4|5|8;9:0|7|8,0:-;1:-;2:-;3:-;4:-;5:-;6:-;7:-;8:-;9:-,1@1=1;1@2=1;1@4=1;2@2=1;5@9=1;6@7=1,"1,2,4,9,7",6,6,0,6,0.0,0.0,0.0,0.0,0.0,0.0,0.0,0.0,"Feasible(status=11,gap=13.876511)"
221,220,0,0,0,-,0:4|8;1:5|7;2:5|7|8;3:5|6|8;4:7|9;5:0|1|8|9;6:8;7:0|3|4|5|6;8:3|4|5|8;9:0|7|8,0:-;1:-;2:-;3:-;4:-;5:-;6:-;7:-;8:-;9:-,1@3=1;1@7=1;2@3=1;2@7=1;5@7=1;7@0=1;7@2=1,"3,7,0,2",7,7,0,7,0.0,0.0,0.0,0.0,0.0,0.0,0.0,0.0,"Feasible(status=11,gap=13.876511)"
222,221,0,0,0,-,0:4|8;1:5|7;2:5|7|8;3:5|6|8;4:7|9;5:0|1|8|9;6:8;7:0|3|4|5|6;8:3|4|5|8;9:0|7|8,0:-;1:-;2:-;3:-;4:-;5:-;6:-;7:-;8:-;9:-,2@2=1;2@5=1;2@7=1;4@4=1;5@4=1;5@1=1;7@0=1;7@3=1;7@8=1,"2,5,7,4,1,0,3,8",9,9,0,9,0.0,0.0,0.0,0.0,0.0,0.0,0.0,0.0,"Feasible(status=11,gap=13.876511)"
223,222,0,0,0,-,0:4|8;1:5|7;2:5|7|8;3:5|6|8;4:7|9;5:0|1|8|9;6:8;7:0|3|4|5|6;8:3|4|5|8;9:0|7|8,0:-;1:-;2:-;3:-;4:-;5:-;6:-;7:-;8:-;9:-,2@0=1;2@1=2;2@4=1;2@5=1;4@1=1;4@8=1;5@3=1;5@7=1;6@6=1;7@4=1;7@2=1;7@9=1,"0,1,4,5,8,3,7,6,2,9",13,12,0,12,0.0,0.0,0.0,0.0,0.0,0.0,0.0,0.0,"Feasible(status=11,gap=13.876511)"
224,223,0,0,0,-,0:4|8;1:5|7;2:5|7|8;3:5|6|8;4:7|9;5:0|1|8|9;6:8;7:0|3|4|5|6;8:3|4|5|8;9:0|7|8,0:-;1:-;2:-;3:-;4:-;5:-;6:-;7:-;8:-;9:-,2@6=1;4@6=2;4@2=2;4@4=1;5@7=1;7@2=1;7@4=1,"6,2,4,7",9,7,0,7,0.0,0.0,0.0,0.0,0.0,0.0,0.0,0.0,"Feasible(status=11,gap=13.876511)"
225,224,0,0,0,-,0:4|8;1:5|7;2:5|7|8;3:5|6|8;4:7|9;5:0|1|8|9;6:8;7:0|3|4|5|6;8:3|4|5|8;9:0|7|8,0:-;1:-;2:-;3:-;4:-;5:-;6:-;7:-;8:-;9:-,5@2=1;5@4=1;5@7=1;7@1=1;7@6=1;7@9=2,"2,4,7,1,6,9",7,6,0,6,0.0,0.0,0.0,0.0,0.0,0.0,0.0,0.0,"Feasible(status=11,gap=13.876511)"
226,225,0,0,0,-,0:4|8;1:5|7;2:5|7|8;3:5|6|8;4:7|9;5:0|1|8|9;6:8;7:0|3|4|5|6;8:3|4|5|8;9:0|7|8,0:-;1:-;2:-;3:-;4:-;5:-;6:-;7:-;8:-;9:-,1@1=1;1@6=1;6@6=1;6@0=1;6@3=1;7@7=1,"1,6,0,3,7",6,6,0,6,0.0,0.0,0.0,0.0,0.0,0.0,0.0,0.0,"Feasible(status=11,gap=13.876511)"
227,226,0,0,0,-,0:4|8;1:5|7;2:5|7|8;3:5|6|8;4:7|9;5:0|1|8|9;6:8;7:0|3|4|5|6;8:3|4|5|8;9:0|7|8,0:-;1:-;2:-;3:-;4:-;5:-;6:-;7:-;8:-;9:-,1@2=1;1@8=1;4@1=1;4@3=1;5@4=1;6@1=1,"2,8,1,3,4",6,6,0,6,0.0,0.0,0.0,0.0,0.0,0.0,0.0,0.0,"Feasible(status=11,gap=13.876511)"
228,227,0,0,0,-,0:4|8;1:5|7;2:5|7|8;3:5|6|8;4:7|9;5:0|1|8|9;6:8;7:0|3|4|5|6;8:3|4|5|8;9:0|7|8,0:-;1:-;2:-;3:-;4:-;5:-;6:-;7:-;8:-;9:-,0@2=1;1@2=1;1@1=1;4@2=1;4@1=1;5@4=2;7@2=2;7@9=1,"2,1,4,9",10,8,0,8,0.0,0.0,0.0,0.0,0.0,0.0,0.0,0.0,"Feasible(status=11,gap=13.876511)"
229,228,0,0,0,-,0:4|8;1:5|7;2:5|7|8;3:5|6|8;4:7|9;5:0|1|8|9;6:8;7:0|3|4|5|6;8:3|4|5|8;9:0|7|8,0:-;1:-;2:-;3:-;4:-;5:-;6:-;7:-;8:-;9:-,1@4=1;1@6=1;1@7=1;2@6=1;4@6=1;6@3=1,"4,6,7,3",6,6,0,6,0.0,0.0,0.0,0.0,0.0,0.0,0.0,0.0,"Feasible(status=11,gap=13.876511)"
230,229,0,0,0,-,0:4|8;1:5|7;2:5|7|8;3:5|6|8;4:7|9;5:0|1|8|9;6:8;7:0|3|4|5|6;8:3|4|5|8;9:0|7|8,0:-;1:-;2:-;3:-;4:-;5:-;6:-;7:-;8:-;9:-,1@1=2;1@6=2;2@6=1;2@2=1;2@3=1;2@4=2;4@3=1;5@2=2;5@5=1;6@2=1;7@4=1,"1,6,2,3,4,5",15,11,0,11,0.0,0.0,0.0,0.0,0.0,0.0,0.0,0.0,"Feasible(status=11,gap=13.876511)"
231,230,0,0,0,-,0:4|8;1:5|7;2:5|7|8;3:5|6|8;4:7|9;5:0|1|8|9;6:8;7:0|3|4|5|6;8:3|4|5|8;9:0|7|8,0:-;1:-;2:-;3:-;4:-;5:-;6:-;7:-;8:-;9:-,1@8=1;2@1=1;2@4=2;4@8=1;4@4=1,"8,1,4",6,5,0,5,0.0,0.0,0.0,0.0,0.0,0.0,0.0,0.0,"Feasible(status=11,gap=13.876511)"
232,231,0,0,0,-,0:4|8;1:5|7;2:5|7|8;3:5|6|8;4:7|9;5:0|1|8|9;6:8;7:0|3|4|5|6;8:3|4|5|8;9:0|7|8,0:-;1:-;2:-;3:-;4:-;5:-;6:-;7:-;8:-;9:-,2@0=1;2@2=1;4@5=1;4@6=1;5@2=2;5@3=1;7@2=1;7@1=1;7@4=1,"0,2,5,6,3,1,4",10,9,0,9,0.0,0.0,0.0,0.0,0.0,0.0,0.0,0.0,"Feasible(status=11,gap=13.876511)"
233,232,0,0,0,-,0:4|8;1:5|7;2:5|7|8;3:5|6|8;4:7|9;5:0|1|8|9;6:8;7:0|3|4|5|6;8:3|4|5|8;9:0|7|8,0:-;1:-;2:-;3:-;4:-;5:-;6:-;7:-;8:-;9:-,4@4=1;4@9=1;5@1=2;5@3=1;5@7=1;7@1=1;7@7=1,"4,9,1,3,7",8,7,0,7,0.0,0.0,0.0,0.0,0.0,0.0,0.0,0.0,"Feasible(status=11,gap=13.876511)"
234,233,0,0,0,-,0:4|8;1:5|7;2:5|7|8;3:5|6|8;4:7|9;5:0|1|8|9;6:8;7:0|3|4|5|6;8:3|4|5|8;9:0|7|8,0:-;1:-;2:-;3:-;4:-;5:-;6:-;7:-;8:-;9:-,0@4=1;4@2=1;4@3=1;5@3=1;7@4=1;7@2=1;7@7=1,"4,2,3,7",7,7,0,7,0.0,0.0,0.0,0.0,0.0,0.0,0.0,0.0,"Feasible(status=11,gap=13.876511)"
235,234,0,0,0,-,0:4|8;1:5|7;2:5|7|8;3:5|6|8;4:7|9;5:0|1|8|9;6:8;7:0|3|4|5|6;8:3|4|5|8;9:0|7|8,0:-;1:-;2:-;3:-;4:-;5:-;6:-;7:-;8:-;9:-,4@4=1,4,1,1,0,1,0.0,0.0,0.0,0.0,0.0,0.0,0.0,0.0,"Feasible(status=11,gap=13.876511)"
236,235,0,0,0,-,0:4|8;1:5|7;2:5|7|8;3:5|6|8;4:7|9;5:0|1|8|9;6:8;7:0|3|4|5|6;8:3|4|5|8;9:0|7|8,0:-;1:-;2:-;3:-;4:-;5:-;6:-;7:-;8:-;9:-,4@4=1;5@4=1;5@1=1;5@2=1;7@2=1;7@0=1,"4,1,2,0",6,6,0,6,0.0,0.0,0.0,0.0,0.0,0.0,0.0,0.0,"Feasible(status=11,gap=13.876511)"
237,236,0,0,0,-,0:4|8;1:5|7;2:5|7|8;3:5|6|8;4:7|9;5:0|1|8|9;6:8;7:0|3|4|5|6;8:3|4|5|8;9:0|7|8,0:-;1:-;2:-;3:-;4:-;5:-;6:-;7:-;8:-;9:-,1@2=1;1@8=1;4@6=1;4@9=3;5@6=1;5@9=1;5@1=1;5@4=1;7@0=1,"2,8,6,9,1,4,0",11,9,0,9,0.0,0.0,0.0,0.0,0.0,0.0,0.0,0.0,"Feasible(status=11,gap=13.876511)"
238,237,0,0,0,-,0:4|8;1:5|7;2:5|7|8;3:5|6|8;4:7|9;5:0|1|8|9;6:8;7:0|3|4|5|6;8:3|4|5|8;9:0|7|8,0:-;1:-;2:-;3:-;4:-;5:-;6:-;7:-;8:-;9:-,2@8=1;3@4=1;3@7=1;4@5=1;5@4=1;5@7=1;5@6=1;6@5=1;7@4=1,"8,4,7,5,6",9,9,0,9,0.0,0.0,0.0,0.0,0.0,0.0,0.0,0.0,"Feasible(status=11,gap=13.876511)"
239,238,0,0,0,-,0:4|8;1:5|7;2:5|7|8;3:5|6|8;4:7|9;5:0|1|8|9;6:8;7:0|3|4|5|6;8:3|4|5|8;9:0|7|8,0:-;1:-;2:-;3:-;4:-;5:-;6:-;7:-;8:-;9:-,4@2=1;4@4=1;5@2=1;5@8=1;7@2=1;7@3=1;8@3=1,"2,4,8,3",7,7,0,7,0.0,0.0,0.0,0.0,0.0,0.0,0.0,0.0,"Feasible(status=11,gap=13.876511)"
240,239,0,0,0,-,0:4|8;1:5|7;2:5|7|8;3:5|6|8;4:7|9;5:0|1|8|9;6:8;7:0|3|4|5|6;8:3|4|5|8;9:0|7|8,0:-;1:-;2:-;3:-;4:-;5:-;6:-;7:-;8:-;9:-,3@2=1;6@6=1;7@6=1;7@1=1,"2,6,1",4,4,0,4,0.0,0.0,0.0,0.0,0.0,0.0,0.0,0.0,"Feasible(status=11,gap=13.876511)"
241,240,0,0,0,-,0:4|8;1:5|7;2:5|7|8;3:5|6|8;4:7|9;5:0|1|8|9;6:8;7:0|3|4|5|6;8:3|4|5|8;9:0|7|8,0:-;1:-;2:-;3:-;4:-;5:-;6:-;7:-;8:-;9:-,1@9=1;4@2=2;4@3=1;4@5=1;5@5=2,"9,2,3,5",7,5,0,5,0.0,0.0,0.0,0.0,0.0,0.0,0.0,0.0,"Feasible(status=11,gap=13.876511)"
242,241,0,0,0,-,0:4|8;1:5|7;2:5|7|8;3:5|6|8;4:7|9;5:0|1|8|9;6:8;7:0|3|4|5|6;8:3|4|5|8;9:0|7|8,0:-;1:-;2:-;3:-;4:-;5:-;6:-;7:-;8:-;9:-,4@0=1;4@3=1;4@4=1;4@9=1;5@8=1;7@3=1;7@6=1,"0,3,4,9,8,6",7,7,0,7,0.0,0.0,0.0,0.0,0.0,0.0,0.0,0.0,"Feasible(status=11,gap=13.876511)"
243,242,0,0,0,-,0:4|8;1:5|7;2:5|7|8;3:5|6|8;4:7|9;5:0|1|8|9;6:8;7:0|3|4|5|6;8:3|4|5|8;9:0|7|8,0:-;1:-;2:-;3:-;4:-;5:-;6:-;7:-;8:-;9:-,4@1=1;4@6=1;5@6=2;6@3=1;7@1=2;7@5=1,"1,6,3,5",8,6,0,6,0.0,0.0,0.0,0.0,0.0,0.0,0.0,0.0,"Feasible(status=11,gap=13.876511)"
244,243,0,0,0,-,0:4|8;1:5|7;2:5|7|8;3:5|6|8;4:7|9;5:0|1|8|9;6:8;7:0|3|4|5|6;8:3|4|5|8;9:0|7|8,0:-;1:-;2:-;3:-;4:-;5:-;6:-;7:-;8:-;9:-,5@0=1;6@3=1;6@6=1;7@7=1,"0,3,6,7",4,4,0,4,0.0,0.0,0.0,0.0,0.0,0.0,0.0,0.0,"Feasible(status=11,gap=13.876511)"
245,244,0,0,0,-,0:4|8;1:5|7;2:5|7|8;3:5|6|8;4:7|9;5:0|1|8|9;6:8;7:0|3|4|5|6;8:3|4|5|8;9:0|7|8,0:-;1:-;2:-;3:-;4:-;5:-;6:-;7:-;8:-;9:-,4@2=2;5@4=1;6@2=1;6@4=2;7@1=1;7@6=1;7@9=1,"2,4,1,6,9",9,7,0,7,0.0,0.0,0.0,0.0,0.0,0.0,0.0,0.0,"Feasible(status=11,gap=13.876511)"
246,245,0,0,0,-,0:4|8;1:5|7;2:5|7|8;3:5|6|8;4:7|9;5:0|1|8|9;6:8;7:0|3|4|5|6;8:3|4|5|8;9:0|7|8,0:-;1:-;2:-;3:-;4:-;5:-;6:-;7:-;8:-;9:-,5@3=1;6@7=1;7@7=1;7@1=1;7@2=2;7@8=1,"3,7,1,2,8",7,6,0,6,0.0,0.0,0.0,0.0,0.0,0.0,0.0,0.0,"Feasible(status=11,gap=13.876511)"
247,246,0,0,0,-,0:4|8;1:5|7;2:5|7|8;3:5|6|8;4:7|9;5:0|1|8|9;6:8;7:0|3|4|5|6;8:3|4|5|8;9:0|7|8,0:-;1:-;2:-;3:-;4:-;5:-;6:-;7:-;8:-;9:-,2@3=1;2@4=1;4@9=1;5@4=1;5@2=1;6@2=1;6@5=1;6@6=1;7@2=1;7@1=1,"3,4,9,2,5,6,1",10,10,0,10,0.0,0.0,0.0,0.0,0.0,0.0,0.0,0.0,"Feasible(status=11,gap=13.876511)"
248,247,0,0,0,-,0:4|8;1:5|7;2:5|7|8;3:5|6|8;4:7|9;5:0|1|8|9;6:8;7:0|3|4|5|6;8:3|4|5|8;9:0|7|8,0:-;1:-;2:-;3:-;4:-;5:-;6:-;7:-;8:-;9:-,2@2=1;2@5=1;2@8=1;3@2=1;4@8=1;4@0=1;4@6=1;5@3=1;6@0=1;7@2=1;7@1=1;7@7=1,"2,5,8,0,6,3,1,7",12,12,0,12,0.0,0.0,0.0,0.0,0.0,0.0,0.0,0.0,"Feasible(status=11,gap=13.876511)"
249,248,0,0,0,-,0:4|8;1:5|7;2:5|7|8;3:5|6|8;4:7|9;5:0|1|8|9;6:8;7:0|3|4|5|6;8:3|4|5|8;9:0|7|8,0:-;1:-;2:-;3:-;4:-;5:-;6:-;7:-;8:-;9:-,2@3=1;2@6=1;2@7=1;4@8=1;5@2=1;6@1=1;6@5=2;7@2=1;7@0=1,"3,6,7,8,2,1,5,0",10,9,0,9,0.0,0.0,0.0,0.0,0.0,0.0,0.0,0.0,"Feasible(status=11,gap=13.876511)"
250,249,0,0,0,-,0:4|8;1:5|7;2:5|7|8;3:5|6|8;4:7|9;5:0|1|8|9;6:8;7:0|3|4|5|6;8:3|4|5|8;9:0|7|8,0:-;1:-;2:-;3:-;4:-;5:-;6:-;7:-;8:-;9:-,2@1=1;2@2=1;2@5=1;4@6=1;4@8=1;5@4=1;6@2=1;7@1=1,"1,2,5,6,8,4",8,8,0,8,0.0,0.0,0.0,0.0,0.0,0.0,0.0,0.0,"Feasible(status=11,gap=13.876511)"
251,250,0,0,0,-,0:4|8;1:5|7;2:5|7|8;3:5|6|8;4:7|9;5:0|1|8|9;6:8;7:0|3|4|5|6;8:3|4|5|8;9:0|7|8,0:-;1:-;2:-;3:-;4:-;5:-;6:-;7:-;8:-;9:-,1@4=1;2@6=2;2@8=1;6@4=1;7@5=1,"4,6,8,5",6,5,0,5,0.0,0.0,0.0,0.0,0.0,0.0,0.0,0.0,"Feasible(status=11,gap=13.876511)"
252,251,0,0,0,-,0:4|8;1:5|7;2:5|7|8;3:5|6|8;4:7|9;5:0|1|8|9;6:8;7:0|3|4|5|6;8:3|4|5|8;9:0|7|8,0:-;1:-;2:-;3:-;4:-;5:-;6:-;7:-;8:-;9:-,1@0=2;1@2=1;1@5=1;1@9=2;2@2=2;2@4=1;2@6=2;4@4=1;4@7=1;5@0=2;5@4=1;5@6=1;6@9=1;7@4=1,"0,2,5,9,4,6,7",19,14,0,14,0.0,0.0,0.0,0.0,0.0,0.0,0.0,0.0,"Feasible(status=11,gap=13.876511)"
253,252,0,0,0,-,0:4|8;1:5|7;2:5|7|8;3:5|6|8;4:7|9;5:0|1|8|9;6:8;7:0|3|4|5|6;8:3|4|5|8;9:0|7|8,0:-;1:-;2:-;3:-;4:-;5:-;6:-;7:-;8:-;9:-,1@1=2;1@7=1;1@8=2;2@3=1;2@4=1;3@1=1;3@8=1;4@0=1;5@1=2;5@2=1,"1,7,8,3,4,0,2",13,10,0,10,0.0,0.0,0.0,0.0,0.0,0.0,0.0,0.0,"Feasible(status=11,gap=13.876511)"
254,253,0,0,0,-,0:4|8;1:5|7;2:5|7|8;3:5|6|8;4:7|9;5:0|1|8|9;6:8;7:0|3|4|5|6;8:3|4|5|8;9:0|7|8,0:-;1:-;2:-;3:-;4:-;5:-;6:-;7:-;8:-;9:-,1@4=1;1@8=1;2@4=3;2@2=1;2@9=1;3@9=1;4@8=1;4@2=1;4@5=1;5@2=1;5@5=1;5@1=1;7@4=1,"4,8,2,9,5,1",15,13,0,13,0.0,0.0,0.0,0.0,0.0,0.0,0.0,0.0,"Feasible(status=11,gap=13.876511)"
255,254,0,0,0,-,0:4|8;1:5|7;2:5|7|8;3:5|6|8;4:7|9;5:0|1|8|9;6:8;7:0|3|4|5|6;8:3|4|5|8;9:0|7|8,0:-;1:-;2:-;3:-;4:-;5:-;6:-;7:-;8:-;9:-,2@2=1;2@4=1;2@8=1;4@4=1;5@2=1;5@4=1;6@9=1;7@2=1;7@3=1,"2,4,8,9,3",9,9,0,9,0.0,0.0,0.0,0.0,0.0,0.0,0.0,0.0,"Feasible(status=11,gap=13.876511)"
256,255,0,0,0,-,0:4|8;1:5|7;2:5|7|8;3:5|6|8;4:7|9;5:0|1|8|9;6:8;7:0|3|4|5|6;8:3|4|5|8;9:0|7|8,0:-;1:-;2:-;3:-;4:-;5:-;6:-;7:-;8:-;9:-,2@6=1;2@9=1;4@9=1,"6,9",3,3,0,3,0.0,0.0,0.0,0.0,0.0,0.0,0.0,0.0,"Feasible(status=11,gap=13.876511)"
257,256,0,0,0,-,0:4|8;1:5|7;2:5|7|8;3:5|6|8;4:7|9;5:0|1|8|9;6:8;7:0|3|4|5|6;8:3|4|5|8;9:0|7|8,0:-;1:-;2:-;3:-;4:-;5:-;6:-;7:-;8:-;9:-,2@9=1;4@5=1;6@1=1,"9,5,1",3,3,0,3,0.0,0.0,0.0,0.0,0.0,0.0,0.0,0.0,"Feasible(status=11,gap=13.876511)"
258,257,0,0,0,-,0:4|8;1:5|7;2:5|7|8;3:5|6|8;4:7|9;5:0|1|8|9;6:8;7:0|3|4|5|6;8:3|4|5|8;9:0|7|8,0:-;1:-;2:-;3:-;4:-;5:-;6:-;7:-;8:-;9:-,2@2=1;2@5=1;3@4=1;4@2=1;4@6=1;5@2=1;7@4=1;7@9=1,"2,5,4,6,9",8,8,0,8,0.0,0.0,0.0,0.0,0.0,0.0,0.0,0.0,"Feasible(status=11,gap=13.876511)"
259,258,0,0,0,-,0:4|8;1:5|7;2:5|7|8;3:5|6|8;4:7|9;5:0|1|8|9;6:8;7:0|3|4|5|6;8:3|4|5|8;9:0|7|8,0:-;1:-;2:-;3:-;4:-;5:-;6:-;7:-;8:-;9:-,4@2=1;5@1=1;5@5=1;5@6=1;5@7=1;6@5=1;6@4=1;7@5=1;7@4=1,"2,1,5,6,7,4",9,9,0,9,0.0,0.0,0.0,0.0,0.0,0.0,0.0,0.0,"Feasible(status=11,gap=13.876511)"
260,259,0,0,0,-,0:4|8;1:5|7;2:5|7|8;3:5|6|8;4:7|9;5:0|1|8|9;6:8;7:0|3|4|5|6;8:3|4|5|8;9:0|7|8,0:-;1:-;2:-;3:-;4:-;5:-;6:-;7:-;8:-;9:-,1@7=1;7@7=1;7@0=1;7@4=1,"7,0,4",4,4,0,4,0.0,0.0,0.0,0.0,0.0,0.0,0.0,0.0,"Feasible(status=11,gap=13.876511)"
261,260,0,0,0,-,0:4|8;1:5|7;2:5|7|8;3:5|6|8;4:7|9;5:0|1|8|9;6:8;7:0|3|4|5|6;8:3|4|5|8;9:0|7|8,0:-;1:-;2:-;3:-;4:-;5:-;6:-;7:-;8:-;9:-,0@1=1;0@2=1;0@4=1;1@1=2;1@2=2;1@0=1;1@9=1;2@5=1;4@4=1;4@9=1;4@3=1;5@5=1;5@8=1;7@1=1;7@4=1,"1,2,4,0,9,5,3,8",17,15,0,15,0.0,0.0,0.0,0.0,0.0,0.0,0.0,0.0,"Feasible(status=11,gap=13.876511)"
262,261,0,0,0,-,0:4|8;1:5|7;2:5|7|8;3:5|6|8;4:7|9;5:0|1|8|9;6:8;7:0|3|4|5|6;8:3|4|5|8;9:0|7|8,0:-;1:-;2:-;3:-;4:-;5:-;6:-;7:-;8:-;9:-,0@4=2;0@6=1;0@7=1;1@2=1;2@5=1;5@4=1;7@7=1,"4,6,7,2,5",8,7,0,7,0.0,0.0,0.0,0.0,0.0,0.0,0.0,0.0,"Feasible(status=11,gap=13.876511)"
263,262,0,0,0,-,0:4|8;1:5|7;2:5|7|8;3:5|6|8;4:7|9;5:0|1|8|9;6:8;7:0|3|4|5|6;8:3|4|5|8;9:0|7|8,0:-;1:-;2:-;3:-;4:-;5:-;6:-;7:-;8:-;9:-,0@2=2;0@4=1;0@5=1;0@6=1;0@7=1;1@2=1;1@3=1;1@8=1;6@9=1;7@0=1,"2,4,5,6,7,3,8,9,0",11,10,0,10,0.0,0.0,0.0,0.0,0.0,0.0,0.0,0.0,"Feasible(status=11,gap=13.876511)"
264,263,0,0,0,-,0:4|8;1:5|7;2:5|7|8;3:5|6|8;4:7|9;5:0|1|8|9;6:8;7:0|3|4|5|6;8:3|4|5|8;9:0|7|8,0:-;1:-;2:-;3:-;4:-;5:-;6:-;7:-;8:-;9:-,0@4=1;0@8=1;1@4=1;1@7=1;1@9=1;2@4=1;5@7=1;6@1=1,"4,8,7,9,1",8,8,0,8,0.0,0.0,0.0,0.0,0.0,0.0,0.0,0.0,"Feasible(status=11,gap=13.876511)"
265,264,0,0,0,-,0:4|8;1:5|7;2:5|7|8;3:5|6|8;4:7|9;5:0|1|8|9;6:8;7:0|3|4|5|6;8:3|4|5|8;9:0|7|8,0:-;1:-;2:-;3:-;4:-;5:-;6:-;7:-;8:-;9:-,0@1=1;0@2=1;0@4=3;0@7=1;1@4=1;1@7=1;1@0=1;1@9=1;4@6=1;5@1=1;5@6=1;6@9=1;7@2=4;7@3=1,"1,2,4,7,0,9,6,3",19,14,0,14,0.0,0.0,0.0,0.0,0.0,0.0,0.0,0.0,"Feasible(status=11,gap=13.876511)"
266,265,0,0,0,-,0:4|8;1:5|7;2:5|7|8;3:5|6|8;4:7|9;5:0|1|8|9;6:8;7:0|3|4|5|6;8:3|4|5|8;9:0|7|8,0:-;1:-;2:-;3:-;4:-;5:-;6:-;7:-;8:-;9:-,0@0=1;0@2=3;0@4=2;0@7=1;0@8=1;0@9=1;1@2=1;1@4=3;1@7=1;1@8=1;1@1=1;1@5=1;1@6=1;2@7=1;4@2=1;4@4=1;4@1=1;6@6=1;7@0=1;7@2=3;7@3=1,"0,2,4,7,8,9,1,5,6,3",28,21,0,21,0.0,0.0,0.0,0.0,0.0,0.0,0.0,0.0,"Feasible(status=11,gap=13.876511)"
267,266,0,0,0,-,0:4|8;1:5|7;2:5|7|8;3:5|6|8;4:7|9;5:0|1|8|9;6:8;7:0|3|4|5|6;8:3|4|5|8;9:0|7|8,0:-;1:-;2:-;3:-;4:-;5:-;6:-;7:-;8:-;9:-,0@1=1;0@3=1;0@6=1;0@8=1;1@2=3;4@2=1;5@4=1;7@3=2;7@0=2,"1,3,6,8,2,4,0",13,9,0,9,0.0,0.0,0.0,0.0,0.0,0.0,0.0,0.0,"Feasible(status=11,gap=13.876511)"
268,267,0,0,0,-,0:4|8;1:5|7;2:5|7|8;3:5|6|8;4:7|9;5:0|1|8|9;6:8;7:0|3|4|5|6;8:3|4|5|8;9:0|7|8,0:-;1:-;2:-;3:-;4:-;5:-;6:-;7:-;8:-;9:-,0@4=1;0@6=1;0@7=1;4@1=1;4@8=1;6@8=1,"4,6,7,1,8",6,6,0,6,0.0,0.0,0.0,0.0,0.0,0.0,0.0,0.0,"Feasible(status=11,gap=13.876511)"
269,268,0,0,0,-,0:4|8;1:5|7;2:5|7|8;3:5|6|8;4:7|9;5:0|1|8|9;6:8;7:0|3|4|5|6;8:3|4|5|8;9:0|7|8,0:-;1:-;2:-;3:-;4:-;5:-;6:-;7:-;8:-;9:-,0@0=1;0@1=1;0@3=1;0@4=1;0@8=1;2@1=1;2@2=2;4@2=2;5@1=1;6@7=1;7@9=1,"0,1,3,4,8,2,7,9",13,11,0,11,0.0,0.0,0.0,0.0,0.0,0.0,0.0,0.0,"Feasible(status=11,gap=13.876511)"
270,269,0,0,0,-,0:4|8;1:5|7;2:5|7|8;3:5|6|8;4:7|9;5:0|1|8|9;6:8;7:0|3|4|5|6;8:3|4|5|8;9:0|7|8,0:-;1:-;2:-;3:-;4:-;5:-;6:-;7:-;8:-;9:-,0@2=2;0@6=1;1@2=1;1@4=1;2@2=1;4@2=1;4@5=2;5@6=1;6@1=1;7@2=1;7@6=1;7@7=1,"2,6,4,5,1,7",14,12,0,12,0.0,0.0,0.0,0.0,0.0,0.0,0.0,0.0,"Feasible(status=11,gap=13.876511)"
271,270,0,0,0,-,0:4|8;1:5|7;2:5|7|8;3:5|6|8;4:7|9;5:0|1|8|9;6:8;7:0|3|4|5|6;8:3|4|5|8;9:0|7|8,0:-;1:-;2:-;3:-;4:-;5:-;6:-;7:-;8:-;9:-,0@2=1;0@3=1;0@5=1;0@7=1;2@7=1;2@4=1;2@6=1;5@7=1;7@6=1,"2,3,5,7,4,6",9,9,0,9,0.0,0.0,0.0,0.0,0.0,0.0,0.0,0.0,"Feasible(status=11,gap=13.876511)"
272,271,0,0,0,-,0:4|8;1:5|7;2:5|7|8;3:5|6|8;4:7|9;5:0|1|8|9;6:8;7:0|3|4|5|6;8:3|4|5|8;9:0|7|8,0:-;1:-;2:-;3:-;4:-;5:-;6:-;7:-;8:-;9:-,0@0=1;0@1=1;0@2=1;0@6=1;7@2=1;7@8=2,"0,1,2,6,8",7,6,0,6,0.0,0.0,0.0,0.0,0.0,0.0,0.0,0.0,"Feasible(status=11,gap=13.876511)"
273,272,0,0,0,-,0:4|8;1:5|7;2:5|7|8;3:5|6|8;4:7|9;5:0|1|8|9;6:8;7:0|3|4|5|6;8:3|4|5|8;9:0|7|8,0:-;1:-;2:-;3:-;4:-;5:-;6:-;7:-;8:-;9:-,0@0=1;0@1=3;0@2=1;0@4=1;0@7=2;0@9=1;3@2=1;5@4=1;5@6=2;7@2=1;7@4=1;7@9=1,"0,1,2,4,7,9,6",16,12,0,12,0.0,0.0,0.0,0.0,0.0,0.0,0.0,0.0,"Feasible(status=11,gap=13.876511)"
274,273,0,0,0,-,0:4|8;1:5|7;2:5|7|8;3:5|6|8;4:7|9;5:0|1|8|9;6:8;7:0|3|4|5|6;8:3|4|5|8;9:0|7|8,0:-;1:-;2:-;3:-;4:-;5:-;6:-;7:-;8:-;9:-,0@1=3;0@2=2;0@4=1;0@5=1;0@8=1;4@2=1;4@4=1;4@3=1;6@4=1;6@5=1;7@1=1;7@2=1;7@7=1,"1,2,4,5,8,3,7",16,13,0,13,0.0,0.0,0.0,0.0,0.0,0.0,0.0,0.0,"Feasible(status=11,gap=13.876511)"
275,274,0,0,0,-,0:4|8;1:5|7;2:5|7|8;3:5|6|8;4:7|9;5:0|1|8|9;6:8;7:0|3|4|5|6;8:3|4|5|8;9:0|7|8,0:-;1:-;2:-;3:-;4:-;5:-;6:-;7:-;8:-;9:-,0@0=1;0@1=1;0@4=2;0@8=1;4@2=1;4@6=1;7@0=2,"0,1,4,8,2,6",9,7,0,7,0.0,0.0,0.0,0.0,0.0,0.0,0.0,0.0,"Feasible(status=11,gap=13.876511)"
276,275,0,0,0,-,0:4|8;1:5|7;2:5|7|8;3:5|6|8;4:7|9;5:0|1|8|9;6:8;7:0|3|4|5|6;8:3|4|5|8;9:0|7|8,0:-;1:-;2:-;3:-;4:-;5:-;6:-;7:-;8:-;9:-,0@1=1;0@2=2;0@5=1;0@6=2;0@8=1;5@4=1;5@7=1;7@1=1,"1,2,5,6,8,4,7",10,8,0,8,0.0,0.0,0.0,0.0,0.0,0.0,0.0,0.0,"Feasible(status=11,gap=13.876511)"
277,276,0,0,0,-,0:4|8;1:5|7;2:5|7|8;3:5|6|8;4:7|9;5:0|1|8|9;6:8;7:0|3|4|5|6;8:3|4|5|8;9:0|7|8,0:-;1:-;2:-;3:-;4:-;5:-;6:-;7:-;8:-;9:-,0@4=1;4@4=1;5@1=1;5@2=1;7@1=1;7@9=1,"4,1,2,9",6,6,0,6,0.0,0.0,0.0,0.0,0.0,0.0,0.0,0.0,"Feasible(status=11,gap=13.876511)"
278,277,0,0,0,-,0:4|8;1:5|7;2:5|7|8;3:5|6|8;4:7|9;5:0|1|8|9;6:8;7:0|3|4|5|6;8:3|4|5|8;9:0|7|8,0:-;1:-;2:-;3:-;4:-;5:-;6:-;7:-;8:-;9:-,0@2=2;0@9=1;4@4=1;5@4=1;5@3=1;5@7=1;7@2=1;7@7=1,"2,9,4,3,7",9,8,0,8,0.0,0.0,0.0,0.0,0.0,0.0,0.0,0.0,"Feasible(status=11,gap=13.876511)"
279,278,0,0,0,-,0:4|8;1:5|7;2:5|7|8;3:5|6|8;4:7|9;5:0|1|8|9;6:8;7:0|3|4|5|6;8:3|4|5|8;9:0|7|8,0:-;1:-;2:-;3:-;4:-;5:-;6:-;7:-;8:-;9:-,0@0=1;0@1=1;0@2=1;0@4=3;0@7=1;4@3=2;4@5=1;5@2=1;5@4=1;5@7=1;5@8=1;6@1=1;7@2=1;7@6=1;7@9=1,"0,1,2,4,7,3,5,8,6,9",18,15,0,15,0.0,0.0,0.0,0.0,0.0,0.0,0.0,0.0,"Feasible(status=11,gap=13.876511)"
280,279,0,0,0,-,0:4|8;1:5|7;2:5|7|8;3:5|6|8;4:7|9;5:0|1|8|9;6:8;7:0|3|4|5|6;8:3|4|5|8;9:0|7|8,0:-;1:-;2:-;3:-;4:-;5:-;6:-;7:-;8:-;9:-,0@3=1;1@4=1;2@0=1;2@9=1;4@1=1;4@2=2;4@5=1;5@4=1;7@4=3;7@1=1;7@8=1,"3,4,0,9,1,2,5,8",14,11,0,11,0.0,0.0,0.0,0.0,0.0,0.0,0.0,0.0,"Feasible(status=11,gap=13.876511)"
281,280,0,0,0,-,0:4|8;1:5|7;2:5|7|8;3:5|6|8;4:7|9;5:0|1|8|9;6:8;7:0|3|4|5|6;8:3|4|5|8;9:0|7|8,0:-;1:-;2:-;3:-;4:-;5:-;6:-;7:-;8:-;9:-,0@1=1;0@2=1;0@3=1;1@1=1;1@2=1;1@3=1;1@5=1;1@7=1;2@1=1;2@7=1;2@9=1;4@7=1;4@8=1;5@7=1;5@4=2;7@2=1;7@5=2;7@7=1;7@8=1;7@4=1,"1,2,3,5,7,9,8,4",22,20,0,20,0.0,0.0,0.0,0.0,0.0,0.0,0.0,0.0,"Feasible(status=11,gap=13.876511)"
282,281,0,0,0,-,0:4|8;1:5|7;2:5|7|8;3:5|6|8;4:7|9;5:0|1|8|9;6:8;7:0|3|4|5|6;8:3|4|5|8;9:0|7|8,0:-;1:-;2:-;3:-;4:-;5:-;6:-;7:-;8:-;9:-,0@0=1;0@1=1;0@2=2;0@6=1;0@8=1;1@1=1;1@2=2;1@3=1;1@9=1;2@1=2;2@2=1;2@8=1;2@9=1;2@7=1;4@0=1;4@1=1;4@2=1;5@2=1;5@9=2;6@8=1;7@2=1;7@6=1;7@9=1,"0,1,2,6,8,3,9,7",27,23,0,23,0.0,0.0,0.0,0.0,0.0,0.0,0.0,0.0,"Feasible(status=11,gap=13.876511)"
283,282,0,0,0,-,0:4|8;1:5|7;2:5|7|8;3:5|6|8;4:7|9;5:0|1|8|9;6:8;7:0|3|4|5|6;8:3|4|5|8;9:0|7|8,0:-;1:-;2:-;3:-;4:-;5:-;6:-;7:-;8:-;9:-,0@4=1;0@6=1;0@7=1;4@4=1;4@6=1;4@2=1;4@8=1;6@2=1;6@5=1;7@4=2;7@2=2;7@9=1,"4,6,7,2,8,5,9",14,12,0,12,0.0,0.0,0.0,0.0,0.0,0.0,0.0,0.0,"Feasible(status=11,gap=13.876511)"
284,283,0,0,0,-,0:4|8;1:5|7;2:5|7|8;3:5|6|8;4:7|9;5:0|1|8|9;6:8;7:0|3|4|5|6;8:3|4|5|8;9:0|7|8,0:-;1:-;2:-;3:-;4:-;5:-;6:-;7:-;8:-;9:-,0@3=1;0@8=1;2@8=1;2@0=1;2@4=2;4@3=1;4@0=1;4@1=1;4@2=1;4@5=1;5@3=1;5@0=1;6@8=1;7@0=1;7@4=1,"3,8,0,4,1,2,5",16,15,0,15,0.0,0.0,0.0,0.0,0.0,0.0,0.0,0.0,"Feasible(status=11,gap=13.876511)"
285,284,0,0,0,-,0:4|8;1:5|7;2:5|7|8;3:5|6|8;4:7|9;5:0|1|8|9;6:8;7:0|3|4|5|6;8:3|4|5|8;9:0|7|8,0:-;1:-;2:-;3:-;4:-;5:-;6:-;7:-;8:-;9:-,0@7=1;5@4=1,"7,4",2,2,0,2,0.0,0.0,0.0,0.0,0.0,0.0,0.0,0.0,"Feasible(status=11,gap=13.876511)"
286,285,0,0,0,-,0:4|8;1:5|7;2:5|7|8;3:5|6|8;4:7|9;5:0|1|8|9;6:8;7:0|3|4|5|6;8:3|4|5|8;9:0|7|8,0:-;1:-;2:-;3:-;4:-;5:-;6:-;7:-;8:-;9:-,0@1=1;0@3=1;0@4=1;2@3=1;2@4=1;2@6=1;5@6=1;5@2=1;7@1=1;7@4=1;7@2=1;7@5=1,"1,3,4,6,2,5",12,12,0,12,0.0,0.0,0.0,0.0,0.0,0.0,0.0,0.0,"Feasible(status=11,gap=13.876511)"
287,286,0,0,0,-,0:4|8;1:5|7;2:5|7|8;3:5|6|8;4:7|9;5:0|1|8|9;6:8;7:0|3|4|5|6;8:3|4|5|8;9:0|7|8,0:-;1:-;2:-;3:-;4:-;5:-;6:-;7:-;8:-;9:-,0@3=1;0@5=1;0@9=2;1@2=1;1@4=1;1@6=2;1@7=1;2@7=1;2@1=1;4@4=2;4@1=1;5@2=1;5@4=2;6@3=1;6@6=1;6@1=1;7@9=1;7@2=1;7@4=1;7@1=3;7@8=1,"3,5,9,2,4,6,7,1,8",27,21,0,21,0.0,0.0,0.0,0.0,0.0,0.0,0.0,0.0,"Feasible(status=11,gap=13.876511)"
288,287,0,0,0,-,0:4|8;1:5|7;2:5|7|8;3:5|6|8;4:7|9;5:0|1|8|9;6:8;7:0|3|4|5|6;8:3|4|5|8;9:0|7|8,0:-;1:-;2:-;3:-;4:-;5:-;6:-;7:-;8:-;9:-,0@1=2;4@1=1;4@3=1;5@2=1;6@1=1;7@2=1;7@4=3;7@6=1,"1,3,2,4,6",11,8,0,8,0.0,0.0,0.0,0.0,0.0,0.0,0.0,0.0,"Feasible(status=11,gap=13.876511)"
289,288,0,0,0,-,0:4|8;1:5|7;2:5|7|8;3:5|6|8;4:7|9;5:0|1|8|9;6:8;7:0|3|4|5|6;8:3|4|5|8;9:0|7|8,0:-;1:-;2:-;3:-;4:-;5:-;6:-;7:-;8:-;9:-,0@1=1;0@4=1;4@2=1;5@1=1;5@2=1;6@4=1;6@0=1;6@3=1;7@1=1;7@4=1;7@2=1;7@0=1;7@3=1;7@8=1,"1,4,2,0,3,8",14,14,0,14,0.0,0.0,0.0,0.0,0.0,0.0,0.0,0.0,"Feasible(status=11,gap=13.876511)"
290,289,0,0,0,-,0:4|8;1:5|7;2:5|7|8;3:5|6|8;4:7|9;5:0|1|8|9;6:8;7:0|3|4|5|6;8:3|4|5|8;9:0|7|8,0:-;1:-;2:-;3:-;4:-;5:-;6:-;7:-;8:-;9:-,0@3=1;0@7=1;0@8=1;0@9=1;1@9=1;1@2=1;1@4=2;4@7=1;5@2=1;5@4=1;6@1=1,"3,7,8,9,2,4,1",12,11,0,11,0.0,0.0,0.0,0.0,0.0,0.0,0.0,0.0,"Feasible(status=11,gap=13.876511)"
291,290,0,0,0,-,0:4|8;1:5|7;2:5|7|8;3:5|6|8;4:7|9;5:0|1|8|9;6:8;7:0|3|4|5|6;8:3|4|5|8;9:0|7|8,0:-;1:-;2:-;3:-;4:-;5:-;6:-;7:-;8:-;9:-,0@4=1;0@8=1;1@8=1;2@5=1;4@2=2;5@8=1;5@6=1;7@5=1;7@2=1;7@1=2;7@9=1,"4,8,5,2,6,1,9",13,11,0,11,0.0,0.0,0.0,0.0,0.0,0.0,0.0,0.0,"Feasible(status=11,gap=13.876511)"
292,291,0,0,0,-,0:4|8;1:5|7;2:5|7|8;3:5|6|8;4:7|9;5:0|1|8|9;6:8;7:0|3|4|5|6;8:3|4|5|8;9:0|7|8,0:-;1:-;2:-;3:-;4:-;5:-;6:-;7:-;8:-;9:-,0@5=2;6@4=1;7@4=1;7@1=2;7@7=1;8@4=1,"5,4,1,7",8,6,0,6,0.0,0.0,0.0,0.0,0.0,0.0,0.0,0.0,"Feasible(status=11,gap=13.876511)"
293,292,0,0,0,-,0:4|8;1:5|7;2:5|7|8;3:5|6|8;4:7|9;5:0|1|8|9;6:8;7:0|3|4|5|6;8:3|4|5|8;9:0|7|8,0:-;1:-;2:-;3:-;4:-;5:-;6:-;7:-;8:-;9:-,0@2=1;0@3=1;1@2=1;1@1=1;1@6=1;4@5=1;5@2=2;8@1=1,"2,3,1,6,5",9,8,0,8,0.0,0.0,0.0,0.0,0.0,0.0,0.0,0.0,"Feasible(status=11,gap=13.876511)"
294,293,0,0,0,-,0:4|8;1:5|7;2:5|7|8;3:5|6|8;4:7|9;5:0|1|8|9;6:8;7:0|3|4|5|6;8:3|4|5|8;9:0|7|8,0:-;1:-;2:-;3:-;4:-;5:-;6:-;7:-;8:-;9:-,0@2=2;0@4=1;1@9=1;4@1=2;5@4=1;5@5=1;6@2=1;7@4=1;7@6=1,"2,4,9,1,5,6",11,9,0,9,0.0,0.0,0.0,0.0,0.0,0.0,0.0,0.0,"Feasible(status=11,gap=13.876511)"
295,294,0,0,0,-,0:4|8;1:5|7;2:5|7|8;3:5|6|8;4:7|9;5:0|1|8|9;6:8;7:0|3|4|5|6;8:3|4|5|8;9:0|7|8,0:-;1:-;2:-;3:-;4:-;5:-;6:-;7:-;8:-;9:-,0@1=1;0@2=1;0@6=1;0@8=1;2@4=1;5@4=1;5@0=1;5@3=1;6@5=1;7@2=1;7@6=1;7@0=1;7@7=1,"1,2,6,8,4,0,3,5,7",13,13,0,13,0.0,0.0,0.0,0.0,0.0,0.0,0.0,0.0,"Feasible(status=11,gap=13.876511)"
296,295,0,0,0,-,0:4|8;1:5|7;2:5|7|8;3:5|6|8;4:7|9;5:0|1|8|9;6:8;7:0|3|4|5|6;8:3|4|5|8;9:0|7|8,0:-;1:-;2:-;3:-;4:-;5:-;6:-;7:-;8:-;9:-,0@0=1;0@3=1;0@4=1;1@3=1;3@1=1;4@6=1;5@4=1;5@1=1;5@7=1;6@1=1;7@3=1;7@1=1,"0,3,4,1,6,7",12,12,0,12,0.0,0.0,0.0,0.0,0.0,0.0,0.0,0.0,"Feasible(status=11,gap=13.876511)"
297,296,0,0,0,-,0:4|8;1:5|7;2:5|7|8;3:5|6|8;4:7|9;5:0|1|8|9;6:8;7:0|3|4|5|6;8:3|4|5|8;9:0|7|8,0:-;1:-;2:-;3:-;4:-;5:-;6:-;7:-;8:-;9:-,0@1=1;0@3=1;1@5=1;1@9=1;3@9=1;4@5=1;4@0=1;4@4=1;5@1=1;6@7=1;7@4=1;7@6=2,"1,3,5,9,0,4,7,6",13,12,0,12,0.0,0.0,0.0,0.0,0.0,0.0,0.0,0.0,"Feasible(status=11,gap=13.876511)"
298,297,0,0,0,-,0:4|8;1:5|7;2:5|7|8;3:5|6|8;4:7|9;5:0|1|8|9;6:8;7:0|3|4|5|6;8:3|4|5|8;9:0|7|8,0:-;1:-;2:-;3:-;4:-;5:-;6:-;7:-;8:-;9:-,1@2=1;1@4=1;1@9=1;5@1=1;7@8=1,"2,4,9,1,8",5,5,0,5,0.0,0.0,0.0,0.0,0.0,0.0,0.0,0.0,"Feasible(status=11,gap=13.876511)"
299,298,0,0,0,-,0:4|8;1:5|7;2:5|7|8;3:5|6|8;4:7|9;5:0|1|8|9;6:8;7:0|3|4|5|6;8:3|4|5|8;9:0|7|8,0:-;1:-;2:-;3:-;4:-;5:-;6:-;7:-;8:-;9:-,1@1=1;1@2=1;1@3=1;1@6=1;4@6=1;6@2=1;7@9=1,"1,2,3,6,9",7,7,0,7,0.0,0.0,0.0,0.0,0.0,0.0,0.0,0.0,"Feasible(status=11,gap=13.876511)"
300,299,0,0,0,-,0:4|8;1:5|7;2:5|7|8;3:5|6|8;4:7|9;5:0|1|8|9;6:8;7:0|3|4|5|6;8:3|4|5|8;9:0|7|8,0:-;1:-;2:-;3:-;4:-;5:-;6:-;7:-;8:-;9:-,0@4=2;0@6=1;0@7=1;1@4=1;1@0=1;1@1=1;1@2=1;4@4=1;4@0=1;4@1=1;4@9=1;5@6=1;7@7=1;7@2=1;7@5=1,"4,6,7,0,1,2,9,5",16,15,0,15,0.0,0.0,0.0,0.0,0.0,0.0,0.0,0.0,"Feasible(status=11,gap=13.876511)"
301,300,0,0,0,-,0:4|8;1:5|7;2:5|7|8;3:5|6|8;4:7|9;5:0|1|8|9;6:8;7:0|3|4|5|6;8:3|4|5|8;9:0|7|8,0:-;1:-;2:-;3:-;4:-;5:-;6:-;7:-;8:-;9:-,0@0=1;0@1=1;0@2=1;0@5=1;0@7=1;1@1=1;1@2=1;1@7=1;1@8=1;1@9=1;2@2=1;2@8=1;2@4=1;4@2=1;4@4=2;4@6=1;5@7=1;6@5=1;7@9=1;7@4=1;7@3=1,"0,1,2,5,7,8,9,4,6,3",22,21,0,21,0.0,0.0,0.0,0.0,0.0,0.0,0.0,0.0,"Feasible(status=11,gap=13.876511)"
302,301,0,0,0,-,0:4|8;1:5|7;2:5|7|8;3:5|6|8;4:7|9;5:0|1|8|9;6:8;7:0|3|4|5|6;8:3|4|5|8;9:0|7|8,0:-;1:-;2:-;3:-;4:-;5:-;6:-;7:-;8:-;9:-,0@1=1;0@3=1;0@4=2;0@5=1;0@7=1;0@8=1;1@2=2;1@9=1;2@1=1;4@7=1;5@4=1;7@1=2;7@3=1;7@4=3;7@9=1;7@0=1,"1,3,4,5,7,8,2,9,0",21,16,0,16,0.0,0.0,0.0,0.0,0.0,0.0,0.0,0.0,"Feasible(status=11,gap=13.876511)"
303,302,0,0,0,-,0:4|8;1:5|7;2:5|7|8;3:5|6|8;4:7|9;5:0|1|8|9;6:8;7:0|3|4|5|6;8:3|4|5|8;9:0|7|8,0:-;1:-;2:-;3:-;4:-;5:-;6:-;7:-;8:-;9:-,0@1=2;0@3=1;0@6=2;0@7=1;0@8=1;0@9=1;2@4=1;4@8=1;4@0=1;6@4=1;7@4=2;7@2=1,"1,3,6,7,8,9,4,0,2",15,12,0,12,0.0,0.0,0.0,0.0,0.0,0.0,0.0,0.0,"Feasible(status=11,gap=13.876511)"
304,303,0,0,0,-,0:4|8;1:5|7;2:5|7|8;3:5|6|8;4:7|9;5:0|1|8|9;6:8;7:0|3|4|5|6;8:3|4|5|8;9:0|7|8,0:-;1:-;2:-;3:-;4:-;5:-;6:-;7:-;8:-;9:-,0@0=1;0@4=1;0@5=2;1@1=1;1@3=1;1@6=1;1@7=1;1@9=1;3@0=1;4@0=1;5@4=1;6@2=1;7@9=1;7@2=2,"0,4,5,1,3,6,7,9,2",16,14,0,14,0.0,0.0,0.0,0.0,0.0,0.0,0.0,0.0,"Feasible(status=11,gap=13.876511)"
305,304,0,0,0,-,0:4|8;1:5|7;2:5|7|8;3:5|6|8;4:7|9;5:0|1|8|9;6:8;7:0|3|4|5|6;8:3|4|5|8;9:0|7|8,0:-;1:-;2:-;3:-;4:-;5:-;6:-;7:-;8:-;9:-,0@1=2;1@3=1;2@6=1;4@3=1;4@7=1;5@6=1;6@6=1;6@0=1;6@9=1,"1,3,6,7,0,9",10,9,0,9,0.0,0.0,0.0,0.0,0.0,0.0,0.0,0.0,"Feasible(status=11,gap=13.876511)"
306,305,0,0,0,-,0:4|8;1:5|7;2:5|7|8;3:5|6|8;4:7|9;5:0|1|8|9;6:8;7:0|3|4|5|6;8:3|4|5|8;9:0|7|8,0:-;1:-;2:-;3:-;4:-;5:-;6:-;7:-;8:-;9:-,0@5=1;2@0=1;2@9=1;4@3=1;6@2=1;7@2=1;7@4=1,"5,0,9,3,2,4",7,7,0,7,0.0,0.0,0.0,0.0,0.0,0.0,0.0,0.0,"Feasible(status=11,gap=13.876511)"
307,306,0,0,0,-,0:4|8;1:5|7;2:5|7|8;3:5|6|8;4:7|9;5:0|1|8|9;6:8;7:0|3|4|5|6;8:3|4|5|8;9:0|7|8,0:-;1:-;2:-;3:-;4:-;5:-;6:-;7:-;8:-;9:-,0@1=1;0@3=1;0@6=1;0@9=1;2@1=1;2@6=1;2@9=1;2@4=1;4@2=1;5@6=1;5@2=3;5@5=1;7@5=1;8@4=1,"1,3,6,9,4,2,5",16,14,0,14,0.0,0.0,0.0,0.0,0.0,0.0,0.0,0.0,"Feasible(status=11,gap=13.876511)"
308,307,0,0,0,-,0:4|8;1:5|7;2:5|7|8;3:5|6|8;4:7|9;5:0|1|8|9;6:8;7:0|3|4|5|6;8:3|4|5|8;9:0|7|8,0:-;1:-;2:-;3:-;4:-;5:-;6:-;7:-;8:-;9:-,0@0=1;0@2=2;0@4=1;0@8=1;1@8=1;2@2=1;2@1=1;2@3=1;4@5=2;5@2=1;5@4=1;5@8=1;6@1=1;7@2=1;7@4=1,"0,2,4,8,1,3,5",17,15,0,15,0.0,0.0,0.0,0.0,0.0,0.0,0.0,0.0,"Feasible(status=11,gap=13.876511)"
309,308,0,0,0,-,0:4|8;1:5|7;2:5|7|8;3:5|6|8;4:7|9;5:0|1|8|9;6:8;7:0|3|4|5|6;8:3|4|5|8;9:0|7|8,0:-;1:-;2:-;3:-;4:-;5:-;6:-;7:-;8:-;9:-,0@2=1;0@9=2;1@2=1;1@4=1;2@4=1;2@0=1;4@6=1;5@4=1;6@5=1;7@2=2;7@9=1;7@0=1;7@5=2,"2,9,4,0,6,5",16,13,0,13,0.0,0.0,0.0,0.0,0.0,0.0,0.0,0.0,"Feasible(status=11,gap=13.876511)"
310,309,0,0,0,-,0:4|8;1:5|7;2:5|7|8;3:5|6|8;4:7|9;5:0|1|8|9;6:8;7:0|3|4|5|6;8:3|4|5|8;9:0|7|8,0:-;1:-;2:-;3:-;4:-;5:-;6:-;7:-;8:-;9:-,0@1=1;0@2=1;0@6=1;1@2=1;1@9=1;2@1=1;2@0=1;2@7=1;4@9=1;5@0=1;5@3=1;6@0=1;7@2=2;7@4=1,"1,2,6,9,0,7,3,4",15,14,0,14,0.0,0.0,0.0,0.0,0.0,0.0,0.0,0.0,"Feasible(status=11,gap=13.876511)"
311,310,0,0,0,-,0:4|8;1:5|7;2:5|7|8;3:5|6|8;4:7|9;5:0|1|8|9;6:8;7:0|3|4|5|6;8:3|4|5|8;9:0|7|8,0:-;1:-;2:-;3:-;4:-;5:-;6:-;7:-;8:-;9:-,0@3=1;1@1=1;1@9=1;2@3=1;2@1=1;2@4=1;4@2=1;6@4=2;7@9=2;7@2=1;7@8=1,"3,1,9,4,2,8",13,11,0,11,0.0,0.0,0.0,0.0,0.0,0.0,0.0,0.0,"Feasible(status=11,gap=13.876511)"
312,311,0,0,0,-,0:4|8;1:5|7;2:5|7|8;3:5|6|8;4:7|9;5:0|1|8|9;6:8;7:0|3|4|5|6;8:3|4|5|8;9:0|7|8,0:-;1:-;2:-;3:-;4:-;5:-;6:-;7:-;8:-;9:-,2@4=2;3@6=1;4@8=1;4@9=1;5@0=1;5@2=1;6@4=1;6@9=1;7@4=1;7@2=2;7@1=1;7@3=1,"4,6,8,9,0,2,1,3",14,12,0,12,0.0,0.0,0.0,0.0,0.0,0.0,0.0,0.0,"Feasible(status=11,gap=13.876511)"
313,312,0,0,0,-,0:4|8;1:5|7;2:5|7|8;3:5|6|8;4:7|9;5:0|1|8|9;6:8;7:0|3|4|5|6;8:3|4|5|8;9:0|7|8,0:-;1:-;2:-;3:-;4:-;5:-;6:-;7:-;8:-;9:-,1@6=1;4@4=1;5@4=1;5@3=1;5@5=1;6@8=1;7@0=1,"6,4,3,5,8,0",7,7,0,7,0.0,0.0,0.0,0.0,0.0,0.0,0.0,0.0,"Feasible(status=11,gap=13.876511)"
314,313,0,0,0,-,0:4|8;1:5|7;2:5|7|8;3:5|6|8;4:7|9;5:0|1|8|9;6:8;7:0|3|4|5|6;8:3|4|5|8;9:0|7|8,0:-;1:-;2:-;3:-;4:-;5:-;6:-;7:-;8:-;9:-,1@2=1;1@9=2;2@0=1;2@1=1;2@6=1;3@7=1;4@2=1;4@9=1;5@4=1;5@8=1;6@4=1;7@2=1;7@1=2;7@7=1;7@5=1,"2,9,0,1,6,7,4,8,5",17,15,0,15,0.0,0.0,0.0,0.0,0.0,0.0,0.0,0.0,"Feasible(status=11,gap=13.876511)"
315,314,0,0,0,-,0:4|8;1:5|7;2:5|7|8;3:5|6|8;4:7|9;5:0|1|8|9;6:8;7:0|3|4|5|6;8:3|4|5|8;9:0|7|8,0:-;1:-;2:-;3:-;4:-;5:-;6:-;7:-;8:-;9:-,1@0=2;1@2=1;2@1=1;2@4=2;2@6=1;2@9=1;4@2=1;5@0=1;5@5=1;6@8=1;7@1=1;7@5=1;7@8=1;7@3=1,"0,2,1,4,6,9,5,8,3",16,14,0,14,0.0,0.0,0.0,0.0,0.0,0.0,0.0,0.0,"Feasible(status=11,gap=13.876511)"
316,315,0,0,0,-,0:4|8;1:5|7;2:5|7|8;3:5|6|8;4:7|9;5:0|1|8|9;6:8;7:0|3|4|5|6;8:3|4|5|8;9:0|7|8,0:-;1:-;2:-;3:-;4:-;5:-;6:-;7:-;8:-;9:-,1@1=1;1@3=1;1@4=1;2@0=1;4@4=1;4@2=1;5@8=1;6@1=1;6@9=1;7@5=1;7@7=1,"1,3,4,0,2,8,9,5,7",11,11,0,11,0.0,0.0,0.0,0.0,0.0,0.0,0.0,0.0,"Feasible(status=11,gap=13.876511)"
317,316,0,0,0,-,0:4|8;1:5|7;2:5|7|8;3:5|6|8;4:7|9;5:0|1|8|9;6:8;7:0|3|4|5|6;8:3|4|5|8;9:0|7|8,0:-;1:-;2:-;3:-;4:-;5:-;6:-;7:-;8:-;9:-,1@1=2;1@7=1;2@2=1;4@0=2;4@4=1;5@1=1;7@3=1;7@9=1,"1,7,2,0,4,3,9",10,8,0,8,0.0,0.0,0.0,0.0,0.0,0.0,0.0,0.0,"Feasible(status=11,gap=13.876511)"
318,317,0,0,0,-,0:4|8;1:5|7;2:5|7|8;3:5|6|8;4:7|9;5:0|1|8|9;6:8;7:0|3|4|5|6;8:3|4|5|8;9:0|7|8,0:-;1:-;2:-;3:-;4:-;5:-;6:-;7:-;8:-;9:-,1@2=1;2@2=1;2@1=1;2@9=1;4@2=1;4@8=1;5@9=1;7@2=2;7@8=1,"2,1,9,8",10,9,0,9,0.0,0.0,0.0,0.0,0.0,0.0,0.0,0.0,"Feasible(status=11,gap=13.876511)"
319,318,0,0,0,-,0:4|8;1:5|7;2:5|7|8;3:5|6|8;4:7|9;5:0|1|8|9;6:8;7:0|3|4|5|6;8:3|4|5|8;9:0|7|8,0:-;1:-;2:-;3:-;4:-;5:-;6:-;7:-;8:-;9:-,1@8=1;4@3=1;4@6=1;7@4=1,"8,3,6,4",4,4,0,4,0.0,0.0,0.0,0.0,0.0,0.0,0.0,0.0,"Feasible(status=11,gap=13.876511)"
320,319,0,0,0,-,0:4|8;1:5|7;2:5|7|8;3:5|6|8;4:7|9;5:0|1|8|9;6:8;7:0|3|4|5|6;8:3|4|5|8;9:0|7|8,0:-;1:-;2:-;3:-;4:-;5:-;6:-;7:-;8:-;9:-,1@1=1;1@3=1;1@4=1;2@2=1;2@9=1;4@4=1;4@2=1;5@1=2;5@2=1,"1,3,4,2,9",10,9,0,9,0.0,0.0,0.0,0.0,0.0,0.0,0.0,0.0,"Feasible(status=11,gap=13.876511)"
321,320,0,0,0,-,0:4|8;1:5|7;2:5|7|8;3:5|6|8;4:7|9;5:0|1|8|9;6:8;7:0|3|4|5|6;8:3|4|5|8;9:0|7|8,0:-;1:-;2:-;3:-;4:-;5:-;6:-;7:-;8:-;9:-,1@0=1;1@1=1;1@2=1;1@4=2;1@7=1;2@2=1;2@4=1;4@4=1;4@5=1;4@9=2;7@0=1;7@2=1;7@4=1,"0,1,2,4,7,5,9",15,13,0,13,0.0,0.0,0.0,0.0,0.0,0.0,0.0,0.0,"Feasible(status=11,gap=13.876511)"
322,321,0,0,0,-,0:4|8;1:5|7;2:5|7|8;3:5|6|8;4:7|9;5:0|1|8|9;6:8;7:0|3|4|5|6;8:3|4|5|8;9:0|7|8,0:-;1:-;2:-;3:-;4:-;5:-;6:-;7:-;8:-;9:-,1@4=1;1@5=1;1@7=1;1@9=1;2@6=1;7@3=1,"4,5,7,9,6,3",6,6,0,6,0.0,0.0,0.0,0.0,0.0,0.0,0.0,0.0,"Feasible(status=11,gap=13.876511)"
323,322,0,0,0,-,0:4|8;1:5|7;2:5|7|8;3:5|6|8;4:7|9;5:0|1|8|9;6:8;7:0|3|4|5|6;8:3|4|5|8;9:0|7|8,0:-;1:-;2:-;3:-;4:-;5:-;6:-;7:-;8:-;9:-,1@0=1;2@1=1;2@3=1;2@4=1;2@8=1;4@4=1;6@5=1;7@1=1;7@4=1,"0,1,3,4,8,5",9,9,0,9,0.0,0.0,0.0,0.0,0.0,0.0,0.0,0.0,"Feasible(status=11,gap=13.876511)"
324,323,0,0,0,-,0:4|8;1:5|7;2:5|7|8;3:5|6|8;4:7|9;5:0|1|8|9;6:8;7:0|3|4|5|6;8:3|4|5|8;9:0|7|8,0:-;1:-;2:-;3:-;4:-;5:-;6:-;7:-;8:-;9:-,1@1=1;1@3=2;2@8=1;4@0=1;4@4=1;4@5=1;5@3=1;7@3=1;7@4=1;7@7=2,"1,3,8,0,4,5,7",12,10,0,10,0.0,0.0,0.0,0.0,0.0,0.0,0.0,0.0,"Feasible(status=11,gap=13.876511)"
325,324,0,0,0,-,0:4|8;1:5|7;2:5|7|8;3:5|6|8;4:7|9;5:0|1|8|9;6:8;7:0|3|4|5|6;8:3|4|5|8;9:0|7|8,0:-;1:-;2:-;3:-;4:-;5:-;6:-;7:-;8:-;9:-,1@1=1;1@2=1;2@4=1;4@6=2;6@4=1;6@5=1;7@0=1;7@3=1;7@7=1;7@8=1,"1,2,4,6,5,0,3,7,8",11,10,0,10,0.0,0.0,0.0,0.0,0.0,0.0,0.0,0.0,"Feasible(status=11,gap=13.876511)"
326,325,0,0,0,-,0:4|8;1:5|7;2:5|7|8;3:5|6|8;4:7|9;5:0|1|8|9;6:8;7:0|3|4|5|6;8:3|4|5|8;9:0|7|8,0:-;1:-;2:-;3:-;4:-;5:-;6:-;7:-;8:-;9:-,2@2=2;4@2=1;5@1=1;7@5=1;7@8=1,"2,1,5,8",6,5,0,5,0.0,0.0,0.0,0.0,0.0,0.0,0.0,0.0,"Feasible(status=11,gap=13.876511)"
327,326,0,0,0,-,0:4|8;1:5|7;2:5|7|8;3:5|6|8;4:7|9;5:0|1|8|9;6:8;7:0|3|4|5|6;8:3|4|5|8;9:0|7|8,0:-;1:-;2:-;3:-;4:-;5:-;6:-;7:-;8:-;9:-,1@1=1;1@6=1;2@8=1;7@6=1,"1,6,8",4,4,0,4,0.0,0.0,0.0,0.0,0.0,0.0,0.0,0.0,"Feasible(status=11,gap=13.876511)"
328,327,0,0,0,-,0:4|8;1:5|7;2:5|7|8;3:5|6|8;4:7|9;5:0|1|8|9;6:8;7:0|3|4|5|6;8:3|4|5|8;9:0|7|8,0:-;1:-;2:-;3:-;4:-;5:-;6:-;7:-;8:-;9:-,0@1=1;1@2=1;2@0=1;2@3=1;2@9=1;5@2=1;5@7=1;6@4=1;7@2=1;7@4=1;7@5=1,"1,2,0,3,9,7,4,5",11,11,0,11,0.0,0.0,0.0,0.0,0.0,0.0,0.0,0.0,"Feasible(status=11,gap=13.876511)"
329,328,0,0,0,-,0:4|8;1:5|7;2:5|7|8;3:5|6|8;4:7|9;5:0|1|8|9;6:8;7:0|3|4|5|6;8:3|4|5|8;9:0|7|8,0:-;1:-;2:-;3:-;4:-;5:-;6:-;7:-;8:-;9:-,1@0=1;1@1=1;1@8=1;1@9=1;2@2=1;4@2=1;5@3=1;5@4=1;6@7=1;7@4=1;7@7=1;7@5=1,"0,1,8,9,2,3,4,7,5",12,12,0,12,0.0,0.0,0.0,0.0,0.0,0.0,0.0,0.0,"Feasible(status=11,gap=13.876511)"
330,329,0,0,0,-,0:4|8;1:5|7;2:5|7|8;3:5|6|8;4:7|9;5:0|1|8|9;6:8;7:0|3|4|5|6;8:3|4|5|8;9:0|7|8,0:-;1:-;2:-;3:-;4:-;5:-;6:-;7:-;8:-;9:-,2@2=2;4@4=1;6@0=1;7@1=1;7@3=1;7@7=1,"2,4,0,1,3,7",7,6,0,6,0.0,0.0,0.0,0.0,0.0,0.0,0.0,0.0,"Feasible(status=11,gap=13.876511)"
331,330,0,0,0,-,0:4|8;1:5|7;2:5|7|8;3:5|6|8;4:7|9;5:0|1|8|9;6:8;7:0|3|4|5|6;8:3|4|5|8;9:0|7|8,0:-;1:-;2:-;3:-;4:-;5:-;6:-;7:-;8:-;9:-,1@6=1;2@0=1;2@1=2;2@4=1;5@8=1;6@0=1;7@4=1;7@2=1,"6,0,1,4,8,2",9,8,0,8,0.0,0.0,0.0,0.0,0.0,0.0,0.0,0.0,"Feasible(status=11,gap=13.876511)"
332,331,0,0,0,-,0:4|8;1:5|7;2:5|7|8;3:5|6|8;4:7|9;5:0|1|8|9;6:8;7:0|3|4|5|6;8:3|4|5|8;9:0|7|8,0:-;1:-;2:-;3:-;4:-;5:-;6:-;7:-;8:-;9:-,1@6=1;1@8=1;2@0=1;4@5=1;5@6=1;5@8=1;7@4=1,"6,8,0,5,4",7,7,0,7,0.0,0.0,0.0,0.0,0.0,0.0,0.0,0.0,"Feasible(status=11,gap=13.876511)"
333,332,0,0,0,-,0:4|8;1:5|7;2:5|7|8;3:5|6|8;4:7|9;5:0|1|8|9;6:8;7:0|3|4|5|6;8:3|4|5|8;9:0|7|8,0:-;1:-;2:-;3:-;4:-;5:-;6:-;7:-;8:-;9:-,2@0=1;2@2=1;4@0=1;4@1=1;5@1=1;5@4=1;6@5=1;7@0=1;7@4=1,"0,2,1,4,5",9,9,0,9,0.0,0.0,0.0,0.0,0.0,0.0,0.0,0.0,"Feasible(status=11,gap=13.876511)"
334,333,0,0,0,-,0:4|8;1:5|7;2:5|7|8;3:5|6|8;4:7|9;5:0|1|8|9;6:8;7:0|3|4|5|6;8:3|4|5|8;9:0|7|8,0:-;1:-;2:-;3:-;4:-;5:-;6:-;7:-;8:-;9:-,1@3=1;1@7=1;2@5=1;4@0=1;4@9=1;6@2=1;7@2=1,"3,7,5,0,9,2",7,7,0,7,0.0,0.0,0.0,0.0,0.0,0.0,0.0,0.0,"Feasible(status=11,gap=13.876511)"
335,334,0,0,0,-,0:4|8;1:5|7;2:5|7|8;3:5|6|8;4:7|9;5:0|1|8|9;6:8;7:0|3|4|5|6;8:3|4|5|8;9:0|7|8,0:-;1:-;2:-;3:-;4:-;5:-;6:-;7:-;8:-;9:-,1@0=1;4@3=1;4@5=1;5@2=1;5@8=1;7@0=1;7@5=1;7@8=1;7@7=1,"0,3,5,2,8,7",9,9,0,9,0.0,0.0,0.0,0.0,0.0,0.0,0.0,0.0,"Feasible(status=11,gap=13.876511)"
336,335,0,0,0,-,0:4|8;1:5|7;2:5|7|8;3:5|6|8;4:7|9;5:0|1|8|9;6:8;7:0|3|4|5|6;8:3|4|5|8;9:0|7|8,0:-;1:-;2:-;3:-;4:-;5:-;6:-;7:-;8:-;9:-,0@8=1;1@2=1;2@0=1;2@1=1;4@1=1;5@2=1;5@1=1;5@7=1;7@2=1;7@0=1;7@4=1;7@9=1,"8,2,0,1,7,4,9",12,12,0,12,0.0,0.0,0.0,0.0,0.0,0.0,0.0,0.0,"Feasible(status=11,gap=13.876511)"
337,336,0,0,0,-,0:4|8;1:5|7;2:5|7|8;3:5|6|8;4:7|9;5:0|1|8|9;6:8;7:0|3|4|5|6;8:3|4|5|8;9:0|7|8,0:-;1:-;2:-;3:-;4:-;5:-;6:-;7:-;8:-;9:-,0@2=1;0@4=1;1@1=1;1@3=1;2@1=1;7@2=1;7@4=2;7@1=1;7@6=1;7@8=1;7@9=1,"2,4,1,3,6,8,9",12,11,0,11,0.0,0.0,0.0,0.0,0.0,0.0,0.0,0.0,"Feasible(status=11,gap=13.876511)"
338,337,0,0,0,-,0:4|8;1:5|7;2:5|7|8;3:5|6|8;4:7|9;5:0|1|8|9;6:8;7:0|3|4|5|6;8:3|4|5|8;9:0|7|8,0:-;1:-;2:-;3:-;4:-;5:-;6:-;7:-;8:-;9:-,1@1=1;1@2=1;7@1=3;7@2=1;7@3=1,"1,2,3",7,5,0,5,0.0,0.0,0.0,0.0,0.0,0.0,0.0,0.0,"Feasible(status=11,gap=13.876511)"
339,338,0,0,0,-,0:4|8;1:5|7;2:5|7|8;3:5|6|8;4:7|9;5:0|1|8|9;6:8;7:0|3|4|5|6;8:3|4|5|8;9:0|7|8,0:-;1:-;2:-;3:-;4:-;5:-;6:-;7:-;8:-;9:-,1@3=1;1@6=1;2@3=1;2@1=1;2@2=1;2@4=2;3@6=1;4@6=1;5@4=1;7@2=1,"3,6,1,2,4",11,10,0,10,0.0,0.0,0.0,0.0,0.0,0.0,0.0,0.0,"Feasible(status=11,gap=13.876511)"
340,339,0,0,0,-,0:4|8;1:5|7;2:5|7|8;3:5|6|8;4:7|9;5:0|1|8|9;6:8;7:0|3|4|5|6;8:3|4|5|8;9:0|7|8,0:-;1:-;2:-;3:-;4:-;5:-;6:-;7:-;8:-;9:-,1@1=1;1@5=1;5@9=1;7@0=1;7@3=1,"1,5,9,0,3",5,5,0,5,0.0,0.0,0.0,0.0,0.0,0.0,0.0,0.0,"Feasible(status=11,gap=13.876511)"
341,340,0,0,0,-,0:4|8;1:5|7;2:5|7|8;3:5|6|8;4:7|9;5:0|1|8|9;6:8;7:0|3|4|5|6;8:3|4|5|8;9:0|7|8,0:-;1:-;2:-;3:-;4:-;5:-;6:-;7:-;8:-;9:-,3@7=1;4@1=1;4@3=1;5@3=1;5@4=1;6@4=1;7@1=1,"7,1,3,4",7,7,0,7,0.0,0.0,0.0,0.0,0.0,0.0,0.0,0.0,"Feasible(status=11,gap=13.876511)"
342,341,0,0,0,-,0:4|8;1:5|7;2:5|7|8;3:5|6|8;4:7|9;5:0|1|8|9;6:8;7:0|3|4|5|6;8:3|4|5|8;9:0|7|8,0:-;1:-;2:-;3:-;4:-;5:-;6:-;7:-;8:-;9:-,0@7=1;0@9=1;4@1=1;4@5=1;5@5=1;6@5=1;7@2=1;7@6=1,"7,9,1,5,2,6",8,8,0,8,0.0,0.0,0.0,0.0,0.0,0.0,0.0,0.0,"Feasible(status=11,gap=13.876511)"
343,342,0,0,0,-,0:4|8;1:5|7;2:5|7|8;3:5|6|8;4:7|9;5:0|1|8|9;6:8;7:0|3|4|5|6;8:3|4|5|8;9:0|7|8,0:-;1:-;2:-;3:-;4:-;5:-;6:-;7:-;8:-;9:-,0@0=1;0@1=2;0@4=1;0@8=2;1@1=1;1@8=1;1@3=1;4@4=1;4@6=1;5@6=1;7@4=2;7@2=1;7@9=1,"0,1,4,8,3,6,2,9",16,13,0,13,0.0,0.0,0.0,0.0,0.0,0.0,0.0,0.0,"Feasible(status=11,gap=13.876511)"
344,343,0,0,0,-,0:4|8;1:5|7;2:5|7|8;3:5|6|8;4:7|9;5:0|1|8|9;6:8;7:0|3|4|5|6;8:3|4|5|8;9:0|7|8,0:-;1:-;2:-;3:-;4:-;5:-;6:-;7:-;8:-;9:-,0@1=1;0@5=1;1@1=1;1@2=1;1@3=1;2@8=1;4@1=2;6@8=1,"1,5,2,3,8",9,8,0,8,0.0,0.0,0.0,0.0,0.0,0.0,0.0,0.0,"Feasible(status=11,gap=13.876511)"
345,344,0,0,0,-,0:4|8;1:5|7;2:5|7|8;3:5|6|8;4:7|9;5:0|1|8|9;6:8;7:0|3|4|5|6;8:3|4|5|8;9:0|7|8,0:-;1:-;2:-;3:-;4:-;5:-;6:-;7:-;8:-;9:-,0@0=2;0@2=2;0@3=1;0@4=1;1@2=2;2@0=1;2@3=1;3@1=1;4@4=1;4@6=1;4@8=1;7@7=1,"0,2,3,4,1,6,8,7",15,12,0,12,0.0,0.0,0.0,0.0,0.0,0.0,0.0,0.0,"Feasible(status=11,gap=13.876511)"
346,345,0,0,0,-,0:4|8;1:5|7;2:5|7|8;3:5|6|8;4:7|9;5:0|1|8|9;6:8;7:0|3|4|5|6;8:3|4|5|8;9:0|7|8,0:-;1:-;2:-;3:-;4:-;5:-;6:-;7:-;8:-;9:-,0@0=1;0@4=1;0@7=1;0@9=1;1@8=1;2@7=2;2@2=1;5@1=1;7@0=1;7@4=1;7@2=1,"0,4,7,9,8,2,1",12,11,0,11,0.0,0.0,0.0,0.0,0.0,0.0,0.0,0.0,"Feasible(status=11,gap=13.876511)"
347,346,0,0,0,-,0:4|8;1:5|7;2:5|7|8;3:5|6|8;4:7|9;5:0|1|8|9;6:8;7:0|3|4|5|6;8:3|4|5|8;9:0|7|8,0:-;1:-;2:-;3:-;4:-;5:-;6:-;7:-;8:-;9:-,0@4=2;2@9=1;4@5=1;5@1=1;6@1=1;7@9=1;7@1=1,"4,9,5,1",8,7,0,7,0.0,0.0,0.0,0.0,0.0,0.0,0.0,0.0,"Feasible(status=11,gap=13.876511)"
348,347,0,0,0,-,0:4|8;1:5|7;2:5|7|8;3:5|6|8;4:7|9;5:0|1|8|9;6:8;7:0|3|4|5|6;8:3|4|5|8;9:0|7|8,0:-;1:-;2:-;3:-;4:-;5:-;6:-;7:-;8:-;9:-,0@2=1;0@6=1;0@9=1;1@9=1;2@9=1;2@4=2;6@4=1;7@0=1;7@8=2,"2,6,9,4,0,8",11,9,0,9,0.0,0.0,0.0,0.0,0.0,0.0,0.0,0.0,"Feasible(status=11,gap=13.876511)"
349,348,0,0,0,-,0:4|8;1:5|7;2:5|7|8;3:5|6|8;4:7|9;5:0|1|8|9;6:8;7:0|3|4|5|6;8:3|4|5|8;9:0|7|8,0:-;1:-;2:-;3:-;4:-;5:-;6:-;7:-;8:-;9:-,0@1=1;0@2=1;0@4=2;0@6=1;0@8=1;1@2=1;1@6=1;1@3=1;1@5=1;2@8=1;2@7=1;4@8=1;4@5=1;4@0=1;5@1=1;5@2=1;5@3=1;7@4=1,"1,2,4,6,8,3,5,7,0",19,18,0,18,0.0,0.0,0.0,0.0,0.0,0.0,0.0,0.0,"Feasible(status=11,gap=13.876511)"
350,349,0,0,0,-,0:4|8;1:5|7;2:5|7|8;3:5|6|8;4:7|9;5:0|1|8|9;6:8;7:0|3|4|5|6;8:3|4|5|8;9:0|7|8,0:-;1:-;2:-;3:-;4:-;5:-;6:-;7:-;8:-;9:-,0@7=1;0@8=1;1@2=1;1@4=1;3@2=1;3@4=1;4@7=1;5@0=1;5@1=1;7@7=1,"7,8,2,4,0,1",10,10,0,10,0.0,0.0,0.0,0.0,0.0,0.0,0.0,0.0,"Feasible(status=11,gap=13.876511)"
351,350,0,0,0,-,0:4|8;1:5|7;2:5|7|8;3:5|6|8;4:7|9;5:0|1|8|9;6:8;7:0|3|4|5|6;8:3|4|5|8;9:0|7|8,0:-;1:-;2:-;3:-;4:-;5:-;6:-;7:-;8:-;9:-,3@4=1;3@6=1;5@2=1;7@2=1;7@1=2;7@7=1,"4,6,2,1,7",7,6,0,6,0.0,0.0,0.0,0.0,0.0,0.0,0.0,0.0,"Feasible(status=11,gap=13.876511)"
352,351,0,0,0,-,0:4|8;1:5|7;2:5|7|8;3:5|6|8;4:7|9;5:0|1|8|9;6:8;7:0|3|4|5|6;8:3|4|5|8;9:0|7|8,0:-;1:-;2:-;3:-;4:-;5:-;6:-;7:-;8:-;9:-,7@5=1,5,1,1,0,1,0.0,0.0,0.0,0.0,0.0,0.0,0.0,0.0,"Feasible(status=11,gap=13.876511)"
353,352,0,0,0,-,0:4|8;1:5|7;2:5|7|8;3:5|6|8;4:7|9;5:0|1|8|9;6:8;7:0|3|4|5|6;8:3|4|5|8;9:0|7|8,0:-;1:-;2:-;3:-;4:-;5:-;6:-;7:-;8:-;9:-,6@1=1;7@4=1,"1,4",2,2,0,2,0.0,0.0,0.0,0.0,0.0,0.0,0.0,0.0,"Feasible(status=11,gap=13.876511)"
354,353,0,0,0,-,0:4|8;1:5|7;2:5|7|8;3:5|6|8;4:7|9;5:0|1|8|9;6:8;7:0|3|4|5|6;8:3|4|5|8;9:0|7|8,0:-;1:-;2:-;3:-;4:-;5:-;6:-;7:-;8:-;9:-,0@4=1;1@4=1;1@1=1;1@6=1;1@7=1;2@2=1;4@3=1;5@1=1;5@6=1;5@2=1;5@0=1;7@9=1,"4,1,6,7,2,3,0,9",12,12,0,12,0.0,0.0,0.0,0.0,0.0,0.0,0.0,0.0,"Feasible(status=11,gap=13.876511)"
355,354,0,0,0,-,0:4|8;1:5|7;2:5|7|8;3:5|6|8;4:7|9;5:0|1|8|9;6:8;7:0|3|4|5|6;8:3|4|5|8;9:0|7|8,0:-;1:-;2:-;3:-;4:-;5:-;6:-;7:-;8:-;9:-,4@2=1;4@9=1;7@2=1;7@4=1,"2,9,4",4,4,0,4,0.0,0.0,0.0,0.0,0.0,0.0,0.0,0.0,"Feasible(status=11,gap=13.876511)"
356,355,0,0,0,-,0:4|8;1:5|7;2:5|7|8;3:5|6|8;4:7|9;5:0|1|8|9;6:8;7:0|3|4|5|6;8:3|4|5|8;9:0|7|8,0:-;1:-;2:-;3:-;4:-;5:-;6:-;7:-;8:-;9:-,1@2=1;1@6=2;1@9=1;3@0=1;4@6=1;4@9=1;7@9=1;7@3=1;7@4=2;7@5=1,"2,6,9,0,3,4,5",12,10,0,10,0.0,0.0,0.0,0.0,0.0,0.0,0.0,0.0,"Feasible(status=11,gap=13.876511)"
357,356,0,0,0,-,0:4|8;1:5|7;2:5|7|8;3:5|6|8;4:7|9;5:0|1|8|9;6:8;7:0|3|4|5|6;8:3|4|5|8;9:0|7|8,0:-;1:-;2:-;3:-;4:-;5:-;6:-;7:-;8:-;9:-,1@4=1;1@8=1;4@4=1;4@8=1;7@8=1,"4,8",5,5,0,5,0.0,0.0,0.0,0.0,0.0,0.0,0.0,0.0,"Feasible(status=11,gap=13.876511)"
358,357,0,0,0,-,0:4|8;1:5|7;2:5|7|8;3:5|6|8;4:7|9;5:0|1|8|9;6:8;7:0|3|4|5|6;8:3|4|5|8;9:0|7|8,0:-;1:-;2:-;3:-;4:-;5:-;6:-;7:-;8:-;9:-,1@2=4;1@5=1;4@2=1;4@1=1;4@8=1;5@2=1;5@4=1;6@3=1;7@4=1;7@0=1;7@6=1;8@4=1,"2,5,1,8,4,3,0,6",15,12,0,12,0.0,0.0,0.0,0.0,0.0,0.0,0.0,0.0,"Feasible(status=11,gap=13.876511)"
359,358,0,0,0,-,0:4|8;1:5|7;2:5|7|8;3:5|6|8;4:7|9;5:0|1|8|9;6:8;7:0|3|4|5|6;8:3|4|5|8;9:0|7|8,0:-;1:-;2:-;3:-;4:-;5:-;6:-;7:-;8:-;9:-,1@1=1;1@3=1;1@8=1;2@2=1,"1,3,8,2",4,4,0,4,0.0,0.0,0.0,0.0,0.0,0.0,0.0,0.0,"Feasible(status=11,gap=13.876511)"
360,359,0,0,0,-,0:4|8;1:5|7;2:5|7|8;3:5|6|8;4:7|9;5:0|1|8|9;6:8;7:0|3|4|5|6;8:3|4|5|8;9:0|7|8,0:-;1:-;2:-;3:-;4:-;5:-;6:-;7:-;8:-;9:-,1@5=1;4@1=1;4@9=1;5@3=1;7@1=1,"5,1,9,3",5,5,0,5,0.0,0.0,0.0,0.0,0.0,0.0,0.0,0.0,"Feasible(status=11,gap=13.876511)"
361,360,0,0,0,-,0:4|8;1:5|7;2:5|7|8;3:5|6|8;4:7|9;5:0|1|8|9;6:8;7:0|3|4|5|6;8:3|4|5|8;9:0|7|8,0:-;1:-;2:-;3:-;4:-;5:-;6:-;7:-;8:-;9:-,1@2=1;4@2=1;4@1=1;7@1=1;7@9=1,"2,1,9",5,5,0,5,0.0,0.0,0.0,0.0,0.0,0.0,0.0,0.0,"Feasible(status=11,gap=13.876511)"
362,361,0,0,0,-,0:4|8;1:5|7;2:5|7|8;3:5|6|8;4:7|9;5:0|1|8|9;6:8;7:0|3|4|5|6;8:3|4|5|8;9:0|7|8,0:-;1:-;2:-;3:-;4:-;5:-;6:-;7:-;8:-;9:-,1@9=1;4@9=1;4@4=1;4@7=1;5@7=1;5@8=1;7@9=1,"9,4,7,8",7,7,0,7,0.0,0.0,0.0,0.0,0.0,0.0,0.0,0.0,"Feasible(status=11,gap=13.876511)"
363,362,0,0,0,-,0:4|8;1:5|7;2:5|7|8;3:5|6|8;4:7|9;5:0|1|8|9;6:8;7:0|3|4|5|6;8:3|4|5|8;9:0|7|8,0:-;1:-;2:-;3:-;4:-;5:-;6:-;7:-;8:-;9:-,0@2=1;1@1=1;1@6=1;4@4=1;5@3=1;7@6=1;7@4=1;7@3=1,"2,1,6,4,3",8,8,0,8,0.0,0.0,0.0,0.0,0.0,0.0,0.0,0.0,"Feasible(status=11,gap=13.876511)"
364,363,0,0,0,-,0:4|8;1:5|7;2:5|7|8;3:5|6|8;4:7|9;5:0|1|8|9;6:8;7:0|3|4|5|6;8:3|4|5|8;9:0|7|8,0:-;1:-;2:-;3:-;4:-;5:-;6:-;7:-;8:-;9:-,0@3=1;1@2=1;7@1=1,"3,2,1",3,3,0,3,0.0,0.0,0.0,0.0,0.0,0.0,0.0,0.0,"Feasible(status=11,gap=13.876511)"
365,364,0,0,0,-,0:4|8;1:5|7;2:5|7|8;3:5|6|8;4:7|9;5:0|1|8|9;6:8;7:0|3|4|5|6;8:3|4|5|8;9:0|7|8,0:-;1:-;2:-;3:-;4:-;5:-;6:-;7:-;8:-;9:-,1@4=1;4@2=1;7@2=1,"4,2",3,3,0,3,0.0,0.0,0.0,0.0,0.0,0.0,0.0,0.0,"Feasible(status=11,gap=13.876511)"
366,365,0,0,0,-,0:4|8;1:5|7;2:5|7|8;3:5|6|8;4:7|9;5:0|1|8|9;6:8;7:0|3|4|5|6;8:3|4|5|8;9:0|7|8,0:-;1:-;2:-;3:-;4:-;5:-;6:-;7:-;8:-;9:-,1@9=1;7@1=1,"9,1",2,2,0,2,0.0,0.0,0.0,0.0,0.0,0.0,0.0,0.0,"Feasible(status=11,gap=13.876511)"
367,366,0,0,0,-,0:4|8;1:5|7;2:5|7|8;3:5|6|8;4:7|9;5:0|1|8|9;6:8;7:0|3|4|5|6;8:3|4|5|8;9:0|7|8,0:-;1:-;2:-;3:-;4:-;5:-;6:-;7:-;8:-;9:-,1@6=1;5@4=1;6@0=1;7@6=1;7@1=1;7@5=4,"6,4,0,1,5",9,6,0,6,0.0,0.0,0.0,0.0,0.0,0.0,0.0,0.0,"Feasible(status=11,gap=13.876511)"
368,367,0,0,0,-,0:4|8;1:5|7;2:5|7|8;3:5|6|8;4:7|9;5:0|1|8|9;6:8;7:0|3|4|5|6;8:3|4|5|8;9:0|7|8,0:-;1:-;2:-;3:-;4:-;5:-;6:-;7:-;8:-;9:-,1@2=1;1@9=1;4@2=1;7@2=1;7@0=1;7@4=1,"2,9,0,4",6,6,0,6,0.0,0.0,0.0,0.0,0.0,0.0,0.0,0.0,"Feasible(status=11,gap=13.876511)"
369,368,0,0,0,-,0:4|8;1:5|7;2:5|7|8;3:5|6|8;4:7|9;5:0|1|8|9;6:8;7:0|3|4|5|6;8:3|4|5|8;9:0|7|8,0:-;1:-;2:-;3:-;4:-;5:-;6:-;7:-;8:-;9:-,1@9=2;7@0=1;7@2=1;7@3=1;7@4=1,"9,0,2,3,4",6,5,0,5,0.0,0.0,0.0,0.0,0.0,0.0,0.0,0.0,"Feasible(status=11,gap=13.876511)"
370,369,0,0,0,-,0:4|8;1:5|7;2:5|7|8;3:5|6|8;4:7|9;5:0|1|8|9;6:8;7:0|3|4|5|6;8:3|4|5|8;9:0|7|8,0:-;1:-;2:-;3:-;4:-;5:-;6:-;7:-;8:-;9:-,1@5=1;1@6=1;1@7=1;1@8=1,"5,6,7,8",4,4,0,4,0.0,0.0,0.0,0.0,0.0,0.0,0.0,0.0,"Feasible(status=11,gap=13.876511)"
371,370,0,0,0,-,0:4|8;1:5|7;2:5|7|8;3:5|6|8;4:7|9;5:0|1|8|9;6:8;7:0|3|4|5|6;8:3|4|5|8;9:0|7|8,0:-;1:-;2:-;3:-;4:-;5:-;6:-;7:-;8:-;9:-,2@2=1;2@3=1;3@6=1;4@7=1;8@2=1,"2,3,6,7",5,5,0,5,0.0,0.0,0.0,0.0,0.0,0.0,0.0,0.0,"Feasible(status=11,gap=13.876511)"
372,371,0,0,0,-,0:4|8;1:5|7;2:5|7|8;3:5|6|8;4:7|9;5:0|1|8|9;6:8;7:0|3|4|5|6;8:3|4|5|8;9:0|7|8,0:-;1:-;2:-;3:-;4:-;5:-;6:-;7:-;8:-;9:-,2@1=1;4@1=1;7@3=1;7@8=1,"1,3,8",4,4,0,4,0.0,0.0,0.0,0.0,0.0,0.0,0.0,0.0,"Feasible(status=11,gap=13.876511)"
373,372,0,0,0,-,0:4|8;1:5|7;2:5|7|8;3:5|6|8;4:7|9;5:0|1|8|9;6:8;7:0|3|4|5|6;8:3|4|5|8;9:0|7|8,0:-;1:-;2:-;3:-;4:-;5:-;6:-;7:-;8:-;9:-,2@4=1;3@2=1;3@8=1;4@4=1;4@0=1;4@1=1;5@3=1;7@2=1,"4,2,8,0,1,3",8,8,0,8,0.0,0.0,0.0,0.0,0.0,0.0,0.0,0.0,"Feasible(status=11,gap=13.876511)"
374,373,0,0,0,-,0:4|8;1:5|7;2:5|7|8;3:5|6|8;4:7|9;5:0|1|8|9;6:8;7:0|3|4|5|6;8:3|4|5|8;9:0|7|8,0:-;1:-;2:-;3:-;4:-;5:-;6:-;7:-;8:-;9:-,1@2=1;2@5=1;2@7=1;5@1=1;5@9=1;6@1=1;7@1=1;7@3=1,"2,5,7,1,9,3",8,8,0,8,0.0,0.0,0.0,0.0,0.0,0.0,0.0,0.0,"Feasible(status=11,gap=13.876511)"
375,374,0,0,0,-,0:4|8;1:5|7;2:5|7|8;3:5|6|8;4:7|9;5:0|1|8|9;6:8;7:0|3|4|5|6;8:3|4|5|8;9:0|7|8,0:-;1:-;2:-;3:-;4:-;5:-;6:-;7:-;8:-;9:-,3@3=1;4@6=1;7@4=1,"3,6,4",3,3,0,3,0.0,0.0,0.0,0.0,0.0,0.0,0.0,0.0,"Feasible(status=11,gap=13.876511)"
376,375,0,0,0,-,0:4|8;1:5|7;2:5|7|8;3:5|6|8;4:7|9;5:0|1|8|9;6:8;7:0|3|4|5|6;8:3|4|5|8;9:0|7|8,0:-;1:-;2:-;3:-;4:-;5:-;6:-;7:-;8:-;9:-,1@0=1;1@8=1;1@9=1;4@8=1;4@2=3;5@3=1;7@8=1;7@2=3;7@1=1;7@5=1,"0,8,9,2,3,1,5",14,10,0,10,0.0,0.0,0.0,0.0,0.0,0.0,0.0,0.0,"Feasible(status=11,gap=13.876511)"
377,376,0,0,0,-,0:4|8;1:5|7;2:5|7|8;3:5|6|8;4:7|9;5:0|1|8|9;6:8;7:0|3|4|5|6;8:3|4|5|8;9:0|7|8,0:-;1:-;2:-;3:-;4:-;5:-;6:-;7:-;8:-;9:-,1@1=1;4@0=1;4@4=1;7@2=1,"1,0,4,2",4,4,0,4,0.0,0.0,0.0,0.0,0.0,0.0,0.0,0.0,"Feasible(status=11,gap=13.876511)"
378,377,0,0,0,-,0:4|8;1:5|7;2:5|7|8;3:5|6|8;4:7|9;5:0|1|8|9;6:8;7:0|3|4|5|6;8:3|4|5|8;9:0|7|8,0:-;1:-;2:-;3:-;4:-;5:-;6:-;7:-;8:-;9:-,0@9=1;1@4=1;4@9=1;5@1=1;6@7=1;7@0=1;7@6=1;7@8=1,"9,4,1,7,0,6,8",8,8,0,8,0.0,0.0,0.0,0.0,0.0,0.0,0.0,0.0,"Feasible(status=11,gap=13.876511)"
379,378,0,0,0,-,0:4|8;1:5|7;2:5|7|8;3:5|6|8;4:7|9;5:0|1|8|9;6:8;7:0|3|4|5|6;8:3|4|5|8;9:0|7|8,0:-;1:-;2:-;3:-;4:-;5:-;6:-;7:-;8:-;9:-,1@7=1;1@8=1;4@8=1;5@8=1;5@0=1;6@0=1;7@0=1,"7,8,0",7,7,0,7,0.0,0.0,0.0,0.0,0.0,0.0,0.0,0.0,"Feasible(status=11,gap=13.876511)"
380,379,0,0,0,-,0:4|8;1:5|7;2:5|7|8;3:5|6|8;4:7|9;5:0|1|8|9;6:8;7:0|3|4|5|6;8:3|4|5|8;9:0|7|8,0:-;1:-;2:-;3:-;4:-;5:-;6:-;7:-;8:-;9:-,1@2=2;1@7=1;4@2=1;4@1=1;4@3=2;7@2=2;7@4=1;7@5=1;7@8=1,"2,7,1,3,4,5,8",12,9,0,9,0.0,0.0,0.0,0.0,0.0,0.0,0.0,0.0,"Feasible(status=11,gap=13.876511)"
381,380,0,0,0,-,0:4|8;1:5|7;2:5|7|8;3:5|6|8;4:7|9;5:0|1|8|9;6:8;7:0|3|4|5|6;8:3|4|5|8;9:0|7|8,0:-;1:-;2:-;3:-;4:-;5:-;6:-;7:-;8:-;9:-,4@3=1;4@6=1;4@8=1;7@9=1,"3,6,8,9",4,4,0,4,0.0,0.0,0.0,0.0,0.0,0.0,0.0,0.0,"Feasible(status=11,gap=13.876511)"
382,381,0,0,0,-,0:4|8;1:5|7;2:5|7|8;3:5|6|8;4:7|9;5:0|1|8|9;6:8;7:0|3|4|5|6;8:3|4|5|8;9:0|7|8,0:-;1:-;2:-;3:-;4:-;5:-;6:-;7:-;8:-;9:-,1@6=1;4@2=1;4@4=3;4@5=1;5@8=2;7@2=1;7@4=1;7@7=1,"6,2,4,5,8,7",11,8,0,8,0.0,0.0,0.0,0.0,0.0,0.0,0.0,0.0,"Feasible(status=11,gap=13.876511)"
383,382,0,0,0,-,0:4|8;1:5|7;2:5|7|8;3:5|6|8;4:7|9;5:0|1|8|9;6:8;7:0|3|4|5|6;8:3|4|5|8;9:0|7|8,0:-;1:-;2:-;3:-;4:-;5:-;6:-;7:-;8:-;9:-,1@1=2;1@2=1;1@3=1;1@4=1;1@8=1;2@9=1;4@5=1;4@6=1;5@1=1;5@3=1;7@2=1;7@4=2;7@5=1;7@7=1,"1,2,3,4,8,9,5,6,7",16,14,0,14,0.0,0.0,0.0,0.0,0.0,0.0,0.0,0.0,"Feasible(status=11,gap=13.876511)"
384,383,0,0,0,-,0:4|8;1:5|7;2:5|7|8;3:5|6|8;4:7|9;5:0|1|8|9;6:8;7:0|3|4|5|6;8:3|4|5|8;9:0|7|8,0:-;1:-;2:-;3:-;4:-;5:-;6:-;7:-;8:-;9:-,1@1=1;4@2=1;6@2=1;7@1=1,"1,2",4,4,0,4,0.0,0.0,0.0,0.0,0.0,0.0,0.0,0.0,"Feasible(status=11,gap=13.876511)"
385,384,0,0,0,-,0:4|8;1:5|7;2:5|7|8;3:5|6|8;4:7|9;5:0|1|8|9;6:8;7:0|3|4|5|6;8:3|4|5|8;9:0|7|8,0:-;1:-;2:-;3:-;4:-;5:-;6:-;7:-;8:-;9:-,1@5=1;1@7=1;4@5=1;4@1=1;4@2=1;4@6=1;7@5=1,"5,7,1,2,6",7,7,0,7,0.0,0.0,0.0,0.0,0.0,0.0,0.0,0.0,"Feasible(status=11,gap=13.876511)"
386,385,0,0,0,-,0:4|8;1:5|7;2:5|7|8;3:5|6|8;4:7|9;5:0|1|8|9;6:8;7:0|3|4|5|6;8:3|4|5|8;9:0|7|8,0:-;1:-;2:-;3:-;4:-;5:-;6:-;7:-;8:-;9:-,4@0=1;5@1=1;5@4=1;6@2=1;7@2=1,"0,1,4,2",5,5,0,5,0.0,0.0,0.0,0.0,0.0,0.0,0.0,0.0,"Feasible(status=11,gap=13.876511)"
387,386,0,0,0,-,0:4|8;1:5|7;2:5|7|8;3:5|6|8;4:7|9;5:0|1|8|9;6:8;7:0|3|4|5|6;8:3|4|5|8;9:0|7|8,0:-;1:-;2:-;3:-;4:-;5:-;6:-;7:-;8:-;9:-,1@1=1;1@4=1;1@9=1;2@4=1;2@0=1;2@2=1;2@3=1;4@4=1;4@9=2;5@6=1;6@5=1;7@4=1;7@2=1;7@7=1,"1,4,9,0,2,3,6,5,7",15,14,0,14,0.0,0.0,0.0,0.0,0.0,0.0,0.0,0.0,"Feasible(status=11,gap=13.876511)"
388,387,0,0,0,-,0:4|8;1:5|7;2:5|7|8;3:5|6|8;4:7|9;5:0|1|8|9;6:8;7:0|3|4|5|6;8:3|4|5|8;9:0|7|8,0:-;1:-;2:-;3:-;4:-;5:-;6:-;7:-;8:-;9:-,2@2=1;2@4=1;2@6=1;2@8=1;3@2=1;4@7=1;5@2=1;7@2=1;7@4=1;7@9=1,"2,4,6,8,7,9",10,10,0,10,0.0,0.0,0.0,0.0,0.0,0.0,0.0,0.0,"Feasible(status=11,gap=13.876511)"
389,388,0,0,0,-,0:4|8;1:5|7;2:5|7|8;3:5|6|8;4:7|9;5:0|1|8|9;6:8;7:0|3|4|5|6;8:3|4|5|8;9:0|7|8,0:-;1:-;2:-;3:-;4:-;5:-;6:-;7:-;8:-;9:-,4@1=2;4@2=1;4@4=2;4@6=1;5@4=1,"1,2,4,6",7,5,0,5,0.0,0.0,0.0,0.0,0.0,0.0,0.0,0.0,"Feasible(status=11,gap=13.876511)"
390,389,0,0,0,-,0:4|8;1:5|7;2:5|7|8;3:5|6|8;4:7|9;5:0|1|8|9;6:8;7:0|3|4|5|6;8:3|4|5|8;9:0|7|8,0:-;1:-;2:-;3:-;4:-;5:-;6:-;7:-;8:-;9:-,4@0=1;4@4=1;4@8=1;5@4=1;6@4=1;6@3=1;6@9=1,"0,4,8,3,9",7,7,0,7,0.0,0.0,0.0,0.0,0.0,0.0,0.0,0.0,"Feasible(status=11,gap=13.876511)"
391,390,0,0,0,-,0:4|8;1:5|7;2:5|7|8;3:5|6|8;4:7|9;5:0|1|8|9;6:8;7:0|3|4|5|6;8:3|4|5|8;9:0|7|8,0:-;1:-;2:-;3:-;4:-;5:-;6:-;7:-;8:-;9:-,4@4=3;4@6=1;4@7=1;4@9=1;5@2=2;6@7=1;6@2=1;6@3=1;7@4=1;7@7=1;7@2=1;7@5=1,"4,6,7,9,2,3,5",15,12,0,12,0.0,0.0,0.0,0.0,0.0,0.0,0.0,0.0,"Feasible(status=11,gap=13.876511)"
392,391,0,0,0,-,0:4|8;1:5|7;2:5|7|8;3:5|6|8;4:7|9;5:0|1|8|9;6:8;7:0|3|4|5|6;8:3|4|5|8;9:0|7|8,0:-;1:-;2:-;3:-;4:-;5:-;6:-;7:-;8:-;9:-,5@1=1;5@4=1;5@7=1,"1,4,7",3,3,0,3,0.0,0.0,0.0,0.0,0.0,0.0,0.0,0.0,"Feasible(status=11,gap=13.876511)"
393,392,0,0,0,-,0:4|8;1:5|7;2:5|7|8;3:5|6|8;4:7|9;5:0|1|8|9;6:8;7:0|3|4|5|6;8:3|4|5|8;9:0|7|8,0:-;1:-;2:-;3:-;4:-;5:-;6:-;7:-;8:-;9:-,4@1=1;4@7=1;5@2=1;7@5=1,"1,7,2,5",4,4,0,4,0.0,0.0,0.0,0.0,0.0,0.0,0.0,0.0,"Feasible(status=11,gap=13.876511)"
394,393,0,0,0,-,0:4|8;1:5|7;2:5|7|8;3:5|6|8;4:7|9;5:0|1|8|9;6:8;7:0|3|4|5|6;8:3|4|5|8;9:0|7|8,0:-;1:-;2:-;3:-;4:-;5:-;6:-;7:-;8:-;9:-,0@2=1;4@2=2;4@1=1;4@5=1;4@7=1;4@8=1;4@9=1;6@0=1;7@1=1;7@5=1;7@0=1;7@4=2;7@6=1,"2,1,5,7,8,9,0,4,6",15,13,0,13,0.0,0.0,0.0,0.0,0.0,0.0,0.0,0.0,"Feasible(status=11,gap=13.876511)"
395,394,0,0,0,-,0:4|8;1:5|7;2:5|7|8;3:5|6|8;4:7|9;5:0|1|8|9;6:8;7:0|3|4|5|6;8:3|4|5|8;9:0|7|8,0:-;1:-;2:-;3:-;4:-;5:-;6:-;7:-;8:-;9:-,4@1=1;4@6=1;5@5=1;6@4=1;7@6=1;7@4=1;7@0=3;7@7=1,"1,6,5,4,0,7",10,8,0,8,0.0,0.0,0.0,0.0,0.0,0.0,0.0,0.0,"Feasible(status=11,gap=13.876511)"
396,395,0,0,0,-,0:4|8;1:5|7;2:5|7|8;3:5|6|8;4:7|9;5:0|1|8|9;6:8;7:0|3|4|5|6;8:3|4|5|8;9:0|7|8,0:-;1:-;2:-;3:-;4:-;5:-;6:-;7:-;8:-;9:-,4@2=1;4@4=2;4@7=1;5@2=1;6@2=1;6@1=2;6@3=1;7@2=1;7@4=1;7@1=1;7@9=1;8@7=1,"2,4,7,1,3,9",14,12,0,12,0.0,0.0,0.0,0.0,0.0,0.0,0.0,0.0,"Feasible(status=11,gap=13.876511)"
397,396,0,0,0,-,0:4|8;1:5|7;2:5|7|8;3:5|6|8;4:7|9;5:0|1|8|9;6:8;7:0|3|4|5|6;8:3|4|5|8;9:0|7|8,0:-;1:-;2:-;3:-;4:-;5:-;6:-;7:-;8:-;9:-,3@2=1;4@6=1;4@7=1;6@0=1;6@4=1;6@9=1;7@4=2,"2,6,7,0,4,9",8,7,0,7,0.0,0.0,0.0,0.0,0.0,0.0,0.0,0.0,"Feasible(status=11,gap=13.876511)"
398,397,0,0,0,-,0:4|8;1:5|7;2:5|7|8;3:5|6|8;4:7|9;5:0|1|8|9;6:8;7:0|3|4|5|6;8:3|4|5|8;9:0|7|8,0:-;1:-;2:-;3:-;4:-;5:-;6:-;7:-;8:-;9:-,2@6=1;4@6=1;4@5=1;5@7=1;6@3=1;6@4=1;7@4=1;7@1=1,"6,5,7,3,4,1",8,8,0,8,0.0,0.0,0.0,0.0,0.0,0.0,0.0,0.0,"Feasible(status=11,gap=13.876511)"
399,398,0,0,0,-,0:4|8;1:5|7;2:5|7|8;3:5|6|8;4:7|9;5:0|1|8|9;6:8;7:0|3|4|5|6;8:3|4|5|8;9:0|7|8,0:-;1:-;2:-;3:-;4:-;5:-;6:-;7:-;8:-;9:-,4@0=1;4@2=1;6@1=1;6@5=1;7@2=1;7@1=1,"0,2,1,5",6,6,0,6,0.0,0.0,0.0,0.0,0.0,0.0,0.0,0.0,"Feasible(status=11,gap=13.876511)"
400,399,0,0,0,-,0:4|8;1:5|7;2:5|7|8;3:5|6|8;4:7|9;5:0|1|8|9;6:8;7:0|3|4|5|6;8:3|4|5|8;9:0|7|8,0:-;1:-;2:-;3:-;4:-;5:-;6:-;7:-;8:-;9:-,4@0=1;4@1=2;4@2=1;4@5=1;4@7=1;5@6=2,"0,1,2,5,7,6",8,6,0,6,0.0,0.0,0.0,0.0,0.0,0.0,0.0,0.0,"Feasible(status=11,gap=13.876511)"
401,400,0,0,0,-,0:4|8;1:5|7;2:5|7|8;3:5|6|8;4:7|9;5:0|1|8|9;6:8;7:0|3|4|5|6;8:3|4|5|8;9:0|7|8,0:-;1:-;2:-;3:-;4:-;5:-;6:-;7:-;8:-;9:-,4@3=1;5@4=1;5@5=1;6@4=1;7@1=2;7@2=2,"3,4,5,1,2",8,6,0,6,0.0,0.0,0.0,0.0,0.0,0.0,0.0,0.0,"Feasible(status=11,gap=13.876511)"
402,401,0,0,0,-,0:4|8;1:5|7;2:5|7|8;3:5|6|8;4:7|9;5:0|1|8|9;6:8;7:0|3|4|5|6;8:3|4|5|8;9:0|7|8,0:-;1:-;2:-;3:-;4:-;5:-;6:-;7:-;8:-;9:-,4@2=1;4@3=2;4@5=1;4@9=1;5@3=1;5@4=1;6@4=1;6@6=1;7@3=1;7@4=1;7@0=1;7@8=1;8@2=1;8@1=1,"2,3,5,9,4,6,0,8,1",15,14,0,14,0.0,0.0,0.0,0.0,0.0,0.0,0.0,0.0,"Feasible(status=11,gap=13.876511)"
403,402,0,0,0,-,0:4|8;1:5|7;2:5|7|8;3:5|6|8;4:7|9;5:0|1|8|9;6:8;7:0|3|4|5|6;8:3|4|5|8;9:0|7|8,0:-;1:-;2:-;3:-;4:-;5:-;6:-;7:-;8:-;9:-,4@1=1;4@2=2;4@4=1;4@5=2;4@9=2;5@2=2;6@1=1;6@4=1;7@2=1;7@4=1;7@9=1;7@0=2;7@8=1,"1,2,4,5,9,0,8",18,13,0,13,0.0,0.0,0.0,0.0,0.0,0.0,0.0,0.0,"Feasible(status=11,gap=13.876511)"
404,403,0,0,0,-,0:4|8;1:5|7;2:5|7|8;3:5|6|8;4:7|9;5:0|1|8|9;6:8;7:0|3|4|5|6;8:3|4|5|8;9:0|7|8,0:-;1:-;2:-;3:-;4:-;5:-;6:-;7:-;8:-;9:-,2@2=1;3@4=1;4@2=2;4@4=1;6@8=1;7@4=1;7@8=1;7@0=1,"2,4,8,0",9,8,0,8,0.0,0.0,0.0,0.0,0.0,0.0,0.0,0.0,"Feasible(status=11,gap=13.876511)"
405,404,0,0,0,-,0:4|8;1:5|7;2:5|7|8;3:5|6|8;4:7|9;5:0|1|8|9;6:8;7:0|3|4|5|6;8:3|4|5|8;9:0|7|8,0:-;1:-;2:-;3:-;4:-;5:-;6:-;7:-;8:-;9:-,4@4=1;6@2=1;7@4=1;7@2=1;7@1=1;7@8=1;8@0=1,"4,2,1,8,0",7,7,0,7,0.0,0.0,0.0,0.0,0.0,0.0,0.0,0.0,"Feasible(status=11,gap=13.876511)"
406,405,0,0,0,-,0:4|8;1:5|7;2:5|7|8;3:5|6|8;4:7|9;5:0|1|8|9;6:8;7:0|3|4|5|6;8:3|4|5|8;9:0|7|8,0:-;1:-;2:-;3:-;4:-;5:-;6:-;7:-;8:-;9:-,1@5=1;4@7=1;5@7=1;7@9=1;8@1=1,"5,7,9,1",5,5,0,5,0.0,0.0,0.0,0.0,0.0,0.0,0.0,0.0,"Feasible(status=11,gap=13.876511)"
407,406,0,0,0,-,0:4|8;1:5|7;2:5|7|8;3:5|6|8;4:7|9;5:0|1|8|9;6:8;7:0|3|4|5|6;8:3|4|5|8;9:0|7|8,0:-;1:-;2:-;3:-;4:-;5:-;6:-;7:-;8:-;9:-,1@1=1;4@0=1;4@5=1;5@6=1;6@1=1;6@0=1;7@1=1;7@0=2;7@9=1;8@0=1;8@5=1;8@4=1;8@7=1,"1,0,5,6,9,4,7",14,13,0,13,0.0,0.0,0.0,0.0,0.0,0.0,0.0,0.0,"Feasible(status=11,gap=13.876511)"
408,407,0,0,0,-,0:4|8;1:5|7;2:5|7|8;3:5|6|8;4:7|9;5:0|1|8|9;6:8;7:0|3|4|5|6;8:3|4|5|8;9:0|7|8,0:-;1:-;2:-;3:-;4:-;5:-;6:-;7:-;8:-;9:-,1@0=2;1@1=1;1@2=2;1@4=1;1@5=1;1@6=1;1@7=2;1@9=1;4@0=1;4@1=2;4@3=1;4@8=1;5@1=3;5@2=1;5@6=1;5@8=1;6@2=1;7@1=1;7@3=1;8@1=1;8@2=1;8@5=1;8@9=1;8@8=1,"0,1,2,4,5,6,7,9,3,8",30,24,0,24,0.0,0.0,0.0,0.0,0.0,0.0,0.0,0.0,"Feasible(status=11,gap=13.876511)"
409,408,0,0,0,-,0:4|8;1:5|7;2:5|7|8;3:5|6|8;4:7|9;5:0|1|8|9;6:8;7:0|3|4|5|6;8:3|4|5|8;9:0|7|8,0:-;1:-;2:-;3:-;4:-;5:-;6:-;7:-;8:-;9:-,0@1=1;0@4=1;0@5=1;0@9=1;1@4=2;1@9=1;1@2=2;1@6=1;1@7=1;1@8=1;3@4=1;3@2=1;4@4=1;4@5=1;4@9=1;4@2=2;4@0=1;5@4=1;6@9=2;6@0=3;7@5=1;7@9=1;7@2=2;7@7=1;7@8=1;7@3=2;8@4=2;8@5=1;8@2=4;8@6=1;8@8=1;8@0=1;8@3=1,"1,4,5,9,2,6,7,8,0,3",45,33,0,33,0.0,0.0,0.0,0.0,0.0,0.0,0.0,0.0,"Feasible(status=11,gap=13.876511)"
410,409,0,0,0,-,0:4|8;1:5|7;2:5|7|8;3:5|6|8;4:7|9;5:0|1|8|9;6:8;7:0|3|4|5|6;8:3|4|5|8;9:0|7|8,0:-;1:-;2:-;3:-;4:-;5:-;6:-;7:-;8:-;9:-,0@1=1;0@2=2;0@4=1;0@5=1;0@7=1;1@1=1;1@2=1;1@5=1;1@7=1;1@0=1;1@3=1;1@6=2;1@8=2;1@9=1;2@1=1;4@4=3;4@8=2;5@2=4;5@4=1;5@7=1;5@6=1;5@9=2;6@6=1;7@1=3;7@4=3;7@5=2;7@0=1;7@8=1;7@9=1;8@2=3;8@4=2;8@3=1;8@8=3;8@9=1,"1,2,4,5,7,0,3,6,8,9",54,34,0,34,0.0,0.0,0.0,0.0,0.0,0.0,0.0,0.0,"Feasible(status=11,gap=13.876511)"
411,410,0,0,0,-,0:4|8;1:5|7;2:5|7|8;3:5|6|8;4:7|9;5:0|1|8|9;6:8;7:0|3|4|5|6;8:3|4|5|8;9:0|7|8,0:-;1:-;2:-;3:-;4:-;5:-;6:-;7:-;8:-;9:-,1@0=2;1@4=1;1@5=3;1@8=1;3@7=1;4@7=1;4@1=2;4@3=1;5@0=1;5@4=3;5@5=1;5@2=1;7@4=2;7@5=1;7@8=1;7@1=2;7@3=2;7@2=1;7@9=1;8@7=2;8@1=1;8@2=1;8@9=1,"0,4,5,8,7,1,3,2,9",33,23,0,23,0.0,0.0,0.0,0.0,0.0,0.0,0.0,0.0,"Feasible(status=11,gap=13.876511)"
412,411,0,0,0,-,0:4|8;1:5|7;2:5|7|8;3:5|6|8;4:7|9;5:0|1|8|9;6:8;7:0|3|4|5|6;8:3|4|5|8;9:0|7|8,0:-;1:-;2:-;3:-;4:-;5:-;6:-;7:-;8:-;9:-,1@6=1;3@4=1;4@1=2;4@2=1;4@3=1;4@8=1;7@4=1;7@2=1,"6,4,1,2,3,8",9,8,0,8,0.0,0.0,0.0,0.0,0.0,0.0,0.0,0.0,"Feasible(status=11,gap=13.876511)"
413,412,0,0,0,-,0:4|8;1:5|7;2:5|7|8;3:5|6|8;4:7|9;5:0|1|8|9;6:8;7:0|3|4|5|6;8:3|4|5|8;9:0|7|8,0:-;1:-;2:-;3:-;4:-;5:-;6:-;7:-;8:-;9:-,1@1=1;4@1=1;7@2=1;7@9=1;8@8=1,"1,2,9,8",5,5,0,5,0.0,0.0,0.0,0.0,0.0,0.0,0.0,0.0,"Feasible(status=11,gap=13.876511)"
414,413,0,0,0,-,0:4|8;1:5|7;2:5|7|8;3:5|6|8;4:7|9;5:0|1|8|9;6:8;7:0|3|4|5|6;8:3|4|5|8;9:0|7|8,0:-;1:-;2:-;3:-;4:-;5:-;6:-;7:-;8:-;9:-,1@0=1;1@4=1;1@7=1;4@2=2;4@6=1;5@2=1;7@4=1;7@5=1;8@4=2;8@9=1,"0,4,7,2,6,5,9",12,10,0,10,0.0,0.0,0.0,0.0,0.0,0.0,0.0,0.0,"Feasible(status=11,gap=13.876511)"
415,414,0,0,0,-,0:4|8;1:5|7;2:5|7|8;3:5|6|8;4:7|9;5:0|1|8|9;6:8;7:0|3|4|5|6;8:3|4|5|8;9:0|7|8,0:-;1:-;2:-;3:-;4:-;5:-;6:-;7:-;8:-;9:-,4@0=1;4@3=1;4@6=1;4@7=1;4@9=1;5@1=1;6@8=1;7@7=2;7@9=1;7@2=2;8@6=1;8@7=1;8@9=1,"0,3,6,7,9,1,8,2",15,13,0,13,0.0,0.0,0.0,0.0,0.0,0.0,0.0,0.0,"Feasible(status=11,gap=13.876511)"
416,415,0,0,0,-,0:4|8;1:5|7;2:5|7|8;3:5|6|8;4:7|9;5:0|1|8|9;6:8;7:0|3|4|5|6;8:3|4|5|8;9:0|7|8,0:-;1:-;2:-;3:-;4:-;5:-;6:-;7:-;8:-;9:-,4@2=1;5@1=1;5@4=1;6@1=1;7@4=2;7@0=1;7@8=1;7@9=1;8@1=2,"2,1,4,0,8,9",11,9,0,9,0.0,0.0,0.0,0.0,0.0,0.0,0.0,0.0,"Feasible(status=11,gap=13.876511)"
417,416,0,0,0,-,0:4|8;1:5|7;2:5|7|8;3:5|6|8;4:7|9;5:0|1|8|9;6:8;7:0|3|4|5|6;8:3|4|5|8;9:0|7|8,0:-;1:-;2:-;3:-;4:-;5:-;6:-;7:-;8:-;9:-,1@1=1;4@1=1;4@2=1;4@4=2;4@8=1;4@9=1;5@0=1;5@7=1;7@2=1;8@4=2;8@9=1;8@0=1;8@7=1;8@6=1,"1,2,4,8,9,0,7,6",16,14,0,14,0.0,0.0,0.0,0.0,0.0,0.0,0.0,0.0,"Feasible(status=11,gap=13.876511)"
418,417,0,0,0,-,0:4|8;1:5|7;2:5|7|8;3:5|6|8;4:7|9;5:0|1|8|9;6:8;7:0|3|4|5|6;8:3|4|5|8;9:0|7|8,0:-;1:-;2:-;3:-;4:-;5:-;6:-;7:-;8:-;9:-,7@0=1,0,1,1,0,1,0.0,0.0,0.0,0.0,0.0,0.0,0.0,0.0,"Feasible(status=11,gap=13.876511)"
419,418,0,0,0,-,0:4|8;1:5|7;2:5|7|8;3:5|6|8;4:7|9;5:0|1|8|9;6:8;7:0|3|4|5|6;8:3|4|5|8;9:0|7|8,0:-;1:-;2:-;3:-;4:-;5:-;6:-;7:-;8:-;9:-,0@8=2;1@8=1;1@4=1;1@5=1;1@9=1;2@9=2;2@2=1;4@2=3;5@4=1;5@2=1;5@0=1;5@3=1;6@2=1;6@3=1;6@1=1;7@8=1;7@9=1;7@0=1;7@1=2;7@6=1;7@7=1;8@9=1;8@0=1;8@3=1;8@1=2;8@7=2,"8,4,5,9,2,0,3,1,6,7",33,26,0,26,0.0,0.0,0.0,0.0,0.0,0.0,0.0,0.0,"Feasible(status=11,gap=13.876511)"
420,419,0,0,0,-,0:4|8;1:5|7;2:5|7|8;3:5|6|8;4:7|9;5:0|1|8|9;6:8;7:0|3|4|5|6;8:3|4|5|8;9:0|7|8,0:-;1:-;2:-;3:-;4:-;5:-;6:-;7:-;8:-;9:-,4@4=1;4@5=2;7@4=1;7@0=1;7@2=1;7@3=1;8@4=2;8@2=1;8@9=1,"4,5,0,2,3,9",11,9,0,9,0.0,0.0,0.0,0.0,0.0,0.0,0.0,0.0,"Feasible(status=11,gap=13.876511)"
421,420,0,0,0,-,0:4|8;1:5|7;2:5|7|8;3:5|6|8;4:7|9;5:0|1|8|9;6:8;7:0|3|4|5|6;8:3|4|5|8;9:0|7|8,0:-;1:-;2:-;3:-;4:-;5:-;6:-;7:-;8:-;9:-,1@1=1;1@4=2;2@1=2;2@0=2;2@2=1;2@6=1;4@1=1;4@2=1;4@6=1;4@8=1;4@9=1;5@2=1;5@6=1;7@1=1;7@8=1;7@5=1;8@2=2;8@3=1,"1,4,0,2,6,8,9,5,3",22,18,0,18,0.0,0.0,0.0,0.0,0.0,0.0,0.0,0.0,"Feasible(status=11,gap=13.876511)"
422,421,0,0,0,-,0:4|8;1:5|7;2:5|7|8;3:5|6|8;4:7|9;5:0|1|8|9;6:8;7:0|3|4|5|6;8:3|4|5|8;9:0|7|8,0:-;1:-;2:-;3:-;4:-;5:-;6:-;7:-;8:-;9:-,2@0=1;2@1=1;2@7=1;4@4=1;5@1=2;5@8=2;7@5=1;7@9=1;8@4=1;8@6=1,"0,1,7,4,8,5,9,6",12,10,0,10,0.0,0.0,0.0,0.0,0.0,0.0,0.0,0.0,"Feasible(status=11,gap=13.876511)"
423,422,0,0,0,-,0:4|8;1:5|7;2:5|7|8;3:5|6|8;4:7|9;5:0|1|8|9;6:8;7:0|3|4|5|6;8:3|4|5|8;9:0|7|8,0:-;1:-;2:-;3:-;4:-;5:-;6:-;7:-;8:-;9:-,2@1=1;2@2=1;2@9=1;4@1=1;4@3=1;5@2=1;5@3=2;5@8=1;7@2=2;7@4=1;7@5=1;7@6=1;7@7=1;8@9=1;8@4=1,"1,2,9,3,8,4,5,6,7",17,15,0,15,0.0,0.0,0.0,0.0,0.0,0.0,0.0,0.0,"Feasible(status=11,gap=13.876511)"
424,423,0,0,0,-,0:4|8;1:5|7;2:5|7|8;3:5|6|8;4:7|9;5:0|1|8|9;6:8;7:0|3|4|5|6;8:3|4|5|8;9:0|7|8,0:-;1:-;2:-;3:-;4:-;5:-;6:-;7:-;8:-;9:-,3@3=1;4@3=1;4@4=2;4@9=1;7@3=1;7@4=1;7@1=2;7@6=1;7@7=1;8@4=2,"3,4,9,1,6,7",13,10,0,10,0.0,0.0,0.0,0.0,0.0,0.0,0.0,0.0,"Feasible(status=11,gap=13.876511)"
425,424,0,0,0,-,0:4|8;1:5|7;2:5|7|8;3:5|6|8;4:7|9;5:0|1|8|9;6:8;7:0|3|4|5|6;8:3|4|5|8;9:0|7|8,0:-;1:-;2:-;3:-;4:-;5:-;6:-;7:-;8:-;9:-,4@0=1;4@2=2;4@5=1;4@6=1;4@9=1;5@0=1;5@5=1;7@9=1;7@3=1;8@0=1;8@2=2;8@5=1;8@6=1;8@9=1;8@1=1;8@4=2;8@7=1,"0,2,5,6,9,3,1,4,7",20,17,0,17,0.0,0.0,0.0,0.0,0.0,0.0,0.0,0.0,"Feasible(status=11,gap=13.876511)"
426,425,0,0,0,-,0:4|8;1:5|7;2:5|7|8;3:5|6|8;4:7|9;5:0|1|8|9;6:8;7:0|3|4|5|6;8:3|4|5|8;9:0|7|8,0:-;1:-;2:-;3:-;4:-;5:-;6:-;7:-;8:-;9:-,4@6=1;5@1=2;7@5=1;8@5=1;8@0=1;8@3=1,"6,1,5,0,3",7,6,0,6,0.0,0.0,0.0,0.0,0.0,0.0,0.0,0.0,"Feasible(status=11,gap=13.876511)"
427,426,0,0,0,-,0:4|8;1:5|7;2:5|7|8;3:5|6|8;4:7|9;5:0|1|8|9;6:8;7:0|3|4|5|6;8:3|4|5|8;9:0|7|8,0:-;1:-;2:-;3:-;4:-;5:-;6:-;7:-;8:-;9:-,3@2=1;4@0=1;4@1=1;7@8=1;8@8=1;8@6=1,"2,0,1,8,6",6,6,0,6,0.0,0.0,0.0,0.0,0.0,0.0,0.0,0.0,"Feasible(status=11,gap=13.876511)"
428,427,0,0,0,-,0:4|8;1:5|7;2:5|7|8;3:5|6|8;4:7|9;5:0|1|8|9;6:8;7:0|3|4|5|6;8:3|4|5|8;9:0|7|8,0:-;1:-;2:-;3:-;4:-;5:-;6:-;7:-;8:-;9:-,5@4=1;7@1=1;8@4=1;8@5=1,"4,1,5",4,4,0,4,0.0,0.0,0.0,0.0,0.0,0.0,0.0,0.0,"Feasible(status=11,gap=13.876511)"
429,428,0,0,0,-,0:4|8;1:5|7;2:5|7|8;3:5|6|8;4:7|9;5:0|1|8|9;6:8;7:0|3|4|5|6;8:3|4|5|8;9:0|7|8,0:-;1:-;2:-;3:-;4:-;5:-;6:-;7:-;8:-;9:-,1@2=1;7@4=1;8@2=1;8@4=1,"2,4",4,4,0,4,0.0,0.0,0.0,0.0,0.0,0.0,0.0,0.0,"Feasible(status=11,gap=13.876511)"
430,429,0,0,0,-,0:4|8;1:5|7;2:5|7|8;3:5|6|8;4:7|9;5:0|1|8|9;6:8;7:0|3|4|5|6;8:3|4|5|8;9:0|7|8,0:-;1:-;2:-;3:-;4:-;5:-;6:-;7:-;8:-;9:-,4@5=1;5@5=1;5@1=1;5@2=1;7@2=1;8@1=1;8@4=1;8@8=1;8@9=1,"5,1,2,4,8,9",9,9,0,9,0.0,0.0,0.0,0.0,0.0,0.0,0.0,0.0,"Feasible(status=11,gap=13.876511)"
431,430,0,0,0,-,0:4|8;1:5|7;2:5|7|8;3:5|6|8;4:7|9;5:0|1|8|9;6:8;7:0|3|4|5|6;8:3|4|5|8;9:0|7|8,0:-;1:-;2:-;3:-;4:-;5:-;6:-;7:-;8:-;9:-,1@4=1;7@0=1;7@5=1;7@9=1;8@4=1;8@1=1;8@6=1;8@8=1,"4,0,5,9,1,6,8",8,8,0,8,0.0,0.0,0.0,0.0,0.0,0.0,0.0,0.0,"Feasible(status=11,gap=13.876511)"
432,431,0,0,0,-,0:4|8;1:5|7;2:5|7|8;3:5|6|8;4:7|9;5:0|1|8|9;6:8;7:0|3|4|5|6;8:3|4|5|8;9:0|7|8,0:-;1:-;2:-;3:-;4:-;5:-;6:-;7:-;8:-;9:-,5@4=1;7@4=1;7@0=1;8@0=1,"4,0",4,4,0,4,0.0,0.0,0.0,0.0,0.0,0.0,0.0,0.0,"Feasible(status=11,gap=13.876511)"
433,432,0,0,0,-,0:4|8;1:5|7;2:5|7|8;3:5|6|8;4:7|9;5:0|1|8|9;6:8;7:0|3|4|5|6;8:3|4|5|8;9:0|7|8,0:-;1:-;2:-;3:-;4:-;5:-;6:-;7:-;8:-;9:-,7@2=1;8@2=2,2,3,2,0,2,0.0,0.0,0.0,0.0,0.0,0.0,0.0,0.0,"Feasible(status=11,gap=13.876511)"
434,433,0,0,0,-,0:4|8;1:5|7;2:5|7|8;3:5|6|8;4:7|9;5:0|1|8|9;6:8;7:0|3|4|5|6;8:3|4|5|8;9:0|7|8,0:-;1:-;2:-;3:-;4:-;5:-;6:-;7:-;8:-;9:-,2@9=1;4@2=1;4@8=1;5@9=1;8@3=1,"9,2,8,3",5,5,0,5,0.0,0.0,0.0,0.0,0.0,0.0,0.0,0.0,"Feasible(status=11,gap=13.876511)"
435,434,0,0,0,-,0:4|8;1:5|7;2:5|7|8;3:5|6|8;4:7|9;5:0|1|8|9;6:8;7:0|3|4|5|6;8:3|4|5|8;9:0|7|8,0:-;1:-;2:-;3:-;4:-;5:-;6:-;7:-;8:-;9:-,1@3=1;5@3=1;7@0=1;7@1=1;8@3=1;8@1=1;8@2=1,"3,0,1,2",7,7,0,7,0.0,0.0,0.0,0.0,0.0,0.0,0.0,0.0,"Feasible(status=11,gap=13.876511)"
436,435,0,0,0,-,0:4|8;1:5|7;2:5|7|8;3:5|6|8;4:7|9;5:0|1|8|9;6:8;7:0|3|4|5|6;8:3|4|5|8;9:0|7|8,0:-;1:-;2:-;3:-;4:-;5:-;6:-;7:-;8:-;9:-,3@2=1;4@2=1;5@1=1;5@8=1;7@0=1;8@6=1,"2,1,8,0,6",6,6,0,6,0.0,0.0,0.0,0.0,0.0,0.0,0.0,0.0,"Feasible(status=11,gap=13.876511)"
437,436,0,0,0,-,0:4|8;1:5|7;2:5|7|8;3:5|6|8;4:7|9;5:0|1|8|9;6:8;7:0|3|4|5|6;8:3|4|5|8;9:0|7|8,0:-;1:-;2:-;3:-;4:-;5:-;6:-;7:-;8:-;9:-,4@7=1;4@9=1;8@2=1;8@4=1,"7,9,2,4",4,4,0,4,0.0,0.0,0.0,0.0,0.0,0.0,0.0,0.0,"Feasible(status=11,gap=13.876511)"
438,437,0,0,0,-,0:4|8;1:5|7;2:5|7|8;3:5|6|8;4:7|9;5:0|1|8|9;6:8;7:0|3|4|5|6;8:3|4|5|8;9:0|7|8,0:-;1:-;2:-;3:-;4:-;5:-;6:-;7:-;8:-;9:-,1@2=1;4@0=1;5@1=1;5@9=1;7@2=1;7@6=1;8@2=2;8@1=1;8@9=1;8@4=1,"2,0,1,9,6,4",11,10,0,10,0.0,0.0,0.0,0.0,0.0,0.0,0.0,0.0,"Feasible(status=11,gap=13.876511)"
439,438,0,0,0,-,0:4|8;1:5|7;2:5|7|8;3:5|6|8;4:7|9;5:0|1|8|9;6:8;7:0|3|4|5|6;8:3|4|5|8;9:0|7|8,0:-;1:-;2:-;3:-;4:-;5:-;6:-;7:-;8:-;9:-,4@4=1;4@9=1;7@4=1;8@0=1;8@8=1,"4,9,0,8",5,5,0,5,0.0,0.0,0.0,0.0,0.0,0.0,0.0,0.0,"Feasible(status=11,gap=13.876511)"
440,439,0,0,0,-,0:4|8;1:5|7;2:5|7|8;3:5|6|8;4:7|9;5:0|1|8|9;6:8;7:0|3|4|5|6;8:3|4|5|8;9:0|7|8,0:-;1:-;2:-;3:-;4:-;5:-;6:-;7:-;8:-;9:-,0@1=1;4@4=1;8@1=1;8@4=1;8@3=1;8@8=2,"1,4,3,8",7,6,0,6,0.0,0.0,0.0,0.0,0.0,0.0,0.0,0.0,"Feasible(status=11,gap=13.876511)"
441,440,0,0,0,-,0:4|8;1:5|7;2:5|7|8;3:5|6|8;4:7|9;5:0|1|8|9;6:8;7:0|3|4|5|6;8:3|4|5|8;9:0|7|8,0:-;1:-;2:-;3:-;4:-;5:-;6:-;7:-;8:-;9:-,1@0=1;4@4=1;4@6=2;5@0=1;5@2=1;5@3=1;6@5=1;7@4=1;7@2=1;7@1=1;8@7=1,"0,4,6,2,3,5,1,7",12,11,0,11,0.0,0.0,0.0,0.0,0.0,0.0,0.0,0.0,"Feasible(status=11,gap=13.876511)"
442,441,0,0,0,-,0:4|8;1:5|7;2:5|7|8;3:5|6|8;4:7|9;5:0|1|8|9;6:8;7:0|3|4|5|6;8:3|4|5|8;9:0|7|8,0:-;1:-;2:-;3:-;4:-;5:-;6:-;7:-;8:-;9:-,1@4=1;4@9=1;6@8=1;7@8=1;7@1=1;7@2=1;7@5=1;8@6=1,"4,9,8,1,2,5,6",8,8,0,8,0.0,0.0,0.0,0.0,0.0,0.0,0.0,0.0,"Feasible(status=11,gap=13.876511)"
443,442,0,0,0,-,0:4|8;1:5|7;2:5|7|8;3:5|6|8;4:7|9;5:0|1|8|9;6:8;7:0|3|4|5|6;8:3|4|5|8;9:0|7|8,0:-;1:-;2:-;3:-;4:-;5:-;6:-;7:-;8:-;9:-,4@2=1;5@6=1;6@1=1;7@2=1;7@1=1;7@7=1;7@8=1;7@9=1;8@0=1;8@4=1,"2,6,1,7,8,9,0,4",10,10,0,10,0.0,0.0,0.0,0.0,0.0,0.0,0.0,0.0,"Feasible(status=11,gap=13.876511)"
444,443,0,0,0,-,0:4|8;1:5|7;2:5|7|8;3:5|6|8;4:7|9;5:0|1|8|9;6:8;7:0|3|4|5|6;8:3|4|5|8;9:0|7|8,0:-;1:-;2:-;3:-;4:-;5:-;6:-;7:-;8:-;9:-,0@4=1;4@1=1;4@6=1;5@4=1;5@7=1;7@3=3;8@2=1;8@5=1;8@8=2,"4,1,6,7,3,2,5,8",12,9,0,9,0.0,0.0,0.0,0.0,0.0,0.0,0.0,0.0,"Feasible(status=11,gap=13.876511)"
445,444,0,0,0,-,0:4|8;1:5|7;2:5|7|8;3:5|6|8;4:7|9;5:0|1|8|9;6:8;7:0|3|4|5|6;8:3|4|5|8;9:0|7|8,0:-;1:-;2:-;3:-;4:-;5:-;6:-;7:-;8:-;9:-,4@0=1;4@4=1;4@8=1;5@6=1;7@0=1;7@1=1;7@2=2;8@0=1;8@4=1;8@1=2;8@2=2,"0,4,8,6,1,2",14,11,0,11,0.0,0.0,0.0,0.0,0.0,0.0,0.0,0.0,"Feasible(status=11,gap=13.876511)"
446,445,0,0,0,-,0:4|8;1:5|7;2:5|7|8;3:5|6|8;4:7|9;5:0|1|8|9;6:8;7:0|3|4|5|6;8:3|4|5|8;9:0|7|8,0:-;1:-;2:-;3:-;4:-;5:-;6:-;7:-;8:-;9:-,0@2=1;2@4=1;4@5=1;5@2=1;8@4=2;8@3=1;8@7=1;8@8=1,"2,4,5,3,7,8",9,8,0,8,0.0,0.0,0.0,0.0,0.0,0.0,0.0,0.0,"Feasible(status=11,gap=13.876511)"
447,446,0,0,0,-,0:4|8;1:5|7;2:5|7|8;3:5|6|8;4:7|9;5:0|1|8|9;6:8;7:0|3|4|5|6;8:3|4|5|8;9:0|7|8,0:-;1:-;2:-;3:-;4:-;5:-;6:-;7:-;8:-;9:-,1@2=2;1@8=1;2@1=2;2@4=1;4@8=1;5@8=1;5@4=1;6@1=1;7@8=1;7@1=1;7@6=1;8@8=1;8@1=1;8@4=1;8@3=1,"2,8,1,4,6,3",17,15,0,15,0.0,0.0,0.0,0.0,0.0,0.0,0.0,0.0,"Feasible(status=11,gap=13.876511)"
448,447,0,0,0,-,0:4|8;1:5|7;2:5|7|8;3:5|6|8;4:7|9;5:0|1|8|9;6:8;7:0|3|4|5|6;8:3|4|5|8;9:0|7|8,0:-;1:-;2:-;3:-;4:-;5:-;6:-;7:-;8:-;9:-,1@2=1;1@6=1;1@8=1;2@2=1;2@1=1;4@6=1;4@3=1;5@2=1;5@4=1;5@9=1;7@2=1;7@1=1;7@0=1;7@5=1;8@4=1,"2,6,8,1,3,4,9,0,5",15,15,0,15,0.0,0.0,0.0,0.0,0.0,0.0,0.0,0.0,"Feasible(status=11,gap=13.876511)"
449,448,0,0,0,-,0:4|8;1:5|7;2:5|7|8;3:5|6|8;4:7|9;5:0|1|8|9;6:8;7:0|3|4|5|6;8:3|4|5|8;9:0|7|8,0:-;1:-;2:-;3:-;4:-;5:-;6:-;7:-;8:-;9:-,0@9=1;2@1=1;2@6=1;5@4=1;6@7=1;8@9=1;8@1=1;8@2=1;8@5=1,"9,1,6,4,7,2,5",9,9,0,9,0.0,0.0,0.0,0.0,0.0,0.0,0.0,0.0,"Feasible(status=11,gap=13.876511)"
450,449,0,0,0,-,0:4|8;1:5|7;2:5|7|8;3:5|6|8;4:7|9;5:0|1|8|9;6:8;7:0|3|4|5|6;8:3|4|5|8;9:0|7|8,0:-;1:-;2:-;3:-;4:-;5:-;6:-;7:-;8:-;9:-,4@0=1;4@3=1;4@8=1;5@3=2;5@8=1;7@2=1;7@4=2;7@7=1;8@2=1,"0,3,8,2,4,7",11,9,0,9,0.0,0.0,0.0,0.0,0.0,0.0,0.0,0.0,"Feasible(status=11,gap=13.876511)"
451,450,0,0,0,-,0:4|8;1:5|7;2:5|7|8;3:5|6|8;4:7|9;5:0|1|8|9;6:8;7:0|3|4|5|6;8:3|4|5|8;9:0|7|8,0:-;1:-;2:-;3:-;4:-;5:-;6:-;7:-;8:-;9:-,1@3=1;2@4=1;4@3=1;4@4=1;4@0=1;4@6=1;5@3=1;5@4=1;5@2=1;5@7=1;7@6=1;7@1=1;7@8=1;8@4=1;8@0=1;8@2=1;8@1=1;8@5=1,"3,4,0,6,2,7,1,8,5",18,18,0,18,0.0,0.0,0.0,0.0,0.0,0.0,0.0,0.0,"Feasible(status=11,gap=13.876511)"
452,451,0,0,0,-,0:4|8;1:5|7;2:5|7|8;3:5|6|8;4:7|9;5:0|1|8|9;6:8;7:0|3|4|5|6;8:3|4|5|8;9:0|7|8,0:-;1:-;2:-;3:-;4:-;5:-;6:-;7:-;8:-;9:-,2@2=1;4@2=1;4@4=1;4@8=1;5@2=1;5@4=1;7@5=1;8@4=1;8@5=3;8@1=2;8@9=1,"2,4,8,5,1,9",14,11,0,11,0.0,0.0,0.0,0.0,0.0,0.0,0.0,0.0,"Feasible(status=11,gap=13.876511)"
453,452,0,0,0,-,0:4|8;1:5|7;2:5|7|8;3:5|6|8;4:7|9;5:0|1|8|9;6:8;7:0|3|4|5|6;8:3|4|5|8;9:0|7|8,0:-;1:-;2:-;3:-;4:-;5:-;6:-;7:-;8:-;9:-,4@5=2;5@5=1;5@2=1;5@7=1;8@7=1;8@4=2;8@9=1,"5,2,7,4,9",9,7,0,7,0.0,0.0,0.0,0.0,0.0,0.0,0.0,0.0,"Feasible(status=11,gap=13.876511)"
454,453,0,0,0,-,0:4|8;1:5|7;2:5|7|8;3:5|6|8;4:7|9;5:0|1|8|9;6:8;7:0|3|4|5|6;8:3|4|5|8;9:0|7|8,0:-;1:-;2:-;3:-;4:-;5:-;6:-;7:-;8:-;9:-,0@4=2;4@1=1;5@4=1;7@2=1;7@3=1;8@4=2;8@1=1;8@3=2;8@0=1;8@9=1,"4,1,2,3,0,9",13,10,0,10,0.0,0.0,0.0,0.0,0.0,0.0,0.0,0.0,"Feasible(status=11,gap=13.876511)"
455,454,0,0,0,-,0:4|8;1:5|7;2:5|7|8;3:5|6|8;4:7|9;5:0|1|8|9;6:8;7:0|3|4|5|6;8:3|4|5|8;9:0|7|8,0:-;1:-;2:-;3:-;4:-;5:-;6:-;7:-;8:-;9:-,0@1=2;0@3=1;0@6=1;0@7=1;5@0=1;5@4=1;6@2=1;7@0=1;7@5=1;8@1=2;8@6=1;8@8=1,"1,3,6,7,0,4,2,5,8",14,12,0,12,0.0,0.0,0.0,0.0,0.0,0.0,0.0,0.0,"Feasible(status=11,gap=13.876511)"
456,455,0,0,0,-,0:4|8;1:5|7;2:5|7|8;3:5|6|8;4:7|9;5:0|1|8|9;6:8;7:0|3|4|5|6;8:3|4|5|8;9:0|7|8,0:-;1:-;2:-;3:-;4:-;5:-;6:-;7:-;8:-;9:-,7@2=1,2,1,1,0,1,0.0,0.0,0.0,0.0,0.0,0.0,0.0,0.0,"Feasible(status=11,gap=13.876511)"
457,456,0,0,0,-,0:4|8;1:5|7;2:5|7|8;3:5|6|8;4:7|9;5:0|1|8|9;6:8;7:0|3|4|5|6;8:3|4|5|8;9:0|7|8,0:-;1:-;2:-;3:-;4:-;5:-;6:-;7:-;8:-;9:-,5@0=1;7@0=1;8@4=1;8@5=1;8@9=1,"0,4,5,9",5,5,0,5,0.0,0.0,0.0,0.0,0.0,0.0,0.0,0.0,"Feasible(status=11,gap=13.876511)"
458,457,0,0,0,-,0:4|8;1:5|7;2:5|7|8;3:5|6|8;4:7|9;5:0|1|8|9;6:8;7:0|3|4|5|6;8:3|4|5|8;9:0|7|8,0:-;1:-;2:-;3:-;4:-;5:-;6:-;7:-;8:-;9:-,2@1=1;2@5=1;2@7=2;2@8=1;4@1=1;5@3=1;5@4=1;7@1=1;7@5=1;7@3=1;7@0=1;7@2=2;8@1=1;8@8=1;8@3=1;8@0=3;8@2=1;8@9=1,"1,5,7,8,3,4,0,2,9",22,18,0,18,0.0,0.0,0.0,0.0,0.0,0.0,0.0,0.0,"Feasible(status=11,gap=13.876511)"
459,458,0,0,0,-,0:4|8;1:5|7;2:5|7|8;3:5|6|8;4:7|9;5:0|1|8|9;6:8;7:0|3|4|5|6;8:3|4|5|8;9:0|7|8,0:-;1:-;2:-;3:-;4:-;5:-;6:-;7:-;8:-;9:-,7@4=1;8@0=2;8@1=1;8@8=1,"4,0,1,8",5,4,0,4,0.0,0.0,0.0,0.0,0.0,0.0,0.0,0.0,"Feasible(status=11,gap=13.876511)"
460,459,0,0,0,-,0:4|8;1:5|7;2:5|7|8;3:5|6|8;4:7|9;5:0|1|8|9;6:8;7:0|3|4|5|6;8:3|4|5|8;9:0|7|8,0:-;1:-;2:-;3:-;4:-;5:-;6:-;7:-;8:-;9:-,1@3=1;2@0=1;2@7=1;2@8=1;7@2=1;7@6=1;7@9=1;8@3=1;8@2=1;8@4=3,"3,0,7,8,2,6,9,4",12,10,0,10,0.0,0.0,0.0,0.0,0.0,0.0,0.0,0.0,"Feasible(status=11,gap=13.876511)"
461,460,0,0,0,-,0:4|8;1:5|7;2:5|7|8;3:5|6|8;4:7|9;5:0|1|8|9;6:8;7:0|3|4|5|6;8:3|4|5|8;9:0|7|8,0:-;1:-;2:-;3:-;4:-;5:-;6:-;7:-;8:-;9:-,1@1=1;2@2=1;2@4=2;2@7=1;7@1=1;7@2=1;7@7=1;7@9=1;8@1=1;8@2=3;8@4=1;8@0=2,"1,2,4,7,9,0",16,12,0,12,0.0,0.0,0.0,0.0,0.0,0.0,0.0,0.0,"Feasible(status=11,gap=13.876511)"
462,461,0,0,0,-,0:4|8;1:5|7;2:5|7|8;3:5|6|8;4:7|9;5:0|1|8|9;6:8;7:0|3|4|5|6;8:3|4|5|8;9:0|7|8,0:-;1:-;2:-;3:-;4:-;5:-;6:-;7:-;8:-;9:-,0@2=1;0@3=1;0@5=1;5@1=1;7@3=1;8@2=1;8@1=1;8@6=1;8@7=1,"2,3,5,1,6,7",9,9,0,9,0.0,0.0,0.0,0.0,0.0,0.0,0.0,0.0,"Feasible(status=11,gap=13.876511)"
463,462,0,0,0,-,0:4|8;1:5|7;2:5|7|8;3:5|6|8;4:7|9;5:0|1|8|9;6:8;7:0|3|4|5|6;8:3|4|5|8;9:0|7|8,0:-;1:-;2:-;3:-;4:-;5:-;6:-;7:-;8:-;9:-,0@3=1;0@4=1;0@8=1;4@2=1;5@2=1;7@2=1;7@9=1;8@4=1;8@9=1,"3,4,8,2,9",9,9,0,9,0.0,0.0,0.0,0.0,0.0,0.0,0.0,0.0,"Feasible(status=11,gap=13.876511)"
464,463,0,0,0,-,0:4|8;1:5|7;2:5|7|8;3:5|6|8;4:7|9;5:0|1|8|9;6:8;7:0|3|4|5|6;8:3|4|5|8;9:0|7|8,0:-;1:-;2:-;3:-;4:-;5:-;6:-;7:-;8:-;9:-,4@3=1;4@7=1;5@5=1;8@8=1,"3,7,5,8",4,4,0,4,0.0,0.0,0.0,0.0,0.0,0.0,0.0,0.0,"Feasible(status=11,gap=13.876511)"
465,464,0,0,0,-,0:4|8;1:5|7;2:5|7|8;3:5|6|8;4:7|9;5:0|1|8|9;6:8;7:0|3|4|5|6;8:3|4|5|8;9:0|7|8,0:-;1:-;2:-;3:-;4:-;5:-;6:-;7:-;8:-;9:-,0@2=1;0@7=1;0@8=1;0@9=1;1@0=1;4@9=1;5@3=1;7@2=1;8@0=2;8@3=1;8@1=1,"2,7,8,9,0,3,1",12,11,0,11,0.0,0.0,0.0,0.0,0.0,0.0,0.0,0.0,"Feasible(status=11,gap=13.876511)"
466,465,0,0,0,-,0:4|8;1:5|7;2:5|7|8;3:5|6|8;4:7|9;5:0|1|8|9;6:8;7:0|3|4|5|6;8:3|4|5|8;9:0|7|8,0:-;1:-;2:-;3:-;4:-;5:-;6:-;7:-;8:-;9:-,0@1=1;0@3=1;0@4=1;5@2=1;7@4=1;7@2=1;7@0=1;8@3=1;8@6=1,"1,3,4,2,0,6",9,9,0,9,0.0,0.0,0.0,0.0,0.0,0.0,0.0,0.0,"Feasible(status=11,gap=13.876511)"
467,466,0,0,0,-,0:4|8;1:5|7;2:5|7|8;3:5|6|8;4:7|9;5:0|1|8|9;6:8;7:0|3|4|5|6;8:3|4|5|8;9:0|7|8,0:-;1:-;2:-;3:-;4:-;5:-;6:-;7:-;8:-;9:-,0@2=2;5@1=1;5@3=1;7@2=2;7@4=1;8@2=1;8@8=1,"2,1,3,4,8",9,7,0,7,0.0,0.0,0.0,0.0,0.0,0.0,0.0,0.0,"Feasible(status=11,gap=13.876511)"
468,467,0,0,0,-,0:4|8;1:5|7;2:5|7|8;3:5|6|8;4:7|9;5:0|1|8|9;6:8;7:0|3|4|5|6;8:3|4|5|8;9:0|7|8,0:-;1:-;2:-;3:-;4:-;5:-;6:-;7:-;8:-;9:-,0@4=1;1@1=1;2@0=1;2@6=1;4@1=2;4@0=1;4@9=1;5@1=1;6@6=1;8@2=1;8@7=1;8@8=1,"4,1,0,6,9,2,7,8",13,12,0,12,0.0,0.0,0.0,0.0,0.0,0.0,0.0,0.0,"Feasible(status=11,gap=13.876511)"
469,468,0,0,0,-,0:4|8;1:5|7;2:5|7|8;3:5|6|8;4:7|9;5:0|1|8|9;6:8;7:0|3|4|5|6;8:3|4|5|8;9:0|7|8,0:-;1:-;2:-;3:-;4:-;5:-;6:-;7:-;8:-;9:-,2@1=1;2@2=1;2@6=1;4@6=1;4@3=2;7@1=1;7@4=1;8@2=1;8@7=1,"1,2,6,3,4,7",10,9,0,9,0.0,0.0,0.0,0.0,0.0,0.0,0.0,0.0,"Feasible(status=11,gap=13.876511)"
470,469,0,0,0,-,0:4|8;1:5|7;2:5|7|8;3:5|6|8;4:7|9;5:0|1|8|9;6:8;7:0|3|4|5|6;8:3|4|5|8;9:0|7|8,0:-;1:-;2:-;3:-;4:-;5:-;6:-;7:-;8:-;9:-,2@3=1;5@6=1;6@5=1;7@1=1;8@7=1,"3,6,5,1,7",5,5,0,5,0.0,0.0,0.0,0.0,0.0,0.0,0.0,0.0,"Feasible(status=11,gap=13.876511)"
471,470,0,0,0,-,0:4|8;1:5|7;2:5|7|8;3:5|6|8;4:7|9;5:0|1|8|9;6:8;7:0|3|4|5|6;8:3|4|5|8;9:0|7|8,0:-;1:-;2:-;3:-;4:-;5:-;6:-;7:-;8:-;9:-,0@1=1;4@3=1;5@1=1;5@3=1;8@8=1,"1,3,8",5,5,0,5,0.0,0.0,0.0,0.0,0.0,0.0,0.0,0.0,"Feasible(status=11,gap=13.876511)"
472,471,0,0,0,-,0:4|8;1:5|7;2:5|7|8;3:5|6|8;4:7|9;5:0|1|8|9;6:8;7:0|3|4|5|6;8:3|4|5|8;9:0|7|8,0:-;1:-;2:-;3:-;4:-;5:-;6:-;7:-;8:-;9:-,0@1=1;0@2=1;0@8=1;0@9=1;4@2=1;4@9=1;4@5=1;4@7=1;5@2=1;7@0=1;8@7=1;8@3=1,"1,2,8,9,5,7,0,3",12,12,0,12,0.0,0.0,0.0,0.0,0.0,0.0,0.0,0.0,"Feasible(status=11,gap=13.876511)"
473,472,0,0,0,-,0:4|8;1:5|7;2:5|7|8;3:5|6|8;4:7|9;5:0|1|8|9;6:8;7:0|3|4|5|6;8:3|4|5|8;9:0|7|8,0:-;1:-;2:-;3:-;4:-;5:-;6:-;7:-;8:-;9:-,0@0=2;0@2=1;0@3=1;4@4=2;4@8=1;5@3=1;7@1=1;8@2=1;8@4=1;8@5=1;8@6=1,"0,2,3,4,8,1,5,6",13,11,0,11,0.0,0.0,0.0,0.0,0.0,0.0,0.0,0.0,"Feasible(status=11,gap=13.876511)"
474,473,0,0,0,-,0:4|8;1:5|7;2:5|7|8;3:5|6|8;4:7|9;5:0|1|8|9;6:8;7:0|3|4|5|6;8:3|4|5|8;9:0|7|8,0:-;1:-;2:-;3:-;4:-;5:-;6:-;7:-;8:-;9:-,0@3=1;0@5=1;0@6=1;0@7=1;0@9=1;1@5=1;2@3=1;2@5=1;2@6=1;2@8=1;4@7=1;4@4=1;5@7=1;5@4=1;7@3=1;7@6=1;8@5=1;8@6=1;8@9=1;8@8=1;8@4=2;8@1=2;8@2=2,"3,5,6,7,9,8,4,1,2",26,23,0,23,0.0,0.0,0.0,0.0,0.0,0.0,0.0,0.0,"Feasible(status=11,gap=13.876511)"
475,474,0,0,0,-,0:4|8;1:5|7;2:5|7|8;3:5|6|8;4:7|9;5:0|1|8|9;6:8;7:0|3|4|5|6;8:3|4|5|8;9:0|7|8,0:-;1:-;2:-;3:-;4:-;5:-;6:-;7:-;8:-;9:-,0@1=1;0@2=3;0@3=2;0@4=1;1@1=1;1@4=1;1@0=1;4@2=2;4@6=1;5@5=1;7@8=1;8@1=1;8@2=1;8@4=1;8@9=1,"1,2,3,4,0,6,5,8,9",19,15,0,15,0.0,0.0,0.0,0.0,0.0,0.0,0.0,0.0,"Feasible(status=11,gap=13.876511)"
476,475,0,0,0,-,0:4|8;1:5|7;2:5|7|8;3:5|6|8;4:7|9;5:0|1|8|9;6:8;7:0|3|4|5|6;8:3|4|5|8;9:0|7|8,0:-;1:-;2:-;3:-;4:-;5:-;6:-;7:-;8:-;9:-,0@1=1;0@2=1;0@6=2;0@7=1;2@2=1;4@6=1;7@6=1;8@1=1;8@8=1,"1,2,6,7,8",10,9,0,9,0.0,0.0,0.0,0.0,0.0,0.0,0.0,0.0,"Feasible(status=11,gap=13.876511)"
477,476,0,0,0,-,0:4|8;1:5|7;2:5|7|8;3:5|6|8;4:7|9;5:0|1|8|9;6:8;7:0|3|4|5|6;8:3|4|5|8;9:0|7|8,0:-;1:-;2:-;3:-;4:-;5:-;6:-;7:-;8:-;9:-,1@2=1;2@9=1;4@3=1;5@1=1;7@1=1,"2,9,3,1",5,5,0,5,0.0,0.0,0.0,0.0,0.0,0.0,0.0,0.0,"Feasible(status=11,gap=13.876511)"
478,477,0,0,0,-,0:4|8;1:5|7;2:5|7|8;3:5|6|8;4:7|9;5:0|1|8|9;6:8;7:0|3|4|5|6;8:3|4|5|8;9:0|7|8,0:-;1:-;2:-;3:-;4:-;5:-;6:-;7:-;8:-;9:-,0@7=1;4@0=1;4@2=1;7@7=1;7@5=1;8@1=1,"7,0,2,5,1",6,6,0,6,0.0,0.0,0.0,0.0,0.0,0.0,0.0,0.0,"Feasible(status=11,gap=13.876511)"
479,478,0,0,0,-,0:4|8;1:5|7;2:5|7|8;3:5|6|8;4:7|9;5:0|1|8|9;6:8;7:0|3|4|5|6;8:3|4|5|8;9:0|7|8,0:-;1:-;2:-;3:-;4:-;5:-;6:-;7:-;8:-;9:-,1@2=1;2@2=1;4@4=1;4@5=1;7@4=1;7@0=1;7@3=1;8@2=1;8@5=1;8@0=1;8@3=1;8@1=1;8@7=1,"2,4,5,0,3,1,7",13,13,0,13,0.0,0.0,0.0,0.0,0.0,0.0,0.0,0.0,"Feasible(status=11,gap=13.876511)"
480,479,0,0,0,-,0:4|8;1:5|7;2:5|7|8;3:5|6|8;4:7|9;5:0|1|8|9;6:8;7:0|3|4|5|6;8:3|4|5|8;9:0|7|8,0:-;1:-;2:-;3:-;4:-;5:-;6:-;7:-;8:-;9:-,1@7=1;2@1=1;2@6=1;4@7=1;4@2=2;4@4=1;5@1=1;5@8=1;7@7=1;8@7=2;8@1=1;8@6=1;8@2=1;8@4=2;8@9=1,"7,1,6,2,4,8,9",18,15,0,15,0.0,0.0,0.0,0.0,0.0,0.0,0.0,0.0,"Feasible(status=11,gap=13.876511)"
481,480,0,0,0,-,0:4|8;1:5|7;2:5|7|8;3:5|6|8;4:7|9;5:0|1|8|9;6:8;7:0|3|4|5|6;8:3|4|5|8;9:0|7|8,0:-;1:-;2:-;3:-;4:-;5:-;6:-;7:-;8:-;9:-,0@1=1;0@2=1;0@3=1;1@3=1;1@5=1;2@2=2;2@3=1;2@5=1;4@2=1;4@7=1;5@0=1;8@1=1;8@2=1;8@3=1;8@7=1;8@4=1,"1,2,3,5,7,0,4",17,16,0,16,0.0,0.0,0.0,0.0,0.0,0.0,0.0,0.0,"Feasible(status=11,gap=13.876511)"
482,481,0,0,0,-,0:4|8;1:5|7;2:5|7|8;3:5|6|8;4:7|9;5:0|1|8|9;6:8;7:0|3|4|5|6;8:3|4|5|8;9:0|7|8,0:-;1:-;2:-;3:-;4:-;5:-;6:-;7:-;8:-;9:-,0@0=2;0@2=1;0@4=2;1@0=1;1@6=1;2@0=1;2@5=1;4@2=1;4@4=1;5@2=1;8@2=1,"0,2,4,6,5",13,11,0,11,0.0,0.0,0.0,0.0,0.0,0.0,0.0,0.0,"Feasible(status=11,gap=13.876511)"
483,482,0,0,0,-,0:4|8;1:5|7;2:5|7|8;3:5|6|8;4:7|9;5:0|1|8|9;6:8;7:0|3|4|5|6;8:3|4|5|8;9:0|7|8,0:-;1:-;2:-;3:-;4:-;5:-;6:-;7:-;8:-;9:-,0@0=1;0@4=1;1@5=1;4@1=1;4@9=1;7@4=1;7@5=1;7@7=1;7@8=1,"0,4,5,1,9,7,8",9,9,0,9,0.0,0.0,0.0,0.0,0.0,0.0,0.0,0.0,"Feasible(status=11,gap=13.876511)"
484,483,0,0,0,-,0:4|8;1:5|7;2:5|7|8;3:5|6|8;4:7|9;5:0|1|8|9;6:8;7:0|3|4|5|6;8:3|4|5|8;9:0|7|8,0:-;1:-;2:-;3:-;4:-;5:-;6:-;7:-;8:-;9:-,0@2=1;0@4=1;4@0=1;7@2=1;7@3=1;7@6=1;8@5=2,"2,4,0,3,6,5",8,7,0,7,0.0,0.0,0.0,0.0,0.0,0.0,0.0,0.0,"Feasible(status=11,gap=13.876511)"
485,484,0,0,0,-,0:4|8;1:5|7;2:5|7|8;3:5|6|8;4:7|9;5:0|1|8|9;6:8;7:0|3|4|5|6;8:3|4|5|8;9:0|7|8,0:-;1:-;2:-;3:-;4:-;5:-;6:-;7:-;8:-;9:-,4@4=1;5@1=2;5@2=1;5@7=1;5@9=1;7@2=1;7@6=1;8@9=1;8@8=1,"4,1,2,7,9,6,8",10,9,0,9,0.0,0.0,0.0,0.0,0.0,0.0,0.0,0.0,"Feasible(status=11,gap=13.876511)"
486,485,0,0,0,-,0:4|8;1:5|7;2:5|7|8;3:5|6|8;4:7|9;5:0|1|8|9;6:8;7:0|3|4|5|6;8:3|4|5|8;9:0|7|8,0:-;1:-;2:-;3:-;4:-;5:-;6:-;7:-;8:-;9:-,0@3=1;1@1=2;4@1=1;4@5=1;5@5=1;5@4=1;7@7=1;7@9=1;8@7=1;8@9=1;8@0=1;8@2=1;8@8=1,"3,1,5,4,7,9,0,2,8",14,13,0,13,0.0,0.0,0.0,0.0,0.0,0.0,0.0,0.0,"Feasible(status=11,gap=13.876511)"
487,486,0,0,0,-,0:4|8;1:5|7;2:5|7|8;3:5|6|8;4:7|9;5:0|1|8|9;6:8;7:0|3|4|5|6;8:3|4|5|8;9:0|7|8,0:-;1:-;2:-;3:-;4:-;5:-;6:-;7:-;8:-;9:-,0@4=1;4@0=1;6@7=1;7@1=2;8@4=2;8@7=1;8@1=2;8@2=1;8@3=1;8@8=1,"4,0,7,1,2,3,8",13,10,0,10,0.0,0.0,0.0,0.0,0.0,0.0,0.0,0.0,"Feasible(status=11,gap=13.876511)"
488,487,0,0,0,-,0:4|8;1:5|7;2:5|7|8;3:5|6|8;4:7|9;5:0|1|8|9;6:8;7:0|3|4|5|6;8:3|4|5|8;9:0|7|8,0:-;1:-;2:-;3:-;4:-;5:-;6:-;7:-;8:-;9:-,0@1=2;0@2=1;0@3=1;0@8=1;1@1=1;1@8=1;1@4=1;1@5=2;1@6=1;1@9=1;4@1=1;4@8=1;4@0=1;4@7=1;5@2=1;5@3=1;5@6=1;6@5=1;7@2=1;8@2=1;8@3=2;8@8=1;8@4=3;8@9=2;8@7=1,"1,2,3,8,4,5,6,9,0,7",31,25,0,25,0.0,0.0,0.0,0.0,0.0,0.0,0.0,0.0,"Feasible(status=11,gap=13.876511)"
489,488,0,0,0,-,0:4|8;1:5|7;2:5|7|8;3:5|6|8;4:7|9;5:0|1|8|9;6:8;7:0|3|4|5|6;8:3|4|5|8;9:0|7|8,0:-;1:-;2:-;3:-;4:-;5:-;6:-;7:-;8:-;9:-,4@5=1;6@3=1;7@7=1;8@5=1;8@0=2;8@1=1;8@2=1;8@4=2;8@8=1,"5,3,7,0,1,2,4,8",11,9,0,9,0.0,0.0,0.0,0.0,0.0,0.0,0.0,0.0,"Feasible(status=11,gap=13.876511)"
490,489,0,0,0,-,0:4|8;1:5|7;2:5|7|8;3:5|6|8;4:7|9;5:0|1|8|9;6:8;7:0|3|4|5|6;8:3|4|5|8;9:0|7|8,0:-;1:-;2:-;3:-;4:-;5:-;6:-;7:-;8:-;9:-,7@4=1;8@4=3;8@1=5;8@2=2;8@5=1;8@6=2;8@7=1;8@8=3;8@9=2,"4,1,2,5,6,7,8,9",20,9,0,9,0.0,0.0,0.0,0.0,0.0,0.0,0.0,0.0,"Feasible(status=11,gap=13.876511)"
491,490,0,0,0,-,0:4|8;1:5|7;2:5|7|8;3:5|6|8;4:7|9;5:0|1|8|9;6:8;7:0|3|4|5|6;8:3|4|5|8;9:0|7|8,0:-;1:-;2:-;3:-;4:-;5:-;6:-;7:-;8:-;9:-,4@2=1;4@3=1;4@7=1;6@5=1;7@2=1;7@5=1;7@4=1;8@2=2;8@3=2;8@7=2;8@1=2,"2,3,7,5,4,1",15,11,0,11,0.0,0.0,0.0,0.0,0.0,0.0,0.0,0.0,"Feasible(status=11,gap=13.876511)"
492,491,0,0,0,-,0:4|8;1:5|7;2:5|7|8;3:5|6|8;4:7|9;5:0|1|8|9;6:8;7:0|3|4|5|6;8:3|4|5|8;9:0|7|8,0:-;1:-;2:-;3:-;4:-;5:-;6:-;7:-;8:-;9:-,6@0=1;7@4=1;8@2=1;8@8=1,"0,4,2,8",4,4,0,4,0.0,0.0,0.0,0.0,0.0,0.0,0.0,0.0,"Feasible(status=11,gap=13.876511)"
493,492,0,0,0,-,0:4|8;1:5|7;2:5|7|8;3:5|6|8;4:7|9;5:0|1|8|9;6:8;7:0|3|4|5|6;8:3|4|5|8;9:0|7|8,0:-;1:-;2:-;3:-;4:-;5:-;6:-;7:-;8:-;9:-,4@0=1;4@2=2;4@4=1;8@0=1;8@2=5;8@6=2;8@8=1,"0,2,4,6,8",13,7,0,7,0.0,0.0,0.0,0.0,0.0,0.0,0.0,0.0,"Feasible(status=11,gap=13.876511)"
494,493,0,0,0,-,0:4|8;1:5|7;2:5|7|8;3:5|6|8;4:7|9;5:0|1|8|9;6:8;7:0|3|4|5|6;8:3|4|5|8;9:0|7|8,0:-;1:-;2:-;3:-;4:-;5:-;6:-;7:-;8:-;9:-,0@1=2;0@3=1;0@6=1;1@0=1;1@2=1;1@8=1;2@2=1;2@4=1;4@3=1;4@6=1;4@5=1;4@7=1;8@1=1;8@3=2;8@6=1;8@0=2;8@2=2;8@4=2;8@7=2,"1,3,6,0,2,8,4,5,7",25,19,0,19,0.0,0.0,0.0,0.0,0.0,0.0,0.0,0.0,"Feasible(status=11,gap=13.876511)"
495,494,0,0,0,-,0:4|8;1:5|7;2:5|7|8;3:5|6|8;4:7|9;5:0|1|8|9;6:8;7:0|3|4|5|6;8:3|4|5|8;9:0|7|8,0:-;1:-;2:-;3:-;4:-;5:-;6:-;7:-;8:-;9:-,0@2=2;1@2=1;1@4=1;3@4=1;3@6=1;4@2=1;5@2=1;5@3=1;8@2=3;8@4=1;8@6=1;8@3=1;8@1=1;8@7=1;8@9=1,"2,4,6,3,1,7,9",18,15,0,15,0.0,0.0,0.0,0.0,0.0,0.0,0.0,0.0,"Feasible(status=11,gap=13.876511)"
496,495,0,0,0,-,0:4|8;1:5|7;2:5|7|8;3:5|6|8;4:7|9;5:0|1|8|9;6:8;7:0|3|4|5|6;8:3|4|5|8;9:0|7|8,0:-;1:-;2:-;3:-;4:-;5:-;6:-;7:-;8:-;9:-,0@1=1;0@2=2;1@7=1;1@8=1;2@4=1;7@4=1;7@5=1;7@6=1;8@8=1;8@4=5,"1,2,7,8,4,5,6",15,10,0,10,0.0,0.0,0.0,0.0,0.0,0.0,0.0,0.0,"Feasible(status=11,gap=13.876511)"
497,496,0,0,0,-,0:4|8;1:5|7;2:5|7|8;3:5|6|8;4:7|9;5:0|1|8|9;6:8;7:0|3|4|5|6;8:3|4|5|8;9:0|7|8,0:-;1:-;2:-;3:-;4:-;5:-;6:-;7:-;8:-;9:-,0@4=1;0@5=1;0@7=1;1@4=2;1@5=1;1@6=1;5@8=1;5@9=1;6@7=1;6@8=1;8@4=1;8@5=1;8@8=1;8@0=1;8@2=2,"4,5,7,6,8,9,0,2",17,15,0,15,0.0,0.0,0.0,0.0,0.0,0.0,0.0,0.0,"Feasible(status=11,gap=13.876511)"
498,497,0,0,0,-,0:4|8;1:5|7;2:5|7|8;3:5|6|8;4:7|9;5:0|1|8|9;6:8;7:0|3|4|5|6;8:3|4|5|8;9:0|7|8,0:-;1:-;2:-;3:-;4:-;5:-;6:-;7:-;8:-;9:-,1@4=2;1@6=1;1@9=1;4@1=1;5@1=2;6@6=1;6@2=1;7@7=1;8@6=1;8@9=1;8@1=1;8@3=1;8@8=1,"4,6,9,1,2,7,3,8",15,13,0,13,0.0,0.0,0.0,0.0,0.0,0.0,0.0,0.0,"Feasible(status=11,gap=13.876511)"
499,498,0,0,0,-,0:4|8;1:5|7;2:5|7|8;3:5|6|8;4:7|9;5:0|1|8|9;6:8;7:0|3|4|5|6;8:3|4|5|8;9:0|7|8,0:-;1:-;2:-;3:-;4:-;5:-;6:-;7:-;8:-;9:-,4@2=1;5@5=1;5@9=1;8@2=1;8@9=1;8@3=3;8@7=1,"2,5,9,3,7",9,7,0,7,0.0,0.0,0.0,0.0,0.0,0.0,0.0,0.0,"Feasible(status=11,gap=13.876511)"
500,499,0,0,0,-,0:4|8;1:5|7;2:5|7|8;3:5|6|8;4:7|9;5:0|1|8|9;6:8;7:0|3|4|5|6;8:3|4|5|8;9:0|7|8,0:-;1:-;2:-;3:-;4:-;5:-;6:-;7:-;8:-;9:-,1@3=1;1@4=1;1@6=1;2@8=1;3@4=1;4@1=1;4@2=2;4@5=2;4@9=1;5@3=1;5@1=1;5@7=1;7@3=1;7@9=2;8@2=2;8@7=1,"3,4,6,8,1,2,5,9,7",20,16,0,16,0.0,0.0,0.0,0.0,0.0,0.0,0.0,0.0,"Feasible(status=11,gap=13.876511)"
501,500,0,0,0,-,0:4|8;1:5|7;2:5|7|8;3:5|6|8;4:7|9;5:0|1|8|9;6:8;7:0|3|4|5|6;8:3|4|5|8;9:0|7|8,0:-;1:-;2:-;3:-;4:-;5:-;6:-;7:-;8:-;9:-,0@3=1;1@0=1;1@2=1;2@2=1;2@4=1;2@5=1;4@3=1;4@6=1;4@7=1;4@9=2;7@5=1;7@6=1;8@3=1;8@0=1;8@4=3;8@6=1;8@1=1,"3,0,2,4,5,6,7,9,1",20,17,0,17,0.0,0.0,0.0,0.0,0.0,0.0,0.0,0.0,"Feasible(status=11,gap=13.876511)"
502,501,0,0,0,-,0:4|8;1:5|7;2:5|7|8;3:5|6|8;4:7|9;5:0|1|8|9;6:8;7:0|3|4|5|6;8:3|4|5|8;9:0|7|8,0:-;1:-;2:-;3:-;4:-;5:-;6:-;7:-;8:-;9:-,1@2=1;2@2=1;4@1=1;4@4=2;4@5=1;5@2=1;5@4=2;5@5=2;5@6=1;5@7=1;6@5=1;7@7=1;7@0=1;8@1=2;8@4=2;8@6=1;8@7=1;8@3=1;8@8=2,"2,1,4,5,6,7,0,3,8",25,19,0,19,0.0,0.0,0.0,0.0,0.0,0.0,0.0,0.0,"Feasible(status=11,gap=13.876511)"
503,502,0,0,0,-,0:4|8;1:5|7;2:5|7|8;3:5|6|8;4:7|9;5:0|1|8|9;6:8;7:0|3|4|5|6;8:3|4|5|8;9:0|7|8,0:-;1:-;2:-;3:-;4:-;5:-;6:-;7:-;8:-;9:-,1@1=1;1@4=1;1@8=2;2@2=1;2@3=1;4@8=1;4@6=2;4@9=1;5@7=1;8@4=1;8@3=1;8@9=1;8@0=1,"1,4,8,2,3,6,9,7,0",15,13,0,13,0.0,0.0,0.0,0.0,0.0,0.0,0.0,0.0,"Feasible(status=11,gap=13.876511)"
504,503,0,0,0,-,0:4|8;1:5|7;2:5|7|8;3:5|6|8;4:7|9;5:0|1|8|9;6:8;7:0|3|4|5|6;8:3|4|5|8;9:0|7|8,0:-;1:-;2:-;3:-;4:-;5:-;6:-;7:-;8:-;9:-,1@1=1;1@2=1;1@4=1;1@5=1;2@1=1;2@2=1;2@4=1;2@3=1;2@6=2;4@6=1;4@9=1;6@8=1;7@8=1;8@1=2;8@2=1;8@6=1;8@8=1;8@0=1,"1,2,4,5,3,6,9,8,0",20,18,0,18,0.0,0.0,0.0,0.0,0.0,0.0,0.0,0.0,"Feasible(status=11,gap=13.876511)"
505,504,0,0,0,-,0:4|8;1:5|7;2:5|7|8;3:5|6|8;4:7|9;5:0|1|8|9;6:8;7:0|3|4|5|6;8:3|4|5|8;9:0|7|8,0:-;1:-;2:-;3:-;4:-;5:-;6:-;7:-;8:-;9:-,1@7=1;2@4=1;4@6=2;8@4=2;8@0=2;8@2=1;8@3=1;8@5=1,"7,4,6,0,2,3,5",11,8,0,8,0.0,0.0,0.0,0.0,0.0,0.0,0.0,0.0,"Feasible(status=11,gap=13.876511)"
506,505,0,0,0,-,0:4|8;1:5|7;2:5|7|8;3:5|6|8;4:7|9;5:0|1|8|9;6:8;7:0|3|4|5|6;8:3|4|5|8;9:0|7|8,0:-;1:-;2:-;3:-;4:-;5:-;6:-;7:-;8:-;9:-,2@4=1;2@6=1;3@4=1;4@4=1;5@1=1;6@6=1;6@1=1;7@2=1,"4,6,1,2",8,8,0,8,0.0,0.0,0.0,0.0,0.0,0.0,0.0,0.0,"Feasible(status=11,gap=13.876511)"
507,506,0,0,0,-,0:4|8;1:5|7;2:5|7|8;3:5|6|8;4:7|9;5:0|1|8|9;6:8;7:0|3|4|5|6;8:3|4|5|8;9:0|7|8,0:-;1:-;2:-;3:-;4:-;5:-;6:-;7:-;8:-;9:-,2@0=1;4@4=1;4@6=1;4@9=1;5@1=1;5@7=1;6@2=1;6@8=1;7@2=1;8@4=2;8@9=1;8@1=2;8@2=2,"0,4,6,9,1,7,2,8",16,13,0,13,0.0,0.0,0.0,0.0,0.0,0.0,0.0,0.0,"Feasible(status=11,gap=13.876511)"
508,507,0,0,0,-,0:4|8;1:5|7;2:5|7|8;3:5|6|8;4:7|9;5:0|1|8|9;6:8;7:0|3|4|5|6;8:3|4|5|8;9:0|7|8,0:-;1:-;2:-;3:-;4:-;5:-;6:-;7:-;8:-;9:-,2@0=1;2@1=1;2@4=3;3@4=1;3@6=1;4@0=1;4@3=1;4@9=1;5@3=1;5@2=1;7@4=1;7@9=1;8@1=2;8@4=2;8@9=2;8@2=1;8@7=1,"0,1,4,6,3,9,2,7",22,17,0,17,0.0,0.0,0.0,0.0,0.0,0.0,0.0,0.0,"Feasible(status=11,gap=13.876511)"
509,508,0,0,0,-,0:4|8;1:5|7;2:5|7|8;3:5|6|8;4:7|9;5:0|1|8|9;6:8;7:0|3|4|5|6;8:3|4|5|8;9:0|7|8,0:-;1:-;2:-;3:-;4:-;5:-;6:-;7:-;8:-;9:-,2@0=1;2@1=2;2@3=1;2@5=1;3@4=1;3@7=1;4@0=1;4@3=1;4@9=1;5@0=1;5@3=1;5@7=1;5@2=2;6@9=1;7@4=1;8@1=2;8@5=1;8@4=3;8@9=1;8@2=3;8@6=1;8@8=2,"0,1,3,5,4,7,9,2,6,8",30,22,0,22,0.0,0.0,0.0,0.0,0.0,0.0,0.0,0.0,"Feasible(status=11,gap=13.876511)"
510,509,0,0,0,-,0:4|8;1:5|7;2:5|7|8;3:5|6|8;4:7|9;5:0|1|8|9;6:8;7:0|3|4|5|6;8:3|4|5|8;9:0|7|8,0:-;1:-;2:-;3:-;4:-;5:-;6:-;7:-;8:-;9:-,2@2=1;2@3=1;2@5=2;2@7=1;3@7=1;4@1=1;4@4=1;5@2=1;5@7=2;5@1=1;7@0=1;8@2=3;8@3=1;8@5=2;8@7=1;8@4=1;8@0=1;8@8=1;8@9=1,"2,3,5,7,1,4,0,8,9",24,19,0,19,0.0,0.0,0.0,0.0,0.0,0.0,0.0,0.0,"Feasible(status=11,gap=13.876511)"
511,510,0,0,0,-,0:4|8;1:5|7;2:5|7|8;3:5|6|8;4:7|9;5:0|1|8|9;6:8;7:0|3|4|5|6;8:3|4|5|8;9:0|7|8,0:-;1:-;2:-;3:-;4:-;5:-;6:-;7:-;8:-;9:-,0@7=1;2@7=1;2@0=2;2@5=2;3@1=2;3@8=1;4@1=1;4@2=1;5@0=1;6@8=1;8@7=2;8@5=2;8@8=1;8@2=1;8@6=1,"7,0,5,1,8,2,6",20,15,0,15,0.0,0.0,0.0,0.0,0.0,0.0,0.0,0.0,"Feasible(status=11,gap=13.876511)"
512,511,0,0,0,-,0:4|8;1:5|7;2:5|7|8;3:5|6|8;4:7|9;5:0|1|8|9;6:8;7:0|3|4|5|6;8:3|4|5|8;9:0|7|8,0:-;1:-;2:-;3:-;4:-;5:-;6:-;7:-;8:-;9:-,2@0=1;2@4=1;3@7=1;4@0=1;4@1=1;5@9=1;6@7=1;7@0=1;7@5=1;8@0=1;8@1=1;8@2=2;8@6=1;8@8=1,"0,4,7,1,9,5,2,6,8",15,14,0,14,0.0,0.0,0.0,0.0,0.0,0.0,0.0,0.0,"Feasible(status=11,gap=13.876511)"
513,512,0,0,0,-,0:4|8;1:5|7;2:5|7|8;3:5|6|8;4:7|9;5:0|1|8|9;6:8;7:0|3|4|5|6;8:3|4|5|8;9:0|7|8,0:-;1:-;2:-;3:-;4:-;5:-;6:-;7:-;8:-;9:-,3@8=1;4@1=1;4@2=1;4@5=1;5@2=1;5@4=1;5@7=2;7@2=1;8@1=1;8@7=1;8@0=1;8@3=2;8@9=1,"8,1,2,5,4,7,0,3,9",15,13,0,13,0.0,0.0,0.0,0.0,0.0,0.0,0.0,0.0,"Feasible(status=11,gap=13.876511)"
514,513,0,0,0,-,0:4|8;1:5|7;2:5|7|8;3:5|6|8;4:7|9;5:0|1|8|9;6:8;7:0|3|4|5|6;8:3|4|5|8;9:0|7|8,0:-;1:-;2:-;3:-;4:-;5:-;6:-;7:-;8:-;9:-,2@5=1;3@2=1;4@5=1;5@6=1;7@9=2;8@5=1;8@2=3;8@6=1;8@9=1;8@0=1;8@1=1;8@8=1,"5,2,6,9,0,1,8",15,12,0,12,0.0,0.0,0.0,0.0,0.0,0.0,0.0,0.0,"Feasible(status=11,gap=13.876511)"
515,514,0,0,0,-,0:4|8;1:5|7;2:5|7|8;3:5|6|8;4:7|9;5:0|1|8|9;6:8;7:0|3|4|5|6;8:3|4|5|8;9:0|7|8,0:-;1:-;2:-;3:-;4:-;5:-;6:-;7:-;8:-;9:-,0@5=1;2@2=1;2@3=1;2@7=1;4@7=1;4@1=1;4@4=1;4@8=1;5@2=1;5@7=1;6@1=1;7@5=1;7@2=1;7@1=2;7@4=2;8@5=2;8@2=1;8@7=1;8@1=4;8@0=2,"5,2,3,7,1,4,8,0",27,20,0,20,0.0,0.0,0.0,0.0,0.0,0.0,0.0,0.0,"Feasible(status=11,gap=13.876511)"
516,515,0,0,0,-,0:4|8;1:5|7;2:5|7|8;3:5|6|8;4:7|9;5:0|1|8|9;6:8;7:0|3|4|5|6;8:3|4|5|8;9:0|7|8,0:-;1:-;2:-;3:-;4:-;5:-;6:-;7:-;8:-;9:-,0@2=1;2@8=1;3@2=1;3@0=1;4@4=1;5@0=1;7@8=1;8@2=1;8@8=1,"2,8,0,4",9,9,0,9,0.0,0.0,0.0,0.0,0.0,0.0,0.0,0.0,"Feasible(status=11,gap=13.876511)"
517,516,0,0,0,-,0:4|8;1:5|7;2:5|7|8;3:5|6|8;4:7|9;5:0|1|8|9;6:8;7:0|3|4|5|6;8:3|4|5|8;9:0|7|8,0:-;1:-;2:-;3:-;4:-;5:-;6:-;7:-;8:-;9:-,2@1=1;2@9=1;4@3=1;4@7=1;5@3=1;6@2=1;7@7=1;8@7=1;8@2=2;8@4=1,"1,9,3,7,2,4",11,10,0,10,0.0,0.0,0.0,0.0,0.0,0.0,0.0,0.0,"Feasible(status=11,gap=13.876511)"
518,517,0,0,0,-,0:4|8;1:5|7;2:5|7|8;3:5|6|8;4:7|9;5:0|1|8|9;6:8;7:0|3|4|5|6;8:3|4|5|8;9:0|7|8,0:-;1:-;2:-;3:-;4:-;5:-;6:-;7:-;8:-;9:-,2@1=1;2@9=1;4@4=2;4@6=1;5@0=1;6@0=1;8@1=1;8@2=1;8@8=1,"1,9,4,6,0,2,8",10,9,0,9,0.0,0.0,0.0,0.0,0.0,0.0,0.0,0.0,"Feasible(status=11,gap=13.876511)"
519,518,0,0,0,-,0:4|8;1:5|7;2:5|7|8;3:5|6|8;4:7|9;5:0|1|8|9;6:8;7:0|3|4|5|6;8:3|4|5|8;9:0|7|8,0:-;1:-;2:-;3:-;4:-;5:-;6:-;7:-;8:-;9:-,3@2=1;3@4=1;4@4=1;7@4=2;8@2=2;8@9=1,"2,4,9",8,6,0,6,0.0,0.0,0.0,0.0,0.0,0.0,0.0,0.0,"Feasible(status=11,gap=13.876511)"
520,519,0,0,0,-,0:4|8;1:5|7;2:5|7|8;3:5|6|8;4:7|9;5:0|1|8|9;6:8;7:0|3|4|5|6;8:3|4|5|8;9:0|7|8,0:-;1:-;2:-;3:-;4:-;5:-;6:-;7:-;8:-;9:-,0@0=1;3@2=2;3@3=1;5@1=2;5@4=1;5@5=1;5@7=1;6@5=1;7@2=1;7@3=1;8@4=2;8@5=1;8@9=1,"0,2,3,1,4,5,7,9",16,13,0,13,0.0,0.0,0.0,0.0,0.0,0.0,0.0,0.0,"Feasible(status=11,gap=13.876511)"
521,520,0,0,0,-,0:4|8;1:5|7;2:5|7|8;3:5|6|8;4:7|9;5:0|1|8|9;6:8;7:0|3|4|5|6;8:3|4|5|8;9:0|7|8,0:-;1:-;2:-;3:-;4:-;5:-;6:-;7:-;8:-;9:-,1@4=1;2@3=1;2@6=1;2@9=1;3@6=1;3@2=1;3@5=2;4@2=1;4@0=1;5@2=1;6@4=1;7@8=1;8@4=1;8@3=1;8@9=1;8@2=2;8@5=1;8@0=1;8@8=3,"4,3,6,9,2,5,0,8",23,19,0,19,0.0,0.0,0.0,0.0,0.0,0.0,0.0,0.0,"Feasible(status=11,gap=13.876511)"
522,521,0,0,0,-,0:4|8;1:5|7;2:5|7|8;3:5|6|8;4:7|9;5:0|1|8|9;6:8;7:0|3|4|5|6;8:3|4|5|8;9:0|7|8,0:-;1:-;2:-;3:-;4:-;5:-;6:-;7:-;8:-;9:-,1@3=1;1@4=1;2@3=1;2@4=2;2@2=1;2@8=1;3@3=1;4@7=1;5@5=1;5@9=1;7@3=1;8@4=2;8@2=1;8@9=1;8@0=2;8@1=4,"3,4,2,8,7,5,9,0,1",22,16,0,16,0.0,0.0,0.0,0.0,0.0,0.0,0.0,0.0,"Feasible(status=11,gap=13.876511)"
523,522,0,0,0,-,0:4|8;1:5|7;2:5|7|8;3:5|6|8;4:7|9;5:0|1|8|9;6:8;7:0|3|4|5|6;8:3|4|5|8;9:0|7|8,0:-;1:-;2:-;3:-;4:-;5:-;6:-;7:-;8:-;9:-,0@9=1;1@4=2;1@5=1;2@1=1;2@3=1;3@9=1;3@4=1;3@0=1;4@5=1;4@1=1;4@3=1;4@0=1;5@4=2;5@2=1;6@2=1;7@4=1;7@6=1;8@4=2;8@1=1;8@0=2;8@8=2,"9,4,5,1,3,0,2,6,8",26,21,0,21,0.0,0.0,0.0,0.0,0.0,0.0,0.0,0.0,"Feasible(status=11,gap=13.876511)"
524,523,0,0,0,-,0:4|8;1:5|7;2:5|7|8;3:5|6|8;4:7|9;5:0|1|8|9;6:8;7:0|3|4|5|6;8:3|4|5|8;9:0|7|8,0:-;1:-;2:-;3:-;4:-;5:-;6:-;7:-;8:-;9:-,2@3=1;3@5=1;3@7=1;3@8=2;4@0=1;5@1=1;5@9=1;7@2=1;8@8=1;8@2=1;8@4=1;8@6=1,"3,5,7,8,0,1,9,2,4,6",13,12,0,12,0.0,0.0,0.0,0.0,0.0,0.0,0.0,0.0,"Feasible(status=11,gap=13.876511)"
525,524,0,0,0,-,0:4|8;1:5|7;2:5|7|8;3:5|6|8;4:7|9;5:0|1|8|9;6:8;7:0|3|4|5|6;8:3|4|5|8;9:0|7|8,0:-;1:-;2:-;3:-;4:-;5:-;6:-;7:-;8:-;9:-,1@3=1;2@3=1;2@0=1;2@1=1;2@4=1;3@5=1;4@2=1;4@6=1;5@3=1;7@3=1;7@4=1;7@6=1;8@1=2;8@6=1;8@7=1,"3,0,1,4,5,2,6,7",16,15,0,15,0.0,0.0,0.0,0.0,0.0,0.0,0.0,0.0,"Feasible(status=11,gap=13.876511)"
526,525,0,0,0,-,0:4|8;1:5|7;2:5|7|8;3:5|6|8;4:7|9;5:0|1|8|9;6:8;7:0|3|4|5|6;8:3|4|5|8;9:0|7|8,0:-;1:-;2:-;3:-;4:-;5:-;6:-;7:-;8:-;9:-,3@2=1;3@6=1;4@1=1;5@5=1;5@8=1;7@9=1,"2,6,1,5,8,9",6,6,0,6,0.0,0.0,0.0,0.0,0.0,0.0,0.0,0.0,"Feasible(status=11,gap=13.876511)"
527,526,0,0,0,-,0:4|8;1:5|7;2:5|7|8;3:5|6|8;4:7|9;5:0|1|8|9;6:8;7:0|3|4|5|6;8:3|4|5|8;9:0|7|8,0:-;1:-;2:-;3:-;4:-;5:-;6:-;7:-;8:-;9:-,4@6=1;5@0=1;8@0=1;8@2=1;8@4=1,"6,0,2,4",5,5,0,5,0.0,0.0,0.0,0.0,0.0,0.0,0.0,0.0,"Feasible(status=11,gap=13.876511)"
528,527,0,0,0,-,0:4|8;1:5|7;2:5|7|8;3:5|6|8;4:7|9;5:0|1|8|9;6:8;7:0|3|4|5|6;8:3|4|5|8;9:0|7|8,0:-;1:-;2:-;3:-;4:-;5:-;6:-;7:-;8:-;9:-,1@8=1;2@1=1;2@2=2;2@4=1;2@5=1;3@1=1;3@4=1;3@7=1;4@8=1;4@1=1;5@2=2;5@9=1;7@1=2;7@9=1;7@6=1;8@0=2,"8,1,2,4,5,7,9,6,0",20,16,0,16,0.0,0.0,0.0,0.0,0.0,0.0,0.0,0.0,"Feasible(status=11,gap=13.876511)"
529,528,0,0,0,-,0:4|8;1:5|7;2:5|7|8;3:5|6|8;4:7|9;5:0|1|8|9;6:8;7:0|3|4|5|6;8:3|4|5|8;9:0|7|8,0:-;1:-;2:-;3:-;4:-;5:-;6:-;7:-;8:-;9:-,1@1=1;1@7=1;2@1=1;2@7=2;2@0=1;2@2=1;2@4=2;2@6=1;3@5=2;4@2=2;4@4=1;5@1=2;5@3=1;6@1=1;7@5=1;8@9=3,"1,7,0,2,4,6,5,3,9",23,16,0,16,0.0,0.0,0.0,0.0,0.0,0.0,0.0,0.0,"Feasible(status=11,gap=13.876511)"
530,529,0,0,0,-,0:4|8;1:5|7;2:5|7|8;3:5|6|8;4:7|9;5:0|1|8|9;6:8;7:0|3|4|5|6;8:3|4|5|8;9:0|7|8,0:-;1:-;2:-;3:-;4:-;5:-;6:-;7:-;8:-;9:-,1@0=1;1@5=1;2@3=2;2@4=1;2@8=1;3@9=1;4@1=1;7@4=1;7@1=1;8@2=1,"0,5,3,4,8,9,1,2",11,10,0,10,0.0,0.0,0.0,0.0,0.0,0.0,0.0,0.0,"Feasible(status=11,gap=13.876511)"
531,530,0,0,0,-,0:4|8;1:5|7;2:5|7|8;3:5|6|8;4:7|9;5:0|1|8|9;6:8;7:0|3|4|5|6;8:3|4|5|8;9:0|7|8,0:-;1:-;2:-;3:-;4:-;5:-;6:-;7:-;8:-;9:-,0@0=1;0@4=1;0@9=1;1@3=1;2@9=1;2@1=2;2@6=1;3@3=1;4@0=1;4@4=1;4@9=1;4@2=1;4@7=1;5@1=1;5@7=1;6@3=1;7@1=1;7@2=1;7@5=1;8@0=1;8@9=1;8@8=1,"0,4,9,3,1,6,2,7,5,8",23,22,0,22,0.0,0.0,0.0,0.0,0.0,0.0,0.0,0.0,"Feasible(status=11,gap=13.876511)"
532,531,0,0,0,-,0:4|8;1:5|7;2:5|7|8;3:5|6|8;4:7|9;5:0|1|8|9;6:8;7:0|3|4|5|6;8:3|4|5|8;9:0|7|8,0:-;1:-;2:-;3:-;4:-;5:-;6:-;7:-;8:-;9:-,1@4=1;2@4=1;2@0=1;2@1=1;2@7=1;3@4=1;3@3=1;3@5=1;4@1=1;4@2=1;5@2=1;8@1=1;8@3=1;8@6=1,"4,0,1,7,3,5,2,6",14,14,0,14,0.0,0.0,0.0,0.0,0.0,0.0,0.0,0.0,"Feasible(status=11,gap=13.876511)"
533,532,0,0,0,-,0:4|8;1:5|7;2:5|7|8;3:5|6|8;4:7|9;5:0|1|8|9;6:8;7:0|3|4|5|6;8:3|4|5|8;9:0|7|8,0:-;1:-;2:-;3:-;4:-;5:-;6:-;7:-;8:-;9:-,2@2=1;2@7=1;2@9=1;7@4=1;8@4=1;8@1=1,"2,7,9,4,1",6,6,0,6,0.0,0.0,0.0,0.0,0.0,0.0,0.0,0.0,"Feasible(status=11,gap=13.876511)"
534,533,0,0,0,-,0:4|8;1:5|7;2:5|7|8;3:5|6|8;4:7|9;5:0|1|8|9;6:8;7:0|3|4|5|6;8:3|4|5|8;9:0|7|8,0:-;1:-;2:-;3:-;4:-;5:-;6:-;7:-;8:-;9:-,4@4=1;5@6=1;5@8=1;5@9=1;8@1=2;8@2=1;8@3=2,"4,6,8,9,1,2,3",9,7,0,7,0.0,0.0,0.0,0.0,0.0,0.0,0.0,0.0,"Feasible(status=11,gap=13.876511)"
535,534,0,0,0,-,0:4|8;1:5|7;2:5|7|8;3:5|6|8;4:7|9;5:0|1|8|9;6:8;7:0|3|4|5|6;8:3|4|5|8;9:0|7|8,0:-;1:-;2:-;3:-;4:-;5:-;6:-;7:-;8:-;9:-,3@1=1;3@4=1;3@7=1;4@5=1;4@8=1;5@2=1;7@5=1;8@2=2;8@0=1;8@6=1,"1,4,7,5,8,2,0,6",11,10,0,10,0.0,0.0,0.0,0.0,0.0,0.0,0.0,0.0,"Feasible(status=11,gap=13.876511)"
536,535,0,0,0,-,0:4|8;1:5|7;2:5|7|8;3:5|6|8;4:7|9;5:0|1|8|9;6:8;7:0|3|4|5|6;8:3|4|5|8;9:0|7|8,0:-;1:-;2:-;3:-;4:-;5:-;6:-;7:-;8:-;9:-,1@4=1;1@5=1;1@8=1;3@4=2;3@2=1;4@2=1;5@4=1;5@2=1;6@4=1;7@2=1;7@0=1;8@2=1;8@3=1;8@7=1,"4,5,8,2,0,3,7",15,14,0,14,0.0,0.0,0.0,0.0,0.0,0.0,0.0,0.0,"Feasible(status=11,gap=13.876511)"
537,536,0,0,0,-,0:4|8;1:5|7;2:5|7|8;3:5|6|8;4:7|9;5:0|1|8|9;6:8;7:0|3|4|5|6;8:3|4|5|8;9:0|7|8,0:-;1:-;2:-;3:-;4:-;5:-;6:-;7:-;8:-;9:-,1@3=1;3@1=1;3@4=1;4@4=1;4@2=1;7@7=1;8@1=1;8@7=1;8@0=1;8@5=2,"3,1,4,2,7,0,5",11,10,0,10,0.0,0.0,0.0,0.0,0.0,0.0,0.0,0.0,"Feasible(status=11,gap=13.876511)"
538,537,0,0,0,-,0:4|8;1:5|7;2:5|7|8;3:5|6|8;4:7|9;5:0|1|8|9;6:8;7:0|3|4|5|6;8:3|4|5|8;9:0|7|8,0:-;1:-;2:-;3:-;4:-;5:-;6:-;7:-;8:-;9:-,0@1=1;0@8=1;1@2=1;4@1=1;5@1=1;5@2=1;5@3=1;5@4=1;7@1=1;7@3=1;8@1=1;8@2=2;8@4=1,"1,8,2,3,4",14,13,0,13,0.0,0.0,0.0,0.0,0.0,0.0,0.0,0.0,"Feasible(status=11,gap=13.876511)"
539,538,0,0,0,-,0:4|8;1:5|7;2:5|7|8;3:5|6|8;4:7|9;5:0|1|8|9;6:8;7:0|3|4|5|6;8:3|4|5|8;9:0|7|8,0:-;1:-;2:-;3:-;4:-;5:-;6:-;7:-;8:-;9:-,0@2=2;0@3=1;0@7=1;1@2=1;3@4=1;5@2=1;5@9=1;8@8=1,"2,3,7,4,9,8",9,8,0,8,0.0,0.0,0.0,0.0,0.0,0.0,0.0,0.0,"Feasible(status=11,gap=13.876511)"
540,539,0,0,0,-,0:4|8;1:5|7;2:5|7|8;3:5|6|8;4:7|9;5:0|1|8|9;6:8;7:0|3|4|5|6;8:3|4|5|8;9:0|7|8,0:-;1:-;2:-;3:-;4:-;5:-;6:-;7:-;8:-;9:-,3@6=1;4@0=1;4@2=1;5@4=1;5@5=1;6@2=1;6@5=1;8@2=1;8@4=1;8@3=1;8@7=1,"6,0,2,4,5,3,7",11,11,0,11,0.0,0.0,0.0,0.0,0.0,0.0,0.0,0.0,"Feasible(status=11,gap=13.876511)"
541,540,0,0,0,-,0:4|8;1:5|7;2:5|7|8;3:5|6|8;4:7|9;5:0|1|8|9;6:8;7:0|3|4|5|6;8:3|4|5|8;9:0|7|8,0:-;1:-;2:-;3:-;4:-;5:-;6:-;7:-;8:-;9:-,0@4=1;1@1=1;3@0=1;3@9=1;5@7=1;8@4=1;8@2=1,"4,1,0,9,7,2",7,7,0,7,0.0,0.0,0.0,0.0,0.0,0.0,0.0,0.0,"Feasible(status=11,gap=13.876511)"
542,541,0,0,0,-,0:4|8;1:5|7;2:5|7|8;3:5|6|8;4:7|9;5:0|1|8|9;6:8;7:0|3|4|5|6;8:3|4|5|8;9:0|7|8,0:-;1:-;2:-;3:-;4:-;5:-;6:-;7:-;8:-;9:-,0@2=1;0@6=1;4@2=1;4@4=1;5@6=1;5@9=1;7@4=1;7@0=1;7@1=1;7@3=1;7@5=1;8@2=1;8@6=2;8@0=1;8@7=1,"2,6,4,9,0,1,3,5,7",16,15,0,15,0.0,0.0,0.0,0.0,0.0,0.0,0.0,0.0,"Feasible(status=11,gap=13.876511)"
543,542,0,0,0,-,0:4|8;1:5|7;2:5|7|8;3:5|6|8;4:7|9;5:0|1|8|9;6:8;7:0|3|4|5|6;8:3|4|5|8;9:0|7|8,0:-;1:-;2:-;3:-;4:-;5:-;6:-;7:-;8:-;9:-,2@1=1;2@2=1;2@4=1;2@5=1;2@9=1;3@4=1;4@2=1;5@2=1;5@0=1;5@3=1;5@8=1;7@9=1;7@7=1;8@1=1;8@5=1;8@8=1;8@7=1;8@6=1,"1,2,4,5,9,0,3,8,7,6",18,18,0,18,0.0,0.0,0.0,0.0,0.0,0.0,0.0,0.0,"Feasible(status=11,gap=13.876511)"
544,543,0,0,0,-,0:4|8;1:5|7;2:5|7|8;3:5|6|8;4:7|9;5:0|1|8|9;6:8;7:0|3|4|5|6;8:3|4|5|8;9:0|7|8,0:-;1:-;2:-;3:-;4:-;5:-;6:-;7:-;8:-;9:-,0@1=1;0@2=1;0@4=1;1@4=1;1@0=1;1@9=1;2@2=1;2@8=1;4@4=2;4@6=1;5@2=2;5@4=2;5@6=1;5@5=1;7@8=1;7@5=1;8@4=1;8@6=1,"1,2,4,0,9,8,6,5",21,18,0,18,0.0,0.0,0.0,0.0,0.0,0.0,0.0,0.0,"Feasible(status=11,gap=13.876511)"
545,544,0,0,0,-,0:4|8;1:5|7;2:5|7|8;3:5|6|8;4:7|9;5:0|1|8|9;6:8;7:0|3|4|5|6;8:3|4|5|8;9:0|7|8,0:-;1:-;2:-;3:-;4:-;5:-;6:-;7:-;8:-;9:-,0@3=1;0@4=1;0@7=1;0@9=1;1@4=1;1@7=1;1@1=1;1@5=1;2@4=1;2@1=1;2@2=1;2@6=1;2@8=1;4@4=1;5@8=1;6@2=1;7@7=1;8@9=1;8@2=2,"3,4,7,9,1,5,2,6,8",20,19,0,19,0.0,0.0,0.0,0.0,0.0,0.0,0.0,0.0,"Feasible(status=11,gap=13.876511)"
546,545,0,0,0,-,0:4|8;1:5|7;2:5|7|8;3:5|6|8;4:7|9;5:0|1|8|9;6:8;7:0|3|4|5|6;8:3|4|5|8;9:0|7|8,0:-;1:-;2:-;3:-;4:-;5:-;6:-;7:-;8:-;9:-,3@4=1;4@4=1;4@7=1;5@4=1;8@4=1;8@7=1,"4,7",6,6,0,6,0.0,0.0,0.0,0.0,0.0,0.0,0.0,0.0,"Feasible(status=11,gap=13.876511)"
547,546,0,0,0,-,0:4|8;1:5|7;2:5|7|8;3:5|6|8;4:7|9;5:0|1|8|9;6:8;7:0|3|4|5|6;8:3|4|5|8;9:0|7|8,0:-;1:-;2:-;3:-;4:-;5:-;6:-;7:-;8:-;9:-,1@9=1;3@4=1;4@5=1;7@2=1,"9,4,5,2",4,4,0,4,0.0,0.0,0.0,0.0,0.0,0.0,0.0,0.0,"Feasible(status=11,gap=13.876511)"
548,547,0,0,0,-,0:4|8;1:5|7;2:5|7|8;3:5|6|8;4:7|9;5:0|1|8|9;6:8;7:0|3|4|5|6;8:3|4|5|8;9:0|7|8,0:-;1:-;2:-;3:-;4:-;5:-;6:-;7:-;8:-;9:-,3@4=3;3@9=1;4@3=1;5@4=1;7@2=1;8@0=1,"4,9,3,2,0",8,6,0,6,0.0,0.0,0.0,0.0,0.0,0.0,0.0,0.0,"Feasible(status=11,gap=13.876511)"
549,548,0,0,0,-,0:4|8;1:5|7;2:5|7|8;3:5|6|8;4:7|9;5:0|1|8|9;6:8;7:0|3|4|5|6;8:3|4|5|8;9:0|7|8,0:-;1:-;2:-;3:-;4:-;5:-;6:-;7:-;8:-;9:-,1@2=1;3@1=1;4@3=1;4@8=1;5@2=1;5@8=1;7@8=2;7@4=2;7@9=1;8@4=3,"2,1,3,8,4,9",14,10,0,10,0.0,0.0,0.0,0.0,0.0,0.0,0.0,0.0,"Feasible(status=11,gap=13.876511)"
550,549,0,0,0,-,0:4|8;1:5|7;2:5|7|8;3:5|6|8;4:7|9;5:0|1|8|9;6:8;7:0|3|4|5|6;8:3|4|5|8;9:0|7|8,0:-;1:-;2:-;3:-;4:-;5:-;6:-;7:-;8:-;9:-,0@9=1;1@2=1;1@4=1;1@5=1;3@9=1;3@2=1;3@5=1;3@1=1;3@8=1;4@9=1;4@2=1;4@4=1;5@2=1;5@4=2;5@5=1;7@6=1;8@1=1,"9,2,4,5,1,8,6",18,17,0,17,0.0,0.0,0.0,0.0,0.0,0.0,0.0,0.0,"Feasible(status=11,gap=13.876511)"
551,550,0,0,0,-,0:4|8;1:5|7;2:5|7|8;3:5|6|8;4:7|9;5:0|1|8|9;6:8;7:0|3|4|5|6;8:3|4|5|8;9:0|7|8,0:-;1:-;2:-;3:-;4:-;5:-;6:-;7:-;8:-;9:-,1@6=1;2@9=1;3@6=1;3@4=1;4@4=1;4@3=1;5@3=1;5@0=1;5@1=2;5@7=2;5@8=1;7@4=1;7@2=2;8@1=1;8@7=1;8@2=2;8@5=1,"6,9,4,3,0,1,7,8,2,5",21,17,0,17,0.0,0.0,0.0,0.0,0.0,0.0,0.0,0.0,"Feasible(status=11,gap=13.876511)"
552,551,0,0,0,-,0:4|8;1:5|7;2:5|7|8;3:5|6|8;4:7|9;5:0|1|8|9;6:8;7:0|3|4|5|6;8:3|4|5|8;9:0|7|8,0:-;1:-;2:-;3:-;4:-;5:-;6:-;7:-;8:-;9:-,1@9=1;3@2=1;4@9=1;4@2=1;5@9=1;5@0=1;5@6=1;7@4=1;8@4=1;8@1=1;8@7=1,"9,2,0,6,4,1,7",11,11,0,11,0.0,0.0,0.0,0.0,0.0,0.0,0.0,0.0,"Feasible(status=11,gap=13.876511)"
553,552,0,0,0,-,0:4|8;1:5|7;2:5|7|8;3:5|6|8;4:7|9;5:0|1|8|9;6:8;7:0|3|4|5|6;8:3|4|5|8;9:0|7|8,0:-;1:-;2:-;3:-;4:-;5:-;6:-;7:-;8:-;9:-,0@2=1;5@3=1;5@7=1;7@3=1;7@0=1;8@2=1;8@0=1;8@4=1;8@6=1;8@9=1,"2,3,7,0,4,6,9",10,10,0,10,0.0,0.0,0.0,0.0,0.0,0.0,0.0,0.0,"Feasible(status=11,gap=13.876511)"
554,553,0,0,0,-,0:4|8;1:5|7;2:5|7|8;3:5|6|8;4:7|9;5:0|1|8|9;6:8;7:0|3|4|5|6;8:3|4|5|8;9:0|7|8,0:-;1:-;2:-;3:-;4:-;5:-;6:-;7:-;8:-;9:-,3@3=1;5@3=1;7@6=1,"3,6",3,3,0,3,0.0,0.0,0.0,0.0,0.0,0.0,0.0,0.0,"Feasible(status=11,gap=13.876511)"
555,554,0,0,0,-,0:4|8;1:5|7;2:5|7|8;3:5|6|8;4:7|9;5:0|1|8|9;6:8;7:0|3|4|5|6;8:3|4|5|8;9:0|7|8,0:-;1:-;2:-;3:-;4:-;5:-;6:-;7:-;8:-;9:-,4@8=1;5@8=1;5@4=1;7@2=1;8@8=1;8@2=2;8@1=1;8@5=2;8@7=1,"8,4,2,1,5,7",11,9,0,9,0.0,0.0,0.0,0.0,0.0,0.0,0.0,0.0,"Feasible(status=11,gap=13.876511)"
556,555,0,0,0,-,0:4|8;1:5|7;2:5|7|8;3:5|6|8;4:7|9;5:0|1|8|9;6:8;7:0|3|4|5|6;8:3|4|5|8;9:0|7|8,0:-;1:-;2:-;3:-;4:-;5:-;6:-;7:-;8:-;9:-,2@2=1;3@4=1;4@0=1;4@6=1;5@4=2;5@0=1;7@2=2;7@4=1;7@0=1;7@6=1;8@4=2;8@6=1;8@1=2;8@5=2;8@7=1,"2,4,0,6,1,5,7",20,15,0,15,0.0,0.0,0.0,0.0,0.0,0.0,0.0,0.0,"Feasible(status=11,gap=13.876511)"
557,556,0,0,0,-,0:4|8;1:5|7;2:5|7|8;3:5|6|8;4:7|9;5:0|1|8|9;6:8;7:0|3|4|5|6;8:3|4|5|8;9:0|7|8,0:-;1:-;2:-;3:-;4:-;5:-;6:-;7:-;8:-;9:-,1@0=1;1@1=1;1@2=1;1@9=1;3@4=2;3@8=1;4@2=1;4@4=1;5@0=1;7@1=1;7@3=1;8@1=2;8@2=1;8@4=2;8@8=2,"0,1,2,9,4,8,3",19,15,0,15,0.0,0.0,0.0,0.0,0.0,0.0,0.0,0.0,"Feasible(status=11,gap=13.876511)"
558,557,0,0,0,-,0:4|8;1:5|7;2:5|7|8;3:5|6|8;4:7|9;5:0|1|8|9;6:8;7:0|3|4|5|6;8:3|4|5|8;9:0|7|8,0:-;1:-;2:-;3:-;4:-;5:-;6:-;7:-;8:-;9:-,1@6=1;3@7=1;4@2=1;4@8=1;5@3=1;7@3=1;8@2=2;8@3=2;8@1=1;8@4=1;8@5=1,"6,7,2,8,3,1,4,5",13,11,0,11,0.0,0.0,0.0,0.0,0.0,0.0,0.0,0.0,"Feasible(status=11,gap=13.876511)"
559,558,0,0,0,-,0:4|8;1:5|7;2:5|7|8;3:5|6|8;4:7|9;5:0|1|8|9;6:8;7:0|3|4|5|6;8:3|4|5|8;9:0|7|8,0:-;1:-;2:-;3:-;4:-;5:-;6:-;7:-;8:-;9:-,1@9=1;4@2=1;4@4=2;6@5=1;8@8=1,"9,2,4,5,8",6,5,0,5,0.0,0.0,0.0,0.0,0.0,0.0,0.0,0.0,"Feasible(status=11,gap=13.876511)"
560,559,0,0,0,-,0:4|8;1:5|7;2:5|7|8;3:5|6|8;4:7|9;5:0|1|8|9;6:8;7:0|3|4|5|6;8:3|4|5|8;9:0|7|8,0:-;1:-;2:-;3:-;4:-;5:-;6:-;7:-;8:-;9:-,0@1=1;0@4=1;0@6=1;0@9=1;3@1=1;3@9=1;3@0=1;4@1=1;4@4=2;4@3=1;5@2=1;6@1=2;6@4=1;6@0=1;7@2=1;8@8=1,"1,4,6,9,0,3,2,8",18,16,0,16,0.0,0.0,0.0,0.0,0.0,0.0,0.0,0.0,"Feasible(status=11,gap=13.876511)"
561,560,0,0,0,-,0:4|8;1:5|7;2:5|7|8;3:5|6|8;4:7|9;5:0|1|8|9;6:8;7:0|3|4|5|6;8:3|4|5|8;9:0|7|8,0:-;1:-;2:-;3:-;4:-;5:-;6:-;7:-;8:-;9:-,0@2=2;0@4=2;0@6=1;3@1=1;3@9=1;5@9=1;5@5=1;7@2=1;7@1=1;7@5=1;8@2=2;8@4=1;8@5=1,"2,4,6,1,9,5",16,13,0,13,0.0,0.0,0.0,0.0,0.0,0.0,0.0,0.0,"Feasible(status=11,gap=13.876511)"
562,561,0,0,0,-,0:4|8;1:5|7;2:5|7|8;3:5|6|8;4:7|9;5:0|1|8|9;6:8;7:0|3|4|5|6;8:3|4|5|8;9:0|7|8,0:-;1:-;2:-;3:-;4:-;5:-;6:-;7:-;8:-;9:-,0@1=1;0@2=1;0@4=1;0@6=1;0@8=2;1@6=1;4@9=2;5@9=1;7@1=1;8@4=2;8@5=1;8@7=1,"1,2,4,6,8,9,5,7",15,12,0,12,0.0,0.0,0.0,0.0,0.0,0.0,0.0,0.0,"Feasible(status=11,gap=13.876511)"
563,562,0,0,0,-,0:4|8;1:5|7;2:5|7|8;3:5|6|8;4:7|9;5:0|1|8|9;6:8;7:0|3|4|5|6;8:3|4|5|8;9:0|7|8,0:-;1:-;2:-;3:-;4:-;5:-;6:-;7:-;8:-;9:-,0@1=1;0@2=1;0@4=2;0@7=1;0@8=3;3@7=1;4@2=1;4@4=1;5@1=1;5@4=1;6@1=1;8@1=1;8@2=1;8@8=1;8@5=1,"1,2,4,7,8,5",18,15,0,15,0.0,0.0,0.0,0.0,0.0,0.0,0.0,0.0,"Feasible(status=11,gap=13.876511)"
564,563,0,0,0,-,0:4|8;1:5|7;2:5|7|8;3:5|6|8;4:7|9;5:0|1|8|9;6:8;7:0|3|4|5|6;8:3|4|5|8;9:0|7|8,0:-;1:-;2:-;3:-;4:-;5:-;6:-;7:-;8:-;9:-,0@0=1;0@1=1;0@4=1;0@5=1;0@6=1;0@9=1;1@1=1;4@4=1;4@5=1;4@9=1;5@5=1;5@9=1;7@4=1;8@9=1;8@2=2,"0,1,4,5,6,9,2",16,15,0,15,0.0,0.0,0.0,0.0,0.0,0.0,0.0,0.0,"Feasible(status=11,gap=13.876511)"
565,564,0,0,0,-,0:4|8;1:5|7;2:5|7|8;3:5|6|8;4:7|9;5:0|1|8|9;6:8;7:0|3|4|5|6;8:3|4|5|8;9:0|7|8,0:-;1:-;2:-;3:-;4:-;5:-;6:-;7:-;8:-;9:-,0@0=2;0@2=1;0@3=2;0@4=2;0@5=2;3@0=1;3@4=1;4@3=1;4@4=1;5@4=1;5@7=1;5@8=1;6@4=1;7@5=1;8@7=1;8@6=1;8@9=1,"0,2,3,4,5,7,8,6,9",21,17,0,17,0.0,0.0,0.0,0.0,0.0,0.0,0.0,0.0,"Feasible(status=11,gap=13.876511)"
566,565,0,0,0,-,0:4|8;1:5|7;2:5|7|8;3:5|6|8;4:7|9;5:0|1|8|9;6:8;7:0|3|4|5|6;8:3|4|5|8;9:0|7|8,0:-;1:-;2:-;3:-;4:-;5:-;6:-;7:-;8:-;9:-,0@1=1;0@2=2;0@4=1;0@8=1;1@8=1;1@5=1;1@9=1;3@3=1;4@4=2;4@9=1;5@1=1;5@2=2;5@4=1;5@8=1;5@9=1;5@6=2;7@6=1;7@0=1;8@8=1;8@9=1,"1,2,4,8,5,9,3,6,0",24,20,0,20,0.0,0.0,0.0,0.0,0.0,0.0,0.0,0.0,"Feasible(status=11,gap=13.876511)"
567,566,0,0,0,-,0:4|8;1:5|7;2:5|7|8;3:5|6|8;4:7|9;5:0|1|8|9;6:8;7:0|3|4|5|6;8:3|4|5|8;9:0|7|8,0:-;1:-;2:-;3:-;4:-;5:-;6:-;7:-;8:-;9:-,0@0=1;0@1=1;0@2=2;0@4=1;0@6=1;0@9=1;2@1=1;2@2=1;2@8=1;3@4=1;4@4=1;7@9=1;8@2=3;8@6=1;8@5=1,"0,1,2,4,6,9,8,5",18,15,0,15,0.0,0.0,0.0,0.0,0.0,0.0,0.0,0.0,"Feasible(status=11,gap=13.876511)"
568,567,0,0,0,-,0:4|8;1:5|7;2:5|7|8;3:5|6|8;4:7|9;5:0|1|8|9;6:8;7:0|3|4|5|6;8:3|4|5|8;9:0|7|8,0:-;1:-;2:-;3:-;4:-;5:-;6:-;7:-;8:-;9:-,0@4=1;0@5=1;1@5=1;1@2=1;4@4=1;4@3=1;4@6=1;4@7=1;8@6=1;8@9=1,"4,5,2,3,6,7,9",10,10,0,10,0.0,0.0,0.0,0.0,0.0,0.0,0.0,0.0,"Feasible(status=11,gap=13.876511)"
569,568,0,0,0,-,0:4|8;1:5|7;2:5|7|8;3:5|6|8;4:7|9;5:0|1|8|9;6:8;7:0|3|4|5|6;8:3|4|5|8;9:0|7|8,0:-;1:-;2:-;3:-;4:-;5:-;6:-;7:-;8:-;9:-,0@1=1;0@7=2;6@6=1;7@8=1;8@0=1;8@2=1;8@4=1,"1,7,6,8,0,2,4",8,7,0,7,0.0,0.0,0.0,0.0,0.0,0.0,0.0,0.0,"Feasible(status=11,gap=13.876511)"
570,569,0,0,0,-,0:4|8;1:5|7;2:5|7|8;3:5|6|8;4:7|9;5:0|1|8|9;6:8;7:0|3|4|5|6;8:3|4|5|8;9:0|7|8,0:-;1:-;2:-;3:-;4:-;5:-;6:-;7:-;8:-;9:-,0@1=3;0@2=1;0@3=1;0@7=1;3@1=1;3@5=1;3@6=1;4@1=1;4@2=1;4@3=1;4@4=1;5@1=1;7@2=2;8@2=1;8@6=1;8@4=3,"1,2,3,7,5,6,4",21,16,0,16,0.0,0.0,0.0,0.0,0.0,0.0,0.0,0.0,"Feasible(status=11,gap=13.876511)"
571,570,0,0,0,-,0:4|8;1:5|7;2:5|7|8;3:5|6|8;4:7|9;5:0|1|8|9;6:8;7:0|3|4|5|6;8:3|4|5|8;9:0|7|8,0:-;1:-;2:-;3:-;4:-;5:-;6:-;7:-;8:-;9:-,0@1=2;0@2=1;0@3=1;0@4=2;0@5=1;0@8=2;1@2=1;1@7=1;2@1=1;2@2=1;2@8=2;3@0=1;4@3=1;4@7=1;5@1=2;5@2=1;5@8=2;5@7=1;5@0=1;6@8=1;8@1=3;8@8=1;8@0=1;8@6=1,"1,2,3,4,5,8,7,0,6",32,24,0,24,0.0,0.0,0.0,0.0,0.0,0.0,0.0,0.0,"Feasible(status=11,gap=13.876511)"
572,571,0,0,0,-,0:4|8;1:5|7;2:5|7|8;3:5|6|8;4:7|9;5:0|1|8|9;6:8;7:0|3|4|5|6;8:3|4|5|8;9:0|7|8,0:-;1:-;2:-;3:-;4:-;5:-;6:-;7:-;8:-;9:-,0@1=1;0@4=2;0@5=1;1@4=1;1@3=1;2@1=2;2@4=1;2@3=1;2@0=1;2@2=1;2@6=1;3@3=1;4@7=1;7@1=1;7@4=1;8@1=1;8@2=1;8@9=1,"1,4,5,3,0,2,6,7,9",20,18,0,18,0.0,0.0,0.0,0.0,0.0,0.0,0.0,0.0,"Feasible(status=11,gap=13.876511)"
573,572,0,0,0,-,0:4|8;1:5|7;2:5|7|8;3:5|6|8;4:7|9;5:0|1|8|9;6:8;7:0|3|4|5|6;8:3|4|5|8;9:0|7|8,0:-;1:-;2:-;3:-;4:-;5:-;6:-;7:-;8:-;9:-,0@0=1;1@2=1;2@2=1;2@1=1;2@5=1;2@6=1;3@1=2;4@5=1;4@8=1;5@7=1;5@9=1;7@1=1;7@9=1;8@1=1;8@9=1;8@3=1,"0,2,1,5,6,8,7,9,3",17,16,0,16,0.0,0.0,0.0,0.0,0.0,0.0,0.0,0.0,"Feasible(status=11,gap=13.876511)"
574,573,0,0,0,-,0:4|8;1:5|7;2:5|7|8;3:5|6|8;4:7|9;5:0|1|8|9;6:8;7:0|3|4|5|6;8:3|4|5|8;9:0|7|8,0:-;1:-;2:-;3:-;4:-;5:-;6:-;7:-;8:-;9:-,0@2=1;0@3=1;2@1=3;2@4=2;4@1=1;7@3=1;8@1=1;8@5=1;8@7=1,"2,3,1,4,5,7",12,9,0,9,0.0,0.0,0.0,0.0,0.0,0.0,0.0,0.0,"Feasible(status=11,gap=13.876511)"
575,574,0,0,0,-,0:4|8;1:5|7;2:5|7|8;3:5|6|8;4:7|9;5:0|1|8|9;6:8;7:0|3|4|5|6;8:3|4|5|8;9:0|7|8,0:-;1:-;2:-;3:-;4:-;5:-;6:-;7:-;8:-;9:-,0@1=1;0@4=1;2@1=1;2@3=1;2@6=1;4@1=1;6@1=1;8@4=1,"1,4,3,6",8,8,0,8,0.0,0.0,0.0,0.0,0.0,0.0,0.0,0.0,"Feasible(status=11,gap=13.876511)"
576,575,0,0,0,-,0:4|8;1:5|7;2:5|7|8;3:5|6|8;4:7|9;5:0|1|8|9;6:8;7:0|3|4|5|6;8:3|4|5|8;9:0|7|8,0:-;1:-;2:-;3:-;4:-;5:-;6:-;7:-;8:-;9:-,3@2=2;3@8=1;4@4=1;5@0=1;7@6=1,"2,8,4,0,6",6,5,0,5,0.0,0.0,0.0,0.0,0.0,0.0,0.0,0.0,"Feasible(status=11,gap=13.876511)"
577,576,0,0,0,-,0:4|8;1:5|7;2:5|7|8;3:5|6|8;4:7|9;5:0|1|8|9;6:8;7:0|3|4|5|6;8:3|4|5|8;9:0|7|8,0:-;1:-;2:-;3:-;4:-;5:-;6:-;7:-;8:-;9:-,0@0=1;0@1=2;0@3=1;0@4=2;0@5=1;0@8=1;0@9=1;2@5=1;2@2=2;2@6=1;4@0=1;4@9=1;4@2=1;4@6=1;6@0=1;6@5=1;7@3=1;7@2=1;8@0=1;8@3=1;8@4=1,"0,1,3,4,5,8,9,2,6",24,21,0,21,0.0,0.0,0.0,0.0,0.0,0.0,0.0,0.0,"Feasible(status=11,gap=13.876511)"
578,577,0,0,0,-,0:4|8;1:5|7;2:5|7|8;3:5|6|8;4:7|9;5:0|1|8|9;6:8;7:0|3|4|5|6;8:3|4|5|8;9:0|7|8,0:-;1:-;2:-;3:-;4:-;5:-;6:-;7:-;8:-;9:-,0@0=1;0@1=1;0@2=1;0@3=2;0@4=2;0@5=1;0@6=2;0@9=2;2@0=1;2@1=2;2@2=2;2@4=2;3@0=1;3@1=1;3@4=1;3@5=1;4@2=1;4@4=1;4@8=1;5@1=2;5@2=1;5@3=1;6@1=1;7@4=2;7@6=1;8@2=2;8@4=1;8@5=1;8@9=1,"0,1,2,3,4,5,6,9,8",39,29,0,29,0.0,0.0,0.0,0.0,0.0,0.0,0.0,0.0,"Feasible(status=11,gap=13.876511)"
579,578,0,0,0,-,0:4|8;1:5|7;2:5|7|8;3:5|6|8;4:7|9;5:0|1|8|9;6:8;7:0|3|4|5|6;8:3|4|5|8;9:0|7|8,0:-;1:-;2:-;3:-;4:-;5:-;6:-;7:-;8:-;9:-,0@0=1;0@1=1;0@3=1;0@4=1;0@5=1;0@8=1;2@0=1;2@4=1;2@8=1;3@3=1;3@2=1;3@7=1;4@1=1;4@4=3;5@4=1;5@9=1;6@4=1;6@2=1;6@6=1;8@8=1;8@7=1,"0,1,3,4,5,8,2,7,9,6",23,21,0,21,0.0,0.0,0.0,0.0,0.0,0.0,0.0,0.0,"Feasible(status=11,gap=13.876511)"
580,579,0,0,0,-,0:4|8;1:5|7;2:5|7|8;3:5|6|8;4:7|9;5:0|1|8|9;6:8;7:0|3|4|5|6;8:3|4|5|8;9:0|7|8,0:-;1:-;2:-;3:-;4:-;5:-;6:-;7:-;8:-;9:-,0@0=1;0@1=1;0@2=2;0@4=1;2@0=2;2@1=1;2@2=1;2@4=1;2@5=1;2@6=1;2@7=1;2@8=1;5@0=1;5@1=1;6@5=1;7@4=1;7@5=1;8@5=1,"0,1,2,4,5,6,7,8",20,18,0,18,0.0,0.0,0.0,0.0,0.0,0.0,0.0,0.0,"Feasible(status=11,gap=13.876511)"
581,580,0,0,0,-,0:4|8;1:5|7;2:5|7|8;3:5|6|8;4:7|9;5:0|1|8|9;6:8;7:0|3|4|5|6;8:3|4|5|8;9:0|7|8,0:-;1:-;2:-;3:-;4:-;5:-;6:-;7:-;8:-;9:-,0@2=2;0@3=1;0@5=2;0@6=1;0@8=1;1@2=1;1@1=1;3@5=1;4@1=1;5@6=1;5@1=1;5@4=2;8@2=1;8@6=1;8@8=3;8@1=2;8@4=1,"2,3,5,6,8,1,4",23,17,0,17,0.0,0.0,0.0,0.0,0.0,0.0,0.0,0.0,"Feasible(status=11,gap=13.876511)"
582,581,0,0,0,-,0:4|8;1:5|7;2:5|7|8;3:5|6|8;4:7|9;5:0|1|8|9;6:8;7:0|3|4|5|6;8:3|4|5|8;9:0|7|8,0:-;1:-;2:-;3:-;4:-;5:-;6:-;7:-;8:-;9:-,0@4=1;2@1=1;3@4=1;4@7=1;5@2=1;8@4=1,"4,1,7,2",6,6,0,6,0.0,0.0,0.0,0.0,0.0,0.0,0.0,0.0,"Feasible(status=11,gap=13.876511)"
583,582,0,0,0,-,0:4|8;1:5|7;2:5|7|8;3:5|6|8;4:7|9;5:0|1|8|9;6:8;7:0|3|4|5|6;8:3|4|5|8;9:0|7|8,0:-;1:-;2:-;3:-;4:-;5:-;6:-;7:-;8:-;9:-,0@9=1;4@1=1;4@2=1;4@4=2;5@0=1;8@1=1;8@2=2;8@6=1,"9,1,2,4,0,6",10,8,0,8,0.0,0.0,0.0,0.0,0.0,0.0,0.0,0.0,"Feasible(status=11,gap=13.876511)"
584,583,0,0,0,-,0:4|8;1:5|7;2:5|7|8;3:5|6|8;4:7|9;5:0|1|8|9;6:8;7:0|3|4|5|6;8:3|4|5|8;9:0|7|8,0:-;1:-;2:-;3:-;4:-;5:-;6:-;7:-;8:-;9:-,0@1=1;0@2=1;0@4=1;0@5=1;0@6=1;3@4=1;4@1=1;4@2=1;4@3=1;5@2=1;5@4=1;5@6=2;5@9=2;6@6=1;7@2=2;7@3=1;7@9=1;8@9=1;8@0=1;8@8=1,"1,2,4,5,6,3,9,0,8",23,20,0,20,0.0,0.0,0.0,0.0,0.0,0.0,0.0,0.0,"Feasible(status=11,gap=13.876511)"
585,584,0,0,0,-,0:4|8;1:5|7;2:5|7|8;3:5|6|8;4:7|9;5:0|1|8|9;6:8;7:0|3|4|5|6;8:3|4|5|8;9:0|7|8,0:-;1:-;2:-;3:-;4:-;5:-;6:-;7:-;8:-;9:-,0@1=1;0@2=1;3@1=1;3@2=1;3@0=1;3@4=2;4@1=2;4@4=2;4@3=1;4@5=1;4@6=2;4@7=1;5@9=1;6@1=1;6@2=1;6@4=2;6@5=3;6@9=1;7@9=1;7@8=2;8@2=2;8@0=1;8@4=1;8@5=1,"1,2,0,4,3,5,6,7,9,8",33,24,0,24,0.0,0.0,0.0,0.0,0.0,0.0,0.0,0.0,"Feasible(status=11,gap=13.876511)"
586,585,0,0,0,-,0:4|8;1:5|7;2:5|7|8;3:5|6|8;4:7|9;5:0|1|8|9;6:8;7:0|3|4|5|6;8:3|4|5|8;9:0|7|8,0:-;1:-;2:-;3:-;4:-;5:-;6:-;7:-;8:-;9:-,1@5=1;2@3=1;3@5=1;3@3=1;3@9=1;4@1=1;4@4=2;4@6=1;4@8=2;5@9=1;5@4=1;5@6=1;5@8=1;5@2=1;6@3=1;6@4=1;6@6=3;6@8=1;6@2=2;6@0=1;8@7=1,"5,3,9,1,4,6,8,2,0,7",26,21,0,21,0.0,0.0,0.0,0.0,0.0,0.0,0.0,0.0,"Feasible(status=11,gap=13.876511)"
587,586,0,0,0,-,0:4|8;1:5|7;2:5|7|8;3:5|6|8;4:7|9;5:0|1|8|9;6:8;7:0|3|4|5|6;8:3|4|5|8;9:0|7|8,0:-;1:-;2:-;3:-;4:-;5:-;6:-;7:-;8:-;9:-,3@4=1;4@4=1;4@1=1;4@2=4;4@3=1;4@6=1;5@4=1;5@2=2;5@0=1;6@4=1;6@1=2;6@2=1;6@7=1;6@8=1;7@6=1;7@9=1;8@4=1;8@2=2,"4,1,2,3,6,0,7,8,9",24,18,0,18,0.0,0.0,0.0,0.0,0.0,0.0,0.0,0.0,"Feasible(status=11,gap=13.876511)"
588,587,0,0,0,-,0:4|8;1:5|7;2:5|7|8;3:5|6|8;4:7|9;5:0|1|8|9;6:8;7:0|3|4|5|6;8:3|4|5|8;9:0|7|8,0:-;1:-;2:-;3:-;4:-;5:-;6:-;7:-;8:-;9:-,3@4=2;3@9=1;4@9=1;4@1=1;4@2=2;4@3=1;4@5=1;5@4=2;6@4=1;6@9=1;6@1=1;6@2=3;6@6=1;6@7=1;7@4=1;7@9=1;7@1=1;7@3=1;7@7=1;8@1=1,"4,9,1,2,3,5,6,7",25,20,0,20,0.0,0.0,0.0,0.0,0.0,0.0,0.0,0.0,"Feasible(status=11,gap=13.876511)"
589,588,0,0,0,-,0:4|8;1:5|7;2:5|7|8;3:5|6|8;4:7|9;5:0|1|8|9;6:8;7:0|3|4|5|6;8:3|4|5|8;9:0|7|8,0:-;1:-;2:-;3:-;4:-;5:-;6:-;7:-;8:-;9:-,2@6=1;3@4=1;4@4=2;4@0=2;4@2=1;4@3=1;4@8=1;5@4=1;5@9=1;6@8=1;8@6=1,"6,4,0,2,3,8,9",13,11,0,11,0.0,0.0,0.0,0.0,0.0,0.0,0.0,0.0,"Feasible(status=11,gap=13.876511)"
590,589,0,0,0,-,0:4|8;1:5|7;2:5|7|8;3:5|6|8;4:7|9;5:0|1|8|9;6:8;7:0|3|4|5|6;8:3|4|5|8;9:0|7|8,0:-;1:-;2:-;3:-;4:-;5:-;6:-;7:-;8:-;9:-,1@1=1;4@9=1;5@9=1;5@2=1;6@2=1;6@4=1;6@8=1;7@4=1;7@7=1;8@4=1,"1,9,2,4,8,7",10,10,0,10,0.0,0.0,0.0,0.0,0.0,0.0,0.0,0.0,"Feasible(status=11,gap=13.876511)"
591,590,0,0,0,-,0:4|8;1:5|7;2:5|7|8;3:5|6|8;4:7|9;5:0|1|8|9;6:8;7:0|3|4|5|6;8:3|4|5|8;9:0|7|8,0:-;1:-;2:-;3:-;4:-;5:-;6:-;7:-;8:-;9:-,3@3=1;3@5=2;3@6=1;4@3=1;4@6=2;4@0=1;4@1=1;4@2=2;4@4=1;4@7=1;4@8=1;5@6=1;5@0=1;5@1=1;5@9=2;6@8=1;7@3=1;7@4=1;8@6=1;8@1=1;8@2=1;8@4=1;8@7=1;8@9=1,"3,5,6,0,1,2,4,7,8,9",28,24,0,24,0.0,0.0,0.0,0.0,0.0,0.0,0.0,0.0,"Feasible(status=11,gap=13.876511)"
592,591,0,0,0,-,0:4|8;1:5|7;2:5|7|8;3:5|6|8;4:7|9;5:0|1|8|9;6:8;7:0|3|4|5|6;8:3|4|5|8;9:0|7|8,0:-;1:-;2:-;3:-;4:-;5:-;6:-;7:-;8:-;9:-,2@9=1;3@0=1;3@1=2;3@3=1;3@4=2;3@6=1;4@9=2;4@1=1;4@3=1;4@4=4;4@6=1;4@5=1;5@9=1;5@0=2;5@1=1;5@4=2;5@7=1;6@9=1;6@1=2;6@4=1;6@2=1;7@9=1;7@4=2;7@7=1;7@2=2;8@9=1;8@1=1;8@4=1;8@8=1,"9,0,1,3,4,6,5,7,2,8",40,29,0,29,0.0,0.0,0.0,0.0,0.0,0.0,0.0,0.0,"Feasible(status=11,gap=13.876511)"
593,592,0,0,0,-,0:4|8;1:5|7;2:5|7|8;3:5|6|8;4:7|9;5:0|1|8|9;6:8;7:0|3|4|5|6;8:3|4|5|8;9:0|7|8,0:-;1:-;2:-;3:-;4:-;5:-;6:-;7:-;8:-;9:-,2@1=1;2@4=1;2@6=1;2@7=2;3@1=1;3@6=1;3@7=1;3@0=1;3@2=2;4@4=1;4@6=1;4@7=1;4@2=2;4@8=1;5@6=1;5@2=1;5@8=1;5@5=1;7@4=2;7@6=1;7@0=1;7@2=2;7@8=1;7@3=1;7@9=1;8@6=1;8@2=2;8@3=1,"1,4,6,7,0,2,8,5,3,9",34,28,0,28,0.0,0.0,0.0,0.0,0.0,0.0,0.0,0.0,"Feasible(status=11,gap=13.876511)"
594,593,0,0,0,-,0:4|8;1:5|7;2:5|7|8;3:5|6|8;4:7|9;5:0|1|8|9;6:8;7:0|3|4|5|6;8:3|4|5|8;9:0|7|8,0:-;1:-;2:-;3:-;4:-;5:-;6:-;7:-;8:-;9:-,2@9=1;3@1=1;3@2=2;3@4=2;4@9=1;4@2=1;4@5=1;5@4=2;5@3=1;5@6=2;7@2=3;7@4=1,"9,1,2,4,5,3,6",18,12,0,12,0.0,0.0,0.0,0.0,0.0,0.0,0.0,0.0,"Feasible(status=11,gap=13.876511)"
595,594,0,0,0,-,0:4|8;1:5|7;2:5|7|8;3:5|6|8;4:7|9;5:0|1|8|9;6:8;7:0|3|4|5|6;8:3|4|5|8;9:0|7|8,0:-;1:-;2:-;3:-;4:-;5:-;6:-;7:-;8:-;9:-,0@0=1;2@1=1;2@2=1;2@9=1;3@0=1;4@2=2;4@3=1;4@4=1;4@5=1;5@0=2;5@2=1;5@8=1;7@2=1;7@9=1;7@3=1;7@4=2;7@5=1;8@0=1;8@1=1;8@4=3,"0,1,2,9,3,4,5,8",25,20,0,20,0.0,0.0,0.0,0.0,0.0,0.0,0.0,0.0,"Feasible(status=11,gap=13.876511)"
596,595,0,0,0,-,0:4|8;1:5|7;2:5|7|8;3:5|6|8;4:7|9;5:0|1|8|9;6:8;7:0|3|4|5|6;8:3|4|5|8;9:0|7|8,0:-;1:-;2:-;3:-;4:-;5:-;6:-;7:-;8:-;9:-,2@1=2;2@4=1;4@0=1;4@7=1;5@4=1;5@7=1;7@4=1,"1,4,0,7",8,7,0,7,0.0,0.0,0.0,0.0,0.0,0.0,0.0,0.0,"Feasible(status=11,gap=13.876511)"
597,596,0,0,0,-,0:4|8;1:5|7;2:5|7|8;3:5|6|8;4:7|9;5:0|1|8|9;6:8;7:0|3|4|5|6;8:3|4|5|8;9:0|7|8,0:-;1:-;2:-;3:-;4:-;5:-;6:-;7:-;8:-;9:-,1@1=1;3@4=1;4@0=1;5@4=1;5@2=1;5@9=1;7@1=1;7@6=1;8@4=1;8@6=2;8@5=1;8@8=1,"1,4,0,2,9,6,5,8",13,12,0,12,0.0,0.0,0.0,0.0,0.0,0.0,0.0,0.0,"Feasible(status=11,gap=13.876511)"
598,597,0,0,0,-,0:4|8;1:5|7;2:5|7|8;3:5|6|8;4:7|9;5:0|1|8|9;6:8;7:0|3|4|5|6;8:3|4|5|8;9:0|7|8,0:-;1:-;2:-;3:-;4:-;5:-;6:-;7:-;8:-;9:-,0@1=2;0@2=1;0@4=1;0@5=1;0@6=1;0@8=1;2@4=1;2@5=1;3@1=1;4@2=1;4@4=3;4@6=3;4@8=3;5@2=2;5@4=2;5@5=1;5@6=1;5@0=1;5@3=1;7@1=1;7@2=1;7@5=1;7@3=1;7@9=1;8@2=1;8@8=1;8@3=1;8@9=1,"1,2,4,5,6,8,0,3,9",37,28,0,28,0.0,0.0,0.0,0.0,0.0,0.0,0.0,0.0,"Feasible(status=11,gap=13.876511)"
599,598,0,0,0,-,0:4|8;1:5|7;2:5|7|8;3:5|6|8;4:7|9;5:0|1|8|9;6:8;7:0|3|4|5|6;8:3|4|5|8;9:0|7|8,0:-;1:-;2:-;3:-;4:-;5:-;6:-;7:-;8:-;9:-,0@0=2;0@2=2;0@3=1;0@4=1;0@5=1;0@7=1;0@8=1;2@3=1;2@4=1;2@9=2;3@0=1;3@2=1;3@7=1;3@9=1;4@4=1;4@1=2;5@3=1;7@2=2;7@4=1;7@8=1;8@8=1;8@6=1,"0,2,3,4,5,7,8,9,1,6",27,22,0,22,0.0,0.0,0.0,0.0,0.0,0.0,0.0,0.0,"Feasible(status=11,gap=13.876511)"
600,599,0,0,0,-,0:4|8;1:5|7;2:5|7|8;3:5|6|8;4:7|9;5:0|1|8|9;6:8;7:0|3|4|5|6;8:3|4|5|8;9:0|7|8,0:-;1:-;2:-;3:-;4:-;5:-;6:-;7:-;8:-;9:-,0@0=1;0@1=2;0@2=3;0@3=3;0@4=1;0@5=1;0@8=1;2@1=1;2@2=1;2@7=3;2@9=2;4@2=1;4@7=2;5@1=1;5@3=1;5@8=1;7@1=1;7@8=2;7@6=1;8@4=2;8@9=1;8@6=1,"0,1,2,3,4,5,8,7,9,6",33,22,0,22,0.0,0.0,0.0,0.0,0.0,0.0,0.0,0.0,"Feasible(status=11,gap=13.876511)"
601,600,0,0,0,-,0:4|8;1:5|7;2:5|7|8;3:5|6|8;4:7|9;5:0|1|8|9;6:8;7:0|3|4|5|6;8:3|4|5|8;9:0|7|8,0:-;1:-;2:-;3:-;4:-;5:-;6:-;7:-;8:-;9:-,0@1=1;0@2=1;0@3=1;0@4=1;0@6=1;2@1=1;2@4=1;2@5=1;2@7=1;3@4=1;4@1=3;4@2=1;4@6=1;4@7=1;5@2=1;5@8=1;7@1=1;7@5=1;7@7=1,"1,2,3,4,6,5,7,8",21,19,0,19,0.0,0.0,0.0,0.0,0.0,0.0,0.0,0.0,"Feasible(status=11,gap=13.876511)"
602,601,0,0,0,-,0:4|8;1:5|7;2:5|7|8;3:5|6|8;4:7|9;5:0|1|8|9;6:8;7:0|3|4|5|6;8:3|4|5|8;9:0|7|8,0:-;1:-;2:-;3:-;4:-;5:-;6:-;7:-;8:-;9:-,0@2=1;0@4=1;0@8=1;0@9=1;2@2=1;2@4=1;2@9=1;2@0=1;2@6=1;3@6=1;3@7=1;4@2=1;5@3=1;7@1=1;8@4=1;8@7=1;8@1=1,"2,4,8,9,0,6,7,3,1",17,17,0,17,0.0,0.0,0.0,0.0,0.0,0.0,0.0,0.0,"Feasible(status=11,gap=13.876511)"
603,602,0,0,0,-,0:4|8;1:5|7;2:5|7|8;3:5|6|8;4:7|9;5:0|1|8|9;6:8;7:0|3|4|5|6;8:3|4|5|8;9:0|7|8,0:-;1:-;2:-;3:-;4:-;5:-;6:-;7:-;8:-;9:-,0@0=1;0@1=1;0@2=1;0@6=1;2@4=2;2@5=1;2@9=1;3@7=1;5@6=1;5@7=1;7@6=1;7@4=1;7@5=1;7@3=1;8@2=2;8@4=2,"0,1,2,6,4,5,9,7,3",19,16,0,16,0.0,0.0,0.0,0.0,0.0,0.0,0.0,0.0,"Feasible(status=11,gap=13.876511)"
604,603,0,0,0,-,0:4|8;1:5|7;2:5|7|8;3:5|6|8;4:7|9;5:0|1|8|9;6:8;7:0|3|4|5|6;8:3|4|5|8;9:0|7|8,0:-;1:-;2:-;3:-;4:-;5:-;6:-;7:-;8:-;9:-,0@4=1;2@2=1;2@7=1;3@6=1;3@8=1;4@4=2;4@2=1;4@7=1;4@3=2;5@4=2;5@7=1;5@6=1;5@9=1;7@4=1;8@5=1,"4,2,7,6,8,3,9,5",18,15,0,15,0.0,0.0,0.0,0.0,0.0,0.0,0.0,0.0,"Feasible(status=11,gap=13.876511)"
605,604,0,0,0,-,0:4|8;1:5|7;2:5|7|8;3:5|6|8;4:7|9;5:0|1|8|9;6:8;7:0|3|4|5|6;8:3|4|5|8;9:0|7|8,0:-;1:-;2:-;3:-;4:-;5:-;6:-;7:-;8:-;9:-,3@0=1;3@9=1;4@9=1;4@2=1;4@6=2;4@7=1;5@2=1;5@3=1;7@2=1;7@6=1;7@5=1;8@7=1;8@1=1,"0,9,2,6,7,3,5,1",14,13,0,13,0.0,0.0,0.0,0.0,0.0,0.0,0.0,0.0,"Feasible(status=11,gap=13.876511)"
606,605,0,0,0,-,0:4|8;1:5|7;2:5|7|8;3:5|6|8;4:7|9;5:0|1|8|9;6:8;7:0|3|4|5|6;8:3|4|5|8;9:0|7|8,0:-;1:-;2:-;3:-;4:-;5:-;6:-;7:-;8:-;9:-,0@9=1;1@2=1;2@3=1;3@9=1;3@7=1;4@9=1;4@2=4;4@0=1;4@4=2;4@8=1;5@3=1;5@0=1;5@8=1;5@1=1;6@4=1;7@9=1;7@7=1;7@4=1;7@1=2;7@5=1;8@4=1,"9,2,3,7,0,4,8,1,5",26,21,0,21,0.0,0.0,0.0,0.0,0.0,0.0,0.0,0.0,"Feasible(status=11,gap=13.876511)"
607,606,0,0,0,-,0:4|8;1:5|7;2:5|7|8;3:5|6|8;4:7|9;5:0|1|8|9;6:8;7:0|3|4|5|6;8:3|4|5|8;9:0|7|8,0:-;1:-;2:-;3:-;4:-;5:-;6:-;7:-;8:-;9:-,1@0=1;1@1=2;1@2=2;1@4=1;1@5=1;1@6=1;1@8=1;1@9=1;3@2=1;4@0=1;4@2=2;4@4=2;4@5=1;5@1=1;5@2=1;5@4=1;5@7=1;7@2=1;7@5=1;7@7=1;8@9=1,"0,1,2,4,5,6,8,9,7",25,21,0,21,0.0,0.0,0.0,0.0,0.0,0.0,0.0,0.0,"Feasible(status=11,gap=13.876511)"
608,607,0,0,0,-,0:4|8;1:5|7;2:5|7|8;3:5|6|8;4:7|9;5:0|1|8|9;6:8;7:0|3|4|5|6;8:3|4|5|8;9:0|7|8,0:-;1:-;2:-;3:-;4:-;5:-;6:-;7:-;8:-;9:-,0@1=1;0@2=1;0@4=1;0@6=1;0@8=1;0@9=2;1@2=2;1@4=5;1@6=1;3@2=1;3@4=1;3@9=1;4@1=1;4@2=2;4@4=1;4@8=1;4@5=1;5@1=1;5@4=2;5@3=1;7@5=1;7@0=1;8@1=1;8@4=1;8@9=1;8@3=1,"1,2,4,6,8,9,5,3,0",34,26,0,26,0.0,0.0,0.0,0.0,0.0,0.0,0.0,0.0,"Feasible(status=11,gap=13.876511)"
609,608,0,0,0,-,0:4|8;1:5|7;2:5|7|8;3:5|6|8;4:7|9;5:0|1|8|9;6:8;7:0|3|4|5|6;8:3|4|5|8;9:0|7|8,0:-;1:-;2:-;3:-;4:-;5:-;6:-;7:-;8:-;9:-,0@1=1;0@2=1;0@3=1;0@4=1;0@5=1;0@6=1;0@7=1;0@8=2;1@1=1;1@2=1;1@3=1;1@4=1;1@7=1;1@0=1;1@9=3;3@2=1;3@5=1;3@8=1;4@2=4;4@4=2;4@7=2;5@1=1;5@2=1;5@4=1;5@7=1;7@0=1;8@3=1;8@4=1,"1,2,3,4,5,6,7,8,0,9",36,28,0,28,0.0,0.0,0.0,0.0,0.0,0.0,0.0,0.0,"Feasible(status=11,gap=13.876511)"
610,609,0,0,0,-,0:4|8;1:5|7;2:5|7|8;3:5|6|8;4:7|9;5:0|1|8|9;6:8;7:0|3|4|5|6;8:3|4|5|8;9:0|7|8,0:-;1:-;2:-;3:-;4:-;5:-;6:-;7:-;8:-;9:-,0@1=1;0@2=1;0@3=1;0@4=1;0@6=2;1@1=1;1@2=1;1@0=1;1@7=1;3@3=1;4@1=1;4@2=1;5@1=1;5@4=1;5@5=1,"1,2,3,4,6,0,7,5",16,15,0,15,0.0,0.0,0.0,0.0,0.0,0.0,0.0,0.0,"Feasible(status=11,gap=13.876511)"
611,610,0,0,0,-,0:4|8;1:5|7;2:5|7|8;3:5|6|8;4:7|9;5:0|1|8|9;6:8;7:0|3|4|5|6;8:3|4|5|8;9:0|7|8,0:-;1:-;2:-;3:-;4:-;5:-;6:-;7:-;8:-;9:-,0@0=1;0@2=1;4@9=1;5@1=1;5@6=1;7@0=1;7@3=1,"0,2,9,1,6,3",7,7,0,7,0.0,0.0,0.0,0.0,0.0,0.0,0.0,0.0,"Feasible(status=11,gap=13.876511)"
612,611,0,0,0,-,0:4|8;1:5|7;2:5|7|8;3:5|6|8;4:7|9;5:0|1|8|9;6:8;7:0|3|4|5|6;8:3|4|5|8;9:0|7|8,0:-;1:-;2:-;3:-;4:-;5:-;6:-;7:-;8:-;9:-,0@2=1;0@4=4;0@7=1;4@2=2;4@7=1;4@6=1;4@8=1;5@0=1;5@5=1;7@4=1;7@0=1;7@1=1;8@2=2;8@4=2;8@1=1,"2,4,7,6,8,0,5,1",21,15,0,15,0.0,0.0,0.0,0.0,0.0,0.0,0.0,0.0,"Feasible(status=11,gap=13.876511)"
613,612,0,0,0,-,0:4|8;1:5|7;2:5|7|8;3:5|6|8;4:7|9;5:0|1|8|9;6:8;7:0|3|4|5|6;8:3|4|5|8;9:0|7|8,0:-;1:-;2:-;3:-;4:-;5:-;6:-;7:-;8:-;9:-,0@0=2;0@1=1;0@2=4;0@4=3;0@7=1;0@9=1;1@5=1;4@0=1;4@2=2;4@7=1;4@9=1;4@8=1;5@1=1;5@4=1;5@8=1;7@9=1;7@3=1;7@6=1;8@7=1,"0,1,2,4,7,9,5,8,3,6",26,19,0,19,0.0,0.0,0.0,0.0,0.0,0.0,0.0,0.0,"Feasible(status=11,gap=13.876511)"
614,613,0,0,0,-,0:4|8;1:5|7;2:5|7|8;3:5|6|8;4:7|9;5:0|1|8|9;6:8;7:0|3|4|5|6;8:3|4|5|8;9:0|7|8,0:-;1:-;2:-;3:-;4:-;5:-;6:-;7:-;8:-;9:-,0@2=1;0@8=3;4@5=2;4@7=1;5@3=1;5@4=1;5@6=1;7@8=1;7@6=1;8@7=1,"2,8,5,7,3,4,6",13,10,0,10,0.0,0.0,0.0,0.0,0.0,0.0,0.0,0.0,"Feasible(status=11,gap=13.876511)"
615,614,0,0,0,-,0:4|8;1:5|7;2:5|7|8;3:5|6|8;4:7|9;5:0|1|8|9;6:8;7:0|3|4|5|6;8:3|4|5|8;9:0|7|8,0:-;1:-;2:-;3:-;4:-;5:-;6:-;7:-;8:-;9:-,0@2=3;0@4=1;0@6=1;0@7=1;1@2=2;1@4=1;2@3=1;3@2=1;4@2=1;4@4=2;4@0=2;4@1=1;4@5=3;5@2=1;5@4=1;5@6=1;5@7=1;5@1=1;5@9=1;7@2=1;8@4=1;8@3=1;8@8=1,"2,4,6,7,3,0,1,5,9,8",30,23,0,23,0.0,0.0,0.0,0.0,0.0,0.0,0.0,0.0,"Feasible(status=11,gap=13.876511)"
616,615,0,0,0,-,0:4|8;1:5|7;2:5|7|8;3:5|6|8;4:7|9;5:0|1|8|9;6:8;7:0|3|4|5|6;8:3|4|5|8;9:0|7|8,0:-;1:-;2:-;3:-;4:-;5:-;6:-;7:-;8:-;9:-,1@1=1;1@2=2;1@3=1;1@4=1;1@8=3;3@3=1;4@2=1;4@3=1;4@4=1;4@5=1;4@9=1;5@2=1;7@2=1;7@4=1,"1,2,3,4,8,5,9",17,14,0,14,0.0,0.0,0.0,0.0,0.0,0.0,0.0,0.0,"Feasible(status=11,gap=13.876511)"
617,616,0,0,0,-,0:4|8;1:5|7;2:5|7|8;3:5|6|8;4:7|9;5:0|1|8|9;6:8;7:0|3|4|5|6;8:3|4|5|8;9:0|7|8,0:-;1:-;2:-;3:-;4:-;5:-;6:-;7:-;8:-;9:-,1@3=2;1@6=1;1@9=1;4@3=1;4@6=1;4@9=1;4@2=2;4@4=1;5@9=1,"3,6,9,2,4",11,9,0,9,0.0,0.0,0.0,0.0,0.0,0.0,0.0,0.0,"Feasible(status=11,gap=13.876511)"
618,617,0,0,0,-,0:4|8;1:5|7;2:5|7|8;3:5|6|8;4:7|9;5:0|1|8|9;6:8;7:0|3|4|5|6;8:3|4|5|8;9:0|7|8,0:-;1:-;2:-;3:-;4:-;5:-;6:-;7:-;8:-;9:-,4@1=1;4@9=1;7@0=1;7@4=1;7@5=1;8@4=1;8@2=2;8@3=1,"1,9,0,4,5,2,3",9,8,0,8,0.0,0.0,0.0,0.0,0.0,0.0,0.0,0.0,"Feasible(status=11,gap=13.876511)"
619,618,0,0,0,-,0:4|8;1:5|7;2:5|7|8;3:5|6|8;4:7|9;5:0|1|8|9;6:8;7:0|3|4|5|6;8:3|4|5|8;9:0|7|8,0:-;1:-;2:-;3:-;4:-;5:-;6:-;7:-;8:-;9:-,0@0=1;0@2=1;0@3=1;0@4=1;0@5=2;0@6=1;0@7=1;1@0=1;1@2=2;1@4=1;1@6=1;1@7=1;1@1=1;2@0=2;2@5=2;2@7=1;2@1=1;2@8=1;4@2=1;4@3=1;4@4=1;4@5=1;4@7=1;4@1=1;5@4=1;5@8=1;7@2=2;8@0=1;8@2=1;8@7=1,"0,2,3,4,5,6,7,1,8",35,30,0,30,0.0,0.0,0.0,0.0,0.0,0.0,0.0,0.0,"Feasible(status=11,gap=13.876511)"
620,619,0,0,0,-,0:4|8;1:5|7;2:5|7|8;3:5|6|8;4:7|9;5:0|1|8|9;6:8;7:0|3|4|5|6;8:3|4|5|8;9:0|7|8,0:-;1:-;2:-;3:-;4:-;5:-;6:-;7:-;8:-;9:-,0@1=3;0@2=3;0@4=1;0@5=1;0@6=2;0@7=2;0@9=1;1@2=3;1@4=2;1@5=1;1@7=2;1@9=1;1@3=1;1@8=1;2@4=1;2@8=1;4@1=2;4@6=1;4@9=1;4@3=2;5@4=1;5@5=1;5@8=1;7@1=1;7@0=1;8@4=2;8@6=1;8@0=1,"1,2,4,5,6,7,9,3,8,0",41,28,0,28,0.0,0.0,0.0,0.0,0.0,0.0,0.0,0.0,"Feasible(status=11,gap=13.876511)"
621,620,0,0,0,-,0:4|8;1:5|7;2:5|7|8;3:5|6|8;4:7|9;5:0|1|8|9;6:8;7:0|3|4|5|6;8:3|4|5|8;9:0|7|8,0:-;1:-;2:-;3:-;4:-;5:-;6:-;7:-;8:-;9:-,0@4=1;1@4=1;1@5=1;1@6=1;4@4=2;4@1=1;4@2=1;4@3=1;5@4=1;8@6=1;8@1=1;8@2=2,"4,5,6,1,2,3",14,12,0,12,0.0,0.0,0.0,0.0,0.0,0.0,0.0,0.0,"Feasible(status=11,gap=13.876511)"
622,621,0,0,0,-,0:4|8;1:5|7;2:5|7|8;3:5|6|8;4:7|9;5:0|1|8|9;6:8;7:0|3|4|5|6;8:3|4|5|8;9:0|7|8,0:-;1:-;2:-;3:-;4:-;5:-;6:-;7:-;8:-;9:-,3@1=2;3@9=1;4@3=1;5@0=1;5@4=1;8@1=1;8@4=1;8@2=1,"1,9,3,0,4,2",9,8,0,8,0.0,0.0,0.0,0.0,0.0,0.0,0.0,0.0,"Feasible(status=11,gap=13.876511)"
623,622,0,0,0,-,0:4|8;1:5|7;2:5|7|8;3:5|6|8;4:7|9;5:0|1|8|9;6:8;7:0|3|4|5|6;8:3|4|5|8;9:0|7|8,0:-;1:-;2:-;3:-;4:-;5:-;6:-;7:-;8:-;9:-,4@1=1;4@3=3;4@4=2;4@6=1;4@8=1;5@1=1;5@8=1;6@2=1;7@1=1;7@5=1;8@1=1;8@3=1,"1,3,4,6,8,2,5",15,12,0,12,0.0,0.0,0.0,0.0,0.0,0.0,0.0,0.0,"Feasible(status=11,gap=13.876511)"
624,623,0,0,0,-,0:4|8;1:5|7;2:5|7|8;3:5|6|8;4:7|9;5:0|1|8|9;6:8;7:0|3|4|5|6;8:3|4|5|8;9:0|7|8,0:-;1:-;2:-;3:-;4:-;5:-;6:-;7:-;8:-;9:-,0@8=1;3@4=2;4@4=1;4@1=1;4@2=1;4@5=1;5@1=1;7@1=1;8@5=1,"8,4,1,2,5",10,9,0,9,0.0,0.0,0.0,0.0,0.0,0.0,0.0,0.0,"Feasible(status=11,gap=13.876511)"
625,624,0,0,0,-,0:4|8;1:5|7;2:5|7|8;3:5|6|8;4:7|9;5:0|1|8|9;6:8;7:0|3|4|5|6;8:3|4|5|8;9:0|7|8,0:-;1:-;2:-;3:-;4:-;5:-;6:-;7:-;8:-;9:-,4@0=1;4@4=1;5@4=1;5@9=1;7@3=1,"0,4,9,3",5,5,0,5,0.0,0.0,0.0,0.0,0.0,0.0,0.0,0.0,"Feasible(status=11,gap=13.876511)"
626,625,0,0,0,-,0:4|8;1:5|7;2:5|7|8;3:5|6|8;4:7|9;5:0|1|8|9;6:8;7:0|3|4|5|6;8:3|4|5|8;9:0|7|8,0:-;1:-;2:-;3:-;4:-;5:-;6:-;7:-;8:-;9:-,0@4=1;0@7=1;2@9=1;4@4=2;4@0=1;4@2=1;4@5=1;5@4=2;5@7=1;5@5=1;7@4=2;7@0=1;7@3=1;8@2=3;8@5=1;8@1=1,"4,7,9,0,2,5,3,1",21,16,0,16,0.0,0.0,0.0,0.0,0.0,0.0,0.0,0.0,"Feasible(status=11,gap=13.876511)"
627,626,0,0,0,-,0:4|8;1:5|7;2:5|7|8;3:5|6|8;4:7|9;5:0|1|8|9;6:8;7:0|3|4|5|6;8:3|4|5|8;9:0|7|8,0:-;1:-;2:-;3:-;4:-;5:-;6:-;7:-;8:-;9:-,0@0=1;0@2=1;0@7=1;2@9=1;3@9=1;4@2=1;4@9=1;4@1=1;4@6=1;5@0=1;5@2=2;5@1=1;5@6=1;5@5=1;7@5=1;7@4=1;8@2=1;8@9=1;8@4=2,"0,2,7,9,1,6,5,4",21,19,0,19,0.0,0.0,0.0,0.0,0.0,0.0,0.0,0.0,"Feasible(status=11,gap=13.876511)"
628,627,0,0,0,-,0:4|8;1:5|7;2:5|7|8;3:5|6|8;4:7|9;5:0|1|8|9;6:8;7:0|3|4|5|6;8:3|4|5|8;9:0|7|8,0:-;1:-;2:-;3:-;4:-;5:-;6:-;7:-;8:-;9:-,0@2=1;0@4=1;0@7=1;4@4=1;4@0=1;4@6=1;5@1=1;7@2=1;7@4=1;7@1=2;8@2=1;8@3=1;8@5=1,"2,4,7,0,6,1,3,5",14,13,0,13,0.0,0.0,0.0,0.0,0.0,0.0,0.0,0.0,"Feasible(status=11,gap=13.876511)"
629,628,0,0,0,-,0:4|8;1:5|7;2:5|7|8;3:5|6|8;4:7|9;5:0|1|8|9;6:8;7:0|3|4|5|6;8:3|4|5|8;9:0|7|8,0:-;1:-;2:-;3:-;4:-;5:-;6:-;7:-;8:-;9:-,0@1=2;0@2=3;0@4=2;0@5=1;0@7=4;0@8=1;0@9=1;4@1=1;4@2=1;4@5=3;4@9=1;4@0=1;4@6=1;5@2=1;7@3=1;8@1=1;8@2=1,"1,2,4,5,7,8,9,0,6,3",26,17,0,17,0.0,0.0,0.0,0.0,0.0,0.0,0.0,0.0,"Feasible(status=11,gap=13.876511)"
630,629,0,0,0,-,0:4|8;1:5|7;2:5|7|8;3:5|6|8;4:7|9;5:0|1|8|9;6:8;7:0|3|4|5|6;8:3|4|5|8;9:0|7|8,0:-;1:-;2:-;3:-;4:-;5:-;6:-;7:-;8:-;9:-,3@1=2;3@2=1;3@3=1;3@4=1;4@2=2;4@4=2;4@5=1;4@8=2;5@2=1;5@6=1;8@1=1;8@2=1,"1,2,3,4,5,8,6",16,12,0,12,0.0,0.0,0.0,0.0,0.0,0.0,0.0,0.0,"Feasible(status=11,gap=13.876511)"
631,630,0,0,0,-,0:4|8;1:5|7;2:5|7|8;3:5|6|8;4:7|9;5:0|1|8|9;6:8;7:0|3|4|5|6;8:3|4|5|8;9:0|7|8,0:-;1:-;2:-;3:-;4:-;5:-;6:-;7:-;8:-;9:-,3@1=1;3@4=2;4@4=1;4@0=1;4@7=1;4@8=1;5@8=1;5@2=1;7@2=1;7@9=1;8@4=1;8@0=1;8@3=1;8@6=1,"1,4,0,7,8,2,9,3,6",15,14,0,14,0.0,0.0,0.0,0.0,0.0,0.0,0.0,0.0,"Feasible(status=11,gap=13.876511)"
632,631,0,0,0,-,0:4|8;1:5|7;2:5|7|8;3:5|6|8;4:7|9;5:0|1|8|9;6:8;7:0|3|4|5|6;8:3|4|5|8;9:0|7|8,0:-;1:-;2:-;3:-;4:-;5:-;6:-;7:-;8:-;9:-,4@3=1;4@9=1;5@1=1;5@4=1;7@1=1;8@3=1;8@2=1,"3,9,1,4,2",7,7,0,7,0.0,0.0,0.0,0.0,0.0,0.0,0.0,0.0,"Feasible(status=11,gap=13.876511)"
633,632,0,0,0,-,0:4|8;1:5|7;2:5|7|8;3:5|6|8;4:7|9;5:0|1|8|9;6:8;7:0|3|4|5|6;8:3|4|5|8;9:0|7|8,0:-;1:-;2:-;3:-;4:-;5:-;6:-;7:-;8:-;9:-,0@1=3;0@2=1;0@3=1;0@4=1;0@8=1;0@9=1;2@4=1;3@1=1;3@2=1;3@3=1;3@4=1;3@0=1;4@1=1;4@2=2;4@0=3;4@7=1;5@1=1;5@3=1;5@4=1;5@0=1;5@6=1;7@7=1,"1,2,3,4,8,9,0,7,6",27,22,0,22,0.0,0.0,0.0,0.0,0.0,0.0,0.0,0.0,"Feasible(status=11,gap=13.876511)"
634,633,0,0,0,-,0:4|8;1:5|7;2:5|7|8;3:5|6|8;4:7|9;5:0|1|8|9;6:8;7:0|3|4|5|6;8:3|4|5|8;9:0|7|8,0:-;1:-;2:-;3:-;4:-;5:-;6:-;7:-;8:-;9:-,0@2=1;0@4=1;0@6=1;0@7=1;3@4=1;3@0=2;3@1=1;3@5=1;4@0=2;4@5=1;5@4=2;5@1=2;5@3=1;7@4=1;7@1=1;7@9=1,"2,4,6,7,0,1,5,3,9",20,16,0,16,0.0,0.0,0.0,0.0,0.0,0.0,0.0,0.0,"Feasible(status=11,gap=13.876511)"
635,634,0,0,0,-,0:4|8;1:5|7;2:5|7|8;3:5|6|8;4:7|9;5:0|1|8|9;6:8;7:0|3|4|5|6;8:3|4|5|8;9:0|7|8,0:-;1:-;2:-;3:-;4:-;5:-;6:-;7:-;8:-;9:-,0@0=1;0@2=1;0@4=1;0@5=2;0@9=2;3@1=1;3@6=1;4@0=1;4@2=1;4@5=2;4@9=1;4@1=1;4@6=1;4@3=1;5@0=1;5@2=1;5@4=1;5@3=1;7@4=1;7@5=1;7@9=1;7@1=1;8@9=1,"0,2,4,5,9,1,6,3",26,23,0,23,0.0,0.0,0.0,0.0,0.0,0.0,0.0,0.0,"Feasible(status=11,gap=13.876511)"
636,635,0,0,0,-,0:4|8;1:5|7;2:5|7|8;3:5|6|8;4:7|9;5:0|1|8|9;6:8;7:0|3|4|5|6;8:3|4|5|8;9:0|7|8,0:-;1:-;2:-;3:-;4:-;5:-;6:-;7:-;8:-;9:-,0@1=1;0@2=2;0@3=1;0@4=1;0@5=1;0@6=1;0@7=1;0@8=1;3@5=1;4@1=1;4@2=1;4@6=1;5@1=2;5@4=1;7@1=1;8@1=1;8@3=1;8@4=1;8@8=1;8@9=1,"1,2,3,4,5,6,7,8,9",22,20,0,20,0.0,0.0,0.0,0.0,0.0,0.0,0.0,0.0,"Feasible(status=11,gap=13.876511)"
637,636,0,0,0,-,0:4|8;1:5|7;2:5|7|8;3:5|6|8;4:7|9;5:0|1|8|9;6:8;7:0|3|4|5|6;8:3|4|5|8;9:0|7|8,0:-;1:-;2:-;3:-;4:-;5:-;6:-;7:-;8:-;9:-,0@1=2;0@2=2;0@3=1;3@1=1;3@3=1;3@0=1;4@2=2;4@0=2;4@7=1;4@9=2;5@2=2;5@8=1;6@4=1;8@4=1,"1,2,3,0,7,9,8,4",20,14,0,14,0.0,0.0,0.0,0.0,0.0,0.0,0.0,0.0,"Feasible(status=11,gap=13.876511)"
638,637,0,0,0,-,0:4|8;1:5|7;2:5|7|8;3:5|6|8;4:7|9;5:0|1|8|9;6:8;7:0|3|4|5|6;8:3|4|5|8;9:0|7|8,0:-;1:-;2:-;3:-;4:-;5:-;6:-;7:-;8:-;9:-,1@2=1;3@2=1;3@4=1;4@1=1;4@5=1;4@9=1;7@2=1;7@1=1;7@9=1;7@0=1;7@3=1;8@4=1;8@0=1;8@8=1,"2,4,1,5,9,0,3,8",14,14,0,14,0.0,0.0,0.0,0.0,0.0,0.0,0.0,0.0,"Feasible(status=11,gap=13.876511)"
639,638,0,0,0,-,0:4|8;1:5|7;2:5|7|8;3:5|6|8;4:7|9;5:0|1|8|9;6:8;7:0|3|4|5|6;8:3|4|5|8;9:0|7|8,0:-;1:-;2:-;3:-;4:-;5:-;6:-;7:-;8:-;9:-,3@1=1;4@2=1;4@3=1;4@4=1;4@8=1;5@1=2;5@4=1;5@5=1;5@6=1;7@1=1;7@0=1;8@8=1;8@5=1;8@6=1,"1,2,3,4,8,5,6,0",15,14,0,14,0.0,0.0,0.0,0.0,0.0,0.0,0.0,0.0,"Feasible(status=11,gap=13.876511)"
640,639,0,0,0,-,0:4|8;1:5|7;2:5|7|8;3:5|6|8;4:7|9;5:0|1|8|9;6:8;7:0|3|4|5|6;8:3|4|5|8;9:0|7|8,0:-;1:-;2:-;3:-;4:-;5:-;6:-;7:-;8:-;9:-,0@1=1;0@2=1;0@7=1;2@6=1;3@1=2;4@6=2;4@0=1;4@4=1;4@8=1;5@2=1;5@4=1;7@6=1;7@9=1;8@1=1;8@0=1;8@9=1;8@5=1,"1,2,7,6,0,4,8,9,5",19,17,0,17,0.0,0.0,0.0,0.0,0.0,0.0,0.0,0.0,"Feasible(status=11,gap=13.876511)"
641,640,0,0,0,-,0:4|8;1:5|7;2:5|7|8;3:5|6|8;4:7|9;5:0|1|8|9;6:8;7:0|3|4|5|6;8:3|4|5|8;9:0|7|8,0:-;1:-;2:-;3:-;4:-;5:-;6:-;7:-;8:-;9:-,0@0=3;0@3=1;0@4=3;0@5=1;0@9=1;3@1=1;3@6=2;3@7=1;4@3=1;4@4=1;4@9=1;4@1=2;5@4=1;5@1=1;5@7=1;7@2=1;7@8=1;8@4=1;8@8=1,"0,3,4,5,9,1,6,7,2,8",25,19,0,19,0.0,0.0,0.0,0.0,0.0,0.0,0.0,0.0,"Feasible(status=11,gap=13.876511)"
642,641,0,0,0,-,0:4|8;1:5|7;2:5|7|8;3:5|6|8;4:7|9;5:0|1|8|9;6:8;7:0|3|4|5|6;8:3|4|5|8;9:0|7|8,0:-;1:-;2:-;3:-;4:-;5:-;6:-;7:-;8:-;9:-,0@0=1;0@2=2;0@4=2;0@6=1;0@8=1;0@9=1;1@0=1;1@2=1;1@8=1;3@4=1;3@1=1;4@0=1;4@8=1;4@1=1;4@5=1;5@4=1;5@7=2;7@2=1;7@1=1;8@2=1;8@8=1,"0,2,4,6,8,9,1,5,7",24,21,0,21,0.0,0.0,0.0,0.0,0.0,0.0,0.0,0.0,"Feasible(status=11,gap=13.876511)"
643,642,0,0,0,-,0:4|8;1:5|7;2:5|7|8;3:5|6|8;4:7|9;5:0|1|8|9;6:8;7:0|3|4|5|6;8:3|4|5|8;9:0|7|8,0:-;1:-;2:-;3:-;4:-;5:-;6:-;7:-;8:-;9:-,0@1=1;0@2=3;0@3=1;0@7=1;1@2=2;1@0=1;4@3=1;4@4=1;4@5=1;5@2=1;5@3=1;5@8=1;5@9=1;6@7=1;6@8=1;7@2=1;7@4=1;8@2=1;8@3=1;8@8=1,"1,2,3,7,0,4,5,8,9",23,20,0,20,0.0,0.0,0.0,0.0,0.0,0.0,0.0,0.0,"Feasible(status=11,gap=13.876511)"
644,643,0,0,0,-,0:4|8;1:5|7;2:5|7|8;3:5|6|8;4:7|9;5:0|1|8|9;6:8;7:0|3|4|5|6;8:3|4|5|8;9:0|7|8,0:-;1:-;2:-;3:-;4:-;5:-;6:-;7:-;8:-;9:-,1@1=1;1@7=1;1@9=1;2@3=1;3@4=1;4@4=1;7@1=1;7@4=1;8@1=1,"1,7,9,3,4",9,9,0,9,0.0,0.0,0.0,0.0,0.0,0.0,0.0,0.0,"Feasible(status=11,gap=13.876511)"
645,644,0,0,0,-,0:4|8;1:5|7;2:5|7|8;3:5|6|8;4:7|9;5:0|1|8|9;6:8;7:0|3|4|5|6;8:3|4|5|8;9:0|7|8,0:-;1:-;2:-;3:-;4:-;5:-;6:-;7:-;8:-;9:-,1@2=2;1@3=1;1@4=2;3@2=1;4@2=1;4@3=1;4@8=1;5@2=1;5@4=1;7@1=1;8@4=1,"2,3,4,8,1",13,11,0,11,0.0,0.0,0.0,0.0,0.0,0.0,0.0,0.0,"Feasible(status=11,gap=13.876511)"
646,645,0,0,0,-,0:4|8;1:5|7;2:5|7|8;3:5|6|8;4:7|9;5:0|1|8|9;6:8;7:0|3|4|5|6;8:3|4|5|8;9:0|7|8,0:-;1:-;2:-;3:-;4:-;5:-;6:-;7:-;8:-;9:-,4@1=1;4@6=1;4@8=1;5@2=1;7@4=1;8@6=1;8@4=1;8@7=1,"1,6,8,2,4,7",8,8,0,8,0.0,0.0,0.0,0.0,0.0,0.0,0.0,0.0,"Feasible(status=11,gap=13.876511)"
647,646,0,0,0,-,0:4|8;1:5|7;2:5|7|8;3:5|6|8;4:7|9;5:0|1|8|9;6:8;7:0|3|4|5|6;8:3|4|5|8;9:0|7|8,0:-;1:-;2:-;3:-;4:-;5:-;6:-;7:-;8:-;9:-,0@1=1;0@4=2;0@6=1;0@8=1;0@9=1;1@1=1;1@4=2;1@9=1;1@2=1;1@3=1;1@5=1;1@7=1;2@9=1;4@4=2;4@9=1;4@3=1;4@5=1;4@0=1;5@4=2;5@2=1;7@9=1,"1,4,6,8,9,2,3,5,7,0",25,21,0,21,0.0,0.0,0.0,0.0,0.0,0.0,0.0,0.0,"Feasible(status=11,gap=13.876511)"
648,647,0,0,0,-,0:4|8;1:5|7;2:5|7|8;3:5|6|8;4:7|9;5:0|1|8|9;6:8;7:0|3|4|5|6;8:3|4|5|8;9:0|7|8,0:-;1:-;2:-;3:-;4:-;5:-;6:-;7:-;8:-;9:-,0@0=1;0@4=1;0@5=4;1@5=1;1@2=3;1@3=2;1@9=1;4@2=1;4@3=1;4@1=1;4@7=2;4@8=1;5@0=1;5@4=1;5@2=2;5@8=1;7@2=3;7@9=1;7@6=1;8@2=1;8@1=1,"0,4,5,2,3,9,1,7,8,6",31,21,0,21,0.0,0.0,0.0,0.0,0.0,0.0,0.0,0.0,"Feasible(status=11,gap=13.876511)"
649,648,0,0,0,-,0:4|8;1:5|7;2:5|7|8;3:5|6|8;4:7|9;5:0|1|8|9;6:8;7:0|3|4|5|6;8:3|4|5|8;9:0|7|8,0:-;1:-;2:-;3:-;4:-;5:-;6:-;7:-;8:-;9:-,0@1=2;0@2=1;0@3=2;0@4=1;1@1=1;1@2=2;1@4=1;1@6=2;2@7=1;3@2=1;3@4=1;4@1=2;4@2=2;4@5=1;5@1=1;5@4=1;5@8=1;8@7=1,"1,2,3,4,6,7,5,8",24,18,0,18,0.0,0.0,0.0,0.0,0.0,0.0,0.0,0.0,"Feasible(status=11,gap=13.876511)"
650,649,0,0,0,-,0:4|8;1:5|7;2:5|7|8;3:5|6|8;4:7|9;5:0|1|8|9;6:8;7:0|3|4|5|6;8:3|4|5|8;9:0|7|8,0:-;1:-;2:-;3:-;4:-;5:-;6:-;7:-;8:-;9:-,0@0=1;0@1=2;0@2=1;0@9=1;1@0=1;1@1=1;1@9=1;1@3=1;1@4=1;3@9=1;3@3=1;3@6=1;3@8=1;4@1=1;4@9=1;4@3=1;4@7=1;5@2=1;7@1=1;7@2=1;7@6=1;8@2=1;8@4=1,"0,1,2,9,3,4,6,8,7",24,23,0,23,0.0,0.0,0.0,0.0,0.0,0.0,0.0,0.0,"Feasible(status=11,gap=13.876511)"
651,650,0,0,0,-,0:4|8;1:5|7;2:5|7|8;3:5|6|8;4:7|9;5:0|1|8|9;6:8;7:0|3|4|5|6;8:3|4|5|8;9:0|7|8,0:-;1:-;2:-;3:-;4:-;5:-;6:-;7:-;8:-;9:-,0@0=1;0@2=1;0@3=1;0@4=1;0@7=1;1@7=1;3@0=1;3@2=1;3@5=1;4@2=1;4@5=1;4@1=2;4@6=1;5@2=1;5@4=1;5@7=1;7@2=1;7@4=1;8@4=2;8@6=1;8@8=1,"0,2,3,4,7,5,1,6,8",23,21,0,21,0.0,0.0,0.0,0.0,0.0,0.0,0.0,0.0,"Feasible(status=11,gap=13.876511)"
652,651,0,0,0,-,0:4|8;1:5|7;2:5|7|8;3:5|6|8;4:7|9;5:0|1|8|9;6:8;7:0|3|4|5|6;8:3|4|5|8;9:0|7|8,0:-;1:-;2:-;3:-;4:-;5:-;6:-;7:-;8:-;9:-,0@2=1;0@8=1;1@1=2;1@4=2;3@4=1;4@2=1;4@1=2;4@9=1;5@4=1;5@0=1;5@7=1;7@3=1;8@0=1,"2,8,1,4,9,0,7,3",16,13,0,13,0.0,0.0,0.0,0.0,0.0,0.0,0.0,0.0,"Feasible(status=11,gap=13.876511)"
653,652,0,0,0,-,0:4|8;1:5|7;2:5|7|8;3:5|6|8;4:7|9;5:0|1|8|9;6:8;7:0|3|4|5|6;8:3|4|5|8;9:0|7|8,0:-;1:-;2:-;3:-;4:-;5:-;6:-;7:-;8:-;9:-,0@4=1;1@4=1;3@2=1;3@9=1;4@2=1;4@3=1;4@5=1;4@6=1;4@7=1;5@4=2;5@3=1;5@0=1;5@1=1;5@8=1;7@2=1;7@6=1;8@2=1,"4,2,9,3,5,6,7,0,1,8",18,17,0,17,0.0,0.0,0.0,0.0,0.0,0.0,0.0,0.0,"Feasible(status=11,gap=13.876511)"
654,653,0,0,0,-,0:4|8;1:5|7;2:5|7|8;3:5|6|8;4:7|9;5:0|1|8|9;6:8;7:0|3|4|5|6;8:3|4|5|8;9:0|7|8,0:-;1:-;2:-;3:-;4:-;5:-;6:-;7:-;8:-;9:-,0@0=1;0@1=1;0@3=1;0@4=2;0@8=1;1@1=1;1@3=1;1@4=1;1@5=1;1@6=1;3@1=1;3@5=2;4@1=1;4@2=1;4@7=1;7@0=1;8@3=1;8@6=1;8@9=1,"0,1,3,4,8,5,6,2,7,9",21,19,0,19,0.0,0.0,0.0,0.0,0.0,0.0,0.0,0.0,"Feasible(status=11,gap=13.876511)"
655,654,0,0,0,-,0:4|8;1:5|7;2:5|7|8;3:5|6|8;4:7|9;5:0|1|8|9;6:8;7:0|3|4|5|6;8:3|4|5|8;9:0|7|8,0:-;1:-;2:-;3:-;4:-;5:-;6:-;7:-;8:-;9:-,0@1=2;0@4=1;0@7=1;0@9=3;1@1=2;1@7=1;1@6=1;1@8=1;3@2=1;3@3=1;4@4=1;4@7=1;4@6=1;4@2=2;5@1=2;5@4=1;5@3=1;8@2=2,"1,4,7,9,6,8,2,3",25,18,0,18,0.0,0.0,0.0,0.0,0.0,0.0,0.0,0.0,"Feasible(status=11,gap=13.876511)"
656,655,0,0,0,-,0:4|8;1:5|7;2:5|7|8;3:5|6|8;4:7|9;5:0|1|8|9;6:8;7:0|3|4|5|6;8:3|4|5|8;9:0|7|8,0:-;1:-;2:-;3:-;4:-;5:-;6:-;7:-;8:-;9:-,0@1=2;0@2=1;0@3=1;0@4=3;0@8=1;1@2=2;1@4=1;1@8=1;2@1=1;2@9=1;3@4=1;4@2=1;4@3=1;4@9=1;4@0=1;4@7=1;5@1=2;5@2=1;5@3=2;5@4=2;5@9=1;5@7=1;7@2=1;7@4=2;8@2=1,"1,2,3,4,8,9,0,7",33,25,0,25,0.0,0.0,0.0,0.0,0.0,0.0,0.0,0.0,"Feasible(status=11,gap=13.876511)"
657,656,0,0,0,-,0:4|8;1:5|7;2:5|7|8;3:5|6|8;4:7|9;5:0|1|8|9;6:8;7:0|3|4|5|6;8:3|4|5|8;9:0|7|8,0:-;1:-;2:-;3:-;4:-;5:-;6:-;7:-;8:-;9:-,0@0=1;0@3=1;0@4=2;0@8=1;1@3=1;1@4=1;1@8=1;1@1=2;1@5=1;2@3=1;3@4=2;3@8=1;3@5=1;3@2=1;4@7=1;5@1=3;5@9=1;7@4=1;7@8=1;7@5=1;7@2=1;7@7=1;8@4=1;8@2=1;8@9=1,"0,3,4,8,1,5,2,7,9",30,25,0,25,0.0,0.0,0.0,0.0,0.0,0.0,0.0,0.0,"Feasible(status=11,gap=13.876511)"
658,657,0,0,0,-,0:4|8;1:5|7;2:5|7|8;3:5|6|8;4:7|9;5:0|1|8|9;6:8;7:0|3|4|5|6;8:3|4|5|8;9:0|7|8,0:-;1:-;2:-;3:-;4:-;5:-;6:-;7:-;8:-;9:-,0@2=1;0@3=1;0@4=1;0@5=1;0@8=1;0@9=1;1@3=1;1@9=1;3@3=1;3@8=1;3@0=1;4@3=1;4@4=2;5@2=1;5@9=1;5@0=1;8@3=1;8@0=1,"2,3,4,5,8,9,0",19,18,0,18,0.0,0.0,0.0,0.0,0.0,0.0,0.0,0.0,"Feasible(status=11,gap=13.876511)"
659,658,0,0,0,-,0:4|8;1:5|7;2:5|7|8;3:5|6|8;4:7|9;5:0|1|8|9;6:8;7:0|3|4|5|6;8:3|4|5|8;9:0|7|8,0:-;1:-;2:-;3:-;4:-;5:-;6:-;7:-;8:-;9:-,0@4=1;0@6=1;1@7=2;1@9=1;4@9=1;5@6=1;5@7=1;5@5=1;7@2=1,"4,6,7,9,5,2",10,9,0,9,0.0,0.0,0.0,0.0,0.0,0.0,0.0,0.0,"Feasible(status=11,gap=13.876511)"
660,659,0,0,0,-,0:4|8;1:5|7;2:5|7|8;3:5|6|8;4:7|9;5:0|1|8|9;6:8;7:0|3|4|5|6;8:3|4|5|8;9:0|7|8,0:-;1:-;2:-;3:-;4:-;5:-;6:-;7:-;8:-;9:-,0@0=1;0@2=1;0@4=1;0@8=1;1@0=1;1@4=1;1@3=1;1@5=1;3@4=1;4@0=1;4@4=1;4@5=2;4@6=1;5@3=1;7@0=1;7@4=1;7@9=1;8@4=1;8@5=1,"0,2,4,8,3,5,6,9",20,19,0,19,0.0,0.0,0.0,0.0,0.0,0.0,0.0,0.0,"Feasible(status=11,gap=13.876511)"
661,660,0,0,0,-,0:4|8;1:5|7;2:5|7|8;3:5|6|8;4:7|9;5:0|1|8|9;6:8;7:0|3|4|5|6;8:3|4|5|8;9:0|7|8,0:-;1:-;2:-;3:-;4:-;5:-;6:-;7:-;8:-;9:-,0@1=1;0@3=1;0@4=2;0@5=1;1@5=2;1@6=1;3@2=1;4@3=1;4@5=2;5@1=1;5@4=1;5@2=1;5@8=1;5@9=1;7@4=1;7@2=1;7@9=1,"1,3,4,5,6,2,8,9",20,17,0,17,0.0,0.0,0.0,0.0,0.0,0.0,0.0,0.0,"Feasible(status=11,gap=13.876511)"
662,661,0,0,0,-,0:4|8;1:5|7;2:5|7|8;3:5|6|8;4:7|9;5:0|1|8|9;6:8;7:0|3|4|5|6;8:3|4|5|8;9:0|7|8,0:-;1:-;2:-;3:-;4:-;5:-;6:-;7:-;8:-;9:-,0@4=1;0@5=1;0@6=1;0@9=1;1@4=1;1@5=1;1@1=2;1@3=1;1@7=1;2@9=1;2@1=1;2@0=2;2@2=2;2@8=1;3@1=1;4@4=3;4@6=1;4@9=1;4@0=1;4@2=1;5@4=1;5@6=1;5@9=1;5@7=1;5@0=1;5@2=1;7@1=1;7@3=1;8@6=1;8@1=1;8@7=1;8@2=1,"4,5,6,9,1,3,7,0,2,8",37,32,0,32,0.0,0.0,0.0,0.0,0.0,0.0,0.0,0.0,"Feasible(status=11,gap=13.876511)"
663,662,0,0,0,-,0:4|8;1:5|7;2:5|7|8;3:5|6|8;4:7|9;5:0|1|8|9;6:8;7:0|3|4|5|6;8:3|4|5|8;9:0|7|8,0:-;1:-;2:-;3:-;4:-;5:-;6:-;7:-;8:-;9:-,0@5=1;0@6=1;0@8=1;1@5=1;1@6=1;1@0=1;1@1=1;1@2=3;1@4=2;2@5=1;2@6=1;2@1=1;2@2=3;2@4=2;2@3=1;2@7=1;2@9=1;4@1=1;4@4=2;4@9=1;5@8=1;5@0=1;5@2=2;5@7=1;7@0=1;7@2=1;7@9=1;8@5=1;8@8=1;8@4=1,"5,6,8,0,1,2,4,3,7,9",38,30,0,30,0.0,0.0,0.0,0.0,0.0,0.0,0.0,0.0,"Feasible(status=11,gap=13.876511)"
664,663,0,0,0,-,0:4|8;1:5|7;2:5|7|8;3:5|6|8;4:7|9;5:0|1|8|9;6:8;7:0|3|4|5|6;8:3|4|5|8;9:0|7|8,0:-;1:-;2:-;3:-;4:-;5:-;6:-;7:-;8:-;9:-,0@3=1;0@6=2;1@1=2;1@2=1;1@8=1;2@4=2;2@7=1;4@3=2;4@1=1;4@8=1;4@4=1;5@5=1;5@9=1;6@3=1;6@1=1;6@2=1;6@0=2;7@5=1;7@9=1;7@0=2;8@3=1;8@7=1,"3,6,1,2,8,4,7,5,9,0",28,22,0,22,0.0,0.0,0.0,0.0,0.0,0.0,0.0,0.0,"Feasible(status=11,gap=13.876511)"
665,664,0,0,0,-,0:4|8;1:5|7;2:5|7|8;3:5|6|8;4:7|9;5:0|1|8|9;6:8;7:0|3|4|5|6;8:3|4|5|8;9:0|7|8,0:-;1:-;2:-;3:-;4:-;5:-;6:-;7:-;8:-;9:-,0@0=2;0@2=1;0@4=1;0@5=1;0@9=1;1@4=2;1@9=2;2@0=1;2@2=1;2@9=1;2@1=1;2@3=1;2@7=1;3@9=1;4@7=1;6@4=1;6@5=1;6@9=1;6@1=1,"0,2,4,5,9,1,3,7",22,19,0,19,0.0,0.0,0.0,0.0,0.0,0.0,0.0,0.0,"Feasible(status=11,gap=13.876511)"
666,665,0,0,0,-,0:4|8;1:5|7;2:5|7|8;3:5|6|8;4:7|9;5:0|1|8|9;6:8;7:0|3|4|5|6;8:3|4|5|8;9:0|7|8,0:-;1:-;2:-;3:-;4:-;5:-;6:-;7:-;8:-;9:-,0@2=1;0@4=1;1@4=1;2@0=2;2@3=1;2@7=1;2@8=1;4@1=1;4@9=2;5@4=1;5@5=2;6@2=1;6@6=1;8@2=1,"2,4,0,3,7,8,1,9,5,6",17,14,0,14,0.0,0.0,0.0,0.0,0.0,0.0,0.0,0.0,"Feasible(status=11,gap=13.876511)"
667,666,0,0,0,-,0:4|8;1:5|7;2:5|7|8;3:5|6|8;4:7|9;5:0|1|8|9;6:8;7:0|3|4|5|6;8:3|4|5|8;9:0|7|8,0:-;1:-;2:-;3:-;4:-;5:-;6:-;7:-;8:-;9:-,0@2=2;0@3=1;0@4=1;0@7=1;0@9=1;1@4=1;1@7=1;1@0=1;1@6=1;1@8=1;2@4=2;2@5=1;4@4=1;4@0=1;5@3=1;5@4=2;5@0=1;6@2=1;6@6=1;6@5=1;6@1=1;7@2=1;8@9=1;8@5=2,"2,3,4,7,9,0,6,8,5,1",28,24,0,24,0.0,0.0,0.0,0.0,0.0,0.0,0.0,0.0,"Feasible(status=11,gap=13.876511)"
668,667,0,0,0,-,0:4|8;1:5|7;2:5|7|8;3:5|6|8;4:7|9;5:0|1|8|9;6:8;7:0|3|4|5|6;8:3|4|5|8;9:0|7|8,0:-;1:-;2:-;3:-;4:-;5:-;6:-;7:-;8:-;9:-,0@0=1;0@1=1;0@3=1;0@4=2;0@9=1;1@5=2;1@6=1;1@7=1;2@4=1;2@9=1;2@6=1;2@2=1;3@1=1;3@3=1;3@9=1;3@2=1;3@8=1;4@9=1;4@6=1;4@2=1;4@8=1;5@1=1;5@9=1;5@7=1;5@2=1;6@9=1;6@2=2;7@1=2;7@4=1;7@8=1;8@1=1;8@3=2;8@4=1,"0,1,3,4,9,5,6,7,2,8",38,33,0,33,0.0,0.0,0.0,0.0,0.0,0.0,0.0,0.0,"Feasible(status=11,gap=13.876511)"
669,668,0,0,0,-,0:4|8;1:5|7;2:5|7|8;3:5|6|8;4:7|9;5:0|1|8|9;6:8;7:0|3|4|5|6;8:3|4|5|8;9:0|7|8,0:-;1:-;2:-;3:-;4:-;5:-;6:-;7:-;8:-;9:-,0@2=1;0@3=1;1@2=2;1@1=3;1@5=1;1@7=1;2@1=1;2@4=1;2@8=1;2@9=1;3@0=1;3@6=1;4@1=2;4@4=1;4@8=2;4@6=2;6@2=1;6@1=1;6@8=1;6@0=1;7@2=2;7@0=1;7@6=1;8@5=1;8@7=1;8@9=1,"2,3,1,5,7,4,8,9,0,6",33,26,0,26,0.0,0.0,0.0,0.0,0.0,0.0,0.0,0.0,"Feasible(status=11,gap=13.876511)"
670,669,0,0,0,-,0:4|8;1:5|7;2:5|7|8;3:5|6|8;4:7|9;5:0|1|8|9;6:8;7:0|3|4|5|6;8:3|4|5|8;9:0|7|8,0:-;1:-;2:-;3:-;4:-;5:-;6:-;7:-;8:-;9:-,0@0=1;0@3=2;0@7=1;0@8=1;1@0=1;1@4=1;2@8=1;2@4=1;2@1=1;2@6=1;4@3=1;4@4=1;4@2=1;4@9=1;5@1=1;5@5=1;6@3=1;6@8=1;6@1=2;7@8=1;7@4=1;7@5=1;8@1=1;8@2=1,"0,3,7,8,4,1,6,2,9,5",26,24,0,24,0.0,0.0,0.0,0.0,0.0,0.0,0.0,0.0,"Feasible(status=11,gap=13.876511)"
671,670,0,0,0,-,0:4|8;1:5|7;2:5|7|8;3:5|6|8;4:7|9;5:0|1|8|9;6:8;7:0|3|4|5|6;8:3|4|5|8;9:0|7|8,0:-;1:-;2:-;3:-;4:-;5:-;6:-;7:-;8:-;9:-,0@0=1;0@1=1;0@2=2;0@3=1;0@5=1;1@4=1;2@3=1;2@4=1;2@6=1;2@7=1;2@9=1;3@3=1;4@0=1;4@1=2;4@4=1;4@6=1;4@7=1;5@3=2;6@1=2;6@2=1;6@3=1;6@4=1;6@9=1;7@2=1;7@6=1;7@7=1;8@1=1,"0,1,2,3,5,4,6,7,9",31,27,0,27,0.0,0.0,0.0,0.0,0.0,0.0,0.0,0.0,"Feasible(status=11,gap=13.876511)"
672,671,0,0,0,-,0:4|8;1:5|7;2:5|7|8;3:5|6|8;4:7|9;5:0|1|8|9;6:8;7:0|3|4|5|6;8:3|4|5|8;9:0|7|8,0:-;1:-;2:-;3:-;4:-;5:-;6:-;7:-;8:-;9:-,0@2=1;0@4=1;0@9=1;1@4=1;1@1=1;1@6=1;2@2=2;2@4=1;2@1=1;2@0=1;2@8=1;3@1=1;4@9=1;4@6=1;4@3=2;4@7=1;5@3=1;6@4=1;6@1=1;6@6=1;7@2=1;7@0=1;7@7=1;8@4=1,"2,4,9,1,6,0,8,3,7",26,24,0,24,0.0,0.0,0.0,0.0,0.0,0.0,0.0,0.0,"Feasible(status=11,gap=13.876511)"
673,672,0,0,0,-,0:4|8;1:5|7;2:5|7|8;3:5|6|8;4:7|9;5:0|1|8|9;6:8;7:0|3|4|5|6;8:3|4|5|8;9:0|7|8,0:-;1:-;2:-;3:-;4:-;5:-;6:-;7:-;8:-;9:-,0@1=1;0@2=1;0@6=1;1@1=1;1@2=1;1@4=1;2@1=1;2@2=2;2@4=1;2@9=2;3@2=1;4@1=1;4@4=2;4@0=1;4@3=1;5@1=1;7@6=1,"1,2,6,4,9,0,3",20,17,0,17,0.0,0.0,0.0,0.0,0.0,0.0,0.0,0.0,"Feasible(status=11,gap=13.876511)"
674,673,0,0,0,-,0:4|8;1:5|7;2:5|7|8;3:5|6|8;4:7|9;5:0|1|8|9;6:8;7:0|3|4|5|6;8:3|4|5|8;9:0|7|8,0:-;1:-;2:-;3:-;4:-;5:-;6:-;7:-;8:-;9:-,0@2=1;0@4=1;0@5=2;1@2=1;1@5=2;1@8=1;4@2=2;4@1=1;5@2=1;5@1=1;5@0=1;6@2=1;6@1=1;6@3=1;6@9=1;7@2=1;7@4=1;7@5=1;7@1=1;7@9=1;7@7=1;8@7=1,"2,4,5,8,1,0,3,9,7",25,22,0,22,0.0,0.0,0.0,0.0,0.0,0.0,0.0,0.0,"Feasible(status=11,gap=13.876511)"
675,674,0,0,0,-,0:4|8;1:5|7;2:5|7|8;3:5|6|8;4:7|9;5:0|1|8|9;6:8;7:0|3|4|5|6;8:3|4|5|8;9:0|7|8,0:-;1:-;2:-;3:-;4:-;5:-;6:-;7:-;8:-;9:-,0@1=1;0@2=1;0@7=1;0@8=3;1@1=2;1@0=2;1@4=1;1@6=2;2@7=1;2@0=1;2@4=1;2@6=1;2@5=1;2@9=1;4@1=1;4@2=3;4@0=1;4@6=1;5@8=1;5@4=1;5@5=1;5@9=2;6@2=2;6@7=1;6@8=1;6@4=2;7@8=2;7@4=1;8@7=1;8@0=1;8@9=1,"1,2,7,8,0,4,6,5,9",42,31,0,31,0.0,0.0,0.0,0.0,0.0,0.0,0.0,0.0,"Feasible(status=11,gap=13.876511)"
676,675,0,0,0,-,0:4|8;1:5|7;2:5|7|8;3:5|6|8;4:7|9;5:0|1|8|9;6:8;7:0|3|4|5|6;8:3|4|5|8;9:0|7|8,0:-;1:-;2:-;3:-;4:-;5:-;6:-;7:-;8:-;9:-,0@0=1;0@1=2;0@4=1;0@5=2;0@8=1;1@1=1;1@4=1;2@0=1;2@1=1;2@4=1;2@7=1;2@9=1;3@1=1;4@4=1;4@8=1;4@7=1;4@2=1;4@6=1;5@7=1;5@9=1;5@2=1;5@3=1;6@0=1;6@4=1;6@8=1;6@9=1;6@2=1;8@1=1;8@4=1,"0,1,4,5,8,7,9,2,6,3",31,29,0,29,0.0,0.0,0.0,0.0,0.0,0.0,0.0,0.0,"Feasible(status=11,gap=13.876511)"
677,676,0,0,0,-,0:4|8;1:5|7;2:5|7|8;3:5|6|8;4:7|9;5:0|1|8|9;6:8;7:0|3|4|5|6;8:3|4|5|8;9:0|7|8,0:-;1:-;2:-;3:-;4:-;5:-;6:-;7:-;8:-;9:-,0@2=3;0@3=1;0@5=1;0@6=1;0@8=1;0@9=3;1@2=1;1@0=2;1@1=2;1@4=1;1@7=1;2@2=1;2@3=1;2@5=1;2@6=2;3@5=1;4@8=1;4@1=2;5@5=1;5@1=1;5@4=3;6@3=1;6@0=1;7@8=1;7@9=1,"2,3,5,6,8,9,0,1,4,7",35,25,0,25,0.0,0.0,0.0,0.0,0.0,0.0,0.0,0.0,"Feasible(status=11,gap=13.876511)"
678,677,0,0,0,-,0:4|8;1:5|7;2:5|7|8;3:5|6|8;4:7|9;5:0|1|8|9;6:8;7:0|3|4|5|6;8:3|4|5|8;9:0|7|8,0:-;1:-;2:-;3:-;4:-;5:-;6:-;7:-;8:-;9:-,0@0=1;0@2=1;0@3=1;0@5=1;1@2=3;1@5=2;1@4=1;2@0=1;2@2=1;2@5=1;2@4=3;2@1=3;2@7=1;3@3=1;3@8=1;3@9=1;4@0=1;4@2=1;4@4=1;4@1=1;4@7=1;5@2=1;5@3=1;5@4=2;5@1=2;6@2=1;7@2=1;7@4=1;7@1=1;7@9=1;8@4=2;8@1=1,"0,2,3,5,4,1,7,8,9",42,32,0,32,0.0,0.0,0.0,0.0,0.0,0.0,0.0,0.0,"Feasible(status=11,gap=13.876511)"
679,678,0,0,0,-,0:4|8;1:5|7;2:5|7|8;3:5|6|8;4:7|9;5:0|1|8|9;6:8;7:0|3|4|5|6;8:3|4|5|8;9:0|7|8,0:-;1:-;2:-;3:-;4:-;5:-;6:-;7:-;8:-;9:-,0@4=2;0@8=1;1@4=1;1@3=1;1@9=3;2@4=1;2@0=2;2@7=1;3@2=1;4@4=2;4@0=3;4@1=1;5@7=1;5@1=1;6@8=1;7@0=1;7@6=1;8@4=1;8@8=1,"4,8,3,9,0,7,2,1,6",26,19,0,19,0.0,0.0,0.0,0.0,0.0,0.0,0.0,0.0,"Feasible(status=11,gap=13.876511)"
680,679,0,0,0,-,0:4|8;1:5|7;2:5|7|8;3:5|6|8;4:7|9;5:0|1|8|9;6:8;7:0|3|4|5|6;8:3|4|5|8;9:0|7|8,0:-;1:-;2:-;3:-;4:-;5:-;6:-;7:-;8:-;9:-,0@1=1;0@2=1;0@4=1;1@4=2;1@7=1;1@9=1;3@0=1;3@5=1;4@2=1;4@4=1;4@9=1;4@0=1;4@3=1;5@9=2;6@1=1;6@5=1;7@4=1;8@9=1,"1,2,4,7,9,0,5,3",20,18,0,18,0.0,0.0,0.0,0.0,0.0,0.0,0.0,0.0,"Feasible(status=11,gap=13.876511)"
681,680,0,0,0,-,0:4|8;1:5|7;2:5|7|8;3:5|6|8;4:7|9;5:0|1|8|9;6:8;7:0|3|4|5|6;8:3|4|5|8;9:0|7|8,0:-;1:-;2:-;3:-;4:-;5:-;6:-;7:-;8:-;9:-,0@3=1;0@7=1;3@4=1;5@2=2;6@2=1;7@1=1;8@1=2;8@0=1,"3,7,4,2,1,0",10,8,0,8,0.0,0.0,0.0,0.0,0.0,0.0,0.0,0.0,"Feasible(status=11,gap=13.876511)"
682,681,0,0,0,-,0:4|8;1:5|7;2:5|7|8;3:5|6|8;4:7|9;5:0|1|8|9;6:8;7:0|3|4|5|6;8:3|4|5|8;9:0|7|8,0:-;1:-;2:-;3:-;4:-;5:-;6:-;7:-;8:-;9:-,0@0=2;0@1=1;0@2=2;0@3=1;0@4=1;0@5=1;0@9=1;1@2=1;1@4=1;1@6=1;1@7=1;2@2=1;4@1=1;4@2=1;4@3=1;4@9=2;4@7=1;5@0=1;5@1=2;5@3=1;5@5=1;6@0=3;6@1=1;6@2=1;6@4=1;6@5=1;6@6=2;7@2=1;7@8=2;8@2=1;8@3=1,"0,1,2,3,4,5,9,6,7,8",39,31,0,31,0.0,0.0,0.0,0.0,0.0,0.0,0.0,0.0,"Feasible(status=11,gap=13.876511)"
683,682,0,0,0,-,0:4|8;1:5|7;2:5|7|8;3:5|6|8;4:7|9;5:0|1|8|9;6:8;7:0|3|4|5|6;8:3|4|5|8;9:0|7|8,0:-;1:-;2:-;3:-;4:-;5:-;6:-;7:-;8:-;9:-,0@1=1;0@3=1;0@6=4;0@7=1;0@8=1;1@1=1;1@7=2;1@0=1;1@4=1;2@1=1;2@6=1;2@8=1;2@4=2;2@2=1;3@6=2;3@8=1;3@2=1;3@9=1;4@0=1;4@9=1;5@8=1;5@9=1;6@1=2;6@0=1;7@1=1;7@7=1;7@8=1;7@0=1;7@4=2;8@7=1;8@8=1;8@2=1,"1,3,6,7,8,0,4,2,9",40,32,0,32,0.0,0.0,0.0,0.0,0.0,0.0,0.0,0.0,"Feasible(status=11,gap=13.876511)"
684,683,0,0,0,-,0:4|8;1:5|7;2:5|7|8;3:5|6|8;4:7|9;5:0|1|8|9;6:8;7:0|3|4|5|6;8:3|4|5|8;9:0|7|8,0:-;1:-;2:-;3:-;4:-;5:-;6:-;7:-;8:-;9:-,0@2=2;0@9=1;1@9=1;1@1=1;1@4=1;1@6=1;1@7=1;1@8=1;2@1=1;2@4=2;2@6=1;2@7=1;2@0=1;2@3=1;2@5=2;3@6=1;3@7=1;3@0=1;4@1=1;4@8=1;4@0=1;5@4=1;5@8=2;5@5=1;6@2=1;6@4=2;6@0=1;6@5=1;7@3=1;8@2=1;8@9=1;8@1=1;8@6=1;8@3=1,"2,9,1,4,6,7,8,0,3,5",39,34,0,34,0.0,0.0,0.0,0.0,0.0,0.0,0.0,0.0,"Feasible(status=11,gap=13.876511)"
685,684,0,0,0,-,0:4|8;1:5|7;2:5|7|8;3:5|6|8;4:7|9;5:0|1|8|9;6:8;7:0|3|4|5|6;8:3|4|5|8;9:0|7|8,0:-;1:-;2:-;3:-;4:-;5:-;6:-;7:-;8:-;9:-,0@2=1;1@0=1;1@3=1;2@3=1;2@5=1;3@2=1;3@5=1;3@4=1;4@2=1;4@1=2;5@4=2;5@8=1;5@9=1;7@3=1;7@1=1;7@9=1;7@6=1;8@1=2;8@7=1,"2,0,3,5,4,1,8,9,6,7",22,19,0,19,0.0,0.0,0.0,0.0,0.0,0.0,0.0,0.0,"Feasible(status=11,gap=13.876511)"
686,685,0,0,0,-,0:4|8;1:5|7;2:5|7|8;3:5|6|8;4:7|9;5:0|1|8|9;6:8;7:0|3|4|5|6;8:3|4|5|8;9:0|7|8,0:-;1:-;2:-;3:-;4:-;5:-;6:-;7:-;8:-;9:-,0@2=1;0@3=1;0@6=1;0@7=1;1@7=1;1@9=1;2@2=1;2@6=1;2@9=1;2@1=1;2@4=1;3@2=1;3@7=1;3@1=2;3@5=1;4@3=1;4@7=1;5@2=2;5@3=2;5@4=1;5@5=1;6@2=1;6@7=2;6@9=1;6@1=1;7@3=1;7@9=1;7@8=1;8@6=1;8@9=1,"2,3,6,7,9,1,4,5,8",34,30,0,30,0.0,0.0,0.0,0.0,0.0,0.0,0.0,0.0,"Feasible(status=11,gap=13.876511)"
687,686,0,0,0,-,0:4|8;1:5|7;2:5|7|8;3:5|6|8;4:7|9;5:0|1|8|9;6:8;7:0|3|4|5|6;8:3|4|5|8;9:0|7|8,0:-;1:-;2:-;3:-;4:-;5:-;6:-;7:-;8:-;9:-,0@2=1;0@6=1;0@7=1;0@8=2;1@7=1;1@3=1;1@9=1;2@4=1;4@7=2;4@8=1;4@9=1;4@0=1;5@3=2;5@5=1;7@3=1;7@1=1;8@1=1,"2,6,7,8,3,9,4,0,5,1",20,17,0,17,0.0,0.0,0.0,0.0,0.0,0.0,0.0,0.0,"Feasible(status=11,gap=13.876511)"
688,687,0,0,0,-,0:4|8;1:5|7;2:5|7|8;3:5|6|8;4:7|9;5:0|1|8|9;6:8;7:0|3|4|5|6;8:3|4|5|8;9:0|7|8,0:-;1:-;2:-;3:-;4:-;5:-;6:-;7:-;8:-;9:-,0@1=1;0@5=1;0@9=1;1@1=1;1@9=1;1@2=1;3@1=1;4@2=1;4@4=1;4@8=1;5@9=1;5@0=1;5@3=1;6@1=1;7@1=1;7@5=1;7@4=1,"1,5,9,2,4,8,0,3",17,17,0,17,0.0,0.0,0.0,0.0,0.0,0.0,0.0,0.0,"Feasible(status=11,gap=13.876511)"
689,688,0,0,0,-,0:4|8;1:5|7;2:5|7|8;3:5|6|8;4:7|9;5:0|1|8|9;6:8;7:0|3|4|5|6;8:3|4|5|8;9:0|7|8,0:-;1:-;2:-;3:-;4:-;5:-;6:-;7:-;8:-;9:-,0@0=1;0@2=3;0@4=1;0@6=1;0@7=1;0@9=1;1@2=1;1@1=1;1@3=1;2@2=1;2@4=1;2@5=1;3@2=1;3@4=1;3@3=2;4@4=1;4@6=1;4@1=2;5@2=3;5@4=1;5@5=1;5@8=1;6@1=1;7@2=1;7@4=1;7@1=1;8@2=1;8@4=1;8@1=1,"0,2,4,6,7,9,1,3,5,8",35,29,0,29,0.0,0.0,0.0,0.0,0.0,0.0,0.0,0.0,"Feasible(status=11,gap=13.876511)"
690,689,0,0,0,-,0:4|8;1:5|7;2:5|7|8;3:5|6|8;4:7|9;5:0|1|8|9;6:8;7:0|3|4|5|6;8:3|4|5|8;9:0|7|8,0:-;1:-;2:-;3:-;4:-;5:-;6:-;7:-;8:-;9:-,0@0=2;0@2=5;0@4=3;0@7=2;1@4=1;1@9=1;3@2=2;3@1=2;3@8=1;4@2=1;4@7=1;4@9=1;4@5=1;5@5=1;6@2=1;6@7=1;6@1=1;6@8=1;7@2=1;7@4=1;7@9=2;7@6=1;8@2=1;8@7=1;8@8=1,"0,2,4,7,9,1,8,5,6",36,25,0,25,0.0,0.0,0.0,0.0,0.0,0.0,0.0,0.0,"Feasible(status=11,gap=13.876511)"
691,690,0,0,0,-,0:4|8;1:5|7;2:5|7|8;3:5|6|8;4:7|9;5:0|1|8|9;6:8;7:0|3|4|5|6;8:3|4|5|8;9:0|7|8,0:-;1:-;2:-;3:-;4:-;5:-;6:-;7:-;8:-;9:-,0@0=1;0@1=1;0@2=1;0@4=4;3@6=1;4@1=1;4@2=3;4@3=1;5@4=1;5@8=2;6@1=1;6@4=2;6@3=1;7@1=1,"0,1,2,4,6,3,8",21,14,0,14,0.0,0.0,0.0,0.0,0.0,0.0,0.0,0.0,"Feasible(status=11,gap=13.876511)"
692,691,0,0,0,-,0:4|8;1:5|7;2:5|7|8;3:5|6|8;4:7|9;5:0|1|8|9;6:8;7:0|3|4|5|6;8:3|4|5|8;9:0|7|8,0:-;1:-;2:-;3:-;4:-;5:-;6:-;7:-;8:-;9:-,0@0=1;0@4=1;0@8=1;0@9=1;4@0=1;4@9=1;4@2=1;4@5=1;5@8=1;5@2=1;6@8=1,"0,4,8,9,2,5",11,11,0,11,0.0,0.0,0.0,0.0,0.0,0.0,0.0,0.0,"Feasible(status=11,gap=13.876511)"
693,692,0,0,0,-,0:4|8;1:5|7;2:5|7|8;3:5|6|8;4:7|9;5:0|1|8|9;6:8;7:0|3|4|5|6;8:3|4|5|8;9:0|7|8,0:-;1:-;2:-;3:-;4:-;5:-;6:-;7:-;8:-;9:-,0@2=2;0@5=2;0@8=1;1@1=1;1@4=1;3@1=1;4@2=1;4@5=1;4@4=1;4@6=1;4@7=1;5@2=1;6@2=1;6@1=1;6@0=1;7@8=1;7@7=1;8@6=1,"2,5,8,1,4,6,7,0",20,18,0,18,0.0,0.0,0.0,0.0,0.0,0.0,0.0,0.0,"Feasible(status=11,gap=13.876511)"
694,693,0,0,0,-,0:4|8;1:5|7;2:5|7|8;3:5|6|8;4:7|9;5:0|1|8|9;6:8;7:0|3|4|5|6;8:3|4|5|8;9:0|7|8,0:-;1:-;2:-;3:-;4:-;5:-;6:-;7:-;8:-;9:-,0@1=2;0@2=1;0@4=2;0@8=1;3@1=1;3@0=1;4@4=1;4@8=1;4@5=1;4@9=1;6@2=1;8@7=1,"1,2,4,8,0,5,9,7",14,12,0,12,0.0,0.0,0.0,0.0,0.0,0.0,0.0,0.0,"Feasible(status=11,gap=13.876511)"
695,694,0,0,0,-,0:4|8;1:5|7;2:5|7|8;3:5|6|8;4:7|9;5:0|1|8|9;6:8;7:0|3|4|5|6;8:3|4|5|8;9:0|7|8,0:-;1:-;2:-;3:-;4:-;5:-;6:-;7:-;8:-;9:-,0@5=1;3@0=1;3@8=1;4@5=1;4@4=1;5@1=1;7@0=1;7@1=1;7@6=1;8@8=1;8@2=1;8@9=1,"5,0,8,4,1,6,2,9",12,12,0,12,0.0,0.0,0.0,0.0,0.0,0.0,0.0,0.0,"Feasible(status=11,gap=13.876511)"
696,695,0,0,0,-,0:4|8;1:5|7;2:5|7|8;3:5|6|8;4:7|9;5:0|1|8|9;6:8;7:0|3|4|5|6;8:3|4|5|8;9:0|7|8,0:-;1:-;2:-;3:-;4:-;5:-;6:-;7:-;8:-;9:-,0@1=2;0@2=2;0@4=1;0@5=1;0@6=1;0@7=3;0@9=1;1@4=1;2@2=1;2@4=1;2@0=1;3@2=2;4@1=1;4@2=2;4@4=1;4@7=1;5@5=1;5@0=1;6@1=3;6@2=1;6@4=1;6@0=2;7@1=1;7@4=1;7@7=1;7@9=1;8@2=1;8@5=1,"1,2,4,5,6,7,9,0",37,28,0,28,0.0,0.0,0.0,0.0,0.0,0.0,0.0,0.0,"Feasible(status=11,gap=13.876511)"
697,696,0,0,0,-,0:4|8;1:5|7;2:5|7|8;3:5|6|8;4:7|9;5:0|1|8|9;6:8;7:0|3|4|5|6;8:3|4|5|8;9:0|7|8,0:-;1:-;2:-;3:-;4:-;5:-;6:-;7:-;8:-;9:-,0@1=1;0@2=1;0@4=2;0@9=1;1@1=1;1@2=2;1@4=3;2@1=2;2@4=3;2@0=1;2@6=2;2@7=1;2@8=1;3@6=1;4@1=1;4@2=1;4@4=2;4@0=1;5@1=2;5@2=1;5@4=1;5@0=1;6@1=1;6@4=2;6@0=1;6@7=1;6@3=2;7@2=1;7@0=1;7@8=2;7@3=2;7@5=1;8@7=1,"1,2,4,9,0,6,7,8,3,5",47,33,0,33,0.0,0.0,0.0,0.0,0.0,0.0,0.0,0.0,"Feasible(status=11,gap=13.876511)"
698,697,0,0,0,-,0:4|8;1:5|7;2:5|7|8;3:5|6|8;4:7|9;5:0|1|8|9;6:8;7:0|3|4|5|6;8:3|4|5|8;9:0|7|8,0:-;1:-;2:-;3:-;4:-;5:-;6:-;7:-;8:-;9:-,0@2=1;0@4=1;0@5=1;0@6=1;1@4=2;1@5=1;1@3=1;1@7=1;2@4=1;2@7=1;3@8=1;4@2=1;4@5=2;4@6=2;4@3=1;4@7=1;4@1=3;4@9=1;5@2=1;5@5=1;5@3=1;5@7=1;5@9=1;6@2=1;6@4=1;6@8=1;6@1=1;7@8=1;8@3=1;8@0=1,"2,4,5,6,3,7,8,1,9,0",35,30,0,30,0.0,0.0,0.0,0.0,0.0,0.0,0.0,0.0,"Feasible(status=11,gap=13.876511)"
699,698,0,0,0,-,0:4|8;1:5|7;2:5|7|8;3:5|6|8;4:7|9;5:0|1|8|9;6:8;7:0|3|4|5|6;8:3|4|5|8;9:0|7|8,0:-;1:-;2:-;3:-;4:-;5:-;6:-;7:-;8:-;9:-,0@3=1;0@6=1;1@6=1;1@0=1;1@2=1;1@5=1;1@7=1;2@2=1;2@1=2;2@4=1;3@6=1;3@2=2;3@7=1;4@2=2;4@5=1;4@7=1;4@1=1;5@0=1;5@8=1;5@9=2;6@2=2;6@5=1;7@4=1;8@2=1;8@8=1;8@9=1,"3,6,0,2,5,7,1,4,8,9",31,26,0,26,0.0,0.0,0.0,0.0,0.0,0.0,0.0,0.0,"Feasible(status=11,gap=13.876511)"
700,699,0,0,0,-,0:4|8;1:5|7;2:5|7|8;3:5|6|8;4:7|9;5:0|1|8|9;6:8;7:0|3|4|5|6;8:3|4|5|8;9:0|7|8,0:-;1:-;2:-;3:-;4:-;5:-;6:-;7:-;8:-;9:-,0@0=1;0@1=1;0@3=3;0@6=1;0@8=1;0@9=1;2@1=3;2@2=1;2@4=2;2@5=1;2@7=2;3@1=1;4@3=1;4@9=4;4@2=1;4@5=1;5@1=1;5@2=2;6@6=1;6@2=1;6@4=1;7@1=2;8@3=1;8@2=1,"0,1,3,6,8,9,2,4,5,7",35,24,0,24,0.0,0.0,0.0,0.0,0.0,0.0,0.0,0.0,"Feasible(status=11,gap=13.876511)"
701,700,0,0,0,-,0:4|8;1:5|7;2:5|7|8;3:5|6|8;4:7|9;5:0|1|8|9;6:8;7:0|3|4|5|6;8:3|4|5|8;9:0|7|8,0:-;1:-;2:-;3:-;4:-;5:-;6:-;7:-;8:-;9:-,0@0=1;0@2=2;0@7=1;1@7=1;1@6=1;2@0=2;2@2=1;2@4=1;3@6=1;3@8=1;3@9=1;4@4=1;5@2=1;5@4=1;6@2=1;8@4=1;8@3=1,"0,2,7,6,4,8,9,3",19,17,0,17,0.0,0.0,0.0,0.0,0.0,0.0,0.0,0.0,"Feasible(status=11,gap=13.876511)"
702,701,0,0,0,-,0:4|8;1:5|7;2:5|7|8;3:5|6|8;4:7|9;5:0|1|8|9;6:8;7:0|3|4|5|6;8:3|4|5|8;9:0|7|8,0:-;1:-;2:-;3:-;4:-;5:-;6:-;7:-;8:-;9:-,0@9=1;1@5=1;4@9=1;4@4=2;6@9=1;6@3=1,"9,5,4,3",7,6,0,6,0.0,0.0,0.0,0.0,0.0,0.0,0.0,0.0,"Feasible(status=11,gap=13.876511)"
703,702,0,0,0,-,0:4|8;1:5|7;2:5|7|8;3:5|6|8;4:7|9;5:0|1|8|9;6:8;7:0|3|4|5|6;8:3|4|5|8;9:0|7|8,0:-;1:-;2:-;3:-;4:-;5:-;6:-;7:-;8:-;9:-,0@1=1;0@2=1;0@3=1;0@4=1;0@6=1;0@8=1;1@2=1;1@3=1;1@7=1;2@1=1;2@8=1;2@7=1;2@9=1;3@6=1;3@0=1;4@4=2;4@5=1;5@2=2;6@3=1;6@0=1;7@6=1;7@5=3;8@0=1,"1,2,3,4,6,8,7,9,0,5",27,23,0,23,0.0,0.0,0.0,0.0,0.0,0.0,0.0,0.0,"Feasible(status=11,gap=13.876511)"
704,703,0,0,0,-,0:4|8;1:5|7;2:5|7|8;3:5|6|8;4:7|9;5:0|1|8|9;6:8;7:0|3|4|5|6;8:3|4|5|8;9:0|7|8,0:-;1:-;2:-;3:-;4:-;5:-;6:-;7:-;8:-;9:-,0@0=1;0@1=1;0@2=2;0@3=1;0@6=1;0@8=1;1@2=1;1@3=1;1@4=2;2@0=1;2@2=1;2@4=3;3@1=1;3@2=1;3@9=1;4@0=1;4@1=1;4@6=1;4@4=1;4@9=2;5@1=1;5@2=1;5@4=2;5@9=1;6@0=1;6@1=1;6@2=2;6@3=1;6@6=1;6@4=1;6@9=1;6@7=2;7@9=1;8@0=1;8@6=1;8@9=1;8@7=1,"0,1,2,3,6,8,4,9,7",45,37,0,37,0.0,0.0,0.0,0.0,0.0,0.0,0.0,0.0,"Feasible(status=11,gap=13.876511)"
705,704,0,0,0,-,0:4|8;1:5|7;2:5|7|8;3:5|6|8;4:7|9;5:0|1|8|9;6:8;7:0|3|4|5|6;8:3|4|5|8;9:0|7|8,0:-;1:-;2:-;3:-;4:-;5:-;6:-;7:-;8:-;9:-,0@2=1;0@3=1;0@4=2;0@6=1;1@2=1;1@5=1;1@7=1;2@2=1;2@3=1;2@4=1;2@5=1;2@7=1;2@8=1;4@2=2;4@3=1;4@6=2;6@5=1;6@9=1;7@3=1;7@4=2;7@0=1;8@2=1,"2,3,4,6,5,7,8,9,0",26,22,0,22,0.0,0.0,0.0,0.0,0.0,0.0,0.0,0.0,"Feasible(status=11,gap=13.876511)"
706,705,0,0,0,-,0:4|8;1:5|7;2:5|7|8;3:5|6|8;4:7|9;5:0|1|8|9;6:8;7:0|3|4|5|6;8:3|4|5|8;9:0|7|8,0:-;1:-;2:-;3:-;4:-;5:-;6:-;7:-;8:-;9:-,0@1=1;0@8=1;0@9=1;1@0=1;1@2=1;1@6=1;2@2=1;4@1=2;4@8=2;4@2=1;4@4=2;4@7=1;5@1=1;5@7=1;5@3=1;6@0=1;6@6=1;6@4=1;7@1=1;8@1=1;8@2=1;8@6=1;8@3=1;8@5=1,"1,8,9,0,2,6,4,7,3,5",27,24,0,24,0.0,0.0,0.0,0.0,0.0,0.0,0.0,0.0,"Feasible(status=11,gap=13.876511)"
707,706,0,0,0,-,0:4|8;1:5|7;2:5|7|8;3:5|6|8;4:7|9;5:0|1|8|9;6:8;7:0|3|4|5|6;8:3|4|5|8;9:0|7|8,0:-;1:-;2:-;3:-;4:-;5:-;6:-;7:-;8:-;9:-,0@1=1;0@4=2;1@4=1;2@1=1;2@4=2;2@2=1;2@7=1;4@4=1;4@2=2;4@8=1;5@4=1;5@2=1;6@1=1;6@4=1;6@2=1;7@4=1;7@7=1;8@5=1;8@9=1,"1,4,2,7,8,5,9",22,19,0,19,0.0,0.0,0.0,0.0,0.0,0.0,0.0,0.0,"Feasible(status=11,gap=13.876511)"
708,707,0,0,0,-,0:4|8;1:5|7;2:5|7|8;3:5|6|8;4:7|9;5:0|1|8|9;6:8;7:0|3|4|5|6;8:3|4|5|8;9:0|7|8,0:-;1:-;2:-;3:-;4:-;5:-;6:-;7:-;8:-;9:-,0@0=1;0@4=2;1@6=1;1@7=1;2@8=1;3@2=1;4@4=1;4@8=1;4@5=1;5@0=1;5@6=1;5@1=1;6@4=1;6@6=1;6@7=1;6@8=1;7@4=2;7@8=1;7@3=1,"0,4,6,7,8,2,5,1,3",21,19,0,19,0.0,0.0,0.0,0.0,0.0,0.0,0.0,0.0,"Feasible(status=11,gap=13.876511)"
709,708,0,0,0,-,0:4|8;1:5|7;2:5|7|8;3:5|6|8;4:7|9;5:0|1|8|9;6:8;7:0|3|4|5|6;8:3|4|5|8;9:0|7|8,0:-;1:-;2:-;3:-;4:-;5:-;6:-;7:-;8:-;9:-,0@5=1;0@6=1;0@9=1;3@2=2;4@2=1;4@4=4;4@7=1;4@8=1;5@1=1;6@2=1;6@7=1;6@8=1;6@1=1;7@5=1,"5,6,9,2,4,7,8,1",18,14,0,14,0.0,0.0,0.0,0.0,0.0,0.0,0.0,0.0,"Feasible(status=11,gap=13.876511)"
710,709,0,0,0,-,0:4|8;1:5|7;2:5|7|8;3:5|6|8;4:7|9;5:0|1|8|9;6:8;7:0|3|4|5|6;8:3|4|5|8;9:0|7|8,0:-;1:-;2:-;3:-;4:-;5:-;6:-;7:-;8:-;9:-,0@4=1;0@6=1;0@8=1;1@4=1;1@8=1;1@2=1;1@7=1;1@9=1;4@4=1;4@6=1;4@8=1;4@2=1;4@7=1;4@9=1;4@0=1;4@1=1;4@3=1;4@5=1;5@4=2;5@8=1;6@2=1;6@9=1;6@5=1;7@4=1;7@2=1;7@1=1;7@5=1;8@4=2;8@2=1;8@0=1;8@5=1,"4,6,8,2,7,9,0,1,3,5",33,31,0,31,0.0,0.0,0.0,0.0,0.0,0.0,0.0,0.0,"Feasible(status=11,gap=13.876511)"
711,710,0,0,0,-,0:4|8;1:5|7;2:5|7|8;3:5|6|8;4:7|9;5:0|1|8|9;6:8;7:0|3|4|5|6;8:3|4|5|8;9:0|7|8,0:-;1:-;2:-;3:-;4:-;5:-;6:-;7:-;8:-;9:-,0@0=1;0@1=1;0@9=1;1@2=1;1@6=1;2@1=1;3@2=1;3@4=1;3@7=1;4@1=2;4@2=1;4@6=1;4@4=1;4@7=1;5@2=4;5@4=1;6@0=1;6@4=1;6@5=1;7@0=1;7@6=1;7@3=1;8@9=1;8@4=1,"0,1,9,2,6,4,7,5,3",28,24,0,24,0.0,0.0,0.0,0.0,0.0,0.0,0.0,0.0,"Feasible(status=11,gap=13.876511)"
712,711,0,0,0,-,0:4|8;1:5|7;2:5|7|8;3:5|6|8;4:7|9;5:0|1|8|9;6:8;7:0|3|4|5|6;8:3|4|5|8;9:0|7|8,0:-;1:-;2:-;3:-;4:-;5:-;6:-;7:-;8:-;9:-,0@1=2;0@7=2;0@9=1;3@3=1;3@6=1;4@7=1;4@3=2;4@0=1;4@2=2;4@8=1;5@3=1;5@4=1;6@1=1;6@3=1;6@6=1;6@2=1;7@1=1;7@6=1;8@3=1;8@2=1;8@5=1,"1,7,9,3,6,0,2,8,4,5",25,21,0,21,0.0,0.0,0.0,0.0,0.0,0.0,0.0,0.0,"Feasible(status=11,gap=13.876511)"
713,712,0,0,0,-,0:4|8;1:5|7;2:5|7|8;3:5|6|8;4:7|9;5:0|1|8|9;6:8;7:0|3|4|5|6;8:3|4|5|8;9:0|7|8,0:-;1:-;2:-;3:-;4:-;5:-;6:-;7:-;8:-;9:-,0@0=1;0@5=1;0@7=1;4@7=1;4@1=1;4@8=1;5@0=1;5@2=1;5@4=1;6@2=1;6@4=1;6@3=1;7@3=1,"0,5,7,1,8,2,4,3",13,13,0,13,0.0,0.0,0.0,0.0,0.0,0.0,0.0,0.0,"Feasible(status=11,gap=13.876511)"
714,713,0,0,0,-,0:4|8;1:5|7;2:5|7|8;3:5|6|8;4:7|9;5:0|1|8|9;6:8;7:0|3|4|5|6;8:3|4|5|8;9:0|7|8,0:-;1:-;2:-;3:-;4:-;5:-;6:-;7:-;8:-;9:-,2@2=4;2@8=1;3@8=1;4@3=1;5@4=1;6@2=1;6@4=1;7@2=2;7@9=2;8@4=1,"2,8,3,4,9",15,10,0,10,0.0,0.0,0.0,0.0,0.0,0.0,0.0,0.0,"Feasible(status=11,gap=13.876511)"
715,714,0,0,0,-,0:4|8;1:5|7;2:5|7|8;3:5|6|8;4:7|9;5:0|1|8|9;6:8;7:0|3|4|5|6;8:3|4|5|8;9:0|7|8,0:-;1:-;2:-;3:-;4:-;5:-;6:-;7:-;8:-;9:-,0@4=2;0@9=1;2@1=1;2@2=1;3@9=1;4@4=1;4@1=1;5@2=1;5@3=1;6@5=1;7@4=1,"4,9,1,2,3,5",12,11,0,11,0.0,0.0,0.0,0.0,0.0,0.0,0.0,0.0,"Feasible(status=11,gap=13.876511)"
716,715,0,0,0,-,0:4|8;1:5|7;2:5|7|8;3:5|6|8;4:7|9;5:0|1|8|9;6:8;7:0|3|4|5|6;8:3|4|5|8;9:0|7|8,0:-;1:-;2:-;3:-;4:-;5:-;6:-;7:-;8:-;9:-,0@6=1;2@1=1;2@8=1;3@1=1;3@4=1;4@4=1;4@2=1;5@9=1;6@4=1;6@0=1;7@2=1;7@0=1,"6,1,8,4,2,9,0",12,12,0,12,0.0,0.0,0.0,0.0,0.0,0.0,0.0,0.0,"Feasible(status=11,gap=13.876511)"
717,716,0,0,0,-,0:4|8;1:5|7;2:5|7|8;3:5|6|8;4:7|9;5:0|1|8|9;6:8;7:0|3|4|5|6;8:3|4|5|8;9:0|7|8,0:-;1:-;2:-;3:-;4:-;5:-;6:-;7:-;8:-;9:-,0@4=1;0@5=1;3@4=1;3@1=1;3@6=1;4@5=1;4@2=1;4@3=1;4@9=1;5@6=1;5@9=1;6@2=1;6@8=1;7@4=1;8@2=1,"4,5,1,6,2,3,9,8",15,15,0,15,0.0,0.0,0.0,0.0,0.0,0.0,0.0,0.0,"Feasible(status=11,gap=13.876511)"
718,717,0,0,0,-,0:4|8;1:5|7;2:5|7|8;3:5|6|8;4:7|9;5:0|1|8|9;6:8;7:0|3|4|5|6;8:3|4|5|8;9:0|7|8,0:-;1:-;2:-;3:-;4:-;5:-;6:-;7:-;8:-;9:-,0@0=1;0@1=1;0@2=3;0@5=3;0@7=1;0@9=1;3@2=2;3@7=1;3@3=1;4@0=1;4@2=1;4@5=1;4@3=1;5@1=1;5@9=1;5@4=1;5@6=1;6@1=1;6@2=2;6@9=1;6@6=1;6@8=1;7@2=1;7@4=1;8@1=1;8@4=1,"0,1,2,5,7,9,3,4,6,8",32,26,0,26,0.0,0.0,0.0,0.0,0.0,0.0,0.0,0.0,"Feasible(status=11,gap=13.876511)"
719,718,0,0,0,-,0:4|8;1:5|7;2:5|7|8;3:5|6|8;4:7|9;5:0|1|8|9;6:8;7:0|3|4|5|6;8:3|4|5|8;9:0|7|8,0:-;1:-;2:-;3:-;4:-;5:-;6:-;7:-;8:-;9:-,0@0=1;0@2=1;0@4=1;0@7=1;0@9=1;1@4=1;3@2=1;3@1=1;3@6=1;3@8=1;4@2=2;4@9=1;4@3=1;5@1=1;5@6=2;6@2=1;6@4=1;6@1=1;6@8=1,"0,2,4,7,9,1,6,8,3",21,19,0,19,0.0,0.0,0.0,0.0,0.0,0.0,0.0,0.0,"Feasible(status=11,gap=13.876511)"
720,719,0,0,0,-,0:4|8;1:5|7;2:5|7|8;3:5|6|8;4:7|9;5:0|1|8|9;6:8;7:0|3|4|5|6;8:3|4|5|8;9:0|7|8,0:-;1:-;2:-;3:-;4:-;5:-;6:-;7:-;8:-;9:-,1@4=1;3@6=1;4@4=2;4@1=2;4@9=1;7@2=1;7@8=1,"4,6,1,9,2,8",9,7,0,7,0.0,0.0,0.0,0.0,0.0,0.0,0.0,0.0,"Feasible(status=11,gap=13.876511)"
721,720,0,0,0,-,0:4|8;1:5|7;2:5|7|8;3:5|6|8;4:7|9;5:0|1|8|9;6:8;7:0|3|4|5|6;8:3|4|5|8;9:0|7|8,0:-;1:-;2:-;3:-;4:-;5:-;6:-;7:-;8:-;9:-,0@1=1;0@2=1;0@4=1;0@6=1;0@7=1;4@1=1;4@0=1;4@5=1;4@8=1;5@0=1;5@3=2;5@9=1;6@2=1;6@4=1;6@6=1;7@5=1;7@8=1;8@4=1;8@8=1,"1,2,4,6,7,0,5,8,3,9",20,19,0,19,0.0,0.0,0.0,0.0,0.0,0.0,0.0,0.0,"Feasible(status=11,gap=13.876511)"
722,721,0,0,0,-,0:4|8;1:5|7;2:5|7|8;3:5|6|8;4:7|9;5:0|1|8|9;6:8;7:0|3|4|5|6;8:3|4|5|8;9:0|7|8,0:-;1:-;2:-;3:-;4:-;5:-;6:-;7:-;8:-;9:-,0@1=1;0@2=1;3@2=1;3@0=1;3@4=1;3@5=1;4@4=2;5@1=1;5@0=2;5@6=1;6@1=1;6@2=1;6@4=1;8@3=1;8@8=1,"1,2,0,4,5,6,3,8",17,15,0,15,0.0,0.0,0.0,0.0,0.0,0.0,0.0,0.0,"Feasible(status=11,gap=13.876511)"
723,722,0,0,0,-,0:4|8;1:5|7;2:5|7|8;3:5|6|8;4:7|9;5:0|1|8|9;6:8;7:0|3|4|5|6;8:3|4|5|8;9:0|7|8,0:-;1:-;2:-;3:-;4:-;5:-;6:-;7:-;8:-;9:-,3@1=1;4@1=1;4@2=2;4@4=2;4@6=1;5@6=1;6@8=1;7@1=2;7@2=1;7@5=1;8@5=1,"1,2,4,6,8,5",14,11,0,11,0.0,0.0,0.0,0.0,0.0,0.0,0.0,0.0,"Feasible(status=11,gap=13.876511)"
724,723,0,0,0,-,0:4|8;1:5|7;2:5|7|8;3:5|6|8;4:7|9;5:0|1|8|9;6:8;7:0|3|4|5|6;8:3|4|5|8;9:0|7|8,0:-;1:-;2:-;3:-;4:-;5:-;6:-;7:-;8:-;9:-,0@1=2;0@2=1;0@4=1;1@2=1;1@4=2;1@3=1;4@1=1;4@2=1;4@5=1;4@6=2;4@8=1;4@9=1;5@2=1;5@4=1;5@8=1;5@9=1;5@0=1;5@7=1;6@2=2;6@3=1;7@2=1;7@0=1;7@7=1;8@1=1;8@4=1,"1,2,4,3,5,6,8,9,0,7",29,25,0,25,0.0,0.0,0.0,0.0,0.0,0.0,0.0,0.0,"Feasible(status=11,gap=13.876511)"
725,724,0,0,0,-,0:4|8;1:5|7;2:5|7|8;3:5|6|8;4:7|9;5:0|1|8|9;6:8;7:0|3|4|5|6;8:3|4|5|8;9:0|7|8,0:-;1:-;2:-;3:-;4:-;5:-;6:-;7:-;8:-;9:-,0@5=1;1@3=1;1@8=2;3@5=1;3@3=1;3@2=4;3@6=1;3@9=1;4@5=1;4@8=2;4@9=1;4@1=2;4@4=1;4@7=1;5@8=1;5@2=1;5@7=1;6@2=3;6@9=2;6@1=1;6@4=1;7@4=1;7@7=1;7@0=2;8@5=1;8@6=1;8@0=1,"5,3,8,2,6,9,1,4,7,0",37,27,0,27,0.0,0.0,0.0,0.0,0.0,0.0,0.0,0.0,"Feasible(status=11,gap=13.876511)"
726,725,0,0,0,-,0:4|8;1:5|7;2:5|7|8;3:5|6|8;4:7|9;5:0|1|8|9;6:8;7:0|3|4|5|6;8:3|4|5|8;9:0|7|8,0:-;1:-;2:-;3:-;4:-;5:-;6:-;7:-;8:-;9:-,0@3=1;1@1=1;5@1=1;5@9=1;7@6=1;8@6=1,"3,1,9,6",6,6,0,6,0.0,0.0,0.0,0.0,0.0,0.0,0.0,0.0,"Feasible(status=11,gap=13.876511)"
727,726,0,0,0,-,0:4|8;1:5|7;2:5|7|8;3:5|6|8;4:7|9;5:0|1|8|9;6:8;7:0|3|4|5|6;8:3|4|5|8;9:0|7|8,0:-;1:-;2:-;3:-;4:-;5:-;6:-;7:-;8:-;9:-,0@3=1;0@5=2;0@9=1;1@6=2;1@8=1;3@9=1;3@0=1;4@3=1;4@5=2;4@6=2;4@0=1;5@3=1;5@6=1;5@0=1;6@4=1;6@7=1;7@5=1;7@8=1;7@7=1;7@2=1;8@3=1;8@4=1,"3,5,9,6,8,0,4,7,2",26,22,0,22,0.0,0.0,0.0,0.0,0.0,0.0,0.0,0.0,"Feasible(status=11,gap=13.876511)"
728,727,0,0,0,-,0:4|8;1:5|7;2:5|7|8;3:5|6|8;4:7|9;5:0|1|8|9;6:8;7:0|3|4|5|6;8:3|4|5|8;9:0|7|8,0:-;1:-;2:-;3:-;4:-;5:-;6:-;7:-;8:-;9:-,1@0=1;1@1=1;1@4=1;1@5=1;3@1=1;3@4=2;3@3=1;3@7=1;3@8=1;4@0=2;4@1=3;4@4=2;4@3=1;4@7=1;4@8=2;4@2=2;4@9=1;5@4=1;5@2=1;5@9=1;5@6=1;6@1=2;6@4=3;6@7=3;6@8=1;6@2=1;7@8=1;7@2=1;7@9=1;8@6=1,"0,1,4,5,3,7,8,2,9,6",42,30,0,30,0.0,0.0,0.0,0.0,0.0,0.0,0.0,0.0,"Feasible(status=11,gap=13.876511)"
729,728,0,0,0,-,0:4|8;1:5|7;2:5|7|8;3:5|6|8;4:7|9;5:0|1|8|9;6:8;7:0|3|4|5|6;8:3|4|5|8;9:0|7|8,0:-;1:-;2:-;3:-;4:-;5:-;6:-;7:-;8:-;9:-,1@1=1;1@7=1;3@4=1;4@1=2;4@0=1;4@2=1;4@6=3;4@8=2;5@2=1;5@6=1;5@3=1;5@5=1;5@9=1;6@1=1;6@2=1;6@6=1;6@9=1;7@4=2;7@6=1;8@6=1;8@5=1,"1,7,4,0,2,6,8,3,5,9",26,21,0,21,0.0,0.0,0.0,0.0,0.0,0.0,0.0,0.0,"Feasible(status=11,gap=13.876511)"
730,729,0,0,0,-,0:4|8;1:5|7;2:5|7|8;3:5|6|8;4:7|9;5:0|1|8|9;6:8;7:0|3|4|5|6;8:3|4|5|8;9:0|7|8,0:-;1:-;2:-;3:-;4:-;5:-;6:-;7:-;8:-;9:-,1@0=1;1@2=2;1@6=1;3@0=1;4@0=1;4@2=1;4@1=1;4@4=2;4@7=1;4@8=1;4@9=1;5@0=1;5@2=2;5@1=1;5@4=1;5@7=1;5@8=1;5@9=1;5@3=1;6@0=1;6@4=1;6@9=1;6@5=1;7@2=1;7@1=1;7@4=2;8@2=1,"0,2,6,1,4,7,8,9,3,5",31,27,0,27,0.0,0.0,0.0,0.0,0.0,0.0,0.0,0.0,"Feasible(status=11,gap=13.876511)"
731,730,0,0,0,-,0:4|8;1:5|7;2:5|7|8;3:5|6|8;4:7|9;5:0|1|8|9;6:8;7:0|3|4|5|6;8:3|4|5|8;9:0|7|8,0:-;1:-;2:-;3:-;4:-;5:-;6:-;7:-;8:-;9:-,0@1=2;0@4=1;1@1=1;1@2=2;1@6=1;3@4=1;3@5=1;3@7=1;4@1=1;4@4=3;4@2=2;4@5=1;4@7=2;4@0=1;4@3=1;4@8=1;5@7=2;5@0=1;5@8=1;5@9=1;6@1=1;6@2=1;6@0=2;7@0=1;7@3=2;7@8=2;8@1=1;8@4=2;8@2=1;8@9=1,"1,4,2,6,5,7,0,3,8,9",41,30,0,30,0.0,0.0,0.0,0.0,0.0,0.0,0.0,0.0,"Feasible(status=11,gap=13.876511)"
732,731,0,0,0,-,0:4|8;1:5|7;2:5|7|8;3:5|6|8;4:7|9;5:0|1|8|9;6:8;7:0|3|4|5|6;8:3|4|5|8;9:0|7|8,0:-;1:-;2:-;3:-;4:-;5:-;6:-;7:-;8:-;9:-,0@0=1;0@1=1;0@4=1;0@7=2;0@9=1;1@4=1;1@7=1;1@9=1;1@3=1;1@6=2;1@8=1;3@0=1;3@1=1;3@7=1;4@0=1;4@1=3;4@4=1;4@7=1;4@9=1;4@6=2;4@2=5;4@5=2;5@7=1;5@3=1;5@5=1;6@4=1;6@5=4;7@1=1;8@4=2;8@7=1;8@6=1,"0,1,4,7,9,3,6,8,2,5",45,31,0,31,0.0,0.0,0.0,0.0,0.0,0.0,0.0,0.0,"Feasible(status=11,gap=13.876511)"
733,732,0,0,0,-,0:4|8;1:5|7;2:5|7|8;3:5|6|8;4:7|9;5:0|1|8|9;6:8;7:0|3|4|5|6;8:3|4|5|8;9:0|7|8,0:-;1:-;2:-;3:-;4:-;5:-;6:-;7:-;8:-;9:-,0@0=1;0@1=2;0@6=1;1@1=1;1@2=1;1@4=1;1@7=1;3@0=1;4@1=2;4@6=2;4@2=4;4@4=4;4@7=1;4@5=1;4@8=1;4@9=2;5@1=1;5@6=1;5@2=1;5@8=1;5@3=1;6@1=1;7@1=1;7@4=1;7@9=1;8@0=2;8@1=1;8@2=1;8@8=1,"0,1,6,2,4,7,5,8,9,3",40,29,0,29,0.0,0.0,0.0,0.0,0.0,0.0,0.0,0.0,"Feasible(status=11,gap=13.876511)"
734,733,0,0,0,-,0:4|8;1:5|7;2:5|7|8;3:5|6|8;4:7|9;5:0|1|8|9;6:8;7:0|3|4|5|6;8:3|4|5|8;9:0|7|8,0:-;1:-;2:-;3:-;4:-;5:-;6:-;7:-;8:-;9:-,0@2=2;0@3=1;0@6=1;1@2=2;1@3=1;1@7=1;4@2=1;4@7=1;4@1=2;4@4=2;4@5=1;5@7=1;5@4=1;5@8=1;5@9=1;6@2=1;6@3=2;6@6=1;6@4=1;6@8=1;6@9=2;7@1=1;7@4=1;7@5=1;7@8=1;8@7=1;8@1=1,"2,3,6,7,1,4,5,8,9",33,27,0,27,0.0,0.0,0.0,0.0,0.0,0.0,0.0,0.0,"Feasible(status=11,gap=13.876511)"
735,734,0,0,0,-,0:4|8;1:5|7;2:5|7|8;3:5|6|8;4:7|9;5:0|1|8|9;6:8;7:0|3|4|5|6;8:3|4|5|8;9:0|7|8,0:-;1:-;2:-;3:-;4:-;5:-;6:-;7:-;8:-;9:-,0@1=1;0@5=1;0@6=1;0@9=2;1@0=1;4@1=1;4@6=1;4@2=2;4@4=1;5@6=1;5@2=1;5@7=1;6@9=1;7@5=1;8@2=1,"1,5,6,9,0,2,4,7",17,15,0,15,0.0,0.0,0.0,0.0,0.0,0.0,0.0,0.0,"Feasible(status=11,gap=13.876511)"
736,735,0,0,0,-,0:4|8;1:5|7;2:5|7|8;3:5|6|8;4:7|9;5:0|1|8|9;6:8;7:0|3|4|5|6;8:3|4|5|8;9:0|7|8,0:-;1:-;2:-;3:-;4:-;5:-;6:-;7:-;8:-;9:-,0@2=1;0@4=2;0@5=1;0@6=2;4@2=4;4@4=1;4@7=1;4@8=1;5@2=1;5@4=1;5@5=1;5@7=1;5@1=1;6@2=2;6@7=1;6@0=1;7@7=1,"2,4,5,6,7,8,1,0",23,17,0,17,0.0,0.0,0.0,0.0,0.0,0.0,0.0,0.0,"Feasible(status=11,gap=13.876511)"
737,736,0,0,0,-,0:4|8;1:5|7;2:5|7|8;3:5|6|8;4:7|9;5:0|1|8|9;6:8;7:0|3|4|5|6;8:3|4|5|8;9:0|7|8,0:-;1:-;2:-;3:-;4:-;5:-;6:-;7:-;8:-;9:-,0@0=2;0@2=1;0@3=1;0@7=1;0@8=1;0@9=2;4@2=1;4@8=1;4@1=1;5@2=1;5@3=1;5@7=1;5@9=2;5@5=1;6@0=1;7@2=2;7@3=1;7@9=1;7@5=1;7@6=1;8@0=1;8@5=1;8@6=1;8@4=1,"0,2,3,7,8,9,1,5,6,4",28,24,0,24,0.0,0.0,0.0,0.0,0.0,0.0,0.0,0.0,"Feasible(status=11,gap=13.876511)"
738,737,0,0,0,-,0:4|8;1:5|7;2:5|7|8;3:5|6|8;4:7|9;5:0|1|8|9;6:8;7:0|3|4|5|6;8:3|4|5|8;9:0|7|8,0:-;1:-;2:-;3:-;4:-;5:-;6:-;7:-;8:-;9:-,0@1=1;0@2=4;0@3=1;0@4=4;0@7=1;0@9=2;1@3=1;2@8=1;4@1=2;4@2=3;4@3=1;4@8=4;4@6=2;5@2=1;5@3=1;5@4=1;5@7=1;5@9=1;6@1=1;6@2=2;6@8=1;7@7=2;7@9=1;7@8=1,"1,2,3,4,7,9,8,6",40,24,0,24,0.0,0.0,0.0,0.0,0.0,0.0,0.0,0.0,"Feasible(status=11,gap=13.876511)"
739,738,0,0,0,-,0:4|8;1:5|7;2:5|7|8;3:5|6|8;4:7|9;5:0|1|8|9;6:8;7:0|3|4|5|6;8:3|4|5|8;9:0|7|8,0:-;1:-;2:-;3:-;4:-;5:-;6:-;7:-;8:-;9:-,0@0=1;0@6=1;0@8=2;2@3=1;4@0=1;4@1=2;4@2=2;4@4=2;4@7=1;5@2=1;5@5=1;6@3=1;6@1=1;6@2=2;6@4=1;7@4=2;8@7=1,"0,6,8,3,1,2,4,7,5",23,17,0,17,0.0,0.0,0.0,0.0,0.0,0.0,0.0,0.0,"Feasible(status=11,gap=13.876511)"
740,739,0,0,0,-,0:4|8;1:5|7;2:5|7|8;3:5|6|8;4:7|9;5:0|1|8|9;6:8;7:0|3|4|5|6;8:3|4|5|8;9:0|7|8,0:-;1:-;2:-;3:-;4:-;5:-;6:-;7:-;8:-;9:-,0@2=2;0@3=2;0@5=2;0@7=2;0@8=1;2@2=5;2@8=1;2@1=2;2@4=3;2@6=1;3@2=1;3@5=1;3@1=1;3@0=1;4@7=1;4@8=2;4@4=2;5@2=1;5@5=1;5@7=1;5@8=1;6@3=1;6@7=1;6@4=1;7@2=2;7@3=1;7@4=1;8@4=3;8@0=1,"2,3,5,7,8,1,4,6,0",45,29,0,29,0.0,0.0,0.0,0.0,0.0,0.0,0.0,0.0,"Feasible(status=11,gap=13.876511)"
741,740,0,0,0,-,0:4|8;1:5|7;2:5|7|8;3:5|6|8;4:7|9;5:0|1|8|9;6:8;7:0|3|4|5|6;8:3|4|5|8;9:0|7|8,0:-;1:-;2:-;3:-;4:-;5:-;6:-;7:-;8:-;9:-,0@0=2;0@1=1;0@4=2;0@8=2;2@1=3;2@4=4;2@2=2;2@3=1;2@5=1;2@6=1;2@9=1;3@1=1;3@2=1;3@3=1;3@6=1;3@9=1;3@7=1;4@0=1;4@1=2;4@8=1;4@2=1;4@6=1;4@9=2;5@4=1;5@8=1;5@2=1;5@9=2;6@1=1;6@4=1;6@2=1;6@6=1;7@0=1;7@4=4;7@2=1;7@5=1;8@8=1;8@2=1,"0,1,4,8,2,3,5,6,9,7",52,37,0,37,0.0,0.0,0.0,0.0,0.0,0.0,0.0,0.0,"Feasible(status=11,gap=13.876511)"
742,741,0,0,0,-,0:4|8;1:5|7;2:5|7|8;3:5|6|8;4:7|9;5:0|1|8|9;6:8;7:0|3|4|5|6;8:3|4|5|8;9:0|7|8,0:-;1:-;2:-;3:-;4:-;5:-;6:-;7:-;8:-;9:-,0@2=2;0@3=1;0@4=2;0@8=1;2@2=1;2@6=4;2@7=1;2@9=1;3@4=1;3@5=1;4@2=3;4@3=1;4@4=2;4@8=3;4@5=4;5@2=4;5@6=1;5@5=1;6@2=2;6@6=1;6@9=3;6@0=1;6@1=1;7@4=1;7@1=1;8@2=1;8@7=2;8@0=1,"2,3,4,8,6,7,9,5,0,1",48,28,0,28,0.0,0.0,0.0,0.0,0.0,0.0,0.0,0.0,"Feasible(status=11,gap=13.876511)"
743,742,0,0,0,-,0:4|8;1:5|7;2:5|7|8;3:5|6|8;4:7|9;5:0|1|8|9;6:8;7:0|3|4|5|6;8:3|4|5|8;9:0|7|8,0:-;1:-;2:-;3:-;4:-;5:-;6:-;7:-;8:-;9:-,0@2=1;0@4=1;0@9=1;2@4=1;2@9=1;2@5=1;2@7=1;2@8=1;3@4=1;4@4=1;4@8=1;4@3=1;5@5=1;6@4=1;6@5=1;6@0=1;7@4=1;8@2=1,"2,4,9,5,7,8,3,0",18,18,0,18,0.0,0.0,0.0,0.0,0.0,0.0,0.0,0.0,"Feasible(status=11,gap=13.876511)"
744,743,0,0,0,-,0:4|8;1:5|7;2:5|7|8;3:5|6|8;4:7|9;5:0|1|8|9;6:8;7:0|3|4|5|6;8:3|4|5|8;9:0|7|8,0:-;1:-;2:-;3:-;4:-;5:-;6:-;7:-;8:-;9:-,0@7=1;0@8=1;2@7=1;2@8=1;2@2=1;2@3=1;2@4=1;2@5=2;2@6=1;2@9=1;3@4=1;3@1=1;4@2=3;4@4=1;4@6=1;4@9=1;4@1=1;5@8=1;5@1=1;6@2=1;6@4=3;7@2=2;7@6=1;8@9=1,"7,8,2,3,4,5,6,9,1",30,24,0,24,0.0,0.0,0.0,0.0,0.0,0.0,0.0,0.0,"Feasible(status=11,gap=13.876511)"
745,744,0,0,0,-,0:4|8;1:5|7;2:5|7|8;3:5|6|8;4:7|9;5:0|1|8|9;6:8;7:0|3|4|5|6;8:3|4|5|8;9:0|7|8,0:-;1:-;2:-;3:-;4:-;5:-;6:-;7:-;8:-;9:-,0@1=2;0@2=1;0@3=2;0@4=3;0@6=1;0@7=1;0@9=1;2@2=4;2@7=1;3@7=1;3@9=1;3@0=1;4@1=1;4@3=2;4@4=2;4@6=1;4@0=1;4@8=1;5@4=1;5@0=1;5@8=1;5@5=2;6@2=3;6@3=2;6@7=2;6@0=1;6@8=1;6@5=1;7@3=1;8@2=1;8@5=1,"1,2,3,4,6,7,9,0,8,5",45,31,0,31,0.0,0.0,0.0,0.0,0.0,0.0,0.0,0.0,"Feasible(status=11,gap=13.876511)"
746,745,0,0,0,-,0:4|8;1:5|7;2:5|7|8;3:5|6|8;4:7|9;5:0|1|8|9;6:8;7:0|3|4|5|6;8:3|4|5|8;9:0|7|8,0:-;1:-;2:-;3:-;4:-;5:-;6:-;7:-;8:-;9:-,0@0=1;0@2=5;0@4=3;0@9=1;2@0=1;2@2=2;2@4=1;2@1=1;2@3=2;2@6=1;2@7=1;2@8=1;3@0=1;3@4=2;3@9=2;3@3=1;4@2=1;4@4=1;4@9=2;4@1=2;5@2=2;5@4=2;5@9=1;5@5=1;6@4=1;6@9=1;6@1=1;6@6=1;7@4=3;7@1=1;7@7=1;7@5=1;8@2=1;8@4=1;8@3=1;8@5=1,"0,2,4,9,1,3,6,7,8,5",52,36,0,36,0.0,0.0,0.0,0.0,0.0,0.0,0.0,0.0,"Feasible(status=11,gap=13.876511)"
747,746,0,0,0,-,0:4|8;1:5|7;2:5|7|8;3:5|6|8;4:7|9;5:0|1|8|9;6:8;7:0|3|4|5|6;8:3|4|5|8;9:0|7|8,0:-;1:-;2:-;3:-;4:-;5:-;6:-;7:-;8:-;9:-,0@2=1;0@4=3;0@5=1;0@7=1;0@8=2;2@2=3;2@4=2;2@5=1;2@8=1;2@0=1;2@3=1;3@5=1;3@1=1;4@2=2;4@4=3;4@8=1;4@9=1;5@2=1;5@4=3;5@0=1;5@1=1;5@6=1;6@4=1;6@1=1;6@9=1;6@6=1;7@3=1;7@1=1;8@2=1;8@4=2;8@8=1;8@3=1;8@1=1,"2,4,5,7,8,0,3,1,9,6",45,33,0,33,0.0,0.0,0.0,0.0,0.0,0.0,0.0,0.0,"Feasible(status=11,gap=13.876511)"
748,747,0,0,0,-,0:4|8;1:5|7;2:5|7|8;3:5|6|8;4:7|9;5:0|1|8|9;6:8;7:0|3|4|5|6;8:3|4|5|8;9:0|7|8,0:-;1:-;2:-;3:-;4:-;5:-;6:-;7:-;8:-;9:-,0@1=1;0@2=1;0@3=2;0@4=3;0@7=1;0@8=1;0@9=3;1@4=1;2@2=2;2@4=1;2@8=1;2@9=1;2@5=1;3@2=1;3@8=1;3@5=1;4@1=1;4@2=2;4@4=2;4@8=1;4@9=1;4@5=1;5@4=1;5@8=1;5@5=1;5@6=1;6@1=2;6@4=4;6@8=1;6@9=2;6@0=1;7@4=1;8@8=1,"1,2,3,4,7,8,9,5,6,0",46,33,0,33,0.0,0.0,0.0,0.0,0.0,0.0,0.0,0.0,"Feasible(status=11,gap=13.876511)"
749,748,0,0,0,-,0:4|8;1:5|7;2:5|7|8;3:5|6|8;4:7|9;5:0|1|8|9;6:8;7:0|3|4|5|6;8:3|4|5|8;9:0|7|8,0:-;1:-;2:-;3:-;4:-;5:-;6:-;7:-;8:-;9:-,0@1=2;0@3=1;0@4=1;0@6=1;0@9=1;1@4=1;1@2=2;1@5=1;2@1=2;2@4=1;2@9=1;2@2=2;2@5=1;2@0=1;2@7=1;2@8=1;3@4=1;3@6=1;3@2=1;3@0=1;3@8=1;4@1=2;4@3=2;4@9=2;4@5=1;4@7=1;5@4=1;5@9=1;5@0=1;5@7=1;6@3=1;6@9=1;6@2=2;6@5=2;6@0=1;7@4=2;7@5=1;7@0=1;7@8=1;8@1=1;8@6=1;8@2=1;8@7=1;8@8=2,"1,3,4,6,9,2,5,0,7,8",55,44,0,44,0.0,0.0,0.0,0.0,0.0,0.0,0.0,0.0,"Feasible(status=11,gap=13.876511)"
750,749,0,0,0,-,0:4|8;1:5|7;2:5|7|8;3:5|6|8;4:7|9;5:0|1|8|9;6:8;7:0|3|4|5|6;8:3|4|5|8;9:0|7|8,0:-;1:-;2:-;3:-;4:-;5:-;6:-;7:-;8:-;9:-,0@1=2;0@3=1;0@5=2;2@2=1;2@4=3;2@6=2;2@8=1;2@9=2;3@5=1;3@4=1;3@6=1;3@9=1;4@1=2;4@3=1;4@2=2;4@6=1;5@1=1;5@2=2;5@4=1;5@9=1;5@7=1;6@8=1;7@7=1;7@0=1;8@8=1,"1,3,5,2,4,6,8,9,7,0",34,25,0,25,0.0,0.0,0.0,0.0,0.0,0.0,0.0,0.0,"Feasible(status=11,gap=13.876511)"
751,750,0,0,0,-,0:4|8;1:5|7;2:5|7|8;3:5|6|8;4:7|9;5:0|1|8|9;6:8;7:0|3|4|5|6;8:3|4|5|8;9:0|7|8,0:-;1:-;2:-;3:-;4:-;5:-;6:-;7:-;8:-;9:-,0@1=2;0@2=1;0@3=2;0@8=1;2@1=2;2@2=1;2@3=1;2@0=1;2@4=2;2@5=1;2@6=1;2@9=2;3@2=1;3@9=1;4@1=2;4@0=2;4@7=1;5@1=1;5@3=1;5@0=1;5@4=2;5@5=2;5@6=1;6@1=1;6@8=1;6@5=1;6@9=1;7@4=1;8@0=1;8@4=1,"1,2,3,8,0,4,5,6,9,7",39,30,0,30,0.0,0.0,0.0,0.0,0.0,0.0,0.0,0.0,"Feasible(status=11,gap=13.876511)"
752,751,0,0,0,-,0:4|8;1:5|7;2:5|7|8;3:5|6|8;4:7|9;5:0|1|8|9;6:8;7:0|3|4|5|6;8:3|4|5|8;9:0|7|8,0:-;1:-;2:-;3:-;4:-;5:-;6:-;7:-;8:-;9:-,0@1=1;0@3=1;0@4=3;0@5=1;0@6=1;0@8=1;0@9=3;2@4=1;2@9=1;2@2=2;2@7=2;3@1=1;3@9=1;3@7=1;4@1=2;4@6=1;4@2=2;4@0=2;5@1=1;6@1=1;6@3=1;6@9=1;6@2=2;7@1=1;7@4=1;7@5=1;7@9=1;8@3=1;8@5=1;8@8=1;8@9=1;8@2=1;8@0=1,"1,3,4,5,6,8,9,2,7,0",43,33,0,33,0.0,0.0,0.0,0.0,0.0,0.0,0.0,0.0,"Feasible(status=11,gap=13.876511)"
753,752,0,0,0,-,0:4|8;1:5|7;2:5|7|8;3:5|6|8;4:7|9;5:0|1|8|9;6:8;7:0|3|4|5|6;8:3|4|5|8;9:0|7|8,0:-;1:-;2:-;3:-;4:-;5:-;6:-;7:-;8:-;9:-,0@1=1;0@2=1;0@3=1;0@4=5;0@5=1;0@6=1;0@7=1;0@8=2;0@9=1;1@4=1;2@1=4;2@2=2;2@3=1;2@4=4;2@5=1;2@7=2;2@8=1;2@0=1;3@1=2;3@2=1;3@5=1;3@7=1;3@9=1;4@1=1;4@4=2;5@2=1;5@4=1;5@5=1;5@7=1;6@1=3;6@3=1;6@4=1;7@1=1;7@2=1;7@3=1;7@4=1;8@2=1;8@6=1,"1,2,3,4,5,6,7,8,9,0",55,38,0,38,0.0,0.0,0.0,0.0,0.0,0.0,0.0,0.0,"Feasible(status=11,gap=13.876511)"
754,753,0,0,0,-,0:4|8;1:5|7;2:5|7|8;3:5|6|8;4:7|9;5:0|1|8|9;6:8;7:0|3|4|5|6;8:3|4|5|8;9:0|7|8,0:-;1:-;2:-;3:-;4:-;5:-;6:-;7:-;8:-;9:-,0@0=2;0@2=1;0@3=2;0@4=1;0@9=1;2@2=2;2@3=1;2@4=2;2@1=5;2@5=1;2@8=1;4@0=1;4@2=1;4@4=2;4@9=1;4@5=4;4@8=1;5@2=1;6@0=3;6@2=2;6@3=1;6@9=1;6@5=1;6@7=1;7@4=2;7@9=1;7@5=1;8@2=1;8@1=1;8@5=1;8@8=1,"0,2,3,4,9,1,5,8,7",47,31,0,31,0.0,0.0,0.0,0.0,0.0,0.0,0.0,0.0,"Feasible(status=11,gap=13.876511)"
755,754,0,0,0,-,0:4|8;1:5|7;2:5|7|8;3:5|6|8;4:7|9;5:0|1|8|9;6:8;7:0|3|4|5|6;8:3|4|5|8;9:0|7|8,0:-;1:-;2:-;3:-;4:-;5:-;6:-;7:-;8:-;9:-,0@0=1;0@1=1;0@2=2;0@6=1;0@7=2;0@8=3;2@1=2;2@2=2;2@6=2;2@4=2;3@1=1;3@2=2;3@6=1;3@4=1;3@9=1;4@1=1;4@7=1;4@4=2;5@1=2;6@0=1;6@2=1;6@4=2;6@9=1;7@2=1;7@4=1;7@3=1;7@5=1;8@1=1;8@7=1,"0,1,2,6,7,8,4,9,3,5",41,29,0,29,0.0,0.0,0.0,0.0,0.0,0.0,0.0,0.0,"Feasible(status=11,gap=13.876511)"
756,755,0,0,0,-,0:4|8;1:5|7;2:5|7|8;3:5|6|8;4:7|9;5:0|1|8|9;6:8;7:0|3|4|5|6;8:3|4|5|8;9:0|7|8,0:-;1:-;2:-;3:-;4:-;5:-;6:-;7:-;8:-;9:-,0@0=1;0@1=1;0@2=4;0@4=1;0@6=1;0@7=1;0@9=2;2@2=1;2@4=2;2@7=3;2@9=1;2@3=1;2@5=1;3@2=2;3@6=1;3@3=1;3@8=1;4@1=2;4@2=2;4@4=1;4@7=1;4@9=1;4@5=2;5@1=1;5@2=1;5@4=1;5@7=1;5@9=1;6@0=1;6@4=1;6@8=2;7@2=1;7@4=1;7@6=1;7@5=1;8@0=1;8@2=2;8@4=1;8@6=1;8@3=1;8@8=1,"0,1,2,4,6,7,9,3,5,8",54,41,0,41,0.0,0.0,0.0,0.0,0.0,0.0,0.0,0.0,"Feasible(status=11,gap=13.876511)"
757,756,0,0,0,-,0:4|8;1:5|7;2:5|7|8;3:5|6|8;4:7|9;5:0|1|8|9;6:8;7:0|3|4|5|6;8:3|4|5|8;9:0|7|8,0:-;1:-;2:-;3:-;4:-;5:-;6:-;7:-;8:-;9:-,0@2=4;0@3=2;0@4=1;0@6=1;0@7=1;2@2=2;2@8=2;3@2=1;3@3=2;3@7=2;3@8=1;3@1=1;4@4=1;4@5=1;5@2=1;5@6=1;5@8=1;5@1=1;5@0=2;7@4=1;7@6=1;8@3=1;8@5=1,"2,3,4,6,7,8,1,5,0",32,23,0,23,0.0,0.0,0.0,0.0,0.0,0.0,0.0,0.0,"Feasible(status=11,gap=13.876511)"
758,757,0,0,0,-,0:4|8;1:5|7;2:5|7|8;3:5|6|8;4:7|9;5:0|1|8|9;6:8;7:0|3|4|5|6;8:3|4|5|8;9:0|7|8,0:-;1:-;2:-;3:-;4:-;5:-;6:-;7:-;8:-;9:-,0@0=1;0@1=1;0@3=1;0@5=1;0@6=1;0@7=1;2@1=2;2@5=1;2@2=1;2@8=1;4@0=2;4@6=1;4@2=2;4@8=1;4@4=5;5@0=2;5@1=2;8@1=1,"0,1,3,5,6,7,2,8,4",27,18,0,18,0.0,0.0,0.0,0.0,0.0,0.0,0.0,0.0,"Feasible(status=11,gap=13.876511)"
759,758,0,0,0,-,0:4|8;1:5|7;2:5|7|8;3:5|6|8;4:7|9;5:0|1|8|9;6:8;7:0|3|4|5|6;8:3|4|5|8;9:0|7|8,0:-;1:-;2:-;3:-;4:-;5:-;6:-;7:-;8:-;9:-,0@8=1;2@5=1;2@6=1;2@7=1;3@3=1;3@4=2;4@8=2;4@5=2;4@3=1;4@4=1;4@0=1;4@1=2;5@2=1;6@4=2;6@9=1;7@7=1;7@4=1;7@1=1;8@7=1;8@1=1,"8,5,6,7,3,4,0,1,2,9",25,20,0,20,0.0,0.0,0.0,0.0,0.0,0.0,0.0,0.0,"Feasible(status=11,gap=13.876511)"
760,759,0,0,0,-,0:4|8;1:5|7;2:5|7|8;3:5|6|8;4:7|9;5:0|1|8|9;6:8;7:0|3|4|5|6;8:3|4|5|8;9:0|7|8,0:-;1:-;2:-;3:-;4:-;5:-;6:-;7:-;8:-;9:-,0@1=3;0@2=1;0@3=1;0@4=2;0@5=2;0@6=1;0@7=1;0@9=1;2@1=2;2@2=1;2@3=2;2@4=4;2@5=1;2@6=3;2@0=1;2@8=1;3@4=2;3@7=1;3@8=1;4@1=1;4@2=1;4@3=1;4@4=2;4@5=1;4@6=1;4@7=1;4@9=1;4@0=1;5@2=2;6@1=1;6@2=3;6@6=1;6@0=1;6@8=1;7@1=1;7@2=1;7@3=2;7@4=1;7@6=1;7@0=1;7@8=1;8@2=2;8@4=1;8@0=1,"1,2,3,4,5,6,7,9,0,8",62,44,0,44,0.0,0.0,0.0,0.0,0.0,0.0,0.0,0.0,"Feasible(status=11,gap=13.876511)"
761,760,0,0,0,-,0:4|8;1:5|7;2:5|7|8;3:5|6|8;4:7|9;5:0|1|8|9;6:8;7:0|3|4|5|6;8:3|4|5|8;9:0|7|8,0:-;1:-;2:-;3:-;4:-;5:-;6:-;7:-;8:-;9:-,0@0=1;0@1=1;0@2=2;0@3=3;0@5=1;0@8=1;0@9=1;2@1=1;2@5=3;2@4=1;2@6=2;3@4=1;3@7=3;4@2=2;4@3=1;4@8=1;4@4=1;4@7=1;5@0=2;5@2=1;5@9=1;6@0=1;6@1=1;6@2=2;6@9=1;6@4=3;6@7=1;7@3=2;7@4=1;7@6=2;8@1=1;8@8=1;8@9=1;8@4=1,"0,1,2,3,5,8,9,4,6,7",49,34,0,34,0.0,0.0,0.0,0.0,0.0,0.0,0.0,0.0,"Feasible(status=11,gap=13.876511)"
762,761,0,0,0,-,0:4|8;1:5|7;2:5|7|8;3:5|6|8;4:7|9;5:0|1|8|9;6:8;7:0|3|4|5|6;8:3|4|5|8;9:0|7|8,0:-;1:-;2:-;3:-;4:-;5:-;6:-;7:-;8:-;9:-,0@0=1;0@2=3;0@5=1;0@7=2;0@9=1;1@7=1;2@2=4;2@1=1;2@4=3;2@6=1;2@8=1;3@2=2;3@9=2;3@1=2;3@8=2;4@0=1;4@2=1;4@4=1;4@8=2;4@3=1;5@0=1;5@1=1;6@2=3;6@7=1;6@6=1;6@8=1;7@2=1;7@1=1;7@3=1;8@2=2;8@3=1,"0,2,5,7,9,1,4,6,8,3",47,31,0,31,0.0,0.0,0.0,0.0,0.0,0.0,0.0,0.0,"Feasible(status=11,gap=13.876511)"
763,762,0,0,0,-,0:4|8;1:5|7;2:5|7|8;3:5|6|8;4:7|9;5:0|1|8|9;6:8;7:0|3|4|5|6;8:3|4|5|8;9:0|7|8,0:-;1:-;2:-;3:-;4:-;5:-;6:-;7:-;8:-;9:-,0@0=1;0@1=2;0@2=2;0@4=1;0@6=1;0@7=2;0@8=1;2@0=1;2@1=2;2@2=2;2@4=2;2@6=1;2@8=1;2@3=1;2@5=1;2@9=2;3@1=1;3@2=1;4@1=2;4@2=2;4@4=2;4@6=1;4@7=1;4@5=2;4@9=1;5@2=1;5@4=1;7@2=1;7@4=1;7@6=1;7@9=1;8@1=1;8@2=1;8@4=1,"0,1,2,4,6,7,8,3,5,9",45,34,0,34,0.0,0.0,0.0,0.0,0.0,0.0,0.0,0.0,"Feasible(status=11,gap=13.876511)"
764,763,0,0,0,-,0:4|8;1:5|7;2:5|7|8;3:5|6|8;4:7|9;5:0|1|8|9;6:8;7:0|3|4|5|6;8:3|4|5|8;9:0|7|8,0:-;1:-;2:-;3:-;4:-;5:-;6:-;7:-;8:-;9:-,0@5=1;0@6=1;2@4=3;2@7=2;3@0=1;3@2=1;4@5=1;4@0=1;4@2=1;4@8=1;5@4=2;5@7=1;6@2=1;7@2=1;8@7=1;8@2=1,"5,6,4,7,0,2,8",20,16,0,16,0.0,0.0,0.0,0.0,0.0,0.0,0.0,0.0,"Feasible(status=11,gap=13.876511)"
765,764,0,0,0,-,0:4|8;1:5|7;2:5|7|8;3:5|6|8;4:7|9;5:0|1|8|9;6:8;7:0|3|4|5|6;8:3|4|5|8;9:0|7|8,0:-;1:-;2:-;3:-;4:-;5:-;6:-;7:-;8:-;9:-,2@3=1;3@1=1;4@3=1;4@0=1;4@2=2;4@7=1;4@8=1;4@9=1;5@3=1;5@1=1;5@9=1;5@6=1;6@1=1;6@4=1;7@1=1;7@4=1;7@5=1;8@0=2;8@2=1,"3,1,0,2,7,8,9,6,4,5",21,19,0,19,0.0,0.0,0.0,0.0,0.0,0.0,0.0,0.0,"Feasible(status=11,gap=13.876511)"
766,765,0,0,0,-,0:4|8;1:5|7;2:5|7|8;3:5|6|8;4:7|9;5:0|1|8|9;6:8;7:0|3|4|5|6;8:3|4|5|8;9:0|7|8,0:-;1:-;2:-;3:-;4:-;5:-;6:-;7:-;8:-;9:-,0@0=2;0@2=1;0@6=1;0@7=1;0@8=1;2@6=1;2@4=2;2@9=1;3@2=1;4@0=1;4@2=1;4@7=1;4@8=1;4@4=2;4@9=1;4@1=1;4@5=1;5@6=1;5@8=1;5@9=1;6@0=1;6@6=3;6@1=1;7@2=2;7@8=1;7@4=1;7@9=1;8@2=2;8@6=1;8@4=1;8@1=1;8@3=1,"0,2,6,7,8,4,9,1,5,3",39,32,0,32,0.0,0.0,0.0,0.0,0.0,0.0,0.0,0.0,"Feasible(status=11,gap=13.876511)"
767,766,0,0,0,-,0:4|8;1:5|7;2:5|7|8;3:5|6|8;4:7|9;5:0|1|8|9;6:8;7:0|3|4|5|6;8:3|4|5|8;9:0|7|8,0:-;1:-;2:-;3:-;4:-;5:-;6:-;7:-;8:-;9:-,0@0=1;0@2=3;0@4=3;0@5=1;0@6=1;0@9=1;1@4=1;1@9=1;2@5=1;2@6=1;2@9=2;2@1=1;2@8=1;4@2=1;4@4=1;4@5=1;4@6=1;4@1=1;4@8=1;4@7=2;5@4=1;6@6=1;6@8=1;7@2=1;7@5=1;7@3=1;8@2=2;8@4=3;8@5=2;8@6=1;8@1=1,"0,2,4,5,6,9,1,8,7,3",41,31,0,31,0.0,0.0,0.0,0.0,0.0,0.0,0.0,0.0,"Feasible(status=11,gap=13.876511)"
768,767,0,0,0,-,0:4|8;1:5|7;2:5|7|8;3:5|6|8;4:7|9;5:0|1|8|9;6:8;7:0|3|4|5|6;8:3|4|5|8;9:0|7|8,0:-;1:-;2:-;3:-;4:-;5:-;6:-;7:-;8:-;9:-,0@2=1;0@3=1;4@0=1;4@4=1;4@6=2;4@7=3;6@2=1;6@7=1;6@5=1;7@2=1;7@0=1;7@4=2;7@1=3;7@8=1;8@4=1;8@5=1,"2,3,0,4,6,7,5,1,8",22,16,0,16,0.0,0.0,0.0,0.0,0.0,0.0,0.0,0.0,"Feasible(status=11,gap=13.876511)"
769,768,0,0,0,-,0:4|8;1:5|7;2:5|7|8;3:5|6|8;4:7|9;5:0|1|8|9;6:8;7:0|3|4|5|6;8:3|4|5|8;9:0|7|8,0:-;1:-;2:-;3:-;4:-;5:-;6:-;7:-;8:-;9:-,0@4=1;0@7=1;0@9=1;4@4=1;4@1=1;4@2=1;4@5=1;5@3=1;7@4=4;7@7=1;7@1=1;7@2=2;7@5=2;7@3=1;7@0=1;7@6=1;7@8=3;8@1=1,"4,7,9,1,2,5,3,0,6,8",25,18,0,18,0.0,0.0,0.0,0.0,0.0,0.0,0.0,0.0,"Feasible(status=11,gap=13.876511)"
770,769,0,0,0,-,0:4|8;1:5|7;2:5|7|8;3:5|6|8;4:7|9;5:0|1|8|9;6:8;7:0|3|4|5|6;8:3|4|5|8;9:0|7|8,0:-;1:-;2:-;3:-;4:-;5:-;6:-;7:-;8:-;9:-,0@0=1;0@1=1;0@7=1;0@8=1;3@4=1;4@0=1;4@1=1;4@8=1;4@4=1;4@2=1;4@9=1;5@0=1;5@8=1;7@0=2;7@8=2;7@4=2;7@2=1;7@3=1;7@5=1;8@0=1;8@7=1;8@8=2;8@2=2;8@3=1,"0,1,7,8,4,2,9,3,5",29,24,0,24,0.0,0.0,0.0,0.0,0.0,0.0,0.0,0.0,"Feasible(status=11,gap=13.876511)"
771,770,0,0,0,-,0:4|8;1:5|7;2:5|7|8;3:5|6|8;4:7|9;5:0|1|8|9;6:8;7:0|3|4|5|6;8:3|4|5|8;9:0|7|8,0:-;1:-;2:-;3:-;4:-;5:-;6:-;7:-;8:-;9:-,0@2=2;4@1=2;4@4=1;4@6=1;5@2=1;7@4=1;8@6=1,"2,1,4,6",9,7,0,7,0.0,0.0,0.0,0.0,0.0,0.0,0.0,0.0,"Feasible(status=11,gap=13.876511)"
772,771,0,0,0,-,0:4|8;1:5|7;2:5|7|8;3:5|6|8;4:7|9;5:0|1|8|9;6:8;7:0|3|4|5|6;8:3|4|5|8;9:0|7|8,0:-;1:-;2:-;3:-;4:-;5:-;6:-;7:-;8:-;9:-,4@0=1;4@1=1;4@4=1;4@8=1;5@0=1;5@1=1;5@7=1;7@0=1;7@1=4;7@4=6;7@2=1;7@3=1;7@5=1;8@8=1;8@2=1,"0,1,4,8,7,2,3,5",23,15,0,15,0.0,0.0,0.0,0.0,0.0,0.0,0.0,0.0,"Feasible(status=11,gap=13.876511)"
773,772,0,0,0,-,0:4|8;1:5|7;2:5|7|8;3:5|6|8;4:7|9;5:0|1|8|9;6:8;7:0|3|4|5|6;8:3|4|5|8;9:0|7|8,0:-;1:-;2:-;3:-;4:-;5:-;6:-;7:-;8:-;9:-,2@6=1;3@1=1;4@1=1;4@0=1;4@3=1;4@4=1;5@2=1;5@7=2;7@1=2;7@0=2;7@3=1;7@4=2;7@5=2;7@8=1;7@9=2;8@0=1,"6,1,0,3,4,2,7,5,8,9",22,16,0,16,0.0,0.0,0.0,0.0,0.0,0.0,0.0,0.0,"Feasible(status=11,gap=13.876511)"
774,773,0,0,0,-,0:4|8;1:5|7;2:5|7|8;3:5|6|8;4:7|9;5:0|1|8|9;6:8;7:0|3|4|5|6;8:3|4|5|8;9:0|7|8,0:-;1:-;2:-;3:-;4:-;5:-;6:-;7:-;8:-;9:-,1@1=1;2@1=1;2@7=1;4@2=1;4@3=1;4@4=1;4@5=1;4@6=2;4@9=1;5@7=2;5@9=1;5@8=1;7@1=1;7@2=1;7@4=1;7@5=3;7@6=1;7@9=1;7@0=1;8@2=1;8@4=2;8@9=1;8@0=1,"1,7,2,3,4,5,6,9,8,0",28,23,0,23,0.0,0.0,0.0,0.0,0.0,0.0,0.0,0.0,"Feasible(status=11,gap=13.876511)"
775,774,0,0,0,-,0:4|8;1:5|7;2:5|7|8;3:5|6|8;4:7|9;5:0|1|8|9;6:8;7:0|3|4|5|6;8:3|4|5|8;9:0|7|8,0:-;1:-;2:-;3:-;4:-;5:-;6:-;7:-;8:-;9:-,2@4=1;3@4=2;4@4=2;4@1=1;4@2=1;4@3=1;4@5=1;4@7=1;4@9=1;5@4=1;5@2=3;6@2=1;6@3=1;6@0=1;7@1=2;7@2=3;7@5=2;7@7=2;7@6=2;8@1=1;8@0=1;8@6=1,"4,1,2,3,5,7,9,0,6",32,22,0,22,0.0,0.0,0.0,0.0,0.0,0.0,0.0,0.0,"Feasible(status=11,gap=13.876511)"
776,775,0,0,0,-,0:4|8;1:5|7;2:5|7|8;3:5|6|8;4:7|9;5:0|1|8|9;6:8;7:0|3|4|5|6;8:3|4|5|8;9:0|7|8,0:-;1:-;2:-;3:-;4:-;5:-;6:-;7:-;8:-;9:-,0@1=1;2@8=1;4@1=1;4@0=1;4@4=2;5@4=1;5@2=2;5@9=1;6@4=1;6@2=1;6@3=1;6@5=1;7@8=1;7@4=2;7@2=1;7@3=3;7@7=2;8@1=1;8@9=1;8@7=1;8@6=1,"1,8,0,4,2,9,3,5,7,6",27,21,0,21,0.0,0.0,0.0,0.0,0.0,0.0,0.0,0.0,"Feasible(status=11,gap=13.876511)"
777,776,0,0,0,-,0:4|8;1:5|7;2:5|7|8;3:5|6|8;4:7|9;5:0|1|8|9;6:8;7:0|3|4|5|6;8:3|4|5|8;9:0|7|8,0:-;1:-;2:-;3:-;4:-;5:-;6:-;7:-;8:-;9:-,1@2=1;2@0=1;2@4=1;2@9=1;3@0=1;3@9=1;4@2=1;4@9=1;6@2=1;6@0=1;6@1=1;6@3=1;6@7=1;7@2=2;7@4=2;7@7=1;7@5=1;7@6=1;8@4=1;8@6=1,"2,0,4,9,1,3,7,5,6",22,20,0,20,0.0,0.0,0.0,0.0,0.0,0.0,0.0,0.0,"Feasible(status=11,gap=13.876511)"
778,777,0,0,0,-,0:4|8;1:5|7;2:5|7|8;3:5|6|8;4:7|9;5:0|1|8|9;6:8;7:0|3|4|5|6;8:3|4|5|8;9:0|7|8,0:-;1:-;2:-;3:-;4:-;5:-;6:-;7:-;8:-;9:-,2@4=1;2@7=1;3@2=1;4@4=1;4@6=1;5@4=1;5@1=1;6@4=1;6@7=1;6@0=1;6@5=1;7@6=1;7@1=1;7@8=1;8@7=1;8@6=1;8@3=1,"4,7,2,6,1,0,5,8,3",17,17,0,17,0.0,0.0,0.0,0.0,0.0,0.0,0.0,0.0,"Feasible(status=11,gap=13.876511)"
779,778,0,0,0,-,0:4|8;1:5|7;2:5|7|8;3:5|6|8;4:7|9;5:0|1|8|9;6:8;7:0|3|4|5|6;8:3|4|5|8;9:0|7|8,0:-;1:-;2:-;3:-;4:-;5:-;6:-;7:-;8:-;9:-,2@1=1;2@3=1;2@4=2;2@6=1;2@7=2;2@8=1;3@4=2;3@8=1;3@2=1;4@3=1;4@7=1;4@8=1;4@5=1;4@9=1;5@1=1;5@7=1;6@1=2;6@3=1;6@4=1;7@3=2;7@4=2;7@5=1;7@9=1;8@3=1;8@4=1;8@6=1;8@0=1,"1,3,4,6,7,8,2,5,9,0",33,27,0,27,0.0,0.0,0.0,0.0,0.0,0.0,0.0,0.0,"Feasible(status=11,gap=13.876511)"
780,779,0,0,0,-,0:4|8;1:5|7;2:5|7|8;3:5|6|8;4:7|9;5:0|1|8|9;6:8;7:0|3|4|5|6;8:3|4|5|8;9:0|7|8,0:-;1:-;2:-;3:-;4:-;5:-;6:-;7:-;8:-;9:-,0@2=1;0@4=1;2@4=1;2@6=1;2@8=1;3@2=1;3@6=1;3@7=1;4@4=2;4@7=1;4@1=1;4@3=1;5@2=2;5@1=1;5@0=1;6@2=2;6@4=1;6@6=1;6@7=3;6@9=1;7@2=4;7@4=2;7@8=3;7@7=1;7@1=2;7@3=1;8@2=2;8@1=1;8@5=1,"2,4,6,8,7,1,3,0,9,5",42,29,0,29,0.0,0.0,0.0,0.0,0.0,0.0,0.0,0.0,"Feasible(status=11,gap=13.876511)"
781,780,0,0,0,-,0:4|8;1:5|7;2:5|7|8;3:5|6|8;4:7|9;5:0|1|8|9;6:8;7:0|3|4|5|6;8:3|4|5|8;9:0|7|8,0:-;1:-;2:-;3:-;4:-;5:-;6:-;7:-;8:-;9:-,1@9=1;2@9=2;2@3=1;2@5=1;2@8=2;3@3=1;3@1=1;3@2=2;3@4=1;3@7=1;4@5=1;4@1=1;4@4=1;4@7=1;4@0=1;5@5=1;5@2=1;6@0=1;6@6=1;7@9=2;7@3=2;7@5=1;7@1=3;7@2=3;7@4=1;7@0=1;7@6=1;8@5=1;8@1=2,"9,3,5,8,1,2,4,7,0,6",39,29,0,29,0.0,0.0,0.0,0.0,0.0,0.0,0.0,0.0,"Feasible(status=11,gap=13.876511)"
782,781,0,0,0,-,0:4|8;1:5|7;2:5|7|8;3:5|6|8;4:7|9;5:0|1|8|9;6:8;7:0|3|4|5|6;8:3|4|5|8;9:0|7|8,0:-;1:-;2:-;3:-;4:-;5:-;6:-;7:-;8:-;9:-,1@4=1;2@4=1;2@1=1;2@6=2;3@4=1;3@1=1;3@7=2;4@4=1;4@2=1;4@3=1;4@8=1;5@3=1;6@2=1;6@3=1;6@8=2;6@5=1;7@4=1;7@1=5;7@2=1;7@0=1;7@9=2;8@4=1;8@2=2;8@3=1,"4,1,6,7,2,3,8,5,0,9",33,24,0,24,0.0,0.0,0.0,0.0,0.0,0.0,0.0,0.0,"Feasible(status=11,gap=13.876511)"
783,782,0,0,0,-,0:4|8;1:5|7;2:5|7|8;3:5|6|8;4:7|9;5:0|1|8|9;6:8;7:0|3|4|5|6;8:3|4|5|8;9:0|7|8,0:-;1:-;2:-;3:-;4:-;5:-;6:-;7:-;8:-;9:-,0@1=1;0@2=1;0@4=2;0@8=1;2@1=1;2@9=1;3@1=1;3@2=1;3@4=1;3@9=1;4@1=1;4@8=1;4@9=1;4@5=3;5@4=1;6@6=1;6@7=1;7@1=1;7@4=3;7@5=2;7@6=1;7@0=1;8@1=2;8@4=1,"1,2,4,8,9,5,6,7,0",31,24,0,24,0.0,0.0,0.0,0.0,0.0,0.0,0.0,0.0,"Feasible(status=11,gap=13.876511)"
784,783,0,0,0,-,0:4|8;1:5|7;2:5|7|8;3:5|6|8;4:7|9;5:0|1|8|9;6:8;7:0|3|4|5|6;8:3|4|5|8;9:0|7|8,0:-;1:-;2:-;3:-;4:-;5:-;6:-;7:-;8:-;9:-,0@2=1;1@2=1;2@2=1;2@4=1;2@5=2;3@4=1;3@7=1;4@2=2;4@4=2;4@7=3;4@0=1;4@1=1;4@6=1;4@8=1;4@9=2;5@2=1;5@1=1;6@2=2;6@1=2;6@6=1;7@2=3;7@1=1;8@2=1;8@5=1;8@0=1;8@1=2;8@6=1,"2,4,5,7,0,1,6,8,9",38,27,0,27,0.0,0.0,0.0,0.0,0.0,0.0,0.0,0.0,"Feasible(status=11,gap=13.876511)"
785,784,0,0,0,-,0:4|8;1:5|7;2:5|7|8;3:5|6|8;4:7|9;5:0|1|8|9;6:8;7:0|3|4|5|6;8:3|4|5|8;9:0|7|8,0:-;1:-;2:-;3:-;4:-;5:-;6:-;7:-;8:-;9:-,0@1=1;0@3=1;0@4=1;0@5=1;1@6=1;2@3=1;2@4=1;3@1=1;3@9=1;4@3=1;4@5=1;5@4=1;5@5=1;5@2=1;6@5=2;6@9=2;6@0=1;7@1=2;7@4=2;7@5=1;7@6=3;7@9=1;7@2=2;7@0=1;7@7=1;7@8=1;8@4=1;8@5=1,"1,3,4,5,6,9,2,0,7,8",35,28,0,28,0.0,0.0,0.0,0.0,0.0,0.0,0.0,0.0,"Feasible(status=11,gap=13.876511)"
786,785,0,0,0,-,0:4|8;1:5|7;2:5|7|8;3:5|6|8;4:7|9;5:0|1|8|9;6:8;7:0|3|4|5|6;8:3|4|5|8;9:0|7|8,0:-;1:-;2:-;3:-;4:-;5:-;6:-;7:-;8:-;9:-,0@1=2;0@8=2;2@8=2;3@1=1;3@2=2;3@3=1;3@9=1;4@1=1;4@2=1;4@9=1;4@4=3;5@2=2;5@9=1;5@4=1;5@0=1;5@5=1;5@6=1;5@7=1;6@5=1;6@7=1;7@8=1;7@2=5;7@3=1;7@7=2;8@1=1;8@6=1,"1,8,2,3,9,4,0,5,6,7",38,26,0,26,0.0,0.0,0.0,0.0,0.0,0.0,0.0,0.0,"Feasible(status=11,gap=13.876511)"
787,786,0,0,0,-,0:4|8;1:5|7;2:5|7|8;3:5|6|8;4:7|9;5:0|1|8|9;6:8;7:0|3|4|5|6;8:3|4|5|8;9:0|7|8,0:-;1:-;2:-;3:-;4:-;5:-;6:-;7:-;8:-;9:-,0@1=1;0@2=2;0@4=2;0@5=2;0@7=1;0@8=1;2@2=1;2@8=1;2@6=1;2@9=1;3@2=2;3@4=1;3@8=1;3@6=1;4@2=1;4@4=1;4@6=1;4@0=1;4@3=1;5@6=1;6@2=1;6@4=1;6@5=1;6@6=1;6@0=1;6@3=1;7@1=2;7@2=2;7@4=2;7@7=2;7@6=2;7@0=2;8@1=1;8@2=1;8@8=1,"1,2,4,5,7,8,6,9,0,3",45,35,0,35,0.0,0.0,0.0,0.0,0.0,0.0,0.0,0.0,"Feasible(status=11,gap=13.876511)"
788,787,0,0,0,-,0:4|8;1:5|7;2:5|7|8;3:5|6|8;4:7|9;5:0|1|8|9;6:8;7:0|3|4|5|6;8:3|4|5|8;9:0|7|8,0:-;1:-;2:-;3:-;4:-;5:-;6:-;7:-;8:-;9:-,0@2=1;0@4=2;0@6=1;3@2=1;3@1=2;3@9=1;4@4=3;4@6=1;4@8=1;5@1=1;5@3=1;6@2=2;6@4=1;6@6=1;6@1=1;6@9=1;6@3=1;6@0=1;7@2=1;7@6=1;7@1=4;7@9=1;7@8=1;7@0=1;7@5=1;7@7=1;8@7=1,"2,4,6,1,9,8,3,0,5,7",35,27,0,27,0.0,0.0,0.0,0.0,0.0,0.0,0.0,0.0,"Feasible(status=11,gap=13.876511)"
789,788,0,0,0,-,0:4|8;1:5|7;2:5|7|8;3:5|6|8;4:7|9;5:0|1|8|9;6:8;7:0|3|4|5|6;8:3|4|5|8;9:0|7|8,0:-;1:-;2:-;3:-;4:-;5:-;6:-;7:-;8:-;9:-,0@0=1;0@1=2;0@2=1;0@3=3;0@6=1;0@7=1;0@8=3;2@8=1;2@4=1;3@1=1;3@2=2;3@3=2;3@6=1;3@7=1;4@6=2;4@7=2;4@4=2;5@3=1;5@9=1;6@0=1;6@1=2;6@2=1;6@3=1;6@6=1;6@8=1;6@4=3;7@0=1;7@6=2;7@7=2;7@4=2;7@9=1;8@3=2;8@6=1;8@7=1;8@4=2;8@9=1,"0,1,2,3,6,7,8,4,9",54,36,0,36,0.0,0.0,0.0,0.0,0.0,0.0,0.0,0.0,"Feasible(status=11,gap=13.876511)"
790,789,0,0,0,-,0:4|8;1:5|7;2:5|7|8;3:5|6|8;4:7|9;5:0|1|8|9;6:8;7:0|3|4|5|6;8:3|4|5|8;9:0|7|8,0:-;1:-;2:-;3:-;4:-;5:-;6:-;7:-;8:-;9:-,0@0=1;0@4=2;2@4=1;2@3=2;2@8=1;2@9=1;3@9=1;3@2=2;4@4=1;4@3=2;4@2=1;5@4=1;5@9=1;5@1=1;6@2=1;6@1=1;6@5=3;6@7=1;7@0=1;7@4=1;7@9=1;7@2=1;7@1=1;7@5=1;7@7=1;8@2=1;8@5=1,"0,4,3,8,9,2,1,5,7",33,27,0,27,0.0,0.0,0.0,0.0,0.0,0.0,0.0,0.0,"Feasible(status=11,gap=13.876511)"
791,790,0,0,0,-,0:4|8;1:5|7;2:5|7|8;3:5|6|8;4:7|9;5:0|1|8|9;6:8;7:0|3|4|5|6;8:3|4|5|8;9:0|7|8,0:-;1:-;2:-;3:-;4:-;5:-;6:-;7:-;8:-;9:-,0@0=1;0@2=3;0@4=1;0@5=2;0@6=1;0@9=1;2@2=1;2@7=1;3@2=1;3@5=1;3@6=1;3@7=1;3@8=1;4@2=1;4@4=2;4@5=1;4@7=4;4@1=2;5@4=2;5@5=1;6@4=1;6@9=1;6@3=1;7@2=1;7@4=4;7@5=1;7@1=1;8@2=1;8@8=1;8@1=1,"0,2,4,5,6,9,7,8,1,3",42,30,0,30,0.0,0.0,0.0,0.0,0.0,0.0,0.0,0.0,"Feasible(status=11,gap=13.876511)"
792,791,0,0,0,-,0:4|8;1:5|7;2:5|7|8;3:5|6|8;4:7|9;5:0|1|8|9;6:8;7:0|3|4|5|6;8:3|4|5|8;9:0|7|8,0:-;1:-;2:-;3:-;4:-;5:-;6:-;7:-;8:-;9:-,0@1=1;0@6=1;2@6=1;2@0=1;2@2=1;3@2=1;3@4=1;4@1=1;4@6=1;4@2=1;4@3=1;6@6=1;6@2=1;6@4=1;6@5=2;7@1=2;7@0=1;7@2=2;7@4=1;7@8=1;8@0=1,"1,6,0,2,4,3,5,8",24,21,0,21,0.0,0.0,0.0,0.0,0.0,0.0,0.0,0.0,"Feasible(status=11,gap=13.876511)"
793,792,0,0,0,-,0:4|8;1:5|7;2:5|7|8;3:5|6|8;4:7|9;5:0|1|8|9;6:8;7:0|3|4|5|6;8:3|4|5|8;9:0|7|8,0:-;1:-;2:-;3:-;4:-;5:-;6:-;7:-;8:-;9:-,2@5=1;3@5=1;3@0=1;3@6=1;3@7=1;4@7=1;4@1=1;5@2=2;6@5=1;6@0=1;6@6=1;6@1=1;6@4=1;7@5=1;7@0=1;7@1=2;7@2=1;7@4=1;7@3=2;7@9=1,"5,0,6,7,1,2,4,3,9",23,20,0,20,0.0,0.0,0.0,0.0,0.0,0.0,0.0,0.0,"Feasible(status=11,gap=13.876511)"
794,793,0,0,0,-,0:4|8;1:5|7;2:5|7|8;3:5|6|8;4:7|9;5:0|1|8|9;6:8;7:0|3|4|5|6;8:3|4|5|8;9:0|7|8,0:-;1:-;2:-;3:-;4:-;5:-;6:-;7:-;8:-;9:-,0@1=1;0@6=2;0@7=1;0@9=1;2@6=1;2@2=1;3@1=1;3@6=1;3@2=1;3@3=1;3@4=3;3@8=1;4@2=1;4@4=2;5@3=1;5@0=1;5@5=1;6@6=1;6@7=1;6@9=1;6@2=1;6@3=1;6@4=2;7@6=1;7@7=1;7@2=2;7@3=1;7@4=1;8@2=1;8@4=1;8@8=1,"1,6,7,9,2,3,4,8,0,5",37,31,0,31,0.0,0.0,0.0,0.0,0.0,0.0,0.0,0.0,"Feasible(status=11,gap=13.876511)"
795,794,0,0,0,-,0:4|8;1:5|7;2:5|7|8;3:5|6|8;4:7|9;5:0|1|8|9;6:8;7:0|3|4|5|6;8:3|4|5|8;9:0|7|8,0:-;1:-;2:-;3:-;4:-;5:-;6:-;7:-;8:-;9:-,0@0=1;0@1=1;0@3=2;0@4=3;0@5=2;0@8=1;2@0=1;2@2=2;3@0=1;3@1=1;3@9=1;4@0=1;4@3=2;4@4=3;4@9=1;5@4=1;5@2=1;5@6=1;6@5=1;6@2=2;6@9=1;6@6=1;7@1=2;7@4=2;7@2=1;7@6=2;7@7=2;8@0=1;8@3=2;8@4=1;8@2=2,"0,1,3,4,5,8,2,9,6,7",46,31,0,31,0.0,0.0,0.0,0.0,0.0,0.0,0.0,0.0,"Feasible(status=11,gap=13.876511)"
796,795,0,0,0,-,0:4|8;1:5|7;2:5|7|8;3:5|6|8;4:7|9;5:0|1|8|9;6:8;7:0|3|4|5|6;8:3|4|5|8;9:0|7|8,0:-;1:-;2:-;3:-;4:-;5:-;6:-;7:-;8:-;9:-,0@1=1;0@2=2;0@3=2;0@7=1;0@8=1;1@3=1;1@4=1;1@5=2;3@3=2;3@4=3;3@5=1;3@9=1;4@3=1;4@7=2;4@4=2;4@5=1;4@0=1;5@3=2;5@5=1;6@2=1;6@7=2;6@4=1;6@0=1;7@1=1;7@2=2;7@8=1;7@4=3;7@0=3;8@5=1,"1,2,3,7,8,4,5,9,0",44,29,0,29,0.0,0.0,0.0,0.0,0.0,0.0,0.0,0.0,"Feasible(status=11,gap=13.876511)"
797,796,0,0,0,-,0:4|8;1:5|7;2:5|7|8;3:5|6|8;4:7|9;5:0|1|8|9;6:8;7:0|3|4|5|6;8:3|4|5|8;9:0|7|8,0:-;1:-;2:-;3:-;4:-;5:-;6:-;7:-;8:-;9:-,0@1=1;0@3=1;0@7=1;0@8=1;1@1=1;1@8=2;1@9=2;3@1=1;3@9=1;3@2=3;3@4=2;4@9=1;5@1=1;5@5=1;6@2=1;6@4=1;7@1=1;7@7=2;7@4=3;8@1=1;8@9=1;8@2=1,"1,3,7,8,9,2,4,5",30,22,0,22,0.0,0.0,0.0,0.0,0.0,0.0,0.0,0.0,"Feasible(status=11,gap=13.876511)"
798,797,0,0,0,-,0:4|8;1:5|7;2:5|7|8;3:5|6|8;4:7|9;5:0|1|8|9;6:8;7:0|3|4|5|6;8:3|4|5|8;9:0|7|8,0:-;1:-;2:-;3:-;4:-;5:-;6:-;7:-;8:-;9:-,0@0=1;0@3=1;0@4=1;0@9=1;1@4=2;1@9=1;1@1=1;2@3=2;2@4=1;2@1=1;2@5=1;2@7=1;3@0=2;3@3=1;3@4=1;3@5=1;4@4=1;4@2=1;4@8=1;6@3=1;6@9=1;6@1=1;6@5=1;6@7=2;6@6=2;7@3=1;7@4=2;7@1=1;7@8=2;8@4=1,"0,3,4,9,1,5,7,2,8,6",37,30,0,30,0.0,0.0,0.0,0.0,0.0,0.0,0.0,0.0,"Feasible(status=11,gap=13.876511)"
799,798,0,0,0,-,0:4|8;1:5|7;2:5|7|8;3:5|6|8;4:7|9;5:0|1|8|9;6:8;7:0|3|4|5|6;8:3|4|5|8;9:0|7|8,0:-;1:-;2:-;3:-;4:-;5:-;6:-;7:-;8:-;9:-,0@0=1;0@2=1;0@4=1;1@7=1;2@2=1;2@8=1;3@2=1;3@7=1;3@8=1;3@1=1;3@3=1;3@9=1;4@2=1;4@1=1;4@9=1;5@4=1;5@8=1;5@1=1;6@2=1;6@4=1;6@5=1;7@4=1;7@7=1;7@1=1;8@1=2,"0,2,4,7,8,1,3,9,5",26,25,0,25,0.0,0.0,0.0,0.0,0.0,0.0,0.0,0.0,"Feasible(status=11,gap=13.876511)"
800,799,0,0,0,-,0:4|8;1:5|7;2:5|7|8;3:5|6|8;4:7|9;5:0|1|8|9;6:8;7:0|3|4|5|6;8:3|4|5|8;9:0|7|8,0:-;1:-;2:-;3:-;4:-;5:-;6:-;7:-;8:-;9:-,3@0=1;3@2=2;3@7=1;4@2=1;4@9=1;5@9=1;5@4=1;5@8=1;6@4=1;6@1=1;7@0=1;7@2=1;7@7=2;7@9=1;7@8=1;8@2=1;8@9=1;8@3=1,"0,2,7,9,4,8,1,3",20,18,0,18,0.0,0.0,0.0,0.0,0.0,0.0,0.0,0.0,"Feasible(status=11,gap=13.876511)"
801,800,0,0,0,-,0:4|8;1:5|7;2:5|7|8;3:5|6|8;4:7|9;5:0|1|8|9;6:8;7:0|3|4|5|6;8:3|4|5|8;9:0|7|8,0:-;1:-;2:-;3:-;4:-;5:-;6:-;7:-;8:-;9:-,0@5=1;0@9=1;2@5=1;3@2=2;3@4=3;3@7=3;3@8=2;4@5=1;4@2=1;4@6=1;5@2=2;5@0=1;7@5=1;7@2=1;7@4=2;7@0=6;7@1=1;7@3=1;8@9=1;8@2=1;8@1=1,"5,9,2,4,7,8,6,0,1,3",34,21,0,21,0.0,0.0,0.0,0.0,0.0,0.0,0.0,0.0,"Feasible(status=11,gap=13.876511)"
802,801,0,0,0,-,0:4|8;1:5|7;2:5|7|8;3:5|6|8;4:7|9;5:0|1|8|9;6:8;7:0|3|4|5|6;8:3|4|5|8;9:0|7|8,0:-;1:-;2:-;3:-;4:-;5:-;6:-;7:-;8:-;9:-,0@4=1;1@4=2;1@1=2;1@2=2;1@3=1;1@8=1;2@4=1;2@1=1;3@4=3;3@1=2;3@2=1;3@8=1;4@4=2;4@2=1;4@9=1;5@2=1;5@0=1;7@4=1;7@1=1;7@2=1;7@3=2;7@9=1;7@0=2;7@6=1;8@4=1;8@0=1,"4,1,2,3,8,9,0,6",35,26,0,26,0.0,0.0,0.0,0.0,0.0,0.0,0.0,0.0,"Feasible(status=11,gap=13.876511)"
803,802,0,0,0,-,0:4|8;1:5|7;2:5|7|8;3:5|6|8;4:7|9;5:0|1|8|9;6:8;7:0|3|4|5|6;8:3|4|5|8;9:0|7|8,0:-;1:-;2:-;3:-;4:-;5:-;6:-;7:-;8:-;9:-,1@3=1;1@4=2;1@7=1;1@9=1;2@4=1;2@1=2;2@5=1;2@6=1;2@8=1;3@1=1;3@2=1;4@3=1;4@4=1;4@5=3;4@8=1;4@2=1;5@2=1;6@6=1;6@8=1;6@2=1;7@3=2;7@4=1;7@9=2;7@1=1;7@2=2;8@7=1,"3,4,7,9,1,5,6,8,2",33,26,0,26,0.0,0.0,0.0,0.0,0.0,0.0,0.0,0.0,"Feasible(status=11,gap=13.876511)"
804,803,0,0,0,-,0:4|8;1:5|7;2:5|7|8;3:5|6|8;4:7|9;5:0|1|8|9;6:8;7:0|3|4|5|6;8:3|4|5|8;9:0|7|8,0:-;1:-;2:-;3:-;4:-;5:-;6:-;7:-;8:-;9:-,2@1=1;2@2=2;2@4=1;3@4=1;3@0=1;3@3=1;3@5=1;4@2=1;4@3=1;4@7=1;5@1=3;6@1=1;6@2=2;7@1=1;7@2=1;7@9=1;8@4=1;8@3=1,"1,2,4,0,3,5,7,9",22,18,0,18,0.0,0.0,0.0,0.0,0.0,0.0,0.0,0.0,"Feasible(status=11,gap=13.876511)"
805,804,0,0,0,-,0:4|8;1:5|7;2:5|7|8;3:5|6|8;4:7|9;5:0|1|8|9;6:8;7:0|3|4|5|6;8:3|4|5|8;9:0|7|8,0:-;1:-;2:-;3:-;4:-;5:-;6:-;7:-;8:-;9:-,2@4=1;3@4=1;3@2=1;3@5=1;3@7=1;3@8=1;4@4=1;4@7=2;4@0=1;4@1=1;4@6=1;5@6=1;7@4=2;7@2=1;7@5=2;7@0=1;7@1=1;8@9=1,"4,2,5,7,8,0,1,6,9",21,18,0,18,0.0,0.0,0.0,0.0,0.0,0.0,0.0,0.0,"Feasible(status=11,gap=13.876511)"
806,805,0,0,0,-,0:4|8;1:5|7;2:5|7|8;3:5|6|8;4:7|9;5:0|1|8|9;6:8;7:0|3|4|5|6;8:3|4|5|8;9:0|7|8,0:-;1:-;2:-;3:-;4:-;5:-;6:-;7:-;8:-;9:-,2@1=1;2@3=1;3@1=1;3@4=1;3@6=1;3@7=1;4@3=1;4@2=1;5@0=1;5@8=1;7@8=1;7@5=1;8@1=1,"1,3,4,6,7,2,0,8,5",13,13,0,13,0.0,0.0,0.0,0.0,0.0,0.0,0.0,0.0,"Feasible(status=11,gap=13.876511)"
807,806,0,0,0,-,0:4|8;1:5|7;2:5|7|8;3:5|6|8;4:7|9;5:0|1|8|9;6:8;7:0|3|4|5|6;8:3|4|5|8;9:0|7|8,0:-;1:-;2:-;3:-;4:-;5:-;6:-;7:-;8:-;9:-,2@2=1;3@0=1;4@1=1;4@3=1;4@6=1;5@0=1;5@4=1;7@1=2;7@4=5;7@7=3;7@8=1;8@2=1;8@3=1;8@4=1,"2,0,1,3,6,4,7,8",21,14,0,14,0.0,0.0,0.0,0.0,0.0,0.0,0.0,0.0,"Feasible(status=11,gap=13.876511)"
808,807,0,0,0,-,0:4|8;1:5|7;2:5|7|8;3:5|6|8;4:7|9;5:0|1|8|9;6:8;7:0|3|4|5|6;8:3|4|5|8;9:0|7|8,0:-;1:-;2:-;3:-;4:-;5:-;6:-;7:-;8:-;9:-,1@1=1;1@4=2;1@7=2;1@8=1;1@9=1;2@7=2;2@0=1;2@5=1;3@5=1;4@4=1;4@9=2;4@5=1;4@2=1;5@1=1;5@7=1;5@9=1;5@5=1;7@1=2;7@4=1;7@7=1;7@9=1;7@2=2;8@4=1;8@9=1;8@5=1,"1,4,7,8,9,0,5,2",31,25,0,25,0.0,0.0,0.0,0.0,0.0,0.0,0.0,0.0,"Feasible(status=11,gap=13.876511)"
809,808,0,0,0,-,0:4|8;1:5|7;2:5|7|8;3:5|6|8;4:7|9;5:0|1|8|9;6:8;7:0|3|4|5|6;8:3|4|5|8;9:0|7|8,0:-;1:-;2:-;3:-;4:-;5:-;6:-;7:-;8:-;9:-,1@2=1;1@5=1;1@9=1;2@2=2;2@0=1;2@1=3;2@4=1;3@2=1;3@0=1;3@4=3;3@3=1;3@7=1;4@2=1;4@1=1;4@4=2;5@9=1;5@6=1;6@4=1;6@6=1;7@2=1;7@5=1;7@4=2;7@3=1;7@6=2;7@8=1;8@4=1,"2,5,9,0,1,4,3,7,6,8",34,26,0,26,0.0,0.0,0.0,0.0,0.0,0.0,0.0,0.0,"Feasible(status=11,gap=13.876511)"
810,809,0,0,0,-,0:4|8;1:5|7;2:5|7|8;3:5|6|8;4:7|9;5:0|1|8|9;6:8;7:0|3|4|5|6;8:3|4|5|8;9:0|7|8,0:-;1:-;2:-;3:-;4:-;5:-;6:-;7:-;8:-;9:-,1@4=1;1@8=1;2@4=1;3@4=1;3@2=2;3@5=1;3@7=1;3@9=1;4@4=1;4@8=1;4@2=2;4@1=1;4@6=1;5@2=1;5@5=1;5@9=1;5@6=1;6@8=1;6@2=4;6@5=1;6@6=1;6@0=1;7@8=1;7@9=2;7@1=1;7@6=1;8@4=1,"4,8,2,5,7,9,1,6,0",33,27,0,27,0.0,0.0,0.0,0.0,0.0,0.0,0.0,0.0,"Feasible(status=11,gap=13.876511)"
811,810,0,0,0,-,0:4|8;1:5|7;2:5|7|8;3:5|6|8;4:7|9;5:0|1|8|9;6:8;7:0|3|4|5|6;8:3|4|5|8;9:0|7|8,0:-;1:-;2:-;3:-;4:-;5:-;6:-;7:-;8:-;9:-,1@4=2;1@8=1;2@1=1;2@2=2;2@5=1;2@6=1;3@4=1;3@7=1;4@4=1;4@8=1;4@5=1;4@6=1;5@6=1;6@6=1;7@8=1;7@1=1;7@0=1;7@9=1;8@4=1;8@1=1;8@2=2;8@6=1;8@0=1,"4,8,1,2,5,6,7,0,9",26,23,0,23,0.0,0.0,0.0,0.0,0.0,0.0,0.0,0.0,"Feasible(status=11,gap=13.876511)"
812,811,0,0,0,-,0:4|8;1:5|7;2:5|7|8;3:5|6|8;4:7|9;5:0|1|8|9;6:8;7:0|3|4|5|6;8:3|4|5|8;9:0|7|8,0:-;1:-;2:-;3:-;4:-;5:-;6:-;7:-;8:-;9:-,1@2=1;1@6=1;1@8=1;1@9=1;2@2=3;2@0=1;2@7=1;3@7=1;3@4=2;4@2=1;4@8=1;4@5=1;5@7=1;5@1=2;6@2=1;6@8=2;6@4=1;6@3=1;7@8=1;7@0=1;7@7=2;7@4=1;8@1=1;8@3=1,"2,6,8,9,0,7,4,5,1,3",30,24,0,24,0.0,0.0,0.0,0.0,0.0,0.0,0.0,0.0,"Feasible(status=11,gap=13.876511)"
813,812,0,0,0,-,0:4|8;1:5|7;2:5|7|8;3:5|6|8;4:7|9;5:0|1|8|9;6:8;7:0|3|4|5|6;8:3|4|5|8;9:0|7|8,0:-;1:-;2:-;3:-;4:-;5:-;6:-;7:-;8:-;9:-,1@0=1;1@2=1;1@3=1;2@9=1;3@2=1;3@9=1;3@4=1;3@7=1;4@2=3;4@5=1;5@2=1;5@9=1;5@8=1;6@4=1;6@8=1;6@6=1;7@0=1;7@2=3;7@7=1;7@5=2;7@8=2;8@0=1;8@9=1;8@7=1,"0,2,3,9,4,7,5,8,6",30,24,0,24,0.0,0.0,0.0,0.0,0.0,0.0,0.0,0.0,"Feasible(status=11,gap=13.876511)"
814,813,0,0,0,-,0:4|8;1:5|7;2:5|7|8;3:5|6|8;4:7|9;5:0|1|8|9;6:8;7:0|3|4|5|6;8:3|4|5|8;9:0|7|8,0:-;1:-;2:-;3:-;4:-;5:-;6:-;7:-;8:-;9:-,4@1=1;4@3=1;4@4=1;4@8=1;5@1=1;5@4=2;6@1=1;6@2=1;6@6=1;7@1=1;7@4=1;7@5=3;7@9=1;8@2=1;8@0=1;8@7=1,"1,3,4,8,2,6,5,9,0,7",19,16,0,16,0.0,0.0,0.0,0.0,0.0,0.0,0.0,0.0,"Feasible(status=11,gap=13.876511)"
815,814,0,0,0,-,0:4|8;1:5|7;2:5|7|8;3:5|6|8;4:7|9;5:0|1|8|9;6:8;7:0|3|4|5|6;8:3|4|5|8;9:0|7|8,0:-;1:-;2:-;3:-;4:-;5:-;6:-;7:-;8:-;9:-,2@0=1;2@2=1;2@4=1;3@4=1;4@2=1;4@4=1;5@4=1;6@0=1;6@2=1;6@5=2;7@0=1;7@2=1;7@4=4;7@1=2;7@8=1;7@9=1;8@2=1;8@1=1;8@8=1,"0,2,4,5,1,8,9",24,19,0,19,0.0,0.0,0.0,0.0,0.0,0.0,0.0,0.0,"Feasible(status=11,gap=13.876511)"
816,815,0,0,0,-,0:4|8;1:5|7;2:5|7|8;3:5|6|8;4:7|9;5:0|1|8|9;6:8;7:0|3|4|5|6;8:3|4|5|8;9:0|7|8,0:-;1:-;2:-;3:-;4:-;5:-;6:-;7:-;8:-;9:-,2@1=1;2@2=4;2@6=1;2@7=1;3@2=1;3@4=1;3@8=1;4@1=1;4@2=2;4@4=1;4@5=1;5@5=1;5@3=1;6@1=1;6@5=1;6@3=1;7@1=4;7@2=1;7@6=1;7@4=1;7@8=1;8@2=1;8@5=1;8@3=1,"1,2,6,7,4,8,5,3",31,24,0,24,0.0,0.0,0.0,0.0,0.0,0.0,0.0,0.0,"Feasible(status=11,gap=13.876511)"
817,816,0,0,0,-,0:4|8;1:5|7;2:5|7|8;3:5|6|8;4:7|9;5:0|1|8|9;6:8;7:0|3|4|5|6;8:3|4|5|8;9:0|7|8,0:-;1:-;2:-;3:-;4:-;5:-;6:-;7:-;8:-;9:-,0@1=2;0@4=2;0@6=1;0@8=1;1@1=1;2@4=1;2@0=1;2@2=2;2@3=1;4@4=1;4@7=3;4@9=1;5@4=2;5@0=1;6@6=1;6@0=1;6@9=1;7@4=2;7@6=1;7@0=1;7@2=3;7@3=1;7@9=1;7@5=1;8@4=1;8@3=1;8@7=1,"1,4,6,8,0,2,3,7,9,5",36,27,0,27,0.0,0.0,0.0,0.0,0.0,0.0,0.0,0.0,"Feasible(status=11,gap=13.876511)"
818,817,0,0,0,-,0:4|8;1:5|7;2:5|7|8;3:5|6|8;4:7|9;5:0|1|8|9;6:8;7:0|3|4|5|6;8:3|4|5|8;9:0|7|8,0:-;1:-;2:-;3:-;4:-;5:-;6:-;7:-;8:-;9:-,0@2=1;0@4=2;0@5=1;0@7=1;0@9=3;2@2=2;2@4=1;2@6=2;2@8=1;3@5=1;3@9=1;3@6=1;4@8=1;4@1=1;5@2=1;6@2=2;6@6=2;6@1=1;7@2=1;7@4=1;7@5=2;7@1=1;7@3=1;8@2=2;8@4=1;8@9=1;8@1=2;8@0=1,"2,4,5,7,9,6,8,1,3,0",38,28,0,28,0.0,0.0,0.0,0.0,0.0,0.0,0.0,0.0,"Feasible(status=11,gap=13.876511)"
819,818,0,0,0,-,0:4|8;1:5|7;2:5|7|8;3:5|6|8;4:7|9;5:0|1|8|9;6:8;7:0|3|4|5|6;8:3|4|5|8;9:0|7|8,0:-;1:-;2:-;3:-;4:-;5:-;6:-;7:-;8:-;9:-,0@4=1;0@9=1;2@4=1;2@1=1;3@2=1;4@4=1;4@3=1;5@1=1;5@0=1;5@5=1;7@4=1;7@1=2;7@2=1;7@3=1;7@0=2;7@5=1;7@7=1;8@4=2,"4,9,1,2,3,0,5,7",21,18,0,18,0.0,0.0,0.0,0.0,0.0,0.0,0.0,0.0,"Feasible(status=11,gap=13.876511)"
820,819,0,0,0,-,0:4|8;1:5|7;2:5|7|8;3:5|6|8;4:7|9;5:0|1|8|9;6:8;7:0|3|4|5|6;8:3|4|5|8;9:0|7|8,0:-;1:-;2:-;3:-;4:-;5:-;6:-;7:-;8:-;9:-,1@3=1;2@1=1;2@2=1;3@4=1;4@4=1;4@8=1;5@1=2;5@0=1;6@8=1;7@1=1;7@2=2;7@4=2;7@5=1;7@6=1;7@7=4;8@3=1;8@2=1;8@9=1,"3,1,2,4,8,0,5,6,7,9",24,18,0,18,0.0,0.0,0.0,0.0,0.0,0.0,0.0,0.0,"Feasible(status=11,gap=13.876511)"
821,820,0,0,0,-,0:4|8;1:5|7;2:5|7|8;3:5|6|8;4:7|9;5:0|1|8|9;6:8;7:0|3|4|5|6;8:3|4|5|8;9:0|7|8,0:-;1:-;2:-;3:-;4:-;5:-;6:-;7:-;8:-;9:-,3@4=1;4@4=2;4@3=1;4@6=1;5@7=1;6@0=1;6@9=1;7@4=4;7@0=1;7@1=1;7@2=1;8@4=1,"4,3,6,7,0,9,1,2",16,12,0,12,0.0,0.0,0.0,0.0,0.0,0.0,0.0,0.0,"Feasible(status=11,gap=13.876511)"
822,821,0,0,0,-,0:4|8;1:5|7;2:5|7|8;3:5|6|8;4:7|9;5:0|1|8|9;6:8;7:0|3|4|5|6;8:3|4|5|8;9:0|7|8,0:-;1:-;2:-;3:-;4:-;5:-;6:-;7:-;8:-;9:-,0@1=3;0@3=2;0@4=1;0@7=1;0@8=1;1@0=1;1@2=1;1@6=1;2@3=1;3@3=1;4@1=1;4@4=1;4@2=1;5@4=2;5@8=1;5@9=1;6@4=1;6@2=1;7@2=1;7@5=1;8@4=1;8@9=1,"1,3,4,7,8,0,2,6,9,5",26,22,0,22,0.0,0.0,0.0,0.0,0.0,0.0,0.0,0.0,"Feasible(status=11,gap=13.876511)"
823,822,0,0,0,-,0:4|8;1:5|7;2:5|7|8;3:5|6|8;4:7|9;5:0|1|8|9;6:8;7:0|3|4|5|6;8:3|4|5|8;9:0|7|8,0:-;1:-;2:-;3:-;4:-;5:-;6:-;7:-;8:-;9:-,0@1=2;0@2=1;0@4=1;0@6=1;1@1=2;1@3=2;1@5=1;2@4=1;3@1=2;3@2=1;3@3=2;3@8=1;4@2=1;4@3=2;4@7=1;5@1=1;5@4=1;6@4=1;6@3=1;6@8=1;6@0=1;7@4=2;7@8=1;7@7=2;7@0=1;8@6=1;8@9=3,"1,2,4,6,3,5,8,7,0,9",37,27,0,27,0.0,0.0,0.0,0.0,0.0,0.0,0.0,0.0,"Feasible(status=11,gap=13.876511)"
824,823,0,0,0,-,0:4|8;1:5|7;2:5|7|8;3:5|6|8;4:7|9;5:0|1|8|9;6:8;7:0|3|4|5|6;8:3|4|5|8;9:0|7|8,0:-;1:-;2:-;3:-;4:-;5:-;6:-;7:-;8:-;9:-,0@1=1;0@2=1;0@3=3;0@4=2;1@2=2;1@3=1;1@4=1;1@5=2;1@8=1;3@9=1;4@1=1;4@8=1;4@0=1;6@1=1;6@4=4;6@8=1;6@9=1;6@0=1;7@2=1;7@4=1;7@9=1;7@6=1;8@1=1;8@3=1;8@8=1;8@0=2,"1,2,3,4,5,8,9,0,6",35,26,0,26,0.0,0.0,0.0,0.0,0.0,0.0,0.0,0.0,"Feasible(status=11,gap=13.876511)"
825,824,0,0,0,-,0:4|8;1:5|7;2:5|7|8;3:5|6|8;4:7|9;5:0|1|8|9;6:8;7:0|3|4|5|6;8:3|4|5|8;9:0|7|8,0:-;1:-;2:-;3:-;4:-;5:-;6:-;7:-;8:-;9:-,0@0=1;0@1=1;0@3=1;0@7=1;0@8=2;0@9=1;1@1=1;1@7=1;1@4=1;3@1=1;3@7=1;4@4=1;5@9=1;5@4=1;7@0=2;7@8=2;7@4=1;7@2=2;7@5=1;8@1=1;8@9=1;8@2=3,"0,1,3,7,8,9,4,2,5",28,22,0,22,0.0,0.0,0.0,0.0,0.0,0.0,0.0,0.0,"Feasible(status=11,gap=13.876511)"
826,825,0,0,0,-,0:4|8;1:5|7;2:5|7|8;3:5|6|8;4:7|9;5:0|1|8|9;6:8;7:0|3|4|5|6;8:3|4|5|8;9:0|7|8,0:-;1:-;2:-;3:-;4:-;5:-;6:-;7:-;8:-;9:-,0@2=1;0@3=1;0@5=1;0@7=2;1@1=1;2@2=1;3@2=2;3@3=1;3@5=1;3@1=1;3@4=2;3@6=1;3@8=1;4@3=1;4@7=1;4@4=1;5@9=1;6@2=2;6@7=2;6@4=1;6@6=1;7@2=2;7@5=1;7@1=1;7@6=1;7@8=1;8@2=1;8@8=1,"2,3,5,7,1,4,6,8,9",34,28,0,28,0.0,0.0,0.0,0.0,0.0,0.0,0.0,0.0,"Feasible(status=11,gap=13.876511)"
827,826,0,0,0,-,0:4|8;1:5|7;2:5|7|8;3:5|6|8;4:7|9;5:0|1|8|9;6:8;7:0|3|4|5|6;8:3|4|5|8;9:0|7|8,0:-;1:-;2:-;3:-;4:-;5:-;6:-;7:-;8:-;9:-,0@1=1;0@2=1;0@6=1;2@1=1;2@4=1;3@4=2;4@3=1;5@1=1;5@2=2;5@4=1;6@5=1;7@1=2;7@5=1,"1,2,6,4,3,5",16,13,0,13,0.0,0.0,0.0,0.0,0.0,0.0,0.0,0.0,"Feasible(status=11,gap=13.876511)"
828,827,0,0,0,-,0:4|8;1:5|7;2:5|7|8;3:5|6|8;4:7|9;5:0|1|8|9;6:8;7:0|3|4|5|6;8:3|4|5|8;9:0|7|8,0:-;1:-;2:-;3:-;4:-;5:-;6:-;7:-;8:-;9:-,0@1=1;0@3=1;0@4=2;0@7=2;0@8=1;2@2=1;3@7=1;3@0=1;3@6=2;4@5=1;6@3=1;6@4=1;7@1=1;7@3=1;7@4=1;7@2=1;8@9=1,"1,3,4,7,8,2,0,6,5,9",20,17,0,17,0.0,0.0,0.0,0.0,0.0,0.0,0.0,0.0,"Feasible(status=11,gap=13.876511)"
829,828,0,0,0,-,0:4|8;1:5|7;2:5|7|8;3:5|6|8;4:7|9;5:0|1|8|9;6:8;7:0|3|4|5|6;8:3|4|5|8;9:0|7|8,0:-;1:-;2:-;3:-;4:-;5:-;6:-;7:-;8:-;9:-,0@1=3;0@2=1;0@4=1;0@5=1;0@7=2;0@8=1;0@9=2;3@4=1;3@5=1;3@7=1;3@0=1;4@1=3;4@2=1;4@4=1;4@7=1;4@9=1;5@4=2;5@0=1;6@2=1;6@4=1;6@5=2;6@9=1;6@0=1;6@3=1;6@6=1;7@1=1;7@2=2;7@4=2;7@5=2;7@7=1;7@8=1;8@2=1;8@5=2;8@6=1,"1,2,4,5,7,8,9,0,3,6",46,34,0,34,0.0,0.0,0.0,0.0,0.0,0.0,0.0,0.0,"Feasible(status=11,gap=13.876511)"
830,829,0,0,0,-,0:4|8;1:5|7;2:5|7|8;3:5|6|8;4:7|9;5:0|1|8|9;6:8;7:0|3|4|5|6;8:3|4|5|8;9:0|7|8,0:-;1:-;2:-;3:-;4:-;5:-;6:-;7:-;8:-;9:-,0@0=2;0@1=2;0@3=2;0@4=1;1@1=1;3@2=2;4@4=3;4@2=1;4@7=1;5@1=1;5@2=1;5@6=1;6@4=1;6@7=1;6@6=1;6@5=1;7@3=1;7@2=1;7@7=1;7@6=1;7@5=1;8@1=1;8@4=1;8@2=1,"0,1,3,4,2,7,6,5",30,24,0,24,0.0,0.0,0.0,0.0,0.0,0.0,0.0,0.0,"Feasible(status=11,gap=13.876511)"
831,830,0,0,0,-,0:4|8;1:5|7;2:5|7|8;3:5|6|8;4:7|9;5:0|1|8|9;6:8;7:0|3|4|5|6;8:3|4|5|8;9:0|7|8,0:-;1:-;2:-;3:-;4:-;5:-;6:-;7:-;8:-;9:-,0@0=1;0@1=1;0@2=2;0@4=4;0@5=1;0@6=1;0@8=1;3@4=2;3@7=1;4@1=1;4@4=1;5@6=1;6@2=1;6@6=1;7@4=2;7@9=1;8@2=3;8@4=1;8@6=1;8@8=1;8@9=1;8@3=1,"0,1,2,4,5,6,8,7,9,3",30,22,0,22,0.0,0.0,0.0,0.0,0.0,0.0,0.0,0.0,"Feasible(status=11,gap=13.876511)"
832,831,0,0,0,-,0:4|8;1:5|7;2:5|7|8;3:5|6|8;4:7|9;5:0|1|8|9;6:8;7:0|3|4|5|6;8:3|4|5|8;9:0|7|8,0:-;1:-;2:-;3:-;4:-;5:-;6:-;7:-;8:-;9:-,0@2=1;0@4=1;0@7=1;0@9=1;3@7=1;3@9=1;4@4=1;4@6=1;5@7=1;6@7=1;6@0=1;6@1=1;6@5=2;7@2=1;7@7=1;7@1=3;7@5=1;7@3=1;8@0=1;8@3=1,"2,4,7,9,6,0,1,5,3",23,20,0,20,0.0,0.0,0.0,0.0,0.0,0.0,0.0,0.0,"Feasible(status=11,gap=13.876511)"
833,832,0,0,0,-,0:4|8;1:5|7;2:5|7|8;3:5|6|8;4:7|9;5:0|1|8|9;6:8;7:0|3|4|5|6;8:3|4|5|8;9:0|7|8,0:-;1:-;2:-;3:-;4:-;5:-;6:-;7:-;8:-;9:-,0@0=1;0@1=1;0@3=1;0@4=3;0@6=1;0@8=1;0@9=1;2@2=1;3@8=2;3@5=1;4@4=1;5@0=1;5@4=1;5@2=1;6@3=1;6@4=1;7@3=1;7@4=1;7@9=1;7@2=3;7@5=1;8@0=1;8@6=1,"0,1,3,4,6,8,9,2,5",28,23,0,23,0.0,0.0,0.0,0.0,0.0,0.0,0.0,0.0,"Feasible(status=11,gap=13.876511)"
834,833,0,0,0,-,0:4|8;1:5|7;2:5|7|8;3:5|6|8;4:7|9;5:0|1|8|9;6:8;7:0|3|4|5|6;8:3|4|5|8;9:0|7|8,0:-;1:-;2:-;3:-;4:-;5:-;6:-;7:-;8:-;9:-,0@3=1;0@4=1;0@7=1;0@9=2;2@1=2;3@3=1;4@3=1;5@4=1;6@4=1;7@4=1;7@1=1;7@2=3;8@4=1;8@9=1,"3,4,7,9,1,2",18,14,0,14,0.0,0.0,0.0,0.0,0.0,0.0,0.0,0.0,"Feasible(status=11,gap=13.876511)"
835,834,0,0,0,-,0:4|8;1:5|7;2:5|7|8;3:5|6|8;4:7|9;5:0|1|8|9;6:8;7:0|3|4|5|6;8:3|4|5|8;9:0|7|8,0:-;1:-;2:-;3:-;4:-;5:-;6:-;7:-;8:-;9:-,0@0=1;0@4=1;3@4=1;4@0=1;4@4=2;4@1=1;4@2=1;5@4=1;5@7=1;6@2=1;6@3=1;7@0=1;7@4=1;7@3=2;7@9=1;8@0=1;8@2=1;8@8=1,"0,4,1,2,7,3,9,8",20,18,0,18,0.0,0.0,0.0,0.0,0.0,0.0,0.0,0.0,"Feasible(status=11,gap=13.876511)"
836,835,0,0,0,-,0:4|8;1:5|7;2:5|7|8;3:5|6|8;4:7|9;5:0|1|8|9;6:8;7:0|3|4|5|6;8:3|4|5|8;9:0|7|8,0:-;1:-;2:-;3:-;4:-;5:-;6:-;7:-;8:-;9:-,0@4=1;0@6=1;0@7=2;0@8=1;2@0=1;2@2=1;2@3=1;3@4=1;3@0=1;3@2=2;4@6=1;4@3=1;5@2=1;5@3=1;6@0=1;6@1=1;7@4=1;7@7=1;7@2=3;8@8=1;8@1=2;8@9=1,"4,6,7,8,0,2,3,1,9",27,22,0,22,0.0,0.0,0.0,0.0,0.0,0.0,0.0,0.0,"Feasible(status=11,gap=13.876511)"
837,836,0,0,0,-,0:4|8;1:5|7;2:5|7|8;3:5|6|8;4:7|9;5:0|1|8|9;6:8;7:0|3|4|5|6;8:3|4|5|8;9:0|7|8,0:-;1:-;2:-;3:-;4:-;5:-;6:-;7:-;8:-;9:-,0@0=1;0@1=1;0@2=2;0@3=2;0@4=3;0@5=1;0@6=1;2@1=2;2@7=1;3@0=1;3@3=1;3@4=3;3@8=2;4@4=1;5@6=1;6@2=1;6@3=1;6@7=1;6@8=1;6@9=2;7@1=1;7@2=2;7@3=1;7@5=1;7@6=1;7@7=1;7@8=2;7@9=1;8@4=1;8@5=1,"0,1,2,3,4,5,6,7,8,9",41,30,0,30,0.0,0.0,0.0,0.0,0.0,0.0,0.0,0.0,"Feasible(status=11,gap=13.876511)"
838,837,0,0,0,-,0:4|8;1:5|7;2:5|7|8;3:5|6|8;4:7|9;5:0|1|8|9;6:8;7:0|3|4|5|6;8:3|4|5|8;9:0|7|8,0:-;1:-;2:-;3:-;4:-;5:-;6:-;7:-;8:-;9:-,0@0=1;0@3=2;0@4=1;0@5=1;2@3=1;2@9=1;3@0=4;3@3=1;3@9=5;3@2=2;3@6=1;3@8=2;6@0=1;6@4=1;7@4=2;7@2=3;7@6=1;7@1=2;7@7=1;8@9=1;8@1=1,"0,3,4,5,9,2,6,8,1,7",35,21,0,21,0.0,0.0,0.0,0.0,0.0,0.0,0.0,0.0,"Feasible(status=11,gap=13.876511)"
839,838,0,0,0,-,0:4|8;1:5|7;2:5|7|8;3:5|6|8;4:7|9;5:0|1|8|9;6:8;7:0|3|4|5|6;8:3|4|5|8;9:0|7|8,0:-;1:-;2:-;3:-;4:-;5:-;6:-;7:-;8:-;9:-,0@1=3;0@2=1;0@3=1;0@4=2;0@5=1;2@1=1;2@0=1;3@1=2;3@2=5;3@3=1;3@4=1;3@5=2;3@6=1;3@7=1;4@2=3;5@1=1;6@1=1;6@4=1;6@0=1;7@1=3;7@2=1;7@4=1;7@6=1;7@9=2;8@2=1;8@4=1,"1,2,3,4,5,0,6,7,9",40,26,0,26,0.0,0.0,0.0,0.0,0.0,0.0,0.0,0.0,"Feasible(status=11,gap=13.876511)"
840,839,0,0,0,-,0:4|8;1:5|7;2:5|7|8;3:5|6|8;4:7|9;5:0|1|8|9;6:8;7:0|3|4|5|6;8:3|4|5|8;9:0|7|8,0:-;1:-;2:-;3:-;4:-;5:-;6:-;7:-;8:-;9:-,0@1=1;0@2=1;0@4=1;3@1=1;3@4=1;3@3=1;3@7=1;4@2=1;5@4=2;7@2=1;7@4=1;7@7=3;7@0=1;7@9=3;8@1=1;8@4=1,"1,2,4,3,7,0,9",21,16,0,16,0.0,0.0,0.0,0.0,0.0,0.0,0.0,0.0,"Feasible(status=11,gap=13.876511)"
841,840,0,0,0,-,0:4|8;1:5|7;2:5|7|8;3:5|6|8;4:7|9;5:0|1|8|9;6:8;7:0|3|4|5|6;8:3|4|5|8;9:0|7|8,0:-;1:-;2:-;3:-;4:-;5:-;6:-;7:-;8:-;9:-,0@1=1;0@6=1;3@0=1;3@2=1;3@3=1;3@8=1;4@4=1;5@2=1;5@5=1;5@7=1;6@1=1;6@4=1;7@0=1;7@2=2;7@4=1;7@7=1;7@9=2;8@3=1;8@8=1,"1,6,0,2,3,8,4,5,7,9",21,19,0,19,0.0,0.0,0.0,0.0,0.0,0.0,0.0,0.0,"Feasible(status=11,gap=13.876511)"
842,841,0,0,0,-,0:4|8;1:5|7;2:5|7|8;3:5|6|8;4:7|9;5:0|1|8|9;6:8;7:0|3|4|5|6;8:3|4|5|8;9:0|7|8,0:-;1:-;2:-;3:-;4:-;5:-;6:-;7:-;8:-;9:-,0@0=1;0@2=1;0@7=1;2@5=1;2@9=2;3@2=2;3@7=1;3@5=1;3@1=1;3@4=3;3@6=2;5@9=1;6@2=1;6@3=1;7@2=2;7@7=1;7@1=1;7@4=1;8@0=1;8@4=1,"0,2,7,5,9,1,4,6,3",26,20,0,20,0.0,0.0,0.0,0.0,0.0,0.0,0.0,0.0,"Feasible(status=11,gap=13.876511)"
843,842,0,0,0,-,0:4|8;1:5|7;2:5|7|8;3:5|6|8;4:7|9;5:0|1|8|9;6:8;7:0|3|4|5|6;8:3|4|5|8;9:0|7|8,0:-;1:-;2:-;3:-;4:-;5:-;6:-;7:-;8:-;9:-,0@0=1;0@1=2;0@2=1;0@7=1;0@9=1;2@1=1;2@2=1;3@0=1;3@2=4;3@4=2;3@6=1;4@2=1;4@3=1;6@9=1;7@1=2;7@2=3;7@3=1;8@1=1;8@5=1,"0,1,2,7,9,4,6,3,5",27,19,0,19,0.0,0.0,0.0,0.0,0.0,0.0,0.0,0.0,"Feasible(status=11,gap=13.876511)"
844,843,0,0,0,-,0:4|8;1:5|7;2:5|7|8;3:5|6|8;4:7|9;5:0|1|8|9;6:8;7:0|3|4|5|6;8:3|4|5|8;9:0|7|8,0:-;1:-;2:-;3:-;4:-;5:-;6:-;7:-;8:-;9:-,0@0=1;0@1=1;0@3=1;0@4=1;0@5=2;0@6=1;0@7=1;2@9=1;3@4=2;3@5=1;3@8=1;4@0=1;5@1=1;5@4=1;5@9=1;6@0=1;6@1=1;6@4=1;6@6=1;6@8=1;6@2=1;7@0=1;7@1=1;7@3=1;7@4=1;7@5=2;7@6=1;7@8=1;7@2=3;8@4=1;8@2=2,"0,1,3,4,5,6,7,9,8,2",37,31,0,31,0.0,0.0,0.0,0.0,0.0,0.0,0.0,0.0,"Feasible(status=11,gap=13.876511)"
845,844,0,0,0,-,0:4|8;1:5|7;2:5|7|8;3:5|6|8;4:7|9;5:0|1|8|9;6:8;7:0|3|4|5|6;8:3|4|5|8;9:0|7|8,0:-;1:-;2:-;3:-;4:-;5:-;6:-;7:-;8:-;9:-,0@0=1;0@1=2;0@2=2;2@1=2;2@2=1;2@5=1;3@0=2;3@2=1;3@5=1;3@4=1;3@9=1;4@3=1;4@8=1;6@1=1;6@2=1;6@9=1;7@0=1;7@9=1;7@8=2;7@6=2;8@2=3;8@4=1;8@8=1,"0,1,2,5,4,9,3,8,6",31,23,0,23,0.0,0.0,0.0,0.0,0.0,0.0,0.0,0.0,"Feasible(status=11,gap=13.876511)"
846,845,0,0,0,-,0:4|8;1:5|7;2:5|7|8;3:5|6|8;4:7|9;5:0|1|8|9;6:8;7:0|3|4|5|6;8:3|4|5|8;9:0|7|8,0:-;1:-;2:-;3:-;4:-;5:-;6:-;7:-;8:-;9:-,2@5=1;2@6=1;3@5=1;3@0=1;3@2=1;3@4=2;3@9=1;4@5=1;4@2=1;4@4=1;4@8=1;6@0=1;6@9=1;7@0=2;7@9=1;7@3=2;7@7=2;8@5=1;8@2=1;8@4=1,"5,6,0,2,4,9,8,3,7",24,20,0,20,0.0,0.0,0.0,0.0,0.0,0.0,0.0,0.0,"Feasible(status=11,gap=13.876511)"
847,846,0,0,0,-,0:4|8;1:5|7;2:5|7|8;3:5|6|8;4:7|9;5:0|1|8|9;6:8;7:0|3|4|5|6;8:3|4|5|8;9:0|7|8,0:-;1:-;2:-;3:-;4:-;5:-;6:-;7:-;8:-;9:-,0@3=1;0@4=1;2@2=2;3@2=1;3@1=1;3@5=1;3@6=1;3@7=1;4@4=1;5@7=1;6@2=1;6@1=1;6@6=1;6@7=1;6@8=1;7@3=3;7@4=2;7@2=2;7@5=2;7@7=1;7@0=1;8@2=1,"3,4,2,1,5,6,7,8,0",28,22,0,22,0.0,0.0,0.0,0.0,0.0,0.0,0.0,0.0,"Feasible(status=11,gap=13.876511)"
848,847,0,0,0,-,0:4|8;1:5|7;2:5|7|8;3:5|6|8;4:7|9;5:0|1|8|9;6:8;7:0|3|4|5|6;8:3|4|5|8;9:0|7|8,0:-;1:-;2:-;3:-;4:-;5:-;6:-;7:-;8:-;9:-,3@2=1;3@4=2;4@4=2;6@4=1;6@0=1;6@5=1;7@2=1;7@6=1;8@6=1,"2,4,0,5,6",11,9,0,9,0.0,0.0,0.0,0.0,0.0,0.0,0.0,0.0,"Feasible(status=11,gap=13.876511)"
849,848,0,0,0,-,0:4|8;1:5|7;2:5|7|8;3:5|6|8;4:7|9;5:0|1|8|9;6:8;7:0|3|4|5|6;8:3|4|5|8;9:0|7|8,0:-;1:-;2:-;3:-;4:-;5:-;6:-;7:-;8:-;9:-,0@3=1;0@4=2;0@5=1;3@0=3;3@7=1;4@0=1;4@1=1;4@2=1;5@1=1;6@7=1;7@0=1;7@2=2;7@8=1;8@8=2;8@6=1,"3,4,5,0,7,1,2,8,6",20,15,0,15,0.0,0.0,0.0,0.0,0.0,0.0,0.0,0.0,"Feasible(status=11,gap=13.876511)"
850,849,0,0,0,-,0:4|8;1:5|7;2:5|7|8;3:5|6|8;4:7|9;5:0|1|8|9;6:8;7:0|3|4|5|6;8:3|4|5|8;9:0|7|8,0:-;1:-;2:-;3:-;4:-;5:-;6:-;7:-;8:-;9:-,0@2=1;0@3=1;0@4=1;0@5=1;0@7=2;0@8=1;0@9=1;3@2=2;3@0=1;4@9=1;4@0=2;4@1=1;5@2=1;5@3=1;6@2=2;7@2=2;7@4=2;7@9=1;8@2=1,"2,3,4,5,7,8,9,0,1",25,19,0,19,0.0,0.0,0.0,0.0,0.0,0.0,0.0,0.0,"Feasible(status=11,gap=13.876511)"
851,850,0,0,0,-,0:4|8;1:5|7;2:5|7|8;3:5|6|8;4:7|9;5:0|1|8|9;6:8;7:0|3|4|5|6;8:3|4|5|8;9:0|7|8,0:-;1:-;2:-;3:-;4:-;5:-;6:-;7:-;8:-;9:-,0@2=3;0@7=1;0@8=1;0@9=1;1@4=1;2@2=1;2@4=1;3@2=2;3@7=2;3@4=2;3@5=1;3@6=1;4@9=1;4@6=1;4@1=2;4@3=1;5@4=1;6@2=4;6@8=1;6@4=1;6@3=1;7@2=1;7@9=1;7@5=1;7@6=1;7@1=1;7@3=1;7@0=1;8@2=1;8@5=1;8@1=1;8@3=1,"2,7,8,9,4,5,6,1,3,0",41,32,0,32,0.0,0.0,0.0,0.0,0.0,0.0,0.0,0.0,"Feasible(status=11,gap=13.876511)"
852,851,0,0,0,-,0:4|8;1:5|7;2:5|7|8;3:5|6|8;4:7|9;5:0|1|8|9;6:8;7:0|3|4|5|6;8:3|4|5|8;9:0|7|8,0:-;1:-;2:-;3:-;4:-;5:-;6:-;7:-;8:-;9:-,0@1=1;0@2=1;0@4=2;2@5=1;2@9=1;3@1=1;3@4=4;3@0=3;3@3=1;3@6=1;3@8=1;4@2=1;4@9=1;4@0=1;6@2=1;7@1=1;7@2=4;7@9=2;7@3=1;7@8=1;8@2=1;8@8=1,"1,2,4,5,9,0,3,6,8",32,22,0,22,0.0,0.0,0.0,0.0,0.0,0.0,0.0,0.0,"Feasible(status=11,gap=13.876511)"
853,852,0,0,0,-,0:4|8;1:5|7;2:5|7|8;3:5|6|8;4:7|9;5:0|1|8|9;6:8;7:0|3|4|5|6;8:3|4|5|8;9:0|7|8,0:-;1:-;2:-;3:-;4:-;5:-;6:-;7:-;8:-;9:-,0@1=1;0@2=1;0@4=3;0@5=1;2@9=1;3@1=1;3@2=2;3@4=2;3@0=1;3@3=1;3@6=1;3@8=1;4@4=1;4@0=1;4@8=2;5@2=1;5@4=1;6@2=1;6@4=1;6@3=1;7@1=2;7@2=3;7@0=1;7@7=1;8@2=1,"1,2,4,5,9,0,3,6,8,7",33,25,0,25,0.0,0.0,0.0,0.0,0.0,0.0,0.0,0.0,"Feasible(status=11,gap=13.876511)"
854,853,0,0,0,-,0:4|8;1:5|7;2:5|7|8;3:5|6|8;4:7|9;5:0|1|8|9;6:8;7:0|3|4|5|6;8:3|4|5|8;9:0|7|8,0:-;1:-;2:-;3:-;4:-;5:-;6:-;7:-;8:-;9:-,0@2=1;0@6=2;2@3=1;3@3=2;3@1=1;3@4=2;3@8=1;3@9=1;4@2=2;4@0=1;5@0=1;6@1=1;7@1=2;7@4=2;7@5=2;7@7=2;8@5=1,"2,6,3,1,4,8,9,0,5,7",25,17,0,17,0.0,0.0,0.0,0.0,0.0,0.0,0.0,0.0,"Feasible(status=11,gap=13.876511)"
855,854,0,0,0,-,0:4|8;1:5|7;2:5|7|8;3:5|6|8;4:7|9;5:0|1|8|9;6:8;7:0|3|4|5|6;8:3|4|5|8;9:0|7|8,0:-;1:-;2:-;3:-;4:-;5:-;6:-;7:-;8:-;9:-,0@2=1;0@4=1;0@7=1;3@3=1;4@4=1;4@6=1;6@4=1;6@5=1;7@2=2;7@1=2,"2,4,7,3,6,5,1",12,10,0,10,0.0,0.0,0.0,0.0,0.0,0.0,0.0,0.0,"Feasible(status=11,gap=13.876511)"
856,855,0,0,0,-,0:4|8;1:5|7;2:5|7|8;3:5|6|8;4:7|9;5:0|1|8|9;6:8;7:0|3|4|5|6;8:3|4|5|8;9:0|7|8,0:-;1:-;2:-;3:-;4:-;5:-;6:-;7:-;8:-;9:-,0@8=1;2@3=1;3@1=1;3@5=1;4@1=1;5@9=1;6@7=1;7@8=1;7@1=1;7@0=1,"8,3,1,5,9,7,0",10,10,0,10,0.0,0.0,0.0,0.0,0.0,0.0,0.0,0.0,"Feasible(status=11,gap=13.876511)"
857,856,0,0,0,-,0:4|8;1:5|7;2:5|7|8;3:5|6|8;4:7|9;5:0|1|8|9;6:8;7:0|3|4|5|6;8:3|4|5|8;9:0|7|8,0:-;1:-;2:-;3:-;4:-;5:-;6:-;7:-;8:-;9:-,0@1=1;2@0=1;2@4=1;3@1=1;3@4=3;3@2=2;3@5=1;3@8=3;3@9=1;4@1=1;4@5=2;4@8=1;5@1=1;5@7=1;6@8=1;7@1=1;7@0=1;7@4=2;7@2=2;7@5=2;7@9=1;7@7=2;7@3=2;8@4=1;8@5=1;8@3=1;8@6=1,"1,0,4,2,5,8,9,7,3,6",38,27,0,27,0.0,0.0,0.0,0.0,0.0,0.0,0.0,0.0,"Feasible(status=11,gap=13.876511)"
858,857,0,0,0,-,0:4|8;1:5|7;2:5|7|8;3:5|6|8;4:7|9;5:0|1|8|9;6:8;7:0|3|4|5|6;8:3|4|5|8;9:0|7|8,0:-;1:-;2:-;3:-;4:-;5:-;6:-;7:-;8:-;9:-,0@1=2;0@2=1;0@6=2;0@7=1;0@8=1;2@4=1;3@2=4;3@4=1;3@3=1;3@5=2;3@9=1;4@7=1;4@9=1;5@3=1;6@5=1;7@1=3;7@2=1;7@7=1;7@8=1;7@3=1;7@5=2;7@9=1;7@0=1;8@2=1;8@6=1;8@5=1;8@9=1;8@0=1,"1,2,6,7,8,4,3,5,9,0",37,28,0,28,0.0,0.0,0.0,0.0,0.0,0.0,0.0,0.0,"Feasible(status=11,gap=13.876511)"
859,858,0,0,0,-,0:4|8;1:5|7;2:5|7|8;3:5|6|8;4:7|9;5:0|1|8|9;6:8;7:0|3|4|5|6;8:3|4|5|8;9:0|7|8,0:-;1:-;2:-;3:-;4:-;5:-;6:-;7:-;8:-;9:-,0@2=2;0@7=2;1@5=1;2@1=2;2@6=1;2@8=1;3@2=1;3@7=1;3@5=1;3@1=1;3@6=1;3@0=1;3@3=1;3@4=2;3@9=3;4@9=1;5@2=1;5@5=1;6@0=1;6@9=1;7@1=1;7@0=1;7@3=1;8@1=1;8@8=1;8@4=1,"2,7,5,1,6,8,0,3,4,9",32,26,0,26,0.0,0.0,0.0,0.0,0.0,0.0,0.0,0.0,"Feasible(status=11,gap=13.876511)"
860,859,0,0,0,-,0:4|8;1:5|7;2:5|7|8;3:5|6|8;4:7|9;5:0|1|8|9;6:8;7:0|3|4|5|6;8:3|4|5|8;9:0|7|8,0:-;1:-;2:-;3:-;4:-;5:-;6:-;7:-;8:-;9:-,0@8=1;0@9=1;2@1=1;2@4=2;3@1=1;3@4=2;3@0=1;3@2=5;3@3=4;3@7=2;5@3=1;6@1=1;6@2=2;7@1=2;7@2=1;7@7=1;8@6=1,"8,9,1,4,0,2,3,7,6",29,17,0,17,0.0,0.0,0.0,0.0,0.0,0.0,0.0,0.0,"Feasible(status=11,gap=13.876511)"
861,860,0,0,0,-,0:4|8;1:5|7;2:5|7|8;3:5|6|8;4:7|9;5:0|1|8|9;6:8;7:0|3|4|5|6;8:3|4|5|8;9:0|7|8,0:-;1:-;2:-;3:-;4:-;5:-;6:-;7:-;8:-;9:-,1@9=1;2@1=1;2@3=1;2@4=2;3@1=2;3@2=1;3@5=1;3@6=1;3@7=1;5@1=2;5@3=1;5@4=3;5@2=2;5@6=2;5@7=4;5@0=1;6@9=1;6@2=1;6@5=1;6@8=1;7@1=1;7@4=2;7@2=2;7@5=1;7@0=1;7@8=1;8@4=1,"9,1,3,4,2,5,6,7,0,8",39,27,0,27,0.0,0.0,0.0,0.0,0.0,0.0,0.0,0.0,"Feasible(status=11,gap=13.876511)"
862,861,0,0,0,-,0:4|8;1:5|7;2:5|7|8;3:5|6|8;4:7|9;5:0|1|8|9;6:8;7:0|3|4|5|6;8:3|4|5|8;9:0|7|8,0:-;1:-;2:-;3:-;4:-;5:-;6:-;7:-;8:-;9:-,2@1=1;2@8=1;3@1=1;3@7=1;3@9=3;4@8=1;4@2=1;5@5=1;7@2=2;7@5=1;7@4=1;7@6=1;8@2=2,"1,8,7,9,2,5,4,6",17,13,0,13,0.0,0.0,0.0,0.0,0.0,0.0,0.0,0.0,"Feasible(status=11,gap=13.876511)"
863,862,0,0,0,-,0:4|8;1:5|7;2:5|7|8;3:5|6|8;4:7|9;5:0|1|8|9;6:8;7:0|3|4|5|6;8:3|4|5|8;9:0|7|8,0:-;1:-;2:-;3:-;4:-;5:-;6:-;7:-;8:-;9:-,0@5=1;3@2=1;3@3=1;3@6=1;3@7=1;4@5=1;4@2=1;4@0=1;4@1=1;5@2=1;6@4=1;7@2=1;7@1=1;7@8=1;7@9=1;8@2=1;8@0=1;8@4=1,"5,2,3,6,7,0,1,4,8,9",18,18,0,18,0.0,0.0,0.0,0.0,0.0,0.0,0.0,0.0,"Feasible(status=11,gap=13.876511)"
864,863,0,0,0,-,0:4|8;1:5|7;2:5|7|8;3:5|6|8;4:7|9;5:0|1|8|9;6:8;7:0|3|4|5|6;8:3|4|5|8;9:0|7|8,0:-;1:-;2:-;3:-;4:-;5:-;6:-;7:-;8:-;9:-,0@2=2;0@3=1;0@4=1;1@2=1;1@6=1;1@7=2;2@2=1;2@9=1;3@2=1;3@6=1;3@5=1;3@8=2;4@3=1;4@4=1;4@1=1;6@3=1;6@9=1;7@2=2;7@4=1;7@6=1;7@9=1;7@5=1;7@8=1;7@1=1;8@4=1;8@6=1;8@9=1,"2,3,4,6,7,9,5,8,1",31,27,0,27,0.0,0.0,0.0,0.0,0.0,0.0,0.0,0.0,"Feasible(status=11,gap=13.876511)"
865,864,0,0,0,-,0:4|8;1:5|7;2:5|7|8;3:5|6|8;4:7|9;5:0|1|8|9;6:8;7:0|3|4|5|6;8:3|4|5|8;9:0|7|8,0:-;1:-;2:-;3:-;4:-;5:-;6:-;7:-;8:-;9:-,0@0=2;0@2=2;0@4=1;0@6=1;0@8=1;0@9=1;1@0=1;1@2=1;1@4=1;1@8=2;1@3=1;1@7=1;2@2=3;2@4=3;2@6=1;2@9=1;2@7=1;2@1=2;2@5=4;3@2=3;3@4=1;4@4=2;4@3=2;4@7=1;4@1=1;4@5=1;5@2=2;5@4=1;5@1=2;6@0=1;6@4=4;6@1=1;6@5=1;7@0=1;7@4=3;7@6=2;7@9=1;7@1=1;7@5=2;8@4=1;8@8=1,"0,2,4,6,8,9,3,7,1,5",65,41,0,41,0.0,0.0,0.0,0.0,0.0,0.0,0.0,0.0,"Feasible(status=11,gap=13.876511)"
866,865,0,0,0,-,0:4|8;1:5|7;2:5|7|8;3:5|6|8;4:7|9;5:0|1|8|9;6:8;7:0|3|4|5|6;8:3|4|5|8;9:0|7|8,0:-;1:-;2:-;3:-;4:-;5:-;6:-;7:-;8:-;9:-,0@0=2;0@1=1;0@2=2;0@4=1;0@7=1;0@8=1;1@0=1;1@1=2;1@4=1;1@7=1;1@8=1;1@3=1;1@5=1;2@0=1;2@1=1;2@2=1;2@4=4;2@7=1;2@8=1;2@5=1;2@6=1;2@9=1;3@1=1;3@6=1;4@0=2;4@1=2;4@2=1;4@4=1;4@7=1;4@8=2;4@3=2;5@2=1;5@6=1;6@0=1;6@1=1;6@2=1;6@7=1;6@8=3;6@3=1;6@5=1;6@6=1;6@9=2;7@0=2;7@1=2;7@2=1;7@4=4;7@8=1;7@3=1;7@6=1;7@9=1;8@0=1;8@3=2,"0,1,2,4,7,8,3,5,6,9",71,52,0,52,0.0,0.0,0.0,0.0,0.0,0.0,0.0,0.0,"Feasible(status=11,gap=13.876511)"
867,866,0,0,0,-,0:4|8;1:5|7;2:5|7|8;3:5|6|8;4:7|9;5:0|1|8|9;6:8;7:0|3|4|5|6;8:3|4|5|8;9:0|7|8,0:-;1:-;2:-;3:-;4:-;5:-;6:-;7:-;8:-;9:-,0@0=2;0@1=1;0@2=2;0@3=2;0@4=3;0@9=1;1@0=1;1@4=2;1@7=1;1@8=1;2@4=1;2@8=1;2@6=1;3@0=1;3@3=1;3@8=1;4@3=1;4@4=4;4@8=1;5@3=1;5@4=1;5@6=1;6@0=1;6@1=2;6@2=1;6@3=1;6@4=1;7@0=1;7@2=2;7@7=1;7@6=1;7@5=1;8@1=1;8@4=1;8@5=1,"0,1,2,3,4,9,7,8,6,5",46,35,0,35,0.0,0.0,0.0,0.0,0.0,0.0,0.0,0.0,"Feasible(status=11,gap=13.876511)"
868,867,0,0,0,-,0:4|8;1:5|7;2:5|7|8;3:5|6|8;4:7|9;5:0|1|8|9;6:8;7:0|3|4|5|6;8:3|4|5|8;9:0|7|8,0:-;1:-;2:-;3:-;4:-;5:-;6:-;7:-;8:-;9:-,0@0=2;0@1=2;0@2=1;0@4=2;0@5=1;0@7=1;0@8=1;1@1=1;1@2=1;1@4=4;1@5=1;1@8=1;2@0=1;2@1=1;2@2=3;2@5=2;2@3=1;2@6=1;3@2=1;3@4=1;3@3=1;4@0=1;4@2=1;4@4=2;4@5=1;4@9=1;5@4=1;5@3=1;6@1=1;6@2=2;6@4=2;6@3=1;7@0=1;7@2=1;7@4=1;7@8=1;8@8=1;8@9=1,"0,1,2,4,5,7,8,3,6,9",50,38,0,38,0.0,0.0,0.0,0.0,0.0,0.0,0.0,0.0,"Feasible(status=11,gap=13.876511)"
869,868,0,0,0,-,0:4|8;1:5|7;2:5|7|8;3:5|6|8;4:7|9;5:0|1|8|9;6:8;7:0|3|4|5|6;8:3|4|5|8;9:0|7|8,0:-;1:-;2:-;3:-;4:-;5:-;6:-;7:-;8:-;9:-,0@2=2;0@3=1;0@7=1;0@8=1;1@2=2;1@0=1;1@4=3;1@5=1;2@2=1;2@4=4;2@5=1;2@1=2;3@2=1;3@4=1;3@1=1;4@1=2;4@9=1;5@8=1;6@2=1;6@5=2;6@6=1;7@2=2;7@4=3;7@5=2;7@6=1;8@4=1;8@9=1,"2,3,7,8,0,4,5,1,9,6",41,27,0,27,0.0,0.0,0.0,0.0,0.0,0.0,0.0,0.0,"Feasible(status=11,gap=13.876511)"
870,869,0,0,0,-,0:4|8;1:5|7;2:5|7|8;3:5|6|8;4:7|9;5:0|1|8|9;6:8;7:0|3|4|5|6;8:3|4|5|8;9:0|7|8,0:-;1:-;2:-;3:-;4:-;5:-;6:-;7:-;8:-;9:-,0@0=1;0@2=5;0@4=3;0@8=1;0@9=1;1@6=1;2@2=2;2@4=1;2@8=1;2@6=1;2@1=1;2@3=1;2@5=1;3@4=1;3@8=1;3@9=1;3@6=1;4@2=1;4@8=1;4@9=1;4@6=2;4@1=2;6@2=1;6@4=1;6@8=1;6@1=1;6@3=2;7@0=1;7@4=1;7@9=1;8@0=1;8@9=1;8@1=1;8@7=2,"0,2,4,8,9,6,1,3,5,7",45,34,0,34,0.0,0.0,0.0,0.0,0.0,0.0,0.0,0.0,"Feasible(status=11,gap=13.876511)"
871,870,0,0,0,-,0:4|8;1:5|7;2:5|7|8;3:5|6|8;4:7|9;5:0|1|8|9;6:8;7:0|3|4|5|6;8:3|4|5|8;9:0|7|8,0:-;1:-;2:-;3:-;4:-;5:-;6:-;7:-;8:-;9:-,0@0=1;0@2=4;0@4=2;0@5=1;0@6=2;0@7=1;0@8=1;0@9=1;1@0=1;1@4=1;1@9=1;3@0=1;3@9=2;3@1=1;4@0=1;4@2=2;4@4=2;4@5=1;4@7=1;4@8=3;4@9=2;4@1=2;5@4=1;5@6=1;6@0=1;6@2=2;6@4=2;6@5=2;6@7=1;6@1=3;7@0=1;7@2=2;7@4=1;7@7=2;7@8=1;7@1=2;8@0=1;8@2=1;8@9=1;8@1=1,"0,2,4,5,6,7,8,9,1",60,40,0,40,0.0,0.0,0.0,0.0,0.0,0.0,0.0,0.0,"Feasible(status=11,gap=13.876511)"
872,871,0,0,0,-,0:4|8;1:5|7;2:5|7|8;3:5|6|8;4:7|9;5:0|1|8|9;6:8;7:0|3|4|5|6;8:3|4|5|8;9:0|7|8,0:-;1:-;2:-;3:-;4:-;5:-;6:-;7:-;8:-;9:-,0@0=1;0@1=2;0@2=3;0@3=1;0@4=1;0@6=1;0@7=1;0@9=2;1@2=1;1@3=1;1@4=1;1@9=1;1@5=1;2@0=2;2@1=2;2@2=1;2@3=2;2@4=2;2@6=1;2@7=2;2@5=1;2@8=2;3@2=1;3@4=1;3@7=2;3@9=1;4@1=2;4@2=2;4@4=1;4@6=1;4@7=2;4@8=1;5@3=1;5@6=1;5@5=1;5@8=1;6@1=2;6@2=2;6@3=2;6@4=1;6@9=2;6@5=1;7@0=1;7@1=1;7@2=2;7@7=1;7@5=1;7@8=2;8@3=1;8@4=1;8@9=1;8@8=2,"0,1,2,3,4,6,7,9,5,8",73,52,0,52,0.0,0.0,0.0,0.0,0.0,0.0,0.0,0.0,"Feasible(status=11,gap=13.876511)"
873,872,0,0,0,-,0:4|8;1:5|7;2:5|7|8;3:5|6|8;4:7|9;5:0|1|8|9;6:8;7:0|3|4|5|6;8:3|4|5|8;9:0|7|8,0:-;1:-;2:-;3:-;4:-;5:-;6:-;7:-;8:-;9:-,0@1=1;0@2=1;0@3=2;0@7=4;0@8=3;0@9=1;1@1=1;1@7=1;1@8=1;1@9=1;1@0=2;2@1=2;2@2=3;2@8=1;2@9=1;2@0=2;2@4=2;3@6=1;4@2=3;4@7=2;4@9=1;4@4=1;5@2=2;5@8=1;5@9=1;5@4=1;6@1=1;6@2=3;6@9=1;6@0=1;6@4=1;7@2=2;7@3=1;7@6=3;8@1=1;8@2=3;8@6=1,"1,2,3,7,8,9,0,4,6",60,37,0,37,0.0,0.0,0.0,0.0,0.0,0.0,0.0,0.0,"Feasible(status=11,gap=13.876511)"
874,873,0,0,0,-,0:4|8;1:5|7;2:5|7|8;3:5|6|8;4:7|9;5:0|1|8|9;6:8;7:0|3|4|5|6;8:3|4|5|8;9:0|7|8,0:-;1:-;2:-;3:-;4:-;5:-;6:-;7:-;8:-;9:-,0@0=3;0@1=3;0@2=2;0@3=1;0@4=2;0@6=2;0@8=2;1@0=1;1@1=1;1@2=1;1@4=1;1@8=1;2@1=1;2@2=3;2@3=2;2@4=2;3@4=1;4@1=2;4@2=1;4@4=3;4@8=1;4@5=2;5@0=1;5@4=2;5@8=2;5@7=1;6@0=1;6@1=1;6@2=1;6@4=4;7@0=1;7@1=1;7@2=2;7@4=1;7@5=2;7@7=1,"0,1,2,3,4,6,8,5,7",59,36,0,36,0.0,0.0,0.0,0.0,0.0,0.0,0.0,0.0,"Feasible(status=11,gap=13.876511)"
875,874,0,0,0,-,0:4|8;1:5|7;2:5|7|8;3:5|6|8;4:7|9;5:0|1|8|9;6:8;7:0|3|4|5|6;8:3|4|5|8;9:0|7|8,0:-;1:-;2:-;3:-;4:-;5:-;6:-;7:-;8:-;9:-,0@0=1;0@5=1;1@0=1;1@5=1;1@1=1;1@2=2;1@3=1;1@4=2;1@7=1;2@0=1;2@5=1;2@3=1;2@4=2;3@1=1;3@2=1;3@4=1;4@5=1;4@2=1;4@3=1;4@8=1;5@9=1;6@0=2;6@2=1;6@4=3;6@9=1;7@5=1;7@2=1;7@3=1;7@4=2;7@7=2;8@2=1;8@4=1;8@7=2,"0,5,1,2,3,4,7,8,9",42,33,0,33,0.0,0.0,0.0,0.0,0.0,0.0,0.0,0.0,"Feasible(status=11,gap=13.876511)"
876,875,0,0,0,-,0:4|8;1:5|7;2:5|7|8;3:5|6|8;4:7|9;5:0|1|8|9;6:8;7:0|3|4|5|6;8:3|4|5|8;9:0|7|8,0:-;1:-;2:-;3:-;4:-;5:-;6:-;7:-;8:-;9:-,0@2=2;0@8=1;1@2=1;1@6=1;2@2=1;2@6=1;2@4=2;2@5=1;2@7=1;3@6=1;4@6=1;4@9=1;5@2=1;5@1=1;6@6=1;6@4=1;6@5=1;7@2=1;7@6=1;7@5=1;8@2=1;8@4=1;8@7=1,"2,8,6,4,5,7,9,1",25,23,0,23,0.0,0.0,0.0,0.0,0.0,0.0,0.0,0.0,"Feasible(status=11,gap=13.876511)"
877,876,0,0,0,-,0:4|8;1:5|7;2:5|7|8;3:5|6|8;4:7|9;5:0|1|8|9;6:8;7:0|3|4|5|6;8:3|4|5|8;9:0|7|8,0:-;1:-;2:-;3:-;4:-;5:-;6:-;7:-;8:-;9:-,0@4=1;1@4=1;1@5=1;1@7=1;1@9=1;2@4=1;2@0=1;2@1=1;2@2=2;2@3=1;3@4=1;3@2=1;4@4=3;4@2=1;4@8=1;5@4=1;5@8=1;6@2=1;7@5=1;7@0=1;7@2=4;8@1=2,"4,5,7,9,0,1,2,3,8",29,22,0,22,0.0,0.0,0.0,0.0,0.0,0.0,0.0,0.0,"Feasible(status=11,gap=13.876511)"
878,877,0,0,0,-,0:4|8;1:5|7;2:5|7|8;3:5|6|8;4:7|9;5:0|1|8|9;6:8;7:0|3|4|5|6;8:3|4|5|8;9:0|7|8,0:-;1:-;2:-;3:-;4:-;5:-;6:-;7:-;8:-;9:-,0@0=2;0@1=1;0@4=1;0@5=2;0@6=1;0@9=1;2@0=1;2@1=1;2@4=2;2@2=1;3@8=1;4@1=3;4@4=2;4@5=1;4@9=1;4@2=1;5@1=1;5@5=1;6@1=1;6@4=1;6@2=2;7@0=1;7@1=1;7@4=2;7@5=4;7@3=1;7@7=1;8@0=1;8@4=2;8@6=1;8@7=1,"0,1,4,5,6,9,2,8,3,7",43,31,0,31,0.0,0.0,0.0,0.0,0.0,0.0,0.0,0.0,"Feasible(status=11,gap=13.876511)"
879,878,0,0,0,-,0:4|8;1:5|7;2:5|7|8;3:5|6|8;4:7|9;5:0|1|8|9;6:8;7:0|3|4|5|6;8:3|4|5|8;9:0|7|8,0:-;1:-;2:-;3:-;4:-;5:-;6:-;7:-;8:-;9:-,0@0=2;0@2=2;0@3=3;0@4=1;0@7=2;0@9=1;1@4=2;1@9=1;1@1=2;2@2=1;2@4=2;2@1=4;3@2=2;3@4=2;4@0=2;4@2=1;4@3=1;4@4=3;4@7=1;4@9=1;4@1=1;5@2=1;5@7=1;5@5=1;6@2=4;6@7=1;6@1=1;6@6=1;6@8=1;7@0=1;7@2=1;7@4=2;7@7=1;7@1=2;7@5=1;7@6=1;8@2=1;8@6=1,"0,2,3,4,7,9,1,5,6,8",59,38,0,38,0.0,0.0,0.0,0.0,0.0,0.0,0.0,0.0,"Feasible(status=11,gap=13.876511)"
880,879,0,0,0,-,0:4|8;1:5|7;2:5|7|8;3:5|6|8;4:7|9;5:0|1|8|9;6:8;7:0|3|4|5|6;8:3|4|5|8;9:0|7|8,0:-;1:-;2:-;3:-;4:-;5:-;6:-;7:-;8:-;9:-,0@2=1;0@3=1;0@4=4;0@7=1;0@9=1;1@2=2;1@3=1;1@4=2;1@9=1;1@0=2;1@1=1;1@5=2;2@7=2;2@1=2;2@5=1;2@6=1;2@8=2;3@2=1;3@4=1;3@1=1;4@2=2;4@4=1;4@0=2;4@1=2;4@8=1;5@4=2;6@2=1;6@4=2;6@7=1;6@1=1;6@6=1;6@8=3;7@2=3;7@3=1;7@4=2;7@0=1;7@5=1;8@2=3;8@7=1;8@0=2;8@1=2;8@5=1;8@6=1,"2,3,4,7,9,0,1,5,6,8",67,43,0,43,0.0,0.0,0.0,0.0,0.0,0.0,0.0,0.0,"Feasible(status=11,gap=13.876511)"
881,880,0,0,0,-,0:4|8;1:5|7;2:5|7|8;3:5|6|8;4:7|9;5:0|1|8|9;6:8;7:0|3|4|5|6;8:3|4|5|8;9:0|7|8,0:-;1:-;2:-;3:-;4:-;5:-;6:-;7:-;8:-;9:-,0@1=3;0@2=3;0@5=1;0@6=2;0@8=2;1@1=3;1@2=1;1@5=1;1@9=2;2@1=4;2@5=1;2@9=1;2@0=3;2@4=2;3@9=1;4@1=1;4@2=1;4@5=1;4@9=1;4@4=2;4@3=2;5@1=1;5@8=1;5@4=2;6@1=2;6@2=3;6@5=1;6@0=1;6@4=1;6@7=2;7@5=1;7@9=1;7@7=3;8@2=1;8@5=1;8@9=1;8@4=1,"1,2,5,6,8,9,0,4,3,7",61,37,0,37,0.0,0.0,0.0,0.0,0.0,0.0,0.0,0.0,"Feasible(status=11,gap=13.876511)"
882,881,0,0,0,-,0:4|8;1:5|7;2:5|7|8;3:5|6|8;4:7|9;5:0|1|8|9;6:8;7:0|3|4|5|6;8:3|4|5|8;9:0|7|8,0:-;1:-;2:-;3:-;4:-;5:-;6:-;7:-;8:-;9:-,0@0=1;0@3=1;0@4=4;0@5=4;0@6=1;0@8=1;1@4=1;1@5=1;1@6=2;2@3=1;2@4=1;2@2=2;2@7=1;2@9=1;3@5=1;4@4=1;4@5=2;4@2=1;4@9=2;4@1=1;5@9=1;5@1=1;6@0=1;6@4=2;6@5=1;6@2=2;6@7=1;7@4=1;7@2=2;7@9=1;7@1=1;8@3=1;8@6=1;8@9=1;8@1=2,"0,3,4,5,6,8,2,7,9,1",49,35,0,35,0.0,0.0,0.0,0.0,0.0,0.0,0.0,0.0,"Feasible(status=11,gap=13.876511)"
883,882,0,0,0,-,0:4|8;1:5|7;2:5|7|8;3:5|6|8;4:7|9;5:0|1|8|9;6:8;7:0|3|4|5|6;8:3|4|5|8;9:0|7|8,0:-;1:-;2:-;3:-;4:-;5:-;6:-;7:-;8:-;9:-,0@0=1;0@2=3;0@4=1;0@5=1;0@9=1;1@4=1;1@5=1;1@3=1;1@6=1;2@0=1;2@2=1;2@4=2;2@6=1;2@7=1;3@2=1;3@4=2;4@2=1;4@5=1;4@6=1;5@7=1;6@2=1;6@4=2;6@5=1;6@9=1;6@6=1;6@7=2;7@1=1;7@8=1,"0,2,4,5,9,3,6,7,1,8",34,28,0,28,0.0,0.0,0.0,0.0,0.0,0.0,0.0,0.0,"Feasible(status=11,gap=13.876511)"
884,883,0,0,0,-,0:4|8;1:5|7;2:5|7|8;3:5|6|8;4:7|9;5:0|1|8|9;6:8;7:0|3|4|5|6;8:3|4|5|8;9:0|7|8,0:-;1:-;2:-;3:-;4:-;5:-;6:-;7:-;8:-;9:-,0@1=1;0@4=2;0@5=1;0@8=1;0@9=1;1@1=1;1@4=2;1@9=1;1@6=1;2@4=1;2@5=1;2@0=1;2@2=3;3@1=2;3@4=1;3@2=1;4@8=2;4@9=1;4@2=2;4@7=1;5@1=1;5@2=2;6@1=3;6@4=1;6@6=1;6@7=1;7@1=1;7@8=1;7@9=1;7@0=1;7@2=1;8@2=1,"1,4,5,8,9,6,0,2,7",42,32,0,32,0.0,0.0,0.0,0.0,0.0,0.0,0.0,0.0,"Feasible(status=11,gap=13.876511)"
885,884,0,0,0,-,0:4|8;1:5|7;2:5|7|8;3:5|6|8;4:7|9;5:0|1|8|9;6:8;7:0|3|4|5|6;8:3|4|5|8;9:0|7|8,0:-;1:-;2:-;3:-;4:-;5:-;6:-;7:-;8:-;9:-,0@0=1;0@1=1;0@2=1;0@3=1;0@4=3;0@5=1;1@1=1;1@7=1;2@0=1;2@1=1;2@2=1;2@4=2;2@5=1;2@8=1;3@1=1;3@2=1;3@4=2;3@7=1;3@8=1;4@2=2;4@4=2;4@7=1;4@9=1;5@0=1;5@3=1;5@4=1;6@1=1;6@2=1;6@3=2;6@4=3;6@8=1;6@6=2;7@3=1;7@4=1;7@6=3;8@0=1;8@2=2;8@4=2;8@5=1,"0,1,2,3,4,5,7,8,9,6",53,39,0,39,0.0,0.0,0.0,0.0,0.0,0.0,0.0,0.0,"Feasible(status=11,gap=13.876511)"
886,885,0,0,0,-,0:4|8;1:5|7;2:5|7|8;3:5|6|8;4:7|9;5:0|1|8|9;6:8;7:0|3|4|5|6;8:3|4|5|8;9:0|7|8,0:-;1:-;2:-;3:-;4:-;5:-;6:-;7:-;8:-;9:-,0@1=1;0@2=2;0@3=1;0@4=3;0@6=1;0@9=2;1@2=1;1@6=1;1@9=1;2@1=1;2@2=4;2@3=3;2@4=3;2@6=1;2@9=1;2@0=1;2@5=1;2@8=1;3@2=3;3@8=1;3@7=1;4@1=1;4@2=1;4@3=1;4@4=1;5@6=2;5@8=2;5@7=1;6@1=2;6@2=4;6@4=2;6@6=1;6@0=1;6@5=2;6@8=1;6@7=2;7@1=2;7@2=1;7@3=2;7@4=1;7@6=4;7@5=1;8@1=1;8@2=1;8@3=1;8@4=1;8@5=1;8@7=1,"1,2,3,4,6,9,0,5,8,7",75,48,0,48,0.0,0.0,0.0,0.0,0.0,0.0,0.0,0.0,"Feasible(status=11,gap=13.876511)"
887,886,0,0,0,-,0:4|8;1:5|7;2:5|7|8;3:5|6|8;4:7|9;5:0|1|8|9;6:8;7:0|3|4|5|6;8:3|4|5|8;9:0|7|8,0:-;1:-;2:-;3:-;4:-;5:-;6:-;7:-;8:-;9:-,0@0=2;0@2=4;0@3=1;0@4=3;0@6=1;0@8=3;0@9=2;1@2=1;1@3=2;1@4=1;1@6=1;1@1=1;2@2=1;2@4=1;2@9=1;2@1=4;3@4=1;3@7=1;4@2=1;4@4=1;4@9=1;4@5=1;5@4=1;5@7=1;6@2=1;6@3=2;6@4=1;6@9=1;7@3=1;7@4=2;7@6=1;7@8=1;7@9=2;7@1=1;7@5=1;8@0=1;8@2=1;8@4=1;8@8=1,"0,2,3,4,6,8,9,1,7,5",55,39,0,39,0.0,0.0,0.0,0.0,0.0,0.0,0.0,0.0,"Feasible(status=11,gap=13.876511)"
888,887,0,0,0,-,0:4|8;1:5|7;2:5|7|8;3:5|6|8;4:7|9;5:0|1|8|9;6:8;7:0|3|4|5|6;8:3|4|5|8;9:0|7|8,0:-;1:-;2:-;3:-;4:-;5:-;6:-;7:-;8:-;9:-,0@0=1;0@2=1;0@5=1;0@6=1;0@8=1;0@9=1;1@2=1;2@2=1;2@1=1;2@3=1;3@2=1;3@6=1;3@1=1;4@0=2;4@2=1;4@5=1;5@2=1;5@4=1;6@5=1;6@9=1;6@1=1;6@3=1;6@4=1;6@7=1;7@2=2;7@5=1;7@6=1;7@1=1;7@3=1;7@4=3;8@5=1;8@1=1,"0,2,5,6,8,9,1,3,4,7",36,32,0,32,0.0,0.0,0.0,0.0,0.0,0.0,0.0,0.0,"Feasible(status=11,gap=13.876511)"
889,888,0,0,0,-,0:4|8;1:5|7;2:5|7|8;3:5|6|8;4:7|9;5:0|1|8|9;6:8;7:0|3|4|5|6;8:3|4|5|8;9:0|7|8,0:-;1:-;2:-;3:-;4:-;5:-;6:-;7:-;8:-;9:-,0@0=1;0@2=2;0@6=1;0@8=1;1@6=1;1@1=1;1@3=1;1@4=1;1@5=1;2@2=3;2@8=1;2@1=1;2@4=1;2@5=1;3@2=1;3@6=1;3@3=1;3@4=1;3@9=1;4@4=1;4@5=1;4@9=1;4@7=1;6@2=1;6@1=1;6@3=1;6@4=3;6@9=2;6@7=1;7@2=1;7@6=1;7@1=1;7@4=1;7@9=1;8@6=1,"0,2,6,8,1,3,4,5,9,7",41,35,0,35,0.0,0.0,0.0,0.0,0.0,0.0,0.0,0.0,"Feasible(status=11,gap=13.876511)"
890,889,0,0,0,-,0:4|8;1:5|7;2:5|7|8;3:5|6|8;4:7|9;5:0|1|8|9;6:8;7:0|3|4|5|6;8:3|4|5|8;9:0|7|8,0:-;1:-;2:-;3:-;4:-;5:-;6:-;7:-;8:-;9:-,0@4=1;0@5=1;1@4=1;2@5=1;2@1=2;2@6=1;3@1=1;3@7=1;4@1=2;4@6=1;4@0=1;5@8=1;6@1=1;6@8=1;6@2=1;7@5=1;8@1=2;8@2=3;8@9=1,"4,5,1,6,7,0,8,2,9",24,19,0,19,0.0,0.0,0.0,0.0,0.0,0.0,0.0,0.0,"Feasible(status=11,gap=13.876511)"
891,890,0,0,0,-,0:4|8;1:5|7;2:5|7|8;3:5|6|8;4:7|9;5:0|1|8|9;6:8;7:0|3|4|5|6;8:3|4|5|8;9:0|7|8,0:-;1:-;2:-;3:-;4:-;5:-;6:-;7:-;8:-;9:-,0@0=1;0@1=2;0@2=1;0@4=1;0@5=2;1@0=1;1@1=1;1@4=1;1@8=1;2@5=1;3@6=1;4@2=1;4@8=1;5@4=2;6@2=1;6@4=1;6@5=1;7@1=1;7@2=2;7@8=1,"0,1,2,4,5,8,6",24,20,0,20,0.0,0.0,0.0,0.0,0.0,0.0,0.0,0.0,"Feasible(status=11,gap=13.876511)"
892,891,0,0,0,-,0:4|8;1:5|7;2:5|7|8;3:5|6|8;4:7|9;5:0|1|8|9;6:8;7:0|3|4|5|6;8:3|4|5|8;9:0|7|8,0:-;1:-;2:-;3:-;4:-;5:-;6:-;7:-;8:-;9:-,0@0=1;0@1=2;0@4=2;0@5=3;0@8=1;0@9=1;1@4=1;1@8=2;1@9=1;1@2=2;2@4=1;2@2=1;2@6=1;3@4=4;3@8=1;3@2=1;4@0=1;4@1=2;4@5=1;4@9=1;4@3=1;4@7=1;5@5=1;6@1=1;6@4=2;6@8=2;6@6=1;6@3=1;6@7=1;7@1=1;7@4=2;7@9=1;7@2=1;7@6=1;8@0=1;8@5=1;8@8=1;8@2=2;8@3=1;8@7=1,"0,1,4,5,8,9,2,6,3,7",54,40,0,40,0.0,0.0,0.0,0.0,0.0,0.0,0.0,0.0,"Feasible(status=11,gap=13.876511)"
893,892,0,0,0,-,0:4|8;1:5|7;2:5|7|8;3:5|6|8;4:7|9;5:0|1|8|9;6:8;7:0|3|4|5|6;8:3|4|5|8;9:0|7|8,0:-;1:-;2:-;3:-;4:-;5:-;6:-;7:-;8:-;9:-,0@0=1;0@1=1;0@4=1;0@6=3;0@8=1;1@1=1;1@4=1;1@6=1;1@2=1;1@7=1;2@0=1;2@1=1;2@4=2;2@6=1;2@2=2;3@4=1;3@2=1;4@0=2;4@1=3;4@4=3;4@6=1;4@8=2;4@2=1;4@5=3;5@0=1;5@1=1;5@4=1;5@2=2;5@7=1;5@3=1;6@0=2;6@1=1;6@6=1;6@8=2;6@2=2;6@9=2;7@1=1;7@4=2;7@5=1;7@9=1;8@6=1,"0,1,4,6,8,2,7,5,3,9",59,41,0,41,0.0,0.0,0.0,0.0,0.0,0.0,0.0,0.0,"Feasible(status=11,gap=13.876511)"
894,893,0,0,0,-,0:4|8;1:5|7;2:5|7|8;3:5|6|8;4:7|9;5:0|1|8|9;6:8;7:0|3|4|5|6;8:3|4|5|8;9:0|7|8,0:-;1:-;2:-;3:-;4:-;5:-;6:-;7:-;8:-;9:-,0@0=1;0@1=1;0@2=4;0@3=3;0@4=1;0@5=1;0@6=1;0@8=1;1@2=1;1@3=1;2@0=1;2@2=1;2@3=3;2@4=2;2@8=1;3@2=2;3@6=1;3@9=2;4@2=2;4@3=1;4@6=1;4@8=1;5@1=1;5@3=1;5@5=1;6@4=5;6@5=1;6@6=1;6@8=1;7@2=1;7@4=2;7@6=1;7@9=1;7@7=1;8@1=1;8@2=1;8@3=1;8@8=1,"0,1,2,3,4,5,6,8,9,7",54,38,0,38,0.0,0.0,0.0,0.0,0.0,0.0,0.0,0.0,"Feasible(status=11,gap=13.876511)"
895,894,0,0,0,-,0:4|8;1:5|7;2:5|7|8;3:5|6|8;4:7|9;5:0|1|8|9;6:8;7:0|3|4|5|6;8:3|4|5|8;9:0|7|8,0:-;1:-;2:-;3:-;4:-;5:-;6:-;7:-;8:-;9:-,0@2=1;0@4=1;0@5=2;0@6=1;0@7=1;1@2=1;1@4=1;1@6=1;1@7=1;1@0=1;2@2=1;2@5=1;2@6=2;2@0=2;3@7=1;4@2=1;4@4=1;4@7=1;4@1=1;4@3=2;6@2=2;6@5=1;6@7=1;6@8=2;6@9=1;7@2=1;7@4=1;7@7=1;7@8=2;8@5=1;8@0=1,"2,4,5,6,7,0,1,3,8,9",38,31,0,31,0.0,0.0,0.0,0.0,0.0,0.0,0.0,0.0,"Feasible(status=11,gap=13.876511)"
896,895,0,0,0,-,0:4|8;1:5|7;2:5|7|8;3:5|6|8;4:7|9;5:0|1|8|9;6:8;7:0|3|4|5|6;8:3|4|5|8;9:0|7|8,0:-;1:-;2:-;3:-;4:-;5:-;6:-;7:-;8:-;9:-,0@0=1;0@2=1;0@4=2;0@5=1;1@0=1;1@4=1;1@1=1;1@6=1;1@7=2;1@8=1;2@2=2;2@5=1;2@1=1;2@7=3;3@4=1;3@6=1;4@4=3;4@1=2;4@8=1;5@1=1;6@0=1;6@4=1;6@5=1;6@1=1;6@7=1;6@8=1;7@4=2;7@5=1;7@8=2;7@3=1,"0,2,4,5,1,6,7,8,3",40,30,0,30,0.0,0.0,0.0,0.0,0.0,0.0,0.0,0.0,"Feasible(status=11,gap=13.876511)"
897,896,0,0,0,-,0:4|8;1:5|7;2:5|7|8;3:5|6|8;4:7|9;5:0|1|8|9;6:8;7:0|3|4|5|6;8:3|4|5|8;9:0|7|8,0:-;1:-;2:-;3:-;4:-;5:-;6:-;7:-;8:-;9:-,0@0=1;0@1=2;0@4=1;0@5=2;0@9=1;1@9=1;1@2=1;2@0=1;3@0=1;3@1=1;3@4=2;3@5=1;3@6=1;3@7=1;4@0=1;4@1=1;4@9=1;4@6=1;4@7=1;5@2=1;6@0=1;6@5=1;6@2=1;6@6=2;6@3=1;7@1=1;7@4=1;7@3=1;8@0=2;8@2=1;8@8=1,"0,1,4,5,9,2,6,7,3,8",36,31,0,31,0.0,0.0,0.0,0.0,0.0,0.0,0.0,0.0,"Feasible(status=11,gap=13.876511)"
898,897,0,0,0,-,0:4|8;1:5|7;2:5|7|8;3:5|6|8;4:7|9;5:0|1|8|9;6:8;7:0|3|4|5|6;8:3|4|5|8;9:0|7|8,0:-;1:-;2:-;3:-;4:-;5:-;6:-;7:-;8:-;9:-,0@1=2;0@3=1;0@4=2;0@5=1;0@6=1;0@7=2;1@7=1;2@4=2;2@5=1;2@6=1;2@0=1;2@2=1;2@9=2;3@4=1;3@2=2;3@8=1;4@3=1;4@4=1;4@5=1;4@6=1;4@2=1;5@6=2;6@6=2;6@7=1;6@0=1;7@0=1;7@2=2;7@9=1;7@8=1;8@5=1;8@7=1;8@0=1;8@2=1,"1,3,4,5,6,7,0,2,9,8",42,33,0,33,0.0,0.0,0.0,0.0,0.0,0.0,0.0,0.0,"Feasible(status=11,gap=13.876511)"
899,898,0,0,0,-,0:4|8;1:5|7;2:5|7|8;3:5|6|8;4:7|9;5:0|1|8|9;6:8;7:0|3|4|5|6;8:3|4|5|8;9:0|7|8,0:-;1:-;2:-;3:-;4:-;5:-;6:-;7:-;8:-;9:-,0@0=2;0@1=1;0@2=3;0@3=1;0@5=1;0@6=1;0@8=2;1@1=2;1@6=2;1@4=1;1@7=1;1@9=1;2@0=1;2@2=1;2@5=2;2@8=1;2@4=1;2@9=1;3@5=1;3@8=1;4@1=3;4@2=1;4@4=4;5@5=1;6@1=1;6@2=1;6@5=2;6@6=1;6@4=3;6@7=1;7@2=1;7@6=1;7@4=1;7@9=2;8@1=2;8@2=1;8@3=1;8@4=1;8@9=1,"0,1,2,3,5,6,8,4,7,9",56,39,0,39,0.0,0.0,0.0,0.0,0.0,0.0,0.0,0.0,"Feasible(status=11,gap=13.876511)"
900,899,0,0,0,-,0:4|8;1:5|7;2:5|7|8;3:5|6|8;4:7|9;5:0|1|8|9;6:8;7:0|3|4|5|6;8:3|4|5|8;9:0|7|8,0:-;1:-;2:-;3:-;4:-;5:-;6:-;7:-;8:-;9:-,0@0=1;0@1=1;0@2=3;0@3=1;0@4=2;0@5=1;0@7=2;0@9=2;1@1=1;1@2=1;1@4=1;1@9=1;2@0=1;2@1=1;2@2=3;2@3=3;2@7=1;2@6=1;3@0=3;3@4=2;3@6=2;4@3=1;4@4=1;4@5=1;4@7=2;4@6=1;5@2=2;6@1=1;6@9=1;7@0=1;7@2=1;7@3=1;7@4=3;7@7=2;7@8=1;8@2=1;8@3=1;8@4=1,"0,1,2,3,4,5,7,9,6,8",56,38,0,38,0.0,0.0,0.0,0.0,0.0,0.0,0.0,0.0,"Feasible(status=11,gap=13.876511)"
901,900,0,0,0,-,0:4|8;1:5|7;2:5|7|8;3:5|6|8;4:7|9;5:0|1|8|9;6:8;7:0|3|4|5|6;8:3|4|5|8;9:0|7|8,0:-;1:-;2:-;3:-;4:-;5:-;6:-;7:-;8:-;9:-,0@0=1;0@1=2;0@2=3;0@4=2;0@5=1;0@6=1;0@9=1;1@6=1;2@2=1;2@4=1;2@3=1;2@8=1;3@2=1;3@4=1;4@0=1;4@1=1;4@4=3;4@5=1;4@8=1;4@7=1;5@7=2;6@1=1;6@2=4;6@4=1;6@5=1;6@6=2;6@7=1;7@2=4;7@4=1;7@9=1;7@3=2;7@7=2;8@0=2;8@2=3;8@4=1;8@6=1;8@3=1,"0,1,2,4,5,6,9,3,8,7",56,37,0,37,0.0,0.0,0.0,0.0,0.0,0.0,0.0,0.0,"Feasible(status=11,gap=13.876511)"
902,901,0,0,0,-,0:4|8;1:5|7;2:5|7|8;3:5|6|8;4:7|9;5:0|1|8|9;6:8;7:0|3|4|5|6;8:3|4|5|8;9:0|7|8,0:-;1:-;2:-;3:-;4:-;5:-;6:-;7:-;8:-;9:-,0@2=6;0@4=1;0@5=2;0@6=2;0@8=1;1@2=2;1@4=1;1@0=2;1@1=1;2@1=2;2@3=1;3@6=1;3@1=3;3@3=1;4@2=2;4@4=1;4@6=1;4@8=2;4@1=2;4@3=1;4@7=1;5@4=1;5@1=2;6@2=1;6@1=2;6@7=1;7@2=1;7@4=3;7@6=1;7@0=1;7@1=1;7@7=1;8@4=3;8@5=1;8@3=1,"2,4,5,6,8,0,1,3,7",56,35,0,35,0.0,0.0,0.0,0.0,0.0,0.0,0.0,0.0,"Feasible(status=11,gap=13.876511)"
903,902,0,0,0,-,0:4|8;1:5|7;2:5|7|8;3:5|6|8;4:7|9;5:0|1|8|9;6:8;7:0|3|4|5|6;8:3|4|5|8;9:0|7|8,0:-;1:-;2:-;3:-;4:-;5:-;6:-;7:-;8:-;9:-,0@1=4;0@2=1;0@3=1;0@4=1;0@7=1;0@9=1;1@3=1;2@1=1;2@4=1;2@9=2;2@5=1;3@1=1;3@2=1;3@4=1;3@6=1;3@8=1;4@1=2;4@4=1;4@5=1;4@8=1;5@9=1;6@7=1;6@9=1;6@6=1;7@2=1;7@8=1;8@4=1;8@5=1;8@6=1,"1,2,3,4,7,9,5,6,8",34,29,0,29,0.0,0.0,0.0,0.0,0.0,0.0,0.0,0.0,"Feasible(status=11,gap=13.876511)"
904,903,0,0,0,-,0:4|8;1:5|7;2:5|7|8;3:5|6|8;4:7|9;5:0|1|8|9;6:8;7:0|3|4|5|6;8:3|4|5|8;9:0|7|8,0:-;1:-;2:-;3:-;4:-;5:-;6:-;7:-;8:-;9:-,0@2=3;0@6=1;1@4=1;2@4=1;2@3=1;2@9=1;3@3=1;3@9=2;4@9=1;4@1=1;5@2=1;5@9=1;6@3=1;6@7=1;7@6=1;7@4=2;7@5=1;8@5=1,"2,6,4,3,9,1,7,5",22,18,0,18,0.0,0.0,0.0,0.0,0.0,0.0,0.0,0.0,"Feasible(status=11,gap=13.876511)"
905,904,0,0,0,-,0:4|8;1:5|7;2:5|7|8;3:5|6|8;4:7|9;5:0|1|8|9;6:8;7:0|3|4|5|6;8:3|4|5|8;9:0|7|8,0:-;1:-;2:-;3:-;4:-;5:-;6:-;7:-;8:-;9:-,0@2=1;0@4=1;0@7=2;1@2=1;1@4=1;1@0=1;2@0=1;2@6=1;3@4=1;3@7=1;3@0=1;3@9=1;4@3=1;4@5=1;5@2=1;5@5=2;6@4=1;6@0=1;6@6=1;6@1=2;7@4=1;7@3=1;7@8=1;8@2=1;8@6=2,"2,4,7,0,6,9,3,5,1,8",29,25,0,25,0.0,0.0,0.0,0.0,0.0,0.0,0.0,0.0,"Feasible(status=11,gap=13.876511)"
906,905,0,0,0,-,0:4|8;1:5|7;2:5|7|8;3:5|6|8;4:7|9;5:0|1|8|9;6:8;7:0|3|4|5|6;8:3|4|5|8;9:0|7|8,0:-;1:-;2:-;3:-;4:-;5:-;6:-;7:-;8:-;9:-,0@1=1;0@2=1;0@6=1;0@8=1;1@2=3;1@8=1;1@0=1;1@3=1;1@4=1;2@2=2;2@3=1;2@4=1;2@5=1;3@2=2;3@6=1;3@0=1;3@3=2;3@4=1;3@5=3;3@7=2;4@2=1;4@3=1;4@4=1;4@9=2;5@2=1;5@4=1;6@6=1;6@8=1;6@4=1;6@7=1;6@9=1;7@2=3;7@4=1;7@5=2;7@9=1;8@1=3;8@2=1;8@4=2;8@5=1;8@7=1,"1,2,6,8,0,3,4,5,7,9",55,40,0,40,0.0,0.0,0.0,0.0,0.0,0.0,0.0,0.0,"Feasible(status=11,gap=13.876511)"
907,906,0,0,0,-,0:4|8;1:5|7;2:5|7|8;3:5|6|8;4:7|9;5:0|1|8|9;6:8;7:0|3|4|5|6;8:3|4|5|8;9:0|7|8,0:-;1:-;2:-;3:-;4:-;5:-;6:-;7:-;8:-;9:-,0@0=1;0@1=1;0@2=1;0@4=2;0@6=1;0@7=1;0@9=3;1@0=1;1@1=1;1@9=2;1@3=2;1@8=1;2@2=1;2@7=1;2@9=2;2@3=1;3@1=2;3@2=2;3@6=2;3@7=1;3@5=1;4@0=1;4@2=2;4@4=1;4@6=1;4@9=1;4@5=2;5@4=1;6@0=2;6@1=1;6@2=3;6@4=2;6@6=1;6@3=1;6@8=1;7@0=2;7@1=6;7@2=2;7@4=3;7@9=1;7@3=1;8@0=1;8@1=1;8@4=1,"0,1,2,4,6,7,9,3,8,5",68,44,0,44,0.0,0.0,0.0,0.0,0.0,0.0,0.0,0.0,"Feasible(status=11,gap=13.876511)"
908,907,0,0,0,-,0:4|8;1:5|7;2:5|7|8;3:5|6|8;4:7|9;5:0|1|8|9;6:8;7:0|3|4|5|6;8:3|4|5|8;9:0|7|8,0:-;1:-;2:-;3:-;4:-;5:-;6:-;7:-;8:-;9:-,0@0=3;0@2=1;0@4=2;0@6=1;0@7=1;0@8=1;0@9=1;1@2=2;1@4=1;1@6=1;1@8=1;1@5=1;2@2=2;2@4=1;2@8=1;2@5=1;2@1=1;3@2=2;3@4=2;3@6=1;3@9=1;3@5=1;3@1=1;4@2=1;4@6=2;4@1=1;5@2=1;5@1=1;6@0=2;6@4=2;6@6=1;6@9=1;6@5=1;6@1=1;7@2=1;7@4=1;7@9=1;7@5=1;8@2=1;8@7=1;8@8=1;8@1=1;8@3=1,"0,2,4,6,7,8,9,5,1,3",53,43,0,43,0.0,0.0,0.0,0.0,0.0,0.0,0.0,0.0,"Feasible(status=11,gap=13.876511)"
909,908,0,0,0,-,0:4|8;1:5|7;2:5|7|8;3:5|6|8;4:7|9;5:0|1|8|9;6:8;7:0|3|4|5|6;8:3|4|5|8;9:0|7|8,0:-;1:-;2:-;3:-;4:-;5:-;6:-;7:-;8:-;9:-,0@0=2;0@1=3;0@2=1;0@3=1;0@4=1;0@5=1;0@7=1;0@8=1;1@0=1;1@1=1;1@2=1;1@4=1;1@9=1;2@1=1;2@2=1;2@4=2;3@2=5;3@3=3;3@4=1;3@5=1;3@7=1;3@8=1;3@9=3;4@3=2;4@5=1;5@7=1;6@2=2;6@5=1;6@6=1;7@2=1;7@7=1;8@9=1;8@6=1,"0,1,2,3,4,5,7,8,9,6",47,33,0,33,0.0,0.0,0.0,0.0,0.0,0.0,0.0,0.0,"Feasible(status=11,gap=13.876511)"
910,909,0,0,0,-,0:4|8;1:5|7;2:5|7|8;3:5|6|8;4:7|9;5:0|1|8|9;6:8;7:0|3|4|5|6;8:3|4|5|8;9:0|7|8,0:-;1:-;2:-;3:-;4:-;5:-;6:-;7:-;8:-;9:-,0@6=4;1@4=1;2@6=1;2@4=1;2@1=2;2@2=3;2@3=1;2@7=1;3@4=2;3@3=1;4@2=1;4@3=1;5@3=1;5@8=1;6@4=1;6@5=1;6@9=2;7@6=1;7@1=2;7@2=1;7@7=1;7@8=1;7@0=1,"6,4,1,2,3,7,8,5,9,0",32,23,0,23,0.0,0.0,0.0,0.0,0.0,0.0,0.0,0.0,"Feasible(status=11,gap=13.876511)"
911,910,0,0,0,-,0:4|8;1:5|7;2:5|7|8;3:5|6|8;4:7|9;5:0|1|8|9;6:8;7:0|3|4|5|6;8:3|4|5|8;9:0|7|8,0:-;1:-;2:-;3:-;4:-;5:-;6:-;7:-;8:-;9:-,0@0=1;0@2=2;0@3=1;1@4=2;2@2=1;2@4=1;2@1=1;3@3=1;3@9=1;4@2=1;4@3=1;4@1=1;5@7=1;6@0=1;6@3=1;7@2=1;7@3=2;7@5=1;8@0=1;8@3=1;8@8=2,"0,2,3,4,1,9,7,5,8",25,21,0,21,0.0,0.0,0.0,0.0,0.0,0.0,0.0,0.0,"Feasible(status=11,gap=13.876511)"
912,911,0,0,0,-,0:4|8;1:5|7;2:5|7|8;3:5|6|8;4:7|9;5:0|1|8|9;6:8;7:0|3|4|5|6;8:3|4|5|8;9:0|7|8,0:-;1:-;2:-;3:-;4:-;5:-;6:-;7:-;8:-;9:-,0@1=1;0@2=1;0@3=1;0@4=2;0@6=1;2@1=1;2@3=1;2@4=1;2@6=2;2@8=1;2@9=2;3@1=1;3@2=1;3@8=1;3@0=1;5@7=1;6@2=1;6@4=1;7@4=1;8@1=1;8@2=1,"1,2,3,4,6,8,9,0,7",24,21,0,21,0.0,0.0,0.0,0.0,0.0,0.0,0.0,0.0,"Feasible(status=11,gap=13.876511)"
913,912,0,0,0,-,0:4|8;1:5|7;2:5|7|8;3:5|6|8;4:7|9;5:0|1|8|9;6:8;7:0|3|4|5|6;8:3|4|5|8;9:0|7|8,0:-;1:-;2:-;3:-;4:-;5:-;6:-;7:-;8:-;9:-,0@0=1;0@2=2;0@4=1;0@5=1;0@6=2;1@0=1;1@4=1;2@2=3;2@6=1;3@0=1;3@4=3;3@5=2;4@3=1;6@4=2;6@1=1;6@7=1;6@8=1;7@0=1;7@2=1;7@6=2;8@0=1;8@2=1;8@4=2,"0,2,4,5,6,3,1,7,8",33,23,0,23,0.0,0.0,0.0,0.0,0.0,0.0,0.0,0.0,"Feasible(status=11,gap=13.876511)"
914,913,0,0,0,-,0:4|8;1:5|7;2:5|7|8;3:5|6|8;4:7|9;5:0|1|8|9;6:8;7:0|3|4|5|6;8:3|4|5|8;9:0|7|8,0:-;1:-;2:-;3:-;4:-;5:-;6:-;7:-;8:-;9:-,0@1=3;0@2=2;0@4=1;0@9=2;1@1=1;1@4=1;2@1=1;2@9=2;2@0=1;2@3=1;3@1=3;3@4=3;3@0=1;3@3=1;3@5=1;3@6=2;4@1=2;4@2=2;4@4=1;4@9=1;4@0=1;4@5=2;4@8=1;5@4=1;5@9=1;5@7=1;6@2=2;6@4=2;6@0=1;6@6=1;6@8=1;6@7=1;7@1=2;7@2=2;7@4=1;7@9=1;7@3=1;7@7=1;8@1=1;8@4=2;8@8=1;8@7=1,"1,2,4,9,0,3,5,6,8,7",60,42,0,42,0.0,0.0,0.0,0.0,0.0,0.0,0.0,0.0,"Feasible(status=11,gap=13.876511)"
915,914,0,0,0,-,0:4|8;1:5|7;2:5|7|8;3:5|6|8;4:7|9;5:0|1|8|9;6:8;7:0|3|4|5|6;8:3|4|5|8;9:0|7|8,0:-;1:-;2:-;3:-;4:-;5:-;6:-;7:-;8:-;9:-,0@1=2;0@3=2;0@4=1;0@8=1;0@9=2;1@4=2;1@9=1;1@7=1;2@1=2;2@3=1;2@4=2;2@8=1;2@9=1;2@0=1;2@2=1;3@1=2;3@4=2;3@8=1;3@9=1;3@2=3;3@5=1;4@9=1;4@6=2;5@1=1;5@3=1;5@4=2;5@9=1;6@1=1;6@4=4;6@9=2;6@7=3;6@0=3;6@2=4;7@4=5;7@0=2;7@2=2;8@4=1,"1,3,4,8,9,7,0,2,5,6",66,37,0,37,0.0,0.0,0.0,0.0,0.0,0.0,0.0,0.0,"Feasible(status=11,gap=13.876511)"
916,915,0,0,0,-,0:4|8;1:5|7;2:5|7|8;3:5|6|8;4:7|9;5:0|1|8|9;6:8;7:0|3|4|5|6;8:3|4|5|8;9:0|7|8,0:-;1:-;2:-;3:-;4:-;5:-;6:-;7:-;8:-;9:-,0@0=1;0@2=2;0@3=1;0@4=2;0@9=1;1@4=1;2@0=1;2@2=1;2@4=1;2@6=1;2@7=1;2@8=1;3@4=2;3@8=1;3@1=1;3@5=1;4@0=1;4@3=4;4@4=3;4@9=1;4@6=1;4@7=1;4@1=2;5@2=2;5@3=1;5@1=1;6@0=2;6@3=1;6@4=3;6@5=1;7@0=2;7@3=1;7@4=1;7@8=1;8@2=1;8@3=1;8@4=2;8@6=1;8@7=1;8@8=1;8@1=1,"0,2,3,4,9,6,7,8,1,5",56,41,0,41,0.0,0.0,0.0,0.0,0.0,0.0,0.0,0.0,"Feasible(status=11,gap=13.876511)"
917,916,0,0,0,-,0:4|8;1:5|7;2:5|7|8;3:5|6|8;4:7|9;5:0|1|8|9;6:8;7:0|3|4|5|6;8:3|4|5|8;9:0|7|8,0:-;1:-;2:-;3:-;4:-;5:-;6:-;7:-;8:-;9:-,0@0=2;0@4=1;0@6=1;0@7=1;1@1=1;1@8=1;2@0=1;2@4=2;2@3=1;3@2=1;4@0=1;4@6=1;4@2=3;5@5=1;6@0=1;6@1=2;6@5=1;7@0=1;7@4=2;7@6=1;7@1=2;7@8=2;7@2=3;7@5=1;7@9=2;8@4=3;8@7=1;8@1=1;8@3=1;8@5=1,"0,4,6,7,1,8,3,2,5,9",43,30,0,30,0.0,0.0,0.0,0.0,0.0,0.0,0.0,0.0,"Feasible(status=11,gap=13.876511)"
918,917,0,0,0,-,0:4|8;1:5|7;2:5|7|8;3:5|6|8;4:7|9;5:0|1|8|9;6:8;7:0|3|4|5|6;8:3|4|5|8;9:0|7|8,0:-;1:-;2:-;3:-;4:-;5:-;6:-;7:-;8:-;9:-,0@4=1;2@4=1;2@0=1;3@4=2;3@2=1;4@4=1;4@2=1;4@9=1;6@4=1;6@0=1;6@2=1;6@1=1;6@3=1;6@6=1;7@2=1;7@9=1;7@6=1;7@5=1;7@7=1;7@8=1;8@5=1,"4,0,2,9,1,3,6,5,7,8",22,21,0,21,0.0,0.0,0.0,0.0,0.0,0.0,0.0,0.0,"Feasible(status=11,gap=13.876511)"
919,918,0,0,0,-,0:4|8;1:5|7;2:5|7|8;3:5|6|8;4:7|9;5:0|1|8|9;6:8;7:0|3|4|5|6;8:3|4|5|8;9:0|7|8,0:-;1:-;2:-;3:-;4:-;5:-;6:-;7:-;8:-;9:-,0@1=1;0@2=1;1@1=1;1@2=2;1@4=1;1@5=1;1@7=1;3@1=2;3@4=2;3@9=1;4@2=1;4@8=1;5@4=1;5@8=1;6@1=1;6@2=3;6@4=1;6@5=1;6@7=3;7@1=1;7@6=1;8@4=1;8@3=1,"1,2,4,5,7,9,8,6,3",30,23,0,23,0.0,0.0,0.0,0.0,0.0,0.0,0.0,0.0,"Feasible(status=11,gap=13.876511)"
920,919,0,0,0,-,0:4|8;1:5|7;2:5|7|8;3:5|6|8;4:7|9;5:0|1|8|9;6:8;7:0|3|4|5|6;8:3|4|5|8;9:0|7|8,0:-;1:-;2:-;3:-;4:-;5:-;6:-;7:-;8:-;9:-,0@0=1;0@1=1;0@2=3;0@4=3;0@5=1;0@6=2;0@7=1;1@2=1;1@4=1;1@9=1;3@2=2;3@5=2;3@6=1;3@9=2;3@8=1;4@2=2;4@4=1;4@5=3;4@6=2;4@7=1;4@9=1;4@8=2;4@3=2;5@0=1;5@1=2;5@4=2;6@0=1;6@1=1;6@2=2;6@4=3;6@5=1;6@7=1;6@9=1;7@0=1;7@1=2;7@2=1;7@4=2;7@3=2;8@0=1;8@1=1;8@2=1;8@4=3;8@7=1;8@9=1;8@3=1,"0,1,2,4,5,6,7,9,8,3",69,45,0,45,0.0,0.0,0.0,0.0,0.0,0.0,0.0,0.0,"Feasible(status=11,gap=13.876511)"
921,920,0,0,0,-,0:4|8;1:5|7;2:5|7|8;3:5|6|8;4:7|9;5:0|1|8|9;6:8;7:0|3|4|5|6;8:3|4|5|8;9:0|7|8,0:-;1:-;2:-;3:-;4:-;5:-;6:-;7:-;8:-;9:-,0@0=1;0@1=2;0@3=1;0@5=3;0@8=1;0@9=1;1@9=1;1@4=2;2@0=2;2@1=3;2@3=1;2@4=2;2@2=4;3@1=2;3@5=1;3@8=1;3@4=2;3@2=1;3@6=1;4@1=2;4@8=2;4@9=1;4@4=2;4@2=4;4@6=1;4@7=1;5@5=1;6@0=2;6@1=1;6@5=1;6@4=3;6@2=4;6@7=2;7@1=4;7@5=1;7@9=1;7@4=2;7@2=2;8@0=1;8@8=2;8@2=2;9@8=1,"0,1,3,5,8,9,4,2,6,7",75,42,0,42,0.0,0.0,0.0,0.0,0.0,0.0,0.0,0.0,"Feasible(status=11,gap=13.876511)"
922,921,0,0,0,-,0:4|8;1:5|7;2:5|7|8;3:5|6|8;4:7|9;5:0|1|8|9;6:8;7:0|3|4|5|6;8:3|4|5|8;9:0|7|8,0:-;1:-;2:-;3:-;4:-;5:-;6:-;7:-;8:-;9:-,0@0=1;0@1=2;0@2=4;0@4=2;0@7=1;1@0=1;1@1=1;2@2=4;2@4=1;2@5=2;2@8=1;2@9=1;3@2=3;3@4=3;4@0=1;4@2=1;4@4=2;4@6=1;5@5=1;5@8=1;6@1=1;6@2=1;6@4=2;6@5=2;6@6=1;6@3=1;7@0=1;7@1=3;7@2=1;7@4=1;7@7=1;7@5=1;7@9=1;7@3=1;8@1=2;8@2=2;8@3=2,"0,1,2,4,7,5,8,9,6,3",58,37,0,37,0.0,0.0,0.0,0.0,0.0,0.0,0.0,0.0,"Feasible(status=11,gap=13.876511)"
923,922,0,0,0,-,0:4|8;1:5|7;2:5|7|8;3:5|6|8;4:7|9;5:0|1|8|9;6:8;7:0|3|4|5|6;8:3|4|5|8;9:0|7|8,0:-;1:-;2:-;3:-;4:-;5:-;6:-;7:-;8:-;9:-,0@0=1;0@1=1;0@2=2;0@4=2;0@7=1;0@8=1;1@0=1;1@3=1;2@0=1;2@1=2;2@2=1;2@7=1;2@5=2;2@6=1;3@1=2;3@2=1;3@4=3;3@7=2;3@8=1;3@3=1;3@6=1;4@0=1;4@7=1;4@6=1;4@9=1;6@0=2;6@1=1;6@2=1;6@4=3;6@7=1;6@5=1;6@9=1;7@2=1;7@5=1;8@1=2;8@7=2,"0,1,2,4,7,8,3,5,6,9",49,36,0,36,0.0,0.0,0.0,0.0,0.0,0.0,0.0,0.0,"Feasible(status=11,gap=13.876511)"
924,923,0,0,0,-,0:4|8;1:5|7;2:5|7|8;3:5|6|8;4:7|9;5:0|1|8|9;6:8;7:0|3|4|5|6;8:3|4|5|8;9:0|7|8,0:-;1:-;2:-;3:-;4:-;5:-;6:-;7:-;8:-;9:-,0@1=1;0@2=2;0@6=1;0@8=1;0@9=1;1@1=2;1@5=1;2@2=1;2@8=1;2@5=1;3@1=1;3@9=1;3@7=1;4@1=1;4@2=1;4@7=1;4@0=1;4@3=1;5@1=2;5@2=1;5@5=1;6@1=1;6@2=1;6@6=1;6@5=1;6@7=1;6@0=1;7@1=1;7@2=2;7@6=1;7@8=1;7@0=1;7@3=1;8@1=2;8@6=1;8@0=1,"1,2,6,8,9,5,7,0,3",41,36,0,36,0.0,0.0,0.0,0.0,0.0,0.0,0.0,0.0,"Feasible(status=11,gap=13.876511)"
925,924,0,0,0,-,0:4|8;1:5|7;2:5|7|8;3:5|6|8;4:7|9;5:0|1|8|9;6:8;7:0|3|4|5|6;8:3|4|5|8;9:0|7|8,0:-;1:-;2:-;3:-;4:-;5:-;6:-;7:-;8:-;9:-,0@0=1;0@1=1;1@1=1;1@8=1;2@1=3;2@2=1;3@3=2;3@4=1;3@5=2;3@6=1;4@3=1;4@9=1;5@8=2;5@6=1;5@7=1;6@8=1;6@4=1;6@9=1;7@0=1;7@1=1;7@4=2;7@9=1;8@8=1;8@7=1,"0,1,8,2,3,4,5,6,9,7",30,24,0,24,0.0,0.0,0.0,0.0,0.0,0.0,0.0,0.0,"Feasible(status=11,gap=13.876511)"
926,925,0,0,0,-,0:4|8;1:5|7;2:5|7|8;3:5|6|8;4:7|9;5:0|1|8|9;6:8;7:0|3|4|5|6;8:3|4|5|8;9:0|7|8,0:-;1:-;2:-;3:-;4:-;5:-;6:-;7:-;8:-;9:-,0@0=1;0@1=1;0@2=1;0@3=1;0@4=1;0@9=2;1@2=2;1@3=1;1@6=1;1@7=1;1@8=1;2@9=1;3@4=1;3@9=1;3@8=1;4@2=1;4@4=1;5@5=1;6@4=1;6@7=1;7@6=2;8@2=4;8@6=1;8@7=1;9@1=1,"0,1,2,3,4,9,6,7,8,5",31,25,0,25,0.0,0.0,0.0,0.0,0.0,0.0,0.0,0.0,"Feasible(status=11,gap=13.876511)"
927,926,0,0,0,-,0:4|8;1:5|7;2:5|7|8;3:5|6|8;4:7|9;5:0|1|8|9;6:8;7:0|3|4|5|6;8:3|4|5|8;9:0|7|8,0:-;1:-;2:-;3:-;4:-;5:-;6:-;7:-;8:-;9:-,0@3=1;0@4=3;0@5=2;0@7=1;0@8=1;0@9=2;1@3=1;1@4=1;1@7=2;1@8=1;1@9=1;1@2=1;2@3=1;2@6=1;3@3=1;3@4=1;3@7=1;3@2=1;3@0=1;3@1=1;4@3=1;4@7=1;4@6=2;4@1=2;5@0=1;5@1=1;6@3=3;6@4=2;6@5=1;6@7=2;6@8=2;6@2=1;6@0=1;6@1=2;7@3=1;7@4=1;7@7=1;7@9=1;7@2=2;7@6=1;7@0=1;8@3=1;8@4=1;8@7=2;8@9=1,"3,4,5,7,8,9,2,6,0,1",60,45,0,45,0.0,0.0,0.0,0.0,0.0,0.0,0.0,0.0,"Feasible(status=11,gap=13.876511)"
928,927,0,0,0,-,0:4|8;1:5|7;2:5|7|8;3:5|6|8;4:7|9;5:0|1|8|9;6:8;7:0|3|4|5|6;8:3|4|5|8;9:0|7|8,0:-;1:-;2:-;3:-;4:-;5:-;6:-;7:-;8:-;9:-,0@2=1;0@4=3;0@5=2;0@6=1;0@7=1;0@9=1;1@7=1;1@9=1;1@3=2;2@5=1;2@7=1;2@9=1;2@8=2;3@2=1;3@9=1;3@3=1;3@1=1;4@2=2;4@4=1;4@5=1;4@3=1;5@4=2;6@2=1;6@3=1;6@8=1;6@0=2;7@7=1;7@3=1;7@1=1;8@2=2;8@3=1;8@1=3;9@4=1,"2,4,5,6,7,9,3,8,1,0",44,33,0,33,0.0,0.0,0.0,0.0,0.0,0.0,0.0,0.0,"Feasible(status=11,gap=13.876511)"
929,928,0,0,0,-,0:4|8;1:5|7;2:5|7|8;3:5|6|8;4:7|9;5:0|1|8|9;6:8;7:0|3|4|5|6;8:3|4|5|8;9:0|7|8,0:-;1:-;2:-;3:-;4:-;5:-;6:-;7:-;8:-;9:-,0@0=1;0@1=1;0@2=1;0@3=2;0@7=1;0@9=1;1@3=1;1@7=1;1@4=1;2@1=2;2@3=1;2@6=1;2@8=3;3@0=1;3@2=1;3@9=2;3@4=1;3@6=1;3@8=1;4@7=2;4@6=1;4@5=1;5@1=1;5@2=1;5@8=1;6@0=1;6@2=1;6@7=1;6@9=1;6@4=2;6@8=2;7@0=1;7@3=1;7@6=1;7@8=2;8@1=1;8@2=1;8@7=1;8@9=1;8@6=1;8@5=1;9@5=1,"0,1,2,3,7,9,4,6,8,5",51,42,0,42,0.0,0.0,0.0,0.0,0.0,0.0,0.0,0.0,"Feasible(status=11,gap=13.876511)"
930,929,0,0,0,-,0:4|8;1:5|7;2:5|7|8;3:5|6|8;4:7|9;5:0|1|8|9;6:8;7:0|3|4|5|6;8:3|4|5|8;9:0|7|8,0:-;1:-;2:-;3:-;4:-;5:-;6:-;7:-;8:-;9:-,0@0=2;0@1=2;0@4=4;0@5=3;0@6=1;1@1=1;1@4=1;2@0=1;2@4=2;2@5=1;3@0=2;3@1=1;3@4=2;3@2=1;3@9=1;4@1=3;4@9=2;4@3=1;4@8=1;5@8=1;6@0=1;6@4=2;7@1=1;7@4=1;7@9=2;7@8=1;8@4=1;8@5=1;8@2=3;9@1=1,"0,1,4,5,6,2,9,3,8",47,30,0,30,0.0,0.0,0.0,0.0,0.0,0.0,0.0,0.0,"Feasible(status=11,gap=13.876511)"
931,930,0,0,0,-,0:4|8;1:5|7;2:5|7|8;3:5|6|8;4:7|9;5:0|1|8|9;6:8;7:0|3|4|5|6;8:3|4|5|8;9:0|7|8,0:-;1:-;2:-;3:-;4:-;5:-;6:-;7:-;8:-;9:-,0@1=1;0@3=2;0@5=1;1@0=2;1@2=2;2@1=2;2@0=1;2@2=1;3@1=2;3@3=2;3@5=1;3@7=1;4@5=1;4@0=2;4@2=1;4@6=1;5@1=1;5@0=1;5@6=1;6@1=2;6@5=1;6@0=2;6@2=1;6@7=1;6@6=1;6@4=3;6@8=1;7@1=1;7@3=1;7@5=1;7@7=1;7@4=1;8@1=1;8@2=1;8@9=1,"1,3,5,0,2,7,6,4,8,9",46,35,0,35,0.0,0.0,0.0,0.0,0.0,0.0,0.0,0.0,"Feasible(status=11,gap=13.876511)"
932,931,0,0,0,-,0:4|8;1:5|7;2:5|7|8;3:5|6|8;4:7|9;5:0|1|8|9;6:8;7:0|3|4|5|6;8:3|4|5|8;9:0|7|8,0:-;1:-;2:-;3:-;4:-;5:-;6:-;7:-;8:-;9:-,0@2=1;0@5=3;0@7=1;1@7=1;1@1=1;1@8=1;2@7=1;2@1=1;2@4=2;3@6=1;4@5=1;4@7=1;4@4=1;4@0=1;4@3=1;4@9=1;5@2=1;6@4=1;6@6=1;6@9=1;7@2=1;7@9=1;8@4=2,"2,5,7,1,8,4,6,0,3,9",27,23,0,23,0.0,0.0,0.0,0.0,0.0,0.0,0.0,0.0,"Feasible(status=11,gap=13.876511)"
933,932,0,0,0,-,0:4|8;1:5|7;2:5|7|8;3:5|6|8;4:7|9;5:0|1|8|9;6:8;7:0|3|4|5|6;8:3|4|5|8;9:0|7|8,0:-;1:-;2:-;3:-;4:-;5:-;6:-;7:-;8:-;9:-,0@1=1;0@2=1;0@5=1;0@6=1;0@9=1;1@1=1;1@2=1;1@9=1;1@4=1;1@8=1;2@4=1;3@2=1;3@5=1;3@9=1;3@7=1;4@1=1;4@9=1;4@4=1;4@3=1;5@2=1;6@1=1;6@5=1;6@6=1;7@1=1;7@4=1;9@9=1,"1,2,5,6,9,4,8,7,3",26,26,0,26,0.0,0.0,0.0,0.0,0.0,0.0,0.0,0.0,"Feasible(status=11,gap=13.876511)"
934,933,0,0,0,-,0:4|8;1:5|7;2:5|7|8;3:5|6|8;4:7|9;5:0|1|8|9;6:8;7:0|3|4|5|6;8:3|4|5|8;9:0|7|8,0:-;1:-;2:-;3:-;4:-;5:-;6:-;7:-;8:-;9:-,0@1=2;0@2=1;0@4=1;0@5=1;0@6=1;0@9=1;1@1=1;1@2=3;1@4=2;1@5=2;1@7=1;1@8=1;2@1=3;2@4=1;3@1=3;3@4=2;3@5=1;3@9=1;3@8=1;4@2=1;4@6=1;4@9=1;4@8=1;5@1=1;5@4=3;5@6=1;5@7=1;5@8=1;6@1=1;6@2=5;6@4=1;6@7=1;6@8=1;6@0=1;7@2=2;7@4=2;7@6=1;7@9=2;7@0=1;7@3=1;8@1=2;8@2=1;8@4=4;8@6=1;9@4=1;9@5=1,"1,2,4,5,6,9,7,8,0,3",69,46,0,46,0.0,0.0,0.0,0.0,0.0,0.0,0.0,0.0,"Feasible(status=11,gap=13.876511)"
935,934,0,0,0,-,0:4|8;1:5|7;2:5|7|8;3:5|6|8;4:7|9;5:0|1|8|9;6:8;7:0|3|4|5|6;8:3|4|5|8;9:0|7|8,0:-;1:-;2:-;3:-;4:-;5:-;6:-;7:-;8:-;9:-,0@2=1;0@4=5;0@5=1;0@6=1;0@7=1;0@8=1;1@4=1;1@8=1;2@4=3;2@5=2;2@6=4;2@8=1;2@1=1;3@2=1;3@4=2;3@5=1;3@6=1;3@7=2;3@1=1;3@9=1;4@2=1;4@5=2;4@6=1;4@9=1;5@8=2;5@9=1;6@2=3;6@4=1;6@5=2;6@6=1;6@8=1;6@9=2;6@0=1;6@3=1;7@2=2;7@4=1;7@6=1;7@8=1;7@1=1;7@0=1;8@4=2;8@1=1,"2,4,5,6,7,8,1,9,0,3",62,42,0,42,0.0,0.0,0.0,0.0,0.0,0.0,0.0,0.0,"Feasible(status=11,gap=13.876511)"
936,935,0,0,0,-,0:4|8;1:5|7;2:5|7|8;3:5|6|8;4:7|9;5:0|1|8|9;6:8;7:0|3|4|5|6;8:3|4|5|8;9:0|7|8,0:-;1:-;2:-;3:-;4:-;5:-;6:-;7:-;8:-;9:-,0@0=2;0@1=2;0@2=2;0@4=3;0@5=2;0@6=2;0@8=1;1@2=1;1@4=2;1@9=2;2@1=1;2@2=1;2@4=2;2@5=1;2@6=1;2@8=2;3@1=1;3@2=1;3@4=2;3@6=1;3@8=1;4@9=1;4@3=1;4@7=1;5@4=1;5@6=1;5@8=1;5@3=1;6@1=1;6@2=1;6@3=2;7@0=1;7@1=1;7@4=1;7@6=1;7@7=3;8@2=1;8@6=1;8@7=1;9@5=1,"0,1,2,4,5,6,8,9,3,7",55,40,0,40,0.0,0.0,0.0,0.0,0.0,0.0,0.0,0.0,"Feasible(status=11,gap=13.876511)"
937,936,0,0,0,-,0:4|8;1:5|7;2:5|7|8;3:5|6|8;4:7|9;5:0|1|8|9;6:8;7:0|3|4|5|6;8:3|4|5|8;9:0|7|8,0:-;1:-;2:-;3:-;4:-;5:-;6:-;7:-;8:-;9:-,0@0=1;0@3=1;0@4=1;0@7=1;0@8=1;1@3=1;1@8=1;1@1=1;2@0=1;2@4=4;2@2=2;3@0=1;3@3=1;3@4=1;3@7=1;3@2=2;4@3=1;4@4=1;4@7=1;4@2=1;4@5=1;4@9=1;5@0=1;5@8=1;5@1=1;5@9=1;6@0=1;6@7=1;6@1=1;7@4=2;7@8=1;7@1=1;7@9=1;7@6=1;8@0=1;8@4=1;8@8=1;8@2=1;8@9=2,"0,3,4,7,8,1,2,5,9,6",46,39,0,39,0.0,0.0,0.0,0.0,0.0,0.0,0.0,0.0,"Feasible(status=11,gap=13.876511)"
938,937,0,0,0,-,0:4|8;1:5|7;2:5|7|8;3:5|6|8;4:7|9;5:0|1|8|9;6:8;7:0|3|4|5|6;8:3|4|5|8;9:0|7|8,0:-;1:-;2:-;3:-;4:-;5:-;6:-;7:-;8:-;9:-,0@1=1;0@2=1;0@3=1;0@4=2;1@1=2;1@3=2;1@4=1;1@6=2;1@7=1;1@8=1;1@9=2;3@1=1;3@2=1;3@8=2;3@9=1;3@0=1;4@1=1;4@2=2;4@3=1;4@8=1;4@9=1;6@3=1;6@4=2;6@0=1;7@8=1;8@7=1;9@1=1,"1,2,3,4,6,7,8,9,0",35,27,0,27,0.0,0.0,0.0,0.0,0.0,0.0,0.0,0.0,"Feasible(status=11,gap=13.876511)"
939,938,0,0,0,-,0:4|8;1:5|7;2:5|7|8;3:5|6|8;4:7|9;5:0|1|8|9;6:8;7:0|3|4|5|6;8:3|4|5|8;9:0|7|8,0:-;1:-;2:-;3:-;4:-;5:-;6:-;7:-;8:-;9:-,0@2=2;1@2=1;3@1=1;3@4=1;3@6=1;3@8=1;3@9=2;4@8=2;4@9=1;4@3=1;5@1=1;5@4=1;7@7=1;8@9=1,"2,1,4,6,8,9,3,7",17,14,0,14,0.0,0.0,0.0,0.0,0.0,0.0,0.0,0.0,"Feasible(status=11,gap=13.876511)"
940,939,0,0,0,-,0:4|8;1:5|7;2:5|7|8;3:5|6|8;4:7|9;5:0|1|8|9;6:8;7:0|3|4|5|6;8:3|4|5|8;9:0|7|8,0:-;1:-;2:-;3:-;4:-;5:-;6:-;7:-;8:-;9:-,0@0=1;0@2=2;0@5=1;1@0=1;1@2=1;3@2=1;3@7=1;4@2=1;4@7=1;5@8=1;7@2=1;7@1=1,"0,2,5,7,8,1",13,12,0,12,0.0,0.0,0.0,0.0,0.0,0.0,0.0,0.0,"Feasible(status=11,gap=13.876511)"
941,940,0,0,0,-,0:4|8;1:5|7;2:5|7|8;3:5|6|8;4:7|9;5:0|1|8|9;6:8;7:0|3|4|5|6;8:3|4|5|8;9:0|7|8,0:-;1:-;2:-;3:-;4:-;5:-;6:-;7:-;8:-;9:-,1@0=2;1@4=1;1@6=1;1@8=1;1@9=2;4@0=2;4@4=1;4@9=1;4@1=1;5@4=1;5@6=1;5@2=2;6@4=1;6@9=2;6@2=1;7@4=1;7@6=2;7@8=1;7@2=2;7@5=3;7@7=1;8@0=1;8@8=1;8@9=2;8@2=1,"0,4,6,8,9,1,2,5,7",35,25,0,25,0.0,0.0,0.0,0.0,0.0,0.0,0.0,0.0,"Feasible(status=11,gap=13.876511)"
942,941,0,0,0,-,0:4|8;1:5|7;2:5|7|8;3:5|6|8;4:7|9;5:0|1|8|9;6:8;7:0|3|4|5|6;8:3|4|5|8;9:0|7|8,0:-;1:-;2:-;3:-;4:-;5:-;6:-;7:-;8:-;9:-,0@0=1;0@1=1;0@2=2;0@4=5;0@6=1;0@7=1;0@9=1;1@1=1;3@1=1;3@2=2;3@4=2;3@6=1;3@7=2;3@9=1;3@5=1;4@0=1;4@2=3;4@4=2;4@5=1;5@1=1;5@2=1;5@4=1;5@9=1;6@1=2;6@4=3;6@7=2;6@9=1;6@5=1;6@3=1;6@8=1;7@1=2;7@2=2;7@4=2;7@6=3;7@9=2;7@3=2;7@8=1;8@1=2;8@2=1;8@4=2;8@6=1;8@5=1,"0,1,2,4,6,7,9,5,3,8",66,42,0,42,0.0,0.0,0.0,0.0,0.0,0.0,0.0,0.0,"Feasible(status=11,gap=13.876511)"
943,942,0,0,0,-,0:4|8;1:5|7;2:5|7|8;3:5|6|8;4:7|9;5:0|1|8|9;6:8;7:0|3|4|5|6;8:3|4|5|8;9:0|7|8,0:-;1:-;2:-;3:-;4:-;5:-;6:-;7:-;8:-;9:-,0@1=2;0@2=3;0@4=2;0@5=1;0@6=1;0@9=1;1@1=1;1@2=4;1@4=2;1@7=1;1@8=1;3@1=2;3@2=1;3@9=1;3@3=1;4@1=2;4@2=2;4@4=2;4@3=1;4@0=1;5@1=2;5@2=2;5@4=1;5@3=1;6@2=3;6@4=1;6@8=1;6@3=2;6@0=1;7@1=1;7@2=1;7@4=2;7@9=1;7@8=1;8@1=2;8@0=2,"1,2,4,5,6,9,7,8,3,0",56,36,0,36,0.0,0.0,0.0,0.0,0.0,0.0,0.0,0.0,"Feasible(status=11,gap=13.876511)"
944,943,0,0,0,-,0:4|8;1:5|7;2:5|7|8;3:5|6|8;4:7|9;5:0|1|8|9;6:8;7:0|3|4|5|6;8:3|4|5|8;9:0|7|8,0:-;1:-;2:-;3:-;4:-;5:-;6:-;7:-;8:-;9:-,0@1=1;0@2=2;0@4=4;0@7=1;1@4=2;1@7=1;1@0=2;1@9=2;3@1=1;3@4=2;3@9=2;4@1=2;4@2=1;4@7=1;4@9=1;4@6=2;5@2=1;5@3=2;5@5=1;6@1=1;6@7=1;7@1=1;7@2=1;7@6=1;8@1=2;8@4=1;8@7=1;8@3=1,"1,2,4,7,0,9,6,3,5",41,28,0,28,0.0,0.0,0.0,0.0,0.0,0.0,0.0,0.0,"Feasible(status=11,gap=13.876511)"
945,944,0,0,0,-,0:4|8;1:5|7;2:5|7|8;3:5|6|8;4:7|9;5:0|1|8|9;6:8;7:0|3|4|5|6;8:3|4|5|8;9:0|7|8,0:-;1:-;2:-;3:-;4:-;5:-;6:-;7:-;8:-;9:-,0@1=2;0@2=1;0@3=1;0@4=1;0@5=4;0@9=1;1@2=1;1@3=1;1@4=3;1@5=1;1@8=1;3@2=1;3@4=3;3@8=1;4@1=1;4@2=1;4@3=1;4@4=2;4@5=1;4@8=1;4@0=1;5@1=1;5@2=1;5@4=1;5@8=1;6@4=1;7@4=1;7@5=1;7@8=1;7@6=1;7@7=1;8@4=1;8@5=1,"1,2,3,4,5,9,8,0,6,7",42,33,0,33,0.0,0.0,0.0,0.0,0.0,0.0,0.0,0.0,"Feasible(status=11,gap=13.876511)"
946,945,0,0,0,-,0:4|8;1:5|7;2:5|7|8;3:5|6|8;4:7|9;5:0|1|8|9;6:8;7:0|3|4|5|6;8:3|4|5|8;9:0|7|8,0:-;1:-;2:-;3:-;4:-;5:-;6:-;7:-;8:-;9:-,0@1=2;0@2=1;0@3=1;0@4=2;0@7=2;1@2=2;1@4=1;1@9=1;3@2=1;4@2=2;4@4=1;4@7=1;4@0=1;4@6=1;5@4=1;6@3=1;6@7=1;7@2=1;7@3=2;7@4=1;7@9=1;8@2=2;8@4=1;8@6=1,"1,2,3,4,7,9,0,6",31,24,0,24,0.0,0.0,0.0,0.0,0.0,0.0,0.0,0.0,"Feasible(status=11,gap=13.876511)"
947,946,0,0,0,-,0:4|8;1:5|7;2:5|7|8;3:5|6|8;4:7|9;5:0|1|8|9;6:8;7:0|3|4|5|6;8:3|4|5|8;9:0|7|8,0:-;1:-;2:-;3:-;4:-;5:-;6:-;7:-;8:-;9:-,0@2=1;0@4=2;0@8=1;1@0=1;1@1=1;1@5=1;1@9=1;2@8=1;3@2=1;3@9=1;4@8=1;4@0=1;4@7=1;5@4=1;5@1=2;5@3=1;6@1=2;7@2=1;7@4=1;7@6=1;8@1=1,"2,4,8,0,1,5,9,7,3,6",24,21,0,21,0.0,0.0,0.0,0.0,0.0,0.0,0.0,0.0,"Feasible(status=11,gap=13.876511)"
948,947,0,0,0,-,0:4|8;1:5|7;2:5|7|8;3:5|6|8;4:7|9;5:0|1|8|9;6:8;7:0|3|4|5|6;8:3|4|5|8;9:0|7|8,0:-;1:-;2:-;3:-;4:-;5:-;6:-;7:-;8:-;9:-,0@1=1;0@2=2;0@4=1;1@1=1;1@2=1;1@9=1;3@1=1;3@2=1;3@3=1;3@8=1;4@1=1;4@2=5;4@4=2;4@8=1;4@5=1;4@6=1;5@2=1;6@9=1;7@1=1;7@2=2;7@6=1;8@1=1;8@3=1,"1,2,4,9,3,8,5,6",30,23,0,23,0.0,0.0,0.0,0.0,0.0,0.0,0.0,0.0,"Feasible(status=11,gap=13.876511)"
949,948,0,0,0,-,0:4|8;1:5|7;2:5|7|8;3:5|6|8;4:7|9;5:0|1|8|9;6:8;7:0|3|4|5|6;8:3|4|5|8;9:0|7|8,0:-;1:-;2:-;3:-;4:-;5:-;6:-;7:-;8:-;9:-,0@0=3;0@4=2;0@6=1;0@7=2;0@9=1;1@4=2;1@9=1;1@1=1;1@2=1;3@0=1;3@1=1;3@2=2;3@3=1;3@5=1;4@4=1;4@6=1;4@7=1;4@9=1;4@2=1;5@0=1;6@6=1;6@5=1;7@0=2;7@4=1;7@9=1;7@1=2;7@8=1;8@4=1;8@6=1;8@7=1;8@9=1;8@1=1;8@2=2;8@3=1;8@8=1,"0,4,6,7,9,1,2,3,5,8",44,35,0,35,0.0,0.0,0.0,0.0,0.0,0.0,0.0,0.0,"Feasible(status=11,gap=13.876511)"
950,949,0,0,0,-,0:4|8;1:5|7;2:5|7|8;3:5|6|8;4:7|9;5:0|1|8|9;6:8;7:0|3|4|5|6;8:3|4|5|8;9:0|7|8,0:-;1:-;2:-;3:-;4:-;5:-;6:-;7:-;8:-;9:-,0@2=1;0@3=1;0@4=2;0@7=1;0@9=1;1@2=4;1@3=1;1@4=1;1@9=1;1@0=1;1@1=1;1@6=1;3@4=2;3@1=1;3@5=1;4@2=1;4@4=3;4@7=2;4@1=2;4@5=1;4@8=2;5@4=1;5@9=1;6@2=1;7@2=1;7@4=2;7@9=1;7@8=1;8@2=1;9@9=1,"2,3,4,7,9,0,1,6,5,8",41,30,0,30,0.0,0.0,0.0,0.0,0.0,0.0,0.0,0.0,"Feasible(status=11,gap=13.876511)"
951,950,0,0,0,-,0:4|8;1:5|7;2:5|7|8;3:5|6|8;4:7|9;5:0|1|8|9;6:8;7:0|3|4|5|6;8:3|4|5|8;9:0|7|8,0:-;1:-;2:-;3:-;4:-;5:-;6:-;7:-;8:-;9:-,0@0=2;0@1=1;0@2=1;0@4=2;0@6=2;0@9=1;1@1=1;1@2=2;1@4=2;2@4=1;3@4=1;3@6=1;3@5=1;4@1=1;4@4=2;4@6=1;4@9=1;4@3=1;4@7=1;5@1=3;5@5=1;6@2=1;6@9=1;7@4=1;7@9=2;8@5=1;8@3=1,"0,1,2,4,6,9,5,3,7",36,27,0,27,0.0,0.0,0.0,0.0,0.0,0.0,0.0,0.0,"Feasible(status=11,gap=13.876511)"
952,951,0,0,0,-,0:4|8;1:5|7;2:5|7|8;3:5|6|8;4:7|9;5:0|1|8|9;6:8;7:0|3|4|5|6;8:3|4|5|8;9:0|7|8,0:-;1:-;2:-;3:-;4:-;5:-;6:-;7:-;8:-;9:-,0@2=2;0@3=1;0@4=2;0@7=1;0@8=1;1@2=1;1@4=3;1@8=1;1@1=1;1@5=1;1@6=1;3@2=1;3@3=1;3@4=3;3@7=2;3@1=2;3@5=2;3@6=1;3@0=1;4@2=1;4@4=1;4@5=1;4@0=1;4@9=1;5@2=2;5@4=2;5@1=1;5@6=1;6@8=1;6@1=1;7@4=1;7@5=1;8@3=1;8@1=1,"2,3,4,7,8,1,5,6,0,9",45,34,0,34,0.0,0.0,0.0,0.0,0.0,0.0,0.0,0.0,"Feasible(status=11,gap=13.876511)"
953,952,0,0,0,-,0:4|8;1:5|7;2:5|7|8;3:5|6|8;4:7|9;5:0|1|8|9;6:8;7:0|3|4|5|6;8:3|4|5|8;9:0|7|8,0:-;1:-;2:-;3:-;4:-;5:-;6:-;7:-;8:-;9:-,0@2=1;0@5=1;1@3=1;1@4=1;1@7=1;1@9=1;2@8=1;3@5=1;3@4=1;3@7=1;3@1=1;4@7=2;4@8=2;4@1=1;5@2=2;5@5=1;5@4=1;5@1=1;7@5=1;7@0=2,"2,5,3,4,7,9,8,1,0",24,20,0,20,0.0,0.0,0.0,0.0,0.0,0.0,0.0,0.0,"Feasible(status=11,gap=13.876511)"
954,953,0,0,0,-,0:4|8;1:5|7;2:5|7|8;3:5|6|8;4:7|9;5:0|1|8|9;6:8;7:0|3|4|5|6;8:3|4|5|8;9:0|7|8,0:-;1:-;2:-;3:-;4:-;5:-;6:-;7:-;8:-;9:-,0@1=1;0@2=1;0@4=1;1@0=1;1@8=1;1@9=1;3@4=1;4@2=1;4@4=1;4@8=1;4@9=1;5@2=1;5@0=1;7@2=1;7@0=1;8@2=1,"1,2,4,0,8,9",16,16,0,16,0.0,0.0,0.0,0.0,0.0,0.0,0.0,0.0,"Feasible(status=11,gap=13.876511)"
955,954,0,0,0,-,0:4|8;1:5|7;2:5|7|8;3:5|6|8;4:7|9;5:0|1|8|9;6:8;7:0|3|4|5|6;8:3|4|5|8;9:0|7|8,0:-;1:-;2:-;3:-;4:-;5:-;6:-;7:-;8:-;9:-,0@2=1;0@4=2;1@2=1;1@4=2;1@0=1;1@1=2;1@5=1;1@6=1;2@4=1;2@6=1;3@4=2;3@1=1;3@5=1;4@2=1;4@1=1;4@3=2;5@4=2;5@0=1;5@1=1;5@6=2;5@3=1;6@2=1;7@2=1;7@4=2;7@5=1;7@7=1;7@9=1;8@2=1;8@0=1;8@6=1;8@3=1;8@7=1,"2,4,0,1,5,6,3,7,9",40,32,0,32,0.0,0.0,0.0,0.0,0.0,0.0,0.0,0.0,"Feasible(status=11,gap=13.876511)"
956,955,0,0,0,-,0:4|8;1:5|7;2:5|7|8;3:5|6|8;4:7|9;5:0|1|8|9;6:8;7:0|3|4|5|6;8:3|4|5|8;9:0|7|8,0:-;1:-;2:-;3:-;4:-;5:-;6:-;7:-;8:-;9:-,0@0=2;0@1=2;0@3=1;0@4=1;0@7=1;0@9=1;1@0=2;1@1=2;1@4=2;1@7=2;1@2=1;1@8=1;4@1=3;4@4=2;5@4=2;5@8=1;5@5=1;6@0=1;6@4=1;7@4=1;7@2=1;8@0=1;8@9=1,"0,1,3,4,7,9,2,8,5",33,23,0,23,0.0,0.0,0.0,0.0,0.0,0.0,0.0,0.0,"Feasible(status=11,gap=13.876511)"
957,956,0,0,0,-,0:4|8;1:5|7;2:5|7|8;3:5|6|8;4:7|9;5:0|1|8|9;6:8;7:0|3|4|5|6;8:3|4|5|8;9:0|7|8,0:-;1:-;2:-;3:-;4:-;5:-;6:-;7:-;8:-;9:-,0@1=1;0@2=5;0@3=3;0@4=1;0@6=1;0@7=1;0@9=2;1@3=1;1@5=2;4@1=1;4@2=2;4@6=1;4@7=1;4@0=2;4@8=1;5@2=1;5@4=1;5@5=1;6@2=1;6@4=1;6@5=1;7@2=1;7@4=1,"1,2,3,4,6,7,9,5,0,8",33,23,0,23,0.0,0.0,0.0,0.0,0.0,0.0,0.0,0.0,"Feasible(status=11,gap=13.876511)"
958,957,0,0,0,-,0:4|8;1:5|7;2:5|7|8;3:5|6|8;4:7|9;5:0|1|8|9;6:8;7:0|3|4|5|6;8:3|4|5|8;9:0|7|8,0:-;1:-;2:-;3:-;4:-;5:-;6:-;7:-;8:-;9:-,0@0=1;0@1=2;0@3=1;0@4=1;0@5=1;0@7=1;0@9=2;1@3=1;1@4=3;1@5=2;1@9=2;1@2=1;2@9=1;4@1=2;4@4=2;4@7=2;4@9=1;4@2=2;5@1=1;5@4=2;5@7=1;6@5=1;6@6=1;7@0=1;7@3=1;7@7=1;7@6=1;8@1=1;8@3=1;8@5=1,"0,1,3,4,5,7,9,2,6",41,30,0,30,0.0,0.0,0.0,0.0,0.0,0.0,0.0,0.0,"Feasible(status=11,gap=13.876511)"
959,958,0,0,0,-,0:4|8;1:5|7;2:5|7|8;3:5|6|8;4:7|9;5:0|1|8|9;6:8;7:0|3|4|5|6;8:3|4|5|8;9:0|7|8,0:-;1:-;2:-;3:-;4:-;5:-;6:-;7:-;8:-;9:-,0@1=1;0@3=1;0@4=2;0@5=2;0@7=1;0@8=1;1@1=1;1@3=2;1@8=1;1@0=1;2@7=1;4@1=1;4@8=1;4@2=1;4@6=1;5@0=1;5@2=1;6@2=1;6@9=1;7@4=1;7@0=1;8@3=1;8@8=1,"1,3,4,5,7,8,0,2,6,9",26,23,0,23,0.0,0.0,0.0,0.0,0.0,0.0,0.0,0.0,"Feasible(status=11,gap=13.876511)"
960,959,0,0,0,-,0:4|8;1:5|7;2:5|7|8;3:5|6|8;4:7|9;5:0|1|8|9;6:8;7:0|3|4|5|6;8:3|4|5|8;9:0|7|8,0:-;1:-;2:-;3:-;4:-;5:-;6:-;7:-;8:-;9:-,0@0=1;0@1=1;0@4=1;0@5=1;0@8=3;0@9=1;1@4=2;2@4=1;3@1=1;4@0=1;4@4=1;5@0=1;5@2=1;6@9=1;7@1=1,"0,1,4,5,8,9,2",18,15,0,15,0.0,0.0,0.0,0.0,0.0,0.0,0.0,0.0,"Feasible(status=11,gap=13.876511)"
961,960,0,0,0,-,0:4|8;1:5|7;2:5|7|8;3:5|6|8;4:7|9;5:0|1|8|9;6:8;7:0|3|4|5|6;8:3|4|5|8;9:0|7|8,0:-;1:-;2:-;3:-;4:-;5:-;6:-;7:-;8:-;9:-,0@7=1;1@4=1;1@5=1;4@4=2;4@1=1;4@2=1;4@6=1;4@8=1;4@9=1;5@1=1;5@6=1;5@0=1;6@1=1;6@2=1;7@7=1;7@6=2;7@8=1;7@0=1,"7,4,5,1,2,6,8,9,0",20,18,0,18,0.0,0.0,0.0,0.0,0.0,0.0,0.0,0.0,"Feasible(status=11,gap=13.876511)"
962,961,0,0,0,-,0:4|8;1:5|7;2:5|7|8;3:5|6|8;4:7|9;5:0|1|8|9;6:8;7:0|3|4|5|6;8:3|4|5|8;9:0|7|8,0:-;1:-;2:-;3:-;4:-;5:-;6:-;7:-;8:-;9:-,0@1=1;0@2=2;0@4=1;0@7=1;0@9=2;1@2=1;1@3=1;1@6=1;1@8=1;4@1=3;4@2=2;4@7=1;4@9=1;4@3=1;4@0=2;5@2=2;5@4=1;5@9=1;5@5=1;6@0=1;7@4=1;7@0=1;8@1=1;8@4=1,"1,2,4,7,9,3,6,8,0,5",31,24,0,24,0.0,0.0,0.0,0.0,0.0,0.0,0.0,0.0,"Feasible(status=11,gap=13.876511)"
963,962,0,0,0,-,0:4|8;1:5|7;2:5|7|8;3:5|6|8;4:7|9;5:0|1|8|9;6:8;7:0|3|4|5|6;8:3|4|5|8;9:0|7|8,0:-;1:-;2:-;3:-;4:-;5:-;6:-;7:-;8:-;9:-,0@0=1;0@1=1;0@2=2;0@4=1;0@5=1;0@6=1;0@8=1;0@9=1;1@4=3;1@9=1;1@3=1;2@3=1;3@5=1;4@1=1;4@2=1;4@4=1;4@5=1;4@6=2;4@8=2;5@2=1;5@5=1;5@8=1;5@9=1;6@1=1;6@4=1;6@8=1;6@3=2;7@0=1;7@1=1;7@2=3;7@4=2;7@6=1;7@8=2;8@2=2;8@4=1,"0,1,2,4,5,6,8,9,3",46,35,0,35,0.0,0.0,0.0,0.0,0.0,0.0,0.0,0.0,"Feasible(status=11,gap=13.876511)"
964,963,0,0,0,-,0:4|8;1:5|7;2:5|7|8;3:5|6|8;4:7|9;5:0|1|8|9;6:8;7:0|3|4|5|6;8:3|4|5|8;9:0|7|8,0:-;1:-;2:-;3:-;4:-;5:-;6:-;7:-;8:-;9:-,0@2=1;0@3=1;0@4=1;0@9=1;1@9=2;1@8=1;2@2=1;3@4=1;3@8=1;3@0=1;3@7=2;4@2=2;5@4=4;5@1=1;6@2=2;6@9=1;6@7=1;6@6=2;8@2=1,"2,3,4,9,8,0,7,1,6",27,19,0,19,0.0,0.0,0.0,0.0,0.0,0.0,0.0,0.0,"Feasible(status=11,gap=13.876511)"
965,964,0,0,0,-,0:4|8;1:5|7;2:5|7|8;3:5|6|8;4:7|9;5:0|1|8|9;6:8;7:0|3|4|5|6;8:3|4|5|8;9:0|7|8,0:-;1:-;2:-;3:-;4:-;5:-;6:-;7:-;8:-;9:-,0@0=1;0@1=1;0@2=1;0@4=1;0@5=1;0@8=2;1@0=1;1@1=1;1@2=2;1@8=1;2@1=1;3@2=2;3@5=1;3@7=1;4@1=1;4@2=1;4@4=2;4@7=1;4@3=1;4@6=1;5@0=1;5@1=1;5@2=3;5@4=1;5@7=1;5@3=1;5@9=1;6@1=1;6@2=1;6@4=1;6@7=1;7@4=1;7@5=1;7@7=1;7@6=1;8@2=1;8@4=1;8@5=3;8@7=1;8@3=1,"0,1,2,4,5,8,7,3,6,9",48,40,0,40,0.0,0.0,0.0,0.0,0.0,0.0,0.0,0.0,"Feasible(status=11,gap=13.876511)"
966,965,0,0,0,-,0:4|8;1:5|7;2:5|7|8;3:5|6|8;4:7|9;5:0|1|8|9;6:8;7:0|3|4|5|6;8:3|4|5|8;9:0|7|8,0:-;1:-;2:-;3:-;4:-;5:-;6:-;7:-;8:-;9:-,0@1=1;0@2=1;0@3=2;0@4=3;0@9=1;1@1=2;1@2=1;1@4=1;1@0=1;1@5=1;2@1=1;2@4=1;3@2=1;3@4=3;3@5=1;3@7=1;3@8=1;4@1=1;4@3=1;4@4=1;4@0=1;4@7=1;5@2=1;6@1=1;6@2=1;6@0=1;6@5=1;6@7=1;6@8=1;6@6=1;7@2=1;7@4=1;7@0=1;7@8=1;8@1=1;8@2=1;8@4=1,"1,2,3,4,9,0,5,7,8,6",43,37,0,37,0.0,0.0,0.0,0.0,0.0,0.0,0.0,0.0,"Feasible(status=11,gap=13.876511)"
967,966,0,0,0,-,0:4|8;1:5|7;2:5|7|8;3:5|6|8;4:7|9;5:0|1|8|9;6:8;7:0|3|4|5|6;8:3|4|5|8;9:0|7|8,0:-;1:-;2:-;3:-;4:-;5:-;6:-;7:-;8:-;9:-,0@1=1;0@9=1;1@1=1;1@4=1;1@5=2;2@2=1;2@7=1;3@4=1;3@6=1;4@4=3;4@6=2;4@0=1;5@0=1;6@7=1;7@4=1;7@7=2;8@4=1;8@5=1,"1,9,4,5,2,7,6,0",23,18,0,18,0.0,0.0,0.0,0.0,0.0,0.0,0.0,0.0,"Feasible(status=11,gap=13.876511)"
968,967,0,0,0,-,0:4|8;1:5|7;2:5|7|8;3:5|6|8;4:7|9;5:0|1|8|9;6:8;7:0|3|4|5|6;8:3|4|5|8;9:0|7|8,0:-;1:-;2:-;3:-;4:-;5:-;6:-;7:-;8:-;9:-,0@1=1;0@4=1;0@6=1;0@9=2;1@4=1;1@2=1;2@4=1;2@7=1;4@1=1;4@2=1;4@0=1;4@5=1;5@9=1;5@5=1;5@3=1;6@6=1;7@0=1;8@1=1,"1,4,6,9,2,7,0,5,3",19,18,0,18,0.0,0.0,0.0,0.0,0.0,0.0,0.0,0.0,"Feasible(status=11,gap=13.876511)"
969,968,0,0,0,-,0:4|8;1:5|7;2:5|7|8;3:5|6|8;4:7|9;5:0|1|8|9;6:8;7:0|3|4|5|6;8:3|4|5|8;9:0|7|8,0:-;1:-;2:-;3:-;4:-;5:-;6:-;7:-;8:-;9:-,0@0=2;0@1=1;0@2=2;0@3=1;0@4=1;0@5=1;0@8=1;1@2=2;1@4=3;1@5=1;1@8=2;2@0=1;2@1=1;2@3=1;3@1=1;3@3=1;3@5=1;3@7=1;4@2=4;4@3=2;4@4=1;4@8=1;4@7=1;4@6=1;5@2=3;5@3=1;5@4=1;6@2=2;6@3=2;7@1=1;7@4=1;7@5=1;8@2=1;8@6=1;8@9=1;9@0=1,"0,1,2,3,4,5,8,7,6,9",50,36,0,36,0.0,0.0,0.0,0.0,0.0,0.0,0.0,0.0,"Feasible(status=11,gap=13.876511)"
970,969,0,0,0,-,0:4|8;1:5|7;2:5|7|8;3:5|6|8;4:7|9;5:0|1|8|9;6:8;7:0|3|4|5|6;8:3|4|5|8;9:0|7|8,0:-;1:-;2:-;3:-;4:-;5:-;6:-;7:-;8:-;9:-,0@1=2;0@2=1;0@4=3;0@5=1;0@8=1;1@2=1;1@4=1;1@3=1;1@6=1;1@9=2;2@1=1;2@2=1;2@5=1;3@2=1;3@4=1;3@5=1;3@8=1;3@0=3;4@1=1;4@4=3;4@8=1;4@3=1;4@9=1;5@4=1;5@6=1;6@5=2;6@3=1;6@9=1;7@4=2;7@5=1;7@8=1;8@1=1;8@4=1;8@8=1;8@3=1;8@9=1,"1,2,4,5,8,3,6,9,0",46,36,0,36,0.0,0.0,0.0,0.0,0.0,0.0,0.0,0.0,"Feasible(status=11,gap=13.876511)"
971,970,0,0,0,-,0:4|8;1:5|7;2:5|7|8;3:5|6|8;4:7|9;5:0|1|8|9;6:8;7:0|3|4|5|6;8:3|4|5|8;9:0|7|8,0:-;1:-;2:-;3:-;4:-;5:-;6:-;7:-;8:-;9:-,0@0=1;0@3=1;0@8=3;0@9=1;1@0=1;1@2=1;2@5=1;2@6=1;3@0=1;3@8=1;3@2=1;3@5=1;3@4=6;4@0=1;4@8=1;4@2=1;4@4=1;4@1=2;5@9=1;5@5=1;5@1=1;5@7=1;7@8=2;7@9=1;7@2=2;7@1=1;8@0=1;8@8=1;8@9=1;8@4=2;8@1=1,"0,3,8,9,2,5,6,4,1,7",42,31,0,31,0.0,0.0,0.0,0.0,0.0,0.0,0.0,0.0,"Feasible(status=11,gap=13.876511)"
972,971,0,0,0,-,0:4|8;1:5|7;2:5|7|8;3:5|6|8;4:7|9;5:0|1|8|9;6:8;7:0|3|4|5|6;8:3|4|5|8;9:0|7|8,0:-;1:-;2:-;3:-;4:-;5:-;6:-;7:-;8:-;9:-,0@0=1;0@1=1;0@2=1;0@4=4;0@5=2;0@6=2;0@7=1;1@1=1;1@2=1;1@6=1;1@3=1;1@8=1;3@0=1;3@1=1;3@4=1;3@7=1;3@3=1;3@9=1;4@2=2;4@6=2;4@8=1;5@1=1;5@6=1;5@8=1;6@4=1;6@9=1;7@0=1;7@1=2;7@2=1;7@4=1;7@6=1;7@7=1;7@9=1;8@0=1;8@1=2;8@2=2;8@6=2;8@3=2;8@8=1,"0,1,2,4,5,6,7,3,8,9",51,39,0,39,0.0,0.0,0.0,0.0,0.0,0.0,0.0,0.0,"Feasible(status=11,gap=13.876511)"
973,972,0,0,0,-,0:4|8;1:5|7;2:5|7|8;3:5|6|8;4:7|9;5:0|1|8|9;6:8;7:0|3|4|5|6;8:3|4|5|8;9:0|7|8,0:-;1:-;2:-;3:-;4:-;5:-;6:-;7:-;8:-;9:-,0@0=1;0@2=1;0@3=1;0@5=2;0@9=2;1@2=1;1@9=1;1@4=2;1@8=1;3@2=3;3@5=1;3@9=1;3@1=2;4@4=2;4@8=1;4@1=1;4@6=1;5@2=2;5@9=1;5@1=1;6@3=1;6@5=1;6@9=2;6@4=1;6@6=1;7@2=2;8@0=1;8@2=4;8@5=1;8@9=1;8@4=2;8@8=1;8@1=1;8@7=2,"0,2,3,5,9,4,8,1,6,7",49,34,0,34,0.0,0.0,0.0,0.0,0.0,0.0,0.0,0.0,"Feasible(status=11,gap=13.876511)"
974,973,0,0,0,-,0:4|8;1:5|7;2:5|7|8;3:5|6|8;4:7|9;5:0|1|8|9;6:8;7:0|3|4|5|6;8:3|4|5|8;9:0|7|8,0:-;1:-;2:-;3:-;4:-;5:-;6:-;7:-;8:-;9:-,0@0=1;0@1=1;0@2=1;0@5=1;0@7=1;1@1=2;1@3=1;1@4=1;1@6=1;1@8=1;3@4=1;4@1=1;4@5=1;4@7=1;4@4=1;4@6=1;5@4=1;6@4=1;7@0=1;7@1=1;7@2=1;8@2=2;8@3=1;8@8=1,"0,1,2,5,7,3,4,6,8",26,24,0,24,0.0,0.0,0.0,0.0,0.0,0.0,0.0,0.0,"Feasible(status=11,gap=13.876511)"
975,974,0,0,0,-,0:4|8;1:5|7;2:5|7|8;3:5|6|8;4:7|9;5:0|1|8|9;6:8;7:0|3|4|5|6;8:3|4|5|8;9:0|7|8,0:-;1:-;2:-;3:-;4:-;5:-;6:-;7:-;8:-;9:-,0@1=1;0@3=1;0@5=1;0@9=1;1@3=1;1@9=1;1@2=1;1@4=1;1@6=1;2@2=1;4@3=1;4@4=1;6@2=1;7@2=2;7@4=1;8@5=1;8@4=1,"1,3,5,9,2,4,6",18,17,0,17,0.0,0.0,0.0,0.0,0.0,0.0,0.0,0.0,"Feasible(status=11,gap=13.876511)"
976,975,0,0,0,-,0:4|8;1:5|7;2:5|7|8;3:5|6|8;4:7|9;5:0|1|8|9;6:8;7:0|3|4|5|6;8:3|4|5|8;9:0|7|8,0:-;1:-;2:-;3:-;4:-;5:-;6:-;7:-;8:-;9:-,4@0=2;4@2=1;4@4=1;4@8=1;4@9=1;5@6=1;6@0=3;6@2=1;6@4=1;6@1=1;7@0=1;7@4=1;7@8=1;7@3=1;8@4=1;8@6=1;8@1=1,"0,2,4,8,9,6,1,3",20,17,0,17,0.0,0.0,0.0,0.0,0.0,0.0,0.0,0.0,"Feasible(status=11,gap=13.876511)"
977,976,0,0,0,-,0:4|8;1:5|7;2:5|7|8;3:5|6|8;4:7|9;5:0|1|8|9;6:8;7:0|3|4|5|6;8:3|4|5|8;9:0|7|8,0:-;1:-;2:-;3:-;4:-;5:-;6:-;7:-;8:-;9:-,0@1=1;1@1=1;1@0=3;1@3=1;1@4=2;3@1=1;3@0=1;3@4=2;3@2=2;3@6=1;3@7=1;4@1=3;4@3=1;4@4=1;4@2=1;4@6=3;4@5=2;4@9=1;5@2=1;5@7=1;5@9=1;5@8=1;6@1=1;6@0=1;6@4=2;6@2=1;6@6=1;6@9=1;7@1=2;7@4=1;7@6=1;7@7=1;8@1=1;8@3=1;8@4=1;8@2=1;8@7=1;8@5=1;8@8=1,"1,0,3,4,2,6,7,5,9,8",51,39,0,39,0.0,0.0,0.0,0.0,0.0,0.0,0.0,0.0,"Feasible(status=11,gap=13.876511)"
978,977,0,0,0,-,0:4|8;1:5|7;2:5|7|8;3:5|6|8;4:7|9;5:0|1|8|9;6:8;7:0|3|4|5|6;8:3|4|5|8;9:0|7|8,0:-;1:-;2:-;3:-;4:-;5:-;6:-;7:-;8:-;9:-,1@0=2;1@1=1;1@5=1;1@6=1;1@9=1;2@0=1;2@5=1;2@2=1;2@8=1;3@0=2;3@6=2;3@9=1;3@2=1;3@4=2;4@5=1;4@9=1;4@8=1;5@0=1;5@1=1;5@6=1;5@2=2;5@4=2;6@8=1;6@4=2;7@0=1;7@8=1;8@1=2;8@5=2;8@9=2;8@2=2;8@8=1;8@4=2;8@3=4,"0,1,5,6,9,2,8,4,3",48,33,0,33,0.0,0.0,0.0,0.0,0.0,0.0,0.0,0.0,"Feasible(status=11,gap=13.876511)"
979,978,0,0,0,-,0:4|8;1:5|7;2:5|7|8;3:5|6|8;4:7|9;5:0|1|8|9;6:8;7:0|3|4|5|6;8:3|4|5|8;9:0|7|8,0:-;1:-;2:-;3:-;4:-;5:-;6:-;7:-;8:-;9:-,1@2=1;1@4=2;1@7=1;1@8=2;2@2=1;2@6=1;3@2=1;3@4=3;3@7=1;3@1=1;4@2=2;4@4=1;4@1=1;4@3=1;4@9=1;5@7=1;5@1=2;5@0=1;6@2=2;6@7=1;6@1=1;6@0=1;7@4=2;7@7=1;7@8=2;7@1=1;7@9=1;7@0=1;8@4=1;8@7=2;8@1=2;8@3=1;8@9=1;8@5=1,"2,4,7,8,6,1,3,9,0,5",45,34,0,34,0.0,0.0,0.0,0.0,0.0,0.0,0.0,0.0,"Feasible(status=11,gap=13.876511)"
980,979,0,0,0,-,0:4|8;1:5|7;2:5|7|8;3:5|6|8;4:7|9;5:0|1|8|9;6:8;7:0|3|4|5|6;8:3|4|5|8;9:0|7|8,0:-;1:-;2:-;3:-;4:-;5:-;6:-;7:-;8:-;9:-,1@1=2;1@2=1;1@3=2;1@4=1;1@7=1;1@9=1;2@2=1;2@4=1;3@1=1;3@2=1;3@4=1;3@0=1;3@6=1;3@8=1;4@1=1;4@2=2;4@9=2;5@4=1;6@1=2;6@2=1;6@4=1;6@0=1;6@8=1;7@1=1;7@3=1;7@0=1;7@8=1;8@2=1;8@3=1;8@4=3;8@7=1;8@6=2;8@8=2,"1,2,3,4,7,9,0,6,8",42,33,0,33,0.0,0.0,0.0,0.0,0.0,0.0,0.0,0.0,"Feasible(status=11,gap=13.876511)"
981,980,0,0,0,-,0:4|8;1:5|7;2:5|7|8;3:5|6|8;4:7|9;5:0|1|8|9;6:8;7:0|3|4|5|6;8:3|4|5|8;9:0|7|8,0:-;1:-;2:-;3:-;4:-;5:-;6:-;7:-;8:-;9:-,1@2=1;1@4=1;1@5=1;1@8=2;4@2=1;4@4=3;4@1=2;6@8=1;6@1=1;6@6=1;7@2=1;7@4=1;7@8=1;7@6=1;7@0=1;7@3=1;7@9=1;8@2=2;8@1=3,"2,4,5,8,1,6,0,3,9",26,19,0,19,0.0,0.0,0.0,0.0,0.0,0.0,0.0,0.0,"Feasible(status=11,gap=13.876511)"
982,981,0,0,0,-,0:4|8;1:5|7;2:5|7|8;3:5|6|8;4:7|9;5:0|1|8|9;6:8;7:0|3|4|5|6;8:3|4|5|8;9:0|7|8,0:-;1:-;2:-;3:-;4:-;5:-;6:-;7:-;8:-;9:-,0@2=1;1@3=1;1@4=2;1@7=1;2@3=1;2@1=1;4@2=2;4@4=1;4@7=1;4@5=1;4@6=1;4@8=1;6@4=1;8@2=2;8@3=3;8@1=1;8@6=2;8@8=1;8@9=1;9@2=1;9@4=1,"2,3,4,7,1,5,6,8,9",27,21,0,21,0.0,0.0,0.0,0.0,0.0,0.0,0.0,0.0,"Feasible(status=11,gap=13.876511)"
983,982,0,0,0,-,0:4|8;1:5|7;2:5|7|8;3:5|6|8;4:7|9;5:0|1|8|9;6:8;7:0|3|4|5|6;8:3|4|5|8;9:0|7|8,0:-;1:-;2:-;3:-;4:-;5:-;6:-;7:-;8:-;9:-,1@2=3;1@4=2;1@5=1;4@2=1;4@4=2;4@5=1;4@0=1;4@3=1;4@6=2;4@8=1;6@2=2;6@4=1;6@0=1;6@6=1;7@2=3;7@4=1;8@2=1;8@4=4;8@3=1;8@8=2;8@1=2;8@7=1,"2,4,5,0,3,6,8,1,7",35,22,0,22,0.0,0.0,0.0,0.0,0.0,0.0,0.0,0.0,"Feasible(status=11,gap=13.876511)"
984,983,0,0,0,-,0:4|8;1:5|7;2:5|7|8;3:5|6|8;4:7|9;5:0|1|8|9;6:8;7:0|3|4|5|6;8:3|4|5|8;9:0|7|8,0:-;1:-;2:-;3:-;4:-;5:-;6:-;7:-;8:-;9:-,1@2=1;1@3=1;1@4=1;1@5=1;1@7=2;2@4=1;2@5=1;2@6=1;3@3=1;4@2=1;4@4=1;4@5=1;4@7=1;4@0=1;4@1=2;5@2=1;5@1=1;5@9=1;6@2=2;6@7=1;6@1=2;6@8=1;7@3=1;7@4=3;7@5=1;8@4=1;8@5=1;8@6=2;8@9=1,"2,3,4,5,7,6,0,1,9,8",36,29,0,29,0.0,0.0,0.0,0.0,0.0,0.0,0.0,0.0,"Feasible(status=11,gap=13.876511)"
985,984,0,0,0,-,0:4|8;1:5|7;2:5|7|8;3:5|6|8;4:7|9;5:0|1|8|9;6:8;7:0|3|4|5|6;8:3|4|5|8;9:0|7|8,0:-;1:-;2:-;3:-;4:-;5:-;6:-;7:-;8:-;9:-,1@1=1;1@2=1;1@3=1;1@4=1;1@5=1;1@6=1;1@9=1;3@5=1;3@7=1;4@2=2;4@3=1;4@4=1;4@5=1;4@6=1;4@8=2;5@2=1;5@3=2;5@6=2;5@0=1;6@1=2;6@2=2;6@8=2;7@4=2;7@5=1;7@9=2;7@7=2;7@0=1;8@2=2;8@3=1;8@4=2;8@5=1;8@8=1,"1,2,3,4,5,6,9,7,8,0",44,32,0,32,0.0,0.0,0.0,0.0,0.0,0.0,0.0,0.0,"Feasible(status=11,gap=13.876511)"
986,985,0,0,0,-,0:4|8;1:5|7;2:5|7|8;3:5|6|8;4:7|9;5:0|1|8|9;6:8;7:0|3|4|5|6;8:3|4|5|8;9:0|7|8,0:-;1:-;2:-;3:-;4:-;5:-;6:-;7:-;8:-;9:-,1@2=1;1@4=1;1@7=1;1@9=1;2@2=1;3@2=4;3@4=2;3@0=1;4@2=2;4@4=1;4@9=1;4@6=1;5@2=1;5@9=1;5@1=1;6@2=1;6@4=2;7@2=1;7@4=3;7@3=1;7@5=1;7@8=2;8@2=1;8@4=1;8@9=2;8@6=2;8@1=1;8@5=1;8@8=1,"2,4,7,9,0,6,1,3,5,8",40,29,0,29,0.0,0.0,0.0,0.0,0.0,0.0,0.0,0.0,"Feasible(status=11,gap=13.876511)"
987,986,0,0,0,-,0:4|8;1:5|7;2:5|7|8;3:5|6|8;4:7|9;5:0|1|8|9;6:8;7:0|3|4|5|6;8:3|4|5|8;9:0|7|8,0:-;1:-;2:-;3:-;4:-;5:-;6:-;7:-;8:-;9:-,0@7=1;1@1=1;1@2=1;1@5=1;1@9=1;3@2=1;3@0=1;4@7=2;4@1=1;4@2=1;4@0=1;4@3=1;5@1=1;6@1=1;6@2=1;6@0=1;6@4=1;6@6=1;7@2=1;7@4=1;7@6=1;8@7=1;8@0=2;8@4=2,"7,1,2,5,9,0,3,4,6",27,24,0,24,0.0,0.0,0.0,0.0,0.0,0.0,0.0,0.0,"Feasible(status=11,gap=13.876511)"
988,987,0,0,0,-,0:4|8;1:5|7;2:5|7|8;3:5|6|8;4:7|9;5:0|1|8|9;6:8;7:0|3|4|5|6;8:3|4|5|8;9:0|7|8,0:-;1:-;2:-;3:-;4:-;5:-;6:-;7:-;8:-;9:-,1@0=3;1@1=1;1@2=2;1@4=2;1@8=3;1@9=1;4@4=1;5@0=1;5@2=1;5@8=1;6@2=1;6@6=1;7@1=1;7@7=1;8@2=1;8@4=1;8@9=1;8@6=1;8@7=1;8@3=1,"0,1,2,4,8,9,6,7,3",26,20,0,20,0.0,0.0,0.0,0.0,0.0,0.0,0.0,0.0,"Feasible(status=11,gap=13.876511)"
989,988,0,0,0,-,0:4|8;1:5|7;2:5|7|8;3:5|6|8;4:7|9;5:0|1|8|9;6:8;7:0|3|4|5|6;8:3|4|5|8;9:0|7|8,0:-;1:-;2:-;3:-;4:-;5:-;6:-;7:-;8:-;9:-,1@2=1;1@3=1;1@7=1;2@0=1;2@5=1;2@9=1;3@2=1;4@2=1;4@9=1;4@4=1;6@4=2;6@8=1;8@2=1;8@9=1;8@4=2;8@1=1;9@0=1,"2,3,7,0,5,9,4,8,1",19,17,0,17,0.0,0.0,0.0,0.0,0.0,0.0,0.0,0.0,"Feasible(status=11,gap=13.876511)"
990,989,0,0,0,-,0:4|8;1:5|7;2:5|7|8;3:5|6|8;4:7|9;5:0|1|8|9;6:8;7:0|3|4|5|6;8:3|4|5|8;9:0|7|8,0:-;1:-;2:-;3:-;4:-;5:-;6:-;7:-;8:-;9:-,0@1=2;0@5=2;1@2=1;1@4=2;1@7=1;2@8=1;4@1=1;4@5=3;4@2=2;4@4=2;4@7=1;4@3=3;4@9=3;5@5=1;6@4=1;7@1=2;7@5=1;7@2=1;7@7=2;7@8=1;7@0=1;8@1=4;8@4=3;8@7=1;8@8=1;8@0=2,"1,5,2,4,7,8,3,9,0",45,26,0,26,0.0,0.0,0.0,0.0,0.0,0.0,0.0,0.0,"Feasible(status=11,gap=13.876511)"
991,990,0,0,0,-,0:4|8;1:5|7;2:5|7|8;3:5|6|8;4:7|9;5:0|1|8|9;6:8;7:0|3|4|5|6;8:3|4|5|8;9:0|7|8,0:-;1:-;2:-;3:-;4:-;5:-;6:-;7:-;8:-;9:-,0@0=1;0@2=3;0@3=1;0@4=3;0@5=2;0@6=1;0@7=1;0@9=1;1@4=3;1@7=1;1@9=2;1@1=2;2@5=1;4@2=2;4@3=1;4@4=1;4@6=1;4@1=1;4@8=1;5@2=1;5@7=1;6@0=1;6@4=1;6@5=1;6@7=1;6@9=1;6@1=1;7@0=2;7@2=3;7@5=1;7@6=1;7@9=1;7@1=1;8@2=2;8@3=1;8@4=6;8@7=2;8@9=1;8@1=2;8@8=2,"0,2,3,4,5,6,7,9,1,8",62,40,0,40,0.0,0.0,0.0,0.0,0.0,0.0,0.0,0.0,"Feasible(status=11,gap=13.876511)"
992,991,0,0,0,-,0:4|8;1:5|7;2:5|7|8;3:5|6|8;4:7|9;5:0|1|8|9;6:8;7:0|3|4|5|6;8:3|4|5|8;9:0|7|8,0:-;1:-;2:-;3:-;4:-;5:-;6:-;7:-;8:-;9:-,0@1=1;0@4=1;0@8=1;0@9=2;1@4=1;1@8=3;1@9=1;1@2=1;1@7=2;2@4=1;3@4=2;3@2=2;4@4=1;4@8=4;4@2=2;4@7=1;4@3=1;4@6=1;5@4=3;5@9=1;5@3=1;5@0=1;5@5=1;6@9=1;6@2=1;6@6=1;6@0=2;7@1=2;7@4=1;7@9=1;7@3=1;7@6=1;8@4=1;8@2=1;8@7=2;8@6=1;9@4=1;9@3=1,"1,4,8,9,2,7,3,6,0,5",53,38,0,38,0.0,0.0,0.0,0.0,0.0,0.0,0.0,0.0,"Feasible(status=11,gap=13.876511)"
993,992,0,0,0,-,0:4|8;1:5|7;2:5|7|8;3:5|6|8;4:7|9;5:0|1|8|9;6:8;7:0|3|4|5|6;8:3|4|5|8;9:0|7|8,0:-;1:-;2:-;3:-;4:-;5:-;6:-;7:-;8:-;9:-,0@0=1;0@1=1;0@2=5;0@3=1;0@4=2;0@6=1;1@1=1;1@3=1;1@7=1;1@9=1;2@4=1;2@9=1;2@5=1;3@2=4;3@4=2;3@7=2;3@9=1;3@8=1;4@0=1;4@2=1;4@3=1;4@7=1;4@9=2;5@2=1;5@4=1;5@7=1;5@8=1;6@2=1;6@3=1;6@4=3;6@6=1;6@9=2;7@2=2;7@8=1;8@0=2;8@1=2;8@3=2;8@4=1;8@6=1;8@7=1;8@8=1,"0,1,2,3,4,6,7,9,5,8",59,41,0,41,0.0,0.0,0.0,0.0,0.0,0.0,0.0,0.0,"Feasible(status=11,gap=13.876511)"
994,993,0,0,0,-,0:4|8;1:5|7;2:5|7|8;3:5|6|8;4:7|9;5:0|1|8|9;6:8;7:0|3|4|5|6;8:3|4|5|8;9:0|7|8,0:-;1:-;2:-;3:-;4:-;5:-;6:-;7:-;8:-;9:-,0@1=1;0@2=2;0@7=1;1@1=1;1@2=2;1@7=1;1@4=4;1@5=1;1@6=1;1@9=2;2@2=1;2@6=1;2@9=1;3@1=1;3@2=3;3@6=1;3@9=1;3@0=1;3@8=1;4@1=1;4@2=1;4@7=1;4@5=1;4@0=1;4@3=1;5@2=1;5@8=1;6@1=1;6@7=1;6@4=1;6@5=1;7@2=2;7@0=1;7@8=1;8@4=2;8@5=2;8@6=1;8@0=1;8@3=1,"1,2,7,4,5,6,9,0,8,3",50,39,0,39,0.0,0.0,0.0,0.0,0.0,0.0,0.0,0.0,"Feasible(status=11,gap=13.876511)"
995,994,0,0,0,-,0:4|8;1:5|7;2:5|7|8;3:5|6|8;4:7|9;5:0|1|8|9;6:8;7:0|3|4|5|6;8:3|4|5|8;9:0|7|8,0:-;1:-;2:-;3:-;4:-;5:-;6:-;7:-;8:-;9:-,0@1=1;0@3=1;0@7=1;0@9=1;1@7=1;2@2=1;2@4=1;3@1=1;3@9=1;3@4=2;4@6=1;5@1=1;5@0=1;5@5=1;6@2=1;7@7=1;7@2=1;8@1=1;8@9=1;8@2=1;8@4=1,"1,3,7,9,2,4,6,0,5",22,21,0,21,0.0,0.0,0.0,0.0,0.0,0.0,0.0,0.0,"Feasible(status=11,gap=13.876511)"
996,995,0,0,0,-,0:4|8;1:5|7;2:5|7|8;3:5|6|8;4:7|9;5:0|1|8|9;6:8;7:0|3|4|5|6;8:3|4|5|8;9:0|7|8,0:-;1:-;2:-;3:-;4:-;5:-;6:-;7:-;8:-;9:-,0@4=1;1@6=1;1@7=1;3@4=1;3@0=1;3@2=2;3@8=4;4@4=1;4@7=1;4@2=1;5@7=1;5@2=1;5@9=1;6@7=1;6@1=1;7@4=1;7@6=1;7@7=1;7@2=1;7@1=1;8@0=2,"4,6,7,0,2,8,9,1",26,21,0,21,0.0,0.0,0.0,0.0,0.0,0.0,0.0,0.0,"Feasible(status=11,gap=13.876511)"
997,996,0,0,0,-,0:4|8;1:5|7;2:5|7|8;3:5|6|8;4:7|9;5:0|1|8|9;6:8;7:0|3|4|5|6;8:3|4|5|8;9:0|7|8,0:-;1:-;2:-;3:-;4:-;5:-;6:-;7:-;8:-;9:-,0@1=2;0@2=1;1@1=1;1@2=1;1@3=1;1@4=1;1@5=1;1@7=1;1@8=1;2@4=1;3@2=1;3@3=1;3@4=1;3@5=1;3@7=1;3@0=1;3@6=2;4@2=2;4@4=2;4@8=1;4@6=1;5@1=1;5@2=2;5@8=1;5@0=1;6@1=1;6@2=1;6@4=1;6@5=2;7@1=2;7@2=1;7@3=1;7@4=3;7@9=1;8@1=1;8@2=6;8@3=1;8@4=4;8@0=1;8@6=1,"1,2,3,4,5,7,8,0,6,9",57,40,0,40,0.0,0.0,0.0,0.0,0.0,0.0,0.0,0.0,"Feasible(status=11,gap=13.876511)"
998,997,0,0,0,-,0:4|8;1:5|7;2:5|7|8;3:5|6|8;4:7|9;5:0|1|8|9;6:8;7:0|3|4|5|6;8:3|4|5|8;9:0|7|8,0:-;1:-;2:-;3:-;4:-;5:-;6:-;7:-;8:-;9:-,0@2=4;0@4=2;0@8=1;1@2=3;1@1=1;1@5=1;2@1=1;2@5=1;2@3=1;3@2=1;3@4=1;3@1=1;3@3=2;3@0=1;3@9=2;4@2=1;4@4=2;4@3=1;4@6=2;5@4=2;5@8=1;5@1=1;5@5=1;5@3=1;5@0=1;6@8=1;6@1=1;6@0=1;6@9=1;7@2=1;7@4=1;7@8=1;7@5=1;7@0=1;8@3=1;8@0=1,"2,4,8,1,5,3,0,9,6",47,36,0,36,0.0,0.0,0.0,0.0,0.0,0.0,0.0,0.0,"Feasible(status=11,gap=13.876511)"
999,998,0,0,0,-,0:4|8;1:5|7;2:5|7|8;3:5|6|8;4:7|9;5:0|1|8|9;6:8;7:0|3|4|5|6;8:3|4|5|8;9:0|7|8,0:-;1:-;2:-;3:-;4:-;5:-;6:-;7:-;8:-;9:-,0@0=1;0@4=1;0@6=1;0@7=1;0@8=1;1@4=2;1@8=1;1@5=1;2@6=1;2@5=1;2@3=1;3@4=4;3@7=2;3@1=1;3@2=1;4@0=1;4@4=1;4@5=1;4@1=1;5@7=1;5@1=1;6@8=1;6@1=1;6@2=2;7@4=1;7@5=1;7@2=3;8@4=2;8@6=2;8@7=2;8@8=1;8@5=2;8@3=1;8@1=1;8@2=2;8@9=1,"0,4,6,7,8,5,3,1,2,9",49,36,0,36,0.0,0.0,0.0,0.0,0.0,0.0,0.0,0.0,"Feasible(status=11,gap=13.876511)"
1000,999,0,0,0,-,0:4|8;1:5|7;2:5|7|8;3:5|6|8;4:7|9;5:0|1|8|9;6:8;7:0|3|4|5|6;8:3|4|5|8;9:0|7|8,0:-;1:-;2:-;3:-;4:-;5:-;6:-;7:-;8:-;9:-,0@0=2;0@1=3;0@2=1;0@4=1;0@5=1;0@7=1;0@8=1;1@0=2;1@2=1;1@4=1;1@5=1;1@7=1;1@6=1;3@2=2;3@7=2;4@1=1;4@4=1;4@3=1;5@0=1;5@1=3;5@2=2;5@8=1;6@2=1;7@0=3;7@4=1;7@5=1;7@7=1;8@0=1;8@2=3;8@5=2;8@7=2;8@8=2;8@6=1,"0,1,2,4,5,7,8,6,3",49,33,0,33,0.0,0.0,0.0,0.0,0.0,0.0,0.0,0.0,"Feasible(status=11,gap=13.876511)"
1001,1000,0,0,0,-,0:4|8;1:5|7;2:5|7|8;3:5|6|8;4:7|9;5:0|1|8|9;6:8;7:0|3|4|5|6;8:3|4|5|8;9:0|7|8,0:-;1:-;2:-;3:-;4:-;5:-;6:-;7:-;8:-;9:-,1@0=1;1@4=1;2@2=1;3@4=1;3@8=1;3@9=1;5@2=3;5@1=1;6@2=1;6@8=1;6@1=1;7@4=1;8@0=2;8@4=4;8@1=1;8@5=1;8@6=1,"0,4,2,8,9,1,5,6",23,17,0,17,0.0,0.0,0.0,0.0,0.0,0.0,0.0,0.0,"Feasible(status=11,gap=13.876511)"
1002,1001,0,0,0,-,0:4|8;1:5|7;2:5|7|8;3:5|6|8;4:7|9;5:0|1|8|9;6:8;7:0|3|4|5|6;8:3|4|5|8;9:0|7|8,0:-;1:-;2:-;3:-;4:-;5:-;6:-;7:-;8:-;9:-,1@1=1;1@5=1;1@7=1;1@9=1;2@4=1;3@1=1;3@7=2;3@2=1;5@5=2;5@6=1;6@4=1;7@9=1;7@4=1;8@7=1;8@6=1;8@8=1,"1,5,7,9,4,2,6,8",18,16,0,16,0.0,0.0,0.0,0.0,0.0,0.0,0.0,0.0,"Feasible(status=11,gap=13.876511)"
1003,1002,0,0,0,-,0:4|8;1:5|7;2:5|7|8;3:5|6|8;4:7|9;5:0|1|8|9;6:8;7:0|3|4|5|6;8:3|4|5|8;9:0|7|8,0:-;1:-;2:-;3:-;4:-;5:-;6:-;7:-;8:-;9:-,1@0=2;1@2=1;1@6=1;2@1=1;3@2=1;3@4=1;3@7=1;4@2=1;4@4=1;5@4=1;6@2=1;6@1=1;6@9=1;7@0=1;7@2=1;7@1=1;7@9=1;8@4=2,"0,2,6,1,4,7,9",20,18,0,18,0.0,0.0,0.0,0.0,0.0,0.0,0.0,0.0,"Feasible(status=11,gap=13.876511)"
1004,1003,0,0,0,-,0:4|8;1:5|7;2:5|7|8;3:5|6|8;4:7|9;5:0|1|8|9;6:8;7:0|3|4|5|6;8:3|4|5|8;9:0|7|8,0:-;1:-;2:-;3:-;4:-;5:-;6:-;7:-;8:-;9:-,0@4=1;1@4=2;1@0=2;1@1=1;1@3=1;1@9=1;3@4=1;3@1=1;3@2=2;3@7=1;3@8=1;4@4=1;4@1=1;4@3=1;4@7=2;4@8=2;4@6=1;5@0=1;5@3=2;5@2=1;5@8=1;6@3=1;6@7=1;7@4=1;7@0=1;7@2=2;7@5=1;8@4=3;8@0=1;8@2=2;8@7=1;8@8=1;8@6=2,"4,0,1,3,9,2,7,8,6,5",44,33,0,33,0.0,0.0,0.0,0.0,0.0,0.0,0.0,0.0,"Feasible(status=11,gap=13.876511)"
1005,1004,0,0,0,-,0:4|8;1:5|7;2:5|7|8;3:5|6|8;4:7|9;5:0|1|8|9;6:8;7:0|3|4|5|6;8:3|4|5|8;9:0|7|8,0:-;1:-;2:-;3:-;4:-;5:-;6:-;7:-;8:-;9:-,0@1=1;0@2=3;0@3=3;0@7=1;0@9=2;1@1=3;1@3=1;1@7=1;1@9=1;1@0=2;1@4=1;2@4=1;3@1=2;3@2=2;3@3=1;3@7=2;3@9=2;3@0=1;3@6=1;3@8=2;4@7=1;4@9=1;4@4=1;5@4=1;7@2=2;7@0=1;7@4=1;8@1=2;8@2=2;8@3=2;8@7=1;8@4=1;8@6=2;8@5=1,"1,2,3,7,9,0,4,6,8,5",52,34,0,34,0.0,0.0,0.0,0.0,0.0,0.0,0.0,0.0,"Feasible(status=11,gap=13.876511)"
1006,1005,0,0,0,-,0:4|8;1:5|7;2:5|7|8;3:5|6|8;4:7|9;5:0|1|8|9;6:8;7:0|3|4|5|6;8:3|4|5|8;9:0|7|8,0:-;1:-;2:-;3:-;4:-;5:-;6:-;7:-;8:-;9:-,0@5=1;0@6=2;0@7=1;1@5=2;1@1=2;1@4=2;2@1=1;2@4=1;3@2=2;4@5=1;4@7=1;4@4=3;4@2=2;4@8=2;5@7=1;5@1=1;5@4=2;5@2=1;5@0=1;5@9=1;7@5=1;7@7=1;7@4=1;7@2=1;7@9=1;8@5=1;8@1=1;8@2=1,"5,6,7,1,4,2,8,0,9",38,28,0,28,0.0,0.0,0.0,0.0,0.0,0.0,0.0,0.0,"Feasible(status=11,gap=13.876511)"
1007,1006,0,0,0,-,0:4|8;1:5|7;2:5|7|8;3:5|6|8;4:7|9;5:0|1|8|9;6:8;7:0|3|4|5|6;8:3|4|5|8;9:0|7|8,0:-;1:-;2:-;3:-;4:-;5:-;6:-;7:-;8:-;9:-,0@0=1;0@1=2;0@2=4;0@3=1;0@4=1;0@5=1;0@7=1;1@2=2;1@4=3;1@8=3;2@5=1;3@2=3;3@3=1;3@4=3;3@5=2;4@1=2;4@2=1;4@4=3;4@5=1;5@1=1;5@4=1;5@5=1;5@9=3;6@1=2;6@2=2;6@3=1;6@7=1;7@5=1;7@8=1;8@0=2;8@1=2;8@4=1;8@9=1,"0,1,2,3,4,5,7,8,9",56,33,0,33,0.0,0.0,0.0,0.0,0.0,0.0,0.0,0.0,"Feasible(status=11,gap=13.876511)"
1008,1007,0,0,0,-,0:4|8;1:5|7;2:5|7|8;3:5|6|8;4:7|9;5:0|1|8|9;6:8;7:0|3|4|5|6;8:3|4|5|8;9:0|7|8,0:-;1:-;2:-;3:-;4:-;5:-;6:-;7:-;8:-;9:-,0@1=1;0@2=1;0@7=3;0@8=1;0@9=1;1@1=2;1@2=3;1@9=1;1@4=2;2@2=1;3@1=1;3@7=2;3@8=1;3@9=1;3@4=1;3@3=1;3@5=1;4@1=2;4@2=2;4@4=2;4@0=1;5@2=2;5@0=1;6@1=3;6@7=2;7@2=1;7@4=1;7@5=1;8@1=1;8@2=1;8@7=1;8@4=1;8@3=1;8@6=1,"1,2,7,8,9,4,3,5,0,6",48,34,0,34,0.0,0.0,0.0,0.0,0.0,0.0,0.0,0.0,"Feasible(status=11,gap=13.876511)"
1009,1008,0,0,0,-,0:4|8;1:5|7;2:5|7|8;3:5|6|8;4:7|9;5:0|1|8|9;6:8;7:0|3|4|5|6;8:3|4|5|8;9:0|7|8,0:-;1:-;2:-;3:-;4:-;5:-;6:-;7:-;8:-;9:-,0@0=2;0@2=2;0@4=1;0@5=1;0@7=1;0@9=1;1@9=1;1@3=1;2@7=1;3@4=1;3@9=1;3@3=1;4@4=3;4@1=3;4@6=1;5@4=2;5@1=1;6@4=1;6@3=1;7@0=1;7@2=1;7@5=1;7@9=1;7@3=1;8@2=2;8@4=2;8@5=1;8@9=1;8@3=1;8@1=1;9@4=1;9@3=1,"0,2,4,5,7,9,3,1,6",41,32,0,32,0.0,0.0,0.0,0.0,0.0,0.0,0.0,0.0,"Feasible(status=11,gap=13.876511)"
1010,1009,0,0,0,-,0:4|8;1:5|7;2:5|7|8;3:5|6|8;4:7|9;5:0|1|8|9;6:8;7:0|3|4|5|6;8:3|4|5|8;9:0|7|8,0:-;1:-;2:-;3:-;4:-;5:-;6:-;7:-;8:-;9:-,0@1=1;0@2=1;0@6=1;0@8=2;1@8=1;1@0=1;1@4=2;1@5=1;1@7=1;1@9=1;4@1=2;4@2=1;5@0=1;5@7=2;7@1=1;7@4=1;8@1=2;8@2=2;8@5=1,"1,2,6,8,0,4,5,7,9",25,19,0,19,0.0,0.0,0.0,0.0,0.0,0.0,0.0,0.0,"Feasible(status=11,gap=13.876511)"
1011,1010,0,0,0,-,0:4|8;1:5|7;2:5|7|8;3:5|6|8;4:7|9;5:0|1|8|9;6:8;7:0|3|4|5|6;8:3|4|5|8;9:0|7|8,0:-;1:-;2:-;3:-;4:-;5:-;6:-;7:-;8:-;9:-,0@0=1;0@1=2;0@2=2;0@3=1;0@8=3;1@1=1;1@2=1;1@3=1;1@8=1;1@4=1;1@6=1;1@7=1;1@9=1;2@0=1;3@2=1;3@8=1;3@4=1;3@9=1;3@5=1;4@2=1;4@3=1;4@4=1;4@9=1;5@0=1;5@8=1;5@4=2;7@0=1;7@1=2;7@3=1;7@4=1;7@9=1;8@1=1;8@2=3;8@3=1;8@4=2;8@6=1;8@7=1,"0,1,2,3,8,4,6,7,9,5",46,37,0,37,0.0,0.0,0.0,0.0,0.0,0.0,0.0,0.0,"Feasible(status=11,gap=13.876511)"
1012,1011,0,0,0,-,0:4|8;1:5|7;2:5|7|8;3:5|6|8;4:7|9;5:0|1|8|9;6:8;7:0|3|4|5|6;8:3|4|5|8;9:0|7|8,0:-;1:-;2:-;3:-;4:-;5:-;6:-;7:-;8:-;9:-,0@1=1;0@2=2;0@3=1;0@4=1;0@8=1;0@9=1;1@2=4;1@3=1;1@4=1;1@6=1;1@7=1;2@8=1;3@2=3;3@3=3;3@4=1;4@4=1;4@8=3;4@7=1;4@5=3;5@4=2;6@4=1;7@1=1;7@2=1;7@4=1;7@6=1;7@5=1;8@2=2;8@4=3;8@6=1;8@7=1,"1,2,3,4,8,9,6,7,5",46,30,0,30,0.0,0.0,0.0,0.0,0.0,0.0,0.0,0.0,"Feasible(status=11,gap=13.876511)"
1013,1012,0,0,0,-,0:4|8;1:5|7;2:5|7|8;3:5|6|8;4:7|9;5:0|1|8|9;6:8;7:0|3|4|5|6;8:3|4|5|8;9:0|7|8,0:-;1:-;2:-;3:-;4:-;5:-;6:-;7:-;8:-;9:-,0@0=1;0@1=1;0@3=1;0@5=1;0@6=2;0@7=1;0@8=2;0@9=1;1@0=1;1@8=1;1@9=1;1@2=3;3@3=1;3@6=1;4@0=2;4@1=1;4@3=2;4@5=1;4@8=1;4@2=1;4@4=2;5@3=1;5@6=1;5@9=1;5@4=1;6@1=2;6@4=1;7@0=1;7@8=1;7@2=1;8@0=2;8@7=1;8@9=3;8@4=1,"0,1,3,5,6,7,8,9,2,4",45,34,0,34,0.0,0.0,0.0,0.0,0.0,0.0,0.0,0.0,"Feasible(status=11,gap=13.876511)"
1014,1013,0,0,0,-,0:4|8;1:5|7;2:5|7|8;3:5|6|8;4:7|9;5:0|1|8|9;6:8;7:0|3|4|5|6;8:3|4|5|8;9:0|7|8,0:-;1:-;2:-;3:-;4:-;5:-;6:-;7:-;8:-;9:-,0@0=1;0@1=4;0@2=2;0@8=1;0@9=1;1@2=1;1@3=1;1@4=2;1@5=1;1@6=1;1@7=1;2@2=1;2@7=1;3@1=1;3@9=1;3@4=1;3@7=1;4@1=2;4@6=2;5@0=1;5@4=1;5@5=1;5@7=1;6@1=3;6@9=1;6@5=1;6@7=2;7@0=1;7@4=1;8@1=2;8@2=4;8@4=1,"0,1,2,8,9,3,4,5,6,7",46,32,0,32,0.0,0.0,0.0,0.0,0.0,0.0,0.0,0.0,"Feasible(status=11,gap=13.876511)"
1015,1014,0,0,0,-,0:4|8;1:5|7;2:5|7|8;3:5|6|8;4:7|9;5:0|1|8|9;6:8;7:0|3|4|5|6;8:3|4|5|8;9:0|7|8,0:-;1:-;2:-;3:-;4:-;5:-;6:-;7:-;8:-;9:-,0@1=1;0@2=1;0@3=1;0@4=1;0@5=1;0@8=1;0@9=1;1@2=3;1@3=1;1@4=1;3@1=1;3@4=1;3@0=1;3@6=1;4@4=1;4@5=1;4@8=1;5@9=1;6@9=1;7@4=1;7@5=1;8@1=1;8@2=1;8@4=1;8@8=1;9@2=1,"1,2,3,4,5,8,9,0,6",28,26,0,26,0.0,0.0,0.0,0.0,0.0,0.0,0.0,0.0,"Feasible(status=11,gap=13.876511)"
1016,1015,0,0,0,-,0:4|8;1:5|7;2:5|7|8;3:5|6|8;4:7|9;5:0|1|8|9;6:8;7:0|3|4|5|6;8:3|4|5|8;9:0|7|8,0:-;1:-;2:-;3:-;4:-;5:-;6:-;7:-;8:-;9:-,0@2=2;0@6=1;1@5=2;2@2=1;3@0=1;3@9=1;4@2=1;5@2=1;5@9=1;5@7=1;6@7=1;6@3=1;6@4=1;6@8=1;7@2=1;8@2=2;8@6=1;8@5=1;8@0=1;8@7=1;8@3=2;8@8=1;8@1=1,"2,6,5,0,9,7,3,4,8,1",27,23,0,23,0.0,0.0,0.0,0.0,0.0,0.0,0.0,0.0,"Feasible(status=11,gap=13.876511)"
1017,1016,0,0,0,-,0:4|8;1:5|7;2:5|7|8;3:5|6|8;4:7|9;5:0|1|8|9;6:8;7:0|3|4|5|6;8:3|4|5|8;9:0|7|8,0:-;1:-;2:-;3:-;4:-;5:-;6:-;7:-;8:-;9:-,0@0=1;0@2=2;0@8=2;1@2=2;1@1=3;1@3=2;1@6=1;1@7=1;1@9=2;2@2=1;3@2=2;3@4=2;4@2=3;4@4=3;5@2=2;6@2=1;6@7=1;7@2=1;7@1=2;8@6=1,"0,2,8,1,3,6,7,9,4",35,20,0,20,0.0,0.0,0.0,0.0,0.0,0.0,0.0,0.0,"Feasible(status=11,gap=13.876511)"
1018,1017,0,0,0,-,0:4|8;1:5|7;2:5|7|8;3:5|6|8;4:7|9;5:0|1|8|9;6:8;7:0|3|4|5|6;8:3|4|5|8;9:0|7|8,0:-;1:-;2:-;3:-;4:-;5:-;6:-;7:-;8:-;9:-,0@1=1;0@2=1;0@3=1;0@4=2;0@5=1;0@6=1;0@9=3;1@1=2;1@2=1;1@3=1;1@4=2;1@6=1;1@9=1;1@7=1;2@4=1;3@1=1;3@2=3;3@3=2;3@4=1;3@5=3;3@6=1;3@9=2;3@0=2;3@8=1;4@1=2;4@2=2;4@4=3;4@6=2;5@1=1;5@2=2;5@3=2;5@6=2;5@0=1;6@4=1;6@6=1;7@3=1;7@6=2;7@7=1;8@2=2;8@5=1;8@6=1;8@0=1;9@1=1,"1,2,3,4,5,6,9,7,0,8",65,43,0,43,0.0,0.0,0.0,0.0,0.0,0.0,0.0,0.0,"Feasible(status=11,gap=13.876511)"
1019,1018,0,0,0,-,0:4|8;1:5|7;2:5|7|8;3:5|6|8;4:7|9;5:0|1|8|9;6:8;7:0|3|4|5|6;8:3|4|5|8;9:0|7|8,0:-;1:-;2:-;3:-;4:-;5:-;6:-;7:-;8:-;9:-,0@0=1;0@1=1;0@2=2;0@4=2;0@5=1;0@6=1;0@7=2;0@8=4;0@9=2;1@0=2;1@1=1;1@2=1;1@4=1;1@6=1;1@8=1;1@3=1;3@1=1;3@2=1;3@4=1;3@6=1;3@9=2;3@3=1;4@0=1;4@2=1;4@4=1;4@6=1;4@7=1;5@2=2;5@4=3;5@7=1;5@9=1;6@2=3;6@4=1;6@7=2;7@0=1;7@2=2;7@4=1;7@5=1;7@7=1;7@3=1;8@1=1;8@4=2;8@7=1;8@3=1,"0,1,2,4,5,6,7,8,9,3",61,44,0,44,0.0,0.0,0.0,0.0,0.0,0.0,0.0,0.0,"Feasible(status=11,gap=13.876511)"
1020,1019,0,0,0,-,0:4|8;1:5|7;2:5|7|8;3:5|6|8;4:7|9;5:0|1|8|9;6:8;7:0|3|4|5|6;8:3|4|5|8;9:0|7|8,0:-;1:-;2:-;3:-;4:-;5:-;6:-;7:-;8:-;9:-,0@1=2;0@2=1;0@3=2;0@4=1;0@6=3;1@2=3;1@4=1;1@6=1;1@5=1;1@7=1;1@8=1;2@2=1;2@9=2;3@4=3;3@7=2;3@8=1;3@9=1;3@0=1;4@1=1;4@2=3;4@4=1;4@6=1;4@5=1;4@0=1;5@8=1;6@1=2;6@5=1;6@7=1;6@8=1;6@0=1;7@2=2;7@8=1;8@2=2;8@3=2;8@4=1;8@6=1;8@9=1;8@0=1,"1,2,3,4,6,5,7,8,9,0",54,38,0,38,0.0,0.0,0.0,0.0,0.0,0.0,0.0,0.0,"Feasible(status=11,gap=13.876511)"
1021,1020,0,0,0,-,0:4|8;1:5|7;2:5|7|8;3:5|6|8;4:7|9;5:0|1|8|9;6:8;7:0|3|4|5|6;8:3|4|5|8;9:0|7|8,0:-;1:-;2:-;3:-;4:-;5:-;6:-;7:-;8:-;9:-,0@1=1;0@2=1;0@3=2;0@4=1;0@5=1;0@6=2;1@1=2;1@2=1;1@4=1;2@4=2;3@1=1;3@2=1;3@4=2;3@5=1;4@2=1;4@3=3;4@4=1;4@6=1;4@0=1;4@7=1;4@8=1;4@9=1;5@2=1;5@4=1;5@6=2;5@7=1;5@8=1;5@9=1;6@2=1;6@4=1;6@7=1;6@8=1;6@9=1;7@2=1;7@6=2;7@7=1;8@2=3;8@3=2;8@4=1;8@7=1,"1,2,3,4,5,6,0,7,8,9",52,40,0,40,0.0,0.0,0.0,0.0,0.0,0.0,0.0,0.0,"Feasible(status=11,gap=13.876511)"
1022,1021,0,0,0,-,0:4|8;1:5|7;2:5|7|8;3:5|6|8;4:7|9;5:0|1|8|9;6:8;7:0|3|4|5|6;8:3|4|5|8;9:0|7|8,0:-;1:-;2:-;3:-;4:-;5:-;6:-;7:-;8:-;9:-,0@2=3;0@5=1;0@8=1;0@9=1;1@2=1;1@5=2;1@9=1;1@1=1;1@4=1;3@2=2;3@4=2;4@8=1;4@4=1;4@0=1;4@6=2;4@7=1;5@5=3;5@8=1;5@4=1;6@2=1;6@1=1;7@1=2;7@4=2;7@6=1;8@5=1;8@9=1;8@4=2,"2,5,8,9,1,4,0,6,7",38,27,0,27,0.0,0.0,0.0,0.0,0.0,0.0,0.0,0.0,"Feasible(status=11,gap=13.876511)"
1023,1022,0,0,0,-,0:4|8;1:5|7;2:5|7|8;3:5|6|8;4:7|9;5:0|1|8|9;6:8;7:0|3|4|5|6;8:3|4|5|8;9:0|7|8,0:-;1:-;2:-;3:-;4:-;5:-;6:-;7:-;8:-;9:-,0@6=1;0@7=1;1@3=1;1@5=1;1@8=1;2@6=1;3@6=1;3@1=1;3@2=1;3@4=1;4@0=1;5@5=1;5@2=1;5@4=3;5@9=1;6@7=1;6@3=1;7@7=1;8@6=1;8@8=2;8@1=1;8@2=2;8@4=2;8@0=1;8@9=1,"6,7,3,5,8,1,2,4,0,9",30,25,0,25,0.0,0.0,0.0,0.0,0.0,0.0,0.0,0.0,"Feasible(status=11,gap=13.876511)"
1024,1023,0,0,0,-,0:4|8;1:5|7;2:5|7|8;3:5|6|8;4:7|9;5:0|1|8|9;6:8;7:0|3|4|5|6;8:3|4|5|8;9:0|7|8,0:-;1:-;2:-;3:-;4:-;5:-;6:-;7:-;8:-;9:-,0@1=2;0@2=1;0@3=1;0@4=1;0@8=1;1@3=1;1@4=3;1@5=2;1@6=1;1@7=1;3@2=1;3@4=1;3@5=1;3@6=1;3@7=1;4@1=1;4@4=2;4@6=1;4@0=1;5@1=1;5@3=1;5@8=1;5@5=1;6@1=1;6@8=1;6@5=1;6@0=1;7@1=1;7@5=1;7@0=1;7@9=1;8@5=1;8@9=1;9@5=1,"1,2,3,4,8,5,6,7,0,9",39,34,0,34,0.0,0.0,0.0,0.0,0.0,0.0,0.0,0.0,"Feasible(status=11,gap=13.876511)"
1025,1024,0,0,0,-,0:4|8;1:5|7;2:5|7|8;3:5|6|8;4:7|9;5:0|1|8|9;6:8;7:0|3|4|5|6;8:3|4|5|8;9:0|7|8,0:-;1:-;2:-;3:-;4:-;5:-;6:-;7:-;8:-;9:-,0@3=2;0@4=2;0@5=2;1@3=1;1@0=1;1@1=1;1@2=3;1@7=2;2@2=1;2@9=1;3@3=1;3@4=1;3@1=1;3@2=2;3@9=4;4@4=3;4@1=1;4@2=1;5@4=3;5@5=2;5@0=1;6@2=1;7@4=1;7@2=1;7@9=1;7@6=1;8@3=1;8@4=5;8@1=3;8@2=1;8@6=1;8@8=2,"3,4,5,0,1,2,7,9,6,8",54,32,0,32,0.0,0.0,0.0,0.0,0.0,0.0,0.0,0.0,"Feasible(status=11,gap=13.876511)"
1026,1025,0,0,0,-,0:4|8;1:5|7;2:5|7|8;3:5|6|8;4:7|9;5:0|1|8|9;6:8;7:0|3|4|5|6;8:3|4|5|8;9:0|7|8,0:-;1:-;2:-;3:-;4:-;5:-;6:-;7:-;8:-;9:-,0@0=3;0@1=1;0@2=1;0@4=1;0@5=1;0@6=1;0@9=2;1@0=1;1@1=1;1@2=3;1@4=2;1@3=1;1@8=2;2@0=1;3@0=1;3@1=1;3@2=3;3@5=1;3@6=1;3@9=3;4@1=2;4@2=1;4@4=2;4@3=1;4@8=1;5@1=1;5@4=1;5@9=1;5@8=1;5@7=1;6@1=2;6@3=1;6@7=1;7@2=1;7@4=2;7@8=1;8@1=2;8@2=2;8@5=1;8@6=1;8@9=1;8@3=1,"0,1,2,4,5,6,9,3,8,7",59,42,0,42,0.0,0.0,0.0,0.0,0.0,0.0,0.0,0.0,"Feasible(status=11,gap=13.876511)"
1027,1026,0,0,0,-,0:4|8;1:5|7;2:5|7|8;3:5|6|8;4:7|9;5:0|1|8|9;6:8;7:0|3|4|5|6;8:3|4|5|8;9:0|7|8,0:-;1:-;2:-;3:-;4:-;5:-;6:-;7:-;8:-;9:-,0@1=3;0@4=2;1@4=2;1@2=1;1@3=1;1@5=1;1@8=1;2@2=1;2@3=1;3@4=1;3@2=1;3@3=1;3@7=1;4@1=1;4@4=2;4@7=1;4@9=4;5@1=1;5@4=2;5@3=1;6@1=1;6@4=1;6@2=2;6@8=1;6@7=1;7@1=2;7@2=1;7@3=1;7@5=1;7@9=1;8@1=1;8@2=3;8@3=1;8@5=2;8@8=1;8@6=1;9@4=1,"1,4,2,3,5,8,7,9,6",51,37,0,37,0.0,0.0,0.0,0.0,0.0,0.0,0.0,0.0,"Feasible(status=11,gap=13.876511)"
1028,1027,0,0,0,-,0:4|8;1:5|7;2:5|7|8;3:5|6|8;4:7|9;5:0|1|8|9;6:8;7:0|3|4|5|6;8:3|4|5|8;9:0|7|8,0:-;1:-;2:-;3:-;4:-;5:-;6:-;7:-;8:-;9:-,0@2=5;0@4=2;0@9=1;1@0=1;1@3=1;1@5=1;1@7=1;2@4=1;3@2=1;3@4=1;3@7=1;3@1=2;3@8=1;4@2=3;4@0=1;4@7=1;4@1=1;5@2=1;5@4=4;5@1=2;6@2=2;6@4=1;7@2=1;7@4=1;7@9=1;7@8=1;7@6=1;8@2=1;8@4=2;8@5=2;8@1=1;8@6=1,"2,4,9,0,3,5,7,1,8,6",47,32,0,32,0.0,0.0,0.0,0.0,0.0,0.0,0.0,0.0,"Feasible(status=11,gap=13.876511)"
1029,1028,0,0,0,-,0:4|8;1:5|7;2:5|7|8;3:5|6|8;4:7|9;5:0|1|8|9;6:8;7:0|3|4|5|6;8:3|4|5|8;9:0|7|8,0:-;1:-;2:-;3:-;4:-;5:-;6:-;7:-;8:-;9:-,0@2=2;0@4=3;0@5=1;0@6=1;1@4=4;1@0=2;1@9=1;3@4=2;3@5=1;3@0=2;3@3=1;4@2=2;4@4=1;4@5=1;4@6=1;4@3=1;4@1=2;5@2=2;6@2=1;6@4=1;6@3=1;7@5=1;7@6=1;7@0=1;7@1=1;8@4=2;8@5=1;8@3=1;8@1=1,"2,4,5,6,0,9,3,1",42,29,0,29,0.0,0.0,0.0,0.0,0.0,0.0,0.0,0.0,"Feasible(status=11,gap=13.876511)"
1030,1029,0,0,0,-,0:4|8;1:5|7;2:5|7|8;3:5|6|8;4:7|9;5:0|1|8|9;6:8;7:0|3|4|5|6;8:3|4|5|8;9:0|7|8,0:-;1:-;2:-;3:-;4:-;5:-;6:-;7:-;8:-;9:-,0@2=3;1@2=2;1@1=1;1@4=1;1@5=1;1@7=1;3@5=1;3@6=1;4@2=1;4@1=1;4@0=1;5@1=1;6@5=1;7@1=1;7@4=1;7@7=2;8@2=1;8@4=1;8@7=1;8@6=1;8@8=1,"2,1,4,5,7,6,0,8",25,21,0,21,0.0,0.0,0.0,0.0,0.0,0.0,0.0,0.0,"Feasible(status=11,gap=13.876511)"
1031,1030,0,0,0,-,0:4|8;1:5|7;2:5|7|8;3:5|6|8;4:7|9;5:0|1|8|9;6:8;7:0|3|4|5|6;8:3|4|5|8;9:0|7|8,0:-;1:-;2:-;3:-;4:-;5:-;6:-;7:-;8:-;9:-,0@1=2;0@2=1;0@4=3;0@6=1;1@1=1;1@2=1;1@4=2;1@8=1;2@8=1;3@0=1;3@3=1;3@7=2;4@1=2;4@4=1;5@1=2;5@2=1;5@6=1;5@9=1;7@9=1;8@2=1;8@4=1;8@3=2;8@5=1,"1,2,4,6,8,0,3,7,9,5",31,23,0,23,0.0,0.0,0.0,0.0,0.0,0.0,0.0,0.0,"Feasible(status=11,gap=13.876511)"
1032,1031,0,0,0,-,0:4|8;1:5|7;2:5|7|8;3:5|6|8;4:7|9;5:0|1|8|9;6:8;7:0|3|4|5|6;8:3|4|5|8;9:0|7|8,0:-;1:-;2:-;3:-;4:-;5:-;6:-;7:-;8:-;9:-,0@0=3;0@1=1;0@2=2;0@4=3;0@8=1;0@9=1;1@0=2;1@2=2;1@9=2;1@6=1;2@0=1;2@2=1;2@3=1;3@0=2;3@1=1;3@2=1;3@8=1;3@6=3;3@3=1;3@5=1;4@0=1;4@1=1;4@2=1;4@4=1;4@8=1;4@9=1;4@6=1;4@3=2;4@7=1;5@1=2;5@2=1;5@6=1;5@3=1;5@5=1;6@2=1;6@4=2;6@9=1;6@3=1;6@5=1;6@7=1;7@2=1;7@4=1;7@5=1;8@1=2;8@2=3;8@4=1;8@6=1;8@3=1;8@5=2;9@2=1,"0,1,2,4,8,9,6,3,5,7",68,50,0,50,0.0,0.0,0.0,0.0,0.0,0.0,0.0,0.0,"Feasible(status=11,gap=13.876511)"
1033,1032,0,0,0,-,0:4|8;1:5|7;2:5|7|8;3:5|6|8;4:7|9;5:0|1|8|9;6:8;7:0|3|4|5|6;8:3|4|5|8;9:0|7|8,0:-;1:-;2:-;3:-;4:-;5:-;6:-;7:-;8:-;9:-,0@0=2;0@1=1;0@7=1;0@8=1;1@1=3;1@8=1;1@3=1;1@4=2;1@5=2;2@8=1;2@5=1;3@0=1;3@1=2;3@8=1;3@3=1;3@4=2;3@2=2;4@0=1;4@1=1;4@7=1;4@8=1;4@4=2;4@5=1;4@6=1;5@4=1;5@2=1;5@6=2;6@0=1;6@1=1;6@7=1;6@8=1;6@3=1;7@1=1;7@7=1;7@4=2;7@6=1;8@0=2;8@1=2;8@7=1;8@2=2;8@9=1,"0,1,7,8,3,4,5,2,6,9",55,41,0,41,0.0,0.0,0.0,0.0,0.0,0.0,0.0,0.0,"Feasible(status=11,gap=13.876511)"
1034,1033,0,0,0,-,0:4|8;1:5|7;2:5|7|8;3:5|6|8;4:7|9;5:0|1|8|9;6:8;7:0|3|4|5|6;8:3|4|5|8;9:0|7|8,0:-;1:-;2:-;3:-;4:-;5:-;6:-;7:-;8:-;9:-,0@1=1;0@2=1;0@5=1;0@6=1;0@7=1;1@2=2;1@5=2;1@0=2;2@1=1;3@2=3;3@0=1;4@5=1;4@4=1;5@1=1;6@0=1;6@4=1;7@1=2;7@2=1;7@5=1;7@4=1;7@3=1;7@9=1;8@1=1;8@2=3;8@5=2;8@0=1;8@4=1;8@3=1;9@2=1;9@6=1;9@4=1,"1,2,5,6,7,0,4,3,9",40,31,0,31,0.0,0.0,0.0,0.0,0.0,0.0,0.0,0.0,"Feasible(status=11,gap=13.876511)"
1035,1034,0,0,0,-,0:4|8;1:5|7;2:5|7|8;3:5|6|8;4:7|9;5:0|1|8|9;6:8;7:0|3|4|5|6;8:3|4|5|8;9:0|7|8,0:-;1:-;2:-;3:-;4:-;5:-;6:-;7:-;8:-;9:-,0@1=3;0@2=3;0@4=1;0@5=1;0@7=2;0@9=1;1@1=2;1@4=1;1@7=1;1@9=1;2@7=1;3@2=1;3@8=1;4@8=3;4@3=2;5@2=2;5@4=2;5@3=1;5@6=1;6@2=2;6@4=1;6@7=1;6@3=1;7@4=1;7@5=1;7@9=1;7@8=1;7@6=1;8@1=3;8@2=2;8@4=2;8@9=2;8@8=1;8@6=1,"1,2,4,5,7,9,8,3,6",51,34,0,34,0.0,0.0,0.0,0.0,0.0,0.0,0.0,0.0,"Feasible(status=11,gap=13.876511)"
1036,1035,0,0,0,-,0:4|8;1:5|7;2:5|7|8;3:5|6|8;4:7|9;5:0|1|8|9;6:8;7:0|3|4|5|6;8:3|4|5|8;9:0|7|8,0:-;1:-;2:-;3:-;4:-;5:-;6:-;7:-;8:-;9:-,0@0=1;0@1=1;0@3=1;0@4=1;0@8=2;0@9=1;1@1=2;1@8=2;1@2=2;1@6=2;2@3=1;2@4=1;2@5=1;3@4=1;3@9=1;3@2=1;3@7=2;4@1=2;4@8=1;4@2=1;4@7=1;5@0=3;5@1=1;5@3=1;5@8=1;5@9=1;6@4=3;6@9=1;6@2=1;7@2=1;8@1=2;8@4=1;8@8=1;9@5=1,"0,1,3,4,8,9,2,6,5,7",46,34,0,34,0.0,0.0,0.0,0.0,0.0,0.0,0.0,0.0,"Feasible(status=11,gap=13.876511)"
1037,1036,0,0,0,-,0:4|8;1:5|7;2:5|7|8;3:5|6|8;4:7|9;5:0|1|8|9;6:8;7:0|3|4|5|6;8:3|4|5|8;9:0|7|8,0:-;1:-;2:-;3:-;4:-;5:-;6:-;7:-;8:-;9:-,0@0=1;0@1=2;0@3=1;0@4=1;0@5=1;0@9=1;1@3=1;1@9=1;1@2=1;1@7=1;2@0=1;2@2=2;3@3=1;3@4=1;3@9=2;3@2=2;3@8=1;4@0=1;4@2=2;5@1=1;5@2=2;6@4=1;7@1=1;7@4=1;7@7=1;8@1=1;8@4=1;8@9=1;9@6=1,"0,1,3,4,5,9,2,7,8,6",35,29,0,29,0.0,0.0,0.0,0.0,0.0,0.0,0.0,0.0,"Feasible(status=11,gap=13.876511)"
1038,1037,0,0,0,-,0:4|8;1:5|7;2:5|7|8;3:5|6|8;4:7|9;5:0|1|8|9;6:8;7:0|3|4|5|6;8:3|4|5|8;9:0|7|8,0:-;1:-;2:-;3:-;4:-;5:-;6:-;7:-;8:-;9:-,0@1=2;0@3=1;0@6=2;0@8=1;1@1=1;1@8=1;1@0=2;1@4=3;2@1=1;2@3=1;3@0=1;3@4=1;3@5=1;3@7=1;3@9=1;4@6=1;4@4=1;4@2=1;5@4=1;5@7=1;6@5=1;7@8=1;7@0=1;7@4=1;7@5=1;7@2=1;8@1=1;8@0=1;8@4=4;8@7=1;8@9=1,"1,3,6,8,0,4,5,7,9,2",39,31,0,31,0.0,0.0,0.0,0.0,0.0,0.0,0.0,0.0,"Feasible(status=11,gap=13.876511)"
1039,1038,0,0,0,-,0:4|8;1:5|7;2:5|7|8;3:5|6|8;4:7|9;5:0|1|8|9;6:8;7:0|3|4|5|6;8:3|4|5|8;9:0|7|8,0:-;1:-;2:-;3:-;4:-;5:-;6:-;7:-;8:-;9:-,0@2=4;0@3=1;0@4=7;0@5=1;0@6=1;0@8=1;1@2=2;1@3=1;1@4=2;1@6=1;1@0=1;1@9=1;2@6=1;2@7=1;3@2=2;3@3=2;3@4=1;3@6=1;3@0=1;3@9=1;4@2=2;4@6=1;4@0=1;4@9=1;4@1=1;5@5=1;5@6=1;5@8=1;6@2=1;6@3=1;6@4=3;6@6=1;6@8=2;6@7=1;7@2=4;7@3=1;7@4=2;7@6=1;7@9=1;7@7=1;8@2=3;8@3=3;8@5=1;8@8=1;8@1=3,"2,3,4,5,6,8,0,9,7,1",72,45,0,45,0.0,0.0,0.0,0.0,0.0,0.0,0.0,0.0,"Feasible(status=11,gap=13.876511)"
1040,1039,0,0,0,-,0:4|8;1:5|7;2:5|7|8;3:5|6|8;4:7|9;5:0|1|8|9;6:8;7:0|3|4|5|6;8:3|4|5|8;9:0|7|8,0:-;1:-;2:-;3:-;4:-;5:-;6:-;7:-;8:-;9:-,0@0=1;0@2=1;0@3=2;0@4=1;0@6=1;0@7=1;1@2=1;1@3=1;1@4=2;1@7=1;1@5=1;2@4=1;3@2=1;3@6=1;3@9=3;4@3=1;4@4=1;4@1=1;4@8=2;5@2=2;5@4=2;5@6=1;5@5=1;6@2=1;6@4=2;6@5=1;7@2=1;7@4=1;7@7=1;8@2=1;8@4=1;8@6=1;8@9=1,"0,2,3,4,6,7,5,9,1,8",41,33,0,33,0.0,0.0,0.0,0.0,0.0,0.0,0.0,0.0,"Feasible(status=11,gap=13.876511)"
1041,1040,0,0,0,-,0:4|8;1:5|7;2:5|7|8;3:5|6|8;4:7|9;5:0|1|8|9;6:8;7:0|3|4|5|6;8:3|4|5|8;9:0|7|8,0:-;1:-;2:-;3:-;4:-;5:-;6:-;7:-;8:-;9:-,0@0=1;0@2=5;0@3=1;0@4=2;0@5=2;0@6=2;0@8=1;1@2=4;1@7=2;2@4=1;3@0=1;3@2=1;3@4=1;3@5=1;3@6=1;3@1=1;4@0=1;4@2=2;4@1=1;5@0=1;5@5=1;5@7=1;6@2=3;6@4=1;6@5=2;7@3=1;7@4=1;7@7=1;8@0=1;8@2=1;8@4=1;8@5=2;8@6=1,"0,2,3,4,5,6,8,7,1",49,33,0,33,0.0,0.0,0.0,0.0,0.0,0.0,0.0,0.0,"Feasible(status=11,gap=13.876511)"
1042,1041,0,0,0,-,0:4|8;1:5|7;2:5|7|8;3:5|6|8;4:7|9;5:0|1|8|9;6:8;7:0|3|4|5|6;8:3|4|5|8;9:0|7|8,0:-;1:-;2:-;3:-;4:-;5:-;6:-;7:-;8:-;9:-,0@0=1;0@1=1;0@2=2;0@3=1;0@4=1;0@5=1;1@0=1;1@1=2;1@2=1;1@3=1;1@4=2;1@6=1;1@7=1;1@9=1;2@4=1;3@2=2;3@4=1;3@9=1;4@2=2;4@6=1;4@9=1;5@0=1;5@2=1;5@4=1;5@6=1;5@9=1;5@8=1;6@0=1;6@2=1;6@4=1;6@8=1;7@1=1;7@2=2;7@8=1;8@1=2;8@2=1;8@7=2;8@9=1;9@4=1,"0,1,2,3,4,5,6,7,9,8",47,39,0,39,0.0,0.0,0.0,0.0,0.0,0.0,0.0,0.0,"Feasible(status=11,gap=13.876511)"
1043,1042,0,0,0,-,0:4|8;1:5|7;2:5|7|8;3:5|6|8;4:7|9;5:0|1|8|9;6:8;7:0|3|4|5|6;8:3|4|5|8;9:0|7|8,0:-;1:-;2:-;3:-;4:-;5:-;6:-;7:-;8:-;9:-,0@3=2;0@4=3;0@5=3;0@7=3;0@8=1;0@9=1;1@3=1;1@4=3;1@1=1;1@2=3;2@2=1;2@6=1;3@3=1;3@4=2;3@5=1;3@7=1;3@9=1;3@1=1;3@2=2;3@6=2;4@3=1;4@5=1;4@0=1;5@2=4;6@3=2;6@2=1;6@6=2;7@1=2;8@4=2;8@7=1;8@9=1;8@1=1;8@2=1;8@6=1;8@0=1,"3,4,5,7,8,9,1,2,6,0",56,35,0,35,0.0,0.0,0.0,0.0,0.0,0.0,0.0,0.0,"Feasible(status=11,gap=13.876511)"
1044,1043,0,0,0,-,0:4|8;1:5|7;2:5|7|8;3:5|6|8;4:7|9;5:0|1|8|9;6:8;7:0|3|4|5|6;8:3|4|5|8;9:0|7|8,0:-;1:-;2:-;3:-;4:-;5:-;6:-;7:-;8:-;9:-,0@0=1;0@2=1;1@2=2;1@4=1;1@5=1;1@8=1;3@4=1;3@5=1;3@8=1;3@1=1;4@4=1;4@3=1;4@6=1;5@2=2;5@4=1;5@5=1;5@8=1;5@3=1;6@4=1;6@6=1;7@2=3;8@7=1,"0,2,4,5,8,1,3,6,7",26,22,0,22,0.0,0.0,0.0,0.0,0.0,0.0,0.0,0.0,"Feasible(status=11,gap=13.876511)"
1045,1044,0,0,0,-,0:4|8;1:5|7;2:5|7|8;3:5|6|8;4:7|9;5:0|1|8|9;6:8;7:0|3|4|5|6;8:3|4|5|8;9:0|7|8,0:-;1:-;2:-;3:-;4:-;5:-;6:-;7:-;8:-;9:-,0@1=1;0@2=1;0@4=1;0@7=1;1@1=1;1@4=1;1@0=1;1@3=1;1@5=1;2@1=1;2@2=1;3@1=1;3@0=1;4@2=1;4@4=1;5@2=1;5@4=2;5@0=1;5@3=2;5@5=1;6@1=1;7@1=1;7@2=1;7@7=1;7@8=1;8@1=1;8@2=2;8@4=1;8@7=1;8@3=2;8@8=1;8@6=4,"1,2,4,7,0,3,5,8,6",39,32,0,32,0.0,0.0,0.0,0.0,0.0,0.0,0.0,0.0,"Feasible(status=11,gap=13.876511)"
1046,1045,0,0,0,-,0:4|8;1:5|7;2:5|7|8;3:5|6|8;4:7|9;5:0|1|8|9;6:8;7:0|3|4|5|6;8:3|4|5|8;9:0|7|8,0:-;1:-;2:-;3:-;4:-;5:-;6:-;7:-;8:-;9:-,0@0=2;0@2=1;0@4=3;0@5=3;0@6=1;0@8=1;0@9=1;1@0=1;1@2=2;1@4=2;1@5=1;1@1=1;1@3=2;2@0=1;3@0=1;3@2=1;3@4=1;3@5=2;3@8=1;3@1=5;3@3=1;4@0=2;4@2=2;4@4=3;4@5=1;4@6=3;4@9=2;4@1=3;5@4=3;5@1=2;6@2=3;6@1=1;6@3=1;6@7=1;7@2=1;7@1=1;7@3=2;8@2=1;8@4=4;8@5=1;8@6=1;8@8=1;8@1=1,"0,2,4,5,6,8,9,1,3,7",74,43,0,43,0.0,0.0,0.0,0.0,0.0,0.0,0.0,0.0,"Feasible(status=11,gap=13.876511)"
1047,1046,0,0,0,-,0:4|8;1:5|7;2:5|7|8;3:5|6|8;4:7|9;5:0|1|8|9;6:8;7:0|3|4|5|6;8:3|4|5|8;9:0|7|8,0:-;1:-;2:-;3:-;4:-;5:-;6:-;7:-;8:-;9:-,0@1=4;0@2=2;0@3=2;0@4=2;0@5=1;0@9=2;1@1=3;1@2=2;1@3=1;1@5=1;1@9=1;1@0=1;1@8=2;2@2=1;2@3=1;2@9=1;3@1=3;3@2=1;3@3=1;3@4=2;3@9=2;3@0=1;3@6=1;4@2=3;4@8=1;4@6=1;4@7=1;5@1=2;5@2=1;5@4=1;5@7=1;6@3=1;6@5=1;6@8=2;6@6=1;7@1=3;7@2=2;7@4=2;7@9=1;8@1=2;8@3=1;8@4=2;8@5=1;8@8=1;8@7=1,"1,2,3,4,5,9,0,8,6,7",70,45,0,45,0.0,0.0,0.0,0.0,0.0,0.0,0.0,0.0,"Feasible(status=11,gap=13.876511)"
1048,1047,0,0,0,-,0:4|8;1:5|7;2:5|7|8;3:5|6|8;4:7|9;5:0|1|8|9;6:8;7:0|3|4|5|6;8:3|4|5|8;9:0|7|8,0:-;1:-;2:-;3:-;4:-;5:-;6:-;7:-;8:-;9:-,0@2=1;0@5=1;0@6=1;0@7=1;0@9=1;1@7=4;1@9=1;1@0=2;1@1=3;1@4=1;1@8=1;2@2=2;2@5=2;2@6=1;2@7=2;2@0=1;2@4=1;2@8=1;2@3=1;3@2=1;3@5=1;3@7=1;3@0=2;3@1=2;3@4=2;3@3=2;4@7=2;4@9=1;4@1=1;4@4=1;4@8=2;4@3=3;5@5=1;5@1=2;5@4=3;6@9=1;6@1=2;6@4=1;7@2=1;7@5=2;7@6=1;7@0=1;7@1=1;7@4=2;7@3=1;8@2=2;8@7=1;8@9=2;8@4=3;8@3=1,"2,5,6,7,9,0,1,4,8,3",77,50,0,50,0.0,0.0,0.0,0.0,0.0,0.0,0.0,0.0,"Feasible(status=11,gap=13.876511)"
1049,1048,0,0,0,-,0:4|8;1:5|7;2:5|7|8;3:5|6|8;4:7|9;5:0|1|8|9;6:8;7:0|3|4|5|6;8:3|4|5|8;9:0|7|8,0:-;1:-;2:-;3:-;4:-;5:-;6:-;7:-;8:-;9:-,0@0=1;0@1=1;0@3=1;0@4=1;0@7=3;0@8=1;1@1=1;1@4=1;1@2=1;1@5=1;2@7=2;2@5=1;2@6=1;2@9=1;3@3=1;3@4=1;3@7=1;3@8=2;3@2=1;4@3=2;4@4=2;4@7=1;4@2=3;4@5=1;4@9=3;5@8=1;5@2=1;6@1=2;6@4=1;6@8=1;6@2=1;7@8=1;7@2=1;7@5=2;7@9=1;8@1=3;8@4=3;8@7=1;8@6=1,"0,1,3,4,7,8,2,5,6,9",55,39,0,39,0.0,0.0,0.0,0.0,0.0,0.0,0.0,0.0,"Feasible(status=11,gap=13.876511)"
1050,1049,0,0,0,-,0:4|8;1:5|7;2:5|7|8;3:5|6|8;4:7|9;5:0|1|8|9;6:8;7:0|3|4|5|6;8:3|4|5|8;9:0|7|8,0:-;1:-;2:-;3:-;4:-;5:-;6:-;7:-;8:-;9:-,0@0=2;0@3=1;0@4=1;1@1=2;1@5=2;1@6=1;2@4=1;2@1=1;2@2=1;3@4=1;3@5=1;3@2=1;4@0=1;4@4=1;4@1=2;4@5=1;4@6=1;4@2=1;4@8=2;5@0=1;5@4=1;5@1=2;6@4=2;6@2=1;6@7=1;7@0=1;7@4=1;7@2=1;7@9=1;8@3=1;8@4=1;8@1=1;8@5=1;8@9=1,"0,3,4,1,5,6,2,8,7,9",41,34,0,34,0.0,0.0,0.0,0.0,0.0,0.0,0.0,0.0,"Feasible(status=11,gap=13.876511)"
1051,1050,0,0,0,-,0:4|8;1:5|7;2:5|7|8;3:5|6|8;4:7|9;5:0|1|8|9;6:8;7:0|3|4|5|6;8:3|4|5|8;9:0|7|8,0:-;1:-;2:-;3:-;4:-;5:-;6:-;7:-;8:-;9:-,0@0=1;0@2=1;0@4=1;0@5=1;0@6=2;0@7=1;0@9=1;1@2=2;1@9=2;2@2=1;2@1=1;2@8=1;3@2=1;3@4=1;3@7=2;3@9=1;4@2=2;4@6=2;5@0=1;5@2=1;5@8=1;5@3=1;6@2=2;7@2=2;7@4=1;8@0=1;8@2=1;8@4=2;8@5=2;8@9=1;8@3=1;9@7=1,"0,2,4,5,6,7,9,1,8,3",42,32,0,32,0.0,0.0,0.0,0.0,0.0,0.0,0.0,0.0,"Feasible(status=11,gap=13.876511)"
1052,1051,0,0,0,-,0:4|8;1:5|7;2:5|7|8;3:5|6|8;4:7|9;5:0|1|8|9;6:8;7:0|3|4|5|6;8:3|4|5|8;9:0|7|8,0:-;1:-;2:-;3:-;4:-;5:-;6:-;7:-;8:-;9:-,0@3=1;0@5=1;1@5=1;1@2=2;1@4=1;1@8=2;1@9=1;2@5=1;2@2=1;2@4=1;2@1=1;3@2=1;4@2=1;4@4=1;4@1=2;4@0=1;5@4=2;5@8=3;6@2=1;6@4=1;6@8=1;7@2=1;7@4=1;7@8=1;7@1=1;7@6=1;8@3=1;8@4=2;8@0=1;8@6=1,"3,5,2,4,8,9,1,0,6",37,30,0,30,0.0,0.0,0.0,0.0,0.0,0.0,0.0,0.0,"Feasible(status=11,gap=13.876511)"
1053,1052,0,0,0,-,0:4|8;1:5|7;2:5|7|8;3:5|6|8;4:7|9;5:0|1|8|9;6:8;7:0|3|4|5|6;8:3|4|5|8;9:0|7|8,0:-;1:-;2:-;3:-;4:-;5:-;6:-;7:-;8:-;9:-,0@2=1;0@3=1;0@4=1;0@8=1;1@2=2;1@4=2;1@8=1;1@1=2;1@5=1;2@2=1;2@3=1;2@4=1;2@1=1;2@0=1;2@7=1;2@9=1;3@4=1;3@8=1;3@1=1;3@5=1;3@0=1;3@7=1;4@2=2;4@3=1;4@4=4;4@1=2;4@5=1;4@7=1;5@2=2;5@4=1;5@8=1;5@1=1;5@5=1;5@0=2;5@9=2;5@6=1;6@3=1;6@4=1;6@7=3;7@4=2;7@1=1;7@5=1;7@0=2;7@7=1;7@9=1;7@6=1;8@3=1;8@4=2;8@8=2;8@1=1;8@5=2;8@7=1;8@9=2;8@6=3,"2,3,4,8,1,5,0,7,9,6",75,54,0,54,0.0,0.0,0.0,0.0,0.0,0.0,0.0,0.0,"Feasible(status=11,gap=13.876511)"
1054,1053,0,0,0,-,0:4|8;1:5|7;2:5|7|8;3:5|6|8;4:7|9;5:0|1|8|9;6:8;7:0|3|4|5|6;8:3|4|5|8;9:0|7|8,0:-;1:-;2:-;3:-;4:-;5:-;6:-;7:-;8:-;9:-,0@3=1;0@4=2;0@7=1;0@8=1;1@3=1;1@7=1;1@1=1;1@5=2;1@9=1;2@3=1;2@4=1;2@8=1;2@5=1;2@9=1;2@0=2;2@2=3;2@6=1;3@2=2;4@3=1;4@4=2;4@7=2;4@1=3;4@0=1;4@6=1;5@4=4;5@0=1;5@2=1;6@4=1;6@8=1;6@5=1;6@2=2;7@1=1;7@2=2;7@6=1;8@4=3;8@5=1;8@0=1;8@2=1,"3,4,7,8,1,5,9,0,2,6",55,38,0,38,0.0,0.0,0.0,0.0,0.0,0.0,0.0,0.0,"Feasible(status=11,gap=13.876511)"
1055,1054,0,0,0,-,0:4|8;1:5|7;2:5|7|8;3:5|6|8;4:7|9;5:0|1|8|9;6:8;7:0|3|4|5|6;8:3|4|5|8;9:0|7|8,0:-;1:-;2:-;3:-;4:-;5:-;6:-;7:-;8:-;9:-,0@1=1;0@2=3;0@4=1;0@6=1;0@7=1;0@8=2;1@2=2;1@4=1;1@6=1;1@7=1;1@0=1;2@1=2;2@4=1;2@6=1;2@3=2;3@2=1;3@7=1;3@5=2;4@1=1;4@2=1;4@5=1;4@9=1;5@1=1;5@5=1;5@9=1;6@8=1;6@3=1;7@8=1;7@0=2;7@5=2;8@1=1;8@8=2;8@3=1,"1,2,4,6,7,8,0,3,5,9",43,33,0,33,0.0,0.0,0.0,0.0,0.0,0.0,0.0,0.0,"Feasible(status=11,gap=13.876511)"
1056,1055,0,0,0,-,0:4|8;1:5|7;2:5|7|8;3:5|6|8;4:7|9;5:0|1|8|9;6:8;7:0|3|4|5|6;8:3|4|5|8;9:0|7|8,0:-;1:-;2:-;3:-;4:-;5:-;6:-;7:-;8:-;9:-,0@2=1;0@3=1;0@7=1;1@4=1;1@6=1;2@7=1;2@1=1;2@8=1;2@9=1;4@4=1;4@1=1;4@9=1;5@9=1;6@0=2;7@2=1;8@1=1,"2,3,7,4,6,1,8,9,0",17,16,0,16,0.0,0.0,0.0,0.0,0.0,0.0,0.0,0.0,"Feasible(status=11,gap=13.876511)"
1057,1056,0,0,0,-,0:4|8;1:5|7;2:5|7|8;3:5|6|8;4:7|9;5:0|1|8|9;6:8;7:0|3|4|5|6;8:3|4|5|8;9:0|7|8,0:-;1:-;2:-;3:-;4:-;5:-;6:-;7:-;8:-;9:-,0@2=2;0@3=1;0@7=1;1@0=1;1@4=1;1@6=1;1@9=1;2@2=2;2@7=1;2@4=1;2@1=2;2@5=1;4@0=1;4@6=1;4@1=2;4@5=1;5@2=1;5@5=1;6@4=1;6@6=1;6@1=1;6@5=1;7@0=2;7@9=1;7@1=1;7@5=1;8@2=1;8@4=1;8@6=1;8@1=1;8@5=1;8@8=1,"2,3,7,0,4,6,9,1,5,8",37,32,0,32,0.0,0.0,0.0,0.0,0.0,0.0,0.0,0.0,"Feasible(status=11,gap=13.876511)"
1058,1057,0,0,0,-,0:4|8;1:5|7;2:5|7|8;3:5|6|8;4:7|9;5:0|1|8|9;6:8;7:0|3|4|5|6;8:3|4|5|8;9:0|7|8,0:-;1:-;2:-;3:-;4:-;5:-;6:-;7:-;8:-;9:-,0@2=1;1@2=1;1@1=1;1@4=1;1@5=1;1@6=1;2@2=1;4@1=1;4@4=2;4@7=1;4@8=2;4@9=1;5@2=1;5@1=1;5@6=1;6@2=2;6@4=1;6@5=1;6@6=1;6@8=1;7@2=1;7@1=1;7@0=1;8@2=3;8@1=2;8@0=2;8@3=1;9@1=1,"2,1,4,5,6,7,8,9,0,3",35,28,0,28,0.0,0.0,0.0,0.0,0.0,0.0,0.0,0.0,"Feasible(status=11,gap=13.876511)"
1059,1058,0,0,0,-,0:4|8;1:5|7;2:5|7|8;3:5|6|8;4:7|9;5:0|1|8|9;6:8;7:0|3|4|5|6;8:3|4|5|8;9:0|7|8,0:-;1:-;2:-;3:-;4:-;5:-;6:-;7:-;8:-;9:-,0@4=1;1@1=2;1@2=1;1@6=1;2@4=1;2@1=2;2@2=1;2@3=1;2@5=1;4@4=1;4@1=2;4@2=2;4@3=1;4@0=2;4@7=1;5@4=1;5@5=2;5@7=1;6@1=1;6@2=2;6@7=1;6@8=1;7@4=1;7@1=1;7@0=2;7@8=2;8@4=2;8@2=2;8@0=1;9@4=1;9@2=1,"4,1,2,6,3,5,0,7,8",42,31,0,31,0.0,0.0,0.0,0.0,0.0,0.0,0.0,0.0,"Feasible(status=11,gap=13.876511)"
1060,1059,0,0,0,-,0:4|8;1:5|7;2:5|7|8;3:5|6|8;4:7|9;5:0|1|8|9;6:8;7:0|3|4|5|6;8:3|4|5|8;9:0|7|8,0:-;1:-;2:-;3:-;4:-;5:-;6:-;7:-;8:-;9:-,1@3=1;1@8=1;1@9=1;2@9=1;2@2=1;3@3=1;3@9=1;3@2=2;4@8=4;4@2=2;4@1=2;4@4=3;4@7=1;5@9=1;5@2=1;5@1=5;5@4=2;5@0=1;5@5=2;5@6=2;6@3=1;6@8=1;6@4=3;7@3=1;7@8=2;7@2=3;7@4=2;7@5=1;8@9=2;8@2=2;8@1=2;8@4=5;8@0=1;8@5=2;8@6=1,"3,8,9,2,1,4,7,0,5,6",64,35,0,35,0.0,0.0,0.0,0.0,0.0,0.0,0.0,0.0,"Feasible(status=11,gap=13.876511)"
1061,1060,0,0,0,-,0:4|8;1:5|7;2:5|7|8;3:5|6|8;4:7|9;5:0|1|8|9;6:8;7:0|3|4|5|6;8:3|4|5|8;9:0|7|8,0:-;1:-;2:-;3:-;4:-;5:-;6:-;7:-;8:-;9:-,1@0=1;1@2=1;1@3=1;1@4=1;2@0=1;2@2=2;2@4=2;2@1=4;2@6=2;2@7=1;2@9=1;3@8=1;4@0=2;4@2=2;4@4=1;4@6=1;4@9=3;4@8=1;4@5=1;5@2=1;5@3=1;5@4=1;5@7=1;5@9=1;6@2=1;6@3=1;6@1=1;6@6=1;6@5=1;7@4=1;7@1=1;7@6=1;7@7=3;7@8=1;7@5=2;8@0=1;8@2=1;8@3=1;8@1=2;8@6=2;8@7=1;8@9=1;8@8=3;8@5=1,"0,2,3,4,1,6,7,9,8,5",61,44,0,44,0.0,0.0,0.0,0.0,0.0,0.0,0.0,0.0,"Feasible(status=11,gap=13.876511)"
1062,1061,0,0,0,-,0:4|8;1:5|7;2:5|7|8;3:5|6|8;4:7|9;5:0|1|8|9;6:8;7:0|3|4|5|6;8:3|4|5|8;9:0|7|8,0:-;1:-;2:-;3:-;4:-;5:-;6:-;7:-;8:-;9:-,1@2=1;1@3=1;1@4=3;1@5=1;1@6=1;1@8=1;1@9=2;2@2=2;2@3=1;2@5=1;2@6=1;2@8=2;2@1=1;2@7=1;4@2=1;4@5=1;4@6=1;4@8=1;4@1=3;4@0=2;5@2=1;5@5=2;5@8=1;5@1=1;6@2=1;6@4=6;6@5=1;6@1=2;6@7=1;7@2=1;7@4=1;7@6=1;7@9=2;7@0=1;8@2=1;8@3=1;8@6=1;8@1=1;8@0=1,"2,3,4,5,6,8,9,1,7,0",55,39,0,39,0.0,0.0,0.0,0.0,0.0,0.0,0.0,0.0,"Feasible(status=11,gap=13.876511)"
1063,1062,0,0,0,-,0:4|8;1:5|7;2:5|7|8;3:5|6|8;4:7|9;5:0|1|8|9;6:8;7:0|3|4|5|6;8:3|4|5|8;9:0|7|8,0:-;1:-;2:-;3:-;4:-;5:-;6:-;7:-;8:-;9:-,0@2=1;1@2=3;1@1=2;1@3=1;1@4=1;1@5=1;1@9=1;2@2=2;2@1=1;2@4=2;2@5=1;2@9=2;4@2=1;4@1=1;4@4=4;4@5=2;5@2=1;5@1=1;5@5=1;5@0=1;6@1=1;6@4=1;6@5=2;6@7=1;7@1=1;7@3=1;7@4=1;7@5=1;7@0=1;7@7=1;8@2=1;8@1=2;8@4=2;8@0=1;8@8=1,"2,1,3,4,5,9,0,7,8",48,35,0,35,0.0,0.0,0.0,0.0,0.0,0.0,0.0,0.0,"Feasible(status=11,gap=13.876511)"
1064,1063,0,0,0,-,0:4|8;1:5|7;2:5|7|8;3:5|6|8;4:7|9;5:0|1|8|9;6:8;7:0|3|4|5|6;8:3|4|5|8;9:0|7|8,0:-;1:-;2:-;3:-;4:-;5:-;6:-;7:-;8:-;9:-,1@2=2;1@4=1;1@5=1;1@6=1;2@4=1;2@0=1;2@8=1;4@2=3;4@4=2;4@1=1;5@4=1;5@3=1;6@2=2;6@4=1;6@1=1;6@3=1;6@7=1;6@9=1;7@2=2;7@0=1;8@2=1;8@5=1;8@1=1;8@3=1;9@7=1,"2,4,5,6,0,8,1,3,7,9",31,25,0,25,0.0,0.0,0.0,0.0,0.0,0.0,0.0,0.0,"Feasible(status=11,gap=13.876511)"
1065,1064,0,0,0,-,0:4|8;1:5|7;2:5|7|8;3:5|6|8;4:7|9;5:0|1|8|9;6:8;7:0|3|4|5|6;8:3|4|5|8;9:0|7|8,0:-;1:-;2:-;3:-;4:-;5:-;6:-;7:-;8:-;9:-,1@1=1;1@4=1;2@4=1;2@3=1;2@6=1;2@8=1;4@4=2;4@2=1;4@7=2;4@9=1;5@1=1;5@4=2;5@6=2;5@2=2;6@4=1;6@6=1;7@1=1;7@6=1;7@2=1;7@7=1;8@3=1;8@8=1;8@7=1;8@5=1,"1,4,3,6,8,2,7,9,5",29,24,0,24,0.0,0.0,0.0,0.0,0.0,0.0,0.0,0.0,"Feasible(status=11,gap=13.876511)"
1066,1065,0,0,0,-,0:4|8;1:5|7;2:5|7|8;3:5|6|8;4:7|9;5:0|1|8|9;6:8;7:0|3|4|5|6;8:3|4|5|8;9:0|7|8,0:-;1:-;2:-;3:-;4:-;5:-;6:-;7:-;8:-;9:-,0@2=1;1@2=2;1@1=1;1@3=1;1@4=1;1@9=1;4@2=4;4@4=2;4@6=1;4@8=1;5@2=3;5@1=1;5@3=1;5@4=2;5@5=1;6@1=1;7@4=1;7@8=1;7@5=2;7@0=1;7@7=1;8@2=4;8@1=1;8@3=1;8@4=1;8@6=1;8@0=1;8@7=2,"2,1,3,4,9,6,8,5,0,7",41,28,0,28,0.0,0.0,0.0,0.0,0.0,0.0,0.0,0.0,"Feasible(status=11,gap=13.876511)"
1067,1066,0,0,0,-,0:4|8;1:5|7;2:5|7|8;3:5|6|8;4:7|9;5:0|1|8|9;6:8;7:0|3|4|5|6;8:3|4|5|8;9:0|7|8,0:-;1:-;2:-;3:-;4:-;5:-;6:-;7:-;8:-;9:-,1@1=1;1@2=1;1@4=2;1@5=1;1@6=1;1@7=2;2@2=1;2@5=1;2@7=1;3@2=1;3@4=2;3@7=1;3@9=1;4@2=2;4@4=4;4@5=1;4@7=1;4@9=1;4@0=2;5@1=2;5@2=2;5@4=3;5@5=1;6@1=1;6@2=2;6@4=1;6@7=1;6@9=1;7@1=2;7@2=1;7@4=1;7@0=4;7@8=1;8@4=1;8@5=2;8@6=1;8@7=1;8@9=1;8@8=1;8@3=1,"1,2,4,5,6,7,9,0,8,3",58,40,0,40,0.0,0.0,0.0,0.0,0.0,0.0,0.0,0.0,"Feasible(status=11,gap=13.876511)"
1068,1067,0,0,0,-,0:4|8;1:5|7;2:5|7|8;3:5|6|8;4:7|9;5:0|1|8|9;6:8;7:0|3|4|5|6;8:3|4|5|8;9:0|7|8,0:-;1:-;2:-;3:-;4:-;5:-;6:-;7:-;8:-;9:-,1@1=2;1@5=2;1@7=1;1@8=1;1@9=1;2@5=1;2@7=1;2@9=1;2@0=1;2@2=2;3@1=4;3@5=1;3@2=2;4@1=3;4@7=1;4@0=2;4@2=1;4@3=1;4@6=1;5@1=2;5@5=1;5@9=2;5@0=1;5@2=1;5@3=3;5@6=1;6@1=1;6@5=1;6@8=1;6@0=2;6@2=1;7@1=1;7@5=1;7@7=1;7@9=1;7@2=1;7@6=1;8@9=1;8@0=1;8@2=2;8@4=2,"1,5,7,8,9,0,2,3,6,4",58,41,0,41,0.0,0.0,0.0,0.0,0.0,0.0,0.0,0.0,"Feasible(status=11,gap=13.876511)"
1069,1068,0,0,0,-,0:4|8;1:5|7;2:5|7|8;3:5|6|8;4:7|9;5:0|1|8|9;6:8;7:0|3|4|5|6;8:3|4|5|8;9:0|7|8,0:-;1:-;2:-;3:-;4:-;5:-;6:-;7:-;8:-;9:-,0@9=1;1@9=2;1@0=1;1@2=2;1@4=1;1@6=1;1@8=1;2@0=2;2@2=5;2@4=3;2@6=1;2@7=1;3@9=2;3@0=2;3@2=1;3@4=2;3@5=2;4@9=1;4@8=2;4@5=1;4@1=1;4@3=1;5@9=3;5@2=1;5@6=1;5@8=2;5@7=1;6@2=1;6@4=1;6@8=1;6@1=1;6@3=1;7@0=2;7@2=3;7@4=2;7@8=1;7@5=2;7@1=1;8@0=1;8@2=1;8@4=3,"9,0,2,4,6,8,7,5,1,3",65,41,0,41,0.0,0.0,0.0,0.0,0.0,0.0,0.0,0.0,"Feasible(status=11,gap=13.876511)"
1070,1069,0,0,0,-,0:4|8;1:5|7;2:5|7|8;3:5|6|8;4:7|9;5:0|1|8|9;6:8;7:0|3|4|5|6;8:3|4|5|8;9:0|7|8,0:-;1:-;2:-;3:-;4:-;5:-;6:-;7:-;8:-;9:-,0@7=1;1@2=1;1@4=1;2@7=1;2@4=1;2@5=2;2@8=1;3@7=1;3@2=2;3@4=4;3@3=2;3@9=1;4@4=3;4@5=1;4@0=1;4@6=1;5@3=1;5@9=1;5@0=1;6@4=1;7@2=1;7@8=1;7@3=1;7@6=1;7@1=2;8@7=4;8@2=1;8@4=3;8@1=2,"7,2,4,5,8,3,9,0,6,1",44,29,0,29,0.0,0.0,0.0,0.0,0.0,0.0,0.0,0.0,"Feasible(status=11,gap=13.876511)"
1071,1070,0,0,0,-,0:4|8;1:5|7;2:5|7|8;3:5|6|8;4:7|9;5:0|1|8|9;6:8;7:0|3|4|5|6;8:3|4|5|8;9:0|7|8,0:-;1:-;2:-;3:-;4:-;5:-;6:-;7:-;8:-;9:-,0@3=1;1@0=1;1@2=2;2@3=1;2@0=1;2@2=1;2@1=1;2@6=1;2@8=1;3@2=1;3@1=3;3@6=2;3@8=1;3@4=1;4@0=2;4@1=1;4@7=1;5@3=1;5@4=2;6@0=1;6@1=1;6@6=1;6@4=4;7@3=1;7@1=2;7@4=1;7@9=1;8@0=2;8@2=1;8@1=3;8@6=1;8@8=1;8@5=1;9@1=1,"3,0,2,1,6,8,4,7,9,5",47,34,0,34,0.0,0.0,0.0,0.0,0.0,0.0,0.0,0.0,"Feasible(status=11,gap=13.876511)"
1072,1071,0,0,0,-,0:4|8;1:5|7;2:5|7|8;3:5|6|8;4:7|9;5:0|1|8|9;6:8;7:0|3|4|5|6;8:3|4|5|8;9:0|7|8,0:-;1:-;2:-;3:-;4:-;5:-;6:-;7:-;8:-;9:-,0@2=1;1@0=1;1@4=2;1@6=1;3@2=1;3@4=1;3@3=1;4@2=1;4@0=1;4@4=2;4@3=1;4@1=1;4@8=1;5@4=2;5@3=1;5@8=1;6@2=1;6@7=2;6@9=1;7@2=1;8@2=1;8@0=1;8@4=2;8@3=1;8@9=1;8@5=1,"2,0,4,6,3,1,8,7,9,5",31,26,0,26,0.0,0.0,0.0,0.0,0.0,0.0,0.0,0.0,"Feasible(status=11,gap=13.876511)"
1073,1072,0,0,0,-,0:4|8;1:5|7;2:5|7|8;3:5|6|8;4:7|9;5:0|1|8|9;6:8;7:0|3|4|5|6;8:3|4|5|8;9:0|7|8,0:-;1:-;2:-;3:-;4:-;5:-;6:-;7:-;8:-;9:-,1@3=1;1@4=2;3@8=1;4@4=1;4@8=1;4@0=1;4@2=1;4@5=1;4@6=1;5@3=1;5@0=2;5@2=2;6@4=1;6@8=1;6@0=1;7@1=1;7@7=1;8@5=1;8@6=1;9@8=1,"3,4,8,0,2,5,6,1,7",23,20,0,20,0.0,0.0,0.0,0.0,0.0,0.0,0.0,0.0,"Feasible(status=11,gap=13.876511)"
1074,1073,0,0,0,-,0:4|8;1:5|7;2:5|7|8;3:5|6|8;4:7|9;5:0|1|8|9;6:8;7:0|3|4|5|6;8:3|4|5|8;9:0|7|8,0:-;1:-;2:-;3:-;4:-;5:-;6:-;7:-;8:-;9:-,1@0=2;1@1=2;1@4=4;1@5=1;1@9=1;2@5=1;4@4=1;4@9=1;4@8=2;5@0=1;5@1=1;5@4=3;5@5=1;5@2=1;5@3=1;5@7=1;6@0=1;6@1=1;6@8=1;6@3=1;6@6=3;7@0=1;7@1=1;7@4=1;7@2=2;7@3=1;7@7=1;8@4=1;8@5=2;8@8=3;8@2=1;8@6=2,"0,1,4,5,9,8,2,3,7,6",47,32,0,32,0.0,0.0,0.0,0.0,0.0,0.0,0.0,0.0,"Feasible(status=11,gap=13.876511)"
1075,1074,0,0,0,-,0:4|8;1:5|7;2:5|7|8;3:5|6|8;4:7|9;5:0|1|8|9;6:8;7:0|3|4|5|6;8:3|4|5|8;9:0|7|8,0:-;1:-;2:-;3:-;4:-;5:-;6:-;7:-;8:-;9:-,1@0=1;1@1=1;1@2=3;1@3=1;1@6=1;1@7=2;1@8=1;3@2=1;3@3=1;4@0=1;4@1=2;4@2=1;4@6=1;4@4=3;5@0=1;5@2=1;5@7=1;5@8=1;5@4=1;6@2=2;6@3=1;6@7=1;6@4=3;7@0=3;7@2=1;7@6=1;7@4=1;8@0=1;8@1=2;8@2=4;8@7=1;8@4=1;9@0=2;9@7=1;9@8=1;9@4=1;9@5=2,"0,1,2,3,6,7,8,4,5",54,37,0,37,0.0,0.0,0.0,0.0,0.0,0.0,0.0,0.0,"Feasible(status=11,gap=13.876511)"
1076,1075,0,0,0,-,0:4|8;1:5|7;2:5|7|8;3:5|6|8;4:7|9;5:0|1|8|9;6:8;7:0|3|4|5|6;8:3|4|5|8;9:0|7|8,0:-;1:-;2:-;3:-;4:-;5:-;6:-;7:-;8:-;9:-,1@0=2;1@1=1;1@2=1;1@3=1;1@4=1;1@7=1;2@2=1;3@8=1;4@1=1;4@2=1;4@3=1;4@4=3;4@6=2;5@2=2;5@4=1;5@6=2;5@5=1;6@4=1;6@7=1;7@2=1;7@4=1;7@7=1;7@9=1;8@2=4;8@3=1;8@4=3;8@6=1;9@0=3;9@1=1;9@2=1;9@4=1;9@7=1;9@6=2;9@5=1;9@9=1,"0,1,2,3,4,7,8,6,5,9",49,35,0,35,0.0,0.0,0.0,0.0,0.0,0.0,0.0,0.0,"Feasible(status=11,gap=13.876511)"
1077,1076,0,0,0,-,0:4|8;1:5|7;2:5|7|8;3:5|6|8;4:7|9;5:0|1|8|9;6:8;7:0|3|4|5|6;8:3|4|5|8;9:0|7|8,0:-;1:-;2:-;3:-;4:-;5:-;6:-;7:-;8:-;9:-,1@1=1;1@2=5;1@3=2;1@4=1;1@8=1;1@9=1;2@1=1;2@2=1;2@3=1;3@9=1;3@5=1;4@2=3;4@3=2;4@4=2;4@9=1;4@5=1;4@6=1;4@7=1;6@2=1;6@9=1;6@0=1;7@1=1;7@2=1;7@4=1;7@8=2;8@1=2;8@2=4;8@3=1;8@4=1;8@5=2;8@0=1;9@1=4;9@2=8;9@4=7;9@8=2;9@9=1;9@5=1;9@6=2;9@7=1,"1,2,3,4,8,9,5,6,7,0",72,39,0,39,0.0,0.0,0.0,0.0,0.0,0.0,0.0,0.0,"Feasible(status=11,gap=13.876511)"
1078,1077,0,0,0,-,0:4|8;1:5|7;2:5|7|8;3:5|6|8;4:7|9;5:0|1|8|9;6:8;7:0|3|4|5|6;8:3|4|5|8;9:0|7|8,0:-;1:-;2:-;3:-;4:-;5:-;6:-;7:-;8:-;9:-,0@1=1;0@2=3;0@3=1;0@4=3;0@6=1;0@7=1;1@2=2;1@3=1;1@7=1;1@5=2;1@8=1;1@9=1;3@2=1;4@1=2;4@2=2;4@3=2;4@4=2;4@6=1;4@7=1;4@9=1;4@0=1;5@3=2;5@4=1;5@7=2;5@5=1;6@2=2;6@3=1;6@4=2;6@6=1;6@0=1;7@2=1;7@4=1;7@6=1;7@0=2;8@1=2;8@2=3;8@3=2;8@4=2;8@6=1;8@8=1;8@9=1;8@0=1;9@1=4;9@2=5;9@4=4;9@7=4;9@5=2;9@9=1;9@0=1,"1,2,3,4,6,7,5,8,9,0",83,49,0,49,0.0,0.0,0.0,0.0,0.0,0.0,0.0,0.0,"Feasible(status=11,gap=13.876511)"
1079,1078,0,0,0,-,0:4|8;1:5|7;2:5|7|8;3:5|6|8;4:7|9;5:0|1|8|9;6:8;7:0|3|4|5|6;8:3|4|5|8;9:0|7|8,0:-;1:-;2:-;3:-;4:-;5:-;6:-;7:-;8:-;9:-,0@2=2;0@4=2;0@6=2;0@9=1;1@2=2;1@0=1;1@1=2;1@3=1;1@5=1;1@7=1;1@8=2;3@5=1;4@2=1;4@9=1;4@0=1;4@1=1;4@7=2;6@1=1;7@9=1;7@8=1;8@4=1;8@1=2;8@3=3;8@7=2;9@2=1;9@4=4;9@1=4;9@3=1;9@5=2,"2,4,6,9,0,1,3,5,7,8",47,29,0,29,0.0,0.0,0.0,0.0,0.0,0.0,0.0,0.0,"Feasible(status=11,gap=13.876511)"
1080,1079,0,0,0,-,0:4|8;1:5|7;2:5|7|8;3:5|6|8;4:7|9;5:0|1|8|9;6:8;7:0|3|4|5|6;8:3|4|5|8;9:0|7|8,0:-;1:-;2:-;3:-;4:-;5:-;6:-;7:-;8:-;9:-,0@1=2;0@2=3;0@4=3;0@5=2;0@6=1;0@7=2;0@9=1;1@2=3;1@4=1;1@5=1;1@8=1;4@4=2;4@5=2;4@6=1;4@9=1;4@8=1;4@3=1;5@4=2;5@9=1;6@1=1;6@4=3;6@5=1;6@7=1;7@2=1;8@4=1;9@1=1;9@2=4;9@4=3;9@5=2;9@6=1;9@7=2;9@8=1;9@0=1,"1,2,4,5,6,7,9,8,3,0",54,33,0,33,0.0,0.0,0.0,0.0,0.0,0.0,0.0,0.0,"Feasible(status=11,gap=13.876511)"
1081,1080,0,0,0,-,0:4|8;1:5|7;2:5|7|8;3:5|6|8;4:7|9;5:0|1|8|9;6:8;7:0|3|4|5|6;8:3|4|5|8;9:0|7|8,0:-;1:-;2:-;3:-;4:-;5:-;6:-;7:-;8:-;9:-,0@1=3;0@3=2;0@4=5;0@5=2;0@6=1;0@7=5;0@8=1;0@9=1;1@3=1;1@5=2;1@7=1;1@0=2;1@2=1;4@1=2;4@4=2;4@5=1;4@7=1;4@8=1;4@9=2;4@0=2;4@2=3;5@4=1;5@6=4;5@8=2;5@9=1;6@8=1;7@1=2;7@3=1;7@4=1;7@5=1;7@6=1;8@1=1;8@3=1;8@4=2;8@5=1;8@6=1;8@8=1;8@9=1;8@2=1;9@1=5;9@3=3;9@4=10;9@5=3;9@6=4;9@7=7;9@8=6;9@9=8;9@0=5;9@2=11,"1,3,4,5,6,7,8,9,0,2",127,49,0,49,0.0,0.0,0.0,0.0,0.0,0.0,0.0,0.0,"Feasible(status=11,gap=13.876511)"
1082,1081,0,0,0,-,0:4|8;1:5|7;2:5|7|8;3:5|6|8;4:7|9;5:0|1|8|9;6:8;7:0|3|4|5|6;8:3|4|5|8;9:0|7|8,0:-;1:-;2:-;3:-;4:-;5:-;6:-;7:-;8:-;9:-,0@0=4;0@1=1;0@2=2;0@3=2;0@5=2;1@0=1;1@3=1;1@4=2;1@6=1;1@7=1;1@8=1;2@3=1;2@8=1;4@1=1;4@2=1;4@5=1;4@4=1;4@7=2;5@0=1;5@3=1;5@5=1;5@4=3;5@6=1;5@8=1;6@1=3;6@2=1;6@4=1;6@6=1;7@0=1;7@1=3;7@2=1;7@8=1;8@0=4;8@1=1;8@2=4;8@3=1;8@4=2;8@7=2;8@8=1;8@9=2;9@0=2;9@1=7;9@2=6;9@3=3;9@5=5;9@4=7;9@6=5;9@7=7;9@8=2;9@9=3,"0,1,2,3,5,4,6,7,8,9",110,50,0,50,0.0,0.0,0.0,0.0,0.0,0.0,0.0,0.0,"Feasible(status=11,gap=13.876511)"
1083,1082,0,0,0,-,0:4|8;1:5|7;2:5|7|8;3:5|6|8;4:7|9;5:0|1|8|9;6:8;7:0|3|4|5|6;8:3|4|5|8;9:0|7|8,0:-;1:-;2:-;3:-;4:-;5:-;6:-;7:-;8:-;9:-,0@0=1;0@1=2;0@2=1;0@4=2;0@8=1;1@0=1;1@1=1;1@2=1;1@4=1;1@8=1;1@7=1;1@9=1;4@1=1;4@4=2;4@8=1;4@7=1;4@9=2;4@3=1;5@0=1;5@1=1;5@4=2;5@7=1;5@5=2;7@1=1;7@2=1;7@4=1;7@7=1;7@9=2;7@3=1;7@5=3;7@6=2;8@0=2;8@1=1;8@2=2;8@4=4;8@7=3;8@3=1;8@5=3;9@0=2;9@1=5;9@2=12;9@4=8;9@8=3;9@7=3;9@9=2;9@3=4;9@5=1;9@6=3,"0,1,2,4,8,7,9,3,5,6",100,48,0,48,0.0,0.0,0.0,0.0,0.0,0.0,0.0,0.0,"Feasible(status=11,gap=13.876511)"
1084,1083,0,0,0,-,0:4|8;1:5|7;2:5|7|8;3:5|6|8;4:7|9;5:0|1|8|9;6:8;7:0|3|4|5|6;8:3|4|5|8;9:0|7|8,0:-;1:-;2:-;3:-;4:-;5:-;6:-;7:-;8:-;9:-,0@1=2;0@2=1;0@3=2;0@4=1;0@5=2;0@9=2;1@3=2;1@4=3;1@5=2;1@6=1;3@1=1;3@2=1;3@4=1;3@5=1;3@9=1;3@0=1;3@8=1;4@1=1;4@2=2;4@4=2;5@4=1;5@5=1;5@6=1;6@1=1;6@3=1;6@4=1;6@7=2;8@1=4;8@2=5;8@3=1;8@4=1;8@5=1;8@0=1;8@8=1;9@1=6;9@2=8;9@3=1;9@4=6;9@5=1;9@9=1;9@6=3;9@8=1,"1,2,3,4,5,9,6,0,8,7",79,42,0,42,0.0,0.0,0.0,0.0,0.0,0.0,0.0,0.0,"Feasible(status=11,gap=13.876511)"
1085,1084,0,0,0,-,0:4|8;1:5|7;2:5|7|8;3:5|6|8;4:7|9;5:0|1|8|9;6:8;7:0|3|4|5|6;8:3|4|5|8;9:0|7|8,0:-;1:-;2:-;3:-;4:-;5:-;6:-;7:-;8:-;9:-,0@1=2;0@2=1;0@3=1;0@4=1;1@2=1;1@4=1;1@6=1;2@2=1;3@2=1;3@3=1;3@4=1;3@6=2;3@8=1;4@2=1;4@4=2;4@6=1;4@5=1;5@4=1;5@5=1;5@7=1;6@0=1;7@1=1;7@6=1;8@3=1;8@4=3;8@5=1;8@9=1;9@1=3;9@2=6;9@3=1;9@4=5;9@6=2;9@8=2;9@7=2;9@0=2;9@9=1,"1,2,3,4,6,8,5,7,0,9",56,36,0,36,0.0,0.0,0.0,0.0,0.0,0.0,0.0,0.0,"Feasible(status=11,gap=13.876511)"
1086,1085,0,0,0,-,0:4|8;1:5|7;2:5|7|8;3:5|6|8;4:7|9;5:0|1|8|9;6:8;7:0|3|4|5|6;8:3|4|5|8;9:0|7|8,0:-;1:-;2:-;3:-;4:-;5:-;6:-;7:-;8:-;9:-,0@1=2;0@5=1;0@6=1;1@1=2;1@5=1;1@4=1;1@8=1;1@9=1;2@7=1;3@4=1;4@1=3;4@6=1;4@4=2;4@8=1;4@2=1;5@4=1;5@2=1;6@1=1;6@2=1;7@1=1;7@6=1;7@4=1;8@4=1;8@7=1;8@2=1;8@0=1;9@1=3;9@5=1;9@4=1;9@8=2;9@7=1;9@2=4;9@0=1,"1,5,6,4,8,9,7,2,0",44,33,0,33,0.0,0.0,0.0,0.0,0.0,0.0,0.0,0.0,"Feasible(status=11,gap=13.876511)"
1087,1086,0,0,0,-,0:4|8;1:5|7;2:5|7|8;3:5|6|8;4:7|9;5:0|1|8|9;6:8;7:0|3|4|5|6;8:3|4|5|8;9:0|7|8,0:-;1:-;2:-;3:-;4:-;5:-;6:-;7:-;8:-;9:-,0@0=1;0@2=2;0@4=1;0@8=1;0@9=1;1@0=1;1@2=1;1@4=1;1@8=1;1@1=1;1@6=1;1@7=1;4@2=2;4@4=2;4@1=1;4@6=1;4@7=3;4@3=2;4@5=2;5@6=2;6@2=1;7@0=1;7@2=1;7@9=1;8@2=1;8@1=1;9@0=1;9@2=1;9@4=4;9@9=3;9@1=4;9@6=1;9@7=1;9@3=2,"0,2,4,8,9,1,6,7,3,5",51,34,0,34,0.0,0.0,0.0,0.0,0.0,0.0,0.0,0.0,"Feasible(status=11,gap=13.876511)"
1088,1087,0,0,0,-,0:4|8;1:5|7;2:5|7|8;3:5|6|8;4:7|9;5:0|1|8|9;6:8;7:0|3|4|5|6;8:3|4|5|8;9:0|7|8,0:-;1:-;2:-;3:-;4:-;5:-;6:-;7:-;8:-;9:-,0@0=1;0@1=1;0@2=1;0@3=2;0@4=1;0@5=1;0@8=1;0@9=2;1@2=1;1@4=3;1@8=1;1@9=1;1@6=2;2@2=3;2@3=1;2@8=1;2@9=1;3@1=1;3@3=1;3@4=4;3@8=2;4@0=1;4@1=1;4@2=1;4@3=1;4@4=1;5@1=2;5@2=2;5@9=1;5@7=1;6@1=2;6@4=1;6@8=1;6@6=1;7@1=1;8@0=1;8@1=1;8@2=3;8@4=3;8@9=1;8@7=4;9@0=2;9@1=6;9@2=4;9@3=2;9@4=6;9@5=2;9@8=1;9@9=3;9@6=4;9@7=3,"0,1,2,3,4,5,8,9,6,7",95,51,0,51,0.0,0.0,0.0,0.0,0.0,0.0,0.0,0.0,"Feasible(status=11,gap=13.876511)"
1089,1088,0,0,0,-,0:4|8;1:5|7;2:5|7|8;3:5|6|8;4:7|9;5:0|1|8|9;6:8;7:0|3|4|5|6;8:3|4|5|8;9:0|7|8,0:-;1:-;2:-;3:-;4:-;5:-;6:-;7:-;8:-;9:-,0@1=1;0@2=3;0@3=1;0@4=2;0@5=1;0@6=2;0@8=2;1@2=2;1@3=2;1@4=2;1@5=1;1@8=3;3@1=3;3@2=2;3@4=3;4@2=1;4@3=2;4@5=3;4@8=3;4@9=1;5@1=2;5@8=1;5@0=1;6@2=1;6@5=1;6@6=1;6@7=2;7@2=3;7@8=1;7@0=1;7@7=2;8@1=1;8@2=1;8@3=1;8@4=1;8@9=2;8@0=2;9@1=5;9@2=9;9@3=5;9@4=13;9@5=6;9@6=5;9@8=3;9@9=1;9@0=7;9@7=2,"1,2,3,4,5,6,8,9,0,7",120,47,0,47,0.0,0.0,0.0,0.0,0.0,0.0,0.0,0.0,"Feasible(status=11,gap=13.876511)"
1090,1089,0,0,0,-,0:4|8;1:5|7;2:5|7|8;3:5|6|8;4:7|9;5:0|1|8|9;6:8;7:0|3|4|5|6;8:3|4|5|8;9:0|7|8,0:-;1:-;2:-;3:-;4:-;5:-;6:-;7:-;8:-;9:-,0@1=5;0@2=3;0@3=1;0@7=1;0@8=1;1@1=1;1@2=3;1@3=1;1@7=1;1@0=1;1@4=4;1@6=1;1@9=1;2@2=1;2@0=1;2@4=1;3@3=1;3@7=2;3@4=1;3@6=1;3@9=1;3@5=1;4@1=1;4@2=1;4@3=1;4@7=1;4@4=1;4@9=2;5@1=2;5@2=4;5@4=1;5@9=1;5@5=1;6@2=1;6@3=2;6@4=4;6@9=2;6@5=3;7@1=3;7@7=1;7@4=4;7@5=1;8@1=3;8@3=1;8@7=1;8@0=3;8@4=2;8@6=1;8@9=2;8@5=2;9@1=5;9@2=13;9@3=3;9@7=6;9@8=6;9@0=8;9@4=7;9@6=4;9@9=3;9@5=2,"1,2,3,7,8,0,4,6,9,5",143,60,0,60,0.0,0.0,0.0,0.0,0.0,0.0,0.0,0.0,"Feasible(status=11,gap=13.876511)"
1091,1090,0,0,0,-,0:4|8;1:5|7;2:5|7|8;3:5|6|8;4:7|9;5:0|1|8|9;6:8;7:0|3|4|5|6;8:3|4|5|8;9:0|7|8,0:-;1:-;2:-;3:-;4:-;5:-;6:-;7:-;8:-;9:-,0@1=2;0@2=3;0@3=1;0@4=3;0@8=1;0@9=2;1@1=2;1@2=2;1@3=1;1@4=1;1@8=2;2@2=1;2@4=1;4@1=2;4@2=2;4@4=3;4@0=1;4@5=1;5@1=1;5@2=1;5@3=1;5@8=2;6@1=1;6@2=4;6@4=1;6@0=3;6@7=2;7@1=1;7@2=2;7@4=2;7@8=1;7@9=1;7@6=1;8@2=2;8@4=3;8@8=2;8@7=1;9@1=12;9@2=11;9@3=2;9@4=10;9@8=3;9@9=8;9@0=4;9@5=4;9@7=3;9@6=3,"1,2,3,4,8,9,0,5,7,6",123,47,0,47,0.0,0.0,0.0,0.0,0.0,0.0,0.0,0.0,"Feasible(status=11,gap=13.876511)"
1092,1091,0,0,0,-,0:4|8;1:5|7;2:5|7|8;3:5|6|8;4:7|9;5:0|1|8|9;6:8;7:0|3|4|5|6;8:3|4|5|8;9:0|7|8,0:-;1:-;2:-;3:-;4:-;5:-;6:-;7:-;8:-;9:-,0@1=3;0@2=5;0@3=1;0@4=1;0@5=1;0@6=1;0@7=1;0@8=1;0@9=1;1@3=1;1@4=1;1@9=1;4@2=5;4@4=1;4@5=2;4@7=2;4@8=1;4@0=2;5@1=1;5@2=2;5@3=1;5@4=1;5@0=1;6@2=1;6@9=1;7@1=1;7@2=1;7@3=1;7@6=1;7@8=1;7@9=2;8@2=3;8@3=1;8@4=4;8@6=2;8@9=2;8@0=1;9@1=4;9@2=2;9@4=1;9@6=6;9@7=1;9@8=1;9@9=4;9@0=2,"1,2,3,4,5,6,7,8,9,0",80,45,0,45,0.0,0.0,0.0,0.0,0.0,0.0,0.0,0.0,"Feasible(status=11,gap=13.876511)"
1093,1092,0,0,0,-,0:4|8;1:5|7;2:5|7|8;3:5|6|8;4:7|9;5:0|1|8|9;6:8;7:0|3|4|5|6;8:3|4|5|8;9:0|7|8,0:-;1:-;2:-;3:-;4:-;5:-;6:-;7:-;8:-;9:-,0@1=1;0@2=3;0@3=2;0@4=1;0@6=1;0@7=1;0@8=1;1@2=1;1@4=1;1@8=1;1@0=1;4@1=1;4@2=3;4@4=3;4@6=1;4@8=1;4@5=2;5@7=1;5@8=1;6@2=1;6@4=1;6@8=2;6@5=1;7@1=2;7@3=1;7@4=3;7@6=1;7@7=1;7@0=1;8@1=1;8@4=1;8@6=2;8@7=2;8@8=1;8@0=1;8@5=1;8@9=1;9@1=2;9@2=5;9@3=2;9@4=7;9@6=2;9@7=3;9@0=2;9@5=1;9@9=1,"1,2,3,4,6,7,8,0,5,9",76,46,0,46,0.0,0.0,0.0,0.0,0.0,0.0,0.0,0.0,"Feasible(status=11,gap=13.876511)"
1094,1093,0,0,0,-,0:4|8;1:5|7;2:5|7|8;3:5|6|8;4:7|9;5:0|1|8|9;6:8;7:0|3|4|5|6;8:3|4|5|8;9:0|7|8,0:-;1:-;2:-;3:-;4:-;5:-;6:-;7:-;8:-;9:-,0@1=3;0@2=2;0@4=1;0@5=2;0@6=1;0@7=1;0@8=1;0@9=2;1@1=1;1@2=1;1@4=2;2@9=1;4@2=1;4@4=2;4@6=3;4@9=1;4@3=1;5@4=4;5@5=4;5@8=1;5@9=2;6@7=1;6@8=1;7@2=1;7@4=1;7@6=2;7@9=1;7@3=1;8@0=1;9@1=3;9@2=6;9@4=5;9@5=1;9@6=3;9@7=3;9@8=1;9@9=2;9@3=1;9@0=4,"1,2,4,5,6,7,8,9,3,0",75,39,0,39,0.0,0.0,0.0,0.0,0.0,0.0,0.0,0.0,"Feasible(status=11,gap=13.876511)"
1095,1094,0,0,0,-,0:4|8;1:5|7;2:5|7|8;3:5|6|8;4:7|9;5:0|1|8|9;6:8;7:0|3|4|5|6;8:3|4|5|8;9:0|7|8,0:-;1:-;2:-;3:-;4:-;5:-;6:-;7:-;8:-;9:-,0@1=3;0@2=2;0@3=2;0@4=4;0@8=1;0@9=1;1@2=3;1@3=2;1@4=3;1@9=1;1@6=1;2@1=2;4@1=3;4@2=3;4@3=1;4@8=2;4@9=2;4@6=1;4@0=2;5@1=2;5@2=2;5@3=2;5@4=1;5@8=2;5@9=1;5@7=1;6@1=1;6@4=1;6@9=1;6@0=1;7@2=5;7@3=1;7@4=2;7@8=4;7@9=1;7@6=2;7@0=1;7@7=1;7@5=1;8@1=2;8@2=3;8@4=2;8@9=2;8@6=1;8@0=1;8@7=1;8@5=2;9@1=5;9@2=10;9@3=4;9@4=9;9@8=12;9@9=3;9@6=7;9@0=3;9@7=7;9@5=4,"1,2,3,4,8,9,6,0,7,5",150,57,0,57,0.0,0.0,0.0,0.0,0.0,0.0,0.0,0.0,"Feasible(status=11,gap=13.876511)"
1096,1095,0,0,0,-,0:4|8;1:5|7;2:5|7|8;3:5|6|8;4:7|9;5:0|1|8|9;6:8;7:0|3|4|5|6;8:3|4|5|8;9:0|7|8,0:-;1:-;2:-;3:-;4:-;5:-;6:-;7:-;8:-;9:-,0@1=1;0@2=2;0@4=2;0@5=1;0@8=2;1@1=3;1@2=4;2@1=1;3@1=2;3@2=2;3@4=2;3@5=2;3@8=1;3@0=1;3@6=1;3@7=1;4@1=2;4@2=3;4@4=4;4@5=3;4@0=2;4@6=1;4@3=1;4@9=2;5@2=1;5@4=1;5@7=2;5@3=1;6@1=3;6@2=2;6@5=1;6@0=1;6@7=1;6@3=1;6@9=2;7@1=2;7@2=1;7@4=3;7@3=1;7@9=3;8@2=3;8@4=3;8@5=2;8@8=1;8@6=3;8@7=1;8@3=1;8@9=1;9@1=9;9@2=7;9@4=9;9@5=7;9@8=8;9@0=3;9@6=4;9@7=1;9@3=3;9@9=7,"1,2,4,5,8,0,6,7,3,9",145,58,0,58,0.0,0.0,0.0,0.0,0.0,0.0,0.0,0.0,"Feasible(status=11,gap=13.876511)"
1097,1096,0,0,0,-,0:4|8;1:5|7;2:5|7|8;3:5|6|8;4:7|9;5:0|1|8|9;6:8;7:0|3|4|5|6;8:3|4|5|8;9:0|7|8,0:-;1:-;2:-;3:-;4:-;5:-;6:-;7:-;8:-;9:-,0@0=1;0@1=1;0@2=2;0@3=1;0@4=3;0@5=2;0@6=4;0@7=2;0@8=1;0@9=2;1@0=1;1@1=1;1@2=4;1@3=1;1@6=1;1@8=1;2@1=1;2@8=2;2@9=1;3@0=1;3@1=1;3@2=1;3@9=1;4@1=1;4@2=3;4@3=1;4@4=1;4@6=1;4@9=2;5@0=1;5@1=4;5@2=2;5@4=1;5@5=1;5@7=1;5@8=2;5@9=1;6@1=1;6@2=6;6@5=1;6@9=1;7@0=1;7@1=1;7@2=1;7@3=1;7@4=4;7@5=1;7@7=1;8@0=2;8@1=2;8@2=3;8@3=2;8@4=1;8@5=1;8@6=1;8@7=2;9@0=4;9@1=4;9@2=13;9@3=8;9@4=10;9@5=5;9@6=2;9@7=3;9@8=4;9@9=3,"0,1,2,3,4,5,6,7,8,9",147,66,0,66,0.0,0.0,0.0,0.0,0.0,0.0,0.0,0.0,"Feasible(status=11,gap=13.876511)"
1098,1097,0,0,0,-,0:4|8;1:5|7;2:5|7|8;3:5|6|8;4:7|9;5:0|1|8|9;6:8;7:0|3|4|5|6;8:3|4|5|8;9:0|7|8,0:-;1:-;2:-;3:-;4:-;5:-;6:-;7:-;8:-;9:-,0@0=1;0@2=3;0@3=1;0@4=2;0@5=1;0@7=1;0@9=1;1@0=1;1@2=1;1@4=3;1@5=1;1@7=2;1@1=2;2@2=2;2@4=1;2@5=1;2@1=1;3@0=1;3@2=3;3@3=2;3@4=3;3@7=2;3@9=1;3@1=1;3@8=1;4@4=3;4@5=2;4@9=2;4@8=4;4@6=2;5@2=2;5@3=1;5@4=2;5@5=2;5@7=2;5@8=1;5@6=1;6@0=1;6@2=3;6@3=1;6@5=1;6@8=2;7@2=2;7@4=2;7@9=2;7@1=1;7@6=1;8@0=1;8@2=2;8@3=1;8@4=1;8@5=2;8@7=1;8@9=1;8@1=1;8@8=1;9@0=5;9@2=6;9@3=1;9@4=7;9@5=2;9@7=3;9@9=5;9@1=4;9@8=4;9@6=3,"0,2,3,4,5,7,9,1,8,6",130,66,0,66,0.0,0.0,0.0,0.0,0.0,0.0,0.0,0.0,"Feasible(status=11,gap=13.876511)"
1099,1098,0,0,0,-,0:4|8;1:5|7;2:5|7|8;3:5|6|8;4:7|9;5:0|1|8|9;6:8;7:0|3|4|5|6;8:3|4|5|8;9:0|7|8,0:-;1:-;2:-;3:-;4:-;5:-;6:-;7:-;8:-;9:-,0@0=1;0@1=2;0@3=1;0@4=2;0@5=1;0@6=2;0@7=1;0@8=2;1@0=1;1@4=3;1@2=3;2@4=1;2@2=1;3@1=2;3@4=2;3@5=1;3@6=1;3@8=2;3@2=4;4@0=1;4@5=2;4@6=1;4@2=3;4@9=1;5@3=1;5@4=2;5@2=2;6@1=3;6@3=2;6@4=1;6@2=2;7@0=1;7@1=2;7@3=1;7@4=1;7@6=1;7@8=1;7@9=2;8@0=1;8@1=3;8@3=2;8@4=4;8@5=1;8@6=2;8@8=1;8@2=4;8@9=2;9@0=3;9@1=2;9@3=7;9@4=4;9@5=1;9@6=3;9@7=2;9@8=3;9@2=7;9@9=2,"0,1,3,4,5,6,7,8,2,9",117,57,0,57,0.0,0.0,0.0,0.0,0.0,0.0,0.0,0.0,"Feasible(status=11,gap=13.876511)"
1100,1099,0,0,0,-,0:4|8;1:5|7;2:5|7|8;3:5|6|8;4:7|9;5:0|1|8|9;6:8;7:0|3|4|5|6;8:3|4|5|8;9:0|7|8,0:-;1:-;2:-;3:-;4:-;5:-;6:-;7:-;8:-;9:-,0@0=1;0@2=2;0@3=2;0@4=2;0@5=2;0@6=2;0@8=4;1@0=2;1@4=2;1@5=1;1@1=2;1@7=2;2@0=1;2@4=1;2@5=1;2@6=1;2@7=1;3@2=1;3@3=1;3@4=7;3@5=2;3@6=1;3@1=2;3@7=1;3@9=1;4@0=2;4@2=1;4@3=1;4@6=1;4@8=2;4@9=1;5@2=1;5@4=3;5@8=1;5@1=3;6@0=1;6@3=1;6@5=1;6@8=1;7@2=1;7@3=2;7@4=1;7@6=1;7@1=2;7@7=1;7@9=1;8@2=1;8@3=1;8@4=2;8@6=2;8@1=2;8@9=2;9@0=1;9@2=1;9@3=1;9@4=5;9@5=1;9@8=3;9@1=1;9@9=1,"0,2,3,4,5,6,8,1,7,9",98,60,0,60,0.0,0.0,0.0,0.0,0.0,0.0,0.0,0.0,"Feasible(status=11,gap=13.876511)"
1101,1100,0,0,0,-,0:4|8;1:5|7;2:5|7|8;3:5|6|8;4:7|9;5:0|1|8|9;6:8;7:0|3|4|5|6;8:3|4|5|8;9:0|7|8,0:-;1:-;2:-;3:-;4:-;5:-;6:-;7:-;8:-;9:-,0@1=3;0@2=3;0@3=1;0@4=3;0@5=2;0@8=1;0@9=2;1@2=1;1@3=1;1@4=1;1@5=1;1@9=1;1@0=1;1@6=1;2@2=1;2@3=1;2@4=2;2@9=1;3@1=4;3@2=2;3@3=1;3@0=1;3@6=1;4@2=3;4@3=1;4@4=2;4@8=1;4@9=2;4@0=2;4@7=1;5@3=2;5@4=3;5@8=2;5@9=1;5@6=2;6@4=1;6@0=2;7@1=1;7@2=1;7@4=2;7@8=1;7@9=1;7@6=1;8@1=1;8@3=1;8@8=1;8@0=2;8@6=1;9@1=3;9@2=5;9@4=4;9@5=1;9@8=4;9@9=1;9@0=1;9@6=1,"1,2,3,4,5,8,9,0,6,7",94,56,0,56,0.0,0.0,0.0,0.0,0.0,0.0,0.0,0.0,"Feasible(status=11,gap=13.876511)"
1102,1101,0,0,0,-,0:4|8;1:5|7;2:5|7|8;3:5|6|8;4:7|9;5:0|1|8|9;6:8;7:0|3|4|5|6;8:3|4|5|8;9:0|7|8,0:-;1:-;2:-;3:-;4:-;5:-;6:-;7:-;8:-;9:-,0@0=2;0@1=6;0@2=3;0@3=2;0@4=8;0@5=2;0@6=2;0@7=1;0@9=1;1@2=2;1@4=1;1@5=1;1@6=2;1@7=1;2@1=1;2@2=2;2@4=2;2@7=1;2@9=2;3@1=1;3@2=5;3@4=1;3@5=2;3@9=2;4@1=3;4@2=3;4@4=7;4@5=1;4@6=2;4@7=3;4@9=3;4@8=1;5@0=2;5@1=2;5@3=2;5@4=2;5@5=1;5@6=1;5@8=1;6@1=1;6@2=1;6@3=1;6@4=1;6@5=2;6@8=1;7@0=1;7@1=3;7@2=3;7@4=2;7@5=1;7@7=1;7@9=1;7@8=1;8@0=1;8@1=2;8@2=2;8@3=1;8@4=1;8@5=1;8@9=2;8@8=2;9@0=4;9@1=6;9@2=12;9@3=4;9@4=5;9@5=3;9@6=1;9@7=4;9@9=2;9@8=3,"0,1,2,3,4,5,6,7,9,8",163,71,0,71,0.0,0.0,0.0,0.0,0.0,0.0,0.0,0.0,"Feasible(status=11,gap=13.876511)"
1103,1102,0,0,0,-,0:4|8;1:5|7;2:5|7|8;3:5|6|8;4:7|9;5:0|1|8|9;6:8;7:0|3|4|5|6;8:3|4|5|8;9:0|7|8,0:-;1:-;2:-;3:-;4:-;5:-;6:-;7:-;8:-;9:-,0@0=1;0@1=4;0@3=5;0@4=3;0@5=2;0@6=2;0@7=1;0@8=1;0@9=1;1@1=1;1@5=2;1@8=2;1@2=1;2@1=1;2@4=2;2@6=1;2@8=1;2@9=1;2@2=1;4@1=4;4@3=1;4@7=2;4@8=2;4@2=4;5@0=1;5@1=2;5@4=1;5@7=1;5@2=1;6@0=3;6@1=2;6@4=4;6@2=2;7@3=3;7@4=1;7@5=1;7@6=1;7@7=1;7@2=1;8@0=3;8@1=3;8@4=1;8@5=2;8@6=2;8@7=1;8@8=1;8@9=2;8@2=1;9@0=3;9@1=3;9@3=4;9@4=9;9@5=6;9@6=6;9@7=4;9@8=2;9@9=4;9@2=7,"0,1,3,4,5,6,7,8,9,2",135,58,0,58,0.0,0.0,0.0,0.0,0.0,0.0,0.0,0.0,"Feasible(status=11,gap=13.876511)"
1104,1103,0,0,0,-,0:4|8;1:5|7;2:5|7|8;3:5|6|8;4:7|9;5:0|1|8|9;6:8;7:0|3|4|5|6;8:3|4|5|8;9:0|7|8,0:-;1:-;2:-;3:-;4:-;5:-;6:-;7:-;8:-;9:-,0@1=4;0@2=4;0@4=2;0@7=1;0@9=1;1@2=1;1@4=4;1@9=2;1@5=1;1@6=1;2@9=1;2@6=2;2@0=1;2@3=1;4@1=3;4@2=2;4@4=3;4@5=1;5@1=1;5@2=3;5@4=2;5@7=1;5@6=2;5@8=1;6@4=3;6@7=1;6@6=2;6@3=1;7@1=1;7@2=4;7@5=1;7@6=1;8@1=5;8@2=2;8@4=1;8@7=1;8@9=1;8@6=3;8@0=1;8@3=1;8@8=1;9@1=6;9@2=7;9@4=6;9@7=1;9@9=3;9@5=5;9@6=3;9@0=2;9@3=2;9@8=3,"1,2,4,7,9,5,6,0,3,8",113,51,0,51,0.0,0.0,0.0,0.0,0.0,0.0,0.0,0.0,"Feasible(status=11,gap=13.876511)"
1105,1104,0,0,0,-,0:4|8;1:5|7;2:5|7|8;3:5|6|8;4:7|9;5:0|1|8|9;6:8;7:0|3|4|5|6;8:3|4|5|8;9:0|7|8,0:-;1:-;2:-;3:-;4:-;5:-;6:-;7:-;8:-;9:-,0@0=1;0@2=1;0@3=1;0@4=3;0@5=1;0@9=2;1@0=1;1@2=1;1@8=2;2@4=1;2@7=1;3@7=1;4@2=1;4@3=1;4@4=1;4@1=1;5@3=1;6@9=1;6@8=1;6@7=1;6@1=1;6@6=2;7@2=1;7@4=2;7@5=1;7@8=1;8@0=2;8@2=1;8@4=2;8@5=1;8@9=2;8@8=1;8@7=2;8@1=2;9@0=1;9@2=2;9@3=2;9@4=3;9@5=2;9@9=2;9@8=4;9@7=1;9@1=4,"0,2,3,4,5,9,8,7,1,6",66,43,0,43,0.0,0.0,0.0,0.0,0.0,0.0,0.0,0.0,"Feasible(status=11,gap=13.876511)"
1106,1105,0,0,0,-,0:4|8;1:5|7;2:5|7|8;3:5|6|8;4:7|9;5:0|1|8|9;6:8;7:0|3|4|5|6;8:3|4|5|8;9:0|7|8,0:-;1:-;2:-;3:-;4:-;5:-;6:-;7:-;8:-;9:-,0@0=1;0@1=4;0@2=10;0@3=7;0@4=18;0@5=9;0@6=7;0@7=4;0@8=4;0@9=2;1@0=8;1@1=7;1@2=9;1@3=1;1@4=10;1@5=4;1@6=5;1@7=3;1@8=1;1@9=4;2@0=2;2@1=3;2@2=4;2@3=3;2@4=3;2@5=3;2@6=1;2@9=6;3@0=5;3@1=7;3@2=16;3@3=5;3@4=9;3@5=3;3@6=5;3@7=5;3@8=7;3@9=6;4@0=4;4@1=6;4@2=9;4@3=4;4@4=8;4@5=3;4@6=1;4@7=1;4@8=3;4@9=6;5@0=3;5@1=4;5@2=11;5@3=3;5@4=6;5@5=6;5@6=3;5@7=2;5@8=1;5@9=2;6@0=2;6@1=1;6@2=4;6@3=2;6@4=4;6@5=1;6@6=2;6@7=2;6@8=3;7@0=2;7@1=5;7@2=7;7@3=5;7@4=6;7@5=4;7@6=3;7@7=3;7@8=1;7@9=5;8@0=5;8@1=8;8@2=11;8@3=1;8@4=15;8@5=6;8@6=6;8@7=4;8@8=4;8@9=5;9@0=11;9@1=16;9@2=16;9@3=9;9@4=22;9@5=12;9@6=15;9@7=4;9@8=5;9@9=7,"0,1,2,3,4,5,6,7,8,9",541,97,0,97,0.0,0.0,0.0,0.0,0.0,0.0,0.0,0.0,"Feasible(status=11,gap=13.876511)"
1107,1106,0,0,0,-,0:4|8;1:5|7;2:5|7|8;3:5|6|8;4:7|9;5:0|1|8|9;6:8;7:0|3|4|5|6;8:3|4|5|8;9:0|7|8,0:-;1:-;2:-;3:-;4:-;5:-;6:-;7:-;8:-;9:-,0@0=3;0@2=7;0@3=1;0@4=4;0@6=2;0@7=1;0@8=1;0@9=3;1@0=1;1@2=1;1@3=2;1@4=2;1@7=1;1@8=2;1@9=1;1@1=7;2@4=1;2@6=1;2@7=1;2@1=1;3@0=2;3@2=6;3@3=2;3@4=2;3@6=1;3@7=2;3@9=2;3@1=3;3@5=2;4@0=1;4@2=1;4@4=4;4@6=2;4@8=2;4@9=2;4@1=3;5@0=2;5@2=2;5@4=1;5@6=2;5@8=1;5@9=3;5@1=1;5@5=1;6@2=6;6@4=2;6@6=3;6@8=1;6@9=1;6@1=4;6@5=2;7@0=1;7@2=1;7@4=2;7@6=2;7@7=1;7@8=1;7@9=1;8@0=2;8@2=4;8@3=3;8@4=3;8@6=3;8@7=3;8@8=2;8@9=2;8@1=3;8@5=5;9@0=6;9@2=8;9@3=1;9@4=3;9@7=1;9@8=1;9@9=2;9@1=9;9@5=3,"0,2,3,4,6,7,8,9,1,5",185,77,0,77,0.0,0.0,0.0,0.0,0.0,0.0,0.0,0.0,"Feasible(status=11,gap=13.876511)"
1108,1107,0,0,0,-,0:4|8;1:5|7;2:5|7|8;3:5|6|8;4:7|9;5:0|1|8|9;6:8;7:0|3|4|5|6;8:3|4|5|8;9:0|7|8,0:-;1:-;2:-;3:-;4:-;5:-;6:-;7:-;8:-;9:-,0@2=1;0@4=2;0@6=1;0@9=1;1@2=2;1@4=1;1@3=1;1@7=1;2@2=1;3@9=1;3@1=1;3@8=1;4@2=1;4@6=1;4@3=1;4@1=1;5@8=1;6@2=1;6@9=1;6@8=1;7@4=1;7@7=1;7@1=1;7@8=2;7@5=1;9@2=5;9@4=5;9@6=1;9@3=2;9@1=1;9@8=1;9@0=1,"2,4,6,9,3,7,1,8,5,0",44,32,0,32,0.0,0.0,0.0,0.0,0.0,0.0,0.0,0.0,"Feasible(status=11,gap=13.876511)"
1109,1108,0,0,0,-,0:4|8;1:5|7;2:5|7|8;3:5|6|8;4:7|9;5:0|1|8|9;6:8;7:0|3|4|5|6;8:3|4|5|8;9:0|7|8,0:-;1:-;2:-;3:-;4:-;5:-;6:-;7:-;8:-;9:-,0@1=1;0@2=2;0@4=2;1@4=2;1@5=1;1@6=1;2@1=1;2@2=1;3@4=1;3@3=1;4@2=1;4@4=1;4@5=1;5@4=1;6@2=1;6@6=1;7@4=1;7@3=1;8@4=2;8@5=2;8@6=1;8@7=2;9@2=3;9@4=4;9@5=1;9@6=2;9@3=1;9@8=1;9@9=1,"1,2,4,5,6,3,7,8,9",41,29,0,29,0.0,0.0,0.0,0.0,0.0,0.0,0.0,0.0,"Feasible(status=11,gap=13.876511)"
1110,1109,0,0,0,-,0:4|8;1:5|7;2:5|7|8;3:5|6|8;4:7|9;5:0|1|8|9;6:8;7:0|3|4|5|6;8:3|4|5|8;9:0|7|8,0:-;1:-;2:-;3:-;4:-;5:-;6:-;7:-;8:-;9:-,0@0=1;0@1=2;0@2=1;0@4=2;0@6=1;0@7=1;0@8=4;0@9=1;1@0=2;1@1=1;1@2=1;1@4=1;1@6=2;1@7=1;1@8=2;1@3=2;1@5=1;2@2=2;2@4=1;2@6=1;3@0=1;3@1=3;3@2=2;3@4=4;3@6=2;3@7=1;3@3=1;3@5=1;4@1=1;4@2=4;4@4=1;4@6=1;4@7=1;4@5=1;5@1=1;5@4=3;5@7=3;5@9=1;6@7=1;7@0=2;7@1=1;7@4=1;7@7=1;7@5=2;8@1=1;8@2=1;8@4=1;8@7=2;8@8=1;9@1=3;9@2=8;9@4=5;9@6=1;9@7=2;9@8=2;9@9=2;9@3=1;9@5=4,"0,1,2,4,6,7,8,9,3,5",104,58,0,58,0.0,0.0,0.0,0.0,0.0,0.0,0.0,0.0,"Feasible(status=11,gap=13.876511)"
1111,1110,0,0,0,-,0:4|8;1:5|7;2:5|7|8;3:5|6|8;4:7|9;5:0|1|8|9;6:8;7:0|3|4|5|6;8:3|4|5|8;9:0|7|8,0:-;1:-;2:-;3:-;4:-;5:-;6:-;7:-;8:-;9:-,0@0=1;0@1=1;0@2=2;0@3=1;0@4=5;0@6=1;0@7=1;0@8=2;1@0=2;1@1=3;1@2=1;1@3=1;1@4=1;1@6=2;1@7=4;1@5=3;1@9=1;2@0=1;2@2=2;2@3=1;2@7=1;2@5=2;2@9=2;3@2=3;3@4=1;3@8=3;4@0=1;4@1=6;4@2=5;4@3=1;4@4=1;4@6=2;4@7=3;4@8=1;4@9=2;5@2=4;5@4=3;5@7=1;5@8=3;5@5=1;5@9=1;6@0=2;6@1=1;6@2=2;6@3=2;6@4=1;6@6=1;6@7=1;6@5=1;7@1=1;7@2=1;7@3=2;7@4=1;7@7=1;7@9=1;8@0=1;8@1=5;8@2=3;8@3=1;8@6=1;8@7=1;8@8=1;8@5=1;8@9=2;9@0=1;9@1=2;9@2=9;9@3=2;9@4=7;9@6=5;9@7=3;9@8=4;9@5=1,"0,1,2,3,4,6,7,8,5,9",151,73,0,73,0.0,0.0,0.0,0.0,0.0,0.0,0.0,0.0,"Feasible(status=11,gap=13.876511)"
1112,1111,0,0,0,-,0:4|8;1:5|7;2:5|7|8;3:5|6|8;4:7|9;5:0|1|8|9;6:8;7:0|3|4|5|6;8:3|4|5|8;9:0|7|8,0:-;1:-;2:-;3:-;4:-;5:-;6:-;7:-;8:-;9:-,0@0=2;0@1=3;0@2=6;0@4=4;0@7=1;0@8=1;0@9=1;1@1=1;1@2=1;1@4=3;1@7=2;1@8=1;1@6=2;2@0=1;2@4=1;2@7=1;2@3=1;4@0=1;4@1=3;4@2=2;4@4=3;4@7=1;4@9=3;4@6=3;4@3=2;4@5=1;5@1=3;5@2=3;5@4=1;5@7=2;5@8=1;5@6=1;5@3=1;6@0=2;6@1=2;6@4=1;6@7=5;6@8=1;6@6=2;7@0=3;7@1=1;7@2=4;7@4=2;7@7=2;7@8=1;7@6=1;7@3=1;8@0=2;8@1=3;8@2=3;8@4=5;8@7=1;8@8=2;8@9=3;8@6=3;8@5=2;9@0=4;9@1=5;9@2=3;9@4=8;9@7=2;9@8=2;9@9=1;9@6=6;9@3=3,"0,1,2,4,7,8,9,6,3,5",149,65,0,65,0.0,0.0,0.0,0.0,0.0,0.0,0.0,0.0,"Feasible(status=11,gap=13.876511)"
1113,1112,0,0,0,-,0:4|8;1:5|7;2:5|7|8;3:5|6|8;4:7|9;5:0|1|8|9;6:8;7:0|3|4|5|6;8:3|4|5|8;9:0|7|8,0:-;1:-;2:-;3:-;4:-;5:-;6:-;7:-;8:-;9:-,0@1=4;0@2=3;0@3=1;0@4=4;0@5=1;0@6=1;0@7=2;0@8=1;0@9=4;1@1=3;1@3=1;1@4=2;1@5=1;1@6=1;1@7=2;3@1=1;3@2=3;3@4=3;3@8=1;4@1=2;4@2=3;4@3=1;4@4=3;4@5=5;4@6=1;4@9=2;4@0=3;5@1=1;5@2=3;5@3=1;5@5=1;5@6=1;5@8=1;5@9=1;6@1=1;6@2=1;6@3=2;6@4=1;6@6=1;6@7=1;6@8=2;7@2=2;7@4=3;7@6=1;7@7=1;7@9=2;8@1=5;8@2=2;8@4=6;8@5=2;8@6=1;8@7=1;8@8=1;8@9=2;8@0=2;9@1=3;9@2=3;9@3=1;9@4=5;9@5=4;9@6=3;9@7=5;9@8=3;9@9=3;9@0=1,"1,2,3,4,5,6,7,8,9,0",139,65,0,65,0.0,0.0,0.0,0.0,0.0,0.0,0.0,0.0,"Feasible(status=11,gap=13.876511)"
1114,1113,0,0,0,-,0:4|8;1:5|7;2:5|7|8;3:5|6|8;4:7|9;5:0|1|8|9;6:8;7:0|3|4|5|6;8:3|4|5|8;9:0|7|8,0:-;1:-;2:-;3:-;4:-;5:-;6:-;7:-;8:-;9:-,0@0=1;0@2=4;0@3=1;0@4=2;0@5=3;0@7=1;0@8=1;0@9=1;1@0=1;1@3=2;1@4=4;1@1=3;2@0=1;2@3=1;2@4=1;2@7=1;2@8=1;2@1=1;3@2=2;3@3=1;3@4=5;3@7=2;3@1=2;4@0=1;4@4=1;4@5=3;4@7=1;4@9=1;4@1=4;5@3=1;5@4=3;5@5=1;5@7=2;5@9=1;5@1=3;6@0=2;6@3=1;6@7=1;6@1=3;7@0=1;7@2=2;7@3=1;7@4=2;7@8=2;7@9=1;7@1=1;8@0=1;8@2=2;8@3=3;8@4=2;8@5=1;8@7=1;8@1=4;8@6=2;9@0=5;9@2=3;9@3=3;9@4=7;9@5=3;9@7=1;9@8=1;9@9=1;9@1=4;9@6=1,"0,2,3,4,5,7,8,9,1,6",126,64,0,64,0.0,0.0,0.0,0.0,0.0,0.0,0.0,0.0,"Feasible(status=11,gap=13.876511)"
1115,1114,0,0,0,-,0:4|8;1:5|7;2:5|7|8;3:5|6|8;4:7|9;5:0|1|8|9;6:8;7:0|3|4|5|6;8:3|4|5|8;9:0|7|8,0:-;1:-;2:-;3:-;4:-;5:-;6:-;7:-;8:-;9:-,0@1=1;0@2=7;0@3=1;0@4=2;0@6=3;0@9=1;1@1=3;1@3=1;1@4=2;1@6=1;1@0=2;1@5=1;2@2=3;2@4=2;2@0=2;2@5=1;2@8=1;3@1=1;3@2=4;3@3=4;3@4=3;3@9=1;3@0=4;3@5=1;3@8=1;4@1=2;4@2=1;4@3=3;4@4=2;4@6=3;4@8=1;4@7=1;5@1=1;5@2=2;5@4=3;5@7=1;6@1=1;6@4=1;6@6=2;6@0=2;6@5=1;6@7=1;7@2=2;7@4=2;7@9=1;7@5=1;8@1=3;8@2=4;8@4=2;8@6=2;8@9=1;8@0=1;8@5=3;8@8=1;9@1=4;9@2=9;9@3=7;9@4=9;9@6=2;9@9=2;9@0=1;9@5=1;9@8=4,"1,2,3,4,6,9,0,5,8,7",143,63,0,63,0.0,0.0,0.0,0.0,0.0,0.0,0.0,0.0,"Feasible(status=11,gap=13.876511)"
1116,1115,0,0,0,-,0:4|8;1:5|7;2:5|7|8;3:5|6|8;4:7|9;5:0|1|8|9;6:8;7:0|3|4|5|6;8:3|4|5|8;9:0|7|8,0:-;1:-;2:-;3:-;4:-;5:-;6:-;7:-;8:-;9:-,0@2=3;0@3=2;0@4=2;0@5=1;0@6=1;0@8=2;0@9=2;1@2=3;1@3=1;1@4=1;1@5=1;1@8=1;1@0=1;1@1=2;2@2=1;2@3=1;2@7=1;3@2=4;3@3=1;3@6=3;3@8=1;3@1=1;3@7=1;4@4=1;5@2=1;5@3=1;5@4=3;5@0=1;5@1=1;5@7=1;6@2=1;6@6=1;6@0=2;6@1=2;7@2=2;7@4=1;7@8=1;7@0=2;7@7=1;8@2=1;8@3=1;8@4=3;8@5=1;8@0=1;8@1=1;8@7=1;9@2=3;9@3=1;9@4=4;9@5=1;9@6=1;9@9=1;9@0=2;9@1=1;9@7=1,"2,3,4,5,6,8,9,0,1,7",83,55,0,55,0.0,0.0,0.0,0.0,0.0,0.0,0.0,0.0,"Feasible(status=11,gap=13.876511)"
1117,1116,0,0,0,-,0:4|8;1:5|7;2:5|7|8;3:5|6|8;4:7|9;5:0|1|8|9;6:8;7:0|3|4|5|6;8:3|4|5|8;9:0|7|8,0:-;1:-;2:-;3:-;4:-;5:-;6:-;7:-;8:-;9:-,0@0=2;0@2=2;0@3=1;0@4=4;0@5=1;0@7=1;0@9=1;1@2=1;1@3=1;1@4=3;1@5=1;1@9=1;1@1=1;1@8=2;2@9=1;3@0=1;3@2=2;3@3=1;3@4=4;3@7=1;3@8=3;3@6=1;4@0=1;4@2=4;4@3=1;4@4=2;4@1=2;4@8=1;4@6=1;5@0=1;5@4=2;5@5=2;5@7=1;5@1=1;5@8=1;6@2=1;6@4=1;6@5=1;6@7=1;6@1=1;6@8=1;7@4=2;7@1=1;7@8=1;8@3=1;8@7=1;8@6=1;9@0=1;9@2=5;9@3=1;9@4=2;9@7=1;9@9=1;9@1=2;9@8=3;9@6=5,"0,2,3,4,5,7,9,1,8,6",90,56,0,56,0.0,0.0,0.0,0.0,0.0,0.0,0.0,0.0,"Feasible(status=11,gap=13.876511)"
1118,1117,0,0,0,-,0:4|8;1:5|7;2:5|7|8;3:5|6|8;4:7|9;5:0|1|8|9;6:8;7:0|3|4|5|6;8:3|4|5|8;9:0|7|8,0:-;1:-;2:-;3:-;4:-;5:-;6:-;7:-;8:-;9:-,0@0=1;0@2=3;0@4=1;0@6=1;0@7=1;0@8=1;0@9=2;1@0=1;1@2=3;1@4=5;1@6=1;1@7=2;1@1=2;1@3=2;1@5=2;2@0=2;2@4=1;2@6=2;3@0=2;3@2=2;3@4=4;3@7=3;3@8=2;3@9=2;3@1=3;3@3=1;4@2=4;4@4=4;4@6=2;4@7=1;4@1=1;4@3=1;4@5=1;5@0=1;5@2=2;5@4=2;5@8=1;5@1=2;5@3=2;6@0=1;6@4=3;6@6=4;6@7=1;6@8=1;6@1=2;6@3=1;6@5=1;7@0=1;7@2=3;7@4=2;7@6=1;7@8=1;7@1=1;7@5=3;8@2=2;8@4=2;8@6=2;8@7=1;8@8=1;8@9=1;8@1=2;9@0=1;9@2=7;9@4=5;9@6=2;9@7=3;9@8=5;9@9=1;9@1=2;9@3=1;9@5=6,"0,2,4,6,7,8,9,1,3,5",146,71,0,71,0.0,0.0,0.0,0.0,0.0,0.0,0.0,0.0,"Feasible(status=11,gap=13.876511)"
1119,1118,0,0,0,-,0:4|8;1:5|7;2:5|7|8;3:5|6|8;4:7|9;5:0|1|8|9;6:8;7:0|3|4|5|6;8:3|4|5|8;9:0|7|8,0:-;1:-;2:-;3:-;4:-;5:-;6:-;7:-;8:-;9:-,0@0=2;0@1=1;0@2=3;0@3=3;0@4=1;0@5=1;0@7=1;0@9=1;1@0=1;1@1=2;1@2=4;1@4=1;1@9=2;1@6=1;1@8=3;2@0=1;2@2=2;2@7=1;2@9=1;3@0=1;3@3=1;3@4=6;3@9=2;3@8=3;4@0=3;4@1=2;4@2=3;4@3=1;4@4=3;4@7=4;4@9=1;4@6=1;4@8=1;5@1=2;5@4=1;5@9=1;6@1=1;6@2=1;6@4=1;6@5=1;6@7=1;6@9=1;6@6=3;6@8=1;7@0=1;7@1=2;7@2=3;7@3=3;7@4=3;7@9=1;7@6=1;7@8=1;8@0=1;8@1=3;8@2=1;8@3=2;8@4=5;8@5=3;8@7=2;8@6=1;8@8=1;9@1=4;9@2=1;9@4=8;9@5=2;9@7=3;9@9=2;9@6=2,"0,1,2,3,4,5,7,9,6,8",134,68,0,68,0.0,0.0,0.0,0.0,0.0,0.0,0.0,0.0,"Feasible(status=11,gap=13.876511)"
1120,1119,0,0,0,-,0:4|8;1:5|7;2:5|7|8;3:5|6|8;4:7|9;5:0|1|8|9;6:8;7:0|3|4|5|6;8:3|4|5|8;9:0|7|8,0:-;1:-;2:-;3:-;4:-;5:-;6:-;7:-;8:-;9:-,0@0=1;0@1=3;0@2=4;0@3=1;0@5=2;0@6=2;0@7=2;0@9=1;1@0=1;1@1=2;1@2=1;1@9=1;1@8=2;2@5=1;2@7=1;2@4=1;3@1=4;3@2=2;3@3=4;3@5=2;3@7=1;3@9=2;3@4=2;4@1=2;4@2=2;4@3=2;4@5=1;4@7=2;4@8=2;4@4=2;5@0=1;5@2=1;5@7=1;5@4=1;6@2=1;6@5=1;6@8=1;7@2=2;7@3=1;7@5=1;7@7=2;7@4=4;8@0=2;8@1=3;8@2=1;8@3=3;8@9=1;8@8=1;8@4=2;9@0=1;9@1=4;9@2=4;9@3=2;9@5=2;9@6=4;9@7=2;9@9=5;9@8=3;9@4=5,"0,1,2,3,5,6,7,9,8,4",118,59,0,59,0.0,0.0,0.0,0.0,0.0,0.0,0.0,0.0,"Feasible(status=11,gap=13.876511)"
1121,1120,0,0,0,-,0:4|8;1:5|7;2:5|7|8;3:5|6|8;4:7|9;5:0|1|8|9;6:8;7:0|3|4|5|6;8:3|4|5|8;9:0|7|8,0:-;1:-;2:-;3:-;4:-;5:-;6:-;7:-;8:-;9:-,0@0=2;0@1=1;0@2=4;0@4=2;0@5=1;0@6=1;0@7=2;0@8=1;0@9=1;1@0=3;1@1=2;1@2=1;1@5=2;1@6=2;1@7=1;1@9=1;2@1=1;2@2=2;2@4=1;2@6=1;3@1=2;3@2=2;3@4=1;4@1=3;4@4=4;4@5=1;4@7=2;4@9=1;5@0=1;5@4=2;5@6=2;5@8=2;5@3=1;6@2=1;6@5=1;6@7=1;6@8=2;7@0=1;7@1=3;7@2=2;7@4=1;7@6=1;7@7=1;7@3=2;8@0=2;8@1=1;8@2=2;8@4=4;8@6=2;8@8=3;8@9=1;9@1=3;9@2=5;9@4=2;9@7=4;9@8=3;9@9=3;9@3=1,"0,1,2,4,5,6,7,8,9,3",108,58,0,58,0.0,0.0,0.0,0.0,0.0,0.0,0.0,0.0,"Feasible(status=11,gap=13.876511)"
1122,1121,0,0,0,-,0:4|8;1:5|7;2:5|7|8;3:5|6|8;4:7|9;5:0|1|8|9;6:8;7:0|3|4|5|6;8:3|4|5|8;9:0|7|8,0:-;1:-;2:-;3:-;4:-;5:-;6:-;7:-;8:-;9:-,0@3=2;0@4=1;0@5=1;0@6=1;1@4=1;1@1=2;1@7=1;1@9=2;2@2=1;3@4=1;3@5=1;3@6=1;3@1=1;3@7=1;3@9=1;4@4=3;4@5=1;4@1=1;4@9=1;4@2=1;4@8=1;5@4=1;5@5=2;5@1=2;5@2=1;6@4=2;6@1=1;6@0=2;7@3=1;7@4=1;7@0=2;8@3=1;8@6=1;8@1=1;8@7=3;8@9=2;8@2=2;8@8=2;8@0=1;9@3=2;9@4=4;9@5=3;9@6=1;9@1=1;9@7=2;9@2=2;9@8=5;9@0=2,"3,4,5,6,1,7,9,2,8,0",76,48,0,48,0.0,0.0,0.0,0.0,0.0,0.0,0.0,0.0,"Feasible(status=11,gap=13.876511)"
1123,1122,0,0,0,-,0:4|8;1:5|7;2:5|7|8;3:5|6|8;4:7|9;5:0|1|8|9;6:8;7:0|3|4|5|6;8:3|4|5|8;9:0|7|8,0:-;1:-;2:-;3:-;4:-;5:-;6:-;7:-;8:-;9:-,0@1=2;0@2=2;0@3=1;0@4=2;0@5=2;0@6=3;1@2=1;1@3=2;1@4=1;1@5=3;1@6=1;1@0=1;1@8=1;1@9=1;3@1=1;3@2=2;3@3=2;3@4=2;3@5=1;3@0=1;3@8=1;4@2=1;4@4=2;4@0=1;4@7=1;5@3=1;5@4=1;5@5=1;5@8=1;7@2=3;7@0=1;7@9=1;8@1=1;8@2=1;8@4=1;8@5=1;8@0=1;8@8=1;8@9=1;9@2=1;9@3=1;9@4=4;9@5=3;9@6=2;9@0=1;9@9=3,"1,2,3,4,5,6,0,8,9,7",69,46,0,46,0.0,0.0,0.0,0.0,0.0,0.0,0.0,0.0,"Feasible(status=11,gap=13.876511)"
1124,1123,0,0,0,-,0:4|8;1:5|7;2:5|7|8;3:5|6|8;4:7|9;5:0|1|8|9;6:8;7:0|3|4|5|6;8:3|4|5|8;9:0|7|8,0:-;1:-;2:-;3:-;4:-;5:-;6:-;7:-;8:-;9:-,0@4=1;0@5=1;0@6=1;0@7=2;0@8=1;0@9=2;1@4=1;1@5=1;1@6=1;1@8=1;1@1=3;1@2=2;2@1=3;2@3=2;3@4=3;3@5=1;3@6=1;3@7=1;3@1=1;3@2=1;4@4=2;4@8=1;4@1=3;4@2=1;5@6=1;5@2=2;6@4=3;6@6=2;6@9=1;6@2=1;6@3=2;7@8=1;7@2=1;7@3=1;9@4=1;9@5=1;9@6=2;9@7=2;9@8=4;9@9=1;9@1=3;9@2=3;9@3=1;9@0=4,"4,5,6,7,8,9,1,2,3,0",74,44,0,44,0.0,0.0,0.0,0.0,0.0,0.0,0.0,0.0,"Feasible(status=11,gap=13.876511)"
1125,1124,0,0,0,-,0:4|8;1:5|7;2:5|7|8;3:5|6|8;4:7|9;5:0|1|8|9;6:8;7:0|3|4|5|6;8:3|4|5|8;9:0|7|8,0:-;1:-;2:-;3:-;4:-;5:-;6:-;7:-;8:-;9:-,0@0=1;0@1=2;0@2=3;0@4=2;0@5=1;0@7=1;1@0=2;1@1=2;1@2=2;1@4=2;1@5=2;1@7=3;1@6=1;1@9=1;2@0=1;2@1=1;2@2=2;3@1=4;3@2=2;3@4=1;3@5=2;3@7=3;3@9=1;4@0=1;4@2=1;4@4=3;4@5=1;5@0=1;5@1=1;5@2=1;5@4=2;5@6=3;5@3=1;6@1=1;6@4=3;6@5=1;7@0=1;7@1=1;7@2=3;7@4=3;7@5=3;7@9=2;7@3=2;8@0=2;8@1=1;8@4=3;8@5=1;8@7=2;8@9=1;9@0=4;9@1=3;9@2=6;9@4=5;9@5=2;9@6=2;9@9=1;9@3=5;9@8=1,"0,1,2,4,5,7,6,9,3,8",116,58,0,58,0.0,0.0,0.0,0.0,0.0,0.0,0.0,0.0,"Feasible(status=11,gap=13.876511)"
1126,1125,0,0,0,-,0:4|8;1:5|7;2:5|7|8;3:5|6|8;4:7|9;5:0|1|8|9;6:8;7:0|3|4|5|6;8:3|4|5|8;9:0|7|8,0:-;1:-;2:-;3:-;4:-;5:-;6:-;7:-;8:-;9:-,0@0=1;0@1=1;0@2=2;0@3=2;0@4=2;0@5=2;0@6=3;0@7=2;0@8=1;0@9=1;1@0=1;1@2=3;1@3=1;1@4=1;1@5=2;1@6=1;1@9=1;2@1=2;2@5=2;2@6=1;2@8=1;3@0=1;3@1=2;3@2=2;3@3=1;3@4=1;3@6=1;3@8=2;3@9=2;4@2=2;4@3=1;4@4=3;4@5=1;4@7=1;4@9=1;5@0=1;5@2=3;5@3=1;5@4=1;5@7=1;5@9=1;6@1=1;6@2=3;6@4=1;6@5=1;6@7=1;6@8=1;7@1=1;7@2=2;7@4=2;8@0=1;8@1=3;8@2=2;8@3=2;8@4=2;8@6=1;8@7=1;8@8=2;8@9=1;9@0=4;9@1=3;9@2=6;9@3=3;9@4=5;9@5=4;9@6=4;9@7=3;9@8=2;9@9=1,"0,1,2,3,4,5,6,7,8,9",125,69,0,69,0.0,0.0,0.0,0.0,0.0,0.0,0.0,0.0,"Feasible(status=11,gap=13.876511)"
1127,1126,0,0,0,-,0:4|8;1:5|7;2:5|7|8;3:5|6|8;4:7|9;5:0|1|8|9;6:8;7:0|3|4|5|6;8:3|4|5|8;9:0|7|8,0:-;1:-;2:-;3:-;4:-;5:-;6:-;7:-;8:-;9:-,0@1=1;0@3=1;0@4=2;0@5=1;0@8=1;1@1=1;1@3=1;1@4=1;1@8=2;1@0=1;1@2=2;1@6=1;1@7=1;2@5=3;2@2=1;2@6=1;3@1=2;3@3=1;3@4=2;3@5=2;3@8=2;3@2=1;3@6=1;3@9=4;4@3=2;4@4=3;4@8=1;4@2=3;4@7=2;5@0=1;5@2=3;6@1=1;6@3=1;6@4=1;6@8=1;6@2=1;6@6=1;7@1=1;7@4=2;7@8=1;7@2=2;7@7=1;8@3=1;8@4=5;8@5=2;8@0=1;8@2=4;8@6=1;8@9=2;9@1=7;9@4=8;9@5=4;9@8=2;9@0=4;9@2=9;9@6=5;9@7=2;9@9=1,"1,3,4,5,8,0,2,6,7,9",122,58,0,58,0.0,0.0,0.0,0.0,0.0,0.0,0.0,0.0,"Feasible(status=11,gap=13.876511)"
1128,1127,0,0,0,-,0:4|8;1:5|7;2:5|7|8;3:5|6|8;4:7|9;5:0|1|8|9;6:8;7:0|3|4|5|6;8:3|4|5|8;9:0|7|8,0:-;1:-;2:-;3:-;4:-;5:-;6:-;7:-;8:-;9:-,0@1=1;0@2=3;0@3=1;0@4=2;0@6=1;0@8=1;1@3=1;1@4=2;1@0=1;1@5=2;1@7=1;2@1=1;2@2=1;3@1=1;3@2=1;3@3=3;3@4=1;3@6=1;3@0=1;3@9=1;4@1=1;4@2=3;4@4=1;4@5=1;4@9=1;5@1=3;5@8=1;5@5=2;6@1=1;6@2=1;6@3=1;6@9=1;7@2=2;7@4=2;7@8=1;8@1=2;8@2=4;8@3=1;8@4=2;8@6=2;8@8=2;8@0=1;8@5=1;8@9=1;9@1=3;9@2=8;9@3=1;9@4=11;9@6=2;9@8=1;9@0=2;9@5=3;9@7=3;9@9=2,"1,2,3,4,6,8,0,5,7,9",101,54,0,54,0.0,0.0,0.0,0.0,0.0,0.0,0.0,0.0,"Feasible(status=11,gap=13.876511)"
1129,1128,0,0,0,-,0:4|8;1:5|7;2:5|7|8;3:5|6|8;4:7|9;5:0|1|8|9;6:8;7:0|3|4|5|6;8:3|4|5|8;9:0|7|8,0:-;1:-;2:-;3:-;4:-;5:-;6:-;7:-;8:-;9:-,0@0=2;0@3=3;0@4=1;0@9=2;1@4=2;1@9=1;1@1=1;1@2=1;2@4=2;2@9=1;3@0=1;3@4=4;3@1=2;3@2=1;3@5=1;3@7=1;4@3=1;4@1=1;5@3=1;5@4=2;5@1=2;5@2=2;5@5=1;5@6=1;6@9=1;6@2=1;6@5=1;6@7=1;7@4=2;7@1=2;7@2=2;7@6=3;8@0=1;8@3=1;8@9=1;8@1=2;8@2=4;9@0=4;9@3=2;9@4=4;9@1=1;9@2=5;9@5=2;9@7=2;9@6=1;9@8=1,"0,3,4,9,1,2,5,7,6,8",81,46,0,46,0.0,0.0,0.0,0.0,0.0,0.0,0.0,0.0,"Feasible(status=11,gap=13.876511)"
1130,1129,0,0,0,-,0:4|8;1:5|7;2:5|7|8;3:5|6|8;4:7|9;5:0|1|8|9;6:8;7:0|3|4|5|6;8:3|4|5|8;9:0|7|8,0:-;1:-;2:-;3:-;4:-;5:-;6:-;7:-;8:-;9:-,0@2=3;0@3=3;0@4=1;0@8=3;1@3=1;1@4=1;1@8=1;1@1=2;1@9=1;2@2=3;3@2=1;3@3=1;3@4=2;3@9=1;3@0=2;3@6=1;4@2=1;4@3=2;4@0=1;4@5=2;5@2=1;5@3=1;5@4=1;5@7=1;7@2=1;7@3=1;7@0=2;7@5=1;8@2=5;8@3=1;8@4=3;8@8=3;8@6=2;8@5=1;9@2=2;9@3=2;9@4=2;9@1=2;9@9=1;9@0=3;9@6=1;9@5=2;9@7=1,"2,3,4,8,1,9,0,6,5,7",73,43,0,43,0.0,0.0,0.0,0.0,0.0,0.0,0.0,0.0,"Feasible(status=11,gap=13.876511)"
1131,1130,0,0,0,-,0:4|8;1:5|7;2:5|7|8;3:5|6|8;4:7|9;5:0|1|8|9;6:8;7:0|3|4|5|6;8:3|4|5|8;9:0|7|8,0:-;1:-;2:-;3:-;4:-;5:-;6:-;7:-;8:-;9:-,0@0=1;0@1=1;0@2=4;0@4=3;0@8=1;0@9=2;1@0=1;1@1=1;1@2=2;1@4=1;1@5=1;1@7=1;2@0=1;2@4=1;2@8=1;3@1=1;3@5=1;3@3=1;3@6=2;4@1=2;4@4=3;4@8=1;4@9=3;5@2=3;5@4=1;5@5=1;6@1=1;6@4=1;6@8=2;6@6=1;7@0=2;7@1=2;7@2=2;7@4=1;7@7=1;7@6=4;8@1=1;8@2=3;8@9=1;8@5=1;8@3=2;9@0=4;9@1=3;9@2=4;9@4=2;9@8=2;9@9=2;9@7=2;9@3=1;9@6=3,"0,1,2,4,8,9,5,7,3,6",89,50,0,50,0.0,0.0,0.0,0.0,0.0,0.0,0.0,0.0,"Feasible(status=11,gap=13.876511)"
1132,1131,0,0,0,-,0:4|8;1:5|7;2:5|7|8;3:5|6|8;4:7|9;5:0|1|8|9;6:8;7:0|3|4|5|6;8:3|4|5|8;9:0|7|8,0:-;1:-;2:-;3:-;4:-;5:-;6:-;7:-;8:-;9:-,0@0=1;0@2=2;0@3=1;0@4=3;0@6=2;0@7=4;1@2=3;1@3=1;1@4=1;1@7=1;2@4=3;2@1=1;2@9=1;3@2=4;3@3=1;3@4=2;3@7=5;3@9=1;3@5=2;3@8=1;4@2=2;4@4=1;4@1=2;4@9=1;4@8=1;5@4=1;5@6=1;5@9=1;5@5=1;5@8=1;6@2=1;6@3=1;6@4=1;6@6=1;6@5=1;6@8=1;7@2=2;7@3=2;7@4=1;7@7=1;7@1=2;7@9=2;7@8=2;8@0=1;8@2=3;8@3=1;8@4=3;8@6=1;8@7=2;8@1=2;8@8=2;9@0=2;9@2=2;9@3=2;9@4=8;9@6=3;9@7=1;9@1=5;9@9=3;9@5=3;9@8=6,"0,2,3,4,6,7,1,9,5,8",120,61,0,61,0.0,0.0,0.0,0.0,0.0,0.0,0.0,0.0,"Feasible(status=11,gap=13.876511)"
1133,1132,0,0,0,-,0:4|8;1:5|7;2:5|7|8;3:5|6|8;4:7|9;5:0|1|8|9;6:8;7:0|3|4|5|6;8:3|4|5|8;9:0|7|8,0:-;1:-;2:-;3:-;4:-;5:-;6:-;7:-;8:-;9:-,0@0=1;0@1=3;0@2=2;0@4=3;0@5=1;0@7=2;0@9=1;1@0=1;1@1=2;1@2=2;1@4=3;1@7=1;1@9=2;1@3=1;1@6=2;1@8=1;2@0=1;2@1=1;2@4=1;3@0=1;3@1=2;3@2=3;3@6=1;4@1=1;4@4=2;4@7=1;4@6=2;4@8=1;5@4=1;6@0=1;6@7=2;6@8=1;7@0=2;7@1=1;7@4=2;7@5=2;7@7=1;7@3=1;8@0=1;8@1=2;8@2=2;8@4=6;8@5=1;8@7=1;8@9=1;8@8=3;9@0=3;9@1=4;9@2=9;9@4=4;9@5=1;9@9=1;9@6=3;9@8=3,"0,1,2,4,5,7,9,3,6,8",104,54,0,54,0.0,0.0,0.0,0.0,0.0,0.0,0.0,0.0,"Feasible(status=11,gap=13.876511)"
1134,1133,0,0,0,-,0:4|8;1:5|7;2:5|7|8;3:5|6|8;4:7|9;5:0|1|8|9;6:8;7:0|3|4|5|6;8:3|4|5|8;9:0|7|8,0:-;1:-;2:-;3:-;4:-;5:-;6:-;7:-;8:-;9:-,0@0=2;0@1=2;0@5=1;0@7=3;0@9=1;1@1=1;1@5=2;1@7=3;1@2=1;1@3=1;2@2=1;2@3=1;2@6=3;3@0=1;3@5=2;3@7=1;3@9=1;3@2=2;3@3=1;3@8=1;4@0=1;4@1=1;4@7=1;4@9=1;4@2=2;4@3=2;4@6=1;4@8=1;4@4=4;5@5=1;5@4=1;6@0=1;6@5=1;6@3=1;6@4=2;7@0=1;7@1=1;7@5=1;7@7=1;7@9=1;7@2=1;7@3=1;7@4=1;8@0=1;8@1=3;8@5=1;8@7=1;8@2=4;8@3=1;8@6=2;8@8=1;8@4=3;9@0=1;9@5=1;9@7=2;9@9=2;9@2=1;9@3=1;9@6=4;9@8=3;9@4=7,"0,1,5,7,9,2,3,6,8,4",99,61,0,61,0.0,0.0,0.0,0.0,0.0,0.0,0.0,0.0,"Feasible(status=11,gap=13.876511)"
1135,1134,0,0,0,-,0:4|8;1:5|7;2:5|7|8;3:5|6|8;4:7|9;5:0|1|8|9;6:8;7:0|3|4|5|6;8:3|4|5|8;9:0|7|8,0:-;1:-;2:-;3:-;4:-;5:-;6:-;7:-;8:-;9:-,0@2=2;0@3=3;0@4=1;0@5=1;0@7=1;0@9=1;1@2=2;1@3=1;1@4=2;1@5=1;1@7=1;1@9=1;1@1=1;1@8=1;2@4=1;2@9=1;2@8=1;2@0=1;3@2=1;3@4=2;3@5=1;3@7=1;3@9=3;3@8=4;3@0=2;3@6=1;4@2=2;4@4=2;4@5=2;4@1=3;4@8=2;4@6=1;5@4=1;5@5=1;5@7=2;5@9=1;5@1=1;5@0=1;5@6=2;6@2=1;6@7=2;6@9=1;6@1=2;7@2=3;7@5=1;7@9=2;7@8=1;7@0=1;7@6=2;8@2=2;8@3=1;8@4=3;8@5=2;8@7=1;8@9=1;8@1=4;8@8=1;8@6=1;9@2=1;9@3=6;9@4=5;9@5=3;9@7=1;9@1=1;9@8=1;9@0=1;9@6=3,"2,3,4,5,7,9,1,8,0,6",113,67,0,67,0.0,0.0,0.0,0.0,0.0,0.0,0.0,0.0,"Feasible(status=11,gap=13.876511)"
1136,1135,0,0,0,-,0:4|8;1:5|7;2:5|7|8;3:5|6|8;4:7|9;5:0|1|8|9;6:8;7:0|3|4|5|6;8:3|4|5|8;9:0|7|8,0:-;1:-;2:-;3:-;4:-;5:-;6:-;7:-;8:-;9:-,0@0=1;0@2=1;0@3=3;0@4=4;0@6=2;0@7=2;0@8=2;1@0=2;1@2=2;1@3=1;1@4=1;1@8=1;1@1=1;1@5=2;2@0=1;2@2=1;2@6=2;2@7=2;2@8=1;3@2=2;3@3=1;3@4=4;3@6=2;3@5=2;4@0=1;4@2=1;4@4=1;4@6=1;4@8=1;5@2=1;5@7=1;5@1=1;5@5=1;5@9=1;6@0=1;6@2=1;6@1=1;6@9=2;7@0=1;7@2=2;7@4=2;7@1=1;7@5=1;7@9=3;8@2=1;8@3=4;8@4=1;8@6=1;8@7=1;8@8=1;8@1=1;8@5=1;9@0=1;9@2=4;9@4=7;9@6=3;9@7=2;9@8=2;9@1=3;9@5=1;9@9=1,"0,2,3,4,6,7,8,1,5,9",103,61,0,61,0.0,0.0,0.0,0.0,0.0,0.0,0.0,0.0,"Feasible(status=11,gap=13.876511)"
1137,1136,0,0,0,-,0:4|8;1:5|7;2:5|7|8;3:5|6|8;4:7|9;5:0|1|8|9;6:8;7:0|3|4|5|6;8:3|4|5|8;9:0|7|8,0:-;1:-;2:-;3:-;4:-;5:-;6:-;7:-;8:-;9:-,0@2=1;0@3=2;0@5=1;1@2=1;1@0=1;1@4=2;1@7=1;1@9=1;2@2=1;2@3=1;2@4=2;2@8=1;3@2=1;3@5=1;3@0=1;3@9=1;3@8=1;3@1=1;3@6=1;4@4=1;4@7=1;4@9=1;4@6=1;5@2=1;5@4=1;5@8=1;6@3=1;6@4=1;6@9=1;7@5=1;7@4=1;7@9=1;7@1=1;8@2=2;8@3=1;8@0=2;8@4=3;8@7=1;8@9=1;8@1=2;9@2=3;9@3=2;9@0=1;9@4=2;9@7=3;9@9=1;9@1=4,"2,3,5,0,4,7,9,8,1,6",64,47,0,47,0.0,0.0,0.0,0.0,0.0,0.0,0.0,0.0,"Feasible(status=11,gap=13.876511)"
1138,1137,0,0,0,-,0:4|8;1:5|7;2:5|7|8;3:5|6|8;4:7|9;5:0|1|8|9;6:8;7:0|3|4|5|6;8:3|4|5|8;9:0|7|8,0:-;1:-;2:-;3:-;4:-;5:-;6:-;7:-;8:-;9:-,0@0=2;0@1=1;0@4=4;0@7=1;0@8=2;1@0=1;1@1=1;1@2=1;1@5=2;1@6=1;2@1=1;2@4=3;2@8=1;2@5=1;2@3=1;3@0=2;3@4=2;3@8=1;3@6=2;3@9=2;4@0=1;4@1=1;4@4=1;4@7=1;4@3=1;5@1=1;5@8=2;5@3=2;5@9=1;6@1=1;6@4=1;6@7=2;6@8=1;6@3=1;7@2=2;7@5=1;7@6=2;8@4=1;8@2=1;8@6=1;8@9=1;9@0=1;9@1=6;9@4=4;9@7=1;9@8=2;9@2=5;9@5=1;9@6=3;9@3=1;9@9=1,"0,1,4,7,8,2,5,6,3,9",83,51,0,51,0.0,0.0,0.0,0.0,0.0,0.0,0.0,0.0,"Feasible(status=11,gap=13.876511)"
1139,1138,0,0,0,-,0:4|8;1:5|7;2:5|7|8;3:5|6|8;4:7|9;5:0|1|8|9;6:8;7:0|3|4|5|6;8:3|4|5|8;9:0|7|8,0:-;1:-;2:-;3:-;4:-;5:-;6:-;7:-;8:-;9:-,0@2=1;0@3=1;0@4=5;0@8=1;1@2=2;1@4=1;1@0=2;1@5=1;1@6=1;1@7=1;1@9=1;2@5=1;2@6=1;3@2=1;3@3=2;3@4=1;3@0=2;3@5=3;3@7=2;4@2=2;4@3=1;4@0=1;4@7=1;4@1=4;5@4=1;5@9=1;6@2=2;6@3=1;6@8=1;6@5=1;6@6=1;7@2=3;7@3=1;7@8=1;7@9=1;8@2=1;8@5=1;8@7=1;8@9=1;8@1=4;9@2=7;9@3=2;9@4=1;9@8=3;9@0=2;9@5=2;9@6=1;9@7=5;9@9=2;9@1=3,"2,3,4,8,0,5,6,7,9,1",89,50,0,50,0.0,0.0,0.0,0.0,0.0,0.0,0.0,0.0,"Feasible(status=11,gap=13.876511)"
1140,1139,0,0,0,-,0:4|8;1:5|7;2:5|7|8;3:5|6|8;4:7|9;5:0|1|8|9;6:8;7:0|3|4|5|6;8:3|4|5|8;9:0|7|8,0:-;1:-;2:-;3:-;4:-;5:-;6:-;7:-;8:-;9:-,0@1=7;0@2=1;0@4=4;0@5=1;0@7=1;0@9=1;1@4=1;1@7=1;1@9=2;1@0=2;1@3=1;1@8=1;2@2=1;2@3=1;2@8=2;3@1=1;3@2=1;3@4=3;3@5=1;3@3=1;3@6=1;4@1=1;4@2=4;4@4=1;4@5=2;4@7=2;4@3=1;5@1=2;5@3=1;5@8=1;6@2=1;6@4=1;6@7=1;6@9=1;6@0=1;6@3=1;7@1=1;7@4=2;7@9=1;7@0=1;7@3=2;7@6=1;8@1=2;8@2=3;8@4=6;8@7=3;8@0=1;8@3=1;8@8=1;8@6=1;9@1=3;9@2=4;9@4=7;9@5=1;9@7=4;9@9=5;9@0=1;9@3=1;9@6=1,"1,2,4,5,7,9,0,3,8,6",109,59,0,59,0.0,0.0,0.0,0.0,0.0,0.0,0.0,0.0,"Feasible(status=11,gap=13.876511)"
1141,1140,0,0,0,-,0:4|8;1:5|7;2:5|7|8;3:5|6|8;4:7|9;5:0|1|8|9;6:8;7:0|3|4|5|6;8:3|4|5|8;9:0|7|8,0:-;1:-;2:-;3:-;4:-;5:-;6:-;7:-;8:-;9:-,0@0=1;0@2=4;0@4=6;0@5=2;0@6=1;0@7=1;1@0=1;1@2=1;1@4=6;1@5=1;1@7=1;1@1=1;1@3=2;2@2=3;2@4=2;2@5=1;2@8=1;3@2=2;3@4=5;3@5=1;3@6=2;3@7=1;3@3=1;3@9=1;4@0=1;4@2=4;4@4=1;4@5=1;4@6=1;4@7=2;4@1=1;4@9=3;5@0=1;5@2=4;5@4=3;5@5=2;5@1=2;5@3=1;5@9=1;6@0=1;6@4=5;6@6=1;6@1=2;6@8=3;7@2=4;7@4=2;7@5=1;7@6=2;7@1=4;8@0=1;8@2=1;8@4=1;8@5=3;8@6=1;8@7=2;8@1=3;8@3=1;8@9=2;9@0=5;9@2=4;9@4=8;9@5=2;9@6=1;9@7=1;9@1=1;9@3=5;9@8=2;9@9=1,"0,2,4,5,6,7,1,3,8,9",146,68,0,68,0.0,0.0,0.0,0.0,0.0,0.0,0.0,0.0,"Feasible(status=11,gap=13.876511)"
1142,1141,0,0,0,-,0:4|8;1:5|7;2:5|7|8;3:5|6|8;4:7|9;5:0|1|8|9;6:8;7:0|3|4|5|6;8:3|4|5|8;9:0|7|8,0:-;1:-;2:-;3:-;4:-;5:-;6:-;7:-;8:-;9:-,0@0=1;0@1=2;0@2=3;0@3=1;0@4=3;0@7=1;0@8=1;0@9=1;1@1=1;1@2=1;1@7=2;1@8=4;1@5=2;1@6=1;2@1=1;2@2=1;2@5=1;2@6=1;3@0=1;3@1=2;3@2=4;3@3=1;3@4=2;3@8=1;3@9=3;3@5=1;3@6=3;4@0=1;4@2=3;4@8=1;4@9=2;5@1=1;5@2=1;5@3=1;5@4=1;5@9=1;6@0=2;6@2=1;6@3=1;6@4=1;6@8=1;7@0=1;7@1=2;7@2=2;7@4=1;7@9=1;8@0=2;8@1=1;8@2=1;8@3=1;8@4=4;8@7=1;8@8=2;9@0=3;9@1=4;9@2=4;9@3=2;9@4=6;9@7=3;9@8=1;9@9=5;9@5=2;9@6=2,"0,1,2,3,4,7,8,9,5,6",115,63,0,63,0.0,0.0,0.0,0.0,0.0,0.0,0.0,0.0,"Feasible(status=11,gap=13.876511)"
1143,1142,0,0,0,-,0:4|8;1:5|7;2:5|7|8;3:5|6|8;4:7|9;5:0|1|8|9;6:8;7:0|3|4|5|6;8:3|4|5|8;9:0|7|8,0:-;1:-;2:-;3:-;4:-;5:-;6:-;7:-;8:-;9:-,0@1=2;0@2=2;0@3=1;0@9=1;1@1=2;1@2=2;1@4=2;1@6=2;1@7=1;2@1=1;2@2=2;2@3=1;2@9=1;2@4=1;2@6=2;2@7=1;2@8=1;3@1=1;3@2=3;3@3=3;3@9=2;3@4=2;3@0=2;3@5=2;4@2=2;4@9=1;4@4=3;4@6=2;4@0=1;5@1=2;5@9=1;5@4=2;5@8=1;6@1=1;6@2=3;6@9=2;6@4=1;6@7=1;7@1=1;7@2=3;7@3=2;7@4=3;7@7=1;7@8=1;7@0=1;8@2=2;8@3=1;8@4=1;8@7=1;8@0=1;8@5=1;9@1=2;9@2=1;9@3=1;9@4=3;9@6=2;9@7=2;9@8=1;9@0=2;9@5=1,"1,2,3,9,4,6,7,8,0,5",97,60,0,60,0.0,0.0,0.0,0.0,0.0,0.0,0.0,0.0,"Feasible(status=11,gap=13.876511)"
1144,1143,0,0,0,-,0:4|8;1:5|7;2:5|7|8;3:5|6|8;4:7|9;5:0|1|8|9;6:8;7:0|3|4|5|6;8:3|4|5|8;9:0|7|8,0:-;1:-;2:-;3:-;4:-;5:-;6:-;7:-;8:-;9:-,0@1=1;0@2=2;0@3=1;0@4=2;1@2=3;1@4=3;1@6=1;2@3=1;2@4=1;2@0=2;3@4=2;3@5=1;4@1=2;4@2=3;4@5=2;4@7=1;5@2=1;5@8=1;6@2=1;6@4=2;6@7=1;6@9=1;7@1=1;7@2=1;7@3=1;7@4=1;7@6=2;7@5=2;7@8=1;8@1=3;8@2=1;8@4=2;8@5=2;9@1=5;9@2=5;9@3=5;9@4=1;9@6=2;9@0=3;9@5=2;9@7=2;9@8=1,"1,2,3,4,6,0,5,7,8,9",78,42,0,42,0.0,0.0,0.0,0.0,0.0,0.0,0.0,0.0,"Feasible(status=11,gap=13.876511)"
1145,1144,0,0,0,-,0:4|8;1:5|7;2:5|7|8;3:5|6|8;4:7|9;5:0|1|8|9;6:8;7:0|3|4|5|6;8:3|4|5|8;9:0|7|8,0:-;1:-;2:-;3:-;4:-;5:-;6:-;7:-;8:-;9:-,0@1=3;0@2=6;0@3=1;0@4=1;0@5=1;0@8=1;0@9=1;1@3=2;1@4=2;1@8=1;1@0=2;2@1=1;2@8=1;3@2=4;3@3=1;3@4=1;3@8=1;3@0=1;4@1=1;4@2=2;4@4=3;4@5=1;4@9=1;4@0=3;4@6=1;5@1=1;5@2=2;5@4=3;5@9=1;5@7=1;6@1=1;6@2=1;6@4=2;6@6=1;7@1=2;7@2=1;7@4=1;7@8=1;7@9=1;7@0=1;7@7=1;8@1=1;8@2=8;8@4=1;8@5=1;8@9=1;8@0=1;8@6=3;8@7=1;9@1=2;9@2=3;9@3=4;9@4=8;9@5=2;9@8=2;9@9=1;9@0=1;9@6=3;9@7=1,"1,2,3,4,5,8,9,0,6,7",108,59,0,59,0.0,0.0,0.0,0.0,0.0,0.0,0.0,0.0,"Feasible(status=11,gap=13.876511)"
1146,1145,0,0,0,-,0:4|8;1:5|7;2:5|7|8;3:5|6|8;4:7|9;5:0|1|8|9;6:8;7:0|3|4|5|6;8:3|4|5|8;9:0|7|8,0:-;1:-;2:-;3:-;4:-;5:-;6:-;7:-;8:-;9:-,0@0=1;0@1=3;0@2=2;0@3=1;0@4=4;0@7=2;0@8=1;1@1=1;1@2=1;1@4=2;1@7=1;1@5=1;1@6=1;1@9=1;2@2=3;2@3=1;2@4=1;3@5=1;4@0=2;4@1=1;4@2=3;4@3=1;4@4=3;4@7=1;4@8=3;4@5=1;4@6=1;4@9=1;5@0=1;5@1=3;5@4=2;5@7=1;5@6=2;5@9=1;6@0=2;6@1=1;6@2=3;6@3=1;7@1=3;7@2=2;7@3=1;7@7=2;7@8=1;7@9=1;8@1=2;8@2=2;8@3=2;8@4=4;8@8=1;8@5=1;8@6=1;9@1=6;9@2=4;9@3=4;9@4=8;9@7=1;9@8=2;9@5=3;9@6=2;9@9=4,"0,1,2,3,4,7,8,5,6,9",119,60,0,60,0.0,0.0,0.0,0.0,0.0,0.0,0.0,0.0,"Feasible(status=11,gap=13.876511)"
1147,1146,0,0,0,-,0:4|8;1:5|7;2:5|7|8;3:5|6|8;4:7|9;5:0|1|8|9;6:8;7:0|3|4|5|6;8:3|4|5|8;9:0|7|8,0:-;1:-;2:-;3:-;4:-;5:-;6:-;7:-;8:-;9:-,0@1=4;0@2=9;0@3=1;0@4=3;0@5=2;0@8=1;1@1=1;1@2=1;1@4=3;1@8=1;1@0=2;1@7=1;1@9=1;2@1=2;2@2=1;2@3=1;2@5=1;2@0=1;2@7=1;3@2=5;3@4=4;3@0=1;3@7=2;3@9=1;3@6=1;4@2=2;4@3=1;4@4=1;4@9=2;5@1=2;5@2=2;5@5=1;5@0=1;5@7=2;6@1=1;6@2=4;6@4=2;6@5=1;7@1=1;7@2=2;7@3=2;7@4=1;7@5=1;7@8=1;7@0=1;7@6=1;8@1=2;8@2=1;8@3=1;8@4=2;8@7=1;8@9=1;9@1=4;9@2=9;9@3=3;9@4=7;9@8=3;9@7=3;9@9=3;9@6=3,"1,2,3,4,5,8,0,7,9,6",126,60,0,60,0.0,0.0,0.0,0.0,0.0,0.0,0.0,0.0,"Feasible(status=11,gap=13.876511)"
1148,1147,0,0,0,-,0:4|8;1:5|7;2:5|7|8;3:5|6|8;4:7|9;5:0|1|8|9;6:8;7:0|3|4|5|6;8:3|4|5|8;9:0|7|8,0:-;1:-;2:-;3:-;4:-;5:-;6:-;7:-;8:-;9:-,0@1=2;0@2=2;0@4=2;0@6=1;0@8=1;0@9=1;1@1=1;1@2=2;1@4=1;1@6=1;1@8=2;1@9=2;1@0=1;1@3=1;1@5=2;1@7=2;2@1=1;2@9=1;3@1=2;3@2=2;3@4=1;3@9=4;3@5=1;4@1=1;4@2=1;4@8=1;4@0=1;4@5=1;4@7=1;5@1=1;5@2=1;5@4=1;5@8=4;5@7=1;6@1=3;6@2=3;6@4=1;6@9=2;6@3=1;6@7=2;7@1=1;7@2=1;7@4=3;7@6=1;7@9=1;7@3=2;7@5=1;8@2=1;8@4=6;8@8=1;8@9=1;8@3=1;8@5=1;8@7=1;9@1=4;9@2=4;9@4=4;9@6=1;9@8=1;9@9=2;9@0=1;9@5=2;9@7=1,"1,2,4,6,8,9,0,3,5,7",104,63,0,63,0.0,0.0,0.0,0.0,0.0,0.0,0.0,0.0,"Feasible(status=11,gap=13.876511)"
1149,1148,0,0,0,-,0:4|8;1:5|7;2:5|7|8;3:5|6|8;4:7|9;5:0|1|8|9;6:8;7:0|3|4|5|6;8:3|4|5|8;9:0|7|8,0:-;1:-;2:-;3:-;4:-;5:-;6:-;7:-;8:-;9:-,0@0=2;0@2=3;0@4=2;0@7=1;0@8=1;1@2=1;1@4=2;1@7=1;1@1=1;1@3=1;2@0=1;2@2=1;2@7=1;2@1=1;2@6=1;3@0=1;3@2=3;3@4=5;3@7=1;3@1=3;3@5=2;3@9=2;4@0=1;4@2=1;4@7=1;4@8=1;4@1=3;4@3=1;4@6=1;4@9=2;5@4=3;5@8=1;5@3=1;6@0=1;6@2=2;6@4=1;6@7=1;6@3=1;7@4=1;7@7=1;7@1=2;7@3=3;7@9=1;8@0=2;8@2=2;8@4=1;8@7=1;8@3=1;8@6=1;8@5=2;9@0=2;9@2=3;9@4=2;9@7=4;9@8=4;9@1=3;9@3=5;9@6=2;9@5=1,"0,2,4,7,8,1,3,6,5,9",103,59,0,59,0.0,0.0,0.0,0.0,0.0,0.0,0.0,0.0,"Feasible(status=11,gap=13.876511)"
1150,1149,0,0,0,-,0:4|8;1:5|7;2:5|7|8;3:5|6|8;4:7|9;5:0|1|8|9;6:8;7:0|3|4|5|6;8:3|4|5|8;9:0|7|8,0:-;1:-;2:-;3:-;4:-;5:-;6:-;7:-;8:-;9:-,0@4=1;0@5=1;0@6=1;0@7=1;0@8=1;1@4=2;1@5=2;1@6=1;1@1=4;1@9=1;2@7=1;3@4=2;3@7=1;3@1=1;4@4=1;4@6=1;4@1=1;4@2=2;4@3=2;5@4=1;5@6=2;5@2=1;6@4=1;6@6=1;6@7=1;6@8=1;6@1=1;6@3=1;7@6=1;7@7=2;7@8=2;7@1=2;7@2=2;8@4=1;8@5=1;8@8=1;8@1=1;8@9=1;8@3=1;8@0=2;9@4=3;9@5=3;9@6=1;9@7=4;9@1=3;9@2=2;9@3=2,"4,5,6,7,8,1,9,2,3,0",72,47,0,47,0.0,0.0,0.0,0.0,0.0,0.0,0.0,0.0,"Feasible(status=11,gap=13.876511)"
1151,1150,0,0,0,-,0:4|8;1:5|7;2:5|7|8;3:5|6|8;4:7|9;5:0|1|8|9;6:8;7:0|3|4|5|6;8:3|4|5|8;9:0|7|8,0:-;1:-;2:-;3:-;4:-;5:-;6:-;7:-;8:-;9:-,0@0=1;0@1=2;0@4=1;0@7=2;1@0=1;1@4=1;1@7=2;1@2=1;1@5=1;2@4=1;3@0=1;3@1=1;3@4=1;3@5=1;3@3=1;4@0=1;4@1=2;4@4=3;4@7=1;4@5=2;4@3=1;4@6=1;4@9=2;5@0=1;5@1=2;5@2=1;6@4=2;6@7=1;7@1=1;7@4=1;7@5=2;7@6=1;7@9=1;8@0=1;8@1=1;8@4=3;8@7=1;8@9=2;8@8=1;9@0=2;9@1=3;9@4=4;9@2=4;9@6=2;9@8=1,"0,1,4,7,2,5,3,6,9,8",69,45,0,45,0.0,0.0,0.0,0.0,0.0,0.0,0.0,0.0,"Feasible(status=11,gap=13.876511)"
1152,1151,0,0,0,-,0:4|8;1:5|7;2:5|7|8;3:5|6|8;4:7|9;5:0|1|8|9;6:8;7:0|3|4|5|6;8:3|4|5|8;9:0|7|8,0:-;1:-;2:-;3:-;4:-;5:-;6:-;7:-;8:-;9:-,0@0=1;0@1=1;0@4=1;0@5=1;0@6=1;0@7=1;0@8=1;1@1=1;1@4=1;2@8=1;4@0=1;4@1=1;4@4=1;4@8=1;4@2=2;4@3=1;4@9=2;5@1=2;5@4=1;5@7=1;5@8=1;5@2=1;6@4=3;6@2=1;6@9=1;7@0=4;7@1=1;7@4=1;7@8=1;7@2=2;8@0=1;8@1=3;8@4=1;8@5=1;8@7=1;8@2=1;9@1=5;9@4=6;9@6=1;9@7=1;9@8=1;9@2=4;9@9=3,"0,1,4,5,6,7,8,2,3,9",68,43,0,43,0.0,0.0,0.0,0.0,0.0,0.0,0.0,0.0,"Feasible(status=11,gap=13.876511)"
1153,1152,0,0,0,-,0:4|8;1:5|7;2:5|7|8;3:5|6|8;4:7|9;5:0|1|8|9;6:8;7:0|3|4|5|6;8:3|4|5|8;9:0|7|8,0:-;1:-;2:-;3:-;4:-;5:-;6:-;7:-;8:-;9:-,0@0=1;0@1=3;0@2=3;0@3=1;0@4=5;0@8=2;1@0=3;1@1=2;1@2=2;1@3=3;1@4=1;1@5=2;1@6=2;2@2=1;2@4=1;2@5=1;3@0=1;3@1=1;3@2=1;3@4=1;3@8=1;4@0=1;4@2=1;4@4=1;4@5=1;5@0=1;5@1=1;5@2=1;5@4=3;5@6=1;5@7=1;6@0=1;6@2=1;6@3=1;6@4=1;6@7=2;7@0=1;7@1=1;7@2=1;7@3=2;7@4=5;7@5=1;7@6=1;8@0=1;8@1=2;8@3=3;8@4=3;8@8=2;8@5=1;8@6=2;8@7=2;9@0=4;9@1=4;9@2=6;9@3=4;9@4=4;9@8=1;9@5=2;9@6=1;9@7=4;9@9=3,"0,1,2,3,4,8,5,6,7,9",117,61,0,61,0.0,0.0,0.0,0.0,0.0,0.0,0.0,0.0,"Feasible(status=11,gap=13.876511)"
1154,1153,0,0,0,-,0:4|8;1:5|7;2:5|7|8;3:5|6|8;4:7|9;5:0|1|8|9;6:8;7:0|3|4|5|6;8:3|4|5|8;9:0|7|8,0:-;1:-;2:-;3:-;4:-;5:-;6:-;7:-;8:-;9:-,0@1=2;0@2=2;0@3=1;0@4=3;0@5=1;1@2=1;1@3=1;1@4=1;1@7=3;2@9=1;3@1=1;3@2=3;3@7=1;3@8=1;5@1=1;5@3=2;5@4=2;5@5=1;5@7=1;5@9=2;5@0=1;6@2=2;6@4=1;6@8=1;6@6=1;7@1=3;7@2=2;7@4=2;7@7=3;8@2=5;8@3=1;8@4=2;8@5=2;8@7=2;8@8=3;8@6=1;9@1=4;9@2=3;9@3=2;9@4=6;9@5=2;9@7=3;9@9=3;9@8=2;9@0=1;9@6=3,"1,2,3,4,5,7,9,8,0,6",92,46,0,46,0.0,0.0,0.0,0.0,0.0,0.0,0.0,0.0,"Feasible(status=11,gap=13.876511)"
1155,1154,0,0,0,-,0:4|8;1:5|7;2:5|7|8;3:5|6|8;4:7|9;5:0|1|8|9;6:8;7:0|3|4|5|6;8:3|4|5|8;9:0|7|8,0:-;1:-;2:-;3:-;4:-;5:-;6:-;7:-;8:-;9:-,0@1=1;0@2=1;0@4=2;0@6=2;1@1=2;1@2=2;1@4=2;1@3=3;1@5=1;1@7=1;1@9=1;2@1=5;2@2=4;2@6=1;2@5=2;2@7=3;2@9=2;2@0=3;3@4=2;3@6=1;3@0=1;3@8=3;5@2=2;5@4=1;6@4=3;6@5=2;6@7=2;7@2=1;7@6=1;7@9=1;7@0=1;7@8=1;8@2=1;8@4=2;8@6=6;8@7=1;8@9=1;9@1=2;9@2=4;9@4=3;9@6=3;9@3=1;9@5=2;9@7=2;9@9=2;9@0=1;9@8=2,"1,2,4,6,3,5,7,9,0,8",93,47,0,47,0.0,0.0,0.0,0.0,0.0,0.0,0.0,0.0,"Feasible(status=11,gap=13.876511)"
1156,1155,0,0,0,-,0:4|8;1:5|7;2:5|7|8;3:5|6|8;4:7|9;5:0|1|8|9;6:8;7:0|3|4|5|6;8:3|4|5|8;9:0|7|8,0:-;1:-;2:-;3:-;4:-;5:-;6:-;7:-;8:-;9:-,0@1=4;0@2=2;0@3=2;0@4=3;0@6=1;0@8=2;0@9=1;1@2=5;1@3=1;1@4=3;1@6=1;1@8=1;1@5=1;1@7=2;2@1=2;2@3=1;2@4=2;2@8=1;2@9=1;2@5=1;2@7=3;2@0=1;3@1=1;3@2=5;3@3=2;3@4=1;3@6=2;3@9=1;5@2=4;5@3=1;5@9=1;6@3=1;6@4=2;6@6=1;6@7=1;7@1=2;7@3=2;7@4=2;7@6=1;7@8=1;7@0=1;8@1=2;8@2=1;8@3=1;8@4=2;8@6=1;8@8=2;8@9=1;8@7=1;9@1=1;9@3=1;9@4=3;9@9=2;9@5=1;9@7=2,"1,2,3,4,6,8,9,5,7,0",94,55,0,55,0.0,0.0,0.0,0.0,0.0,0.0,0.0,0.0,"Feasible(status=11,gap=13.876511)"
1157,1156,0,0,0,-,0:4|8;1:5|7;2:5|7|8;3:5|6|8;4:7|9;5:0|1|8|9;6:8;7:0|3|4|5|6;8:3|4|5|8;9:0|7|8,0:-;1:-;2:-;3:-;4:-;5:-;6:-;7:-;8:-;9:-,0@4=3;0@5=2;0@8=1;0@9=1;1@4=1;1@5=1;1@9=1;1@1=1;1@2=3;1@3=1;1@7=1;2@4=6;2@5=1;2@9=1;2@1=2;2@2=3;2@3=1;2@7=1;2@0=2;2@6=2;3@4=1;3@5=1;3@9=1;3@2=1;3@6=1;5@4=1;5@1=2;5@2=2;5@3=1;5@7=2;5@6=2;6@5=2;7@6=1;8@4=2;8@5=2;8@8=1;8@1=1;8@2=1;8@0=3;8@6=2;9@4=2;9@8=1;9@1=4;9@2=4;9@0=1;9@6=1,"4,5,8,9,1,2,3,7,0,6",78,46,0,46,0.0,0.0,0.0,0.0,0.0,0.0,0.0,0.0,"Feasible(status=11,gap=13.876511)"
1158,1157,0,0,0,-,0:4|8;1:5|7;2:5|7|8;3:5|6|8;4:7|9;5:0|1|8|9;6:8;7:0|3|4|5|6;8:3|4|5|8;9:0|7|8,0:-;1:-;2:-;3:-;4:-;5:-;6:-;7:-;8:-;9:-,0@1=1;0@4=1;0@6=2;0@7=1;0@8=2;1@8=1;1@5=1;1@9=2;2@1=1;2@4=3;2@8=1;2@9=1;2@0=1;2@2=1;2@3=2;3@1=3;3@4=1;3@6=1;3@5=1;3@0=1;4@7=1;5@4=1;5@8=1;5@9=1;6@4=1;6@8=1;6@3=1;7@4=1;7@6=2;7@8=1;7@5=2;8@1=2;8@9=1;8@2=2;9@1=2;9@4=5;9@6=1;9@9=1;9@0=1;9@2=2;9@3=1,"1,4,6,7,8,5,9,0,2,3",59,41,0,41,0.0,0.0,0.0,0.0,0.0,0.0,0.0,0.0,"Feasible(status=11,gap=13.876511)"
1159,1158,0,0,0,-,0:4|8;1:5|7;2:5|7|8;3:5|6|8;4:7|9;5:0|1|8|9;6:8;7:0|3|4|5|6;8:3|4|5|8;9:0|7|8,0:-;1:-;2:-;3:-;4:-;5:-;6:-;7:-;8:-;9:-,0@1=1;0@4=2;0@6=2;1@1=1;1@4=2;1@2=1;1@3=1;1@8=1;2@1=1;2@2=1;2@8=1;2@9=1;3@6=1;4@8=1;5@1=1;5@4=1;5@6=1;5@7=1;6@1=1;6@4=2;6@6=3;6@7=1;6@5=2;7@4=2;7@2=1;7@3=2;7@5=1;8@1=3;8@4=2;8@6=1;8@2=3;8@3=2;8@8=1;8@9=1;8@5=1;9@1=2;9@4=5;9@6=1;9@2=1;9@8=1;9@7=4;9@5=1;9@0=1,"1,4,6,2,3,8,9,7,5,0",66,43,0,43,0.0,0.0,0.0,0.0,0.0,0.0,0.0,0.0,"Feasible(status=11,gap=13.876511)"
1160,1159,0,0,0,-,0:4|8;1:5|7;2:5|7|8;3:5|6|8;4:7|9;5:0|1|8|9;6:8;7:0|3|4|5|6;8:3|4|5|8;9:0|7|8,0:-;1:-;2:-;3:-;4:-;5:-;6:-;7:-;8:-;9:-,0@0=1;0@1=2;0@2=2;0@3=1;0@4=4;0@5=1;0@6=1;0@7=1;1@0=1;1@2=2;1@3=3;1@4=2;1@6=1;2@1=1;2@2=6;2@3=1;2@4=3;2@5=3;2@6=2;2@7=1;2@8=1;2@9=1;3@0=1;3@1=1;3@2=2;3@6=1;3@7=1;3@9=1;5@0=1;5@1=2;5@2=1;5@3=2;5@4=3;5@5=1;5@6=1;5@7=1;5@8=1;6@1=2;6@2=1;6@4=2;7@0=1;7@1=2;7@2=5;7@3=1;7@4=2;7@5=1;7@9=1;8@0=3;8@1=2;8@2=1;8@4=2;8@5=2;8@7=4;8@8=3;8@9=3;9@1=3;9@2=3;9@3=1;9@4=8;9@5=4;9@6=3;9@7=5;9@8=1;9@9=1,"0,1,2,3,4,5,6,7,8,9",128,64,0,64,0.0,0.0,0.0,0.0,0.0,0.0,0.0,0.0,"Feasible(status=11,gap=13.876511)"
1161,1160,0,0,0,-,0:4|8;1:5|7;2:5|7|8;3:5|6|8;4:7|9;5:0|1|8|9;6:8;7:0|3|4|5|6;8:3|4|5|8;9:0|7|8,0:-;1:-;2:-;3:-;4:-;5:-;6:-;7:-;8:-;9:-,0@0=1;0@1=1;0@2=5;0@4=1;0@5=1;0@6=1;0@7=1;0@8=1;1@0=2;1@1=2;1@4=2;1@7=1;1@9=2;2@0=3;2@1=3;2@2=6;2@4=2;2@5=4;2@7=2;2@8=2;2@9=1;2@3=1;3@1=2;3@2=1;3@4=3;3@5=1;3@7=1;3@8=3;5@1=1;5@2=2;5@7=1;5@9=1;6@0=2;6@2=2;6@4=1;6@8=1;6@9=2;7@1=1;7@2=3;7@4=1;7@5=1;7@6=1;7@7=1;7@9=1;8@0=1;8@1=3;8@4=2;8@5=1;8@7=1;8@8=1;9@0=1;9@1=7;9@2=3;9@4=4;9@5=1;9@6=2;9@7=2;9@9=2;9@3=2,"0,1,2,4,5,6,7,8,9,3",111,59,0,59,0.0,0.0,0.0,0.0,0.0,0.0,0.0,0.0,"Feasible(status=11,gap=13.876511)"
1162,1161,0,0,0,-,0:4|8;1:5|7;2:5|7|8;3:5|6|8;4:7|9;5:0|1|8|9;6:8;7:0|3|4|5|6;8:3|4|5|8;9:0|7|8,0:-;1:-;2:-;3:-;4:-;5:-;6:-;7:-;8:-;9:-,0@0=1;0@2=1;0@3=1;0@4=2;0@6=1;0@8=2;1@2=1;1@8=1;1@1=1;1@7=2;1@9=1;2@0=1;2@2=6;2@3=5;2@4=1;2@6=1;2@8=1;2@1=2;2@7=2;2@9=1;2@5=2;3@2=2;3@4=2;3@1=1;4@2=1;5@2=2;5@4=5;5@8=2;5@7=1;5@9=1;6@2=2;6@3=1;6@6=1;6@8=1;6@1=1;7@2=3;7@4=5;7@6=1;7@8=1;7@9=1;8@0=1;8@2=4;8@3=1;8@4=2;8@6=3;8@8=2;8@7=2;8@5=2;9@0=1;9@2=7;9@4=2;9@8=2;9@1=3;9@9=3;9@5=2,"0,2,3,4,6,8,1,7,9,5",107,55,0,55,0.0,0.0,0.0,0.0,0.0,0.0,0.0,0.0,"Feasible(status=11,gap=13.876511)"
1163,1162,0,0,0,-,0:4|8;1:5|7;2:5|7|8;3:5|6|8;4:7|9;5:0|1|8|9;6:8;7:0|3|4|5|6;8:3|4|5|8;9:0|7|8,0:-;1:-;2:-;3:-;4:-;5:-;6:-;7:-;8:-;9:-,0@0=2;0@2=2;0@4=5;0@8=1;1@2=2;1@1=4;1@3=1;1@6=3;1@9=2;2@2=4;2@4=2;2@8=4;2@1=2;2@3=1;2@6=1;2@9=1;2@5=3;3@0=1;3@4=1;3@8=2;3@1=2;3@6=1;3@9=1;4@0=1;4@1=1;5@2=1;5@4=1;5@8=1;5@6=4;5@5=1;5@7=1;6@2=2;6@3=1;6@9=1;6@5=2;6@7=1;7@0=1;7@2=2;7@4=1;7@1=2;7@6=2;7@5=1;8@0=1;8@2=1;8@4=2;8@1=1;8@3=1;8@5=1;9@2=6;9@4=4;9@8=2;9@3=2;9@6=3;9@9=1;9@5=2;9@7=1,"0,2,4,8,1,3,6,9,5,7",103,56,0,56,0.0,0.0,0.0,0.0,0.0,0.0,0.0,0.0,"Feasible(status=11,gap=13.876511)"
1164,1163,0,0,0,-,0:4|8;1:5|7;2:5|7|8;3:5|6|8;4:7|9;5:0|1|8|9;6:8;7:0|3|4|5|6;8:3|4|5|8;9:0|7|8,0:-;1:-;2:-;3:-;4:-;5:-;6:-;7:-;8:-;9:-,0@1=1;0@2=1;0@3=1;0@4=2;0@5=1;1@4=3;1@5=1;1@0=1;1@8=2;2@1=3;2@2=4;2@4=1;2@5=2;2@0=2;2@8=1;2@6=2;2@9=2;3@1=1;3@2=1;3@3=1;3@4=2;3@5=1;3@8=1;3@6=1;3@7=2;4@2=2;4@4=1;4@0=1;4@8=2;4@9=2;4@7=1;5@8=1;5@6=1;6@2=1;6@5=1;7@4=1;7@5=2;7@8=1;8@1=2;8@4=1;8@5=2;8@8=1;8@6=1;8@9=1;8@7=1;9@2=4;9@3=2;9@4=2;9@5=1;9@0=1;9@8=1;9@9=2;9@7=1,"1,2,3,4,5,0,8,6,9,7",80,53,0,53,0.0,0.0,0.0,0.0,0.0,0.0,0.0,0.0,"Feasible(status=11,gap=13.876511)"
1165,1164,0,0,0,-,0:4|8;1:5|7;2:5|7|8;3:5|6|8;4:7|9;5:0|1|8|9;6:8;7:0|3|4|5|6;8:3|4|5|8;9:0|7|8,0:-;1:-;2:-;3:-;4:-;5:-;6:-;7:-;8:-;9:-,0@2=1;0@4=2;1@2=3;2@4=2;2@0=2;2@1=2;2@6=1;2@9=1;3@2=1;3@4=1;3@0=1;3@1=1;4@4=4;4@1=1;4@9=1;4@3=1;4@5=1;5@2=1;5@4=3;5@1=1;5@5=1;5@7=1;7@4=2;7@1=1;7@9=1;8@2=2;8@4=4;8@1=1;8@9=1;8@7=1;8@8=2;9@2=1;9@4=3;9@1=1;9@6=2;9@3=1;9@8=3,"2,4,0,1,6,9,3,5,7,8",59,37,0,37,0.0,0.0,0.0,0.0,0.0,0.0,0.0,0.0,"Feasible(status=11,gap=13.876511)"
1166,1165,0,0,0,-,0:4|8;1:5|7;2:5|7|8;3:5|6|8;4:7|9;5:0|1|8|9;6:8;7:0|3|4|5|6;8:3|4|5|8;9:0|7|8,0:-;1:-;2:-;3:-;4:-;5:-;6:-;7:-;8:-;9:-,0@0=1;0@2=3;0@3=2;0@4=3;0@8=2;1@0=1;4@0=2;4@2=1;4@3=1;4@4=3;4@8=1;4@5=1;4@6=2;4@9=2;5@2=1;5@4=1;5@6=2;5@7=1;7@4=2;7@5=1;7@9=1;8@2=1;8@3=1;8@4=1;8@8=1;8@5=1;8@6=2;8@9=1;8@7=2;8@1=1;9@0=2;9@2=3;9@3=2;9@4=4;9@8=1;9@6=2;9@9=1,"0,2,3,4,8,5,6,9,7,1",60,37,0,37,0.0,0.0,0.0,0.0,0.0,0.0,0.0,0.0,"Feasible(status=11,gap=13.876511)"
1167,1166,0,0,0,-,0:4|8;1:5|7;2:5|7|8;3:5|6|8;4:7|9;5:0|1|8|9;6:8;7:0|3|4|5|6;8:3|4|5|8;9:0|7|8,0:-;1:-;2:-;3:-;4:-;5:-;6:-;7:-;8:-;9:-,0@1=3;0@2=1;0@3=1;0@4=1;0@5=1;0@7=1;0@8=2;1@2=1;1@3=1;1@4=1;1@5=3;1@7=1;2@1=1;2@2=2;2@3=2;2@4=2;2@7=1;2@8=1;2@0=1;2@9=4;3@1=2;3@5=2;3@0=1;3@9=1;3@6=1;4@1=4;4@2=2;4@3=1;4@4=3;4@5=1;4@8=1;4@0=1;4@6=3;5@1=2;5@4=2;5@5=3;5@7=2;5@8=1;5@9=1;5@6=1;7@1=1;7@9=3;8@1=1;8@2=4;8@4=1;8@5=1;8@6=2;9@1=6;9@2=5;9@4=4;9@5=2;9@7=1;9@8=3;9@0=2;9@6=4,"1,2,3,4,5,7,8,0,9,6",106,55,0,55,0.0,0.0,0.0,0.0,0.0,0.0,0.0,0.0,"Feasible(status=11,gap=13.876511)"
1168,1167,0,0,0,-,0:4|8;1:5|7;2:5|7|8;3:5|6|8;4:7|9;5:0|1|8|9;6:8;7:0|3|4|5|6;8:3|4|5|8;9:0|7|8,0:-;1:-;2:-;3:-;4:-;5:-;6:-;7:-;8:-;9:-,0@2=1;0@4=2;0@5=2;0@6=1;0@7=2;0@8=3;0@9=5;1@2=1;1@4=5;1@5=2;1@6=1;1@9=1;1@0=2;1@3=1;2@2=4;2@4=2;2@5=2;2@6=2;2@7=3;2@8=4;2@9=4;2@0=1;2@3=1;2@1=2;3@2=1;3@4=3;3@5=1;3@6=1;3@7=1;3@9=3;3@0=1;3@3=1;3@1=4;4@2=4;4@6=1;4@8=1;4@9=2;4@1=2;5@2=2;5@4=1;5@6=1;5@9=2;7@2=1;7@4=3;7@6=2;7@8=1;7@0=1;7@3=2;8@2=1;8@4=2;8@6=3;8@7=1;8@8=1;8@9=1;8@3=1;9@2=6;9@4=3;9@5=3;9@6=1;9@7=2;9@8=3;9@9=2;9@0=1;9@3=1;9@1=1,"2,4,5,6,7,8,9,0,3,1",129,65,0,65,0.0,0.0,0.0,0.0,0.0,0.0,0.0,0.0,"Feasible(status=11,gap=13.876511)"
1169,1168,0,0,0,-,0:4|8;1:5|7;2:5|7|8;3:5|6|8;4:7|9;5:0|1|8|9;6:8;7:0|3|4|5|6;8:3|4|5|8;9:0|7|8,0:-;1:-;2:-;3:-;4:-;5:-;6:-;7:-;8:-;9:-,0@1=1;0@2=2;0@3=1;0@4=2;0@6=4;0@9=2;1@1=1;1@2=1;1@9=1;1@0=3;1@8=1;2@2=2;2@4=4;2@6=3;2@9=3;2@0=2;2@8=2;2@5=3;2@7=1;3@1=2;3@2=3;3@3=1;3@4=1;3@5=2;4@1=2;4@2=3;4@4=1;4@9=4;4@8=2;4@7=1;5@2=2;5@3=1;5@4=1;5@9=2;5@8=3;7@1=1;7@2=2;7@6=1;8@1=3;8@4=3;8@6=2;8@9=1;8@0=1;8@8=1;9@1=2;9@2=4;9@3=2;9@4=1;9@6=2;9@9=1;9@0=3;9@8=2;9@5=3,"1,2,3,4,6,9,0,8,5,7",105,53,0,53,0.0,0.0,0.0,0.0,0.0,0.0,0.0,0.0,"Feasible(status=11,gap=13.876511)"
1170,1169,0,0,0,-,0:4|8;1:5|7;2:5|7|8;3:5|6|8;4:7|9;5:0|1|8|9;6:8;7:0|3|4|5|6;8:3|4|5|8;9:0|7|8,0:-;1:-;2:-;3:-;4:-;5:-;6:-;7:-;8:-;9:-,0@0=1;0@4=1;0@7=1;1@4=2;1@1=2;1@2=2;1@3=2;1@8=1;2@4=4;2@7=1;2@1=2;2@2=2;2@3=2;2@8=1;2@5=1;2@6=2;2@9=1;3@0=4;3@4=3;3@7=2;3@1=1;3@2=5;3@3=1;3@9=1;4@0=1;4@4=2;4@7=1;4@1=2;4@3=3;4@8=2;4@5=2;4@6=2;5@7=1;5@1=1;5@2=1;5@8=2;7@0=1;7@4=2;7@7=1;7@1=1;7@3=1;7@6=1;8@0=1;8@1=1;8@2=2;8@3=1;8@8=1;8@5=1;8@9=1;9@0=1;9@4=4;9@7=1;9@2=1;9@8=1;9@5=3;9@6=2,"0,4,7,1,2,3,8,5,6,9",93,56,0,56,0.0,0.0,0.0,0.0,0.0,0.0,0.0,0.0,"Feasible(status=11,gap=13.876511)"
1171,1170,0,0,0,-,0:4|8;1:5|7;2:5|7|8;3:5|6|8;4:7|9;5:0|1|8|9;6:8;7:0|3|4|5|6;8:3|4|5|8;9:0|7|8,0:-;1:-;2:-;3:-;4:-;5:-;6:-;7:-;8:-;9:-,0@0=3;0@1=2;0@2=2;0@3=1;0@4=2;0@5=1;0@9=1;1@0=1;1@1=1;1@2=1;1@4=2;1@9=1;2@0=1;2@1=2;2@2=2;2@3=1;2@4=3;2@6=1;3@2=3;3@4=1;3@8=1;4@1=3;4@3=1;4@4=1;4@5=2;4@8=2;5@1=1;5@2=2;5@4=1;5@5=1;5@9=2;7@0=1;7@2=2;7@4=2;8@0=2;8@3=1;8@4=1;8@5=1;8@8=1;9@0=2;9@3=1;9@4=2;9@5=1;9@8=2,"0,1,2,3,4,5,9,6,8",68,44,0,44,0.0,0.0,0.0,0.0,0.0,0.0,0.0,0.0,"Feasible(status=11,gap=13.876511)"
1172,1171,0,0,0,-,0:4|8;1:5|7;2:5|7|8;3:5|6|8;4:7|9;5:0|1|8|9;6:8;7:0|3|4|5|6;8:3|4|5|8;9:0|7|8,0:-;1:-;2:-;3:-;4:-;5:-;6:-;7:-;8:-;9:-,0@1=1;0@2=1;0@4=1;0@7=1;1@2=1;1@8=1;1@9=1;2@1=2;2@2=2;2@4=1;2@7=1;2@9=1;2@0=1;2@5=1;2@6=1;3@4=1;3@7=2;3@9=2;3@5=1;3@6=1;3@3=1;4@1=1;4@2=1;4@9=1;4@6=1;4@3=1;5@2=1;5@6=2;7@2=1;7@4=1;7@7=1;7@9=1;7@5=1;7@6=1;8@1=1;8@2=3;8@4=1;8@7=1;8@6=1;8@3=2;9@1=1;9@2=3;9@4=2;9@9=2;9@0=1;9@6=2;9@3=1,"1,2,4,7,8,9,0,5,6,3",60,47,0,47,0.0,0.0,0.0,0.0,0.0,0.0,0.0,0.0,"Feasible(status=11,gap=13.876511)"
1173,1172,0,0,0,-,0:4|8;1:5|7;2:5|7|8;3:5|6|8;4:7|9;5:0|1|8|9;6:8;7:0|3|4|5|6;8:3|4|5|8;9:0|7|8,0:-;1:-;2:-;3:-;4:-;5:-;6:-;7:-;8:-;9:-,0@0=1;0@2=3;0@4=2;0@8=1;1@1=1;1@7=1;2@6=1;3@2=1;3@8=1;3@1=1;3@7=2;3@6=1;3@9=1;4@2=2;4@4=1;4@8=1;4@9=1;4@3=2;5@2=1;5@7=1;5@6=1;7@2=1;7@8=1;7@1=1;7@7=1;7@9=1;8@2=1;8@4=3;8@8=1;8@3=4;9@4=2;9@1=1;9@7=2;9@6=3;9@9=1;9@3=1;9@5=1,"0,2,4,8,1,7,6,9,3,5",52,37,0,37,0.0,0.0,0.0,0.0,0.0,0.0,0.0,0.0,"Feasible(status=11,gap=13.876511)"
1174,1173,0,0,0,-,0:4|8;1:5|7;2:5|7|8;3:5|6|8;4:7|9;5:0|1|8|9;6:8;7:0|3|4|5|6;8:3|4|5|8;9:0|7|8,0:-;1:-;2:-;3:-;4:-;5:-;6:-;7:-;8:-;9:-,0@1=4;0@3=2;0@4=3;0@5=1;1@1=1;1@3=1;1@4=2;1@0=1;1@2=2;1@8=2;2@4=1;3@1=1;3@4=1;3@5=1;3@2=2;3@8=1;3@7=1;3@9=1;4@1=1;4@4=5;4@5=2;4@2=6;4@7=1;4@9=1;4@6=1;7@1=1;7@4=3;7@5=1;7@2=3;7@7=1;7@9=1;7@6=1;8@1=1;8@3=1;8@4=5;8@5=3;8@0=3;8@2=1;8@8=5;8@7=2;9@1=2;9@4=6;9@5=1;9@0=2;9@2=7;9@8=5;9@9=1,"1,3,4,5,0,2,8,7,9,6",101,47,0,47,0.0,0.0,0.0,0.0,0.0,0.0,0.0,0.0,"Feasible(status=11,gap=13.876511)"
1175,1174,0,0,0,-,0:4|8;1:5|7;2:5|7|8;3:5|6|8;4:7|9;5:0|1|8|9;6:8;7:0|3|4|5|6;8:3|4|5|8;9:0|7|8,0:-;1:-;2:-;3:-;4:-;5:-;6:-;7:-;8:-;9:-,0@1=1;0@2=1;0@3=1;0@5=1;0@8=1;0@9=1;1@1=1;1@3=2;1@9=1;1@0=1;2@9=1;3@1=2;3@2=1;3@3=1;3@8=1;3@4=1;4@1=1;4@2=1;4@9=1;4@4=1;4@6=1;5@8=1;5@4=1;7@2=1;7@6=2;8@2=1;8@8=1;8@4=1;8@6=1;9@1=3;9@2=2;9@8=2;9@9=1;9@0=1;9@4=3;9@6=3;9@7=1,"1,2,3,5,8,9,0,4,6,7",48,37,0,37,0.0,0.0,0.0,0.0,0.0,0.0,0.0,0.0,"Feasible(status=11,gap=13.876511)"
1176,1175,0,0,0,-,0:4|8;1:5|7;2:5|7|8;3:5|6|8;4:7|9;5:0|1|8|9;6:8;7:0|3|4|5|6;8:3|4|5|8;9:0|7|8,0:-;1:-;2:-;3:-;4:-;5:-;6:-;7:-;8:-;9:-,0@1=1;1@1=1;1@2=3;1@3=1;1@7=1;2@1=1;2@2=2;2@3=2;2@4=1;3@2=2;3@0=1;3@9=1;4@2=2;4@8=1;5@4=1;7@2=1;7@4=1;8@4=1;8@0=1;8@8=2;9@1=2;9@2=1;9@4=1;9@9=1,"1,2,3,7,4,0,9,8",32,24,0,24,0.0,0.0,0.0,0.0,0.0,0.0,0.0,0.0,"Feasible(status=11,gap=13.876511)"
1177,1176,0,0,0,-,0:4|8;1:5|7;2:5|7|8;3:5|6|8;4:7|9;5:0|1|8|9;6:8;7:0|3|4|5|6;8:3|4|5|8;9:0|7|8,0:-;1:-;2:-;3:-;4:-;5:-;6:-;7:-;8:-;9:-,0@0=1;0@1=1;0@4=1;0@9=1;1@0=1;1@4=1;1@2=3;1@3=1;1@5=1;1@6=1;1@7=2;1@8=2;2@1=1;2@4=1;2@9=2;2@2=2;2@3=1;2@5=1;3@0=1;3@2=1;3@3=1;3@7=3;3@8=3;4@1=1;4@4=3;4@9=2;4@2=4;4@3=2;4@6=1;4@7=2;5@0=1;5@4=2;5@3=1;5@5=1;5@7=1;7@1=1;7@4=2;7@9=1;7@2=1;7@5=1;8@0=3;8@4=4;8@9=1;8@2=1;8@8=1;9@1=2;9@4=3;9@9=2;9@2=4;9@3=3;9@7=1;9@8=1,"0,1,4,9,2,3,5,6,7,8",86,52,0,52,0.0,0.0,0.0,0.0,0.0,0.0,0.0,0.0,"Feasible(status=11,gap=13.876511)"
1178,1177,0,0,0,-,0:4|8;1:5|7;2:5|7|8;3:5|6|8;4:7|9;5:0|1|8|9;6:8;7:0|3|4|5|6;8:3|4|5|8;9:0|7|8,0:-;1:-;2:-;3:-;4:-;5:-;6:-;7:-;8:-;9:-,0@2=1;0@4=1;0@6=2;0@8=1;1@2=1;1@1=1;1@9=1;2@2=4;2@4=3;2@1=1;2@0=1;2@3=1;2@7=1;3@2=1;3@4=1;3@6=1;3@9=1;3@3=1;3@5=2;4@2=2;4@4=2;4@6=2;4@1=2;4@0=1;4@5=1;5@2=1;5@5=1;7@2=2;7@8=1;7@1=1;8@6=1;8@1=1;8@9=1;9@2=1;9@4=1;9@8=1;9@1=3;9@9=1;9@3=1,"2,4,6,8,1,9,0,3,7,5",53,39,0,39,0.0,0.0,0.0,0.0,0.0,0.0,0.0,0.0,"Feasible(status=11,gap=13.876511)"
1179,1178,0,0,0,-,0:4|8;1:5|7;2:5|7|8;3:5|6|8;4:7|9;5:0|1|8|9;6:8;7:0|3|4|5|6;8:3|4|5|8;9:0|7|8,0:-;1:-;2:-;3:-;4:-;5:-;6:-;7:-;8:-;9:-,0@3=1;0@4=3;0@5=1;0@6=1;0@7=1;1@6=1;2@3=1;3@3=1;3@2=1;3@9=1;4@3=1;4@4=3;4@5=1;4@6=1;4@2=1;4@0=1;4@1=1;5@3=1;5@4=3;5@8=1;7@6=2;7@0=1;8@3=1;8@4=1;8@7=1;8@2=2;8@9=1;8@1=1;9@3=1;9@4=2;9@2=3;9@9=2;9@0=1;9@1=4,"3,4,5,6,7,2,9,0,1,8",49,34,0,34,0.0,0.0,0.0,0.0,0.0,0.0,0.0,0.0,"Feasible(status=11,gap=13.876511)"
1180,1179,0,0,0,-,0:4|8;1:5|7;2:5|7|8;3:5|6|8;4:7|9;5:0|1|8|9;6:8;7:0|3|4|5|6;8:3|4|5|8;9:0|7|8,0:-;1:-;2:-;3:-;4:-;5:-;6:-;7:-;8:-;9:-,0@0=2;0@1=1;0@2=2;0@4=3;0@6=2;0@8=1;0@9=4;1@0=2;1@1=1;1@2=1;1@4=1;1@6=1;1@3=1;1@5=1;2@0=1;2@1=2;2@2=1;2@4=2;2@8=1;2@9=2;2@3=2;2@5=1;2@7=1;3@1=2;3@2=3;3@4=4;3@9=2;3@3=1;3@5=1;3@7=2;4@1=2;4@2=2;4@4=1;4@6=2;4@9=2;4@3=1;4@7=1;5@2=1;5@4=1;5@9=1;5@5=1;5@7=1;6@3=2;6@5=1;7@0=1;7@1=1;7@2=2;7@4=1;7@6=1;7@9=1;7@3=1;7@5=1;8@0=2;8@2=3;8@4=2;8@6=1;8@8=1;8@9=1;8@3=1;8@5=1;8@7=1;9@0=1;9@1=3;9@2=4;9@4=4;9@6=1;9@8=2;9@9=1;9@5=1;9@7=1,"0,1,2,4,6,8,9,3,5,7",110,70,0,70,0.0,0.0,0.0,0.0,0.0,0.0,0.0,0.0,"Feasible(status=11,gap=13.876511)"
1181,1180,0,0,0,-,0:4|8;1:5|7;2:5|7|8;3:5|6|8;4:7|9;5:0|1|8|9;6:8;7:0|3|4|5|6;8:3|4|5|8;9:0|7|8,0:-;1:-;2:-;3:-;4:-;5:-;6:-;7:-;8:-;9:-,0@1=3;0@2=1;0@3=2;0@4=2;0@7=1;0@8=2;1@3=1;1@4=1;2@1=2;2@2=3;2@3=1;2@4=5;2@7=2;2@8=1;2@0=1;2@6=1;2@9=2;3@1=3;3@2=1;3@4=2;3@8=1;3@5=1;4@1=2;4@3=1;4@4=2;4@7=1;4@8=1;4@6=1;4@5=1;5@1=1;5@3=1;5@8=1;5@5=1;6@1=1;6@3=1;6@4=1;6@0=2;7@1=1;7@2=1;7@3=1;7@4=1;7@8=1;7@0=1;7@6=1;7@9=1;7@5=2;8@1=2;8@3=3;8@7=1;8@8=1;8@0=1;8@6=1;8@9=2;9@1=1;9@3=3;9@4=3;9@7=1;9@8=2;9@0=1;9@6=2;9@9=3;9@5=1,"1,2,3,4,7,8,0,6,9,5",95,62,0,62,0.0,0.0,0.0,0.0,0.0,0.0,0.0,0.0,"Feasible(status=11,gap=13.876511)"
1182,1181,0,0,0,-,0:4|8;1:5|7;2:5|7|8;3:5|6|8;4:7|9;5:0|1|8|9;6:8;7:0|3|4|5|6;8:3|4|5|8;9:0|7|8,0:-;1:-;2:-;3:-;4:-;5:-;6:-;7:-;8:-;9:-,0@1=2;0@2=8;0@3=2;0@4=6;0@5=3;0@7=1;0@8=1;0@9=1;1@2=2;1@4=5;1@5=2;1@7=1;1@8=1;1@0=1;1@6=3;2@1=3;2@2=1;2@3=1;2@4=3;2@5=1;2@7=1;2@9=2;2@0=1;2@6=1;3@2=1;3@4=4;3@5=2;3@7=2;3@8=2;3@9=2;3@0=2;3@6=1;4@1=2;4@2=3;4@4=5;4@5=1;4@7=1;4@9=1;4@0=2;4@6=2;5@1=2;5@2=2;5@3=2;5@4=3;5@5=2;5@7=1;5@8=1;5@6=3;6@1=2;6@2=1;6@3=1;6@5=2;6@8=2;6@9=1;7@1=3;7@2=3;7@3=4;7@4=2;7@5=1;7@7=1;7@8=2;7@9=1;7@6=1;8@1=2;8@2=4;8@3=4;8@4=3;8@5=3;8@7=2;8@8=3;8@9=2;8@6=1;9@1=2;9@2=4;9@3=3;9@4=3;9@5=2;9@7=4;9@8=2;9@9=3;9@0=3;9@6=3,"1,2,3,4,5,7,8,9,0,6",182,82,0,82,0.0,0.0,0.0,0.0,0.0,0.0,0.0,0.0,"Feasible(status=11,gap=13.876511)"
1183,1182,0,0,0,-,0:4|8;1:5|7;2:5|7|8;3:5|6|8;4:7|9;5:0|1|8|9;6:8;7:0|3|4|5|6;8:3|4|5|8;9:0|7|8,0:-;1:-;2:-;3:-;4:-;5:-;6:-;7:-;8:-;9:-,0@0=1;0@1=1;0@4=1;0@5=1;0@6=2;0@9=1;1@1=1;1@3=1;1@7=2;2@0=1;2@1=1;2@4=1;2@5=3;2@6=1;2@9=1;2@2=3;2@8=3;3@4=1;3@6=2;3@9=1;4@1=1;4@5=1;4@9=1;4@3=1;4@7=2;4@2=1;5@1=3;5@9=1;5@3=1;5@8=1;7@1=1;7@3=1;7@7=1;7@2=2;7@8=1;8@1=1;8@4=2;8@5=1;8@3=1;8@7=1;8@2=2;8@8=1;9@0=1;9@1=1;9@4=4;9@5=2;9@9=1;9@2=4,"0,1,4,5,6,9,3,7,2,8",70,48,0,48,0.0,0.0,0.0,0.0,0.0,0.0,0.0,0.0,"Feasible(status=11,gap=13.876511)"
1184,1183,0,0,0,-,0:4|8;1:5|7;2:5|7|8;3:5|6|8;4:7|9;5:0|1|8|9;6:8;7:0|3|4|5|6;8:3|4|5|8;9:0|7|8,0:-;1:-;2:-;3:-;4:-;5:-;6:-;7:-;8:-;9:-,0@0=1;0@1=1;0@4=1;1@1=1;1@3=2;1@8=2;2@0=1;2@1=1;2@4=2;2@8=2;2@2=1;2@5=2;2@6=1;2@7=2;3@0=1;3@1=4;3@5=1;3@7=2;4@1=1;4@4=1;4@3=2;4@5=2;4@6=1;4@7=1;5@1=2;5@2=1;6@4=1;7@1=2;7@4=2;7@9=1;8@1=4;8@4=1;8@3=1;8@8=1;8@2=3;8@6=1;8@9=1;9@0=1;9@1=2;9@4=2;9@8=1;9@7=2;9@9=1,"0,1,4,3,8,2,5,6,7,9",66,43,0,43,0.0,0.0,0.0,0.0,0.0,0.0,0.0,0.0,"Feasible(status=11,gap=13.876511)"
1185,1184,0,0,0,-,0:4|8;1:5|7;2:5|7|8;3:5|6|8;4:7|9;5:0|1|8|9;6:8;7:0|3|4|5|6;8:3|4|5|8;9:0|7|8,0:-;1:-;2:-;3:-;4:-;5:-;6:-;7:-;8:-;9:-,0@1=2;0@3=1;0@4=2;0@9=2;1@4=2;1@0=1;1@2=1;1@5=1;2@3=1;2@4=1;2@0=1;2@2=2;3@1=1;3@3=1;3@4=1;3@0=1;3@2=1;4@4=1;4@9=1;4@0=1;4@2=2;4@6=1;4@8=1;5@0=2;5@7=1;6@1=2;6@8=1;6@7=1;7@2=1;9@1=1;9@4=1;9@9=2;9@0=1;9@5=2;9@6=1;9@8=1,"1,3,4,9,0,2,5,6,8,7",46,36,0,36,0.0,0.0,0.0,0.0,0.0,0.0,0.0,0.0,"Feasible(status=11,gap=13.876511)"
1186,1185,0,0,0,-,0:4|8;1:5|7;2:5|7|8;3:5|6|8;4:7|9;5:0|1|8|9;6:8;7:0|3|4|5|6;8:3|4|5|8;9:0|7|8,0:-;1:-;2:-;3:-;4:-;5:-;6:-;7:-;8:-;9:-,0@3=3;0@4=1;0@5=2;0@7=1;1@3=2;1@4=2;1@2=1;3@4=1;3@7=2;3@0=1;3@1=1;4@3=1;4@2=2;4@0=1;5@2=1;5@0=1;5@9=1;7@3=1;7@2=1;7@9=2;8@3=1;8@4=2;8@2=2;8@0=1;8@1=2;8@9=1;9@3=3;9@5=2;9@7=1;9@0=1;9@8=1,"3,4,5,7,2,0,1,9,8",45,31,0,31,0.0,0.0,0.0,0.0,0.0,0.0,0.0,0.0,"Feasible(status=11,gap=13.876511)"
1187,1186,0,0,0,-,0:4|8;1:5|7;2:5|7|8;3:5|6|8;4:7|9;5:0|1|8|9;6:8;7:0|3|4|5|6;8:3|4|5|8;9:0|7|8,0:-;1:-;2:-;3:-;4:-;5:-;6:-;7:-;8:-;9:-,0@0=1;0@4=1;0@5=4;0@6=1;0@7=2;0@8=1;0@9=2;1@5=1;1@2=2;2@4=2;2@6=1;2@9=1;2@1=2;3@0=2;3@5=1;3@7=2;3@8=1;3@9=3;3@2=1;3@1=2;4@0=1;4@4=1;4@5=2;4@6=2;4@8=1;4@9=2;4@2=4;4@1=2;4@3=1;5@4=1;5@6=1;5@9=1;5@3=1;6@4=2;6@7=1;6@8=1;6@2=2;7@4=4;7@5=1;7@6=1;7@2=2;8@0=1;8@4=1;8@6=1;8@7=1;8@2=1;8@3=1;9@0=2;9@4=5;9@6=2;9@9=1;9@2=6;9@3=1,"0,4,5,6,7,8,9,2,1,3",90,53,0,53,0.0,0.0,0.0,0.0,0.0,0.0,0.0,0.0,"Feasible(status=11,gap=13.876511)"
1188,1187,0,0,0,-,0:4|8;1:5|7;2:5|7|8;3:5|6|8;4:7|9;5:0|1|8|9;6:8;7:0|3|4|5|6;8:3|4|5|8;9:0|7|8,0:-;1:-;2:-;3:-;4:-;5:-;6:-;7:-;8:-;9:-,0@1=2;0@2=4;0@4=2;0@9=2;1@1=1;1@4=3;1@9=1;1@3=2;1@6=1;1@7=1;1@8=1;2@1=1;2@2=1;2@4=3;2@9=1;2@7=2;2@8=1;2@0=1;3@1=1;3@2=2;3@4=3;3@9=1;3@3=1;3@7=2;3@8=1;4@1=1;4@2=1;4@4=2;4@9=2;4@7=1;4@8=1;4@5=1;5@1=2;5@2=1;5@4=2;5@9=1;5@3=1;6@1=1;6@4=2;6@9=2;6@8=2;6@5=1;7@1=1;7@2=1;7@4=1;7@3=1;7@6=2;7@7=2;7@8=1;7@5=1;8@2=1;8@4=2;8@3=2;8@7=1;8@5=1;9@1=2;9@2=2;9@4=3;9@9=1;9@3=3;9@6=2;9@8=3,"1,2,4,9,3,6,7,8,0,5",98,62,0,62,0.0,0.0,0.0,0.0,0.0,0.0,0.0,0.0,"Feasible(status=11,gap=13.876511)"
1189,1188,0,0,0,-,0:4|8;1:5|7;2:5|7|8;3:5|6|8;4:7|9;5:0|1|8|9;6:8;7:0|3|4|5|6;8:3|4|5|8;9:0|7|8,0:-;1:-;2:-;3:-;4:-;5:-;6:-;7:-;8:-;9:-,0@0=1;0@1=1;0@2=4;0@4=2;0@5=1;0@6=1;0@9=1;1@0=4;1@1=2;1@4=1;1@6=1;1@9=1;1@3=2;1@7=1;1@8=2;2@1=1;2@2=2;2@4=3;2@5=3;3@0=3;3@1=1;3@2=1;3@4=1;3@9=1;3@7=1;4@1=1;4@2=2;4@4=1;4@5=2;4@6=1;4@3=1;4@7=1;4@8=1;5@1=1;5@4=1;5@3=1;6@0=2;6@1=2;6@2=1;6@6=1;7@0=1;7@1=2;7@2=1;7@4=1;7@5=1;7@9=1;7@3=1;7@8=1;8@0=1;8@1=1;8@2=2;8@4=2;8@5=1;8@6=1;8@9=1;8@8=1;9@0=1;9@1=3;9@2=3;9@4=1;9@5=1;9@9=1;9@3=1;9@7=1;9@8=3,"0,1,2,4,5,6,9,3,7,8",95,65,0,65,0.0,0.0,0.0,0.0,0.0,0.0,0.0,0.0,"Feasible(status=11,gap=13.876511)"
1190,1189,0,0,0,-,0:4|8;1:5|7;2:5|7|8;3:5|6|8;4:7|9;5:0|1|8|9;6:8;7:0|3|4|5|6;8:3|4|5|8;9:0|7|8,0:-;1:-;2:-;3:-;4:-;5:-;6:-;7:-;8:-;9:-,0@0=1;0@1=2;0@2=1;0@4=2;0@5=1;1@0=1;1@1=1;1@4=1;1@5=2;1@3=1;1@8=1;2@2=2;2@5=1;2@8=1;2@6=1;2@7=2;2@9=1;3@2=2;3@5=2;3@8=2;3@6=1;3@9=1;4@0=1;4@2=2;4@4=3;4@5=1;4@8=1;5@4=1;6@4=1;6@6=2;7@1=1;7@2=1;7@4=1;7@6=1;7@7=1;7@9=1;8@1=2;8@2=1;8@4=1;8@6=1;8@7=1;9@0=2;9@2=4;9@4=1;9@5=2;9@3=1;9@8=1;9@6=1;9@7=1,"0,1,2,4,5,3,8,6,7,9",67,49,0,49,0.0,0.0,0.0,0.0,0.0,0.0,0.0,0.0,"Feasible(status=11,gap=13.876511)"
1191,1190,0,0,0,-,0:4|8;1:5|7;2:5|7|8;3:5|6|8;4:7|9;5:0|1|8|9;6:8;7:0|3|4|5|6;8:3|4|5|8;9:0|7|8,0:-;1:-;2:-;3:-;4:-;5:-;6:-;7:-;8:-;9:-,0@0=1;0@2=5;0@3=2;0@4=4;0@5=1;0@6=1;1@2=3;1@3=1;1@5=1;1@6=1;1@1=2;1@7=1;2@2=5;2@3=1;2@4=3;2@5=2;2@1=2;2@7=3;2@8=1;2@9=3;3@0=1;3@2=1;3@3=2;3@4=1;3@5=1;3@1=1;3@7=1;4@0=1;4@2=1;4@3=1;4@4=4;5@5=1;6@1=1;6@8=1;7@2=3;7@6=1;7@1=1;7@8=1;8@2=4;8@3=1;8@4=2;8@5=1;8@7=1;8@8=1;8@9=1;9@0=1;9@2=2;9@4=2;9@5=1;9@7=1;9@9=2,"0,2,3,4,5,6,1,7,8,9",87,51,0,51,0.0,0.0,0.0,0.0,0.0,0.0,0.0,0.0,"Feasible(status=11,gap=13.876511)"
1192,1191,0,0,0,-,0:4|8;1:5|7;2:5|7|8;3:5|6|8;4:7|9;5:0|1|8|9;6:8;7:0|3|4|5|6;8:3|4|5|8;9:0|7|8,0:-;1:-;2:-;3:-;4:-;5:-;6:-;7:-;8:-;9:-,0@1=1;0@7=1;1@7=2;1@2=2;1@4=1;1@5=1;2@2=1;2@4=1;2@3=1;2@8=1;3@2=1;3@4=1;3@8=1;3@0=1;3@9=1;4@1=1;4@7=1;4@4=3;4@3=1;4@8=1;4@6=1;5@4=1;5@5=1;5@6=1;6@7=1;6@2=2;6@8=2;6@6=2;7@1=1;7@2=1;7@3=1;8@2=2;8@4=1;8@8=1;9@1=1;9@7=1;9@2=2;9@4=1;9@5=1;9@3=3;9@0=1;9@9=1;9@6=2,"1,7,2,4,5,3,8,0,9,6",55,43,0,43,0.0,0.0,0.0,0.0,0.0,0.0,0.0,0.0,"Feasible(status=11,gap=13.876511)"
1193,1192,0,0,0,-,0:4|8;1:5|7;2:5|7|8;3:5|6|8;4:7|9;5:0|1|8|9;6:8;7:0|3|4|5|6;8:3|4|5|8;9:0|7|8,0:-;1:-;2:-;3:-;4:-;5:-;6:-;7:-;8:-;9:-,0@1=1;0@3=1;0@4=4;0@5=3;0@7=1;0@8=1;1@1=2;1@4=1;1@8=2;1@0=1;1@9=1;3@1=1;3@4=3;3@7=1;4@3=3;4@7=2;4@9=1;4@2=1;4@6=2;5@4=1;5@5=1;5@8=1;5@0=1;5@2=1;6@4=2;6@5=1;7@1=1;7@9=1;8@3=1;8@4=1;8@7=1;8@0=1;8@2=2;9@1=6;9@3=1;9@4=1;9@7=1;9@0=1;9@2=1;9@6=2,"1,3,4,5,7,8,0,9,2,6",61,40,0,40,0.0,0.0,0.0,0.0,0.0,0.0,0.0,0.0,"Feasible(status=11,gap=13.876511)"
1194,1193,0,0,0,-,0:4|8;1:5|7;2:5|7|8;3:5|6|8;4:7|9;5:0|1|8|9;6:8;7:0|3|4|5|6;8:3|4|5|8;9:0|7|8,0:-;1:-;2:-;3:-;4:-;5:-;6:-;7:-;8:-;9:-,0@0=1;0@1=4;0@2=4;0@3=2;0@4=5;0@8=1;1@0=1;1@1=3;1@2=2;1@3=2;1@4=2;1@5=3;1@6=2;1@9=3;2@0=2;2@1=1;2@2=2;2@3=1;2@4=2;2@6=1;2@9=1;2@7=2;3@1=1;3@2=2;3@8=1;3@5=2;3@9=1;4@0=1;4@2=1;4@3=1;4@4=2;4@5=2;4@9=2;5@1=1;5@5=1;6@2=2;6@5=1;6@9=1;7@2=3;7@3=1;7@4=1;7@9=1;8@1=1;8@3=1;8@4=2;8@8=1;8@9=1;9@0=1;9@1=3;9@2=5;9@4=6;9@5=1;9@6=1;9@7=1,"0,1,2,3,4,8,5,6,9,7",99,54,0,54,0.0,0.0,0.0,0.0,0.0,0.0,0.0,0.0,"Feasible(status=11,gap=13.876511)"
1195,1194,0,0,0,-,0:4|8;1:5|7;2:5|7|8;3:5|6|8;4:7|9;5:0|1|8|9;6:8;7:0|3|4|5|6;8:3|4|5|8;9:0|7|8,0:-;1:-;2:-;3:-;4:-;5:-;6:-;7:-;8:-;9:-,0@0=1;0@2=2;0@4=1;0@8=1;1@4=3;1@1=4;1@5=1;1@6=2;2@2=2;2@4=4;2@8=3;2@1=2;2@5=2;2@3=3;2@7=1;3@2=3;3@6=2;3@7=1;3@9=2;4@4=3;4@8=1;4@1=1;4@3=1;4@9=1;5@1=4;5@5=1;6@4=1;6@8=3;6@1=1;6@6=1;6@3=1;7@8=1;7@1=3;7@6=2;7@9=1;8@0=1;8@2=2;8@4=1;8@1=3;8@5=2;8@6=3;8@3=2;8@7=2;8@9=1;9@0=2;9@2=3;9@4=4;9@1=2;9@5=3;9@6=1;9@7=2;9@9=1,"0,2,4,8,1,5,6,3,7,9",101,52,0,52,0.0,0.0,0.0,0.0,0.0,0.0,0.0,0.0,"Feasible(status=11,gap=13.876511)"
1196,1195,0,0,0,-,0:4|8;1:5|7;2:5|7|8;3:5|6|8;4:7|9;5:0|1|8|9;6:8;7:0|3|4|5|6;8:3|4|5|8;9:0|7|8,0:-;1:-;2:-;3:-;4:-;5:-;6:-;7:-;8:-;9:-,0@0=1;0@1=2;0@2=1;0@3=1;0@4=1;0@8=1;0@9=1;1@1=2;1@2=1;1@8=1;1@5=1;1@7=1;2@0=1;2@1=2;2@2=1;2@3=1;2@4=4;2@8=3;2@5=2;2@6=1;3@1=1;3@3=1;3@7=1;4@0=1;4@2=1;4@8=1;4@9=1;4@7=1;4@6=1;5@1=1;5@4=1;5@8=1;6@0=1;6@6=1;7@0=1;7@3=2;7@4=3;7@8=1;7@7=1;8@0=3;8@1=1;8@2=2;8@4=1;9@0=2;9@1=1;9@2=2;9@3=2;9@4=2;9@8=1;9@5=2;9@7=1,"0,1,2,3,4,8,9,5,7,6",71,51,0,51,0.0,0.0,0.0,0.0,0.0,0.0,0.0,0.0,"Feasible(status=11,gap=13.876511)"
1197,1196,0,0,0,-,0:4|8;1:5|7;2:5|7|8;3:5|6|8;4:7|9;5:0|1|8|9;6:8;7:0|3|4|5|6;8:3|4|5|8;9:0|7|8,0:-;1:-;2:-;3:-;4:-;5:-;6:-;7:-;8:-;9:-,0@1=1;0@2=2;0@4=2;0@5=1;0@7=1;1@1=2;1@5=1;2@1=2;2@2=1;2@4=6;2@5=1;2@7=1;2@6=2;2@8=2;2@9=2;3@2=2;3@4=1;3@7=1;3@3=2;4@2=1;4@4=2;4@9=1;4@3=1;5@1=1;6@2=1;6@4=2;6@3=1;7@1=3;7@2=1;7@4=1;7@5=1;7@8=1;8@1=1;8@4=1;8@9=1;9@1=2;9@2=3;9@5=1;9@6=1;9@3=1,"1,2,4,5,7,6,8,9,3",61,40,0,40,0.0,0.0,0.0,0.0,0.0,0.0,0.0,0.0,"Feasible(status=11,gap=13.876511)"
1198,1197,0,0,0,-,0:4|8;1:5|7;2:5|7|8;3:5|6|8;4:7|9;5:0|1|8|9;6:8;7:0|3|4|5|6;8:3|4|5|8;9:0|7|8,0:-;1:-;2:-;3:-;4:-;5:-;6:-;7:-;8:-;9:-,0@0=1;0@1=1;0@3=1;0@4=1;0@5=1;0@6=1;0@7=1;1@0=1;1@1=3;1@3=1;1@4=1;1@7=2;1@2=2;2@4=2;2@5=1;2@7=2;2@2=3;2@9=1;3@1=2;3@9=1;3@8=1;4@1=1;4@3=1;4@2=1;5@0=1;5@4=1;5@7=1;5@2=3;6@2=1;7@1=1;7@5=1;7@7=1;8@1=2;8@4=2;8@6=1;8@8=1;9@0=1;9@4=2;9@7=1;9@2=1;9@8=1,"0,1,3,4,5,6,7,2,9,8",55,41,0,41,0.0,0.0,0.0,0.0,0.0,0.0,0.0,0.0,"Feasible(status=11,gap=13.876511)"
1199,1198,0,0,0,-,0:4|8;1:5|7;2:5|7|8;3:5|6|8;4:7|9;5:0|1|8|9;6:8;7:0|3|4|5|6;8:3|4|5|8;9:0|7|8,0:-;1:-;2:-;3:-;4:-;5:-;6:-;7:-;8:-;9:-,0@1=1;0@2=1;0@4=1;0@6=1;1@2=3;1@6=1;1@0=1;1@3=1;1@5=1;1@7=1;1@9=1;2@4=1;2@5=2;2@7=1;2@8=1;3@1=3;3@0=2;3@5=1;3@7=1;3@9=2;4@4=1;5@1=2;5@6=2;5@0=1;5@7=1;6@5=1;7@5=2;8@1=1;8@5=1;8@9=1;9@1=2;9@2=1;9@4=2;9@0=2;9@7=1;9@9=1,"1,2,4,6,0,3,5,7,9,8",49,36,0,36,0.0,0.0,0.0,0.0,0.0,0.0,0.0,0.0,"Feasible(status=11,gap=13.876511)"
1200,1199,0,0,0,-,0:4|8;1:5|7;2:5|7|8;3:5|6|8;4:7|9;5:0|1|8|9;6:8;7:0|3|4|5|6;8:3|4|5|8;9:0|7|8,0:-;1:-;2:-;3:-;4:-;5:-;6:-;7:-;8:-;9:-,0@0=2;0@2=1;0@3=2;0@4=2;0@7=1;0@9=2;1@2=1;1@1=2;1@5=1;1@6=1;2@2=2;2@3=1;2@9=2;2@1=1;2@6=1;2@8=1;3@3=1;3@9=1;3@6=2;3@8=1;4@2=1;4@3=1;4@1=1;4@6=1;5@0=1;5@2=1;5@1=1;6@2=1;6@9=1;6@5=2;7@2=1;7@6=3;8@2=2;8@4=2;8@9=1;8@5=2;8@6=1;9@0=1;9@2=2;9@7=3;9@1=2;9@5=1;9@6=1,"0,2,3,4,7,9,1,5,6,8",61,43,0,43,0.0,0.0,0.0,0.0,0.0,0.0,0.0,0.0,"Feasible(status=11,gap=13.876511)"
1201,1200,0,0,0,-,0:4|8;1:5|7;2:5|7|8;3:5|6|8;4:7|9;5:0|1|8|9;6:8;7:0|3|4|5|6;8:3|4|5|8;9:0|7|8,0:-;1:-;2:-;3:-;4:-;5:-;6:-;7:-;8:-;9:-,0@0=3;0@1=2;0@2=1;0@4=1;0@5=2;0@6=1;0@9=2;1@0=2;1@2=2;1@4=1;1@5=1;1@6=1;1@7=1;2@0=1;2@1=3;2@2=1;2@4=2;2@9=1;2@7=1;2@3=1;3@0=1;3@2=3;3@4=3;3@6=1;3@7=2;3@3=1;4@0=1;4@1=1;4@2=2;4@4=3;4@5=2;4@7=2;4@3=1;4@8=3;5@9=2;6@0=1;6@1=1;6@2=1;6@6=1;6@7=2;6@8=1;7@0=1;7@1=2;7@2=1;7@9=2;7@3=2;7@8=2;8@0=1;8@4=1;8@6=1;8@9=1;8@7=1;8@3=1;9@0=3;9@1=1;9@2=6;9@6=2;9@9=2;9@7=1;9@8=1,"0,1,2,4,5,6,9,7,3,8",97,60,0,60,0.0,0.0,0.0,0.0,0.0,0.0,0.0,0.0,"Feasible(status=11,gap=13.876511)"
1202,1201,0,0,0,-,0:4|8;1:5|7;2:5|7|8;3:5|6|8;4:7|9;5:0|1|8|9;6:8;7:0|3|4|5|6;8:3|4|5|8;9:0|7|8,0:-;1:-;2:-;3:-;4:-;5:-;6:-;7:-;8:-;9:-,0@1=2;0@2=3;0@3=1;0@6=2;0@7=2;1@1=1;1@2=1;1@3=2;1@6=1;1@7=1;1@4=1;1@5=1;1@8=1;2@1=2;2@2=2;2@3=2;2@5=2;2@8=2;2@0=1;2@9=3;3@2=4;3@3=1;3@4=4;3@5=1;3@8=1;3@0=1;4@1=2;4@2=4;4@3=1;4@7=1;4@4=4;4@9=1;5@4=1;5@0=2;6@3=1;6@6=1;6@7=2;6@4=2;6@0=1;6@9=1;7@2=1;7@6=1;7@7=1;7@4=1;7@8=1;7@9=1;8@1=1;8@2=5;8@3=3;8@6=1;8@7=1;8@8=1;8@0=3;8@9=3;9@1=1;9@3=1;9@4=3;9@5=2;9@8=2;9@0=1,"1,2,3,6,7,4,5,8,0,9",103,60,0,60,0.0,0.0,0.0,0.0,0.0,0.0,0.0,0.0,"Feasible(status=11,gap=13.876511)"
1203,1202,0,0,0,-,0:4|8;1:5|7;2:5|7|8;3:5|6|8;4:7|9;5:0|1|8|9;6:8;7:0|3|4|5|6;8:3|4|5|8;9:0|7|8,0:-;1:-;2:-;3:-;4:-;5:-;6:-;7:-;8:-;9:-,0@0=1;0@2=1;0@4=1;0@6=1;0@8=1;1@2=2;1@4=3;1@8=2;1@1=2;1@5=1;1@7=2;2@2=3;2@4=1;2@8=2;2@1=2;2@7=1;2@3=1;2@9=2;3@2=1;3@6=1;3@1=2;3@5=1;4@0=2;4@4=3;4@6=1;4@7=1;5@4=2;6@2=3;6@4=1;6@6=2;6@1=1;6@5=1;7@2=3;7@4=4;7@8=1;7@1=1;7@5=1;8@2=2;8@4=2;8@6=1;8@1=1;8@9=1;9@2=1;9@4=4;9@6=1;9@8=1;9@5=2;9@3=3;9@9=2,"0,2,4,6,8,1,5,7,3,9",82,49,0,49,0.0,0.0,0.0,0.0,0.0,0.0,0.0,0.0,"Feasible(status=11,gap=13.876511)"
1204,1203,0,0,0,-,0:4|8;1:5|7;2:5|7|8;3:5|6|8;4:7|9;5:0|1|8|9;6:8;7:0|3|4|5|6;8:3|4|5|8;9:0|7|8,0:-;1:-;2:-;3:-;4:-;5:-;6:-;7:-;8:-;9:-,0@0=1;0@1=3;0@2=2;0@4=2;0@9=1;1@2=2;1@4=1;1@6=1;1@7=1;1@8=1;2@1=1;2@2=1;2@6=1;2@3=1;3@2=2;3@4=1;3@6=1;3@7=1;3@8=1;3@3=1;4@1=1;4@2=2;4@4=2;4@3=1;4@5=2;5@2=1;5@8=1;6@0=1;6@1=1;6@2=2;6@4=1;6@3=1;7@4=1;7@6=3;7@3=1;8@1=1;8@2=2;8@4=3;8@6=1;9@0=1;9@1=2;9@2=4;9@4=1;9@9=1;9@7=1;9@8=2;9@3=2;9@5=2,"0,1,2,4,9,6,7,8,3,5",70,48,0,48,0.0,0.0,0.0,0.0,0.0,0.0,0.0,0.0,"Feasible(status=11,gap=13.876511)"
1205,1204,0,0,0,-,0:4|8;1:5|7;2:5|7|8;3:5|6|8;4:7|9;5:0|1|8|9;6:8;7:0|3|4|5|6;8:3|4|5|8;9:0|7|8,0:-;1:-;2:-;3:-;4:-;5:-;6:-;7:-;8:-;9:-,0@2=2;0@4=2;0@5=1;0@8=1;1@4=1;1@5=1;1@1=2;1@6=1;1@9=1;2@2=1;2@4=3;2@5=1;2@9=1;2@7=1;3@2=1;3@4=1;3@5=2;3@9=1;4@4=4;4@1=1;4@3=2;5@2=2;5@6=1;6@4=1;6@3=1;7@4=1;7@1=1;7@7=3;8@2=1;8@4=2;8@1=2;8@6=1;8@9=2;9@2=3;9@8=1;9@7=2;9@3=2,"2,4,5,8,1,6,9,7,3",57,37,0,37,0.0,0.0,0.0,0.0,0.0,0.0,0.0,0.0,"Feasible(status=11,gap=13.876511)"
1206,1205,0,0,0,-,0:4|8;1:5|7;2:5|7|8;3:5|6|8;4:7|9;5:0|1|8|9;6:8;7:0|3|4|5|6;8:3|4|5|8;9:0|7|8,0:-;1:-;2:-;3:-;4:-;5:-;6:-;7:-;8:-;9:-,0@1=1;0@2=1;0@3=1;0@4=1;0@7=1;0@8=1;1@2=1;1@4=3;1@7=1;1@0=1;1@6=1;2@1=1;2@2=2;2@3=1;2@4=1;2@7=1;2@0=2;2@6=2;2@5=2;3@2=3;3@3=1;3@4=2;4@1=2;4@2=4;4@4=1;4@0=2;4@6=1;4@9=1;5@1=1;5@2=2;5@4=2;5@6=1;6@2=1;6@0=1;7@1=1;7@2=2;7@4=1;7@5=1;7@9=1;8@2=1;8@4=1;8@7=1;8@9=1;9@1=3;9@4=1;9@6=3,"1,2,3,4,7,8,0,6,5,9",67,46,0,46,0.0,0.0,0.0,0.0,0.0,0.0,0.0,0.0,"Feasible(status=11,gap=13.876511)"
1207,1206,0,0,0,-,0:4|8;1:5|7;2:5|7|8;3:5|6|8;4:7|9;5:0|1|8|9;6:8;7:0|3|4|5|6;8:3|4|5|8;9:0|7|8,0:-;1:-;2:-;3:-;4:-;5:-;6:-;7:-;8:-;9:-,0@0=1;0@2=2;0@3=2;0@4=3;1@2=1;1@4=1;1@1=1;1@9=1;2@0=1;2@3=1;2@6=1;2@8=2;3@0=2;3@2=1;3@1=1;3@7=1;4@0=3;4@2=2;4@4=2;4@1=1;4@8=1;4@7=1;4@5=1;5@0=1;6@1=1;7@6=1;8@0=1;8@4=2;8@6=1;9@4=2;9@1=2;9@8=1,"0,2,3,4,1,9,6,8,7,5",45,32,0,32,0.0,0.0,0.0,0.0,0.0,0.0,0.0,0.0,"Feasible(status=11,gap=13.876511)"
1208,1207,0,0,0,-,0:4|8;1:5|7;2:5|7|8;3:5|6|8;4:7|9;5:0|1|8|9;6:8;7:0|3|4|5|6;8:3|4|5|8;9:0|7|8,0:-;1:-;2:-;3:-;4:-;5:-;6:-;7:-;8:-;9:-,0@0=1;0@1=1;0@2=1;0@3=2;0@4=1;0@5=2;0@6=2;0@7=1;0@9=1;1@2=1;1@5=1;1@7=1;2@1=1;2@2=2;2@4=2;2@5=1;2@6=1;2@8=1;3@2=3;3@3=2;3@4=4;4@0=1;4@2=2;4@4=2;4@6=2;4@7=1;5@1=1;5@3=1;5@4=1;5@6=1;5@9=1;5@8=2;6@0=1;6@4=2;6@6=1;6@7=1;7@0=1;7@3=1;7@4=1;7@5=1;7@6=1;7@7=1;7@8=1;8@0=1;8@1=1;8@2=1;8@3=1;8@4=3;8@6=1;8@9=2;8@8=1;9@0=4;9@1=1;9@2=1;9@3=1;9@4=3;9@5=1;9@6=2;9@7=2;9@9=1;9@8=1,"0,1,2,3,4,5,6,7,9,8",87,61,0,61,0.0,0.0,0.0,0.0,0.0,0.0,0.0,0.0,"Feasible(status=11,gap=13.876511)"
1209,1208,0,0,0,-,0:4|8;1:5|7;2:5|7|8;3:5|6|8;4:7|9;5:0|1|8|9;6:8;7:0|3|4|5|6;8:3|4|5|8;9:0|7|8,0:-;1:-;2:-;3:-;4:-;5:-;6:-;7:-;8:-;9:-,0@0=2;0@1=1;0@3=1;0@4=2;0@5=1;1@0=2;1@1=2;1@3=1;1@4=1;1@5=2;1@2=3;1@6=1;1@7=4;1@8=1;2@0=3;2@1=7;2@4=2;2@5=1;2@2=2;2@6=1;2@7=1;2@8=4;3@1=1;3@4=4;3@2=1;4@0=1;4@4=3;4@5=1;4@2=3;4@6=3;4@8=1;4@9=2;5@0=1;5@5=1;6@4=2;6@2=2;7@1=1;7@4=1;7@2=1;8@0=3;8@1=1;8@3=2;8@5=1;8@2=4;8@8=3;9@0=1;9@1=1;9@3=3;9@4=3;9@5=2;9@2=3;9@6=3;9@7=5;9@8=4;9@9=1,"0,1,3,4,5,2,6,7,8,9",114,55,0,55,0.0,0.0,0.0,0.0,0.0,0.0,0.0,0.0,"Feasible(status=11,gap=13.876511)"
1210,1209,0,0,0,-,0:4|8;1:5|7;2:5|7|8;3:5|6|8;4:7|9;5:0|1|8|9;6:8;7:0|3|4|5|6;8:3|4|5|8;9:0|7|8,0:-;1:-;2:-;3:-;4:-;5:-;6:-;7:-;8:-;9:-,0@1=1;0@2=2;0@5=1;0@6=1;0@7=3;0@8=1;0@9=1;1@2=1;1@6=1;1@7=1;1@9=1;1@0=1;2@1=2;2@2=2;2@7=1;2@9=1;2@0=1;2@4=1;3@1=2;3@2=2;3@5=1;3@6=1;3@9=1;3@4=1;4@1=2;4@5=1;4@6=1;4@7=2;4@8=2;4@3=1;5@1=5;5@2=1;5@4=1;6@6=1;6@7=1;6@4=1;7@2=1;7@9=1;7@3=2;8@1=2;8@2=1;8@6=2;8@8=1;8@0=1;9@1=4;9@2=6;9@5=3;9@6=1;9@7=1;9@8=2;9@9=1;9@4=4;9@3=1,"1,2,5,6,7,8,9,0,4,3",84,53,0,53,0.0,0.0,0.0,0.0,0.0,0.0,0.0,0.0,"Feasible(status=11,gap=13.876511)"
1211,1210,0,0,0,-,0:4|8;1:5|7;2:5|7|8;3:5|6|8;4:7|9;5:0|1|8|9;6:8;7:0|3|4|5|6;8:3|4|5|8;9:0|7|8,0:-;1:-;2:-;3:-;4:-;5:-;6:-;7:-;8:-;9:-,0@0=1;0@2=1;0@3=1;0@4=1;0@6=2;1@2=1;1@4=5;1@5=1;1@7=1;1@9=3;2@2=3;2@3=1;2@4=4;2@5=1;2@7=1;3@0=1;3@2=2;3@7=1;3@9=2;3@1=1;4@0=1;4@2=1;4@6=1;4@7=1;4@9=1;4@1=1;4@8=1;5@3=2;5@4=2;5@7=1;5@1=1;7@2=3;7@3=1;7@5=1;7@8=1;8@2=3;8@3=1;8@4=1;8@6=1;8@7=3;8@1=2;9@0=3;9@2=1;9@3=1;9@4=1;9@7=2;9@9=1;9@1=1;9@8=1,"0,2,3,4,6,5,7,9,1,8",75,49,0,49,0.0,0.0,0.0,0.0,0.0,0.0,0.0,0.0,"Feasible(status=11,gap=13.876511)"
1212,1211,0,0,0,-,0:4|8;1:5|7;2:5|7|8;3:5|6|8;4:7|9;5:0|1|8|9;6:8;7:0|3|4|5|6;8:3|4|5|8;9:0|7|8,0:-;1:-;2:-;3:-;4:-;5:-;6:-;7:-;8:-;9:-,0@3=1;0@4=1;0@7=3;0@9=1;1@3=1;1@4=1;1@7=1;1@0=3;1@1=2;1@6=1;2@4=1;3@4=1;3@9=1;3@1=1;3@2=1;3@5=1;4@4=1;4@9=1;4@0=1;4@6=2;4@8=1;5@4=1;5@0=1;5@6=3;5@2=2;5@5=1;5@8=1;6@2=1;7@7=1;7@1=1;7@6=1;8@4=3;8@0=2;8@1=1;8@2=4;9@4=2;9@7=1;9@9=1;9@6=1;9@2=1;9@8=1,"3,4,7,9,0,1,6,2,5,8",57,41,0,41,0.0,0.0,0.0,0.0,0.0,0.0,0.0,0.0,"Feasible(status=11,gap=13.876511)"
1213,1212,0,0,0,-,0:4|8;1:5|7;2:5|7|8;3:5|6|8;4:7|9;5:0|1|8|9;6:8;7:0|3|4|5|6;8:3|4|5|8;9:0|7|8,0:-;1:-;2:-;3:-;4:-;5:-;6:-;7:-;8:-;9:-,0@1=2;0@3=1;0@4=2;1@5=1;1@8=1;3@8=1;3@0=1;3@2=1;3@7=1;4@1=1;4@2=1;4@9=2;5@1=2;5@2=2;6@1=4;6@3=1;6@5=1;6@2=1;6@9=1;6@6=1;7@1=1;7@4=2;7@5=2;7@2=2;7@7=1;7@9=1;7@6=1;8@1=1;8@4=1;8@2=2;8@9=1;9@1=1;9@4=1;9@0=1;9@7=1,"1,3,4,5,8,0,2,7,9,6",47,35,0,35,0.0,0.0,0.0,0.0,0.0,0.0,0.0,0.0,"Feasible(status=11,gap=13.876511)"
1214,1213,0,0,0,-,0:4|8;1:5|7;2:5|7|8;3:5|6|8;4:7|9;5:0|1|8|9;6:8;7:0|3|4|5|6;8:3|4|5|8;9:0|7|8,0:-;1:-;2:-;3:-;4:-;5:-;6:-;7:-;8:-;9:-,0@2=1;0@5=1;0@8=1;0@9=1;1@0=1;1@1=1;1@3=1;1@4=1;1@6=2;2@3=1;2@4=1;3@2=1;3@8=1;3@3=1;3@4=1;4@8=1;4@9=1;4@0=1;4@1=3;4@4=3;4@7=2;5@8=1;5@3=1;6@2=1;6@9=1;6@0=1;6@1=3;6@6=1;7@5=1;7@8=1;7@0=2;7@1=2;7@6=1;8@2=1;8@6=1;8@7=1;9@2=1;9@8=1;9@0=2;9@1=1;9@3=2;9@4=2;9@6=1;9@7=1,"2,5,8,9,0,1,3,4,6,7",57,44,0,44,0.0,0.0,0.0,0.0,0.0,0.0,0.0,0.0,"Feasible(status=11,gap=13.876511)"
1215,1214,0,0,0,-,0:4|8;1:5|7;2:5|7|8;3:5|6|8;4:7|9;5:0|1|8|9;6:8;7:0|3|4|5|6;8:3|4|5|8;9:0|7|8,0:-;1:-;2:-;3:-;4:-;5:-;6:-;7:-;8:-;9:-,0@2=3;0@3=2;0@4=2;0@9=1;1@4=2;1@0=1;1@1=3;1@8=2;2@2=1;2@8=1;3@4=1;3@9=1;3@0=1;3@1=2;3@8=2;3@5=2;3@7=3;4@2=2;4@3=2;4@4=5;4@9=2;4@0=2;4@1=2;4@8=1;4@5=1;4@7=3;5@2=1;5@5=1;6@0=2;6@8=1;6@6=1;7@2=1;7@4=1;7@9=1;7@1=1;7@8=1;8@2=2;8@3=3;8@4=1;8@9=1;8@0=1;8@1=3;8@6=1;9@2=2;9@3=1;9@4=2;9@0=2;9@1=4;9@8=1;9@5=1;9@7=1,"2,3,4,9,0,1,8,5,7,6",87,51,0,51,0.0,0.0,0.0,0.0,0.0,0.0,0.0,0.0,"Feasible(status=11,gap=13.876511)"
1216,1215,0,0,0,-,0:4|8;1:5|7;2:5|7|8;3:5|6|8;4:7|9;5:0|1|8|9;6:8;7:0|3|4|5|6;8:3|4|5|8;9:0|7|8,0:-;1:-;2:-;3:-;4:-;5:-;6:-;7:-;8:-;9:-,0@1=3;0@2=1;0@3=1;0@4=6;0@5=4;0@8=1;1@1=1;1@2=1;1@4=1;1@5=2;1@8=1;1@7=1;2@7=1;3@1=1;3@5=1;4@1=1;4@4=1;4@8=1;4@7=1;4@6=1;4@9=1;5@2=1;5@3=1;5@6=1;5@9=1;6@2=3;6@3=1;6@4=1;6@5=1;6@7=1;7@2=2;7@8=1;8@1=1;8@2=1;8@4=1;8@5=1;8@7=1;8@6=1;8@9=1;9@1=1;9@2=2;9@3=1;9@4=3;9@5=2;9@6=1;9@9=2;9@0=1,"1,2,3,4,5,8,7,6,9,0",66,47,0,47,0.0,0.0,0.0,0.0,0.0,0.0,0.0,0.0,"Feasible(status=11,gap=13.876511)"
1217,1216,0,0,0,-,0:4|8;1:5|7;2:5|7|8;3:5|6|8;4:7|9;5:0|1|8|9;6:8;7:0|3|4|5|6;8:3|4|5|8;9:0|7|8,0:-;1:-;2:-;3:-;4:-;5:-;6:-;7:-;8:-;9:-,0@1=1;0@2=1;0@4=4;0@7=1;0@9=1;1@1=4;1@2=3;1@0=1;1@6=2;1@8=1;3@1=2;3@2=1;3@4=1;3@7=1;3@9=1;3@8=1;4@2=1;4@4=1;4@7=2;4@9=1;4@0=1;4@3=1;4@5=1;5@1=1;5@2=1;5@4=3;5@9=1;5@6=1;5@5=1;6@2=3;6@9=1;6@8=1;7@2=1;7@7=1;7@9=1;7@8=1;8@1=1;8@2=2;8@4=1;8@7=1;8@9=1;8@0=2;8@6=1;8@8=1;9@2=4;9@4=2;9@7=1;9@9=1;9@0=3;9@6=3;9@3=1,"1,2,4,7,9,0,6,8,3,5",76,51,0,51,0.0,0.0,0.0,0.0,0.0,0.0,0.0,0.0,"Feasible(status=11,gap=13.876511)"
1218,1217,0,0,0,-,0:4|8;1:5|7;2:5|7|8;3:5|6|8;4:7|9;5:0|1|8|9;6:8;7:0|3|4|5|6;8:3|4|5|8;9:0|7|8,0:-;1:-;2:-;3:-;4:-;5:-;6:-;7:-;8:-;9:-,0@1=1;0@2=1;0@8=1;1@1=2;1@2=2;1@8=3;1@0=1;2@8=1;3@2=1;3@8=2;3@4=3;3@5=1;3@7=1;4@2=1;4@8=1;4@6=2;4@9=2;5@2=1;5@7=1;5@6=1;5@3=1;6@2=1;7@1=1;7@2=4;7@4=1;7@7=1;7@3=1;8@1=1;8@2=3;8@0=1;8@5=1;8@7=1;8@6=2;8@9=2;9@1=1;9@5=1;9@6=1;9@9=2;9@3=4,"1,2,8,0,4,5,7,6,9,3",59,39,0,39,0.0,0.0,0.0,0.0,0.0,0.0,0.0,0.0,"Feasible(status=11,gap=13.876511)"
1219,1218,0,0,0,-,0:4|8;1:5|7;2:5|7|8;3:5|6|8;4:7|9;5:0|1|8|9;6:8;7:0|3|4|5|6;8:3|4|5|8;9:0|7|8,0:-;1:-;2:-;3:-;4:-;5:-;6:-;7:-;8:-;9:-,0@1=1;0@2=2;0@4=2;0@6=2;0@7=2;0@9=1;1@1=1;1@4=1;1@6=1;1@0=1;1@5=1;3@1=1;3@4=1;3@7=1;3@9=1;3@0=1;3@3=1;4@2=3;4@6=2;4@7=1;4@9=1;4@5=1;4@8=1;5@1=1;5@3=1;6@4=2;7@1=1;7@2=1;7@4=1;7@5=1;7@3=1;8@2=1;8@4=1;8@7=2;8@9=1;8@0=1;8@5=1;9@2=3;9@4=2;9@9=2;9@8=1,"1,2,4,6,7,9,0,5,3,8",54,41,0,41,0.0,0.0,0.0,0.0,0.0,0.0,0.0,0.0,"Feasible(status=11,gap=13.876511)"
1220,1219,0,0,0,-,0:4|8;1:5|7;2:5|7|8;3:5|6|8;4:7|9;5:0|1|8|9;6:8;7:0|3|4|5|6;8:3|4|5|8;9:0|7|8,0:-;1:-;2:-;3:-;4:-;5:-;6:-;7:-;8:-;9:-,0@1=1;0@2=1;0@3=1;0@4=1;0@9=1;1@1=1;1@3=1;1@4=1;1@7=1;1@8=2;2@3=1;2@4=1;2@7=1;2@6=1;3@1=1;3@2=1;3@3=1;3@4=2;3@0=2;4@4=1;4@9=1;4@5=2;5@1=2;5@2=2;5@4=1;5@8=1;5@6=1;5@0=1;6@1=1;6@8=1;7@1=1;7@2=3;7@9=1;7@7=1;8@2=1;8@3=2;8@4=1;8@7=1;8@6=2;9@2=2;9@7=2;9@6=2;9@5=1,"1,2,3,4,9,7,8,6,0,5",56,43,0,43,0.0,0.0,0.0,0.0,0.0,0.0,0.0,0.0,"Feasible(status=11,gap=13.876511)"
1221,1220,0,0,0,-,0:4|8;1:5|7;2:5|7|8;3:5|6|8;4:7|9;5:0|1|8|9;6:8;7:0|3|4|5|6;8:3|4|5|8;9:0|7|8,0:-;1:-;2:-;3:-;4:-;5:-;6:-;7:-;8:-;9:-,0@0=1;0@2=1;0@6=1;0@8=1;0@9=2;1@0=2;1@2=4;1@6=3;1@8=2;1@9=5;1@1=1;1@4=2;2@0=1;2@8=1;2@5=1;3@0=1;3@2=1;3@1=1;3@4=2;3@5=1;3@3=1;4@2=3;4@1=2;4@5=2;4@7=3;5@2=1;5@8=1;5@1=1;5@4=1;6@9=1;6@7=1;7@2=1;7@6=1;8@0=1;8@6=1;8@4=1;9@2=2;9@9=2;9@1=1;9@3=1;9@7=1,"0,2,6,8,9,1,4,5,3,7",63,41,0,41,0.0,0.0,0.0,0.0,0.0,0.0,0.0,0.0,"Feasible(status=11,gap=13.876511)"
1222,1221,0,0,0,-,0:4|8;1:5|7;2:5|7|8;3:5|6|8;4:7|9;5:0|1|8|9;6:8;7:0|3|4|5|6;8:3|4|5|8;9:0|7|8,0:-;1:-;2:-;3:-;4:-;5:-;6:-;7:-;8:-;9:-,0@1=1;0@2=4;0@3=2;0@4=5;0@5=2;0@8=2;0@9=2;1@1=1;1@2=3;1@3=1;1@4=1;1@5=1;1@8=1;1@9=1;1@0=1;1@7=1;2@9=1;2@0=1;3@2=2;3@4=4;3@5=1;3@9=1;3@0=1;3@7=1;4@1=3;4@2=2;4@3=1;4@4=4;4@5=2;4@8=3;4@0=2;4@7=1;4@6=1;5@1=3;5@2=2;5@4=1;5@5=1;5@6=1;6@4=1;6@5=1;7@1=3;7@4=2;7@8=1;7@9=2;7@6=1;8@1=1;8@2=1;8@3=1;8@8=1;8@9=1;8@0=2;8@7=1;8@6=1;9@1=3;9@2=2;9@4=3;9@8=2;9@9=1;9@0=1;9@7=3;9@6=1,"1,2,3,4,5,8,9,0,7,6",104,61,0,61,0.0,0.0,0.0,0.0,0.0,0.0,0.0,0.0,"Feasible(status=11,gap=13.876511)"
1223,1222,0,0,0,-,0:4|8;1:5|7;2:5|7|8;3:5|6|8;4:7|9;5:0|1|8|9;6:8;7:0|3|4|5|6;8:3|4|5|8;9:0|7|8,0:-;1:-;2:-;3:-;4:-;5:-;6:-;7:-;8:-;9:-,0@0=1;0@1=3;0@2=3;0@3=2;0@4=2;0@6=2;0@7=2;0@8=1;0@9=1;1@1=1;1@2=3;1@4=2;1@7=1;1@8=2;1@9=2;1@5=1;2@0=1;2@4=1;2@5=1;3@0=2;3@1=1;3@2=1;3@6=1;3@8=2;3@5=2;4@0=2;4@2=3;4@4=1;4@6=1;4@8=1;4@9=1;5@0=1;5@1=2;5@3=1;5@4=2;6@0=1;6@1=1;6@2=1;6@3=2;6@4=1;6@7=1;6@8=2;7@2=2;7@3=1;7@4=2;7@6=1;7@7=1;7@9=1;8@0=1;8@2=3;8@3=1;8@4=1;8@6=1;8@9=1;8@5=1;9@1=1;9@2=1;9@4=4;9@6=1;9@7=1;9@8=2;9@9=1;9@5=2,"0,1,2,3,4,6,7,8,9,5",95,63,0,63,0.0,0.0,0.0,0.0,0.0,0.0,0.0,0.0,"Feasible(status=11,gap=13.876511)"
1224,1223,0,0,0,-,0:4|8;1:5|7;2:5|7|8;3:5|6|8;4:7|9;5:0|1|8|9;6:8;7:0|3|4|5|6;8:3|4|5|8;9:0|7|8,0:-;1:-;2:-;3:-;4:-;5:-;6:-;7:-;8:-;9:-,0@0=2;0@1=2;0@2=4;0@3=1;0@4=1;0@8=3;1@1=2;1@2=2;1@3=2;1@4=2;1@5=1;1@7=1;2@2=1;2@4=1;3@1=2;3@2=1;3@8=1;4@1=1;4@2=2;4@4=3;4@5=2;4@7=2;4@6=1;5@0=1;5@6=1;5@9=2;6@3=1;6@4=1;6@8=1;7@0=2;7@8=1;7@5=1;7@6=1;8@0=2;8@1=1;8@2=1;8@3=1;8@4=2;8@6=1;9@0=1;9@2=1;9@3=2;9@4=1;9@7=1,"0,1,2,3,4,8,5,7,6,9",66,44,0,44,0.0,0.0,0.0,0.0,0.0,0.0,0.0,0.0,"Feasible(status=11,gap=13.876511)"
1225,1224,0,0,0,-,0:4|8;1:5|7;2:5|7|8;3:5|6|8;4:7|9;5:0|1|8|9;6:8;7:0|3|4|5|6;8:3|4|5|8;9:0|7|8,0:-;1:-;2:-;3:-;4:-;5:-;6:-;7:-;8:-;9:-,0@0=1;0@1=3;0@2=3;0@6=1;0@7=1;0@8=1;0@9=1;1@0=1;1@1=2;1@2=2;1@6=1;1@8=1;1@9=1;1@4=1;2@1=3;2@6=2;2@9=1;2@3=1;3@1=1;3@7=1;3@9=1;3@4=2;3@3=2;4@1=1;4@2=2;4@8=1;4@9=2;4@4=1;5@1=1;5@2=1;5@8=1;5@9=1;5@3=1;6@4=2;6@3=1;7@0=1;7@1=1;7@2=1;7@7=2;7@9=1;7@4=1;8@1=1;8@2=1;8@6=2;8@7=1;8@8=1;8@9=2;8@4=1;9@0=1;9@1=1;9@8=1;9@5=1,"0,1,2,6,7,8,9,4,3,5",69,52,0,52,0.0,0.0,0.0,0.0,0.0,0.0,0.0,0.0,"Feasible(status=11,gap=13.876511)"
1226,1225,0,0,0,-,0:4|8;1:5|7;2:5|7|8;3:5|6|8;4:7|9;5:0|1|8|9;6:8;7:0|3|4|5|6;8:3|4|5|8;9:0|7|8,0:-;1:-;2:-;3:-;4:-;5:-;6:-;7:-;8:-;9:-,0@2=1;0@3=1;0@8=2;0@9=1;1@2=3;1@4=1;2@6=1;2@7=1;3@2=1;3@8=1;3@4=2;3@7=2;3@0=1;3@1=1;3@5=2;4@4=2;4@6=1;4@7=1;4@1=1;4@5=1;5@8=1;5@9=1;5@4=1;5@6=1;6@2=2;6@4=1;7@2=1;7@7=1;7@1=1;8@8=1;8@9=1;8@4=1;8@7=2;8@1=3;8@5=1;9@2=2;9@4=1;9@6=1;9@0=1;9@1=1,"2,3,8,9,4,6,7,0,1,5",52,40,0,40,0.0,0.0,0.0,0.0,0.0,0.0,0.0,0.0,"Feasible(status=11,gap=13.876511)"
1227,1226,0,0,0,-,0:4|8;1:5|7;2:5|7|8;3:5|6|8;4:7|9;5:0|1|8|9;6:8;7:0|3|4|5|6;8:3|4|5|8;9:0|7|8,0:-;1:-;2:-;3:-;4:-;5:-;6:-;7:-;8:-;9:-,0@1=1;0@2=2;0@3=1;0@4=1;1@5=1;1@7=2;3@1=1;3@2=1;3@4=1;3@8=1;4@1=2;4@3=1;4@4=1;4@7=1;4@8=1;5@9=1;6@1=1;6@4=2;7@2=2;7@5=1;7@7=1;7@8=1;7@9=1;8@8=2;9@3=1;9@4=1;9@6=1,"1,2,3,4,5,7,8,9,6",33,27,0,27,0.0,0.0,0.0,0.0,0.0,0.0,0.0,0.0,"Feasible(status=11,gap=13.876511)"
1228,1227,0,0,0,-,0:4|8;1:5|7;2:5|7|8;3:5|6|8;4:7|9;5:0|1|8|9;6:8;7:0|3|4|5|6;8:3|4|5|8;9:0|7|8,0:-;1:-;2:-;3:-;4:-;5:-;6:-;7:-;8:-;9:-,0@5=1;0@6=1;0@8=2;1@1=1;1@4=2;1@7=2;1@9=1;3@1=2;3@9=1;3@2=1;4@6=1;4@8=2;4@1=3;4@9=1;4@2=1;4@0=3;5@8=1;5@1=1;5@4=1;5@2=2;5@0=1;6@6=2;6@2=1;6@3=1;7@7=1;7@3=3;8@6=1;8@1=2;8@4=1;8@7=1;9@6=1;9@1=1;9@4=1;9@7=1;9@2=2;9@0=1,"5,6,8,1,4,7,9,2,0,3",51,36,0,36,0.0,0.0,0.0,0.0,0.0,0.0,0.0,0.0,"Feasible(status=11,gap=13.876511)"
1229,1228,0,0,0,-,0:4|8;1:5|7;2:5|7|8;3:5|6|8;4:7|9;5:0|1|8|9;6:8;7:0|3|4|5|6;8:3|4|5|8;9:0|7|8,0:-;1:-;2:-;3:-;4:-;5:-;6:-;7:-;8:-;9:-,0@2=2;0@3=1;0@4=2;0@5=1;0@6=1;0@8=1;0@9=1;1@2=2;1@3=1;1@4=2;1@5=1;1@6=1;1@8=1;1@9=1;1@1=2;1@7=2;2@2=1;2@4=2;3@2=3;3@4=1;3@8=1;3@1=2;3@7=2;4@2=1;4@3=1;4@4=3;4@8=1;4@9=1;4@1=1;4@0=2;5@2=1;5@4=2;5@9=2;5@1=2;6@2=3;6@3=1;6@4=1;6@6=1;6@0=1;7@3=1;7@4=1;7@9=1;7@0=2;8@2=1;8@3=3;8@4=4;8@6=1;8@1=1;8@7=1;8@0=2;9@2=2;9@3=2;9@4=1;9@5=2;9@6=2;9@8=1;9@1=1,"2,3,4,5,6,8,9,1,7,0",87,57,0,57,0.0,0.0,0.0,0.0,0.0,0.0,0.0,0.0,"Feasible(status=11,gap=13.876511)"
1230,1229,0,0,0,-,0:4|8;1:5|7;2:5|7|8;3:5|6|8;4:7|9;5:0|1|8|9;6:8;7:0|3|4|5|6;8:3|4|5|8;9:0|7|8,0:-;1:-;2:-;3:-;4:-;5:-;6:-;7:-;8:-;9:-,0@1=1;0@3=2;0@4=2;0@5=1;0@6=1;0@7=1;0@8=1;0@9=1;1@1=1;1@3=1;1@4=3;1@6=1;1@7=1;1@9=2;1@0=1;1@2=2;2@1=1;2@0=2;3@1=3;3@3=1;3@4=1;3@5=1;3@9=1;3@2=3;4@1=2;4@3=3;4@4=3;4@7=1;4@9=1;4@2=2;5@3=1;5@4=3;5@9=1;5@2=2;6@1=1;6@4=1;6@9=2;6@0=1;7@1=1;7@3=1;7@4=2;7@9=1;7@0=1;7@2=1;8@1=2;8@4=2;8@8=1;8@0=1;8@2=4;9@1=3;9@4=3;9@7=1;9@8=1;9@9=1;9@2=4,"1,3,4,5,6,7,8,9,0,2",89,55,0,55,0.0,0.0,0.0,0.0,0.0,0.0,0.0,0.0,"Feasible(status=11,gap=13.876511)"
1231,1230,0,0,0,-,0:4|8;1:5|7;2:5|7|8;3:5|6|8;4:7|9;5:0|1|8|9;6:8;7:0|3|4|5|6;8:3|4|5|8;9:0|7|8,0:-;1:-;2:-;3:-;4:-;5:-;6:-;7:-;8:-;9:-,0@2=3;0@3=1;0@4=2;0@9=2;1@2=2;1@4=1;1@9=1;1@1=1;1@5=2;2@4=2;2@6=2;3@2=4;3@3=2;3@1=1;3@6=1;3@0=1;3@7=1;3@8=2;4@2=1;4@9=2;4@1=1;4@5=1;4@6=1;4@8=2;5@2=1;5@9=1;5@1=1;5@5=1;5@7=1;6@4=1;6@5=2;7@2=1;7@4=1;7@9=1;7@1=1;8@2=3;8@3=1;8@4=2;8@9=1;8@1=1;8@5=1;8@0=1;8@7=1;8@8=6;9@2=1;9@4=4;9@5=3;9@6=1;9@0=1;9@8=3,"2,3,4,9,1,5,6,0,7,8",81,50,0,50,0.0,0.0,0.0,0.0,0.0,0.0,0.0,0.0,"Feasible(status=11,gap=13.876511)"
1232,1231,0,0,0,-,0:4|8;1:5|7;2:5|7|8;3:5|6|8;4:7|9;5:0|1|8|9;6:8;7:0|3|4|5|6;8:3|4|5|8;9:0|7|8,0:-;1:-;2:-;3:-;4:-;5:-;6:-;7:-;8:-;9:-,0@2=4;0@3=1;0@4=2;0@5=2;0@7=4;1@2=2;1@1=1;1@8=1;1@9=3;2@2=1;2@0=1;3@2=4;3@4=2;3@7=1;3@0=2;4@2=3;4@3=1;4@4=3;4@1=1;4@8=1;4@6=1;5@2=1;5@3=1;5@5=1;5@7=2;5@1=1;5@6=1;6@4=2;6@5=1;6@8=1;6@9=1;7@2=1;7@4=2;7@7=1;7@1=1;7@6=2;8@2=2;8@3=1;8@4=1;8@1=1;8@9=1;8@0=1;8@6=2;9@2=1;9@4=2;9@7=1;9@1=4;9@8=1;9@9=1,"2,3,4,5,7,1,8,9,0,6",79,49,0,49,0.0,0.0,0.0,0.0,0.0,0.0,0.0,0.0,"Feasible(status=11,gap=13.876511)"
1233,1232,0,0,0,-,0:4|8;1:5|7;2:5|7|8;3:5|6|8;4:7|9;5:0|1|8|9;6:8;7:0|3|4|5|6;8:3|4|5|8;9:0|7|8,0:-;1:-;2:-;3:-;4:-;5:-;6:-;7:-;8:-;9:-,0@0=1;0@1=1;0@2=4;0@3=1;0@4=2;1@1=1;1@2=1;1@4=2;1@7=1;2@6=1;3@0=1;3@2=3;3@3=1;3@4=1;3@7=1;3@6=1;3@8=1;4@1=1;4@2=3;4@3=1;4@4=3;4@7=1;4@8=1;4@9=1;5@0=1;5@4=3;6@1=2;6@2=1;6@4=1;6@6=1;6@8=2;6@5=2;7@1=1;7@2=2;8@0=1;8@2=2;8@8=1;9@2=2;9@3=1;9@4=3;9@7=1;9@8=1,"0,1,2,3,4,7,6,8,9,5",63,42,0,42,0.0,0.0,0.0,0.0,0.0,0.0,0.0,0.0,"Feasible(status=11,gap=13.876511)"
1234,1233,0,0,0,-,0:4|8;1:5|7;2:5|7|8;3:5|6|8;4:7|9;5:0|1|8|9;6:8;7:0|3|4|5|6;8:3|4|5|8;9:0|7|8,0:-;1:-;2:-;3:-;4:-;5:-;6:-;7:-;8:-;9:-,0@2=1;0@4=1;0@5=1;0@8=1;1@8=1;1@1=1;2@2=1;2@1=1;3@2=3;3@1=1;3@0=1;3@3=1;3@9=1;4@2=2;4@8=1;4@1=1;4@3=1;4@9=1;4@7=2;5@2=2;5@0=1;5@3=1;5@9=1;6@3=1;7@2=2;7@0=1;7@6=1;8@2=3;8@4=1;8@3=1;8@7=1;9@4=4;9@9=1;9@6=2,"2,4,5,8,1,0,3,9,7,6",46,34,0,34,0.0,0.0,0.0,0.0,0.0,0.0,0.0,0.0,"Feasible(status=11,gap=13.876511)"
1235,1234,0,0,0,-,0:4|8;1:5|7;2:5|7|8;3:5|6|8;4:7|9;5:0|1|8|9;6:8;7:0|3|4|5|6;8:3|4|5|8;9:0|7|8,0:-;1:-;2:-;3:-;4:-;5:-;6:-;7:-;8:-;9:-,0@1=1;0@3=1;0@4=3;0@5=1;0@9=1;1@9=2;1@2=2;1@7=1;2@4=2;2@6=1;3@4=4;3@5=1;3@2=1;3@0=1;4@1=1;4@4=3;4@8=1;5@4=2;6@2=1;6@6=1;6@0=1;7@7=1;7@6=1;8@1=2;8@3=2;8@2=1;8@6=1;9@1=1;9@4=2;9@2=2;9@8=2,"1,3,4,5,9,2,7,6,0,8",47,31,0,31,0.0,0.0,0.0,0.0,0.0,0.0,0.0,0.0,"Feasible(status=11,gap=13.876511)"
1236,1235,0,0,0,-,0:4|8;1:5|7;2:5|7|8;3:5|6|8;4:7|9;5:0|1|8|9;6:8;7:0|3|4|5|6;8:3|4|5|8;9:0|7|8,0:-;1:-;2:-;3:-;4:-;5:-;6:-;7:-;8:-;9:-,0@0=2;0@3=1;0@5=2;0@7=2;1@0=2;1@3=1;1@4=1;1@8=1;1@9=1;2@7=1;2@4=1;3@7=1;3@4=1;3@8=1;3@2=3;3@6=1;4@3=1;4@5=1;4@4=2;4@8=2;4@2=2;4@1=1;5@4=2;5@9=1;5@1=2;6@4=2;6@6=1;7@3=1;7@5=1;7@8=1;7@9=1;7@6=1;7@1=1;8@7=1;8@8=1;8@6=1;8@1=1;9@0=1;9@7=1;9@4=4;9@6=1,"0,3,5,7,4,8,9,2,6,1",56,41,0,41,0.0,0.0,0.0,0.0,0.0,0.0,0.0,0.0,"Feasible(status=11,gap=13.876511)"
1237,1236,0,0,0,-,0:4|8;1:5|7;2:5|7|8;3:5|6|8;4:7|9;5:0|1|8|9;6:8;7:0|3|4|5|6;8:3|4|5|8;9:0|7|8,0:-;1:-;2:-;3:-;4:-;5:-;6:-;7:-;8:-;9:-,0@0=4;0@1=6;0@2=4;0@3=2;0@4=2;0@5=3;0@6=2;0@7=3;0@8=2;1@0=1;1@1=6;1@2=5;1@3=4;1@4=2;1@5=3;1@7=1;1@9=3;2@1=1;2@2=3;2@6=2;2@8=1;3@1=5;3@2=1;3@3=1;3@4=6;3@5=3;3@6=1;3@8=1;3@9=1;4@0=2;4@1=4;4@2=4;4@3=5;4@4=4;4@5=4;4@6=5;4@7=3;4@8=4;4@9=1;5@1=4;5@2=3;5@3=6;5@4=3;5@5=3;5@6=2;5@7=1;5@8=1;6@1=2;6@2=1;6@4=2;6@5=1;6@6=4;6@8=2;6@9=1;7@1=1;7@2=1;7@3=1;7@4=2;7@5=2;7@7=3;8@0=2;8@1=1;8@2=2;8@4=4;8@6=1;8@7=1;8@8=1;8@9=1;9@0=1;9@1=5;9@2=4;9@3=2;9@4=1;9@5=1;9@6=3;9@7=2;9@8=2;9@9=1,"0,1,2,3,4,5,6,7,8,9",196,78,0,78,0.0,0.0,0.0,0.0,0.0,0.0,0.0,0.0,"Feasible(status=11,gap=13.876511)"
1238,1237,0,0,0,-,0:4|8;1:5|7;2:5|7|8;3:5|6|8;4:7|9;5:0|1|8|9;6:8;7:0|3|4|5|6;8:3|4|5|8;9:0|7|8,0:-;1:-;2:-;3:-;4:-;5:-;6:-;7:-;8:-;9:-,0@1=3;0@2=3;0@3=2;0@4=2;0@5=5;0@6=1;0@7=1;0@8=1;0@9=1;1@1=3;1@2=3;1@3=3;1@4=3;1@5=3;1@8=4;1@9=2;1@0=5;2@2=1;2@6=1;3@1=6;3@2=4;3@3=2;3@4=6;3@5=1;3@6=3;3@7=3;3@8=1;3@9=2;4@1=1;4@2=5;4@3=6;4@4=4;4@5=7;4@6=4;4@7=1;4@8=2;4@9=2;4@0=3;5@1=6;5@2=1;5@4=4;5@5=1;5@6=1;5@8=4;5@0=3;6@1=3;6@2=5;6@7=1;6@8=2;6@0=2;7@1=2;7@3=4;7@4=1;7@6=1;7@7=1;7@8=2;7@9=1;7@0=3;8@1=1;8@2=5;8@4=2;8@5=1;8@6=1;8@9=1;8@0=1;9@1=3;9@3=4;9@4=4;9@5=1;9@6=1;9@7=2;9@8=1;9@9=2;9@0=4,"1,2,3,4,5,6,7,8,9,0",192,74,0,74,0.0,0.0,0.0,0.0,0.0,0.0,0.0,0.0,"Feasible(status=11,gap=13.876511)"
1239,1238,0,0,0,-,0:4|8;1:5|7;2:5|7|8;3:5|6|8;4:7|9;5:0|1|8|9;6:8;7:0|3|4|5|6;8:3|4|5|8;9:0|7|8,0:-;1:-;2:-;3:-;4:-;5:-;6:-;7:-;8:-;9:-,0@0=1;0@1=2;0@2=4;0@4=4;0@5=2;0@6=1;0@7=2;0@8=1;0@9=2;1@0=1;1@1=1;1@2=4;1@4=7;1@6=2;1@7=1;1@8=3;1@9=1;1@3=2;2@2=2;2@5=1;2@6=1;2@8=2;2@3=1;3@0=4;3@1=3;3@2=2;3@4=1;3@5=2;3@6=2;3@7=1;3@8=1;3@9=3;3@3=2;4@0=1;4@1=2;4@2=12;4@4=4;4@6=4;4@8=3;4@9=2;4@3=4;5@0=2;5@1=1;5@2=5;5@4=9;5@5=1;5@6=1;5@7=2;5@9=1;6@0=1;6@2=3;6@4=4;6@7=1;6@8=3;6@9=1;6@3=1;7@0=2;7@2=2;7@4=3;7@5=3;7@6=4;7@8=1;7@3=1;8@0=1;8@1=1;8@2=3;8@4=4;8@5=1;8@8=2;8@9=1;8@3=3;9@0=1;9@1=2;9@2=3;9@4=1;9@5=2;9@6=3;9@8=2;9@9=2;9@3=3,"0,1,2,4,5,6,7,8,9,3",188,80,0,80,0.0,0.0,0.0,0.0,0.0,0.0,0.0,0.0,"Feasible(status=11,gap=13.876511)"
1240,1239,0,0,0,-,0:4|8;1:5|7;2:5|7|8;3:5|6|8;4:7|9;5:0|1|8|9;6:8;7:0|3|4|5|6;8:3|4|5|8;9:0|7|8,0:-;1:-;2:-;3:-;4:-;5:-;6:-;7:-;8:-;9:-,0@0=1;0@1=1;0@2=1;0@4=2;0@5=2;0@6=2;0@8=2;0@9=1;1@0=3;1@1=4;1@2=4;1@4=1;1@5=3;1@6=1;1@3=2;2@0=1;2@2=1;2@5=1;2@9=1;3@0=1;3@2=4;3@4=3;3@8=2;3@9=4;3@7=2;4@0=2;4@1=2;4@2=2;4@4=2;4@6=5;4@8=3;4@9=2;4@3=2;4@7=1;5@0=1;5@1=5;5@2=3;5@5=3;5@8=2;5@9=2;5@7=1;6@1=3;6@4=4;6@8=1;6@9=2;6@3=1;6@7=2;7@0=1;7@2=1;7@4=2;7@6=3;7@8=1;7@7=1;8@0=1;8@1=1;8@4=4;8@9=1;9@0=2;9@1=2;9@2=3;9@4=6;9@6=2;9@8=1;9@9=5;9@3=1;9@7=1,"0,1,2,4,5,6,8,9,3,7",140,66,0,66,0.0,0.0,0.0,0.0,0.0,0.0,0.0,0.0,"Feasible(status=11,gap=13.876511)"
1241,1240,0,0,0,-,0:4|8;1:5|7;2:5|7|8;3:5|6|8;4:7|9;5:0|1|8|9;6:8;7:0|3|4|5|6;8:3|4|5|8;9:0|7|8,0:-;1:-;2:-;3:-;4:-;5:-;6:-;7:-;8:-;9:-,0@0=2;0@1=1;0@2=2;0@3=1;0@4=2;0@6=1;0@7=1;0@8=2;0@9=1;1@1=1;1@2=4;1@4=4;1@6=1;1@7=1;1@9=1;1@5=3;2@1=1;2@2=1;3@1=2;3@4=3;3@7=2;3@8=1;3@9=1;4@1=4;4@2=1;4@3=1;4@4=5;4@6=2;4@7=2;4@8=1;4@9=1;4@5=2;5@0=1;5@1=2;5@2=2;5@3=1;5@4=4;5@6=2;5@7=2;5@8=2;5@9=2;6@2=2;6@6=1;6@9=1;7@2=1;7@4=1;7@7=1;7@9=1;7@5=1;8@0=1;8@2=2;8@3=3;8@4=2;8@7=1;9@0=1;9@1=2;9@2=1;9@4=2;9@6=1;9@7=2;9@8=1;9@9=1,"0,1,2,3,4,6,7,8,9,5",105,62,0,62,0.0,0.0,0.0,0.0,0.0,0.0,0.0,0.0,"Feasible(status=11,gap=13.876511)"
1242,1241,0,0,0,-,0:4|8;1:5|7;2:5|7|8;3:5|6|8;4:7|9;5:0|1|8|9;6:8;7:0|3|4|5|6;8:3|4|5|8;9:0|7|8,0:-;1:-;2:-;3:-;4:-;5:-;6:-;7:-;8:-;9:-,0@1=5;0@2=5;0@4=4;0@5=2;0@6=2;0@7=3;0@8=1;0@9=3;1@1=3;1@2=2;1@4=4;1@5=1;1@6=2;1@7=1;1@9=3;1@0=1;1@3=1;2@6=1;2@0=1;3@1=4;3@2=5;3@4=1;3@5=4;3@7=1;3@8=2;3@0=1;4@1=4;4@2=1;4@4=1;4@5=2;4@7=1;4@8=1;4@9=2;4@0=1;4@3=2;5@1=4;5@2=3;5@4=1;5@6=2;5@7=2;5@8=1;5@9=3;5@3=1;6@1=1;6@4=2;6@7=1;6@8=1;6@9=1;6@0=2;6@3=1;7@2=1;7@4=1;7@9=1;7@3=1;8@1=1;8@4=1;8@6=1;8@8=1;8@9=1;8@0=1;8@3=1;9@2=4;9@4=2;9@5=1;9@6=4;9@8=1;9@9=1;9@3=2,"1,2,4,5,6,7,8,9,0,3",130,68,0,68,0.0,0.0,0.0,0.0,0.0,0.0,0.0,0.0,"Feasible(status=11,gap=13.876511)"
1243,1242,0,0,0,-,0:4|8;1:5|7;2:5|7|8;3:5|6|8;4:7|9;5:0|1|8|9;6:8;7:0|3|4|5|6;8:3|4|5|8;9:0|7|8,0:-;1:-;2:-;3:-;4:-;5:-;6:-;7:-;8:-;9:-,0@0=2;0@2=6;0@3=2;0@4=4;0@6=2;0@7=3;0@9=1;1@2=8;1@4=2;1@6=1;1@9=1;1@1=2;2@0=1;2@2=1;2@1=1;3@2=3;3@3=3;3@4=5;3@6=2;3@7=4;3@9=1;3@1=4;3@5=2;3@8=4;4@2=8;4@3=2;4@4=7;4@6=2;4@9=3;4@1=3;4@5=1;4@8=3;5@2=5;5@4=5;5@6=1;5@9=2;5@1=1;5@5=3;5@8=1;6@0=1;6@2=3;6@3=2;6@4=2;6@6=1;6@7=1;6@9=2;6@1=2;6@8=1;7@0=3;7@2=3;7@3=2;7@4=4;7@6=1;7@7=1;7@9=1;7@1=2;7@5=1;8@2=2;8@4=2;8@6=1;8@7=4;8@9=2;8@1=1;8@5=1;9@0=1;9@2=7;9@3=2;9@4=6;9@6=1;9@7=3;9@9=1;9@1=5;9@5=4;9@8=2,"0,2,3,4,6,7,9,1,5,8",190,74,0,74,0.0,0.0,0.0,0.0,0.0,0.0,0.0,0.0,"Feasible(status=11,gap=13.876511)"
1244,1243,0,0,0,-,0:4|8;1:5|7;2:5|7|8;3:5|6|8;4:7|9;5:0|1|8|9;6:8;7:0|3|4|5|6;8:3|4|5|8;9:0|7|8,0:-;1:-;2:-;3:-;4:-;5:-;6:-;7:-;8:-;9:-,0@0=1;0@1=2;0@2=7;0@3=3;0@4=3;0@5=1;0@6=1;0@7=4;0@8=1;0@9=1;1@0=4;1@1=2;1@2=2;1@3=1;1@4=2;1@6=2;1@7=3;1@8=1;2@2=1;2@4=1;2@9=1;3@0=1;3@1=2;3@2=3;3@3=2;3@4=5;3@5=2;3@6=2;3@7=1;4@1=4;4@2=7;4@3=1;4@4=6;4@5=1;4@6=3;4@8=3;4@9=2;5@0=2;5@1=1;5@2=6;5@3=1;5@4=9;5@5=2;5@7=2;5@9=1;6@2=3;6@4=2;6@7=1;6@8=1;7@0=1;7@1=1;7@2=1;7@3=1;7@4=1;7@5=1;7@6=2;7@7=1;7@8=1;7@9=1;8@0=1;8@2=1;8@3=1;8@4=2;8@5=2;8@7=2;9@0=4;9@1=1;9@2=3;9@3=1;9@4=6;9@5=2;9@6=3;9@8=1,"0,1,2,3,4,5,6,7,8,9",161,73,0,73,0.0,0.0,0.0,0.0,0.0,0.0,0.0,0.0,"Feasible(status=11,gap=13.876511)"
1245,1244,0,0,0,-,0:4|8;1:5|7;2:5|7|8;3:5|6|8;4:7|9;5:0|1|8|9;6:8;7:0|3|4|5|6;8:3|4|5|8;9:0|7|8,0:-;1:-;2:-;3:-;4:-;5:-;6:-;7:-;8:-;9:-,0@1=2;0@2=4;0@4=4;0@5=1;0@6=1;0@8=3;0@9=3;1@1=1;1@2=1;1@4=2;1@6=2;1@8=1;1@9=2;1@0=1;1@3=1;1@7=1;2@2=1;2@4=1;2@8=1;2@9=1;3@1=2;3@2=1;3@4=6;3@5=2;3@6=1;3@9=4;3@0=2;4@1=4;4@2=3;4@4=13;4@5=4;4@6=2;4@8=1;4@9=3;4@0=2;4@3=1;5@1=2;5@2=3;5@4=4;5@5=3;5@6=2;5@8=3;5@9=1;5@0=3;5@3=2;5@7=2;6@1=2;6@2=2;6@4=1;6@5=3;6@8=1;6@3=1;6@7=1;7@2=2;7@4=1;7@8=2;7@9=1;7@0=3;8@1=1;8@2=4;8@4=5;8@5=1;8@8=1;8@0=2;8@3=1;8@7=2;9@1=2;9@2=7;9@4=1;9@6=1;9@8=1;9@3=1;9@7=1,"1,2,4,5,6,8,9,0,3,7",161,73,0,73,0.0,0.0,0.0,0.0,0.0,0.0,0.0,0.0,"Feasible(status=11,gap=13.876511)"
1246,1245,0,0,0,-,0:4|8;1:5|7;2:5|7|8;3:5|6|8;4:7|9;5:0|1|8|9;6:8;7:0|3|4|5|6;8:3|4|5|8;9:0|7|8,0:-;1:-;2:-;3:-;4:-;5:-;6:-;7:-;8:-;9:-,0@1=1;0@2=2;0@3=1;0@4=4;0@5=1;0@6=1;0@7=1;0@9=2;1@1=4;1@2=4;1@3=1;1@4=1;1@5=2;1@7=1;1@9=1;1@0=2;1@8=1;2@1=3;2@2=7;2@3=1;2@4=3;2@5=2;2@6=1;2@7=1;2@9=3;2@0=5;2@8=3;3@1=3;3@2=4;3@3=2;3@4=2;3@6=3;3@0=3;3@8=1;4@1=7;4@2=4;4@3=1;4@4=2;4@6=2;4@7=2;4@9=3;4@0=1;5@2=2;5@4=4;5@5=4;5@7=1;5@9=1;5@0=2;6@2=3;6@4=1;6@5=2;6@6=2;6@7=1;6@8=1;7@1=2;7@2=4;7@3=1;7@9=3;7@8=1;8@2=1;8@3=2;8@9=1;9@2=1;9@3=2;9@4=3;9@5=2;9@7=2;9@9=1;9@0=1;9@8=2,"1,2,3,4,5,6,7,9,0,8",152,70,0,70,0.0,0.0,0.0,0.0,0.0,0.0,0.0,0.0,"Feasible(status=11,gap=13.876511)"
1247,1246,0,0,0,-,0:4|8;1:5|7;2:5|7|8;3:5|6|8;4:7|9;5:0|1|8|9;6:8;7:0|3|4|5|6;8:3|4|5|8;9:0|7|8,0:-;1:-;2:-;3:-;4:-;5:-;6:-;7:-;8:-;9:-,0@0=1;0@1=3;0@2=1;0@3=1;0@4=4;0@5=1;0@6=2;0@8=1;0@9=2;1@0=1;1@1=2;1@2=3;1@3=4;1@4=3;1@5=2;1@8=3;1@9=1;1@7=2;2@0=3;2@1=2;2@2=7;2@3=1;2@4=3;2@5=1;2@6=2;2@8=2;2@9=3;3@0=4;3@2=4;3@3=4;3@4=1;3@6=2;3@8=1;3@7=2;4@0=1;4@1=2;4@2=5;4@3=1;4@5=5;4@6=2;4@9=1;4@7=1;5@2=1;5@3=2;5@4=5;5@8=2;5@9=1;6@2=3;6@4=1;6@8=1;6@9=1;7@0=1;7@2=1;7@3=1;7@4=1;7@5=1;7@8=1;8@0=1;8@1=1;8@2=1;8@4=1;8@6=1;8@9=1;8@7=1;9@0=2;9@1=1;9@2=6;9@3=1;9@4=3;9@6=1;9@7=1,"0,1,2,3,4,5,6,8,9,7",142,71,0,71,0.0,0.0,0.0,0.0,0.0,0.0,0.0,0.0,"Feasible(status=11,gap=13.876511)"
1248,1247,0,0,0,-,0:4|8;1:5|7;2:5|7|8;3:5|6|8;4:7|9;5:0|1|8|9;6:8;7:0|3|4|5|6;8:3|4|5|8;9:0|7|8,0:-;1:-;2:-;3:-;4:-;5:-;6:-;7:-;8:-;9:-,0@0=1;0@2=1;0@3=2;0@4=4;0@6=1;0@7=4;0@8=1;1@2=1;1@4=3;1@6=2;1@7=2;1@1=3;2@0=1;2@2=4;2@3=1;2@4=7;2@6=2;2@7=1;2@8=1;2@1=1;2@5=3;3@2=6;3@3=2;3@4=2;3@6=2;3@7=2;3@8=2;3@1=2;3@9=1;4@0=1;4@2=3;4@4=5;4@8=3;4@1=4;4@5=1;4@9=1;5@0=1;5@2=4;5@3=2;5@4=1;5@6=1;5@7=2;5@1=1;5@9=1;6@2=2;6@3=2;6@4=3;6@8=2;6@1=3;6@9=2;7@4=1;7@6=1;7@9=1;8@3=1;8@4=1;8@7=1;8@8=1;8@1=1;9@0=1;9@2=2;9@4=2;9@6=2;9@7=1;9@8=1;9@1=1;9@9=2,"0,2,3,4,6,7,8,1,5,9",130,66,0,66,0.0,0.0,0.0,0.0,0.0,0.0,0.0,0.0,"Feasible(status=11,gap=13.876511)"
1249,1248,0,0,0,-,0:4|8;1:5|7;2:5|7|8;3:5|6|8;4:7|9;5:0|1|8|9;6:8;7:0|3|4|5|6;8:3|4|5|8;9:0|7|8,0:-;1:-;2:-;3:-;4:-;5:-;6:-;7:-;8:-;9:-,0@0=2;0@1=1;0@2=1;0@6=2;1@0=1;1@1=1;1@2=2;1@6=1;1@4=1;1@7=3;1@8=3;1@9=1;2@0=1;2@1=1;2@2=7;2@6=2;2@4=4;2@7=1;2@9=1;2@3=3;2@5=1;3@0=2;3@1=2;3@4=1;3@7=2;3@9=2;4@0=2;4@1=1;4@2=3;4@4=5;4@7=4;4@8=1;4@9=1;4@3=1;4@5=1;5@0=1;5@1=3;5@2=7;5@4=3;5@7=4;5@8=1;5@9=2;5@3=2;6@0=1;6@1=2;6@2=2;6@4=3;6@9=1;6@3=1;7@1=1;7@4=2;7@3=2;8@1=1;8@2=4;8@4=3;8@8=1;8@9=2;8@5=2;9@0=1;9@1=1;9@2=2;9@4=1;9@7=2;9@8=3;9@3=1;9@5=2,"0,1,2,6,4,7,8,9,3,5",132,66,0,66,0.0,0.0,0.0,0.0,0.0,0.0,0.0,0.0,"Feasible(status=11,gap=13.876511)"
1250,1249,0,0,0,-,0:4|8;1:5|7;2:5|7|8;3:5|6|8;4:7|9;5:0|1|8|9;6:8;7:0|3|4|5|6;8:3|4|5|8;9:0|7|8,0:-;1:-;2:-;3:-;4:-;5:-;6:-;7:-;8:-;9:-,0@0=3;0@1=3;0@2=4;0@4=3;0@5=3;0@6=3;0@8=3;0@9=1;1@1=4;1@2=4;1@4=3;1@5=2;1@8=2;1@9=4;1@7=1;2@0=3;2@1=3;2@2=7;2@4=5;2@6=5;2@8=2;2@9=1;2@7=5;3@0=4;3@1=3;3@2=3;3@4=5;3@5=1;3@8=2;3@7=3;4@0=1;4@1=2;4@2=5;4@4=7;4@5=1;4@6=3;4@8=5;4@9=4;4@7=2;4@3=2;5@1=7;5@2=2;5@4=1;5@5=2;5@9=4;5@7=1;6@1=2;6@2=2;6@4=3;6@8=3;6@3=1;7@1=4;7@2=1;7@4=4;7@3=1;8@2=1;8@4=3;8@5=1;8@3=1;9@1=3;9@2=3;9@4=2;9@5=4;9@6=2;9@7=3;9@3=4,"0,1,2,4,5,6,8,9,7,3",192,66,0,66,0.0,0.0,0.0,0.0,0.0,0.0,0.0,0.0,"Feasible(status=11,gap=13.876511)"
1251,1250,0,0,0,-,0:4|8;1:5|7;2:5|7|8;3:5|6|8;4:7|9;5:0|1|8|9;6:8;7:0|3|4|5|6;8:3|4|5|8;9:0|7|8,0:-;1:-;2:-;3:-;4:-;5:-;6:-;7:-;8:-;9:-,0@0=4;0@1=4;0@2=1;0@4=1;0@6=2;0@7=1;0@9=4;1@1=2;1@2=5;1@4=4;1@6=1;1@3=3;1@8=2;2@0=2;2@1=8;2@2=5;2@4=5;2@7=1;2@3=4;2@8=6;2@5=3;3@1=1;3@2=1;3@4=5;3@6=2;3@7=2;3@9=1;3@3=1;3@8=4;3@5=3;4@0=4;4@1=3;4@2=5;4@4=4;4@6=1;4@7=4;4@9=2;4@3=3;4@8=1;4@5=4;5@0=1;5@1=2;5@2=6;5@4=2;5@7=3;5@9=1;5@3=2;5@8=2;5@5=3;6@0=1;6@1=1;6@2=2;6@4=1;6@7=1;6@9=2;6@3=1;6@8=1;7@0=1;7@1=2;7@2=2;7@4=2;7@3=1;7@5=1;8@0=2;8@1=1;8@2=4;8@4=3;8@6=1;8@3=2;8@8=1;8@5=1;9@0=1;9@1=2;9@2=2;9@4=1;9@7=1;9@9=2;9@5=2,"0,1,2,4,6,7,9,3,8,5",186,78,0,78,0.0,0.0,0.0,0.0,0.0,0.0,0.0,0.0,"Feasible(status=11,gap=13.876511)"
1252,1251,0,0,0,-,0:4|8;1:5|7;2:5|7|8;3:5|6|8;4:7|9;5:0|1|8|9;6:8;7:0|3|4|5|6;8:3|4|5|8;9:0|7|8,0:-;1:-;2:-;3:-;4:-;5:-;6:-;7:-;8:-;9:-,0@2=5;0@3=2;0@4=3;0@5=1;0@6=3;0@7=3;0@8=2;0@9=3;1@2=2;1@3=1;1@8=1;1@1=2;2@2=6;2@3=2;2@4=6;2@5=4;2@6=1;2@7=1;2@8=4;2@9=1;2@1=2;2@0=4;3@2=2;3@4=5;3@5=3;3@6=4;3@7=1;3@8=3;3@1=3;4@2=4;4@3=1;4@4=2;4@5=2;4@6=2;4@7=1;4@1=5;5@2=6;5@3=3;5@4=1;5@5=1;5@6=1;5@1=4;6@2=3;6@3=1;6@4=5;6@5=2;6@7=1;6@8=4;6@9=1;6@1=5;6@0=2;7@2=1;7@3=2;7@4=2;7@6=1;7@7=1;7@9=1;7@1=1;8@2=1;8@3=2;8@5=2;8@6=1;8@0=3;9@2=5;9@4=2;9@6=3;9@7=2;9@1=2;9@0=5,"2,3,4,5,6,7,8,9,1,0",174,69,0,69,0.0,0.0,0.0,0.0,0.0,0.0,0.0,0.0,"Feasible(status=11,gap=13.876511)"
1253,1252,0,0,0,-,0:4|8;1:5|7;2:5|7|8;3:5|6|8;4:7|9;5:0|1|8|9;6:8;7:0|3|4|5|6;8:3|4|5|8;9:0|7|8,0:-;1:-;2:-;3:-;4:-;5:-;6:-;7:-;8:-;9:-,0@1=8;0@2=3;0@4=1;0@5=2;0@6=2;0@7=1;0@9=1;1@2=2;1@4=1;2@1=1;2@2=3;2@4=4;2@5=2;2@6=2;2@7=1;2@0=2;2@3=3;2@8=2;3@1=2;3@2=2;3@4=3;3@5=2;3@6=2;3@3=2;4@1=4;4@2=5;4@4=4;4@5=4;4@6=2;4@7=1;5@2=4;5@4=3;5@6=1;5@7=2;5@9=2;6@1=1;6@2=2;6@5=1;6@6=2;6@7=2;6@9=1;6@0=3;6@3=2;6@8=2;7@1=1;7@2=1;7@5=1;7@9=1;7@3=1;8@1=1;8@2=1;8@7=1;8@9=1;8@0=2;9@1=1;9@2=2;9@4=2;9@5=1;9@6=1;9@7=1;9@9=2,"1,2,4,5,6,7,9,0,3,8",123,61,0,61,0.0,0.0,0.0,0.0,0.0,0.0,0.0,0.0,"Feasible(status=11,gap=13.876511)"
1254,1253,0,0,0,-,0:4|8;1:5|7;2:5|7|8;3:5|6|8;4:7|9;5:0|1|8|9;6:8;7:0|3|4|5|6;8:3|4|5|8;9:0|7|8,0:-;1:-;2:-;3:-;4:-;5:-;6:-;7:-;8:-;9:-,0@1=3;0@2=2;0@3=1;0@4=4;0@5=1;0@7=1;0@8=3;1@1=3;1@2=3;1@4=4;1@8=2;1@0=1;1@9=1;2@1=3;2@2=6;2@3=1;2@4=2;2@5=1;2@7=1;2@9=3;3@1=2;3@2=2;3@3=2;3@4=1;3@0=3;3@9=1;3@6=2;4@2=3;4@4=3;4@5=2;4@0=4;4@9=1;4@6=1;5@2=6;5@3=2;5@4=1;5@5=1;5@7=2;5@8=2;5@0=3;6@1=1;6@2=1;6@3=1;6@4=4;6@5=5;6@7=2;6@6=3;7@1=1;7@2=2;7@4=3;7@5=2;8@1=1;8@3=1;8@8=1;9@1=2;9@2=3;9@3=1;9@4=3;9@5=1;9@7=1;9@0=1;9@9=1;9@6=1,"1,2,3,4,5,7,8,0,9,6",132,63,0,63,0.0,0.0,0.0,0.0,0.0,0.0,0.0,0.0,"Feasible(status=11,gap=13.876511)"
1255,1254,0,0,0,-,0:4|8;1:5|7;2:5|7|8;3:5|6|8;4:7|9;5:0|1|8|9;6:8;7:0|3|4|5|6;8:3|4|5|8;9:0|7|8,0:-;1:-;2:-;3:-;4:-;5:-;6:-;7:-;8:-;9:-,0@0=1;0@1=1;0@2=1;0@4=1;0@6=2;0@7=1;0@9=3;1@0=1;1@4=1;1@6=1;1@5=1;1@8=1;2@1=2;2@2=5;2@4=4;2@6=1;2@7=4;2@9=2;2@3=1;3@0=2;3@1=2;3@2=1;3@4=2;3@6=1;3@9=2;3@8=1;3@3=1;4@0=2;4@4=3;4@7=1;4@9=3;4@5=1;4@8=3;4@3=1;5@1=1;5@2=3;5@4=4;5@6=1;5@7=1;5@9=1;5@3=1;6@0=1;6@1=2;6@2=3;6@4=1;6@6=1;6@9=1;6@8=2;6@3=2;7@0=2;7@2=1;7@8=1;8@0=1;8@6=2;8@3=1;9@0=1;9@2=3;9@6=2;9@7=2;9@9=1;9@8=1,"0,1,2,4,6,7,9,5,8,3",103,61,0,61,0.0,0.0,0.0,0.0,0.0,0.0,0.0,0.0,"Feasible(status=11,gap=13.876511)"
1256,1255,0,0,0,-,0:4|8;1:5|7;2:5|7|8;3:5|6|8;4:7|9;5:0|1|8|9;6:8;7:0|3|4|5|6;8:3|4|5|8;9:0|7|8,0:-;1:-;2:-;3:-;4:-;5:-;6:-;7:-;8:-;9:-,0@0=2;0@1=3;0@2=3;0@3=3;0@4=3;0@5=1;0@7=2;0@8=1;1@2=3;1@4=1;1@8=1;2@0=1;2@1=3;2@2=5;2@4=3;2@5=2;2@7=4;2@8=2;2@6=3;3@0=2;3@2=2;3@3=1;3@4=3;3@8=4;3@9=2;4@0=1;4@2=4;4@3=2;4@4=3;4@5=1;4@7=1;4@8=2;4@9=1;5@0=1;5@1=1;5@2=3;5@4=4;5@5=1;5@8=2;6@1=2;6@2=2;6@3=2;6@4=2;6@8=1;6@6=2;7@1=2;7@2=1;7@4=2;7@7=1;7@8=1;7@9=1;8@1=2;8@2=1;8@4=2;8@5=2;8@7=1;8@8=1;9@0=4;9@1=1;9@2=2;9@3=1;9@4=5;9@7=4;9@8=2,"0,1,2,3,4,5,7,8,6,9",134,64,0,64,0.0,0.0,0.0,0.0,0.0,0.0,0.0,0.0,"Feasible(status=11,gap=13.876511)"
1257,1256,0,0,0,-,0:4|8;1:5|7;2:5|7|8;3:5|6|8;4:7|9;5:0|1|8|9;6:8;7:0|3|4|5|6;8:3|4|5|8;9:0|7|8,0:-;1:-;2:-;3:-;4:-;5:-;6:-;7:-;8:-;9:-,0@0=2;0@1=2;0@2=3;0@3=2;0@4=5;0@5=1;0@6=1;0@7=3;0@8=2;0@9=1;1@1=1;1@5=1;1@6=1;1@7=1;1@8=2;1@9=1;2@0=2;2@1=6;2@2=4;2@3=4;2@4=5;2@5=1;2@6=1;2@7=3;2@8=2;2@9=2;3@1=2;3@2=9;3@4=3;3@5=1;3@6=1;3@7=1;3@8=1;3@9=1;4@0=1;4@1=4;4@2=8;4@3=2;4@4=2;4@5=4;4@6=3;4@8=1;4@9=2;5@0=3;5@1=2;5@2=3;5@3=3;5@4=1;5@5=4;5@6=2;5@7=1;5@9=2;6@1=4;6@2=4;6@4=3;6@5=2;6@6=2;6@9=2;7@1=5;7@2=2;7@5=1;7@7=1;8@2=1;8@3=1;8@4=2;8@6=2;8@7=2;9@1=2;9@2=5;9@3=2;9@4=6;9@5=1;9@6=2;9@7=1;9@8=4,"0,1,2,3,4,5,6,7,8,9",183,75,0,75,0.0,0.0,0.0,0.0,0.0,0.0,0.0,0.0,"Feasible(status=11,gap=13.876511)"
1258,1257,0,0,0,-,0:4|8;1:5|7;2:5|7|8;3:5|6|8;4:7|9;5:0|1|8|9;6:8;7:0|3|4|5|6;8:3|4|5|8;9:0|7|8,0:-;1:-;2:-;3:-;4:-;5:-;6:-;7:-;8:-;9:-,0@0=2;0@1=3;0@2=3;0@3=1;0@4=2;0@5=3;0@6=1;1@1=3;1@2=2;1@4=2;1@6=1;1@7=1;1@8=2;2@0=3;2@1=9;2@2=1;2@3=2;2@4=5;2@5=3;2@6=1;2@7=4;2@8=2;3@0=3;3@1=3;3@2=1;3@3=3;3@4=2;3@6=2;3@7=3;3@8=2;3@9=2;4@0=1;4@1=3;4@2=3;4@3=1;4@4=3;4@5=1;4@6=2;4@7=2;4@8=5;4@9=2;5@1=1;5@2=2;5@4=8;5@6=1;5@7=4;5@8=4;5@9=4;6@1=5;6@2=5;6@3=1;6@4=5;6@5=1;6@6=2;6@7=2;6@9=2;7@1=2;7@2=2;7@4=1;7@5=2;7@6=1;7@8=3;7@9=1;8@0=1;8@1=1;8@2=1;8@3=1;8@4=3;8@7=1;8@8=1;9@0=1;9@1=1;9@2=6;9@3=1;9@4=5;9@5=1;9@8=1;9@9=1,"0,1,2,3,4,5,6,7,8,9",185,78,0,78,0.0,0.0,0.0,0.0,0.0,0.0,0.0,0.0,"Feasible(status=11,gap=13.876511)"
1259,1258,0,0,0,-,0:4|8;1:5|7;2:5|7|8;3:5|6|8;4:7|9;5:0|1|8|9;6:8;7:0|3|4|5|6;8:3|4|5|8;9:0|7|8,0:-;1:-;2:-;3:-;4:-;5:-;6:-;7:-;8:-;9:-,0@0=2;0@1=2;0@2=4;0@3=3;0@4=1;0@6=1;0@8=4;1@0=1;1@1=2;1@2=5;1@4=3;1@5=1;2@0=2;2@1=1;2@2=6;2@4=3;2@8=3;2@5=1;2@7=2;2@9=3;3@0=2;3@1=2;3@2=2;3@3=3;3@4=4;3@6=2;3@8=1;3@9=1;4@1=2;4@2=2;4@4=5;4@8=1;4@5=1;4@7=2;4@9=3;5@0=1;5@1=1;5@2=2;5@4=3;5@6=2;5@8=2;5@5=1;5@7=1;5@9=1;6@0=1;6@1=4;6@2=5;6@3=1;6@4=2;6@6=1;6@8=1;6@5=2;6@7=1;6@9=1;7@1=1;7@2=1;7@3=1;7@4=3;7@6=1;7@7=1;7@9=1;8@1=2;8@2=1;8@4=3;8@8=1;8@7=1;9@0=1;9@1=4;9@2=4;9@4=4;9@6=3;9@5=1;9@9=2,"0,1,2,3,4,6,8,5,7,9",152,73,0,73,0.0,0.0,0.0,0.0,0.0,0.0,0.0,0.0,"Feasible(status=11,gap=13.876511)"
1260,1259,0,0,0,-,0:4|8;1:5|7;2:5|7|8;3:5|6|8;4:7|9;5:0|1|8|9;6:8;7:0|3|4|5|6;8:3|4|5|8;9:0|7|8,0:-;1:-;2:-;3:-;4:-;5:-;6:-;7:-;8:-;9:-,0@0=1;0@1=2;0@2=6;0@4=2;0@5=1;0@6=2;1@0=2;1@2=1;1@6=2;1@8=1;2@0=1;2@1=3;2@2=3;2@4=5;2@5=1;2@6=1;2@8=1;2@3=1;2@7=2;3@0=1;3@1=2;3@4=7;3@5=2;3@6=1;3@7=1;3@9=1;4@1=2;4@2=8;4@4=4;4@5=2;4@6=2;4@8=1;4@3=1;4@7=2;4@9=1;5@1=2;5@2=1;5@4=3;5@5=1;5@8=1;5@3=2;6@0=1;6@1=3;6@2=1;6@4=5;6@6=1;6@8=2;6@3=1;7@2=1;7@4=2;8@1=1;8@2=4;8@4=2;8@5=2;8@8=1;8@3=1;8@7=1;8@9=1;9@0=4;9@1=1;9@2=2;9@5=2;9@6=3;9@8=1;9@3=1,"0,1,2,4,5,6,8,3,7,9",130,65,0,65,0.0,0.0,0.0,0.0,0.0,0.0,0.0,0.0,"Feasible(status=11,gap=13.876511)"
1261,1260,0,0,0,-,0:4|8;1:5|7;2:5|7|8;3:5|6|8;4:7|9;5:0|1|8|9;6:8;7:0|3|4|5|6;8:3|4|5|8;9:0|7|8,0:-;1:-;2:-;3:-;4:-;5:-;6:-;7:-;8:-;9:-,0@0=1;0@1=1;0@2=4;0@4=3;0@5=1;0@8=1;0@9=1;1@1=1;1@2=1;1@4=1;1@5=1;1@9=2;1@3=1;2@0=3;2@1=1;2@2=4;2@4=3;2@8=1;2@3=2;2@6=1;2@7=2;3@0=2;3@1=3;3@2=2;3@4=3;3@5=4;3@8=3;3@9=1;3@6=1;4@0=1;4@1=3;4@2=2;4@4=2;4@6=1;4@7=1;5@0=2;5@1=2;5@2=3;5@4=1;5@5=1;5@9=1;5@3=2;5@6=1;5@7=3;6@1=2;6@2=3;6@4=3;6@6=1;7@0=1;7@1=1;7@2=1;7@9=1;8@1=1;8@2=3;8@4=2;8@9=2;8@7=2;9@2=4;9@4=3;9@5=2;9@8=2;9@9=1;9@7=4,"0,1,2,4,5,8,9,3,6,7",120,63,0,63,0.0,0.0,0.0,0.0,0.0,0.0,0.0,0.0,"Feasible(status=11,gap=13.876511)"
1262,1261,0,0,0,-,0:4|8;1:5|7;2:5|7|8;3:5|6|8;4:7|9;5:0|1|8|9;6:8;7:0|3|4|5|6;8:3|4|5|8;9:0|7|8,0:-;1:-;2:-;3:-;4:-;5:-;6:-;7:-;8:-;9:-,0@0=1;0@1=1;0@2=2;0@4=1;0@5=1;0@6=1;0@8=2;0@9=1;1@1=2;1@4=1;1@5=2;2@0=2;2@1=1;2@2=2;2@4=2;2@6=1;2@3=1;2@7=1;3@1=3;3@2=1;3@4=1;3@8=1;3@7=1;4@1=3;4@2=6;4@4=3;4@6=1;4@8=2;4@3=2;4@7=2;5@0=1;5@1=4;5@2=3;5@4=4;5@8=1;5@9=1;5@3=2;5@7=1;6@0=2;6@1=3;6@2=2;6@4=2;6@6=1;6@8=1;6@9=1;7@0=1;7@1=1;7@5=1;7@6=1;8@0=1;8@4=2;8@9=1;9@0=2;9@1=3;9@2=3;9@4=1;9@5=1;9@6=2;9@8=1;9@9=3,"0,1,2,4,5,6,8,9,3,7",104,60,0,60,0.0,0.0,0.0,0.0,0.0,0.0,0.0,0.0,"Feasible(status=11,gap=13.876511)"
1263,1262,0,0,0,-,0:4|8;1:5|7;2:5|7|8;3:5|6|8;4:7|9;5:0|1|8|9;6:8;7:0|3|4|5|6;8:3|4|5|8;9:0|7|8,0:-;1:-;2:-;3:-;4:-;5:-;6:-;7:-;8:-;9:-,0@0=1;0@1=1;0@2=4;0@3=1;0@5=1;0@6=2;1@1=2;1@5=2;1@4=1;1@8=1;2@0=1;2@1=2;2@2=2;2@3=1;2@5=1;2@6=1;2@4=1;2@8=2;2@7=4;2@9=1;3@0=1;3@1=2;3@2=1;3@3=1;3@5=2;3@6=2;3@4=2;3@8=2;3@7=1;3@9=3;4@0=1;4@1=2;4@2=2;4@3=1;4@5=1;4@6=2;4@4=2;4@8=2;4@9=2;5@0=3;5@1=2;5@2=2;5@3=2;5@5=1;5@6=3;5@4=4;5@8=3;5@9=2;6@0=3;6@1=6;6@2=4;6@3=1;6@5=1;6@6=1;6@4=2;6@8=2;6@7=2;6@9=1;7@1=1;7@2=1;7@3=1;7@4=1;7@9=1;8@1=1;8@3=2;9@0=1;9@1=2;9@2=3;9@3=2;9@6=1;9@4=2;9@9=1,"0,1,2,3,5,6,4,8,7,9",129,72,0,72,0.0,0.0,0.0,0.0,0.0,0.0,0.0,0.0,"Feasible(status=11,gap=13.876511)"
1264,1263,0,0,0,-,0:4|8;1:5|7;2:5|7|8;3:5|6|8;4:7|9;5:0|1|8|9;6:8;7:0|3|4|5|6;8:3|4|5|8;9:0|7|8,0:-;1:-;2:-;3:-;4:-;5:-;6:-;7:-;8:-;9:-,0@0=6;0@1=3;0@2=6;0@4=6;0@5=3;0@6=1;0@8=1;1@0=3;1@1=1;1@2=3;1@4=5;1@5=1;1@6=1;1@8=4;1@3=1;2@0=2;2@1=3;2@2=4;2@4=6;2@5=4;2@6=4;2@7=1;2@9=1;3@0=1;3@1=2;3@2=2;3@4=9;3@5=2;3@6=3;3@8=3;3@3=2;3@9=2;4@1=2;4@2=5;4@4=5;4@5=3;4@6=2;4@8=6;4@3=2;4@7=2;4@9=1;5@0=1;5@1=4;5@2=3;5@4=3;5@5=4;5@6=3;5@8=1;5@3=1;5@7=1;5@9=2;6@1=2;6@2=6;6@4=3;6@6=3;6@8=1;6@3=4;6@7=1;6@9=2;7@0=3;7@1=2;7@2=1;7@4=3;7@5=1;7@8=2;8@1=2;8@2=3;8@4=3;8@8=1;8@3=1;9@0=1;9@1=3;9@2=3;9@4=4;9@5=3;9@6=1;9@8=1;9@3=2;9@9=1,"0,1,2,4,5,6,8,3,7,9",210,79,0,79,0.0,0.0,0.0,0.0,0.0,0.0,0.0,0.0,"Feasible(status=11,gap=13.876511)"
1265,1264,0,0,0,-,0:4|8;1:5|7;2:5|7|8;3:5|6|8;4:7|9;5:0|1|8|9;6:8;7:0|3|4|5|6;8:3|4|5|8;9:0|7|8,0:-;1:-;2:-;3:-;4:-;5:-;6:-;7:-;8:-;9:-,0@1=3;0@2=3;0@3=1;0@4=7;0@5=2;0@7=1;0@8=1;0@9=2;1@1=2;1@2=1;1@4=4;1@5=2;1@7=1;1@6=2;2@1=1;2@2=2;2@3=1;2@4=7;2@5=2;2@7=1;2@8=1;2@9=1;2@6=2;2@0=1;3@1=2;3@2=1;3@4=2;3@5=2;3@7=2;3@9=3;3@6=1;3@0=3;4@1=5;4@2=3;4@3=2;4@4=5;4@5=5;4@7=2;4@8=2;4@9=1;4@6=1;4@0=4;5@1=2;5@2=4;5@3=1;5@4=5;5@5=2;5@7=2;5@8=2;5@9=4;5@6=1;5@0=2;6@1=2;6@2=4;6@4=6;6@5=2;6@7=3;6@8=1;6@9=2;6@0=3;7@2=2;7@3=1;7@4=1;7@5=1;7@7=2;7@8=1;7@0=2;8@1=1;8@2=1;8@4=4;8@7=1;9@1=5;9@2=3;9@3=2;9@4=5;9@5=1;9@8=1;9@9=1;9@6=1;9@0=3,"1,2,3,4,5,7,8,9,6,0",184,80,0,80,0.0,0.0,0.0,0.0,0.0,0.0,0.0,0.0,"Feasible(status=11,gap=13.876511)"
1266,1265,0,0,0,-,0:4|8;1:5|7;2:5|7|8;3:5|6|8;4:7|9;5:0|1|8|9;6:8;7:0|3|4|5|6;8:3|4|5|8;9:0|7|8,0:-;1:-;2:-;3:-;4:-;5:-;6:-;7:-;8:-;9:-,0@1=2;0@2=4;0@3=1;0@4=8;0@5=4;0@6=4;0@7=2;0@9=1;1@1=2;1@2=1;1@3=1;1@4=4;1@5=1;1@6=1;1@9=1;1@8=2;2@1=4;2@2=5;2@3=1;2@4=5;2@5=3;2@6=1;2@7=1;2@9=6;2@8=1;2@0=1;3@1=5;3@2=3;3@3=1;3@4=4;3@5=3;3@7=3;3@9=2;3@8=1;3@0=2;4@1=8;4@2=4;4@3=1;4@4=5;4@5=1;4@7=4;4@9=2;4@8=1;4@0=3;5@1=1;5@2=1;5@3=4;5@4=1;5@6=1;5@9=3;5@8=1;5@0=1;6@1=2;6@2=5;6@3=3;6@4=3;6@5=2;6@6=1;6@9=2;6@8=1;7@1=2;7@2=1;7@3=2;7@4=1;7@5=1;8@1=4;8@4=1;8@5=1;8@6=2;8@0=2;9@1=1;9@2=1;9@4=2;9@5=1;9@7=4;9@8=2;9@0=1,"1,2,3,4,5,6,7,9,8,0",181,77,0,77,0.0,0.0,0.0,0.0,0.0,0.0,0.0,0.0,"Feasible(status=11,gap=13.876511)"
1267,1266,0,0,0,-,0:4|8;1:5|7;2:5|7|8;3:5|6|8;4:7|9;5:0|1|8|9;6:8;7:0|3|4|5|6;8:3|4|5|8;9:0|7|8,0:-;1:-;2:-;3:-;4:-;5:-;6:-;7:-;8:-;9:-,0@0=2;0@1=1;0@2=2;0@3=1;0@4=2;0@5=1;0@6=2;0@7=1;0@8=1;0@9=1;1@0=1;1@1=2;1@2=2;1@3=1;1@4=2;1@5=2;1@7=1;1@8=1;1@9=1;2@0=1;2@2=4;2@3=2;2@4=5;2@6=2;2@8=3;2@9=2;3@0=2;3@1=2;3@2=2;3@3=1;3@4=3;3@6=2;3@8=2;3@9=4;4@2=2;4@3=1;4@4=9;4@5=1;4@6=2;4@7=2;4@8=1;5@0=1;5@1=6;5@2=3;5@4=6;5@5=1;5@8=1;5@9=2;6@0=2;6@1=1;6@2=7;6@3=1;6@4=1;6@5=1;7@1=2;7@2=2;7@4=2;7@6=1;7@7=1;7@9=1;8@0=1;8@1=2;8@2=3;8@3=1;8@4=1;8@5=1;8@7=1;8@8=1;9@0=2;9@1=1;9@2=4;9@4=3;9@5=1;9@6=1;9@7=1;9@8=2;9@9=2,"0,1,2,3,4,5,6,7,8,9",152,77,0,77,0.0,0.0,0.0,0.0,0.0,0.0,0.0,0.0,"Feasible(status=11,gap=13.876511)"
1268,1267,0,0,0,-,0:4|8;1:5|7;2:5|7|8;3:5|6|8;4:7|9;5:0|1|8|9;6:8;7:0|3|4|5|6;8:3|4|5|8;9:0|7|8,0:-;1:-;2:-;3:-;4:-;5:-;6:-;7:-;8:-;9:-,0@1=1;0@2=4;0@3=1;0@4=5;0@5=3;0@7=2;0@8=2;0@9=2;1@1=1;1@3=1;1@4=1;1@5=1;1@7=1;2@1=2;2@2=5;2@3=2;2@4=2;2@7=3;2@8=1;2@0=4;2@6=3;3@1=1;3@2=1;3@3=1;3@4=2;3@7=3;3@8=1;3@0=1;3@6=1;4@1=2;4@2=9;4@3=2;4@4=8;4@5=3;4@7=2;4@8=1;4@9=3;4@0=3;5@1=2;5@2=5;5@3=2;5@4=2;5@5=1;5@7=1;5@9=1;5@0=2;5@6=2;6@2=2;6@3=4;6@4=2;6@5=2;6@8=1;6@9=2;6@6=2;7@1=3;7@2=3;7@3=3;7@4=4;7@8=1;8@1=1;8@2=2;8@4=1;8@8=1;8@9=2;8@0=1;9@1=1;9@2=3;9@3=2;9@4=1;9@7=2,"1,2,3,4,5,7,8,9,0,6",155,70,0,70,0.0,0.0,0.0,0.0,0.0,0.0,0.0,0.0,"Feasible(status=11,gap=13.876511)"
1269,1268,0,0,0,-,0:4|8;1:5|7;2:5|7|8;3:5|6|8;4:7|9;5:0|1|8|9;6:8;7:0|3|4|5|6;8:3|4|5|8;9:0|7|8,0:-;1:-;2:-;3:-;4:-;5:-;6:-;7:-;8:-;9:-,0@1=1;0@4=3;0@6=2;0@7=1;0@8=1;1@1=1;1@0=1;1@3=1;2@1=1;2@4=4;2@7=1;2@8=2;2@0=1;2@2=1;2@5=2;2@9=3;3@1=3;3@4=2;3@6=1;3@3=2;3@5=1;4@1=3;4@4=2;4@6=4;4@7=2;4@8=1;4@2=2;4@5=1;5@4=1;5@8=2;5@0=1;5@5=1;6@1=2;6@4=1;6@8=1;6@0=2;6@3=1;6@2=1;6@9=1;7@1=2;7@4=1;7@2=1;8@4=1;8@8=1;8@0=1;8@2=1;9@1=3;9@4=1;9@6=2;9@8=1;9@0=2;9@3=1;9@5=1;9@9=1,"1,4,6,7,8,0,3,2,5,9",84,54,0,54,0.0,0.0,0.0,0.0,0.0,0.0,0.0,0.0,"Feasible(status=11,gap=13.876511)"
1270,1269,0,0,0,-,0:4|8;1:5|7;2:5|7|8;3:5|6|8;4:7|9;5:0|1|8|9;6:8;7:0|3|4|5|6;8:3|4|5|8;9:0|7|8,0:-;1:-;2:-;3:-;4:-;5:-;6:-;7:-;8:-;9:-,0@0=1;0@2=2;0@4=2;0@8=1;0@9=1;1@4=1;1@3=1;1@5=1;2@0=1;2@2=4;2@4=1;2@8=1;2@9=1;2@3=2;2@1=1;3@8=3;3@9=1;3@1=1;3@7=1;4@0=2;4@2=2;4@4=1;4@8=2;4@9=1;4@3=3;4@5=2;4@1=1;4@7=2;4@6=1;5@2=1;5@9=1;5@3=1;5@5=1;5@1=2;5@6=2;6@0=2;6@2=1;6@4=1;6@8=1;6@3=1;6@5=1;6@7=1;7@0=2;7@4=1;7@9=1;8@2=1;8@8=1;8@9=1;8@3=4;9@2=3;9@4=1;9@3=1;9@5=2;9@7=2;9@6=1,"0,2,4,8,9,3,5,1,7,6",81,55,0,55,0.0,0.0,0.0,0.0,0.0,0.0,0.0,0.0,"Feasible(status=11,gap=13.876511)"
1271,1270,0,0,0,-,0:4|8;1:5|7;2:5|7|8;3:5|6|8;4:7|9;5:0|1|8|9;6:8;7:0|3|4|5|6;8:3|4|5|8;9:0|7|8,0:-;1:-;2:-;3:-;4:-;5:-;6:-;7:-;8:-;9:-,0@0=1;0@1=1;0@2=1;0@3=2;0@4=1;1@2=1;1@4=1;1@6=1;1@8=1;2@1=3;2@2=1;2@3=4;2@4=2;2@6=1;2@8=1;3@1=2;3@2=1;3@4=3;3@6=1;3@9=1;4@0=3;4@1=1;4@2=5;4@3=2;4@4=3;4@8=1;4@9=1;5@0=1;5@1=1;5@2=3;5@3=2;5@4=2;5@8=2;5@9=3;5@7=1;6@1=1;6@2=2;6@4=1;6@6=1;6@8=2;6@7=1;6@5=1;7@1=1;7@2=2;7@4=2;7@6=1;7@9=1;7@7=1;8@1=1;8@4=1;9@0=2;9@1=1;9@2=1;9@4=2;9@6=2,"0,1,2,3,4,6,8,9,7,5",88,55,0,55,0.0,0.0,0.0,0.0,0.0,0.0,0.0,0.0,"Feasible(status=11,gap=13.876511)"
1272,1271,0,0,0,-,0:4|8;1:5|7;2:5|7|8;3:5|6|8;4:7|9;5:0|1|8|9;6:8;7:0|3|4|5|6;8:3|4|5|8;9:0|7|8,0:-;1:-;2:-;3:-;4:-;5:-;6:-;7:-;8:-;9:-,0@0=1;0@1=1;0@2=7;0@3=1;0@5=1;0@6=1;0@7=5;0@9=1;1@2=2;1@3=1;1@6=2;1@9=2;1@4=3;2@0=1;2@1=5;2@2=1;2@3=2;2@5=2;2@6=2;2@7=5;2@9=1;2@4=3;2@8=5;3@0=2;3@1=1;3@2=3;3@5=2;3@6=1;3@7=2;3@9=1;3@4=3;4@0=2;4@1=3;4@2=1;4@3=4;4@5=2;4@6=2;4@7=4;4@9=4;4@4=13;4@8=2;5@0=3;5@1=4;5@2=3;5@3=1;5@5=1;5@7=2;5@9=2;5@4=4;5@8=4;6@1=1;6@2=1;6@3=2;6@5=1;6@6=1;6@7=1;6@4=1;6@8=1;7@0=1;7@1=1;7@2=2;7@5=1;7@7=2;7@4=1;8@1=1;8@2=2;8@5=2;8@9=1;8@4=2;8@8=1;9@0=2;9@1=2;9@2=4;9@3=1;9@5=1;9@6=1;9@7=4;9@9=1;9@4=4,"0,1,2,3,5,6,7,9,4,8",177,79,0,79,0.0,0.0,0.0,0.0,0.0,0.0,0.0,0.0,"Feasible(status=11,gap=13.876511)"
1273,1272,0,0,0,-,0:4|8;1:5|7;2:5|7|8;3:5|6|8;4:7|9;5:0|1|8|9;6:8;7:0|3|4|5|6;8:3|4|5|8;9:0|7|8,0:-;1:-;2:-;3:-;4:-;5:-;6:-;7:-;8:-;9:-,0@0=4;0@1=3;0@2=4;0@3=2;0@4=1;0@6=1;0@8=1;0@9=1;1@0=3;1@1=2;1@2=1;1@3=1;1@4=5;1@9=1;1@5=1;1@7=1;2@0=1;2@2=5;2@4=6;2@6=2;2@8=3;2@9=1;2@5=2;2@7=2;3@1=2;3@2=2;3@4=4;3@8=3;3@9=1;3@5=4;3@7=3;4@0=2;4@1=3;4@2=6;4@3=3;4@4=3;4@6=1;4@8=3;4@9=1;4@5=3;4@7=2;5@0=1;5@1=3;5@2=4;5@3=4;5@4=6;5@6=3;5@8=4;5@5=2;6@0=1;6@1=3;6@2=4;6@3=1;6@4=5;6@6=3;6@9=1;6@5=5;7@1=1;7@2=2;7@4=2;7@6=2;7@8=2;7@9=2;7@5=1;8@2=3;8@4=3;8@6=1;8@5=2;9@0=1;9@1=3;9@2=3;9@3=6;9@4=6;9@6=1;9@8=2;9@9=1;9@5=3;9@7=3,"0,1,2,3,4,6,8,9,5,7",200,78,0,78,0.0,0.0,0.0,0.0,0.0,0.0,0.0,0.0,"Feasible(status=11,gap=13.876511)"
1274,1273,0,0,0,-,0:4|8;1:5|7;2:5|7|8;3:5|6|8;4:7|9;5:0|1|8|9;6:8;7:0|3|4|5|6;8:3|4|5|8;9:0|7|8,0:-;1:-;2:-;3:-;4:-;5:-;6:-;7:-;8:-;9:-,0@0=1;0@1=3;0@2=4;0@3=2;0@4=3;0@5=2;0@6=2;0@8=4;0@9=3;1@1=2;1@2=3;1@3=5;1@4=4;1@6=1;1@8=2;1@9=3;1@7=2;2@0=1;2@1=4;2@2=5;2@3=3;2@4=5;2@5=3;2@6=1;2@8=2;2@9=1;2@7=1;3@1=2;3@2=1;3@4=2;3@5=2;3@6=1;3@8=4;3@9=1;3@7=2;4@0=1;4@1=4;4@2=1;4@3=4;4@4=6;4@5=2;4@6=3;4@8=2;4@9=1;4@7=1;5@2=3;5@4=5;5@5=3;5@6=2;5@8=3;5@7=1;6@0=1;6@1=4;6@2=3;6@4=1;6@5=3;6@8=2;6@7=3;7@0=2;7@2=1;7@3=1;7@4=2;7@6=1;7@7=1;8@1=2;8@2=1;8@3=1;8@4=1;8@8=1;8@9=2;9@0=1;9@1=2;9@2=1;9@3=1;9@4=4;9@5=4;9@6=2;9@8=1;9@9=1;9@7=2,"0,1,2,3,4,5,6,8,9,7",181,80,0,80,0.0,0.0,0.0,0.0,0.0,0.0,0.0,0.0,"Feasible(status=11,gap=13.876511)"
1275,1274,0,0,0,-,0:4|8;1:5|7;2:5|7|8;3:5|6|8;4:7|9;5:0|1|8|9;6:8;7:0|3|4|5|6;8:3|4|5|8;9:0|7|8,0:-;1:-;2:-;3:-;4:-;5:-;6:-;7:-;8:-;9:-,0@0=1;0@1=2;0@2=3;0@4=6;0@6=4;0@7=2;0@8=1;0@9=3;1@1=1;1@2=2;1@4=1;1@7=2;1@5=2;2@0=3;2@1=2;2@2=8;2@4=1;2@6=1;2@7=1;2@3=2;3@0=1;3@1=6;3@2=5;3@4=2;3@6=3;3@7=1;3@5=2;4@1=2;4@2=4;4@4=5;4@7=2;4@8=3;4@3=1;5@0=1;5@1=6;5@2=7;5@4=3;5@6=1;5@7=2;5@8=3;5@5=3;5@3=2;6@1=3;6@2=5;6@4=5;6@6=3;6@7=2;6@8=1;6@5=3;7@1=2;7@2=3;7@4=4;7@9=2;7@5=1;7@3=2;8@2=1;8@4=1;8@7=3;8@3=1;9@0=3;9@1=2;9@2=2;9@4=1;9@6=1;9@7=2;9@8=1;9@9=1;9@5=2;9@3=1,"0,1,2,4,6,7,8,9,5,3",171,69,0,69,0.0,0.0,0.0,0.0,0.0,0.0,0.0,0.0,"Feasible(status=11,gap=13.876511)"
1276,1275,0,0,0,-,0:4|8;1:5|7;2:5|7|8;3:5|6|8;4:7|9;5:0|1|8|9;6:8;7:0|3|4|5|6;8:3|4|5|8;9:0|7|8,0:-;1:-;2:-;3:-;4:-;5:-;6:-;7:-;8:-;9:-,0@1=3;0@3=1;0@4=2;0@6=1;0@8=1;1@3=1;1@4=2;1@6=1;1@2=2;1@7=1;2@1=2;2@3=1;2@4=7;2@6=1;2@8=1;2@2=1;2@0=1;2@9=1;3@1=1;3@3=1;3@6=2;3@2=3;3@7=1;3@0=1;3@9=2;3@5=2;4@1=1;4@3=1;4@4=1;4@6=1;4@8=1;4@2=3;4@0=1;4@9=1;4@5=2;5@1=2;5@4=2;5@6=2;5@8=2;5@7=1;5@0=2;6@1=1;6@4=1;6@6=1;6@2=3;6@0=1;6@9=1;6@5=2;7@1=2;7@4=1;7@2=4;7@0=1;7@9=1;7@5=1;8@4=1;8@2=3;8@0=1;8@9=1;9@1=1;9@3=1;9@4=3;9@2=3;9@9=1,"1,3,4,6,8,2,7,0,9,5",101,63,0,63,0.0,0.0,0.0,0.0,0.0,0.0,0.0,0.0,"Feasible(status=11,gap=13.876511)"
1277,1276,0,0,0,-,0:4|8;1:5|7;2:5|7|8;3:5|6|8;4:7|9;5:0|1|8|9;6:8;7:0|3|4|5|6;8:3|4|5|8;9:0|7|8,0:-;1:-;2:-;3:-;4:-;5:-;6:-;7:-;8:-;9:-,0@1=2;0@2=6;0@4=5;0@5=1;0@9=1;1@1=2;1@2=1;1@4=2;1@6=1;2@1=3;2@2=3;2@4=4;2@5=2;2@9=1;2@0=2;2@3=2;2@7=1;2@8=2;3@1=1;3@2=1;3@4=1;3@5=1;3@9=3;3@0=2;3@3=1;3@7=2;3@8=1;4@1=6;4@4=3;4@5=4;4@0=2;4@8=2;5@2=2;5@4=2;6@1=1;6@2=4;6@0=1;6@3=1;6@7=1;7@2=1;7@4=1;7@5=1;8@1=1;8@2=1;8@4=2;9@2=3;9@4=2;9@6=1;9@0=2;9@7=1;9@8=1,"1,2,4,5,9,6,0,3,7,8",100,51,0,51,0.0,0.0,0.0,0.0,0.0,0.0,0.0,0.0,"Feasible(status=11,gap=13.876511)"
1278,1277,0,0,0,-,0:4|8;1:5|7;2:5|7|8;3:5|6|8;4:7|9;5:0|1|8|9;6:8;7:0|3|4|5|6;8:3|4|5|8;9:0|7|8,0:-;1:-;2:-;3:-;4:-;5:-;6:-;7:-;8:-;9:-,0@0=1;0@1=4;0@2=2;0@3=2;0@4=2;0@6=3;0@7=2;0@8=1;0@9=1;1@1=1;1@2=1;1@3=1;1@4=1;1@6=1;2@0=4;2@1=3;2@2=3;2@4=2;2@6=2;2@7=3;2@8=1;2@9=5;2@5=2;3@0=4;3@1=5;3@2=1;3@3=1;3@4=2;3@7=2;3@8=3;3@9=3;4@0=1;4@1=2;4@3=2;4@4=6;4@6=3;4@7=1;4@8=2;4@5=5;5@0=1;5@1=1;5@2=2;5@3=2;5@4=3;5@6=1;5@7=2;5@8=1;5@9=2;5@5=1;6@0=1;6@1=5;6@2=8;6@3=1;6@4=4;6@6=1;6@7=1;6@8=1;6@5=1;7@0=1;7@1=1;7@2=1;7@3=1;7@4=3;7@6=2;8@1=2;8@2=1;8@4=1;8@6=1;9@0=2;9@1=2;9@2=6;9@3=1;9@4=6;9@6=1;9@7=3,"0,1,2,3,4,6,7,8,9,5",165,75,0,75,0.0,0.0,0.0,0.0,0.0,0.0,0.0,0.0,"Feasible(status=11,gap=13.876511)"
1279,1278,0,0,0,-,0:4|8;1:5|7;2:5|7|8;3:5|6|8;4:7|9;5:0|1|8|9;6:8;7:0|3|4|5|6;8:3|4|5|8;9:0|7|8,0:-;1:-;2:-;3:-;4:-;5:-;6:-;7:-;8:-;9:-,0@1=3;0@2=2;0@4=2;0@5=1;0@6=4;0@8=2;1@1=1;1@2=6;1@5=2;1@0=3;1@3=2;1@9=2;2@1=4;2@2=2;2@4=3;2@5=1;2@6=1;2@8=2;2@0=3;2@3=1;2@7=1;3@1=2;3@2=3;3@4=5;3@6=1;3@8=2;3@0=3;3@7=1;4@1=5;4@2=5;4@4=8;4@5=2;4@6=4;4@8=3;4@0=3;4@3=2;4@9=2;4@7=1;5@1=2;5@2=5;5@4=2;5@5=1;5@6=1;5@8=2;5@3=3;5@9=3;5@7=1;6@1=1;6@2=5;6@4=3;6@5=2;6@6=2;6@8=2;6@0=2;6@9=2;6@7=3;7@1=1;7@5=1;7@8=1;7@0=1;8@1=1;8@2=3;8@4=3;8@5=1;8@6=1;8@0=1;8@3=1;9@1=5;9@2=7;9@4=3;9@5=3;9@6=2;9@8=1;9@0=1;9@3=1;9@9=5;9@7=2,"1,2,4,5,6,8,0,3,9,7",187,77,0,77,0.0,0.0,0.0,0.0,0.0,0.0,0.0,0.0,"Feasible(status=11,gap=13.876511)"
1280,1279,0,0,0,-,0:4|8;1:5|7;2:5|7|8;3:5|6|8;4:7|9;5:0|1|8|9;6:8;7:0|3|4|5|6;8:3|4|5|8;9:0|7|8,0:-;1:-;2:-;3:-;4:-;5:-;6:-;7:-;8:-;9:-,0@0=2;0@2=6;0@3=2;0@4=1;0@7=1;0@8=2;0@9=2;1@2=1;1@4=1;1@9=1;1@5=1;2@0=1;2@2=6;2@3=2;2@4=5;2@7=1;2@8=2;2@5=2;2@1=2;2@6=1;3@2=4;3@4=6;3@8=2;3@9=4;3@5=1;3@1=1;4@2=4;4@3=1;4@4=4;4@8=1;4@9=1;4@5=2;4@1=3;4@6=1;5@0=1;5@2=3;5@3=4;5@4=5;5@5=2;5@1=3;5@6=1;6@2=4;6@3=1;6@4=1;6@7=3;6@5=1;6@6=2;7@2=1;7@3=2;7@4=2;7@7=1;7@8=1;7@5=2;7@1=2;8@2=1;8@3=1;8@4=1;8@5=1;8@1=3;9@2=2;9@4=4;9@7=1;9@9=1;9@5=1;9@1=2,"0,2,3,4,7,8,9,5,1,6",137,65,0,65,0.0,0.0,0.0,0.0,0.0,0.0,0.0,0.0,"Feasible(status=11,gap=13.876511)"
1281,1280,0,0,0,-,0:4|8;1:5|7;2:5|7|8;3:5|6|8;4:7|9;5:0|1|8|9;6:8;7:0|3|4|5|6;8:3|4|5|8;9:0|7|8,0:-;1:-;2:-;3:-;4:-;5:-;6:-;7:-;8:-;9:-,0@1=1;0@2=4;0@4=2;0@6=2;0@8=1;1@1=2;1@2=2;1@4=1;1@3=1;1@9=1;2@1=3;2@2=2;2@4=4;2@6=1;2@8=2;2@3=3;2@9=2;2@0=1;2@5=1;2@7=1;3@1=1;3@2=2;3@4=5;3@6=1;3@8=2;3@3=1;3@9=2;3@5=2;3@7=1;4@1=6;4@2=3;4@4=5;4@6=3;4@3=1;4@9=2;4@7=2;5@1=1;5@2=4;5@4=4;5@6=3;5@8=1;5@0=2;5@7=2;6@1=1;6@2=4;6@4=2;6@8=1;6@9=2;6@0=1;6@5=1;6@7=2;7@1=2;7@6=1;7@8=1;7@0=1;8@1=2;8@2=2;8@4=1;8@3=1;8@0=2;8@5=1;9@1=2;9@2=3;9@4=2;9@6=1;9@8=5;9@3=3;9@5=3;9@7=1,"1,2,4,6,8,3,9,0,5,7",141,69,0,69,0.0,0.0,0.0,0.0,0.0,0.0,0.0,0.0,"Feasible(status=11,gap=13.876511)"
1282,1281,0,0,0,-,0:4|8;1:5|7;2:5|7|8;3:5|6|8;4:7|9;5:0|1|8|9;6:8;7:0|3|4|5|6;8:3|4|5|8;9:0|7|8,0:-;1:-;2:-;3:-;4:-;5:-;6:-;7:-;8:-;9:-,0@1=4;0@2=1;0@4=2;0@5=1;0@8=2;0@9=1;1@1=3;1@2=2;1@4=4;1@5=1;1@0=1;1@6=2;2@1=4;2@2=1;2@4=5;2@8=2;2@9=3;2@0=1;3@1=1;3@2=1;3@4=2;3@9=1;3@0=2;3@6=4;3@3=2;3@7=1;4@1=1;4@2=2;4@4=1;4@9=1;4@0=1;4@6=1;4@3=1;4@7=1;5@4=4;5@5=4;5@9=1;6@1=2;6@2=5;6@4=3;6@5=1;6@8=1;6@9=1;6@0=3;6@6=1;6@3=1;7@1=1;7@2=3;7@4=1;7@9=2;7@0=1;7@6=1;8@1=1;8@2=1;8@4=2;8@3=1;9@1=2;9@2=2;9@4=3;9@9=1;9@0=3;9@6=1;9@3=1;9@7=1,"1,2,4,5,8,9,0,6,3,7",118,64,0,64,0.0,0.0,0.0,0.0,0.0,0.0,0.0,0.0,"Feasible(status=11,gap=13.876511)"
1283,1282,0,0,0,-,0:4|8;1:5|7;2:5|7|8;3:5|6|8;4:7|9;5:0|1|8|9;6:8;7:0|3|4|5|6;8:3|4|5|8;9:0|7|8,0:-;1:-;2:-;3:-;4:-;5:-;6:-;7:-;8:-;9:-,0@1=1;0@2=1;0@3=1;0@6=1;0@7=1;0@9=2;1@1=2;1@2=1;1@3=3;1@7=1;1@0=2;1@4=1;1@5=1;2@1=1;2@2=3;2@3=1;2@7=1;2@0=1;2@4=5;2@5=1;2@8=1;3@1=1;3@2=2;3@7=1;3@0=2;3@4=1;3@8=2;4@1=1;4@2=3;4@6=1;4@7=1;4@9=2;4@4=2;5@1=1;5@2=1;6@2=1;6@7=1;6@4=1;6@5=1;6@8=1;7@1=1;7@2=1;7@0=1;7@4=1;8@1=1;8@9=2;8@0=1;8@4=1;8@5=1;8@8=1;9@2=4;9@3=2;9@6=2;9@0=2;9@4=1,"1,2,3,6,7,9,0,4,5,8",80,55,0,55,0.0,0.0,0.0,0.0,0.0,0.0,0.0,0.0,"Feasible(status=11,gap=13.876511)"
1284,1283,0,0,0,-,0:4|8;1:5|7;2:5|7|8;3:5|6|8;4:7|9;5:0|1|8|9;6:8;7:0|3|4|5|6;8:3|4|5|8;9:0|7|8,0:-;1:-;2:-;3:-;4:-;5:-;6:-;7:-;8:-;9:-,0@3=3;0@5=1;0@8=1;0@9=1;1@5=2;1@8=1;1@1=1;2@5=2;2@9=1;2@1=1;2@2=3;3@3=2;3@5=1;3@9=2;3@1=4;3@2=1;3@4=4;3@7=1;4@3=3;4@5=1;4@8=2;4@9=1;4@1=3;4@2=4;4@4=5;4@0=2;4@6=1;5@3=2;5@5=1;5@1=1;5@2=1;5@4=1;6@5=2;6@8=2;6@9=1;6@2=2;6@4=1;6@0=1;6@6=2;7@8=1;7@2=1;7@7=1;7@6=1;8@3=1;8@5=1;8@8=1;8@0=1;8@6=1;9@5=1;9@9=2;9@1=1;9@2=1;9@4=1;9@7=3;9@6=3,"3,5,8,9,1,2,4,7,0,6",92,55,0,55,0.0,0.0,0.0,0.0,0.0,0.0,0.0,0.0,"Feasible(status=11,gap=13.876511)"
1285,1284,0,0,0,-,0:4|8;1:5|7;2:5|7|8;3:5|6|8;4:7|9;5:0|1|8|9;6:8;7:0|3|4|5|6;8:3|4|5|8;9:0|7|8,0:-;1:-;2:-;3:-;4:-;5:-;6:-;7:-;8:-;9:-,0@0=3;0@1=1;0@2=2;0@3=1;0@4=7;0@5=1;0@7=2;0@9=1;1@1=1;1@2=2;1@7=1;1@6=1;2@1=4;2@2=4;2@3=1;2@4=4;2@5=1;2@9=4;2@6=1;2@8=1;3@2=5;3@3=2;3@4=3;3@5=1;3@7=1;3@9=1;3@6=1;4@1=6;4@2=4;4@4=4;4@5=1;4@7=1;4@9=1;4@6=2;5@0=2;5@4=2;5@5=2;5@7=2;5@9=2;5@6=1;5@8=3;6@0=2;6@1=1;6@2=4;6@3=4;6@4=4;6@9=3;6@8=2;7@1=1;7@2=1;7@4=2;7@5=1;7@9=1;7@8=2;8@0=1;8@1=2;8@2=1;8@4=3;8@9=1;9@1=3;9@2=2;9@3=2;9@4=3;9@7=1;9@9=2;9@6=1,"0,1,2,3,4,5,7,9,6,8",140,66,0,66,0.0,0.0,0.0,0.0,0.0,0.0,0.0,0.0,"Feasible(status=11,gap=13.876511)"
1286,1285,0,0,0,-,0:4|8;1:5|7;2:5|7|8;3:5|6|8;4:7|9;5:0|1|8|9;6:8;7:0|3|4|5|6;8:3|4|5|8;9:0|7|8,0:-;1:-;2:-;3:-;4:-;5:-;6:-;7:-;8:-;9:-,0@0=2;0@1=6;0@2=1;0@3=1;0@4=2;0@5=1;0@7=2;0@9=1;1@3=1;1@8=1;2@1=4;2@2=3;2@4=1;2@5=3;2@7=2;2@9=1;2@6=1;3@0=2;3@1=2;3@2=3;3@3=2;3@4=2;3@7=1;3@9=2;3@8=3;4@0=2;4@1=3;4@2=2;4@3=3;4@4=3;4@7=2;4@6=1;5@0=2;5@2=2;5@3=1;5@4=3;5@5=1;5@7=1;5@8=1;5@6=1;6@0=2;6@1=3;6@2=3;6@3=2;6@5=2;6@7=1;6@9=3;6@8=2;6@6=2;7@0=1;7@1=3;7@2=1;7@3=1;7@4=3;7@5=1;7@9=1;7@8=1;8@0=1;8@2=2;8@4=3;8@5=1;8@9=2;8@6=2;9@1=3;9@2=2;9@3=1;9@4=4;9@5=2;9@9=1,"0,1,2,3,4,5,7,9,8,6",134,69,0,69,0.0,0.0,0.0,0.0,0.0,0.0,0.0,0.0,"Feasible(status=11,gap=13.876511)"
1287,1286,0,0,0,-,0:4|8;1:5|7;2:5|7|8;3:5|6|8;4:7|9;5:0|1|8|9;6:8;7:0|3|4|5|6;8:3|4|5|8;9:0|7|8,0:-;1:-;2:-;3:-;4:-;5:-;6:-;7:-;8:-;9:-,0@2=2;0@3=3;0@4=3;0@5=2;0@7=3;0@8=2;1@5=1;2@2=3;2@3=1;2@4=3;2@5=1;2@8=3;2@0=2;2@1=1;2@6=1;2@9=3;3@2=2;3@3=1;3@4=1;3@5=2;3@7=1;3@0=1;3@1=1;3@6=2;3@9=2;4@2=2;4@3=3;4@4=4;4@7=3;4@8=4;4@1=3;4@6=2;4@9=3;5@3=2;5@5=1;5@1=3;5@9=1;6@2=6;6@3=1;6@4=4;6@5=1;6@7=2;6@8=2;6@0=1;6@1=2;7@2=3;7@4=1;7@5=2;7@7=1;7@1=2;7@6=1;7@9=1;8@2=6;8@3=2;8@4=5;8@7=1;8@0=1;8@1=1;8@6=1;9@2=3;9@3=2;9@4=1;9@7=1;9@8=1;9@0=3;9@1=1;9@6=2;9@9=1,"2,3,4,5,7,8,0,1,6,9",140,68,0,68,0.0,0.0,0.0,0.0,0.0,0.0,0.0,0.0,"Feasible(status=11,gap=13.876511)"
1288,1287,0,0,0,-,0:4|8;1:5|7;2:5|7|8;3:5|6|8;4:7|9;5:0|1|8|9;6:8;7:0|3|4|5|6;8:3|4|5|8;9:0|7|8,0:-;1:-;2:-;3:-;4:-;5:-;6:-;7:-;8:-;9:-,0@1=2;0@2=1;0@4=2;0@5=1;0@8=2;0@9=1;2@1=1;2@2=5;2@4=3;2@8=2;2@9=1;2@6=1;3@1=1;3@2=1;3@5=1;3@8=1;3@9=5;3@3=2;3@7=1;4@1=1;4@2=4;4@4=3;4@5=1;4@8=3;4@9=8;4@6=2;4@3=3;4@7=1;4@0=1;5@1=2;5@2=1;5@4=1;5@5=2;5@8=1;5@9=1;5@3=2;5@7=1;6@1=3;6@2=2;6@4=8;6@5=1;6@8=1;6@3=5;6@7=2;6@0=1;7@1=1;7@2=2;7@4=3;7@9=1;7@3=1;8@1=2;8@2=1;8@4=1;8@5=1;8@8=1;8@3=1;8@0=1;9@1=1;9@2=4;9@4=2;9@8=1;9@9=2;9@6=1;9@7=1;9@0=2,"1,2,4,5,8,9,6,3,7,0",125,65,0,65,0.0,0.0,0.0,0.0,0.0,0.0,0.0,0.0,"Feasible(status=11,gap=13.876511)"
1289,1288,0,0,0,-,0:4|8;1:5|7;2:5|7|8;3:5|6|8;4:7|9;5:0|1|8|9;6:8;7:0|3|4|5|6;8:3|4|5|8;9:0|7|8,0:-;1:-;2:-;3:-;4:-;5:-;6:-;7:-;8:-;9:-,0@0=2;0@1=1;0@2=4;0@4=5;0@5=2;0@6=2;0@7=2;0@8=1;0@9=2;2@0=3;2@1=3;2@2=5;2@5=1;2@7=1;2@8=2;2@9=1;3@1=2;3@2=2;3@4=1;3@6=1;3@7=1;3@9=1;4@1=2;4@2=1;4@4=2;4@6=1;4@7=1;4@8=1;4@3=1;5@0=2;5@1=2;5@2=4;5@4=4;5@5=1;5@9=2;6@0=1;6@1=1;6@2=5;6@4=3;6@5=2;6@6=1;6@7=2;6@8=3;7@0=1;7@2=5;7@5=2;7@8=1;7@9=4;8@0=1;8@1=1;8@2=1;8@4=2;8@5=1;8@6=1;8@8=3;8@9=2;9@0=2;9@1=2;9@4=1;9@6=1;9@7=1;9@8=1;9@9=1,"0,1,2,4,5,6,7,8,9,3",121,63,0,63,0.0,0.0,0.0,0.0,0.0,0.0,0.0,0.0,"Feasible(status=11,gap=13.876511)"
1290,1289,0,0,0,-,0:4|8;1:5|7;2:5|7|8;3:5|6|8;4:7|9;5:0|1|8|9;6:8;7:0|3|4|5|6;8:3|4|5|8;9:0|7|8,0:-;1:-;2:-;3:-;4:-;5:-;6:-;7:-;8:-;9:-,0@2=1;0@3=1;0@5=3;2@3=1;2@1=1;2@4=1;2@6=1;2@7=1;2@8=2;3@3=1;3@4=1;3@8=1;4@2=3;4@3=2;4@1=2;4@6=2;4@7=2;4@8=1;4@0=2;4@9=2;5@2=5;5@1=1;5@6=1;5@7=1;5@8=1;5@9=1;6@2=4;6@3=2;6@4=2;6@8=1;7@5=1;7@1=2;7@4=1;7@9=1;8@5=1;8@1=2;8@6=1;8@8=2;9@2=3;9@1=3;9@4=3;9@7=1;9@8=2;9@9=1,"2,3,5,1,4,6,7,8,0,9",74,44,0,44,0.0,0.0,0.0,0.0,0.0,0.0,0.0,0.0,"Feasible(status=11,gap=13.876511)"
1291,1290,0,0,0,-,0:4|8;1:5|7;2:5|7|8;3:5|6|8;4:7|9;5:0|1|8|9;6:8;7:0|3|4|5|6;8:3|4|5|8;9:0|7|8,0:-;1:-;2:-;3:-;4:-;5:-;6:-;7:-;8:-;9:-,0@2=3;0@3=1;0@5=3;0@7=2;0@8=1;0@9=1;2@2=5;2@3=1;2@5=1;2@7=1;2@8=1;2@9=1;2@0=1;2@1=3;2@4=1;3@2=1;3@3=1;3@0=1;3@1=1;3@4=2;4@2=2;4@5=2;4@8=2;4@9=1;4@4=1;4@6=2;5@2=3;5@3=2;5@5=1;5@1=1;5@4=1;6@2=2;6@5=1;6@8=1;6@9=1;6@1=2;6@4=2;6@6=1;7@2=1;7@3=1;7@7=3;7@8=1;7@1=2;7@4=2;8@7=1;8@1=1;8@6=1;9@2=2;9@3=2;9@8=4;9@1=4,"2,3,5,7,8,9,0,1,4,6",85,51,0,51,0.0,0.0,0.0,0.0,0.0,0.0,0.0,0.0,"Feasible(status=11,gap=13.876511)"
1292,1291,0,0,0,-,0:4|8;1:5|7;2:5|7|8;3:5|6|8;4:7|9;5:0|1|8|9;6:8;7:0|3|4|5|6;8:3|4|5|8;9:0|7|8,0:-;1:-;2:-;3:-;4:-;5:-;6:-;7:-;8:-;9:-,0@0=1;0@1=4;0@2=6;0@4=2;0@5=3;0@6=3;0@7=1;0@9=1;2@0=1;2@1=3;2@2=3;2@4=3;2@5=1;2@9=2;2@8=1;3@0=1;3@1=1;3@2=2;3@5=1;3@7=3;3@9=2;4@1=6;4@2=6;4@4=5;4@5=1;4@6=1;4@8=1;4@3=1;5@0=1;5@1=1;5@2=3;5@4=3;5@5=1;5@6=1;5@9=1;5@8=1;6@0=3;6@1=1;6@2=4;6@4=1;6@9=1;7@0=2;7@1=3;7@6=1;7@7=2;7@9=1;8@1=3;8@2=1;8@4=4;8@7=1;8@9=1;8@3=1;9@1=2;9@2=6;9@4=3;9@6=1;9@9=1;9@8=1,"0,1,2,4,5,6,7,9,8,3",122,58,0,58,0.0,0.0,0.0,0.0,0.0,0.0,0.0,0.0,"Feasible(status=11,gap=13.876511)"
1293,1292,0,0,0,-,0:4|8;1:5|7;2:5|7|8;3:5|6|8;4:7|9;5:0|1|8|9;6:8;7:0|3|4|5|6;8:3|4|5|8;9:0|7|8,0:-;1:-;2:-;3:-;4:-;5:-;6:-;7:-;8:-;9:-,0@2=1;0@3=1;0@5=1;0@7=1;0@9=1;1@7=1;1@0=1;1@1=1;1@4=3;1@6=2;1@8=1;2@2=6;2@3=1;2@5=1;2@7=1;2@9=2;2@1=5;2@4=6;2@6=1;3@2=2;3@3=1;3@7=3;3@0=1;3@1=2;3@4=3;3@6=1;4@2=7;4@3=3;4@7=2;4@9=1;4@0=3;4@1=5;4@4=4;4@6=1;4@8=1;5@2=2;5@3=3;5@1=1;6@2=5;6@5=1;6@7=3;6@1=1;6@4=6;7@2=2;7@3=2;7@5=1;7@0=2;7@8=1;8@3=2;8@5=1;8@0=2;8@4=1;8@6=1;9@2=4;9@3=2;9@0=2;9@1=3;9@4=4;9@6=2;9@8=2,"2,3,5,7,9,0,1,4,6,8",133,60,0,60,0.0,0.0,0.0,0.0,0.0,0.0,0.0,0.0,"Feasible(status=11,gap=13.876511)"
1294,1293,0,0,0,-,0:4|8;1:5|7;2:5|7|8;3:5|6|8;4:7|9;5:0|1|8|9;6:8;7:0|3|4|5|6;8:3|4|5|8;9:0|7|8,0:-;1:-;2:-;3:-;4:-;5:-;6:-;7:-;8:-;9:-,0@0=1;0@1=2;0@2=1;0@3=1;0@4=1;0@7=2;0@8=1;1@0=2;1@1=2;1@2=3;1@7=2;1@5=1;2@1=4;2@2=2;2@3=1;2@4=6;2@7=4;2@8=2;2@5=3;2@6=2;2@9=1;3@0=1;3@1=1;3@2=1;3@3=1;3@7=1;3@5=2;3@9=1;4@0=1;4@1=2;4@2=1;4@3=2;4@4=5;4@7=1;5@0=2;5@1=1;5@2=2;5@4=6;5@7=1;5@5=1;5@9=2;6@0=1;6@1=3;6@2=2;6@3=1;6@4=5;6@5=2;6@6=3;6@9=1;7@1=1;7@2=1;7@3=1;7@4=1;7@5=1;7@6=1;8@1=2;8@2=1;8@3=2;8@4=1;8@7=1;8@8=2;8@5=2;9@0=1;9@1=1;9@2=5;9@3=1;9@4=2;9@7=2;9@9=1,"0,1,2,3,4,7,8,5,6,9",127,69,0,69,0.0,0.0,0.0,0.0,0.0,0.0,0.0,0.0,"Feasible(status=11,gap=13.876511)"
1295,1294,0,0,0,-,0:4|8;1:5|7;2:5|7|8;3:5|6|8;4:7|9;5:0|1|8|9;6:8;7:0|3|4|5|6;8:3|4|5|8;9:0|7|8,0:-;1:-;2:-;3:-;4:-;5:-;6:-;7:-;8:-;9:-,0@4=1;0@6=4;0@7=1;0@8=1;1@4=1;1@7=1;1@8=2;1@0=1;1@1=2;1@2=1;1@3=1;1@5=1;2@4=5;2@6=4;2@7=3;2@8=1;2@0=2;2@1=5;2@2=2;2@3=1;2@5=1;2@9=1;3@4=3;3@6=1;3@8=1;3@2=1;3@5=1;3@9=1;4@4=4;4@6=2;4@7=1;4@1=1;4@2=1;4@3=1;4@5=3;4@9=1;5@4=1;5@6=1;5@1=2;5@2=2;5@3=2;5@9=1;6@4=6;6@6=1;6@7=1;6@8=1;6@0=1;6@1=2;6@2=3;6@3=1;6@9=1;7@6=4;7@2=4;7@5=1;7@9=2;8@4=1;8@6=1;8@7=1;8@1=3;8@2=1;8@3=1;9@6=1;9@7=2;9@8=1;9@0=2;9@1=2;9@2=2;9@3=1;9@9=1,"4,6,7,8,0,1,2,3,5,9",121,69,0,69,0.0,0.0,0.0,0.0,0.0,0.0,0.0,0.0,"Feasible(status=11,gap=13.876511)"
1296,1295,0,0,0,-,0:4|8;1:5|7;2:5|7|8;3:5|6|8;4:7|9;5:0|1|8|9;6:8;7:0|3|4|5|6;8:3|4|5|8;9:0|7|8,0:-;1:-;2:-;3:-;4:-;5:-;6:-;7:-;8:-;9:-,0@1=2;0@2=5;0@3=1;0@6=1;1@1=3;1@2=3;1@3=1;1@5=1;2@2=3;2@3=2;2@6=3;2@5=3;2@0=1;2@4=1;2@7=1;2@9=1;3@1=1;3@2=2;3@3=1;3@4=2;3@7=1;3@9=1;4@1=1;4@2=5;4@3=3;4@5=1;4@0=1;4@4=3;4@9=1;4@8=1;5@1=1;5@2=1;5@3=1;5@6=2;5@7=1;5@9=1;6@1=2;6@2=2;6@3=2;6@6=1;6@5=1;6@4=2;6@9=1;7@2=1;7@3=1;7@6=1;8@1=2;8@2=2;8@3=1;8@6=2;8@4=3;9@1=1;9@2=1;9@3=1;9@6=1;9@4=1;9@7=2,"1,2,3,6,5,0,4,7,9,8",94,57,0,57,0.0,0.0,0.0,0.0,0.0,0.0,0.0,0.0,"Feasible(status=11,gap=13.876511)"
1297,1296,0,0,0,-,0:4|8;1:5|7;2:5|7|8;3:5|6|8;4:7|9;5:0|1|8|9;6:8;7:0|3|4|5|6;8:3|4|5|8;9:0|7|8,0:-;1:-;2:-;3:-;4:-;5:-;6:-;7:-;8:-;9:-,0@0=1;0@3=2;0@4=3;0@6=1;0@9=1;1@3=1;1@4=3;1@2=1;2@3=1;2@6=2;2@2=1;2@1=2;2@5=1;3@6=1;3@2=1;4@9=1;4@2=3;4@1=2;4@5=1;4@7=1;4@8=1;5@0=1;5@3=1;5@4=5;5@9=1;5@1=2;6@3=4;6@4=1;6@9=1;6@2=3;6@1=1;6@5=1;6@7=1;6@8=1;7@3=2;7@4=1;7@2=1;7@1=2;7@5=1;7@8=1;8@3=1;8@4=2;8@2=1;9@3=1;9@4=1;9@9=1;9@2=1;9@1=1;9@5=1,"0,3,4,6,9,2,1,5,7,8",72,49,0,49,0.0,0.0,0.0,0.0,0.0,0.0,0.0,0.0,"Feasible(status=11,gap=13.876511)"
1298,1297,0,0,0,-,0:4|8;1:5|7;2:5|7|8;3:5|6|8;4:7|9;5:0|1|8|9;6:8;7:0|3|4|5|6;8:3|4|5|8;9:0|7|8,0:-;1:-;2:-;3:-;4:-;5:-;6:-;7:-;8:-;9:-,0@0=1;0@1=1;0@2=2;0@3=2;0@6=1;0@8=1;1@2=1;1@6=1;1@4=1;1@5=1;1@7=1;2@1=1;2@3=1;2@6=2;2@8=1;2@4=1;2@7=1;3@0=3;3@1=3;3@6=1;3@8=1;3@4=2;3@9=1;4@0=1;4@1=1;4@2=2;4@6=1;4@8=1;4@4=2;4@5=1;4@7=1;4@9=1;5@4=2;5@7=1;6@0=1;6@1=2;6@2=2;6@3=1;6@8=1;6@4=1;6@9=3;7@3=1;7@5=1;8@2=2;8@3=2;8@4=1;9@0=1;9@2=3;9@6=1;9@4=3;9@5=1;9@7=1;9@9=1,"0,1,2,3,6,8,4,5,7,9",74,53,0,53,0.0,0.0,0.0,0.0,0.0,0.0,0.0,0.0,"Feasible(status=11,gap=13.876511)"
1299,1298,0,0,0,-,0:4|8;1:5|7;2:5|7|8;3:5|6|8;4:7|9;5:0|1|8|9;6:8;7:0|3|4|5|6;8:3|4|5|8;9:0|7|8,0:-;1:-;2:-;3:-;4:-;5:-;6:-;7:-;8:-;9:-,0@0=2;0@1=2;0@2=1;0@4=1;0@5=3;0@6=2;0@7=1;0@8=1;0@9=1;1@2=1;1@4=2;1@8=1;1@3=1;2@0=1;2@1=5;2@2=4;2@4=1;2@5=1;2@6=2;2@7=3;2@8=1;2@9=4;3@0=1;3@2=1;3@4=5;3@5=2;3@7=1;3@8=3;3@9=1;4@1=2;4@2=2;4@5=2;4@6=1;4@8=3;4@9=1;4@3=1;5@1=2;5@2=1;5@4=4;5@5=2;5@8=1;5@9=1;5@3=1;6@2=3;6@4=3;6@5=1;6@6=1;6@7=3;6@9=3;6@3=2;7@1=1;7@2=3;7@4=2;7@7=2;7@8=1;7@9=1;8@0=1;8@1=2;8@4=1;8@5=2;8@6=1;8@7=1;8@8=1;8@9=1;8@3=2;9@0=1;9@1=4;9@2=2;9@4=4;9@5=2;9@7=2;9@8=1;9@3=1,"0,1,2,4,5,6,7,8,9,3",134,73,0,73,0.0,0.0,0.0,0.0,0.0,0.0,0.0,0.0,"Feasible(status=11,gap=13.876511)"
1300,1299,0,0,0,-,0:4|8;1:5|7;2:5|7|8;3:5|6|8;4:7|9;5:0|1|8|9;6:8;7:0|3|4|5|6;8:3|4|5|8;9:0|7|8,0:-;1:-;2:-;3:-;4:-;5:-;6:-;7:-;8:-;9:-,0@0=1;0@1=3;0@2=2;0@3=1;0@4=3;0@7=1;0@9=4;2@0=1;2@1=2;2@2=3;2@3=4;2@4=2;2@7=2;2@9=2;2@8=1;3@0=1;3@2=2;3@3=1;3@4=3;3@9=2;3@8=3;3@6=1;4@1=3;4@2=3;4@3=1;4@4=5;4@7=2;4@9=2;4@6=2;5@0=2;5@1=4;5@2=7;5@3=2;5@4=2;5@8=3;5@5=1;6@0=2;6@1=1;6@2=5;6@3=2;6@4=4;6@7=3;6@9=2;6@8=1;6@6=1;6@5=1;7@0=2;7@1=1;7@3=2;7@4=3;7@5=1;8@3=1;8@4=3;8@6=3;8@5=2;9@0=1;9@2=2;9@3=1;9@4=1;9@7=1;9@8=3,"0,1,2,3,4,7,9,8,6,5",133,61,0,61,0.0,0.0,0.0,0.0,0.0,0.0,0.0,0.0,"Feasible(status=11,gap=13.876511)"
1301,1300,0,0,0,-,0:4|8;1:5|7;2:5|7|8;3:5|6|8;4:7|9;5:0|1|8|9;6:8;7:0|3|4|5|6;8:3|4|5|8;9:0|7|8,0:-;1:-;2:-;3:-;4:-;5:-;6:-;7:-;8:-;9:-,0@0=1;0@1=1;0@2=1;0@4=4;0@7=1;0@8=1;2@0=1;2@1=1;2@2=6;2@4=2;2@7=1;2@8=1;2@5=1;2@6=1;3@0=1;3@1=3;3@2=3;3@4=3;3@8=1;3@5=1;3@6=1;3@3=2;3@9=1;4@0=1;4@1=5;4@2=2;4@4=2;4@8=1;4@5=1;4@3=2;4@9=1;5@1=1;5@2=4;5@4=2;5@7=1;5@8=1;5@5=1;6@0=1;6@1=1;6@2=5;6@4=2;6@7=1;6@8=2;6@6=2;7@0=1;7@1=1;7@4=2;7@3=1;8@2=1;8@4=1;8@5=2;8@3=2;8@9=2;9@1=2;9@4=3;9@6=1;9@9=2,"0,1,2,4,7,8,5,6,3,9",99,57,0,57,0.0,0.0,0.0,0.0,0.0,0.0,0.0,0.0,"Feasible(status=11,gap=13.876511)"
1302,1301,0,0,0,-,0:4|8;1:5|7;2:5|7|8;3:5|6|8;4:7|9;5:0|1|8|9;6:8;7:0|3|4|5|6;8:3|4|5|8;9:0|7|8,0:-;1:-;2:-;3:-;4:-;5:-;6:-;7:-;8:-;9:-,0@1=3;0@2=2;0@4=1;0@6=1;2@1=3;2@2=3;2@4=2;2@6=3;2@0=1;2@5=1;2@7=1;2@8=2;2@9=2;3@1=2;3@2=1;3@4=3;3@6=2;3@3=1;4@1=3;4@2=2;4@4=1;4@5=1;4@7=1;4@9=1;4@3=1;5@1=3;5@2=2;5@6=2;5@5=2;5@8=2;5@9=1;6@2=5;6@4=3;6@6=2;6@0=1;6@8=2;6@9=2;7@1=2;7@2=2;7@4=3;7@6=1;7@7=1;7@8=1;7@9=1;8@1=1;8@2=1;8@4=3;8@0=1;8@5=1;9@1=2;9@2=1;9@4=2;9@6=1;9@5=1;9@8=1;9@3=2,"1,2,4,6,0,5,7,8,9,3",99,56,0,56,0.0,0.0,0.0,0.0,0.0,0.0,0.0,0.0,"Feasible(status=11,gap=13.876511)"
1303,1302,0,0,0,-,0:4|8;1:5|7;2:5|7|8;3:5|6|8;4:7|9;5:0|1|8|9;6:8;7:0|3|4|5|6;8:3|4|5|8;9:0|7|8,0:-;1:-;2:-;3:-;4:-;5:-;6:-;7:-;8:-;9:-,0@1=3;0@2=2;0@4=1;0@5=1;0@8=1;0@9=2;2@1=4;2@2=1;2@4=3;2@5=1;2@0=2;2@3=1;2@6=3;3@1=4;3@2=2;3@4=1;3@5=2;3@8=1;3@3=1;4@1=1;4@2=4;4@4=4;4@8=2;4@9=1;4@3=3;4@6=1;5@1=1;5@4=2;5@5=2;5@8=1;5@9=1;5@0=1;5@3=5;5@6=1;5@7=1;6@1=1;6@2=1;6@4=3;6@8=1;6@3=1;6@6=2;7@2=1;7@4=2;7@6=1;8@1=2;8@5=2;8@9=2;8@0=1;8@3=1;8@6=1;8@7=1;9@1=1;9@2=2;9@4=2;9@5=1;9@9=2;9@3=2;9@7=1,"1,2,4,5,8,9,0,3,6,7",101,58,0,58,0.0,0.0,0.0,0.0,0.0,0.0,0.0,0.0,"Feasible(status=11,gap=13.876511)"
1304,1303,0,0,0,-,0:4|8;1:5|7;2:5|7|8;3:5|6|8;4:7|9;5:0|1|8|9;6:8;7:0|3|4|5|6;8:3|4|5|8;9:0|7|8,0:-;1:-;2:-;3:-;4:-;5:-;6:-;7:-;8:-;9:-,0@2=1;0@3=1;0@7=1;0@9=1;1@1=1;2@2=1;2@3=1;2@1=1;2@0=1;2@4=1;2@5=2;3@3=2;3@9=1;3@1=1;3@0=2;3@4=1;3@6=1;4@2=1;4@3=1;4@7=1;4@9=1;4@4=1;4@5=2;4@8=1;5@2=3;5@3=1;5@9=2;5@1=2;5@0=2;5@4=2;5@8=1;6@2=1;6@1=1;6@0=1;6@5=1;6@6=1;7@7=1;7@1=1;7@0=1;7@6=1;8@2=2;8@1=1;8@5=1;8@6=1;9@2=2;9@3=1;9@4=2,"2,3,7,9,1,0,4,5,6,8",60,47,0,47,0.0,0.0,0.0,0.0,0.0,0.0,0.0,0.0,"Feasible(status=11,gap=13.876511)"
1305,1304,0,0,0,-,0:4|8;1:5|7;2:5|7|8;3:5|6|8;4:7|9;5:0|1|8|9;6:8;7:0|3|4|5|6;8:3|4|5|8;9:0|7|8,0:-;1:-;2:-;3:-;4:-;5:-;6:-;7:-;8:-;9:-,0@0=3;0@1=2;0@2=1;0@4=4;0@5=1;1@1=1;2@0=2;2@2=3;2@4=2;2@6=1;2@7=1;2@9=1;3@1=1;3@2=2;3@4=2;3@5=1;3@7=1;3@3=1;4@0=2;4@1=1;4@2=5;4@4=3;4@3=1;4@8=1;5@0=1;5@1=1;5@2=2;5@6=1;5@7=1;5@9=2;5@3=1;6@0=4;6@2=1;6@4=3;6@5=1;6@6=2;6@7=1;6@3=1;7@0=1;7@2=1;7@4=3;7@7=3;8@2=1;8@9=2;8@3=1;8@8=1;9@0=2;9@1=3;9@2=1;9@4=2;9@6=1;9@7=1;9@8=2,"0,1,2,4,5,6,7,9,3,8",90,53,0,53,0.0,0.0,0.0,0.0,0.0,0.0,0.0,0.0,"Feasible(status=11,gap=13.876511)"
1306,1305,0,0,0,-,0:4|8;1:5|7;2:5|7|8;3:5|6|8;4:7|9;5:0|1|8|9;6:8;7:0|3|4|5|6;8:3|4|5|8;9:0|7|8,0:-;1:-;2:-;3:-;4:-;5:-;6:-;7:-;8:-;9:-,0@0=1;0@1=1;0@2=1;0@3=2;0@4=4;0@6=1;0@7=1;0@8=1;2@0=2;2@1=5;2@2=3;2@3=2;2@4=2;2@6=2;2@7=1;2@8=2;2@9=1;3@0=1;3@1=2;3@2=7;3@3=2;3@4=4;3@6=1;3@7=1;3@8=1;3@9=1;3@5=1;4@0=2;4@2=5;4@3=3;4@4=2;4@6=1;4@7=3;4@8=3;4@9=2;4@5=1;5@0=1;5@1=2;5@4=2;5@6=1;5@8=2;6@2=3;6@4=1;6@6=1;6@8=2;6@9=2;6@5=2;7@1=1;7@2=2;7@4=3;7@8=1;8@1=3;8@2=4;8@4=2;8@8=1;8@5=1;9@0=1;9@1=2;9@2=6;9@3=1;9@4=3;9@7=2;9@8=1;9@9=1;9@5=2,"0,1,2,3,4,6,7,8,9,5",131,65,0,65,0.0,0.0,0.0,0.0,0.0,0.0,0.0,0.0,"Feasible(status=11,gap=13.876511)"
1307,1306,0,0,0,-,0:4|8;1:5|7;2:5|7|8;3:5|6|8;4:7|9;5:0|1|8|9;6:8;7:0|3|4|5|6;8:3|4|5|8;9:0|7|8,0:-;1:-;2:-;3:-;4:-;5:-;6:-;7:-;8:-;9:-,0@0=1;0@1=2;0@2=2;0@4=1;0@5=1;0@6=1;0@8=2;0@9=1;1@2=1;1@6=1;2@0=1;2@1=1;2@2=2;2@4=4;2@5=1;2@6=2;2@8=2;2@9=1;2@7=4;3@2=2;3@4=5;3@8=1;3@7=1;4@0=1;4@1=3;4@2=2;4@4=5;4@5=2;4@6=5;4@8=1;4@9=1;4@7=2;4@3=1;5@0=1;5@1=2;5@2=1;5@4=2;5@5=1;5@6=1;5@9=1;5@7=1;5@3=1;6@0=2;6@1=3;6@2=2;6@4=3;6@5=2;6@8=4;6@3=1;7@1=1;7@2=1;7@4=6;7@5=1;7@6=2;7@9=2;7@7=1;7@3=2;8@2=1;8@9=1;8@3=1;9@0=1;9@2=3;9@4=2;9@5=1;9@6=2;9@8=1;9@9=2;9@7=4;9@3=3,"0,1,2,4,5,6,8,9,7,3",129,69,0,69,0.0,0.0,0.0,0.0,0.0,0.0,0.0,0.0,"Feasible(status=11,gap=13.876511)"
1308,1307,0,0,0,-,0:4|8;1:5|7;2:5|7|8;3:5|6|8;4:7|9;5:0|1|8|9;6:8;7:0|3|4|5|6;8:3|4|5|8;9:0|7|8,0:-;1:-;2:-;3:-;4:-;5:-;6:-;7:-;8:-;9:-,0@0=1;0@1=1;0@2=1;0@4=2;0@5=2;0@7=2;0@9=3;1@6=1;2@0=3;2@1=1;2@4=4;2@5=1;2@9=2;2@6=5;2@3=1;3@0=3;3@2=1;3@4=1;3@5=1;3@7=2;3@9=2;3@3=1;3@8=2;4@1=4;4@4=4;4@5=2;4@7=2;4@6=1;4@3=2;4@8=1;5@0=1;5@1=4;5@4=2;5@5=1;5@7=1;5@9=1;5@3=1;6@2=3;6@4=3;6@5=2;6@9=3;6@6=2;7@1=2;7@4=1;7@7=3;7@9=1;7@6=1;8@1=1;8@2=2;8@4=3;8@6=3;8@3=1;9@0=1;9@1=1;9@2=1;9@4=1;9@7=1;9@3=1;9@8=2,"0,1,2,4,5,7,9,6,3,8",109,59,0,59,0.0,0.0,0.0,0.0,0.0,0.0,0.0,0.0,"Feasible(status=11,gap=13.876511)"
1309,1308,0,0,0,-,0:4|8;1:5|7;2:5|7|8;3:5|6|8;4:7|9;5:0|1|8|9;6:8;7:0|3|4|5|6;8:3|4|5|8;9:0|7|8,0:-;1:-;2:-;3:-;4:-;5:-;6:-;7:-;8:-;9:-,0@0=1;0@1=3;0@2=2;0@3=2;0@4=2;0@5=1;0@6=1;0@7=2;2@1=2;2@2=4;2@3=3;2@4=1;2@5=3;2@6=2;2@7=2;2@9=1;3@1=2;3@2=2;3@3=1;3@4=2;3@5=4;3@6=1;4@1=3;4@2=3;4@3=1;4@5=3;4@6=4;4@9=1;4@8=2;5@0=1;5@1=2;5@2=1;5@4=2;6@0=1;6@1=2;6@2=4;6@3=1;6@4=6;6@6=3;6@8=2;7@1=1;7@2=2;7@3=1;7@4=1;7@5=1;7@6=1;8@0=1;8@1=2;8@2=1;8@4=1;8@5=1;8@8=1;9@0=4;9@1=3;9@2=3;9@4=1;9@5=1;9@6=2;9@9=1,"0,1,2,3,4,5,6,7,9,8",115,59,0,59,0.0,0.0,0.0,0.0,0.0,0.0,0.0,0.0,"Feasible(status=11,gap=13.876511)"
1310,1309,0,0,0,-,0:4|8;1:5|7;2:5|7|8;3:5|6|8;4:7|9;5:0|1|8|9;6:8;7:0|3|4|5|6;8:3|4|5|8;9:0|7|8,0:-;1:-;2:-;3:-;4:-;5:-;6:-;7:-;8:-;9:-,0@1=4;0@2=3;0@3=1;0@4=2;0@5=1;0@7=1;1@7=1;2@1=4;2@2=5;2@3=2;2@4=3;2@5=2;2@7=1;2@0=1;2@8=4;2@9=2;3@1=2;3@2=3;3@4=4;3@7=1;3@0=1;3@9=3;3@6=1;4@1=2;4@2=2;4@4=1;4@5=2;4@7=1;4@0=1;4@9=1;4@6=3;5@1=1;5@2=1;5@3=1;5@4=2;5@5=1;5@0=1;5@8=1;5@9=1;5@6=1;6@1=1;6@2=2;6@4=3;6@5=1;6@7=1;6@0=3;6@9=3;7@4=1;7@7=1;7@0=1;8@1=4;8@2=2;8@4=1;8@0=2;8@8=2;9@3=1;9@4=3;9@5=1;9@7=1;9@6=3,"1,2,3,4,5,7,0,8,9,6",112,60,0,60,0.0,0.0,0.0,0.0,0.0,0.0,0.0,0.0,"Feasible(status=11,gap=13.876511)"
1311,1310,0,0,0,-,0:4|8;1:5|7;2:5|7|8;3:5|6|8;4:7|9;5:0|1|8|9;6:8;7:0|3|4|5|6;8:3|4|5|8;9:0|7|8,0:-;1:-;2:-;3:-;4:-;5:-;6:-;7:-;8:-;9:-,0@0=1;0@1=2;0@2=3;0@3=1;0@4=1;0@8=1;2@0=1;2@1=1;2@2=1;2@3=1;2@8=1;2@5=1;2@6=2;2@7=1;3@4=1;3@8=2;3@6=1;4@1=1;4@2=2;4@4=1;4@5=3;4@9=1;5@1=1;5@3=2;5@4=1;5@6=1;6@1=3;6@2=1;6@3=1;6@4=2;6@8=1;6@5=2;6@7=1;6@9=2;7@8=1;7@6=2;7@7=2;8@4=2;8@8=1;9@0=1;9@1=2;9@2=1;9@4=2;9@8=1;9@5=2;9@6=2;9@7=1,"0,1,2,3,4,8,5,6,7,9",68,47,0,47,0.0,0.0,0.0,0.0,0.0,0.0,0.0,0.0,"Feasible(status=11,gap=13.876511)"
1312,1311,0,0,0,-,0:4|8;1:5|7;2:5|7|8;3:5|6|8;4:7|9;5:0|1|8|9;6:8;7:0|3|4|5|6;8:3|4|5|8;9:0|7|8,0:-;1:-;2:-;3:-;4:-;5:-;6:-;7:-;8:-;9:-,0@0=1;0@1=1;0@2=3;0@4=4;0@5=2;0@7=3;2@1=2;2@2=5;2@4=2;2@7=2;2@3=2;2@6=2;2@8=3;2@9=1;3@1=1;3@2=4;3@5=4;3@3=1;3@6=1;3@9=1;4@0=2;4@1=1;4@2=5;4@4=3;4@5=2;4@7=1;4@3=1;4@6=2;4@8=2;5@0=1;5@1=2;5@2=2;5@4=1;5@5=1;5@7=1;6@0=1;6@2=3;6@4=4;6@5=2;6@7=2;6@3=1;6@8=4;6@9=2;7@1=3;7@2=3;7@4=2;7@5=3;7@3=1;7@9=1;8@2=1;8@4=3;8@5=1;8@7=1;8@3=1;8@9=1;9@2=3;9@8=1,"0,1,2,4,5,7,3,6,8,9",116,57,0,57,0.0,0.0,0.0,0.0,0.0,0.0,0.0,0.0,"Feasible(status=11,gap=13.876511)"
1313,1312,0,0,0,-,0:4|8;1:5|7;2:5|7|8;3:5|6|8;4:7|9;5:0|1|8|9;6:8;7:0|3|4|5|6;8:3|4|5|8;9:0|7|8,0:-;1:-;2:-;3:-;4:-;5:-;6:-;7:-;8:-;9:-,0@0=2;0@1=4;0@2=4;0@4=3;0@5=3;0@6=1;0@7=3;1@2=1;2@0=4;2@1=1;2@2=7;2@4=8;2@5=2;2@6=1;2@7=4;2@8=3;3@0=2;3@1=2;3@2=3;3@4=2;3@6=1;3@7=1;3@3=1;4@1=4;4@2=3;4@4=8;4@5=4;4@6=5;4@7=2;4@8=1;4@9=2;5@0=1;5@1=2;5@2=2;5@5=1;5@6=1;5@7=1;5@8=4;6@0=2;6@1=3;6@2=8;6@4=2;6@6=3;6@7=2;6@8=1;6@9=2;7@1=1;7@4=2;7@5=1;7@7=2;7@8=1;8@0=1;8@1=3;8@2=4;8@5=1;8@6=1;8@7=1;8@3=1;9@1=5;9@2=4;9@4=1;9@5=1;9@6=2;9@8=1;9@3=1;9@9=2,"0,1,2,4,5,6,7,8,3,9",163,66,0,66,0.0,0.0,0.0,0.0,0.0,0.0,0.0,0.0,"Feasible(status=11,gap=13.876511)"
1314,1313,0,0,0,-,0:4|8;1:5|7;2:5|7|8;3:5|6|8;4:7|9;5:0|1|8|9;6:8;7:0|3|4|5|6;8:3|4|5|8;9:0|7|8,0:-;1:-;2:-;3:-;4:-;5:-;6:-;7:-;8:-;9:-,0@1=3;0@2=4;0@3=2;0@4=1;0@5=1;0@6=1;0@7=1;0@8=1;0@9=1;1@8=1;2@1=2;2@2=2;2@4=1;2@5=3;2@6=1;2@7=4;2@8=2;2@0=3;3@1=2;3@2=5;3@3=1;3@4=1;3@5=1;3@7=1;3@0=2;4@1=1;4@2=8;4@3=2;4@4=8;4@5=1;4@6=1;4@7=1;4@8=1;4@9=2;4@0=1;5@1=1;5@2=2;5@4=4;5@5=1;5@6=1;5@9=1;5@0=1;6@1=2;6@2=3;6@4=4;6@5=1;6@6=2;6@7=1;6@0=1;7@1=3;7@2=2;7@3=3;7@4=2;7@6=2;8@1=1;8@2=1;8@4=1;8@6=1;8@7=1;9@1=7;9@2=2;9@3=1;9@4=3;9@5=2;9@7=3;9@8=3;9@9=1,"1,2,3,4,5,6,7,8,9,0",137,67,0,67,0.0,0.0,0.0,0.0,0.0,0.0,0.0,0.0,"Feasible(status=11,gap=13.876511)"
1315,1314,0,0,0,-,0:4|8;1:5|7;2:5|7|8;3:5|6|8;4:7|9;5:0|1|8|9;6:8;7:0|3|4|5|6;8:3|4|5|8;9:0|7|8,0:-;1:-;2:-;3:-;4:-;5:-;6:-;7:-;8:-;9:-,0@1=1;0@2=3;0@3=1;0@5=2;0@6=1;0@7=1;0@8=2;1@2=1;2@1=1;2@2=4;2@3=1;2@5=1;2@6=1;2@8=2;2@0=3;2@4=3;2@9=1;3@1=1;3@2=3;3@3=1;3@5=1;3@7=2;3@8=1;3@4=2;4@1=2;4@2=6;4@3=2;4@5=1;4@7=3;4@8=1;4@0=1;5@1=4;5@2=3;5@7=1;5@4=5;5@9=2;6@1=3;6@2=4;6@3=1;6@5=3;6@6=3;6@7=3;6@8=1;6@4=7;6@9=2;7@0=1;8@1=1;8@2=1;8@3=1;8@5=2;8@8=1;8@0=1;8@9=2;9@1=1;9@2=2;9@6=1;9@7=2;9@8=1;9@4=4,"1,2,3,5,6,7,8,0,4,9",119,59,0,59,0.0,0.0,0.0,0.0,0.0,0.0,0.0,0.0,"Feasible(status=11,gap=13.876511)"
1316,1315,0,0,0,-,0:4|8;1:5|7;2:5|7|8;3:5|6|8;4:7|9;5:0|1|8|9;6:8;7:0|3|4|5|6;8:3|4|5|8;9:0|7|8,0:-;1:-;2:-;3:-;4:-;5:-;6:-;7:-;8:-;9:-,0@1=3;0@2=2;0@4=3;0@6=1;0@7=3;0@8=1;2@1=1;2@2=5;2@4=3;2@6=2;2@7=2;2@8=1;2@0=1;2@3=1;2@5=2;3@1=3;3@2=3;3@3=1;3@5=1;3@9=2;4@1=4;4@2=7;4@4=7;4@6=2;4@7=2;4@0=2;4@3=2;4@5=1;5@2=3;5@4=1;5@0=1;5@5=1;5@9=1;6@1=2;6@2=4;6@4=2;6@6=2;6@7=1;6@0=2;7@2=2;7@4=1;7@7=1;7@8=1;7@0=1;8@2=1;8@4=1;8@7=1;8@8=3;8@0=3;8@5=1;8@9=2;9@1=1;9@2=2;9@6=2;9@7=1;9@8=3;9@3=2;9@5=1;9@9=1,"1,2,4,6,7,8,0,3,5,9",119,59,0,59,0.0,0.0,0.0,0.0,0.0,0.0,0.0,0.0,"Feasible(status=11,gap=13.876511)"
1317,1316,0,0,0,-,0:4|8;1:5|7;2:5|7|8;3:5|6|8;4:7|9;5:0|1|8|9;6:8;7:0|3|4|5|6;8:3|4|5|8;9:0|7|8,0:-;1:-;2:-;3:-;4:-;5:-;6:-;7:-;8:-;9:-,0@1=1;0@2=2;0@4=1;0@5=1;0@7=1;0@8=1;0@9=2;1@5=1;1@8=1;2@2=4;2@4=1;2@5=1;2@7=1;2@8=1;2@0=3;2@3=1;3@1=1;3@2=3;3@5=2;3@7=2;3@8=2;3@9=1;3@0=1;3@6=2;4@1=2;4@2=5;4@4=4;4@5=3;4@7=1;4@8=3;4@9=1;4@0=2;4@3=1;5@2=6;5@4=2;5@5=6;5@7=1;5@8=3;5@3=1;6@1=4;6@4=5;6@7=1;6@8=4;6@9=2;6@0=4;6@3=4;6@6=2;7@2=1;7@4=1;7@7=1;7@8=1;8@2=2;8@4=1;8@8=1;8@0=1;8@3=1;8@6=1;9@1=2;9@2=3;9@4=3;9@5=1;9@7=4;9@8=1;9@6=2,"1,2,4,5,7,8,9,0,3,6",131,64,0,64,0.0,0.0,0.0,0.0,0.0,0.0,0.0,0.0,"Feasible(status=11,gap=13.876511)"
1318,1317,0,0,0,-,0:4|8;1:5|7;2:5|7|8;3:5|6|8;4:7|9;5:0|1|8|9;6:8;7:0|3|4|5|6;8:3|4|5|8;9:0|7|8,0:-;1:-;2:-;3:-;4:-;5:-;6:-;7:-;8:-;9:-,0@1=2;0@2=1;0@3=1;0@4=5;0@6=2;0@7=2;0@8=3;0@9=1;1@2=1;1@7=1;2@1=2;2@2=1;2@3=1;2@4=2;2@6=1;2@7=1;2@8=1;2@5=1;3@1=1;3@2=1;3@3=2;3@4=2;3@6=2;3@8=1;4@2=2;4@3=1;4@4=1;4@6=2;4@7=1;4@5=1;5@2=2;5@3=5;5@4=1;5@6=1;5@9=1;6@1=1;6@2=4;6@3=1;6@4=3;6@6=1;6@8=1;6@9=1;6@5=1;6@0=1;7@4=2;7@5=1;7@0=1;8@1=1;8@4=5;8@8=1;8@5=1;9@1=1;9@2=3;9@8=1,"1,2,3,4,6,7,8,9,5,0",87,54,0,54,0.0,0.0,0.0,0.0,0.0,0.0,0.0,0.0,"Feasible(status=11,gap=13.876511)"
1319,1318,0,0,0,-,0:4|8;1:5|7;2:5|7|8;3:5|6|8;4:7|9;5:0|1|8|9;6:8;7:0|3|4|5|6;8:3|4|5|8;9:0|7|8,0:-;1:-;2:-;3:-;4:-;5:-;6:-;7:-;8:-;9:-,0@0=1;0@1=1;0@2=5;0@4=5;0@5=1;0@8=2;2@0=2;2@2=2;2@4=1;2@5=1;2@8=3;2@3=1;2@7=2;2@9=3;3@1=3;3@2=1;3@4=1;3@8=3;3@7=1;3@6=1;4@0=1;4@1=2;4@2=2;4@4=3;4@8=1;4@7=2;4@9=2;4@6=1;5@0=2;5@1=5;5@2=1;5@4=1;5@5=2;5@7=2;5@6=2;6@0=2;6@2=3;6@4=2;6@5=1;6@8=1;6@7=3;6@9=3;6@6=1;7@2=1;8@0=2;8@1=1;8@2=2;8@4=1;8@8=1;9@0=1;9@2=2;9@4=5;9@5=1;9@8=1;9@3=1;9@9=3,"0,1,2,4,5,8,3,7,9,6",107,56,0,56,0.0,0.0,0.0,0.0,0.0,0.0,0.0,0.0,"Feasible(status=11,gap=13.876511)"
1320,1319,0,0,0,-,0:4|8;1:5|7;2:5|7|8;3:5|6|8;4:7|9;5:0|1|8|9;6:8;7:0|3|4|5|6;8:3|4|5|8;9:0|7|8,0:-;1:-;2:-;3:-;4:-;5:-;6:-;7:-;8:-;9:-,0@1=1;0@2=7;0@4=2;0@5=4;0@6=3;0@7=1;0@8=2;2@1=2;2@2=2;2@4=6;2@5=3;2@6=2;2@8=5;2@0=1;2@3=2;3@1=2;3@2=2;3@4=7;3@5=1;3@6=1;3@7=2;3@0=1;3@3=2;4@1=1;4@2=3;4@4=6;4@5=3;4@6=4;4@8=1;4@0=1;4@3=1;4@9=2;5@1=3;5@2=3;5@5=1;5@6=1;5@7=2;5@8=3;5@3=1;5@9=1;6@1=2;6@2=2;6@4=5;6@5=1;6@6=1;6@7=3;6@0=1;6@3=1;6@9=3;7@1=1;7@2=2;7@4=2;7@6=1;7@7=3;7@3=1;8@1=4;8@2=3;8@7=1;8@8=1;8@0=1;8@9=1;9@2=2;9@4=4;9@5=2;9@6=2;9@7=2;9@8=1;9@0=1;9@3=4;9@9=1,"1,2,4,5,6,7,8,0,3,9",157,70,0,70,0.0,0.0,0.0,0.0,0.0,0.0,0.0,0.0,"Feasible(status=11,gap=13.876511)"
1321,1320,0,0,0,-,0:4|8;1:5|7;2:5|7|8;3:5|6|8;4:7|9;5:0|1|8|9;6:8;7:0|3|4|5|6;8:3|4|5|8;9:0|7|8,0:-;1:-;2:-;3:-;4:-;5:-;6:-;7:-;8:-;9:-,0@0=1;0@2=1;0@3=1;0@4=4;0@5=1;0@6=3;0@7=1;0@9=2;1@5=1;2@2=3;2@3=3;2@4=3;2@6=1;2@1=2;2@8=1;3@2=2;3@3=1;3@4=2;3@5=1;3@6=1;3@7=1;3@9=2;3@1=2;3@8=2;4@0=2;4@2=5;4@4=4;4@5=2;4@6=2;4@7=1;4@9=4;4@1=1;4@8=1;5@0=2;5@2=8;5@3=1;5@4=2;5@5=2;5@6=2;5@1=1;5@8=3;6@2=4;6@3=2;6@4=2;6@5=1;6@6=1;6@7=2;6@9=1;6@1=2;6@8=4;7@2=1;7@4=2;7@5=1;7@9=1;7@8=1;8@0=1;8@4=3;8@9=1;8@8=1;9@2=3;9@3=1;9@4=5;9@5=2,"0,2,3,4,5,6,7,9,1,8",127,63,0,63,0.0,0.0,0.0,0.0,0.0,0.0,0.0,0.0,"Feasible(status=11,gap=13.876511)"
1322,1321,0,0,0,-,0:4|8;1:5|7;2:5|7|8;3:5|6|8;4:7|9;5:0|1|8|9;6:8;7:0|3|4|5|6;8:3|4|5|8;9:0|7|8,0:-;1:-;2:-;3:-;4:-;5:-;6:-;7:-;8:-;9:-,0@0=1;0@1=3;0@2=5;0@3=2;0@4=1;0@5=1;0@6=2;0@7=2;0@9=3;1@4=1;2@1=4;2@2=4;2@3=2;2@4=2;2@5=1;2@6=1;2@7=2;2@9=2;2@8=2;3@1=2;3@2=2;3@4=3;3@5=1;3@7=2;4@0=1;4@1=5;4@2=8;4@3=4;4@4=2;4@5=3;4@7=4;4@9=1;4@8=1;5@1=2;5@2=2;5@4=3;5@5=1;5@7=1;5@8=1;6@1=2;6@2=3;6@4=3;6@5=1;6@6=1;6@9=3;6@8=1;7@0=1;7@1=1;7@2=1;7@3=1;7@4=2;7@8=1;8@0=1;8@1=2;8@2=1;8@4=4;8@6=1;8@9=1;8@8=3;9@1=1;9@2=3;9@3=1;9@4=2;9@5=1;9@6=3;9@7=1;9@9=2,"0,1,2,3,4,5,6,7,9,8",138,67,0,67,0.0,0.0,0.0,0.0,0.0,0.0,0.0,0.0,"Feasible(status=11,gap=13.876511)"
1323,1322,0,0,0,-,0:4|8;1:5|7;2:5|7|8;3:5|6|8;4:7|9;5:0|1|8|9;6:8;7:0|3|4|5|6;8:3|4|5|8;9:0|7|8,0:-;1:-;2:-;3:-;4:-;5:-;6:-;7:-;8:-;9:-,0@0=1;0@1=4;0@2=4;0@4=1;0@7=1;0@8=1;1@1=1;2@0=3;2@1=2;2@2=3;2@4=6;2@7=1;2@8=1;2@3=1;2@5=2;2@6=2;2@9=3;3@1=2;3@2=4;3@4=3;3@3=1;3@5=1;3@9=1;4@0=1;4@1=3;4@2=4;4@4=3;4@7=2;4@8=3;4@3=1;4@5=1;4@6=4;5@1=5;5@2=3;5@4=3;5@8=2;5@6=2;5@9=1;6@0=1;6@1=2;6@2=4;6@4=1;6@3=2;7@1=1;7@2=1;7@4=1;7@7=1;7@5=1;7@9=1;8@0=1;8@2=4;8@4=1;8@7=2;8@8=2;8@6=2;9@0=1;9@1=1;9@2=4;9@4=1;9@3=1;9@5=1,"0,1,2,4,7,8,3,5,6,9",124,61,0,61,0.0,0.0,0.0,0.0,0.0,0.0,0.0,0.0,"Feasible(status=11,gap=13.876511)"
1324,1323,0,0,0,-,0:4|8;1:5|7;2:5|7|8;3:5|6|8;4:7|9;5:0|1|8|9;6:8;7:0|3|4|5|6;8:3|4|5|8;9:0|7|8,0:-;1:-;2:-;3:-;4:-;5:-;6:-;7:-;8:-;9:-,0@1=3;0@2=2;0@3=3;0@4=3;0@6=1;0@7=1;0@8=1;0@9=2;1@2=4;1@3=1;1@4=1;1@6=1;1@9=1;1@5=1;2@1=3;2@2=4;2@3=2;2@4=2;2@6=1;2@7=2;2@8=2;2@5=1;2@0=1;3@1=4;3@2=2;3@3=1;3@4=3;3@7=2;3@8=2;3@9=2;4@1=2;4@2=1;4@4=3;4@6=2;4@7=4;4@8=1;4@9=1;4@5=2;4@0=1;5@1=6;5@2=1;5@3=2;5@4=2;5@6=1;5@7=1;5@9=2;5@5=1;6@1=1;6@2=2;6@4=3;6@6=2;6@7=2;6@8=2;7@2=1;7@3=1;7@4=1;7@6=1;7@7=1;7@8=1;7@9=2;8@1=1;8@4=4;8@6=1;8@7=1;8@9=1;8@0=2;9@1=1;9@3=1;9@4=4;9@7=1;9@9=3;9@0=1,"1,2,3,4,6,7,8,9,5,0",133,72,0,72,0.0,0.0,0.0,0.0,0.0,0.0,0.0,0.0,"Feasible(status=11,gap=13.876511)"
1325,1324,0,0,0,-,0:4|8;1:5|7;2:5|7|8;3:5|6|8;4:7|9;5:0|1|8|9;6:8;7:0|3|4|5|6;8:3|4|5|8;9:0|7|8,0:-;1:-;2:-;3:-;4:-;5:-;6:-;7:-;8:-;9:-,0@0=1;0@1=2;0@2=2;0@4=1;0@5=2;0@8=1;1@1=2;1@2=1;1@4=2;1@7=1;1@9=1;2@0=1;2@1=3;2@2=5;2@4=1;2@5=1;2@8=2;2@3=2;2@6=3;3@0=2;3@1=2;3@4=1;3@9=1;3@3=1;3@6=1;4@0=2;4@1=2;4@2=4;4@8=1;4@3=1;4@6=2;5@1=1;5@2=1;5@4=1;5@5=1;5@3=1;6@1=1;6@7=1;6@6=3;7@2=2;7@4=1;7@8=1;7@9=1;7@6=1;8@1=1;8@2=2;8@4=2;8@8=1;8@7=1;8@3=1;9@0=1;9@2=3;9@4=3;9@7=1;9@9=1;9@3=1,"0,1,2,4,5,8,7,9,3,6",88,56,0,56,0.0,0.0,0.0,0.0,0.0,0.0,0.0,0.0,"Feasible(status=11,gap=13.876511)"
1326,1325,0,0,0,-,0:4|8;1:5|7;2:5|7|8;3:5|6|8;4:7|9;5:0|1|8|9;6:8;7:0|3|4|5|6;8:3|4|5|8;9:0|7|8,0:-;1:-;2:-;3:-;4:-;5:-;6:-;7:-;8:-;9:-,0@0=1;0@4=3;0@6=1;0@8=1;0@9=1;1@4=2;1@6=1;1@8=2;1@9=1;1@1=3;1@2=6;1@3=3;2@0=3;2@4=1;2@6=3;2@8=1;2@9=2;2@2=2;2@5=3;2@7=1;3@4=1;3@9=1;3@1=2;3@2=4;3@3=1;3@5=3;4@0=1;4@4=2;4@6=3;4@8=3;4@9=1;4@1=5;4@2=3;4@5=2;5@0=2;5@4=5;5@6=2;5@1=1;5@2=4;5@3=1;6@0=3;6@4=4;6@6=2;6@9=3;6@1=3;6@2=3;6@3=1;7@4=1;7@8=2;7@9=1;7@1=1;7@2=1;7@7=1;8@4=1;8@8=1;8@9=1;8@1=1;8@2=1;8@7=1;9@0=3;9@4=2;9@9=3;9@1=2;9@2=2;9@7=1,"0,4,6,8,9,1,2,3,5,7",133,65,0,65,0.0,0.0,0.0,0.0,0.0,0.0,0.0,0.0,"Feasible(status=11,gap=13.876511)"
1327,1326,0,0,0,-,0:4|8;1:5|7;2:5|7|8;3:5|6|8;4:7|9;5:0|1|8|9;6:8;7:0|3|4|5|6;8:3|4|5|8;9:0|7|8,0:-;1:-;2:-;3:-;4:-;5:-;6:-;7:-;8:-;9:-,0@1=2;0@2=4;0@4=5;0@5=1;0@7=2;1@2=2;1@7=2;1@0=3;1@3=2;1@9=1;2@1=2;2@2=2;2@4=5;2@5=1;2@7=2;2@3=1;2@9=1;2@6=2;3@1=1;3@2=4;3@4=2;3@5=2;3@9=1;3@6=2;3@8=3;4@1=1;4@2=3;4@4=1;4@5=2;4@3=2;4@9=1;4@6=3;4@8=1;5@1=4;5@2=1;5@4=6;5@7=1;5@3=2;5@9=2;6@1=2;6@2=1;6@4=2;6@7=2;6@0=3;6@3=3;6@8=2;7@1=1;7@2=1;7@4=6;7@5=1;7@3=2;7@8=1;8@2=1;8@4=2;8@5=1;8@7=1;8@6=1;8@8=1;9@1=2;9@2=4;9@4=4;9@7=2;9@0=1;9@3=4;9@6=2,"1,2,4,5,7,0,3,9,6,8",138,65,0,65,0.0,0.0,0.0,0.0,0.0,0.0,0.0,0.0,"Feasible(status=11,gap=13.876511)"
1328,1327,0,0,0,-,0:4|8;1:5|7;2:5|7|8;3:5|6|8;4:7|9;5:0|1|8|9;6:8;7:0|3|4|5|6;8:3|4|5|8;9:0|7|8,0:-;1:-;2:-;3:-;4:-;5:-;6:-;7:-;8:-;9:-,0@1=4;0@2=3;0@4=1;0@5=3;0@8=2;0@9=1;1@1=4;1@2=3;1@4=3;1@0=1;1@3=1;1@6=2;1@7=3;2@1=1;2@2=2;2@4=6;2@5=1;2@0=1;2@6=2;2@7=1;3@1=1;3@2=5;3@4=2;3@5=2;3@8=1;3@9=4;3@0=1;3@6=2;4@1=4;4@2=2;4@4=5;4@5=1;4@8=1;4@9=2;4@0=4;4@3=1;4@6=2;4@7=1;5@1=1;5@2=3;5@4=5;5@8=3;5@3=3;6@1=1;6@2=3;6@4=6;6@5=4;6@8=1;6@9=1;6@0=1;6@3=3;6@6=3;7@1=1;7@5=2;7@0=1;7@3=1;7@7=1;8@2=1;8@5=1;8@0=2;8@7=1;9@1=3;9@2=5;9@4=1;9@5=2;9@8=2;9@9=1;9@0=2;9@3=1;9@7=1,"1,2,4,5,8,9,0,3,6,7",153,70,0,70,0.0,0.0,0.0,0.0,0.0,0.0,0.0,0.0,"Feasible(status=11,gap=13.876511)"
1329,1328,0,0,0,-,0:4|8;1:5|7;2:5|7|8;3:5|6|8;4:7|9;5:0|1|8|9;6:8;7:0|3|4|5|6;8:3|4|5|8;9:0|7|8,0:-;1:-;2:-;3:-;4:-;5:-;6:-;7:-;8:-;9:-,0@0=3;0@1=1;0@2=3;0@3=1;0@4=2;0@7=3;1@2=2;1@4=1;1@5=1;1@9=1;2@0=2;2@2=3;2@3=1;2@4=3;2@9=1;3@2=2;3@3=2;3@4=5;3@5=2;3@8=1;4@0=2;4@1=5;4@2=1;4@4=1;4@7=3;4@5=1;4@9=4;4@8=1;4@6=2;5@1=1;5@2=1;5@3=2;5@4=2;5@7=1;5@5=2;6@0=2;6@1=2;6@2=1;6@3=4;6@4=2;6@7=1;6@5=4;6@8=2;6@6=1;7@1=3;7@2=1;7@4=2;7@7=1;7@9=1;7@8=1;7@6=1;8@0=2;8@1=2;8@2=4;8@7=1;8@5=1;8@8=1;8@6=3;9@0=2;9@1=3;9@2=1;9@3=1;9@5=1;9@9=2;9@6=1,"0,1,2,3,4,7,5,9,8,6",123,65,0,65,0.0,0.0,0.0,0.0,0.0,0.0,0.0,0.0,"Feasible(status=11,gap=13.876511)"
1330,1329,0,0,0,-,0:4|8;1:5|7;2:5|7|8;3:5|6|8;4:7|9;5:0|1|8|9;6:8;7:0|3|4|5|6;8:3|4|5|8;9:0|7|8,0:-;1:-;2:-;3:-;4:-;5:-;6:-;7:-;8:-;9:-,0@1=3;0@2=3;0@3=1;0@4=6;0@6=1;0@7=3;0@8=1;1@1=1;1@2=2;1@4=2;1@6=2;1@0=1;1@5=4;2@1=5;2@2=3;2@4=1;2@8=1;2@5=1;2@9=3;3@1=2;3@2=3;3@3=2;3@4=4;3@6=1;3@0=1;4@1=2;4@2=3;4@3=2;4@4=5;4@6=2;4@8=2;4@0=2;5@1=2;5@2=3;5@4=1;5@7=1;5@8=3;5@0=1;5@5=2;5@9=1;6@1=4;6@2=1;6@3=1;6@4=2;6@6=1;6@7=1;6@8=2;6@0=3;6@9=1;7@1=1;7@2=1;7@4=3;7@0=3;8@1=1;8@4=2;8@8=2;8@0=2;8@9=1;9@1=1;9@2=3;9@3=1;9@4=2;9@0=2,"1,2,3,4,6,7,8,0,5,9",130,63,0,63,0.0,0.0,0.0,0.0,0.0,0.0,0.0,0.0,"Feasible(status=11,gap=13.876511)"
1331,1330,0,0,0,-,0:4|8;1:5|7;2:5|7|8;3:5|6|8;4:7|9;5:0|1|8|9;6:8;7:0|3|4|5|6;8:3|4|5|8;9:0|7|8,0:-;1:-;2:-;3:-;4:-;5:-;6:-;7:-;8:-;9:-,0@0=1;0@1=1;0@2=3;0@4=4;0@5=1;0@6=2;0@7=1;1@0=3;1@1=2;1@2=1;1@4=1;1@5=3;1@3=1;2@0=1;2@1=1;2@2=2;2@5=3;2@6=1;2@7=1;2@3=4;2@9=1;3@0=2;3@1=2;3@2=1;3@5=1;3@3=2;3@8=1;4@0=3;4@2=3;4@4=3;4@5=1;4@6=2;4@3=3;4@9=1;4@8=1;5@1=1;5@2=1;5@3=2;5@8=3;6@0=1;6@1=2;6@2=5;6@4=4;6@5=1;6@6=2;6@7=1;6@3=1;6@9=1;7@0=1;7@1=2;7@4=1;7@5=1;7@6=1;7@9=1;8@1=1;8@2=2;8@4=1;8@7=2;8@9=2;9@1=2;9@4=3;9@5=2;9@6=1;9@8=1,"0,1,2,4,5,6,7,3,9,8",113,64,0,64,0.0,0.0,0.0,0.0,0.0,0.0,0.0,0.0,"Feasible(status=11,gap=13.876511)"
1332,1331,0,0,0,-,0:4|8;1:5|7;2:5|7|8;3:5|6|8;4:7|9;5:0|1|8|9;6:8;7:0|3|4|5|6;8:3|4|5|8;9:0|7|8,0:-;1:-;2:-;3:-;4:-;5:-;6:-;7:-;8:-;9:-,0@0=1;0@1=3;0@3=1;0@4=4;0@6=1;0@7=2;0@9=2;1@9=1;2@0=1;2@1=2;2@3=1;2@4=2;2@6=1;2@7=1;2@9=2;2@2=1;3@1=1;3@4=3;3@6=2;3@5=2;4@0=2;4@4=1;4@7=1;4@9=1;4@2=2;4@8=1;5@0=2;5@1=1;5@4=1;5@6=1;5@7=2;5@2=2;5@8=1;6@0=1;6@1=3;6@4=1;6@6=1;6@9=1;6@2=1;6@8=1;7@3=5;7@7=1;7@9=1;7@5=2;8@7=1;8@9=1;8@2=1;8@5=1;9@0=1;9@1=1;9@2=1;9@8=1,"0,1,3,4,6,7,9,2,5,8",78,52,0,52,0.0,0.0,0.0,0.0,0.0,0.0,0.0,0.0,"Feasible(status=11,gap=13.876511)"
1333,1332,0,0,0,-,0:4|8;1:5|7;2:5|7|8;3:5|6|8;4:7|9;5:0|1|8|9;6:8;7:0|3|4|5|6;8:3|4|5|8;9:0|7|8,0:-;1:-;2:-;3:-;4:-;5:-;6:-;7:-;8:-;9:-,0@1=1;0@2=1;0@4=1;0@6=2;0@8=2;0@9=2;1@1=2;1@4=1;1@6=1;1@9=2;1@0=2;2@1=2;2@2=4;2@4=2;2@6=3;2@8=2;2@5=1;2@7=1;3@2=1;3@4=1;4@2=1;4@4=1;4@0=1;4@5=2;4@7=1;4@3=2;5@1=2;5@2=3;5@4=1;5@6=2;5@8=1;5@9=1;5@0=2;5@5=1;5@7=1;6@1=2;6@2=3;6@4=4;6@6=2;6@5=1;6@7=3;6@3=1;7@2=2;7@9=1;7@5=1;7@7=1;8@1=1;8@2=2;8@4=2;8@6=1;8@0=1;8@7=1;8@3=1;9@1=1;9@2=3;9@4=1;9@6=1;9@9=1;9@0=2;9@5=1;9@3=1,"1,2,4,6,8,9,0,5,7,3",97,61,0,61,0.0,0.0,0.0,0.0,0.0,0.0,0.0,0.0,"Feasible(status=11,gap=13.876511)"
1334,1333,0,0,0,-,0:4|8;1:5|7;2:5|7|8;3:5|6|8;4:7|9;5:0|1|8|9;6:8;7:0|3|4|5|6;8:3|4|5|8;9:0|7|8,0:-;1:-;2:-;3:-;4:-;5:-;6:-;7:-;8:-;9:-,0@0=2;0@2=1;0@3=2;0@4=4;0@6=1;1@4=1;1@7=1;1@8=2;1@9=1;2@2=1;2@3=1;2@6=2;2@1=3;2@5=2;3@0=1;3@4=2;3@8=3;3@9=1;3@5=2;4@2=3;4@3=2;4@4=2;4@6=1;4@1=2;5@0=1;5@2=2;5@3=2;5@4=4;5@8=1;5@1=1;5@5=1;6@0=2;6@2=4;6@3=3;6@4=2;6@6=2;6@7=1;6@8=1;6@9=1;6@1=3;6@5=1;7@2=1;7@3=1;7@4=3;7@7=2;7@8=1;7@9=1;7@1=2;8@2=1;8@4=1;8@7=2;8@9=1;8@1=1;8@5=1;9@2=3;9@3=1;9@4=1;9@8=1;9@5=2,"0,2,3,4,6,7,8,9,1,5",101,59,0,59,0.0,0.0,0.0,0.0,0.0,0.0,0.0,0.0,"Feasible(status=11,gap=13.876511)"
1335,1334,0,0,0,-,0:4|8;1:5|7;2:5|7|8;3:5|6|8;4:7|9;5:0|1|8|9;6:8;7:0|3|4|5|6;8:3|4|5|8;9:0|7|8,0:-;1:-;2:-;3:-;4:-;5:-;6:-;7:-;8:-;9:-,0@1=2;0@2=3;0@4=1;0@5=1;0@6=1;0@7=1;0@8=1;1@2=2;1@4=4;1@5=1;2@1=1;2@2=2;2@4=9;2@5=1;2@6=2;2@8=4;2@0=2;2@3=1;2@9=1;3@1=2;3@2=3;3@4=2;3@5=1;3@7=1;3@8=2;3@3=1;3@9=2;4@1=7;4@2=6;4@4=2;4@7=1;4@8=1;4@0=2;4@3=1;5@1=3;5@2=1;5@4=3;5@6=1;5@7=2;5@8=1;5@0=4;5@3=3;5@9=1;6@1=3;6@2=4;6@4=4;6@5=1;6@6=1;6@7=3;6@8=2;6@0=2;6@3=4;6@9=1;7@1=2;7@2=5;7@4=3;7@5=4;7@7=1;7@3=1;8@1=1;8@2=1;8@4=1;8@5=3;8@7=1;8@9=1;9@1=1;9@2=2;9@4=4;9@5=3;9@7=1;9@8=2;9@3=1;9@9=1,"1,2,4,5,6,7,8,0,3,9",157,73,0,73,0.0,0.0,0.0,0.0,0.0,0.0,0.0,0.0,"Feasible(status=11,gap=13.876511)"
1336,1335,0,0,0,-,0:4|8;1:5|7;2:5|7|8;3:5|6|8;4:7|9;5:0|1|8|9;6:8;7:0|3|4|5|6;8:3|4|5|8;9:0|7|8,0:-;1:-;2:-;3:-;4:-;5:-;6:-;7:-;8:-;9:-,0@0=2;0@1=5;0@2=3;0@4=3;0@5=2;0@7=2;1@1=1;1@2=2;1@4=1;1@7=1;1@6=2;1@9=3;2@0=1;2@1=2;2@2=2;2@4=5;2@5=2;2@7=1;2@6=3;2@9=2;2@3=1;2@8=1;3@0=2;3@1=4;3@2=1;3@4=6;3@7=1;3@6=1;3@9=2;4@0=1;4@1=4;4@2=7;4@4=7;4@5=1;4@6=2;4@9=1;5@1=2;5@2=2;5@4=6;5@5=1;5@7=2;5@6=1;5@9=3;5@3=1;6@1=1;6@2=2;6@5=2;6@6=5;6@9=3;6@8=2;7@1=2;7@2=1;7@4=1;7@5=1;7@3=1;8@2=6;8@4=2;8@5=1;8@7=2;8@9=3;8@3=1;9@0=1;9@1=4;9@2=3;9@4=1;9@5=2;9@7=2;9@6=2,"0,1,2,4,5,7,6,9,3,8",156,68,0,68,0.0,0.0,0.0,0.0,0.0,0.0,0.0,0.0,"Feasible(status=11,gap=13.876511)"
1337,1336,0,0,0,-,0:4|8;1:5|7;2:5|7|8;3:5|6|8;4:7|9;5:0|1|8|9;6:8;7:0|3|4|5|6;8:3|4|5|8;9:0|7|8,0:-;1:-;2:-;3:-;4:-;5:-;6:-;7:-;8:-;9:-,0@1=5;0@4=3;0@5=1;0@6=2;0@8=1;1@4=4;1@5=1;1@2=2;1@7=3;1@9=2;2@1=2;2@4=8;2@6=2;2@8=6;2@2=1;2@9=2;2@0=1;3@1=3;3@4=3;3@6=1;3@8=1;3@7=2;3@9=1;3@3=2;4@1=3;4@4=3;4@5=1;4@2=1;4@7=2;4@0=1;5@4=2;5@5=1;5@6=3;5@2=1;5@7=2;5@3=1;6@1=2;6@4=2;6@6=1;6@8=2;6@2=4;6@7=2;6@9=1;7@1=1;7@2=1;7@7=1;7@3=1;8@4=3;8@5=1;8@6=1;8@2=2;8@7=2;8@9=3;9@4=5;9@5=1;9@6=3;9@8=2;9@2=4;9@7=1;9@9=2;9@0=1,"1,4,5,6,8,2,7,9,0,3",129,61,0,61,0.0,0.0,0.0,0.0,0.0,0.0,0.0,0.0,"Feasible(status=11,gap=13.876511)"
1338,1337,0,0,0,-,0:4|8;1:5|7;2:5|7|8;3:5|6|8;4:7|9;5:0|1|8|9;6:8;7:0|3|4|5|6;8:3|4|5|8;9:0|7|8,0:-;1:-;2:-;3:-;4:-;5:-;6:-;7:-;8:-;9:-,0@0=1;0@1=4;0@2=2;0@3=1;0@4=4;0@6=2;1@1=2;1@2=3;1@3=1;1@4=2;1@6=3;1@5=2;1@7=1;1@8=1;1@9=1;2@0=1;2@1=2;2@2=5;2@3=1;2@4=3;2@5=1;2@7=1;2@8=2;3@0=1;3@4=2;3@6=1;3@5=1;4@0=1;4@1=4;4@2=2;4@3=2;4@4=1;4@5=1;4@7=1;4@8=2;4@9=2;5@1=1;5@2=4;5@4=2;5@5=1;5@8=2;6@0=1;6@1=1;6@2=1;6@3=2;6@4=2;6@5=1;6@7=2;6@8=1;6@9=1;7@1=2;7@2=2;7@3=1;7@4=3;7@6=1;7@7=2;8@0=1;8@1=1;8@2=2;8@3=2;8@4=2;8@6=1;8@7=1;9@0=2;9@1=2;9@2=4;9@3=2;9@4=2;9@5=1;9@9=1,"0,1,2,3,4,6,5,7,8,9",124,70,0,70,0.0,0.0,0.0,0.0,0.0,0.0,0.0,0.0,"Feasible(status=11,gap=13.876511)"
1339,1338,0,0,0,-,0:4|8;1:5|7;2:5|7|8;3:5|6|8;4:7|9;5:0|1|8|9;6:8;7:0|3|4|5|6;8:3|4|5|8;9:0|7|8,0:-;1:-;2:-;3:-;4:-;5:-;6:-;7:-;8:-;9:-,0@0=1;0@2=2;0@3=1;0@4=1;0@6=1;0@7=1;1@2=2;1@7=2;1@1=1;1@8=1;2@2=7;2@4=3;2@6=2;2@8=1;3@4=2;3@6=1;3@1=1;3@5=1;3@9=2;4@0=1;4@2=4;4@3=1;4@4=3;4@1=1;4@8=1;4@5=1;4@9=1;5@0=2;5@2=1;5@4=5;5@6=3;5@1=2;5@8=1;5@9=1;6@0=2;6@2=2;6@3=1;6@4=1;6@6=2;6@7=1;6@1=1;6@8=2;6@5=2;6@9=1;7@2=1;7@4=2;8@0=1;8@2=3;8@4=1;8@6=2;9@0=1;9@2=1;9@3=1;9@4=7;9@1=4;9@8=3;9@9=1,"0,2,3,4,6,7,1,8,5,9",104,57,0,57,0.0,0.0,0.0,0.0,0.0,0.0,0.0,0.0,"Feasible(status=11,gap=13.876511)"
1340,1339,0,0,0,-,0:4|8;1:5|7;2:5|7|8;3:5|6|8;4:7|9;5:0|1|8|9;6:8;7:0|3|4|5|6;8:3|4|5|8;9:0|7|8,0:-;1:-;2:-;3:-;4:-;5:-;6:-;7:-;8:-;9:-,0@0=1;0@1=2;0@2=2;0@3=2;0@6=1;0@7=2;0@8=3;0@9=3;1@0=1;1@2=2;1@6=1;1@7=2;1@8=1;1@4=4;2@0=1;2@1=1;2@2=5;2@3=1;2@6=1;2@7=3;2@8=1;2@9=4;2@4=5;2@5=1;3@1=2;3@2=3;3@7=3;3@8=4;3@9=2;4@1=2;4@2=3;4@3=1;4@6=1;4@7=1;4@8=2;4@9=2;4@4=7;5@1=1;5@2=3;5@6=2;5@4=1;6@1=3;6@2=3;6@8=1;6@9=2;6@4=2;6@5=1;7@0=2;7@9=1;7@4=1;7@5=1;8@1=1;8@2=1;8@6=1;8@7=1;8@9=2;8@4=1;9@0=2;9@2=1;9@3=2;9@6=1;9@7=1;9@8=1;9@9=1;9@4=2;9@5=1,"0,1,2,3,6,7,8,9,4,5",126,66,0,66,0.0,0.0,0.0,0.0,0.0,0.0,0.0,0.0,"Feasible(status=11,gap=13.876511)"
1341,1340,0,0,0,-,0:4|8;1:5|7;2:5|7|8;3:5|6|8;4:7|9;5:0|1|8|9;6:8;7:0|3|4|5|6;8:3|4|5|8;9:0|7|8,0:-;1:-;2:-;3:-;4:-;5:-;6:-;7:-;8:-;9:-,0@0=1;0@2=3;0@4=5;0@5=2;0@6=1;0@7=2;0@8=1;1@2=1;1@4=5;1@5=1;1@7=1;1@1=2;1@9=1;2@0=2;2@4=3;2@6=1;2@7=4;2@8=1;2@1=2;2@9=1;2@3=1;3@0=2;3@2=2;3@4=4;3@5=1;3@1=2;3@9=2;3@3=1;4@0=2;4@2=3;4@4=1;4@5=1;4@6=1;4@8=4;4@1=1;4@9=1;4@3=1;5@0=2;5@2=3;5@4=5;5@5=3;5@8=1;5@1=2;6@0=3;6@2=3;6@5=2;6@6=1;6@7=1;6@8=1;6@1=3;6@9=1;6@3=1;7@0=1;7@2=1;7@5=1;7@6=1;7@1=1;7@9=1;7@3=1;8@0=2;8@2=1;8@4=3;8@5=2;8@6=1;8@1=3;8@9=2;8@3=2;9@2=2;9@4=7;9@5=1;9@7=1;9@1=1;9@9=1;9@3=2,"0,2,4,5,6,7,8,1,9,3",140,74,0,74,0.0,0.0,0.0,0.0,0.0,0.0,0.0,0.0,"Feasible(status=11,gap=13.876511)"
1342,1341,0,0,0,-,0:4|8;1:5|7;2:5|7|8;3:5|6|8;4:7|9;5:0|1|8|9;6:8;7:0|3|4|5|6;8:3|4|5|8;9:0|7|8,0:-;1:-;2:-;3:-;4:-;5:-;6:-;7:-;8:-;9:-,0@0=1;0@1=2;0@2=1;0@3=1;0@4=5;0@5=1;0@6=4;0@7=1;0@9=3;1@0=1;1@1=2;1@2=3;1@3=1;1@4=2;1@5=1;1@6=1;1@7=2;1@9=2;2@0=3;2@1=4;2@2=1;2@3=3;2@4=4;2@8=2;3@0=5;3@2=3;3@4=4;3@5=1;3@6=1;3@7=4;3@9=3;4@0=2;4@1=2;4@2=2;4@3=1;4@4=3;4@5=1;4@6=2;4@7=2;4@9=2;4@8=2;5@2=4;5@4=1;5@5=1;5@7=2;5@9=2;6@0=1;6@1=2;6@2=5;6@3=2;6@4=4;6@5=1;6@7=3;6@9=2;6@8=2;7@0=2;7@1=2;7@2=1;7@4=2;7@5=1;7@8=3;8@0=1;8@1=1;8@2=2;8@3=1;8@4=2;8@5=1;9@0=2;9@1=1;9@3=2;9@4=5;9@5=4;9@6=1;9@7=3,"0,1,2,3,4,5,6,7,9,8",160,74,0,74,0.0,0.0,0.0,0.0,0.0,0.0,0.0,0.0,"Feasible(status=11,gap=13.876511)"
1343,1342,0,0,0,-,0:4|8;1:5|7;2:5|7|8;3:5|6|8;4:7|9;5:0|1|8|9;6:8;7:0|3|4|5|6;8:3|4|5|8;9:0|7|8,0:-;1:-;2:-;3:-;4:-;5:-;6:-;7:-;8:-;9:-,0@0=4;0@2=1;0@4=2;0@5=2;0@7=1;0@9=2;1@2=4;1@4=2;1@5=1;1@9=1;1@1=3;1@6=1;1@8=2;2@0=2;2@2=4;2@4=5;2@5=2;2@9=1;2@1=3;3@2=8;3@4=1;3@7=1;3@9=1;3@1=4;3@6=1;3@3=2;4@2=1;4@4=4;4@5=2;4@7=1;4@1=4;4@6=5;4@8=2;5@2=2;5@4=3;5@9=1;5@1=1;5@6=1;5@8=1;5@3=1;6@0=1;6@2=2;6@4=5;6@5=1;6@7=2;6@9=1;6@1=3;6@6=3;6@8=2;7@0=1;7@2=1;7@4=2;7@7=2;7@9=1;7@1=1;7@6=1;7@3=1;8@2=1;8@4=1;8@7=1;8@8=1;8@3=1;9@0=3;9@2=1;9@4=4;9@7=1;9@9=4;9@1=4;9@3=1,"0,2,4,5,7,9,1,6,8,3",143,69,0,69,0.0,0.0,0.0,0.0,0.0,0.0,0.0,0.0,"Feasible(status=11,gap=13.876511)"
1344,1343,0,0,0,-,0:4|8;1:5|7;2:5|7|8;3:5|6|8;4:7|9;5:0|1|8|9;6:8;7:0|3|4|5|6;8:3|4|5|8;9:0|7|8,0:-;1:-;2:-;3:-;4:-;5:-;6:-;7:-;8:-;9:-,0@1=1;0@2=3;0@4=2;0@7=1;0@8=1;0@9=1;1@1=1;1@2=1;1@4=1;1@8=1;1@0=3;1@5=1;2@1=3;2@2=2;2@4=3;2@9=1;2@5=3;2@3=1;3@1=1;3@2=7;3@4=3;3@8=1;3@9=1;3@0=1;3@5=2;3@3=1;3@6=4;4@1=4;4@2=4;4@4=1;4@7=3;4@8=1;4@9=2;4@0=1;4@3=1;4@6=1;5@1=1;5@2=4;5@4=2;5@7=1;5@9=1;5@0=1;5@5=1;6@1=1;6@2=2;6@4=2;6@7=2;6@9=3;6@5=3;6@3=1;7@1=1;7@7=1;7@8=1;7@0=1;7@3=1;8@2=2;8@9=1;8@5=2;8@6=1;9@1=3;9@4=3;9@7=3;9@8=1;9@9=3;9@0=3;9@5=2;9@3=1;9@6=1,"1,2,4,7,8,9,0,5,3,6",125,68,0,68,0.0,0.0,0.0,0.0,0.0,0.0,0.0,0.0,"Feasible(status=11,gap=13.876511)"
1345,1344,0,0,0,-,0:4|8;1:5|7;2:5|7|8;3:5|6|8;4:7|9;5:0|1|8|9;6:8;7:0|3|4|5|6;8:3|4|5|8;9:0|7|8,0:-;1:-;2:-;3:-;4:-;5:-;6:-;7:-;8:-;9:-,0@1=1;0@2=3;0@4=3;0@6=2;0@9=1;1@2=2;1@4=1;1@9=1;1@0=1;1@3=1;1@7=1;2@1=1;2@2=3;2@4=6;2@6=1;2@9=2;2@0=1;2@3=1;2@7=1;3@1=1;3@2=2;3@4=4;3@6=2;3@9=1;3@0=2;3@3=1;3@7=1;3@5=1;3@8=2;4@2=1;4@4=1;4@9=5;4@0=3;4@3=4;4@5=3;4@8=4;5@1=2;5@2=3;5@4=1;5@9=1;5@0=2;5@3=1;5@7=2;5@5=1;5@8=2;6@1=2;6@2=3;6@4=3;6@9=6;6@3=2;6@5=2;7@2=3;7@4=2;7@3=1;7@7=1;7@5=3;8@1=2;8@2=1;8@4=2;8@9=1;8@0=1;8@7=1;9@1=3;9@2=3;9@4=3;9@9=2;9@0=3;9@5=1,"1,2,4,6,9,0,3,7,5,8",137,68,0,68,0.0,0.0,0.0,0.0,0.0,0.0,0.0,0.0,"Feasible(status=11,gap=13.876511)"
1346,1345,0,0,0,-,0:4|8;1:5|7;2:5|7|8;3:5|6|8;4:7|9;5:0|1|8|9;6:8;7:0|3|4|5|6;8:3|4|5|8;9:0|7|8,0:-;1:-;2:-;3:-;4:-;5:-;6:-;7:-;8:-;9:-,0@0=3;0@1=3;0@3=1;0@4=4;0@6=1;0@7=1;1@0=3;1@1=1;1@4=2;1@2=1;1@5=2;1@8=1;1@9=2;2@1=3;2@4=4;2@7=1;2@2=4;2@9=2;3@0=2;3@1=1;3@3=3;3@4=1;3@6=1;3@7=1;3@2=2;3@8=1;3@9=1;4@1=2;4@3=1;4@4=4;4@6=2;4@7=2;4@2=4;4@5=3;4@8=1;5@1=1;5@3=1;5@6=1;5@7=3;5@2=2;5@5=1;5@8=1;5@9=1;6@0=2;6@1=1;6@3=1;6@4=1;6@6=3;6@7=1;6@2=2;6@9=2;7@0=1;7@4=1;7@6=2;7@7=4;8@0=2;8@1=1;8@3=1;8@4=2;8@7=1;8@2=4;8@9=1;9@1=4;9@4=3;9@6=1;9@2=1;9@5=1;9@8=4;9@9=1,"0,1,3,4,6,7,2,5,8,9",130,69,0,69,0.0,0.0,0.0,0.0,0.0,0.0,0.0,0.0,"Feasible(status=11,gap=13.876511)"
1347,1346,0,0,0,-,0:4|8;1:5|7;2:5|7|8;3:5|6|8;4:7|9;5:0|1|8|9;6:8;7:0|3|4|5|6;8:3|4|5|8;9:0|7|8,0:-;1:-;2:-;3:-;4:-;5:-;6:-;7:-;8:-;9:-,0@2=1;0@4=2;0@5=3;0@6=1;0@7=1;0@8=1;0@9=2;1@2=1;1@4=2;1@1=1;2@2=3;2@4=2;2@5=1;2@6=3;2@7=1;2@8=1;2@1=2;2@0=1;2@3=3;3@2=2;3@4=4;3@5=1;3@8=1;3@9=2;3@1=2;4@2=4;4@4=1;4@6=2;4@8=2;4@9=3;4@1=3;4@0=1;5@2=1;5@4=1;5@6=2;5@8=1;5@1=1;5@0=2;5@3=2;6@2=2;6@4=4;6@6=1;6@8=1;6@9=1;6@1=2;6@0=3;7@4=2;7@6=1;7@7=1;7@0=1;8@2=3;8@4=2;8@5=1;8@1=1;8@0=1;8@3=1;9@2=2;9@4=1;9@6=2;9@8=1,"2,4,5,6,7,8,9,1,0,3",104,60,0,60,0.0,0.0,0.0,0.0,0.0,0.0,0.0,0.0,"Feasible(status=11,gap=13.876511)"
1348,1347,0,0,0,-,0:4|8;1:5|7;2:5|7|8;3:5|6|8;4:7|9;5:0|1|8|9;6:8;7:0|3|4|5|6;8:3|4|5|8;9:0|7|8,0:-;1:-;2:-;3:-;4:-;5:-;6:-;7:-;8:-;9:-,0@0=3;0@1=2;0@2=2;0@3=1;0@4=1;0@5=2;0@6=2;0@7=1;0@8=3;1@2=7;1@3=1;1@5=1;1@6=2;1@7=1;1@8=4;1@9=2;2@0=2;2@1=4;2@2=8;2@4=6;2@5=1;2@6=2;2@8=1;2@9=2;3@0=1;3@1=2;3@2=5;3@3=4;3@4=2;3@5=2;3@6=1;3@7=1;3@8=1;4@1=3;4@2=5;4@3=1;4@4=5;4@5=3;4@7=2;5@0=1;5@1=4;5@2=3;5@4=9;5@5=1;5@6=1;5@7=2;5@9=1;6@0=2;6@1=3;6@2=3;6@4=6;6@6=2;6@7=1;6@8=3;6@9=1;7@2=1;7@4=1;7@6=1;7@8=1;8@0=1;8@1=2;8@2=1;8@3=1;8@4=4;8@5=1;8@6=1;8@7=1;8@9=2;9@2=3;9@3=1;9@4=4;9@5=2;9@6=4;9@8=2;9@9=5,"0,1,2,3,4,5,6,7,8,9",181,75,0,75,0.0,0.0,0.0,0.0,0.0,0.0,0.0,0.0,"Feasible(status=11,gap=13.876511)"
1349,1348,0,0,0,-,0:4|8;1:5|7;2:5|7|8;3:5|6|8;4:7|9;5:0|1|8|9;6:8;7:0|3|4|5|6;8:3|4|5|8;9:0|7|8,0:-;1:-;2:-;3:-;4:-;5:-;6:-;7:-;8:-;9:-,0@0=3;0@1=5;0@2=4;0@3=3;0@4=1;0@5=3;0@6=2;0@8=5;0@9=1;1@0=1;1@1=2;1@2=4;1@4=3;1@6=2;1@9=2;1@7=1;2@0=2;2@1=4;2@2=8;2@3=1;2@4=5;2@5=1;2@6=1;2@8=3;2@9=4;3@0=1;3@2=6;3@3=2;3@4=1;3@5=1;3@8=2;3@9=1;4@0=3;4@1=2;4@2=6;4@3=3;4@4=7;4@5=1;4@6=2;4@8=1;4@9=1;4@7=2;5@0=2;5@1=3;5@2=3;5@3=2;5@4=5;5@6=2;5@8=2;5@7=1;6@0=6;6@1=7;6@2=5;6@3=5;6@4=5;6@5=4;6@6=1;6@8=2;6@7=2;7@1=2;7@2=1;7@4=4;7@7=2;8@1=2;8@2=2;8@4=4;8@5=2;8@6=1;8@9=1;9@0=2;9@2=5;9@3=1;9@4=4;9@5=2;9@6=2;9@8=1;9@9=2,"0,1,2,3,4,5,6,8,9,7",210,77,0,77,0.0,0.0,0.0,0.0,0.0,0.0,0.0,0.0,"Feasible(status=11,gap=13.876511)"
1350,1349,0,0,0,-,0:4|8;1:5|7;2:5|7|8;3:5|6|8;4:7|9;5:0|1|8|9;6:8;7:0|3|4|5|6;8:3|4|5|8;9:0|7|8,0:-;1:-;2:-;3:-;4:-;5:-;6:-;7:-;8:-;9:-,0@0=4;0@1=1;0@2=8;0@3=2;0@4=4;0@5=1;0@7=1;0@8=2;0@9=3;1@1=1;1@2=3;1@4=1;1@7=1;1@6=2;2@0=1;2@1=2;2@2=2;2@3=3;2@4=2;2@7=2;2@8=3;2@9=1;3@0=1;3@1=1;3@4=1;3@8=1;3@6=1;4@0=1;4@1=3;4@2=2;4@3=1;4@4=7;4@5=3;4@8=1;4@6=2;5@0=1;5@1=4;5@2=4;5@3=1;5@4=2;5@5=1;5@7=1;5@8=3;5@9=2;5@6=2;6@0=1;6@1=5;6@2=3;6@3=1;6@5=2;6@8=1;6@9=1;6@6=1;7@0=1;7@1=3;7@2=1;7@3=1;7@8=1;7@9=1;8@1=1;8@2=2;8@3=1;8@7=1;9@1=2;9@2=3;9@4=5;9@7=1;9@9=1,"0,1,2,3,4,5,7,8,9,6",136,68,0,68,0.0,0.0,0.0,0.0,0.0,0.0,0.0,0.0,"Feasible(status=11,gap=13.876511)"
1351,1350,0,0,0,-,0:4|8;1:5|7;2:5|7|8;3:5|6|8;4:7|9;5:0|1|8|9;6:8;7:0|3|4|5|6;8:3|4|5|8;9:0|7|8,0:-;1:-;2:-;3:-;4:-;5:-;6:-;7:-;8:-;9:-,0@0=2;0@1=1;0@2=4;0@4=8;0@5=2;0@6=1;0@7=1;0@8=2;0@9=1;1@0=2;1@1=3;1@2=2;1@5=3;1@6=1;1@3=1;2@1=2;2@2=4;2@4=2;2@5=1;2@6=2;2@9=2;2@3=1;3@0=1;3@1=3;3@2=6;3@4=3;3@6=2;3@7=2;3@3=1;4@1=5;4@4=5;4@5=1;4@7=3;4@8=2;4@9=3;4@3=3;5@0=1;5@1=2;5@2=1;5@4=3;5@5=1;5@6=1;5@8=1;5@9=2;6@0=2;6@1=3;6@2=4;6@4=6;6@7=2;6@8=1;6@3=1;7@0=2;7@2=1;7@6=1;7@8=1;7@9=2;7@3=3;8@0=2;8@1=2;8@2=4;8@4=2;8@5=1;8@3=1;9@0=1;9@1=1;9@4=2;9@5=1;9@6=1;9@7=2;9@8=2;9@3=3,"0,1,2,4,5,6,7,8,9,3",154,71,0,71,0.0,0.0,0.0,0.0,0.0,0.0,0.0,0.0,"Feasible(status=11,gap=13.876511)"
1352,1351,0,0,0,-,0:4|8;1:5|7;2:5|7|8;3:5|6|8;4:7|9;5:0|1|8|9;6:8;7:0|3|4|5|6;8:3|4|5|8;9:0|7|8,0:-;1:-;2:-;3:-;4:-;5:-;6:-;7:-;8:-;9:-,0@1=1;0@3=2;0@4=3;0@5=2;0@7=2;0@8=2;0@9=1;1@1=2;1@4=2;1@8=1;1@0=1;1@2=1;2@1=3;2@3=1;2@4=5;2@5=1;2@7=2;2@8=2;2@0=2;2@2=3;3@1=2;3@4=5;3@5=1;3@7=1;3@8=1;3@9=2;3@0=1;3@6=3;4@1=2;4@3=1;4@4=4;4@5=2;4@7=2;4@8=2;4@2=3;5@1=3;5@3=2;5@4=3;5@5=1;5@7=2;5@8=2;5@0=1;5@2=1;5@6=2;6@1=2;6@3=2;6@4=5;6@7=1;6@8=4;6@0=1;6@2=2;6@6=2;7@4=2;7@5=1;7@8=1;7@2=2;7@6=1;8@4=3;8@8=1;8@9=1;8@0=1;8@2=2;9@1=2;9@3=1;9@4=4;9@5=2;9@7=2;9@0=2;9@2=4;9@6=3,"1,3,4,5,7,8,9,0,2,6",142,70,0,70,0.0,0.0,0.0,0.0,0.0,0.0,0.0,0.0,"Feasible(status=11,gap=13.876511)"
1353,1352,0,0,0,-,0:4|8;1:5|7;2:5|7|8;3:5|6|8;4:7|9;5:0|1|8|9;6:8;7:0|3|4|5|6;8:3|4|5|8;9:0|7|8,0:-;1:-;2:-;3:-;4:-;5:-;6:-;7:-;8:-;9:-,0@0=1;0@1=3;0@2=2;0@3=3;0@4=2;0@8=1;0@9=1;1@1=2;1@4=1;1@8=1;1@9=2;2@0=1;2@1=1;2@2=1;2@9=2;2@7=2;3@0=1;3@2=1;3@8=2;3@7=2;3@6=2;4@1=1;4@2=3;4@3=1;4@4=1;4@8=1;4@9=1;4@7=2;4@5=1;5@1=1;5@2=4;5@3=2;5@4=2;6@1=1;6@2=3;6@4=2;6@8=1;6@7=1;7@2=2;7@9=1;7@5=1;8@2=2;8@8=1;9@0=1;9@1=1;9@2=5;9@3=1;9@4=1;9@7=2;9@5=3,"0,1,2,3,4,8,9,7,6,5",83,50,0,50,0.0,0.0,0.0,0.0,0.0,0.0,0.0,0.0,"Feasible(status=11,gap=13.876511)"
1354,1353,0,0,0,-,0:4|8;1:5|7;2:5|7|8;3:5|6|8;4:7|9;5:0|1|8|9;6:8;7:0|3|4|5|6;8:3|4|5|8;9:0|7|8,0:-;1:-;2:-;3:-;4:-;5:-;6:-;7:-;8:-;9:-,0@0=1;0@1=2;0@2=5;0@3=1;0@4=2;0@5=2;0@6=1;0@7=1;0@8=1;0@9=2;1@0=1;1@1=1;1@3=1;1@4=2;1@6=2;2@0=1;2@1=3;2@2=3;2@4=2;2@5=2;2@6=1;2@9=2;3@1=2;3@2=2;3@3=1;3@4=4;3@5=1;3@8=1;3@9=3;4@0=1;4@1=2;4@2=4;4@4=1;4@5=2;4@6=4;4@7=2;4@8=2;4@9=1;5@0=1;5@1=1;5@2=2;5@3=1;5@4=4;5@5=1;5@6=1;5@7=1;5@9=1;6@0=2;6@1=3;6@2=4;6@3=3;6@4=6;6@5=2;6@8=2;6@9=1;7@1=1;7@2=2;7@4=3;7@8=1;7@9=1;8@0=1;8@2=2;8@4=2;8@6=1;9@2=6;9@3=3;9@4=3;9@5=1;9@6=3;9@7=3;9@8=2,"0,1,2,3,4,5,6,7,8,9",143,71,0,71,0.0,0.0,0.0,0.0,0.0,0.0,0.0,0.0,"Feasible(status=11,gap=13.876511)"
1355,1354,0,0,0,-,0:4|8;1:5|7;2:5|7|8;3:5|6|8;4:7|9;5:0|1|8|9;6:8;7:0|3|4|5|6;8:3|4|5|8;9:0|7|8,0:-;1:-;2:-;3:-;4:-;5:-;6:-;7:-;8:-;9:-,0@0=2;0@1=3;0@2=6;0@3=2;0@4=1;0@5=2;0@6=1;0@7=4;0@8=1;0@9=1;1@0=1;1@1=7;1@2=2;1@4=4;1@5=1;1@6=1;1@7=1;1@8=1;1@9=2;2@0=1;2@1=4;2@2=3;2@3=4;2@5=2;2@6=1;2@7=4;2@8=5;2@9=2;3@0=2;3@1=2;3@2=2;3@3=1;3@4=3;3@5=2;3@7=1;3@8=2;3@9=3;4@0=1;4@1=3;4@2=5;4@3=1;4@4=3;4@5=6;4@6=2;4@7=1;4@8=2;4@9=2;5@0=1;5@1=5;5@2=3;5@3=4;5@4=3;5@6=1;5@7=1;5@8=1;5@9=4;6@0=5;6@1=2;6@2=5;6@3=1;6@4=4;6@5=3;6@7=2;6@8=3;6@9=2;7@1=1;7@2=1;7@3=1;7@4=4;7@5=2;7@6=1;7@8=1;7@9=3;8@0=1;8@1=1;8@2=3;8@3=1;8@4=2;8@7=2;9@0=2;9@1=4;9@2=2;9@3=1;9@4=3;9@5=4;9@6=2;9@7=1;9@8=3;9@9=3,"0,1,2,3,4,5,6,7,8,9",212,89,0,89,0.0,0.0,0.0,0.0,0.0,0.0,0.0,0.0,"Feasible(status=11,gap=13.876511)"
1356,1355,0,0,0,-,0:4|8;1:5|7;2:5|7|8;3:5|6|8;4:7|9;5:0|1|8|9;6:8;7:0|3|4|5|6;8:3|4|5|8;9:0|7|8,0:-;1:-;2:-;3:-;4:-;5:-;6:-;7:-;8:-;9:-,0@0=1;0@1=4;0@4=3;0@5=3;0@7=2;0@8=2;1@0=1;1@1=1;1@4=2;1@8=1;1@2=1;1@6=5;1@9=1;2@1=3;2@4=3;2@5=1;2@8=1;2@2=3;2@6=2;2@3=2;3@0=2;3@1=2;3@4=1;3@5=2;3@7=1;3@8=2;3@2=3;3@6=1;3@9=1;4@0=1;4@1=3;4@4=6;4@5=1;4@7=3;4@8=2;4@2=2;4@9=3;5@0=1;5@1=2;5@4=1;5@7=2;5@8=2;5@6=1;6@1=2;6@4=2;6@5=4;6@7=1;6@8=1;6@2=8;6@6=1;6@9=1;7@1=1;7@8=1;7@6=1;7@9=1;7@3=2;8@1=1;8@4=1;8@5=1;8@2=3;8@9=1;9@1=2;9@4=2;9@5=1;9@8=1;9@2=2;9@6=3;9@9=1,"0,1,4,5,7,8,2,6,9,3",132,68,0,68,0.0,0.0,0.0,0.0,0.0,0.0,0.0,0.0,"Feasible(status=11,gap=13.876511)"
1357,1356,0,0,0,-,0:4|8;1:5|7;2:5|7|8;3:5|6|8;4:7|9;5:0|1|8|9;6:8;7:0|3|4|5|6;8:3|4|5|8;9:0|7|8,0:-;1:-;2:-;3:-;4:-;5:-;6:-;7:-;8:-;9:-,0@0=2;0@3=1;0@4=5;0@5=2;0@7=3;0@8=1;1@4=3;1@5=1;1@7=1;1@8=2;1@2=2;1@9=1;2@0=2;2@3=1;2@4=2;2@5=2;2@7=1;2@8=1;2@2=4;2@9=1;2@1=3;2@6=1;3@4=5;3@7=1;3@2=3;3@9=2;3@1=3;3@6=1;4@3=3;4@4=2;4@5=1;4@7=2;4@8=1;4@2=7;4@9=1;4@1=2;4@6=2;5@0=2;5@3=1;5@4=3;5@5=3;5@7=3;5@8=2;5@2=5;5@9=1;5@6=3;6@0=1;6@3=1;6@4=6;6@8=3;6@2=5;6@9=1;6@1=1;6@6=1;7@0=2;7@3=1;7@4=4;7@7=2;7@1=2;7@6=1;8@0=2;8@3=1;8@4=2;8@8=1;9@4=1;9@5=1;9@7=2;9@8=1;9@2=3;9@1=1;9@6=1,"0,3,4,5,7,8,2,9,1,6",148,71,0,71,0.0,0.0,0.0,0.0,0.0,0.0,0.0,0.0,"Feasible(status=11,gap=13.876511)"
1358,1357,0,0,0,-,0:4|8;1:5|7;2:5|7|8;3:5|6|8;4:7|9;5:0|1|8|9;6:8;7:0|3|4|5|6;8:3|4|5|8;9:0|7|8,0:-;1:-;2:-;3:-;4:-;5:-;6:-;7:-;8:-;9:-,0@0=2;0@1=3;0@2=2;0@3=3;0@4=2;0@5=2;0@6=1;0@7=1;0@8=2;1@0=1;1@1=1;1@2=2;1@4=2;1@6=1;1@9=1;2@1=4;2@2=6;2@3=1;2@4=3;2@6=1;2@8=2;2@9=2;3@2=1;3@3=1;3@4=3;3@6=4;3@7=3;3@8=1;4@1=3;4@2=5;4@4=2;4@6=1;4@7=1;4@8=1;4@9=2;5@0=2;5@1=3;5@2=2;5@3=1;5@4=1;5@5=1;5@6=3;5@7=2;5@8=2;5@9=3;6@0=1;6@1=4;6@3=2;6@4=5;6@7=1;7@2=2;7@3=1;7@4=3;7@8=1;7@9=2;8@2=1;8@4=2;8@5=2;8@6=2;8@7=1;8@8=2;8@9=1;9@1=1;9@2=1;9@4=1;9@6=1;9@8=2;9@9=1,"0,1,2,3,4,5,6,7,8,9",133,68,0,68,0.0,0.0,0.0,0.0,0.0,0.0,0.0,0.0,"Feasible(status=11,gap=13.876511)"
1359,1358,0,0,0,-,0:4|8;1:5|7;2:5|7|8;3:5|6|8;4:7|9;5:0|1|8|9;6:8;7:0|3|4|5|6;8:3|4|5|8;9:0|7|8,0:-;1:-;2:-;3:-;4:-;5:-;6:-;7:-;8:-;9:-,0@0=1;0@1=3;0@2=1;0@4=4;0@6=2;0@7=2;0@8=3;1@1=3;1@2=3;1@6=1;1@8=1;1@5=1;1@9=1;2@0=3;2@1=3;2@2=1;2@4=4;2@8=3;2@5=1;2@9=3;2@3=1;3@0=1;3@1=2;3@4=2;3@6=3;3@3=2;4@0=1;4@1=1;4@2=2;4@4=2;4@8=4;4@5=3;4@9=2;5@0=1;5@1=2;5@2=3;5@4=2;5@6=1;5@7=1;5@5=1;5@9=1;6@1=3;6@2=3;6@4=1;6@8=1;6@5=2;6@9=1;6@3=1;7@2=2;7@4=1;7@6=1;7@7=1;8@0=1;8@1=1;8@2=2;8@4=3;8@6=1;8@8=1;9@2=1;9@4=1;9@5=1;9@3=2,"0,1,2,4,6,7,8,5,9,3",113,62,0,62,0.0,0.0,0.0,0.0,0.0,0.0,0.0,0.0,"Feasible(status=11,gap=13.876511)"
1360,1359,0,0,0,-,0:4|8;1:5|7;2:5|7|8;3:5|6|8;4:7|9;5:0|1|8|9;6:8;7:0|3|4|5|6;8:3|4|5|8;9:0|7|8,0:-;1:-;2:-;3:-;4:-;5:-;6:-;7:-;8:-;9:-,0@2=3;0@3=2;0@4=3;0@9=1;1@3=1;1@4=3;1@9=1;1@1=1;1@6=1;2@2=5;2@3=2;2@4=1;2@1=2;2@0=2;2@5=1;3@2=3;3@3=1;3@4=5;3@6=1;3@5=2;3@8=1;4@2=5;4@3=1;4@4=4;4@9=1;4@1=2;4@0=1;4@5=1;4@8=2;5@2=2;5@4=2;5@9=3;5@1=1;5@0=2;5@5=1;5@7=1;6@2=4;6@3=1;6@4=4;6@7=1;7@2=1;7@3=1;7@6=1;7@0=1;7@5=2;7@8=1;8@3=3;8@1=3;8@7=1;9@2=1;9@1=1;9@5=1;9@7=1,"2,3,4,9,1,6,0,5,8,7",99,53,0,53,0.0,0.0,0.0,0.0,0.0,0.0,0.0,0.0,"Feasible(status=11,gap=13.876511)"
1361,1360,0,0,0,-,0:4|8;1:5|7;2:5|7|8;3:5|6|8;4:7|9;5:0|1|8|9;6:8;7:0|3|4|5|6;8:3|4|5|8;9:0|7|8,0:-;1:-;2:-;3:-;4:-;5:-;6:-;7:-;8:-;9:-,0@0=2;0@1=4;0@3=1;0@5=3;0@6=1;0@7=1;0@8=3;1@3=1;1@7=1;1@8=1;1@2=3;1@4=3;1@9=1;2@1=6;2@3=1;2@5=1;2@7=1;2@8=2;2@2=2;2@4=5;3@3=1;3@5=2;3@7=2;3@8=2;3@2=2;3@4=1;4@0=1;4@1=1;4@3=1;4@5=3;4@6=2;4@7=2;4@8=1;4@2=2;4@4=5;4@9=1;5@1=4;5@3=1;5@7=1;5@8=2;5@2=2;6@0=1;6@1=2;6@7=2;6@8=2;6@2=1;6@4=1;6@9=1;7@5=2;7@6=1;7@7=1;7@2=1;8@5=2;8@7=1;8@8=1;8@2=1;8@4=1,"0,1,3,5,6,7,8,2,4,9",103,57,0,57,0.0,0.0,0.0,0.0,0.0,0.0,0.0,0.0,"Feasible(status=11,gap=13.876511)"
1362,1361,0,0,0,-,0:4|8;1:5|7;2:5|7|8;3:5|6|8;4:7|9;5:0|1|8|9;6:8;7:0|3|4|5|6;8:3|4|5|8;9:0|7|8,0:-;1:-;2:-;3:-;4:-;5:-;6:-;7:-;8:-;9:-,0@0=4;0@2=2;0@3=1;0@4=1;0@5=1;0@6=3;0@9=1;1@0=2;1@2=3;1@4=3;1@9=2;1@7=1;1@8=2;2@0=5;2@2=4;2@4=8;2@5=2;2@6=3;2@7=2;2@8=1;2@1=4;3@0=1;3@2=2;3@4=3;3@5=2;3@9=2;3@7=1;3@1=2;4@0=1;4@2=3;4@3=4;4@4=3;4@6=1;4@9=2;4@7=1;4@8=1;4@1=3;5@2=2;5@4=4;5@5=2;5@9=2;5@1=1;6@0=3;6@2=6;6@3=2;6@4=2;6@6=2;6@9=1;6@8=2;6@1=1;7@2=1;7@4=1;7@9=2;7@8=1;7@1=1;8@0=2;8@2=1;8@3=1;8@4=1;8@7=1;8@8=3;8@1=2;9@2=2;9@4=2;9@6=1;9@9=2;9@7=1;9@8=1,"0,2,3,4,5,6,9,7,8,1",143,68,0,68,0.0,0.0,0.0,0.0,0.0,0.0,0.0,0.0,"Feasible(status=11,gap=13.876511)"
1363,1362,0,0,0,-,0:4|8;1:5|7;2:5|7|8;3:5|6|8;4:7|9;5:0|1|8|9;6:8;7:0|3|4|5|6;8:3|4|5|8;9:0|7|8,0:-;1:-;2:-;3:-;4:-;5:-;6:-;7:-;8:-;9:-,0@1=2;0@2=5;0@4=2;0@6=1;0@8=1;1@1=2;1@2=1;1@4=4;1@6=1;1@8=2;1@0=2;2@1=2;2@2=1;2@4=8;2@6=2;2@8=2;2@5=2;2@9=1;3@1=2;3@2=1;3@4=4;3@6=2;3@0=3;3@5=2;3@9=1;3@7=2;4@1=2;4@4=7;4@6=3;4@0=1;4@5=3;4@7=2;4@3=1;5@1=3;5@2=2;5@4=2;5@6=1;5@8=2;5@0=1;5@9=4;5@3=2;6@1=2;6@2=5;6@4=1;6@6=2;6@8=1;6@5=4;6@9=1;6@7=4;6@3=2;7@2=1;7@4=2;7@6=2;7@9=1;7@7=1;8@2=1;8@4=3;8@6=3;8@0=2;8@5=1;8@7=1;8@3=1;9@2=1;9@4=1;9@9=1,"1,2,4,6,8,0,5,9,7,3",138,65,0,65,0.0,0.0,0.0,0.0,0.0,0.0,0.0,0.0,"Feasible(status=11,gap=13.876511)"
1364,1363,0,0,0,-,0:4|8;1:5|7;2:5|7|8;3:5|6|8;4:7|9;5:0|1|8|9;6:8;7:0|3|4|5|6;8:3|4|5|8;9:0|7|8,0:-;1:-;2:-;3:-;4:-;5:-;6:-;7:-;8:-;9:-,0@1=4;0@2=3;0@3=2;0@6=1;0@7=3;0@9=2;1@1=1;1@6=2;1@7=1;1@0=2;1@4=1;1@5=2;1@8=1;2@1=3;2@2=6;2@3=2;2@7=1;2@9=2;2@0=2;2@4=4;2@5=2;2@8=2;3@1=2;3@2=3;3@3=2;3@0=3;3@4=3;3@8=1;4@1=2;4@2=4;4@3=2;4@6=2;4@7=1;4@9=3;4@4=2;4@5=2;4@8=1;5@1=2;5@2=2;5@6=3;5@7=1;5@0=1;5@4=3;5@5=2;6@1=3;6@2=5;6@3=1;6@7=1;6@9=1;6@0=2;6@4=3;6@5=1;7@1=2;7@6=2;7@7=1;7@4=2;8@1=2;8@2=1;8@9=1;8@0=3;8@4=3;8@5=1;9@1=1;9@2=1;9@7=1;9@9=2;9@4=1;9@8=1,"1,2,3,6,7,9,0,4,5,8",138,68,0,68,0.0,0.0,0.0,0.0,0.0,0.0,0.0,0.0,"Feasible(status=11,gap=13.876511)"
1365,1364,0,0,0,-,0:4|8;1:5|7;2:5|7|8;3:5|6|8;4:7|9;5:0|1|8|9;6:8;7:0|3|4|5|6;8:3|4|5|8;9:0|7|8,0:-;1:-;2:-;3:-;4:-;5:-;6:-;7:-;8:-;9:-,0@1=3;0@2=1;0@7=1;1@1=1;1@2=4;1@0=2;1@3=2;1@4=2;1@5=2;1@6=1;1@8=3;2@1=3;2@2=2;2@7=1;2@0=1;2@3=3;2@5=2;2@8=1;2@9=1;3@1=3;3@2=5;3@7=2;3@0=1;3@3=1;3@4=1;3@6=2;3@8=3;3@9=1;4@1=2;4@2=1;4@0=2;4@3=1;4@4=3;4@5=3;4@6=2;4@9=2;5@2=4;5@7=2;5@0=1;5@4=3;5@6=5;5@8=1;5@9=1;6@1=1;6@2=3;6@7=1;6@0=1;6@3=1;6@4=3;6@6=1;6@8=1;6@9=1;7@0=1;7@3=1;7@4=2;7@6=1;7@9=2;8@1=2;8@2=2;8@4=1;8@5=1;8@6=2;8@8=1;9@7=1;9@4=1;9@6=1;9@9=1,"1,2,7,0,3,4,5,6,8,9",121,67,0,67,0.0,0.0,0.0,0.0,0.0,0.0,0.0,0.0,"Feasible(status=11,gap=13.876511)"
1366,1365,0,0,0,-,0:4|8;1:5|7;2:5|7|8;3:5|6|8;4:7|9;5:0|1|8|9;6:8;7:0|3|4|5|6;8:3|4|5|8;9:0|7|8,0:-;1:-;2:-;3:-;4:-;5:-;6:-;7:-;8:-;9:-,0@0=1;0@1=2;0@2=1;0@4=1;0@8=4;0@9=1;1@0=1;1@2=2;1@4=2;1@8=1;1@3=1;1@5=2;1@7=1;2@0=1;2@1=3;2@2=5;2@4=6;2@8=1;2@9=1;2@5=1;2@7=1;2@6=1;3@1=2;3@2=1;3@4=3;3@8=3;3@3=1;3@5=2;3@7=1;3@6=1;4@1=3;4@4=1;4@8=2;4@9=3;4@3=2;4@5=1;4@7=1;4@6=3;5@1=1;5@2=1;5@4=1;5@8=1;5@3=1;5@5=1;5@6=1;6@0=2;6@1=2;6@2=1;6@4=1;6@8=4;6@9=2;6@3=1;6@6=1;7@1=2;7@2=1;7@4=3;7@9=1;7@3=2;7@7=2;7@6=1;8@1=2;8@9=1;8@3=1;8@6=1;9@9=1;9@7=1;9@6=1,"0,1,2,4,8,9,3,5,7,6",111,67,0,67,0.0,0.0,0.0,0.0,0.0,0.0,0.0,0.0,"Feasible(status=11,gap=13.876511)"
1367,1366,0,0,0,-,0:4|8;1:5|7;2:5|7|8;3:5|6|8;4:7|9;5:0|1|8|9;6:8;7:0|3|4|5|6;8:3|4|5|8;9:0|7|8,0:-;1:-;2:-;3:-;4:-;5:-;6:-;7:-;8:-;9:-,0@0=1;0@1=1;0@8=1;0@9=1;1@1=2;1@8=3;1@4=4;1@7=2;2@0=1;2@1=5;2@4=6;2@2=2;2@3=1;2@5=1;2@6=2;3@1=2;3@9=1;3@4=2;3@7=1;3@2=2;3@5=1;3@6=3;4@0=1;4@1=5;4@8=1;4@9=2;4@4=4;4@7=1;4@2=3;4@3=2;4@5=3;4@6=2;5@8=1;5@9=1;5@4=1;5@2=3;5@3=1;5@6=1;6@0=3;6@9=4;6@4=2;6@7=2;6@2=1;6@3=2;6@5=1;6@6=1;7@0=1;7@8=2;7@9=2;7@4=1;7@2=1;7@5=2;8@8=2;8@9=1;8@2=2;8@3=1;8@6=1;9@4=1;9@5=2,"0,1,8,9,4,7,2,3,5,6",112,59,0,59,0.0,0.0,0.0,0.0,0.0,0.0,0.0,0.0,"Feasible(status=11,gap=13.876511)"
1368,1367,0,0,0,-,0:4|8;1:5|7;2:5|7|8;3:5|6|8;4:7|9;5:0|1|8|9;6:8;7:0|3|4|5|6;8:3|4|5|8;9:0|7|8,0:-;1:-;2:-;3:-;4:-;5:-;6:-;7:-;8:-;9:-,0@0=1;0@3=1;0@4=3;0@7=4;0@8=1;1@3=2;1@4=3;1@8=3;1@2=2;1@6=1;2@3=1;2@4=1;2@8=3;2@2=3;3@0=1;3@3=2;3@4=1;3@8=1;3@6=1;3@1=3;3@9=1;4@4=1;4@7=2;4@2=1;4@6=4;4@1=1;4@5=3;5@0=1;5@3=2;5@7=1;5@2=1;5@6=3;5@1=1;5@5=1;6@0=1;6@4=3;6@7=1;6@2=5;6@6=2;6@1=1;6@5=3;7@3=1;7@4=1;7@8=1;7@2=3;7@1=1;8@0=1;8@3=2;8@2=2;8@6=1;8@9=2;8@5=1;9@0=1;9@7=1;9@2=1;9@1=2,"0,3,4,7,8,2,6,1,9,5",98,56,0,56,0.0,0.0,0.0,0.0,0.0,0.0,0.0,0.0,"Feasible(status=11,gap=13.876511)"
1369,1368,0,0,0,-,0:4|8;1:5|7;2:5|7|8;3:5|6|8;4:7|9;5:0|1|8|9;6:8;7:0|3|4|5|6;8:3|4|5|8;9:0|7|8,0:-;1:-;2:-;3:-;4:-;5:-;6:-;7:-;8:-;9:-,0@0=3;0@1=3;0@2=4;0@4=6;0@5=1;0@6=1;0@7=2;0@8=2;0@9=1;1@0=1;1@2=3;1@4=1;1@5=1;1@7=2;1@8=2;1@3=1;2@0=1;2@1=5;2@2=2;2@4=2;2@5=2;2@6=2;2@7=1;2@8=5;2@9=1;2@3=2;3@0=1;3@2=3;3@4=3;3@5=1;3@6=1;3@7=3;3@8=3;3@9=2;3@3=1;4@0=1;4@1=3;4@2=3;4@4=1;4@5=1;4@6=5;4@7=3;4@8=4;4@9=2;4@3=1;5@0=1;5@1=2;5@2=1;5@4=3;5@5=2;5@6=1;5@8=3;5@9=1;6@0=1;6@1=5;6@2=4;6@4=5;6@5=1;6@6=1;6@7=2;6@8=1;6@9=1;6@3=1;7@0=1;7@1=1;7@2=4;7@4=3;7@5=1;7@7=1;7@8=1;7@9=2;8@1=2;8@2=2;8@4=1;8@5=1;8@6=2;8@9=1;8@3=1;9@2=2;9@4=1;9@3=2,"0,1,2,4,5,6,7,8,9,3",164,81,0,81,0.0,0.0,0.0,0.0,0.0,0.0,0.0,0.0,"Feasible(status=11,gap=13.876511)"
1370,1369,0,0,0,-,0:4|8;1:5|7;2:5|7|8;3:5|6|8;4:7|9;5:0|1|8|9;6:8;7:0|3|4|5|6;8:3|4|5|8;9:0|7|8,0:-;1:-;2:-;3:-;4:-;5:-;6:-;7:-;8:-;9:-,0@0=1;0@4=3;0@6=1;0@7=1;0@8=1;1@0=2;1@4=1;1@6=1;1@7=1;1@8=1;1@1=3;1@2=1;1@3=1;1@5=1;2@0=4;2@4=3;2@6=1;2@7=2;2@8=1;2@1=3;2@2=3;2@3=1;2@5=1;2@9=2;3@4=3;3@6=2;3@7=4;3@2=2;3@3=2;3@9=3;4@0=1;4@4=3;4@7=1;4@8=3;4@1=6;4@2=3;4@5=2;5@0=1;5@4=1;5@6=2;5@8=2;5@1=1;5@2=3;5@3=2;5@5=1;6@0=1;6@4=1;6@6=1;6@7=1;6@8=2;6@1=1;6@2=1;6@3=2;6@5=2;7@0=1;7@4=4;7@8=2;7@1=1;7@9=1;8@4=3;8@6=1;8@7=3;8@1=1;8@2=4;9@0=1;9@7=1;9@1=1;9@2=1;9@3=1;9@9=1,"0,4,6,7,8,1,2,3,5,9",127,70,0,70,0.0,0.0,0.0,0.0,0.0,0.0,0.0,0.0,"Feasible(status=11,gap=13.876511)"
1371,1370,0,0,0,-,0:4|8;1:5|7;2:5|7|8;3:5|6|8;4:7|9;5:0|1|8|9;6:8;7:0|3|4|5|6;8:3|4|5|8;9:0|7|8,0:-;1:-;2:-;3:-;4:-;5:-;6:-;7:-;8:-;9:-,0@0=2;0@1=1;0@2=1;0@4=2;0@5=1;0@7=2;0@8=1;0@9=1;1@0=1;1@1=1;1@2=4;1@4=1;1@5=2;1@9=1;1@3=1;1@6=2;2@0=1;2@1=1;2@2=3;2@4=3;2@5=1;2@9=1;2@6=1;3@0=2;3@1=3;3@2=2;3@4=4;3@7=1;3@8=2;3@9=1;3@3=7;4@1=3;4@2=1;4@4=1;4@5=3;4@7=2;4@8=1;4@3=1;4@6=3;5@1=1;5@5=1;5@7=2;5@8=1;5@3=1;5@6=3;6@0=1;6@1=3;6@2=5;6@4=4;6@5=2;6@7=1;6@8=2;6@9=1;6@6=2;7@2=1;7@5=1;7@7=1;7@9=1;8@1=3;8@2=3;8@4=3;8@5=2;8@9=2;8@6=1;9@0=1;9@2=2;9@4=3;9@7=1;9@6=1,"0,1,2,4,5,7,8,9,3,6",128,69,0,69,0.0,0.0,0.0,0.0,0.0,0.0,0.0,0.0,"Feasible(status=11,gap=13.876511)"
1372,1371,0,0,0,-,0:4|8;1:5|7;2:5|7|8;3:5|6|8;4:7|9;5:0|1|8|9;6:8;7:0|3|4|5|6;8:3|4|5|8;9:0|7|8,0:-;1:-;2:-;3:-;4:-;5:-;6:-;7:-;8:-;9:-,0@0=1;0@2=3;0@4=2;0@5=1;0@6=1;0@7=1;0@8=1;0@9=1;1@0=4;1@2=1;1@4=2;1@5=2;1@7=2;1@8=1;1@9=2;1@1=3;2@0=2;2@2=4;2@4=1;2@5=4;2@6=2;2@8=1;2@1=4;2@3=3;3@4=3;3@5=2;3@7=1;3@8=1;3@9=1;4@0=2;4@2=6;4@5=2;4@6=1;4@8=2;4@9=3;4@1=1;5@0=1;5@2=4;5@4=1;5@5=1;5@6=1;5@7=1;5@8=2;5@9=2;5@1=4;6@0=1;6@2=3;6@4=4;6@5=3;6@6=3;6@7=2;6@8=1;6@1=2;7@2=1;7@4=2;7@5=1;7@8=1;7@1=1;7@3=1;8@4=3;8@5=1;8@6=1;8@8=1;8@9=2;9@4=1,"0,2,4,5,6,7,8,9,1,3",126,65,0,65,0.0,0.0,0.0,0.0,0.0,0.0,0.0,0.0,"Feasible(status=11,gap=13.876511)"
1373,1372,0,0,0,-,0:4|8;1:5|7;2:5|7|8;3:5|6|8;4:7|9;5:0|1|8|9;6:8;7:0|3|4|5|6;8:3|4|5|8;9:0|7|8,0:-;1:-;2:-;3:-;4:-;5:-;6:-;7:-;8:-;9:-,0@0=1;0@1=1;0@2=3;0@3=2;0@4=4;0@5=3;0@6=1;0@8=3;0@9=1;1@2=4;1@3=1;1@4=2;1@5=3;1@6=1;1@8=1;1@7=2;2@1=4;2@2=1;2@3=3;2@4=1;2@5=1;2@8=1;2@7=2;3@1=1;3@2=4;3@3=1;3@4=1;3@5=2;3@6=2;3@9=2;3@7=3;4@0=2;4@1=3;4@2=2;4@3=1;4@4=2;4@5=2;4@6=2;4@8=1;5@2=4;5@3=2;5@4=2;5@6=1;5@8=1;5@9=2;6@1=2;6@2=2;6@3=1;6@4=2;6@5=2;6@6=2;6@8=2;7@0=1;7@2=2;7@4=2;7@6=1;7@8=2;7@9=1;7@7=2;8@3=3;8@4=5;8@8=1;8@9=2;9@0=1;9@1=1;9@2=1;9@4=1,"0,1,2,3,4,5,6,8,9,7",128,67,0,67,0.0,0.0,0.0,0.0,0.0,0.0,0.0,0.0,"Feasible(status=11,gap=13.876511)"
1374,1373,0,0,0,-,0:4|8;1:5|7;2:5|7|8;3:5|6|8;4:7|9;5:0|1|8|9;6:8;7:0|3|4|5|6;8:3|4|5|8;9:0|7|8,0:-;1:-;2:-;3:-;4:-;5:-;6:-;7:-;8:-;9:-,0@2=3;0@4=2;0@5=1;0@8=1;1@2=2;1@4=1;1@0=1;1@1=1;1@9=1;2@2=4;2@4=3;2@5=1;2@1=1;2@9=2;2@3=3;2@6=1;3@2=3;3@4=5;3@0=1;3@1=1;3@9=1;3@3=1;3@7=1;4@2=2;4@4=1;4@5=2;4@8=1;4@0=1;4@3=2;4@7=1;5@2=2;5@4=2;5@5=2;5@1=3;5@3=2;5@6=1;6@2=1;6@4=1;6@5=1;6@8=1;6@9=2;6@3=2;6@6=1;7@2=2;7@4=2;7@5=2;7@8=2;7@9=1;8@2=2;8@4=1;8@5=2;8@1=1;8@7=1;9@4=1;9@0=1;9@1=2,"2,4,5,8,0,1,9,3,6,7",92,56,0,56,0.0,0.0,0.0,0.0,0.0,0.0,0.0,0.0,"Feasible(status=11,gap=13.876511)"
1375,1374,0,0,0,-,0:4|8;1:5|7;2:5|7|8;3:5|6|8;4:7|9;5:0|1|8|9;6:8;7:0|3|4|5|6;8:3|4|5|8;9:0|7|8,0:-;1:-;2:-;3:-;4:-;5:-;6:-;7:-;8:-;9:-,0@2=1;0@3=1;0@4=1;0@7=1;0@8=2;0@9=1;1@2=2;1@3=1;1@4=2;1@8=1;1@9=1;1@0=1;1@1=3;1@6=4;2@2=1;2@4=5;2@8=1;2@9=3;2@0=2;2@1=3;2@6=3;2@5=1;3@2=5;3@3=1;3@4=2;3@9=1;3@0=2;3@1=1;3@6=2;4@2=3;4@3=1;4@4=1;4@7=1;4@9=2;4@0=2;4@1=2;4@6=2;4@5=3;5@2=2;5@3=1;5@7=2;5@0=2;5@1=3;5@6=3;5@5=2;6@2=5;6@3=3;6@4=4;6@7=1;6@8=2;6@0=3;6@1=1;6@6=1;6@5=3;7@2=2;7@3=2;7@4=1;7@8=1;7@9=1;7@1=2;8@2=1;8@3=1;8@4=1;8@8=1;8@6=1;9@2=2;9@4=1;9@1=1;9@6=1,"2,3,4,7,8,9,0,1,6,5",129,69,0,69,0.0,0.0,0.0,0.0,0.0,0.0,0.0,0.0,"Feasible(status=11,gap=13.876511)"
1376,1375,0,0,0,-,0:4|8;1:5|7;2:5|7|8;3:5|6|8;4:7|9;5:0|1|8|9;6:8;7:0|3|4|5|6;8:3|4|5|8;9:0|7|8,0:-;1:-;2:-;3:-;4:-;5:-;6:-;7:-;8:-;9:-,0@1=4;0@2=1;0@3=3;0@4=3;0@6=2;0@7=2;0@8=1;0@9=1;1@1=2;1@4=2;1@6=1;1@7=1;1@8=1;1@9=1;1@0=1;2@1=4;2@2=7;2@3=1;2@4=2;2@6=2;2@8=2;2@9=1;2@0=1;2@5=1;3@1=1;3@2=8;3@3=2;3@4=3;3@7=2;3@8=2;3@0=2;4@1=1;4@2=4;4@3=2;4@4=6;4@7=1;4@8=3;4@9=4;4@5=3;5@1=1;5@2=1;5@3=1;5@4=3;5@7=2;5@8=3;5@9=1;5@0=4;6@1=2;6@2=6;6@4=3;6@6=1;6@7=3;6@8=2;6@9=1;6@0=2;7@1=1;7@2=4;7@3=1;7@4=3;7@6=1;7@8=1;7@9=1;8@2=3;8@3=3;8@4=3;8@8=1;8@9=1;8@0=1;8@5=1;9@1=1;9@2=2;9@4=2;9@8=4;9@9=1;9@0=2,"1,2,3,4,6,7,8,9,0,5",164,75,0,75,0.0,0.0,0.0,0.0,0.0,0.0,0.0,0.0,"Feasible(status=11,gap=13.876511)"
1377,1376,0,0,0,-,0:4|8;1:5|7;2:5|7|8;3:5|6|8;4:7|9;5:0|1|8|9;6:8;7:0|3|4|5|6;8:3|4|5|8;9:0|7|8,0:-;1:-;2:-;3:-;4:-;5:-;6:-;7:-;8:-;9:-,0@0=2;0@1=2;0@2=2;0@3=1;0@4=2;0@5=1;0@6=2;0@7=1;0@8=1;0@9=1;1@1=2;1@2=3;1@3=1;1@7=1;1@8=1;1@9=2;2@1=2;2@2=3;2@3=1;2@5=3;2@6=1;2@7=1;2@8=2;2@9=1;3@0=3;3@1=2;3@2=1;3@3=2;3@4=2;3@5=1;3@7=2;4@1=1;4@2=5;4@3=2;4@4=2;4@5=1;4@6=2;4@7=3;4@8=2;4@9=4;5@0=4;5@1=1;5@2=3;5@3=5;5@4=1;5@5=2;5@6=1;5@7=1;5@8=1;5@9=1;6@0=1;6@1=2;6@2=3;6@3=2;6@4=1;6@5=2;6@6=1;6@9=2;7@1=2;7@2=3;7@4=2;7@5=1;7@6=1;7@7=1;7@8=2;7@9=1;8@1=2;8@3=1;8@4=5;8@5=4;8@6=2;8@7=2;9@0=1;9@2=2;9@3=1;9@5=2;9@6=1;9@9=2,"0,1,2,3,4,5,6,7,8,9",146,78,0,78,0.0,0.0,0.0,0.0,0.0,0.0,0.0,0.0,"Feasible(status=11,gap=13.876511)"
1378,1377,0,0,0,-,0:4|8;1:5|7;2:5|7|8;3:5|6|8;4:7|9;5:0|1|8|9;6:8;7:0|3|4|5|6;8:3|4|5|8;9:0|7|8,0:-;1:-;2:-;3:-;4:-;5:-;6:-;7:-;8:-;9:-,0@0=1;0@1=3;0@2=5;0@3=1;0@4=9;0@7=2;0@8=1;0@9=1;1@1=1;1@2=2;1@3=1;1@4=1;1@8=1;1@5=1;1@6=1;2@0=1;2@1=1;2@2=3;2@3=2;2@4=2;2@7=3;2@8=2;2@6=2;3@0=1;3@2=2;3@3=3;3@4=4;3@9=1;3@6=3;4@1=3;4@2=3;4@3=2;4@4=5;4@7=1;4@8=3;4@5=1;4@6=1;5@1=2;5@2=4;5@4=1;5@7=2;5@9=1;5@5=1;5@6=2;6@0=3;6@2=8;6@3=1;6@4=2;6@7=1;6@8=2;6@9=1;6@6=1;7@2=1;7@3=2;8@0=3;8@1=2;8@2=2;8@3=1;8@4=3;8@5=2;9@0=1;9@1=1;9@3=1;9@4=2;9@7=1;9@9=2;9@6=1,"0,1,2,3,4,7,8,9,5,6",137,67,0,67,0.0,0.0,0.0,0.0,0.0,0.0,0.0,0.0,"Feasible(status=11,gap=13.876511)"
1379,1378,0,0,0,-,0:4|8;1:5|7;2:5|7|8;3:5|6|8;4:7|9;5:0|1|8|9;6:8;7:0|3|4|5|6;8:3|4|5|8;9:0|7|8,0:-;1:-;2:-;3:-;4:-;5:-;6:-;7:-;8:-;9:-,0@1=3;0@2=5;0@3=1;0@4=1;0@5=1;0@6=2;0@7=1;0@9=1;1@1=1;1@2=3;1@4=3;1@9=2;2@1=2;2@2=5;2@4=3;2@5=1;2@7=1;2@9=1;2@0=2;3@1=1;3@2=5;3@3=2;3@4=1;3@5=1;3@7=1;3@9=1;3@0=3;3@8=1;4@1=2;4@2=3;4@4=1;4@5=2;4@6=3;4@0=3;5@2=3;5@3=1;5@4=3;5@6=3;5@8=1;6@1=5;6@2=6;6@3=1;6@4=1;6@5=1;6@7=1;6@9=4;6@0=1;6@8=1;7@1=1;7@2=1;7@3=1;7@4=1;7@5=3;8@3=2;8@4=1;8@5=2;8@8=1;9@1=1;9@2=1;9@4=1;9@5=1;9@7=1;9@8=1,"1,2,3,4,5,6,7,9,0,8",120,63,0,63,0.0,0.0,0.0,0.0,0.0,0.0,0.0,0.0,"Feasible(status=11,gap=13.876511)"
1380,1379,0,0,0,-,0:4|8;1:5|7;2:5|7|8;3:5|6|8;4:7|9;5:0|1|8|9;6:8;7:0|3|4|5|6;8:3|4|5|8;9:0|7|8,0:-;1:-;2:-;3:-;4:-;5:-;6:-;7:-;8:-;9:-,0@0=3;0@1=1;0@2=3;0@3=3;0@4=3;0@5=1;0@6=1;0@8=2;0@9=1;1@1=2;1@3=1;1@4=1;1@5=1;2@0=1;2@1=4;2@2=3;2@3=3;2@4=1;2@8=1;2@9=2;3@0=1;3@2=1;3@3=1;3@4=2;3@5=2;3@6=1;3@8=2;3@9=1;3@7=1;4@0=1;4@1=2;4@2=4;4@3=1;4@4=5;4@5=3;4@6=1;4@9=1;5@1=2;5@2=1;5@4=4;5@5=1;5@8=1;5@7=1;6@0=2;6@1=1;6@2=2;6@3=2;6@4=2;6@5=1;6@6=1;6@8=1;6@9=2;6@7=2;7@0=1;7@1=2;7@4=2;7@5=1;7@8=1;7@7=1;8@0=2;8@1=2;8@2=2;8@3=1;8@4=2;8@5=2;8@8=2;8@9=1;8@7=2;9@0=1;9@2=2;9@3=1;9@4=1;9@8=1;9@9=1;9@7=2,"0,1,2,3,4,5,6,8,9,7",127,75,0,75,0.0,0.0,0.0,0.0,0.0,0.0,0.0,0.0,"Feasible(status=11,gap=13.876511)"
1381,1380,0,0,0,-,0:4|8;1:5|7;2:5|7|8;3:5|6|8;4:7|9;5:0|1|8|9;6:8;7:0|3|4|5|6;8:3|4|5|8;9:0|7|8,0:-;1:-;2:-;3:-;4:-;5:-;6:-;7:-;8:-;9:-,0@1=3;0@4=2;0@5=1;0@6=2;0@7=1;0@9=1;1@0=2;1@2=1;2@1=3;2@4=6;2@5=1;2@6=1;2@7=1;2@9=1;2@0=2;2@3=1;2@8=1;3@4=1;3@7=3;3@0=1;3@2=2;3@3=2;4@1=2;4@4=1;4@5=1;4@6=1;4@7=1;4@0=1;4@2=2;4@3=2;4@8=1;5@1=1;5@4=1;5@5=2;5@7=1;5@9=1;5@0=2;5@2=1;5@3=1;6@1=2;6@4=5;6@6=1;6@7=2;6@9=1;6@2=3;6@8=3;7@1=2;7@4=2;7@5=3;7@6=1;7@0=1;7@2=1;7@8=2;8@4=1;8@7=1;8@9=1;8@2=2;8@8=1;9@1=1;9@5=1;9@9=1;9@8=1,"1,4,5,6,7,9,0,2,3,8",100,62,0,62,0.0,0.0,0.0,0.0,0.0,0.0,0.0,0.0,"Feasible(status=11,gap=13.876511)"
1382,1381,0,0,0,-,0:4|8;1:5|7;2:5|7|8;3:5|6|8;4:7|9;5:0|1|8|9;6:8;7:0|3|4|5|6;8:3|4|5|8;9:0|7|8,0:-;1:-;2:-;3:-;4:-;5:-;6:-;7:-;8:-;9:-,0@0=1;0@3=1;0@4=1;0@5=2;0@7=3;0@9=1;1@0=1;1@3=1;1@4=1;1@5=1;1@7=1;1@9=1;1@2=1;1@8=1;2@0=1;2@3=1;2@4=3;2@5=1;2@7=3;2@2=1;2@8=5;2@1=2;2@6=2;3@0=7;3@4=3;3@5=1;3@7=1;3@9=1;3@2=2;3@8=1;3@1=1;4@0=4;4@5=4;4@7=1;4@9=2;4@2=2;4@8=1;4@1=3;4@6=1;5@3=1;5@5=1;5@9=1;5@2=1;5@8=1;5@1=4;6@0=1;6@4=1;6@7=1;6@9=3;6@2=1;6@1=2;6@6=2;7@0=1;7@4=2;7@9=2;7@2=1;8@4=4;8@5=1;8@9=3;8@2=3;8@8=1;8@1=2;9@0=2;9@3=1;9@4=2;9@7=2;9@9=2;9@8=1;9@6=1,"0,3,4,5,7,9,2,8,1,6",122,69,0,69,0.0,0.0,0.0,0.0,0.0,0.0,0.0,0.0,"Feasible(status=11,gap=13.876511)"
1383,1382,0,0,0,-,0:4|8;1:5|7;2:5|7|8;3:5|6|8;4:7|9;5:0|1|8|9;6:8;7:0|3|4|5|6;8:3|4|5|8;9:0|7|8,0:-;1:-;2:-;3:-;4:-;5:-;6:-;7:-;8:-;9:-,0@1=1;0@2=3;0@3=2;0@4=3;0@5=1;0@6=3;0@8=1;1@1=2;1@2=2;1@3=1;1@4=2;1@5=3;1@6=2;1@0=1;1@9=1;2@1=3;2@2=3;2@3=2;2@4=2;2@5=2;2@8=1;2@0=2;2@9=1;2@7=2;3@1=4;3@2=3;3@3=2;3@4=4;3@5=3;3@8=1;3@7=1;4@1=4;4@2=2;4@3=1;4@4=4;4@6=3;5@1=4;5@2=4;5@3=2;5@4=4;5@5=2;5@6=4;5@0=1;5@7=1;6@1=1;6@2=3;6@3=1;6@4=4;6@5=1;6@8=3;6@0=1;6@7=1;7@1=1;7@3=1;7@4=2;7@0=1;7@9=1;8@1=1;8@2=1;8@3=4;8@4=2;8@5=1;8@8=2;8@0=3;8@7=2;9@1=3;9@2=1;9@3=1;9@4=1;9@6=1;9@0=1,"1,2,3,4,5,6,8,0,9,7",145,71,0,71,0.0,0.0,0.0,0.0,0.0,0.0,0.0,0.0,"Feasible(status=11,gap=13.876511)"
1384,1383,0,0,0,-,0:4|8;1:5|7;2:5|7|8;3:5|6|8;4:7|9;5:0|1|8|9;6:8;7:0|3|4|5|6;8:3|4|5|8;9:0|7|8,0:-;1:-;2:-;3:-;4:-;5:-;6:-;7:-;8:-;9:-,0@0=3;0@1=3;0@2=6;0@3=2;0@4=2;0@6=1;0@7=3;0@8=1;0@9=2;1@0=1;1@1=2;1@2=3;1@4=2;1@9=2;2@0=2;2@1=2;2@2=3;2@4=3;2@6=1;2@9=2;3@0=3;3@1=1;3@2=6;3@3=1;3@4=3;3@6=1;3@7=1;3@8=1;3@9=1;3@5=2;4@0=1;4@1=2;4@2=3;4@3=2;4@4=5;4@6=2;4@7=1;4@8=2;4@9=4;4@5=3;5@0=1;5@1=2;5@2=2;5@3=2;5@4=4;5@6=2;5@7=4;5@9=2;6@1=5;6@2=4;6@3=1;6@4=4;6@6=1;6@7=2;6@5=1;7@0=2;7@1=1;7@2=1;7@3=1;7@4=2;7@9=1;7@5=2;8@1=2;8@2=3;8@4=1;8@6=5;8@8=1;8@9=1;8@5=1;9@0=1;9@1=2;9@2=1;9@4=1;9@5=1,"0,1,2,3,4,6,7,8,9,5",158,74,0,74,0.0,0.0,0.0,0.0,0.0,0.0,0.0,0.0,"Feasible(status=11,gap=13.876511)"
1385,1384,0,0,0,-,0:4|8;1:5|7;2:5|7|8;3:5|6|8;4:7|9;5:0|1|8|9;6:8;7:0|3|4|5|6;8:3|4|5|8;9:0|7|8,0:-;1:-;2:-;3:-;4:-;5:-;6:-;7:-;8:-;9:-,0@0=1;0@1=1;0@2=2;0@3=2;0@4=4;0@5=2;0@6=2;0@7=2;0@8=1;0@9=1;1@2=5;1@3=2;1@4=4;1@8=1;1@9=2;2@2=4;2@3=2;2@4=7;2@5=1;2@6=1;2@7=1;2@8=1;2@9=3;3@0=1;3@1=1;3@2=2;3@3=3;3@4=1;3@7=1;3@9=2;4@1=2;4@2=2;4@4=3;4@5=3;4@7=2;4@8=2;4@9=1;5@0=2;5@1=4;5@2=2;5@3=1;5@4=4;5@5=2;5@6=3;5@7=1;5@9=2;6@1=3;6@2=5;6@3=1;6@4=3;6@5=1;6@6=3;6@7=2;7@0=2;7@1=1;7@2=4;7@4=2;7@6=2;8@0=1;8@1=1;8@2=4;8@4=1;8@6=2;8@9=1;9@1=1;9@2=2;9@4=2;9@8=1,"0,1,2,3,4,5,6,7,8,9",144,68,0,68,0.0,0.0,0.0,0.0,0.0,0.0,0.0,0.0,"Feasible(status=11,gap=13.876511)"
1386,1385,0,0,0,-,0:4|8;1:5|7;2:5|7|8;3:5|6|8;4:7|9;5:0|1|8|9;6:8;7:0|3|4|5|6;8:3|4|5|8;9:0|7|8,0:-;1:-;2:-;3:-;4:-;5:-;6:-;7:-;8:-;9:-,0@2=2;0@3=1;0@4=1;0@5=2;0@7=1;0@9=1;1@2=3;1@3=1;1@4=1;1@5=1;1@7=1;1@9=1;2@2=3;2@3=2;2@4=1;2@5=3;2@7=3;2@0=2;2@1=2;2@8=2;3@2=2;3@3=3;3@4=1;3@5=1;3@7=1;3@1=4;3@8=2;4@2=1;4@3=3;4@4=3;4@5=4;4@7=1;4@9=1;4@0=1;4@1=5;4@8=1;4@6=1;5@2=4;5@3=1;5@4=1;5@7=1;5@9=1;5@1=1;5@6=1;6@2=5;6@4=4;6@9=1;6@0=1;6@1=3;6@8=2;7@2=2;7@4=1;7@5=1;7@0=1;7@1=1;7@6=2;8@2=2;8@3=1;8@4=4;8@7=2;8@1=1;9@2=1;9@7=2;9@0=1;9@1=1;9@8=1,"2,3,4,5,7,9,0,1,8,6",119,66,0,66,0.0,0.0,0.0,0.0,0.0,0.0,0.0,0.0,"Feasible(status=11,gap=13.876511)"
1387,1386,0,0,0,-,0:4|8;1:5|7;2:5|7|8;3:5|6|8;4:7|9;5:0|1|8|9;6:8;7:0|3|4|5|6;8:3|4|5|8;9:0|7|8,0:-;1:-;2:-;3:-;4:-;5:-;6:-;7:-;8:-;9:-,0@1=2;0@2=1;0@3=1;0@4=1;0@6=1;0@7=1;1@1=2;1@2=1;1@4=2;1@7=1;1@0=1;1@8=1;2@1=1;2@2=3;2@4=2;2@7=1;2@0=3;2@8=2;2@5=2;2@9=2;3@2=3;3@4=1;3@7=1;3@5=1;3@9=1;4@1=4;4@2=4;4@3=1;4@4=3;4@6=1;4@7=1;4@5=2;5@1=1;5@2=3;5@6=1;5@7=2;5@0=2;5@8=1;5@5=1;5@9=2;6@1=1;6@2=3;6@3=3;6@4=5;6@6=3;6@0=1;6@5=1;7@1=2;7@2=1;7@3=1;7@0=2;7@5=1;8@2=1;8@4=1;8@6=1;8@0=1;9@1=1;9@6=3;9@7=1;9@9=1,"1,2,3,4,6,7,0,8,5,9",101,60,0,60,0.0,0.0,0.0,0.0,0.0,0.0,0.0,0.0,"Feasible(status=11,gap=13.876511)"
1388,1387,0,0,0,-,0:4|8;1:5|7;2:5|7|8;3:5|6|8;4:7|9;5:0|1|8|9;6:8;7:0|3|4|5|6;8:3|4|5|8;9:0|7|8,0:-;1:-;2:-;3:-;4:-;5:-;6:-;7:-;8:-;9:-,0@0=2;0@1=1;0@2=1;0@4=2;0@5=1;0@8=2;0@9=1;1@0=2;1@4=1;1@5=1;1@6=1;2@1=3;2@2=3;2@9=1;2@7=1;3@0=2;3@2=4;3@5=1;3@8=1;3@9=3;3@6=1;3@3=2;4@1=3;4@2=2;4@4=2;4@5=1;4@9=2;4@6=2;5@2=5;5@4=1;5@5=1;5@8=1;5@3=2;6@1=2;6@2=4;6@4=5;6@5=3;6@8=3;6@9=1;6@3=1;7@0=1;7@2=5;7@4=1;7@8=1;7@9=1;7@6=1;8@2=1;8@4=1;8@7=1;8@3=2;9@3=2,"0,1,2,4,5,8,9,6,7,3",95,51,0,51,0.0,0.0,0.0,0.0,0.0,0.0,0.0,0.0,"Feasible(status=11,gap=13.876511)"
1389,1388,0,0,0,-,0:4|8;1:5|7;2:5|7|8;3:5|6|8;4:7|9;5:0|1|8|9;6:8;7:0|3|4|5|6;8:3|4|5|8;9:0|7|8,0:-;1:-;2:-;3:-;4:-;5:-;6:-;7:-;8:-;9:-,0@1=1;0@2=1;0@3=2;0@4=3;0@6=1;1@2=1;1@4=1;1@6=2;1@7=1;1@9=1;2@1=3;2@2=4;2@4=4;2@6=1;2@7=1;2@9=1;2@0=3;2@5=2;2@8=1;3@2=4;3@3=2;3@4=2;3@5=1;4@1=3;4@2=7;4@3=1;4@4=3;4@6=2;4@7=1;4@9=3;4@0=1;4@5=2;4@8=2;5@1=2;5@2=3;5@4=3;5@6=1;5@0=1;5@5=2;5@8=1;6@1=1;6@2=3;6@3=2;6@4=3;6@6=1;6@9=1;6@0=1;6@5=2;7@1=1;7@2=1;7@3=1;7@4=2;7@9=2;7@0=1;7@8=2;8@1=1;8@2=1;8@3=1;8@4=3;8@6=1;9@1=2;9@2=2;9@7=1,"1,2,3,4,6,7,9,0,5,8",117,63,0,63,0.0,0.0,0.0,0.0,0.0,0.0,0.0,0.0,"Feasible(status=11,gap=13.876511)"
1390,1389,0,0,0,-,0:4|8;1:5|7;2:5|7|8;3:5|6|8;4:7|9;5:0|1|8|9;6:8;7:0|3|4|5|6;8:3|4|5|8;9:0|7|8,0:-;1:-;2:-;3:-;4:-;5:-;6:-;7:-;8:-;9:-,0@1=1;0@2=2;0@3=1;0@4=2;0@5=1;0@7=1;0@8=1;1@1=2;1@2=4;1@3=1;1@4=3;1@5=1;1@7=2;1@0=1;1@9=1;2@1=2;2@2=3;2@4=2;2@5=2;2@7=2;3@2=3;3@4=6;3@5=1;3@7=1;3@8=1;3@9=4;4@1=2;4@2=2;4@3=1;4@4=1;4@5=2;4@7=2;4@8=3;4@0=3;4@9=1;4@6=2;5@1=1;5@2=3;5@4=4;5@8=3;6@1=2;6@2=2;6@3=2;6@5=1;6@8=1;6@0=1;6@9=3;6@6=4;7@2=1;7@4=3;7@8=1;8@1=1;8@2=1;8@3=2;8@4=3;8@7=2;8@0=1;8@6=2;9@1=1;9@3=1;9@4=1;9@9=1;9@6=1,"1,2,3,4,5,7,8,0,9,6",119,63,0,63,0.0,0.0,0.0,0.0,0.0,0.0,0.0,0.0,"Feasible(status=11,gap=13.876511)"
1391,1390,0,0,0,-,0:4|8;1:5|7;2:5|7|8;3:5|6|8;4:7|9;5:0|1|8|9;6:8;7:0|3|4|5|6;8:3|4|5|8;9:0|7|8,0:-;1:-;2:-;3:-;4:-;5:-;6:-;7:-;8:-;9:-,0@0=1;0@2=1;0@3=1;0@4=3;0@6=1;0@7=2;0@9=1;1@2=2;1@4=3;1@6=1;1@9=1;2@0=1;2@2=4;2@3=1;2@4=2;2@6=1;2@9=2;3@0=1;3@2=5;3@4=3;3@6=1;3@7=1;3@1=2;3@5=1;4@0=2;4@2=2;4@4=2;4@6=4;4@9=1;4@1=1;4@8=1;5@2=1;5@3=1;5@4=3;5@6=1;5@9=1;5@1=1;5@8=1;6@0=2;6@2=3;6@3=1;6@4=1;6@6=1;6@7=2;6@8=1;7@2=2;7@4=1;7@7=4;7@8=1;8@4=2;8@6=2;8@1=2;8@8=1;9@4=1;9@1=2,"0,2,3,4,6,7,9,1,5,8",93,55,0,55,0.0,0.0,0.0,0.0,0.0,0.0,0.0,0.0,"Feasible(status=11,gap=13.876511)"
1392,1391,0,0,0,-,0:4|8;1:5|7;2:5|7|8;3:5|6|8;4:7|9;5:0|1|8|9;6:8;7:0|3|4|5|6;8:3|4|5|8;9:0|7|8,0:-;1:-;2:-;3:-;4:-;5:-;6:-;7:-;8:-;9:-,0@0=1;0@1=1;0@4=4;0@6=1;1@1=2;1@4=1;1@6=1;1@2=1;1@7=1;1@9=3;2@0=1;2@4=4;2@6=1;2@2=5;2@7=1;2@3=1;2@5=3;3@0=2;3@1=4;3@4=2;3@6=2;3@2=3;3@9=1;4@0=2;4@1=1;4@4=1;4@2=3;4@7=2;4@9=1;4@5=2;4@8=1;5@1=2;5@6=2;5@9=1;5@8=2;6@1=1;6@4=5;6@2=1;6@3=2;6@5=3;6@8=2;7@0=1;7@4=1;7@2=1;7@9=1;7@5=2;8@4=2;8@2=2;8@9=1;8@8=1;9@1=3;9@2=1;9@8=3,"0,1,4,6,2,7,9,3,5,8",99,53,0,53,0.0,0.0,0.0,0.0,0.0,0.0,0.0,0.0,"Feasible(status=11,gap=13.876511)"
1393,1392,0,0,0,-,0:4|8;1:5|7;2:5|7|8;3:5|6|8;4:7|9;5:0|1|8|9;6:8;7:0|3|4|5|6;8:3|4|5|8;9:0|7|8,0:-;1:-;2:-;3:-;4:-;5:-;6:-;7:-;8:-;9:-,1@1=1;1@2=2;1@3=1;1@4=2;1@7=1;2@2=2;2@3=1;2@4=3;2@6=3;2@8=2;3@2=2;3@3=1;3@4=5;3@6=1;3@8=1;3@0=1;3@5=1;3@9=2;4@2=2;4@3=3;4@7=1;4@6=1;4@8=2;4@0=1;4@9=1;5@1=1;5@2=1;5@3=1;5@4=3;5@6=1;5@8=1;5@0=2;5@5=1;6@1=2;6@2=2;6@3=2;6@4=1;6@8=2;6@9=1;7@4=3;8@2=1;8@4=1;8@0=2;9@2=1,"1,2,3,4,7,6,8,0,5,9",72,44,0,44,0.0,0.0,0.0,0.0,0.0,0.0,0.0,0.0,"Feasible(status=11,gap=13.876511)"
1394,1393,0,0,0,-,0:4|8;1:5|7;2:5|7|8;3:5|6|8;4:7|9;5:0|1|8|9;6:8;7:0|3|4|5|6;8:3|4|5|8;9:0|7|8,0:-;1:-;2:-;3:-;4:-;5:-;6:-;7:-;8:-;9:-,0@8=1;1@0=1;1@2=1;1@4=1;1@5=2;1@9=1;2@2=3;2@4=3;2@1=1;2@3=2;3@8=2;3@2=5;3@4=2;3@5=1;3@1=1;3@6=2;4@2=1;4@5=1;4@6=2;5@0=2;5@2=1;5@4=3;5@5=1;5@9=1;5@1=2;5@6=1;5@7=1;6@8=1;6@2=1;6@4=4;6@5=2;6@9=1;6@1=2;6@3=1;6@6=2;7@8=1;7@0=1;7@2=2;7@4=1;7@9=1;7@3=2;8@8=1;8@4=1;8@5=1;8@9=1;8@1=1;8@7=2;9@8=1;9@4=1;9@6=1;9@7=2,"8,0,2,4,5,9,1,3,6,7",79,51,0,51,0.0,0.0,0.0,0.0,0.0,0.0,0.0,0.0,"Feasible(status=11,gap=13.876511)"
1395,1394,0,0,0,-,0:4|8;1:5|7;2:5|7|8;3:5|6|8;4:7|9;5:0|1|8|9;6:8;7:0|3|4|5|6;8:3|4|5|8;9:0|7|8,0:-;1:-;2:-;3:-;4:-;5:-;6:-;7:-;8:-;9:-,1@1=3;1@2=1;1@4=1;1@8=1;1@9=2;2@2=4;2@4=1;2@9=1;2@0=3;2@3=1;2@7=1;3@2=1;3@8=1;3@0=1;4@1=1;4@2=1;4@4=1;4@9=1;4@0=1;4@3=1;4@5=1;4@6=1;5@1=1;5@2=1;5@4=1;5@9=1;5@0=1;5@7=3;6@1=2;6@4=3;6@8=1;6@0=1;7@2=2;7@8=1;7@5=2;8@1=2;8@2=2;8@0=1;8@7=1;8@5=1;9@1=1;9@2=4;9@4=2;9@7=1,"1,2,4,8,9,0,3,7,5,6",65,44,0,44,0.0,0.0,0.0,0.0,0.0,0.0,0.0,0.0,"Feasible(status=11,gap=13.876511)"
1396,1395,0,0,0,-,0:4|8;1:5|7;2:5|7|8;3:5|6|8;4:7|9;5:0|1|8|9;6:8;7:0|3|4|5|6;8:3|4|5|8;9:0|7|8,0:-;1:-;2:-;3:-;4:-;5:-;6:-;7:-;8:-;9:-,1@0=1;1@2=1;1@4=1;1@6=1;2@0=1;2@2=1;2@4=1;2@1=2;2@3=2;3@0=1;3@2=2;3@6=2;3@5=1;3@8=1;3@9=2;4@0=2;4@2=1;4@4=3;4@6=1;4@1=3;4@5=1;4@7=1;5@4=1;5@6=1;5@1=3;6@0=1;6@2=1;6@4=5;6@6=1;6@3=1;6@9=2;6@7=1;7@0=1;7@5=2;8@0=1;8@2=1;8@4=2;8@1=3;8@7=1;9@0=1;9@2=1;9@4=1;9@6=1;9@8=1,"0,2,4,6,1,3,5,8,9,7",65,44,0,44,0.0,0.0,0.0,0.0,0.0,0.0,0.0,0.0,"Feasible(status=11,gap=13.876511)"
1397,1396,0,0,0,-,0:4|8;1:5|7;2:5|7|8;3:5|6|8;4:7|9;5:0|1|8|9;6:8;7:0|3|4|5|6;8:3|4|5|8;9:0|7|8,0:-;1:-;2:-;3:-;4:-;5:-;6:-;7:-;8:-;9:-,1@0=3;1@1=1;1@2=1;1@6=2;1@7=2;1@8=1;1@9=2;2@0=1;2@1=1;2@2=2;2@6=1;2@7=2;2@8=1;2@3=1;2@4=3;2@5=1;3@0=2;3@1=3;3@2=2;3@6=1;3@7=1;3@9=1;3@3=1;3@4=2;3@5=2;4@0=4;4@2=1;4@6=1;4@7=3;4@8=2;4@9=1;4@3=1;4@4=5;4@5=2;5@6=1;5@8=1;5@3=1;5@5=2;6@0=3;6@1=2;6@2=2;6@7=1;6@9=2;6@3=1;6@4=1;7@0=1;7@2=3;7@6=1;7@7=2;7@4=2;8@1=1;8@2=3;8@6=1;8@7=1;8@9=1;8@3=1;8@4=2;9@0=1;9@1=1;9@2=4;9@4=1,"0,1,2,6,7,8,9,3,4,5",103,61,0,61,0.0,0.0,0.0,0.0,0.0,0.0,0.0,0.0,"Feasible(status=11,gap=13.876511)"
1398,1397,0,0,0,-,0:4|8;1:5|7;2:5|7|8;3:5|6|8;4:7|9;5:0|1|8|9;6:8;7:0|3|4|5|6;8:3|4|5|8;9:0|7|8,0:-;1:-;2:-;3:-;4:-;5:-;6:-;7:-;8:-;9:-,0@1=2;0@4=1;0@6=1;1@1=1;1@4=1;1@6=1;1@2=3;1@3=2;1@7=1;1@8=1;2@1=2;2@4=4;2@2=3;2@3=1;2@7=1;2@8=2;2@0=3;3@1=3;3@4=2;3@6=1;3@2=1;3@7=1;3@8=1;3@5=1;3@9=1;4@1=7;4@4=1;4@6=1;4@2=2;4@7=1;4@8=1;4@0=1;4@5=2;4@9=1;5@4=3;5@6=2;5@2=2;5@8=3;5@0=2;5@5=1;6@1=1;6@4=3;6@6=2;6@2=5;6@3=1;6@7=1;6@8=1;6@0=2;6@9=1;7@4=2;7@6=1;7@8=1;7@0=1;8@4=3;8@2=4;8@8=1;8@0=1;8@5=1;8@9=2;9@4=1;9@0=1,"1,4,6,2,3,7,8,0,5,9",107,61,0,61,0.0,0.0,0.0,0.0,0.0,0.0,0.0,0.0,"Feasible(status=11,gap=13.876511)"
1399,1398,0,0,0,-,0:4|8;1:5|7;2:5|7|8;3:5|6|8;4:7|9;5:0|1|8|9;6:8;7:0|3|4|5|6;8:3|4|5|8;9:0|7|8,0:-;1:-;2:-;3:-;4:-;5:-;6:-;7:-;8:-;9:-,0@4=3;0@7=1;0@8=1;1@4=1;1@0=1;1@1=3;1@3=1;1@9=3;2@4=2;2@7=1;2@0=2;2@1=4;2@3=1;2@9=4;2@2=1;3@4=6;3@7=1;3@8=1;3@0=3;3@1=2;3@3=1;3@2=1;3@5=1;3@6=1;4@4=4;4@7=1;4@8=2;4@1=4;4@2=3;4@5=2;5@4=3;5@7=2;5@1=2;5@2=1;5@6=1;6@4=2;6@7=1;6@1=1;6@3=1;6@9=1;6@2=2;6@6=1;7@4=1;7@2=2;8@7=1;8@8=1;8@1=1;8@6=1;9@4=3;9@8=1;9@0=1;9@9=2;9@2=2,"4,7,8,0,1,3,9,2,5,6",96,53,0,53,0.0,0.0,0.0,0.0,0.0,0.0,0.0,0.0,"Feasible(status=11,gap=13.876511)"
1400,1399,0,0,0,-,0:4|8;1:5|7;2:5|7|8;3:5|6|8;4:7|9;5:0|1|8|9;6:8;7:0|3|4|5|6;8:3|4|5|8;9:0|7|8,0:-;1:-;2:-;3:-;4:-;5:-;6:-;7:-;8:-;9:-,1@0=1;1@1=1;1@3=1;1@4=1;1@5=1;1@7=1;2@0=3;2@1=1;2@4=3;2@7=1;2@2=2;2@6=1;2@9=1;3@1=1;3@3=1;3@4=2;3@5=2;3@2=3;3@9=1;4@0=1;4@1=1;4@3=2;4@4=2;4@5=1;4@2=4;4@9=1;4@8=1;5@0=1;5@4=1;5@5=1;5@7=1;5@2=1;5@6=3;6@1=1;6@3=2;6@4=2;6@2=2;6@8=1;7@4=1;7@7=2;8@0=1;8@3=1;8@4=2;8@6=2;8@8=1;9@1=2;9@3=1;9@4=3;9@7=1;9@2=1;9@8=1,"0,1,3,4,5,7,2,6,9,8",76,51,0,51,0.0,0.0,0.0,0.0,0.0,0.0,0.0,0.0,"Feasible(status=11,gap=13.876511)"
1401,1400,0,0,0,-,0:4|8;1:5|7;2:5|7|8;3:5|6|8;4:7|9;5:0|1|8|9;6:8;7:0|3|4|5|6;8:3|4|5|8;9:0|7|8,0:-;1:-;2:-;3:-;4:-;5:-;6:-;7:-;8:-;9:-,0@1=1;0@9=1;1@0=1;1@2=1;1@5=1;2@1=2;2@0=1;2@2=1;2@5=1;2@7=1;2@8=1;3@1=1;3@9=1;3@0=2;3@2=2;3@5=1;3@8=1;3@3=1;3@4=1;3@6=2;4@1=1;4@9=1;4@0=1;4@2=1;4@4=3;5@1=1;5@0=1;5@2=1;5@4=1;6@1=1;6@9=2;6@0=2;6@2=2;6@5=1;6@7=1;6@8=1;6@6=1;7@7=1;8@1=1;8@9=1;8@0=1;8@2=2;8@5=1;8@8=1;8@4=2;9@1=1;9@0=1;9@2=2;9@5=3,"1,9,0,2,5,7,8,3,4,6",63,49,0,49,0.0,0.0,0.0,0.0,0.0,0.0,0.0,0.0,"Feasible(status=11,gap=13.876511)"
1402,1401,0,0,0,-,0:4|8;1:5|7;2:5|7|8;3:5|6|8;4:7|9;5:0|1|8|9;6:8;7:0|3|4|5|6;8:3|4|5|8;9:0|7|8,0:-;1:-;2:-;3:-;4:-;5:-;6:-;7:-;8:-;9:-,0@1=2;0@2=2;0@4=1;0@9=2;1@4=2;1@9=1;1@3=1;1@8=1;2@4=1;2@9=1;2@0=1;3@1=2;3@2=1;3@6=1;4@1=2;4@2=1;4@9=1;4@0=1;4@6=2;5@2=1;5@4=2;5@9=1;5@3=1;5@6=2;5@7=1;6@1=1;6@4=3;6@3=1;6@8=1;6@6=1;6@7=1;7@1=1;7@4=2;8@1=1;8@2=1;8@4=2;8@8=1;8@0=1;8@5=1;9@6=1,"1,2,4,9,3,8,0,6,7,5",53,40,0,40,0.0,0.0,0.0,0.0,0.0,0.0,0.0,0.0,"Feasible(status=11,gap=13.876511)"
1403,1402,0,0,0,-,0:4|8;1:5|7;2:5|7|8;3:5|6|8;4:7|9;5:0|1|8|9;6:8;7:0|3|4|5|6;8:3|4|5|8;9:0|7|8,0:-;1:-;2:-;3:-;4:-;5:-;6:-;7:-;8:-;9:-,0@6=1;0@7=1;1@0=1;1@2=2;1@4=1;1@8=1;2@2=2;2@8=1;2@3=2;2@9=1;3@6=1;3@2=1;3@4=1;3@1=1;4@0=1;4@2=2;4@4=1;4@8=1;4@1=2;4@5=2;5@7=1;5@2=1;5@3=1;5@1=1;6@0=1;6@2=4;6@4=1;6@3=1;6@1=3;6@5=1;7@4=1;8@2=1;8@8=1;8@9=1;8@5=2;9@7=1;9@2=1;9@4=1,"6,7,0,2,4,8,3,9,1,5",50,38,0,38,0.0,0.0,0.0,0.0,0.0,0.0,0.0,0.0,"Feasible(status=11,gap=13.876511)"
1404,1403,0,0,0,-,0:4|8;1:5|7;2:5|7|8;3:5|6|8;4:7|9;5:0|1|8|9;6:8;7:0|3|4|5|6;8:3|4|5|8;9:0|7|8,0:-;1:-;2:-;3:-;4:-;5:-;6:-;7:-;8:-;9:-,0@8=1;0@9=1;1@2=1;1@3=1;1@5=1;2@2=1;2@3=3;2@5=1;2@0=2;2@1=1;2@4=1;2@7=1;3@2=3;3@0=1;3@4=1;3@6=1;4@2=3;4@5=2;4@0=1;4@1=1;4@4=3;4@7=1;4@6=1;5@8=1;5@3=1;5@1=2;5@4=2;5@7=3;6@9=2;6@1=1;6@4=1;6@7=1;6@6=2;7@2=2;7@0=2;7@7=1;7@6=1;8@2=2;8@5=2;8@0=2;8@7=3;8@6=1;9@8=2;9@2=1;9@1=1;9@4=1,"8,9,2,3,5,0,1,4,7,6",70,46,0,46,0.0,0.0,0.0,0.0,0.0,0.0,0.0,0.0,"Feasible(status=11,gap=13.876511)"
1405,1404,0,0,0,-,0:4|8;1:5|7;2:5|7|8;3:5|6|8;4:7|9;5:0|1|8|9;6:8;7:0|3|4|5|6;8:3|4|5|8;9:0|7|8,0:-;1:-;2:-;3:-;4:-;5:-;6:-;7:-;8:-;9:-,0@0=2;0@1=2;0@2=2;0@3=1;0@6=1;0@7=1;0@8=1;0@9=1;1@0=1;1@2=1;1@8=1;2@3=2;2@6=1;2@7=1;2@9=1;2@4=6;3@1=1;3@2=1;3@6=1;3@7=1;3@8=1;3@9=1;3@4=3;4@0=1;4@1=2;4@2=2;4@3=2;4@7=2;4@9=1;4@4=1;4@5=1;5@0=2;5@1=1;5@2=1;5@3=1;5@7=1;5@9=2;5@4=2;6@2=3;6@6=1;6@7=1;6@8=1;6@4=2;7@6=1;7@4=1;7@5=1;8@1=2;8@2=1;8@3=1;8@7=1;8@8=1;8@4=1;8@5=1;9@3=2;9@9=1;9@4=2;9@5=1,"0,1,2,3,6,7,8,9,4,5",81,57,0,57,0.0,0.0,0.0,0.0,0.0,0.0,0.0,0.0,"Feasible(status=11,gap=13.876511)"
1406,1405,0,0,0,-,0:4|8;1:5|7;2:5|7|8;3:5|6|8;4:7|9;5:0|1|8|9;6:8;7:0|3|4|5|6;8:3|4|5|8;9:0|7|8,0:-;1:-;2:-;3:-;4:-;5:-;6:-;7:-;8:-;9:-,0@0=1;0@4=1;0@5=1;0@6=1;0@9=3;1@4=1;1@6=1;1@1=2;1@8=1;2@4=3;2@6=1;2@2=2;2@3=2;2@7=1;3@4=1;3@5=1;3@6=2;3@2=1;3@7=2;4@4=1;4@5=1;4@6=1;4@9=2;4@8=3;4@2=1;5@0=1;5@4=2;5@5=1;5@9=1;5@2=1;6@0=1;6@5=1;6@8=2;6@3=1;7@8=1;8@9=1;8@1=2;9@4=2;9@6=1;9@2=2;9@3=2,"0,4,5,6,9,1,8,2,3,7",59,41,0,41,0.0,0.0,0.0,0.0,0.0,0.0,0.0,0.0,"Feasible(status=11,gap=13.876511)"
1407,1406,0,0,0,-,0:4|8;1:5|7;2:5|7|8;3:5|6|8;4:7|9;5:0|1|8|9;6:8;7:0|3|4|5|6;8:3|4|5|8;9:0|7|8,0:-;1:-;2:-;3:-;4:-;5:-;6:-;7:-;8:-;9:-,0@0=3;0@1=3;0@2=1;0@7=1;1@0=2;1@2=2;1@7=2;1@4=2;1@8=2;2@1=2;2@2=2;2@4=1;2@8=2;2@3=1;2@6=1;3@1=1;3@2=3;3@5=2;3@9=1;4@0=1;4@1=1;4@7=1;4@4=1;4@8=1;4@3=1;5@1=1;5@4=2;5@8=1;5@3=1;5@9=1;6@1=2;6@2=2;6@7=1;6@8=1;6@6=1;6@5=2;7@0=1;7@2=1;7@7=1;7@3=1;8@1=1;8@7=3;8@4=3;9@2=2;9@4=2;9@8=1,"0,1,2,7,4,8,3,6,5,9",71,46,0,46,0.0,0.0,0.0,0.0,0.0,0.0,0.0,0.0,"Feasible(status=11,gap=13.876511)"
1408,1407,0,0,0,-,0:4|8;1:5|7;2:5|7|8;3:5|6|8;4:7|9;5:0|1|8|9;6:8;7:0|3|4|5|6;8:3|4|5|8;9:0|7|8,0:-;1:-;2:-;3:-;4:-;5:-;6:-;7:-;8:-;9:-,0@0=1;0@1=1;0@4=2;0@5=1;0@7=1;0@8=1;0@9=1;1@7=1;1@3=1;2@0=1;2@4=3;2@9=1;2@2=5;3@0=1;3@1=2;3@4=1;3@9=1;3@2=4;4@4=2;4@5=1;4@7=2;4@9=1;4@2=1;4@6=1;5@5=1;5@2=1;6@0=1;6@1=1;7@0=1;7@9=1;8@1=1;8@4=1;8@2=1;9@1=1;9@5=1;9@9=1;9@2=1,"0,1,4,5,7,8,9,3,2,6",50,37,0,37,0.0,0.0,0.0,0.0,0.0,0.0,0.0,0.0,"Feasible(status=11,gap=13.876511)"
1409,1408,0,0,0,-,0:4|8;1:5|7;2:5|7|8;3:5|6|8;4:7|9;5:0|1|8|9;6:8;7:0|3|4|5|6;8:3|4|5|8;9:0|7|8,0:-;1:-;2:-;3:-;4:-;5:-;6:-;7:-;8:-;9:-,0@0=2;0@1=1;0@2=1;0@4=1;0@6=1;0@7=1;1@1=2;1@2=1;1@4=1;2@0=1;2@1=1;2@4=1;2@9=1;3@1=2;3@7=1;3@3=1;3@5=1;3@8=1;4@2=2;4@4=2;4@3=1;4@8=2;5@1=1;5@4=1;5@3=1;5@8=1;6@0=1;6@4=3;6@6=1;6@7=1;7@0=1;7@1=1;7@5=1;8@0=1;8@1=1;8@2=1;8@4=1;8@6=1;8@9=3;8@8=1;9@2=1;9@4=2,"0,1,2,4,6,7,9,3,5,8",53,42,0,42,0.0,0.0,0.0,0.0,0.0,0.0,0.0,0.0,"Feasible(status=11,gap=13.876511)"
1410,1409,0,0,0,-,0:4|8;1:5|7;2:5|7|8;3:5|6|8;4:7|9;5:0|1|8|9;6:8;7:0|3|4|5|6;8:3|4|5|8;9:0|7|8,0:-;1:-;2:-;3:-;4:-;5:-;6:-;7:-;8:-;9:-,0@4=1;0@7=2;0@9=1;1@0=1;1@1=1;1@5=1;1@6=1;2@1=1;2@6=1;2@2=1;2@8=2;3@4=1;4@7=1;4@9=2;4@0=2;4@5=1;4@6=1;4@2=2;5@0=1;5@1=1;5@5=1;5@2=2;5@8=1;5@3=1;6@4=3;6@1=1;6@2=3;7@3=1;8@9=1;8@5=1;8@2=2;8@3=2;9@4=1;9@2=2,"4,7,9,0,1,5,6,2,8,3",47,34,0,34,0.0,0.0,0.0,0.0,0.0,0.0,0.0,0.0,"Feasible(status=11,gap=13.876511)"
1411,1410,0,0,0,-,0:4|8;1:5|7;2:5|7|8;3:5|6|8;4:7|9;5:0|1|8|9;6:8;7:0|3|4|5|6;8:3|4|5|8;9:0|7|8,0:-;1:-;2:-;3:-;4:-;5:-;6:-;7:-;8:-;9:-,0@4=1;0@7=1;1@4=1;1@7=1;1@0=2;1@5=1;1@6=1;1@8=1;1@9=2;2@0=1;2@5=1;2@6=1;2@9=1;2@1=1;2@2=3;2@3=2;3@4=1;3@0=1;3@9=1;3@1=1;3@2=3;4@4=1;4@7=1;4@0=1;4@5=1;4@1=1;4@2=2;4@3=1;5@0=1;5@5=1;5@6=1;5@1=2;5@2=2;6@4=2;6@0=2;6@9=1;6@2=1;7@8=1;7@1=2;7@2=3;8@4=2;8@1=1;8@2=1;9@4=2;9@0=1;9@1=1;9@2=1;9@3=1,"4,7,0,5,6,8,9,1,2,3",65,48,0,48,0.0,0.0,0.0,0.0,0.0,0.0,0.0,0.0,"Feasible(status=11,gap=13.876511)"
1412,1411,0,0,0,-,0:4|8;1:5|7;2:5|7|8;3:5|6|8;4:7|9;5:0|1|8|9;6:8;7:0|3|4|5|6;8:3|4|5|8;9:0|7|8,0:-;1:-;2:-;3:-;4:-;5:-;6:-;7:-;8:-;9:-,0@1=1;0@2=1;0@5=2;0@6=2;0@8=1;0@9=3;1@2=3;1@3=1;1@7=1;2@2=1;2@6=2;2@8=1;2@9=1;2@4=3;3@3=1;3@7=1;4@1=2;4@8=1;4@9=2;4@7=1;4@4=1;5@2=1;5@5=1;5@9=1;5@4=1;6@1=1;6@2=2;6@5=2;6@6=1;6@8=1;6@9=2;6@4=2;7@2=4;7@5=1;8@1=2;8@9=1;8@4=2;8@0=1;9@2=2;9@5=1;9@9=1;9@7=1;9@4=1,"1,2,5,6,8,9,3,7,4,0",64,43,0,43,0.0,0.0,0.0,0.0,0.0,0.0,0.0,0.0,"Feasible(status=11,gap=13.876511)"
1413,1412,0,0,0,-,0:4|8;1:5|7;2:5|7|8;3:5|6|8;4:7|9;5:0|1|8|9;6:8;7:0|3|4|5|6;8:3|4|5|8;9:0|7|8,0:-;1:-;2:-;3:-;4:-;5:-;6:-;7:-;8:-;9:-,0@0=1;0@1=2;0@9=1;1@0=1;1@9=2;1@7=1;2@0=1;2@1=1;2@7=1;2@2=2;2@3=1;2@4=1;2@6=1;3@3=1;3@5=1;4@0=1;4@4=3;5@7=1;5@2=2;6@0=1;6@2=1;6@6=2;6@5=1;7@0=1;7@2=1;8@2=1;8@4=2;8@6=1;8@8=1;9@4=1,"0,1,9,7,2,3,4,6,5,8",38,30,0,30,0.0,0.0,0.0,0.0,0.0,0.0,0.0,0.0,"Feasible(status=11,gap=13.876511)"
1414,1413,0,0,0,-,0:4|8;1:5|7;2:5|7|8;3:5|6|8;4:7|9;5:0|1|8|9;6:8;7:0|3|4|5|6;8:3|4|5|8;9:0|7|8,0:-;1:-;2:-;3:-;4:-;5:-;6:-;7:-;8:-;9:-,0@2=1;0@3=1;1@0=2;1@1=1;2@0=1;2@1=1;3@2=2;3@3=1;3@6=1;4@2=1;4@6=1;4@4=2;4@8=1;5@0=1;5@1=2;5@4=1;7@8=1;8@6=1;8@4=1,"2,3,0,1,6,4,8",23,19,0,19,0.0,0.0,0.0,0.0,0.0,0.0,0.0,0.0,"Feasible(status=11,gap=13.876511)"
1415,1414,0,0,0,-,0:4|8;1:5|7;2:5|7|8;3:5|6|8;4:7|9;5:0|1|8|9;6:8;7:0|3|4|5|6;8:3|4|5|8;9:0|7|8,0:-;1:-;2:-;3:-;4:-;5:-;6:-;7:-;8:-;9:-,0@3=1;0@7=1;0@9=1;1@3=1;1@1=1;1@4=1;2@7=1;2@4=1;2@0=1;2@2=1;2@5=1;3@1=1;3@4=2;3@2=2;3@5=1;3@6=1;4@3=1;4@2=1;5@3=2;5@7=1;5@9=1;5@1=1;5@2=1;5@6=1;6@7=1;6@2=1;7@4=2;7@0=1;7@2=1;8@3=1;8@9=1;8@1=1;8@6=2;9@3=1;9@9=1;9@1=1;9@4=1,"3,7,9,1,4,0,2,5,6",42,37,0,37,0.0,0.0,0.0,0.0,0.0,0.0,0.0,0.0,"Feasible(status=11,gap=13.876511)"
1416,1415,0,0,0,-,0:4|8;1:5|7;2:5|7|8;3:5|6|8;4:7|9;5:0|1|8|9;6:8;7:0|3|4|5|6;8:3|4|5|8;9:0|7|8,0:-;1:-;2:-;3:-;4:-;5:-;6:-;7:-;8:-;9:-,0@3=1;0@9=1;1@4=1;2@9=1;2@4=1;2@2=1;2@6=2;3@1=1;3@7=1;4@3=1;4@2=1;4@6=1;4@1=3;4@0=1;5@6=2;5@1=2;6@1=1;6@7=1;7@4=2;7@2=1;7@0=1;8@2=1;8@1=3;8@5=1;9@4=1;9@2=1;9@7=1;9@5=1,"3,9,4,2,6,1,7,0,5",36,28,0,28,0.0,0.0,0.0,0.0,0.0,0.0,0.0,0.0,"Feasible(status=11,gap=13.876511)"
1417,1416,0,0,0,-,0:4|8;1:5|7;2:5|7|8;3:5|6|8;4:7|9;5:0|1|8|9;6:8;7:0|3|4|5|6;8:3|4|5|8;9:0|7|8,0:-;1:-;2:-;3:-;4:-;5:-;6:-;7:-;8:-;9:-,0@2=1;0@5=1;0@6=2;0@8=1;1@6=1;1@4=3;1@9=1;2@2=1;2@6=1;2@4=1;2@9=1;2@0=1;2@1=1;3@2=1;3@8=3;3@0=2;3@7=1;4@2=1;4@4=1;4@9=1;4@1=1;4@3=2;5@2=1;5@6=1;5@8=1;5@4=1;5@9=1;5@1=2;6@2=1;6@6=1;6@9=1;6@3=1;8@2=1;8@6=1;8@4=2;8@0=3;8@1=1;8@3=1;9@4=1;9@9=1;9@1=1;9@7=1;9@3=1,"2,5,6,8,4,9,0,1,7,3",54,43,0,43,0.0,0.0,0.0,0.0,0.0,0.0,0.0,0.0,"Feasible(status=11,gap=13.876511)"
1418,1417,0,0,0,-,0:4|8;1:5|7;2:5|7|8;3:5|6|8;4:7|9;5:0|1|8|9;6:8;7:0|3|4|5|6;8:3|4|5|8;9:0|7|8,0:-;1:-;2:-;3:-;4:-;5:-;6:-;7:-;8:-;9:-,0@0=1;0@2=2;0@3=1;0@5=1;0@6=1;0@9=3;1@5=1;1@4=3;2@3=2;2@9=2;2@4=3;2@7=1;3@0=1;3@2=3;3@3=1;3@9=1;3@4=1;4@0=1;4@2=1;4@3=2;4@5=2;4@6=1;4@9=1;4@4=2;4@8=1;5@2=2;5@3=2;5@5=2;5@6=1;5@7=2;5@8=2;5@1=1;6@6=3;6@9=1;6@4=1;6@7=1;7@0=1;7@9=1;7@4=1;8@2=4;8@6=1;8@9=2;8@8=1;8@1=1;9@0=1;9@2=2;9@3=1;9@6=1;9@4=1;9@7=1;9@8=1,"0,2,3,5,6,9,4,7,8,1",77,51,0,51,0.0,0.0,0.0,0.0,0.0,0.0,0.0,0.0,"Feasible(status=11,gap=13.876511)"
1419,1418,0,0,0,-,0:4|8;1:5|7;2:5|7|8;3:5|6|8;4:7|9;5:0|1|8|9;6:8;7:0|3|4|5|6;8:3|4|5|8;9:0|7|8,0:-;1:-;2:-;3:-;4:-;5:-;6:-;7:-;8:-;9:-,0@1=1;0@2=1;0@3=2;0@4=2;0@6=1;0@9=4;1@2=3;1@9=1;2@1=2;2@2=2;2@4=1;2@6=2;2@0=1;2@5=1;2@7=1;3@3=2;3@4=1;3@0=1;3@5=1;3@8=1;4@1=1;4@2=4;4@4=2;4@5=1;4@7=1;5@3=1;5@4=1;5@6=1;5@9=1;5@7=2;5@8=1;6@1=1;6@2=1;6@4=1;6@6=2;6@9=1;6@5=1;7@2=1;8@2=1;8@3=1;8@4=1;8@6=1;8@0=1;9@9=1;9@7=2,"1,2,3,4,6,9,0,5,7,8",63,45,0,45,0.0,0.0,0.0,0.0,0.0,0.0,0.0,0.0,"Feasible(status=11,gap=13.876511)"
1420,1419,0,0,0,-,0:4|8;1:5|7;2:5|7|8;3:5|6|8;4:7|9;5:0|1|8|9;6:8;7:0|3|4|5|6;8:3|4|5|8;9:0|7|8,0:-;1:-;2:-;3:-;4:-;5:-;6:-;7:-;8:-;9:-,0@2=1;0@4=1;0@6=1;2@2=2;2@4=2;2@3=1;2@5=1;2@8=2;2@9=1;3@2=4;4@5=4;4@1=1;5@2=1;5@4=1;6@4=1;6@6=1;6@5=1;7@2=2;8@8=1;8@1=3;8@7=1;9@4=1;9@6=1;9@5=1,"2,4,6,3,5,8,9,1,7",36,24,0,24,0.0,0.0,0.0,0.0,0.0,0.0,0.0,0.0,"Feasible(status=11,gap=13.876511)"
1421,1420,0,0,0,-,0:4|8;1:5|7;2:5|7|8;3:5|6|8;4:7|9;5:0|1|8|9;6:8;7:0|3|4|5|6;8:3|4|5|8;9:0|7|8,0:-;1:-;2:-;3:-;4:-;5:-;6:-;7:-;8:-;9:-,0@4=1;1@4=1;1@1=1;1@2=1;2@1=1;2@2=2;2@0=2;2@3=1;2@5=2;2@7=1;2@9=1;3@4=2;3@1=1;3@0=1;3@7=1;4@1=2;4@2=1;4@5=1;4@7=2;4@8=1;5@4=2;5@5=1;5@6=1;6@4=2;6@2=1;6@0=2;6@5=1;7@4=1;7@2=1;7@3=1;8@4=1;8@1=1;8@5=1;8@6=1;9@1=1;9@3=1;9@6=1,"4,1,2,0,3,5,7,9,8,6",46,37,0,37,0.0,0.0,0.0,0.0,0.0,0.0,0.0,0.0,"Feasible(status=11,gap=13.876511)"
1422,1421,0,0,0,-,0:4|8;1:5|7;2:5|7|8;3:5|6|8;4:7|9;5:0|1|8|9;6:8;7:0|3|4|5|6;8:3|4|5|8;9:0|7|8,0:-;1:-;2:-;3:-;4:-;5:-;6:-;7:-;8:-;9:-,0@1=2;0@4=2;0@9=2;1@4=2;1@9=2;2@1=1;2@2=1;3@4=1;3@9=1;3@3=1;3@6=1;3@8=1;4@4=1;4@5=1;5@4=1;5@9=1;5@2=1;5@5=1;6@1=1;6@2=1;6@8=1;7@9=1;7@6=1;8@4=1;8@2=1;8@5=1;9@4=2;9@2=1;9@3=1;9@7=1,"1,4,9,2,3,6,8,5,7",36,30,0,30,0.0,0.0,0.0,0.0,0.0,0.0,0.0,0.0,"Feasible(status=11,gap=13.876511)"
1423,1422,0,0,0,-,0:4|8;1:5|7;2:5|7|8;3:5|6|8;4:7|9;5:0|1|8|9;6:8;7:0|3|4|5|6;8:3|4|5|8;9:0|7|8,0:-;1:-;2:-;3:-;4:-;5:-;6:-;7:-;8:-;9:-,0@1=1;0@2=2;1@4=1;1@5=1;2@1=1;2@2=1;2@4=3;2@5=1;2@0=1;2@6=1;2@7=1;2@8=1;3@2=1;3@0=1;3@3=2;4@3=1;5@4=1;6@1=1;6@2=2;6@4=1;7@8=1;8@2=1;8@4=2;8@5=2;8@7=1;8@3=1;9@4=1;9@0=1,"1,2,4,5,0,6,7,8,3",35,28,0,28,0.0,0.0,0.0,0.0,0.0,0.0,0.0,0.0,"Feasible(status=11,gap=13.876511)"
1424,1423,0,0,0,-,0:4|8;1:5|7;2:5|7|8;3:5|6|8;4:7|9;5:0|1|8|9;6:8;7:0|3|4|5|6;8:3|4|5|8;9:0|7|8,0:-;1:-;2:-;3:-;4:-;5:-;6:-;7:-;8:-;9:-,0@2=1;0@3=1;0@8=1;1@4=1;2@4=1;2@1=1;2@6=1;3@2=2;3@4=2;3@5=1;4@2=1;4@8=1;4@4=1;4@1=2;4@6=1;5@2=1;5@4=1;5@1=2;6@2=2;6@4=1;6@1=1;6@9=1;7@2=1;7@1=1;8@3=1;8@6=1;8@9=2;9@2=2;9@4=1,"2,3,8,4,1,6,5,9",36,29,0,29,0.0,0.0,0.0,0.0,0.0,0.0,0.0,0.0,"Feasible(status=11,gap=13.876511)"
1425,1424,0,0,0,-,0:4|8;1:5|7;2:5|7|8;3:5|6|8;4:7|9;5:0|1|8|9;6:8;7:0|3|4|5|6;8:3|4|5|8;9:0|7|8,0:-;1:-;2:-;3:-;4:-;5:-;6:-;7:-;8:-;9:-,0@2=3;0@4=2;0@6=1;0@9=1;1@2=1;2@4=2;2@1=2;2@3=1;2@8=2;3@2=1;3@4=2;3@1=1;3@8=1;3@5=1;4@2=2;4@6=1;4@9=2;4@3=1;5@4=1;5@6=1;5@1=1;5@3=1;6@2=1;6@8=1;7@2=2;7@1=2;7@8=1;7@7=1;8@2=1;8@1=1;8@3=2;8@8=1;8@0=1;9@4=1;9@9=2;9@3=1;9@8=1;9@5=1;9@0=1,"2,4,6,9,1,3,8,5,7,0",52,39,0,39,0.0,0.0,0.0,0.0,0.0,0.0,0.0,0.0,"Feasible(status=11,gap=13.876511)"
1426,1425,0,0,0,-,0:4|8;1:5|7;2:5|7|8;3:5|6|8;4:7|9;5:0|1|8|9;6:8;7:0|3|4|5|6;8:3|4|5|8;9:0|7|8,0:-;1:-;2:-;3:-;4:-;5:-;6:-;7:-;8:-;9:-,0@1=2;0@2=1;0@3=1;0@9=2;1@1=3;1@3=1;1@9=1;1@4=1;1@7=2;1@8=1;2@1=1;2@2=1;2@3=2;2@7=1;2@8=1;2@5=1;3@1=1;3@2=1;3@5=1;3@6=1;4@1=2;4@2=2;4@8=1;4@0=1;5@3=1;5@9=1;5@8=1;5@6=1;5@0=1;7@1=1;7@4=1;7@7=1;7@8=1;8@1=1;8@2=2;8@5=1;8@6=1;8@0=1;9@1=1;9@2=1;9@3=1;9@8=1,"1,2,3,9,4,7,8,5,6,0",51,42,0,42,0.0,0.0,0.0,0.0,0.0,0.0,0.0,0.0,"Feasible(status=11,gap=13.876511)"
1427,1426,0,0,0,-,0:4|8;1:5|7;2:5|7|8;3:5|6|8;4:7|9;5:0|1|8|9;6:8;7:0|3|4|5|6;8:3|4|5|8;9:0|7|8,0:-;1:-;2:-;3:-;4:-;5:-;6:-;7:-;8:-;9:-,0@0=1;0@1=1;0@2=1;0@5=1;0@9=4;1@1=1;1@9=1;1@4=1;1@6=1;1@7=2;2@2=1;2@5=1;2@9=2;2@4=4;2@7=1;2@3=2;2@8=1;3@1=1;3@5=1;3@4=3;3@6=1;4@0=1;4@5=1;4@4=2;4@6=1;4@8=1;5@0=1;5@2=2;5@4=2;5@6=2;7@2=1;7@5=1;7@4=2;8@4=1;8@6=2;9@5=1;9@6=1;9@7=1;9@3=2,"0,1,2,5,9,4,6,7,3,8",57,39,0,39,0.0,0.0,0.0,0.0,0.0,0.0,0.0,0.0,"Feasible(status=11,gap=13.876511)"
1428,1427,0,0,0,-,0:4|8;1:5|7;2:5|7|8;3:5|6|8;4:7|9;5:0|1|8|9;6:8;7:0|3|4|5|6;8:3|4|5|8;9:0|7|8,0:-;1:-;2:-;3:-;4:-;5:-;6:-;7:-;8:-;9:-,0@0=1;0@1=1;0@2=1;0@4=1;0@9=1;2@5=1;3@2=1;3@5=2;4@1=1;4@3=1;4@6=1;4@8=1;5@2=2;5@9=1;7@1=1;7@2=1;9@2=2,"0,1,2,4,9,5,3,6,8",20,17,0,17,0.0,0.0,0.0,0.0,0.0,0.0,0.0,0.0,"Feasible(status=11,gap=13.876511)"
1429,1428,0,0,0,-,0:4|8;1:5|7;2:5|7|8;3:5|6|8;4:7|9;5:0|1|8|9;6:8;7:0|3|4|5|6;8:3|4|5|8;9:0|7|8,0:-;1:-;2:-;3:-;4:-;5:-;6:-;7:-;8:-;9:-,0@4=1;0@5=1;1@2=1;1@7=2;2@4=2;2@5=1;2@3=2;2@9=1;3@1=1;4@4=2;4@3=1;4@9=1;4@1=1;4@0=1;4@6=1;5@4=1;5@2=2;6@7=1;6@1=2;7@9=1;7@1=1;7@0=1;7@6=1;8@3=1;8@1=1;8@8=1;9@2=1;9@6=1,"4,5,2,7,3,9,1,0,6,8",34,28,0,28,0.0,0.0,0.0,0.0,0.0,0.0,0.0,0.0,"Feasible(status=11,gap=13.876511)"
1430,1429,0,0,0,-,0:4|8;1:5|7;2:5|7|8;3:5|6|8;4:7|9;5:0|1|8|9;6:8;7:0|3|4|5|6;8:3|4|5|8;9:0|7|8,0:-;1:-;2:-;3:-;4:-;5:-;6:-;7:-;8:-;9:-,0@1=1;0@4=1;0@8=1;0@9=1;1@9=1;2@6=1;3@4=1;3@9=1;3@6=1;4@9=1;4@6=2;4@2=2;4@5=1;5@4=1;5@9=1;5@7=1;6@4=1;6@0=1;8@4=1;8@2=1;8@3=1;9@1=1;9@4=1;9@5=2;9@0=1,"1,4,8,9,6,2,5,7,0,3",28,25,0,25,0.0,0.0,0.0,0.0,0.0,0.0,0.0,0.0,"Feasible(status=11,gap=13.876511)"
1431,1430,0,0,0,-,0:4|8;1:5|7;2:5|7|8;3:5|6|8;4:7|9;5:0|1|8|9;6:8;7:0|3|4|5|6;8:3|4|5|8;9:0|7|8,0:-;1:-;2:-;3:-;4:-;5:-;6:-;7:-;8:-;9:-,0@4=1;1@1=1;1@2=2;2@4=1;2@1=1;2@2=1;2@0=1;2@5=1;2@8=1;3@2=1;3@5=1;3@6=1;4@1=2;4@3=1;4@7=1;5@4=1;5@1=1;5@8=1;6@4=1;6@1=1;6@2=1;8@2=1;8@7=1;9@4=1;9@9=1,"4,1,2,0,5,8,6,3,7,9",27,25,0,25,0.0,0.0,0.0,0.0,0.0,0.0,0.0,0.0,"Feasible(status=11,gap=13.876511)"
1432,1431,0,0,0,-,0:4|8;1:5|7;2:5|7|8;3:5|6|8;4:7|9;5:0|1|8|9;6:8;7:0|3|4|5|6;8:3|4|5|8;9:0|7|8,0:-;1:-;2:-;3:-;4:-;5:-;6:-;7:-;8:-;9:-,0@2=2;0@4=2;1@1=2;2@0=1;2@5=2;2@7=1;3@2=1;3@4=1;3@7=2;4@4=2;4@1=1;4@0=1;4@7=1;4@6=2;4@8=1;4@9=1;5@2=1;5@4=2;5@9=1;5@3=1;6@2=1;6@3=1;7@2=1;7@4=1;7@5=1;8@4=1;8@0=1;8@9=1;8@3=1;9@2=1;9@1=1,"2,4,1,0,5,7,6,8,9,3",39,31,0,31,0.0,0.0,0.0,0.0,0.0,0.0,0.0,0.0,"Feasible(status=11,gap=13.876511)"
1433,1432,0,0,0,-,0:4|8;1:5|7;2:5|7|8;3:5|6|8;4:7|9;5:0|1|8|9;6:8;7:0|3|4|5|6;8:3|4|5|8;9:0|7|8,0:-;1:-;2:-;3:-;4:-;5:-;6:-;7:-;8:-;9:-,0@1=1;0@2=1;0@3=1;0@4=1;0@6=1;0@8=1;0@9=1;1@1=1;1@2=1;2@1=1;2@2=1;2@3=2;2@4=1;2@8=1;2@9=1;2@7=1;3@1=1;3@2=1;3@4=1;4@1=1;4@2=2;4@5=1;5@2=3;5@4=1;5@7=1;5@0=1;6@3=1;6@7=1;7@2=1;7@6=1;7@7=1;8@1=2;8@2=1;8@3=1;8@9=2;8@7=1;8@0=1;9@8=1;9@9=1,"1,2,3,4,6,8,9,7,5,0",45,39,0,39,0.0,0.0,0.0,0.0,0.0,0.0,0.0,0.0,"Feasible(status=11,gap=13.876511)"
1434,1433,0,0,0,-,0:4|8;1:5|7;2:5|7|8;3:5|6|8;4:7|9;5:0|1|8|9;6:8;7:0|3|4|5|6;8:3|4|5|8;9:0|7|8,0:-;1:-;2:-;3:-;4:-;5:-;6:-;7:-;8:-;9:-,0@1=1;0@2=1;0@9=1;1@9=2;1@5=1;1@6=1;2@1=2;2@4=1;2@7=1;3@1=1;3@5=1;3@7=2;4@1=1;4@2=2;4@9=1;4@5=1;4@6=2;4@0=1;4@3=2;5@1=1;5@2=2;5@7=1;6@1=1;6@2=2;6@9=1;7@2=1;7@7=1;8@2=2;8@0=1;9@1=1;9@4=1;9@7=1;9@8=1,"1,2,9,5,6,4,7,0,3,8",42,33,0,33,0.0,0.0,0.0,0.0,0.0,0.0,0.0,0.0,"Feasible(status=11,gap=13.876511)"
1435,1434,0,0,0,-,0:4|8;1:5|7;2:5|7|8;3:5|6|8;4:7|9;5:0|1|8|9;6:8;7:0|3|4|5|6;8:3|4|5|8;9:0|7|8,0:-;1:-;2:-;3:-;4:-;5:-;6:-;7:-;8:-;9:-,0@0=1;0@1=1;0@2=1;0@6=1;1@1=1;2@2=3;3@1=1;3@6=1;4@6=1;4@7=1;4@8=1;5@1=2;6@6=1;6@7=1;6@4=1;6@5=1;7@7=1;7@4=1;8@1=2;9@0=1;9@8=2;9@4=1;9@3=1;9@9=1,"0,1,2,6,7,8,4,5,3,9",29,24,0,24,0.0,0.0,0.0,0.0,0.0,0.0,0.0,0.0,"Feasible(status=11,gap=13.876511)"
1436,1435,0,0,0,-,0:4|8;1:5|7;2:5|7|8;3:5|6|8;4:7|9;5:0|1|8|9;6:8;7:0|3|4|5|6;8:3|4|5|8;9:0|7|8,0:-;1:-;2:-;3:-;4:-;5:-;6:-;7:-;8:-;9:-,0@4=2;0@6=2;0@8=2;1@2=2;2@4=1;2@6=1;2@2=2;2@0=1;2@1=2;3@6=1;3@2=1;3@5=2;4@5=1;4@7=1;4@9=1;5@7=2;5@9=2;6@0=1;7@4=1;8@4=2;8@6=2;8@8=1;8@2=1;8@1=1;8@3=1;9@5=2,"4,6,8,2,0,1,5,7,9,3",38,26,0,26,0.0,0.0,0.0,0.0,0.0,0.0,0.0,0.0,"Feasible(status=11,gap=13.876511)"
1437,1436,0,0,0,-,0:4|8;1:5|7;2:5|7|8;3:5|6|8;4:7|9;5:0|1|8|9;6:8;7:0|3|4|5|6;8:3|4|5|8;9:0|7|8,0:-;1:-;2:-;3:-;4:-;5:-;6:-;7:-;8:-;9:-,0@2=1;0@5=1;1@2=1;1@9=1;2@2=2;2@5=1;2@9=1;2@3=1;2@4=1;3@9=1;3@4=1;3@0=2;3@6=2;4@2=1;4@4=1;4@1=1;5@5=1;5@9=1;6@3=1;6@7=1;6@8=1;7@1=1;8@2=3;8@1=1;8@7=1;9@2=1;9@1=2;9@7=1;9@8=1,"2,5,9,3,4,0,6,1,7,8",35,29,0,29,0.0,0.0,0.0,0.0,0.0,0.0,0.0,0.0,"Feasible(status=11,gap=13.876511)"
1438,1437,0,0,0,-,0:4|8;1:5|7;2:5|7|8;3:5|6|8;4:7|9;5:0|1|8|9;6:8;7:0|3|4|5|6;8:3|4|5|8;9:0|7|8,0:-;1:-;2:-;3:-;4:-;5:-;6:-;7:-;8:-;9:-,0@2=3;0@4=1;0@8=1;1@2=2;1@8=1;1@0=1;1@6=1;2@6=1;2@7=2;2@9=2;3@4=1;3@1=2;4@2=2;4@7=1;4@1=1;5@2=1;5@4=2;5@7=2;5@9=1;5@3=1;6@4=1;6@8=1;7@4=1;8@0=1;8@3=1;9@4=1;9@0=1;9@1=1;9@5=1,"2,4,8,0,6,7,9,1,3,5",38,29,0,29,0.0,0.0,0.0,0.0,0.0,0.0,0.0,0.0,"Feasible(status=11,gap=13.876511)"
1439,1438,0,0,0,-,0:4|8;1:5|7;2:5|7|8;3:5|6|8;4:7|9;5:0|1|8|9;6:8;7:0|3|4|5|6;8:3|4|5|8;9:0|7|8,0:-;1:-;2:-;3:-;4:-;5:-;6:-;7:-;8:-;9:-,0@1=2;0@7=1;1@2=1;2@7=1;2@2=2;2@3=1;2@9=1;3@0=1;3@4=2;3@5=1;4@1=2;4@2=1;4@0=1;4@4=1;5@1=1;5@2=2;5@3=1;5@0=1;6@3=1;7@2=1;7@3=1;7@9=1;8@1=1;8@3=1;8@4=1;8@6=1;8@8=1;9@1=1;9@2=1;9@6=1;9@8=1,"1,7,2,3,9,0,4,5,6,8",36,31,0,31,0.0,0.0,0.0,0.0,0.0,0.0,0.0,0.0,"Feasible(status=11,gap=13.876511)"
1440,1439,0,0,0,-,0:4|8;1:5|7;2:5|7|8;3:5|6|8;4:7|9;5:0|1|8|9;6:8;7:0|3|4|5|6;8:3|4|5|8;9:0|7|8,0:-;1:-;2:-;3:-;4:-;5:-;6:-;7:-;8:-;9:-,0@6=1;0@8=1;1@0=1;1@2=2;1@4=1;1@7=1;2@8=1;2@4=1;2@5=1;3@0=1;3@2=2;3@5=1;3@1=1;3@3=1;4@0=1;4@2=2;4@4=3;4@1=1;5@8=1;5@4=1;5@1=1;6@0=1;6@2=1;6@4=1;6@7=1;6@1=1;6@3=1;7@4=1;7@7=1;8@8=1;8@0=1;8@4=1;8@1=2;9@5=1,"6,8,0,2,4,7,5,1,3",40,34,0,34,0.0,0.0,0.0,0.0,0.0,0.0,0.0,0.0,"Feasible(status=11,gap=13.876511)"
1441,1440,0,0,0,-,0:4|8;1:5|7;2:5|7|8;3:5|6|8;4:7|9;5:0|1|8|9;6:8;7:0|3|4|5|6;8:3|4|5|8;9:0|7|8,0:-;1:-;2:-;3:-;4:-;5:-;6:-;7:-;8:-;9:-,0@1=1;0@2=2;0@4=1;1@7=1;2@1=1;2@4=1;2@0=2;2@5=2;2@9=2;3@7=1;4@1=1;4@2=1;4@4=1;4@7=1;5@1=1;5@0=1;5@3=1;6@4=1;6@7=1;6@6=1;7@2=1;7@4=1;8@2=1;8@4=2;9@4=1,"1,2,4,7,0,5,9,3,6",30,25,0,25,0.0,0.0,0.0,0.0,0.0,0.0,0.0,0.0,"Feasible(status=11,gap=13.876511)"
1442,1441,0,0,0,-,0:4|8;1:5|7;2:5|7|8;3:5|6|8;4:7|9;5:0|1|8|9;6:8;7:0|3|4|5|6;8:3|4|5|8;9:0|7|8,0:-;1:-;2:-;3:-;4:-;5:-;6:-;7:-;8:-;9:-,0@4=1;0@9=1;1@9=1;1@0=1;2@2=1;2@5=1;3@4=1;3@9=1;3@0=1;3@5=1;4@4=5;4@3=2;4@8=1;5@3=1;5@1=1;6@4=1;8@9=1;8@2=1;8@3=1;8@6=3;9@0=1,"4,9,0,2,5,3,8,1,6",28,21,0,21,0.0,0.0,0.0,0.0,0.0,0.0,0.0,0.0,"Feasible(status=11,gap=13.876511)"
1443,1442,0,0,0,-,0:4|8;1:5|7;2:5|7|8;3:5|6|8;4:7|9;5:0|1|8|9;6:8;7:0|3|4|5|6;8:3|4|5|8;9:0|7|8,0:-;1:-;2:-;3:-;4:-;5:-;6:-;7:-;8:-;9:-,0@4=2;1@5=1;2@4=1;2@5=1;2@2=1;2@3=1;3@2=1;4@2=2;4@0=1;6@4=1;6@2=1;6@3=1;6@0=1;8@2=1;8@9=1;9@2=1;9@9=1;9@1=1,"4,5,2,3,0,9,1",20,18,0,18,0.0,0.0,0.0,0.0,0.0,0.0,0.0,0.0,"Feasible(status=11,gap=13.876511)"
1444,1443,0,0,0,-,0:4|8;1:5|7;2:5|7|8;3:5|6|8;4:7|9;5:0|1|8|9;6:8;7:0|3|4|5|6;8:3|4|5|8;9:0|7|8,0:-;1:-;2:-;3:-;4:-;5:-;6:-;7:-;8:-;9:-,0@2=1;2@0=1;3@2=1;4@2=1;5@2=1;5@0=1;8@5=1,"2,0,5",7,7,0,7,0.0,0.0,0.0,0.0,0.0,0.0,0.0,0.0,"Feasible(status=11,gap=13.876511)"
1445,1444,0,0,0,-,0:4|8;1:5|7;2:5|7|8;3:5|6|8;4:7|9;5:0|1|8|9;6:8;7:0|3|4|5|6;8:3|4|5|8;9:0|7|8,0:-;1:-;2:-;3:-;4:-;5:-;6:-;7:-;8:-;9:-,0@2=1;1@3=1;4@2=1;4@0=1;6@8=1;8@8=1;9@7=1,"2,3,0,8,7",7,7,0,7,0.0,0.0,0.0,0.0,0.0,0.0,0.0,0.0,"Feasible(status=11,gap=13.876511)"
1446,1445,0,0,0,-,0:4|8;1:5|7;2:5|7|8;3:5|6|8;4:7|9;5:0|1|8|9;6:8;7:0|3|4|5|6;8:3|4|5|8;9:0|7|8,0:-;1:-;2:-;3:-;4:-;5:-;6:-;7:-;8:-;9:-,0@1=1;0@5=1;0@6=1;1@5=1;1@0=1;1@2=1;2@0=1;3@4=3;3@8=1;4@0=1;4@2=2;4@4=1;5@2=1;5@3=1;5@7=1;6@1=1;6@5=1;6@2=1;6@4=1;6@7=1;7@1=2;7@2=1;8@5=1;8@2=1;8@4=1;9@2=1;9@4=1,"1,5,6,0,2,4,8,3,7",31,27,0,27,0.0,0.0,0.0,0.0,0.0,0.0,0.0,0.0,"Feasible(status=11,gap=13.876511)"
1447,1446,0,0,0,-,0:4|8;1:5|7;2:5|7|8;3:5|6|8;4:7|9;5:0|1|8|9;6:8;7:0|3|4|5|6;8:3|4|5|8;9:0|7|8,0:-;1:-;2:-;3:-;4:-;5:-;6:-;7:-;8:-;9:-,0@0=1;0@4=1;0@7=1;0@8=1;1@0=1;1@4=1;1@2=1;2@4=1;2@7=2;2@8=2;2@1=1;2@9=1;3@5=1;4@0=1;4@4=1;4@7=1;4@2=2;4@1=1;4@5=1;5@4=2;5@2=2;5@6=2;6@0=1;6@2=1;6@9=1;6@6=1;7@4=1;7@2=1;7@9=1;8@7=2;8@3=1,"0,4,7,8,2,1,9,5,6,3",38,31,0,31,0.0,0.0,0.0,0.0,0.0,0.0,0.0,0.0,"Feasible(status=11,gap=13.876511)"
1448,1447,0,0,0,-,0:4|8;1:5|7;2:5|7|8;3:5|6|8;4:7|9;5:0|1|8|9;6:8;7:0|3|4|5|6;8:3|4|5|8;9:0|7|8,0:-;1:-;2:-;3:-;4:-;5:-;6:-;7:-;8:-;9:-,0@1=1;0@5=1;0@7=2;0@9=1;2@1=1;2@5=1;2@9=1;2@2=2;2@3=2;3@1=2;3@2=1;3@4=1;4@1=3;5@1=1;5@9=1;5@2=1;5@3=1;5@6=1;6@1=1;6@3=1;6@4=1;6@0=1;6@8=1;7@7=1;7@2=1;7@6=2;7@0=2;8@1=1;8@5=2;8@7=1;8@2=1;8@3=1;8@4=2;8@0=1;9@2=2,"1,5,7,9,2,3,4,6,0,8",46,35,0,35,0.0,0.0,0.0,0.0,0.0,0.0,0.0,0.0,"Feasible(status=11,gap=13.876511)"
1449,1448,0,0,0,-,0:4|8;1:5|7;2:5|7|8;3:5|6|8;4:7|9;5:0|1|8|9;6:8;7:0|3|4|5|6;8:3|4|5|8;9:0|7|8,0:-;1:-;2:-;3:-;4:-;5:-;6:-;7:-;8:-;9:-,0@1=1;0@2=1;0@6=2;1@1=1;1@2=2;1@4=1;1@5=1;1@7=1;1@8=1;2@1=2;2@2=1;2@6=1;2@4=1;2@8=2;2@9=1;3@4=2;4@2=1;4@6=1;4@5=2;4@7=2;4@3=1;5@1=1;5@6=2;5@0=2;6@1=2;6@2=2;6@6=1;6@4=2;6@7=1;6@8=1;7@1=1;8@1=1;8@2=1;8@4=1;8@3=1;8@0=1;9@1=1;9@2=2;9@6=1;9@4=2;9@5=1;9@8=1;9@9=1,"1,2,6,4,5,7,8,9,3,0",57,43,0,43,0.0,0.0,0.0,0.0,0.0,0.0,0.0,0.0,"Feasible(status=11,gap=13.876511)"
1450,1449,0,0,0,-,0:4|8;1:5|7;2:5|7|8;3:5|6|8;4:7|9;5:0|1|8|9;6:8;7:0|3|4|5|6;8:3|4|5|8;9:0|7|8,0:-;1:-;2:-;3:-;4:-;5:-;6:-;7:-;8:-;9:-,0@3=3;0@4=1;1@1=2;1@2=1;2@1=2;2@2=3;2@8=1;2@9=1;3@2=1;3@9=1;3@0=1;4@4=1;4@2=1;4@8=2;4@5=1;4@6=1;5@4=1;5@1=1;5@2=1;5@8=1;5@6=1;6@3=1;6@4=1;6@2=1;6@9=1;6@0=1;7@4=1;7@1=1;8@1=1;8@9=1;8@0=1;8@5=1;9@4=2;9@1=1;9@2=1;9@8=1;9@7=2,"3,4,1,2,8,9,0,5,6,7",46,37,0,37,0.0,0.0,0.0,0.0,0.0,0.0,0.0,0.0,"Feasible(status=11,gap=13.876511)"
1451,1450,0,0,0,-,0:4|8;1:5|7;2:5|7|8;3:5|6|8;4:7|9;5:0|1|8|9;6:8;7:0|3|4|5|6;8:3|4|5|8;9:0|7|8,0:-;1:-;2:-;3:-;4:-;5:-;6:-;7:-;8:-;9:-,0@6=1;1@8=1;2@1=1;2@2=1;2@4=1;3@1=1;3@4=1;3@3=1;4@1=1;4@0=1;4@7=1;5@1=1;6@3=1;8@1=1;8@2=1;8@4=1;8@9=1;9@1=3;9@3=1;9@7=2;9@9=1,"6,8,1,2,4,3,0,7,9",24,21,0,21,0.0,0.0,0.0,0.0,0.0,0.0,0.0,0.0,"Feasible(status=11,gap=13.876511)"
